event,accuracy_eval,objective,error,accuracy,flops_norm,flops,params,score,elapsed_sec,params_json
1,1,both,0.8999999985098839,0.10000000149011612,0.16543906666666666,24815860.0,515066.0,-0.3203682810430813,205.2326,"{""activation"": ""relu"", ""batch_size"": 32, ""data_augmentation"": true, ""dr_f"": 0.414100625387, ""learning_rate"": 0.000913492427, ""new_fc_1"": 17, ""new_fc_10"": 1, ""new_fc_2"": 3, ""new_fc_3"": 26, ""new_fc_4"": 15, ""new_fc_5"": 24, ""new_fc_6"": 20, ""new_fc_7"": 21, ""new_fc_8"": 12, ""new_fc_9"": 8, ""num_neurons"": 8, ""optimizer"": ""Adam"", ""reg_l2"": true, ""skip_connection"": false, ""unit_c1"": 3, ""unit_c2"": 5}"
2,2,both,0.45069998502731323,0.5493000149726868,0.12461128,18691692.0,690786.0,-0.6471266264808807,529.2121,"{""activation"": ""selu"", ""batch_size"": 64, ""data_augmentation"": false, ""dr_f"": 0.400985795416, ""learning_rate"": 0.000152496678, ""new_fc_1"": 31, ""new_fc_10"": 24, ""new_fc_2"": 15, ""new_fc_3"": 7, ""new_fc_4"": 29, ""new_fc_5"": 11, ""new_fc_6"": 25, ""new_fc_7"": 26, ""new_fc_8"": 31, ""new_fc_9"": 31, ""num_neurons"": 8, ""optimizer"": ""Adam"", ""reg_l2"": true, ""skip_connection"": false, ""unit_c1"": 3, ""unit_c2"": 3}"
3,3,both,0.8999999985098839,0.10000000149011612,0.15913389333333333,23870084.0,463034.0,-0.3222598330430813,673.341,"{""activation"": ""swish"", ""batch_size"": 64, ""data_augmentation"": true, ""dr_f"": 0.231049763781, ""learning_rate"": 0.000939405318, ""new_fc_1"": 10, ""new_fc_10"": 25, ""new_fc_2"": 19, ""new_fc_3"": 13, ""new_fc_4"": 9, ""new_fc_5"": 16, ""new_fc_6"": 1, ""new_fc_7"": 30, ""new_fc_8"": 12, ""new_fc_9"": 0, ""num_neurons"": 8, ""optimizer"": ""Adamax"", ""reg_l2"": true, ""skip_connection"": false, ""unit_c1"": 1, ""unit_c2"": 8}"
4,4,both,10000000000.0,,4.63085864,694628796.0,20044042.0,10000000000.0,674.3352,"{""activation"": ""selu"", ""batch_size"": 64, ""data_augmentation"": false, ""dr_f"": 0.115092027314, ""learning_rate"": 0.00032669675, ""new_fc_1"": 7, ""new_fc_10"": 21, ""new_fc_2"": 16, ""new_fc_3"": 9, ""new_fc_4"": 17, ""new_fc_5"": 6, ""new_fc_6"": 27, ""new_fc_7"": 21, ""new_fc_8"": 13, ""new_fc_9"": 25, ""num_neurons"": 64, ""optimizer"": ""SGD"", ""reg_l2"": true, ""skip_connection"": true, ""unit_c1"": 1, ""unit_c2"": 5}"
5,5,both,0.24129998683929443,0.7587000131607056,0.26275965333333334,39413948.0,4413738.0,-0.7522621132124938,1598.9092,"{""activation"": ""swish"", ""batch_size"": 16, ""data_augmentation"": false, ""dr_f"": 0.276471805307, ""learning_rate"": 0.000277105123, ""new_fc_1"": 22, ""new_fc_10"": 27, ""new_fc_2"": 17, ""new_fc_3"": 2, ""new_fc_4"": 16, ""new_fc_5"": 17, ""new_fc_6"": 20, ""new_fc_7"": 3, ""new_fc_8"": 32, ""new_fc_9"": 28, ""num_neurons"": 32, ""optimizer"": ""Adamax"", ""reg_l2"": false, ""skip_connection"": true, ""unit_c1"": 1, ""unit_c2"": 1}"
6,6,both,10000000000.0,,2.67200424,400800636.0,17601610.0,10000000000.0,1599.7434,"{""activation"": ""elu"", ""batch_size"": 16, ""data_augmentation"": false, ""dr_f"": 0.468762334788, ""learning_rate"": 0.000849791766, ""new_fc_1"": 29, ""new_fc_10"": 28, ""new_fc_2"": 20, ""new_fc_3"": 1, ""new_fc_4"": 25, ""new_fc_5"": 13, ""new_fc_6"": 24, ""new_fc_7"": 17, ""new_fc_8"": 28, ""new_fc_9"": 4, ""num_neurons"": 64, ""optimizer"": ""Adamax"", ""reg_l2"": true, ""skip_connection"": false, ""unit_c1"": 2, ""unit_c2"": 1}"
7,7,both,0.8044999986886978,0.19550000131130219,0.98932776,148399164.0,15802442.0,-0.1400516729179115,1864.2245,"{""activation"": ""relu"", ""batch_size"": 32, ""data_augmentation"": false, ""dr_f"": 0.077739628914, ""learning_rate"": 0.000501055274, ""new_fc_1"": 11, ""new_fc_10"": 11, ""new_fc_2"": 3, ""new_fc_3"": 24, ""new_fc_4"": 13, ""new_fc_5"": 26, ""new_fc_6"": 12, ""new_fc_7"": 27, ""new_fc_8"": 28, ""new_fc_9"": 25, ""num_neurons"": 64, ""optimizer"": ""SGD"", ""reg_l2"": true, ""skip_connection"": false, ""unit_c1"": 1, ""unit_c2"": 1}"
8,8,both,0.3537999987602234,0.6462000012397766,0.007639706666666667,1145956.0,86006.0,-0.7500480888678436,2127.9819,"{""activation"": ""elu"", ""batch_size"": 64, ""data_augmentation"": true, ""dr_f"": 0.189747064136, ""learning_rate"": 0.000724734475, ""new_fc_1"": 16, ""new_fc_10"": 18, ""new_fc_2"": 17, ""new_fc_3"": 15, ""new_fc_4"": 5, ""new_fc_5"": 8, ""new_fc_6"": 25, ""new_fc_7"": 32, ""new_fc_8"": 24, ""new_fc_9"": 18, ""num_neurons"": 4, ""optimizer"": ""Adamax"", ""reg_l2"": false, ""skip_connection"": false, ""unit_c1"": 1, ""unit_c2"": 2}"
9,9,both,0.30470001697540283,0.6952999830245972,0.4071977333333333,61079660.0,1445034.0,-0.664550668117218,2331.8983,"{""activation"": ""selu"", ""batch_size"": 64, ""data_augmentation"": false, ""dr_f"": 0.189131235097, ""learning_rate"": 0.000331469668, ""new_fc_1"": 30, ""new_fc_10"": 21, ""new_fc_2"": 3, ""new_fc_3"": 10, ""new_fc_4"": 18, ""new_fc_5"": 4, ""new_fc_6"": 31, ""new_fc_7"": 13, ""new_fc_8"": 15, ""new_fc_9"": 14, ""num_neurons"": 16, ""optimizer"": ""Adamax"", ""reg_l2"": false, ""skip_connection"": true, ""unit_c1"": 3, ""unit_c2"": 2}"
10,10,both,0.8999999985098839,0.10000000149011612,0.6398841333333334,95982620.0,1352106.0,-0.17803476104308125,2716.0927,"{""activation"": ""relu"", ""batch_size"": 16, ""data_augmentation"": true, ""dr_f"": 0.289285957199, ""learning_rate"": 0.000308088131, ""new_fc_1"": 28, ""new_fc_10"": 6, ""new_fc_2"": 14, ""new_fc_3"": 30, ""new_fc_4"": 2, ""new_fc_5"": 6, ""new_fc_6"": 9, ""new_fc_7"": 8, ""new_fc_8"": 10, ""new_fc_9"": 21, ""num_neurons"": 16, ""optimizer"": ""Adagrad"", ""reg_l2"": true, ""skip_connection"": false, ""unit_c1"": 4, ""unit_c2"": 2}"
11,10,flops,,,12.36079784,1854119676.0,54612490.0,,2719.0877,"{""activation"": ""elu"", ""batch_size"": 16, ""data_augmentation"": false, ""dr_f"": 0.251158364222, ""learning_rate"": 0.000535223898, ""new_fc_1"": 27, ""new_fc_10"": 4, ""new_fc_2"": 2, ""new_fc_3"": 25, ""new_fc_4"": 27, ""new_fc_5"": 18, ""new_fc_6"": 30, ""new_fc_7"": 5, ""new_fc_8"": 16, ""new_fc_9"": 17, ""num_neurons"": 64, ""optimizer"": ""Adam"", ""reg_l2"": true, ""skip_connection"": true, ""unit_c1"": 3, ""unit_c2"": 6}"
12,10,flops,,,0.35227645333333335,52841468.0,1266474.0,,2720.1246,"{""activation"": ""selu"", ""batch_size"": 16, ""data_augmentation"": true, ""dr_f"": 0.282526067173, ""learning_rate"": 0.000594317584, ""new_fc_1"": 0, ""new_fc_10"": 20, ""new_fc_2"": 12, ""new_fc_3"": 1, ""new_fc_4"": 21, ""new_fc_5"": 15, ""new_fc_6"": 9, ""new_fc_7"": 26, ""new_fc_8"": 4, ""new_fc_9"": 32, ""num_neurons"": 16, ""optimizer"": ""Adadelta"", ""reg_l2"": false, ""skip_connection"": true, ""unit_c1"": 2, ""unit_c2"": 4}"
13,10,flops,,,0.34913192,52369788.0,712554.0,,2721.1777,"{""activation"": ""swish"", ""batch_size"": 8, ""data_augmentation"": true, ""dr_f"": 0.49001933037, ""learning_rate"": 0.000297592573, ""new_fc_1"": 22, ""new_fc_10"": 14, ""new_fc_2"": 11, ""new_fc_3"": 21, ""new_fc_4"": 6, ""new_fc_5"": 0, ""new_fc_6"": 3, ""new_fc_7"": 6, ""new_fc_8"": 17, ""new_fc_9"": 16, ""num_neurons"": 16, ""optimizer"": ""Adam"", ""reg_l2"": false, ""skip_connection"": true, ""unit_c1"": 3, ""unit_c2"": 1}"
14,10,flops,,,11.748139066666667,1762220860.0,28346698.0,,2723.0481,"{""activation"": ""relu"", ""batch_size"": 64, ""data_augmentation"": false, ""dr_f"": 0.498745786255, ""learning_rate"": 0.000790650713, ""new_fc_1"": 11, ""new_fc_10"": 17, ""new_fc_2"": 16, ""new_fc_3"": 13, ""new_fc_4"": 20, ""new_fc_5"": 0, ""new_fc_6"": 20, ""new_fc_7"": 24, ""new_fc_8"": 2, ""new_fc_9"": 29, ""num_neurons"": 64, ""optimizer"": ""Adamax"", ""reg_l2"": true, ""skip_connection"": false, ""unit_c1"": 3, ""unit_c2"": 6}"
15,10,flops,,,0.3898946933333333,58484204.0,1225898.0,,2724.0532,"{""activation"": ""selu"", ""batch_size"": 8, ""data_augmentation"": true, ""dr_f"": 0.342439648005, ""learning_rate"": 0.000561801981, ""new_fc_1"": 2, ""new_fc_10"": 26, ""new_fc_2"": 10, ""new_fc_3"": 20, ""new_fc_4"": 31, ""new_fc_5"": 21, ""new_fc_6"": 30, ""new_fc_7"": 22, ""new_fc_8"": 0, ""new_fc_9"": 17, ""num_neurons"": 16, ""optimizer"": ""SGD"", ""reg_l2"": true, ""skip_connection"": true, ""unit_c1"": 1, ""unit_c2"": 6}"
16,11,accuracy,10000000000.0,,11.748139066666667,1762220860.0,28346698.0,10000000000.0,2725.9636,"{""activation"": ""relu"", ""batch_size"": 64, ""data_augmentation"": false, ""dr_f"": 0.498745786255, ""learning_rate"": 0.000790650713, ""new_fc_1"": 11, ""new_fc_10"": 17, ""new_fc_2"": 16, ""new_fc_3"": 13, ""new_fc_4"": 20, ""new_fc_5"": 0, ""new_fc_6"": 20, ""new_fc_7"": 24, ""new_fc_8"": 2, ""new_fc_9"": 29, ""num_neurons"": 64, ""optimizer"": ""Adamax"", ""reg_l2"": true, ""skip_connection"": false, ""unit_c1"": 3, ""unit_c2"": 6}"
17,12,accuracy,0.28390002250671387,0.7160999774932861,0.04284472,6426708.0,589594.0,-0.7884165682453002,2870.6731,"{""activation"": ""swish"", ""batch_size"": 64, ""data_augmentation"": true, ""dr_f"": 0.072088470134, ""learning_rate"": 0.000735150507, ""new_fc_1"": 27, ""new_fc_10"": 25, ""new_fc_2"": 14, ""new_fc_3"": 29, ""new_fc_4"": 19, ""new_fc_5"": 18, ""new_fc_6"": 3, ""new_fc_7"": 24, ""new_fc_8"": 29, ""new_fc_9"": 25, ""num_neurons"": 8, ""optimizer"": ""Adam"", ""reg_l2"": false, ""skip_connection"": false, ""unit_c1"": 1, ""unit_c2"": 3}"
18,13,accuracy,0.24900001287460327,0.7509999871253967,0.34913192,52369788.0,712554.0,-0.7209604149877776,4515.5176,"{""activation"": ""swish"", ""batch_size"": 8, ""data_augmentation"": true, ""dr_f"": 0.49001933037, ""learning_rate"": 0.000297592573, ""new_fc_1"": 22, ""new_fc_10"": 14, ""new_fc_2"": 11, ""new_fc_3"": 21, ""new_fc_4"": 6, ""new_fc_5"": 0, ""new_fc_6"": 3, ""new_fc_7"": 6, ""new_fc_8"": 17, ""new_fc_9"": 16, ""num_neurons"": 16, ""optimizer"": ""Adam"", ""reg_l2"": false, ""skip_connection"": true, ""unit_c1"": 3, ""unit_c2"": 1}"
19,14,accuracy,0.5376000106334686,0.46239998936653137,0.35227645333333335,52841468.0,1266474.0,-0.5179970565565719,5560.0794,"{""activation"": ""selu"", ""batch_size"": 16, ""data_augmentation"": true, ""dr_f"": 0.282526067173, ""learning_rate"": 0.000594317584, ""new_fc_1"": 0, ""new_fc_10"": 20, ""new_fc_2"": 12, ""new_fc_3"": 1, ""new_fc_4"": 21, ""new_fc_5"": 15, ""new_fc_6"": 9, ""new_fc_7"": 26, ""new_fc_8"": 4, ""new_fc_9"": 32, ""num_neurons"": 16, ""optimizer"": ""Adadelta"", ""reg_l2"": false, ""skip_connection"": true, ""unit_c1"": 2, ""unit_c2"": 4}"
20,15,accuracy,0.3866000175476074,0.6133999824523926,0.3898946933333333,58484204.0,1225898.0,-0.6124115797166748,7084.7942,"{""activation"": ""selu"", ""batch_size"": 8, ""data_augmentation"": true, ""dr_f"": 0.342439648005, ""learning_rate"": 0.000561801981, ""new_fc_1"": 2, ""new_fc_10"": 26, ""new_fc_2"": 10, ""new_fc_3"": 20, ""new_fc_4"": 31, ""new_fc_5"": 21, ""new_fc_6"": 30, ""new_fc_7"": 22, ""new_fc_8"": 0, ""new_fc_9"": 17, ""num_neurons"": 16, ""optimizer"": ""SGD"", ""reg_l2"": true, ""skip_connection"": true, ""unit_c1"": 1, ""unit_c2"": 6}"
21,15,flops,,,0.7402219466666666,111033292.0,2368010.0,,7085.8796,"{""activation"": ""swish"", ""batch_size"": 64, ""data_augmentation"": false, ""dr_f"": 0.359081125928, ""learning_rate"": 0.000699770169, ""new_fc_1"": 29, ""new_fc_10"": 8, ""new_fc_2"": 30, ""new_fc_3"": 29, ""new_fc_4"": 20, ""new_fc_5"": 31, ""new_fc_6"": 2, ""new_fc_7"": 7, ""new_fc_8"": 8, ""new_fc_9"": 15, ""num_neurons"": 16, ""optimizer"": ""Adam"", ""reg_l2"": true, ""skip_connection"": true, ""unit_c1"": 4, ""unit_c2"": 3}"
22,16,accuracy,0.8999999985098839,0.10000000149011612,0.7402219466666666,111033292.0,2368010.0,-0.14793341704308127,7230.777,"{""activation"": ""swish"", ""batch_size"": 64, ""data_augmentation"": false, ""dr_f"": 0.359081125928, ""learning_rate"": 0.000699770169, ""new_fc_1"": 29, ""new_fc_10"": 8, ""new_fc_2"": 30, ""new_fc_3"": 29, ""new_fc_4"": 20, ""new_fc_5"": 31, ""new_fc_6"": 2, ""new_fc_7"": 7, ""new_fc_8"": 8, ""new_fc_9"": 15, ""num_neurons"": 16, ""optimizer"": ""Adam"", ""reg_l2"": true, ""skip_connection"": true, ""unit_c1"": 4, ""unit_c2"": 3}"
23,16,flops,,,0.40662333333333334,60993500.0,5909706.0,,7232.0005,"{""activation"": ""swish"", ""batch_size"": 8, ""data_augmentation"": true, ""dr_f"": 0.22254850293, ""learning_rate"": 0.000753894187, ""new_fc_1"": 20, ""new_fc_10"": 21, ""new_fc_2"": 19, ""new_fc_3"": 29, ""new_fc_4"": 26, ""new_fc_5"": 22, ""new_fc_6"": 28, ""new_fc_7"": 4, ""new_fc_8"": 5, ""new_fc_9"": 5, ""num_neurons"": 32, ""optimizer"": ""Adamax"", ""reg_l2"": false, ""skip_connection"": false, ""unit_c1"": 1, ""unit_c2"": 2}"
24,17,accuracy,0.28450000286102295,0.715499997138977,0.40662333333333334,60993500.0,5909706.0,-0.6788629979972839,8937.2626,"{""activation"": ""swish"", ""batch_size"": 8, ""data_augmentation"": true, ""dr_f"": 0.22254850293, ""learning_rate"": 0.000753894187, ""new_fc_1"": 20, ""new_fc_10"": 21, ""new_fc_2"": 19, ""new_fc_3"": 29, ""new_fc_4"": 26, ""new_fc_5"": 22, ""new_fc_6"": 28, ""new_fc_7"": 4, ""new_fc_8"": 5, ""new_fc_9"": 5, ""num_neurons"": 32, ""optimizer"": ""Adamax"", ""reg_l2"": false, ""skip_connection"": false, ""unit_c1"": 1, ""unit_c2"": 2}"
25,17,flops,,,0.21346146666666665,32019220.0,1068978.0,,8938.2586,"{""activation"": ""selu"", ""batch_size"": 32, ""data_augmentation"": false, ""dr_f"": 0.234724532147, ""learning_rate"": 0.00064440024, ""new_fc_1"": 27, ""new_fc_10"": 24, ""new_fc_2"": 13, ""new_fc_3"": 7, ""new_fc_4"": 15, ""new_fc_5"": 17, ""new_fc_6"": 25, ""new_fc_7"": 19, ""new_fc_8"": 8, ""new_fc_9"": 0, ""num_neurons"": 8, ""optimizer"": ""Adam"", ""reg_l2"": false, ""skip_connection"": true, ""unit_c1"": 2, ""unit_c2"": 8}"
26,17,flops,,,5.3548548,803228220.0,12386698.0,,8939.6878,"{""activation"": ""selu"", ""batch_size"": 32, ""data_augmentation"": true, ""dr_f"": 0.225672122741, ""learning_rate"": 0.000876946986, ""new_fc_1"": 18, ""new_fc_10"": 16, ""new_fc_2"": 22, ""new_fc_3"": 17, ""new_fc_4"": 22, ""new_fc_5"": 9, ""new_fc_6"": 1, ""new_fc_7"": 15, ""new_fc_8"": 4, ""new_fc_9"": 20, ""num_neurons"": 32, ""optimizer"": ""Adamax"", ""reg_l2"": true, ""skip_connection"": true, ""unit_c1"": 4, ""unit_c2"": 8}"
27,18,accuracy,0.27069997787475586,0.7293000221252441,0.21346146666666665,32019220.0,1068978.0,-0.7464715754876708,9204.0948,"{""activation"": ""selu"", ""batch_size"": 32, ""data_augmentation"": false, ""dr_f"": 0.234724532147, ""learning_rate"": 0.00064440024, ""new_fc_1"": 27, ""new_fc_10"": 24, ""new_fc_2"": 13, ""new_fc_3"": 7, ""new_fc_4"": 15, ""new_fc_5"": 17, ""new_fc_6"": 25, ""new_fc_7"": 19, ""new_fc_8"": 8, ""new_fc_9"": 0, ""num_neurons"": 8, ""optimizer"": ""Adam"", ""reg_l2"": false, ""skip_connection"": true, ""unit_c1"": 2, ""unit_c2"": 8}"
28,18,flops,,,10.35500328,1553250492.0,55491402.0,,9207.091,"{""activation"": ""elu"", ""batch_size"": 8, ""data_augmentation"": false, ""dr_f"": 0.151391387387, ""learning_rate"": 0.000685507333, ""new_fc_1"": 32, ""new_fc_10"": 15, ""new_fc_2"": 25, ""new_fc_3"": 24, ""new_fc_4"": 23, ""new_fc_5"": 6, ""new_fc_6"": 23, ""new_fc_7"": 13, ""new_fc_8"": 18, ""new_fc_9"": 3, ""num_neurons"": 64, ""optimizer"": ""Adamax"", ""reg_l2"": false, ""skip_connection"": false, ""unit_c1"": 3, ""unit_c2"": 5}"
29,18,flops,,,1.3461522933333334,201922844.0,2716010.0,,9208.1582,"{""activation"": ""relu"", ""batch_size"": 8, ""data_augmentation"": true, ""dr_f"": 0.239051712459, ""learning_rate"": 0.000141308109, ""new_fc_1"": 14, ""new_fc_10"": 13, ""new_fc_2"": 0, ""new_fc_3"": 3, ""new_fc_4"": 9, ""new_fc_5"": 30, ""new_fc_6"": 17, ""new_fc_7"": 26, ""new_fc_8"": 3, ""new_fc_9"": 16, ""num_neurons"": 32, ""optimizer"": ""SGD"", ""reg_l2"": true, ""skip_connection"": true, ""unit_c1"": 3, ""unit_c2"": 1}"
30,19,accuracy,10000000000.0,,1.3461522933333334,201922844.0,2716010.0,10000000000.0,9209.1815,"{""activation"": ""relu"", ""batch_size"": 8, ""data_augmentation"": true, ""dr_f"": 0.239051712459, ""learning_rate"": 0.000141308109, ""new_fc_1"": 14, ""new_fc_10"": 13, ""new_fc_2"": 0, ""new_fc_3"": 3, ""new_fc_4"": 9, ""new_fc_5"": 30, ""new_fc_6"": 17, ""new_fc_7"": 26, ""new_fc_8"": 3, ""new_fc_9"": 16, ""num_neurons"": 32, ""optimizer"": ""SGD"", ""reg_l2"": true, ""skip_connection"": true, ""unit_c1"": 3, ""unit_c2"": 1}"
31,19,flops,,,3.3452603466666666,501789052.0,21069386.0,,9210.8701,"{""activation"": ""selu"", ""batch_size"": 8, ""data_augmentation"": true, ""dr_f"": 0.244264489613, ""learning_rate"": 0.000725199876, ""new_fc_1"": 14, ""new_fc_10"": 1, ""new_fc_2"": 26, ""new_fc_3"": 20, ""new_fc_4"": 9, ""new_fc_5"": 14, ""new_fc_6"": 19, ""new_fc_7"": 25, ""new_fc_8"": 28, ""new_fc_9"": 21, ""num_neurons"": 64, ""optimizer"": ""SGD"", ""reg_l2"": true, ""skip_connection"": false, ""unit_c1"": 2, ""unit_c2"": 2}"
32,19,flops,,,8.2777412,1241661180.0,12522762.0,,9212.2783,"{""activation"": ""elu"", ""batch_size"": 64, ""data_augmentation"": true, ""dr_f"": 0.400659293921, ""learning_rate"": 0.000351673833, ""new_fc_1"": 6, ""new_fc_10"": 7, ""new_fc_2"": 6, ""new_fc_3"": 22, ""new_fc_4"": 1, ""new_fc_5"": 30, ""new_fc_6"": 29, ""new_fc_7"": 1, ""new_fc_8"": 1, ""new_fc_9"": 8, ""num_neurons"": 64, ""optimizer"": ""Adagrad"", ""reg_l2"": false, ""skip_connection"": false, ""unit_c1"": 3, ""unit_c2"": 4}"
33,19,flops,,,8.439028026666668,1265854204.0,13366986.0,,9213.6246,"{""activation"": ""swish"", ""batch_size"": 16, ""data_augmentation"": true, ""dr_f"": 0.068045172387, ""learning_rate"": 0.000846914711, ""new_fc_1"": 3, ""new_fc_10"": 25, ""new_fc_2"": 10, ""new_fc_3"": 6, ""new_fc_4"": 28, ""new_fc_5"": 14, ""new_fc_6"": 12, ""new_fc_7"": 2, ""new_fc_8"": 27, ""new_fc_9"": 14, ""num_neurons"": 64, ""optimizer"": ""Adamax"", ""reg_l2"": true, ""skip_connection"": true, ""unit_c1"": 2, ""unit_c2"": 6}"
34,19,flops,,,0.055164293333333336,8274644.0,259450.0,,9214.4115,"{""activation"": ""selu"", ""batch_size"": 16, ""data_augmentation"": true, ""dr_f"": 0.131334119919, ""learning_rate"": 0.000170279174, ""new_fc_1"": 6, ""new_fc_10"": 29, ""new_fc_2"": 1, ""new_fc_3"": 17, ""new_fc_4"": 24, ""new_fc_5"": 20, ""new_fc_6"": 15, ""new_fc_7"": 28, ""new_fc_8"": 9, ""new_fc_9"": 10, ""num_neurons"": 8, ""optimizer"": ""Adadelta"", ""reg_l2"": true, ""skip_connection"": true, ""unit_c1"": 1, ""unit_c2"": 4}"
35,19,flops,,,2.2742389066666666,341135836.0,4228906.0,,9215.2005,"{""activation"": ""selu"", ""batch_size"": 16, ""data_augmentation"": false, ""dr_f"": 0.426416601405, ""learning_rate"": 0.000697272437, ""new_fc_1"": 23, ""new_fc_10"": 17, ""new_fc_2"": 7, ""new_fc_3"": 27, ""new_fc_4"": 2, ""new_fc_5"": 25, ""new_fc_6"": 32, ""new_fc_7"": 8, ""new_fc_8"": 28, ""new_fc_9"": 16, ""num_neurons"": 32, ""optimizer"": ""Adadelta"", ""reg_l2"": true, ""skip_connection"": false, ""unit_c1"": 4, ""unit_c2"": 1}"
36,20,accuracy,0.878200002014637,0.121799997985363,0.12894461333333335,19341692.0,555842.0,-0.34657661458975403,9539.4732,"{""activation"": ""swish"", ""batch_size"": 32, ""data_augmentation"": true, ""dr_f"": 0.155412318439, ""learning_rate"": 0.00039329086, ""new_fc_1"": 10, ""new_fc_10"": 10, ""new_fc_2"": 23, ""new_fc_3"": 32, ""new_fc_4"": 18, ""new_fc_5"": 27, ""new_fc_6"": 22, ""new_fc_7"": 19, ""new_fc_8"": 30, ""new_fc_9"": 1, ""num_neurons"": 8, ""optimizer"": ""Adagrad"", ""reg_l2"": false, ""skip_connection"": false, ""unit_c1"": 1, ""unit_c2"": 7}"
37,20,flops,,,0.005380026666666667,807004.0,37190.0,,9540.2448,"{""activation"": ""swish"", ""batch_size"": 16, ""data_augmentation"": false, ""dr_f"": 0.221848279332, ""learning_rate"": 0.000672206691, ""new_fc_1"": 14, ""new_fc_10"": 28, ""new_fc_2"": 7, ""new_fc_3"": 6, ""new_fc_4"": 24, ""new_fc_5"": 18, ""new_fc_6"": 8, ""new_fc_7"": 13, ""new_fc_8"": 15, ""new_fc_9"": 3, ""num_neurons"": 4, ""optimizer"": ""Adam"", ""reg_l2"": true, ""skip_connection"": true, ""unit_c1"": 1, ""unit_c2"": 1}"
38,20,flops,,,1.78233256,267349884.0,11786186.0,,9541.3591,"{""activation"": ""selu"", ""batch_size"": 64, ""data_augmentation"": false, ""dr_f"": 0.2144391624, ""learning_rate"": 0.000743914265, ""new_fc_1"": 26, ""new_fc_10"": 32, ""new_fc_2"": 13, ""new_fc_3"": 4, ""new_fc_4"": 3, ""new_fc_5"": 29, ""new_fc_6"": 32, ""new_fc_7"": 14, ""new_fc_8"": 20, ""new_fc_9"": 13, ""num_neurons"": 32, ""optimizer"": ""Adagrad"", ""reg_l2"": true, ""skip_connection"": false, ""unit_c1"": 2, ""unit_c2"": 5}"
39,20,flops,,,0.22161202666666666,33241804.0,1413786.0,,9542.1142,"{""activation"": ""elu"", ""batch_size"": 64, ""data_augmentation"": true, ""dr_f"": 0.208123085741, ""learning_rate"": 0.00042380822, ""new_fc_1"": 24, ""new_fc_10"": 31, ""new_fc_2"": 32, ""new_fc_3"": 27, ""new_fc_4"": 11, ""new_fc_5"": 5, ""new_fc_6"": 9, ""new_fc_7"": 12, ""new_fc_8"": 1, ""new_fc_9"": 5, ""num_neurons"": 16, ""optimizer"": ""SGD"", ""reg_l2"": true, ""skip_connection"": true, ""unit_c1"": 2, ""unit_c2"": 2}"
40,20,flops,,,0.7808897866666666,117133468.0,1156458.0,,9542.8737,"{""activation"": ""relu"", ""batch_size"": 32, ""data_augmentation"": true, ""dr_f"": 0.269574415002, ""learning_rate"": 0.000738645775, ""new_fc_1"": 3, ""new_fc_10"": 17, ""new_fc_2"": 29, ""new_fc_3"": 19, ""new_fc_4"": 28, ""new_fc_5"": 19, ""new_fc_6"": 15, ""new_fc_7"": 8, ""new_fc_8"": 6, ""new_fc_9"": 2, ""num_neurons"": 16, ""optimizer"": ""SGD"", ""reg_l2"": true, ""skip_connection"": false, ""unit_c1"": 2, ""unit_c2"": 8}"
41,20,flops,,,0.019941733333333333,2991260.0,355042.0,,9543.9834,"{""activation"": ""swish"", ""batch_size"": 64, ""data_augmentation"": false, ""dr_f"": 0.145389433159, ""learning_rate"": 0.000678433679, ""new_fc_1"": 26, ""new_fc_10"": 0, ""new_fc_2"": 27, ""new_fc_3"": 16, ""new_fc_4"": 11, ""new_fc_5"": 4, ""new_fc_6"": 29, ""new_fc_7"": 27, ""new_fc_8"": 28, ""new_fc_9"": 28, ""num_neurons"": 8, ""optimizer"": ""Adam"", ""reg_l2"": false, ""skip_connection"": false, ""unit_c1"": 1, ""unit_c2"": 1}"
42,21,accuracy,10000000000.0,,3.3452603466666666,501789052.0,21069386.0,10000000000.0,9545.4366,"{""activation"": ""selu"", ""batch_size"": 8, ""data_augmentation"": true, ""dr_f"": 0.244264489613, ""learning_rate"": 0.000725199876, ""new_fc_1"": 14, ""new_fc_10"": 1, ""new_fc_2"": 26, ""new_fc_3"": 20, ""new_fc_4"": 9, ""new_fc_5"": 14, ""new_fc_6"": 19, ""new_fc_7"": 25, ""new_fc_8"": 28, ""new_fc_9"": 21, ""num_neurons"": 64, ""optimizer"": ""SGD"", ""reg_l2"": true, ""skip_connection"": false, ""unit_c1"": 2, ""unit_c2"": 2}"
43,21,flops,,,0.26714232,40071348.0,844162.0,,9546.2078,"{""activation"": ""selu"", ""batch_size"": 32, ""data_augmentation"": true, ""dr_f"": 0.458108861955, ""learning_rate"": 0.000394031121, ""new_fc_1"": 28, ""new_fc_10"": 4, ""new_fc_2"": 20, ""new_fc_3"": 11, ""new_fc_4"": 7, ""new_fc_5"": 11, ""new_fc_6"": 30, ""new_fc_7"": 8, ""new_fc_8"": 5, ""new_fc_9"": 19, ""num_neurons"": 8, ""optimizer"": ""Adagrad"", ""reg_l2"": true, ""skip_connection"": false, ""unit_c1"": 4, ""unit_c2"": 6}"
44,21,flops,,,0.07025394666666666,10538092.0,1221834.0,,9547.0173,"{""activation"": ""swish"", ""batch_size"": 64, ""data_augmentation"": true, ""dr_f"": 0.138465869577, ""learning_rate"": 0.000750939697, ""new_fc_1"": 27, ""new_fc_10"": 26, ""new_fc_2"": 20, ""new_fc_3"": 20, ""new_fc_4"": 31, ""new_fc_5"": 11, ""new_fc_6"": 23, ""new_fc_7"": 5, ""new_fc_8"": 27, ""new_fc_9"": 11, ""num_neurons"": 16, ""optimizer"": ""Adam"", ""reg_l2"": true, ""skip_connection"": false, ""unit_c1"": 1, ""unit_c2"": 1}"
45,21,flops,,,0.19013170666666668,28519756.0,232674.0,,9547.7639,"{""activation"": ""swish"", ""batch_size"": 32, ""data_augmentation"": false, ""dr_f"": 0.171279161198, ""learning_rate"": 0.000345235772, ""new_fc_1"": 2, ""new_fc_10"": 31, ""new_fc_2"": 17, ""new_fc_3"": 24, ""new_fc_4"": 4, ""new_fc_5"": 7, ""new_fc_6"": 29, ""new_fc_7"": 29, ""new_fc_8"": 2, ""new_fc_9"": 17, ""num_neurons"": 8, ""optimizer"": ""Adagrad"", ""reg_l2"": false, ""skip_connection"": false, ""unit_c1"": 3, ""unit_c2"": 6}"
46,22,accuracy,0.28179997205734253,0.7182000279426575,0.019941733333333333,2991260.0,355042.0,-0.7967574995598603,9752.0281,"{""activation"": ""swish"", ""batch_size"": 64, ""data_augmentation"": false, ""dr_f"": 0.145389433159, ""learning_rate"": 0.000678433679, ""new_fc_1"": 26, ""new_fc_10"": 0, ""new_fc_2"": 27, ""new_fc_3"": 16, ""new_fc_4"": 11, ""new_fc_5"": 4, ""new_fc_6"": 29, ""new_fc_7"": 27, ""new_fc_8"": 28, ""new_fc_9"": 28, ""num_neurons"": 8, ""optimizer"": ""Adam"", ""reg_l2"": false, ""skip_connection"": false, ""unit_c1"": 1, ""unit_c2"": 1}"
47,22,flops,,,0.013236026666666666,1985404.0,58826.0,,9752.7145,"{""activation"": ""selu"", ""batch_size"": 16, ""data_augmentation"": false, ""dr_f"": 0.27955521059, ""learning_rate"": 0.000543246713, ""new_fc_1"": 23, ""new_fc_10"": 14, ""new_fc_2"": 17, ""new_fc_3"": 6, ""new_fc_4"": 17, ""new_fc_5"": 25, ""new_fc_6"": 4, ""new_fc_7"": 20, ""new_fc_8"": 15, ""new_fc_9"": 19, ""num_neurons"": 4, ""optimizer"": ""Adagrad"", ""reg_l2"": false, ""skip_connection"": false, ""unit_c1"": 2, ""unit_c2"": 1}"
48,22,flops,,,1.7492853066666667,262392796.0,9306474.0,,9753.7864,"{""activation"": ""elu"", ""batch_size"": 32, ""data_augmentation"": true, ""dr_f"": 0.131260897174, ""learning_rate"": 0.00031650035, ""new_fc_1"": 26, ""new_fc_10"": 15, ""new_fc_2"": 3, ""new_fc_3"": 23, ""new_fc_4"": 4, ""new_fc_5"": 4, ""new_fc_6"": 2, ""new_fc_7"": 32, ""new_fc_8"": 1, ""new_fc_9"": 3, ""num_neurons"": 32, ""optimizer"": ""Adam"", ""reg_l2"": false, ""skip_connection"": false, ""unit_c1"": 2, ""unit_c2"": 5}"
49,22,flops,,,0.007160906666666667,1074136.0,37170.0,,9754.5684,"{""activation"": ""swish"", ""batch_size"": 32, ""data_augmentation"": true, ""dr_f"": 0.288627392586, ""learning_rate"": 0.000262960109, ""new_fc_1"": 8, ""new_fc_10"": 16, ""new_fc_2"": 30, ""new_fc_3"": 13, ""new_fc_4"": 3, ""new_fc_5"": 30, ""new_fc_6"": 1, ""new_fc_7"": 20, ""new_fc_8"": 1, ""new_fc_9"": 19, ""num_neurons"": 4, ""optimizer"": ""SGD"", ""reg_l2"": false, ""skip_connection"": false, ""unit_c1"": 1, ""unit_c2"": 2}"
50,22,flops,,,0.4693966666666667,70409500.0,3447610.0,,9755.3868,"{""activation"": ""selu"", ""batch_size"": 64, ""data_augmentation"": false, ""dr_f"": 0.30307853912, ""learning_rate"": 0.000468237254, ""new_fc_1"": 29, ""new_fc_10"": 22, ""new_fc_2"": 9, ""new_fc_3"": 27, ""new_fc_4"": 20, ""new_fc_5"": 25, ""new_fc_6"": 32, ""new_fc_7"": 17, ""new_fc_8"": 18, ""new_fc_9"": 15, ""num_neurons"": 16, ""optimizer"": ""SGD"", ""reg_l2"": true, ""skip_connection"": true, ""unit_c1"": 2, ""unit_c2"": 5}"
51,22,flops,,,0.28729597333333334,43094396.0,1068730.0,,9756.1628,"{""activation"": ""elu"", ""batch_size"": 64, ""data_augmentation"": true, ""dr_f"": 0.377621461373, ""learning_rate"": 0.000471265026, ""new_fc_1"": 5, ""new_fc_10"": 32, ""new_fc_2"": 2, ""new_fc_3"": 24, ""new_fc_4"": 7, ""new_fc_5"": 4, ""new_fc_6"": 9, ""new_fc_7"": 6, ""new_fc_8"": 32, ""new_fc_9"": 27, ""num_neurons"": 16, ""optimizer"": ""Adadelta"", ""reg_l2"": true, ""skip_connection"": false, ""unit_c1"": 1, ""unit_c2"": 5}"
52,23,accuracy,0.722900003194809,0.27709999680519104,0.013236026666666666,1985404.0,58826.0,-0.4899991897636337,10680.2466,"{""activation"": ""selu"", ""batch_size"": 16, ""data_augmentation"": false, ""dr_f"": 0.27955521059, ""learning_rate"": 0.000543246713, ""new_fc_1"": 23, ""new_fc_10"": 14, ""new_fc_2"": 17, ""new_fc_3"": 6, ""new_fc_4"": 17, ""new_fc_5"": 25, ""new_fc_6"": 4, ""new_fc_7"": 20, ""new_fc_8"": 15, ""new_fc_9"": 19, ""num_neurons"": 4, ""optimizer"": ""Adagrad"", ""reg_l2"": false, ""skip_connection"": false, ""unit_c1"": 2, ""unit_c2"": 1}"
53,24,accuracy,0.8999999985098839,0.10000000149011612,0.007160906666666667,1074136.0,37170.0,-0.3678517290430813,10884.5228,"{""activation"": ""swish"", ""batch_size"": 32, ""data_augmentation"": true, ""dr_f"": 0.288627392586, ""learning_rate"": 0.000262960109, ""new_fc_1"": 8, ""new_fc_10"": 16, ""new_fc_2"": 30, ""new_fc_3"": 13, ""new_fc_4"": 3, ""new_fc_5"": 30, ""new_fc_6"": 1, ""new_fc_7"": 20, ""new_fc_8"": 1, ""new_fc_9"": 19, ""num_neurons"": 4, ""optimizer"": ""SGD"", ""reg_l2"": false, ""skip_connection"": false, ""unit_c1"": 1, ""unit_c2"": 2}"
54,25,accuracy,0.8999999985098839,0.10000000149011612,0.005380026666666667,807004.0,37190.0,-0.3683859930430813,11269.5664,"{""activation"": ""swish"", ""batch_size"": 16, ""data_augmentation"": false, ""dr_f"": 0.221848279332, ""learning_rate"": 0.000672206691, ""new_fc_1"": 14, ""new_fc_10"": 28, ""new_fc_2"": 7, ""new_fc_3"": 6, ""new_fc_4"": 24, ""new_fc_5"": 18, ""new_fc_6"": 8, ""new_fc_7"": 13, ""new_fc_8"": 15, ""new_fc_9"": 3, ""num_neurons"": 4, ""optimizer"": ""Adam"", ""reg_l2"": true, ""skip_connection"": true, ""unit_c1"": 1, ""unit_c2"": 1}"
55,26,accuracy,0.8999999985098839,0.10000000149011612,0.19013170666666668,28519756.0,232674.0,-0.31296048904308127,205.4956,"{""activation"": ""swish"", ""batch_size"": 32, ""data_augmentation"": false, ""dr_f"": 0.171279161198, ""learning_rate"": 0.000345235772, ""new_fc_1"": 2, ""new_fc_10"": 31, ""new_fc_2"": 17, ""new_fc_3"": 24, ""new_fc_4"": 4, ""new_fc_5"": 7, ""new_fc_6"": 29, ""new_fc_7"": 29, ""new_fc_8"": 2, ""new_fc_9"": 17, ""num_neurons"": 8, ""optimizer"": ""Adagrad"", ""reg_l2"": false, ""skip_connection"": false, ""unit_c1"": 3, ""unit_c2"": 6}"
56,27,accuracy,0.8999999985098839,0.10000000149011612,0.07025394666666666,10538092.0,1221834.0,-0.3489238170430813,350.5307,"{""activation"": ""swish"", ""batch_size"": 64, ""data_augmentation"": true, ""dr_f"": 0.138465869577, ""learning_rate"": 0.000750939697, ""new_fc_1"": 27, ""new_fc_10"": 26, ""new_fc_2"": 20, ""new_fc_3"": 20, ""new_fc_4"": 31, ""new_fc_5"": 11, ""new_fc_6"": 23, ""new_fc_7"": 5, ""new_fc_8"": 27, ""new_fc_9"": 11, ""num_neurons"": 16, ""optimizer"": ""Adam"", ""reg_l2"": true, ""skip_connection"": false, ""unit_c1"": 1, ""unit_c2"": 1}"
57,27,flops,,,0.049181626666666665,7377244.0,89810.0,,351.2966,"{""activation"": ""selu"", ""batch_size"": 16, ""data_augmentation"": true, ""dr_f"": 0.206447591239, ""learning_rate"": 0.000976683432, ""new_fc_1"": 11, ""new_fc_10"": 16, ""new_fc_2"": 28, ""new_fc_3"": 31, ""new_fc_4"": 4, ""new_fc_5"": 28, ""new_fc_6"": 6, ""new_fc_7"": 27, ""new_fc_8"": 31, ""new_fc_9"": 10, ""num_neurons"": 4, ""optimizer"": ""Adagrad"", ""reg_l2"": false, ""skip_connection"": false, ""unit_c1"": 4, ""unit_c2"": 3}"
58,27,flops,,,0.05654754666666666,8482132.0,363098.0,,352.0901,"{""activation"": ""selu"", ""batch_size"": 64, ""data_augmentation"": true, ""dr_f"": 0.392560501835, ""learning_rate"": 0.000398644129, ""new_fc_1"": 16, ""new_fc_10"": 27, ""new_fc_2"": 9, ""new_fc_3"": 11, ""new_fc_4"": 21, ""new_fc_5"": 6, ""new_fc_6"": 0, ""new_fc_7"": 8, ""new_fc_8"": 29, ""new_fc_9"": 8, ""num_neurons"": 8, ""optimizer"": ""Adadelta"", ""reg_l2"": false, ""skip_connection"": true, ""unit_c1"": 1, ""unit_c2"": 4}"
59,27,flops,,,0.045025093333333335,6753764.0,110146.0,,352.7768,"{""activation"": ""elu"", ""batch_size"": 8, ""data_augmentation"": false, ""dr_f"": 0.410031503587, ""learning_rate"": 0.000604350473, ""new_fc_1"": 7, ""new_fc_10"": 5, ""new_fc_2"": 5, ""new_fc_3"": 15, ""new_fc_4"": 2, ""new_fc_5"": 1, ""new_fc_6"": 14, ""new_fc_7"": 24, ""new_fc_8"": 10, ""new_fc_9"": 30, ""num_neurons"": 8, ""optimizer"": ""Adam"", ""reg_l2"": true, ""skip_connection"": false, ""unit_c1"": 2, ""unit_c2"": 1}"
60,27,flops,,,0.05591765333333333,8387648.0,189614.0,,353.4865,"{""activation"": ""relu"", ""batch_size"": 16, ""data_augmentation"": false, ""dr_f"": 0.388825444709, ""learning_rate"": 0.000658329832, ""new_fc_1"": 27, ""new_fc_10"": 16, ""new_fc_2"": 32, ""new_fc_3"": 32, ""new_fc_4"": 27, ""new_fc_5"": 21, ""new_fc_6"": 1, ""new_fc_7"": 29, ""new_fc_8"": 25, ""new_fc_9"": 7, ""num_neurons"": 4, ""optimizer"": ""SGD"", ""reg_l2"": true, ""skip_connection"": false, ""unit_c1"": 4, ""unit_c2"": 4}"
61,27,flops,,,1.36911592,205367388.0,5623690.0,,354.4028,"{""activation"": ""elu"", ""batch_size"": 32, ""data_augmentation"": true, ""dr_f"": 0.407260990265, ""learning_rate"": 0.000588525132, ""new_fc_1"": 0, ""new_fc_10"": 19, ""new_fc_2"": 22, ""new_fc_3"": 22, ""new_fc_4"": 7, ""new_fc_5"": 22, ""new_fc_6"": 22, ""new_fc_7"": 25, ""new_fc_8"": 32, ""new_fc_9"": 26, ""num_neurons"": 32, ""optimizer"": ""SGD"", ""reg_l2"": false, ""skip_connection"": false, ""unit_c1"": 3, ""unit_c2"": 1}"
62,28,accuracy,0.6611000001430511,0.33889999985694885,0.055164293333333336,8274644.0,259450.0,-0.5206807118998642,1459.6003,"{""activation"": ""selu"", ""batch_size"": 16, ""data_augmentation"": true, ""dr_f"": 0.131334119919, ""learning_rate"": 0.000170279174, ""new_fc_1"": 6, ""new_fc_10"": 29, ""new_fc_2"": 1, ""new_fc_3"": 17, ""new_fc_4"": 24, ""new_fc_5"": 20, ""new_fc_6"": 15, ""new_fc_7"": 28, ""new_fc_8"": 9, ""new_fc_9"": 10, ""num_neurons"": 8, ""optimizer"": ""Adadelta"", ""reg_l2"": true, ""skip_connection"": true, ""unit_c1"": 1, ""unit_c2"": 4}"
63,28,flops,,,0.04709517333333333,7064276.0,265682.0,,1460.3473,"{""activation"": ""selu"", ""batch_size"": 16, ""data_augmentation"": true, ""dr_f"": 0.470757816043, ""learning_rate"": 0.00057011619, ""new_fc_1"": 15, ""new_fc_10"": 23, ""new_fc_2"": 14, ""new_fc_3"": 18, ""new_fc_4"": 24, ""new_fc_5"": 13, ""new_fc_6"": 1, ""new_fc_7"": 25, ""new_fc_8"": 27, ""new_fc_9"": 23, ""num_neurons"": 8, ""optimizer"": ""SGD"", ""reg_l2"": true, ""skip_connection"": false, ""unit_c1"": 2, ""unit_c2"": 1}"
64,28,flops,,,0.10701773333333334,16052660.0,348938.0,,1461.165,"{""activation"": ""relu"", ""batch_size"": 64, ""data_augmentation"": true, ""dr_f"": 0.379930194326, ""learning_rate"": 0.000135352054, ""new_fc_1"": 18, ""new_fc_10"": 4, ""new_fc_2"": 32, ""new_fc_3"": 20, ""new_fc_4"": 23, ""new_fc_5"": 22, ""new_fc_6"": 6, ""new_fc_7"": 16, ""new_fc_8"": 11, ""new_fc_9"": 23, ""num_neurons"": 8, ""optimizer"": ""Adam"", ""reg_l2"": true, ""skip_connection"": true, ""unit_c1"": 3, ""unit_c2"": 2}"
65,29,accuracy,0.8999999985098839,0.10000000149011612,0.045025093333333335,6753764.0,110146.0,-0.3564924730430813,2085.7832,"{""activation"": ""elu"", ""batch_size"": 8, ""data_augmentation"": false, ""dr_f"": 0.410031503587, ""learning_rate"": 0.000604350473, ""new_fc_1"": 7, ""new_fc_10"": 5, ""new_fc_2"": 5, ""new_fc_3"": 15, ""new_fc_4"": 2, ""new_fc_5"": 1, ""new_fc_6"": 14, ""new_fc_7"": 24, ""new_fc_8"": 10, ""new_fc_9"": 30, ""num_neurons"": 8, ""optimizer"": ""Adam"", ""reg_l2"": true, ""skip_connection"": false, ""unit_c1"": 2, ""unit_c2"": 1}"
66,30,accuracy,0.8385999947786331,0.16140000522136688,0.05654754666666666,8482132.0,363098.0,-0.3960157396549568,2470.0169,"{""activation"": ""selu"", ""batch_size"": 64, ""data_augmentation"": true, ""dr_f"": 0.392560501835, ""learning_rate"": 0.000398644129, ""new_fc_1"": 16, ""new_fc_10"": 27, ""new_fc_2"": 9, ""new_fc_3"": 11, ""new_fc_4"": 21, ""new_fc_5"": 6, ""new_fc_6"": 0, ""new_fc_7"": 8, ""new_fc_8"": 29, ""new_fc_9"": 8, ""num_neurons"": 8, ""optimizer"": ""Adadelta"", ""reg_l2"": false, ""skip_connection"": true, ""unit_c1"": 1, ""unit_c2"": 4}"
67,31,accuracy,0.5548999905586243,0.44510000944137573,0.049181626666666665,7377244.0,89810.0,-0.596815518608963,3394.4803,"{""activation"": ""selu"", ""batch_size"": 16, ""data_augmentation"": true, ""dr_f"": 0.206447591239, ""learning_rate"": 0.000976683432, ""new_fc_1"": 11, ""new_fc_10"": 16, ""new_fc_2"": 28, ""new_fc_3"": 31, ""new_fc_4"": 4, ""new_fc_5"": 28, ""new_fc_6"": 6, ""new_fc_7"": 27, ""new_fc_8"": 31, ""new_fc_9"": 10, ""num_neurons"": 4, ""optimizer"": ""Adagrad"", ""reg_l2"": false, ""skip_connection"": false, ""unit_c1"": 4, ""unit_c2"": 3}"
68,32,accuracy,0.7130999863147736,0.28690001368522644,0.04709517333333333,7064276.0,265682.0,-0.48670145757965844,4319.0052,"{""activation"": ""selu"", ""batch_size"": 16, ""data_augmentation"": true, ""dr_f"": 0.470757816043, ""learning_rate"": 0.00057011619, ""new_fc_1"": 15, ""new_fc_10"": 23, ""new_fc_2"": 14, ""new_fc_3"": 18, ""new_fc_4"": 24, ""new_fc_5"": 13, ""new_fc_6"": 1, ""new_fc_7"": 25, ""new_fc_8"": 27, ""new_fc_9"": 23, ""num_neurons"": 8, ""optimizer"": ""SGD"", ""reg_l2"": true, ""skip_connection"": false, ""unit_c1"": 2, ""unit_c2"": 1}"
69,32,flops,,,0.82284072,123426108.0,2874410.0,,4319.8796,"{""activation"": ""swish"", ""batch_size"": 16, ""data_augmentation"": false, ""dr_f"": 0.278326465451, ""learning_rate"": 0.000612949033, ""new_fc_1"": 25, ""new_fc_10"": 29, ""new_fc_2"": 6, ""new_fc_3"": 19, ""new_fc_4"": 30, ""new_fc_5"": 19, ""new_fc_6"": 29, ""new_fc_7"": 25, ""new_fc_8"": 31, ""new_fc_9"": 15, ""num_neurons"": 16, ""optimizer"": ""Adamax"", ""reg_l2"": false, ""skip_connection"": true, ""unit_c1"": 4, ""unit_c2"": 4}"
70,32,flops,,,0.2367428,35511420.0,2747546.0,,4320.767,"{""activation"": ""swish"", ""batch_size"": 64, ""data_augmentation"": false, ""dr_f"": 0.091323808753, ""learning_rate"": 0.000235801065, ""new_fc_1"": 31, ""new_fc_10"": 8, ""new_fc_2"": 27, ""new_fc_3"": 10, ""new_fc_4"": 31, ""new_fc_5"": 6, ""new_fc_6"": 15, ""new_fc_7"": 15, ""new_fc_8"": 29, ""new_fc_9"": 0, ""num_neurons"": 16, ""optimizer"": ""SGD"", ""reg_l2"": true, ""skip_connection"": true, ""unit_c1"": 1, ""unit_c2"": 4}"
71,32,flops,,,0.025097466666666665,3764620.0,58558.0,,4321.53,"{""activation"": ""elu"", ""batch_size"": 16, ""data_augmentation"": true, ""dr_f"": 0.300129811098, ""learning_rate"": 0.000772756408, ""new_fc_1"": 22, ""new_fc_10"": 32, ""new_fc_2"": 13, ""new_fc_3"": 11, ""new_fc_4"": 1, ""new_fc_5"": 23, ""new_fc_6"": 13, ""new_fc_7"": 27, ""new_fc_8"": 28, ""new_fc_9"": 2, ""num_neurons"": 4, ""optimizer"": ""Adamax"", ""reg_l2"": false, ""skip_connection"": false, ""unit_c1"": 3, ""unit_c2"": 1}"
72,33,accuracy,0.5099000036716461,0.4900999963283539,0.025097466666666665,3764620.0,58558.0,-0.6355407574298477,5306.1416,"{""activation"": ""elu"", ""batch_size"": 16, ""data_augmentation"": true, ""dr_f"": 0.300129811098, ""learning_rate"": 0.000772756408, ""new_fc_1"": 22, ""new_fc_10"": 32, ""new_fc_2"": 13, ""new_fc_3"": 11, ""new_fc_4"": 1, ""new_fc_5"": 23, ""new_fc_6"": 13, ""new_fc_7"": 27, ""new_fc_8"": 28, ""new_fc_9"": 2, ""num_neurons"": 4, ""optimizer"": ""Adamax"", ""reg_l2"": false, ""skip_connection"": false, ""unit_c1"": 3, ""unit_c2"": 1}"
73,34,accuracy,0.22670000791549683,0.7732999920845032,0.82284072,123426108.0,2874410.0,-0.5944577784591522,6171.1795,"{""activation"": ""swish"", ""batch_size"": 16, ""data_augmentation"": false, ""dr_f"": 0.278326465451, ""learning_rate"": 0.000612949033, ""new_fc_1"": 25, ""new_fc_10"": 29, ""new_fc_2"": 6, ""new_fc_3"": 19, ""new_fc_4"": 30, ""new_fc_5"": 19, ""new_fc_6"": 29, ""new_fc_7"": 25, ""new_fc_8"": 31, ""new_fc_9"": 15, ""num_neurons"": 16, ""optimizer"": ""Adamax"", ""reg_l2"": false, ""skip_connection"": true, ""unit_c1"": 4, ""unit_c2"": 4}"
74,34,flops,,,0.054555813333333335,8183372.0,213602.0,,6171.9248,"{""activation"": ""elu"", ""batch_size"": 32, ""data_augmentation"": true, ""dr_f"": 0.101553919331, ""learning_rate"": 0.000509261051, ""new_fc_1"": 0, ""new_fc_10"": 2, ""new_fc_2"": 7, ""new_fc_3"": 24, ""new_fc_4"": 28, ""new_fc_5"": 1, ""new_fc_6"": 17, ""new_fc_7"": 14, ""new_fc_8"": 0, ""new_fc_9"": 13, ""num_neurons"": 8, ""optimizer"": ""Adadelta"", ""reg_l2"": false, ""skip_connection"": true, ""unit_c1"": 1, ""unit_c2"": 4}"
75,35,accuracy,0.6198999881744385,0.3801000118255615,0.054555813333333335,8183372.0,213602.0,-0.5497032642778931,6736.3507,"{""activation"": ""elu"", ""batch_size"": 32, ""data_augmentation"": true, ""dr_f"": 0.101553919331, ""learning_rate"": 0.000509261051, ""new_fc_1"": 0, ""new_fc_10"": 2, ""new_fc_2"": 7, ""new_fc_3"": 24, ""new_fc_4"": 28, ""new_fc_5"": 1, ""new_fc_6"": 17, ""new_fc_7"": 14, ""new_fc_8"": 0, ""new_fc_9"": 13, ""num_neurons"": 8, ""optimizer"": ""Adadelta"", ""reg_l2"": false, ""skip_connection"": true, ""unit_c1"": 1, ""unit_c2"": 4}"
76,36,accuracy,0.7430999875068665,0.25690001249313354,0.28729597333333334,43094396.0,1068730.0,-0.3936412167451935,7000.9036,"{""activation"": ""elu"", ""batch_size"": 64, ""data_augmentation"": true, ""dr_f"": 0.377621461373, ""learning_rate"": 0.000471265026, ""new_fc_1"": 5, ""new_fc_10"": 32, ""new_fc_2"": 2, ""new_fc_3"": 24, ""new_fc_4"": 7, ""new_fc_5"": 4, ""new_fc_6"": 9, ""new_fc_7"": 6, ""new_fc_8"": 32, ""new_fc_9"": 27, ""num_neurons"": 16, ""optimizer"": ""Adadelta"", ""reg_l2"": true, ""skip_connection"": false, ""unit_c1"": 1, ""unit_c2"": 5}"
77,36,flops,,,0.049583466666666666,7437520.0,80374.0,,7002.0379,"{""activation"": ""swish"", ""batch_size"": 8, ""data_augmentation"": false, ""dr_f"": 0.391551866609, ""learning_rate"": 0.0006511556, ""new_fc_1"": 14, ""new_fc_10"": 11, ""new_fc_2"": 24, ""new_fc_3"": 22, ""new_fc_4"": 8, ""new_fc_5"": 30, ""new_fc_6"": 16, ""new_fc_7"": 1, ""new_fc_8"": 5, ""new_fc_9"": 8, ""num_neurons"": 4, ""optimizer"": ""Adadelta"", ""reg_l2"": false, ""skip_connection"": false, ""unit_c1"": 4, ""unit_c2"": 3}"
78,36,flops,,,0.15302424,22953636.0,180698.0,,7003.1961,"{""activation"": ""selu"", ""batch_size"": 8, ""data_augmentation"": true, ""dr_f"": 0.115650021536, ""learning_rate"": 0.000939070623, ""new_fc_1"": 11, ""new_fc_10"": 5, ""new_fc_2"": 14, ""new_fc_3"": 22, ""new_fc_4"": 27, ""new_fc_5"": 2, ""new_fc_6"": 7, ""new_fc_7"": 17, ""new_fc_8"": 23, ""new_fc_9"": 9, ""num_neurons"": 8, ""optimizer"": ""Adam"", ""reg_l2"": false, ""skip_connection"": true, ""unit_c1"": 4, ""unit_c2"": 1}"
79,36,flops,,,4.690004453333334,703500668.0,15749194.0,,7004.6488,"{""activation"": ""swish"", ""batch_size"": 32, ""data_augmentation"": true, ""dr_f"": 0.200237046224, ""learning_rate"": 0.000669118353, ""new_fc_1"": 25, ""new_fc_10"": 31, ""new_fc_2"": 30, ""new_fc_3"": 25, ""new_fc_4"": 1, ""new_fc_5"": 29, ""new_fc_6"": 19, ""new_fc_7"": 6, ""new_fc_8"": 12, ""new_fc_9"": 24, ""num_neurons"": 32, ""optimizer"": ""Adamax"", ""reg_l2"": false, ""skip_connection"": false, ""unit_c1"": 4, ""unit_c2"": 7}"
80,37,accuracy,10000000000.0,,1.7492853066666667,262392796.0,9306474.0,10000000000.0,7006.1664,"{""activation"": ""elu"", ""batch_size"": 32, ""data_augmentation"": true, ""dr_f"": 0.131260897174, ""learning_rate"": 0.00031650035, ""new_fc_1"": 26, ""new_fc_10"": 15, ""new_fc_2"": 3, ""new_fc_3"": 23, ""new_fc_4"": 4, ""new_fc_5"": 4, ""new_fc_6"": 2, ""new_fc_7"": 32, ""new_fc_8"": 1, ""new_fc_9"": 3, ""num_neurons"": 32, ""optimizer"": ""Adam"", ""reg_l2"": false, ""skip_connection"": false, ""unit_c1"": 2, ""unit_c2"": 5}"
81,37,flops,,,0.04550530666666667,6825796.0,145714.0,,7007.2807,"{""activation"": ""selu"", ""batch_size"": 32, ""data_augmentation"": false, ""dr_f"": 0.222184299358, ""learning_rate"": 0.000396297327, ""new_fc_1"": 19, ""new_fc_10"": 5, ""new_fc_2"": 22, ""new_fc_3"": 2, ""new_fc_4"": 21, ""new_fc_5"": 19, ""new_fc_6"": 2, ""new_fc_7"": 31, ""new_fc_8"": 21, ""new_fc_9"": 32, ""num_neurons"": 4, ""optimizer"": ""Adadelta"", ""reg_l2"": false, ""skip_connection"": true, ""unit_c1"": 3, ""unit_c2"": 5}"
82,37,flops,,,0.07245354666666666,10868032.0,183302.0,,7008.4641,"{""activation"": ""swish"", ""batch_size"": 64, ""data_augmentation"": true, ""dr_f"": 0.24327336186, ""learning_rate"": 0.000755833885, ""new_fc_1"": 22, ""new_fc_10"": 11, ""new_fc_2"": 0, ""new_fc_3"": 23, ""new_fc_4"": 13, ""new_fc_5"": 3, ""new_fc_6"": 7, ""new_fc_7"": 13, ""new_fc_8"": 22, ""new_fc_9"": 29, ""num_neurons"": 4, ""optimizer"": ""Adagrad"", ""reg_l2"": true, ""skip_connection"": true, ""unit_c1"": 4, ""unit_c2"": 6}"
83,37,flops,,,0.6404137333333333,96062060.0,1746794.0,,7009.2826,"{""activation"": ""swish"", ""batch_size"": 16, ""data_augmentation"": false, ""dr_f"": 0.444065195249, ""learning_rate"": 0.000985187182, ""new_fc_1"": 14, ""new_fc_10"": 30, ""new_fc_2"": 11, ""new_fc_3"": 20, ""new_fc_4"": 1, ""new_fc_5"": 19, ""new_fc_6"": 21, ""new_fc_7"": 6, ""new_fc_8"": 7, ""new_fc_9"": 24, ""num_neurons"": 16, ""optimizer"": ""Adadelta"", ""reg_l2"": true, ""skip_connection"": false, ""unit_c1"": 3, ""unit_c2"": 5}"
84,37,flops,,,0.06290890666666667,9436336.0,280174.0,,7010.0515,"{""activation"": ""swish"", ""batch_size"": 8, ""data_augmentation"": false, ""dr_f"": 0.482551932558, ""learning_rate"": 0.000393721046, ""new_fc_1"": 31, ""new_fc_10"": 17, ""new_fc_2"": 23, ""new_fc_3"": 12, ""new_fc_4"": 5, ""new_fc_5"": 28, ""new_fc_6"": 24, ""new_fc_7"": 1, ""new_fc_8"": 26, ""new_fc_9"": 20, ""num_neurons"": 4, ""optimizer"": ""SGD"", ""reg_l2"": false, ""skip_connection"": true, ""unit_c1"": 3, ""unit_c2"": 7}"
85,37,flops,,,0.024943173333333332,3741476.0,46918.0,,7010.7507,"{""activation"": ""elu"", ""batch_size"": 16, ""data_augmentation"": false, ""dr_f"": 0.450986421423, ""learning_rate"": 0.000831733132, ""new_fc_1"": 17, ""new_fc_10"": 14, ""new_fc_2"": 26, ""new_fc_3"": 4, ""new_fc_4"": 1, ""new_fc_5"": 1, ""new_fc_6"": 24, ""new_fc_7"": 31, ""new_fc_8"": 1, ""new_fc_9"": 19, ""num_neurons"": 4, ""optimizer"": ""Adamax"", ""reg_l2"": true, ""skip_connection"": false, ""unit_c1"": 3, ""unit_c2"": 1}"
86,38,accuracy,0.6676999926567078,0.33230000734329224,0.22161202666666666,33241804.0,1413786.0,-0.46612639714030457,7455.5744,"{""activation"": ""elu"", ""batch_size"": 64, ""data_augmentation"": true, ""dr_f"": 0.208123085741, ""learning_rate"": 0.00042380822, ""new_fc_1"": 24, ""new_fc_10"": 31, ""new_fc_2"": 32, ""new_fc_3"": 27, ""new_fc_4"": 11, ""new_fc_5"": 5, ""new_fc_6"": 9, ""new_fc_7"": 12, ""new_fc_8"": 1, ""new_fc_9"": 5, ""num_neurons"": 16, ""optimizer"": ""SGD"", ""reg_l2"": true, ""skip_connection"": true, ""unit_c1"": 2, ""unit_c2"": 2}"
87,39,accuracy,0.7819000035524368,0.21809999644756317,0.04550530666666667,6825796.0,145714.0,-0.4390184055132942,7840.1801,"{""activation"": ""selu"", ""batch_size"": 32, ""data_augmentation"": false, ""dr_f"": 0.222184299358, ""learning_rate"": 0.000396297327, ""new_fc_1"": 19, ""new_fc_10"": 5, ""new_fc_2"": 22, ""new_fc_3"": 2, ""new_fc_4"": 21, ""new_fc_5"": 19, ""new_fc_6"": 2, ""new_fc_7"": 31, ""new_fc_8"": 21, ""new_fc_9"": 32, ""num_neurons"": 4, ""optimizer"": ""Adadelta"", ""reg_l2"": false, ""skip_connection"": true, ""unit_c1"": 3, ""unit_c2"": 5}"
88,39,flops,,,0.04354226666666667,6531340.0,263606.0,,7841.331,"{""activation"": ""swish"", ""batch_size"": 8, ""data_augmentation"": false, ""dr_f"": 0.226425138563, ""learning_rate"": 0.000110321449, ""new_fc_1"": 27, ""new_fc_10"": 29, ""new_fc_2"": 20, ""new_fc_3"": 3, ""new_fc_4"": 19, ""new_fc_5"": 9, ""new_fc_6"": 7, ""new_fc_7"": 22, ""new_fc_8"": 0, ""new_fc_9"": 16, ""num_neurons"": 4, ""optimizer"": ""Adamax"", ""reg_l2"": false, ""skip_connection"": true, ""unit_c1"": 1, ""unit_c2"": 8}"
89,39,flops,,,0.014628106666666666,2194216.0,56130.0,,7842.1414,"{""activation"": ""relu"", ""batch_size"": 16, ""data_augmentation"": true, ""dr_f"": 0.428405924056, ""learning_rate"": 0.000323880463, ""new_fc_1"": 5, ""new_fc_10"": 25, ""new_fc_2"": 1, ""new_fc_3"": 4, ""new_fc_4"": 14, ""new_fc_5"": 0, ""new_fc_6"": 24, ""new_fc_7"": 32, ""new_fc_8"": 15, ""new_fc_9"": 7, ""num_neurons"": 4, ""optimizer"": ""SGD"", ""reg_l2"": true, ""skip_connection"": true, ""unit_c1"": 1, ""unit_c2"": 4}"
90,39,flops,,,0.22414696,33622044.0,505698.0,,7842.8775,"{""activation"": ""elu"", ""batch_size"": 8, ""data_augmentation"": false, ""dr_f"": 0.287392015826, ""learning_rate"": 0.000348070557, ""new_fc_1"": 10, ""new_fc_10"": 7, ""new_fc_2"": 9, ""new_fc_3"": 8, ""new_fc_4"": 30, ""new_fc_5"": 32, ""new_fc_6"": 17, ""new_fc_7"": 29, ""new_fc_8"": 4, ""new_fc_9"": 14, ""num_neurons"": 8, ""optimizer"": ""Adagrad"", ""reg_l2"": true, ""skip_connection"": false, ""unit_c1"": 3, ""unit_c2"": 7}"
91,39,flops,,,1.4270536266666667,214058044.0,11003530.0,,7844.3788,"{""activation"": ""selu"", ""batch_size"": 32, ""data_augmentation"": true, ""dr_f"": 0.319997063373, ""learning_rate"": 0.000518411834, ""new_fc_1"": 28, ""new_fc_10"": 11, ""new_fc_2"": 20, ""new_fc_3"": 4, ""new_fc_4"": 28, ""new_fc_5"": 14, ""new_fc_6"": 5, ""new_fc_7"": 30, ""new_fc_8"": 29, ""new_fc_9"": 27, ""num_neurons"": 32, ""optimizer"": ""Adadelta"", ""reg_l2"": true, ""skip_connection"": false, ""unit_c1"": 2, ""unit_c2"": 4}"
92,39,flops,,,0.489506,73425900.0,946794.0,,7845.1786,"{""activation"": ""elu"", ""batch_size"": 16, ""data_augmentation"": true, ""dr_f"": 0.109938733393, ""learning_rate"": 0.000344560314, ""new_fc_1"": 2, ""new_fc_10"": 24, ""new_fc_2"": 10, ""new_fc_3"": 16, ""new_fc_4"": 28, ""new_fc_5"": 30, ""new_fc_6"": 9, ""new_fc_7"": 8, ""new_fc_8"": 22, ""new_fc_9"": 6, ""num_neurons"": 16, ""optimizer"": ""Adadelta"", ""reg_l2"": false, ""skip_connection"": false, ""unit_c1"": 1, ""unit_c2"": 7}"
93,40,accuracy,0.8293000012636185,0.17069999873638153,0.26714232,40071348.0,844162.0,-0.339347303115467,8169.4142,"{""activation"": ""selu"", ""batch_size"": 32, ""data_augmentation"": true, ""dr_f"": 0.458108861955, ""learning_rate"": 0.000394031121, ""new_fc_1"": 28, ""new_fc_10"": 4, ""new_fc_2"": 20, ""new_fc_3"": 11, ""new_fc_4"": 7, ""new_fc_5"": 11, ""new_fc_6"": 30, ""new_fc_7"": 8, ""new_fc_8"": 5, ""new_fc_9"": 19, ""num_neurons"": 8, ""optimizer"": ""Adagrad"", ""reg_l2"": true, ""skip_connection"": false, ""unit_c1"": 4, ""unit_c2"": 6}"
94,40,flops,,,8.742100453333334,1311315068.0,47353226.0,,8172.3501,"{""activation"": ""elu"", ""batch_size"": 8, ""data_augmentation"": true, ""dr_f"": 0.053079998849, ""learning_rate"": 0.000942072969, ""new_fc_1"": 27, ""new_fc_10"": 25, ""new_fc_2"": 10, ""new_fc_3"": 1, ""new_fc_4"": 31, ""new_fc_5"": 26, ""new_fc_6"": 23, ""new_fc_7"": 24, ""new_fc_8"": 23, ""new_fc_9"": 31, ""num_neurons"": 64, ""optimizer"": ""Adamax"", ""reg_l2"": true, ""skip_connection"": false, ""unit_c1"": 3, ""unit_c2"": 4}"
95,40,flops,,,0.044963706666666665,6744556.0,194722.0,,8173.3904,"{""activation"": ""swish"", ""batch_size"": 64, ""data_augmentation"": false, ""dr_f"": 0.374407937856, ""learning_rate"": 0.000483366066, ""new_fc_1"": 23, ""new_fc_10"": 21, ""new_fc_2"": 0, ""new_fc_3"": 2, ""new_fc_4"": 25, ""new_fc_5"": 1, ""new_fc_6"": 23, ""new_fc_7"": 31, ""new_fc_8"": 7, ""new_fc_9"": 3, ""num_neurons"": 4, ""optimizer"": ""SGD"", ""reg_l2"": true, ""skip_connection"": false, ""unit_c1"": 2, ""unit_c2"": 7}"
96,40,flops,,,0.5438049866666667,81570748.0,1249226.0,,8174.2241,"{""activation"": ""selu"", ""batch_size"": 64, ""data_augmentation"": true, ""dr_f"": 0.359757618259, ""learning_rate"": 0.000332688386, ""new_fc_1"": 6, ""new_fc_10"": 16, ""new_fc_2"": 10, ""new_fc_3"": 19, ""new_fc_4"": 26, ""new_fc_5"": 10, ""new_fc_6"": 23, ""new_fc_7"": 3, ""new_fc_8"": 18, ""new_fc_9"": 21, ""num_neurons"": 16, ""optimizer"": ""Adamax"", ""reg_l2"": false, ""skip_connection"": true, ""unit_c1"": 2, ""unit_c2"": 6}"
97,40,flops,,,0.8159144266666667,122387164.0,3783882.0,,8174.9899,"{""activation"": ""selu"", ""batch_size"": 8, ""data_augmentation"": false, ""dr_f"": 0.350286028314, ""learning_rate"": 0.000981555389, ""new_fc_1"": 18, ""new_fc_10"": 12, ""new_fc_2"": 15, ""new_fc_3"": 2, ""new_fc_4"": 32, ""new_fc_5"": 28, ""new_fc_6"": 29, ""new_fc_7"": 31, ""new_fc_8"": 30, ""new_fc_9"": 21, ""num_neurons"": 16, ""optimizer"": ""Adagrad"", ""reg_l2"": false, ""skip_connection"": false, ""unit_c1"": 2, ""unit_c2"": 8}"
98,40,flops,,,1.6105906933333334,241588604.0,24770954.0,,8176.9801,"{""activation"": ""relu"", ""batch_size"": 32, ""data_augmentation"": false, ""dr_f"": 0.211196492901, ""learning_rate"": 0.000160186543, ""new_fc_1"": 27, ""new_fc_10"": 16, ""new_fc_2"": 6, ""new_fc_3"": 15, ""new_fc_4"": 1, ""new_fc_5"": 0, ""new_fc_6"": 32, ""new_fc_7"": 31, ""new_fc_8"": 20, ""new_fc_9"": 17, ""num_neurons"": 64, ""optimizer"": ""Adamax"", ""reg_l2"": true, ""skip_connection"": false, ""unit_c1"": 1, ""unit_c2"": 2}"
99,41,accuracy,0.40960001945495605,0.590399980545044,0.04354226666666667,6531340.0,263606.0,-0.7002173063815307,10302.3708,"{""activation"": ""swish"", ""batch_size"": 8, ""data_augmentation"": false, ""dr_f"": 0.226425138563, ""learning_rate"": 0.000110321449, ""new_fc_1"": 27, ""new_fc_10"": 29, ""new_fc_2"": 20, ""new_fc_3"": 3, ""new_fc_4"": 19, ""new_fc_5"": 9, ""new_fc_6"": 7, ""new_fc_7"": 22, ""new_fc_8"": 0, ""new_fc_9"": 16, ""num_neurons"": 4, ""optimizer"": ""Adamax"", ""reg_l2"": false, ""skip_connection"": true, ""unit_c1"": 1, ""unit_c2"": 8}"
100,41,flops,,,1.6593147466666667,248897212.0,28425674.0,,10304.5843,"{""activation"": ""elu"", ""batch_size"": 64, ""data_augmentation"": true, ""dr_f"": 0.433578301738, ""learning_rate"": 0.000183709956, ""new_fc_1"": 31, ""new_fc_10"": 10, ""new_fc_2"": 20, ""new_fc_3"": 29, ""new_fc_4"": 29, ""new_fc_5"": 10, ""new_fc_6"": 9, ""new_fc_7"": 21, ""new_fc_8"": 4, ""new_fc_9"": 15, ""num_neurons"": 64, ""optimizer"": ""Adamax"", ""reg_l2"": true, ""skip_connection"": false, ""unit_c1"": 1, ""unit_c2"": 2}"
101,42,accuracy,0.902099996805191,0.09790000319480896,0.049583466666666666,7437520.0,80374.0,-0.3536549622363663,10989.1635,"{""activation"": ""swish"", ""batch_size"": 8, ""data_augmentation"": false, ""dr_f"": 0.391551866609, ""learning_rate"": 0.0006511556, ""new_fc_1"": 14, ""new_fc_10"": 11, ""new_fc_2"": 24, ""new_fc_3"": 22, ""new_fc_4"": 8, ""new_fc_5"": 30, ""new_fc_6"": 16, ""new_fc_7"": 1, ""new_fc_8"": 5, ""new_fc_9"": 8, ""num_neurons"": 4, ""optimizer"": ""Adadelta"", ""reg_l2"": false, ""skip_connection"": false, ""unit_c1"": 4, ""unit_c2"": 3}"
102,42,flops,,,0.025576453333333332,3836468.0,67198.0,,10989.9818,"{""activation"": ""swish"", ""batch_size"": 32, ""data_augmentation"": true, ""dr_f"": 0.038663484396, ""learning_rate"": 0.000641349227, ""new_fc_1"": 31, ""new_fc_10"": 7, ""new_fc_2"": 21, ""new_fc_3"": 3, ""new_fc_4"": 1, ""new_fc_5"": 28, ""new_fc_6"": 8, ""new_fc_7"": 10, ""new_fc_8"": 19, ""new_fc_9"": 30, ""num_neurons"": 4, ""optimizer"": ""SGD"", ""reg_l2"": false, ""skip_connection"": false, ""unit_c1"": 3, ""unit_c2"": 1}"
103,42,flops,,,0.15255752,22883628.0,145586.0,,10991.0912,"{""activation"": ""selu"", ""batch_size"": 32, ""data_augmentation"": false, ""dr_f"": 0.489954154369, ""learning_rate"": 0.000120285338, ""new_fc_1"": 16, ""new_fc_10"": 4, ""new_fc_2"": 7, ""new_fc_3"": 15, ""new_fc_4"": 12, ""new_fc_5"": 8, ""new_fc_6"": 2, ""new_fc_7"": 6, ""new_fc_8"": 11, ""new_fc_9"": 29, ""num_neurons"": 8, ""optimizer"": ""Adam"", ""reg_l2"": false, ""skip_connection"": true, ""unit_c1"": 4, ""unit_c2"": 1}"
104,42,flops,,,1.51809192,227713788.0,15448330.0,,10992.4675,"{""activation"": ""relu"", ""batch_size"": 16, ""data_augmentation"": true, ""dr_f"": 0.427142160376, ""learning_rate"": 0.000705629225, ""new_fc_1"": 23, ""new_fc_10"": 27, ""new_fc_2"": 12, ""new_fc_3"": 4, ""new_fc_4"": 4, ""new_fc_5"": 8, ""new_fc_6"": 6, ""new_fc_7"": 17, ""new_fc_8"": 6, ""new_fc_9"": 4, ""num_neurons"": 64, ""optimizer"": ""Adagrad"", ""reg_l2"": true, ""skip_connection"": true, ""unit_c1"": 1, ""unit_c2"": 2}"
105,42,flops,,,0.24446146666666665,36669220.0,882058.0,,10993.634,"{""activation"": ""relu"", ""batch_size"": 32, ""data_augmentation"": true, ""dr_f"": 0.0626210311, ""learning_rate"": 0.00078449397, ""new_fc_1"": 30, ""new_fc_10"": 4, ""new_fc_2"": 19, ""new_fc_3"": 17, ""new_fc_4"": 23, ""new_fc_5"": 25, ""new_fc_6"": 25, ""new_fc_7"": 27, ""new_fc_8"": 5, ""new_fc_9"": 30, ""num_neurons"": 8, ""optimizer"": ""Adam"", ""reg_l2"": true, ""skip_connection"": true, ""unit_c1"": 4, ""unit_c2"": 5}"
106,42,flops,,,0.018457413333333332,2768612.0,231786.0,,10994.3268,"{""activation"": ""relu"", ""batch_size"": 64, ""data_augmentation"": false, ""dr_f"": 0.085088187426, ""learning_rate"": 0.0007501839, ""new_fc_1"": 0, ""new_fc_10"": 30, ""new_fc_2"": 16, ""new_fc_3"": 5, ""new_fc_4"": 0, ""new_fc_5"": 20, ""new_fc_6"": 0, ""new_fc_7"": 12, ""new_fc_8"": 27, ""new_fc_9"": 31, ""num_neurons"": 8, ""optimizer"": ""Adam"", ""reg_l2"": false, ""skip_connection"": true, ""unit_c1"": 1, ""unit_c2"": 1}"
107,43,accuracy,10000000000.0,,2.2742389066666666,341135836.0,4228906.0,10000000000.0,10995.1608,"{""activation"": ""selu"", ""batch_size"": 16, ""data_augmentation"": false, ""dr_f"": 0.426416601405, ""learning_rate"": 0.000697272437, ""new_fc_1"": 23, ""new_fc_10"": 17, ""new_fc_2"": 7, ""new_fc_3"": 27, ""new_fc_4"": 2, ""new_fc_5"": 25, ""new_fc_6"": 32, ""new_fc_7"": 8, ""new_fc_8"": 28, ""new_fc_9"": 16, ""num_neurons"": 32, ""optimizer"": ""Adadelta"", ""reg_l2"": true, ""skip_connection"": false, ""unit_c1"": 4, ""unit_c2"": 1}"
108,44,accuracy,0.8708000034093857,0.12919999659061432,0.025576453333333332,3836468.0,67198.0,-0.38276706161343,11259.7791,"{""activation"": ""swish"", ""batch_size"": 32, ""data_augmentation"": true, ""dr_f"": 0.038663484396, ""learning_rate"": 0.000641349227, ""new_fc_1"": 31, ""new_fc_10"": 7, ""new_fc_2"": 21, ""new_fc_3"": 3, ""new_fc_4"": 1, ""new_fc_5"": 28, ""new_fc_6"": 8, ""new_fc_7"": 10, ""new_fc_8"": 19, ""new_fc_9"": 30, ""num_neurons"": 4, ""optimizer"": ""SGD"", ""reg_l2"": false, ""skip_connection"": false, ""unit_c1"": 3, ""unit_c2"": 1}"
109,44,flops,,,0.15009501333333333,22514252.0,1306506.0,,11260.5797,"{""activation"": ""swish"", ""batch_size"": 16, ""data_augmentation"": false, ""dr_f"": 0.16655870775, ""learning_rate"": 0.000380733842, ""new_fc_1"": 14, ""new_fc_10"": 3, ""new_fc_2"": 11, ""new_fc_3"": 31, ""new_fc_4"": 18, ""new_fc_5"": 8, ""new_fc_6"": 31, ""new_fc_7"": 18, ""new_fc_8"": 11, ""new_fc_9"": 6, ""num_neurons"": 16, ""optimizer"": ""Adagrad"", ""reg_l2"": false, ""skip_connection"": false, ""unit_c1"": 1, ""unit_c2"": 3}"
110,45,accuracy,0.4860000014305115,0.5139999985694885,0.02636936,3955404.0,64258.0,-0.651889190998642,12365.1351,"{""activation"": ""swish"", ""batch_size"": 16, ""data_augmentation"": false, ""dr_f"": 0.111802124756, ""learning_rate"": 0.000110751431, ""new_fc_1"": 5, ""new_fc_10"": 12, ""new_fc_2"": 23, ""new_fc_3"": 31, ""new_fc_4"": 21, ""new_fc_5"": 4, ""new_fc_6"": 2, ""new_fc_7"": 28, ""new_fc_8"": 30, ""new_fc_9"": 24, ""num_neurons"": 4, ""optimizer"": ""Adamax"", ""reg_l2"": false, ""skip_connection"": true, ""unit_c1"": 3, ""unit_c2"": 1}"
111,46,accuracy,0.8950999975204468,0.10490000247955322,0.014628106666666666,2194216.0,56130.0,-0.36904156973568725,12690.283,"{""activation"": ""relu"", ""batch_size"": 16, ""data_augmentation"": true, ""dr_f"": 0.428405924056, ""learning_rate"": 0.000323880463, ""new_fc_1"": 5, ""new_fc_10"": 25, ""new_fc_2"": 1, ""new_fc_3"": 4, ""new_fc_4"": 14, ""new_fc_5"": 0, ""new_fc_6"": 24, ""new_fc_7"": 32, ""new_fc_8"": 15, ""new_fc_9"": 7, ""num_neurons"": 4, ""optimizer"": ""SGD"", ""reg_l2"": true, ""skip_connection"": true, ""unit_c1"": 1, ""unit_c2"": 4}"
112,47,accuracy,0.6601999998092651,0.33980000019073486,0.15255752,22883628.0,145586.0,-0.4920927441335144,13314.5277,"{""activation"": ""selu"", ""batch_size"": 32, ""data_augmentation"": false, ""dr_f"": 0.489954154369, ""learning_rate"": 0.000120285338, ""new_fc_1"": 16, ""new_fc_10"": 4, ""new_fc_2"": 7, ""new_fc_3"": 15, ""new_fc_4"": 12, ""new_fc_5"": 8, ""new_fc_6"": 2, ""new_fc_7"": 6, ""new_fc_8"": 11, ""new_fc_9"": 29, ""num_neurons"": 8, ""optimizer"": ""Adam"", ""reg_l2"": false, ""skip_connection"": true, ""unit_c1"": 4, ""unit_c2"": 1}"
113,47,flops,,,0.05345557333333333,8018336.0,130870.0,,13315.2473,"{""activation"": ""selu"", ""batch_size"": 8, ""data_augmentation"": false, ""dr_f"": 0.19456866279, ""learning_rate"": 0.000596908355, ""new_fc_1"": 13, ""new_fc_10"": 18, ""new_fc_2"": 2, ""new_fc_3"": 0, ""new_fc_4"": 2, ""new_fc_5"": 22, ""new_fc_6"": 7, ""new_fc_7"": 9, ""new_fc_8"": 30, ""new_fc_9"": 2, ""num_neurons"": 4, ""optimizer"": ""Adamax"", ""reg_l2"": false, ""skip_connection"": true, ""unit_c1"": 2, ""unit_c2"": 8}"
114,48,accuracy,0.3378000259399414,0.6621999740600586,0.018457413333333332,2768612.0,231786.0,-0.758002757842041,13459.7358,"{""activation"": ""relu"", ""batch_size"": 64, ""data_augmentation"": false, ""dr_f"": 0.085088187426, ""learning_rate"": 0.0007501839, ""new_fc_1"": 0, ""new_fc_10"": 30, ""new_fc_2"": 16, ""new_fc_3"": 5, ""new_fc_4"": 0, ""new_fc_5"": 20, ""new_fc_6"": 0, ""new_fc_7"": 12, ""new_fc_8"": 27, ""new_fc_9"": 31, ""num_neurons"": 8, ""optimizer"": ""Adam"", ""reg_l2"": false, ""skip_connection"": true, ""unit_c1"": 1, ""unit_c2"": 1}"
115,49,accuracy,0.8518999963998795,0.14810000360012054,0.34754482666666664,52131724.0,1098794.0,-0.29940655452008436,14085.8598,"{""activation"": ""relu"", ""batch_size"": 8, ""data_augmentation"": true, ""dr_f"": 0.083638643589, ""learning_rate"": 0.000527995252, ""new_fc_1"": 25, ""new_fc_10"": 22, ""new_fc_2"": 13, ""new_fc_3"": 15, ""new_fc_4"": 20, ""new_fc_5"": 30, ""new_fc_6"": 6, ""new_fc_7"": 32, ""new_fc_8"": 6, ""new_fc_9"": 20, ""num_neurons"": 16, ""optimizer"": ""SGD"", ""reg_l2"": true, ""skip_connection"": false, ""unit_c1"": 3, ""unit_c2"": 1}"
116,50,accuracy,0.8998000025749207,0.10019999742507935,0.06290890666666667,9436336.0,280174.0,-0.3512673261975555,14770.9554,"{""activation"": ""swish"", ""batch_size"": 8, ""data_augmentation"": false, ""dr_f"": 0.482551932558, ""learning_rate"": 0.000393721046, ""new_fc_1"": 31, ""new_fc_10"": 17, ""new_fc_2"": 23, ""new_fc_3"": 12, ""new_fc_4"": 5, ""new_fc_5"": 28, ""new_fc_6"": 24, ""new_fc_7"": 1, ""new_fc_8"": 26, ""new_fc_9"": 20, ""num_neurons"": 4, ""optimizer"": ""SGD"", ""reg_l2"": false, ""skip_connection"": true, ""unit_c1"": 3, ""unit_c2"": 7}"
117,51,accuracy,10000000000.0,,20.998241253333333,3149736188.0,26792522.0,10000000000.0,3.6442,"{""activation"": ""relu"", ""batch_size"": 8, ""data_augmentation"": true, ""dr_f"": 0.340852045043, ""learning_rate"": 0.000810398332, ""new_fc_1"": 5, ""new_fc_10"": 31, ""new_fc_2"": 3, ""new_fc_3"": 31, ""new_fc_4"": 15, ""new_fc_5"": 7, ""new_fc_6"": 29, ""new_fc_7"": 11, ""new_fc_8"": 25, ""new_fc_9"": 26, ""num_neurons"": 64, ""optimizer"": ""Adadelta"", ""reg_l2"": false, ""skip_connection"": true, ""unit_c1"": 4, ""unit_c2"": 8}"
118,51,flops,,,0.23813608,35720412.0,1099882.0,,5.0215,"{""activation"": ""relu"", ""batch_size"": 8, ""data_augmentation"": true, ""dr_f"": 0.143734299836, ""learning_rate"": 0.000155628442, ""new_fc_1"": 28, ""new_fc_10"": 28, ""new_fc_2"": 13, ""new_fc_3"": 9, ""new_fc_4"": 16, ""new_fc_5"": 32, ""new_fc_6"": 14, ""new_fc_7"": 18, ""new_fc_8"": 22, ""new_fc_9"": 32, ""num_neurons"": 8, ""optimizer"": ""Adam"", ""reg_l2"": true, ""skip_connection"": true, ""unit_c1"": 3, ""unit_c2"": 7}"
119,51,flops,,,20.68058408,3102087612.0,37568906.0,,7.5821,"{""activation"": ""elu"", ""batch_size"": 16, ""data_augmentation"": false, ""dr_f"": 0.286913644357, ""learning_rate"": 0.000896395705, ""new_fc_1"": 11, ""new_fc_10"": 10, ""new_fc_2"": 2, ""new_fc_3"": 19, ""new_fc_4"": 6, ""new_fc_5"": 14, ""new_fc_6"": 32, ""new_fc_7"": 26, ""new_fc_8"": 16, ""new_fc_9"": 22, ""num_neurons"": 64, ""optimizer"": ""Adagrad"", ""reg_l2"": true, ""skip_connection"": false, ""unit_c1"": 4, ""unit_c2"": 8}"
120,52,accuracy,0.6877000033855438,0.3122999966144562,0.22414696,33622044.0,505698.0,-0.4513659096301193,1593.5046,"{""activation"": ""elu"", ""batch_size"": 8, ""data_augmentation"": false, ""dr_f"": 0.287392015826, ""learning_rate"": 0.000348070557, ""new_fc_1"": 10, ""new_fc_10"": 7, ""new_fc_2"": 9, ""new_fc_3"": 8, ""new_fc_4"": 30, ""new_fc_5"": 32, ""new_fc_6"": 17, ""new_fc_7"": 29, ""new_fc_8"": 4, ""new_fc_9"": 14, ""num_neurons"": 8, ""optimizer"": ""Adagrad"", ""reg_l2"": true, ""skip_connection"": false, ""unit_c1"": 3, ""unit_c2"": 7}"
121,52,flops,,,0.03970464,5955696.0,166074.0,,1594.3774,"{""activation"": ""relu"", ""batch_size"": 64, ""data_augmentation"": false, ""dr_f"": 0.097113315561, ""learning_rate"": 0.000505726108, ""new_fc_1"": 31, ""new_fc_10"": 6, ""new_fc_2"": 12, ""new_fc_3"": 16, ""new_fc_4"": 27, ""new_fc_5"": 6, ""new_fc_6"": 16, ""new_fc_7"": 13, ""new_fc_8"": 9, ""new_fc_9"": 29, ""num_neurons"": 4, ""optimizer"": ""Adagrad"", ""reg_l2"": true, ""skip_connection"": true, ""unit_c1"": 3, ""unit_c2"": 4}"
122,52,flops,,,0.23153853333333332,34730780.0,2357562.0,,1595.4446,"{""activation"": ""swish"", ""batch_size"": 32, ""data_augmentation"": false, ""dr_f"": 0.295636683526, ""learning_rate"": 0.000443860352, ""new_fc_1"": 31, ""new_fc_10"": 26, ""new_fc_2"": 6, ""new_fc_3"": 4, ""new_fc_4"": 5, ""new_fc_5"": 5, ""new_fc_6"": 28, ""new_fc_7"": 7, ""new_fc_8"": 2, ""new_fc_9"": 16, ""num_neurons"": 16, ""optimizer"": ""Adamax"", ""reg_l2"": true, ""skip_connection"": true, ""unit_c1"": 1, ""unit_c2"": 4}"
123,52,flops,,,20.986669626666668,3148000444.0,60527370.0,,1598.6802,"{""activation"": ""elu"", ""batch_size"": 32, ""data_augmentation"": false, ""dr_f"": 0.038300594778, ""learning_rate"": 0.000267367545, ""new_fc_1"": 18, ""new_fc_10"": 17, ""new_fc_2"": 22, ""new_fc_3"": 21, ""new_fc_4"": 26, ""new_fc_5"": 31, ""new_fc_6"": 29, ""new_fc_7"": 3, ""new_fc_8"": 23, ""new_fc_9"": 32, ""num_neurons"": 64, ""optimizer"": ""Adamax"", ""reg_l2"": true, ""skip_connection"": false, ""unit_c1"": 4, ""unit_c2"": 8}"
124,52,flops,,,2.2748614133333334,341229212.0,3991658.0,,1599.6963,"{""activation"": ""swish"", ""batch_size"": 32, ""data_augmentation"": false, ""dr_f"": 0.392599770662, ""learning_rate"": 0.000564661755, ""new_fc_1"": 25, ""new_fc_10"": 2, ""new_fc_2"": 23, ""new_fc_3"": 15, ""new_fc_4"": 20, ""new_fc_5"": 5, ""new_fc_6"": 8, ""new_fc_7"": 23, ""new_fc_8"": 12, ""new_fc_9"": 20, ""num_neurons"": 32, ""optimizer"": ""Adagrad"", ""reg_l2"": false, ""skip_connection"": false, ""unit_c1"": 4, ""unit_c2"": 1}"
125,53,accuracy,0.8999999985098839,0.10000000149011612,0.10701773333333334,16052660.0,348938.0,-0.3378946810430813,1744.7841,"{""activation"": ""relu"", ""batch_size"": 64, ""data_augmentation"": true, ""dr_f"": 0.379930194326, ""learning_rate"": 0.000135352054, ""new_fc_1"": 18, ""new_fc_10"": 4, ""new_fc_2"": 32, ""new_fc_3"": 20, ""new_fc_4"": 23, ""new_fc_5"": 22, ""new_fc_6"": 6, ""new_fc_7"": 16, ""new_fc_8"": 11, ""new_fc_9"": 23, ""num_neurons"": 8, ""optimizer"": ""Adam"", ""reg_l2"": true, ""skip_connection"": true, ""unit_c1"": 3, ""unit_c2"": 2}"
126,54,accuracy,10000000000.0,,4.7851020533333335,717765308.0,37180490.0,10000000000.0,1748.4342,"{""activation"": ""selu"", ""batch_size"": 16, ""data_augmentation"": true, ""dr_f"": 0.110218474433, ""learning_rate"": 0.000775712701, ""new_fc_1"": 12, ""new_fc_10"": 32, ""new_fc_2"": 18, ""new_fc_3"": 31, ""new_fc_4"": 9, ""new_fc_5"": 27, ""new_fc_6"": 17, ""new_fc_7"": 26, ""new_fc_8"": 32, ""new_fc_9"": 30, ""num_neurons"": 64, ""optimizer"": ""Adadelta"", ""reg_l2"": false, ""skip_connection"": false, ""unit_c1"": 1, ""unit_c2"": 5}"
127,55,accuracy,0.4107000231742859,0.5892999768257141,0.05345557333333333,8018336.0,130870.0,-0.6964733117779999,3873.6848,"{""activation"": ""selu"", ""batch_size"": 8, ""data_augmentation"": false, ""dr_f"": 0.19456866279, ""learning_rate"": 0.000596908355, ""new_fc_1"": 13, ""new_fc_10"": 18, ""new_fc_2"": 2, ""new_fc_3"": 0, ""new_fc_4"": 2, ""new_fc_5"": 22, ""new_fc_6"": 7, ""new_fc_7"": 9, ""new_fc_8"": 30, ""new_fc_9"": 2, ""num_neurons"": 4, ""optimizer"": ""Adamax"", ""reg_l2"": false, ""skip_connection"": true, ""unit_c1"": 2, ""unit_c2"": 8}"
128,56,accuracy,10000000000.0,,19.01132072,2851698108.0,60597450.0,10000000000.0,3878.3071,"{""activation"": ""relu"", ""batch_size"": 16, ""data_augmentation"": true, ""dr_f"": 0.484978736795, ""learning_rate"": 0.000180276096, ""new_fc_1"": 27, ""new_fc_10"": 22, ""new_fc_2"": 18, ""new_fc_3"": 27, ""new_fc_4"": 15, ""new_fc_5"": 5, ""new_fc_6"": 24, ""new_fc_7"": 4, ""new_fc_8"": 13, ""new_fc_9"": 3, ""num_neurons"": 64, ""optimizer"": ""Adam"", ""reg_l2"": false, ""skip_connection"": true, ""unit_c1"": 4, ""unit_c2"": 7}"
129,56,flops,,,0.9251078133333334,138766172.0,3338154.0,,3879.5263,"{""activation"": ""relu"", ""batch_size"": 16, ""data_augmentation"": true, ""dr_f"": 0.353918346277, ""learning_rate"": 0.000974927598, ""new_fc_1"": 26, ""new_fc_10"": 23, ""new_fc_2"": 14, ""new_fc_3"": 32, ""new_fc_4"": 10, ""new_fc_5"": 32, ""new_fc_6"": 21, ""new_fc_7"": 32, ""new_fc_8"": 11, ""new_fc_9"": 29, ""num_neurons"": 16, ""optimizer"": ""Adam"", ""reg_l2"": false, ""skip_connection"": false, ""unit_c1"": 4, ""unit_c2"": 5}"
130,57,accuracy,0.8999999985098839,0.10000000149011612,0.23153853333333332,34730780.0,2357562.0,-0.3005384410430813,4144.7785,"{""activation"": ""swish"", ""batch_size"": 32, ""data_augmentation"": false, ""dr_f"": 0.295636683526, ""learning_rate"": 0.000443860352, ""new_fc_1"": 31, ""new_fc_10"": 26, ""new_fc_2"": 6, ""new_fc_3"": 4, ""new_fc_4"": 5, ""new_fc_5"": 5, ""new_fc_6"": 28, ""new_fc_7"": 7, ""new_fc_8"": 2, ""new_fc_9"": 16, ""num_neurons"": 16, ""optimizer"": ""Adamax"", ""reg_l2"": true, ""skip_connection"": true, ""unit_c1"": 1, ""unit_c2"": 4}"
131,57,flops,,,1.99282216,298923324.0,7413290.0,,4145.7692,"{""activation"": ""selu"", ""batch_size"": 8, ""data_augmentation"": false, ""dr_f"": 0.364159297049, ""learning_rate"": 0.000985674946, ""new_fc_1"": 8, ""new_fc_10"": 13, ""new_fc_2"": 30, ""new_fc_3"": 29, ""new_fc_4"": 25, ""new_fc_5"": 21, ""new_fc_6"": 27, ""new_fc_7"": 5, ""new_fc_8"": 2, ""new_fc_9"": 4, ""num_neurons"": 32, ""optimizer"": ""Adadelta"", ""reg_l2"": false, ""skip_connection"": false, ""unit_c1"": 1, ""unit_c2"": 7}"
132,58,accuracy,0.33069998025894165,0.6693000197410583,0.8306924533333333,124603868.0,3685194.0,-0.5193022778187408,5732.6751,"{""activation"": ""selu"", ""batch_size"": 8, ""data_augmentation"": true, ""dr_f"": 0.044777928736, ""learning_rate"": 0.00067745637, ""new_fc_1"": 2, ""new_fc_10"": 32, ""new_fc_2"": 24, ""new_fc_3"": 23, ""new_fc_4"": 0, ""new_fc_5"": 13, ""new_fc_6"": 24, ""new_fc_7"": 28, ""new_fc_8"": 13, ""new_fc_9"": 14, ""num_neurons"": 32, ""optimizer"": ""Adagrad"", ""reg_l2"": true, ""skip_connection"": true, ""unit_c1"": 1, ""unit_c2"": 4}"
133,59,accuracy,10000000000.0,,1.99282216,298923324.0,7413290.0,10000000000.0,5733.9961,"{""activation"": ""selu"", ""batch_size"": 8, ""data_augmentation"": false, ""dr_f"": 0.364159297049, ""learning_rate"": 0.000985674946, ""new_fc_1"": 8, ""new_fc_10"": 13, ""new_fc_2"": 30, ""new_fc_3"": 29, ""new_fc_4"": 25, ""new_fc_5"": 21, ""new_fc_6"": 27, ""new_fc_7"": 5, ""new_fc_8"": 2, ""new_fc_9"": 4, ""num_neurons"": 32, ""optimizer"": ""Adadelta"", ""reg_l2"": false, ""skip_connection"": false, ""unit_c1"": 1, ""unit_c2"": 7}"
134,60,accuracy,10000000000.0,,8.710090213333334,1306513532.0,44951562.0,10000000000.0,5737.954,"{""activation"": ""selu"", ""batch_size"": 64, ""data_augmentation"": true, ""dr_f"": 0.071154434289, ""learning_rate"": 0.00048109925, ""new_fc_1"": 32, ""new_fc_10"": 32, ""new_fc_2"": 7, ""new_fc_3"": 24, ""new_fc_4"": 11, ""new_fc_5"": 20, ""new_fc_6"": 8, ""new_fc_7"": 15, ""new_fc_8"": 31, ""new_fc_9"": 13, ""num_neurons"": 64, ""optimizer"": ""Adagrad"", ""reg_l2"": true, ""skip_connection"": false, ""unit_c1"": 3, ""unit_c2"": 4}"
135,60,flops,,,0.8763656266666666,131454844.0,7110442.0,,5738.9679,"{""activation"": ""elu"", ""batch_size"": 16, ""data_augmentation"": true, ""dr_f"": 0.103705969594, ""learning_rate"": 0.000810153362, ""new_fc_1"": 19, ""new_fc_10"": 27, ""new_fc_2"": 27, ""new_fc_3"": 5, ""new_fc_4"": 4, ""new_fc_5"": 29, ""new_fc_6"": 14, ""new_fc_7"": 13, ""new_fc_8"": 10, ""new_fc_9"": 10, ""num_neurons"": 32, ""optimizer"": ""SGD"", ""reg_l2"": false, ""skip_connection"": true, ""unit_c1"": 1, ""unit_c2"": 4}"
136,61,accuracy,0.8796999976038933,0.12030000239610672,0.17475896,26213844.0,638282.0,-0.3317823136772747,5945.1434,"{""activation"": ""swish"", ""batch_size"": 64, ""data_augmentation"": false, ""dr_f"": 0.435066185937, ""learning_rate"": 0.000850423257, ""new_fc_1"": 15, ""new_fc_10"": 12, ""new_fc_2"": 11, ""new_fc_3"": 2, ""new_fc_4"": 30, ""new_fc_5"": 0, ""new_fc_6"": 29, ""new_fc_7"": 9, ""new_fc_8"": 32, ""new_fc_9"": 21, ""num_neurons"": 8, ""optimizer"": ""Adadelta"", ""reg_l2"": true, ""skip_connection"": true, ""unit_c1"": 2, ""unit_c2"": 7}"
137,61,flops,,,2.4710681333333335,370660220.0,3617066.0,,5945.9951,"{""activation"": ""relu"", ""batch_size"": 16, ""data_augmentation"": false, ""dr_f"": 0.275096332627, ""learning_rate"": 0.000768729156, ""new_fc_1"": 5, ""new_fc_10"": 5, ""new_fc_2"": 20, ""new_fc_3"": 19, ""new_fc_4"": 17, ""new_fc_5"": 21, ""new_fc_6"": 7, ""new_fc_7"": 4, ""new_fc_8"": 16, ""new_fc_9"": 4, ""num_neurons"": 32, ""optimizer"": ""SGD"", ""reg_l2"": true, ""skip_connection"": false, ""unit_c1"": 3, ""unit_c2"": 5}"
138,62,accuracy,10000000000.0,,1.6593147466666667,248897212.0,28425674.0,10000000000.0,5947.8833,"{""activation"": ""elu"", ""batch_size"": 64, ""data_augmentation"": true, ""dr_f"": 0.433578301738, ""learning_rate"": 0.000183709956, ""new_fc_1"": 31, ""new_fc_10"": 10, ""new_fc_2"": 20, ""new_fc_3"": 29, ""new_fc_4"": 29, ""new_fc_5"": 10, ""new_fc_6"": 9, ""new_fc_7"": 21, ""new_fc_8"": 4, ""new_fc_9"": 15, ""num_neurons"": 64, ""optimizer"": ""Adamax"", ""reg_l2"": true, ""skip_connection"": false, ""unit_c1"": 1, ""unit_c2"": 2}"
139,62,flops,,,0.06216037333333333,9324056.0,263686.0,,5949.3426,"{""activation"": ""selu"", ""batch_size"": 64, ""data_augmentation"": true, ""dr_f"": 0.395928772109, ""learning_rate"": 0.000155322021, ""new_fc_1"": 29, ""new_fc_10"": 32, ""new_fc_2"": 15, ""new_fc_3"": 11, ""new_fc_4"": 19, ""new_fc_5"": 24, ""new_fc_6"": 25, ""new_fc_7"": 3, ""new_fc_8"": 10, ""new_fc_9"": 15, ""num_neurons"": 4, ""optimizer"": ""Adagrad"", ""reg_l2"": false, ""skip_connection"": true, ""unit_c1"": 3, ""unit_c2"": 7}"
140,62,flops,,,3.1755204,476328060.0,8002954.0,,5950.7696,"{""activation"": ""swish"", ""batch_size"": 64, ""data_augmentation"": true, ""dr_f"": 0.178982995859, ""learning_rate"": 0.000416329427, ""new_fc_1"": 18, ""new_fc_10"": 0, ""new_fc_2"": 17, ""new_fc_3"": 29, ""new_fc_4"": 9, ""new_fc_5"": 2, ""new_fc_6"": 8, ""new_fc_7"": 20, ""new_fc_8"": 32, ""new_fc_9"": 27, ""num_neurons"": 32, ""optimizer"": ""Adam"", ""reg_l2"": false, ""skip_connection"": false, ""unit_c1"": 4, ""unit_c2"": 4}"
141,62,flops,,,0.21395837333333334,32093756.0,974666.0,,5951.8168,"{""activation"": ""relu"", ""batch_size"": 32, ""data_augmentation"": true, ""dr_f"": 0.418584241622, ""learning_rate"": 0.000678684123, ""new_fc_1"": 16, ""new_fc_10"": 25, ""new_fc_2"": 15, ""new_fc_3"": 18, ""new_fc_4"": 11, ""new_fc_5"": 5, ""new_fc_6"": 10, ""new_fc_7"": 16, ""new_fc_8"": 5, ""new_fc_9"": 19, ""num_neurons"": 16, ""optimizer"": ""Adam"", ""reg_l2"": true, ""skip_connection"": false, ""unit_c1"": 2, ""unit_c2"": 2}"
142,63,accuracy,10000000000.0,,8.890551866666666,1333582780.0,47700234.0,10000000000.0,5955.8162,"{""activation"": ""elu"", ""batch_size"": 8, ""data_augmentation"": true, ""dr_f"": 0.407972305443, ""learning_rate"": 0.00097259479, ""new_fc_1"": 21, ""new_fc_10"": 3, ""new_fc_2"": 20, ""new_fc_3"": 10, ""new_fc_4"": 20, ""new_fc_5"": 32, ""new_fc_6"": 30, ""new_fc_7"": 19, ""new_fc_8"": 1, ""new_fc_9"": 22, ""num_neurons"": 64, ""optimizer"": ""SGD"", ""reg_l2"": true, ""skip_connection"": true, ""unit_c1"": 2, ""unit_c2"": 6}"
143,63,flops,,,0.8908191733333334,133622876.0,3031130.0,,5957.0617,"{""activation"": ""relu"", ""batch_size"": 64, ""data_augmentation"": true, ""dr_f"": 0.327525615303, ""learning_rate"": 0.000166299923, ""new_fc_1"": 21, ""new_fc_10"": 13, ""new_fc_2"": 9, ""new_fc_3"": 13, ""new_fc_4"": 4, ""new_fc_5"": 27, ""new_fc_6"": 13, ""new_fc_7"": 24, ""new_fc_8"": 3, ""new_fc_9"": 31, ""num_neurons"": 16, ""optimizer"": ""Adamax"", ""reg_l2"": false, ""skip_connection"": false, ""unit_c1"": 3, ""unit_c2"": 7}"
144,63,flops,,,1.03910792,155866188.0,1215258.0,,5958.2279,"{""activation"": ""selu"", ""batch_size"": 16, ""data_augmentation"": false, ""dr_f"": 0.372904750477, ""learning_rate"": 0.000754130167, ""new_fc_1"": 7, ""new_fc_10"": 15, ""new_fc_2"": 17, ""new_fc_3"": 31, ""new_fc_4"": 9, ""new_fc_5"": 5, ""new_fc_6"": 5, ""new_fc_7"": 6, ""new_fc_8"": 15, ""new_fc_9"": 7, ""num_neurons"": 16, ""optimizer"": ""Adadelta"", ""reg_l2"": true, ""skip_connection"": true, ""unit_c1"": 4, ""unit_c2"": 6}"
145,64,accuracy,0.9002000018954277,0.0997999981045723,0.044963706666666665,6744556.0,194722.0,-0.35637088667320055,6102.9766,"{""activation"": ""swish"", ""batch_size"": 64, ""data_augmentation"": false, ""dr_f"": 0.374407937856, ""learning_rate"": 0.000483366066, ""new_fc_1"": 23, ""new_fc_10"": 21, ""new_fc_2"": 0, ""new_fc_3"": 2, ""new_fc_4"": 25, ""new_fc_5"": 1, ""new_fc_6"": 23, ""new_fc_7"": 31, ""new_fc_8"": 7, ""new_fc_9"": 3, ""num_neurons"": 4, ""optimizer"": ""SGD"", ""reg_l2"": true, ""skip_connection"": false, ""unit_c1"": 2, ""unit_c2"": 7}"
146,64,flops,,,0.67627944,101441916.0,3290858.0,,6104.0419,"{""activation"": ""elu"", ""batch_size"": 16, ""data_augmentation"": false, ""dr_f"": 0.472865470134, ""learning_rate"": 0.000304087671, ""new_fc_1"": 15, ""new_fc_10"": 12, ""new_fc_2"": 1, ""new_fc_3"": 7, ""new_fc_4"": 26, ""new_fc_5"": 27, ""new_fc_6"": 2, ""new_fc_7"": 19, ""new_fc_8"": 20, ""new_fc_9"": 25, ""num_neurons"": 32, ""optimizer"": ""Adam"", ""reg_l2"": true, ""skip_connection"": true, ""unit_c1"": 2, ""unit_c2"": 1}"
147,65,accuracy,0.8559000045061111,0.14409999549388885,0.03970464,5955696.0,166074.0,-0.3889586048457222,6248.6511,"{""activation"": ""relu"", ""batch_size"": 64, ""data_augmentation"": false, ""dr_f"": 0.097113315561, ""learning_rate"": 0.000505726108, ""new_fc_1"": 31, ""new_fc_10"": 6, ""new_fc_2"": 12, ""new_fc_3"": 16, ""new_fc_4"": 27, ""new_fc_5"": 6, ""new_fc_6"": 16, ""new_fc_7"": 13, ""new_fc_8"": 9, ""new_fc_9"": 29, ""num_neurons"": 4, ""optimizer"": ""Adagrad"", ""reg_l2"": true, ""skip_connection"": true, ""unit_c1"": 3, ""unit_c2"": 4}"
148,66,accuracy,0.8648999929428101,0.13510000705718994,0.7808897866666666,117133468.0,1156458.0,-0.16030306894003296,6573.7336,"{""activation"": ""relu"", ""batch_size"": 32, ""data_augmentation"": true, ""dr_f"": 0.269574415002, ""learning_rate"": 0.000738645775, ""new_fc_1"": 3, ""new_fc_10"": 17, ""new_fc_2"": 29, ""new_fc_3"": 19, ""new_fc_4"": 28, ""new_fc_5"": 19, ""new_fc_6"": 15, ""new_fc_7"": 8, ""new_fc_8"": 6, ""new_fc_9"": 2, ""num_neurons"": 16, ""optimizer"": ""SGD"", ""reg_l2"": true, ""skip_connection"": false, ""unit_c1"": 2, ""unit_c2"": 8}"
149,66,flops,,,8.924210746666667,1338631612.0,50224138.0,,6576.4581,"{""activation"": ""elu"", ""batch_size"": 16, ""data_augmentation"": false, ""dr_f"": 0.203274678221, ""learning_rate"": 0.000351212453, ""new_fc_1"": 24, ""new_fc_10"": 25, ""new_fc_2"": 31, ""new_fc_3"": 9, ""new_fc_4"": 3, ""new_fc_5"": 5, ""new_fc_6"": 7, ""new_fc_7"": 3, ""new_fc_8"": 31, ""new_fc_9"": 24, ""num_neurons"": 64, ""optimizer"": ""Adagrad"", ""reg_l2"": false, ""skip_connection"": true, ""unit_c1"": 2, ""unit_c2"": 6}"
150,66,flops,,,2.4773977333333335,371609660.0,6142186.0,,6577.646,"{""activation"": ""selu"", ""batch_size"": 32, ""data_augmentation"": false, ""dr_f"": 0.263767221509, ""learning_rate"": 0.000862085279, ""new_fc_1"": 8, ""new_fc_10"": 7, ""new_fc_2"": 4, ""new_fc_3"": 25, ""new_fc_4"": 11, ""new_fc_5"": 2, ""new_fc_6"": 18, ""new_fc_7"": 31, ""new_fc_8"": 5, ""new_fc_9"": 5, ""num_neurons"": 32, ""optimizer"": ""Adamax"", ""reg_l2"": true, ""skip_connection"": false, ""unit_c1"": 1, ""unit_c2"": 8}"
151,66,flops,,,1.5823233866666666,237348508.0,7501898.0,,6578.8367,"{""activation"": ""selu"", ""batch_size"": 8, ""data_augmentation"": true, ""dr_f"": 0.26787266089, ""learning_rate"": 0.000959770749, ""new_fc_1"": 23, ""new_fc_10"": 30, ""new_fc_2"": 14, ""new_fc_3"": 32, ""new_fc_4"": 19, ""new_fc_5"": 18, ""new_fc_6"": 10, ""new_fc_7"": 17, ""new_fc_8"": 26, ""new_fc_9"": 30, ""num_neurons"": 32, ""optimizer"": ""Adamax"", ""reg_l2"": false, ""skip_connection"": false, ""unit_c1"": 3, ""unit_c2"": 2}"
152,66,flops,,,19.086320613333335,2862948092.0,66222730.0,,6582.2968,"{""activation"": ""relu"", ""batch_size"": 16, ""data_augmentation"": false, ""dr_f"": 0.341149538376, ""learning_rate"": 0.000383524453, ""new_fc_1"": 29, ""new_fc_10"": 17, ""new_fc_2"": 1, ""new_fc_3"": 20, ""new_fc_4"": 12, ""new_fc_5"": 32, ""new_fc_6"": 0, ""new_fc_7"": 20, ""new_fc_8"": 21, ""new_fc_9"": 15, ""num_neurons"": 64, ""optimizer"": ""Adagrad"", ""reg_l2"": true, ""skip_connection"": true, ""unit_c1"": 4, ""unit_c2"": 7}"
153,67,accuracy,0.8999999985098839,0.10000000149011612,0.024943173333333332,3741476.0,46918.0,-0.3625170490430813,6907.2418,"{""activation"": ""elu"", ""batch_size"": 16, ""data_augmentation"": false, ""dr_f"": 0.450986421423, ""learning_rate"": 0.000831733132, ""new_fc_1"": 17, ""new_fc_10"": 14, ""new_fc_2"": 26, ""new_fc_3"": 4, ""new_fc_4"": 1, ""new_fc_5"": 1, ""new_fc_6"": 24, ""new_fc_7"": 31, ""new_fc_8"": 1, ""new_fc_9"": 19, ""num_neurons"": 4, ""optimizer"": ""Adamax"", ""reg_l2"": true, ""skip_connection"": false, ""unit_c1"": 3, ""unit_c2"": 1}"
154,67,flops,,,0.030859493333333335,4628924.0,120798.0,,6908.1701,"{""activation"": ""relu"", ""batch_size"": 8, ""data_augmentation"": true, ""dr_f"": 0.330528194708, ""learning_rate"": 0.00070589672, ""new_fc_1"": 15, ""new_fc_10"": 2, ""new_fc_2"": 25, ""new_fc_3"": 16, ""new_fc_4"": 20, ""new_fc_5"": 7, ""new_fc_6"": 32, ""new_fc_7"": 18, ""new_fc_8"": 7, ""new_fc_9"": 18, ""num_neurons"": 4, ""optimizer"": ""Adamax"", ""reg_l2"": true, ""skip_connection"": true, ""unit_c1"": 2, ""unit_c2"": 5}"
155,68,accuracy,10000000000.0,,1.5823233866666666,237348508.0,7501898.0,10000000000.0,6909.3755,"{""activation"": ""selu"", ""batch_size"": 8, ""data_augmentation"": true, ""dr_f"": 0.26787266089, ""learning_rate"": 0.000959770749, ""new_fc_1"": 23, ""new_fc_10"": 30, ""new_fc_2"": 14, ""new_fc_3"": 32, ""new_fc_4"": 19, ""new_fc_5"": 18, ""new_fc_6"": 10, ""new_fc_7"": 17, ""new_fc_8"": 26, ""new_fc_9"": 30, ""num_neurons"": 32, ""optimizer"": ""Adamax"", ""reg_l2"": false, ""skip_connection"": false, ""unit_c1"": 3, ""unit_c2"": 2}"
156,69,accuracy,0.8999999985098839,0.10000000149011612,0.21395837333333334,32093756.0,974666.0,-0.3058124890430813,7114.1737,"{""activation"": ""relu"", ""batch_size"": 32, ""data_augmentation"": true, ""dr_f"": 0.418584241622, ""learning_rate"": 0.000678684123, ""new_fc_1"": 16, ""new_fc_10"": 25, ""new_fc_2"": 15, ""new_fc_3"": 18, ""new_fc_4"": 11, ""new_fc_5"": 5, ""new_fc_6"": 10, ""new_fc_7"": 16, ""new_fc_8"": 5, ""new_fc_9"": 19, ""num_neurons"": 16, ""optimizer"": ""Adam"", ""reg_l2"": true, ""skip_connection"": false, ""unit_c1"": 2, ""unit_c2"": 2}"
157,69,flops,,,2.8087865333333335,421317980.0,6693674.0,,7115.4676,"{""activation"": ""relu"", ""batch_size"": 64, ""data_augmentation"": true, ""dr_f"": 0.091133264575, ""learning_rate"": 0.000529278198, ""new_fc_1"": 21, ""new_fc_10"": 1, ""new_fc_2"": 23, ""new_fc_3"": 18, ""new_fc_4"": 18, ""new_fc_5"": 14, ""new_fc_6"": 8, ""new_fc_7"": 4, ""new_fc_8"": 21, ""new_fc_9"": 21, ""num_neurons"": 32, ""optimizer"": ""Adadelta"", ""reg_l2"": false, ""skip_connection"": false, ""unit_c1"": 4, ""unit_c2"": 3}"
158,69,flops,,,0.8095398133333334,121430972.0,2097130.0,,7116.5632,"{""activation"": ""elu"", ""batch_size"": 16, ""data_augmentation"": true, ""dr_f"": 0.09371079736, ""learning_rate"": 0.00098427618, ""new_fc_1"": 11, ""new_fc_10"": 0, ""new_fc_2"": 10, ""new_fc_3"": 23, ""new_fc_4"": 8, ""new_fc_5"": 25, ""new_fc_6"": 17, ""new_fc_7"": 16, ""new_fc_8"": 8, ""new_fc_9"": 26, ""num_neurons"": 16, ""optimizer"": ""Adagrad"", ""reg_l2"": false, ""skip_connection"": true, ""unit_c1"": 2, ""unit_c2"": 8}"
159,69,flops,,,0.01699352,2549028.0,155738.0,,7117.555,"{""activation"": ""relu"", ""batch_size"": 32, ""data_augmentation"": false, ""dr_f"": 0.304952756165, ""learning_rate"": 0.00081700007, ""new_fc_1"": 15, ""new_fc_10"": 9, ""new_fc_2"": 7, ""new_fc_3"": 18, ""new_fc_4"": 22, ""new_fc_5"": 4, ""new_fc_6"": 15, ""new_fc_7"": 24, ""new_fc_8"": 2, ""new_fc_9"": 21, ""num_neurons"": 8, ""optimizer"": ""SGD"", ""reg_l2"": true, ""skip_connection"": false, ""unit_c1"": 1, ""unit_c2"": 1}"
160,70,accuracy,10000000000.0,,8.391788346666667,1258768252.0,21077258.0,10000000000.0,7120.8898,"{""activation"": ""selu"", ""batch_size"": 16, ""data_augmentation"": true, ""dr_f"": 0.273084599769, ""learning_rate"": 0.000376478057, ""new_fc_1"": 13, ""new_fc_10"": 20, ""new_fc_2"": 20, ""new_fc_3"": 1, ""new_fc_4"": 11, ""new_fc_5"": 2, ""new_fc_6"": 30, ""new_fc_7"": 13, ""new_fc_8"": 19, ""new_fc_9"": 12, ""num_neurons"": 64, ""optimizer"": ""Adadelta"", ""reg_l2"": true, ""skip_connection"": false, ""unit_c1"": 3, ""unit_c2"": 4}"
161,71,accuracy,0.8999999985098839,0.10000000149011612,0.01699352,2549028.0,155738.0,-0.36490194504308127,7325.2278,"{""activation"": ""relu"", ""batch_size"": 32, ""data_augmentation"": false, ""dr_f"": 0.304952756165, ""learning_rate"": 0.00081700007, ""new_fc_1"": 15, ""new_fc_10"": 9, ""new_fc_2"": 7, ""new_fc_3"": 18, ""new_fc_4"": 22, ""new_fc_5"": 4, ""new_fc_6"": 15, ""new_fc_7"": 24, ""new_fc_8"": 2, ""new_fc_9"": 21, ""num_neurons"": 8, ""optimizer"": ""SGD"", ""reg_l2"": true, ""skip_connection"": false, ""unit_c1"": 1, ""unit_c2"": 1}"
162,72,accuracy,10000000000.0,,2.2817074933333332,342256124.0,3211818.0,10000000000.0,7327.5676,"{""activation"": ""selu"", ""batch_size"": 64, ""data_augmentation"": false, ""dr_f"": 0.12150750433, ""learning_rate"": 0.000651104718, ""new_fc_1"": 23, ""new_fc_10"": 10, ""new_fc_2"": 27, ""new_fc_3"": 5, ""new_fc_4"": 18, ""new_fc_5"": 6, ""new_fc_6"": 7, ""new_fc_7"": 16, ""new_fc_8"": 6, ""new_fc_9"": 16, ""num_neurons"": 32, ""optimizer"": ""Adam"", ""reg_l2"": false, ""skip_connection"": true, ""unit_c1"": 4, ""unit_c2"": 1}"
163,73,accuracy,0.319100022315979,0.680899977684021,0.8095398133333334,121430972.0,2097130.0,-0.5337680403788146,8252.1268,"{""activation"": ""elu"", ""batch_size"": 16, ""data_augmentation"": true, ""dr_f"": 0.09371079736, ""learning_rate"": 0.00098427618, ""new_fc_1"": 11, ""new_fc_10"": 0, ""new_fc_2"": 10, ""new_fc_3"": 23, ""new_fc_4"": 8, ""new_fc_5"": 25, ""new_fc_6"": 17, ""new_fc_7"": 16, ""new_fc_8"": 8, ""new_fc_9"": 26, ""num_neurons"": 16, ""optimizer"": ""Adagrad"", ""reg_l2"": false, ""skip_connection"": true, ""unit_c1"": 2, ""unit_c2"": 8}"
164,73,flops,,,0.026286613333333333,3942992.0,85382.0,,8252.945,"{""activation"": ""selu"", ""batch_size"": 8, ""data_augmentation"": false, ""dr_f"": 0.468847788629, ""learning_rate"": 0.000652544124, ""new_fc_1"": 28, ""new_fc_10"": 16, ""new_fc_2"": 32, ""new_fc_3"": 22, ""new_fc_4"": 17, ""new_fc_5"": 0, ""new_fc_6"": 0, ""new_fc_7"": 21, ""new_fc_8"": 14, ""new_fc_9"": 23, ""num_neurons"": 4, ""optimizer"": ""Adadelta"", ""reg_l2"": true, ""skip_connection"": true, ""unit_c1"": 3, ""unit_c2"": 1}"
165,74,accuracy,0.8783999979496002,0.12160000205039978,0.15009501333333333,22514252.0,1306506.0,-0.3400914974352799,8938.0854,"{""activation"": ""swish"", ""batch_size"": 16, ""data_augmentation"": false, ""dr_f"": 0.16655870775, ""learning_rate"": 0.000380733842, ""new_fc_1"": 14, ""new_fc_10"": 3, ""new_fc_2"": 11, ""new_fc_3"": 31, ""new_fc_4"": 18, ""new_fc_5"": 8, ""new_fc_6"": 31, ""new_fc_7"": 18, ""new_fc_8"": 11, ""new_fc_9"": 6, ""num_neurons"": 16, ""optimizer"": ""Adagrad"", ""reg_l2"": false, ""skip_connection"": false, ""unit_c1"": 1, ""unit_c2"": 3}"
166,74,flops,,,0.44042984,66064476.0,1969610.0,,8939.3849,"{""activation"": ""swish"", ""batch_size"": 32, ""data_augmentation"": true, ""dr_f"": 0.189274031139, ""learning_rate"": 0.000697032959, ""new_fc_1"": 15, ""new_fc_10"": 23, ""new_fc_2"": 2, ""new_fc_3"": 29, ""new_fc_4"": 1, ""new_fc_5"": 9, ""new_fc_6"": 32, ""new_fc_7"": 27, ""new_fc_8"": 9, ""new_fc_9"": 31, ""num_neurons"": 16, ""optimizer"": ""Adadelta"", ""reg_l2"": true, ""skip_connection"": false, ""unit_c1"": 2, ""unit_c2"": 5}"
167,75,accuracy,10000000000.0,,2.518122,377718300.0,2795882.0,10000000000.0,8941.7662,"{""activation"": ""elu"", ""batch_size"": 16, ""data_augmentation"": true, ""dr_f"": 0.063806933484, ""learning_rate"": 0.000391797649, ""new_fc_1"": 2, ""new_fc_10"": 15, ""new_fc_2"": 11, ""new_fc_3"": 21, ""new_fc_4"": 2, ""new_fc_5"": 19, ""new_fc_6"": 31, ""new_fc_7"": 14, ""new_fc_8"": 13, ""new_fc_9"": 3, ""num_neurons"": 32, ""optimizer"": ""Adamax"", ""reg_l2"": false, ""skip_connection"": true, ""unit_c1"": 3, ""unit_c2"": 5}"
168,76,accuracy,0.8999999985098839,0.10000000149011612,0.9327352266666666,139910284.0,3734554.0,-0.09017943304308129,267.7367,"{""activation"": ""swish"", ""batch_size"": 64, ""data_augmentation"": false, ""dr_f"": 0.148031100971, ""learning_rate"": 0.000492546017, ""new_fc_1"": 29, ""new_fc_10"": 2, ""new_fc_2"": 11, ""new_fc_3"": 25, ""new_fc_4"": 26, ""new_fc_5"": 31, ""new_fc_6"": 31, ""new_fc_7"": 24, ""new_fc_8"": 19, ""new_fc_9"": 25, ""num_neurons"": 16, ""optimizer"": ""Adagrad"", ""reg_l2"": false, ""skip_connection"": false, ""unit_c1"": 4, ""unit_c2"": 5}"
169,76,flops,,,0.5834737866666667,87521068.0,571434.0,,268.9996,"{""activation"": ""swish"", ""batch_size"": 32, ""data_augmentation"": false, ""dr_f"": 0.123357540861, ""learning_rate"": 0.000197962834, ""new_fc_1"": 1, ""new_fc_10"": 21, ""new_fc_2"": 20, ""new_fc_3"": 30, ""new_fc_4"": 29, ""new_fc_5"": 3, ""new_fc_6"": 29, ""new_fc_7"": 2, ""new_fc_8"": 12, ""new_fc_9"": 6, ""num_neurons"": 16, ""optimizer"": ""Adamax"", ""reg_l2"": false, ""skip_connection"": true, ""unit_c1"": 4, ""unit_c2"": 1}"
170,77,accuracy,10000000000.0,,12.975021626666667,1946253244.0,66332938.0,10000000000.0,273.9324,"{""activation"": ""elu"", ""batch_size"": 16, ""data_augmentation"": true, ""dr_f"": 0.341222822012, ""learning_rate"": 0.000929940334, ""new_fc_1"": 22, ""new_fc_10"": 26, ""new_fc_2"": 28, ""new_fc_3"": 23, ""new_fc_4"": 13, ""new_fc_5"": 11, ""new_fc_6"": 15, ""new_fc_7"": 26, ""new_fc_8"": 21, ""new_fc_9"": 29, ""num_neurons"": 64, ""optimizer"": ""Adagrad"", ""reg_l2"": true, ""skip_connection"": false, ""unit_c1"": 2, ""unit_c2"": 8}"
171,77,flops,,,3.2340287733333333,485104316.0,10100234.0,,275.4886,"{""activation"": ""swish"", ""batch_size"": 16, ""data_augmentation"": false, ""dr_f"": 0.460618982784, ""learning_rate"": 0.000211878981, ""new_fc_1"": 13, ""new_fc_10"": 27, ""new_fc_2"": 1, ""new_fc_3"": 25, ""new_fc_4"": 27, ""new_fc_5"": 19, ""new_fc_6"": 5, ""new_fc_7"": 17, ""new_fc_8"": 5, ""new_fc_9"": 29, ""num_neurons"": 32, ""optimizer"": ""SGD"", ""reg_l2"": true, ""skip_connection"": true, ""unit_c1"": 2, ""unit_c2"": 8}"
172,77,flops,,,0.025180106666666667,3777016.0,64722.0,,276.5243,"{""activation"": ""elu"", ""batch_size"": 16, ""data_augmentation"": true, ""dr_f"": 0.242089235993, ""learning_rate"": 0.00042256393, ""new_fc_1"": 28, ""new_fc_10"": 25, ""new_fc_2"": 24, ""new_fc_3"": 16, ""new_fc_4"": 7, ""new_fc_5"": 16, ""new_fc_6"": 16, ""new_fc_7"": 4, ""new_fc_8"": 7, ""new_fc_9"": 12, ""num_neurons"": 4, ""optimizer"": ""Adadelta"", ""reg_l2"": false, ""skip_connection"": false, ""unit_c1"": 3, ""unit_c2"": 1}"
173,77,flops,,,0.019036346666666665,2855452.0,54822.0,,277.5457,"{""activation"": ""elu"", ""batch_size"": 64, ""data_augmentation"": true, ""dr_f"": 0.033708645162, ""learning_rate"": 0.000483225747, ""new_fc_1"": 3, ""new_fc_10"": 6, ""new_fc_2"": 31, ""new_fc_3"": 19, ""new_fc_4"": 15, ""new_fc_5"": 5, ""new_fc_6"": 0, ""new_fc_7"": 20, ""new_fc_8"": 17, ""new_fc_9"": 28, ""num_neurons"": 4, ""optimizer"": ""Adagrad"", ""reg_l2"": false, ""skip_connection"": false, ""unit_c1"": 1, ""unit_c2"": 5}"
174,78,accuracy,0.8611000031232834,0.1388999968767166,0.2367428,35511420.0,2747546.0,-0.3262071578137016,603.4104,"{""activation"": ""swish"", ""batch_size"": 64, ""data_augmentation"": false, ""dr_f"": 0.091323808753, ""learning_rate"": 0.000235801065, ""new_fc_1"": 31, ""new_fc_10"": 8, ""new_fc_2"": 27, ""new_fc_3"": 10, ""new_fc_4"": 31, ""new_fc_5"": 6, ""new_fc_6"": 15, ""new_fc_7"": 15, ""new_fc_8"": 29, ""new_fc_9"": 0, ""num_neurons"": 16, ""optimizer"": ""SGD"", ""reg_l2"": true, ""skip_connection"": true, ""unit_c1"": 1, ""unit_c2"": 4}"
175,78,flops,,,0.46611944,69917916.0,3201274.0,,604.4802,"{""activation"": ""elu"", ""batch_size"": 32, ""data_augmentation"": false, ""dr_f"": 0.447107129234, ""learning_rate"": 0.000394263418, ""new_fc_1"": 32, ""new_fc_10"": 14, ""new_fc_2"": 19, ""new_fc_3"": 7, ""new_fc_4"": 20, ""new_fc_5"": 32, ""new_fc_6"": 6, ""new_fc_7"": 1, ""new_fc_8"": 8, ""new_fc_9"": 7, ""num_neurons"": 16, ""optimizer"": ""Adam"", ""reg_l2"": false, ""skip_connection"": true, ""unit_c1"": 2, ""unit_c2"": 5}"
176,79,accuracy,0.753600001335144,0.24639999866485596,0.025180106666666667,3777016.0,64722.0,-0.4649259670653991,1709.4659,"{""activation"": ""elu"", ""batch_size"": 16, ""data_augmentation"": true, ""dr_f"": 0.242089235993, ""learning_rate"": 0.00042256393, ""new_fc_1"": 28, ""new_fc_10"": 25, ""new_fc_2"": 24, ""new_fc_3"": 16, ""new_fc_4"": 7, ""new_fc_5"": 16, ""new_fc_6"": 16, ""new_fc_7"": 4, ""new_fc_8"": 7, ""new_fc_9"": 12, ""num_neurons"": 4, ""optimizer"": ""Adadelta"", ""reg_l2"": false, ""skip_connection"": false, ""unit_c1"": 3, ""unit_c2"": 1}"
177,80,accuracy,0.31470000743865967,0.6852999925613403,0.8104879733333333,121573196.0,2385242.0,-0.5365636027929381,3595.6631,"{""activation"": ""selu"", ""batch_size"": 8, ""data_augmentation"": false, ""dr_f"": 0.07958539059, ""learning_rate"": 0.000663259358, ""new_fc_1"": 20, ""new_fc_10"": 4, ""new_fc_2"": 10, ""new_fc_3"": 32, ""new_fc_4"": 31, ""new_fc_5"": 26, ""new_fc_6"": 18, ""new_fc_7"": 13, ""new_fc_8"": 27, ""new_fc_9"": 12, ""num_neurons"": 16, ""optimizer"": ""Adagrad"", ""reg_l2"": true, ""skip_connection"": false, ""unit_c1"": 4, ""unit_c2"": 4}"
178,81,accuracy,0.8999999985098839,0.10000000149011612,0.44042984,66064476.0,1969610.0,-0.23787104904308126,3921.0506,"{""activation"": ""swish"", ""batch_size"": 32, ""data_augmentation"": true, ""dr_f"": 0.189274031139, ""learning_rate"": 0.000697032959, ""new_fc_1"": 15, ""new_fc_10"": 23, ""new_fc_2"": 2, ""new_fc_3"": 29, ""new_fc_4"": 1, ""new_fc_5"": 9, ""new_fc_6"": 32, ""new_fc_7"": 27, ""new_fc_8"": 9, ""new_fc_9"": 31, ""num_neurons"": 16, ""optimizer"": ""Adadelta"", ""reg_l2"": true, ""skip_connection"": false, ""unit_c1"": 2, ""unit_c2"": 5}"
179,82,accuracy,0.9003999978303909,0.09960000216960907,0.06216037333333333,9324056.0,263686.0,-0.35107188951872637,4065.9595,"{""activation"": ""selu"", ""batch_size"": 64, ""data_augmentation"": true, ""dr_f"": 0.395928772109, ""learning_rate"": 0.000155322021, ""new_fc_1"": 29, ""new_fc_10"": 32, ""new_fc_2"": 15, ""new_fc_3"": 11, ""new_fc_4"": 19, ""new_fc_5"": 24, ""new_fc_6"": 25, ""new_fc_7"": 3, ""new_fc_8"": 10, ""new_fc_9"": 15, ""num_neurons"": 4, ""optimizer"": ""Adagrad"", ""reg_l2"": false, ""skip_connection"": true, ""unit_c1"": 3, ""unit_c2"": 7}"
180,83,accuracy,0.8997000008821487,0.10029999911785126,0.025072586666666667,3760888.0,76254.0,-0.3626882233824959,4332.0869,"{""activation"": ""swish"", ""batch_size"": 32, ""data_augmentation"": true, ""dr_f"": 0.360333835839, ""learning_rate"": 0.000845749675, ""new_fc_1"": 12, ""new_fc_10"": 31, ""new_fc_2"": 20, ""new_fc_3"": 1, ""new_fc_4"": 1, ""new_fc_5"": 30, ""new_fc_6"": 1, ""new_fc_7"": 8, ""new_fc_8"": 25, ""new_fc_9"": 0, ""num_neurons"": 4, ""optimizer"": ""Adadelta"", ""reg_l2"": false, ""skip_connection"": true, ""unit_c1"": 2, ""unit_c2"": 4}"
181,84,accuracy,10000000000.0,,2.4773977333333335,371609660.0,6142186.0,10000000000.0,4333.1124,"{""activation"": ""selu"", ""batch_size"": 32, ""data_augmentation"": false, ""dr_f"": 0.263767221509, ""learning_rate"": 0.000862085279, ""new_fc_1"": 8, ""new_fc_10"": 7, ""new_fc_2"": 4, ""new_fc_3"": 25, ""new_fc_4"": 11, ""new_fc_5"": 2, ""new_fc_6"": 18, ""new_fc_7"": 31, ""new_fc_8"": 5, ""new_fc_9"": 5, ""num_neurons"": 32, ""optimizer"": ""Adamax"", ""reg_l2"": true, ""skip_connection"": false, ""unit_c1"": 1, ""unit_c2"": 8}"
182,85,accuracy,0.8999999985098839,0.10000000149011612,0.07245354666666666,10868032.0,183302.0,-0.3482639370430813,4478.0823,"{""activation"": ""swish"", ""batch_size"": 64, ""data_augmentation"": true, ""dr_f"": 0.24327336186, ""learning_rate"": 0.000755833885, ""new_fc_1"": 22, ""new_fc_10"": 11, ""new_fc_2"": 0, ""new_fc_3"": 23, ""new_fc_4"": 13, ""new_fc_5"": 3, ""new_fc_6"": 7, ""new_fc_7"": 13, ""new_fc_8"": 22, ""new_fc_9"": 29, ""num_neurons"": 4, ""optimizer"": ""Adagrad"", ""reg_l2"": true, ""skip_connection"": true, ""unit_c1"": 4, ""unit_c2"": 6}"
183,85,flops,,,0.8844345333333333,132665180.0,955818.0,,4479.27,"{""activation"": ""selu"", ""batch_size"": 8, ""data_augmentation"": false, ""dr_f"": 0.30976162143, ""learning_rate"": 0.000881546907, ""new_fc_1"": 5, ""new_fc_10"": 8, ""new_fc_2"": 8, ""new_fc_3"": 8, ""new_fc_4"": 0, ""new_fc_5"": 4, ""new_fc_6"": 17, ""new_fc_7"": 21, ""new_fc_8"": 5, ""new_fc_9"": 6, ""num_neurons"": 16, ""optimizer"": ""Adagrad"", ""reg_l2"": false, ""skip_connection"": true, ""unit_c1"": 3, ""unit_c2"": 7}"
184,86,accuracy,0.3021000027656555,0.6978999972343445,0.23512626666666667,35268940.0,649306.0,-0.7179921180640412,4985.9881,"{""activation"": ""selu"", ""batch_size"": 64, ""data_augmentation"": false, ""dr_f"": 0.048630475374, ""learning_rate"": 0.000637233525, ""new_fc_1"": 22, ""new_fc_10"": 7, ""new_fc_2"": 17, ""new_fc_3"": 8, ""new_fc_4"": 12, ""new_fc_5"": 20, ""new_fc_6"": 17, ""new_fc_7"": 10, ""new_fc_8"": 28, ""new_fc_9"": 25, ""num_neurons"": 8, ""optimizer"": ""Adamax"", ""reg_l2"": true, ""skip_connection"": false, ""unit_c1"": 4, ""unit_c2"": 5}"
185,87,accuracy,0.3952999711036682,0.6047000288963318,0.8844345333333333,132665180.0,955818.0,-0.45795966022743223,7351.5545,"{""activation"": ""selu"", ""batch_size"": 8, ""data_augmentation"": false, ""dr_f"": 0.30976162143, ""learning_rate"": 0.000881546907, ""new_fc_1"": 5, ""new_fc_10"": 8, ""new_fc_2"": 8, ""new_fc_3"": 8, ""new_fc_4"": 0, ""new_fc_5"": 4, ""new_fc_6"": 17, ""new_fc_7"": 21, ""new_fc_8"": 5, ""new_fc_9"": 6, ""num_neurons"": 16, ""optimizer"": ""Adagrad"", ""reg_l2"": false, ""skip_connection"": true, ""unit_c1"": 3, ""unit_c2"": 7}"
186,88,accuracy,0.3593999743461609,0.6406000256538391,0.5438049866666667,81570748.0,1249226.0,-0.5852785219576873,7676.335,"{""activation"": ""selu"", ""batch_size"": 64, ""data_augmentation"": true, ""dr_f"": 0.359757618259, ""learning_rate"": 0.000332688386, ""new_fc_1"": 6, ""new_fc_10"": 16, ""new_fc_2"": 10, ""new_fc_3"": 19, ""new_fc_4"": 26, ""new_fc_5"": 10, ""new_fc_6"": 23, ""new_fc_7"": 3, ""new_fc_8"": 18, ""new_fc_9"": 21, ""num_neurons"": 16, ""optimizer"": ""Adamax"", ""reg_l2"": false, ""skip_connection"": true, ""unit_c1"": 2, ""unit_c2"": 6}"
187,89,accuracy,0.38120001554489136,0.6187999844551086,0.4693966666666667,70409500.0,3447610.0,-0.592340989118576,8241.3262,"{""activation"": ""selu"", ""batch_size"": 64, ""data_augmentation"": false, ""dr_f"": 0.30307853912, ""learning_rate"": 0.000468237254, ""new_fc_1"": 29, ""new_fc_10"": 22, ""new_fc_2"": 9, ""new_fc_3"": 27, ""new_fc_4"": 20, ""new_fc_5"": 25, ""new_fc_6"": 32, ""new_fc_7"": 17, ""new_fc_8"": 18, ""new_fc_9"": 15, ""num_neurons"": 16, ""optimizer"": ""SGD"", ""reg_l2"": true, ""skip_connection"": true, ""unit_c1"": 2, ""unit_c2"": 5}"
188,89,flops,,,0.0075791466666666665,1136872.0,54834.0,,8242.3023,"{""activation"": ""elu"", ""batch_size"": 8, ""data_augmentation"": false, ""dr_f"": 0.367190770164, ""learning_rate"": 0.000533248049, ""new_fc_1"": 14, ""new_fc_10"": 30, ""new_fc_2"": 2, ""new_fc_3"": 6, ""new_fc_4"": 29, ""new_fc_5"": 14, ""new_fc_6"": 13, ""new_fc_7"": 32, ""new_fc_8"": 5, ""new_fc_9"": 2, ""num_neurons"": 4, ""optimizer"": ""Adadelta"", ""reg_l2"": true, ""skip_connection"": true, ""unit_c1"": 1, ""unit_c2"": 2}"
189,89,flops,,,0.08180386666666667,12270580.0,853482.0,,8243.2725,"{""activation"": ""swish"", ""batch_size"": 32, ""data_augmentation"": false, ""dr_f"": 0.400835116473, ""learning_rate"": 0.000419214604, ""new_fc_1"": 30, ""new_fc_10"": 8, ""new_fc_2"": 27, ""new_fc_3"": 12, ""new_fc_4"": 28, ""new_fc_5"": 7, ""new_fc_6"": 0, ""new_fc_7"": 24, ""new_fc_8"": 29, ""new_fc_9"": 24, ""num_neurons"": 8, ""optimizer"": ""Adamax"", ""reg_l2"": true, ""skip_connection"": false, ""unit_c1"": 1, ""unit_c2"": 5}"
190,89,flops,,,0.17266429333333333,25899644.0,555738.0,,8244.4076,"{""activation"": ""relu"", ""batch_size"": 32, ""data_augmentation"": false, ""dr_f"": 0.430208681875, ""learning_rate"": 0.000852350906, ""new_fc_1"": 7, ""new_fc_10"": 30, ""new_fc_2"": 5, ""new_fc_3"": 15, ""new_fc_4"": 7, ""new_fc_5"": 27, ""new_fc_6"": 2, ""new_fc_7"": 11, ""new_fc_8"": 6, ""new_fc_9"": 30, ""num_neurons"": 16, ""optimizer"": ""Adam"", ""reg_l2"": false, ""skip_connection"": true, ""unit_c1"": 2, ""unit_c2"": 1}"
191,89,flops,,,1.0749503733333334,161242556.0,3721034.0,,8245.8031,"{""activation"": ""swish"", ""batch_size"": 16, ""data_augmentation"": true, ""dr_f"": 0.093966037475, ""learning_rate"": 0.000191778524, ""new_fc_1"": 29, ""new_fc_10"": 5, ""new_fc_2"": 31, ""new_fc_3"": 27, ""new_fc_4"": 19, ""new_fc_5"": 6, ""new_fc_6"": 19, ""new_fc_7"": 4, ""new_fc_8"": 12, ""new_fc_9"": 4, ""num_neurons"": 16, ""optimizer"": ""Adamax"", ""reg_l2"": false, ""skip_connection"": true, ""unit_c1"": 4, ""unit_c2"": 6}"
192,90,accuracy,0.5669000148773193,0.43309998512268066,0.019036346666666665,2855452.0,54822.0,-0.5974590855858763,8570.9131,"{""activation"": ""elu"", ""batch_size"": 64, ""data_augmentation"": true, ""dr_f"": 0.033708645162, ""learning_rate"": 0.000483225747, ""new_fc_1"": 3, ""new_fc_10"": 6, ""new_fc_2"": 31, ""new_fc_3"": 19, ""new_fc_4"": 15, ""new_fc_5"": 5, ""new_fc_6"": 0, ""new_fc_7"": 20, ""new_fc_8"": 17, ""new_fc_9"": 28, ""num_neurons"": 4, ""optimizer"": ""Adagrad"", ""reg_l2"": false, ""skip_connection"": false, ""unit_c1"": 1, ""unit_c2"": 5}"
193,91,accuracy,10000000000.0,,1.3837604,207564060.0,5171434.0,10000000000.0,8573.5767,"{""activation"": ""swish"", ""batch_size"": 16, ""data_augmentation"": true, ""dr_f"": 0.440746517893, ""learning_rate"": 0.00050570295, ""new_fc_1"": 14, ""new_fc_10"": 10, ""new_fc_2"": 10, ""new_fc_3"": 4, ""new_fc_4"": 14, ""new_fc_5"": 29, ""new_fc_6"": 8, ""new_fc_7"": 1, ""new_fc_8"": 15, ""new_fc_9"": 12, ""num_neurons"": 32, ""optimizer"": ""Adamax"", ""reg_l2"": true, ""skip_connection"": true, ""unit_c1"": 2, ""unit_c2"": 4}"
194,92,accuracy,0.36570000648498535,0.6342999935150146,0.8159144266666667,122387164.0,3783882.0,-0.49923566746051024,10998.7691,"{""activation"": ""selu"", ""batch_size"": 8, ""data_augmentation"": false, ""dr_f"": 0.350286028314, ""learning_rate"": 0.000981555389, ""new_fc_1"": 18, ""new_fc_10"": 12, ""new_fc_2"": 15, ""new_fc_3"": 2, ""new_fc_4"": 32, ""new_fc_5"": 28, ""new_fc_6"": 29, ""new_fc_7"": 31, ""new_fc_8"": 30, ""new_fc_9"": 21, ""num_neurons"": 16, ""optimizer"": ""Adagrad"", ""reg_l2"": false, ""skip_connection"": false, ""unit_c1"": 2, ""unit_c2"": 8}"
195,92,flops,,,14.09668264,2114502396.0,54060042.0,,11002.0128,"{""activation"": ""elu"", ""batch_size"": 32, ""data_augmentation"": false, ""dr_f"": 0.465660889993, ""learning_rate"": 0.000687840788, ""new_fc_1"": 17, ""new_fc_10"": 8, ""new_fc_2"": 31, ""new_fc_3"": 32, ""new_fc_4"": 30, ""new_fc_5"": 27, ""new_fc_6"": 18, ""new_fc_7"": 7, ""new_fc_8"": 22, ""new_fc_9"": 27, ""num_neurons"": 64, ""optimizer"": ""Adam"", ""reg_l2"": false, ""skip_connection"": false, ""unit_c1"": 3, ""unit_c2"": 7}"
196,92,flops,,,0.025731813333333332,3859772.0,114830.0,,11003.0577,"{""activation"": ""elu"", ""batch_size"": 16, ""data_augmentation"": false, ""dr_f"": 0.257995121644, ""learning_rate"": 0.000647572173, ""new_fc_1"": 13, ""new_fc_10"": 10, ""new_fc_2"": 8, ""new_fc_3"": 27, ""new_fc_4"": 5, ""new_fc_5"": 25, ""new_fc_6"": 20, ""new_fc_7"": 14, ""new_fc_8"": 2, ""new_fc_9"": 28, ""num_neurons"": 4, ""optimizer"": ""Adamax"", ""reg_l2"": true, ""skip_connection"": false, ""unit_c1"": 1, ""unit_c2"": 6}"
197,92,flops,,,8.64393128,1296589692.0,26602506.0,,11004.9904,"{""activation"": ""relu"", ""batch_size"": 8, ""data_augmentation"": false, ""dr_f"": 0.439138700091, ""learning_rate"": 0.000307959313, ""new_fc_1"": 20, ""new_fc_10"": 14, ""new_fc_2"": 5, ""new_fc_3"": 18, ""new_fc_4"": 12, ""new_fc_5"": 4, ""new_fc_6"": 0, ""new_fc_7"": 19, ""new_fc_8"": 6, ""new_fc_9"": 19, ""num_neurons"": 64, ""optimizer"": ""Adagrad"", ""reg_l2"": false, ""skip_connection"": true, ""unit_c1"": 3, ""unit_c2"": 4}"
198,92,flops,,,0.09396685333333334,14095028.0,687378.0,,11006.0059,"{""activation"": ""elu"", ""batch_size"": 8, ""data_augmentation"": false, ""dr_f"": 0.276211593584, ""learning_rate"": 0.00084360949, ""new_fc_1"": 32, ""new_fc_10"": 8, ""new_fc_2"": 17, ""new_fc_3"": 4, ""new_fc_4"": 6, ""new_fc_5"": 23, ""new_fc_6"": 19, ""new_fc_7"": 32, ""new_fc_8"": 3, ""new_fc_9"": 31, ""num_neurons"": 8, ""optimizer"": ""Adam"", ""reg_l2"": true, ""skip_connection"": false, ""unit_c1"": 2, ""unit_c2"": 4}"
199,92,flops,,,0.8463884533333333,126958268.0,4862058.0,,11007.3979,"{""activation"": ""elu"", ""batch_size"": 32, ""data_augmentation"": true, ""dr_f"": 0.437319218034, ""learning_rate"": 0.000632811937, ""new_fc_1"": 7, ""new_fc_10"": 3, ""new_fc_2"": 4, ""new_fc_3"": 10, ""new_fc_4"": 27, ""new_fc_5"": 22, ""new_fc_6"": 22, ""new_fc_7"": 24, ""new_fc_8"": 23, ""new_fc_9"": 10, ""num_neurons"": 32, ""optimizer"": ""Adagrad"", ""reg_l2"": true, ""skip_connection"": true, ""unit_c1"": 1, ""unit_c2"": 4}"
200,93,accuracy,0.6247000098228455,0.37529999017715454,0.8463884533333333,126958268.0,4862058.0,-0.3087934571240082,11992.4435,"{""activation"": ""elu"", ""batch_size"": 32, ""data_augmentation"": true, ""dr_f"": 0.437319218034, ""learning_rate"": 0.000632811937, ""new_fc_1"": 7, ""new_fc_10"": 3, ""new_fc_2"": 4, ""new_fc_3"": 10, ""new_fc_4"": 27, ""new_fc_5"": 22, ""new_fc_6"": 22, ""new_fc_7"": 24, ""new_fc_8"": 23, ""new_fc_9"": 10, ""num_neurons"": 32, ""optimizer"": ""Adagrad"", ""reg_l2"": true, ""skip_connection"": true, ""unit_c1"": 1, ""unit_c2"": 4}"
201,94,accuracy,0.8858999982476234,0.11410000175237656,0.88404136,132606204.0,7550122.0,-0.11465759322666358,12558.7652,"{""activation"": ""swish"", ""batch_size"": 32, ""data_augmentation"": true, ""dr_f"": 0.355037515943, ""learning_rate"": 0.000343233548, ""new_fc_1"": 20, ""new_fc_10"": 13, ""new_fc_2"": 5, ""new_fc_3"": 20, ""new_fc_4"": 20, ""new_fc_5"": 30, ""new_fc_6"": 12, ""new_fc_7"": 0, ""new_fc_8"": 25, ""new_fc_9"": 5, ""num_neurons"": 32, ""optimizer"": ""Adadelta"", ""reg_l2"": false, ""skip_connection"": true, ""unit_c1"": 1, ""unit_c2"": 4}"
202,94,flops,,,1.0454902133333333,156823532.0,3364314.0,,12559.9564,"{""activation"": ""swish"", ""batch_size"": 64, ""data_augmentation"": true, ""dr_f"": 0.321190826258, ""learning_rate"": 0.000506313859, ""new_fc_1"": 24, ""new_fc_10"": 30, ""new_fc_2"": 21, ""new_fc_3"": 5, ""new_fc_4"": 0, ""new_fc_5"": 28, ""new_fc_6"": 24, ""new_fc_7"": 26, ""new_fc_8"": 4, ""new_fc_9"": 31, ""num_neurons"": 16, ""optimizer"": ""Adam"", ""reg_l2"": false, ""skip_connection"": false, ""unit_c1"": 4, ""unit_c2"": 6}"
203,95,accuracy,0.811599999666214,0.188400000333786,0.0075791466666666665,1136872.0,54834.0,-0.4296062562336502,14025.4945,"{""activation"": ""elu"", ""batch_size"": 8, ""data_augmentation"": false, ""dr_f"": 0.367190770164, ""learning_rate"": 0.000533248049, ""new_fc_1"": 14, ""new_fc_10"": 30, ""new_fc_2"": 2, ""new_fc_3"": 6, ""new_fc_4"": 29, ""new_fc_5"": 14, ""new_fc_6"": 13, ""new_fc_7"": 32, ""new_fc_8"": 5, ""new_fc_9"": 2, ""num_neurons"": 4, ""optimizer"": ""Adadelta"", ""reg_l2"": true, ""skip_connection"": true, ""unit_c1"": 1, ""unit_c2"": 2}"
204,95,flops,,,0.17020717333333332,25531076.0,370914.0,,14026.7806,"{""activation"": ""elu"", ""batch_size"": 64, ""data_augmentation"": true, ""dr_f"": 0.318982612094, ""learning_rate"": 0.000235050084, ""new_fc_1"": 30, ""new_fc_10"": 20, ""new_fc_2"": 10, ""new_fc_3"": 13, ""new_fc_4"": 9, ""new_fc_5"": 14, ""new_fc_6"": 16, ""new_fc_7"": 0, ""new_fc_8"": 3, ""new_fc_9"": 30, ""num_neurons"": 8, ""optimizer"": ""Adam"", ""reg_l2"": false, ""skip_connection"": true, ""unit_c1"": 4, ""unit_c2"": 2}"
205,96,accuracy,0.671099990606308,0.328900009393692,0.26964178666666666,40446268.0,496970.0,-0.4493374705755844,14831.4731,"{""activation"": ""elu"", ""batch_size"": 32, ""data_augmentation"": false, ""dr_f"": 0.0321264397, ""learning_rate"": 0.000132423403, ""new_fc_1"": 9, ""new_fc_10"": 23, ""new_fc_2"": 15, ""new_fc_3"": 23, ""new_fc_4"": 5, ""new_fc_5"": 28, ""new_fc_6"": 23, ""new_fc_7"": 31, ""new_fc_8"": 27, ""new_fc_9"": 12, ""num_neurons"": 8, ""optimizer"": ""Adadelta"", ""reg_l2"": true, ""skip_connection"": true, ""unit_c1"": 4, ""unit_c2"": 6}"
206,97,accuracy,0.38349997997283936,0.6165000200271606,0.8908191733333334,133622876.0,3031130.0,-0.4643042620190124,15456.4724,"{""activation"": ""relu"", ""batch_size"": 64, ""data_augmentation"": true, ""dr_f"": 0.327525615303, ""learning_rate"": 0.000166299923, ""new_fc_1"": 21, ""new_fc_10"": 13, ""new_fc_2"": 9, ""new_fc_3"": 13, ""new_fc_4"": 4, ""new_fc_5"": 27, ""new_fc_6"": 13, ""new_fc_7"": 24, ""new_fc_8"": 3, ""new_fc_9"": 31, ""num_neurons"": 16, ""optimizer"": ""Adamax"", ""reg_l2"": false, ""skip_connection"": false, ""unit_c1"": 3, ""unit_c2"": 7}"
207,98,accuracy,0.7915000021457672,0.2084999978542328,0.09396685333333334,14095028.0,687378.0,-0.4177599424979629,16381.6098,"{""activation"": ""elu"", ""batch_size"": 8, ""data_augmentation"": false, ""dr_f"": 0.276211593584, ""learning_rate"": 0.00084360949, ""new_fc_1"": 32, ""new_fc_10"": 8, ""new_fc_2"": 17, ""new_fc_3"": 4, ""new_fc_4"": 6, ""new_fc_5"": 23, ""new_fc_6"": 19, ""new_fc_7"": 32, ""new_fc_8"": 3, ""new_fc_9"": 31, ""num_neurons"": 8, ""optimizer"": ""Adam"", ""reg_l2"": true, ""skip_connection"": false, ""unit_c1"": 2, ""unit_c2"": 4}"
208,98,flops,,,1.2136676,182050140.0,10103562.0,,16383.0706,"{""activation"": ""relu"", ""batch_size"": 64, ""data_augmentation"": false, ""dr_f"": 0.238105035286, ""learning_rate"": 0.000441195258, ""new_fc_1"": 21, ""new_fc_10"": 12, ""new_fc_2"": 1, ""new_fc_3"": 22, ""new_fc_4"": 19, ""new_fc_5"": 14, ""new_fc_6"": 29, ""new_fc_7"": 32, ""new_fc_8"": 8, ""new_fc_9"": 27, ""num_neurons"": 32, ""optimizer"": ""SGD"", ""reg_l2"": false, ""skip_connection"": false, ""unit_c1"": 1, ""unit_c2"": 5}"
209,99,accuracy,10000000000.0,,1.03910792,155866188.0,1215258.0,10000000000.0,16384.1428,"{""activation"": ""selu"", ""batch_size"": 16, ""data_augmentation"": false, ""dr_f"": 0.372904750477, ""learning_rate"": 0.000754130167, ""new_fc_1"": 7, ""new_fc_10"": 15, ""new_fc_2"": 17, ""new_fc_3"": 31, ""new_fc_4"": 9, ""new_fc_5"": 5, ""new_fc_6"": 5, ""new_fc_7"": 6, ""new_fc_8"": 15, ""new_fc_9"": 7, ""num_neurons"": 16, ""optimizer"": ""Adadelta"", ""reg_l2"": true, ""skip_connection"": true, ""unit_c1"": 4, ""unit_c2"": 6}"
210,99,flops,,,3.2272882933333333,484093244.0,11678666.0,,16385.651,"{""activation"": ""elu"", ""batch_size"": 8, ""data_augmentation"": true, ""dr_f"": 0.490322357778, ""learning_rate"": 0.000252197112, ""new_fc_1"": 31, ""new_fc_10"": 15, ""new_fc_2"": 28, ""new_fc_3"": 1, ""new_fc_4"": 24, ""new_fc_5"": 21, ""new_fc_6"": 28, ""new_fc_7"": 20, ""new_fc_8"": 10, ""new_fc_9"": 10, ""num_neurons"": 32, ""optimizer"": ""Adam"", ""reg_l2"": true, ""skip_connection"": true, ""unit_c1"": 4, ""unit_c2"": 4}"
211,100,accuracy,0.5907000005245209,0.4092999994754791,0.5563803466666667,83457052.0,1646330.0,-0.41959589563283534,17791.8675,"{""activation"": ""relu"", ""batch_size"": 16, ""data_augmentation"": true, ""dr_f"": 0.459248429085, ""learning_rate"": 0.000705142857, ""new_fc_1"": 16, ""new_fc_10"": 19, ""new_fc_2"": 8, ""new_fc_3"": 29, ""new_fc_4"": 16, ""new_fc_5"": 27, ""new_fc_6"": 13, ""new_fc_7"": 1, ""new_fc_8"": 26, ""new_fc_9"": 7, ""num_neurons"": 16, ""optimizer"": ""Adamax"", ""reg_l2"": false, ""skip_connection"": true, ""unit_c1"": 3, ""unit_c2"": 4}"
212,100,flops,,,0.04228506666666667,6342760.0,194458.0,,2.0058,"{""activation"": ""selu"", ""batch_size"": 64, ""data_augmentation"": true, ""dr_f"": 0.055331833318, ""learning_rate"": 0.000118528224, ""new_fc_1"": 19, ""new_fc_10"": 12, ""new_fc_2"": 7, ""new_fc_3"": 11, ""new_fc_4"": 15, ""new_fc_5"": 30, ""new_fc_6"": 0, ""new_fc_7"": 15, ""new_fc_8"": 16, ""new_fc_9"": 6, ""num_neurons"": 4, ""optimizer"": ""Adagrad"", ""reg_l2"": false, ""skip_connection"": true, ""unit_c1"": 1, ""unit_c2"": 8}"
213,101,accuracy,0.8108000010251999,0.1891999989748001,0.026286613333333333,3942992.0,85382.0,-0.42455401528236003,1948.1522,"{""activation"": ""selu"", ""batch_size"": 8, ""data_augmentation"": false, ""dr_f"": 0.468847788629, ""learning_rate"": 0.000652544124, ""new_fc_1"": 28, ""new_fc_10"": 16, ""new_fc_2"": 32, ""new_fc_3"": 22, ""new_fc_4"": 17, ""new_fc_5"": 0, ""new_fc_6"": 0, ""new_fc_7"": 21, ""new_fc_8"": 14, ""new_fc_9"": 23, ""num_neurons"": 4, ""optimizer"": ""Adadelta"", ""reg_l2"": true, ""skip_connection"": true, ""unit_c1"": 3, ""unit_c2"": 1}"
214,102,accuracy,10000000000.0,,12.608158693333333,1891223804.0,38281290.0,10000000000.0,1952.0097,"{""activation"": ""swish"", ""batch_size"": 8, ""data_augmentation"": false, ""dr_f"": 0.355297717853, ""learning_rate"": 0.000997432699, ""new_fc_1"": 11, ""new_fc_10"": 13, ""new_fc_2"": 21, ""new_fc_3"": 23, ""new_fc_4"": 16, ""new_fc_5"": 5, ""new_fc_6"": 32, ""new_fc_7"": 16, ""new_fc_8"": 26, ""new_fc_9"": 18, ""num_neurons"": 64, ""optimizer"": ""Adam"", ""reg_l2"": true, ""skip_connection"": false, ""unit_c1"": 2, ""unit_c2"": 8}"
215,102,flops,,,0.029155226666666666,4373284.0,65358.0,,1953.2423,"{""activation"": ""selu"", ""batch_size"": 8, ""data_augmentation"": false, ""dr_f"": 0.060538669985, ""learning_rate"": 0.00040425006, ""new_fc_1"": 18, ""new_fc_10"": 3, ""new_fc_2"": 20, ""new_fc_3"": 17, ""new_fc_4"": 11, ""new_fc_5"": 20, ""new_fc_6"": 2, ""new_fc_7"": 18, ""new_fc_8"": 6, ""new_fc_9"": 27, ""num_neurons"": 4, ""optimizer"": ""SGD"", ""reg_l2"": true, ""skip_connection"": true, ""unit_c1"": 3, ""unit_c2"": 2}"
216,102,flops,,,12.363678266666666,1854551740.0,14437898.0,,1954.8503,"{""activation"": ""relu"", ""batch_size"": 8, ""data_augmentation"": true, ""dr_f"": 0.223620516626, ""learning_rate"": 0.000822808946, ""new_fc_1"": 6, ""new_fc_10"": 11, ""new_fc_2"": 2, ""new_fc_3"": 19, ""new_fc_4"": 16, ""new_fc_5"": 7, ""new_fc_6"": 23, ""new_fc_7"": 26, ""new_fc_8"": 6, ""new_fc_9"": 10, ""num_neurons"": 64, ""optimizer"": ""SGD"", ""reg_l2"": false, ""skip_connection"": true, ""unit_c1"": 4, ""unit_c2"": 4}"
217,103,accuracy,10000000000.0,,1.36911592,205367388.0,5623690.0,10000000000.0,1956.0897,"{""activation"": ""elu"", ""batch_size"": 32, ""data_augmentation"": true, ""dr_f"": 0.407260990265, ""learning_rate"": 0.000588525132, ""new_fc_1"": 0, ""new_fc_10"": 19, ""new_fc_2"": 22, ""new_fc_3"": 22, ""new_fc_4"": 7, ""new_fc_5"": 22, ""new_fc_6"": 22, ""new_fc_7"": 25, ""new_fc_8"": 32, ""new_fc_9"": 26, ""num_neurons"": 32, ""optimizer"": ""SGD"", ""reg_l2"": false, ""skip_connection"": false, ""unit_c1"": 3, ""unit_c2"": 1}"
218,104,accuracy,0.7837000042200089,0.21629999577999115,0.025731813333333332,3859772.0,114830.0,-0.4436904530459938,2521.4965,"{""activation"": ""elu"", ""batch_size"": 16, ""data_augmentation"": false, ""dr_f"": 0.257995121644, ""learning_rate"": 0.000647572173, ""new_fc_1"": 13, ""new_fc_10"": 10, ""new_fc_2"": 8, ""new_fc_3"": 27, ""new_fc_4"": 5, ""new_fc_5"": 25, ""new_fc_6"": 20, ""new_fc_7"": 14, ""new_fc_8"": 2, ""new_fc_9"": 28, ""num_neurons"": 4, ""optimizer"": ""Adamax"", ""reg_l2"": true, ""skip_connection"": false, ""unit_c1"": 1, ""unit_c2"": 6}"
219,104,flops,,,0.07413533333333333,11120300.0,478554.0,,2522.6178,"{""activation"": ""swish"", ""batch_size"": 64, ""data_augmentation"": true, ""dr_f"": 0.330449789417, ""learning_rate"": 0.000514861021, ""new_fc_1"": 29, ""new_fc_10"": 12, ""new_fc_2"": 2, ""new_fc_3"": 32, ""new_fc_4"": 12, ""new_fc_5"": 11, ""new_fc_6"": 28, ""new_fc_7"": 10, ""new_fc_8"": 2, ""new_fc_9"": 32, ""num_neurons"": 8, ""optimizer"": ""Adamax"", ""reg_l2"": false, ""skip_connection"": false, ""unit_c1"": 2, ""unit_c2"": 3}"
220,104,flops,,,0.01314952,1972428.0,52218.0,,2523.6579,"{""activation"": ""relu"", ""batch_size"": 8, ""data_augmentation"": false, ""dr_f"": 0.367503955633, ""learning_rate"": 0.000126329256, ""new_fc_1"": 32, ""new_fc_10"": 2, ""new_fc_2"": 25, ""new_fc_3"": 1, ""new_fc_4"": 10, ""new_fc_5"": 4, ""new_fc_6"": 0, ""new_fc_7"": 10, ""new_fc_8"": 16, ""new_fc_9"": 0, ""num_neurons"": 4, ""optimizer"": ""Adamax"", ""reg_l2"": false, ""skip_connection"": false, ""unit_c1"": 2, ""unit_c2"": 1}"
221,105,accuracy,0.9002000018954277,0.0997999981045723,0.09123229333333334,13684844.0,195122.0,-0.34249031067320057,3330.5637,"{""activation"": ""swish"", ""batch_size"": 8, ""data_augmentation"": true, ""dr_f"": 0.220873739859, ""learning_rate"": 0.000327326466, ""new_fc_1"": 24, ""new_fc_10"": 11, ""new_fc_2"": 0, ""new_fc_3"": 5, ""new_fc_4"": 1, ""new_fc_5"": 30, ""new_fc_6"": 19, ""new_fc_7"": 15, ""new_fc_8"": 6, ""new_fc_9"": 15, ""num_neurons"": 8, ""optimizer"": ""Adadelta"", ""reg_l2"": true, ""skip_connection"": false, ""unit_c1"": 3, ""unit_c2"": 1}"
222,106,accuracy,10000000000.0,,4.690004453333334,703500668.0,15749194.0,10000000000.0,3332.3425,"{""activation"": ""swish"", ""batch_size"": 32, ""data_augmentation"": true, ""dr_f"": 0.200237046224, ""learning_rate"": 0.000669118353, ""new_fc_1"": 25, ""new_fc_10"": 31, ""new_fc_2"": 30, ""new_fc_3"": 25, ""new_fc_4"": 1, ""new_fc_5"": 29, ""new_fc_6"": 19, ""new_fc_7"": 6, ""new_fc_8"": 12, ""new_fc_9"": 24, ""num_neurons"": 32, ""optimizer"": ""Adamax"", ""reg_l2"": false, ""skip_connection"": false, ""unit_c1"": 4, ""unit_c2"": 7}"
223,107,accuracy,0.3264999985694885,0.6735000014305115,0.5725064266666666,85875964.0,4342186.0,-0.599698073001358,3899.1023,"{""activation"": ""selu"", ""batch_size"": 64, ""data_augmentation"": false, ""dr_f"": 0.128031140104, ""learning_rate"": 0.000579271205, ""new_fc_1"": 7, ""new_fc_10"": 22, ""new_fc_2"": 18, ""new_fc_3"": 6, ""new_fc_4"": 12, ""new_fc_5"": 24, ""new_fc_6"": 27, ""new_fc_7"": 1, ""new_fc_8"": 27, ""new_fc_9"": 30, ""num_neurons"": 32, ""optimizer"": ""Adagrad"", ""reg_l2"": true, ""skip_connection"": false, ""unit_c1"": 1, ""unit_c2"": 3}"
224,108,accuracy,0.8999999985098839,0.10000000149011612,0.04667394666666667,7001092.0,225870.0,-0.35599781704308125,4766.1541,"{""activation"": ""swish"", ""batch_size"": 8, ""data_augmentation"": true, ""dr_f"": 0.224566605574, ""learning_rate"": 0.000117736721, ""new_fc_1"": 21, ""new_fc_10"": 4, ""new_fc_2"": 30, ""new_fc_3"": 32, ""new_fc_4"": 13, ""new_fc_5"": 27, ""new_fc_6"": 31, ""new_fc_7"": 16, ""new_fc_8"": 8, ""new_fc_9"": 16, ""num_neurons"": 4, ""optimizer"": ""Adamax"", ""reg_l2"": true, ""skip_connection"": true, ""unit_c1"": 2, ""unit_c2"": 7}"
225,108,flops,,,16.720471866666667,2508070780.0,54963338.0,,4769.4856,"{""activation"": ""swish"", ""batch_size"": 16, ""data_augmentation"": true, ""dr_f"": 0.248977278864, ""learning_rate"": 0.000960050481, ""new_fc_1"": 21, ""new_fc_10"": 4, ""new_fc_2"": 1, ""new_fc_3"": 31, ""new_fc_4"": 31, ""new_fc_5"": 7, ""new_fc_6"": 8, ""new_fc_7"": 19, ""new_fc_8"": 9, ""new_fc_9"": 12, ""num_neurons"": 64, ""optimizer"": ""Adadelta"", ""reg_l2"": true, ""skip_connection"": true, ""unit_c1"": 3, ""unit_c2"": 8}"
226,108,flops,,,0.6621868533333334,99328028.0,1174266.0,,4770.5062,"{""activation"": ""relu"", ""batch_size"": 16, ""data_augmentation"": true, ""dr_f"": 0.471007960301, ""learning_rate"": 0.000424040729, ""new_fc_1"": 5, ""new_fc_10"": 31, ""new_fc_2"": 14, ""new_fc_3"": 20, ""new_fc_4"": 3, ""new_fc_5"": 32, ""new_fc_6"": 25, ""new_fc_7"": 5, ""new_fc_8"": 4, ""new_fc_9"": 7, ""num_neurons"": 16, ""optimizer"": ""SGD"", ""reg_l2"": true, ""skip_connection"": true, ""unit_c1"": 2, ""unit_c2"": 7}"
227,109,accuracy,0.8967000022530556,0.10329999774694443,0.6621868533333334,99328028.0,1174266.0,-0.17365394242286109,5215.7591,"{""activation"": ""relu"", ""batch_size"": 16, ""data_augmentation"": true, ""dr_f"": 0.471007960301, ""learning_rate"": 0.000424040729, ""new_fc_1"": 5, ""new_fc_10"": 31, ""new_fc_2"": 14, ""new_fc_3"": 20, ""new_fc_4"": 3, ""new_fc_5"": 32, ""new_fc_6"": 25, ""new_fc_7"": 5, ""new_fc_8"": 4, ""new_fc_9"": 7, ""num_neurons"": 16, ""optimizer"": ""SGD"", ""reg_l2"": true, ""skip_connection"": true, ""unit_c1"": 2, ""unit_c2"": 7}"
228,110,accuracy,0.8999999985098839,0.10000000149011612,0.24446146666666665,36669220.0,882058.0,-0.2966615610430813,5481.2256,"{""activation"": ""relu"", ""batch_size"": 32, ""data_augmentation"": true, ""dr_f"": 0.0626210311, ""learning_rate"": 0.00078449397, ""new_fc_1"": 30, ""new_fc_10"": 4, ""new_fc_2"": 19, ""new_fc_3"": 17, ""new_fc_4"": 23, ""new_fc_5"": 25, ""new_fc_6"": 25, ""new_fc_7"": 27, ""new_fc_8"": 5, ""new_fc_9"": 30, ""num_neurons"": 8, ""optimizer"": ""Adam"", ""reg_l2"": true, ""skip_connection"": true, ""unit_c1"": 4, ""unit_c2"": 5}"
229,110,flops,,,0.2740281333333333,41104220.0,5482122.0,,5482.7085,"{""activation"": ""selu"", ""batch_size"": 8, ""data_augmentation"": true, ""dr_f"": 0.2280102937, ""learning_rate"": 0.000457238832, ""new_fc_1"": 27, ""new_fc_10"": 26, ""new_fc_2"": 27, ""new_fc_3"": 1, ""new_fc_4"": 9, ""new_fc_5"": 28, ""new_fc_6"": 30, ""new_fc_7"": 11, ""new_fc_8"": 32, ""new_fc_9"": 18, ""num_neurons"": 32, ""optimizer"": ""Adam"", ""reg_l2"": true, ""skip_connection"": false, ""unit_c1"": 1, ""unit_c2"": 1}"
230,110,flops,,,0.019589866666666667,2938480.0,91782.0,,5483.6996,"{""activation"": ""elu"", ""batch_size"": 16, ""data_augmentation"": true, ""dr_f"": 0.03894449329, ""learning_rate"": 0.000345361462, ""new_fc_1"": 6, ""new_fc_10"": 29, ""new_fc_2"": 19, ""new_fc_3"": 30, ""new_fc_4"": 20, ""new_fc_5"": 31, ""new_fc_6"": 20, ""new_fc_7"": 28, ""new_fc_8"": 25, ""new_fc_9"": 9, ""num_neurons"": 4, ""optimizer"": ""Adagrad"", ""reg_l2"": true, ""skip_connection"": false, ""unit_c1"": 2, ""unit_c2"": 3}"
231,111,accuracy,0.8999999985098839,0.10000000149011612,0.8180239733333333,122703596.0,2680442.0,-0.12459280904308129,6410.5681,"{""activation"": ""relu"", ""batch_size"": 8, ""data_augmentation"": true, ""dr_f"": 0.394989947956, ""learning_rate"": 0.000261303135, ""new_fc_1"": 27, ""new_fc_10"": 24, ""new_fc_2"": 29, ""new_fc_3"": 31, ""new_fc_4"": 2, ""new_fc_5"": 25, ""new_fc_6"": 18, ""new_fc_7"": 12, ""new_fc_8"": 30, ""new_fc_9"": 5, ""num_neurons"": 16, ""optimizer"": ""Adamax"", ""reg_l2"": true, ""skip_connection"": true, ""unit_c1"": 4, ""unit_c2"": 4}"
232,112,accuracy,0.8999999985098839,0.10000000149011612,0.08180386666666667,12270580.0,853482.0,-0.3454588410430813,6675.3376,"{""activation"": ""swish"", ""batch_size"": 32, ""data_augmentation"": false, ""dr_f"": 0.400835116473, ""learning_rate"": 0.000419214604, ""new_fc_1"": 30, ""new_fc_10"": 8, ""new_fc_2"": 27, ""new_fc_3"": 12, ""new_fc_4"": 28, ""new_fc_5"": 7, ""new_fc_6"": 0, ""new_fc_7"": 24, ""new_fc_8"": 29, ""new_fc_9"": 24, ""num_neurons"": 8, ""optimizer"": ""Adamax"", ""reg_l2"": true, ""skip_connection"": false, ""unit_c1"": 1, ""unit_c2"": 5}"
233,112,flops,,,0.4082276,61234140.0,5464522.0,,6676.5161,"{""activation"": ""selu"", ""batch_size"": 64, ""data_augmentation"": true, ""dr_f"": 0.067263710294, ""learning_rate"": 0.00015301845, ""new_fc_1"": 19, ""new_fc_10"": 15, ""new_fc_2"": 30, ""new_fc_3"": 24, ""new_fc_4"": 20, ""new_fc_5"": 12, ""new_fc_6"": 31, ""new_fc_7"": 2, ""new_fc_8"": 3, ""new_fc_9"": 21, ""num_neurons"": 32, ""optimizer"": ""SGD"", ""reg_l2"": true, ""skip_connection"": true, ""unit_c1"": 1, ""unit_c2"": 2}"
234,112,flops,,,8.28614312,1242921468.0,55299850.0,,6679.8415,"{""activation"": ""elu"", ""batch_size"": 16, ""data_augmentation"": true, ""dr_f"": 0.252630729998, ""learning_rate"": 0.000802860907, ""new_fc_1"": 22, ""new_fc_10"": 15, ""new_fc_2"": 22, ""new_fc_3"": 9, ""new_fc_4"": 4, ""new_fc_5"": 20, ""new_fc_6"": 21, ""new_fc_7"": 28, ""new_fc_8"": 14, ""new_fc_9"": 32, ""num_neurons"": 64, ""optimizer"": ""SGD"", ""reg_l2"": false, ""skip_connection"": false, ""unit_c1"": 1, ""unit_c2"": 7}"
235,112,flops,,,5.5202990666666665,828044860.0,24796938.0,,6681.9985,"{""activation"": ""selu"", ""batch_size"": 8, ""data_augmentation"": false, ""dr_f"": 0.241051317857, ""learning_rate"": 0.00012369444, ""new_fc_1"": 17, ""new_fc_10"": 17, ""new_fc_2"": 20, ""new_fc_3"": 18, ""new_fc_4"": 5, ""new_fc_5"": 2, ""new_fc_6"": 28, ""new_fc_7"": 5, ""new_fc_8"": 20, ""new_fc_9"": 0, ""num_neurons"": 64, ""optimizer"": ""SGD"", ""reg_l2"": false, ""skip_connection"": true, ""unit_c1"": 2, ""unit_c2"": 4}"
236,113,accuracy,0.3730999827384949,0.6269000172615051,0.029155226666666666,4373284.0,65358.0,-0.7300834440830535,8987.0894,"{""activation"": ""selu"", ""batch_size"": 8, ""data_augmentation"": false, ""dr_f"": 0.060538669985, ""learning_rate"": 0.00040425006, ""new_fc_1"": 18, ""new_fc_10"": 3, ""new_fc_2"": 20, ""new_fc_3"": 17, ""new_fc_4"": 11, ""new_fc_5"": 20, ""new_fc_6"": 2, ""new_fc_7"": 18, ""new_fc_8"": 6, ""new_fc_9"": 27, ""num_neurons"": 4, ""optimizer"": ""SGD"", ""reg_l2"": true, ""skip_connection"": true, ""unit_c1"": 3, ""unit_c2"": 2}"
237,114,accuracy,10000000000.0,,21.605815013333334,3240872252.0,72359434.0,10000000000.0,8992.647,"{""activation"": ""relu"", ""batch_size"": 16, ""data_augmentation"": true, ""dr_f"": 0.296924006447, ""learning_rate"": 0.000799679015, ""new_fc_1"": 29, ""new_fc_10"": 20, ""new_fc_2"": 0, ""new_fc_3"": 3, ""new_fc_4"": 17, ""new_fc_5"": 24, ""new_fc_6"": 20, ""new_fc_7"": 23, ""new_fc_8"": 4, ""new_fc_9"": 8, ""num_neurons"": 64, ""optimizer"": ""Adam"", ""reg_l2"": false, ""skip_connection"": true, ""unit_c1"": 4, ""unit_c2"": 8}"
238,115,accuracy,0.27630001306533813,0.7236999869346619,0.46611944,69917916.0,3201274.0,-0.6667541588542633,9857.7501,"{""activation"": ""elu"", ""batch_size"": 32, ""data_augmentation"": false, ""dr_f"": 0.447107129234, ""learning_rate"": 0.000394263418, ""new_fc_1"": 32, ""new_fc_10"": 14, ""new_fc_2"": 19, ""new_fc_3"": 7, ""new_fc_4"": 20, ""new_fc_5"": 32, ""new_fc_6"": 6, ""new_fc_7"": 1, ""new_fc_8"": 8, ""new_fc_9"": 7, ""num_neurons"": 16, ""optimizer"": ""Adam"", ""reg_l2"": false, ""skip_connection"": true, ""unit_c1"": 2, ""unit_c2"": 5}"
239,116,accuracy,0.4602000117301941,0.5397999882698059,0.67627944,101441916.0,3290858.0,-0.4749761597888641,11383.4014,"{""activation"": ""elu"", ""batch_size"": 16, ""data_augmentation"": false, ""dr_f"": 0.472865470134, ""learning_rate"": 0.000304087671, ""new_fc_1"": 15, ""new_fc_10"": 12, ""new_fc_2"": 1, ""new_fc_3"": 7, ""new_fc_4"": 26, ""new_fc_5"": 27, ""new_fc_6"": 2, ""new_fc_7"": 19, ""new_fc_8"": 20, ""new_fc_9"": 25, ""num_neurons"": 32, ""optimizer"": ""Adam"", ""reg_l2"": true, ""skip_connection"": true, ""unit_c1"": 2, ""unit_c2"": 1}"
240,116,flops,,,18.50835496,2776253244.0,53282826.0,,11386.543,"{""activation"": ""selu"", ""batch_size"": 16, ""data_augmentation"": true, ""dr_f"": 0.287000792425, ""learning_rate"": 0.00072699921, ""new_fc_1"": 20, ""new_fc_10"": 11, ""new_fc_2"": 0, ""new_fc_3"": 14, ""new_fc_4"": 23, ""new_fc_5"": 12, ""new_fc_6"": 26, ""new_fc_7"": 25, ""new_fc_8"": 29, ""new_fc_9"": 16, ""num_neurons"": 64, ""optimizer"": ""Adamax"", ""reg_l2"": true, ""skip_connection"": false, ""unit_c1"": 4, ""unit_c2"": 7}"
241,117,accuracy,10000000000.0,,20.986669626666668,3148000444.0,60527370.0,10000000000.0,11389.9097,"{""activation"": ""elu"", ""batch_size"": 32, ""data_augmentation"": false, ""dr_f"": 0.038300594778, ""learning_rate"": 0.000267367545, ""new_fc_1"": 18, ""new_fc_10"": 17, ""new_fc_2"": 22, ""new_fc_3"": 21, ""new_fc_4"": 26, ""new_fc_5"": 31, ""new_fc_6"": 29, ""new_fc_7"": 3, ""new_fc_8"": 23, ""new_fc_9"": 32, ""num_neurons"": 64, ""optimizer"": ""Adamax"", ""reg_l2"": true, ""skip_connection"": false, ""unit_c1"": 4, ""unit_c2"": 8}"
242,117,flops,,,16.465768933333333,2469865340.0,62509450.0,,11393.4553,"{""activation"": ""selu"", ""batch_size"": 8, ""data_augmentation"": true, ""dr_f"": 0.075587842793, ""learning_rate"": 0.000908530789, ""new_fc_1"": 25, ""new_fc_10"": 19, ""new_fc_2"": 20, ""new_fc_3"": 7, ""new_fc_4"": 26, ""new_fc_5"": 6, ""new_fc_6"": 31, ""new_fc_7"": 7, ""new_fc_8"": 18, ""new_fc_9"": 2, ""num_neurons"": 64, ""optimizer"": ""Adadelta"", ""reg_l2"": false, ""skip_connection"": false, ""unit_c1"": 3, ""unit_c2"": 8}"
243,118,accuracy,0.7685000002384186,0.23149999976158142,0.01314952,1972428.0,52218.0,-0.45810514383310696,13158.3745,"{""activation"": ""relu"", ""batch_size"": 8, ""data_augmentation"": false, ""dr_f"": 0.367503955633, ""learning_rate"": 0.000126329256, ""new_fc_1"": 32, ""new_fc_10"": 2, ""new_fc_2"": 25, ""new_fc_3"": 1, ""new_fc_4"": 10, ""new_fc_5"": 4, ""new_fc_6"": 0, ""new_fc_7"": 10, ""new_fc_8"": 16, ""new_fc_9"": 0, ""num_neurons"": 4, ""optimizer"": ""Adamax"", ""reg_l2"": false, ""skip_connection"": false, ""unit_c1"": 2, ""unit_c2"": 1}"
244,118,flops,,,0.19189128,28783692.0,439618.0,,13159.5773,"{""activation"": ""relu"", ""batch_size"": 32, ""data_augmentation"": true, ""dr_f"": 0.077337054662, ""learning_rate"": 0.000981031858, ""new_fc_1"": 10, ""new_fc_10"": 0, ""new_fc_2"": 15, ""new_fc_3"": 6, ""new_fc_4"": 17, ""new_fc_5"": 12, ""new_fc_6"": 11, ""new_fc_7"": 21, ""new_fc_8"": 31, ""new_fc_9"": 27, ""num_neurons"": 8, ""optimizer"": ""SGD"", ""reg_l2"": false, ""skip_connection"": false, ""unit_c1"": 3, ""unit_c2"": 6}"
245,119,accuracy,0.7098000049591064,0.29019999504089355,0.019589866666666667,2938480.0,91782.0,-0.49726303652862547,13844.9641,"{""activation"": ""elu"", ""batch_size"": 16, ""data_augmentation"": true, ""dr_f"": 0.03894449329, ""learning_rate"": 0.000345361462, ""new_fc_1"": 6, ""new_fc_10"": 29, ""new_fc_2"": 19, ""new_fc_3"": 30, ""new_fc_4"": 20, ""new_fc_5"": 31, ""new_fc_6"": 20, ""new_fc_7"": 28, ""new_fc_8"": 25, ""new_fc_9"": 9, ""num_neurons"": 4, ""optimizer"": ""Adagrad"", ""reg_l2"": true, ""skip_connection"": false, ""unit_c1"": 2, ""unit_c2"": 3}"
246,120,accuracy,10000000000.0,,1.2136676,182050140.0,10103562.0,10000000000.0,13846.3385,"{""activation"": ""relu"", ""batch_size"": 64, ""data_augmentation"": false, ""dr_f"": 0.238105035286, ""learning_rate"": 0.000441195258, ""new_fc_1"": 21, ""new_fc_10"": 12, ""new_fc_2"": 1, ""new_fc_3"": 22, ""new_fc_4"": 19, ""new_fc_5"": 14, ""new_fc_6"": 29, ""new_fc_7"": 32, ""new_fc_8"": 8, ""new_fc_9"": 27, ""num_neurons"": 32, ""optimizer"": ""SGD"", ""reg_l2"": false, ""skip_connection"": false, ""unit_c1"": 1, ""unit_c2"": 5}"
247,121,accuracy,0.6694000065326691,0.33059999346733093,0.17266429333333333,25899644.0,555738.0,-0.4796207074271316,14351.0502,"{""activation"": ""relu"", ""batch_size"": 32, ""data_augmentation"": false, ""dr_f"": 0.430208681875, ""learning_rate"": 0.000852350906, ""new_fc_1"": 7, ""new_fc_10"": 30, ""new_fc_2"": 5, ""new_fc_3"": 15, ""new_fc_4"": 7, ""new_fc_5"": 27, ""new_fc_6"": 2, ""new_fc_7"": 11, ""new_fc_8"": 6, ""new_fc_9"": 30, ""num_neurons"": 16, ""optimizer"": ""Adam"", ""reg_l2"": false, ""skip_connection"": true, ""unit_c1"": 2, ""unit_c2"": 1}"
248,122,accuracy,0.5363999903202057,0.4636000096797943,0.15302424,22953636.0,180698.0,-0.5786127347758561,15396.271,"{""activation"": ""selu"", ""batch_size"": 8, ""data_augmentation"": true, ""dr_f"": 0.115650021536, ""learning_rate"": 0.000939070623, ""new_fc_1"": 11, ""new_fc_10"": 5, ""new_fc_2"": 14, ""new_fc_3"": 22, ""new_fc_4"": 27, ""new_fc_5"": 2, ""new_fc_6"": 7, ""new_fc_7"": 17, ""new_fc_8"": 23, ""new_fc_9"": 9, ""num_neurons"": 8, ""optimizer"": ""Adam"", ""reg_l2"": false, ""skip_connection"": true, ""unit_c1"": 4, ""unit_c2"": 1}"
249,123,accuracy,10000000000.0,,1.78233256,267349884.0,11786186.0,10000000000.0,15397.7511,"{""activation"": ""selu"", ""batch_size"": 64, ""data_augmentation"": false, ""dr_f"": 0.2144391624, ""learning_rate"": 0.000743914265, ""new_fc_1"": 26, ""new_fc_10"": 32, ""new_fc_2"": 13, ""new_fc_3"": 4, ""new_fc_4"": 3, ""new_fc_5"": 29, ""new_fc_6"": 32, ""new_fc_7"": 14, ""new_fc_8"": 20, ""new_fc_9"": 13, ""num_neurons"": 32, ""optimizer"": ""Adagrad"", ""reg_l2"": true, ""skip_connection"": false, ""unit_c1"": 2, ""unit_c2"": 5}"
250,124,accuracy,0.3001999855041504,0.6998000144958496,0.5834737866666667,87521068.0,571434.0,-0.6148178741470947,16382.9448,"{""activation"": ""swish"", ""batch_size"": 32, ""data_augmentation"": false, ""dr_f"": 0.123357540861, ""learning_rate"": 0.000197962834, ""new_fc_1"": 1, ""new_fc_10"": 21, ""new_fc_2"": 20, ""new_fc_3"": 30, ""new_fc_4"": 29, ""new_fc_5"": 3, ""new_fc_6"": 29, ""new_fc_7"": 2, ""new_fc_8"": 12, ""new_fc_9"": 6, ""num_neurons"": 16, ""optimizer"": ""Adamax"", ""reg_l2"": false, ""skip_connection"": true, ""unit_c1"": 4, ""unit_c2"": 1}"
251,124,flops,,,0.6443576266666666,96653644.0,2184106.0,,16384.2735,"{""activation"": ""selu"", ""batch_size"": 8, ""data_augmentation"": true, ""dr_f"": 0.498997324629, ""learning_rate"": 0.000254697236, ""new_fc_1"": 20, ""new_fc_10"": 4, ""new_fc_2"": 10, ""new_fc_3"": 5, ""new_fc_4"": 4, ""new_fc_5"": 2, ""new_fc_6"": 17, ""new_fc_7"": 24, ""new_fc_8"": 17, ""new_fc_9"": 26, ""num_neurons"": 16, ""optimizer"": ""SGD"", ""reg_l2"": false, ""skip_connection"": false, ""unit_c1"": 3, ""unit_c2"": 5}"
252,125,accuracy,10000000000.0,,19.150046266666667,2872506940.0,71002698.0,10000000000.0,16389.4019,"{""activation"": ""elu"", ""batch_size"": 32, ""data_augmentation"": true, ""dr_f"": 0.361573006546, ""learning_rate"": 0.000719368133, ""new_fc_1"": 31, ""new_fc_10"": 28, ""new_fc_2"": 6, ""new_fc_3"": 13, ""new_fc_4"": 15, ""new_fc_5"": 20, ""new_fc_6"": 27, ""new_fc_7"": 19, ""new_fc_8"": 10, ""new_fc_9"": 15, ""num_neurons"": 64, ""optimizer"": ""Adagrad"", ""reg_l2"": false, ""skip_connection"": true, ""unit_c1"": 4, ""unit_c2"": 7}"
253,126,accuracy,10000000000.0,,8.64393128,1296589692.0,26602506.0,10000000000.0,4.2843,"{""activation"": ""relu"", ""batch_size"": 8, ""data_augmentation"": false, ""dr_f"": 0.439138700091, ""learning_rate"": 0.000307959313, ""new_fc_1"": 20, ""new_fc_10"": 14, ""new_fc_2"": 5, ""new_fc_3"": 18, ""new_fc_4"": 12, ""new_fc_5"": 4, ""new_fc_6"": 0, ""new_fc_7"": 19, ""new_fc_8"": 6, ""new_fc_9"": 19, ""num_neurons"": 64, ""optimizer"": ""Adagrad"", ""reg_l2"": false, ""skip_connection"": true, ""unit_c1"": 3, ""unit_c2"": 4}"
254,126,flops,,,0.17870685333333333,26806028.0,1198170.0,,5.8078,"{""activation"": ""swish"", ""batch_size"": 32, ""data_augmentation"": true, ""dr_f"": 0.228338040122, ""learning_rate"": 0.000484644366, ""new_fc_1"": 21, ""new_fc_10"": 11, ""new_fc_2"": 9, ""new_fc_3"": 26, ""new_fc_4"": 23, ""new_fc_5"": 10, ""new_fc_6"": 11, ""new_fc_7"": 14, ""new_fc_8"": 31, ""new_fc_9"": 31, ""num_neurons"": 16, ""optimizer"": ""Adadelta"", ""reg_l2"": false, ""skip_connection"": false, ""unit_c1"": 2, ""unit_c2"": 1}"
255,127,accuracy,0.899899996817112,0.10010000318288803,0.05591765333333333,8387648.0,189614.0,-0.3532947062280216,386.2068,"{""activation"": ""relu"", ""batch_size"": 16, ""data_augmentation"": false, ""dr_f"": 0.388825444709, ""learning_rate"": 0.000658329832, ""new_fc_1"": 27, ""new_fc_10"": 16, ""new_fc_2"": 32, ""new_fc_3"": 32, ""new_fc_4"": 27, ""new_fc_5"": 21, ""new_fc_6"": 1, ""new_fc_7"": 29, ""new_fc_8"": 25, ""new_fc_9"": 7, ""num_neurons"": 4, ""optimizer"": ""SGD"", ""reg_l2"": true, ""skip_connection"": false, ""unit_c1"": 4, ""unit_c2"": 4}"
256,127,flops,,,0.06821832,10232748.0,1045546.0,,387.4847,"{""activation"": ""selu"", ""batch_size"": 64, ""data_augmentation"": false, ""dr_f"": 0.416373140532, ""learning_rate"": 0.000749483999, ""new_fc_1"": 30, ""new_fc_10"": 12, ""new_fc_2"": 6, ""new_fc_3"": 17, ""new_fc_4"": 29, ""new_fc_5"": 28, ""new_fc_6"": 2, ""new_fc_7"": 15, ""new_fc_8"": 4, ""new_fc_9"": 24, ""num_neurons"": 16, ""optimizer"": ""Adam"", ""reg_l2"": true, ""skip_connection"": true, ""unit_c1"": 1, ""unit_c2"": 1}"
257,128,accuracy,0.37800002098083496,0.621999979019165,0.4082276,61234140.0,5464522.0,-0.6129317053134155,953.1721,"{""activation"": ""selu"", ""batch_size"": 64, ""data_augmentation"": true, ""dr_f"": 0.067263710294, ""learning_rate"": 0.00015301845, ""new_fc_1"": 19, ""new_fc_10"": 15, ""new_fc_2"": 30, ""new_fc_3"": 24, ""new_fc_4"": 20, ""new_fc_5"": 12, ""new_fc_6"": 31, ""new_fc_7"": 2, ""new_fc_8"": 3, ""new_fc_9"": 21, ""num_neurons"": 32, ""optimizer"": ""SGD"", ""reg_l2"": true, ""skip_connection"": true, ""unit_c1"": 1, ""unit_c2"": 2}"
258,128,flops,,,8.99187496,1348781244.0,11273674.0,,954.8361,"{""activation"": ""elu"", ""batch_size"": 32, ""data_augmentation"": false, ""dr_f"": 0.250521069405, ""learning_rate"": 0.000881738478, ""new_fc_1"": 14, ""new_fc_10"": 13, ""new_fc_2"": 23, ""new_fc_3"": 8, ""new_fc_4"": 22, ""new_fc_5"": 3, ""new_fc_6"": 27, ""new_fc_7"": 27, ""new_fc_8"": 2, ""new_fc_9"": 3, ""num_neurons"": 64, ""optimizer"": ""SGD"", ""reg_l2"": true, ""skip_connection"": true, ""unit_c1"": 4, ""unit_c2"": 1}"
259,128,flops,,,14.52132776,2178199164.0,63072714.0,,958.3665,"{""activation"": ""relu"", ""batch_size"": 32, ""data_augmentation"": true, ""dr_f"": 0.466982903536, ""learning_rate"": 0.000741022564, ""new_fc_1"": 27, ""new_fc_10"": 1, ""new_fc_2"": 17, ""new_fc_3"": 21, ""new_fc_4"": 28, ""new_fc_5"": 3, ""new_fc_6"": 22, ""new_fc_7"": 0, ""new_fc_8"": 21, ""new_fc_9"": 25, ""num_neurons"": 64, ""optimizer"": ""SGD"", ""reg_l2"": false, ""skip_connection"": true, ""unit_c1"": 3, ""unit_c2"": 7}"
260,129,accuracy,10000000000.0,,2.2748614133333334,341229212.0,3991658.0,10000000000.0,959.5987,"{""activation"": ""swish"", ""batch_size"": 32, ""data_augmentation"": false, ""dr_f"": 0.392599770662, ""learning_rate"": 0.000564661755, ""new_fc_1"": 25, ""new_fc_10"": 2, ""new_fc_2"": 23, ""new_fc_3"": 15, ""new_fc_4"": 20, ""new_fc_5"": 5, ""new_fc_6"": 8, ""new_fc_7"": 23, ""new_fc_8"": 12, ""new_fc_9"": 20, ""num_neurons"": 32, ""optimizer"": ""Adagrad"", ""reg_l2"": false, ""skip_connection"": false, ""unit_c1"": 4, ""unit_c2"": 1}"
261,130,accuracy,10000000000.0,,1.6105906933333334,241588604.0,24770954.0,10000000000.0,961.8505,"{""activation"": ""relu"", ""batch_size"": 32, ""data_augmentation"": false, ""dr_f"": 0.211196492901, ""learning_rate"": 0.000160186543, ""new_fc_1"": 27, ""new_fc_10"": 16, ""new_fc_2"": 6, ""new_fc_3"": 15, ""new_fc_4"": 1, ""new_fc_5"": 0, ""new_fc_6"": 32, ""new_fc_7"": 31, ""new_fc_8"": 20, ""new_fc_9"": 17, ""num_neurons"": 64, ""optimizer"": ""Adamax"", ""reg_l2"": true, ""skip_connection"": false, ""unit_c1"": 1, ""unit_c2"": 2}"
262,131,accuracy,10000000000.0,,1.0454902133333333,156823532.0,3364314.0,10000000000.0,963.149,"{""activation"": ""swish"", ""batch_size"": 64, ""data_augmentation"": true, ""dr_f"": 0.321190826258, ""learning_rate"": 0.000506313859, ""new_fc_1"": 24, ""new_fc_10"": 30, ""new_fc_2"": 21, ""new_fc_3"": 5, ""new_fc_4"": 0, ""new_fc_5"": 28, ""new_fc_6"": 24, ""new_fc_7"": 26, ""new_fc_8"": 4, ""new_fc_9"": 31, ""num_neurons"": 16, ""optimizer"": ""Adam"", ""reg_l2"": false, ""skip_connection"": false, ""unit_c1"": 4, ""unit_c2"": 6}"
263,132,accuracy,10000000000.0,,1.4270536266666667,214058044.0,11003530.0,10000000000.0,964.803,"{""activation"": ""selu"", ""batch_size"": 32, ""data_augmentation"": true, ""dr_f"": 0.319997063373, ""learning_rate"": 0.000518411834, ""new_fc_1"": 28, ""new_fc_10"": 11, ""new_fc_2"": 20, ""new_fc_3"": 4, ""new_fc_4"": 28, ""new_fc_5"": 14, ""new_fc_6"": 5, ""new_fc_7"": 30, ""new_fc_8"": 29, ""new_fc_9"": 27, ""num_neurons"": 32, ""optimizer"": ""Adadelta"", ""reg_l2"": true, ""skip_connection"": false, ""unit_c1"": 2, ""unit_c2"": 4}"
264,133,accuracy,0.8839000016450882,0.1160999983549118,0.17870685333333333,26806028.0,1198170.0,-0.32765794284843824,1229.8265,"{""activation"": ""swish"", ""batch_size"": 32, ""data_augmentation"": true, ""dr_f"": 0.228338040122, ""learning_rate"": 0.000484644366, ""new_fc_1"": 21, ""new_fc_10"": 11, ""new_fc_2"": 9, ""new_fc_3"": 26, ""new_fc_4"": 23, ""new_fc_5"": 10, ""new_fc_6"": 11, ""new_fc_7"": 14, ""new_fc_8"": 31, ""new_fc_9"": 31, ""num_neurons"": 16, ""optimizer"": ""Adadelta"", ""reg_l2"": false, ""skip_connection"": false, ""unit_c1"": 2, ""unit_c2"": 1}"
265,134,accuracy,10000000000.0,,3.2272882933333333,484093244.0,11678666.0,10000000000.0,1231.4363,"{""activation"": ""elu"", ""batch_size"": 8, ""data_augmentation"": true, ""dr_f"": 0.490322357778, ""learning_rate"": 0.000252197112, ""new_fc_1"": 31, ""new_fc_10"": 15, ""new_fc_2"": 28, ""new_fc_3"": 1, ""new_fc_4"": 24, ""new_fc_5"": 21, ""new_fc_6"": 28, ""new_fc_7"": 20, ""new_fc_8"": 10, ""new_fc_9"": 10, ""num_neurons"": 32, ""optimizer"": ""Adam"", ""reg_l2"": true, ""skip_connection"": true, ""unit_c1"": 4, ""unit_c2"": 4}"
266,135,accuracy,10000000000.0,,7.190778426666666,1078616764.0,25028938.0,10000000000.0,1234.6488,"{""activation"": ""relu"", ""batch_size"": 8, ""data_augmentation"": false, ""dr_f"": 0.286709093291, ""learning_rate"": 0.000602358388, ""new_fc_1"": 21, ""new_fc_10"": 0, ""new_fc_2"": 16, ""new_fc_3"": 19, ""new_fc_4"": 16, ""new_fc_5"": 2, ""new_fc_6"": 27, ""new_fc_7"": 20, ""new_fc_8"": 13, ""new_fc_9"": 0, ""num_neurons"": 64, ""optimizer"": ""Adagrad"", ""reg_l2"": false, ""skip_connection"": false, ""unit_c1"": 3, ""unit_c2"": 3}"
267,135,flops,,,0.0880392,13205880.0,242414.0,,1235.8527,"{""activation"": ""selu"", ""batch_size"": 16, ""data_augmentation"": false, ""dr_f"": 0.234911544577, ""learning_rate"": 0.000610651258, ""new_fc_1"": 23, ""new_fc_10"": 15, ""new_fc_2"": 12, ""new_fc_3"": 17, ""new_fc_4"": 27, ""new_fc_5"": 14, ""new_fc_6"": 0, ""new_fc_7"": 20, ""new_fc_8"": 17, ""new_fc_9"": 10, ""num_neurons"": 4, ""optimizer"": ""Adadelta"", ""reg_l2"": false, ""skip_connection"": false, ""unit_c1"": 4, ""unit_c2"": 8}"
268,136,accuracy,0.613099992275238,0.38690000772476196,0.06821832,10232748.0,1045546.0,-0.5503645094073334,1560.7707,"{""activation"": ""selu"", ""batch_size"": 64, ""data_augmentation"": false, ""dr_f"": 0.416373140532, ""learning_rate"": 0.000749483999, ""new_fc_1"": 30, ""new_fc_10"": 12, ""new_fc_2"": 6, ""new_fc_3"": 17, ""new_fc_4"": 29, ""new_fc_5"": 28, ""new_fc_6"": 2, ""new_fc_7"": 15, ""new_fc_8"": 4, ""new_fc_9"": 24, ""num_neurons"": 16, ""optimizer"": ""Adam"", ""reg_l2"": true, ""skip_connection"": true, ""unit_c1"": 1, ""unit_c2"": 1}"
269,136,flops,,,0.013980453333333333,2097068.0,44342.0,,1561.9319,"{""activation"": ""relu"", ""batch_size"": 16, ""data_augmentation"": false, ""dr_f"": 0.418320448964, ""learning_rate"": 0.000901108801, ""new_fc_1"": 2, ""new_fc_10"": 0, ""new_fc_2"": 30, ""new_fc_3"": 24, ""new_fc_4"": 19, ""new_fc_5"": 12, ""new_fc_6"": 12, ""new_fc_7"": 3, ""new_fc_8"": 17, ""new_fc_9"": 17, ""num_neurons"": 4, ""optimizer"": ""SGD"", ""reg_l2"": true, ""skip_connection"": false, ""unit_c1"": 1, ""unit_c2"": 4}"
270,137,accuracy,0.5758000016212463,0.42419999837875366,0.04228506666666667,6342760.0,194458.0,-0.5842544788651276,1886.9692,"{""activation"": ""selu"", ""batch_size"": 64, ""data_augmentation"": true, ""dr_f"": 0.055331833318, ""learning_rate"": 0.000118528224, ""new_fc_1"": 19, ""new_fc_10"": 12, ""new_fc_2"": 7, ""new_fc_3"": 11, ""new_fc_4"": 15, ""new_fc_5"": 30, ""new_fc_6"": 0, ""new_fc_7"": 15, ""new_fc_8"": 16, ""new_fc_9"": 6, ""num_neurons"": 4, ""optimizer"": ""Adagrad"", ""reg_l2"": false, ""skip_connection"": true, ""unit_c1"": 1, ""unit_c2"": 8}"
271,137,flops,,,0.0056401333333333335,846020.0,56662.0,,1888.3429,"{""activation"": ""swish"", ""batch_size"": 32, ""data_augmentation"": false, ""dr_f"": 0.052540866021, ""learning_rate"": 0.000598727638, ""new_fc_1"": 0, ""new_fc_10"": 21, ""new_fc_2"": 18, ""new_fc_3"": 9, ""new_fc_4"": 18, ""new_fc_5"": 26, ""new_fc_6"": 18, ""new_fc_7"": 14, ""new_fc_8"": 8, ""new_fc_9"": 22, ""num_neurons"": 4, ""optimizer"": ""Adadelta"", ""reg_l2"": false, ""skip_connection"": true, ""unit_c1"": 1, ""unit_c2"": 1}"
272,137,flops,,,3.536377786666667,530456668.0,7055466.0,,1889.8731,"{""activation"": ""elu"", ""batch_size"": 8, ""data_augmentation"": true, ""dr_f"": 0.082301151325, ""learning_rate"": 0.000395228637, ""new_fc_1"": 10, ""new_fc_10"": 31, ""new_fc_2"": 13, ""new_fc_3"": 26, ""new_fc_4"": 11, ""new_fc_5"": 9, ""new_fc_6"": 7, ""new_fc_7"": 24, ""new_fc_8"": 2, ""new_fc_9"": 16, ""num_neurons"": 32, ""optimizer"": ""SGD"", ""reg_l2"": true, ""skip_connection"": true, ""unit_c1"": 3, ""unit_c2"": 7}"
273,138,accuracy,0.4968000054359436,0.5031999945640564,0.489506,73425900.0,946794.0,-0.5053881961948394,3114.7379,"{""activation"": ""elu"", ""batch_size"": 16, ""data_augmentation"": true, ""dr_f"": 0.109938733393, ""learning_rate"": 0.000344560314, ""new_fc_1"": 2, ""new_fc_10"": 24, ""new_fc_2"": 10, ""new_fc_3"": 16, ""new_fc_4"": 28, ""new_fc_5"": 30, ""new_fc_6"": 9, ""new_fc_7"": 8, ""new_fc_8"": 22, ""new_fc_9"": 6, ""num_neurons"": 16, ""optimizer"": ""Adadelta"", ""reg_l2"": false, ""skip_connection"": false, ""unit_c1"": 1, ""unit_c2"": 7}"
274,139,accuracy,10000000000.0,,12.778853946666667,1916828092.0,51618570.0,10000000000.0,3119.1592,"{""activation"": ""selu"", ""batch_size"": 64, ""data_augmentation"": true, ""dr_f"": 0.347802275891, ""learning_rate"": 0.000997566859, ""new_fc_1"": 19, ""new_fc_10"": 10, ""new_fc_2"": 17, ""new_fc_3"": 14, ""new_fc_4"": 23, ""new_fc_5"": 7, ""new_fc_6"": 13, ""new_fc_7"": 18, ""new_fc_8"": 11, ""new_fc_9"": 26, ""num_neurons"": 64, ""optimizer"": ""Adagrad"", ""reg_l2"": true, ""skip_connection"": false, ""unit_c1"": 2, ""unit_c2"": 8}"
275,140,accuracy,0.8999999985098839,0.10000000149011612,0.9251078133333334,138766172.0,3338154.0,-0.09246765704308127,3684.3072,"{""activation"": ""relu"", ""batch_size"": 16, ""data_augmentation"": true, ""dr_f"": 0.353918346277, ""learning_rate"": 0.000974927598, ""new_fc_1"": 26, ""new_fc_10"": 23, ""new_fc_2"": 14, ""new_fc_3"": 32, ""new_fc_4"": 10, ""new_fc_5"": 32, ""new_fc_6"": 21, ""new_fc_7"": 32, ""new_fc_8"": 11, ""new_fc_9"": 29, ""num_neurons"": 16, ""optimizer"": ""Adam"", ""reg_l2"": false, ""skip_connection"": false, ""unit_c1"": 4, ""unit_c2"": 5}"
276,141,accuracy,0.8985000029206276,0.1014999970793724,0.013980453333333333,2097068.0,44342.0,-0.36685586195556064,4009.1816,"{""activation"": ""relu"", ""batch_size"": 16, ""data_augmentation"": false, ""dr_f"": 0.418320448964, ""learning_rate"": 0.000901108801, ""new_fc_1"": 2, ""new_fc_10"": 0, ""new_fc_2"": 30, ""new_fc_3"": 24, ""new_fc_4"": 19, ""new_fc_5"": 12, ""new_fc_6"": 12, ""new_fc_7"": 3, ""new_fc_8"": 17, ""new_fc_9"": 17, ""num_neurons"": 4, ""optimizer"": ""SGD"", ""reg_l2"": true, ""skip_connection"": false, ""unit_c1"": 1, ""unit_c2"": 4}"
277,141,flops,,,0.011236,1685400.0,133930.0,,4010.4874,"{""activation"": ""selu"", ""batch_size"": 64, ""data_augmentation"": true, ""dr_f"": 0.292996966427, ""learning_rate"": 0.000560552524, ""new_fc_1"": 25, ""new_fc_10"": 27, ""new_fc_2"": 31, ""new_fc_3"": 16, ""new_fc_4"": 25, ""new_fc_5"": 7, ""new_fc_6"": 16, ""new_fc_7"": 24, ""new_fc_8"": 5, ""new_fc_9"": 27, ""num_neurons"": 4, ""optimizer"": ""Adagrad"", ""reg_l2"": false, ""skip_connection"": false, ""unit_c1"": 1, ""unit_c2"": 3}"
278,142,accuracy,0.8999999985098839,0.10000000149011612,0.04582456,6873684.0,132290.0,-0.3562526330430813,4155.6838,"{""activation"": ""swish"", ""batch_size"": 64, ""data_augmentation"": false, ""dr_f"": 0.147852557122, ""learning_rate"": 0.000642879646, ""new_fc_1"": 8, ""new_fc_10"": 15, ""new_fc_2"": 7, ""new_fc_3"": 15, ""new_fc_4"": 19, ""new_fc_5"": 22, ""new_fc_6"": 7, ""new_fc_7"": 6, ""new_fc_8"": 17, ""new_fc_9"": 9, ""num_neurons"": 8, ""optimizer"": ""Adagrad"", ""reg_l2"": true, ""skip_connection"": false, ""unit_c1"": 2, ""unit_c2"": 1}"
279,143,accuracy,10000000000.0,,8.28614312,1242921468.0,55299850.0,10000000000.0,4158.976,"{""activation"": ""elu"", ""batch_size"": 16, ""data_augmentation"": true, ""dr_f"": 0.252630729998, ""learning_rate"": 0.000802860907, ""new_fc_1"": 22, ""new_fc_10"": 15, ""new_fc_2"": 22, ""new_fc_3"": 9, ""new_fc_4"": 4, ""new_fc_5"": 20, ""new_fc_6"": 21, ""new_fc_7"": 28, ""new_fc_8"": 14, ""new_fc_9"": 32, ""num_neurons"": 64, ""optimizer"": ""SGD"", ""reg_l2"": false, ""skip_connection"": false, ""unit_c1"": 1, ""unit_c2"": 7}"
280,144,accuracy,0.8999999985098839,0.10000000149011612,0.030859493333333335,4628924.0,120798.0,-0.36074215304308127,4904.4931,"{""activation"": ""relu"", ""batch_size"": 8, ""data_augmentation"": true, ""dr_f"": 0.330528194708, ""learning_rate"": 0.00070589672, ""new_fc_1"": 15, ""new_fc_10"": 2, ""new_fc_2"": 25, ""new_fc_3"": 16, ""new_fc_4"": 20, ""new_fc_5"": 7, ""new_fc_6"": 32, ""new_fc_7"": 18, ""new_fc_8"": 7, ""new_fc_9"": 18, ""num_neurons"": 4, ""optimizer"": ""Adamax"", ""reg_l2"": true, ""skip_connection"": true, ""unit_c1"": 2, ""unit_c2"": 5}"
281,144,flops,,,9.725623013333333,1458843452.0,5718410.0,,4905.9852,"{""activation"": ""selu"", ""batch_size"": 8, ""data_augmentation"": true, ""dr_f"": 0.040328880169, ""learning_rate"": 0.000161954802, ""new_fc_1"": 4, ""new_fc_10"": 11, ""new_fc_2"": 10, ""new_fc_3"": 17, ""new_fc_4"": 3, ""new_fc_5"": 27, ""new_fc_6"": 8, ""new_fc_7"": 1, ""new_fc_8"": 13, ""new_fc_9"": 2, ""num_neurons"": 64, ""optimizer"": ""Adamax"", ""reg_l2"": false, ""skip_connection"": false, ""unit_c1"": 4, ""unit_c2"": 2}"
282,145,accuracy,0.25859999656677246,0.7414000034332275,0.17020717333333332,25531076.0,370914.0,-0.7679178504032592,5290.9105,"{""activation"": ""elu"", ""batch_size"": 64, ""data_augmentation"": true, ""dr_f"": 0.318982612094, ""learning_rate"": 0.000235050084, ""new_fc_1"": 30, ""new_fc_10"": 20, ""new_fc_2"": 10, ""new_fc_3"": 13, ""new_fc_4"": 9, ""new_fc_5"": 14, ""new_fc_6"": 16, ""new_fc_7"": 0, ""new_fc_8"": 3, ""new_fc_9"": 30, ""num_neurons"": 8, ""optimizer"": ""Adam"", ""reg_l2"": false, ""skip_connection"": true, ""unit_c1"": 4, ""unit_c2"": 2}"
283,146,accuracy,10000000000.0,,2.4710681333333335,370660220.0,3617066.0,10000000000.0,5292.4203,"{""activation"": ""relu"", ""batch_size"": 16, ""data_augmentation"": false, ""dr_f"": 0.275096332627, ""learning_rate"": 0.000768729156, ""new_fc_1"": 5, ""new_fc_10"": 5, ""new_fc_2"": 20, ""new_fc_3"": 19, ""new_fc_4"": 17, ""new_fc_5"": 21, ""new_fc_6"": 7, ""new_fc_7"": 4, ""new_fc_8"": 16, ""new_fc_9"": 4, ""num_neurons"": 32, ""optimizer"": ""SGD"", ""reg_l2"": true, ""skip_connection"": false, ""unit_c1"": 3, ""unit_c2"": 5}"
284,147,accuracy,10000000000.0,,5.3548548,803228220.0,12386698.0,10000000000.0,5294.0189,"{""activation"": ""selu"", ""batch_size"": 32, ""data_augmentation"": true, ""dr_f"": 0.225672122741, ""learning_rate"": 0.000876946986, ""new_fc_1"": 18, ""new_fc_10"": 16, ""new_fc_2"": 22, ""new_fc_3"": 17, ""new_fc_4"": 22, ""new_fc_5"": 9, ""new_fc_6"": 1, ""new_fc_7"": 15, ""new_fc_8"": 4, ""new_fc_9"": 20, ""num_neurons"": 32, ""optimizer"": ""Adamax"", ""reg_l2"": true, ""skip_connection"": true, ""unit_c1"": 4, ""unit_c2"": 8}"
285,147,flops,,,0.07267997333333333,10901996.0,207442.0,,5295.1253,"{""activation"": ""elu"", ""batch_size"": 8, ""data_augmentation"": false, ""dr_f"": 0.47685380344, ""learning_rate"": 0.00033016114, ""new_fc_1"": 2, ""new_fc_10"": 14, ""new_fc_2"": 17, ""new_fc_3"": 19, ""new_fc_4"": 27, ""new_fc_5"": 3, ""new_fc_6"": 25, ""new_fc_7"": 18, ""new_fc_8"": 18, ""new_fc_9"": 15, ""num_neurons"": 8, ""optimizer"": ""Adagrad"", ""reg_l2"": false, ""skip_connection"": false, ""unit_c1"": 1, ""unit_c2"": 5}"
286,148,accuracy,0.7143000066280365,0.2856999933719635,0.011236,1685400.0,133930.0,-0.4966191953603744,5619.9768,"{""activation"": ""selu"", ""batch_size"": 64, ""data_augmentation"": true, ""dr_f"": 0.292996966427, ""learning_rate"": 0.000560552524, ""new_fc_1"": 25, ""new_fc_10"": 27, ""new_fc_2"": 31, ""new_fc_3"": 16, ""new_fc_4"": 25, ""new_fc_5"": 7, ""new_fc_6"": 16, ""new_fc_7"": 24, ""new_fc_8"": 5, ""new_fc_9"": 27, ""num_neurons"": 4, ""optimizer"": ""Adagrad"", ""reg_l2"": false, ""skip_connection"": false, ""unit_c1"": 1, ""unit_c2"": 3}"
287,149,accuracy,10000000000.0,,3.536377786666667,530456668.0,7055466.0,10000000000.0,5621.4269,"{""activation"": ""elu"", ""batch_size"": 8, ""data_augmentation"": true, ""dr_f"": 0.082301151325, ""learning_rate"": 0.000395228637, ""new_fc_1"": 10, ""new_fc_10"": 31, ""new_fc_2"": 13, ""new_fc_3"": 26, ""new_fc_4"": 11, ""new_fc_5"": 9, ""new_fc_6"": 7, ""new_fc_7"": 24, ""new_fc_8"": 2, ""new_fc_9"": 16, ""num_neurons"": 32, ""optimizer"": ""SGD"", ""reg_l2"": true, ""skip_connection"": true, ""unit_c1"": 3, ""unit_c2"": 7}"
288,149,flops,,,2.5675588,385133820.0,9462986.0,,5623.0117,"{""activation"": ""swish"", ""batch_size"": 32, ""data_augmentation"": true, ""dr_f"": 0.280160257946, ""learning_rate"": 0.000759263515, ""new_fc_1"": 13, ""new_fc_10"": 21, ""new_fc_2"": 1, ""new_fc_3"": 14, ""new_fc_4"": 16, ""new_fc_5"": 8, ""new_fc_6"": 22, ""new_fc_7"": 4, ""new_fc_8"": 4, ""new_fc_9"": 30, ""num_neurons"": 64, ""optimizer"": ""Adadelta"", ""reg_l2"": true, ""skip_connection"": false, ""unit_c1"": 2, ""unit_c2"": 1}"
289,150,accuracy,10000000000.0,,2.5675588,385133820.0,9462986.0,10000000000.0,5624.5412,"{""activation"": ""swish"", ""batch_size"": 32, ""data_augmentation"": true, ""dr_f"": 0.280160257946, ""learning_rate"": 0.000759263515, ""new_fc_1"": 13, ""new_fc_10"": 21, ""new_fc_2"": 1, ""new_fc_3"": 14, ""new_fc_4"": 16, ""new_fc_5"": 8, ""new_fc_6"": 22, ""new_fc_7"": 4, ""new_fc_8"": 4, ""new_fc_9"": 30, ""num_neurons"": 64, ""optimizer"": ""Adadelta"", ""reg_l2"": true, ""skip_connection"": false, ""unit_c1"": 2, ""unit_c2"": 1}"
290,151,accuracy,10000000000.0,,8.2777412,1241661180.0,12522762.0,10000000000.0,5626.1275,"{""activation"": ""elu"", ""batch_size"": 64, ""data_augmentation"": true, ""dr_f"": 0.400659293921, ""learning_rate"": 0.000351673833, ""new_fc_1"": 6, ""new_fc_10"": 7, ""new_fc_2"": 6, ""new_fc_3"": 22, ""new_fc_4"": 1, ""new_fc_5"": 30, ""new_fc_6"": 29, ""new_fc_7"": 1, ""new_fc_8"": 1, ""new_fc_9"": 8, ""num_neurons"": 64, ""optimizer"": ""Adagrad"", ""reg_l2"": false, ""skip_connection"": false, ""unit_c1"": 3, ""unit_c2"": 4}"
291,151,flops,,,0.03390792,5086188.0,212462.0,,1.6764,"{""activation"": ""elu"", ""batch_size"": 64, ""data_augmentation"": false, ""dr_f"": 0.395130974099, ""learning_rate"": 0.000683255296, ""new_fc_1"": 23, ""new_fc_10"": 21, ""new_fc_2"": 20, ""new_fc_3"": 6, ""new_fc_4"": 17, ""new_fc_5"": 17, ""new_fc_6"": 16, ""new_fc_7"": 7, ""new_fc_8"": 20, ""new_fc_9"": 21, ""num_neurons"": 4, ""optimizer"": ""Adadelta"", ""reg_l2"": true, ""skip_connection"": false, ""unit_c1"": 1, ""unit_c2"": 7}"
292,152,accuracy,0.8817000016570091,0.11829999834299088,0.0056401333333333335,846020.0,56662.0,-0.3811179588400936,567.4557,"{""activation"": ""swish"", ""batch_size"": 32, ""data_augmentation"": false, ""dr_f"": 0.052540866021, ""learning_rate"": 0.000598727638, ""new_fc_1"": 0, ""new_fc_10"": 21, ""new_fc_2"": 18, ""new_fc_3"": 9, ""new_fc_4"": 18, ""new_fc_5"": 26, ""new_fc_6"": 18, ""new_fc_7"": 14, ""new_fc_8"": 8, ""new_fc_9"": 22, ""num_neurons"": 4, ""optimizer"": ""Adadelta"", ""reg_l2"": false, ""skip_connection"": true, ""unit_c1"": 1, ""unit_c2"": 1}"
293,152,flops,,,1.8621691466666668,279325372.0,9677610.0,,569.1013,"{""activation"": ""selu"", ""batch_size"": 8, ""data_augmentation"": false, ""dr_f"": 0.300395594461, ""learning_rate"": 0.00010884964, ""new_fc_1"": 25, ""new_fc_10"": 28, ""new_fc_2"": 30, ""new_fc_3"": 17, ""new_fc_4"": 27, ""new_fc_5"": 12, ""new_fc_6"": 26, ""new_fc_7"": 17, ""new_fc_8"": 16, ""new_fc_9"": 30, ""num_neurons"": 32, ""optimizer"": ""SGD"", ""reg_l2"": false, ""skip_connection"": false, ""unit_c1"": 3, ""unit_c2"": 3}"
294,152,flops,,,0.9759628533333333,146394428.0,14799818.0,,570.9377,"{""activation"": ""selu"", ""batch_size"": 16, ""data_augmentation"": true, ""dr_f"": 0.187403609491, ""learning_rate"": 0.000580607168, ""new_fc_1"": 15, ""new_fc_10"": 26, ""new_fc_2"": 26, ""new_fc_3"": 25, ""new_fc_4"": 19, ""new_fc_5"": 6, ""new_fc_6"": 14, ""new_fc_7"": 17, ""new_fc_8"": 11, ""new_fc_9"": 13, ""num_neurons"": 64, ""optimizer"": ""Adagrad"", ""reg_l2"": true, ""skip_connection"": false, ""unit_c1"": 1, ""unit_c2"": 1}"
295,152,flops,,,14.18354216,2127531324.0,37737610.0,,573.4886,"{""activation"": ""relu"", ""batch_size"": 32, ""data_augmentation"": false, ""dr_f"": 0.275093433368, ""learning_rate"": 0.00055251422, ""new_fc_1"": 15, ""new_fc_10"": 9, ""new_fc_2"": 4, ""new_fc_3"": 32, ""new_fc_4"": 32, ""new_fc_5"": 12, ""new_fc_6"": 2, ""new_fc_7"": 2, ""new_fc_8"": 16, ""new_fc_9"": 4, ""num_neurons"": 64, ""optimizer"": ""Adadelta"", ""reg_l2"": false, ""skip_connection"": true, ""unit_c1"": 3, ""unit_c2"": 7}"
296,153,accuracy,10000000000.0,,1.0749503733333334,161242556.0,3721034.0,10000000000.0,574.8102,"{""activation"": ""swish"", ""batch_size"": 16, ""data_augmentation"": true, ""dr_f"": 0.093966037475, ""learning_rate"": 0.000191778524, ""new_fc_1"": 29, ""new_fc_10"": 5, ""new_fc_2"": 31, ""new_fc_3"": 27, ""new_fc_4"": 19, ""new_fc_5"": 6, ""new_fc_6"": 19, ""new_fc_7"": 4, ""new_fc_8"": 12, ""new_fc_9"": 4, ""num_neurons"": 16, ""optimizer"": ""Adamax"", ""reg_l2"": false, ""skip_connection"": true, ""unit_c1"": 4, ""unit_c2"": 6}"
297,154,accuracy,0.3539999723434448,0.6460000276565552,0.07413533333333333,11120300.0,478554.0,-0.7299594193595886,1020.3935,"{""activation"": ""swish"", ""batch_size"": 64, ""data_augmentation"": true, ""dr_f"": 0.330449789417, ""learning_rate"": 0.000514861021, ""new_fc_1"": 29, ""new_fc_10"": 12, ""new_fc_2"": 2, ""new_fc_3"": 32, ""new_fc_4"": 12, ""new_fc_5"": 11, ""new_fc_6"": 28, ""new_fc_7"": 10, ""new_fc_8"": 2, ""new_fc_9"": 32, ""num_neurons"": 8, ""optimizer"": ""Adamax"", ""reg_l2"": false, ""skip_connection"": false, ""unit_c1"": 2, ""unit_c2"": 3}"
298,155,accuracy,0.7303000092506409,0.26969999074935913,0.07267997333333333,10901996.0,207442.0,-0.4669860015245514,3025.6125,"{""activation"": ""elu"", ""batch_size"": 8, ""data_augmentation"": false, ""dr_f"": 0.47685380344, ""learning_rate"": 0.00033016114, ""new_fc_1"": 2, ""new_fc_10"": 14, ""new_fc_2"": 17, ""new_fc_3"": 19, ""new_fc_4"": 27, ""new_fc_5"": 3, ""new_fc_6"": 25, ""new_fc_7"": 18, ""new_fc_8"": 18, ""new_fc_9"": 15, ""num_neurons"": 8, ""optimizer"": ""Adagrad"", ""reg_l2"": false, ""skip_connection"": false, ""unit_c1"": 1, ""unit_c2"": 5}"
299,155,flops,,,0.6675435466666667,100131532.0,4273194.0,,3027.0355,"{""activation"": ""relu"", ""batch_size"": 8, ""data_augmentation"": false, ""dr_f"": 0.258547506196, ""learning_rate"": 0.0007200009, ""new_fc_1"": 24, ""new_fc_10"": 16, ""new_fc_2"": 1, ""new_fc_3"": 19, ""new_fc_4"": 12, ""new_fc_5"": 27, ""new_fc_6"": 27, ""new_fc_7"": 29, ""new_fc_8"": 29, ""new_fc_9"": 17, ""num_neurons"": 16, ""optimizer"": ""Adadelta"", ""reg_l2"": true, ""skip_connection"": true, ""unit_c1"": 1, ""unit_c2"": 8}"
300,155,flops,,,0.10606616,15909924.0,277530.0,,3028.3562,"{""activation"": ""relu"", ""batch_size"": 8, ""data_augmentation"": true, ""dr_f"": 0.275957845867, ""learning_rate"": 0.000386420716, ""new_fc_1"": 12, ""new_fc_10"": 18, ""new_fc_2"": 11, ""new_fc_3"": 16, ""new_fc_4"": 21, ""new_fc_5"": 19, ""new_fc_6"": 27, ""new_fc_7"": 19, ""new_fc_8"": 6, ""new_fc_9"": 16, ""num_neurons"": 8, ""optimizer"": ""Adadelta"", ""reg_l2"": false, ""skip_connection"": true, ""unit_c1"": 3, ""unit_c2"": 2}"
301,155,flops,,,2.54325736,381488604.0,9032202.0,,3029.775,"{""activation"": ""relu"", ""batch_size"": 32, ""data_augmentation"": false, ""dr_f"": 0.326771912323, ""learning_rate"": 0.000649793462, ""new_fc_1"": 17, ""new_fc_10"": 3, ""new_fc_2"": 24, ""new_fc_3"": 6, ""new_fc_4"": 4, ""new_fc_5"": 29, ""new_fc_6"": 26, ""new_fc_7"": 28, ""new_fc_8"": 12, ""new_fc_9"": 28, ""num_neurons"": 32, ""optimizer"": ""SGD"", ""reg_l2"": false, ""skip_connection"": false, ""unit_c1"": 3, ""unit_c2"": 5}"
302,156,accuracy,0.6331999897956848,0.3668000102043152,0.0880392,13205880.0,242414.0,-0.5303482471430205,4074.6923,"{""activation"": ""selu"", ""batch_size"": 16, ""data_augmentation"": false, ""dr_f"": 0.234911544577, ""learning_rate"": 0.000610651258, ""new_fc_1"": 23, ""new_fc_10"": 15, ""new_fc_2"": 12, ""new_fc_3"": 17, ""new_fc_4"": 27, ""new_fc_5"": 14, ""new_fc_6"": 0, ""new_fc_7"": 20, ""new_fc_8"": 17, ""new_fc_9"": 10, ""num_neurons"": 4, ""optimizer"": ""Adadelta"", ""reg_l2"": false, ""skip_connection"": false, ""unit_c1"": 4, ""unit_c2"": 8}"
303,156,flops,,,0.9535372533333333,143030588.0,12847178.0,,4076.4439,"{""activation"": ""selu"", ""batch_size"": 8, ""data_augmentation"": false, ""dr_f"": 0.461080461047, ""learning_rate"": 0.000422309239, ""new_fc_1"": 16, ""new_fc_10"": 23, ""new_fc_2"": 12, ""new_fc_3"": 16, ""new_fc_4"": 2, ""new_fc_5"": 4, ""new_fc_6"": 20, ""new_fc_7"": 2, ""new_fc_8"": 28, ""new_fc_9"": 29, ""num_neurons"": 64, ""optimizer"": ""Adam"", ""reg_l2"": false, ""skip_connection"": true, ""unit_c1"": 1, ""unit_c2"": 1}"
304,157,accuracy,0.30559998750686646,0.6944000124931335,0.8763656266666666,131454844.0,7110442.0,-0.5231703207451934,5182.1926,"{""activation"": ""elu"", ""batch_size"": 16, ""data_augmentation"": true, ""dr_f"": 0.103705969594, ""learning_rate"": 0.000810153362, ""new_fc_1"": 19, ""new_fc_10"": 27, ""new_fc_2"": 27, ""new_fc_3"": 5, ""new_fc_4"": 4, ""new_fc_5"": 29, ""new_fc_6"": 14, ""new_fc_7"": 13, ""new_fc_8"": 10, ""new_fc_9"": 10, ""num_neurons"": 32, ""optimizer"": ""SGD"", ""reg_l2"": false, ""skip_connection"": true, ""unit_c1"": 1, ""unit_c2"": 4}"
305,157,flops,,,2.7530696266666665,412960444.0,2199690.0,,5183.537,"{""activation"": ""swish"", ""batch_size"": 32, ""data_augmentation"": true, ""dr_f"": 0.327769955474, ""learning_rate"": 0.000892270853, ""new_fc_1"": 5, ""new_fc_10"": 1, ""new_fc_2"": 9, ""new_fc_3"": 6, ""new_fc_4"": 16, ""new_fc_5"": 4, ""new_fc_6"": 10, ""new_fc_7"": 4, ""new_fc_8"": 26, ""new_fc_9"": 15, ""num_neurons"": 32, ""optimizer"": ""Adagrad"", ""reg_l2"": false, ""skip_connection"": false, ""unit_c1"": 4, ""unit_c2"": 3}"
306,158,accuracy,10000000000.0,,2.8087865333333335,421317980.0,6693674.0,10000000000.0,5185.0612,"{""activation"": ""relu"", ""batch_size"": 64, ""data_augmentation"": true, ""dr_f"": 0.091133264575, ""learning_rate"": 0.000529278198, ""new_fc_1"": 21, ""new_fc_10"": 1, ""new_fc_2"": 23, ""new_fc_3"": 18, ""new_fc_4"": 18, ""new_fc_5"": 14, ""new_fc_6"": 8, ""new_fc_7"": 4, ""new_fc_8"": 21, ""new_fc_9"": 21, ""num_neurons"": 32, ""optimizer"": ""Adadelta"", ""reg_l2"": false, ""skip_connection"": false, ""unit_c1"": 4, ""unit_c2"": 3}"
307,159,accuracy,0.8999999985098839,0.10000000149011612,0.6404137333333333,96062060.0,1746794.0,-0.17787588104308127,5690.8902,"{""activation"": ""swish"", ""batch_size"": 16, ""data_augmentation"": false, ""dr_f"": 0.444065195249, ""learning_rate"": 0.000985187182, ""new_fc_1"": 14, ""new_fc_10"": 30, ""new_fc_2"": 11, ""new_fc_3"": 20, ""new_fc_4"": 1, ""new_fc_5"": 19, ""new_fc_6"": 21, ""new_fc_7"": 6, ""new_fc_8"": 7, ""new_fc_9"": 24, ""num_neurons"": 16, ""optimizer"": ""Adadelta"", ""reg_l2"": true, ""skip_connection"": false, ""unit_c1"": 3, ""unit_c2"": 5}"
308,159,flops,,,2.1767052533333335,326505788.0,9753706.0,,5692.5635,"{""activation"": ""elu"", ""batch_size"": 16, ""data_augmentation"": true, ""dr_f"": 0.415554642582, ""learning_rate"": 0.00013518626, ""new_fc_1"": 29, ""new_fc_10"": 26, ""new_fc_2"": 6, ""new_fc_3"": 23, ""new_fc_4"": 20, ""new_fc_5"": 1, ""new_fc_6"": 3, ""new_fc_7"": 21, ""new_fc_8"": 4, ""new_fc_9"": 27, ""num_neurons"": 32, ""optimizer"": ""Adagrad"", ""reg_l2"": false, ""skip_connection"": false, ""unit_c1"": 3, ""unit_c2"": 4}"
309,160,accuracy,10000000000.0,,1.8621691466666668,279325372.0,9677610.0,10000000000.0,5693.9766,"{""activation"": ""selu"", ""batch_size"": 8, ""data_augmentation"": false, ""dr_f"": 0.300395594461, ""learning_rate"": 0.00010884964, ""new_fc_1"": 25, ""new_fc_10"": 28, ""new_fc_2"": 30, ""new_fc_3"": 17, ""new_fc_4"": 27, ""new_fc_5"": 12, ""new_fc_6"": 26, ""new_fc_7"": 17, ""new_fc_8"": 16, ""new_fc_9"": 30, ""num_neurons"": 32, ""optimizer"": ""SGD"", ""reg_l2"": false, ""skip_connection"": false, ""unit_c1"": 3, ""unit_c2"": 3}"
310,161,accuracy,10000000000.0,,12.363678266666666,1854551740.0,14437898.0,10000000000.0,5695.8491,"{""activation"": ""relu"", ""batch_size"": 8, ""data_augmentation"": true, ""dr_f"": 0.223620516626, ""learning_rate"": 0.000822808946, ""new_fc_1"": 6, ""new_fc_10"": 11, ""new_fc_2"": 2, ""new_fc_3"": 19, ""new_fc_4"": 16, ""new_fc_5"": 7, ""new_fc_6"": 23, ""new_fc_7"": 26, ""new_fc_8"": 6, ""new_fc_9"": 10, ""num_neurons"": 64, ""optimizer"": ""SGD"", ""reg_l2"": false, ""skip_connection"": true, ""unit_c1"": 4, ""unit_c2"": 4}"
311,161,flops,,,1.4311605066666666,214674076.0,11311146.0,,5697.2857,"{""activation"": ""selu"", ""batch_size"": 8, ""data_augmentation"": false, ""dr_f"": 0.479755054477, ""learning_rate"": 0.000214678275, ""new_fc_1"": 31, ""new_fc_10"": 2, ""new_fc_2"": 22, ""new_fc_3"": 18, ""new_fc_4"": 31, ""new_fc_5"": 18, ""new_fc_6"": 4, ""new_fc_7"": 19, ""new_fc_8"": 19, ""new_fc_9"": 7, ""num_neurons"": 32, ""optimizer"": ""Adadelta"", ""reg_l2"": false, ""skip_connection"": false, ""unit_c1"": 2, ""unit_c2"": 4}"
312,162,accuracy,0.6053000092506409,0.39469999074935913,0.2740281333333333,41104220.0,5482122.0,-0.49408155352455135,6622.6172,"{""activation"": ""selu"", ""batch_size"": 8, ""data_augmentation"": true, ""dr_f"": 0.2280102937, ""learning_rate"": 0.000457238832, ""new_fc_1"": 27, ""new_fc_10"": 26, ""new_fc_2"": 27, ""new_fc_3"": 1, ""new_fc_4"": 9, ""new_fc_5"": 28, ""new_fc_6"": 30, ""new_fc_7"": 11, ""new_fc_8"": 32, ""new_fc_9"": 18, ""num_neurons"": 32, ""optimizer"": ""Adam"", ""reg_l2"": true, ""skip_connection"": false, ""unit_c1"": 1, ""unit_c2"": 1}"
313,162,flops,,,8.844512826666667,1326676924.0,57401866.0,,6626.065,"{""activation"": ""elu"", ""batch_size"": 16, ""data_augmentation"": false, ""dr_f"": 0.26966057407, ""learning_rate"": 0.000103962767, ""new_fc_1"": 31, ""new_fc_10"": 30, ""new_fc_2"": 3, ""new_fc_3"": 21, ""new_fc_4"": 4, ""new_fc_5"": 5, ""new_fc_6"": 3, ""new_fc_7"": 13, ""new_fc_8"": 15, ""new_fc_9"": 25, ""num_neurons"": 64, ""optimizer"": ""Adadelta"", ""reg_l2"": false, ""skip_connection"": false, ""unit_c1"": 2, ""unit_c2"": 6}"
314,162,flops,,,1.0432268533333333,156484028.0,3377674.0,,6627.505,"{""activation"": ""elu"", ""batch_size"": 64, ""data_augmentation"": false, ""dr_f"": 0.180548975146, ""learning_rate"": 0.000238119595, ""new_fc_1"": 27, ""new_fc_10"": 20, ""new_fc_2"": 11, ""new_fc_3"": 23, ""new_fc_4"": 2, ""new_fc_5"": 19, ""new_fc_6"": 8, ""new_fc_7"": 15, ""new_fc_8"": 23, ""new_fc_9"": 20, ""num_neurons"": 16, ""optimizer"": ""SGD"", ""reg_l2"": true, ""skip_connection"": false, ""unit_c1"": 4, ""unit_c2"": 6}"
315,162,flops,,,0.040163066666666664,6024460.0,92446.0,,6628.6731,"{""activation"": ""selu"", ""batch_size"": 16, ""data_augmentation"": false, ""dr_f"": 0.411645190692, ""learning_rate"": 0.000122295422, ""new_fc_1"": 8, ""new_fc_10"": 2, ""new_fc_2"": 1, ""new_fc_3"": 31, ""new_fc_4"": 2, ""new_fc_5"": 15, ""new_fc_6"": 26, ""new_fc_7"": 8, ""new_fc_8"": 17, ""new_fc_9"": 6, ""num_neurons"": 4, ""optimizer"": ""SGD"", ""reg_l2"": true, ""skip_connection"": false, ""unit_c1"": 1, ""unit_c2"": 8}"
316,163,accuracy,0.7941000014543533,0.20589999854564667,0.9535372533333333,143030588.0,12847178.0,-0.15806882298195268,7914.877,"{""activation"": ""selu"", ""batch_size"": 8, ""data_augmentation"": false, ""dr_f"": 0.461080461047, ""learning_rate"": 0.000422309239, ""new_fc_1"": 16, ""new_fc_10"": 23, ""new_fc_2"": 12, ""new_fc_3"": 16, ""new_fc_4"": 2, ""new_fc_5"": 4, ""new_fc_6"": 20, ""new_fc_7"": 2, ""new_fc_8"": 28, ""new_fc_9"": 29, ""num_neurons"": 64, ""optimizer"": ""Adam"", ""reg_l2"": false, ""skip_connection"": true, ""unit_c1"": 1, ""unit_c2"": 1}"
317,164,accuracy,0.40140002965927124,0.5985999703407288,0.19189128,28783692.0,439618.0,-0.6614525952385101,8539.6573,"{""activation"": ""relu"", ""batch_size"": 32, ""data_augmentation"": true, ""dr_f"": 0.077337054662, ""learning_rate"": 0.000981031858, ""new_fc_1"": 10, ""new_fc_10"": 0, ""new_fc_2"": 15, ""new_fc_3"": 6, ""new_fc_4"": 17, ""new_fc_5"": 12, ""new_fc_6"": 11, ""new_fc_7"": 21, ""new_fc_8"": 31, ""new_fc_9"": 27, ""num_neurons"": 8, ""optimizer"": ""SGD"", ""reg_l2"": false, ""skip_connection"": false, ""unit_c1"": 3, ""unit_c2"": 6}"
318,165,accuracy,0.8737999945878983,0.12620000541210175,0.6675435466666667,100131532.0,4273194.0,-0.1880769397884712,9525.1427,"{""activation"": ""relu"", ""batch_size"": 8, ""data_augmentation"": false, ""dr_f"": 0.258547506196, ""learning_rate"": 0.0007200009, ""new_fc_1"": 24, ""new_fc_10"": 16, ""new_fc_2"": 1, ""new_fc_3"": 19, ""new_fc_4"": 12, ""new_fc_5"": 27, ""new_fc_6"": 27, ""new_fc_7"": 29, ""new_fc_8"": 29, ""new_fc_9"": 17, ""num_neurons"": 16, ""optimizer"": ""Adadelta"", ""reg_l2"": true, ""skip_connection"": true, ""unit_c1"": 1, ""unit_c2"": 8}"
319,165,flops,,,0.04836434666666667,7254652.0,222418.0,,9526.7202,"{""activation"": ""swish"", ""batch_size"": 64, ""data_augmentation"": true, ""dr_f"": 0.094411548124, ""learning_rate"": 0.000363544424, ""new_fc_1"": 4, ""new_fc_10"": 14, ""new_fc_2"": 23, ""new_fc_3"": 17, ""new_fc_4"": 5, ""new_fc_5"": 15, ""new_fc_6"": 25, ""new_fc_7"": 32, ""new_fc_8"": 17, ""new_fc_9"": 24, ""num_neurons"": 8, ""optimizer"": ""Adagrad"", ""reg_l2"": true, ""skip_connection"": true, ""unit_c1"": 2, ""unit_c2"": 1}"
320,166,accuracy,0.8999999985098839,0.10000000149011612,0.23813608,35720412.0,1099882.0,-0.29855917704308127,10272.2382,"{""activation"": ""relu"", ""batch_size"": 8, ""data_augmentation"": true, ""dr_f"": 0.143734299836, ""learning_rate"": 0.000155628442, ""new_fc_1"": 28, ""new_fc_10"": 28, ""new_fc_2"": 13, ""new_fc_3"": 9, ""new_fc_4"": 16, ""new_fc_5"": 32, ""new_fc_6"": 14, ""new_fc_7"": 18, ""new_fc_8"": 22, ""new_fc_9"": 32, ""num_neurons"": 8, ""optimizer"": ""Adam"", ""reg_l2"": true, ""skip_connection"": true, ""unit_c1"": 3, ""unit_c2"": 7}"
321,166,flops,,,0.43985821333333336,65978732.0,1231530.0,,10273.5204,"{""activation"": ""elu"", ""batch_size"": 64, ""data_augmentation"": true, ""dr_f"": 0.328596768498, ""learning_rate"": 0.000151507423, ""new_fc_1"": 9, ""new_fc_10"": 1, ""new_fc_2"": 2, ""new_fc_3"": 26, ""new_fc_4"": 13, ""new_fc_5"": 20, ""new_fc_6"": 0, ""new_fc_7"": 4, ""new_fc_8"": 28, ""new_fc_9"": 24, ""num_neurons"": 16, ""optimizer"": ""Adadelta"", ""reg_l2"": true, ""skip_connection"": true, ""unit_c1"": 2, ""unit_c2"": 5}"
322,166,flops,,,0.06431293333333334,9646940.0,188126.0,,10274.9742,"{""activation"": ""elu"", ""batch_size"": 16, ""data_augmentation"": true, ""dr_f"": 0.303287932931, ""learning_rate"": 0.000997536324, ""new_fc_1"": 26, ""new_fc_10"": 23, ""new_fc_2"": 24, ""new_fc_3"": 2, ""new_fc_4"": 3, ""new_fc_5"": 18, ""new_fc_6"": 28, ""new_fc_7"": 1, ""new_fc_8"": 25, ""new_fc_9"": 30, ""num_neurons"": 4, ""optimizer"": ""Adam"", ""reg_l2"": true, ""skip_connection"": true, ""unit_c1"": 4, ""unit_c2"": 5}"
323,166,flops,,,0.11821176,17731764.0,887026.0,,10276.182,"{""activation"": ""relu"", ""batch_size"": 32, ""data_augmentation"": true, ""dr_f"": 0.35934840862, ""learning_rate"": 0.000362293657, ""new_fc_1"": 32, ""new_fc_10"": 7, ""new_fc_2"": 26, ""new_fc_3"": 0, ""new_fc_4"": 26, ""new_fc_5"": 19, ""new_fc_6"": 19, ""new_fc_7"": 12, ""new_fc_8"": 12, ""new_fc_9"": 26, ""num_neurons"": 8, ""optimizer"": ""Adadelta"", ""reg_l2"": true, ""skip_connection"": false, ""unit_c1"": 2, ""unit_c2"": 5}"
324,167,accuracy,10000000000.0,,8.924210746666667,1338631612.0,50224138.0,10000000000.0,10279.3318,"{""activation"": ""elu"", ""batch_size"": 16, ""data_augmentation"": false, ""dr_f"": 0.203274678221, ""learning_rate"": 0.000351212453, ""new_fc_1"": 24, ""new_fc_10"": 25, ""new_fc_2"": 31, ""new_fc_3"": 9, ""new_fc_4"": 3, ""new_fc_5"": 5, ""new_fc_6"": 7, ""new_fc_7"": 3, ""new_fc_8"": 31, ""new_fc_9"": 24, ""num_neurons"": 64, ""optimizer"": ""Adagrad"", ""reg_l2"": false, ""skip_connection"": true, ""unit_c1"": 2, ""unit_c2"": 6}"
325,168,accuracy,0.8173999935388565,0.1826000064611435,0.10606616,15909924.0,277530.0,-0.3960001565228004,12224.2759,"{""activation"": ""relu"", ""batch_size"": 8, ""data_augmentation"": true, ""dr_f"": 0.275957845867, ""learning_rate"": 0.000386420716, ""new_fc_1"": 12, ""new_fc_10"": 18, ""new_fc_2"": 11, ""new_fc_3"": 16, ""new_fc_4"": 21, ""new_fc_5"": 19, ""new_fc_6"": 27, ""new_fc_7"": 19, ""new_fc_8"": 6, ""new_fc_9"": 16, ""num_neurons"": 8, ""optimizer"": ""Adadelta"", ""reg_l2"": false, ""skip_connection"": true, ""unit_c1"": 3, ""unit_c2"": 2}"
326,169,accuracy,0.8734000027179718,0.1265999972820282,0.11821176,17731764.0,887026.0,-0.3531564700974197,12549.0345,"{""activation"": ""relu"", ""batch_size"": 32, ""data_augmentation"": true, ""dr_f"": 0.35934840862, ""learning_rate"": 0.000362293657, ""new_fc_1"": 32, ""new_fc_10"": 7, ""new_fc_2"": 26, ""new_fc_3"": 0, ""new_fc_4"": 26, ""new_fc_5"": 19, ""new_fc_6"": 19, ""new_fc_7"": 12, ""new_fc_8"": 12, ""new_fc_9"": 26, ""num_neurons"": 8, ""optimizer"": ""Adadelta"", ""reg_l2"": true, ""skip_connection"": false, ""unit_c1"": 2, ""unit_c2"": 5}"
327,169,flops,,,0.16933336,25400004.0,454066.0,,12550.3753,"{""activation"": ""relu"", ""batch_size"": 16, ""data_augmentation"": false, ""dr_f"": 0.338148972671, ""learning_rate"": 0.000203636505, ""new_fc_1"": 8, ""new_fc_10"": 3, ""new_fc_2"": 30, ""new_fc_3"": 32, ""new_fc_4"": 30, ""new_fc_5"": 22, ""new_fc_6"": 26, ""new_fc_7"": 22, ""new_fc_8"": 2, ""new_fc_9"": 6, ""num_neurons"": 8, ""optimizer"": ""Adamax"", ""reg_l2"": false, ""skip_connection"": true, ""unit_c1"": 3, ""unit_c2"": 5}"
328,170,accuracy,10000000000.0,,3.2340287733333333,485104316.0,10100234.0,10000000000.0,12551.9487,"{""activation"": ""swish"", ""batch_size"": 16, ""data_augmentation"": false, ""dr_f"": 0.460618982784, ""learning_rate"": 0.000211878981, ""new_fc_1"": 13, ""new_fc_10"": 27, ""new_fc_2"": 1, ""new_fc_3"": 25, ""new_fc_4"": 27, ""new_fc_5"": 19, ""new_fc_6"": 5, ""new_fc_7"": 17, ""new_fc_8"": 5, ""new_fc_9"": 29, ""num_neurons"": 32, ""optimizer"": ""SGD"", ""reg_l2"": true, ""skip_connection"": true, ""unit_c1"": 2, ""unit_c2"": 8}"
329,171,accuracy,0.7364000082015991,0.2635999917984009,0.6443576266666666,96653644.0,2184106.0,-0.2912127062588806,14677.191,"{""activation"": ""selu"", ""batch_size"": 8, ""data_augmentation"": true, ""dr_f"": 0.498997324629, ""learning_rate"": 0.000254697236, ""new_fc_1"": 20, ""new_fc_10"": 4, ""new_fc_2"": 10, ""new_fc_3"": 5, ""new_fc_4"": 4, ""new_fc_5"": 2, ""new_fc_6"": 17, ""new_fc_7"": 24, ""new_fc_8"": 17, ""new_fc_9"": 26, ""num_neurons"": 16, ""optimizer"": ""SGD"", ""reg_l2"": false, ""skip_connection"": false, ""unit_c1"": 3, ""unit_c2"": 5}"
330,172,accuracy,0.8933999985456467,0.10660000145435333,0.04836434666666667,7254652.0,222418.0,-0.3601106970180473,14822.6079,"{""activation"": ""swish"", ""batch_size"": 64, ""data_augmentation"": true, ""dr_f"": 0.094411548124, ""learning_rate"": 0.000363544424, ""new_fc_1"": 4, ""new_fc_10"": 14, ""new_fc_2"": 23, ""new_fc_3"": 17, ""new_fc_4"": 5, ""new_fc_5"": 15, ""new_fc_6"": 25, ""new_fc_7"": 32, ""new_fc_8"": 17, ""new_fc_9"": 24, ""num_neurons"": 8, ""optimizer"": ""Adagrad"", ""reg_l2"": true, ""skip_connection"": true, ""unit_c1"": 2, ""unit_c2"": 1}"
331,173,accuracy,0.8999999985098839,0.10000000149011612,0.06431293333333334,9646940.0,188126.0,-0.3507061210430813,15207.8563,"{""activation"": ""elu"", ""batch_size"": 16, ""data_augmentation"": true, ""dr_f"": 0.303287932931, ""learning_rate"": 0.000997536324, ""new_fc_1"": 26, ""new_fc_10"": 23, ""new_fc_2"": 24, ""new_fc_3"": 2, ""new_fc_4"": 3, ""new_fc_5"": 18, ""new_fc_6"": 28, ""new_fc_7"": 1, ""new_fc_8"": 25, ""new_fc_9"": 30, ""num_neurons"": 4, ""optimizer"": ""Adam"", ""reg_l2"": true, ""skip_connection"": true, ""unit_c1"": 4, ""unit_c2"": 5}"
332,174,accuracy,0.7701999992132187,0.2298000007867813,0.43985821333333336,65978732.0,1231530.0,-0.32890253655074686,15532.9496,"{""activation"": ""elu"", ""batch_size"": 64, ""data_augmentation"": true, ""dr_f"": 0.328596768498, ""learning_rate"": 0.000151507423, ""new_fc_1"": 9, ""new_fc_10"": 1, ""new_fc_2"": 2, ""new_fc_3"": 26, ""new_fc_4"": 13, ""new_fc_5"": 20, ""new_fc_6"": 0, ""new_fc_7"": 4, ""new_fc_8"": 28, ""new_fc_9"": 24, ""num_neurons"": 16, ""optimizer"": ""Adadelta"", ""reg_l2"": true, ""skip_connection"": true, ""unit_c1"": 2, ""unit_c2"": 5}"
333,175,accuracy,10000000000.0,,8.439028026666668,1265854204.0,13366986.0,10000000000.0,15534.749,"{""activation"": ""swish"", ""batch_size"": 16, ""data_augmentation"": true, ""dr_f"": 0.068045172387, ""learning_rate"": 0.000846914711, ""new_fc_1"": 3, ""new_fc_10"": 25, ""new_fc_2"": 10, ""new_fc_3"": 6, ""new_fc_4"": 28, ""new_fc_5"": 14, ""new_fc_6"": 12, ""new_fc_7"": 2, ""new_fc_8"": 27, ""new_fc_9"": 14, ""num_neurons"": 64, ""optimizer"": ""Adamax"", ""reg_l2"": true, ""skip_connection"": true, ""unit_c1"": 2, ""unit_c2"": 6}"
334,175,flops,,,2.6738623733333333,401079356.0,8597930.0,,15536.548,"{""activation"": ""swish"", ""batch_size"": 16, ""data_augmentation"": true, ""dr_f"": 0.467973037163, ""learning_rate"": 0.000392058273, ""new_fc_1"": 11, ""new_fc_10"": 29, ""new_fc_2"": 25, ""new_fc_3"": 22, ""new_fc_4"": 15, ""new_fc_5"": 21, ""new_fc_6"": 14, ""new_fc_7"": 7, ""new_fc_8"": 18, ""new_fc_9"": 18, ""num_neurons"": 32, ""optimizer"": ""SGD"", ""reg_l2"": true, ""skip_connection"": true, ""unit_c1"": 2, ""unit_c2"": 7}"
335,175,flops,,,1.1816511733333332,177247676.0,3765610.0,,15537.9814,"{""activation"": ""elu"", ""batch_size"": 16, ""data_augmentation"": true, ""dr_f"": 0.158833029222, ""learning_rate"": 0.000148741314, ""new_fc_1"": 0, ""new_fc_10"": 26, ""new_fc_2"": 26, ""new_fc_3"": 30, ""new_fc_4"": 5, ""new_fc_5"": 32, ""new_fc_6"": 19, ""new_fc_7"": 7, ""new_fc_8"": 28, ""new_fc_9"": 3, ""num_neurons"": 16, ""optimizer"": ""Adam"", ""reg_l2"": false, ""skip_connection"": false, ""unit_c1"": 4, ""unit_c2"": 7}"
336,175,flops,,,0.8075638133333334,121134572.0,1729306.0,,15539.4001,"{""activation"": ""swish"", ""batch_size"": 16, ""data_augmentation"": false, ""dr_f"": 0.077948843943, ""learning_rate"": 0.000706092458, ""new_fc_1"": 18, ""new_fc_10"": 18, ""new_fc_2"": 10, ""new_fc_3"": 11, ""new_fc_4"": 14, ""new_fc_5"": 29, ""new_fc_6"": 8, ""new_fc_7"": 14, ""new_fc_8"": 13, ""new_fc_9"": 10, ""num_neurons"": 16, ""optimizer"": ""Adam"", ""reg_l2"": true, ""skip_connection"": true, ""unit_c1"": 4, ""unit_c2"": 4}"
337,175,flops,,,1.6485301066666667,247279516.0,14504394.0,,15541.7649,"{""activation"": ""relu"", ""batch_size"": 16, ""data_augmentation"": false, ""dr_f"": 0.245973215048, ""learning_rate"": 0.000856227792, ""new_fc_1"": 32, ""new_fc_10"": 15, ""new_fc_2"": 5, ""new_fc_3"": 19, ""new_fc_4"": 22, ""new_fc_5"": 11, ""new_fc_6"": 8, ""new_fc_7"": 7, ""new_fc_8"": 6, ""new_fc_9"": 18, ""num_neurons"": 32, ""optimizer"": ""Adadelta"", ""reg_l2"": true, ""skip_connection"": false, ""unit_c1"": 1, ""unit_c2"": 6}"
338,176,accuracy,10000000000.0,,2.54325736,381488604.0,9032202.0,10000000000.0,15543.2398,"{""activation"": ""relu"", ""batch_size"": 32, ""data_augmentation"": false, ""dr_f"": 0.326771912323, ""learning_rate"": 0.000649793462, ""new_fc_1"": 17, ""new_fc_10"": 3, ""new_fc_2"": 24, ""new_fc_3"": 6, ""new_fc_4"": 4, ""new_fc_5"": 29, ""new_fc_6"": 26, ""new_fc_7"": 28, ""new_fc_8"": 12, ""new_fc_9"": 28, ""num_neurons"": 32, ""optimizer"": ""SGD"", ""reg_l2"": false, ""skip_connection"": false, ""unit_c1"": 3, ""unit_c2"": 5}"
