event,accuracy_eval,objective,error,accuracy,flops_norm,flops,params,score,elapsed_sec,params_json
1,1,both,0.5329000055789948,0.46709999442100525,0.04262890666666667,6394336.0,50774.0,-0.6141813240947036,264.8946,"{""activation"": ""selu"", ""batch_size"": 64, ""data_augmentation"": false, ""dr_f"": 0.236052338777, ""learning_rate"": 0.00075111866, ""new_fc_1"": 4, ""new_fc_10"": 9, ""new_fc_2"": 7, ""new_fc_3"": 0, ""new_fc_4"": 11, ""new_fc_5"": 6, ""new_fc_6"": 19, ""new_fc_7"": 5, ""new_fc_8"": 24, ""new_fc_9"": 0, ""num_neurons"": 4, ""optimizer"": ""SGD"", ""reg_l2"": false, ""skip_connection"": false, ""unit_c1"": 2, ""unit_c2"": 7}"
2,2,both,0.3375999927520752,0.6624000072479248,0.49927442666666666,74891164.0,1679418.0,-0.6138976770735474,528.6104,"{""activation"": ""elu"", ""batch_size"": 64, ""data_augmentation"": false, ""dr_f"": 0.092589639507, ""learning_rate"": 0.000571071323, ""new_fc_1"": 7, ""new_fc_10"": 3, ""new_fc_2"": 23, ""new_fc_3"": 10, ""new_fc_4"": 0, ""new_fc_5"": 7, ""new_fc_6"": 23, ""new_fc_7"": 28, ""new_fc_8"": 32, ""new_fc_9"": 21, ""num_neurons"": 16, ""optimizer"": ""Adagrad"", ""reg_l2"": false, ""skip_connection"": false, ""unit_c1"": 1, ""unit_c2"": 7}"
3,3,both,0.9011000022292137,0.09889999777078629,0.09373725333333334,14060588.0,415578.0,-0.3411088224395504,1152.7694,"{""activation"": ""swish"", ""batch_size"": 16, ""data_augmentation"": false, ""dr_f"": 0.462866963862, ""learning_rate"": 0.000490007948, ""new_fc_1"": 18, ""new_fc_10"": 3, ""new_fc_2"": 21, ""new_fc_3"": 3, ""new_fc_4"": 11, ""new_fc_5"": 16, ""new_fc_6"": 12, ""new_fc_7"": 29, ""new_fc_8"": 9, ""new_fc_9"": 12, ""num_neurons"": 8, ""optimizer"": ""Adadelta"", ""reg_l2"": false, ""skip_connection"": true, ""unit_c1"": 2, ""unit_c2"": 4}"
4,4,both,10000000000.0,,1.14543272,171814908.0,3508234.0,10000000000.0,1153.1953,"{""activation"": ""relu"", ""batch_size"": 16, ""data_augmentation"": true, ""dr_f"": 0.350969511556, ""learning_rate"": 0.000147815822, ""new_fc_1"": 3, ""new_fc_10"": 27, ""new_fc_2"": 29, ""new_fc_3"": 12, ""new_fc_4"": 12, ""new_fc_5"": 15, ""new_fc_6"": 29, ""new_fc_7"": 8, ""new_fc_8"": 6, ""new_fc_9"": 21, ""num_neurons"": 32, ""optimizer"": ""SGD"", ""reg_l2"": true, ""skip_connection"": true, ""unit_c1"": 1, ""unit_c2"": 5}"
5,5,both,0.8999999985098839,0.10000000149011612,0.26912685333333336,40369028.0,1149082.0,-0.2892619450430813,1537.6157,"{""activation"": ""swish"", ""batch_size"": 16, ""data_augmentation"": true, ""dr_f"": 0.171196885029, ""learning_rate"": 0.00024895126, ""new_fc_1"": 29, ""new_fc_10"": 4, ""new_fc_2"": 17, ""new_fc_3"": 5, ""new_fc_4"": 15, ""new_fc_5"": 12, ""new_fc_6"": 28, ""new_fc_7"": 9, ""new_fc_8"": 23, ""new_fc_9"": 21, ""num_neurons"": 8, ""optimizer"": ""SGD"", ""reg_l2"": true, ""skip_connection"": false, ""unit_c1"": 3, ""unit_c2"": 8}"
6,6,both,10000000000.0,,1.3491541066666666,202373116.0,5160778.0,10000000000.0,1538.0536,"{""activation"": ""selu"", ""batch_size"": 16, ""data_augmentation"": true, ""dr_f"": 0.197823195326, ""learning_rate"": 0.000831546595, ""new_fc_1"": 7, ""new_fc_10"": 23, ""new_fc_2"": 21, ""new_fc_3"": 15, ""new_fc_4"": 18, ""new_fc_5"": 28, ""new_fc_6"": 16, ""new_fc_7"": 5, ""new_fc_8"": 13, ""new_fc_9"": 32, ""num_neurons"": 32, ""optimizer"": ""SGD"", ""reg_l2"": true, ""skip_connection"": false, ""unit_c1"": 2, ""unit_c2"": 4}"
7,7,both,0.66839998960495,0.33160001039505005,0.17825981333333332,26738972.0,975610.0,-0.478642063276535,3062.0371,"{""activation"": ""elu"", ""batch_size"": 8, ""data_augmentation"": false, ""dr_f"": 0.285807771088, ""learning_rate"": 0.000476574932, ""new_fc_1"": 21, ""new_fc_10"": 0, ""new_fc_2"": 1, ""new_fc_3"": 31, ""new_fc_4"": 14, ""new_fc_5"": 16, ""new_fc_6"": 25, ""new_fc_7"": 21, ""new_fc_8"": 19, ""new_fc_9"": 18, ""num_neurons"": 16, ""optimizer"": ""Adagrad"", ""reg_l2"": true, ""skip_connection"": true, ""unit_c1"": 2, ""unit_c2"": 1}"
8,8,both,0.4214000105857849,0.5785999894142151,0.9021784266666667,135326764.0,2286970.0,-0.43436646458995054,4165.9341,"{""activation"": ""elu"", ""batch_size"": 16, ""data_augmentation"": false, ""dr_f"": 0.214048860741, ""learning_rate"": 0.000950099436, ""new_fc_1"": 15, ""new_fc_10"": 32, ""new_fc_2"": 0, ""new_fc_3"": 18, ""new_fc_4"": 0, ""new_fc_5"": 9, ""new_fc_6"": 5, ""new_fc_7"": 21, ""new_fc_8"": 16, ""new_fc_9"": 11, ""num_neurons"": 16, ""optimizer"": ""Adagrad"", ""reg_l2"": true, ""skip_connection"": true, ""unit_c1"": 3, ""unit_c2"": 7}"
9,9,both,10000000000.0,,6.95239848,1042859772.0,26236042.0,10000000000.0,4167.2696,"{""activation"": ""swish"", ""batch_size"": 64, ""data_augmentation"": true, ""dr_f"": 0.034972556261, ""learning_rate"": 0.000847576293, ""new_fc_1"": 13, ""new_fc_10"": 4, ""new_fc_2"": 19, ""new_fc_3"": 13, ""new_fc_4"": 24, ""new_fc_5"": 3, ""new_fc_6"": 7, ""new_fc_7"": 32, ""new_fc_8"": 11, ""new_fc_9"": 27, ""num_neurons"": 64, ""optimizer"": ""SGD"", ""reg_l2"": true, ""skip_connection"": true, ""unit_c1"": 2, ""unit_c2"": 5}"
10,10,both,0.6380999982357025,0.3619000017642975,0.02509944,3764916.0,172922.0,-0.5458001692350082,4670.956,"{""activation"": ""selu"", ""batch_size"": 32, ""data_augmentation"": true, ""dr_f"": 0.277565479985, ""learning_rate"": 0.00027864195, ""new_fc_1"": 30, ""new_fc_10"": 18, ""new_fc_2"": 15, ""new_fc_3"": 22, ""new_fc_4"": 12, ""new_fc_5"": 4, ""new_fc_6"": 20, ""new_fc_7"": 18, ""new_fc_8"": 21, ""new_fc_9"": 22, ""num_neurons"": 4, ""optimizer"": ""SGD"", ""reg_l2"": true, ""skip_connection"": false, ""unit_c1"": 2, ""unit_c2"": 4}"
11,10,flops,,,0.07207930666666666,10811896.0,200854.0,,4672.025,"{""activation"": ""relu"", ""batch_size"": 32, ""data_augmentation"": true, ""dr_f"": 0.283060144137, ""learning_rate"": 0.000584214567, ""new_fc_1"": 27, ""new_fc_10"": 9, ""new_fc_2"": 16, ""new_fc_3"": 5, ""new_fc_4"": 29, ""new_fc_5"": 9, ""new_fc_6"": 14, ""new_fc_7"": 6, ""new_fc_8"": 2, ""new_fc_9"": 22, ""num_neurons"": 4, ""optimizer"": ""Adamax"", ""reg_l2"": false, ""skip_connection"": true, ""unit_c1"": 4, ""unit_c2"": 6}"
12,10,flops,,,0.09861490666666667,14792236.0,344690.0,,4673.0053,"{""activation"": ""swish"", ""batch_size"": 16, ""data_augmentation"": false, ""dr_f"": 0.134872441743, ""learning_rate"": 0.000426017789, ""new_fc_1"": 5, ""new_fc_10"": 11, ""new_fc_2"": 26, ""new_fc_3"": 21, ""new_fc_4"": 19, ""new_fc_5"": 10, ""new_fc_6"": 32, ""new_fc_7"": 32, ""new_fc_8"": 0, ""new_fc_9"": 10, ""num_neurons"": 8, ""optimizer"": ""Adamax"", ""reg_l2"": false, ""skip_connection"": false, ""unit_c1"": 1, ""unit_c2"": 6}"
13,10,flops,,,0.15233090666666665,22849636.0,128602.0,,4674.1848,"{""activation"": ""selu"", ""batch_size"": 16, ""data_augmentation"": false, ""dr_f"": 0.182178008123, ""learning_rate"": 0.00081683459, ""new_fc_1"": 13, ""new_fc_10"": 29, ""new_fc_2"": 5, ""new_fc_3"": 0, ""new_fc_4"": 14, ""new_fc_5"": 12, ""new_fc_6"": 3, ""new_fc_7"": 11, ""new_fc_8"": 19, ""new_fc_9"": 7, ""num_neurons"": 8, ""optimizer"": ""Adagrad"", ""reg_l2"": false, ""skip_connection"": true, ""unit_c1"": 4, ""unit_c2"": 1}"
14,10,flops,,,17.042135866666666,2556320380.0,79754890.0,,4678.0925,"{""activation"": ""relu"", ""batch_size"": 32, ""data_augmentation"": false, ""dr_f"": 0.192801338235, ""learning_rate"": 0.000739038147, ""new_fc_1"": 28, ""new_fc_10"": 1, ""new_fc_2"": 28, ""new_fc_3"": 23, ""new_fc_4"": 12, ""new_fc_5"": 25, ""new_fc_6"": 21, ""new_fc_7"": 18, ""new_fc_8"": 27, ""new_fc_9"": 30, ""num_neurons"": 64, ""optimizer"": ""SGD"", ""reg_l2"": false, ""skip_connection"": true, ""unit_c1"": 3, ""unit_c2"": 8}"
15,10,flops,,,0.8304488266666666,124567324.0,4874314.0,,4679.0785,"{""activation"": ""elu"", ""batch_size"": 16, ""data_augmentation"": true, ""dr_f"": 0.172480866802, ""learning_rate"": 0.000933419978, ""new_fc_1"": 11, ""new_fc_10"": 0, ""new_fc_2"": 3, ""new_fc_3"": 26, ""new_fc_4"": 16, ""new_fc_5"": 18, ""new_fc_6"": 28, ""new_fc_7"": 8, ""new_fc_8"": 12, ""new_fc_9"": 9, ""num_neurons"": 32, ""optimizer"": ""Adadelta"", ""reg_l2"": true, ""skip_connection"": false, ""unit_c1"": 1, ""unit_c2"": 4}"
16,11,accuracy,0.6407999992370605,0.35920000076293945,0.07207930666666666,10811896.0,200854.0,-0.5298162085340576,5183.391,"{""activation"": ""relu"", ""batch_size"": 32, ""data_augmentation"": true, ""dr_f"": 0.283060144137, ""learning_rate"": 0.000584214567, ""new_fc_1"": 27, ""new_fc_10"": 9, ""new_fc_2"": 16, ""new_fc_3"": 5, ""new_fc_4"": 29, ""new_fc_5"": 9, ""new_fc_6"": 14, ""new_fc_7"": 6, ""new_fc_8"": 2, ""new_fc_9"": 22, ""num_neurons"": 4, ""optimizer"": ""Adamax"", ""reg_l2"": false, ""skip_connection"": true, ""unit_c1"": 4, ""unit_c2"": 6}"
17,11,flops,,,0.9193787466666666,137906812.0,3418890.0,,5184.4297,"{""activation"": ""swish"", ""batch_size"": 64, ""data_augmentation"": true, ""dr_f"": 0.454709861378, ""learning_rate"": 0.000824999465, ""new_fc_1"": 22, ""new_fc_10"": 10, ""new_fc_2"": 15, ""new_fc_3"": 8, ""new_fc_4"": 28, ""new_fc_5"": 22, ""new_fc_6"": 17, ""new_fc_7"": 21, ""new_fc_8"": 9, ""new_fc_9"": 28, ""num_neurons"": 16, ""optimizer"": ""SGD"", ""reg_l2"": false, ""skip_connection"": true, ""unit_c1"": 3, ""unit_c2"": 7}"
18,11,flops,,,0.05394669333333333,8092004.0,249990.0,,5185.2943,"{""activation"": ""relu"", ""batch_size"": 16, ""data_augmentation"": true, ""dr_f"": 0.171714472023, ""learning_rate"": 0.000157659735, ""new_fc_1"": 0, ""new_fc_10"": 14, ""new_fc_2"": 29, ""new_fc_3"": 19, ""new_fc_4"": 17, ""new_fc_5"": 16, ""new_fc_6"": 14, ""new_fc_7"": 23, ""new_fc_8"": 30, ""new_fc_9"": 32, ""num_neurons"": 4, ""optimizer"": ""Adadelta"", ""reg_l2"": true, ""skip_connection"": true, ""unit_c1"": 3, ""unit_c2"": 6}"
19,12,accuracy,0.8398000001907349,0.16019999980926514,0.05394669333333333,8092004.0,249990.0,-0.39595599186648556,6049.7305,"{""activation"": ""relu"", ""batch_size"": 16, ""data_augmentation"": true, ""dr_f"": 0.171714472023, ""learning_rate"": 0.000157659735, ""new_fc_1"": 0, ""new_fc_10"": 14, ""new_fc_2"": 29, ""new_fc_3"": 19, ""new_fc_4"": 17, ""new_fc_5"": 16, ""new_fc_6"": 14, ""new_fc_7"": 23, ""new_fc_8"": 30, ""new_fc_9"": 32, ""num_neurons"": 4, ""optimizer"": ""Adadelta"", ""reg_l2"": true, ""skip_connection"": true, ""unit_c1"": 3, ""unit_c2"": 6}"
20,12,flops,,,0.07634101333333333,11451152.0,64278.0,,6050.5038,"{""activation"": ""elu"", ""batch_size"": 8, ""data_augmentation"": false, ""dr_f"": 0.405498400424, ""learning_rate"": 0.000841523174, ""new_fc_1"": 1, ""new_fc_10"": 22, ""new_fc_2"": 14, ""new_fc_3"": 19, ""new_fc_4"": 12, ""new_fc_5"": 21, ""new_fc_6"": 13, ""new_fc_7"": 26, ""new_fc_8"": 22, ""new_fc_9"": 15, ""num_neurons"": 4, ""optimizer"": ""Adadelta"", ""reg_l2"": true, ""skip_connection"": false, ""unit_c1"": 4, ""unit_c2"": 7}"
21,13,accuracy,0.8366000056266785,0.16339999437332153,0.07634101333333333,11451152.0,64278.0,-0.3914776920613251,7035.0887,"{""activation"": ""elu"", ""batch_size"": 8, ""data_augmentation"": false, ""dr_f"": 0.405498400424, ""learning_rate"": 0.000841523174, ""new_fc_1"": 1, ""new_fc_10"": 22, ""new_fc_2"": 14, ""new_fc_3"": 19, ""new_fc_4"": 12, ""new_fc_5"": 21, ""new_fc_6"": 13, ""new_fc_7"": 26, ""new_fc_8"": 22, ""new_fc_9"": 15, ""num_neurons"": 4, ""optimizer"": ""Adadelta"", ""reg_l2"": true, ""skip_connection"": false, ""unit_c1"": 4, ""unit_c2"": 7}"
22,14,accuracy,0.29280000925064087,0.7071999907493591,0.09861490666666667,14792236.0,344690.0,-0.7654555215245513,7839.559,"{""activation"": ""swish"", ""batch_size"": 16, ""data_augmentation"": false, ""dr_f"": 0.134872441743, ""learning_rate"": 0.000426017789, ""new_fc_1"": 5, ""new_fc_10"": 11, ""new_fc_2"": 26, ""new_fc_3"": 21, ""new_fc_4"": 19, ""new_fc_5"": 10, ""new_fc_6"": 32, ""new_fc_7"": 32, ""new_fc_8"": 0, ""new_fc_9"": 10, ""num_neurons"": 8, ""optimizer"": ""Adamax"", ""reg_l2"": false, ""skip_connection"": false, ""unit_c1"": 1, ""unit_c2"": 6}"
23,15,accuracy,0.4767000079154968,0.5232999920845032,0.15233090666666665,22849636.0,128602.0,-0.6206107224591522,8823.7555,"{""activation"": ""selu"", ""batch_size"": 16, ""data_augmentation"": false, ""dr_f"": 0.182178008123, ""learning_rate"": 0.00081683459, ""new_fc_1"": 13, ""new_fc_10"": 29, ""new_fc_2"": 5, ""new_fc_3"": 0, ""new_fc_4"": 14, ""new_fc_5"": 12, ""new_fc_6"": 3, ""new_fc_7"": 11, ""new_fc_8"": 19, ""new_fc_9"": 7, ""num_neurons"": 8, ""optimizer"": ""Adagrad"", ""reg_l2"": false, ""skip_connection"": true, ""unit_c1"": 4, ""unit_c2"": 1}"
24,16,accuracy,0.49720001220703125,0.5027999877929688,0.8304488266666666,124567324.0,4874314.0,-0.40282534345507814,9988.2977,"{""activation"": ""elu"", ""batch_size"": 16, ""data_augmentation"": true, ""dr_f"": 0.172480866802, ""learning_rate"": 0.000933419978, ""new_fc_1"": 11, ""new_fc_10"": 0, ""new_fc_2"": 3, ""new_fc_3"": 26, ""new_fc_4"": 16, ""new_fc_5"": 18, ""new_fc_6"": 28, ""new_fc_7"": 8, ""new_fc_8"": 12, ""new_fc_9"": 9, ""num_neurons"": 32, ""optimizer"": ""Adadelta"", ""reg_l2"": true, ""skip_connection"": false, ""unit_c1"": 1, ""unit_c2"": 4}"
25,17,accuracy,0.8999999985098839,0.10000000149011612,0.9193787466666666,137906812.0,3418890.0,-0.09418637704308129,10132.8689,"{""activation"": ""swish"", ""batch_size"": 64, ""data_augmentation"": true, ""dr_f"": 0.454709861378, ""learning_rate"": 0.000824999465, ""new_fc_1"": 22, ""new_fc_10"": 10, ""new_fc_2"": 15, ""new_fc_3"": 8, ""new_fc_4"": 28, ""new_fc_5"": 22, ""new_fc_6"": 17, ""new_fc_7"": 21, ""new_fc_8"": 9, ""new_fc_9"": 28, ""num_neurons"": 16, ""optimizer"": ""SGD"", ""reg_l2"": false, ""skip_connection"": true, ""unit_c1"": 3, ""unit_c2"": 7}"
26,17,flops,,,0.045534026666666665,6830104.0,268838.0,,10133.6052,"{""activation"": ""elu"", ""batch_size"": 16, ""data_augmentation"": false, ""dr_f"": 0.319804228097, ""learning_rate"": 0.000211123112, ""new_fc_1"": 30, ""new_fc_10"": 6, ""new_fc_2"": 25, ""new_fc_3"": 12, ""new_fc_4"": 32, ""new_fc_5"": 9, ""new_fc_6"": 10, ""new_fc_7"": 15, ""new_fc_8"": 24, ""new_fc_9"": 12, ""num_neurons"": 4, ""optimizer"": ""Adam"", ""reg_l2"": true, ""skip_connection"": false, ""unit_c1"": 2, ""unit_c2"": 7}"
27,18,accuracy,0.6601000130176544,0.3398999869823456,0.045534026666666665,6830104.0,268838.0,-0.5242697828876419,10698.4066,"{""activation"": ""elu"", ""batch_size"": 16, ""data_augmentation"": false, ""dr_f"": 0.319804228097, ""learning_rate"": 0.000211123112, ""new_fc_1"": 30, ""new_fc_10"": 6, ""new_fc_2"": 25, ""new_fc_3"": 12, ""new_fc_4"": 32, ""new_fc_5"": 9, ""new_fc_6"": 10, ""new_fc_7"": 15, ""new_fc_8"": 24, ""new_fc_9"": 12, ""num_neurons"": 4, ""optimizer"": ""Adam"", ""reg_l2"": true, ""skip_connection"": false, ""unit_c1"": 2, ""unit_c2"": 7}"
28,19,accuracy,0.8701000064611435,0.1298999935388565,0.07104469333333334,10656704.0,247102.0,-0.36961658747719955,11083.1005,"{""activation"": ""swish"", ""batch_size"": 16, ""data_augmentation"": true, ""dr_f"": 0.268964876815, ""learning_rate"": 0.00058696031, ""new_fc_1"": 32, ""new_fc_10"": 1, ""new_fc_2"": 10, ""new_fc_3"": 26, ""new_fc_4"": 16, ""new_fc_5"": 11, ""new_fc_6"": 17, ""new_fc_7"": 22, ""new_fc_8"": 18, ""new_fc_9"": 14, ""num_neurons"": 4, ""optimizer"": ""Adadelta"", ""reg_l2"": false, ""skip_connection"": false, ""unit_c1"": 4, ""unit_c2"": 6}"
29,19,flops,,,0.8559483466666666,128392252.0,5797066.0,,11084.1089,"{""activation"": ""elu"", ""batch_size"": 32, ""data_augmentation"": true, ""dr_f"": 0.242125529314, ""learning_rate"": 0.000383780491, ""new_fc_1"": 1, ""new_fc_10"": 6, ""new_fc_2"": 22, ""new_fc_3"": 21, ""new_fc_4"": 3, ""new_fc_5"": 19, ""new_fc_6"": 4, ""new_fc_7"": 13, ""new_fc_8"": 0, ""new_fc_9"": 31, ""num_neurons"": 64, ""optimizer"": ""SGD"", ""reg_l2"": false, ""skip_connection"": false, ""unit_c1"": 1, ""unit_c2"": 1}"
30,19,flops,,,0.07912642666666667,11868964.0,86294.0,,11084.9433,"{""activation"": ""selu"", ""batch_size"": 32, ""data_augmentation"": true, ""dr_f"": 0.200958671251, ""learning_rate"": 0.000780732917, ""new_fc_1"": 5, ""new_fc_10"": 28, ""new_fc_2"": 4, ""new_fc_3"": 16, ""new_fc_4"": 25, ""new_fc_5"": 8, ""new_fc_6"": 10, ""new_fc_7"": 7, ""new_fc_8"": 15, ""new_fc_9"": 28, ""num_neurons"": 4, ""optimizer"": ""Adam"", ""reg_l2"": true, ""skip_connection"": true, ""unit_c1"": 4, ""unit_c2"": 7}"
31,19,flops,,,0.05583538666666667,8375308.0,183418.0,,11085.8788,"{""activation"": ""relu"", ""batch_size"": 8, ""data_augmentation"": false, ""dr_f"": 0.044749092973, ""learning_rate"": 0.000792601929, ""new_fc_1"": 0, ""new_fc_10"": 14, ""new_fc_2"": 27, ""new_fc_3"": 29, ""new_fc_4"": 26, ""new_fc_5"": 19, ""new_fc_6"": 29, ""new_fc_7"": 4, ""new_fc_8"": 26, ""new_fc_9"": 30, ""num_neurons"": 4, ""optimizer"": ""Adadelta"", ""reg_l2"": false, ""skip_connection"": false, ""unit_c1"": 4, ""unit_c2"": 4}"
32,19,flops,,,0.6685585866666667,100283788.0,4248106.0,,11086.8535,"{""activation"": ""swish"", ""batch_size"": 8, ""data_augmentation"": false, ""dr_f"": 0.451943261519, ""learning_rate"": 0.000521082985, ""new_fc_1"": 27, ""new_fc_10"": 31, ""new_fc_2"": 13, ""new_fc_3"": 21, ""new_fc_4"": 4, ""new_fc_5"": 14, ""new_fc_6"": 19, ""new_fc_7"": 1, ""new_fc_8"": 3, ""new_fc_9"": 30, ""num_neurons"": 16, ""optimizer"": ""SGD"", ""reg_l2"": true, ""skip_connection"": true, ""unit_c1"": 1, ""unit_c2"": 8}"
33,19,flops,,,1.5614788,234221820.0,3727082.0,,11087.9375,"{""activation"": ""swish"", ""batch_size"": 16, ""data_augmentation"": true, ""dr_f"": 0.422557370422, ""learning_rate"": 0.000831397229, ""new_fc_1"": 4, ""new_fc_10"": 26, ""new_fc_2"": 16, ""new_fc_3"": 29, ""new_fc_4"": 14, ""new_fc_5"": 0, ""new_fc_6"": 27, ""new_fc_7"": 22, ""new_fc_8"": 14, ""new_fc_9"": 18, ""num_neurons"": 32, ""optimizer"": ""Adam"", ""reg_l2"": true, ""skip_connection"": true, ""unit_c1"": 3, ""unit_c2"": 2}"
34,20,accuracy,0.7069000005722046,0.2930999994277954,0.05583538666666667,8375308.0,183418.0,-0.4884193835994568,13032.1602,"{""activation"": ""relu"", ""batch_size"": 8, ""data_augmentation"": false, ""dr_f"": 0.044749092973, ""learning_rate"": 0.000792601929, ""new_fc_1"": 0, ""new_fc_10"": 14, ""new_fc_2"": 27, ""new_fc_3"": 29, ""new_fc_4"": 26, ""new_fc_5"": 19, ""new_fc_6"": 29, ""new_fc_7"": 4, ""new_fc_8"": 26, ""new_fc_9"": 30, ""num_neurons"": 4, ""optimizer"": ""Adadelta"", ""reg_l2"": false, ""skip_connection"": false, ""unit_c1"": 4, ""unit_c2"": 4}"
35,21,accuracy,0.4872000217437744,0.5127999782562256,0.07912642666666667,11868964.0,86294.0,-0.6352220567793578,13596.6358,"{""activation"": ""selu"", ""batch_size"": 32, ""data_augmentation"": true, ""dr_f"": 0.200958671251, ""learning_rate"": 0.000780732917, ""new_fc_1"": 5, ""new_fc_10"": 28, ""new_fc_2"": 4, ""new_fc_3"": 16, ""new_fc_4"": 25, ""new_fc_5"": 8, ""new_fc_6"": 10, ""new_fc_7"": 7, ""new_fc_8"": 15, ""new_fc_9"": 28, ""num_neurons"": 4, ""optimizer"": ""Adam"", ""reg_l2"": true, ""skip_connection"": true, ""unit_c1"": 4, ""unit_c2"": 7}"
36,22,accuracy,0.33319997787475586,0.6668000221252441,0.8559483466666666,128392252.0,5797066.0,-0.5099755114876708,14101.1699,"{""activation"": ""elu"", ""batch_size"": 32, ""data_augmentation"": true, ""dr_f"": 0.242125529314, ""learning_rate"": 0.000383780491, ""new_fc_1"": 1, ""new_fc_10"": 6, ""new_fc_2"": 22, ""new_fc_3"": 21, ""new_fc_4"": 3, ""new_fc_5"": 19, ""new_fc_6"": 4, ""new_fc_7"": 13, ""new_fc_8"": 0, ""new_fc_9"": 31, ""num_neurons"": 64, ""optimizer"": ""SGD"", ""reg_l2"": false, ""skip_connection"": false, ""unit_c1"": 1, ""unit_c2"": 1}"
37,22,flops,,,1.3798401866666667,206976028.0,5077546.0,,14102.6114,"{""activation"": ""selu"", ""batch_size"": 64, ""data_augmentation"": true, ""dr_f"": 0.286160087082, ""learning_rate"": 0.000666804102, ""new_fc_1"": 31, ""new_fc_10"": 28, ""new_fc_2"": 19, ""new_fc_3"": 11, ""new_fc_4"": 32, ""new_fc_5"": 3, ""new_fc_6"": 20, ""new_fc_7"": 28, ""new_fc_8"": 2, ""new_fc_9"": 32, ""num_neurons"": 16, ""optimizer"": ""Adagrad"", ""reg_l2"": false, ""skip_connection"": true, ""unit_c1"": 4, ""unit_c2"": 8}"
38,23,accuracy,10000000000.0,,1.3798401866666667,206976028.0,5077546.0,10000000000.0,14103.6959,"{""activation"": ""selu"", ""batch_size"": 64, ""data_augmentation"": true, ""dr_f"": 0.286160087082, ""learning_rate"": 0.000666804102, ""new_fc_1"": 31, ""new_fc_10"": 28, ""new_fc_2"": 19, ""new_fc_3"": 11, ""new_fc_4"": 32, ""new_fc_5"": 3, ""new_fc_6"": 20, ""new_fc_7"": 28, ""new_fc_8"": 2, ""new_fc_9"": 32, ""num_neurons"": 16, ""optimizer"": ""Adagrad"", ""reg_l2"": false, ""skip_connection"": true, ""unit_c1"": 4, ""unit_c2"": 8}"
39,24,accuracy,0.8999999985098839,0.10000000149011612,0.6685585866666667,100283788.0,4248106.0,-0.16943242504308126,14848.5834,"{""activation"": ""swish"", ""batch_size"": 8, ""data_augmentation"": false, ""dr_f"": 0.451943261519, ""learning_rate"": 0.000521082985, ""new_fc_1"": 27, ""new_fc_10"": 31, ""new_fc_2"": 13, ""new_fc_3"": 21, ""new_fc_4"": 4, ""new_fc_5"": 14, ""new_fc_6"": 19, ""new_fc_7"": 1, ""new_fc_8"": 3, ""new_fc_9"": 30, ""num_neurons"": 16, ""optimizer"": ""SGD"", ""reg_l2"": true, ""skip_connection"": true, ""unit_c1"": 1, ""unit_c2"": 8}"
40,24,flops,,,1.15590216,173385324.0,1834138.0,,14849.5797,"{""activation"": ""elu"", ""batch_size"": 16, ""data_augmentation"": true, ""dr_f"": 0.37409383492, ""learning_rate"": 0.000536043556, ""new_fc_1"": 10, ""new_fc_10"": 14, ""new_fc_2"": 22, ""new_fc_3"": 23, ""new_fc_4"": 14, ""new_fc_5"": 12, ""new_fc_6"": 24, ""new_fc_7"": 3, ""new_fc_8"": 2, ""new_fc_9"": 15, ""num_neurons"": 16, ""optimizer"": ""Adam"", ""reg_l2"": false, ""skip_connection"": false, ""unit_c1"": 4, ""unit_c2"": 7}"
41,24,flops,,,6.755141093333333,1013271164.0,22927818.0,,14851.1614,"{""activation"": ""elu"", ""batch_size"": 16, ""data_augmentation"": false, ""dr_f"": 0.117147928184, ""learning_rate"": 0.000284738163, ""new_fc_1"": 9, ""new_fc_10"": 7, ""new_fc_2"": 21, ""new_fc_3"": 32, ""new_fc_4"": 14, ""new_fc_5"": 10, ""new_fc_6"": 11, ""new_fc_7"": 32, ""new_fc_8"": 8, ""new_fc_9"": 13, ""num_neurons"": 64, ""optimizer"": ""Adagrad"", ""reg_l2"": true, ""skip_connection"": false, ""unit_c1"": 2, ""unit_c2"": 5}"
42,24,flops,,,4.017467706666666,602620156.0,5655114.0,,14852.0855,"{""activation"": ""elu"", ""batch_size"": 16, ""data_augmentation"": false, ""dr_f"": 0.079307595514, ""learning_rate"": 0.000316098408, ""new_fc_1"": 8, ""new_fc_10"": 2, ""new_fc_2"": 25, ""new_fc_3"": 6, ""new_fc_4"": 27, ""new_fc_5"": 5, ""new_fc_6"": 30, ""new_fc_7"": 25, ""new_fc_8"": 3, ""new_fc_9"": 27, ""num_neurons"": 32, ""optimizer"": ""SGD"", ""reg_l2"": true, ""skip_connection"": false, ""unit_c1"": 4, ""unit_c2"": 6}"
43,24,flops,,,2.489946,373491900.0,3943626.0,,14853.0052,"{""activation"": ""selu"", ""batch_size"": 64, ""data_augmentation"": false, ""dr_f"": 0.399444581872, ""learning_rate"": 0.000389072107, ""new_fc_1"": 12, ""new_fc_10"": 31, ""new_fc_2"": 27, ""new_fc_3"": 1, ""new_fc_4"": 2, ""new_fc_5"": 17, ""new_fc_6"": 32, ""new_fc_7"": 8, ""new_fc_8"": 0, ""new_fc_9"": 22, ""num_neurons"": 32, ""optimizer"": ""Adamax"", ""reg_l2"": true, ""skip_connection"": false, ""unit_c1"": 4, ""unit_c2"": 2}"
44,24,flops,,,0.04645434666666667,6968152.0,117150.0,,14853.8316,"{""activation"": ""relu"", ""batch_size"": 32, ""data_augmentation"": true, ""dr_f"": 0.395622554162, ""learning_rate"": 0.000139673178, ""new_fc_1"": 29, ""new_fc_10"": 28, ""new_fc_2"": 27, ""new_fc_3"": 28, ""new_fc_4"": 14, ""new_fc_5"": 27, ""new_fc_6"": 1, ""new_fc_7"": 29, ""new_fc_8"": 13, ""new_fc_9"": 11, ""num_neurons"": 4, ""optimizer"": ""Adam"", ""reg_l2"": true, ""skip_connection"": true, ""unit_c1"": 4, ""unit_c2"": 2}"
45,25,accuracy,10000000000.0,,1.5614788,234221820.0,3727082.0,10000000000.0,14854.7702,"{""activation"": ""swish"", ""batch_size"": 16, ""data_augmentation"": true, ""dr_f"": 0.422557370422, ""learning_rate"": 0.000831397229, ""new_fc_1"": 4, ""new_fc_10"": 26, ""new_fc_2"": 16, ""new_fc_3"": 29, ""new_fc_4"": 14, ""new_fc_5"": 0, ""new_fc_6"": 27, ""new_fc_7"": 22, ""new_fc_8"": 14, ""new_fc_9"": 18, ""num_neurons"": 32, ""optimizer"": ""Adam"", ""reg_l2"": true, ""skip_connection"": true, ""unit_c1"": 3, ""unit_c2"": 2}"
46,25,flops,,,0.09718888,14578332.0,878298.0,,1.3673,"{""activation"": ""swish"", ""batch_size"": 16, ""data_augmentation"": false, ""dr_f"": 0.063864032679, ""learning_rate"": 0.000341595082, ""new_fc_1"": 19, ""new_fc_10"": 3, ""new_fc_2"": 5, ""new_fc_3"": 24, ""new_fc_4"": 0, ""new_fc_5"": 9, ""new_fc_6"": 14, ""new_fc_7"": 4, ""new_fc_8"": 9, ""new_fc_9"": 23, ""num_neurons"": 16, ""optimizer"": ""Adagrad"", ""reg_l2"": false, ""skip_connection"": false, ""unit_c1"": 1, ""unit_c2"": 2}"
47,26,accuracy,0.8999999985098839,0.10000000149011612,0.04645434666666667,6968152.0,117150.0,-0.3560636970430813,206.6119,"{""activation"": ""relu"", ""batch_size"": 32, ""data_augmentation"": true, ""dr_f"": 0.395622554162, ""learning_rate"": 0.000139673178, ""new_fc_1"": 29, ""new_fc_10"": 28, ""new_fc_2"": 27, ""new_fc_3"": 28, ""new_fc_4"": 14, ""new_fc_5"": 27, ""new_fc_6"": 1, ""new_fc_7"": 29, ""new_fc_8"": 13, ""new_fc_9"": 11, ""num_neurons"": 4, ""optimizer"": ""Adam"", ""reg_l2"": true, ""skip_connection"": true, ""unit_c1"": 4, ""unit_c2"": 2}"
48,26,flops,,,0.01866464,2799696.0,26810.0,,207.4763,"{""activation"": ""selu"", ""batch_size"": 32, ""data_augmentation"": true, ""dr_f"": 0.087836638512, ""learning_rate"": 0.000317186042, ""new_fc_1"": 3, ""new_fc_10"": 2, ""new_fc_2"": 22, ""new_fc_3"": 3, ""new_fc_4"": 5, ""new_fc_5"": 0, ""new_fc_6"": 25, ""new_fc_7"": 2, ""new_fc_8"": 5, ""new_fc_9"": 10, ""num_neurons"": 4, ""optimizer"": ""Adagrad"", ""reg_l2"": true, ""skip_connection"": false, ""unit_c1"": 1, ""unit_c2"": 5}"
49,26,flops,,,1.3530645066666667,202959676.0,3234890.0,,208.5151,"{""activation"": ""relu"", ""batch_size"": 16, ""data_augmentation"": true, ""dr_f"": 0.36625234101, ""learning_rate"": 0.000840391037, ""new_fc_1"": 17, ""new_fc_10"": 22, ""new_fc_2"": 14, ""new_fc_3"": 9, ""new_fc_4"": 20, ""new_fc_5"": 7, ""new_fc_6"": 31, ""new_fc_7"": 10, ""new_fc_8"": 13, ""new_fc_9"": 17, ""num_neurons"": 32, ""optimizer"": ""Adam"", ""reg_l2"": false, ""skip_connection"": true, ""unit_c1"": 3, ""unit_c2"": 1}"
50,26,flops,,,0.03332842666666667,4999264.0,127266.0,,209.3094,"{""activation"": ""swish"", ""batch_size"": 64, ""data_augmentation"": false, ""dr_f"": 0.394294785941, ""learning_rate"": 0.000641665262, ""new_fc_1"": 20, ""new_fc_10"": 27, ""new_fc_2"": 9, ""new_fc_3"": 22, ""new_fc_4"": 31, ""new_fc_5"": 20, ""new_fc_6"": 28, ""new_fc_7"": 12, ""new_fc_8"": 14, ""new_fc_9"": 24, ""num_neurons"": 4, ""optimizer"": ""Adamax"", ""reg_l2"": true, ""skip_connection"": false, ""unit_c1"": 3, ""unit_c2"": 3}"
51,26,flops,,,0.02778288,4167432.0,38074.0,,210.1165,"{""activation"": ""selu"", ""batch_size"": 8, ""data_augmentation"": true, ""dr_f"": 0.466172456735, ""learning_rate"": 0.00048457304, ""new_fc_1"": 3, ""new_fc_10"": 13, ""new_fc_2"": 20, ""new_fc_3"": 7, ""new_fc_4"": 32, ""new_fc_5"": 10, ""new_fc_6"": 31, ""new_fc_7"": 7, ""new_fc_8"": 16, ""new_fc_9"": 12, ""num_neurons"": 4, ""optimizer"": ""Adagrad"", ""reg_l2"": false, ""skip_connection"": false, ""unit_c1"": 3, ""unit_c2"": 2}"
52,27,accuracy,0.882700003683567,0.11729999631643295,0.09718888,14578332.0,878298.0,-0.35295333342150303,595.2004,"{""activation"": ""swish"", ""batch_size"": 16, ""data_augmentation"": false, ""dr_f"": 0.063864032679, ""learning_rate"": 0.000341595082, ""new_fc_1"": 19, ""new_fc_10"": 3, ""new_fc_2"": 5, ""new_fc_3"": 24, ""new_fc_4"": 0, ""new_fc_5"": 9, ""new_fc_6"": 14, ""new_fc_7"": 4, ""new_fc_8"": 9, ""new_fc_9"": 23, ""num_neurons"": 16, ""optimizer"": ""Adagrad"", ""reg_l2"": false, ""skip_connection"": false, ""unit_c1"": 1, ""unit_c2"": 2}"
53,28,accuracy,0.7044000029563904,0.2955999970436096,0.01866464,2799696.0,26810.0,-0.5013206059305267,1159.5357,"{""activation"": ""selu"", ""batch_size"": 32, ""data_augmentation"": true, ""dr_f"": 0.087836638512, ""learning_rate"": 0.000317186042, ""new_fc_1"": 3, ""new_fc_10"": 2, ""new_fc_2"": 22, ""new_fc_3"": 3, ""new_fc_4"": 5, ""new_fc_5"": 0, ""new_fc_6"": 25, ""new_fc_7"": 2, ""new_fc_8"": 5, ""new_fc_9"": 10, ""num_neurons"": 4, ""optimizer"": ""Adagrad"", ""reg_l2"": true, ""skip_connection"": false, ""unit_c1"": 1, ""unit_c2"": 5}"
54,28,flops,,,0.82393832,123590748.0,2956586.0,,1160.6025,"{""activation"": ""swish"", ""batch_size"": 16, ""data_augmentation"": true, ""dr_f"": 0.186627218926, ""learning_rate"": 0.000726282524, ""new_fc_1"": 13, ""new_fc_10"": 20, ""new_fc_2"": 4, ""new_fc_3"": 3, ""new_fc_4"": 2, ""new_fc_5"": 11, ""new_fc_6"": 30, ""new_fc_7"": 7, ""new_fc_8"": 27, ""new_fc_9"": 6, ""num_neurons"": 32, ""optimizer"": ""SGD"", ""reg_l2"": true, ""skip_connection"": true, ""unit_c1"": 2, ""unit_c2"": 2}"
55,28,flops,,,2.4813209333333335,372198140.0,3296650.0,,1161.5357,"{""activation"": ""elu"", ""batch_size"": 16, ""data_augmentation"": true, ""dr_f"": 0.472135942729, ""learning_rate"": 0.000665307412, ""new_fc_1"": 4, ""new_fc_10"": 13, ""new_fc_2"": 4, ""new_fc_3"": 3, ""new_fc_4"": 15, ""new_fc_5"": 18, ""new_fc_6"": 29, ""new_fc_7"": 18, ""new_fc_8"": 30, ""new_fc_9"": 12, ""num_neurons"": 32, ""optimizer"": ""Adadelta"", ""reg_l2"": true, ""skip_connection"": false, ""unit_c1"": 4, ""unit_c2"": 2}"
56,28,flops,,,0.11466482666666666,17199724.0,566602.0,,1162.382,"{""activation"": ""swish"", ""batch_size"": 64, ""data_augmentation"": false, ""dr_f"": 0.209194746498, ""learning_rate"": 0.000395868485, ""new_fc_1"": 24, ""new_fc_10"": 23, ""new_fc_2"": 2, ""new_fc_3"": 17, ""new_fc_4"": 31, ""new_fc_5"": 3, ""new_fc_6"": 2, ""new_fc_7"": 1, ""new_fc_8"": 5, ""new_fc_9"": 2, ""num_neurons"": 8, ""optimizer"": ""SGD"", ""reg_l2"": true, ""skip_connection"": false, ""unit_c1"": 2, ""unit_c2"": 5}"
57,28,flops,,,0.21087197333333332,31630796.0,743002.0,,1163.2553,"{""activation"": ""elu"", ""batch_size"": 64, ""data_augmentation"": false, ""dr_f"": 0.428340816234, ""learning_rate"": 0.000924025894, ""new_fc_1"": 0, ""new_fc_10"": 21, ""new_fc_2"": 15, ""new_fc_3"": 3, ""new_fc_4"": 1, ""new_fc_5"": 28, ""new_fc_6"": 3, ""new_fc_7"": 7, ""new_fc_8"": 30, ""new_fc_9"": 9, ""num_neurons"": 16, ""optimizer"": ""Adam"", ""reg_l2"": true, ""skip_connection"": false, ""unit_c1"": 2, ""unit_c2"": 2}"
58,29,accuracy,0.8999999985098839,0.10000000149011612,0.03332842666666667,4999264.0,127266.0,-0.3600014730430813,1308.1828,"{""activation"": ""swish"", ""batch_size"": 64, ""data_augmentation"": false, ""dr_f"": 0.394294785941, ""learning_rate"": 0.000641665262, ""new_fc_1"": 20, ""new_fc_10"": 27, ""new_fc_2"": 9, ""new_fc_3"": 22, ""new_fc_4"": 31, ""new_fc_5"": 20, ""new_fc_6"": 28, ""new_fc_7"": 12, ""new_fc_8"": 14, ""new_fc_9"": 24, ""num_neurons"": 4, ""optimizer"": ""Adamax"", ""reg_l2"": true, ""skip_connection"": false, ""unit_c1"": 3, ""unit_c2"": 3}"
59,29,flops,,,0.07061842666666666,10592764.0,91282.0,,1309.0686,"{""activation"": ""relu"", ""batch_size"": 16, ""data_augmentation"": true, ""dr_f"": 0.393991477494, ""learning_rate"": 0.000637566775, ""new_fc_1"": 8, ""new_fc_10"": 32, ""new_fc_2"": 8, ""new_fc_3"": 0, ""new_fc_4"": 11, ""new_fc_5"": 15, ""new_fc_6"": 12, ""new_fc_7"": 19, ""new_fc_8"": 4, ""new_fc_9"": 27, ""num_neurons"": 4, ""optimizer"": ""Adam"", ""reg_l2"": false, ""skip_connection"": true, ""unit_c1"": 4, ""unit_c2"": 6}"
60,29,flops,,,0.49673736,74510604.0,938202.0,,1309.9906,"{""activation"": ""relu"", ""batch_size"": 64, ""data_augmentation"": true, ""dr_f"": 0.292927531528, ""learning_rate"": 0.000401379499, ""new_fc_1"": 0, ""new_fc_10"": 23, ""new_fc_2"": 2, ""new_fc_3"": 22, ""new_fc_4"": 26, ""new_fc_5"": 12, ""new_fc_6"": 32, ""new_fc_7"": 3, ""new_fc_8"": 26, ""new_fc_9"": 15, ""num_neurons"": 16, ""optimizer"": ""Adadelta"", ""reg_l2"": true, ""skip_connection"": true, ""unit_c1"": 1, ""unit_c2"": 7}"
61,29,flops,,,0.05438754666666667,8158132.0,74834.0,,1310.6891,"{""activation"": ""selu"", ""batch_size"": 8, ""data_augmentation"": false, ""dr_f"": 0.07755054427, ""learning_rate"": 0.000685594304, ""new_fc_1"": 2, ""new_fc_10"": 18, ""new_fc_2"": 17, ""new_fc_3"": 8, ""new_fc_4"": 8, ""new_fc_5"": 6, ""new_fc_6"": 24, ""new_fc_7"": 4, ""new_fc_8"": 8, ""new_fc_9"": 8, ""num_neurons"": 8, ""optimizer"": ""SGD"", ""reg_l2"": false, ""skip_connection"": false, ""unit_c1"": 2, ""unit_c2"": 2}"
62,29,flops,,,4.137259066666667,620588860.0,7434442.0,,1311.849,"{""activation"": ""swish"", ""batch_size"": 32, ""data_augmentation"": true, ""dr_f"": 0.394317766717, ""learning_rate"": 0.00098327581, ""new_fc_1"": 11, ""new_fc_10"": 12, ""new_fc_2"": 30, ""new_fc_3"": 15, ""new_fc_4"": 32, ""new_fc_5"": 16, ""new_fc_6"": 0, ""new_fc_7"": 22, ""new_fc_8"": 1, ""new_fc_9"": 13, ""num_neurons"": 32, ""optimizer"": ""Adadelta"", ""reg_l2"": true, ""skip_connection"": true, ""unit_c1"": 4, ""unit_c2"": 6}"
63,29,flops,,,0.5417797066666666,81266956.0,1918746.0,,1312.7464,"{""activation"": ""swish"", ""batch_size"": 16, ""data_augmentation"": false, ""dr_f"": 0.083053513155, ""learning_rate"": 0.000357919455, ""new_fc_1"": 10, ""new_fc_10"": 10, ""new_fc_2"": 24, ""new_fc_3"": 22, ""new_fc_4"": 29, ""new_fc_5"": 15, ""new_fc_6"": 13, ""new_fc_7"": 16, ""new_fc_8"": 13, ""new_fc_9"": 31, ""num_neurons"": 16, ""optimizer"": ""Adamax"", ""reg_l2"": true, ""skip_connection"": false, ""unit_c1"": 2, ""unit_c2"": 6}"
64,30,accuracy,10000000000.0,,2.489946,373491900.0,3943626.0,10000000000.0,1313.5552,"{""activation"": ""selu"", ""batch_size"": 64, ""data_augmentation"": false, ""dr_f"": 0.399444581872, ""learning_rate"": 0.000389072107, ""new_fc_1"": 12, ""new_fc_10"": 31, ""new_fc_2"": 27, ""new_fc_3"": 1, ""new_fc_4"": 2, ""new_fc_5"": 17, ""new_fc_6"": 32, ""new_fc_7"": 8, ""new_fc_8"": 0, ""new_fc_9"": 22, ""num_neurons"": 32, ""optimizer"": ""Adamax"", ""reg_l2"": true, ""skip_connection"": false, ""unit_c1"": 4, ""unit_c2"": 2}"
65,30,flops,,,0.0416228,6243420.0,201894.0,,1314.2697,"{""activation"": ""elu"", ""batch_size"": 64, ""data_augmentation"": false, ""dr_f"": 0.43051486929, ""learning_rate"": 0.000746497028, ""new_fc_1"": 22, ""new_fc_10"": 17, ""new_fc_2"": 7, ""new_fc_3"": 4, ""new_fc_4"": 16, ""new_fc_5"": 2, ""new_fc_6"": 16, ""new_fc_7"": 0, ""new_fc_8"": 3, ""new_fc_9"": 13, ""num_neurons"": 4, ""optimizer"": ""Adamax"", ""reg_l2"": true, ""skip_connection"": false, ""unit_c1"": 1, ""unit_c2"": 8}"
66,31,accuracy,0.8744000047445297,0.12559999525547028,0.02778288,4167432.0,38074.0,-0.3795851326788292,3258.652,"{""activation"": ""selu"", ""batch_size"": 8, ""data_augmentation"": true, ""dr_f"": 0.466172456735, ""learning_rate"": 0.00048457304, ""new_fc_1"": 3, ""new_fc_10"": 13, ""new_fc_2"": 20, ""new_fc_3"": 7, ""new_fc_4"": 32, ""new_fc_5"": 10, ""new_fc_6"": 31, ""new_fc_7"": 7, ""new_fc_8"": 16, ""new_fc_9"": 12, ""num_neurons"": 4, ""optimizer"": ""Adagrad"", ""reg_l2"": false, ""skip_connection"": false, ""unit_c1"": 3, ""unit_c2"": 2}"
67,32,accuracy,0.778099998831749,0.22190000116825104,0.044535493333333336,6680324.0,193930.0,-0.4419693528177757,3643.0374,"{""activation"": ""elu"", ""batch_size"": 32, ""data_augmentation"": true, ""dr_f"": 0.173889111255, ""learning_rate"": 0.00013660405, ""new_fc_1"": 21, ""new_fc_10"": 11, ""new_fc_2"": 1, ""new_fc_3"": 16, ""new_fc_4"": 29, ""new_fc_5"": 8, ""new_fc_6"": 26, ""new_fc_7"": 3, ""new_fc_8"": 26, ""new_fc_9"": 25, ""num_neurons"": 4, ""optimizer"": ""Adam"", ""reg_l2"": true, ""skip_connection"": false, ""unit_c1"": 2, ""unit_c2"": 7}"
68,32,flops,,,0.05473597333333333,8210396.0,100826.0,,3643.8962,"{""activation"": ""selu"", ""batch_size"": 8, ""data_augmentation"": true, ""dr_f"": 0.303016817049, ""learning_rate"": 0.000687213327, ""new_fc_1"": 17, ""new_fc_10"": 18, ""new_fc_2"": 14, ""new_fc_3"": 30, ""new_fc_4"": 2, ""new_fc_5"": 4, ""new_fc_6"": 21, ""new_fc_7"": 7, ""new_fc_8"": 6, ""new_fc_9"": 17, ""num_neurons"": 4, ""optimizer"": ""Adam"", ""reg_l2"": false, ""skip_connection"": false, ""unit_c1"": 4, ""unit_c2"": 4}"
69,32,flops,,,0.07720706666666667,11581060.0,422386.0,,3644.665,"{""activation"": ""elu"", ""batch_size"": 32, ""data_augmentation"": false, ""dr_f"": 0.225927764723, ""learning_rate"": 0.000325637573, ""new_fc_1"": 14, ""new_fc_10"": 14, ""new_fc_2"": 12, ""new_fc_3"": 20, ""new_fc_4"": 16, ""new_fc_5"": 18, ""new_fc_6"": 15, ""new_fc_7"": 4, ""new_fc_8"": 22, ""new_fc_9"": 10, ""num_neurons"": 8, ""optimizer"": ""Adamax"", ""reg_l2"": false, ""skip_connection"": true, ""unit_c1"": 1, ""unit_c2"": 5}"
70,32,flops,,,1.5532590666666666,232988860.0,3110698.0,,3645.9516,"{""activation"": ""swish"", ""batch_size"": 8, ""data_augmentation"": false, ""dr_f"": 0.276404135784, ""learning_rate"": 0.000426272402, ""new_fc_1"": 4, ""new_fc_10"": 30, ""new_fc_2"": 24, ""new_fc_3"": 24, ""new_fc_4"": 11, ""new_fc_5"": 20, ""new_fc_6"": 27, ""new_fc_7"": 15, ""new_fc_8"": 4, ""new_fc_9"": 5, ""num_neurons"": 32, ""optimizer"": ""Adadelta"", ""reg_l2"": true, ""skip_connection"": true, ""unit_c1"": 3, ""unit_c2"": 2}"
71,32,flops,,,0.35570077333333333,53355116.0,2192762.0,,3646.8039,"{""activation"": ""relu"", ""batch_size"": 64, ""data_augmentation"": true, ""dr_f"": 0.347744216747, ""learning_rate"": 0.00042778421, ""new_fc_1"": 28, ""new_fc_10"": 19, ""new_fc_2"": 2, ""new_fc_3"": 14, ""new_fc_4"": 18, ""new_fc_5"": 23, ""new_fc_6"": 7, ""new_fc_7"": 21, ""new_fc_8"": 2, ""new_fc_9"": 1, ""num_neurons"": 16, ""optimizer"": ""SGD"", ""reg_l2"": false, ""skip_connection"": false, ""unit_c1"": 2, ""unit_c2"": 4}"
72,33,accuracy,0.7933000028133392,0.20669999718666077,0.0416228,6243420.0,201894.0,-0.4322031580306625,3791.4554,"{""activation"": ""elu"", ""batch_size"": 64, ""data_augmentation"": false, ""dr_f"": 0.43051486929, ""learning_rate"": 0.000746497028, ""new_fc_1"": 22, ""new_fc_10"": 17, ""new_fc_2"": 7, ""new_fc_3"": 4, ""new_fc_4"": 16, ""new_fc_5"": 2, ""new_fc_6"": 16, ""new_fc_7"": 0, ""new_fc_8"": 3, ""new_fc_9"": 13, ""num_neurons"": 4, ""optimizer"": ""Adamax"", ""reg_l2"": true, ""skip_connection"": false, ""unit_c1"": 1, ""unit_c2"": 8}"
73,33,flops,,,0.15791576,23687364.0,422074.0,,3792.2357,"{""activation"": ""selu"", ""batch_size"": 16, ""data_augmentation"": true, ""dr_f"": 0.099583188354, ""learning_rate"": 0.000807870004, ""new_fc_1"": 6, ""new_fc_10"": 24, ""new_fc_2"": 24, ""new_fc_3"": 28, ""new_fc_4"": 12, ""new_fc_5"": 11, ""new_fc_6"": 26, ""new_fc_7"": 7, ""new_fc_8"": 12, ""new_fc_9"": 27, ""num_neurons"": 8, ""optimizer"": ""Adadelta"", ""reg_l2"": false, ""skip_connection"": false, ""unit_c1"": 1, ""unit_c2"": 8}"
74,34,accuracy,0.32419997453689575,0.6758000254631042,0.05438754666666667,8158132.0,74834.0,-0.7567437538241729,5316.9147,"{""activation"": ""selu"", ""batch_size"": 8, ""data_augmentation"": false, ""dr_f"": 0.07755054427, ""learning_rate"": 0.000685594304, ""new_fc_1"": 2, ""new_fc_10"": 18, ""new_fc_2"": 17, ""new_fc_3"": 8, ""new_fc_4"": 8, ""new_fc_5"": 6, ""new_fc_6"": 24, ""new_fc_7"": 4, ""new_fc_8"": 8, ""new_fc_9"": 8, ""num_neurons"": 8, ""optimizer"": ""SGD"", ""reg_l2"": false, ""skip_connection"": false, ""unit_c1"": 2, ""unit_c2"": 2}"
75,34,flops,,,0.06947229333333334,10420844.0,129122.0,,5317.8834,"{""activation"": ""swish"", ""batch_size"": 64, ""data_augmentation"": true, ""dr_f"": 0.480015745025, ""learning_rate"": 0.00050803274, ""new_fc_1"": 10, ""new_fc_10"": 11, ""new_fc_2"": 32, ""new_fc_3"": 19, ""new_fc_4"": 11, ""new_fc_5"": 25, ""new_fc_6"": 23, ""new_fc_7"": 13, ""new_fc_8"": 24, ""new_fc_9"": 24, ""num_neurons"": 4, ""optimizer"": ""SGD"", ""reg_l2"": false, ""skip_connection"": false, ""unit_c1"": 4, ""unit_c2"": 6}"
76,35,accuracy,0.8973999992012978,0.10260000079870224,0.06947229333333334,10420844.0,129122.0,-0.3509783125590915,5522.7518,"{""activation"": ""swish"", ""batch_size"": 64, ""data_augmentation"": true, ""dr_f"": 0.480015745025, ""learning_rate"": 0.00050803274, ""new_fc_1"": 10, ""new_fc_10"": 11, ""new_fc_2"": 32, ""new_fc_3"": 19, ""new_fc_4"": 11, ""new_fc_5"": 25, ""new_fc_6"": 23, ""new_fc_7"": 13, ""new_fc_8"": 24, ""new_fc_9"": 24, ""num_neurons"": 4, ""optimizer"": ""SGD"", ""reg_l2"": false, ""skip_connection"": false, ""unit_c1"": 4, ""unit_c2"": 6}"
77,35,flops,,,0.41017277333333335,61525916.0,6279946.0,,5523.6987,"{""activation"": ""relu"", ""batch_size"": 8, ""data_augmentation"": true, ""dr_f"": 0.242539424217, ""learning_rate"": 0.000690480075, ""new_fc_1"": 24, ""new_fc_10"": 26, ""new_fc_2"": 19, ""new_fc_3"": 11, ""new_fc_4"": 16, ""new_fc_5"": 3, ""new_fc_6"": 5, ""new_fc_7"": 21, ""new_fc_8"": 30, ""new_fc_9"": 24, ""num_neurons"": 32, ""optimizer"": ""Adam"", ""reg_l2"": false, ""skip_connection"": false, ""unit_c1"": 1, ""unit_c2"": 2}"
78,36,accuracy,0.8076000064611435,0.1923999935388565,0.03034368,4551552.0,160750.0,-0.42557689147719957,6088.7064,"{""activation"": ""elu"", ""batch_size"": 32, ""data_augmentation"": true, ""dr_f"": 0.384848786101, ""learning_rate"": 0.000153519, ""new_fc_1"": 24, ""new_fc_10"": 18, ""new_fc_2"": 6, ""new_fc_3"": 22, ""new_fc_4"": 7, ""new_fc_5"": 8, ""new_fc_6"": 13, ""new_fc_7"": 27, ""new_fc_8"": 9, ""new_fc_9"": 27, ""num_neurons"": 4, ""optimizer"": ""Adadelta"", ""reg_l2"": false, ""skip_connection"": false, ""unit_c1"": 2, ""unit_c2"": 5}"
79,37,accuracy,0.8999999985098839,0.10000000149011612,0.05473597333333333,8210396.0,100826.0,-0.35357920904308127,6713.3575,"{""activation"": ""selu"", ""batch_size"": 8, ""data_augmentation"": true, ""dr_f"": 0.303016817049, ""learning_rate"": 0.000687213327, ""new_fc_1"": 17, ""new_fc_10"": 18, ""new_fc_2"": 14, ""new_fc_3"": 30, ""new_fc_4"": 2, ""new_fc_5"": 4, ""new_fc_6"": 21, ""new_fc_7"": 7, ""new_fc_8"": 6, ""new_fc_9"": 17, ""num_neurons"": 4, ""optimizer"": ""Adam"", ""reg_l2"": false, ""skip_connection"": false, ""unit_c1"": 4, ""unit_c2"": 4}"
80,38,accuracy,0.806999996304512,0.19300000369548798,0.01075608,1613412.0,97910.0,-0.4318731785868416,8117.7343,"{""activation"": ""elu"", ""batch_size"": 8, ""data_augmentation"": false, ""dr_f"": 0.346994774056, ""learning_rate"": 0.000379204546, ""new_fc_1"": 12, ""new_fc_10"": 7, ""new_fc_2"": 13, ""new_fc_3"": 30, ""new_fc_4"": 25, ""new_fc_5"": 26, ""new_fc_6"": 15, ""new_fc_7"": 26, ""new_fc_8"": 17, ""new_fc_9"": 19, ""num_neurons"": 4, ""optimizer"": ""Adadelta"", ""reg_l2"": false, ""skip_connection"": false, ""unit_c1"": 1, ""unit_c2"": 3}"
81,39,accuracy,10000000000.0,,1.3139614666666666,197094220.0,2320474.0,10000000000.0,8118.9628,"{""activation"": ""swish"", ""batch_size"": 64, ""data_augmentation"": false, ""dr_f"": 0.321120369972, ""learning_rate"": 0.000408895985, ""new_fc_1"": 10, ""new_fc_10"": 13, ""new_fc_2"": 8, ""new_fc_3"": 19, ""new_fc_4"": 26, ""new_fc_5"": 32, ""new_fc_6"": 2, ""new_fc_7"": 18, ""new_fc_8"": 32, ""new_fc_9"": 15, ""num_neurons"": 16, ""optimizer"": ""SGD"", ""reg_l2"": false, ""skip_connection"": false, ""unit_c1"": 4, ""unit_c2"": 8}"
82,39,flops,,,0.04644184,6966276.0,116210.0,,8120.0784,"{""activation"": ""selu"", ""batch_size"": 8, ""data_augmentation"": false, ""dr_f"": 0.233840707764, ""learning_rate"": 0.000569216053, ""new_fc_1"": 29, ""new_fc_10"": 23, ""new_fc_2"": 16, ""new_fc_3"": 19, ""new_fc_4"": 23, ""new_fc_5"": 22, ""new_fc_6"": 13, ""new_fc_7"": 29, ""new_fc_8"": 1, ""new_fc_9"": 31, ""num_neurons"": 4, ""optimizer"": ""Adadelta"", ""reg_l2"": true, ""skip_connection"": true, ""unit_c1"": 4, ""unit_c2"": 2}"
83,39,flops,,,0.569898,85484700.0,3206442.0,,8121.2482,"{""activation"": ""selu"", ""batch_size"": 8, ""data_augmentation"": false, ""dr_f"": 0.444212091795, ""learning_rate"": 0.000492469985, ""new_fc_1"": 24, ""new_fc_10"": 20, ""new_fc_2"": 29, ""new_fc_3"": 4, ""new_fc_4"": 21, ""new_fc_5"": 29, ""new_fc_6"": 5, ""new_fc_7"": 30, ""new_fc_8"": 20, ""new_fc_9"": 0, ""num_neurons"": 16, ""optimizer"": ""Adam"", ""reg_l2"": false, ""skip_connection"": true, ""unit_c1"": 2, ""unit_c2"": 6}"
84,39,flops,,,0.045997093333333336,6899564.0,82786.0,,8122.3281,"{""activation"": ""selu"", ""batch_size"": 64, ""data_augmentation"": true, ""dr_f"": 0.174554111721, ""learning_rate"": 0.000916262703, ""new_fc_1"": 17, ""new_fc_10"": 18, ""new_fc_2"": 10, ""new_fc_3"": 20, ""new_fc_4"": 20, ""new_fc_5"": 13, ""new_fc_6"": 20, ""new_fc_7"": 19, ""new_fc_8"": 21, ""new_fc_9"": 14, ""num_neurons"": 4, ""optimizer"": ""Adamax"", ""reg_l2"": false, ""skip_connection"": true, ""unit_c1"": 4, ""unit_c2"": 2}"
85,39,flops,,,2.5545403466666667,383181052.0,9642986.0,,8123.7981,"{""activation"": ""selu"", ""batch_size"": 64, ""data_augmentation"": true, ""dr_f"": 0.127671593839, ""learning_rate"": 0.000545987659, ""new_fc_1"": 14, ""new_fc_10"": 16, ""new_fc_2"": 0, ""new_fc_3"": 4, ""new_fc_4"": 18, ""new_fc_5"": 3, ""new_fc_6"": 23, ""new_fc_7"": 6, ""new_fc_8"": 24, ""new_fc_9"": 26, ""num_neurons"": 32, ""optimizer"": ""SGD"", ""reg_l2"": true, ""skip_connection"": true, ""unit_c1"": 1, ""unit_c2"": 8}"
86,39,flops,,,0.11937864,17906796.0,196706.0,,8124.9905,"{""activation"": ""selu"", ""batch_size"": 16, ""data_augmentation"": true, ""dr_f"": 0.292489823016, ""learning_rate"": 0.000324147784, ""new_fc_1"": 3, ""new_fc_10"": 14, ""new_fc_2"": 9, ""new_fc_3"": 25, ""new_fc_4"": 31, ""new_fc_5"": 19, ""new_fc_6"": 8, ""new_fc_7"": 12, ""new_fc_8"": 3, ""new_fc_9"": 18, ""num_neurons"": 8, ""optimizer"": ""Adagrad"", ""reg_l2"": true, ""skip_connection"": true, ""unit_c1"": 3, ""unit_c2"": 3}"
87,40,accuracy,0.816200003027916,0.18379999697208405,0.07061842666666666,10592764.0,91282.0,-0.40747446988045877,8509.7473,"{""activation"": ""relu"", ""batch_size"": 16, ""data_augmentation"": true, ""dr_f"": 0.393991477494, ""learning_rate"": 0.000637566775, ""new_fc_1"": 8, ""new_fc_10"": 32, ""new_fc_2"": 8, ""new_fc_3"": 0, ""new_fc_4"": 11, ""new_fc_5"": 15, ""new_fc_6"": 12, ""new_fc_7"": 19, ""new_fc_8"": 4, ""new_fc_9"": 27, ""num_neurons"": 4, ""optimizer"": ""Adam"", ""reg_l2"": false, ""skip_connection"": true, ""unit_c1"": 4, ""unit_c2"": 6}"
88,40,flops,,,0.04793704,7190556.0,328874.0,,8510.8757,"{""activation"": ""selu"", ""batch_size"": 32, ""data_augmentation"": true, ""dr_f"": 0.047215861989, ""learning_rate"": 0.000557625866, ""new_fc_1"": 32, ""new_fc_10"": 30, ""new_fc_2"": 32, ""new_fc_3"": 4, ""new_fc_4"": 6, ""new_fc_5"": 29, ""new_fc_6"": 18, ""new_fc_7"": 25, ""new_fc_8"": 3, ""new_fc_9"": 17, ""num_neurons"": 8, ""optimizer"": ""Adam"", ""reg_l2"": false, ""skip_connection"": false, ""unit_c1"": 2, ""unit_c2"": 1}"
89,40,flops,,,0.04570221333333333,6855332.0,184326.0,,8512.0803,"{""activation"": ""selu"", ""batch_size"": 16, ""data_augmentation"": true, ""dr_f"": 0.412809718396, ""learning_rate"": 0.000139377044, ""new_fc_1"": 22, ""new_fc_10"": 9, ""new_fc_2"": 3, ""new_fc_3"": 30, ""new_fc_4"": 15, ""new_fc_5"": 14, ""new_fc_6"": 6, ""new_fc_7"": 8, ""new_fc_8"": 2, ""new_fc_9"": 1, ""num_neurons"": 4, ""optimizer"": ""Adadelta"", ""reg_l2"": true, ""skip_connection"": true, ""unit_c1"": 2, ""unit_c2"": 7}"
90,41,accuracy,0.3320000171661377,0.6679999828338623,0.07720706666666667,11581060.0,422386.0,-0.7444378679837036,8956.3664,"{""activation"": ""elu"", ""batch_size"": 32, ""data_augmentation"": false, ""dr_f"": 0.225927764723, ""learning_rate"": 0.000325637573, ""new_fc_1"": 14, ""new_fc_10"": 14, ""new_fc_2"": 12, ""new_fc_3"": 20, ""new_fc_4"": 16, ""new_fc_5"": 18, ""new_fc_6"": 15, ""new_fc_7"": 4, ""new_fc_8"": 22, ""new_fc_9"": 10, ""num_neurons"": 8, ""optimizer"": ""Adamax"", ""reg_l2"": false, ""skip_connection"": true, ""unit_c1"": 1, ""unit_c2"": 5}"
91,41,flops,,,0.58023208,87034812.0,4921642.0,,8957.3014,"{""activation"": ""selu"", ""batch_size"": 8, ""data_augmentation"": true, ""dr_f"": 0.045688541779, ""learning_rate"": 0.000485684094, ""new_fc_1"": 11, ""new_fc_10"": 31, ""new_fc_2"": 29, ""new_fc_3"": 13, ""new_fc_4"": 15, ""new_fc_5"": 32, ""new_fc_6"": 12, ""new_fc_7"": 11, ""new_fc_8"": 4, ""new_fc_9"": 18, ""num_neurons"": 32, ""optimizer"": ""Adamax"", ""reg_l2"": true, ""skip_connection"": false, ""unit_c1"": 1, ""unit_c2"": 3}"
92,41,flops,,,0.06555346666666667,9833020.0,237374.0,,8958.1939,"{""activation"": ""swish"", ""batch_size"": 64, ""data_augmentation"": true, ""dr_f"": 0.058134577904, ""learning_rate"": 0.000359294724, ""new_fc_1"": 32, ""new_fc_10"": 23, ""new_fc_2"": 24, ""new_fc_3"": 29, ""new_fc_4"": 24, ""new_fc_5"": 17, ""new_fc_6"": 16, ""new_fc_7"": 23, ""new_fc_8"": 17, ""new_fc_9"": 7, ""num_neurons"": 4, ""optimizer"": ""Adam"", ""reg_l2"": true, ""skip_connection"": true, ""unit_c1"": 4, ""unit_c2"": 5}"
93,41,flops,,,0.6496488266666667,97447324.0,2930810.0,,8959.4211,"{""activation"": ""relu"", ""batch_size"": 32, ""data_augmentation"": true, ""dr_f"": 0.229800454343, ""learning_rate"": 0.000793875424, ""new_fc_1"": 15, ""new_fc_10"": 20, ""new_fc_2"": 28, ""new_fc_3"": 25, ""new_fc_4"": 0, ""new_fc_5"": 0, ""new_fc_6"": 7, ""new_fc_7"": 22, ""new_fc_8"": 27, ""new_fc_9"": 22, ""num_neurons"": 16, ""optimizer"": ""Adagrad"", ""reg_l2"": false, ""skip_connection"": true, ""unit_c1"": 1, ""unit_c2"": 8}"
94,41,flops,,,0.46464776,69697164.0,1643946.0,,8960.4882,"{""activation"": ""relu"", ""batch_size"": 64, ""data_augmentation"": false, ""dr_f"": 0.424937864231, ""learning_rate"": 0.000793412214, ""new_fc_1"": 16, ""new_fc_10"": 20, ""new_fc_2"": 31, ""new_fc_3"": 19, ""new_fc_4"": 21, ""new_fc_5"": 31, ""new_fc_6"": 14, ""new_fc_7"": 15, ""new_fc_8"": 6, ""new_fc_9"": 8, ""num_neurons"": 16, ""optimizer"": ""SGD"", ""reg_l2"": true, ""skip_connection"": false, ""unit_c1"": 3, ""unit_c2"": 3}"
95,41,flops,,,3.145093306666667,471763996.0,8202794.0,,8961.8176,"{""activation"": ""elu"", ""batch_size"": 16, ""data_augmentation"": false, ""dr_f"": 0.35541256558, ""learning_rate"": 0.000143313192, ""new_fc_1"": 9, ""new_fc_10"": 28, ""new_fc_2"": 27, ""new_fc_3"": 15, ""new_fc_4"": 12, ""new_fc_5"": 19, ""new_fc_6"": 22, ""new_fc_7"": 14, ""new_fc_8"": 12, ""new_fc_9"": 17, ""num_neurons"": 32, ""optimizer"": ""Adamax"", ""reg_l2"": true, ""skip_connection"": false, ""unit_c1"": 2, ""unit_c2"": 8}"
96,42,accuracy,0.8999999985098839,0.10000000149011612,0.06555346666666667,9833020.0,237374.0,-0.3503339610430813,9106.7147,"{""activation"": ""swish"", ""batch_size"": 64, ""data_augmentation"": true, ""dr_f"": 0.058134577904, ""learning_rate"": 0.000359294724, ""new_fc_1"": 32, ""new_fc_10"": 23, ""new_fc_2"": 24, ""new_fc_3"": 29, ""new_fc_4"": 24, ""new_fc_5"": 17, ""new_fc_6"": 16, ""new_fc_7"": 23, ""new_fc_8"": 17, ""new_fc_9"": 7, ""num_neurons"": 4, ""optimizer"": ""Adam"", ""reg_l2"": true, ""skip_connection"": true, ""unit_c1"": 4, ""unit_c2"": 5}"
97,42,flops,,,0.059344186666666666,8901628.0,379386.0,,9107.8977,"{""activation"": ""selu"", ""batch_size"": 8, ""data_augmentation"": true, ""dr_f"": 0.440053158184, ""learning_rate"": 0.000680451921, ""new_fc_1"": 19, ""new_fc_10"": 4, ""new_fc_2"": 31, ""new_fc_3"": 28, ""new_fc_4"": 26, ""new_fc_5"": 29, ""new_fc_6"": 5, ""new_fc_7"": 27, ""new_fc_8"": 2, ""new_fc_9"": 13, ""num_neurons"": 8, ""optimizer"": ""Adagrad"", ""reg_l2"": false, ""skip_connection"": true, ""unit_c1"": 2, ""unit_c2"": 2}"
98,42,flops,,,0.05383453333333333,8075180.0,159490.0,,9108.6388,"{""activation"": ""selu"", ""batch_size"": 64, ""data_augmentation"": false, ""dr_f"": 0.035640398089, ""learning_rate"": 0.00018604586, ""new_fc_1"": 4, ""new_fc_10"": 2, ""new_fc_2"": 13, ""new_fc_3"": 20, ""new_fc_4"": 15, ""new_fc_5"": 27, ""new_fc_6"": 5, ""new_fc_7"": 10, ""new_fc_8"": 4, ""new_fc_9"": 2, ""num_neurons"": 8, ""optimizer"": ""Adadelta"", ""reg_l2"": true, ""skip_connection"": true, ""unit_c1"": 1, ""unit_c2"": 4}"
99,43,accuracy,0.8568000048398972,0.14319999516010284,0.019982693333333332,2997404.0,125790.0,-0.394245188612072,10212.9463,"{""activation"": ""elu"", ""batch_size"": 8, ""data_augmentation"": false, ""dr_f"": 0.404418980242, ""learning_rate"": 0.000453600416, ""new_fc_1"": 18, ""new_fc_10"": 5, ""new_fc_2"": 20, ""new_fc_3"": 19, ""new_fc_4"": 1, ""new_fc_5"": 24, ""new_fc_6"": 23, ""new_fc_7"": 8, ""new_fc_8"": 17, ""new_fc_9"": 5, ""num_neurons"": 4, ""optimizer"": ""Adadelta"", ""reg_l2"": true, ""skip_connection"": false, ""unit_c1"": 1, ""unit_c2"": 5}"
100,43,flops,,,21.007888613333332,3151183292.0,62116234.0,,10216.3807,"{""activation"": ""elu"", ""batch_size"": 16, ""data_augmentation"": true, ""dr_f"": 0.419464265052, ""learning_rate"": 0.000814386762, ""new_fc_1"": 24, ""new_fc_10"": 18, ""new_fc_2"": 29, ""new_fc_3"": 0, ""new_fc_4"": 8, ""new_fc_5"": 19, ""new_fc_6"": 13, ""new_fc_7"": 7, ""new_fc_8"": 1, ""new_fc_9"": 23, ""num_neurons"": 64, ""optimizer"": ""Adadelta"", ""reg_l2"": false, ""skip_connection"": false, ""unit_c1"": 4, ""unit_c2"": 8}"
101,43,flops,,,0.046641466666666666,6996220.0,231450.0,,10217.2657,"{""activation"": ""selu"", ""batch_size"": 16, ""data_augmentation"": true, ""dr_f"": 0.454120149368, ""learning_rate"": 0.000263149696, ""new_fc_1"": 28, ""new_fc_10"": 1, ""new_fc_2"": 29, ""new_fc_3"": 21, ""new_fc_4"": 5, ""new_fc_5"": 17, ""new_fc_6"": 1, ""new_fc_7"": 9, ""new_fc_8"": 3, ""new_fc_9"": 18, ""num_neurons"": 8, ""optimizer"": ""Adam"", ""reg_l2"": true, ""skip_connection"": false, ""unit_c1"": 2, ""unit_c2"": 1}"
102,43,flops,,,0.057163813333333334,8574572.0,215642.0,,10218.4965,"{""activation"": ""selu"", ""batch_size"": 8, ""data_augmentation"": false, ""dr_f"": 0.152106772269, ""learning_rate"": 0.000873273364, ""new_fc_1"": 15, ""new_fc_10"": 13, ""new_fc_2"": 22, ""new_fc_3"": 4, ""new_fc_4"": 32, ""new_fc_5"": 20, ""new_fc_6"": 3, ""new_fc_7"": 1, ""new_fc_8"": 19, ""new_fc_9"": 1, ""num_neurons"": 8, ""optimizer"": ""Adadelta"", ""reg_l2"": false, ""skip_connection"": true, ""unit_c1"": 2, ""unit_c2"": 2}"
103,43,flops,,,8.988020026666666,1348203004.0,10984842.0,,10220.1044,"{""activation"": ""relu"", ""batch_size"": 64, ""data_augmentation"": true, ""dr_f"": 0.246940700162, ""learning_rate"": 0.000959131937, ""new_fc_1"": 8, ""new_fc_10"": 28, ""new_fc_2"": 11, ""new_fc_3"": 20, ""new_fc_4"": 31, ""new_fc_5"": 14, ""new_fc_6"": 14, ""new_fc_7"": 13, ""new_fc_8"": 9, ""new_fc_9"": 3, ""num_neurons"": 64, ""optimizer"": ""SGD"", ""reg_l2"": true, ""skip_connection"": true, ""unit_c1"": 4, ""unit_c2"": 1}"
104,43,flops,,,0.05222696,7834044.0,83486.0,,10221.002,"{""activation"": ""swish"", ""batch_size"": 16, ""data_augmentation"": false, ""dr_f"": 0.264179065666, ""learning_rate"": 0.000870519892, ""new_fc_1"": 8, ""new_fc_10"": 16, ""new_fc_2"": 30, ""new_fc_3"": 8, ""new_fc_4"": 26, ""new_fc_5"": 1, ""new_fc_6"": 1, ""new_fc_7"": 5, ""new_fc_8"": 27, ""new_fc_9"": 14, ""num_neurons"": 4, ""optimizer"": ""Adam"", ""reg_l2"": true, ""skip_connection"": true, ""unit_c1"": 3, ""unit_c2"": 6}"
105,44,accuracy,10000000000.0,,21.007888613333332,3151183292.0,62116234.0,10000000000.0,10224.5044,"{""activation"": ""elu"", ""batch_size"": 16, ""data_augmentation"": true, ""dr_f"": 0.419464265052, ""learning_rate"": 0.000814386762, ""new_fc_1"": 24, ""new_fc_10"": 18, ""new_fc_2"": 29, ""new_fc_3"": 0, ""new_fc_4"": 8, ""new_fc_5"": 19, ""new_fc_6"": 13, ""new_fc_7"": 7, ""new_fc_8"": 1, ""new_fc_9"": 23, ""num_neurons"": 64, ""optimizer"": ""Adadelta"", ""reg_l2"": false, ""skip_connection"": false, ""unit_c1"": 4, ""unit_c2"": 8}"
106,44,flops,,,0.05642176,8463264.0,159854.0,,10225.4458,"{""activation"": ""relu"", ""batch_size"": 16, ""data_augmentation"": true, ""dr_f"": 0.482962092168, ""learning_rate"": 0.000203190264, ""new_fc_1"": 26, ""new_fc_10"": 16, ""new_fc_2"": 6, ""new_fc_3"": 26, ""new_fc_4"": 9, ""new_fc_5"": 26, ""new_fc_6"": 13, ""new_fc_7"": 25, ""new_fc_8"": 15, ""new_fc_9"": 31, ""num_neurons"": 4, ""optimizer"": ""SGD"", ""reg_l2"": false, ""skip_connection"": true, ""unit_c1"": 4, ""unit_c2"": 4}"
107,44,flops,,,4.698690746666666,704803612.0,16783338.0,,10227.0016,"{""activation"": ""selu"", ""batch_size"": 16, ""data_augmentation"": false, ""dr_f"": 0.115984269194, ""learning_rate"": 0.000866460333, ""new_fc_1"": 30, ""new_fc_10"": 25, ""new_fc_2"": 19, ""new_fc_3"": 9, ""new_fc_4"": 10, ""new_fc_5"": 13, ""new_fc_6"": 25, ""new_fc_7"": 13, ""new_fc_8"": 5, ""new_fc_9"": 14, ""num_neurons"": 32, ""optimizer"": ""SGD"", ""reg_l2"": true, ""skip_connection"": false, ""unit_c1"": 4, ""unit_c2"": 7}"
108,44,flops,,,4.9443268,741649020.0,49120650.0,,10230.0272,"{""activation"": ""elu"", ""batch_size"": 8, ""data_augmentation"": true, ""dr_f"": 0.471697682034, ""learning_rate"": 0.000719919734, ""new_fc_1"": 28, ""new_fc_10"": 25, ""new_fc_2"": 1, ""new_fc_3"": 3, ""new_fc_4"": 20, ""new_fc_5"": 12, ""new_fc_6"": 25, ""new_fc_7"": 29, ""new_fc_8"": 22, ""new_fc_9"": 16, ""num_neurons"": 64, ""optimizer"": ""Adadelta"", ""reg_l2"": false, ""skip_connection"": false, ""unit_c1"": 1, ""unit_c2"": 5}"
109,45,accuracy,0.6238999962806702,0.37610000371932983,0.057163813333333334,8574572.0,215642.0,-0.5461208586035309,12474.4217,"{""activation"": ""selu"", ""batch_size"": 8, ""data_augmentation"": false, ""dr_f"": 0.152106772269, ""learning_rate"": 0.000873273364, ""new_fc_1"": 15, ""new_fc_10"": 13, ""new_fc_2"": 22, ""new_fc_3"": 4, ""new_fc_4"": 32, ""new_fc_5"": 20, ""new_fc_6"": 3, ""new_fc_7"": 1, ""new_fc_8"": 19, ""new_fc_9"": 1, ""num_neurons"": 8, ""optimizer"": ""Adadelta"", ""reg_l2"": false, ""skip_connection"": true, ""unit_c1"": 2, ""unit_c2"": 2}"
110,45,flops,,,0.8272917066666666,124093756.0,4636874.0,,12475.3603,"{""activation"": ""selu"", ""batch_size"": 64, ""data_augmentation"": true, ""dr_f"": 0.419225607773, ""learning_rate"": 0.000604887649, ""new_fc_1"": 28, ""new_fc_10"": 27, ""new_fc_2"": 20, ""new_fc_3"": 1, ""new_fc_4"": 6, ""new_fc_5"": 0, ""new_fc_6"": 32, ""new_fc_7"": 18, ""new_fc_8"": 26, ""new_fc_9"": 22, ""num_neurons"": 16, ""optimizer"": ""Adamax"", ""reg_l2"": true, ""skip_connection"": false, ""unit_c1"": 2, ""unit_c2"": 8}"
111,45,flops,,,0.04449584,6674376.0,70342.0,,12476.5241,"{""activation"": ""selu"", ""batch_size"": 16, ""data_augmentation"": true, ""dr_f"": 0.319681454405, ""learning_rate"": 0.000636036356, ""new_fc_1"": 11, ""new_fc_10"": 28, ""new_fc_2"": 13, ""new_fc_3"": 8, ""new_fc_4"": 5, ""new_fc_5"": 29, ""new_fc_6"": 29, ""new_fc_7"": 20, ""new_fc_8"": 22, ""new_fc_9"": 6, ""num_neurons"": 4, ""optimizer"": ""Adagrad"", ""reg_l2"": true, ""skip_connection"": false, ""unit_c1"": 4, ""unit_c2"": 2}"
112,45,flops,,,0.02504536,3756804.0,74242.0,,12477.3785,"{""activation"": ""swish"", ""batch_size"": 64, ""data_augmentation"": false, ""dr_f"": 0.13391502033, ""learning_rate"": 0.000290613099, ""new_fc_1"": 12, ""new_fc_10"": 1, ""new_fc_2"": 0, ""new_fc_3"": 2, ""new_fc_4"": 29, ""new_fc_5"": 16, ""new_fc_6"": 7, ""new_fc_7"": 8, ""new_fc_8"": 18, ""new_fc_9"": 21, ""num_neurons"": 4, ""optimizer"": ""SGD"", ""reg_l2"": false, ""skip_connection"": true, ""unit_c1"": 2, ""unit_c2"": 4}"
113,45,flops,,,0.3916692,58750380.0,876586.0,,12478.4821,"{""activation"": ""selu"", ""batch_size"": 8, ""data_augmentation"": false, ""dr_f"": 0.083855323151, ""learning_rate"": 0.000106288507, ""new_fc_1"": 8, ""new_fc_10"": 32, ""new_fc_2"": 8, ""new_fc_3"": 30, ""new_fc_4"": 23, ""new_fc_5"": 4, ""new_fc_6"": 6, ""new_fc_7"": 8, ""new_fc_8"": 2, ""new_fc_9"": 30, ""num_neurons"": 16, ""optimizer"": ""Adadelta"", ""reg_l2"": false, ""skip_connection"": false, ""unit_c1"": 3, ""unit_c2"": 2}"
114,45,flops,,,2.87560872,431341308.0,8024234.0,,12479.8706,"{""activation"": ""selu"", ""batch_size"": 16, ""data_augmentation"": true, ""dr_f"": 0.353115561349, ""learning_rate"": 0.000934643795, ""new_fc_1"": 22, ""new_fc_10"": 19, ""new_fc_2"": 15, ""new_fc_3"": 1, ""new_fc_4"": 9, ""new_fc_5"": 29, ""new_fc_6"": 22, ""new_fc_7"": 21, ""new_fc_8"": 26, ""new_fc_9"": 22, ""num_neurons"": 32, ""optimizer"": ""Adamax"", ""reg_l2"": false, ""skip_connection"": true, ""unit_c1"": 4, ""unit_c2"": 3}"
115,46,accuracy,0.8909000009298325,0.10909999907016754,0.11466482666666666,17199724.0,566602.0,-0.34197055134911725,12624.4314,"{""activation"": ""swish"", ""batch_size"": 64, ""data_augmentation"": false, ""dr_f"": 0.209194746498, ""learning_rate"": 0.000395868485, ""new_fc_1"": 24, ""new_fc_10"": 23, ""new_fc_2"": 2, ""new_fc_3"": 17, ""new_fc_4"": 31, ""new_fc_5"": 3, ""new_fc_6"": 2, ""new_fc_7"": 1, ""new_fc_8"": 5, ""new_fc_9"": 2, ""num_neurons"": 8, ""optimizer"": ""SGD"", ""reg_l2"": true, ""skip_connection"": false, ""unit_c1"": 2, ""unit_c2"": 5}"
116,46,flops,,,3.19919208,479878812.0,9571434.0,,12625.5716,"{""activation"": ""relu"", ""batch_size"": 8, ""data_augmentation"": true, ""dr_f"": 0.307903392029, ""learning_rate"": 0.000200679292, ""new_fc_1"": 21, ""new_fc_10"": 6, ""new_fc_2"": 6, ""new_fc_3"": 7, ""new_fc_4"": 26, ""new_fc_5"": 28, ""new_fc_6"": 25, ""new_fc_7"": 20, ""new_fc_8"": 31, ""new_fc_9"": 17, ""num_neurons"": 32, ""optimizer"": ""Adagrad"", ""reg_l2"": true, ""skip_connection"": true, ""unit_c1"": 4, ""unit_c2"": 4}"
117,46,flops,,,3.14266216,471399324.0,15932170.0,,12627.271,"{""activation"": ""selu"", ""batch_size"": 8, ""data_augmentation"": false, ""dr_f"": 0.36358798128, ""learning_rate"": 0.000360096505, ""new_fc_1"": 0, ""new_fc_10"": 12, ""new_fc_2"": 32, ""new_fc_3"": 28, ""new_fc_4"": 9, ""new_fc_5"": 7, ""new_fc_6"": 28, ""new_fc_7"": 26, ""new_fc_8"": 5, ""new_fc_9"": 24, ""num_neurons"": 32, ""optimizer"": ""Adadelta"", ""reg_l2"": true, ""skip_connection"": true, ""unit_c1"": 3, ""unit_c2"": 6}"
118,46,flops,,,0.22127202666666668,33190804.0,290058.0,,12628.3639,"{""activation"": ""selu"", ""batch_size"": 32, ""data_augmentation"": false, ""dr_f"": 0.491683133418, ""learning_rate"": 0.000217000899, ""new_fc_1"": 4, ""new_fc_10"": 20, ""new_fc_2"": 32, ""new_fc_3"": 20, ""new_fc_4"": 19, ""new_fc_5"": 9, ""new_fc_6"": 31, ""new_fc_7"": 5, ""new_fc_8"": 9, ""new_fc_9"": 6, ""num_neurons"": 8, ""optimizer"": ""Adam"", ""reg_l2"": true, ""skip_connection"": false, ""unit_c1"": 3, ""unit_c2"": 7}"
119,46,flops,,,0.30498248,45747372.0,2395370.0,,12629.6964,"{""activation"": ""elu"", ""batch_size"": 32, ""data_augmentation"": false, ""dr_f"": 0.168014353429, ""learning_rate"": 0.000198083677, ""new_fc_1"": 20, ""new_fc_10"": 16, ""new_fc_2"": 10, ""new_fc_3"": 26, ""new_fc_4"": 30, ""new_fc_5"": 0, ""new_fc_6"": 11, ""new_fc_7"": 28, ""new_fc_8"": 19, ""new_fc_9"": 7, ""num_neurons"": 16, ""optimizer"": ""Adadelta"", ""reg_l2"": true, ""skip_connection"": false, ""unit_c1"": 1, ""unit_c2"": 5}"
120,46,flops,,,0.0578076,8671140.0,331586.0,,12630.494,"{""activation"": ""relu"", ""batch_size"": 8, ""data_augmentation"": false, ""dr_f"": 0.37608289365, ""learning_rate"": 0.000743171699, ""new_fc_1"": 20, ""new_fc_10"": 6, ""new_fc_2"": 1, ""new_fc_3"": 20, ""new_fc_4"": 32, ""new_fc_5"": 17, ""new_fc_6"": 17, ""new_fc_7"": 12, ""new_fc_8"": 20, ""new_fc_9"": 20, ""num_neurons"": 8, ""optimizer"": ""Adamax"", ""reg_l2"": true, ""skip_connection"": false, ""unit_c1"": 2, ""unit_c2"": 2}"
121,47,accuracy,0.8968999981880188,0.1031000018119812,0.05642176,8463264.0,159854.0,-0.35524347326838684,12954.8568,"{""activation"": ""relu"", ""batch_size"": 16, ""data_augmentation"": true, ""dr_f"": 0.482962092168, ""learning_rate"": 0.000203190264, ""new_fc_1"": 26, ""new_fc_10"": 16, ""new_fc_2"": 6, ""new_fc_3"": 26, ""new_fc_4"": 9, ""new_fc_5"": 26, ""new_fc_6"": 13, ""new_fc_7"": 25, ""new_fc_8"": 15, ""new_fc_9"": 31, ""num_neurons"": 4, ""optimizer"": ""SGD"", ""reg_l2"": false, ""skip_connection"": true, ""unit_c1"": 4, ""unit_c2"": 4}"
122,47,flops,,,0.03543858666666667,5315788.0,252002.0,,12955.781,"{""activation"": ""swish"", ""batch_size"": 8, ""data_augmentation"": true, ""dr_f"": 0.09469418064, ""learning_rate"": 0.000253157695, ""new_fc_1"": 29, ""new_fc_10"": 20, ""new_fc_2"": 5, ""new_fc_3"": 12, ""new_fc_4"": 5, ""new_fc_5"": 28, ""new_fc_6"": 26, ""new_fc_7"": 25, ""new_fc_8"": 5, ""new_fc_9"": 9, ""num_neurons"": 4, ""optimizer"": ""Adagrad"", ""reg_l2"": false, ""skip_connection"": true, ""unit_c1"": 1, ""unit_c2"": 7}"
123,47,flops,,,0.0608028,9120420.0,76994.0,,12956.8267,"{""activation"": ""elu"", ""batch_size"": 32, ""data_augmentation"": false, ""dr_f"": 0.467025594669, ""learning_rate"": 0.000951337651, ""new_fc_1"": 5, ""new_fc_10"": 31, ""new_fc_2"": 10, ""new_fc_3"": 12, ""new_fc_4"": 20, ""new_fc_5"": 0, ""new_fc_6"": 17, ""new_fc_7"": 26, ""new_fc_8"": 25, ""new_fc_9"": 12, ""num_neurons"": 4, ""optimizer"": ""Adagrad"", ""reg_l2"": true, ""skip_connection"": false, ""unit_c1"": 4, ""unit_c2"": 5}"
124,47,flops,,,17.0473796,2557106940.0,80147850.0,,12961.0472,"{""activation"": ""elu"", ""batch_size"": 64, ""data_augmentation"": false, ""dr_f"": 0.09001682628, ""learning_rate"": 0.000152450606, ""new_fc_1"": 29, ""new_fc_10"": 8, ""new_fc_2"": 32, ""new_fc_3"": 20, ""new_fc_4"": 17, ""new_fc_5"": 24, ""new_fc_6"": 14, ""new_fc_7"": 29, ""new_fc_8"": 14, ""new_fc_9"": 16, ""num_neurons"": 64, ""optimizer"": ""Adamax"", ""reg_l2"": true, ""skip_connection"": true, ""unit_c1"": 3, ""unit_c2"": 8}"
125,47,flops,,,2.58695016,388042524.0,12308874.0,,12962.6992,"{""activation"": ""selu"", ""batch_size"": 8, ""data_augmentation"": true, ""dr_f"": 0.327149087023, ""learning_rate"": 0.000215755596, ""new_fc_1"": 30, ""new_fc_10"": 14, ""new_fc_2"": 28, ""new_fc_3"": 2, ""new_fc_4"": 21, ""new_fc_5"": 13, ""new_fc_6"": 12, ""new_fc_7"": 15, ""new_fc_8"": 21, ""new_fc_9"": 3, ""num_neurons"": 32, ""optimizer"": ""Adam"", ""reg_l2"": true, ""skip_connection"": false, ""unit_c1"": 3, ""unit_c2"": 5}"
126,47,flops,,,0.02531482666666667,3797224.0,47570.0,,12963.4911,"{""activation"": ""swish"", ""batch_size"": 32, ""data_augmentation"": false, ""dr_f"": 0.217369888094, ""learning_rate"": 0.000497827509, ""new_fc_1"": 14, ""new_fc_10"": 24, ""new_fc_2"": 16, ""new_fc_3"": 7, ""new_fc_4"": 21, ""new_fc_5"": 9, ""new_fc_6"": 28, ""new_fc_7"": 5, ""new_fc_8"": 23, ""new_fc_9"": 14, ""num_neurons"": 4, ""optimizer"": ""Adamax"", ""reg_l2"": false, ""skip_connection"": false, ""unit_c1"": 3, ""unit_c2"": 1}"
127,48,accuracy,10000000000.0,,2.87560872,431341308.0,8024234.0,10000000000.0,12964.5613,"{""activation"": ""selu"", ""batch_size"": 16, ""data_augmentation"": true, ""dr_f"": 0.353115561349, ""learning_rate"": 0.000934643795, ""new_fc_1"": 22, ""new_fc_10"": 19, ""new_fc_2"": 15, ""new_fc_3"": 1, ""new_fc_4"": 9, ""new_fc_5"": 29, ""new_fc_6"": 22, ""new_fc_7"": 21, ""new_fc_8"": 26, ""new_fc_9"": 22, ""num_neurons"": 32, ""optimizer"": ""Adamax"", ""reg_l2"": false, ""skip_connection"": true, ""unit_c1"": 4, ""unit_c2"": 3}"
128,48,flops,,,0.13496130666666667,20244196.0,230418.0,,12965.4981,"{""activation"": ""selu"", ""batch_size"": 64, ""data_augmentation"": true, ""dr_f"": 0.377228158519, ""learning_rate"": 0.000964658479, ""new_fc_1"": 6, ""new_fc_10"": 1, ""new_fc_2"": 7, ""new_fc_3"": 6, ""new_fc_4"": 23, ""new_fc_5"": 6, ""new_fc_6"": 16, ""new_fc_7"": 10, ""new_fc_8"": 7, ""new_fc_9"": 15, ""num_neurons"": 8, ""optimizer"": ""Adamax"", ""reg_l2"": false, ""skip_connection"": false, ""unit_c1"": 2, ""unit_c2"": 6}"
129,48,flops,,,0.18441421333333333,27662132.0,377138.0,,12966.395,"{""activation"": ""selu"", ""batch_size"": 64, ""data_augmentation"": false, ""dr_f"": 0.476028490524, ""learning_rate"": 0.000210887662, ""new_fc_1"": 14, ""new_fc_10"": 2, ""new_fc_2"": 0, ""new_fc_3"": 23, ""new_fc_4"": 17, ""new_fc_5"": 26, ""new_fc_6"": 32, ""new_fc_7"": 23, ""new_fc_8"": 1, ""new_fc_9"": 29, ""num_neurons"": 8, ""optimizer"": ""Adamax"", ""reg_l2"": false, ""skip_connection"": false, ""unit_c1"": 4, ""unit_c2"": 3}"
130,49,accuracy,0.899899996817112,0.10010000318288803,0.35570077333333333,53355116.0,2192762.0,-0.2633597702280216,13111.0671,"{""activation"": ""relu"", ""batch_size"": 64, ""data_augmentation"": true, ""dr_f"": 0.347744216747, ""learning_rate"": 0.00042778421, ""new_fc_1"": 28, ""new_fc_10"": 19, ""new_fc_2"": 2, ""new_fc_3"": 14, ""new_fc_4"": 18, ""new_fc_5"": 23, ""new_fc_6"": 7, ""new_fc_7"": 21, ""new_fc_8"": 2, ""new_fc_9"": 1, ""num_neurons"": 16, ""optimizer"": ""SGD"", ""reg_l2"": false, ""skip_connection"": false, ""unit_c1"": 2, ""unit_c2"": 4}"
131,49,flops,,,0.66229128,99343692.0,2241146.0,,13112.009,"{""activation"": ""relu"", ""batch_size"": 64, ""data_augmentation"": true, ""dr_f"": 0.165148867725, ""learning_rate"": 0.000775530716, ""new_fc_1"": 30, ""new_fc_10"": 26, ""new_fc_2"": 18, ""new_fc_3"": 2, ""new_fc_4"": 28, ""new_fc_5"": 25, ""new_fc_6"": 31, ""new_fc_7"": 26, ""new_fc_8"": 32, ""new_fc_9"": 15, ""num_neurons"": 16, ""optimizer"": ""Adamax"", ""reg_l2"": true, ""skip_connection"": true, ""unit_c1"": 4, ""unit_c2"": 2}"
132,49,flops,,,0.28602376,42903564.0,1726122.0,,13112.8951,"{""activation"": ""relu"", ""batch_size"": 64, ""data_augmentation"": false, ""dr_f"": 0.307633727228, ""learning_rate"": 0.000401381031, ""new_fc_1"": 23, ""new_fc_10"": 19, ""new_fc_2"": 16, ""new_fc_3"": 13, ""new_fc_4"": 4, ""new_fc_5"": 13, ""new_fc_6"": 24, ""new_fc_7"": 15, ""new_fc_8"": 5, ""new_fc_9"": 29, ""num_neurons"": 16, ""optimizer"": ""Adam"", ""reg_l2"": true, ""skip_connection"": true, ""unit_c1"": 2, ""unit_c2"": 3}"
133,50,accuracy,0.646699994802475,0.353300005197525,0.30498248,45747372.0,2395370.0,-0.45581525963826747,13857.564,"{""activation"": ""elu"", ""batch_size"": 32, ""data_augmentation"": false, ""dr_f"": 0.168014353429, ""learning_rate"": 0.000198083677, ""new_fc_1"": 20, ""new_fc_10"": 16, ""new_fc_2"": 10, ""new_fc_3"": 26, ""new_fc_4"": 30, ""new_fc_5"": 0, ""new_fc_6"": 11, ""new_fc_7"": 28, ""new_fc_8"": 19, ""new_fc_9"": 7, ""num_neurons"": 16, ""optimizer"": ""Adadelta"", ""reg_l2"": true, ""skip_connection"": false, ""unit_c1"": 1, ""unit_c2"": 5}"
134,50,flops,,,0.050646133333333336,7596920.0,82098.0,,1.0848,"{""activation"": ""elu"", ""batch_size"": 32, ""data_augmentation"": false, ""dr_f"": 0.048319391731, ""learning_rate"": 0.00097859244, ""new_fc_1"": 14, ""new_fc_10"": 27, ""new_fc_2"": 13, ""new_fc_3"": 19, ""new_fc_4"": 13, ""new_fc_5"": 24, ""new_fc_6"": 3, ""new_fc_7"": 7, ""new_fc_8"": 32, ""new_fc_9"": 11, ""num_neurons"": 4, ""optimizer"": ""Adam"", ""reg_l2"": false, ""skip_connection"": true, ""unit_c1"": 4, ""unit_c2"": 3}"
135,50,flops,,,8.999925733333333,1349988860.0,11877386.0,,2.5949,"{""activation"": ""elu"", ""batch_size"": 64, ""data_augmentation"": false, ""dr_f"": 0.195333126435, ""learning_rate"": 0.000637846878, ""new_fc_1"": 14, ""new_fc_10"": 3, ""new_fc_2"": 27, ""new_fc_3"": 19, ""new_fc_4"": 6, ""new_fc_5"": 24, ""new_fc_6"": 11, ""new_fc_7"": 6, ""new_fc_8"": 20, ""new_fc_9"": 9, ""num_neurons"": 64, ""optimizer"": ""SGD"", ""reg_l2"": false, ""skip_connection"": true, ""unit_c1"": 4, ""unit_c2"": 1}"
136,51,accuracy,0.34369999170303345,0.6563000082969666,0.3476844533333333,52152668.0,1591626.0,-0.6551046698078765,628.9251,"{""activation"": ""selu"", ""batch_size"": 32, ""data_augmentation"": true, ""dr_f"": 0.484908815787, ""learning_rate"": 0.00072345, ""new_fc_1"": 15, ""new_fc_10"": 24, ""new_fc_2"": 0, ""new_fc_3"": 29, ""new_fc_4"": 6, ""new_fc_5"": 6, ""new_fc_6"": 7, ""new_fc_7"": 6, ""new_fc_8"": 32, ""new_fc_9"": 21, ""num_neurons"": 16, ""optimizer"": ""Adamax"", ""reg_l2"": false, ""skip_connection"": false, ""unit_c1"": 2, ""unit_c2"": 4}"
137,52,accuracy,0.6177999973297119,0.3822000026702881,0.08098378666666667,12147568.0,225666.0,-0.5432448658692016,1795.2313,"{""activation"": ""selu"", ""batch_size"": 16, ""data_augmentation"": true, ""dr_f"": 0.189048232007, ""learning_rate"": 0.000289153902, ""new_fc_1"": 23, ""new_fc_10"": 26, ""new_fc_2"": 16, ""new_fc_3"": 17, ""new_fc_4"": 32, ""new_fc_5"": 0, ""new_fc_6"": 12, ""new_fc_7"": 28, ""new_fc_8"": 20, ""new_fc_9"": 7, ""num_neurons"": 4, ""optimizer"": ""Adadelta"", ""reg_l2"": false, ""skip_connection"": true, ""unit_c1"": 4, ""unit_c2"": 7}"
138,53,accuracy,0.8999999985098839,0.10000000149011612,0.05222696,7834044.0,83486.0,-0.35433191304308126,2240.9505,"{""activation"": ""swish"", ""batch_size"": 16, ""data_augmentation"": false, ""dr_f"": 0.264179065666, ""learning_rate"": 0.000870519892, ""new_fc_1"": 8, ""new_fc_10"": 16, ""new_fc_2"": 30, ""new_fc_3"": 8, ""new_fc_4"": 26, ""new_fc_5"": 1, ""new_fc_6"": 1, ""new_fc_7"": 5, ""new_fc_8"": 27, ""new_fc_9"": 14, ""num_neurons"": 4, ""optimizer"": ""Adam"", ""reg_l2"": true, ""skip_connection"": true, ""unit_c1"": 3, ""unit_c2"": 6}"
139,54,accuracy,0.3449000120162964,0.6550999879837036,0.018342213333333333,2751332.0,201530.0,-0.7530673275885925,2627.2461,"{""activation"": ""swish"", ""batch_size"": 64, ""data_augmentation"": false, ""dr_f"": 0.437015503809, ""learning_rate"": 0.000549838663, ""new_fc_1"": 13, ""new_fc_10"": 0, ""new_fc_2"": 30, ""new_fc_3"": 30, ""new_fc_4"": 10, ""new_fc_5"": 25, ""new_fc_6"": 7, ""new_fc_7"": 22, ""new_fc_8"": 4, ""new_fc_9"": 2, ""num_neurons"": 8, ""optimizer"": ""Adam"", ""reg_l2"": false, ""skip_connection"": true, ""unit_c1"": 1, ""unit_c2"": 1}"
140,54,flops,,,0.18755005333333333,28132508.0,1672826.0,,2628.2825,"{""activation"": ""selu"", ""batch_size"": 32, ""data_augmentation"": true, ""dr_f"": 0.202730875579, ""learning_rate"": 0.000554355189, ""new_fc_1"": 29, ""new_fc_10"": 18, ""new_fc_2"": 16, ""new_fc_3"": 10, ""new_fc_4"": 12, ""new_fc_5"": 26, ""new_fc_6"": 26, ""new_fc_7"": 32, ""new_fc_8"": 26, ""new_fc_9"": 27, ""num_neurons"": 16, ""optimizer"": ""Adagrad"", ""reg_l2"": true, ""skip_connection"": true, ""unit_c1"": 2, ""unit_c2"": 1}"
141,54,flops,,,0.047440453333333334,7116068.0,153306.0,,2629.3829,"{""activation"": ""swish"", ""batch_size"": 32, ""data_augmentation"": true, ""dr_f"": 0.152601786397, ""learning_rate"": 0.000399678566, ""new_fc_1"": 16, ""new_fc_10"": 25, ""new_fc_2"": 20, ""new_fc_3"": 0, ""new_fc_4"": 9, ""new_fc_5"": 22, ""new_fc_6"": 7, ""new_fc_7"": 6, ""new_fc_8"": 21, ""new_fc_9"": 5, ""num_neurons"": 8, ""optimizer"": ""SGD"", ""reg_l2"": true, ""skip_connection"": true, ""unit_c1"": 2, ""unit_c2"": 1}"
142,54,flops,,,0.06373976,9560964.0,145054.0,,2630.314,"{""activation"": ""relu"", ""batch_size"": 8, ""data_augmentation"": true, ""dr_f"": 0.246769549378, ""learning_rate"": 0.000142315402, ""new_fc_1"": 20, ""new_fc_10"": 8, ""new_fc_2"": 18, ""new_fc_3"": 27, ""new_fc_4"": 26, ""new_fc_5"": 8, ""new_fc_6"": 15, ""new_fc_7"": 3, ""new_fc_8"": 10, ""new_fc_9"": 3, ""num_neurons"": 4, ""optimizer"": ""Adam"", ""reg_l2"": true, ""skip_connection"": true, ""unit_c1"": 4, ""unit_c2"": 5}"
143,54,flops,,,0.052779733333333335,7916960.0,80238.0,,2631.3286,"{""activation"": ""elu"", ""batch_size"": 16, ""data_augmentation"": true, ""dr_f"": 0.080242482883, ""learning_rate"": 0.000692922047, ""new_fc_1"": 5, ""new_fc_10"": 11, ""new_fc_2"": 7, ""new_fc_3"": 27, ""new_fc_4"": 5, ""new_fc_5"": 8, ""new_fc_6"": 18, ""new_fc_7"": 22, ""new_fc_8"": 11, ""new_fc_9"": 19, ""num_neurons"": 4, ""optimizer"": ""SGD"", ""reg_l2"": true, ""skip_connection"": true, ""unit_c1"": 2, ""unit_c2"": 8}"
144,55,accuracy,0.8999999985098839,0.10000000149011612,0.06373976,9560964.0,145054.0,-0.3508780730430813,3376.5744,"{""activation"": ""relu"", ""batch_size"": 8, ""data_augmentation"": true, ""dr_f"": 0.246769549378, ""learning_rate"": 0.000142315402, ""new_fc_1"": 20, ""new_fc_10"": 8, ""new_fc_2"": 18, ""new_fc_3"": 27, ""new_fc_4"": 26, ""new_fc_5"": 8, ""new_fc_6"": 15, ""new_fc_7"": 3, ""new_fc_8"": 10, ""new_fc_9"": 3, ""num_neurons"": 4, ""optimizer"": ""Adam"", ""reg_l2"": true, ""skip_connection"": true, ""unit_c1"": 4, ""unit_c2"": 5}"
145,56,accuracy,10000000000.0,,9.76438056,1464657084.0,15333322.0,10000000000.0,3379.4071,"{""activation"": ""swish"", ""batch_size"": 8, ""data_augmentation"": true, ""dr_f"": 0.349562145833, ""learning_rate"": 0.000133487226, ""new_fc_1"": 1, ""new_fc_10"": 26, ""new_fc_2"": 32, ""new_fc_3"": 2, ""new_fc_4"": 23, ""new_fc_5"": 7, ""new_fc_6"": 7, ""new_fc_7"": 19, ""new_fc_8"": 30, ""new_fc_9"": 27, ""num_neurons"": 64, ""optimizer"": ""SGD"", ""reg_l2"": false, ""skip_connection"": false, ""unit_c1"": 1, ""unit_c2"": 8}"
146,57,accuracy,0.670199990272522,0.329800009727478,0.08133386666666667,12200080.0,251922.0,-0.5064598468092346,4005.0912,"{""activation"": ""elu"", ""batch_size"": 32, ""data_augmentation"": false, ""dr_f"": 0.300224192547, ""learning_rate"": 0.000379033678, ""new_fc_1"": 27, ""new_fc_10"": 4, ""new_fc_2"": 29, ""new_fc_3"": 3, ""new_fc_4"": 24, ""new_fc_5"": 5, ""new_fc_6"": 16, ""new_fc_7"": 23, ""new_fc_8"": 20, ""new_fc_9"": 30, ""num_neurons"": 4, ""optimizer"": ""SGD"", ""reg_l2"": false, ""skip_connection"": true, ""unit_c1"": 4, ""unit_c2"": 7}"
147,58,accuracy,0.2979000210762024,0.7020999789237976,0.050646133333333336,7596920.0,82098.0,-0.7762761452466582,4329.5438,"{""activation"": ""elu"", ""batch_size"": 32, ""data_augmentation"": false, ""dr_f"": 0.048319391731, ""learning_rate"": 0.00097859244, ""new_fc_1"": 14, ""new_fc_10"": 27, ""new_fc_2"": 13, ""new_fc_3"": 19, ""new_fc_4"": 13, ""new_fc_5"": 24, ""new_fc_6"": 3, ""new_fc_7"": 7, ""new_fc_8"": 32, ""new_fc_9"": 11, ""num_neurons"": 4, ""optimizer"": ""Adam"", ""reg_l2"": false, ""skip_connection"": true, ""unit_c1"": 4, ""unit_c2"": 3}"
148,58,flops,,,18.54256808,2781385212.0,25440138.0,,4331.5656,"{""activation"": ""relu"", ""batch_size"": 16, ""data_augmentation"": true, ""dr_f"": 0.231685559263, ""learning_rate"": 0.000689975855, ""new_fc_1"": 9, ""new_fc_10"": 29, ""new_fc_2"": 0, ""new_fc_3"": 27, ""new_fc_4"": 11, ""new_fc_5"": 13, ""new_fc_6"": 11, ""new_fc_7"": 28, ""new_fc_8"": 0, ""new_fc_9"": 3, ""num_neurons"": 64, ""optimizer"": ""Adam"", ""reg_l2"": false, ""skip_connection"": true, ""unit_c1"": 4, ""unit_c2"": 7}"
149,59,accuracy,0.2864000201225281,0.7135999798774719,0.045997093333333336,6899564.0,82786.0,-0.7857208579142303,4776.4652,"{""activation"": ""selu"", ""batch_size"": 64, ""data_augmentation"": true, ""dr_f"": 0.174554111721, ""learning_rate"": 0.000916262703, ""new_fc_1"": 17, ""new_fc_10"": 18, ""new_fc_2"": 10, ""new_fc_3"": 20, ""new_fc_4"": 20, ""new_fc_5"": 13, ""new_fc_6"": 20, ""new_fc_7"": 19, ""new_fc_8"": 21, ""new_fc_9"": 14, ""num_neurons"": 4, ""optimizer"": ""Adamax"", ""reg_l2"": false, ""skip_connection"": true, ""unit_c1"": 4, ""unit_c2"": 2}"
150,59,flops,,,0.06792624,10188936.0,58910.0,,4777.5012,"{""activation"": ""relu"", ""batch_size"": 16, ""data_augmentation"": false, ""dr_f"": 0.458551232306, ""learning_rate"": 0.000948271184, ""new_fc_1"": 1, ""new_fc_10"": 5, ""new_fc_2"": 6, ""new_fc_3"": 31, ""new_fc_4"": 26, ""new_fc_5"": 29, ""new_fc_6"": 9, ""new_fc_7"": 7, ""new_fc_8"": 30, ""new_fc_9"": 7, ""num_neurons"": 4, ""optimizer"": ""Adam"", ""reg_l2"": false, ""skip_connection"": false, ""unit_c1"": 4, ""unit_c2"": 6}"
151,60,accuracy,0.8999999985098839,0.10000000149011612,0.03543858666666667,5315788.0,252002.0,-0.3593684250430813,5583.4083,"{""activation"": ""swish"", ""batch_size"": 8, ""data_augmentation"": true, ""dr_f"": 0.09469418064, ""learning_rate"": 0.000253157695, ""new_fc_1"": 29, ""new_fc_10"": 20, ""new_fc_2"": 5, ""new_fc_3"": 12, ""new_fc_4"": 5, ""new_fc_5"": 28, ""new_fc_6"": 26, ""new_fc_7"": 25, ""new_fc_8"": 5, ""new_fc_9"": 9, ""num_neurons"": 4, ""optimizer"": ""Adagrad"", ""reg_l2"": false, ""skip_connection"": true, ""unit_c1"": 1, ""unit_c2"": 7}"
152,60,flops,,,6.615893733333333,992384060.0,61660106.0,,5586.8391,"{""activation"": ""selu"", ""batch_size"": 8, ""data_augmentation"": false, ""dr_f"": 0.403800185285, ""learning_rate"": 0.000311920636, ""new_fc_1"": 32, ""new_fc_10"": 1, ""new_fc_2"": 3, ""new_fc_3"": 32, ""new_fc_4"": 5, ""new_fc_5"": 29, ""new_fc_6"": 10, ""new_fc_7"": 18, ""new_fc_8"": 30, ""new_fc_9"": 28, ""num_neurons"": 64, ""optimizer"": ""SGD"", ""reg_l2"": false, ""skip_connection"": false, ""unit_c1"": 1, ""unit_c2"": 6}"
153,61,accuracy,0.24949997663497925,0.7505000233650208,0.7992017866666666,119880268.0,1268538.0,-0.5855894803555145,6152.9722,"{""activation"": ""relu"", ""batch_size"": 64, ""data_augmentation"": false, ""dr_f"": 0.151883892796, ""learning_rate"": 0.000724684216, ""new_fc_1"": 8, ""new_fc_10"": 17, ""new_fc_2"": 32, ""new_fc_3"": 21, ""new_fc_4"": 28, ""new_fc_5"": 15, ""new_fc_6"": 15, ""new_fc_7"": 2, ""new_fc_8"": 31, ""new_fc_9"": 4, ""num_neurons"": 16, ""optimizer"": ""Adamax"", ""reg_l2"": false, ""skip_connection"": true, ""unit_c1"": 4, ""unit_c2"": 4}"
154,61,flops,,,0.14023336,21035004.0,626362.0,,6153.9097,"{""activation"": ""relu"", ""batch_size"": 32, ""data_augmentation"": true, ""dr_f"": 0.110014460041, ""learning_rate"": 0.000912951684, ""new_fc_1"": 4, ""new_fc_10"": 2, ""new_fc_2"": 31, ""new_fc_3"": 0, ""new_fc_4"": 16, ""new_fc_5"": 1, ""new_fc_6"": 14, ""new_fc_7"": 26, ""new_fc_8"": 17, ""new_fc_9"": 5, ""num_neurons"": 16, ""optimizer"": ""Adam"", ""reg_l2"": true, ""skip_connection"": false, ""unit_c1"": 1, ""unit_c2"": 3}"
155,62,accuracy,0.9015000015497208,0.09849999845027924,0.04570221333333333,6855332.0,184326.0,-0.35523933491519544,6598.7936,"{""activation"": ""selu"", ""batch_size"": 16, ""data_augmentation"": true, ""dr_f"": 0.412809718396, ""learning_rate"": 0.000139377044, ""new_fc_1"": 22, ""new_fc_10"": 9, ""new_fc_2"": 3, ""new_fc_3"": 30, ""new_fc_4"": 15, ""new_fc_5"": 14, ""new_fc_6"": 6, ""new_fc_7"": 8, ""new_fc_8"": 2, ""new_fc_9"": 1, ""num_neurons"": 4, ""optimizer"": ""Adadelta"", ""reg_l2"": true, ""skip_connection"": true, ""unit_c1"": 2, ""unit_c2"": 7}"
156,63,accuracy,0.46299999952316284,0.5370000004768372,0.15791576,23687364.0,422074.0,-0.628525272333786,7763.6238,"{""activation"": ""selu"", ""batch_size"": 16, ""data_augmentation"": true, ""dr_f"": 0.099583188354, ""learning_rate"": 0.000807870004, ""new_fc_1"": 6, ""new_fc_10"": 24, ""new_fc_2"": 24, ""new_fc_3"": 28, ""new_fc_4"": 12, ""new_fc_5"": 11, ""new_fc_6"": 26, ""new_fc_7"": 7, ""new_fc_8"": 12, ""new_fc_9"": 27, ""num_neurons"": 8, ""optimizer"": ""Adadelta"", ""reg_l2"": false, ""skip_connection"": false, ""unit_c1"": 1, ""unit_c2"": 8}"
157,63,flops,,,11.171518693333333,1675727804.0,15271626.0,,7765.2563,"{""activation"": ""swish"", ""batch_size"": 32, ""data_augmentation"": false, ""dr_f"": 0.251945349916, ""learning_rate"": 0.000595059848, ""new_fc_1"": 2, ""new_fc_10"": 22, ""new_fc_2"": 7, ""new_fc_3"": 23, ""new_fc_4"": 16, ""new_fc_5"": 21, ""new_fc_6"": 30, ""new_fc_7"": 4, ""new_fc_8"": 28, ""new_fc_9"": 25, ""num_neurons"": 64, ""optimizer"": ""Adam"", ""reg_l2"": false, ""skip_connection"": true, ""unit_c1"": 4, ""unit_c2"": 3}"
158,63,flops,,,0.04371650666666667,6557476.0,35398.0,,7766.2192,"{""activation"": ""relu"", ""batch_size"": 8, ""data_augmentation"": true, ""dr_f"": 0.355581014282, ""learning_rate"": 0.000128880494, ""new_fc_1"": 1, ""new_fc_10"": 5, ""new_fc_2"": 17, ""new_fc_3"": 21, ""new_fc_4"": 19, ""new_fc_5"": 1, ""new_fc_6"": 2, ""new_fc_7"": 23, ""new_fc_8"": 4, ""new_fc_9"": 17, ""num_neurons"": 4, ""optimizer"": ""Adagrad"", ""reg_l2"": true, ""skip_connection"": true, ""unit_c1"": 2, ""unit_c2"": 7}"
159,63,flops,,,0.46268605333333335,69402908.0,1496666.0,,7767.0369,"{""activation"": ""selu"", ""batch_size"": 32, ""data_augmentation"": false, ""dr_f"": 0.273517849908, ""learning_rate"": 0.000593068498, ""new_fc_1"": 16, ""new_fc_10"": 0, ""new_fc_2"": 12, ""new_fc_3"": 22, ""new_fc_4"": 25, ""new_fc_5"": 10, ""new_fc_6"": 0, ""new_fc_7"": 31, ""new_fc_8"": 15, ""new_fc_9"": 31, ""num_neurons"": 16, ""optimizer"": ""Adadelta"", ""reg_l2"": false, ""skip_connection"": false, ""unit_c1"": 3, ""unit_c2"": 3}"
160,64,accuracy,10000000000.0,,1.15590216,173385324.0,1834138.0,10000000000.0,7768.6092,"{""activation"": ""elu"", ""batch_size"": 16, ""data_augmentation"": true, ""dr_f"": 0.37409383492, ""learning_rate"": 0.000536043556, ""new_fc_1"": 10, ""new_fc_10"": 14, ""new_fc_2"": 22, ""new_fc_3"": 23, ""new_fc_4"": 14, ""new_fc_5"": 12, ""new_fc_6"": 24, ""new_fc_7"": 3, ""new_fc_8"": 2, ""new_fc_9"": 15, ""num_neurons"": 16, ""optimizer"": ""Adam"", ""reg_l2"": false, ""skip_connection"": false, ""unit_c1"": 4, ""unit_c2"": 7}"
161,65,accuracy,0.8960999995470047,0.1039000004529953,0.02504536,3756804.0,74242.0,-0.3652163923170967,7913.242,"{""activation"": ""swish"", ""batch_size"": 64, ""data_augmentation"": false, ""dr_f"": 0.13391502033, ""learning_rate"": 0.000290613099, ""new_fc_1"": 12, ""new_fc_10"": 1, ""new_fc_2"": 0, ""new_fc_3"": 2, ""new_fc_4"": 29, ""new_fc_5"": 16, ""new_fc_6"": 7, ""new_fc_7"": 8, ""new_fc_8"": 18, ""new_fc_9"": 21, ""num_neurons"": 4, ""optimizer"": ""SGD"", ""reg_l2"": false, ""skip_connection"": true, ""unit_c1"": 2, ""unit_c2"": 4}"
162,66,accuracy,0.3709999918937683,0.6290000081062317,0.25587682666666667,38381524.0,238410.0,-0.6635369576743622,9019.3038,"{""activation"": ""selu"", ""batch_size"": 16, ""data_augmentation"": false, ""dr_f"": 0.087255804234, ""learning_rate"": 0.000927999926, ""new_fc_1"": 2, ""new_fc_10"": 9, ""new_fc_2"": 13, ""new_fc_3"": 8, ""new_fc_4"": 22, ""new_fc_5"": 15, ""new_fc_6"": 0, ""new_fc_7"": 7, ""new_fc_8"": 28, ""new_fc_9"": 23, ""num_neurons"": 8, ""optimizer"": ""Adagrad"", ""reg_l2"": true, ""skip_connection"": false, ""unit_c1"": 3, ""unit_c2"": 8}"
163,66,flops,,,14.587245626666666,2188086844.0,68017802.0,,9023.0028,"{""activation"": ""selu"", ""batch_size"": 16, ""data_augmentation"": false, ""dr_f"": 0.035210381898, ""learning_rate"": 0.000318092384, ""new_fc_1"": 27, ""new_fc_10"": 31, ""new_fc_2"": 28, ""new_fc_3"": 17, ""new_fc_4"": 27, ""new_fc_5"": 0, ""new_fc_6"": 32, ""new_fc_7"": 13, ""new_fc_8"": 17, ""new_fc_9"": 12, ""num_neurons"": 64, ""optimizer"": ""Adadelta"", ""reg_l2"": false, ""skip_connection"": true, ""unit_c1"": 3, ""unit_c2"": 7}"
164,67,accuracy,10000000000.0,,3.23484136,485226204.0,10161450.0,10000000000.0,9025.6115,"{""activation"": ""swish"", ""batch_size"": 8, ""data_augmentation"": true, ""dr_f"": 0.127325490074, ""learning_rate"": 0.000593990839, ""new_fc_1"": 14, ""new_fc_10"": 28, ""new_fc_2"": 6, ""new_fc_3"": 31, ""new_fc_4"": 22, ""new_fc_5"": 9, ""new_fc_6"": 7, ""new_fc_7"": 22, ""new_fc_8"": 12, ""new_fc_9"": 0, ""num_neurons"": 32, ""optimizer"": ""Adamax"", ""reg_l2"": false, ""skip_connection"": true, ""unit_c1"": 2, ""unit_c2"": 8}"
165,67,flops,,,7.16112808,1074169212.0,42326666.0,,9028.188,"{""activation"": ""selu"", ""batch_size"": 32, ""data_augmentation"": false, ""dr_f"": 0.097599386013, ""learning_rate"": 0.000788576525, ""new_fc_1"": 24, ""new_fc_10"": 6, ""new_fc_2"": 25, ""new_fc_3"": 12, ""new_fc_4"": 3, ""new_fc_5"": 17, ""new_fc_6"": 23, ""new_fc_7"": 14, ""new_fc_8"": 15, ""new_fc_9"": 18, ""num_neurons"": 64, ""optimizer"": ""Adagrad"", ""reg_l2"": false, ""skip_connection"": true, ""unit_c1"": 2, ""unit_c2"": 5}"
166,68,accuracy,0.8995999991893768,0.10040000081062317,0.90088872,135133308.0,2032458.0,-0.10001338456743622,9354.5014,"{""activation"": ""swish"", ""batch_size"": 32, ""data_augmentation"": true, ""dr_f"": 0.21268246912, ""learning_rate"": 0.000527289529, ""new_fc_1"": 12, ""new_fc_10"": 24, ""new_fc_2"": 17, ""new_fc_3"": 8, ""new_fc_4"": 22, ""new_fc_5"": 0, ""new_fc_6"": 24, ""new_fc_7"": 20, ""new_fc_8"": 12, ""new_fc_9"": 1, ""num_neurons"": 16, ""optimizer"": ""Adagrad"", ""reg_l2"": true, ""skip_connection"": true, ""unit_c1"": 3, ""unit_c2"": 7}"
167,69,accuracy,0.8999999985098839,0.10000000149011612,0.0578076,8671140.0,331586.0,-0.3526577210430813,10099.4609,"{""activation"": ""relu"", ""batch_size"": 8, ""data_augmentation"": false, ""dr_f"": 0.37608289365, ""learning_rate"": 0.000743171699, ""new_fc_1"": 20, ""new_fc_10"": 6, ""new_fc_2"": 1, ""new_fc_3"": 20, ""new_fc_4"": 32, ""new_fc_5"": 17, ""new_fc_6"": 17, ""new_fc_7"": 12, ""new_fc_8"": 20, ""new_fc_9"": 20, ""num_neurons"": 8, ""optimizer"": ""Adamax"", ""reg_l2"": true, ""skip_connection"": false, ""unit_c1"": 2, ""unit_c2"": 2}"
168,69,flops,,,0.14117970666666665,21176956.0,461218.0,,10100.7759,"{""activation"": ""elu"", ""batch_size"": 8, ""data_augmentation"": true, ""dr_f"": 0.362498626054, ""learning_rate"": 0.000437609386, ""new_fc_1"": 21, ""new_fc_10"": 2, ""new_fc_2"": 12, ""new_fc_3"": 24, ""new_fc_4"": 12, ""new_fc_5"": 4, ""new_fc_6"": 11, ""new_fc_7"": 30, ""new_fc_8"": 3, ""new_fc_9"": 25, ""num_neurons"": 8, ""optimizer"": ""SGD"", ""reg_l2"": false, ""skip_connection"": false, ""unit_c1"": 3, ""unit_c2"": 4}"
169,70,accuracy,0.8968999981880188,0.1031000018119812,0.046641466666666666,6996220.0,231450.0,-0.35817756126838685,10485.6692,"{""activation"": ""selu"", ""batch_size"": 16, ""data_augmentation"": true, ""dr_f"": 0.454120149368, ""learning_rate"": 0.000263149696, ""new_fc_1"": 28, ""new_fc_10"": 1, ""new_fc_2"": 29, ""new_fc_3"": 21, ""new_fc_4"": 5, ""new_fc_5"": 17, ""new_fc_6"": 1, ""new_fc_7"": 9, ""new_fc_8"": 3, ""new_fc_9"": 18, ""num_neurons"": 8, ""optimizer"": ""Adam"", ""reg_l2"": true, ""skip_connection"": false, ""unit_c1"": 2, ""unit_c2"": 1}"
170,71,accuracy,0.42419999837875366,0.5758000016212463,0.02531482666666667,3797224.0,47570.0,-0.6954655531348723,11170.5551,"{""activation"": ""swish"", ""batch_size"": 32, ""data_augmentation"": false, ""dr_f"": 0.217369888094, ""learning_rate"": 0.000497827509, ""new_fc_1"": 14, ""new_fc_10"": 24, ""new_fc_2"": 16, ""new_fc_3"": 7, ""new_fc_4"": 21, ""new_fc_5"": 9, ""new_fc_6"": 28, ""new_fc_7"": 5, ""new_fc_8"": 23, ""new_fc_9"": 14, ""num_neurons"": 4, ""optimizer"": ""Adamax"", ""reg_l2"": false, ""skip_connection"": false, ""unit_c1"": 3, ""unit_c2"": 1}"
171,71,flops,,,0.0518284,7774260.0,53622.0,,11171.8291,"{""activation"": ""swish"", ""batch_size"": 8, ""data_augmentation"": true, ""dr_f"": 0.407160606594, ""learning_rate"": 0.00098084405, ""new_fc_1"": 3, ""new_fc_10"": 24, ""new_fc_2"": 2, ""new_fc_3"": 16, ""new_fc_4"": 16, ""new_fc_5"": 31, ""new_fc_6"": 12, ""new_fc_7"": 5, ""new_fc_8"": 4, ""new_fc_9"": 9, ""num_neurons"": 4, ""optimizer"": ""Adadelta"", ""reg_l2"": true, ""skip_connection"": true, ""unit_c1"": 3, ""unit_c2"": 6}"
172,71,flops,,,0.2841185866666667,42617788.0,1582810.0,,11172.9716,"{""activation"": ""selu"", ""batch_size"": 16, ""data_augmentation"": true, ""dr_f"": 0.411735333463, ""learning_rate"": 0.000176577205, ""new_fc_1"": 0, ""new_fc_10"": 7, ""new_fc_2"": 26, ""new_fc_3"": 12, ""new_fc_4"": 7, ""new_fc_5"": 15, ""new_fc_6"": 3, ""new_fc_7"": 6, ""new_fc_8"": 10, ""new_fc_9"": 22, ""num_neurons"": 16, ""optimizer"": ""Adagrad"", ""reg_l2"": false, ""skip_connection"": true, ""unit_c1"": 2, ""unit_c2"": 3}"
173,72,accuracy,0.8999999985098839,0.10000000149011612,0.00547832,821748.0,72374.0,-0.36835650504308126,11378.7978,"{""activation"": ""elu"", ""batch_size"": 32, ""data_augmentation"": true, ""dr_f"": 0.132431426778, ""learning_rate"": 0.00089911653, ""new_fc_1"": 4, ""new_fc_10"": 21, ""new_fc_2"": 25, ""new_fc_3"": 12, ""new_fc_4"": 28, ""new_fc_5"": 10, ""new_fc_6"": 30, ""new_fc_7"": 29, ""new_fc_8"": 29, ""new_fc_9"": 22, ""num_neurons"": 4, ""optimizer"": ""Adamax"", ""reg_l2"": true, ""skip_connection"": false, ""unit_c1"": 1, ""unit_c2"": 1}"
174,73,accuracy,0.2505999803543091,0.7494000196456909,0.35233042666666664,52849564.0,1347994.0,-0.7188808857519836,11884.9369,"{""activation"": ""swish"", ""batch_size"": 32, ""data_augmentation"": true, ""dr_f"": 0.268202602961, ""learning_rate"": 0.000400733191, ""new_fc_1"": 8, ""new_fc_10"": 17, ""new_fc_2"": 16, ""new_fc_3"": 17, ""new_fc_4"": 25, ""new_fc_5"": 24, ""new_fc_6"": 19, ""new_fc_7"": 30, ""new_fc_8"": 26, ""new_fc_9"": 32, ""num_neurons"": 16, ""optimizer"": ""Adam"", ""reg_l2"": false, ""skip_connection"": false, ""unit_c1"": 3, ""unit_c2"": 1}"
175,74,accuracy,0.8960999995470047,0.1039000004529953,0.047440453333333334,7116068.0,153306.0,-0.3584978643170967,12149.9143,"{""activation"": ""swish"", ""batch_size"": 32, ""data_augmentation"": true, ""dr_f"": 0.152601786397, ""learning_rate"": 0.000399678566, ""new_fc_1"": 16, ""new_fc_10"": 25, ""new_fc_2"": 20, ""new_fc_3"": 0, ""new_fc_4"": 9, ""new_fc_5"": 22, ""new_fc_6"": 7, ""new_fc_7"": 6, ""new_fc_8"": 21, ""new_fc_9"": 5, ""num_neurons"": 8, ""optimizer"": ""SGD"", ""reg_l2"": true, ""skip_connection"": true, ""unit_c1"": 2, ""unit_c2"": 1}"
176,75,accuracy,0.4115999937057495,0.5884000062942505,0.9826568266666666,147398524.0,15302282.0,-0.4170829564059753,13256.524,"{""activation"": ""elu"", ""batch_size"": 32, ""data_augmentation"": false, ""dr_f"": 0.299939898997, ""learning_rate"": 0.000802605357, ""new_fc_1"": 4, ""new_fc_10"": 29, ""new_fc_2"": 25, ""new_fc_3"": 31, ""new_fc_4"": 16, ""new_fc_5"": 28, ""new_fc_6"": 14, ""new_fc_7"": 12, ""new_fc_8"": 26, ""new_fc_9"": 0, ""num_neurons"": 64, ""optimizer"": ""SGD"", ""reg_l2"": true, ""skip_connection"": false, ""unit_c1"": 1, ""unit_c2"": 1}"
177,76,accuracy,0.8999999985098839,0.10000000149011612,0.21087197333333332,31630796.0,743002.0,-0.3067384090430813,145.8115,"{""activation"": ""elu"", ""batch_size"": 64, ""data_augmentation"": false, ""dr_f"": 0.428340816234, ""learning_rate"": 0.000924025894, ""new_fc_1"": 0, ""new_fc_10"": 21, ""new_fc_2"": 15, ""new_fc_3"": 3, ""new_fc_4"": 1, ""new_fc_5"": 28, ""new_fc_6"": 3, ""new_fc_7"": 7, ""new_fc_8"": 30, ""new_fc_9"": 9, ""num_neurons"": 16, ""optimizer"": ""Adam"", ""reg_l2"": true, ""skip_connection"": false, ""unit_c1"": 2, ""unit_c2"": 2}"
178,76,flops,,,14.72732968,2209099452.0,47846730.0,,148.7631,"{""activation"": ""swish"", ""batch_size"": 16, ""data_augmentation"": true, ""dr_f"": 0.044462637272, ""learning_rate"": 0.000670685531, ""new_fc_1"": 28, ""new_fc_10"": 14, ""new_fc_2"": 7, ""new_fc_3"": 32, ""new_fc_4"": 16, ""new_fc_5"": 30, ""new_fc_6"": 5, ""new_fc_7"": 24, ""new_fc_8"": 3, ""new_fc_9"": 23, ""num_neurons"": 64, ""optimizer"": ""Adamax"", ""reg_l2"": false, ""skip_connection"": true, ""unit_c1"": 4, ""unit_c2"": 5}"
179,77,accuracy,0.6996999979019165,0.3003000020980835,0.11937864,17906796.0,196706.0,-0.4743964094686584,953.9176,"{""activation"": ""selu"", ""batch_size"": 16, ""data_augmentation"": true, ""dr_f"": 0.292489823016, ""learning_rate"": 0.000324147784, ""new_fc_1"": 3, ""new_fc_10"": 14, ""new_fc_2"": 9, ""new_fc_3"": 25, ""new_fc_4"": 31, ""new_fc_5"": 19, ""new_fc_6"": 8, ""new_fc_7"": 12, ""new_fc_8"": 3, ""new_fc_9"": 18, ""num_neurons"": 8, ""optimizer"": ""Adagrad"", ""reg_l2"": true, ""skip_connection"": true, ""unit_c1"": 3, ""unit_c2"": 3}"
180,78,accuracy,0.36619997024536133,0.6338000297546387,0.02583584,3875376.0,158838.0,-0.7359092688282469,1519.9331,"{""activation"": ""elu"", ""batch_size"": 32, ""data_augmentation"": true, ""dr_f"": 0.047151615655, ""learning_rate"": 0.000545184269, ""new_fc_1"": 14, ""new_fc_10"": 30, ""new_fc_2"": 32, ""new_fc_3"": 32, ""new_fc_4"": 27, ""new_fc_5"": 26, ""new_fc_6"": 24, ""new_fc_7"": 23, ""new_fc_8"": 19, ""new_fc_9"": 26, ""num_neurons"": 4, ""optimizer"": ""SGD"", ""reg_l2"": false, ""skip_connection"": true, ""unit_c1"": 2, ""unit_c2"": 4}"
181,78,flops,,,0.23395154666666668,35092732.0,2606554.0,,1521.03,"{""activation"": ""elu"", ""batch_size"": 64, ""data_augmentation"": true, ""dr_f"": 0.31311712604, ""learning_rate"": 0.000592166242, ""new_fc_1"": 28, ""new_fc_10"": 6, ""new_fc_2"": 21, ""new_fc_3"": 14, ""new_fc_4"": 11, ""new_fc_5"": 19, ""new_fc_6"": 28, ""new_fc_7"": 9, ""new_fc_8"": 17, ""new_fc_9"": 27, ""num_neurons"": 16, ""optimizer"": ""Adadelta"", ""reg_l2"": false, ""skip_connection"": true, ""unit_c1"": 1, ""unit_c2"": 4}"
182,79,accuracy,0.6660999953746796,0.33390000462532043,0.18441421333333333,27662132.0,377138.0,-0.4784057392377243,1845.576,"{""activation"": ""selu"", ""batch_size"": 64, ""data_augmentation"": false, ""dr_f"": 0.476028490524, ""learning_rate"": 0.000210887662, ""new_fc_1"": 14, ""new_fc_10"": 2, ""new_fc_2"": 0, ""new_fc_3"": 23, ""new_fc_4"": 17, ""new_fc_5"": 26, ""new_fc_6"": 32, ""new_fc_7"": 23, ""new_fc_8"": 1, ""new_fc_9"": 29, ""num_neurons"": 8, ""optimizer"": ""Adamax"", ""reg_l2"": false, ""skip_connection"": false, ""unit_c1"": 4, ""unit_c2"": 3}"
183,79,flops,,,5.395653093333333,809347964.0,15046090.0,,1847.0758,"{""activation"": ""swish"", ""batch_size"": 32, ""data_augmentation"": false, ""dr_f"": 0.092096166409, ""learning_rate"": 0.00042446206, ""new_fc_1"": 5, ""new_fc_10"": 11, ""new_fc_2"": 31, ""new_fc_3"": 13, ""new_fc_4"": 5, ""new_fc_5"": 4, ""new_fc_6"": 23, ""new_fc_7"": 29, ""new_fc_8"": 8, ""new_fc_9"": 26, ""num_neurons"": 64, ""optimizer"": ""Adagrad"", ""reg_l2"": true, ""skip_connection"": true, ""unit_c1"": 2, ""unit_c2"": 4}"
184,79,flops,,,0.05680048,8520072.0,188254.0,,1848.1524,"{""activation"": ""selu"", ""batch_size"": 8, ""data_augmentation"": true, ""dr_f"": 0.455103786492, ""learning_rate"": 0.0002195328, ""new_fc_1"": 32, ""new_fc_10"": 27, ""new_fc_2"": 23, ""new_fc_3"": 32, ""new_fc_4"": 11, ""new_fc_5"": 10, ""new_fc_6"": 15, ""new_fc_7"": 2, ""new_fc_8"": 22, ""new_fc_9"": 17, ""num_neurons"": 4, ""optimizer"": ""Adam"", ""reg_l2"": false, ""skip_connection"": true, ""unit_c1"": 4, ""unit_c2"": 4}"
185,80,accuracy,0.875500001013279,0.12449999898672104,0.0518284,7774260.0,53622.0,-0.3716014792907047,2653.7552,"{""activation"": ""swish"", ""batch_size"": 8, ""data_augmentation"": true, ""dr_f"": 0.407160606594, ""learning_rate"": 0.00098084405, ""new_fc_1"": 3, ""new_fc_10"": 24, ""new_fc_2"": 2, ""new_fc_3"": 16, ""new_fc_4"": 16, ""new_fc_5"": 31, ""new_fc_6"": 12, ""new_fc_7"": 5, ""new_fc_8"": 4, ""new_fc_9"": 9, ""num_neurons"": 4, ""optimizer"": ""Adadelta"", ""reg_l2"": true, ""skip_connection"": true, ""unit_c1"": 3, ""unit_c2"": 6}"
186,81,accuracy,0.8006000071763992,0.19939999282360077,0.0608028,9120420.0,76994.0,-0.42133915497652047,2858.303,"{""activation"": ""elu"", ""batch_size"": 32, ""data_augmentation"": false, ""dr_f"": 0.467025594669, ""learning_rate"": 0.000951337651, ""new_fc_1"": 5, ""new_fc_10"": 31, ""new_fc_2"": 10, ""new_fc_3"": 12, ""new_fc_4"": 20, ""new_fc_5"": 0, ""new_fc_6"": 17, ""new_fc_7"": 26, ""new_fc_8"": 25, ""new_fc_9"": 12, ""num_neurons"": 4, ""optimizer"": ""Adagrad"", ""reg_l2"": true, ""skip_connection"": false, ""unit_c1"": 4, ""unit_c2"": 5}"
187,82,accuracy,0.9002000018954277,0.0997999981045723,0.05680048,8520072.0,188254.0,-0.35281985467320054,3542.8011,"{""activation"": ""selu"", ""batch_size"": 8, ""data_augmentation"": true, ""dr_f"": 0.455103786492, ""learning_rate"": 0.0002195328, ""new_fc_1"": 32, ""new_fc_10"": 27, ""new_fc_2"": 23, ""new_fc_3"": 32, ""new_fc_4"": 11, ""new_fc_5"": 10, ""new_fc_6"": 15, ""new_fc_7"": 2, ""new_fc_8"": 22, ""new_fc_9"": 17, ""num_neurons"": 4, ""optimizer"": ""Adam"", ""reg_l2"": false, ""skip_connection"": true, ""unit_c1"": 4, ""unit_c2"": 4}"
188,83,accuracy,0.8999999985098839,0.10000000149011612,0.8027556,120413340.0,1588234.0,-0.12917332104308127,4349.2807,"{""activation"": ""selu"", ""batch_size"": 8, ""data_augmentation"": true, ""dr_f"": 0.45024314969, ""learning_rate"": 0.000837263757, ""new_fc_1"": 8, ""new_fc_10"": 32, ""new_fc_2"": 31, ""new_fc_3"": 1, ""new_fc_4"": 17, ""new_fc_5"": 10, ""new_fc_6"": 2, ""new_fc_7"": 5, ""new_fc_8"": 10, ""new_fc_9"": 18, ""num_neurons"": 16, ""optimizer"": ""Adam"", ""reg_l2"": true, ""skip_connection"": true, ""unit_c1"": 2, ""unit_c2"": 8}"
189,84,accuracy,0.8871000036597252,0.11289999634027481,0.04371650666666667,6557476.0,35398.0,-0.3659150454381923,5094.3549,"{""activation"": ""relu"", ""batch_size"": 8, ""data_augmentation"": true, ""dr_f"": 0.355581014282, ""learning_rate"": 0.000128880494, ""new_fc_1"": 1, ""new_fc_10"": 5, ""new_fc_2"": 17, ""new_fc_3"": 21, ""new_fc_4"": 19, ""new_fc_5"": 1, ""new_fc_6"": 2, ""new_fc_7"": 23, ""new_fc_8"": 4, ""new_fc_9"": 17, ""num_neurons"": 4, ""optimizer"": ""Adagrad"", ""reg_l2"": true, ""skip_connection"": true, ""unit_c1"": 2, ""unit_c2"": 7}"
190,85,accuracy,10000000000.0,,17.042135866666666,2556320380.0,79754890.0,10000000000.0,5098.3082,"{""activation"": ""relu"", ""batch_size"": 32, ""data_augmentation"": false, ""dr_f"": 0.192801338235, ""learning_rate"": 0.000739038147, ""new_fc_1"": 28, ""new_fc_10"": 1, ""new_fc_2"": 28, ""new_fc_3"": 23, ""new_fc_4"": 12, ""new_fc_5"": 25, ""new_fc_6"": 21, ""new_fc_7"": 18, ""new_fc_8"": 27, ""new_fc_9"": 30, ""num_neurons"": 64, ""optimizer"": ""SGD"", ""reg_l2"": false, ""skip_connection"": true, ""unit_c1"": 3, ""unit_c2"": 8}"
191,85,flops,,,0.025202373333333333,3780356.0,180842.0,,5099.3784,"{""activation"": ""relu"", ""batch_size"": 32, ""data_augmentation"": true, ""dr_f"": 0.141397552608, ""learning_rate"": 0.000260815516, ""new_fc_1"": 8, ""new_fc_10"": 15, ""new_fc_2"": 21, ""new_fc_3"": 9, ""new_fc_4"": 15, ""new_fc_5"": 13, ""new_fc_6"": 30, ""new_fc_7"": 9, ""new_fc_8"": 12, ""new_fc_9"": 9, ""num_neurons"": 8, ""optimizer"": ""Adamax"", ""reg_l2"": false, ""skip_connection"": false, ""unit_c1"": 1, ""unit_c2"": 2}"
192,86,accuracy,0.3730999827384949,0.6269000172615051,0.025202373333333333,3780356.0,180842.0,-0.7312693000830536,5664.3936,"{""activation"": ""relu"", ""batch_size"": 32, ""data_augmentation"": true, ""dr_f"": 0.141397552608, ""learning_rate"": 0.000260815516, ""new_fc_1"": 8, ""new_fc_10"": 15, ""new_fc_2"": 21, ""new_fc_3"": 9, ""new_fc_4"": 15, ""new_fc_5"": 13, ""new_fc_6"": 30, ""new_fc_7"": 9, ""new_fc_8"": 12, ""new_fc_9"": 9, ""num_neurons"": 8, ""optimizer"": ""Adamax"", ""reg_l2"": false, ""skip_connection"": false, ""unit_c1"": 1, ""unit_c2"": 2}"
193,86,flops,,,8.854031333333333,1328104700.0,42361610.0,,5667.1199,"{""activation"": ""relu"", ""batch_size"": 32, ""data_augmentation"": true, ""dr_f"": 0.181033120972, ""learning_rate"": 0.000999288853, ""new_fc_1"": 30, ""new_fc_10"": 31, ""new_fc_2"": 24, ""new_fc_3"": 12, ""new_fc_4"": 30, ""new_fc_5"": 14, ""new_fc_6"": 16, ""new_fc_7"": 2, ""new_fc_8"": 0, ""new_fc_9"": 8, ""num_neurons"": 64, ""optimizer"": ""Adadelta"", ""reg_l2"": false, ""skip_connection"": true, ""unit_c1"": 3, ""unit_c2"": 4}"
194,87,accuracy,10000000000.0,,2.273585466666667,341037820.0,14385610.0,10000000000.0,5669.9025,"{""activation"": ""swish"", ""batch_size"": 32, ""data_augmentation"": true, ""dr_f"": 0.302457139464, ""learning_rate"": 0.000618660342, ""new_fc_1"": 7, ""new_fc_10"": 14, ""new_fc_2"": 2, ""new_fc_3"": 12, ""new_fc_4"": 32, ""new_fc_5"": 11, ""new_fc_6"": 21, ""new_fc_7"": 22, ""new_fc_8"": 12, ""new_fc_9"": 12, ""num_neurons"": 64, ""optimizer"": ""Adamax"", ""reg_l2"": true, ""skip_connection"": true, ""unit_c1"": 1, ""unit_c2"": 3}"
195,88,accuracy,0.6933000087738037,0.3066999912261963,0.01110216,1665324.0,92098.0,-0.5113593458583374,6715.8362,"{""activation"": ""elu"", ""batch_size"": 16, ""data_augmentation"": false, ""dr_f"": 0.081520910861, ""learning_rate"": 0.000339327522, ""new_fc_1"": 19, ""new_fc_10"": 26, ""new_fc_2"": 1, ""new_fc_3"": 1, ""new_fc_4"": 27, ""new_fc_5"": 31, ""new_fc_6"": 13, ""new_fc_7"": 0, ""new_fc_8"": 3, ""new_fc_9"": 19, ""num_neurons"": 4, ""optimizer"": ""Adagrad"", ""reg_l2"": false, ""skip_connection"": true, ""unit_c1"": 1, ""unit_c2"": 3}"
196,88,flops,,,18.439761893333333,2765964284.0,16967178.0,,6717.6579,"{""activation"": ""swish"", ""batch_size"": 64, ""data_augmentation"": false, ""dr_f"": 0.368904444544, ""learning_rate"": 0.000729149795, ""new_fc_1"": 3, ""new_fc_10"": 11, ""new_fc_2"": 11, ""new_fc_3"": 32, ""new_fc_4"": 7, ""new_fc_5"": 10, ""new_fc_6"": 28, ""new_fc_7"": 24, ""new_fc_8"": 3, ""new_fc_9"": 16, ""num_neurons"": 64, ""optimizer"": ""Adadelta"", ""reg_l2"": true, ""skip_connection"": true, ""unit_c1"": 4, ""unit_c2"": 7}"
197,89,accuracy,0.8999999985098839,0.10000000149011612,0.14023336,21035004.0,626362.0,-0.3279299930430813,6922.1671,"{""activation"": ""relu"", ""batch_size"": 32, ""data_augmentation"": true, ""dr_f"": 0.110014460041, ""learning_rate"": 0.000912951684, ""new_fc_1"": 4, ""new_fc_10"": 2, ""new_fc_2"": 31, ""new_fc_3"": 0, ""new_fc_4"": 16, ""new_fc_5"": 1, ""new_fc_6"": 14, ""new_fc_7"": 26, ""new_fc_8"": 17, ""new_fc_9"": 5, ""num_neurons"": 16, ""optimizer"": ""Adam"", ""reg_l2"": true, ""skip_connection"": false, ""unit_c1"": 1, ""unit_c2"": 3}"
198,89,flops,,,5.341125946666667,801168892.0,14023882.0,,6923.5951,"{""activation"": ""elu"", ""batch_size"": 8, ""data_augmentation"": false, ""dr_f"": 0.065274032072, ""learning_rate"": 0.000291401103, ""new_fc_1"": 15, ""new_fc_10"": 17, ""new_fc_2"": 21, ""new_fc_3"": 24, ""new_fc_4"": 20, ""new_fc_5"": 1, ""new_fc_6"": 28, ""new_fc_7"": 27, ""new_fc_8"": 4, ""new_fc_9"": 6, ""num_neurons"": 64, ""optimizer"": ""Adadelta"", ""reg_l2"": false, ""skip_connection"": true, ""unit_c1"": 3, ""unit_c2"": 1}"
199,90,accuracy,0.24620002508163452,0.7537999749183655,0.5489778933333334,82346684.0,2087386.0,-0.6629666144428559,8390.111,"{""activation"": ""elu"", ""batch_size"": 8, ""data_augmentation"": false, ""dr_f"": 0.326980186053, ""learning_rate"": 0.000926096341, ""new_fc_1"": 20, ""new_fc_10"": 9, ""new_fc_2"": 31, ""new_fc_3"": 7, ""new_fc_4"": 22, ""new_fc_5"": 4, ""new_fc_6"": 26, ""new_fc_7"": 23, ""new_fc_8"": 15, ""new_fc_9"": 23, ""num_neurons"": 16, ""optimizer"": ""Adamax"", ""reg_l2"": false, ""skip_connection"": false, ""unit_c1"": 3, ""unit_c2"": 4}"
200,90,flops,,,0.17971645333333333,26957468.0,1072930.0,,8391.313,"{""activation"": ""elu"", ""batch_size"": 32, ""data_augmentation"": false, ""dr_f"": 0.272457112959, ""learning_rate"": 0.000637495047, ""new_fc_1"": 30, ""new_fc_10"": 32, ""new_fc_2"": 13, ""new_fc_3"": 17, ""new_fc_4"": 13, ""new_fc_5"": 9, ""new_fc_6"": 19, ""new_fc_7"": 29, ""new_fc_8"": 10, ""new_fc_9"": 16, ""num_neurons"": 8, ""optimizer"": ""Adam"", ""reg_l2"": false, ""skip_connection"": true, ""unit_c1"": 2, ""unit_c2"": 7}"
201,90,flops,,,21.483234106666668,3222485116.0,63166538.0,,8394.7292,"{""activation"": ""relu"", ""batch_size"": 8, ""data_augmentation"": false, ""dr_f"": 0.434096830107, ""learning_rate"": 0.000391906109, ""new_fc_1"": 23, ""new_fc_10"": 22, ""new_fc_2"": 2, ""new_fc_3"": 5, ""new_fc_4"": 22, ""new_fc_5"": 30, ""new_fc_6"": 27, ""new_fc_7"": 14, ""new_fc_8"": 11, ""new_fc_9"": 13, ""num_neurons"": 64, ""optimizer"": ""Adamax"", ""reg_l2"": false, ""skip_connection"": true, ""unit_c1"": 4, ""unit_c2"": 8}"
202,90,flops,,,0.04978232,7467348.0,66182.0,,8395.9424,"{""activation"": ""relu"", ""batch_size"": 64, ""data_augmentation"": false, ""dr_f"": 0.047188811552, ""learning_rate"": 0.000207050076, ""new_fc_1"": 5, ""new_fc_10"": 29, ""new_fc_2"": 3, ""new_fc_3"": 14, ""new_fc_4"": 0, ""new_fc_5"": 3, ""new_fc_6"": 17, ""new_fc_7"": 9, ""new_fc_8"": 22, ""new_fc_9"": 20, ""num_neurons"": 4, ""optimizer"": ""Adam"", ""reg_l2"": false, ""skip_connection"": false, ""unit_c1"": 3, ""unit_c2"": 6}"
203,91,accuracy,0.265500009059906,0.734499990940094,0.17971645333333333,26957468.0,1072930.0,-0.7602350576580658,8720.7618,"{""activation"": ""elu"", ""batch_size"": 32, ""data_augmentation"": false, ""dr_f"": 0.272457112959, ""learning_rate"": 0.000637495047, ""new_fc_1"": 30, ""new_fc_10"": 32, ""new_fc_2"": 13, ""new_fc_3"": 17, ""new_fc_4"": 13, ""new_fc_5"": 9, ""new_fc_6"": 19, ""new_fc_7"": 29, ""new_fc_8"": 10, ""new_fc_9"": 16, ""num_neurons"": 8, ""optimizer"": ""Adam"", ""reg_l2"": false, ""skip_connection"": true, ""unit_c1"": 2, ""unit_c2"": 7}"
204,91,flops,,,1.3525512266666666,202882684.0,4380842.0,,8721.7915,"{""activation"": ""selu"", ""batch_size"": 16, ""data_augmentation"": false, ""dr_f"": 0.198866164611, ""learning_rate"": 0.00068258342, ""new_fc_1"": 31, ""new_fc_10"": 23, ""new_fc_2"": 30, ""new_fc_3"": 18, ""new_fc_4"": 14, ""new_fc_5"": 4, ""new_fc_6"": 11, ""new_fc_7"": 5, ""new_fc_8"": 27, ""new_fc_9"": 3, ""num_neurons"": 32, ""optimizer"": ""Adamax"", ""reg_l2"": false, ""skip_connection"": false, ""unit_c1"": 3, ""unit_c2"": 1}"
205,92,accuracy,10000000000.0,,2.982234,447335100.0,3900010.0,10000000000.0,8724.0617,"{""activation"": ""relu"", ""batch_size"": 32, ""data_augmentation"": false, ""dr_f"": 0.209596842378, ""learning_rate"": 0.000396107137, ""new_fc_1"": 1, ""new_fc_10"": 31, ""new_fc_2"": 9, ""new_fc_3"": 14, ""new_fc_4"": 26, ""new_fc_5"": 23, ""new_fc_6"": 19, ""new_fc_7"": 13, ""new_fc_8"": 8, ""new_fc_9"": 24, ""num_neurons"": 32, ""optimizer"": ""Adam"", ""reg_l2"": true, ""skip_connection"": true, ""unit_c1"": 3, ""unit_c2"": 6}"
206,93,accuracy,0.6938999891281128,0.3061000108718872,0.04449584,6674376.0,70342.0,-0.5009212556103211,9768.8532,"{""activation"": ""selu"", ""batch_size"": 16, ""data_augmentation"": true, ""dr_f"": 0.319681454405, ""learning_rate"": 0.000636036356, ""new_fc_1"": 11, ""new_fc_10"": 28, ""new_fc_2"": 13, ""new_fc_3"": 8, ""new_fc_4"": 5, ""new_fc_5"": 29, ""new_fc_6"": 29, ""new_fc_7"": 20, ""new_fc_8"": 22, ""new_fc_9"": 6, ""num_neurons"": 4, ""optimizer"": ""Adagrad"", ""reg_l2"": true, ""skip_connection"": false, ""unit_c1"": 4, ""unit_c2"": 2}"
207,94,accuracy,0.2759000062942505,0.7240999937057495,0.04793704,7190556.0,328874.0,-0.7924888835940247,10093.4722,"{""activation"": ""selu"", ""batch_size"": 32, ""data_augmentation"": true, ""dr_f"": 0.047215861989, ""learning_rate"": 0.000557625866, ""new_fc_1"": 32, ""new_fc_10"": 30, ""new_fc_2"": 32, ""new_fc_3"": 4, ""new_fc_4"": 6, ""new_fc_5"": 29, ""new_fc_6"": 18, ""new_fc_7"": 25, ""new_fc_8"": 3, ""new_fc_9"": 17, ""num_neurons"": 8, ""optimizer"": ""Adam"", ""reg_l2"": false, ""skip_connection"": false, ""unit_c1"": 2, ""unit_c2"": 1}"
208,94,flops,,,0.03822514666666667,5733772.0,55094.0,,10094.5802,"{""activation"": ""selu"", ""batch_size"": 32, ""data_augmentation"": true, ""dr_f"": 0.418332106443, ""learning_rate"": 0.000335848398, ""new_fc_1"": 4, ""new_fc_10"": 26, ""new_fc_2"": 23, ""new_fc_3"": 11, ""new_fc_4"": 12, ""new_fc_5"": 23, ""new_fc_6"": 11, ""new_fc_7"": 24, ""new_fc_8"": 10, ""new_fc_9"": 12, ""num_neurons"": 4, ""optimizer"": ""Adam"", ""reg_l2"": false, ""skip_connection"": true, ""unit_c1"": 3, ""unit_c2"": 4}"
209,95,accuracy,0.46069997549057007,0.5393000245094299,0.03822514666666667,5733772.0,55094.0,-0.6660424731566009,10719.3515,"{""activation"": ""selu"", ""batch_size"": 32, ""data_augmentation"": true, ""dr_f"": 0.418332106443, ""learning_rate"": 0.000335848398, ""new_fc_1"": 4, ""new_fc_10"": 26, ""new_fc_2"": 23, ""new_fc_3"": 11, ""new_fc_4"": 12, ""new_fc_5"": 23, ""new_fc_6"": 11, ""new_fc_7"": 24, ""new_fc_8"": 10, ""new_fc_9"": 12, ""num_neurons"": 4, ""optimizer"": ""Adam"", ""reg_l2"": false, ""skip_connection"": true, ""unit_c1"": 3, ""unit_c2"": 4}"
210,96,accuracy,0.5453999936580658,0.4546000063419342,0.6496488266666667,97447324.0,2930810.0,-0.42332535643935393,11464.5662,"{""activation"": ""relu"", ""batch_size"": 32, ""data_augmentation"": true, ""dr_f"": 0.229800454343, ""learning_rate"": 0.000793875424, ""new_fc_1"": 15, ""new_fc_10"": 20, ""new_fc_2"": 28, ""new_fc_3"": 25, ""new_fc_4"": 0, ""new_fc_5"": 0, ""new_fc_6"": 7, ""new_fc_7"": 22, ""new_fc_8"": 27, ""new_fc_9"": 22, ""num_neurons"": 16, ""optimizer"": ""Adagrad"", ""reg_l2"": false, ""skip_connection"": true, ""unit_c1"": 1, ""unit_c2"": 8}"
211,97,accuracy,0.8999999985098839,0.10000000149011612,0.28602376,42903564.0,1726122.0,-0.2841928730430813,11669.5295,"{""activation"": ""relu"", ""batch_size"": 64, ""data_augmentation"": false, ""dr_f"": 0.307633727228, ""learning_rate"": 0.000401381031, ""new_fc_1"": 23, ""new_fc_10"": 19, ""new_fc_2"": 16, ""new_fc_3"": 13, ""new_fc_4"": 4, ""new_fc_5"": 13, ""new_fc_6"": 24, ""new_fc_7"": 15, ""new_fc_8"": 5, ""new_fc_9"": 29, ""num_neurons"": 16, ""optimizer"": ""Adam"", ""reg_l2"": true, ""skip_connection"": true, ""unit_c1"": 2, ""unit_c2"": 3}"
212,97,flops,,,5.510730213333333,826609532.0,33025226.0,,11671.8965,"{""activation"": ""elu"", ""batch_size"": 16, ""data_augmentation"": false, ""dr_f"": 0.323864204227, ""learning_rate"": 0.0009456974, ""new_fc_1"": 20, ""new_fc_10"": 14, ""new_fc_2"": 29, ""new_fc_3"": 19, ""new_fc_4"": 31, ""new_fc_5"": 13, ""new_fc_6"": 8, ""new_fc_7"": 24, ""new_fc_8"": 7, ""new_fc_9"": 0, ""num_neurons"": 64, ""optimizer"": ""Adadelta"", ""reg_l2"": false, ""skip_connection"": false, ""unit_c1"": 2, ""unit_c2"": 4}"
213,98,accuracy,0.8173999935388565,0.1826000064611435,0.04644184,6966276.0,116210.0,-0.41388745252280046,13076.8055,"{""activation"": ""selu"", ""batch_size"": 8, ""data_augmentation"": false, ""dr_f"": 0.233840707764, ""learning_rate"": 0.000569216053, ""new_fc_1"": 29, ""new_fc_10"": 23, ""new_fc_2"": 16, ""new_fc_3"": 19, ""new_fc_4"": 23, ""new_fc_5"": 22, ""new_fc_6"": 13, ""new_fc_7"": 29, ""new_fc_8"": 1, ""new_fc_9"": 31, ""num_neurons"": 4, ""optimizer"": ""Adadelta"", ""reg_l2"": true, ""skip_connection"": true, ""unit_c1"": 4, ""unit_c2"": 2}"
214,98,flops,,,3.5345883466666668,530188252.0,12854922.0,,13078.4285,"{""activation"": ""elu"", ""batch_size"": 16, ""data_augmentation"": false, ""dr_f"": 0.171934660728, ""learning_rate"": 0.000563435725, ""new_fc_1"": 21, ""new_fc_10"": 11, ""new_fc_2"": 27, ""new_fc_3"": 22, ""new_fc_4"": 3, ""new_fc_5"": 4, ""new_fc_6"": 26, ""new_fc_7"": 16, ""new_fc_8"": 17, ""new_fc_9"": 14, ""num_neurons"": 32, ""optimizer"": ""SGD"", ""reg_l2"": false, ""skip_connection"": false, ""unit_c1"": 3, ""unit_c2"": 7}"
215,99,accuracy,10000000000.0,,5.341125946666667,801168892.0,14023882.0,10000000000.0,13079.944,"{""activation"": ""elu"", ""batch_size"": 8, ""data_augmentation"": false, ""dr_f"": 0.065274032072, ""learning_rate"": 0.000291401103, ""new_fc_1"": 15, ""new_fc_10"": 17, ""new_fc_2"": 21, ""new_fc_3"": 24, ""new_fc_4"": 20, ""new_fc_5"": 1, ""new_fc_6"": 28, ""new_fc_7"": 27, ""new_fc_8"": 4, ""new_fc_9"": 6, ""num_neurons"": 64, ""optimizer"": ""Adadelta"", ""reg_l2"": false, ""skip_connection"": true, ""unit_c1"": 3, ""unit_c2"": 1}"
216,100,accuracy,0.8570999950170517,0.1429000049829483,0.49673736,74510604.0,938202.0,-0.2510087954880638,13464.9457,"{""activation"": ""relu"", ""batch_size"": 64, ""data_augmentation"": true, ""dr_f"": 0.292927531528, ""learning_rate"": 0.000401379499, ""new_fc_1"": 0, ""new_fc_10"": 23, ""new_fc_2"": 2, ""new_fc_3"": 22, ""new_fc_4"": 26, ""new_fc_5"": 12, ""new_fc_6"": 32, ""new_fc_7"": 3, ""new_fc_8"": 26, ""new_fc_9"": 15, ""num_neurons"": 16, ""optimizer"": ""Adadelta"", ""reg_l2"": true, ""skip_connection"": true, ""unit_c1"": 1, ""unit_c2"": 7}"
217,100,flops,,,7.257319226666667,1088597884.0,49541514.0,,3.3096,"{""activation"": ""relu"", ""batch_size"": 32, ""data_augmentation"": false, ""dr_f"": 0.244810064637, ""learning_rate"": 0.00021932505, ""new_fc_1"": 29, ""new_fc_10"": 20, ""new_fc_2"": 17, ""new_fc_3"": 6, ""new_fc_4"": 16, ""new_fc_5"": 21, ""new_fc_6"": 19, ""new_fc_7"": 23, ""new_fc_8"": 9, ""new_fc_9"": 13, ""num_neurons"": 64, ""optimizer"": ""Adamax"", ""reg_l2"": true, ""skip_connection"": true, ""unit_c1"": 2, ""unit_c2"": 5}"
218,100,flops,,,20.708740666666667,3106311100.0,39680522.0,,5.9421,"{""activation"": ""elu"", ""batch_size"": 64, ""data_augmentation"": false, ""dr_f"": 0.395902453951, ""learning_rate"": 0.000829446029, ""new_fc_1"": 13, ""new_fc_10"": 1, ""new_fc_2"": 29, ""new_fc_3"": 3, ""new_fc_4"": 7, ""new_fc_5"": 27, ""new_fc_6"": 31, ""new_fc_7"": 2, ""new_fc_8"": 27, ""new_fc_9"": 14, ""num_neurons"": 64, ""optimizer"": ""Adam"", ""reg_l2"": true, ""skip_connection"": false, ""unit_c1"": 4, ""unit_c2"": 8}"
219,101,accuracy,0.8665000051259995,0.13349999487400055,0.03171405333333333,4757108.0,37470.0,-0.3839357804118003,2012.5089,"{""activation"": ""relu"", ""batch_size"": 8, ""data_augmentation"": true, ""dr_f"": 0.170139873999, ""learning_rate"": 0.000348178283, ""new_fc_1"": 7, ""new_fc_10"": 7, ""new_fc_2"": 2, ""new_fc_3"": 0, ""new_fc_4"": 8, ""new_fc_5"": 7, ""new_fc_6"": 4, ""new_fc_7"": 22, ""new_fc_8"": 17, ""new_fc_9"": 0, ""num_neurons"": 4, ""optimizer"": ""Adadelta"", ""reg_l2"": false, ""skip_connection"": false, ""unit_c1"": 3, ""unit_c2"": 3}"
220,101,flops,,,1.5247814133333333,228717212.0,5223690.0,,2013.8894,"{""activation"": ""selu"", ""batch_size"": 8, ""data_augmentation"": false, ""dr_f"": 0.451588159539, ""learning_rate"": 0.000628845427, ""new_fc_1"": 6, ""new_fc_10"": 18, ""new_fc_2"": 12, ""new_fc_3"": 30, ""new_fc_4"": 6, ""new_fc_5"": 23, ""new_fc_6"": 24, ""new_fc_7"": 16, ""new_fc_8"": 32, ""new_fc_9"": 4, ""num_neurons"": 32, ""optimizer"": ""Adam"", ""reg_l2"": true, ""skip_connection"": false, ""unit_c1"": 1, ""unit_c2"": 6}"
221,101,flops,,,18.419359546666666,2762903932.0,46605898.0,,2016.7195,"{""activation"": ""selu"", ""batch_size"": 8, ""data_augmentation"": true, ""dr_f"": 0.267385860117, ""learning_rate"": 0.000923091343, ""new_fc_1"": 21, ""new_fc_10"": 11, ""new_fc_2"": 15, ""new_fc_3"": 5, ""new_fc_4"": 1, ""new_fc_5"": 6, ""new_fc_6"": 0, ""new_fc_7"": 11, ""new_fc_8"": 12, ""new_fc_9"": 23, ""num_neurons"": 64, ""optimizer"": ""Adadelta"", ""reg_l2"": true, ""skip_connection"": false, ""unit_c1"": 4, ""unit_c2"": 7}"
222,102,accuracy,10000000000.0,,3.145093306666667,471763996.0,8202794.0,10000000000.0,2018.0897,"{""activation"": ""elu"", ""batch_size"": 16, ""data_augmentation"": false, ""dr_f"": 0.35541256558, ""learning_rate"": 0.000143313192, ""new_fc_1"": 9, ""new_fc_10"": 28, ""new_fc_2"": 27, ""new_fc_3"": 15, ""new_fc_4"": 12, ""new_fc_5"": 19, ""new_fc_6"": 22, ""new_fc_7"": 14, ""new_fc_8"": 12, ""new_fc_9"": 17, ""num_neurons"": 32, ""optimizer"": ""Adamax"", ""reg_l2"": true, ""skip_connection"": false, ""unit_c1"": 2, ""unit_c2"": 8}"
223,103,accuracy,0.5281000137329102,0.47189998626708984,0.017751866666666668,2662780.0,212642.0,-0.6250044303869629,3122.9829,"{""activation"": ""selu"", ""batch_size"": 16, ""data_augmentation"": false, ""dr_f"": 0.042198366838, ""learning_rate"": 0.000779744831, ""new_fc_1"": 26, ""new_fc_10"": 26, ""new_fc_2"": 0, ""new_fc_3"": 17, ""new_fc_4"": 13, ""new_fc_5"": 6, ""new_fc_6"": 3, ""new_fc_7"": 32, ""new_fc_8"": 16, ""new_fc_9"": 5, ""num_neurons"": 8, ""optimizer"": ""Adadelta"", ""reg_l2"": true, ""skip_connection"": false, ""unit_c1"": 1, ""unit_c2"": 1}"
224,103,flops,,,0.8557089866666666,128356348.0,5777802.0,,3124.3788,"{""activation"": ""selu"", ""batch_size"": 64, ""data_augmentation"": false, ""dr_f"": 0.39666566852, ""learning_rate"": 0.000547656825, ""new_fc_1"": 23, ""new_fc_10"": 24, ""new_fc_2"": 19, ""new_fc_3"": 12, ""new_fc_4"": 3, ""new_fc_5"": 3, ""new_fc_6"": 2, ""new_fc_7"": 20, ""new_fc_8"": 26, ""new_fc_9"": 26, ""num_neurons"": 32, ""optimizer"": ""SGD"", ""reg_l2"": false, ""skip_connection"": false, ""unit_c1"": 2, ""unit_c2"": 2}"
225,104,accuracy,0.6376999914646149,0.36230000853538513,0.14117970666666665,21176956.0,461218.0,-0.5112560939747696,4829.5912,"{""activation"": ""elu"", ""batch_size"": 8, ""data_augmentation"": true, ""dr_f"": 0.362498626054, ""learning_rate"": 0.000437609386, ""new_fc_1"": 21, ""new_fc_10"": 2, ""new_fc_2"": 12, ""new_fc_3"": 24, ""new_fc_4"": 12, ""new_fc_5"": 4, ""new_fc_6"": 11, ""new_fc_7"": 30, ""new_fc_8"": 3, ""new_fc_9"": 25, ""num_neurons"": 8, ""optimizer"": ""SGD"", ""reg_l2"": false, ""skip_connection"": false, ""unit_c1"": 3, ""unit_c2"": 4}"
226,105,accuracy,0.8999999985098839,0.10000000149011612,0.06792624,10188936.0,58910.0,-0.34962212904308126,5214.2512,"{""activation"": ""relu"", ""batch_size"": 16, ""data_augmentation"": false, ""dr_f"": 0.458551232306, ""learning_rate"": 0.000948271184, ""new_fc_1"": 1, ""new_fc_10"": 5, ""new_fc_2"": 6, ""new_fc_3"": 31, ""new_fc_4"": 26, ""new_fc_5"": 29, ""new_fc_6"": 9, ""new_fc_7"": 7, ""new_fc_8"": 30, ""new_fc_9"": 7, ""num_neurons"": 4, ""optimizer"": ""Adam"", ""reg_l2"": false, ""skip_connection"": false, ""unit_c1"": 4, ""unit_c2"": 6}"
227,106,accuracy,10000000000.0,,3.5345883466666668,530188252.0,12854922.0,10000000000.0,5215.5951,"{""activation"": ""elu"", ""batch_size"": 16, ""data_augmentation"": false, ""dr_f"": 0.171934660728, ""learning_rate"": 0.000563435725, ""new_fc_1"": 21, ""new_fc_10"": 11, ""new_fc_2"": 27, ""new_fc_3"": 22, ""new_fc_4"": 3, ""new_fc_5"": 4, ""new_fc_6"": 26, ""new_fc_7"": 16, ""new_fc_8"": 17, ""new_fc_9"": 14, ""num_neurons"": 32, ""optimizer"": ""SGD"", ""reg_l2"": false, ""skip_connection"": false, ""unit_c1"": 3, ""unit_c2"": 7}"
228,107,accuracy,10000000000.0,,6.212857146666667,931928572.0,26914698.0,10000000000.0,5218.76,"{""activation"": ""elu"", ""batch_size"": 32, ""data_augmentation"": false, ""dr_f"": 0.241262040957, ""learning_rate"": 0.000606453175, ""new_fc_1"": 17, ""new_fc_10"": 26, ""new_fc_2"": 20, ""new_fc_3"": 32, ""new_fc_4"": 22, ""new_fc_5"": 32, ""new_fc_6"": 9, ""new_fc_7"": 27, ""new_fc_8"": 28, ""new_fc_9"": 10, ""num_neurons"": 64, ""optimizer"": ""Adamax"", ""reg_l2"": false, ""skip_connection"": false, ""unit_c1"": 3, ""unit_c2"": 2}"
229,108,accuracy,0.6493000090122223,0.3506999909877777,0.13496130666666667,20244196.0,230418.0,-0.5050016016914444,5603.8191,"{""activation"": ""selu"", ""batch_size"": 64, ""data_augmentation"": true, ""dr_f"": 0.377228158519, ""learning_rate"": 0.000964658479, ""new_fc_1"": 6, ""new_fc_10"": 1, ""new_fc_2"": 7, ""new_fc_3"": 6, ""new_fc_4"": 23, ""new_fc_5"": 6, ""new_fc_6"": 16, ""new_fc_7"": 10, ""new_fc_8"": 7, ""new_fc_9"": 15, ""num_neurons"": 8, ""optimizer"": ""Adamax"", ""reg_l2"": false, ""skip_connection"": false, ""unit_c1"": 2, ""unit_c2"": 6}"
230,108,flops,,,0.19493554666666665,29240332.0,667922.0,,5604.7192,"{""activation"": ""elu"", ""batch_size"": 16, ""data_augmentation"": false, ""dr_f"": 0.085548076674, ""learning_rate"": 0.000886340433, ""new_fc_1"": 21, ""new_fc_10"": 30, ""new_fc_2"": 32, ""new_fc_3"": 7, ""new_fc_4"": 9, ""new_fc_5"": 14, ""new_fc_6"": 11, ""new_fc_7"": 6, ""new_fc_8"": 4, ""new_fc_9"": 12, ""num_neurons"": 8, ""optimizer"": ""Adam"", ""reg_l2"": true, ""skip_connection"": false, ""unit_c1"": 3, ""unit_c2"": 6}"
231,109,accuracy,10000000000.0,,3.19919208,479878812.0,9571434.0,10000000000.0,5606.2122,"{""activation"": ""relu"", ""batch_size"": 8, ""data_augmentation"": true, ""dr_f"": 0.307903392029, ""learning_rate"": 0.000200679292, ""new_fc_1"": 21, ""new_fc_10"": 6, ""new_fc_2"": 6, ""new_fc_3"": 7, ""new_fc_4"": 26, ""new_fc_5"": 28, ""new_fc_6"": 25, ""new_fc_7"": 20, ""new_fc_8"": 31, ""new_fc_9"": 17, ""num_neurons"": 32, ""optimizer"": ""Adagrad"", ""reg_l2"": true, ""skip_connection"": true, ""unit_c1"": 4, ""unit_c2"": 4}"
232,109,flops,,,3.1418216266666668,471273244.0,3450858.0,,5607.4632,"{""activation"": ""relu"", ""batch_size"": 8, ""data_augmentation"": false, ""dr_f"": 0.171541756601, ""learning_rate"": 0.000890705415, ""new_fc_1"": 4, ""new_fc_10"": 5, ""new_fc_2"": 2, ""new_fc_3"": 11, ""new_fc_4"": 7, ""new_fc_5"": 17, ""new_fc_6"": 3, ""new_fc_7"": 2, ""new_fc_8"": 4, ""new_fc_9"": 28, ""num_neurons"": 32, ""optimizer"": ""Adamax"", ""reg_l2"": true, ""skip_connection"": true, ""unit_c1"": 2, ""unit_c2"": 8}"
233,109,flops,,,0.35161864,52742796.0,1404426.0,,5608.9107,"{""activation"": ""relu"", ""batch_size"": 8, ""data_augmentation"": false, ""dr_f"": 0.473811477912, ""learning_rate"": 0.000898940244, ""new_fc_1"": 28, ""new_fc_10"": 11, ""new_fc_2"": 21, ""new_fc_3"": 2, ""new_fc_4"": 25, ""new_fc_5"": 22, ""new_fc_6"": 25, ""new_fc_7"": 18, ""new_fc_8"": 27, ""new_fc_9"": 22, ""num_neurons"": 16, ""optimizer"": ""Adadelta"", ""reg_l2"": false, ""skip_connection"": false, ""unit_c1"": 3, ""unit_c2"": 1}"
234,110,accuracy,10000000000.0,,1.3530645066666667,202959676.0,3234890.0,10000000000.0,5610.2896,"{""activation"": ""relu"", ""batch_size"": 16, ""data_augmentation"": true, ""dr_f"": 0.36625234101, ""learning_rate"": 0.000840391037, ""new_fc_1"": 17, ""new_fc_10"": 22, ""new_fc_2"": 14, ""new_fc_3"": 9, ""new_fc_4"": 20, ""new_fc_5"": 7, ""new_fc_6"": 31, ""new_fc_7"": 10, ""new_fc_8"": 13, ""new_fc_9"": 17, ""num_neurons"": 32, ""optimizer"": ""Adam"", ""reg_l2"": false, ""skip_connection"": true, ""unit_c1"": 3, ""unit_c2"": 1}"
235,111,accuracy,0.9006000012159348,0.09939999878406525,0.569898,85484700.0,3206442.0,-0.19861059914884566,6355.8542,"{""activation"": ""selu"", ""batch_size"": 8, ""data_augmentation"": false, ""dr_f"": 0.444212091795, ""learning_rate"": 0.000492469985, ""new_fc_1"": 24, ""new_fc_10"": 20, ""new_fc_2"": 29, ""new_fc_3"": 4, ""new_fc_4"": 21, ""new_fc_5"": 29, ""new_fc_6"": 5, ""new_fc_7"": 30, ""new_fc_8"": 20, ""new_fc_9"": 0, ""num_neurons"": 16, ""optimizer"": ""Adam"", ""reg_l2"": false, ""skip_connection"": true, ""unit_c1"": 2, ""unit_c2"": 6}"
236,112,accuracy,0.8999999985098839,0.10000000149011612,0.5417797066666666,81266956.0,1918746.0,-0.20746608904308128,6861.2045,"{""activation"": ""swish"", ""batch_size"": 16, ""data_augmentation"": false, ""dr_f"": 0.083053513155, ""learning_rate"": 0.000357919455, ""new_fc_1"": 10, ""new_fc_10"": 10, ""new_fc_2"": 24, ""new_fc_3"": 22, ""new_fc_4"": 29, ""new_fc_5"": 15, ""new_fc_6"": 13, ""new_fc_7"": 16, ""new_fc_8"": 13, ""new_fc_9"": 31, ""num_neurons"": 16, ""optimizer"": ""Adamax"", ""reg_l2"": true, ""skip_connection"": false, ""unit_c1"": 2, ""unit_c2"": 6}"
237,112,flops,,,0.04496184,6744276.0,67746.0,,6862.3579,"{""activation"": ""swish"", ""batch_size"": 32, ""data_augmentation"": false, ""dr_f"": 0.068131315874, ""learning_rate"": 0.000390007346, ""new_fc_1"": 7, ""new_fc_10"": 2, ""new_fc_2"": 18, ""new_fc_3"": 14, ""new_fc_4"": 24, ""new_fc_5"": 19, ""new_fc_6"": 30, ""new_fc_7"": 17, ""new_fc_8"": 20, ""new_fc_9"": 19, ""num_neurons"": 4, ""optimizer"": ""Adadelta"", ""reg_l2"": false, ""skip_connection"": false, ""unit_c1"": 4, ""unit_c2"": 2}"
238,113,accuracy,0.5945999920368195,0.40540000796318054,0.052779733333333335,7916960.0,80238.0,-0.5679460855742263,8027.0413,"{""activation"": ""elu"", ""batch_size"": 16, ""data_augmentation"": true, ""dr_f"": 0.080242482883, ""learning_rate"": 0.000692922047, ""new_fc_1"": 5, ""new_fc_10"": 11, ""new_fc_2"": 7, ""new_fc_3"": 27, ""new_fc_4"": 5, ""new_fc_5"": 8, ""new_fc_6"": 18, ""new_fc_7"": 22, ""new_fc_8"": 11, ""new_fc_9"": 19, ""num_neurons"": 4, ""optimizer"": ""SGD"", ""reg_l2"": true, ""skip_connection"": true, ""unit_c1"": 2, ""unit_c2"": 8}"
239,114,accuracy,0.6843000054359436,0.3156999945640564,0.05383453333333333,8075180.0,159490.0,-0.5048396361948395,8472.2772,"{""activation"": ""selu"", ""batch_size"": 64, ""data_augmentation"": false, ""dr_f"": 0.035640398089, ""learning_rate"": 0.00018604586, ""new_fc_1"": 4, ""new_fc_10"": 2, ""new_fc_2"": 13, ""new_fc_3"": 20, ""new_fc_4"": 15, ""new_fc_5"": 27, ""new_fc_6"": 5, ""new_fc_7"": 10, ""new_fc_8"": 4, ""new_fc_9"": 2, ""num_neurons"": 8, ""optimizer"": ""Adadelta"", ""reg_l2"": true, ""skip_connection"": true, ""unit_c1"": 1, ""unit_c2"": 4}"
240,115,accuracy,10000000000.0,,8.854031333333333,1328104700.0,42361610.0,10000000000.0,8475.2106,"{""activation"": ""relu"", ""batch_size"": 32, ""data_augmentation"": true, ""dr_f"": 0.181033120972, ""learning_rate"": 0.000999288853, ""new_fc_1"": 30, ""new_fc_10"": 31, ""new_fc_2"": 24, ""new_fc_3"": 12, ""new_fc_4"": 30, ""new_fc_5"": 14, ""new_fc_6"": 16, ""new_fc_7"": 2, ""new_fc_8"": 0, ""new_fc_9"": 8, ""num_neurons"": 64, ""optimizer"": ""Adadelta"", ""reg_l2"": false, ""skip_connection"": true, ""unit_c1"": 3, ""unit_c2"": 4}"
241,116,accuracy,0.6137999892234802,0.3862000107765198,0.19493554666666665,29240332.0,667922.0,-0.5118593435435638,9640.1786,"{""activation"": ""elu"", ""batch_size"": 16, ""data_augmentation"": false, ""dr_f"": 0.085548076674, ""learning_rate"": 0.000886340433, ""new_fc_1"": 21, ""new_fc_10"": 30, ""new_fc_2"": 32, ""new_fc_3"": 7, ""new_fc_4"": 9, ""new_fc_5"": 14, ""new_fc_6"": 11, ""new_fc_7"": 6, ""new_fc_8"": 4, ""new_fc_9"": 12, ""num_neurons"": 8, ""optimizer"": ""Adam"", ""reg_l2"": true, ""skip_connection"": false, ""unit_c1"": 3, ""unit_c2"": 6}"
242,116,flops,,,0.016227493333333332,2434124.0,176182.0,,9641.125,"{""activation"": ""relu"", ""batch_size"": 32, ""data_augmentation"": false, ""dr_f"": 0.184685218105, ""learning_rate"": 0.000986173072, ""new_fc_1"": 30, ""new_fc_10"": 5, ""new_fc_2"": 30, ""new_fc_3"": 19, ""new_fc_4"": 21, ""new_fc_5"": 11, ""new_fc_6"": 2, ""new_fc_7"": 14, ""new_fc_8"": 28, ""new_fc_9"": 16, ""num_neurons"": 4, ""optimizer"": ""Adadelta"", ""reg_l2"": true, ""skip_connection"": true, ""unit_c1"": 1, ""unit_c2"": 4}"
243,117,accuracy,0.8055000007152557,0.19449999928474426,0.35161864,52742796.0,1404426.0,-0.33066440749932097,10986.2071,"{""activation"": ""relu"", ""batch_size"": 8, ""data_augmentation"": false, ""dr_f"": 0.473811477912, ""learning_rate"": 0.000898940244, ""new_fc_1"": 28, ""new_fc_10"": 11, ""new_fc_2"": 21, ""new_fc_3"": 2, ""new_fc_4"": 25, ""new_fc_5"": 22, ""new_fc_6"": 25, ""new_fc_7"": 18, ""new_fc_8"": 27, ""new_fc_9"": 22, ""num_neurons"": 16, ""optimizer"": ""Adadelta"", ""reg_l2"": false, ""skip_connection"": false, ""unit_c1"": 3, ""unit_c2"": 1}"
244,117,flops,,,0.020870346666666668,3130552.0,127386.0,,10987.3272,"{""activation"": ""elu"", ""batch_size"": 32, ""data_augmentation"": true, ""dr_f"": 0.29282674057, ""learning_rate"": 0.000240552363, ""new_fc_1"": 30, ""new_fc_10"": 5, ""new_fc_2"": 0, ""new_fc_3"": 0, ""new_fc_4"": 31, ""new_fc_5"": 6, ""new_fc_6"": 24, ""new_fc_7"": 14, ""new_fc_8"": 7, ""new_fc_9"": 22, ""num_neurons"": 4, ""optimizer"": ""Adam"", ""reg_l2"": false, ""skip_connection"": true, ""unit_c1"": 2, ""unit_c2"": 3}"
245,118,accuracy,0.33160001039505005,0.66839998960495,0.04978232,7467348.0,66182.0,-0.7529452967234649,11312.4316,"{""activation"": ""relu"", ""batch_size"": 64, ""data_augmentation"": false, ""dr_f"": 0.047188811552, ""learning_rate"": 0.000207050076, ""new_fc_1"": 5, ""new_fc_10"": 29, ""new_fc_2"": 3, ""new_fc_3"": 14, ""new_fc_4"": 0, ""new_fc_5"": 3, ""new_fc_6"": 17, ""new_fc_7"": 9, ""new_fc_8"": 22, ""new_fc_9"": 20, ""num_neurons"": 4, ""optimizer"": ""Adam"", ""reg_l2"": false, ""skip_connection"": false, ""unit_c1"": 3, ""unit_c2"": 6}"
246,118,flops,,,0.21292253333333333,31938380.0,897338.0,,11313.5165,"{""activation"": ""selu"", ""batch_size"": 16, ""data_augmentation"": false, ""dr_f"": 0.035106188573, ""learning_rate"": 0.000604439294, ""new_fc_1"": 4, ""new_fc_10"": 30, ""new_fc_2"": 22, ""new_fc_3"": 7, ""new_fc_4"": 25, ""new_fc_5"": 22, ""new_fc_6"": 28, ""new_fc_7"": 2, ""new_fc_8"": 23, ""new_fc_9"": 22, ""num_neurons"": 16, ""optimizer"": ""Adadelta"", ""reg_l2"": false, ""skip_connection"": false, ""unit_c1"": 2, ""unit_c2"": 2}"
247,119,accuracy,0.6924000084400177,0.3075999915599823,0.22127202666666668,33190804.0,290058.0,-0.44893838609198755,11818.2785,"{""activation"": ""selu"", ""batch_size"": 32, ""data_augmentation"": false, ""dr_f"": 0.491683133418, ""learning_rate"": 0.000217000899, ""new_fc_1"": 4, ""new_fc_10"": 20, ""new_fc_2"": 32, ""new_fc_3"": 20, ""new_fc_4"": 19, ""new_fc_5"": 9, ""new_fc_6"": 31, ""new_fc_7"": 5, ""new_fc_8"": 9, ""new_fc_9"": 6, ""num_neurons"": 8, ""optimizer"": ""Adam"", ""reg_l2"": true, ""skip_connection"": false, ""unit_c1"": 3, ""unit_c2"": 7}"
248,119,flops,,,0.051345013333333335,7701752.0,54762.0,,11819.3976,"{""activation"": ""elu"", ""batch_size"": 16, ""data_augmentation"": true, ""dr_f"": 0.230387261775, ""learning_rate"": 0.000712330767, ""new_fc_1"": 1, ""new_fc_10"": 16, ""new_fc_2"": 8, ""new_fc_3"": 12, ""new_fc_4"": 2, ""new_fc_5"": 26, ""new_fc_6"": 29, ""new_fc_7"": 28, ""new_fc_8"": 14, ""new_fc_9"": 7, ""num_neurons"": 4, ""optimizer"": ""Adamax"", ""reg_l2"": false, ""skip_connection"": true, ""unit_c1"": 3, ""unit_c2"": 6}"
249,120,accuracy,10000000000.0,,1.5247814133333333,228717212.0,5223690.0,10000000000.0,11820.7831,"{""activation"": ""selu"", ""batch_size"": 8, ""data_augmentation"": false, ""dr_f"": 0.451588159539, ""learning_rate"": 0.000628845427, ""new_fc_1"": 6, ""new_fc_10"": 18, ""new_fc_2"": 12, ""new_fc_3"": 30, ""new_fc_4"": 6, ""new_fc_5"": 23, ""new_fc_6"": 24, ""new_fc_7"": 16, ""new_fc_8"": 32, ""new_fc_9"": 4, ""num_neurons"": 32, ""optimizer"": ""Adam"", ""reg_l2"": true, ""skip_connection"": false, ""unit_c1"": 1, ""unit_c2"": 6}"
250,120,flops,,,0.057167546666666666,8575132.0,283562.0,,11822.0576,"{""activation"": ""selu"", ""batch_size"": 32, ""data_augmentation"": false, ""dr_f"": 0.446198508162, ""learning_rate"": 0.000156207618, ""new_fc_1"": 13, ""new_fc_10"": 3, ""new_fc_2"": 17, ""new_fc_3"": 11, ""new_fc_4"": 29, ""new_fc_5"": 29, ""new_fc_6"": 10, ""new_fc_7"": 23, ""new_fc_8"": 16, ""new_fc_9"": 9, ""num_neurons"": 8, ""optimizer"": ""Adagrad"", ""reg_l2"": false, ""skip_connection"": false, ""unit_c1"": 2, ""unit_c2"": 2}"
251,120,flops,,,1.0441304266666667,156619564.0,3445306.0,,11823.2311,"{""activation"": ""relu"", ""batch_size"": 32, ""data_augmentation"": false, ""dr_f"": 0.202269773453, ""learning_rate"": 0.000428340512, ""new_fc_1"": 30, ""new_fc_10"": 30, ""new_fc_2"": 6, ""new_fc_3"": 28, ""new_fc_4"": 4, ""new_fc_5"": 8, ""new_fc_6"": 10, ""new_fc_7"": 10, ""new_fc_8"": 17, ""new_fc_9"": 8, ""num_neurons"": 16, ""optimizer"": ""Adamax"", ""reg_l2"": false, ""skip_connection"": false, ""unit_c1"": 4, ""unit_c2"": 6}"
252,120,flops,,,2.52712424,379068636.0,4102634.0,,11824.6197,"{""activation"": ""selu"", ""batch_size"": 32, ""data_augmentation"": true, ""dr_f"": 0.440352883096, ""learning_rate"": 0.000597261657, ""new_fc_1"": 22, ""new_fc_10"": 32, ""new_fc_2"": 14, ""new_fc_3"": 7, ""new_fc_4"": 20, ""new_fc_5"": 3, ""new_fc_6"": 5, ""new_fc_7"": 23, ""new_fc_8"": 6, ""new_fc_9"": 1, ""num_neurons"": 32, ""optimizer"": ""Adadelta"", ""reg_l2"": false, ""skip_connection"": true, ""unit_c1"": 4, ""unit_c2"": 2}"
253,121,accuracy,0.46230000257492065,0.5376999974250793,0.21292253333333333,31938380.0,897338.0,-0.6125132381975555,12989.4284,"{""activation"": ""selu"", ""batch_size"": 16, ""data_augmentation"": false, ""dr_f"": 0.035106188573, ""learning_rate"": 0.000604439294, ""new_fc_1"": 4, ""new_fc_10"": 30, ""new_fc_2"": 22, ""new_fc_3"": 7, ""new_fc_4"": 25, ""new_fc_5"": 22, ""new_fc_6"": 28, ""new_fc_7"": 2, ""new_fc_8"": 23, ""new_fc_9"": 22, ""num_neurons"": 16, ""optimizer"": ""Adadelta"", ""reg_l2"": false, ""skip_connection"": false, ""unit_c1"": 2, ""unit_c2"": 2}"
254,122,accuracy,0.28769999742507935,0.7123000025749207,0.020870346666666668,3130552.0,127386.0,-0.7923488978024444,13554.2004,"{""activation"": ""elu"", ""batch_size"": 32, ""data_augmentation"": true, ""dr_f"": 0.29282674057, ""learning_rate"": 0.000240552363, ""new_fc_1"": 30, ""new_fc_10"": 5, ""new_fc_2"": 0, ""new_fc_3"": 0, ""new_fc_4"": 31, ""new_fc_5"": 6, ""new_fc_6"": 24, ""new_fc_7"": 14, ""new_fc_8"": 7, ""new_fc_9"": 22, ""num_neurons"": 4, ""optimizer"": ""Adam"", ""reg_l2"": false, ""skip_connection"": true, ""unit_c1"": 2, ""unit_c2"": 3}"
255,122,flops,,,0.05225245333333333,7837868.0,251606.0,,13555.3621,"{""activation"": ""relu"", ""batch_size"": 32, ""data_augmentation"": false, ""dr_f"": 0.38520788894, ""learning_rate"": 0.000221792221, ""new_fc_1"": 29, ""new_fc_10"": 6, ""new_fc_2"": 31, ""new_fc_3"": 14, ""new_fc_4"": 25, ""new_fc_5"": 31, ""new_fc_6"": 21, ""new_fc_7"": 24, ""new_fc_8"": 5, ""new_fc_9"": 18, ""num_neurons"": 4, ""optimizer"": ""Adamax"", ""reg_l2"": false, ""skip_connection"": false, ""unit_c1"": 3, ""unit_c2"": 6}"
256,123,accuracy,0.5593999922275543,0.4406000077724457,0.3916692,58750380.0,876586.0,-0.49091924544071197,15861.1066,"{""activation"": ""selu"", ""batch_size"": 8, ""data_augmentation"": false, ""dr_f"": 0.083855323151, ""learning_rate"": 0.000106288507, ""new_fc_1"": 8, ""new_fc_10"": 32, ""new_fc_2"": 8, ""new_fc_3"": 30, ""new_fc_4"": 23, ""new_fc_5"": 4, ""new_fc_6"": 6, ""new_fc_7"": 8, ""new_fc_8"": 2, ""new_fc_9"": 30, ""num_neurons"": 16, ""optimizer"": ""Adadelta"", ""reg_l2"": false, ""skip_connection"": false, ""unit_c1"": 3, ""unit_c2"": 2}"
257,124,accuracy,0.9001000002026558,0.09989999979734421,0.45806749333333335,68710124.0,822506.0,-0.23250975185814093,16727.5888,"{""activation"": ""swish"", ""batch_size"": 8, ""data_augmentation"": false, ""dr_f"": 0.328805569345, ""learning_rate"": 0.000933604287, ""new_fc_1"": 9, ""new_fc_10"": 26, ""new_fc_2"": 3, ""new_fc_3"": 31, ""new_fc_4"": 17, ""new_fc_5"": 6, ""new_fc_6"": 23, ""new_fc_7"": 4, ""new_fc_8"": 2, ""new_fc_9"": 8, ""num_neurons"": 16, ""optimizer"": ""Adadelta"", ""reg_l2"": true, ""skip_connection"": true, ""unit_c1"": 3, ""unit_c2"": 3}"
258,125,accuracy,10000000000.0,,7.16112808,1074169212.0,42326666.0,10000000000.0,16730.5209,"{""activation"": ""selu"", ""batch_size"": 32, ""data_augmentation"": false, ""dr_f"": 0.097599386013, ""learning_rate"": 0.000788576525, ""new_fc_1"": 24, ""new_fc_10"": 6, ""new_fc_2"": 25, ""new_fc_3"": 12, ""new_fc_4"": 3, ""new_fc_5"": 17, ""new_fc_6"": 23, ""new_fc_7"": 14, ""new_fc_8"": 15, ""new_fc_9"": 18, ""num_neurons"": 64, ""optimizer"": ""Adagrad"", ""reg_l2"": false, ""skip_connection"": true, ""unit_c1"": 2, ""unit_c2"": 5}"
259,125,flops,,,14.259316026666667,2138897404.0,35462986.0,,3.0586,"{""activation"": ""relu"", ""batch_size"": 8, ""data_augmentation"": true, ""dr_f"": 0.182196411411, ""learning_rate"": 0.000229232309, ""new_fc_1"": 20, ""new_fc_10"": 24, ""new_fc_2"": 20, ""new_fc_3"": 14, ""new_fc_4"": 2, ""new_fc_5"": 8, ""new_fc_6"": 7, ""new_fc_7"": 22, ""new_fc_8"": 13, ""new_fc_9"": 13, ""num_neurons"": 64, ""optimizer"": ""Adagrad"", ""reg_l2"": false, ""skip_connection"": false, ""unit_c1"": 4, ""unit_c2"": 5}"
260,125,flops,,,0.39470952,59206428.0,508186.0,,4.18,"{""activation"": ""elu"", ""batch_size"": 32, ""data_augmentation"": false, ""dr_f"": 0.36453804161, ""learning_rate"": 0.000521570406, ""new_fc_1"": 4, ""new_fc_10"": 31, ""new_fc_2"": 8, ""new_fc_3"": 23, ""new_fc_4"": 27, ""new_fc_5"": 5, ""new_fc_6"": 4, ""new_fc_7"": 22, ""new_fc_8"": 1, ""new_fc_9"": 5, ""num_neurons"": 16, ""optimizer"": ""Adam"", ""reg_l2"": false, ""skip_connection"": true, ""unit_c1"": 3, ""unit_c2"": 2}"
261,126,accuracy,0.8991999998688698,0.10080000013113022,0.057167546666666666,8575132.0,283562.0,-0.3534097360917911,209.3786,"{""activation"": ""selu"", ""batch_size"": 32, ""data_augmentation"": false, ""dr_f"": 0.446198508162, ""learning_rate"": 0.000156207618, ""new_fc_1"": 13, ""new_fc_10"": 3, ""new_fc_2"": 17, ""new_fc_3"": 11, ""new_fc_4"": 29, ""new_fc_5"": 29, ""new_fc_6"": 10, ""new_fc_7"": 23, ""new_fc_8"": 16, ""new_fc_9"": 9, ""num_neurons"": 8, ""optimizer"": ""Adagrad"", ""reg_l2"": false, ""skip_connection"": false, ""unit_c1"": 2, ""unit_c2"": 2}"
262,127,accuracy,10000000000.0,,7.257319226666667,1088597884.0,49541514.0,10000000000.0,212.627,"{""activation"": ""relu"", ""batch_size"": 32, ""data_augmentation"": false, ""dr_f"": 0.244810064637, ""learning_rate"": 0.00021932505, ""new_fc_1"": 29, ""new_fc_10"": 20, ""new_fc_2"": 17, ""new_fc_3"": 6, ""new_fc_4"": 16, ""new_fc_5"": 21, ""new_fc_6"": 19, ""new_fc_7"": 23, ""new_fc_8"": 9, ""new_fc_9"": 13, ""num_neurons"": 64, ""optimizer"": ""Adamax"", ""reg_l2"": true, ""skip_connection"": true, ""unit_c1"": 2, ""unit_c2"": 5}"
263,127,flops,,,0.53658664,80487996.0,4478202.0,,213.8416,"{""activation"": ""elu"", ""batch_size"": 8, ""data_augmentation"": false, ""dr_f"": 0.031813523052, ""learning_rate"": 0.000613621912, ""new_fc_1"": 30, ""new_fc_10"": 14, ""new_fc_2"": 18, ""new_fc_3"": 10, ""new_fc_4"": 11, ""new_fc_5"": 32, ""new_fc_6"": 22, ""new_fc_7"": 21, ""new_fc_8"": 20, ""new_fc_9"": 22, ""num_neurons"": 16, ""optimizer"": ""Adadelta"", ""reg_l2"": true, ""skip_connection"": false, ""unit_c1"": 1, ""unit_c2"": 7}"
264,128,accuracy,0.8999999985098839,0.10000000149011612,0.41017277333333335,61525916.0,6279946.0,-0.24694816904308126,1019.3643,"{""activation"": ""relu"", ""batch_size"": 8, ""data_augmentation"": true, ""dr_f"": 0.242539424217, ""learning_rate"": 0.000690480075, ""new_fc_1"": 24, ""new_fc_10"": 26, ""new_fc_2"": 19, ""new_fc_3"": 11, ""new_fc_4"": 16, ""new_fc_5"": 3, ""new_fc_6"": 5, ""new_fc_7"": 21, ""new_fc_8"": 30, ""new_fc_9"": 24, ""num_neurons"": 32, ""optimizer"": ""Adam"", ""reg_l2"": false, ""skip_connection"": false, ""unit_c1"": 1, ""unit_c2"": 2}"
265,129,accuracy,0.254800021648407,0.745199978351593,0.39470952,59206428.0,508186.0,-0.703227128846115,1704.4733,"{""activation"": ""elu"", ""batch_size"": 32, ""data_augmentation"": false, ""dr_f"": 0.36453804161, ""learning_rate"": 0.000521570406, ""new_fc_1"": 4, ""new_fc_10"": 31, ""new_fc_2"": 8, ""new_fc_3"": 23, ""new_fc_4"": 27, ""new_fc_5"": 5, ""new_fc_6"": 4, ""new_fc_7"": 22, ""new_fc_8"": 1, ""new_fc_9"": 5, ""num_neurons"": 16, ""optimizer"": ""Adam"", ""reg_l2"": false, ""skip_connection"": true, ""unit_c1"": 3, ""unit_c2"": 2}"
266,129,flops,,,0.7959976266666666,119399644.0,861706.0,,1705.7401,"{""activation"": ""swish"", ""batch_size"": 64, ""data_augmentation"": false, ""dr_f"": 0.360135672253, ""learning_rate"": 0.00021498722, ""new_fc_1"": 2, ""new_fc_10"": 5, ""new_fc_2"": 22, ""new_fc_3"": 32, ""new_fc_4"": 17, ""new_fc_5"": 18, ""new_fc_6"": 13, ""new_fc_7"": 32, ""new_fc_8"": 1, ""new_fc_9"": 20, ""num_neurons"": 16, ""optimizer"": ""Adamax"", ""reg_l2"": true, ""skip_connection"": true, ""unit_c1"": 4, ""unit_c2"": 4}"
267,130,accuracy,0.48680001497268677,0.5131999850273132,0.46268605333333335,69402908.0,1496666.0,-0.5204341735191192,2450.2762,"{""activation"": ""selu"", ""batch_size"": 32, ""data_augmentation"": false, ""dr_f"": 0.273517849908, ""learning_rate"": 0.000593068498, ""new_fc_1"": 16, ""new_fc_10"": 0, ""new_fc_2"": 12, ""new_fc_3"": 22, ""new_fc_4"": 25, ""new_fc_5"": 10, ""new_fc_6"": 0, ""new_fc_7"": 31, ""new_fc_8"": 15, ""new_fc_9"": 31, ""num_neurons"": 16, ""optimizer"": ""Adadelta"", ""reg_l2"": false, ""skip_connection"": false, ""unit_c1"": 3, ""unit_c2"": 3}"
268,130,flops,,,13.667799866666666,2050169980.0,21891338.0,,2452.2313,"{""activation"": ""elu"", ""batch_size"": 8, ""data_augmentation"": true, ""dr_f"": 0.493255182092, ""learning_rate"": 0.000227084718, ""new_fc_1"": 5, ""new_fc_10"": 5, ""new_fc_2"": 9, ""new_fc_3"": 20, ""new_fc_4"": 2, ""new_fc_5"": 28, ""new_fc_6"": 0, ""new_fc_7"": 26, ""new_fc_8"": 30, ""new_fc_9"": 16, ""num_neurons"": 64, ""optimizer"": ""Adadelta"", ""reg_l2"": false, ""skip_connection"": false, ""unit_c1"": 3, ""unit_c2"": 7}"
269,131,accuracy,0.8999999985098839,0.10000000149011612,0.66229128,99343692.0,2241146.0,-0.17131261704308126,2657.3894,"{""activation"": ""relu"", ""batch_size"": 64, ""data_augmentation"": true, ""dr_f"": 0.165148867725, ""learning_rate"": 0.000775530716, ""new_fc_1"": 30, ""new_fc_10"": 26, ""new_fc_2"": 18, ""new_fc_3"": 2, ""new_fc_4"": 28, ""new_fc_5"": 25, ""new_fc_6"": 31, ""new_fc_7"": 26, ""new_fc_8"": 32, ""new_fc_9"": 15, ""num_neurons"": 16, ""optimizer"": ""Adamax"", ""reg_l2"": true, ""skip_connection"": true, ""unit_c1"": 4, ""unit_c2"": 2}"
270,132,accuracy,0.8999999985098839,0.10000000149011612,0.82393832,123590748.0,2956586.0,-0.12281850504308128,3163.1147,"{""activation"": ""swish"", ""batch_size"": 16, ""data_augmentation"": true, ""dr_f"": 0.186627218926, ""learning_rate"": 0.000726282524, ""new_fc_1"": 13, ""new_fc_10"": 20, ""new_fc_2"": 4, ""new_fc_3"": 3, ""new_fc_4"": 2, ""new_fc_5"": 11, ""new_fc_6"": 30, ""new_fc_7"": 7, ""new_fc_8"": 27, ""new_fc_9"": 6, ""num_neurons"": 32, ""optimizer"": ""SGD"", ""reg_l2"": true, ""skip_connection"": true, ""unit_c1"": 2, ""unit_c2"": 2}"
271,133,accuracy,0.694599986076355,0.305400013923645,0.2841185866666667,42617788.0,1582810.0,-0.4285444337465515,4328.3313,"{""activation"": ""selu"", ""batch_size"": 16, ""data_augmentation"": true, ""dr_f"": 0.411735333463, ""learning_rate"": 0.000176577205, ""new_fc_1"": 0, ""new_fc_10"": 7, ""new_fc_2"": 26, ""new_fc_3"": 12, ""new_fc_4"": 7, ""new_fc_5"": 15, ""new_fc_6"": 3, ""new_fc_7"": 6, ""new_fc_8"": 10, ""new_fc_9"": 22, ""num_neurons"": 16, ""optimizer"": ""Adagrad"", ""reg_l2"": false, ""skip_connection"": true, ""unit_c1"": 2, ""unit_c2"": 3}"
272,134,accuracy,10000000000.0,,14.259316026666667,2138897404.0,35462986.0,10000000000.0,4330.8651,"{""activation"": ""relu"", ""batch_size"": 8, ""data_augmentation"": true, ""dr_f"": 0.182196411411, ""learning_rate"": 0.000229232309, ""new_fc_1"": 20, ""new_fc_10"": 24, ""new_fc_2"": 20, ""new_fc_3"": 14, ""new_fc_4"": 2, ""new_fc_5"": 8, ""new_fc_6"": 7, ""new_fc_7"": 22, ""new_fc_8"": 13, ""new_fc_9"": 13, ""num_neurons"": 64, ""optimizer"": ""Adagrad"", ""reg_l2"": false, ""skip_connection"": false, ""unit_c1"": 4, ""unit_c2"": 5}"
273,135,accuracy,0.49790000915527344,0.5020999908447266,0.53658664,80487996.0,4478202.0,-0.4904940015913086,7116.315,"{""activation"": ""elu"", ""batch_size"": 8, ""data_augmentation"": false, ""dr_f"": 0.031813523052, ""learning_rate"": 0.000613621912, ""new_fc_1"": 30, ""new_fc_10"": 14, ""new_fc_2"": 18, ""new_fc_3"": 10, ""new_fc_4"": 11, ""new_fc_5"": 32, ""new_fc_6"": 22, ""new_fc_7"": 21, ""new_fc_8"": 20, ""new_fc_9"": 22, ""num_neurons"": 16, ""optimizer"": ""Adadelta"", ""reg_l2"": true, ""skip_connection"": false, ""unit_c1"": 1, ""unit_c2"": 7}"
274,135,flops,,,1.3236763466666666,198551452.0,864586.0,,7117.548,"{""activation"": ""selu"", ""batch_size"": 16, ""data_augmentation"": false, ""dr_f"": 0.44135648189, ""learning_rate"": 0.000795749602, ""new_fc_1"": 1, ""new_fc_10"": 3, ""new_fc_2"": 31, ""new_fc_3"": 18, ""new_fc_4"": 0, ""new_fc_5"": 20, ""new_fc_6"": 14, ""new_fc_7"": 20, ""new_fc_8"": 14, ""new_fc_9"": 1, ""num_neurons"": 16, ""optimizer"": ""Adadelta"", ""reg_l2"": false, ""skip_connection"": true, ""unit_c1"": 4, ""unit_c2"": 8}"
275,135,flops,,,1.3443542133333333,201653132.0,2216346.0,,7118.9021,"{""activation"": ""swish"", ""batch_size"": 8, ""data_augmentation"": false, ""dr_f"": 0.494000051818, ""learning_rate"": 0.00023814101, ""new_fc_1"": 9, ""new_fc_10"": 29, ""new_fc_2"": 26, ""new_fc_3"": 32, ""new_fc_4"": 10, ""new_fc_5"": 14, ""new_fc_6"": 8, ""new_fc_7"": 24, ""new_fc_8"": 5, ""new_fc_9"": 30, ""num_neurons"": 16, ""optimizer"": ""SGD"", ""reg_l2"": true, ""skip_connection"": true, ""unit_c1"": 4, ""unit_c2"": 8}"
276,136,accuracy,0.47049999237060547,0.5295000076293945,0.06945146666666667,10417720.0,134794.0,-0.6498145653405761,7505.219,"{""activation"": ""elu"", ""batch_size"": 64, ""data_augmentation"": true, ""dr_f"": 0.038875881992, ""learning_rate"": 0.00077525692, ""new_fc_1"": 7, ""new_fc_10"": 21, ""new_fc_2"": 19, ""new_fc_3"": 31, ""new_fc_4"": 31, ""new_fc_5"": 20, ""new_fc_6"": 31, ""new_fc_7"": 14, ""new_fc_8"": 1, ""new_fc_9"": 20, ""num_neurons"": 4, ""optimizer"": ""Adagrad"", ""reg_l2"": false, ""skip_connection"": true, ""unit_c1"": 3, ""unit_c2"": 8}"
277,137,accuracy,0.9016000032424927,0.09839999675750732,0.06118656,9177984.0,105838.0,-0.3505240297302551,7651.5131,"{""activation"": ""selu"", ""batch_size"": 64, ""data_augmentation"": false, ""dr_f"": 0.46387823393, ""learning_rate"": 0.000985333755, ""new_fc_1"": 9, ""new_fc_10"": 31, ""new_fc_2"": 25, ""new_fc_3"": 28, ""new_fc_4"": 31, ""new_fc_5"": 13, ""new_fc_6"": 1, ""new_fc_7"": 26, ""new_fc_8"": 19, ""new_fc_9"": 6, ""num_neurons"": 4, ""optimizer"": ""Adadelta"", ""reg_l2"": false, ""skip_connection"": false, ""unit_c1"": 4, ""unit_c2"": 5}"
278,138,accuracy,10000000000.0,,1.3525512266666666,202882684.0,4380842.0,10000000000.0,7652.9637,"{""activation"": ""selu"", ""batch_size"": 16, ""data_augmentation"": false, ""dr_f"": 0.198866164611, ""learning_rate"": 0.00068258342, ""new_fc_1"": 31, ""new_fc_10"": 23, ""new_fc_2"": 30, ""new_fc_3"": 18, ""new_fc_4"": 14, ""new_fc_5"": 4, ""new_fc_6"": 11, ""new_fc_7"": 5, ""new_fc_8"": 27, ""new_fc_9"": 3, ""num_neurons"": 32, ""optimizer"": ""Adamax"", ""reg_l2"": false, ""skip_connection"": false, ""unit_c1"": 3, ""unit_c2"": 1}"
279,139,accuracy,0.8999999985098839,0.10000000149011612,0.7959976266666666,119399644.0,861706.0,-0.13120071304308129,7918.2783,"{""activation"": ""swish"", ""batch_size"": 64, ""data_augmentation"": false, ""dr_f"": 0.360135672253, ""learning_rate"": 0.00021498722, ""new_fc_1"": 2, ""new_fc_10"": 5, ""new_fc_2"": 22, ""new_fc_3"": 32, ""new_fc_4"": 17, ""new_fc_5"": 18, ""new_fc_6"": 13, ""new_fc_7"": 32, ""new_fc_8"": 1, ""new_fc_9"": 20, ""num_neurons"": 16, ""optimizer"": ""Adamax"", ""reg_l2"": true, ""skip_connection"": true, ""unit_c1"": 4, ""unit_c2"": 4}"
280,140,accuracy,0.5455999970436096,0.4544000029563904,0.23395154666666668,35092732.0,2606554.0,-0.5478945380694733,8423.161,"{""activation"": ""elu"", ""batch_size"": 64, ""data_augmentation"": true, ""dr_f"": 0.31311712604, ""learning_rate"": 0.000592166242, ""new_fc_1"": 28, ""new_fc_10"": 6, ""new_fc_2"": 21, ""new_fc_3"": 14, ""new_fc_4"": 11, ""new_fc_5"": 19, ""new_fc_6"": 28, ""new_fc_7"": 9, ""new_fc_8"": 17, ""new_fc_9"": 27, ""num_neurons"": 16, ""optimizer"": ""Adadelta"", ""reg_l2"": false, ""skip_connection"": true, ""unit_c1"": 1, ""unit_c2"": 4}"
281,141,accuracy,10000000000.0,,4.698690746666666,704803612.0,16783338.0,10000000000.0,8425.1595,"{""activation"": ""selu"", ""batch_size"": 16, ""data_augmentation"": false, ""dr_f"": 0.115984269194, ""learning_rate"": 0.000866460333, ""new_fc_1"": 30, ""new_fc_10"": 25, ""new_fc_2"": 19, ""new_fc_3"": 9, ""new_fc_4"": 10, ""new_fc_5"": 13, ""new_fc_6"": 25, ""new_fc_7"": 13, ""new_fc_8"": 5, ""new_fc_9"": 14, ""num_neurons"": 32, ""optimizer"": ""SGD"", ""reg_l2"": true, ""skip_connection"": false, ""unit_c1"": 4, ""unit_c2"": 7}"
282,141,flops,,,0.045095786666666665,6764368.0,114974.0,,8426.518,"{""activation"": ""selu"", ""batch_size"": 32, ""data_augmentation"": true, ""dr_f"": 0.115949259012, ""learning_rate"": 0.000687214266, ""new_fc_1"": 11, ""new_fc_10"": 0, ""new_fc_2"": 4, ""new_fc_3"": 18, ""new_fc_4"": 26, ""new_fc_5"": 12, ""new_fc_6"": 31, ""new_fc_7"": 0, ""new_fc_8"": 30, ""new_fc_9"": 29, ""num_neurons"": 4, ""optimizer"": ""Adamax"", ""reg_l2"": false, ""skip_connection"": true, ""unit_c1"": 3, ""unit_c2"": 5}"
283,141,flops,,,8.867100133333333,1330065020.0,43342858.0,,8429.4291,"{""activation"": ""elu"", ""batch_size"": 16, ""data_augmentation"": true, ""dr_f"": 0.413351481273, ""learning_rate"": 0.000629195512, ""new_fc_1"": 26, ""new_fc_10"": 12, ""new_fc_2"": 31, ""new_fc_3"": 18, ""new_fc_4"": 18, ""new_fc_5"": 29, ""new_fc_6"": 4, ""new_fc_7"": 19, ""new_fc_8"": 23, ""new_fc_9"": 21, ""num_neurons"": 64, ""optimizer"": ""Adagrad"", ""reg_l2"": true, ""skip_connection"": true, ""unit_c1"": 3, ""unit_c2"": 4}"
284,142,accuracy,0.7562000006437302,0.24379999935626984,0.05225245333333333,7837868.0,251606.0,-0.45498426354938887,8814.2263,"{""activation"": ""relu"", ""batch_size"": 32, ""data_augmentation"": false, ""dr_f"": 0.38520788894, ""learning_rate"": 0.000221792221, ""new_fc_1"": 29, ""new_fc_10"": 6, ""new_fc_2"": 31, ""new_fc_3"": 14, ""new_fc_4"": 25, ""new_fc_5"": 31, ""new_fc_6"": 21, ""new_fc_7"": 24, ""new_fc_8"": 5, ""new_fc_9"": 18, ""num_neurons"": 4, ""optimizer"": ""Adamax"", ""reg_l2"": false, ""skip_connection"": false, ""unit_c1"": 3, ""unit_c2"": 6}"
285,143,accuracy,0.8575000017881393,0.14249999821186066,0.016227493333333332,2434124.0,176182.0,-0.39488175074830245,9079.2296,"{""activation"": ""relu"", ""batch_size"": 32, ""data_augmentation"": false, ""dr_f"": 0.184685218105, ""learning_rate"": 0.000986173072, ""new_fc_1"": 30, ""new_fc_10"": 5, ""new_fc_2"": 30, ""new_fc_3"": 19, ""new_fc_4"": 21, ""new_fc_5"": 11, ""new_fc_6"": 2, ""new_fc_7"": 14, ""new_fc_8"": 28, ""new_fc_9"": 16, ""num_neurons"": 4, ""optimizer"": ""Adadelta"", ""reg_l2"": true, ""skip_connection"": true, ""unit_c1"": 1, ""unit_c2"": 4}"
286,144,accuracy,10000000000.0,,13.667799866666666,2050169980.0,21891338.0,10000000000.0,9081.1965,"{""activation"": ""elu"", ""batch_size"": 8, ""data_augmentation"": true, ""dr_f"": 0.493255182092, ""learning_rate"": 0.000227084718, ""new_fc_1"": 5, ""new_fc_10"": 5, ""new_fc_2"": 9, ""new_fc_3"": 20, ""new_fc_4"": 2, ""new_fc_5"": 28, ""new_fc_6"": 0, ""new_fc_7"": 26, ""new_fc_8"": 30, ""new_fc_9"": 16, ""num_neurons"": 64, ""optimizer"": ""Adadelta"", ""reg_l2"": false, ""skip_connection"": false, ""unit_c1"": 3, ""unit_c2"": 7}"
287,144,flops,,,0.03299970666666667,4949956.0,52054.0,,9082.5825,"{""activation"": ""swish"", ""batch_size"": 64, ""data_augmentation"": false, ""dr_f"": 0.487394576521, ""learning_rate"": 0.00066771866, ""new_fc_1"": 3, ""new_fc_10"": 32, ""new_fc_2"": 18, ""new_fc_3"": 1, ""new_fc_4"": 28, ""new_fc_5"": 24, ""new_fc_6"": 26, ""new_fc_7"": 13, ""new_fc_8"": 12, ""new_fc_9"": 9, ""num_neurons"": 4, ""optimizer"": ""Adam"", ""reg_l2"": false, ""skip_connection"": true, ""unit_c1"": 3, ""unit_c2"": 3}"
288,144,flops,,,6.578955493333333,986843324.0,58889546.0,,9085.9188,"{""activation"": ""selu"", ""batch_size"": 64, ""data_augmentation"": false, ""dr_f"": 0.45582619952, ""learning_rate"": 0.000110348611, ""new_fc_1"": 29, ""new_fc_10"": 31, ""new_fc_2"": 0, ""new_fc_3"": 14, ""new_fc_4"": 21, ""new_fc_5"": 21, ""new_fc_6"": 12, ""new_fc_7"": 9, ""new_fc_8"": 25, ""new_fc_9"": 20, ""num_neurons"": 64, ""optimizer"": ""Adagrad"", ""reg_l2"": false, ""skip_connection"": false, ""unit_c1"": 1, ""unit_c2"": 6}"
289,145,accuracy,0.3131999969482422,0.6868000030517578,0.045095786666666665,6764368.0,114974.0,-0.7672312661362304,9590.7304,"{""activation"": ""selu"", ""batch_size"": 32, ""data_augmentation"": true, ""dr_f"": 0.115949259012, ""learning_rate"": 0.000687214266, ""new_fc_1"": 11, ""new_fc_10"": 0, ""new_fc_2"": 4, ""new_fc_3"": 18, ""new_fc_4"": 26, ""new_fc_5"": 12, ""new_fc_6"": 31, ""new_fc_7"": 0, ""new_fc_8"": 30, ""new_fc_9"": 29, ""num_neurons"": 4, ""optimizer"": ""Adamax"", ""reg_l2"": false, ""skip_connection"": true, ""unit_c1"": 3, ""unit_c2"": 5}"
290,145,flops,,,0.16271736,24407604.0,552074.0,,9591.9681,"{""activation"": ""swish"", ""batch_size"": 8, ""data_augmentation"": true, ""dr_f"": 0.338206515271, ""learning_rate"": 0.000294085286, ""new_fc_1"": 11, ""new_fc_10"": 27, ""new_fc_2"": 13, ""new_fc_3"": 27, ""new_fc_4"": 28, ""new_fc_5"": 4, ""new_fc_6"": 11, ""new_fc_7"": 15, ""new_fc_8"": 11, ""new_fc_9"": 14, ""num_neurons"": 8, ""optimizer"": ""Adagrad"", ""reg_l2"": false, ""skip_connection"": true, ""unit_c1"": 1, ""unit_c2"": 8}"
291,146,accuracy,10000000000.0,,1.0441304266666667,156619564.0,3445306.0,10000000000.0,9593.3626,"{""activation"": ""relu"", ""batch_size"": 32, ""data_augmentation"": false, ""dr_f"": 0.202269773453, ""learning_rate"": 0.000428340512, ""new_fc_1"": 30, ""new_fc_10"": 30, ""new_fc_2"": 6, ""new_fc_3"": 28, ""new_fc_4"": 4, ""new_fc_5"": 8, ""new_fc_6"": 10, ""new_fc_7"": 10, ""new_fc_8"": 17, ""new_fc_9"": 8, ""num_neurons"": 16, ""optimizer"": ""Adamax"", ""reg_l2"": false, ""skip_connection"": false, ""unit_c1"": 4, ""unit_c2"": 6}"
292,146,flops,,,1.2101580533333334,181523708.0,3785466.0,,9594.8055,"{""activation"": ""selu"", ""batch_size"": 32, ""data_augmentation"": false, ""dr_f"": 0.302946632573, ""learning_rate"": 0.000187574189, ""new_fc_1"": 24, ""new_fc_10"": 23, ""new_fc_2"": 28, ""new_fc_3"": 2, ""new_fc_4"": 10, ""new_fc_5"": 28, ""new_fc_6"": 23, ""new_fc_7"": 24, ""new_fc_8"": 20, ""new_fc_9"": 10, ""num_neurons"": 16, ""optimizer"": ""SGD"", ""reg_l2"": true, ""skip_connection"": true, ""unit_c1"": 4, ""unit_c2"": 7}"
293,147,accuracy,0.44620001316070557,0.5537999868392944,0.8557089866666666,128356348.0,5777802.0,-0.4309472947875061,10159.6332,"{""activation"": ""selu"", ""batch_size"": 64, ""data_augmentation"": false, ""dr_f"": 0.39666566852, ""learning_rate"": 0.000547656825, ""new_fc_1"": 23, ""new_fc_10"": 24, ""new_fc_2"": 19, ""new_fc_3"": 12, ""new_fc_4"": 3, ""new_fc_5"": 3, ""new_fc_6"": 2, ""new_fc_7"": 20, ""new_fc_8"": 26, ""new_fc_9"": 26, ""num_neurons"": 32, ""optimizer"": ""SGD"", ""reg_l2"": false, ""skip_connection"": false, ""unit_c1"": 2, ""unit_c2"": 2}"
294,148,accuracy,0.8999999985098839,0.10000000149011612,0.01393952,2090928.0,92406.0,-0.3658181450430813,10306.5041,"{""activation"": ""swish"", ""batch_size"": 64, ""data_augmentation"": false, ""dr_f"": 0.287468540498, ""learning_rate"": 0.000645045026, ""new_fc_1"": 23, ""new_fc_10"": 24, ""new_fc_2"": 25, ""new_fc_3"": 9, ""new_fc_4"": 18, ""new_fc_5"": 20, ""new_fc_6"": 21, ""new_fc_7"": 27, ""new_fc_8"": 26, ""new_fc_9"": 22, ""num_neurons"": 4, ""optimizer"": ""Adagrad"", ""reg_l2"": true, ""skip_connection"": false, ""unit_c1"": 2, ""unit_c2"": 1}"
295,149,accuracy,10000000000.0,,3.1418216266666668,471273244.0,3450858.0,10000000000.0,10307.9803,"{""activation"": ""relu"", ""batch_size"": 8, ""data_augmentation"": false, ""dr_f"": 0.171541756601, ""learning_rate"": 0.000890705415, ""new_fc_1"": 4, ""new_fc_10"": 5, ""new_fc_2"": 2, ""new_fc_3"": 11, ""new_fc_4"": 7, ""new_fc_5"": 17, ""new_fc_6"": 3, ""new_fc_7"": 2, ""new_fc_8"": 4, ""new_fc_9"": 28, ""num_neurons"": 32, ""optimizer"": ""Adamax"", ""reg_l2"": true, ""skip_connection"": true, ""unit_c1"": 2, ""unit_c2"": 8}"
296,149,flops,,,1.5168396533333333,227525948.0,15356618.0,,10309.8224,"{""activation"": ""elu"", ""batch_size"": 16, ""data_augmentation"": false, ""dr_f"": 0.192183033564, ""learning_rate"": 0.000667441672, ""new_fc_1"": 3, ""new_fc_10"": 24, ""new_fc_2"": 30, ""new_fc_3"": 32, ""new_fc_4"": 28, ""new_fc_5"": 15, ""new_fc_6"": 23, ""new_fc_7"": 6, ""new_fc_8"": 4, ""new_fc_9"": 15, ""num_neurons"": 64, ""optimizer"": ""Adam"", ""reg_l2"": true, ""skip_connection"": true, ""unit_c1"": 1, ""unit_c2"": 2}"
297,150,accuracy,10000000000.0,,2.4813209333333335,372198140.0,3296650.0,10000000000.0,10311.1952,"{""activation"": ""elu"", ""batch_size"": 16, ""data_augmentation"": true, ""dr_f"": 0.472135942729, ""learning_rate"": 0.000665307412, ""new_fc_1"": 4, ""new_fc_10"": 13, ""new_fc_2"": 4, ""new_fc_3"": 3, ""new_fc_4"": 15, ""new_fc_5"": 18, ""new_fc_6"": 29, ""new_fc_7"": 18, ""new_fc_8"": 30, ""new_fc_9"": 12, ""num_neurons"": 32, ""optimizer"": ""Adadelta"", ""reg_l2"": true, ""skip_connection"": false, ""unit_c1"": 4, ""unit_c2"": 2}"
298,150,flops,,,0.013994613333333333,2099192.0,54786.0,,1.7106,"{""activation"": ""swish"", ""batch_size"": 16, ""data_augmentation"": true, ""dr_f"": 0.141228861602, ""learning_rate"": 0.000615988783, ""new_fc_1"": 26, ""new_fc_10"": 0, ""new_fc_2"": 15, ""new_fc_3"": 22, ""new_fc_4"": 20, ""new_fc_5"": 3, ""new_fc_6"": 21, ""new_fc_7"": 11, ""new_fc_8"": 5, ""new_fc_9"": 10, ""num_neurons"": 4, ""optimizer"": ""SGD"", ""reg_l2"": false, ""skip_connection"": true, ""unit_c1"": 2, ""unit_c2"": 1}"
299,151,accuracy,0.8994000032544136,0.1005999967455864,0.04496184,6744276.0,67746.0,-0.3569314457219105,207.1423,"{""activation"": ""swish"", ""batch_size"": 32, ""data_augmentation"": false, ""dr_f"": 0.068131315874, ""learning_rate"": 0.000390007346, ""new_fc_1"": 7, ""new_fc_10"": 2, ""new_fc_2"": 18, ""new_fc_3"": 14, ""new_fc_4"": 24, ""new_fc_5"": 19, ""new_fc_6"": 30, ""new_fc_7"": 17, ""new_fc_8"": 20, ""new_fc_9"": 19, ""num_neurons"": 4, ""optimizer"": ""Adadelta"", ""reg_l2"": false, ""skip_connection"": false, ""unit_c1"": 4, ""unit_c2"": 2}"
300,152,accuracy,10000000000.0,,2.58695016,388042524.0,12308874.0,10000000000.0,208.993,"{""activation"": ""selu"", ""batch_size"": 8, ""data_augmentation"": true, ""dr_f"": 0.327149087023, ""learning_rate"": 0.000215755596, ""new_fc_1"": 30, ""new_fc_10"": 14, ""new_fc_2"": 28, ""new_fc_3"": 2, ""new_fc_4"": 21, ""new_fc_5"": 13, ""new_fc_6"": 12, ""new_fc_7"": 15, ""new_fc_8"": 21, ""new_fc_9"": 3, ""num_neurons"": 32, ""optimizer"": ""Adam"", ""reg_l2"": true, ""skip_connection"": false, ""unit_c1"": 3, ""unit_c2"": 5}"
301,153,accuracy,10000000000.0,,4.137259066666667,620588860.0,7434442.0,10000000000.0,210.6885,"{""activation"": ""swish"", ""batch_size"": 32, ""data_augmentation"": true, ""dr_f"": 0.394317766717, ""learning_rate"": 0.00098327581, ""new_fc_1"": 11, ""new_fc_10"": 12, ""new_fc_2"": 30, ""new_fc_3"": 15, ""new_fc_4"": 32, ""new_fc_5"": 16, ""new_fc_6"": 0, ""new_fc_7"": 22, ""new_fc_8"": 1, ""new_fc_9"": 13, ""num_neurons"": 32, ""optimizer"": ""Adadelta"", ""reg_l2"": true, ""skip_connection"": true, ""unit_c1"": 4, ""unit_c2"": 6}"
302,153,flops,,,1.06992456,160488684.0,4086666.0,,211.9536,"{""activation"": ""elu"", ""batch_size"": 8, ""data_augmentation"": false, ""dr_f"": 0.405866180844, ""learning_rate"": 0.000795881934, ""new_fc_1"": 26, ""new_fc_10"": 11, ""new_fc_2"": 16, ""new_fc_3"": 12, ""new_fc_4"": 30, ""new_fc_5"": 14, ""new_fc_6"": 15, ""new_fc_7"": 2, ""new_fc_8"": 14, ""new_fc_9"": 3, ""num_neurons"": 16, ""optimizer"": ""Adagrad"", ""reg_l2"": false, ""skip_connection"": true, ""unit_c1"": 3, ""unit_c2"": 8}"
303,154,accuracy,0.8790000006556511,0.12099999934434891,0.013994613333333333,2099192.0,54786.0,-0.3805016155410442,837.594,"{""activation"": ""swish"", ""batch_size"": 16, ""data_augmentation"": true, ""dr_f"": 0.141228861602, ""learning_rate"": 0.000615988783, ""new_fc_1"": 26, ""new_fc_10"": 0, ""new_fc_2"": 15, ""new_fc_3"": 22, ""new_fc_4"": 20, ""new_fc_5"": 3, ""new_fc_6"": 21, ""new_fc_7"": 11, ""new_fc_8"": 5, ""new_fc_9"": 10, ""num_neurons"": 4, ""optimizer"": ""SGD"", ""reg_l2"": false, ""skip_connection"": true, ""unit_c1"": 2, ""unit_c2"": 1}"
304,155,accuracy,10000000000.0,,2.5545403466666667,383181052.0,9642986.0,10000000000.0,839.08,"{""activation"": ""selu"", ""batch_size"": 64, ""data_augmentation"": true, ""dr_f"": 0.127671593839, ""learning_rate"": 0.000545987659, ""new_fc_1"": 14, ""new_fc_10"": 16, ""new_fc_2"": 0, ""new_fc_3"": 4, ""new_fc_4"": 18, ""new_fc_5"": 3, ""new_fc_6"": 23, ""new_fc_7"": 6, ""new_fc_8"": 24, ""new_fc_9"": 26, ""num_neurons"": 32, ""optimizer"": ""SGD"", ""reg_l2"": true, ""skip_connection"": true, ""unit_c1"": 1, ""unit_c2"": 8}"
305,156,accuracy,10000000000.0,,21.483234106666668,3222485116.0,63166538.0,10000000000.0,842.6841,"{""activation"": ""relu"", ""batch_size"": 8, ""data_augmentation"": false, ""dr_f"": 0.434096830107, ""learning_rate"": 0.000391906109, ""new_fc_1"": 23, ""new_fc_10"": 22, ""new_fc_2"": 2, ""new_fc_3"": 5, ""new_fc_4"": 22, ""new_fc_5"": 30, ""new_fc_6"": 27, ""new_fc_7"": 14, ""new_fc_8"": 11, ""new_fc_9"": 13, ""num_neurons"": 64, ""optimizer"": ""Adamax"", ""reg_l2"": false, ""skip_connection"": true, ""unit_c1"": 4, ""unit_c2"": 8}"
306,157,accuracy,10000000000.0,,3.14266216,471399324.0,15932170.0,10000000000.0,844.3791,"{""activation"": ""selu"", ""batch_size"": 8, ""data_augmentation"": false, ""dr_f"": 0.36358798128, ""learning_rate"": 0.000360096505, ""new_fc_1"": 0, ""new_fc_10"": 12, ""new_fc_2"": 32, ""new_fc_3"": 28, ""new_fc_4"": 9, ""new_fc_5"": 7, ""new_fc_6"": 28, ""new_fc_7"": 26, ""new_fc_8"": 5, ""new_fc_9"": 24, ""num_neurons"": 32, ""optimizer"": ""Adadelta"", ""reg_l2"": true, ""skip_connection"": true, ""unit_c1"": 3, ""unit_c2"": 6}"
307,158,accuracy,10000000000.0,,6.578955493333333,986843324.0,58889546.0,10000000000.0,847.7599,"{""activation"": ""selu"", ""batch_size"": 64, ""data_augmentation"": false, ""dr_f"": 0.45582619952, ""learning_rate"": 0.000110348611, ""new_fc_1"": 29, ""new_fc_10"": 31, ""new_fc_2"": 0, ""new_fc_3"": 14, ""new_fc_4"": 21, ""new_fc_5"": 21, ""new_fc_6"": 12, ""new_fc_7"": 9, ""new_fc_8"": 25, ""new_fc_9"": 20, ""num_neurons"": 64, ""optimizer"": ""Adagrad"", ""reg_l2"": false, ""skip_connection"": false, ""unit_c1"": 1, ""unit_c2"": 6}"
308,159,accuracy,10000000000.0,,14.72732968,2209099452.0,47846730.0,10000000000.0,850.7938,"{""activation"": ""swish"", ""batch_size"": 16, ""data_augmentation"": true, ""dr_f"": 0.044462637272, ""learning_rate"": 0.000670685531, ""new_fc_1"": 28, ""new_fc_10"": 14, ""new_fc_2"": 7, ""new_fc_3"": 32, ""new_fc_4"": 16, ""new_fc_5"": 30, ""new_fc_6"": 5, ""new_fc_7"": 24, ""new_fc_8"": 3, ""new_fc_9"": 23, ""num_neurons"": 64, ""optimizer"": ""Adamax"", ""reg_l2"": false, ""skip_connection"": true, ""unit_c1"": 4, ""unit_c2"": 5}"
309,160,accuracy,0.4081000089645386,0.5918999910354614,0.18755005333333333,28132508.0,1672826.0,-0.658064977724823,1595.9635,"{""activation"": ""selu"", ""batch_size"": 32, ""data_augmentation"": true, ""dr_f"": 0.202730875579, ""learning_rate"": 0.000554355189, ""new_fc_1"": 29, ""new_fc_10"": 18, ""new_fc_2"": 16, ""new_fc_3"": 10, ""new_fc_4"": 12, ""new_fc_5"": 26, ""new_fc_6"": 26, ""new_fc_7"": 32, ""new_fc_8"": 26, ""new_fc_9"": 27, ""num_neurons"": 16, ""optimizer"": ""Adagrad"", ""reg_l2"": true, ""skip_connection"": true, ""unit_c1"": 2, ""unit_c2"": 1}"
310,160,flops,,,14.5930756,2188961340.0,68453514.0,,1600.1097,"{""activation"": ""selu"", ""batch_size"": 8, ""data_augmentation"": false, ""dr_f"": 0.336253742726, ""learning_rate"": 0.00018967748, ""new_fc_1"": 31, ""new_fc_10"": 19, ""new_fc_2"": 0, ""new_fc_3"": 23, ""new_fc_4"": 16, ""new_fc_5"": 26, ""new_fc_6"": 7, ""new_fc_7"": 30, ""new_fc_8"": 0, ""new_fc_9"": 4, ""num_neurons"": 64, ""optimizer"": ""Adadelta"", ""reg_l2"": false, ""skip_connection"": true, ""unit_c1"": 3, ""unit_c2"": 7}"
311,161,accuracy,10000000000.0,,18.419359546666666,2762903932.0,46605898.0,10000000000.0,1603.0496,"{""activation"": ""selu"", ""batch_size"": 8, ""data_augmentation"": true, ""dr_f"": 0.267385860117, ""learning_rate"": 0.000923091343, ""new_fc_1"": 21, ""new_fc_10"": 11, ""new_fc_2"": 15, ""new_fc_3"": 5, ""new_fc_4"": 1, ""new_fc_5"": 6, ""new_fc_6"": 0, ""new_fc_7"": 11, ""new_fc_8"": 12, ""new_fc_9"": 23, ""num_neurons"": 64, ""optimizer"": ""Adadelta"", ""reg_l2"": true, ""skip_connection"": false, ""unit_c1"": 4, ""unit_c2"": 7}"
312,162,accuracy,0.7914000004529953,0.2085999995470047,0.059344186666666666,8901628.0,379386.0,-0.4282167436829033,3668.0786,"{""activation"": ""selu"", ""batch_size"": 8, ""data_augmentation"": true, ""dr_f"": 0.440053158184, ""learning_rate"": 0.000680451921, ""new_fc_1"": 19, ""new_fc_10"": 4, ""new_fc_2"": 31, ""new_fc_3"": 28, ""new_fc_4"": 26, ""new_fc_5"": 29, ""new_fc_6"": 5, ""new_fc_7"": 27, ""new_fc_8"": 2, ""new_fc_9"": 13, ""num_neurons"": 8, ""optimizer"": ""Adagrad"", ""reg_l2"": false, ""skip_connection"": true, ""unit_c1"": 2, ""unit_c2"": 2}"
313,163,accuracy,0.45169997215270996,0.54830002784729,0.006924373333333333,1038656.0,32234.0,-0.681732707493103,3993.0558,"{""activation"": ""relu"", ""batch_size"": 64, ""data_augmentation"": true, ""dr_f"": 0.09598542324, ""learning_rate"": 0.000778733987, ""new_fc_1"": 7, ""new_fc_10"": 23, ""new_fc_2"": 22, ""new_fc_3"": 3, ""new_fc_4"": 19, ""new_fc_5"": 7, ""new_fc_6"": 20, ""new_fc_7"": 7, ""new_fc_8"": 0, ""new_fc_9"": 9, ""num_neurons"": 4, ""optimizer"": ""Adamax"", ""reg_l2"": false, ""skip_connection"": false, ""unit_c1"": 1, ""unit_c2"": 2}"
314,164,accuracy,10000000000.0,,1.06992456,160488684.0,4086666.0,10000000000.0,3994.3906,"{""activation"": ""elu"", ""batch_size"": 8, ""data_augmentation"": false, ""dr_f"": 0.405866180844, ""learning_rate"": 0.000795881934, ""new_fc_1"": 26, ""new_fc_10"": 11, ""new_fc_2"": 16, ""new_fc_3"": 12, ""new_fc_4"": 30, ""new_fc_5"": 14, ""new_fc_6"": 15, ""new_fc_7"": 2, ""new_fc_8"": 14, ""new_fc_9"": 3, ""num_neurons"": 16, ""optimizer"": ""Adagrad"", ""reg_l2"": false, ""skip_connection"": true, ""unit_c1"": 3, ""unit_c2"": 8}"
315,165,accuracy,10000000000.0,,1.2101580533333334,181523708.0,3785466.0,10000000000.0,3995.8393,"{""activation"": ""selu"", ""batch_size"": 32, ""data_augmentation"": false, ""dr_f"": 0.302946632573, ""learning_rate"": 0.000187574189, ""new_fc_1"": 24, ""new_fc_10"": 23, ""new_fc_2"": 28, ""new_fc_3"": 2, ""new_fc_4"": 10, ""new_fc_5"": 28, ""new_fc_6"": 23, ""new_fc_7"": 24, ""new_fc_8"": 20, ""new_fc_9"": 10, ""num_neurons"": 16, ""optimizer"": ""SGD"", ""reg_l2"": true, ""skip_connection"": true, ""unit_c1"": 4, ""unit_c2"": 7}"
316,165,flops,,,2.32437288,348655932.0,21878090.0,,3997.9369,"{""activation"": ""elu"", ""batch_size"": 64, ""data_augmentation"": false, ""dr_f"": 0.438861530873, ""learning_rate"": 0.00038940221, ""new_fc_1"": 16, ""new_fc_10"": 21, ""new_fc_2"": 12, ""new_fc_3"": 7, ""new_fc_4"": 23, ""new_fc_5"": 13, ""new_fc_6"": 30, ""new_fc_7"": 18, ""new_fc_8"": 12, ""new_fc_9"": 8, ""num_neurons"": 64, ""optimizer"": ""Adadelta"", ""reg_l2"": false, ""skip_connection"": false, ""unit_c1"": 1, ""unit_c2"": 3}"
317,165,flops,,,0.26856717333333335,40285076.0,1190490.0,,3999.4384,"{""activation"": ""elu"", ""batch_size"": 16, ""data_augmentation"": true, ""dr_f"": 0.351477254518, ""learning_rate"": 0.000426442757, ""new_fc_1"": 28, ""new_fc_10"": 16, ""new_fc_2"": 20, ""new_fc_3"": 15, ""new_fc_4"": 1, ""new_fc_5"": 31, ""new_fc_6"": 4, ""new_fc_7"": 28, ""new_fc_8"": 28, ""new_fc_9"": 32, ""num_neurons"": 8, ""optimizer"": ""Adamax"", ""reg_l2"": false, ""skip_connection"": false, ""unit_c1"": 3, ""unit_c2"": 8}"
318,165,flops,,,0.0412836,6192540.0,119422.0,,4000.7734,"{""activation"": ""elu"", ""batch_size"": 16, ""data_augmentation"": true, ""dr_f"": 0.141039144436, ""learning_rate"": 0.000233536961, ""new_fc_1"": 8, ""new_fc_10"": 16, ""new_fc_2"": 16, ""new_fc_3"": 27, ""new_fc_4"": 22, ""new_fc_5"": 12, ""new_fc_6"": 14, ""new_fc_7"": 19, ""new_fc_8"": 30, ""new_fc_9"": 4, ""num_neurons"": 4, ""optimizer"": ""Adam"", ""reg_l2"": false, ""skip_connection"": true, ""unit_c1"": 1, ""unit_c2"": 8}"
319,166,accuracy,10000000000.0,,6.615893733333333,992384060.0,61660106.0,10000000000.0,4004.1603,"{""activation"": ""selu"", ""batch_size"": 8, ""data_augmentation"": false, ""dr_f"": 0.403800185285, ""learning_rate"": 0.000311920636, ""new_fc_1"": 32, ""new_fc_10"": 1, ""new_fc_2"": 3, ""new_fc_3"": 32, ""new_fc_4"": 5, ""new_fc_5"": 29, ""new_fc_6"": 10, ""new_fc_7"": 18, ""new_fc_8"": 30, ""new_fc_9"": 28, ""num_neurons"": 64, ""optimizer"": ""SGD"", ""reg_l2"": false, ""skip_connection"": false, ""unit_c1"": 1, ""unit_c2"": 6}"
320,167,accuracy,0.6058000028133392,0.39419999718666077,0.051345013333333335,7701752.0,54762.0,-0.5605364940306625,5169.6464,"{""activation"": ""elu"", ""batch_size"": 16, ""data_augmentation"": true, ""dr_f"": 0.230387261775, ""learning_rate"": 0.000712330767, ""new_fc_1"": 1, ""new_fc_10"": 16, ""new_fc_2"": 8, ""new_fc_3"": 12, ""new_fc_4"": 2, ""new_fc_5"": 26, ""new_fc_6"": 29, ""new_fc_7"": 28, ""new_fc_8"": 14, ""new_fc_9"": 7, ""num_neurons"": 4, ""optimizer"": ""Adamax"", ""reg_l2"": false, ""skip_connection"": true, ""unit_c1"": 3, ""unit_c2"": 6}"
321,167,flops,,,0.028765733333333335,4314860.0,42330.0,,5171.0057,"{""activation"": ""elu"", ""batch_size"": 64, ""data_augmentation"": false, ""dr_f"": 0.163563276736, ""learning_rate"": 0.00057766917, ""new_fc_1"": 2, ""new_fc_10"": 12, ""new_fc_2"": 13, ""new_fc_3"": 4, ""new_fc_4"": 14, ""new_fc_5"": 13, ""new_fc_6"": 22, ""new_fc_7"": 19, ""new_fc_8"": 16, ""new_fc_9"": 9, ""num_neurons"": 4, ""optimizer"": ""Adam"", ""reg_l2"": true, ""skip_connection"": false, ""unit_c1"": 2, ""unit_c2"": 5}"
322,167,flops,,,11.827378746666668,1774106812.0,14604874.0,,5173.0853,"{""activation"": ""elu"", ""batch_size"": 16, ""data_augmentation"": true, ""dr_f"": 0.078895569109, ""learning_rate"": 0.000988551108, ""new_fc_1"": 3, ""new_fc_10"": 11, ""new_fc_2"": 15, ""new_fc_3"": 25, ""new_fc_4"": 20, ""new_fc_5"": 11, ""new_fc_6"": 13, ""new_fc_7"": 22, ""new_fc_8"": 5, ""new_fc_9"": 9, ""num_neurons"": 64, ""optimizer"": ""Adamax"", ""reg_l2"": false, ""skip_connection"": true, ""unit_c1"": 3, ""unit_c2"": 6}"
323,167,flops,,,0.67386344,101079516.0,3109770.0,,5174.5359,"{""activation"": ""selu"", ""batch_size"": 8, ""data_augmentation"": true, ""dr_f"": 0.43288144374, ""learning_rate"": 0.000625452212, ""new_fc_1"": 11, ""new_fc_10"": 31, ""new_fc_2"": 22, ""new_fc_3"": 15, ""new_fc_4"": 18, ""new_fc_5"": 3, ""new_fc_6"": 15, ""new_fc_7"": 10, ""new_fc_8"": 4, ""new_fc_9"": 32, ""num_neurons"": 32, ""optimizer"": ""Adadelta"", ""reg_l2"": true, ""skip_connection"": true, ""unit_c1"": 2, ""unit_c2"": 1}"
324,168,accuracy,10000000000.0,,2.52712424,379068636.0,4102634.0,10000000000.0,5176.0859,"{""activation"": ""selu"", ""batch_size"": 32, ""data_augmentation"": true, ""dr_f"": 0.440352883096, ""learning_rate"": 0.000597261657, ""new_fc_1"": 22, ""new_fc_10"": 32, ""new_fc_2"": 14, ""new_fc_3"": 7, ""new_fc_4"": 20, ""new_fc_5"": 3, ""new_fc_6"": 5, ""new_fc_7"": 23, ""new_fc_8"": 6, ""new_fc_9"": 1, ""num_neurons"": 32, ""optimizer"": ""Adadelta"", ""reg_l2"": false, ""skip_connection"": true, ""unit_c1"": 4, ""unit_c2"": 2}"
325,168,flops,,,0.025239173333333333,3785876.0,88786.0,,5177.3835,"{""activation"": ""swish"", ""batch_size"": 64, ""data_augmentation"": true, ""dr_f"": 0.400864183818, ""learning_rate"": 0.000827238837, ""new_fc_1"": 16, ""new_fc_10"": 7, ""new_fc_2"": 16, ""new_fc_3"": 7, ""new_fc_4"": 13, ""new_fc_5"": 8, ""new_fc_6"": 4, ""new_fc_7"": 26, ""new_fc_8"": 13, ""new_fc_9"": 0, ""num_neurons"": 4, ""optimizer"": ""SGD"", ""reg_l2"": false, ""skip_connection"": true, ""unit_c1"": 2, ""unit_c2"": 4}"
326,168,flops,,,0.04063928,6095892.0,39658.0,,5178.8018,"{""activation"": ""elu"", ""batch_size"": 32, ""data_augmentation"": true, ""dr_f"": 0.41464419989, ""learning_rate"": 0.000148803727, ""new_fc_1"": 3, ""new_fc_10"": 30, ""new_fc_2"": 20, ""new_fc_3"": 8, ""new_fc_4"": 28, ""new_fc_5"": 1, ""new_fc_6"": 28, ""new_fc_7"": 27, ""new_fc_8"": 5, ""new_fc_9"": 16, ""num_neurons"": 4, ""optimizer"": ""Adam"", ""reg_l2"": true, ""skip_connection"": false, ""unit_c1"": 4, ""unit_c2"": 1}"
327,168,flops,,,0.6755451466666667,101331772.0,4028618.0,,5180.219,"{""activation"": ""relu"", ""batch_size"": 8, ""data_augmentation"": true, ""dr_f"": 0.248831039202, ""learning_rate"": 0.00089034386, ""new_fc_1"": 6, ""new_fc_10"": 27, ""new_fc_2"": 12, ""new_fc_3"": 13, ""new_fc_4"": 24, ""new_fc_5"": 29, ""new_fc_6"": 32, ""new_fc_7"": 15, ""new_fc_8"": 1, ""new_fc_9"": 29, ""num_neurons"": 32, ""optimizer"": ""Adam"", ""reg_l2"": false, ""skip_connection"": false, ""unit_c1"": 2, ""unit_c2"": 1}"
328,169,accuracy,0.6545000076293945,0.34549999237060547,0.67386344,101079516.0,3109770.0,-0.3396909626594238,8026.2446,"{""activation"": ""selu"", ""batch_size"": 8, ""data_augmentation"": true, ""dr_f"": 0.43288144374, ""learning_rate"": 0.000625452212, ""new_fc_1"": 11, ""new_fc_10"": 31, ""new_fc_2"": 22, ""new_fc_3"": 15, ""new_fc_4"": 18, ""new_fc_5"": 3, ""new_fc_6"": 15, ""new_fc_7"": 10, ""new_fc_8"": 4, ""new_fc_9"": 32, ""num_neurons"": 32, ""optimizer"": ""Adadelta"", ""reg_l2"": true, ""skip_connection"": true, ""unit_c1"": 2, ""unit_c2"": 1}"
329,170,accuracy,0.7394999861717224,0.2605000138282776,0.028765733333333335,4314860.0,42330.0,-0.4737202896797943,8411.0679,"{""activation"": ""elu"", ""batch_size"": 64, ""data_augmentation"": false, ""dr_f"": 0.163563276736, ""learning_rate"": 0.00057766917, ""new_fc_1"": 2, ""new_fc_10"": 12, ""new_fc_2"": 13, ""new_fc_3"": 4, ""new_fc_4"": 14, ""new_fc_5"": 13, ""new_fc_6"": 22, ""new_fc_7"": 19, ""new_fc_8"": 16, ""new_fc_9"": 9, ""num_neurons"": 4, ""optimizer"": ""Adam"", ""reg_l2"": true, ""skip_connection"": false, ""unit_c1"": 2, ""unit_c2"": 5}"
330,170,flops,,,0.54276616,81414924.0,1992858.0,,8412.5886,"{""activation"": ""swish"", ""batch_size"": 8, ""data_augmentation"": false, ""dr_f"": 0.132387088728, ""learning_rate"": 0.000297067592, ""new_fc_1"": 14, ""new_fc_10"": 22, ""new_fc_2"": 10, ""new_fc_3"": 30, ""new_fc_4"": 3, ""new_fc_5"": 26, ""new_fc_6"": 19, ""new_fc_7"": 12, ""new_fc_8"": 25, ""new_fc_9"": 6, ""num_neurons"": 16, ""optimizer"": ""Adam"", ""reg_l2"": false, ""skip_connection"": false, ""unit_c1"": 2, ""unit_c2"": 6}"
331,170,flops,,,0.04409824,6614736.0,129798.0,,8414.0777,"{""activation"": ""swish"", ""batch_size"": 32, ""data_augmentation"": true, ""dr_f"": 0.480949421318, ""learning_rate"": 0.00044197706, ""new_fc_1"": 12, ""new_fc_10"": 18, ""new_fc_2"": 26, ""new_fc_3"": 15, ""new_fc_4"": 14, ""new_fc_5"": 0, ""new_fc_6"": 13, ""new_fc_7"": 10, ""new_fc_8"": 15, ""new_fc_9"": 20, ""num_neurons"": 4, ""optimizer"": ""Adam"", ""reg_l2"": false, ""skip_connection"": false, ""unit_c1"": 2, ""unit_c2"": 7}"
332,170,flops,,,0.07012914666666667,10519372.0,1256426.0,,8415.3376,"{""activation"": ""elu"", ""batch_size"": 64, ""data_augmentation"": false, ""dr_f"": 0.154801337361, ""learning_rate"": 0.000553921133, ""new_fc_1"": 30, ""new_fc_10"": 13, ""new_fc_2"": 30, ""new_fc_3"": 32, ""new_fc_4"": 8, ""new_fc_5"": 16, ""new_fc_6"": 5, ""new_fc_7"": 7, ""new_fc_8"": 11, ""new_fc_9"": 21, ""num_neurons"": 16, ""optimizer"": ""SGD"", ""reg_l2"": false, ""skip_connection"": false, ""unit_c1"": 1, ""unit_c2"": 1}"
333,171,accuracy,0.6971000134944916,0.3028999865055084,0.03299970666666667,4949956.0,52054.0,-0.5021300785538558,8680.8881,"{""activation"": ""swish"", ""batch_size"": 64, ""data_augmentation"": false, ""dr_f"": 0.487394576521, ""learning_rate"": 0.00066771866, ""new_fc_1"": 3, ""new_fc_10"": 32, ""new_fc_2"": 18, ""new_fc_3"": 1, ""new_fc_4"": 28, ""new_fc_5"": 24, ""new_fc_6"": 26, ""new_fc_7"": 13, ""new_fc_8"": 12, ""new_fc_9"": 9, ""num_neurons"": 4, ""optimizer"": ""Adam"", ""reg_l2"": false, ""skip_connection"": true, ""unit_c1"": 3, ""unit_c2"": 3}"
334,171,flops,,,0.7326414666666666,109896220.0,1799130.0,,8682.4675,"{""activation"": ""swish"", ""batch_size"": 16, ""data_augmentation"": true, ""dr_f"": 0.229804401073, ""learning_rate"": 0.000999361816, ""new_fc_1"": 10, ""new_fc_10"": 29, ""new_fc_2"": 18, ""new_fc_3"": 13, ""new_fc_4"": 24, ""new_fc_5"": 32, ""new_fc_6"": 29, ""new_fc_7"": 26, ""new_fc_8"": 17, ""new_fc_9"": 24, ""num_neurons"": 16, ""optimizer"": ""Adadelta"", ""reg_l2"": false, ""skip_connection"": true, ""unit_c1"": 4, ""unit_c2"": 3}"
335,171,flops,,,4.637264186666667,695589628.0,26091146.0,,8684.8607,"{""activation"": ""relu"", ""batch_size"": 64, ""data_augmentation"": true, ""dr_f"": 0.467972154905, ""learning_rate"": 0.000758807648, ""new_fc_1"": 10, ""new_fc_10"": 28, ""new_fc_2"": 31, ""new_fc_3"": 19, ""new_fc_4"": 8, ""new_fc_5"": 28, ""new_fc_6"": 4, ""new_fc_7"": 16, ""new_fc_8"": 19, ""new_fc_9"": 24, ""num_neurons"": 64, ""optimizer"": ""SGD"", ""reg_l2"": false, ""skip_connection"": false, ""unit_c1"": 1, ""unit_c2"": 5}"
336,172,accuracy,10000000000.0,,4.017467706666666,602620156.0,5655114.0,10000000000.0,8686.2506,"{""activation"": ""elu"", ""batch_size"": 16, ""data_augmentation"": false, ""dr_f"": 0.079307595514, ""learning_rate"": 0.000316098408, ""new_fc_1"": 8, ""new_fc_10"": 2, ""new_fc_2"": 25, ""new_fc_3"": 6, ""new_fc_4"": 27, ""new_fc_5"": 5, ""new_fc_6"": 30, ""new_fc_7"": 25, ""new_fc_8"": 3, ""new_fc_9"": 27, ""num_neurons"": 32, ""optimizer"": ""SGD"", ""reg_l2"": true, ""skip_connection"": false, ""unit_c1"": 4, ""unit_c2"": 6}"
337,173,accuracy,10000000000.0,,4.17297704,625946556.0,10113738.0,10000000000.0,8689.2036,"{""activation"": ""swish"", ""batch_size"": 16, ""data_augmentation"": true, ""dr_f"": 0.216122754001, ""learning_rate"": 0.000632711288, ""new_fc_1"": 20, ""new_fc_10"": 26, ""new_fc_2"": 31, ""new_fc_3"": 21, ""new_fc_4"": 1, ""new_fc_5"": 0, ""new_fc_6"": 1, ""new_fc_7"": 13, ""new_fc_8"": 10, ""new_fc_9"": 1, ""num_neurons"": 32, ""optimizer"": ""Adamax"", ""reg_l2"": true, ""skip_connection"": true, ""unit_c1"": 4, ""unit_c2"": 6}"
338,173,flops,,,0.4670222666666667,70053340.0,3159898.0,,8690.6996,"{""activation"": ""swish"", ""batch_size"": 32, ""data_augmentation"": false, ""dr_f"": 0.349556101066, ""learning_rate"": 0.000590110284, ""new_fc_1"": 28, ""new_fc_10"": 13, ""new_fc_2"": 4, ""new_fc_3"": 11, ""new_fc_4"": 30, ""new_fc_5"": 15, ""new_fc_6"": 31, ""new_fc_7"": 0, ""new_fc_8"": 27, ""new_fc_9"": 19, ""num_neurons"": 16, ""optimizer"": ""Adadelta"", ""reg_l2"": false, ""skip_connection"": true, ""unit_c1"": 2, ""unit_c2"": 5}"
339,174,accuracy,10000000000.0,,8.999925733333333,1349988860.0,11877386.0,10000000000.0,8692.4487,"{""activation"": ""elu"", ""batch_size"": 64, ""data_augmentation"": false, ""dr_f"": 0.195333126435, ""learning_rate"": 0.000637846878, ""new_fc_1"": 14, ""new_fc_10"": 3, ""new_fc_2"": 27, ""new_fc_3"": 19, ""new_fc_4"": 6, ""new_fc_5"": 24, ""new_fc_6"": 11, ""new_fc_7"": 6, ""new_fc_8"": 20, ""new_fc_9"": 9, ""num_neurons"": 64, ""optimizer"": ""SGD"", ""reg_l2"": false, ""skip_connection"": true, ""unit_c1"": 4, ""unit_c2"": 1}"
340,175,accuracy,0.34390002489089966,0.6560999751091003,0.0412836,6192540.0,119422.0,-0.7468849025763702,9377.6817,"{""activation"": ""elu"", ""batch_size"": 16, ""data_augmentation"": true, ""dr_f"": 0.141039144436, ""learning_rate"": 0.000233536961, ""new_fc_1"": 8, ""new_fc_10"": 16, ""new_fc_2"": 16, ""new_fc_3"": 27, ""new_fc_4"": 22, ""new_fc_5"": 12, ""new_fc_6"": 14, ""new_fc_7"": 19, ""new_fc_8"": 30, ""new_fc_9"": 4, ""num_neurons"": 4, ""optimizer"": ""Adam"", ""reg_l2"": false, ""skip_connection"": true, ""unit_c1"": 1, ""unit_c2"": 8}"
341,175,flops,,,0.06418010666666667,9627016.0,178074.0,,1.5208,"{""activation"": ""elu"", ""batch_size"": 64, ""data_augmentation"": false, ""dr_f"": 0.347170635858, ""learning_rate"": 0.000340124492, ""new_fc_1"": 27, ""new_fc_10"": 17, ""new_fc_2"": 10, ""new_fc_3"": 27, ""new_fc_4"": 0, ""new_fc_5"": 21, ""new_fc_6"": 25, ""new_fc_7"": 3, ""new_fc_8"": 5, ""new_fc_9"": 0, ""num_neurons"": 4, ""optimizer"": ""Adam"", ""reg_l2"": true, ""skip_connection"": true, ""unit_c1"": 4, ""unit_c2"": 5}"
342,175,flops,,,1.3760705866666667,206410588.0,4795754.0,,3.0927,"{""activation"": ""elu"", ""batch_size"": 8, ""data_augmentation"": true, ""dr_f"": 0.146407724792, ""learning_rate"": 0.000402046441, ""new_fc_1"": 9, ""new_fc_10"": 22, ""new_fc_2"": 13, ""new_fc_3"": 8, ""new_fc_4"": 28, ""new_fc_5"": 5, ""new_fc_6"": 13, ""new_fc_7"": 31, ""new_fc_8"": 12, ""new_fc_9"": 20, ""num_neurons"": 32, ""optimizer"": ""SGD"", ""reg_l2"": true, ""skip_connection"": true, ""unit_c1"": 2, ""unit_c2"": 4}"
343,175,flops,,,0.3460745333333333,51911180.0,801034.0,,4.5917,"{""activation"": ""elu"", ""batch_size"": 16, ""data_augmentation"": true, ""dr_f"": 0.177803327665, ""learning_rate"": 0.000544744936, ""new_fc_1"": 15, ""new_fc_10"": 23, ""new_fc_2"": 25, ""new_fc_3"": 14, ""new_fc_4"": 15, ""new_fc_5"": 27, ""new_fc_6"": 30, ""new_fc_7"": 24, ""new_fc_8"": 31, ""new_fc_9"": 2, ""num_neurons"": 8, ""optimizer"": ""Adadelta"", ""reg_l2"": true, ""skip_connection"": true, ""unit_c1"": 4, ""unit_c2"": 8}"
344,176,accuracy,10000000000.0,,5.22230632,783345948.0,2444714.0,10000000000.0,7.2186,"{""activation"": ""relu"", ""batch_size"": 8, ""data_augmentation"": false, ""dr_f"": 0.479442411446, ""learning_rate"": 0.000446210681, ""new_fc_1"": 0, ""new_fc_10"": 31, ""new_fc_2"": 1, ""new_fc_3"": 6, ""new_fc_4"": 19, ""new_fc_5"": 1, ""new_fc_6"": 2, ""new_fc_7"": 7, ""new_fc_8"": 9, ""new_fc_9"": 15, ""num_neurons"": 32, ""optimizer"": ""Adagrad"", ""reg_l2"": false, ""skip_connection"": true, ""unit_c1"": 4, ""unit_c2"": 8}"
345,176,flops,,,0.20775602666666668,31163404.0,509466.0,,8.5065,"{""activation"": ""relu"", ""batch_size"": 8, ""data_augmentation"": true, ""dr_f"": 0.355379146743, ""learning_rate"": 0.000118524707, ""new_fc_1"": 2, ""new_fc_10"": 9, ""new_fc_2"": 15, ""new_fc_3"": 24, ""new_fc_4"": 23, ""new_fc_5"": 3, ""new_fc_6"": 31, ""new_fc_7"": 7, ""new_fc_8"": 5, ""new_fc_9"": 18, ""num_neurons"": 16, ""optimizer"": ""Adamax"", ""reg_l2"": false, ""skip_connection"": false, ""unit_c1"": 2, ""unit_c2"": 2}"
346,177,accuracy,0.4674999713897705,0.5325000286102295,0.26856717333333335,40285076.0,1190490.0,-0.5921798680271606,694.3941,"{""activation"": ""elu"", ""batch_size"": 16, ""data_augmentation"": true, ""dr_f"": 0.351477254518, ""learning_rate"": 0.000426442757, ""new_fc_1"": 28, ""new_fc_10"": 16, ""new_fc_2"": 20, ""new_fc_3"": 15, ""new_fc_4"": 1, ""new_fc_5"": 31, ""new_fc_6"": 4, ""new_fc_7"": 28, ""new_fc_8"": 28, ""new_fc_9"": 32, ""num_neurons"": 8, ""optimizer"": ""Adamax"", ""reg_l2"": false, ""skip_connection"": false, ""unit_c1"": 3, ""unit_c2"": 8}"
347,178,accuracy,10000000000.0,,14.5930756,2188961340.0,68453514.0,10000000000.0,698.4608,"{""activation"": ""selu"", ""batch_size"": 8, ""data_augmentation"": false, ""dr_f"": 0.336253742726, ""learning_rate"": 0.00018967748, ""new_fc_1"": 31, ""new_fc_10"": 19, ""new_fc_2"": 0, ""new_fc_3"": 23, ""new_fc_4"": 16, ""new_fc_5"": 26, ""new_fc_6"": 7, ""new_fc_7"": 30, ""new_fc_8"": 0, ""new_fc_9"": 4, ""num_neurons"": 64, ""optimizer"": ""Adadelta"", ""reg_l2"": false, ""skip_connection"": true, ""unit_c1"": 3, ""unit_c2"": 7}"
348,178,flops,,,2.57916584,386874876.0,10333514.0,,700.1424,"{""activation"": ""swish"", ""batch_size"": 32, ""data_augmentation"": false, ""dr_f"": 0.487212515254, ""learning_rate"": 0.000897795065, ""new_fc_1"": 14, ""new_fc_10"": 18, ""new_fc_2"": 26, ""new_fc_3"": 12, ""new_fc_4"": 4, ""new_fc_5"": 14, ""new_fc_6"": 2, ""new_fc_7"": 10, ""new_fc_8"": 8, ""new_fc_9"": 25, ""num_neurons"": 64, ""optimizer"": ""Adagrad"", ""reg_l2"": false, ""skip_connection"": false, ""unit_c1"": 2, ""unit_c2"": 1}"
349,178,flops,,,2.580976826666667,387146524.0,11861066.0,,702.058,"{""activation"": ""relu"", ""batch_size"": 8, ""data_augmentation"": true, ""dr_f"": 0.406685583574, ""learning_rate"": 0.000572104819, ""new_fc_1"": 25, ""new_fc_10"": 0, ""new_fc_2"": 23, ""new_fc_3"": 31, ""new_fc_4"": 27, ""new_fc_5"": 13, ""new_fc_6"": 7, ""new_fc_7"": 8, ""new_fc_8"": 22, ""new_fc_9"": 15, ""num_neurons"": 32, ""optimizer"": ""SGD"", ""reg_l2"": false, ""skip_connection"": false, ""unit_c1"": 3, ""unit_c2"": 5}"
350,178,flops,,,16.785064506666668,2517759676.0,59806410.0,,705.6096,"{""activation"": ""swish"", ""batch_size"": 64, ""data_augmentation"": false, ""dr_f"": 0.352355826897, ""learning_rate"": 0.000350627564, ""new_fc_1"": 20, ""new_fc_10"": 15, ""new_fc_2"": 0, ""new_fc_3"": 16, ""new_fc_4"": 3, ""new_fc_5"": 29, ""new_fc_6"": 28, ""new_fc_7"": 13, ""new_fc_8"": 32, ""new_fc_9"": 30, ""num_neurons"": 64, ""optimizer"": ""Adagrad"", ""reg_l2"": false, ""skip_connection"": true, ""unit_c1"": 3, ""unit_c2"": 8}"
351,178,flops,,,0.07134578666666666,10701868.0,145906.0,,706.962,"{""activation"": ""elu"", ""batch_size"": 32, ""data_augmentation"": false, ""dr_f"": 0.495554859912, ""learning_rate"": 0.000867428154, ""new_fc_1"": 13, ""new_fc_10"": 8, ""new_fc_2"": 1, ""new_fc_3"": 7, ""new_fc_4"": 9, ""new_fc_5"": 27, ""new_fc_6"": 30, ""new_fc_7"": 19, ""new_fc_8"": 28, ""new_fc_9"": 30, ""num_neurons"": 4, ""optimizer"": ""Adadelta"", ""reg_l2"": false, ""skip_connection"": true, ""unit_c1"": 4, ""unit_c2"": 6}"
352,179,accuracy,0.8999999985098839,0.10000000149011612,0.059716906666666666,8957536.0,182786.0,-0.3520849290430813,853.7174,"{""activation"": ""swish"", ""batch_size"": 64, ""data_augmentation"": true, ""dr_f"": 0.130512602546, ""learning_rate"": 0.00059550167, ""new_fc_1"": 20, ""new_fc_10"": 21, ""new_fc_2"": 1, ""new_fc_3"": 4, ""new_fc_4"": 6, ""new_fc_5"": 23, ""new_fc_6"": 23, ""new_fc_7"": 2, ""new_fc_8"": 25, ""new_fc_9"": 18, ""num_neurons"": 4, ""optimizer"": ""Adam"", ""reg_l2"": true, ""skip_connection"": false, ""unit_c1"": 3, ""unit_c2"": 7}"
353,179,flops,,,0.3605665866666667,54084988.0,2558570.0,,855.1166,"{""activation"": ""selu"", ""batch_size"": 32, ""data_augmentation"": false, ""dr_f"": 0.467053828245, ""learning_rate"": 0.000862773105, ""new_fc_1"": 11, ""new_fc_10"": 12, ""new_fc_2"": 2, ""new_fc_3"": 8, ""new_fc_4"": 29, ""new_fc_5"": 3, ""new_fc_6"": 32, ""new_fc_7"": 0, ""new_fc_8"": 7, ""new_fc_9"": 18, ""num_neurons"": 32, ""optimizer"": ""Adagrad"", ""reg_l2"": true, ""skip_connection"": false, ""unit_c1"": 1, ""unit_c2"": 2}"
354,180,accuracy,10000000000.0,,1.5532590666666666,232988860.0,3110698.0,10000000000.0,856.5136,"{""activation"": ""swish"", ""batch_size"": 8, ""data_augmentation"": false, ""dr_f"": 0.276404135784, ""learning_rate"": 0.000426272402, ""new_fc_1"": 4, ""new_fc_10"": 30, ""new_fc_2"": 24, ""new_fc_3"": 24, ""new_fc_4"": 11, ""new_fc_5"": 20, ""new_fc_6"": 27, ""new_fc_7"": 15, ""new_fc_8"": 4, ""new_fc_9"": 5, ""num_neurons"": 32, ""optimizer"": ""Adadelta"", ""reg_l2"": true, ""skip_connection"": true, ""unit_c1"": 3, ""unit_c2"": 2}"
355,181,accuracy,0.8999999985098839,0.10000000149011612,0.6755451466666667,101331772.0,4028618.0,-0.16733645704308128,1602.3155,"{""activation"": ""relu"", ""batch_size"": 8, ""data_augmentation"": true, ""dr_f"": 0.248831039202, ""learning_rate"": 0.00089034386, ""new_fc_1"": 6, ""new_fc_10"": 27, ""new_fc_2"": 12, ""new_fc_3"": 13, ""new_fc_4"": 24, ""new_fc_5"": 29, ""new_fc_6"": 32, ""new_fc_7"": 15, ""new_fc_8"": 1, ""new_fc_9"": 29, ""num_neurons"": 32, ""optimizer"": ""Adam"", ""reg_l2"": false, ""skip_connection"": false, ""unit_c1"": 2, ""unit_c2"": 1}"
356,181,flops,,,0.14458797333333334,21688196.0,414682.0,,1603.7565,"{""activation"": ""elu"", ""batch_size"": 16, ""data_augmentation"": true, ""dr_f"": 0.301693341521, ""learning_rate"": 0.000448844578, ""new_fc_1"": 15, ""new_fc_10"": 15, ""new_fc_2"": 21, ""new_fc_3"": 20, ""new_fc_4"": 9, ""new_fc_5"": 9, ""new_fc_6"": 20, ""new_fc_7"": 26, ""new_fc_8"": 9, ""new_fc_9"": 13, ""num_neurons"": 8, ""optimizer"": ""Adagrad"", ""reg_l2"": false, ""skip_connection"": true, ""unit_c1"": 3, ""unit_c2"": 4}"
357,182,accuracy,0.863999992609024,0.13600000739097595,0.7326414666666666,109896220.0,1799130.0,-0.17540756517368317,2109.5887,"{""activation"": ""swish"", ""batch_size"": 16, ""data_augmentation"": true, ""dr_f"": 0.229804401073, ""learning_rate"": 0.000999361816, ""new_fc_1"": 10, ""new_fc_10"": 29, ""new_fc_2"": 18, ""new_fc_3"": 13, ""new_fc_4"": 24, ""new_fc_5"": 32, ""new_fc_6"": 29, ""new_fc_7"": 26, ""new_fc_8"": 17, ""new_fc_9"": 24, ""num_neurons"": 16, ""optimizer"": ""Adadelta"", ""reg_l2"": false, ""skip_connection"": true, ""unit_c1"": 4, ""unit_c2"": 3}"
358,183,accuracy,10000000000.0,,6.605622586666667,990843388.0,54262922.0,10000000000.0,2114.2793,"{""activation"": ""elu"", ""batch_size"": 32, ""data_augmentation"": true, ""dr_f"": 0.106076632373, ""learning_rate"": 0.000854679791, ""new_fc_1"": 25, ""new_fc_10"": 20, ""new_fc_2"": 24, ""new_fc_3"": 27, ""new_fc_4"": 23, ""new_fc_5"": 26, ""new_fc_6"": 20, ""new_fc_7"": 3, ""new_fc_8"": 9, ""new_fc_9"": 6, ""num_neurons"": 64, ""optimizer"": ""Adadelta"", ""reg_l2"": false, ""skip_connection"": true, ""unit_c1"": 1, ""unit_c2"": 6}"
359,183,flops,,,6.253069626666667,937960444.0,22843530.0,,2116.559,"{""activation"": ""elu"", ""batch_size"": 8, ""data_augmentation"": false, ""dr_f"": 0.382371346848, ""learning_rate"": 0.000995066069, ""new_fc_1"": 24, ""new_fc_10"": 31, ""new_fc_2"": 17, ""new_fc_3"": 8, ""new_fc_4"": 11, ""new_fc_5"": 2, ""new_fc_6"": 5, ""new_fc_7"": 24, ""new_fc_8"": 12, ""new_fc_9"": 29, ""num_neurons"": 64, ""optimizer"": ""Adam"", ""reg_l2"": false, ""skip_connection"": true, ""unit_c1"": 3, ""unit_c2"": 2}"
360,184,accuracy,10000000000.0,,6.755141093333333,1013271164.0,22927818.0,10000000000.0,2118.9233,"{""activation"": ""elu"", ""batch_size"": 16, ""data_augmentation"": false, ""dr_f"": 0.117147928184, ""learning_rate"": 0.000284738163, ""new_fc_1"": 9, ""new_fc_10"": 7, ""new_fc_2"": 21, ""new_fc_3"": 32, ""new_fc_4"": 14, ""new_fc_5"": 10, ""new_fc_6"": 11, ""new_fc_7"": 32, ""new_fc_8"": 8, ""new_fc_9"": 13, ""num_neurons"": 64, ""optimizer"": ""Adagrad"", ""reg_l2"": true, ""skip_connection"": false, ""unit_c1"": 2, ""unit_c2"": 5}"
361,184,flops,,,0.028881546666666667,4332232.0,44810.0,,2120.2855,"{""activation"": ""selu"", ""batch_size"": 64, ""data_augmentation"": false, ""dr_f"": 0.096819616307, ""learning_rate"": 0.000981637795, ""new_fc_1"": 4, ""new_fc_10"": 8, ""new_fc_2"": 12, ""new_fc_3"": 2, ""new_fc_4"": 0, ""new_fc_5"": 28, ""new_fc_6"": 25, ""new_fc_7"": 25, ""new_fc_8"": 11, ""new_fc_9"": 16, ""num_neurons"": 4, ""optimizer"": ""Adamax"", ""reg_l2"": false, ""skip_connection"": true, ""unit_c1"": 3, ""unit_c2"": 2}"
362,184,flops,,,0.00739904,1109856.0,67922.0,,2121.3722,"{""activation"": ""selu"", ""batch_size"": 8, ""data_augmentation"": false, ""dr_f"": 0.318708524756, ""learning_rate"": 0.000788595287, ""new_fc_1"": 7, ""new_fc_10"": 20, ""new_fc_2"": 5, ""new_fc_3"": 3, ""new_fc_4"": 28, ""new_fc_5"": 0, ""new_fc_6"": 32, ""new_fc_7"": 27, ""new_fc_8"": 19, ""new_fc_9"": 20, ""num_neurons"": 4, ""optimizer"": ""SGD"", ""reg_l2"": true, ""skip_connection"": false, ""unit_c1"": 1, ""unit_c2"": 2}"
363,185,accuracy,0.6886000037193298,0.31139999628067017,0.3460745333333333,51911180.0,801034.0,-0.41415763739646916,3407.3048,"{""activation"": ""elu"", ""batch_size"": 16, ""data_augmentation"": true, ""dr_f"": 0.177803327665, ""learning_rate"": 0.000544744936, ""new_fc_1"": 15, ""new_fc_10"": 23, ""new_fc_2"": 25, ""new_fc_3"": 14, ""new_fc_4"": 15, ""new_fc_5"": 27, ""new_fc_6"": 30, ""new_fc_7"": 24, ""new_fc_8"": 31, ""new_fc_9"": 2, ""num_neurons"": 8, ""optimizer"": ""Adadelta"", ""reg_l2"": true, ""skip_connection"": true, ""unit_c1"": 4, ""unit_c2"": 8}"
364,185,flops,,,0.10108957333333334,15163436.0,1170186.0,,3408.8673,"{""activation"": ""swish"", ""batch_size"": 8, ""data_augmentation"": false, ""dr_f"": 0.386153206057, ""learning_rate"": 0.000988474839, ""new_fc_1"": 7, ""new_fc_10"": 11, ""new_fc_2"": 25, ""new_fc_3"": 21, ""new_fc_4"": 29, ""new_fc_5"": 14, ""new_fc_6"": 25, ""new_fc_7"": 19, ""new_fc_8"": 19, ""new_fc_9"": 23, ""num_neurons"": 16, ""optimizer"": ""SGD"", ""reg_l2"": false, ""skip_connection"": false, ""unit_c1"": 1, ""unit_c2"": 2}"
365,185,flops,,,13.647950906666667,2047192636.0,20401994.0,,3410.9888,"{""activation"": ""relu"", ""batch_size"": 8, ""data_augmentation"": true, ""dr_f"": 0.477190209616, ""learning_rate"": 0.000456865181, ""new_fc_1"": 7, ""new_fc_10"": 16, ""new_fc_2"": 31, ""new_fc_3"": 6, ""new_fc_4"": 22, ""new_fc_5"": 9, ""new_fc_6"": 0, ""new_fc_7"": 13, ""new_fc_8"": 11, ""new_fc_9"": 5, ""num_neurons"": 64, ""optimizer"": ""Adadelta"", ""reg_l2"": true, ""skip_connection"": false, ""unit_c1"": 3, ""unit_c2"": 7}"
366,186,accuracy,0.8999999985098839,0.10000000149011612,0.04208013333333333,6312020.0,236318.0,-0.3573759610430813,4036.8568,"{""activation"": ""relu"", ""batch_size"": 8, ""data_augmentation"": true, ""dr_f"": 0.212560160592, ""learning_rate"": 0.000684076008, ""new_fc_1"": 23, ""new_fc_10"": 21, ""new_fc_2"": 20, ""new_fc_3"": 14, ""new_fc_4"": 15, ""new_fc_5"": 28, ""new_fc_6"": 15, ""new_fc_7"": 9, ""new_fc_8"": 10, ""new_fc_9"": 7, ""num_neurons"": 4, ""optimizer"": ""Adam"", ""reg_l2"": true, ""skip_connection"": false, ""unit_c1"": 1, ""unit_c2"": 8}"
367,187,accuracy,0.8999999985098839,0.10000000149011612,0.10108957333333334,15163436.0,1170186.0,-0.3396731290430813,4722.6494,"{""activation"": ""swish"", ""batch_size"": 8, ""data_augmentation"": false, ""dr_f"": 0.386153206057, ""learning_rate"": 0.000988474839, ""new_fc_1"": 7, ""new_fc_10"": 11, ""new_fc_2"": 25, ""new_fc_3"": 21, ""new_fc_4"": 29, ""new_fc_5"": 14, ""new_fc_6"": 25, ""new_fc_7"": 19, ""new_fc_8"": 19, ""new_fc_9"": 23, ""num_neurons"": 16, ""optimizer"": ""SGD"", ""reg_l2"": false, ""skip_connection"": false, ""unit_c1"": 1, ""unit_c2"": 2}"
368,188,accuracy,0.5106000006198883,0.4893999993801117,0.06418010666666667,9627016.0,178074.0,-0.6233259675660782,5107.7337,"{""activation"": ""elu"", ""batch_size"": 64, ""data_augmentation"": false, ""dr_f"": 0.347170635858, ""learning_rate"": 0.000340124492, ""new_fc_1"": 27, ""new_fc_10"": 17, ""new_fc_2"": 10, ""new_fc_3"": 27, ""new_fc_4"": 0, ""new_fc_5"": 21, ""new_fc_6"": 25, ""new_fc_7"": 3, ""new_fc_8"": 5, ""new_fc_9"": 0, ""num_neurons"": 4, ""optimizer"": ""Adam"", ""reg_l2"": true, ""skip_connection"": true, ""unit_c1"": 4, ""unit_c2"": 5}"
369,189,accuracy,10000000000.0,,2.32437288,348655932.0,21878090.0,10000000000.0,5109.9791,"{""activation"": ""elu"", ""batch_size"": 64, ""data_augmentation"": false, ""dr_f"": 0.438861530873, ""learning_rate"": 0.00038940221, ""new_fc_1"": 16, ""new_fc_10"": 21, ""new_fc_2"": 12, ""new_fc_3"": 7, ""new_fc_4"": 23, ""new_fc_5"": 13, ""new_fc_6"": 30, ""new_fc_7"": 18, ""new_fc_8"": 12, ""new_fc_9"": 8, ""num_neurons"": 64, ""optimizer"": ""Adadelta"", ""reg_l2"": false, ""skip_connection"": false, ""unit_c1"": 1, ""unit_c2"": 3}"
370,190,accuracy,0.8944000005722046,0.10559999942779541,0.46464776,69697164.0,1643946.0,-0.23452567159945675,5315.3811,"{""activation"": ""relu"", ""batch_size"": 64, ""data_augmentation"": false, ""dr_f"": 0.424937864231, ""learning_rate"": 0.000793412214, ""new_fc_1"": 16, ""new_fc_10"": 20, ""new_fc_2"": 31, ""new_fc_3"": 19, ""new_fc_4"": 21, ""new_fc_5"": 31, ""new_fc_6"": 14, ""new_fc_7"": 15, ""new_fc_8"": 6, ""new_fc_9"": 8, ""num_neurons"": 16, ""optimizer"": ""SGD"", ""reg_l2"": true, ""skip_connection"": false, ""unit_c1"": 3, ""unit_c2"": 3}"
371,190,flops,,,1.2007045066666666,180105676.0,3076426.0,,5316.8772,"{""activation"": ""relu"", ""batch_size"": 8, ""data_augmentation"": true, ""dr_f"": 0.462594665084, ""learning_rate"": 0.000772609439, ""new_fc_1"": 18, ""new_fc_10"": 27, ""new_fc_2"": 23, ""new_fc_3"": 8, ""new_fc_4"": 11, ""new_fc_5"": 26, ""new_fc_6"": 23, ""new_fc_7"": 29, ""new_fc_8"": 15, ""new_fc_9"": 9, ""num_neurons"": 16, ""optimizer"": ""SGD"", ""reg_l2"": true, ""skip_connection"": true, ""unit_c1"": 4, ""unit_c2"": 7}"
372,190,flops,,,2.557591866666667,383638780.0,12157802.0,,5318.4964,"{""activation"": ""relu"", ""batch_size"": 16, ""data_augmentation"": false, ""dr_f"": 0.404534238055, ""learning_rate"": 0.000831647303, ""new_fc_1"": 17, ""new_fc_10"": 28, ""new_fc_2"": 24, ""new_fc_3"": 12, ""new_fc_4"": 14, ""new_fc_5"": 18, ""new_fc_6"": 6, ""new_fc_7"": 28, ""new_fc_8"": 4, ""new_fc_9"": 31, ""num_neurons"": 32, ""optimizer"": ""Adamax"", ""reg_l2"": true, ""skip_connection"": false, ""unit_c1"": 1, ""unit_c2"": 8}"
373,191,accuracy,10000000000.0,,8.68272296,1302408444.0,29513354.0,10000000000.0,5322.2975,"{""activation"": ""selu"", ""batch_size"": 32, ""data_augmentation"": true, ""dr_f"": 0.387950190368, ""learning_rate"": 0.000306709298, ""new_fc_1"": 18, ""new_fc_10"": 20, ""new_fc_2"": 15, ""new_fc_3"": 23, ""new_fc_4"": 0, ""new_fc_5"": 2, ""new_fc_6"": 30, ""new_fc_7"": 16, ""new_fc_8"": 24, ""new_fc_9"": 15, ""num_neurons"": 64, ""optimizer"": ""Adam"", ""reg_l2"": false, ""skip_connection"": true, ""unit_c1"": 3, ""unit_c2"": 4}"
374,192,accuracy,0.498199999332428,0.501800000667572,0.14458797333333334,21688196.0,414682.0,-0.6078836084673004,6427.6198,"{""activation"": ""elu"", ""batch_size"": 16, ""data_augmentation"": true, ""dr_f"": 0.301693341521, ""learning_rate"": 0.000448844578, ""new_fc_1"": 15, ""new_fc_10"": 15, ""new_fc_2"": 21, ""new_fc_3"": 20, ""new_fc_4"": 9, ""new_fc_5"": 9, ""new_fc_6"": 20, ""new_fc_7"": 26, ""new_fc_8"": 9, ""new_fc_9"": 13, ""num_neurons"": 8, ""optimizer"": ""Adagrad"", ""reg_l2"": false, ""skip_connection"": true, ""unit_c1"": 3, ""unit_c2"": 4}"
375,193,accuracy,0.36089998483657837,0.6391000151634216,0.58023208,87034812.0,4921642.0,-0.5733003866143951,9093.2732,"{""activation"": ""selu"", ""batch_size"": 8, ""data_augmentation"": true, ""dr_f"": 0.045688541779, ""learning_rate"": 0.000485684094, ""new_fc_1"": 11, ""new_fc_10"": 31, ""new_fc_2"": 29, ""new_fc_3"": 13, ""new_fc_4"": 15, ""new_fc_5"": 32, ""new_fc_6"": 12, ""new_fc_7"": 11, ""new_fc_8"": 4, ""new_fc_9"": 18, ""num_neurons"": 32, ""optimizer"": ""Adamax"", ""reg_l2"": true, ""skip_connection"": false, ""unit_c1"": 1, ""unit_c2"": 3}"
376,194,accuracy,10000000000.0,,1.3443542133333333,201653132.0,2216346.0,10000000000.0,9094.8723,"{""activation"": ""swish"", ""batch_size"": 8, ""data_augmentation"": false, ""dr_f"": 0.494000051818, ""learning_rate"": 0.00023814101, ""new_fc_1"": 9, ""new_fc_10"": 29, ""new_fc_2"": 26, ""new_fc_3"": 32, ""new_fc_4"": 10, ""new_fc_5"": 14, ""new_fc_6"": 8, ""new_fc_7"": 24, ""new_fc_8"": 5, ""new_fc_9"": 30, ""num_neurons"": 16, ""optimizer"": ""SGD"", ""reg_l2"": true, ""skip_connection"": true, ""unit_c1"": 4, ""unit_c2"": 8}"
377,195,accuracy,0.3865000009536743,0.6134999990463257,0.07012914666666667,10519372.0,1256426.0,-0.708411255332428,9419.9413,"{""activation"": ""elu"", ""batch_size"": 64, ""data_augmentation"": false, ""dr_f"": 0.154801337361, ""learning_rate"": 0.000553921133, ""new_fc_1"": 30, ""new_fc_10"": 13, ""new_fc_2"": 30, ""new_fc_3"": 32, ""new_fc_4"": 8, ""new_fc_5"": 16, ""new_fc_6"": 5, ""new_fc_7"": 7, ""new_fc_8"": 11, ""new_fc_9"": 21, ""num_neurons"": 16, ""optimizer"": ""SGD"", ""reg_l2"": false, ""skip_connection"": false, ""unit_c1"": 1, ""unit_c2"": 1}"
378,195,flops,,,0.23256754666666668,34885132.0,457258.0,,9421.4076,"{""activation"": ""elu"", ""batch_size"": 64, ""data_augmentation"": false, ""dr_f"": 0.408411941941, ""learning_rate"": 0.00012935994, ""new_fc_1"": 16, ""new_fc_10"": 18, ""new_fc_2"": 16, ""new_fc_3"": 19, ""new_fc_4"": 1, ""new_fc_5"": 3, ""new_fc_6"": 17, ""new_fc_7"": 28, ""new_fc_8"": 6, ""new_fc_9"": 6, ""num_neurons"": 8, ""optimizer"": ""Adamax"", ""reg_l2"": false, ""skip_connection"": false, ""unit_c1"": 4, ""unit_c2"": 5}"
379,195,flops,,,0.79822888,119734332.0,2457642.0,,9423.2094,"{""activation"": ""selu"", ""batch_size"": 32, ""data_augmentation"": false, ""dr_f"": 0.254398218642, ""learning_rate"": 0.000381969805, ""new_fc_1"": 5, ""new_fc_10"": 10, ""new_fc_2"": 30, ""new_fc_3"": 4, ""new_fc_4"": 2, ""new_fc_5"": 7, ""new_fc_6"": 30, ""new_fc_7"": 4, ""new_fc_8"": 1, ""new_fc_9"": 27, ""num_neurons"": 32, ""optimizer"": ""Adam"", ""reg_l2"": true, ""skip_connection"": false, ""unit_c1"": 1, ""unit_c2"": 4}"
380,196,accuracy,10000000000.0,,1.3236763466666666,198551452.0,864586.0,10000000000.0,9424.6881,"{""activation"": ""selu"", ""batch_size"": 16, ""data_augmentation"": false, ""dr_f"": 0.44135648189, ""learning_rate"": 0.000795749602, ""new_fc_1"": 1, ""new_fc_10"": 3, ""new_fc_2"": 31, ""new_fc_3"": 18, ""new_fc_4"": 0, ""new_fc_5"": 20, ""new_fc_6"": 14, ""new_fc_7"": 20, ""new_fc_8"": 14, ""new_fc_9"": 1, ""num_neurons"": 16, ""optimizer"": ""Adadelta"", ""reg_l2"": false, ""skip_connection"": true, ""unit_c1"": 4, ""unit_c2"": 8}"
381,197,accuracy,0.5009999871253967,0.49900001287460327,0.23580808,35371212.0,924986.0,-0.5785575850122222,10591.154,"{""activation"": ""selu"", ""batch_size"": 16, ""data_augmentation"": false, ""dr_f"": 0.178780601599, ""learning_rate"": 0.000893145481, ""new_fc_1"": 27, ""new_fc_10"": 2, ""new_fc_2"": 13, ""new_fc_3"": 17, ""new_fc_4"": 7, ""new_fc_5"": 11, ""new_fc_6"": 7, ""new_fc_7"": 26, ""new_fc_8"": 13, ""new_fc_9"": 15, ""num_neurons"": 8, ""optimizer"": ""Adadelta"", ""reg_l2"": false, ""skip_connection"": true, ""unit_c1"": 3, ""unit_c2"": 7}"
382,198,accuracy,0.33079999685287476,0.6692000031471252,0.028881546666666667,4332232.0,44810.0,-0.7597755382029876,10976.397,"{""activation"": ""selu"", ""batch_size"": 64, ""data_augmentation"": false, ""dr_f"": 0.096819616307, ""learning_rate"": 0.000981637795, ""new_fc_1"": 4, ""new_fc_10"": 8, ""new_fc_2"": 12, ""new_fc_3"": 2, ""new_fc_4"": 0, ""new_fc_5"": 28, ""new_fc_6"": 25, ""new_fc_7"": 25, ""new_fc_8"": 11, ""new_fc_9"": 16, ""num_neurons"": 4, ""optimizer"": ""Adamax"", ""reg_l2"": false, ""skip_connection"": true, ""unit_c1"": 3, ""unit_c2"": 2}"
383,199,accuracy,10000000000.0,,1.5168396533333333,227525948.0,15356618.0,10000000000.0,10978.4374,"{""activation"": ""elu"", ""batch_size"": 16, ""data_augmentation"": false, ""dr_f"": 0.192183033564, ""learning_rate"": 0.000667441672, ""new_fc_1"": 3, ""new_fc_10"": 24, ""new_fc_2"": 30, ""new_fc_3"": 32, ""new_fc_4"": 28, ""new_fc_5"": 15, ""new_fc_6"": 23, ""new_fc_7"": 6, ""new_fc_8"": 4, ""new_fc_9"": 15, ""num_neurons"": 64, ""optimizer"": ""Adam"", ""reg_l2"": true, ""skip_connection"": true, ""unit_c1"": 1, ""unit_c2"": 2}"
384,199,flops,,,0.0922868,13843020.0,328786.0,,10979.8531,"{""activation"": ""relu"", ""batch_size"": 64, ""data_augmentation"": true, ""dr_f"": 0.057498288381, ""learning_rate"": 0.00034927507, ""new_fc_1"": 18, ""new_fc_10"": 29, ""new_fc_2"": 29, ""new_fc_3"": 14, ""new_fc_4"": 26, ""new_fc_5"": 29, ""new_fc_6"": 9, ""new_fc_7"": 7, ""new_fc_8"": 15, ""new_fc_9"": 30, ""num_neurons"": 8, ""optimizer"": ""Adadelta"", ""reg_l2"": true, ""skip_connection"": false, ""unit_c1"": 3, ""unit_c2"": 1}"
385,200,accuracy,0.8823999986052513,0.11760000139474869,0.07134578666666666,10701868.0,145906.0,-0.36091626497632406,11244.5454,"{""activation"": ""elu"", ""batch_size"": 32, ""data_augmentation"": false, ""dr_f"": 0.495554859912, ""learning_rate"": 0.000867428154, ""new_fc_1"": 13, ""new_fc_10"": 8, ""new_fc_2"": 1, ""new_fc_3"": 7, ""new_fc_4"": 9, ""new_fc_5"": 27, ""new_fc_6"": 30, ""new_fc_7"": 19, ""new_fc_8"": 28, ""new_fc_9"": 30, ""num_neurons"": 4, ""optimizer"": ""Adadelta"", ""reg_l2"": false, ""skip_connection"": true, ""unit_c1"": 4, ""unit_c2"": 6}"
386,201,accuracy,10000000000.0,,6.253069626666667,937960444.0,22843530.0,10000000000.0,2.5345,"{""activation"": ""elu"", ""batch_size"": 8, ""data_augmentation"": false, ""dr_f"": 0.382371346848, ""learning_rate"": 0.000995066069, ""new_fc_1"": 24, ""new_fc_10"": 31, ""new_fc_2"": 17, ""new_fc_3"": 8, ""new_fc_4"": 11, ""new_fc_5"": 2, ""new_fc_6"": 5, ""new_fc_7"": 24, ""new_fc_8"": 12, ""new_fc_9"": 29, ""num_neurons"": 64, ""optimizer"": ""Adam"", ""reg_l2"": false, ""skip_connection"": true, ""unit_c1"": 3, ""unit_c2"": 2}"
387,202,accuracy,0.8999999985098839,0.10000000149011612,0.010601386666666667,1590208.0,39630.0,-0.36681958504308126,388.8043,"{""activation"": ""swish"", ""batch_size"": 16, ""data_augmentation"": true, ""dr_f"": 0.130347465241, ""learning_rate"": 0.000911223087, ""new_fc_1"": 1, ""new_fc_10"": 22, ""new_fc_2"": 16, ""new_fc_3"": 10, ""new_fc_4"": 9, ""new_fc_5"": 7, ""new_fc_6"": 21, ""new_fc_7"": 26, ""new_fc_8"": 30, ""new_fc_9"": 5, ""num_neurons"": 4, ""optimizer"": ""SGD"", ""reg_l2"": true, ""skip_connection"": true, ""unit_c1"": 1, ""unit_c2"": 3}"
388,203,accuracy,10000000000.0,,11.827378746666668,1774106812.0,14604874.0,10000000000.0,390.9419,"{""activation"": ""elu"", ""batch_size"": 16, ""data_augmentation"": true, ""dr_f"": 0.078895569109, ""learning_rate"": 0.000988551108, ""new_fc_1"": 3, ""new_fc_10"": 11, ""new_fc_2"": 15, ""new_fc_3"": 25, ""new_fc_4"": 20, ""new_fc_5"": 11, ""new_fc_6"": 13, ""new_fc_7"": 22, ""new_fc_8"": 5, ""new_fc_9"": 9, ""num_neurons"": 64, ""optimizer"": ""Adamax"", ""reg_l2"": false, ""skip_connection"": true, ""unit_c1"": 3, ""unit_c2"": 6}"
389,203,flops,,,0.16224162666666667,24336244.0,746458.0,,392.5134,"{""activation"": ""selu"", ""batch_size"": 16, ""data_augmentation"": false, ""dr_f"": 0.124932164185, ""learning_rate"": 0.000328190089, ""new_fc_1"": 16, ""new_fc_10"": 5, ""new_fc_2"": 11, ""new_fc_3"": 24, ""new_fc_4"": 9, ""new_fc_5"": 16, ""new_fc_6"": 30, ""new_fc_7"": 23, ""new_fc_8"": 29, ""new_fc_9"": 0, ""num_neurons"": 8, ""optimizer"": ""Adamax"", ""reg_l2"": false, ""skip_connection"": false, ""unit_c1"": 1, ""unit_c2"": 8}"
390,203,flops,,,0.2880932,43213980.0,715786.0,,393.7367,"{""activation"": ""selu"", ""batch_size"": 32, ""data_augmentation"": false, ""dr_f"": 0.147402556697, ""learning_rate"": 0.000926271987, ""new_fc_1"": 5, ""new_fc_10"": 15, ""new_fc_2"": 1, ""new_fc_3"": 6, ""new_fc_4"": 0, ""new_fc_5"": 11, ""new_fc_6"": 12, ""new_fc_7"": 23, ""new_fc_8"": 11, ""new_fc_9"": 6, ""num_neurons"": 16, ""optimizer"": ""Adadelta"", ""reg_l2"": true, ""skip_connection"": true, ""unit_c1"": 1, ""unit_c2"": 5}"
391,204,accuracy,0.6299999952316284,0.3700000047683716,0.23256754666666668,34885132.0,457258.0,-0.48922973933786007,779.1021,"{""activation"": ""elu"", ""batch_size"": 64, ""data_augmentation"": false, ""dr_f"": 0.408411941941, ""learning_rate"": 0.00012935994, ""new_fc_1"": 16, ""new_fc_10"": 18, ""new_fc_2"": 16, ""new_fc_3"": 19, ""new_fc_4"": 1, ""new_fc_5"": 3, ""new_fc_6"": 17, ""new_fc_7"": 28, ""new_fc_8"": 6, ""new_fc_9"": 6, ""num_neurons"": 8, ""optimizer"": ""Adamax"", ""reg_l2"": false, ""skip_connection"": false, ""unit_c1"": 4, ""unit_c2"": 5}"
392,205,accuracy,10000000000.0,,14.587245626666666,2188086844.0,68017802.0,10000000000.0,783.4521,"{""activation"": ""selu"", ""batch_size"": 16, ""data_augmentation"": false, ""dr_f"": 0.035210381898, ""learning_rate"": 0.000318092384, ""new_fc_1"": 27, ""new_fc_10"": 31, ""new_fc_2"": 28, ""new_fc_3"": 17, ""new_fc_4"": 27, ""new_fc_5"": 0, ""new_fc_6"": 32, ""new_fc_7"": 13, ""new_fc_8"": 17, ""new_fc_9"": 12, ""num_neurons"": 64, ""optimizer"": ""Adadelta"", ""reg_l2"": false, ""skip_connection"": true, ""unit_c1"": 3, ""unit_c2"": 7}"
393,205,flops,,,1.3991669066666668,209875036.0,7878474.0,,785.1494,"{""activation"": ""relu"", ""batch_size"": 16, ""data_augmentation"": true, ""dr_f"": 0.434742625063, ""learning_rate"": 0.000127347256, ""new_fc_1"": 31, ""new_fc_10"": 32, ""new_fc_2"": 24, ""new_fc_3"": 16, ""new_fc_4"": 30, ""new_fc_5"": 18, ""new_fc_6"": 27, ""new_fc_7"": 28, ""new_fc_8"": 25, ""new_fc_9"": 26, ""num_neurons"": 32, ""optimizer"": ""SGD"", ""reg_l2"": true, ""skip_connection"": false, ""unit_c1"": 3, ""unit_c2"": 1}"
394,206,accuracy,0.8999999985098839,0.10000000149011612,0.04063928,6095892.0,39658.0,-0.3578082170430813,990.0966,"{""activation"": ""elu"", ""batch_size"": 32, ""data_augmentation"": true, ""dr_f"": 0.41464419989, ""learning_rate"": 0.000148803727, ""new_fc_1"": 3, ""new_fc_10"": 30, ""new_fc_2"": 20, ""new_fc_3"": 8, ""new_fc_4"": 28, ""new_fc_5"": 1, ""new_fc_6"": 28, ""new_fc_7"": 27, ""new_fc_8"": 5, ""new_fc_9"": 16, ""num_neurons"": 4, ""optimizer"": ""Adam"", ""reg_l2"": true, ""skip_connection"": false, ""unit_c1"": 4, ""unit_c2"": 1}"
395,207,accuracy,0.7172999978065491,0.2827000021934509,0.00739904,1109856.0,67922.0,-0.49567028953541564,2815.3047,"{""activation"": ""selu"", ""batch_size"": 8, ""data_augmentation"": false, ""dr_f"": 0.318708524756, ""learning_rate"": 0.000788595287, ""new_fc_1"": 7, ""new_fc_10"": 20, ""new_fc_2"": 5, ""new_fc_3"": 3, ""new_fc_4"": 28, ""new_fc_5"": 0, ""new_fc_6"": 32, ""new_fc_7"": 27, ""new_fc_8"": 19, ""new_fc_9"": 20, ""num_neurons"": 4, ""optimizer"": ""SGD"", ""reg_l2"": true, ""skip_connection"": false, ""unit_c1"": 1, ""unit_c2"": 2}"
396,207,flops,,,3.1386564,470798460.0,5570698.0,,2816.9047,"{""activation"": ""relu"", ""batch_size"": 32, ""data_augmentation"": false, ""dr_f"": 0.237154913392, ""learning_rate"": 0.000857077488, ""new_fc_1"": 12, ""new_fc_10"": 25, ""new_fc_2"": 15, ""new_fc_3"": 15, ""new_fc_4"": 16, ""new_fc_5"": 26, ""new_fc_6"": 22, ""new_fc_7"": 2, ""new_fc_8"": 0, ""new_fc_9"": 9, ""num_neurons"": 32, ""optimizer"": ""Adadelta"", ""reg_l2"": false, ""skip_connection"": false, ""unit_c1"": 4, ""unit_c2"": 4}"
397,208,accuracy,0.8893999978899956,0.11060000211000443,0.18985192,28477788.0,452066.0,-0.3204644254770031,3023.288,"{""activation"": ""relu"", ""batch_size"": 64, ""data_augmentation"": false, ""dr_f"": 0.227621664415, ""learning_rate"": 0.000552397828, ""new_fc_1"": 21, ""new_fc_10"": 7, ""new_fc_2"": 29, ""new_fc_3"": 27, ""new_fc_4"": 10, ""new_fc_5"": 9, ""new_fc_6"": 17, ""new_fc_7"": 2, ""new_fc_8"": 27, ""new_fc_9"": 19, ""num_neurons"": 8, ""optimizer"": ""Adadelta"", ""reg_l2"": false, ""skip_connection"": true, ""unit_c1"": 4, ""unit_c2"": 3}"
398,208,flops,,,0.09072642666666667,13608964.0,157114.0,,3024.8087,"{""activation"": ""swish"", ""batch_size"": 8, ""data_augmentation"": false, ""dr_f"": 0.08216041787, ""learning_rate"": 0.000804968912, ""new_fc_1"": 2, ""new_fc_10"": 11, ""new_fc_2"": 1, ""new_fc_3"": 18, ""new_fc_4"": 18, ""new_fc_5"": 19, ""new_fc_6"": 27, ""new_fc_7"": 11, ""new_fc_8"": 11, ""new_fc_9"": 25, ""num_neurons"": 8, ""optimizer"": ""Adagrad"", ""reg_l2"": false, ""skip_connection"": false, ""unit_c1"": 3, ""unit_c2"": 1}"
399,209,accuracy,10000000000.0,,1.3760705866666667,206410588.0,4795754.0,10000000000.0,3026.6302,"{""activation"": ""elu"", ""batch_size"": 8, ""data_augmentation"": true, ""dr_f"": 0.146407724792, ""learning_rate"": 0.000402046441, ""new_fc_1"": 9, ""new_fc_10"": 22, ""new_fc_2"": 13, ""new_fc_3"": 8, ""new_fc_4"": 28, ""new_fc_5"": 5, ""new_fc_6"": 13, ""new_fc_7"": 31, ""new_fc_8"": 12, ""new_fc_9"": 20, ""num_neurons"": 32, ""optimizer"": ""SGD"", ""reg_l2"": true, ""skip_connection"": true, ""unit_c1"": 2, ""unit_c2"": 4}"
400,209,flops,,,1.6674463733333333,250116956.0,14176522.0,,3028.5988,"{""activation"": ""elu"", ""batch_size"": 16, ""data_augmentation"": true, ""dr_f"": 0.390603398376, ""learning_rate"": 0.000729406884, ""new_fc_1"": 31, ""new_fc_10"": 26, ""new_fc_2"": 27, ""new_fc_3"": 12, ""new_fc_4"": 2, ""new_fc_5"": 16, ""new_fc_6"": 3, ""new_fc_7"": 20, ""new_fc_8"": 2, ""new_fc_9"": 6, ""num_neurons"": 32, ""optimizer"": ""Adadelta"", ""reg_l2"": true, ""skip_connection"": true, ""unit_c1"": 1, ""unit_c2"": 6}"
401,210,accuracy,10000000000.0,,1.6674463733333333,250116956.0,14176522.0,10000000000.0,3030.7033,"{""activation"": ""elu"", ""batch_size"": 16, ""data_augmentation"": true, ""dr_f"": 0.390603398376, ""learning_rate"": 0.000729406884, ""new_fc_1"": 31, ""new_fc_10"": 26, ""new_fc_2"": 27, ""new_fc_3"": 12, ""new_fc_4"": 2, ""new_fc_5"": 16, ""new_fc_6"": 3, ""new_fc_7"": 20, ""new_fc_8"": 2, ""new_fc_9"": 6, ""num_neurons"": 32, ""optimizer"": ""Adadelta"", ""reg_l2"": true, ""skip_connection"": true, ""unit_c1"": 1, ""unit_c2"": 6}"
402,210,flops,,,0.25366653333333333,38049980.0,3954154.0,,3032.1656,"{""activation"": ""elu"", ""batch_size"": 64, ""data_augmentation"": true, ""dr_f"": 0.356947501816, ""learning_rate"": 0.00028291643, ""new_fc_1"": 25, ""new_fc_10"": 18, ""new_fc_2"": 15, ""new_fc_3"": 23, ""new_fc_4"": 21, ""new_fc_5"": 12, ""new_fc_6"": 2, ""new_fc_7"": 1, ""new_fc_8"": 20, ""new_fc_9"": 19, ""num_neurons"": 32, ""optimizer"": ""Adadelta"", ""reg_l2"": false, ""skip_connection"": false, ""unit_c1"": 1, ""unit_c2"": 1}"
403,211,accuracy,10000000000.0,,21.55235624,3232853436.0,68350090.0,10000000000.0,3037.7637,"{""activation"": ""selu"", ""batch_size"": 16, ""data_augmentation"": false, ""dr_f"": 0.167009797379, ""learning_rate"": 0.000118881298, ""new_fc_1"": 27, ""new_fc_10"": 8, ""new_fc_2"": 15, ""new_fc_3"": 26, ""new_fc_4"": 2, ""new_fc_5"": 8, ""new_fc_6"": 18, ""new_fc_7"": 13, ""new_fc_8"": 26, ""new_fc_9"": 7, ""num_neurons"": 64, ""optimizer"": ""SGD"", ""reg_l2"": true, ""skip_connection"": true, ""unit_c1"": 4, ""unit_c2"": 8}"
404,211,flops,,,0.06392453333333334,9588680.0,158962.0,,3039.3424,"{""activation"": ""elu"", ""batch_size"": 16, ""data_augmentation"": true, ""dr_f"": 0.378745252041, ""learning_rate"": 0.000179082313, ""new_fc_1"": 21, ""new_fc_10"": 18, ""new_fc_2"": 6, ""new_fc_3"": 17, ""new_fc_4"": 8, ""new_fc_5"": 25, ""new_fc_6"": 18, ""new_fc_7"": 21, ""new_fc_8"": 0, ""new_fc_9"": 29, ""num_neurons"": 4, ""optimizer"": ""Adam"", ""reg_l2"": true, ""skip_connection"": true, ""unit_c1"": 4, ""unit_c2"": 5}"
405,212,accuracy,10000000000.0,,3.1386564,470798460.0,5570698.0,10000000000.0,3041.1655,"{""activation"": ""relu"", ""batch_size"": 32, ""data_augmentation"": false, ""dr_f"": 0.237154913392, ""learning_rate"": 0.000857077488, ""new_fc_1"": 12, ""new_fc_10"": 25, ""new_fc_2"": 15, ""new_fc_3"": 15, ""new_fc_4"": 16, ""new_fc_5"": 26, ""new_fc_6"": 22, ""new_fc_7"": 2, ""new_fc_8"": 0, ""new_fc_9"": 9, ""num_neurons"": 32, ""optimizer"": ""Adadelta"", ""reg_l2"": false, ""skip_connection"": false, ""unit_c1"": 4, ""unit_c2"": 4}"
406,213,accuracy,0.6401999890804291,0.3598000109195709,0.0411548,6173220.0,405394.0,-0.5395135676436996,4206.8629,"{""activation"": ""elu"", ""batch_size"": 16, ""data_augmentation"": false, ""dr_f"": 0.391795729717, ""learning_rate"": 0.000909335855, ""new_fc_1"": 11, ""new_fc_10"": 15, ""new_fc_2"": 30, ""new_fc_3"": 18, ""new_fc_4"": 31, ""new_fc_5"": 31, ""new_fc_6"": 9, ""new_fc_7"": 20, ""new_fc_8"": 32, ""new_fc_9"": 12, ""num_neurons"": 8, ""optimizer"": ""Adam"", ""reg_l2"": true, ""skip_connection"": true, ""unit_c1"": 1, ""unit_c2"": 3}"
407,213,flops,,,18.44724434666667,2767086652.0,48698634.0,,4209.9854,"{""activation"": ""elu"", ""batch_size"": 32, ""data_augmentation"": false, ""dr_f"": 0.043201440003, ""learning_rate"": 0.000520623419, ""new_fc_1"": 21, ""new_fc_10"": 19, ""new_fc_2"": 14, ""new_fc_3"": 13, ""new_fc_4"": 7, ""new_fc_5"": 13, ""new_fc_6"": 13, ""new_fc_7"": 30, ""new_fc_8"": 3, ""new_fc_9"": 15, ""num_neurons"": 64, ""optimizer"": ""Adadelta"", ""reg_l2"": true, ""skip_connection"": false, ""unit_c1"": 4, ""unit_c2"": 7}"
408,214,accuracy,0.6601999998092651,0.33980000019073486,0.20775602666666668,31163404.0,509466.0,-0.47553319213351436,5795.4076,"{""activation"": ""relu"", ""batch_size"": 8, ""data_augmentation"": true, ""dr_f"": 0.355379146743, ""learning_rate"": 0.000118524707, ""new_fc_1"": 2, ""new_fc_10"": 9, ""new_fc_2"": 15, ""new_fc_3"": 24, ""new_fc_4"": 23, ""new_fc_5"": 3, ""new_fc_6"": 31, ""new_fc_7"": 7, ""new_fc_8"": 5, ""new_fc_9"": 18, ""num_neurons"": 16, ""optimizer"": ""Adamax"", ""reg_l2"": false, ""skip_connection"": false, ""unit_c1"": 2, ""unit_c2"": 2}"
409,214,flops,,,0.04068608,6102912.0,43094.0,,5797.3798,"{""activation"": ""elu"", ""batch_size"": 8, ""data_augmentation"": true, ""dr_f"": 0.414381863721, ""learning_rate"": 0.000805047801, ""new_fc_1"": 21, ""new_fc_10"": 4, ""new_fc_2"": 6, ""new_fc_3"": 11, ""new_fc_4"": 1, ""new_fc_5"": 32, ""new_fc_6"": 4, ""new_fc_7"": 8, ""new_fc_8"": 25, ""new_fc_9"": 17, ""num_neurons"": 4, ""optimizer"": ""Adamax"", ""reg_l2"": false, ""skip_connection"": false, ""unit_c1"": 4, ""unit_c2"": 1}"
410,215,accuracy,0.6705999970436096,0.3294000029563904,0.25366653333333333,38049980.0,3954154.0,-0.45448004206947323,6302.6273,"{""activation"": ""elu"", ""batch_size"": 64, ""data_augmentation"": true, ""dr_f"": 0.356947501816, ""learning_rate"": 0.00028291643, ""new_fc_1"": 25, ""new_fc_10"": 18, ""new_fc_2"": 15, ""new_fc_3"": 23, ""new_fc_4"": 21, ""new_fc_5"": 12, ""new_fc_6"": 2, ""new_fc_7"": 1, ""new_fc_8"": 20, ""new_fc_9"": 19, ""num_neurons"": 32, ""optimizer"": ""Adadelta"", ""reg_l2"": false, ""skip_connection"": false, ""unit_c1"": 1, ""unit_c2"": 1}"
411,216,accuracy,0.8999999985098839,0.10000000149011612,0.09072642666666667,13608964.0,157114.0,-0.3427820730430813,7048.3856,"{""activation"": ""swish"", ""batch_size"": 8, ""data_augmentation"": false, ""dr_f"": 0.08216041787, ""learning_rate"": 0.000804968912, ""new_fc_1"": 2, ""new_fc_10"": 11, ""new_fc_2"": 1, ""new_fc_3"": 18, ""new_fc_4"": 18, ""new_fc_5"": 19, ""new_fc_6"": 27, ""new_fc_7"": 11, ""new_fc_8"": 11, ""new_fc_9"": 25, ""num_neurons"": 8, ""optimizer"": ""Adagrad"", ""reg_l2"": false, ""skip_connection"": false, ""unit_c1"": 3, ""unit_c2"": 1}"
412,217,accuracy,0.7035999894142151,0.2964000105857849,0.06392453333333334,9588680.0,158962.0,-0.48830264741004936,7913.9013,"{""activation"": ""elu"", ""batch_size"": 16, ""data_augmentation"": true, ""dr_f"": 0.378745252041, ""learning_rate"": 0.000179082313, ""new_fc_1"": 21, ""new_fc_10"": 18, ""new_fc_2"": 6, ""new_fc_3"": 17, ""new_fc_4"": 8, ""new_fc_5"": 25, ""new_fc_6"": 18, ""new_fc_7"": 21, ""new_fc_8"": 0, ""new_fc_9"": 29, ""num_neurons"": 4, ""optimizer"": ""Adam"", ""reg_l2"": true, ""skip_connection"": true, ""unit_c1"": 4, ""unit_c2"": 5}"
413,217,flops,,,0.55873032,83809548.0,1822474.0,,7915.3302,"{""activation"": ""elu"", ""batch_size"": 32, ""data_augmentation"": true, ""dr_f"": 0.130578863045, ""learning_rate"": 0.000587986302, ""new_fc_1"": 18, ""new_fc_10"": 22, ""new_fc_2"": 3, ""new_fc_3"": 0, ""new_fc_4"": 12, ""new_fc_5"": 31, ""new_fc_6"": 12, ""new_fc_7"": 1, ""new_fc_8"": 19, ""new_fc_9"": 31, ""num_neurons"": 16, ""optimizer"": ""SGD"", ""reg_l2"": false, ""skip_connection"": true, ""unit_c1"": 3, ""unit_c2"": 4}"
414,217,flops,,,0.23661416,35492124.0,2588362.0,,7917.1206,"{""activation"": ""swish"", ""batch_size"": 8, ""data_augmentation"": true, ""dr_f"": 0.467667536921, ""learning_rate"": 0.000147469945, ""new_fc_1"": 1, ""new_fc_10"": 3, ""new_fc_2"": 29, ""new_fc_3"": 3, ""new_fc_4"": 7, ""new_fc_5"": 11, ""new_fc_6"": 18, ""new_fc_7"": 25, ""new_fc_8"": 28, ""new_fc_9"": 28, ""num_neurons"": 32, ""optimizer"": ""Adamax"", ""reg_l2"": true, ""skip_connection"": false, ""unit_c1"": 1, ""unit_c2"": 1}"
415,218,accuracy,0.364300012588501,0.635699987411499,0.04409824,6614736.0,129798.0,-0.7317605191880493,8482.7625,"{""activation"": ""swish"", ""batch_size"": 32, ""data_augmentation"": true, ""dr_f"": 0.480949421318, ""learning_rate"": 0.00044197706, ""new_fc_1"": 12, ""new_fc_10"": 18, ""new_fc_2"": 26, ""new_fc_3"": 15, ""new_fc_4"": 14, ""new_fc_5"": 0, ""new_fc_6"": 13, ""new_fc_7"": 10, ""new_fc_8"": 15, ""new_fc_9"": 20, ""num_neurons"": 4, ""optimizer"": ""Adam"", ""reg_l2"": false, ""skip_connection"": false, ""unit_c1"": 2, ""unit_c2"": 7}"
416,218,flops,,,0.64594728,96892092.0,1807242.0,,8484.285,"{""activation"": ""selu"", ""batch_size"": 16, ""data_augmentation"": true, ""dr_f"": 0.424477054347, ""learning_rate"": 0.000322886578, ""new_fc_1"": 31, ""new_fc_10"": 28, ""new_fc_2"": 10, ""new_fc_3"": 19, ""new_fc_4"": 24, ""new_fc_5"": 3, ""new_fc_6"": 23, ""new_fc_7"": 22, ""new_fc_8"": 24, ""new_fc_9"": 0, ""num_neurons"": 16, ""optimizer"": ""Adagrad"", ""reg_l2"": false, ""skip_connection"": false, ""unit_c1"": 4, ""unit_c2"": 2}"
417,218,flops,,,0.06957096,10435644.0,1147162.0,,8485.9139,"{""activation"": ""elu"", ""batch_size"": 8, ""data_augmentation"": true, ""dr_f"": 0.186318749639, ""learning_rate"": 0.000863583517, ""new_fc_1"": 22, ""new_fc_10"": 29, ""new_fc_2"": 18, ""new_fc_3"": 16, ""new_fc_4"": 31, ""new_fc_5"": 5, ""new_fc_6"": 19, ""new_fc_7"": 32, ""new_fc_8"": 0, ""new_fc_9"": 16, ""num_neurons"": 16, ""optimizer"": ""Adadelta"", ""reg_l2"": true, ""skip_connection"": true, ""unit_c1"": 1, ""unit_c2"": 1}"
418,218,flops,,,0.27330365333333334,40995548.0,1039362.0,,8487.7415,"{""activation"": ""relu"", ""batch_size"": 32, ""data_augmentation"": false, ""dr_f"": 0.109135202745, ""learning_rate"": 0.000593587519, ""new_fc_1"": 25, ""new_fc_10"": 4, ""new_fc_2"": 27, ""new_fc_3"": 31, ""new_fc_4"": 2, ""new_fc_5"": 28, ""new_fc_6"": 15, ""new_fc_7"": 19, ""new_fc_8"": 5, ""new_fc_9"": 8, ""num_neurons"": 8, ""optimizer"": ""Adadelta"", ""reg_l2"": false, ""skip_connection"": true, ""unit_c1"": 3, ""unit_c2"": 8}"
419,219,accuracy,10000000000.0,,14.5332996,2179994940.0,56012554.0,10000000000.0,8492.753,"{""activation"": ""relu"", ""batch_size"": 16, ""data_augmentation"": true, ""dr_f"": 0.148032866925, ""learning_rate"": 0.00084347344, ""new_fc_1"": 32, ""new_fc_10"": 15, ""new_fc_2"": 32, ""new_fc_3"": 16, ""new_fc_4"": 16, ""new_fc_5"": 0, ""new_fc_6"": 2, ""new_fc_7"": 13, ""new_fc_8"": 21, ""new_fc_9"": 21, ""num_neurons"": 64, ""optimizer"": ""SGD"", ""reg_l2"": true, ""skip_connection"": false, ""unit_c1"": 4, ""unit_c2"": 5}"
420,219,flops,,,2.29848232,344772348.0,4470634.0,,8494.4644,"{""activation"": ""elu"", ""batch_size"": 32, ""data_augmentation"": true, ""dr_f"": 0.204723783075, ""learning_rate"": 0.000403353642, ""new_fc_1"": 21, ""new_fc_10"": 13, ""new_fc_2"": 12, ""new_fc_3"": 24, ""new_fc_4"": 24, ""new_fc_5"": 28, ""new_fc_6"": 20, ""new_fc_7"": 7, ""new_fc_8"": 25, ""new_fc_9"": 4, ""num_neurons"": 32, ""optimizer"": ""Adadelta"", ""reg_l2"": true, ""skip_connection"": true, ""unit_c1"": 4, ""unit_c2"": 1}"
421,220,accuracy,10000000000.0,,2.826661093333333,423999164.0,7718026.0,10000000000.0,8497.4282,"{""activation"": ""swish"", ""batch_size"": 16, ""data_augmentation"": false, ""dr_f"": 0.130888160462, ""learning_rate"": 0.000218293422, ""new_fc_1"": 25, ""new_fc_10"": 1, ""new_fc_2"": 15, ""new_fc_3"": 4, ""new_fc_4"": 18, ""new_fc_5"": 14, ""new_fc_6"": 6, ""new_fc_7"": 16, ""new_fc_8"": 31, ""new_fc_9"": 30, ""num_neurons"": 32, ""optimizer"": ""Adam"", ""reg_l2"": false, ""skip_connection"": false, ""unit_c1"": 4, ""unit_c2"": 3}"
422,220,flops,,,0.3641609333333333,54624140.0,2157914.0,,8499.3535,"{""activation"": ""relu"", ""batch_size"": 8, ""data_augmentation"": true, ""dr_f"": 0.373102747408, ""learning_rate"": 0.000409010992, ""new_fc_1"": 22, ""new_fc_10"": 19, ""new_fc_2"": 32, ""new_fc_3"": 22, ""new_fc_4"": 23, ""new_fc_5"": 12, ""new_fc_6"": 12, ""new_fc_7"": 8, ""new_fc_8"": 3, ""new_fc_9"": 0, ""num_neurons"": 16, ""optimizer"": ""Adamax"", ""reg_l2"": false, ""skip_connection"": true, ""unit_c1"": 2, ""unit_c2"": 4}"
423,221,accuracy,0.8999999985098839,0.10000000149011612,0.16271736,24407604.0,552074.0,-0.3211847930430813,9245.2766,"{""activation"": ""swish"", ""batch_size"": 8, ""data_augmentation"": true, ""dr_f"": 0.338206515271, ""learning_rate"": 0.000294085286, ""new_fc_1"": 11, ""new_fc_10"": 27, ""new_fc_2"": 13, ""new_fc_3"": 27, ""new_fc_4"": 28, ""new_fc_5"": 4, ""new_fc_6"": 11, ""new_fc_7"": 15, ""new_fc_8"": 11, ""new_fc_9"": 14, ""num_neurons"": 8, ""optimizer"": ""Adagrad"", ""reg_l2"": false, ""skip_connection"": true, ""unit_c1"": 1, ""unit_c2"": 8}"
424,221,flops,,,0.14722152,22083228.0,612162.0,,9246.7892,"{""activation"": ""selu"", ""batch_size"": 16, ""data_augmentation"": false, ""dr_f"": 0.122409349034, ""learning_rate"": 0.000310470983, ""new_fc_1"": 28, ""new_fc_10"": 14, ""new_fc_2"": 0, ""new_fc_3"": 24, ""new_fc_4"": 7, ""new_fc_5"": 10, ""new_fc_6"": 28, ""new_fc_7"": 12, ""new_fc_8"": 14, ""new_fc_9"": 11, ""num_neurons"": 8, ""optimizer"": ""Adam"", ""reg_l2"": true, ""skip_connection"": true, ""unit_c1"": 3, ""unit_c2"": 4}"
425,222,accuracy,0.573199987411499,0.426800012588501,0.3605665866666667,54084988.0,2558570.0,-0.49059003281195057,9992.4445,"{""activation"": ""selu"", ""batch_size"": 32, ""data_augmentation"": false, ""dr_f"": 0.467053828245, ""learning_rate"": 0.000862773105, ""new_fc_1"": 11, ""new_fc_10"": 12, ""new_fc_2"": 2, ""new_fc_3"": 8, ""new_fc_4"": 29, ""new_fc_5"": 3, ""new_fc_6"": 32, ""new_fc_7"": 0, ""new_fc_8"": 7, ""new_fc_9"": 18, ""num_neurons"": 32, ""optimizer"": ""Adagrad"", ""reg_l2"": true, ""skip_connection"": false, ""unit_c1"": 1, ""unit_c2"": 2}"
426,223,accuracy,0.3521000146865845,0.6478999853134155,0.16224162666666667,24336244.0,746458.0,-0.7048575017193908,10437.599,"{""activation"": ""selu"", ""batch_size"": 16, ""data_augmentation"": false, ""dr_f"": 0.124932164185, ""learning_rate"": 0.000328190089, ""new_fc_1"": 16, ""new_fc_10"": 5, ""new_fc_2"": 11, ""new_fc_3"": 24, ""new_fc_4"": 9, ""new_fc_5"": 16, ""new_fc_6"": 30, ""new_fc_7"": 23, ""new_fc_8"": 29, ""new_fc_9"": 0, ""num_neurons"": 8, ""optimizer"": ""Adamax"", ""reg_l2"": false, ""skip_connection"": false, ""unit_c1"": 1, ""unit_c2"": 8}"
427,224,accuracy,0.8999999985098839,0.10000000149011612,0.23661416,35492124.0,2588362.0,-0.29901575304308126,11303.5523,"{""activation"": ""swish"", ""batch_size"": 8, ""data_augmentation"": true, ""dr_f"": 0.467667536921, ""learning_rate"": 0.000147469945, ""new_fc_1"": 1, ""new_fc_10"": 3, ""new_fc_2"": 29, ""new_fc_3"": 3, ""new_fc_4"": 7, ""new_fc_5"": 11, ""new_fc_6"": 18, ""new_fc_7"": 25, ""new_fc_8"": 28, ""new_fc_9"": 28, ""num_neurons"": 32, ""optimizer"": ""Adamax"", ""reg_l2"": true, ""skip_connection"": false, ""unit_c1"": 1, ""unit_c2"": 1}"
428,225,accuracy,0.5999000072479248,0.4000999927520752,0.64594728,96892092.0,1807242.0,-0.38628581092645264,12469.0776,"{""activation"": ""selu"", ""batch_size"": 16, ""data_augmentation"": true, ""dr_f"": 0.424477054347, ""learning_rate"": 0.000322886578, ""new_fc_1"": 31, ""new_fc_10"": 28, ""new_fc_2"": 10, ""new_fc_3"": 19, ""new_fc_4"": 24, ""new_fc_5"": 3, ""new_fc_6"": 23, ""new_fc_7"": 22, ""new_fc_8"": 24, ""new_fc_9"": 0, ""num_neurons"": 16, ""optimizer"": ""Adagrad"", ""reg_l2"": false, ""skip_connection"": false, ""unit_c1"": 4, ""unit_c2"": 2}"
429,225,flops,,,0.4636376266666667,69545644.0,3015306.0,,1.9138,"{""activation"": ""elu"", ""batch_size"": 32, ""data_augmentation"": true, ""dr_f"": 0.242836178297, ""learning_rate"": 0.000417680529, ""new_fc_1"": 29, ""new_fc_10"": 16, ""new_fc_2"": 17, ""new_fc_3"": 31, ""new_fc_4"": 2, ""new_fc_5"": 19, ""new_fc_6"": 18, ""new_fc_7"": 21, ""new_fc_8"": 3, ""new_fc_9"": 11, ""num_neurons"": 16, ""optimizer"": ""Adamax"", ""reg_l2"": false, ""skip_connection"": true, ""unit_c1"": 2, ""unit_c2"": 5}"
430,225,flops,,,0.16276978666666667,24415468.0,556130.0,,3.4654,"{""activation"": ""swish"", ""batch_size"": 16, ""data_augmentation"": false, ""dr_f"": 0.073016018082, ""learning_rate"": 0.000378038277, ""new_fc_1"": 13, ""new_fc_10"": 4, ""new_fc_2"": 13, ""new_fc_3"": 29, ""new_fc_4"": 8, ""new_fc_5"": 23, ""new_fc_6"": 5, ""new_fc_7"": 15, ""new_fc_8"": 4, ""new_fc_9"": 16, ""num_neurons"": 8, ""optimizer"": ""Adamax"", ""reg_l2"": true, ""skip_connection"": true, ""unit_c1"": 1, ""unit_c2"": 8}"
431,226,accuracy,10000000000.0,,4.637264186666667,695589628.0,26091146.0,10000000000.0,6.2084,"{""activation"": ""relu"", ""batch_size"": 64, ""data_augmentation"": true, ""dr_f"": 0.467972154905, ""learning_rate"": 0.000758807648, ""new_fc_1"": 10, ""new_fc_10"": 28, ""new_fc_2"": 31, ""new_fc_3"": 19, ""new_fc_4"": 8, ""new_fc_5"": 28, ""new_fc_6"": 4, ""new_fc_7"": 16, ""new_fc_8"": 19, ""new_fc_9"": 24, ""num_neurons"": 64, ""optimizer"": ""SGD"", ""reg_l2"": false, ""skip_connection"": false, ""unit_c1"": 1, ""unit_c2"": 5}"
432,226,flops,,,9.81490856,1472236284.0,11818442.0,,8.2319,"{""activation"": ""swish"", ""batch_size"": 32, ""data_augmentation"": false, ""dr_f"": 0.082874005457, ""learning_rate"": 0.000869682139, ""new_fc_1"": 9, ""new_fc_10"": 5, ""new_fc_2"": 18, ""new_fc_3"": 11, ""new_fc_4"": 0, ""new_fc_5"": 31, ""new_fc_6"": 20, ""new_fc_7"": 0, ""new_fc_8"": 3, ""new_fc_9"": 12, ""num_neurons"": 64, ""optimizer"": ""Adamax"", ""reg_l2"": false, ""skip_connection"": false, ""unit_c1"": 4, ""unit_c2"": 2}"
433,227,accuracy,0.5430999994277954,0.4569000005722046,0.01097976,1646964.0,114622.0,-0.6165360724005432,573.6497,"{""activation"": ""elu"", ""batch_size"": 32, ""data_augmentation"": true, ""dr_f"": 0.321592741757, ""learning_rate"": 0.000277381403, ""new_fc_1"": 22, ""new_fc_10"": 6, ""new_fc_2"": 5, ""new_fc_3"": 12, ""new_fc_4"": 0, ""new_fc_5"": 13, ""new_fc_6"": 18, ""new_fc_7"": 26, ""new_fc_8"": 31, ""new_fc_9"": 25, ""num_neurons"": 4, ""optimizer"": ""Adamax"", ""reg_l2"": false, ""skip_connection"": false, ""unit_c1"": 1, ""unit_c2"": 3}"
434,228,accuracy,0.2827000021934509,0.7172999978065491,0.14722152,22083228.0,612162.0,-0.7579435424645844,1739.5033,"{""activation"": ""selu"", ""batch_size"": 16, ""data_augmentation"": false, ""dr_f"": 0.122409349034, ""learning_rate"": 0.000310470983, ""new_fc_1"": 28, ""new_fc_10"": 14, ""new_fc_2"": 0, ""new_fc_3"": 24, ""new_fc_4"": 7, ""new_fc_5"": 10, ""new_fc_6"": 28, ""new_fc_7"": 12, ""new_fc_8"": 14, ""new_fc_9"": 11, ""num_neurons"": 8, ""optimizer"": ""Adam"", ""reg_l2"": true, ""skip_connection"": true, ""unit_c1"": 3, ""unit_c2"": 4}"
435,229,accuracy,10000000000.0,,1.3991669066666668,209875036.0,7878474.0,10000000000.0,1741.3097,"{""activation"": ""relu"", ""batch_size"": 16, ""data_augmentation"": true, ""dr_f"": 0.434742625063, ""learning_rate"": 0.000127347256, ""new_fc_1"": 31, ""new_fc_10"": 32, ""new_fc_2"": 24, ""new_fc_3"": 16, ""new_fc_4"": 30, ""new_fc_5"": 18, ""new_fc_6"": 27, ""new_fc_7"": 28, ""new_fc_8"": 25, ""new_fc_9"": 26, ""num_neurons"": 32, ""optimizer"": ""SGD"", ""reg_l2"": true, ""skip_connection"": false, ""unit_c1"": 3, ""unit_c2"": 1}"
436,230,accuracy,0.5412000119686127,0.45879998803138733,0.06957096,10435644.0,1147162.0,-0.6002887036219711,4047.4659,"{""activation"": ""elu"", ""batch_size"": 8, ""data_augmentation"": true, ""dr_f"": 0.186318749639, ""learning_rate"": 0.000863583517, ""new_fc_1"": 22, ""new_fc_10"": 29, ""new_fc_2"": 18, ""new_fc_3"": 16, ""new_fc_4"": 31, ""new_fc_5"": 5, ""new_fc_6"": 19, ""new_fc_7"": 32, ""new_fc_8"": 0, ""new_fc_9"": 16, ""num_neurons"": 16, ""optimizer"": ""Adadelta"", ""reg_l2"": true, ""skip_connection"": true, ""unit_c1"": 1, ""unit_c2"": 1}"
437,231,accuracy,10000000000.0,,20.708740666666667,3106311100.0,39680522.0,10000000000.0,4050.5322,"{""activation"": ""elu"", ""batch_size"": 64, ""data_augmentation"": false, ""dr_f"": 0.395902453951, ""learning_rate"": 0.000829446029, ""new_fc_1"": 13, ""new_fc_10"": 1, ""new_fc_2"": 29, ""new_fc_3"": 3, ""new_fc_4"": 7, ""new_fc_5"": 27, ""new_fc_6"": 31, ""new_fc_7"": 2, ""new_fc_8"": 27, ""new_fc_9"": 14, ""num_neurons"": 64, ""optimizer"": ""Adam"", ""reg_l2"": true, ""skip_connection"": false, ""unit_c1"": 4, ""unit_c2"": 8}"
438,232,accuracy,0.36820000410079956,0.6317999958992004,0.8272917066666666,124093756.0,4636874.0,-0.49407248512944024,4676.1311,"{""activation"": ""selu"", ""batch_size"": 64, ""data_augmentation"": true, ""dr_f"": 0.419225607773, ""learning_rate"": 0.000604887649, ""new_fc_1"": 28, ""new_fc_10"": 27, ""new_fc_2"": 20, ""new_fc_3"": 1, ""new_fc_4"": 6, ""new_fc_5"": 0, ""new_fc_6"": 32, ""new_fc_7"": 18, ""new_fc_8"": 26, ""new_fc_9"": 22, ""num_neurons"": 16, ""optimizer"": ""Adamax"", ""reg_l2"": true, ""skip_connection"": false, ""unit_c1"": 2, ""unit_c2"": 8}"
439,233,accuracy,0.3281000256538391,0.6718999743461609,0.0684244,10263660.0,1128426.0,-0.7498026620423126,5301.2431,"{""activation"": ""selu"", ""batch_size"": 32, ""data_augmentation"": false, ""dr_f"": 0.498853147048, ""learning_rate"": 0.000876800862, ""new_fc_1"": 30, ""new_fc_10"": 26, ""new_fc_2"": 30, ""new_fc_3"": 23, ""new_fc_4"": 20, ""new_fc_5"": 9, ""new_fc_6"": 11, ""new_fc_7"": 0, ""new_fc_8"": 4, ""new_fc_9"": 2, ""num_neurons"": 16, ""optimizer"": ""Adamax"", ""reg_l2"": false, ""skip_connection"": false, ""unit_c1"": 1, ""unit_c2"": 1}"
440,234,accuracy,0.2777000069618225,0.7222999930381775,0.4636376266666667,69545644.0,3015306.0,-0.6665187071267242,5926.68,"{""activation"": ""elu"", ""batch_size"": 32, ""data_augmentation"": true, ""dr_f"": 0.242836178297, ""learning_rate"": 0.000417680529, ""new_fc_1"": 29, ""new_fc_10"": 16, ""new_fc_2"": 17, ""new_fc_3"": 31, ""new_fc_4"": 2, ""new_fc_5"": 19, ""new_fc_6"": 18, ""new_fc_7"": 21, ""new_fc_8"": 3, ""new_fc_9"": 11, ""num_neurons"": 16, ""optimizer"": ""Adamax"", ""reg_l2"": false, ""skip_connection"": true, ""unit_c1"": 2, ""unit_c2"": 5}"
441,234,flops,,,4.77332264,715998396.0,14107114.0,,5929.0709,"{""activation"": ""swish"", ""batch_size"": 32, ""data_augmentation"": true, ""dr_f"": 0.29654527299, ""learning_rate"": 0.000689295175, ""new_fc_1"": 0, ""new_fc_10"": 3, ""new_fc_2"": 26, ""new_fc_3"": 10, ""new_fc_4"": 14, ""new_fc_5"": 22, ""new_fc_6"": 5, ""new_fc_7"": 2, ""new_fc_8"": 13, ""new_fc_9"": 25, ""num_neurons"": 32, ""optimizer"": ""Adam"", ""reg_l2"": true, ""skip_connection"": true, ""unit_c1"": 4, ""unit_c2"": 7}"
442,234,flops,,,0.16982765333333333,25474148.0,1135834.0,,5930.5834,"{""activation"": ""relu"", ""batch_size"": 64, ""data_augmentation"": false, ""dr_f"": 0.246712635082, ""learning_rate"": 0.000293158172, ""new_fc_1"": 27, ""new_fc_10"": 18, ""new_fc_2"": 30, ""new_fc_3"": 21, ""new_fc_4"": 30, ""new_fc_5"": 21, ""new_fc_6"": 9, ""new_fc_7"": 0, ""new_fc_8"": 2, ""new_fc_9"": 15, ""num_neurons"": 8, ""optimizer"": ""Adadelta"", ""reg_l2"": true, ""skip_connection"": true, ""unit_c1"": 1, ""unit_c2"": 8}"
443,235,accuracy,10000000000.0,,2.29848232,344772348.0,4470634.0,10000000000.0,5932.4241,"{""activation"": ""elu"", ""batch_size"": 32, ""data_augmentation"": true, ""dr_f"": 0.204723783075, ""learning_rate"": 0.000403353642, ""new_fc_1"": 21, ""new_fc_10"": 13, ""new_fc_2"": 12, ""new_fc_3"": 24, ""new_fc_4"": 24, ""new_fc_5"": 28, ""new_fc_6"": 20, ""new_fc_7"": 7, ""new_fc_8"": 25, ""new_fc_9"": 4, ""num_neurons"": 32, ""optimizer"": ""Adadelta"", ""reg_l2"": true, ""skip_connection"": true, ""unit_c1"": 4, ""unit_c2"": 1}"
444,235,flops,,,0.06178704,9268056.0,150830.0,,5933.9938,"{""activation"": ""elu"", ""batch_size"": 32, ""data_augmentation"": false, ""dr_f"": 0.496457894365, ""learning_rate"": 0.000666653651, ""new_fc_1"": 20, ""new_fc_10"": 26, ""new_fc_2"": 14, ""new_fc_3"": 13, ""new_fc_4"": 2, ""new_fc_5"": 21, ""new_fc_6"": 25, ""new_fc_7"": 8, ""new_fc_8"": 12, ""new_fc_9"": 26, ""num_neurons"": 4, ""optimizer"": ""Adamax"", ""reg_l2"": true, ""skip_connection"": false, ""unit_c1"": 4, ""unit_c2"": 5}"
445,235,flops,,,11.141375973333334,1671206396.0,73378186.0,,5938.3896,"{""activation"": ""selu"", ""batch_size"": 64, ""data_augmentation"": true, ""dr_f"": 0.087196454736, ""learning_rate"": 0.000436421975, ""new_fc_1"": 31, ""new_fc_10"": 20, ""new_fc_2"": 22, ""new_fc_3"": 24, ""new_fc_4"": 18, ""new_fc_5"": 22, ""new_fc_6"": 9, ""new_fc_7"": 10, ""new_fc_8"": 24, ""new_fc_9"": 19, ""num_neurons"": 64, ""optimizer"": ""Adamax"", ""reg_l2"": true, ""skip_connection"": true, ""unit_c1"": 2, ""unit_c2"": 7}"
446,235,flops,,,0.05117941333333333,7676912.0,171026.0,,5940.1751,"{""activation"": ""selu"", ""batch_size"": 8, ""data_augmentation"": true, ""dr_f"": 0.04794693646, ""learning_rate"": 0.000495379695, ""new_fc_1"": 22, ""new_fc_10"": 5, ""new_fc_2"": 10, ""new_fc_3"": 21, ""new_fc_4"": 14, ""new_fc_5"": 1, ""new_fc_6"": 28, ""new_fc_7"": 4, ""new_fc_8"": 32, ""new_fc_9"": 16, ""num_neurons"": 4, ""optimizer"": ""Adam"", ""reg_l2"": true, ""skip_connection"": false, ""unit_c1"": 3, ""unit_c2"": 6}"
447,236,accuracy,10000000000.0,,9.81490856,1472236284.0,11818442.0,10000000000.0,5942.2419,"{""activation"": ""swish"", ""batch_size"": 32, ""data_augmentation"": false, ""dr_f"": 0.082874005457, ""learning_rate"": 0.000869682139, ""new_fc_1"": 9, ""new_fc_10"": 5, ""new_fc_2"": 18, ""new_fc_3"": 11, ""new_fc_4"": 0, ""new_fc_5"": 31, ""new_fc_6"": 20, ""new_fc_7"": 0, ""new_fc_8"": 3, ""new_fc_9"": 12, ""num_neurons"": 64, ""optimizer"": ""Adamax"", ""reg_l2"": false, ""skip_connection"": false, ""unit_c1"": 4, ""unit_c2"": 2}"
448,237,accuracy,0.868599995970726,0.131400004029274,0.025239173333333333,3785876.0,88786.0,-0.3844082508204918,6087.9394,"{""activation"": ""swish"", ""batch_size"": 64, ""data_augmentation"": true, ""dr_f"": 0.400864183818, ""learning_rate"": 0.000827238837, ""new_fc_1"": 16, ""new_fc_10"": 7, ""new_fc_2"": 16, ""new_fc_3"": 7, ""new_fc_4"": 13, ""new_fc_5"": 8, ""new_fc_6"": 4, ""new_fc_7"": 26, ""new_fc_8"": 13, ""new_fc_9"": 0, ""num_neurons"": 4, ""optimizer"": ""SGD"", ""reg_l2"": false, ""skip_connection"": true, ""unit_c1"": 2, ""unit_c2"": 4}"
449,238,accuracy,10000000000.0,,18.439761893333333,2765964284.0,16967178.0,10000000000.0,6090.3028,"{""activation"": ""swish"", ""batch_size"": 64, ""data_augmentation"": false, ""dr_f"": 0.368904444544, ""learning_rate"": 0.000729149795, ""new_fc_1"": 3, ""new_fc_10"": 11, ""new_fc_2"": 11, ""new_fc_3"": 32, ""new_fc_4"": 7, ""new_fc_5"": 10, ""new_fc_6"": 28, ""new_fc_7"": 24, ""new_fc_8"": 3, ""new_fc_9"": 16, ""num_neurons"": 64, ""optimizer"": ""Adadelta"", ""reg_l2"": true, ""skip_connection"": true, ""unit_c1"": 4, ""unit_c2"": 7}"
450,239,accuracy,0.8999999985098839,0.10000000149011612,0.06178704,9268056.0,150830.0,-0.3514638890430813,6295.2771,"{""activation"": ""elu"", ""batch_size"": 32, ""data_augmentation"": false, ""dr_f"": 0.496457894365, ""learning_rate"": 0.000666653651, ""new_fc_1"": 20, ""new_fc_10"": 26, ""new_fc_2"": 14, ""new_fc_3"": 13, ""new_fc_4"": 2, ""new_fc_5"": 21, ""new_fc_6"": 25, ""new_fc_7"": 8, ""new_fc_8"": 12, ""new_fc_9"": 26, ""num_neurons"": 4, ""optimizer"": ""Adamax"", ""reg_l2"": true, ""skip_connection"": false, ""unit_c1"": 4, ""unit_c2"": 5}"
451,239,flops,,,18.568540133333332,2785281020.0,27390346.0,,6298.2229,"{""activation"": ""relu"", ""batch_size"": 8, ""data_augmentation"": false, ""dr_f"": 0.20529655376, ""learning_rate"": 0.000860688431, ""new_fc_1"": 4, ""new_fc_10"": 29, ""new_fc_2"": 3, ""new_fc_3"": 25, ""new_fc_4"": 20, ""new_fc_5"": 29, ""new_fc_6"": 21, ""new_fc_7"": 27, ""new_fc_8"": 31, ""new_fc_9"": 14, ""num_neurons"": 64, ""optimizer"": ""SGD"", ""reg_l2"": false, ""skip_connection"": true, ""unit_c1"": 4, ""unit_c2"": 7}"
452,239,flops,,,0.04548725333333333,6823088.0,265310.0,,6299.9894,"{""activation"": ""selu"", ""batch_size"": 16, ""data_augmentation"": true, ""dr_f"": 0.374255976698, ""learning_rate"": 0.000818972036, ""new_fc_1"": 31, ""new_fc_10"": 12, ""new_fc_2"": 9, ""new_fc_3"": 13, ""new_fc_4"": 6, ""new_fc_5"": 29, ""new_fc_6"": 9, ""new_fc_7"": 21, ""new_fc_8"": 23, ""new_fc_9"": 12, ""num_neurons"": 4, ""optimizer"": ""Adam"", ""reg_l2"": true, ""skip_connection"": false, ""unit_c1"": 2, ""unit_c2"": 7}"
453,239,flops,,,9.079806266666667,1361970940.0,22542154.0,,6302.4207,"{""activation"": ""swish"", ""batch_size"": 64, ""data_augmentation"": false, ""dr_f"": 0.310724639, ""learning_rate"": 0.000303959887, ""new_fc_1"": 28, ""new_fc_10"": 9, ""new_fc_2"": 2, ""new_fc_3"": 25, ""new_fc_4"": 24, ""new_fc_5"": 28, ""new_fc_6"": 28, ""new_fc_7"": 30, ""new_fc_8"": 5, ""new_fc_9"": 26, ""num_neurons"": 64, ""optimizer"": ""Adadelta"", ""reg_l2"": false, ""skip_connection"": false, ""unit_c1"": 4, ""unit_c2"": 1}"
454,240,accuracy,0.7713000029325485,0.22869999706745148,0.04548725333333333,6823088.0,265310.0,-0.446443821947216,7107.821,"{""activation"": ""selu"", ""batch_size"": 16, ""data_augmentation"": true, ""dr_f"": 0.374255976698, ""learning_rate"": 0.000818972036, ""new_fc_1"": 31, ""new_fc_10"": 12, ""new_fc_2"": 9, ""new_fc_3"": 13, ""new_fc_4"": 6, ""new_fc_5"": 29, ""new_fc_6"": 9, ""new_fc_7"": 21, ""new_fc_8"": 23, ""new_fc_9"": 12, ""num_neurons"": 4, ""optimizer"": ""Adam"", ""reg_l2"": true, ""skip_connection"": false, ""unit_c1"": 2, ""unit_c2"": 7}"
455,240,flops,,,9.99430824,1499146236.0,32981898.0,,7110.7766,"{""activation"": ""selu"", ""batch_size"": 32, ""data_augmentation"": false, ""dr_f"": 0.042732420476, ""learning_rate"": 0.000666720049, ""new_fc_1"": 10, ""new_fc_10"": 19, ""new_fc_2"": 27, ""new_fc_3"": 30, ""new_fc_4"": 8, ""new_fc_5"": 22, ""new_fc_6"": 14, ""new_fc_7"": 3, ""new_fc_8"": 21, ""new_fc_9"": 9, ""num_neurons"": 64, ""optimizer"": ""Adam"", ""reg_l2"": true, ""skip_connection"": false, ""unit_c1"": 1, ""unit_c2"": 8}"
456,241,accuracy,0.42110002040863037,0.5788999795913696,0.79822888,119734332.0,2457642.0,-0.46576132171395873,7616.0121,"{""activation"": ""selu"", ""batch_size"": 32, ""data_augmentation"": false, ""dr_f"": 0.254398218642, ""learning_rate"": 0.000381969805, ""new_fc_1"": 5, ""new_fc_10"": 10, ""new_fc_2"": 30, ""new_fc_3"": 4, ""new_fc_4"": 2, ""new_fc_5"": 7, ""new_fc_6"": 30, ""new_fc_7"": 4, ""new_fc_8"": 1, ""new_fc_9"": 27, ""num_neurons"": 32, ""optimizer"": ""Adam"", ""reg_l2"": true, ""skip_connection"": false, ""unit_c1"": 1, ""unit_c2"": 4}"
457,241,flops,,,1.3221896266666666,198328444.0,2102826.0,,7617.8547,"{""activation"": ""elu"", ""batch_size"": 32, ""data_augmentation"": true, ""dr_f"": 0.306714551132, ""learning_rate"": 0.000606323793, ""new_fc_1"": 10, ""new_fc_10"": 1, ""new_fc_2"": 21, ""new_fc_3"": 12, ""new_fc_4"": 11, ""new_fc_5"": 2, ""new_fc_6"": 12, ""new_fc_7"": 30, ""new_fc_8"": 9, ""new_fc_9"": 2, ""num_neurons"": 32, ""optimizer"": ""Adamax"", ""reg_l2"": true, ""skip_connection"": false, ""unit_c1"": 3, ""unit_c2"": 1}"
458,241,flops,,,0.40656872,60985308.0,1280410.0,,7619.6437,"{""activation"": ""swish"", ""batch_size"": 8, ""data_augmentation"": false, ""dr_f"": 0.406895739606, ""learning_rate"": 0.000869757185, ""new_fc_1"": 15, ""new_fc_10"": 31, ""new_fc_2"": 25, ""new_fc_3"": 15, ""new_fc_4"": 8, ""new_fc_5"": 11, ""new_fc_6"": 25, ""new_fc_7"": 3, ""new_fc_8"": 28, ""new_fc_9"": 25, ""num_neurons"": 16, ""optimizer"": ""Adam"", ""reg_l2"": true, ""skip_connection"": true, ""unit_c1"": 3, ""unit_c2"": 2}"
459,242,accuracy,10000000000.0,,1.3221896266666666,198328444.0,2102826.0,10000000000.0,7621.2834,"{""activation"": ""elu"", ""batch_size"": 32, ""data_augmentation"": true, ""dr_f"": 0.306714551132, ""learning_rate"": 0.000606323793, ""new_fc_1"": 10, ""new_fc_10"": 1, ""new_fc_2"": 21, ""new_fc_3"": 12, ""new_fc_4"": 11, ""new_fc_5"": 2, ""new_fc_6"": 12, ""new_fc_7"": 30, ""new_fc_8"": 9, ""new_fc_9"": 2, ""num_neurons"": 32, ""optimizer"": ""Adamax"", ""reg_l2"": true, ""skip_connection"": false, ""unit_c1"": 3, ""unit_c2"": 1}"
460,242,flops,,,1.0426248266666667,156393724.0,3149450.0,,7623.1498,"{""activation"": ""swish"", ""batch_size"": 8, ""data_augmentation"": true, ""dr_f"": 0.13662108316, ""learning_rate"": 0.000956669564, ""new_fc_1"": 23, ""new_fc_10"": 30, ""new_fc_2"": 23, ""new_fc_3"": 19, ""new_fc_4"": 18, ""new_fc_5"": 3, ""new_fc_6"": 27, ""new_fc_7"": 27, ""new_fc_8"": 12, ""new_fc_9"": 6, ""num_neurons"": 16, ""optimizer"": ""Adam"", ""reg_l2"": false, ""skip_connection"": false, ""unit_c1"": 4, ""unit_c2"": 6}"
461,242,flops,,,0.22501346666666666,33752020.0,491498.0,,7625.4409,"{""activation"": ""swish"", ""batch_size"": 8, ""data_augmentation"": false, ""dr_f"": 0.142285673999, ""learning_rate"": 0.000274054589, ""new_fc_1"": 8, ""new_fc_10"": 5, ""new_fc_2"": 8, ""new_fc_3"": 28, ""new_fc_4"": 19, ""new_fc_5"": 21, ""new_fc_6"": 4, ""new_fc_7"": 32, ""new_fc_8"": 32, ""new_fc_9"": 24, ""num_neurons"": 8, ""optimizer"": ""Adadelta"", ""reg_l2"": false, ""skip_connection"": false, ""unit_c1"": 3, ""unit_c2"": 7}"
462,243,accuracy,10000000000.0,,1.2007045066666666,180105676.0,3076426.0,10000000000.0,7627.5229,"{""activation"": ""relu"", ""batch_size"": 8, ""data_augmentation"": true, ""dr_f"": 0.462594665084, ""learning_rate"": 0.000772609439, ""new_fc_1"": 18, ""new_fc_10"": 27, ""new_fc_2"": 23, ""new_fc_3"": 8, ""new_fc_4"": 11, ""new_fc_5"": 26, ""new_fc_6"": 23, ""new_fc_7"": 29, ""new_fc_8"": 15, ""new_fc_9"": 9, ""num_neurons"": 16, ""optimizer"": ""SGD"", ""reg_l2"": true, ""skip_connection"": true, ""unit_c1"": 4, ""unit_c2"": 7}"
463,244,accuracy,0.3181999921798706,0.6818000078201294,0.55873032,83809548.0,1822474.0,-0.6096409094740906,8432.8057,"{""activation"": ""elu"", ""batch_size"": 32, ""data_augmentation"": true, ""dr_f"": 0.130578863045, ""learning_rate"": 0.000587986302, ""new_fc_1"": 18, ""new_fc_10"": 22, ""new_fc_2"": 3, ""new_fc_3"": 0, ""new_fc_4"": 12, ""new_fc_5"": 31, ""new_fc_6"": 12, ""new_fc_7"": 1, ""new_fc_8"": 19, ""new_fc_9"": 31, ""num_neurons"": 16, ""optimizer"": ""SGD"", ""reg_l2"": false, ""skip_connection"": true, ""unit_c1"": 3, ""unit_c2"": 4}"
464,245,accuracy,0.7042999863624573,0.2957000136375427,0.04068608,6102912.0,43094.0,-0.4947841855462799,10018.3232,"{""activation"": ""elu"", ""batch_size"": 8, ""data_augmentation"": true, ""dr_f"": 0.414381863721, ""learning_rate"": 0.000805047801, ""new_fc_1"": 21, ""new_fc_10"": 4, ""new_fc_2"": 6, ""new_fc_3"": 11, ""new_fc_4"": 1, ""new_fc_5"": 32, ""new_fc_6"": 4, ""new_fc_7"": 8, ""new_fc_8"": 25, ""new_fc_9"": 17, ""num_neurons"": 4, ""optimizer"": ""Adamax"", ""reg_l2"": false, ""skip_connection"": false, ""unit_c1"": 4, ""unit_c2"": 1}"
465,245,flops,,,21.109858533333334,3166478780.0,34366858.0,,10021.4774,"{""activation"": ""swish"", ""batch_size"": 8, ""data_augmentation"": false, ""dr_f"": 0.146496990975, ""learning_rate"": 0.000401681382, ""new_fc_1"": 10, ""new_fc_10"": 4, ""new_fc_2"": 27, ""new_fc_3"": 19, ""new_fc_4"": 32, ""new_fc_5"": 17, ""new_fc_6"": 4, ""new_fc_7"": 3, ""new_fc_8"": 30, ""new_fc_9"": 0, ""num_neurons"": 64, ""optimizer"": ""Adam"", ""reg_l2"": false, ""skip_connection"": true, ""unit_c1"": 4, ""unit_c2"": 8}"
466,246,accuracy,10000000000.0,,2.557591866666667,383638780.0,12157802.0,10000000000.0,10023.5236,"{""activation"": ""relu"", ""batch_size"": 16, ""data_augmentation"": false, ""dr_f"": 0.404534238055, ""learning_rate"": 0.000831647303, ""new_fc_1"": 17, ""new_fc_10"": 28, ""new_fc_2"": 24, ""new_fc_3"": 12, ""new_fc_4"": 14, ""new_fc_5"": 18, ""new_fc_6"": 6, ""new_fc_7"": 28, ""new_fc_8"": 4, ""new_fc_9"": 31, ""num_neurons"": 32, ""optimizer"": ""Adamax"", ""reg_l2"": true, ""skip_connection"": false, ""unit_c1"": 1, ""unit_c2"": 8}"
467,247,accuracy,10000000000.0,,5.510730213333333,826609532.0,33025226.0,10000000000.0,10026.3251,"{""activation"": ""elu"", ""batch_size"": 16, ""data_augmentation"": false, ""dr_f"": 0.323864204227, ""learning_rate"": 0.0009456974, ""new_fc_1"": 20, ""new_fc_10"": 14, ""new_fc_2"": 29, ""new_fc_3"": 19, ""new_fc_4"": 31, ""new_fc_5"": 13, ""new_fc_6"": 8, ""new_fc_7"": 24, ""new_fc_8"": 7, ""new_fc_9"": 0, ""num_neurons"": 64, ""optimizer"": ""Adadelta"", ""reg_l2"": false, ""skip_connection"": false, ""unit_c1"": 2, ""unit_c2"": 4}"
468,248,accuracy,10000000000.0,,1.0426248266666667,156393724.0,3149450.0,10000000000.0,10028.2883,"{""activation"": ""swish"", ""batch_size"": 8, ""data_augmentation"": true, ""dr_f"": 0.13662108316, ""learning_rate"": 0.000956669564, ""new_fc_1"": 23, ""new_fc_10"": 30, ""new_fc_2"": 23, ""new_fc_3"": 19, ""new_fc_4"": 18, ""new_fc_5"": 3, ""new_fc_6"": 27, ""new_fc_7"": 27, ""new_fc_8"": 12, ""new_fc_9"": 6, ""num_neurons"": 16, ""optimizer"": ""Adam"", ""reg_l2"": false, ""skip_connection"": false, ""unit_c1"": 4, ""unit_c2"": 6}"
469,249,accuracy,0.6565999984741211,0.3434000015258789,0.05117941333333333,7676912.0,171026.0,-0.5250261770681152,11014.3687,"{""activation"": ""selu"", ""batch_size"": 8, ""data_augmentation"": true, ""dr_f"": 0.04794693646, ""learning_rate"": 0.000495379695, ""new_fc_1"": 22, ""new_fc_10"": 5, ""new_fc_2"": 10, ""new_fc_3"": 21, ""new_fc_4"": 14, ""new_fc_5"": 1, ""new_fc_6"": 28, ""new_fc_7"": 4, ""new_fc_8"": 32, ""new_fc_9"": 16, ""num_neurons"": 4, ""optimizer"": ""Adam"", ""reg_l2"": true, ""skip_connection"": false, ""unit_c1"": 3, ""unit_c2"": 6}"
470,249,flops,,,5.137465786666667,770619868.0,4629098.0,,11016.5038,"{""activation"": ""swish"", ""batch_size"": 16, ""data_augmentation"": false, ""dr_f"": 0.159790007178, ""learning_rate"": 0.000564158306, ""new_fc_1"": 1, ""new_fc_10"": 32, ""new_fc_2"": 19, ""new_fc_3"": 23, ""new_fc_4"": 1, ""new_fc_5"": 14, ""new_fc_6"": 15, ""new_fc_7"": 19, ""new_fc_8"": 19, ""new_fc_9"": 32, ""num_neurons"": 32, ""optimizer"": ""SGD"", ""reg_l2"": true, ""skip_connection"": false, ""unit_c1"": 4, ""unit_c2"": 8}"
471,250,accuracy,10000000000.0,,2.57916584,386874876.0,10333514.0,10000000000.0,11018.9287,"{""activation"": ""swish"", ""batch_size"": 32, ""data_augmentation"": false, ""dr_f"": 0.487212515254, ""learning_rate"": 0.000897795065, ""new_fc_1"": 14, ""new_fc_10"": 18, ""new_fc_2"": 26, ""new_fc_3"": 12, ""new_fc_4"": 4, ""new_fc_5"": 14, ""new_fc_6"": 2, ""new_fc_7"": 10, ""new_fc_8"": 8, ""new_fc_9"": 25, ""num_neurons"": 64, ""optimizer"": ""Adagrad"", ""reg_l2"": false, ""skip_connection"": false, ""unit_c1"": 2, ""unit_c2"": 1}"
472,250,flops,,,0.04897976,7346964.0,306938.0,,1.8836,"{""activation"": ""relu"", ""batch_size"": 32, ""data_augmentation"": false, ""dr_f"": 0.061989316302, ""learning_rate"": 0.00012103942, ""new_fc_1"": 24, ""new_fc_10"": 21, ""new_fc_2"": 14, ""new_fc_3"": 17, ""new_fc_4"": 32, ""new_fc_5"": 1, ""new_fc_6"": 24, ""new_fc_7"": 25, ""new_fc_8"": 20, ""new_fc_9"": 21, ""num_neurons"": 8, ""optimizer"": ""Adamax"", ""reg_l2"": true, ""skip_connection"": true, ""unit_c1"": 2, ""unit_c2"": 1}"
473,251,accuracy,0.7979999929666519,0.20200000703334808,0.017051653333333333,2557748.0,160058.0,-0.43628450892334364,387.4802,"{""activation"": ""elu"", ""batch_size"": 32, ""data_augmentation"": true, ""dr_f"": 0.438818846066, ""learning_rate"": 0.000288912042, ""new_fc_1"": 16, ""new_fc_10"": 4, ""new_fc_2"": 9, ""new_fc_3"": 7, ""new_fc_4"": 12, ""new_fc_5"": 0, ""new_fc_6"": 28, ""new_fc_7"": 2, ""new_fc_8"": 21, ""new_fc_9"": 28, ""num_neurons"": 8, ""optimizer"": ""SGD"", ""reg_l2"": true, ""skip_connection"": false, ""unit_c1"": 1, ""unit_c2"": 1}"
474,252,accuracy,0.8878000006079674,0.11219999939203262,0.0922868,13843020.0,328786.0,-0.3508539595744228,593.2044,"{""activation"": ""relu"", ""batch_size"": 64, ""data_augmentation"": true, ""dr_f"": 0.057498288381, ""learning_rate"": 0.00034927507, ""new_fc_1"": 18, ""new_fc_10"": 29, ""new_fc_2"": 29, ""new_fc_3"": 14, ""new_fc_4"": 26, ""new_fc_5"": 29, ""new_fc_6"": 9, ""new_fc_7"": 7, ""new_fc_8"": 15, ""new_fc_9"": 30, ""num_neurons"": 8, ""optimizer"": ""Adadelta"", ""reg_l2"": true, ""skip_connection"": false, ""unit_c1"": 3, ""unit_c2"": 1}"
475,252,flops,,,0.045174026666666665,6776104.0,144762.0,,595.18,"{""activation"": ""relu"", ""batch_size"": 16, ""data_augmentation"": false, ""dr_f"": 0.445978303764, ""learning_rate"": 0.000725194089, ""new_fc_1"": 15, ""new_fc_10"": 1, ""new_fc_2"": 18, ""new_fc_3"": 5, ""new_fc_4"": 10, ""new_fc_5"": 26, ""new_fc_6"": 20, ""new_fc_7"": 6, ""new_fc_8"": 28, ""new_fc_9"": 6, ""num_neurons"": 4, ""optimizer"": ""SGD"", ""reg_l2"": true, ""skip_connection"": true, ""unit_c1"": 2, ""unit_c2"": 7}"
476,253,accuracy,0.6987999975681305,0.3012000024318695,0.021171653333333332,3175748.0,469482.0,-0.5044885057023086,980.6507,"{""activation"": ""elu"", ""batch_size"": 64, ""data_augmentation"": true, ""dr_f"": 0.18775506891, ""learning_rate"": 0.000437941515, ""new_fc_1"": 27, ""new_fc_10"": 6, ""new_fc_2"": 31, ""new_fc_3"": 30, ""new_fc_4"": 30, ""new_fc_5"": 31, ""new_fc_6"": 20, ""new_fc_7"": 22, ""new_fc_8"": 23, ""new_fc_9"": 13, ""num_neurons"": 8, ""optimizer"": ""Adadelta"", ""reg_l2"": true, ""skip_connection"": false, ""unit_c1"": 1, ""unit_c2"": 1}"
477,253,flops,,,15.93479464,2390219196.0,22686282.0,,983.2409,"{""activation"": ""relu"", ""batch_size"": 32, ""data_augmentation"": true, ""dr_f"": 0.142209974695, ""learning_rate"": 0.000284969217, ""new_fc_1"": 3, ""new_fc_10"": 10, ""new_fc_2"": 12, ""new_fc_3"": 13, ""new_fc_4"": 23, ""new_fc_5"": 27, ""new_fc_6"": 0, ""new_fc_7"": 29, ""new_fc_8"": 21, ""new_fc_9"": 20, ""num_neurons"": 64, ""optimizer"": ""Adagrad"", ""reg_l2"": true, ""skip_connection"": false, ""unit_c1"": 3, ""unit_c2"": 8}"
478,254,accuracy,0.3044999837875366,0.6955000162124634,0.3641609333333333,54624140.0,2157914.0,-0.6776017313487244,3349.1868,"{""activation"": ""relu"", ""batch_size"": 8, ""data_augmentation"": true, ""dr_f"": 0.373102747408, ""learning_rate"": 0.000409010992, ""new_fc_1"": 22, ""new_fc_10"": 19, ""new_fc_2"": 32, ""new_fc_3"": 22, ""new_fc_4"": 23, ""new_fc_5"": 12, ""new_fc_6"": 12, ""new_fc_7"": 8, ""new_fc_8"": 3, ""new_fc_9"": 0, ""num_neurons"": 16, ""optimizer"": ""Adamax"", ""reg_l2"": false, ""skip_connection"": true, ""unit_c1"": 2, ""unit_c2"": 4}"
479,254,flops,,,0.7065078133333333,105976172.0,1055226.0,,3350.9605,"{""activation"": ""selu"", ""batch_size"": 8, ""data_augmentation"": false, ""dr_f"": 0.25026302935, ""learning_rate"": 0.000475164335, ""new_fc_1"": 8, ""new_fc_10"": 11, ""new_fc_2"": 16, ""new_fc_3"": 17, ""new_fc_4"": 32, ""new_fc_5"": 15, ""new_fc_6"": 11, ""new_fc_7"": 18, ""new_fc_8"": 21, ""new_fc_9"": 2, ""num_neurons"": 16, ""optimizer"": ""Adadelta"", ""reg_l2"": false, ""skip_connection"": false, ""unit_c1"": 4, ""unit_c2"": 3}"
480,255,accuracy,0.8844999969005585,0.11550000309944153,0.16982765333333333,25474148.0,1135834.0,-0.32990170616960907,3676.5168,"{""activation"": ""relu"", ""batch_size"": 64, ""data_augmentation"": false, ""dr_f"": 0.246712635082, ""learning_rate"": 0.000293158172, ""new_fc_1"": 27, ""new_fc_10"": 18, ""new_fc_2"": 30, ""new_fc_3"": 21, ""new_fc_4"": 30, ""new_fc_5"": 21, ""new_fc_6"": 9, ""new_fc_7"": 0, ""new_fc_8"": 2, ""new_fc_9"": 15, ""num_neurons"": 8, ""optimizer"": ""Adadelta"", ""reg_l2"": true, ""skip_connection"": true, ""unit_c1"": 1, ""unit_c2"": 8}"
481,256,accuracy,0.8999999985098839,0.10000000149011612,0.40656872,60985308.0,1280410.0,-0.24802938504308125,4543.0126,"{""activation"": ""swish"", ""batch_size"": 8, ""data_augmentation"": false, ""dr_f"": 0.406895739606, ""learning_rate"": 0.000869757185, ""new_fc_1"": 15, ""new_fc_10"": 31, ""new_fc_2"": 25, ""new_fc_3"": 15, ""new_fc_4"": 8, ""new_fc_5"": 11, ""new_fc_6"": 25, ""new_fc_7"": 3, ""new_fc_8"": 28, ""new_fc_9"": 25, ""num_neurons"": 16, ""optimizer"": ""Adam"", ""reg_l2"": true, ""skip_connection"": true, ""unit_c1"": 3, ""unit_c2"": 2}"
482,257,accuracy,10000000000.0,,8.867100133333333,1330065020.0,43342858.0,10000000000.0,4546.8374,"{""activation"": ""elu"", ""batch_size"": 16, ""data_augmentation"": true, ""dr_f"": 0.413351481273, ""learning_rate"": 0.000629195512, ""new_fc_1"": 26, ""new_fc_10"": 12, ""new_fc_2"": 31, ""new_fc_3"": 18, ""new_fc_4"": 18, ""new_fc_5"": 29, ""new_fc_6"": 4, ""new_fc_7"": 19, ""new_fc_8"": 23, ""new_fc_9"": 21, ""num_neurons"": 64, ""optimizer"": ""Adagrad"", ""reg_l2"": true, ""skip_connection"": true, ""unit_c1"": 3, ""unit_c2"": 4}"
483,257,flops,,,0.05135090666666667,7702636.0,95462.0,,4548.6183,"{""activation"": ""swish"", ""batch_size"": 16, ""data_augmentation"": false, ""dr_f"": 0.487311656715, ""learning_rate"": 0.000951193055, ""new_fc_1"": 21, ""new_fc_10"": 0, ""new_fc_2"": 13, ""new_fc_3"": 3, ""new_fc_4"": 11, ""new_fc_5"": 5, ""new_fc_6"": 2, ""new_fc_7"": 32, ""new_fc_8"": 18, ""new_fc_9"": 23, ""num_neurons"": 4, ""optimizer"": ""SGD"", ""reg_l2"": true, ""skip_connection"": true, ""unit_c1"": 4, ""unit_c2"": 3}"
484,257,flops,,,1.5526043466666666,232890652.0,5272266.0,,4550.4899,"{""activation"": ""relu"", ""batch_size"": 16, ""data_augmentation"": false, ""dr_f"": 0.149633172113, ""learning_rate"": 0.000363022879, ""new_fc_1"": 18, ""new_fc_10"": 30, ""new_fc_2"": 23, ""new_fc_3"": 29, ""new_fc_4"": 24, ""new_fc_5"": 10, ""new_fc_6"": 13, ""new_fc_7"": 19, ""new_fc_8"": 2, ""new_fc_9"": 7, ""num_neurons"": 32, ""optimizer"": ""Adagrad"", ""reg_l2"": false, ""skip_connection"": false, ""unit_c1"": 3, ""unit_c2"": 2}"
485,257,flops,,,2.6248985333333335,393734780.0,14717738.0,,4552.7026,"{""activation"": ""swish"", ""batch_size"": 64, ""data_augmentation"": false, ""dr_f"": 0.072220343296, ""learning_rate"": 0.000269853365, ""new_fc_1"": 19, ""new_fc_10"": 27, ""new_fc_2"": 25, ""new_fc_3"": 21, ""new_fc_4"": 27, ""new_fc_5"": 16, ""new_fc_6"": 5, ""new_fc_7"": 21, ""new_fc_8"": 19, ""new_fc_9"": 30, ""num_neurons"": 32, ""optimizer"": ""Adagrad"", ""reg_l2"": true, ""skip_connection"": true, ""unit_c1"": 1, ""unit_c2"": 8}"
486,258,accuracy,0.6663999855518341,0.3336000144481659,0.005343386666666667,801508.0,45230.0,-0.5319169941137161,4998.0746,"{""activation"": ""selu"", ""batch_size"": 32, ""data_augmentation"": false, ""dr_f"": 0.178243443662, ""learning_rate"": 0.000209456497, ""new_fc_1"": 25, ""new_fc_10"": 24, ""new_fc_2"": 5, ""new_fc_3"": 9, ""new_fc_4"": 28, ""new_fc_5"": 4, ""new_fc_6"": 20, ""new_fc_7"": 17, ""new_fc_8"": 1, ""new_fc_9"": 5, ""num_neurons"": 4, ""optimizer"": ""Adamax"", ""reg_l2"": true, ""skip_connection"": true, ""unit_c1"": 1, ""unit_c2"": 1}"
487,258,flops,,,0.03490898666666667,5236348.0,235498.0,,4999.8509,"{""activation"": ""relu"", ""batch_size"": 32, ""data_augmentation"": true, ""dr_f"": 0.238973544387, ""learning_rate"": 0.000936291808, ""new_fc_1"": 25, ""new_fc_10"": 11, ""new_fc_2"": 25, ""new_fc_3"": 16, ""new_fc_4"": 16, ""new_fc_5"": 1, ""new_fc_6"": 22, ""new_fc_7"": 27, ""new_fc_8"": 16, ""new_fc_9"": 21, ""num_neurons"": 4, ""optimizer"": ""Adam"", ""reg_l2"": false, ""skip_connection"": true, ""unit_c1"": 1, ""unit_c2"": 7}"
488,258,flops,,,0.87936168,131904252.0,8543594.0,,5001.8155,"{""activation"": ""selu"", ""batch_size"": 64, ""data_augmentation"": true, ""dr_f"": 0.07179138348, ""learning_rate"": 0.000984400417, ""new_fc_1"": 20, ""new_fc_10"": 24, ""new_fc_2"": 5, ""new_fc_3"": 11, ""new_fc_4"": 1, ""new_fc_5"": 28, ""new_fc_6"": 28, ""new_fc_7"": 23, ""new_fc_8"": 15, ""new_fc_9"": 27, ""num_neurons"": 32, ""optimizer"": ""Adam"", ""reg_l2"": true, ""skip_connection"": false, ""unit_c1"": 1, ""unit_c2"": 4}"
489,258,flops,,,0.16422850666666666,24634276.0,424426.0,,5003.8825,"{""activation"": ""elu"", ""batch_size"": 64, ""data_augmentation"": false, ""dr_f"": 0.066078246258, ""learning_rate"": 0.000121098495, ""new_fc_1"": 9, ""new_fc_10"": 29, ""new_fc_2"": 16, ""new_fc_3"": 15, ""new_fc_4"": 20, ""new_fc_5"": 31, ""new_fc_6"": 29, ""new_fc_7"": 21, ""new_fc_8"": 8, ""new_fc_9"": 7, ""num_neurons"": 8, ""optimizer"": ""SGD"", ""reg_l2"": true, ""skip_connection"": false, ""unit_c1"": 3, ""unit_c2"": 5}"
490,259,accuracy,0.8999999985098839,0.10000000149011612,0.04897976,7346964.0,306938.0,-0.35530607304308126,5269.3228,"{""activation"": ""relu"", ""batch_size"": 32, ""data_augmentation"": false, ""dr_f"": 0.061989316302, ""learning_rate"": 0.00012103942, ""new_fc_1"": 24, ""new_fc_10"": 21, ""new_fc_2"": 14, ""new_fc_3"": 17, ""new_fc_4"": 32, ""new_fc_5"": 1, ""new_fc_6"": 24, ""new_fc_7"": 25, ""new_fc_8"": 20, ""new_fc_9"": 21, ""num_neurons"": 8, ""optimizer"": ""Adamax"", ""reg_l2"": true, ""skip_connection"": true, ""unit_c1"": 2, ""unit_c2"": 1}"
491,260,accuracy,0.8999999985098839,0.10000000149011612,0.045174026666666665,6776104.0,144762.0,-0.3564477930430813,5655.2879,"{""activation"": ""relu"", ""batch_size"": 16, ""data_augmentation"": false, ""dr_f"": 0.445978303764, ""learning_rate"": 0.000725194089, ""new_fc_1"": 15, ""new_fc_10"": 1, ""new_fc_2"": 18, ""new_fc_3"": 5, ""new_fc_4"": 10, ""new_fc_5"": 26, ""new_fc_6"": 20, ""new_fc_7"": 6, ""new_fc_8"": 28, ""new_fc_9"": 6, ""num_neurons"": 4, ""optimizer"": ""SGD"", ""reg_l2"": true, ""skip_connection"": true, ""unit_c1"": 2, ""unit_c2"": 7}"
492,261,accuracy,0.25459998846054077,0.7454000115394592,0.54276616,81414924.0,1992858.0,-0.6589501600776215,6521.6286,"{""activation"": ""swish"", ""batch_size"": 8, ""data_augmentation"": false, ""dr_f"": 0.132387088728, ""learning_rate"": 0.000297067592, ""new_fc_1"": 14, ""new_fc_10"": 22, ""new_fc_2"": 10, ""new_fc_3"": 30, ""new_fc_4"": 3, ""new_fc_5"": 26, ""new_fc_6"": 19, ""new_fc_7"": 12, ""new_fc_8"": 25, ""new_fc_9"": 6, ""num_neurons"": 16, ""optimizer"": ""Adam"", ""reg_l2"": false, ""skip_connection"": false, ""unit_c1"": 2, ""unit_c2"": 6}"
493,262,accuracy,0.5295000076293945,0.47049999237060547,0.7065078133333333,105976172.0,1055226.0,-0.4173976506594238,8767.4961,"{""activation"": ""selu"", ""batch_size"": 8, ""data_augmentation"": false, ""dr_f"": 0.25026302935, ""learning_rate"": 0.000475164335, ""new_fc_1"": 8, ""new_fc_10"": 11, ""new_fc_2"": 16, ""new_fc_3"": 17, ""new_fc_4"": 32, ""new_fc_5"": 15, ""new_fc_6"": 11, ""new_fc_7"": 18, ""new_fc_8"": 21, ""new_fc_9"": 2, ""num_neurons"": 16, ""optimizer"": ""Adadelta"", ""reg_l2"": false, ""skip_connection"": false, ""unit_c1"": 4, ""unit_c2"": 3}"
494,263,accuracy,10000000000.0,,1.5526043466666666,232890652.0,5272266.0,10000000000.0,8769.7233,"{""activation"": ""relu"", ""batch_size"": 16, ""data_augmentation"": false, ""dr_f"": 0.149633172113, ""learning_rate"": 0.000363022879, ""new_fc_1"": 18, ""new_fc_10"": 30, ""new_fc_2"": 23, ""new_fc_3"": 29, ""new_fc_4"": 24, ""new_fc_5"": 10, ""new_fc_6"": 13, ""new_fc_7"": 19, ""new_fc_8"": 2, ""new_fc_9"": 7, ""num_neurons"": 32, ""optimizer"": ""Adagrad"", ""reg_l2"": false, ""skip_connection"": false, ""unit_c1"": 3, ""unit_c2"": 2}"
495,264,accuracy,0.9056999981403351,0.09430000185966492,0.4670222666666667,70053340.0,3159898.0,-0.2259033213017654,9095.553,"{""activation"": ""swish"", ""batch_size"": 32, ""data_augmentation"": false, ""dr_f"": 0.349556101066, ""learning_rate"": 0.000590110284, ""new_fc_1"": 28, ""new_fc_10"": 13, ""new_fc_2"": 4, ""new_fc_3"": 11, ""new_fc_4"": 30, ""new_fc_5"": 15, ""new_fc_6"": 31, ""new_fc_7"": 0, ""new_fc_8"": 27, ""new_fc_9"": 19, ""num_neurons"": 16, ""optimizer"": ""Adadelta"", ""reg_l2"": false, ""skip_connection"": true, ""unit_c1"": 2, ""unit_c2"": 5}"
496,265,accuracy,10000000000.0,,2.580976826666667,387146524.0,11861066.0,10000000000.0,9097.5838,"{""activation"": ""relu"", ""batch_size"": 8, ""data_augmentation"": true, ""dr_f"": 0.406685583574, ""learning_rate"": 0.000572104819, ""new_fc_1"": 25, ""new_fc_10"": 0, ""new_fc_2"": 23, ""new_fc_3"": 31, ""new_fc_4"": 27, ""new_fc_5"": 13, ""new_fc_6"": 7, ""new_fc_7"": 8, ""new_fc_8"": 22, ""new_fc_9"": 15, ""num_neurons"": 32, ""optimizer"": ""SGD"", ""reg_l2"": false, ""skip_connection"": false, ""unit_c1"": 3, ""unit_c2"": 5}"
497,266,accuracy,10000000000.0,,5.137465786666667,770619868.0,4629098.0,10000000000.0,9099.9157,"{""activation"": ""swish"", ""batch_size"": 16, ""data_augmentation"": false, ""dr_f"": 0.159790007178, ""learning_rate"": 0.000564158306, ""new_fc_1"": 1, ""new_fc_10"": 32, ""new_fc_2"": 19, ""new_fc_3"": 23, ""new_fc_4"": 1, ""new_fc_5"": 14, ""new_fc_6"": 15, ""new_fc_7"": 19, ""new_fc_8"": 19, ""new_fc_9"": 32, ""num_neurons"": 32, ""optimizer"": ""SGD"", ""reg_l2"": true, ""skip_connection"": false, ""unit_c1"": 4, ""unit_c2"": 8}"
498,267,accuracy,0.47369998693466187,0.5263000130653381,0.2880932,43213980.0,715786.0,-0.5819820491457367,9845.506,"{""activation"": ""selu"", ""batch_size"": 32, ""data_augmentation"": false, ""dr_f"": 0.147402556697, ""learning_rate"": 0.000926271987, ""new_fc_1"": 5, ""new_fc_10"": 15, ""new_fc_2"": 1, ""new_fc_3"": 6, ""new_fc_4"": 0, ""new_fc_5"": 11, ""new_fc_6"": 12, ""new_fc_7"": 23, ""new_fc_8"": 11, ""new_fc_9"": 6, ""num_neurons"": 16, ""optimizer"": ""Adadelta"", ""reg_l2"": true, ""skip_connection"": true, ""unit_c1"": 1, ""unit_c2"": 5}"
499,267,flops,,,0.02574384,3861576.0,115754.0,,9847.1758,"{""activation"": ""elu"", ""batch_size"": 32, ""data_augmentation"": true, ""dr_f"": 0.048301598681, ""learning_rate"": 0.000274479169, ""new_fc_1"": 11, ""new_fc_10"": 4, ""new_fc_2"": 18, ""new_fc_3"": 5, ""new_fc_4"": 30, ""new_fc_5"": 9, ""new_fc_6"": 19, ""new_fc_7"": 29, ""new_fc_8"": 28, ""new_fc_9"": 10, ""num_neurons"": 4, ""optimizer"": ""Adagrad"", ""reg_l2"": false, ""skip_connection"": false, ""unit_c1"": 1, ""unit_c2"": 6}"
500,268,accuracy,10000000000.0,,11.171518693333333,1675727804.0,15271626.0,10000000000.0,9849.6152,"{""activation"": ""swish"", ""batch_size"": 32, ""data_augmentation"": false, ""dr_f"": 0.251945349916, ""learning_rate"": 0.000595059848, ""new_fc_1"": 2, ""new_fc_10"": 22, ""new_fc_2"": 7, ""new_fc_3"": 23, ""new_fc_4"": 16, ""new_fc_5"": 21, ""new_fc_6"": 30, ""new_fc_7"": 4, ""new_fc_8"": 28, ""new_fc_9"": 25, ""num_neurons"": 64, ""optimizer"": ""Adam"", ""reg_l2"": false, ""skip_connection"": true, ""unit_c1"": 4, ""unit_c2"": 3}"
501,269,accuracy,10000000000.0,,5.395653093333333,809347964.0,15046090.0,10000000000.0,9852.0356,"{""activation"": ""swish"", ""batch_size"": 32, ""data_augmentation"": false, ""dr_f"": 0.092096166409, ""learning_rate"": 0.00042446206, ""new_fc_1"": 5, ""new_fc_10"": 11, ""new_fc_2"": 31, ""new_fc_3"": 13, ""new_fc_4"": 5, ""new_fc_5"": 4, ""new_fc_6"": 23, ""new_fc_7"": 29, ""new_fc_8"": 8, ""new_fc_9"": 26, ""num_neurons"": 64, ""optimizer"": ""Adagrad"", ""reg_l2"": true, ""skip_connection"": true, ""unit_c1"": 2, ""unit_c2"": 4}"
502,269,flops,,,0.04258605333333333,6387908.0,217118.0,,9853.6388,"{""activation"": ""elu"", ""batch_size"": 32, ""data_augmentation"": false, ""dr_f"": 0.091484433118, ""learning_rate"": 0.00017021313, ""new_fc_1"": 19, ""new_fc_10"": 31, ""new_fc_2"": 9, ""new_fc_3"": 4, ""new_fc_4"": 10, ""new_fc_5"": 0, ""new_fc_6"": 28, ""new_fc_7"": 30, ""new_fc_8"": 31, ""new_fc_9"": 12, ""num_neurons"": 4, ""optimizer"": ""Adadelta"", ""reg_l2"": false, ""skip_connection"": true, ""unit_c1"": 1, ""unit_c2"": 8}"
503,269,flops,,,0.09623954666666666,14435932.0,602778.0,,9855.6381,"{""activation"": ""swish"", ""batch_size"": 16, ""data_augmentation"": false, ""dr_f"": 0.045545263544, ""learning_rate"": 0.000329712694, ""new_fc_1"": 6, ""new_fc_10"": 10, ""new_fc_2"": 24, ""new_fc_3"": 32, ""new_fc_4"": 10, ""new_fc_5"": 8, ""new_fc_6"": 3, ""new_fc_7"": 3, ""new_fc_8"": 28, ""new_fc_9"": 2, ""num_neurons"": 16, ""optimizer"": ""Adamax"", ""reg_l2"": true, ""skip_connection"": true, ""unit_c1"": 1, ""unit_c2"": 2}"
504,270,accuracy,0.8624999970197678,0.13750000298023224,0.05135090666666667,7702636.0,95462.0,-0.3808447300861626,10241.6501,"{""activation"": ""swish"", ""batch_size"": 16, ""data_augmentation"": false, ""dr_f"": 0.487311656715, ""learning_rate"": 0.000951193055, ""new_fc_1"": 21, ""new_fc_10"": 0, ""new_fc_2"": 13, ""new_fc_3"": 3, ""new_fc_4"": 11, ""new_fc_5"": 5, ""new_fc_6"": 2, ""new_fc_7"": 32, ""new_fc_8"": 18, ""new_fc_9"": 23, ""num_neurons"": 4, ""optimizer"": ""SGD"", ""reg_l2"": true, ""skip_connection"": true, ""unit_c1"": 4, ""unit_c2"": 3}"
505,270,flops,,,0.23037533333333332,34556300.0,972962.0,,10243.7138,"{""activation"": ""relu"", ""batch_size"": 16, ""data_augmentation"": false, ""dr_f"": 0.352670628427, ""learning_rate"": 0.000458798885, ""new_fc_1"": 25, ""new_fc_10"": 30, ""new_fc_2"": 21, ""new_fc_3"": 24, ""new_fc_4"": 6, ""new_fc_5"": 8, ""new_fc_6"": 14, ""new_fc_7"": 24, ""new_fc_8"": 24, ""new_fc_9"": 18, ""num_neurons"": 8, ""optimizer"": ""Adam"", ""reg_l2"": false, ""skip_connection"": false, ""unit_c1"": 3, ""unit_c2"": 7}"
506,271,accuracy,0.8999999985098839,0.10000000149011612,0.16276978666666667,24415468.0,556130.0,-0.3211690650430813,10690.0644,"{""activation"": ""swish"", ""batch_size"": 16, ""data_augmentation"": false, ""dr_f"": 0.073016018082, ""learning_rate"": 0.000378038277, ""new_fc_1"": 13, ""new_fc_10"": 4, ""new_fc_2"": 13, ""new_fc_3"": 29, ""new_fc_4"": 8, ""new_fc_5"": 23, ""new_fc_6"": 5, ""new_fc_7"": 15, ""new_fc_8"": 4, ""new_fc_9"": 16, ""num_neurons"": 8, ""optimizer"": ""Adamax"", ""reg_l2"": true, ""skip_connection"": true, ""unit_c1"": 1, ""unit_c2"": 8}"
507,272,accuracy,0.7136000096797943,0.2863999903202057,0.16422850666666666,24634276.0,424426.0,-0.4512114412241439,11075.6795,"{""activation"": ""elu"", ""batch_size"": 64, ""data_augmentation"": false, ""dr_f"": 0.066078246258, ""learning_rate"": 0.000121098495, ""new_fc_1"": 9, ""new_fc_10"": 29, ""new_fc_2"": 16, ""new_fc_3"": 15, ""new_fc_4"": 20, ""new_fc_5"": 31, ""new_fc_6"": 29, ""new_fc_7"": 21, ""new_fc_8"": 8, ""new_fc_9"": 7, ""num_neurons"": 8, ""optimizer"": ""SGD"", ""reg_l2"": true, ""skip_connection"": false, ""unit_c1"": 3, ""unit_c2"": 5}"
508,272,flops,,,0.09831794666666667,14747692.0,221554.0,,11077.6963,"{""activation"": ""selu"", ""batch_size"": 64, ""data_augmentation"": true, ""dr_f"": 0.267802679972, ""learning_rate"": 0.000150644151, ""new_fc_1"": 6, ""new_fc_10"": 6, ""new_fc_2"": 16, ""new_fc_3"": 4, ""new_fc_4"": 12, ""new_fc_5"": 22, ""new_fc_6"": 5, ""new_fc_7"": 4, ""new_fc_8"": 26, ""new_fc_9"": 1, ""num_neurons"": 8, ""optimizer"": ""Adamax"", ""reg_l2"": true, ""skip_connection"": true, ""unit_c1"": 1, ""unit_c2"": 6}"
509,272,flops,,,3.3638207733333334,504573116.0,24608842.0,,11080.4499,"{""activation"": ""elu"", ""batch_size"": 16, ""data_augmentation"": false, ""dr_f"": 0.138502691964, ""learning_rate"": 0.000427247564, ""new_fc_1"": 17, ""new_fc_10"": 15, ""new_fc_2"": 6, ""new_fc_3"": 13, ""new_fc_4"": 20, ""new_fc_5"": 27, ""new_fc_6"": 6, ""new_fc_7"": 26, ""new_fc_8"": 4, ""new_fc_9"": 0, ""num_neurons"": 64, ""optimizer"": ""Adamax"", ""reg_l2"": false, ""skip_connection"": false, ""unit_c1"": 1, ""unit_c2"": 4}"
510,272,flops,,,2.6238248266666666,393573724.0,4845258.0,,11082.5162,"{""activation"": ""swish"", ""batch_size"": 16, ""data_augmentation"": true, ""dr_f"": 0.317290516028, ""learning_rate"": 0.000173030592, ""new_fc_1"": 3, ""new_fc_10"": 18, ""new_fc_2"": 23, ""new_fc_3"": 2, ""new_fc_4"": 23, ""new_fc_5"": 16, ""new_fc_6"": 4, ""new_fc_7"": 24, ""new_fc_8"": 32, ""new_fc_9"": 26, ""num_neurons"": 32, ""optimizer"": ""Adam"", ""reg_l2"": false, ""skip_connection"": true, ""unit_c1"": 2, ""unit_c2"": 7}"
511,273,accuracy,0.3325999975204468,0.6674000024795532,0.23037533333333332,34556300.0,972962.0,-0.6980674017356872,12008.0793,"{""activation"": ""relu"", ""batch_size"": 16, ""data_augmentation"": false, ""dr_f"": 0.352670628427, ""learning_rate"": 0.000458798885, ""new_fc_1"": 25, ""new_fc_10"": 30, ""new_fc_2"": 21, ""new_fc_3"": 24, ""new_fc_4"": 6, ""new_fc_5"": 8, ""new_fc_6"": 14, ""new_fc_7"": 24, ""new_fc_8"": 24, ""new_fc_9"": 18, ""num_neurons"": 8, ""optimizer"": ""Adam"", ""reg_l2"": false, ""skip_connection"": false, ""unit_c1"": 3, ""unit_c2"": 7}"
512,273,flops,,,0.90061672,135092508.0,2170314.0,,12010.0782,"{""activation"": ""elu"", ""batch_size"": 64, ""data_augmentation"": true, ""dr_f"": 0.247577540378, ""learning_rate"": 0.000387322956, ""new_fc_1"": 11, ""new_fc_10"": 17, ""new_fc_2"": 32, ""new_fc_3"": 4, ""new_fc_4"": 19, ""new_fc_5"": 6, ""new_fc_6"": 28, ""new_fc_7"": 27, ""new_fc_8"": 12, ""new_fc_9"": 30, ""num_neurons"": 16, ""optimizer"": ""Adadelta"", ""reg_l2"": false, ""skip_connection"": true, ""unit_c1"": 3, ""unit_c2"": 7}"
513,273,flops,,,13.863135973333334,2079470396.0,13707914.0,,12012.426,"{""activation"": ""selu"", ""batch_size"": 32, ""data_augmentation"": false, ""dr_f"": 0.377019573116, ""learning_rate"": 0.000217299463, ""new_fc_1"": 1, ""new_fc_10"": 9, ""new_fc_2"": 25, ""new_fc_3"": 31, ""new_fc_4"": 15, ""new_fc_5"": 10, ""new_fc_6"": 32, ""new_fc_7"": 3, ""new_fc_8"": 8, ""new_fc_9"": 18, ""num_neurons"": 64, ""optimizer"": ""Adamax"", ""reg_l2"": false, ""skip_connection"": true, ""unit_c1"": 3, ""unit_c2"": 7}"
514,274,accuracy,10000000000.0,,4.9443268,741649020.0,49120650.0,10000000000.0,12016.1847,"{""activation"": ""elu"", ""batch_size"": 8, ""data_augmentation"": true, ""dr_f"": 0.471697682034, ""learning_rate"": 0.000719919734, ""new_fc_1"": 28, ""new_fc_10"": 25, ""new_fc_2"": 1, ""new_fc_3"": 3, ""new_fc_4"": 20, ""new_fc_5"": 12, ""new_fc_6"": 25, ""new_fc_7"": 29, ""new_fc_8"": 22, ""new_fc_9"": 16, ""num_neurons"": 64, ""optimizer"": ""Adadelta"", ""reg_l2"": false, ""skip_connection"": false, ""unit_c1"": 1, ""unit_c2"": 5}"
515,274,flops,,,0.03455472,5183208.0,185702.0,,12018.1251,"{""activation"": ""swish"", ""batch_size"": 32, ""data_augmentation"": false, ""dr_f"": 0.108595887354, ""learning_rate"": 0.000138356998, ""new_fc_1"": 19, ""new_fc_10"": 12, ""new_fc_2"": 23, ""new_fc_3"": 20, ""new_fc_4"": 5, ""new_fc_5"": 16, ""new_fc_6"": 31, ""new_fc_7"": 9, ""new_fc_8"": 12, ""new_fc_9"": 22, ""num_neurons"": 4, ""optimizer"": ""Adamax"", ""reg_l2"": true, ""skip_connection"": true, ""unit_c1"": 1, ""unit_c2"": 7}"
516,275,accuracy,0.558899998664856,0.44110000133514404,0.09831794666666667,14747692.0,221554.0,-0.5792746169346008,12463.6224,"{""activation"": ""selu"", ""batch_size"": 64, ""data_augmentation"": true, ""dr_f"": 0.267802679972, ""learning_rate"": 0.000150644151, ""new_fc_1"": 6, ""new_fc_10"": 6, ""new_fc_2"": 16, ""new_fc_3"": 4, ""new_fc_4"": 12, ""new_fc_5"": 22, ""new_fc_6"": 5, ""new_fc_7"": 4, ""new_fc_8"": 26, ""new_fc_9"": 1, ""num_neurons"": 8, ""optimizer"": ""Adamax"", ""reg_l2"": true, ""skip_connection"": true, ""unit_c1"": 1, ""unit_c2"": 6}"
