event,accuracy_eval,objective,error,accuracy,flops_norm,flops,params,score,elapsed_sec,params_json
1,1,both,0.9900000002235174,0.009999999776482582,0.13394186666666666,20091280.0,815756.0,-0.26681743984353784,745.825,"{""activation"": ""relu"", ""batch_size"": 8, ""data_augmentation"": true, ""dr_f"": 0.374037152651, ""learning_rate"": 0.000638792636, ""new_fc_1"": 21, ""new_fc_10"": 24, ""new_fc_2"": 1, ""new_fc_3"": 23, ""new_fc_4"": 29, ""new_fc_5"": 1, ""new_fc_6"": 20, ""new_fc_7"": 32, ""new_fc_8"": 11, ""new_fc_9"": 21, ""num_neurons"": 8, ""optimizer"": ""Adam"", ""reg_l2"": true, ""skip_connection"": true, ""unit_c1"": 1, ""unit_c2"": 7}"
2,2,both,0.991100000217557,0.008899999782443047,0.22720837333333332,34081256.0,200948.0,-0.23806748784771012,1130.1654,"{""activation"": ""swish"", ""batch_size"": 16, ""data_augmentation"": false, ""dr_f"": 0.095562114506, ""learning_rate"": 0.000362930184, ""new_fc_1"": 2, ""new_fc_10"": 25, ""new_fc_2"": 6, ""new_fc_3"": 20, ""new_fc_4"": 8, ""new_fc_5"": 17, ""new_fc_6"": 3, ""new_fc_7"": 24, ""new_fc_8"": 13, ""new_fc_9"": 8, ""num_neurons"": 8, ""optimizer"": ""SGD"", ""reg_l2"": true, ""skip_connection"": true, ""unit_c1"": 3, ""unit_c2"": 7}"
3,3,both,0.9900000002235174,0.009999999776482582,0.05484637333333333,8226956.0,67392.0,-0.2905460878435378,1514.539,"{""activation"": ""swish"", ""batch_size"": 16, ""data_augmentation"": false, ""dr_f"": 0.236871672058, ""learning_rate"": 0.000209834411, ""new_fc_1"": 5, ""new_fc_10"": 7, ""new_fc_2"": 3, ""new_fc_3"": 28, ""new_fc_4"": 17, ""new_fc_5"": 25, ""new_fc_6"": 9, ""new_fc_7"": 13, ""new_fc_8"": 30, ""new_fc_9"": 14, ""num_neurons"": 4, ""optimizer"": ""Adam"", ""reg_l2"": true, ""skip_connection"": false, ""unit_c1"": 4, ""unit_c2"": 4}"
4,4,both,0.9900000002235174,0.009999999776482582,0.57911664,86867496.0,913108.0,-0.1332650078435378,1718.1646,"{""activation"": ""selu"", ""batch_size"": 32, ""data_augmentation"": true, ""dr_f"": 0.481750851444, ""learning_rate"": 0.000860080464, ""new_fc_1"": 28, ""new_fc_10"": 23, ""new_fc_2"": 14, ""new_fc_3"": 0, ""new_fc_4"": 24, ""new_fc_5"": 6, ""new_fc_6"": 8, ""new_fc_7"": 23, ""new_fc_8"": 0, ""new_fc_9"": 7, ""num_neurons"": 16, ""optimizer"": ""SGD"", ""reg_l2"": true, ""skip_connection"": false, ""unit_c1"": 4, ""unit_c2"": 1}"
5,5,both,0.989500000141561,0.010499999858438969,0.025373786666666665,3806068.0,79044.0,-0.2997378639009073,1921.8944,"{""activation"": ""selu"", ""batch_size"": 32, ""data_augmentation"": true, ""dr_f"": 0.364330717792, ""learning_rate"": 0.000811157986, ""new_fc_1"": 32, ""new_fc_10"": 4, ""new_fc_2"": 22, ""new_fc_3"": 23, ""new_fc_4"": 21, ""new_fc_5"": 26, ""new_fc_6"": 0, ""new_fc_7"": 13, ""new_fc_8"": 2, ""new_fc_9"": 0, ""num_neurons"": 4, ""optimizer"": ""Adadelta"", ""reg_l2"": true, ""skip_connection"": false, ""unit_c1"": 3, ""unit_c2"": 1}"
6,6,both,0.9900000002235174,0.009999999776482582,0.7767264533333333,116508968.0,3880740.0,-0.0739820638435378,2305.9936,"{""activation"": ""relu"", ""batch_size"": 16, ""data_augmentation"": false, ""dr_f"": 0.262083930291, ""learning_rate"": 0.000570459546, ""new_fc_1"": 31, ""new_fc_10"": 21, ""new_fc_2"": 3, ""new_fc_3"": 29, ""new_fc_4"": 22, ""new_fc_5"": 14, ""new_fc_6"": 28, ""new_fc_7"": 12, ""new_fc_8"": 31, ""new_fc_9"": 6, ""num_neurons"": 16, ""optimizer"": ""Adam"", ""reg_l2"": true, ""skip_connection"": false, ""unit_c1"": 3, ""unit_c2"": 6}"
7,7,both,10000000000.0,,7.018396746666666,1052759512.0,42671332.0,10000000000.0,2307.8781,"{""activation"": ""elu"", ""batch_size"": 16, ""data_augmentation"": true, ""dr_f"": 0.168947832344, ""learning_rate"": 0.000194944834, ""new_fc_1"": 24, ""new_fc_10"": 8, ""new_fc_2"": 32, ""new_fc_3"": 0, ""new_fc_4"": 26, ""new_fc_5"": 12, ""new_fc_6"": 2, ""new_fc_7"": 5, ""new_fc_8"": 7, ""new_fc_9"": 26, ""num_neurons"": 64, ""optimizer"": ""Adamax"", ""reg_l2"": false, ""skip_connection"": false, ""unit_c1"": 2, ""unit_c2"": 5}"
8,8,both,0.7998999953269958,0.20010000467300415,0.14825701333333333,22238552.0,1228180.0,-0.39559289927110286,3471.8662,"{""activation"": ""selu"", ""batch_size"": 8, ""data_augmentation"": false, ""dr_f"": 0.156623796885, ""learning_rate"": 0.00031971297, ""new_fc_1"": 11, ""new_fc_10"": 32, ""new_fc_2"": 1, ""new_fc_3"": 2, ""new_fc_4"": 16, ""new_fc_5"": 1, ""new_fc_6"": 1, ""new_fc_7"": 27, ""new_fc_8"": 22, ""new_fc_9"": 31, ""num_neurons"": 16, ""optimizer"": ""Adamax"", ""reg_l2"": false, ""skip_connection"": false, ""unit_c1"": 1, ""unit_c2"": 3}"
9,9,both,0.9848999995738268,0.01510000042617321,0.8160054933333334,122400824.0,2529540.0,-0.06576835229832123,3735.9433,"{""activation"": ""relu"", ""batch_size"": 32, ""data_augmentation"": false, ""dr_f"": 0.279539254159, ""learning_rate"": 0.000503004848, ""new_fc_1"": 4, ""new_fc_10"": 28, ""new_fc_2"": 5, ""new_fc_3"": 21, ""new_fc_4"": 10, ""new_fc_5"": 15, ""new_fc_6"": 32, ""new_fc_7"": 8, ""new_fc_8"": 5, ""new_fc_9"": 15, ""num_neurons"": 32, ""optimizer"": ""SGD"", ""reg_l2"": false, ""skip_connection"": true, ""unit_c1"": 2, ""unit_c2"": 2}"
10,10,both,10000000000.0,,11.28298384,1692447576.0,24265636.0,10000000000.0,3737.088,"{""activation"": ""relu"", ""batch_size"": 64, ""data_augmentation"": true, ""dr_f"": 0.133513292356, ""learning_rate"": 0.000740034579, ""new_fc_1"": 0, ""new_fc_10"": 25, ""new_fc_2"": 10, ""new_fc_3"": 27, ""new_fc_4"": 24, ""new_fc_5"": 22, ""new_fc_6"": 30, ""new_fc_7"": 29, ""new_fc_8"": 6, ""new_fc_9"": 15, ""num_neurons"": 64, ""optimizer"": ""Adamax"", ""reg_l2"": false, ""skip_connection"": true, ""unit_c1"": 4, ""unit_c2"": 3}"
11,10,flops,,,4.514624586666667,677193688.0,16587940.0,,3738.7148,"{""activation"": ""swish"", ""batch_size"": 8, ""data_augmentation"": false, ""dr_f"": 0.424085958969, ""learning_rate"": 0.000483482328, ""new_fc_1"": 7, ""new_fc_10"": 18, ""new_fc_2"": 0, ""new_fc_3"": 21, ""new_fc_4"": 16, ""new_fc_5"": 6, ""new_fc_6"": 24, ""new_fc_7"": 3, ""new_fc_8"": 5, ""new_fc_9"": 30, ""num_neurons"": 64, ""optimizer"": ""Adamax"", ""reg_l2"": true, ""skip_connection"": false, ""unit_c1"": 1, ""unit_c2"": 5}"
12,10,flops,,,0.012839973333333332,1925996.0,28856.0,,3739.7287,"{""activation"": ""elu"", ""batch_size"": 64, ""data_augmentation"": true, ""dr_f"": 0.096768956438, ""learning_rate"": 0.000734316253, ""new_fc_1"": 3, ""new_fc_10"": 3, ""new_fc_2"": 0, ""new_fc_3"": 19, ""new_fc_4"": 13, ""new_fc_5"": 24, ""new_fc_6"": 24, ""new_fc_7"": 2, ""new_fc_8"": 4, ""new_fc_9"": 25, ""num_neurons"": 4, ""optimizer"": ""SGD"", ""reg_l2"": true, ""skip_connection"": false, ""unit_c1"": 2, ""unit_c2"": 1}"
13,11,accuracy,0.9856000002473593,0.014399999752640724,0.012839973333333332,1925996.0,28856.0,-0.3062280078268485,3884.0627,"{""activation"": ""elu"", ""batch_size"": 64, ""data_augmentation"": true, ""dr_f"": 0.096768956438, ""learning_rate"": 0.000734316253, ""new_fc_1"": 3, ""new_fc_10"": 3, ""new_fc_2"": 0, ""new_fc_3"": 19, ""new_fc_4"": 13, ""new_fc_5"": 24, ""new_fc_6"": 24, ""new_fc_7"": 2, ""new_fc_8"": 4, ""new_fc_9"": 25, ""num_neurons"": 4, ""optimizer"": ""SGD"", ""reg_l2"": true, ""skip_connection"": false, ""unit_c1"": 2, ""unit_c2"": 1}"
14,11,flops,,,2.2473334933333335,337100024.0,2209988.0,,3885.1575,"{""activation"": ""elu"", ""batch_size"": 64, ""data_augmentation"": true, ""dr_f"": 0.395865352792, ""learning_rate"": 0.000519698814, ""new_fc_1"": 6, ""new_fc_10"": 10, ""new_fc_2"": 23, ""new_fc_3"": 8, ""new_fc_4"": 15, ""new_fc_5"": 1, ""new_fc_6"": 21, ""new_fc_7"": 18, ""new_fc_8"": 20, ""new_fc_9"": 11, ""num_neurons"": 32, ""optimizer"": ""Adagrad"", ""reg_l2"": true, ""skip_connection"": false, ""unit_c1"": 4, ""unit_c2"": 1}"
15,11,flops,,,0.30136885333333335,45205328.0,911020.0,,3886.1962,"{""activation"": ""selu"", ""batch_size"": 8, ""data_augmentation"": true, ""dr_f"": 0.164102057347, ""learning_rate"": 0.000232439619, ""new_fc_1"": 24, ""new_fc_10"": 24, ""new_fc_2"": 29, ""new_fc_3"": 25, ""new_fc_4"": 2, ""new_fc_5"": 3, ""new_fc_6"": 17, ""new_fc_7"": 10, ""new_fc_8"": 10, ""new_fc_9"": 15, ""num_neurons"": 8, ""optimizer"": ""Adamax"", ""reg_l2"": true, ""skip_connection"": false, ""unit_c1"": 4, ""unit_c2"": 7}"
16,12,accuracy,0.8560999929904938,0.14390000700950623,0.30136885333333335,45205328.0,911020.0,-0.31031934890665436,5830.9185,"{""activation"": ""selu"", ""batch_size"": 8, ""data_augmentation"": true, ""dr_f"": 0.164102057347, ""learning_rate"": 0.000232439619, ""new_fc_1"": 24, ""new_fc_10"": 24, ""new_fc_2"": 29, ""new_fc_3"": 25, ""new_fc_4"": 2, ""new_fc_5"": 3, ""new_fc_6"": 17, ""new_fc_7"": 10, ""new_fc_8"": 10, ""new_fc_9"": 15, ""num_neurons"": 8, ""optimizer"": ""Adamax"", ""reg_l2"": true, ""skip_connection"": false, ""unit_c1"": 4, ""unit_c2"": 7}"
17,12,flops,,,2.606192586666667,390928888.0,13315812.0,,5832.4853,"{""activation"": ""swish"", ""batch_size"": 16, ""data_augmentation"": true, ""dr_f"": 0.099903928029, ""learning_rate"": 0.000251114564, ""new_fc_1"": 21, ""new_fc_10"": 13, ""new_fc_2"": 4, ""new_fc_3"": 8, ""new_fc_4"": 10, ""new_fc_5"": 4, ""new_fc_6"": 5, ""new_fc_7"": 32, ""new_fc_8"": 15, ""new_fc_9"": 23, ""num_neurons"": 32, ""optimizer"": ""Adamax"", ""reg_l2"": false, ""skip_connection"": true, ""unit_c1"": 1, ""unit_c2"": 8}"
18,12,flops,,,5.264670453333333,789700568.0,14570084.0,,5833.8723,"{""activation"": ""selu"", ""batch_size"": 64, ""data_augmentation"": false, ""dr_f"": 0.427988866846, ""learning_rate"": 0.000876725704, ""new_fc_1"": 3, ""new_fc_10"": 12, ""new_fc_2"": 6, ""new_fc_3"": 21, ""new_fc_4"": 29, ""new_fc_5"": 21, ""new_fc_6"": 28, ""new_fc_7"": 10, ""new_fc_8"": 15, ""new_fc_9"": 5, ""num_neurons"": 64, ""optimizer"": ""Adam"", ""reg_l2"": true, ""skip_connection"": false, ""unit_c1"": 2, ""unit_c2"": 4}"
19,12,flops,,,0.04402474666666667,6603712.0,155388.0,,5834.692,"{""activation"": ""relu"", ""batch_size"": 32, ""data_augmentation"": false, ""dr_f"": 0.346760590585, ""learning_rate"": 0.000174048206, ""new_fc_1"": 16, ""new_fc_10"": 17, ""new_fc_2"": 24, ""new_fc_3"": 11, ""new_fc_4"": 28, ""new_fc_5"": 0, ""new_fc_6"": 1, ""new_fc_7"": 32, ""new_fc_8"": 0, ""new_fc_9"": 9, ""num_neurons"": 4, ""optimizer"": ""SGD"", ""reg_l2"": false, ""skip_connection"": false, ""unit_c1"": 2, ""unit_c2"": 7}"
20,12,flops,,,0.03536176,5304264.0,269244.0,,5835.5843,"{""activation"": ""elu"", ""batch_size"": 8, ""data_augmentation"": true, ""dr_f"": 0.08792907642, ""learning_rate"": 0.000552294161, ""new_fc_1"": 30, ""new_fc_10"": 21, ""new_fc_2"": 28, ""new_fc_3"": 2, ""new_fc_4"": 1, ""new_fc_5"": 8, ""new_fc_6"": 29, ""new_fc_7"": 13, ""new_fc_8"": 19, ""new_fc_9"": 13, ""num_neurons"": 4, ""optimizer"": ""Adam"", ""reg_l2"": false, ""skip_connection"": true, ""unit_c1"": 1, ""unit_c2"": 7}"
21,13,accuracy,0.987300000153482,0.01269999984651804,0.04402474666666667,6603712.0,155388.0,-0.2956825758925626,5979.893,"{""activation"": ""relu"", ""batch_size"": 32, ""data_augmentation"": false, ""dr_f"": 0.346760590585, ""learning_rate"": 0.000174048206, ""new_fc_1"": 16, ""new_fc_10"": 17, ""new_fc_2"": 24, ""new_fc_3"": 11, ""new_fc_4"": 28, ""new_fc_5"": 0, ""new_fc_6"": 1, ""new_fc_7"": 32, ""new_fc_8"": 0, ""new_fc_9"": 9, ""num_neurons"": 4, ""optimizer"": ""SGD"", ""reg_l2"": false, ""skip_connection"": false, ""unit_c1"": 2, ""unit_c2"": 7}"
22,13,flops,,,0.05675104,8512656.0,484548.0,,5980.7324,"{""activation"": ""relu"", ""batch_size"": 16, ""data_augmentation"": true, ""dr_f"": 0.34388458431, ""learning_rate"": 0.000218547103, ""new_fc_1"": 17, ""new_fc_10"": 26, ""new_fc_2"": 8, ""new_fc_3"": 28, ""new_fc_4"": 16, ""new_fc_5"": 4, ""new_fc_6"": 26, ""new_fc_7"": 14, ""new_fc_8"": 24, ""new_fc_9"": 20, ""num_neurons"": 8, ""optimizer"": ""Adadelta"", ""reg_l2"": true, ""skip_connection"": false, ""unit_c1"": 1, ""unit_c2"": 4}"
23,13,flops,,,0.00806576,1209864.0,117832.0,,5981.4854,"{""activation"": ""relu"", ""batch_size"": 8, ""data_augmentation"": false, ""dr_f"": 0.089947111947, ""learning_rate"": 0.000478438482, ""new_fc_1"": 25, ""new_fc_10"": 31, ""new_fc_2"": 32, ""new_fc_3"": 18, ""new_fc_4"": 22, ""new_fc_5"": 3, ""new_fc_6"": 30, ""new_fc_7"": 27, ""new_fc_8"": 9, ""new_fc_9"": 7, ""num_neurons"": 4, ""optimizer"": ""SGD"", ""reg_l2"": false, ""skip_connection"": false, ""unit_c1"": 1, ""unit_c2"": 2}"
24,14,accuracy,10000000000.0,,1.59433744,239150616.0,10440516.0,10000000000.0,5982.5528,"{""activation"": ""selu"", ""batch_size"": 32, ""data_augmentation"": false, ""dr_f"": 0.099689416991, ""learning_rate"": 0.00032205476, ""new_fc_1"": 16, ""new_fc_10"": 28, ""new_fc_2"": 10, ""new_fc_3"": 12, ""new_fc_4"": 2, ""new_fc_5"": 17, ""new_fc_6"": 28, ""new_fc_7"": 27, ""new_fc_8"": 25, ""new_fc_9"": 25, ""num_neurons"": 32, ""optimizer"": ""SGD"", ""reg_l2"": true, ""skip_connection"": false, ""unit_c1"": 1, ""unit_c2"": 6}"
25,14,flops,,,0.3037570666666667,45563560.0,1890932.0,,5983.415,"{""activation"": ""relu"", ""batch_size"": 16, ""data_augmentation"": false, ""dr_f"": 0.103703376882, ""learning_rate"": 0.000389925033, ""new_fc_1"": 15, ""new_fc_10"": 5, ""new_fc_2"": 27, ""new_fc_3"": 32, ""new_fc_4"": 7, ""new_fc_5"": 24, ""new_fc_6"": 2, ""new_fc_7"": 20, ""new_fc_8"": 24, ""new_fc_9"": 1, ""num_neurons"": 16, ""optimizer"": ""SGD"", ""reg_l2"": false, ""skip_connection"": true, ""unit_c1"": 1, ""unit_c2"": 5}"
26,14,flops,,,0.0424264,6363960.0,236904.0,,5984.3236,"{""activation"": ""swish"", ""batch_size"": 64, ""data_augmentation"": true, ""dr_f"": 0.485575165548, ""learning_rate"": 0.000418811018, ""new_fc_1"": 24, ""new_fc_10"": 3, ""new_fc_2"": 2, ""new_fc_3"": 22, ""new_fc_4"": 16, ""new_fc_5"": 15, ""new_fc_6"": 30, ""new_fc_7"": 5, ""new_fc_8"": 18, ""new_fc_9"": 17, ""num_neurons"": 4, ""optimizer"": ""Adadelta"", ""reg_l2"": true, ""skip_connection"": false, ""unit_c1"": 1, ""unit_c2"": 8}"
27,14,flops,,,0.028996506666666668,4349476.0,53252.0,,5985.1645,"{""activation"": ""relu"", ""batch_size"": 8, ""data_augmentation"": true, ""dr_f"": 0.293859471322, ""learning_rate"": 0.000710320883, ""new_fc_1"": 9, ""new_fc_10"": 14, ""new_fc_2"": 0, ""new_fc_3"": 24, ""new_fc_4"": 9, ""new_fc_5"": 19, ""new_fc_6"": 11, ""new_fc_7"": 26, ""new_fc_8"": 11, ""new_fc_9"": 8, ""num_neurons"": 4, ""optimizer"": ""Adam"", ""reg_l2"": false, ""skip_connection"": true, ""unit_c1"": 3, ""unit_c2"": 2}"
28,14,flops,,,0.6464479466666667,96967192.0,1694372.0,,5986.0446,"{""activation"": ""swish"", ""batch_size"": 8, ""data_augmentation"": false, ""dr_f"": 0.224401492843, ""learning_rate"": 0.000448414006, ""new_fc_1"": 31, ""new_fc_10"": 14, ""new_fc_2"": 14, ""new_fc_3"": 11, ""new_fc_4"": 12, ""new_fc_5"": 24, ""new_fc_6"": 26, ""new_fc_7"": 14, ""new_fc_8"": 15, ""new_fc_9"": 3, ""num_neurons"": 16, ""optimizer"": ""SGD"", ""reg_l2"": true, ""skip_connection"": false, ""unit_c1"": 4, ""unit_c2"": 2}"
29,14,flops,,,0.02615936,3923904.0,252436.0,,5986.8626,"{""activation"": ""elu"", ""batch_size"": 8, ""data_augmentation"": true, ""dr_f"": 0.175131210402, ""learning_rate"": 0.000277060032, ""new_fc_1"": 17, ""new_fc_10"": 8, ""new_fc_2"": 2, ""new_fc_3"": 28, ""new_fc_4"": 2, ""new_fc_5"": 4, ""new_fc_6"": 21, ""new_fc_7"": 18, ""new_fc_8"": 22, ""new_fc_9"": 19, ""num_neurons"": 8, ""optimizer"": ""Adagrad"", ""reg_l2"": false, ""skip_connection"": false, ""unit_c1"": 1, ""unit_c2"": 2}"
30,15,accuracy,0.9249999970197678,0.07500000298023224,0.02615936,3923904.0,252436.0,-0.34465219408616254,7931.153,"{""activation"": ""elu"", ""batch_size"": 8, ""data_augmentation"": true, ""dr_f"": 0.175131210402, ""learning_rate"": 0.000277060032, ""new_fc_1"": 17, ""new_fc_10"": 8, ""new_fc_2"": 2, ""new_fc_3"": 28, ""new_fc_4"": 2, ""new_fc_5"": 4, ""new_fc_6"": 21, ""new_fc_7"": 18, ""new_fc_8"": 22, ""new_fc_9"": 19, ""num_neurons"": 8, ""optimizer"": ""Adagrad"", ""reg_l2"": false, ""skip_connection"": false, ""unit_c1"": 1, ""unit_c2"": 2}"
31,15,flops,,,4.161231306666667,624184696.0,9597508.0,,7932.1539,"{""activation"": ""elu"", ""batch_size"": 8, ""data_augmentation"": false, ""dr_f"": 0.261850962019, ""learning_rate"": 0.000122010241, ""new_fc_1"": 17, ""new_fc_10"": 8, ""new_fc_2"": 23, ""new_fc_3"": 17, ""new_fc_4"": 26, ""new_fc_5"": 1, ""new_fc_6"": 15, ""new_fc_7"": 19, ""new_fc_8"": 24, ""new_fc_9"": 3, ""num_neurons"": 32, ""optimizer"": ""Adagrad"", ""reg_l2"": false, ""skip_connection"": true, ""unit_c1"": 4, ""unit_c2"": 6}"
32,15,flops,,,0.02053864,3080796.0,125544.0,,7932.9229,"{""activation"": ""relu"", ""batch_size"": 8, ""data_augmentation"": false, ""dr_f"": 0.413885546127, ""learning_rate"": 0.000491756782, ""new_fc_1"": 12, ""new_fc_10"": 8, ""new_fc_2"": 29, ""new_fc_3"": 16, ""new_fc_4"": 26, ""new_fc_5"": 22, ""new_fc_6"": 29, ""new_fc_7"": 8, ""new_fc_8"": 17, ""new_fc_9"": 26, ""num_neurons"": 4, ""optimizer"": ""Adadelta"", ""reg_l2"": true, ""skip_connection"": true, ""unit_c1"": 1, ""unit_c2"": 5}"
33,15,flops,,,0.012467653333333334,1870148.0,179264.0,,7933.7785,"{""activation"": ""swish"", ""batch_size"": 64, ""data_augmentation"": true, ""dr_f"": 0.181615520153, ""learning_rate"": 0.000786155316, ""new_fc_1"": 31, ""new_fc_10"": 23, ""new_fc_2"": 19, ""new_fc_3"": 23, ""new_fc_4"": 29, ""new_fc_5"": 12, ""new_fc_6"": 11, ""new_fc_7"": 15, ""new_fc_8"": 30, ""new_fc_9"": 32, ""num_neurons"": 4, ""optimizer"": ""Adagrad"", ""reg_l2"": true, ""skip_connection"": true, ""unit_c1"": 1, ""unit_c2"": 3}"
34,15,flops,,,0.7635549333333334,114533240.0,2892596.0,,7934.5557,"{""activation"": ""selu"", ""batch_size"": 16, ""data_augmentation"": false, ""dr_f"": 0.343903372242, ""learning_rate"": 0.000950675772, ""new_fc_1"": 22, ""new_fc_10"": 18, ""new_fc_2"": 22, ""new_fc_3"": 10, ""new_fc_4"": 25, ""new_fc_5"": 11, ""new_fc_6"": 15, ""new_fc_7"": 7, ""new_fc_8"": 16, ""new_fc_9"": 16, ""num_neurons"": 16, ""optimizer"": ""Adagrad"", ""reg_l2"": true, ""skip_connection"": false, ""unit_c1"": 3, ""unit_c2"": 6}"
35,15,flops,,,0.04792154666666667,7188232.0,327572.0,,7935.3241,"{""activation"": ""selu"", ""batch_size"": 8, ""data_augmentation"": true, ""dr_f"": 0.284786559993, ""learning_rate"": 0.000115017923, ""new_fc_1"": 2, ""new_fc_10"": 21, ""new_fc_2"": 20, ""new_fc_3"": 28, ""new_fc_4"": 32, ""new_fc_5"": 31, ""new_fc_6"": 32, ""new_fc_7"": 20, ""new_fc_8"": 10, ""new_fc_9"": 10, ""num_neurons"": 8, ""optimizer"": ""Adam"", ""reg_l2"": true, ""skip_connection"": false, ""unit_c1"": 2, ""unit_c2"": 1}"
36,16,accuracy,0.9428999982774258,0.057100001722574234,0.04792154666666667,7188232.0,327572.0,-0.3255935372058019,9220.1966,"{""activation"": ""selu"", ""batch_size"": 8, ""data_augmentation"": true, ""dr_f"": 0.284786559993, ""learning_rate"": 0.000115017923, ""new_fc_1"": 2, ""new_fc_10"": 21, ""new_fc_2"": 20, ""new_fc_3"": 28, ""new_fc_4"": 32, ""new_fc_5"": 31, ""new_fc_6"": 32, ""new_fc_7"": 20, ""new_fc_8"": 10, ""new_fc_9"": 10, ""num_neurons"": 8, ""optimizer"": ""Adam"", ""reg_l2"": true, ""skip_connection"": false, ""unit_c1"": 2, ""unit_c2"": 1}"
37,16,flops,,,0.10538853333333334,15808280.0,1544500.0,,9220.9692,"{""activation"": ""relu"", ""batch_size"": 8, ""data_augmentation"": false, ""dr_f"": 0.36447920571, ""learning_rate"": 0.000241447767, ""new_fc_1"": 0, ""new_fc_10"": 28, ""new_fc_2"": 22, ""new_fc_3"": 7, ""new_fc_4"": 4, ""new_fc_5"": 17, ""new_fc_6"": 20, ""new_fc_7"": 25, ""new_fc_8"": 18, ""new_fc_9"": 31, ""num_neurons"": 16, ""optimizer"": ""Adadelta"", ""reg_l2"": false, ""skip_connection"": false, ""unit_c1"": 1, ""unit_c2"": 2}"
38,16,flops,,,0.04362330666666667,6543496.0,269544.0,,9221.8069,"{""activation"": ""swish"", ""batch_size"": 16, ""data_augmentation"": true, ""dr_f"": 0.306820341879, ""learning_rate"": 0.000355360207, ""new_fc_1"": 28, ""new_fc_10"": 22, ""new_fc_2"": 12, ""new_fc_3"": 14, ""new_fc_4"": 13, ""new_fc_5"": 5, ""new_fc_6"": 24, ""new_fc_7"": 9, ""new_fc_8"": 0, ""new_fc_9"": 5, ""num_neurons"": 4, ""optimizer"": ""SGD"", ""reg_l2"": false, ""skip_connection"": true, ""unit_c1"": 1, ""unit_c2"": 8}"
39,16,flops,,,0.10209381333333334,15314072.0,647660.0,,9222.5289,"{""activation"": ""relu"", ""batch_size"": 64, ""data_augmentation"": false, ""dr_f"": 0.092724979109, ""learning_rate"": 0.000233508116, ""new_fc_1"": 19, ""new_fc_10"": 4, ""new_fc_2"": 23, ""new_fc_3"": 18, ""new_fc_4"": 23, ""new_fc_5"": 30, ""new_fc_6"": 1, ""new_fc_7"": 0, ""new_fc_8"": 16, ""new_fc_9"": 18, ""num_neurons"": 8, ""optimizer"": ""Adagrad"", ""reg_l2"": false, ""skip_connection"": false, ""unit_c1"": 1, ""unit_c2"": 6}"
40,16,flops,,,0.15180549333333335,22770824.0,1494212.0,,9223.3203,"{""activation"": ""elu"", ""batch_size"": 16, ""data_augmentation"": true, ""dr_f"": 0.075498085281, ""learning_rate"": 0.000565944401, ""new_fc_1"": 22, ""new_fc_10"": 28, ""new_fc_2"": 1, ""new_fc_3"": 19, ""new_fc_4"": 12, ""new_fc_5"": 1, ""new_fc_6"": 1, ""new_fc_7"": 14, ""new_fc_8"": 9, ""new_fc_9"": 24, ""num_neurons"": 16, ""optimizer"": ""Adam"", ""reg_l2"": false, ""skip_connection"": false, ""unit_c1"": 1, ""unit_c2"": 3}"
41,16,flops,,,0.04596216,6894324.0,203772.0,,9224.0964,"{""activation"": ""selu"", ""batch_size"": 8, ""data_augmentation"": true, ""dr_f"": 0.113912026306, ""learning_rate"": 0.000343589878, ""new_fc_1"": 20, ""new_fc_10"": 24, ""new_fc_2"": 27, ""new_fc_3"": 23, ""new_fc_4"": 1, ""new_fc_5"": 27, ""new_fc_6"": 12, ""new_fc_7"": 7, ""new_fc_8"": 4, ""new_fc_9"": 30, ""num_neurons"": 4, ""optimizer"": ""SGD"", ""reg_l2"": true, ""skip_connection"": true, ""unit_c1"": 2, ""unit_c2"": 7}"
42,17,accuracy,0.9878000002354383,0.012199999764561653,0.05675104,8512656.0,484548.0,-0.29151468783519313,9608.4865,"{""activation"": ""relu"", ""batch_size"": 16, ""data_augmentation"": true, ""dr_f"": 0.34388458431, ""learning_rate"": 0.000218547103, ""new_fc_1"": 17, ""new_fc_10"": 26, ""new_fc_2"": 8, ""new_fc_3"": 28, ""new_fc_4"": 16, ""new_fc_5"": 4, ""new_fc_6"": 26, ""new_fc_7"": 14, ""new_fc_8"": 24, ""new_fc_9"": 20, ""num_neurons"": 8, ""optimizer"": ""Adadelta"", ""reg_l2"": true, ""skip_connection"": false, ""unit_c1"": 1, ""unit_c2"": 4}"
43,17,flops,,,0.0291568,4373520.0,71484.0,,9609.2206,"{""activation"": ""elu"", ""batch_size"": 16, ""data_augmentation"": true, ""dr_f"": 0.338032837821, ""learning_rate"": 0.000310364093, ""new_fc_1"": 8, ""new_fc_10"": 6, ""new_fc_2"": 24, ""new_fc_3"": 1, ""new_fc_4"": 23, ""new_fc_5"": 1, ""new_fc_6"": 2, ""new_fc_7"": 8, ""new_fc_8"": 29, ""new_fc_9"": 24, ""num_neurons"": 4, ""optimizer"": ""Adam"", ""reg_l2"": true, ""skip_connection"": false, ""unit_c1"": 2, ""unit_c2"": 5}"
44,17,flops,,,0.6366105066666666,95491576.0,1107076.0,,9609.9188,"{""activation"": ""selu"", ""batch_size"": 8, ""data_augmentation"": false, ""dr_f"": 0.196781991211, ""learning_rate"": 0.000138925214, ""new_fc_1"": 2, ""new_fc_10"": 6, ""new_fc_2"": 29, ""new_fc_3"": 18, ""new_fc_4"": 0, ""new_fc_5"": 1, ""new_fc_6"": 21, ""new_fc_7"": 2, ""new_fc_8"": 1, ""new_fc_9"": 29, ""num_neurons"": 32, ""optimizer"": ""Adadelta"", ""reg_l2"": false, ""skip_connection"": false, ""unit_c1"": 2, ""unit_c2"": 1}"
45,17,flops,,,0.22457813333333335,33686720.0,537652.0,,9610.5962,"{""activation"": ""selu"", ""batch_size"": 64, ""data_augmentation"": false, ""dr_f"": 0.04198685206, ""learning_rate"": 0.000822784675, ""new_fc_1"": 14, ""new_fc_10"": 22, ""new_fc_2"": 24, ""new_fc_3"": 9, ""new_fc_4"": 5, ""new_fc_5"": 0, ""new_fc_6"": 5, ""new_fc_7"": 6, ""new_fc_8"": 13, ""new_fc_9"": 11, ""num_neurons"": 8, ""optimizer"": ""SGD"", ""reg_l2"": true, ""skip_connection"": false, ""unit_c1"": 3, ""unit_c2"": 7}"
46,17,flops,,,0.1847744,27716160.0,403996.0,,9611.3033,"{""activation"": ""relu"", ""batch_size"": 32, ""data_augmentation"": false, ""dr_f"": 0.034656663088, ""learning_rate"": 0.000450748216, ""new_fc_1"": 18, ""new_fc_10"": 30, ""new_fc_2"": 31, ""new_fc_3"": 17, ""new_fc_4"": 15, ""new_fc_5"": 22, ""new_fc_6"": 4, ""new_fc_7"": 28, ""new_fc_8"": 6, ""new_fc_9"": 2, ""num_neurons"": 8, ""optimizer"": ""Adam"", ""reg_l2"": true, ""skip_connection"": false, ""unit_c1"": 4, ""unit_c2"": 3}"
47,17,flops,,,0.048281866666666666,7242280.0,254268.0,,9612.0061,"{""activation"": ""relu"", ""batch_size"": 16, ""data_augmentation"": false, ""dr_f"": 0.193726590436, ""learning_rate"": 0.000903575957, ""new_fc_1"": 27, ""new_fc_10"": 31, ""new_fc_2"": 3, ""new_fc_3"": 15, ""new_fc_4"": 2, ""new_fc_5"": 18, ""new_fc_6"": 18, ""new_fc_7"": 8, ""new_fc_8"": 23, ""new_fc_9"": 17, ""num_neurons"": 8, ""optimizer"": ""Adadelta"", ""reg_l2"": true, ""skip_connection"": true, ""unit_c1"": 2, ""unit_c2"": 1}"
48,18,accuracy,10000000000.0,,4.514624586666667,677193688.0,16587940.0,10000000000.0,9613.3446,"{""activation"": ""swish"", ""batch_size"": 8, ""data_augmentation"": false, ""dr_f"": 0.424085958969, ""learning_rate"": 0.000483482328, ""new_fc_1"": 7, ""new_fc_10"": 18, ""new_fc_2"": 0, ""new_fc_3"": 21, ""new_fc_4"": 16, ""new_fc_5"": 6, ""new_fc_6"": 24, ""new_fc_7"": 3, ""new_fc_8"": 5, ""new_fc_9"": 30, ""num_neurons"": 64, ""optimizer"": ""Adamax"", ""reg_l2"": true, ""skip_connection"": false, ""unit_c1"": 1, ""unit_c2"": 5}"
49,18,flops,,,0.20207338666666666,30311008.0,490636.0,,9614.1774,"{""activation"": ""swish"", ""batch_size"": 8, ""data_augmentation"": true, ""dr_f"": 0.317069906027, ""learning_rate"": 0.000618847549, ""new_fc_1"": 6, ""new_fc_10"": 28, ""new_fc_2"": 32, ""new_fc_3"": 20, ""new_fc_4"": 29, ""new_fc_5"": 5, ""new_fc_6"": 25, ""new_fc_7"": 5, ""new_fc_8"": 23, ""new_fc_9"": 30, ""num_neurons"": 8, ""optimizer"": ""Adam"", ""reg_l2"": true, ""skip_connection"": false, ""unit_c1"": 2, ""unit_c2"": 8}"
50,18,flops,,,0.02113008,3169512.0,169828.0,,9614.9593,"{""activation"": ""elu"", ""batch_size"": 32, ""data_augmentation"": true, ""dr_f"": 0.176495068612, ""learning_rate"": 0.000848862762, ""new_fc_1"": 25, ""new_fc_10"": 29, ""new_fc_2"": 1, ""new_fc_3"": 25, ""new_fc_4"": 5, ""new_fc_5"": 15, ""new_fc_6"": 6, ""new_fc_7"": 14, ""new_fc_8"": 16, ""new_fc_9"": 20, ""num_neurons"": 4, ""optimizer"": ""Adadelta"", ""reg_l2"": true, ""skip_connection"": true, ""unit_c1"": 1, ""unit_c2"": 5}"
51,18,flops,,,0.09386106666666667,14079160.0,474932.0,,9615.643,"{""activation"": ""relu"", ""batch_size"": 16, ""data_augmentation"": false, ""dr_f"": 0.302569547353, ""learning_rate"": 0.000733361228, ""new_fc_1"": 20, ""new_fc_10"": 4, ""new_fc_2"": 23, ""new_fc_3"": 14, ""new_fc_4"": 14, ""new_fc_5"": 30, ""new_fc_6"": 8, ""new_fc_7"": 0, ""new_fc_8"": 27, ""new_fc_9"": 0, ""num_neurons"": 8, ""optimizer"": ""Adagrad"", ""reg_l2"": true, ""skip_connection"": true, ""unit_c1"": 2, ""unit_c2"": 4}"
52,18,flops,,,0.2769049066666667,41535736.0,950068.0,,9616.422,"{""activation"": ""swish"", ""batch_size"": 32, ""data_augmentation"": false, ""dr_f"": 0.493438029434, ""learning_rate"": 0.000395098233, ""new_fc_1"": 32, ""new_fc_10"": 24, ""new_fc_2"": 11, ""new_fc_3"": 28, ""new_fc_4"": 5, ""new_fc_5"": 3, ""new_fc_6"": 3, ""new_fc_7"": 5, ""new_fc_8"": 12, ""new_fc_9"": 17, ""num_neurons"": 8, ""optimizer"": ""SGD"", ""reg_l2"": false, ""skip_connection"": true, ""unit_c1"": 4, ""unit_c2"": 6}"
53,18,flops,,,1.34790288,202185432.0,2681636.0,,9617.175,"{""activation"": ""relu"", ""batch_size"": 32, ""data_augmentation"": false, ""dr_f"": 0.230914836306, ""learning_rate"": 0.000545175043, ""new_fc_1"": 14, ""new_fc_10"": 14, ""new_fc_2"": 20, ""new_fc_3"": 12, ""new_fc_4"": 23, ""new_fc_5"": 12, ""new_fc_6"": 3, ""new_fc_7"": 8, ""new_fc_8"": 16, ""new_fc_9"": 30, ""num_neurons"": 16, ""optimizer"": ""Adam"", ""reg_l2"": true, ""skip_connection"": true, ""unit_c1"": 4, ""unit_c2"": 8}"
54,19,accuracy,0.7812999933958054,0.21870000660419464,0.22457813333333335,33686720.0,537652.0,-0.38571656462293624,9941.696,"{""activation"": ""selu"", ""batch_size"": 64, ""data_augmentation"": false, ""dr_f"": 0.04198685206, ""learning_rate"": 0.000822784675, ""new_fc_1"": 14, ""new_fc_10"": 22, ""new_fc_2"": 24, ""new_fc_3"": 9, ""new_fc_4"": 5, ""new_fc_5"": 0, ""new_fc_6"": 5, ""new_fc_7"": 6, ""new_fc_8"": 13, ""new_fc_9"": 11, ""num_neurons"": 8, ""optimizer"": ""SGD"", ""reg_l2"": true, ""skip_connection"": false, ""unit_c1"": 3, ""unit_c2"": 7}"
55,19,flops,,,0.10481776,15722664.0,383884.0,,9942.3768,"{""activation"": ""relu"", ""batch_size"": 32, ""data_augmentation"": false, ""dr_f"": 0.078951732094, ""learning_rate"": 0.000258984311, ""new_fc_1"": 29, ""new_fc_10"": 0, ""new_fc_2"": 7, ""new_fc_3"": 26, ""new_fc_4"": 17, ""new_fc_5"": 17, ""new_fc_6"": 28, ""new_fc_7"": 4, ""new_fc_8"": 4, ""new_fc_9"": 22, ""num_neurons"": 8, ""optimizer"": ""SGD"", ""reg_l2"": true, ""skip_connection"": false, ""unit_c1"": 3, ""unit_c2"": 2}"
56,19,flops,,,0.026353093333333334,3952964.0,90200.0,,9943.0817,"{""activation"": ""selu"", ""batch_size"": 32, ""data_augmentation"": false, ""dr_f"": 0.418096578892, ""learning_rate"": 0.000951064153, ""new_fc_1"": 31, ""new_fc_10"": 26, ""new_fc_2"": 0, ""new_fc_3"": 24, ""new_fc_4"": 7, ""new_fc_5"": 16, ""new_fc_6"": 15, ""new_fc_7"": 27, ""new_fc_8"": 14, ""new_fc_9"": 19, ""num_neurons"": 4, ""optimizer"": ""Adagrad"", ""reg_l2"": true, ""skip_connection"": true, ""unit_c1"": 3, ""unit_c2"": 1}"
57,19,flops,,,0.04033968,6050952.0,343844.0,,9943.8075,"{""activation"": ""selu"", ""batch_size"": 16, ""data_augmentation"": false, ""dr_f"": 0.246790669871, ""learning_rate"": 0.000765963222, ""new_fc_1"": 16, ""new_fc_10"": 2, ""new_fc_2"": 10, ""new_fc_3"": 15, ""new_fc_4"": 25, ""new_fc_5"": 13, ""new_fc_6"": 17, ""new_fc_7"": 13, ""new_fc_8"": 30, ""new_fc_9"": 9, ""num_neurons"": 8, ""optimizer"": ""Adam"", ""reg_l2"": true, ""skip_connection"": true, ""unit_c1"": 1, ""unit_c2"": 3}"
58,19,flops,,,0.005216053333333333,782408.0,35408.0,,9944.5193,"{""activation"": ""relu"", ""batch_size"": 16, ""data_augmentation"": true, ""dr_f"": 0.307545997031, ""learning_rate"": 0.000227018461, ""new_fc_1"": 0, ""new_fc_10"": 5, ""new_fc_2"": 15, ""new_fc_3"": 10, ""new_fc_4"": 0, ""new_fc_5"": 12, ""new_fc_6"": 21, ""new_fc_7"": 22, ""new_fc_8"": 2, ""new_fc_9"": 5, ""num_neurons"": 4, ""optimizer"": ""Adam"", ""reg_l2"": true, ""skip_connection"": true, ""unit_c1"": 1, ""unit_c2"": 1}"
59,19,flops,,,0.09746704,14620056.0,745492.0,,9945.3075,"{""activation"": ""elu"", ""batch_size"": 8, ""data_augmentation"": true, ""dr_f"": 0.23691159318, ""learning_rate"": 0.000159157771, ""new_fc_1"": 19, ""new_fc_10"": 8, ""new_fc_2"": 1, ""new_fc_3"": 4, ""new_fc_4"": 7, ""new_fc_5"": 4, ""new_fc_6"": 26, ""new_fc_7"": 3, ""new_fc_8"": 7, ""new_fc_9"": 5, ""num_neurons"": 16, ""optimizer"": ""Adam"", ""reg_l2"": true, ""skip_connection"": true, ""unit_c1"": 1, ""unit_c2"": 2}"
60,20,accuracy,0.8516999930143356,0.14830000698566437,0.7635549333333334,114533240.0,2892596.0,-0.17474352488996503,11169.7567,"{""activation"": ""selu"", ""batch_size"": 16, ""data_augmentation"": false, ""dr_f"": 0.343903372242, ""learning_rate"": 0.000950675772, ""new_fc_1"": 22, ""new_fc_10"": 18, ""new_fc_2"": 22, ""new_fc_3"": 10, ""new_fc_4"": 25, ""new_fc_5"": 11, ""new_fc_6"": 15, ""new_fc_7"": 7, ""new_fc_8"": 16, ""new_fc_9"": 16, ""num_neurons"": 16, ""optimizer"": ""Adagrad"", ""reg_l2"": true, ""skip_connection"": false, ""unit_c1"": 3, ""unit_c2"": 6}"
61,20,flops,,,0.005326773333333333,799016.0,60736.0,,11170.4309,"{""activation"": ""relu"", ""batch_size"": 8, ""data_augmentation"": false, ""dr_f"": 0.484420969293, ""learning_rate"": 0.000571701844, ""new_fc_1"": 7, ""new_fc_10"": 22, ""new_fc_2"": 5, ""new_fc_3"": 25, ""new_fc_4"": 20, ""new_fc_5"": 23, ""new_fc_6"": 29, ""new_fc_7"": 25, ""new_fc_8"": 4, ""new_fc_9"": 4, ""num_neurons"": 4, ""optimizer"": ""Adadelta"", ""reg_l2"": true, ""skip_connection"": false, ""unit_c1"": 1, ""unit_c2"": 1}"
62,20,flops,,,0.27320896,40981344.0,763964.0,,11171.1795,"{""activation"": ""selu"", ""batch_size"": 32, ""data_augmentation"": true, ""dr_f"": 0.344766078399, ""learning_rate"": 0.000989832426, ""new_fc_1"": 27, ""new_fc_10"": 1, ""new_fc_2"": 15, ""new_fc_3"": 5, ""new_fc_4"": 4, ""new_fc_5"": 0, ""new_fc_6"": 12, ""new_fc_7"": 17, ""new_fc_8"": 1, ""new_fc_9"": 23, ""num_neurons"": 8, ""optimizer"": ""SGD"", ""reg_l2"": true, ""skip_connection"": true, ""unit_c1"": 4, ""unit_c2"": 6}"
63,20,flops,,,5.232472906666667,784870936.0,5873316.0,,11172.418,"{""activation"": ""relu"", ""batch_size"": 32, ""data_augmentation"": false, ""dr_f"": 0.295503305646, ""learning_rate"": 0.000725443384, ""new_fc_1"": 4, ""new_fc_10"": 31, ""new_fc_2"": 4, ""new_fc_3"": 7, ""new_fc_4"": 0, ""new_fc_5"": 28, ""new_fc_6"": 7, ""new_fc_7"": 10, ""new_fc_8"": 23, ""new_fc_9"": 5, ""num_neurons"": 64, ""optimizer"": ""Adamax"", ""reg_l2"": true, ""skip_connection"": true, ""unit_c1"": 3, ""unit_c2"": 1}"
64,20,flops,,,0.09103312,13654968.0,467156.0,,11173.0705,"{""activation"": ""selu"", ""batch_size"": 32, ""data_augmentation"": false, ""dr_f"": 0.144582503146, ""learning_rate"": 0.000620946384, ""new_fc_1"": 13, ""new_fc_10"": 32, ""new_fc_2"": 25, ""new_fc_3"": 30, ""new_fc_4"": 0, ""new_fc_5"": 19, ""new_fc_6"": 7, ""new_fc_7"": 19, ""new_fc_8"": 0, ""new_fc_9"": 27, ""num_neurons"": 8, ""optimizer"": ""Adam"", ""reg_l2"": true, ""skip_connection"": false, ""unit_c1"": 2, ""unit_c2"": 4}"
65,20,flops,,,3.1278070933333333,469171064.0,4757508.0,,11174.3032,"{""activation"": ""elu"", ""batch_size"": 8, ""data_augmentation"": true, ""dr_f"": 0.385042535534, ""learning_rate"": 0.000282274324, ""new_fc_1"": 4, ""new_fc_10"": 26, ""new_fc_2"": 27, ""new_fc_3"": 9, ""new_fc_4"": 3, ""new_fc_5"": 32, ""new_fc_6"": 29, ""new_fc_7"": 19, ""new_fc_8"": 14, ""new_fc_9"": 22, ""num_neurons"": 32, ""optimizer"": ""Adagrad"", ""reg_l2"": true, ""skip_connection"": false, ""unit_c1"": 4, ""unit_c2"": 4}"
66,21,accuracy,0.9900000002235174,0.009999999776482582,0.02053864,3080796.0,125544.0,-0.3008384078435378,11919.1924,"{""activation"": ""relu"", ""batch_size"": 8, ""data_augmentation"": false, ""dr_f"": 0.413885546127, ""learning_rate"": 0.000491756782, ""new_fc_1"": 12, ""new_fc_10"": 8, ""new_fc_2"": 29, ""new_fc_3"": 16, ""new_fc_4"": 26, ""new_fc_5"": 22, ""new_fc_6"": 29, ""new_fc_7"": 8, ""new_fc_8"": 17, ""new_fc_9"": 26, ""num_neurons"": 4, ""optimizer"": ""Adadelta"", ""reg_l2"": true, ""skip_connection"": true, ""unit_c1"": 1, ""unit_c2"": 5}"
67,21,flops,,,0.09525050666666666,14287576.0,783476.0,,11919.9292,"{""activation"": ""selu"", ""batch_size"": 16, ""data_augmentation"": true, ""dr_f"": 0.324449633968, ""learning_rate"": 0.000533968566, ""new_fc_1"": 18, ""new_fc_10"": 22, ""new_fc_2"": 16, ""new_fc_3"": 7, ""new_fc_4"": 4, ""new_fc_5"": 10, ""new_fc_6"": 1, ""new_fc_7"": 2, ""new_fc_8"": 6, ""new_fc_9"": 2, ""num_neurons"": 16, ""optimizer"": ""Adadelta"", ""reg_l2"": true, ""skip_connection"": false, ""unit_c1"": 1, ""unit_c2"": 2}"
68,21,flops,,,0.050977546666666665,7646632.0,118272.0,,11920.6725,"{""activation"": ""swish"", ""batch_size"": 16, ""data_augmentation"": false, ""dr_f"": 0.068814518025, ""learning_rate"": 0.000501216051, ""new_fc_1"": 12, ""new_fc_10"": 23, ""new_fc_2"": 4, ""new_fc_3"": 10, ""new_fc_4"": 32, ""new_fc_5"": 23, ""new_fc_6"": 12, ""new_fc_7"": 6, ""new_fc_8"": 9, ""new_fc_9"": 1, ""num_neurons"": 4, ""optimizer"": ""SGD"", ""reg_l2"": false, ""skip_connection"": false, ""unit_c1"": 3, ""unit_c2"": 6}"
69,21,flops,,,0.014976213333333334,2246432.0,118928.0,,11921.3427,"{""activation"": ""elu"", ""batch_size"": 8, ""data_augmentation"": false, ""dr_f"": 0.20122792195, ""learning_rate"": 0.000869570776, ""new_fc_1"": 16, ""new_fc_10"": 18, ""new_fc_2"": 13, ""new_fc_3"": 7, ""new_fc_4"": 25, ""new_fc_5"": 25, ""new_fc_6"": 4, ""new_fc_7"": 32, ""new_fc_8"": 19, ""new_fc_9"": 19, ""num_neurons"": 4, ""optimizer"": ""Adam"", ""reg_l2"": false, ""skip_connection"": false, ""unit_c1"": 1, ""unit_c2"": 4}"
70,21,flops,,,0.12100181333333333,18150272.0,255652.0,,11922.4537,"{""activation"": ""swish"", ""batch_size"": 8, ""data_augmentation"": false, ""dr_f"": 0.130860538696, ""learning_rate"": 0.000944739228, ""new_fc_1"": 6, ""new_fc_10"": 32, ""new_fc_2"": 25, ""new_fc_3"": 12, ""new_fc_4"": 0, ""new_fc_5"": 1, ""new_fc_6"": 16, ""new_fc_7"": 22, ""new_fc_8"": 19, ""new_fc_9"": 18, ""num_neurons"": 8, ""optimizer"": ""Adagrad"", ""reg_l2"": false, ""skip_connection"": true, ""unit_c1"": 3, ""unit_c2"": 3}"
71,21,flops,,,0.05914224,8871336.0,389284.0,,11923.6791,"{""activation"": ""swish"", ""batch_size"": 64, ""data_augmentation"": true, ""dr_f"": 0.499167587193, ""learning_rate"": 0.000753278994, ""new_fc_1"": 30, ""new_fc_10"": 25, ""new_fc_2"": 13, ""new_fc_3"": 4, ""new_fc_4"": 8, ""new_fc_5"": 4, ""new_fc_6"": 7, ""new_fc_7"": 26, ""new_fc_8"": 23, ""new_fc_9"": 10, ""num_neurons"": 8, ""optimizer"": ""Adadelta"", ""reg_l2"": true, ""skip_connection"": false, ""unit_c1"": 2, ""unit_c2"": 2}"
72,22,accuracy,0.9834000002592802,0.016599999740719795,0.00806576,1209864.0,117832.0,-0.30920027181850385,12607.7716,"{""activation"": ""relu"", ""batch_size"": 8, ""data_augmentation"": false, ""dr_f"": 0.089947111947, ""learning_rate"": 0.000478438482, ""new_fc_1"": 25, ""new_fc_10"": 31, ""new_fc_2"": 32, ""new_fc_3"": 18, ""new_fc_4"": 22, ""new_fc_5"": 3, ""new_fc_6"": 30, ""new_fc_7"": 27, ""new_fc_8"": 9, ""new_fc_9"": 7, ""num_neurons"": 4, ""optimizer"": ""SGD"", ""reg_l2"": false, ""skip_connection"": false, ""unit_c1"": 1, ""unit_c2"": 2}"
73,22,flops,,,0.04066376,6099564.0,41248.0,,12608.4406,"{""activation"": ""selu"", ""batch_size"": 8, ""data_augmentation"": false, ""dr_f"": 0.068932684653, ""learning_rate"": 0.000741927496, ""new_fc_1"": 10, ""new_fc_10"": 12, ""new_fc_2"": 25, ""new_fc_3"": 14, ""new_fc_4"": 4, ""new_fc_5"": 31, ""new_fc_6"": 6, ""new_fc_7"": 3, ""new_fc_8"": 4, ""new_fc_9"": 24, ""num_neurons"": 4, ""optimizer"": ""Adagrad"", ""reg_l2"": false, ""skip_connection"": false, ""unit_c1"": 4, ""unit_c2"": 1}"
74,22,flops,,,0.02473576,3710364.0,120264.0,,12609.1728,"{""activation"": ""swish"", ""batch_size"": 32, ""data_augmentation"": false, ""dr_f"": 0.325631654269, ""learning_rate"": 0.000978487338, ""new_fc_1"": 22, ""new_fc_10"": 5, ""new_fc_2"": 18, ""new_fc_3"": 10, ""new_fc_4"": 14, ""new_fc_5"": 21, ""new_fc_6"": 4, ""new_fc_7"": 19, ""new_fc_8"": 8, ""new_fc_9"": 10, ""num_neurons"": 4, ""optimizer"": ""Adadelta"", ""reg_l2"": false, ""skip_connection"": false, ""unit_c1"": 2, ""unit_c2"": 4}"
75,22,flops,,,0.14596213333333333,21894320.0,819988.0,,12610.233,"{""activation"": ""relu"", ""batch_size"": 8, ""data_augmentation"": true, ""dr_f"": 0.342660289827, ""learning_rate"": 0.000488191417, ""new_fc_1"": 32, ""new_fc_10"": 15, ""new_fc_2"": 27, ""new_fc_3"": 28, ""new_fc_4"": 31, ""new_fc_5"": 5, ""new_fc_6"": 7, ""new_fc_7"": 21, ""new_fc_8"": 16, ""new_fc_9"": 29, ""num_neurons"": 8, ""optimizer"": ""Adam"", ""reg_l2"": true, ""skip_connection"": false, ""unit_c1"": 3, ""unit_c2"": 4}"
76,22,flops,,,2.7549616533333334,413244248.0,23515492.0,,12612.1233,"{""activation"": ""swish"", ""batch_size"": 64, ""data_augmentation"": true, ""dr_f"": 0.447252241082, ""learning_rate"": 0.000605772661, ""new_fc_1"": 28, ""new_fc_10"": 21, ""new_fc_2"": 27, ""new_fc_3"": 19, ""new_fc_4"": 32, ""new_fc_5"": 3, ""new_fc_6"": 13, ""new_fc_7"": 19, ""new_fc_8"": 18, ""new_fc_9"": 32, ""num_neurons"": 64, ""optimizer"": ""Adam"", ""reg_l2"": true, ""skip_connection"": false, ""unit_c1"": 2, ""unit_c2"": 1}"
77,22,flops,,,0.015414506666666666,2312176.0,151712.0,,12612.8474,"{""activation"": ""relu"", ""batch_size"": 16, ""data_augmentation"": true, ""dr_f"": 0.373120010701, ""learning_rate"": 0.000179453429, ""new_fc_1"": 28, ""new_fc_10"": 19, ""new_fc_2"": 13, ""new_fc_3"": 1, ""new_fc_4"": 6, ""new_fc_5"": 6, ""new_fc_6"": 1, ""new_fc_7"": 14, ""new_fc_8"": 32, ""new_fc_9"": 14, ""num_neurons"": 4, ""optimizer"": ""Adagrad"", ""reg_l2"": false, ""skip_connection"": false, ""unit_c1"": 1, ""unit_c2"": 4}"
78,23,accuracy,10000000000.0,,5.232472906666667,784870936.0,5873316.0,10000000000.0,12613.6788,"{""activation"": ""relu"", ""batch_size"": 32, ""data_augmentation"": false, ""dr_f"": 0.295503305646, ""learning_rate"": 0.000725443384, ""new_fc_1"": 4, ""new_fc_10"": 31, ""new_fc_2"": 4, ""new_fc_3"": 7, ""new_fc_4"": 0, ""new_fc_5"": 28, ""new_fc_6"": 7, ""new_fc_7"": 10, ""new_fc_8"": 23, ""new_fc_9"": 5, ""num_neurons"": 64, ""optimizer"": ""Adamax"", ""reg_l2"": true, ""skip_connection"": true, ""unit_c1"": 3, ""unit_c2"": 1}"
79,24,accuracy,0.8893999978899956,0.11060000211000443,0.04066376,6099564.0,41248.0,-0.36522087347700305,14498.2074,"{""activation"": ""selu"", ""batch_size"": 8, ""data_augmentation"": false, ""dr_f"": 0.068932684653, ""learning_rate"": 0.000741927496, ""new_fc_1"": 10, ""new_fc_10"": 12, ""new_fc_2"": 25, ""new_fc_3"": 14, ""new_fc_4"": 4, ""new_fc_5"": 31, ""new_fc_6"": 6, ""new_fc_7"": 3, ""new_fc_8"": 4, ""new_fc_9"": 24, ""num_neurons"": 4, ""optimizer"": ""Adagrad"", ""reg_l2"": false, ""skip_connection"": false, ""unit_c1"": 4, ""unit_c2"": 1}"
80,25,accuracy,0.9912000000476837,0.008799999952316284,0.09525050666666666,14287576.0,783476.0,-0.2775848479666214,14882.9875,"{""activation"": ""selu"", ""batch_size"": 16, ""data_augmentation"": true, ""dr_f"": 0.324449633968, ""learning_rate"": 0.000533968566, ""new_fc_1"": 18, ""new_fc_10"": 22, ""new_fc_2"": 16, ""new_fc_3"": 7, ""new_fc_4"": 4, ""new_fc_5"": 10, ""new_fc_6"": 1, ""new_fc_7"": 2, ""new_fc_8"": 6, ""new_fc_9"": 2, ""num_neurons"": 16, ""optimizer"": ""Adadelta"", ""reg_l2"": true, ""skip_connection"": false, ""unit_c1"": 1, ""unit_c2"": 2}"
81,25,flops,,,0.7978198933333334,119672984.0,1217540.0,,1.4106,"{""activation"": ""selu"", ""batch_size"": 16, ""data_augmentation"": false, ""dr_f"": 0.263469411163, ""learning_rate"": 0.000858650934, ""new_fc_1"": 6, ""new_fc_10"": 1, ""new_fc_2"": 5, ""new_fc_3"": 2, ""new_fc_4"": 12, ""new_fc_5"": 2, ""new_fc_6"": 25, ""new_fc_7"": 23, ""new_fc_8"": 5, ""new_fc_9"": 11, ""num_neurons"": 16, ""optimizer"": ""Adagrad"", ""reg_l2"": false, ""skip_connection"": true, ""unit_c1"": 2, ""unit_c2"": 8}"
82,25,flops,,,0.20205141333333335,30307712.0,555996.0,,2.6214,"{""activation"": ""selu"", ""batch_size"": 32, ""data_augmentation"": false, ""dr_f"": 0.110753603802, ""learning_rate"": 0.000193818879, ""new_fc_1"": 10, ""new_fc_10"": 26, ""new_fc_2"": 1, ""new_fc_3"": 1, ""new_fc_4"": 28, ""new_fc_5"": 23, ""new_fc_6"": 23, ""new_fc_7"": 15, ""new_fc_8"": 30, ""new_fc_9"": 8, ""num_neurons"": 8, ""optimizer"": ""Adagrad"", ""reg_l2"": false, ""skip_connection"": false, ""unit_c1"": 2, ""unit_c2"": 8}"
83,25,flops,,,0.00726352,1089528.0,57544.0,,3.307,"{""activation"": ""relu"", ""batch_size"": 8, ""data_augmentation"": false, ""dr_f"": 0.054204380511, ""learning_rate"": 0.000253738123, ""new_fc_1"": 13, ""new_fc_10"": 13, ""new_fc_2"": 8, ""new_fc_3"": 30, ""new_fc_4"": 1, ""new_fc_5"": 17, ""new_fc_6"": 4, ""new_fc_7"": 25, ""new_fc_8"": 22, ""new_fc_9"": 11, ""num_neurons"": 4, ""optimizer"": ""Adam"", ""reg_l2"": false, ""skip_connection"": false, ""unit_c1"": 1, ""unit_c2"": 2}"
84,25,flops,,,0.41990384,62985576.0,3476068.0,,4.5122,"{""activation"": ""selu"", ""batch_size"": 64, ""data_augmentation"": true, ""dr_f"": 0.207563266908, ""learning_rate"": 0.000384133419, ""new_fc_1"": 30, ""new_fc_10"": 5, ""new_fc_2"": 13, ""new_fc_3"": 16, ""new_fc_4"": 15, ""new_fc_5"": 27, ""new_fc_6"": 8, ""new_fc_7"": 1, ""new_fc_8"": 3, ""new_fc_9"": 19, ""num_neurons"": 16, ""optimizer"": ""Adadelta"", ""reg_l2"": true, ""skip_connection"": true, ""unit_c1"": 1, ""unit_c2"": 6}"
85,25,flops,,,0.02129712,3194568.0,182420.0,,5.3037,"{""activation"": ""elu"", ""batch_size"": 32, ""data_augmentation"": true, ""dr_f"": 0.250655370441, ""learning_rate"": 0.000907262344, ""new_fc_1"": 23, ""new_fc_10"": 31, ""new_fc_2"": 22, ""new_fc_3"": 2, ""new_fc_4"": 13, ""new_fc_5"": 3, ""new_fc_6"": 31, ""new_fc_7"": 19, ""new_fc_8"": 16, ""new_fc_9"": 28, ""num_neurons"": 4, ""optimizer"": ""Adadelta"", ""reg_l2"": true, ""skip_connection"": true, ""unit_c1"": 1, ""unit_c2"": 5}"
86,26,accuracy,0.9888000003993511,0.01119999960064888,0.005326773333333333,799016.0,60736.0,-0.30624196772045426,690.8358,"{""activation"": ""relu"", ""batch_size"": 8, ""data_augmentation"": false, ""dr_f"": 0.484420969293, ""learning_rate"": 0.000571701844, ""new_fc_1"": 7, ""new_fc_10"": 22, ""new_fc_2"": 5, ""new_fc_3"": 25, ""new_fc_4"": 20, ""new_fc_5"": 23, ""new_fc_6"": 29, ""new_fc_7"": 25, ""new_fc_8"": 4, ""new_fc_9"": 4, ""num_neurons"": 4, ""optimizer"": ""Adadelta"", ""reg_l2"": true, ""skip_connection"": false, ""unit_c1"": 1, ""unit_c2"": 1}"
87,26,flops,,,0.21819258666666666,32728888.0,1157156.0,,691.9473,"{""activation"": ""selu"", ""batch_size"": 8, ""data_augmentation"": false, ""dr_f"": 0.235497796295, ""learning_rate"": 0.000459243491, ""new_fc_1"": 16, ""new_fc_10"": 6, ""new_fc_2"": 4, ""new_fc_3"": 12, ""new_fc_4"": 30, ""new_fc_5"": 9, ""new_fc_6"": 22, ""new_fc_7"": 28, ""new_fc_8"": 15, ""new_fc_9"": 16, ""num_neurons"": 16, ""optimizer"": ""Adagrad"", ""reg_l2"": false, ""skip_connection"": true, ""unit_c1"": 2, ""unit_c2"": 2}"
88,26,flops,,,0.07756426666666667,11634640.0,410988.0,,693.0424,"{""activation"": ""swish"", ""batch_size"": 16, ""data_augmentation"": false, ""dr_f"": 0.317453655167, ""learning_rate"": 0.000225475621, ""new_fc_1"": 12, ""new_fc_10"": 15, ""new_fc_2"": 3, ""new_fc_3"": 15, ""new_fc_4"": 0, ""new_fc_5"": 13, ""new_fc_6"": 26, ""new_fc_7"": 25, ""new_fc_8"": 31, ""new_fc_9"": 1, ""num_neurons"": 8, ""optimizer"": ""Adam"", ""reg_l2"": false, ""skip_connection"": true, ""unit_c1"": 1, ""unit_c2"": 5}"
89,26,flops,,,0.35527941333333335,53291912.0,1390996.0,,694.3949,"{""activation"": ""swish"", ""batch_size"": 32, ""data_augmentation"": false, ""dr_f"": 0.040382289994, ""learning_rate"": 0.000440789682, ""new_fc_1"": 14, ""new_fc_10"": 3, ""new_fc_2"": 9, ""new_fc_3"": 25, ""new_fc_4"": 8, ""new_fc_5"": 16, ""new_fc_6"": 5, ""new_fc_7"": 21, ""new_fc_8"": 15, ""new_fc_9"": 21, ""num_neurons"": 16, ""optimizer"": ""Adagrad"", ""reg_l2"": true, ""skip_connection"": true, ""unit_c1"": 2, ""unit_c2"": 4}"
90,26,flops,,,0.10316981333333333,15475472.0,201828.0,,695.1813,"{""activation"": ""swish"", ""batch_size"": 32, ""data_augmentation"": false, ""dr_f"": 0.066892789334, ""learning_rate"": 0.000458052422, ""new_fc_1"": 10, ""new_fc_10"": 6, ""new_fc_2"": 1, ""new_fc_3"": 5, ""new_fc_4"": 26, ""new_fc_5"": 7, ""new_fc_6"": 5, ""new_fc_7"": 17, ""new_fc_8"": 27, ""new_fc_9"": 21, ""num_neurons"": 8, ""optimizer"": ""Adagrad"", ""reg_l2"": false, ""skip_connection"": false, ""unit_c1"": 3, ""unit_c2"": 2}"
91,26,flops,,,0.47234288,70851432.0,2095396.0,,696.3452,"{""activation"": ""swish"", ""batch_size"": 8, ""data_augmentation"": false, ""dr_f"": 0.058393796857, ""learning_rate"": 0.000390472183, ""new_fc_1"": 30, ""new_fc_10"": 7, ""new_fc_2"": 31, ""new_fc_3"": 3, ""new_fc_4"": 6, ""new_fc_5"": 15, ""new_fc_6"": 0, ""new_fc_7"": 5, ""new_fc_8"": 21, ""new_fc_9"": 29, ""num_neurons"": 16, ""optimizer"": ""SGD"", ""reg_l2"": false, ""skip_connection"": false, ""unit_c1"": 3, ""unit_c2"": 3}"
92,27,accuracy,0.9668000005185604,0.03319999948143959,0.026353093333333334,3952964.0,90200.0,-0.3153340716370077,1260.7422,"{""activation"": ""selu"", ""batch_size"": 32, ""data_augmentation"": false, ""dr_f"": 0.418096578892, ""learning_rate"": 0.000951064153, ""new_fc_1"": 31, ""new_fc_10"": 26, ""new_fc_2"": 0, ""new_fc_3"": 24, ""new_fc_4"": 7, ""new_fc_5"": 16, ""new_fc_6"": 15, ""new_fc_7"": 27, ""new_fc_8"": 14, ""new_fc_9"": 19, ""num_neurons"": 4, ""optimizer"": ""Adagrad"", ""reg_l2"": true, ""skip_connection"": true, ""unit_c1"": 3, ""unit_c2"": 1}"
93,27,flops,,,0.062486,9372900.0,287936.0,,1261.4558,"{""activation"": ""selu"", ""batch_size"": 8, ""data_augmentation"": false, ""dr_f"": 0.249176264523, ""learning_rate"": 0.000151634166, ""new_fc_1"": 30, ""new_fc_10"": 32, ""new_fc_2"": 21, ""new_fc_3"": 21, ""new_fc_4"": 0, ""new_fc_5"": 21, ""new_fc_6"": 7, ""new_fc_7"": 16, ""new_fc_8"": 26, ""new_fc_9"": 13, ""num_neurons"": 4, ""optimizer"": ""Adam"", ""reg_l2"": true, ""skip_connection"": true, ""unit_c1"": 3, ""unit_c2"": 7}"
94,27,flops,,,0.03141352,4712028.0,134948.0,,1262.2803,"{""activation"": ""swish"", ""batch_size"": 16, ""data_augmentation"": true, ""dr_f"": 0.116156146112, ""learning_rate"": 0.000428428351, ""new_fc_1"": 18, ""new_fc_10"": 2, ""new_fc_2"": 18, ""new_fc_3"": 25, ""new_fc_4"": 20, ""new_fc_5"": 21, ""new_fc_6"": 14, ""new_fc_7"": 7, ""new_fc_8"": 8, ""new_fc_9"": 6, ""num_neurons"": 4, ""optimizer"": ""SGD"", ""reg_l2"": true, ""skip_connection"": true, ""unit_c1"": 2, ""unit_c2"": 5}"
95,27,flops,,,0.17164906666666666,25747360.0,556684.0,,1263.0811,"{""activation"": ""swish"", ""batch_size"": 8, ""data_augmentation"": false, ""dr_f"": 0.18547851275, ""learning_rate"": 0.000471544373, ""new_fc_1"": 21, ""new_fc_10"": 14, ""new_fc_2"": 8, ""new_fc_3"": 21, ""new_fc_4"": 11, ""new_fc_5"": 12, ""new_fc_6"": 19, ""new_fc_7"": 4, ""new_fc_8"": 2, ""new_fc_9"": 19, ""num_neurons"": 8, ""optimizer"": ""Adadelta"", ""reg_l2"": true, ""skip_connection"": true, ""unit_c1"": 3, ""unit_c2"": 5}"
96,27,flops,,,0.04582144,6873216.0,258812.0,,1263.8347,"{""activation"": ""swish"", ""batch_size"": 32, ""data_augmentation"": false, ""dr_f"": 0.100064941757, ""learning_rate"": 0.000110785685, ""new_fc_1"": 29, ""new_fc_10"": 11, ""new_fc_2"": 18, ""new_fc_3"": 18, ""new_fc_4"": 7, ""new_fc_5"": 16, ""new_fc_6"": 25, ""new_fc_7"": 9, ""new_fc_8"": 7, ""new_fc_9"": 26, ""num_neurons"": 4, ""optimizer"": ""SGD"", ""reg_l2"": true, ""skip_connection"": false, ""unit_c1"": 2, ""unit_c2"": 7}"
97,27,flops,,,0.07077530666666666,10616296.0,272692.0,,1264.5854,"{""activation"": ""selu"", ""batch_size"": 16, ""data_augmentation"": true, ""dr_f"": 0.064696067999, ""learning_rate"": 0.000510062405, ""new_fc_1"": 10, ""new_fc_10"": 18, ""new_fc_2"": 6, ""new_fc_3"": 19, ""new_fc_4"": 18, ""new_fc_5"": 11, ""new_fc_6"": 20, ""new_fc_7"": 11, ""new_fc_8"": 13, ""new_fc_9"": 20, ""num_neurons"": 8, ""optimizer"": ""Adam"", ""reg_l2"": false, ""skip_connection"": false, ""unit_c1"": 2, ""unit_c2"": 3}"
98,28,accuracy,0.9900000002235174,0.009999999776482582,0.12100181333333333,18150272.0,255652.0,-0.27069945584353783,1949.8102,"{""activation"": ""swish"", ""batch_size"": 8, ""data_augmentation"": false, ""dr_f"": 0.130860538696, ""learning_rate"": 0.000944739228, ""new_fc_1"": 6, ""new_fc_10"": 32, ""new_fc_2"": 25, ""new_fc_3"": 12, ""new_fc_4"": 0, ""new_fc_5"": 1, ""new_fc_6"": 16, ""new_fc_7"": 22, ""new_fc_8"": 19, ""new_fc_9"": 18, ""num_neurons"": 8, ""optimizer"": ""Adagrad"", ""reg_l2"": false, ""skip_connection"": true, ""unit_c1"": 3, ""unit_c2"": 3}"
99,28,flops,,,0.20432688,30649032.0,116340.0,,1950.9374,"{""activation"": ""selu"", ""batch_size"": 32, ""data_augmentation"": true, ""dr_f"": 0.307053436068, ""learning_rate"": 0.000971892476, ""new_fc_1"": 1, ""new_fc_10"": 4, ""new_fc_2"": 6, ""new_fc_3"": 23, ""new_fc_4"": 12, ""new_fc_5"": 27, ""new_fc_6"": 0, ""new_fc_7"": 7, ""new_fc_8"": 5, ""new_fc_9"": 9, ""num_neurons"": 8, ""optimizer"": ""SGD"", ""reg_l2"": true, ""skip_connection"": true, ""unit_c1"": 4, ""unit_c2"": 4}"
100,28,flops,,,0.06585648,9878472.0,935876.0,,1951.6872,"{""activation"": ""selu"", ""batch_size"": 8, ""data_augmentation"": false, ""dr_f"": 0.357507975038, ""learning_rate"": 0.000898229392, ""new_fc_1"": 9, ""new_fc_10"": 20, ""new_fc_2"": 17, ""new_fc_3"": 5, ""new_fc_4"": 32, ""new_fc_5"": 27, ""new_fc_6"": 15, ""new_fc_7"": 26, ""new_fc_8"": 7, ""new_fc_9"": 25, ""num_neurons"": 16, ""optimizer"": ""SGD"", ""reg_l2"": true, ""skip_connection"": false, ""unit_c1"": 1, ""unit_c2"": 1}"
101,28,flops,,,0.16195802666666667,24293704.0,1922324.0,,1952.526,"{""activation"": ""swish"", ""batch_size"": 8, ""data_augmentation"": false, ""dr_f"": 0.345828433881, ""learning_rate"": 0.000349032508, ""new_fc_1"": 26, ""new_fc_10"": 9, ""new_fc_2"": 20, ""new_fc_3"": 1, ""new_fc_4"": 31, ""new_fc_5"": 19, ""new_fc_6"": 15, ""new_fc_7"": 14, ""new_fc_8"": 10, ""new_fc_9"": 28, ""num_neurons"": 16, ""optimizer"": ""Adadelta"", ""reg_l2"": true, ""skip_connection"": true, ""unit_c1"": 1, ""unit_c2"": 3}"
102,28,flops,,,0.04150437333333333,6225656.0,192952.0,,1953.2644,"{""activation"": ""selu"", ""batch_size"": 16, ""data_augmentation"": true, ""dr_f"": 0.43187425232, ""learning_rate"": 0.000137229849, ""new_fc_1"": 16, ""new_fc_10"": 0, ""new_fc_2"": 6, ""new_fc_3"": 14, ""new_fc_4"": 14, ""new_fc_5"": 26, ""new_fc_6"": 11, ""new_fc_7"": 17, ""new_fc_8"": 30, ""new_fc_9"": 26, ""num_neurons"": 4, ""optimizer"": ""SGD"", ""reg_l2"": true, ""skip_connection"": false, ""unit_c1"": 1, ""unit_c2"": 8}"
103,28,flops,,,0.35052336,52578504.0,1322020.0,,1954.053,"{""activation"": ""selu"", ""batch_size"": 64, ""data_augmentation"": true, ""dr_f"": 0.179028741114, ""learning_rate"": 0.000746799639, ""new_fc_1"": 27, ""new_fc_10"": 17, ""new_fc_2"": 23, ""new_fc_3"": 25, ""new_fc_4"": 17, ""new_fc_5"": 6, ""new_fc_6"": 27, ""new_fc_7"": 23, ""new_fc_8"": 13, ""new_fc_9"": 13, ""num_neurons"": 16, ""optimizer"": ""Adam"", ""reg_l2"": true, ""skip_connection"": false, ""unit_c1"": 3, ""unit_c2"": 1}"
104,29,accuracy,0.9900000002235174,0.009999999776482582,0.14596213333333333,21894320.0,819988.0,-0.26321135984353783,2639.0458,"{""activation"": ""relu"", ""batch_size"": 8, ""data_augmentation"": true, ""dr_f"": 0.342660289827, ""learning_rate"": 0.000488191417, ""new_fc_1"": 32, ""new_fc_10"": 15, ""new_fc_2"": 27, ""new_fc_3"": 28, ""new_fc_4"": 31, ""new_fc_5"": 5, ""new_fc_6"": 7, ""new_fc_7"": 21, ""new_fc_8"": 16, ""new_fc_9"": 29, ""num_neurons"": 8, ""optimizer"": ""Adam"", ""reg_l2"": true, ""skip_connection"": false, ""unit_c1"": 3, ""unit_c2"": 4}"
105,29,flops,,,0.036472693333333334,5470904.0,141404.0,,2640.1239,"{""activation"": ""relu"", ""batch_size"": 32, ""data_augmentation"": true, ""dr_f"": 0.14949191897, ""learning_rate"": 0.000197752172, ""new_fc_1"": 13, ""new_fc_10"": 32, ""new_fc_2"": 17, ""new_fc_3"": 12, ""new_fc_4"": 29, ""new_fc_5"": 11, ""new_fc_6"": 16, ""new_fc_7"": 20, ""new_fc_8"": 28, ""new_fc_9"": 6, ""num_neurons"": 4, ""optimizer"": ""Adam"", ""reg_l2"": true, ""skip_connection"": false, ""unit_c1"": 2, ""unit_c2"": 6}"
106,29,flops,,,0.005296293333333334,794444.0,58388.0,,2640.8152,"{""activation"": ""elu"", ""batch_size"": 32, ""data_augmentation"": false, ""dr_f"": 0.252995503299, ""learning_rate"": 0.000906102482, ""new_fc_1"": 0, ""new_fc_10"": 26, ""new_fc_2"": 23, ""new_fc_3"": 4, ""new_fc_4"": 5, ""new_fc_5"": 11, ""new_fc_6"": 14, ""new_fc_7"": 23, ""new_fc_8"": 18, ""new_fc_9"": 9, ""num_neurons"": 4, ""optimizer"": ""Adam"", ""reg_l2"": true, ""skip_connection"": false, ""unit_c1"": 1, ""unit_c2"": 1}"
107,29,flops,,,0.03845829333333333,5768744.0,290284.0,,2641.4781,"{""activation"": ""relu"", ""batch_size"": 32, ""data_augmentation"": false, ""dr_f"": 0.441465979115, ""learning_rate"": 0.000879423874, ""new_fc_1"": 19, ""new_fc_10"": 3, ""new_fc_2"": 8, ""new_fc_3"": 0, ""new_fc_4"": 3, ""new_fc_5"": 11, ""new_fc_6"": 11, ""new_fc_7"": 18, ""new_fc_8"": 0, ""new_fc_9"": 9, ""num_neurons"": 8, ""optimizer"": ""Adadelta"", ""reg_l2"": true, ""skip_connection"": false, ""unit_c1"": 1, ""unit_c2"": 3}"
108,29,flops,,,0.021255733333333332,3188360.0,202016.0,,2642.3833,"{""activation"": ""swish"", ""batch_size"": 8, ""data_augmentation"": true, ""dr_f"": 0.132795626721, ""learning_rate"": 0.000943774819, ""new_fc_1"": 29, ""new_fc_10"": 24, ""new_fc_2"": 3, ""new_fc_3"": 7, ""new_fc_4"": 32, ""new_fc_5"": 6, ""new_fc_6"": 8, ""new_fc_7"": 26, ""new_fc_8"": 21, ""new_fc_9"": 24, ""num_neurons"": 4, ""optimizer"": ""Adam"", ""reg_l2"": false, ""skip_connection"": false, ""unit_c1"": 1, ""unit_c2"": 5}"
109,30,accuracy,0.8489000052213669,0.15109999477863312,0.00726352,1089528.0,57544.0,-0.40359094034504317,4587.4771,"{""activation"": ""relu"", ""batch_size"": 8, ""data_augmentation"": false, ""dr_f"": 0.054204380511, ""learning_rate"": 0.000253738123, ""new_fc_1"": 13, ""new_fc_10"": 13, ""new_fc_2"": 8, ""new_fc_3"": 30, ""new_fc_4"": 1, ""new_fc_5"": 17, ""new_fc_6"": 4, ""new_fc_7"": 25, ""new_fc_8"": 22, ""new_fc_9"": 11, ""num_neurons"": 4, ""optimizer"": ""Adam"", ""reg_l2"": false, ""skip_connection"": false, ""unit_c1"": 1, ""unit_c2"": 2}"
110,30,flops,,,2.67299984,400949976.0,15046436.0,,4589.0661,"{""activation"": ""selu"", ""batch_size"": 16, ""data_augmentation"": true, ""dr_f"": 0.348749700719, ""learning_rate"": 0.000609633252, ""new_fc_1"": 15, ""new_fc_10"": 19, ""new_fc_2"": 23, ""new_fc_3"": 4, ""new_fc_4"": 9, ""new_fc_5"": 11, ""new_fc_6"": 28, ""new_fc_7"": 16, ""new_fc_8"": 18, ""new_fc_9"": 27, ""num_neurons"": 64, ""optimizer"": ""SGD"", ""reg_l2"": false, ""skip_connection"": true, ""unit_c1"": 2, ""unit_c2"": 1}"
111,30,flops,,,0.05669018666666667,8503528.0,247524.0,,4589.8281,"{""activation"": ""relu"", ""batch_size"": 32, ""data_augmentation"": true, ""dr_f"": 0.43161265398, ""learning_rate"": 0.000140533607, ""new_fc_1"": 0, ""new_fc_10"": 32, ""new_fc_2"": 9, ""new_fc_3"": 16, ""new_fc_4"": 6, ""new_fc_5"": 30, ""new_fc_6"": 17, ""new_fc_7"": 14, ""new_fc_8"": 22, ""new_fc_9"": 0, ""num_neurons"": 8, ""optimizer"": ""Adagrad"", ""reg_l2"": false, ""skip_connection"": false, ""unit_c1"": 2, ""unit_c2"": 2}"
112,30,flops,,,0.10819605333333333,16229408.0,920276.0,,4590.6942,"{""activation"": ""swish"", ""batch_size"": 64, ""data_augmentation"": true, ""dr_f"": 0.415400739522, ""learning_rate"": 0.000235986981, ""new_fc_1"": 31, ""new_fc_10"": 0, ""new_fc_2"": 23, ""new_fc_3"": 15, ""new_fc_4"": 4, ""new_fc_5"": 20, ""new_fc_6"": 12, ""new_fc_7"": 18, ""new_fc_8"": 4, ""new_fc_9"": 20, ""num_neurons"": 8, ""optimizer"": ""Adagrad"", ""reg_l2"": true, ""skip_connection"": true, ""unit_c1"": 1, ""unit_c2"": 6}"
113,30,flops,,,0.021712346666666667,3256852.0,167156.0,,4591.5296,"{""activation"": ""swish"", ""batch_size"": 32, ""data_augmentation"": true, ""dr_f"": 0.332975673471, ""learning_rate"": 0.000186005988, ""new_fc_1"": 32, ""new_fc_10"": 3, ""new_fc_2"": 32, ""new_fc_3"": 23, ""new_fc_4"": 24, ""new_fc_5"": 22, ""new_fc_6"": 6, ""new_fc_7"": 30, ""new_fc_8"": 0, ""new_fc_9"": 25, ""num_neurons"": 4, ""optimizer"": ""Adagrad"", ""reg_l2"": true, ""skip_connection"": true, ""unit_c1"": 2, ""unit_c2"": 3}"
114,30,flops,,,0.8469216533333334,127038248.0,4766772.0,,4592.5716,"{""activation"": ""swish"", ""batch_size"": 32, ""data_augmentation"": true, ""dr_f"": 0.150189031453, ""learning_rate"": 0.000761659758, ""new_fc_1"": 28, ""new_fc_10"": 27, ""new_fc_2"": 7, ""new_fc_3"": 28, ""new_fc_4"": 29, ""new_fc_5"": 18, ""new_fc_6"": 3, ""new_fc_7"": 12, ""new_fc_8"": 20, ""new_fc_9"": 27, ""num_neurons"": 16, ""optimizer"": ""Adagrad"", ""reg_l2"": false, ""skip_connection"": true, ""unit_c1"": 2, ""unit_c2"": 8}"
115,31,accuracy,0.903999999165535,0.09600000083446503,0.062486,9372900.0,287936.0,-0.34845420058412546,5697.3167,"{""activation"": ""selu"", ""batch_size"": 8, ""data_augmentation"": false, ""dr_f"": 0.249176264523, ""learning_rate"": 0.000151634166, ""new_fc_1"": 30, ""new_fc_10"": 32, ""new_fc_2"": 21, ""new_fc_3"": 21, ""new_fc_4"": 0, ""new_fc_5"": 21, ""new_fc_6"": 7, ""new_fc_7"": 16, ""new_fc_8"": 26, ""new_fc_9"": 13, ""num_neurons"": 4, ""optimizer"": ""Adam"", ""reg_l2"": true, ""skip_connection"": true, ""unit_c1"": 3, ""unit_c2"": 7}"
116,32,accuracy,0.8604999929666519,0.13950000703334808,0.07756426666666667,11634640.0,410988.0,-0.3743807249233436,6442.5856,"{""activation"": ""swish"", ""batch_size"": 16, ""data_augmentation"": false, ""dr_f"": 0.317453655167, ""learning_rate"": 0.000225475621, ""new_fc_1"": 12, ""new_fc_10"": 15, ""new_fc_2"": 3, ""new_fc_3"": 15, ""new_fc_4"": 0, ""new_fc_5"": 13, ""new_fc_6"": 26, ""new_fc_7"": 25, ""new_fc_8"": 31, ""new_fc_9"": 1, ""num_neurons"": 8, ""optimizer"": ""Adam"", ""reg_l2"": false, ""skip_connection"": true, ""unit_c1"": 1, ""unit_c2"": 5}"
117,32,flops,,,0.46926522666666665,70389784.0,3327988.0,,6443.7805,"{""activation"": ""swish"", ""batch_size"": 16, ""data_augmentation"": false, ""dr_f"": 0.363898202979, ""learning_rate"": 0.000839247626, ""new_fc_1"": 32, ""new_fc_10"": 27, ""new_fc_2"": 15, ""new_fc_3"": 19, ""new_fc_4"": 4, ""new_fc_5"": 27, ""new_fc_6"": 1, ""new_fc_7"": 5, ""new_fc_8"": 11, ""new_fc_9"": 31, ""num_neurons"": 16, ""optimizer"": ""SGD"", ""reg_l2"": false, ""skip_connection"": true, ""unit_c1"": 2, ""unit_c2"": 5}"
118,32,flops,,,0.15998576,23997864.0,2108132.0,,6444.6236,"{""activation"": ""selu"", ""batch_size"": 64, ""data_augmentation"": true, ""dr_f"": 0.122117463552, ""learning_rate"": 0.000901766038, ""new_fc_1"": 26, ""new_fc_10"": 20, ""new_fc_2"": 27, ""new_fc_3"": 31, ""new_fc_4"": 18, ""new_fc_5"": 10, ""new_fc_6"": 6, ""new_fc_7"": 5, ""new_fc_8"": 28, ""new_fc_9"": 10, ""num_neurons"": 16, ""optimizer"": ""SGD"", ""reg_l2"": false, ""skip_connection"": false, ""unit_c1"": 1, ""unit_c2"": 3}"
119,32,flops,,,4.165033973333333,624755096.0,9882724.0,,6445.9785,"{""activation"": ""elu"", ""batch_size"": 8, ""data_augmentation"": true, ""dr_f"": 0.126847742599, ""learning_rate"": 0.000393269793, ""new_fc_1"": 18, ""new_fc_10"": 4, ""new_fc_2"": 18, ""new_fc_3"": 25, ""new_fc_4"": 10, ""new_fc_5"": 8, ""new_fc_6"": 29, ""new_fc_7"": 9, ""new_fc_8"": 10, ""new_fc_9"": 23, ""num_neurons"": 32, ""optimizer"": ""Adadelta"", ""reg_l2"": true, ""skip_connection"": true, ""unit_c1"": 4, ""unit_c2"": 6}"
120,33,accuracy,0.8229999989271164,0.1770000010728836,0.014976213333333334,2246432.0,118928.0,-0.41940713675101854,7611.1304,"{""activation"": ""elu"", ""batch_size"": 8, ""data_augmentation"": false, ""dr_f"": 0.20122792195, ""learning_rate"": 0.000869570776, ""new_fc_1"": 16, ""new_fc_10"": 18, ""new_fc_2"": 13, ""new_fc_3"": 7, ""new_fc_4"": 25, ""new_fc_5"": 25, ""new_fc_6"": 4, ""new_fc_7"": 32, ""new_fc_8"": 19, ""new_fc_9"": 19, ""num_neurons"": 4, ""optimizer"": ""Adam"", ""reg_l2"": false, ""skip_connection"": false, ""unit_c1"": 1, ""unit_c2"": 4}"
121,33,flops,,,1.0361504533333334,155422568.0,993108.0,,7612.2105,"{""activation"": ""selu"", ""batch_size"": 64, ""data_augmentation"": false, ""dr_f"": 0.197967259945, ""learning_rate"": 0.000973758519, ""new_fc_1"": 6, ""new_fc_10"": 30, ""new_fc_2"": 2, ""new_fc_3"": 10, ""new_fc_4"": 17, ""new_fc_5"": 4, ""new_fc_6"": 1, ""new_fc_7"": 10, ""new_fc_8"": 10, ""new_fc_9"": 7, ""num_neurons"": 16, ""optimizer"": ""Adagrad"", ""reg_l2"": true, ""skip_connection"": true, ""unit_c1"": 4, ""unit_c2"": 6}"
122,33,flops,,,0.058556906666666665,8783536.0,585780.0,,7613.0421,"{""activation"": ""swish"", ""batch_size"": 16, ""data_augmentation"": false, ""dr_f"": 0.466463534212, ""learning_rate"": 0.000938545147, ""new_fc_1"": 23, ""new_fc_10"": 13, ""new_fc_2"": 26, ""new_fc_3"": 32, ""new_fc_4"": 7, ""new_fc_5"": 14, ""new_fc_6"": 12, ""new_fc_7"": 27, ""new_fc_8"": 18, ""new_fc_9"": 5, ""num_neurons"": 8, ""optimizer"": ""SGD"", ""reg_l2"": true, ""skip_connection"": false, ""unit_c1"": 1, ""unit_c2"": 4}"
123,33,flops,,,0.057465866666666664,8619880.0,305636.0,,7613.7422,"{""activation"": ""relu"", ""batch_size"": 32, ""data_augmentation"": false, ""dr_f"": 0.475377222854, ""learning_rate"": 0.000403002581, ""new_fc_1"": 29, ""new_fc_10"": 2, ""new_fc_2"": 1, ""new_fc_3"": 12, ""new_fc_4"": 3, ""new_fc_5"": 11, ""new_fc_6"": 15, ""new_fc_7"": 24, ""new_fc_8"": 4, ""new_fc_9"": 29, ""num_neurons"": 8, ""optimizer"": ""SGD"", ""reg_l2"": false, ""skip_connection"": false, ""unit_c1"": 2, ""unit_c2"": 2}"
124,33,flops,,,0.10540122666666667,15810184.0,227452.0,,7614.473,"{""activation"": ""selu"", ""batch_size"": 32, ""data_augmentation"": false, ""dr_f"": 0.267105477284, ""learning_rate"": 0.000181590951, ""new_fc_1"": 6, ""new_fc_10"": 13, ""new_fc_2"": 14, ""new_fc_3"": 4, ""new_fc_4"": 12, ""new_fc_5"": 30, ""new_fc_6"": 11, ""new_fc_7"": 17, ""new_fc_8"": 19, ""new_fc_9"": 32, ""num_neurons"": 8, ""optimizer"": ""Adadelta"", ""reg_l2"": false, ""skip_connection"": true, ""unit_c1"": 3, ""unit_c2"": 2}"
125,33,flops,,,0.32111802666666667,48167704.0,3116580.0,,7615.3586,"{""activation"": ""swish"", ""batch_size"": 16, ""data_augmentation"": false, ""dr_f"": 0.1378057383, ""learning_rate"": 0.000302521252, ""new_fc_1"": 29, ""new_fc_10"": 6, ""new_fc_2"": 15, ""new_fc_3"": 7, ""new_fc_4"": 32, ""new_fc_5"": 10, ""new_fc_6"": 17, ""new_fc_7"": 8, ""new_fc_8"": 26, ""new_fc_9"": 30, ""num_neurons"": 16, ""optimizer"": ""SGD"", ""reg_l2"": true, ""skip_connection"": true, ""unit_c1"": 1, ""unit_c2"": 5}"
126,34,accuracy,0.9784999992698431,0.0215000007301569,0.3037570666666667,45563560.0,1890932.0,-0.2239228805111098,8300.2235,"{""activation"": ""relu"", ""batch_size"": 16, ""data_augmentation"": false, ""dr_f"": 0.103703376882, ""learning_rate"": 0.000389925033, ""new_fc_1"": 15, ""new_fc_10"": 5, ""new_fc_2"": 27, ""new_fc_3"": 32, ""new_fc_4"": 7, ""new_fc_5"": 24, ""new_fc_6"": 2, ""new_fc_7"": 20, ""new_fc_8"": 24, ""new_fc_9"": 1, ""num_neurons"": 16, ""optimizer"": ""SGD"", ""reg_l2"": false, ""skip_connection"": true, ""unit_c1"": 1, ""unit_c2"": 5}"
127,35,accuracy,0.9891999997198582,0.01080000028014183,0.012467653333333334,1870148.0,179264.0,-0.30381970419609927,8445.4451,"{""activation"": ""swish"", ""batch_size"": 64, ""data_augmentation"": true, ""dr_f"": 0.181615520153, ""learning_rate"": 0.000786155316, ""new_fc_1"": 31, ""new_fc_10"": 23, ""new_fc_2"": 19, ""new_fc_3"": 23, ""new_fc_4"": 29, ""new_fc_5"": 12, ""new_fc_6"": 11, ""new_fc_7"": 15, ""new_fc_8"": 30, ""new_fc_9"": 32, ""num_neurons"": 4, ""optimizer"": ""Adagrad"", ""reg_l2"": true, ""skip_connection"": true, ""unit_c1"": 1, ""unit_c2"": 3}"
128,35,flops,,,4.525330933333334,678799640.0,12128804.0,,8446.6472,"{""activation"": ""relu"", ""batch_size"": 8, ""data_augmentation"": false, ""dr_f"": 0.088115762571, ""learning_rate"": 0.000760908697, ""new_fc_1"": 2, ""new_fc_10"": 9, ""new_fc_2"": 25, ""new_fc_3"": 8, ""new_fc_4"": 23, ""new_fc_5"": 9, ""new_fc_6"": 7, ""new_fc_7"": 8, ""new_fc_8"": 27, ""new_fc_9"": 29, ""num_neurons"": 64, ""optimizer"": ""Adagrad"", ""reg_l2"": false, ""skip_connection"": true, ""unit_c1"": 1, ""unit_c2"": 5}"
129,36,accuracy,0.9912999998778105,0.008700000122189522,0.021712346666666667,3256852.0,167156.0,-0.29957629608553266,8651.2466,"{""activation"": ""swish"", ""batch_size"": 32, ""data_augmentation"": true, ""dr_f"": 0.332975673471, ""learning_rate"": 0.000186005988, ""new_fc_1"": 32, ""new_fc_10"": 3, ""new_fc_2"": 32, ""new_fc_3"": 23, ""new_fc_4"": 24, ""new_fc_5"": 22, ""new_fc_6"": 6, ""new_fc_7"": 30, ""new_fc_8"": 0, ""new_fc_9"": 25, ""num_neurons"": 4, ""optimizer"": ""Adagrad"", ""reg_l2"": true, ""skip_connection"": true, ""unit_c1"": 2, ""unit_c2"": 3}"
130,37,accuracy,0.8278000056743622,0.17219999432563782,0.21819258666666666,32728888.0,1157156.0,-0.3550822200279464,10776.382,"{""activation"": ""selu"", ""batch_size"": 8, ""data_augmentation"": false, ""dr_f"": 0.235497796295, ""learning_rate"": 0.000459243491, ""new_fc_1"": 16, ""new_fc_10"": 6, ""new_fc_2"": 4, ""new_fc_3"": 12, ""new_fc_4"": 30, ""new_fc_5"": 9, ""new_fc_6"": 22, ""new_fc_7"": 28, ""new_fc_8"": 15, ""new_fc_9"": 16, ""num_neurons"": 16, ""optimizer"": ""Adagrad"", ""reg_l2"": false, ""skip_connection"": true, ""unit_c1"": 2, ""unit_c2"": 2}"
131,37,flops,,,0.05118189333333333,7677284.0,171004.0,,10777.1536,"{""activation"": ""selu"", ""batch_size"": 8, ""data_augmentation"": true, ""dr_f"": 0.05486035193, ""learning_rate"": 0.000156336939, ""new_fc_1"": 22, ""new_fc_10"": 3, ""new_fc_2"": 17, ""new_fc_3"": 8, ""new_fc_4"": 28, ""new_fc_5"": 2, ""new_fc_6"": 26, ""new_fc_7"": 17, ""new_fc_8"": 10, ""new_fc_9"": 6, ""num_neurons"": 4, ""optimizer"": ""Adam"", ""reg_l2"": true, ""skip_connection"": false, ""unit_c1"": 3, ""unit_c2"": 6}"
132,37,flops,,,0.9056898666666666,135853480.0,4146180.0,,10778.1532,"{""activation"": ""selu"", ""batch_size"": 32, ""data_augmentation"": true, ""dr_f"": 0.123612943829, ""learning_rate"": 0.000359842853, ""new_fc_1"": 31, ""new_fc_10"": 12, ""new_fc_2"": 14, ""new_fc_3"": 23, ""new_fc_4"": 7, ""new_fc_5"": 23, ""new_fc_6"": 3, ""new_fc_7"": 17, ""new_fc_8"": 4, ""new_fc_9"": 15, ""num_neurons"": 16, ""optimizer"": ""Adagrad"", ""reg_l2"": true, ""skip_connection"": false, ""unit_c1"": 3, ""unit_c2"": 7}"
133,38,accuracy,0.9363000020384789,0.06369999796152115,0.05118189333333333,7677284.0,171004.0,-0.32923543057306476,12003.0476,"{""activation"": ""selu"", ""batch_size"": 8, ""data_augmentation"": true, ""dr_f"": 0.05486035193, ""learning_rate"": 0.000156336939, ""new_fc_1"": 22, ""new_fc_10"": 3, ""new_fc_2"": 17, ""new_fc_3"": 8, ""new_fc_4"": 28, ""new_fc_5"": 2, ""new_fc_6"": 26, ""new_fc_7"": 17, ""new_fc_8"": 10, ""new_fc_9"": 6, ""num_neurons"": 4, ""optimizer"": ""Adam"", ""reg_l2"": true, ""skip_connection"": false, ""unit_c1"": 3, ""unit_c2"": 6}"
134,38,flops,,,0.14821584,22232376.0,951588.0,,12003.8054,"{""activation"": ""relu"", ""batch_size"": 16, ""data_augmentation"": false, ""dr_f"": 0.225025642315, ""learning_rate"": 0.000284541936, ""new_fc_1"": 7, ""new_fc_10"": 19, ""new_fc_2"": 19, ""new_fc_3"": 24, ""new_fc_4"": 20, ""new_fc_5"": 5, ""new_fc_6"": 6, ""new_fc_7"": 15, ""new_fc_8"": 24, ""new_fc_9"": 11, ""num_neurons"": 16, ""optimizer"": ""Adagrad"", ""reg_l2"": false, ""skip_connection"": true, ""unit_c1"": 1, ""unit_c2"": 3}"
135,38,flops,,,0.016437493333333334,2465624.0,79788.0,,12004.8225,"{""activation"": ""elu"", ""batch_size"": 16, ""data_augmentation"": false, ""dr_f"": 0.245089174941, ""learning_rate"": 0.000107316586, ""new_fc_1"": 27, ""new_fc_10"": 17, ""new_fc_2"": 7, ""new_fc_3"": 23, ""new_fc_4"": 4, ""new_fc_5"": 18, ""new_fc_6"": 16, ""new_fc_7"": 1, ""new_fc_8"": 7, ""new_fc_9"": 0, ""num_neurons"": 4, ""optimizer"": ""Adam"", ""reg_l2"": true, ""skip_connection"": true, ""unit_c1"": 2, ""unit_c2"": 2}"
136,38,flops,,,0.05875925333333333,8813888.0,402876.0,,12005.8349,"{""activation"": ""elu"", ""batch_size"": 8, ""data_augmentation"": false, ""dr_f"": 0.137976200581, ""learning_rate"": 0.000439384885, ""new_fc_1"": 19, ""new_fc_10"": 32, ""new_fc_2"": 0, ""new_fc_3"": 22, ""new_fc_4"": 14, ""new_fc_5"": 27, ""new_fc_6"": 27, ""new_fc_7"": 19, ""new_fc_8"": 12, ""new_fc_9"": 17, ""num_neurons"": 8, ""optimizer"": ""Adadelta"", ""reg_l2"": true, ""skip_connection"": false, ""unit_c1"": 2, ""unit_c2"": 2}"
137,38,flops,,,0.016671626666666668,2500744.0,97500.0,,12006.5916,"{""activation"": ""elu"", ""batch_size"": 8, ""data_augmentation"": true, ""dr_f"": 0.134849662542, ""learning_rate"": 0.000350292106, ""new_fc_1"": 16, ""new_fc_10"": 24, ""new_fc_2"": 16, ""new_fc_3"": 23, ""new_fc_4"": 13, ""new_fc_5"": 20, ""new_fc_6"": 6, ""new_fc_7"": 31, ""new_fc_8"": 18, ""new_fc_9"": 29, ""num_neurons"": 4, ""optimizer"": ""SGD"", ""reg_l2"": false, ""skip_connection"": true, ""unit_c1"": 2, ""unit_c2"": 2}"
138,38,flops,,,0.02004418666666667,3006628.0,65180.0,,12007.8102,"{""activation"": ""selu"", ""batch_size"": 32, ""data_augmentation"": true, ""dr_f"": 0.047204959123, ""learning_rate"": 0.000659457445, ""new_fc_1"": 0, ""new_fc_10"": 6, ""new_fc_2"": 13, ""new_fc_3"": 2, ""new_fc_4"": 5, ""new_fc_5"": 23, ""new_fc_6"": 13, ""new_fc_7"": 27, ""new_fc_8"": 10, ""new_fc_9"": 8, ""num_neurons"": 4, ""optimizer"": ""Adam"", ""reg_l2"": true, ""skip_connection"": true, ""unit_c1"": 2, ""unit_c2"": 3}"
139,39,accuracy,0.9859999995678663,0.014000000432133675,0.09063712,13595568.0,204612.0,-0.28260886430249355,12692.4241,"{""activation"": ""selu"", ""batch_size"": 8, ""data_augmentation"": true, ""dr_f"": 0.476602297111, ""learning_rate"": 0.000451280732, ""new_fc_1"": 19, ""new_fc_10"": 16, ""new_fc_2"": 8, ""new_fc_3"": 25, ""new_fc_4"": 14, ""new_fc_5"": 28, ""new_fc_6"": 3, ""new_fc_7"": 8, ""new_fc_8"": 0, ""new_fc_9"": 18, ""num_neurons"": 8, ""optimizer"": ""Adagrad"", ""reg_l2"": true, ""skip_connection"": false, ""unit_c1"": 3, ""unit_c2"": 1}"
140,39,flops,,,0.14507621333333334,21761432.0,989172.0,,12693.4848,"{""activation"": ""selu"", ""batch_size"": 8, ""data_augmentation"": false, ""dr_f"": 0.129949890821, ""learning_rate"": 0.000979755019, ""new_fc_1"": 32, ""new_fc_10"": 27, ""new_fc_2"": 3, ""new_fc_3"": 16, ""new_fc_4"": 27, ""new_fc_5"": 10, ""new_fc_6"": 1, ""new_fc_7"": 8, ""new_fc_8"": 31, ""new_fc_9"": 21, ""num_neurons"": 8, ""optimizer"": ""Adagrad"", ""reg_l2"": true, ""skip_connection"": false, ""unit_c1"": 2, ""unit_c2"": 6}"
141,39,flops,,,0.005490773333333333,823616.0,45304.0,,12694.3026,"{""activation"": ""swish"", ""batch_size"": 32, ""data_augmentation"": false, ""dr_f"": 0.050898121512, ""learning_rate"": 0.000507458695, ""new_fc_1"": 14, ""new_fc_10"": 3, ""new_fc_2"": 24, ""new_fc_3"": 11, ""new_fc_4"": 17, ""new_fc_5"": 8, ""new_fc_6"": 13, ""new_fc_7"": 3, ""new_fc_8"": 19, ""new_fc_9"": 30, ""num_neurons"": 4, ""optimizer"": ""SGD"", ""reg_l2"": true, ""skip_connection"": true, ""unit_c1"": 1, ""unit_c2"": 1}"
142,39,flops,,,0.058133866666666666,8720080.0,588132.0,,12695.0012,"{""activation"": ""selu"", ""batch_size"": 16, ""data_augmentation"": false, ""dr_f"": 0.196308019109, ""learning_rate"": 0.000855404994, ""new_fc_1"": 25, ""new_fc_10"": 0, ""new_fc_2"": 30, ""new_fc_3"": 22, ""new_fc_4"": 21, ""new_fc_5"": 4, ""new_fc_6"": 24, ""new_fc_7"": 15, ""new_fc_8"": 7, ""new_fc_9"": 3, ""num_neurons"": 8, ""optimizer"": ""Adagrad"", ""reg_l2"": false, ""skip_connection"": false, ""unit_c1"": 1, ""unit_c2"": 4}"
143,39,flops,,,0.12119386666666666,18179080.0,434108.0,,12695.7392,"{""activation"": ""relu"", ""batch_size"": 8, ""data_augmentation"": false, ""dr_f"": 0.084701803568, ""learning_rate"": 0.000109801203, ""new_fc_1"": 17, ""new_fc_10"": 26, ""new_fc_2"": 27, ""new_fc_3"": 16, ""new_fc_4"": 12, ""new_fc_5"": 6, ""new_fc_6"": 20, ""new_fc_7"": 4, ""new_fc_8"": 26, ""new_fc_9"": 28, ""num_neurons"": 8, ""optimizer"": ""Adadelta"", ""reg_l2"": true, ""skip_connection"": false, ""unit_c1"": 3, ""unit_c2"": 3}"
144,39,flops,,,0.028024213333333332,4203632.0,392452.0,,12696.476,"{""activation"": ""elu"", ""batch_size"": 32, ""data_augmentation"": false, ""dr_f"": 0.367211061859, ""learning_rate"": 0.000630784495, ""new_fc_1"": 26, ""new_fc_10"": 6, ""new_fc_2"": 10, ""new_fc_3"": 22, ""new_fc_4"": 23, ""new_fc_5"": 16, ""new_fc_6"": 6, ""new_fc_7"": 30, ""new_fc_8"": 16, ""new_fc_9"": 24, ""num_neurons"": 8, ""optimizer"": ""Adadelta"", ""reg_l2"": true, ""skip_connection"": false, ""unit_c1"": 1, ""unit_c2"": 2}"
145,40,accuracy,10000000000.0,,1.34790288,202185432.0,2681636.0,10000000000.0,12697.5984,"{""activation"": ""relu"", ""batch_size"": 32, ""data_augmentation"": false, ""dr_f"": 0.230914836306, ""learning_rate"": 0.000545175043, ""new_fc_1"": 14, ""new_fc_10"": 14, ""new_fc_2"": 20, ""new_fc_3"": 12, ""new_fc_4"": 23, ""new_fc_5"": 12, ""new_fc_6"": 3, ""new_fc_7"": 8, ""new_fc_8"": 16, ""new_fc_9"": 30, ""num_neurons"": 16, ""optimizer"": ""Adam"", ""reg_l2"": true, ""skip_connection"": true, ""unit_c1"": 4, ""unit_c2"": 8}"
146,40,flops,,,0.018884373333333333,2832656.0,263828.0,,12698.6204,"{""activation"": ""selu"", ""batch_size"": 64, ""data_augmentation"": true, ""dr_f"": 0.108768583449, ""learning_rate"": 0.000827259404, ""new_fc_1"": 1, ""new_fc_10"": 11, ""new_fc_2"": 3, ""new_fc_3"": 31, ""new_fc_4"": 30, ""new_fc_5"": 29, ""new_fc_6"": 13, ""new_fc_7"": 26, ""new_fc_8"": 16, ""new_fc_9"": 31, ""num_neurons"": 8, ""optimizer"": ""Adagrad"", ""reg_l2"": false, ""skip_connection"": true, ""unit_c1"": 1, ""unit_c2"": 1}"
147,40,flops,,,0.29604336,44406504.0,1648452.0,,12699.4829,"{""activation"": ""swish"", ""batch_size"": 16, ""data_augmentation"": true, ""dr_f"": 0.03672708537, ""learning_rate"": 0.000386162905, ""new_fc_1"": 12, ""new_fc_10"": 11, ""new_fc_2"": 2, ""new_fc_3"": 24, ""new_fc_4"": 13, ""new_fc_5"": 5, ""new_fc_6"": 19, ""new_fc_7"": 22, ""new_fc_8"": 20, ""new_fc_9"": 27, ""num_neurons"": 16, ""optimizer"": ""Adam"", ""reg_l2"": true, ""skip_connection"": false, ""unit_c1"": 1, ""unit_c2"": 5}"
148,40,flops,,,0.0188536,2828040.0,261452.0,,12700.2145,"{""activation"": ""relu"", ""batch_size"": 32, ""data_augmentation"": false, ""dr_f"": 0.224368552648, ""learning_rate"": 0.000642133544, ""new_fc_1"": 16, ""new_fc_10"": 11, ""new_fc_2"": 26, ""new_fc_3"": 23, ""new_fc_4"": 10, ""new_fc_5"": 17, ""new_fc_6"": 4, ""new_fc_7"": 14, ""new_fc_8"": 22, ""new_fc_9"": 31, ""num_neurons"": 8, ""optimizer"": ""Adam"", ""reg_l2"": true, ""skip_connection"": true, ""unit_c1"": 1, ""unit_c2"": 1}"
149,40,flops,,,0.036562026666666664,5484304.0,148020.0,,12701.2576,"{""activation"": ""selu"", ""batch_size"": 16, ""data_augmentation"": false, ""dr_f"": 0.227358424165, ""learning_rate"": 0.000227565407, ""new_fc_1"": 18, ""new_fc_10"": 13, ""new_fc_2"": 17, ""new_fc_3"": 15, ""new_fc_4"": 32, ""new_fc_5"": 0, ""new_fc_6"": 1, ""new_fc_7"": 18, ""new_fc_8"": 1, ""new_fc_9"": 27, ""num_neurons"": 4, ""optimizer"": ""Adagrad"", ""reg_l2"": false, ""skip_connection"": false, ""unit_c1"": 2, ""unit_c2"": 6}"
150,41,accuracy,0.9900000002235174,0.009999999776482582,0.005216053333333333,782408.0,35408.0,-0.30543518384353785,13025.6095,"{""activation"": ""relu"", ""batch_size"": 16, ""data_augmentation"": true, ""dr_f"": 0.307545997031, ""learning_rate"": 0.000227018461, ""new_fc_1"": 0, ""new_fc_10"": 5, ""new_fc_2"": 15, ""new_fc_3"": 10, ""new_fc_4"": 0, ""new_fc_5"": 12, ""new_fc_6"": 21, ""new_fc_7"": 22, ""new_fc_8"": 2, ""new_fc_9"": 5, ""num_neurons"": 4, ""optimizer"": ""Adam"", ""reg_l2"": true, ""skip_connection"": true, ""unit_c1"": 1, ""unit_c2"": 1}"
151,42,accuracy,0.9894000003114343,0.010599999688565731,0.03141352,4712028.0,134948.0,-0.297995943781996,13410.4357,"{""activation"": ""swish"", ""batch_size"": 16, ""data_augmentation"": true, ""dr_f"": 0.116156146112, ""learning_rate"": 0.000428428351, ""new_fc_1"": 18, ""new_fc_10"": 2, ""new_fc_2"": 18, ""new_fc_3"": 25, ""new_fc_4"": 20, ""new_fc_5"": 21, ""new_fc_6"": 14, ""new_fc_7"": 7, ""new_fc_8"": 8, ""new_fc_9"": 6, ""num_neurons"": 4, ""optimizer"": ""SGD"", ""reg_l2"": true, ""skip_connection"": true, ""unit_c1"": 2, ""unit_c2"": 5}"
152,42,flops,,,0.01397272,2095908.0,72020.0,,13411.3176,"{""activation"": ""selu"", ""batch_size"": 32, ""data_augmentation"": true, ""dr_f"": 0.288594071507, ""learning_rate"": 0.000944870352, ""new_fc_1"": 6, ""new_fc_10"": 17, ""new_fc_2"": 8, ""new_fc_3"": 6, ""new_fc_4"": 16, ""new_fc_5"": 16, ""new_fc_6"": 32, ""new_fc_7"": 23, ""new_fc_8"": 32, ""new_fc_9"": 23, ""num_neurons"": 4, ""optimizer"": ""SGD"", ""reg_l2"": true, ""skip_connection"": true, ""unit_c1"": 2, ""unit_c2"": 1}"
153,43,accuracy,0.8523000031709671,0.1476999968290329,0.058133866666666666,8720080.0,588132.0,-0.38594983778032305,14396.384,"{""activation"": ""selu"", ""batch_size"": 16, ""data_augmentation"": false, ""dr_f"": 0.196308019109, ""learning_rate"": 0.000855404994, ""new_fc_1"": 25, ""new_fc_10"": 0, ""new_fc_2"": 30, ""new_fc_3"": 22, ""new_fc_4"": 21, ""new_fc_5"": 4, ""new_fc_6"": 24, ""new_fc_7"": 15, ""new_fc_8"": 7, ""new_fc_9"": 3, ""num_neurons"": 8, ""optimizer"": ""Adagrad"", ""reg_l2"": false, ""skip_connection"": false, ""unit_c1"": 1, ""unit_c2"": 4}"
154,43,flops,,,0.029046826666666668,4357024.0,63292.0,,14397.1286,"{""activation"": ""selu"", ""batch_size"": 16, ""data_augmentation"": false, ""dr_f"": 0.149899539394, ""learning_rate"": 0.000635719487, ""new_fc_1"": 2, ""new_fc_10"": 22, ""new_fc_2"": 21, ""new_fc_3"": 20, ""new_fc_4"": 12, ""new_fc_5"": 6, ""new_fc_6"": 5, ""new_fc_7"": 18, ""new_fc_8"": 31, ""new_fc_9"": 17, ""num_neurons"": 4, ""optimizer"": ""Adagrad"", ""reg_l2"": true, ""skip_connection"": false, ""unit_c1"": 2, ""unit_c2"": 5}"
155,43,flops,,,0.09166112,13749168.0,309964.0,,14397.9422,"{""activation"": ""selu"", ""batch_size"": 32, ""data_augmentation"": true, ""dr_f"": 0.229771554135, ""learning_rate"": 0.000247958587, ""new_fc_1"": 9, ""new_fc_10"": 23, ""new_fc_2"": 15, ""new_fc_3"": 9, ""new_fc_4"": 2, ""new_fc_5"": 12, ""new_fc_6"": 27, ""new_fc_7"": 9, ""new_fc_8"": 20, ""new_fc_9"": 21, ""num_neurons"": 8, ""optimizer"": ""Adagrad"", ""reg_l2"": true, ""skip_connection"": true, ""unit_c1"": 2, ""unit_c2"": 4}"
156,43,flops,,,0.02055352,3083028.0,103468.0,,14398.6922,"{""activation"": ""selu"", ""batch_size"": 16, ""data_augmentation"": false, ""dr_f"": 0.32638400391, ""learning_rate"": 0.000650091246, ""new_fc_1"": 0, ""new_fc_10"": 24, ""new_fc_2"": 19, ""new_fc_3"": 17, ""new_fc_4"": 23, ""new_fc_5"": 20, ""new_fc_6"": 13, ""new_fc_7"": 13, ""new_fc_8"": 19, ""new_fc_9"": 3, ""num_neurons"": 4, ""optimizer"": ""Adam"", ""reg_l2"": false, ""skip_connection"": true, ""unit_c1"": 2, ""unit_c2"": 3}"
157,44,accuracy,0.9900000002235174,0.009999999776482582,0.016437493333333334,2465624.0,79788.0,-0.3020687518435378,14723.1263,"{""activation"": ""elu"", ""batch_size"": 16, ""data_augmentation"": false, ""dr_f"": 0.245089174941, ""learning_rate"": 0.000107316586, ""new_fc_1"": 27, ""new_fc_10"": 17, ""new_fc_2"": 7, ""new_fc_3"": 23, ""new_fc_4"": 4, ""new_fc_5"": 18, ""new_fc_6"": 16, ""new_fc_7"": 1, ""new_fc_8"": 7, ""new_fc_9"": 0, ""num_neurons"": 4, ""optimizer"": ""Adam"", ""reg_l2"": true, ""skip_connection"": true, ""unit_c1"": 2, ""unit_c2"": 2}"
158,44,flops,,,1.1905061866666666,178575928.0,2120148.0,,14724.388,"{""activation"": ""swish"", ""batch_size"": 8, ""data_augmentation"": true, ""dr_f"": 0.336208097564, ""learning_rate"": 0.000984078224, ""new_fc_1"": 12, ""new_fc_10"": 19, ""new_fc_2"": 8, ""new_fc_3"": 26, ""new_fc_4"": 23, ""new_fc_5"": 2, ""new_fc_6"": 32, ""new_fc_7"": 2, ""new_fc_8"": 13, ""new_fc_9"": 25, ""num_neurons"": 16, ""optimizer"": ""Adam"", ""reg_l2"": false, ""skip_connection"": true, ""unit_c1"": 4, ""unit_c2"": 7}"
159,44,flops,,,0.67832848,101749272.0,3458532.0,,14725.5364,"{""activation"": ""relu"", ""batch_size"": 64, ""data_augmentation"": false, ""dr_f"": 0.035892369614, ""learning_rate"": 0.000917304497, ""new_fc_1"": 21, ""new_fc_10"": 11, ""new_fc_2"": 29, ""new_fc_3"": 27, ""new_fc_4"": 11, ""new_fc_5"": 26, ""new_fc_6"": 15, ""new_fc_7"": 27, ""new_fc_8"": 9, ""new_fc_9"": 20, ""num_neurons"": 16, ""optimizer"": ""Adam"", ""reg_l2"": true, ""skip_connection"": false, ""unit_c1"": 2, ""unit_c2"": 7}"
160,44,flops,,,0.005330346666666667,799552.0,44056.0,,14726.3475,"{""activation"": ""relu"", ""batch_size"": 8, ""data_augmentation"": true, ""dr_f"": 0.160142168155, ""learning_rate"": 0.000106527121, ""new_fc_1"": 14, ""new_fc_10"": 23, ""new_fc_2"": 0, ""new_fc_3"": 24, ""new_fc_4"": 1, ""new_fc_5"": 13, ""new_fc_6"": 3, ""new_fc_7"": 26, ""new_fc_8"": 5, ""new_fc_9"": 21, ""num_neurons"": 4, ""optimizer"": ""Adam"", ""reg_l2"": false, ""skip_connection"": true, ""unit_c1"": 1, ""unit_c2"": 1}"
161,45,accuracy,0.9642000012099743,0.03579999879002571,0.005330346666666667,799552.0,44056.0,-0.32346089515301796,15590.9433,"{""activation"": ""relu"", ""batch_size"": 8, ""data_augmentation"": true, ""dr_f"": 0.160142168155, ""learning_rate"": 0.000106527121, ""new_fc_1"": 14, ""new_fc_10"": 23, ""new_fc_2"": 0, ""new_fc_3"": 24, ""new_fc_4"": 1, ""new_fc_5"": 13, ""new_fc_6"": 3, ""new_fc_7"": 26, ""new_fc_8"": 5, ""new_fc_9"": 21, ""num_neurons"": 4, ""optimizer"": ""Adam"", ""reg_l2"": false, ""skip_connection"": true, ""unit_c1"": 1, ""unit_c2"": 1}"
162,45,flops,,,0.10356677333333333,15535016.0,1355812.0,,15591.8185,"{""activation"": ""swish"", ""batch_size"": 32, ""data_augmentation"": true, ""dr_f"": 0.266746954595, ""learning_rate"": 0.000879689157, ""new_fc_1"": 12, ""new_fc_10"": 31, ""new_fc_2"": 22, ""new_fc_3"": 22, ""new_fc_4"": 5, ""new_fc_5"": 7, ""new_fc_6"": 18, ""new_fc_7"": 22, ""new_fc_8"": 21, ""new_fc_9"": 31, ""num_neurons"": 16, ""optimizer"": ""Adam"", ""reg_l2"": false, ""skip_connection"": false, ""unit_c1"": 1, ""unit_c2"": 2}"
163,45,flops,,,4.189128266666667,628369240.0,11689892.0,,15593.3285,"{""activation"": ""relu"", ""batch_size"": 8, ""data_augmentation"": false, ""dr_f"": 0.299575481123, ""learning_rate"": 0.000467276166, ""new_fc_1"": 22, ""new_fc_10"": 1, ""new_fc_2"": 4, ""new_fc_3"": 22, ""new_fc_4"": 31, ""new_fc_5"": 21, ""new_fc_6"": 10, ""new_fc_7"": 11, ""new_fc_8"": 10, ""new_fc_9"": 28, ""num_neurons"": 32, ""optimizer"": ""Adagrad"", ""reg_l2"": true, ""skip_connection"": true, ""unit_c1"": 4, ""unit_c2"": 6}"
164,45,flops,,,0.08019557333333334,12029336.0,608132.0,,15594.4081,"{""activation"": ""swish"", ""batch_size"": 16, ""data_augmentation"": false, ""dr_f"": 0.06760189882, ""learning_rate"": 0.000508198797, ""new_fc_1"": 16, ""new_fc_10"": 13, ""new_fc_2"": 29, ""new_fc_3"": 32, ""new_fc_4"": 29, ""new_fc_5"": 21, ""new_fc_6"": 3, ""new_fc_7"": 4, ""new_fc_8"": 21, ""new_fc_9"": 24, ""num_neurons"": 8, ""optimizer"": ""SGD"", ""reg_l2"": false, ""skip_connection"": true, ""unit_c1"": 1, ""unit_c2"": 5}"
165,45,flops,,,2.98290064,447435096.0,9091524.0,,15595.6555,"{""activation"": ""elu"", ""batch_size"": 64, ""data_augmentation"": false, ""dr_f"": 0.348424436312, ""learning_rate"": 0.000350696564, ""new_fc_1"": 16, ""new_fc_10"": 28, ""new_fc_2"": 11, ""new_fc_3"": 3, ""new_fc_4"": 0, ""new_fc_5"": 32, ""new_fc_6"": 22, ""new_fc_7"": 14, ""new_fc_8"": 3, ""new_fc_9"": 23, ""num_neurons"": 32, ""optimizer"": ""Adagrad"", ""reg_l2"": false, ""skip_connection"": false, ""unit_c1"": 3, ""unit_c2"": 6}"
166,45,flops,,,0.5606658666666666,84099880.0,3335156.0,,15596.8942,"{""activation"": ""swish"", ""batch_size"": 16, ""data_augmentation"": true, ""dr_f"": 0.176166859105, ""learning_rate"": 0.000444376619, ""new_fc_1"": 26, ""new_fc_10"": 31, ""new_fc_2"": 2, ""new_fc_3"": 24, ""new_fc_4"": 28, ""new_fc_5"": 0, ""new_fc_6"": 23, ""new_fc_7"": 3, ""new_fc_8"": 8, ""new_fc_9"": 22, ""num_neurons"": 16, ""optimizer"": ""Adagrad"", ""reg_l2"": true, ""skip_connection"": false, ""unit_c1"": 2, ""unit_c2"": 6}"
167,46,accuracy,10000000000.0,,5.264670453333333,789700568.0,14570084.0,10000000000.0,15598.0933,"{""activation"": ""selu"", ""batch_size"": 64, ""data_augmentation"": false, ""dr_f"": 0.427988866846, ""learning_rate"": 0.000876725704, ""new_fc_1"": 3, ""new_fc_10"": 12, ""new_fc_2"": 6, ""new_fc_3"": 21, ""new_fc_4"": 29, ""new_fc_5"": 21, ""new_fc_6"": 28, ""new_fc_7"": 10, ""new_fc_8"": 15, ""new_fc_9"": 5, ""num_neurons"": 64, ""optimizer"": ""Adam"", ""reg_l2"": true, ""skip_connection"": false, ""unit_c1"": 2, ""unit_c2"": 4}"
168,47,accuracy,0.9896999998018146,0.010300000198185444,0.005490773333333333,823616.0,45304.0,-0.3055627681387298,15803.329,"{""activation"": ""swish"", ""batch_size"": 32, ""data_augmentation"": false, ""dr_f"": 0.050898121512, ""learning_rate"": 0.000507458695, ""new_fc_1"": 14, ""new_fc_10"": 3, ""new_fc_2"": 24, ""new_fc_3"": 11, ""new_fc_4"": 17, ""new_fc_5"": 8, ""new_fc_6"": 13, ""new_fc_7"": 3, ""new_fc_8"": 19, ""new_fc_9"": 30, ""num_neurons"": 4, ""optimizer"": ""SGD"", ""reg_l2"": true, ""skip_connection"": true, ""unit_c1"": 1, ""unit_c2"": 1}"
169,47,flops,,,0.14395418666666668,21593128.0,669196.0,,15804.1177,"{""activation"": ""elu"", ""batch_size"": 8, ""data_augmentation"": false, ""dr_f"": 0.067070819499, ""learning_rate"": 0.000546595753, ""new_fc_1"": 31, ""new_fc_10"": 23, ""new_fc_2"": 12, ""new_fc_3"": 22, ""new_fc_4"": 15, ""new_fc_5"": 2, ""new_fc_6"": 7, ""new_fc_7"": 29, ""new_fc_8"": 17, ""new_fc_9"": 4, ""num_neurons"": 8, ""optimizer"": ""Adam"", ""reg_l2"": false, ""skip_connection"": false, ""unit_c1"": 3, ""unit_c2"": 4}"
170,48,accuracy,0.8103999942541122,0.18960000574588776,0.016671626666666668,2500744.0,97500.0,-0.4277185160221214,17688.4623,"{""activation"": ""elu"", ""batch_size"": 8, ""data_augmentation"": true, ""dr_f"": 0.134849662542, ""learning_rate"": 0.000350292106, ""new_fc_1"": 16, ""new_fc_10"": 24, ""new_fc_2"": 16, ""new_fc_3"": 23, ""new_fc_4"": 13, ""new_fc_5"": 20, ""new_fc_6"": 6, ""new_fc_7"": 31, ""new_fc_8"": 18, ""new_fc_9"": 29, ""num_neurons"": 4, ""optimizer"": ""SGD"", ""reg_l2"": false, ""skip_connection"": true, ""unit_c1"": 2, ""unit_c2"": 2}"
171,49,accuracy,0.93299999833107,0.06700000166893005,0.04596216,6894324.0,203772.0,-0.333111353168251,19333.0587,"{""activation"": ""selu"", ""batch_size"": 8, ""data_augmentation"": true, ""dr_f"": 0.113912026306, ""learning_rate"": 0.000343589878, ""new_fc_1"": 20, ""new_fc_10"": 24, ""new_fc_2"": 27, ""new_fc_3"": 23, ""new_fc_4"": 1, ""new_fc_5"": 27, ""new_fc_6"": 12, ""new_fc_7"": 7, ""new_fc_8"": 4, ""new_fc_9"": 30, ""num_neurons"": 4, ""optimizer"": ""SGD"", ""reg_l2"": true, ""skip_connection"": true, ""unit_c1"": 2, ""unit_c2"": 7}"
172,49,flops,,,0.09620325333333334,14430488.0,651092.0,,19333.9087,"{""activation"": ""selu"", ""batch_size"": 16, ""data_augmentation"": true, ""dr_f"": 0.488894575436, ""learning_rate"": 0.000136341938, ""new_fc_1"": 7, ""new_fc_10"": 5, ""new_fc_2"": 31, ""new_fc_3"": 13, ""new_fc_4"": 3, ""new_fc_5"": 21, ""new_fc_6"": 6, ""new_fc_7"": 14, ""new_fc_8"": 32, ""new_fc_9"": 0, ""num_neurons"": 16, ""optimizer"": ""Adagrad"", ""reg_l2"": true, ""skip_connection"": true, ""unit_c1"": 1, ""unit_c2"": 2}"
173,50,accuracy,0.9896999998018146,0.010300000198185444,0.008143546666666666,1221532.0,96996.0,-0.3047669361387298,20018.4591,"{""activation"": ""relu"", ""batch_size"": 8, ""data_augmentation"": true, ""dr_f"": 0.223549567722, ""learning_rate"": 0.000445463435, ""new_fc_1"": 27, ""new_fc_10"": 20, ""new_fc_2"": 19, ""new_fc_3"": 13, ""new_fc_4"": 20, ""new_fc_5"": 4, ""new_fc_6"": 2, ""new_fc_7"": 14, ""new_fc_8"": 9, ""new_fc_9"": 25, ""num_neurons"": 4, ""optimizer"": ""Adagrad"", ""reg_l2"": true, ""skip_connection"": true, ""unit_c1"": 1, ""unit_c2"": 2}"
174,51,accuracy,0.989500000141561,0.010499999858438969,0.47234288,70851432.0,2095396.0,-0.16564713590090727,686.4704,"{""activation"": ""swish"", ""batch_size"": 8, ""data_augmentation"": false, ""dr_f"": 0.058393796857, ""learning_rate"": 0.000390472183, ""new_fc_1"": 30, ""new_fc_10"": 7, ""new_fc_2"": 31, ""new_fc_3"": 3, ""new_fc_4"": 6, ""new_fc_5"": 15, ""new_fc_6"": 0, ""new_fc_7"": 5, ""new_fc_8"": 21, ""new_fc_9"": 29, ""num_neurons"": 16, ""optimizer"": ""SGD"", ""reg_l2"": false, ""skip_connection"": false, ""unit_c1"": 3, ""unit_c2"": 3}"
175,51,flops,,,0.03755344,5633016.0,134836.0,,687.6543,"{""activation"": ""selu"", ""batch_size"": 64, ""data_augmentation"": true, ""dr_f"": 0.187508405347, ""learning_rate"": 0.000452292418, ""new_fc_1"": 1, ""new_fc_10"": 23, ""new_fc_2"": 31, ""new_fc_3"": 31, ""new_fc_4"": 5, ""new_fc_5"": 24, ""new_fc_6"": 2, ""new_fc_7"": 17, ""new_fc_8"": 2, ""new_fc_9"": 4, ""num_neurons"": 8, ""optimizer"": ""Adamax"", ""reg_l2"": true, ""skip_connection"": true, ""unit_c1"": 1, ""unit_c2"": 3}"
176,51,flops,,,0.13737194666666666,20605792.0,411356.0,,688.4789,"{""activation"": ""selu"", ""batch_size"": 16, ""data_augmentation"": false, ""dr_f"": 0.166631282275, ""learning_rate"": 0.000589354061, ""new_fc_1"": 6, ""new_fc_10"": 32, ""new_fc_2"": 10, ""new_fc_3"": 10, ""new_fc_4"": 19, ""new_fc_5"": 15, ""new_fc_6"": 4, ""new_fc_7"": 23, ""new_fc_8"": 29, ""new_fc_9"": 29, ""num_neurons"": 8, ""optimizer"": ""Adamax"", ""reg_l2"": true, ""skip_connection"": false, ""unit_c1"": 2, ""unit_c2"": 6}"
177,51,flops,,,0.9228341866666666,138425128.0,3166676.0,,689.6656,"{""activation"": ""selu"", ""batch_size"": 16, ""data_augmentation"": true, ""dr_f"": 0.057293508987, ""learning_rate"": 0.000894161201, ""new_fc_1"": 31, ""new_fc_10"": 9, ""new_fc_2"": 8, ""new_fc_3"": 10, ""new_fc_4"": 0, ""new_fc_5"": 10, ""new_fc_6"": 32, ""new_fc_7"": 29, ""new_fc_8"": 4, ""new_fc_9"": 0, ""num_neurons"": 16, ""optimizer"": ""Adagrad"", ""reg_l2"": true, ""skip_connection"": false, ""unit_c1"": 4, ""unit_c2"": 5}"
178,52,accuracy,10000000000.0,,4.189128266666667,628369240.0,11689892.0,10000000000.0,690.9313,"{""activation"": ""relu"", ""batch_size"": 8, ""data_augmentation"": false, ""dr_f"": 0.299575481123, ""learning_rate"": 0.000467276166, ""new_fc_1"": 22, ""new_fc_10"": 1, ""new_fc_2"": 4, ""new_fc_3"": 22, ""new_fc_4"": 31, ""new_fc_5"": 21, ""new_fc_6"": 10, ""new_fc_7"": 11, ""new_fc_8"": 10, ""new_fc_9"": 28, ""num_neurons"": 32, ""optimizer"": ""Adagrad"", ""reg_l2"": true, ""skip_connection"": true, ""unit_c1"": 4, ""unit_c2"": 6}"
179,53,accuracy,10000000000.0,,9.1607272,1374109080.0,23939684.0,10000000000.0,693.7665,"{""activation"": ""selu"", ""batch_size"": 8, ""data_augmentation"": true, ""dr_f"": 0.403289926254, ""learning_rate"": 0.000819831613, ""new_fc_1"": 17, ""new_fc_10"": 11, ""new_fc_2"": 31, ""new_fc_3"": 18, ""new_fc_4"": 29, ""new_fc_5"": 32, ""new_fc_6"": 21, ""new_fc_7"": 28, ""new_fc_8"": 23, ""new_fc_9"": 3, ""num_neurons"": 64, ""optimizer"": ""Adam"", ""reg_l2"": true, ""skip_connection"": true, ""unit_c1"": 4, ""unit_c2"": 1}"
180,54,accuracy,10000000000.0,,1.0826677866666667,162400168.0,4876036.0,10000000000.0,695.9923,"{""activation"": ""swish"", ""batch_size"": 32, ""data_augmentation"": true, ""dr_f"": 0.15178003614, ""learning_rate"": 0.000620255513, ""new_fc_1"": 31, ""new_fc_10"": 22, ""new_fc_2"": 20, ""new_fc_3"": 22, ""new_fc_4"": 14, ""new_fc_5"": 1, ""new_fc_6"": 11, ""new_fc_7"": 5, ""new_fc_8"": 0, ""new_fc_9"": 25, ""num_neurons"": 16, ""optimizer"": ""Adadelta"", ""reg_l2"": false, ""skip_connection"": true, ""unit_c1"": 3, ""unit_c2"": 8}"
181,55,accuracy,10000000000.0,,1.8051952533333333,270779288.0,4998212.0,10000000000.0,698.0719,"{""activation"": ""relu"", ""batch_size"": 16, ""data_augmentation"": false, ""dr_f"": 0.316057234293, ""learning_rate"": 0.000624233429, ""new_fc_1"": 11, ""new_fc_10"": 21, ""new_fc_2"": 28, ""new_fc_3"": 28, ""new_fc_4"": 19, ""new_fc_5"": 14, ""new_fc_6"": 2, ""new_fc_7"": 15, ""new_fc_8"": 18, ""new_fc_9"": 6, ""num_neurons"": 32, ""optimizer"": ""Adam"", ""reg_l2"": false, ""skip_connection"": true, ""unit_c1"": 3, ""unit_c2"": 3}"
182,55,flops,,,9.827378933333334,1474106840.0,13351396.0,,699.7151,"{""activation"": ""selu"", ""batch_size"": 16, ""data_augmentation"": true, ""dr_f"": 0.082219520867, ""learning_rate"": 0.000689202546, ""new_fc_1"": 8, ""new_fc_10"": 8, ""new_fc_2"": 7, ""new_fc_3"": 24, ""new_fc_4"": 7, ""new_fc_5"": 25, ""new_fc_6"": 10, ""new_fc_7"": 22, ""new_fc_8"": 31, ""new_fc_9"": 0, ""num_neurons"": 64, ""optimizer"": ""SGD"", ""reg_l2"": false, ""skip_connection"": false, ""unit_c1"": 4, ""unit_c2"": 2}"
183,55,flops,,,0.27165376,40748064.0,647356.0,,700.8171,"{""activation"": ""selu"", ""batch_size"": 8, ""data_augmentation"": true, ""dr_f"": 0.419405419997, ""learning_rate"": 0.000966311388, ""new_fc_1"": 22, ""new_fc_10"": 13, ""new_fc_2"": 1, ""new_fc_3"": 20, ""new_fc_4"": 1, ""new_fc_5"": 1, ""new_fc_6"": 17, ""new_fc_7"": 26, ""new_fc_8"": 4, ""new_fc_9"": 8, ""num_neurons"": 8, ""optimizer"": ""Adamax"", ""reg_l2"": false, ""skip_connection"": true, ""unit_c1"": 4, ""unit_c2"": 6}"
184,56,accuracy,10000000000.0,,2.83823568,425735352.0,5220580.0,10000000000.0,702.9959,"{""activation"": ""elu"", ""batch_size"": 32, ""data_augmentation"": false, ""dr_f"": 0.335708383864, ""learning_rate"": 0.000704688026, ""new_fc_1"": 13, ""new_fc_10"": 23, ""new_fc_2"": 14, ""new_fc_3"": 22, ""new_fc_4"": 4, ""new_fc_5"": 0, ""new_fc_6"": 25, ""new_fc_7"": 9, ""new_fc_8"": 14, ""new_fc_9"": 31, ""num_neurons"": 32, ""optimizer"": ""Adadelta"", ""reg_l2"": true, ""skip_connection"": true, ""unit_c1"": 4, ""unit_c2"": 3}"
185,57,accuracy,0.9848999995738268,0.01510000042617321,0.04362330666666667,6543496.0,269544.0,-0.2974830082983212,1208.1795,"{""activation"": ""swish"", ""batch_size"": 16, ""data_augmentation"": true, ""dr_f"": 0.306820341879, ""learning_rate"": 0.000355360207, ""new_fc_1"": 28, ""new_fc_10"": 22, ""new_fc_2"": 12, ""new_fc_3"": 14, ""new_fc_4"": 13, ""new_fc_5"": 5, ""new_fc_6"": 24, ""new_fc_7"": 9, ""new_fc_8"": 0, ""new_fc_9"": 5, ""num_neurons"": 4, ""optimizer"": ""SGD"", ""reg_l2"": false, ""skip_connection"": true, ""unit_c1"": 1, ""unit_c2"": 8}"
186,57,flops,,,0.07221349333333334,10832024.0,211100.0,,1209.1858,"{""activation"": ""selu"", ""batch_size"": 8, ""data_augmentation"": true, ""dr_f"": 0.385316793664, ""learning_rate"": 0.000699782506, ""new_fc_1"": 4, ""new_fc_10"": 21, ""new_fc_2"": 1, ""new_fc_3"": 25, ""new_fc_4"": 15, ""new_fc_5"": 31, ""new_fc_6"": 1, ""new_fc_7"": 26, ""new_fc_8"": 14, ""new_fc_9"": 22, ""num_neurons"": 8, ""optimizer"": ""Adamax"", ""reg_l2"": false, ""skip_connection"": true, ""unit_c1"": 2, ""unit_c2"": 3}"
187,57,flops,,,8.441146613333334,1266171992.0,11392804.0,,1210.424,"{""activation"": ""selu"", ""batch_size"": 32, ""data_augmentation"": false, ""dr_f"": 0.301411519835, ""learning_rate"": 0.000377196686, ""new_fc_1"": 7, ""new_fc_10"": 11, ""new_fc_2"": 21, ""new_fc_3"": 1, ""new_fc_4"": 3, ""new_fc_5"": 18, ""new_fc_6"": 4, ""new_fc_7"": 14, ""new_fc_8"": 6, ""new_fc_9"": 11, ""num_neurons"": 64, ""optimizer"": ""Adagrad"", ""reg_l2"": false, ""skip_connection"": true, ""unit_c1"": 3, ""unit_c2"": 4}"
188,57,flops,,,8.807694666666666,1321154200.0,54640932.0,,1213.4964,"{""activation"": ""elu"", ""batch_size"": 16, ""data_augmentation"": false, ""dr_f"": 0.407115070656, ""learning_rate"": 0.000827536362, ""new_fc_1"": 27, ""new_fc_10"": 13, ""new_fc_2"": 10, ""new_fc_3"": 13, ""new_fc_4"": 22, ""new_fc_5"": 28, ""new_fc_6"": 4, ""new_fc_7"": 30, ""new_fc_8"": 22, ""new_fc_9"": 0, ""num_neurons"": 64, ""optimizer"": ""Adagrad"", ""reg_l2"": true, ""skip_connection"": false, ""unit_c1"": 2, ""unit_c2"": 6}"
189,58,accuracy,10000000000.0,,4.161231306666667,624184696.0,9597508.0,10000000000.0,1214.5342,"{""activation"": ""elu"", ""batch_size"": 8, ""data_augmentation"": false, ""dr_f"": 0.261850962019, ""learning_rate"": 0.000122010241, ""new_fc_1"": 17, ""new_fc_10"": 8, ""new_fc_2"": 23, ""new_fc_3"": 17, ""new_fc_4"": 26, ""new_fc_5"": 1, ""new_fc_6"": 15, ""new_fc_7"": 19, ""new_fc_8"": 24, ""new_fc_9"": 3, ""num_neurons"": 32, ""optimizer"": ""Adagrad"", ""reg_l2"": false, ""skip_connection"": true, ""unit_c1"": 4, ""unit_c2"": 6}"
190,58,flops,,,0.21545541333333335,32318312.0,1218500.0,,1215.6081,"{""activation"": ""selu"", ""batch_size"": 64, ""data_augmentation"": true, ""dr_f"": 0.340068604562, ""learning_rate"": 0.000262918504, ""new_fc_1"": 29, ""new_fc_10"": 24, ""new_fc_2"": 23, ""new_fc_3"": 21, ""new_fc_4"": 13, ""new_fc_5"": 22, ""new_fc_6"": 1, ""new_fc_7"": 13, ""new_fc_8"": 31, ""new_fc_9"": 17, ""num_neurons"": 8, ""optimizer"": ""SGD"", ""reg_l2"": true, ""skip_connection"": true, ""unit_c1"": 2, ""unit_c2"": 8}"
191,58,flops,,,0.43130928,64696392.0,589988.0,,1216.5021,"{""activation"": ""selu"", ""batch_size"": 16, ""data_augmentation"": false, ""dr_f"": 0.176910776071, ""learning_rate"": 0.000914778348, ""new_fc_1"": 3, ""new_fc_10"": 23, ""new_fc_2"": 32, ""new_fc_3"": 3, ""new_fc_4"": 1, ""new_fc_5"": 0, ""new_fc_6"": 13, ""new_fc_7"": 3, ""new_fc_8"": 3, ""new_fc_9"": 22, ""num_neurons"": 16, ""optimizer"": ""Adam"", ""reg_l2"": false, ""skip_connection"": true, ""unit_c1"": 2, ""unit_c2"": 5}"
192,59,accuracy,10000000000.0,,2.8988592533333333,434828888.0,9768068.0,10000000000.0,1218.842,"{""activation"": ""relu"", ""batch_size"": 32, ""data_augmentation"": true, ""dr_f"": 0.435071253332, ""learning_rate"": 0.000702716693, ""new_fc_1"": 32, ""new_fc_10"": 27, ""new_fc_2"": 22, ""new_fc_3"": 5, ""new_fc_4"": 16, ""new_fc_5"": 32, ""new_fc_6"": 14, ""new_fc_7"": 31, ""new_fc_8"": 5, ""new_fc_9"": 16, ""num_neurons"": 32, ""optimizer"": ""Adamax"", ""reg_l2"": false, ""skip_connection"": true, ""unit_c1"": 4, ""unit_c2"": 3}"
193,59,flops,,,0.07690565333333334,11535848.0,563084.0,,1220.0777,"{""activation"": ""relu"", ""batch_size"": 64, ""data_augmentation"": true, ""dr_f"": 0.395684080332, ""learning_rate"": 0.000538979733, ""new_fc_1"": 30, ""new_fc_10"": 16, ""new_fc_2"": 30, ""new_fc_3"": 10, ""new_fc_4"": 7, ""new_fc_5"": 12, ""new_fc_6"": 6, ""new_fc_7"": 31, ""new_fc_8"": 11, ""new_fc_9"": 25, ""num_neurons"": 8, ""optimizer"": ""Adadelta"", ""reg_l2"": false, ""skip_connection"": true, ""unit_c1"": 2, ""unit_c2"": 3}"
194,59,flops,,,1.3284746133333334,199271192.0,2574532.0,,1220.9957,"{""activation"": ""relu"", ""batch_size"": 8, ""data_augmentation"": false, ""dr_f"": 0.396677751727, ""learning_rate"": 0.000337946712, ""new_fc_1"": 4, ""new_fc_10"": 31, ""new_fc_2"": 25, ""new_fc_3"": 32, ""new_fc_4"": 14, ""new_fc_5"": 23, ""new_fc_6"": 9, ""new_fc_7"": 4, ""new_fc_8"": 0, ""new_fc_9"": 0, ""num_neurons"": 32, ""optimizer"": ""Adamax"", ""reg_l2"": true, ""skip_connection"": false, ""unit_c1"": 3, ""unit_c2"": 1}"
195,59,flops,,,0.06788472,10182708.0,172172.0,,1222.0151,"{""activation"": ""elu"", ""batch_size"": 8, ""data_augmentation"": false, ""dr_f"": 0.440902366638, ""learning_rate"": 0.000324881718, ""new_fc_1"": 15, ""new_fc_10"": 26, ""new_fc_2"": 24, ""new_fc_3"": 15, ""new_fc_4"": 5, ""new_fc_5"": 27, ""new_fc_6"": 10, ""new_fc_7"": 1, ""new_fc_8"": 2, ""new_fc_9"": 10, ""num_neurons"": 4, ""optimizer"": ""SGD"", ""reg_l2"": false, ""skip_connection"": false, ""unit_c1"": 3, ""unit_c2"": 8}"
196,60,accuracy,0.9921000003814697,0.007899999618530273,0.10540122666666667,15810184.0,227452.0,-0.27390963173297117,1486.4857,"{""activation"": ""selu"", ""batch_size"": 32, ""data_augmentation"": false, ""dr_f"": 0.267105477284, ""learning_rate"": 0.000181590951, ""new_fc_1"": 6, ""new_fc_10"": 13, ""new_fc_2"": 14, ""new_fc_3"": 4, ""new_fc_4"": 12, ""new_fc_5"": 30, ""new_fc_6"": 11, ""new_fc_7"": 17, ""new_fc_8"": 19, ""new_fc_9"": 32, ""num_neurons"": 8, ""optimizer"": ""Adadelta"", ""reg_l2"": false, ""skip_connection"": true, ""unit_c1"": 3, ""unit_c2"": 2}"
197,61,accuracy,0.6604999899864197,0.3395000100135803,0.10356677333333333,15535016.0,1355812.0,-0.5065799750095062,1871.3594,"{""activation"": ""swish"", ""batch_size"": 32, ""data_augmentation"": true, ""dr_f"": 0.266746954595, ""learning_rate"": 0.000879689157, ""new_fc_1"": 12, ""new_fc_10"": 31, ""new_fc_2"": 22, ""new_fc_3"": 22, ""new_fc_4"": 5, ""new_fc_5"": 7, ""new_fc_6"": 18, ""new_fc_7"": 22, ""new_fc_8"": 21, ""new_fc_9"": 31, ""num_neurons"": 16, ""optimizer"": ""Adam"", ""reg_l2"": false, ""skip_connection"": false, ""unit_c1"": 1, ""unit_c2"": 2}"
198,62,accuracy,0.8493999987840652,0.15060000121593475,0.8398495466666667,125977432.0,4317988.0,-0.15346513685115432,2857.4997,"{""activation"": ""selu"", ""batch_size"": 32, ""data_augmentation"": true, ""dr_f"": 0.269759639169, ""learning_rate"": 0.000506239348, ""new_fc_1"": 18, ""new_fc_10"": 14, ""new_fc_2"": 5, ""new_fc_3"": 7, ""new_fc_4"": 22, ""new_fc_5"": 17, ""new_fc_6"": 5, ""new_fc_7"": 24, ""new_fc_8"": 8, ""new_fc_9"": 32, ""num_neurons"": 32, ""optimizer"": ""Adadelta"", ""reg_l2"": true, ""skip_connection"": true, ""unit_c1"": 2, ""unit_c2"": 2}"
199,62,flops,,,0.0459408,6891120.0,202104.0,,2858.6117,"{""activation"": ""elu"", ""batch_size"": 8, ""data_augmentation"": true, ""dr_f"": 0.483086040833, ""learning_rate"": 0.000300190576, ""new_fc_1"": 23, ""new_fc_10"": 2, ""new_fc_2"": 4, ""new_fc_3"": 28, ""new_fc_4"": 16, ""new_fc_5"": 32, ""new_fc_6"": 5, ""new_fc_7"": 11, ""new_fc_8"": 8, ""new_fc_9"": 13, ""num_neurons"": 4, ""optimizer"": ""SGD"", ""reg_l2"": false, ""skip_connection"": true, ""unit_c1"": 2, ""unit_c2"": 7}"
200,62,flops,,,0.007640986666666667,1146148.0,73020.0,,2860.0125,"{""activation"": ""swish"", ""batch_size"": 16, ""data_augmentation"": true, ""dr_f"": 0.417069299857, ""learning_rate"": 0.000464605367, ""new_fc_1"": 25, ""new_fc_10"": 8, ""new_fc_2"": 6, ""new_fc_3"": 24, ""new_fc_4"": 16, ""new_fc_5"": 1, ""new_fc_6"": 6, ""new_fc_7"": 28, ""new_fc_8"": 2, ""new_fc_9"": 13, ""num_neurons"": 4, ""optimizer"": ""Adadelta"", ""reg_l2"": false, ""skip_connection"": false, ""unit_c1"": 1, ""unit_c2"": 2}"
201,62,flops,,,0.9803730666666667,147055960.0,15129892.0,,2861.4734,"{""activation"": ""selu"", ""batch_size"": 16, ""data_augmentation"": true, ""dr_f"": 0.499778639118, ""learning_rate"": 0.000998437793, ""new_fc_1"": 30, ""new_fc_10"": 14, ""new_fc_2"": 4, ""new_fc_3"": 6, ""new_fc_4"": 28, ""new_fc_5"": 6, ""new_fc_6"": 11, ""new_fc_7"": 18, ""new_fc_8"": 27, ""new_fc_9"": 12, ""num_neurons"": 64, ""optimizer"": ""Adamax"", ""reg_l2"": true, ""skip_connection"": false, ""unit_c1"": 1, ""unit_c2"": 1}"
202,63,accuracy,0.9864999996498227,0.013500000350177288,0.09891722666666666,14837584.0,224420.0,-0.27977483224512406,3667.9002,"{""activation"": ""swish"", ""batch_size"": 8, ""data_augmentation"": false, ""dr_f"": 0.30171335593, ""learning_rate"": 0.000119732424, ""new_fc_1"": 2, ""new_fc_10"": 24, ""new_fc_2"": 29, ""new_fc_3"": 25, ""new_fc_4"": 0, ""new_fc_5"": 22, ""new_fc_6"": 4, ""new_fc_7"": 1, ""new_fc_8"": 7, ""new_fc_9"": 19, ""num_neurons"": 8, ""optimizer"": ""Adadelta"", ""reg_l2"": false, ""skip_connection"": true, ""unit_c1"": 1, ""unit_c2"": 6}"
203,63,flops,,,5.241763573333333,786264536.0,12451684.0,,3669.5555,"{""activation"": ""swish"", ""batch_size"": 64, ""data_augmentation"": true, ""dr_f"": 0.442891931013, ""learning_rate"": 0.000511632582, ""new_fc_1"": 17, ""new_fc_10"": 16, ""new_fc_2"": 11, ""new_fc_3"": 24, ""new_fc_4"": 7, ""new_fc_5"": 22, ""new_fc_6"": 0, ""new_fc_7"": 0, ""new_fc_8"": 25, ""new_fc_9"": 26, ""num_neurons"": 32, ""optimizer"": ""Adagrad"", ""reg_l2"": true, ""skip_connection"": false, ""unit_c1"": 4, ""unit_c2"": 8}"
204,64,accuracy,0.8431999981403351,0.15680000185966492,0.028782106666666668,4317316.0,37140.0,-0.4011253693017654,4895.4746,"{""activation"": ""relu"", ""batch_size"": 16, ""data_augmentation"": false, ""dr_f"": 0.038548201979, ""learning_rate"": 0.000161057567, ""new_fc_1"": 3, ""new_fc_10"": 23, ""new_fc_2"": 6, ""new_fc_3"": 10, ""new_fc_4"": 16, ""new_fc_5"": 14, ""new_fc_6"": 6, ""new_fc_7"": 9, ""new_fc_8"": 20, ""new_fc_9"": 8, ""num_neurons"": 4, ""optimizer"": ""Adamax"", ""reg_l2"": false, ""skip_connection"": true, ""unit_c1"": 3, ""unit_c2"": 2}"
205,64,flops,,,2.63575376,395363064.0,11618244.0,,4896.761,"{""activation"": ""selu"", ""batch_size"": 64, ""data_augmentation"": false, ""dr_f"": 0.271734646367, ""learning_rate"": 0.000200384621, ""new_fc_1"": 28, ""new_fc_10"": 23, ""new_fc_2"": 15, ""new_fc_3"": 9, ""new_fc_4"": 0, ""new_fc_5"": 0, ""new_fc_6"": 14, ""new_fc_7"": 9, ""new_fc_8"": 27, ""new_fc_9"": 16, ""num_neurons"": 32, ""optimizer"": ""Adadelta"", ""reg_l2"": true, ""skip_connection"": true, ""unit_c1"": 3, ""unit_c2"": 5}"
206,64,flops,,,0.29947034666666666,44920552.0,673284.0,,4897.8785,"{""activation"": ""swish"", ""batch_size"": 64, ""data_augmentation"": true, ""dr_f"": 0.428553550834, ""learning_rate"": 0.000698787355, ""new_fc_1"": 18, ""new_fc_10"": 11, ""new_fc_2"": 29, ""new_fc_3"": 3, ""new_fc_4"": 21, ""new_fc_5"": 5, ""new_fc_6"": 0, ""new_fc_7"": 0, ""new_fc_8"": 22, ""new_fc_9"": 17, ""num_neurons"": 8, ""optimizer"": ""Adam"", ""reg_l2"": false, ""skip_connection"": false, ""unit_c1"": 4, ""unit_c2"": 7}"
207,65,accuracy,0.9891999997198582,0.01080000028014183,0.35527941333333335,53291912.0,1390996.0,-0.20097617619609928,5163.1899,"{""activation"": ""swish"", ""batch_size"": 32, ""data_augmentation"": false, ""dr_f"": 0.040382289994, ""learning_rate"": 0.000440789682, ""new_fc_1"": 14, ""new_fc_10"": 3, ""new_fc_2"": 9, ""new_fc_3"": 25, ""new_fc_4"": 8, ""new_fc_5"": 16, ""new_fc_6"": 5, ""new_fc_7"": 21, ""new_fc_8"": 15, ""new_fc_9"": 21, ""num_neurons"": 16, ""optimizer"": ""Adagrad"", ""reg_l2"": true, ""skip_connection"": true, ""unit_c1"": 2, ""unit_c2"": 4}"
208,65,flops,,,1.2222890133333333,183343352.0,9272708.0,,5164.4937,"{""activation"": ""relu"", ""batch_size"": 8, ""data_augmentation"": false, ""dr_f"": 0.195523777286, ""learning_rate"": 0.000134596463, ""new_fc_1"": 16, ""new_fc_10"": 7, ""new_fc_2"": 18, ""new_fc_3"": 29, ""new_fc_4"": 18, ""new_fc_5"": 20, ""new_fc_6"": 22, ""new_fc_7"": 27, ""new_fc_8"": 28, ""new_fc_9"": 4, ""num_neurons"": 32, ""optimizer"": ""Adamax"", ""reg_l2"": false, ""skip_connection"": true, ""unit_c1"": 1, ""unit_c2"": 5}"
209,65,flops,,,3.183394933333333,477509240.0,11075780.0,,5165.9162,"{""activation"": ""relu"", ""batch_size"": 32, ""data_augmentation"": true, ""dr_f"": 0.057802026832, ""learning_rate"": 0.000933874609, ""new_fc_1"": 11, ""new_fc_10"": 18, ""new_fc_2"": 24, ""new_fc_3"": 13, ""new_fc_4"": 2, ""new_fc_5"": 26, ""new_fc_6"": 31, ""new_fc_7"": 26, ""new_fc_8"": 27, ""new_fc_9"": 31, ""num_neurons"": 32, ""optimizer"": ""Adagrad"", ""reg_l2"": false, ""skip_connection"": false, ""unit_c1"": 2, ""unit_c2"": 8}"
210,65,flops,,,12.29262352,1843893528.0,9524900.0,,5167.2504,"{""activation"": ""swish"", ""batch_size"": 32, ""data_augmentation"": false, ""dr_f"": 0.155216157898, ""learning_rate"": 0.000327707903, ""new_fc_1"": 2, ""new_fc_10"": 27, ""new_fc_2"": 31, ""new_fc_3"": 19, ""new_fc_4"": 14, ""new_fc_5"": 2, ""new_fc_6"": 11, ""new_fc_7"": 6, ""new_fc_8"": 31, ""new_fc_9"": 2, ""num_neurons"": 64, ""optimizer"": ""Adadelta"", ""reg_l2"": false, ""skip_connection"": false, ""unit_c1"": 4, ""unit_c2"": 4}"
211,66,accuracy,10000000000.0,,9.827378933333334,1474106840.0,13351396.0,10000000000.0,5168.6875,"{""activation"": ""selu"", ""batch_size"": 16, ""data_augmentation"": true, ""dr_f"": 0.082219520867, ""learning_rate"": 0.000689202546, ""new_fc_1"": 8, ""new_fc_10"": 8, ""new_fc_2"": 7, ""new_fc_3"": 24, ""new_fc_4"": 7, ""new_fc_5"": 25, ""new_fc_6"": 10, ""new_fc_7"": 22, ""new_fc_8"": 31, ""new_fc_9"": 0, ""num_neurons"": 64, ""optimizer"": ""SGD"", ""reg_l2"": false, ""skip_connection"": false, ""unit_c1"": 4, ""unit_c2"": 2}"
212,67,accuracy,0.9900000002235174,0.009999999776482582,0.015414506666666666,2312176.0,151712.0,-0.3023756478435378,5493.2613,"{""activation"": ""relu"", ""batch_size"": 16, ""data_augmentation"": true, ""dr_f"": 0.373120010701, ""learning_rate"": 0.000179453429, ""new_fc_1"": 28, ""new_fc_10"": 19, ""new_fc_2"": 13, ""new_fc_3"": 1, ""new_fc_4"": 6, ""new_fc_5"": 6, ""new_fc_6"": 1, ""new_fc_7"": 14, ""new_fc_8"": 32, ""new_fc_9"": 14, ""num_neurons"": 4, ""optimizer"": ""Adagrad"", ""reg_l2"": false, ""skip_connection"": false, ""unit_c1"": 1, ""unit_c2"": 4}"
213,68,accuracy,0.8577000051736832,0.14229999482631683,0.105228,15784200.0,414764.0,-0.36804159637842176,5938.7591,"{""activation"": ""elu"", ""batch_size"": 32, ""data_augmentation"": true, ""dr_f"": 0.436779384641, ""learning_rate"": 0.000217513508, ""new_fc_1"": 23, ""new_fc_10"": 26, ""new_fc_2"": 13, ""new_fc_3"": 22, ""new_fc_4"": 25, ""new_fc_5"": 24, ""new_fc_6"": 13, ""new_fc_7"": 22, ""new_fc_8"": 14, ""new_fc_9"": 0, ""num_neurons"": 8, ""optimizer"": ""Adamax"", ""reg_l2"": false, ""skip_connection"": false, ""unit_c1"": 3, ""unit_c2"": 2}"
214,69,accuracy,0.9900000002235174,0.009999999776482582,0.03960581333333334,5940872.0,376716.0,-0.2951182558435378,6684.005,"{""activation"": ""relu"", ""batch_size"": 8, ""data_augmentation"": true, ""dr_f"": 0.451947045783, ""learning_rate"": 0.000235196719, ""new_fc_1"": 16, ""new_fc_10"": 25, ""new_fc_2"": 2, ""new_fc_3"": 32, ""new_fc_4"": 16, ""new_fc_5"": 13, ""new_fc_6"": 9, ""new_fc_7"": 25, ""new_fc_8"": 23, ""new_fc_9"": 13, ""num_neurons"": 8, ""optimizer"": ""Adam"", ""reg_l2"": true, ""skip_connection"": false, ""unit_c1"": 1, ""unit_c2"": 3}"
215,69,flops,,,0.025193173333333332,3778976.0,65552.0,,6685.0148,"{""activation"": ""elu"", ""batch_size"": 16, ""data_augmentation"": true, ""dr_f"": 0.420122443948, ""learning_rate"": 0.000700267888, ""new_fc_1"": 12, ""new_fc_10"": 18, ""new_fc_2"": 28, ""new_fc_3"": 10, ""new_fc_4"": 6, ""new_fc_5"": 15, ""new_fc_6"": 23, ""new_fc_7"": 29, ""new_fc_8"": 23, ""new_fc_9"": 6, ""num_neurons"": 4, ""optimizer"": ""Adadelta"", ""reg_l2"": true, ""skip_connection"": false, ""unit_c1"": 3, ""unit_c2"": 1}"
216,70,accuracy,10000000000.0,,1.3284746133333334,199271192.0,2574532.0,10000000000.0,6685.8961,"{""activation"": ""relu"", ""batch_size"": 8, ""data_augmentation"": false, ""dr_f"": 0.396677751727, ""learning_rate"": 0.000337946712, ""new_fc_1"": 4, ""new_fc_10"": 31, ""new_fc_2"": 25, ""new_fc_3"": 32, ""new_fc_4"": 14, ""new_fc_5"": 23, ""new_fc_6"": 9, ""new_fc_7"": 4, ""new_fc_8"": 0, ""new_fc_9"": 0, ""num_neurons"": 32, ""optimizer"": ""Adamax"", ""reg_l2"": true, ""skip_connection"": false, ""unit_c1"": 3, ""unit_c2"": 1}"
217,70,flops,,,0.80172848,120259272.0,1727572.0,,6686.8824,"{""activation"": ""relu"", ""batch_size"": 32, ""data_augmentation"": true, ""dr_f"": 0.030364328755, ""learning_rate"": 0.000163384677, ""new_fc_1"": 17, ""new_fc_10"": 5, ""new_fc_2"": 2, ""new_fc_3"": 6, ""new_fc_4"": 29, ""new_fc_5"": 0, ""new_fc_6"": 28, ""new_fc_7"": 17, ""new_fc_8"": 14, ""new_fc_9"": 9, ""num_neurons"": 16, ""optimizer"": ""Adadelta"", ""reg_l2"": false, ""skip_connection"": false, ""unit_c1"": 4, ""unit_c2"": 4}"
218,70,flops,,,0.46326384,69489576.0,1539908.0,,6688.2886,"{""activation"": ""relu"", ""batch_size"": 64, ""data_augmentation"": false, ""dr_f"": 0.077087958082, ""learning_rate"": 0.000117667532, ""new_fc_1"": 13, ""new_fc_10"": 1, ""new_fc_2"": 8, ""new_fc_3"": 5, ""new_fc_4"": 21, ""new_fc_5"": 22, ""new_fc_6"": 23, ""new_fc_7"": 24, ""new_fc_8"": 28, ""new_fc_9"": 28, ""num_neurons"": 16, ""optimizer"": ""Adam"", ""reg_l2"": false, ""skip_connection"": false, ""unit_c1"": 3, ""unit_c2"": 3}"
219,71,accuracy,0.9912999998778105,0.008700000122189522,0.045870133333333334,6880520.0,73068.0,-0.29232896008553266,6834.0843,"{""activation"": ""elu"", ""batch_size"": 64, ""data_augmentation"": false, ""dr_f"": 0.310748724914, ""learning_rate"": 0.000245593831, ""new_fc_1"": 10, ""new_fc_10"": 13, ""new_fc_2"": 19, ""new_fc_3"": 26, ""new_fc_4"": 7, ""new_fc_5"": 28, ""new_fc_6"": 0, ""new_fc_7"": 15, ""new_fc_8"": 18, ""new_fc_9"": 28, ""num_neurons"": 4, ""optimizer"": ""Adadelta"", ""reg_l2"": true, ""skip_connection"": true, ""unit_c1"": 4, ""unit_c2"": 2}"
220,71,flops,,,0.44466981333333333,66700472.0,1592852.0,,6835.2439,"{""activation"": ""selu"", ""batch_size"": 16, ""data_augmentation"": false, ""dr_f"": 0.401851847367, ""learning_rate"": 0.0006917271, ""new_fc_1"": 6, ""new_fc_10"": 31, ""new_fc_2"": 29, ""new_fc_3"": 11, ""new_fc_4"": 22, ""new_fc_5"": 21, ""new_fc_6"": 7, ""new_fc_7"": 24, ""new_fc_8"": 32, ""new_fc_9"": 23, ""num_neurons"": 16, ""optimizer"": ""Adadelta"", ""reg_l2"": true, ""skip_connection"": true, ""unit_c1"": 2, ""unit_c2"": 5}"
221,72,accuracy,0.9886999996379018,0.011300000362098217,0.03845829333333333,5768744.0,290284.0,-0.2963725122534688,7039.7331,"{""activation"": ""relu"", ""batch_size"": 32, ""data_augmentation"": false, ""dr_f"": 0.441465979115, ""learning_rate"": 0.000879423874, ""new_fc_1"": 19, ""new_fc_10"": 3, ""new_fc_2"": 8, ""new_fc_3"": 0, ""new_fc_4"": 3, ""new_fc_5"": 11, ""new_fc_6"": 11, ""new_fc_7"": 18, ""new_fc_8"": 0, ""new_fc_9"": 9, ""num_neurons"": 8, ""optimizer"": ""Adadelta"", ""reg_l2"": true, ""skip_connection"": false, ""unit_c1"": 1, ""unit_c2"": 3}"
222,72,flops,,,0.07666336,11499504.0,505972.0,,7040.8637,"{""activation"": ""selu"", ""batch_size"": 32, ""data_augmentation"": true, ""dr_f"": 0.437336377555, ""learning_rate"": 0.000627736699, ""new_fc_1"": 16, ""new_fc_10"": 14, ""new_fc_2"": 10, ""new_fc_3"": 9, ""new_fc_4"": 25, ""new_fc_5"": 30, ""new_fc_6"": 17, ""new_fc_7"": 16, ""new_fc_8"": 0, ""new_fc_9"": 10, ""num_neurons"": 8, ""optimizer"": ""Adamax"", ""reg_l2"": true, ""skip_connection"": false, ""unit_c1"": 1, ""unit_c2"": 5}"
223,73,accuracy,10000000000.0,,2.47945616,371918424.0,3156196.0,10000000000.0,7042.9511,"{""activation"": ""selu"", ""batch_size"": 16, ""data_augmentation"": false, ""dr_f"": 0.163725686188, ""learning_rate"": 0.000682619323, ""new_fc_1"": 0, ""new_fc_10"": 21, ""new_fc_2"": 8, ""new_fc_3"": 32, ""new_fc_4"": 0, ""new_fc_5"": 16, ""new_fc_6"": 11, ""new_fc_7"": 0, ""new_fc_8"": 9, ""new_fc_9"": 23, ""num_neurons"": 32, ""optimizer"": ""Adam"", ""reg_l2"": true, ""skip_connection"": false, ""unit_c1"": 4, ""unit_c2"": 2}"
224,74,accuracy,0.7348000109195709,0.2651999890804291,0.9228341866666666,138425128.0,3166676.0,-0.20878973635630038,8387.8261,"{""activation"": ""selu"", ""batch_size"": 16, ""data_augmentation"": true, ""dr_f"": 0.057293508987, ""learning_rate"": 0.000894161201, ""new_fc_1"": 31, ""new_fc_10"": 9, ""new_fc_2"": 8, ""new_fc_3"": 10, ""new_fc_4"": 0, ""new_fc_5"": 10, ""new_fc_6"": 32, ""new_fc_7"": 29, ""new_fc_8"": 4, ""new_fc_9"": 0, ""num_neurons"": 16, ""optimizer"": ""Adagrad"", ""reg_l2"": true, ""skip_connection"": false, ""unit_c1"": 4, ""unit_c2"": 5}"
225,75,accuracy,0.9756000004708767,0.024399999529123306,0.01397272,2095908.0,72020.0,-0.3128881836703863,8652.3896,"{""activation"": ""selu"", ""batch_size"": 32, ""data_augmentation"": true, ""dr_f"": 0.288594071507, ""learning_rate"": 0.000944870352, ""new_fc_1"": 6, ""new_fc_10"": 17, ""new_fc_2"": 8, ""new_fc_3"": 6, ""new_fc_4"": 16, ""new_fc_5"": 16, ""new_fc_6"": 32, ""new_fc_7"": 23, ""new_fc_8"": 32, ""new_fc_9"": 23, ""num_neurons"": 4, ""optimizer"": ""SGD"", ""reg_l2"": true, ""skip_connection"": true, ""unit_c1"": 2, ""unit_c2"": 1}"
226,76,accuracy,0.9900000002235174,0.009999999776482582,0.05006288,7509432.0,116156.0,-0.2919811358435378,146.9131,"{""activation"": ""swish"", ""batch_size"": 64, ""data_augmentation"": true, ""dr_f"": 0.40138250405, ""learning_rate"": 0.000645363977, ""new_fc_1"": 22, ""new_fc_10"": 25, ""new_fc_2"": 23, ""new_fc_3"": 21, ""new_fc_4"": 26, ""new_fc_5"": 0, ""new_fc_6"": 13, ""new_fc_7"": 2, ""new_fc_8"": 0, ""new_fc_9"": 4, ""num_neurons"": 4, ""optimizer"": ""Adagrad"", ""reg_l2"": false, ""skip_connection"": false, ""unit_c1"": 4, ""unit_c2"": 3}"
227,77,accuracy,0.9900000002235174,0.009999999776482582,0.005296293333333334,794444.0,58388.0,-0.3054111118435378,351.689,"{""activation"": ""elu"", ""batch_size"": 32, ""data_augmentation"": false, ""dr_f"": 0.252995503299, ""learning_rate"": 0.000906102482, ""new_fc_1"": 0, ""new_fc_10"": 26, ""new_fc_2"": 23, ""new_fc_3"": 4, ""new_fc_4"": 5, ""new_fc_5"": 11, ""new_fc_6"": 14, ""new_fc_7"": 23, ""new_fc_8"": 18, ""new_fc_9"": 9, ""num_neurons"": 4, ""optimizer"": ""Adam"", ""reg_l2"": true, ""skip_connection"": false, ""unit_c1"": 1, ""unit_c2"": 1}"
228,77,flops,,,0.6882821866666666,103242328.0,4983652.0,,352.8618,"{""activation"": ""relu"", ""batch_size"": 64, ""data_augmentation"": false, ""dr_f"": 0.167704612513, ""learning_rate"": 0.000145194368, ""new_fc_1"": 26, ""new_fc_10"": 1, ""new_fc_2"": 2, ""new_fc_3"": 20, ""new_fc_4"": 29, ""new_fc_5"": 21, ""new_fc_6"": 18, ""new_fc_7"": 30, ""new_fc_8"": 19, ""new_fc_9"": 18, ""num_neurons"": 32, ""optimizer"": ""Adadelta"", ""reg_l2"": true, ""skip_connection"": false, ""unit_c1"": 2, ""unit_c2"": 1}"
229,77,flops,,,0.7954921066666667,119323816.0,1043284.0,,354.1326,"{""activation"": ""selu"", ""batch_size"": 64, ""data_augmentation"": true, ""dr_f"": 0.405174119105, ""learning_rate"": 0.000752878636, ""new_fc_1"": 3, ""new_fc_10"": 12, ""new_fc_2"": 27, ""new_fc_3"": 12, ""new_fc_4"": 29, ""new_fc_5"": 11, ""new_fc_6"": 2, ""new_fc_7"": 20, ""new_fc_8"": 0, ""new_fc_9"": 17, ""num_neurons"": 16, ""optimizer"": ""Adadelta"", ""reg_l2"": true, ""skip_connection"": true, ""unit_c1"": 2, ""unit_c2"": 8}"
230,77,flops,,,2.5001855466666667,375027832.0,4711684.0,,355.2291,"{""activation"": ""elu"", ""batch_size"": 32, ""data_augmentation"": false, ""dr_f"": 0.32858350349, ""learning_rate"": 0.00015602865, ""new_fc_1"": 9, ""new_fc_10"": 25, ""new_fc_2"": 0, ""new_fc_3"": 17, ""new_fc_4"": 30, ""new_fc_5"": 5, ""new_fc_6"": 5, ""new_fc_7"": 18, ""new_fc_8"": 31, ""new_fc_9"": 29, ""num_neurons"": 32, ""optimizer"": ""Adamax"", ""reg_l2"": true, ""skip_connection"": false, ""unit_c1"": 4, ""unit_c2"": 2}"
231,78,accuracy,0.991100000217557,0.008899999782443047,0.16195802666666667,24293704.0,1922324.0,-0.2576425918477101,1221.1844,"{""activation"": ""swish"", ""batch_size"": 8, ""data_augmentation"": false, ""dr_f"": 0.345828433881, ""learning_rate"": 0.000349032508, ""new_fc_1"": 26, ""new_fc_10"": 9, ""new_fc_2"": 20, ""new_fc_3"": 1, ""new_fc_4"": 31, ""new_fc_5"": 19, ""new_fc_6"": 15, ""new_fc_7"": 14, ""new_fc_8"": 10, ""new_fc_9"": 28, ""num_neurons"": 16, ""optimizer"": ""Adadelta"", ""reg_l2"": true, ""skip_connection"": true, ""unit_c1"": 1, ""unit_c2"": 3}"
232,79,accuracy,0.9917999999597669,0.008200000040233135,0.00578176,867264.0,67080.0,-0.3040054720281632,1967.0769,"{""activation"": ""swish"", ""batch_size"": 8, ""data_augmentation"": false, ""dr_f"": 0.049476158898, ""learning_rate"": 0.000905512148, ""new_fc_1"": 23, ""new_fc_10"": 4, ""new_fc_2"": 15, ""new_fc_3"": 22, ""new_fc_4"": 15, ""new_fc_5"": 12, ""new_fc_6"": 7, ""new_fc_7"": 31, ""new_fc_8"": 21, ""new_fc_9"": 16, ""num_neurons"": 4, ""optimizer"": ""Adadelta"", ""reg_l2"": false, ""skip_connection"": true, ""unit_c1"": 1, ""unit_c2"": 1}"
233,80,accuracy,0.9900000002235174,0.009999999776482582,0.15499077333333333,23248616.0,328204.0,-0.2605027678435378,2413.2357,"{""activation"": ""elu"", ""batch_size"": 16, ""data_augmentation"": false, ""dr_f"": 0.29659344325, ""learning_rate"": 0.000811056482, ""new_fc_1"": 28, ""new_fc_10"": 5, ""new_fc_2"": 32, ""new_fc_3"": 22, ""new_fc_4"": 7, ""new_fc_5"": 22, ""new_fc_6"": 19, ""new_fc_7"": 11, ""new_fc_8"": 8, ""new_fc_9"": 32, ""num_neurons"": 8, ""optimizer"": ""Adamax"", ""reg_l2"": true, ""skip_connection"": true, ""unit_c1"": 4, ""unit_c2"": 1}"
234,80,flops,,,0.019543306666666666,2931496.0,92688.0,,2414.4323,"{""activation"": ""relu"", ""batch_size"": 64, ""data_augmentation"": true, ""dr_f"": 0.424306174282, ""learning_rate"": 0.000846617645, ""new_fc_1"": 8, ""new_fc_10"": 23, ""new_fc_2"": 13, ""new_fc_3"": 0, ""new_fc_4"": 30, ""new_fc_5"": 15, ""new_fc_6"": 26, ""new_fc_7"": 10, ""new_fc_8"": 1, ""new_fc_9"": 30, ""num_neurons"": 4, ""optimizer"": ""Adagrad"", ""reg_l2"": true, ""skip_connection"": false, ""unit_c1"": 1, ""unit_c2"": 5}"
235,80,flops,,,0.020198906666666665,3029836.0,141876.0,,2415.5818,"{""activation"": ""selu"", ""batch_size"": 8, ""data_augmentation"": true, ""dr_f"": 0.364700771789, ""learning_rate"": 0.000625301271, ""new_fc_1"": 19, ""new_fc_10"": 31, ""new_fc_2"": 24, ""new_fc_3"": 11, ""new_fc_4"": 25, ""new_fc_5"": 3, ""new_fc_6"": 25, ""new_fc_7"": 9, ""new_fc_8"": 14, ""new_fc_9"": 4, ""num_neurons"": 4, ""optimizer"": ""Adamax"", ""reg_l2"": true, ""skip_connection"": false, ""unit_c1"": 1, ""unit_c2"": 5}"
236,81,accuracy,10000000000.0,,12.609581386666667,1891437208.0,33961892.0,10000000000.0,2419.0992,"{""activation"": ""selu"", ""batch_size"": 8, ""data_augmentation"": true, ""dr_f"": 0.305090169255, ""learning_rate"": 0.000643256093, ""new_fc_1"": 23, ""new_fc_10"": 16, ""new_fc_2"": 12, ""new_fc_3"": 17, ""new_fc_4"": 28, ""new_fc_5"": 19, ""new_fc_6"": 2, ""new_fc_7"": 30, ""new_fc_8"": 6, ""new_fc_9"": 8, ""num_neurons"": 64, ""optimizer"": ""Adadelta"", ""reg_l2"": true, ""skip_connection"": false, ""unit_c1"": 4, ""unit_c2"": 4}"
237,82,accuracy,0.9901000000536442,0.00989999994635582,0.050977546666666665,7646632.0,118272.0,-0.2916367359624491,2804.3533,"{""activation"": ""swish"", ""batch_size"": 16, ""data_augmentation"": false, ""dr_f"": 0.068814518025, ""learning_rate"": 0.000501216051, ""new_fc_1"": 12, ""new_fc_10"": 23, ""new_fc_2"": 4, ""new_fc_3"": 10, ""new_fc_4"": 32, ""new_fc_5"": 23, ""new_fc_6"": 12, ""new_fc_7"": 6, ""new_fc_8"": 9, ""new_fc_9"": 1, ""num_neurons"": 4, ""optimizer"": ""SGD"", ""reg_l2"": false, ""skip_connection"": false, ""unit_c1"": 3, ""unit_c2"": 6}"
238,83,accuracy,0.7030999958515167,0.2969000041484833,0.10141210666666667,15211816.0,1041444.0,-0.4774063709039383,3489.2018,"{""activation"": ""selu"", ""batch_size"": 32, ""data_augmentation"": true, ""dr_f"": 0.149526323006, ""learning_rate"": 0.00044718017, ""new_fc_1"": 25, ""new_fc_10"": 2, ""new_fc_2"": 3, ""new_fc_3"": 7, ""new_fc_4"": 24, ""new_fc_5"": 17, ""new_fc_6"": 4, ""new_fc_7"": 3, ""new_fc_8"": 7, ""new_fc_9"": 1, ""num_neurons"": 16, ""optimizer"": ""Adamax"", ""reg_l2"": false, ""skip_connection"": true, ""unit_c1"": 1, ""unit_c2"": 2}"
239,83,flops,,,0.060550933333333334,9082640.0,57924.0,,3490.2641,"{""activation"": ""elu"", ""batch_size"": 16, ""data_augmentation"": false, ""dr_f"": 0.362822308538, ""learning_rate"": 0.00098784997, ""new_fc_1"": 1, ""new_fc_10"": 4, ""new_fc_2"": 30, ""new_fc_3"": 11, ""new_fc_4"": 30, ""new_fc_5"": 31, ""new_fc_6"": 16, ""new_fc_7"": 7, ""new_fc_8"": 18, ""new_fc_9"": 10, ""num_neurons"": 4, ""optimizer"": ""Adagrad"", ""reg_l2"": true, ""skip_connection"": false, ""unit_c1"": 4, ""unit_c2"": 5}"
240,83,flops,,,0.0105264,1578960.0,80472.0,,3491.4099,"{""activation"": ""relu"", ""batch_size"": 16, ""data_augmentation"": false, ""dr_f"": 0.077505402736, ""learning_rate"": 0.000892870605, ""new_fc_1"": 8, ""new_fc_10"": 17, ""new_fc_2"": 28, ""new_fc_3"": 26, ""new_fc_4"": 9, ""new_fc_5"": 17, ""new_fc_6"": 10, ""new_fc_7"": 5, ""new_fc_8"": 26, ""new_fc_9"": 28, ""num_neurons"": 4, ""optimizer"": ""Adam"", ""reg_l2"": false, ""skip_connection"": false, ""unit_c1"": 1, ""unit_c2"": 3}"
241,83,flops,,,7.339105866666666,1100865880.0,34840996.0,,3493.9741,"{""activation"": ""swish"", ""batch_size"": 64, ""data_augmentation"": true, ""dr_f"": 0.129373854442, ""learning_rate"": 0.000552523306, ""new_fc_1"": 23, ""new_fc_10"": 6, ""new_fc_2"": 28, ""new_fc_3"": 26, ""new_fc_4"": 27, ""new_fc_5"": 10, ""new_fc_6"": 4, ""new_fc_7"": 18, ""new_fc_8"": 27, ""new_fc_9"": 27, ""num_neurons"": 64, ""optimizer"": ""Adam"", ""reg_l2"": false, ""skip_connection"": true, ""unit_c1"": 3, ""unit_c2"": 3}"
242,83,flops,,,0.043909093333333336,6586364.0,141228.0,,3494.9478,"{""activation"": ""elu"", ""batch_size"": 32, ""data_augmentation"": false, ""dr_f"": 0.089710189767, ""learning_rate"": 0.000607035359, ""new_fc_1"": 16, ""new_fc_10"": 20, ""new_fc_2"": 12, ""new_fc_3"": 4, ""new_fc_4"": 30, ""new_fc_5"": 16, ""new_fc_6"": 23, ""new_fc_7"": 16, ""new_fc_8"": 15, ""new_fc_9"": 25, ""num_neurons"": 4, ""optimizer"": ""Adadelta"", ""reg_l2"": false, ""skip_connection"": false, ""unit_c1"": 3, ""unit_c2"": 5}"
243,83,flops,,,12.72062352,1908093528.0,42290276.0,,3497.6665,"{""activation"": ""selu"", ""batch_size"": 16, ""data_augmentation"": true, ""dr_f"": 0.109348945652, ""learning_rate"": 0.000955381636, ""new_fc_1"": 30, ""new_fc_10"": 11, ""new_fc_2"": 14, ""new_fc_3"": 8, ""new_fc_4"": 11, ""new_fc_5"": 16, ""new_fc_6"": 22, ""new_fc_7"": 31, ""new_fc_8"": 2, ""new_fc_9"": 23, ""num_neurons"": 64, ""optimizer"": ""Adadelta"", ""reg_l2"": true, ""skip_connection"": false, ""unit_c1"": 4, ""unit_c2"": 4}"
244,84,accuracy,0.9822000004351139,0.017799999564886093,0.34904218666666664,52356328.0,1023092.0,-0.20774734369542028,3763.4451,"{""activation"": ""selu"", ""batch_size"": 64, ""data_augmentation"": true, ""dr_f"": 0.364615535924, ""learning_rate"": 0.000210539372, ""new_fc_1"": 27, ""new_fc_10"": 1, ""new_fc_2"": 6, ""new_fc_3"": 0, ""new_fc_4"": 30, ""new_fc_5"": 8, ""new_fc_6"": 19, ""new_fc_7"": 14, ""new_fc_8"": 2, ""new_fc_9"": 15, ""num_neurons"": 8, ""optimizer"": ""SGD"", ""reg_l2"": false, ""skip_connection"": true, ""unit_c1"": 4, ""unit_c2"": 8}"
245,84,flops,,,7.05615248,1058422872.0,45066852.0,,3766.5669,"{""activation"": ""swish"", ""batch_size"": 8, ""data_augmentation"": false, ""dr_f"": 0.330982607474, ""learning_rate"": 0.000165066166, ""new_fc_1"": 25, ""new_fc_10"": 21, ""new_fc_2"": 7, ""new_fc_3"": 15, ""new_fc_4"": 21, ""new_fc_5"": 22, ""new_fc_6"": 7, ""new_fc_7"": 6, ""new_fc_8"": 27, ""new_fc_9"": 25, ""num_neurons"": 64, ""optimizer"": ""Adam"", ""reg_l2"": false, ""skip_connection"": false, ""unit_c1"": 2, ""unit_c2"": 5}"
246,84,flops,,,0.16503941333333333,24755912.0,248820.0,,3767.6274,"{""activation"": ""relu"", ""batch_size"": 64, ""data_augmentation"": true, ""dr_f"": 0.19762987156, ""learning_rate"": 0.000384315162, ""new_fc_1"": 4, ""new_fc_10"": 3, ""new_fc_2"": 19, ""new_fc_3"": 27, ""new_fc_4"": 9, ""new_fc_5"": 27, ""new_fc_6"": 30, ""new_fc_7"": 20, ""new_fc_8"": 23, ""new_fc_9"": 4, ""num_neurons"": 8, ""optimizer"": ""Adamax"", ""reg_l2"": false, ""skip_connection"": false, ""unit_c1"": 4, ""unit_c2"": 2}"
247,85,accuracy,0.8017999976873398,0.19820000231266022,0.03536176,5304264.0,269244.0,-0.4281314736188621,4752.6429,"{""activation"": ""elu"", ""batch_size"": 8, ""data_augmentation"": true, ""dr_f"": 0.08792907642, ""learning_rate"": 0.000552294161, ""new_fc_1"": 30, ""new_fc_10"": 21, ""new_fc_2"": 28, ""new_fc_3"": 2, ""new_fc_4"": 1, ""new_fc_5"": 8, ""new_fc_6"": 29, ""new_fc_7"": 13, ""new_fc_8"": 19, ""new_fc_9"": 13, ""num_neurons"": 4, ""optimizer"": ""Adam"", ""reg_l2"": false, ""skip_connection"": true, ""unit_c1"": 1, ""unit_c2"": 7}"
248,85,flops,,,0.06106834666666667,9160252.0,141968.0,,4753.8781,"{""activation"": ""swish"", ""batch_size"": 64, ""data_augmentation"": false, ""dr_f"": 0.393811234449, ""learning_rate"": 0.000101260379, ""new_fc_1"": 11, ""new_fc_10"": 18, ""new_fc_2"": 13, ""new_fc_3"": 25, ""new_fc_4"": 1, ""new_fc_5"": 27, ""new_fc_6"": 4, ""new_fc_7"": 23, ""new_fc_8"": 26, ""new_fc_9"": 31, ""num_neurons"": 4, ""optimizer"": ""Adam"", ""reg_l2"": false, ""skip_connection"": true, ""unit_c1"": 3, ""unit_c2"": 7}"
249,86,accuracy,0.9226000010967255,0.07739999890327454,0.06585648,9878472.0,935876.0,-0.33442305523229215,6458.5868,"{""activation"": ""selu"", ""batch_size"": 8, ""data_augmentation"": false, ""dr_f"": 0.357507975038, ""learning_rate"": 0.000898229392, ""new_fc_1"": 9, ""new_fc_10"": 20, ""new_fc_2"": 17, ""new_fc_3"": 5, ""new_fc_4"": 32, ""new_fc_5"": 27, ""new_fc_6"": 15, ""new_fc_7"": 26, ""new_fc_8"": 7, ""new_fc_9"": 25, ""num_neurons"": 16, ""optimizer"": ""SGD"", ""reg_l2"": true, ""skip_connection"": false, ""unit_c1"": 1, ""unit_c2"": 1}"
250,87,accuracy,0.9114999994635582,0.0885000005364418,0.5348605333333334,80229080.0,3797188.0,-0.20149184037550924,8944.7049,"{""activation"": ""elu"", ""batch_size"": 8, ""data_augmentation"": false, ""dr_f"": 0.409755570006, ""learning_rate"": 0.000533123732, ""new_fc_1"": 28, ""new_fc_10"": 26, ""new_fc_2"": 9, ""new_fc_3"": 15, ""new_fc_4"": 28, ""new_fc_5"": 9, ""new_fc_6"": 2, ""new_fc_7"": 3, ""new_fc_8"": 23, ""new_fc_9"": 9, ""num_neurons"": 16, ""optimizer"": ""Adagrad"", ""reg_l2"": false, ""skip_connection"": true, ""unit_c1"": 1, ""unit_c2"": 7}"
251,88,accuracy,0.8314000070095062,0.16859999299049377,0.13737194666666666,20605792.0,411356.0,-0.3768084110933457,9929.3582,"{""activation"": ""selu"", ""batch_size"": 16, ""data_augmentation"": false, ""dr_f"": 0.166631282275, ""learning_rate"": 0.000589354061, ""new_fc_1"": 6, ""new_fc_10"": 32, ""new_fc_2"": 10, ""new_fc_3"": 10, ""new_fc_4"": 19, ""new_fc_5"": 15, ""new_fc_6"": 4, ""new_fc_7"": 23, ""new_fc_8"": 29, ""new_fc_9"": 29, ""num_neurons"": 8, ""optimizer"": ""Adamax"", ""reg_l2"": true, ""skip_connection"": false, ""unit_c1"": 2, ""unit_c2"": 6}"
252,88,flops,,,0.036764906666666666,5514736.0,47464.0,,9930.5061,"{""activation"": ""selu"", ""batch_size"": 32, ""data_augmentation"": true, ""dr_f"": 0.214900376997, ""learning_rate"": 0.000587435319, ""new_fc_1"": 0, ""new_fc_10"": 25, ""new_fc_2"": 2, ""new_fc_3"": 11, ""new_fc_4"": 8, ""new_fc_5"": 28, ""new_fc_6"": 27, ""new_fc_7"": 3, ""new_fc_8"": 6, ""new_fc_9"": 8, ""num_neurons"": 4, ""optimizer"": ""Adagrad"", ""reg_l2"": true, ""skip_connection"": false, ""unit_c1"": 3, ""unit_c2"": 4}"
253,88,flops,,,0.007452533333333333,1117880.0,71688.0,,9932.0036,"{""activation"": ""elu"", ""batch_size"": 64, ""data_augmentation"": false, ""dr_f"": 0.323064073373, ""learning_rate"": 0.000609255119, ""new_fc_1"": 19, ""new_fc_10"": 27, ""new_fc_2"": 7, ""new_fc_3"": 12, ""new_fc_4"": 7, ""new_fc_5"": 10, ""new_fc_6"": 1, ""new_fc_7"": 14, ""new_fc_8"": 2, ""new_fc_9"": 29, ""num_neurons"": 4, ""optimizer"": ""Adamax"", ""reg_l2"": true, ""skip_connection"": false, ""unit_c1"": 1, ""unit_c2"": 2}"
254,89,accuracy,0.8280999958515167,0.17190000414848328,0.3000296,45004440.0,2776788.0,-0.3303211229039383,10677.8536,"{""activation"": ""selu"", ""batch_size"": 32, ""data_augmentation"": false, ""dr_f"": 0.185152079019, ""learning_rate"": 0.000100005033, ""new_fc_1"": 32, ""new_fc_10"": 22, ""new_fc_2"": 27, ""new_fc_3"": 26, ""new_fc_4"": 31, ""new_fc_5"": 0, ""new_fc_6"": 21, ""new_fc_7"": 29, ""new_fc_8"": 10, ""new_fc_9"": 14, ""num_neurons"": 16, ""optimizer"": ""Adagrad"", ""reg_l2"": false, ""skip_connection"": true, ""unit_c1"": 2, ""unit_c2"": 3}"
255,90,accuracy,0.9900000002235174,0.009999999776482582,0.23037178666666666,34555768.0,517252.0,-0.2378884638435378,11064.0092,"{""activation"": ""selu"", ""batch_size"": 16, ""data_augmentation"": true, ""dr_f"": 0.45573369884, ""learning_rate"": 0.000715063345, ""new_fc_1"": 9, ""new_fc_10"": 28, ""new_fc_2"": 20, ""new_fc_3"": 17, ""new_fc_4"": 13, ""new_fc_5"": 23, ""new_fc_6"": 31, ""new_fc_7"": 18, ""new_fc_8"": 5, ""new_fc_9"": 16, ""num_neurons"": 8, ""optimizer"": ""Adam"", ""reg_l2"": false, ""skip_connection"": true, ""unit_c1"": 3, ""unit_c2"": 7}"
256,91,accuracy,10000000000.0,,1.1854853866666666,177822808.0,3861828.0,10000000000.0,11066.264,"{""activation"": ""swish"", ""batch_size"": 8, ""data_augmentation"": true, ""dr_f"": 0.190042904237, ""learning_rate"": 0.000942920588, ""new_fc_1"": 26, ""new_fc_10"": 1, ""new_fc_2"": 5, ""new_fc_3"": 22, ""new_fc_4"": 25, ""new_fc_5"": 29, ""new_fc_6"": 10, ""new_fc_7"": 18, ""new_fc_8"": 31, ""new_fc_9"": 1, ""num_neurons"": 16, ""optimizer"": ""SGD"", ""reg_l2"": false, ""skip_connection"": false, ""unit_c1"": 4, ""unit_c2"": 7}"
257,92,accuracy,0.9900000002235174,0.009999999776482582,0.29604336,44406504.0,1648452.0,-0.2181869918435378,11511.5643,"{""activation"": ""swish"", ""batch_size"": 16, ""data_augmentation"": true, ""dr_f"": 0.03672708537, ""learning_rate"": 0.000386162905, ""new_fc_1"": 12, ""new_fc_10"": 11, ""new_fc_2"": 2, ""new_fc_3"": 24, ""new_fc_4"": 13, ""new_fc_5"": 5, ""new_fc_6"": 19, ""new_fc_7"": 22, ""new_fc_8"": 20, ""new_fc_9"": 27, ""num_neurons"": 16, ""optimizer"": ""Adam"", ""reg_l2"": true, ""skip_connection"": false, ""unit_c1"": 1, ""unit_c2"": 5}"
258,93,accuracy,0.991499999538064,0.008500000461935997,0.10538853333333334,15808280.0,1544500.0,-0.27433344032335516,12196.2735,"{""activation"": ""relu"", ""batch_size"": 8, ""data_augmentation"": false, ""dr_f"": 0.36447920571, ""learning_rate"": 0.000241447767, ""new_fc_1"": 0, ""new_fc_10"": 28, ""new_fc_2"": 22, ""new_fc_3"": 7, ""new_fc_4"": 4, ""new_fc_5"": 17, ""new_fc_6"": 20, ""new_fc_7"": 25, ""new_fc_8"": 18, ""new_fc_9"": 31, ""num_neurons"": 16, ""optimizer"": ""Adadelta"", ""reg_l2"": false, ""skip_connection"": false, ""unit_c1"": 1, ""unit_c2"": 2}"
259,94,accuracy,0.9824000000953674,0.01759999990463257,0.036562026666666664,5484304.0,148020.0,-0.3013513919332428,12581.0674,"{""activation"": ""selu"", ""batch_size"": 16, ""data_augmentation"": false, ""dr_f"": 0.227358424165, ""learning_rate"": 0.000227565407, ""new_fc_1"": 18, ""new_fc_10"": 13, ""new_fc_2"": 17, ""new_fc_3"": 15, ""new_fc_4"": 32, ""new_fc_5"": 0, ""new_fc_6"": 1, ""new_fc_7"": 18, ""new_fc_8"": 1, ""new_fc_9"": 27, ""num_neurons"": 4, ""optimizer"": ""Adagrad"", ""reg_l2"": false, ""skip_connection"": false, ""unit_c1"": 2, ""unit_c2"": 6}"
260,94,flops,,,0.6400396266666667,96005944.0,1718484.0,,12582.629,"{""activation"": ""swish"", ""batch_size"": 64, ""data_augmentation"": false, ""dr_f"": 0.357841627481, ""learning_rate"": 0.000810726914, ""new_fc_1"": 11, ""new_fc_10"": 1, ""new_fc_2"": 26, ""new_fc_3"": 26, ""new_fc_4"": 11, ""new_fc_5"": 9, ""new_fc_6"": 23, ""new_fc_7"": 20, ""new_fc_8"": 20, ""new_fc_9"": 15, ""num_neurons"": 16, ""optimizer"": ""Adam"", ""reg_l2"": false, ""skip_connection"": false, ""unit_c1"": 3, ""unit_c2"": 5}"
261,95,accuracy,10000000000.0,,7.98252688,1197379032.0,32527268.0,10000000000.0,12585.8419,"{""activation"": ""relu"", ""batch_size"": 16, ""data_augmentation"": false, ""dr_f"": 0.29561789203, ""learning_rate"": 0.000680255413, ""new_fc_1"": 12, ""new_fc_10"": 27, ""new_fc_2"": 8, ""new_fc_3"": 19, ""new_fc_4"": 8, ""new_fc_5"": 9, ""new_fc_6"": 11, ""new_fc_7"": 16, ""new_fc_8"": 9, ""new_fc_9"": 31, ""num_neurons"": 64, ""optimizer"": ""Adamax"", ""reg_l2"": true, ""skip_connection"": false, ""unit_c1"": 1, ""unit_c2"": 7}"
262,95,flops,,,5.79125008,868687512.0,45120036.0,,12588.7056,"{""activation"": ""relu"", ""batch_size"": 8, ""data_augmentation"": false, ""dr_f"": 0.145209389066, ""learning_rate"": 0.000618009535, ""new_fc_1"": 30, ""new_fc_10"": 6, ""new_fc_2"": 7, ""new_fc_3"": 30, ""new_fc_4"": 21, ""new_fc_5"": 21, ""new_fc_6"": 7, ""new_fc_7"": 32, ""new_fc_8"": 23, ""new_fc_9"": 16, ""num_neurons"": 64, ""optimizer"": ""SGD"", ""reg_l2"": true, ""skip_connection"": true, ""unit_c1"": 2, ""unit_c2"": 4}"
263,95,flops,,,2.8656415466666667,429846232.0,7276804.0,,12589.9179,"{""activation"": ""selu"", ""batch_size"": 8, ""data_augmentation"": false, ""dr_f"": 0.406023802641, ""learning_rate"": 0.000678430228, ""new_fc_1"": 15, ""new_fc_10"": 11, ""new_fc_2"": 18, ""new_fc_3"": 20, ""new_fc_4"": 32, ""new_fc_5"": 12, ""new_fc_6"": 30, ""new_fc_7"": 18, ""new_fc_8"": 26, ""new_fc_9"": 22, ""num_neurons"": 32, ""optimizer"": ""Adagrad"", ""reg_l2"": false, ""skip_connection"": true, ""unit_c1"": 4, ""unit_c2"": 3}"
264,96,accuracy,0.9897999996319413,0.010200000368058681,0.007640986666666667,1146148.0,73020.0,-0.304847704257641,12974.8117,"{""activation"": ""swish"", ""batch_size"": 16, ""data_augmentation"": true, ""dr_f"": 0.417069299857, ""learning_rate"": 0.000464605367, ""new_fc_1"": 25, ""new_fc_10"": 8, ""new_fc_2"": 6, ""new_fc_3"": 24, ""new_fc_4"": 16, ""new_fc_5"": 1, ""new_fc_6"": 6, ""new_fc_7"": 28, ""new_fc_8"": 2, ""new_fc_9"": 13, ""num_neurons"": 4, ""optimizer"": ""Adadelta"", ""reg_l2"": false, ""skip_connection"": false, ""unit_c1"": 1, ""unit_c2"": 2}"
265,97,accuracy,0.9704999998211861,0.029500000178813934,0.26584064,39876096.0,985796.0,-0.24089780812516975,13240.4766,"{""activation"": ""selu"", ""batch_size"": 32, ""data_augmentation"": true, ""dr_f"": 0.341087210513, ""learning_rate"": 0.00089120317, ""new_fc_1"": 21, ""new_fc_10"": 14, ""new_fc_2"": 18, ""new_fc_3"": 6, ""new_fc_4"": 18, ""new_fc_5"": 21, ""new_fc_6"": 29, ""new_fc_7"": 20, ""new_fc_8"": 19, ""new_fc_9"": 31, ""num_neurons"": 8, ""optimizer"": ""SGD"", ""reg_l2"": true, ""skip_connection"": false, ""unit_c1"": 3, ""unit_c2"": 8}"
266,98,accuracy,0.75730000436306,0.24269999563694,0.10588613333333333,15882920.0,464140.0,-0.438124156945858,13626.1372,"{""activation"": ""elu"", ""batch_size"": 64, ""data_augmentation"": true, ""dr_f"": 0.384957330794, ""learning_rate"": 0.000782269466, ""new_fc_1"": 28, ""new_fc_10"": 28, ""new_fc_2"": 32, ""new_fc_3"": 7, ""new_fc_4"": 25, ""new_fc_5"": 21, ""new_fc_6"": 0, ""new_fc_7"": 3, ""new_fc_8"": 13, ""new_fc_9"": 29, ""num_neurons"": 8, ""optimizer"": ""Adamax"", ""reg_l2"": false, ""skip_connection"": false, ""unit_c1"": 3, ""unit_c2"": 2}"
267,98,flops,,,0.19297765333333333,28946648.0,607084.0,,13627.1927,"{""activation"": ""swish"", ""batch_size"": 32, ""data_augmentation"": false, ""dr_f"": 0.432136582015, ""learning_rate"": 0.000239561113, ""new_fc_1"": 32, ""new_fc_10"": 11, ""new_fc_2"": 11, ""new_fc_3"": 0, ""new_fc_4"": 22, ""new_fc_5"": 1, ""new_fc_6"": 32, ""new_fc_7"": 16, ""new_fc_8"": 28, ""new_fc_9"": 31, ""num_neurons"": 8, ""optimizer"": ""Adam"", ""reg_l2"": false, ""skip_connection"": true, ""unit_c1"": 4, ""unit_c2"": 3}"
268,99,accuracy,10000000000.0,,8.807694666666666,1321154200.0,54640932.0,10000000000.0,13630.2479,"{""activation"": ""elu"", ""batch_size"": 16, ""data_augmentation"": false, ""dr_f"": 0.407115070656, ""learning_rate"": 0.000827536362, ""new_fc_1"": 27, ""new_fc_10"": 13, ""new_fc_2"": 10, ""new_fc_3"": 13, ""new_fc_4"": 22, ""new_fc_5"": 28, ""new_fc_6"": 4, ""new_fc_7"": 30, ""new_fc_8"": 22, ""new_fc_9"": 0, ""num_neurons"": 64, ""optimizer"": ""Adagrad"", ""reg_l2"": true, ""skip_connection"": false, ""unit_c1"": 2, ""unit_c2"": 6}"
269,100,accuracy,10000000000.0,,2.7549616533333334,413244248.0,23515492.0,10000000000.0,13632.1576,"{""activation"": ""swish"", ""batch_size"": 64, ""data_augmentation"": true, ""dr_f"": 0.447252241082, ""learning_rate"": 0.000605772661, ""new_fc_1"": 28, ""new_fc_10"": 21, ""new_fc_2"": 27, ""new_fc_3"": 19, ""new_fc_4"": 32, ""new_fc_5"": 3, ""new_fc_6"": 13, ""new_fc_7"": 19, ""new_fc_8"": 18, ""new_fc_9"": 32, ""num_neurons"": 64, ""optimizer"": ""Adam"", ""reg_l2"": true, ""skip_connection"": false, ""unit_c1"": 2, ""unit_c2"": 1}"
270,101,accuracy,0.8197000026702881,0.18029999732971191,0.3881448,58221720.0,4626884.0,-0.30976655813079834,507.1054,"{""activation"": ""elu"", ""batch_size"": 64, ""data_augmentation"": false, ""dr_f"": 0.198478892416, ""learning_rate"": 0.000204282154, ""new_fc_1"": 21, ""new_fc_10"": 26, ""new_fc_2"": 26, ""new_fc_3"": 0, ""new_fc_4"": 13, ""new_fc_5"": 2, ""new_fc_6"": 0, ""new_fc_7"": 4, ""new_fc_8"": 25, ""new_fc_9"": 13, ""num_neurons"": 32, ""optimizer"": ""Adagrad"", ""reg_l2"": false, ""skip_connection"": false, ""unit_c1"": 1, ""unit_c2"": 2}"
271,101,flops,,,0.05615208,8422812.0,139432.0,,508.3744,"{""activation"": ""selu"", ""batch_size"": 32, ""data_augmentation"": false, ""dr_f"": 0.484169691196, ""learning_rate"": 0.000237792254, ""new_fc_1"": 18, ""new_fc_10"": 11, ""new_fc_2"": 29, ""new_fc_3"": 13, ""new_fc_4"": 12, ""new_fc_5"": 19, ""new_fc_6"": 25, ""new_fc_7"": 26, ""new_fc_8"": 24, ""new_fc_9"": 8, ""num_neurons"": 4, ""optimizer"": ""Adamax"", ""reg_l2"": false, ""skip_connection"": true, ""unit_c1"": 4, ""unit_c2"": 4}"
272,101,flops,,,0.80823984,121235976.0,1999540.0,,509.6826,"{""activation"": ""selu"", ""batch_size"": 32, ""data_augmentation"": true, ""dr_f"": 0.456590467855, ""learning_rate"": 0.000743824576, ""new_fc_1"": 10, ""new_fc_10"": 8, ""new_fc_2"": 8, ""new_fc_3"": 5, ""new_fc_4"": 31, ""new_fc_5"": 11, ""new_fc_6"": 31, ""new_fc_7"": 16, ""new_fc_8"": 3, ""new_fc_9"": 32, ""num_neurons"": 16, ""optimizer"": ""SGD"", ""reg_l2"": true, ""skip_connection"": true, ""unit_c1"": 2, ""unit_c2"": 8}"
273,102,accuracy,0.9872000003233552,0.012799999676644802,0.10209381333333334,15314072.0,647660.0,-0.2783318557736513,654.5519,"{""activation"": ""relu"", ""batch_size"": 64, ""data_augmentation"": false, ""dr_f"": 0.092724979109, ""learning_rate"": 0.000233508116, ""new_fc_1"": 19, ""new_fc_10"": 4, ""new_fc_2"": 23, ""new_fc_3"": 18, ""new_fc_4"": 23, ""new_fc_5"": 30, ""new_fc_6"": 1, ""new_fc_7"": 0, ""new_fc_8"": 16, ""new_fc_9"": 18, ""num_neurons"": 8, ""optimizer"": ""Adagrad"", ""reg_l2"": false, ""skip_connection"": false, ""unit_c1"": 1, ""unit_c2"": 6}"
274,102,flops,,,10.233377013333333,1535006552.0,46367908.0,,657.3997,"{""activation"": ""relu"", ""batch_size"": 32, ""data_augmentation"": true, ""dr_f"": 0.213957571847, ""learning_rate"": 0.000487355794, ""new_fc_1"": 28, ""new_fc_10"": 0, ""new_fc_2"": 1, ""new_fc_3"": 25, ""new_fc_4"": 10, ""new_fc_5"": 24, ""new_fc_6"": 0, ""new_fc_7"": 30, ""new_fc_8"": 21, ""new_fc_9"": 1, ""num_neurons"": 64, ""optimizer"": ""SGD"", ""reg_l2"": false, ""skip_connection"": false, ""unit_c1"": 3, ""unit_c2"": 5}"
275,103,accuracy,10000000000.0,,11.52172432,1728258648.0,11364900.0,10000000000.0,659.9155,"{""activation"": ""relu"", ""batch_size"": 64, ""data_augmentation"": false, ""dr_f"": 0.166273170926, ""learning_rate"": 0.000299847356, ""new_fc_1"": 1, ""new_fc_10"": 23, ""new_fc_2"": 1, ""new_fc_3"": 5, ""new_fc_4"": 19, ""new_fc_5"": 27, ""new_fc_6"": 2, ""new_fc_7"": 24, ""new_fc_8"": 22, ""new_fc_9"": 12, ""num_neurons"": 64, ""optimizer"": ""Adagrad"", ""reg_l2"": true, ""skip_connection"": false, ""unit_c1"": 3, ""unit_c2"": 6}"
276,104,accuracy,10000000000.0,,2.6228054933333333,393420824.0,14561220.0,10000000000.0,662.6676,"{""activation"": ""swish"", ""batch_size"": 32, ""data_augmentation"": false, ""dr_f"": 0.046061028366, ""learning_rate"": 0.000766271898, ""new_fc_1"": 22, ""new_fc_10"": 30, ""new_fc_2"": 11, ""new_fc_3"": 22, ""new_fc_4"": 30, ""new_fc_5"": 10, ""new_fc_6"": 0, ""new_fc_7"": 12, ""new_fc_8"": 28, ""new_fc_9"": 5, ""num_neurons"": 32, ""optimizer"": ""Adadelta"", ""reg_l2"": true, ""skip_connection"": true, ""unit_c1"": 1, ""unit_c2"": 8}"
277,105,accuracy,10000000000.0,,16.238559733333332,2435783960.0,19485412.0,10000000000.0,665.4627,"{""activation"": ""selu"", ""batch_size"": 16, ""data_augmentation"": false, ""dr_f"": 0.166935844321, ""learning_rate"": 0.000803744134, ""new_fc_1"": 1, ""new_fc_10"": 15, ""new_fc_2"": 11, ""new_fc_3"": 22, ""new_fc_4"": 17, ""new_fc_5"": 31, ""new_fc_6"": 16, ""new_fc_7"": 30, ""new_fc_8"": 25, ""new_fc_9"": 11, ""num_neurons"": 64, ""optimizer"": ""Adam"", ""reg_l2"": true, ""skip_connection"": true, ""unit_c1"": 3, ""unit_c2"": 8}"
278,106,accuracy,0.9903999995440245,0.009600000455975533,0.04100706666666667,6151060.0,67064.0,-0.29441788031918287,1351.9984,"{""activation"": ""elu"", ""batch_size"": 8, ""data_augmentation"": false, ""dr_f"": 0.229956567825, ""learning_rate"": 0.000288557487, ""new_fc_1"": 16, ""new_fc_10"": 23, ""new_fc_2"": 31, ""new_fc_3"": 9, ""new_fc_4"": 15, ""new_fc_5"": 25, ""new_fc_6"": 21, ""new_fc_7"": 14, ""new_fc_8"": 11, ""new_fc_9"": 2, ""num_neurons"": 4, ""optimizer"": ""SGD"", ""reg_l2"": true, ""skip_connection"": false, ""unit_c1"": 4, ""unit_c2"": 1}"
279,106,flops,,,10.01847952,1502771928.0,17647716.0,,1353.9679,"{""activation"": ""swish"", ""batch_size"": 16, ""data_augmentation"": false, ""dr_f"": 0.477815652603, ""learning_rate"": 0.000281583229, ""new_fc_1"": 2, ""new_fc_10"": 24, ""new_fc_2"": 11, ""new_fc_3"": 28, ""new_fc_4"": 0, ""new_fc_5"": 31, ""new_fc_6"": 19, ""new_fc_7"": 7, ""new_fc_8"": 30, ""new_fc_9"": 30, ""num_neurons"": 64, ""optimizer"": ""Adagrad"", ""reg_l2"": true, ""skip_connection"": true, ""unit_c1"": 4, ""unit_c2"": 2}"
280,106,flops,,,3.00728976,451093464.0,5778692.0,,1355.514,"{""activation"": ""elu"", ""batch_size"": 32, ""data_augmentation"": false, ""dr_f"": 0.470938523004, ""learning_rate"": 0.00025224701, ""new_fc_1"": 8, ""new_fc_10"": 7, ""new_fc_2"": 21, ""new_fc_3"": 11, ""new_fc_4"": 31, ""new_fc_5"": 16, ""new_fc_6"": 1, ""new_fc_7"": 30, ""new_fc_8"": 19, ""new_fc_9"": 4, ""num_neurons"": 32, ""optimizer"": ""Adam"", ""reg_l2"": true, ""skip_connection"": true, ""unit_c1"": 3, ""unit_c2"": 6}"
281,107,accuracy,0.9728999994695187,0.02710000053048134,0.7269007466666667,109035112.0,1526852.0,-0.10089977637133692,1800.8737,"{""activation"": ""elu"", ""batch_size"": 16, ""data_augmentation"": true, ""dr_f"": 0.287429934356, ""learning_rate"": 0.000542165099, ""new_fc_1"": 21, ""new_fc_10"": 24, ""new_fc_2"": 6, ""new_fc_3"": 3, ""new_fc_4"": 2, ""new_fc_5"": 24, ""new_fc_6"": 20, ""new_fc_7"": 23, ""new_fc_8"": 0, ""new_fc_9"": 6, ""num_neurons"": 16, ""optimizer"": ""SGD"", ""reg_l2"": true, ""skip_connection"": true, ""unit_c1"": 4, ""unit_c2"": 3}"
282,107,flops,,,7.0945840533333335,1064187608.0,17815076.0,,1802.6977,"{""activation"": ""relu"", ""batch_size"": 64, ""data_augmentation"": false, ""dr_f"": 0.03050560438, ""learning_rate"": 0.000897285651, ""new_fc_1"": 7, ""new_fc_10"": 22, ""new_fc_2"": 5, ""new_fc_3"": 3, ""new_fc_4"": 23, ""new_fc_5"": 19, ""new_fc_6"": 18, ""new_fc_7"": 16, ""new_fc_8"": 23, ""new_fc_9"": 26, ""num_neurons"": 64, ""optimizer"": ""Adamax"", ""reg_l2"": false, ""skip_connection"": false, ""unit_c1"": 3, ""unit_c2"": 3}"
283,107,flops,,,0.17086048,25629072.0,716636.0,,1803.8329,"{""activation"": ""elu"", ""batch_size"": 64, ""data_augmentation"": false, ""dr_f"": 0.455931179747, ""learning_rate"": 0.00073236784, ""new_fc_1"": 19, ""new_fc_10"": 18, ""new_fc_2"": 2, ""new_fc_3"": 7, ""new_fc_4"": 29, ""new_fc_5"": 11, ""new_fc_6"": 16, ""new_fc_7"": 1, ""new_fc_8"": 22, ""new_fc_9"": 26, ""num_neurons"": 8, ""optimizer"": ""Adagrad"", ""reg_l2"": false, ""skip_connection"": false, ""unit_c1"": 2, ""unit_c2"": 7}"
284,107,flops,,,7.0217797866666665,1053266968.0,31438564.0,,1806.463,"{""activation"": ""swish"", ""batch_size"": 32, ""data_augmentation"": true, ""dr_f"": 0.305730091563, ""learning_rate"": 0.000964833264, ""new_fc_1"": 13, ""new_fc_10"": 29, ""new_fc_2"": 12, ""new_fc_3"": 23, ""new_fc_4"": 12, ""new_fc_5"": 7, ""new_fc_6"": 13, ""new_fc_7"": 17, ""new_fc_8"": 29, ""new_fc_9"": 26, ""num_neurons"": 64, ""optimizer"": ""Adadelta"", ""reg_l2"": true, ""skip_connection"": true, ""unit_c1"": 2, ""unit_c2"": 5}"
285,107,flops,,,3.65065808,547598712.0,13058436.0,,1808.3339,"{""activation"": ""swish"", ""batch_size"": 16, ""data_augmentation"": false, ""dr_f"": 0.105883852006, ""learning_rate"": 0.000611452238, ""new_fc_1"": 31, ""new_fc_10"": 10, ""new_fc_2"": 12, ""new_fc_3"": 15, ""new_fc_4"": 25, ""new_fc_5"": 9, ""new_fc_6"": 3, ""new_fc_7"": 13, ""new_fc_8"": 23, ""new_fc_9"": 22, ""num_neurons"": 32, ""optimizer"": ""Adam"", ""reg_l2"": false, ""skip_connection"": false, ""unit_c1"": 4, ""unit_c2"": 5}"
286,108,accuracy,10000000000.0,,7.0945840533333335,1064187608.0,17815076.0,10000000000.0,1810.0539,"{""activation"": ""relu"", ""batch_size"": 64, ""data_augmentation"": false, ""dr_f"": 0.03050560438, ""learning_rate"": 0.000897285651, ""new_fc_1"": 7, ""new_fc_10"": 22, ""new_fc_2"": 5, ""new_fc_3"": 3, ""new_fc_4"": 23, ""new_fc_5"": 19, ""new_fc_6"": 18, ""new_fc_7"": 16, ""new_fc_8"": 23, ""new_fc_9"": 26, ""num_neurons"": 64, ""optimizer"": ""Adamax"", ""reg_l2"": false, ""skip_connection"": false, ""unit_c1"": 3, ""unit_c2"": 3}"
287,108,flops,,,11.102634826666666,1665395224.0,70472420.0,,1814.415,"{""activation"": ""selu"", ""batch_size"": 64, ""data_augmentation"": true, ""dr_f"": 0.377946088014, ""learning_rate"": 0.000124189475, ""new_fc_1"": 28, ""new_fc_10"": 3, ""new_fc_2"": 8, ""new_fc_3"": 26, ""new_fc_4"": 19, ""new_fc_5"": 31, ""new_fc_6"": 31, ""new_fc_7"": 32, ""new_fc_8"": 14, ""new_fc_9"": 7, ""num_neurons"": 64, ""optimizer"": ""Adadelta"", ""reg_l2"": false, ""skip_connection"": true, ""unit_c1"": 2, ""unit_c2"": 7}"
288,109,accuracy,10000000000.0,,5.327349493333333,799102424.0,9923940.0,10000000000.0,1817.0429,"{""activation"": ""swish"", ""batch_size"": 8, ""data_augmentation"": true, ""dr_f"": 0.229069245984, ""learning_rate"": 0.000814129881, ""new_fc_1"": 1, ""new_fc_10"": 17, ""new_fc_2"": 0, ""new_fc_3"": 2, ""new_fc_4"": 32, ""new_fc_5"": 24, ""new_fc_6"": 22, ""new_fc_7"": 5, ""new_fc_8"": 18, ""new_fc_9"": 9, ""num_neurons"": 64, ""optimizer"": ""Adamax"", ""reg_l2"": false, ""skip_connection"": true, ""unit_c1"": 2, ""unit_c2"": 4}"
289,109,flops,,,0.00766456,1149684.0,61052.0,,1818.2999,"{""activation"": ""elu"", ""batch_size"": 16, ""data_augmentation"": false, ""dr_f"": 0.326977962411, ""learning_rate"": 0.000988317272, ""new_fc_1"": 0, ""new_fc_10"": 28, ""new_fc_2"": 8, ""new_fc_3"": 0, ""new_fc_4"": 26, ""new_fc_5"": 8, ""new_fc_6"": 25, ""new_fc_7"": 27, ""new_fc_8"": 8, ""new_fc_9"": 13, ""num_neurons"": 4, ""optimizer"": ""Adadelta"", ""reg_l2"": true, ""skip_connection"": true, ""unit_c1"": 1, ""unit_c2"": 2}"
290,109,flops,,,18.694377546666665,2804156632.0,67232612.0,,1822.2855,"{""activation"": ""relu"", ""batch_size"": 16, ""data_augmentation"": false, ""dr_f"": 0.066065990558, ""learning_rate"": 0.000698015695, ""new_fc_1"": 32, ""new_fc_10"": 0, ""new_fc_2"": 16, ""new_fc_3"": 10, ""new_fc_4"": 5, ""new_fc_5"": 23, ""new_fc_6"": 5, ""new_fc_7"": 9, ""new_fc_8"": 18, ""new_fc_9"": 4, ""num_neurons"": 64, ""optimizer"": ""SGD"", ""reg_l2"": false, ""skip_connection"": false, ""unit_c1"": 4, ""unit_c2"": 7}"
291,110,accuracy,0.9205000028014183,0.0794999971985817,0.07221349333333334,10832024.0,211100.0,-0.33398595003900716,4307.6609,"{""activation"": ""selu"", ""batch_size"": 8, ""data_augmentation"": true, ""dr_f"": 0.385316793664, ""learning_rate"": 0.000699782506, ""new_fc_1"": 4, ""new_fc_10"": 21, ""new_fc_2"": 1, ""new_fc_3"": 25, ""new_fc_4"": 15, ""new_fc_5"": 31, ""new_fc_6"": 1, ""new_fc_7"": 26, ""new_fc_8"": 14, ""new_fc_9"": 22, ""num_neurons"": 8, ""optimizer"": ""Adamax"", ""reg_l2"": false, ""skip_connection"": true, ""unit_c1"": 2, ""unit_c2"": 3}"
292,111,accuracy,0.951299998909235,0.048700001090765,0.029046826666666668,4357024.0,63292.0,-0.3253759527635355,5112.8683,"{""activation"": ""selu"", ""batch_size"": 16, ""data_augmentation"": false, ""dr_f"": 0.149899539394, ""learning_rate"": 0.000635719487, ""new_fc_1"": 2, ""new_fc_10"": 22, ""new_fc_2"": 21, ""new_fc_3"": 20, ""new_fc_4"": 12, ""new_fc_5"": 6, ""new_fc_6"": 5, ""new_fc_7"": 18, ""new_fc_8"": 31, ""new_fc_9"": 17, ""num_neurons"": 4, ""optimizer"": ""Adagrad"", ""reg_l2"": true, ""skip_connection"": false, ""unit_c1"": 2, ""unit_c2"": 5}"
293,111,flops,,,0.74049968,111074952.0,1163460.0,,5114.0916,"{""activation"": ""elu"", ""batch_size"": 64, ""data_augmentation"": false, ""dr_f"": 0.443170664873, ""learning_rate"": 0.000244747032, ""new_fc_1"": 3, ""new_fc_10"": 8, ""new_fc_2"": 4, ""new_fc_3"": 30, ""new_fc_4"": 24, ""new_fc_5"": 10, ""new_fc_6"": 32, ""new_fc_7"": 22, ""new_fc_8"": 13, ""new_fc_9"": 17, ""num_neurons"": 16, ""optimizer"": ""SGD"", ""reg_l2"": true, ""skip_connection"": false, ""unit_c1"": 3, ""unit_c2"": 6}"
294,112,accuracy,0.9900000002235174,0.009999999776482582,0.10316981333333333,15475472.0,201828.0,-0.27604905584353784,5379.1756,"{""activation"": ""swish"", ""batch_size"": 32, ""data_augmentation"": false, ""dr_f"": 0.066892789334, ""learning_rate"": 0.000458052422, ""new_fc_1"": 10, ""new_fc_10"": 6, ""new_fc_2"": 1, ""new_fc_3"": 5, ""new_fc_4"": 26, ""new_fc_5"": 7, ""new_fc_6"": 5, ""new_fc_7"": 17, ""new_fc_8"": 27, ""new_fc_9"": 21, ""num_neurons"": 8, ""optimizer"": ""Adagrad"", ""reg_l2"": false, ""skip_connection"": false, ""unit_c1"": 3, ""unit_c2"": 2}"
295,112,flops,,,0.8303865066666667,124557976.0,3877860.0,,5380.6264,"{""activation"": ""elu"", ""batch_size"": 16, ""data_augmentation"": true, ""dr_f"": 0.227578640349, ""learning_rate"": 0.000916929688, ""new_fc_1"": 0, ""new_fc_10"": 1, ""new_fc_2"": 22, ""new_fc_3"": 8, ""new_fc_4"": 30, ""new_fc_5"": 4, ""new_fc_6"": 19, ""new_fc_7"": 1, ""new_fc_8"": 6, ""new_fc_9"": 31, ""num_neurons"": 32, ""optimizer"": ""Adagrad"", ""reg_l2"": false, ""skip_connection"": false, ""unit_c1"": 2, ""unit_c2"": 2}"
296,113,accuracy,10000000000.0,,10.233377013333333,1535006552.0,46367908.0,10000000000.0,5383.7038,"{""activation"": ""relu"", ""batch_size"": 32, ""data_augmentation"": true, ""dr_f"": 0.213957571847, ""learning_rate"": 0.000487355794, ""new_fc_1"": 28, ""new_fc_10"": 0, ""new_fc_2"": 1, ""new_fc_3"": 25, ""new_fc_4"": 10, ""new_fc_5"": 24, ""new_fc_6"": 0, ""new_fc_7"": 30, ""new_fc_8"": 21, ""new_fc_9"": 1, ""num_neurons"": 64, ""optimizer"": ""SGD"", ""reg_l2"": false, ""skip_connection"": false, ""unit_c1"": 3, ""unit_c2"": 5}"
297,113,flops,,,7.206041333333333,1080906200.0,25363748.0,,5385.7067,"{""activation"": ""relu"", ""batch_size"": 16, ""data_augmentation"": true, ""dr_f"": 0.211166216154, ""learning_rate"": 0.000939690118, ""new_fc_1"": 21, ""new_fc_10"": 29, ""new_fc_2"": 0, ""new_fc_3"": 20, ""new_fc_4"": 9, ""new_fc_5"": 17, ""new_fc_6"": 3, ""new_fc_7"": 20, ""new_fc_8"": 7, ""new_fc_9"": 24, ""num_neurons"": 64, ""optimizer"": ""Adagrad"", ""reg_l2"": false, ""skip_connection"": true, ""unit_c1"": 3, ""unit_c2"": 3}"
298,113,flops,,,4.605156,690773400.0,9767396.0,,5387.6092,"{""activation"": ""selu"", ""batch_size"": 16, ""data_augmentation"": false, ""dr_f"": 0.168761463611, ""learning_rate"": 0.000123279818, ""new_fc_1"": 17, ""new_fc_10"": 4, ""new_fc_2"": 4, ""new_fc_3"": 28, ""new_fc_4"": 5, ""new_fc_5"": 24, ""new_fc_6"": 19, ""new_fc_7"": 1, ""new_fc_8"": 10, ""new_fc_9"": 10, ""num_neurons"": 32, ""optimizer"": ""Adam"", ""reg_l2"": true, ""skip_connection"": false, ""unit_c1"": 4, ""unit_c2"": 7}"
299,114,accuracy,0.9900000002235174,0.009999999776482582,0.007452533333333333,1117880.0,71688.0,-0.30476423984353784,5532.9006,"{""activation"": ""elu"", ""batch_size"": 64, ""data_augmentation"": false, ""dr_f"": 0.323064073373, ""learning_rate"": 0.000609255119, ""new_fc_1"": 19, ""new_fc_10"": 27, ""new_fc_2"": 7, ""new_fc_3"": 12, ""new_fc_4"": 7, ""new_fc_5"": 10, ""new_fc_6"": 1, ""new_fc_7"": 14, ""new_fc_8"": 2, ""new_fc_9"": 29, ""num_neurons"": 4, ""optimizer"": ""Adamax"", ""reg_l2"": true, ""skip_connection"": false, ""unit_c1"": 1, ""unit_c2"": 2}"
300,114,flops,,,0.060341066666666665,9051160.0,454036.0,,5534.312,"{""activation"": ""elu"", ""batch_size"": 16, ""data_augmentation"": false, ""dr_f"": 0.178670621519, ""learning_rate"": 0.000988779102, ""new_fc_1"": 26, ""new_fc_10"": 14, ""new_fc_2"": 22, ""new_fc_3"": 18, ""new_fc_4"": 31, ""new_fc_5"": 17, ""new_fc_6"": 12, ""new_fc_7"": 17, ""new_fc_8"": 11, ""new_fc_9"": 32, ""num_neurons"": 8, ""optimizer"": ""Adam"", ""reg_l2"": true, ""skip_connection"": true, ""unit_c1"": 2, ""unit_c2"": 2}"
301,115,accuracy,10000000000.0,,2.8656415466666667,429846232.0,7276804.0,10000000000.0,5535.6962,"{""activation"": ""selu"", ""batch_size"": 8, ""data_augmentation"": false, ""dr_f"": 0.406023802641, ""learning_rate"": 0.000678430228, ""new_fc_1"": 15, ""new_fc_10"": 11, ""new_fc_2"": 18, ""new_fc_3"": 20, ""new_fc_4"": 32, ""new_fc_5"": 12, ""new_fc_6"": 30, ""new_fc_7"": 18, ""new_fc_8"": 26, ""new_fc_9"": 22, ""num_neurons"": 32, ""optimizer"": ""Adagrad"", ""reg_l2"": false, ""skip_connection"": true, ""unit_c1"": 4, ""unit_c2"": 3}"
302,116,accuracy,0.9651999995112419,0.03480000048875809,0.04033968,6050952.0,343844.0,-0.31225809634213064,6160.7412,"{""activation"": ""selu"", ""batch_size"": 16, ""data_augmentation"": false, ""dr_f"": 0.246790669871, ""learning_rate"": 0.000765963222, ""new_fc_1"": 16, ""new_fc_10"": 2, ""new_fc_2"": 10, ""new_fc_3"": 15, ""new_fc_4"": 25, ""new_fc_5"": 13, ""new_fc_6"": 17, ""new_fc_7"": 13, ""new_fc_8"": 30, ""new_fc_9"": 9, ""num_neurons"": 8, ""optimizer"": ""Adam"", ""reg_l2"": true, ""skip_connection"": true, ""unit_c1"": 1, ""unit_c2"": 3}"
303,116,flops,,,0.019160373333333335,2874056.0,63872.0,,6162.1044,"{""activation"": ""elu"", ""batch_size"": 16, ""data_augmentation"": true, ""dr_f"": 0.108931970874, ""learning_rate"": 0.000714048925, ""new_fc_1"": 8, ""new_fc_10"": 5, ""new_fc_2"": 7, ""new_fc_3"": 9, ""new_fc_4"": 18, ""new_fc_5"": 6, ""new_fc_6"": 20, ""new_fc_7"": 0, ""new_fc_8"": 7, ""new_fc_9"": 28, ""num_neurons"": 4, ""optimizer"": ""Adagrad"", ""reg_l2"": true, ""skip_connection"": false, ""unit_c1"": 1, ""unit_c2"": 5}"
304,116,flops,,,0.1443832,21657480.0,605172.0,,6163.4299,"{""activation"": ""swish"", ""batch_size"": 64, ""data_augmentation"": false, ""dr_f"": 0.09774853232, ""learning_rate"": 0.000972065519, ""new_fc_1"": 21, ""new_fc_10"": 11, ""new_fc_2"": 5, ""new_fc_3"": 19, ""new_fc_4"": 7, ""new_fc_5"": 14, ""new_fc_6"": 6, ""new_fc_7"": 0, ""new_fc_8"": 19, ""new_fc_9"": 4, ""num_neurons"": 8, ""optimizer"": ""Adamax"", ""reg_l2"": false, ""skip_connection"": true, ""unit_c1"": 2, ""unit_c2"": 6}"
305,116,flops,,,2.50232464,375348696.0,2242084.0,,6164.8244,"{""activation"": ""selu"", ""batch_size"": 64, ""data_augmentation"": true, ""dr_f"": 0.148110653881, ""learning_rate"": 0.000670734511, ""new_fc_1"": 7, ""new_fc_10"": 14, ""new_fc_2"": 5, ""new_fc_3"": 21, ""new_fc_4"": 6, ""new_fc_5"": 0, ""new_fc_6"": 22, ""new_fc_7"": 4, ""new_fc_8"": 9, ""new_fc_9"": 20, ""num_neurons"": 32, ""optimizer"": ""Adagrad"", ""reg_l2"": true, ""skip_connection"": true, ""unit_c1"": 4, ""unit_c2"": 2}"
306,116,flops,,,2.483311733333333,372496760.0,3446020.0,,6166.2562,"{""activation"": ""elu"", ""batch_size"": 16, ""data_augmentation"": true, ""dr_f"": 0.054000504373, ""learning_rate"": 0.000279733625, ""new_fc_1"": 7, ""new_fc_10"": 27, ""new_fc_2"": 15, ""new_fc_3"": 21, ""new_fc_4"": 16, ""new_fc_5"": 27, ""new_fc_6"": 15, ""new_fc_7"": 12, ""new_fc_8"": 18, ""new_fc_9"": 3, ""num_neurons"": 32, ""optimizer"": ""Adadelta"", ""reg_l2"": false, ""skip_connection"": false, ""unit_c1"": 4, ""unit_c2"": 2}"
307,116,flops,,,2.580212426666667,387031864.0,5799236.0,,6168.0003,"{""activation"": ""relu"", ""batch_size"": 16, ""data_augmentation"": false, ""dr_f"": 0.23986683913, ""learning_rate"": 0.000936635635, ""new_fc_1"": 8, ""new_fc_10"": 18, ""new_fc_2"": 7, ""new_fc_3"": 0, ""new_fc_4"": 3, ""new_fc_5"": 23, ""new_fc_6"": 9, ""new_fc_7"": 13, ""new_fc_8"": 20, ""new_fc_9"": 18, ""num_neurons"": 32, ""optimizer"": ""SGD"", ""reg_l2"": true, ""skip_connection"": false, ""unit_c1"": 2, ""unit_c2"": 7}"
308,117,accuracy,10000000000.0,,18.694377546666665,2804156632.0,67232612.0,10000000000.0,6172.1477,"{""activation"": ""relu"", ""batch_size"": 16, ""data_augmentation"": false, ""dr_f"": 0.066065990558, ""learning_rate"": 0.000698015695, ""new_fc_1"": 32, ""new_fc_10"": 0, ""new_fc_2"": 16, ""new_fc_3"": 10, ""new_fc_4"": 5, ""new_fc_5"": 23, ""new_fc_6"": 5, ""new_fc_7"": 9, ""new_fc_8"": 18, ""new_fc_9"": 4, ""num_neurons"": 64, ""optimizer"": ""SGD"", ""reg_l2"": false, ""skip_connection"": false, ""unit_c1"": 4, ""unit_c2"": 7}"
309,118,accuracy,0.9900000002235174,0.009999999776482582,0.20776650666666666,31164976.0,374652.0,-0.2446700478435378,6978.288,"{""activation"": ""elu"", ""batch_size"": 8, ""data_augmentation"": true, ""dr_f"": 0.466724178744, ""learning_rate"": 0.000543651041, ""new_fc_1"": 7, ""new_fc_10"": 17, ""new_fc_2"": 25, ""new_fc_3"": 18, ""new_fc_4"": 23, ""new_fc_5"": 31, ""new_fc_6"": 16, ""new_fc_7"": 18, ""new_fc_8"": 24, ""new_fc_9"": 0, ""num_neurons"": 8, ""optimizer"": ""Adamax"", ""reg_l2"": true, ""skip_connection"": true, ""unit_c1"": 4, ""unit_c2"": 4}"
310,119,accuracy,0.9897999996319413,0.010200000368058681,0.0685008,10275120.0,218504.0,-0.28658976025764105,7364.318,"{""activation"": ""relu"", ""batch_size"": 16, ""data_augmentation"": false, ""dr_f"": 0.329834875269, ""learning_rate"": 0.00052329021, ""new_fc_1"": 16, ""new_fc_10"": 30, ""new_fc_2"": 31, ""new_fc_3"": 20, ""new_fc_4"": 1, ""new_fc_5"": 6, ""new_fc_6"": 16, ""new_fc_7"": 27, ""new_fc_8"": 28, ""new_fc_9"": 23, ""num_neurons"": 4, ""optimizer"": ""SGD"", ""reg_l2"": true, ""skip_connection"": false, ""unit_c1"": 3, ""unit_c2"": 8}"
311,120,accuracy,0.9349000006914139,0.06509999930858612,0.03755344,5633016.0,134836.0,-0.3343039675160102,7689.3463,"{""activation"": ""selu"", ""batch_size"": 64, ""data_augmentation"": true, ""dr_f"": 0.187508405347, ""learning_rate"": 0.000452292418, ""new_fc_1"": 1, ""new_fc_10"": 23, ""new_fc_2"": 31, ""new_fc_3"": 31, ""new_fc_4"": 5, ""new_fc_5"": 24, ""new_fc_6"": 2, ""new_fc_7"": 17, ""new_fc_8"": 2, ""new_fc_9"": 4, ""num_neurons"": 8, ""optimizer"": ""Adamax"", ""reg_l2"": true, ""skip_connection"": true, ""unit_c1"": 1, ""unit_c2"": 3}"
312,120,flops,,,14.521251146666666,2178187672.0,55108644.0,,7692.7658,"{""activation"": ""selu"", ""batch_size"": 16, ""data_augmentation"": true, ""dr_f"": 0.139994215581, ""learning_rate"": 0.000850550469, ""new_fc_1"": 31, ""new_fc_10"": 3, ""new_fc_2"": 22, ""new_fc_3"": 24, ""new_fc_4"": 13, ""new_fc_5"": 18, ""new_fc_6"": 30, ""new_fc_7"": 0, ""new_fc_8"": 19, ""new_fc_9"": 5, ""num_neurons"": 64, ""optimizer"": ""Adamax"", ""reg_l2"": true, ""skip_connection"": false, ""unit_c1"": 4, ""unit_c2"": 5}"
313,121,accuracy,0.986399999819696,0.01360000018030405,0.02129712,3194568.0,182420.0,-0.3031308641262129,8017.6486,"{""activation"": ""elu"", ""batch_size"": 32, ""data_augmentation"": true, ""dr_f"": 0.250655370441, ""learning_rate"": 0.000907262344, ""new_fc_1"": 23, ""new_fc_10"": 31, ""new_fc_2"": 22, ""new_fc_3"": 2, ""new_fc_4"": 13, ""new_fc_5"": 3, ""new_fc_6"": 31, ""new_fc_7"": 19, ""new_fc_8"": 16, ""new_fc_9"": 28, ""num_neurons"": 4, ""optimizer"": ""Adadelta"", ""reg_l2"": true, ""skip_connection"": true, ""unit_c1"": 1, ""unit_c2"": 5}"
314,121,flops,,,10.0996968,1514954520.0,36341860.0,,8020.2907,"{""activation"": ""relu"", ""batch_size"": 32, ""data_augmentation"": false, ""dr_f"": 0.070341003013, ""learning_rate"": 0.000790308482, ""new_fc_1"": 21, ""new_fc_10"": 5, ""new_fc_2"": 3, ""new_fc_3"": 25, ""new_fc_4"": 30, ""new_fc_5"": 9, ""new_fc_6"": 1, ""new_fc_7"": 7, ""new_fc_8"": 12, ""new_fc_9"": 26, ""num_neurons"": 64, ""optimizer"": ""Adadelta"", ""reg_l2"": true, ""skip_connection"": false, ""unit_c1"": 3, ""unit_c2"": 5}"
315,122,accuracy,0.9889000002294779,0.011099999770522118,0.14201392,21302088.0,154732.0,-0.2651658238393655,8166.8467,"{""activation"": ""swish"", ""batch_size"": 64, ""data_augmentation"": false, ""dr_f"": 0.271504665112, ""learning_rate"": 0.00074592974, ""new_fc_1"": 2, ""new_fc_10"": 32, ""new_fc_2"": 22, ""new_fc_3"": 5, ""new_fc_4"": 29, ""new_fc_5"": 7, ""new_fc_6"": 16, ""new_fc_7"": 13, ""new_fc_8"": 6, ""new_fc_9"": 6, ""num_neurons"": 8, ""optimizer"": ""SGD"", ""reg_l2"": false, ""skip_connection"": true, ""unit_c1"": 3, ""unit_c2"": 4}"
316,122,flops,,,12.888973813333333,1933346072.0,59877284.0,,8170.5257,"{""activation"": ""relu"", ""batch_size"": 16, ""data_augmentation"": true, ""dr_f"": 0.228639891488, ""learning_rate"": 0.000709070808, ""new_fc_1"": 24, ""new_fc_10"": 30, ""new_fc_2"": 10, ""new_fc_3"": 18, ""new_fc_4"": 13, ""new_fc_5"": 14, ""new_fc_6"": 7, ""new_fc_7"": 6, ""new_fc_8"": 26, ""new_fc_9"": 7, ""num_neurons"": 64, ""optimizer"": ""Adadelta"", ""reg_l2"": false, ""skip_connection"": false, ""unit_c1"": 2, ""unit_c2"": 8}"
317,122,flops,,,0.04534162666666667,6801244.0,33312.0,,8171.7605,"{""activation"": ""selu"", ""batch_size"": 64, ""data_augmentation"": false, ""dr_f"": 0.332799041931, ""learning_rate"": 0.000535261161, ""new_fc_1"": 4, ""new_fc_10"": 5, ""new_fc_2"": 21, ""new_fc_3"": 15, ""new_fc_4"": 15, ""new_fc_5"": 10, ""new_fc_6"": 5, ""new_fc_7"": 4, ""new_fc_8"": 9, ""new_fc_9"": 17, ""num_neurons"": 4, ""optimizer"": ""Adam"", ""reg_l2"": false, ""skip_connection"": true, ""unit_c1"": 4, ""unit_c2"": 2}"
318,123,accuracy,0.8315999954938889,0.16840000450611115,0.09103312,13654968.0,467156.0,-0.3905700671542778,8796.4548,"{""activation"": ""selu"", ""batch_size"": 32, ""data_augmentation"": false, ""dr_f"": 0.144582503146, ""learning_rate"": 0.000620946384, ""new_fc_1"": 13, ""new_fc_10"": 32, ""new_fc_2"": 25, ""new_fc_3"": 30, ""new_fc_4"": 0, ""new_fc_5"": 19, ""new_fc_6"": 7, ""new_fc_7"": 19, ""new_fc_8"": 0, ""new_fc_9"": 27, ""num_neurons"": 8, ""optimizer"": ""Adam"", ""reg_l2"": true, ""skip_connection"": false, ""unit_c1"": 2, ""unit_c2"": 4}"
319,123,flops,,,0.7675795733333334,115136936.0,1798340.0,,8797.9727,"{""activation"": ""elu"", ""batch_size"": 8, ""data_augmentation"": false, ""dr_f"": 0.430907954394, ""learning_rate"": 0.000675527591, ""new_fc_1"": 11, ""new_fc_10"": 21, ""new_fc_2"": 0, ""new_fc_3"": 23, ""new_fc_4"": 12, ""new_fc_5"": 0, ""new_fc_6"": 15, ""new_fc_7"": 32, ""new_fc_8"": 26, ""new_fc_9"": 1, ""num_neurons"": 16, ""optimizer"": ""Adam"", ""reg_l2"": true, ""skip_connection"": true, ""unit_c1"": 3, ""unit_c2"": 6}"
320,124,accuracy,0.9530000016093254,0.04699999839067459,0.06106834666666667,9160252.0,141968.0,-0.3145794948734722,9123.4282,"{""activation"": ""swish"", ""batch_size"": 64, ""data_augmentation"": false, ""dr_f"": 0.393811234449, ""learning_rate"": 0.000101260379, ""new_fc_1"": 11, ""new_fc_10"": 18, ""new_fc_2"": 13, ""new_fc_3"": 25, ""new_fc_4"": 1, ""new_fc_5"": 27, ""new_fc_6"": 4, ""new_fc_7"": 23, ""new_fc_8"": 26, ""new_fc_9"": 31, ""num_neurons"": 4, ""optimizer"": ""Adam"", ""reg_l2"": false, ""skip_connection"": true, ""unit_c1"": 3, ""unit_c2"": 7}"
321,124,flops,,,0.005557973333333333,833696.0,61224.0,,9124.5318,"{""activation"": ""selu"", ""batch_size"": 16, ""data_augmentation"": false, ""dr_f"": 0.272941467886, ""learning_rate"": 0.000297447786, ""new_fc_1"": 4, ""new_fc_10"": 15, ""new_fc_2"": 30, ""new_fc_3"": 17, ""new_fc_4"": 32, ""new_fc_5"": 26, ""new_fc_6"": 15, ""new_fc_7"": 14, ""new_fc_8"": 8, ""new_fc_9"": 17, ""num_neurons"": 4, ""optimizer"": ""Adadelta"", ""reg_l2"": true, ""skip_connection"": true, ""unit_c1"": 1, ""unit_c2"": 1}"
322,125,accuracy,0.9900000002235174,0.009999999776482582,0.046228906666666666,6934336.0,200492.0,-0.2931313278435378,9510.486,"{""activation"": ""relu"", ""batch_size"": 16, ""data_augmentation"": false, ""dr_f"": 0.243074153907, ""learning_rate"": 0.000308537959, ""new_fc_1"": 1, ""new_fc_10"": 32, ""new_fc_2"": 29, ""new_fc_3"": 14, ""new_fc_4"": 19, ""new_fc_5"": 18, ""new_fc_6"": 19, ""new_fc_7"": 10, ""new_fc_8"": 1, ""new_fc_9"": 30, ""num_neurons"": 8, ""optimizer"": ""Adamax"", ""reg_l2"": true, ""skip_connection"": false, ""unit_c1"": 2, ""unit_c2"": 1}"
323,126,accuracy,0.9900000002235174,0.009999999776482582,0.058804053333333335,8820608.0,532084.0,-0.2893587838435378,387.266,"{""activation"": ""elu"", ""batch_size"": 16, ""data_augmentation"": false, ""dr_f"": 0.435658610162, ""learning_rate"": 0.000660968314, ""new_fc_1"": 26, ""new_fc_10"": 8, ""new_fc_2"": 0, ""new_fc_3"": 13, ""new_fc_4"": 2, ""new_fc_5"": 0, ""new_fc_6"": 4, ""new_fc_7"": 25, ""new_fc_8"": 13, ""new_fc_9"": 26, ""num_neurons"": 8, ""optimizer"": ""Adam"", ""reg_l2"": true, ""skip_connection"": true, ""unit_c1"": 1, ""unit_c2"": 4}"
324,127,accuracy,0.9833000004291534,0.016699999570846558,0.00766456,1149684.0,61052.0,-0.3093906316995926,892.8049,"{""activation"": ""elu"", ""batch_size"": 16, ""data_augmentation"": false, ""dr_f"": 0.326977962411, ""learning_rate"": 0.000988317272, ""new_fc_1"": 0, ""new_fc_10"": 28, ""new_fc_2"": 8, ""new_fc_3"": 0, ""new_fc_4"": 26, ""new_fc_5"": 8, ""new_fc_6"": 25, ""new_fc_7"": 27, ""new_fc_8"": 8, ""new_fc_9"": 13, ""num_neurons"": 4, ""optimizer"": ""Adadelta"", ""reg_l2"": true, ""skip_connection"": true, ""unit_c1"": 1, ""unit_c2"": 2}"
325,128,accuracy,0.9886999996379018,0.011300000362098217,0.0262608,3939120.0,164900.0,-0.3000317602534688,1578.4219,"{""activation"": ""swish"", ""batch_size"": 8, ""data_augmentation"": true, ""dr_f"": 0.363270740269, ""learning_rate"": 0.000806740805, ""new_fc_1"": 0, ""new_fc_10"": 4, ""new_fc_2"": 4, ""new_fc_3"": 31, ""new_fc_4"": 24, ""new_fc_5"": 4, ""new_fc_6"": 22, ""new_fc_7"": 11, ""new_fc_8"": 22, ""new_fc_9"": 15, ""num_neurons"": 8, ""optimizer"": ""SGD"", ""reg_l2"": false, ""skip_connection"": true, ""unit_c1"": 1, ""unit_c2"": 2}"
326,128,flops,,,12.27224976,1840837464.0,13621988.0,,1580.5369,"{""activation"": ""selu"", ""batch_size"": 64, ""data_augmentation"": true, ""dr_f"": 0.269478839916, ""learning_rate"": 0.000313202524, ""new_fc_1"": 2, ""new_fc_10"": 1, ""new_fc_2"": 3, ""new_fc_3"": 16, ""new_fc_4"": 16, ""new_fc_5"": 18, ""new_fc_6"": 3, ""new_fc_7"": 28, ""new_fc_8"": 16, ""new_fc_9"": 21, ""num_neurons"": 64, ""optimizer"": ""Adam"", ""reg_l2"": false, ""skip_connection"": false, ""unit_c1"": 2, ""unit_c2"": 8}"
327,128,flops,,,0.04607290666666667,6910936.0,152620.0,,1581.8159,"{""activation"": ""swish"", ""batch_size"": 8, ""data_augmentation"": false, ""dr_f"": 0.330852245644, ""learning_rate"": 0.00062479971, ""new_fc_1"": 18, ""new_fc_10"": 23, ""new_fc_2"": 27, ""new_fc_3"": 0, ""new_fc_4"": 25, ""new_fc_5"": 29, ""new_fc_6"": 11, ""new_fc_7"": 13, ""new_fc_8"": 3, ""new_fc_9"": 11, ""num_neurons"": 4, ""optimizer"": ""Adamax"", ""reg_l2"": true, ""skip_connection"": true, ""unit_c1"": 3, ""unit_c2"": 5}"
328,129,accuracy,0.9843000005930662,0.015699999406933784,0.020142773333333332,3021416.0,72624.0,-0.30494716758485363,2207.7915,"{""activation"": ""relu"", ""batch_size"": 16, ""data_augmentation"": true, ""dr_f"": 0.31267683662, ""learning_rate"": 0.000443908267, ""new_fc_1"": 9, ""new_fc_10"": 26, ""new_fc_2"": 14, ""new_fc_3"": 0, ""new_fc_4"": 15, ""new_fc_5"": 20, ""new_fc_6"": 1, ""new_fc_7"": 2, ""new_fc_8"": 14, ""new_fc_9"": 31, ""num_neurons"": 4, ""optimizer"": ""Adagrad"", ""reg_l2"": false, ""skip_connection"": true, ""unit_c1"": 2, ""unit_c2"": 3}"
329,130,accuracy,0.7184999883174896,0.2815000116825104,0.1443832,21657480.0,605172.0,-0.4537350481777572,2533.4331,"{""activation"": ""swish"", ""batch_size"": 64, ""data_augmentation"": false, ""dr_f"": 0.09774853232, ""learning_rate"": 0.000972065519, ""new_fc_1"": 21, ""new_fc_10"": 11, ""new_fc_2"": 5, ""new_fc_3"": 19, ""new_fc_4"": 7, ""new_fc_5"": 14, ""new_fc_6"": 6, ""new_fc_7"": 0, ""new_fc_8"": 19, ""new_fc_9"": 4, ""num_neurons"": 8, ""optimizer"": ""Adamax"", ""reg_l2"": false, ""skip_connection"": true, ""unit_c1"": 2, ""unit_c2"": 6}"
330,130,flops,,,0.10740010666666666,16110016.0,318756.0,,2535.0218,"{""activation"": ""swish"", ""batch_size"": 64, ""data_augmentation"": true, ""dr_f"": 0.241365472543, ""learning_rate"": 0.000774970889, ""new_fc_1"": 15, ""new_fc_10"": 14, ""new_fc_2"": 9, ""new_fc_3"": 9, ""new_fc_4"": 1, ""new_fc_5"": 26, ""new_fc_6"": 29, ""new_fc_7"": 32, ""new_fc_8"": 15, ""new_fc_9"": 9, ""num_neurons"": 8, ""optimizer"": ""Adamax"", ""reg_l2"": true, ""skip_connection"": true, ""unit_c1"": 3, ""unit_c2"": 2}"
331,131,accuracy,0.9600000008940697,0.03999999910593033,0.00495832,743748.0,33052.0,-0.3265125033741512,3041.0488,"{""activation"": ""selu"", ""batch_size"": 16, ""data_augmentation"": true, ""dr_f"": 0.05075312726, ""learning_rate"": 0.000622690503, ""new_fc_1"": 4, ""new_fc_10"": 4, ""new_fc_2"": 27, ""new_fc_3"": 10, ""new_fc_4"": 14, ""new_fc_5"": 4, ""new_fc_6"": 20, ""new_fc_7"": 30, ""new_fc_8"": 6, ""new_fc_9"": 20, ""num_neurons"": 4, ""optimizer"": ""Adamax"", ""reg_l2"": true, ""skip_connection"": false, ""unit_c1"": 1, ""unit_c2"": 1}"
332,131,flops,,,16.47301690666667,2470952536.0,37069860.0,,3043.9936,"{""activation"": ""elu"", ""batch_size"": 32, ""data_augmentation"": false, ""dr_f"": 0.072504208921, ""learning_rate"": 0.000300644444, ""new_fc_1"": 10, ""new_fc_10"": 15, ""new_fc_2"": 24, ""new_fc_3"": 30, ""new_fc_4"": 25, ""new_fc_5"": 9, ""new_fc_6"": 32, ""new_fc_7"": 6, ""new_fc_8"": 19, ""new_fc_9"": 14, ""num_neurons"": 64, ""optimizer"": ""Adamax"", ""reg_l2"": false, ""skip_connection"": true, ""unit_c1"": 3, ""unit_c2"": 8}"
333,132,accuracy,0.9675999991595745,0.03240000084042549,0.060341066666666665,9051160.0,454036.0,-0.3045776805882978,3429.4178,"{""activation"": ""elu"", ""batch_size"": 16, ""data_augmentation"": false, ""dr_f"": 0.178670621519, ""learning_rate"": 0.000988779102, ""new_fc_1"": 26, ""new_fc_10"": 14, ""new_fc_2"": 22, ""new_fc_3"": 18, ""new_fc_4"": 31, ""new_fc_5"": 17, ""new_fc_6"": 12, ""new_fc_7"": 17, ""new_fc_8"": 11, ""new_fc_9"": 32, ""num_neurons"": 8, ""optimizer"": ""Adam"", ""reg_l2"": true, ""skip_connection"": true, ""unit_c1"": 2, ""unit_c2"": 2}"
334,132,flops,,,18.315821386666666,2747373208.0,38841380.0,,3432.0951,"{""activation"": ""selu"", ""batch_size"": 8, ""data_augmentation"": false, ""dr_f"": 0.205846932932, ""learning_rate"": 0.000748219793, ""new_fc_1"": 16, ""new_fc_10"": 1, ""new_fc_2"": 5, ""new_fc_3"": 21, ""new_fc_4"": 31, ""new_fc_5"": 9, ""new_fc_6"": 5, ""new_fc_7"": 12, ""new_fc_8"": 5, ""new_fc_9"": 32, ""num_neurons"": 64, ""optimizer"": ""Adagrad"", ""reg_l2"": false, ""skip_connection"": false, ""unit_c1"": 4, ""unit_c2"": 7}"
335,132,flops,,,0.037349813333333336,5602472.0,58016.0,,3433.5604,"{""activation"": ""swish"", ""batch_size"": 8, ""data_augmentation"": true, ""dr_f"": 0.225260691667, ""learning_rate"": 0.000696738795, ""new_fc_1"": 1, ""new_fc_10"": 9, ""new_fc_2"": 22, ""new_fc_3"": 20, ""new_fc_4"": 22, ""new_fc_5"": 0, ""new_fc_6"": 28, ""new_fc_7"": 17, ""new_fc_8"": 32, ""new_fc_9"": 5, ""num_neurons"": 4, ""optimizer"": ""Adam"", ""reg_l2"": true, ""skip_connection"": false, ""unit_c1"": 3, ""unit_c2"": 4}"
336,133,accuracy,0.9873999999836087,0.012600000016391277,0.005837493333333333,875624.0,99136.0,-0.3070687520114738,3578.3432,"{""activation"": ""relu"", ""batch_size"": 64, ""data_augmentation"": false, ""dr_f"": 0.425640576539, ""learning_rate"": 0.000769327544, ""new_fc_1"": 21, ""new_fc_10"": 13, ""new_fc_2"": 27, ""new_fc_3"": 17, ""new_fc_4"": 10, ""new_fc_5"": 16, ""new_fc_6"": 30, ""new_fc_7"": 31, ""new_fc_8"": 32, ""new_fc_9"": 15, ""num_neurons"": 4, ""optimizer"": ""SGD"", ""reg_l2"": false, ""skip_connection"": false, ""unit_c1"": 1, ""unit_c2"": 1}"
337,134,accuracy,0.9633999988436699,0.03660000115633011,0.07666336,11499504.0,505972.0,-0.30262099280943106,3843.4703,"{""activation"": ""selu"", ""batch_size"": 32, ""data_augmentation"": true, ""dr_f"": 0.437336377555, ""learning_rate"": 0.000627736699, ""new_fc_1"": 16, ""new_fc_10"": 14, ""new_fc_2"": 10, ""new_fc_3"": 9, ""new_fc_4"": 25, ""new_fc_5"": 30, ""new_fc_6"": 17, ""new_fc_7"": 16, ""new_fc_8"": 0, ""new_fc_9"": 10, ""num_neurons"": 8, ""optimizer"": ""Adamax"", ""reg_l2"": true, ""skip_connection"": false, ""unit_c1"": 1, ""unit_c2"": 5}"
338,134,flops,,,0.3463111466666667,51946672.0,818396.0,,3844.9447,"{""activation"": ""selu"", ""batch_size"": 32, ""data_augmentation"": false, ""dr_f"": 0.23849379768, ""learning_rate"": 0.000317946208, ""new_fc_1"": 19, ""new_fc_10"": 18, ""new_fc_2"": 6, ""new_fc_3"": 30, ""new_fc_4"": 8, ""new_fc_5"": 12, ""new_fc_6"": 4, ""new_fc_7"": 26, ""new_fc_8"": 18, ""new_fc_9"": 14, ""num_neurons"": 8, ""optimizer"": ""SGD"", ""reg_l2"": true, ""skip_connection"": true, ""unit_c1"": 4, ""unit_c2"": 8}"
339,135,accuracy,0.7733999937772751,0.22660000622272491,0.24474426666666665,36711640.0,3284804.0,-0.38519672435590746,4170.4333,"{""activation"": ""selu"", ""batch_size"": 64, ""data_augmentation"": false, ""dr_f"": 0.39404303066, ""learning_rate"": 0.000660653589, ""new_fc_1"": 13, ""new_fc_10"": 23, ""new_fc_2"": 1, ""new_fc_3"": 6, ""new_fc_4"": 14, ""new_fc_5"": 11, ""new_fc_6"": 30, ""new_fc_7"": 8, ""new_fc_8"": 21, ""new_fc_9"": 29, ""num_neurons"": 32, ""optimizer"": ""Adamax"", ""reg_l2"": false, ""skip_connection"": false, ""unit_c1"": 1, ""unit_c2"": 1}"
340,136,accuracy,0.991499999538064,0.008500000461935997,0.16333706666666667,24500560.0,598452.0,-0.25694888032335517,4436.6378,"{""activation"": ""swish"", ""batch_size"": 32, ""data_augmentation"": true, ""dr_f"": 0.196763354236, ""learning_rate"": 0.000616158862, ""new_fc_1"": 13, ""new_fc_10"": 1, ""new_fc_2"": 25, ""new_fc_3"": 16, ""new_fc_4"": 28, ""new_fc_5"": 10, ""new_fc_6"": 9, ""new_fc_7"": 6, ""new_fc_8"": 19, ""new_fc_9"": 14, ""num_neurons"": 8, ""optimizer"": ""Adagrad"", ""reg_l2"": false, ""skip_connection"": true, ""unit_c1"": 1, ""unit_c2"": 8}"
341,137,accuracy,0.8951999992132187,0.10480000078678131,0.9803730666666667,147055960.0,15129892.0,-0.0792480805507469,5663.0433,"{""activation"": ""selu"", ""batch_size"": 16, ""data_augmentation"": true, ""dr_f"": 0.499778639118, ""learning_rate"": 0.000998437793, ""new_fc_1"": 30, ""new_fc_10"": 14, ""new_fc_2"": 4, ""new_fc_3"": 6, ""new_fc_4"": 28, ""new_fc_5"": 6, ""new_fc_6"": 11, ""new_fc_7"": 18, ""new_fc_8"": 27, ""new_fc_9"": 12, ""num_neurons"": 64, ""optimizer"": ""Adamax"", ""reg_l2"": true, ""skip_connection"": false, ""unit_c1"": 1, ""unit_c2"": 1}"
342,137,flops,,,1.0573951466666667,158609272.0,4257092.0,,5664.6116,"{""activation"": ""swish"", ""batch_size"": 32, ""data_augmentation"": false, ""dr_f"": 0.255467227527, ""learning_rate"": 0.000128514248, ""new_fc_1"": 15, ""new_fc_10"": 0, ""new_fc_2"": 4, ""new_fc_3"": 17, ""new_fc_4"": 20, ""new_fc_5"": 24, ""new_fc_6"": 0, ""new_fc_7"": 5, ""new_fc_8"": 3, ""new_fc_9"": 3, ""num_neurons"": 32, ""optimizer"": ""Adamax"", ""reg_l2"": false, ""skip_connection"": false, ""unit_c1"": 2, ""unit_c2"": 3}"
343,138,accuracy,0.9642000012099743,0.03579999879002571,0.09746704,14620056.0,745492.0,-0.295819887153018,6769.988,"{""activation"": ""elu"", ""batch_size"": 8, ""data_augmentation"": true, ""dr_f"": 0.23691159318, ""learning_rate"": 0.000159157771, ""new_fc_1"": 19, ""new_fc_10"": 8, ""new_fc_2"": 1, ""new_fc_3"": 4, ""new_fc_4"": 7, ""new_fc_5"": 4, ""new_fc_6"": 26, ""new_fc_7"": 3, ""new_fc_8"": 7, ""new_fc_9"": 5, ""num_neurons"": 16, ""optimizer"": ""Adam"", ""reg_l2"": true, ""skip_connection"": true, ""unit_c1"": 1, ""unit_c2"": 2}"
344,139,accuracy,10000000000.0,,3.00728976,451093464.0,5778692.0,10000000000.0,6771.3834,"{""activation"": ""elu"", ""batch_size"": 32, ""data_augmentation"": false, ""dr_f"": 0.470938523004, ""learning_rate"": 0.00025224701, ""new_fc_1"": 8, ""new_fc_10"": 7, ""new_fc_2"": 21, ""new_fc_3"": 11, ""new_fc_4"": 31, ""new_fc_5"": 16, ""new_fc_6"": 1, ""new_fc_7"": 30, ""new_fc_8"": 19, ""new_fc_9"": 4, ""num_neurons"": 32, ""optimizer"": ""Adam"", ""reg_l2"": true, ""skip_connection"": true, ""unit_c1"": 3, ""unit_c2"": 6}"
345,140,accuracy,0.986600000411272,0.013399999588727951,0.10481776,15722664.0,383884.0,-0.27793467171210956,6976.1084,"{""activation"": ""relu"", ""batch_size"": 32, ""data_augmentation"": false, ""dr_f"": 0.078951732094, ""learning_rate"": 0.000258984311, ""new_fc_1"": 29, ""new_fc_10"": 0, ""new_fc_2"": 7, ""new_fc_3"": 26, ""new_fc_4"": 17, ""new_fc_5"": 17, ""new_fc_6"": 28, ""new_fc_7"": 4, ""new_fc_8"": 4, ""new_fc_9"": 22, ""num_neurons"": 8, ""optimizer"": ""SGD"", ""reg_l2"": true, ""skip_connection"": false, ""unit_c1"": 3, ""unit_c2"": 2}"
346,140,flops,,,0.33475834666666665,50213752.0,138644.0,,6977.9537,"{""activation"": ""relu"", ""batch_size"": 8, ""data_augmentation"": true, ""dr_f"": 0.418449215286, ""learning_rate"": 0.000607826051, ""new_fc_1"": 1, ""new_fc_10"": 2, ""new_fc_2"": 3, ""new_fc_3"": 27, ""new_fc_4"": 1, ""new_fc_5"": 2, ""new_fc_6"": 2, ""new_fc_7"": 4, ""new_fc_8"": 11, ""new_fc_9"": 13, ""num_neurons"": 16, ""optimizer"": ""Adagrad"", ""reg_l2"": false, ""skip_connection"": false, ""unit_c1"": 3, ""unit_c2"": 1}"
347,141,accuracy,10000000000.0,,1.1195158933333333,167927384.0,7247556.0,10000000000.0,6980.5277,"{""activation"": ""relu"", ""batch_size"": 8, ""data_augmentation"": false, ""dr_f"": 0.189248489842, ""learning_rate"": 0.000281355184, ""new_fc_1"": 23, ""new_fc_10"": 30, ""new_fc_2"": 14, ""new_fc_3"": 13, ""new_fc_4"": 15, ""new_fc_5"": 14, ""new_fc_6"": 13, ""new_fc_7"": 23, ""new_fc_8"": 3, ""new_fc_9"": 28, ""num_neurons"": 32, ""optimizer"": ""Adamax"", ""reg_l2"": false, ""skip_connection"": true, ""unit_c1"": 2, ""unit_c2"": 3}"
348,142,accuracy,10000000000.0,,10.01847952,1502771928.0,17647716.0,10000000000.0,6982.5405,"{""activation"": ""swish"", ""batch_size"": 16, ""data_augmentation"": false, ""dr_f"": 0.477815652603, ""learning_rate"": 0.000281583229, ""new_fc_1"": 2, ""new_fc_10"": 24, ""new_fc_2"": 11, ""new_fc_3"": 28, ""new_fc_4"": 0, ""new_fc_5"": 31, ""new_fc_6"": 19, ""new_fc_7"": 7, ""new_fc_8"": 30, ""new_fc_9"": 30, ""num_neurons"": 64, ""optimizer"": ""Adagrad"", ""reg_l2"": true, ""skip_connection"": true, ""unit_c1"": 4, ""unit_c2"": 2}"
349,143,accuracy,0.9900000002235174,0.009999999776482582,0.04607290666666667,6910936.0,152620.0,-0.2931781278435378,7788.4576,"{""activation"": ""swish"", ""batch_size"": 8, ""data_augmentation"": false, ""dr_f"": 0.330852245644, ""learning_rate"": 0.00062479971, ""new_fc_1"": 18, ""new_fc_10"": 23, ""new_fc_2"": 27, ""new_fc_3"": 0, ""new_fc_4"": 25, ""new_fc_5"": 29, ""new_fc_6"": 11, ""new_fc_7"": 13, ""new_fc_8"": 3, ""new_fc_9"": 11, ""num_neurons"": 4, ""optimizer"": ""Adamax"", ""reg_l2"": true, ""skip_connection"": true, ""unit_c1"": 3, ""unit_c2"": 5}"
350,143,flops,,,0.7191523733333334,107872856.0,945780.0,,7789.9532,"{""activation"": ""elu"", ""batch_size"": 64, ""data_augmentation"": false, ""dr_f"": 0.114493424404, ""learning_rate"": 0.000409440744, ""new_fc_1"": 9, ""new_fc_10"": 7, ""new_fc_2"": 1, ""new_fc_3"": 31, ""new_fc_4"": 10, ""new_fc_5"": 31, ""new_fc_6"": 18, ""new_fc_7"": 2, ""new_fc_8"": 9, ""new_fc_9"": 18, ""num_neurons"": 16, ""optimizer"": ""SGD"", ""reg_l2"": false, ""skip_connection"": true, ""unit_c1"": 4, ""unit_c2"": 3}"
351,143,flops,,,0.006830506666666666,1024576.0,24976.0,,7791.7151,"{""activation"": ""elu"", ""batch_size"": 16, ""data_augmentation"": true, ""dr_f"": 0.495962163083, ""learning_rate"": 0.000913224033, ""new_fc_1"": 2, ""new_fc_10"": 5, ""new_fc_2"": 28, ""new_fc_3"": 26, ""new_fc_4"": 2, ""new_fc_5"": 7, ""new_fc_6"": 6, ""new_fc_7"": 10, ""new_fc_8"": 6, ""new_fc_9"": 6, ""num_neurons"": 4, ""optimizer"": ""Adamax"", ""reg_l2"": false, ""skip_connection"": false, ""unit_c1"": 1, ""unit_c2"": 2}"
352,144,accuracy,0.9114999994635582,0.0885000005364418,0.02004418666666667,3006628.0,65180.0,-0.35593674437550926,8417.0362,"{""activation"": ""selu"", ""batch_size"": 32, ""data_augmentation"": true, ""dr_f"": 0.047204959123, ""learning_rate"": 0.000659457445, ""new_fc_1"": 0, ""new_fc_10"": 6, ""new_fc_2"": 13, ""new_fc_3"": 2, ""new_fc_4"": 5, ""new_fc_5"": 23, ""new_fc_6"": 13, ""new_fc_7"": 27, ""new_fc_8"": 10, ""new_fc_9"": 8, ""num_neurons"": 4, ""optimizer"": ""Adam"", ""reg_l2"": true, ""skip_connection"": true, ""unit_c1"": 2, ""unit_c2"": 3}"
353,145,accuracy,0.9868999999016523,0.013100000098347664,0.028024213333333332,4203632.0,392452.0,-0.30076273606884335,8622.048,"{""activation"": ""elu"", ""batch_size"": 32, ""data_augmentation"": false, ""dr_f"": 0.367211061859, ""learning_rate"": 0.000630784495, ""new_fc_1"": 26, ""new_fc_10"": 6, ""new_fc_2"": 10, ""new_fc_3"": 22, ""new_fc_4"": 23, ""new_fc_5"": 16, ""new_fc_6"": 6, ""new_fc_7"": 30, ""new_fc_8"": 16, ""new_fc_9"": 24, ""num_neurons"": 8, ""optimizer"": ""Adadelta"", ""reg_l2"": true, ""skip_connection"": false, ""unit_c1"": 1, ""unit_c2"": 2}"
354,146,accuracy,0.9900000002235174,0.009999999776482582,0.036472693333333334,5470904.0,141404.0,-0.2960581918435378,8827.064,"{""activation"": ""relu"", ""batch_size"": 32, ""data_augmentation"": true, ""dr_f"": 0.14949191897, ""learning_rate"": 0.000197752172, ""new_fc_1"": 13, ""new_fc_10"": 32, ""new_fc_2"": 17, ""new_fc_3"": 12, ""new_fc_4"": 29, ""new_fc_5"": 11, ""new_fc_6"": 16, ""new_fc_7"": 20, ""new_fc_8"": 28, ""new_fc_9"": 6, ""num_neurons"": 4, ""optimizer"": ""Adam"", ""reg_l2"": true, ""skip_connection"": false, ""unit_c1"": 2, ""unit_c2"": 6}"
355,147,accuracy,0.9560000002384186,0.04399999976158142,0.27165376,40748064.0,647356.0,-0.249303871833107,10592.6006,"{""activation"": ""selu"", ""batch_size"": 8, ""data_augmentation"": true, ""dr_f"": 0.419405419997, ""learning_rate"": 0.000966311388, ""new_fc_1"": 22, ""new_fc_10"": 13, ""new_fc_2"": 1, ""new_fc_3"": 20, ""new_fc_4"": 1, ""new_fc_5"": 1, ""new_fc_6"": 17, ""new_fc_7"": 26, ""new_fc_8"": 4, ""new_fc_9"": 8, ""num_neurons"": 8, ""optimizer"": ""Adamax"", ""reg_l2"": false, ""skip_connection"": true, ""unit_c1"": 4, ""unit_c2"": 6}"
356,148,accuracy,0.9648999981582165,0.035100001841783524,0.006830506666666666,1024576.0,24976.0,-0.32252084928924846,11277.4792,"{""activation"": ""elu"", ""batch_size"": 16, ""data_augmentation"": true, ""dr_f"": 0.495962163083, ""learning_rate"": 0.000913224033, ""new_fc_1"": 2, ""new_fc_10"": 5, ""new_fc_2"": 28, ""new_fc_3"": 26, ""new_fc_4"": 2, ""new_fc_5"": 7, ""new_fc_6"": 6, ""new_fc_7"": 10, ""new_fc_8"": 6, ""new_fc_9"": 6, ""num_neurons"": 4, ""optimizer"": ""Adamax"", ""reg_l2"": false, ""skip_connection"": false, ""unit_c1"": 1, ""unit_c2"": 2}"
357,148,flops,,,18.661686346666666,2799252952.0,64780900.0,,11281.2983,"{""activation"": ""relu"", ""batch_size"": 64, ""data_augmentation"": false, ""dr_f"": 0.10295787638, ""learning_rate"": 0.000100458889, ""new_fc_1"": 31, ""new_fc_10"": 26, ""new_fc_2"": 6, ""new_fc_3"": 16, ""new_fc_4"": 8, ""new_fc_5"": 6, ""new_fc_6"": 0, ""new_fc_7"": 5, ""new_fc_8"": 17, ""new_fc_9"": 11, ""num_neurons"": 64, ""optimizer"": ""Adagrad"", ""reg_l2"": true, ""skip_connection"": false, ""unit_c1"": 4, ""unit_c2"": 7}"
358,149,accuracy,0.90259999781847,0.09740000218153,0.02018816,3028224.0,136412.0,-0.362123553527071,12327.0047,"{""activation"": ""elu"", ""batch_size"": 16, ""data_augmentation"": true, ""dr_f"": 0.353110693427, ""learning_rate"": 0.000715601167, ""new_fc_1"": 26, ""new_fc_10"": 13, ""new_fc_2"": 32, ""new_fc_3"": 16, ""new_fc_4"": 30, ""new_fc_5"": 2, ""new_fc_6"": 4, ""new_fc_7"": 22, ""new_fc_8"": 12, ""new_fc_9"": 29, ""num_neurons"": 4, ""optimizer"": ""Adamax"", ""reg_l2"": false, ""skip_connection"": false, ""unit_c1"": 2, ""unit_c2"": 3}"
359,150,accuracy,0.975899999961257,0.02410000003874302,0.036764906666666666,5514736.0,47464.0,-0.30584052802712014,12591.9535,"{""activation"": ""selu"", ""batch_size"": 32, ""data_augmentation"": true, ""dr_f"": 0.214900376997, ""learning_rate"": 0.000587435319, ""new_fc_1"": 0, ""new_fc_10"": 25, ""new_fc_2"": 2, ""new_fc_3"": 11, ""new_fc_4"": 8, ""new_fc_5"": 28, ""new_fc_6"": 27, ""new_fc_7"": 3, ""new_fc_8"": 6, ""new_fc_9"": 8, ""num_neurons"": 4, ""optimizer"": ""Adagrad"", ""reg_l2"": true, ""skip_connection"": false, ""unit_c1"": 3, ""unit_c2"": 4}"
360,151,accuracy,0.9765000008046627,0.023499999195337296,0.39464037333333335,59196056.0,1099412.0,-0.1980578874367361,807.7909,"{""activation"": ""elu"", ""batch_size"": 8, ""data_augmentation"": true, ""dr_f"": 0.04194698957, ""learning_rate"": 0.000197102284, ""new_fc_1"": 14, ""new_fc_10"": 27, ""new_fc_2"": 28, ""new_fc_3"": 12, ""new_fc_4"": 31, ""new_fc_5"": 6, ""new_fc_6"": 21, ""new_fc_7"": 27, ""new_fc_8"": 1, ""new_fc_9"": 5, ""num_neurons"": 16, ""optimizer"": ""Adagrad"", ""reg_l2"": true, ""skip_connection"": false, ""unit_c1"": 3, ""unit_c2"": 2}"
361,151,flops,,,20.336002293333333,3050400344.0,11723876.0,,809.8422,"{""activation"": ""elu"", ""batch_size"": 64, ""data_augmentation"": true, ""dr_f"": 0.285799337395, ""learning_rate"": 0.000960848312, ""new_fc_1"": 1, ""new_fc_10"": 29, ""new_fc_2"": 4, ""new_fc_3"": 8, ""new_fc_4"": 19, ""new_fc_5"": 17, ""new_fc_6"": 21, ""new_fc_7"": 7, ""new_fc_8"": 8, ""new_fc_9"": 6, ""num_neurons"": 64, ""optimizer"": ""Adam"", ""reg_l2"": false, ""skip_connection"": false, ""unit_c1"": 4, ""unit_c2"": 8}"
362,152,accuracy,0.9890000000596046,0.010999999940395355,0.015312293333333333,2296844.0,107292.0,-0.30310631195827675,1014.9552,"{""activation"": ""selu"", ""batch_size"": 32, ""data_augmentation"": true, ""dr_f"": 0.494877946833, ""learning_rate"": 0.000490040749, ""new_fc_1"": 17, ""new_fc_10"": 25, ""new_fc_2"": 17, ""new_fc_3"": 1, ""new_fc_4"": 11, ""new_fc_5"": 31, ""new_fc_6"": 7, ""new_fc_7"": 9, ""new_fc_8"": 10, ""new_fc_9"": 13, ""num_neurons"": 4, ""optimizer"": ""Adagrad"", ""reg_l2"": false, ""skip_connection"": true, ""unit_c1"": 1, ""unit_c2"": 4}"
363,153,accuracy,0.9804999995976686,0.019500000402331352,0.02974,4461000.0,521308.0,-0.30472800028163194,1760.4731,"{""activation"": ""selu"", ""batch_size"": 16, ""data_augmentation"": true, ""dr_f"": 0.490836126591, ""learning_rate"": 0.000944487728, ""new_fc_1"": 31, ""new_fc_10"": 32, ""new_fc_2"": 10, ""new_fc_3"": 28, ""new_fc_4"": 30, ""new_fc_5"": 13, ""new_fc_6"": 24, ""new_fc_7"": 25, ""new_fc_8"": 21, ""new_fc_9"": 8, ""num_neurons"": 8, ""optimizer"": ""Adagrad"", ""reg_l2"": true, ""skip_connection"": false, ""unit_c1"": 1, ""unit_c2"": 2}"
364,153,flops,,,0.039666426666666664,5949964.0,163044.0,,1761.9103,"{""activation"": ""elu"", ""batch_size"": 32, ""data_augmentation"": false, ""dr_f"": 0.303309571559, ""learning_rate"": 0.000906332784, ""new_fc_1"": 27, ""new_fc_10"": 27, ""new_fc_2"": 1, ""new_fc_3"": 4, ""new_fc_4"": 27, ""new_fc_5"": 12, ""new_fc_6"": 8, ""new_fc_7"": 29, ""new_fc_8"": 26, ""new_fc_9"": 12, ""num_neurons"": 4, ""optimizer"": ""Adagrad"", ""reg_l2"": false, ""skip_connection"": true, ""unit_c1"": 3, ""unit_c2"": 4}"
365,154,accuracy,0.8906999975442886,0.10930000245571136,0.02478512,3717768.0,34856.0,-0.36907446571899793,2327.6416,"{""activation"": ""elu"", ""batch_size"": 32, ""data_augmentation"": false, ""dr_f"": 0.088729721684, ""learning_rate"": 0.000123145212, ""new_fc_1"": 0, ""new_fc_10"": 1, ""new_fc_2"": 5, ""new_fc_3"": 14, ""new_fc_4"": 6, ""new_fc_5"": 1, ""new_fc_6"": 29, ""new_fc_7"": 28, ""new_fc_8"": 11, ""new_fc_9"": 29, ""num_neurons"": 4, ""optimizer"": ""Adam"", ""reg_l2"": false, ""skip_connection"": false, ""unit_c1"": 3, ""unit_c2"": 1}"
366,155,accuracy,0.7299999892711639,0.27000001072883606,0.46326384,69489576.0,1539908.0,-0.35002085551018525,2832.9131,"{""activation"": ""relu"", ""batch_size"": 64, ""data_augmentation"": false, ""dr_f"": 0.077087958082, ""learning_rate"": 0.000117667532, ""new_fc_1"": 13, ""new_fc_10"": 1, ""new_fc_2"": 8, ""new_fc_3"": 5, ""new_fc_4"": 21, ""new_fc_5"": 22, ""new_fc_6"": 23, ""new_fc_7"": 24, ""new_fc_8"": 28, ""new_fc_9"": 28, ""num_neurons"": 16, ""optimizer"": ""Adam"", ""reg_l2"": false, ""skip_connection"": false, ""unit_c1"": 3, ""unit_c2"": 3}"
367,155,flops,,,0.17231546666666667,25847320.0,529204.0,,2834.4899,"{""activation"": ""elu"", ""batch_size"": 8, ""data_augmentation"": false, ""dr_f"": 0.080713812608, ""learning_rate"": 0.000989559812, ""new_fc_1"": 12, ""new_fc_10"": 1, ""new_fc_2"": 16, ""new_fc_3"": 2, ""new_fc_4"": 11, ""new_fc_5"": 5, ""new_fc_6"": 11, ""new_fc_7"": 10, ""new_fc_8"": 18, ""new_fc_9"": 30, ""num_neurons"": 16, ""optimizer"": ""SGD"", ""reg_l2"": true, ""skip_connection"": true, ""unit_c1"": 2, ""unit_c2"": 1}"
368,156,accuracy,0.9900000002235174,0.009999999776482582,0.10740010666666666,16110016.0,318756.0,-0.2747799678435378,3040.2715,"{""activation"": ""swish"", ""batch_size"": 64, ""data_augmentation"": true, ""dr_f"": 0.241365472543, ""learning_rate"": 0.000774970889, ""new_fc_1"": 15, ""new_fc_10"": 14, ""new_fc_2"": 9, ""new_fc_3"": 9, ""new_fc_4"": 1, ""new_fc_5"": 26, ""new_fc_6"": 29, ""new_fc_7"": 32, ""new_fc_8"": 15, ""new_fc_9"": 9, ""num_neurons"": 8, ""optimizer"": ""Adamax"", ""reg_l2"": true, ""skip_connection"": true, ""unit_c1"": 3, ""unit_c2"": 2}"
369,156,flops,,,0.2982022933333333,44730344.0,1398164.0,,3042.2377,"{""activation"": ""swish"", ""batch_size"": 32, ""data_augmentation"": true, ""dr_f"": 0.252995787788, ""learning_rate"": 0.000451864968, ""new_fc_1"": 11, ""new_fc_10"": 12, ""new_fc_2"": 30, ""new_fc_3"": 1, ""new_fc_4"": 15, ""new_fc_5"": 22, ""new_fc_6"": 5, ""new_fc_7"": 21, ""new_fc_8"": 10, ""new_fc_9"": 20, ""num_neurons"": 16, ""optimizer"": ""Adadelta"", ""reg_l2"": false, ""skip_connection"": true, ""unit_c1"": 1, ""unit_c2"": 5}"
370,156,flops,,,0.15459312,23188968.0,1703588.0,,3044.0063,"{""activation"": ""elu"", ""batch_size"": 8, ""data_augmentation"": false, ""dr_f"": 0.469253920401, ""learning_rate"": 0.000465952236, ""new_fc_1"": 21, ""new_fc_10"": 18, ""new_fc_2"": 23, ""new_fc_3"": 21, ""new_fc_4"": 26, ""new_fc_5"": 1, ""new_fc_6"": 10, ""new_fc_7"": 25, ""new_fc_8"": 6, ""new_fc_9"": 18, ""num_neurons"": 16, ""optimizer"": ""Adam"", ""reg_l2"": false, ""skip_connection"": false, ""unit_c1"": 1, ""unit_c2"": 3}"
371,157,accuracy,0.991100000217557,0.008899999782443047,0.054764853333333335,8214728.0,195484.0,-0.2898005438477101,3729.2701,"{""activation"": ""swish"", ""batch_size"": 8, ""data_augmentation"": false, ""dr_f"": 0.262745496771, ""learning_rate"": 0.000426239206, ""new_fc_1"": 7, ""new_fc_10"": 22, ""new_fc_2"": 7, ""new_fc_3"": 28, ""new_fc_4"": 0, ""new_fc_5"": 8, ""new_fc_6"": 7, ""new_fc_7"": 3, ""new_fc_8"": 20, ""new_fc_9"": 4, ""num_neurons"": 8, ""optimizer"": ""SGD"", ""reg_l2"": false, ""skip_connection"": true, ""unit_c1"": 1, ""unit_c2"": 4}"
372,157,flops,,,4.02754896,604132344.0,7513316.0,,3731.0446,"{""activation"": ""relu"", ""batch_size"": 64, ""data_augmentation"": true, ""dr_f"": 0.310188562113, ""learning_rate"": 0.000251719096, ""new_fc_1"": 7, ""new_fc_10"": 12, ""new_fc_2"": 30, ""new_fc_3"": 20, ""new_fc_4"": 24, ""new_fc_5"": 17, ""new_fc_6"": 11, ""new_fc_7"": 11, ""new_fc_8"": 28, ""new_fc_9"": 13, ""num_neurons"": 32, ""optimizer"": ""Adam"", ""reg_l2"": true, ""skip_connection"": false, ""unit_c1"": 3, ""unit_c2"": 8}"
373,157,flops,,,8.413357386666666,1262003608.0,22694756.0,,3733.2003,"{""activation"": ""elu"", ""batch_size"": 32, ""data_augmentation"": false, ""dr_f"": 0.131061228888, ""learning_rate"": 0.000995881429, ""new_fc_1"": 14, ""new_fc_10"": 32, ""new_fc_2"": 8, ""new_fc_3"": 24, ""new_fc_4"": 16, ""new_fc_5"": 7, ""new_fc_6"": 1, ""new_fc_7"": 5, ""new_fc_8"": 22, ""new_fc_9"": 12, ""num_neurons"": 64, ""optimizer"": ""Adadelta"", ""reg_l2"": true, ""skip_connection"": false, ""unit_c1"": 3, ""unit_c2"": 4}"
374,158,accuracy,10000000000.0,,12.27224976,1840837464.0,13621988.0,10000000000.0,3735.4169,"{""activation"": ""selu"", ""batch_size"": 64, ""data_augmentation"": true, ""dr_f"": 0.269478839916, ""learning_rate"": 0.000313202524, ""new_fc_1"": 2, ""new_fc_10"": 1, ""new_fc_2"": 3, ""new_fc_3"": 16, ""new_fc_4"": 16, ""new_fc_5"": 18, ""new_fc_6"": 3, ""new_fc_7"": 28, ""new_fc_8"": 16, ""new_fc_9"": 21, ""num_neurons"": 64, ""optimizer"": ""Adam"", ""reg_l2"": false, ""skip_connection"": false, ""unit_c1"": 2, ""unit_c2"": 8}"
375,158,flops,,,3.24700752,487051128.0,11340868.0,,3737.6015,"{""activation"": ""elu"", ""batch_size"": 64, ""data_augmentation"": true, ""dr_f"": 0.439504463468, ""learning_rate"": 0.000998309004, ""new_fc_1"": 16, ""new_fc_10"": 9, ""new_fc_2"": 9, ""new_fc_3"": 11, ""new_fc_4"": 29, ""new_fc_5"": 7, ""new_fc_6"": 32, ""new_fc_7"": 12, ""new_fc_8"": 21, ""new_fc_9"": 15, ""num_neurons"": 32, ""optimizer"": ""Adagrad"", ""reg_l2"": false, ""skip_connection"": true, ""unit_c1"": 2, ""unit_c2"": 8}"
376,158,flops,,,0.43771514666666667,65657272.0,1875396.0,,3739.1111,"{""activation"": ""elu"", ""batch_size"": 8, ""data_augmentation"": false, ""dr_f"": 0.37128736309, ""learning_rate"": 0.000924107734, ""new_fc_1"": 8, ""new_fc_10"": 29, ""new_fc_2"": 30, ""new_fc_3"": 2, ""new_fc_4"": 0, ""new_fc_5"": 25, ""new_fc_6"": 26, ""new_fc_7"": 28, ""new_fc_8"": 31, ""new_fc_9"": 27, ""num_neurons"": 16, ""optimizer"": ""Adadelta"", ""reg_l2"": false, ""skip_connection"": false, ""unit_c1"": 2, ""unit_c2"": 5}"
377,159,accuracy,0.8513000011444092,0.14869999885559082,0.13071893333333334,19607840.0,573852.0,-0.36487431919891355,4425.2073,"{""activation"": ""elu"", ""batch_size"": 16, ""data_augmentation"": false, ""dr_f"": 0.341854864158, ""learning_rate"": 0.000824965959, ""new_fc_1"": 15, ""new_fc_10"": 28, ""new_fc_2"": 17, ""new_fc_3"": 29, ""new_fc_4"": 0, ""new_fc_5"": 11, ""new_fc_6"": 2, ""new_fc_7"": 5, ""new_fc_8"": 28, ""new_fc_9"": 2, ""num_neurons"": 8, ""optimizer"": ""Adamax"", ""reg_l2"": false, ""skip_connection"": true, ""unit_c1"": 1, ""unit_c2"": 7}"
378,160,accuracy,10000000000.0,,2.98290064,447435096.0,9091524.0,10000000000.0,4427.2064,"{""activation"": ""elu"", ""batch_size"": 64, ""data_augmentation"": false, ""dr_f"": 0.348424436312, ""learning_rate"": 0.000350696564, ""new_fc_1"": 16, ""new_fc_10"": 28, ""new_fc_2"": 11, ""new_fc_3"": 3, ""new_fc_4"": 0, ""new_fc_5"": 32, ""new_fc_6"": 22, ""new_fc_7"": 14, ""new_fc_8"": 3, ""new_fc_9"": 23, ""num_neurons"": 32, ""optimizer"": ""Adagrad"", ""reg_l2"": false, ""skip_connection"": false, ""unit_c1"": 3, ""unit_c2"": 6}"
379,160,flops,,,0.016370693333333332,2455604.0,74856.0,,4429.2417,"{""activation"": ""selu"", ""batch_size"": 8, ""data_augmentation"": true, ""dr_f"": 0.398006512357, ""learning_rate"": 0.000177662322, ""new_fc_1"": 17, ""new_fc_10"": 6, ""new_fc_2"": 31, ""new_fc_3"": 6, ""new_fc_4"": 14, ""new_fc_5"": 32, ""new_fc_6"": 13, ""new_fc_7"": 1, ""new_fc_8"": 13, ""new_fc_9"": 26, ""num_neurons"": 4, ""optimizer"": ""Adamax"", ""reg_l2"": true, ""skip_connection"": true, ""unit_c1"": 2, ""unit_c2"": 2}"
380,160,flops,,,0.92134224,138201336.0,3054948.0,,4430.7532,"{""activation"": ""selu"", ""batch_size"": 16, ""data_augmentation"": false, ""dr_f"": 0.263219296451, ""learning_rate"": 0.000472054187, ""new_fc_1"": 30, ""new_fc_10"": 22, ""new_fc_2"": 17, ""new_fc_3"": 12, ""new_fc_4"": 30, ""new_fc_5"": 4, ""new_fc_6"": 19, ""new_fc_7"": 6, ""new_fc_8"": 7, ""new_fc_9"": 7, ""num_neurons"": 16, ""optimizer"": ""Adam"", ""reg_l2"": false, ""skip_connection"": false, ""unit_c1"": 4, ""unit_c2"": 5}"
381,160,flops,,,0.07189253333333333,10783880.0,186796.0,,4432.2564,"{""activation"": ""relu"", ""batch_size"": 64, ""data_augmentation"": false, ""dr_f"": 0.190576199427, ""learning_rate"": 0.000914383053, ""new_fc_1"": 8, ""new_fc_10"": 4, ""new_fc_2"": 21, ""new_fc_3"": 10, ""new_fc_4"": 15, ""new_fc_5"": 21, ""new_fc_6"": 7, ""new_fc_7"": 6, ""new_fc_8"": 0, ""new_fc_9"": 10, ""num_neurons"": 8, ""optimizer"": ""Adadelta"", ""reg_l2"": true, ""skip_connection"": true, ""unit_c1"": 2, ""unit_c2"": 3}"
382,160,flops,,,0.0447784,6716760.0,212004.0,,4433.9041,"{""activation"": ""relu"", ""batch_size"": 32, ""data_augmentation"": true, ""dr_f"": 0.421940303623, ""learning_rate"": 0.000100847379, ""new_fc_1"": 21, ""new_fc_10"": 11, ""new_fc_2"": 30, ""new_fc_3"": 23, ""new_fc_4"": 23, ""new_fc_5"": 6, ""new_fc_6"": 30, ""new_fc_7"": 7, ""new_fc_8"": 22, ""new_fc_9"": 11, ""num_neurons"": 4, ""optimizer"": ""Adamax"", ""reg_l2"": true, ""skip_connection"": false, ""unit_c1"": 2, ""unit_c2"": 7}"
383,161,accuracy,0.9877000004053116,0.012299999594688416,0.14821584,22232376.0,951588.0,-0.2641452477162819,4819.4152,"{""activation"": ""relu"", ""batch_size"": 16, ""data_augmentation"": false, ""dr_f"": 0.225025642315, ""learning_rate"": 0.000284541936, ""new_fc_1"": 7, ""new_fc_10"": 19, ""new_fc_2"": 19, ""new_fc_3"": 24, ""new_fc_4"": 20, ""new_fc_5"": 5, ""new_fc_6"": 6, ""new_fc_7"": 15, ""new_fc_8"": 24, ""new_fc_9"": 11, ""num_neurons"": 16, ""optimizer"": ""Adagrad"", ""reg_l2"": false, ""skip_connection"": true, ""unit_c1"": 1, ""unit_c2"": 3}"
384,162,accuracy,0.9872000003233552,0.012799999676644802,0.11062042666666666,16593064.0,1680708.0,-0.27577387177365137,5566.1512,"{""activation"": ""swish"", ""batch_size"": 8, ""data_augmentation"": false, ""dr_f"": 0.49530060839, ""learning_rate"": 0.000456986769, ""new_fc_1"": 27, ""new_fc_10"": 32, ""new_fc_2"": 20, ""new_fc_3"": 13, ""new_fc_4"": 32, ""new_fc_5"": 20, ""new_fc_6"": 15, ""new_fc_7"": 5, ""new_fc_8"": 1, ""new_fc_9"": 18, ""num_neurons"": 16, ""optimizer"": ""Adagrad"", ""reg_l2"": false, ""skip_connection"": true, ""unit_c1"": 1, ""unit_c2"": 2}"
385,162,flops,,,0.3500602133333333,52509032.0,890644.0,,5567.6702,"{""activation"": ""elu"", ""batch_size"": 8, ""data_augmentation"": true, ""dr_f"": 0.050023356003, ""learning_rate"": 0.00081796843, ""new_fc_1"": 18, ""new_fc_10"": 3, ""new_fc_2"": 19, ""new_fc_3"": 8, ""new_fc_4"": 8, ""new_fc_5"": 32, ""new_fc_6"": 7, ""new_fc_7"": 0, ""new_fc_8"": 32, ""new_fc_9"": 26, ""num_neurons"": 16, ""optimizer"": ""SGD"", ""reg_l2"": true, ""skip_connection"": true, ""unit_c1"": 3, ""unit_c2"": 1}"
386,163,accuracy,0.9828999992460012,0.017100000753998756,0.17231546666666667,25847320.0,529204.0,-0.26027536052779915,6433.3215,"{""activation"": ""elu"", ""batch_size"": 8, ""data_augmentation"": false, ""dr_f"": 0.080713812608, ""learning_rate"": 0.000989559812, ""new_fc_1"": 12, ""new_fc_10"": 1, ""new_fc_2"": 16, ""new_fc_3"": 2, ""new_fc_4"": 11, ""new_fc_5"": 5, ""new_fc_6"": 11, ""new_fc_7"": 10, ""new_fc_8"": 18, ""new_fc_9"": 30, ""num_neurons"": 16, ""optimizer"": ""SGD"", ""reg_l2"": true, ""skip_connection"": true, ""unit_c1"": 2, ""unit_c2"": 1}"
387,164,accuracy,0.9900000002235174,0.009999999776482582,0.02055352,3083028.0,103468.0,-0.30083394384353784,6818.9729,"{""activation"": ""selu"", ""batch_size"": 16, ""data_augmentation"": false, ""dr_f"": 0.32638400391, ""learning_rate"": 0.000650091246, ""new_fc_1"": 0, ""new_fc_10"": 24, ""new_fc_2"": 19, ""new_fc_3"": 17, ""new_fc_4"": 23, ""new_fc_5"": 20, ""new_fc_6"": 13, ""new_fc_7"": 13, ""new_fc_8"": 19, ""new_fc_9"": 3, ""num_neurons"": 4, ""optimizer"": ""Adam"", ""reg_l2"": false, ""skip_connection"": true, ""unit_c1"": 2, ""unit_c2"": 3}"
388,164,flops,,,0.016230586666666668,2434588.0,98224.0,,6820.9967,"{""activation"": ""elu"", ""batch_size"": 32, ""data_augmentation"": true, ""dr_f"": 0.478604469954, ""learning_rate"": 0.000207447257, ""new_fc_1"": 7, ""new_fc_10"": 23, ""new_fc_2"": 18, ""new_fc_3"": 31, ""new_fc_4"": 27, ""new_fc_5"": 31, ""new_fc_6"": 14, ""new_fc_7"": 22, ""new_fc_8"": 12, ""new_fc_9"": 32, ""num_neurons"": 4, ""optimizer"": ""Adamax"", ""reg_l2"": true, ""skip_connection"": false, ""unit_c1"": 2, ""unit_c2"": 2}"
389,165,accuracy,0.987300000153482,0.01269999984651804,0.06661434666666667,9992152.0,992532.0,-0.2889056958925626,7027.0388,"{""activation"": ""relu"", ""batch_size"": 32, ""data_augmentation"": false, ""dr_f"": 0.486609243827, ""learning_rate"": 0.000875469879, ""new_fc_1"": 24, ""new_fc_10"": 7, ""new_fc_2"": 10, ""new_fc_3"": 9, ""new_fc_4"": 2, ""new_fc_5"": 30, ""new_fc_6"": 31, ""new_fc_7"": 8, ""new_fc_8"": 19, ""new_fc_9"": 20, ""num_neurons"": 16, ""optimizer"": ""Adadelta"", ""reg_l2"": false, ""skip_connection"": false, ""unit_c1"": 1, ""unit_c2"": 1}"
390,166,accuracy,0.8657999932765961,0.13420000672340393,0.43771514666666667,65657272.0,1875396.0,-0.2626254607063827,9272.5159,"{""activation"": ""elu"", ""batch_size"": 8, ""data_augmentation"": false, ""dr_f"": 0.37128736309, ""learning_rate"": 0.000924107734, ""new_fc_1"": 8, ""new_fc_10"": 29, ""new_fc_2"": 30, ""new_fc_3"": 2, ""new_fc_4"": 0, ""new_fc_5"": 25, ""new_fc_6"": 26, ""new_fc_7"": 28, ""new_fc_8"": 31, ""new_fc_9"": 27, ""num_neurons"": 16, ""optimizer"": ""Adadelta"", ""reg_l2"": false, ""skip_connection"": false, ""unit_c1"": 2, ""unit_c2"": 5}"
391,166,flops,,,0.17288949333333334,25933424.0,496860.0,,9274.2804,"{""activation"": ""swish"", ""batch_size"": 32, ""data_augmentation"": true, ""dr_f"": 0.483536634258, ""learning_rate"": 0.00020197988, ""new_fc_1"": 0, ""new_fc_10"": 25, ""new_fc_2"": 29, ""new_fc_3"": 29, ""new_fc_4"": 11, ""new_fc_5"": 1, ""new_fc_6"": 16, ""new_fc_7"": 22, ""new_fc_8"": 26, ""new_fc_9"": 26, ""num_neurons"": 8, ""optimizer"": ""Adamax"", ""reg_l2"": false, ""skip_connection"": true, ""unit_c1"": 4, ""unit_c2"": 2}"
392,167,accuracy,0.9874999998137355,0.012500000186264515,0.17164906666666666,25747360.0,556684.0,-0.2572552801303852,10140.1269,"{""activation"": ""swish"", ""batch_size"": 8, ""data_augmentation"": false, ""dr_f"": 0.18547851275, ""learning_rate"": 0.000471544373, ""new_fc_1"": 21, ""new_fc_10"": 14, ""new_fc_2"": 8, ""new_fc_3"": 21, ""new_fc_4"": 11, ""new_fc_5"": 12, ""new_fc_6"": 19, ""new_fc_7"": 4, ""new_fc_8"": 2, ""new_fc_9"": 19, ""num_neurons"": 8, ""optimizer"": ""Adadelta"", ""reg_l2"": true, ""skip_connection"": true, ""unit_c1"": 3, ""unit_c2"": 5}"
393,168,accuracy,10000000000.0,,20.336002293333333,3050400344.0,11723876.0,10000000000.0,10142.1122,"{""activation"": ""elu"", ""batch_size"": 64, ""data_augmentation"": true, ""dr_f"": 0.285799337395, ""learning_rate"": 0.000960848312, ""new_fc_1"": 1, ""new_fc_10"": 29, ""new_fc_2"": 4, ""new_fc_3"": 8, ""new_fc_4"": 19, ""new_fc_5"": 17, ""new_fc_6"": 21, ""new_fc_7"": 7, ""new_fc_8"": 8, ""new_fc_9"": 6, ""num_neurons"": 64, ""optimizer"": ""Adam"", ""reg_l2"": false, ""skip_connection"": false, ""unit_c1"": 4, ""unit_c2"": 8}"
394,168,flops,,,0.38624858666666667,57937288.0,469316.0,,10143.6689,"{""activation"": ""relu"", ""batch_size"": 64, ""data_augmentation"": false, ""dr_f"": 0.405003732094, ""learning_rate"": 0.000987233812, ""new_fc_1"": 7, ""new_fc_10"": 4, ""new_fc_2"": 21, ""new_fc_3"": 12, ""new_fc_4"": 1, ""new_fc_5"": 7, ""new_fc_6"": 16, ""new_fc_7"": 0, ""new_fc_8"": 7, ""new_fc_9"": 8, ""num_neurons"": 16, ""optimizer"": ""Adadelta"", ""reg_l2"": true, ""skip_connection"": false, ""unit_c1"": 3, ""unit_c2"": 2}"
395,169,accuracy,0.9900000002235174,0.009999999776482582,0.20207338666666666,30311008.0,490636.0,-0.2463779838435378,10949.9775,"{""activation"": ""swish"", ""batch_size"": 8, ""data_augmentation"": true, ""dr_f"": 0.317069906027, ""learning_rate"": 0.000618847549, ""new_fc_1"": 6, ""new_fc_10"": 28, ""new_fc_2"": 32, ""new_fc_3"": 20, ""new_fc_4"": 29, ""new_fc_5"": 5, ""new_fc_6"": 25, ""new_fc_7"": 5, ""new_fc_8"": 23, ""new_fc_9"": 30, ""num_neurons"": 8, ""optimizer"": ""Adam"", ""reg_l2"": true, ""skip_connection"": false, ""unit_c1"": 2, ""unit_c2"": 8}"
396,169,flops,,,0.019064746666666667,2859712.0,277380.0,,10951.6711,"{""activation"": ""selu"", ""batch_size"": 8, ""data_augmentation"": true, ""dr_f"": 0.428698005434, ""learning_rate"": 0.000170235044, ""new_fc_1"": 9, ""new_fc_10"": 17, ""new_fc_2"": 27, ""new_fc_3"": 28, ""new_fc_4"": 4, ""new_fc_5"": 27, ""new_fc_6"": 27, ""new_fc_7"": 14, ""new_fc_8"": 18, ""new_fc_9"": 26, ""num_neurons"": 8, ""optimizer"": ""Adadelta"", ""reg_l2"": true, ""skip_connection"": true, ""unit_c1"": 1, ""unit_c2"": 1}"
397,169,flops,,,0.28407578666666666,42611368.0,826916.0,,10953.3245,"{""activation"": ""elu"", ""batch_size"": 64, ""data_augmentation"": false, ""dr_f"": 0.479233175344, ""learning_rate"": 0.000999669419, ""new_fc_1"": 4, ""new_fc_10"": 16, ""new_fc_2"": 22, ""new_fc_3"": 4, ""new_fc_4"": 12, ""new_fc_5"": 15, ""new_fc_6"": 32, ""new_fc_7"": 6, ""new_fc_8"": 22, ""new_fc_9"": 0, ""num_neurons"": 16, ""optimizer"": ""Adamax"", ""reg_l2"": true, ""skip_connection"": false, ""unit_c1"": 1, ""unit_c2"": 5}"
398,169,flops,,,0.08963018666666667,13444528.0,129028.0,,10955.0624,"{""activation"": ""selu"", ""batch_size"": 32, ""data_augmentation"": false, ""dr_f"": 0.378002442449, ""learning_rate"": 0.00048546861, ""new_fc_1"": 6, ""new_fc_10"": 12, ""new_fc_2"": 8, ""new_fc_3"": 25, ""new_fc_4"": 11, ""new_fc_5"": 8, ""new_fc_6"": 14, ""new_fc_7"": 10, ""new_fc_8"": 6, ""new_fc_9"": 23, ""num_neurons"": 8, ""optimizer"": ""Adam"", ""reg_l2"": false, ""skip_connection"": false, ""unit_c1"": 3, ""unit_c2"": 1}"
399,170,accuracy,0.955400001257658,0.044599998742341995,0.05615208,8422812.0,139432.0,-0.3143743751196394,11460.3158,"{""activation"": ""selu"", ""batch_size"": 32, ""data_augmentation"": false, ""dr_f"": 0.484169691196, ""learning_rate"": 0.000237792254, ""new_fc_1"": 18, ""new_fc_10"": 11, ""new_fc_2"": 29, ""new_fc_3"": 13, ""new_fc_4"": 12, ""new_fc_5"": 19, ""new_fc_6"": 25, ""new_fc_7"": 26, ""new_fc_8"": 24, ""new_fc_9"": 8, ""num_neurons"": 4, ""optimizer"": ""Adamax"", ""reg_l2"": false, ""skip_connection"": true, ""unit_c1"": 4, ""unit_c2"": 4}"
400,171,accuracy,0.9859999995678663,0.014000000432133675,0.02768648,4152972.0,193212.0,-0.30149405630249354,11726.9882,"{""activation"": ""swish"", ""batch_size"": 64, ""data_augmentation"": true, ""dr_f"": 0.409008752486, ""learning_rate"": 0.000810700869, ""new_fc_1"": 24, ""new_fc_10"": 7, ""new_fc_2"": 16, ""new_fc_3"": 0, ""new_fc_4"": 14, ""new_fc_5"": 20, ""new_fc_6"": 28, ""new_fc_7"": 19, ""new_fc_8"": 8, ""new_fc_9"": 7, ""num_neurons"": 4, ""optimizer"": ""Adadelta"", ""reg_l2"": true, ""skip_connection"": true, ""unit_c1"": 1, ""unit_c2"": 6}"
401,171,flops,,,0.02746112,4119168.0,176280.0,,11728.6129,"{""activation"": ""swish"", ""batch_size"": 64, ""data_augmentation"": false, ""dr_f"": 0.091536020973, ""learning_rate"": 0.000244453215, ""new_fc_1"": 21, ""new_fc_10"": 27, ""new_fc_2"": 29, ""new_fc_3"": 6, ""new_fc_4"": 13, ""new_fc_5"": 19, ""new_fc_6"": 2, ""new_fc_7"": 15, ""new_fc_8"": 17, ""new_fc_9"": 9, ""num_neurons"": 4, ""optimizer"": ""Adagrad"", ""reg_l2"": true, ""skip_connection"": true, ""unit_c1"": 1, ""unit_c2"": 6}"
402,172,accuracy,0.9901999998837709,0.009800000116229057,0.005557973333333333,833696.0,61224.0,-0.30519260808136034,12113.7618,"{""activation"": ""selu"", ""batch_size"": 16, ""data_augmentation"": false, ""dr_f"": 0.272941467886, ""learning_rate"": 0.000297447786, ""new_fc_1"": 4, ""new_fc_10"": 15, ""new_fc_2"": 30, ""new_fc_3"": 17, ""new_fc_4"": 32, ""new_fc_5"": 26, ""new_fc_6"": 15, ""new_fc_7"": 14, ""new_fc_8"": 8, ""new_fc_9"": 17, ""num_neurons"": 4, ""optimizer"": ""Adadelta"", ""reg_l2"": true, ""skip_connection"": true, ""unit_c1"": 1, ""unit_c2"": 1}"
403,172,flops,,,0.07838757333333334,11758136.0,217564.0,,12115.3086,"{""activation"": ""relu"", ""batch_size"": 32, ""data_augmentation"": false, ""dr_f"": 0.358375816959, ""learning_rate"": 0.000765463515, ""new_fc_1"": 23, ""new_fc_10"": 1, ""new_fc_2"": 5, ""new_fc_3"": 14, ""new_fc_4"": 13, ""new_fc_5"": 18, ""new_fc_6"": 32, ""new_fc_7"": 22, ""new_fc_8"": 15, ""new_fc_9"": 9, ""num_neurons"": 4, ""optimizer"": ""SGD"", ""reg_l2"": true, ""skip_connection"": false, ""unit_c1"": 4, ""unit_c2"": 7}"
404,173,accuracy,0.9910000003874302,0.008999999612569809,0.07189253333333333,10783880.0,186796.0,-0.28473223972879885,12260.9543,"{""activation"": ""relu"", ""batch_size"": 64, ""data_augmentation"": false, ""dr_f"": 0.190576199427, ""learning_rate"": 0.000914383053, ""new_fc_1"": 8, ""new_fc_10"": 4, ""new_fc_2"": 21, ""new_fc_3"": 10, ""new_fc_4"": 15, ""new_fc_5"": 21, ""new_fc_6"": 7, ""new_fc_7"": 6, ""new_fc_8"": 0, ""new_fc_9"": 10, ""num_neurons"": 8, ""optimizer"": ""Adadelta"", ""reg_l2"": true, ""skip_connection"": true, ""unit_c1"": 2, ""unit_c2"": 3}"
405,174,accuracy,0.9538999982178211,0.04610000178217888,0.0053026133333333334,795392.0,58856.0,-0.3306792172475252,12647.1946,"{""activation"": ""selu"", ""batch_size"": 16, ""data_augmentation"": true, ""dr_f"": 0.127056731472, ""learning_rate"": 0.000242001311, ""new_fc_1"": 32, ""new_fc_10"": 17, ""new_fc_2"": 6, ""new_fc_3"": 17, ""new_fc_4"": 3, ""new_fc_5"": 27, ""new_fc_6"": 22, ""new_fc_7"": 1, ""new_fc_8"": 5, ""new_fc_9"": 0, ""num_neurons"": 4, ""optimizer"": ""Adam"", ""reg_l2"": true, ""skip_connection"": false, ""unit_c1"": 1, ""unit_c2"": 1}"
406,174,flops,,,0.6614243733333334,99213656.0,2176260.0,,12648.9944,"{""activation"": ""selu"", ""batch_size"": 64, ""data_augmentation"": false, ""dr_f"": 0.359817433242, ""learning_rate"": 0.000825624832, ""new_fc_1"": 9, ""new_fc_10"": 22, ""new_fc_2"": 13, ""new_fc_3"": 18, ""new_fc_4"": 12, ""new_fc_5"": 11, ""new_fc_6"": 2, ""new_fc_7"": 25, ""new_fc_8"": 22, ""new_fc_9"": 2, ""num_neurons"": 32, ""optimizer"": ""Adamax"", ""reg_l2"": false, ""skip_connection"": true, ""unit_c1"": 2, ""unit_c2"": 1}"
407,174,flops,,,0.5666877333333333,85003160.0,3787012.0,,12650.8638,"{""activation"": ""swish"", ""batch_size"": 8, ""data_augmentation"": false, ""dr_f"": 0.204164815082, ""learning_rate"": 0.0008115885, ""new_fc_1"": 32, ""new_fc_10"": 6, ""new_fc_2"": 22, ""new_fc_3"": 16, ""new_fc_4"": 27, ""new_fc_5"": 6, ""new_fc_6"": 15, ""new_fc_7"": 0, ""new_fc_8"": 10, ""new_fc_9"": 6, ""num_neurons"": 16, ""optimizer"": ""Adagrad"", ""reg_l2"": true, ""skip_connection"": false, ""unit_c1"": 2, ""unit_c2"": 6}"
408,174,flops,,,7.10085264,1065127896.0,17474852.0,,12653.1154,"{""activation"": ""elu"", ""batch_size"": 32, ""data_augmentation"": false, ""dr_f"": 0.213066219626, ""learning_rate"": 0.000278316186, ""new_fc_1"": 11, ""new_fc_10"": 27, ""new_fc_2"": 2, ""new_fc_3"": 29, ""new_fc_4"": 21, ""new_fc_5"": 2, ""new_fc_6"": 8, ""new_fc_7"": 28, ""new_fc_8"": 3, ""new_fc_9"": 27, ""num_neurons"": 64, ""optimizer"": ""Adagrad"", ""reg_l2"": false, ""skip_connection"": true, ""unit_c1"": 3, ""unit_c2"": 3}"
409,175,accuracy,0.9197999984025955,0.08020000159740448,0.04534162666666667,6801244.0,33312.0,-0.34253751311818315,13038.5636,"{""activation"": ""selu"", ""batch_size"": 64, ""data_augmentation"": false, ""dr_f"": 0.332799041931, ""learning_rate"": 0.000535261161, ""new_fc_1"": 4, ""new_fc_10"": 5, ""new_fc_2"": 21, ""new_fc_3"": 15, ""new_fc_4"": 15, ""new_fc_5"": 10, ""new_fc_6"": 5, ""new_fc_7"": 4, ""new_fc_8"": 9, ""new_fc_9"": 17, ""num_neurons"": 4, ""optimizer"": ""Adam"", ""reg_l2"": false, ""skip_connection"": true, ""unit_c1"": 4, ""unit_c2"": 2}"
410,176,accuracy,0.9832000005990267,0.01679999940097332,0.20811029333333333,31216544.0,667548.0,-0.24932691158068132,387.5238,"{""activation"": ""elu"", ""batch_size"": 16, ""data_augmentation"": true, ""dr_f"": 0.34298350761, ""learning_rate"": 0.000632168009, ""new_fc_1"": 13, ""new_fc_10"": 3, ""new_fc_2"": 26, ""new_fc_3"": 8, ""new_fc_4"": 14, ""new_fc_5"": 14, ""new_fc_6"": 25, ""new_fc_7"": 12, ""new_fc_8"": 31, ""new_fc_9"": 31, ""num_neurons"": 8, ""optimizer"": ""SGD"", ""reg_l2"": true, ""skip_connection"": true, ""unit_c1"": 2, ""unit_c2"": 8}"
411,176,flops,,,4.12510224,618765336.0,8104708.0,,389.6026,"{""activation"": ""selu"", ""batch_size"": 16, ""data_augmentation"": true, ""dr_f"": 0.40149516765, ""learning_rate"": 0.000924643754, ""new_fc_1"": 0, ""new_fc_10"": 29, ""new_fc_2"": 8, ""new_fc_3"": 22, ""new_fc_4"": 13, ""new_fc_5"": 10, ""new_fc_6"": 6, ""new_fc_7"": 30, ""new_fc_8"": 23, ""new_fc_9"": 25, ""num_neurons"": 32, ""optimizer"": ""SGD"", ""reg_l2"": true, ""skip_connection"": true, ""unit_c1"": 3, ""unit_c2"": 8}"
412,177,accuracy,0.99239999987185,0.007600000128149986,0.17263333333333333,25895000.0,742820.0,-0.253530000089705,1075.7526,"{""activation"": ""swish"", ""batch_size"": 8, ""data_augmentation"": true, ""dr_f"": 0.276162959152, ""learning_rate"": 0.000202677679, ""new_fc_1"": 10, ""new_fc_10"": 2, ""new_fc_2"": 21, ""new_fc_3"": 12, ""new_fc_4"": 10, ""new_fc_5"": 31, ""new_fc_6"": 14, ""new_fc_7"": 0, ""new_fc_8"": 23, ""new_fc_9"": 21, ""num_neurons"": 16, ""optimizer"": ""Adagrad"", ""reg_l2"": false, ""skip_connection"": false, ""unit_c1"": 2, ""unit_c2"": 1}"
413,177,flops,,,0.13314133333333333,19971200.0,755580.0,,1077.5546,"{""activation"": ""selu"", ""batch_size"": 64, ""data_augmentation"": true, ""dr_f"": 0.05086638281, ""learning_rate"": 0.000243458507, ""new_fc_1"": 21, ""new_fc_10"": 24, ""new_fc_2"": 11, ""new_fc_3"": 21, ""new_fc_4"": 5, ""new_fc_5"": 26, ""new_fc_6"": 14, ""new_fc_7"": 16, ""new_fc_8"": 2, ""new_fc_9"": 9, ""num_neurons"": 8, ""optimizer"": ""Adagrad"", ""reg_l2"": true, ""skip_connection"": true, ""unit_c1"": 1, ""unit_c2"": 7}"
414,178,accuracy,0.9901999998837709,0.009800000116229057,0.5606658666666666,84099880.0,3335156.0,-0.13866024008136035,1523.4608,"{""activation"": ""swish"", ""batch_size"": 16, ""data_augmentation"": true, ""dr_f"": 0.176166859105, ""learning_rate"": 0.000444376619, ""new_fc_1"": 26, ""new_fc_10"": 31, ""new_fc_2"": 2, ""new_fc_3"": 24, ""new_fc_4"": 28, ""new_fc_5"": 0, ""new_fc_6"": 23, ""new_fc_7"": 3, ""new_fc_8"": 8, ""new_fc_9"": 22, ""num_neurons"": 16, ""optimizer"": ""Adagrad"", ""reg_l2"": true, ""skip_connection"": false, ""unit_c1"": 2, ""unit_c2"": 6}"
415,179,accuracy,0.9896999998018146,0.010300000198185444,0.05622410666666667,8433616.0,144972.0,-0.2903427681387298,1669.644,"{""activation"": ""selu"", ""batch_size"": 64, ""data_augmentation"": true, ""dr_f"": 0.448075005493, ""learning_rate"": 0.000485986988, ""new_fc_1"": 2, ""new_fc_10"": 18, ""new_fc_2"": 10, ""new_fc_3"": 31, ""new_fc_4"": 21, ""new_fc_5"": 10, ""new_fc_6"": 21, ""new_fc_7"": 3, ""new_fc_8"": 2, ""new_fc_9"": 9, ""num_neurons"": 8, ""optimizer"": ""Adadelta"", ""reg_l2"": true, ""skip_connection"": true, ""unit_c1"": 2, ""unit_c2"": 2}"
416,180,accuracy,10000000000.0,,6.2416863466666666,936252952.0,21990756.0,10000000000.0,1673.0222,"{""activation"": ""elu"", ""batch_size"": 64, ""data_augmentation"": true, ""dr_f"": 0.044801735134, ""learning_rate"": 0.000802660135, ""new_fc_1"": 13, ""new_fc_10"": 25, ""new_fc_2"": 19, ""new_fc_3"": 24, ""new_fc_4"": 17, ""new_fc_5"": 20, ""new_fc_6"": 30, ""new_fc_7"": 5, ""new_fc_8"": 19, ""new_fc_9"": 27, ""num_neurons"": 64, ""optimizer"": ""SGD"", ""reg_l2"": false, ""skip_connection"": true, ""unit_c1"": 3, ""unit_c2"": 2}"
417,180,flops,,,0.16539146666666665,24808720.0,932052.0,,1674.7997,"{""activation"": ""swish"", ""batch_size"": 8, ""data_augmentation"": false, ""dr_f"": 0.405160072445, ""learning_rate"": 0.000235452941, ""new_fc_1"": 22, ""new_fc_10"": 25, ""new_fc_2"": 5, ""new_fc_3"": 4, ""new_fc_4"": 22, ""new_fc_5"": 6, ""new_fc_6"": 4, ""new_fc_7"": 32, ""new_fc_8"": 25, ""new_fc_9"": 20, ""num_neurons"": 8, ""optimizer"": ""SGD"", ""reg_l2"": false, ""skip_connection"": false, ""unit_c1"": 1, ""unit_c2"": 8}"
418,181,accuracy,0.8955999985337257,0.10440000146627426,0.20205141333333335,30307712.0,555996.0,-0.31246457702639197,2299.9375,"{""activation"": ""selu"", ""batch_size"": 32, ""data_augmentation"": false, ""dr_f"": 0.110753603802, ""learning_rate"": 0.000193818879, ""new_fc_1"": 10, ""new_fc_10"": 26, ""new_fc_2"": 1, ""new_fc_3"": 1, ""new_fc_4"": 28, ""new_fc_5"": 23, ""new_fc_6"": 23, ""new_fc_7"": 15, ""new_fc_8"": 30, ""new_fc_9"": 8, ""num_neurons"": 8, ""optimizer"": ""Adagrad"", ""reg_l2"": false, ""skip_connection"": false, ""unit_c1"": 2, ""unit_c2"": 8}"
419,181,flops,,,0.0713392,10700880.0,315036.0,,2301.7736,"{""activation"": ""elu"", ""batch_size"": 8, ""data_augmentation"": true, ""dr_f"": 0.349815659501, ""learning_rate"": 0.000877255405, ""new_fc_1"": 11, ""new_fc_10"": 8, ""new_fc_2"": 28, ""new_fc_3"": 21, ""new_fc_4"": 17, ""new_fc_5"": 21, ""new_fc_6"": 18, ""new_fc_7"": 8, ""new_fc_8"": 9, ""new_fc_9"": 18, ""num_neurons"": 8, ""optimizer"": ""SGD"", ""reg_l2"": false, ""skip_connection"": false, ""unit_c1"": 2, ""unit_c2"": 3}"
420,181,flops,,,0.00554152,831228.0,59892.0,,2303.7555,"{""activation"": ""elu"", ""batch_size"": 64, ""data_augmentation"": true, ""dr_f"": 0.39196009116, ""learning_rate"": 0.000472826724, ""new_fc_1"": 21, ""new_fc_10"": 31, ""new_fc_2"": 15, ""new_fc_3"": 6, ""new_fc_4"": 0, ""new_fc_5"": 6, ""new_fc_6"": 21, ""new_fc_7"": 7, ""new_fc_8"": 0, ""new_fc_9"": 22, ""num_neurons"": 4, ""optimizer"": ""Adagrad"", ""reg_l2"": true, ""skip_connection"": true, ""unit_c1"": 1, ""unit_c2"": 1}"
421,182,accuracy,0.8957000002264977,0.10429999977350235,0.005384133333333333,807620.0,48076.0,-0.3713947598414516,2629.3665,"{""activation"": ""selu"", ""batch_size"": 64, ""data_augmentation"": false, ""dr_f"": 0.058252754732, ""learning_rate"": 0.000302730198, ""new_fc_1"": 21, ""new_fc_10"": 16, ""new_fc_2"": 8, ""new_fc_3"": 9, ""new_fc_4"": 13, ""new_fc_5"": 19, ""new_fc_6"": 4, ""new_fc_7"": 6, ""new_fc_8"": 13, ""new_fc_9"": 14, ""num_neurons"": 4, ""optimizer"": ""SGD"", ""reg_l2"": false, ""skip_connection"": true, ""unit_c1"": 1, ""unit_c2"": 1}"
422,183,accuracy,0.9800000004470348,0.019999999552965164,0.06788472,10182708.0,172172.0,-0.29363458368707557,3794.9999,"{""activation"": ""elu"", ""batch_size"": 8, ""data_augmentation"": false, ""dr_f"": 0.440902366638, ""learning_rate"": 0.000324881718, ""new_fc_1"": 15, ""new_fc_10"": 26, ""new_fc_2"": 24, ""new_fc_3"": 15, ""new_fc_4"": 5, ""new_fc_5"": 27, ""new_fc_6"": 10, ""new_fc_7"": 1, ""new_fc_8"": 2, ""new_fc_9"": 10, ""num_neurons"": 4, ""optimizer"": ""SGD"", ""reg_l2"": false, ""skip_connection"": false, ""unit_c1"": 3, ""unit_c2"": 8}"
423,183,flops,,,0.8377989866666666,125669848.0,4081668.0,,3796.6644,"{""activation"": ""swish"", ""batch_size"": 32, ""data_augmentation"": false, ""dr_f"": 0.234011492457, ""learning_rate"": 0.000180058096, ""new_fc_1"": 7, ""new_fc_10"": 29, ""new_fc_2"": 27, ""new_fc_3"": 18, ""new_fc_4"": 7, ""new_fc_5"": 8, ""new_fc_6"": 17, ""new_fc_7"": 2, ""new_fc_8"": 26, ""new_fc_9"": 15, ""num_neurons"": 32, ""optimizer"": ""SGD"", ""reg_l2"": false, ""skip_connection"": true, ""unit_c1"": 1, ""unit_c2"": 4}"
424,183,flops,,,2.2459254933333335,336888824.0,12547716.0,,3799.0509,"{""activation"": ""elu"", ""batch_size"": 32, ""data_augmentation"": false, ""dr_f"": 0.100421116898, ""learning_rate"": 0.000606176647, ""new_fc_1"": 22, ""new_fc_10"": 4, ""new_fc_2"": 22, ""new_fc_3"": 32, ""new_fc_4"": 12, ""new_fc_5"": 28, ""new_fc_6"": 29, ""new_fc_7"": 17, ""new_fc_8"": 4, ""new_fc_9"": 3, ""num_neurons"": 32, ""optimizer"": ""Adamax"", ""reg_l2"": true, ""skip_connection"": true, ""unit_c1"": 2, ""unit_c2"": 6}"
425,183,flops,,,0.025519573333333333,3827936.0,90112.0,,3800.7936,"{""activation"": ""elu"", ""batch_size"": 64, ""data_augmentation"": false, ""dr_f"": 0.381924468017, ""learning_rate"": 0.000850752905, ""new_fc_1"": 4, ""new_fc_10"": 32, ""new_fc_2"": 32, ""new_fc_3"": 20, ""new_fc_4"": 31, ""new_fc_5"": 22, ""new_fc_6"": 23, ""new_fc_7"": 22, ""new_fc_8"": 0, ""new_fc_9"": 24, ""num_neurons"": 4, ""optimizer"": ""Adam"", ""reg_l2"": false, ""skip_connection"": false, ""unit_c1"": 3, ""unit_c2"": 1}"
426,184,accuracy,0.9890000000596046,0.010999999940395355,0.02473576,3710364.0,120264.0,-0.30027927195827675,4006.1436,"{""activation"": ""swish"", ""batch_size"": 32, ""data_augmentation"": false, ""dr_f"": 0.325631654269, ""learning_rate"": 0.000978487338, ""new_fc_1"": 22, ""new_fc_10"": 5, ""new_fc_2"": 18, ""new_fc_3"": 10, ""new_fc_4"": 14, ""new_fc_5"": 21, ""new_fc_6"": 4, ""new_fc_7"": 19, ""new_fc_8"": 8, ""new_fc_9"": 10, ""num_neurons"": 4, ""optimizer"": ""Adadelta"", ""reg_l2"": false, ""skip_connection"": false, ""unit_c1"": 2, ""unit_c2"": 4}"
427,185,accuracy,0.7360999882221222,0.2639000117778778,0.92134224,138201336.0,3054948.0,-0.20832733624451447,5111.9299,"{""activation"": ""selu"", ""batch_size"": 16, ""data_augmentation"": false, ""dr_f"": 0.263219296451, ""learning_rate"": 0.000472054187, ""new_fc_1"": 30, ""new_fc_10"": 22, ""new_fc_2"": 17, ""new_fc_3"": 12, ""new_fc_4"": 30, ""new_fc_5"": 4, ""new_fc_6"": 19, ""new_fc_7"": 6, ""new_fc_8"": 7, ""new_fc_9"": 7, ""num_neurons"": 16, ""optimizer"": ""Adam"", ""reg_l2"": false, ""skip_connection"": false, ""unit_c1"": 4, ""unit_c2"": 5}"
428,186,accuracy,0.9532000012695789,0.046799998730421066,0.028996506666666668,4349476.0,53252.0,-0.32406104711129474,6758.0985,"{""activation"": ""relu"", ""batch_size"": 8, ""data_augmentation"": true, ""dr_f"": 0.293859471322, ""learning_rate"": 0.000710320883, ""new_fc_1"": 9, ""new_fc_10"": 14, ""new_fc_2"": 0, ""new_fc_3"": 24, ""new_fc_4"": 9, ""new_fc_5"": 19, ""new_fc_6"": 11, ""new_fc_7"": 26, ""new_fc_8"": 11, ""new_fc_9"": 8, ""num_neurons"": 4, ""optimizer"": ""Adam"", ""reg_l2"": false, ""skip_connection"": true, ""unit_c1"": 3, ""unit_c2"": 2}"
429,186,flops,,,12.010886986666666,1801633048.0,28367204.0,,6761.0873,"{""activation"": ""selu"", ""batch_size"": 32, ""data_augmentation"": false, ""dr_f"": 0.158664973713, ""learning_rate"": 0.000515848634, ""new_fc_1"": 13, ""new_fc_10"": 0, ""new_fc_2"": 0, ""new_fc_3"": 11, ""new_fc_4"": 24, ""new_fc_5"": 6, ""new_fc_6"": 10, ""new_fc_7"": 6, ""new_fc_8"": 22, ""new_fc_9"": 23, ""num_neurons"": 64, ""optimizer"": ""Adam"", ""reg_l2"": true, ""skip_connection"": true, ""unit_c1"": 3, ""unit_c2"": 6}"
430,187,accuracy,0.9900000002235174,0.009999999776482582,0.0188536,2828040.0,261452.0,-0.3013439198435378,6966.4464,"{""activation"": ""relu"", ""batch_size"": 32, ""data_augmentation"": false, ""dr_f"": 0.224368552648, ""learning_rate"": 0.000642133544, ""new_fc_1"": 16, ""new_fc_10"": 11, ""new_fc_2"": 26, ""new_fc_3"": 23, ""new_fc_4"": 10, ""new_fc_5"": 17, ""new_fc_6"": 4, ""new_fc_7"": 14, ""new_fc_8"": 22, ""new_fc_9"": 31, ""num_neurons"": 8, ""optimizer"": ""Adam"", ""reg_l2"": true, ""skip_connection"": true, ""unit_c1"": 1, ""unit_c2"": 1}"
431,187,flops,,,0.06937482666666667,10406224.0,242440.0,,6968.3888,"{""activation"": ""swish"", ""batch_size"": 64, ""data_augmentation"": true, ""dr_f"": 0.340764353011, ""learning_rate"": 0.000119983657, ""new_fc_1"": 24, ""new_fc_10"": 24, ""new_fc_2"": 18, ""new_fc_3"": 2, ""new_fc_4"": 11, ""new_fc_5"": 0, ""new_fc_6"": 13, ""new_fc_7"": 1, ""new_fc_8"": 23, ""new_fc_9"": 14, ""num_neurons"": 4, ""optimizer"": ""Adagrad"", ""reg_l2"": true, ""skip_connection"": false, ""unit_c1"": 3, ""unit_c2"": 8}"
432,187,flops,,,0.07041826666666667,10562740.0,207052.0,,6970.2263,"{""activation"": ""elu"", ""batch_size"": 64, ""data_augmentation"": true, ""dr_f"": 0.109372041017, ""learning_rate"": 0.000864574597, ""new_fc_1"": 18, ""new_fc_10"": 20, ""new_fc_2"": 21, ""new_fc_3"": 10, ""new_fc_4"": 4, ""new_fc_5"": 5, ""new_fc_6"": 23, ""new_fc_7"": 16, ""new_fc_8"": 10, ""new_fc_9"": 32, ""num_neurons"": 4, ""optimizer"": ""Adagrad"", ""reg_l2"": true, ""skip_connection"": true, ""unit_c1"": 3, ""unit_c2"": 8}"
433,188,accuracy,0.9900000002235174,0.009999999776482582,0.037349813333333336,5602472.0,58016.0,-0.2957950558435378,7716.1264,"{""activation"": ""swish"", ""batch_size"": 8, ""data_augmentation"": true, ""dr_f"": 0.225260691667, ""learning_rate"": 0.000696738795, ""new_fc_1"": 1, ""new_fc_10"": 9, ""new_fc_2"": 22, ""new_fc_3"": 20, ""new_fc_4"": 22, ""new_fc_5"": 0, ""new_fc_6"": 28, ""new_fc_7"": 17, ""new_fc_8"": 32, ""new_fc_9"": 5, ""num_neurons"": 4, ""optimizer"": ""Adam"", ""reg_l2"": true, ""skip_connection"": false, ""unit_c1"": 3, ""unit_c2"": 4}"
434,188,flops,,,0.047297573333333336,7094636.0,272460.0,,7718.1155,"{""activation"": ""swish"", ""batch_size"": 32, ""data_augmentation"": true, ""dr_f"": 0.26738170251, ""learning_rate"": 0.000626002081, ""new_fc_1"": 28, ""new_fc_10"": 21, ""new_fc_2"": 26, ""new_fc_3"": 7, ""new_fc_4"": 10, ""new_fc_5"": 32, ""new_fc_6"": 20, ""new_fc_7"": 19, ""new_fc_8"": 7, ""new_fc_9"": 29, ""num_neurons"": 4, ""optimizer"": ""Adamax"", ""reg_l2"": true, ""skip_connection"": true, ""unit_c1"": 2, ""unit_c2"": 7}"
435,189,accuracy,0.9859999995678663,0.014000000432133675,0.7954921066666667,119323816.0,1043284.0,-0.07115236830249357,7983.6465,"{""activation"": ""selu"", ""batch_size"": 64, ""data_augmentation"": true, ""dr_f"": 0.405174119105, ""learning_rate"": 0.000752878636, ""new_fc_1"": 3, ""new_fc_10"": 12, ""new_fc_2"": 27, ""new_fc_3"": 12, ""new_fc_4"": 29, ""new_fc_5"": 11, ""new_fc_6"": 2, ""new_fc_7"": 20, ""new_fc_8"": 0, ""new_fc_9"": 17, ""num_neurons"": 16, ""optimizer"": ""Adadelta"", ""reg_l2"": true, ""skip_connection"": true, ""unit_c1"": 2, ""unit_c2"": 8}"
436,190,accuracy,0.9431999996304512,0.0568000003695488,0.3500602133333333,52509032.0,890644.0,-0.23474193625868417,9809.9352,"{""activation"": ""elu"", ""batch_size"": 8, ""data_augmentation"": true, ""dr_f"": 0.050023356003, ""learning_rate"": 0.00081796843, ""new_fc_1"": 18, ""new_fc_10"": 3, ""new_fc_2"": 19, ""new_fc_3"": 8, ""new_fc_4"": 8, ""new_fc_5"": 32, ""new_fc_6"": 7, ""new_fc_7"": 0, ""new_fc_8"": 32, ""new_fc_9"": 26, ""num_neurons"": 16, ""optimizer"": ""SGD"", ""reg_l2"": true, ""skip_connection"": true, ""unit_c1"": 3, ""unit_c2"": 1}"
437,190,flops,,,3.4272210666666667,514083160.0,26877156.0,,9812.7426,"{""activation"": ""swish"", ""batch_size"": 16, ""data_augmentation"": false, ""dr_f"": 0.032500883633, ""learning_rate"": 0.000537685075, ""new_fc_1"": 31, ""new_fc_10"": 16, ""new_fc_2"": 1, ""new_fc_3"": 28, ""new_fc_4"": 21, ""new_fc_5"": 10, ""new_fc_6"": 32, ""new_fc_7"": 30, ""new_fc_8"": 9, ""new_fc_9"": 2, ""num_neurons"": 64, ""optimizer"": ""Adagrad"", ""reg_l2"": false, ""skip_connection"": false, ""unit_c1"": 2, ""unit_c2"": 2}"
438,191,accuracy,0.6532000005245209,0.3467999994754791,0.15998576,23997864.0,2108132.0,-0.4947642716328353,10198.7771,"{""activation"": ""selu"", ""batch_size"": 64, ""data_augmentation"": true, ""dr_f"": 0.122117463552, ""learning_rate"": 0.000901766038, ""new_fc_1"": 26, ""new_fc_10"": 20, ""new_fc_2"": 27, ""new_fc_3"": 31, ""new_fc_4"": 18, ""new_fc_5"": 10, ""new_fc_6"": 6, ""new_fc_7"": 5, ""new_fc_8"": 28, ""new_fc_9"": 10, ""num_neurons"": 16, ""optimizer"": ""SGD"", ""reg_l2"": false, ""skip_connection"": false, ""unit_c1"": 1, ""unit_c2"": 3}"
439,192,accuracy,0.9869999997317791,0.013000000268220901,0.02113008,3169512.0,169828.0,-0.3027609761877546,10524.4311,"{""activation"": ""elu"", ""batch_size"": 32, ""data_augmentation"": true, ""dr_f"": 0.176495068612, ""learning_rate"": 0.000848862762, ""new_fc_1"": 25, ""new_fc_10"": 29, ""new_fc_2"": 1, ""new_fc_3"": 25, ""new_fc_4"": 5, ""new_fc_5"": 15, ""new_fc_6"": 6, ""new_fc_7"": 14, ""new_fc_8"": 16, ""new_fc_9"": 20, ""num_neurons"": 4, ""optimizer"": ""Adadelta"", ""reg_l2"": true, ""skip_connection"": true, ""unit_c1"": 1, ""unit_c2"": 5}"
440,193,accuracy,0.9900000002235174,0.009999999776482582,0.06180064,9270096.0,563628.0,-0.2884598078435378,10730.665,"{""activation"": ""elu"", ""batch_size"": 32, ""data_augmentation"": false, ""dr_f"": 0.473211304445, ""learning_rate"": 0.00039250693, ""new_fc_1"": 29, ""new_fc_10"": 21, ""new_fc_2"": 17, ""new_fc_3"": 24, ""new_fc_4"": 29, ""new_fc_5"": 31, ""new_fc_6"": 22, ""new_fc_7"": 19, ""new_fc_8"": 27, ""new_fc_9"": 12, ""num_neurons"": 8, ""optimizer"": ""Adamax"", ""reg_l2"": true, ""skip_connection"": true, ""unit_c1"": 2, ""unit_c2"": 2}"
441,193,flops,,,2.5006162666666665,375092440.0,5598852.0,,10732.6991,"{""activation"": ""elu"", ""batch_size"": 64, ""data_augmentation"": false, ""dr_f"": 0.231015245273, ""learning_rate"": 0.000106867002, ""new_fc_1"": 5, ""new_fc_10"": 31, ""new_fc_2"": 7, ""new_fc_3"": 21, ""new_fc_4"": 13, ""new_fc_5"": 8, ""new_fc_6"": 15, ""new_fc_7"": 27, ""new_fc_8"": 12, ""new_fc_9"": 17, ""num_neurons"": 32, ""optimizer"": ""Adagrad"", ""reg_l2"": false, ""skip_connection"": true, ""unit_c1"": 1, ""unit_c2"": 8}"
442,194,accuracy,0.9900000002235174,0.009999999776482582,0.07690565333333334,11535848.0,563084.0,-0.28392830384353784,10878.0926,"{""activation"": ""relu"", ""batch_size"": 64, ""data_augmentation"": true, ""dr_f"": 0.395684080332, ""learning_rate"": 0.000538979733, ""new_fc_1"": 30, ""new_fc_10"": 16, ""new_fc_2"": 30, ""new_fc_3"": 10, ""new_fc_4"": 7, ""new_fc_5"": 12, ""new_fc_6"": 6, ""new_fc_7"": 31, ""new_fc_8"": 11, ""new_fc_9"": 25, ""num_neurons"": 8, ""optimizer"": ""Adadelta"", ""reg_l2"": false, ""skip_connection"": true, ""unit_c1"": 2, ""unit_c2"": 3}"
443,194,flops,,,0.03338056,5007084.0,80468.0,,10880.3606,"{""activation"": ""swish"", ""batch_size"": 32, ""data_augmentation"": true, ""dr_f"": 0.160479184489, ""learning_rate"": 0.00067039701, ""new_fc_1"": 14, ""new_fc_10"": 9, ""new_fc_2"": 21, ""new_fc_3"": 4, ""new_fc_4"": 22, ""new_fc_5"": 31, ""new_fc_6"": 1, ""new_fc_7"": 24, ""new_fc_8"": 15, ""new_fc_9"": 10, ""num_neurons"": 4, ""optimizer"": ""Adadelta"", ""reg_l2"": false, ""skip_connection"": true, ""unit_c1"": 3, ""unit_c2"": 3}"
444,195,accuracy,0.986600000411272,0.013399999588727951,0.019160373333333335,2874056.0,63872.0,-0.3036318877121096,11205.6732,"{""activation"": ""elu"", ""batch_size"": 16, ""data_augmentation"": true, ""dr_f"": 0.108931970874, ""learning_rate"": 0.000714048925, ""new_fc_1"": 8, ""new_fc_10"": 5, ""new_fc_2"": 7, ""new_fc_3"": 9, ""new_fc_4"": 18, ""new_fc_5"": 6, ""new_fc_6"": 20, ""new_fc_7"": 0, ""new_fc_8"": 7, ""new_fc_9"": 28, ""num_neurons"": 4, ""optimizer"": ""Adagrad"", ""reg_l2"": true, ""skip_connection"": false, ""unit_c1"": 1, ""unit_c2"": 5}"
445,195,flops,,,0.06272912,9409368.0,633364.0,,11207.3484,"{""activation"": ""elu"", ""batch_size"": 64, ""data_augmentation"": false, ""dr_f"": 0.437087629422, ""learning_rate"": 0.000916245051, ""new_fc_1"": 17, ""new_fc_10"": 22, ""new_fc_2"": 3, ""new_fc_3"": 28, ""new_fc_4"": 29, ""new_fc_5"": 4, ""new_fc_6"": 2, ""new_fc_7"": 3, ""new_fc_8"": 18, ""new_fc_9"": 2, ""num_neurons"": 16, ""optimizer"": ""SGD"", ""reg_l2"": false, ""skip_connection"": true, ""unit_c1"": 1, ""unit_c2"": 1}"
446,196,accuracy,0.6949000060558319,0.3050999939441681,0.15180549333333335,22770824.0,1494212.0,-0.4680283477609176,11712.6599,"{""activation"": ""elu"", ""batch_size"": 16, ""data_augmentation"": true, ""dr_f"": 0.075498085281, ""learning_rate"": 0.000565944401, ""new_fc_1"": 22, ""new_fc_10"": 28, ""new_fc_2"": 1, ""new_fc_3"": 19, ""new_fc_4"": 12, ""new_fc_5"": 1, ""new_fc_6"": 1, ""new_fc_7"": 14, ""new_fc_8"": 9, ""new_fc_9"": 24, ""num_neurons"": 16, ""optimizer"": ""Adam"", ""reg_l2"": false, ""skip_connection"": false, ""unit_c1"": 1, ""unit_c2"": 3}"
447,197,accuracy,0.988599999807775,0.01140000019222498,0.10819605333333333,16229408.0,920276.0,-0.27552118413455745,11858.2547,"{""activation"": ""swish"", ""batch_size"": 64, ""data_augmentation"": true, ""dr_f"": 0.415400739522, ""learning_rate"": 0.000235986981, ""new_fc_1"": 31, ""new_fc_10"": 0, ""new_fc_2"": 23, ""new_fc_3"": 15, ""new_fc_4"": 4, ""new_fc_5"": 20, ""new_fc_6"": 12, ""new_fc_7"": 18, ""new_fc_8"": 4, ""new_fc_9"": 20, ""num_neurons"": 8, ""optimizer"": ""Adagrad"", ""reg_l2"": true, ""skip_connection"": true, ""unit_c1"": 1, ""unit_c2"": 6}"
448,198,accuracy,0.9900000002235174,0.009999999776482582,0.0447784,6716760.0,212004.0,-0.29356647984353784,12063.8381,"{""activation"": ""relu"", ""batch_size"": 32, ""data_augmentation"": true, ""dr_f"": 0.421940303623, ""learning_rate"": 0.000100847379, ""new_fc_1"": 21, ""new_fc_10"": 11, ""new_fc_2"": 30, ""new_fc_3"": 23, ""new_fc_4"": 23, ""new_fc_5"": 6, ""new_fc_6"": 30, ""new_fc_7"": 7, ""new_fc_8"": 22, ""new_fc_9"": 11, ""num_neurons"": 4, ""optimizer"": ""Adamax"", ""reg_l2"": true, ""skip_connection"": false, ""unit_c1"": 2, ""unit_c2"": 7}"
449,199,accuracy,0.8727999925613403,0.12720000743865967,0.045344666666666665,6801700.0,157404.0,-0.3754366052070618,12630.0868,"{""activation"": ""elu"", ""batch_size"": 32, ""data_augmentation"": false, ""dr_f"": 0.30510638834, ""learning_rate"": 0.000401895046, ""new_fc_1"": 15, ""new_fc_10"": 32, ""new_fc_2"": 8, ""new_fc_3"": 16, ""new_fc_4"": 18, ""new_fc_5"": 9, ""new_fc_6"": 12, ""new_fc_7"": 18, ""new_fc_8"": 2, ""new_fc_9"": 17, ""num_neurons"": 4, ""optimizer"": ""Adam"", ""reg_l2"": false, ""skip_connection"": true, ""unit_c1"": 2, ""unit_c2"": 7}"
450,200,accuracy,10000000000.0,,3.7139882133333333,557098232.0,12371428.0,10000000000.0,12633.3024,"{""activation"": ""elu"", ""batch_size"": 8, ""data_augmentation"": true, ""dr_f"": 0.407987425631, ""learning_rate"": 0.000576359255, ""new_fc_1"": 20, ""new_fc_10"": 23, ""new_fc_2"": 21, ""new_fc_3"": 23, ""new_fc_4"": 0, ""new_fc_5"": 31, ""new_fc_6"": 29, ""new_fc_7"": 27, ""new_fc_8"": 25, ""new_fc_9"": 22, ""num_neurons"": 32, ""optimizer"": ""Adam"", ""reg_l2"": true, ""skip_connection"": true, ""unit_c1"": 4, ""unit_c2"": 5}"
451,201,accuracy,0.9900000002235174,0.009999999776482582,0.020198906666666665,3029836.0,141876.0,-0.3009403278435378,687.0248,"{""activation"": ""selu"", ""batch_size"": 8, ""data_augmentation"": true, ""dr_f"": 0.364700771789, ""learning_rate"": 0.000625301271, ""new_fc_1"": 19, ""new_fc_10"": 31, ""new_fc_2"": 24, ""new_fc_3"": 11, ""new_fc_4"": 25, ""new_fc_5"": 3, ""new_fc_6"": 25, ""new_fc_7"": 9, ""new_fc_8"": 14, ""new_fc_9"": 4, ""num_neurons"": 4, ""optimizer"": ""Adamax"", ""reg_l2"": true, ""skip_connection"": false, ""unit_c1"": 1, ""unit_c2"": 5}"
452,202,accuracy,0.9910000003874302,0.008999999612569809,0.03338056,5007084.0,80468.0,-0.29628583172879885,892.8933,"{""activation"": ""swish"", ""batch_size"": 32, ""data_augmentation"": true, ""dr_f"": 0.160479184489, ""learning_rate"": 0.00067039701, ""new_fc_1"": 14, ""new_fc_10"": 9, ""new_fc_2"": 21, ""new_fc_3"": 4, ""new_fc_4"": 22, ""new_fc_5"": 31, ""new_fc_6"": 1, ""new_fc_7"": 24, ""new_fc_8"": 15, ""new_fc_9"": 10, ""num_neurons"": 4, ""optimizer"": ""Adadelta"", ""reg_l2"": false, ""skip_connection"": true, ""unit_c1"": 3, ""unit_c2"": 3}"
453,203,accuracy,0.8871000036597252,0.11289999634027481,0.08979264,13468896.0,374204.0,-0.3520922054381923,1818.4768,"{""activation"": ""elu"", ""batch_size"": 16, ""data_augmentation"": false, ""dr_f"": 0.247033453026, ""learning_rate"": 0.00012648346, ""new_fc_1"": 0, ""new_fc_10"": 26, ""new_fc_2"": 5, ""new_fc_3"": 23, ""new_fc_4"": 23, ""new_fc_5"": 28, ""new_fc_6"": 31, ""new_fc_7"": 24, ""new_fc_8"": 9, ""new_fc_9"": 24, ""num_neurons"": 8, ""optimizer"": ""SGD"", ""reg_l2"": false, ""skip_connection"": false, ""unit_c1"": 2, ""unit_c2"": 4}"
454,203,flops,,,10.879639626666666,1631945944.0,53746596.0,,1822.4493,"{""activation"": ""selu"", ""batch_size"": 32, ""data_augmentation"": false, ""dr_f"": 0.242926247127, ""learning_rate"": 0.000739562907, ""new_fc_1"": 23, ""new_fc_10"": 5, ""new_fc_2"": 9, ""new_fc_3"": 30, ""new_fc_4"": 19, ""new_fc_5"": 15, ""new_fc_6"": 13, ""new_fc_7"": 2, ""new_fc_8"": 29, ""new_fc_9"": 17, ""num_neurons"": 64, ""optimizer"": ""Adadelta"", ""reg_l2"": true, ""skip_connection"": true, ""unit_c1"": 2, ""unit_c2"": 7}"
455,204,accuracy,0.8727000057697296,0.12729999423027039,0.025519573333333333,3827936.0,90112.0,-0.3814541239611893,2147.8737,"{""activation"": ""elu"", ""batch_size"": 64, ""data_augmentation"": false, ""dr_f"": 0.381924468017, ""learning_rate"": 0.000850752905, ""new_fc_1"": 4, ""new_fc_10"": 32, ""new_fc_2"": 32, ""new_fc_3"": 20, ""new_fc_4"": 31, ""new_fc_5"": 22, ""new_fc_6"": 23, ""new_fc_7"": 22, ""new_fc_8"": 0, ""new_fc_9"": 24, ""num_neurons"": 4, ""optimizer"": ""Adam"", ""reg_l2"": false, ""skip_connection"": false, ""unit_c1"": 3, ""unit_c2"": 1}"
456,205,accuracy,0.989500000141561,0.010499999858438969,0.048281866666666666,7242280.0,254268.0,-0.2928654399009073,2533.6699,"{""activation"": ""relu"", ""batch_size"": 16, ""data_augmentation"": false, ""dr_f"": 0.193726590436, ""learning_rate"": 0.000903575957, ""new_fc_1"": 27, ""new_fc_10"": 31, ""new_fc_2"": 3, ""new_fc_3"": 15, ""new_fc_4"": 2, ""new_fc_5"": 18, ""new_fc_6"": 18, ""new_fc_7"": 8, ""new_fc_8"": 23, ""new_fc_9"": 17, ""num_neurons"": 8, ""optimizer"": ""Adadelta"", ""reg_l2"": true, ""skip_connection"": true, ""unit_c1"": 2, ""unit_c2"": 1}"
457,206,accuracy,10000000000.0,,3.4272210666666667,514083160.0,26877156.0,10000000000.0,2536.5996,"{""activation"": ""swish"", ""batch_size"": 16, ""data_augmentation"": false, ""dr_f"": 0.032500883633, ""learning_rate"": 0.000537685075, ""new_fc_1"": 31, ""new_fc_10"": 16, ""new_fc_2"": 1, ""new_fc_3"": 28, ""new_fc_4"": 21, ""new_fc_5"": 10, ""new_fc_6"": 32, ""new_fc_7"": 30, ""new_fc_8"": 9, ""new_fc_9"": 2, ""num_neurons"": 64, ""optimizer"": ""Adagrad"", ""reg_l2"": false, ""skip_connection"": false, ""unit_c1"": 2, ""unit_c2"": 2}"
458,206,flops,,,2.5274608533333334,379119128.0,4128100.0,,2538.5959,"{""activation"": ""selu"", ""batch_size"": 8, ""data_augmentation"": true, ""dr_f"": 0.456665595223, ""learning_rate"": 0.000556584756, ""new_fc_1"": 13, ""new_fc_10"": 24, ""new_fc_2"": 11, ""new_fc_3"": 20, ""new_fc_4"": 20, ""new_fc_5"": 6, ""new_fc_6"": 20, ""new_fc_7"": 9, ""new_fc_8"": 20, ""new_fc_9"": 15, ""num_neurons"": 32, ""optimizer"": ""Adagrad"", ""reg_l2"": true, ""skip_connection"": true, ""unit_c1"": 4, ""unit_c2"": 2}"
459,207,accuracy,10000000000.0,,1.55839376,233759064.0,20649124.0,10000000000.0,2542.1116,"{""activation"": ""swish"", ""batch_size"": 8, ""data_augmentation"": true, ""dr_f"": 0.408927519394, ""learning_rate"": 0.000208169741, ""new_fc_1"": 21, ""new_fc_10"": 13, ""new_fc_2"": 17, ""new_fc_3"": 27, ""new_fc_4"": 12, ""new_fc_5"": 17, ""new_fc_6"": 22, ""new_fc_7"": 17, ""new_fc_8"": 9, ""new_fc_9"": 1, ""num_neurons"": 64, ""optimizer"": ""Adadelta"", ""reg_l2"": true, ""skip_connection"": false, ""unit_c1"": 1, ""unit_c2"": 2}"
460,207,flops,,,0.8632144533333334,129482168.0,7332068.0,,2544.2938,"{""activation"": ""selu"", ""batch_size"": 16, ""data_augmentation"": true, ""dr_f"": 0.280917300819, ""learning_rate"": 0.000410727489, ""new_fc_1"": 17, ""new_fc_10"": 15, ""new_fc_2"": 31, ""new_fc_3"": 23, ""new_fc_4"": 21, ""new_fc_5"": 2, ""new_fc_6"": 2, ""new_fc_7"": 13, ""new_fc_8"": 31, ""new_fc_9"": 8, ""num_neurons"": 32, ""optimizer"": ""Adamax"", ""reg_l2"": true, ""skip_connection"": false, ""unit_c1"": 1, ""unit_c2"": 4}"
461,207,flops,,,3.09628816,464443224.0,12153732.0,,2547.0037,"{""activation"": ""swish"", ""batch_size"": 8, ""data_augmentation"": false, ""dr_f"": 0.37065946703, ""learning_rate"": 0.000780240776, ""new_fc_1"": 23, ""new_fc_10"": 9, ""new_fc_2"": 31, ""new_fc_3"": 21, ""new_fc_4"": 4, ""new_fc_5"": 4, ""new_fc_6"": 21, ""new_fc_7"": 21, ""new_fc_8"": 6, ""new_fc_9"": 20, ""num_neurons"": 32, ""optimizer"": ""Adam"", ""reg_l2"": false, ""skip_connection"": true, ""unit_c1"": 3, ""unit_c2"": 6}"
462,208,accuracy,0.8296999931335449,0.17030000686645508,0.05896314666666667,8844472.0,544172.0,-0.40152106080651856,2933.0655,"{""activation"": ""selu"", ""batch_size"": 64, ""data_augmentation"": false, ""dr_f"": 0.141448799514, ""learning_rate"": 0.000102258829, ""new_fc_1"": 24, ""new_fc_10"": 8, ""new_fc_2"": 8, ""new_fc_3"": 18, ""new_fc_4"": 11, ""new_fc_5"": 3, ""new_fc_6"": 18, ""new_fc_7"": 5, ""new_fc_8"": 30, ""new_fc_9"": 31, ""num_neurons"": 8, ""optimizer"": ""Adamax"", ""reg_l2"": true, ""skip_connection"": true, ""unit_c1"": 1, ""unit_c2"": 4}"
463,208,flops,,,4.91049104,736573656.0,40710116.0,,2936.5256,"{""activation"": ""swish"", ""batch_size"": 8, ""data_augmentation"": false, ""dr_f"": 0.090710526812, ""learning_rate"": 0.000700836434, ""new_fc_1"": 20, ""new_fc_10"": 20, ""new_fc_2"": 12, ""new_fc_3"": 26, ""new_fc_4"": 5, ""new_fc_5"": 12, ""new_fc_6"": 17, ""new_fc_7"": 26, ""new_fc_8"": 22, ""new_fc_9"": 30, ""num_neurons"": 64, ""optimizer"": ""Adagrad"", ""reg_l2"": true, ""skip_connection"": true, ""unit_c1"": 1, ""unit_c2"": 5}"
464,209,accuracy,10000000000.0,,1.0573951466666667,158609272.0,4257092.0,10000000000.0,2938.3619,"{""activation"": ""swish"", ""batch_size"": 32, ""data_augmentation"": false, ""dr_f"": 0.255467227527, ""learning_rate"": 0.000128514248, ""new_fc_1"": 15, ""new_fc_10"": 0, ""new_fc_2"": 4, ""new_fc_3"": 17, ""new_fc_4"": 20, ""new_fc_5"": 24, ""new_fc_6"": 0, ""new_fc_7"": 5, ""new_fc_8"": 3, ""new_fc_9"": 3, ""num_neurons"": 32, ""optimizer"": ""Adamax"", ""reg_l2"": false, ""skip_connection"": false, ""unit_c1"": 2, ""unit_c2"": 3}"
465,209,flops,,,0.060556,9083400.0,470308.0,,2940.5827,"{""activation"": ""relu"", ""batch_size"": 16, ""data_augmentation"": false, ""dr_f"": 0.380807893195, ""learning_rate"": 0.000472200051, ""new_fc_1"": 12, ""new_fc_10"": 31, ""new_fc_2"": 10, ""new_fc_3"": 32, ""new_fc_4"": 27, ""new_fc_5"": 20, ""new_fc_6"": 29, ""new_fc_7"": 31, ""new_fc_8"": 22, ""new_fc_9"": 24, ""num_neurons"": 8, ""optimizer"": ""Adamax"", ""reg_l2"": true, ""skip_connection"": true, ""unit_c1"": 2, ""unit_c2"": 2}"
466,209,flops,,,0.044969866666666664,6745480.0,194836.0,,2942.6545,"{""activation"": ""swish"", ""batch_size"": 64, ""data_augmentation"": false, ""dr_f"": 0.192843046379, ""learning_rate"": 0.000817040282, ""new_fc_1"": 14, ""new_fc_10"": 29, ""new_fc_2"": 21, ""new_fc_3"": 18, ""new_fc_4"": 11, ""new_fc_5"": 24, ""new_fc_6"": 25, ""new_fc_7"": 24, ""new_fc_8"": 26, ""new_fc_9"": 28, ""num_neurons"": 4, ""optimizer"": ""Adagrad"", ""reg_l2"": true, ""skip_connection"": false, ""unit_c1"": 2, ""unit_c2"": 7}"
467,210,accuracy,0.8052999973297119,0.19470000267028809,0.8632144533333334,129482168.0,7332068.0,-0.17732566586920165,4348.8625,"{""activation"": ""selu"", ""batch_size"": 16, ""data_augmentation"": true, ""dr_f"": 0.280917300819, ""learning_rate"": 0.000410727489, ""new_fc_1"": 17, ""new_fc_10"": 15, ""new_fc_2"": 31, ""new_fc_3"": 23, ""new_fc_4"": 21, ""new_fc_5"": 2, ""new_fc_6"": 2, ""new_fc_7"": 13, ""new_fc_8"": 31, ""new_fc_9"": 8, ""num_neurons"": 32, ""optimizer"": ""Adamax"", ""reg_l2"": true, ""skip_connection"": false, ""unit_c1"": 1, ""unit_c2"": 4}"
468,211,accuracy,0.9916000002995133,0.00839999970048666,0.09620325333333334,14430488.0,651092.0,-0.27701902379034066,4734.5553,"{""activation"": ""selu"", ""batch_size"": 16, ""data_augmentation"": true, ""dr_f"": 0.488894575436, ""learning_rate"": 0.000136341938, ""new_fc_1"": 7, ""new_fc_10"": 5, ""new_fc_2"": 31, ""new_fc_3"": 13, ""new_fc_4"": 3, ""new_fc_5"": 21, ""new_fc_6"": 6, ""new_fc_7"": 14, ""new_fc_8"": 32, ""new_fc_9"": 0, ""num_neurons"": 16, ""optimizer"": ""Adagrad"", ""reg_l2"": true, ""skip_connection"": true, ""unit_c1"": 1, ""unit_c2"": 2}"
469,211,flops,,,0.17522389333333332,26283584.0,1044044.0,,4736.585,"{""activation"": ""selu"", ""batch_size"": 64, ""data_augmentation"": false, ""dr_f"": 0.2056038655, ""learning_rate"": 0.000256733487, ""new_fc_1"": 27, ""new_fc_10"": 10, ""new_fc_2"": 14, ""new_fc_3"": 7, ""new_fc_4"": 12, ""new_fc_5"": 19, ""new_fc_6"": 32, ""new_fc_7"": 31, ""new_fc_8"": 17, ""new_fc_9"": 20, ""num_neurons"": 8, ""optimizer"": ""Adam"", ""reg_l2"": true, ""skip_connection"": false, ""unit_c1"": 2, ""unit_c2"": 7}"
470,211,flops,,,0.6454205333333334,96813080.0,926404.0,,4739.2126,"{""activation"": ""swish"", ""batch_size"": 32, ""data_augmentation"": true, ""dr_f"": 0.109560511796, ""learning_rate"": 0.000716204822, ""new_fc_1"": 6, ""new_fc_10"": 0, ""new_fc_2"": 11, ""new_fc_3"": 5, ""new_fc_4"": 22, ""new_fc_5"": 6, ""new_fc_6"": 26, ""new_fc_7"": 9, ""new_fc_8"": 15, ""new_fc_9"": 16, ""num_neurons"": 16, ""optimizer"": ""SGD"", ""reg_l2"": false, ""skip_connection"": true, ""unit_c1"": 3, ""unit_c2"": 5}"
471,212,accuracy,0.9791999999433756,0.020800000056624413,0.05875925333333333,8813888.0,402876.0,-0.2969322240396371,5604.9446,"{""activation"": ""elu"", ""batch_size"": 8, ""data_augmentation"": false, ""dr_f"": 0.137976200581, ""learning_rate"": 0.000439384885, ""new_fc_1"": 19, ""new_fc_10"": 32, ""new_fc_2"": 0, ""new_fc_3"": 22, ""new_fc_4"": 14, ""new_fc_5"": 27, ""new_fc_6"": 27, ""new_fc_7"": 19, ""new_fc_8"": 12, ""new_fc_9"": 17, ""num_neurons"": 8, ""optimizer"": ""Adadelta"", ""reg_l2"": true, ""skip_connection"": false, ""unit_c1"": 2, ""unit_c2"": 2}"
472,212,flops,,,0.14481658666666666,21722488.0,431708.0,,5607.0813,"{""activation"": ""relu"", ""batch_size"": 32, ""data_augmentation"": true, ""dr_f"": 0.446784376413, ""learning_rate"": 0.000633451098, ""new_fc_1"": 14, ""new_fc_10"": 25, ""new_fc_2"": 7, ""new_fc_3"": 27, ""new_fc_4"": 10, ""new_fc_5"": 30, ""new_fc_6"": 30, ""new_fc_7"": 9, ""new_fc_8"": 10, ""new_fc_9"": 10, ""num_neurons"": 8, ""optimizer"": ""SGD"", ""reg_l2"": false, ""skip_connection"": true, ""unit_c1"": 3, ""unit_c2"": 4}"
473,212,flops,,,3.6422576533333335,546338648.0,40987812.0,,5610.6794,"{""activation"": ""relu"", ""batch_size"": 8, ""data_augmentation"": true, ""dr_f"": 0.10600046963, ""learning_rate"": 0.000485387101, ""new_fc_1"": 26, ""new_fc_10"": 4, ""new_fc_2"": 23, ""new_fc_3"": 23, ""new_fc_4"": 14, ""new_fc_5"": 10, ""new_fc_6"": 28, ""new_fc_7"": 21, ""new_fc_8"": 21, ""new_fc_9"": 10, ""num_neurons"": 64, ""optimizer"": ""Adamax"", ""reg_l2"": false, ""skip_connection"": true, ""unit_c1"": 1, ""unit_c2"": 4}"
474,212,flops,,,8.262715893333333,1239407384.0,13298980.0,,5613.127,"{""activation"": ""swish"", ""batch_size"": 64, ""data_augmentation"": true, ""dr_f"": 0.33672654327, ""learning_rate"": 0.00053336744, ""new_fc_1"": 1, ""new_fc_10"": 1, ""new_fc_2"": 19, ""new_fc_3"": 25, ""new_fc_4"": 21, ""new_fc_5"": 14, ""new_fc_6"": 25, ""new_fc_7"": 23, ""new_fc_8"": 6, ""new_fc_9"": 2, ""num_neurons"": 64, ""optimizer"": ""Adagrad"", ""reg_l2"": true, ""skip_connection"": false, ""unit_c1"": 2, ""unit_c2"": 6}"
475,213,accuracy,0.9900000002235174,0.009999999776482582,0.28407578666666666,42611368.0,826916.0,-0.2217772638435378,5758.9063,"{""activation"": ""elu"", ""batch_size"": 64, ""data_augmentation"": false, ""dr_f"": 0.479233175344, ""learning_rate"": 0.000999669419, ""new_fc_1"": 4, ""new_fc_10"": 16, ""new_fc_2"": 22, ""new_fc_3"": 4, ""new_fc_4"": 12, ""new_fc_5"": 15, ""new_fc_6"": 32, ""new_fc_7"": 6, ""new_fc_8"": 22, ""new_fc_9"": 0, ""num_neurons"": 16, ""optimizer"": ""Adamax"", ""reg_l2"": true, ""skip_connection"": false, ""unit_c1"": 1, ""unit_c2"": 5}"
476,213,flops,,,0.5415315733333333,81229736.0,2017748.0,,5760.9237,"{""activation"": ""selu"", ""batch_size"": 8, ""data_augmentation"": true, ""dr_f"": 0.099646526116, ""learning_rate"": 0.000515443516, ""new_fc_1"": 10, ""new_fc_10"": 25, ""new_fc_2"": 17, ""new_fc_3"": 32, ""new_fc_4"": 3, ""new_fc_5"": 30, ""new_fc_6"": 4, ""new_fc_7"": 28, ""new_fc_8"": 31, ""new_fc_9"": 25, ""num_neurons"": 16, ""optimizer"": ""Adamax"", ""reg_l2"": true, ""skip_connection"": false, ""unit_c1"": 2, ""unit_c2"": 6}"
477,214,accuracy,10000000000.0,,4.59163536,688745304.0,22668580.0,10000000000.0,5764.411,"{""activation"": ""selu"", ""batch_size"": 16, ""data_augmentation"": false, ""dr_f"": 0.11743115275, ""learning_rate"": 0.00014561167, ""new_fc_1"": 6, ""new_fc_10"": 14, ""new_fc_2"": 2, ""new_fc_3"": 30, ""new_fc_4"": 27, ""new_fc_5"": 17, ""new_fc_6"": 22, ""new_fc_7"": 20, ""new_fc_8"": 27, ""new_fc_9"": 15, ""num_neurons"": 64, ""optimizer"": ""Adagrad"", ""reg_l2"": true, ""skip_connection"": false, ""unit_c1"": 1, ""unit_c2"": 5}"
478,215,accuracy,0.9902999997138977,0.009700000286102295,0.08019557333333334,12029336.0,608132.0,-0.2827313282002716,6150.4396,"{""activation"": ""swish"", ""batch_size"": 16, ""data_augmentation"": false, ""dr_f"": 0.06760189882, ""learning_rate"": 0.000508198797, ""new_fc_1"": 16, ""new_fc_10"": 13, ""new_fc_2"": 29, ""new_fc_3"": 32, ""new_fc_4"": 29, ""new_fc_5"": 21, ""new_fc_6"": 3, ""new_fc_7"": 4, ""new_fc_8"": 21, ""new_fc_9"": 24, ""num_neurons"": 8, ""optimizer"": ""SGD"", ""reg_l2"": false, ""skip_connection"": true, ""unit_c1"": 1, ""unit_c2"": 5}"
479,215,flops,,,1.2213714666666666,183205720.0,9050468.0,,6153.7658,"{""activation"": ""swish"", ""batch_size"": 32, ""data_augmentation"": true, ""dr_f"": 0.36031263489, ""learning_rate"": 0.000819176053, ""new_fc_1"": 18, ""new_fc_10"": 32, ""new_fc_2"": 5, ""new_fc_3"": 23, ""new_fc_4"": 6, ""new_fc_5"": 25, ""new_fc_6"": 17, ""new_fc_7"": 4, ""new_fc_8"": 27, ""new_fc_9"": 27, ""num_neurons"": 32, ""optimizer"": ""SGD"", ""reg_l2"": true, ""skip_connection"": true, ""unit_c1"": 1, ""unit_c2"": 5}"
480,215,flops,,,9.804556106666666,1470683416.0,14206564.0,,6156.2951,"{""activation"": ""relu"", ""batch_size"": 16, ""data_augmentation"": false, ""dr_f"": 0.247363250489, ""learning_rate"": 0.000289225734, ""new_fc_1"": 5, ""new_fc_10"": 17, ""new_fc_2"": 21, ""new_fc_3"": 1, ""new_fc_4"": 26, ""new_fc_5"": 1, ""new_fc_6"": 24, ""new_fc_7"": 23, ""new_fc_8"": 5, ""new_fc_9"": 24, ""num_neurons"": 64, ""optimizer"": ""Adagrad"", ""reg_l2"": true, ""skip_connection"": false, ""unit_c1"": 3, ""unit_c2"": 5}"
481,216,accuracy,0.9896999998018146,0.010300000198185444,0.060550933333333334,9082640.0,57924.0,-0.2890447201387298,6541.9527,"{""activation"": ""elu"", ""batch_size"": 16, ""data_augmentation"": false, ""dr_f"": 0.362822308538, ""learning_rate"": 0.00098784997, ""new_fc_1"": 1, ""new_fc_10"": 4, ""new_fc_2"": 30, ""new_fc_3"": 11, ""new_fc_4"": 30, ""new_fc_5"": 31, ""new_fc_6"": 16, ""new_fc_7"": 7, ""new_fc_8"": 18, ""new_fc_9"": 10, ""num_neurons"": 4, ""optimizer"": ""Adagrad"", ""reg_l2"": true, ""skip_connection"": false, ""unit_c1"": 4, ""unit_c2"": 5}"
482,216,flops,,,0.21891728,32837592.0,1478388.0,,6544.1439,"{""activation"": ""relu"", ""batch_size"": 8, ""data_augmentation"": false, ""dr_f"": 0.399093142967, ""learning_rate"": 0.00026044134, ""new_fc_1"": 16, ""new_fc_10"": 23, ""new_fc_2"": 7, ""new_fc_3"": 2, ""new_fc_4"": 14, ""new_fc_5"": 14, ""new_fc_6"": 10, ""new_fc_7"": 15, ""new_fc_8"": 5, ""new_fc_9"": 22, ""num_neurons"": 16, ""optimizer"": ""Adagrad"", ""reg_l2"": true, ""skip_connection"": true, ""unit_c1"": 1, ""unit_c2"": 4}"
483,216,flops,,,0.07515418666666666,11273128.0,1565988.0,,6546.0853,"{""activation"": ""relu"", ""batch_size"": 64, ""data_augmentation"": false, ""dr_f"": 0.399194464097, ""learning_rate"": 0.00060660627, ""new_fc_1"": 30, ""new_fc_10"": 27, ""new_fc_2"": 26, ""new_fc_3"": 15, ""new_fc_4"": 13, ""new_fc_5"": 17, ""new_fc_6"": 28, ""new_fc_7"": 32, ""new_fc_8"": 4, ""new_fc_9"": 29, ""num_neurons"": 16, ""optimizer"": ""SGD"", ""reg_l2"": true, ""skip_connection"": true, ""unit_c1"": 1, ""unit_c2"": 1}"
484,217,accuracy,10000000000.0,,5.79125008,868687512.0,45120036.0,10000000000.0,6549.9241,"{""activation"": ""relu"", ""batch_size"": 8, ""data_augmentation"": false, ""dr_f"": 0.145209389066, ""learning_rate"": 0.000618009535, ""new_fc_1"": 30, ""new_fc_10"": 6, ""new_fc_2"": 7, ""new_fc_3"": 30, ""new_fc_4"": 21, ""new_fc_5"": 21, ""new_fc_6"": 7, ""new_fc_7"": 32, ""new_fc_8"": 23, ""new_fc_9"": 16, ""num_neurons"": 64, ""optimizer"": ""SGD"", ""reg_l2"": true, ""skip_connection"": true, ""unit_c1"": 2, ""unit_c2"": 4}"
485,217,flops,,,20.586184266666667,3087927640.0,30487652.0,,6553.0883,"{""activation"": ""selu"", ""batch_size"": 32, ""data_augmentation"": true, ""dr_f"": 0.497755145724, ""learning_rate"": 0.000735185626, ""new_fc_1"": 10, ""new_fc_10"": 20, ""new_fc_2"": 10, ""new_fc_3"": 15, ""new_fc_4"": 15, ""new_fc_5"": 21, ""new_fc_6"": 12, ""new_fc_7"": 9, ""new_fc_8"": 11, ""new_fc_9"": 1, ""num_neurons"": 64, ""optimizer"": ""Adamax"", ""reg_l2"": true, ""skip_connection"": false, ""unit_c1"": 4, ""unit_c2"": 8}"
486,217,flops,,,0.24184549333333333,36276824.0,3067588.0,,6555.1729,"{""activation"": ""elu"", ""batch_size"": 16, ""data_augmentation"": true, ""dr_f"": 0.154183971508, ""learning_rate"": 0.000600150104, ""new_fc_1"": 4, ""new_fc_10"": 19, ""new_fc_2"": 18, ""new_fc_3"": 6, ""new_fc_4"": 19, ""new_fc_5"": 25, ""new_fc_6"": 18, ""new_fc_7"": 29, ""new_fc_8"": 28, ""new_fc_9"": 2, ""num_neurons"": 32, ""optimizer"": ""Adagrad"", ""reg_l2"": false, ""skip_connection"": false, ""unit_c1"": 1, ""unit_c2"": 1}"
487,217,flops,,,0.02146504,3219756.0,195016.0,,6557.2933,"{""activation"": ""elu"", ""batch_size"": 16, ""data_augmentation"": true, ""dr_f"": 0.360268108772, ""learning_rate"": 0.000693318217, ""new_fc_1"": 26, ""new_fc_10"": 31, ""new_fc_2"": 13, ""new_fc_3"": 17, ""new_fc_4"": 29, ""new_fc_5"": 23, ""new_fc_6"": 13, ""new_fc_7"": 13, ""new_fc_8"": 17, ""new_fc_9"": 7, ""num_neurons"": 4, ""optimizer"": ""Adamax"", ""reg_l2"": true, ""skip_connection"": true, ""unit_c1"": 1, ""unit_c2"": 5}"
488,218,accuracy,0.9900000002235174,0.009999999776482582,0.43130928,64696392.0,589988.0,-0.17760721584353778,6943.1029,"{""activation"": ""selu"", ""batch_size"": 16, ""data_augmentation"": false, ""dr_f"": 0.176910776071, ""learning_rate"": 0.000914778348, ""new_fc_1"": 3, ""new_fc_10"": 23, ""new_fc_2"": 32, ""new_fc_3"": 3, ""new_fc_4"": 1, ""new_fc_5"": 0, ""new_fc_6"": 13, ""new_fc_7"": 3, ""new_fc_8"": 3, ""new_fc_9"": 22, ""num_neurons"": 16, ""optimizer"": ""Adam"", ""reg_l2"": false, ""skip_connection"": true, ""unit_c1"": 2, ""unit_c2"": 5}"
489,218,flops,,,0.17244997333333334,25867496.0,1041052.0,,6945.3573,"{""activation"": ""elu"", ""batch_size"": 16, ""data_augmentation"": false, ""dr_f"": 0.192240482598, ""learning_rate"": 0.000553539119, ""new_fc_1"": 32, ""new_fc_10"": 17, ""new_fc_2"": 30, ""new_fc_3"": 28, ""new_fc_4"": 31, ""new_fc_5"": 0, ""new_fc_6"": 29, ""new_fc_7"": 30, ""new_fc_8"": 6, ""new_fc_9"": 31, ""num_neurons"": 8, ""optimizer"": ""Adam"", ""reg_l2"": true, ""skip_connection"": false, ""unit_c1"": 3, ""unit_c2"": 5}"
490,219,accuracy,0.9823000002652407,0.01769999973475933,0.06272912,9409368.0,633364.0,-0.2935712638143315,7090.89,"{""activation"": ""elu"", ""batch_size"": 64, ""data_augmentation"": false, ""dr_f"": 0.437087629422, ""learning_rate"": 0.000916245051, ""new_fc_1"": 17, ""new_fc_10"": 22, ""new_fc_2"": 3, ""new_fc_3"": 28, ""new_fc_4"": 29, ""new_fc_5"": 4, ""new_fc_6"": 2, ""new_fc_7"": 3, ""new_fc_8"": 18, ""new_fc_9"": 2, ""num_neurons"": 16, ""optimizer"": ""SGD"", ""reg_l2"": false, ""skip_connection"": true, ""unit_c1"": 1, ""unit_c2"": 1}"
491,220,accuracy,0.9321999996900558,0.06780000030994415,0.18845424,28268136.0,347100.0,-0.2909237282169609,8378.2386,"{""activation"": ""selu"", ""batch_size"": 16, ""data_augmentation"": false, ""dr_f"": 0.224328395981, ""learning_rate"": 0.0005772561, ""new_fc_1"": 10, ""new_fc_10"": 14, ""new_fc_2"": 30, ""new_fc_3"": 17, ""new_fc_4"": 12, ""new_fc_5"": 16, ""new_fc_6"": 21, ""new_fc_7"": 20, ""new_fc_8"": 16, ""new_fc_9"": 22, ""num_neurons"": 8, ""optimizer"": ""Adadelta"", ""reg_l2"": true, ""skip_connection"": true, ""unit_c1"": 4, ""unit_c2"": 3}"
492,220,flops,,,13.07863056,1961794584.0,74101412.0,,8383.051,"{""activation"": ""selu"", ""batch_size"": 64, ""data_augmentation"": false, ""dr_f"": 0.471970501959, ""learning_rate"": 0.000632853955, ""new_fc_1"": 31, ""new_fc_10"": 10, ""new_fc_2"": 11, ""new_fc_3"": 6, ""new_fc_4"": 27, ""new_fc_5"": 7, ""new_fc_6"": 2, ""new_fc_7"": 30, ""new_fc_8"": 9, ""new_fc_9"": 18, ""num_neurons"": 64, ""optimizer"": ""Adamax"", ""reg_l2"": true, ""skip_connection"": false, ""unit_c1"": 2, ""unit_c2"": 8}"
493,221,accuracy,0.9917000001296401,0.008299999870359898,0.0459408,6891120.0,202104.0,-0.2920277599092519,9068.7614,"{""activation"": ""elu"", ""batch_size"": 8, ""data_augmentation"": true, ""dr_f"": 0.483086040833, ""learning_rate"": 0.000300190576, ""new_fc_1"": 23, ""new_fc_10"": 2, ""new_fc_2"": 4, ""new_fc_3"": 28, ""new_fc_4"": 16, ""new_fc_5"": 32, ""new_fc_6"": 5, ""new_fc_7"": 11, ""new_fc_8"": 8, ""new_fc_9"": 13, ""num_neurons"": 4, ""optimizer"": ""SGD"", ""reg_l2"": false, ""skip_connection"": true, ""unit_c1"": 2, ""unit_c2"": 7}"
494,222,accuracy,0.9912999998778105,0.008700000122189522,0.6454205333333334,96813080.0,926404.0,-0.11246384008553265,9394.7083,"{""activation"": ""swish"", ""batch_size"": 32, ""data_augmentation"": true, ""dr_f"": 0.109560511796, ""learning_rate"": 0.000716204822, ""new_fc_1"": 6, ""new_fc_10"": 0, ""new_fc_2"": 11, ""new_fc_3"": 5, ""new_fc_4"": 22, ""new_fc_5"": 6, ""new_fc_6"": 26, ""new_fc_7"": 9, ""new_fc_8"": 15, ""new_fc_9"": 16, ""num_neurons"": 16, ""optimizer"": ""SGD"", ""reg_l2"": false, ""skip_connection"": true, ""unit_c1"": 3, ""unit_c2"": 5}"
495,223,accuracy,0.9108999967575073,0.08910000324249268,0.15459312,23188968.0,1703588.0,-0.31599206626974485,10380.9,"{""activation"": ""elu"", ""batch_size"": 8, ""data_augmentation"": false, ""dr_f"": 0.469253920401, ""learning_rate"": 0.000465952236, ""new_fc_1"": 21, ""new_fc_10"": 18, ""new_fc_2"": 23, ""new_fc_3"": 21, ""new_fc_4"": 26, ""new_fc_5"": 1, ""new_fc_6"": 10, ""new_fc_7"": 25, ""new_fc_8"": 6, ""new_fc_9"": 18, ""num_neurons"": 16, ""optimizer"": ""Adam"", ""reg_l2"": false, ""skip_connection"": false, ""unit_c1"": 1, ""unit_c2"": 3}"
496,224,accuracy,0.991100000217557,0.008899999782443047,0.2982022933333333,44730344.0,1398164.0,-0.21676931184771014,10647.2454,"{""activation"": ""swish"", ""batch_size"": 32, ""data_augmentation"": true, ""dr_f"": 0.252995787788, ""learning_rate"": 0.000451864968, ""new_fc_1"": 11, ""new_fc_10"": 12, ""new_fc_2"": 30, ""new_fc_3"": 1, ""new_fc_4"": 15, ""new_fc_5"": 22, ""new_fc_6"": 5, ""new_fc_7"": 21, ""new_fc_8"": 10, ""new_fc_9"": 20, ""num_neurons"": 16, ""optimizer"": ""Adadelta"", ""reg_l2"": false, ""skip_connection"": true, ""unit_c1"": 1, ""unit_c2"": 5}"
497,225,accuracy,0.9900000002235174,0.009999999776482582,0.016230586666666668,2434588.0,98224.0,-0.30213082384353784,10853.6547,"{""activation"": ""elu"", ""batch_size"": 32, ""data_augmentation"": true, ""dr_f"": 0.478604469954, ""learning_rate"": 0.000207447257, ""new_fc_1"": 7, ""new_fc_10"": 23, ""new_fc_2"": 18, ""new_fc_3"": 31, ""new_fc_4"": 27, ""new_fc_5"": 31, ""new_fc_6"": 14, ""new_fc_7"": 22, ""new_fc_8"": 12, ""new_fc_9"": 32, ""num_neurons"": 4, ""optimizer"": ""Adamax"", ""reg_l2"": true, ""skip_connection"": false, ""unit_c1"": 2, ""unit_c2"": 2}"
498,226,accuracy,0.9895999999716878,0.010400000028312206,0.00554152,831228.0,59892.0,-0.30561754401981855,146.6456,"{""activation"": ""elu"", ""batch_size"": 64, ""data_augmentation"": true, ""dr_f"": 0.39196009116, ""learning_rate"": 0.000472826724, ""new_fc_1"": 21, ""new_fc_10"": 31, ""new_fc_2"": 15, ""new_fc_3"": 6, ""new_fc_4"": 0, ""new_fc_5"": 6, ""new_fc_6"": 21, ""new_fc_7"": 7, ""new_fc_8"": 0, ""new_fc_9"": 22, ""num_neurons"": 4, ""optimizer"": ""Adagrad"", ""reg_l2"": true, ""skip_connection"": true, ""unit_c1"": 1, ""unit_c2"": 1}"
499,227,accuracy,0.8338000029325485,0.16619999706745148,0.17522389333333332,26283584.0,1044044.0,-0.36377282994721605,472.9085,"{""activation"": ""selu"", ""batch_size"": 64, ""data_augmentation"": false, ""dr_f"": 0.2056038655, ""learning_rate"": 0.000256733487, ""new_fc_1"": 27, ""new_fc_10"": 10, ""new_fc_2"": 14, ""new_fc_3"": 7, ""new_fc_4"": 12, ""new_fc_5"": 19, ""new_fc_6"": 32, ""new_fc_7"": 31, ""new_fc_8"": 17, ""new_fc_9"": 20, ""num_neurons"": 8, ""optimizer"": ""Adam"", ""reg_l2"": true, ""skip_connection"": false, ""unit_c1"": 2, ""unit_c2"": 7}"
500,228,accuracy,0.9895999999716878,0.010400000028312206,0.025193173333333332,3778976.0,65552.0,-0.2997220480198185,858.8821,"{""activation"": ""elu"", ""batch_size"": 16, ""data_augmentation"": true, ""dr_f"": 0.420122443948, ""learning_rate"": 0.000700267888, ""new_fc_1"": 12, ""new_fc_10"": 18, ""new_fc_2"": 28, ""new_fc_3"": 10, ""new_fc_4"": 6, ""new_fc_5"": 15, ""new_fc_6"": 23, ""new_fc_7"": 29, ""new_fc_8"": 23, ""new_fc_9"": 6, ""num_neurons"": 4, ""optimizer"": ""Adadelta"", ""reg_l2"": true, ""skip_connection"": false, ""unit_c1"": 3, ""unit_c2"": 1}"
501,228,flops,,,0.0054832,822480.0,72536.0,,860.9528,"{""activation"": ""relu"", ""batch_size"": 32, ""data_augmentation"": true, ""dr_f"": 0.101673410355, ""learning_rate"": 0.000824483673, ""new_fc_1"": 3, ""new_fc_10"": 26, ""new_fc_2"": 17, ""new_fc_3"": 29, ""new_fc_4"": 17, ""new_fc_5"": 20, ""new_fc_6"": 31, ""new_fc_7"": 4, ""new_fc_8"": 22, ""new_fc_9"": 29, ""num_neurons"": 4, ""optimizer"": ""Adadelta"", ""reg_l2"": true, ""skip_connection"": false, ""unit_c1"": 1, ""unit_c2"": 1}"
502,229,accuracy,0.855100005865097,0.14489999413490295,0.0713392,10700880.0,315036.0,-0.3800282358944321,2866.9065,"{""activation"": ""elu"", ""batch_size"": 8, ""data_augmentation"": true, ""dr_f"": 0.349815659501, ""learning_rate"": 0.000877255405, ""new_fc_1"": 11, ""new_fc_10"": 8, ""new_fc_2"": 28, ""new_fc_3"": 21, ""new_fc_4"": 17, ""new_fc_5"": 21, ""new_fc_6"": 18, ""new_fc_7"": 8, ""new_fc_8"": 9, ""new_fc_9"": 18, ""num_neurons"": 8, ""optimizer"": ""SGD"", ""reg_l2"": false, ""skip_connection"": false, ""unit_c1"": 2, ""unit_c2"": 3}"
503,230,accuracy,0.965999998152256,0.03400000184774399,0.21545541333333335,32318312.0,1218500.0,-0.2591633772934208,3072.8773,"{""activation"": ""selu"", ""batch_size"": 64, ""data_augmentation"": true, ""dr_f"": 0.340068604562, ""learning_rate"": 0.000262918504, ""new_fc_1"": 29, ""new_fc_10"": 24, ""new_fc_2"": 23, ""new_fc_3"": 21, ""new_fc_4"": 13, ""new_fc_5"": 22, ""new_fc_6"": 1, ""new_fc_7"": 13, ""new_fc_8"": 31, ""new_fc_9"": 17, ""num_neurons"": 8, ""optimizer"": ""SGD"", ""reg_l2"": true, ""skip_connection"": true, ""unit_c1"": 2, ""unit_c2"": 8}"
504,231,accuracy,10000000000.0,,1.1545970666666667,173189560.0,1545572.0,10000000000.0,3075.9069,"{""activation"": ""swish"", ""batch_size"": 16, ""data_augmentation"": true, ""dr_f"": 0.344319187942, ""learning_rate"": 0.000672688365, ""new_fc_1"": 8, ""new_fc_10"": 13, ""new_fc_2"": 9, ""new_fc_3"": 30, ""new_fc_4"": 12, ""new_fc_5"": 4, ""new_fc_6"": 1, ""new_fc_7"": 5, ""new_fc_8"": 12, ""new_fc_9"": 28, ""num_neurons"": 16, ""optimizer"": ""Adamax"", ""reg_l2"": false, ""skip_connection"": false, ""unit_c1"": 4, ""unit_c2"": 7}"
505,231,flops,,,0.6315528,94732920.0,726916.0,,3078.0196,"{""activation"": ""elu"", ""batch_size"": 16, ""data_augmentation"": false, ""dr_f"": 0.430288067464, ""learning_rate"": 0.000636961846, ""new_fc_1"": 11, ""new_fc_10"": 10, ""new_fc_2"": 12, ""new_fc_3"": 4, ""new_fc_4"": 12, ""new_fc_5"": 7, ""new_fc_6"": 10, ""new_fc_7"": 7, ""new_fc_8"": 30, ""new_fc_9"": 11, ""num_neurons"": 16, ""optimizer"": ""Adamax"", ""reg_l2"": false, ""skip_connection"": false, ""unit_c1"": 4, ""unit_c2"": 2}"
506,232,accuracy,0.7944999933242798,0.20550000667572021,0.6315528,94732920.0,726916.0,-0.2543841646730041,4303.9012,"{""activation"": ""elu"", ""batch_size"": 16, ""data_augmentation"": false, ""dr_f"": 0.430288067464, ""learning_rate"": 0.000636961846, ""new_fc_1"": 11, ""new_fc_10"": 10, ""new_fc_2"": 12, ""new_fc_3"": 4, ""new_fc_4"": 12, ""new_fc_5"": 7, ""new_fc_6"": 10, ""new_fc_7"": 7, ""new_fc_8"": 30, ""new_fc_9"": 11, ""num_neurons"": 16, ""optimizer"": ""Adamax"", ""reg_l2"": false, ""skip_connection"": false, ""unit_c1"": 4, ""unit_c2"": 2}"
507,232,flops,,,0.06234504,9351756.0,40164.0,,4306.0483,"{""activation"": ""elu"", ""batch_size"": 16, ""data_augmentation"": true, ""dr_f"": 0.093688753304, ""learning_rate"": 0.00036449373, ""new_fc_1"": 3, ""new_fc_10"": 7, ""new_fc_2"": 0, ""new_fc_3"": 9, ""new_fc_4"": 6, ""new_fc_5"": 1, ""new_fc_6"": 22, ""new_fc_7"": 11, ""new_fc_8"": 11, ""new_fc_9"": 15, ""num_neurons"": 4, ""optimizer"": ""Adam"", ""reg_l2"": true, ""skip_connection"": true, ""unit_c1"": 4, ""unit_c2"": 5}"
508,233,accuracy,0.808799996972084,0.19120000302791595,0.021255733333333332,3188360.0,202016.0,-0.42746328211954115,5293.1149,"{""activation"": ""swish"", ""batch_size"": 8, ""data_augmentation"": true, ""dr_f"": 0.132795626721, ""learning_rate"": 0.000943774819, ""new_fc_1"": 29, ""new_fc_10"": 24, ""new_fc_2"": 3, ""new_fc_3"": 7, ""new_fc_4"": 32, ""new_fc_5"": 6, ""new_fc_6"": 8, ""new_fc_7"": 26, ""new_fc_8"": 21, ""new_fc_9"": 24, ""num_neurons"": 4, ""optimizer"": ""Adam"", ""reg_l2"": false, ""skip_connection"": false, ""unit_c1"": 1, ""unit_c2"": 5}"
509,233,flops,,,0.1785992,26789880.0,1000852.0,,5295.1274,"{""activation"": ""elu"", ""batch_size"": 8, ""data_augmentation"": false, ""dr_f"": 0.349086569979, ""learning_rate"": 0.000563704611, ""new_fc_1"": 18, ""new_fc_10"": 23, ""new_fc_2"": 10, ""new_fc_3"": 30, ""new_fc_4"": 0, ""new_fc_5"": 29, ""new_fc_6"": 20, ""new_fc_7"": 14, ""new_fc_8"": 15, ""new_fc_9"": 3, ""num_neurons"": 16, ""optimizer"": ""SGD"", ""reg_l2"": false, ""skip_connection"": true, ""unit_c1"": 2, ""unit_c2"": 1}"
510,234,accuracy,0.9657000005245209,0.034299999475479126,0.17244997333333334,25867496.0,1041052.0,-0.27227500763283535,5741.0631,"{""activation"": ""elu"", ""batch_size"": 16, ""data_augmentation"": false, ""dr_f"": 0.192240482598, ""learning_rate"": 0.000553539119, ""new_fc_1"": 32, ""new_fc_10"": 17, ""new_fc_2"": 30, ""new_fc_3"": 28, ""new_fc_4"": 31, ""new_fc_5"": 0, ""new_fc_6"": 29, ""new_fc_7"": 30, ""new_fc_8"": 6, ""new_fc_9"": 31, ""num_neurons"": 8, ""optimizer"": ""Adam"", ""reg_l2"": true, ""skip_connection"": false, ""unit_c1"": 3, ""unit_c2"": 5}"
511,234,flops,,,20.72234256,3108351384.0,40699812.0,,5744.4131,"{""activation"": ""selu"", ""batch_size"": 64, ""data_augmentation"": false, ""dr_f"": 0.417741949066, ""learning_rate"": 0.000379989549, ""new_fc_1"": 14, ""new_fc_10"": 29, ""new_fc_2"": 8, ""new_fc_3"": 3, ""new_fc_4"": 13, ""new_fc_5"": 17, ""new_fc_6"": 3, ""new_fc_7"": 2, ""new_fc_8"": 18, ""new_fc_9"": 26, ""num_neurons"": 64, ""optimizer"": ""Adam"", ""reg_l2"": false, ""skip_connection"": false, ""unit_c1"": 4, ""unit_c2"": 8}"
512,235,accuracy,0.8770999982953072,0.12290000170469284,0.19297765333333333,28946648.0,607084.0,-0.32813670519328497,6430.7482,"{""activation"": ""swish"", ""batch_size"": 32, ""data_augmentation"": false, ""dr_f"": 0.432136582015, ""learning_rate"": 0.000239561113, ""new_fc_1"": 32, ""new_fc_10"": 11, ""new_fc_2"": 11, ""new_fc_3"": 0, ""new_fc_4"": 22, ""new_fc_5"": 1, ""new_fc_6"": 32, ""new_fc_7"": 16, ""new_fc_8"": 28, ""new_fc_9"": 31, ""num_neurons"": 8, ""optimizer"": ""Adam"", ""reg_l2"": false, ""skip_connection"": true, ""unit_c1"": 4, ""unit_c2"": 3}"
513,235,flops,,,0.8178952,122684280.0,2670724.0,,6433.0088,"{""activation"": ""relu"", ""batch_size"": 64, ""data_augmentation"": false, ""dr_f"": 0.289584962101, ""learning_rate"": 0.000143934464, ""new_fc_1"": 23, ""new_fc_10"": 31, ""new_fc_2"": 21, ""new_fc_3"": 19, ""new_fc_4"": 31, ""new_fc_5"": 29, ""new_fc_6"": 20, ""new_fc_7"": 14, ""new_fc_8"": 24, ""new_fc_9"": 6, ""num_neurons"": 16, ""optimizer"": ""Adadelta"", ""reg_l2"": false, ""skip_connection"": true, ""unit_c1"": 4, ""unit_c2"": 4}"
514,235,flops,,,0.04477317333333333,6715976.0,91012.0,,6435.049,"{""activation"": ""elu"", ""batch_size"": 8, ""data_augmentation"": false, ""dr_f"": 0.122186208429, ""learning_rate"": 0.000666786317, ""new_fc_1"": 9, ""new_fc_10"": 13, ""new_fc_2"": 30, ""new_fc_3"": 24, ""new_fc_4"": 1, ""new_fc_5"": 8, ""new_fc_6"": 29, ""new_fc_7"": 24, ""new_fc_8"": 30, ""new_fc_9"": 28, ""num_neurons"": 4, ""optimizer"": ""SGD"", ""reg_l2"": false, ""skip_connection"": false, ""unit_c1"": 4, ""unit_c2"": 2}"
515,236,accuracy,0.8637000024318695,0.1362999975681305,0.018884373333333333,2832656.0,263828.0,-0.3897446862976913,6821.3587,"{""activation"": ""selu"", ""batch_size"": 64, ""data_augmentation"": true, ""dr_f"": 0.108768583449, ""learning_rate"": 0.000827259404, ""new_fc_1"": 1, ""new_fc_10"": 11, ""new_fc_2"": 3, ""new_fc_3"": 31, ""new_fc_4"": 30, ""new_fc_5"": 29, ""new_fc_6"": 13, ""new_fc_7"": 26, ""new_fc_8"": 16, ""new_fc_9"": 31, ""num_neurons"": 8, ""optimizer"": ""Adagrad"", ""reg_l2"": false, ""skip_connection"": true, ""unit_c1"": 1, ""unit_c2"": 1}"
516,236,flops,,,3.682168053333333,552325208.0,9984452.0,,6824.018,"{""activation"": ""elu"", ""batch_size"": 8, ""data_augmentation"": true, ""dr_f"": 0.37811029377, ""learning_rate"": 0.000975494988, ""new_fc_1"": 19, ""new_fc_10"": 30, ""new_fc_2"": 6, ""new_fc_3"": 25, ""new_fc_4"": 13, ""new_fc_5"": 21, ""new_fc_6"": 14, ""new_fc_7"": 19, ""new_fc_8"": 25, ""new_fc_9"": 20, ""num_neurons"": 32, ""optimizer"": ""Adam"", ""reg_l2"": true, ""skip_connection"": true, ""unit_c1"": 4, ""unit_c2"": 5}"
517,236,flops,,,0.21111536,31667304.0,542580.0,,6826.5426,"{""activation"": ""swish"", ""batch_size"": 16, ""data_augmentation"": true, ""dr_f"": 0.448920852098, ""learning_rate"": 0.000865896139, ""new_fc_1"": 25, ""new_fc_10"": 14, ""new_fc_2"": 10, ""new_fc_3"": 2, ""new_fc_4"": 29, ""new_fc_5"": 2, ""new_fc_6"": 25, ""new_fc_7"": 17, ""new_fc_8"": 13, ""new_fc_9"": 13, ""num_neurons"": 8, ""optimizer"": ""Adam"", ""reg_l2"": false, ""skip_connection"": true, ""unit_c1"": 4, ""unit_c2"": 4}"
518,237,accuracy,0.9468999989330769,0.05310000106692314,0.043909093333333336,6586364.0,141228.0,-0.32399727274684614,7452.1731,"{""activation"": ""elu"", ""batch_size"": 32, ""data_augmentation"": false, ""dr_f"": 0.089710189767, ""learning_rate"": 0.000607035359, ""new_fc_1"": 16, ""new_fc_10"": 20, ""new_fc_2"": 12, ""new_fc_3"": 4, ""new_fc_4"": 30, ""new_fc_5"": 16, ""new_fc_6"": 23, ""new_fc_7"": 16, ""new_fc_8"": 15, ""new_fc_9"": 25, ""num_neurons"": 4, ""optimizer"": ""Adadelta"", ""reg_l2"": false, ""skip_connection"": false, ""unit_c1"": 3, ""unit_c2"": 5}"
519,237,flops,,,20.853478986666666,3128021848.0,15933796.0,,7455.1328,"{""activation"": ""selu"", ""batch_size"": 64, ""data_augmentation"": true, ""dr_f"": 0.355410143376, ""learning_rate"": 0.000425013257, ""new_fc_1"": 2, ""new_fc_10"": 31, ""new_fc_2"": 6, ""new_fc_3"": 25, ""new_fc_4"": 25, ""new_fc_5"": 13, ""new_fc_6"": 5, ""new_fc_7"": 14, ""new_fc_8"": 9, ""new_fc_9"": 10, ""num_neurons"": 64, ""optimizer"": ""Adamax"", ""reg_l2"": true, ""skip_connection"": true, ""unit_c1"": 4, ""unit_c2"": 8}"
520,237,flops,,,16.466651466666665,2469997720.0,59984292.0,,7459.6748,"{""activation"": ""relu"", ""batch_size"": 8, ""data_augmentation"": true, ""dr_f"": 0.39580999897, ""learning_rate"": 0.000641457815, ""new_fc_1"": 31, ""new_fc_10"": 9, ""new_fc_2"": 14, ""new_fc_3"": 10, ""new_fc_4"": 18, ""new_fc_5"": 30, ""new_fc_6"": 4, ""new_fc_7"": 16, ""new_fc_8"": 23, ""new_fc_9"": 6, ""num_neurons"": 64, ""optimizer"": ""Adamax"", ""reg_l2"": true, ""skip_connection"": false, ""unit_c1"": 4, ""unit_c2"": 6}"
521,238,accuracy,0.9900000002235174,0.009999999776482582,0.2769049066666667,41535736.0,950068.0,-0.22392852784353778,7725.6989,"{""activation"": ""swish"", ""batch_size"": 32, ""data_augmentation"": false, ""dr_f"": 0.493438029434, ""learning_rate"": 0.000395098233, ""new_fc_1"": 32, ""new_fc_10"": 24, ""new_fc_2"": 11, ""new_fc_3"": 28, ""new_fc_4"": 5, ""new_fc_5"": 3, ""new_fc_6"": 3, ""new_fc_7"": 5, ""new_fc_8"": 12, ""new_fc_9"": 17, ""num_neurons"": 8, ""optimizer"": ""SGD"", ""reg_l2"": false, ""skip_connection"": true, ""unit_c1"": 4, ""unit_c2"": 6}"
522,239,accuracy,0.8612000048160553,0.1387999951839447,0.14507621333333334,21761432.0,989172.0,-0.3536371326287613,9491.7353,"{""activation"": ""selu"", ""batch_size"": 8, ""data_augmentation"": false, ""dr_f"": 0.129949890821, ""learning_rate"": 0.000979755019, ""new_fc_1"": 32, ""new_fc_10"": 27, ""new_fc_2"": 3, ""new_fc_3"": 16, ""new_fc_4"": 27, ""new_fc_5"": 10, ""new_fc_6"": 1, ""new_fc_7"": 8, ""new_fc_8"": 31, ""new_fc_9"": 21, ""num_neurons"": 8, ""optimizer"": ""Adagrad"", ""reg_l2"": true, ""skip_connection"": false, ""unit_c1"": 2, ""unit_c2"": 6}"
523,240,accuracy,10000000000.0,,18.661686346666666,2799252952.0,64780900.0,10000000000.0,9496.3007,"{""activation"": ""relu"", ""batch_size"": 64, ""data_augmentation"": false, ""dr_f"": 0.10295787638, ""learning_rate"": 0.000100458889, ""new_fc_1"": 31, ""new_fc_10"": 26, ""new_fc_2"": 6, ""new_fc_3"": 16, ""new_fc_4"": 8, ""new_fc_5"": 6, ""new_fc_6"": 0, ""new_fc_7"": 5, ""new_fc_8"": 17, ""new_fc_9"": 11, ""num_neurons"": 64, ""optimizer"": ""Adagrad"", ""reg_l2"": true, ""skip_connection"": false, ""unit_c1"": 4, ""unit_c2"": 7}"
524,241,accuracy,0.9901999998837709,0.009800000116229057,0.8178952,122684280.0,2670724.0,-0.06149144008136032,9702.4905,"{""activation"": ""relu"", ""batch_size"": 64, ""data_augmentation"": false, ""dr_f"": 0.289584962101, ""learning_rate"": 0.000143934464, ""new_fc_1"": 23, ""new_fc_10"": 31, ""new_fc_2"": 21, ""new_fc_3"": 19, ""new_fc_4"": 31, ""new_fc_5"": 29, ""new_fc_6"": 20, ""new_fc_7"": 14, ""new_fc_8"": 24, ""new_fc_9"": 6, ""num_neurons"": 16, ""optimizer"": ""Adadelta"", ""reg_l2"": false, ""skip_connection"": true, ""unit_c1"": 4, ""unit_c2"": 4}"
525,242,accuracy,0.6629999876022339,0.3370000123977661,0.07077530666666666,10616296.0,272692.0,-0.5146674166784363,10208.4592,"{""activation"": ""selu"", ""batch_size"": 16, ""data_augmentation"": true, ""dr_f"": 0.064696067999, ""learning_rate"": 0.000510062405, ""new_fc_1"": 10, ""new_fc_10"": 18, ""new_fc_2"": 6, ""new_fc_3"": 19, ""new_fc_4"": 18, ""new_fc_5"": 11, ""new_fc_6"": 20, ""new_fc_7"": 11, ""new_fc_8"": 13, ""new_fc_9"": 20, ""num_neurons"": 8, ""optimizer"": ""Adam"", ""reg_l2"": false, ""skip_connection"": false, ""unit_c1"": 2, ""unit_c2"": 3}"
526,243,accuracy,10000000000.0,,2.5274608533333334,379119128.0,4128100.0,10000000000.0,10211.4824,"{""activation"": ""selu"", ""batch_size"": 8, ""data_augmentation"": true, ""dr_f"": 0.456665595223, ""learning_rate"": 0.000556584756, ""new_fc_1"": 13, ""new_fc_10"": 24, ""new_fc_2"": 11, ""new_fc_3"": 20, ""new_fc_4"": 20, ""new_fc_5"": 6, ""new_fc_6"": 20, ""new_fc_7"": 9, ""new_fc_8"": 20, ""new_fc_9"": 15, ""num_neurons"": 32, ""optimizer"": ""Adagrad"", ""reg_l2"": true, ""skip_connection"": true, ""unit_c1"": 4, ""unit_c2"": 2}"
527,244,accuracy,0.866799995303154,0.133200004696846,0.13314133333333333,19971200.0,755580.0,-0.3532976032877922,10657.7342,"{""activation"": ""selu"", ""batch_size"": 64, ""data_augmentation"": true, ""dr_f"": 0.05086638281, ""learning_rate"": 0.000243458507, ""new_fc_1"": 21, ""new_fc_10"": 24, ""new_fc_2"": 11, ""new_fc_3"": 21, ""new_fc_4"": 5, ""new_fc_5"": 26, ""new_fc_6"": 14, ""new_fc_7"": 16, ""new_fc_8"": 2, ""new_fc_9"": 9, ""num_neurons"": 8, ""optimizer"": ""Adagrad"", ""reg_l2"": true, ""skip_connection"": true, ""unit_c1"": 1, ""unit_c2"": 7}"
528,245,accuracy,0.9880999997258186,0.011900000274181366,0.07838757333333334,11758136.0,217564.0,-0.28481372819192696,10863.3967,"{""activation"": ""relu"", ""batch_size"": 32, ""data_augmentation"": false, ""dr_f"": 0.358375816959, ""learning_rate"": 0.000765463515, ""new_fc_1"": 23, ""new_fc_10"": 1, ""new_fc_2"": 5, ""new_fc_3"": 14, ""new_fc_4"": 13, ""new_fc_5"": 18, ""new_fc_6"": 32, ""new_fc_7"": 22, ""new_fc_8"": 15, ""new_fc_9"": 9, ""num_neurons"": 4, ""optimizer"": ""SGD"", ""reg_l2"": true, ""skip_connection"": false, ""unit_c1"": 4, ""unit_c2"": 7}"
529,245,flops,,,0.21020741333333334,31531112.0,557620.0,,10865.7076,"{""activation"": ""relu"", ""batch_size"": 64, ""data_augmentation"": true, ""dr_f"": 0.204487352117, ""learning_rate"": 0.000869522093, ""new_fc_1"": 23, ""new_fc_10"": 27, ""new_fc_2"": 6, ""new_fc_3"": 18, ""new_fc_4"": 20, ""new_fc_5"": 20, ""new_fc_6"": 15, ""new_fc_7"": 0, ""new_fc_8"": 4, ""new_fc_9"": 21, ""num_neurons"": 8, ""optimizer"": ""Adam"", ""reg_l2"": false, ""skip_connection"": true, ""unit_c1"": 4, ""unit_c2"": 4}"
530,246,accuracy,0.8425000011920929,0.1574999988079071,0.04477317333333333,6715976.0,91012.0,-0.396818047165535,12811.3442,"{""activation"": ""elu"", ""batch_size"": 8, ""data_augmentation"": false, ""dr_f"": 0.122186208429, ""learning_rate"": 0.000666786317, ""new_fc_1"": 9, ""new_fc_10"": 13, ""new_fc_2"": 30, ""new_fc_3"": 24, ""new_fc_4"": 1, ""new_fc_5"": 8, ""new_fc_6"": 29, ""new_fc_7"": 24, ""new_fc_8"": 30, ""new_fc_9"": 28, ""num_neurons"": 4, ""optimizer"": ""SGD"", ""reg_l2"": false, ""skip_connection"": false, ""unit_c1"": 4, ""unit_c2"": 2}"
531,247,accuracy,0.75730000436306,0.24269999563694,0.5415315733333333,81229736.0,2017748.0,-0.307430524945858,15238.2118,"{""activation"": ""selu"", ""batch_size"": 8, ""data_augmentation"": true, ""dr_f"": 0.099646526116, ""learning_rate"": 0.000515443516, ""new_fc_1"": 10, ""new_fc_10"": 25, ""new_fc_2"": 17, ""new_fc_3"": 32, ""new_fc_4"": 3, ""new_fc_5"": 30, ""new_fc_6"": 4, ""new_fc_7"": 28, ""new_fc_8"": 31, ""new_fc_9"": 25, ""num_neurons"": 16, ""optimizer"": ""Adamax"", ""reg_l2"": true, ""skip_connection"": false, ""unit_c1"": 2, ""unit_c2"": 6}"
532,247,flops,,,0.015254133333333333,2288120.0,139672.0,,15240.4193,"{""activation"": ""selu"", ""batch_size"": 64, ""data_augmentation"": true, ""dr_f"": 0.123967179161, ""learning_rate"": 0.000947600468, ""new_fc_1"": 26, ""new_fc_10"": 6, ""new_fc_2"": 25, ""new_fc_3"": 0, ""new_fc_4"": 26, ""new_fc_5"": 5, ""new_fc_6"": 5, ""new_fc_7"": 32, ""new_fc_8"": 2, ""new_fc_9"": 1, ""num_neurons"": 4, ""optimizer"": ""Adamax"", ""reg_l2"": true, ""skip_connection"": false, ""unit_c1"": 1, ""unit_c2"": 4}"
533,248,accuracy,0.9536999985575676,0.046300001442432404,0.039666426666666664,5949964.0,163044.0,-0.3205100730097027,15745.9552,"{""activation"": ""elu"", ""batch_size"": 32, ""data_augmentation"": false, ""dr_f"": 0.303309571559, ""learning_rate"": 0.000906332784, ""new_fc_1"": 27, ""new_fc_10"": 27, ""new_fc_2"": 1, ""new_fc_3"": 4, ""new_fc_4"": 27, ""new_fc_5"": 12, ""new_fc_6"": 8, ""new_fc_7"": 29, ""new_fc_8"": 26, ""new_fc_9"": 12, ""num_neurons"": 4, ""optimizer"": ""Adagrad"", ""reg_l2"": false, ""skip_connection"": true, ""unit_c1"": 3, ""unit_c2"": 4}"
534,249,accuracy,0.9910000003874302,0.008999999612569809,0.04150437333333333,6225656.0,192952.0,-0.29384868772879885,16071.8012,"{""activation"": ""selu"", ""batch_size"": 16, ""data_augmentation"": true, ""dr_f"": 0.43187425232, ""learning_rate"": 0.000137229849, ""new_fc_1"": 16, ""new_fc_10"": 0, ""new_fc_2"": 6, ""new_fc_3"": 14, ""new_fc_4"": 14, ""new_fc_5"": 26, ""new_fc_6"": 11, ""new_fc_7"": 17, ""new_fc_8"": 30, ""new_fc_9"": 26, ""num_neurons"": 4, ""optimizer"": ""SGD"", ""reg_l2"": true, ""skip_connection"": false, ""unit_c1"": 1, ""unit_c2"": 8}"
535,249,flops,,,1.11805328,167707992.0,6951876.0,,16074.2707,"{""activation"": ""swish"", ""batch_size"": 32, ""data_augmentation"": true, ""dr_f"": 0.448473500022, ""learning_rate"": 0.00061176135, ""new_fc_1"": 20, ""new_fc_10"": 14, ""new_fc_2"": 13, ""new_fc_3"": 5, ""new_fc_4"": 26, ""new_fc_5"": 6, ""new_fc_6"": 29, ""new_fc_7"": 29, ""new_fc_8"": 11, ""new_fc_9"": 31, ""num_neurons"": 32, ""optimizer"": ""Adagrad"", ""reg_l2"": false, ""skip_connection"": true, ""unit_c1"": 2, ""unit_c2"": 3}"
536,250,accuracy,0.9026999995112419,0.09730000048875809,0.7191523733333334,107872856.0,945780.0,-0.15236428834213064,16640.2944,"{""activation"": ""elu"", ""batch_size"": 64, ""data_augmentation"": false, ""dr_f"": 0.114493424404, ""learning_rate"": 0.000409440744, ""new_fc_1"": 9, ""new_fc_10"": 7, ""new_fc_2"": 1, ""new_fc_3"": 31, ""new_fc_4"": 10, ""new_fc_5"": 31, ""new_fc_6"": 18, ""new_fc_7"": 2, ""new_fc_8"": 9, ""new_fc_9"": 18, ""num_neurons"": 16, ""optimizer"": ""SGD"", ""reg_l2"": false, ""skip_connection"": true, ""unit_c1"": 4, ""unit_c2"": 3}"
537,250,flops,,,11.96299152,1794448728.0,24176292.0,,3.6426,"{""activation"": ""swish"", ""batch_size"": 32, ""data_augmentation"": true, ""dr_f"": 0.264851118233, ""learning_rate"": 0.000155209487, ""new_fc_1"": 8, ""new_fc_10"": 32, ""new_fc_2"": 24, ""new_fc_3"": 32, ""new_fc_4"": 0, ""new_fc_5"": 5, ""new_fc_6"": 17, ""new_fc_7"": 9, ""new_fc_8"": 27, ""new_fc_9"": 10, ""num_neurons"": 64, ""optimizer"": ""Adagrad"", ""reg_l2"": false, ""skip_connection"": true, ""unit_c1"": 3, ""unit_c2"": 6}"
538,251,accuracy,0.9900000002235174,0.009999999776482582,0.044969866666666664,6745480.0,194836.0,-0.2935090398435378,150.7004,"{""activation"": ""swish"", ""batch_size"": 64, ""data_augmentation"": false, ""dr_f"": 0.192843046379, ""learning_rate"": 0.000817040282, ""new_fc_1"": 14, ""new_fc_10"": 29, ""new_fc_2"": 21, ""new_fc_3"": 18, ""new_fc_4"": 11, ""new_fc_5"": 24, ""new_fc_6"": 25, ""new_fc_7"": 24, ""new_fc_8"": 26, ""new_fc_9"": 28, ""num_neurons"": 4, ""optimizer"": ""Adagrad"", ""reg_l2"": true, ""skip_connection"": false, ""unit_c1"": 2, ""unit_c2"": 7}"
539,252,accuracy,0.8931000009179115,0.10689999908208847,0.16503941333333333,24755912.0,248820.0,-0.32531817535746194,536.8128,"{""activation"": ""relu"", ""batch_size"": 64, ""data_augmentation"": true, ""dr_f"": 0.19762987156, ""learning_rate"": 0.000384315162, ""new_fc_1"": 4, ""new_fc_10"": 3, ""new_fc_2"": 19, ""new_fc_3"": 27, ""new_fc_4"": 9, ""new_fc_5"": 27, ""new_fc_6"": 30, ""new_fc_7"": 20, ""new_fc_8"": 23, ""new_fc_9"": 4, ""num_neurons"": 8, ""optimizer"": ""Adamax"", ""reg_l2"": false, ""skip_connection"": false, ""unit_c1"": 4, ""unit_c2"": 2}"
540,253,accuracy,0.9905000003054738,0.009499999694526196,0.016370693333333332,2455604.0,74856.0,-0.3017387917861683,1283.2468,"{""activation"": ""selu"", ""batch_size"": 8, ""data_augmentation"": true, ""dr_f"": 0.398006512357, ""learning_rate"": 0.000177662322, ""new_fc_1"": 17, ""new_fc_10"": 6, ""new_fc_2"": 31, ""new_fc_3"": 6, ""new_fc_4"": 14, ""new_fc_5"": 32, ""new_fc_6"": 13, ""new_fc_7"": 1, ""new_fc_8"": 13, ""new_fc_9"": 26, ""num_neurons"": 4, ""optimizer"": ""Adamax"", ""reg_l2"": true, ""skip_connection"": true, ""unit_c1"": 2, ""unit_c2"": 2}"
541,254,accuracy,0.9900000002235174,0.009999999776482582,0.04515936,6773904.0,82348.0,-0.2934521918435378,1969.502,"{""activation"": ""swish"", ""batch_size"": 8, ""data_augmentation"": true, ""dr_f"": 0.400957270389, ""learning_rate"": 0.00013625379, ""new_fc_1"": 6, ""new_fc_10"": 29, ""new_fc_2"": 25, ""new_fc_3"": 16, ""new_fc_4"": 30, ""new_fc_5"": 24, ""new_fc_6"": 14, ""new_fc_7"": 1, ""new_fc_8"": 10, ""new_fc_9"": 31, ""num_neurons"": 4, ""optimizer"": ""SGD"", ""reg_l2"": false, ""skip_connection"": false, ""unit_c1"": 4, ""unit_c2"": 2}"
542,255,accuracy,0.9916000002995133,0.00839999970048666,0.04582144,6873216.0,258812.0,-0.29213356779034066,2175.4959,"{""activation"": ""swish"", ""batch_size"": 32, ""data_augmentation"": false, ""dr_f"": 0.100064941757, ""learning_rate"": 0.000110785685, ""new_fc_1"": 29, ""new_fc_10"": 11, ""new_fc_2"": 18, ""new_fc_3"": 18, ""new_fc_4"": 7, ""new_fc_5"": 16, ""new_fc_6"": 25, ""new_fc_7"": 9, ""new_fc_8"": 7, ""new_fc_9"": 26, ""num_neurons"": 4, ""optimizer"": ""SGD"", ""reg_l2"": true, ""skip_connection"": false, ""unit_c1"": 2, ""unit_c2"": 7}"
543,256,accuracy,0.7883999943733215,0.21160000562667847,0.21020741333333334,31531112.0,557620.0,-0.3850577799386749,2621.4287,"{""activation"": ""relu"", ""batch_size"": 64, ""data_augmentation"": true, ""dr_f"": 0.204487352117, ""learning_rate"": 0.000869522093, ""new_fc_1"": 23, ""new_fc_10"": 27, ""new_fc_2"": 6, ""new_fc_3"": 18, ""new_fc_4"": 20, ""new_fc_5"": 20, ""new_fc_6"": 15, ""new_fc_7"": 0, ""new_fc_8"": 4, ""new_fc_9"": 21, ""num_neurons"": 8, ""optimizer"": ""Adam"", ""reg_l2"": false, ""skip_connection"": true, ""unit_c1"": 4, ""unit_c2"": 4}"
544,256,flops,,,0.059063653333333334,8859548.0,173148.0,,2623.7865,"{""activation"": ""selu"", ""batch_size"": 32, ""data_augmentation"": true, ""dr_f"": 0.495210031335, ""learning_rate"": 0.00075384193, ""new_fc_1"": 15, ""new_fc_10"": 9, ""new_fc_2"": 0, ""new_fc_3"": 19, ""new_fc_4"": 9, ""new_fc_5"": 24, ""new_fc_6"": 27, ""new_fc_7"": 32, ""new_fc_8"": 14, ""new_fc_9"": 20, ""num_neurons"": 4, ""optimizer"": ""Adagrad"", ""reg_l2"": false, ""skip_connection"": false, ""unit_c1"": 3, ""unit_c2"": 7}"
545,257,accuracy,0.7695000022649765,0.2304999977350235,0.9056898666666666,135853480.0,4146180.0,-0.18964303841451646,3550.2978,"{""activation"": ""selu"", ""batch_size"": 32, ""data_augmentation"": true, ""dr_f"": 0.123612943829, ""learning_rate"": 0.000359842853, ""new_fc_1"": 31, ""new_fc_10"": 12, ""new_fc_2"": 14, ""new_fc_3"": 23, ""new_fc_4"": 7, ""new_fc_5"": 23, ""new_fc_6"": 3, ""new_fc_7"": 17, ""new_fc_8"": 4, ""new_fc_9"": 15, ""num_neurons"": 16, ""optimizer"": ""Adagrad"", ""reg_l2"": true, ""skip_connection"": false, ""unit_c1"": 3, ""unit_c2"": 7}"
546,258,accuracy,0.9907999997958541,0.009200000204145908,0.05669018666666667,8503528.0,247524.0,-0.2894329441429021,3755.8666,"{""activation"": ""relu"", ""batch_size"": 32, ""data_augmentation"": true, ""dr_f"": 0.43161265398, ""learning_rate"": 0.000140533607, ""new_fc_1"": 0, ""new_fc_10"": 32, ""new_fc_2"": 9, ""new_fc_3"": 16, ""new_fc_4"": 6, ""new_fc_5"": 30, ""new_fc_6"": 17, ""new_fc_7"": 14, ""new_fc_8"": 22, ""new_fc_9"": 0, ""num_neurons"": 8, ""optimizer"": ""Adagrad"", ""reg_l2"": false, ""skip_connection"": false, ""unit_c1"": 2, ""unit_c2"": 2}"
547,259,accuracy,0.9901000000536442,0.00989999994635582,0.12119386666666666,18179080.0,434108.0,-0.2705718399624491,4502.44,"{""activation"": ""relu"", ""batch_size"": 8, ""data_augmentation"": false, ""dr_f"": 0.084701803568, ""learning_rate"": 0.000109801203, ""new_fc_1"": 17, ""new_fc_10"": 26, ""new_fc_2"": 27, ""new_fc_3"": 16, ""new_fc_4"": 12, ""new_fc_5"": 6, ""new_fc_6"": 20, ""new_fc_7"": 4, ""new_fc_8"": 26, ""new_fc_9"": 28, ""num_neurons"": 8, ""optimizer"": ""Adadelta"", ""reg_l2"": true, ""skip_connection"": false, ""unit_c1"": 3, ""unit_c2"": 3}"
548,260,accuracy,0.8510999977588654,0.14890000224113464,0.0105264,1578960.0,80472.0,-0.4010720815687942,5368.4875,"{""activation"": ""relu"", ""batch_size"": 16, ""data_augmentation"": false, ""dr_f"": 0.077505402736, ""learning_rate"": 0.000892870605, ""new_fc_1"": 8, ""new_fc_10"": 17, ""new_fc_2"": 28, ""new_fc_3"": 26, ""new_fc_4"": 9, ""new_fc_5"": 17, ""new_fc_6"": 10, ""new_fc_7"": 5, ""new_fc_8"": 26, ""new_fc_9"": 28, ""num_neurons"": 4, ""optimizer"": ""Adam"", ""reg_l2"": false, ""skip_connection"": false, ""unit_c1"": 1, ""unit_c2"": 3}"
549,261,accuracy,0.9897999996319413,0.010200000368058681,0.02746112,4119168.0,176280.0,-0.29890166425764103,5515.2386,"{""activation"": ""swish"", ""batch_size"": 64, ""data_augmentation"": false, ""dr_f"": 0.091536020973, ""learning_rate"": 0.000244453215, ""new_fc_1"": 21, ""new_fc_10"": 27, ""new_fc_2"": 29, ""new_fc_3"": 6, ""new_fc_4"": 13, ""new_fc_5"": 19, ""new_fc_6"": 2, ""new_fc_7"": 15, ""new_fc_8"": 17, ""new_fc_9"": 9, ""num_neurons"": 4, ""optimizer"": ""Adagrad"", ""reg_l2"": true, ""skip_connection"": true, ""unit_c1"": 1, ""unit_c2"": 6}"
550,262,accuracy,0.9708999991416931,0.029100000858306885,0.07041826666666667,10562740.0,207052.0,-0.29924452060081486,5661.0855,"{""activation"": ""elu"", ""batch_size"": 64, ""data_augmentation"": true, ""dr_f"": 0.109372041017, ""learning_rate"": 0.000864574597, ""new_fc_1"": 18, ""new_fc_10"": 20, ""new_fc_2"": 21, ""new_fc_3"": 10, ""new_fc_4"": 4, ""new_fc_5"": 5, ""new_fc_6"": 23, ""new_fc_7"": 16, ""new_fc_8"": 10, ""new_fc_9"": 32, ""num_neurons"": 4, ""optimizer"": ""Adagrad"", ""reg_l2"": true, ""skip_connection"": true, ""unit_c1"": 3, ""unit_c2"": 8}"
551,262,flops,,,0.34690352,52035528.0,863092.0,,5663.7133,"{""activation"": ""elu"", ""batch_size"": 16, ""data_augmentation"": true, ""dr_f"": 0.474208096602, ""learning_rate"": 0.000172198278, ""new_fc_1"": 15, ""new_fc_10"": 30, ""new_fc_2"": 28, ""new_fc_3"": 25, ""new_fc_4"": 13, ""new_fc_5"": 32, ""new_fc_6"": 21, ""new_fc_7"": 3, ""new_fc_8"": 24, ""new_fc_9"": 31, ""num_neurons"": 8, ""optimizer"": ""Adagrad"", ""reg_l2"": false, ""skip_connection"": true, ""unit_c1"": 4, ""unit_c2"": 8}"
552,262,flops,,,0.028240853333333333,4236128.0,72216.0,,5666.0168,"{""activation"": ""elu"", ""batch_size"": 64, ""data_augmentation"": true, ""dr_f"": 0.086982017645, ""learning_rate"": 0.000254217948, ""new_fc_1"": 16, ""new_fc_10"": 30, ""new_fc_2"": 5, ""new_fc_3"": 24, ""new_fc_4"": 31, ""new_fc_5"": 0, ""new_fc_6"": 6, ""new_fc_7"": 6, ""new_fc_8"": 15, ""new_fc_9"": 5, ""num_neurons"": 4, ""optimizer"": ""Adadelta"", ""reg_l2"": true, ""skip_connection"": false, ""unit_c1"": 3, ""unit_c2"": 2}"
553,263,accuracy,10000000000.0,,20.586184266666667,3087927640.0,30487652.0,10000000000.0,5669.4244,"{""activation"": ""selu"", ""batch_size"": 32, ""data_augmentation"": true, ""dr_f"": 0.497755145724, ""learning_rate"": 0.000735185626, ""new_fc_1"": 10, ""new_fc_10"": 20, ""new_fc_2"": 10, ""new_fc_3"": 15, ""new_fc_4"": 15, ""new_fc_5"": 21, ""new_fc_6"": 12, ""new_fc_7"": 9, ""new_fc_8"": 11, ""new_fc_9"": 1, ""num_neurons"": 64, ""optimizer"": ""Adamax"", ""reg_l2"": true, ""skip_connection"": false, ""unit_c1"": 4, ""unit_c2"": 8}"
554,263,flops,,,11.085725173333334,1662858776.0,69204196.0,,5674.7349,"{""activation"": ""elu"", ""batch_size"": 64, ""data_augmentation"": false, ""dr_f"": 0.075207290577, ""learning_rate"": 0.000798544306, ""new_fc_1"": 29, ""new_fc_10"": 25, ""new_fc_2"": 19, ""new_fc_3"": 15, ""new_fc_4"": 25, ""new_fc_5"": 21, ""new_fc_6"": 19, ""new_fc_7"": 22, ""new_fc_8"": 6, ""new_fc_9"": 18, ""num_neurons"": 64, ""optimizer"": ""Adamax"", ""reg_l2"": true, ""skip_connection"": true, ""unit_c1"": 2, ""unit_c2"": 7}"
555,264,accuracy,10000000000.0,,1.2222890133333333,183343352.0,9272708.0,10000000000.0,5677.5081,"{""activation"": ""relu"", ""batch_size"": 8, ""data_augmentation"": false, ""dr_f"": 0.195523777286, ""learning_rate"": 0.000134596463, ""new_fc_1"": 16, ""new_fc_10"": 7, ""new_fc_2"": 18, ""new_fc_3"": 29, ""new_fc_4"": 18, ""new_fc_5"": 20, ""new_fc_6"": 22, ""new_fc_7"": 27, ""new_fc_8"": 28, ""new_fc_9"": 4, ""num_neurons"": 32, ""optimizer"": ""Adamax"", ""reg_l2"": false, ""skip_connection"": true, ""unit_c1"": 1, ""unit_c2"": 5}"
556,264,flops,,,3.16382608,474573912.0,5101348.0,,5680.3546,"{""activation"": ""relu"", ""batch_size"": 16, ""data_augmentation"": true, ""dr_f"": 0.232679866645, ""learning_rate"": 0.00057950554, ""new_fc_1"": 6, ""new_fc_10"": 13, ""new_fc_2"": 22, ""new_fc_3"": 23, ""new_fc_4"": 3, ""new_fc_5"": 5, ""new_fc_6"": 1, ""new_fc_7"": 7, ""new_fc_8"": 3, ""new_fc_9"": 21, ""num_neurons"": 32, ""optimizer"": ""Adam"", ""reg_l2"": false, ""skip_connection"": true, ""unit_c1"": 2, ""unit_c2"": 8}"
557,265,accuracy,0.9902999997138977,0.009700000286102295,0.059063653333333334,8859548.0,173148.0,-0.2890709042002716,5886.1202,"{""activation"": ""selu"", ""batch_size"": 32, ""data_augmentation"": true, ""dr_f"": 0.495210031335, ""learning_rate"": 0.00075384193, ""new_fc_1"": 15, ""new_fc_10"": 9, ""new_fc_2"": 0, ""new_fc_3"": 19, ""new_fc_4"": 9, ""new_fc_5"": 24, ""new_fc_6"": 27, ""new_fc_7"": 32, ""new_fc_8"": 14, ""new_fc_9"": 20, ""num_neurons"": 4, ""optimizer"": ""Adagrad"", ""reg_l2"": false, ""skip_connection"": false, ""unit_c1"": 3, ""unit_c2"": 7}"
558,266,accuracy,0.9875999996438622,0.012400000356137753,0.14481658666666666,21722488.0,431708.0,-0.26523502424929646,6152.0198,"{""activation"": ""relu"", ""batch_size"": 32, ""data_augmentation"": true, ""dr_f"": 0.446784376413, ""learning_rate"": 0.000633451098, ""new_fc_1"": 14, ""new_fc_10"": 25, ""new_fc_2"": 7, ""new_fc_3"": 27, ""new_fc_4"": 10, ""new_fc_5"": 30, ""new_fc_6"": 30, ""new_fc_7"": 9, ""new_fc_8"": 10, ""new_fc_9"": 10, ""num_neurons"": 8, ""optimizer"": ""SGD"", ""reg_l2"": false, ""skip_connection"": true, ""unit_c1"": 3, ""unit_c2"": 4}"
559,267,accuracy,0.9907999997958541,0.009200000204145908,0.019064746666666667,2859712.0,277380.0,-0.3007205761429021,6898.6327,"{""activation"": ""selu"", ""batch_size"": 8, ""data_augmentation"": true, ""dr_f"": 0.428698005434, ""learning_rate"": 0.000170235044, ""new_fc_1"": 9, ""new_fc_10"": 17, ""new_fc_2"": 27, ""new_fc_3"": 28, ""new_fc_4"": 4, ""new_fc_5"": 27, ""new_fc_6"": 27, ""new_fc_7"": 14, ""new_fc_8"": 18, ""new_fc_9"": 26, ""num_neurons"": 8, ""optimizer"": ""Adadelta"", ""reg_l2"": true, ""skip_connection"": true, ""unit_c1"": 1, ""unit_c2"": 1}"
560,267,flops,,,0.2905423466666667,43581352.0,899700.0,,6900.9636,"{""activation"": ""selu"", ""batch_size"": 16, ""data_augmentation"": false, ""dr_f"": 0.408168697578, ""learning_rate"": 0.000144368313, ""new_fc_1"": 4, ""new_fc_10"": 29, ""new_fc_2"": 7, ""new_fc_3"": 7, ""new_fc_4"": 7, ""new_fc_5"": 23, ""new_fc_6"": 12, ""new_fc_7"": 22, ""new_fc_8"": 20, ""new_fc_9"": 10, ""num_neurons"": 16, ""optimizer"": ""SGD"", ""reg_l2"": true, ""skip_connection"": true, ""unit_c1"": 1, ""unit_c2"": 5}"
561,268,accuracy,0.9900000002235174,0.009999999776482582,0.67832848,101749272.0,3458532.0,-0.1035014558435378,7107.2918,"{""activation"": ""relu"", ""batch_size"": 64, ""data_augmentation"": false, ""dr_f"": 0.035892369614, ""learning_rate"": 0.000917304497, ""new_fc_1"": 21, ""new_fc_10"": 11, ""new_fc_2"": 29, ""new_fc_3"": 27, ""new_fc_4"": 11, ""new_fc_5"": 26, ""new_fc_6"": 15, ""new_fc_7"": 27, ""new_fc_8"": 9, ""new_fc_9"": 20, ""num_neurons"": 16, ""optimizer"": ""Adam"", ""reg_l2"": true, ""skip_connection"": false, ""unit_c1"": 2, ""unit_c2"": 7}"
562,269,accuracy,0.9793999996036291,0.020600000396370888,0.17086048,25629072.0,716636.0,-0.2631618562774596,7313.0152,"{""activation"": ""elu"", ""batch_size"": 64, ""data_augmentation"": false, ""dr_f"": 0.455931179747, ""learning_rate"": 0.00073236784, ""new_fc_1"": 19, ""new_fc_10"": 18, ""new_fc_2"": 2, ""new_fc_3"": 7, ""new_fc_4"": 29, ""new_fc_5"": 11, ""new_fc_6"": 16, ""new_fc_7"": 1, ""new_fc_8"": 22, ""new_fc_9"": 26, ""num_neurons"": 8, ""optimizer"": ""Adagrad"", ""reg_l2"": false, ""skip_connection"": false, ""unit_c1"": 2, ""unit_c2"": 7}"
563,270,accuracy,0.9900000002235174,0.009999999776482582,0.02146504,3219756.0,195016.0,-0.3005604878435378,7699.0997,"{""activation"": ""elu"", ""batch_size"": 16, ""data_augmentation"": true, ""dr_f"": 0.360268108772, ""learning_rate"": 0.000693318217, ""new_fc_1"": 26, ""new_fc_10"": 31, ""new_fc_2"": 13, ""new_fc_3"": 17, ""new_fc_4"": 29, ""new_fc_5"": 23, ""new_fc_6"": 13, ""new_fc_7"": 13, ""new_fc_8"": 17, ""new_fc_9"": 7, ""num_neurons"": 4, ""optimizer"": ""Adamax"", ""reg_l2"": true, ""skip_connection"": true, ""unit_c1"": 1, ""unit_c2"": 5}"
564,271,accuracy,0.9901999998837709,0.009800000116229057,0.21891728,32837592.0,1478388.0,-0.24118481608136033,8445.426,"{""activation"": ""relu"", ""batch_size"": 8, ""data_augmentation"": false, ""dr_f"": 0.399093142967, ""learning_rate"": 0.00026044134, ""new_fc_1"": 16, ""new_fc_10"": 23, ""new_fc_2"": 7, ""new_fc_3"": 2, ""new_fc_4"": 14, ""new_fc_5"": 14, ""new_fc_6"": 10, ""new_fc_7"": 15, ""new_fc_8"": 5, ""new_fc_9"": 22, ""num_neurons"": 16, ""optimizer"": ""Adagrad"", ""reg_l2"": true, ""skip_connection"": true, ""unit_c1"": 1, ""unit_c2"": 4}"
565,272,accuracy,0.8472000062465668,0.15279999375343323,0.08963018666666667,13444528.0,129028.0,-0.38007093962740324,9072.2852,"{""activation"": ""selu"", ""batch_size"": 32, ""data_augmentation"": false, ""dr_f"": 0.378002442449, ""learning_rate"": 0.00048546861, ""new_fc_1"": 6, ""new_fc_10"": 12, ""new_fc_2"": 8, ""new_fc_3"": 25, ""new_fc_4"": 11, ""new_fc_5"": 8, ""new_fc_6"": 14, ""new_fc_7"": 10, ""new_fc_8"": 6, ""new_fc_9"": 23, ""num_neurons"": 8, ""optimizer"": ""Adam"", ""reg_l2"": false, ""skip_connection"": false, ""unit_c1"": 3, ""unit_c2"": 1}"
566,273,accuracy,0.9890999998897314,0.010900000110268593,0.0424264,6363960.0,236904.0,-0.294902080077188,9218.7476,"{""activation"": ""swish"", ""batch_size"": 64, ""data_augmentation"": true, ""dr_f"": 0.485575165548, ""learning_rate"": 0.000418811018, ""new_fc_1"": 24, ""new_fc_10"": 3, ""new_fc_2"": 2, ""new_fc_3"": 22, ""new_fc_4"": 16, ""new_fc_5"": 15, ""new_fc_6"": 30, ""new_fc_7"": 5, ""new_fc_8"": 18, ""new_fc_9"": 17, ""num_neurons"": 4, ""optimizer"": ""Adadelta"", ""reg_l2"": true, ""skip_connection"": false, ""unit_c1"": 1, ""unit_c2"": 8}"
567,274,accuracy,0.7906000018119812,0.2093999981880188,0.8303865066666667,124557976.0,3877860.0,-0.19746404673161314,10804.9004,"{""activation"": ""elu"", ""batch_size"": 16, ""data_augmentation"": true, ""dr_f"": 0.227578640349, ""learning_rate"": 0.000916929688, ""new_fc_1"": 0, ""new_fc_10"": 1, ""new_fc_2"": 22, ""new_fc_3"": 8, ""new_fc_4"": 30, ""new_fc_5"": 4, ""new_fc_6"": 19, ""new_fc_7"": 1, ""new_fc_8"": 6, ""new_fc_9"": 31, ""num_neurons"": 32, ""optimizer"": ""Adagrad"", ""reg_l2"": false, ""skip_connection"": false, ""unit_c1"": 2, ""unit_c2"": 2}"
568,275,accuracy,0.7445999979972839,0.25540000200271606,0.24184549333333333,36276824.0,3067588.0,-0.40622635340190116,11971.0483,"{""activation"": ""elu"", ""batch_size"": 16, ""data_augmentation"": true, ""dr_f"": 0.154183971508, ""learning_rate"": 0.000600150104, ""new_fc_1"": 4, ""new_fc_10"": 19, ""new_fc_2"": 18, ""new_fc_3"": 6, ""new_fc_4"": 19, ""new_fc_5"": 25, ""new_fc_6"": 18, ""new_fc_7"": 29, ""new_fc_8"": 28, ""new_fc_9"": 2, ""num_neurons"": 32, ""optimizer"": ""Adagrad"", ""reg_l2"": false, ""skip_connection"": false, ""unit_c1"": 1, ""unit_c2"": 1}"
