event,accuracy_eval,objective,error,accuracy,flops_norm,flops,params,score,elapsed_sec,params_json
1,1,both,0.9059000015258789,0.0940999984741211,0.013282026666666667,1992304.0,62060.0,-0.36188539093188477,265.4134,"{""activation"": ""relu"", ""batch_size"": 64, ""data_augmentation"": false, ""dr_f"": 0.143889585721, ""learning_rate"": 0.000665632005, ""new_fc_1"": 31, ""new_fc_10"": 23, ""new_fc_2"": 8, ""new_fc_3"": 0, ""new_fc_4"": 29, ""new_fc_5"": 4, ""new_fc_6"": 4, ""new_fc_7"": 23, ""new_fc_8"": 18, ""new_fc_9"": 2, ""num_neurons"": 4, ""optimizer"": ""Adam"", ""reg_l2"": false, ""skip_connection"": false, ""unit_c1"": 2, ""unit_c2"": 1}"
2,2,both,0.9900000002235174,0.009999999776482582,0.5826659733333334,87399896.0,4044836.0,-0.13220020784353778,649.9871,"{""activation"": ""swish"", ""batch_size"": 16, ""data_augmentation"": true, ""dr_f"": 0.263205835774, ""learning_rate"": 0.000908750291, ""new_fc_1"": 0, ""new_fc_10"": 16, ""new_fc_2"": 3, ""new_fc_3"": 30, ""new_fc_4"": 3, ""new_fc_5"": 27, ""new_fc_6"": 20, ""new_fc_7"": 29, ""new_fc_8"": 24, ""new_fc_9"": 28, ""num_neurons"": 32, ""optimizer"": ""SGD"", ""reg_l2"": true, ""skip_connection"": true, ""unit_c1"": 1, ""unit_c2"": 3}"
3,3,both,0.9900000002235174,0.009999999776482582,0.05324098666666666,7986148.0,187488.0,-0.2910277038435378,1334.3812,"{""activation"": ""swish"", ""batch_size"": 8, ""data_augmentation"": false, ""dr_f"": 0.185584783511, ""learning_rate"": 0.000275358038, ""new_fc_1"": 17, ""new_fc_10"": 2, ""new_fc_2"": 20, ""new_fc_3"": 17, ""new_fc_4"": 10, ""new_fc_5"": 29, ""new_fc_6"": 12, ""new_fc_7"": 9, ""new_fc_8"": 19, ""new_fc_9"": 18, ""num_neurons"": 4, ""optimizer"": ""Adagrad"", ""reg_l2"": true, ""skip_connection"": false, ""unit_c1"": 2, ""unit_c2"": 8}"
4,4,both,0.981699999421835,0.018300000578165054,0.89587312,134380968.0,1813492.0,-0.04404806440471555,2198.5379,"{""activation"": ""relu"", ""batch_size"": 8, ""data_augmentation"": false, ""dr_f"": 0.479079505416, ""learning_rate"": 0.000506653616, ""new_fc_1"": 13, ""new_fc_10"": 9, ""new_fc_2"": 3, ""new_fc_3"": 7, ""new_fc_4"": 12, ""new_fc_5"": 0, ""new_fc_6"": 6, ""new_fc_7"": 24, ""new_fc_8"": 3, ""new_fc_9"": 0, ""num_neurons"": 16, ""optimizer"": ""Adagrad"", ""reg_l2"": false, ""skip_connection"": true, ""unit_c1"": 3, ""unit_c2"": 7}"
5,5,both,0.9900000002235174,0.009999999776482582,0.09499024,14248536.0,713300.0,-0.2785029278435378,2942.9624,"{""activation"": ""swish"", ""batch_size"": 8, ""data_augmentation"": false, ""dr_f"": 0.27463378494, ""learning_rate"": 0.000304656733, ""new_fc_1"": 29, ""new_fc_10"": 11, ""new_fc_2"": 17, ""new_fc_3"": 22, ""new_fc_4"": 27, ""new_fc_5"": 3, ""new_fc_6"": 15, ""new_fc_7"": 31, ""new_fc_8"": 15, ""new_fc_9"": 30, ""num_neurons"": 8, ""optimizer"": ""Adam"", ""reg_l2"": true, ""skip_connection"": false, ""unit_c1"": 2, ""unit_c2"": 4}"
6,6,both,10000000000.0,,10.349085173333334,1552362776.0,13453668.0,10000000000.0,2943.7595,"{""activation"": ""swish"", ""batch_size"": 16, ""data_augmentation"": false, ""dr_f"": 0.26415054184, ""learning_rate"": 0.000224826316, ""new_fc_1"": 2, ""new_fc_10"": 23, ""new_fc_2"": 22, ""new_fc_3"": 15, ""new_fc_4"": 10, ""new_fc_5"": 6, ""new_fc_6"": 31, ""new_fc_7"": 13, ""new_fc_8"": 3, ""new_fc_9"": 20, ""num_neurons"": 64, ""optimizer"": ""Adagrad"", ""reg_l2"": true, ""skip_connection"": true, ""unit_c1"": 2, ""unit_c2"": 7}"
7,7,both,0.9686000011861324,0.03139999881386757,0.43959184,65938776.0,1211636.0,-0.19010244716970728,3267.8608,"{""activation"": ""elu"", ""batch_size"": 64, ""data_augmentation"": true, ""dr_f"": 0.253701770758, ""learning_rate"": 0.000130710177, ""new_fc_1"": 6, ""new_fc_10"": 6, ""new_fc_2"": 22, ""new_fc_3"": 8, ""new_fc_4"": 32, ""new_fc_5"": 16, ""new_fc_6"": 8, ""new_fc_7"": 20, ""new_fc_8"": 27, ""new_fc_9"": 15, ""num_neurons"": 16, ""optimizer"": ""Adadelta"", ""reg_l2"": false, ""skip_connection"": true, ""unit_c1"": 2, ""unit_c2"": 5}"
8,8,both,0.9900000002235174,0.009999999776482582,0.7540256533333334,113103848.0,781764.0,-0.08079230384353779,4011.898,"{""activation"": ""selu"", ""batch_size"": 8, ""data_augmentation"": false, ""dr_f"": 0.127299570916, ""learning_rate"": 0.000583933719, ""new_fc_1"": 1, ""new_fc_10"": 14, ""new_fc_2"": 9, ""new_fc_3"": 8, ""new_fc_4"": 22, ""new_fc_5"": 12, ""new_fc_6"": 18, ""new_fc_7"": 31, ""new_fc_8"": 21, ""new_fc_9"": 1, ""num_neurons"": 16, ""optimizer"": ""Adam"", ""reg_l2"": false, ""skip_connection"": true, ""unit_c1"": 3, ""unit_c2"": 6}"
9,9,both,0.9894000003114343,0.010599999688565731,0.051262213333333334,7689332.0,128164.0,-0.29204133578199604,4396.1571,"{""activation"": ""selu"", ""batch_size"": 16, ""data_augmentation"": false, ""dr_f"": 0.494876235711, ""learning_rate"": 0.000287325883, ""new_fc_1"": 22, ""new_fc_10"": 15, ""new_fc_2"": 20, ""new_fc_3"": 21, ""new_fc_4"": 20, ""new_fc_5"": 11, ""new_fc_6"": 32, ""new_fc_7"": 21, ""new_fc_8"": 20, ""new_fc_9"": 1, ""num_neurons"": 4, ""optimizer"": ""Adadelta"", ""reg_l2"": false, ""skip_connection"": true, ""unit_c1"": 4, ""unit_c2"": 3}"
10,10,both,10000000000.0,,1.1359532266666668,170392984.0,4274564.0,10000000000.0,4396.5972,"{""activation"": ""relu"", ""batch_size"": 8, ""data_augmentation"": true, ""dr_f"": 0.254079433865, ""learning_rate"": 0.00058504913, ""new_fc_1"": 3, ""new_fc_10"": 22, ""new_fc_2"": 29, ""new_fc_3"": 27, ""new_fc_4"": 17, ""new_fc_5"": 31, ""new_fc_6"": 16, ""new_fc_7"": 21, ""new_fc_8"": 4, ""new_fc_9"": 0, ""num_neurons"": 32, ""optimizer"": ""Adamax"", ""reg_l2"": true, ""skip_connection"": false, ""unit_c1"": 1, ""unit_c2"": 5}"
11,10,flops,,,16.526292213333335,2478943832.0,38244580.0,,4399.0553,"{""activation"": ""elu"", ""batch_size"": 16, ""data_augmentation"": true, ""dr_f"": 0.41544637423, ""learning_rate"": 0.000954016219, ""new_fc_1"": 16, ""new_fc_10"": 25, ""new_fc_2"": 24, ""new_fc_3"": 18, ""new_fc_4"": 15, ""new_fc_5"": 2, ""new_fc_6"": 19, ""new_fc_7"": 11, ""new_fc_8"": 16, ""new_fc_9"": 22, ""num_neurons"": 64, ""optimizer"": ""Adam"", ""reg_l2"": true, ""skip_connection"": true, ""unit_c1"": 4, ""unit_c2"": 6}"
12,10,flops,,,0.05593098666666667,8389648.0,388724.0,,4400.1849,"{""activation"": ""swish"", ""batch_size"": 64, ""data_augmentation"": true, ""dr_f"": 0.274420459069, ""learning_rate"": 0.000239963242, ""new_fc_1"": 6, ""new_fc_10"": 16, ""new_fc_2"": 23, ""new_fc_3"": 16, ""new_fc_4"": 27, ""new_fc_5"": 20, ""new_fc_6"": 27, ""new_fc_7"": 26, ""new_fc_8"": 21, ""new_fc_9"": 23, ""num_neurons"": 8, ""optimizer"": ""Adadelta"", ""reg_l2"": true, ""skip_connection"": false, ""unit_c1"": 1, ""unit_c2"": 4}"
13,10,flops,,,1.6094838933333333,241422584.0,9660068.0,,4401.5229,"{""activation"": ""swish"", ""batch_size"": 16, ""data_augmentation"": true, ""dr_f"": 0.174536020748, ""learning_rate"": 0.000880872833, ""new_fc_1"": 16, ""new_fc_10"": 10, ""new_fc_2"": 32, ""new_fc_3"": 14, ""new_fc_4"": 22, ""new_fc_5"": 5, ""new_fc_6"": 32, ""new_fc_7"": 24, ""new_fc_8"": 8, ""new_fc_9"": 20, ""num_neurons"": 32, ""optimizer"": ""Adadelta"", ""reg_l2"": false, ""skip_connection"": true, ""unit_c1"": 1, ""unit_c2"": 6}"
14,10,flops,,,0.10885808,16328712.0,486940.0,,4402.442,"{""activation"": ""elu"", ""batch_size"": 8, ""data_augmentation"": false, ""dr_f"": 0.203210950249, ""learning_rate"": 0.000322472206, ""new_fc_1"": 23, ""new_fc_10"": 4, ""new_fc_2"": 5, ""new_fc_3"": 24, ""new_fc_4"": 10, ""new_fc_5"": 29, ""new_fc_6"": 29, ""new_fc_7"": 30, ""new_fc_8"": 30, ""new_fc_9"": 30, ""num_neurons"": 8, ""optimizer"": ""Adam"", ""reg_l2"": true, ""skip_connection"": true, ""unit_c1"": 3, ""unit_c2"": 2}"
15,10,flops,,,0.28300432,42450648.0,1407124.0,,4403.4893,"{""activation"": ""swish"", ""batch_size"": 16, ""data_augmentation"": true, ""dr_f"": 0.211520430009, ""learning_rate"": 0.000992815337, ""new_fc_1"": 22, ""new_fc_10"": 28, ""new_fc_2"": 11, ""new_fc_3"": 0, ""new_fc_4"": 5, ""new_fc_5"": 23, ""new_fc_6"": 5, ""new_fc_7"": 4, ""new_fc_8"": 15, ""new_fc_9"": 7, ""num_neurons"": 16, ""optimizer"": ""Adagrad"", ""reg_l2"": false, ""skip_connection"": true, ""unit_c1"": 2, ""unit_c2"": 3}"
16,11,accuracy,10000000000.0,,16.526292213333335,2478943832.0,38244580.0,10000000000.0,4405.9125,"{""activation"": ""elu"", ""batch_size"": 16, ""data_augmentation"": true, ""dr_f"": 0.41544637423, ""learning_rate"": 0.000954016219, ""new_fc_1"": 16, ""new_fc_10"": 25, ""new_fc_2"": 24, ""new_fc_3"": 18, ""new_fc_4"": 15, ""new_fc_5"": 2, ""new_fc_6"": 19, ""new_fc_7"": 11, ""new_fc_8"": 16, ""new_fc_9"": 22, ""num_neurons"": 64, ""optimizer"": ""Adam"", ""reg_l2"": true, ""skip_connection"": true, ""unit_c1"": 4, ""unit_c2"": 6}"
17,11,flops,,,2.29211024,343816536.0,3992260.0,,4406.8901,"{""activation"": ""relu"", ""batch_size"": 32, ""data_augmentation"": false, ""dr_f"": 0.248291643948, ""learning_rate"": 0.000157780975, ""new_fc_1"": 24, ""new_fc_10"": 27, ""new_fc_2"": 2, ""new_fc_3"": 20, ""new_fc_4"": 14, ""new_fc_5"": 17, ""new_fc_6"": 25, ""new_fc_7"": 16, ""new_fc_8"": 15, ""new_fc_9"": 0, ""num_neurons"": 32, ""optimizer"": ""Adadelta"", ""reg_l2"": true, ""skip_connection"": true, ""unit_c1"": 4, ""unit_c2"": 1}"
18,11,flops,,,0.68292144,102438216.0,3802772.0,,4407.931,"{""activation"": ""relu"", ""batch_size"": 8, ""data_augmentation"": true, ""dr_f"": 0.240446851837, ""learning_rate"": 0.000288831591, ""new_fc_1"": 27, ""new_fc_10"": 25, ""new_fc_2"": 3, ""new_fc_3"": 15, ""new_fc_4"": 17, ""new_fc_5"": 4, ""new_fc_6"": 25, ""new_fc_7"": 21, ""new_fc_8"": 10, ""new_fc_9"": 20, ""num_neurons"": 16, ""optimizer"": ""Adagrad"", ""reg_l2"": false, ""skip_connection"": false, ""unit_c1"": 2, ""unit_c2"": 7}"
19,11,flops,,,0.005690346666666667,853552.0,71080.0,,4408.8471,"{""activation"": ""relu"", ""batch_size"": 64, ""data_augmentation"": true, ""dr_f"": 0.180917432107, ""learning_rate"": 0.000365679172, ""new_fc_1"": 31, ""new_fc_10"": 30, ""new_fc_2"": 11, ""new_fc_3"": 8, ""new_fc_4"": 6, ""new_fc_5"": 1, ""new_fc_6"": 16, ""new_fc_7"": 4, ""new_fc_8"": 6, ""new_fc_9"": 29, ""num_neurons"": 4, ""optimizer"": ""Adadelta"", ""reg_l2"": false, ""skip_connection"": true, ""unit_c1"": 1, ""unit_c2"": 1}"
20,11,flops,,,5.23157584,784736376.0,3139844.0,,4409.7953,"{""activation"": ""relu"", ""batch_size"": 32, ""data_augmentation"": true, ""dr_f"": 0.337594760794, ""learning_rate"": 0.000299865619, ""new_fc_1"": 2, ""new_fc_10"": 10, ""new_fc_2"": 8, ""new_fc_3"": 19, ""new_fc_4"": 2, ""new_fc_5"": 0, ""new_fc_6"": 8, ""new_fc_7"": 32, ""new_fc_8"": 13, ""new_fc_9"": 3, ""num_neurons"": 32, ""optimizer"": ""Adadelta"", ""reg_l2"": false, ""skip_connection"": true, ""unit_c1"": 4, ""unit_c2"": 8}"
21,11,flops,,,0.4249104533333333,63736568.0,6716260.0,,4410.7396,"{""activation"": ""relu"", ""batch_size"": 32, ""data_augmentation"": false, ""dr_f"": 0.135384886302, ""learning_rate"": 0.000222951261, ""new_fc_1"": 12, ""new_fc_10"": 13, ""new_fc_2"": 23, ""new_fc_3"": 32, ""new_fc_4"": 19, ""new_fc_5"": 31, ""new_fc_6"": 32, ""new_fc_7"": 23, ""new_fc_8"": 18, ""new_fc_9"": 18, ""num_neurons"": 32, ""optimizer"": ""SGD"", ""reg_l2"": false, ""skip_connection"": true, ""unit_c1"": 1, ""unit_c2"": 2}"
22,12,accuracy,0.9859999995678663,0.014000000432133675,0.28300432,42450648.0,1407124.0,-0.22489870430249356,4975.8364,"{""activation"": ""swish"", ""batch_size"": 16, ""data_augmentation"": true, ""dr_f"": 0.211520430009, ""learning_rate"": 0.000992815337, ""new_fc_1"": 22, ""new_fc_10"": 28, ""new_fc_2"": 11, ""new_fc_3"": 0, ""new_fc_4"": 5, ""new_fc_5"": 23, ""new_fc_6"": 5, ""new_fc_7"": 4, ""new_fc_8"": 15, ""new_fc_9"": 7, ""num_neurons"": 16, ""optimizer"": ""Adagrad"", ""reg_l2"": false, ""skip_connection"": true, ""unit_c1"": 2, ""unit_c2"": 3}"
23,12,flops,,,0.020774453333333335,3116168.0,184992.0,,4976.6434,"{""activation"": ""relu"", ""batch_size"": 8, ""data_augmentation"": true, ""dr_f"": 0.392298017695, ""learning_rate"": 0.000440156899, ""new_fc_1"": 28, ""new_fc_10"": 0, ""new_fc_2"": 21, ""new_fc_3"": 23, ""new_fc_4"": 6, ""new_fc_5"": 9, ""new_fc_6"": 0, ""new_fc_7"": 28, ""new_fc_8"": 22, ""new_fc_9"": 3, ""num_neurons"": 4, ""optimizer"": ""Adam"", ""reg_l2"": true, ""skip_connection"": false, ""unit_c1"": 1, ""unit_c2"": 5}"
24,12,flops,,,0.29127984,43691976.0,879220.0,,4977.4774,"{""activation"": ""swish"", ""batch_size"": 32, ""data_augmentation"": false, ""dr_f"": 0.194193818875, ""learning_rate"": 0.000802805654, ""new_fc_1"": 5, ""new_fc_10"": 15, ""new_fc_2"": 0, ""new_fc_3"": 0, ""new_fc_4"": 12, ""new_fc_5"": 29, ""new_fc_6"": 6, ""new_fc_7"": 18, ""new_fc_8"": 12, ""new_fc_9"": 20, ""num_neurons"": 16, ""optimizer"": ""Adagrad"", ""reg_l2"": true, ""skip_connection"": true, ""unit_c1"": 1, ""unit_c2"": 5}"
25,12,flops,,,0.21968645333333334,32952968.0,1536484.0,,4978.2917,"{""activation"": ""elu"", ""batch_size"": 32, ""data_augmentation"": false, ""dr_f"": 0.432931240116, ""learning_rate"": 0.000774029503, ""new_fc_1"": 10, ""new_fc_10"": 10, ""new_fc_2"": 24, ""new_fc_3"": 6, ""new_fc_4"": 17, ""new_fc_5"": 26, ""new_fc_6"": 28, ""new_fc_7"": 28, ""new_fc_8"": 12, ""new_fc_9"": 18, ""num_neurons"": 16, ""optimizer"": ""Adagrad"", ""reg_l2"": false, ""skip_connection"": true, ""unit_c1"": 1, ""unit_c2"": 4}"
26,12,flops,,,0.17213082666666665,25819624.0,781172.0,,4979.0461,"{""activation"": ""selu"", ""batch_size"": 32, ""data_augmentation"": true, ""dr_f"": 0.253026983796, ""learning_rate"": 0.000379576937, ""new_fc_1"": 8, ""new_fc_10"": 5, ""new_fc_2"": 5, ""new_fc_3"": 9, ""new_fc_4"": 11, ""new_fc_5"": 14, ""new_fc_6"": 1, ""new_fc_7"": 29, ""new_fc_8"": 31, ""new_fc_9"": 32, ""num_neurons"": 16, ""optimizer"": ""Adamax"", ""reg_l2"": true, ""skip_connection"": false, ""unit_c1"": 2, ""unit_c2"": 1}"
27,12,flops,,,0.5636898666666667,84553480.0,3679796.0,,4979.8147,"{""activation"": ""selu"", ""batch_size"": 8, ""data_augmentation"": false, ""dr_f"": 0.484546717373, ""learning_rate"": 0.000650001957, ""new_fc_1"": 24, ""new_fc_10"": 17, ""new_fc_2"": 7, ""new_fc_3"": 28, ""new_fc_4"": 31, ""new_fc_5"": 28, ""new_fc_6"": 20, ""new_fc_7"": 27, ""new_fc_8"": 15, ""new_fc_9"": 30, ""num_neurons"": 16, ""optimizer"": ""SGD"", ""reg_l2"": false, ""skip_connection"": false, ""unit_c1"": 2, ""unit_c2"": 6}"
28,13,accuracy,0.8852000012993813,0.11479999870061874,0.5636898666666667,84553480.0,3679796.0,-0.2112530390904331,6983.9978,"{""activation"": ""selu"", ""batch_size"": 8, ""data_augmentation"": false, ""dr_f"": 0.484546717373, ""learning_rate"": 0.000650001957, ""new_fc_1"": 24, ""new_fc_10"": 17, ""new_fc_2"": 7, ""new_fc_3"": 28, ""new_fc_4"": 31, ""new_fc_5"": 28, ""new_fc_6"": 20, ""new_fc_7"": 27, ""new_fc_8"": 15, ""new_fc_9"": 30, ""num_neurons"": 16, ""optimizer"": ""SGD"", ""reg_l2"": false, ""skip_connection"": false, ""unit_c1"": 2, ""unit_c2"": 6}"
29,13,flops,,,0.00539992,809988.0,49244.0,,6984.8534,"{""activation"": ""relu"", ""batch_size"": 8, ""data_augmentation"": true, ""dr_f"": 0.086896604871, ""learning_rate"": 0.00096207554, ""new_fc_1"": 23, ""new_fc_10"": 19, ""new_fc_2"": 25, ""new_fc_3"": 3, ""new_fc_4"": 10, ""new_fc_5"": 2, ""new_fc_6"": 9, ""new_fc_7"": 1, ""new_fc_8"": 13, ""new_fc_9"": 10, ""num_neurons"": 4, ""optimizer"": ""Adamax"", ""reg_l2"": false, ""skip_connection"": true, ""unit_c1"": 1, ""unit_c2"": 1}"
30,13,flops,,,0.15200944,22801416.0,1509828.0,,6985.6622,"{""activation"": ""relu"", ""batch_size"": 32, ""data_augmentation"": false, ""dr_f"": 0.35844234178, ""learning_rate"": 0.000349384428, ""new_fc_1"": 16, ""new_fc_10"": 22, ""new_fc_2"": 19, ""new_fc_3"": 6, ""new_fc_4"": 28, ""new_fc_5"": 1, ""new_fc_6"": 8, ""new_fc_7"": 16, ""new_fc_8"": 26, ""new_fc_9"": 29, ""num_neurons"": 16, ""optimizer"": ""Adadelta"", ""reg_l2"": true, ""skip_connection"": false, ""unit_c1"": 1, ""unit_c2"": 3}"
31,13,flops,,,0.02610872,3916308.0,44672.0,,6986.5312,"{""activation"": ""swish"", ""batch_size"": 32, ""data_augmentation"": true, ""dr_f"": 0.371403373316, ""learning_rate"": 0.000131552992, ""new_fc_1"": 25, ""new_fc_10"": 2, ""new_fc_2"": 1, ""new_fc_3"": 6, ""new_fc_4"": 1, ""new_fc_5"": 32, ""new_fc_6"": 0, ""new_fc_7"": 17, ""new_fc_8"": 10, ""new_fc_9"": 15, ""num_neurons"": 4, ""optimizer"": ""Adagrad"", ""reg_l2"": true, ""skip_connection"": true, ""unit_c1"": 3, ""unit_c2"": 1}"
32,13,flops,,,0.04116989333333333,6175484.0,167820.0,,6987.2924,"{""activation"": ""elu"", ""batch_size"": 8, ""data_augmentation"": true, ""dr_f"": 0.327970718906, ""learning_rate"": 0.000647475929, ""new_fc_1"": 15, ""new_fc_10"": 18, ""new_fc_2"": 5, ""new_fc_3"": 0, ""new_fc_4"": 28, ""new_fc_5"": 14, ""new_fc_6"": 17, ""new_fc_7"": 27, ""new_fc_8"": 8, ""new_fc_9"": 5, ""num_neurons"": 4, ""optimizer"": ""Adadelta"", ""reg_l2"": true, ""skip_connection"": false, ""unit_c1"": 1, ""unit_c2"": 8}"
33,13,flops,,,0.06251722666666666,9377584.0,161828.0,,6988.0754,"{""activation"": ""swish"", ""batch_size"": 8, ""data_augmentation"": true, ""dr_f"": 0.090872086152, ""learning_rate"": 0.000399988908, ""new_fc_1"": 0, ""new_fc_10"": 31, ""new_fc_2"": 0, ""new_fc_3"": 24, ""new_fc_4"": 7, ""new_fc_5"": 22, ""new_fc_6"": 10, ""new_fc_7"": 23, ""new_fc_8"": 5, ""new_fc_9"": 0, ""num_neurons"": 4, ""optimizer"": ""Adadelta"", ""reg_l2"": false, ""skip_connection"": false, ""unit_c1"": 4, ""unit_c2"": 5}"
34,14,accuracy,0.9900000002235174,0.009999999776482582,0.020774453333333335,3116168.0,184992.0,-0.3007676638435378,7612.7786,"{""activation"": ""relu"", ""batch_size"": 8, ""data_augmentation"": true, ""dr_f"": 0.392298017695, ""learning_rate"": 0.000440156899, ""new_fc_1"": 28, ""new_fc_10"": 0, ""new_fc_2"": 21, ""new_fc_3"": 23, ""new_fc_4"": 6, ""new_fc_5"": 9, ""new_fc_6"": 0, ""new_fc_7"": 28, ""new_fc_8"": 22, ""new_fc_9"": 3, ""num_neurons"": 4, ""optimizer"": ""Adam"", ""reg_l2"": true, ""skip_connection"": false, ""unit_c1"": 1, ""unit_c2"": 5}"
35,14,flops,,,0.01566288,2349432.0,133672.0,,7613.5659,"{""activation"": ""selu"", ""batch_size"": 32, ""data_augmentation"": true, ""dr_f"": 0.256400274434, ""learning_rate"": 0.000903798769, ""new_fc_1"": 18, ""new_fc_10"": 9, ""new_fc_2"": 13, ""new_fc_3"": 18, ""new_fc_4"": 26, ""new_fc_5"": 27, ""new_fc_6"": 12, ""new_fc_7"": 29, ""new_fc_8"": 23, ""new_fc_9"": 9, ""num_neurons"": 4, ""optimizer"": ""Adagrad"", ""reg_l2"": false, ""skip_connection"": true, ""unit_c1"": 1, ""unit_c2"": 4}"
36,14,flops,,,0.22014085333333333,33021128.0,1438260.0,,7614.3,"{""activation"": ""relu"", ""batch_size"": 8, ""data_augmentation"": false, ""dr_f"": 0.252969894348, ""learning_rate"": 0.000132557851, ""new_fc_1"": 28, ""new_fc_10"": 2, ""new_fc_2"": 19, ""new_fc_3"": 5, ""new_fc_4"": 5, ""new_fc_5"": 12, ""new_fc_6"": 17, ""new_fc_7"": 32, ""new_fc_8"": 7, ""new_fc_9"": 24, ""num_neurons"": 16, ""optimizer"": ""Adagrad"", ""reg_l2"": true, ""skip_connection"": false, ""unit_c1"": 2, ""unit_c2"": 2}"
37,14,flops,,,0.29164752,43747128.0,2147892.0,,7615.1172,"{""activation"": ""selu"", ""batch_size"": 16, ""data_augmentation"": false, ""dr_f"": 0.12019575918, ""learning_rate"": 0.000160772676, ""new_fc_1"": 26, ""new_fc_10"": 3, ""new_fc_2"": 20, ""new_fc_3"": 28, ""new_fc_4"": 30, ""new_fc_5"": 16, ""new_fc_6"": 3, ""new_fc_7"": 21, ""new_fc_8"": 15, ""new_fc_9"": 20, ""num_neurons"": 16, ""optimizer"": ""SGD"", ""reg_l2"": false, ""skip_connection"": true, ""unit_c1"": 2, ""unit_c2"": 3}"
38,14,flops,,,0.21079834666666666,31619752.0,1144548.0,,7615.8997,"{""activation"": ""swish"", ""batch_size"": 16, ""data_augmentation"": false, ""dr_f"": 0.144444797816, ""learning_rate"": 0.000566748028, ""new_fc_1"": 4, ""new_fc_10"": 1, ""new_fc_2"": 26, ""new_fc_3"": 20, ""new_fc_4"": 0, ""new_fc_5"": 30, ""new_fc_6"": 21, ""new_fc_7"": 28, ""new_fc_8"": 24, ""new_fc_9"": 5, ""num_neurons"": 16, ""optimizer"": ""SGD"", ""reg_l2"": false, ""skip_connection"": false, ""unit_c1"": 1, ""unit_c2"": 4}"
39,14,flops,,,0.07534613333333333,11301920.0,615724.0,,7616.6275,"{""activation"": ""relu"", ""batch_size"": 32, ""data_augmentation"": false, ""dr_f"": 0.440957702345, ""learning_rate"": 0.00022109229, ""new_fc_1"": 30, ""new_fc_10"": 30, ""new_fc_2"": 25, ""new_fc_3"": 4, ""new_fc_4"": 18, ""new_fc_5"": 11, ""new_fc_6"": 18, ""new_fc_7"": 22, ""new_fc_8"": 23, ""new_fc_9"": 20, ""num_neurons"": 8, ""optimizer"": ""Adadelta"", ""reg_l2"": false, ""skip_connection"": false, ""unit_c1"": 2, ""unit_c2"": 3}"
40,15,accuracy,0.9850000003352761,0.014999999664723873,0.04116989333333333,6175484.0,167820.0,-0.29814903176530666,8361.0862,"{""activation"": ""elu"", ""batch_size"": 8, ""data_augmentation"": true, ""dr_f"": 0.327970718906, ""learning_rate"": 0.000647475929, ""new_fc_1"": 15, ""new_fc_10"": 18, ""new_fc_2"": 5, ""new_fc_3"": 0, ""new_fc_4"": 28, ""new_fc_5"": 14, ""new_fc_6"": 17, ""new_fc_7"": 27, ""new_fc_8"": 8, ""new_fc_9"": 5, ""num_neurons"": 4, ""optimizer"": ""Adadelta"", ""reg_l2"": true, ""skip_connection"": false, ""unit_c1"": 1, ""unit_c2"": 8}"
41,15,flops,,,0.15937669333333335,23906504.0,1789108.0,,8361.8827,"{""activation"": ""relu"", ""batch_size"": 64, ""data_augmentation"": false, ""dr_f"": 0.496143483605, ""learning_rate"": 0.000176725726, ""new_fc_1"": 14, ""new_fc_10"": 19, ""new_fc_2"": 12, ""new_fc_3"": 26, ""new_fc_4"": 31, ""new_fc_5"": 17, ""new_fc_6"": 8, ""new_fc_7"": 31, ""new_fc_8"": 27, ""new_fc_9"": 22, ""num_neurons"": 16, ""optimizer"": ""Adadelta"", ""reg_l2"": true, ""skip_connection"": true, ""unit_c1"": 1, ""unit_c2"": 3}"
42,15,flops,,,0.8327824533333333,124917368.0,4913508.0,,8362.8769,"{""activation"": ""swish"", ""batch_size"": 8, ""data_augmentation"": true, ""dr_f"": 0.457240828137, ""learning_rate"": 0.000303502953, ""new_fc_1"": 6, ""new_fc_10"": 2, ""new_fc_2"": 12, ""new_fc_3"": 25, ""new_fc_4"": 30, ""new_fc_5"": 28, ""new_fc_6"": 18, ""new_fc_7"": 20, ""new_fc_8"": 9, ""new_fc_9"": 5, ""num_neurons"": 32, ""optimizer"": ""Adamax"", ""reg_l2"": false, ""skip_connection"": false, ""unit_c1"": 1, ""unit_c2"": 4}"
43,15,flops,,,0.41166810666666664,61750216.0,3340388.0,,8363.7478,"{""activation"": ""selu"", ""batch_size"": 8, ""data_augmentation"": true, ""dr_f"": 0.410321752124, ""learning_rate"": 0.000867644948, ""new_fc_1"": 25, ""new_fc_10"": 24, ""new_fc_2"": 2, ""new_fc_3"": 17, ""new_fc_4"": 27, ""new_fc_5"": 11, ""new_fc_6"": 31, ""new_fc_7"": 17, ""new_fc_8"": 29, ""new_fc_9"": 0, ""num_neurons"": 16, ""optimizer"": ""Adagrad"", ""reg_l2"": false, ""skip_connection"": false, ""unit_c1"": 1, ""unit_c2"": 6}"
44,15,flops,,,0.07891749333333334,11837624.0,636860.0,,8364.6203,"{""activation"": ""swish"", ""batch_size"": 32, ""data_augmentation"": true, ""dr_f"": 0.418513888805, ""learning_rate"": 0.000711351366, ""new_fc_1"": 21, ""new_fc_10"": 24, ""new_fc_2"": 19, ""new_fc_3"": 30, ""new_fc_4"": 19, ""new_fc_5"": 20, ""new_fc_6"": 8, ""new_fc_7"": 11, ""new_fc_8"": 24, ""new_fc_9"": 4, ""num_neurons"": 8, ""optimizer"": ""SGD"", ""reg_l2"": false, ""skip_connection"": false, ""unit_c1"": 1, ""unit_c2"": 5}"
45,15,flops,,,1.0278688533333333,154180328.0,932260.0,,8365.4557,"{""activation"": ""relu"", ""batch_size"": 8, ""data_augmentation"": true, ""dr_f"": 0.194073596513, ""learning_rate"": 0.000255772695, ""new_fc_1"": 1, ""new_fc_10"": 12, ""new_fc_2"": 1, ""new_fc_3"": 21, ""new_fc_4"": 6, ""new_fc_5"": 17, ""new_fc_6"": 31, ""new_fc_7"": 32, ""new_fc_8"": 6, ""new_fc_9"": 10, ""num_neurons"": 16, ""optimizer"": ""Adadelta"", ""reg_l2"": false, ""skip_connection"": true, ""unit_c1"": 3, ""unit_c2"": 8}"
46,16,accuracy,10000000000.0,,1.0278688533333333,154180328.0,932260.0,10000000000.0,8366.2593,"{""activation"": ""relu"", ""batch_size"": 8, ""data_augmentation"": true, ""dr_f"": 0.194073596513, ""learning_rate"": 0.000255772695, ""new_fc_1"": 1, ""new_fc_10"": 12, ""new_fc_2"": 1, ""new_fc_3"": 21, ""new_fc_4"": 6, ""new_fc_5"": 17, ""new_fc_6"": 31, ""new_fc_7"": 32, ""new_fc_8"": 6, ""new_fc_9"": 10, ""num_neurons"": 16, ""optimizer"": ""Adadelta"", ""reg_l2"": false, ""skip_connection"": true, ""unit_c1"": 3, ""unit_c2"": 8}"
47,16,flops,,,0.0069176,1037640.0,31528.0,,8367.0044,"{""activation"": ""elu"", ""batch_size"": 32, ""data_augmentation"": true, ""dr_f"": 0.042156703597, ""learning_rate"": 0.000491240639, ""new_fc_1"": 3, ""new_fc_10"": 0, ""new_fc_2"": 3, ""new_fc_3"": 12, ""new_fc_4"": 15, ""new_fc_5"": 21, ""new_fc_6"": 3, ""new_fc_7"": 22, ""new_fc_8"": 22, ""new_fc_9"": 7, ""num_neurons"": 4, ""optimizer"": ""Adadelta"", ""reg_l2"": true, ""skip_connection"": false, ""unit_c1"": 1, ""unit_c2"": 2}"
48,16,flops,,,0.9257055466666667,138855832.0,3382404.0,,8367.82,"{""activation"": ""relu"", ""batch_size"": 64, ""data_augmentation"": false, ""dr_f"": 0.306032996135, ""learning_rate"": 0.000551899423, ""new_fc_1"": 31, ""new_fc_10"": 20, ""new_fc_2"": 17, ""new_fc_3"": 16, ""new_fc_4"": 23, ""new_fc_5"": 30, ""new_fc_6"": 10, ""new_fc_7"": 5, ""new_fc_8"": 21, ""new_fc_9"": 7, ""num_neurons"": 16, ""optimizer"": ""Adamax"", ""reg_l2"": false, ""skip_connection"": false, ""unit_c1"": 4, ""unit_c2"": 5}"
49,16,flops,,,0.05663405333333334,8495108.0,175504.0,,8368.584,"{""activation"": ""relu"", ""batch_size"": 64, ""data_augmentation"": true, ""dr_f"": 0.188402462154, ""learning_rate"": 0.000854639636, ""new_fc_1"": 0, ""new_fc_10"": 1, ""new_fc_2"": 32, ""new_fc_3"": 0, ""new_fc_4"": 2, ""new_fc_5"": 30, ""new_fc_6"": 25, ""new_fc_7"": 29, ""new_fc_8"": 15, ""new_fc_9"": 13, ""num_neurons"": 4, ""optimizer"": ""SGD"", ""reg_l2"": false, ""skip_connection"": true, ""unit_c1"": 4, ""unit_c2"": 4}"
50,16,flops,,,0.81711952,122567928.0,2883140.0,,8369.4431,"{""activation"": ""relu"", ""batch_size"": 8, ""data_augmentation"": true, ""dr_f"": 0.358954118005, ""learning_rate"": 0.000917995615, ""new_fc_1"": 3, ""new_fc_10"": 1, ""new_fc_2"": 0, ""new_fc_3"": 6, ""new_fc_4"": 14, ""new_fc_5"": 28, ""new_fc_6"": 27, ""new_fc_7"": 24, ""new_fc_8"": 7, ""new_fc_9"": 31, ""num_neurons"": 32, ""optimizer"": ""SGD"", ""reg_l2"": false, ""skip_connection"": false, ""unit_c1"": 2, ""unit_c2"": 2}"
51,16,flops,,,0.02659752,3989628.0,179644.0,,8370.5773,"{""activation"": ""elu"", ""batch_size"": 64, ""data_augmentation"": true, ""dr_f"": 0.410388408787, ""learning_rate"": 0.000697322078, ""new_fc_1"": 19, ""new_fc_10"": 26, ""new_fc_2"": 11, ""new_fc_3"": 23, ""new_fc_4"": 10, ""new_fc_5"": 23, ""new_fc_6"": 27, ""new_fc_7"": 29, ""new_fc_8"": 16, ""new_fc_9"": 1, ""num_neurons"": 4, ""optimizer"": ""Adagrad"", ""reg_l2"": false, ""skip_connection"": false, ""unit_c1"": 1, ""unit_c2"": 6}"
52,17,accuracy,0.9900000002235174,0.009999999776482582,0.07891749333333334,11837624.0,636860.0,-0.28332475184353784,8575.3854,"{""activation"": ""swish"", ""batch_size"": 32, ""data_augmentation"": true, ""dr_f"": 0.418513888805, ""learning_rate"": 0.000711351366, ""new_fc_1"": 21, ""new_fc_10"": 24, ""new_fc_2"": 19, ""new_fc_3"": 30, ""new_fc_4"": 19, ""new_fc_5"": 20, ""new_fc_6"": 8, ""new_fc_7"": 11, ""new_fc_8"": 24, ""new_fc_9"": 4, ""num_neurons"": 8, ""optimizer"": ""SGD"", ""reg_l2"": false, ""skip_connection"": false, ""unit_c1"": 1, ""unit_c2"": 5}"
53,17,flops,,,0.01340128,2010192.0,71100.0,,8576.0839,"{""activation"": ""elu"", ""batch_size"": 64, ""data_augmentation"": false, ""dr_f"": 0.104343522941, ""learning_rate"": 0.000721628475, ""new_fc_1"": 10, ""new_fc_10"": 5, ""new_fc_2"": 13, ""new_fc_3"": 18, ""new_fc_4"": 23, ""new_fc_5"": 19, ""new_fc_6"": 32, ""new_fc_7"": 12, ""new_fc_8"": 30, ""new_fc_9"": 28, ""num_neurons"": 4, ""optimizer"": ""Adamax"", ""reg_l2"": false, ""skip_connection"": false, ""unit_c1"": 2, ""unit_c2"": 1}"
54,17,flops,,,1.82119952,273179928.0,5947844.0,,8577.1389,"{""activation"": ""swish"", ""batch_size"": 8, ""data_augmentation"": true, ""dr_f"": 0.366474351109, ""learning_rate"": 0.000363769902, ""new_fc_1"": 18, ""new_fc_10"": 4, ""new_fc_2"": 9, ""new_fc_3"": 17, ""new_fc_4"": 30, ""new_fc_5"": 26, ""new_fc_6"": 1, ""new_fc_7"": 16, ""new_fc_8"": 19, ""new_fc_9"": 6, ""num_neurons"": 32, ""optimizer"": ""SGD"", ""reg_l2"": false, ""skip_connection"": true, ""unit_c1"": 3, ""unit_c2"": 3}"
55,17,flops,,,3.2135890666666667,482038360.0,8834340.0,,8578.4366,"{""activation"": ""relu"", ""batch_size"": 8, ""data_augmentation"": false, ""dr_f"": 0.239197674106, ""learning_rate"": 0.000807638138, ""new_fc_1"": 11, ""new_fc_10"": 13, ""new_fc_2"": 6, ""new_fc_3"": 5, ""new_fc_4"": 28, ""new_fc_5"": 20, ""new_fc_6"": 8, ""new_fc_7"": 30, ""new_fc_8"": 24, ""new_fc_9"": 7, ""num_neurons"": 32, ""optimizer"": ""Adadelta"", ""reg_l2"": true, ""skip_connection"": true, ""unit_c1"": 2, ""unit_c2"": 8}"
56,17,flops,,,0.028405573333333333,4260836.0,84524.0,,8579.4753,"{""activation"": ""elu"", ""batch_size"": 16, ""data_augmentation"": false, ""dr_f"": 0.112746683277, ""learning_rate"": 0.000435292106, ""new_fc_1"": 28, ""new_fc_10"": 25, ""new_fc_2"": 2, ""new_fc_3"": 6, ""new_fc_4"": 0, ""new_fc_5"": 3, ""new_fc_6"": 7, ""new_fc_7"": 10, ""new_fc_8"": 26, ""new_fc_9"": 8, ""num_neurons"": 4, ""optimizer"": ""SGD"", ""reg_l2"": false, ""skip_connection"": false, ""unit_c1"": 3, ""unit_c2"": 2}"
57,17,flops,,,0.6344758933333333,95171384.0,1443092.0,,8580.6105,"{""activation"": ""relu"", ""batch_size"": 8, ""data_augmentation"": false, ""dr_f"": 0.233861392148, ""learning_rate"": 0.00091081685, ""new_fc_1"": 7, ""new_fc_10"": 29, ""new_fc_2"": 6, ""new_fc_3"": 22, ""new_fc_4"": 8, ""new_fc_5"": 10, ""new_fc_6"": 7, ""new_fc_7"": 25, ""new_fc_8"": 23, ""new_fc_9"": 29, ""num_neurons"": 16, ""optimizer"": ""Adam"", ""reg_l2"": true, ""skip_connection"": false, ""unit_c1"": 3, ""unit_c2"": 5}"
58,18,accuracy,0.7468000054359436,0.2531999945640564,0.01340128,2010192.0,71100.0,-0.47321961219483943,8905.3237,"{""activation"": ""elu"", ""batch_size"": 64, ""data_augmentation"": false, ""dr_f"": 0.104343522941, ""learning_rate"": 0.000721628475, ""new_fc_1"": 10, ""new_fc_10"": 5, ""new_fc_2"": 13, ""new_fc_3"": 18, ""new_fc_4"": 23, ""new_fc_5"": 19, ""new_fc_6"": 32, ""new_fc_7"": 12, ""new_fc_8"": 30, ""new_fc_9"": 28, ""num_neurons"": 4, ""optimizer"": ""Adamax"", ""reg_l2"": false, ""skip_connection"": false, ""unit_c1"": 2, ""unit_c2"": 1}"
59,18,flops,,,0.025407466666666666,3811120.0,170292.0,,8906.3292,"{""activation"": ""swish"", ""batch_size"": 32, ""data_augmentation"": true, ""dr_f"": 0.173131710366, ""learning_rate"": 0.000565812487, ""new_fc_1"": 2, ""new_fc_10"": 32, ""new_fc_2"": 18, ""new_fc_3"": 18, ""new_fc_4"": 13, ""new_fc_5"": 23, ""new_fc_6"": 18, ""new_fc_7"": 1, ""new_fc_8"": 16, ""new_fc_9"": 12, ""num_neurons"": 8, ""optimizer"": ""Adadelta"", ""reg_l2"": true, ""skip_connection"": false, ""unit_c1"": 1, ""unit_c2"": 2}"
60,18,flops,,,0.04465661333333333,6698492.0,82152.0,,8907.1241,"{""activation"": ""relu"", ""batch_size"": 64, ""data_augmentation"": true, ""dr_f"": 0.426544507583, ""learning_rate"": 0.000873920939, ""new_fc_1"": 25, ""new_fc_10"": 3, ""new_fc_2"": 20, ""new_fc_3"": 15, ""new_fc_4"": 8, ""new_fc_5"": 29, ""new_fc_6"": 6, ""new_fc_7"": 22, ""new_fc_8"": 2, ""new_fc_9"": 7, ""num_neurons"": 4, ""optimizer"": ""Adamax"", ""reg_l2"": false, ""skip_connection"": false, ""unit_c1"": 4, ""unit_c2"": 2}"
61,18,flops,,,0.04685976,7028964.0,109728.0,,8907.9455,"{""activation"": ""swish"", ""batch_size"": 8, ""data_augmentation"": false, ""dr_f"": 0.451779315998, ""learning_rate"": 0.000147432294, ""new_fc_1"": 26, ""new_fc_10"": 11, ""new_fc_2"": 19, ""new_fc_3"": 29, ""new_fc_4"": 11, ""new_fc_5"": 25, ""new_fc_6"": 13, ""new_fc_7"": 4, ""new_fc_8"": 15, ""new_fc_9"": 32, ""num_neurons"": 4, ""optimizer"": ""Adadelta"", ""reg_l2"": false, ""skip_connection"": true, ""unit_c1"": 4, ""unit_c2"": 2}"
62,18,flops,,,1.3761311466666666,206419672.0,4598564.0,,8909.2971,"{""activation"": ""swish"", ""batch_size"": 64, ""data_augmentation"": false, ""dr_f"": 0.476396677913, ""learning_rate"": 0.00097027815, ""new_fc_1"": 7, ""new_fc_10"": 5, ""new_fc_2"": 10, ""new_fc_3"": 20, ""new_fc_4"": 11, ""new_fc_5"": 31, ""new_fc_6"": 19, ""new_fc_7"": 30, ""new_fc_8"": 13, ""new_fc_9"": 2, ""num_neurons"": 32, ""optimizer"": ""Adadelta"", ""reg_l2"": true, ""skip_connection"": true, ""unit_c1"": 2, ""unit_c2"": 4}"
63,18,flops,,,0.04450496,6675744.0,70860.0,,8909.9904,"{""activation"": ""selu"", ""batch_size"": 8, ""data_augmentation"": false, ""dr_f"": 0.125843647386, ""learning_rate"": 0.000608491961, ""new_fc_1"": 5, ""new_fc_10"": 5, ""new_fc_2"": 28, ""new_fc_3"": 32, ""new_fc_4"": 10, ""new_fc_5"": 13, ""new_fc_6"": 31, ""new_fc_7"": 22, ""new_fc_8"": 24, ""new_fc_9"": 8, ""num_neurons"": 4, ""optimizer"": ""Adadelta"", ""reg_l2"": false, ""skip_connection"": false, ""unit_c1"": 4, ""unit_c2"": 2}"
64,19,accuracy,0.8906000033020973,0.10939999669790268,0.028405573333333333,4260836.0,84524.0,-0.3680583256885318,9834.1591,"{""activation"": ""elu"", ""batch_size"": 16, ""data_augmentation"": false, ""dr_f"": 0.112746683277, ""learning_rate"": 0.000435292106, ""new_fc_1"": 28, ""new_fc_10"": 25, ""new_fc_2"": 2, ""new_fc_3"": 6, ""new_fc_4"": 0, ""new_fc_5"": 3, ""new_fc_6"": 7, ""new_fc_7"": 10, ""new_fc_8"": 26, ""new_fc_9"": 8, ""num_neurons"": 4, ""optimizer"": ""SGD"", ""reg_l2"": false, ""skip_connection"": false, ""unit_c1"": 3, ""unit_c2"": 2}"
65,19,flops,,,0.19892874666666666,29839312.0,321708.0,,9835.2715,"{""activation"": ""elu"", ""batch_size"": 16, ""data_augmentation"": false, ""dr_f"": 0.044394354042, ""learning_rate"": 0.000626955406, ""new_fc_1"": 4, ""new_fc_10"": 14, ""new_fc_2"": 26, ""new_fc_3"": 20, ""new_fc_4"": 23, ""new_fc_5"": 24, ""new_fc_6"": 1, ""new_fc_7"": 7, ""new_fc_8"": 1, ""new_fc_9"": 23, ""num_neurons"": 8, ""optimizer"": ""SGD"", ""reg_l2"": true, ""skip_connection"": false, ""unit_c1"": 2, ""unit_c2"": 8}"
66,19,flops,,,1.37190096,205785144.0,4647556.0,,9836.5283,"{""activation"": ""selu"", ""batch_size"": 8, ""data_augmentation"": true, ""dr_f"": 0.08894324847, ""learning_rate"": 0.000789348987, ""new_fc_1"": 29, ""new_fc_10"": 9, ""new_fc_2"": 18, ""new_fc_3"": 7, ""new_fc_4"": 14, ""new_fc_5"": 28, ""new_fc_6"": 17, ""new_fc_7"": 29, ""new_fc_8"": 11, ""new_fc_9"": 5, ""num_neurons"": 32, ""optimizer"": ""Adadelta"", ""reg_l2"": false, ""skip_connection"": true, ""unit_c1"": 3, ""unit_c2"": 1}"
67,19,flops,,,0.20588949333333334,30883424.0,368716.0,,9837.3078,"{""activation"": ""selu"", ""batch_size"": 16, ""data_augmentation"": true, ""dr_f"": 0.204312486081, ""learning_rate"": 0.000524479836, ""new_fc_1"": 15, ""new_fc_10"": 10, ""new_fc_2"": 1, ""new_fc_3"": 16, ""new_fc_4"": 4, ""new_fc_5"": 21, ""new_fc_6"": 29, ""new_fc_7"": 9, ""new_fc_8"": 21, ""new_fc_9"": 3, ""num_neurons"": 8, ""optimizer"": ""SGD"", ""reg_l2"": false, ""skip_connection"": false, ""unit_c1"": 4, ""unit_c2"": 4}"
68,19,flops,,,0.58778256,88167384.0,894292.0,,9838.9144,"{""activation"": ""swish"", ""batch_size"": 32, ""data_augmentation"": false, ""dr_f"": 0.26463522963, ""learning_rate"": 0.000390388024, ""new_fc_1"": 11, ""new_fc_10"": 16, ""new_fc_2"": 31, ""new_fc_3"": 22, ""new_fc_4"": 20, ""new_fc_5"": 9, ""new_fc_6"": 30, ""new_fc_7"": 5, ""new_fc_8"": 10, ""new_fc_9"": 14, ""num_neurons"": 16, ""optimizer"": ""Adam"", ""reg_l2"": false, ""skip_connection"": true, ""unit_c1"": 4, ""unit_c2"": 1}"
69,19,flops,,,2.5852950933333334,387794264.0,11096420.0,,9840.4215,"{""activation"": ""relu"", ""batch_size"": 16, ""data_augmentation"": true, ""dr_f"": 0.192692453273, ""learning_rate"": 0.000653719784, ""new_fc_1"": 16, ""new_fc_10"": 9, ""new_fc_2"": 19, ""new_fc_3"": 19, ""new_fc_4"": 5, ""new_fc_5"": 14, ""new_fc_6"": 14, ""new_fc_7"": 17, ""new_fc_8"": 10, ""new_fc_9"": 9, ""num_neurons"": 64, ""optimizer"": ""Adam"", ""reg_l2"": false, ""skip_connection"": false, ""unit_c1"": 2, ""unit_c2"": 1}"
70,20,accuracy,10000000000.0,,1.3761311466666666,206419672.0,4598564.0,10000000000.0,9841.3943,"{""activation"": ""swish"", ""batch_size"": 64, ""data_augmentation"": false, ""dr_f"": 0.476396677913, ""learning_rate"": 0.00097027815, ""new_fc_1"": 7, ""new_fc_10"": 5, ""new_fc_2"": 10, ""new_fc_3"": 20, ""new_fc_4"": 11, ""new_fc_5"": 31, ""new_fc_6"": 19, ""new_fc_7"": 30, ""new_fc_8"": 13, ""new_fc_9"": 2, ""num_neurons"": 32, ""optimizer"": ""Adadelta"", ""reg_l2"": true, ""skip_connection"": true, ""unit_c1"": 2, ""unit_c2"": 4}"
71,21,accuracy,0.7042999863624573,0.2957000136375427,0.29164752,43747128.0,2147892.0,-0.4194957535462799,10885.7777,"{""activation"": ""selu"", ""batch_size"": 16, ""data_augmentation"": false, ""dr_f"": 0.12019575918, ""learning_rate"": 0.000160772676, ""new_fc_1"": 26, ""new_fc_10"": 3, ""new_fc_2"": 20, ""new_fc_3"": 28, ""new_fc_4"": 30, ""new_fc_5"": 16, ""new_fc_6"": 3, ""new_fc_7"": 21, ""new_fc_8"": 15, ""new_fc_9"": 20, ""num_neurons"": 16, ""optimizer"": ""SGD"", ""reg_l2"": false, ""skip_connection"": true, ""unit_c1"": 2, ""unit_c2"": 3}"
72,21,flops,,,0.02566432,3849648.0,62536.0,,10886.914,"{""activation"": ""relu"", ""batch_size"": 8, ""data_augmentation"": false, ""dr_f"": 0.072374006405, ""learning_rate"": 0.000168575992, ""new_fc_1"": 5, ""new_fc_10"": 16, ""new_fc_2"": 4, ""new_fc_3"": 31, ""new_fc_4"": 12, ""new_fc_5"": 4, ""new_fc_6"": 12, ""new_fc_7"": 0, ""new_fc_8"": 11, ""new_fc_9"": 15, ""num_neurons"": 4, ""optimizer"": ""Adadelta"", ""reg_l2"": false, ""skip_connection"": true, ""unit_c1"": 1, ""unit_c2"": 6}"
73,21,flops,,,0.020446853333333334,3067028.0,155856.0,,10887.7474,"{""activation"": ""relu"", ""batch_size"": 16, ""data_augmentation"": true, ""dr_f"": 0.375072036579, ""learning_rate"": 0.000244098079, ""new_fc_1"": 29, ""new_fc_10"": 29, ""new_fc_2"": 4, ""new_fc_3"": 21, ""new_fc_4"": 22, ""new_fc_5"": 28, ""new_fc_6"": 19, ""new_fc_7"": 1, ""new_fc_8"": 32, ""new_fc_9"": 22, ""num_neurons"": 4, ""optimizer"": ""Adadelta"", ""reg_l2"": true, ""skip_connection"": false, ""unit_c1"": 2, ""unit_c2"": 3}"
74,21,flops,,,0.05602944,8404416.0,430164.0,,10888.5521,"{""activation"": ""elu"", ""batch_size"": 64, ""data_augmentation"": true, ""dr_f"": 0.376623045643, ""learning_rate"": 0.00053463859, ""new_fc_1"": 20, ""new_fc_10"": 13, ""new_fc_2"": 21, ""new_fc_3"": 9, ""new_fc_4"": 9, ""new_fc_5"": 2, ""new_fc_6"": 6, ""new_fc_7"": 13, ""new_fc_8"": 17, ""new_fc_9"": 7, ""num_neurons"": 8, ""optimizer"": ""Adadelta"", ""reg_l2"": false, ""skip_connection"": false, ""unit_c1"": 1, ""unit_c2"": 4}"
75,21,flops,,,0.024276266666666668,3641440.0,85668.0,,10889.7664,"{""activation"": ""swish"", ""batch_size"": 8, ""data_augmentation"": true, ""dr_f"": 0.444080524837, ""learning_rate"": 0.000601954382, ""new_fc_1"": 3, ""new_fc_10"": 22, ""new_fc_2"": 22, ""new_fc_3"": 21, ""new_fc_4"": 32, ""new_fc_5"": 28, ""new_fc_6"": 22, ""new_fc_7"": 19, ""new_fc_8"": 28, ""new_fc_9"": 1, ""num_neurons"": 4, ""optimizer"": ""Adam"", ""reg_l2"": false, ""skip_connection"": false, ""unit_c1"": 2, ""unit_c2"": 4}"
76,21,flops,,,1.3100274666666667,196504120.0,2224388.0,,10890.976,"{""activation"": ""relu"", ""batch_size"": 32, ""data_augmentation"": true, ""dr_f"": 0.222247933625, ""learning_rate"": 0.000620027835, ""new_fc_1"": 11, ""new_fc_10"": 22, ""new_fc_2"": 29, ""new_fc_3"": 20, ""new_fc_4"": 16, ""new_fc_5"": 18, ""new_fc_6"": 13, ""new_fc_7"": 7, ""new_fc_8"": 5, ""new_fc_9"": 1, ""num_neurons"": 16, ""optimizer"": ""Adamax"", ""reg_l2"": false, ""skip_connection"": false, ""unit_c1"": 4, ""unit_c2"": 8}"
77,22,accuracy,0.9902999997138977,0.009700000286102295,0.02566432,3849648.0,62536.0,-0.2990907042002716,11575.3247,"{""activation"": ""relu"", ""batch_size"": 8, ""data_augmentation"": false, ""dr_f"": 0.072374006405, ""learning_rate"": 0.000168575992, ""new_fc_1"": 5, ""new_fc_10"": 16, ""new_fc_2"": 4, ""new_fc_3"": 31, ""new_fc_4"": 12, ""new_fc_5"": 4, ""new_fc_6"": 12, ""new_fc_7"": 0, ""new_fc_8"": 11, ""new_fc_9"": 15, ""num_neurons"": 4, ""optimizer"": ""Adadelta"", ""reg_l2"": false, ""skip_connection"": true, ""unit_c1"": 1, ""unit_c2"": 6}"
78,22,flops,,,0.02146216,3219324.0,171764.0,,11576.4255,"{""activation"": ""elu"", ""batch_size"": 32, ""data_augmentation"": true, ""dr_f"": 0.122566991511, ""learning_rate"": 0.000629404364, ""new_fc_1"": 30, ""new_fc_10"": 7, ""new_fc_2"": 20, ""new_fc_3"": 32, ""new_fc_4"": 18, ""new_fc_5"": 30, ""new_fc_6"": 20, ""new_fc_7"": 14, ""new_fc_8"": 32, ""new_fc_9"": 22, ""num_neurons"": 4, ""optimizer"": ""Adadelta"", ""reg_l2"": true, ""skip_connection"": true, ""unit_c1"": 2, ""unit_c2"": 3}"
79,22,flops,,,1.80285648,270428472.0,4822372.0,,11577.6565,"{""activation"": ""selu"", ""batch_size"": 16, ""data_augmentation"": false, ""dr_f"": 0.366153238817, ""learning_rate"": 0.00084756074, ""new_fc_1"": 13, ""new_fc_10"": 6, ""new_fc_2"": 13, ""new_fc_3"": 10, ""new_fc_4"": 9, ""new_fc_5"": 1, ""new_fc_6"": 16, ""new_fc_7"": 20, ""new_fc_8"": 29, ""new_fc_9"": 18, ""num_neurons"": 32, ""optimizer"": ""Adamax"", ""reg_l2"": true, ""skip_connection"": true, ""unit_c1"": 3, ""unit_c2"": 3}"
80,22,flops,,,1.2501708266666667,187525624.0,11362948.0,,11578.8674,"{""activation"": ""selu"", ""batch_size"": 8, ""data_augmentation"": false, ""dr_f"": 0.084186760254, ""learning_rate"": 0.000975210802, ""new_fc_1"": 29, ""new_fc_10"": 7, ""new_fc_2"": 11, ""new_fc_3"": 21, ""new_fc_4"": 6, ""new_fc_5"": 14, ""new_fc_6"": 0, ""new_fc_7"": 15, ""new_fc_8"": 25, ""new_fc_9"": 5, ""num_neurons"": 32, ""optimizer"": ""Adam"", ""reg_l2"": false, ""skip_connection"": true, ""unit_c1"": 1, ""unit_c2"": 5}"
81,23,accuracy,0.968800000846386,0.031199999153614044,0.04450496,6675744.0,70860.0,-0.3084885114075298,13523.1502,"{""activation"": ""selu"", ""batch_size"": 8, ""data_augmentation"": false, ""dr_f"": 0.125843647386, ""learning_rate"": 0.000608491961, ""new_fc_1"": 5, ""new_fc_10"": 5, ""new_fc_2"": 28, ""new_fc_3"": 32, ""new_fc_4"": 10, ""new_fc_5"": 13, ""new_fc_6"": 31, ""new_fc_7"": 22, ""new_fc_8"": 24, ""new_fc_9"": 8, ""num_neurons"": 4, ""optimizer"": ""Adadelta"", ""reg_l2"": false, ""skip_connection"": false, ""unit_c1"": 4, ""unit_c2"": 2}"
82,23,flops,,,0.20329456,30494184.0,239780.0,,13524.2897,"{""activation"": ""swish"", ""batch_size"": 16, ""data_augmentation"": false, ""dr_f"": 0.476447693454, ""learning_rate"": 0.000961158789, ""new_fc_1"": 4, ""new_fc_10"": 10, ""new_fc_2"": 13, ""new_fc_3"": 14, ""new_fc_4"": 8, ""new_fc_5"": 6, ""new_fc_6"": 9, ""new_fc_7"": 10, ""new_fc_8"": 0, ""new_fc_9"": 12, ""num_neurons"": 8, ""optimizer"": ""Adagrad"", ""reg_l2"": false, ""skip_connection"": true, ""unit_c1"": 2, ""unit_c2"": 8}"
83,23,flops,,,0.53315056,79972584.0,766788.0,,13525.954,"{""activation"": ""swish"", ""batch_size"": 16, ""data_augmentation"": true, ""dr_f"": 0.201120231742, ""learning_rate"": 0.000168870866, ""new_fc_1"": 6, ""new_fc_10"": 21, ""new_fc_2"": 5, ""new_fc_3"": 9, ""new_fc_4"": 23, ""new_fc_5"": 13, ""new_fc_6"": 15, ""new_fc_7"": 3, ""new_fc_8"": 7, ""new_fc_9"": 5, ""num_neurons"": 16, ""optimizer"": ""Adagrad"", ""reg_l2"": true, ""skip_connection"": false, ""unit_c1"": 3, ""unit_c2"": 4}"
84,23,flops,,,0.039395306666666664,5909296.0,360852.0,,13526.7699,"{""activation"": ""relu"", ""batch_size"": 16, ""data_augmentation"": true, ""dr_f"": 0.395714863667, ""learning_rate"": 0.000724372436, ""new_fc_1"": 16, ""new_fc_10"": 14, ""new_fc_2"": 4, ""new_fc_3"": 11, ""new_fc_4"": 19, ""new_fc_5"": 26, ""new_fc_6"": 16, ""new_fc_7"": 16, ""new_fc_8"": 16, ""new_fc_9"": 17, ""num_neurons"": 8, ""optimizer"": ""Adagrad"", ""reg_l2"": true, ""skip_connection"": false, ""unit_c1"": 1, ""unit_c2"": 3}"
85,23,flops,,,0.01628984,2443476.0,68840.0,,13527.6109,"{""activation"": ""relu"", ""batch_size"": 32, ""data_augmentation"": true, ""dr_f"": 0.335856298412, ""learning_rate"": 0.000303914809, ""new_fc_1"": 2, ""new_fc_10"": 22, ""new_fc_2"": 22, ""new_fc_3"": 4, ""new_fc_4"": 11, ""new_fc_5"": 32, ""new_fc_6"": 28, ""new_fc_7"": 26, ""new_fc_8"": 15, ""new_fc_9"": 21, ""num_neurons"": 4, ""optimizer"": ""Adagrad"", ""reg_l2"": false, ""skip_connection"": true, ""unit_c1"": 2, ""unit_c2"": 2}"
86,24,accuracy,0.9891999997198582,0.01080000028014183,0.0069176,1037640.0,31528.0,-0.30548472019609924,13731.8905,"{""activation"": ""elu"", ""batch_size"": 32, ""data_augmentation"": true, ""dr_f"": 0.042156703597, ""learning_rate"": 0.000491240639, ""new_fc_1"": 3, ""new_fc_10"": 0, ""new_fc_2"": 3, ""new_fc_3"": 12, ""new_fc_4"": 15, ""new_fc_5"": 21, ""new_fc_6"": 3, ""new_fc_7"": 22, ""new_fc_8"": 22, ""new_fc_9"": 7, ""num_neurons"": 4, ""optimizer"": ""Adadelta"", ""reg_l2"": true, ""skip_connection"": false, ""unit_c1"": 1, ""unit_c2"": 2}"
87,24,flops,,,20.9412648,3141189720.0,22519140.0,,13733.5897,"{""activation"": ""elu"", ""batch_size"": 8, ""data_augmentation"": true, ""dr_f"": 0.060081640265, ""learning_rate"": 0.000586584075, ""new_fc_1"": 2, ""new_fc_10"": 24, ""new_fc_2"": 30, ""new_fc_3"": 28, ""new_fc_4"": 13, ""new_fc_5"": 27, ""new_fc_6"": 0, ""new_fc_7"": 16, ""new_fc_8"": 12, ""new_fc_9"": 32, ""num_neurons"": 64, ""optimizer"": ""Adamax"", ""reg_l2"": false, ""skip_connection"": true, ""unit_c1"": 4, ""unit_c2"": 8}"
88,24,flops,,,0.16616698666666666,24925048.0,1040588.0,,13734.3183,"{""activation"": ""selu"", ""batch_size"": 64, ""data_augmentation"": false, ""dr_f"": 0.185401593676, ""learning_rate"": 0.000789508258, ""new_fc_1"": 27, ""new_fc_10"": 25, ""new_fc_2"": 11, ""new_fc_3"": 25, ""new_fc_4"": 2, ""new_fc_5"": 8, ""new_fc_6"": 7, ""new_fc_7"": 4, ""new_fc_8"": 14, ""new_fc_9"": 17, ""num_neurons"": 8, ""optimizer"": ""SGD"", ""reg_l2"": false, ""skip_connection"": false, ""unit_c1"": 1, ""unit_c2"": 8}"
89,24,flops,,,0.02068608,3102912.0,113400.0,,13735.027,"{""activation"": ""relu"", ""batch_size"": 32, ""data_augmentation"": false, ""dr_f"": 0.10185940248, ""learning_rate"": 0.000382910319, ""new_fc_1"": 25, ""new_fc_10"": 6, ""new_fc_2"": 31, ""new_fc_3"": 4, ""new_fc_4"": 13, ""new_fc_5"": 24, ""new_fc_6"": 9, ""new_fc_7"": 12, ""new_fc_8"": 18, ""new_fc_9"": 4, ""num_neurons"": 4, ""optimizer"": ""Adam"", ""reg_l2"": false, ""skip_connection"": true, ""unit_c1"": 2, ""unit_c2"": 3}"
90,24,flops,,,0.015807013333333335,2371052.0,66336.0,,13735.8424,"{""activation"": ""elu"", ""batch_size"": 8, ""data_augmentation"": true, ""dr_f"": 0.350619309222, ""learning_rate"": 0.000716856931, ""new_fc_1"": 12, ""new_fc_10"": 24, ""new_fc_2"": 23, ""new_fc_3"": 9, ""new_fc_4"": 4, ""new_fc_5"": 24, ""new_fc_6"": 8, ""new_fc_7"": 11, ""new_fc_8"": 31, ""new_fc_9"": 11, ""num_neurons"": 4, ""optimizer"": ""SGD"", ""reg_l2"": true, ""skip_connection"": false, ""unit_c1"": 2, ""unit_c2"": 2}"
91,24,flops,,,0.01142176,1713264.0,115844.0,,13736.8513,"{""activation"": ""selu"", ""batch_size"": 16, ""data_augmentation"": false, ""dr_f"": 0.241141707768, ""learning_rate"": 0.000862959032, ""new_fc_1"": 31, ""new_fc_10"": 10, ""new_fc_2"": 12, ""new_fc_3"": 20, ""new_fc_4"": 2, ""new_fc_5"": 2, ""new_fc_6"": 27, ""new_fc_7"": 2, ""new_fc_8"": 6, ""new_fc_9"": 6, ""num_neurons"": 4, ""optimizer"": ""Adam"", ""reg_l2"": true, ""skip_connection"": true, ""unit_c1"": 1, ""unit_c2"": 3}"
92,25,accuracy,0.8784999996423721,0.12150000035762787,0.02068608,3102912.0,113400.0,-0.37884417625033945,14241.0428,"{""activation"": ""relu"", ""batch_size"": 32, ""data_augmentation"": false, ""dr_f"": 0.10185940248, ""learning_rate"": 0.000382910319, ""new_fc_1"": 25, ""new_fc_10"": 6, ""new_fc_2"": 31, ""new_fc_3"": 4, ""new_fc_4"": 13, ""new_fc_5"": 24, ""new_fc_6"": 9, ""new_fc_7"": 12, ""new_fc_8"": 18, ""new_fc_9"": 4, ""num_neurons"": 4, ""optimizer"": ""Adam"", ""reg_l2"": false, ""skip_connection"": true, ""unit_c1"": 2, ""unit_c2"": 3}"
93,25,flops,,,0.46137488,69206232.0,1398068.0,,1.6324,"{""activation"": ""elu"", ""batch_size"": 32, ""data_augmentation"": true, ""dr_f"": 0.121575864401, ""learning_rate"": 0.000231694809, ""new_fc_1"": 17, ""new_fc_10"": 22, ""new_fc_2"": 10, ""new_fc_3"": 29, ""new_fc_4"": 12, ""new_fc_5"": 9, ""new_fc_6"": 19, ""new_fc_7"": 18, ""new_fc_8"": 2, ""new_fc_9"": 14, ""num_neurons"": 16, ""optimizer"": ""Adadelta"", ""reg_l2"": false, ""skip_connection"": false, ""unit_c1"": 3, ""unit_c2"": 3}"
94,25,flops,,,0.05959568,8939352.0,355732.0,,2.7542,"{""activation"": ""swish"", ""batch_size"": 64, ""data_augmentation"": false, ""dr_f"": 0.24197354465, ""learning_rate"": 0.000370556271, ""new_fc_1"": 22, ""new_fc_10"": 4, ""new_fc_2"": 25, ""new_fc_3"": 3, ""new_fc_4"": 24, ""new_fc_5"": 19, ""new_fc_6"": 29, ""new_fc_7"": 0, ""new_fc_8"": 17, ""new_fc_9"": 17, ""num_neurons"": 8, ""optimizer"": ""SGD"", ""reg_l2"": false, ""skip_connection"": true, ""unit_c1"": 2, ""unit_c2"": 2}"
95,25,flops,,,1.35604368,203406552.0,5476260.0,,3.7637,"{""activation"": ""swish"", ""batch_size"": 32, ""data_augmentation"": true, ""dr_f"": 0.219764990532, ""learning_rate"": 0.000824712743, ""new_fc_1"": 17, ""new_fc_10"": 21, ""new_fc_2"": 6, ""new_fc_3"": 29, ""new_fc_4"": 5, ""new_fc_5"": 3, ""new_fc_6"": 2, ""new_fc_7"": 6, ""new_fc_8"": 2, ""new_fc_9"": 9, ""num_neurons"": 32, ""optimizer"": ""SGD"", ""reg_l2"": false, ""skip_connection"": false, ""unit_c1"": 2, ""unit_c2"": 4}"
96,25,flops,,,0.8898358933333333,133475384.0,9328612.0,,5.0703,"{""activation"": ""selu"", ""batch_size"": 16, ""data_augmentation"": false, ""dr_f"": 0.212870060323, ""learning_rate"": 0.000486095075, ""new_fc_1"": 27, ""new_fc_10"": 14, ""new_fc_2"": 2, ""new_fc_3"": 27, ""new_fc_4"": 32, ""new_fc_5"": 18, ""new_fc_6"": 17, ""new_fc_7"": 2, ""new_fc_8"": 19, ""new_fc_9"": 1, ""num_neurons"": 32, ""optimizer"": ""Adamax"", ""reg_l2"": false, ""skip_connection"": false, ""unit_c1"": 1, ""unit_c2"": 4}"
97,26,accuracy,0.9899000003933907,0.010099999606609344,0.005690346666666667,853552.0,71080.0,-0.3053628957246265,150.2635,"{""activation"": ""relu"", ""batch_size"": 64, ""data_augmentation"": true, ""dr_f"": 0.180917432107, ""learning_rate"": 0.000365679172, ""new_fc_1"": 31, ""new_fc_10"": 30, ""new_fc_2"": 11, ""new_fc_3"": 8, ""new_fc_4"": 6, ""new_fc_5"": 1, ""new_fc_6"": 16, ""new_fc_7"": 4, ""new_fc_8"": 6, ""new_fc_9"": 29, ""num_neurons"": 4, ""optimizer"": ""Adadelta"", ""reg_l2"": false, ""skip_connection"": true, ""unit_c1"": 1, ""unit_c2"": 1}"
98,26,flops,,,0.07156602666666667,10734904.0,332004.0,,150.9842,"{""activation"": ""elu"", ""batch_size"": 16, ""data_augmentation"": false, ""dr_f"": 0.41199190214, ""learning_rate"": 0.000710618475, ""new_fc_1"": 14, ""new_fc_10"": 3, ""new_fc_2"": 9, ""new_fc_3"": 12, ""new_fc_4"": 9, ""new_fc_5"": 24, ""new_fc_6"": 32, ""new_fc_7"": 13, ""new_fc_8"": 17, ""new_fc_9"": 15, ""num_neurons"": 8, ""optimizer"": ""Adadelta"", ""reg_l2"": true, ""skip_connection"": false, ""unit_c1"": 2, ""unit_c2"": 3}"
99,26,flops,,,7.386961226666667,1108044184.0,39744740.0,,153.5079,"{""activation"": ""elu"", ""batch_size"": 32, ""data_augmentation"": true, ""dr_f"": 0.324717249747, ""learning_rate"": 0.000395469838, ""new_fc_1"": 29, ""new_fc_10"": 10, ""new_fc_2"": 26, ""new_fc_3"": 6, ""new_fc_4"": 27, ""new_fc_5"": 28, ""new_fc_6"": 26, ""new_fc_7"": 21, ""new_fc_8"": 25, ""new_fc_9"": 7, ""num_neurons"": 64, ""optimizer"": ""SGD"", ""reg_l2"": true, ""skip_connection"": false, ""unit_c1"": 3, ""unit_c2"": 3}"
100,26,flops,,,0.05024389333333333,7536584.0,100736.0,,154.237,"{""activation"": ""selu"", ""batch_size"": 32, ""data_augmentation"": false, ""dr_f"": 0.301309218887, ""learning_rate"": 0.000276681683, ""new_fc_1"": 6, ""new_fc_10"": 12, ""new_fc_2"": 25, ""new_fc_3"": 26, ""new_fc_4"": 27, ""new_fc_5"": 14, ""new_fc_6"": 25, ""new_fc_7"": 1, ""new_fc_8"": 19, ""new_fc_9"": 25, ""num_neurons"": 4, ""optimizer"": ""Adam"", ""reg_l2"": true, ""skip_connection"": false, ""unit_c1"": 3, ""unit_c2"": 6}"
101,26,flops,,,0.2554074666666667,38311120.0,203028.0,,155.2697,"{""activation"": ""relu"", ""batch_size"": 16, ""data_augmentation"": false, ""dr_f"": 0.489936074579, ""learning_rate"": 0.000340742193, ""new_fc_1"": 0, ""new_fc_10"": 10, ""new_fc_2"": 1, ""new_fc_3"": 11, ""new_fc_4"": 21, ""new_fc_5"": 10, ""new_fc_6"": 25, ""new_fc_7"": 6, ""new_fc_8"": 25, ""new_fc_9"": 18, ""num_neurons"": 8, ""optimizer"": ""Adam"", ""reg_l2"": false, ""skip_connection"": false, ""unit_c1"": 3, ""unit_c2"": 8}"
102,26,flops,,,4.093208266666666,613981240.0,11335748.0,,156.4041,"{""activation"": ""selu"", ""batch_size"": 16, ""data_augmentation"": true, ""dr_f"": 0.237885968925, ""learning_rate"": 0.000420026224, ""new_fc_1"": 0, ""new_fc_10"": 4, ""new_fc_2"": 19, ""new_fc_3"": 25, ""new_fc_4"": 23, ""new_fc_5"": 5, ""new_fc_6"": 29, ""new_fc_7"": 30, ""new_fc_8"": 14, ""new_fc_9"": 26, ""num_neurons"": 32, ""optimizer"": ""Adadelta"", ""reg_l2"": true, ""skip_connection"": false, ""unit_c1"": 4, ""unit_c2"": 6}"
103,27,accuracy,0.904399998486042,0.09560000151395798,0.00539992,809988.0,49244.0,-0.36530002505977055,2220.9976,"{""activation"": ""relu"", ""batch_size"": 8, ""data_augmentation"": true, ""dr_f"": 0.086896604871, ""learning_rate"": 0.00096207554, ""new_fc_1"": 23, ""new_fc_10"": 19, ""new_fc_2"": 25, ""new_fc_3"": 3, ""new_fc_4"": 10, ""new_fc_5"": 2, ""new_fc_6"": 9, ""new_fc_7"": 1, ""new_fc_8"": 13, ""new_fc_9"": 10, ""num_neurons"": 4, ""optimizer"": ""Adamax"", ""reg_l2"": false, ""skip_connection"": true, ""unit_c1"": 1, ""unit_c2"": 1}"
104,27,flops,,,7.063018826666666,1059452824.0,34969060.0,,2223.4461,"{""activation"": ""selu"", ""batch_size"": 16, ""data_augmentation"": true, ""dr_f"": 0.076126914653, ""learning_rate"": 0.000633602312, ""new_fc_1"": 17, ""new_fc_10"": 20, ""new_fc_2"": 25, ""new_fc_3"": 9, ""new_fc_4"": 29, ""new_fc_5"": 11, ""new_fc_6"": 11, ""new_fc_7"": 6, ""new_fc_8"": 32, ""new_fc_9"": 21, ""num_neurons"": 64, ""optimizer"": ""Adamax"", ""reg_l2"": false, ""skip_connection"": true, ""unit_c1"": 2, ""unit_c2"": 5}"
105,28,accuracy,0.8287999927997589,0.1712000072002411,0.16616698666666666,24925048.0,1040588.0,-0.3699899090401687,2608.0254,"{""activation"": ""selu"", ""batch_size"": 64, ""data_augmentation"": false, ""dr_f"": 0.185401593676, ""learning_rate"": 0.000789508258, ""new_fc_1"": 27, ""new_fc_10"": 25, ""new_fc_2"": 11, ""new_fc_3"": 25, ""new_fc_4"": 2, ""new_fc_5"": 8, ""new_fc_6"": 7, ""new_fc_7"": 4, ""new_fc_8"": 14, ""new_fc_9"": 17, ""num_neurons"": 8, ""optimizer"": ""SGD"", ""reg_l2"": false, ""skip_connection"": false, ""unit_c1"": 1, ""unit_c2"": 8}"
106,28,flops,,,0.07286909333333333,10930364.0,214248.0,,2608.8982,"{""activation"": ""swish"", ""batch_size"": 32, ""data_augmentation"": false, ""dr_f"": 0.484868975594, ""learning_rate"": 0.000347623617, ""new_fc_1"": 27, ""new_fc_10"": 6, ""new_fc_2"": 17, ""new_fc_3"": 2, ""new_fc_4"": 15, ""new_fc_5"": 28, ""new_fc_6"": 15, ""new_fc_7"": 21, ""new_fc_8"": 5, ""new_fc_9"": 27, ""num_neurons"": 4, ""optimizer"": ""Adadelta"", ""reg_l2"": true, ""skip_connection"": true, ""unit_c1"": 4, ""unit_c2"": 6}"
107,28,flops,,,0.018347146666666668,2752072.0,257228.0,,2609.7255,"{""activation"": ""relu"", ""batch_size"": 8, ""data_augmentation"": true, ""dr_f"": 0.098914873271, ""learning_rate"": 0.000472280807, ""new_fc_1"": 16, ""new_fc_10"": 30, ""new_fc_2"": 30, ""new_fc_3"": 21, ""new_fc_4"": 6, ""new_fc_5"": 22, ""new_fc_6"": 20, ""new_fc_7"": 7, ""new_fc_8"": 6, ""new_fc_9"": 16, ""num_neurons"": 8, ""optimizer"": ""Adagrad"", ""reg_l2"": true, ""skip_connection"": false, ""unit_c1"": 1, ""unit_c2"": 1}"
108,28,flops,,,0.011705173333333334,1755776.0,137188.0,,2610.4663,"{""activation"": ""elu"", ""batch_size"": 32, ""data_augmentation"": false, ""dr_f"": 0.403880199488, ""learning_rate"": 0.00097626482, ""new_fc_1"": 31, ""new_fc_10"": 9, ""new_fc_2"": 16, ""new_fc_3"": 25, ""new_fc_4"": 12, ""new_fc_5"": 16, ""new_fc_6"": 8, ""new_fc_7"": 9, ""new_fc_8"": 14, ""new_fc_9"": 22, ""num_neurons"": 4, ""optimizer"": ""Adadelta"", ""reg_l2"": false, ""skip_connection"": true, ""unit_c1"": 1, ""unit_c2"": 3}"
109,28,flops,,,0.22279829333333334,33419744.0,404212.0,,2611.4866,"{""activation"": ""relu"", ""batch_size"": 64, ""data_augmentation"": false, ""dr_f"": 0.407847703941, ""learning_rate"": 0.000495974293, ""new_fc_1"": 9, ""new_fc_10"": 3, ""new_fc_2"": 10, ""new_fc_3"": 0, ""new_fc_4"": 4, ""new_fc_5"": 30, ""new_fc_6"": 7, ""new_fc_7"": 29, ""new_fc_8"": 28, ""new_fc_9"": 1, ""num_neurons"": 8, ""optimizer"": ""SGD"", ""reg_l2"": true, ""skip_connection"": false, ""unit_c1"": 3, ""unit_c2"": 7}"
110,29,accuracy,0.9889000002294779,0.011099999770522118,0.011705173333333334,1755776.0,137188.0,-0.3042584478393655,2815.8412,"{""activation"": ""elu"", ""batch_size"": 32, ""data_augmentation"": false, ""dr_f"": 0.403880199488, ""learning_rate"": 0.00097626482, ""new_fc_1"": 31, ""new_fc_10"": 9, ""new_fc_2"": 16, ""new_fc_3"": 25, ""new_fc_4"": 12, ""new_fc_5"": 16, ""new_fc_6"": 8, ""new_fc_7"": 9, ""new_fc_8"": 14, ""new_fc_9"": 22, ""num_neurons"": 4, ""optimizer"": ""Adadelta"", ""reg_l2"": false, ""skip_connection"": true, ""unit_c1"": 1, ""unit_c2"": 3}"
111,29,flops,,,0.04153949333333333,6230924.0,107088.0,,2816.8579,"{""activation"": ""relu"", ""batch_size"": 8, ""data_augmentation"": false, ""dr_f"": 0.238174488237, ""learning_rate"": 0.000842287221, ""new_fc_1"": 31, ""new_fc_10"": 6, ""new_fc_2"": 13, ""new_fc_3"": 15, ""new_fc_4"": 20, ""new_fc_5"": 32, ""new_fc_6"": 23, ""new_fc_7"": 27, ""new_fc_8"": 30, ""new_fc_9"": 16, ""num_neurons"": 4, ""optimizer"": ""SGD"", ""reg_l2"": false, ""skip_connection"": false, ""unit_c1"": 4, ""unit_c2"": 1}"
112,29,flops,,,0.3914981866666667,58724728.0,863348.0,,2817.6592,"{""activation"": ""selu"", ""batch_size"": 64, ""data_augmentation"": true, ""dr_f"": 0.111622041513, ""learning_rate"": 0.00087999434, ""new_fc_1"": 11, ""new_fc_10"": 3, ""new_fc_2"": 0, ""new_fc_3"": 3, ""new_fc_4"": 18, ""new_fc_5"": 15, ""new_fc_6"": 19, ""new_fc_7"": 21, ""new_fc_8"": 24, ""new_fc_9"": 8, ""num_neurons"": 16, ""optimizer"": ""Adamax"", ""reg_l2"": false, ""skip_connection"": false, ""unit_c1"": 3, ""unit_c2"": 2}"
113,29,flops,,,1.40465104,210697656.0,9120964.0,,2818.7494,"{""activation"": ""swish"", ""batch_size"": 8, ""data_augmentation"": false, ""dr_f"": 0.113017538395, ""learning_rate"": 0.00055530108, ""new_fc_1"": 27, ""new_fc_10"": 18, ""new_fc_2"": 12, ""new_fc_3"": 10, ""new_fc_4"": 9, ""new_fc_5"": 19, ""new_fc_6"": 2, ""new_fc_7"": 26, ""new_fc_8"": 15, ""new_fc_9"": 15, ""num_neurons"": 32, ""optimizer"": ""SGD"", ""reg_l2"": true, ""skip_connection"": false, ""unit_c1"": 2, ""unit_c2"": 4}"
114,29,flops,,,2.494094666666667,374114200.0,3954980.0,,2819.9565,"{""activation"": ""swish"", ""batch_size"": 64, ""data_augmentation"": false, ""dr_f"": 0.077675070041, ""learning_rate"": 0.00018177957, ""new_fc_1"": 0, ""new_fc_10"": 32, ""new_fc_2"": 13, ""new_fc_3"": 2, ""new_fc_4"": 11, ""new_fc_5"": 14, ""new_fc_6"": 20, ""new_fc_7"": 23, ""new_fc_8"": 16, ""new_fc_9"": 11, ""num_neurons"": 32, ""optimizer"": ""Adam"", ""reg_l2"": true, ""skip_connection"": false, ""unit_c1"": 4, ""unit_c2"": 2}"
115,30,accuracy,0.9846000000834465,0.015399999916553497,0.04153949333333333,6230924.0,107088.0,-0.29831815194158745,3504.3286,"{""activation"": ""relu"", ""batch_size"": 8, ""data_augmentation"": false, ""dr_f"": 0.238174488237, ""learning_rate"": 0.000842287221, ""new_fc_1"": 31, ""new_fc_10"": 6, ""new_fc_2"": 13, ""new_fc_3"": 15, ""new_fc_4"": 20, ""new_fc_5"": 32, ""new_fc_6"": 23, ""new_fc_7"": 27, ""new_fc_8"": 30, ""new_fc_9"": 16, ""num_neurons"": 4, ""optimizer"": ""SGD"", ""reg_l2"": false, ""skip_connection"": false, ""unit_c1"": 4, ""unit_c2"": 1}"
116,30,flops,,,0.43562490666666664,65343736.0,8189220.0,,3505.7025,"{""activation"": ""elu"", ""batch_size"": 16, ""data_augmentation"": true, ""dr_f"": 0.314259274135, ""learning_rate"": 0.00073087747, ""new_fc_1"": 32, ""new_fc_10"": 20, ""new_fc_2"": 6, ""new_fc_3"": 26, ""new_fc_4"": 32, ""new_fc_5"": 29, ""new_fc_6"": 22, ""new_fc_7"": 7, ""new_fc_8"": 22, ""new_fc_9"": 17, ""num_neurons"": 32, ""optimizer"": ""Adam"", ""reg_l2"": false, ""skip_connection"": false, ""unit_c1"": 1, ""unit_c2"": 2}"
117,30,flops,,,0.0943328,14149920.0,332796.0,,3506.7474,"{""activation"": ""elu"", ""batch_size"": 16, ""data_augmentation"": false, ""dr_f"": 0.294138930805, ""learning_rate"": 0.000394018609, ""new_fc_1"": 0, ""new_fc_10"": 17, ""new_fc_2"": 16, ""new_fc_3"": 27, ""new_fc_4"": 23, ""new_fc_5"": 32, ""new_fc_6"": 17, ""new_fc_7"": 31, ""new_fc_8"": 15, ""new_fc_9"": 15, ""num_neurons"": 8, ""optimizer"": ""Adamax"", ""reg_l2"": true, ""skip_connection"": true, ""unit_c1"": 3, ""unit_c2"": 1}"
118,30,flops,,,0.019312426666666667,2896864.0,307732.0,,3507.6103,"{""activation"": ""swish"", ""batch_size"": 64, ""data_augmentation"": true, ""dr_f"": 0.308810322098, ""learning_rate"": 0.00063928923, ""new_fc_1"": 29, ""new_fc_10"": 3, ""new_fc_2"": 14, ""new_fc_3"": 30, ""new_fc_4"": 9, ""new_fc_5"": 23, ""new_fc_6"": 29, ""new_fc_7"": 19, ""new_fc_8"": 9, ""new_fc_9"": 14, ""num_neurons"": 8, ""optimizer"": ""SGD"", ""reg_l2"": false, ""skip_connection"": false, ""unit_c1"": 1, ""unit_c2"": 1}"
119,30,flops,,,0.5403762666666667,81056440.0,991620.0,,3508.4006,"{""activation"": ""relu"", ""batch_size"": 8, ""data_augmentation"": false, ""dr_f"": 0.360167086081, ""learning_rate"": 0.000836759228, ""new_fc_1"": 6, ""new_fc_10"": 22, ""new_fc_2"": 14, ""new_fc_3"": 1, ""new_fc_4"": 16, ""new_fc_5"": 30, ""new_fc_6"": 7, ""new_fc_7"": 4, ""new_fc_8"": 17, ""new_fc_9"": 1, ""num_neurons"": 16, ""optimizer"": ""Adadelta"", ""reg_l2"": false, ""skip_connection"": true, ""unit_c1"": 2, ""unit_c2"": 6}"
120,30,flops,,,0.26897936,40346904.0,5103108.0,,3509.3495,"{""activation"": ""elu"", ""batch_size"": 8, ""data_augmentation"": true, ""dr_f"": 0.162283248284, ""learning_rate"": 0.000781073159, ""new_fc_1"": 23, ""new_fc_10"": 26, ""new_fc_2"": 11, ""new_fc_3"": 5, ""new_fc_4"": 17, ""new_fc_5"": 27, ""new_fc_6"": 29, ""new_fc_7"": 27, ""new_fc_8"": 30, ""new_fc_9"": 3, ""num_neurons"": 32, ""optimizer"": ""Adamax"", ""reg_l2"": true, ""skip_connection"": false, ""unit_c1"": 1, ""unit_c2"": 1}"
121,31,accuracy,0.9894000003114343,0.010599999688565731,0.22279829333333334,33419744.0,404212.0,-0.240580511781996,3653.7027,"{""activation"": ""relu"", ""batch_size"": 64, ""data_augmentation"": false, ""dr_f"": 0.407847703941, ""learning_rate"": 0.000495974293, ""new_fc_1"": 9, ""new_fc_10"": 3, ""new_fc_2"": 10, ""new_fc_3"": 0, ""new_fc_4"": 4, ""new_fc_5"": 30, ""new_fc_6"": 7, ""new_fc_7"": 29, ""new_fc_8"": 28, ""new_fc_9"": 1, ""num_neurons"": 8, ""optimizer"": ""SGD"", ""reg_l2"": true, ""skip_connection"": false, ""unit_c1"": 3, ""unit_c2"": 7}"
122,31,flops,,,0.04759728,7139592.0,202844.0,,3655.0517,"{""activation"": ""relu"", ""batch_size"": 16, ""data_augmentation"": false, ""dr_f"": 0.266260493256, ""learning_rate"": 0.000384068803, ""new_fc_1"": 16, ""new_fc_10"": 15, ""new_fc_2"": 21, ""new_fc_3"": 4, ""new_fc_4"": 0, ""new_fc_5"": 5, ""new_fc_6"": 27, ""new_fc_7"": 13, ""new_fc_8"": 27, ""new_fc_9"": 14, ""num_neurons"": 8, ""optimizer"": ""Adadelta"", ""reg_l2"": true, ""skip_connection"": true, ""unit_c1"": 2, ""unit_c2"": 1}"
123,31,flops,,,0.03271490666666667,4907236.0,112548.0,,3656.1392,"{""activation"": ""elu"", ""batch_size"": 64, ""data_augmentation"": true, ""dr_f"": 0.195375648715, ""learning_rate"": 0.000437284533, ""new_fc_1"": 20, ""new_fc_10"": 6, ""new_fc_2"": 31, ""new_fc_3"": 9, ""new_fc_4"": 3, ""new_fc_5"": 7, ""new_fc_6"": 30, ""new_fc_7"": 23, ""new_fc_8"": 14, ""new_fc_9"": 28, ""num_neurons"": 4, ""optimizer"": ""Adamax"", ""reg_l2"": false, ""skip_connection"": false, ""unit_c1"": 3, ""unit_c2"": 3}"
124,31,flops,,,0.0575416,8631240.0,58888.0,,3657.1975,"{""activation"": ""relu"", ""batch_size"": 32, ""data_augmentation"": false, ""dr_f"": 0.154512338022, ""learning_rate"": 0.000509201023, ""new_fc_1"": 2, ""new_fc_10"": 32, ""new_fc_2"": 5, ""new_fc_3"": 8, ""new_fc_4"": 4, ""new_fc_5"": 5, ""new_fc_6"": 10, ""new_fc_7"": 10, ""new_fc_8"": 29, ""new_fc_9"": 11, ""num_neurons"": 4, ""optimizer"": ""Adam"", ""reg_l2"": true, ""skip_connection"": false, ""unit_c1"": 3, ""unit_c2"": 7}"
125,31,flops,,,12.4207912,1863118680.0,18057316.0,,3659.0144,"{""activation"": ""swish"", ""batch_size"": 16, ""data_augmentation"": false, ""dr_f"": 0.448463699357, ""learning_rate"": 0.000935377722, ""new_fc_1"": 8, ""new_fc_10"": 18, ""new_fc_2"": 20, ""new_fc_3"": 24, ""new_fc_4"": 5, ""new_fc_5"": 14, ""new_fc_6"": 0, ""new_fc_7"": 17, ""new_fc_8"": 24, ""new_fc_9"": 10, ""num_neurons"": 64, ""optimizer"": ""Adamax"", ""reg_l2"": true, ""skip_connection"": true, ""unit_c1"": 4, ""unit_c2"": 4}"
126,31,flops,,,5.45573648,818360472.0,28899620.0,,3660.7999,"{""activation"": ""selu"", ""batch_size"": 8, ""data_augmentation"": false, ""dr_f"": 0.194736907713, ""learning_rate"": 0.000707443706, ""new_fc_1"": 21, ""new_fc_10"": 22, ""new_fc_2"": 2, ""new_fc_3"": 15, ""new_fc_4"": 10, ""new_fc_5"": 3, ""new_fc_6"": 10, ""new_fc_7"": 25, ""new_fc_8"": 10, ""new_fc_9"": 19, ""num_neurons"": 64, ""optimizer"": ""SGD"", ""reg_l2"": true, ""skip_connection"": false, ""unit_c1"": 2, ""unit_c2"": 4}"
127,32,accuracy,0.9853999996557832,0.014600000344216824,0.05602944,8404416.0,430164.0,-0.29341116824095176,3805.173,"{""activation"": ""elu"", ""batch_size"": 64, ""data_augmentation"": true, ""dr_f"": 0.376623045643, ""learning_rate"": 0.00053463859, ""new_fc_1"": 20, ""new_fc_10"": 13, ""new_fc_2"": 21, ""new_fc_3"": 9, ""new_fc_4"": 9, ""new_fc_5"": 2, ""new_fc_6"": 6, ""new_fc_7"": 13, ""new_fc_8"": 17, ""new_fc_9"": 7, ""num_neurons"": 8, ""optimizer"": ""Adadelta"", ""reg_l2"": false, ""skip_connection"": false, ""unit_c1"": 1, ""unit_c2"": 4}"
128,32,flops,,,0.29725589333333335,44588384.0,507244.0,,3806.3422,"{""activation"": ""swish"", ""batch_size"": 32, ""data_augmentation"": true, ""dr_f"": 0.113860560362, ""learning_rate"": 0.000808759832, ""new_fc_1"": 13, ""new_fc_10"": 23, ""new_fc_2"": 3, ""new_fc_3"": 22, ""new_fc_4"": 7, ""new_fc_5"": 12, ""new_fc_6"": 1, ""new_fc_7"": 10, ""new_fc_8"": 7, ""new_fc_9"": 17, ""num_neurons"": 8, ""optimizer"": ""Adam"", ""reg_l2"": true, ""skip_connection"": false, ""unit_c1"": 4, ""unit_c2"": 7}"
129,33,accuracy,0.9350000023841858,0.06499999761581421,0.01566288,2349432.0,133672.0,-0.3408011343310699,4371.0219,"{""activation"": ""selu"", ""batch_size"": 32, ""data_augmentation"": true, ""dr_f"": 0.256400274434, ""learning_rate"": 0.000903798769, ""new_fc_1"": 18, ""new_fc_10"": 9, ""new_fc_2"": 13, ""new_fc_3"": 18, ""new_fc_4"": 26, ""new_fc_5"": 27, ""new_fc_6"": 12, ""new_fc_7"": 29, ""new_fc_8"": 23, ""new_fc_9"": 9, ""num_neurons"": 4, ""optimizer"": ""Adagrad"", ""reg_l2"": false, ""skip_connection"": true, ""unit_c1"": 1, ""unit_c2"": 4}"
130,33,flops,,,0.02568464,3852696.0,216716.0,,4371.8447,"{""activation"": ""elu"", ""batch_size"": 64, ""data_augmentation"": true, ""dr_f"": 0.177765088554, ""learning_rate"": 0.00073470218, ""new_fc_1"": 16, ""new_fc_10"": 19, ""new_fc_2"": 1, ""new_fc_3"": 3, ""new_fc_4"": 20, ""new_fc_5"": 4, ""new_fc_6"": 6, ""new_fc_7"": 9, ""new_fc_8"": 15, ""new_fc_9"": 19, ""num_neurons"": 8, ""optimizer"": ""Adadelta"", ""reg_l2"": true, ""skip_connection"": false, ""unit_c1"": 1, ""unit_c2"": 2}"
131,33,flops,,,0.13823674666666666,20735512.0,476244.0,,4373.0026,"{""activation"": ""relu"", ""batch_size"": 64, ""data_augmentation"": true, ""dr_f"": 0.404069914882, ""learning_rate"": 0.000829535243, ""new_fc_1"": 10, ""new_fc_10"": 28, ""new_fc_2"": 30, ""new_fc_3"": 6, ""new_fc_4"": 11, ""new_fc_5"": 27, ""new_fc_6"": 20, ""new_fc_7"": 28, ""new_fc_8"": 15, ""new_fc_9"": 9, ""num_neurons"": 8, ""optimizer"": ""Adam"", ""reg_l2"": false, ""skip_connection"": false, ""unit_c1"": 2, ""unit_c2"": 6}"
132,33,flops,,,18.909214026666668,2836382104.0,52939748.0,,4376.1545,"{""activation"": ""selu"", ""batch_size"": 32, ""data_augmentation"": true, ""dr_f"": 0.157722529721, ""learning_rate"": 0.000579796362, ""new_fc_1"": 21, ""new_fc_10"": 26, ""new_fc_2"": 2, ""new_fc_3"": 27, ""new_fc_4"": 0, ""new_fc_5"": 2, ""new_fc_6"": 18, ""new_fc_7"": 29, ""new_fc_8"": 26, ""new_fc_9"": 22, ""num_neurons"": 64, ""optimizer"": ""Adadelta"", ""reg_l2"": false, ""skip_connection"": true, ""unit_c1"": 4, ""unit_c2"": 7}"
133,33,flops,,,0.33522549333333335,50283824.0,656284.0,,4377.4986,"{""activation"": ""elu"", ""batch_size"": 8, ""data_augmentation"": false, ""dr_f"": 0.464296515246, ""learning_rate"": 0.00095533529, ""new_fc_1"": 16, ""new_fc_10"": 18, ""new_fc_2"": 4, ""new_fc_3"": 14, ""new_fc_4"": 2, ""new_fc_5"": 4, ""new_fc_6"": 18, ""new_fc_7"": 21, ""new_fc_8"": 1, ""new_fc_9"": 9, ""num_neurons"": 8, ""optimizer"": ""Adam"", ""reg_l2"": false, ""skip_connection"": false, ""unit_c1"": 4, ""unit_c2"": 8}"
134,33,flops,,,0.03292013333333333,4938020.0,96508.0,,4378.4292,"{""activation"": ""swish"", ""batch_size"": 32, ""data_augmentation"": true, ""dr_f"": 0.385135358571, ""learning_rate"": 0.000165628804, ""new_fc_1"": 10, ""new_fc_10"": 10, ""new_fc_2"": 21, ""new_fc_3"": 28, ""new_fc_4"": 6, ""new_fc_5"": 4, ""new_fc_6"": 17, ""new_fc_7"": 31, ""new_fc_8"": 26, ""new_fc_9"": 32, ""num_neurons"": 4, ""optimizer"": ""SGD"", ""reg_l2"": true, ""skip_connection"": false, ""unit_c1"": 3, ""unit_c2"": 3}"
135,34,accuracy,10000000000.0,,1.37190096,205785144.0,4647556.0,10000000000.0,4379.4251,"{""activation"": ""selu"", ""batch_size"": 8, ""data_augmentation"": true, ""dr_f"": 0.08894324847, ""learning_rate"": 0.000789348987, ""new_fc_1"": 29, ""new_fc_10"": 9, ""new_fc_2"": 18, ""new_fc_3"": 7, ""new_fc_4"": 14, ""new_fc_5"": 28, ""new_fc_6"": 17, ""new_fc_7"": 29, ""new_fc_8"": 11, ""new_fc_9"": 5, ""num_neurons"": 32, ""optimizer"": ""Adadelta"", ""reg_l2"": false, ""skip_connection"": true, ""unit_c1"": 3, ""unit_c2"": 1}"
136,34,flops,,,0.42176464,63264696.0,6479524.0,,4380.4904,"{""activation"": ""elu"", ""batch_size"": 16, ""data_augmentation"": true, ""dr_f"": 0.245039661318, ""learning_rate"": 0.000574765956, ""new_fc_1"": 31, ""new_fc_10"": 24, ""new_fc_2"": 19, ""new_fc_3"": 2, ""new_fc_4"": 19, ""new_fc_5"": 15, ""new_fc_6"": 9, ""new_fc_7"": 4, ""new_fc_8"": 30, ""new_fc_9"": 18, ""num_neurons"": 32, ""optimizer"": ""Adagrad"", ""reg_l2"": false, ""skip_connection"": true, ""unit_c1"": 1, ""unit_c2"": 2}"
137,34,flops,,,5.2874152,793112280.0,13495588.0,,4381.7452,"{""activation"": ""swish"", ""batch_size"": 32, ""data_augmentation"": false, ""dr_f"": 0.214601235143, ""learning_rate"": 0.000660246841, ""new_fc_1"": 32, ""new_fc_10"": 15, ""new_fc_2"": 2, ""new_fc_3"": 5, ""new_fc_4"": 4, ""new_fc_5"": 8, ""new_fc_6"": 21, ""new_fc_7"": 30, ""new_fc_8"": 2, ""new_fc_9"": 7, ""num_neurons"": 64, ""optimizer"": ""Adam"", ""reg_l2"": true, ""skip_connection"": false, ""unit_c1"": 3, ""unit_c2"": 1}"
138,35,accuracy,0.9784999992698431,0.0215000007301569,0.02659752,3989628.0,179644.0,-0.3070707445111098,4646.3175,"{""activation"": ""elu"", ""batch_size"": 64, ""data_augmentation"": true, ""dr_f"": 0.410388408787, ""learning_rate"": 0.000697322078, ""new_fc_1"": 19, ""new_fc_10"": 26, ""new_fc_2"": 11, ""new_fc_3"": 23, ""new_fc_4"": 10, ""new_fc_5"": 23, ""new_fc_6"": 27, ""new_fc_7"": 29, ""new_fc_8"": 16, ""new_fc_9"": 1, ""num_neurons"": 4, ""optimizer"": ""Adagrad"", ""reg_l2"": false, ""skip_connection"": false, ""unit_c1"": 1, ""unit_c2"": 6}"
139,35,flops,,,0.005614213333333333,842132.0,71380.0,,4647.473,"{""activation"": ""swish"", ""batch_size"": 32, ""data_augmentation"": true, ""dr_f"": 0.226307493699, ""learning_rate"": 0.000957890003, ""new_fc_1"": 28, ""new_fc_10"": 19, ""new_fc_2"": 1, ""new_fc_3"": 26, ""new_fc_4"": 18, ""new_fc_5"": 27, ""new_fc_6"": 11, ""new_fc_7"": 7, ""new_fc_8"": 22, ""new_fc_9"": 14, ""num_neurons"": 4, ""optimizer"": ""Adamax"", ""reg_l2"": true, ""skip_connection"": false, ""unit_c1"": 1, ""unit_c2"": 1}"
140,35,flops,,,10.094363893333334,1514154584.0,19408868.0,,4649.1814,"{""activation"": ""relu"", ""batch_size"": 64, ""data_augmentation"": false, ""dr_f"": 0.211045283587, ""learning_rate"": 0.000576580307, ""new_fc_1"": 2, ""new_fc_10"": 21, ""new_fc_2"": 5, ""new_fc_3"": 20, ""new_fc_4"": 1, ""new_fc_5"": 29, ""new_fc_6"": 29, ""new_fc_7"": 26, ""new_fc_8"": 26, ""new_fc_9"": 25, ""num_neurons"": 64, ""optimizer"": ""SGD"", ""reg_l2"": true, ""skip_connection"": true, ""unit_c1"": 3, ""unit_c2"": 5}"
141,35,flops,,,0.8028345066666667,120425176.0,1811364.0,,4650.12,"{""activation"": ""elu"", ""batch_size"": 32, ""data_augmentation"": true, ""dr_f"": 0.382394086185, ""learning_rate"": 0.000682189346, ""new_fc_1"": 3, ""new_fc_10"": 18, ""new_fc_2"": 16, ""new_fc_3"": 17, ""new_fc_4"": 10, ""new_fc_5"": 18, ""new_fc_6"": 2, ""new_fc_7"": 1, ""new_fc_8"": 17, ""new_fc_9"": 14, ""num_neurons"": 32, ""optimizer"": ""Adadelta"", ""reg_l2"": true, ""skip_connection"": false, ""unit_c1"": 2, ""unit_c2"": 2}"
142,36,accuracy,0.9864999996498227,0.013500000350177288,0.015805733333333332,2370860.0,66240.0,-0.3047082802451241,4854.1276,"{""activation"": ""relu"", ""batch_size"": 32, ""data_augmentation"": false, ""dr_f"": 0.433551967172, ""learning_rate"": 0.000765787865, ""new_fc_1"": 7, ""new_fc_10"": 18, ""new_fc_2"": 13, ""new_fc_3"": 17, ""new_fc_4"": 27, ""new_fc_5"": 12, ""new_fc_6"": 9, ""new_fc_7"": 0, ""new_fc_8"": 30, ""new_fc_9"": 24, ""num_neurons"": 4, ""optimizer"": ""SGD"", ""reg_l2"": false, ""skip_connection"": false, ""unit_c1"": 2, ""unit_c2"": 2}"
143,37,accuracy,0.9868999999016523,0.013100000098347664,0.019312426666666667,2896864.0,307732.0,-0.3033762720688434,4999.0143,"{""activation"": ""swish"", ""batch_size"": 64, ""data_augmentation"": true, ""dr_f"": 0.308810322098, ""learning_rate"": 0.00063928923, ""new_fc_1"": 29, ""new_fc_10"": 3, ""new_fc_2"": 14, ""new_fc_3"": 30, ""new_fc_4"": 9, ""new_fc_5"": 23, ""new_fc_6"": 29, ""new_fc_7"": 19, ""new_fc_8"": 9, ""new_fc_9"": 14, ""num_neurons"": 8, ""optimizer"": ""SGD"", ""reg_l2"": false, ""skip_connection"": false, ""unit_c1"": 1, ""unit_c2"": 1}"
144,38,accuracy,0.8244999945163727,0.17550000548362732,0.03271490666666667,4907236.0,112548.0,-0.4130355318385391,5383.9127,"{""activation"": ""elu"", ""batch_size"": 64, ""data_augmentation"": true, ""dr_f"": 0.195375648715, ""learning_rate"": 0.000437284533, ""new_fc_1"": 20, ""new_fc_10"": 6, ""new_fc_2"": 31, ""new_fc_3"": 9, ""new_fc_4"": 3, ""new_fc_5"": 7, ""new_fc_6"": 30, ""new_fc_7"": 23, ""new_fc_8"": 14, ""new_fc_9"": 28, ""num_neurons"": 4, ""optimizer"": ""Adamax"", ""reg_l2"": false, ""skip_connection"": false, ""unit_c1"": 3, ""unit_c2"": 3}"
145,38,flops,,,0.16259930666666667,24389896.0,593308.0,,5384.7673,"{""activation"": ""selu"", ""batch_size"": 64, ""data_augmentation"": true, ""dr_f"": 0.264425354638, ""learning_rate"": 0.00083021697, ""new_fc_1"": 14, ""new_fc_10"": 8, ""new_fc_2"": 11, ""new_fc_3"": 2, ""new_fc_4"": 5, ""new_fc_5"": 14, ""new_fc_6"": 15, ""new_fc_7"": 18, ""new_fc_8"": 11, ""new_fc_9"": 20, ""num_neurons"": 8, ""optimizer"": ""Adam"", ""reg_l2"": true, ""skip_connection"": true, ""unit_c1"": 1, ""unit_c2"": 8}"
146,38,flops,,,0.31400752,47101128.0,2659668.0,,5385.6158,"{""activation"": ""selu"", ""batch_size"": 64, ""data_augmentation"": false, ""dr_f"": 0.117755941286, ""learning_rate"": 0.000108670067, ""new_fc_1"": 27, ""new_fc_10"": 22, ""new_fc_2"": 11, ""new_fc_3"": 19, ""new_fc_4"": 12, ""new_fc_5"": 4, ""new_fc_6"": 25, ""new_fc_7"": 1, ""new_fc_8"": 21, ""new_fc_9"": 9, ""num_neurons"": 16, ""optimizer"": ""Adam"", ""reg_l2"": true, ""skip_connection"": true, ""unit_c1"": 1, ""unit_c2"": 5}"
147,38,flops,,,12.514576373333334,1877186456.0,25090852.0,,5387.7055,"{""activation"": ""swish"", ""batch_size"": 8, ""data_augmentation"": true, ""dr_f"": 0.141356450047, ""learning_rate"": 0.000379190872, ""new_fc_1"": 13, ""new_fc_10"": 2, ""new_fc_2"": 18, ""new_fc_3"": 27, ""new_fc_4"": 29, ""new_fc_5"": 7, ""new_fc_6"": 0, ""new_fc_7"": 16, ""new_fc_8"": 11, ""new_fc_9"": 28, ""num_neurons"": 64, ""optimizer"": ""Adam"", ""reg_l2"": true, ""skip_connection"": true, ""unit_c1"": 4, ""unit_c2"": 4}"
148,38,flops,,,2.4985896,374788440.0,5244932.0,,5388.9304,"{""activation"": ""swish"", ""batch_size"": 64, ""data_augmentation"": false, ""dr_f"": 0.397751197374, ""learning_rate"": 0.000774112716, ""new_fc_1"": 2, ""new_fc_10"": 13, ""new_fc_2"": 30, ""new_fc_3"": 28, ""new_fc_4"": 31, ""new_fc_5"": 16, ""new_fc_6"": 0, ""new_fc_7"": 21, ""new_fc_8"": 10, ""new_fc_9"": 25, ""num_neurons"": 32, ""optimizer"": ""Adagrad"", ""reg_l2"": true, ""skip_connection"": true, ""unit_c1"": 1, ""unit_c2"": 8}"
149,39,accuracy,0.9867000002413988,0.013299999758601189,0.03292013333333333,4938020.0,96508.0,-0.29943395983102084,5593.4368,"{""activation"": ""swish"", ""batch_size"": 32, ""data_augmentation"": true, ""dr_f"": 0.385135358571, ""learning_rate"": 0.000165628804, ""new_fc_1"": 10, ""new_fc_10"": 10, ""new_fc_2"": 21, ""new_fc_3"": 28, ""new_fc_4"": 6, ""new_fc_5"": 4, ""new_fc_6"": 17, ""new_fc_7"": 31, ""new_fc_8"": 26, ""new_fc_9"": 32, ""num_neurons"": 4, ""optimizer"": ""SGD"", ""reg_l2"": true, ""skip_connection"": false, ""unit_c1"": 3, ""unit_c2"": 3}"
150,39,flops,,,0.07321256,10981884.0,239960.0,,5594.5334,"{""activation"": ""swish"", ""batch_size"": 16, ""data_augmentation"": false, ""dr_f"": 0.432915644154, ""learning_rate"": 0.000406464714, ""new_fc_1"": 27, ""new_fc_10"": 31, ""new_fc_2"": 25, ""new_fc_3"": 10, ""new_fc_4"": 23, ""new_fc_5"": 0, ""new_fc_6"": 31, ""new_fc_7"": 19, ""new_fc_8"": 13, ""new_fc_9"": 8, ""num_neurons"": 4, ""optimizer"": ""Adam"", ""reg_l2"": true, ""skip_connection"": true, ""unit_c1"": 4, ""unit_c2"": 6}"
151,39,flops,,,10.04903568,1507355352.0,29977316.0,,5596.718,"{""activation"": ""elu"", ""batch_size"": 32, ""data_augmentation"": true, ""dr_f"": 0.414510595456, ""learning_rate"": 0.00093501281, ""new_fc_1"": 26, ""new_fc_10"": 12, ""new_fc_2"": 21, ""new_fc_3"": 29, ""new_fc_4"": 22, ""new_fc_5"": 29, ""new_fc_6"": 20, ""new_fc_7"": 19, ""new_fc_8"": 11, ""new_fc_9"": 5, ""num_neurons"": 64, ""optimizer"": ""Adadelta"", ""reg_l2"": true, ""skip_connection"": false, ""unit_c1"": 4, ""unit_c2"": 2}"
152,39,flops,,,0.55248048,82872072.0,2349764.0,,5597.5769,"{""activation"": ""relu"", ""batch_size"": 16, ""data_augmentation"": true, ""dr_f"": 0.181030732824, ""learning_rate"": 0.000814096766, ""new_fc_1"": 24, ""new_fc_10"": 17, ""new_fc_2"": 19, ""new_fc_3"": 0, ""new_fc_4"": 7, ""new_fc_5"": 16, ""new_fc_6"": 32, ""new_fc_7"": 28, ""new_fc_8"": 5, ""new_fc_9"": 15, ""num_neurons"": 16, ""optimizer"": ""Adagrad"", ""reg_l2"": true, ""skip_connection"": false, ""unit_c1"": 3, ""unit_c2"": 4}"
153,39,flops,,,0.03906978666666667,5860468.0,248368.0,,5598.3319,"{""activation"": ""selu"", ""batch_size"": 64, ""data_augmentation"": false, ""dr_f"": 0.250398956553, ""learning_rate"": 0.000573301652, ""new_fc_1"": 31, ""new_fc_10"": 4, ""new_fc_2"": 30, ""new_fc_3"": 16, ""new_fc_4"": 15, ""new_fc_5"": 9, ""new_fc_6"": 21, ""new_fc_7"": 26, ""new_fc_8"": 7, ""new_fc_9"": 24, ""num_neurons"": 4, ""optimizer"": ""Adam"", ""reg_l2"": true, ""skip_connection"": true, ""unit_c1"": 2, ""unit_c2"": 6}"
154,39,flops,,,14.480120053333334,2172018008.0,52024292.0,,5601.3978,"{""activation"": ""relu"", ""batch_size"": 16, ""data_augmentation"": false, ""dr_f"": 0.125228677393, ""learning_rate"": 0.00041455831, ""new_fc_1"": 31, ""new_fc_10"": 31, ""new_fc_2"": 4, ""new_fc_3"": 6, ""new_fc_4"": 27, ""new_fc_5"": 24, ""new_fc_6"": 14, ""new_fc_7"": 20, ""new_fc_8"": 18, ""new_fc_9"": 5, ""num_neurons"": 64, ""optimizer"": ""Adagrad"", ""reg_l2"": true, ""skip_connection"": false, ""unit_c1"": 4, ""unit_c2"": 5}"
155,40,accuracy,10000000000.0,,7.063018826666666,1059452824.0,34969060.0,10000000000.0,5603.6269,"{""activation"": ""selu"", ""batch_size"": 16, ""data_augmentation"": true, ""dr_f"": 0.076126914653, ""learning_rate"": 0.000633602312, ""new_fc_1"": 17, ""new_fc_10"": 20, ""new_fc_2"": 25, ""new_fc_3"": 9, ""new_fc_4"": 29, ""new_fc_5"": 11, ""new_fc_6"": 11, ""new_fc_7"": 6, ""new_fc_8"": 32, ""new_fc_9"": 21, ""num_neurons"": 64, ""optimizer"": ""Adamax"", ""reg_l2"": false, ""skip_connection"": true, ""unit_c1"": 2, ""unit_c2"": 5}"
156,40,flops,,,0.06596112,9894168.0,876052.0,,5604.8179,"{""activation"": ""relu"", ""batch_size"": 32, ""data_augmentation"": true, ""dr_f"": 0.31208843022, ""learning_rate"": 0.00018771625, ""new_fc_1"": 14, ""new_fc_10"": 13, ""new_fc_2"": 13, ""new_fc_3"": 28, ""new_fc_4"": 21, ""new_fc_5"": 15, ""new_fc_6"": 10, ""new_fc_7"": 18, ""new_fc_8"": 7, ""new_fc_9"": 25, ""num_neurons"": 16, ""optimizer"": ""SGD"", ""reg_l2"": true, ""skip_connection"": true, ""unit_c1"": 1, ""unit_c2"": 1}"
157,40,flops,,,1.5455741333333333,231836120.0,5035844.0,,5606.0071,"{""activation"": ""selu"", ""batch_size"": 16, ""data_augmentation"": false, ""dr_f"": 0.174491149028, ""learning_rate"": 0.000130380751, ""new_fc_1"": 6, ""new_fc_10"": 22, ""new_fc_2"": 30, ""new_fc_3"": 27, ""new_fc_4"": 17, ""new_fc_5"": 15, ""new_fc_6"": 6, ""new_fc_7"": 1, ""new_fc_8"": 1, ""new_fc_9"": 15, ""num_neurons"": 32, ""optimizer"": ""SGD"", ""reg_l2"": false, ""skip_connection"": true, ""unit_c1"": 1, ""unit_c2"": 6}"
158,41,accuracy,0.9900000002235174,0.009999999776482582,0.005614213333333333,842132.0,71380.0,-0.3053157358435378,5810.9593,"{""activation"": ""swish"", ""batch_size"": 32, ""data_augmentation"": true, ""dr_f"": 0.226307493699, ""learning_rate"": 0.000957890003, ""new_fc_1"": 28, ""new_fc_10"": 19, ""new_fc_2"": 1, ""new_fc_3"": 26, ""new_fc_4"": 18, ""new_fc_5"": 27, ""new_fc_6"": 11, ""new_fc_7"": 7, ""new_fc_8"": 22, ""new_fc_9"": 14, ""num_neurons"": 4, ""optimizer"": ""Adamax"", ""reg_l2"": true, ""skip_connection"": false, ""unit_c1"": 1, ""unit_c2"": 1}"
159,41,flops,,,0.014286853333333334,2143028.0,67124.0,,5811.7031,"{""activation"": ""selu"", ""batch_size"": 8, ""data_augmentation"": false, ""dr_f"": 0.15323655499, ""learning_rate"": 0.000663637371, ""new_fc_1"": 8, ""new_fc_10"": 2, ""new_fc_2"": 10, ""new_fc_3"": 18, ""new_fc_4"": 29, ""new_fc_5"": 14, ""new_fc_6"": 26, ""new_fc_7"": 8, ""new_fc_8"": 11, ""new_fc_9"": 1, ""num_neurons"": 4, ""optimizer"": ""Adam"", ""reg_l2"": true, ""skip_connection"": false, ""unit_c1"": 1, ""unit_c2"": 4}"
160,41,flops,,,0.6478979733333333,97184696.0,2698324.0,,5812.9581,"{""activation"": ""swish"", ""batch_size"": 64, ""data_augmentation"": true, ""dr_f"": 0.374900785242, ""learning_rate"": 0.000784001986, ""new_fc_1"": 15, ""new_fc_10"": 31, ""new_fc_2"": 18, ""new_fc_3"": 29, ""new_fc_4"": 9, ""new_fc_5"": 20, ""new_fc_6"": 4, ""new_fc_7"": 26, ""new_fc_8"": 1, ""new_fc_9"": 17, ""num_neurons"": 16, ""optimizer"": ""Adadelta"", ""reg_l2"": false, ""skip_connection"": true, ""unit_c1"": 1, ""unit_c2"": 8}"
161,41,flops,,,0.65790512,98685768.0,3200100.0,,5814.1702,"{""activation"": ""selu"", ""batch_size"": 32, ""data_augmentation"": true, ""dr_f"": 0.319989027956, ""learning_rate"": 0.000356820922, ""new_fc_1"": 31, ""new_fc_10"": 0, ""new_fc_2"": 24, ""new_fc_3"": 17, ""new_fc_4"": 4, ""new_fc_5"": 10, ""new_fc_6"": 4, ""new_fc_7"": 11, ""new_fc_8"": 18, ""new_fc_9"": 24, ""num_neurons"": 16, ""optimizer"": ""Adam"", ""reg_l2"": true, ""skip_connection"": false, ""unit_c1"": 3, ""unit_c2"": 5}"
162,42,accuracy,0.9900000002235174,0.009999999776482582,0.014286853333333334,2143028.0,67124.0,-0.30271394384353784,6498.5956,"{""activation"": ""selu"", ""batch_size"": 8, ""data_augmentation"": false, ""dr_f"": 0.15323655499, ""learning_rate"": 0.000663637371, ""new_fc_1"": 8, ""new_fc_10"": 2, ""new_fc_2"": 10, ""new_fc_3"": 18, ""new_fc_4"": 29, ""new_fc_5"": 14, ""new_fc_6"": 26, ""new_fc_7"": 8, ""new_fc_8"": 11, ""new_fc_9"": 1, ""num_neurons"": 4, ""optimizer"": ""Adam"", ""reg_l2"": true, ""skip_connection"": false, ""unit_c1"": 1, ""unit_c2"": 4}"
163,42,flops,,,0.025363386666666668,3804508.0,78332.0,,6499.3322,"{""activation"": ""selu"", ""batch_size"": 8, ""data_augmentation"": false, ""dr_f"": 0.32182890186, ""learning_rate"": 0.000274533704, ""new_fc_1"": 19, ""new_fc_10"": 28, ""new_fc_2"": 25, ""new_fc_3"": 11, ""new_fc_4"": 14, ""new_fc_5"": 30, ""new_fc_6"": 13, ""new_fc_7"": 20, ""new_fc_8"": 17, ""new_fc_9"": 0, ""num_neurons"": 4, ""optimizer"": ""Adadelta"", ""reg_l2"": false, ""skip_connection"": false, ""unit_c1"": 3, ""unit_c2"": 1}"
164,43,accuracy,0.9900000002235174,0.009999999776482582,0.01142176,1713264.0,115844.0,-0.30357347184353783,6884.1301,"{""activation"": ""selu"", ""batch_size"": 16, ""data_augmentation"": false, ""dr_f"": 0.241141707768, ""learning_rate"": 0.000862959032, ""new_fc_1"": 31, ""new_fc_10"": 10, ""new_fc_2"": 12, ""new_fc_3"": 20, ""new_fc_4"": 2, ""new_fc_5"": 2, ""new_fc_6"": 27, ""new_fc_7"": 2, ""new_fc_8"": 6, ""new_fc_9"": 6, ""num_neurons"": 4, ""optimizer"": ""Adam"", ""reg_l2"": true, ""skip_connection"": true, ""unit_c1"": 1, ""unit_c2"": 3}"
165,43,flops,,,0.007407066666666667,1111060.0,68356.0,,6885.1714,"{""activation"": ""selu"", ""batch_size"": 64, ""data_augmentation"": true, ""dr_f"": 0.211702960663, ""learning_rate"": 0.000269048452, ""new_fc_1"": 8, ""new_fc_10"": 20, ""new_fc_2"": 8, ""new_fc_3"": 31, ""new_fc_4"": 5, ""new_fc_5"": 26, ""new_fc_6"": 12, ""new_fc_7"": 0, ""new_fc_8"": 29, ""new_fc_9"": 28, ""num_neurons"": 4, ""optimizer"": ""Adadelta"", ""reg_l2"": false, ""skip_connection"": false, ""unit_c1"": 1, ""unit_c2"": 2}"
166,43,flops,,,0.27501765333333333,41252648.0,900516.0,,6886.0651,"{""activation"": ""relu"", ""batch_size"": 16, ""data_augmentation"": true, ""dr_f"": 0.062869593487, ""learning_rate"": 0.00029872315, ""new_fc_1"": 2, ""new_fc_10"": 13, ""new_fc_2"": 10, ""new_fc_3"": 16, ""new_fc_4"": 31, ""new_fc_5"": 15, ""new_fc_6"": 20, ""new_fc_7"": 27, ""new_fc_8"": 28, ""new_fc_9"": 3, ""num_neurons"": 16, ""optimizer"": ""SGD"", ""reg_l2"": true, ""skip_connection"": true, ""unit_c1"": 2, ""unit_c2"": 3}"
167,44,accuracy,0.9891999997198582,0.01080000028014183,0.007407066666666667,1111060.0,68356.0,-0.30533788019609925,7030.7925,"{""activation"": ""selu"", ""batch_size"": 64, ""data_augmentation"": true, ""dr_f"": 0.211702960663, ""learning_rate"": 0.000269048452, ""new_fc_1"": 8, ""new_fc_10"": 20, ""new_fc_2"": 8, ""new_fc_3"": 31, ""new_fc_4"": 5, ""new_fc_5"": 26, ""new_fc_6"": 12, ""new_fc_7"": 0, ""new_fc_8"": 29, ""new_fc_9"": 28, ""num_neurons"": 4, ""optimizer"": ""Adadelta"", ""reg_l2"": false, ""skip_connection"": false, ""unit_c1"": 1, ""unit_c2"": 2}"
168,44,flops,,,0.05755797333333333,8633696.0,312700.0,,7031.5604,"{""activation"": ""selu"", ""batch_size"": 8, ""data_augmentation"": false, ""dr_f"": 0.395691718667, ""learning_rate"": 0.000824351026, ""new_fc_1"": 21, ""new_fc_10"": 11, ""new_fc_2"": 7, ""new_fc_3"": 24, ""new_fc_4"": 15, ""new_fc_5"": 11, ""new_fc_6"": 14, ""new_fc_7"": 32, ""new_fc_8"": 2, ""new_fc_9"": 32, ""num_neurons"": 8, ""optimizer"": ""Adam"", ""reg_l2"": true, ""skip_connection"": false, ""unit_c1"": 2, ""unit_c2"": 2}"
169,45,accuracy,0.9637999981641769,0.03620000183582306,0.05024389333333333,7536584.0,100736.0,-0.3102668332850761,7295.9502,"{""activation"": ""selu"", ""batch_size"": 32, ""data_augmentation"": false, ""dr_f"": 0.301309218887, ""learning_rate"": 0.000276681683, ""new_fc_1"": 6, ""new_fc_10"": 12, ""new_fc_2"": 25, ""new_fc_3"": 26, ""new_fc_4"": 27, ""new_fc_5"": 14, ""new_fc_6"": 25, ""new_fc_7"": 1, ""new_fc_8"": 19, ""new_fc_9"": 25, ""num_neurons"": 4, ""optimizer"": ""Adam"", ""reg_l2"": true, ""skip_connection"": false, ""unit_c1"": 3, ""unit_c2"": 6}"
170,45,flops,,,0.07658693333333333,11488040.0,462092.0,,7296.8826,"{""activation"": ""swish"", ""batch_size"": 16, ""data_augmentation"": true, ""dr_f"": 0.484670859458, ""learning_rate"": 0.000455560913, ""new_fc_1"": 12, ""new_fc_10"": 26, ""new_fc_2"": 25, ""new_fc_3"": 29, ""new_fc_4"": 16, ""new_fc_5"": 6, ""new_fc_6"": 20, ""new_fc_7"": 7, ""new_fc_8"": 9, ""new_fc_9"": 24, ""num_neurons"": 8, ""optimizer"": ""Adagrad"", ""reg_l2"": true, ""skip_connection"": false, ""unit_c1"": 1, ""unit_c2"": 5}"
171,45,flops,,,0.0512252,7683780.0,125364.0,,7297.701,"{""activation"": ""relu"", ""batch_size"": 8, ""data_augmentation"": true, ""dr_f"": 0.15185413469, ""learning_rate"": 0.000181270232, ""new_fc_1"": 21, ""new_fc_10"": 10, ""new_fc_2"": 29, ""new_fc_3"": 21, ""new_fc_4"": 6, ""new_fc_5"": 20, ""new_fc_6"": 30, ""new_fc_7"": 30, ""new_fc_8"": 4, ""new_fc_9"": 0, ""num_neurons"": 4, ""optimizer"": ""Adam"", ""reg_l2"": true, ""skip_connection"": true, ""unit_c1"": 4, ""unit_c2"": 3}"
172,45,flops,,,0.10087674666666667,15131512.0,950324.0,,7298.6558,"{""activation"": ""swish"", ""batch_size"": 8, ""data_augmentation"": true, ""dr_f"": 0.285218555374, ""learning_rate"": 0.000212660398, ""new_fc_1"": 15, ""new_fc_10"": 8, ""new_fc_2"": 6, ""new_fc_3"": 26, ""new_fc_4"": 20, ""new_fc_5"": 14, ""new_fc_6"": 12, ""new_fc_7"": 22, ""new_fc_8"": 5, ""new_fc_9"": 6, ""num_neurons"": 16, ""optimizer"": ""Adadelta"", ""reg_l2"": false, ""skip_connection"": true, ""unit_c1"": 1, ""unit_c2"": 2}"
173,45,flops,,,0.35249552,52874328.0,1073604.0,,7299.6018,"{""activation"": ""relu"", ""batch_size"": 8, ""data_augmentation"": true, ""dr_f"": 0.172477568851, ""learning_rate"": 0.000360505356, ""new_fc_1"": 9, ""new_fc_10"": 32, ""new_fc_2"": 23, ""new_fc_3"": 25, ""new_fc_4"": 17, ""new_fc_5"": 12, ""new_fc_6"": 18, ""new_fc_7"": 2, ""new_fc_8"": 28, ""new_fc_9"": 26, ""num_neurons"": 16, ""optimizer"": ""Adamax"", ""reg_l2"": false, ""skip_connection"": true, ""unit_c1"": 3, ""unit_c2"": 1}"
174,45,flops,,,12.705430773333333,1905814616.0,46111204.0,,7302.2966,"{""activation"": ""elu"", ""batch_size"": 8, ""data_augmentation"": false, ""dr_f"": 0.182232759613, ""learning_rate"": 0.000303312759, ""new_fc_1"": 17, ""new_fc_10"": 0, ""new_fc_2"": 18, ""new_fc_3"": 9, ""new_fc_4"": 7, ""new_fc_5"": 31, ""new_fc_6"": 11, ""new_fc_7"": 3, ""new_fc_8"": 21, ""new_fc_9"": 27, ""num_neurons"": 64, ""optimizer"": ""Adagrad"", ""reg_l2"": false, ""skip_connection"": false, ""unit_c1"": 2, ""unit_c2"": 8}"
175,46,accuracy,0.9892999995499849,0.010700000450015068,0.015807013333333335,2371052.0,66336.0,-0.30274789631501053,7926.8646,"{""activation"": ""elu"", ""batch_size"": 8, ""data_augmentation"": true, ""dr_f"": 0.350619309222, ""learning_rate"": 0.000716856931, ""new_fc_1"": 12, ""new_fc_10"": 24, ""new_fc_2"": 23, ""new_fc_3"": 9, ""new_fc_4"": 4, ""new_fc_5"": 24, ""new_fc_6"": 8, ""new_fc_7"": 11, ""new_fc_8"": 31, ""new_fc_9"": 11, ""num_neurons"": 4, ""optimizer"": ""SGD"", ""reg_l2"": true, ""skip_connection"": false, ""unit_c1"": 2, ""unit_c2"": 2}"
176,46,flops,,,0.02072832,3109248.0,162488.0,,7927.7233,"{""activation"": ""swish"", ""batch_size"": 16, ""data_augmentation"": false, ""dr_f"": 0.17734227722, ""learning_rate"": 0.000519785688, ""new_fc_1"": 24, ""new_fc_10"": 8, ""new_fc_2"": 12, ""new_fc_3"": 25, ""new_fc_4"": 2, ""new_fc_5"": 29, ""new_fc_6"": 6, ""new_fc_7"": 31, ""new_fc_8"": 21, ""new_fc_9"": 8, ""num_neurons"": 4, ""optimizer"": ""Adagrad"", ""reg_l2"": false, ""skip_connection"": false, ""unit_c1"": 1, ""unit_c2"": 5}"
177,46,flops,,,0.05768496,8652744.0,69608.0,,7928.5784,"{""activation"": ""relu"", ""batch_size"": 32, ""data_augmentation"": true, ""dr_f"": 0.092477307659, ""learning_rate"": 0.000482822786, ""new_fc_1"": 5, ""new_fc_10"": 10, ""new_fc_2"": 4, ""new_fc_3"": 6, ""new_fc_4"": 7, ""new_fc_5"": 15, ""new_fc_6"": 17, ""new_fc_7"": 17, ""new_fc_8"": 14, ""new_fc_9"": 5, ""num_neurons"": 4, ""optimizer"": ""SGD"", ""reg_l2"": true, ""skip_connection"": false, ""unit_c1"": 3, ""unit_c2"": 7}"
178,46,flops,,,0.03008256,4512384.0,62336.0,,7929.4319,"{""activation"": ""relu"", ""batch_size"": 16, ""data_augmentation"": true, ""dr_f"": 0.092050986094, ""learning_rate"": 0.000140237964, ""new_fc_1"": 4, ""new_fc_10"": 15, ""new_fc_2"": 23, ""new_fc_3"": 11, ""new_fc_4"": 8, ""new_fc_5"": 28, ""new_fc_6"": 2, ""new_fc_7"": 31, ""new_fc_8"": 28, ""new_fc_9"": 4, ""num_neurons"": 4, ""optimizer"": ""Adadelta"", ""reg_l2"": true, ""skip_connection"": true, ""unit_c1"": 2, ""unit_c2"": 5}"
179,46,flops,,,0.6706316266666666,100594744.0,3659588.0,,7930.3703,"{""activation"": ""relu"", ""batch_size"": 64, ""data_augmentation"": true, ""dr_f"": 0.079533117728, ""learning_rate"": 0.000129594142, ""new_fc_1"": 18, ""new_fc_10"": 29, ""new_fc_2"": 7, ""new_fc_3"": 15, ""new_fc_4"": 1, ""new_fc_5"": 13, ""new_fc_6"": 24, ""new_fc_7"": 16, ""new_fc_8"": 30, ""new_fc_9"": 14, ""num_neurons"": 32, ""optimizer"": ""Adam"", ""reg_l2"": false, ""skip_connection"": false, ""unit_c1"": 2, ""unit_c2"": 1}"
180,46,flops,,,1.8027218666666667,270408280.0,13315172.0,,7931.8182,"{""activation"": ""relu"", ""batch_size"": 64, ""data_augmentation"": false, ""dr_f"": 0.096286021486, ""learning_rate"": 0.000548905076, ""new_fc_1"": 31, ""new_fc_10"": 25, ""new_fc_2"": 1, ""new_fc_3"": 9, ""new_fc_4"": 24, ""new_fc_5"": 32, ""new_fc_6"": 12, ""new_fc_7"": 12, ""new_fc_8"": 9, ""new_fc_9"": 29, ""num_neurons"": 32, ""optimizer"": ""Adagrad"", ""reg_l2"": true, ""skip_connection"": false, ""unit_c1"": 2, ""unit_c2"": 5}"
181,47,accuracy,10000000000.0,,1.35604368,203406552.0,5476260.0,10000000000.0,7932.8708,"{""activation"": ""swish"", ""batch_size"": 32, ""data_augmentation"": true, ""dr_f"": 0.219764990532, ""learning_rate"": 0.000824712743, ""new_fc_1"": 17, ""new_fc_10"": 21, ""new_fc_2"": 6, ""new_fc_3"": 29, ""new_fc_4"": 5, ""new_fc_5"": 3, ""new_fc_6"": 2, ""new_fc_7"": 6, ""new_fc_8"": 2, ""new_fc_9"": 9, ""num_neurons"": 32, ""optimizer"": ""SGD"", ""reg_l2"": false, ""skip_connection"": false, ""unit_c1"": 2, ""unit_c2"": 4}"
182,47,flops,,,0.7229229333333334,108438440.0,2127796.0,,7933.7206,"{""activation"": ""swish"", ""batch_size"": 8, ""data_augmentation"": false, ""dr_f"": 0.285019277612, ""learning_rate"": 0.000980993537, ""new_fc_1"": 22, ""new_fc_10"": 19, ""new_fc_2"": 30, ""new_fc_3"": 28, ""new_fc_4"": 20, ""new_fc_5"": 9, ""new_fc_6"": 28, ""new_fc_7"": 27, ""new_fc_8"": 0, ""new_fc_9"": 8, ""num_neurons"": 16, ""optimizer"": ""Adamax"", ""reg_l2"": true, ""skip_connection"": false, ""unit_c1"": 4, ""unit_c2"": 3}"
183,47,flops,,,0.0598828,8982420.0,234532.0,,7934.9468,"{""activation"": ""selu"", ""batch_size"": 8, ""data_augmentation"": true, ""dr_f"": 0.402765630546, ""learning_rate"": 0.000405286408, ""new_fc_1"": 28, ""new_fc_10"": 14, ""new_fc_2"": 5, ""new_fc_3"": 15, ""new_fc_4"": 10, ""new_fc_5"": 12, ""new_fc_6"": 29, ""new_fc_7"": 2, ""new_fc_8"": 27, ""new_fc_9"": 1, ""num_neurons"": 4, ""optimizer"": ""Adadelta"", ""reg_l2"": true, ""skip_connection"": false, ""unit_c1"": 3, ""unit_c2"": 7}"
184,48,accuracy,0.9857999999076128,0.0142000000923872,0.07534613333333333,11301920.0,615724.0,-0.28733616006467105,8139.2162,"{""activation"": ""relu"", ""batch_size"": 32, ""data_augmentation"": false, ""dr_f"": 0.440957702345, ""learning_rate"": 0.00022109229, ""new_fc_1"": 30, ""new_fc_10"": 30, ""new_fc_2"": 25, ""new_fc_3"": 4, ""new_fc_4"": 18, ""new_fc_5"": 11, ""new_fc_6"": 18, ""new_fc_7"": 22, ""new_fc_8"": 23, ""new_fc_9"": 20, ""num_neurons"": 8, ""optimizer"": ""Adadelta"", ""reg_l2"": false, ""skip_connection"": false, ""unit_c1"": 2, ""unit_c2"": 3}"
185,49,accuracy,0.9900000002235174,0.009999999776482582,0.6481381866666667,97220728.0,1178852.0,-0.11255854384353779,8885.388,"{""activation"": ""relu"", ""batch_size"": 8, ""data_augmentation"": false, ""dr_f"": 0.453272792775, ""learning_rate"": 0.000726419455, ""new_fc_1"": 18, ""new_fc_10"": 29, ""new_fc_2"": 14, ""new_fc_3"": 22, ""new_fc_4"": 25, ""new_fc_5"": 14, ""new_fc_6"": 9, ""new_fc_7"": 3, ""new_fc_8"": 16, ""new_fc_9"": 4, ""num_neurons"": 16, ""optimizer"": ""Adam"", ""reg_l2"": true, ""skip_connection"": true, ""unit_c1"": 4, ""unit_c2"": 2}"
186,50,accuracy,0.9901999998837709,0.009800000116229057,0.15459034666666666,23188552.0,227148.0,-0.2604828960813603,9571.5734,"{""activation"": ""swish"", ""batch_size"": 8, ""data_augmentation"": true, ""dr_f"": 0.262009109717, ""learning_rate"": 0.000925987638, ""new_fc_1"": 6, ""new_fc_10"": 19, ""new_fc_2"": 18, ""new_fc_3"": 32, ""new_fc_4"": 22, ""new_fc_5"": 29, ""new_fc_6"": 13, ""new_fc_7"": 8, ""new_fc_8"": 12, ""new_fc_9"": 3, ""num_neurons"": 8, ""optimizer"": ""SGD"", ""reg_l2"": false, ""skip_connection"": true, ""unit_c1"": 4, ""unit_c2"": 1}"
187,51,accuracy,0.6031999886035919,0.3968000113964081,0.58778256,88167384.0,894292.0,-0.40142523997748564,746.2261,"{""activation"": ""swish"", ""batch_size"": 32, ""data_augmentation"": false, ""dr_f"": 0.26463522963, ""learning_rate"": 0.000390388024, ""new_fc_1"": 11, ""new_fc_10"": 16, ""new_fc_2"": 31, ""new_fc_3"": 22, ""new_fc_4"": 20, ""new_fc_5"": 9, ""new_fc_6"": 30, ""new_fc_7"": 5, ""new_fc_8"": 10, ""new_fc_9"": 14, ""num_neurons"": 16, ""optimizer"": ""Adam"", ""reg_l2"": false, ""skip_connection"": true, ""unit_c1"": 4, ""unit_c2"": 1}"
188,52,accuracy,0.9896999998018146,0.010300000198185444,0.018347146666666668,2752072.0,257228.0,-0.3017058561387298,1431.2387,"{""activation"": ""relu"", ""batch_size"": 8, ""data_augmentation"": true, ""dr_f"": 0.098914873271, ""learning_rate"": 0.000472280807, ""new_fc_1"": 16, ""new_fc_10"": 30, ""new_fc_2"": 30, ""new_fc_3"": 21, ""new_fc_4"": 6, ""new_fc_5"": 22, ""new_fc_6"": 20, ""new_fc_7"": 7, ""new_fc_8"": 6, ""new_fc_9"": 16, ""num_neurons"": 8, ""optimizer"": ""Adagrad"", ""reg_l2"": true, ""skip_connection"": false, ""unit_c1"": 1, ""unit_c2"": 1}"
189,53,accuracy,0.9832000005990267,0.01679999940097332,0.02568464,3852696.0,216716.0,-0.30405460758068126,1636.2165,"{""activation"": ""elu"", ""batch_size"": 64, ""data_augmentation"": true, ""dr_f"": 0.177765088554, ""learning_rate"": 0.00073470218, ""new_fc_1"": 16, ""new_fc_10"": 19, ""new_fc_2"": 1, ""new_fc_3"": 3, ""new_fc_4"": 20, ""new_fc_5"": 4, ""new_fc_6"": 6, ""new_fc_7"": 9, ""new_fc_8"": 15, ""new_fc_9"": 19, ""num_neurons"": 8, ""optimizer"": ""Adadelta"", ""reg_l2"": true, ""skip_connection"": false, ""unit_c1"": 1, ""unit_c2"": 2}"
190,54,accuracy,0.9900000002235174,0.009999999776482582,0.0512252,7683780.0,125364.0,-0.2916324398435378,2441.5449,"{""activation"": ""relu"", ""batch_size"": 8, ""data_augmentation"": true, ""dr_f"": 0.15185413469, ""learning_rate"": 0.000181270232, ""new_fc_1"": 21, ""new_fc_10"": 10, ""new_fc_2"": 29, ""new_fc_3"": 21, ""new_fc_4"": 6, ""new_fc_5"": 20, ""new_fc_6"": 30, ""new_fc_7"": 30, ""new_fc_8"": 4, ""new_fc_9"": 0, ""num_neurons"": 4, ""optimizer"": ""Adam"", ""reg_l2"": true, ""skip_connection"": true, ""unit_c1"": 4, ""unit_c2"": 3}"
191,55,accuracy,0.9861000003293157,0.013899999670684338,0.05593098666666667,8389648.0,388724.0,-0.292950703769479,2586.6224,"{""activation"": ""swish"", ""batch_size"": 64, ""data_augmentation"": true, ""dr_f"": 0.274420459069, ""learning_rate"": 0.000239963242, ""new_fc_1"": 6, ""new_fc_10"": 16, ""new_fc_2"": 23, ""new_fc_3"": 16, ""new_fc_4"": 27, ""new_fc_5"": 20, ""new_fc_6"": 27, ""new_fc_7"": 26, ""new_fc_8"": 21, ""new_fc_9"": 23, ""num_neurons"": 8, ""optimizer"": ""Adadelta"", ""reg_l2"": true, ""skip_connection"": false, ""unit_c1"": 1, ""unit_c2"": 4}"
192,56,accuracy,0.7949000000953674,0.20509999990463257,0.9257055466666667,138855832.0,3382404.0,-0.16585833593324278,3211.454,"{""activation"": ""relu"", ""batch_size"": 64, ""data_augmentation"": false, ""dr_f"": 0.306032996135, ""learning_rate"": 0.000551899423, ""new_fc_1"": 31, ""new_fc_10"": 20, ""new_fc_2"": 17, ""new_fc_3"": 16, ""new_fc_4"": 23, ""new_fc_5"": 30, ""new_fc_6"": 10, ""new_fc_7"": 5, ""new_fc_8"": 21, ""new_fc_9"": 7, ""num_neurons"": 16, ""optimizer"": ""Adamax"", ""reg_l2"": false, ""skip_connection"": false, ""unit_c1"": 4, ""unit_c2"": 5}"
193,57,accuracy,0.9895999999716878,0.010400000028312206,0.24423034666666665,36634552.0,3159396.0,-0.23401089601981853,3477.7317,"{""activation"": ""swish"", ""batch_size"": 32, ""data_augmentation"": false, ""dr_f"": 0.04366775212, ""learning_rate"": 0.000642164709, ""new_fc_1"": 19, ""new_fc_10"": 4, ""new_fc_2"": 21, ""new_fc_3"": 14, ""new_fc_4"": 15, ""new_fc_5"": 9, ""new_fc_6"": 32, ""new_fc_7"": 2, ""new_fc_8"": 22, ""new_fc_9"": 15, ""num_neurons"": 32, ""optimizer"": ""Adadelta"", ""reg_l2"": false, ""skip_connection"": false, ""unit_c1"": 1, ""unit_c2"": 1}"
194,58,accuracy,0.9874999998137355,0.012500000186264515,0.01628984,2443476.0,68840.0,-0.30386304813038517,3682.2802,"{""activation"": ""relu"", ""batch_size"": 32, ""data_augmentation"": true, ""dr_f"": 0.335856298412, ""learning_rate"": 0.000303914809, ""new_fc_1"": 2, ""new_fc_10"": 22, ""new_fc_2"": 22, ""new_fc_3"": 4, ""new_fc_4"": 11, ""new_fc_5"": 32, ""new_fc_6"": 28, ""new_fc_7"": 26, ""new_fc_8"": 15, ""new_fc_9"": 21, ""num_neurons"": 4, ""optimizer"": ""Adagrad"", ""reg_l2"": false, ""skip_connection"": true, ""unit_c1"": 2, ""unit_c2"": 2}"
195,59,accuracy,0.9790000002831221,0.020999999716877937,0.21526565333333333,32289848.0,937892.0,-0.25012030380181455,3948.1479,"{""activation"": ""elu"", ""batch_size"": 64, ""data_augmentation"": true, ""dr_f"": 0.055950707377, ""learning_rate"": 0.000338741863, ""new_fc_1"": 3, ""new_fc_10"": 32, ""new_fc_2"": 30, ""new_fc_3"": 7, ""new_fc_4"": 8, ""new_fc_5"": 31, ""new_fc_6"": 13, ""new_fc_7"": 12, ""new_fc_8"": 32, ""new_fc_9"": 22, ""num_neurons"": 16, ""optimizer"": ""Adadelta"", ""reg_l2"": true, ""skip_connection"": true, ""unit_c1"": 2, ""unit_c2"": 2}"
196,60,accuracy,0.9901000000536442,0.00989999994635582,0.27501765333333333,41252648.0,900516.0,-0.2244247039624491,4333.0422,"{""activation"": ""relu"", ""batch_size"": 16, ""data_augmentation"": true, ""dr_f"": 0.062869593487, ""learning_rate"": 0.00029872315, ""new_fc_1"": 2, ""new_fc_10"": 13, ""new_fc_2"": 10, ""new_fc_3"": 16, ""new_fc_4"": 31, ""new_fc_5"": 15, ""new_fc_6"": 20, ""new_fc_7"": 27, ""new_fc_8"": 28, ""new_fc_9"": 3, ""num_neurons"": 16, ""optimizer"": ""SGD"", ""reg_l2"": true, ""skip_connection"": true, ""unit_c1"": 2, ""unit_c2"": 3}"
197,61,accuracy,0.8835000023245811,0.11649999767541885,0.65790512,98685768.0,3200100.0,-0.18417846237279317,4777.6387,"{""activation"": ""selu"", ""batch_size"": 32, ""data_augmentation"": true, ""dr_f"": 0.319989027956, ""learning_rate"": 0.000356820922, ""new_fc_1"": 31, ""new_fc_10"": 0, ""new_fc_2"": 24, ""new_fc_3"": 17, ""new_fc_4"": 4, ""new_fc_5"": 10, ""new_fc_6"": 4, ""new_fc_7"": 11, ""new_fc_8"": 18, ""new_fc_9"": 24, ""num_neurons"": 16, ""optimizer"": ""Adam"", ""reg_l2"": true, ""skip_connection"": false, ""unit_c1"": 3, ""unit_c2"": 5}"
198,61,flops,,,0.22262832,33394248.0,2099876.0,,4778.8141,"{""activation"": ""selu"", ""batch_size"": 32, ""data_augmentation"": true, ""dr_f"": 0.06986417272, ""learning_rate"": 0.000192478188, ""new_fc_1"": 23, ""new_fc_10"": 28, ""new_fc_2"": 19, ""new_fc_3"": 11, ""new_fc_4"": 1, ""new_fc_5"": 29, ""new_fc_6"": 11, ""new_fc_7"": 3, ""new_fc_8"": 13, ""new_fc_9"": 21, ""num_neurons"": 16, ""optimizer"": ""Adagrad"", ""reg_l2"": false, ""skip_connection"": false, ""unit_c1"": 1, ""unit_c2"": 4}"
199,61,flops,,,0.20269818666666667,30404728.0,537684.0,,4780.0744,"{""activation"": ""swish"", ""batch_size"": 32, ""data_augmentation"": false, ""dr_f"": 0.416734445823, ""learning_rate"": 0.00079828387, ""new_fc_1"": 5, ""new_fc_10"": 3, ""new_fc_2"": 7, ""new_fc_3"": 13, ""new_fc_4"": 18, ""new_fc_5"": 3, ""new_fc_6"": 7, ""new_fc_7"": 5, ""new_fc_8"": 7, ""new_fc_9"": 10, ""num_neurons"": 16, ""optimizer"": ""Adadelta"", ""reg_l2"": false, ""skip_connection"": false, ""unit_c1"": 1, ""unit_c2"": 4}"
200,62,accuracy,0.9675000011920929,0.032499998807907104,0.024276266666666668,3641440.0,85668.0,-0.315467119165535,5644.9841,"{""activation"": ""swish"", ""batch_size"": 8, ""data_augmentation"": true, ""dr_f"": 0.444080524837, ""learning_rate"": 0.000601954382, ""new_fc_1"": 3, ""new_fc_10"": 22, ""new_fc_2"": 22, ""new_fc_3"": 21, ""new_fc_4"": 32, ""new_fc_5"": 28, ""new_fc_6"": 22, ""new_fc_7"": 19, ""new_fc_8"": 28, ""new_fc_9"": 1, ""num_neurons"": 4, ""optimizer"": ""Adam"", ""reg_l2"": false, ""skip_connection"": false, ""unit_c1"": 2, ""unit_c2"": 4}"
201,62,flops,,,0.07123157333333334,10684736.0,226568.0,,5645.9427,"{""activation"": ""swish"", ""batch_size"": 64, ""data_augmentation"": false, ""dr_f"": 0.292892861471, ""learning_rate"": 0.000303731134, ""new_fc_1"": 24, ""new_fc_10"": 7, ""new_fc_2"": 4, ""new_fc_3"": 4, ""new_fc_4"": 18, ""new_fc_5"": 13, ""new_fc_6"": 2, ""new_fc_7"": 21, ""new_fc_8"": 0, ""new_fc_9"": 9, ""num_neurons"": 4, ""optimizer"": ""Adam"", ""reg_l2"": true, ""skip_connection"": true, ""unit_c1"": 3, ""unit_c2"": 8}"
202,62,flops,,,12.711825653333333,1906773848.0,28690404.0,,5648.2043,"{""activation"": ""swish"", ""batch_size"": 8, ""data_augmentation"": false, ""dr_f"": 0.091642014313, ""learning_rate"": 0.000170500162, ""new_fc_1"": 8, ""new_fc_10"": 22, ""new_fc_2"": 31, ""new_fc_3"": 20, ""new_fc_4"": 4, ""new_fc_5"": 25, ""new_fc_6"": 2, ""new_fc_7"": 30, ""new_fc_8"": 10, ""new_fc_9"": 20, ""num_neurons"": 64, ""optimizer"": ""Adamax"", ""reg_l2"": true, ""skip_connection"": true, ""unit_c1"": 2, ""unit_c2"": 8}"
203,63,accuracy,0.9751999992877245,0.024800000712275505,0.03674234666666667,5511352.0,73764.0,-0.30633729649859287,5853.926,"{""activation"": ""elu"", ""batch_size"": 64, ""data_augmentation"": true, ""dr_f"": 0.27139429276, ""learning_rate"": 0.000751828398, ""new_fc_1"": 3, ""new_fc_10"": 12, ""new_fc_2"": 26, ""new_fc_3"": 27, ""new_fc_4"": 32, ""new_fc_5"": 8, ""new_fc_6"": 3, ""new_fc_7"": 17, ""new_fc_8"": 9, ""new_fc_9"": 23, ""num_neurons"": 4, ""optimizer"": ""Adagrad"", ""reg_l2"": false, ""skip_connection"": true, ""unit_c1"": 2, ""unit_c2"": 6}"
204,64,accuracy,0.9926999998278916,0.007300000172108412,0.04759728,7139592.0,202844.0,-0.2908308161204759,6238.5966,"{""activation"": ""relu"", ""batch_size"": 16, ""data_augmentation"": false, ""dr_f"": 0.266260493256, ""learning_rate"": 0.000384068803, ""new_fc_1"": 16, ""new_fc_10"": 15, ""new_fc_2"": 21, ""new_fc_3"": 4, ""new_fc_4"": 0, ""new_fc_5"": 5, ""new_fc_6"": 27, ""new_fc_7"": 13, ""new_fc_8"": 27, ""new_fc_9"": 14, ""num_neurons"": 8, ""optimizer"": ""Adadelta"", ""reg_l2"": true, ""skip_connection"": true, ""unit_c1"": 2, ""unit_c2"": 1}"
205,65,accuracy,10000000000.0,,2.4985896,374788440.0,5244932.0,10000000000.0,6239.7223,"{""activation"": ""swish"", ""batch_size"": 64, ""data_augmentation"": false, ""dr_f"": 0.397751197374, ""learning_rate"": 0.000774112716, ""new_fc_1"": 2, ""new_fc_10"": 13, ""new_fc_2"": 30, ""new_fc_3"": 28, ""new_fc_4"": 31, ""new_fc_5"": 16, ""new_fc_6"": 0, ""new_fc_7"": 21, ""new_fc_8"": 10, ""new_fc_9"": 25, ""num_neurons"": 32, ""optimizer"": ""Adagrad"", ""reg_l2"": true, ""skip_connection"": true, ""unit_c1"": 1, ""unit_c2"": 8}"
206,66,accuracy,10000000000.0,,1.6094838933333333,241422584.0,9660068.0,10000000000.0,6241.1873,"{""activation"": ""swish"", ""batch_size"": 16, ""data_augmentation"": true, ""dr_f"": 0.174536020748, ""learning_rate"": 0.000880872833, ""new_fc_1"": 16, ""new_fc_10"": 10, ""new_fc_2"": 32, ""new_fc_3"": 14, ""new_fc_4"": 22, ""new_fc_5"": 5, ""new_fc_6"": 32, ""new_fc_7"": 24, ""new_fc_8"": 8, ""new_fc_9"": 20, ""num_neurons"": 32, ""optimizer"": ""Adadelta"", ""reg_l2"": false, ""skip_connection"": true, ""unit_c1"": 1, ""unit_c2"": 6}"
207,66,flops,,,20.81893776,3122840664.0,13342564.0,,6242.5552,"{""activation"": ""selu"", ""batch_size"": 8, ""data_augmentation"": false, ""dr_f"": 0.03240995046, ""learning_rate"": 0.000480374609, ""new_fc_1"": 0, ""new_fc_10"": 2, ""new_fc_2"": 1, ""new_fc_3"": 17, ""new_fc_4"": 15, ""new_fc_5"": 24, ""new_fc_6"": 22, ""new_fc_7"": 6, ""new_fc_8"": 20, ""new_fc_9"": 13, ""num_neurons"": 64, ""optimizer"": ""SGD"", ""reg_l2"": false, ""skip_connection"": true, ""unit_c1"": 4, ""unit_c2"": 8}"
208,67,accuracy,0.968299999833107,0.031700000166893005,0.13823674666666666,20735512.0,476244.0,-0.2807189761168251,6507.8659,"{""activation"": ""relu"", ""batch_size"": 64, ""data_augmentation"": true, ""dr_f"": 0.404069914882, ""learning_rate"": 0.000829535243, ""new_fc_1"": 10, ""new_fc_10"": 28, ""new_fc_2"": 30, ""new_fc_3"": 6, ""new_fc_4"": 11, ""new_fc_5"": 27, ""new_fc_6"": 20, ""new_fc_7"": 28, ""new_fc_8"": 15, ""new_fc_9"": 9, ""num_neurons"": 8, ""optimizer"": ""Adam"", ""reg_l2"": false, ""skip_connection"": false, ""unit_c1"": 2, ""unit_c2"": 6}"
209,68,accuracy,10000000000.0,,5.2874152,793112280.0,13495588.0,10000000000.0,6509.32,"{""activation"": ""swish"", ""batch_size"": 32, ""data_augmentation"": false, ""dr_f"": 0.214601235143, ""learning_rate"": 0.000660246841, ""new_fc_1"": 32, ""new_fc_10"": 15, ""new_fc_2"": 2, ""new_fc_3"": 5, ""new_fc_4"": 4, ""new_fc_5"": 8, ""new_fc_6"": 21, ""new_fc_7"": 30, ""new_fc_8"": 2, ""new_fc_9"": 7, ""num_neurons"": 64, ""optimizer"": ""Adam"", ""reg_l2"": true, ""skip_connection"": false, ""unit_c1"": 3, ""unit_c2"": 1}"
210,69,accuracy,0.9900000002235174,0.009999999776482582,0.0575416,8631240.0,58888.0,-0.28973751984353785,6714.0767,"{""activation"": ""relu"", ""batch_size"": 32, ""data_augmentation"": false, ""dr_f"": 0.154512338022, ""learning_rate"": 0.000509201023, ""new_fc_1"": 2, ""new_fc_10"": 32, ""new_fc_2"": 5, ""new_fc_3"": 8, ""new_fc_4"": 4, ""new_fc_5"": 5, ""new_fc_6"": 10, ""new_fc_7"": 10, ""new_fc_8"": 29, ""new_fc_9"": 11, ""num_neurons"": 4, ""optimizer"": ""Adam"", ""reg_l2"": true, ""skip_connection"": false, ""unit_c1"": 3, ""unit_c2"": 7}"
211,70,accuracy,0.9817999992519617,0.018200000748038292,0.10752218666666667,16128328.0,1704548.0,-0.2804833445236268,7160.1132,"{""activation"": ""elu"", ""batch_size"": 16, ""data_augmentation"": true, ""dr_f"": 0.07135664435, ""learning_rate"": 0.000885455737, ""new_fc_1"": 32, ""new_fc_10"": 4, ""new_fc_2"": 13, ""new_fc_3"": 9, ""new_fc_4"": 22, ""new_fc_5"": 15, ""new_fc_6"": 32, ""new_fc_7"": 11, ""new_fc_8"": 14, ""new_fc_9"": 23, ""num_neurons"": 16, ""optimizer"": ""Adadelta"", ""reg_l2"": true, ""skip_connection"": false, ""unit_c1"": 1, ""unit_c2"": 2}"
212,70,flops,,,9.02368016,1353552024.0,13092324.0,,7161.6562,"{""activation"": ""swish"", ""batch_size"": 64, ""data_augmentation"": false, ""dr_f"": 0.231162988277, ""learning_rate"": 0.000617876387, ""new_fc_1"": 6, ""new_fc_10"": 5, ""new_fc_2"": 7, ""new_fc_3"": 14, ""new_fc_4"": 18, ""new_fc_5"": 29, ""new_fc_6"": 26, ""new_fc_7"": 25, ""new_fc_8"": 4, ""new_fc_9"": 21, ""num_neurons"": 64, ""optimizer"": ""Adam"", ""reg_l2"": true, ""skip_connection"": true, ""unit_c1"": 4, ""unit_c2"": 1}"
213,70,flops,,,2.2700650133333333,340509752.0,3631428.0,,7162.7478,"{""activation"": ""swish"", ""batch_size"": 64, ""data_augmentation"": true, ""dr_f"": 0.42247727912, ""learning_rate"": 0.000895986678, ""new_fc_1"": 20, ""new_fc_10"": 17, ""new_fc_2"": 14, ""new_fc_3"": 28, ""new_fc_4"": 1, ""new_fc_5"": 28, ""new_fc_6"": 24, ""new_fc_7"": 9, ""new_fc_8"": 29, ""new_fc_9"": 3, ""num_neurons"": 32, ""optimizer"": ""Adagrad"", ""reg_l2"": true, ""skip_connection"": false, ""unit_c1"": 4, ""unit_c2"": 1}"
214,70,flops,,,10.54367248,1581550872.0,52538404.0,,7165.6971,"{""activation"": ""swish"", ""batch_size"": 8, ""data_augmentation"": false, ""dr_f"": 0.178169762923, ""learning_rate"": 0.000953533879, ""new_fc_1"": 29, ""new_fc_10"": 11, ""new_fc_2"": 17, ""new_fc_3"": 25, ""new_fc_4"": 26, ""new_fc_5"": 16, ""new_fc_6"": 14, ""new_fc_7"": 18, ""new_fc_8"": 0, ""new_fc_9"": 21, ""num_neurons"": 64, ""optimizer"": ""Adagrad"", ""reg_l2"": false, ""skip_connection"": true, ""unit_c1"": 3, ""unit_c2"": 5}"
215,70,flops,,,0.04474296,6711444.0,88704.0,,7166.6216,"{""activation"": ""elu"", ""batch_size"": 16, ""data_augmentation"": true, ""dr_f"": 0.47280490968, ""learning_rate"": 0.000377191819, ""new_fc_1"": 16, ""new_fc_10"": 8, ""new_fc_2"": 26, ""new_fc_3"": 31, ""new_fc_4"": 9, ""new_fc_5"": 11, ""new_fc_6"": 6, ""new_fc_7"": 23, ""new_fc_8"": 20, ""new_fc_9"": 25, ""num_neurons"": 4, ""optimizer"": ""Adagrad"", ""reg_l2"": false, ""skip_connection"": false, ""unit_c1"": 4, ""unit_c2"": 2}"
216,71,accuracy,0.9892999995499849,0.010700000450015068,0.020446853333333334,3067028.0,155856.0,-0.30135594431501056,7551.5439,"{""activation"": ""relu"", ""batch_size"": 16, ""data_augmentation"": true, ""dr_f"": 0.375072036579, ""learning_rate"": 0.000244098079, ""new_fc_1"": 29, ""new_fc_10"": 29, ""new_fc_2"": 4, ""new_fc_3"": 21, ""new_fc_4"": 22, ""new_fc_5"": 28, ""new_fc_6"": 19, ""new_fc_7"": 1, ""new_fc_8"": 32, ""new_fc_9"": 22, ""num_neurons"": 4, ""optimizer"": ""Adadelta"", ""reg_l2"": true, ""skip_connection"": false, ""unit_c1"": 2, ""unit_c2"": 3}"
217,72,accuracy,0.9905000003054738,0.009499999694526196,0.039395306666666664,5909296.0,360852.0,-0.2948314077861683,7936.8439,"{""activation"": ""relu"", ""batch_size"": 16, ""data_augmentation"": true, ""dr_f"": 0.395714863667, ""learning_rate"": 0.000724372436, ""new_fc_1"": 16, ""new_fc_10"": 14, ""new_fc_2"": 4, ""new_fc_3"": 11, ""new_fc_4"": 19, ""new_fc_5"": 26, ""new_fc_6"": 16, ""new_fc_7"": 16, ""new_fc_8"": 16, ""new_fc_9"": 17, ""num_neurons"": 8, ""optimizer"": ""Adagrad"", ""reg_l2"": true, ""skip_connection"": false, ""unit_c1"": 1, ""unit_c2"": 3}"
218,72,flops,,,6.185890293333333,927883544.0,24420964.0,,7939.0283,"{""activation"": ""swish"", ""batch_size"": 64, ""data_augmentation"": true, ""dr_f"": 0.041637521798, ""learning_rate"": 0.000181358286, ""new_fc_1"": 27, ""new_fc_10"": 11, ""new_fc_2"": 19, ""new_fc_3"": 19, ""new_fc_4"": 8, ""new_fc_5"": 9, ""new_fc_6"": 25, ""new_fc_7"": 29, ""new_fc_8"": 4, ""new_fc_9"": 10, ""num_neurons"": 64, ""optimizer"": ""Adadelta"", ""reg_l2"": false, ""skip_connection"": false, ""unit_c1"": 3, ""unit_c2"": 2}"
219,73,accuracy,0.9900000002235174,0.009999999776482582,0.07123157333333334,10684736.0,226568.0,-0.2856305278435378,8084.4959,"{""activation"": ""swish"", ""batch_size"": 64, ""data_augmentation"": false, ""dr_f"": 0.292892861471, ""learning_rate"": 0.000303731134, ""new_fc_1"": 24, ""new_fc_10"": 7, ""new_fc_2"": 4, ""new_fc_3"": 4, ""new_fc_4"": 18, ""new_fc_5"": 13, ""new_fc_6"": 2, ""new_fc_7"": 21, ""new_fc_8"": 0, ""new_fc_9"": 9, ""num_neurons"": 4, ""optimizer"": ""Adam"", ""reg_l2"": true, ""skip_connection"": true, ""unit_c1"": 3, ""unit_c2"": 8}"
220,74,accuracy,0.989500000141561,0.010499999858438969,0.15200944,22801416.0,1509828.0,-0.26174716790090724,8349.3559,"{""activation"": ""relu"", ""batch_size"": 32, ""data_augmentation"": false, ""dr_f"": 0.35844234178, ""learning_rate"": 0.000349384428, ""new_fc_1"": 16, ""new_fc_10"": 22, ""new_fc_2"": 19, ""new_fc_3"": 6, ""new_fc_4"": 28, ""new_fc_5"": 1, ""new_fc_6"": 8, ""new_fc_7"": 16, ""new_fc_8"": 26, ""new_fc_9"": 29, ""num_neurons"": 16, ""optimizer"": ""Adadelta"", ""reg_l2"": true, ""skip_connection"": false, ""unit_c1"": 1, ""unit_c2"": 3}"
221,75,accuracy,0.8686999976634979,0.13130000233650208,0.20588949333333334,30883424.0,368716.0,-0.33014315363555147,9393.889,"{""activation"": ""selu"", ""batch_size"": 16, ""data_augmentation"": true, ""dr_f"": 0.204312486081, ""learning_rate"": 0.000524479836, ""new_fc_1"": 15, ""new_fc_10"": 10, ""new_fc_2"": 1, ""new_fc_3"": 16, ""new_fc_4"": 4, ""new_fc_5"": 21, ""new_fc_6"": 29, ""new_fc_7"": 9, ""new_fc_8"": 21, ""new_fc_9"": 3, ""num_neurons"": 8, ""optimizer"": ""SGD"", ""reg_l2"": false, ""skip_connection"": false, ""unit_c1"": 4, ""unit_c2"": 4}"
222,76,accuracy,0.8897000029683113,0.11029999703168869,0.41166810666666664,61750216.0,3340388.0,-0.2537095659221821,2066.4318,"{""activation"": ""selu"", ""batch_size"": 8, ""data_augmentation"": true, ""dr_f"": 0.410321752124, ""learning_rate"": 0.000867644948, ""new_fc_1"": 25, ""new_fc_10"": 24, ""new_fc_2"": 2, ""new_fc_3"": 17, ""new_fc_4"": 27, ""new_fc_5"": 11, ""new_fc_6"": 31, ""new_fc_7"": 17, ""new_fc_8"": 29, ""new_fc_9"": 0, ""num_neurons"": 16, ""optimizer"": ""Adagrad"", ""reg_l2"": false, ""skip_connection"": false, ""unit_c1"": 1, ""unit_c2"": 6}"
223,76,flops,,,0.020216266666666666,3032440.0,138548.0,,2067.5858,"{""activation"": ""selu"", ""batch_size"": 16, ""data_augmentation"": false, ""dr_f"": 0.08719567542, ""learning_rate"": 0.000253400043, ""new_fc_1"": 26, ""new_fc_10"": 3, ""new_fc_2"": 27, ""new_fc_3"": 25, ""new_fc_4"": 32, ""new_fc_5"": 1, ""new_fc_6"": 27, ""new_fc_7"": 23, ""new_fc_8"": 8, ""new_fc_9"": 28, ""num_neurons"": 4, ""optimizer"": ""SGD"", ""reg_l2"": false, ""skip_connection"": false, ""unit_c1"": 2, ""unit_c2"": 3}"
224,77,accuracy,0.988599999807775,0.01140000019222498,0.07286909333333333,10930364.0,214248.0,-0.28611927213455746,2332.5138,"{""activation"": ""swish"", ""batch_size"": 32, ""data_augmentation"": false, ""dr_f"": 0.484868975594, ""learning_rate"": 0.000347623617, ""new_fc_1"": 27, ""new_fc_10"": 6, ""new_fc_2"": 17, ""new_fc_3"": 2, ""new_fc_4"": 15, ""new_fc_5"": 28, ""new_fc_6"": 15, ""new_fc_7"": 21, ""new_fc_8"": 5, ""new_fc_9"": 27, ""num_neurons"": 4, ""optimizer"": ""Adadelta"", ""reg_l2"": true, ""skip_connection"": true, ""unit_c1"": 4, ""unit_c2"": 6}"
225,78,accuracy,10000000000.0,,4.6677778666666665,700166680.0,6571460.0,10000000000.0,2334.8636,"{""activation"": ""elu"", ""batch_size"": 64, ""data_augmentation"": true, ""dr_f"": 0.158493598803, ""learning_rate"": 0.000742359252, ""new_fc_1"": 10, ""new_fc_10"": 3, ""new_fc_2"": 12, ""new_fc_3"": 24, ""new_fc_4"": 13, ""new_fc_5"": 2, ""new_fc_6"": 14, ""new_fc_7"": 9, ""new_fc_8"": 11, ""new_fc_9"": 4, ""num_neurons"": 32, ""optimizer"": ""Adagrad"", ""reg_l2"": false, ""skip_connection"": true, ""unit_c1"": 4, ""unit_c2"": 7}"
226,79,accuracy,0.9359000027179718,0.0640999972820282,0.46137488,69206232.0,1398068.0,-0.20645753409741974,3079.7742,"{""activation"": ""elu"", ""batch_size"": 32, ""data_augmentation"": true, ""dr_f"": 0.121575864401, ""learning_rate"": 0.000231694809, ""new_fc_1"": 17, ""new_fc_10"": 22, ""new_fc_2"": 10, ""new_fc_3"": 29, ""new_fc_4"": 12, ""new_fc_5"": 9, ""new_fc_6"": 19, ""new_fc_7"": 18, ""new_fc_8"": 2, ""new_fc_9"": 14, ""num_neurons"": 16, ""optimizer"": ""Adadelta"", ""reg_l2"": false, ""skip_connection"": false, ""unit_c1"": 3, ""unit_c2"": 3}"
227,79,flops,,,1.0302056,154530840.0,18867684.0,,3081.4592,"{""activation"": ""selu"", ""batch_size"": 8, ""data_augmentation"": false, ""dr_f"": 0.137303259393, ""learning_rate"": 0.000111084396, ""new_fc_1"": 32, ""new_fc_10"": 20, ""new_fc_2"": 29, ""new_fc_3"": 21, ""new_fc_4"": 4, ""new_fc_5"": 7, ""new_fc_6"": 25, ""new_fc_7"": 17, ""new_fc_8"": 1, ""new_fc_9"": 11, ""num_neurons"": 64, ""optimizer"": ""Adam"", ""reg_l2"": false, ""skip_connection"": false, ""unit_c1"": 1, ""unit_c2"": 1}"
228,79,flops,,,0.8561168533333333,128417528.0,5639044.0,,3082.8458,"{""activation"": ""swish"", ""batch_size"": 64, ""data_augmentation"": true, ""dr_f"": 0.39920808609, ""learning_rate"": 0.00058196481, ""new_fc_1"": 20, ""new_fc_10"": 3, ""new_fc_2"": 24, ""new_fc_3"": 27, ""new_fc_4"": 8, ""new_fc_5"": 2, ""new_fc_6"": 31, ""new_fc_7"": 15, ""new_fc_8"": 25, ""new_fc_9"": 20, ""num_neurons"": 32, ""optimizer"": ""Adadelta"", ""reg_l2"": true, ""skip_connection"": false, ""unit_c1"": 2, ""unit_c2"": 2}"
229,80,accuracy,0.9883000003173947,0.011699999682605267,0.07156602666666667,10734904.0,332004.0,-0.2867201917778237,3467.55,"{""activation"": ""elu"", ""batch_size"": 16, ""data_augmentation"": false, ""dr_f"": 0.41199190214, ""learning_rate"": 0.000710618475, ""new_fc_1"": 14, ""new_fc_10"": 3, ""new_fc_2"": 9, ""new_fc_3"": 12, ""new_fc_4"": 9, ""new_fc_5"": 24, ""new_fc_6"": 32, ""new_fc_7"": 13, ""new_fc_8"": 17, ""new_fc_9"": 15, ""num_neurons"": 8, ""optimizer"": ""Adadelta"", ""reg_l2"": true, ""skip_connection"": false, ""unit_c1"": 2, ""unit_c2"": 3}"
230,81,accuracy,0.9895999999716878,0.010400000028312206,0.03008256,4512384.0,62336.0,-0.2982552320198185,3852.7722,"{""activation"": ""relu"", ""batch_size"": 16, ""data_augmentation"": true, ""dr_f"": 0.092050986094, ""learning_rate"": 0.000140237964, ""new_fc_1"": 4, ""new_fc_10"": 15, ""new_fc_2"": 23, ""new_fc_3"": 11, ""new_fc_4"": 8, ""new_fc_5"": 28, ""new_fc_6"": 2, ""new_fc_7"": 31, ""new_fc_8"": 28, ""new_fc_9"": 4, ""num_neurons"": 4, ""optimizer"": ""Adadelta"", ""reg_l2"": true, ""skip_connection"": true, ""unit_c1"": 2, ""unit_c2"": 5}"
231,82,accuracy,0.9900000002235174,0.009999999776482582,0.025407466666666666,3811120.0,170292.0,-0.2993777598435378,4057.9309,"{""activation"": ""swish"", ""batch_size"": 32, ""data_augmentation"": true, ""dr_f"": 0.173131710366, ""learning_rate"": 0.000565812487, ""new_fc_1"": 2, ""new_fc_10"": 32, ""new_fc_2"": 18, ""new_fc_3"": 18, ""new_fc_4"": 13, ""new_fc_5"": 23, ""new_fc_6"": 18, ""new_fc_7"": 1, ""new_fc_8"": 16, ""new_fc_9"": 12, ""num_neurons"": 8, ""optimizer"": ""Adadelta"", ""reg_l2"": true, ""skip_connection"": false, ""unit_c1"": 1, ""unit_c2"": 2}"
232,83,accuracy,0.9897999996319413,0.010200000368058681,0.05768496,8652744.0,69608.0,-0.28983451225764106,4262.3018,"{""activation"": ""relu"", ""batch_size"": 32, ""data_augmentation"": true, ""dr_f"": 0.092477307659, ""learning_rate"": 0.000482822786, ""new_fc_1"": 5, ""new_fc_10"": 10, ""new_fc_2"": 4, ""new_fc_3"": 6, ""new_fc_4"": 7, ""new_fc_5"": 15, ""new_fc_6"": 17, ""new_fc_7"": 17, ""new_fc_8"": 14, ""new_fc_9"": 5, ""num_neurons"": 4, ""optimizer"": ""SGD"", ""reg_l2"": true, ""skip_connection"": false, ""unit_c1"": 3, ""unit_c2"": 7}"
233,83,flops,,,2.131695093333333,319754264.0,7425252.0,,4263.6462,"{""activation"": ""elu"", ""batch_size"": 64, ""data_augmentation"": true, ""dr_f"": 0.387046874533, ""learning_rate"": 0.000222170575, ""new_fc_1"": 2, ""new_fc_10"": 10, ""new_fc_2"": 3, ""new_fc_3"": 3, ""new_fc_4"": 8, ""new_fc_5"": 20, ""new_fc_6"": 27, ""new_fc_7"": 12, ""new_fc_8"": 17, ""new_fc_9"": 1, ""num_neurons"": 64, ""optimizer"": ""Adamax"", ""reg_l2"": false, ""skip_connection"": false, ""unit_c1"": 1, ""unit_c2"": 3}"
234,83,flops,,,3.33970192,500955288.0,20652324.0,,4265.432,"{""activation"": ""selu"", ""batch_size"": 32, ""data_augmentation"": true, ""dr_f"": 0.237026021296, ""learning_rate"": 0.000651935435, ""new_fc_1"": 20, ""new_fc_10"": 29, ""new_fc_2"": 12, ""new_fc_3"": 8, ""new_fc_4"": 32, ""new_fc_5"": 5, ""new_fc_6"": 14, ""new_fc_7"": 6, ""new_fc_8"": 30, ""new_fc_9"": 21, ""num_neurons"": 64, ""optimizer"": ""Adadelta"", ""reg_l2"": false, ""skip_connection"": false, ""unit_c1"": 2, ""unit_c2"": 2}"
235,84,accuracy,10000000000.0,,1.82119952,273179928.0,5947844.0,10000000000.0,4266.8385,"{""activation"": ""swish"", ""batch_size"": 8, ""data_augmentation"": true, ""dr_f"": 0.366474351109, ""learning_rate"": 0.000363769902, ""new_fc_1"": 18, ""new_fc_10"": 4, ""new_fc_2"": 9, ""new_fc_3"": 17, ""new_fc_4"": 30, ""new_fc_5"": 26, ""new_fc_6"": 1, ""new_fc_7"": 16, ""new_fc_8"": 19, ""new_fc_9"": 6, ""num_neurons"": 32, ""optimizer"": ""SGD"", ""reg_l2"": false, ""skip_connection"": true, ""unit_c1"": 3, ""unit_c2"": 3}"
236,84,flops,,,11.85177104,1777765656.0,15835876.0,,4268.4269,"{""activation"": ""swish"", ""batch_size"": 8, ""data_augmentation"": false, ""dr_f"": 0.190403081155, ""learning_rate"": 0.000373564554, ""new_fc_1"": 0, ""new_fc_10"": 13, ""new_fc_2"": 4, ""new_fc_3"": 31, ""new_fc_4"": 15, ""new_fc_5"": 9, ""new_fc_6"": 3, ""new_fc_7"": 14, ""new_fc_8"": 24, ""new_fc_9"": 16, ""num_neurons"": 64, ""optimizer"": ""SGD"", ""reg_l2"": true, ""skip_connection"": true, ""unit_c1"": 3, ""unit_c2"": 6}"
237,85,accuracy,0.9906000001356006,0.009399999864399433,0.05959568,8939352.0,355732.0,-0.2887012959050796,4412.8416,"{""activation"": ""swish"", ""batch_size"": 64, ""data_augmentation"": false, ""dr_f"": 0.24197354465, ""learning_rate"": 0.000370556271, ""new_fc_1"": 22, ""new_fc_10"": 4, ""new_fc_2"": 25, ""new_fc_3"": 3, ""new_fc_4"": 24, ""new_fc_5"": 19, ""new_fc_6"": 29, ""new_fc_7"": 0, ""new_fc_8"": 17, ""new_fc_9"": 17, ""num_neurons"": 8, ""optimizer"": ""SGD"", ""reg_l2"": false, ""skip_connection"": true, ""unit_c1"": 2, ""unit_c2"": 2}"
238,86,accuracy,10000000000.0,,2.5852950933333334,387794264.0,11096420.0,10000000000.0,4414.4255,"{""activation"": ""relu"", ""batch_size"": 16, ""data_augmentation"": true, ""dr_f"": 0.192692453273, ""learning_rate"": 0.000653719784, ""new_fc_1"": 16, ""new_fc_10"": 9, ""new_fc_2"": 19, ""new_fc_3"": 19, ""new_fc_4"": 5, ""new_fc_5"": 14, ""new_fc_6"": 14, ""new_fc_7"": 17, ""new_fc_8"": 10, ""new_fc_9"": 9, ""num_neurons"": 64, ""optimizer"": ""Adam"", ""reg_l2"": false, ""skip_connection"": false, ""unit_c1"": 2, ""unit_c2"": 1}"
239,87,accuracy,10000000000.0,,1.40465104,210697656.0,9120964.0,10000000000.0,4415.7425,"{""activation"": ""swish"", ""batch_size"": 8, ""data_augmentation"": false, ""dr_f"": 0.113017538395, ""learning_rate"": 0.00055530108, ""new_fc_1"": 27, ""new_fc_10"": 18, ""new_fc_2"": 12, ""new_fc_3"": 10, ""new_fc_4"": 9, ""new_fc_5"": 19, ""new_fc_6"": 2, ""new_fc_7"": 26, ""new_fc_8"": 15, ""new_fc_9"": 15, ""num_neurons"": 32, ""optimizer"": ""SGD"", ""reg_l2"": true, ""skip_connection"": false, ""unit_c1"": 2, ""unit_c2"": 4}"
240,87,flops,,,0.04500125333333333,6750188.0,70512.0,,4417.2305,"{""activation"": ""swish"", ""batch_size"": 16, ""data_augmentation"": true, ""dr_f"": 0.240443044077, ""learning_rate"": 0.00093407123, ""new_fc_1"": 4, ""new_fc_10"": 23, ""new_fc_2"": 16, ""new_fc_3"": 32, ""new_fc_4"": 8, ""new_fc_5"": 31, ""new_fc_6"": 20, ""new_fc_7"": 0, ""new_fc_8"": 23, ""new_fc_9"": 18, ""num_neurons"": 4, ""optimizer"": ""SGD"", ""reg_l2"": true, ""skip_connection"": false, ""unit_c1"": 4, ""unit_c2"": 2}"
241,88,accuracy,0.9903999995440245,0.009600000455975533,0.0598828,8982420.0,234532.0,-0.28875516031918286,5102.5096,"{""activation"": ""selu"", ""batch_size"": 8, ""data_augmentation"": true, ""dr_f"": 0.402765630546, ""learning_rate"": 0.000405286408, ""new_fc_1"": 28, ""new_fc_10"": 14, ""new_fc_2"": 5, ""new_fc_3"": 15, ""new_fc_4"": 10, ""new_fc_5"": 12, ""new_fc_6"": 29, ""new_fc_7"": 2, ""new_fc_8"": 27, ""new_fc_9"": 1, ""num_neurons"": 4, ""optimizer"": ""Adadelta"", ""reg_l2"": true, ""skip_connection"": false, ""unit_c1"": 3, ""unit_c2"": 7}"
242,88,flops,,,0.1662376,24935640.0,995628.0,,5103.6389,"{""activation"": ""swish"", ""batch_size"": 16, ""data_augmentation"": false, ""dr_f"": 0.190406163717, ""learning_rate"": 0.000784456588, ""new_fc_1"": 25, ""new_fc_10"": 29, ""new_fc_2"": 0, ""new_fc_3"": 26, ""new_fc_4"": 10, ""new_fc_5"": 17, ""new_fc_6"": 0, ""new_fc_7"": 16, ""new_fc_8"": 4, ""new_fc_9"": 9, ""num_neurons"": 8, ""optimizer"": ""SGD"", ""reg_l2"": false, ""skip_connection"": false, ""unit_c1"": 1, ""unit_c2"": 8}"
243,88,flops,,,0.033126293333333334,4968944.0,112032.0,,5104.8506,"{""activation"": ""swish"", ""batch_size"": 16, ""data_augmentation"": false, ""dr_f"": 0.474035326675, ""learning_rate"": 0.000112635665, ""new_fc_1"": 22, ""new_fc_10"": 17, ""new_fc_2"": 8, ""new_fc_3"": 18, ""new_fc_4"": 0, ""new_fc_5"": 24, ""new_fc_6"": 11, ""new_fc_7"": 27, ""new_fc_8"": 10, ""new_fc_9"": 17, ""num_neurons"": 4, ""optimizer"": ""Adadelta"", ""reg_l2"": false, ""skip_connection"": false, ""unit_c1"": 3, ""unit_c2"": 3}"
244,88,flops,,,10.692210933333334,1603831640.0,39690020.0,,5107.4039,"{""activation"": ""elu"", ""batch_size"": 64, ""data_augmentation"": true, ""dr_f"": 0.142314586071, ""learning_rate"": 0.000676723111, ""new_fc_1"": 13, ""new_fc_10"": 28, ""new_fc_2"": 15, ""new_fc_3"": 5, ""new_fc_4"": 2, ""new_fc_5"": 21, ""new_fc_6"": 31, ""new_fc_7"": 22, ""new_fc_8"": 19, ""new_fc_9"": 24, ""num_neurons"": 64, ""optimizer"": ""Adagrad"", ""reg_l2"": true, ""skip_connection"": true, ""unit_c1"": 2, ""unit_c2"": 7}"
245,89,accuracy,0.9769000001251698,0.023099999874830246,0.17058032,25587048.0,664692.0,-0.26499590391238115,5373.1437,"{""activation"": ""elu"", ""batch_size"": 64, ""data_augmentation"": false, ""dr_f"": 0.067692369922, ""learning_rate"": 0.000237468522, ""new_fc_1"": 17, ""new_fc_10"": 11, ""new_fc_2"": 14, ""new_fc_3"": 31, ""new_fc_4"": 0, ""new_fc_5"": 10, ""new_fc_6"": 3, ""new_fc_7"": 20, ""new_fc_8"": 8, ""new_fc_9"": 7, ""num_neurons"": 16, ""optimizer"": ""SGD"", ""reg_l2"": true, ""skip_connection"": false, ""unit_c1"": 2, ""unit_c2"": 1}"
246,90,accuracy,0.8898999989032745,0.11010000109672546,0.020216266666666666,3032440.0,138548.0,-0.3710051207677078,6297.9186,"{""activation"": ""selu"", ""batch_size"": 16, ""data_augmentation"": false, ""dr_f"": 0.08719567542, ""learning_rate"": 0.000253400043, ""new_fc_1"": 26, ""new_fc_10"": 3, ""new_fc_2"": 27, ""new_fc_3"": 25, ""new_fc_4"": 32, ""new_fc_5"": 1, ""new_fc_6"": 27, ""new_fc_7"": 23, ""new_fc_8"": 8, ""new_fc_9"": 28, ""num_neurons"": 4, ""optimizer"": ""SGD"", ""reg_l2"": false, ""skip_connection"": false, ""unit_c1"": 2, ""unit_c2"": 3}"
247,91,accuracy,10000000000.0,,10.692210933333334,1603831640.0,39690020.0,10000000000.0,6300.334,"{""activation"": ""elu"", ""batch_size"": 64, ""data_augmentation"": true, ""dr_f"": 0.142314586071, ""learning_rate"": 0.000676723111, ""new_fc_1"": 13, ""new_fc_10"": 28, ""new_fc_2"": 15, ""new_fc_3"": 5, ""new_fc_4"": 2, ""new_fc_5"": 21, ""new_fc_6"": 31, ""new_fc_7"": 22, ""new_fc_8"": 19, ""new_fc_9"": 24, ""num_neurons"": 64, ""optimizer"": ""Adagrad"", ""reg_l2"": true, ""skip_connection"": true, ""unit_c1"": 2, ""unit_c2"": 7}"
248,92,accuracy,0.9897999996319413,0.010200000368058681,0.02610872,3916308.0,44672.0,-0.29930738425764103,6505.4439,"{""activation"": ""swish"", ""batch_size"": 32, ""data_augmentation"": true, ""dr_f"": 0.371403373316, ""learning_rate"": 0.000131552992, ""new_fc_1"": 25, ""new_fc_10"": 2, ""new_fc_2"": 1, ""new_fc_3"": 6, ""new_fc_4"": 1, ""new_fc_5"": 32, ""new_fc_6"": 0, ""new_fc_7"": 17, ""new_fc_8"": 10, ""new_fc_9"": 15, ""num_neurons"": 4, ""optimizer"": ""Adagrad"", ""reg_l2"": true, ""skip_connection"": true, ""unit_c1"": 3, ""unit_c2"": 1}"
249,93,accuracy,0.9591999985277653,0.040800001472234726,0.43562490666666664,65343736.0,8189220.0,-0.1978725290305643,7070.5834,"{""activation"": ""elu"", ""batch_size"": 16, ""data_augmentation"": true, ""dr_f"": 0.314259274135, ""learning_rate"": 0.00073087747, ""new_fc_1"": 32, ""new_fc_10"": 20, ""new_fc_2"": 6, ""new_fc_3"": 26, ""new_fc_4"": 32, ""new_fc_5"": 29, ""new_fc_6"": 22, ""new_fc_7"": 7, ""new_fc_8"": 22, ""new_fc_9"": 17, ""num_neurons"": 32, ""optimizer"": ""Adam"", ""reg_l2"": false, ""skip_connection"": false, ""unit_c1"": 1, ""unit_c2"": 2}"
250,94,accuracy,0.9903999995440245,0.009600000455975533,0.10087674666666667,15131512.0,950324.0,-0.2764569763191828,7815.926,"{""activation"": ""swish"", ""batch_size"": 8, ""data_augmentation"": true, ""dr_f"": 0.285218555374, ""learning_rate"": 0.000212660398, ""new_fc_1"": 15, ""new_fc_10"": 8, ""new_fc_2"": 6, ""new_fc_3"": 26, ""new_fc_4"": 20, ""new_fc_5"": 14, ""new_fc_6"": 12, ""new_fc_7"": 22, ""new_fc_8"": 5, ""new_fc_9"": 6, ""num_neurons"": 16, ""optimizer"": ""Adadelta"", ""reg_l2"": false, ""skip_connection"": true, ""unit_c1"": 1, ""unit_c2"": 2}"
251,95,accuracy,0.9900000002235174,0.009999999776482582,0.03051608,4577412.0,94900.0,-0.2978451758435378,8021.7434,"{""activation"": ""relu"", ""batch_size"": 32, ""data_augmentation"": false, ""dr_f"": 0.144016839433, ""learning_rate"": 0.000876660767, ""new_fc_1"": 6, ""new_fc_10"": 28, ""new_fc_2"": 11, ""new_fc_3"": 15, ""new_fc_4"": 23, ""new_fc_5"": 13, ""new_fc_6"": 32, ""new_fc_7"": 25, ""new_fc_8"": 20, ""new_fc_9"": 6, ""num_neurons"": 4, ""optimizer"": ""Adamax"", ""reg_l2"": true, ""skip_connection"": true, ""unit_c1"": 2, ""unit_c2"": 5}"
252,96,accuracy,0.9900000002235174,0.009999999776482582,0.07658693333333333,11488040.0,462092.0,-0.2840239198435378,8406.8746,"{""activation"": ""swish"", ""batch_size"": 16, ""data_augmentation"": true, ""dr_f"": 0.484670859458, ""learning_rate"": 0.000455560913, ""new_fc_1"": 12, ""new_fc_10"": 26, ""new_fc_2"": 25, ""new_fc_3"": 29, ""new_fc_4"": 16, ""new_fc_5"": 6, ""new_fc_6"": 20, ""new_fc_7"": 7, ""new_fc_8"": 9, ""new_fc_9"": 24, ""num_neurons"": 8, ""optimizer"": ""Adagrad"", ""reg_l2"": true, ""skip_connection"": false, ""unit_c1"": 1, ""unit_c2"": 5}"
253,97,accuracy,0.9925000001676381,0.007499999832361937,0.15937669333333335,23906504.0,1789108.0,-0.25743699188265334,8552.2178,"{""activation"": ""relu"", ""batch_size"": 64, ""data_augmentation"": false, ""dr_f"": 0.496143483605, ""learning_rate"": 0.000176725726, ""new_fc_1"": 14, ""new_fc_10"": 19, ""new_fc_2"": 12, ""new_fc_3"": 26, ""new_fc_4"": 31, ""new_fc_5"": 17, ""new_fc_6"": 8, ""new_fc_7"": 31, ""new_fc_8"": 27, ""new_fc_9"": 22, ""num_neurons"": 16, ""optimizer"": ""Adadelta"", ""reg_l2"": true, ""skip_connection"": true, ""unit_c1"": 1, ""unit_c2"": 3}"
254,97,flops,,,0.30596789333333335,45895184.0,653572.0,,8553.4306,"{""activation"": ""selu"", ""batch_size"": 32, ""data_augmentation"": false, ""dr_f"": 0.094993720186, ""learning_rate"": 0.000224657224, ""new_fc_1"": 18, ""new_fc_10"": 15, ""new_fc_2"": 18, ""new_fc_3"": 14, ""new_fc_4"": 0, ""new_fc_5"": 0, ""new_fc_6"": 4, ""new_fc_7"": 31, ""new_fc_8"": 7, ""new_fc_9"": 4, ""num_neurons"": 8, ""optimizer"": ""Adamax"", ""reg_l2"": true, ""skip_connection"": true, ""unit_c1"": 4, ""unit_c2"": 7}"
255,98,accuracy,0.966899998486042,0.03310000151395798,0.26897936,40346904.0,5103108.0,-0.24247619305977056,9478.5367,"{""activation"": ""elu"", ""batch_size"": 8, ""data_augmentation"": true, ""dr_f"": 0.162283248284, ""learning_rate"": 0.000781073159, ""new_fc_1"": 23, ""new_fc_10"": 26, ""new_fc_2"": 11, ""new_fc_3"": 5, ""new_fc_4"": 17, ""new_fc_5"": 27, ""new_fc_6"": 29, ""new_fc_7"": 27, ""new_fc_8"": 30, ""new_fc_9"": 3, ""num_neurons"": 32, ""optimizer"": ""Adamax"", ""reg_l2"": true, ""skip_connection"": false, ""unit_c1"": 1, ""unit_c2"": 1}"
256,98,flops,,,2.0110314133333334,301654712.0,8779172.0,,9479.777,"{""activation"": ""elu"", ""batch_size"": 64, ""data_augmentation"": true, ""dr_f"": 0.39827164954, ""learning_rate"": 0.000694267699, ""new_fc_1"": 10, ""new_fc_10"": 17, ""new_fc_2"": 29, ""new_fc_3"": 32, ""new_fc_4"": 29, ""new_fc_5"": 12, ""new_fc_6"": 12, ""new_fc_7"": 22, ""new_fc_8"": 15, ""new_fc_9"": 9, ""num_neurons"": 32, ""optimizer"": ""Adam"", ""reg_l2"": false, ""skip_connection"": false, ""unit_c1"": 1, ""unit_c2"": 7}"
257,98,flops,,,4.072933493333333,610940024.0,9815428.0,,9481.213,"{""activation"": ""elu"", ""batch_size"": 64, ""data_augmentation"": false, ""dr_f"": 0.341767750441, ""learning_rate"": 0.000355665082, ""new_fc_1"": 15, ""new_fc_10"": 10, ""new_fc_2"": 27, ""new_fc_3"": 3, ""new_fc_4"": 31, ""new_fc_5"": 17, ""new_fc_6"": 20, ""new_fc_7"": 25, ""new_fc_8"": 16, ""new_fc_9"": 29, ""num_neurons"": 32, ""optimizer"": ""Adamax"", ""reg_l2"": true, ""skip_connection"": false, ""unit_c1"": 4, ""unit_c2"": 6}"
258,99,accuracy,0.9900000002235174,0.009999999776482582,0.65473936,98210904.0,1689316.0,-0.1105781918435378,10227.3532,"{""activation"": ""relu"", ""batch_size"": 8, ""data_augmentation"": false, ""dr_f"": 0.385300446267, ""learning_rate"": 0.000239457941, ""new_fc_1"": 6, ""new_fc_10"": 20, ""new_fc_2"": 28, ""new_fc_3"": 8, ""new_fc_4"": 25, ""new_fc_5"": 30, ""new_fc_6"": 16, ""new_fc_7"": 15, ""new_fc_8"": 32, ""new_fc_9"": 12, ""num_neurons"": 16, ""optimizer"": ""Adamax"", ""reg_l2"": true, ""skip_connection"": false, ""unit_c1"": 2, ""unit_c2"": 7}"
259,99,flops,,,0.033560346666666664,5034052.0,186220.0,,10228.4257,"{""activation"": ""selu"", ""batch_size"": 32, ""data_augmentation"": true, ""dr_f"": 0.484706190485, ""learning_rate"": 0.000966278889, ""new_fc_1"": 18, ""new_fc_10"": 30, ""new_fc_2"": 9, ""new_fc_3"": 22, ""new_fc_4"": 9, ""new_fc_5"": 8, ""new_fc_6"": 28, ""new_fc_7"": 6, ""new_fc_8"": 17, ""new_fc_9"": 24, ""num_neurons"": 4, ""optimizer"": ""Adamax"", ""reg_l2"": false, ""skip_connection"": false, ""unit_c1"": 1, ""unit_c2"": 7}"
260,100,accuracy,0.9900000002235174,0.009999999776482582,0.02072832,3109248.0,162488.0,-0.3007815038435378,10553.5544,"{""activation"": ""swish"", ""batch_size"": 16, ""data_augmentation"": false, ""dr_f"": 0.17734227722, ""learning_rate"": 0.000519785688, ""new_fc_1"": 24, ""new_fc_10"": 8, ""new_fc_2"": 12, ""new_fc_3"": 25, ""new_fc_4"": 2, ""new_fc_5"": 29, ""new_fc_6"": 6, ""new_fc_7"": 31, ""new_fc_8"": 21, ""new_fc_9"": 8, ""num_neurons"": 4, ""optimizer"": ""Adagrad"", ""reg_l2"": false, ""skip_connection"": false, ""unit_c1"": 1, ""unit_c2"": 5}"
261,101,accuracy,0.9900000002235174,0.009999999776482582,0.29127984,43691976.0,879220.0,-0.21961604784353778,266.0701,"{""activation"": ""swish"", ""batch_size"": 32, ""data_augmentation"": false, ""dr_f"": 0.194193818875, ""learning_rate"": 0.000802805654, ""new_fc_1"": 5, ""new_fc_10"": 15, ""new_fc_2"": 0, ""new_fc_3"": 0, ""new_fc_4"": 12, ""new_fc_5"": 29, ""new_fc_6"": 6, ""new_fc_7"": 18, ""new_fc_8"": 12, ""new_fc_9"": 20, ""num_neurons"": 16, ""optimizer"": ""Adagrad"", ""reg_l2"": true, ""skip_connection"": true, ""unit_c1"": 1, ""unit_c2"": 5}"
262,102,accuracy,0.9900000002235174,0.009999999776482582,0.07321256,10981884.0,239960.0,-0.2850362318435378,651.6162,"{""activation"": ""swish"", ""batch_size"": 16, ""data_augmentation"": false, ""dr_f"": 0.432915644154, ""learning_rate"": 0.000406464714, ""new_fc_1"": 27, ""new_fc_10"": 31, ""new_fc_2"": 25, ""new_fc_3"": 10, ""new_fc_4"": 23, ""new_fc_5"": 0, ""new_fc_6"": 31, ""new_fc_7"": 19, ""new_fc_8"": 13, ""new_fc_9"": 8, ""num_neurons"": 4, ""optimizer"": ""Adam"", ""reg_l2"": true, ""skip_connection"": true, ""unit_c1"": 4, ""unit_c2"": 6}"
263,103,accuracy,0.7882999926805496,0.21170000731945038,0.31400752,47101128.0,2659668.0,-0.35398774912361525,1216.8533,"{""activation"": ""selu"", ""batch_size"": 64, ""data_augmentation"": false, ""dr_f"": 0.117755941286, ""learning_rate"": 0.000108670067, ""new_fc_1"": 27, ""new_fc_10"": 22, ""new_fc_2"": 11, ""new_fc_3"": 19, ""new_fc_4"": 12, ""new_fc_5"": 4, ""new_fc_6"": 25, ""new_fc_7"": 1, ""new_fc_8"": 21, ""new_fc_9"": 9, ""num_neurons"": 16, ""optimizer"": ""Adam"", ""reg_l2"": true, ""skip_connection"": true, ""unit_c1"": 1, ""unit_c2"": 5}"
264,104,accuracy,0.989500000141561,0.010499999858438969,0.04178365333333333,6267548.0,131540.0,-0.29481490390090725,1363.1797,"{""activation"": ""swish"", ""batch_size"": 64, ""data_augmentation"": true, ""dr_f"": 0.324019121189, ""learning_rate"": 0.000818754207, ""new_fc_1"": 10, ""new_fc_10"": 2, ""new_fc_2"": 22, ""new_fc_3"": 28, ""new_fc_4"": 16, ""new_fc_5"": 15, ""new_fc_6"": 27, ""new_fc_7"": 12, ""new_fc_8"": 2, ""new_fc_9"": 13, ""num_neurons"": 4, ""optimizer"": ""Adagrad"", ""reg_l2"": false, ""skip_connection"": true, ""unit_c1"": 1, ""unit_c2"": 8}"
265,105,accuracy,0.7675999999046326,0.23240000009536743,0.20923232,31384848.0,619644.0,-0.3999103040667572,2469.1129,"{""activation"": ""elu"", ""batch_size"": 16, ""data_augmentation"": true, ""dr_f"": 0.367182433367, ""learning_rate"": 0.000166662896, ""new_fc_1"": 23, ""new_fc_10"": 4, ""new_fc_2"": 13, ""new_fc_3"": 22, ""new_fc_4"": 25, ""new_fc_5"": 30, ""new_fc_6"": 26, ""new_fc_7"": 6, ""new_fc_8"": 21, ""new_fc_9"": 13, ""num_neurons"": 8, ""optimizer"": ""Adam"", ""reg_l2"": false, ""skip_connection"": false, ""unit_c1"": 4, ""unit_c2"": 4}"
266,106,accuracy,10000000000.0,,9.02368016,1353552024.0,13092324.0,10000000000.0,2470.7801,"{""activation"": ""swish"", ""batch_size"": 64, ""data_augmentation"": false, ""dr_f"": 0.231162988277, ""learning_rate"": 0.000617876387, ""new_fc_1"": 6, ""new_fc_10"": 5, ""new_fc_2"": 7, ""new_fc_3"": 14, ""new_fc_4"": 18, ""new_fc_5"": 29, ""new_fc_6"": 26, ""new_fc_7"": 25, ""new_fc_8"": 4, ""new_fc_9"": 21, ""num_neurons"": 64, ""optimizer"": ""Adam"", ""reg_l2"": true, ""skip_connection"": true, ""unit_c1"": 4, ""unit_c2"": 1}"
267,107,accuracy,10000000000.0,,9.79310224,1468965336.0,10779876.0,10000000000.0,2473.3049,"{""activation"": ""elu"", ""batch_size"": 32, ""data_augmentation"": false, ""dr_f"": 0.085829019637, ""learning_rate"": 0.00048435066, ""new_fc_1"": 9, ""new_fc_10"": 25, ""new_fc_2"": 18, ""new_fc_3"": 19, ""new_fc_4"": 5, ""new_fc_5"": 4, ""new_fc_6"": 12, ""new_fc_7"": 10, ""new_fc_8"": 2, ""new_fc_9"": 14, ""num_neurons"": 64, ""optimizer"": ""Adamax"", ""reg_l2"": false, ""skip_connection"": false, ""unit_c1"": 4, ""unit_c2"": 2}"
268,108,accuracy,0.9912999998778105,0.008700000122189522,0.06251722666666666,9377584.0,161828.0,-0.2873348320855327,3098.6494,"{""activation"": ""swish"", ""batch_size"": 8, ""data_augmentation"": true, ""dr_f"": 0.090872086152, ""learning_rate"": 0.000399988908, ""new_fc_1"": 0, ""new_fc_10"": 31, ""new_fc_2"": 0, ""new_fc_3"": 24, ""new_fc_4"": 7, ""new_fc_5"": 22, ""new_fc_6"": 10, ""new_fc_7"": 23, ""new_fc_8"": 5, ""new_fc_9"": 0, ""num_neurons"": 4, ""optimizer"": ""Adadelta"", ""reg_l2"": false, ""skip_connection"": false, ""unit_c1"": 4, ""unit_c2"": 5}"
269,109,accuracy,10000000000.0,,20.735779573333332,3110366936.0,41707748.0,10000000000.0,3102.4573,"{""activation"": ""selu"", ""batch_size"": 64, ""data_augmentation"": false, ""dr_f"": 0.324826215407, ""learning_rate"": 0.000309452965, ""new_fc_1"": 14, ""new_fc_10"": 0, ""new_fc_2"": 10, ""new_fc_3"": 8, ""new_fc_4"": 16, ""new_fc_5"": 5, ""new_fc_6"": 29, ""new_fc_7"": 25, ""new_fc_8"": 18, ""new_fc_9"": 13, ""num_neurons"": 64, ""optimizer"": ""Adadelta"", ""reg_l2"": false, ""skip_connection"": false, ""unit_c1"": 4, ""unit_c2"": 8}"
270,110,accuracy,0.8788999989628792,0.12110000103712082,0.17213082666666665,25819624.0,781172.0,-0.3331307527259846,3787.1268,"{""activation"": ""selu"", ""batch_size"": 32, ""data_augmentation"": true, ""dr_f"": 0.253026983796, ""learning_rate"": 0.000379576937, ""new_fc_1"": 8, ""new_fc_10"": 5, ""new_fc_2"": 5, ""new_fc_3"": 9, ""new_fc_4"": 11, ""new_fc_5"": 14, ""new_fc_6"": 1, ""new_fc_7"": 29, ""new_fc_8"": 31, ""new_fc_9"": 32, ""num_neurons"": 16, ""optimizer"": ""Adamax"", ""reg_l2"": true, ""skip_connection"": false, ""unit_c1"": 2, ""unit_c2"": 1}"
271,110,flops,,,12.58560528,1887840792.0,30418084.0,,3789.4724,"{""activation"": ""swish"", ""batch_size"": 16, ""data_augmentation"": true, ""dr_f"": 0.236420037423, ""learning_rate"": 0.000746425957, ""new_fc_1"": 19, ""new_fc_10"": 0, ""new_fc_2"": 5, ""new_fc_3"": 20, ""new_fc_4"": 26, ""new_fc_5"": 12, ""new_fc_6"": 29, ""new_fc_7"": 15, ""new_fc_8"": 11, ""new_fc_9"": 12, ""num_neurons"": 64, ""optimizer"": ""Adagrad"", ""reg_l2"": false, ""skip_connection"": true, ""unit_c1"": 4, ""unit_c2"": 4}"
272,111,accuracy,0.9900000002235174,0.009999999776482582,0.8561168533333333,128417528.0,5639044.0,-0.05016494384353781,4055.0039,"{""activation"": ""swish"", ""batch_size"": 64, ""data_augmentation"": true, ""dr_f"": 0.39920808609, ""learning_rate"": 0.00058196481, ""new_fc_1"": 20, ""new_fc_10"": 3, ""new_fc_2"": 24, ""new_fc_3"": 27, ""new_fc_4"": 8, ""new_fc_5"": 2, ""new_fc_6"": 31, ""new_fc_7"": 15, ""new_fc_8"": 25, ""new_fc_9"": 20, ""num_neurons"": 32, ""optimizer"": ""Adadelta"", ""reg_l2"": true, ""skip_connection"": false, ""unit_c1"": 2, ""unit_c2"": 2}"
273,112,accuracy,0.9900000002235174,0.009999999776482582,0.7229229333333334,108438440.0,2127796.0,-0.0901231198435378,4920.3267,"{""activation"": ""swish"", ""batch_size"": 8, ""data_augmentation"": false, ""dr_f"": 0.285019277612, ""learning_rate"": 0.000980993537, ""new_fc_1"": 22, ""new_fc_10"": 19, ""new_fc_2"": 30, ""new_fc_3"": 28, ""new_fc_4"": 20, ""new_fc_5"": 9, ""new_fc_6"": 28, ""new_fc_7"": 27, ""new_fc_8"": 0, ""new_fc_9"": 8, ""num_neurons"": 16, ""optimizer"": ""Adamax"", ""reg_l2"": true, ""skip_connection"": false, ""unit_c1"": 4, ""unit_c2"": 3}"
274,112,flops,,,1.7565689066666668,263485336.0,6939588.0,,4921.8116,"{""activation"": ""relu"", ""batch_size"": 8, ""data_augmentation"": true, ""dr_f"": 0.198610803905, ""learning_rate"": 0.000511337125, ""new_fc_1"": 11, ""new_fc_10"": 8, ""new_fc_2"": 16, ""new_fc_3"": 25, ""new_fc_4"": 30, ""new_fc_5"": 30, ""new_fc_6"": 12, ""new_fc_7"": 1, ""new_fc_8"": 31, ""new_fc_9"": 6, ""num_neurons"": 32, ""optimizer"": ""SGD"", ""reg_l2"": true, ""skip_connection"": true, ""unit_c1"": 2, ""unit_c2"": 5}"
275,112,flops,,,0.19000650666666666,28500976.0,298164.0,,4923.2995,"{""activation"": ""relu"", ""batch_size"": 16, ""data_augmentation"": false, ""dr_f"": 0.04763530101, ""learning_rate"": 0.000398731354, ""new_fc_1"": 3, ""new_fc_10"": 9, ""new_fc_2"": 21, ""new_fc_3"": 11, ""new_fc_4"": 26, ""new_fc_5"": 23, ""new_fc_6"": 2, ""new_fc_7"": 26, ""new_fc_8"": 26, ""new_fc_9"": 24, ""num_neurons"": 8, ""optimizer"": ""SGD"", ""reg_l2"": true, ""skip_connection"": false, ""unit_c1"": 3, ""unit_c2"": 6}"
276,112,flops,,,17.040566346666665,2556084952.0,79635364.0,,4927.6889,"{""activation"": ""selu"", ""batch_size"": 16, ""data_augmentation"": true, ""dr_f"": 0.25027906222, ""learning_rate"": 0.000121220181, ""new_fc_1"": 32, ""new_fc_10"": 28, ""new_fc_2"": 20, ""new_fc_3"": 8, ""new_fc_4"": 8, ""new_fc_5"": 19, ""new_fc_6"": 9, ""new_fc_7"": 6, ""new_fc_8"": 12, ""new_fc_9"": 20, ""num_neurons"": 64, ""optimizer"": ""Adadelta"", ""reg_l2"": false, ""skip_connection"": true, ""unit_c1"": 3, ""unit_c2"": 8}"
277,113,accuracy,0.9879999998956919,0.012000000104308128,0.19892874666666666,29839312.0,321708.0,-0.24872137607301567,5312.5134,"{""activation"": ""elu"", ""batch_size"": 16, ""data_augmentation"": false, ""dr_f"": 0.044394354042, ""learning_rate"": 0.000626955406, ""new_fc_1"": 4, ""new_fc_10"": 14, ""new_fc_2"": 26, ""new_fc_3"": 20, ""new_fc_4"": 23, ""new_fc_5"": 24, ""new_fc_6"": 1, ""new_fc_7"": 7, ""new_fc_8"": 1, ""new_fc_9"": 23, ""num_neurons"": 8, ""optimizer"": ""SGD"", ""reg_l2"": true, ""skip_connection"": false, ""unit_c1"": 2, ""unit_c2"": 8}"
278,113,flops,,,1.6892223466666667,253383352.0,15810852.0,,5314.366,"{""activation"": ""selu"", ""batch_size"": 8, ""data_augmentation"": false, ""dr_f"": 0.268218735167, ""learning_rate"": 0.000182820569, ""new_fc_1"": 27, ""new_fc_10"": 20, ""new_fc_2"": 20, ""new_fc_3"": 28, ""new_fc_4"": 28, ""new_fc_5"": 24, ""new_fc_6"": 32, ""new_fc_7"": 19, ""new_fc_8"": 4, ""new_fc_9"": 25, ""num_neurons"": 32, ""optimizer"": ""Adamax"", ""reg_l2"": true, ""skip_connection"": true, ""unit_c1"": 1, ""unit_c2"": 6}"
279,113,flops,,,1.1623235733333332,174348536.0,2315556.0,,5315.6037,"{""activation"": ""relu"", ""batch_size"": 64, ""data_augmentation"": false, ""dr_f"": 0.224681734321, ""learning_rate"": 0.000701403571, ""new_fc_1"": 15, ""new_fc_10"": 16, ""new_fc_2"": 6, ""new_fc_3"": 6, ""new_fc_4"": 29, ""new_fc_5"": 11, ""new_fc_6"": 11, ""new_fc_7"": 25, ""new_fc_8"": 2, ""new_fc_9"": 17, ""num_neurons"": 16, ""optimizer"": ""SGD"", ""reg_l2"": true, ""skip_connection"": false, ""unit_c1"": 4, ""unit_c2"": 7}"
280,114,accuracy,0.9824999999254942,0.017500000074505806,0.8028345066666667,120425176.0,1811364.0,-0.07139964805215407,5700.3855,"{""activation"": ""elu"", ""batch_size"": 32, ""data_augmentation"": true, ""dr_f"": 0.382394086185, ""learning_rate"": 0.000682189346, ""new_fc_1"": 3, ""new_fc_10"": 18, ""new_fc_2"": 16, ""new_fc_3"": 17, ""new_fc_4"": 10, ""new_fc_5"": 18, ""new_fc_6"": 2, ""new_fc_7"": 1, ""new_fc_8"": 17, ""new_fc_9"": 14, ""num_neurons"": 32, ""optimizer"": ""Adadelta"", ""reg_l2"": true, ""skip_connection"": false, ""unit_c1"": 2, ""unit_c2"": 2}"
281,115,accuracy,10000000000.0,,20.81893776,3122840664.0,13342564.0,10000000000.0,5701.9868,"{""activation"": ""selu"", ""batch_size"": 8, ""data_augmentation"": false, ""dr_f"": 0.03240995046, ""learning_rate"": 0.000480374609, ""new_fc_1"": 0, ""new_fc_10"": 2, ""new_fc_2"": 1, ""new_fc_3"": 17, ""new_fc_4"": 15, ""new_fc_5"": 24, ""new_fc_6"": 22, ""new_fc_7"": 6, ""new_fc_8"": 20, ""new_fc_9"": 13, ""num_neurons"": 64, ""optimizer"": ""SGD"", ""reg_l2"": false, ""skip_connection"": true, ""unit_c1"": 4, ""unit_c2"": 8}"
282,115,flops,,,1.1826648,177399720.0,1722756.0,,5703.2553,"{""activation"": ""selu"", ""batch_size"": 8, ""data_augmentation"": false, ""dr_f"": 0.067896304112, ""learning_rate"": 0.000631981828, ""new_fc_1"": 9, ""new_fc_10"": 19, ""new_fc_2"": 12, ""new_fc_3"": 7, ""new_fc_4"": 14, ""new_fc_5"": 32, ""new_fc_6"": 10, ""new_fc_7"": 0, ""new_fc_8"": 22, ""new_fc_9"": 0, ""num_neurons"": 16, ""optimizer"": ""Adamax"", ""reg_l2"": true, ""skip_connection"": true, ""unit_c1"": 4, ""unit_c2"": 7}"
283,116,accuracy,0.9631000012159348,0.03689999878406525,0.03906978666666667,5860468.0,248368.0,-0.3141090631488456,5968.3596,"{""activation"": ""selu"", ""batch_size"": 64, ""data_augmentation"": false, ""dr_f"": 0.250398956553, ""learning_rate"": 0.000573301652, ""new_fc_1"": 31, ""new_fc_10"": 4, ""new_fc_2"": 30, ""new_fc_3"": 16, ""new_fc_4"": 15, ""new_fc_5"": 9, ""new_fc_6"": 21, ""new_fc_7"": 26, ""new_fc_8"": 7, ""new_fc_9"": 24, ""num_neurons"": 4, ""optimizer"": ""Adam"", ""reg_l2"": true, ""skip_connection"": true, ""unit_c1"": 2, ""unit_c2"": 6}"
284,116,flops,,,0.09065866666666667,13598800.0,206212.0,,5969.613,"{""activation"": ""elu"", ""batch_size"": 8, ""data_augmentation"": true, ""dr_f"": 0.10964614754, ""learning_rate"": 0.000357950002, ""new_fc_1"": 0, ""new_fc_10"": 11, ""new_fc_2"": 17, ""new_fc_3"": 21, ""new_fc_4"": 7, ""new_fc_5"": 4, ""new_fc_6"": 21, ""new_fc_7"": 18, ""new_fc_8"": 20, ""new_fc_9"": 16, ""num_neurons"": 8, ""optimizer"": ""SGD"", ""reg_l2"": false, ""skip_connection"": false, ""unit_c1"": 3, ""unit_c2"": 1}"
285,117,accuracy,0.9906000001356006,0.009399999864399433,0.6478979733333333,97184696.0,2698324.0,-0.1122106079050796,6175.509,"{""activation"": ""swish"", ""batch_size"": 64, ""data_augmentation"": true, ""dr_f"": 0.374900785242, ""learning_rate"": 0.000784001986, ""new_fc_1"": 15, ""new_fc_10"": 31, ""new_fc_2"": 18, ""new_fc_3"": 29, ""new_fc_4"": 9, ""new_fc_5"": 20, ""new_fc_6"": 4, ""new_fc_7"": 26, ""new_fc_8"": 1, ""new_fc_9"": 17, ""num_neurons"": 16, ""optimizer"": ""Adadelta"", ""reg_l2"": false, ""skip_connection"": true, ""unit_c1"": 1, ""unit_c2"": 8}"
286,118,accuracy,0.7238999903202057,0.2761000096797943,0.09065866666666667,13598800.0,206212.0,-0.46607240677585604,8000.6112,"{""activation"": ""elu"", ""batch_size"": 8, ""data_augmentation"": true, ""dr_f"": 0.10964614754, ""learning_rate"": 0.000357950002, ""new_fc_1"": 0, ""new_fc_10"": 11, ""new_fc_2"": 17, ""new_fc_3"": 21, ""new_fc_4"": 7, ""new_fc_5"": 4, ""new_fc_6"": 21, ""new_fc_7"": 18, ""new_fc_8"": 20, ""new_fc_9"": 16, ""num_neurons"": 8, ""optimizer"": ""SGD"", ""reg_l2"": false, ""skip_connection"": false, ""unit_c1"": 3, ""unit_c2"": 1}"
287,118,flops,,,16.386893813333334,2458034072.0,30608996.0,,8002.9758,"{""activation"": ""selu"", ""batch_size"": 32, ""data_augmentation"": false, ""dr_f"": 0.141243653882, ""learning_rate"": 0.000524359835, ""new_fc_1"": 10, ""new_fc_10"": 30, ""new_fc_2"": 1, ""new_fc_3"": 12, ""new_fc_4"": 10, ""new_fc_5"": 6, ""new_fc_6"": 30, ""new_fc_7"": 6, ""new_fc_8"": 1, ""new_fc_9"": 27, ""num_neurons"": 64, ""optimizer"": ""Adam"", ""reg_l2"": false, ""skip_connection"": true, ""unit_c1"": 3, ""unit_c2"": 8}"
288,119,accuracy,10000000000.0,,1.80285648,270428472.0,4822372.0,10000000000.0,8004.0563,"{""activation"": ""selu"", ""batch_size"": 16, ""data_augmentation"": false, ""dr_f"": 0.366153238817, ""learning_rate"": 0.00084756074, ""new_fc_1"": 13, ""new_fc_10"": 6, ""new_fc_2"": 13, ""new_fc_3"": 10, ""new_fc_4"": 9, ""new_fc_5"": 1, ""new_fc_6"": 16, ""new_fc_7"": 20, ""new_fc_8"": 29, ""new_fc_9"": 18, ""num_neurons"": 32, ""optimizer"": ""Adamax"", ""reg_l2"": true, ""skip_connection"": true, ""unit_c1"": 3, ""unit_c2"": 3}"
289,120,accuracy,0.9900000002235174,0.009999999776482582,0.10885808,16328712.0,486940.0,-0.27434257584353783,8749.0658,"{""activation"": ""elu"", ""batch_size"": 8, ""data_augmentation"": false, ""dr_f"": 0.203210950249, ""learning_rate"": 0.000322472206, ""new_fc_1"": 23, ""new_fc_10"": 4, ""new_fc_2"": 5, ""new_fc_3"": 24, ""new_fc_4"": 10, ""new_fc_5"": 29, ""new_fc_6"": 29, ""new_fc_7"": 30, ""new_fc_8"": 30, ""new_fc_9"": 30, ""num_neurons"": 8, ""optimizer"": ""Adam"", ""reg_l2"": true, ""skip_connection"": true, ""unit_c1"": 3, ""unit_c2"": 2}"
290,121,accuracy,0.9889000002294779,0.011099999770522118,0.20269818666666667,30404728.0,537684.0,-0.2469605438393655,9013.9519,"{""activation"": ""swish"", ""batch_size"": 32, ""data_augmentation"": false, ""dr_f"": 0.416734445823, ""learning_rate"": 0.00079828387, ""new_fc_1"": 5, ""new_fc_10"": 3, ""new_fc_2"": 7, ""new_fc_3"": 13, ""new_fc_4"": 18, ""new_fc_5"": 3, ""new_fc_6"": 7, ""new_fc_7"": 5, ""new_fc_8"": 7, ""new_fc_9"": 10, ""num_neurons"": 16, ""optimizer"": ""Adadelta"", ""reg_l2"": false, ""skip_connection"": false, ""unit_c1"": 1, ""unit_c2"": 4}"
291,121,flops,,,0.5945119466666666,89176792.0,5052964.0,,9015.2599,"{""activation"": ""elu"", ""batch_size"": 32, ""data_augmentation"": false, ""dr_f"": 0.132617056319, ""learning_rate"": 0.000429948519, ""new_fc_1"": 17, ""new_fc_10"": 8, ""new_fc_2"": 1, ""new_fc_3"": 22, ""new_fc_4"": 12, ""new_fc_5"": 12, ""new_fc_6"": 2, ""new_fc_7"": 4, ""new_fc_8"": 29, ""new_fc_9"": 25, ""num_neurons"": 32, ""optimizer"": ""Adam"", ""reg_l2"": true, ""skip_connection"": true, ""unit_c1"": 1, ""unit_c2"": 3}"
292,121,flops,,,3.2068370666666666,481025560.0,9809444.0,,9016.9353,"{""activation"": ""swish"", ""batch_size"": 16, ""data_augmentation"": true, ""dr_f"": 0.458560475443, ""learning_rate"": 0.000920984511, ""new_fc_1"": 5, ""new_fc_10"": 1, ""new_fc_2"": 29, ""new_fc_3"": 2, ""new_fc_4"": 1, ""new_fc_5"": 28, ""new_fc_6"": 14, ""new_fc_7"": 24, ""new_fc_8"": 14, ""new_fc_9"": 23, ""num_neurons"": 64, ""optimizer"": ""Adamax"", ""reg_l2"": true, ""skip_connection"": true, ""unit_c1"": 2, ""unit_c2"": 2}"
293,121,flops,,,8.85096336,1327644504.0,44731748.0,,9019.7965,"{""activation"": ""elu"", ""batch_size"": 64, ""data_augmentation"": false, ""dr_f"": 0.361499915274, ""learning_rate"": 0.00084745279, ""new_fc_1"": 18, ""new_fc_10"": 29, ""new_fc_2"": 11, ""new_fc_3"": 18, ""new_fc_4"": 20, ""new_fc_5"": 30, ""new_fc_6"": 8, ""new_fc_7"": 27, ""new_fc_8"": 21, ""new_fc_9"": 22, ""num_neurons"": 64, ""optimizer"": ""Adagrad"", ""reg_l2"": true, ""skip_connection"": true, ""unit_c1"": 2, ""unit_c2"": 6}"
294,122,accuracy,10000000000.0,,18.474148853333332,2771122328.0,20308708.0,10000000000.0,9022.7491,"{""activation"": ""relu"", ""batch_size"": 64, ""data_augmentation"": false, ""dr_f"": 0.225381507853, ""learning_rate"": 0.000924744374, ""new_fc_1"": 6, ""new_fc_10"": 26, ""new_fc_2"": 22, ""new_fc_3"": 5, ""new_fc_4"": 20, ""new_fc_5"": 4, ""new_fc_6"": 16, ""new_fc_7"": 5, ""new_fc_8"": 16, ""new_fc_9"": 17, ""num_neurons"": 64, ""optimizer"": ""Adam"", ""reg_l2"": true, ""skip_connection"": true, ""unit_c1"": 4, ""unit_c2"": 7}"
295,122,flops,,,6.9696803733333335,1045452056.0,7635556.0,,9024.5005,"{""activation"": ""selu"", ""batch_size"": 16, ""data_augmentation"": true, ""dr_f"": 0.155392849316, ""learning_rate"": 0.000940457632, ""new_fc_1"": 2, ""new_fc_10"": 19, ""new_fc_2"": 1, ""new_fc_3"": 17, ""new_fc_4"": 24, ""new_fc_5"": 13, ""new_fc_6"": 1, ""new_fc_7"": 20, ""new_fc_8"": 10, ""new_fc_9"": 8, ""num_neurons"": 64, ""optimizer"": ""SGD"", ""reg_l2"": true, ""skip_connection"": true, ""unit_c1"": 3, ""unit_c2"": 3}"
296,123,accuracy,10000000000.0,,2.5228383466666666,378425752.0,3781348.0,10000000000.0,9026.7359,"{""activation"": ""selu"", ""batch_size"": 16, ""data_augmentation"": false, ""dr_f"": 0.422386430452, ""learning_rate"": 0.0004481475, ""new_fc_1"": 7, ""new_fc_10"": 28, ""new_fc_2"": 9, ""new_fc_3"": 1, ""new_fc_4"": 2, ""new_fc_5"": 17, ""new_fc_6"": 28, ""new_fc_7"": 25, ""new_fc_8"": 30, ""new_fc_9"": 7, ""num_neurons"": 32, ""optimizer"": ""Adamax"", ""reg_l2"": true, ""skip_connection"": true, ""unit_c1"": 4, ""unit_c2"": 2}"
297,123,flops,,,0.05344045333333333,8016068.0,211780.0,,9027.9839,"{""activation"": ""relu"", ""batch_size"": 64, ""data_augmentation"": false, ""dr_f"": 0.421039573073, ""learning_rate"": 0.000908197742, ""new_fc_1"": 0, ""new_fc_10"": 26, ""new_fc_2"": 25, ""new_fc_3"": 13, ""new_fc_4"": 22, ""new_fc_5"": 18, ""new_fc_6"": 8, ""new_fc_7"": 11, ""new_fc_8"": 23, ""new_fc_9"": 17, ""num_neurons"": 4, ""optimizer"": ""Adadelta"", ""reg_l2"": false, ""skip_connection"": true, ""unit_c1"": 3, ""unit_c2"": 6}"
298,124,accuracy,0.9890999998897314,0.010900000110268593,0.21079834666666666,31619752.0,1144548.0,-0.244390496077188,9412.6019,"{""activation"": ""swish"", ""batch_size"": 16, ""data_augmentation"": false, ""dr_f"": 0.144444797816, ""learning_rate"": 0.000566748028, ""new_fc_1"": 4, ""new_fc_10"": 1, ""new_fc_2"": 26, ""new_fc_3"": 20, ""new_fc_4"": 0, ""new_fc_5"": 30, ""new_fc_6"": 21, ""new_fc_7"": 28, ""new_fc_8"": 24, ""new_fc_9"": 5, ""num_neurons"": 16, ""optimizer"": ""SGD"", ""reg_l2"": false, ""skip_connection"": false, ""unit_c1"": 1, ""unit_c2"": 4}"
299,125,accuracy,0.6428000032901764,0.3571999967098236,0.66974896,100462344.0,5058852.0,-0.34911530969687654,10937.5519,"{""activation"": ""elu"", ""batch_size"": 8, ""data_augmentation"": false, ""dr_f"": 0.16315633092, ""learning_rate"": 0.00089592131, ""new_fc_1"": 30, ""new_fc_10"": 19, ""new_fc_2"": 10, ""new_fc_3"": 30, ""new_fc_4"": 32, ""new_fc_5"": 29, ""new_fc_6"": 14, ""new_fc_7"": 10, ""new_fc_8"": 32, ""new_fc_9"": 5, ""num_neurons"": 16, ""optimizer"": ""SGD"", ""reg_l2"": false, ""skip_connection"": false, ""unit_c1"": 1, ""unit_c2"": 8}"
300,126,accuracy,10000000000.0,,1.03842384,155763576.0,981860.0,10000000000.0,2.764,"{""activation"": ""swish"", ""batch_size"": 16, ""data_augmentation"": false, ""dr_f"": 0.371018004134, ""learning_rate"": 0.000153027403, ""new_fc_1"": 0, ""new_fc_10"": 19, ""new_fc_2"": 6, ""new_fc_3"": 24, ""new_fc_4"": 3, ""new_fc_5"": 0, ""new_fc_6"": 9, ""new_fc_7"": 13, ""new_fc_8"": 17, ""new_fc_9"": 3, ""num_neurons"": 16, ""optimizer"": ""Adam"", ""reg_l2"": true, ""skip_connection"": true, ""unit_c1"": 4, ""unit_c2"": 6}"
301,127,accuracy,0.9820000007748604,0.017999999225139618,0.015181493333333334,2277224.0,134312.0,-0.3080455514575977,1048.8455,"{""activation"": ""elu"", ""batch_size"": 8, ""data_augmentation"": true, ""dr_f"": 0.104388740898, ""learning_rate"": 0.000229314494, ""new_fc_1"": 19, ""new_fc_10"": 15, ""new_fc_2"": 31, ""new_fc_3"": 15, ""new_fc_4"": 9, ""new_fc_5"": 0, ""new_fc_6"": 26, ""new_fc_7"": 23, ""new_fc_8"": 29, ""new_fc_9"": 5, ""num_neurons"": 4, ""optimizer"": ""Adadelta"", ""reg_l2"": true, ""skip_connection"": false, ""unit_c1"": 1, ""unit_c2"": 4}"
302,127,flops,,,0.3102076266666667,46531144.0,2298036.0,,1050.0636,"{""activation"": ""swish"", ""batch_size"": 16, ""data_augmentation"": false, ""dr_f"": 0.290105780972, ""learning_rate"": 0.000799379115, ""new_fc_1"": 13, ""new_fc_10"": 28, ""new_fc_2"": 11, ""new_fc_3"": 16, ""new_fc_4"": 19, ""new_fc_5"": 22, ""new_fc_6"": 24, ""new_fc_7"": 27, ""new_fc_8"": 32, ""new_fc_9"": 21, ""num_neurons"": 16, ""optimizer"": ""Adamax"", ""reg_l2"": true, ""skip_connection"": true, ""unit_c1"": 1, ""unit_c2"": 5}"
303,128,accuracy,0.9929999997839332,0.007000000216066837,0.05663405333333334,8495108.0,175504.0,-0.2879097841512468,1194.7798,"{""activation"": ""relu"", ""batch_size"": 64, ""data_augmentation"": true, ""dr_f"": 0.188402462154, ""learning_rate"": 0.000854639636, ""new_fc_1"": 0, ""new_fc_10"": 1, ""new_fc_2"": 32, ""new_fc_3"": 0, ""new_fc_4"": 2, ""new_fc_5"": 30, ""new_fc_6"": 25, ""new_fc_7"": 29, ""new_fc_8"": 15, ""new_fc_9"": 13, ""num_neurons"": 4, ""optimizer"": ""SGD"", ""reg_l2"": false, ""skip_connection"": true, ""unit_c1"": 4, ""unit_c2"": 4}"
304,129,accuracy,0.9900000002235174,0.009999999776482582,0.5403762666666667,81056440.0,991620.0,-0.14488711984353778,1940.3645,"{""activation"": ""relu"", ""batch_size"": 8, ""data_augmentation"": false, ""dr_f"": 0.360167086081, ""learning_rate"": 0.000836759228, ""new_fc_1"": 6, ""new_fc_10"": 22, ""new_fc_2"": 14, ""new_fc_3"": 1, ""new_fc_4"": 16, ""new_fc_5"": 30, ""new_fc_6"": 7, ""new_fc_7"": 4, ""new_fc_8"": 17, ""new_fc_9"": 1, ""num_neurons"": 16, ""optimizer"": ""Adadelta"", ""reg_l2"": false, ""skip_connection"": true, ""unit_c1"": 2, ""unit_c2"": 6}"
305,129,flops,,,4.215330293333333,632299544.0,20496932.0,,1942.4253,"{""activation"": ""elu"", ""batch_size"": 32, ""data_augmentation"": true, ""dr_f"": 0.418619966275, ""learning_rate"": 0.000273365301, ""new_fc_1"": 15, ""new_fc_10"": 28, ""new_fc_2"": 2, ""new_fc_3"": 6, ""new_fc_4"": 2, ""new_fc_5"": 30, ""new_fc_6"": 15, ""new_fc_7"": 2, ""new_fc_8"": 29, ""new_fc_9"": 22, ""num_neurons"": 64, ""optimizer"": ""Adadelta"", ""reg_l2"": true, ""skip_connection"": false, ""unit_c1"": 2, ""unit_c2"": 3}"
306,130,accuracy,0.9900000002235174,0.009999999776482582,0.029417466666666666,4412620.0,84924.0,-0.2981747598435378,2688.9863,"{""activation"": ""relu"", ""batch_size"": 8, ""data_augmentation"": true, ""dr_f"": 0.237363585494, ""learning_rate"": 0.000750213529, ""new_fc_1"": 13, ""new_fc_10"": 24, ""new_fc_2"": 27, ""new_fc_3"": 3, ""new_fc_4"": 15, ""new_fc_5"": 15, ""new_fc_6"": 20, ""new_fc_7"": 7, ""new_fc_8"": 31, ""new_fc_9"": 26, ""num_neurons"": 4, ""optimizer"": ""Adamax"", ""reg_l2"": true, ""skip_connection"": true, ""unit_c1"": 3, ""unit_c2"": 2}"
307,131,accuracy,0.9900000002235174,0.009999999776482582,0.0260484,3907260.0,67312.0,-0.2991854798435378,3373.9632,"{""activation"": ""relu"", ""batch_size"": 8, ""data_augmentation"": false, ""dr_f"": 0.398062735114, ""learning_rate"": 0.000135865748, ""new_fc_1"": 16, ""new_fc_10"": 29, ""new_fc_2"": 23, ""new_fc_3"": 16, ""new_fc_4"": 30, ""new_fc_5"": 23, ""new_fc_6"": 6, ""new_fc_7"": 15, ""new_fc_8"": 3, ""new_fc_9"": 0, ""num_neurons"": 4, ""optimizer"": ""Adadelta"", ""reg_l2"": false, ""skip_connection"": true, ""unit_c1"": 3, ""unit_c2"": 1}"
308,132,accuracy,0.9899000003933907,0.010099999606609344,0.06596112,9894168.0,876052.0,-0.2872816637246265,3579.7421,"{""activation"": ""relu"", ""batch_size"": 32, ""data_augmentation"": true, ""dr_f"": 0.31208843022, ""learning_rate"": 0.00018771625, ""new_fc_1"": 14, ""new_fc_10"": 13, ""new_fc_2"": 13, ""new_fc_3"": 28, ""new_fc_4"": 21, ""new_fc_5"": 15, ""new_fc_6"": 10, ""new_fc_7"": 18, ""new_fc_8"": 7, ""new_fc_9"": 25, ""num_neurons"": 16, ""optimizer"": ""SGD"", ""reg_l2"": true, ""skip_connection"": true, ""unit_c1"": 1, ""unit_c2"": 1}"
309,132,flops,,,0.28048656,42072984.0,5966212.0,,3580.9987,"{""activation"": ""elu"", ""batch_size"": 64, ""data_augmentation"": true, ""dr_f"": 0.435403324562, ""learning_rate"": 0.000553690524, ""new_fc_1"": 31, ""new_fc_10"": 32, ""new_fc_2"": 25, ""new_fc_3"": 29, ""new_fc_4"": 23, ""new_fc_5"": 24, ""new_fc_6"": 15, ""new_fc_7"": 5, ""new_fc_8"": 2, ""new_fc_9"": 16, ""num_neurons"": 32, ""optimizer"": ""Adadelta"", ""reg_l2"": true, ""skip_connection"": false, ""unit_c1"": 1, ""unit_c2"": 1}"
310,133,accuracy,0.8578999936580658,0.1421000063419342,0.8327824533333333,124917368.0,4913508.0,-0.14963526843935393,5287.0614,"{""activation"": ""swish"", ""batch_size"": 8, ""data_augmentation"": true, ""dr_f"": 0.457240828137, ""learning_rate"": 0.000303502953, ""new_fc_1"": 6, ""new_fc_10"": 2, ""new_fc_2"": 12, ""new_fc_3"": 25, ""new_fc_4"": 30, ""new_fc_5"": 28, ""new_fc_6"": 18, ""new_fc_7"": 20, ""new_fc_8"": 9, ""new_fc_9"": 5, ""num_neurons"": 32, ""optimizer"": ""Adamax"", ""reg_l2"": false, ""skip_connection"": false, ""unit_c1"": 1, ""unit_c2"": 4}"
311,133,flops,,,0.16669989333333332,25004984.0,256084.0,,5288.336,"{""activation"": ""selu"", ""batch_size"": 16, ""data_augmentation"": false, ""dr_f"": 0.12388066075, ""learning_rate"": 0.00092683348, ""new_fc_1"": 6, ""new_fc_10"": 14, ""new_fc_2"": 16, ""new_fc_3"": 3, ""new_fc_4"": 5, ""new_fc_5"": 26, ""new_fc_6"": 0, ""new_fc_7"": 30, ""new_fc_8"": 0, ""new_fc_9"": 8, ""num_neurons"": 8, ""optimizer"": ""SGD"", ""reg_l2"": true, ""skip_connection"": true, ""unit_c1"": 3, ""unit_c2"": 5}"
312,134,accuracy,10000000000.0,,10.094363893333334,1514154584.0,19408868.0,10000000000.0,5290.1884,"{""activation"": ""relu"", ""batch_size"": 64, ""data_augmentation"": false, ""dr_f"": 0.211045283587, ""learning_rate"": 0.000576580307, ""new_fc_1"": 2, ""new_fc_10"": 21, ""new_fc_2"": 5, ""new_fc_3"": 20, ""new_fc_4"": 1, ""new_fc_5"": 29, ""new_fc_6"": 29, ""new_fc_7"": 26, ""new_fc_8"": 26, ""new_fc_9"": 25, ""num_neurons"": 64, ""optimizer"": ""SGD"", ""reg_l2"": true, ""skip_connection"": true, ""unit_c1"": 3, ""unit_c2"": 5}"
313,135,accuracy,0.9895999999716878,0.010400000028312206,0.025363386666666668,3804508.0,78332.0,-0.2996709840198185,5915.2087,"{""activation"": ""selu"", ""batch_size"": 8, ""data_augmentation"": false, ""dr_f"": 0.32182890186, ""learning_rate"": 0.000274533704, ""new_fc_1"": 19, ""new_fc_10"": 28, ""new_fc_2"": 25, ""new_fc_3"": 11, ""new_fc_4"": 14, ""new_fc_5"": 30, ""new_fc_6"": 13, ""new_fc_7"": 20, ""new_fc_8"": 17, ""new_fc_9"": 0, ""num_neurons"": 4, ""optimizer"": ""Adadelta"", ""reg_l2"": false, ""skip_connection"": false, ""unit_c1"": 3, ""unit_c2"": 1}"
314,136,accuracy,0.9900000002235174,0.009999999776482582,0.04500125333333333,6750188.0,70512.0,-0.2934996238435378,6240.3314,"{""activation"": ""swish"", ""batch_size"": 16, ""data_augmentation"": true, ""dr_f"": 0.240443044077, ""learning_rate"": 0.00093407123, ""new_fc_1"": 4, ""new_fc_10"": 23, ""new_fc_2"": 16, ""new_fc_3"": 32, ""new_fc_4"": 8, ""new_fc_5"": 31, ""new_fc_6"": 20, ""new_fc_7"": 0, ""new_fc_8"": 23, ""new_fc_9"": 18, ""num_neurons"": 4, ""optimizer"": ""SGD"", ""reg_l2"": true, ""skip_connection"": false, ""unit_c1"": 4, ""unit_c2"": 2}"
315,137,accuracy,0.712799996137619,0.287200003862381,0.30596789333333335,45895184.0,653572.0,-0.40924963470366665,6924.9937,"{""activation"": ""selu"", ""batch_size"": 32, ""data_augmentation"": false, ""dr_f"": 0.094993720186, ""learning_rate"": 0.000224657224, ""new_fc_1"": 18, ""new_fc_10"": 15, ""new_fc_2"": 18, ""new_fc_3"": 14, ""new_fc_4"": 0, ""new_fc_5"": 0, ""new_fc_6"": 4, ""new_fc_7"": 31, ""new_fc_8"": 7, ""new_fc_9"": 4, ""num_neurons"": 8, ""optimizer"": ""Adamax"", ""reg_l2"": true, ""skip_connection"": true, ""unit_c1"": 4, ""unit_c2"": 7}"
316,138,accuracy,0.8869000002741814,0.11309999972581863,0.21968645333333334,32952968.0,1536484.0,-0.31326406380807303,7610.0548,"{""activation"": ""elu"", ""batch_size"": 32, ""data_augmentation"": false, ""dr_f"": 0.432931240116, ""learning_rate"": 0.000774029503, ""new_fc_1"": 10, ""new_fc_10"": 10, ""new_fc_2"": 24, ""new_fc_3"": 6, ""new_fc_4"": 17, ""new_fc_5"": 26, ""new_fc_6"": 28, ""new_fc_7"": 28, ""new_fc_8"": 12, ""new_fc_9"": 18, ""num_neurons"": 16, ""optimizer"": ""Adagrad"", ""reg_l2"": false, ""skip_connection"": true, ""unit_c1"": 1, ""unit_c2"": 4}"
317,139,accuracy,10000000000.0,,1.1826648,177399720.0,1722756.0,10000000000.0,7611.3517,"{""activation"": ""selu"", ""batch_size"": 8, ""data_augmentation"": false, ""dr_f"": 0.067896304112, ""learning_rate"": 0.000631981828, ""new_fc_1"": 9, ""new_fc_10"": 19, ""new_fc_2"": 12, ""new_fc_3"": 7, ""new_fc_4"": 14, ""new_fc_5"": 32, ""new_fc_6"": 10, ""new_fc_7"": 0, ""new_fc_8"": 22, ""new_fc_9"": 0, ""num_neurons"": 16, ""optimizer"": ""Adamax"", ""reg_l2"": true, ""skip_connection"": true, ""unit_c1"": 4, ""unit_c2"": 7}"
318,139,flops,,,0.17213434666666666,25820152.0,664084.0,,7612.7449,"{""activation"": ""elu"", ""batch_size"": 64, ""data_augmentation"": true, ""dr_f"": 0.348070047627, ""learning_rate"": 0.00055313956, ""new_fc_1"": 17, ""new_fc_10"": 20, ""new_fc_2"": 21, ""new_fc_3"": 14, ""new_fc_4"": 26, ""new_fc_5"": 32, ""new_fc_6"": 32, ""new_fc_7"": 16, ""new_fc_8"": 5, ""new_fc_9"": 29, ""num_neurons"": 8, ""optimizer"": ""SGD"", ""reg_l2"": true, ""skip_connection"": true, ""unit_c1"": 3, ""unit_c2"": 5}"
319,139,flops,,,4.4775958933333335,671639384.0,8547172.0,,7614.2162,"{""activation"": ""relu"", ""batch_size"": 32, ""data_augmentation"": true, ""dr_f"": 0.28850533141, ""learning_rate"": 0.000738670718, ""new_fc_1"": 3, ""new_fc_10"": 6, ""new_fc_2"": 3, ""new_fc_3"": 31, ""new_fc_4"": 5, ""new_fc_5"": 14, ""new_fc_6"": 11, ""new_fc_7"": 16, ""new_fc_8"": 9, ""new_fc_9"": 2, ""num_neurons"": 64, ""optimizer"": ""Adagrad"", ""reg_l2"": true, ""skip_connection"": true, ""unit_c1"": 1, ""unit_c2"": 5}"
320,140,accuracy,0.9446999989449978,0.05530000105500221,0.16259930666666667,24389896.0,593308.0,-0.28993020873850156,7819.5323,"{""activation"": ""selu"", ""batch_size"": 64, ""data_augmentation"": true, ""dr_f"": 0.264425354638, ""learning_rate"": 0.00083021697, ""new_fc_1"": 14, ""new_fc_10"": 8, ""new_fc_2"": 11, ""new_fc_3"": 2, ""new_fc_4"": 5, ""new_fc_5"": 14, ""new_fc_6"": 15, ""new_fc_7"": 18, ""new_fc_8"": 11, ""new_fc_9"": 20, ""num_neurons"": 8, ""optimizer"": ""Adam"", ""reg_l2"": true, ""skip_connection"": true, ""unit_c1"": 1, ""unit_c2"": 8}"
321,141,accuracy,0.9900000002235174,0.009999999776482582,0.3102076266666667,46531144.0,2298036.0,-0.2139377118435378,8265.1543,"{""activation"": ""swish"", ""batch_size"": 16, ""data_augmentation"": false, ""dr_f"": 0.290105780972, ""learning_rate"": 0.000799379115, ""new_fc_1"": 13, ""new_fc_10"": 28, ""new_fc_2"": 11, ""new_fc_3"": 16, ""new_fc_4"": 19, ""new_fc_5"": 22, ""new_fc_6"": 24, ""new_fc_7"": 27, ""new_fc_8"": 32, ""new_fc_9"": 21, ""num_neurons"": 16, ""optimizer"": ""Adamax"", ""reg_l2"": true, ""skip_connection"": true, ""unit_c1"": 1, ""unit_c2"": 5}"
322,141,flops,,,0.27766416,41649624.0,5754564.0,,8266.5489,"{""activation"": ""selu"", ""batch_size"": 64, ""data_augmentation"": true, ""dr_f"": 0.253410812375, ""learning_rate"": 0.000650447566, ""new_fc_1"": 27, ""new_fc_10"": 26, ""new_fc_2"": 26, ""new_fc_3"": 19, ""new_fc_4"": 27, ""new_fc_5"": 11, ""new_fc_6"": 25, ""new_fc_7"": 13, ""new_fc_8"": 30, ""new_fc_9"": 0, ""num_neurons"": 32, ""optimizer"": ""Adadelta"", ""reg_l2"": true, ""skip_connection"": false, ""unit_c1"": 1, ""unit_c2"": 1}"
323,141,flops,,,0.40872144,61308216.0,6170852.0,,8267.9901,"{""activation"": ""relu"", ""batch_size"": 16, ""data_augmentation"": false, ""dr_f"": 0.207966827107, ""learning_rate"": 0.000445855874, ""new_fc_1"": 23, ""new_fc_10"": 5, ""new_fc_2"": 30, ""new_fc_3"": 18, ""new_fc_4"": 29, ""new_fc_5"": 16, ""new_fc_6"": 1, ""new_fc_7"": 19, ""new_fc_8"": 24, ""new_fc_9"": 10, ""num_neurons"": 32, ""optimizer"": ""Adam"", ""reg_l2"": false, ""skip_connection"": false, ""unit_c1"": 1, ""unit_c2"": 2}"
324,142,accuracy,0.9900000002235174,0.009999999776482582,0.16130426666666667,24195640.0,2207028.0,-0.25860871984353784,8953.5833,"{""activation"": ""elu"", ""batch_size"": 8, ""data_augmentation"": false, ""dr_f"": 0.311818309648, ""learning_rate"": 0.00081730348, ""new_fc_1"": 28, ""new_fc_10"": 9, ""new_fc_2"": 25, ""new_fc_3"": 32, ""new_fc_4"": 14, ""new_fc_5"": 11, ""new_fc_6"": 24, ""new_fc_7"": 11, ""new_fc_8"": 22, ""new_fc_9"": 6, ""num_neurons"": 16, ""optimizer"": ""Adam"", ""reg_l2"": false, ""skip_connection"": false, ""unit_c1"": 1, ""unit_c2"": 3}"
325,143,accuracy,0.9284000024199486,0.07159999758005142,0.033560346666666664,5034052.0,186220.0,-0.340051894306036,9518.2813,"{""activation"": ""selu"", ""batch_size"": 32, ""data_augmentation"": true, ""dr_f"": 0.484706190485, ""learning_rate"": 0.000966278889, ""new_fc_1"": 18, ""new_fc_10"": 30, ""new_fc_2"": 9, ""new_fc_3"": 22, ""new_fc_4"": 9, ""new_fc_5"": 8, ""new_fc_6"": 28, ""new_fc_7"": 6, ""new_fc_8"": 17, ""new_fc_9"": 24, ""num_neurons"": 4, ""optimizer"": ""Adamax"", ""reg_l2"": false, ""skip_connection"": false, ""unit_c1"": 1, ""unit_c2"": 7}"
326,143,flops,,,0.05861152,8791728.0,624004.0,,9519.6081,"{""activation"": ""elu"", ""batch_size"": 16, ""data_augmentation"": true, ""dr_f"": 0.437058850474, ""learning_rate"": 0.000952930315, ""new_fc_1"": 27, ""new_fc_10"": 19, ""new_fc_2"": 26, ""new_fc_3"": 31, ""new_fc_4"": 11, ""new_fc_5"": 23, ""new_fc_6"": 2, ""new_fc_7"": 9, ""new_fc_8"": 11, ""new_fc_9"": 4, ""num_neurons"": 8, ""optimizer"": ""SGD"", ""reg_l2"": true, ""skip_connection"": false, ""unit_c1"": 1, ""unit_c2"": 4}"
327,144,accuracy,0.6992000043392181,0.30079999566078186,0.42176464,63264696.0,6479524.0,-0.38403060496254726,10864.6857,"{""activation"": ""elu"", ""batch_size"": 16, ""data_augmentation"": true, ""dr_f"": 0.245039661318, ""learning_rate"": 0.000574765956, ""new_fc_1"": 31, ""new_fc_10"": 24, ""new_fc_2"": 19, ""new_fc_3"": 2, ""new_fc_4"": 19, ""new_fc_5"": 15, ""new_fc_6"": 9, ""new_fc_7"": 4, ""new_fc_8"": 30, ""new_fc_9"": 18, ""num_neurons"": 32, ""optimizer"": ""Adagrad"", ""reg_l2"": false, ""skip_connection"": true, ""unit_c1"": 1, ""unit_c2"": 2}"
328,145,accuracy,0.9910000003874302,0.008999999612569809,0.19000650666666666,28500976.0,298164.0,-0.24929804772879885,11189.4953,"{""activation"": ""relu"", ""batch_size"": 16, ""data_augmentation"": false, ""dr_f"": 0.04763530101, ""learning_rate"": 0.000398731354, ""new_fc_1"": 3, ""new_fc_10"": 9, ""new_fc_2"": 21, ""new_fc_3"": 11, ""new_fc_4"": 26, ""new_fc_5"": 23, ""new_fc_6"": 2, ""new_fc_7"": 26, ""new_fc_8"": 26, ""new_fc_9"": 24, ""num_neurons"": 8, ""optimizer"": ""SGD"", ""reg_l2"": true, ""skip_connection"": false, ""unit_c1"": 3, ""unit_c2"": 6}"
329,145,flops,,,0.13594293333333332,20391440.0,304076.0,,11190.6712,"{""activation"": ""elu"", ""batch_size"": 32, ""data_augmentation"": false, ""dr_f"": 0.04167698215, ""learning_rate"": 0.000198351839, ""new_fc_1"": 0, ""new_fc_10"": 6, ""new_fc_2"": 5, ""new_fc_3"": 27, ""new_fc_4"": 13, ""new_fc_5"": 27, ""new_fc_6"": 14, ""new_fc_7"": 15, ""new_fc_8"": 15, ""new_fc_9"": 29, ""num_neurons"": 8, ""optimizer"": ""Adagrad"", ""reg_l2"": true, ""skip_connection"": false, ""unit_c1"": 2, ""unit_c2"": 6}"
330,145,flops,,,1.0280390933333334,154205864.0,2574148.0,,11192.0879,"{""activation"": ""swish"", ""batch_size"": 8, ""data_augmentation"": true, ""dr_f"": 0.353283925653, ""learning_rate"": 0.000629648025, ""new_fc_1"": 9, ""new_fc_10"": 24, ""new_fc_2"": 26, ""new_fc_3"": 30, ""new_fc_4"": 25, ""new_fc_5"": 26, ""new_fc_6"": 22, ""new_fc_7"": 31, ""new_fc_8"": 16, ""new_fc_9"": 6, ""num_neurons"": 16, ""optimizer"": ""Adam"", ""reg_l2"": false, ""skip_connection"": false, ""unit_c1"": 3, ""unit_c2"": 8}"
331,146,accuracy,0.9900000002235174,0.009999999776482582,0.29725589333333335,44588384.0,507244.0,-0.2178232318435378,11457.2012,"{""activation"": ""swish"", ""batch_size"": 32, ""data_augmentation"": true, ""dr_f"": 0.113860560362, ""learning_rate"": 0.000808759832, ""new_fc_1"": 13, ""new_fc_10"": 23, ""new_fc_2"": 3, ""new_fc_3"": 22, ""new_fc_4"": 7, ""new_fc_5"": 12, ""new_fc_6"": 1, ""new_fc_7"": 10, ""new_fc_8"": 7, ""new_fc_9"": 17, ""num_neurons"": 8, ""optimizer"": ""Adam"", ""reg_l2"": true, ""skip_connection"": false, ""unit_c1"": 4, ""unit_c2"": 7}"
332,146,flops,,,0.2980664,44709960.0,1876676.0,,11458.9682,"{""activation"": ""elu"", ""batch_size"": 32, ""data_augmentation"": false, ""dr_f"": 0.447494376218, ""learning_rate"": 0.000103119507, ""new_fc_1"": 11, ""new_fc_10"": 32, ""new_fc_2"": 17, ""new_fc_3"": 20, ""new_fc_4"": 11, ""new_fc_5"": 23, ""new_fc_6"": 21, ""new_fc_7"": 7, ""new_fc_8"": 17, ""new_fc_9"": 32, ""num_neurons"": 16, ""optimizer"": ""Adadelta"", ""reg_l2"": true, ""skip_connection"": false, ""unit_c1"": 1, ""unit_c2"": 5}"
333,147,accuracy,0.9900000002235174,0.009999999776482582,0.33522549333333335,50283824.0,656284.0,-0.20643235184353778,12083.7711,"{""activation"": ""elu"", ""batch_size"": 8, ""data_augmentation"": false, ""dr_f"": 0.464296515246, ""learning_rate"": 0.00095533529, ""new_fc_1"": 16, ""new_fc_10"": 18, ""new_fc_2"": 4, ""new_fc_3"": 14, ""new_fc_4"": 2, ""new_fc_5"": 4, ""new_fc_6"": 18, ""new_fc_7"": 21, ""new_fc_8"": 1, ""new_fc_9"": 9, ""num_neurons"": 8, ""optimizer"": ""Adam"", ""reg_l2"": false, ""skip_connection"": false, ""unit_c1"": 4, ""unit_c2"": 8}"
334,148,accuracy,0.9884000001475215,0.011599999852478504,0.05344045333333333,8016068.0,211780.0,-0.2920878638967349,12228.5116,"{""activation"": ""relu"", ""batch_size"": 64, ""data_augmentation"": false, ""dr_f"": 0.421039573073, ""learning_rate"": 0.000908197742, ""new_fc_1"": 0, ""new_fc_10"": 26, ""new_fc_2"": 25, ""new_fc_3"": 13, ""new_fc_4"": 22, ""new_fc_5"": 18, ""new_fc_6"": 8, ""new_fc_7"": 11, ""new_fc_8"": 23, ""new_fc_9"": 17, ""num_neurons"": 4, ""optimizer"": ""Adadelta"", ""reg_l2"": false, ""skip_connection"": true, ""unit_c1"": 3, ""unit_c2"": 6}"
335,149,accuracy,0.9886999996379018,0.011300000362098217,0.22014085333333333,33021128.0,1438260.0,-0.24186774425346874,12853.5245,"{""activation"": ""relu"", ""batch_size"": 8, ""data_augmentation"": false, ""dr_f"": 0.252969894348, ""learning_rate"": 0.000132557851, ""new_fc_1"": 28, ""new_fc_10"": 2, ""new_fc_2"": 19, ""new_fc_3"": 5, ""new_fc_4"": 5, ""new_fc_5"": 12, ""new_fc_6"": 17, ""new_fc_7"": 32, ""new_fc_8"": 7, ""new_fc_9"": 24, ""num_neurons"": 16, ""optimizer"": ""Adagrad"", ""reg_l2"": true, ""skip_connection"": false, ""unit_c1"": 2, ""unit_c2"": 2}"
336,149,flops,,,1.34242576,201363864.0,4654116.0,,12854.9161,"{""activation"": ""selu"", ""batch_size"": 16, ""data_augmentation"": false, ""dr_f"": 0.482209517071, ""learning_rate"": 0.000718455684, ""new_fc_1"": 31, ""new_fc_10"": 19, ""new_fc_2"": 16, ""new_fc_3"": 13, ""new_fc_4"": 1, ""new_fc_5"": 3, ""new_fc_6"": 4, ""new_fc_7"": 21, ""new_fc_8"": 3, ""new_fc_9"": 13, ""num_neurons"": 16, ""optimizer"": ""Adagrad"", ""reg_l2"": false, ""skip_connection"": false, ""unit_c1"": 4, ""unit_c2"": 8}"
337,150,accuracy,0.9900000002235174,0.009999999776482582,0.53315056,79972584.0,766788.0,-0.1470548318435378,13300.244,"{""activation"": ""swish"", ""batch_size"": 16, ""data_augmentation"": true, ""dr_f"": 0.201120231742, ""learning_rate"": 0.000168870866, ""new_fc_1"": 6, ""new_fc_10"": 21, ""new_fc_2"": 5, ""new_fc_3"": 9, ""new_fc_4"": 23, ""new_fc_5"": 13, ""new_fc_6"": 15, ""new_fc_7"": 3, ""new_fc_8"": 7, ""new_fc_9"": 5, ""num_neurons"": 16, ""optimizer"": ""Adagrad"", ""reg_l2"": true, ""skip_connection"": false, ""unit_c1"": 3, ""unit_c2"": 4}"
338,151,accuracy,0.978099999949336,0.021900000050663948,0.04465661333333333,6698492.0,82152.0,-0.30193301603546474,146.0223,"{""activation"": ""relu"", ""batch_size"": 64, ""data_augmentation"": true, ""dr_f"": 0.426544507583, ""learning_rate"": 0.000873920939, ""new_fc_1"": 25, ""new_fc_10"": 3, ""new_fc_2"": 20, ""new_fc_3"": 15, ""new_fc_4"": 8, ""new_fc_5"": 29, ""new_fc_6"": 6, ""new_fc_7"": 22, ""new_fc_8"": 2, ""new_fc_9"": 7, ""num_neurons"": 4, ""optimizer"": ""Adamax"", ""reg_l2"": false, ""skip_connection"": false, ""unit_c1"": 4, ""unit_c2"": 2}"
339,152,accuracy,0.9376999996602535,0.062300000339746475,0.17845210666666667,26767816.0,913540.0,-0.2900743682378225,1012.1417,"{""activation"": ""swish"", ""batch_size"": 8, ""data_augmentation"": false, ""dr_f"": 0.414512001244, ""learning_rate"": 0.000848183054, ""new_fc_1"": 19, ""new_fc_10"": 28, ""new_fc_2"": 31, ""new_fc_3"": 17, ""new_fc_4"": 17, ""new_fc_5"": 23, ""new_fc_6"": 1, ""new_fc_7"": 3, ""new_fc_8"": 12, ""new_fc_9"": 6, ""num_neurons"": 16, ""optimizer"": ""Adam"", ""reg_l2"": false, ""skip_connection"": true, ""unit_c1"": 2, ""unit_c2"": 1}"
340,152,flops,,,10.11155216,1516732824.0,25229348.0,,1014.4432,"{""activation"": ""elu"", ""batch_size"": 32, ""data_augmentation"": true, ""dr_f"": 0.114552604816, ""learning_rate"": 0.000488944788, ""new_fc_1"": 29, ""new_fc_10"": 10, ""new_fc_2"": 7, ""new_fc_3"": 21, ""new_fc_4"": 22, ""new_fc_5"": 1, ""new_fc_6"": 31, ""new_fc_7"": 30, ""new_fc_8"": 4, ""new_fc_9"": 18, ""num_neurons"": 64, ""optimizer"": ""Adagrad"", ""reg_l2"": true, ""skip_connection"": true, ""unit_c1"": 4, ""unit_c2"": 2}"
341,153,accuracy,0.993300000205636,0.0066999997943639755,0.04685976,7028964.0,109728.0,-0.2906320718560548,1760.55,"{""activation"": ""swish"", ""batch_size"": 8, ""data_augmentation"": false, ""dr_f"": 0.451779315998, ""learning_rate"": 0.000147432294, ""new_fc_1"": 26, ""new_fc_10"": 11, ""new_fc_2"": 19, ""new_fc_3"": 29, ""new_fc_4"": 11, ""new_fc_5"": 25, ""new_fc_6"": 13, ""new_fc_7"": 4, ""new_fc_8"": 15, ""new_fc_9"": 32, ""num_neurons"": 4, ""optimizer"": ""Adadelta"", ""reg_l2"": false, ""skip_connection"": true, ""unit_c1"": 4, ""unit_c2"": 2}"
342,153,flops,,,1.5154687466666668,227320312.0,2486244.0,,1761.8399,"{""activation"": ""elu"", ""batch_size"": 16, ""data_augmentation"": false, ""dr_f"": 0.116738507879, ""learning_rate"": 0.000519621084, ""new_fc_1"": 1, ""new_fc_10"": 23, ""new_fc_2"": 5, ""new_fc_3"": 7, ""new_fc_4"": 3, ""new_fc_5"": 29, ""new_fc_6"": 0, ""new_fc_7"": 11, ""new_fc_8"": 31, ""new_fc_9"": 23, ""num_neurons"": 32, ""optimizer"": ""Adamax"", ""reg_l2"": true, ""skip_connection"": false, ""unit_c1"": 3, ""unit_c2"": 2}"
343,154,accuracy,0.9635999985039234,0.036400001496076584,0.5945119466666666,89176792.0,5052964.0,-0.1471264170472536,2327.0633,"{""activation"": ""elu"", ""batch_size"": 32, ""data_augmentation"": false, ""dr_f"": 0.132617056319, ""learning_rate"": 0.000429948519, ""new_fc_1"": 17, ""new_fc_10"": 8, ""new_fc_2"": 1, ""new_fc_3"": 22, ""new_fc_4"": 12, ""new_fc_5"": 12, ""new_fc_6"": 2, ""new_fc_7"": 4, ""new_fc_8"": 29, ""new_fc_9"": 25, ""num_neurons"": 32, ""optimizer"": ""Adam"", ""reg_l2"": true, ""skip_connection"": true, ""unit_c1"": 1, ""unit_c2"": 3}"
344,155,accuracy,0.9905000003054738,0.009499999694526196,0.033126293333333334,4968944.0,112032.0,-0.2967121117861683,2652.2848,"{""activation"": ""swish"", ""batch_size"": 16, ""data_augmentation"": false, ""dr_f"": 0.474035326675, ""learning_rate"": 0.000112635665, ""new_fc_1"": 22, ""new_fc_10"": 17, ""new_fc_2"": 8, ""new_fc_3"": 18, ""new_fc_4"": 0, ""new_fc_5"": 24, ""new_fc_6"": 11, ""new_fc_7"": 27, ""new_fc_8"": 10, ""new_fc_9"": 17, ""num_neurons"": 4, ""optimizer"": ""Adadelta"", ""reg_l2"": false, ""skip_connection"": false, ""unit_c1"": 3, ""unit_c2"": 3}"
345,156,accuracy,0.9791000001132488,0.020899999886751175,0.013524773333333334,2028716.0,80360.0,-0.3105725679207258,4117.2593,"{""activation"": ""relu"", ""batch_size"": 8, ""data_augmentation"": false, ""dr_f"": 0.110793938914, ""learning_rate"": 0.000340663303, ""new_fc_1"": 22, ""new_fc_10"": 11, ""new_fc_2"": 13, ""new_fc_3"": 21, ""new_fc_4"": 8, ""new_fc_5"": 16, ""new_fc_6"": 31, ""new_fc_7"": 17, ""new_fc_8"": 30, ""new_fc_9"": 20, ""num_neurons"": 4, ""optimizer"": ""Adagrad"", ""reg_l2"": false, ""skip_connection"": false, ""unit_c1"": 2, ""unit_c2"": 1}"
346,157,accuracy,0.9916000002995133,0.00839999970048666,0.4249104533333333,63736568.0,6716260.0,-0.17840686379034065,4382.658,"{""activation"": ""relu"", ""batch_size"": 32, ""data_augmentation"": false, ""dr_f"": 0.135384886302, ""learning_rate"": 0.000222951261, ""new_fc_1"": 12, ""new_fc_10"": 13, ""new_fc_2"": 23, ""new_fc_3"": 32, ""new_fc_4"": 19, ""new_fc_5"": 31, ""new_fc_6"": 32, ""new_fc_7"": 23, ""new_fc_8"": 18, ""new_fc_9"": 18, ""num_neurons"": 32, ""optimizer"": ""SGD"", ""reg_l2"": false, ""skip_connection"": true, ""unit_c1"": 1, ""unit_c2"": 2}"
347,157,flops,,,0.14330832,21496248.0,318396.0,,4383.8622,"{""activation"": ""selu"", ""batch_size"": 8, ""data_augmentation"": true, ""dr_f"": 0.05338341681, ""learning_rate"": 0.000386791242, ""new_fc_1"": 11, ""new_fc_10"": 16, ""new_fc_2"": 19, ""new_fc_3"": 30, ""new_fc_4"": 12, ""new_fc_5"": 11, ""new_fc_6"": 16, ""new_fc_7"": 3, ""new_fc_8"": 1, ""new_fc_9"": 5, ""num_neurons"": 8, ""optimizer"": ""SGD"", ""reg_l2"": false, ""skip_connection"": true, ""unit_c1"": 3, ""unit_c2"": 4}"
348,158,accuracy,0.7621999979019165,0.2378000020980835,0.16669989333333332,25004984.0,256084.0,-0.4164500334686584,5368.8691,"{""activation"": ""selu"", ""batch_size"": 16, ""data_augmentation"": false, ""dr_f"": 0.12388066075, ""learning_rate"": 0.00092683348, ""new_fc_1"": 6, ""new_fc_10"": 14, ""new_fc_2"": 16, ""new_fc_3"": 3, ""new_fc_4"": 5, ""new_fc_5"": 26, ""new_fc_6"": 0, ""new_fc_7"": 30, ""new_fc_8"": 0, ""new_fc_9"": 8, ""num_neurons"": 8, ""optimizer"": ""SGD"", ""reg_l2"": true, ""skip_connection"": true, ""unit_c1"": 3, ""unit_c2"": 5}"
349,158,flops,,,0.5749173866666667,86237608.0,3036836.0,,5370.422,"{""activation"": ""selu"", ""batch_size"": 64, ""data_augmentation"": true, ""dr_f"": 0.375744453097, ""learning_rate"": 0.000655598229, ""new_fc_1"": 30, ""new_fc_10"": 20, ""new_fc_2"": 32, ""new_fc_3"": 25, ""new_fc_4"": 10, ""new_fc_5"": 29, ""new_fc_6"": 10, ""new_fc_7"": 27, ""new_fc_8"": 29, ""new_fc_9"": 1, ""num_neurons"": 16, ""optimizer"": ""Adagrad"", ""reg_l2"": true, ""skip_connection"": true, ""unit_c1"": 3, ""unit_c2"": 4}"
350,158,flops,,,19.09660176,2864490264.0,66992996.0,,5374.2003,"{""activation"": ""selu"", ""batch_size"": 16, ""data_augmentation"": false, ""dr_f"": 0.102782181986, ""learning_rate"": 0.00090429654, ""new_fc_1"": 0, ""new_fc_10"": 16, ""new_fc_2"": 30, ""new_fc_3"": 24, ""new_fc_4"": 15, ""new_fc_5"": 21, ""new_fc_6"": 6, ""new_fc_7"": 13, ""new_fc_8"": 14, ""new_fc_9"": 8, ""num_neurons"": 64, ""optimizer"": ""Adamax"", ""reg_l2"": true, ""skip_connection"": true, ""unit_c1"": 4, ""unit_c2"": 7}"
351,159,accuracy,0.9900000002235174,0.009999999776482582,0.2554074666666667,38311120.0,203028.0,-0.23037775984353778,5699.1052,"{""activation"": ""relu"", ""batch_size"": 16, ""data_augmentation"": false, ""dr_f"": 0.489936074579, ""learning_rate"": 0.000340742193, ""new_fc_1"": 0, ""new_fc_10"": 10, ""new_fc_2"": 1, ""new_fc_3"": 11, ""new_fc_4"": 21, ""new_fc_5"": 10, ""new_fc_6"": 25, ""new_fc_7"": 6, ""new_fc_8"": 25, ""new_fc_9"": 18, ""num_neurons"": 8, ""optimizer"": ""Adam"", ""reg_l2"": false, ""skip_connection"": false, ""unit_c1"": 3, ""unit_c2"": 8}"
352,159,flops,,,0.020436,3065400.0,71584.0,,5700.4565,"{""activation"": ""swish"", ""batch_size"": 64, ""data_augmentation"": true, ""dr_f"": 0.386535099009, ""learning_rate"": 0.000953485384, ""new_fc_1"": 12, ""new_fc_10"": 24, ""new_fc_2"": 15, ""new_fc_3"": 18, ""new_fc_4"": 0, ""new_fc_5"": 32, ""new_fc_6"": 4, ""new_fc_7"": 7, ""new_fc_8"": 3, ""new_fc_9"": 5, ""num_neurons"": 4, ""optimizer"": ""Adadelta"", ""reg_l2"": true, ""skip_connection"": true, ""unit_c1"": 2, ""unit_c2"": 3}"
353,160,accuracy,0.976800000295043,0.02319999970495701,0.17213434666666666,25820152.0,664084.0,-0.26459969579346987,5905.6154,"{""activation"": ""elu"", ""batch_size"": 64, ""data_augmentation"": true, ""dr_f"": 0.348070047627, ""learning_rate"": 0.00055313956, ""new_fc_1"": 17, ""new_fc_10"": 20, ""new_fc_2"": 21, ""new_fc_3"": 14, ""new_fc_4"": 26, ""new_fc_5"": 32, ""new_fc_6"": 32, ""new_fc_7"": 16, ""new_fc_8"": 5, ""new_fc_9"": 29, ""num_neurons"": 8, ""optimizer"": ""SGD"", ""reg_l2"": true, ""skip_connection"": true, ""unit_c1"": 3, ""unit_c2"": 5}"
354,161,accuracy,0.9730999991297722,0.026900000870227814,0.81711952,122567928.0,2883140.0,-0.07369414460915948,7550.6117,"{""activation"": ""relu"", ""batch_size"": 8, ""data_augmentation"": true, ""dr_f"": 0.358954118005, ""learning_rate"": 0.000917995615, ""new_fc_1"": 3, ""new_fc_10"": 1, ""new_fc_2"": 0, ""new_fc_3"": 6, ""new_fc_4"": 14, ""new_fc_5"": 28, ""new_fc_6"": 27, ""new_fc_7"": 24, ""new_fc_8"": 7, ""new_fc_9"": 31, ""num_neurons"": 32, ""optimizer"": ""SGD"", ""reg_l2"": false, ""skip_connection"": false, ""unit_c1"": 2, ""unit_c2"": 2}"
355,162,accuracy,0.8495000004768372,0.15049999952316284,0.09528026666666667,14292040.0,785956.0,-0.376765919666214,8535.6834,"{""activation"": ""elu"", ""batch_size"": 16, ""data_augmentation"": true, ""dr_f"": 0.107947063973, ""learning_rate"": 0.000913745384, ""new_fc_1"": 12, ""new_fc_10"": 29, ""new_fc_2"": 4, ""new_fc_3"": 2, ""new_fc_4"": 16, ""new_fc_5"": 16, ""new_fc_6"": 18, ""new_fc_7"": 0, ""new_fc_8"": 10, ""new_fc_9"": 12, ""num_neurons"": 16, ""optimizer"": ""Adadelta"", ""reg_l2"": false, ""skip_connection"": false, ""unit_c1"": 1, ""unit_c2"": 2}"
356,162,flops,,,0.0054072,811080.0,66800.0,,8537.0317,"{""activation"": ""relu"", ""batch_size"": 64, ""data_augmentation"": true, ""dr_f"": 0.121025355184, ""learning_rate"": 0.000768962537, ""new_fc_1"": 7, ""new_fc_10"": 6, ""new_fc_2"": 28, ""new_fc_3"": 32, ""new_fc_4"": 28, ""new_fc_5"": 16, ""new_fc_6"": 7, ""new_fc_7"": 18, ""new_fc_8"": 31, ""new_fc_9"": 7, ""num_neurons"": 4, ""optimizer"": ""Adamax"", ""reg_l2"": false, ""skip_connection"": false, ""unit_c1"": 1, ""unit_c2"": 1}"
357,162,flops,,,15.86759824,2380139736.0,17646244.0,,8538.8513,"{""activation"": ""elu"", ""batch_size"": 16, ""data_augmentation"": false, ""dr_f"": 0.077624031053, ""learning_rate"": 0.000378256133, ""new_fc_1"": 1, ""new_fc_10"": 2, ""new_fc_2"": 16, ""new_fc_3"": 1, ""new_fc_4"": 17, ""new_fc_5"": 31, ""new_fc_6"": 32, ""new_fc_7"": 20, ""new_fc_8"": 20, ""new_fc_9"": 14, ""num_neurons"": 64, ""optimizer"": ""Adadelta"", ""reg_l2"": true, ""skip_connection"": false, ""unit_c1"": 3, ""unit_c2"": 8}"
358,163,accuracy,10000000000.0,,1.2501708266666667,187525624.0,11362948.0,10000000000.0,8540.686,"{""activation"": ""selu"", ""batch_size"": 8, ""data_augmentation"": false, ""dr_f"": 0.084186760254, ""learning_rate"": 0.000975210802, ""new_fc_1"": 29, ""new_fc_10"": 7, ""new_fc_2"": 11, ""new_fc_3"": 21, ""new_fc_4"": 6, ""new_fc_5"": 14, ""new_fc_6"": 0, ""new_fc_7"": 15, ""new_fc_8"": 25, ""new_fc_9"": 5, ""num_neurons"": 32, ""optimizer"": ""Adam"", ""reg_l2"": false, ""skip_connection"": true, ""unit_c1"": 1, ""unit_c2"": 5}"
359,163,flops,,,12.3945768,1859186520.0,16755812.0,,8542.5793,"{""activation"": ""selu"", ""batch_size"": 16, ""data_augmentation"": false, ""dr_f"": 0.389303343836, ""learning_rate"": 0.000775802807, ""new_fc_1"": 0, ""new_fc_10"": 20, ""new_fc_2"": 4, ""new_fc_3"": 8, ""new_fc_4"": 11, ""new_fc_5"": 8, ""new_fc_6"": 27, ""new_fc_7"": 22, ""new_fc_8"": 27, ""new_fc_9"": 21, ""num_neurons"": 64, ""optimizer"": ""Adagrad"", ""reg_l2"": false, ""skip_connection"": true, ""unit_c1"": 4, ""unit_c2"": 4}"
360,164,accuracy,0.6378999948501587,0.3621000051498413,0.8898358933333333,133475384.0,9328612.0,-0.2865192356048889,9647.8911,"{""activation"": ""selu"", ""batch_size"": 16, ""data_augmentation"": false, ""dr_f"": 0.212870060323, ""learning_rate"": 0.000486095075, ""new_fc_1"": 27, ""new_fc_10"": 14, ""new_fc_2"": 2, ""new_fc_3"": 27, ""new_fc_4"": 32, ""new_fc_5"": 18, ""new_fc_6"": 17, ""new_fc_7"": 2, ""new_fc_8"": 19, ""new_fc_9"": 1, ""num_neurons"": 32, ""optimizer"": ""Adamax"", ""reg_l2"": false, ""skip_connection"": false, ""unit_c1"": 1, ""unit_c2"": 4}"
361,164,flops,,,0.26074346666666665,39111520.0,603332.0,,9649.2264,"{""activation"": ""elu"", ""batch_size"": 8, ""data_augmentation"": false, ""dr_f"": 0.439043640356, ""learning_rate"": 0.000416528858, ""new_fc_1"": 12, ""new_fc_10"": 25, ""new_fc_2"": 20, ""new_fc_3"": 12, ""new_fc_4"": 20, ""new_fc_5"": 3, ""new_fc_6"": 12, ""new_fc_7"": 9, ""new_fc_8"": 10, ""new_fc_9"": 30, ""num_neurons"": 8, ""optimizer"": ""SGD"", ""reg_l2"": true, ""skip_connection"": false, ""unit_c1"": 3, ""unit_c2"": 8}"
362,165,accuracy,0.9346000030636787,0.06539999693632126,0.15191194666666666,22786792.0,295524.0,-0.30020641385542485,11354.4076,"{""activation"": ""elu"", ""batch_size"": 8, ""data_augmentation"": true, ""dr_f"": 0.487342212271, ""learning_rate"": 0.000256987748, ""new_fc_1"": 12, ""new_fc_10"": 8, ""new_fc_2"": 1, ""new_fc_3"": 23, ""new_fc_4"": 31, ""new_fc_5"": 31, ""new_fc_6"": 21, ""new_fc_7"": 24, ""new_fc_8"": 17, ""new_fc_9"": 10, ""num_neurons"": 8, ""optimizer"": ""Adamax"", ""reg_l2"": false, ""skip_connection"": false, ""unit_c1"": 4, ""unit_c2"": 1}"
363,166,accuracy,0.9900000002235174,0.009999999776482582,0.05755797333333333,8633696.0,312700.0,-0.2897326078435378,11979.672,"{""activation"": ""selu"", ""batch_size"": 8, ""data_augmentation"": false, ""dr_f"": 0.395691718667, ""learning_rate"": 0.000824351026, ""new_fc_1"": 21, ""new_fc_10"": 11, ""new_fc_2"": 7, ""new_fc_3"": 24, ""new_fc_4"": 15, ""new_fc_5"": 11, ""new_fc_6"": 14, ""new_fc_7"": 32, ""new_fc_8"": 2, ""new_fc_9"": 32, ""num_neurons"": 8, ""optimizer"": ""Adam"", ""reg_l2"": true, ""skip_connection"": false, ""unit_c1"": 2, ""unit_c2"": 2}"
364,167,accuracy,10000000000.0,,2.131695093333333,319754264.0,7425252.0,10000000000.0,11981.2423,"{""activation"": ""elu"", ""batch_size"": 64, ""data_augmentation"": true, ""dr_f"": 0.387046874533, ""learning_rate"": 0.000222170575, ""new_fc_1"": 2, ""new_fc_10"": 10, ""new_fc_2"": 3, ""new_fc_3"": 3, ""new_fc_4"": 8, ""new_fc_5"": 20, ""new_fc_6"": 27, ""new_fc_7"": 12, ""new_fc_8"": 17, ""new_fc_9"": 1, ""num_neurons"": 64, ""optimizer"": ""Adamax"", ""reg_l2"": false, ""skip_connection"": false, ""unit_c1"": 1, ""unit_c2"": 3}"
365,168,accuracy,0.9499000012874603,0.05009999871253967,0.5749173866666667,86237608.0,3036836.0,-0.16259478309877773,12426.7424,"{""activation"": ""selu"", ""batch_size"": 64, ""data_augmentation"": true, ""dr_f"": 0.375744453097, ""learning_rate"": 0.000655598229, ""new_fc_1"": 30, ""new_fc_10"": 20, ""new_fc_2"": 32, ""new_fc_3"": 25, ""new_fc_4"": 10, ""new_fc_5"": 29, ""new_fc_6"": 10, ""new_fc_7"": 27, ""new_fc_8"": 29, ""new_fc_9"": 1, ""num_neurons"": 16, ""optimizer"": ""Adagrad"", ""reg_l2"": true, ""skip_connection"": true, ""unit_c1"": 3, ""unit_c2"": 4}"
366,169,accuracy,0.875,0.125,0.0054072,811080.0,66800.0,-0.38587784,12751.3285,"{""activation"": ""relu"", ""batch_size"": 64, ""data_augmentation"": true, ""dr_f"": 0.121025355184, ""learning_rate"": 0.000768962537, ""new_fc_1"": 7, ""new_fc_10"": 6, ""new_fc_2"": 28, ""new_fc_3"": 32, ""new_fc_4"": 28, ""new_fc_5"": 16, ""new_fc_6"": 7, ""new_fc_7"": 18, ""new_fc_8"": 31, ""new_fc_9"": 7, ""num_neurons"": 4, ""optimizer"": ""Adamax"", ""reg_l2"": false, ""skip_connection"": false, ""unit_c1"": 1, ""unit_c2"": 1}"
367,169,flops,,,10.076681973333333,1511502296.0,22614116.0,,12753.5403,"{""activation"": ""selu"", ""batch_size"": 8, ""data_augmentation"": true, ""dr_f"": 0.278733849386, ""learning_rate"": 0.000579911917, ""new_fc_1"": 17, ""new_fc_10"": 18, ""new_fc_2"": 32, ""new_fc_3"": 11, ""new_fc_4"": 29, ""new_fc_5"": 28, ""new_fc_6"": 29, ""new_fc_7"": 6, ""new_fc_8"": 3, ""new_fc_9"": 1, ""num_neurons"": 64, ""optimizer"": ""Adam"", ""reg_l2"": true, ""skip_connection"": true, ""unit_c1"": 4, ""unit_c2"": 2}"
