event,accuracy_eval,objective,error,accuracy,flops_norm,flops,params,score,elapsed_sec,params_json
1,1,both,0.8999999985098839,0.10000000149011612,0.13370786666666667,20056180.0,798386.0,-0.32988764104308127,685.6184,"{""activation"": ""relu"", ""batch_size"": 8, ""data_augmentation"": true, ""dr_f"": 0.374037152651, ""learning_rate"": 0.000638792636, ""new_fc_1"": 21, ""new_fc_10"": 24, ""new_fc_2"": 1, ""new_fc_3"": 23, ""new_fc_4"": 29, ""new_fc_5"": 1, ""new_fc_6"": 20, ""new_fc_7"": 32, ""new_fc_8"": 11, ""new_fc_9"": 21, ""num_neurons"": 8, ""optimizer"": ""Adam"", ""reg_l2"": true, ""skip_connection"": true, ""unit_c1"": 1, ""unit_c2"": 7}"
2,2,both,0.9008999988436699,0.09910000115633011,0.22696477333333334,34044716.0,182858.0,-0.30128056880943105,1069.8403,"{""activation"": ""swish"", ""batch_size"": 16, ""data_augmentation"": false, ""dr_f"": 0.095562114506, ""learning_rate"": 0.000362930184, ""new_fc_1"": 2, ""new_fc_10"": 25, ""new_fc_2"": 6, ""new_fc_3"": 20, ""new_fc_4"": 8, ""new_fc_5"": 17, ""new_fc_6"": 3, ""new_fc_7"": 24, ""new_fc_8"": 13, ""new_fc_9"": 8, ""num_neurons"": 8, ""optimizer"": ""SGD"", ""reg_l2"": true, ""skip_connection"": true, ""unit_c1"": 3, ""unit_c2"": 7}"
3,3,both,0.8999999985098839,0.10000000149011612,0.054809173333333336,8221376.0,64782.0,-0.3535572490430813,1454.1191,"{""activation"": ""swish"", ""batch_size"": 16, ""data_augmentation"": false, ""dr_f"": 0.236871672058, ""learning_rate"": 0.000209834411, ""new_fc_1"": 5, ""new_fc_10"": 7, ""new_fc_2"": 3, ""new_fc_3"": 28, ""new_fc_4"": 17, ""new_fc_5"": 25, ""new_fc_6"": 9, ""new_fc_7"": 13, ""new_fc_8"": 30, ""new_fc_9"": 14, ""num_neurons"": 4, ""optimizer"": ""Adam"", ""reg_l2"": true, ""skip_connection"": false, ""unit_c1"": 4, ""unit_c2"": 4}"
4,4,both,0.505299985408783,0.49470001459121704,0.57867144,86800716.0,879898.0,-0.4726885782138519,1957.7675,"{""activation"": ""selu"", ""batch_size"": 32, ""data_augmentation"": true, ""dr_f"": 0.481750851444, ""learning_rate"": 0.000860080464, ""new_fc_1"": 28, ""new_fc_10"": 23, ""new_fc_2"": 14, ""new_fc_3"": 0, ""new_fc_4"": 24, ""new_fc_5"": 6, ""new_fc_6"": 8, ""new_fc_7"": 23, ""new_fc_8"": 0, ""new_fc_9"": 7, ""num_neurons"": 16, ""optimizer"": ""SGD"", ""reg_l2"": true, ""skip_connection"": false, ""unit_c1"": 4, ""unit_c2"": 1}"
5,5,both,0.7689999938011169,0.23100000619888306,0.025350986666666665,3802648.0,77514.0,-0.45409470833921817,2461.3955,"{""activation"": ""selu"", ""batch_size"": 32, ""data_augmentation"": true, ""dr_f"": 0.364330717792, ""learning_rate"": 0.000811157986, ""new_fc_1"": 32, ""new_fc_10"": 4, ""new_fc_2"": 22, ""new_fc_3"": 23, ""new_fc_4"": 21, ""new_fc_5"": 26, ""new_fc_6"": 0, ""new_fc_7"": 13, ""new_fc_8"": 2, ""new_fc_9"": 0, ""num_neurons"": 4, ""optimizer"": ""Adadelta"", ""reg_l2"": true, ""skip_connection"": false, ""unit_c1"": 3, ""unit_c2"": 1}"
6,6,both,0.8999999985098839,0.10000000149011612,0.7763196533333333,116447948.0,3850410.0,-0.1371041050430813,2845.4457,"{""activation"": ""relu"", ""batch_size"": 16, ""data_augmentation"": false, ""dr_f"": 0.262083930291, ""learning_rate"": 0.000570459546, ""new_fc_1"": 31, ""new_fc_10"": 21, ""new_fc_2"": 3, ""new_fc_3"": 29, ""new_fc_4"": 22, ""new_fc_5"": 14, ""new_fc_6"": 28, ""new_fc_7"": 12, ""new_fc_8"": 31, ""new_fc_9"": 6, ""num_neurons"": 16, ""optimizer"": ""Adam"", ""reg_l2"": true, ""skip_connection"": false, ""unit_c1"": 3, ""unit_c2"": 6}"
7,7,both,10000000000.0,,7.017778746666667,1052666812.0,42625162.0,10000000000.0,2847.309,"{""activation"": ""elu"", ""batch_size"": 16, ""data_augmentation"": true, ""dr_f"": 0.168947832344, ""learning_rate"": 0.000194944834, ""new_fc_1"": 24, ""new_fc_10"": 8, ""new_fc_2"": 32, ""new_fc_3"": 0, ""new_fc_4"": 26, ""new_fc_5"": 12, ""new_fc_6"": 2, ""new_fc_7"": 5, ""new_fc_8"": 7, ""new_fc_9"": 26, ""num_neurons"": 64, ""optimizer"": ""Adamax"", ""reg_l2"": false, ""skip_connection"": false, ""unit_c1"": 2, ""unit_c2"": 5}"
8,8,both,0.3544999957084656,0.6455000042915344,0.14763901333333335,22145852.0,1182010.0,-0.7075582990040741,4071.2007,"{""activation"": ""selu"", ""batch_size"": 8, ""data_augmentation"": false, ""dr_f"": 0.156623796885, ""learning_rate"": 0.00031971297, ""new_fc_1"": 11, ""new_fc_10"": 32, ""new_fc_2"": 1, ""new_fc_3"": 2, ""new_fc_4"": 16, ""new_fc_5"": 1, ""new_fc_6"": 1, ""new_fc_7"": 27, ""new_fc_8"": 22, ""new_fc_9"": 31, ""num_neurons"": 16, ""optimizer"": ""Adamax"", ""reg_l2"": false, ""skip_connection"": false, ""unit_c1"": 1, ""unit_c2"": 3}"
9,9,both,0.759100005030632,0.24089999496936798,0.8149266933333333,122239004.0,2448810.0,-0.22415198847855758,4575.2183,"{""activation"": ""relu"", ""batch_size"": 32, ""data_augmentation"": false, ""dr_f"": 0.279539254159, ""learning_rate"": 0.000503004848, ""new_fc_1"": 4, ""new_fc_10"": 28, ""new_fc_2"": 5, ""new_fc_3"": 21, ""new_fc_4"": 10, ""new_fc_5"": 15, ""new_fc_6"": 32, ""new_fc_7"": 8, ""new_fc_8"": 5, ""new_fc_9"": 15, ""num_neurons"": 32, ""optimizer"": ""SGD"", ""reg_l2"": false, ""skip_connection"": true, ""unit_c1"": 2, ""unit_c2"": 2}"
10,10,both,10000000000.0,,11.28106024,1692159036.0,24121546.0,10000000000.0,4576.3236,"{""activation"": ""relu"", ""batch_size"": 64, ""data_augmentation"": true, ""dr_f"": 0.133513292356, ""learning_rate"": 0.000740034579, ""new_fc_1"": 0, ""new_fc_10"": 25, ""new_fc_2"": 10, ""new_fc_3"": 27, ""new_fc_4"": 24, ""new_fc_5"": 22, ""new_fc_6"": 30, ""new_fc_7"": 29, ""new_fc_8"": 6, ""new_fc_9"": 15, ""num_neurons"": 64, ""optimizer"": ""Adamax"", ""reg_l2"": false, ""skip_connection"": true, ""unit_c1"": 4, ""unit_c2"": 3}"
11,10,flops,,,4.513238586666667,676985788.0,16484170.0,,4578.0068,"{""activation"": ""swish"", ""batch_size"": 8, ""data_augmentation"": false, ""dr_f"": 0.424085958969, ""learning_rate"": 0.000483482328, ""new_fc_1"": 7, ""new_fc_10"": 18, ""new_fc_2"": 0, ""new_fc_3"": 21, ""new_fc_4"": 16, ""new_fc_5"": 6, ""new_fc_6"": 24, ""new_fc_7"": 3, ""new_fc_8"": 5, ""new_fc_9"": 30, ""num_neurons"": 64, ""optimizer"": ""Adamax"", ""reg_l2"": true, ""skip_connection"": false, ""unit_c1"": 1, ""unit_c2"": 5}"
12,10,flops,,,0.012821973333333334,1923296.0,27686.0,,4578.9929,"{""activation"": ""elu"", ""batch_size"": 64, ""data_augmentation"": true, ""dr_f"": 0.096768956438, ""learning_rate"": 0.000734316253, ""new_fc_1"": 3, ""new_fc_10"": 3, ""new_fc_2"": 0, ""new_fc_3"": 19, ""new_fc_4"": 13, ""new_fc_5"": 24, ""new_fc_6"": 24, ""new_fc_7"": 2, ""new_fc_8"": 4, ""new_fc_9"": 25, ""num_neurons"": 4, ""optimizer"": ""SGD"", ""reg_l2"": true, ""skip_connection"": false, ""unit_c1"": 2, ""unit_c2"": 1}"
13,11,accuracy,0.803399994969368,0.19660000503063202,0.012821973333333334,1923296.0,27686.0,-0.43377341152144244,4843.2239,"{""activation"": ""elu"", ""batch_size"": 64, ""data_augmentation"": true, ""dr_f"": 0.096768956438, ""learning_rate"": 0.000734316253, ""new_fc_1"": 3, ""new_fc_10"": 3, ""new_fc_2"": 0, ""new_fc_3"": 19, ""new_fc_4"": 13, ""new_fc_5"": 24, ""new_fc_6"": 24, ""new_fc_7"": 2, ""new_fc_8"": 4, ""new_fc_9"": 25, ""num_neurons"": 4, ""optimizer"": ""SGD"", ""reg_l2"": true, ""skip_connection"": false, ""unit_c1"": 2, ""unit_c2"": 1}"
14,11,flops,,,2.2469458933333333,337041884.0,2181098.0,,4844.2835,"{""activation"": ""elu"", ""batch_size"": 64, ""data_augmentation"": true, ""dr_f"": 0.395865352792, ""learning_rate"": 0.000519698814, ""new_fc_1"": 6, ""new_fc_10"": 10, ""new_fc_2"": 23, ""new_fc_3"": 8, ""new_fc_4"": 15, ""new_fc_5"": 1, ""new_fc_6"": 21, ""new_fc_7"": 18, ""new_fc_8"": 20, ""new_fc_9"": 11, ""num_neurons"": 32, ""optimizer"": ""Adagrad"", ""reg_l2"": true, ""skip_connection"": false, ""unit_c1"": 4, ""unit_c2"": 1}"
15,11,flops,,,0.30113485333333334,45170228.0,893650.0,,4845.296,"{""activation"": ""selu"", ""batch_size"": 8, ""data_augmentation"": true, ""dr_f"": 0.164102057347, ""learning_rate"": 0.000232439619, ""new_fc_1"": 24, ""new_fc_10"": 24, ""new_fc_2"": 29, ""new_fc_3"": 25, ""new_fc_4"": 2, ""new_fc_5"": 3, ""new_fc_6"": 17, ""new_fc_7"": 10, ""new_fc_8"": 10, ""new_fc_9"": 15, ""num_neurons"": 8, ""optimizer"": ""Adamax"", ""reg_l2"": true, ""skip_connection"": false, ""unit_c1"": 4, ""unit_c2"": 7}"
16,12,accuracy,0.3374999761581421,0.6625000238418579,0.30113485333333334,45170228.0,893650.0,-0.6734095606893005,6909.9344,"{""activation"": ""selu"", ""batch_size"": 8, ""data_augmentation"": true, ""dr_f"": 0.164102057347, ""learning_rate"": 0.000232439619, ""new_fc_1"": 24, ""new_fc_10"": 24, ""new_fc_2"": 29, ""new_fc_3"": 25, ""new_fc_4"": 2, ""new_fc_5"": 3, ""new_fc_6"": 17, ""new_fc_7"": 10, ""new_fc_8"": 10, ""new_fc_9"": 15, ""num_neurons"": 8, ""optimizer"": ""Adamax"", ""reg_l2"": true, ""skip_connection"": false, ""unit_c1"": 4, ""unit_c2"": 7}"
17,12,flops,,,2.605689786666667,390853468.0,13278282.0,,6911.4609,"{""activation"": ""swish"", ""batch_size"": 16, ""data_augmentation"": true, ""dr_f"": 0.099903928029, ""learning_rate"": 0.000251114564, ""new_fc_1"": 21, ""new_fc_10"": 13, ""new_fc_2"": 4, ""new_fc_3"": 8, ""new_fc_4"": 10, ""new_fc_5"": 4, ""new_fc_6"": 5, ""new_fc_7"": 32, ""new_fc_8"": 15, ""new_fc_9"": 23, ""num_neurons"": 32, ""optimizer"": ""Adamax"", ""reg_l2"": false, ""skip_connection"": true, ""unit_c1"": 1, ""unit_c2"": 8}"
18,12,flops,,,5.263745253333333,789561788.0,14500874.0,,6912.8441,"{""activation"": ""selu"", ""batch_size"": 64, ""data_augmentation"": false, ""dr_f"": 0.427988866846, ""learning_rate"": 0.000876725704, ""new_fc_1"": 3, ""new_fc_10"": 12, ""new_fc_2"": 6, ""new_fc_3"": 21, ""new_fc_4"": 29, ""new_fc_5"": 21, ""new_fc_6"": 28, ""new_fc_7"": 10, ""new_fc_8"": 15, ""new_fc_9"": 5, ""num_neurons"": 64, ""optimizer"": ""Adam"", ""reg_l2"": true, ""skip_connection"": false, ""unit_c1"": 2, ""unit_c2"": 4}"
19,12,flops,,,0.04393954666666667,6590932.0,149178.0,,6913.6419,"{""activation"": ""relu"", ""batch_size"": 32, ""data_augmentation"": false, ""dr_f"": 0.346760590585, ""learning_rate"": 0.000174048206, ""new_fc_1"": 16, ""new_fc_10"": 17, ""new_fc_2"": 24, ""new_fc_3"": 11, ""new_fc_4"": 28, ""new_fc_5"": 0, ""new_fc_6"": 1, ""new_fc_7"": 32, ""new_fc_8"": 0, ""new_fc_9"": 9, ""num_neurons"": 4, ""optimizer"": ""SGD"", ""reg_l2"": false, ""skip_connection"": false, ""unit_c1"": 2, ""unit_c2"": 7}"
20,12,flops,,,0.03525736,5288604.0,261594.0,,6914.515,"{""activation"": ""elu"", ""batch_size"": 8, ""data_augmentation"": true, ""dr_f"": 0.08792907642, ""learning_rate"": 0.000552294161, ""new_fc_1"": 30, ""new_fc_10"": 21, ""new_fc_2"": 28, ""new_fc_3"": 2, ""new_fc_4"": 1, ""new_fc_5"": 8, ""new_fc_6"": 29, ""new_fc_7"": 13, ""new_fc_8"": 19, ""new_fc_9"": 13, ""num_neurons"": 4, ""optimizer"": ""Adam"", ""reg_l2"": false, ""skip_connection"": true, ""unit_c1"": 1, ""unit_c2"": 7}"
21,13,accuracy,0.8797999992966652,0.12020000070333481,0.04393954666666667,6590932.0,149178.0,-0.37095813649233433,7058.7071,"{""activation"": ""relu"", ""batch_size"": 32, ""data_augmentation"": false, ""dr_f"": 0.346760590585, ""learning_rate"": 0.000174048206, ""new_fc_1"": 16, ""new_fc_10"": 17, ""new_fc_2"": 24, ""new_fc_3"": 11, ""new_fc_4"": 28, ""new_fc_5"": 0, ""new_fc_6"": 1, ""new_fc_7"": 32, ""new_fc_8"": 0, ""new_fc_9"": 9, ""num_neurons"": 4, ""optimizer"": ""SGD"", ""reg_l2"": false, ""skip_connection"": false, ""unit_c1"": 2, ""unit_c2"": 7}"
22,13,flops,,,0.05649784,8474676.0,465738.0,,7059.5176,"{""activation"": ""relu"", ""batch_size"": 16, ""data_augmentation"": true, ""dr_f"": 0.34388458431, ""learning_rate"": 0.000218547103, ""new_fc_1"": 17, ""new_fc_10"": 26, ""new_fc_2"": 8, ""new_fc_3"": 28, ""new_fc_4"": 16, ""new_fc_5"": 4, ""new_fc_6"": 26, ""new_fc_7"": 14, ""new_fc_8"": 24, ""new_fc_9"": 20, ""num_neurons"": 8, ""optimizer"": ""Adadelta"", ""reg_l2"": true, ""skip_connection"": false, ""unit_c1"": 1, ""unit_c2"": 4}"
23,13,flops,,,0.00791336,1187004.0,106582.0,,7060.253,"{""activation"": ""relu"", ""batch_size"": 8, ""data_augmentation"": false, ""dr_f"": 0.089947111947, ""learning_rate"": 0.000478438482, ""new_fc_1"": 25, ""new_fc_10"": 31, ""new_fc_2"": 32, ""new_fc_3"": 18, ""new_fc_4"": 22, ""new_fc_5"": 3, ""new_fc_6"": 30, ""new_fc_7"": 27, ""new_fc_8"": 9, ""new_fc_9"": 7, ""num_neurons"": 4, ""optimizer"": ""SGD"", ""reg_l2"": false, ""skip_connection"": false, ""unit_c1"": 1, ""unit_c2"": 2}"
24,14,accuracy,10000000000.0,,1.59325864,238988796.0,10359786.0,10000000000.0,7061.2901,"{""activation"": ""selu"", ""batch_size"": 32, ""data_augmentation"": false, ""dr_f"": 0.099689416991, ""learning_rate"": 0.00032205476, ""new_fc_1"": 16, ""new_fc_10"": 28, ""new_fc_2"": 10, ""new_fc_3"": 12, ""new_fc_4"": 2, ""new_fc_5"": 17, ""new_fc_6"": 28, ""new_fc_7"": 27, ""new_fc_8"": 25, ""new_fc_9"": 25, ""num_neurons"": 32, ""optimizer"": ""SGD"", ""reg_l2"": true, ""skip_connection"": false, ""unit_c1"": 1, ""unit_c2"": 6}"
25,14,flops,,,0.30365746666666665,45548620.0,1883642.0,,7062.1118,"{""activation"": ""relu"", ""batch_size"": 16, ""data_augmentation"": false, ""dr_f"": 0.103703376882, ""learning_rate"": 0.000389925033, ""new_fc_1"": 15, ""new_fc_10"": 5, ""new_fc_2"": 27, ""new_fc_3"": 32, ""new_fc_4"": 7, ""new_fc_5"": 24, ""new_fc_6"": 2, ""new_fc_7"": 20, ""new_fc_8"": 24, ""new_fc_9"": 1, ""num_neurons"": 16, ""optimizer"": ""SGD"", ""reg_l2"": false, ""skip_connection"": true, ""unit_c1"": 1, ""unit_c2"": 5}"
26,14,flops,,,0.0424084,6361260.0,235734.0,,7062.9847,"{""activation"": ""swish"", ""batch_size"": 64, ""data_augmentation"": true, ""dr_f"": 0.485575165548, ""learning_rate"": 0.000418811018, ""new_fc_1"": 24, ""new_fc_10"": 3, ""new_fc_2"": 2, ""new_fc_3"": 22, ""new_fc_4"": 16, ""new_fc_5"": 15, ""new_fc_6"": 30, ""new_fc_7"": 5, ""new_fc_8"": 18, ""new_fc_9"": 17, ""num_neurons"": 4, ""optimizer"": ""Adadelta"", ""reg_l2"": true, ""skip_connection"": false, ""unit_c1"": 1, ""unit_c2"": 8}"
27,14,flops,,,0.028925706666666665,4338856.0,48122.0,,7063.8029,"{""activation"": ""relu"", ""batch_size"": 8, ""data_augmentation"": true, ""dr_f"": 0.293859471322, ""learning_rate"": 0.000710320883, ""new_fc_1"": 9, ""new_fc_10"": 14, ""new_fc_2"": 0, ""new_fc_3"": 24, ""new_fc_4"": 9, ""new_fc_5"": 19, ""new_fc_6"": 11, ""new_fc_7"": 26, ""new_fc_8"": 11, ""new_fc_9"": 8, ""num_neurons"": 4, ""optimizer"": ""Adam"", ""reg_l2"": false, ""skip_connection"": true, ""unit_c1"": 3, ""unit_c2"": 2}"
28,14,flops,,,0.6461755466666667,96926332.0,1674122.0,,7064.6521,"{""activation"": ""swish"", ""batch_size"": 8, ""data_augmentation"": false, ""dr_f"": 0.224401492843, ""learning_rate"": 0.000448414006, ""new_fc_1"": 31, ""new_fc_10"": 14, ""new_fc_2"": 14, ""new_fc_3"": 11, ""new_fc_4"": 12, ""new_fc_5"": 24, ""new_fc_6"": 26, ""new_fc_7"": 14, ""new_fc_8"": 15, ""new_fc_9"": 3, ""num_neurons"": 16, ""optimizer"": ""SGD"", ""reg_l2"": true, ""skip_connection"": false, ""unit_c1"": 4, ""unit_c2"": 2}"
29,14,flops,,,0.02607896,3911844.0,246586.0,,7065.4466,"{""activation"": ""elu"", ""batch_size"": 8, ""data_augmentation"": true, ""dr_f"": 0.175131210402, ""learning_rate"": 0.000277060032, ""new_fc_1"": 17, ""new_fc_10"": 8, ""new_fc_2"": 2, ""new_fc_3"": 28, ""new_fc_4"": 2, ""new_fc_5"": 4, ""new_fc_6"": 21, ""new_fc_7"": 18, ""new_fc_8"": 22, ""new_fc_9"": 19, ""num_neurons"": 8, ""optimizer"": ""Adagrad"", ""reg_l2"": false, ""skip_connection"": false, ""unit_c1"": 1, ""unit_c2"": 2}"
30,15,accuracy,0.5564999878406525,0.44350001215934753,0.02607896,3911844.0,246586.0,-0.6026263205115432,8949.6459,"{""activation"": ""elu"", ""batch_size"": 8, ""data_augmentation"": true, ""dr_f"": 0.175131210402, ""learning_rate"": 0.000277060032, ""new_fc_1"": 17, ""new_fc_10"": 8, ""new_fc_2"": 2, ""new_fc_3"": 28, ""new_fc_4"": 2, ""new_fc_5"": 4, ""new_fc_6"": 21, ""new_fc_7"": 18, ""new_fc_8"": 22, ""new_fc_9"": 19, ""num_neurons"": 8, ""optimizer"": ""Adagrad"", ""reg_l2"": false, ""skip_connection"": false, ""unit_c1"": 1, ""unit_c2"": 2}"
31,15,flops,,,4.160920506666667,624138076.0,9574378.0,,8950.6183,"{""activation"": ""elu"", ""batch_size"": 8, ""data_augmentation"": false, ""dr_f"": 0.261850962019, ""learning_rate"": 0.000122010241, ""new_fc_1"": 17, ""new_fc_10"": 8, ""new_fc_2"": 23, ""new_fc_3"": 17, ""new_fc_4"": 26, ""new_fc_5"": 1, ""new_fc_6"": 15, ""new_fc_7"": 19, ""new_fc_8"": 24, ""new_fc_9"": 3, ""num_neurons"": 32, ""optimizer"": ""Adagrad"", ""reg_l2"": false, ""skip_connection"": true, ""unit_c1"": 4, ""unit_c2"": 6}"
32,15,flops,,,0.02049664,3074496.0,122574.0,,8951.3621,"{""activation"": ""relu"", ""batch_size"": 8, ""data_augmentation"": false, ""dr_f"": 0.413885546127, ""learning_rate"": 0.000491756782, ""new_fc_1"": 12, ""new_fc_10"": 8, ""new_fc_2"": 29, ""new_fc_3"": 16, ""new_fc_4"": 26, ""new_fc_5"": 22, ""new_fc_6"": 29, ""new_fc_7"": 8, ""new_fc_8"": 17, ""new_fc_9"": 26, ""num_neurons"": 4, ""optimizer"": ""Adadelta"", ""reg_l2"": true, ""skip_connection"": true, ""unit_c1"": 1, ""unit_c2"": 5}"
33,15,flops,,,0.012353653333333334,1853048.0,170894.0,,8952.1969,"{""activation"": ""swish"", ""batch_size"": 64, ""data_augmentation"": true, ""dr_f"": 0.181615520153, ""learning_rate"": 0.000786155316, ""new_fc_1"": 31, ""new_fc_10"": 23, ""new_fc_2"": 19, ""new_fc_3"": 23, ""new_fc_4"": 29, ""new_fc_5"": 12, ""new_fc_6"": 11, ""new_fc_7"": 15, ""new_fc_8"": 30, ""new_fc_9"": 32, ""num_neurons"": 4, ""optimizer"": ""Adagrad"", ""reg_l2"": true, ""skip_connection"": true, ""unit_c1"": 1, ""unit_c2"": 3}"
34,15,flops,,,0.7632057333333333,114480860.0,2866586.0,,8952.9642,"{""activation"": ""selu"", ""batch_size"": 16, ""data_augmentation"": false, ""dr_f"": 0.343903372242, ""learning_rate"": 0.000950675772, ""new_fc_1"": 22, ""new_fc_10"": 18, ""new_fc_2"": 22, ""new_fc_3"": 10, ""new_fc_4"": 25, ""new_fc_5"": 11, ""new_fc_6"": 15, ""new_fc_7"": 7, ""new_fc_8"": 16, ""new_fc_9"": 16, ""num_neurons"": 16, ""optimizer"": ""Adagrad"", ""reg_l2"": true, ""skip_connection"": false, ""unit_c1"": 3, ""unit_c2"": 6}"
35,15,flops,,,0.047716346666666666,7157452.0,312362.0,,8953.7161,"{""activation"": ""selu"", ""batch_size"": 8, ""data_augmentation"": true, ""dr_f"": 0.284786559993, ""learning_rate"": 0.000115017923, ""new_fc_1"": 2, ""new_fc_10"": 21, ""new_fc_2"": 20, ""new_fc_3"": 28, ""new_fc_4"": 32, ""new_fc_5"": 31, ""new_fc_6"": 32, ""new_fc_7"": 20, ""new_fc_8"": 10, ""new_fc_9"": 10, ""num_neurons"": 8, ""optimizer"": ""Adam"", ""reg_l2"": true, ""skip_connection"": false, ""unit_c1"": 2, ""unit_c2"": 1}"
36,16,accuracy,0.5593000054359436,0.4406999945640564,0.047716346666666666,7157452.0,312362.0,-0.5941750921948394,10958.4572,"{""activation"": ""selu"", ""batch_size"": 8, ""data_augmentation"": true, ""dr_f"": 0.284786559993, ""learning_rate"": 0.000115017923, ""new_fc_1"": 2, ""new_fc_10"": 21, ""new_fc_2"": 20, ""new_fc_3"": 28, ""new_fc_4"": 32, ""new_fc_5"": 31, ""new_fc_6"": 32, ""new_fc_7"": 20, ""new_fc_8"": 10, ""new_fc_9"": 10, ""num_neurons"": 8, ""optimizer"": ""Adam"", ""reg_l2"": true, ""skip_connection"": false, ""unit_c1"": 2, ""unit_c2"": 1}"
37,16,flops,,,0.10484733333333333,15727100.0,1504090.0,,10959.2185,"{""activation"": ""relu"", ""batch_size"": 8, ""data_augmentation"": false, ""dr_f"": 0.36447920571, ""learning_rate"": 0.000241447767, ""new_fc_1"": 0, ""new_fc_10"": 28, ""new_fc_2"": 22, ""new_fc_3"": 7, ""new_fc_4"": 4, ""new_fc_5"": 17, ""new_fc_6"": 20, ""new_fc_7"": 25, ""new_fc_8"": 18, ""new_fc_9"": 31, ""num_neurons"": 16, ""optimizer"": ""Adadelta"", ""reg_l2"": false, ""skip_connection"": false, ""unit_c1"": 1, ""unit_c2"": 2}"
38,16,flops,,,0.04351410666666667,6527116.0,261534.0,,10960.0351,"{""activation"": ""swish"", ""batch_size"": 16, ""data_augmentation"": true, ""dr_f"": 0.306820341879, ""learning_rate"": 0.000355360207, ""new_fc_1"": 28, ""new_fc_10"": 22, ""new_fc_2"": 12, ""new_fc_3"": 14, ""new_fc_4"": 13, ""new_fc_5"": 5, ""new_fc_6"": 24, ""new_fc_7"": 9, ""new_fc_8"": 0, ""new_fc_9"": 5, ""num_neurons"": 4, ""optimizer"": ""SGD"", ""reg_l2"": false, ""skip_connection"": true, ""unit_c1"": 1, ""unit_c2"": 8}"
39,16,flops,,,0.10205181333333334,15307772.0,644690.0,,10960.7376,"{""activation"": ""relu"", ""batch_size"": 64, ""data_augmentation"": false, ""dr_f"": 0.092724979109, ""learning_rate"": 0.000233508116, ""new_fc_1"": 19, ""new_fc_10"": 4, ""new_fc_2"": 23, ""new_fc_3"": 18, ""new_fc_4"": 23, ""new_fc_5"": 30, ""new_fc_6"": 1, ""new_fc_7"": 0, ""new_fc_8"": 16, ""new_fc_9"": 18, ""num_neurons"": 8, ""optimizer"": ""Adagrad"", ""reg_l2"": false, ""skip_connection"": false, ""unit_c1"": 1, ""unit_c2"": 6}"
40,16,flops,,,0.15126429333333333,22689644.0,1453802.0,,10961.4976,"{""activation"": ""elu"", ""batch_size"": 16, ""data_augmentation"": true, ""dr_f"": 0.075498085281, ""learning_rate"": 0.000565944401, ""new_fc_1"": 22, ""new_fc_10"": 28, ""new_fc_2"": 1, ""new_fc_3"": 19, ""new_fc_4"": 12, ""new_fc_5"": 1, ""new_fc_6"": 1, ""new_fc_7"": 14, ""new_fc_8"": 9, ""new_fc_9"": 24, ""num_neurons"": 16, ""optimizer"": ""Adam"", ""reg_l2"": false, ""skip_connection"": false, ""unit_c1"": 1, ""unit_c2"": 3}"
41,16,flops,,,0.04584336,6876504.0,195042.0,,10962.2549,"{""activation"": ""selu"", ""batch_size"": 8, ""data_augmentation"": true, ""dr_f"": 0.113912026306, ""learning_rate"": 0.000343589878, ""new_fc_1"": 20, ""new_fc_10"": 24, ""new_fc_2"": 27, ""new_fc_3"": 23, ""new_fc_4"": 1, ""new_fc_5"": 27, ""new_fc_6"": 12, ""new_fc_7"": 7, ""new_fc_8"": 4, ""new_fc_9"": 30, ""num_neurons"": 4, ""optimizer"": ""SGD"", ""reg_l2"": true, ""skip_connection"": true, ""unit_c1"": 2, ""unit_c2"": 7}"
42,17,accuracy,0.8711999952793121,0.12880000472068787,0.05649784,8474676.0,465738.0,-0.37321065130448144,11586.5558,"{""activation"": ""relu"", ""batch_size"": 16, ""data_augmentation"": true, ""dr_f"": 0.34388458431, ""learning_rate"": 0.000218547103, ""new_fc_1"": 17, ""new_fc_10"": 26, ""new_fc_2"": 8, ""new_fc_3"": 28, ""new_fc_4"": 16, ""new_fc_5"": 4, ""new_fc_6"": 26, ""new_fc_7"": 14, ""new_fc_8"": 24, ""new_fc_9"": 20, ""num_neurons"": 8, ""optimizer"": ""Adadelta"", ""reg_l2"": true, ""skip_connection"": false, ""unit_c1"": 1, ""unit_c2"": 4}"
43,17,flops,,,0.0291244,4368660.0,69234.0,,11587.2741,"{""activation"": ""elu"", ""batch_size"": 16, ""data_augmentation"": true, ""dr_f"": 0.338032837821, ""learning_rate"": 0.000310364093, ""new_fc_1"": 8, ""new_fc_10"": 6, ""new_fc_2"": 24, ""new_fc_3"": 1, ""new_fc_4"": 23, ""new_fc_5"": 1, ""new_fc_6"": 2, ""new_fc_7"": 8, ""new_fc_8"": 29, ""new_fc_9"": 24, ""num_neurons"": 4, ""optimizer"": ""Adam"", ""reg_l2"": true, ""skip_connection"": false, ""unit_c1"": 2, ""unit_c2"": 5}"
44,17,flops,,,0.6363765066666667,95456476.0,1089706.0,,11587.9583,"{""activation"": ""selu"", ""batch_size"": 8, ""data_augmentation"": false, ""dr_f"": 0.196781991211, ""learning_rate"": 0.000138925214, ""new_fc_1"": 2, ""new_fc_10"": 6, ""new_fc_2"": 29, ""new_fc_3"": 18, ""new_fc_4"": 0, ""new_fc_5"": 1, ""new_fc_6"": 21, ""new_fc_7"": 2, ""new_fc_8"": 1, ""new_fc_9"": 29, ""num_neurons"": 32, ""optimizer"": ""Adadelta"", ""reg_l2"": false, ""skip_connection"": false, ""unit_c1"": 2, ""unit_c2"": 1}"
45,17,flops,,,0.22436333333333333,33654500.0,521722.0,,11588.6303,"{""activation"": ""selu"", ""batch_size"": 64, ""data_augmentation"": false, ""dr_f"": 0.04198685206, ""learning_rate"": 0.000822784675, ""new_fc_1"": 14, ""new_fc_10"": 22, ""new_fc_2"": 24, ""new_fc_3"": 9, ""new_fc_4"": 5, ""new_fc_5"": 0, ""new_fc_6"": 5, ""new_fc_7"": 6, ""new_fc_8"": 13, ""new_fc_9"": 11, ""num_neurons"": 8, ""optimizer"": ""SGD"", ""reg_l2"": true, ""skip_connection"": false, ""unit_c1"": 3, ""unit_c2"": 7}"
46,17,flops,,,0.1844828,27672420.0,382306.0,,11589.3225,"{""activation"": ""relu"", ""batch_size"": 32, ""data_augmentation"": false, ""dr_f"": 0.034656663088, ""learning_rate"": 0.000450748216, ""new_fc_1"": 18, ""new_fc_10"": 30, ""new_fc_2"": 31, ""new_fc_3"": 17, ""new_fc_4"": 15, ""new_fc_5"": 22, ""new_fc_6"": 4, ""new_fc_7"": 28, ""new_fc_8"": 6, ""new_fc_9"": 2, ""num_neurons"": 8, ""optimizer"": ""Adam"", ""reg_l2"": true, ""skip_connection"": false, ""unit_c1"": 4, ""unit_c2"": 3}"
47,17,flops,,,0.047980666666666665,7197100.0,231858.0,,11590.0068,"{""activation"": ""relu"", ""batch_size"": 16, ""data_augmentation"": false, ""dr_f"": 0.193726590436, ""learning_rate"": 0.000903575957, ""new_fc_1"": 27, ""new_fc_10"": 31, ""new_fc_2"": 3, ""new_fc_3"": 15, ""new_fc_4"": 2, ""new_fc_5"": 18, ""new_fc_6"": 18, ""new_fc_7"": 8, ""new_fc_8"": 23, ""new_fc_9"": 17, ""num_neurons"": 8, ""optimizer"": ""Adadelta"", ""reg_l2"": true, ""skip_connection"": true, ""unit_c1"": 2, ""unit_c2"": 1}"
48,18,accuracy,10000000000.0,,4.513238586666667,676985788.0,16484170.0,10000000000.0,11591.2907,"{""activation"": ""swish"", ""batch_size"": 8, ""data_augmentation"": false, ""dr_f"": 0.424085958969, ""learning_rate"": 0.000483482328, ""new_fc_1"": 7, ""new_fc_10"": 18, ""new_fc_2"": 0, ""new_fc_3"": 21, ""new_fc_4"": 16, ""new_fc_5"": 6, ""new_fc_6"": 24, ""new_fc_7"": 3, ""new_fc_8"": 5, ""new_fc_9"": 30, ""num_neurons"": 64, ""optimizer"": ""Adamax"", ""reg_l2"": true, ""skip_connection"": false, ""unit_c1"": 1, ""unit_c2"": 5}"
49,18,flops,,,0.20180098666666665,30270148.0,470386.0,,11592.0918,"{""activation"": ""swish"", ""batch_size"": 8, ""data_augmentation"": true, ""dr_f"": 0.317069906027, ""learning_rate"": 0.000618847549, ""new_fc_1"": 6, ""new_fc_10"": 28, ""new_fc_2"": 32, ""new_fc_3"": 20, ""new_fc_4"": 29, ""new_fc_5"": 5, ""new_fc_6"": 25, ""new_fc_7"": 5, ""new_fc_8"": 23, ""new_fc_9"": 30, ""num_neurons"": 8, ""optimizer"": ""Adam"", ""reg_l2"": true, ""skip_connection"": false, ""unit_c1"": 2, ""unit_c2"": 8}"
50,18,flops,,,0.02098728,3148092.0,159298.0,,11592.8595,"{""activation"": ""elu"", ""batch_size"": 32, ""data_augmentation"": true, ""dr_f"": 0.176495068612, ""learning_rate"": 0.000848862762, ""new_fc_1"": 25, ""new_fc_10"": 29, ""new_fc_2"": 1, ""new_fc_3"": 25, ""new_fc_4"": 5, ""new_fc_5"": 15, ""new_fc_6"": 6, ""new_fc_7"": 14, ""new_fc_8"": 16, ""new_fc_9"": 20, ""num_neurons"": 4, ""optimizer"": ""Adadelta"", ""reg_l2"": true, ""skip_connection"": true, ""unit_c1"": 1, ""unit_c2"": 5}"
51,18,flops,,,0.09381906666666667,14072860.0,471962.0,,11593.5292,"{""activation"": ""relu"", ""batch_size"": 16, ""data_augmentation"": false, ""dr_f"": 0.302569547353, ""learning_rate"": 0.000733361228, ""new_fc_1"": 20, ""new_fc_10"": 4, ""new_fc_2"": 23, ""new_fc_3"": 14, ""new_fc_4"": 14, ""new_fc_5"": 30, ""new_fc_6"": 8, ""new_fc_7"": 0, ""new_fc_8"": 27, ""new_fc_9"": 0, ""num_neurons"": 8, ""optimizer"": ""Adagrad"", ""reg_l2"": true, ""skip_connection"": true, ""unit_c1"": 2, ""unit_c2"": 4}"
52,18,flops,,,0.27667090666666666,41500636.0,932698.0,,11594.2912,"{""activation"": ""swish"", ""batch_size"": 32, ""data_augmentation"": false, ""dr_f"": 0.493438029434, ""learning_rate"": 0.000395098233, ""new_fc_1"": 32, ""new_fc_10"": 24, ""new_fc_2"": 11, ""new_fc_3"": 28, ""new_fc_4"": 5, ""new_fc_5"": 3, ""new_fc_6"": 3, ""new_fc_7"": 5, ""new_fc_8"": 12, ""new_fc_9"": 17, ""num_neurons"": 8, ""optimizer"": ""SGD"", ""reg_l2"": false, ""skip_connection"": true, ""unit_c1"": 4, ""unit_c2"": 6}"
53,18,flops,,,1.34763048,202144572.0,2661386.0,,11595.0293,"{""activation"": ""relu"", ""batch_size"": 32, ""data_augmentation"": false, ""dr_f"": 0.230914836306, ""learning_rate"": 0.000545175043, ""new_fc_1"": 14, ""new_fc_10"": 14, ""new_fc_2"": 20, ""new_fc_3"": 12, ""new_fc_4"": 23, ""new_fc_5"": 12, ""new_fc_6"": 3, ""new_fc_7"": 8, ""new_fc_8"": 16, ""new_fc_9"": 30, ""num_neurons"": 16, ""optimizer"": ""Adam"", ""reg_l2"": true, ""skip_connection"": true, ""unit_c1"": 4, ""unit_c2"": 8}"
54,19,accuracy,0.3278999924659729,0.6721000075340271,0.22436333333333333,33654500.0,521722.0,-0.7031610052738189,11859.3848,"{""activation"": ""selu"", ""batch_size"": 64, ""data_augmentation"": false, ""dr_f"": 0.04198685206, ""learning_rate"": 0.000822784675, ""new_fc_1"": 14, ""new_fc_10"": 22, ""new_fc_2"": 24, ""new_fc_3"": 9, ""new_fc_4"": 5, ""new_fc_5"": 0, ""new_fc_6"": 5, ""new_fc_7"": 6, ""new_fc_8"": 13, ""new_fc_9"": 11, ""num_neurons"": 8, ""optimizer"": ""SGD"", ""reg_l2"": true, ""skip_connection"": false, ""unit_c1"": 3, ""unit_c2"": 7}"
55,19,flops,,,0.10460296,15690444.0,367954.0,,11860.0508,"{""activation"": ""relu"", ""batch_size"": 32, ""data_augmentation"": false, ""dr_f"": 0.078951732094, ""learning_rate"": 0.000258984311, ""new_fc_1"": 29, ""new_fc_10"": 0, ""new_fc_2"": 7, ""new_fc_3"": 26, ""new_fc_4"": 17, ""new_fc_5"": 17, ""new_fc_6"": 28, ""new_fc_7"": 4, ""new_fc_8"": 4, ""new_fc_9"": 22, ""num_neurons"": 8, ""optimizer"": ""SGD"", ""reg_l2"": true, ""skip_connection"": false, ""unit_c1"": 3, ""unit_c2"": 2}"
56,19,flops,,,0.026224693333333333,3933704.0,80750.0,,11860.7398,"{""activation"": ""selu"", ""batch_size"": 32, ""data_augmentation"": false, ""dr_f"": 0.418096578892, ""learning_rate"": 0.000951064153, ""new_fc_1"": 31, ""new_fc_10"": 26, ""new_fc_2"": 0, ""new_fc_3"": 24, ""new_fc_4"": 7, ""new_fc_5"": 16, ""new_fc_6"": 15, ""new_fc_7"": 27, ""new_fc_8"": 14, ""new_fc_9"": 19, ""num_neurons"": 4, ""optimizer"": ""Adagrad"", ""reg_l2"": true, ""skip_connection"": true, ""unit_c1"": 3, ""unit_c2"": 1}"
57,19,flops,,,0.04031688,6047532.0,342314.0,,11861.4487,"{""activation"": ""selu"", ""batch_size"": 16, ""data_augmentation"": false, ""dr_f"": 0.246790669871, ""learning_rate"": 0.000765963222, ""new_fc_1"": 16, ""new_fc_10"": 2, ""new_fc_2"": 10, ""new_fc_3"": 15, ""new_fc_4"": 25, ""new_fc_5"": 13, ""new_fc_6"": 17, ""new_fc_7"": 13, ""new_fc_8"": 30, ""new_fc_9"": 9, ""num_neurons"": 8, ""optimizer"": ""Adam"", ""reg_l2"": true, ""skip_connection"": true, ""unit_c1"": 1, ""unit_c2"": 3}"
58,19,flops,,,0.005188453333333333,778268.0,33518.0,,11862.1483,"{""activation"": ""relu"", ""batch_size"": 16, ""data_augmentation"": true, ""dr_f"": 0.307545997031, ""learning_rate"": 0.000227018461, ""new_fc_1"": 0, ""new_fc_10"": 5, ""new_fc_2"": 15, ""new_fc_3"": 10, ""new_fc_4"": 0, ""new_fc_5"": 12, ""new_fc_6"": 21, ""new_fc_7"": 22, ""new_fc_8"": 2, ""new_fc_9"": 5, ""num_neurons"": 4, ""optimizer"": ""Adam"", ""reg_l2"": true, ""skip_connection"": true, ""unit_c1"": 1, ""unit_c2"": 1}"
59,19,flops,,,0.09730984,14596476.0,733882.0,,11862.9153,"{""activation"": ""elu"", ""batch_size"": 8, ""data_augmentation"": true, ""dr_f"": 0.23691159318, ""learning_rate"": 0.000159157771, ""new_fc_1"": 19, ""new_fc_10"": 8, ""new_fc_2"": 1, ""new_fc_3"": 4, ""new_fc_4"": 7, ""new_fc_5"": 4, ""new_fc_6"": 26, ""new_fc_7"": 3, ""new_fc_8"": 7, ""new_fc_9"": 5, ""num_neurons"": 16, ""optimizer"": ""Adam"", ""reg_l2"": true, ""skip_connection"": true, ""unit_c1"": 1, ""unit_c2"": 2}"
60,20,accuracy,0.3788999915122986,0.6211000084877014,0.7632057333333333,114480860.0,2866586.0,-0.505808285941391,12847.2705,"{""activation"": ""selu"", ""batch_size"": 16, ""data_augmentation"": false, ""dr_f"": 0.343903372242, ""learning_rate"": 0.000950675772, ""new_fc_1"": 22, ""new_fc_10"": 18, ""new_fc_2"": 22, ""new_fc_3"": 10, ""new_fc_4"": 25, ""new_fc_5"": 11, ""new_fc_6"": 15, ""new_fc_7"": 7, ""new_fc_8"": 16, ""new_fc_9"": 16, ""num_neurons"": 16, ""optimizer"": ""Adagrad"", ""reg_l2"": true, ""skip_connection"": false, ""unit_c1"": 3, ""unit_c2"": 6}"
61,20,flops,,,0.005217573333333334,782636.0,52726.0,,12847.9322,"{""activation"": ""relu"", ""batch_size"": 8, ""data_augmentation"": false, ""dr_f"": 0.484420969293, ""learning_rate"": 0.000571701844, ""new_fc_1"": 7, ""new_fc_10"": 22, ""new_fc_2"": 5, ""new_fc_3"": 25, ""new_fc_4"": 20, ""new_fc_5"": 23, ""new_fc_6"": 29, ""new_fc_7"": 25, ""new_fc_8"": 4, ""new_fc_9"": 4, ""num_neurons"": 4, ""optimizer"": ""Adadelta"", ""reg_l2"": true, ""skip_connection"": false, ""unit_c1"": 1, ""unit_c2"": 1}"
62,20,flops,,,0.27319576,40979364.0,763154.0,,12848.6616,"{""activation"": ""selu"", ""batch_size"": 32, ""data_augmentation"": true, ""dr_f"": 0.344766078399, ""learning_rate"": 0.000989832426, ""new_fc_1"": 27, ""new_fc_10"": 1, ""new_fc_2"": 15, ""new_fc_3"": 5, ""new_fc_4"": 4, ""new_fc_5"": 0, ""new_fc_6"": 12, ""new_fc_7"": 17, ""new_fc_8"": 1, ""new_fc_9"": 23, ""num_neurons"": 8, ""optimizer"": ""SGD"", ""reg_l2"": true, ""skip_connection"": true, ""unit_c1"": 4, ""unit_c2"": 6}"
63,20,flops,,,5.230088506666666,784513276.0,5694666.0,,12849.8457,"{""activation"": ""relu"", ""batch_size"": 32, ""data_augmentation"": false, ""dr_f"": 0.295503305646, ""learning_rate"": 0.000725443384, ""new_fc_1"": 4, ""new_fc_10"": 31, ""new_fc_2"": 4, ""new_fc_3"": 7, ""new_fc_4"": 0, ""new_fc_5"": 28, ""new_fc_6"": 7, ""new_fc_7"": 10, ""new_fc_8"": 23, ""new_fc_9"": 5, ""num_neurons"": 64, ""optimizer"": ""Adamax"", ""reg_l2"": true, ""skip_connection"": true, ""unit_c1"": 3, ""unit_c2"": 1}"
64,20,flops,,,0.09072232,13608348.0,444026.0,,12850.4764,"{""activation"": ""selu"", ""batch_size"": 32, ""data_augmentation"": false, ""dr_f"": 0.144582503146, ""learning_rate"": 0.000620946384, ""new_fc_1"": 13, ""new_fc_10"": 32, ""new_fc_2"": 25, ""new_fc_3"": 30, ""new_fc_4"": 0, ""new_fc_5"": 19, ""new_fc_6"": 7, ""new_fc_7"": 19, ""new_fc_8"": 0, ""new_fc_9"": 27, ""num_neurons"": 8, ""optimizer"": ""Adam"", ""reg_l2"": true, ""skip_connection"": false, ""unit_c1"": 2, ""unit_c2"": 4}"
65,20,flops,,,3.126805093333333,469020764.0,4682538.0,,12851.6425,"{""activation"": ""elu"", ""batch_size"": 8, ""data_augmentation"": true, ""dr_f"": 0.385042535534, ""learning_rate"": 0.000282274324, ""new_fc_1"": 4, ""new_fc_10"": 26, ""new_fc_2"": 27, ""new_fc_3"": 9, ""new_fc_4"": 3, ""new_fc_5"": 32, ""new_fc_6"": 29, ""new_fc_7"": 19, ""new_fc_8"": 14, ""new_fc_9"": 22, ""num_neurons"": 32, ""optimizer"": ""Adagrad"", ""reg_l2"": true, ""skip_connection"": false, ""unit_c1"": 4, ""unit_c2"": 4}"
66,21,accuracy,0.8853999972343445,0.11460000276565552,0.02049664,3074496.0,122574.0,-0.3740710099359589,13596.4262,"{""activation"": ""relu"", ""batch_size"": 8, ""data_augmentation"": false, ""dr_f"": 0.413885546127, ""learning_rate"": 0.000491756782, ""new_fc_1"": 12, ""new_fc_10"": 8, ""new_fc_2"": 29, ""new_fc_3"": 16, ""new_fc_4"": 26, ""new_fc_5"": 22, ""new_fc_6"": 29, ""new_fc_7"": 8, ""new_fc_8"": 17, ""new_fc_9"": 26, ""num_neurons"": 4, ""optimizer"": ""Adadelta"", ""reg_l2"": true, ""skip_connection"": true, ""unit_c1"": 1, ""unit_c2"": 5}"
67,21,flops,,,0.09482450666666667,14223676.0,751706.0,,13597.139,"{""activation"": ""selu"", ""batch_size"": 16, ""data_augmentation"": true, ""dr_f"": 0.324449633968, ""learning_rate"": 0.000533968566, ""new_fc_1"": 18, ""new_fc_10"": 22, ""new_fc_2"": 16, ""new_fc_3"": 7, ""new_fc_4"": 4, ""new_fc_5"": 10, ""new_fc_6"": 1, ""new_fc_7"": 2, ""new_fc_8"": 6, ""new_fc_9"": 2, ""num_neurons"": 16, ""optimizer"": ""Adadelta"", ""reg_l2"": true, ""skip_connection"": false, ""unit_c1"": 1, ""unit_c2"": 2}"
68,21,flops,,,0.05086354666666667,7629532.0,109902.0,,13598.2354,"{""activation"": ""swish"", ""batch_size"": 16, ""data_augmentation"": false, ""dr_f"": 0.068814518025, ""learning_rate"": 0.000501216051, ""new_fc_1"": 12, ""new_fc_10"": 23, ""new_fc_2"": 4, ""new_fc_3"": 10, ""new_fc_4"": 32, ""new_fc_5"": 23, ""new_fc_6"": 12, ""new_fc_7"": 6, ""new_fc_8"": 9, ""new_fc_9"": 1, ""num_neurons"": 4, ""optimizer"": ""SGD"", ""reg_l2"": false, ""skip_connection"": false, ""unit_c1"": 3, ""unit_c2"": 6}"
69,21,flops,,,0.014886213333333334,2232932.0,112358.0,,13598.8993,"{""activation"": ""elu"", ""batch_size"": 8, ""data_augmentation"": false, ""dr_f"": 0.20122792195, ""learning_rate"": 0.000869570776, ""new_fc_1"": 16, ""new_fc_10"": 18, ""new_fc_2"": 13, ""new_fc_3"": 7, ""new_fc_4"": 25, ""new_fc_5"": 25, ""new_fc_6"": 4, ""new_fc_7"": 32, ""new_fc_8"": 19, ""new_fc_9"": 19, ""num_neurons"": 4, ""optimizer"": ""Adam"", ""reg_l2"": false, ""skip_connection"": false, ""unit_c1"": 1, ""unit_c2"": 4}"
70,21,flops,,,0.12069101333333333,18103652.0,232522.0,,13600.0014,"{""activation"": ""swish"", ""batch_size"": 8, ""data_augmentation"": false, ""dr_f"": 0.130860538696, ""learning_rate"": 0.000944739228, ""new_fc_1"": 6, ""new_fc_10"": 32, ""new_fc_2"": 25, ""new_fc_3"": 12, ""new_fc_4"": 0, ""new_fc_5"": 1, ""new_fc_6"": 16, ""new_fc_7"": 22, ""new_fc_8"": 19, ""new_fc_9"": 18, ""num_neurons"": 8, ""optimizer"": ""Adagrad"", ""reg_l2"": false, ""skip_connection"": true, ""unit_c1"": 3, ""unit_c2"": 3}"
71,21,flops,,,0.05889864,8834796.0,371194.0,,13600.7964,"{""activation"": ""swish"", ""batch_size"": 64, ""data_augmentation"": true, ""dr_f"": 0.499167587193, ""learning_rate"": 0.000753278994, ""new_fc_1"": 30, ""new_fc_10"": 25, ""new_fc_2"": 13, ""new_fc_3"": 4, ""new_fc_4"": 8, ""new_fc_5"": 4, ""new_fc_6"": 7, ""new_fc_7"": 26, ""new_fc_8"": 23, ""new_fc_9"": 10, ""num_neurons"": 8, ""optimizer"": ""Adadelta"", ""reg_l2"": true, ""skip_connection"": false, ""unit_c1"": 2, ""unit_c2"": 2}"
72,22,accuracy,0.5915000140666962,0.40849998593330383,0.00791336,1187004.0,106582.0,-0.5835759821533126,15304.8188,"{""activation"": ""relu"", ""batch_size"": 8, ""data_augmentation"": false, ""dr_f"": 0.089947111947, ""learning_rate"": 0.000478438482, ""new_fc_1"": 25, ""new_fc_10"": 31, ""new_fc_2"": 32, ""new_fc_3"": 18, ""new_fc_4"": 22, ""new_fc_5"": 3, ""new_fc_6"": 30, ""new_fc_7"": 27, ""new_fc_8"": 9, ""new_fc_9"": 7, ""num_neurons"": 4, ""optimizer"": ""SGD"", ""reg_l2"": false, ""skip_connection"": false, ""unit_c1"": 1, ""unit_c2"": 2}"
73,22,flops,,,0.04060256,6090384.0,36838.0,,15305.471,"{""activation"": ""selu"", ""batch_size"": 8, ""data_augmentation"": false, ""dr_f"": 0.068932684653, ""learning_rate"": 0.000741927496, ""new_fc_1"": 10, ""new_fc_10"": 12, ""new_fc_2"": 25, ""new_fc_3"": 14, ""new_fc_4"": 4, ""new_fc_5"": 31, ""new_fc_6"": 6, ""new_fc_7"": 3, ""new_fc_8"": 4, ""new_fc_9"": 24, ""num_neurons"": 4, ""optimizer"": ""Adagrad"", ""reg_l2"": false, ""skip_connection"": false, ""unit_c1"": 4, ""unit_c2"": 1}"
74,22,flops,,,0.02470816,3706224.0,118374.0,,15306.1797,"{""activation"": ""swish"", ""batch_size"": 32, ""data_augmentation"": false, ""dr_f"": 0.325631654269, ""learning_rate"": 0.000978487338, ""new_fc_1"": 22, ""new_fc_10"": 5, ""new_fc_2"": 18, ""new_fc_3"": 10, ""new_fc_4"": 14, ""new_fc_5"": 21, ""new_fc_6"": 4, ""new_fc_7"": 19, ""new_fc_8"": 8, ""new_fc_9"": 10, ""num_neurons"": 4, ""optimizer"": ""Adadelta"", ""reg_l2"": false, ""skip_connection"": false, ""unit_c1"": 2, ""unit_c2"": 4}"
75,22,flops,,,0.14581453333333333,21872180.0,809098.0,,15307.2535,"{""activation"": ""relu"", ""batch_size"": 8, ""data_augmentation"": true, ""dr_f"": 0.342660289827, ""learning_rate"": 0.000488191417, ""new_fc_1"": 32, ""new_fc_10"": 15, ""new_fc_2"": 27, ""new_fc_3"": 28, ""new_fc_4"": 31, ""new_fc_5"": 5, ""new_fc_6"": 7, ""new_fc_7"": 21, ""new_fc_8"": 16, ""new_fc_9"": 29, ""num_neurons"": 8, ""optimizer"": ""Adam"", ""reg_l2"": true, ""skip_connection"": false, ""unit_c1"": 3, ""unit_c2"": 4}"
76,22,flops,,,2.7533452533333334,413001788.0,23394442.0,,15309.127,"{""activation"": ""swish"", ""batch_size"": 64, ""data_augmentation"": true, ""dr_f"": 0.447252241082, ""learning_rate"": 0.000605772661, ""new_fc_1"": 28, ""new_fc_10"": 21, ""new_fc_2"": 27, ""new_fc_3"": 19, ""new_fc_4"": 32, ""new_fc_5"": 3, ""new_fc_6"": 13, ""new_fc_7"": 19, ""new_fc_8"": 18, ""new_fc_9"": 32, ""num_neurons"": 64, ""optimizer"": ""Adam"", ""reg_l2"": true, ""skip_connection"": false, ""unit_c1"": 2, ""unit_c2"": 1}"
77,22,flops,,,0.015319706666666667,2297956.0,144782.0,,15309.831,"{""activation"": ""relu"", ""batch_size"": 16, ""data_augmentation"": true, ""dr_f"": 0.373120010701, ""learning_rate"": 0.000179453429, ""new_fc_1"": 28, ""new_fc_10"": 19, ""new_fc_2"": 13, ""new_fc_3"": 1, ""new_fc_4"": 6, ""new_fc_5"": 6, ""new_fc_6"": 1, ""new_fc_7"": 14, ""new_fc_8"": 32, ""new_fc_9"": 14, ""num_neurons"": 4, ""optimizer"": ""Adagrad"", ""reg_l2"": false, ""skip_connection"": false, ""unit_c1"": 1, ""unit_c2"": 4}"
78,23,accuracy,10000000000.0,,5.230088506666666,784513276.0,5694666.0,10000000000.0,15310.6581,"{""activation"": ""relu"", ""batch_size"": 32, ""data_augmentation"": false, ""dr_f"": 0.295503305646, ""learning_rate"": 0.000725443384, ""new_fc_1"": 4, ""new_fc_10"": 31, ""new_fc_2"": 4, ""new_fc_3"": 7, ""new_fc_4"": 0, ""new_fc_5"": 28, ""new_fc_6"": 7, ""new_fc_7"": 10, ""new_fc_8"": 23, ""new_fc_9"": 5, ""num_neurons"": 64, ""optimizer"": ""Adamax"", ""reg_l2"": true, ""skip_connection"": true, ""unit_c1"": 3, ""unit_c2"": 1}"
79,24,accuracy,0.5412999987602234,0.4587000012397766,0.04060256,6090384.0,36838.0,-0.6089092328678436,17135.0912,"{""activation"": ""selu"", ""batch_size"": 8, ""data_augmentation"": false, ""dr_f"": 0.068932684653, ""learning_rate"": 0.000741927496, ""new_fc_1"": 10, ""new_fc_10"": 12, ""new_fc_2"": 25, ""new_fc_3"": 14, ""new_fc_4"": 4, ""new_fc_5"": 31, ""new_fc_6"": 6, ""new_fc_7"": 3, ""new_fc_8"": 4, ""new_fc_9"": 24, ""num_neurons"": 4, ""optimizer"": ""Adagrad"", ""reg_l2"": false, ""skip_connection"": false, ""unit_c1"": 4, ""unit_c2"": 1}"
80,25,accuracy,0.7952000051736832,0.20479999482631683,0.09482450666666667,14223676.0,751706.0,-0.4149126443784218,17699.784,"{""activation"": ""selu"", ""batch_size"": 16, ""data_augmentation"": true, ""dr_f"": 0.324449633968, ""learning_rate"": 0.000533968566, ""new_fc_1"": 18, ""new_fc_10"": 22, ""new_fc_2"": 16, ""new_fc_3"": 7, ""new_fc_4"": 4, ""new_fc_5"": 10, ""new_fc_6"": 1, ""new_fc_7"": 2, ""new_fc_8"": 6, ""new_fc_9"": 2, ""num_neurons"": 16, ""optimizer"": ""Adadelta"", ""reg_l2"": true, ""skip_connection"": false, ""unit_c1"": 1, ""unit_c2"": 2}"
81,25,flops,,,0.7977970933333334,119669564.0,1216010.0,,1.4545,"{""activation"": ""selu"", ""batch_size"": 16, ""data_augmentation"": false, ""dr_f"": 0.263469411163, ""learning_rate"": 0.000858650934, ""new_fc_1"": 6, ""new_fc_10"": 1, ""new_fc_2"": 5, ""new_fc_3"": 2, ""new_fc_4"": 12, ""new_fc_5"": 2, ""new_fc_6"": 25, ""new_fc_7"": 23, ""new_fc_8"": 5, ""new_fc_9"": 11, ""num_neurons"": 16, ""optimizer"": ""Adagrad"", ""reg_l2"": false, ""skip_connection"": true, ""unit_c1"": 2, ""unit_c2"": 8}"
82,25,flops,,,0.20179821333333334,30269732.0,537186.0,,2.6633,"{""activation"": ""selu"", ""batch_size"": 32, ""data_augmentation"": false, ""dr_f"": 0.110753603802, ""learning_rate"": 0.000193818879, ""new_fc_1"": 10, ""new_fc_10"": 26, ""new_fc_2"": 1, ""new_fc_3"": 1, ""new_fc_4"": 28, ""new_fc_5"": 23, ""new_fc_6"": 23, ""new_fc_7"": 15, ""new_fc_8"": 30, ""new_fc_9"": 8, ""num_neurons"": 8, ""optimizer"": ""Adagrad"", ""reg_l2"": false, ""skip_connection"": false, ""unit_c1"": 2, ""unit_c2"": 8}"
83,25,flops,,,0.00719752,1079628.0,52774.0,,3.3436,"{""activation"": ""relu"", ""batch_size"": 8, ""data_augmentation"": false, ""dr_f"": 0.054204380511, ""learning_rate"": 0.000253738123, ""new_fc_1"": 13, ""new_fc_10"": 13, ""new_fc_2"": 8, ""new_fc_3"": 30, ""new_fc_4"": 1, ""new_fc_5"": 17, ""new_fc_6"": 4, ""new_fc_7"": 25, ""new_fc_8"": 22, ""new_fc_9"": 11, ""num_neurons"": 4, ""optimizer"": ""Adam"", ""reg_l2"": false, ""skip_connection"": false, ""unit_c1"": 1, ""unit_c2"": 2}"
84,25,flops,,,0.41980424,62970636.0,3468778.0,,4.5689,"{""activation"": ""selu"", ""batch_size"": 64, ""data_augmentation"": true, ""dr_f"": 0.207563266908, ""learning_rate"": 0.000384133419, ""new_fc_1"": 30, ""new_fc_10"": 5, ""new_fc_2"": 13, ""new_fc_3"": 16, ""new_fc_4"": 15, ""new_fc_5"": 27, ""new_fc_6"": 8, ""new_fc_7"": 1, ""new_fc_8"": 3, ""new_fc_9"": 19, ""num_neurons"": 16, ""optimizer"": ""Adadelta"", ""reg_l2"": true, ""skip_connection"": true, ""unit_c1"": 1, ""unit_c2"": 6}"
85,25,flops,,,0.02114472,3171708.0,171170.0,,5.3668,"{""activation"": ""elu"", ""batch_size"": 32, ""data_augmentation"": true, ""dr_f"": 0.250655370441, ""learning_rate"": 0.000907262344, ""new_fc_1"": 23, ""new_fc_10"": 31, ""new_fc_2"": 22, ""new_fc_3"": 2, ""new_fc_4"": 13, ""new_fc_5"": 3, ""new_fc_6"": 31, ""new_fc_7"": 19, ""new_fc_8"": 16, ""new_fc_9"": 28, ""num_neurons"": 4, ""optimizer"": ""Adadelta"", ""reg_l2"": true, ""skip_connection"": true, ""unit_c1"": 1, ""unit_c2"": 5}"
86,26,accuracy,0.8784999996423721,0.12150000035762787,0.005217573333333334,782636.0,52726.0,-0.38348472825033947,750.8661,"{""activation"": ""relu"", ""batch_size"": 8, ""data_augmentation"": false, ""dr_f"": 0.484420969293, ""learning_rate"": 0.000571701844, ""new_fc_1"": 7, ""new_fc_10"": 22, ""new_fc_2"": 5, ""new_fc_3"": 25, ""new_fc_4"": 20, ""new_fc_5"": 23, ""new_fc_6"": 29, ""new_fc_7"": 25, ""new_fc_8"": 4, ""new_fc_9"": 4, ""num_neurons"": 4, ""optimizer"": ""Adadelta"", ""reg_l2"": true, ""skip_connection"": false, ""unit_c1"": 1, ""unit_c2"": 1}"
87,26,flops,,,0.21807378666666666,32711068.0,1148426.0,,751.9841,"{""activation"": ""selu"", ""batch_size"": 8, ""data_augmentation"": false, ""dr_f"": 0.235497796295, ""learning_rate"": 0.000459243491, ""new_fc_1"": 16, ""new_fc_10"": 6, ""new_fc_2"": 4, ""new_fc_3"": 12, ""new_fc_4"": 30, ""new_fc_5"": 9, ""new_fc_6"": 22, ""new_fc_7"": 28, ""new_fc_8"": 15, ""new_fc_9"": 16, ""num_neurons"": 16, ""optimizer"": ""Adagrad"", ""reg_l2"": false, ""skip_connection"": true, ""unit_c1"": 2, ""unit_c2"": 2}"
88,26,flops,,,0.07741666666666666,11612500.0,400098.0,,753.0733,"{""activation"": ""swish"", ""batch_size"": 16, ""data_augmentation"": false, ""dr_f"": 0.317453655167, ""learning_rate"": 0.000225475621, ""new_fc_1"": 12, ""new_fc_10"": 15, ""new_fc_2"": 3, ""new_fc_3"": 15, ""new_fc_4"": 0, ""new_fc_5"": 13, ""new_fc_6"": 26, ""new_fc_7"": 25, ""new_fc_8"": 31, ""new_fc_9"": 1, ""num_neurons"": 8, ""optimizer"": ""Adam"", ""reg_l2"": false, ""skip_connection"": true, ""unit_c1"": 1, ""unit_c2"": 5}"
89,26,flops,,,0.3552182133333333,53282732.0,1386586.0,,754.4275,"{""activation"": ""swish"", ""batch_size"": 32, ""data_augmentation"": false, ""dr_f"": 0.040382289994, ""learning_rate"": 0.000440789682, ""new_fc_1"": 14, ""new_fc_10"": 3, ""new_fc_2"": 9, ""new_fc_3"": 25, ""new_fc_4"": 8, ""new_fc_5"": 16, ""new_fc_6"": 5, ""new_fc_7"": 21, ""new_fc_8"": 15, ""new_fc_9"": 21, ""num_neurons"": 16, ""optimizer"": ""Adagrad"", ""reg_l2"": true, ""skip_connection"": true, ""unit_c1"": 2, ""unit_c2"": 4}"
90,26,flops,,,0.10310861333333333,15466292.0,197418.0,,755.1994,"{""activation"": ""swish"", ""batch_size"": 32, ""data_augmentation"": false, ""dr_f"": 0.066892789334, ""learning_rate"": 0.000458052422, ""new_fc_1"": 10, ""new_fc_10"": 6, ""new_fc_2"": 1, ""new_fc_3"": 5, ""new_fc_4"": 26, ""new_fc_5"": 7, ""new_fc_6"": 5, ""new_fc_7"": 17, ""new_fc_8"": 27, ""new_fc_9"": 21, ""num_neurons"": 8, ""optimizer"": ""Adagrad"", ""reg_l2"": false, ""skip_connection"": false, ""unit_c1"": 3, ""unit_c2"": 2}"
91,26,flops,,,0.47220488,70830732.0,2085226.0,,756.3632,"{""activation"": ""swish"", ""batch_size"": 8, ""data_augmentation"": false, ""dr_f"": 0.058393796857, ""learning_rate"": 0.000390472183, ""new_fc_1"": 30, ""new_fc_10"": 7, ""new_fc_2"": 31, ""new_fc_3"": 3, ""new_fc_4"": 6, ""new_fc_5"": 15, ""new_fc_6"": 0, ""new_fc_7"": 5, ""new_fc_8"": 21, ""new_fc_9"": 29, ""num_neurons"": 16, ""optimizer"": ""SGD"", ""reg_l2"": false, ""skip_connection"": false, ""unit_c1"": 3, ""unit_c2"": 3}"
92,27,accuracy,0.7754999995231628,0.22450000047683716,0.026224693333333333,3933704.0,80750.0,-0.449282592333786,1080.7481,"{""activation"": ""selu"", ""batch_size"": 32, ""data_augmentation"": false, ""dr_f"": 0.418096578892, ""learning_rate"": 0.000951064153, ""new_fc_1"": 31, ""new_fc_10"": 26, ""new_fc_2"": 0, ""new_fc_3"": 24, ""new_fc_4"": 7, ""new_fc_5"": 16, ""new_fc_6"": 15, ""new_fc_7"": 27, ""new_fc_8"": 14, ""new_fc_9"": 19, ""num_neurons"": 4, ""optimizer"": ""Adagrad"", ""reg_l2"": true, ""skip_connection"": true, ""unit_c1"": 3, ""unit_c2"": 1}"
93,27,flops,,,0.0623288,9349320.0,276326.0,,1081.4689,"{""activation"": ""selu"", ""batch_size"": 8, ""data_augmentation"": false, ""dr_f"": 0.249176264523, ""learning_rate"": 0.000151634166, ""new_fc_1"": 30, ""new_fc_10"": 32, ""new_fc_2"": 21, ""new_fc_3"": 21, ""new_fc_4"": 0, ""new_fc_5"": 21, ""new_fc_6"": 7, ""new_fc_7"": 16, ""new_fc_8"": 26, ""new_fc_9"": 13, ""num_neurons"": 4, ""optimizer"": ""Adam"", ""reg_l2"": true, ""skip_connection"": true, ""unit_c1"": 3, ""unit_c2"": 7}"
94,27,flops,,,0.03140032,4710048.0,134138.0,,1082.3115,"{""activation"": ""swish"", ""batch_size"": 16, ""data_augmentation"": true, ""dr_f"": 0.116156146112, ""learning_rate"": 0.000428428351, ""new_fc_1"": 18, ""new_fc_10"": 2, ""new_fc_2"": 18, ""new_fc_3"": 25, ""new_fc_4"": 20, ""new_fc_5"": 21, ""new_fc_6"": 14, ""new_fc_7"": 7, ""new_fc_8"": 8, ""new_fc_9"": 6, ""num_neurons"": 4, ""optimizer"": ""SGD"", ""reg_l2"": true, ""skip_connection"": true, ""unit_c1"": 2, ""unit_c2"": 5}"
95,27,flops,,,0.17151106666666666,25726660.0,546514.0,,1083.1235,"{""activation"": ""swish"", ""batch_size"": 8, ""data_augmentation"": false, ""dr_f"": 0.18547851275, ""learning_rate"": 0.000471544373, ""new_fc_1"": 21, ""new_fc_10"": 14, ""new_fc_2"": 8, ""new_fc_3"": 21, ""new_fc_4"": 11, ""new_fc_5"": 12, ""new_fc_6"": 19, ""new_fc_7"": 4, ""new_fc_8"": 2, ""new_fc_9"": 19, ""num_neurons"": 8, ""optimizer"": ""Adadelta"", ""reg_l2"": true, ""skip_connection"": true, ""unit_c1"": 3, ""unit_c2"": 5}"
96,27,flops,,,0.04576504,6864756.0,254762.0,,1083.8893,"{""activation"": ""swish"", ""batch_size"": 32, ""data_augmentation"": false, ""dr_f"": 0.100064941757, ""learning_rate"": 0.000110785685, ""new_fc_1"": 29, ""new_fc_10"": 11, ""new_fc_2"": 18, ""new_fc_3"": 18, ""new_fc_4"": 7, ""new_fc_5"": 16, ""new_fc_6"": 25, ""new_fc_7"": 9, ""new_fc_8"": 7, ""new_fc_9"": 26, ""num_neurons"": 4, ""optimizer"": ""SGD"", ""reg_l2"": true, ""skip_connection"": false, ""unit_c1"": 2, ""unit_c2"": 7}"
97,27,flops,,,0.07059890666666667,10589836.0,259642.0,,1084.6519,"{""activation"": ""selu"", ""batch_size"": 16, ""data_augmentation"": true, ""dr_f"": 0.064696067999, ""learning_rate"": 0.000510062405, ""new_fc_1"": 10, ""new_fc_10"": 18, ""new_fc_2"": 6, ""new_fc_3"": 19, ""new_fc_4"": 18, ""new_fc_5"": 11, ""new_fc_6"": 20, ""new_fc_7"": 11, ""new_fc_8"": 13, ""new_fc_9"": 20, ""num_neurons"": 8, ""optimizer"": ""Adam"", ""reg_l2"": false, ""skip_connection"": false, ""unit_c1"": 2, ""unit_c2"": 3}"
98,28,accuracy,0.6101000010967255,0.38989999890327454,0.12069101333333333,18103652.0,232522.0,-0.5367226952322921,3270.0305,"{""activation"": ""swish"", ""batch_size"": 8, ""data_augmentation"": false, ""dr_f"": 0.130860538696, ""learning_rate"": 0.000944739228, ""new_fc_1"": 6, ""new_fc_10"": 32, ""new_fc_2"": 25, ""new_fc_3"": 12, ""new_fc_4"": 0, ""new_fc_5"": 1, ""new_fc_6"": 16, ""new_fc_7"": 22, ""new_fc_8"": 19, ""new_fc_9"": 18, ""num_neurons"": 8, ""optimizer"": ""Adagrad"", ""reg_l2"": false, ""skip_connection"": true, ""unit_c1"": 3, ""unit_c2"": 3}"
99,28,flops,,,0.20428488,30642732.0,113370.0,,3271.161,"{""activation"": ""selu"", ""batch_size"": 32, ""data_augmentation"": true, ""dr_f"": 0.307053436068, ""learning_rate"": 0.000971892476, ""new_fc_1"": 1, ""new_fc_10"": 4, ""new_fc_2"": 6, ""new_fc_3"": 23, ""new_fc_4"": 12, ""new_fc_5"": 27, ""new_fc_6"": 0, ""new_fc_7"": 7, ""new_fc_8"": 5, ""new_fc_9"": 9, ""num_neurons"": 8, ""optimizer"": ""SGD"", ""reg_l2"": true, ""skip_connection"": true, ""unit_c1"": 4, ""unit_c2"": 4}"
100,28,flops,,,0.06546888,9820332.0,906986.0,,3271.9156,"{""activation"": ""selu"", ""batch_size"": 8, ""data_augmentation"": false, ""dr_f"": 0.357507975038, ""learning_rate"": 0.000898229392, ""new_fc_1"": 9, ""new_fc_10"": 20, ""new_fc_2"": 17, ""new_fc_3"": 5, ""new_fc_4"": 32, ""new_fc_5"": 27, ""new_fc_6"": 15, ""new_fc_7"": 26, ""new_fc_8"": 7, ""new_fc_9"": 25, ""num_neurons"": 16, ""optimizer"": ""SGD"", ""reg_l2"": true, ""skip_connection"": false, ""unit_c1"": 1, ""unit_c2"": 1}"
101,28,flops,,,0.16178162666666668,24267244.0,1909274.0,,3272.7543,"{""activation"": ""swish"", ""batch_size"": 8, ""data_augmentation"": false, ""dr_f"": 0.345828433881, ""learning_rate"": 0.000349032508, ""new_fc_1"": 26, ""new_fc_10"": 9, ""new_fc_2"": 20, ""new_fc_3"": 1, ""new_fc_4"": 31, ""new_fc_5"": 19, ""new_fc_6"": 15, ""new_fc_7"": 14, ""new_fc_8"": 10, ""new_fc_9"": 28, ""num_neurons"": 16, ""optimizer"": ""Adadelta"", ""reg_l2"": true, ""skip_connection"": true, ""unit_c1"": 1, ""unit_c2"": 3}"
102,28,flops,,,0.04137597333333334,6206396.0,183502.0,,3273.4966,"{""activation"": ""selu"", ""batch_size"": 16, ""data_augmentation"": true, ""dr_f"": 0.43187425232, ""learning_rate"": 0.000137229849, ""new_fc_1"": 16, ""new_fc_10"": 0, ""new_fc_2"": 6, ""new_fc_3"": 14, ""new_fc_4"": 14, ""new_fc_5"": 26, ""new_fc_6"": 11, ""new_fc_7"": 17, ""new_fc_8"": 30, ""new_fc_9"": 26, ""num_neurons"": 4, ""optimizer"": ""SGD"", ""reg_l2"": true, ""skip_connection"": false, ""unit_c1"": 1, ""unit_c2"": 8}"
103,28,flops,,,0.35019336,52529004.0,1297450.0,,3274.2834,"{""activation"": ""selu"", ""batch_size"": 64, ""data_augmentation"": true, ""dr_f"": 0.179028741114, ""learning_rate"": 0.000746799639, ""new_fc_1"": 27, ""new_fc_10"": 17, ""new_fc_2"": 23, ""new_fc_3"": 25, ""new_fc_4"": 17, ""new_fc_5"": 6, ""new_fc_6"": 27, ""new_fc_7"": 23, ""new_fc_8"": 13, ""new_fc_9"": 13, ""num_neurons"": 16, ""optimizer"": ""Adam"", ""reg_l2"": true, ""skip_connection"": false, ""unit_c1"": 3, ""unit_c2"": 1}"
104,29,accuracy,0.8999999985098839,0.10000000149011612,0.14581453333333333,21872180.0,809098.0,-0.32625564104308125,4019.2662,"{""activation"": ""relu"", ""batch_size"": 8, ""data_augmentation"": true, ""dr_f"": 0.342660289827, ""learning_rate"": 0.000488191417, ""new_fc_1"": 32, ""new_fc_10"": 15, ""new_fc_2"": 27, ""new_fc_3"": 28, ""new_fc_4"": 31, ""new_fc_5"": 5, ""new_fc_6"": 7, ""new_fc_7"": 21, ""new_fc_8"": 16, ""new_fc_9"": 29, ""num_neurons"": 8, ""optimizer"": ""Adam"", ""reg_l2"": true, ""skip_connection"": false, ""unit_c1"": 3, ""unit_c2"": 4}"
105,29,flops,,,0.03631549333333333,5447324.0,129794.0,,4020.3414,"{""activation"": ""relu"", ""batch_size"": 32, ""data_augmentation"": true, ""dr_f"": 0.14949191897, ""learning_rate"": 0.000197752172, ""new_fc_1"": 13, ""new_fc_10"": 32, ""new_fc_2"": 17, ""new_fc_3"": 12, ""new_fc_4"": 29, ""new_fc_5"": 11, ""new_fc_6"": 16, ""new_fc_7"": 20, ""new_fc_8"": 28, ""new_fc_9"": 6, ""num_neurons"": 4, ""optimizer"": ""Adam"", ""reg_l2"": true, ""skip_connection"": false, ""unit_c1"": 2, ""unit_c2"": 6}"
106,29,flops,,,0.005167893333333333,775184.0,48938.0,,4021.028,"{""activation"": ""elu"", ""batch_size"": 32, ""data_augmentation"": false, ""dr_f"": 0.252995503299, ""learning_rate"": 0.000906102482, ""new_fc_1"": 0, ""new_fc_10"": 26, ""new_fc_2"": 23, ""new_fc_3"": 4, ""new_fc_4"": 5, ""new_fc_5"": 11, ""new_fc_6"": 14, ""new_fc_7"": 23, ""new_fc_8"": 18, ""new_fc_9"": 9, ""num_neurons"": 4, ""optimizer"": ""Adam"", ""reg_l2"": true, ""skip_connection"": false, ""unit_c1"": 1, ""unit_c2"": 1}"
107,29,flops,,,0.038425893333333336,5763884.0,288034.0,,4021.6977,"{""activation"": ""relu"", ""batch_size"": 32, ""data_augmentation"": false, ""dr_f"": 0.441465979115, ""learning_rate"": 0.000879423874, ""new_fc_1"": 19, ""new_fc_10"": 3, ""new_fc_2"": 8, ""new_fc_3"": 0, ""new_fc_4"": 3, ""new_fc_5"": 11, ""new_fc_6"": 11, ""new_fc_7"": 18, ""new_fc_8"": 0, ""new_fc_9"": 9, ""num_neurons"": 8, ""optimizer"": ""Adadelta"", ""reg_l2"": true, ""skip_connection"": false, ""unit_c1"": 1, ""unit_c2"": 3}"
108,29,flops,,,0.23085437333333333,34628156.0,328730.0,,4022.4718,"{""activation"": ""elu"", ""batch_size"": 8, ""data_augmentation"": false, ""dr_f"": 0.389689758961, ""learning_rate"": 0.000437249112, ""new_fc_1"": 11, ""new_fc_10"": 30, ""new_fc_2"": 11, ""new_fc_3"": 5, ""new_fc_4"": 4, ""new_fc_5"": 10, ""new_fc_6"": 21, ""new_fc_7"": 16, ""new_fc_8"": 11, ""new_fc_9"": 1, ""num_neurons"": 8, ""optimizer"": ""Adam"", ""reg_l2"": false, ""skip_connection"": false, ""unit_c1"": 4, ""unit_c2"": 5}"
109,29,flops,,,0.02567448,3851172.0,146562.0,,4023.5655,"{""activation"": ""elu"", ""batch_size"": 16, ""data_augmentation"": false, ""dr_f"": 0.045796503426, ""learning_rate"": 0.00056170799, ""new_fc_1"": 26, ""new_fc_10"": 31, ""new_fc_2"": 14, ""new_fc_3"": 14, ""new_fc_4"": 8, ""new_fc_5"": 5, ""new_fc_6"": 18, ""new_fc_7"": 25, ""new_fc_8"": 13, ""new_fc_9"": 12, ""num_neurons"": 4, ""optimizer"": ""Adagrad"", ""reg_l2"": false, ""skip_connection"": true, ""unit_c1"": 2, ""unit_c2"": 4}"
110,30,accuracy,0.8999999985098839,0.10000000149011612,0.03631549333333333,5447324.0,129794.0,-0.3591053530430813,4228.5636,"{""activation"": ""relu"", ""batch_size"": 32, ""data_augmentation"": true, ""dr_f"": 0.14949191897, ""learning_rate"": 0.000197752172, ""new_fc_1"": 13, ""new_fc_10"": 32, ""new_fc_2"": 17, ""new_fc_3"": 12, ""new_fc_4"": 29, ""new_fc_5"": 11, ""new_fc_6"": 16, ""new_fc_7"": 20, ""new_fc_8"": 28, ""new_fc_9"": 6, ""num_neurons"": 4, ""optimizer"": ""Adam"", ""reg_l2"": true, ""skip_connection"": false, ""unit_c1"": 2, ""unit_c2"": 6}"
111,30,flops,,,0.00568712,853068.0,60182.0,,4229.4243,"{""activation"": ""swish"", ""batch_size"": 16, ""data_augmentation"": true, ""dr_f"": 0.451036238099, ""learning_rate"": 0.000866743867, ""new_fc_1"": 19, ""new_fc_10"": 8, ""new_fc_2"": 31, ""new_fc_3"": 10, ""new_fc_4"": 6, ""new_fc_5"": 8, ""new_fc_6"": 7, ""new_fc_7"": 17, ""new_fc_8"": 28, ""new_fc_9"": 22, ""num_neurons"": 4, ""optimizer"": ""SGD"", ""reg_l2"": true, ""skip_connection"": true, ""unit_c1"": 1, ""unit_c2"": 1}"
112,30,flops,,,0.09052125333333333,13578188.0,224538.0,,4230.243,"{""activation"": ""elu"", ""batch_size"": 32, ""data_augmentation"": true, ""dr_f"": 0.270363885852, ""learning_rate"": 0.000371116207, ""new_fc_1"": 10, ""new_fc_10"": 31, ""new_fc_2"": 2, ""new_fc_3"": 22, ""new_fc_4"": 2, ""new_fc_5"": 9, ""new_fc_6"": 3, ""new_fc_7"": 26, ""new_fc_8"": 9, ""new_fc_9"": 4, ""num_neurons"": 8, ""optimizer"": ""Adagrad"", ""reg_l2"": false, ""skip_connection"": true, ""unit_c1"": 2, ""unit_c2"": 4}"
113,30,flops,,,0.3487348,52310220.0,1187946.0,,4231.0245,"{""activation"": ""relu"", ""batch_size"": 64, ""data_augmentation"": true, ""dr_f"": 0.297168849968, ""learning_rate"": 0.000621826381, ""new_fc_1"": 31, ""new_fc_10"": 22, ""new_fc_2"": 27, ""new_fc_3"": 1, ""new_fc_4"": 0, ""new_fc_5"": 25, ""new_fc_6"": 2, ""new_fc_7"": 24, ""new_fc_8"": 28, ""new_fc_9"": 17, ""num_neurons"": 16, ""optimizer"": ""Adam"", ""reg_l2"": true, ""skip_connection"": false, ""unit_c1"": 3, ""unit_c2"": 1}"
114,30,flops,,,0.007448026666666666,1117204.0,44966.0,,4231.877,"{""activation"": ""selu"", ""batch_size"": 16, ""data_augmentation"": true, ""dr_f"": 0.263243658267, ""learning_rate"": 0.00076290788, ""new_fc_1"": 10, ""new_fc_10"": 15, ""new_fc_2"": 1, ""new_fc_3"": 18, ""new_fc_4"": 20, ""new_fc_5"": 2, ""new_fc_6"": 13, ""new_fc_7"": 29, ""new_fc_8"": 8, ""new_fc_9"": 14, ""num_neurons"": 4, ""optimizer"": ""Adadelta"", ""reg_l2"": false, ""skip_connection"": true, ""unit_c1"": 1, ""unit_c2"": 2}"
115,30,flops,,,0.2256404,33846060.0,1983338.0,,4232.6606,"{""activation"": ""selu"", ""batch_size"": 8, ""data_augmentation"": false, ""dr_f"": 0.207834545837, ""learning_rate"": 0.000304091206, ""new_fc_1"": 16, ""new_fc_10"": 15, ""new_fc_2"": 29, ""new_fc_3"": 12, ""new_fc_4"": 29, ""new_fc_5"": 23, ""new_fc_6"": 17, ""new_fc_7"": 13, ""new_fc_8"": 20, ""new_fc_9"": 21, ""num_neurons"": 16, ""optimizer"": ""Adagrad"", ""reg_l2"": false, ""skip_connection"": true, ""unit_c1"": 1, ""unit_c2"": 4}"
116,31,accuracy,0.4115999937057495,0.5884000062942505,0.00719752,1079628.0,52774.0,-0.7097207484059753,5577.3627,"{""activation"": ""relu"", ""batch_size"": 8, ""data_augmentation"": false, ""dr_f"": 0.054204380511, ""learning_rate"": 0.000253738123, ""new_fc_1"": 13, ""new_fc_10"": 13, ""new_fc_2"": 8, ""new_fc_3"": 30, ""new_fc_4"": 1, ""new_fc_5"": 17, ""new_fc_6"": 4, ""new_fc_7"": 25, ""new_fc_8"": 22, ""new_fc_9"": 11, ""num_neurons"": 4, ""optimizer"": ""Adam"", ""reg_l2"": false, ""skip_connection"": false, ""unit_c1"": 1, ""unit_c2"": 2}"
117,31,flops,,,0.04251272,6376908.0,61886.0,,5578.1434,"{""activation"": ""swish"", ""batch_size"": 16, ""data_augmentation"": false, ""dr_f"": 0.470827613548, ""learning_rate"": 0.000449724193, ""new_fc_1"": 19, ""new_fc_10"": 27, ""new_fc_2"": 24, ""new_fc_3"": 8, ""new_fc_4"": 2, ""new_fc_5"": 0, ""new_fc_6"": 21, ""new_fc_7"": 23, ""new_fc_8"": 26, ""new_fc_9"": 10, ""num_neurons"": 4, ""optimizer"": ""Adagrad"", ""reg_l2"": false, ""skip_connection"": true, ""unit_c1"": 4, ""unit_c2"": 1}"
118,31,flops,,,0.028715893333333332,4307384.0,78746.0,,5578.9679,"{""activation"": ""swish"", ""batch_size"": 16, ""data_augmentation"": true, ""dr_f"": 0.397841927504, ""learning_rate"": 0.000830597042, ""new_fc_1"": 13, ""new_fc_10"": 10, ""new_fc_2"": 23, ""new_fc_3"": 32, ""new_fc_4"": 26, ""new_fc_5"": 15, ""new_fc_6"": 0, ""new_fc_7"": 25, ""new_fc_8"": 5, ""new_fc_9"": 16, ""num_neurons"": 4, ""optimizer"": ""Adam"", ""reg_l2"": false, ""skip_connection"": false, ""unit_c1"": 3, ""unit_c2"": 2}"
119,31,flops,,,0.30340845333333333,45511268.0,1064146.0,,5579.727,"{""activation"": ""elu"", ""batch_size"": 64, ""data_augmentation"": false, ""dr_f"": 0.324885401857, ""learning_rate"": 0.000706017194, ""new_fc_1"": 30, ""new_fc_10"": 15, ""new_fc_2"": 18, ""new_fc_3"": 3, ""new_fc_4"": 9, ""new_fc_5"": 13, ""new_fc_6"": 21, ""new_fc_7"": 25, ""new_fc_8"": 0, ""new_fc_9"": 19, ""num_neurons"": 8, ""optimizer"": ""SGD"", ""reg_l2"": true, ""skip_connection"": false, ""unit_c1"": 4, ""unit_c2"": 7}"
120,32,accuracy,0.8999999985098839,0.10000000149011612,0.00568712,853068.0,60182.0,-0.36829386504308126,5964.8896,"{""activation"": ""swish"", ""batch_size"": 16, ""data_augmentation"": true, ""dr_f"": 0.451036238099, ""learning_rate"": 0.000866743867, ""new_fc_1"": 19, ""new_fc_10"": 8, ""new_fc_2"": 31, ""new_fc_3"": 10, ""new_fc_4"": 6, ""new_fc_5"": 8, ""new_fc_6"": 7, ""new_fc_7"": 17, ""new_fc_8"": 28, ""new_fc_9"": 22, ""num_neurons"": 4, ""optimizer"": ""SGD"", ""reg_l2"": true, ""skip_connection"": true, ""unit_c1"": 1, ""unit_c2"": 1}"
121,32,flops,,,0.04499378666666667,6749068.0,107794.0,,5966.3207,"{""activation"": ""relu"", ""batch_size"": 32, ""data_augmentation"": true, ""dr_f"": 0.270803101448, ""learning_rate"": 0.0001800862, ""new_fc_1"": 16, ""new_fc_10"": 29, ""new_fc_2"": 21, ""new_fc_3"": 26, ""new_fc_4"": 27, ""new_fc_5"": 30, ""new_fc_6"": 1, ""new_fc_7"": 27, ""new_fc_8"": 16, ""new_fc_9"": 31, ""num_neurons"": 4, ""optimizer"": ""Adam"", ""reg_l2"": true, ""skip_connection"": false, ""unit_c1"": 4, ""unit_c2"": 2}"
122,33,accuracy,0.8889999985694885,0.11100000143051147,0.04251272,6376908.0,61886.0,-0.36494618500135806,6711.1025,"{""activation"": ""swish"", ""batch_size"": 16, ""data_augmentation"": false, ""dr_f"": 0.470827613548, ""learning_rate"": 0.000449724193, ""new_fc_1"": 19, ""new_fc_10"": 27, ""new_fc_2"": 24, ""new_fc_3"": 8, ""new_fc_4"": 2, ""new_fc_5"": 0, ""new_fc_6"": 21, ""new_fc_7"": 23, ""new_fc_8"": 26, ""new_fc_9"": 10, ""num_neurons"": 4, ""optimizer"": ""Adagrad"", ""reg_l2"": false, ""skip_connection"": true, ""unit_c1"": 4, ""unit_c2"": 1}"
123,33,flops,,,0.071834,10775100.0,136770.0,,6711.8786,"{""activation"": ""swish"", ""batch_size"": 16, ""data_augmentation"": false, ""dr_f"": 0.179124125558, ""learning_rate"": 0.000117183473, ""new_fc_1"": 6, ""new_fc_10"": 6, ""new_fc_2"": 2, ""new_fc_3"": 23, ""new_fc_4"": 20, ""new_fc_5"": 2, ""new_fc_6"": 3, ""new_fc_7"": 0, ""new_fc_8"": 3, ""new_fc_9"": 23, ""num_neurons"": 8, ""optimizer"": ""Adadelta"", ""reg_l2"": true, ""skip_connection"": true, ""unit_c1"": 2, ""unit_c2"": 3}"
124,33,flops,,,0.007689226666666667,1153384.0,76770.0,,6712.7045,"{""activation"": ""swish"", ""batch_size"": 64, ""data_augmentation"": true, ""dr_f"": 0.065623243729, ""learning_rate"": 0.000991358275, ""new_fc_1"": 19, ""new_fc_10"": 24, ""new_fc_2"": 22, ""new_fc_3"": 14, ""new_fc_4"": 1, ""new_fc_5"": 6, ""new_fc_6"": 12, ""new_fc_7"": 15, ""new_fc_8"": 17, ""new_fc_9"": 23, ""num_neurons"": 4, ""optimizer"": ""Adagrad"", ""reg_l2"": false, ""skip_connection"": false, ""unit_c1"": 1, ""unit_c2"": 2}"
125,33,flops,,,0.13112594666666666,19668892.0,558330.0,,6713.5228,"{""activation"": ""swish"", ""batch_size"": 16, ""data_augmentation"": false, ""dr_f"": 0.059565326628, ""learning_rate"": 0.000487699745, ""new_fc_1"": 14, ""new_fc_10"": 30, ""new_fc_2"": 26, ""new_fc_3"": 2, ""new_fc_4"": 24, ""new_fc_5"": 9, ""new_fc_6"": 5, ""new_fc_7"": 12, ""new_fc_8"": 7, ""new_fc_9"": 27, ""num_neurons"": 8, ""optimizer"": ""Adagrad"", ""reg_l2"": false, ""skip_connection"": true, ""unit_c1"": 1, ""unit_c2"": 7}"
126,34,accuracy,0.43400001525878906,0.5659999847412109,0.21807378666666666,32711068.0,1148426.0,-0.6307778533188476,8898.6417,"{""activation"": ""selu"", ""batch_size"": 8, ""data_augmentation"": false, ""dr_f"": 0.235497796295, ""learning_rate"": 0.000459243491, ""new_fc_1"": 16, ""new_fc_10"": 6, ""new_fc_2"": 4, ""new_fc_3"": 12, ""new_fc_4"": 30, ""new_fc_5"": 9, ""new_fc_6"": 22, ""new_fc_7"": 28, ""new_fc_8"": 15, ""new_fc_9"": 16, ""num_neurons"": 16, ""optimizer"": ""Adagrad"", ""reg_l2"": false, ""skip_connection"": true, ""unit_c1"": 2, ""unit_c2"": 2}"
127,35,accuracy,0.8999999985098839,0.10000000149011612,0.012353653333333334,1853048.0,170894.0,-0.3662939050430813,9043.4967,"{""activation"": ""swish"", ""batch_size"": 64, ""data_augmentation"": true, ""dr_f"": 0.181615520153, ""learning_rate"": 0.000786155316, ""new_fc_1"": 31, ""new_fc_10"": 23, ""new_fc_2"": 19, ""new_fc_3"": 23, ""new_fc_4"": 29, ""new_fc_5"": 12, ""new_fc_6"": 11, ""new_fc_7"": 15, ""new_fc_8"": 30, ""new_fc_9"": 32, ""num_neurons"": 4, ""optimizer"": ""Adagrad"", ""reg_l2"": true, ""skip_connection"": true, ""unit_c1"": 1, ""unit_c2"": 3}"
128,35,flops,,,0.01070632,1605948.0,94142.0,,9044.6366,"{""activation"": ""selu"", ""batch_size"": 8, ""data_augmentation"": true, ""dr_f"": 0.454505707652, ""learning_rate"": 0.000134241049, ""new_fc_1"": 15, ""new_fc_10"": 31, ""new_fc_2"": 8, ""new_fc_3"": 12, ""new_fc_4"": 16, ""new_fc_5"": 18, ""new_fc_6"": 4, ""new_fc_7"": 15, ""new_fc_8"": 26, ""new_fc_9"": 27, ""num_neurons"": 4, ""optimizer"": ""Adam"", ""reg_l2"": false, ""skip_connection"": false, ""unit_c1"": 1, ""unit_c2"": 3}"
129,35,flops,,,0.013642933333333333,2046440.0,28466.0,,9045.442,"{""activation"": ""swish"", ""batch_size"": 32, ""data_augmentation"": false, ""dr_f"": 0.457208040399, ""learning_rate"": 0.00065965504, ""new_fc_1"": 0, ""new_fc_10"": 12, ""new_fc_2"": 11, ""new_fc_3"": 26, ""new_fc_4"": 1, ""new_fc_5"": 2, ""new_fc_6"": 20, ""new_fc_7"": 12, ""new_fc_8"": 15, ""new_fc_9"": 6, ""num_neurons"": 4, ""optimizer"": ""Adagrad"", ""reg_l2"": true, ""skip_connection"": true, ""unit_c1"": 2, ""unit_c2"": 1}"
130,35,flops,,,0.9767022666666667,146505340.0,14585098.0,,9046.9925,"{""activation"": ""selu"", ""batch_size"": 16, ""data_augmentation"": false, ""dr_f"": 0.166476460698, ""learning_rate"": 0.000359335406, ""new_fc_1"": 16, ""new_fc_10"": 4, ""new_fc_2"": 19, ""new_fc_3"": 3, ""new_fc_4"": 21, ""new_fc_5"": 23, ""new_fc_6"": 19, ""new_fc_7"": 22, ""new_fc_8"": 12, ""new_fc_9"": 30, ""num_neurons"": 64, ""optimizer"": ""Adagrad"", ""reg_l2"": true, ""skip_connection"": true, ""unit_c1"": 1, ""unit_c2"": 1}"
131,35,flops,,,0.3885243466666667,58278652.0,4552490.0,,9047.9652,"{""activation"": ""swish"", ""batch_size"": 16, ""data_augmentation"": false, ""dr_f"": 0.403677837571, ""learning_rate"": 0.000336611513, ""new_fc_1"": 16, ""new_fc_10"": 21, ""new_fc_2"": 22, ""new_fc_3"": 5, ""new_fc_4"": 4, ""new_fc_5"": 17, ""new_fc_6"": 12, ""new_fc_7"": 29, ""new_fc_8"": 10, ""new_fc_9"": 30, ""num_neurons"": 32, ""optimizer"": ""SGD"", ""reg_l2"": true, ""skip_connection"": false, ""unit_c1"": 1, ""unit_c2"": 2}"
132,35,flops,,,0.015893093333333334,2383964.0,133998.0,,9048.7802,"{""activation"": ""swish"", ""batch_size"": 64, ""data_augmentation"": false, ""dr_f"": 0.27738219783, ""learning_rate"": 0.000469267269, ""new_fc_1"": 19, ""new_fc_10"": 4, ""new_fc_2"": 10, ""new_fc_3"": 20, ""new_fc_4"": 29, ""new_fc_5"": 12, ""new_fc_6"": 14, ""new_fc_7"": 18, ""new_fc_8"": 32, ""new_fc_9"": 26, ""num_neurons"": 4, ""optimizer"": ""Adam"", ""reg_l2"": true, ""skip_connection"": true, ""unit_c1"": 1, ""unit_c2"": 4}"
133,36,accuracy,0.8999999985098839,0.10000000149011612,0.04499378666666667,6749068.0,107794.0,-0.3565018650430813,9253.4979,"{""activation"": ""relu"", ""batch_size"": 32, ""data_augmentation"": true, ""dr_f"": 0.270803101448, ""learning_rate"": 0.0001800862, ""new_fc_1"": 16, ""new_fc_10"": 29, ""new_fc_2"": 21, ""new_fc_3"": 26, ""new_fc_4"": 27, ""new_fc_5"": 30, ""new_fc_6"": 1, ""new_fc_7"": 27, ""new_fc_8"": 16, ""new_fc_9"": 31, ""num_neurons"": 4, ""optimizer"": ""Adam"", ""reg_l2"": true, ""skip_connection"": false, ""unit_c1"": 4, ""unit_c2"": 2}"
134,37,accuracy,0.4293000102043152,0.5706999897956848,0.2256404,33846060.0,1983338.0,-0.6317978728569793,11438.2452,"{""activation"": ""selu"", ""batch_size"": 8, ""data_augmentation"": false, ""dr_f"": 0.207834545837, ""learning_rate"": 0.000304091206, ""new_fc_1"": 16, ""new_fc_10"": 15, ""new_fc_2"": 29, ""new_fc_3"": 12, ""new_fc_4"": 29, ""new_fc_5"": 23, ""new_fc_6"": 17, ""new_fc_7"": 13, ""new_fc_8"": 20, ""new_fc_9"": 21, ""num_neurons"": 16, ""optimizer"": ""Adagrad"", ""reg_l2"": false, ""skip_connection"": true, ""unit_c1"": 1, ""unit_c2"": 4}"
135,37,flops,,,0.08999517333333333,13499276.0,184882.0,,11439.3097,"{""activation"": ""relu"", ""batch_size"": 32, ""data_augmentation"": true, ""dr_f"": 0.248241547142, ""learning_rate"": 0.000988948725, ""new_fc_1"": 17, ""new_fc_10"": 11, ""new_fc_2"": 21, ""new_fc_3"": 22, ""new_fc_4"": 21, ""new_fc_5"": 8, ""new_fc_6"": 20, ""new_fc_7"": 1, ""new_fc_8"": 12, ""new_fc_9"": 3, ""num_neurons"": 4, ""optimizer"": ""Adam"", ""reg_l2"": false, ""skip_connection"": true, ""unit_c1"": 4, ""unit_c2"": 8}"
136,37,flops,,,1.01531944,152297916.0,1284746.0,,11440.4123,"{""activation"": ""selu"", ""batch_size"": 8, ""data_augmentation"": true, ""dr_f"": 0.224036133923, ""learning_rate"": 0.000984738826, ""new_fc_1"": 1, ""new_fc_10"": 12, ""new_fc_2"": 18, ""new_fc_3"": 23, ""new_fc_4"": 1, ""new_fc_5"": 4, ""new_fc_6"": 2, ""new_fc_7"": 4, ""new_fc_8"": 7, ""new_fc_9"": 20, ""num_neurons"": 32, ""optimizer"": ""Adagrad"", ""reg_l2"": true, ""skip_connection"": false, ""unit_c1"": 2, ""unit_c2"": 3}"
137,37,flops,,,0.04580682666666667,6871024.0,68430.0,,11441.1309,"{""activation"": ""selu"", ""batch_size"": 16, ""data_augmentation"": false, ""dr_f"": 0.196899885159, ""learning_rate"": 0.000167918567, ""new_fc_1"": 21, ""new_fc_10"": 21, ""new_fc_2"": 8, ""new_fc_3"": 15, ""new_fc_4"": 4, ""new_fc_5"": 6, ""new_fc_6"": 14, ""new_fc_7"": 3, ""new_fc_8"": 22, ""new_fc_9"": 15, ""num_neurons"": 4, ""optimizer"": ""Adagrad"", ""reg_l2"": false, ""skip_connection"": true, ""unit_c1"": 4, ""unit_c2"": 2}"
138,37,flops,,,0.04559344,6839016.0,152310.0,,11441.9345,"{""activation"": ""relu"", ""batch_size"": 16, ""data_augmentation"": false, ""dr_f"": 0.314582613574, ""learning_rate"": 0.000294929667, ""new_fc_1"": 21, ""new_fc_10"": 23, ""new_fc_2"": 30, ""new_fc_3"": 8, ""new_fc_4"": 13, ""new_fc_5"": 15, ""new_fc_6"": 10, ""new_fc_7"": 25, ""new_fc_8"": 10, ""new_fc_9"": 12, ""num_neurons"": 4, ""optimizer"": ""Adam"", ""reg_l2"": false, ""skip_connection"": true, ""unit_c1"": 3, ""unit_c2"": 5}"
139,37,flops,,,0.024901386666666667,3735208.0,43794.0,,11442.6523,"{""activation"": ""selu"", ""batch_size"": 32, ""data_augmentation"": false, ""dr_f"": 0.203300768921, ""learning_rate"": 0.000496008538, ""new_fc_1"": 2, ""new_fc_10"": 29, ""new_fc_2"": 20, ""new_fc_3"": 8, ""new_fc_4"": 7, ""new_fc_5"": 1, ""new_fc_6"": 3, ""new_fc_7"": 17, ""new_fc_8"": 30, ""new_fc_9"": 26, ""num_neurons"": 4, ""optimizer"": ""Adagrad"", ""reg_l2"": false, ""skip_connection"": false, ""unit_c1"": 3, ""unit_c2"": 1}"
140,38,accuracy,0.9002000018954277,0.0997999981045723,0.03140032,4710048.0,134138.0,-0.3604399026732006,11828.3448,"{""activation"": ""swish"", ""batch_size"": 16, ""data_augmentation"": true, ""dr_f"": 0.116156146112, ""learning_rate"": 0.000428428351, ""new_fc_1"": 18, ""new_fc_10"": 2, ""new_fc_2"": 18, ""new_fc_3"": 25, ""new_fc_4"": 20, ""new_fc_5"": 21, ""new_fc_6"": 14, ""new_fc_7"": 7, ""new_fc_8"": 8, ""new_fc_9"": 6, ""num_neurons"": 4, ""optimizer"": ""SGD"", ""reg_l2"": true, ""skip_connection"": true, ""unit_c1"": 2, ""unit_c2"": 5}"
141,38,flops,,,0.17837709333333332,26756564.0,972474.0,,11829.1156,"{""activation"": ""selu"", ""batch_size"": 16, ""data_augmentation"": false, ""dr_f"": 0.066334463369, ""learning_rate"": 0.000870562629, ""new_fc_1"": 26, ""new_fc_10"": 26, ""new_fc_2"": 0, ""new_fc_3"": 25, ""new_fc_4"": 4, ""new_fc_5"": 32, ""new_fc_6"": 1, ""new_fc_7"": 17, ""new_fc_8"": 32, ""new_fc_9"": 24, ""num_neurons"": 8, ""optimizer"": ""Adadelta"", ""reg_l2"": false, ""skip_connection"": true, ""unit_c1"": 2, ""unit_c2"": 7}"
142,38,flops,,,0.03681101333333334,5521652.0,51094.0,,11829.7622,"{""activation"": ""selu"", ""batch_size"": 16, ""data_augmentation"": false, ""dr_f"": 0.183103460024, ""learning_rate"": 0.000268799472, ""new_fc_1"": 5, ""new_fc_10"": 17, ""new_fc_2"": 20, ""new_fc_3"": 0, ""new_fc_4"": 3, ""new_fc_5"": 11, ""new_fc_6"": 19, ""new_fc_7"": 20, ""new_fc_8"": 19, ""new_fc_9"": 0, ""num_neurons"": 4, ""optimizer"": ""SGD"", ""reg_l2"": true, ""skip_connection"": false, ""unit_c1"": 3, ""unit_c2"": 4}"
143,38,flops,,,0.04721301333333333,7081952.0,266378.0,,11830.5701,"{""activation"": ""swish"", ""batch_size"": 64, ""data_augmentation"": false, ""dr_f"": 0.435607266924, ""learning_rate"": 0.000739349681, ""new_fc_1"": 31, ""new_fc_10"": 17, ""new_fc_2"": 20, ""new_fc_3"": 8, ""new_fc_4"": 7, ""new_fc_5"": 29, ""new_fc_6"": 16, ""new_fc_7"": 15, ""new_fc_8"": 2, ""new_fc_9"": 14, ""num_neurons"": 4, ""optimizer"": ""Adam"", ""reg_l2"": true, ""skip_connection"": true, ""unit_c1"": 2, ""unit_c2"": 7}"
144,38,flops,,,0.024938746666666668,3740812.0,46646.0,,11831.2662,"{""activation"": ""relu"", ""batch_size"": 8, ""data_augmentation"": false, ""dr_f"": 0.201047578698, ""learning_rate"": 0.000145414328, ""new_fc_1"": 6, ""new_fc_10"": 21, ""new_fc_2"": 29, ""new_fc_3"": 6, ""new_fc_4"": 4, ""new_fc_5"": 30, ""new_fc_6"": 18, ""new_fc_7"": 23, ""new_fc_8"": 8, ""new_fc_9"": 23, ""num_neurons"": 4, ""optimizer"": ""SGD"", ""reg_l2"": true, ""skip_connection"": false, ""unit_c1"": 3, ""unit_c2"": 1}"
145,39,accuracy,0.7519000023603439,0.24809999763965607,0.04580682666666667,6871024.0,68430.0,-0.45992795034775924,12875.977,"{""activation"": ""selu"", ""batch_size"": 16, ""data_augmentation"": false, ""dr_f"": 0.196899885159, ""learning_rate"": 0.000167918567, ""new_fc_1"": 21, ""new_fc_10"": 21, ""new_fc_2"": 8, ""new_fc_3"": 15, ""new_fc_4"": 4, ""new_fc_5"": 6, ""new_fc_6"": 14, ""new_fc_7"": 3, ""new_fc_8"": 22, ""new_fc_9"": 15, ""num_neurons"": 4, ""optimizer"": ""Adagrad"", ""reg_l2"": false, ""skip_connection"": true, ""unit_c1"": 4, ""unit_c2"": 2}"
146,39,flops,,,0.088814,13322100.0,250386.0,,12877.0592,"{""activation"": ""swish"", ""batch_size"": 16, ""data_augmentation"": true, ""dr_f"": 0.125952640457, ""learning_rate"": 0.000548763114, ""new_fc_1"": 3, ""new_fc_10"": 27, ""new_fc_2"": 4, ""new_fc_3"": 19, ""new_fc_4"": 19, ""new_fc_5"": 16, ""new_fc_6"": 3, ""new_fc_7"": 28, ""new_fc_8"": 18, ""new_fc_9"": 32, ""num_neurons"": 8, ""optimizer"": ""Adamax"", ""reg_l2"": true, ""skip_connection"": false, ""unit_c1"": 2, ""unit_c2"": 4}"
147,39,flops,,,0.23186653333333335,34779980.0,317658.0,,12877.856,"{""activation"": ""swish"", ""batch_size"": 16, ""data_augmentation"": true, ""dr_f"": 0.060676129916, ""learning_rate"": 0.000173300207, ""new_fc_1"": 9, ""new_fc_10"": 9, ""new_fc_2"": 23, ""new_fc_3"": 21, ""new_fc_4"": 0, ""new_fc_5"": 5, ""new_fc_6"": 11, ""new_fc_7"": 15, ""new_fc_8"": 8, ""new_fc_9"": 21, ""num_neurons"": 8, ""optimizer"": ""Adagrad"", ""reg_l2"": false, ""skip_connection"": false, ""unit_c1"": 4, ""unit_c2"": 5}"
148,39,flops,,,0.10638792,15958188.0,301634.0,,12878.645,"{""activation"": ""selu"", ""batch_size"": 32, ""data_augmentation"": true, ""dr_f"": 0.075129979112, ""learning_rate"": 0.000258614265, ""new_fc_1"": 19, ""new_fc_10"": 20, ""new_fc_2"": 23, ""new_fc_3"": 12, ""new_fc_4"": 7, ""new_fc_5"": 20, ""new_fc_6"": 13, ""new_fc_7"": 25, ""new_fc_8"": 12, ""new_fc_9"": 7, ""num_neurons"": 8, ""optimizer"": ""Adagrad"", ""reg_l2"": true, ""skip_connection"": true, ""unit_c1"": 3, ""unit_c2"": 2}"
149,39,flops,,,0.14003954666666665,21005932.0,338058.0,,12879.7485,"{""activation"": ""selu"", ""batch_size"": 64, ""data_augmentation"": true, ""dr_f"": 0.405627589962, ""learning_rate"": 0.000276693505, ""new_fc_1"": 0, ""new_fc_10"": 29, ""new_fc_2"": 3, ""new_fc_3"": 11, ""new_fc_4"": 14, ""new_fc_5"": 19, ""new_fc_6"": 32, ""new_fc_7"": 30, ""new_fc_8"": 25, ""new_fc_9"": 15, ""num_neurons"": 8, ""optimizer"": ""Adadelta"", ""reg_l2"": false, ""skip_connection"": true, ""unit_c1"": 2, ""unit_c2"": 6}"
150,39,flops,,,0.04169208,6253812.0,35678.0,,12880.523,"{""activation"": ""selu"", ""batch_size"": 64, ""data_augmentation"": false, ""dr_f"": 0.493296755561, ""learning_rate"": 0.000209563158, ""new_fc_1"": 23, ""new_fc_10"": 24, ""new_fc_2"": 6, ""new_fc_3"": 14, ""new_fc_4"": 3, ""new_fc_5"": 21, ""new_fc_6"": 0, ""new_fc_7"": 2, ""new_fc_8"": 7, ""new_fc_9"": 2, ""num_neurons"": 4, ""optimizer"": ""Adadelta"", ""reg_l2"": false, ""skip_connection"": true, ""unit_c1"": 4, ""unit_c2"": 1}"
151,40,accuracy,0.9020000025629997,0.09799999743700027,0.038425893333333336,5763884.0,288034.0,-0.3570722302059002,13084.6126,"{""activation"": ""relu"", ""batch_size"": 32, ""data_augmentation"": false, ""dr_f"": 0.441465979115, ""learning_rate"": 0.000879423874, ""new_fc_1"": 19, ""new_fc_10"": 3, ""new_fc_2"": 8, ""new_fc_3"": 0, ""new_fc_4"": 3, ""new_fc_5"": 11, ""new_fc_6"": 11, ""new_fc_7"": 18, ""new_fc_8"": 0, ""new_fc_9"": 9, ""num_neurons"": 8, ""optimizer"": ""Adadelta"", ""reg_l2"": true, ""skip_connection"": false, ""unit_c1"": 1, ""unit_c2"": 3}"
152,40,flops,,,0.04352669333333333,6529004.0,640770.0,,13085.514,"{""activation"": ""swish"", ""batch_size"": 32, ""data_augmentation"": true, ""dr_f"": 0.46983941785, ""learning_rate"": 0.000754401142, ""new_fc_1"": 31, ""new_fc_10"": 15, ""new_fc_2"": 27, ""new_fc_3"": 20, ""new_fc_4"": 6, ""new_fc_5"": 9, ""new_fc_6"": 23, ""new_fc_7"": 29, ""new_fc_8"": 19, ""new_fc_9"": 27, ""num_neurons"": 8, ""optimizer"": ""Adadelta"", ""reg_l2"": false, ""skip_connection"": false, ""unit_c1"": 1, ""unit_c2"": 3}"
153,40,flops,,,0.9078964,136184460.0,2046906.0,,13086.6526,"{""activation"": ""elu"", ""batch_size"": 16, ""data_augmentation"": true, ""dr_f"": 0.079091227131, ""learning_rate"": 0.000717225367, ""new_fc_1"": 13, ""new_fc_10"": 4, ""new_fc_2"": 9, ""new_fc_3"": 30, ""new_fc_4"": 25, ""new_fc_5"": 23, ""new_fc_6"": 23, ""new_fc_7"": 16, ""new_fc_8"": 14, ""new_fc_9"": 24, ""num_neurons"": 16, ""optimizer"": ""Adagrad"", ""reg_l2"": true, ""skip_connection"": false, ""unit_c1"": 4, ""unit_c2"": 5}"
154,40,flops,,,0.05192893333333334,7789340.0,189694.0,,13087.4305,"{""activation"": ""swish"", ""batch_size"": 32, ""data_augmentation"": false, ""dr_f"": 0.066038845527, ""learning_rate"": 0.000275801291, ""new_fc_1"": 22, ""new_fc_10"": 23, ""new_fc_2"": 32, ""new_fc_3"": 3, ""new_fc_4"": 22, ""new_fc_5"": 19, ""new_fc_6"": 17, ""new_fc_7"": 23, ""new_fc_8"": 23, ""new_fc_9"": 4, ""num_neurons"": 4, ""optimizer"": ""Adam"", ""reg_l2"": true, ""skip_connection"": false, ""unit_c1"": 3, ""unit_c2"": 6}"
155,40,flops,,,0.165302,24795300.0,975882.0,,13088.1978,"{""activation"": ""selu"", ""batch_size"": 8, ""data_augmentation"": true, ""dr_f"": 0.442764678, ""learning_rate"": 0.00042925199, ""new_fc_1"": 26, ""new_fc_10"": 1, ""new_fc_2"": 9, ""new_fc_3"": 14, ""new_fc_4"": 10, ""new_fc_5"": 29, ""new_fc_6"": 8, ""new_fc_7"": 17, ""new_fc_8"": 2, ""new_fc_9"": 21, ""num_neurons"": 8, ""optimizer"": ""SGD"", ""reg_l2"": true, ""skip_connection"": false, ""unit_c1"": 1, ""unit_c2"": 8}"
156,40,flops,,,0.032954373333333335,4943156.0,79982.0,,13088.9635,"{""activation"": ""elu"", ""batch_size"": 32, ""data_augmentation"": true, ""dr_f"": 0.285415199459, ""learning_rate"": 0.000665597757, ""new_fc_1"": 19, ""new_fc_10"": 29, ""new_fc_2"": 17, ""new_fc_3"": 5, ""new_fc_4"": 23, ""new_fc_5"": 7, ""new_fc_6"": 16, ""new_fc_7"": 4, ""new_fc_8"": 17, ""new_fc_9"": 1, ""num_neurons"": 4, ""optimizer"": ""Adam"", ""reg_l2"": false, ""skip_connection"": true, ""unit_c1"": 3, ""unit_c2"": 3}"
157,41,accuracy,0.904899999499321,0.09510000050067902,0.23085437333333333,34628156.0,328730.0,-0.2973136883504753,13713.9988,"{""activation"": ""elu"", ""batch_size"": 8, ""data_augmentation"": false, ""dr_f"": 0.389689758961, ""learning_rate"": 0.000437249112, ""new_fc_1"": 11, ""new_fc_10"": 30, ""new_fc_2"": 11, ""new_fc_3"": 5, ""new_fc_4"": 4, ""new_fc_5"": 10, ""new_fc_6"": 21, ""new_fc_7"": 16, ""new_fc_8"": 11, ""new_fc_9"": 1, ""num_neurons"": 8, ""optimizer"": ""Adam"", ""reg_l2"": false, ""skip_connection"": false, ""unit_c1"": 4, ""unit_c2"": 5}"
158,41,flops,,,0.30959384,46439076.0,925642.0,,13715.0986,"{""activation"": ""elu"", ""batch_size"": 16, ""data_augmentation"": true, ""dr_f"": 0.462850732292, ""learning_rate"": 0.000855110446, ""new_fc_1"": 28, ""new_fc_10"": 7, ""new_fc_2"": 19, ""new_fc_3"": 0, ""new_fc_4"": 13, ""new_fc_5"": 4, ""new_fc_6"": 8, ""new_fc_7"": 1, ""new_fc_8"": 8, ""new_fc_9"": 9, ""num_neurons"": 8, ""optimizer"": ""SGD"", ""reg_l2"": false, ""skip_connection"": true, ""unit_c1"": 4, ""unit_c2"": 7}"
159,41,flops,,,8.41242408,1261863612.0,64398538.0,,13718.643,"{""activation"": ""swish"", ""batch_size"": 16, ""data_augmentation"": false, ""dr_f"": 0.14280717719, ""learning_rate"": 0.000149019561, ""new_fc_1"": 27, ""new_fc_10"": 11, ""new_fc_2"": 17, ""new_fc_3"": 19, ""new_fc_4"": 26, ""new_fc_5"": 11, ""new_fc_6"": 32, ""new_fc_7"": 26, ""new_fc_8"": 7, ""new_fc_9"": 10, ""num_neurons"": 64, ""optimizer"": ""Adam"", ""reg_l2"": false, ""skip_connection"": false, ""unit_c1"": 1, ""unit_c2"": 7}"
160,41,flops,,,0.05233016,7849524.0,91246.0,,13719.4557,"{""activation"": ""swish"", ""batch_size"": 16, ""data_augmentation"": false, ""dr_f"": 0.295733375272, ""learning_rate"": 0.000426141856, ""new_fc_1"": 8, ""new_fc_10"": 3, ""new_fc_2"": 0, ""new_fc_3"": 17, ""new_fc_4"": 19, ""new_fc_5"": 16, ""new_fc_6"": 27, ""new_fc_7"": 17, ""new_fc_8"": 14, ""new_fc_9"": 5, ""num_neurons"": 4, ""optimizer"": ""Adam"", ""reg_l2"": true, ""skip_connection"": true, ""unit_c1"": 3, ""unit_c2"": 6}"
161,41,flops,,,0.005121946666666667,768292.0,45542.0,,13720.5338,"{""activation"": ""relu"", ""batch_size"": 32, ""data_augmentation"": true, ""dr_f"": 0.412192570895, ""learning_rate"": 0.000924607033, ""new_fc_1"": 8, ""new_fc_10"": 13, ""new_fc_2"": 26, ""new_fc_3"": 24, ""new_fc_4"": 11, ""new_fc_5"": 20, ""new_fc_6"": 17, ""new_fc_7"": 4, ""new_fc_8"": 24, ""new_fc_9"": 11, ""num_neurons"": 4, ""optimizer"": ""Adam"", ""reg_l2"": false, ""skip_connection"": false, ""unit_c1"": 1, ""unit_c2"": 1}"
162,41,flops,,,0.20446514666666665,30669772.0,262154.0,,13721.3121,"{""activation"": ""selu"", ""batch_size"": 8, ""data_augmentation"": true, ""dr_f"": 0.189531442523, ""learning_rate"": 0.000366530666, ""new_fc_1"": 7, ""new_fc_10"": 23, ""new_fc_2"": 25, ""new_fc_3"": 24, ""new_fc_4"": 3, ""new_fc_5"": 13, ""new_fc_6"": 7, ""new_fc_7"": 3, ""new_fc_8"": 32, ""new_fc_9"": 13, ""num_neurons"": 8, ""optimizer"": ""SGD"", ""reg_l2"": true, ""skip_connection"": false, ""unit_c1"": 4, ""unit_c2"": 4}"
163,42,accuracy,0.4562000036239624,0.5437999963760376,0.02567448,3851172.0,146562.0,-0.6729576534632263,14766.0303,"{""activation"": ""elu"", ""batch_size"": 16, ""data_augmentation"": false, ""dr_f"": 0.045796503426, ""learning_rate"": 0.00056170799, ""new_fc_1"": 26, ""new_fc_10"": 31, ""new_fc_2"": 14, ""new_fc_3"": 14, ""new_fc_4"": 8, ""new_fc_5"": 5, ""new_fc_6"": 18, ""new_fc_7"": 25, ""new_fc_8"": 13, ""new_fc_9"": 12, ""num_neurons"": 4, ""optimizer"": ""Adagrad"", ""reg_l2"": false, ""skip_connection"": true, ""unit_c1"": 2, ""unit_c2"": 4}"
164,42,flops,,,0.09422861333333334,14134292.0,707106.0,,14766.9598,"{""activation"": ""selu"", ""batch_size"": 16, ""data_augmentation"": false, ""dr_f"": 0.461715632179, ""learning_rate"": 0.000872093696, ""new_fc_1"": 30, ""new_fc_10"": 21, ""new_fc_2"": 11, ""new_fc_3"": 23, ""new_fc_4"": 21, ""new_fc_5"": 9, ""new_fc_6"": 31, ""new_fc_7"": 17, ""new_fc_8"": 20, ""new_fc_9"": 16, ""num_neurons"": 8, ""optimizer"": ""Adadelta"", ""reg_l2"": true, ""skip_connection"": false, ""unit_c1"": 2, ""unit_c2"": 4}"
165,42,flops,,,0.23678621333333333,35517932.0,2750666.0,,14768.1425,"{""activation"": ""swish"", ""batch_size"": 8, ""data_augmentation"": true, ""dr_f"": 0.455927331027, ""learning_rate"": 0.000832552095, ""new_fc_1"": 30, ""new_fc_10"": 21, ""new_fc_2"": 8, ""new_fc_3"": 16, ""new_fc_4"": 9, ""new_fc_5"": 21, ""new_fc_6"": 23, ""new_fc_7"": 30, ""new_fc_8"": 11, ""new_fc_9"": 20, ""num_neurons"": 16, ""optimizer"": ""Adagrad"", ""reg_l2"": false, ""skip_connection"": true, ""unit_c1"": 1, ""unit_c2"": 4}"
166,42,flops,,,0.04127672,6191508.0,502218.0,,14769.2098,"{""activation"": ""selu"", ""batch_size"": 8, ""data_augmentation"": false, ""dr_f"": 0.337519567456, ""learning_rate"": 0.000231782715, ""new_fc_1"": 26, ""new_fc_10"": 11, ""new_fc_2"": 30, ""new_fc_3"": 11, ""new_fc_4"": 4, ""new_fc_5"": 18, ""new_fc_6"": 24, ""new_fc_7"": 8, ""new_fc_8"": 25, ""new_fc_9"": 18, ""num_neurons"": 8, ""optimizer"": ""Adam"", ""reg_l2"": false, ""skip_connection"": false, ""unit_c1"": 1, ""unit_c2"": 3}"
167,42,flops,,,0.013905386666666667,2085808.0,89862.0,,14770.0133,"{""activation"": ""swish"", ""batch_size"": 8, ""data_augmentation"": false, ""dr_f"": 0.233365228761, ""learning_rate"": 0.000935767285, ""new_fc_1"": 32, ""new_fc_10"": 32, ""new_fc_2"": 22, ""new_fc_3"": 3, ""new_fc_4"": 26, ""new_fc_5"": 10, ""new_fc_6"": 17, ""new_fc_7"": 18, ""new_fc_8"": 18, ""new_fc_9"": 29, ""num_neurons"": 4, ""optimizer"": ""Adadelta"", ""reg_l2"": true, ""skip_connection"": false, ""unit_c1"": 2, ""unit_c2"": 1}"
168,43,accuracy,0.5787000060081482,0.4212999939918518,0.01070632,1605948.0,94142.0,-0.5916980997942962,16774.4757,"{""activation"": ""selu"", ""batch_size"": 8, ""data_augmentation"": true, ""dr_f"": 0.454505707652, ""learning_rate"": 0.000134241049, ""new_fc_1"": 15, ""new_fc_10"": 31, ""new_fc_2"": 8, ""new_fc_3"": 12, ""new_fc_4"": 16, ""new_fc_5"": 18, ""new_fc_6"": 4, ""new_fc_7"": 15, ""new_fc_8"": 26, ""new_fc_9"": 27, ""num_neurons"": 4, ""optimizer"": ""Adam"", ""reg_l2"": false, ""skip_connection"": false, ""unit_c1"": 1, ""unit_c2"": 3}"
169,43,flops,,,1.22262472,183393708.0,4529194.0,,16775.4803,"{""activation"": ""swish"", ""batch_size"": 16, ""data_augmentation"": true, ""dr_f"": 0.273627099352, ""learning_rate"": 0.000981304878, ""new_fc_1"": 32, ""new_fc_10"": 0, ""new_fc_2"": 6, ""new_fc_3"": 0, ""new_fc_4"": 17, ""new_fc_5"": 14, ""new_fc_6"": 31, ""new_fc_7"": 25, ""new_fc_8"": 14, ""new_fc_9"": 26, ""num_neurons"": 16, ""optimizer"": ""Adam"", ""reg_l2"": true, ""skip_connection"": true, ""unit_c1"": 4, ""unit_c2"": 7}"
170,44,accuracy,0.8999999985098839,0.10000000149011612,0.05233016,7849524.0,91246.0,-0.3543009530430813,17160.8814,"{""activation"": ""swish"", ""batch_size"": 16, ""data_augmentation"": false, ""dr_f"": 0.295733375272, ""learning_rate"": 0.000426141856, ""new_fc_1"": 8, ""new_fc_10"": 3, ""new_fc_2"": 0, ""new_fc_3"": 17, ""new_fc_4"": 19, ""new_fc_5"": 16, ""new_fc_6"": 27, ""new_fc_7"": 17, ""new_fc_8"": 14, ""new_fc_9"": 5, ""num_neurons"": 4, ""optimizer"": ""Adam"", ""reg_l2"": true, ""skip_connection"": true, ""unit_c1"": 3, ""unit_c2"": 6}"
171,44,flops,,,0.058382053333333336,8757308.0,374826.0,,17161.6424,"{""activation"": ""selu"", ""batch_size"": 8, ""data_augmentation"": false, ""dr_f"": 0.033713055463, ""learning_rate"": 0.000704147735, ""new_fc_1"": 14, ""new_fc_10"": 13, ""new_fc_2"": 27, ""new_fc_3"": 20, ""new_fc_4"": 3, ""new_fc_5"": 24, ""new_fc_6"": 26, ""new_fc_7"": 16, ""new_fc_8"": 32, ""new_fc_9"": 29, ""num_neurons"": 8, ""optimizer"": ""SGD"", ""reg_l2"": true, ""skip_connection"": false, ""unit_c1"": 2, ""unit_c2"": 2}"
172,44,flops,,,0.01924456,2886684.0,65658.0,,17162.4688,"{""activation"": ""selu"", ""batch_size"": 32, ""data_augmentation"": true, ""dr_f"": 0.113349885026, ""learning_rate"": 0.000106673954, ""new_fc_1"": 14, ""new_fc_10"": 2, ""new_fc_2"": 5, ""new_fc_3"": 1, ""new_fc_4"": 7, ""new_fc_5"": 19, ""new_fc_6"": 24, ""new_fc_7"": 13, ""new_fc_8"": 8, ""new_fc_9"": 11, ""num_neurons"": 4, ""optimizer"": ""SGD"", ""reg_l2"": false, ""skip_connection"": false, ""unit_c1"": 2, ""unit_c2"": 3}"
173,44,flops,,,0.5758321866666667,86374828.0,3651322.0,,17163.3819,"{""activation"": ""selu"", ""batch_size"": 16, ""data_augmentation"": false, ""dr_f"": 0.20949824168, ""learning_rate"": 0.000134320392, ""new_fc_1"": 30, ""new_fc_10"": 30, ""new_fc_2"": 27, ""new_fc_3"": 14, ""new_fc_4"": 4, ""new_fc_5"": 10, ""new_fc_6"": 7, ""new_fc_7"": 5, ""new_fc_8"": 15, ""new_fc_9"": 17, ""num_neurons"": 16, ""optimizer"": ""Adadelta"", ""reg_l2"": true, ""skip_connection"": true, ""unit_c1"": 2, ""unit_c2"": 6}"
174,44,flops,,,0.04294925333333333,6442388.0,301606.0,,17164.4729,"{""activation"": ""elu"", ""batch_size"": 32, ""data_augmentation"": true, ""dr_f"": 0.422017603783, ""learning_rate"": 0.000786629944, ""new_fc_1"": 27, ""new_fc_10"": 12, ""new_fc_2"": 15, ""new_fc_3"": 27, ""new_fc_4"": 30, ""new_fc_5"": 27, ""new_fc_6"": 22, ""new_fc_7"": 21, ""new_fc_8"": 14, ""new_fc_9"": 19, ""num_neurons"": 4, ""optimizer"": ""SGD"", ""reg_l2"": false, ""skip_connection"": false, ""unit_c1"": 1, ""unit_c2"": 8}"
175,44,flops,,,0.156002,23400300.0,1809322.0,,17165.313,"{""activation"": ""elu"", ""batch_size"": 8, ""data_augmentation"": false, ""dr_f"": 0.089342061943, ""learning_rate"": 0.000611405931, ""new_fc_1"": 24, ""new_fc_10"": 6, ""new_fc_2"": 20, ""new_fc_3"": 25, ""new_fc_4"": 9, ""new_fc_5"": 6, ""new_fc_6"": 7, ""new_fc_7"": 3, ""new_fc_8"": 27, ""new_fc_9"": 28, ""num_neurons"": 16, ""optimizer"": ""Adagrad"", ""reg_l2"": true, ""skip_connection"": false, ""unit_c1"": 1, ""unit_c2"": 3}"
176,45,accuracy,0.8894999995827675,0.11050000041723251,0.05889864,8834796.0,371194.0,-0.3596804082920627,17309.9552,"{""activation"": ""swish"", ""batch_size"": 64, ""data_augmentation"": true, ""dr_f"": 0.499167587193, ""learning_rate"": 0.000753278994, ""new_fc_1"": 30, ""new_fc_10"": 25, ""new_fc_2"": 13, ""new_fc_3"": 4, ""new_fc_4"": 8, ""new_fc_5"": 4, ""new_fc_6"": 7, ""new_fc_7"": 26, ""new_fc_8"": 23, ""new_fc_9"": 10, ""num_neurons"": 8, ""optimizer"": ""Adadelta"", ""reg_l2"": true, ""skip_connection"": false, ""unit_c1"": 2, ""unit_c2"": 2}"
177,46,accuracy,0.30879998207092285,0.6912000179290771,0.07741666666666666,11612500.0,400098.0,-0.7606150125503539,18174.7913,"{""activation"": ""swish"", ""batch_size"": 16, ""data_augmentation"": false, ""dr_f"": 0.317453655167, ""learning_rate"": 0.000225475621, ""new_fc_1"": 12, ""new_fc_10"": 15, ""new_fc_2"": 3, ""new_fc_3"": 15, ""new_fc_4"": 0, ""new_fc_5"": 13, ""new_fc_6"": 26, ""new_fc_7"": 25, ""new_fc_8"": 31, ""new_fc_9"": 1, ""num_neurons"": 8, ""optimizer"": ""Adam"", ""reg_l2"": false, ""skip_connection"": true, ""unit_c1"": 1, ""unit_c2"": 5}"
178,46,flops,,,5.61930152,842895228.0,31818826.0,,18177.2008,"{""activation"": ""swish"", ""batch_size"": 32, ""data_augmentation"": true, ""dr_f"": 0.419564252191, ""learning_rate"": 0.000346989918, ""new_fc_1"": 16, ""new_fc_10"": 14, ""new_fc_2"": 32, ""new_fc_3"": 30, ""new_fc_4"": 22, ""new_fc_5"": 12, ""new_fc_6"": 26, ""new_fc_7"": 17, ""new_fc_8"": 5, ""new_fc_9"": 9, ""num_neurons"": 64, ""optimizer"": ""Adadelta"", ""reg_l2"": true, ""skip_connection"": true, ""unit_c1"": 2, ""unit_c2"": 4}"
179,46,flops,,,0.16292114666666666,24438172.0,326178.0,,18177.937,"{""activation"": ""selu"", ""batch_size"": 32, ""data_augmentation"": false, ""dr_f"": 0.11847908396, ""learning_rate"": 0.000375359125, ""new_fc_1"": 9, ""new_fc_10"": 13, ""new_fc_2"": 2, ""new_fc_3"": 25, ""new_fc_4"": 21, ""new_fc_5"": 24, ""new_fc_6"": 3, ""new_fc_7"": 9, ""new_fc_8"": 8, ""new_fc_9"": 22, ""num_neurons"": 8, ""optimizer"": ""SGD"", ""reg_l2"": true, ""skip_connection"": false, ""unit_c1"": 3, ""unit_c2"": 5}"
180,47,accuracy,0.34429997205734253,0.6557000279426575,0.20446514666666665,30669772.0,262154.0,-0.6976504755598602,20182.6643,"{""activation"": ""selu"", ""batch_size"": 8, ""data_augmentation"": true, ""dr_f"": 0.189531442523, ""learning_rate"": 0.000366530666, ""new_fc_1"": 7, ""new_fc_10"": 23, ""new_fc_2"": 25, ""new_fc_3"": 24, ""new_fc_4"": 3, ""new_fc_5"": 13, ""new_fc_6"": 7, ""new_fc_7"": 3, ""new_fc_8"": 32, ""new_fc_9"": 13, ""num_neurons"": 8, ""optimizer"": ""SGD"", ""reg_l2"": true, ""skip_connection"": false, ""unit_c1"": 4, ""unit_c2"": 4}"
181,47,flops,,,0.03345141333333333,5017712.0,85962.0,,20183.4723,"{""activation"": ""swish"", ""batch_size"": 64, ""data_augmentation"": false, ""dr_f"": 0.467783929674, ""learning_rate"": 0.000392015124, ""new_fc_1"": 16, ""new_fc_10"": 12, ""new_fc_2"": 3, ""new_fc_3"": 10, ""new_fc_4"": 20, ""new_fc_5"": 7, ""new_fc_6"": 23, ""new_fc_7"": 8, ""new_fc_8"": 24, ""new_fc_9"": 28, ""num_neurons"": 4, ""optimizer"": ""Adagrad"", ""reg_l2"": false, ""skip_connection"": true, ""unit_c1"": 3, ""unit_c2"": 3}"
182,47,flops,,,2.0137525066666666,302062876.0,6966250.0,,20184.5854,"{""activation"": ""relu"", ""batch_size"": 32, ""data_augmentation"": false, ""dr_f"": 0.373874238211, ""learning_rate"": 0.000693444566, ""new_fc_1"": 12, ""new_fc_10"": 19, ""new_fc_2"": 2, ""new_fc_3"": 0, ""new_fc_4"": 28, ""new_fc_5"": 12, ""new_fc_6"": 13, ""new_fc_7"": 2, ""new_fc_8"": 9, ""new_fc_9"": 10, ""num_neurons"": 32, ""optimizer"": ""Adam"", ""reg_l2"": false, ""skip_connection"": true, ""unit_c1"": 1, ""unit_c2"": 7}"
183,47,flops,,,0.043266933333333334,6490040.0,268186.0,,20185.3891,"{""activation"": ""relu"", ""batch_size"": 32, ""data_augmentation"": false, ""dr_f"": 0.115443326278, ""learning_rate"": 0.000592155896, ""new_fc_1"": 26, ""new_fc_10"": 10, ""new_fc_2"": 26, ""new_fc_3"": 14, ""new_fc_4"": 26, ""new_fc_5"": 8, ""new_fc_6"": 13, ""new_fc_7"": 11, ""new_fc_8"": 24, ""new_fc_9"": 17, ""num_neurons"": 4, ""optimizer"": ""Adam"", ""reg_l2"": true, ""skip_connection"": true, ""unit_c1"": 1, ""unit_c2"": 8}"
184,48,accuracy,0.4325000047683716,0.5674999952316284,0.04031688,6047532.0,342314.0,-0.6851549326621399,21350.0349,"{""activation"": ""selu"", ""batch_size"": 16, ""data_augmentation"": false, ""dr_f"": 0.246790669871, ""learning_rate"": 0.000765963222, ""new_fc_1"": 16, ""new_fc_10"": 2, ""new_fc_2"": 10, ""new_fc_3"": 15, ""new_fc_4"": 25, ""new_fc_5"": 13, ""new_fc_6"": 17, ""new_fc_7"": 13, ""new_fc_8"": 30, ""new_fc_9"": 9, ""num_neurons"": 8, ""optimizer"": ""Adam"", ""reg_l2"": true, ""skip_connection"": true, ""unit_c1"": 1, ""unit_c2"": 3}"
185,49,accuracy,0.7840999960899353,0.2159000039100647,0.005121946666666667,768292.0,45542.0,-0.4495934187370453,21854.9114,"{""activation"": ""relu"", ""batch_size"": 32, ""data_augmentation"": true, ""dr_f"": 0.412192570895, ""learning_rate"": 0.000924607033, ""new_fc_1"": 8, ""new_fc_10"": 13, ""new_fc_2"": 26, ""new_fc_3"": 24, ""new_fc_4"": 11, ""new_fc_5"": 20, ""new_fc_6"": 17, ""new_fc_7"": 4, ""new_fc_8"": 24, ""new_fc_9"": 11, ""num_neurons"": 4, ""optimizer"": ""Adam"", ""reg_l2"": false, ""skip_connection"": false, ""unit_c1"": 1, ""unit_c2"": 1}"
186,50,accuracy,0.8999999985098839,0.10000000149011612,0.013905386666666667,2085808.0,89862.0,-0.3658283850430813,22599.9941,"{""activation"": ""swish"", ""batch_size"": 8, ""data_augmentation"": false, ""dr_f"": 0.233365228761, ""learning_rate"": 0.000935767285, ""new_fc_1"": 32, ""new_fc_10"": 32, ""new_fc_2"": 22, ""new_fc_3"": 3, ""new_fc_4"": 26, ""new_fc_5"": 10, ""new_fc_6"": 17, ""new_fc_7"": 18, ""new_fc_8"": 18, ""new_fc_9"": 29, ""num_neurons"": 4, ""optimizer"": ""Adadelta"", ""reg_l2"": true, ""skip_connection"": false, ""unit_c1"": 2, ""unit_c2"": 1}"
187,51,accuracy,0.9011000022292137,0.09889999777078629,0.04993928,7490892.0,107066.0,-0.3542482144395504,146.8291,"{""activation"": ""swish"", ""batch_size"": 64, ""data_augmentation"": true, ""dr_f"": 0.40138250405, ""learning_rate"": 0.000645363977, ""new_fc_1"": 22, ""new_fc_10"": 25, ""new_fc_2"": 23, ""new_fc_3"": 21, ""new_fc_4"": 26, ""new_fc_5"": 0, ""new_fc_6"": 13, ""new_fc_7"": 2, ""new_fc_8"": 0, ""new_fc_9"": 4, ""num_neurons"": 4, ""optimizer"": ""Adagrad"", ""reg_l2"": false, ""skip_connection"": false, ""unit_c1"": 4, ""unit_c2"": 3}"
188,51,flops,,,0.06624733333333334,9937100.0,854122.0,,148.0792,"{""activation"": ""swish"", ""batch_size"": 8, ""data_augmentation"": true, ""dr_f"": 0.209473083854, ""learning_rate"": 0.000688454551, ""new_fc_1"": 15, ""new_fc_10"": 24, ""new_fc_2"": 16, ""new_fc_3"": 3, ""new_fc_4"": 3, ""new_fc_5"": 24, ""new_fc_6"": 32, ""new_fc_7"": 13, ""new_fc_8"": 23, ""new_fc_9"": 10, ""num_neurons"": 16, ""optimizer"": ""Adagrad"", ""reg_l2"": false, ""skip_connection"": true, ""unit_c1"": 1, ""unit_c2"": 1}"
189,51,flops,,,0.13706114666666666,20559172.0,388226.0,,148.905,"{""activation"": ""selu"", ""batch_size"": 16, ""data_augmentation"": false, ""dr_f"": 0.166631282275, ""learning_rate"": 0.000589354061, ""new_fc_1"": 6, ""new_fc_10"": 32, ""new_fc_2"": 10, ""new_fc_3"": 10, ""new_fc_4"": 19, ""new_fc_5"": 15, ""new_fc_6"": 4, ""new_fc_7"": 23, ""new_fc_8"": 29, ""new_fc_9"": 29, ""num_neurons"": 8, ""optimizer"": ""Adamax"", ""reg_l2"": true, ""skip_connection"": false, ""unit_c1"": 2, ""unit_c2"": 6}"
190,51,flops,,,0.020283866666666667,3042580.0,83398.0,,150.0734,"{""activation"": ""elu"", ""batch_size"": 8, ""data_augmentation"": true, ""dr_f"": 0.175673185654, ""learning_rate"": 0.000792681678, ""new_fc_1"": 17, ""new_fc_10"": 5, ""new_fc_2"": 26, ""new_fc_3"": 19, ""new_fc_4"": 7, ""new_fc_5"": 3, ""new_fc_6"": 29, ""new_fc_7"": 8, ""new_fc_8"": 11, ""new_fc_9"": 13, ""num_neurons"": 4, ""optimizer"": ""SGD"", ""reg_l2"": false, ""skip_connection"": true, ""unit_c1"": 2, ""unit_c2"": 3}"
191,51,flops,,,0.18399597333333334,27599396.0,345698.0,,150.993,"{""activation"": ""elu"", ""batch_size"": 8, ""data_augmentation"": true, ""dr_f"": 0.377297655299, ""learning_rate"": 0.000618924133, ""new_fc_1"": 16, ""new_fc_10"": 18, ""new_fc_2"": 6, ""new_fc_3"": 9, ""new_fc_4"": 18, ""new_fc_5"": 23, ""new_fc_6"": 8, ""new_fc_7"": 14, ""new_fc_8"": 21, ""new_fc_9"": 16, ""num_neurons"": 8, ""optimizer"": ""Adadelta"", ""reg_l2"": true, ""skip_connection"": false, ""unit_c1"": 4, ""unit_c2"": 3}"
192,52,accuracy,10000000000.0,,16.195459813333333,2429318972.0,39645194.0,10000000000.0,154.4062,"{""activation"": ""relu"", ""batch_size"": 32, ""data_augmentation"": false, ""dr_f"": 0.448433122887, ""learning_rate"": 0.000479538176, ""new_fc_1"": 17, ""new_fc_10"": 22, ""new_fc_2"": 22, ""new_fc_3"": 2, ""new_fc_4"": 6, ""new_fc_5"": 10, ""new_fc_6"": 23, ""new_fc_7"": 24, ""new_fc_8"": 27, ""new_fc_9"": 11, ""num_neurons"": 64, ""optimizer"": ""Adagrad"", ""reg_l2"": false, ""skip_connection"": false, ""unit_c1"": 4, ""unit_c2"": 6}"
193,52,flops,,,0.03105368,4658052.0,186698.0,,155.5369,"{""activation"": ""swish"", ""batch_size"": 64, ""data_augmentation"": false, ""dr_f"": 0.431012800163, ""learning_rate"": 0.000602943535, ""new_fc_1"": 27, ""new_fc_10"": 21, ""new_fc_2"": 6, ""new_fc_3"": 15, ""new_fc_4"": 13, ""new_fc_5"": 26, ""new_fc_6"": 29, ""new_fc_7"": 14, ""new_fc_8"": 17, ""new_fc_9"": 10, ""num_neurons"": 4, ""optimizer"": ""Adadelta"", ""reg_l2"": false, ""skip_connection"": false, ""unit_c1"": 2, ""unit_c2"": 5}"
194,52,flops,,,3.5000507466666666,525007612.0,10264042.0,,156.9863,"{""activation"": ""elu"", ""batch_size"": 16, ""data_augmentation"": true, ""dr_f"": 0.299977386147, ""learning_rate"": 0.000186372188, ""new_fc_1"": 19, ""new_fc_10"": 14, ""new_fc_2"": 6, ""new_fc_3"": 17, ""new_fc_4"": 9, ""new_fc_5"": 29, ""new_fc_6"": 2, ""new_fc_7"": 0, ""new_fc_8"": 29, ""new_fc_9"": 1, ""num_neurons"": 32, ""optimizer"": ""Adamax"", ""reg_l2"": false, ""skip_connection"": false, ""unit_c1"": 3, ""unit_c2"": 7}"
195,53,accuracy,0.7891999930143356,0.21080000698566437,0.005167893333333333,775184.0,48938.0,-0.446009636889965,721.801,"{""activation"": ""elu"", ""batch_size"": 32, ""data_augmentation"": false, ""dr_f"": 0.252995503299, ""learning_rate"": 0.000906102482, ""new_fc_1"": 0, ""new_fc_10"": 26, ""new_fc_2"": 23, ""new_fc_3"": 4, ""new_fc_4"": 5, ""new_fc_5"": 11, ""new_fc_6"": 14, ""new_fc_7"": 23, ""new_fc_8"": 18, ""new_fc_9"": 9, ""num_neurons"": 4, ""optimizer"": ""Adam"", ""reg_l2"": true, ""skip_connection"": false, ""unit_c1"": 1, ""unit_c2"": 1}"
196,54,accuracy,0.744700014591217,0.25529998540878296,0.0462628,6939420.0,102682.0,-0.46483114978614803,2906.6486,"{""activation"": ""selu"", ""batch_size"": 8, ""data_augmentation"": false, ""dr_f"": 0.274327888241, ""learning_rate"": 0.000631692595, ""new_fc_1"": 28, ""new_fc_10"": 13, ""new_fc_2"": 29, ""new_fc_3"": 0, ""new_fc_4"": 11, ""new_fc_5"": 14, ""new_fc_6"": 4, ""new_fc_7"": 10, ""new_fc_8"": 19, ""new_fc_9"": 28, ""num_neurons"": 4, ""optimizer"": ""Adadelta"", ""reg_l2"": false, ""skip_connection"": true, ""unit_c1"": 4, ""unit_c2"": 2}"
197,55,accuracy,0.8011000007390976,0.1988999992609024,0.041144,6171600.0,77582.0,-0.42688679948263164,4132.4228,"{""activation"": ""elu"", ""batch_size"": 8, ""data_augmentation"": false, ""dr_f"": 0.108635579324, ""learning_rate"": 0.000780091429, ""new_fc_1"": 13, ""new_fc_10"": 11, ""new_fc_2"": 23, ""new_fc_3"": 27, ""new_fc_4"": 16, ""new_fc_5"": 32, ""new_fc_6"": 22, ""new_fc_7"": 7, ""new_fc_8"": 32, ""new_fc_9"": 18, ""num_neurons"": 4, ""optimizer"": ""Adadelta"", ""reg_l2"": true, ""skip_connection"": false, ""unit_c1"": 4, ""unit_c2"": 1}"
198,56,accuracy,0.8999999985098839,0.10000000149011612,0.007689226666666667,1153384.0,76770.0,-0.36769323304308127,4277.0074,"{""activation"": ""swish"", ""batch_size"": 64, ""data_augmentation"": true, ""dr_f"": 0.065623243729, ""learning_rate"": 0.000991358275, ""new_fc_1"": 19, ""new_fc_10"": 24, ""new_fc_2"": 22, ""new_fc_3"": 14, ""new_fc_4"": 1, ""new_fc_5"": 6, ""new_fc_6"": 12, ""new_fc_7"": 15, ""new_fc_8"": 17, ""new_fc_9"": 23, ""num_neurons"": 4, ""optimizer"": ""Adagrad"", ""reg_l2"": false, ""skip_connection"": false, ""unit_c1"": 1, ""unit_c2"": 2}"
199,56,flops,,,1.4196294133333334,212944412.0,8062954.0,,4278.4178,"{""activation"": ""elu"", ""batch_size"": 64, ""data_augmentation"": true, ""dr_f"": 0.217640514722, ""learning_rate"": 0.000976382035, ""new_fc_1"": 19, ""new_fc_10"": 19, ""new_fc_2"": 7, ""new_fc_3"": 27, ""new_fc_4"": 14, ""new_fc_5"": 16, ""new_fc_6"": 26, ""new_fc_7"": 25, ""new_fc_8"": 14, ""new_fc_9"": 12, ""num_neurons"": 32, ""optimizer"": ""Adam"", ""reg_l2"": true, ""skip_connection"": true, ""unit_c1"": 2, ""unit_c2"": 4}"
200,56,flops,,,0.06052813333333333,9079220.0,56394.0,,4279.3873,"{""activation"": ""elu"", ""batch_size"": 16, ""data_augmentation"": false, ""dr_f"": 0.362822308538, ""learning_rate"": 0.00098784997, ""new_fc_1"": 1, ""new_fc_10"": 4, ""new_fc_2"": 30, ""new_fc_3"": 11, ""new_fc_4"": 30, ""new_fc_5"": 31, ""new_fc_6"": 16, ""new_fc_7"": 7, ""new_fc_8"": 18, ""new_fc_9"": 10, ""num_neurons"": 4, ""optimizer"": ""Adagrad"", ""reg_l2"": true, ""skip_connection"": false, ""unit_c1"": 4, ""unit_c2"": 5}"
201,56,flops,,,0.23398856,35098284.0,2952362.0,,4280.5642,"{""activation"": ""elu"", ""batch_size"": 64, ""data_augmentation"": true, ""dr_f"": 0.054276223994, ""learning_rate"": 0.000129897598, ""new_fc_1"": 32, ""new_fc_10"": 13, ""new_fc_2"": 15, ""new_fc_3"": 22, ""new_fc_4"": 7, ""new_fc_5"": 18, ""new_fc_6"": 18, ""new_fc_7"": 25, ""new_fc_8"": 17, ""new_fc_9"": 28, ""num_neurons"": 16, ""optimizer"": ""Adam"", ""reg_l2"": false, ""skip_connection"": false, ""unit_c1"": 1, ""unit_c2"": 4}"
202,56,flops,,,0.9232562933333334,138488444.0,1610810.0,,4281.6867,"{""activation"": ""selu"", ""batch_size"": 32, ""data_augmentation"": true, ""dr_f"": 0.058842547358, ""learning_rate"": 0.000938528967, ""new_fc_1"": 11, ""new_fc_10"": 26, ""new_fc_2"": 13, ""new_fc_3"": 21, ""new_fc_4"": 24, ""new_fc_5"": 32, ""new_fc_6"": 0, ""new_fc_7"": 5, ""new_fc_8"": 19, ""new_fc_9"": 5, ""num_neurons"": 16, ""optimizer"": ""Adamax"", ""reg_l2"": true, ""skip_connection"": true, ""unit_c1"": 4, ""unit_c2"": 5}"
203,56,flops,,,0.15006994666666668,22510492.0,1090858.0,,4282.5779,"{""activation"": ""relu"", ""batch_size"": 16, ""data_augmentation"": false, ""dr_f"": 0.386831292182, ""learning_rate"": 0.000941457514, ""new_fc_1"": 10, ""new_fc_10"": 11, ""new_fc_2"": 21, ""new_fc_3"": 13, ""new_fc_4"": 1, ""new_fc_5"": 19, ""new_fc_6"": 3, ""new_fc_7"": 29, ""new_fc_8"": 27, ""new_fc_9"": 20, ""num_neurons"": 16, ""optimizer"": ""Adadelta"", ""reg_l2"": false, ""skip_connection"": true, ""unit_c1"": 1, ""unit_c2"": 3}"
204,57,accuracy,0.4139999747276306,0.5860000252723694,0.09730984,14596476.0,733882.0,-0.6810070656906586,6587.8258,"{""activation"": ""elu"", ""batch_size"": 8, ""data_augmentation"": true, ""dr_f"": 0.23691159318, ""learning_rate"": 0.000159157771, ""new_fc_1"": 19, ""new_fc_10"": 8, ""new_fc_2"": 1, ""new_fc_3"": 4, ""new_fc_4"": 7, ""new_fc_5"": 4, ""new_fc_6"": 26, ""new_fc_7"": 3, ""new_fc_8"": 7, ""new_fc_9"": 5, ""num_neurons"": 16, ""optimizer"": ""Adam"", ""reg_l2"": true, ""skip_connection"": true, ""unit_c1"": 1, ""unit_c2"": 2}"
205,58,accuracy,0.4108999967575073,0.5891000032424927,0.14747741333333333,22121612.0,631490.0,-0.6681267782697449,7213.3854,"{""activation"": ""relu"", ""batch_size"": 32, ""data_augmentation"": true, ""dr_f"": 0.048379070461, ""learning_rate"": 0.00083740566, ""new_fc_1"": 24, ""new_fc_10"": 5, ""new_fc_2"": 26, ""new_fc_3"": 11, ""new_fc_4"": 5, ""new_fc_5"": 15, ""new_fc_6"": 20, ""new_fc_7"": 31, ""new_fc_8"": 25, ""new_fc_9"": 20, ""num_neurons"": 8, ""optimizer"": ""Adagrad"", ""reg_l2"": false, ""skip_connection"": true, ""unit_c1"": 3, ""unit_c2"": 4}"
206,58,flops,,,1.18712552,178068828.0,7959626.0,,7214.6219,"{""activation"": ""swish"", ""batch_size"": 32, ""data_augmentation"": true, ""dr_f"": 0.180750785569, ""learning_rate"": 0.000973367904, ""new_fc_1"": 15, ""new_fc_10"": 20, ""new_fc_2"": 21, ""new_fc_3"": 2, ""new_fc_4"": 17, ""new_fc_5"": 30, ""new_fc_6"": 8, ""new_fc_7"": 25, ""new_fc_8"": 26, ""new_fc_9"": 15, ""num_neurons"": 32, ""optimizer"": ""Adam"", ""reg_l2"": true, ""skip_connection"": false, ""unit_c1"": 1, ""unit_c2"": 5}"
207,58,flops,,,0.34343176,51514764.0,790186.0,,7215.4898,"{""activation"": ""elu"", ""batch_size"": 32, ""data_augmentation"": false, ""dr_f"": 0.094628447414, ""learning_rate"": 0.000863952008, ""new_fc_1"": 1, ""new_fc_10"": 18, ""new_fc_2"": 5, ""new_fc_3"": 19, ""new_fc_4"": 23, ""new_fc_5"": 15, ""new_fc_6"": 31, ""new_fc_7"": 1, ""new_fc_8"": 28, ""new_fc_9"": 32, ""num_neurons"": 16, ""optimizer"": ""SGD"", ""reg_l2"": true, ""skip_connection"": false, ""unit_c1"": 3, ""unit_c2"": 1}"
208,58,flops,,,0.017209466666666666,2581420.0,138082.0,,7216.4885,"{""activation"": ""relu"", ""batch_size"": 32, ""data_augmentation"": true, ""dr_f"": 0.298239241861, ""learning_rate"": 0.000100586408, ""new_fc_1"": 13, ""new_fc_10"": 0, ""new_fc_2"": 5, ""new_fc_3"": 22, ""new_fc_4"": 2, ""new_fc_5"": 3, ""new_fc_6"": 18, ""new_fc_7"": 19, ""new_fc_8"": 25, ""new_fc_9"": 7, ""num_neurons"": 8, ""optimizer"": ""Adam"", ""reg_l2"": true, ""skip_connection"": true, ""unit_c1"": 1, ""unit_c2"": 1}"
209,58,flops,,,0.011344186666666667,1701628.0,141982.0,,7217.7981,"{""activation"": ""selu"", ""batch_size"": 16, ""data_augmentation"": false, ""dr_f"": 0.463481819418, ""learning_rate"": 0.000831678362, ""new_fc_1"": 31, ""new_fc_10"": 15, ""new_fc_2"": 26, ""new_fc_3"": 20, ""new_fc_4"": 29, ""new_fc_5"": 10, ""new_fc_6"": 18, ""new_fc_7"": 9, ""new_fc_8"": 11, ""new_fc_9"": 3, ""num_neurons"": 4, ""optimizer"": ""Adamax"", ""reg_l2"": false, ""skip_connection"": false, ""unit_c1"": 1, ""unit_c2"": 3}"
210,59,accuracy,0.35740000009536743,0.6425999999046326,0.16292114666666666,24438172.0,326178.0,-0.7009436559332427,7842.3445,"{""activation"": ""selu"", ""batch_size"": 32, ""data_augmentation"": false, ""dr_f"": 0.11847908396, ""learning_rate"": 0.000375359125, ""new_fc_1"": 9, ""new_fc_10"": 13, ""new_fc_2"": 2, ""new_fc_3"": 25, ""new_fc_4"": 21, ""new_fc_5"": 24, ""new_fc_6"": 3, ""new_fc_7"": 9, ""new_fc_8"": 8, ""new_fc_9"": 22, ""num_neurons"": 8, ""optimizer"": ""SGD"", ""reg_l2"": true, ""skip_connection"": false, ""unit_c1"": 3, ""unit_c2"": 5}"
211,60,accuracy,0.6130000054836273,0.3869999945163727,0.15092333333333333,22638500.0,221506.0,-0.5256229961614609,8828.0071,"{""activation"": ""elu"", ""batch_size"": 16, ""data_augmentation"": false, ""dr_f"": 0.099824319348, ""learning_rate"": 0.000755914524, ""new_fc_1"": 5, ""new_fc_10"": 0, ""new_fc_2"": 31, ""new_fc_3"": 20, ""new_fc_4"": 6, ""new_fc_5"": 19, ""new_fc_6"": 15, ""new_fc_7"": 30, ""new_fc_8"": 29, ""new_fc_9"": 10, ""num_neurons"": 8, ""optimizer"": ""Adagrad"", ""reg_l2"": true, ""skip_connection"": false, ""unit_c1"": 4, ""unit_c2"": 1}"
212,61,accuracy,0.8999999985098839,0.10000000149011612,0.05086354666666667,7629532.0,109902.0,-0.3547409370430813,9212.8539,"{""activation"": ""swish"", ""batch_size"": 16, ""data_augmentation"": false, ""dr_f"": 0.068814518025, ""learning_rate"": 0.000501216051, ""new_fc_1"": 12, ""new_fc_10"": 23, ""new_fc_2"": 4, ""new_fc_3"": 10, ""new_fc_4"": 32, ""new_fc_5"": 23, ""new_fc_6"": 12, ""new_fc_7"": 6, ""new_fc_8"": 9, ""new_fc_9"": 1, ""num_neurons"": 4, ""optimizer"": ""SGD"", ""reg_l2"": false, ""skip_connection"": false, ""unit_c1"": 3, ""unit_c2"": 6}"
213,61,flops,,,0.04648248,6972372.0,81618.0,,9214.0242,"{""activation"": ""swish"", ""batch_size"": 8, ""data_augmentation"": true, ""dr_f"": 0.164503792529, ""learning_rate"": 0.00041400638, ""new_fc_1"": 15, ""new_fc_10"": 31, ""new_fc_2"": 17, ""new_fc_3"": 6, ""new_fc_4"": 20, ""new_fc_5"": 29, ""new_fc_6"": 18, ""new_fc_7"": 22, ""new_fc_8"": 4, ""new_fc_9"": 20, ""num_neurons"": 4, ""optimizer"": ""Adagrad"", ""reg_l2"": false, ""skip_connection"": true, ""unit_c1"": 4, ""unit_c2"": 2}"
214,61,flops,,,6.3745279733333335,956179196.0,36592650.0,,9216.5525,"{""activation"": ""swish"", ""batch_size"": 64, ""data_augmentation"": false, ""dr_f"": 0.408655155201, ""learning_rate"": 0.000751858149, ""new_fc_1"": 19, ""new_fc_10"": 30, ""new_fc_2"": 16, ""new_fc_3"": 7, ""new_fc_4"": 18, ""new_fc_5"": 10, ""new_fc_6"": 21, ""new_fc_7"": 7, ""new_fc_8"": 16, ""new_fc_9"": 1, ""num_neurons"": 64, ""optimizer"": ""SGD"", ""reg_l2"": false, ""skip_connection"": true, ""unit_c1"": 1, ""unit_c2"": 6}"
215,62,accuracy,0.42079997062683105,0.579200029373169,0.10645821333333333,15968732.0,306978.0,-0.6735025565612183,10382.2933,"{""activation"": ""elu"", ""batch_size"": 16, ""data_augmentation"": true, ""dr_f"": 0.241044181341, ""learning_rate"": 0.000967145323, ""new_fc_1"": 11, ""new_fc_10"": 9, ""new_fc_2"": 31, ""new_fc_3"": 20, ""new_fc_4"": 27, ""new_fc_5"": 24, ""new_fc_6"": 2, ""new_fc_7"": 25, ""new_fc_8"": 0, ""new_fc_9"": 27, ""num_neurons"": 8, ""optimizer"": ""Adagrad"", ""reg_l2"": false, ""skip_connection"": true, ""unit_c1"": 3, ""unit_c2"": 2}"
216,62,flops,,,2.5584063733333333,383760956.0,12218858.0,,10384.284,"{""activation"": ""selu"", ""batch_size"": 64, ""data_augmentation"": true, ""dr_f"": 0.384090666909, ""learning_rate"": 0.000453943041, ""new_fc_1"": 17, ""new_fc_10"": 27, ""new_fc_2"": 30, ""new_fc_3"": 9, ""new_fc_4"": 25, ""new_fc_5"": 9, ""new_fc_6"": 20, ""new_fc_7"": 9, ""new_fc_8"": 12, ""new_fc_9"": 22, ""num_neurons"": 32, ""optimizer"": ""SGD"", ""reg_l2"": true, ""skip_connection"": false, ""unit_c1"": 1, ""unit_c2"": 8}"
217,63,accuracy,0.34939998388290405,0.650600016117096,0.64832296,97248444.0,1285354.0,-0.5609231232819671,11010.2077,"{""activation"": ""selu"", ""batch_size"": 64, ""data_augmentation"": false, ""dr_f"": 0.188812200838, ""learning_rate"": 0.000782014478, ""new_fc_1"": 11, ""new_fc_10"": 22, ""new_fc_2"": 14, ""new_fc_3"": 2, ""new_fc_4"": 15, ""new_fc_5"": 2, ""new_fc_6"": 0, ""new_fc_7"": 15, ""new_fc_8"": 3, ""new_fc_9"": 28, ""num_neurons"": 16, ""optimizer"": ""Adagrad"", ""reg_l2"": false, ""skip_connection"": true, ""unit_c1"": 3, ""unit_c2"": 5}"
218,63,flops,,,11.96731432,1795097148.0,44785738.0,,11013.0186,"{""activation"": ""relu"", ""batch_size"": 64, ""data_augmentation"": false, ""dr_f"": 0.407181491143, ""learning_rate"": 0.000734428982, ""new_fc_1"": 21, ""new_fc_10"": 17, ""new_fc_2"": 13, ""new_fc_3"": 20, ""new_fc_4"": 27, ""new_fc_5"": 2, ""new_fc_6"": 28, ""new_fc_7"": 5, ""new_fc_8"": 29, ""new_fc_9"": 18, ""num_neurons"": 64, ""optimizer"": ""Adam"", ""reg_l2"": true, ""skip_connection"": false, ""unit_c1"": 3, ""unit_c2"": 6}"
219,63,flops,,,0.4437112266666667,66556684.0,1520714.0,,11013.9476,"{""activation"": ""relu"", ""batch_size"": 32, ""data_augmentation"": false, ""dr_f"": 0.306265902358, ""learning_rate"": 0.00014941263, ""new_fc_1"": 10, ""new_fc_10"": 0, ""new_fc_2"": 16, ""new_fc_3"": 17, ""new_fc_4"": 28, ""new_fc_5"": 2, ""new_fc_6"": 28, ""new_fc_7"": 28, ""new_fc_8"": 15, ""new_fc_9"": 9, ""num_neurons"": 16, ""optimizer"": ""Adamax"", ""reg_l2"": true, ""skip_connection"": true, ""unit_c1"": 2, ""unit_c2"": 5}"
220,64,accuracy,0.8149999976158142,0.1850000023841858,0.02098728,3148092.0,159298.0,-0.42320381766893,11338.6233,"{""activation"": ""elu"", ""batch_size"": 32, ""data_augmentation"": true, ""dr_f"": 0.176495068612, ""learning_rate"": 0.000848862762, ""new_fc_1"": 25, ""new_fc_10"": 29, ""new_fc_2"": 1, ""new_fc_3"": 25, ""new_fc_4"": 5, ""new_fc_5"": 15, ""new_fc_6"": 6, ""new_fc_7"": 14, ""new_fc_8"": 16, ""new_fc_9"": 20, ""num_neurons"": 4, ""optimizer"": ""Adadelta"", ""reg_l2"": true, ""skip_connection"": true, ""unit_c1"": 1, ""unit_c2"": 5}"
221,64,flops,,,0.040751706666666665,6112756.0,48082.0,,11339.678,"{""activation"": ""selu"", ""batch_size"": 64, ""data_augmentation"": false, ""dr_f"": 0.030371473224, ""learning_rate"": 0.000405461253, ""new_fc_1"": 1, ""new_fc_10"": 27, ""new_fc_2"": 7, ""new_fc_3"": 12, ""new_fc_4"": 3, ""new_fc_5"": 32, ""new_fc_6"": 24, ""new_fc_7"": 29, ""new_fc_8"": 18, ""new_fc_9"": 9, ""num_neurons"": 4, ""optimizer"": ""SGD"", ""reg_l2"": false, ""skip_connection"": false, ""unit_c1"": 4, ""unit_c2"": 1}"
222,65,accuracy,0.8874000012874603,0.11259999871253967,0.03345141333333333,5017712.0,85962.0,-0.3687845750987777,11484.4693,"{""activation"": ""swish"", ""batch_size"": 64, ""data_augmentation"": false, ""dr_f"": 0.467783929674, ""learning_rate"": 0.000392015124, ""new_fc_1"": 16, ""new_fc_10"": 12, ""new_fc_2"": 3, ""new_fc_3"": 10, ""new_fc_4"": 20, ""new_fc_5"": 7, ""new_fc_6"": 23, ""new_fc_7"": 8, ""new_fc_8"": 24, ""new_fc_9"": 28, ""num_neurons"": 4, ""optimizer"": ""Adagrad"", ""reg_l2"": false, ""skip_connection"": true, ""unit_c1"": 3, ""unit_c2"": 3}"
223,65,flops,,,0.2428324,36424860.0,759698.0,,11485.5146,"{""activation"": ""relu"", ""batch_size"": 64, ""data_augmentation"": true, ""dr_f"": 0.04812723005, ""learning_rate"": 0.000374710476, ""new_fc_1"": 28, ""new_fc_10"": 19, ""new_fc_2"": 25, ""new_fc_3"": 29, ""new_fc_4"": 7, ""new_fc_5"": 13, ""new_fc_6"": 6, ""new_fc_7"": 13, ""new_fc_8"": 12, ""new_fc_9"": 8, ""num_neurons"": 8, ""optimizer"": ""Adagrad"", ""reg_l2"": false, ""skip_connection"": true, ""unit_c1"": 4, ""unit_c2"": 5}"
224,65,flops,,,2.8652155466666667,429782332.0,7245034.0,,11486.6964,"{""activation"": ""selu"", ""batch_size"": 8, ""data_augmentation"": false, ""dr_f"": 0.406023802641, ""learning_rate"": 0.000678430228, ""new_fc_1"": 15, ""new_fc_10"": 11, ""new_fc_2"": 18, ""new_fc_3"": 20, ""new_fc_4"": 32, ""new_fc_5"": 12, ""new_fc_6"": 30, ""new_fc_7"": 18, ""new_fc_8"": 26, ""new_fc_9"": 22, ""num_neurons"": 32, ""optimizer"": ""Adagrad"", ""reg_l2"": false, ""skip_connection"": true, ""unit_c1"": 4, ""unit_c2"": 3}"
225,66,accuracy,0.3531000018119812,0.6468999981880188,0.014886213333333334,2232932.0,112358.0,-0.7483641347316131,12651.8507,"{""activation"": ""elu"", ""batch_size"": 8, ""data_augmentation"": false, ""dr_f"": 0.20122792195, ""learning_rate"": 0.000869570776, ""new_fc_1"": 16, ""new_fc_10"": 18, ""new_fc_2"": 13, ""new_fc_3"": 7, ""new_fc_4"": 25, ""new_fc_5"": 25, ""new_fc_6"": 4, ""new_fc_7"": 32, ""new_fc_8"": 19, ""new_fc_9"": 19, ""num_neurons"": 4, ""optimizer"": ""Adam"", ""reg_l2"": false, ""skip_connection"": false, ""unit_c1"": 1, ""unit_c2"": 4}"
226,67,accuracy,0.6883000135421753,0.3116999864578247,0.04562810666666667,6844216.0,154966.0,-0.5045015585204773,13817.6719,"{""activation"": ""selu"", ""batch_size"": 16, ""data_augmentation"": true, ""dr_f"": 0.293110794295, ""learning_rate"": 0.000543165598, ""new_fc_1"": 18, ""new_fc_10"": 27, ""new_fc_2"": 14, ""new_fc_3"": 5, ""new_fc_4"": 22, ""new_fc_5"": 18, ""new_fc_6"": 28, ""new_fc_7"": 16, ""new_fc_8"": 25, ""new_fc_9"": 22, ""num_neurons"": 4, ""optimizer"": ""Adagrad"", ""reg_l2"": true, ""skip_connection"": true, ""unit_c1"": 3, ""unit_c2"": 5}"
227,68,accuracy,10000000000.0,,1.0358022133333333,155370332.0,967562.0,10000000000.0,13819.7187,"{""activation"": ""relu"", ""batch_size"": 8, ""data_augmentation"": false, ""dr_f"": 0.140688122153, ""learning_rate"": 0.000952873017, ""new_fc_1"": 2, ""new_fc_10"": 8, ""new_fc_2"": 6, ""new_fc_3"": 24, ""new_fc_4"": 22, ""new_fc_5"": 23, ""new_fc_6"": 14, ""new_fc_7"": 7, ""new_fc_8"": 25, ""new_fc_9"": 15, ""num_neurons"": 16, ""optimizer"": ""Adam"", ""reg_l2"": false, ""skip_connection"": true, ""unit_c1"": 4, ""unit_c2"": 6}"
228,68,flops,,,16.916616933333334,2537492540.0,70338250.0,,13823.8395,"{""activation"": ""relu"", ""batch_size"": 64, ""data_augmentation"": true, ""dr_f"": 0.452128497155, ""learning_rate"": 0.000102287767, ""new_fc_1"": 29, ""new_fc_10"": 16, ""new_fc_2"": 21, ""new_fc_3"": 11, ""new_fc_4"": 13, ""new_fc_5"": 7, ""new_fc_6"": 1, ""new_fc_7"": 12, ""new_fc_8"": 4, ""new_fc_9"": 14, ""num_neurons"": 64, ""optimizer"": ""Adagrad"", ""reg_l2"": true, ""skip_connection"": true, ""unit_c1"": 3, ""unit_c2"": 8}"
229,68,flops,,,0.12001944,18002916.0,346042.0,,13824.8565,"{""activation"": ""elu"", ""batch_size"": 16, ""data_augmentation"": true, ""dr_f"": 0.337572335817, ""learning_rate"": 0.000473158205, ""new_fc_1"": 18, ""new_fc_10"": 2, ""new_fc_2"": 5, ""new_fc_3"": 18, ""new_fc_4"": 7, ""new_fc_5"": 21, ""new_fc_6"": 22, ""new_fc_7"": 23, ""new_fc_8"": 5, ""new_fc_9"": 20, ""num_neurons"": 8, ""optimizer"": ""Adamax"", ""reg_l2"": false, ""skip_connection"": false, ""unit_c1"": 3, ""unit_c2"": 3}"
230,68,flops,,,3.655722213333333,548358332.0,41724490.0,,13827.672,"{""activation"": ""swish"", ""batch_size"": 8, ""data_augmentation"": true, ""dr_f"": 0.106892790603, ""learning_rate"": 0.000371762686, ""new_fc_1"": 32, ""new_fc_10"": 21, ""new_fc_2"": 5, ""new_fc_3"": 26, ""new_fc_4"": 26, ""new_fc_5"": 5, ""new_fc_6"": 30, ""new_fc_7"": 4, ""new_fc_8"": 6, ""new_fc_9"": 15, ""num_neurons"": 64, ""optimizer"": ""SGD"", ""reg_l2"": false, ""skip_connection"": true, ""unit_c1"": 1, ""unit_c2"": 4}"
231,68,flops,,,0.03892312,5838468.0,107342.0,,13828.7234,"{""activation"": ""elu"", ""batch_size"": 32, ""data_augmentation"": true, ""dr_f"": 0.418391380069, ""learning_rate"": 0.000700582432, ""new_fc_1"": 21, ""new_fc_10"": 16, ""new_fc_2"": 0, ""new_fc_3"": 8, ""new_fc_4"": 20, ""new_fc_5"": 10, ""new_fc_6"": 11, ""new_fc_7"": 12, ""new_fc_8"": 5, ""new_fc_9"": 3, ""num_neurons"": 4, ""optimizer"": ""Adamax"", ""reg_l2"": false, ""skip_connection"": true, ""unit_c1"": 3, ""unit_c2"": 4}"
232,68,flops,,,0.05906029333333333,8859044.0,657818.0,,13829.9488,"{""activation"": ""relu"", ""batch_size"": 64, ""data_augmentation"": true, ""dr_f"": 0.203691204399, ""learning_rate"": 0.000922570741, ""new_fc_1"": 30, ""new_fc_10"": 8, ""new_fc_2"": 17, ""new_fc_3"": 17, ""new_fc_4"": 14, ""new_fc_5"": 10, ""new_fc_6"": 25, ""new_fc_7"": 20, ""new_fc_8"": 0, ""new_fc_9"": 16, ""num_neurons"": 8, ""optimizer"": ""Adadelta"", ""reg_l2"": false, ""skip_connection"": false, ""unit_c1"": 1, ""unit_c2"": 4}"
233,69,accuracy,0.44999998807907104,0.550000011920929,0.9078964,136184460.0,2046906.0,-0.41263108834465023,15174.9918,"{""activation"": ""elu"", ""batch_size"": 16, ""data_augmentation"": true, ""dr_f"": 0.079091227131, ""learning_rate"": 0.000717225367, ""new_fc_1"": 13, ""new_fc_10"": 4, ""new_fc_2"": 9, ""new_fc_3"": 30, ""new_fc_4"": 25, ""new_fc_5"": 23, ""new_fc_6"": 23, ""new_fc_7"": 16, ""new_fc_8"": 14, ""new_fc_9"": 24, ""num_neurons"": 16, ""optimizer"": ""Adagrad"", ""reg_l2"": true, ""skip_connection"": false, ""unit_c1"": 4, ""unit_c2"": 5}"
234,69,flops,,,5.316629306666667,797494396.0,11750858.0,,15176.5352,"{""activation"": ""swish"", ""batch_size"": 8, ""data_augmentation"": true, ""dr_f"": 0.085734219641, ""learning_rate"": 0.000559008963, ""new_fc_1"": 10, ""new_fc_10"": 13, ""new_fc_2"": 17, ""new_fc_3"": 10, ""new_fc_4"": 5, ""new_fc_5"": 7, ""new_fc_6"": 14, ""new_fc_7"": 29, ""new_fc_8"": 20, ""new_fc_9"": 18, ""num_neurons"": 64, ""optimizer"": ""Adam"", ""reg_l2"": true, ""skip_connection"": true, ""unit_c1"": 3, ""unit_c2"": 1}"
235,69,flops,,,7.0462468,1056937020.0,13378890.0,,15178.0937,"{""activation"": ""selu"", ""batch_size"": 64, ""data_augmentation"": true, ""dr_f"": 0.385385760565, ""learning_rate"": 0.000281897654, ""new_fc_1"": 8, ""new_fc_10"": 10, ""new_fc_2"": 18, ""new_fc_3"": 8, ""new_fc_4"": 12, ""new_fc_5"": 15, ""new_fc_6"": 21, ""new_fc_7"": 9, ""new_fc_8"": 32, ""new_fc_9"": 3, ""num_neurons"": 64, ""optimizer"": ""Adamax"", ""reg_l2"": true, ""skip_connection"": true, ""unit_c1"": 3, ""unit_c2"": 3}"
236,70,accuracy,0.809799998998642,0.19020000100135803,0.80865448,121298172.0,3239978.0,-0.19054365670095064,16044.1137,"{""activation"": ""selu"", ""batch_size"": 16, ""data_augmentation"": false, ""dr_f"": 0.495878804619, ""learning_rate"": 0.000689705039, ""new_fc_1"": 3, ""new_fc_10"": 17, ""new_fc_2"": 30, ""new_fc_3"": 7, ""new_fc_4"": 9, ""new_fc_5"": 2, ""new_fc_6"": 8, ""new_fc_7"": 9, ""new_fc_8"": 30, ""new_fc_9"": 31, ""num_neurons"": 32, ""optimizer"": ""Adadelta"", ""reg_l2"": true, ""skip_connection"": false, ""unit_c1"": 1, ""unit_c2"": 4}"
237,70,flops,,,0.09040072,13560108.0,187074.0,,16045.1577,"{""activation"": ""elu"", ""batch_size"": 64, ""data_augmentation"": true, ""dr_f"": 0.16393297161, ""learning_rate"": 0.000217358428, ""new_fc_1"": 16, ""new_fc_10"": 16, ""new_fc_2"": 3, ""new_fc_3"": 16, ""new_fc_4"": 11, ""new_fc_5"": 25, ""new_fc_6"": 22, ""new_fc_7"": 7, ""new_fc_8"": 6, ""new_fc_9"": 20, ""num_neurons"": 8, ""optimizer"": ""SGD"", ""reg_l2"": false, ""skip_connection"": false, ""unit_c1"": 3, ""unit_c2"": 1}"
238,71,accuracy,0.8857000023126602,0.11429999768733978,0.03105368,4658052.0,186698.0,-0.37069389438113787,16190.4836,"{""activation"": ""swish"", ""batch_size"": 64, ""data_augmentation"": false, ""dr_f"": 0.431012800163, ""learning_rate"": 0.000602943535, ""new_fc_1"": 27, ""new_fc_10"": 21, ""new_fc_2"": 6, ""new_fc_3"": 15, ""new_fc_4"": 13, ""new_fc_5"": 26, ""new_fc_6"": 29, ""new_fc_7"": 14, ""new_fc_8"": 17, ""new_fc_9"": 10, ""num_neurons"": 4, ""optimizer"": ""Adadelta"", ""reg_l2"": false, ""skip_connection"": false, ""unit_c1"": 2, ""unit_c2"": 5}"
239,71,flops,,,6.0761650933333335,911424764.0,16660746.0,,16192.1845,"{""activation"": ""selu"", ""batch_size"": 8, ""data_augmentation"": false, ""dr_f"": 0.292192869409, ""learning_rate"": 0.000475124579, ""new_fc_1"": 15, ""new_fc_10"": 17, ""new_fc_2"": 32, ""new_fc_3"": 12, ""new_fc_4"": 5, ""new_fc_5"": 6, ""new_fc_6"": 31, ""new_fc_7"": 5, ""new_fc_8"": 21, ""new_fc_9"": 15, ""num_neurons"": 64, ""optimizer"": ""Adam"", ""reg_l2"": true, ""skip_connection"": false, ""unit_c1"": 3, ""unit_c2"": 2}"
240,72,accuracy,10000000000.0,,6.3745279733333335,956179196.0,36592650.0,10000000000.0,16194.5618,"{""activation"": ""swish"", ""batch_size"": 64, ""data_augmentation"": false, ""dr_f"": 0.408655155201, ""learning_rate"": 0.000751858149, ""new_fc_1"": 19, ""new_fc_10"": 30, ""new_fc_2"": 16, ""new_fc_3"": 7, ""new_fc_4"": 18, ""new_fc_5"": 10, ""new_fc_6"": 21, ""new_fc_7"": 7, ""new_fc_8"": 16, ""new_fc_9"": 1, ""num_neurons"": 64, ""optimizer"": ""SGD"", ""reg_l2"": false, ""skip_connection"": true, ""unit_c1"": 1, ""unit_c2"": 6}"
241,73,accuracy,0.7610999941825867,0.23890000581741333,0.21163933333333335,31745900.0,665386.0,-0.4037382040721893,16700.1423,"{""activation"": ""selu"", ""batch_size"": 64, ""data_augmentation"": false, ""dr_f"": 0.344734671311, ""learning_rate"": 0.000513627795, ""new_fc_1"": 27, ""new_fc_10"": 31, ""new_fc_2"": 31, ""new_fc_3"": 8, ""new_fc_4"": 31, ""new_fc_5"": 7, ""new_fc_6"": 9, ""new_fc_7"": 28, ""new_fc_8"": 16, ""new_fc_9"": 14, ""num_neurons"": 8, ""optimizer"": ""Adadelta"", ""reg_l2"": true, ""skip_connection"": true, ""unit_c1"": 4, ""unit_c2"": 4}"
242,73,flops,,,0.06799914666666666,10199872.0,64310.0,,16701.3418,"{""activation"": ""selu"", ""batch_size"": 64, ""data_augmentation"": true, ""dr_f"": 0.198812384391, ""learning_rate"": 0.000601389974, ""new_fc_1"": 6, ""new_fc_10"": 9, ""new_fc_2"": 27, ""new_fc_3"": 3, ""new_fc_4"": 2, ""new_fc_5"": 0, ""new_fc_6"": 29, ""new_fc_7"": 2, ""new_fc_8"": 21, ""new_fc_9"": 18, ""num_neurons"": 4, ""optimizer"": ""Adagrad"", ""reg_l2"": false, ""skip_connection"": false, ""unit_c1"": 4, ""unit_c2"": 6}"
243,73,flops,,,0.6553364,98300460.0,3876778.0,,16702.576,"{""activation"": ""swish"", ""batch_size"": 64, ""data_augmentation"": true, ""dr_f"": 0.035181608033, ""learning_rate"": 0.000979050287, ""new_fc_1"": 22, ""new_fc_10"": 4, ""new_fc_2"": 24, ""new_fc_3"": 29, ""new_fc_4"": 27, ""new_fc_5"": 26, ""new_fc_6"": 9, ""new_fc_7"": 21, ""new_fc_8"": 0, ""new_fc_9"": 3, ""num_neurons"": 16, ""optimizer"": ""SGD"", ""reg_l2"": false, ""skip_connection"": false, ""unit_c1"": 1, ""unit_c2"": 8}"
244,73,flops,,,0.02921512,4382268.0,116158.0,,16703.6346,"{""activation"": ""swish"", ""batch_size"": 16, ""data_augmentation"": false, ""dr_f"": 0.222330580509, ""learning_rate"": 0.000417106986, ""new_fc_1"": 29, ""new_fc_10"": 1, ""new_fc_2"": 0, ""new_fc_3"": 28, ""new_fc_4"": 6, ""new_fc_5"": 28, ""new_fc_6"": 26, ""new_fc_7"": 18, ""new_fc_8"": 27, ""new_fc_9"": 17, ""num_neurons"": 4, ""optimizer"": ""Adam"", ""reg_l2"": false, ""skip_connection"": false, ""unit_c1"": 3, ""unit_c2"": 2}"
245,74,accuracy,10000000000.0,,2.0137525066666666,302062876.0,6966250.0,10000000000.0,16704.7571,"{""activation"": ""relu"", ""batch_size"": 32, ""data_augmentation"": false, ""dr_f"": 0.373874238211, ""learning_rate"": 0.000693444566, ""new_fc_1"": 12, ""new_fc_10"": 19, ""new_fc_2"": 2, ""new_fc_3"": 0, ""new_fc_4"": 28, ""new_fc_5"": 12, ""new_fc_6"": 13, ""new_fc_7"": 2, ""new_fc_8"": 9, ""new_fc_9"": 10, ""num_neurons"": 32, ""optimizer"": ""Adam"", ""reg_l2"": false, ""skip_connection"": true, ""unit_c1"": 1, ""unit_c2"": 7}"
246,74,flops,,,2.83502312,425253468.0,8661930.0,,16706.2615,"{""activation"": ""relu"", ""batch_size"": 64, ""data_augmentation"": false, ""dr_f"": 0.270385299063, ""learning_rate"": 0.000492337417, ""new_fc_1"": 29, ""new_fc_10"": 11, ""new_fc_2"": 5, ""new_fc_3"": 24, ""new_fc_4"": 14, ""new_fc_5"": 29, ""new_fc_6"": 16, ""new_fc_7"": 15, ""new_fc_8"": 26, ""new_fc_9"": 12, ""num_neurons"": 32, ""optimizer"": ""Adam"", ""reg_l2"": false, ""skip_connection"": false, ""unit_c1"": 4, ""unit_c2"": 3}"
247,74,flops,,,0.27571848,41357772.0,861050.0,,16707.4025,"{""activation"": ""swish"", ""batch_size"": 16, ""data_augmentation"": false, ""dr_f"": 0.290408119625, ""learning_rate"": 0.000508526207, ""new_fc_1"": 25, ""new_fc_10"": 11, ""new_fc_2"": 11, ""new_fc_3"": 31, ""new_fc_4"": 14, ""new_fc_5"": 13, ""new_fc_6"": 25, ""new_fc_7"": 13, ""new_fc_8"": 19, ""new_fc_9"": 32, ""num_neurons"": 8, ""optimizer"": ""Adagrad"", ""reg_l2"": false, ""skip_connection"": true, ""unit_c1"": 4, ""unit_c2"": 6}"
248,74,flops,,,0.10333186666666666,15499780.0,597898.0,,16708.4308,"{""activation"": ""relu"", ""batch_size"": 16, ""data_augmentation"": false, ""dr_f"": 0.099309546828, ""learning_rate"": 0.000272011096, ""new_fc_1"": 16, ""new_fc_10"": 30, ""new_fc_2"": 22, ""new_fc_3"": 17, ""new_fc_4"": 2, ""new_fc_5"": 18, ""new_fc_6"": 18, ""new_fc_7"": 12, ""new_fc_8"": 11, ""new_fc_9"": 31, ""num_neurons"": 8, ""optimizer"": ""Adagrad"", ""reg_l2"": true, ""skip_connection"": true, ""unit_c1"": 1, ""unit_c2"": 6}"
249,74,flops,,,0.20784824,31177236.0,515874.0,,16709.482,"{""activation"": ""elu"", ""batch_size"": 8, ""data_augmentation"": false, ""dr_f"": 0.346743745653, ""learning_rate"": 0.000262286556, ""new_fc_1"": 23, ""new_fc_10"": 30, ""new_fc_2"": 24, ""new_fc_3"": 19, ""new_fc_4"": 15, ""new_fc_5"": 1, ""new_fc_6"": 7, ""new_fc_7"": 2, ""new_fc_8"": 20, ""new_fc_9"": 6, ""num_neurons"": 8, ""optimizer"": ""SGD"", ""reg_l2"": false, ""skip_connection"": false, ""unit_c1"": 4, ""unit_c2"": 4}"
250,75,accuracy,0.8999999985098839,0.10000000149011612,0.4437112266666667,66556684.0,1520714.0,-0.23688663304308127,16974.2271,"{""activation"": ""relu"", ""batch_size"": 32, ""data_augmentation"": false, ""dr_f"": 0.306265902358, ""learning_rate"": 0.00014941263, ""new_fc_1"": 10, ""new_fc_10"": 0, ""new_fc_2"": 16, ""new_fc_3"": 17, ""new_fc_4"": 28, ""new_fc_5"": 2, ""new_fc_6"": 28, ""new_fc_7"": 28, ""new_fc_8"": 15, ""new_fc_9"": 9, ""num_neurons"": 16, ""optimizer"": ""Adamax"", ""reg_l2"": true, ""skip_connection"": true, ""unit_c1"": 2, ""unit_c2"": 5}"
251,76,accuracy,0.7262000143527985,0.27379998564720154,0.025610026666666667,3841504.0,34502.0,-0.48397698195304106,2247.3894,"{""activation"": ""elu"", ""batch_size"": 8, ""data_augmentation"": true, ""dr_f"": 0.322950119609, ""learning_rate"": 0.000397808222, ""new_fc_1"": 0, ""new_fc_10"": 14, ""new_fc_2"": 13, ""new_fc_3"": 2, ""new_fc_4"": 0, ""new_fc_5"": 4, ""new_fc_6"": 25, ""new_fc_7"": 13, ""new_fc_8"": 26, ""new_fc_9"": 8, ""num_neurons"": 4, ""optimizer"": ""Adamax"", ""reg_l2"": true, ""skip_connection"": true, ""unit_c1"": 3, ""unit_c2"": 1}"
252,76,flops,,,0.11769693333333334,17654540.0,793514.0,,2248.7228,"{""activation"": ""swish"", ""batch_size"": 8, ""data_augmentation"": false, ""dr_f"": 0.066327941781, ""learning_rate"": 0.000332083003, ""new_fc_1"": 23, ""new_fc_10"": 23, ""new_fc_2"": 19, ""new_fc_3"": 31, ""new_fc_4"": 25, ""new_fc_5"": 25, ""new_fc_6"": 11, ""new_fc_7"": 32, ""new_fc_8"": 13, ""new_fc_9"": 32, ""num_neurons"": 8, ""optimizer"": ""Adamax"", ""reg_l2"": true, ""skip_connection"": false, ""unit_c1"": 2, ""unit_c2"": 5}"
253,76,flops,,,0.36786130666666667,55179196.0,3106282.0,,2249.9656,"{""activation"": ""elu"", ""batch_size"": 8, ""data_augmentation"": true, ""dr_f"": 0.155606078283, ""learning_rate"": 0.000891324139, ""new_fc_1"": 3, ""new_fc_10"": 11, ""new_fc_2"": 29, ""new_fc_3"": 16, ""new_fc_4"": 2, ""new_fc_5"": 12, ""new_fc_6"": 17, ""new_fc_7"": 22, ""new_fc_8"": 32, ""new_fc_9"": 16, ""num_neurons"": 32, ""optimizer"": ""Adam"", ""reg_l2"": false, ""skip_connection"": false, ""unit_c1"": 1, ""unit_c2"": 2}"
254,76,flops,,,0.20978056,31467084.0,793610.0,,2251.2145,"{""activation"": ""elu"", ""batch_size"": 32, ""data_augmentation"": false, ""dr_f"": 0.392421893252, ""learning_rate"": 0.000173955983, ""new_fc_1"": 1, ""new_fc_10"": 3, ""new_fc_2"": 30, ""new_fc_3"": 8, ""new_fc_4"": 13, ""new_fc_5"": 9, ""new_fc_6"": 23, ""new_fc_7"": 32, ""new_fc_8"": 19, ""new_fc_9"": 27, ""num_neurons"": 16, ""optimizer"": ""Adadelta"", ""reg_l2"": false, ""skip_connection"": true, ""unit_c1"": 1, ""unit_c2"": 4}"
255,76,flops,,,0.14513938666666668,21770908.0,934842.0,,2252.2488,"{""activation"": ""swish"", ""batch_size"": 64, ""data_augmentation"": false, ""dr_f"": 0.338131891536, ""learning_rate"": 0.000190182281, ""new_fc_1"": 7, ""new_fc_10"": 29, ""new_fc_2"": 30, ""new_fc_3"": 30, ""new_fc_4"": 27, ""new_fc_5"": 2, ""new_fc_6"": 14, ""new_fc_7"": 3, ""new_fc_8"": 5, ""new_fc_9"": 3, ""num_neurons"": 16, ""optimizer"": ""Adadelta"", ""reg_l2"": true, ""skip_connection"": false, ""unit_c1"": 1, ""unit_c2"": 3}"
256,77,accuracy,10000000000.0,,16.44330024,2466495036.0,31288842.0,10000000000.0,2255.4803,"{""activation"": ""swish"", ""batch_size"": 16, ""data_augmentation"": false, ""dr_f"": 0.19165413999, ""learning_rate"": 0.000753643896, ""new_fc_1"": 12, ""new_fc_10"": 19, ""new_fc_2"": 2, ""new_fc_3"": 21, ""new_fc_4"": 24, ""new_fc_5"": 19, ""new_fc_6"": 27, ""new_fc_7"": 2, ""new_fc_8"": 21, ""new_fc_9"": 17, ""num_neurons"": 64, ""optimizer"": ""Adam"", ""reg_l2"": false, ""skip_connection"": true, ""unit_c1"": 4, ""unit_c2"": 6}"
257,78,accuracy,10000000000.0,,12.507150906666666,1876072636.0,30707210.0,10000000000.0,2258.7325,"{""activation"": ""swish"", ""batch_size"": 32, ""data_augmentation"": true, ""dr_f"": 0.050617888051, ""learning_rate"": 0.000339053369, ""new_fc_1"": 11, ""new_fc_10"": 4, ""new_fc_2"": 21, ""new_fc_3"": 2, ""new_fc_4"": 18, ""new_fc_5"": 22, ""new_fc_6"": 2, ""new_fc_7"": 22, ""new_fc_8"": 4, ""new_fc_9"": 28, ""num_neurons"": 64, ""optimizer"": ""SGD"", ""reg_l2"": true, ""skip_connection"": false, ""unit_c1"": 2, ""unit_c2"": 8}"
258,79,accuracy,0.2986999750137329,0.7013000249862671,0.06122792,9184188.0,295958.0,-0.772541641490387,2824.9104,"{""activation"": ""swish"", ""batch_size"": 16, ""data_augmentation"": false, ""dr_f"": 0.044415561257, ""learning_rate"": 0.000818019889, ""new_fc_1"": 29, ""new_fc_10"": 19, ""new_fc_2"": 28, ""new_fc_3"": 0, ""new_fc_4"": 27, ""new_fc_5"": 21, ""new_fc_6"": 31, ""new_fc_7"": 10, ""new_fc_8"": 25, ""new_fc_9"": 30, ""num_neurons"": 4, ""optimizer"": ""Adamax"", ""reg_l2"": false, ""skip_connection"": false, ""unit_c1"": 3, ""unit_c2"": 7}"
259,80,accuracy,0.9001000002026558,0.09989999979734421,0.37005309333333336,55507964.0,2600010.0,-0.2589140718581409,3270.9697,"{""activation"": ""relu"", ""batch_size"": 16, ""data_augmentation"": false, ""dr_f"": 0.403001776867, ""learning_rate"": 0.000834376822, ""new_fc_1"": 26, ""new_fc_10"": 0, ""new_fc_2"": 18, ""new_fc_3"": 27, ""new_fc_4"": 31, ""new_fc_5"": 30, ""new_fc_6"": 5, ""new_fc_7"": 5, ""new_fc_8"": 27, ""new_fc_9"": 7, ""num_neurons"": 16, ""optimizer"": ""Adagrad"", ""reg_l2"": true, ""skip_connection"": true, ""unit_c1"": 2, ""unit_c2"": 4}"
260,80,flops,,,0.29796829333333336,44695244.0,1380794.0,,3272.343,"{""activation"": ""swish"", ""batch_size"": 32, ""data_augmentation"": true, ""dr_f"": 0.252995787788, ""learning_rate"": 0.000451864968, ""new_fc_1"": 11, ""new_fc_10"": 12, ""new_fc_2"": 30, ""new_fc_3"": 1, ""new_fc_4"": 15, ""new_fc_5"": 22, ""new_fc_6"": 5, ""new_fc_7"": 21, ""new_fc_8"": 10, ""new_fc_9"": 20, ""num_neurons"": 16, ""optimizer"": ""Adadelta"", ""reg_l2"": false, ""skip_connection"": true, ""unit_c1"": 1, ""unit_c2"": 5}"
261,81,accuracy,0.6150000095367432,0.38499999046325684,0.20428488,30642732.0,113370.0,-0.5082145293242797,3957.3398,"{""activation"": ""selu"", ""batch_size"": 32, ""data_augmentation"": true, ""dr_f"": 0.307053436068, ""learning_rate"": 0.000971892476, ""new_fc_1"": 1, ""new_fc_10"": 4, ""new_fc_2"": 6, ""new_fc_3"": 23, ""new_fc_4"": 12, ""new_fc_5"": 27, ""new_fc_6"": 0, ""new_fc_7"": 7, ""new_fc_8"": 5, ""new_fc_9"": 9, ""num_neurons"": 8, ""optimizer"": ""SGD"", ""reg_l2"": true, ""skip_connection"": true, ""unit_c1"": 4, ""unit_c2"": 4}"
262,82,accuracy,10000000000.0,,1.18712552,178068828.0,7959626.0,10000000000.0,3958.7129,"{""activation"": ""swish"", ""batch_size"": 32, ""data_augmentation"": true, ""dr_f"": 0.180750785569, ""learning_rate"": 0.000973367904, ""new_fc_1"": 15, ""new_fc_10"": 20, ""new_fc_2"": 21, ""new_fc_3"": 2, ""new_fc_4"": 17, ""new_fc_5"": 30, ""new_fc_6"": 8, ""new_fc_7"": 25, ""new_fc_8"": 26, ""new_fc_9"": 15, ""num_neurons"": 32, ""optimizer"": ""Adam"", ""reg_l2"": true, ""skip_connection"": false, ""unit_c1"": 1, ""unit_c2"": 5}"
263,82,flops,,,0.019117813333333334,2867672.0,56286.0,,3959.7679,"{""activation"": ""elu"", ""batch_size"": 32, ""data_augmentation"": true, ""dr_f"": 0.11610779719, ""learning_rate"": 0.000814677296, ""new_fc_1"": 5, ""new_fc_10"": 29, ""new_fc_2"": 21, ""new_fc_3"": 24, ""new_fc_4"": 7, ""new_fc_5"": 30, ""new_fc_6"": 3, ""new_fc_7"": 17, ""new_fc_8"": 16, ""new_fc_9"": 19, ""num_neurons"": 4, ""optimizer"": ""Adadelta"", ""reg_l2"": false, ""skip_connection"": false, ""unit_c1"": 2, ""unit_c2"": 3}"
264,83,accuracy,0.8897999972105026,0.11020000278949738,0.0424084,6361260.0,235734.0,-0.3644174819526481,4105.1041,"{""activation"": ""swish"", ""batch_size"": 64, ""data_augmentation"": true, ""dr_f"": 0.485575165548, ""learning_rate"": 0.000418811018, ""new_fc_1"": 24, ""new_fc_10"": 3, ""new_fc_2"": 2, ""new_fc_3"": 22, ""new_fc_4"": 16, ""new_fc_5"": 15, ""new_fc_6"": 30, ""new_fc_7"": 5, ""new_fc_8"": 18, ""new_fc_9"": 17, ""num_neurons"": 4, ""optimizer"": ""Adadelta"", ""reg_l2"": true, ""skip_connection"": false, ""unit_c1"": 1, ""unit_c2"": 8}"
265,83,flops,,,2.16457768,324686652.0,5284394.0,,4106.46,"{""activation"": ""relu"", ""batch_size"": 8, ""data_augmentation"": false, ""dr_f"": 0.300848676166, ""learning_rate"": 0.000948349103, ""new_fc_1"": 14, ""new_fc_10"": 15, ""new_fc_2"": 0, ""new_fc_3"": 7, ""new_fc_4"": 11, ""new_fc_5"": 23, ""new_fc_6"": 0, ""new_fc_7"": 12, ""new_fc_8"": 14, ""new_fc_9"": 12, ""num_neurons"": 32, ""optimizer"": ""Adam"", ""reg_l2"": true, ""skip_connection"": true, ""unit_c1"": 3, ""unit_c2"": 4}"
266,83,flops,,,0.10636872,15955308.0,1566346.0,,4107.7707,"{""activation"": ""swish"", ""batch_size"": 16, ""data_augmentation"": false, ""dr_f"": 0.380787156703, ""learning_rate"": 0.00052578271, ""new_fc_1"": 25, ""new_fc_10"": 13, ""new_fc_2"": 30, ""new_fc_3"": 26, ""new_fc_4"": 3, ""new_fc_5"": 11, ""new_fc_6"": 0, ""new_fc_7"": 15, ""new_fc_8"": 21, ""new_fc_9"": 21, ""num_neurons"": 16, ""optimizer"": ""Adam"", ""reg_l2"": false, ""skip_connection"": false, ""unit_c1"": 1, ""unit_c2"": 2}"
267,84,accuracy,0.6509000062942505,0.3490999937057495,0.013851333333333334,2077700.0,63102.0,-0.5402145955940246,5212.7034,"{""activation"": ""selu"", ""batch_size"": 16, ""data_augmentation"": false, ""dr_f"": 0.332322377978, ""learning_rate"": 0.000289169481, ""new_fc_1"": 10, ""new_fc_10"": 29, ""new_fc_2"": 18, ""new_fc_3"": 0, ""new_fc_4"": 27, ""new_fc_5"": 26, ""new_fc_6"": 11, ""new_fc_7"": 32, ""new_fc_8"": 16, ""new_fc_9"": 13, ""num_neurons"": 4, ""optimizer"": ""SGD"", ""reg_l2"": true, ""skip_connection"": true, ""unit_c1"": 2, ""unit_c2"": 1}"
268,84,flops,,,0.08185354666666667,12278032.0,243098.0,,5214.0022,"{""activation"": ""swish"", ""batch_size"": 16, ""data_augmentation"": true, ""dr_f"": 0.258081745415, ""learning_rate"": 0.000635558962, ""new_fc_1"": 27, ""new_fc_10"": 10, ""new_fc_2"": 13, ""new_fc_3"": 22, ""new_fc_4"": 4, ""new_fc_5"": 27, ""new_fc_6"": 18, ""new_fc_7"": 21, ""new_fc_8"": 6, ""new_fc_9"": 19, ""num_neurons"": 4, ""optimizer"": ""Adagrad"", ""reg_l2"": true, ""skip_connection"": true, ""unit_c1"": 4, ""unit_c2"": 7}"
269,85,accuracy,10000000000.0,,12.42004264,1863006396.0,59056842.0,10000000000.0,5218.4266,"{""activation"": ""relu"", ""batch_size"": 8, ""data_augmentation"": true, ""dr_f"": 0.090934197212, ""learning_rate"": 0.000924510821, ""new_fc_1"": 27, ""new_fc_10"": 14, ""new_fc_2"": 32, ""new_fc_3"": 13, ""new_fc_4"": 29, ""new_fc_5"": 6, ""new_fc_6"": 25, ""new_fc_7"": 23, ""new_fc_8"": 20, ""new_fc_9"": 13, ""num_neurons"": 64, ""optimizer"": ""Adam"", ""reg_l2"": false, ""skip_connection"": true, ""unit_c1"": 3, ""unit_c2"": 6}"
270,85,flops,,,0.42213138666666666,63319708.0,3643834.0,,5219.7234,"{""activation"": ""selu"", ""batch_size"": 8, ""data_augmentation"": false, ""dr_f"": 0.121925781397, ""learning_rate"": 0.000995466578, ""new_fc_1"": 26, ""new_fc_10"": 11, ""new_fc_2"": 21, ""new_fc_3"": 31, ""new_fc_4"": 3, ""new_fc_5"": 9, ""new_fc_6"": 18, ""new_fc_7"": 30, ""new_fc_8"": 28, ""new_fc_9"": 25, ""num_neurons"": 16, ""optimizer"": ""Adamax"", ""reg_l2"": false, ""skip_connection"": true, ""unit_c1"": 1, ""unit_c2"": 6}"
271,85,flops,,,12.388825146666667,1858323772.0,22365450.0,,5221.8253,"{""activation"": ""relu"", ""batch_size"": 8, ""data_augmentation"": true, ""dr_f"": 0.202129812858, ""learning_rate"": 0.000261762786, ""new_fc_1"": 6, ""new_fc_10"": 1, ""new_fc_2"": 0, ""new_fc_3"": 21, ""new_fc_4"": 9, ""new_fc_5"": 22, ""new_fc_6"": 16, ""new_fc_7"": 4, ""new_fc_8"": 31, ""new_fc_9"": 18, ""num_neurons"": 64, ""optimizer"": ""Adamax"", ""reg_l2"": true, ""skip_connection"": false, ""unit_c1"": 2, ""unit_c2"": 8}"
272,86,accuracy,0.9001000002026558,0.09989999979734421,0.09381906666666667,14072860.0,471962.0,-0.34178427985814086,5606.884,"{""activation"": ""relu"", ""batch_size"": 16, ""data_augmentation"": false, ""dr_f"": 0.302569547353, ""learning_rate"": 0.000733361228, ""new_fc_1"": 20, ""new_fc_10"": 4, ""new_fc_2"": 23, ""new_fc_3"": 14, ""new_fc_4"": 14, ""new_fc_5"": 30, ""new_fc_6"": 8, ""new_fc_7"": 0, ""new_fc_8"": 27, ""new_fc_9"": 0, ""num_neurons"": 8, ""optimizer"": ""Adagrad"", ""reg_l2"": true, ""skip_connection"": true, ""unit_c1"": 2, ""unit_c2"": 4}"
273,86,flops,,,0.8032974666666667,120494620.0,1575434.0,,5608.126,"{""activation"": ""elu"", ""batch_size"": 64, ""data_augmentation"": false, ""dr_f"": 0.143329154931, ""learning_rate"": 0.000948988898, ""new_fc_1"": 18, ""new_fc_10"": 17, ""new_fc_2"": 10, ""new_fc_3"": 6, ""new_fc_4"": 26, ""new_fc_5"": 8, ""new_fc_6"": 15, ""new_fc_7"": 7, ""new_fc_8"": 30, ""new_fc_9"": 1, ""num_neurons"": 16, ""optimizer"": ""Adagrad"", ""reg_l2"": true, ""skip_connection"": true, ""unit_c1"": 4, ""unit_c2"": 4}"
274,86,flops,,,0.07306741333333333,10960112.0,229262.0,,5609.3754,"{""activation"": ""swish"", ""batch_size"": 8, ""data_augmentation"": false, ""dr_f"": 0.466062705201, ""learning_rate"": 0.00094556637, ""new_fc_1"": 30, ""new_fc_10"": 32, ""new_fc_2"": 6, ""new_fc_3"": 3, ""new_fc_4"": 22, ""new_fc_5"": 31, ""new_fc_6"": 3, ""new_fc_7"": 22, ""new_fc_8"": 32, ""new_fc_9"": 2, ""num_neurons"": 4, ""optimizer"": ""Adamax"", ""reg_l2"": false, ""skip_connection"": true, ""unit_c1"": 4, ""unit_c2"": 6}"
275,87,accuracy,0.8999999985098839,0.10000000149011612,0.11769693333333334,17654540.0,793514.0,-0.3346909210430813,6415.1024,"{""activation"": ""swish"", ""batch_size"": 8, ""data_augmentation"": false, ""dr_f"": 0.066327941781, ""learning_rate"": 0.000332083003, ""new_fc_1"": 23, ""new_fc_10"": 23, ""new_fc_2"": 19, ""new_fc_3"": 31, ""new_fc_4"": 25, ""new_fc_5"": 25, ""new_fc_6"": 11, ""new_fc_7"": 32, ""new_fc_8"": 13, ""new_fc_9"": 32, ""num_neurons"": 8, ""optimizer"": ""Adamax"", ""reg_l2"": true, ""skip_connection"": false, ""unit_c1"": 2, ""unit_c2"": 5}"
276,87,flops,,,0.04262776,6394164.0,106110.0,,6416.2087,"{""activation"": ""elu"", ""batch_size"": 8, ""data_augmentation"": false, ""dr_f"": 0.049095372883, ""learning_rate"": 0.000334468467, ""new_fc_1"": 29, ""new_fc_10"": 26, ""new_fc_2"": 26, ""new_fc_3"": 31, ""new_fc_4"": 26, ""new_fc_5"": 11, ""new_fc_6"": 24, ""new_fc_7"": 15, ""new_fc_8"": 29, ""new_fc_9"": 13, ""num_neurons"": 4, ""optimizer"": ""Adamax"", ""reg_l2"": false, ""skip_connection"": true, ""unit_c1"": 4, ""unit_c2"": 1}"
277,88,accuracy,0.8999999985098839,0.10000000149011612,0.6461755466666667,96926332.0,1674122.0,-0.17614733704308128,7161.691,"{""activation"": ""swish"", ""batch_size"": 8, ""data_augmentation"": false, ""dr_f"": 0.224401492843, ""learning_rate"": 0.000448414006, ""new_fc_1"": 31, ""new_fc_10"": 14, ""new_fc_2"": 14, ""new_fc_3"": 11, ""new_fc_4"": 12, ""new_fc_5"": 24, ""new_fc_6"": 26, ""new_fc_7"": 14, ""new_fc_8"": 15, ""new_fc_9"": 3, ""num_neurons"": 16, ""optimizer"": ""SGD"", ""reg_l2"": true, ""skip_connection"": false, ""unit_c1"": 4, ""unit_c2"": 2}"
278,88,flops,,,1.5547656266666667,233214844.0,20583818.0,,7163.6636,"{""activation"": ""selu"", ""batch_size"": 64, ""data_augmentation"": true, ""dr_f"": 0.199542453158, ""learning_rate"": 0.00015542285, ""new_fc_1"": 31, ""new_fc_10"": 28, ""new_fc_2"": 9, ""new_fc_3"": 30, ""new_fc_4"": 2, ""new_fc_5"": 20, ""new_fc_6"": 0, ""new_fc_7"": 2, ""new_fc_8"": 31, ""new_fc_9"": 4, ""num_neurons"": 64, ""optimizer"": ""SGD"", ""reg_l2"": false, ""skip_connection"": false, ""unit_c1"": 1, ""unit_c2"": 2}"
279,89,accuracy,0.5146999955177307,0.4853000044822693,0.9069169866666666,136037548.0,4238570.0,-0.3676349071375885,8089.8403,"{""activation"": ""selu"", ""batch_size"": 32, ""data_augmentation"": true, ""dr_f"": 0.339663657624, ""learning_rate"": 0.000728784376, ""new_fc_1"": 29, ""new_fc_10"": 19, ""new_fc_2"": 14, ""new_fc_3"": 0, ""new_fc_4"": 18, ""new_fc_5"": 31, ""new_fc_6"": 25, ""new_fc_7"": 19, ""new_fc_8"": 11, ""new_fc_9"": 5, ""num_neurons"": 16, ""optimizer"": ""Adadelta"", ""reg_l2"": false, ""skip_connection"": false, ""unit_c1"": 3, ""unit_c2"": 7}"
280,89,flops,,,1.5197966666666667,227969500.0,2577354.0,,8091.3802,"{""activation"": ""swish"", ""batch_size"": 8, ""data_augmentation"": true, ""dr_f"": 0.350838396414, ""learning_rate"": 0.000288307621, ""new_fc_1"": 5, ""new_fc_10"": 22, ""new_fc_2"": 24, ""new_fc_3"": 5, ""new_fc_4"": 2, ""new_fc_5"": 2, ""new_fc_6"": 22, ""new_fc_7"": 26, ""new_fc_8"": 12, ""new_fc_9"": 15, ""num_neurons"": 32, ""optimizer"": ""Adadelta"", ""reg_l2"": true, ""skip_connection"": false, ""unit_c1"": 3, ""unit_c2"": 2}"
281,90,accuracy,0.5715999901294708,0.4284000098705292,0.02590048,3885072.0,56390.0,-0.5921098629093704,10156.9075,"{""activation"": ""elu"", ""batch_size"": 8, ""data_augmentation"": false, ""dr_f"": 0.19237170866, ""learning_rate"": 0.000711651016, ""new_fc_1"": 11, ""new_fc_10"": 6, ""new_fc_2"": 32, ""new_fc_3"": 0, ""new_fc_4"": 16, ""new_fc_5"": 17, ""new_fc_6"": 8, ""new_fc_7"": 18, ""new_fc_8"": 26, ""new_fc_9"": 23, ""num_neurons"": 4, ""optimizer"": ""Adagrad"", ""reg_l2"": false, ""skip_connection"": true, ""unit_c1"": 3, ""unit_c2"": 1}"
282,90,flops,,,0.10335042666666666,15502564.0,273898.0,,10158.2261,"{""activation"": ""elu"", ""batch_size"": 32, ""data_augmentation"": true, ""dr_f"": 0.447105821721, ""learning_rate"": 0.000835186552, ""new_fc_1"": 22, ""new_fc_10"": 10, ""new_fc_2"": 11, ""new_fc_3"": 7, ""new_fc_4"": 1, ""new_fc_5"": 23, ""new_fc_6"": 21, ""new_fc_7"": 2, ""new_fc_8"": 9, ""new_fc_9"": 19, ""num_neurons"": 8, ""optimizer"": ""Adamax"", ""reg_l2"": false, ""skip_connection"": false, ""unit_c1"": 3, ""unit_c2"": 2}"
283,90,flops,,,0.04531864,6797796.0,94554.0,,10159.4832,"{""activation"": ""swish"", ""batch_size"": 16, ""data_augmentation"": true, ""dr_f"": 0.110303688619, ""learning_rate"": 0.000814075563, ""new_fc_1"": 32, ""new_fc_10"": 29, ""new_fc_2"": 12, ""new_fc_3"": 31, ""new_fc_4"": 10, ""new_fc_5"": 4, ""new_fc_6"": 9, ""new_fc_7"": 5, ""new_fc_8"": 9, ""new_fc_9"": 5, ""num_neurons"": 4, ""optimizer"": ""Adamax"", ""reg_l2"": false, ""skip_connection"": false, ""unit_c1"": 4, ""unit_c2"": 2}"
284,90,flops,,,0.14694338666666668,22041508.0,591418.0,,10160.7299,"{""activation"": ""relu"", ""batch_size"": 64, ""data_augmentation"": false, ""dr_f"": 0.343815594547, ""learning_rate"": 0.00014814811, ""new_fc_1"": 23, ""new_fc_10"": 3, ""new_fc_2"": 22, ""new_fc_3"": 32, ""new_fc_4"": 11, ""new_fc_5"": 19, ""new_fc_6"": 23, ""new_fc_7"": 24, ""new_fc_8"": 4, ""new_fc_9"": 16, ""num_neurons"": 8, ""optimizer"": ""Adam"", ""reg_l2"": true, ""skip_connection"": true, ""unit_c1"": 3, ""unit_c2"": 4}"
285,91,accuracy,0.8999999985098839,0.10000000149011612,0.0291244,4368660.0,69234.0,-0.3612626810430813,10485.5629,"{""activation"": ""elu"", ""batch_size"": 16, ""data_augmentation"": true, ""dr_f"": 0.338032837821, ""learning_rate"": 0.000310364093, ""new_fc_1"": 8, ""new_fc_10"": 6, ""new_fc_2"": 24, ""new_fc_3"": 1, ""new_fc_4"": 23, ""new_fc_5"": 1, ""new_fc_6"": 2, ""new_fc_7"": 8, ""new_fc_8"": 29, ""new_fc_9"": 24, ""num_neurons"": 4, ""optimizer"": ""Adam"", ""reg_l2"": true, ""skip_connection"": false, ""unit_c1"": 2, ""unit_c2"": 5}"
286,92,accuracy,0.8999999985098839,0.10000000149011612,0.33076770666666666,49615156.0,222962.0,-0.2707696890430813,10751.3772,"{""activation"": ""swish"", ""batch_size"": 32, ""data_augmentation"": true, ""dr_f"": 0.067326125783, ""learning_rate"": 0.000980004627, ""new_fc_1"": 2, ""new_fc_10"": 2, ""new_fc_2"": 16, ""new_fc_3"": 13, ""new_fc_4"": 11, ""new_fc_5"": 24, ""new_fc_6"": 25, ""new_fc_7"": 4, ""new_fc_8"": 0, ""new_fc_9"": 12, ""num_neurons"": 8, ""optimizer"": ""Adam"", ""reg_l2"": true, ""skip_connection"": false, ""unit_c1"": 4, ""unit_c2"": 8}"
287,92,flops,,,0.23593602666666666,35390404.0,242426.0,,10752.632,"{""activation"": ""elu"", ""batch_size"": 16, ""data_augmentation"": false, ""dr_f"": 0.36231649069, ""learning_rate"": 0.000600493515, ""new_fc_1"": 5, ""new_fc_10"": 15, ""new_fc_2"": 10, ""new_fc_3"": 25, ""new_fc_4"": 7, ""new_fc_5"": 32, ""new_fc_6"": 3, ""new_fc_7"": 26, ""new_fc_8"": 25, ""new_fc_9"": 1, ""num_neurons"": 8, ""optimizer"": ""Adagrad"", ""reg_l2"": false, ""skip_connection"": true, ""unit_c1"": 4, ""unit_c2"": 5}"
288,93,accuracy,10000000000.0,,3.126805093333333,469020764.0,4682538.0,10000000000.0,10753.8905,"{""activation"": ""elu"", ""batch_size"": 8, ""data_augmentation"": true, ""dr_f"": 0.385042535534, ""learning_rate"": 0.000282274324, ""new_fc_1"": 4, ""new_fc_10"": 26, ""new_fc_2"": 27, ""new_fc_3"": 9, ""new_fc_4"": 3, ""new_fc_5"": 32, ""new_fc_6"": 29, ""new_fc_7"": 19, ""new_fc_8"": 14, ""new_fc_9"": 22, ""num_neurons"": 32, ""optimizer"": ""Adagrad"", ""reg_l2"": true, ""skip_connection"": false, ""unit_c1"": 4, ""unit_c2"": 4}"
289,94,accuracy,0.5864000022411346,0.41359999775886536,0.011344186666666667,1701628.0,141982.0,-0.5861167424312057,11799.0582,"{""activation"": ""selu"", ""batch_size"": 16, ""data_augmentation"": false, ""dr_f"": 0.463481819418, ""learning_rate"": 0.000831678362, ""new_fc_1"": 31, ""new_fc_10"": 15, ""new_fc_2"": 26, ""new_fc_3"": 20, ""new_fc_4"": 29, ""new_fc_5"": 10, ""new_fc_6"": 18, ""new_fc_7"": 9, ""new_fc_8"": 11, ""new_fc_9"": 3, ""num_neurons"": 4, ""optimizer"": ""Adamax"", ""reg_l2"": false, ""skip_connection"": false, ""unit_c1"": 1, ""unit_c2"": 3}"
290,95,accuracy,10000000000.0,,4.096796773333334,614519516.0,4765354.0,10000000000.0,11801.2794,"{""activation"": ""elu"", ""batch_size"": 32, ""data_augmentation"": false, ""dr_f"": 0.254912206175, ""learning_rate"": 0.000176999827, ""new_fc_1"": 3, ""new_fc_10"": 15, ""new_fc_2"": 16, ""new_fc_3"": 25, ""new_fc_4"": 7, ""new_fc_5"": 14, ""new_fc_6"": 26, ""new_fc_7"": 18, ""new_fc_8"": 29, ""new_fc_9"": 16, ""num_neurons"": 32, ""optimizer"": ""Adam"", ""reg_l2"": true, ""skip_connection"": true, ""unit_c1"": 4, ""unit_c2"": 6}"
291,95,flops,,,0.09331266666666667,13996900.0,201842.0,,11802.6626,"{""activation"": ""swish"", ""batch_size"": 32, ""data_augmentation"": false, ""dr_f"": 0.326100484622, ""learning_rate"": 0.00028744064, ""new_fc_1"": 12, ""new_fc_10"": 28, ""new_fc_2"": 0, ""new_fc_3"": 24, ""new_fc_4"": 21, ""new_fc_5"": 25, ""new_fc_6"": 14, ""new_fc_7"": 1, ""new_fc_8"": 14, ""new_fc_9"": 12, ""num_neurons"": 8, ""optimizer"": ""Adadelta"", ""reg_l2"": false, ""skip_connection"": true, ""unit_c1"": 3, ""unit_c2"": 1}"
292,96,accuracy,10000000000.0,,3.5000507466666666,525007612.0,10264042.0,10000000000.0,11804.324,"{""activation"": ""elu"", ""batch_size"": 16, ""data_augmentation"": true, ""dr_f"": 0.299977386147, ""learning_rate"": 0.000186372188, ""new_fc_1"": 19, ""new_fc_10"": 14, ""new_fc_2"": 6, ""new_fc_3"": 17, ""new_fc_4"": 9, ""new_fc_5"": 29, ""new_fc_6"": 2, ""new_fc_7"": 0, ""new_fc_8"": 29, ""new_fc_9"": 1, ""num_neurons"": 32, ""optimizer"": ""Adamax"", ""reg_l2"": false, ""skip_connection"": false, ""unit_c1"": 3, ""unit_c2"": 7}"
293,96,flops,,,0.07282381333333333,10923572.0,257114.0,,11805.4516,"{""activation"": ""selu"", ""batch_size"": 32, ""data_augmentation"": true, ""dr_f"": 0.344809409027, ""learning_rate"": 0.000671977016, ""new_fc_1"": 3, ""new_fc_10"": 16, ""new_fc_2"": 8, ""new_fc_3"": 14, ""new_fc_4"": 20, ""new_fc_5"": 32, ""new_fc_6"": 16, ""new_fc_7"": 23, ""new_fc_8"": 31, ""new_fc_9"": 12, ""num_neurons"": 8, ""optimizer"": ""Adam"", ""reg_l2"": true, ""skip_connection"": true, ""unit_c1"": 2, ""unit_c2"": 3}"
294,96,flops,,,0.04085754666666667,6128632.0,87426.0,,11806.6201,"{""activation"": ""elu"", ""batch_size"": 32, ""data_augmentation"": true, ""dr_f"": 0.388639808317, ""learning_rate"": 0.000104250966, ""new_fc_1"": 6, ""new_fc_10"": 31, ""new_fc_2"": 1, ""new_fc_3"": 26, ""new_fc_4"": 3, ""new_fc_5"": 21, ""new_fc_6"": 24, ""new_fc_7"": 17, ""new_fc_8"": 9, ""new_fc_9"": 9, ""num_neurons"": 4, ""optimizer"": ""Adadelta"", ""reg_l2"": false, ""skip_connection"": true, ""unit_c1"": 1, ""unit_c2"": 8}"
295,96,flops,,,0.250634,37595100.0,3639306.0,,11808.0774,"{""activation"": ""swish"", ""batch_size"": 16, ""data_augmentation"": true, ""dr_f"": 0.054371949823, ""learning_rate"": 0.000162230406, ""new_fc_1"": 5, ""new_fc_10"": 23, ""new_fc_2"": 22, ""new_fc_3"": 12, ""new_fc_4"": 22, ""new_fc_5"": 15, ""new_fc_6"": 28, ""new_fc_7"": 31, ""new_fc_8"": 10, ""new_fc_9"": 19, ""num_neurons"": 32, ""optimizer"": ""Adadelta"", ""reg_l2"": true, ""skip_connection"": false, ""unit_c1"": 1, ""unit_c2"": 1}"
296,97,accuracy,0.8999999985098839,0.10000000149011612,0.043266933333333334,6490040.0,268186.0,-0.3570199210430813,12013.0846,"{""activation"": ""relu"", ""batch_size"": 32, ""data_augmentation"": false, ""dr_f"": 0.115443326278, ""learning_rate"": 0.000592155896, ""new_fc_1"": 26, ""new_fc_10"": 10, ""new_fc_2"": 26, ""new_fc_3"": 14, ""new_fc_4"": 26, ""new_fc_5"": 8, ""new_fc_6"": 13, ""new_fc_7"": 11, ""new_fc_8"": 24, ""new_fc_9"": 17, ""num_neurons"": 4, ""optimizer"": ""Adam"", ""reg_l2"": true, ""skip_connection"": true, ""unit_c1"": 1, ""unit_c2"": 8}"
297,97,flops,,,0.02082168,3123252.0,100590.0,,12014.3223,"{""activation"": ""swish"", ""batch_size"": 8, ""data_augmentation"": false, ""dr_f"": 0.191803105764, ""learning_rate"": 0.000450296842, ""new_fc_1"": 16, ""new_fc_10"": 32, ""new_fc_2"": 31, ""new_fc_3"": 23, ""new_fc_4"": 17, ""new_fc_5"": 18, ""new_fc_6"": 0, ""new_fc_7"": 0, ""new_fc_8"": 22, ""new_fc_9"": 11, ""num_neurons"": 4, ""optimizer"": ""Adagrad"", ""reg_l2"": true, ""skip_connection"": true, ""unit_c1"": 2, ""unit_c2"": 3}"
298,98,accuracy,0.8999999985098839,0.10000000149011612,0.3885243466666667,58278652.0,4552490.0,-0.25344269704308126,12459.5383,"{""activation"": ""swish"", ""batch_size"": 16, ""data_augmentation"": false, ""dr_f"": 0.403677837571, ""learning_rate"": 0.000336611513, ""new_fc_1"": 16, ""new_fc_10"": 21, ""new_fc_2"": 22, ""new_fc_3"": 5, ""new_fc_4"": 4, ""new_fc_5"": 17, ""new_fc_6"": 12, ""new_fc_7"": 29, ""new_fc_8"": 10, ""new_fc_9"": 30, ""num_neurons"": 32, ""optimizer"": ""SGD"", ""reg_l2"": true, ""skip_connection"": false, ""unit_c1"": 1, ""unit_c2"": 2}"
299,98,flops,,,0.064102,9615300.0,172254.0,,12460.7865,"{""activation"": ""selu"", ""batch_size"": 32, ""data_augmentation"": true, ""dr_f"": 0.473265373919, ""learning_rate"": 0.000794501072, ""new_fc_1"": 25, ""new_fc_10"": 16, ""new_fc_2"": 27, ""new_fc_3"": 3, ""new_fc_4"": 11, ""new_fc_5"": 27, ""new_fc_6"": 7, ""new_fc_7"": 11, ""new_fc_8"": 0, ""new_fc_9"": 27, ""num_neurons"": 4, ""optimizer"": ""Adadelta"", ""reg_l2"": true, ""skip_connection"": true, ""unit_c1"": 4, ""unit_c2"": 5}"
300,99,accuracy,0.7294999957084656,0.2705000042915344,0.09034845333333333,13552268.0,415946.0,-0.4622454670040741,13565.9426,"{""activation"": ""selu"", ""batch_size"": 16, ""data_augmentation"": false, ""dr_f"": 0.29544536561, ""learning_rate"": 0.000387922618, ""new_fc_1"": 14, ""new_fc_10"": 2, ""new_fc_2"": 21, ""new_fc_3"": 28, ""new_fc_4"": 14, ""new_fc_5"": 20, ""new_fc_6"": 8, ""new_fc_7"": 18, ""new_fc_8"": 25, ""new_fc_9"": 12, ""num_neurons"": 8, ""optimizer"": ""Adadelta"", ""reg_l2"": true, ""skip_connection"": false, ""unit_c1"": 2, ""unit_c2"": 4}"
301,99,flops,,,0.061407706666666666,9211156.0,207098.0,,13567.7165,"{""activation"": ""selu"", ""batch_size"": 32, ""data_augmentation"": false, ""dr_f"": 0.411404481543, ""learning_rate"": 0.000266418729, ""new_fc_1"": 25, ""new_fc_10"": 23, ""new_fc_2"": 8, ""new_fc_3"": 4, ""new_fc_4"": 9, ""new_fc_5"": 13, ""new_fc_6"": 14, ""new_fc_7"": 8, ""new_fc_8"": 2, ""new_fc_9"": 8, ""num_neurons"": 4, ""optimizer"": ""Adagrad"", ""reg_l2"": false, ""skip_connection"": true, ""unit_c1"": 3, ""unit_c2"": 7}"
302,99,flops,,,6.532322533333334,979848380.0,48764874.0,,13570.8986,"{""activation"": ""elu"", ""batch_size"": 32, ""data_augmentation"": true, ""dr_f"": 0.264326061074, ""learning_rate"": 0.000741955169, ""new_fc_1"": 23, ""new_fc_10"": 7, ""new_fc_2"": 17, ""new_fc_3"": 25, ""new_fc_4"": 0, ""new_fc_5"": 15, ""new_fc_6"": 19, ""new_fc_7"": 14, ""new_fc_8"": 17, ""new_fc_9"": 29, ""num_neurons"": 64, ""optimizer"": ""SGD"", ""reg_l2"": true, ""skip_connection"": true, ""unit_c1"": 1, ""unit_c2"": 6}"
303,99,flops,,,1.6832516,252487740.0,4354506.0,,13572.279,"{""activation"": ""selu"", ""batch_size"": 16, ""data_augmentation"": false, ""dr_f"": 0.035547080396, ""learning_rate"": 0.000260353936, ""new_fc_1"": 7, ""new_fc_10"": 31, ""new_fc_2"": 24, ""new_fc_3"": 17, ""new_fc_4"": 5, ""new_fc_5"": 18, ""new_fc_6"": 16, ""new_fc_7"": 27, ""new_fc_8"": 0, ""new_fc_9"": 3, ""num_neurons"": 32, ""optimizer"": ""Adamax"", ""reg_l2"": true, ""skip_connection"": false, ""unit_c1"": 2, ""unit_c2"": 5}"
304,99,flops,,,0.16377938666666667,24566908.0,185610.0,,13573.4354,"{""activation"": ""selu"", ""batch_size"": 16, ""data_augmentation"": false, ""dr_f"": 0.377727614384, ""learning_rate"": 0.00013689669, ""new_fc_1"": 2, ""new_fc_10"": 20, ""new_fc_2"": 23, ""new_fc_3"": 0, ""new_fc_4"": 6, ""new_fc_5"": 8, ""new_fc_6"": 26, ""new_fc_7"": 27, ""new_fc_8"": 5, ""new_fc_9"": 3, ""num_neurons"": 8, ""optimizer"": ""SGD"", ""reg_l2"": true, ""skip_connection"": false, ""unit_c1"": 2, ""unit_c2"": 7}"
305,100,accuracy,0.29919999837875366,0.7008000016212463,0.20619677333333333,30929516.0,391946.0,-0.7287009691348725,13778.9354,"{""activation"": ""selu"", ""batch_size"": 64, ""data_augmentation"": true, ""dr_f"": 0.094398266554, ""learning_rate"": 0.000407264174, ""new_fc_1"": 16, ""new_fc_10"": 0, ""new_fc_2"": 1, ""new_fc_3"": 25, ""new_fc_4"": 16, ""new_fc_5"": 10, ""new_fc_6"": 1, ""new_fc_7"": 29, ""new_fc_8"": 27, ""new_fc_9"": 5, ""num_neurons"": 8, ""optimizer"": ""Adam"", ""reg_l2"": false, ""skip_connection"": false, ""unit_c1"": 4, ""unit_c2"": 4}"
306,100,flops,,,0.008119493333333333,1217924.0,95414.0,,2.0307,"{""activation"": ""relu"", ""batch_size"": 8, ""data_augmentation"": true, ""dr_f"": 0.07721504835, ""learning_rate"": 0.000558242169, ""new_fc_1"": 28, ""new_fc_10"": 1, ""new_fc_2"": 14, ""new_fc_3"": 30, ""new_fc_4"": 15, ""new_fc_5"": 9, ""new_fc_6"": 31, ""new_fc_7"": 1, ""new_fc_8"": 23, ""new_fc_9"": 22, ""num_neurons"": 4, ""optimizer"": ""SGD"", ""reg_l2"": true, ""skip_connection"": true, ""unit_c1"": 1, ""unit_c2"": 2}"
307,100,flops,,,0.6197749066666667,92966236.0,1209818.0,,3.5761,"{""activation"": ""swish"", ""batch_size"": 16, ""data_augmentation"": false, ""dr_f"": 0.288069114607, ""learning_rate"": 0.000624698632, ""new_fc_1"": 4, ""new_fc_10"": 19, ""new_fc_2"": 17, ""new_fc_3"": 10, ""new_fc_4"": 16, ""new_fc_5"": 21, ""new_fc_6"": 19, ""new_fc_7"": 5, ""new_fc_8"": 13, ""new_fc_9"": 22, ""num_neurons"": 16, ""optimizer"": ""Adadelta"", ""reg_l2"": true, ""skip_connection"": false, ""unit_c1"": 1, ""unit_c2"": 8}"
308,100,flops,,,0.06043253333333334,9064880.0,134102.0,,4.8008,"{""activation"": ""relu"", ""batch_size"": 32, ""data_augmentation"": true, ""dr_f"": 0.137196469228, ""learning_rate"": 0.000241603935, ""new_fc_1"": 10, ""new_fc_10"": 19, ""new_fc_2"": 25, ""new_fc_3"": 13, ""new_fc_4"": 15, ""new_fc_5"": 9, ""new_fc_6"": 30, ""new_fc_7"": 30, ""new_fc_8"": 9, ""new_fc_9"": 25, ""num_neurons"": 4, ""optimizer"": ""Adadelta"", ""reg_l2"": false, ""skip_connection"": true, ""unit_c1"": 3, ""unit_c2"": 7}"
309,101,accuracy,0.4049999713897705,0.5950000286102295,0.032954373333333335,4943156.0,79982.0,-0.7066137080271606,390.2344,"{""activation"": ""elu"", ""batch_size"": 32, ""data_augmentation"": true, ""dr_f"": 0.285415199459, ""learning_rate"": 0.000665597757, ""new_fc_1"": 19, ""new_fc_10"": 29, ""new_fc_2"": 17, ""new_fc_3"": 5, ""new_fc_4"": 23, ""new_fc_5"": 7, ""new_fc_6"": 16, ""new_fc_7"": 4, ""new_fc_8"": 17, ""new_fc_9"": 1, ""num_neurons"": 4, ""optimizer"": ""Adam"", ""reg_l2"": false, ""skip_connection"": true, ""unit_c1"": 3, ""unit_c2"": 3}"
310,101,flops,,,0.10441976,15662964.0,153978.0,,391.4259,"{""activation"": ""elu"", ""batch_size"": 64, ""data_augmentation"": true, ""dr_f"": 0.033741466944, ""learning_rate"": 0.000301937922, ""new_fc_1"": 1, ""new_fc_10"": 29, ""new_fc_2"": 8, ""new_fc_3"": 5, ""new_fc_4"": 27, ""new_fc_5"": 28, ""new_fc_6"": 2, ""new_fc_7"": 15, ""new_fc_8"": 10, ""new_fc_9"": 22, ""num_neurons"": 8, ""optimizer"": ""Adadelta"", ""reg_l2"": true, ""skip_connection"": true, ""unit_c1"": 3, ""unit_c2"": 2}"
311,102,accuracy,10000000000.0,,5.00921128,751381692.0,53679434.0,10000000000.0,395.6689,"{""activation"": ""swish"", ""batch_size"": 8, ""data_augmentation"": false, ""dr_f"": 0.152499318238, ""learning_rate"": 0.000975815991, ""new_fc_1"": 29, ""new_fc_10"": 28, ""new_fc_2"": 23, ""new_fc_3"": 15, ""new_fc_4"": 29, ""new_fc_5"": 23, ""new_fc_6"": 2, ""new_fc_7"": 28, ""new_fc_8"": 11, ""new_fc_9"": 26, ""num_neurons"": 64, ""optimizer"": ""Adam"", ""reg_l2"": false, ""skip_connection"": false, ""unit_c1"": 1, ""unit_c2"": 5}"
312,103,accuracy,0.8999999985098839,0.10000000149011612,0.65243496,97865244.0,2143210.0,-0.17426951304308128,1202.756,"{""activation"": ""swish"", ""batch_size"": 8, ""data_augmentation"": true, ""dr_f"": 0.25199124963, ""learning_rate"": 0.000501891537, ""new_fc_1"": 30, ""new_fc_10"": 10, ""new_fc_2"": 10, ""new_fc_3"": 3, ""new_fc_4"": 17, ""new_fc_5"": 28, ""new_fc_6"": 30, ""new_fc_7"": 27, ""new_fc_8"": 26, ""new_fc_9"": 29, ""num_neurons"": 16, ""optimizer"": ""Adadelta"", ""reg_l2"": false, ""skip_connection"": false, ""unit_c1"": 4, ""unit_c2"": 2}"
313,104,accuracy,0.3176000118255615,0.6823999881744385,0.07204488,10806732.0,329334.0,-0.7560665277221069,2368.6963,"{""activation"": ""selu"", ""batch_size"": 16, ""data_augmentation"": true, ""dr_f"": 0.058123199745, ""learning_rate"": 0.000483891319, ""new_fc_1"": 31, ""new_fc_10"": 20, ""new_fc_2"": 31, ""new_fc_3"": 31, ""new_fc_4"": 9, ""new_fc_5"": 32, ""new_fc_6"": 9, ""new_fc_7"": 21, ""new_fc_8"": 22, ""new_fc_9"": 6, ""num_neurons"": 4, ""optimizer"": ""SGD"", ""reg_l2"": false, ""skip_connection"": true, ""unit_c1"": 3, ""unit_c2"": 8}"
314,105,accuracy,10000000000.0,,14.125348666666667,2118802300.0,25415242.0,10000000000.0,2371.8364,"{""activation"": ""relu"", ""batch_size"": 64, ""data_augmentation"": true, ""dr_f"": 0.165351328215, ""learning_rate"": 0.000606650948, ""new_fc_1"": 13, ""new_fc_10"": 5, ""new_fc_2"": 32, ""new_fc_3"": 6, ""new_fc_4"": 18, ""new_fc_5"": 24, ""new_fc_6"": 4, ""new_fc_7"": 9, ""new_fc_8"": 3, ""new_fc_9"": 23, ""num_neurons"": 64, ""optimizer"": ""SGD"", ""reg_l2"": true, ""skip_connection"": false, ""unit_c1"": 4, ""unit_c2"": 5}"
315,105,flops,,,0.29614322666666665,44421484.0,1319834.0,,2373.3439,"{""activation"": ""selu"", ""batch_size"": 8, ""data_augmentation"": true, ""dr_f"": 0.046667542961, ""learning_rate"": 0.000746069385, ""new_fc_1"": 11, ""new_fc_10"": 1, ""new_fc_2"": 15, ""new_fc_3"": 12, ""new_fc_4"": 12, ""new_fc_5"": 14, ""new_fc_6"": 17, ""new_fc_7"": 15, ""new_fc_8"": 4, ""new_fc_9"": 26, ""num_neurons"": 16, ""optimizer"": ""Adam"", ""reg_l2"": false, ""skip_connection"": true, ""unit_c1"": 1, ""unit_c2"": 5}"
316,105,flops,,,0.6483007733333334,97245116.0,3449946.0,,2374.9959,"{""activation"": ""elu"", ""batch_size"": 64, ""data_augmentation"": false, ""dr_f"": 0.374410359457, ""learning_rate"": 0.000971336282, ""new_fc_1"": 21, ""new_fc_10"": 16, ""new_fc_2"": 17, ""new_fc_3"": 11, ""new_fc_4"": 26, ""new_fc_5"": 19, ""new_fc_6"": 15, ""new_fc_7"": 14, ""new_fc_8"": 9, ""new_fc_9"": 4, ""num_neurons"": 16, ""optimizer"": ""Adagrad"", ""reg_l2"": true, ""skip_connection"": false, ""unit_c1"": 1, ""unit_c2"": 8}"
317,106,accuracy,0.6107000112533569,0.38929998874664307,0.06624733333333334,9937100.0,854122.0,-0.5526357921226501,4920.796,"{""activation"": ""swish"", ""batch_size"": 8, ""data_augmentation"": true, ""dr_f"": 0.209473083854, ""learning_rate"": 0.000688454551, ""new_fc_1"": 15, ""new_fc_10"": 24, ""new_fc_2"": 16, ""new_fc_3"": 3, ""new_fc_4"": 3, ""new_fc_5"": 24, ""new_fc_6"": 32, ""new_fc_7"": 13, ""new_fc_8"": 23, ""new_fc_9"": 10, ""num_neurons"": 16, ""optimizer"": ""Adagrad"", ""reg_l2"": false, ""skip_connection"": true, ""unit_c1"": 1, ""unit_c2"": 1}"
318,107,accuracy,0.6854999959468842,0.31450000405311584,0.165302,24795300.0,975882.0,-0.470559402837181,7046.6089,"{""activation"": ""selu"", ""batch_size"": 8, ""data_augmentation"": true, ""dr_f"": 0.442764678, ""learning_rate"": 0.00042925199, ""new_fc_1"": 26, ""new_fc_10"": 1, ""new_fc_2"": 9, ""new_fc_3"": 14, ""new_fc_4"": 10, ""new_fc_5"": 29, ""new_fc_6"": 8, ""new_fc_7"": 17, ""new_fc_8"": 2, ""new_fc_9"": 21, ""num_neurons"": 8, ""optimizer"": ""SGD"", ""reg_l2"": true, ""skip_connection"": false, ""unit_c1"": 1, ""unit_c2"": 8}"
319,108,accuracy,0.619700014591217,0.38029998540878296,0.01924456,2886684.0,65658.0,-0.5604366217861481,7611.1209,"{""activation"": ""selu"", ""batch_size"": 32, ""data_augmentation"": true, ""dr_f"": 0.113349885026, ""learning_rate"": 0.000106673954, ""new_fc_1"": 14, ""new_fc_10"": 2, ""new_fc_2"": 5, ""new_fc_3"": 1, ""new_fc_4"": 7, ""new_fc_5"": 19, ""new_fc_6"": 24, ""new_fc_7"": 13, ""new_fc_8"": 8, ""new_fc_9"": 11, ""num_neurons"": 4, ""optimizer"": ""SGD"", ""reg_l2"": false, ""skip_connection"": false, ""unit_c1"": 2, ""unit_c2"": 3}"
320,109,accuracy,0.8999999985098839,0.10000000149011612,0.10310861333333333,15466292.0,197418.0,-0.3390674170430813,7816.169,"{""activation"": ""swish"", ""batch_size"": 32, ""data_augmentation"": false, ""dr_f"": 0.066892789334, ""learning_rate"": 0.000458052422, ""new_fc_1"": 10, ""new_fc_10"": 6, ""new_fc_2"": 1, ""new_fc_3"": 5, ""new_fc_4"": 26, ""new_fc_5"": 7, ""new_fc_6"": 5, ""new_fc_7"": 17, ""new_fc_8"": 27, ""new_fc_9"": 21, ""num_neurons"": 8, ""optimizer"": ""Adagrad"", ""reg_l2"": false, ""skip_connection"": false, ""unit_c1"": 3, ""unit_c2"": 2}"
321,109,flops,,,0.20411629333333334,30617444.0,644210.0,,7817.6144,"{""activation"": ""swish"", ""batch_size"": 8, ""data_augmentation"": false, ""dr_f"": 0.141047449737, ""learning_rate"": 0.000629378035, ""new_fc_1"": 14, ""new_fc_10"": 14, ""new_fc_2"": 17, ""new_fc_3"": 1, ""new_fc_4"": 29, ""new_fc_5"": 8, ""new_fc_6"": 13, ""new_fc_7"": 5, ""new_fc_8"": 26, ""new_fc_9"": 32, ""num_neurons"": 8, ""optimizer"": ""Adamax"", ""reg_l2"": true, ""skip_connection"": false, ""unit_c1"": 2, ""unit_c2"": 8}"
322,109,flops,,,4.215211066666667,632281660.0,20488074.0,,7819.8362,"{""activation"": ""relu"", ""batch_size"": 32, ""data_augmentation"": true, ""dr_f"": 0.478203209833, ""learning_rate"": 0.0003676723, ""new_fc_1"": 14, ""new_fc_10"": 17, ""new_fc_2"": 11, ""new_fc_3"": 18, ""new_fc_4"": 14, ""new_fc_5"": 24, ""new_fc_6"": 26, ""new_fc_7"": 17, ""new_fc_8"": 4, ""new_fc_9"": 3, ""num_neurons"": 64, ""optimizer"": ""SGD"", ""reg_l2"": false, ""skip_connection"": false, ""unit_c1"": 2, ""unit_c2"": 3}"
323,109,flops,,,2.76908264,415362396.0,15990474.0,,7821.8519,"{""activation"": ""elu"", ""batch_size"": 8, ""data_augmentation"": false, ""dr_f"": 0.343690376982, ""learning_rate"": 0.000202835854, ""new_fc_1"": 29, ""new_fc_10"": 1, ""new_fc_2"": 18, ""new_fc_3"": 13, ""new_fc_4"": 6, ""new_fc_5"": 9, ""new_fc_6"": 31, ""new_fc_7"": 13, ""new_fc_8"": 16, ""new_fc_9"": 13, ""num_neurons"": 32, ""optimizer"": ""Adamax"", ""reg_l2"": false, ""skip_connection"": true, ""unit_c1"": 2, ""unit_c2"": 7}"
324,110,accuracy,10000000000.0,,1.8466418933333333,276996284.0,8512426.0,10000000000.0,7824.4966,"{""activation"": ""elu"", ""batch_size"": 8, ""data_augmentation"": true, ""dr_f"": 0.406688204778, ""learning_rate"": 0.000641604184, ""new_fc_1"": 26, ""new_fc_10"": 26, ""new_fc_2"": 19, ""new_fc_3"": 10, ""new_fc_4"": 11, ""new_fc_5"": 23, ""new_fc_6"": 13, ""new_fc_7"": 10, ""new_fc_8"": 19, ""new_fc_9"": 31, ""num_neurons"": 32, ""optimizer"": ""Adagrad"", ""reg_l2"": false, ""skip_connection"": false, ""unit_c1"": 3, ""unit_c2"": 3}"
325,111,accuracy,0.49390000104904175,0.5060999989509583,0.03892312,5838468.0,107342.0,-0.6425930632656708,8509.8103,"{""activation"": ""elu"", ""batch_size"": 32, ""data_augmentation"": true, ""dr_f"": 0.418391380069, ""learning_rate"": 0.000700582432, ""new_fc_1"": 21, ""new_fc_10"": 16, ""new_fc_2"": 0, ""new_fc_3"": 8, ""new_fc_4"": 20, ""new_fc_5"": 10, ""new_fc_6"": 11, ""new_fc_7"": 12, ""new_fc_8"": 5, ""new_fc_9"": 3, ""num_neurons"": 4, ""optimizer"": ""Adamax"", ""reg_l2"": false, ""skip_connection"": true, ""unit_c1"": 3, ""unit_c2"": 4}"
326,111,flops,,,14.466705893333334,2170005884.0,28299274.0,,8512.3641,"{""activation"": ""swish"", ""batch_size"": 64, ""data_augmentation"": true, ""dr_f"": 0.456028827681, ""learning_rate"": 0.000136263617, ""new_fc_1"": 8, ""new_fc_10"": 29, ""new_fc_2"": 31, ""new_fc_3"": 9, ""new_fc_4"": 1, ""new_fc_5"": 23, ""new_fc_6"": 28, ""new_fc_7"": 29, ""new_fc_8"": 30, ""new_fc_9"": 15, ""num_neurons"": 64, ""optimizer"": ""Adadelta"", ""reg_l2"": true, ""skip_connection"": true, ""unit_c1"": 4, ""unit_c2"": 5}"
327,111,flops,,,3.319935973333333,497990396.0,18629834.0,,8514.5665,"{""activation"": ""relu"", ""batch_size"": 64, ""data_augmentation"": false, ""dr_f"": 0.405783685016, ""learning_rate"": 0.000350090692, ""new_fc_1"": 8, ""new_fc_10"": 3, ""new_fc_2"": 31, ""new_fc_3"": 16, ""new_fc_4"": 2, ""new_fc_5"": 11, ""new_fc_6"": 32, ""new_fc_7"": 32, ""new_fc_8"": 26, ""new_fc_9"": 14, ""num_neurons"": 64, ""optimizer"": ""Adamax"", ""reg_l2"": false, ""skip_connection"": true, ""unit_c1"": 2, ""unit_c2"": 2}"
328,111,flops,,,20.851094586666665,3127664188.0,15755146.0,,8516.544,"{""activation"": ""selu"", ""batch_size"": 64, ""data_augmentation"": true, ""dr_f"": 0.355410143376, ""learning_rate"": 0.000425013257, ""new_fc_1"": 2, ""new_fc_10"": 31, ""new_fc_2"": 6, ""new_fc_3"": 25, ""new_fc_4"": 25, ""new_fc_5"": 13, ""new_fc_6"": 5, ""new_fc_7"": 14, ""new_fc_8"": 9, ""new_fc_9"": 10, ""num_neurons"": 64, ""optimizer"": ""Adamax"", ""reg_l2"": true, ""skip_connection"": true, ""unit_c1"": 4, ""unit_c2"": 8}"
329,111,flops,,,10.22883368,1534325052.0,20197514.0,,8518.6783,"{""activation"": ""elu"", ""batch_size"": 16, ""data_augmentation"": true, ""dr_f"": 0.284048994342, ""learning_rate"": 0.000503183493, ""new_fc_1"": 2, ""new_fc_10"": 1, ""new_fc_2"": 16, ""new_fc_3"": 28, ""new_fc_4"": 30, ""new_fc_5"": 7, ""new_fc_6"": 1, ""new_fc_7"": 29, ""new_fc_8"": 30, ""new_fc_9"": 32, ""num_neurons"": 64, ""optimizer"": ""Adadelta"", ""reg_l2"": false, ""skip_connection"": false, ""unit_c1"": 2, ""unit_c2"": 7}"
330,111,flops,,,0.05890250666666667,8835376.0,161298.0,,8520.1944,"{""activation"": ""selu"", ""batch_size"": 32, ""data_augmentation"": false, ""dr_f"": 0.076739506, ""learning_rate"": 0.000446780215, ""new_fc_1"": 12, ""new_fc_10"": 10, ""new_fc_2"": 5, ""new_fc_3"": 30, ""new_fc_4"": 11, ""new_fc_5"": 30, ""new_fc_6"": 29, ""new_fc_7"": 30, ""new_fc_8"": 26, ""new_fc_9"": 14, ""num_neurons"": 4, ""optimizer"": ""SGD"", ""reg_l2"": true, ""skip_connection"": false, ""unit_c1"": 3, ""unit_c2"": 7}"
331,112,accuracy,0.8915000036358833,0.10849999636411667,0.16178162666666668,24267244.0,1909274.0,-0.3274155094548816,9506.0097,"{""activation"": ""swish"", ""batch_size"": 8, ""data_augmentation"": false, ""dr_f"": 0.345828433881, ""learning_rate"": 0.000349032508, ""new_fc_1"": 26, ""new_fc_10"": 9, ""new_fc_2"": 20, ""new_fc_3"": 1, ""new_fc_4"": 31, ""new_fc_5"": 19, ""new_fc_6"": 15, ""new_fc_7"": 14, ""new_fc_8"": 10, ""new_fc_9"": 28, ""num_neurons"": 16, ""optimizer"": ""Adadelta"", ""reg_l2"": true, ""skip_connection"": true, ""unit_c1"": 1, ""unit_c2"": 3}"
332,113,accuracy,0.8999999985098839,0.10000000149011612,0.017209466666666666,2581420.0,138082.0,-0.3648371610430813,9711.0099,"{""activation"": ""relu"", ""batch_size"": 32, ""data_augmentation"": true, ""dr_f"": 0.298239241861, ""learning_rate"": 0.000100586408, ""new_fc_1"": 13, ""new_fc_10"": 0, ""new_fc_2"": 5, ""new_fc_3"": 22, ""new_fc_4"": 2, ""new_fc_5"": 3, ""new_fc_6"": 18, ""new_fc_7"": 19, ""new_fc_8"": 25, ""new_fc_9"": 7, ""num_neurons"": 8, ""optimizer"": ""Adam"", ""reg_l2"": true, ""skip_connection"": true, ""unit_c1"": 1, ""unit_c2"": 1}"
333,114,accuracy,0.8999999985098839,0.10000000149011612,0.20180098666666665,30270148.0,470386.0,-0.3094597050430813,10516.9565,"{""activation"": ""swish"", ""batch_size"": 8, ""data_augmentation"": true, ""dr_f"": 0.317069906027, ""learning_rate"": 0.000618847549, ""new_fc_1"": 6, ""new_fc_10"": 28, ""new_fc_2"": 32, ""new_fc_3"": 20, ""new_fc_4"": 29, ""new_fc_5"": 5, ""new_fc_6"": 25, ""new_fc_7"": 5, ""new_fc_8"": 23, ""new_fc_9"": 30, ""num_neurons"": 8, ""optimizer"": ""Adam"", ""reg_l2"": true, ""skip_connection"": false, ""unit_c1"": 2, ""unit_c2"": 8}"
334,115,accuracy,10000000000.0,,12.656810213333333,1898521532.0,36426250.0,10000000000.0,10520.8719,"{""activation"": ""selu"", ""batch_size"": 8, ""data_augmentation"": true, ""dr_f"": 0.243260824908, ""learning_rate"": 0.000775657, ""new_fc_1"": 13, ""new_fc_10"": 21, ""new_fc_2"": 28, ""new_fc_3"": 24, ""new_fc_4"": 30, ""new_fc_5"": 28, ""new_fc_6"": 24, ""new_fc_7"": 32, ""new_fc_8"": 11, ""new_fc_9"": 23, ""num_neurons"": 64, ""optimizer"": ""Adam"", ""reg_l2"": true, ""skip_connection"": true, ""unit_c1"": 4, ""unit_c2"": 4}"
335,116,accuracy,0.7769999951124191,0.22300000488758087,0.34343176,51514764.0,790186.0,-0.3530704754213066,11266.0921,"{""activation"": ""elu"", ""batch_size"": 32, ""data_augmentation"": false, ""dr_f"": 0.094628447414, ""learning_rate"": 0.000863952008, ""new_fc_1"": 1, ""new_fc_10"": 18, ""new_fc_2"": 5, ""new_fc_3"": 19, ""new_fc_4"": 23, ""new_fc_5"": 15, ""new_fc_6"": 31, ""new_fc_7"": 1, ""new_fc_8"": 28, ""new_fc_9"": 32, ""num_neurons"": 16, ""optimizer"": ""SGD"", ""reg_l2"": true, ""skip_connection"": false, ""unit_c1"": 3, ""unit_c2"": 1}"
336,116,flops,,,0.9097740533333334,136466108.0,2187498.0,,11267.6231,"{""activation"": ""selu"", ""batch_size"": 32, ""data_augmentation"": false, ""dr_f"": 0.310902877575, ""learning_rate"": 0.000745605058, ""new_fc_1"": 19, ""new_fc_10"": 4, ""new_fc_2"": 9, ""new_fc_3"": 1, ""new_fc_4"": 25, ""new_fc_5"": 13, ""new_fc_6"": 22, ""new_fc_7"": 5, ""new_fc_8"": 26, ""new_fc_9"": 28, ""num_neurons"": 16, ""optimizer"": ""Adam"", ""reg_l2"": true, ""skip_connection"": false, ""unit_c1"": 4, ""unit_c2"": 5}"
337,116,flops,,,2.78482088,417723132.0,4580426.0,,11269.2588,"{""activation"": ""swish"", ""batch_size"": 8, ""data_augmentation"": true, ""dr_f"": 0.069422842671, ""learning_rate"": 0.000272951897, ""new_fc_1"": 14, ""new_fc_10"": 13, ""new_fc_2"": 8, ""new_fc_3"": 11, ""new_fc_4"": 21, ""new_fc_5"": 4, ""new_fc_6"": 4, ""new_fc_7"": 27, ""new_fc_8"": 11, ""new_fc_9"": 21, ""num_neurons"": 32, ""optimizer"": ""Adam"", ""reg_l2"": true, ""skip_connection"": false, ""unit_c1"": 4, ""unit_c2"": 3}"
338,117,accuracy,10000000000.0,,11.96731432,1795097148.0,44785738.0,10000000000.0,11272.2261,"{""activation"": ""relu"", ""batch_size"": 64, ""data_augmentation"": false, ""dr_f"": 0.407181491143, ""learning_rate"": 0.000734428982, ""new_fc_1"": 21, ""new_fc_10"": 17, ""new_fc_2"": 13, ""new_fc_3"": 20, ""new_fc_4"": 27, ""new_fc_5"": 2, ""new_fc_6"": 28, ""new_fc_7"": 5, ""new_fc_8"": 29, ""new_fc_9"": 18, ""num_neurons"": 64, ""optimizer"": ""Adam"", ""reg_l2"": true, ""skip_connection"": false, ""unit_c1"": 3, ""unit_c2"": 6}"
339,117,flops,,,16.606607333333333,2490991100.0,44269002.0,,11275.4057,"{""activation"": ""selu"", ""batch_size"": 8, ""data_augmentation"": true, ""dr_f"": 0.464169538946, ""learning_rate"": 0.00025970163, ""new_fc_1"": 19, ""new_fc_10"": 23, ""new_fc_2"": 9, ""new_fc_3"": 11, ""new_fc_4"": 26, ""new_fc_5"": 7, ""new_fc_6"": 27, ""new_fc_7"": 8, ""new_fc_8"": 31, ""new_fc_9"": 26, ""num_neurons"": 64, ""optimizer"": ""SGD"", ""reg_l2"": false, ""skip_connection"": true, ""unit_c1"": 4, ""unit_c2"": 6}"
340,117,flops,,,0.29144978666666665,43717468.0,2133466.0,,11276.9919,"{""activation"": ""relu"", ""batch_size"": 8, ""data_augmentation"": true, ""dr_f"": 0.04820135146, ""learning_rate"": 0.000813167322, ""new_fc_1"": 25, ""new_fc_10"": 32, ""new_fc_2"": 21, ""new_fc_3"": 16, ""new_fc_4"": 25, ""new_fc_5"": 6, ""new_fc_6"": 32, ""new_fc_7"": 6, ""new_fc_8"": 20, ""new_fc_9"": 27, ""num_neurons"": 16, ""optimizer"": ""Adam"", ""reg_l2"": false, ""skip_connection"": true, ""unit_c1"": 2, ""unit_c2"": 3}"
341,118,accuracy,0.8999999985098839,0.10000000149011612,0.62410536,93615804.0,1014458.0,-0.18276839304308126,12023.0879,"{""activation"": ""relu"", ""batch_size"": 8, ""data_augmentation"": false, ""dr_f"": 0.363491592274, ""learning_rate"": 0.000612675027, ""new_fc_1"": 4, ""new_fc_10"": 7, ""new_fc_2"": 12, ""new_fc_3"": 32, ""new_fc_4"": 23, ""new_fc_5"": 1, ""new_fc_6"": 1, ""new_fc_7"": 0, ""new_fc_8"": 10, ""new_fc_9"": 2, ""num_neurons"": 16, ""optimizer"": ""Adam"", ""reg_l2"": false, ""skip_connection"": true, ""unit_c1"": 1, ""unit_c2"": 8}"
342,119,accuracy,0.8999999985098839,0.10000000149011612,0.29144978666666665,43717468.0,2133466.0,-0.28256506504308126,12828.5073,"{""activation"": ""relu"", ""batch_size"": 8, ""data_augmentation"": true, ""dr_f"": 0.04820135146, ""learning_rate"": 0.000813167322, ""new_fc_1"": 25, ""new_fc_10"": 32, ""new_fc_2"": 21, ""new_fc_3"": 16, ""new_fc_4"": 25, ""new_fc_5"": 6, ""new_fc_6"": 32, ""new_fc_7"": 6, ""new_fc_8"": 20, ""new_fc_9"": 27, ""num_neurons"": 16, ""optimizer"": ""Adam"", ""reg_l2"": false, ""skip_connection"": true, ""unit_c1"": 2, ""unit_c2"": 3}"
343,119,flops,,,0.07200349333333333,10800524.0,149490.0,,12830.1716,"{""activation"": ""swish"", ""batch_size"": 64, ""data_augmentation"": true, ""dr_f"": 0.121521715593, ""learning_rate"": 0.000172771298, ""new_fc_1"": 16, ""new_fc_10"": 28, ""new_fc_2"": 12, ""new_fc_3"": 27, ""new_fc_4"": 28, ""new_fc_5"": 3, ""new_fc_6"": 25, ""new_fc_7"": 7, ""new_fc_8"": 3, ""new_fc_9"": 23, ""num_neurons"": 4, ""optimizer"": ""Adadelta"", ""reg_l2"": true, ""skip_connection"": true, ""unit_c1"": 4, ""unit_c2"": 6}"
344,120,accuracy,0.420199990272522,0.579800009727478,0.03681101333333334,5521652.0,51094.0,-0.6948167028092346,13815.4249,"{""activation"": ""selu"", ""batch_size"": 16, ""data_augmentation"": false, ""dr_f"": 0.183103460024, ""learning_rate"": 0.000268799472, ""new_fc_1"": 5, ""new_fc_10"": 17, ""new_fc_2"": 20, ""new_fc_3"": 0, ""new_fc_4"": 3, ""new_fc_5"": 11, ""new_fc_6"": 19, ""new_fc_7"": 20, ""new_fc_8"": 19, ""new_fc_9"": 0, ""num_neurons"": 4, ""optimizer"": ""SGD"", ""reg_l2"": true, ""skip_connection"": false, ""unit_c1"": 3, ""unit_c2"": 4}"
345,121,accuracy,10000000000.0,,1.1596865866666666,173952988.0,1927274.0,10000000000.0,13817.8637,"{""activation"": ""swish"", ""batch_size"": 16, ""data_augmentation"": true, ""dr_f"": 0.119719224504, ""learning_rate"": 0.000304337303, ""new_fc_1"": 11, ""new_fc_10"": 13, ""new_fc_2"": 22, ""new_fc_3"": 6, ""new_fc_4"": 1, ""new_fc_5"": 23, ""new_fc_6"": 23, ""new_fc_7"": 5, ""new_fc_8"": 29, ""new_fc_9"": 13, ""num_neurons"": 16, ""optimizer"": ""Adagrad"", ""reg_l2"": true, ""skip_connection"": false, ""unit_c1"": 4, ""unit_c2"": 7}"
346,122,accuracy,0.8999999985098839,0.10000000149011612,0.06986514666666667,10479772.0,1236602.0,-0.3490404570430813,14023.9267,"{""activation"": ""relu"", ""batch_size"": 32, ""data_augmentation"": true, ""dr_f"": 0.139645236084, ""learning_rate"": 0.000777232658, ""new_fc_1"": 23, ""new_fc_10"": 3, ""new_fc_2"": 27, ""new_fc_3"": 22, ""new_fc_4"": 29, ""new_fc_5"": 25, ""new_fc_6"": 25, ""new_fc_7"": 2, ""new_fc_8"": 11, ""new_fc_9"": 3, ""num_neurons"": 16, ""optimizer"": ""Adam"", ""reg_l2"": true, ""skip_connection"": false, ""unit_c1"": 1, ""unit_c2"": 1}"
347,122,flops,,,0.06985325333333334,10477988.0,164806.0,,14025.4096,"{""activation"": ""relu"", ""batch_size"": 32, ""data_augmentation"": true, ""dr_f"": 0.16931885858, ""learning_rate"": 0.000150020761, ""new_fc_1"": 15, ""new_fc_10"": 0, ""new_fc_2"": 0, ""new_fc_3"": 25, ""new_fc_4"": 2, ""new_fc_5"": 26, ""new_fc_6"": 13, ""new_fc_7"": 8, ""new_fc_8"": 22, ""new_fc_9"": 23, ""num_neurons"": 4, ""optimizer"": ""SGD"", ""reg_l2"": true, ""skip_connection"": true, ""unit_c1"": 3, ""unit_c2"": 8}"
348,122,flops,,,1.5832923466666666,237493852.0,9442954.0,,14027.1288,"{""activation"": ""swish"", ""batch_size"": 8, ""data_augmentation"": false, ""dr_f"": 0.038429664902, ""learning_rate"": 0.000791868559, ""new_fc_1"": 17, ""new_fc_10"": 24, ""new_fc_2"": 17, ""new_fc_3"": 21, ""new_fc_4"": 17, ""new_fc_5"": 30, ""new_fc_6"": 13, ""new_fc_7"": 0, ""new_fc_8"": 3, ""new_fc_9"": 13, ""num_neurons"": 32, ""optimizer"": ""SGD"", ""reg_l2"": false, ""skip_connection"": false, ""unit_c1"": 1, ""unit_c2"": 6}"
349,122,flops,,,0.15607858666666666,23411788.0,233826.0,,14028.5569,"{""activation"": ""swish"", ""batch_size"": 32, ""data_augmentation"": false, ""dr_f"": 0.075401071911, ""learning_rate"": 0.000417474668, ""new_fc_1"": 3, ""new_fc_10"": 28, ""new_fc_2"": 29, ""new_fc_3"": 6, ""new_fc_4"": 14, ""new_fc_5"": 24, ""new_fc_6"": 8, ""new_fc_7"": 6, ""new_fc_8"": 26, ""new_fc_9"": 6, ""num_neurons"": 8, ""optimizer"": ""Adagrad"", ""reg_l2"": false, ""skip_connection"": false, ""unit_c1"": 1, ""unit_c2"": 8}"
350,122,flops,,,0.2847332,42709980.0,1629242.0,,14030.1321,"{""activation"": ""relu"", ""batch_size"": 32, ""data_augmentation"": true, ""dr_f"": 0.335768936175, ""learning_rate"": 0.000675476491, ""new_fc_1"": 22, ""new_fc_10"": 13, ""new_fc_2"": 15, ""new_fc_3"": 31, ""new_fc_4"": 10, ""new_fc_5"": 7, ""new_fc_6"": 23, ""new_fc_7"": 18, ""new_fc_8"": 4, ""new_fc_9"": 7, ""num_neurons"": 16, ""optimizer"": ""SGD"", ""reg_l2"": true, ""skip_connection"": true, ""unit_c1"": 2, ""unit_c2"": 3}"
351,123,accuracy,0.8999999985098839,0.10000000149011612,0.02082168,3123252.0,100590.0,-0.3637534970430813,14775.5673,"{""activation"": ""swish"", ""batch_size"": 8, ""data_augmentation"": false, ""dr_f"": 0.191803105764, ""learning_rate"": 0.000450296842, ""new_fc_1"": 16, ""new_fc_10"": 32, ""new_fc_2"": 31, ""new_fc_3"": 23, ""new_fc_4"": 17, ""new_fc_5"": 18, ""new_fc_6"": 0, ""new_fc_7"": 0, ""new_fc_8"": 22, ""new_fc_9"": 11, ""num_neurons"": 4, ""optimizer"": ""Adagrad"", ""reg_l2"": true, ""skip_connection"": true, ""unit_c1"": 2, ""unit_c2"": 3}"
352,124,accuracy,0.8664000034332275,0.13359999656677246,0.09331266666666667,13996900.0,201842.0,-0.3655261975967407,15040.7644,"{""activation"": ""swish"", ""batch_size"": 32, ""data_augmentation"": false, ""dr_f"": 0.326100484622, ""learning_rate"": 0.00028744064, ""new_fc_1"": 12, ""new_fc_10"": 28, ""new_fc_2"": 0, ""new_fc_3"": 24, ""new_fc_4"": 21, ""new_fc_5"": 25, ""new_fc_6"": 14, ""new_fc_7"": 1, ""new_fc_8"": 14, ""new_fc_9"": 12, ""num_neurons"": 8, ""optimizer"": ""Adadelta"", ""reg_l2"": false, ""skip_connection"": true, ""unit_c1"": 3, ""unit_c2"": 1}"
353,125,accuracy,0.8224000036716461,0.17759999632835388,0.007448026666666666,1117204.0,44966.0,-0.4220855894298477,15966.5056,"{""activation"": ""selu"", ""batch_size"": 16, ""data_augmentation"": true, ""dr_f"": 0.263243658267, ""learning_rate"": 0.00076290788, ""new_fc_1"": 10, ""new_fc_10"": 15, ""new_fc_2"": 1, ""new_fc_3"": 18, ""new_fc_4"": 20, ""new_fc_5"": 2, ""new_fc_6"": 13, ""new_fc_7"": 29, ""new_fc_8"": 8, ""new_fc_9"": 14, ""num_neurons"": 4, ""optimizer"": ""Adadelta"", ""reg_l2"": false, ""skip_connection"": true, ""unit_c1"": 1, ""unit_c2"": 2}"
354,126,accuracy,0.8826000019907951,0.11739999800920486,0.01118024,1677036.0,82986.0,-0.37882592660644343,749.1479,"{""activation"": ""swish"", ""batch_size"": 16, ""data_augmentation"": false, ""dr_f"": 0.044771717273, ""learning_rate"": 0.00067276937, ""new_fc_1"": 12, ""new_fc_10"": 19, ""new_fc_2"": 31, ""new_fc_3"": 6, ""new_fc_4"": 21, ""new_fc_5"": 27, ""new_fc_6"": 1, ""new_fc_7"": 5, ""new_fc_8"": 27, ""new_fc_9"": 27, ""num_neurons"": 4, ""optimizer"": ""SGD"", ""reg_l2"": false, ""skip_connection"": true, ""unit_c1"": 1, ""unit_c2"": 3}"
355,127,accuracy,0.4196000099182129,0.5803999900817871,0.04584336,6876504.0,195042.0,-0.6925269850572509,2815.3713,"{""activation"": ""selu"", ""batch_size"": 8, ""data_augmentation"": true, ""dr_f"": 0.113912026306, ""learning_rate"": 0.000343589878, ""new_fc_1"": 20, ""new_fc_10"": 24, ""new_fc_2"": 27, ""new_fc_3"": 23, ""new_fc_4"": 1, ""new_fc_5"": 27, ""new_fc_6"": 12, ""new_fc_7"": 7, ""new_fc_8"": 4, ""new_fc_9"": 30, ""num_neurons"": 4, ""optimizer"": ""SGD"", ""reg_l2"": true, ""skip_connection"": true, ""unit_c1"": 2, ""unit_c2"": 7}"
356,127,flops,,,7.829353786666666,1174403068.0,13351370.0,,2817.316,"{""activation"": ""relu"", ""batch_size"": 32, ""data_augmentation"": true, ""dr_f"": 0.297726149007, ""learning_rate"": 0.000551234741, ""new_fc_1"": 2, ""new_fc_10"": 11, ""new_fc_2"": 17, ""new_fc_3"": 23, ""new_fc_4"": 31, ""new_fc_5"": 1, ""new_fc_6"": 1, ""new_fc_7"": 9, ""new_fc_8"": 22, ""new_fc_9"": 14, ""num_neurons"": 64, ""optimizer"": ""Adagrad"", ""reg_l2"": false, ""skip_connection"": true, ""unit_c1"": 1, ""unit_c2"": 7}"
357,127,flops,,,10.8026372,1620395580.0,63232522.0,,2821.2582,"{""activation"": ""elu"", ""batch_size"": 8, ""data_augmentation"": true, ""dr_f"": 0.212060414396, ""learning_rate"": 0.000952407269, ""new_fc_1"": 28, ""new_fc_10"": 12, ""new_fc_2"": 22, ""new_fc_3"": 2, ""new_fc_4"": 25, ""new_fc_5"": 13, ""new_fc_6"": 18, ""new_fc_7"": 20, ""new_fc_8"": 20, ""new_fc_9"": 8, ""num_neurons"": 64, ""optimizer"": ""SGD"", ""reg_l2"": false, ""skip_connection"": false, ""unit_c1"": 2, ""unit_c2"": 7}"
358,128,accuracy,0.8258000016212463,0.17419999837875366,0.05906029333333333,8859044.0,657818.0,-0.4042219108651276,3146.2871,"{""activation"": ""relu"", ""batch_size"": 64, ""data_augmentation"": true, ""dr_f"": 0.203691204399, ""learning_rate"": 0.000922570741, ""new_fc_1"": 30, ""new_fc_10"": 8, ""new_fc_2"": 17, ""new_fc_3"": 17, ""new_fc_4"": 14, ""new_fc_5"": 10, ""new_fc_6"": 25, ""new_fc_7"": 20, ""new_fc_8"": 0, ""new_fc_9"": 16, ""num_neurons"": 8, ""optimizer"": ""Adadelta"", ""reg_l2"": false, ""skip_connection"": false, ""unit_c1"": 1, ""unit_c2"": 4}"
359,129,accuracy,0.8999999985098839,0.10000000149011612,0.15607858666666666,23411788.0,233826.0,-0.3231764250430813,3351.3503,"{""activation"": ""swish"", ""batch_size"": 32, ""data_augmentation"": false, ""dr_f"": 0.075401071911, ""learning_rate"": 0.000417474668, ""new_fc_1"": 3, ""new_fc_10"": 28, ""new_fc_2"": 29, ""new_fc_3"": 6, ""new_fc_4"": 14, ""new_fc_5"": 24, ""new_fc_6"": 8, ""new_fc_7"": 6, ""new_fc_8"": 26, ""new_fc_9"": 6, ""num_neurons"": 8, ""optimizer"": ""Adagrad"", ""reg_l2"": false, ""skip_connection"": false, ""unit_c1"": 1, ""unit_c2"": 8}"
360,130,accuracy,10000000000.0,,9.078949946666667,1361842492.0,22478730.0,10000000000.0,3354.3672,"{""activation"": ""swish"", ""batch_size"": 32, ""data_augmentation"": false, ""dr_f"": 0.17951942316, ""learning_rate"": 0.000386840749, ""new_fc_1"": 28, ""new_fc_10"": 2, ""new_fc_2"": 32, ""new_fc_3"": 16, ""new_fc_4"": 9, ""new_fc_5"": 0, ""new_fc_6"": 16, ""new_fc_7"": 27, ""new_fc_8"": 26, ""new_fc_9"": 24, ""num_neurons"": 64, ""optimizer"": ""SGD"", ""reg_l2"": false, ""skip_connection"": false, ""unit_c1"": 4, ""unit_c2"": 1}"
361,131,accuracy,10000000000.0,,4.131873466666667,619781020.0,14235498.0,10000000000.0,3357.1702,"{""activation"": ""relu"", ""batch_size"": 64, ""data_augmentation"": true, ""dr_f"": 0.176427856928, ""learning_rate"": 0.000170267401, ""new_fc_1"": 30, ""new_fc_10"": 16, ""new_fc_2"": 4, ""new_fc_3"": 27, ""new_fc_4"": 27, ""new_fc_5"": 7, ""new_fc_6"": 13, ""new_fc_7"": 5, ""new_fc_8"": 17, ""new_fc_9"": 9, ""num_neurons"": 32, ""optimizer"": ""Adamax"", ""reg_l2"": false, ""skip_connection"": false, ""unit_c1"": 4, ""unit_c2"": 6}"
362,131,flops,,,13.752453946666666,2062868092.0,28240010.0,,3359.7614,"{""activation"": ""selu"", ""batch_size"": 8, ""data_augmentation"": true, ""dr_f"": 0.496324095082, ""learning_rate"": 0.00053751106, ""new_fc_1"": 12, ""new_fc_10"": 6, ""new_fc_2"": 30, ""new_fc_3"": 2, ""new_fc_4"": 29, ""new_fc_5"": 2, ""new_fc_6"": 25, ""new_fc_7"": 1, ""new_fc_8"": 12, ""new_fc_9"": 10, ""num_neurons"": 64, ""optimizer"": ""Adadelta"", ""reg_l2"": false, ""skip_connection"": false, ""unit_c1"": 3, ""unit_c2"": 7}"
363,132,accuracy,0.6547999978065491,0.3452000021934509,0.17090402666666665,25635604.0,423298.0,-0.4903687935354156,3685.2218,"{""activation"": ""selu"", ""batch_size"": 64, ""data_augmentation"": true, ""dr_f"": 0.442859414962, ""learning_rate"": 0.000592338241, ""new_fc_1"": 29, ""new_fc_10"": 11, ""new_fc_2"": 26, ""new_fc_3"": 1, ""new_fc_4"": 20, ""new_fc_5"": 13, ""new_fc_6"": 26, ""new_fc_7"": 20, ""new_fc_8"": 22, ""new_fc_9"": 7, ""num_neurons"": 8, ""optimizer"": ""Adamax"", ""reg_l2"": false, ""skip_connection"": true, ""unit_c1"": 4, ""unit_c2"": 2}"
364,133,accuracy,0.8844000026583672,0.11559999734163284,0.04352669333333333,6529004.0,640770.0,-0.36786199013914295,3891.0825,"{""activation"": ""swish"", ""batch_size"": 32, ""data_augmentation"": true, ""dr_f"": 0.46983941785, ""learning_rate"": 0.000754401142, ""new_fc_1"": 31, ""new_fc_10"": 15, ""new_fc_2"": 27, ""new_fc_3"": 20, ""new_fc_4"": 6, ""new_fc_5"": 9, ""new_fc_6"": 23, ""new_fc_7"": 29, ""new_fc_8"": 19, ""new_fc_9"": 27, ""num_neurons"": 8, ""optimizer"": ""Adadelta"", ""reg_l2"": false, ""skip_connection"": false, ""unit_c1"": 1, ""unit_c2"": 3}"
365,134,accuracy,0.6751999855041504,0.3248000144958496,0.58456392,87684588.0,1322106.0,-0.3519908341470947,5116.5384,"{""activation"": ""elu"", ""batch_size"": 16, ""data_augmentation"": false, ""dr_f"": 0.19071202373, ""learning_rate"": 0.000916745459, ""new_fc_1"": 31, ""new_fc_10"": 17, ""new_fc_2"": 29, ""new_fc_3"": 31, ""new_fc_4"": 21, ""new_fc_5"": 4, ""new_fc_6"": 6, ""new_fc_7"": 8, ""new_fc_8"": 2, ""new_fc_9"": 18, ""num_neurons"": 16, ""optimizer"": ""Adadelta"", ""reg_l2"": true, ""skip_connection"": false, ""unit_c1"": 4, ""unit_c2"": 1}"
366,135,accuracy,0.7838000059127808,0.21619999408721924,0.18399597333333334,27599396.0,345698.0,-0.39614120386105345,6101.8744,"{""activation"": ""elu"", ""batch_size"": 8, ""data_augmentation"": true, ""dr_f"": 0.377297655299, ""learning_rate"": 0.000618924133, ""new_fc_1"": 16, ""new_fc_10"": 18, ""new_fc_2"": 6, ""new_fc_3"": 9, ""new_fc_4"": 18, ""new_fc_5"": 23, ""new_fc_6"": 8, ""new_fc_7"": 14, ""new_fc_8"": 21, ""new_fc_9"": 16, ""num_neurons"": 8, ""optimizer"": ""Adadelta"", ""reg_l2"": true, ""skip_connection"": false, ""unit_c1"": 4, ""unit_c2"": 3}"
367,136,accuracy,10000000000.0,,8.41242408,1261863612.0,64398538.0,10000000000.0,6105.5713,"{""activation"": ""swish"", ""batch_size"": 16, ""data_augmentation"": false, ""dr_f"": 0.14280717719, ""learning_rate"": 0.000149019561, ""new_fc_1"": 27, ""new_fc_10"": 11, ""new_fc_2"": 17, ""new_fc_3"": 19, ""new_fc_4"": 26, ""new_fc_5"": 11, ""new_fc_6"": 32, ""new_fc_7"": 26, ""new_fc_8"": 7, ""new_fc_9"": 10, ""num_neurons"": 64, ""optimizer"": ""Adam"", ""reg_l2"": false, ""skip_connection"": false, ""unit_c1"": 1, ""unit_c2"": 7}"
368,136,flops,,,0.10137010666666667,15205516.0,1038474.0,,6107.1569,"{""activation"": ""selu"", ""batch_size"": 32, ""data_augmentation"": true, ""dr_f"": 0.149526323006, ""learning_rate"": 0.00044718017, ""new_fc_1"": 25, ""new_fc_10"": 2, ""new_fc_2"": 3, ""new_fc_3"": 7, ""new_fc_4"": 24, ""new_fc_5"": 17, ""new_fc_6"": 4, ""new_fc_7"": 3, ""new_fc_8"": 7, ""new_fc_9"": 1, ""num_neurons"": 16, ""optimizer"": ""Adamax"", ""reg_l2"": false, ""skip_connection"": true, ""unit_c1"": 1, ""unit_c2"": 2}"
369,136,flops,,,2.14104296,321156444.0,7079434.0,,6108.9208,"{""activation"": ""relu"", ""batch_size"": 16, ""data_augmentation"": false, ""dr_f"": 0.496518467866, ""learning_rate"": 0.000314554173, ""new_fc_1"": 13, ""new_fc_10"": 12, ""new_fc_2"": 30, ""new_fc_3"": 13, ""new_fc_4"": 15, ""new_fc_5"": 19, ""new_fc_6"": 21, ""new_fc_7"": 29, ""new_fc_8"": 18, ""new_fc_9"": 15, ""num_neurons"": 32, ""optimizer"": ""Adagrad"", ""reg_l2"": true, ""skip_connection"": false, ""unit_c1"": 3, ""unit_c2"": 4}"
370,136,flops,,,3.1579076,473686140.0,6141898.0,,6110.7184,"{""activation"": ""swish"", ""batch_size"": 16, ""data_augmentation"": true, ""dr_f"": 0.143279470478, ""learning_rate"": 0.000626799692, ""new_fc_1"": 13, ""new_fc_10"": 2, ""new_fc_2"": 1, ""new_fc_3"": 32, ""new_fc_4"": 15, ""new_fc_5"": 19, ""new_fc_6"": 2, ""new_fc_7"": 32, ""new_fc_8"": 28, ""new_fc_9"": 14, ""num_neurons"": 32, ""optimizer"": ""Adamax"", ""reg_l2"": true, ""skip_connection"": true, ""unit_c1"": 4, ""unit_c2"": 4}"
371,137,accuracy,0.8967000022530556,0.10329999774694443,0.8191118666666667,122866780.0,3032202.0,-0.1265764384228611,6496.5936,"{""activation"": ""relu"", ""batch_size"": 32, ""data_augmentation"": false, ""dr_f"": 0.37363088353, ""learning_rate"": 0.000715450744, ""new_fc_1"": 31, ""new_fc_10"": 23, ""new_fc_2"": 12, ""new_fc_3"": 23, ""new_fc_4"": 29, ""new_fc_5"": 5, ""new_fc_6"": 29, ""new_fc_7"": 27, ""new_fc_8"": 31, ""new_fc_9"": 4, ""num_neurons"": 16, ""optimizer"": ""Adadelta"", ""reg_l2"": false, ""skip_connection"": false, ""unit_c1"": 4, ""unit_c2"": 4}"
372,138,accuracy,0.8560000061988831,0.14399999380111694,0.20419373333333332,30629060.0,883082.0,-0.33954187566078187,7003.4902,"{""activation"": ""swish"", ""batch_size"": 64, ""data_augmentation"": true, ""dr_f"": 0.100776480814, ""learning_rate"": 0.000175442059, ""new_fc_1"": 28, ""new_fc_10"": 28, ""new_fc_2"": 31, ""new_fc_3"": 4, ""new_fc_4"": 4, ""new_fc_5"": 4, ""new_fc_6"": 15, ""new_fc_7"": 30, ""new_fc_8"": 4, ""new_fc_9"": 23, ""num_neurons"": 8, ""optimizer"": ""Adadelta"", ""reg_l2"": false, ""skip_connection"": true, ""unit_c1"": 3, ""unit_c2"": 6}"
373,139,accuracy,10000000000.0,,10.8026372,1620395580.0,63232522.0,10000000000.0,7007.5439,"{""activation"": ""elu"", ""batch_size"": 8, ""data_augmentation"": true, ""dr_f"": 0.212060414396, ""learning_rate"": 0.000952407269, ""new_fc_1"": 28, ""new_fc_10"": 12, ""new_fc_2"": 22, ""new_fc_3"": 2, ""new_fc_4"": 25, ""new_fc_5"": 13, ""new_fc_6"": 18, ""new_fc_7"": 20, ""new_fc_8"": 20, ""new_fc_9"": 8, ""num_neurons"": 64, ""optimizer"": ""SGD"", ""reg_l2"": false, ""skip_connection"": false, ""unit_c1"": 2, ""unit_c2"": 7}"
374,140,accuracy,0.49720001220703125,0.5027999877929688,0.04192221333333333,6288332.0,462778.0,-0.6393833274550781,7392.6149,"{""activation"": ""selu"", ""batch_size"": 64, ""data_augmentation"": false, ""dr_f"": 0.450196114965, ""learning_rate"": 0.000866805402, ""new_fc_1"": 26, ""new_fc_10"": 3, ""new_fc_2"": 11, ""new_fc_3"": 20, ""new_fc_4"": 2, ""new_fc_5"": 30, ""new_fc_6"": 18, ""new_fc_7"": 17, ""new_fc_8"": 13, ""new_fc_9"": 26, ""num_neurons"": 8, ""optimizer"": ""Adamax"", ""reg_l2"": false, ""skip_connection"": true, ""unit_c1"": 1, ""unit_c2"": 3}"
375,140,flops,,,0.09188378666666666,13782568.0,326638.0,,7394.3046,"{""activation"": ""relu"", ""batch_size"": 32, ""data_augmentation"": true, ""dr_f"": 0.263924017568, ""learning_rate"": 0.00062466921, ""new_fc_1"": 31, ""new_fc_10"": 7, ""new_fc_2"": 28, ""new_fc_3"": 24, ""new_fc_4"": 21, ""new_fc_5"": 15, ""new_fc_6"": 3, ""new_fc_7"": 16, ""new_fc_8"": 16, ""new_fc_9"": 30, ""num_neurons"": 4, ""optimizer"": ""Adadelta"", ""reg_l2"": true, ""skip_connection"": true, ""unit_c1"": 4, ""unit_c2"": 8}"
376,141,accuracy,0.8185999989509583,0.18140000104904175,0.10205181333333334,15307772.0,644690.0,-0.3963644567343292,7659.2088,"{""activation"": ""relu"", ""batch_size"": 64, ""data_augmentation"": false, ""dr_f"": 0.092724979109, ""learning_rate"": 0.000233508116, ""new_fc_1"": 19, ""new_fc_10"": 4, ""new_fc_2"": 23, ""new_fc_3"": 18, ""new_fc_4"": 23, ""new_fc_5"": 30, ""new_fc_6"": 1, ""new_fc_7"": 0, ""new_fc_8"": 16, ""new_fc_9"": 18, ""num_neurons"": 8, ""optimizer"": ""Adagrad"", ""reg_l2"": false, ""skip_connection"": false, ""unit_c1"": 1, ""unit_c2"": 6}"
377,141,flops,,,0.41118056,61677084.0,6354826.0,,7660.7668,"{""activation"": ""elu"", ""batch_size"": 64, ""data_augmentation"": false, ""dr_f"": 0.287880886894, ""learning_rate"": 0.00035123269, ""new_fc_1"": 28, ""new_fc_10"": 2, ""new_fc_2"": 26, ""new_fc_3"": 0, ""new_fc_4"": 29, ""new_fc_5"": 25, ""new_fc_6"": 8, ""new_fc_7"": 16, ""new_fc_8"": 1, ""new_fc_9"": 0, ""num_neurons"": 32, ""optimizer"": ""Adadelta"", ""reg_l2"": false, ""skip_connection"": false, ""unit_c1"": 1, ""unit_c2"": 2}"
378,141,flops,,,0.6592968266666667,98894524.0,2657802.0,,7662.4395,"{""activation"": ""swish"", ""batch_size"": 64, ""data_augmentation"": false, ""dr_f"": 0.332866645181, ""learning_rate"": 0.000492479784, ""new_fc_1"": 16, ""new_fc_10"": 4, ""new_fc_2"": 11, ""new_fc_3"": 4, ""new_fc_4"": 0, ""new_fc_5"": 1, ""new_fc_6"": 6, ""new_fc_7"": 24, ""new_fc_8"": 32, ""new_fc_9"": 10, ""num_neurons"": 32, ""optimizer"": ""Adam"", ""reg_l2"": true, ""skip_connection"": false, ""unit_c1"": 2, ""unit_c2"": 1}"
379,141,flops,,,18.87403432,2831105148.0,49536394.0,,7665.8377,"{""activation"": ""swish"", ""batch_size"": 16, ""data_augmentation"": false, ""dr_f"": 0.17487139453, ""learning_rate"": 0.000810813658, ""new_fc_1"": 19, ""new_fc_10"": 23, ""new_fc_2"": 12, ""new_fc_3"": 28, ""new_fc_4"": 2, ""new_fc_5"": 26, ""new_fc_6"": 32, ""new_fc_7"": 21, ""new_fc_8"": 6, ""new_fc_9"": 14, ""num_neurons"": 64, ""optimizer"": ""Adadelta"", ""reg_l2"": false, ""skip_connection"": true, ""unit_c1"": 4, ""unit_c2"": 7}"
380,142,accuracy,10000000000.0,,11.45701032,1718551548.0,6510090.0,10000000000.0,7668.1961,"{""activation"": ""relu"", ""batch_size"": 64, ""data_augmentation"": false, ""dr_f"": 0.305994589335, ""learning_rate"": 0.000452887389, ""new_fc_1"": 1, ""new_fc_10"": 9, ""new_fc_2"": 20, ""new_fc_3"": 4, ""new_fc_4"": 12, ""new_fc_5"": 28, ""new_fc_6"": 2, ""new_fc_7"": 2, ""new_fc_8"": 9, ""new_fc_9"": 4, ""num_neurons"": 64, ""optimizer"": ""Adadelta"", ""reg_l2"": false, ""skip_connection"": false, ""unit_c1"": 3, ""unit_c2"": 6}"
381,142,flops,,,0.5267205066666667,79008076.0,417386.0,,7669.6459,"{""activation"": ""elu"", ""batch_size"": 32, ""data_augmentation"": true, ""dr_f"": 0.092610329006, ""learning_rate"": 0.000919986877, ""new_fc_1"": 2, ""new_fc_10"": 17, ""new_fc_2"": 3, ""new_fc_3"": 19, ""new_fc_4"": 9, ""new_fc_5"": 11, ""new_fc_6"": 25, ""new_fc_7"": 0, ""new_fc_8"": 3, ""new_fc_9"": 4, ""num_neurons"": 16, ""optimizer"": ""Adadelta"", ""reg_l2"": false, ""skip_connection"": false, ""unit_c1"": 3, ""unit_c2"": 4}"
382,142,flops,,,0.69532264,104298396.0,4565962.0,,7671.6835,"{""activation"": ""swish"", ""batch_size"": 64, ""data_augmentation"": false, ""dr_f"": 0.483486056936, ""learning_rate"": 0.000286495508, ""new_fc_1"": 17, ""new_fc_10"": 24, ""new_fc_2"": 16, ""new_fc_3"": 17, ""new_fc_4"": 32, ""new_fc_5"": 12, ""new_fc_6"": 30, ""new_fc_7"": 11, ""new_fc_8"": 24, ""new_fc_9"": 18, ""num_neurons"": 32, ""optimizer"": ""Adam"", ""reg_l2"": false, ""skip_connection"": true, ""unit_c1"": 2, ""unit_c2"": 1}"
383,142,flops,,,11.022702053333333,1653405308.0,64478474.0,,7676.1954,"{""activation"": ""relu"", ""batch_size"": 8, ""data_augmentation"": false, ""dr_f"": 0.303171845449, ""learning_rate"": 0.000527015544, ""new_fc_1"": 23, ""new_fc_10"": 6, ""new_fc_2"": 11, ""new_fc_3"": 31, ""new_fc_4"": 20, ""new_fc_5"": 32, ""new_fc_6"": 29, ""new_fc_7"": 31, ""new_fc_8"": 18, ""new_fc_9"": 24, ""num_neurons"": 64, ""optimizer"": ""Adadelta"", ""reg_l2"": true, ""skip_connection"": true, ""unit_c1"": 2, ""unit_c2"": 7}"
384,142,flops,,,0.0397048,5955720.0,58090.0,,7677.7893,"{""activation"": ""selu"", ""batch_size"": 8, ""data_augmentation"": false, ""dr_f"": 0.123667582491, ""learning_rate"": 0.000785661594, ""new_fc_1"": 3, ""new_fc_10"": 2, ""new_fc_2"": 3, ""new_fc_3"": 14, ""new_fc_4"": 7, ""new_fc_5"": 28, ""new_fc_6"": 2, ""new_fc_7"": 28, ""new_fc_8"": 21, ""new_fc_9"": 15, ""num_neurons"": 4, ""optimizer"": ""SGD"", ""reg_l2"": false, ""skip_connection"": false, ""unit_c1"": 1, ""unit_c2"": 8}"
385,142,flops,,,0.011295146666666667,1694272.0,91630.0,,7679.5407,"{""activation"": ""swish"", ""batch_size"": 8, ""data_augmentation"": false, ""dr_f"": 0.055121551849, ""learning_rate"": 0.00056815055, ""new_fc_1"": 14, ""new_fc_10"": 12, ""new_fc_2"": 9, ""new_fc_3"": 1, ""new_fc_4"": 25, ""new_fc_5"": 28, ""new_fc_6"": 29, ""new_fc_7"": 25, ""new_fc_8"": 8, ""new_fc_9"": 12, ""num_neurons"": 4, ""optimizer"": ""Adam"", ""reg_l2"": true, ""skip_connection"": true, ""unit_c1"": 1, ""unit_c2"": 3}"
386,143,accuracy,0.8999999985098839,0.10000000149011612,0.005188453333333333,778268.0,33518.0,-0.3684434650430813,8004.733,"{""activation"": ""relu"", ""batch_size"": 16, ""data_augmentation"": true, ""dr_f"": 0.307545997031, ""learning_rate"": 0.000227018461, ""new_fc_1"": 0, ""new_fc_10"": 5, ""new_fc_2"": 15, ""new_fc_3"": 10, ""new_fc_4"": 0, ""new_fc_5"": 12, ""new_fc_6"": 21, ""new_fc_7"": 22, ""new_fc_8"": 2, ""new_fc_9"": 5, ""num_neurons"": 4, ""optimizer"": ""Adam"", ""reg_l2"": true, ""skip_connection"": true, ""unit_c1"": 1, ""unit_c2"": 1}"
387,143,flops,,,2.5599464266666665,383991964.0,6565034.0,,8006.6198,"{""activation"": ""relu"", ""batch_size"": 16, ""data_augmentation"": true, ""dr_f"": 0.377203068075, ""learning_rate"": 0.000422338912, ""new_fc_1"": 24, ""new_fc_10"": 20, ""new_fc_2"": 25, ""new_fc_3"": 5, ""new_fc_4"": 9, ""new_fc_5"": 11, ""new_fc_6"": 6, ""new_fc_7"": 23, ""new_fc_8"": 30, ""new_fc_9"": 26, ""num_neurons"": 32, ""optimizer"": ""SGD"", ""reg_l2"": false, ""skip_connection"": true, ""unit_c1"": 4, ""unit_c2"": 2}"
388,143,flops,,,1.6091410933333334,241371164.0,11381450.0,,8008.716,"{""activation"": ""swish"", ""batch_size"": 32, ""data_augmentation"": true, ""dr_f"": 0.259147385126, ""learning_rate"": 0.000873366589, ""new_fc_1"": 22, ""new_fc_10"": 4, ""new_fc_2"": 19, ""new_fc_3"": 24, ""new_fc_4"": 13, ""new_fc_5"": 23, ""new_fc_6"": 6, ""new_fc_7"": 32, ""new_fc_8"": 9, ""new_fc_9"": 13, ""num_neurons"": 32, ""optimizer"": ""Adamax"", ""reg_l2"": false, ""skip_connection"": false, ""unit_c1"": 1, ""unit_c2"": 6}"
389,143,flops,,,2.2417599733333335,336263996.0,15442506.0,,8010.8555,"{""activation"": ""swish"", ""batch_size"": 64, ""data_augmentation"": false, ""dr_f"": 0.43959802222, ""learning_rate"": 0.000660420274, ""new_fc_1"": 4, ""new_fc_10"": 7, ""new_fc_2"": 28, ""new_fc_3"": 30, ""new_fc_4"": 10, ""new_fc_5"": 0, ""new_fc_6"": 30, ""new_fc_7"": 24, ""new_fc_8"": 14, ""new_fc_9"": 13, ""num_neurons"": 64, ""optimizer"": ""Adam"", ""reg_l2"": false, ""skip_connection"": false, ""unit_c1"": 1, ""unit_c2"": 3}"
390,144,accuracy,0.8627000004053116,0.13729999959468842,0.047980666666666665,7197100.0,231858.0,-0.38171579971628183,8456.4574,"{""activation"": ""relu"", ""batch_size"": 16, ""data_augmentation"": false, ""dr_f"": 0.193726590436, ""learning_rate"": 0.000903575957, ""new_fc_1"": 27, ""new_fc_10"": 31, ""new_fc_2"": 3, ""new_fc_3"": 15, ""new_fc_4"": 2, ""new_fc_5"": 18, ""new_fc_6"": 18, ""new_fc_7"": 8, ""new_fc_8"": 23, ""new_fc_9"": 17, ""num_neurons"": 8, ""optimizer"": ""Adadelta"", ""reg_l2"": true, ""skip_connection"": true, ""unit_c1"": 2, ""unit_c2"": 1}"
391,145,accuracy,10000000000.0,,12.388825146666667,1858323772.0,22365450.0,10000000000.0,8458.8634,"{""activation"": ""relu"", ""batch_size"": 8, ""data_augmentation"": true, ""dr_f"": 0.202129812858, ""learning_rate"": 0.000261762786, ""new_fc_1"": 6, ""new_fc_10"": 1, ""new_fc_2"": 0, ""new_fc_3"": 21, ""new_fc_4"": 9, ""new_fc_5"": 22, ""new_fc_6"": 16, ""new_fc_7"": 4, ""new_fc_8"": 31, ""new_fc_9"": 18, ""num_neurons"": 64, ""optimizer"": ""Adamax"", ""reg_l2"": true, ""skip_connection"": false, ""unit_c1"": 2, ""unit_c2"": 8}"
392,145,flops,,,0.04107272,6160908.0,160798.0,,8460.4229,"{""activation"": ""elu"", ""batch_size"": 32, ""data_augmentation"": false, ""dr_f"": 0.124999266406, ""learning_rate"": 0.000404477195, ""new_fc_1"": 11, ""new_fc_10"": 4, ""new_fc_2"": 29, ""new_fc_3"": 31, ""new_fc_4"": 29, ""new_fc_5"": 0, ""new_fc_6"": 22, ""new_fc_7"": 11, ""new_fc_8"": 15, ""new_fc_9"": 28, ""num_neurons"": 4, ""optimizer"": ""Adam"", ""reg_l2"": false, ""skip_connection"": false, ""unit_c1"": 1, ""unit_c2"": 8}"
393,146,accuracy,0.8999999985098839,0.10000000149011612,0.015893093333333334,2383964.0,133998.0,-0.3652320730430813,8606.5172,"{""activation"": ""swish"", ""batch_size"": 64, ""data_augmentation"": false, ""dr_f"": 0.27738219783, ""learning_rate"": 0.000469267269, ""new_fc_1"": 19, ""new_fc_10"": 4, ""new_fc_2"": 10, ""new_fc_3"": 20, ""new_fc_4"": 29, ""new_fc_5"": 12, ""new_fc_6"": 14, ""new_fc_7"": 18, ""new_fc_8"": 32, ""new_fc_9"": 26, ""num_neurons"": 4, ""optimizer"": ""Adam"", ""reg_l2"": true, ""skip_connection"": true, ""unit_c1"": 1, ""unit_c2"": 4}"
394,147,accuracy,0.8950000032782555,0.10499999672174454,0.02719304,4078956.0,203326.0,-0.3653420857052212,8993.0393,"{""activation"": ""swish"", ""batch_size"": 16, ""data_augmentation"": true, ""dr_f"": 0.226802151271, ""learning_rate"": 0.000269445383, ""new_fc_1"": 27, ""new_fc_10"": 32, ""new_fc_2"": 8, ""new_fc_3"": 13, ""new_fc_4"": 10, ""new_fc_5"": 6, ""new_fc_6"": 13, ""new_fc_7"": 17, ""new_fc_8"": 6, ""new_fc_9"": 24, ""num_neurons"": 4, ""optimizer"": ""Adadelta"", ""reg_l2"": true, ""skip_connection"": false, ""unit_c1"": 1, ""unit_c2"": 6}"
395,148,accuracy,10000000000.0,,20.851094586666665,3127664188.0,15755146.0,10000000000.0,8995.3484,"{""activation"": ""selu"", ""batch_size"": 64, ""data_augmentation"": true, ""dr_f"": 0.355410143376, ""learning_rate"": 0.000425013257, ""new_fc_1"": 2, ""new_fc_10"": 31, ""new_fc_2"": 6, ""new_fc_3"": 25, ""new_fc_4"": 25, ""new_fc_5"": 13, ""new_fc_6"": 5, ""new_fc_7"": 14, ""new_fc_8"": 9, ""new_fc_9"": 10, ""num_neurons"": 64, ""optimizer"": ""Adamax"", ""reg_l2"": true, ""skip_connection"": true, ""unit_c1"": 4, ""unit_c2"": 8}"
396,149,accuracy,0.8870000019669533,0.11299999803304672,0.06985325333333334,10477988.0,164806.0,-0.3581440226231327,9260.3825,"{""activation"": ""relu"", ""batch_size"": 32, ""data_augmentation"": true, ""dr_f"": 0.16931885858, ""learning_rate"": 0.000150020761, ""new_fc_1"": 15, ""new_fc_10"": 0, ""new_fc_2"": 0, ""new_fc_3"": 25, ""new_fc_4"": 2, ""new_fc_5"": 26, ""new_fc_6"": 13, ""new_fc_7"": 8, ""new_fc_8"": 22, ""new_fc_9"": 23, ""num_neurons"": 4, ""optimizer"": ""SGD"", ""reg_l2"": true, ""skip_connection"": true, ""unit_c1"": 3, ""unit_c2"": 8}"
397,150,accuracy,0.42330002784729004,0.57669997215271,0.35019336,52529004.0,1297450.0,-0.5986319725068969,9465.8455,"{""activation"": ""selu"", ""batch_size"": 64, ""data_augmentation"": true, ""dr_f"": 0.179028741114, ""learning_rate"": 0.000746799639, ""new_fc_1"": 27, ""new_fc_10"": 17, ""new_fc_2"": 23, ""new_fc_3"": 25, ""new_fc_4"": 17, ""new_fc_5"": 6, ""new_fc_6"": 27, ""new_fc_7"": 23, ""new_fc_8"": 13, ""new_fc_9"": 13, ""num_neurons"": 16, ""optimizer"": ""Adam"", ""reg_l2"": true, ""skip_connection"": false, ""unit_c1"": 3, ""unit_c2"": 1}"
398,151,accuracy,0.29360002279281616,0.7063999772071838,0.10137010666666667,15205516.0,1038474.0,-0.7640689520450286,626.3545,"{""activation"": ""selu"", ""batch_size"": 32, ""data_augmentation"": true, ""dr_f"": 0.149526323006, ""learning_rate"": 0.00044718017, ""new_fc_1"": 25, ""new_fc_10"": 2, ""new_fc_2"": 3, ""new_fc_3"": 7, ""new_fc_4"": 24, ""new_fc_5"": 17, ""new_fc_6"": 4, ""new_fc_7"": 3, ""new_fc_8"": 7, ""new_fc_9"": 1, ""num_neurons"": 16, ""optimizer"": ""Adamax"", ""reg_l2"": false, ""skip_connection"": true, ""unit_c1"": 1, ""unit_c2"": 2}"
399,151,flops,,,0.35364584,53046876.0,1159818.0,,628.158,"{""activation"": ""elu"", ""batch_size"": 16, ""data_augmentation"": false, ""dr_f"": 0.047039800858, ""learning_rate"": 0.000985616335, ""new_fc_1"": 32, ""new_fc_10"": 16, ""new_fc_2"": 12, ""new_fc_3"": 0, ""new_fc_4"": 12, ""new_fc_5"": 26, ""new_fc_6"": 6, ""new_fc_7"": 2, ""new_fc_8"": 24, ""new_fc_9"": 32, ""num_neurons"": 16, ""optimizer"": ""Adamax"", ""reg_l2"": true, ""skip_connection"": true, ""unit_c1"": 3, ""unit_c2"": 1}"
400,151,flops,,,0.06211426666666667,9317140.0,260202.0,,629.7633,"{""activation"": ""selu"", ""batch_size"": 32, ""data_augmentation"": false, ""dr_f"": 0.271512958856, ""learning_rate"": 0.00010951041, ""new_fc_1"": 29, ""new_fc_10"": 3, ""new_fc_2"": 10, ""new_fc_3"": 21, ""new_fc_4"": 24, ""new_fc_5"": 2, ""new_fc_6"": 29, ""new_fc_7"": 23, ""new_fc_8"": 22, ""new_fc_9"": 7, ""num_neurons"": 4, ""optimizer"": ""SGD"", ""reg_l2"": true, ""skip_connection"": true, ""unit_c1"": 3, ""unit_c2"": 7}"
401,151,flops,,,0.05978642666666667,8967964.0,606162.0,,631.3453,"{""activation"": ""elu"", ""batch_size"": 64, ""data_augmentation"": false, ""dr_f"": 0.448163828534, ""learning_rate"": 0.000278877229, ""new_fc_1"": 27, ""new_fc_10"": 12, ""new_fc_2"": 9, ""new_fc_3"": 22, ""new_fc_4"": 27, ""new_fc_5"": 4, ""new_fc_6"": 17, ""new_fc_7"": 5, ""new_fc_8"": 22, ""new_fc_9"": 27, ""num_neurons"": 8, ""optimizer"": ""Adamax"", ""reg_l2"": true, ""skip_connection"": true, ""unit_c1"": 1, ""unit_c2"": 4}"
402,152,accuracy,0.7186999917030334,0.28130000829696655,0.06211426666666667,9317140.0,260202.0,-0.4782757258078766,1016.4306,"{""activation"": ""selu"", ""batch_size"": 32, ""data_augmentation"": false, ""dr_f"": 0.271512958856, ""learning_rate"": 0.00010951041, ""new_fc_1"": 29, ""new_fc_10"": 3, ""new_fc_2"": 10, ""new_fc_3"": 21, ""new_fc_4"": 24, ""new_fc_5"": 2, ""new_fc_6"": 29, ""new_fc_7"": 23, ""new_fc_8"": 22, ""new_fc_9"": 7, ""num_neurons"": 4, ""optimizer"": ""SGD"", ""reg_l2"": true, ""skip_connection"": true, ""unit_c1"": 3, ""unit_c2"": 7}"
403,153,accuracy,0.8963000029325485,0.10369999706745148,0.06043253333333334,9064880.0,134102.0,-0.35446023794721604,1221.9398,"{""activation"": ""relu"", ""batch_size"": 32, ""data_augmentation"": true, ""dr_f"": 0.137196469228, ""learning_rate"": 0.000241603935, ""new_fc_1"": 10, ""new_fc_10"": 19, ""new_fc_2"": 25, ""new_fc_3"": 13, ""new_fc_4"": 15, ""new_fc_5"": 9, ""new_fc_6"": 30, ""new_fc_7"": 30, ""new_fc_8"": 9, ""new_fc_9"": 25, ""num_neurons"": 4, ""optimizer"": ""Adadelta"", ""reg_l2"": false, ""skip_connection"": true, ""unit_c1"": 3, ""unit_c2"": 7}"
404,154,accuracy,0.5546999871730804,0.44530001282691956,0.26888968,40333452.0,975674.0,-0.5310431049788437,2328.2503,"{""activation"": ""elu"", ""batch_size"": 16, ""data_augmentation"": true, ""dr_f"": 0.055950760903, ""learning_rate"": 0.000794203333, ""new_fc_1"": 11, ""new_fc_10"": 13, ""new_fc_2"": 29, ""new_fc_3"": 17, ""new_fc_4"": 15, ""new_fc_5"": 6, ""new_fc_6"": 0, ""new_fc_7"": 27, ""new_fc_8"": 2, ""new_fc_9"": 9, ""num_neurons"": 16, ""optimizer"": ""Adagrad"", ""reg_l2"": true, ""skip_connection"": false, ""unit_c1"": 2, ""unit_c2"": 3}"
405,155,accuracy,0.8812000006437302,0.11879999935626984,0.015319706666666667,2297956.0,144782.0,-0.37856408754938886,2653.4595,"{""activation"": ""relu"", ""batch_size"": 16, ""data_augmentation"": true, ""dr_f"": 0.373120010701, ""learning_rate"": 0.000179453429, ""new_fc_1"": 28, ""new_fc_10"": 19, ""new_fc_2"": 13, ""new_fc_3"": 1, ""new_fc_4"": 6, ""new_fc_5"": 6, ""new_fc_6"": 1, ""new_fc_7"": 14, ""new_fc_8"": 32, ""new_fc_9"": 14, ""num_neurons"": 4, ""optimizer"": ""Adagrad"", ""reg_l2"": false, ""skip_connection"": false, ""unit_c1"": 1, ""unit_c2"": 4}"
406,155,flops,,,0.14230392,21345588.0,781346.0,,2655.1449,"{""activation"": ""elu"", ""batch_size"": 8, ""data_augmentation"": true, ""dr_f"": 0.094319368387, ""learning_rate"": 0.000398719912, ""new_fc_1"": 25, ""new_fc_10"": 29, ""new_fc_2"": 23, ""new_fc_3"": 16, ""new_fc_4"": 3, ""new_fc_5"": 15, ""new_fc_6"": 4, ""new_fc_7"": 4, ""new_fc_8"": 16, ""new_fc_9"": 20, ""num_neurons"": 8, ""optimizer"": ""Adadelta"", ""reg_l2"": false, ""skip_connection"": false, ""unit_c1"": 2, ""unit_c2"": 6}"
407,155,flops,,,0.31894674666666667,47842012.0,2953930.0,,2657.0197,"{""activation"": ""swish"", ""batch_size"": 8, ""data_augmentation"": false, ""dr_f"": 0.266335601083, ""learning_rate"": 0.000192613543, ""new_fc_1"": 28, ""new_fc_10"": 25, ""new_fc_2"": 19, ""new_fc_3"": 4, ""new_fc_4"": 29, ""new_fc_5"": 19, ""new_fc_6"": 10, ""new_fc_7"": 20, ""new_fc_8"": 19, ""new_fc_9"": 5, ""num_neurons"": 16, ""optimizer"": ""Adagrad"", ""reg_l2"": false, ""skip_connection"": true, ""unit_c1"": 1, ""unit_c2"": 5}"
408,155,flops,,,2.04255208,306382812.0,11143498.0,,2659.3257,"{""activation"": ""elu"", ""batch_size"": 32, ""data_augmentation"": false, ""dr_f"": 0.417412040804, ""learning_rate"": 0.000678710311, ""new_fc_1"": 15, ""new_fc_10"": 3, ""new_fc_2"": 19, ""new_fc_3"": 19, ""new_fc_4"": 25, ""new_fc_5"": 24, ""new_fc_6"": 29, ""new_fc_7"": 24, ""new_fc_8"": 9, ""new_fc_9"": 26, ""num_neurons"": 32, ""optimizer"": ""Adagrad"", ""reg_l2"": true, ""skip_connection"": false, ""unit_c1"": 1, ""unit_c2"": 7}"
409,156,accuracy,0.8546999990940094,0.1453000009059906,0.008119493333333333,1217924.0,95414.0,-0.3992741526341934,3345.3126,"{""activation"": ""relu"", ""batch_size"": 8, ""data_augmentation"": true, ""dr_f"": 0.07721504835, ""learning_rate"": 0.000558242169, ""new_fc_1"": 28, ""new_fc_10"": 1, ""new_fc_2"": 14, ""new_fc_3"": 30, ""new_fc_4"": 15, ""new_fc_5"": 9, ""new_fc_6"": 31, ""new_fc_7"": 1, ""new_fc_8"": 23, ""new_fc_9"": 22, ""num_neurons"": 4, ""optimizer"": ""SGD"", ""reg_l2"": true, ""skip_connection"": true, ""unit_c1"": 1, ""unit_c2"": 2}"
410,157,accuracy,10000000000.0,,11.022702053333333,1653405308.0,64478474.0,10000000000.0,3349.4554,"{""activation"": ""relu"", ""batch_size"": 8, ""data_augmentation"": false, ""dr_f"": 0.303171845449, ""learning_rate"": 0.000527015544, ""new_fc_1"": 23, ""new_fc_10"": 6, ""new_fc_2"": 11, ""new_fc_3"": 31, ""new_fc_4"": 20, ""new_fc_5"": 32, ""new_fc_6"": 29, ""new_fc_7"": 31, ""new_fc_8"": 18, ""new_fc_9"": 24, ""num_neurons"": 64, ""optimizer"": ""Adadelta"", ""reg_l2"": true, ""skip_connection"": true, ""unit_c1"": 2, ""unit_c2"": 7}"
411,158,accuracy,0.28119999170303345,0.7188000082969666,0.059626693333333335,8944004.0,425618.0,-0.7852719978078766,3854.6898,"{""activation"": ""swish"", ""batch_size"": 32, ""data_augmentation"": true, ""dr_f"": 0.243392712173, ""learning_rate"": 0.000575902011, ""new_fc_1"": 30, ""new_fc_10"": 32, ""new_fc_2"": 3, ""new_fc_3"": 28, ""new_fc_4"": 29, ""new_fc_5"": 8, ""new_fc_6"": 4, ""new_fc_7"": 17, ""new_fc_8"": 32, ""new_fc_9"": 12, ""num_neurons"": 8, ""optimizer"": ""Adamax"", ""reg_l2"": false, ""skip_connection"": false, ""unit_c1"": 2, ""unit_c2"": 2}"
412,158,flops,,,0.8366817866666667,125502268.0,3998058.0,,3856.7355,"{""activation"": ""swish"", ""batch_size"": 32, ""data_augmentation"": false, ""dr_f"": 0.234011492457, ""learning_rate"": 0.000180058096, ""new_fc_1"": 7, ""new_fc_10"": 29, ""new_fc_2"": 27, ""new_fc_3"": 18, ""new_fc_4"": 7, ""new_fc_5"": 8, ""new_fc_6"": 17, ""new_fc_7"": 2, ""new_fc_8"": 26, ""new_fc_9"": 15, ""num_neurons"": 32, ""optimizer"": ""SGD"", ""reg_l2"": false, ""skip_connection"": true, ""unit_c1"": 1, ""unit_c2"": 4}"
413,158,flops,,,0.26446392,39669588.0,882602.0,,3858.5926,"{""activation"": ""relu"", ""batch_size"": 16, ""data_augmentation"": true, ""dr_f"": 0.05271235115, ""learning_rate"": 0.000582936425, ""new_fc_1"": 21, ""new_fc_10"": 31, ""new_fc_2"": 27, ""new_fc_3"": 3, ""new_fc_4"": 19, ""new_fc_5"": 26, ""new_fc_6"": 0, ""new_fc_7"": 12, ""new_fc_8"": 22, ""new_fc_9"": 6, ""num_neurons"": 8, ""optimizer"": ""Adam"", ""reg_l2"": true, ""skip_connection"": false, ""unit_c1"": 3, ""unit_c2"": 8}"
414,158,flops,,,4.5419502666666665,681292540.0,13374026.0,,3860.8448,"{""activation"": ""relu"", ""batch_size"": 8, ""data_augmentation"": true, ""dr_f"": 0.486954480564, ""learning_rate"": 0.000289529796, ""new_fc_1"": 7, ""new_fc_10"": 5, ""new_fc_2"": 10, ""new_fc_3"": 8, ""new_fc_4"": 5, ""new_fc_5"": 8, ""new_fc_6"": 14, ""new_fc_7"": 14, ""new_fc_8"": 1, ""new_fc_9"": 31, ""num_neurons"": 64, ""optimizer"": ""Adamax"", ""reg_l2"": true, ""skip_connection"": true, ""unit_c1"": 1, ""unit_c2"": 5}"
415,158,flops,,,0.57539176,86308764.0,633962.0,,3862.5863,"{""activation"": ""relu"", ""batch_size"": 32, ""data_augmentation"": false, ""dr_f"": 0.412723112167, ""learning_rate"": 0.000578745355, ""new_fc_1"": 5, ""new_fc_10"": 23, ""new_fc_2"": 25, ""new_fc_3"": 21, ""new_fc_4"": 14, ""new_fc_5"": 4, ""new_fc_6"": 4, ""new_fc_7"": 7, ""new_fc_8"": 8, ""new_fc_9"": 27, ""num_neurons"": 16, ""optimizer"": ""SGD"", ""reg_l2"": false, ""skip_connection"": false, ""unit_c1"": 4, ""unit_c2"": 1}"
416,159,accuracy,0.37129998207092285,0.6287000179290771,0.5492555466666666,82388332.0,1658170.0,-0.575313348550354,4668.9518,"{""activation"": ""elu"", ""batch_size"": 32, ""data_augmentation"": true, ""dr_f"": 0.201678888771, ""learning_rate"": 0.000445584898, ""new_fc_1"": 7, ""new_fc_10"": 2, ""new_fc_2"": 9, ""new_fc_3"": 6, ""new_fc_4"": 27, ""new_fc_5"": 23, ""new_fc_6"": 23, ""new_fc_7"": 23, ""new_fc_8"": 28, ""new_fc_9"": 23, ""num_neurons"": 16, ""optimizer"": ""Adam"", ""reg_l2"": true, ""skip_connection"": true, ""unit_c1"": 2, ""unit_c2"": 6}"
417,159,flops,,,0.17728136,26592204.0,1091258.0,,4671.0042,"{""activation"": ""swish"", ""batch_size"": 64, ""data_augmentation"": true, ""dr_f"": 0.257011024357, ""learning_rate"": 0.00035714993, ""new_fc_1"": 18, ""new_fc_10"": 18, ""new_fc_2"": 13, ""new_fc_3"": 17, ""new_fc_4"": 8, ""new_fc_5"": 29, ""new_fc_6"": 14, ""new_fc_7"": 20, ""new_fc_8"": 18, ""new_fc_9"": 32, ""num_neurons"": 16, ""optimizer"": ""Adagrad"", ""reg_l2"": false, ""skip_connection"": false, ""unit_c1"": 2, ""unit_c2"": 1}"
418,159,flops,,,0.8123474933333333,121852124.0,3516298.0,,4672.7658,"{""activation"": ""selu"", ""batch_size"": 16, ""data_augmentation"": false, ""dr_f"": 0.493354571526, ""learning_rate"": 0.000670263795, ""new_fc_1"": 18, ""new_fc_10"": 30, ""new_fc_2"": 18, ""new_fc_3"": 16, ""new_fc_4"": 17, ""new_fc_5"": 24, ""new_fc_6"": 23, ""new_fc_7"": 26, ""new_fc_8"": 29, ""new_fc_9"": 9, ""num_neurons"": 16, ""optimizer"": ""SGD"", ""reg_l2"": true, ""skip_connection"": false, ""unit_c1"": 2, ""unit_c2"": 8}"
419,159,flops,,,18.24045992,2736068988.0,33189834.0,,4675.809,"{""activation"": ""relu"", ""batch_size"": 32, ""data_augmentation"": false, ""dr_f"": 0.050812831237, ""learning_rate"": 0.000836703924, ""new_fc_1"": 11, ""new_fc_10"": 4, ""new_fc_2"": 25, ""new_fc_3"": 31, ""new_fc_4"": 19, ""new_fc_5"": 4, ""new_fc_6"": 3, ""new_fc_7"": 9, ""new_fc_8"": 11, ""new_fc_9"": 32, ""num_neurons"": 64, ""optimizer"": ""Adagrad"", ""reg_l2"": true, ""skip_connection"": false, ""unit_c1"": 4, ""unit_c2"": 7}"
420,159,flops,,,0.05032264,7548396.0,407762.0,,4677.9841,"{""activation"": ""selu"", ""batch_size"": 8, ""data_augmentation"": true, ""dr_f"": 0.436066983536, ""learning_rate"": 0.000784960436, ""new_fc_1"": 27, ""new_fc_10"": 21, ""new_fc_2"": 13, ""new_fc_3"": 17, ""new_fc_4"": 29, ""new_fc_5"": 24, ""new_fc_6"": 30, ""new_fc_7"": 21, ""new_fc_8"": 24, ""new_fc_9"": 20, ""num_neurons"": 8, ""optimizer"": ""SGD"", ""reg_l2"": false, ""skip_connection"": true, ""unit_c1"": 2, ""unit_c2"": 1}"
421,160,accuracy,0.8999999985098839,0.10000000149011612,0.14694338666666668,22041508.0,591418.0,-0.32591698504308125,4823.5033,"{""activation"": ""relu"", ""batch_size"": 64, ""data_augmentation"": false, ""dr_f"": 0.343815594547, ""learning_rate"": 0.00014814811, ""new_fc_1"": 23, ""new_fc_10"": 3, ""new_fc_2"": 22, ""new_fc_3"": 32, ""new_fc_4"": 11, ""new_fc_5"": 19, ""new_fc_6"": 23, ""new_fc_7"": 24, ""new_fc_8"": 4, ""new_fc_9"": 16, ""num_neurons"": 8, ""optimizer"": ""Adam"", ""reg_l2"": true, ""skip_connection"": true, ""unit_c1"": 3, ""unit_c2"": 4}"
422,160,flops,,,0.02597688,3896532.0,133158.0,,4825.3342,"{""activation"": ""selu"", ""batch_size"": 16, ""data_augmentation"": true, ""dr_f"": 0.314088876434, ""learning_rate"": 0.000736463597, ""new_fc_1"": 17, ""new_fc_10"": 30, ""new_fc_2"": 7, ""new_fc_3"": 0, ""new_fc_4"": 24, ""new_fc_5"": 32, ""new_fc_6"": 4, ""new_fc_7"": 9, ""new_fc_8"": 1, ""new_fc_9"": 2, ""num_neurons"": 4, ""optimizer"": ""Adam"", ""reg_l2"": false, ""skip_connection"": false, ""unit_c1"": 1, ""unit_c2"": 6}"
423,161,accuracy,0.8999999985098839,0.10000000149011612,0.011295146666666667,1694272.0,91630.0,-0.3666114570430813,5571.5377,"{""activation"": ""swish"", ""batch_size"": 8, ""data_augmentation"": false, ""dr_f"": 0.055121551849, ""learning_rate"": 0.00056815055, ""new_fc_1"": 14, ""new_fc_10"": 12, ""new_fc_2"": 9, ""new_fc_3"": 1, ""new_fc_4"": 25, ""new_fc_5"": 28, ""new_fc_6"": 29, ""new_fc_7"": 25, ""new_fc_8"": 8, ""new_fc_9"": 12, ""num_neurons"": 4, ""optimizer"": ""Adam"", ""reg_l2"": true, ""skip_connection"": true, ""unit_c1"": 1, ""unit_c2"": 3}"
424,162,accuracy,0.8999999985098839,0.10000000149011612,0.13807096,20710644.0,1125618.0,-0.3285787130430813,5958.0193,"{""activation"": ""relu"", ""batch_size"": 16, ""data_augmentation"": true, ""dr_f"": 0.394538200943, ""learning_rate"": 0.000906694844, ""new_fc_1"": 31, ""new_fc_10"": 8, ""new_fc_2"": 24, ""new_fc_3"": 24, ""new_fc_4"": 27, ""new_fc_5"": 16, ""new_fc_6"": 23, ""new_fc_7"": 5, ""new_fc_8"": 19, ""new_fc_9"": 6, ""num_neurons"": 8, ""optimizer"": ""Adamax"", ""reg_l2"": true, ""skip_connection"": true, ""unit_c1"": 1, ""unit_c2"": 7}"
425,162,flops,,,0.11865117333333333,17797676.0,243490.0,,5959.6731,"{""activation"": ""elu"", ""batch_size"": 8, ""data_augmentation"": false, ""dr_f"": 0.099265141245, ""learning_rate"": 0.000281270914, ""new_fc_1"": 5, ""new_fc_10"": 0, ""new_fc_2"": 27, ""new_fc_3"": 32, ""new_fc_4"": 29, ""new_fc_5"": 8, ""new_fc_6"": 14, ""new_fc_7"": 13, ""new_fc_8"": 2, ""new_fc_9"": 28, ""num_neurons"": 8, ""optimizer"": ""Adamax"", ""reg_l2"": false, ""skip_connection"": false, ""unit_c1"": 3, ""unit_c2"": 3}"
426,163,accuracy,10000000000.0,,6.1138905333333335,917083580.0,19489994.0,10000000000.0,5963.2713,"{""activation"": ""selu"", ""batch_size"": 32, ""data_augmentation"": false, ""dr_f"": 0.404535678084, ""learning_rate"": 0.000153286097, ""new_fc_1"": 14, ""new_fc_10"": 0, ""new_fc_2"": 21, ""new_fc_3"": 18, ""new_fc_4"": 24, ""new_fc_5"": 16, ""new_fc_6"": 31, ""new_fc_7"": 22, ""new_fc_8"": 5, ""new_fc_9"": 3, ""num_neurons"": 64, ""optimizer"": ""Adadelta"", ""reg_l2"": true, ""skip_connection"": false, ""unit_c1"": 3, ""unit_c2"": 2}"
427,163,flops,,,16.227783653333333,2434167548.0,15856074.0,,5965.8471,"{""activation"": ""elu"", ""batch_size"": 8, ""data_augmentation"": true, ""dr_f"": 0.425439082236, ""learning_rate"": 0.000815811454, ""new_fc_1"": 3, ""new_fc_10"": 9, ""new_fc_2"": 27, ""new_fc_3"": 12, ""new_fc_4"": 20, ""new_fc_5"": 15, ""new_fc_6"": 8, ""new_fc_7"": 28, ""new_fc_8"": 13, ""new_fc_9"": 16, ""num_neurons"": 64, ""optimizer"": ""SGD"", ""reg_l2"": true, ""skip_connection"": true, ""unit_c1"": 4, ""unit_c2"": 6}"
428,164,accuracy,10000000000.0,,6.578850106666667,986827516.0,52254730.0,10000000000.0,5970.5998,"{""activation"": ""relu"", ""batch_size"": 64, ""data_augmentation"": false, ""dr_f"": 0.104493082495, ""learning_rate"": 0.000481644361, ""new_fc_1"": 24, ""new_fc_10"": 19, ""new_fc_2"": 4, ""new_fc_3"": 17, ""new_fc_4"": 6, ""new_fc_5"": 16, ""new_fc_6"": 29, ""new_fc_7"": 28, ""new_fc_8"": 32, ""new_fc_9"": 0, ""num_neurons"": 64, ""optimizer"": ""Adadelta"", ""reg_l2"": true, ""skip_connection"": true, ""unit_c1"": 1, ""unit_c2"": 6}"
429,164,flops,,,18.359226853333332,2753884028.0,11689098.0,,5972.9597,"{""activation"": ""relu"", ""batch_size"": 8, ""data_augmentation"": true, ""dr_f"": 0.073798320976, ""learning_rate"": 0.000233258495, ""new_fc_1"": 2, ""new_fc_10"": 10, ""new_fc_2"": 26, ""new_fc_3"": 4, ""new_fc_4"": 13, ""new_fc_5"": 13, ""new_fc_6"": 16, ""new_fc_7"": 7, ""new_fc_8"": 13, ""new_fc_9"": 13, ""num_neurons"": 64, ""optimizer"": ""SGD"", ""reg_l2"": true, ""skip_connection"": true, ""unit_c1"": 4, ""unit_c2"": 7}"
430,164,flops,,,0.6461868533333334,96928028.0,3190842.0,,5974.7753,"{""activation"": ""swish"", ""batch_size"": 16, ""data_augmentation"": false, ""dr_f"": 0.493195427384, ""learning_rate"": 0.000437247611, ""new_fc_1"": 20, ""new_fc_10"": 18, ""new_fc_2"": 12, ""new_fc_3"": 15, ""new_fc_4"": 32, ""new_fc_5"": 14, ""new_fc_6"": 7, ""new_fc_7"": 10, ""new_fc_8"": 1, ""new_fc_9"": 1, ""num_neurons"": 16, ""optimizer"": ""Adamax"", ""reg_l2"": false, ""skip_connection"": false, ""unit_c1"": 1, ""unit_c2"": 8}"
431,165,accuracy,0.7812000066041946,0.21879999339580536,0.04137597333333334,6206396.0,183502.0,-0.44074720337706375,6960.1053,"{""activation"": ""selu"", ""batch_size"": 16, ""data_augmentation"": true, ""dr_f"": 0.43187425232, ""learning_rate"": 0.000137229849, ""new_fc_1"": 16, ""new_fc_10"": 0, ""new_fc_2"": 6, ""new_fc_3"": 14, ""new_fc_4"": 14, ""new_fc_5"": 26, ""new_fc_6"": 11, ""new_fc_7"": 17, ""new_fc_8"": 30, ""new_fc_9"": 26, ""num_neurons"": 4, ""optimizer"": ""SGD"", ""reg_l2"": true, ""skip_connection"": false, ""unit_c1"": 1, ""unit_c2"": 8}"
432,165,flops,,,0.45034696,67552044.0,570858.0,,6961.8937,"{""activation"": ""selu"", ""batch_size"": 16, ""data_augmentation"": false, ""dr_f"": 0.120506707347, ""learning_rate"": 0.000254485269, ""new_fc_1"": 0, ""new_fc_10"": 19, ""new_fc_2"": 4, ""new_fc_3"": 6, ""new_fc_4"": 23, ""new_fc_5"": 8, ""new_fc_6"": 9, ""new_fc_7"": 28, ""new_fc_8"": 14, ""new_fc_9"": 4, ""num_neurons"": 16, ""optimizer"": ""Adadelta"", ""reg_l2"": false, ""skip_connection"": false, ""unit_c1"": 3, ""unit_c2"": 3}"
433,165,flops,,,0.5301234933333333,79518524.0,3349162.0,,6963.8164,"{""activation"": ""swish"", ""batch_size"": 16, ""data_augmentation"": false, ""dr_f"": 0.111058540218, ""learning_rate"": 0.000478340417, ""new_fc_1"": 21, ""new_fc_10"": 30, ""new_fc_2"": 23, ""new_fc_3"": 17, ""new_fc_4"": 31, ""new_fc_5"": 2, ""new_fc_6"": 21, ""new_fc_7"": 1, ""new_fc_8"": 26, ""new_fc_9"": 28, ""num_neurons"": 16, ""optimizer"": ""SGD"", ""reg_l2"": true, ""skip_connection"": true, ""unit_c1"": 1, ""unit_c2"": 7}"
434,166,accuracy,0.44989997148513794,0.5501000285148621,0.0397048,5955720.0,58090.0,-0.6731585799604034,8848.9809,"{""activation"": ""selu"", ""batch_size"": 8, ""data_augmentation"": false, ""dr_f"": 0.123667582491, ""learning_rate"": 0.000785661594, ""new_fc_1"": 3, ""new_fc_10"": 2, ""new_fc_2"": 3, ""new_fc_3"": 14, ""new_fc_4"": 7, ""new_fc_5"": 28, ""new_fc_6"": 2, ""new_fc_7"": 28, ""new_fc_8"": 21, ""new_fc_9"": 15, ""num_neurons"": 4, ""optimizer"": ""SGD"", ""reg_l2"": false, ""skip_connection"": false, ""unit_c1"": 1, ""unit_c2"": 8}"
435,166,flops,,,0.15681442666666667,23522164.0,339530.0,,8850.7617,"{""activation"": ""elu"", ""batch_size"": 32, ""data_augmentation"": true, ""dr_f"": 0.159113444015, ""learning_rate"": 0.000901646476, ""new_fc_1"": 2, ""new_fc_10"": 10, ""new_fc_2"": 26, ""new_fc_3"": 19, ""new_fc_4"": 10, ""new_fc_5"": 31, ""new_fc_6"": 32, ""new_fc_7"": 13, ""new_fc_8"": 27, ""new_fc_9"": 21, ""num_neurons"": 8, ""optimizer"": ""Adamax"", ""reg_l2"": true, ""skip_connection"": false, ""unit_c1"": 1, ""unit_c2"": 8}"
436,167,accuracy,0.8546999990940094,0.1453000009059906,0.061407706666666666,9211156.0,207098.0,-0.3832876886341934,9055.9755,"{""activation"": ""selu"", ""batch_size"": 32, ""data_augmentation"": false, ""dr_f"": 0.411404481543, ""learning_rate"": 0.000266418729, ""new_fc_1"": 25, ""new_fc_10"": 23, ""new_fc_2"": 8, ""new_fc_3"": 4, ""new_fc_4"": 9, ""new_fc_5"": 13, ""new_fc_6"": 14, ""new_fc_7"": 8, ""new_fc_8"": 2, ""new_fc_9"": 8, ""num_neurons"": 4, ""optimizer"": ""Adagrad"", ""reg_l2"": false, ""skip_connection"": true, ""unit_c1"": 3, ""unit_c2"": 7}"
437,168,accuracy,0.3051000237464905,0.6948999762535095,0.04262776,6394164.0,106110.0,-0.7736416553774565,11301.8645,"{""activation"": ""elu"", ""batch_size"": 8, ""data_augmentation"": false, ""dr_f"": 0.049095372883, ""learning_rate"": 0.000334468467, ""new_fc_1"": 29, ""new_fc_10"": 26, ""new_fc_2"": 26, ""new_fc_3"": 31, ""new_fc_4"": 26, ""new_fc_5"": 11, ""new_fc_6"": 24, ""new_fc_7"": 15, ""new_fc_8"": 29, ""new_fc_9"": 13, ""num_neurons"": 4, ""optimizer"": ""Adamax"", ""reg_l2"": false, ""skip_connection"": true, ""unit_c1"": 4, ""unit_c2"": 1}"
438,169,accuracy,0.36180001497268677,0.6381999850273132,0.21108909333333334,31663364.0,1234162.0,-0.6834132615191193,11628.033,"{""activation"": ""selu"", ""batch_size"": 64, ""data_augmentation"": false, ""dr_f"": 0.40755326545, ""learning_rate"": 0.000823454353, ""new_fc_1"": 28, ""new_fc_10"": 19, ""new_fc_2"": 31, ""new_fc_3"": 18, ""new_fc_4"": 18, ""new_fc_5"": 18, ""new_fc_6"": 21, ""new_fc_7"": 0, ""new_fc_8"": 21, ""new_fc_9"": 31, ""num_neurons"": 8, ""optimizer"": ""Adamax"", ""reg_l2"": false, ""skip_connection"": false, ""unit_c1"": 2, ""unit_c2"": 8}"
439,169,flops,,,5.79078568,868617852.0,45085386.0,,11631.6234,"{""activation"": ""relu"", ""batch_size"": 8, ""data_augmentation"": false, ""dr_f"": 0.145209389066, ""learning_rate"": 0.000618009535, ""new_fc_1"": 30, ""new_fc_10"": 6, ""new_fc_2"": 7, ""new_fc_3"": 30, ""new_fc_4"": 21, ""new_fc_5"": 21, ""new_fc_6"": 7, ""new_fc_7"": 32, ""new_fc_8"": 23, ""new_fc_9"": 16, ""num_neurons"": 64, ""optimizer"": ""SGD"", ""reg_l2"": true, ""skip_connection"": true, ""unit_c1"": 2, ""unit_c2"": 4}"
440,169,flops,,,0.2727366133333333,40910492.0,1172362.0,,11633.4492,"{""activation"": ""swish"", ""batch_size"": 16, ""data_augmentation"": false, ""dr_f"": 0.179975674452, ""learning_rate"": 0.000848696523, ""new_fc_1"": 19, ""new_fc_10"": 5, ""new_fc_2"": 16, ""new_fc_3"": 0, ""new_fc_4"": 8, ""new_fc_5"": 13, ""new_fc_6"": 8, ""new_fc_7"": 1, ""new_fc_8"": 2, ""new_fc_9"": 14, ""num_neurons"": 16, ""optimizer"": ""Adadelta"", ""reg_l2"": true, ""skip_connection"": false, ""unit_c1"": 2, ""unit_c2"": 3}"
441,170,accuracy,10000000000.0,,16.606607333333333,2490991100.0,44269002.0,10000000000.0,11636.7399,"{""activation"": ""selu"", ""batch_size"": 8, ""data_augmentation"": true, ""dr_f"": 0.464169538946, ""learning_rate"": 0.00025970163, ""new_fc_1"": 19, ""new_fc_10"": 23, ""new_fc_2"": 9, ""new_fc_3"": 11, ""new_fc_4"": 26, ""new_fc_5"": 7, ""new_fc_6"": 27, ""new_fc_7"": 8, ""new_fc_8"": 31, ""new_fc_9"": 26, ""num_neurons"": 64, ""optimizer"": ""SGD"", ""reg_l2"": false, ""skip_connection"": true, ""unit_c1"": 4, ""unit_c2"": 6}"
442,171,accuracy,0.586899995803833,0.413100004196167,0.41980424,62970636.0,3468778.0,-0.46322873093731687,12202.7461,"{""activation"": ""selu"", ""batch_size"": 64, ""data_augmentation"": true, ""dr_f"": 0.207563266908, ""learning_rate"": 0.000384133419, ""new_fc_1"": 30, ""new_fc_10"": 5, ""new_fc_2"": 13, ""new_fc_3"": 16, ""new_fc_4"": 15, ""new_fc_5"": 27, ""new_fc_6"": 8, ""new_fc_7"": 1, ""new_fc_8"": 3, ""new_fc_9"": 19, ""num_neurons"": 16, ""optimizer"": ""Adadelta"", ""reg_l2"": true, ""skip_connection"": true, ""unit_c1"": 1, ""unit_c2"": 6}"
443,172,accuracy,0.7581000030040741,0.2418999969959259,0.14003954666666665,21005932.0,338058.0,-0.4273181338971481,12588.4302,"{""activation"": ""selu"", ""batch_size"": 64, ""data_augmentation"": true, ""dr_f"": 0.405627589962, ""learning_rate"": 0.000276693505, ""new_fc_1"": 0, ""new_fc_10"": 29, ""new_fc_2"": 3, ""new_fc_3"": 11, ""new_fc_4"": 14, ""new_fc_5"": 19, ""new_fc_6"": 32, ""new_fc_7"": 30, ""new_fc_8"": 25, ""new_fc_9"": 15, ""num_neurons"": 8, ""optimizer"": ""Adadelta"", ""reg_l2"": false, ""skip_connection"": true, ""unit_c1"": 2, ""unit_c2"": 6}"
444,172,flops,,,9.870567226666667,1480585084.0,16590794.0,,12590.996,"{""activation"": ""relu"", ""batch_size"": 32, ""data_augmentation"": true, ""dr_f"": 0.284741539058, ""learning_rate"": 0.000333646093, ""new_fc_1"": 14, ""new_fc_10"": 15, ""new_fc_2"": 12, ""new_fc_3"": 16, ""new_fc_4"": 11, ""new_fc_5"": 0, ""new_fc_6"": 24, ""new_fc_7"": 5, ""new_fc_8"": 20, ""new_fc_9"": 28, ""num_neurons"": 64, ""optimizer"": ""Adamax"", ""reg_l2"": false, ""skip_connection"": false, ""unit_c1"": 4, ""unit_c2"": 2}"
445,173,accuracy,0.875900000333786,0.12409999966621399,0.2847332,42709980.0,1629242.0,-0.30145003976634976,12856.5732,"{""activation"": ""relu"", ""batch_size"": 32, ""data_augmentation"": true, ""dr_f"": 0.335768936175, ""learning_rate"": 0.000675476491, ""new_fc_1"": 22, ""new_fc_10"": 13, ""new_fc_2"": 15, ""new_fc_3"": 31, ""new_fc_4"": 10, ""new_fc_5"": 7, ""new_fc_6"": 23, ""new_fc_7"": 18, ""new_fc_8"": 4, ""new_fc_9"": 7, ""num_neurons"": 16, ""optimizer"": ""SGD"", ""reg_l2"": true, ""skip_connection"": true, ""unit_c1"": 2, ""unit_c2"": 3}"
446,173,flops,,,3.532542266666667,529881340.0,32486922.0,,12860.0815,"{""activation"": ""swish"", ""batch_size"": 64, ""data_augmentation"": false, ""dr_f"": 0.267967719194, ""learning_rate"": 0.000309543395, ""new_fc_1"": 23, ""new_fc_10"": 3, ""new_fc_2"": 17, ""new_fc_3"": 9, ""new_fc_4"": 16, ""new_fc_5"": 5, ""new_fc_6"": 7, ""new_fc_7"": 6, ""new_fc_8"": 27, ""new_fc_9"": 28, ""num_neurons"": 64, ""optimizer"": ""SGD"", ""reg_l2"": true, ""skip_connection"": true, ""unit_c1"": 1, ""unit_c2"": 4}"
447,173,flops,,,8.597532133333333,1289629820.0,25722314.0,,12863.2979,"{""activation"": ""selu"", ""batch_size"": 16, ""data_augmentation"": true, ""dr_f"": 0.252023510619, ""learning_rate"": 0.000665929248, ""new_fc_1"": 11, ""new_fc_10"": 3, ""new_fc_2"": 0, ""new_fc_3"": 29, ""new_fc_4"": 7, ""new_fc_5"": 27, ""new_fc_6"": 4, ""new_fc_7"": 27, ""new_fc_8"": 19, ""new_fc_9"": 6, ""num_neurons"": 64, ""optimizer"": ""Adamax"", ""reg_l2"": false, ""skip_connection"": true, ""unit_c1"": 2, ""unit_c2"": 6}"
448,174,accuracy,10000000000.0,,2.605689786666667,390853468.0,13278282.0,10000000000.0,12865.8801,"{""activation"": ""swish"", ""batch_size"": 16, ""data_augmentation"": true, ""dr_f"": 0.099903928029, ""learning_rate"": 0.000251114564, ""new_fc_1"": 21, ""new_fc_10"": 13, ""new_fc_2"": 4, ""new_fc_3"": 8, ""new_fc_4"": 10, ""new_fc_5"": 4, ""new_fc_6"": 5, ""new_fc_7"": 32, ""new_fc_8"": 15, ""new_fc_9"": 23, ""num_neurons"": 32, ""optimizer"": ""Adamax"", ""reg_l2"": false, ""skip_connection"": true, ""unit_c1"": 1, ""unit_c2"": 8}"
449,174,flops,,,0.19630786666666666,29446180.0,366506.0,,12867.536,"{""activation"": ""elu"", ""batch_size"": 16, ""data_augmentation"": false, ""dr_f"": 0.207699117093, ""learning_rate"": 0.000132886743, ""new_fc_1"": 10, ""new_fc_10"": 3, ""new_fc_2"": 14, ""new_fc_3"": 0, ""new_fc_4"": 11, ""new_fc_5"": 30, ""new_fc_6"": 8, ""new_fc_7"": 6, ""new_fc_8"": 22, ""new_fc_9"": 9, ""num_neurons"": 8, ""optimizer"": ""Adagrad"", ""reg_l2"": true, ""skip_connection"": true, ""unit_c1"": 3, ""unit_c2"": 6}"
450,175,accuracy,0.6389999985694885,0.3610000014305115,0.7009109066666667,105136636.0,4078842.0,-0.342426729001358,15294.1288,"{""activation"": ""elu"", ""batch_size"": 8, ""data_augmentation"": true, ""dr_f"": 0.492661179746, ""learning_rate"": 0.000198474125, ""new_fc_1"": 28, ""new_fc_10"": 10, ""new_fc_2"": 25, ""new_fc_3"": 29, ""new_fc_4"": 10, ""new_fc_5"": 24, ""new_fc_6"": 3, ""new_fc_7"": 14, ""new_fc_8"": 10, ""new_fc_9"": 27, ""num_neurons"": 16, ""optimizer"": ""Adagrad"", ""reg_l2"": false, ""skip_connection"": true, ""unit_c1"": 2, ""unit_c2"": 7}"
451,175,flops,,,0.15553586666666666,23330380.0,369346.0,,2.2544,"{""activation"": ""relu"", ""batch_size"": 8, ""data_augmentation"": false, ""dr_f"": 0.118127094846, ""learning_rate"": 0.000775538611, ""new_fc_1"": 31, ""new_fc_10"": 17, ""new_fc_2"": 26, ""new_fc_3"": 27, ""new_fc_4"": 17, ""new_fc_5"": 28, ""new_fc_6"": 17, ""new_fc_7"": 7, ""new_fc_8"": 30, ""new_fc_9"": 6, ""num_neurons"": 8, ""optimizer"": ""Adam"", ""reg_l2"": true, ""skip_connection"": true, ""unit_c1"": 4, ""unit_c2"": 1}"
452,176,accuracy,0.8973999992012978,0.10260000079870224,0.071834,10775100.0,136770.0,-0.35026980055909157,389.2253,"{""activation"": ""swish"", ""batch_size"": 16, ""data_augmentation"": false, ""dr_f"": 0.179124125558, ""learning_rate"": 0.000117183473, ""new_fc_1"": 6, ""new_fc_10"": 6, ""new_fc_2"": 2, ""new_fc_3"": 23, ""new_fc_4"": 20, ""new_fc_5"": 2, ""new_fc_6"": 3, ""new_fc_7"": 0, ""new_fc_8"": 3, ""new_fc_9"": 23, ""num_neurons"": 8, ""optimizer"": ""Adadelta"", ""reg_l2"": true, ""skip_connection"": true, ""unit_c1"": 2, ""unit_c2"": 3}"
453,176,flops,,,18.656671973333335,2798500796.0,33234378.0,,392.6646,"{""activation"": ""swish"", ""batch_size"": 8, ""data_augmentation"": false, ""dr_f"": 0.179185582847, ""learning_rate"": 0.000239961128, ""new_fc_1"": 10, ""new_fc_10"": 30, ""new_fc_2"": 23, ""new_fc_3"": 5, ""new_fc_4"": 16, ""new_fc_5"": 27, ""new_fc_6"": 30, ""new_fc_7"": 8, ""new_fc_8"": 9, ""new_fc_9"": 20, ""num_neurons"": 64, ""optimizer"": ""Adagrad"", ""reg_l2"": false, ""skip_connection"": true, ""unit_c1"": 4, ""unit_c2"": 7}"
454,176,flops,,,0.2074388,31115820.0,892938.0,,394.561,"{""activation"": ""swish"", ""batch_size"": 16, ""data_augmentation"": false, ""dr_f"": 0.332253972363, ""learning_rate"": 0.000718514573, ""new_fc_1"": 5, ""new_fc_10"": 5, ""new_fc_2"": 12, ""new_fc_3"": 20, ""new_fc_4"": 31, ""new_fc_5"": 14, ""new_fc_6"": 1, ""new_fc_7"": 14, ""new_fc_8"": 16, ""new_fc_9"": 19, ""num_neurons"": 16, ""optimizer"": ""Adadelta"", ""reg_l2"": true, ""skip_connection"": false, ""unit_c1"": 1, ""unit_c2"": 4}"
455,177,accuracy,0.8999999985098839,0.10000000149011612,0.03354794666666667,5032192.0,124562.0,-0.35993561704308125,600.0727,"{""activation"": ""relu"", ""batch_size"": 32, ""data_augmentation"": true, ""dr_f"": 0.273594594038, ""learning_rate"": 0.000110517943, ""new_fc_1"": 26, ""new_fc_10"": 22, ""new_fc_2"": 7, ""new_fc_3"": 4, ""new_fc_4"": 29, ""new_fc_5"": 28, ""new_fc_6"": 21, ""new_fc_7"": 13, ""new_fc_8"": 9, ""new_fc_9"": 10, ""num_neurons"": 4, ""optimizer"": ""Adadelta"", ""reg_l2"": false, ""skip_connection"": true, ""unit_c1"": 3, ""unit_c2"": 3}"
456,178,accuracy,0.8999999985098839,0.10000000149011612,0.04721301333333333,7081952.0,266378.0,-0.3558360970430813,746.3405,"{""activation"": ""swish"", ""batch_size"": 64, ""data_augmentation"": false, ""dr_f"": 0.435607266924, ""learning_rate"": 0.000739349681, ""new_fc_1"": 31, ""new_fc_10"": 17, ""new_fc_2"": 20, ""new_fc_3"": 8, ""new_fc_4"": 7, ""new_fc_5"": 29, ""new_fc_6"": 16, ""new_fc_7"": 15, ""new_fc_8"": 2, ""new_fc_9"": 14, ""num_neurons"": 4, ""optimizer"": ""Adam"", ""reg_l2"": true, ""skip_connection"": true, ""unit_c1"": 2, ""unit_c2"": 7}"
457,179,accuracy,0.260699987411499,0.739300012588501,0.42213138666666666,63319708.0,3643834.0,-0.6908705928119506,1852.4396,"{""activation"": ""selu"", ""batch_size"": 8, ""data_augmentation"": false, ""dr_f"": 0.121925781397, ""learning_rate"": 0.000995466578, ""new_fc_1"": 26, ""new_fc_10"": 11, ""new_fc_2"": 21, ""new_fc_3"": 31, ""new_fc_4"": 3, ""new_fc_5"": 9, ""new_fc_6"": 18, ""new_fc_7"": 30, ""new_fc_8"": 28, ""new_fc_9"": 25, ""num_neurons"": 16, ""optimizer"": ""Adamax"", ""reg_l2"": false, ""skip_connection"": true, ""unit_c1"": 1, ""unit_c2"": 6}"
458,180,accuracy,0.2919999957084656,0.7080000042915344,0.04127672,6191508.0,502218.0,-0.783216987004074,3438.0579,"{""activation"": ""selu"", ""batch_size"": 8, ""data_augmentation"": false, ""dr_f"": 0.337519567456, ""learning_rate"": 0.000231782715, ""new_fc_1"": 26, ""new_fc_10"": 11, ""new_fc_2"": 30, ""new_fc_3"": 11, ""new_fc_4"": 4, ""new_fc_5"": 18, ""new_fc_6"": 24, ""new_fc_7"": 8, ""new_fc_8"": 25, ""new_fc_9"": 18, ""num_neurons"": 8, ""optimizer"": ""Adam"", ""reg_l2"": false, ""skip_connection"": false, ""unit_c1"": 1, ""unit_c2"": 3}"
459,180,flops,,,0.05889725333333334,8834588.0,413530.0,,3439.8607,"{""activation"": ""elu"", ""batch_size"": 16, ""data_augmentation"": false, ""dr_f"": 0.056722080597, ""learning_rate"": 0.000390859779, ""new_fc_1"": 2, ""new_fc_10"": 4, ""new_fc_2"": 4, ""new_fc_3"": 21, ""new_fc_4"": 0, ""new_fc_5"": 3, ""new_fc_6"": 21, ""new_fc_7"": 23, ""new_fc_8"": 31, ""new_fc_9"": 1, ""num_neurons"": 16, ""optimizer"": ""Adagrad"", ""reg_l2"": true, ""skip_connection"": false, ""unit_c1"": 1, ""unit_c2"": 1}"
460,181,accuracy,0.7663999944925308,0.23360000550746918,0.024901386666666667,3735208.0,43794.0,-0.4560495878552284,4005.6174,"{""activation"": ""selu"", ""batch_size"": 32, ""data_augmentation"": false, ""dr_f"": 0.203300768921, ""learning_rate"": 0.000496008538, ""new_fc_1"": 2, ""new_fc_10"": 29, ""new_fc_2"": 20, ""new_fc_3"": 8, ""new_fc_4"": 7, ""new_fc_5"": 1, ""new_fc_6"": 3, ""new_fc_7"": 17, ""new_fc_8"": 30, ""new_fc_9"": 26, ""num_neurons"": 4, ""optimizer"": ""Adagrad"", ""reg_l2"": false, ""skip_connection"": false, ""unit_c1"": 3, ""unit_c2"": 1}"
461,181,flops,,,0.18932365333333334,28398548.0,333546.0,,4008.0025,"{""activation"": ""swish"", ""batch_size"": 32, ""data_augmentation"": false, ""dr_f"": 0.481240221553, ""learning_rate"": 0.000649113226, ""new_fc_1"": 21, ""new_fc_10"": 1, ""new_fc_2"": 6, ""new_fc_3"": 0, ""new_fc_4"": 12, ""new_fc_5"": 13, ""new_fc_6"": 14, ""new_fc_7"": 11, ""new_fc_8"": 3, ""new_fc_9"": 20, ""num_neurons"": 8, ""optimizer"": ""Adadelta"", ""reg_l2"": true, ""skip_connection"": true, ""unit_c1"": 4, ""unit_c2"": 3}"
462,181,flops,,,0.055189173333333334,8278376.0,67270.0,,4009.8752,"{""activation"": ""elu"", ""batch_size"": 16, ""data_augmentation"": true, ""dr_f"": 0.121430455627, ""learning_rate"": 0.000822896561, ""new_fc_1"": 10, ""new_fc_10"": 20, ""new_fc_2"": 23, ""new_fc_3"": 14, ""new_fc_4"": 4, ""new_fc_5"": 8, ""new_fc_6"": 3, ""new_fc_7"": 26, ""new_fc_8"": 3, ""new_fc_9"": 12, ""num_neurons"": 4, ""optimizer"": ""Adamax"", ""reg_l2"": true, ""skip_connection"": true, ""unit_c1"": 4, ""unit_c2"": 4}"
463,181,flops,,,3.2455291466666667,486829372.0,11231050.0,,4012.2133,"{""activation"": ""elu"", ""batch_size"": 32, ""data_augmentation"": true, ""dr_f"": 0.057602638063, ""learning_rate"": 0.000476861418, ""new_fc_1"": 7, ""new_fc_10"": 0, ""new_fc_2"": 2, ""new_fc_3"": 15, ""new_fc_4"": 6, ""new_fc_5"": 27, ""new_fc_6"": 1, ""new_fc_7"": 30, ""new_fc_8"": 10, ""new_fc_9"": 10, ""num_neurons"": 64, ""optimizer"": ""Adamax"", ""reg_l2"": true, ""skip_connection"": true, ""unit_c1"": 1, ""unit_c2"": 4}"
464,181,flops,,,0.011084213333333334,1662632.0,122570.0,,4013.8079,"{""activation"": ""elu"", ""batch_size"": 16, ""data_augmentation"": false, ""dr_f"": 0.345393380737, ""learning_rate"": 0.000810058217, ""new_fc_1"": 16, ""new_fc_10"": 9, ""new_fc_2"": 16, ""new_fc_3"": 29, ""new_fc_4"": 22, ""new_fc_5"": 24, ""new_fc_6"": 31, ""new_fc_7"": 22, ""new_fc_8"": 15, ""new_fc_9"": 31, ""num_neurons"": 4, ""optimizer"": ""Adam"", ""reg_l2"": false, ""skip_connection"": false, ""unit_c1"": 1, ""unit_c2"": 3}"
465,182,accuracy,0.516400009393692,0.483599990606308,0.20179821333333334,30269732.0,537186.0,-0.5779805294244156,4639.4459,"{""activation"": ""selu"", ""batch_size"": 32, ""data_augmentation"": false, ""dr_f"": 0.110753603802, ""learning_rate"": 0.000193818879, ""new_fc_1"": 10, ""new_fc_10"": 26, ""new_fc_2"": 1, ""new_fc_3"": 1, ""new_fc_4"": 28, ""new_fc_5"": 23, ""new_fc_6"": 23, ""new_fc_7"": 15, ""new_fc_8"": 30, ""new_fc_9"": 8, ""num_neurons"": 8, ""optimizer"": ""Adagrad"", ""reg_l2"": false, ""skip_connection"": false, ""unit_c1"": 2, ""unit_c2"": 8}"
466,182,flops,,,0.06234552,9351828.0,192778.0,,4641.5961,"{""activation"": ""elu"", ""batch_size"": 8, ""data_augmentation"": true, ""dr_f"": 0.152074521779, ""learning_rate"": 0.00028157846, ""new_fc_1"": 26, ""new_fc_10"": 20, ""new_fc_2"": 5, ""new_fc_3"": 31, ""new_fc_4"": 17, ""new_fc_5"": 31, ""new_fc_6"": 19, ""new_fc_7"": 14, ""new_fc_8"": 22, ""new_fc_9"": 13, ""num_neurons"": 4, ""optimizer"": ""SGD"", ""reg_l2"": true, ""skip_connection"": false, ""unit_c1"": 4, ""unit_c2"": 5}"
467,182,flops,,,0.9550948,143264220.0,12877834.0,,4644.179,"{""activation"": ""swish"", ""batch_size"": 64, ""data_augmentation"": false, ""dr_f"": 0.309889990768, ""learning_rate"": 0.000383710221, ""new_fc_1"": 32, ""new_fc_10"": 30, ""new_fc_2"": 23, ""new_fc_3"": 19, ""new_fc_4"": 25, ""new_fc_5"": 3, ""new_fc_6"": 30, ""new_fc_7"": 24, ""new_fc_8"": 29, ""new_fc_9"": 16, ""num_neurons"": 32, ""optimizer"": ""Adadelta"", ""reg_l2"": true, ""skip_connection"": true, ""unit_c1"": 1, ""unit_c2"": 4}"
468,182,flops,,,1.0663125066666668,159946876.0,3257130.0,,4646.3236,"{""activation"": ""selu"", ""batch_size"": 8, ""data_augmentation"": false, ""dr_f"": 0.381138278315, ""learning_rate"": 0.000894880587, ""new_fc_1"": 6, ""new_fc_10"": 18, ""new_fc_2"": 26, ""new_fc_3"": 4, ""new_fc_4"": 29, ""new_fc_5"": 25, ""new_fc_6"": 8, ""new_fc_7"": 5, ""new_fc_8"": 24, ""new_fc_9"": 9, ""num_neurons"": 32, ""optimizer"": ""Adamax"", ""reg_l2"": false, ""skip_connection"": true, ""unit_c1"": 2, ""unit_c2"": 3}"
469,183,accuracy,0.8077999949455261,0.19220000505447388,0.09422861333333334,14134292.0,707106.0,-0.40627141953813173,5512.1702,"{""activation"": ""selu"", ""batch_size"": 16, ""data_augmentation"": false, ""dr_f"": 0.461715632179, ""learning_rate"": 0.000872093696, ""new_fc_1"": 30, ""new_fc_10"": 21, ""new_fc_2"": 11, ""new_fc_3"": 23, ""new_fc_4"": 21, ""new_fc_5"": 9, ""new_fc_6"": 31, ""new_fc_7"": 17, ""new_fc_8"": 20, ""new_fc_9"": 16, ""num_neurons"": 8, ""optimizer"": ""Adadelta"", ""reg_l2"": true, ""skip_connection"": false, ""unit_c1"": 2, ""unit_c2"": 4}"
470,184,accuracy,10000000000.0,,18.359226853333332,2753884028.0,11689098.0,10000000000.0,5514.8277,"{""activation"": ""relu"", ""batch_size"": 8, ""data_augmentation"": true, ""dr_f"": 0.073798320976, ""learning_rate"": 0.000233258495, ""new_fc_1"": 2, ""new_fc_10"": 10, ""new_fc_2"": 26, ""new_fc_3"": 4, ""new_fc_4"": 13, ""new_fc_5"": 13, ""new_fc_6"": 16, ""new_fc_7"": 7, ""new_fc_8"": 13, ""new_fc_9"": 13, ""num_neurons"": 64, ""optimizer"": ""SGD"", ""reg_l2"": true, ""skip_connection"": true, ""unit_c1"": 4, ""unit_c2"": 7}"
471,184,flops,,,9.077933626666667,1361690044.0,17728842.0,,5518.0329,"{""activation"": ""relu"", ""batch_size"": 16, ""data_augmentation"": true, ""dr_f"": 0.316926117249, ""learning_rate"": 0.00027390807, ""new_fc_1"": 25, ""new_fc_10"": 4, ""new_fc_2"": 25, ""new_fc_3"": 16, ""new_fc_4"": 29, ""new_fc_5"": 15, ""new_fc_6"": 1, ""new_fc_7"": 11, ""new_fc_8"": 12, ""new_fc_9"": 28, ""num_neurons"": 64, ""optimizer"": ""Adagrad"", ""reg_l2"": true, ""skip_connection"": true, ""unit_c1"": 4, ""unit_c2"": 1}"
472,184,flops,,,0.6451097333333333,96766460.0,903274.0,,5520.3325,"{""activation"": ""swish"", ""batch_size"": 32, ""data_augmentation"": true, ""dr_f"": 0.109560511796, ""learning_rate"": 0.000716204822, ""new_fc_1"": 6, ""new_fc_10"": 0, ""new_fc_2"": 11, ""new_fc_3"": 5, ""new_fc_4"": 22, ""new_fc_5"": 6, ""new_fc_6"": 26, ""new_fc_7"": 9, ""new_fc_8"": 15, ""new_fc_9"": 16, ""num_neurons"": 16, ""optimizer"": ""SGD"", ""reg_l2"": false, ""skip_connection"": true, ""unit_c1"": 3, ""unit_c2"": 5}"
473,184,flops,,,21.053649893333333,3158047484.0,65550794.0,,5524.8915,"{""activation"": ""relu"", ""batch_size"": 16, ""data_augmentation"": false, ""dr_f"": 0.195865531384, ""learning_rate"": 0.000500468987, ""new_fc_1"": 21, ""new_fc_10"": 20, ""new_fc_2"": 7, ""new_fc_3"": 24, ""new_fc_4"": 26, ""new_fc_5"": 18, ""new_fc_6"": 28, ""new_fc_7"": 28, ""new_fc_8"": 15, ""new_fc_9"": 32, ""num_neurons"": 64, ""optimizer"": ""Adadelta"", ""reg_l2"": false, ""skip_connection"": false, ""unit_c1"": 4, ""unit_c2"": 8}"
474,185,accuracy,0.6358999907970428,0.36410000920295715,0.06234552,9351828.0,192778.0,-0.53616635044207,7470.705,"{""activation"": ""elu"", ""batch_size"": 8, ""data_augmentation"": true, ""dr_f"": 0.152074521779, ""learning_rate"": 0.00028157846, ""new_fc_1"": 26, ""new_fc_10"": 20, ""new_fc_2"": 5, ""new_fc_3"": 31, ""new_fc_4"": 17, ""new_fc_5"": 31, ""new_fc_6"": 19, ""new_fc_7"": 14, ""new_fc_8"": 22, ""new_fc_9"": 13, ""num_neurons"": 4, ""optimizer"": ""SGD"", ""reg_l2"": true, ""skip_connection"": false, ""unit_c1"": 4, ""unit_c2"": 5}"
475,186,accuracy,10000000000.0,,19.0676292,2860144380.0,64820746.0,10000000000.0,7475.8808,"{""activation"": ""elu"", ""batch_size"": 64, ""data_augmentation"": false, ""dr_f"": 0.400727815752, ""learning_rate"": 0.000157552366, ""new_fc_1"": 28, ""new_fc_10"": 22, ""new_fc_2"": 12, ""new_fc_3"": 23, ""new_fc_4"": 26, ""new_fc_5"": 29, ""new_fc_6"": 10, ""new_fc_7"": 12, ""new_fc_8"": 0, ""new_fc_9"": 1, ""num_neurons"": 64, ""optimizer"": ""SGD"", ""reg_l2"": true, ""skip_connection"": true, ""unit_c1"": 4, ""unit_c2"": 7}"
476,186,flops,,,0.39885682666666666,59828524.0,1298314.0,,7477.9136,"{""activation"": ""swish"", ""batch_size"": 32, ""data_augmentation"": true, ""dr_f"": 0.293597231591, ""learning_rate"": 0.000215880757, ""new_fc_1"": 17, ""new_fc_10"": 28, ""new_fc_2"": 26, ""new_fc_3"": 8, ""new_fc_4"": 4, ""new_fc_5"": 30, ""new_fc_6"": 32, ""new_fc_7"": 12, ""new_fc_8"": 16, ""new_fc_9"": 8, ""num_neurons"": 16, ""optimizer"": ""Adamax"", ""reg_l2"": false, ""skip_connection"": false, ""unit_c1"": 3, ""unit_c2"": 2}"
477,187,accuracy,0.4020000100135803,0.5979999899864197,0.09072232,13608348.0,444026.0,-0.6913832969904938,7863.2007,"{""activation"": ""selu"", ""batch_size"": 32, ""data_augmentation"": false, ""dr_f"": 0.144582503146, ""learning_rate"": 0.000620946384, ""new_fc_1"": 13, ""new_fc_10"": 32, ""new_fc_2"": 25, ""new_fc_3"": 30, ""new_fc_4"": 0, ""new_fc_5"": 19, ""new_fc_6"": 7, ""new_fc_7"": 19, ""new_fc_8"": 0, ""new_fc_9"": 27, ""num_neurons"": 8, ""optimizer"": ""Adam"", ""reg_l2"": true, ""skip_connection"": false, ""unit_c1"": 2, ""unit_c2"": 4}"
478,187,flops,,,3.5477557066666665,532163356.0,13842570.0,,7865.7099,"{""activation"": ""elu"", ""batch_size"": 8, ""data_augmentation"": false, ""dr_f"": 0.074981321723, ""learning_rate"": 0.000643792869, ""new_fc_1"": 24, ""new_fc_10"": 12, ""new_fc_2"": 5, ""new_fc_3"": 4, ""new_fc_4"": 29, ""new_fc_5"": 7, ""new_fc_6"": 27, ""new_fc_7"": 9, ""new_fc_8"": 23, ""new_fc_9"": 27, ""num_neurons"": 32, ""optimizer"": ""SGD"", ""reg_l2"": true, ""skip_connection"": false, ""unit_c1"": 3, ""unit_c2"": 7}"
479,188,accuracy,0.5627999901771545,0.43720000982284546,0.040751706666666665,6112756.0,48082.0,-0.5938144948759918,8191.4156,"{""activation"": ""selu"", ""batch_size"": 64, ""data_augmentation"": false, ""dr_f"": 0.030371473224, ""learning_rate"": 0.000405461253, ""new_fc_1"": 1, ""new_fc_10"": 27, ""new_fc_2"": 7, ""new_fc_3"": 12, ""new_fc_4"": 3, ""new_fc_5"": 32, ""new_fc_6"": 24, ""new_fc_7"": 29, ""new_fc_8"": 18, ""new_fc_9"": 9, ""num_neurons"": 4, ""optimizer"": ""SGD"", ""reg_l2"": false, ""skip_connection"": false, ""unit_c1"": 4, ""unit_c2"": 1}"
480,188,flops,,,12.52627112,1878940668.0,25967050.0,,8194.9659,"{""activation"": ""swish"", ""batch_size"": 8, ""data_augmentation"": true, ""dr_f"": 0.316960938283, ""learning_rate"": 0.000597690559, ""new_fc_1"": 11, ""new_fc_10"": 29, ""new_fc_2"": 5, ""new_fc_3"": 25, ""new_fc_4"": 30, ""new_fc_5"": 18, ""new_fc_6"": 5, ""new_fc_7"": 22, ""new_fc_8"": 12, ""new_fc_9"": 28, ""num_neurons"": 64, ""optimizer"": ""Adagrad"", ""reg_l2"": false, ""skip_connection"": true, ""unit_c1"": 4, ""unit_c2"": 4}"
481,188,flops,,,3.7428437066666667,561426556.0,48257930.0,,8199.0298,"{""activation"": ""swish"", ""batch_size"": 32, ""data_augmentation"": true, ""dr_f"": 0.034460468365, ""learning_rate"": 0.000122481325, ""new_fc_1"": 0, ""new_fc_10"": 13, ""new_fc_2"": 32, ""new_fc_3"": 17, ""new_fc_4"": 14, ""new_fc_5"": 30, ""new_fc_6"": 18, ""new_fc_7"": 17, ""new_fc_8"": 21, ""new_fc_9"": 29, ""num_neurons"": 64, ""optimizer"": ""Adagrad"", ""reg_l2"": true, ""skip_connection"": true, ""unit_c1"": 1, ""unit_c2"": 4}"
482,188,flops,,,0.5406438133333333,81096572.0,4138506.0,,8201.3702,"{""activation"": ""swish"", ""batch_size"": 8, ""data_augmentation"": true, ""dr_f"": 0.375346375841, ""learning_rate"": 0.00026218484, ""new_fc_1"": 29, ""new_fc_10"": 9, ""new_fc_2"": 27, ""new_fc_3"": 15, ""new_fc_4"": 30, ""new_fc_5"": 19, ""new_fc_6"": 11, ""new_fc_7"": 5, ""new_fc_8"": 7, ""new_fc_9"": 8, ""num_neurons"": 16, ""optimizer"": ""Adam"", ""reg_l2"": true, ""skip_connection"": true, ""unit_c1"": 1, ""unit_c2"": 7}"
483,188,flops,,,14.117691706666667,2117653756.0,55634314.0,,8205.5789,"{""activation"": ""elu"", ""batch_size"": 32, ""data_augmentation"": true, ""dr_f"": 0.405160408556, ""learning_rate"": 0.000946024355, ""new_fc_1"": 23, ""new_fc_10"": 21, ""new_fc_2"": 11, ""new_fc_3"": 2, ""new_fc_4"": 30, ""new_fc_5"": 19, ""new_fc_6"": 9, ""new_fc_7"": 13, ""new_fc_8"": 19, ""new_fc_9"": 28, ""num_neurons"": 64, ""optimizer"": ""Adam"", ""reg_l2"": false, ""skip_connection"": false, ""unit_c1"": 3, ""unit_c2"": 7}"
484,189,accuracy,0.8801999986171722,0.11980000138282776,0.024938746666666668,3740812.0,46646.0,-0.37637837696797943,9191.2853,"{""activation"": ""relu"", ""batch_size"": 8, ""data_augmentation"": false, ""dr_f"": 0.201047578698, ""learning_rate"": 0.000145414328, ""new_fc_1"": 6, ""new_fc_10"": 21, ""new_fc_2"": 29, ""new_fc_3"": 6, ""new_fc_4"": 4, ""new_fc_5"": 30, ""new_fc_6"": 18, ""new_fc_7"": 23, ""new_fc_8"": 8, ""new_fc_9"": 23, ""num_neurons"": 4, ""optimizer"": ""SGD"", ""reg_l2"": true, ""skip_connection"": false, ""unit_c1"": 3, ""unit_c2"": 1}"
485,189,flops,,,7.73615656,1160423484.0,14047434.0,,9193.8574,"{""activation"": ""relu"", ""batch_size"": 8, ""data_augmentation"": true, ""dr_f"": 0.107491970162, ""learning_rate"": 0.000725538027, ""new_fc_1"": 5, ""new_fc_10"": 4, ""new_fc_2"": 4, ""new_fc_3"": 2, ""new_fc_4"": 3, ""new_fc_5"": 8, ""new_fc_6"": 13, ""new_fc_7"": 4, ""new_fc_8"": 24, ""new_fc_9"": 13, ""num_neurons"": 64, ""optimizer"": ""Adamax"", ""reg_l2"": false, ""skip_connection"": false, ""unit_c1"": 1, ""unit_c2"": 7}"
486,190,accuracy,0.3306000232696533,0.6693999767303467,0.02921512,4382268.0,116158.0,-0.7598154477112427,10239.6364,"{""activation"": ""swish"", ""batch_size"": 16, ""data_augmentation"": false, ""dr_f"": 0.222330580509, ""learning_rate"": 0.000417106986, ""new_fc_1"": 29, ""new_fc_10"": 1, ""new_fc_2"": 0, ""new_fc_3"": 28, ""new_fc_4"": 6, ""new_fc_5"": 28, ""new_fc_6"": 26, ""new_fc_7"": 18, ""new_fc_8"": 27, ""new_fc_9"": 17, ""num_neurons"": 4, ""optimizer"": ""Adam"", ""reg_l2"": false, ""skip_connection"": false, ""unit_c1"": 3, ""unit_c2"": 2}"
487,191,accuracy,0.49400001764297485,0.5059999823570251,0.14230392,21345588.0,781346.0,-0.6115088116499175,12365.68,"{""activation"": ""elu"", ""batch_size"": 8, ""data_augmentation"": true, ""dr_f"": 0.094319368387, ""learning_rate"": 0.000398719912, ""new_fc_1"": 25, ""new_fc_10"": 29, ""new_fc_2"": 23, ""new_fc_3"": 16, ""new_fc_4"": 3, ""new_fc_5"": 15, ""new_fc_6"": 4, ""new_fc_7"": 4, ""new_fc_8"": 16, ""new_fc_9"": 20, ""num_neurons"": 8, ""optimizer"": ""Adadelta"", ""reg_l2"": false, ""skip_connection"": false, ""unit_c1"": 2, ""unit_c2"": 6}"
488,191,flops,,,1.32430824,198646236.0,2261770.0,,12368.1105,"{""activation"": ""elu"", ""batch_size"": 64, ""data_augmentation"": true, ""dr_f"": 0.045558464946, ""learning_rate"": 0.000781648622, ""new_fc_1"": 9, ""new_fc_10"": 11, ""new_fc_2"": 12, ""new_fc_3"": 27, ""new_fc_4"": 31, ""new_fc_5"": 0, ""new_fc_6"": 2, ""new_fc_7"": 9, ""new_fc_8"": 5, ""new_fc_9"": 7, ""num_neurons"": 32, ""optimizer"": ""Adadelta"", ""reg_l2"": false, ""skip_connection"": false, ""unit_c1"": 3, ""unit_c2"": 1}"
489,191,flops,,,0.14329325333333334,21493988.0,250890.0,,12370.2155,"{""activation"": ""swish"", ""batch_size"": 8, ""data_augmentation"": false, ""dr_f"": 0.344795321171, ""learning_rate"": 0.00032134057, ""new_fc_1"": 6, ""new_fc_10"": 23, ""new_fc_2"": 3, ""new_fc_3"": 0, ""new_fc_4"": 27, ""new_fc_5"": 14, ""new_fc_6"": 0, ""new_fc_7"": 15, ""new_fc_8"": 19, ""new_fc_9"": 24, ""num_neurons"": 8, ""optimizer"": ""Adamax"", ""reg_l2"": true, ""skip_connection"": true, ""unit_c1"": 3, ""unit_c2"": 4}"
490,191,flops,,,0.04753112,7129668.0,298418.0,,12372.5464,"{""activation"": ""selu"", ""batch_size"": 64, ""data_augmentation"": false, ""dr_f"": 0.092183468665, ""learning_rate"": 0.000495329054, ""new_fc_1"": 18, ""new_fc_10"": 8, ""new_fc_2"": 1, ""new_fc_3"": 30, ""new_fc_4"": 24, ""new_fc_5"": 26, ""new_fc_6"": 22, ""new_fc_7"": 15, ""new_fc_8"": 20, ""new_fc_9"": 29, ""num_neurons"": 8, ""optimizer"": ""SGD"", ""reg_l2"": false, ""skip_connection"": false, ""unit_c1"": 2, ""unit_c2"": 1}"
491,192,accuracy,0.9001000002026558,0.09989999979734421,0.2074388,31115820.0,892938.0,-0.3076983598581409,12818.8374,"{""activation"": ""swish"", ""batch_size"": 16, ""data_augmentation"": false, ""dr_f"": 0.332253972363, ""learning_rate"": 0.000718514573, ""new_fc_1"": 5, ""new_fc_10"": 5, ""new_fc_2"": 12, ""new_fc_3"": 20, ""new_fc_4"": 31, ""new_fc_5"": 14, ""new_fc_6"": 1, ""new_fc_7"": 14, ""new_fc_8"": 16, ""new_fc_9"": 19, ""num_neurons"": 16, ""optimizer"": ""Adadelta"", ""reg_l2"": true, ""skip_connection"": false, ""unit_c1"": 1, ""unit_c2"": 4}"
492,192,flops,,,14.196445413333333,2129466812.0,8727626.0,,12821.2775,"{""activation"": ""elu"", ""batch_size"": 8, ""data_augmentation"": true, ""dr_f"": 0.227617755767, ""learning_rate"": 0.000823809774, ""new_fc_1"": 2, ""new_fc_10"": 12, ""new_fc_2"": 16, ""new_fc_3"": 0, ""new_fc_4"": 20, ""new_fc_5"": 3, ""new_fc_6"": 24, ""new_fc_7"": 0, ""new_fc_8"": 4, ""new_fc_9"": 21, ""num_neurons"": 64, ""optimizer"": ""Adadelta"", ""reg_l2"": true, ""skip_connection"": true, ""unit_c1"": 4, ""unit_c2"": 5}"
493,193,accuracy,0.5119999945163727,0.4880000054836273,0.07282381333333333,10923572.0,257114.0,-0.6197528598385391,13446.929,"{""activation"": ""selu"", ""batch_size"": 32, ""data_augmentation"": true, ""dr_f"": 0.344809409027, ""learning_rate"": 0.000671977016, ""new_fc_1"": 3, ""new_fc_10"": 16, ""new_fc_2"": 8, ""new_fc_3"": 14, ""new_fc_4"": 20, ""new_fc_5"": 32, ""new_fc_6"": 16, ""new_fc_7"": 23, ""new_fc_8"": 31, ""new_fc_9"": 12, ""num_neurons"": 8, ""optimizer"": ""Adam"", ""reg_l2"": true, ""skip_connection"": true, ""unit_c1"": 2, ""unit_c2"": 3}"
494,194,accuracy,0.8945999965071678,0.10540000349283218,0.07200349333333333,10800524.0,149490.0,-0.3521789544449825,13592.7916,"{""activation"": ""swish"", ""batch_size"": 64, ""data_augmentation"": true, ""dr_f"": 0.121521715593, ""learning_rate"": 0.000172771298, ""new_fc_1"": 16, ""new_fc_10"": 28, ""new_fc_2"": 12, ""new_fc_3"": 27, ""new_fc_4"": 28, ""new_fc_5"": 3, ""new_fc_6"": 25, ""new_fc_7"": 7, ""new_fc_8"": 3, ""new_fc_9"": 23, ""num_neurons"": 4, ""optimizer"": ""Adadelta"", ""reg_l2"": true, ""skip_connection"": true, ""unit_c1"": 4, ""unit_c2"": 6}"
495,195,accuracy,10000000000.0,,4.160920506666667,624138076.0,9574378.0,10000000000.0,13595.2249,"{""activation"": ""elu"", ""batch_size"": 8, ""data_augmentation"": false, ""dr_f"": 0.261850962019, ""learning_rate"": 0.000122010241, ""new_fc_1"": 17, ""new_fc_10"": 8, ""new_fc_2"": 23, ""new_fc_3"": 17, ""new_fc_4"": 26, ""new_fc_5"": 1, ""new_fc_6"": 15, ""new_fc_7"": 19, ""new_fc_8"": 24, ""new_fc_9"": 3, ""num_neurons"": 32, ""optimizer"": ""Adagrad"", ""reg_l2"": false, ""skip_connection"": true, ""unit_c1"": 4, ""unit_c2"": 6}"
496,195,flops,,,0.13723218666666667,20584828.0,400858.0,,13597.6245,"{""activation"": ""elu"", ""batch_size"": 32, ""data_augmentation"": true, ""dr_f"": 0.263006984409, ""learning_rate"": 0.000692388701, ""new_fc_1"": 11, ""new_fc_10"": 2, ""new_fc_2"": 14, ""new_fc_3"": 16, ""new_fc_4"": 8, ""new_fc_5"": 15, ""new_fc_6"": 6, ""new_fc_7"": 9, ""new_fc_8"": 20, ""new_fc_9"": 27, ""num_neurons"": 8, ""optimizer"": ""Adam"", ""reg_l2"": false, ""skip_connection"": false, ""unit_c1"": 2, ""unit_c2"": 6}"
497,195,flops,,,0.02732792,4099188.0,166470.0,,13599.9331,"{""activation"": ""swish"", ""batch_size"": 64, ""data_augmentation"": false, ""dr_f"": 0.091536020973, ""learning_rate"": 0.000244453215, ""new_fc_1"": 21, ""new_fc_10"": 27, ""new_fc_2"": 29, ""new_fc_3"": 6, ""new_fc_4"": 13, ""new_fc_5"": 19, ""new_fc_6"": 2, ""new_fc_7"": 15, ""new_fc_8"": 17, ""new_fc_9"": 9, ""num_neurons"": 4, ""optimizer"": ""Adagrad"", ""reg_l2"": true, ""skip_connection"": true, ""unit_c1"": 1, ""unit_c2"": 6}"
498,195,flops,,,0.22198194666666668,33297292.0,1576634.0,,13602.2065,"{""activation"": ""selu"", ""batch_size"": 8, ""data_augmentation"": true, ""dr_f"": 0.232534736179, ""learning_rate"": 0.00044161634, ""new_fc_1"": 26, ""new_fc_10"": 12, ""new_fc_2"": 11, ""new_fc_3"": 18, ""new_fc_4"": 10, ""new_fc_5"": 15, ""new_fc_6"": 27, ""new_fc_7"": 0, ""new_fc_8"": 30, ""new_fc_9"": 16, ""num_neurons"": 16, ""optimizer"": ""SGD"", ""reg_l2"": true, ""skip_connection"": false, ""unit_c1"": 2, ""unit_c2"": 2}"
499,196,accuracy,0.8428999930620193,0.15710000693798065,0.10460296,15690444.0,367954.0,-0.37858911685658647,13927.9913,"{""activation"": ""relu"", ""batch_size"": 32, ""data_augmentation"": false, ""dr_f"": 0.078951732094, ""learning_rate"": 0.000258984311, ""new_fc_1"": 29, ""new_fc_10"": 0, ""new_fc_2"": 7, ""new_fc_3"": 26, ""new_fc_4"": 17, ""new_fc_5"": 17, ""new_fc_6"": 28, ""new_fc_7"": 4, ""new_fc_8"": 4, ""new_fc_9"": 22, ""num_neurons"": 8, ""optimizer"": ""SGD"", ""reg_l2"": true, ""skip_connection"": false, ""unit_c1"": 3, ""unit_c2"": 2}"
500,197,accuracy,0.29989999532699585,0.7001000046730042,0.22198194666666668,33297292.0,1576634.0,-0.7234754192711028,15814.1391,"{""activation"": ""selu"", ""batch_size"": 8, ""data_augmentation"": true, ""dr_f"": 0.232534736179, ""learning_rate"": 0.00044161634, ""new_fc_1"": 26, ""new_fc_10"": 12, ""new_fc_2"": 11, ""new_fc_3"": 18, ""new_fc_4"": 10, ""new_fc_5"": 15, ""new_fc_6"": 27, ""new_fc_7"": 0, ""new_fc_8"": 30, ""new_fc_9"": 16, ""num_neurons"": 16, ""optimizer"": ""SGD"", ""reg_l2"": true, ""skip_connection"": false, ""unit_c1"": 2, ""unit_c2"": 2}"
501,198,accuracy,0.8999999985098839,0.10000000149011612,0.13112594666666666,19668892.0,558330.0,-0.3306622170430813,16200.235,"{""activation"": ""swish"", ""batch_size"": 16, ""data_augmentation"": false, ""dr_f"": 0.059565326628, ""learning_rate"": 0.000487699745, ""new_fc_1"": 14, ""new_fc_10"": 30, ""new_fc_2"": 26, ""new_fc_3"": 2, ""new_fc_4"": 24, ""new_fc_5"": 9, ""new_fc_6"": 5, ""new_fc_7"": 12, ""new_fc_8"": 7, ""new_fc_9"": 27, ""num_neurons"": 8, ""optimizer"": ""Adagrad"", ""reg_l2"": false, ""skip_connection"": true, ""unit_c1"": 1, ""unit_c2"": 7}"
502,198,flops,,,0.35184093333333333,52776140.0,1024346.0,,16202.1375,"{""activation"": ""elu"", ""batch_size"": 64, ""data_augmentation"": true, ""dr_f"": 0.332111649838, ""learning_rate"": 0.000652456732, ""new_fc_1"": 0, ""new_fc_10"": 1, ""new_fc_2"": 29, ""new_fc_3"": 28, ""new_fc_4"": 3, ""new_fc_5"": 28, ""new_fc_6"": 26, ""new_fc_7"": 1, ""new_fc_8"": 11, ""new_fc_9"": 22, ""num_neurons"": 16, ""optimizer"": ""Adam"", ""reg_l2"": true, ""skip_connection"": true, ""unit_c1"": 3, ""unit_c2"": 1}"
503,199,accuracy,0.7312999963760376,0.2687000036239624,0.20978056,31467084.0,793610.0,-0.42515583453677364,16887.5573,"{""activation"": ""elu"", ""batch_size"": 32, ""data_augmentation"": false, ""dr_f"": 0.392421893252, ""learning_rate"": 0.000173955983, ""new_fc_1"": 1, ""new_fc_10"": 3, ""new_fc_2"": 30, ""new_fc_3"": 8, ""new_fc_4"": 13, ""new_fc_5"": 9, ""new_fc_6"": 23, ""new_fc_7"": 32, ""new_fc_8"": 19, ""new_fc_9"": 27, ""num_neurons"": 16, ""optimizer"": ""Adadelta"", ""reg_l2"": false, ""skip_connection"": true, ""unit_c1"": 1, ""unit_c2"": 4}"
504,199,flops,,,1.5469448266666668,232041724.0,17614474.0,,16890.2136,"{""activation"": ""relu"", ""batch_size"": 8, ""data_augmentation"": false, ""dr_f"": 0.087555973201, ""learning_rate"": 0.000348355062, ""new_fc_1"": 8, ""new_fc_10"": 32, ""new_fc_2"": 2, ""new_fc_3"": 12, ""new_fc_4"": 15, ""new_fc_5"": 31, ""new_fc_6"": 30, ""new_fc_7"": 20, ""new_fc_8"": 12, ""new_fc_9"": 17, ""num_neurons"": 64, ""optimizer"": ""Adagrad"", ""reg_l2"": false, ""skip_connection"": true, ""unit_c1"": 1, ""unit_c2"": 2}"
505,200,accuracy,0.3962000012397766,0.6037999987602234,0.06546888,9820332.0,906986.0,-0.7030193351321563,18896.3352,"{""activation"": ""selu"", ""batch_size"": 8, ""data_augmentation"": false, ""dr_f"": 0.357507975038, ""learning_rate"": 0.000898229392, ""new_fc_1"": 9, ""new_fc_10"": 20, ""new_fc_2"": 17, ""new_fc_3"": 5, ""new_fc_4"": 32, ""new_fc_5"": 27, ""new_fc_6"": 15, ""new_fc_7"": 26, ""new_fc_8"": 7, ""new_fc_9"": 25, ""num_neurons"": 16, ""optimizer"": ""SGD"", ""reg_l2"": true, ""skip_connection"": false, ""unit_c1"": 1, ""unit_c2"": 1}"
