[exp_config] Created config.yaml at: /hpc/home/fresca/EDGE-DNNTuner/results_BANANAS_mid/bananas_cifar10_seed96/config.yaml
50000 train samples
10000 test samples
Initialized NeuralNetwork with dataset. ROI mode: False
FLOPS module weight: 0.3

STARTING BANANAS BASELINE


--- BANANAS ITERATION 1 / 50 ---
Chosen point: {'num_neurons': 8, 'unit_c1': 3, 'unit_c2': 5, 'dr_f': 0.4141006253868248, 'learning_rate': 0.0009134924272615968, 'batch_size': 32, 'optimizer': 'Adam', 'activation': 'relu', 'data_augmentation': True, 'reg_l2': True, 'skip_connection': False, 'new_fc_1': 17, 'new_fc_2': 3, 'new_fc_3': 26, 'new_fc_4': 15, 'new_fc_5': 24, 'new_fc_6': 20, 'new_fc_7': 21, 'new_fc_8': 12, 'new_fc_9': 8, 'new_fc_10': 1}
[94m
|  --> START TRAINING ITERATION 0[0m
[INFO] Flags -> DA: True, L2: True, Skip: False
Building model with input_shape=(32, 32, 3), pos_input_shape=None, layer_x_block=2
Model: "model"
_________________________________________________________________
 Layer (type)                Output Shape              Param #   
=================================================================
 input_2 (InputLayer)        [(None, 32, 32, 3)]       0         
                                                                 
 conv2d (Conv2D)             (None, 32, 32, 24)        672       
                                                                 
 activation (Activation)     (None, 32, 32, 24)        0         
                                                                 
 conv2d_1 (Conv2D)           (None, 32, 32, 24)        5208      
                                                                 
 activation_1 (Activation)   (None, 32, 32, 24)        0         
                                                                 
 max_pooling2d (MaxPooling2  (None, 16, 16, 24)        0         
 D)                                                              
                                                                 
 conv2d_2 (Conv2D)           (None, 16, 16, 40)        8680      
                                                                 
 activation_2 (Activation)   (None, 16, 16, 40)        0         
                                                                 
 conv2d_3 (Conv2D)           (None, 16, 16, 40)        14440     
                                                                 
 activation_3 (Activation)   (None, 16, 16, 40)        0         
                                                                 
 max_pooling2d_1 (MaxPoolin  (None, 8, 8, 40)          0         
 g2D)                                                            
                                                                 
 flatten (Flatten)           (None, 2560)              0         
                                                                 
 dense (Dense)               (None, 136)               348296    
                                                                 
 activation_4 (Activation)   (None, 136)               0         
                                                                 
 dropout (Dropout)           (None, 136)               0         
                                                                 
 dense_1 (Dense)             (None, 24)                3288      
                                                                 
 activation_5 (Activation)   (None, 24)                0         
                                                                 
 dropout_1 (Dropout)         (None, 24)                0         
                                                                 
 dense_2 (Dense)             (None, 208)               5200      
                                                                 
 activation_6 (Activation)   (None, 208)               0         
                                                                 
 dropout_2 (Dropout)         (None, 208)               0         
                                                                 
 dense_3 (Dense)             (None, 120)               25080     
                                                                 
 activation_7 (Activation)   (None, 120)               0         
                                                                 
 dropout_3 (Dropout)         (None, 120)               0         
                                                                 
 dense_4 (Dense)             (None, 192)               23232     
                                                                 
 activation_8 (Activation)   (None, 192)               0         
                                                                 
 dropout_4 (Dropout)         (None, 192)               0         
                                                                 
 dense_5 (Dense)             (None, 160)               30880     
                                                                 
 activation_9 (Activation)   (None, 160)               0         
                                                                 
 dropout_5 (Dropout)         (None, 160)               0         
                                                                 
 dense_6 (Dense)             (None, 168)               27048     
                                                                 
 activation_10 (Activation)  (None, 168)               0         
                                                                 
 dropout_6 (Dropout)         (None, 168)               0         
                                                                 
 dense_7 (Dense)             (None, 96)                16224     
                                                                 
 activation_11 (Activation)  (None, 96)                0         
                                                                 
 dropout_7 (Dropout)         (None, 96)                0         
                                                                 
 dense_8 (Dense)             (None, 64)                6208      
                                                                 
 activation_12 (Activation)  (None, 64)                0         
                                                                 
 dropout_8 (Dropout)         (None, 64)                0         
                                                                 
 dense_9 (Dense)             (None, 8)                 520       
                                                                 
 activation_13 (Activation)  (None, 8)                 0         
                                                                 
 dropout_9 (Dropout)         (None, 8)                 0         
                                                                 
 dense_10 (Dense)            (None, 10)                90        
                                                                 
=================================================================
Total params: 515066 (1.96 MB)
Trainable params: 515066 (1.96 MB)
Non-trainable params: 0 (0.00 Byte)
_________________________________________________________________
Epoch 1/20
1563/1563 - 8s - loss: 2.6492 - accuracy: 0.0981 - val_loss: 2.3026 - val_accuracy: 0.1000 - 8s/epoch - 5ms/step
Epoch 2/20
1563/1563 - 5s - loss: 2.3028 - accuracy: 0.0979 - val_loss: 2.3026 - val_accuracy: 0.1000 - 5s/epoch - 3ms/step
Epoch 3/20
1563/1563 - 5s - loss: 2.3028 - accuracy: 0.0976 - val_loss: 2.3026 - val_accuracy: 0.1000 - 5s/epoch - 3ms/step
Epoch 4/20
1563/1563 - 5s - loss: 2.3028 - accuracy: 0.0978 - val_loss: 2.3026 - val_accuracy: 0.1000 - 5s/epoch - 3ms/step
Epoch 5/20
1563/1563 - 5s - loss: 2.3027 - accuracy: 0.0969 - val_loss: 2.3026 - val_accuracy: 0.1000 - 5s/epoch - 3ms/step
Epoch 6/20
1563/1563 - 5s - loss: 2.3028 - accuracy: 0.0973 - val_loss: 2.3026 - val_accuracy: 0.1000 - 5s/epoch - 3ms/step
Epoch 7/20
1563/1563 - 5s - loss: 2.3028 - accuracy: 0.0970 - val_loss: 2.3026 - val_accuracy: 0.1000 - 5s/epoch - 3ms/step
Epoch 8/20
1563/1563 - 5s - loss: 2.3028 - accuracy: 0.0967 - val_loss: 2.3026 - val_accuracy: 0.1000 - 5s/epoch - 3ms/step
Epoch 9/20
1563/1563 - 5s - loss: 2.3028 - accuracy: 0.0962 - val_loss: 2.3026 - val_accuracy: 0.1000 - 5s/epoch - 3ms/step
Epoch 10/20
1563/1563 - 5s - loss: 2.3027 - accuracy: 0.0994 - val_loss: 2.3026 - val_accuracy: 0.1000 - 5s/epoch - 3ms/step
Epoch 11/20
1563/1563 - 5s - loss: 2.3028 - accuracy: 0.0996 - val_loss: 2.3026 - val_accuracy: 0.1000 - 5s/epoch - 3ms/step
Epoch 12/20
1563/1563 - 5s - loss: 2.3028 - accuracy: 0.0985 - val_loss: 2.3026 - val_accuracy: 0.1000 - 5s/epoch - 3ms/step
Epoch 13/20
1563/1563 - 5s - loss: 2.3028 - accuracy: 0.0971 - val_loss: 2.3026 - val_accuracy: 0.1000 - 5s/epoch - 3ms/step
Epoch 14/20
1563/1563 - 5s - loss: 2.3028 - accuracy: 0.0964 - val_loss: 2.3026 - val_accuracy: 0.1000 - 5s/epoch - 3ms/step
Epoch 15/20
1563/1563 - 5s - loss: 2.3027 - accuracy: 0.0990 - val_loss: 2.3026 - val_accuracy: 0.1000 - 5s/epoch - 3ms/step
Epoch 16/20
1563/1563 - 5s - loss: 2.3028 - accuracy: 0.0989 - val_loss: 2.3026 - val_accuracy: 0.1000 - 5s/epoch - 3ms/step
Epoch 17/20
1563/1563 - 5s - loss: 2.3027 - accuracy: 0.1006 - val_loss: 2.3026 - val_accuracy: 0.1000 - 5s/epoch - 3ms/step
Epoch 18/20
1563/1563 - 5s - loss: 2.3028 - accuracy: 0.0982 - val_loss: 2.3026 - val_accuracy: 0.1000 - 5s/epoch - 3ms/step
Epoch 19/20
1563/1563 - 5s - loss: 2.3028 - accuracy: 0.0957 - val_loss: 2.3026 - val_accuracy: 0.1000 - 5s/epoch - 3ms/step
Epoch 20/20
1563/1563 - 5s - loss: 2.3027 - accuracy: 0.0969 - val_loss: 2.3026 - val_accuracy: 0.1000 - 5s/epoch - 3ms/step
313/313 - 0s - loss: 2.3026 - accuracy: 0.1000 - 460ms/epoch - 1ms/step

ACCURACY: 0.10000000149011612


SCORE: -0.3203682810430813

[92m | MODULE VALUES ---------------------------------------------  |
 [0m
FLOPS: 24815860
PARAMS: 515066.0
[92m 
 | -----------------------------------------------------------  |
 [0m
[INFO] New Best Score: -0.3204 (Previous: 10000000000.0000)

--- BANANAS ITERATION 2 / 50 ---
Chosen point: {'num_neurons': 8, 'unit_c1': 3, 'unit_c2': 3, 'dr_f': 0.400985795416245, 'learning_rate': 0.00015249667767705207, 'batch_size': 64, 'optimizer': 'Adam', 'activation': 'selu', 'data_augmentation': False, 'reg_l2': True, 'skip_connection': False, 'new_fc_1': 31, 'new_fc_2': 15, 'new_fc_3': 7, 'new_fc_4': 29, 'new_fc_5': 11, 'new_fc_6': 25, 'new_fc_7': 26, 'new_fc_8': 31, 'new_fc_9': 31, 'new_fc_10': 24}
[94m
|  --> START TRAINING ITERATION 1[0m
[INFO] Flags -> DA: False, L2: True, Skip: False
Building model with input_shape=(32, 32, 3), pos_input_shape=None, layer_x_block=2
Model: "model"
_________________________________________________________________
 Layer (type)                Output Shape              Param #   
=================================================================
 input_1 (InputLayer)        [(None, 32, 32, 3)]       0         
                                                                 
 conv2d (Conv2D)             (None, 32, 32, 24)        672       
                                                                 
 activation (Activation)     (None, 32, 32, 24)        0         
                                                                 
 conv2d_1 (Conv2D)           (None, 32, 32, 24)        5208      
                                                                 
 activation_1 (Activation)   (None, 32, 32, 24)        0         
                                                                 
 max_pooling2d (MaxPooling2  (None, 16, 16, 24)        0         
 D)                                                              
                                                                 
 conv2d_2 (Conv2D)           (None, 16, 16, 24)        5208      
                                                                 
 activation_2 (Activation)   (None, 16, 16, 24)        0         
                                                                 
 conv2d_3 (Conv2D)           (None, 16, 16, 24)        5208      
                                                                 
 activation_3 (Activation)   (None, 16, 16, 24)        0         
                                                                 
 max_pooling2d_1 (MaxPoolin  (None, 8, 8, 24)          0         
 g2D)                                                            
                                                                 
 flatten (Flatten)           (None, 1536)              0         
                                                                 
 dense (Dense)               (None, 248)               381176    
                                                                 
 activation_4 (Activation)   (None, 248)               0         
                                                                 
 dropout (Dropout)           (None, 248)               0         
                                                                 
 dense_1 (Dense)             (None, 120)               29880     
                                                                 
 activation_5 (Activation)   (None, 120)               0         
                                                                 
 dropout_1 (Dropout)         (None, 120)               0         
                                                                 
 dense_2 (Dense)             (None, 56)                6776      
                                                                 
 activation_6 (Activation)   (None, 56)                0         
                                                                 
 dropout_2 (Dropout)         (None, 56)                0         
                                                                 
 dense_3 (Dense)             (None, 232)               13224     
                                                                 
 activation_7 (Activation)   (None, 232)               0         
                                                                 
 dropout_3 (Dropout)         (None, 232)               0         
                                                                 
 dense_4 (Dense)             (None, 88)                20504     
                                                                 
 activation_8 (Activation)   (None, 88)                0         
                                                                 
 dropout_4 (Dropout)         (None, 88)                0         
                                                                 
 dense_5 (Dense)             (None, 200)               17800     
                                                                 
 activation_9 (Activation)   (None, 200)               0         
                                                                 
 dropout_5 (Dropout)         (None, 200)               0         
                                                                 
 dense_6 (Dense)             (None, 208)               41808     
                                                                 
 activation_10 (Activation)  (None, 208)               0         
                                                                 
 dropout_6 (Dropout)         (None, 208)               0         
                                                                 
 dense_7 (Dense)             (None, 248)               51832     
                                                                 
 activation_11 (Activation)  (None, 248)               0         
                                                                 
 dropout_7 (Dropout)         (None, 248)               0         
                                                                 
 dense_8 (Dense)             (None, 248)               61752     
                                                                 
 activation_12 (Activation)  (None, 248)               0         
                                                                 
 dropout_8 (Dropout)         (None, 248)               0         
                                                                 
 dense_9 (Dense)             (None, 192)               47808     
                                                                 
 activation_13 (Activation)  (None, 192)               0         
                                                                 
 dropout_9 (Dropout)         (None, 192)               0         
                                                                 
 dense_10 (Dense)            (None, 10)                1930      
                                                                 
=================================================================
Total params: 690786 (2.64 MB)
Trainable params: 690786 (2.64 MB)
Non-trainable params: 0 (0.00 Byte)
_________________________________________________________________
Epoch 1/20
782/782 - 4s - loss: 21.9904 - accuracy: 0.1131 - val_loss: 18.5848 - val_accuracy: 0.2309 - 4s/epoch - 5ms/step
Epoch 2/20
782/782 - 3s - loss: 17.0495 - accuracy: 0.1903 - val_loss: 14.6245 - val_accuracy: 0.2971 - 3s/epoch - 3ms/step
Epoch 3/20
782/782 - 3s - loss: 12.8691 - accuracy: 0.2417 - val_loss: 10.7518 - val_accuracy: 0.3096 - 3s/epoch - 3ms/step
Epoch 4/20
782/782 - 3s - loss: 9.1428 - accuracy: 0.2755 - val_loss: 7.3953 - val_accuracy: 0.3313 - 3s/epoch - 3ms/step
Epoch 5/20
782/782 - 3s - loss: 6.1260 - accuracy: 0.2993 - val_loss: 4.8423 - val_accuracy: 0.3582 - 3s/epoch - 3ms/step
Epoch 6/20
782/782 - 3s - loss: 4.0513 - accuracy: 0.3192 - val_loss: 3.2846 - val_accuracy: 0.3521 - 3s/epoch - 3ms/step
Epoch 7/20
782/782 - 3s - loss: 2.8915 - accuracy: 0.3292 - val_loss: 2.5111 - val_accuracy: 0.3605 - 3s/epoch - 3ms/step
Epoch 8/20
782/782 - 3s - loss: 2.3795 - accuracy: 0.3464 - val_loss: 2.2246 - val_accuracy: 0.3702 - 3s/epoch - 3ms/step
Epoch 9/20
782/782 - 3s - loss: 2.1875 - accuracy: 0.3528 - val_loss: 2.0904 - val_accuracy: 0.3782 - 3s/epoch - 3ms/step
Epoch 10/20
782/782 - 3s - loss: 2.1022 - accuracy: 0.3620 - val_loss: 2.0439 - val_accuracy: 0.3807 - 3s/epoch - 3ms/step
Epoch 11/20
782/782 - 3s - loss: 2.0514 - accuracy: 0.3746 - val_loss: 2.0439 - val_accuracy: 0.3790 - 3s/epoch - 3ms/step
Epoch 12/20
782/782 - 3s - loss: 2.0155 - accuracy: 0.3812 - val_loss: 1.9726 - val_accuracy: 0.4046 - 3s/epoch - 3ms/step
Epoch 13/20
782/782 - 3s - loss: 1.9855 - accuracy: 0.3920 - val_loss: 1.9371 - val_accuracy: 0.4195 - 3s/epoch - 3ms/step
Epoch 14/20
782/782 - 3s - loss: 1.9557 - accuracy: 0.4039 - val_loss: 1.9172 - val_accuracy: 0.4223 - 3s/epoch - 3ms/step
Epoch 15/20
782/782 - 3s - loss: 1.9306 - accuracy: 0.4097 - val_loss: 1.9271 - val_accuracy: 0.4072 - 3s/epoch - 3ms/step
Epoch 16/20
782/782 - 3s - loss: 1.9030 - accuracy: 0.4159 - val_loss: 1.8458 - val_accuracy: 0.4348 - 3s/epoch - 3ms/step
Epoch 17/20
782/782 - 3s - loss: 1.8875 - accuracy: 0.4224 - val_loss: 1.8610 - val_accuracy: 0.4277 - 3s/epoch - 3ms/step
Epoch 18/20
782/782 - 3s - loss: 1.8664 - accuracy: 0.4271 - val_loss: 1.8311 - val_accuracy: 0.4411 - 3s/epoch - 3ms/step
Epoch 19/20
782/782 - 3s - loss: 1.8576 - accuracy: 0.4300 - val_loss: 1.8199 - val_accuracy: 0.4492 - 3s/epoch - 3ms/step
Epoch 20/20
782/782 - 3s - loss: 1.8409 - accuracy: 0.4341 - val_loss: 1.7979 - val_accuracy: 0.4499 - 3s/epoch - 3ms/step
313/313 - 1s - loss: 1.7979 - accuracy: 0.4499 - 524ms/epoch - 2ms/step

ACCURACY: 0.4499000012874603


SCORE: -0.5775466169012222

[92m | MODULE VALUES ---------------------------------------------  |
 [0m
FLOPS: 18691692
PARAMS: 690786.0
[92m 
 | -----------------------------------------------------------  |
 [0m
[INFO] New Best Score: -0.5775 (Previous: -0.3204)

--- BANANAS ITERATION 3 / 50 ---
Chosen point: {'num_neurons': 8, 'unit_c1': 1, 'unit_c2': 8, 'dr_f': 0.23104976378076306, 'learning_rate': 0.0009394053181012785, 'batch_size': 64, 'optimizer': 'Adamax', 'activation': 'swish', 'data_augmentation': True, 'reg_l2': True, 'skip_connection': False, 'new_fc_1': 10, 'new_fc_2': 19, 'new_fc_3': 13, 'new_fc_4': 9, 'new_fc_5': 16, 'new_fc_6': 1, 'new_fc_7': 30, 'new_fc_8': 12, 'new_fc_9': 0, 'new_fc_10': 25}
[94m
|  --> START TRAINING ITERATION 2[0m
[INFO] Flags -> DA: True, L2: True, Skip: False
Building model with input_shape=(32, 32, 3), pos_input_shape=None, layer_x_block=2
Model: "model"
_________________________________________________________________
 Layer (type)                Output Shape              Param #   
=================================================================
 input_2 (InputLayer)        [(None, 32, 32, 3)]       0         
                                                                 
 conv2d (Conv2D)             (None, 32, 32, 8)         224       
                                                                 
 activation (Activation)     (None, 32, 32, 8)         0         
                                                                 
 conv2d_1 (Conv2D)           (None, 32, 32, 8)         584       
                                                                 
 activation_1 (Activation)   (None, 32, 32, 8)         0         
                                                                 
 max_pooling2d (MaxPooling2  (None, 16, 16, 8)         0         
 D)                                                              
                                                                 
 conv2d_2 (Conv2D)           (None, 16, 16, 64)        4672      
                                                                 
 activation_2 (Activation)   (None, 16, 16, 64)        0         
                                                                 
 conv2d_3 (Conv2D)           (None, 16, 16, 64)        36928     
                                                                 
 activation_3 (Activation)   (None, 16, 16, 64)        0         
                                                                 
 max_pooling2d_1 (MaxPoolin  (None, 8, 8, 64)          0         
 g2D)                                                            
                                                                 
 flatten (Flatten)           (None, 4096)              0         
                                                                 
 dense (Dense)               (None, 80)                327760    
                                                                 
 activation_4 (Activation)   (None, 80)                0         
                                                                 
 dropout (Dropout)           (None, 80)                0         
                                                                 
 dense_1 (Dense)             (None, 152)               12312     
                                                                 
 activation_5 (Activation)   (None, 152)               0         
                                                                 
 dropout_1 (Dropout)         (None, 152)               0         
                                                                 
 dense_2 (Dense)             (None, 104)               15912     
                                                                 
 activation_6 (Activation)   (None, 104)               0         
                                                                 
 dropout_2 (Dropout)         (None, 104)               0         
                                                                 
 dense_3 (Dense)             (None, 72)                7560      
                                                                 
 activation_7 (Activation)   (None, 72)                0         
                                                                 
 dropout_3 (Dropout)         (None, 72)                0         
                                                                 
 dense_4 (Dense)             (None, 128)               9344      
                                                                 
 activation_8 (Activation)   (None, 128)               0         
                                                                 
 dropout_4 (Dropout)         (None, 128)               0         
                                                                 
 dense_5 (Dense)             (None, 8)                 1032      
                                                                 
 activation_9 (Activation)   (None, 8)                 0         
                                                                 
 dropout_5 (Dropout)         (None, 8)                 0         
                                                                 
 dense_6 (Dense)             (None, 240)               2160      
                                                                 
 activation_10 (Activation)  (None, 240)               0         
                                                                 
 dropout_6 (Dropout)         (None, 240)               0         
                                                                 
 dense_7 (Dense)             (None, 96)                23136     
                                                                 
 activation_11 (Activation)  (None, 96)                0         
                                                                 
 dropout_7 (Dropout)         (None, 96)                0         
                                                                 
 dense_8 (Dense)             (None, 200)               19400     
                                                                 
 activation_12 (Activation)  (None, 200)               0         
                                                                 
 dropout_8 (Dropout)         (None, 200)               0         
                                                                 
 dense_9 (Dense)             (None, 10)                2010      
                                                                 
=================================================================
Total params: 463034 (1.77 MB)
Trainable params: 463034 (1.77 MB)
Non-trainable params: 0 (0.00 Byte)
_________________________________________________________________
Epoch 1/20
782/782 - 5s - loss: 2.8743 - accuracy: 0.0970 - val_loss: 2.3026 - val_accuracy: 0.1000 - 5s/epoch - 6ms/step
Epoch 2/20
782/782 - 3s - loss: 2.3026 - accuracy: 0.0964 - val_loss: 2.3026 - val_accuracy: 0.1000 - 3s/epoch - 4ms/step
Epoch 3/20
782/782 - 3s - loss: 2.3026 - accuracy: 0.0976 - val_loss: 2.3026 - val_accuracy: 0.1000 - 3s/epoch - 4ms/step
Epoch 4/20
782/782 - 3s - loss: 2.3026 - accuracy: 0.0977 - val_loss: 2.3026 - val_accuracy: 0.1000 - 3s/epoch - 4ms/step
Epoch 5/20
782/782 - 3s - loss: 2.3026 - accuracy: 0.0994 - val_loss: 2.3026 - val_accuracy: 0.1000 - 3s/epoch - 4ms/step
Epoch 6/20
782/782 - 3s - loss: 2.3026 - accuracy: 0.0990 - val_loss: 2.3026 - val_accuracy: 0.1000 - 3s/epoch - 4ms/step
Epoch 7/20
782/782 - 3s - loss: 2.3026 - accuracy: 0.0967 - val_loss: 2.3026 - val_accuracy: 0.1000 - 3s/epoch - 4ms/step
Epoch 8/20
782/782 - 3s - loss: 2.3027 - accuracy: 0.0983 - val_loss: 2.3026 - val_accuracy: 0.1000 - 3s/epoch - 4ms/step
Epoch 9/20
782/782 - 3s - loss: 2.3026 - accuracy: 0.0966 - val_loss: 2.3026 - val_accuracy: 0.1000 - 3s/epoch - 4ms/step
Epoch 10/20
782/782 - 3s - loss: 2.3026 - accuracy: 0.0984 - val_loss: 2.3026 - val_accuracy: 0.1000 - 3s/epoch - 4ms/step
Epoch 11/20
782/782 - 3s - loss: 2.3027 - accuracy: 0.0951 - val_loss: 2.3026 - val_accuracy: 0.1000 - 3s/epoch - 4ms/step
Epoch 12/20
782/782 - 3s - loss: 2.3026 - accuracy: 0.0990 - val_loss: 2.3026 - val_accuracy: 0.1000 - 3s/epoch - 4ms/step
Epoch 13/20
782/782 - 3s - loss: 2.3027 - accuracy: 0.0981 - val_loss: 2.3026 - val_accuracy: 0.1000 - 3s/epoch - 4ms/step
Epoch 14/20
782/782 - 3s - loss: 2.3026 - accuracy: 0.0968 - val_loss: 2.3026 - val_accuracy: 0.1000 - 3s/epoch - 4ms/step
Epoch 15/20
782/782 - 3s - loss: 2.3026 - accuracy: 0.0989 - val_loss: 2.3026 - val_accuracy: 0.1000 - 3s/epoch - 4ms/step
Epoch 16/20
782/782 - 3s - loss: 2.3026 - accuracy: 0.0974 - val_loss: 2.3026 - val_accuracy: 0.1000 - 3s/epoch - 4ms/step
Epoch 17/20
782/782 - 3s - loss: 2.3026 - accuracy: 0.0971 - val_loss: 2.3026 - val_accuracy: 0.1000 - 3s/epoch - 4ms/step
Epoch 18/20
782/782 - 3s - loss: 2.3027 - accuracy: 0.0989 - val_loss: 2.3026 - val_accuracy: 0.1000 - 3s/epoch - 4ms/step
Epoch 19/20
782/782 - 3s - loss: 2.3027 - accuracy: 0.0973 - val_loss: 2.3026 - val_accuracy: 0.1000 - 3s/epoch - 4ms/step
Epoch 20/20
782/782 - 3s - loss: 2.3026 - accuracy: 0.0970 - val_loss: 2.3026 - val_accuracy: 0.1000 - 3s/epoch - 4ms/step
313/313 - 1s - loss: 2.3026 - accuracy: 0.1000 - 543ms/epoch - 2ms/step

ACCURACY: 0.10000000149011612


SCORE: -0.3222598330430813

[92m | MODULE VALUES ---------------------------------------------  |
 [0m
FLOPS: 23870084
PARAMS: 463034.0
[92m 
 | -----------------------------------------------------------  |
 [0m

--- BANANAS ITERATION 4 / 50 ---
Chosen point: {'num_neurons': 64, 'unit_c1': 1, 'unit_c2': 5, 'dr_f': 0.11509202731391657, 'learning_rate': 0.00032669674993612656, 'batch_size': 64, 'optimizer': 'SGD', 'activation': 'selu', 'data_augmentation': False, 'reg_l2': True, 'skip_connection': True, 'new_fc_1': 7, 'new_fc_2': 16, 'new_fc_3': 9, 'new_fc_4': 17, 'new_fc_5': 6, 'new_fc_6': 27, 'new_fc_7': 21, 'new_fc_8': 13, 'new_fc_9': 25, 'new_fc_10': 21}
[94m
|  --> START TRAINING ITERATION 3[0m
[INFO] Flags -> DA: False, L2: True, Skip: True
Building model with input_shape=(32, 32, 3), pos_input_shape=None, layer_x_block=2
Model: "model"
__________________________________________________________________________________________________
 Layer (type)                Output Shape                 Param #   Connected to                  
==================================================================================================
 input_1 (InputLayer)        [(None, 32, 32, 3)]          0         []                            
                                                                                                  
 conv2d (Conv2D)             (None, 32, 32, 64)           1792      ['input_1[0][0]']             
                                                                                                  
 activation (Activation)     (None, 32, 32, 64)           0         ['conv2d[0][0]']              
                                                                                                  
 conv2d_2 (Conv2D)           (None, 32, 32, 64)           256       ['input_1[0][0]']             
                                                                                                  
 conv2d_1 (Conv2D)           (None, 32, 32, 64)           36928     ['activation[0][0]']          
                                                                                                  
 add (Add)                   (None, 32, 32, 64)           0         ['conv2d_2[0][0]',            
                                                                     'conv2d_1[0][0]']            
                                                                                                  
 activation_1 (Activation)   (None, 32, 32, 64)           0         ['add[0][0]']                 
                                                                                                  
 max_pooling2d (MaxPooling2  (None, 16, 16, 64)           0         ['activation_1[0][0]']        
 D)                                                                                               
                                                                                                  
 conv2d_3 (Conv2D)           (None, 16, 16, 320)          184640    ['max_pooling2d[0][0]']       
                                                                                                  
 activation_2 (Activation)   (None, 16, 16, 320)          0         ['conv2d_3[0][0]']            
                                                                                                  
 conv2d_5 (Conv2D)           (None, 16, 16, 320)          20800     ['max_pooling2d[0][0]']       
                                                                                                  
 conv2d_4 (Conv2D)           (None, 16, 16, 320)          921920    ['activation_2[0][0]']        
                                                                                                  
 add_1 (Add)                 (None, 16, 16, 320)          0         ['conv2d_5[0][0]',            
                                                                     'conv2d_4[0][0]']            
                                                                                                  
 activation_3 (Activation)   (None, 16, 16, 320)          0         ['add_1[0][0]']               
                                                                                                  
 max_pooling2d_1 (MaxPoolin  (None, 8, 8, 320)            0         ['activation_3[0][0]']        
 g2D)                                                                                             
                                                                                                  
 flatten (Flatten)           (None, 20480)                0         ['max_pooling2d_1[0][0]']     
                                                                                                  
 dense (Dense)               (None, 448)                  9175488   ['flatten[0][0]']             
                                                                                                  
 activation_4 (Activation)   (None, 448)                  0         ['dense[0][0]']               
                                                                                                  
 dropout (Dropout)           (None, 448)                  0         ['activation_4[0][0]']        
                                                                                                  
 dense_1 (Dense)             (None, 1024)                 459776    ['dropout[0][0]']             
                                                                                                  
 activation_5 (Activation)   (None, 1024)                 0         ['dense_1[0][0]']             
                                                                                                  
 dropout_1 (Dropout)         (None, 1024)                 0         ['activation_5[0][0]']        
                                                                                                  
 dense_2 (Dense)             (None, 576)                  590400    ['dropout_1[0][0]']           
                                                                                                  
 activation_6 (Activation)   (None, 576)                  0         ['dense_2[0][0]']             
                                                                                                  
 dropout_2 (Dropout)         (None, 576)                  0         ['activation_6[0][0]']        
                                                                                                  
 dense_3 (Dense)             (None, 1088)                 627776    ['dropout_2[0][0]']           
                                                                                                  
 activation_7 (Activation)   (None, 1088)                 0         ['dense_3[0][0]']             
                                                                                                  
 dropout_3 (Dropout)         (None, 1088)                 0         ['activation_7[0][0]']        
                                                                                                  
 dense_4 (Dense)             (None, 384)                  418176    ['dropout_3[0][0]']           
                                                                                                  
 activation_8 (Activation)   (None, 384)                  0         ['dense_4[0][0]']             
                                                                                                  
 dropout_4 (Dropout)         (None, 384)                  0         ['activation_8[0][0]']        
                                                                                                  
 dense_5 (Dense)             (None, 1728)                 665280    ['dropout_4[0][0]']           
                                                                                                  
 activation_9 (Activation)   (None, 1728)                 0         ['dense_5[0][0]']             
                                                                                                  
 dropout_5 (Dropout)         (None, 1728)                 0         ['activation_9[0][0]']        
                                                                                                  
 dense_6 (Dense)             (None, 1344)                 2323776   ['dropout_5[0][0]']           
                                                                                                  
 activation_10 (Activation)  (None, 1344)                 0         ['dense_6[0][0]']             
                                                                                                  
 dropout_6 (Dropout)         (None, 1344)                 0         ['activation_10[0][0]']       
                                                                                                  
 dense_7 (Dense)             (None, 832)                  1119040   ['dropout_6[0][0]']           
                                                                                                  
 activation_11 (Activation)  (None, 832)                  0         ['dense_7[0][0]']             
                                                                                                  
 dropout_7 (Dropout)         (None, 832)                  0         ['activation_11[0][0]']       
                                                                                                  
 dense_8 (Dense)             (None, 1600)                 1332800   ['dropout_7[0][0]']           
                                                                                                  
 activation_12 (Activation)  (None, 1600)                 0         ['dense_8[0][0]']             
                                                                                                  
 dropout_8 (Dropout)         (None, 1600)                 0         ['activation_12[0][0]']       
                                                                                                  
 dense_9 (Dense)             (None, 1344)                 2151744   ['dropout_8[0][0]']           
                                                                                                  
 activation_13 (Activation)  (None, 1344)                 0         ['dense_9[0][0]']             
                                                                                                  
 dropout_9 (Dropout)         (None, 1344)                 0         ['activation_13[0][0]']       
                                                                                                  
 dense_10 (Dense)            (None, 10)                   13450     ['dropout_9[0][0]']           
                                                                                                  
==================================================================================================
Total params: 20044042 (76.46 MB)
Trainable params: 20044042 (76.46 MB)
Non-trainable params: 0 (0.00 Byte)
__________________________________________________________________________________________________
[WARNING] Constraint Violated: FLOPs 694628796 > 150000000 or Params 20044042.0 > 15000000000

ACCURACY: 0.0


SCORE: 10000000000.0

[92m | MODULE VALUES ---------------------------------------------  |
 [0m
FLOPS: 694628796
PARAMS: 20044042.0
[92m 
 | -----------------------------------------------------------  |
 [0m

--- BANANAS ITERATION 5 / 50 ---
Chosen point: {'num_neurons': 32, 'unit_c1': 1, 'unit_c2': 1, 'dr_f': 0.27647180530662263, 'learning_rate': 0.00027710512306327125, 'batch_size': 16, 'optimizer': 'Adamax', 'activation': 'swish', 'data_augmentation': False, 'reg_l2': False, 'skip_connection': True, 'new_fc_1': 22, 'new_fc_2': 17, 'new_fc_3': 2, 'new_fc_4': 16, 'new_fc_5': 17, 'new_fc_6': 20, 'new_fc_7': 3, 'new_fc_8': 32, 'new_fc_9': 28, 'new_fc_10': 27}
[94m
|  --> START TRAINING ITERATION 4[0m
[INFO] Flags -> DA: False, L2: False, Skip: True
Building model with input_shape=(32, 32, 3), pos_input_shape=None, layer_x_block=2
Model: "model"
__________________________________________________________________________________________________
 Layer (type)                Output Shape                 Param #   Connected to                  
==================================================================================================
 input_1 (InputLayer)        [(None, 32, 32, 3)]          0         []                            
                                                                                                  
 conv2d (Conv2D)             (None, 32, 32, 32)           896       ['input_1[0][0]']             
                                                                                                  
 activation (Activation)     (None, 32, 32, 32)           0         ['conv2d[0][0]']              
                                                                                                  
 conv2d_2 (Conv2D)           (None, 32, 32, 32)           128       ['input_1[0][0]']             
                                                                                                  
 conv2d_1 (Conv2D)           (None, 32, 32, 32)           9248      ['activation[0][0]']          
                                                                                                  
 add (Add)                   (None, 32, 32, 32)           0         ['conv2d_2[0][0]',            
                                                                     'conv2d_1[0][0]']            
                                                                                                  
 activation_1 (Activation)   (None, 32, 32, 32)           0         ['add[0][0]']                 
                                                                                                  
 max_pooling2d (MaxPooling2  (None, 16, 16, 32)           0         ['activation_1[0][0]']        
 D)                                                                                               
                                                                                                  
 conv2d_3 (Conv2D)           (None, 16, 16, 32)           9248      ['max_pooling2d[0][0]']       
                                                                                                  
 activation_2 (Activation)   (None, 16, 16, 32)           0         ['conv2d_3[0][0]']            
                                                                                                  
 conv2d_4 (Conv2D)           (None, 16, 16, 32)           9248      ['activation_2[0][0]']        
                                                                                                  
 add_1 (Add)                 (None, 16, 16, 32)           0         ['max_pooling2d[0][0]',       
                                                                     'conv2d_4[0][0]']            
                                                                                                  
 activation_3 (Activation)   (None, 16, 16, 32)           0         ['add_1[0][0]']               
                                                                                                  
 max_pooling2d_1 (MaxPoolin  (None, 8, 8, 32)             0         ['activation_3[0][0]']        
 g2D)                                                                                             
                                                                                                  
 flatten (Flatten)           (None, 2048)                 0         ['max_pooling2d_1[0][0]']     
                                                                                                  
 dense (Dense)               (None, 704)                  1442496   ['flatten[0][0]']             
                                                                                                  
 activation_4 (Activation)   (None, 704)                  0         ['dense[0][0]']               
                                                                                                  
 dropout (Dropout)           (None, 704)                  0         ['activation_4[0][0]']        
                                                                                                  
 dense_1 (Dense)             (None, 544)                  383520    ['dropout[0][0]']             
                                                                                                  
 activation_5 (Activation)   (None, 544)                  0         ['dense_1[0][0]']             
                                                                                                  
 dropout_1 (Dropout)         (None, 544)                  0         ['activation_5[0][0]']        
                                                                                                  
 dense_2 (Dense)             (None, 64)                   34880     ['dropout_1[0][0]']           
                                                                                                  
 activation_6 (Activation)   (None, 64)                   0         ['dense_2[0][0]']             
                                                                                                  
 dropout_2 (Dropout)         (None, 64)                   0         ['activation_6[0][0]']        
                                                                                                  
 dense_3 (Dense)             (None, 512)                  33280     ['dropout_2[0][0]']           
                                                                                                  
 activation_7 (Activation)   (None, 512)                  0         ['dense_3[0][0]']             
                                                                                                  
 dropout_3 (Dropout)         (None, 512)                  0         ['activation_7[0][0]']        
                                                                                                  
 dense_4 (Dense)             (None, 544)                  279072    ['dropout_3[0][0]']           
                                                                                                  
 activation_8 (Activation)   (None, 544)                  0         ['dense_4[0][0]']             
                                                                                                  
 dropout_4 (Dropout)         (None, 544)                  0         ['activation_8[0][0]']        
                                                                                                  
 dense_5 (Dense)             (None, 640)                  348800    ['dropout_4[0][0]']           
                                                                                                  
 activation_9 (Activation)   (None, 640)                  0         ['dense_5[0][0]']             
                                                                                                  
 dropout_5 (Dropout)         (None, 640)                  0         ['activation_9[0][0]']        
                                                                                                  
 dense_6 (Dense)             (None, 96)                   61536     ['dropout_5[0][0]']           
                                                                                                  
 activation_10 (Activation)  (None, 96)                   0         ['dense_6[0][0]']             
                                                                                                  
 dropout_6 (Dropout)         (None, 96)                   0         ['activation_10[0][0]']       
                                                                                                  
 dense_7 (Dense)             (None, 1024)                 99328     ['dropout_6[0][0]']           
                                                                                                  
 activation_11 (Activation)  (None, 1024)                 0         ['dense_7[0][0]']             
                                                                                                  
 dropout_7 (Dropout)         (None, 1024)                 0         ['activation_11[0][0]']       
                                                                                                  
 dense_8 (Dense)             (None, 896)                  918400    ['dropout_7[0][0]']           
                                                                                                  
 activation_12 (Activation)  (None, 896)                  0         ['dense_8[0][0]']             
                                                                                                  
 dropout_8 (Dropout)         (None, 896)                  0         ['activation_12[0][0]']       
                                                                                                  
 dense_9 (Dense)             (None, 864)                  775008    ['dropout_8[0][0]']           
                                                                                                  
 activation_13 (Activation)  (None, 864)                  0         ['dense_9[0][0]']             
                                                                                                  
 dropout_9 (Dropout)         (None, 864)                  0         ['activation_13[0][0]']       
                                                                                                  
 dense_10 (Dense)            (None, 10)                   8650      ['dropout_9[0][0]']           
                                                                                                  
==================================================================================================
Total params: 4413738 (16.84 MB)
Trainable params: 4413738 (16.84 MB)
Non-trainable params: 0 (0.00 Byte)
__________________________________________________________________________________________________
Epoch 1/20
3125/3125 - 13s - loss: 1.9269 - accuracy: 0.2305 - val_loss: 1.7136 - val_accuracy: 0.2891 - 13s/epoch - 4ms/step
Epoch 2/20
3125/3125 - 11s - loss: 1.6993 - accuracy: 0.3136 - val_loss: 1.6046 - val_accuracy: 0.3546 - 11s/epoch - 4ms/step
Epoch 3/20
3125/3125 - 11s - loss: 1.5608 - accuracy: 0.3951 - val_loss: 1.4353 - val_accuracy: 0.4489 - 11s/epoch - 4ms/step
Epoch 4/20
3125/3125 - 11s - loss: 1.4417 - accuracy: 0.4460 - val_loss: 1.3690 - val_accuracy: 0.4859 - 11s/epoch - 4ms/step
Epoch 5/20
3125/3125 - 11s - loss: 1.3746 - accuracy: 0.4771 - val_loss: 1.2864 - val_accuracy: 0.5222 - 11s/epoch - 4ms/step
Epoch 6/20
3125/3125 - 11s - loss: 1.2832 - accuracy: 0.5223 - val_loss: 1.2184 - val_accuracy: 0.5437 - 11s/epoch - 4ms/step
Epoch 7/20
3125/3125 - 11s - loss: 1.2160 - accuracy: 0.5508 - val_loss: 1.1536 - val_accuracy: 0.5828 - 11s/epoch - 4ms/step
Epoch 8/20
3125/3125 - 11s - loss: 1.1660 - accuracy: 0.5732 - val_loss: 1.1298 - val_accuracy: 0.5921 - 11s/epoch - 4ms/step
Epoch 9/20
3125/3125 - 11s - loss: 1.1201 - accuracy: 0.5927 - val_loss: 1.0807 - val_accuracy: 0.6095 - 11s/epoch - 4ms/step
Epoch 10/20
3125/3125 - 11s - loss: 1.0883 - accuracy: 0.6083 - val_loss: 1.0430 - val_accuracy: 0.6271 - 11s/epoch - 4ms/step
Epoch 11/20
3125/3125 - 11s - loss: 1.0560 - accuracy: 0.6206 - val_loss: 1.0378 - val_accuracy: 0.6264 - 11s/epoch - 4ms/step
Epoch 12/20
3125/3125 - 11s - loss: 1.0286 - accuracy: 0.6310 - val_loss: 1.0319 - val_accuracy: 0.6362 - 11s/epoch - 4ms/step
Epoch 13/20
3125/3125 - 11s - loss: 1.0038 - accuracy: 0.6414 - val_loss: 0.9977 - val_accuracy: 0.6490 - 11s/epoch - 4ms/step
Epoch 14/20
3125/3125 - 11s - loss: 0.9812 - accuracy: 0.6477 - val_loss: 1.0159 - val_accuracy: 0.6401 - 11s/epoch - 4ms/step
Epoch 15/20
3125/3125 - 11s - loss: 0.9566 - accuracy: 0.6608 - val_loss: 0.9665 - val_accuracy: 0.6574 - 11s/epoch - 4ms/step
Epoch 16/20
3125/3125 - 11s - loss: 0.9355 - accuracy: 0.6707 - val_loss: 0.9522 - val_accuracy: 0.6694 - 11s/epoch - 4ms/step
Epoch 17/20
3125/3125 - 11s - loss: 0.9155 - accuracy: 0.6788 - val_loss: 0.9421 - val_accuracy: 0.6742 - 11s/epoch - 4ms/step
Epoch 18/20
3125/3125 - 11s - loss: 0.8918 - accuracy: 0.6878 - val_loss: 0.9336 - val_accuracy: 0.6774 - 11s/epoch - 4ms/step
Epoch 19/20
3125/3125 - 11s - loss: 0.8732 - accuracy: 0.6952 - val_loss: 0.9284 - val_accuracy: 0.6829 - 11s/epoch - 4ms/step
Epoch 20/20
3125/3125 - 11s - loss: 0.8513 - accuracy: 0.7037 - val_loss: 0.9072 - val_accuracy: 0.6922 - 11s/epoch - 4ms/step
313/313 - 1s - loss: 0.9072 - accuracy: 0.6922 - 648ms/epoch - 2ms/step

ACCURACY: 0.6922000050544739


SCORE: -0.7057121075381316

[92m | MODULE VALUES ---------------------------------------------  |
 [0m
FLOPS: 39413948
PARAMS: 4413738.0
[92m 
 | -----------------------------------------------------------  |
 [0m
[INFO] New Best Score: -0.7057 (Previous: -0.5775)

--- BANANAS ITERATION 6 / 50 ---
Chosen point: {'num_neurons': 64, 'unit_c1': 2, 'unit_c2': 1, 'dr_f': 0.4687623347883467, 'learning_rate': 0.0008497917660156003, 'batch_size': 16, 'optimizer': 'Adamax', 'activation': 'elu', 'data_augmentation': False, 'reg_l2': True, 'skip_connection': False, 'new_fc_1': 29, 'new_fc_2': 20, 'new_fc_3': 1, 'new_fc_4': 25, 'new_fc_5': 13, 'new_fc_6': 24, 'new_fc_7': 17, 'new_fc_8': 28, 'new_fc_9': 4, 'new_fc_10': 28}
[94m
|  --> START TRAINING ITERATION 5[0m
[INFO] Flags -> DA: False, L2: True, Skip: False
Building model with input_shape=(32, 32, 3), pos_input_shape=None, layer_x_block=2
Model: "model"
_________________________________________________________________
 Layer (type)                Output Shape              Param #   
=================================================================
 input_1 (InputLayer)        [(None, 32, 32, 3)]       0         
                                                                 
 conv2d (Conv2D)             (None, 32, 32, 128)       3584      
                                                                 
 activation (Activation)     (None, 32, 32, 128)       0         
                                                                 
 conv2d_1 (Conv2D)           (None, 32, 32, 128)       147584    
                                                                 
 activation_1 (Activation)   (None, 32, 32, 128)       0         
                                                                 
 max_pooling2d (MaxPooling2  (None, 16, 16, 128)       0         
 D)                                                              
                                                                 
 conv2d_2 (Conv2D)           (None, 16, 16, 64)        73792     
                                                                 
 activation_2 (Activation)   (None, 16, 16, 64)        0         
                                                                 
 conv2d_3 (Conv2D)           (None, 16, 16, 64)        36928     
                                                                 
 activation_3 (Activation)   (None, 16, 16, 64)        0         
                                                                 
 max_pooling2d_1 (MaxPoolin  (None, 8, 8, 64)          0         
 g2D)                                                            
                                                                 
 flatten (Flatten)           (None, 4096)              0         
                                                                 
 dense (Dense)               (None, 1856)              7604032   
                                                                 
 activation_4 (Activation)   (None, 1856)              0         
                                                                 
 dropout (Dropout)           (None, 1856)              0         
                                                                 
 dense_1 (Dense)             (None, 1280)              2376960   
                                                                 
 activation_5 (Activation)   (None, 1280)              0         
                                                                 
 dropout_1 (Dropout)         (None, 1280)              0         
                                                                 
 dense_2 (Dense)             (None, 64)                81984     
                                                                 
 activation_6 (Activation)   (None, 64)                0         
                                                                 
 dropout_2 (Dropout)         (None, 64)                0         
                                                                 
 dense_3 (Dense)             (None, 1600)              104000    
                                                                 
 activation_7 (Activation)   (None, 1600)              0         
                                                                 
 dropout_3 (Dropout)         (None, 1600)              0         
                                                                 
 dense_4 (Dense)             (None, 832)               1332032   
                                                                 
 activation_8 (Activation)   (None, 832)               0         
                                                                 
 dropout_4 (Dropout)         (None, 832)               0         
                                                                 
 dense_5 (Dense)             (None, 1536)              1279488   
                                                                 
 activation_9 (Activation)   (None, 1536)              0         
                                                                 
 dropout_5 (Dropout)         (None, 1536)              0         
                                                                 
 dense_6 (Dense)             (None, 1088)              1672256   
                                                                 
 activation_10 (Activation)  (None, 1088)              0         
                                                                 
 dropout_6 (Dropout)         (None, 1088)              0         
                                                                 
 dense_7 (Dense)             (None, 1792)              1951488   
                                                                 
 activation_11 (Activation)  (None, 1792)              0         
                                                                 
 dropout_7 (Dropout)         (None, 1792)              0         
                                                                 
 dense_8 (Dense)             (None, 256)               459008    
                                                                 
 activation_12 (Activation)  (None, 256)               0         
                                                                 
 dropout_8 (Dropout)         (None, 256)               0         
                                                                 
 dense_9 (Dense)             (None, 1792)              460544    
                                                                 
 activation_13 (Activation)  (None, 1792)              0         
                                                                 
 dropout_9 (Dropout)         (None, 1792)              0         
                                                                 
 dense_10 (Dense)            (None, 10)                17930     
                                                                 
=================================================================
Total params: 17601610 (67.14 MB)
Trainable params: 17601610 (67.14 MB)
Non-trainable params: 0 (0.00 Byte)
_________________________________________________________________
[WARNING] Constraint Violated: FLOPs 400800636 > 150000000 or Params 17601610.0 > 15000000000

ACCURACY: 0.0


SCORE: 10000000000.0

[92m | MODULE VALUES ---------------------------------------------  |
 [0m
FLOPS: 400800636
PARAMS: 17601610.0
[92m 
 | -----------------------------------------------------------  |
 [0m

--- BANANAS ITERATION 7 / 50 ---
Chosen point: {'num_neurons': 64, 'unit_c1': 1, 'unit_c2': 1, 'dr_f': 0.07773962891414271, 'learning_rate': 0.0005010552737583037, 'batch_size': 32, 'optimizer': 'SGD', 'activation': 'relu', 'data_augmentation': False, 'reg_l2': True, 'skip_connection': False, 'new_fc_1': 11, 'new_fc_2': 3, 'new_fc_3': 24, 'new_fc_4': 13, 'new_fc_5': 26, 'new_fc_6': 12, 'new_fc_7': 27, 'new_fc_8': 28, 'new_fc_9': 25, 'new_fc_10': 11}
[94m
|  --> START TRAINING ITERATION 6[0m
[INFO] Flags -> DA: False, L2: True, Skip: False
Building model with input_shape=(32, 32, 3), pos_input_shape=None, layer_x_block=2
Model: "model"
_________________________________________________________________
 Layer (type)                Output Shape              Param #   
=================================================================
 input_1 (InputLayer)        [(None, 32, 32, 3)]       0         
                                                                 
 conv2d (Conv2D)             (None, 32, 32, 64)        1792      
                                                                 
 activation (Activation)     (None, 32, 32, 64)        0         
                                                                 
 conv2d_1 (Conv2D)           (None, 32, 32, 64)        36928     
                                                                 
 activation_1 (Activation)   (None, 32, 32, 64)        0         
                                                                 
 max_pooling2d (MaxPooling2  (None, 16, 16, 64)        0         
 D)                                                              
                                                                 
 conv2d_2 (Conv2D)           (None, 16, 16, 64)        36928     
                                                                 
 activation_2 (Activation)   (None, 16, 16, 64)        0         
                                                                 
 conv2d_3 (Conv2D)           (None, 16, 16, 64)        36928     
                                                                 
 activation_3 (Activation)   (None, 16, 16, 64)        0         
                                                                 
 max_pooling2d_1 (MaxPoolin  (None, 8, 8, 64)          0         
 g2D)                                                            
                                                                 
 flatten (Flatten)           (None, 4096)              0         
                                                                 
 dense (Dense)               (None, 704)               2884288   
                                                                 
 activation_4 (Activation)   (None, 704)               0         
                                                                 
 dropout (Dropout)           (None, 704)               0         
                                                                 
 dense_1 (Dense)             (None, 192)               135360    
                                                                 
 activation_5 (Activation)   (None, 192)               0         
                                                                 
 dropout_1 (Dropout)         (None, 192)               0         
                                                                 
 dense_2 (Dense)             (None, 1536)              296448    
                                                                 
 activation_6 (Activation)   (None, 1536)              0         
                                                                 
 dropout_2 (Dropout)         (None, 1536)              0         
                                                                 
 dense_3 (Dense)             (None, 832)               1278784   
                                                                 
 activation_7 (Activation)   (None, 832)               0         
                                                                 
 dropout_3 (Dropout)         (None, 832)               0         
                                                                 
 dense_4 (Dense)             (None, 1664)              1386112   
                                                                 
 activation_8 (Activation)   (None, 1664)              0         
                                                                 
 dropout_4 (Dropout)         (None, 1664)              0         
                                                                 
 dense_5 (Dense)             (None, 768)               1278720   
                                                                 
 activation_9 (Activation)   (None, 768)               0         
                                                                 
 dropout_5 (Dropout)         (None, 768)               0         
                                                                 
 dense_6 (Dense)             (None, 1728)              1328832   
                                                                 
 activation_10 (Activation)  (None, 1728)              0         
                                                                 
 dropout_6 (Dropout)         (None, 1728)              0         
                                                                 
 dense_7 (Dense)             (None, 1792)              3098368   
                                                                 
 activation_11 (Activation)  (None, 1792)              0         
                                                                 
 dropout_7 (Dropout)         (None, 1792)              0         
                                                                 
 dense_8 (Dense)             (None, 1600)              2868800   
                                                                 
 activation_12 (Activation)  (None, 1600)              0         
                                                                 
 dropout_8 (Dropout)         (None, 1600)              0         
                                                                 
 dense_9 (Dense)             (None, 704)               1127104   
                                                                 
 activation_13 (Activation)  (None, 704)               0         
                                                                 
 dropout_9 (Dropout)         (None, 704)               0         
                                                                 
 dense_10 (Dense)            (None, 10)                7050      
                                                                 
=================================================================
Total params: 15802442 (60.28 MB)
Trainable params: 15802442 (60.28 MB)
Non-trainable params: 0 (0.00 Byte)
_________________________________________________________________
Epoch 1/20
1563/1563 - 7s - loss: 108.4937 - accuracy: 0.1014 - val_loss: 106.8516 - val_accuracy: 0.1012 - 7s/epoch - 4ms/step
Epoch 2/20
1563/1563 - 6s - loss: 105.2467 - accuracy: 0.1094 - val_loss: 103.6549 - val_accuracy: 0.1484 - 6s/epoch - 4ms/step
Epoch 3/20
1563/1563 - 6s - loss: 102.0994 - accuracy: 0.1194 - val_loss: 100.5566 - val_accuracy: 0.1593 - 6s/epoch - 4ms/step
Epoch 4/20
1563/1563 - 6s - loss: 99.0488 - accuracy: 0.1318 - val_loss: 97.5533 - val_accuracy: 0.1400 - 6s/epoch - 4ms/step
Epoch 5/20
1563/1563 - 6s - loss: 96.0918 - accuracy: 0.1329 - val_loss: 94.6425 - val_accuracy: 0.1266 - 6s/epoch - 4ms/step
Epoch 6/20
1563/1563 - 6s - loss: 93.2258 - accuracy: 0.1233 - val_loss: 91.8207 - val_accuracy: 0.1218 - 6s/epoch - 4ms/step
Epoch 7/20
1563/1563 - 6s - loss: 90.4477 - accuracy: 0.1233 - val_loss: 89.0859 - val_accuracy: 0.1378 - 6s/epoch - 4ms/step
Epoch 8/20
1563/1563 - 6s - loss: 87.7549 - accuracy: 0.1209 - val_loss: 86.4351 - val_accuracy: 0.1469 - 6s/epoch - 4ms/step
Epoch 9/20
1563/1563 - 6s - loss: 85.1449 - accuracy: 0.1473 - val_loss: 83.8653 - val_accuracy: 0.1491 - 6s/epoch - 4ms/step
Epoch 10/20
1563/1563 - 6s - loss: 82.6149 - accuracy: 0.1383 - val_loss: 81.3748 - val_accuracy: 0.1489 - 6s/epoch - 4ms/step
Epoch 11/20
1563/1563 - 6s - loss: 80.1626 - accuracy: 0.1339 - val_loss: 78.9606 - val_accuracy: 0.1602 - 6s/epoch - 4ms/step
Epoch 12/20
1563/1563 - 6s - loss: 77.7856 - accuracy: 0.1403 - val_loss: 76.6205 - val_accuracy: 0.1673 - 6s/epoch - 4ms/step
Epoch 13/20
1563/1563 - 6s - loss: 75.4815 - accuracy: 0.1415 - val_loss: 74.3519 - val_accuracy: 0.1594 - 6s/epoch - 4ms/step
Epoch 14/20
1563/1563 - 6s - loss: 73.2482 - accuracy: 0.1499 - val_loss: 72.1535 - val_accuracy: 0.1925 - 6s/epoch - 4ms/step
Epoch 15/20
1563/1563 - 6s - loss: 71.0834 - accuracy: 0.1334 - val_loss: 70.0221 - val_accuracy: 0.1903 - 6s/epoch - 4ms/step
Epoch 16/20
1563/1563 - 6s - loss: 68.9849 - accuracy: 0.1355 - val_loss: 67.9565 - val_accuracy: 0.1845 - 6s/epoch - 4ms/step
Epoch 17/20
1563/1563 - 6s - loss: 66.9510 - accuracy: 0.1413 - val_loss: 65.9539 - val_accuracy: 0.1690 - 6s/epoch - 4ms/step
Epoch 18/20
1563/1563 - 6s - loss: 64.9794 - accuracy: 0.1357 - val_loss: 64.0130 - val_accuracy: 0.1875 - 6s/epoch - 4ms/step
Epoch 19/20
1563/1563 - 6s - loss: 63.0683 - accuracy: 0.1320 - val_loss: 62.1315 - val_accuracy: 0.1703 - 6s/epoch - 4ms/step
Epoch 20/20
1563/1563 - 6s - loss: 61.2158 - accuracy: 0.1378 - val_loss: 60.3077 - val_accuracy: 0.1543 - 6s/epoch - 4ms/step
313/313 - 1s - loss: 60.3077 - accuracy: 0.1543 - 500ms/epoch - 2ms/step

ACCURACY: 0.1543000042438507


SCORE: -0.11121167497069549

[92m | MODULE VALUES ---------------------------------------------  |
 [0m
FLOPS: 148399164
PARAMS: 15802442.0
[92m 
 | -----------------------------------------------------------  |
 [0m

--- BANANAS ITERATION 8 / 50 ---
Chosen point: {'num_neurons': 4, 'unit_c1': 1, 'unit_c2': 2, 'dr_f': 0.18974706413637593, 'learning_rate': 0.0007247344753647696, 'batch_size': 64, 'optimizer': 'Adamax', 'activation': 'elu', 'data_augmentation': True, 'reg_l2': False, 'skip_connection': False, 'new_fc_1': 16, 'new_fc_2': 17, 'new_fc_3': 15, 'new_fc_4': 5, 'new_fc_5': 8, 'new_fc_6': 25, 'new_fc_7': 32, 'new_fc_8': 24, 'new_fc_9': 18, 'new_fc_10': 18}
[94m
|  --> START TRAINING ITERATION 7[0m
[INFO] Flags -> DA: True, L2: False, Skip: False
Building model with input_shape=(32, 32, 3), pos_input_shape=None, layer_x_block=2
Model: "model"
_________________________________________________________________
 Layer (type)                Output Shape              Param #   
=================================================================
 input_2 (InputLayer)        [(None, 32, 32, 3)]       0         
                                                                 
 conv2d (Conv2D)             (None, 32, 32, 4)         112       
                                                                 
 activation (Activation)     (None, 32, 32, 4)         0         
                                                                 
 conv2d_1 (Conv2D)           (None, 32, 32, 4)         148       
                                                                 
 activation_1 (Activation)   (None, 32, 32, 4)         0         
                                                                 
 max_pooling2d (MaxPooling2  (None, 16, 16, 4)         0         
 D)                                                              
                                                                 
 conv2d_2 (Conv2D)           (None, 16, 16, 8)         296       
                                                                 
 activation_2 (Activation)   (None, 16, 16, 8)         0         
                                                                 
 conv2d_3 (Conv2D)           (None, 16, 16, 8)         584       
                                                                 
 activation_3 (Activation)   (None, 16, 16, 8)         0         
                                                                 
 max_pooling2d_1 (MaxPoolin  (None, 8, 8, 8)           0         
 g2D)                                                            
                                                                 
 flatten (Flatten)           (None, 512)               0         
                                                                 
 dense (Dense)               (None, 64)                32832     
                                                                 
 activation_4 (Activation)   (None, 64)                0         
                                                                 
 dropout (Dropout)           (None, 64)                0         
                                                                 
 dense_1 (Dense)             (None, 68)                4420      
                                                                 
 activation_5 (Activation)   (None, 68)                0         
                                                                 
 dropout_1 (Dropout)         (None, 68)                0         
                                                                 
 dense_2 (Dense)             (None, 60)                4140      
                                                                 
 activation_6 (Activation)   (None, 60)                0         
                                                                 
 dropout_2 (Dropout)         (None, 60)                0         
                                                                 
 dense_3 (Dense)             (None, 20)                1220      
                                                                 
 activation_7 (Activation)   (None, 20)                0         
                                                                 
 dropout_3 (Dropout)         (None, 20)                0         
                                                                 
 dense_4 (Dense)             (None, 32)                672       
                                                                 
 activation_8 (Activation)   (None, 32)                0         
                                                                 
 dropout_4 (Dropout)         (None, 32)                0         
                                                                 
 dense_5 (Dense)             (None, 100)               3300      
                                                                 
 activation_9 (Activation)   (None, 100)               0         
                                                                 
 dropout_5 (Dropout)         (None, 100)               0         
                                                                 
 dense_6 (Dense)             (None, 128)               12928     
                                                                 
 activation_10 (Activation)  (None, 128)               0         
                                                                 
 dropout_6 (Dropout)         (None, 128)               0         
                                                                 
 dense_7 (Dense)             (None, 96)                12384     
                                                                 
 activation_11 (Activation)  (None, 96)                0         
                                                                 
 dropout_7 (Dropout)         (None, 96)                0         
                                                                 
 dense_8 (Dense)             (None, 72)                6984      
                                                                 
 activation_12 (Activation)  (None, 72)                0         
                                                                 
 dropout_8 (Dropout)         (None, 72)                0         
                                                                 
 dense_9 (Dense)             (None, 72)                5256      
                                                                 
 activation_13 (Activation)  (None, 72)                0         
                                                                 
 dropout_9 (Dropout)         (None, 72)                0         
                                                                 
 dense_10 (Dense)            (None, 10)                730       
                                                                 
=================================================================
Total params: 86006 (335.96 KB)
Trainable params: 86006 (335.96 KB)
Non-trainable params: 0 (0.00 Byte)
_________________________________________________________________
Epoch 1/20
782/782 - 4s - loss: 1.9505 - accuracy: 0.2435 - val_loss: 1.7049 - val_accuracy: 0.3610 - 4s/epoch - 5ms/step
Epoch 2/20
782/782 - 3s - loss: 1.7592 - accuracy: 0.3290 - val_loss: 1.5525 - val_accuracy: 0.4283 - 3s/epoch - 3ms/step
Epoch 3/20
782/782 - 2s - loss: 1.6535 - accuracy: 0.3837 - val_loss: 1.4588 - val_accuracy: 0.4669 - 2s/epoch - 3ms/step
Epoch 4/20
782/782 - 2s - loss: 1.5929 - accuracy: 0.4124 - val_loss: 1.4214 - val_accuracy: 0.4870 - 2s/epoch - 3ms/step
Epoch 5/20
782/782 - 2s - loss: 1.5548 - accuracy: 0.4258 - val_loss: 1.4040 - val_accuracy: 0.4965 - 2s/epoch - 3ms/step
Epoch 6/20
782/782 - 2s - loss: 1.5273 - accuracy: 0.4428 - val_loss: 1.3796 - val_accuracy: 0.4963 - 2s/epoch - 3ms/step
Epoch 7/20
782/782 - 2s - loss: 1.5033 - accuracy: 0.4515 - val_loss: 1.3544 - val_accuracy: 0.5085 - 2s/epoch - 3ms/step
Epoch 8/20
782/782 - 2s - loss: 1.4855 - accuracy: 0.4609 - val_loss: 1.3577 - val_accuracy: 0.5048 - 2s/epoch - 3ms/step
Epoch 9/20
782/782 - 2s - loss: 1.4659 - accuracy: 0.4692 - val_loss: 1.3345 - val_accuracy: 0.5207 - 2s/epoch - 3ms/step
Epoch 10/20
782/782 - 2s - loss: 1.4499 - accuracy: 0.4749 - val_loss: 1.3241 - val_accuracy: 0.5244 - 2s/epoch - 3ms/step
Epoch 11/20
782/782 - 2s - loss: 1.4408 - accuracy: 0.4793 - val_loss: 1.3074 - val_accuracy: 0.5328 - 2s/epoch - 3ms/step
Epoch 12/20
782/782 - 2s - loss: 1.4262 - accuracy: 0.4858 - val_loss: 1.3068 - val_accuracy: 0.5275 - 2s/epoch - 3ms/step
Epoch 13/20
782/782 - 2s - loss: 1.4189 - accuracy: 0.4930 - val_loss: 1.3015 - val_accuracy: 0.5296 - 2s/epoch - 3ms/step
Epoch 14/20
782/782 - 2s - loss: 1.4111 - accuracy: 0.4923 - val_loss: 1.3074 - val_accuracy: 0.5306 - 2s/epoch - 3ms/step
Epoch 15/20
782/782 - 2s - loss: 1.3977 - accuracy: 0.4997 - val_loss: 1.2904 - val_accuracy: 0.5390 - 2s/epoch - 3ms/step
Epoch 16/20
782/782 - 2s - loss: 1.3933 - accuracy: 0.5026 - val_loss: 1.2863 - val_accuracy: 0.5380 - 2s/epoch - 3ms/step
Epoch 17/20
782/782 - 2s - loss: 1.3848 - accuracy: 0.5056 - val_loss: 1.2828 - val_accuracy: 0.5431 - 2s/epoch - 3ms/step
Epoch 18/20
782/782 - 2s - loss: 1.3770 - accuracy: 0.5077 - val_loss: 1.2762 - val_accuracy: 0.5407 - 2s/epoch - 3ms/step
Epoch 19/20
782/782 - 2s - loss: 1.3699 - accuracy: 0.5106 - val_loss: 1.2800 - val_accuracy: 0.5399 - 2s/epoch - 3ms/step
Epoch 20/20
782/782 - 2s - loss: 1.3640 - accuracy: 0.5160 - val_loss: 1.2629 - val_accuracy: 0.5482 - 2s/epoch - 3ms/step
313/313 - 0s - loss: 1.2629 - accuracy: 0.5482 - 483ms/epoch - 2ms/step

ACCURACY: 0.5482000112533569


SCORE: -0.6814480958773499

[92m | MODULE VALUES ---------------------------------------------  |
 [0m
FLOPS: 1145956
PARAMS: 86006.0
[92m 
 | -----------------------------------------------------------  |
 [0m

--- BANANAS ITERATION 9 / 50 ---
Chosen point: {'num_neurons': 16, 'unit_c1': 3, 'unit_c2': 2, 'dr_f': 0.18913123509685545, 'learning_rate': 0.00033146966762136914, 'batch_size': 64, 'optimizer': 'Adamax', 'activation': 'selu', 'data_augmentation': False, 'reg_l2': False, 'skip_connection': True, 'new_fc_1': 30, 'new_fc_2': 3, 'new_fc_3': 10, 'new_fc_4': 18, 'new_fc_5': 4, 'new_fc_6': 31, 'new_fc_7': 13, 'new_fc_8': 15, 'new_fc_9': 14, 'new_fc_10': 21}
[94m
|  --> START TRAINING ITERATION 8[0m
[INFO] Flags -> DA: False, L2: False, Skip: True
Building model with input_shape=(32, 32, 3), pos_input_shape=None, layer_x_block=2
Model: "model"
__________________________________________________________________________________________________
 Layer (type)                Output Shape                 Param #   Connected to                  
==================================================================================================
 input_1 (InputLayer)        [(None, 32, 32, 3)]          0         []                            
                                                                                                  
 conv2d (Conv2D)             (None, 32, 32, 48)           1344      ['input_1[0][0]']             
                                                                                                  
 activation (Activation)     (None, 32, 32, 48)           0         ['conv2d[0][0]']              
                                                                                                  
 conv2d_2 (Conv2D)           (None, 32, 32, 48)           192       ['input_1[0][0]']             
                                                                                                  
 conv2d_1 (Conv2D)           (None, 32, 32, 48)           20784     ['activation[0][0]']          
                                                                                                  
 add (Add)                   (None, 32, 32, 48)           0         ['conv2d_2[0][0]',            
                                                                     'conv2d_1[0][0]']            
                                                                                                  
 activation_1 (Activation)   (None, 32, 32, 48)           0         ['add[0][0]']                 
                                                                                                  
 max_pooling2d (MaxPooling2  (None, 16, 16, 48)           0         ['activation_1[0][0]']        
 D)                                                                                               
                                                                                                  
 conv2d_3 (Conv2D)           (None, 16, 16, 32)           13856     ['max_pooling2d[0][0]']       
                                                                                                  
 activation_2 (Activation)   (None, 16, 16, 32)           0         ['conv2d_3[0][0]']            
                                                                                                  
 conv2d_5 (Conv2D)           (None, 16, 16, 32)           1568      ['max_pooling2d[0][0]']       
                                                                                                  
 conv2d_4 (Conv2D)           (None, 16, 16, 32)           9248      ['activation_2[0][0]']        
                                                                                                  
 add_1 (Add)                 (None, 16, 16, 32)           0         ['conv2d_5[0][0]',            
                                                                     'conv2d_4[0][0]']            
                                                                                                  
 activation_3 (Activation)   (None, 16, 16, 32)           0         ['add_1[0][0]']               
                                                                                                  
 max_pooling2d_1 (MaxPoolin  (None, 8, 8, 32)             0         ['activation_3[0][0]']        
 g2D)                                                                                             
                                                                                                  
 flatten (Flatten)           (None, 2048)                 0         ['max_pooling2d_1[0][0]']     
                                                                                                  
 dense (Dense)               (None, 480)                  983520    ['flatten[0][0]']             
                                                                                                  
 activation_4 (Activation)   (None, 480)                  0         ['dense[0][0]']               
                                                                                                  
 dropout (Dropout)           (None, 480)                  0         ['activation_4[0][0]']        
                                                                                                  
 dense_1 (Dense)             (None, 48)                   23088     ['dropout[0][0]']             
                                                                                                  
 activation_5 (Activation)   (None, 48)                   0         ['dense_1[0][0]']             
                                                                                                  
 dropout_1 (Dropout)         (None, 48)                   0         ['activation_5[0][0]']        
                                                                                                  
 dense_2 (Dense)             (None, 160)                  7840      ['dropout_1[0][0]']           
                                                                                                  
 activation_6 (Activation)   (None, 160)                  0         ['dense_2[0][0]']             
                                                                                                  
 dropout_2 (Dropout)         (None, 160)                  0         ['activation_6[0][0]']        
                                                                                                  
 dense_3 (Dense)             (None, 288)                  46368     ['dropout_2[0][0]']           
                                                                                                  
 activation_7 (Activation)   (None, 288)                  0         ['dense_3[0][0]']             
                                                                                                  
 dropout_3 (Dropout)         (None, 288)                  0         ['activation_7[0][0]']        
                                                                                                  
 dense_4 (Dense)             (None, 64)                   18496     ['dropout_3[0][0]']           
                                                                                                  
 activation_8 (Activation)   (None, 64)                   0         ['dense_4[0][0]']             
                                                                                                  
 dropout_4 (Dropout)         (None, 64)                   0         ['activation_8[0][0]']        
                                                                                                  
 dense_5 (Dense)             (None, 496)                  32240     ['dropout_4[0][0]']           
                                                                                                  
 activation_9 (Activation)   (None, 496)                  0         ['dense_5[0][0]']             
                                                                                                  
 dropout_5 (Dropout)         (None, 496)                  0         ['activation_9[0][0]']        
                                                                                                  
 dense_6 (Dense)             (None, 208)                  103376    ['dropout_5[0][0]']           
                                                                                                  
 activation_10 (Activation)  (None, 208)                  0         ['dense_6[0][0]']             
                                                                                                  
 dropout_6 (Dropout)         (None, 208)                  0         ['activation_10[0][0]']       
                                                                                                  
 dense_7 (Dense)             (None, 240)                  50160     ['dropout_6[0][0]']           
                                                                                                  
 activation_11 (Activation)  (None, 240)                  0         ['dense_7[0][0]']             
                                                                                                  
 dropout_7 (Dropout)         (None, 240)                  0         ['activation_11[0][0]']       
                                                                                                  
 dense_8 (Dense)             (None, 224)                  53984     ['dropout_7[0][0]']           
                                                                                                  
 activation_12 (Activation)  (None, 224)                  0         ['dense_8[0][0]']             
                                                                                                  
 dropout_8 (Dropout)         (None, 224)                  0         ['activation_12[0][0]']       
                                                                                                  
 dense_9 (Dense)             (None, 336)                  75600     ['dropout_8[0][0]']           
                                                                                                  
 activation_13 (Activation)  (None, 336)                  0         ['dense_9[0][0]']             
                                                                                                  
 dropout_9 (Dropout)         (None, 336)                  0         ['activation_13[0][0]']       
                                                                                                  
 dense_10 (Dense)            (None, 10)                   3370      ['dropout_9[0][0]']           
                                                                                                  
==================================================================================================
Total params: 1445034 (5.51 MB)
Trainable params: 1445034 (5.51 MB)
Non-trainable params: 0 (0.00 Byte)
__________________________________________________________________________________________________
Epoch 1/20
782/782 - 5s - loss: 2.2184 - accuracy: 0.2446 - val_loss: 1.5873 - val_accuracy: 0.4339 - 5s/epoch - 6ms/step
Epoch 2/20
782/782 - 3s - loss: 1.7662 - accuracy: 0.3706 - val_loss: 1.4309 - val_accuracy: 0.5042 - 3s/epoch - 4ms/step
Epoch 3/20
782/782 - 3s - loss: 1.5742 - accuracy: 0.4406 - val_loss: 1.3046 - val_accuracy: 0.5419 - 3s/epoch - 4ms/step
Epoch 4/20
782/782 - 3s - loss: 1.4285 - accuracy: 0.4942 - val_loss: 1.2361 - val_accuracy: 0.5812 - 3s/epoch - 4ms/step
Epoch 5/20
782/782 - 3s - loss: 1.3209 - accuracy: 0.5364 - val_loss: 1.1466 - val_accuracy: 0.6129 - 3s/epoch - 4ms/step
Epoch 6/20
782/782 - 3s - loss: 1.2522 - accuracy: 0.5646 - val_loss: 1.1302 - val_accuracy: 0.6248 - 3s/epoch - 4ms/step
Epoch 7/20
782/782 - 3s - loss: 1.1762 - accuracy: 0.5904 - val_loss: 1.0707 - val_accuracy: 0.6402 - 3s/epoch - 4ms/step
Epoch 8/20
782/782 - 3s - loss: 1.1366 - accuracy: 0.6078 - val_loss: 1.0792 - val_accuracy: 0.6432 - 3s/epoch - 4ms/step
Epoch 9/20
782/782 - 3s - loss: 1.1005 - accuracy: 0.6247 - val_loss: 1.1039 - val_accuracy: 0.6427 - 3s/epoch - 4ms/step
Epoch 10/20
782/782 - 3s - loss: 1.0568 - accuracy: 0.6387 - val_loss: 1.0537 - val_accuracy: 0.6559 - 3s/epoch - 4ms/step
Epoch 11/20
782/782 - 3s - loss: 1.0255 - accuracy: 0.6514 - val_loss: 1.0409 - val_accuracy: 0.6671 - 3s/epoch - 4ms/step
Epoch 12/20
782/782 - 3s - loss: 0.9988 - accuracy: 0.6617 - val_loss: 1.1093 - val_accuracy: 0.6490 - 3s/epoch - 4ms/step
Epoch 13/20
782/782 - 3s - loss: 0.9698 - accuracy: 0.6718 - val_loss: 1.0475 - val_accuracy: 0.6658 - 3s/epoch - 4ms/step
Epoch 14/20
782/782 - 3s - loss: 0.9488 - accuracy: 0.6813 - val_loss: 1.0660 - val_accuracy: 0.6553 - 3s/epoch - 4ms/step
Epoch 15/20
782/782 - 3s - loss: 0.9194 - accuracy: 0.6902 - val_loss: 1.0461 - val_accuracy: 0.6605 - 3s/epoch - 4ms/step
Epoch 16/20
782/782 - 3s - loss: 0.9026 - accuracy: 0.6942 - val_loss: 1.0441 - val_accuracy: 0.6781 - 3s/epoch - 4ms/step
Epoch 17/20
782/782 - 3s - loss: 0.8830 - accuracy: 0.7017 - val_loss: 1.0616 - val_accuracy: 0.6693 - 3s/epoch - 4ms/step
Epoch 18/20
782/782 - 3s - loss: 0.8648 - accuracy: 0.7115 - val_loss: 1.0205 - val_accuracy: 0.6764 - 3s/epoch - 4ms/step
Epoch 19/20
782/782 - 3s - loss: 0.8451 - accuracy: 0.7177 - val_loss: 1.0506 - val_accuracy: 0.6757 - 3s/epoch - 4ms/step
Epoch 20/20
782/782 - 3s - loss: 0.8315 - accuracy: 0.7220 - val_loss: 1.0170 - val_accuracy: 0.6782 - 3s/epoch - 4ms/step
313/313 - 1s - loss: 1.0170 - accuracy: 0.6783 - 513ms/epoch - 2ms/step

ACCURACY: 0.6783000230789185


SCORE: -0.6526506961552428

[92m | MODULE VALUES ---------------------------------------------  |
 [0m
FLOPS: 61079660
PARAMS: 1445034.0
[92m 
 | -----------------------------------------------------------  |
 [0m

--- BANANAS ITERATION 10 / 50 ---
Chosen point: {'num_neurons': 16, 'unit_c1': 4, 'unit_c2': 2, 'dr_f': 0.2892859571989457, 'learning_rate': 0.0003080881311183573, 'batch_size': 16, 'optimizer': 'Adagrad', 'activation': 'relu', 'data_augmentation': True, 'reg_l2': True, 'skip_connection': False, 'new_fc_1': 28, 'new_fc_2': 14, 'new_fc_3': 30, 'new_fc_4': 2, 'new_fc_5': 6, 'new_fc_6': 9, 'new_fc_7': 8, 'new_fc_8': 10, 'new_fc_9': 21, 'new_fc_10': 6}
[94m
|  --> START TRAINING ITERATION 9[0m
[INFO] Flags -> DA: True, L2: True, Skip: False
Building model with input_shape=(32, 32, 3), pos_input_shape=None, layer_x_block=2
Model: "model"
_________________________________________________________________
 Layer (type)                Output Shape              Param #   
=================================================================
 input_2 (InputLayer)        [(None, 32, 32, 3)]       0         
                                                                 
 conv2d (Conv2D)             (None, 32, 32, 64)        1792      
                                                                 
 activation (Activation)     (None, 32, 32, 64)        0         
                                                                 
 conv2d_1 (Conv2D)           (None, 32, 32, 64)        36928     
                                                                 
 activation_1 (Activation)   (None, 32, 32, 64)        0         
                                                                 
 max_pooling2d (MaxPooling2  (None, 16, 16, 64)        0         
 D)                                                              
                                                                 
 conv2d_2 (Conv2D)           (None, 16, 16, 32)        18464     
                                                                 
 activation_2 (Activation)   (None, 16, 16, 32)        0         
                                                                 
 conv2d_3 (Conv2D)           (None, 16, 16, 32)        9248      
                                                                 
 activation_3 (Activation)   (None, 16, 16, 32)        0         
                                                                 
 max_pooling2d_1 (MaxPoolin  (None, 8, 8, 32)          0         
 g2D)                                                            
                                                                 
 flatten (Flatten)           (None, 2048)              0         
                                                                 
 dense (Dense)               (None, 448)               917952    
                                                                 
 activation_4 (Activation)   (None, 448)               0         
                                                                 
 dropout (Dropout)           (None, 448)               0         
                                                                 
 dense_1 (Dense)             (None, 224)               100576    
                                                                 
 activation_5 (Activation)   (None, 224)               0         
                                                                 
 dropout_1 (Dropout)         (None, 224)               0         
                                                                 
 dense_2 (Dense)             (None, 480)               108000    
                                                                 
 activation_6 (Activation)   (None, 480)               0         
                                                                 
 dropout_2 (Dropout)         (None, 480)               0         
                                                                 
 dense_3 (Dense)             (None, 32)                15392     
                                                                 
 activation_7 (Activation)   (None, 32)                0         
                                                                 
 dropout_3 (Dropout)         (None, 32)                0         
                                                                 
 dense_4 (Dense)             (None, 96)                3168      
                                                                 
 activation_8 (Activation)   (None, 96)                0         
                                                                 
 dropout_4 (Dropout)         (None, 96)                0         
                                                                 
 dense_5 (Dense)             (None, 144)               13968     
                                                                 
 activation_9 (Activation)   (None, 144)               0         
                                                                 
 dropout_5 (Dropout)         (None, 144)               0         
                                                                 
 dense_6 (Dense)             (None, 128)               18560     
                                                                 
 activation_10 (Activation)  (None, 128)               0         
                                                                 
 dropout_6 (Dropout)         (None, 128)               0         
                                                                 
 dense_7 (Dense)             (None, 160)               20640     
                                                                 
 activation_11 (Activation)  (None, 160)               0         
                                                                 
 dropout_7 (Dropout)         (None, 160)               0         
                                                                 
 dense_8 (Dense)             (None, 336)               54096     
                                                                 
 activation_12 (Activation)  (None, 336)               0         
                                                                 
 dropout_8 (Dropout)         (None, 336)               0         
                                                                 
 dense_9 (Dense)             (None, 96)                32352     
                                                                 
 activation_13 (Activation)  (None, 96)                0         
                                                                 
 dropout_9 (Dropout)         (None, 96)                0         
                                                                 
 dense_10 (Dense)            (None, 10)                970       
                                                                 
=================================================================
Total params: 1352106 (5.16 MB)
Trainable params: 1352106 (5.16 MB)
Non-trainable params: 0 (0.00 Byte)
_________________________________________________________________
Epoch 1/20
3125/3125 - 12s - loss: 24.6476 - accuracy: 0.0950 - val_loss: 23.3790 - val_accuracy: 0.0998 - 12s/epoch - 4ms/step
Epoch 2/20
3125/3125 - 11s - loss: 22.2293 - accuracy: 0.1002 - val_loss: 21.1319 - val_accuracy: 0.0965 - 11s/epoch - 4ms/step
Epoch 3/20
3125/3125 - 11s - loss: 20.1309 - accuracy: 0.1052 - val_loss: 19.1730 - val_accuracy: 0.1009 - 11s/epoch - 4ms/step
Epoch 4/20
3125/3125 - 11s - loss: 18.2953 - accuracy: 0.1055 - val_loss: 17.4538 - val_accuracy: 0.1038 - 11s/epoch - 4ms/step
Epoch 5/20
3125/3125 - 11s - loss: 16.6802 - accuracy: 0.1056 - val_loss: 15.9373 - val_accuracy: 0.1001 - 11s/epoch - 4ms/step
Epoch 6/20
3125/3125 - 11s - loss: 15.2525 - accuracy: 0.1021 - val_loss: 14.5941 - val_accuracy: 0.1002 - 11s/epoch - 4ms/step
Epoch 7/20
3125/3125 - 11s - loss: 13.9859 - accuracy: 0.1003 - val_loss: 13.4005 - val_accuracy: 0.1012 - 11s/epoch - 4ms/step
Epoch 8/20
3125/3125 - 11s - loss: 12.8587 - accuracy: 0.1014 - val_loss: 12.3367 - val_accuracy: 0.1000 - 11s/epoch - 4ms/step
Epoch 9/20
3125/3125 - 11s - loss: 11.8529 - accuracy: 0.1007 - val_loss: 11.3865 - val_accuracy: 0.1000 - 11s/epoch - 4ms/step
Epoch 10/20
3125/3125 - 11s - loss: 10.9535 - accuracy: 0.0993 - val_loss: 10.5358 - val_accuracy: 0.1000 - 11s/epoch - 4ms/step
Epoch 11/20
3125/3125 - 11s - loss: 10.1476 - accuracy: 0.0988 - val_loss: 9.7729 - val_accuracy: 0.1000 - 11s/epoch - 4ms/step
Epoch 12/20
3125/3125 - 11s - loss: 9.4242 - accuracy: 0.0986 - val_loss: 9.0875 - val_accuracy: 0.1000 - 11s/epoch - 4ms/step
Epoch 13/20
3125/3125 - 11s - loss: 8.7739 - accuracy: 0.0990 - val_loss: 8.4709 - val_accuracy: 0.1000 - 11s/epoch - 4ms/step
Epoch 14/20
3125/3125 - 11s - loss: 8.1884 - accuracy: 0.1023 - val_loss: 7.9154 - val_accuracy: 0.1000 - 11s/epoch - 4ms/step
Epoch 15/20
3125/3125 - 11s - loss: 7.6607 - accuracy: 0.1017 - val_loss: 7.4144 - val_accuracy: 0.1000 - 11s/epoch - 4ms/step
Epoch 16/20
3125/3125 - 11s - loss: 7.1844 - accuracy: 0.1012 - val_loss: 6.9619 - val_accuracy: 0.1000 - 11s/epoch - 4ms/step
Epoch 17/20
3125/3125 - 11s - loss: 6.7541 - accuracy: 0.1014 - val_loss: 6.5529 - val_accuracy: 0.1000 - 11s/epoch - 4ms/step
Epoch 18/20
3125/3125 - 11s - loss: 6.3649 - accuracy: 0.0992 - val_loss: 6.1828 - val_accuracy: 0.1000 - 11s/epoch - 4ms/step
Epoch 19/20
3125/3125 - 11s - loss: 6.0125 - accuracy: 0.0999 - val_loss: 5.8476 - val_accuracy: 0.1000 - 11s/epoch - 4ms/step
Epoch 20/20
3125/3125 - 11s - loss: 5.6932 - accuracy: 0.0986 - val_loss: 5.5437 - val_accuracy: 0.1000 - 11s/epoch - 4ms/step
313/313 - 1s - loss: 5.5437 - accuracy: 0.1000 - 606ms/epoch - 2ms/step

ACCURACY: 0.10000000149011612


SCORE: -0.17803476104308125

[92m | MODULE VALUES ---------------------------------------------  |
 [0m
FLOPS: 95982620
PARAMS: 1352106.0
[92m 
 | -----------------------------------------------------------  |
 [0m

--- BANANAS ITERATION 11 / 50 ---
Chosen point: {'num_neurons': 8, 'unit_c1': 1, 'unit_c2': 4, 'dr_f': 0.33267818011147954, 'learning_rate': 0.0007617432508995525, 'batch_size': 64, 'optimizer': 'Adam', 'activation': 'swish', 'data_augmentation': True, 'reg_l2': False, 'skip_connection': False, 'new_fc_1': 6, 'new_fc_2': 25, 'new_fc_3': 20, 'new_fc_4': 11, 'new_fc_5': 7, 'new_fc_6': 31, 'new_fc_7': 29, 'new_fc_8': 13, 'new_fc_9': 28, 'new_fc_10': 26}
[94m
|  --> START TRAINING ITERATION 10[0m
[INFO] Flags -> DA: True, L2: False, Skip: False
Building model with input_shape=(32, 32, 3), pos_input_shape=None, layer_x_block=2
Model: "model"
_________________________________________________________________
 Layer (type)                Output Shape              Param #   
=================================================================
 input_2 (InputLayer)        [(None, 32, 32, 3)]       0         
                                                                 
 conv2d (Conv2D)             (None, 32, 32, 8)         224       
                                                                 
 activation (Activation)     (None, 32, 32, 8)         0         
                                                                 
 conv2d_1 (Conv2D)           (None, 32, 32, 8)         584       
                                                                 
 activation_1 (Activation)   (None, 32, 32, 8)         0         
                                                                 
 max_pooling2d (MaxPooling2  (None, 16, 16, 8)         0         
 D)                                                              
                                                                 
 conv2d_2 (Conv2D)           (None, 16, 16, 32)        2336      
                                                                 
 activation_2 (Activation)   (None, 16, 16, 32)        0         
                                                                 
 conv2d_3 (Conv2D)           (None, 16, 16, 32)        9248      
                                                                 
 activation_3 (Activation)   (None, 16, 16, 32)        0         
                                                                 
 max_pooling2d_1 (MaxPoolin  (None, 8, 8, 32)          0         
 g2D)                                                            
                                                                 
 flatten (Flatten)           (None, 2048)              0         
                                                                 
 dense (Dense)               (None, 48)                98352     
                                                                 
 activation_4 (Activation)   (None, 48)                0         
                                                                 
 dropout (Dropout)           (None, 48)                0         
                                                                 
 dense_1 (Dense)             (None, 200)               9800      
                                                                 
 activation_5 (Activation)   (None, 200)               0         
                                                                 
 dropout_1 (Dropout)         (None, 200)               0         
                                                                 
 dense_2 (Dense)             (None, 160)               32160     
                                                                 
 activation_6 (Activation)   (None, 160)               0         
                                                                 
 dropout_2 (Dropout)         (None, 160)               0         
                                                                 
 dense_3 (Dense)             (None, 88)                14168     
                                                                 
 activation_7 (Activation)   (None, 88)                0         
                                                                 
 dropout_3 (Dropout)         (None, 88)                0         
                                                                 
 dense_4 (Dense)             (None, 56)                4984      
                                                                 
 activation_8 (Activation)   (None, 56)                0         
                                                                 
 dropout_4 (Dropout)         (None, 56)                0         
                                                                 
 dense_5 (Dense)             (None, 248)               14136     
                                                                 
 activation_9 (Activation)   (None, 248)               0         
                                                                 
 dropout_5 (Dropout)         (None, 248)               0         
                                                                 
 dense_6 (Dense)             (None, 232)               57768     
                                                                 
 activation_10 (Activation)  (None, 232)               0         
                                                                 
 dropout_6 (Dropout)         (None, 232)               0         
                                                                 
 dense_7 (Dense)             (None, 104)               24232     
                                                                 
 activation_11 (Activation)  (None, 104)               0         
                                                                 
 dropout_7 (Dropout)         (None, 104)               0         
                                                                 
 dense_8 (Dense)             (None, 224)               23520     
                                                                 
 activation_12 (Activation)  (None, 224)               0         
                                                                 
 dropout_8 (Dropout)         (None, 224)               0         
                                                                 
 dense_9 (Dense)             (None, 208)               46800     
                                                                 
 activation_13 (Activation)  (None, 208)               0         
                                                                 
 dropout_9 (Dropout)         (None, 208)               0         
                                                                 
 dense_10 (Dense)            (None, 10)                2090      
                                                                 
=================================================================
Total params: 340402 (1.30 MB)
Trainable params: 340402 (1.30 MB)
Non-trainable params: 0 (0.00 Byte)
_________________________________________________________________
Epoch 1/20
782/782 - 4s - loss: 1.9464 - accuracy: 0.2311 - val_loss: 1.6620 - val_accuracy: 0.3283 - 4s/epoch - 5ms/step
Epoch 2/20
782/782 - 3s - loss: 1.6852 - accuracy: 0.3229 - val_loss: 1.5858 - val_accuracy: 0.3657 - 3s/epoch - 3ms/step
Epoch 3/20
782/782 - 3s - loss: 1.5689 - accuracy: 0.3910 - val_loss: 1.4052 - val_accuracy: 0.4705 - 3s/epoch - 3ms/step
Epoch 4/20
782/782 - 3s - loss: 1.4471 - accuracy: 0.4498 - val_loss: 1.3064 - val_accuracy: 0.4999 - 3s/epoch - 3ms/step
Epoch 5/20
782/782 - 3s - loss: 1.3462 - accuracy: 0.5043 - val_loss: 1.1713 - val_accuracy: 0.5761 - 3s/epoch - 3ms/step
Epoch 6/20
782/782 - 3s - loss: 1.2676 - accuracy: 0.5458 - val_loss: 1.1853 - val_accuracy: 0.5819 - 3s/epoch - 3ms/step
Epoch 7/20
782/782 - 3s - loss: 1.2166 - accuracy: 0.5693 - val_loss: 1.1032 - val_accuracy: 0.6125 - 3s/epoch - 3ms/step
Epoch 8/20
782/782 - 3s - loss: 1.1808 - accuracy: 0.5900 - val_loss: 1.0983 - val_accuracy: 0.6178 - 3s/epoch - 3ms/step
Epoch 9/20
782/782 - 3s - loss: 1.1423 - accuracy: 0.6026 - val_loss: 1.0354 - val_accuracy: 0.6425 - 3s/epoch - 3ms/step
Epoch 10/20
782/782 - 3s - loss: 1.1028 - accuracy: 0.6207 - val_loss: 1.0474 - val_accuracy: 0.6396 - 3s/epoch - 3ms/step
Epoch 11/20
782/782 - 3s - loss: 1.0768 - accuracy: 0.6330 - val_loss: 1.0250 - val_accuracy: 0.6484 - 3s/epoch - 3ms/step
Epoch 12/20
782/782 - 3s - loss: 1.0510 - accuracy: 0.6423 - val_loss: 1.0313 - val_accuracy: 0.6511 - 3s/epoch - 3ms/step
Epoch 13/20
782/782 - 3s - loss: 1.0288 - accuracy: 0.6529 - val_loss: 1.0133 - val_accuracy: 0.6595 - 3s/epoch - 3ms/step
Epoch 14/20
782/782 - 3s - loss: 1.0062 - accuracy: 0.6640 - val_loss: 1.0159 - val_accuracy: 0.6629 - 3s/epoch - 3ms/step
Epoch 15/20
782/782 - 3s - loss: 0.9844 - accuracy: 0.6693 - val_loss: 1.0111 - val_accuracy: 0.6669 - 3s/epoch - 3ms/step
Epoch 16/20
782/782 - 3s - loss: 0.9638 - accuracy: 0.6795 - val_loss: 0.9970 - val_accuracy: 0.6727 - 3s/epoch - 3ms/step
Epoch 17/20
782/782 - 3s - loss: 0.9388 - accuracy: 0.6895 - val_loss: 1.0039 - val_accuracy: 0.6765 - 3s/epoch - 3ms/step
Epoch 18/20
782/782 - 3s - loss: 0.9248 - accuracy: 0.6944 - val_loss: 1.0015 - val_accuracy: 0.6740 - 3s/epoch - 3ms/step
Epoch 19/20
782/782 - 3s - loss: 0.9011 - accuracy: 0.7022 - val_loss: 1.0002 - val_accuracy: 0.6808 - 3s/epoch - 3ms/step
Epoch 20/20
782/782 - 3s - loss: 0.8900 - accuracy: 0.7076 - val_loss: 0.9781 - val_accuracy: 0.6827 - 3s/epoch - 3ms/step
313/313 - 0s - loss: 0.9781 - accuracy: 0.6825 - 445ms/epoch - 1ms/step

ACCURACY: 0.6825000047683716


SCORE: -0.76116485933786

[92m | MODULE VALUES ---------------------------------------------  |
 [0m
FLOPS: 8292572
PARAMS: 340402.0
[92m 
 | -----------------------------------------------------------  |
 [0m
[INFO] New Best Score: -0.7612 (Previous: -0.7057)

--- BANANAS ITERATION 12 / 50 ---
Chosen point: {'num_neurons': 32, 'unit_c1': 2, 'unit_c2': 6, 'dr_f': 0.11494229033593344, 'learning_rate': 0.0004023536535432268, 'batch_size': 32, 'optimizer': 'Adagrad', 'activation': 'relu', 'data_augmentation': False, 'reg_l2': False, 'skip_connection': False, 'new_fc_1': 5, 'new_fc_2': 3, 'new_fc_3': 20, 'new_fc_4': 23, 'new_fc_5': 26, 'new_fc_6': 20, 'new_fc_7': 7, 'new_fc_8': 21, 'new_fc_9': 7, 'new_fc_10': 23}
[94m
|  --> START TRAINING ITERATION 11[0m
[INFO] Flags -> DA: False, L2: False, Skip: False
Building model with input_shape=(32, 32, 3), pos_input_shape=None, layer_x_block=2
Model: "model"
_________________________________________________________________
 Layer (type)                Output Shape              Param #   
=================================================================
 input_1 (InputLayer)        [(None, 32, 32, 3)]       0         
                                                                 
 conv2d (Conv2D)             (None, 32, 32, 64)        1792      
                                                                 
 activation (Activation)     (None, 32, 32, 64)        0         
                                                                 
 conv2d_1 (Conv2D)           (None, 32, 32, 64)        36928     
                                                                 
 activation_1 (Activation)   (None, 32, 32, 64)        0         
                                                                 
 max_pooling2d (MaxPooling2  (None, 16, 16, 64)        0         
 D)                                                              
                                                                 
 conv2d_2 (Conv2D)           (None, 16, 16, 192)       110784    
                                                                 
 activation_2 (Activation)   (None, 16, 16, 192)       0         
                                                                 
 conv2d_3 (Conv2D)           (None, 16, 16, 192)       331968    
                                                                 
 activation_3 (Activation)   (None, 16, 16, 192)       0         
                                                                 
 max_pooling2d_1 (MaxPoolin  (None, 8, 8, 192)         0         
 g2D)                                                            
                                                                 
 flatten (Flatten)           (None, 12288)             0         
                                                                 
 dense (Dense)               (None, 160)               1966240   
                                                                 
 activation_4 (Activation)   (None, 160)               0         
                                                                 
 dropout (Dropout)           (None, 160)               0         
                                                                 
 dense_1 (Dense)             (None, 96)                15456     
                                                                 
 activation_5 (Activation)   (None, 96)                0         
                                                                 
 dropout_1 (Dropout)         (None, 96)                0         
                                                                 
 dense_2 (Dense)             (None, 640)               62080     
                                                                 
 activation_6 (Activation)   (None, 640)               0         
                                                                 
 dropout_2 (Dropout)         (None, 640)               0         
                                                                 
 dense_3 (Dense)             (None, 736)               471776    
                                                                 
 activation_7 (Activation)   (None, 736)               0         
                                                                 
 dropout_3 (Dropout)         (None, 736)               0         
                                                                 
 dense_4 (Dense)             (None, 832)               613184    
                                                                 
 activation_8 (Activation)   (None, 832)               0         
                                                                 
 dropout_4 (Dropout)         (None, 832)               0         
                                                                 
 dense_5 (Dense)             (None, 640)               533120    
                                                                 
 activation_9 (Activation)   (None, 640)               0         
                                                                 
 dropout_5 (Dropout)         (None, 640)               0         
                                                                 
 dense_6 (Dense)             (None, 224)               143584    
                                                                 
 activation_10 (Activation)  (None, 224)               0         
                                                                 
 dropout_6 (Dropout)         (None, 224)               0         
                                                                 
 dense_7 (Dense)             (None, 672)               151200    
                                                                 
 activation_11 (Activation)  (None, 672)               0         
                                                                 
 dropout_7 (Dropout)         (None, 672)               0         
                                                                 
 dense_8 (Dense)             (None, 224)               150752    
                                                                 
 activation_12 (Activation)  (None, 224)               0         
                                                                 
 dropout_8 (Dropout)         (None, 224)               0         
                                                                 
 dense_9 (Dense)             (None, 736)               165600    
                                                                 
 activation_13 (Activation)  (None, 736)               0         
                                                                 
 dropout_9 (Dropout)         (None, 736)               0         
                                                                 
 dense_10 (Dense)            (None, 10)                7370      
                                                                 
=================================================================
Total params: 4761834 (18.16 MB)
Trainable params: 4761834 (18.16 MB)
Non-trainable params: 0 (0.00 Byte)
_________________________________________________________________
[WARNING] Constraint Violated: FLOPs 314428700 > 150000000 or Params 4761834.0 > 15000000000

ACCURACY: 0.0


SCORE: 10000000000.0

[92m | MODULE VALUES ---------------------------------------------  |
 [0m
FLOPS: 314428700
PARAMS: 4761834.0
[92m 
 | -----------------------------------------------------------  |
 [0m

--- BANANAS ITERATION 13 / 50 ---
Chosen point: {'num_neurons': 8, 'unit_c1': 2, 'unit_c2': 8, 'dr_f': 0.2610854420780617, 'learning_rate': 0.0009392376516886832, 'batch_size': 64, 'optimizer': 'Adamax', 'activation': 'relu', 'data_augmentation': True, 'reg_l2': True, 'skip_connection': True, 'new_fc_1': 31, 'new_fc_2': 12, 'new_fc_3': 13, 'new_fc_4': 6, 'new_fc_5': 30, 'new_fc_6': 13, 'new_fc_7': 21, 'new_fc_8': 11, 'new_fc_9': 20, 'new_fc_10': 14}
[94m
|  --> START TRAINING ITERATION 12[0m
[INFO] Flags -> DA: True, L2: True, Skip: True
Building model with input_shape=(32, 32, 3), pos_input_shape=None, layer_x_block=2
Model: "model"
__________________________________________________________________________________________________
 Layer (type)                Output Shape                 Param #   Connected to                  
==================================================================================================
 input_2 (InputLayer)        [(None, 32, 32, 3)]          0         []                            
                                                                                                  
 conv2d (Conv2D)             (None, 32, 32, 16)           448       ['input_2[0][0]']             
                                                                                                  
 activation (Activation)     (None, 32, 32, 16)           0         ['conv2d[1][0]']              
                                                                                                  
 conv2d_2 (Conv2D)           (None, 32, 32, 16)           64        ['input_2[0][0]']             
                                                                                                  
 conv2d_1 (Conv2D)           (None, 32, 32, 16)           2320      ['activation[1][0]']          
                                                                                                  
 add (Add)                   (None, 32, 32, 16)           0         ['conv2d_2[1][0]',            
                                                                     'conv2d_1[1][0]']            
                                                                                                  
 activation_1 (Activation)   (None, 32, 32, 16)           0         ['add[1][0]']                 
                                                                                                  
 max_pooling2d (MaxPooling2  (None, 16, 16, 16)           0         ['activation_1[1][0]']        
 D)                                                                                               
                                                                                                  
 conv2d_3 (Conv2D)           (None, 16, 16, 64)           9280      ['max_pooling2d[1][0]']       
                                                                                                  
 activation_2 (Activation)   (None, 16, 16, 64)           0         ['conv2d_3[1][0]']            
                                                                                                  
 conv2d_5 (Conv2D)           (None, 16, 16, 64)           1088      ['max_pooling2d[1][0]']       
                                                                                                  
 conv2d_4 (Conv2D)           (None, 16, 16, 64)           36928     ['activation_2[1][0]']        
                                                                                                  
 add_1 (Add)                 (None, 16, 16, 64)           0         ['conv2d_5[1][0]',            
                                                                     'conv2d_4[1][0]']            
                                                                                                  
 activation_3 (Activation)   (None, 16, 16, 64)           0         ['add_1[1][0]']               
                                                                                                  
 max_pooling2d_1 (MaxPoolin  (None, 8, 8, 64)             0         ['activation_3[1][0]']        
 g2D)                                                                                             
                                                                                                  
 flatten (Flatten)           (None, 4096)                 0         ['max_pooling2d_1[1][0]']     
                                                                                                  
 dense (Dense)               (None, 248)                  1016056   ['flatten[1][0]']             
                                                                                                  
 activation_4 (Activation)   (None, 248)                  0         ['dense[1][0]']               
                                                                                                  
 dropout (Dropout)           (None, 248)                  0         ['activation_4[1][0]']        
                                                                                                  
 dense_1 (Dense)             (None, 96)                   23904     ['dropout[1][0]']             
                                                                                                  
 activation_5 (Activation)   (None, 96)                   0         ['dense_1[1][0]']             
                                                                                                  
 dropout_1 (Dropout)         (None, 96)                   0         ['activation_5[1][0]']        
                                                                                                  
 dense_2 (Dense)             (None, 104)                  10088     ['dropout_1[1][0]']           
                                                                                                  
 activation_6 (Activation)   (None, 104)                  0         ['dense_2[1][0]']             
                                                                                                  
 dropout_2 (Dropout)         (None, 104)                  0         ['activation_6[1][0]']        
                                                                                                  
 dense_3 (Dense)             (None, 48)                   5040      ['dropout_2[1][0]']           
                                                                                                  
 activation_7 (Activation)   (None, 48)                   0         ['dense_3[1][0]']             
                                                                                                  
 dropout_3 (Dropout)         (None, 48)                   0         ['activation_7[1][0]']        
                                                                                                  
 dense_4 (Dense)             (None, 240)                  11760     ['dropout_3[1][0]']           
                                                                                                  
 activation_8 (Activation)   (None, 240)                  0         ['dense_4[1][0]']             
                                                                                                  
 dropout_4 (Dropout)         (None, 240)                  0         ['activation_8[1][0]']        
                                                                                                  
 dense_5 (Dense)             (None, 104)                  25064     ['dropout_4[1][0]']           
                                                                                                  
 activation_9 (Activation)   (None, 104)                  0         ['dense_5[1][0]']             
                                                                                                  
 dropout_5 (Dropout)         (None, 104)                  0         ['activation_9[1][0]']        
                                                                                                  
 dense_6 (Dense)             (None, 168)                  17640     ['dropout_5[1][0]']           
                                                                                                  
 activation_10 (Activation)  (None, 168)                  0         ['dense_6[1][0]']             
                                                                                                  
 dropout_6 (Dropout)         (None, 168)                  0         ['activation_10[1][0]']       
                                                                                                  
 dense_7 (Dense)             (None, 88)                   14872     ['dropout_6[1][0]']           
                                                                                                  
 activation_11 (Activation)  (None, 88)                   0         ['dense_7[1][0]']             
                                                                                                  
 dropout_7 (Dropout)         (None, 88)                   0         ['activation_11[1][0]']       
                                                                                                  
 dense_8 (Dense)             (None, 160)                  14240     ['dropout_7[1][0]']           
                                                                                                  
 activation_12 (Activation)  (None, 160)                  0         ['dense_8[1][0]']             
                                                                                                  
 dropout_8 (Dropout)         (None, 160)                  0         ['activation_12[1][0]']       
                                                                                                  
 dense_9 (Dense)             (None, 112)                  18032     ['dropout_8[1][0]']           
                                                                                                  
 activation_13 (Activation)  (None, 112)                  0         ['dense_9[1][0]']             
                                                                                                  
 dropout_9 (Dropout)         (None, 112)                  0         ['activation_13[1][0]']       
                                                                                                  
 dense_10 (Dense)            (None, 10)                   1130      ['dropout_9[1][0]']           
                                                                                                  
==================================================================================================
Total params: 1207954 (4.61 MB)
Trainable params: 1207954 (4.61 MB)
Non-trainable params: 0 (0.00 Byte)
__________________________________________________________________________________________________
Epoch 1/20
782/782 - 5s - loss: 3.3398 - accuracy: 0.0976 - val_loss: 2.3038 - val_accuracy: 0.1000 - 5s/epoch - 6ms/step
Epoch 2/20
782/782 - 3s - loss: 2.3028 - accuracy: 0.0977 - val_loss: 2.3026 - val_accuracy: 0.1000 - 3s/epoch - 4ms/step
Epoch 3/20
782/782 - 3s - loss: 2.3026 - accuracy: 0.0989 - val_loss: 2.3026 - val_accuracy: 0.1000 - 3s/epoch - 4ms/step
Epoch 4/20
782/782 - 3s - loss: 2.3026 - accuracy: 0.0959 - val_loss: 2.3026 - val_accuracy: 0.1000 - 3s/epoch - 4ms/step
Epoch 5/20
782/782 - 3s - loss: 2.3026 - accuracy: 0.0975 - val_loss: 2.3026 - val_accuracy: 0.1000 - 3s/epoch - 4ms/step
Epoch 6/20
782/782 - 3s - loss: 2.3026 - accuracy: 0.0971 - val_loss: 2.3026 - val_accuracy: 0.1000 - 3s/epoch - 4ms/step
Epoch 7/20
782/782 - 3s - loss: 2.3026 - accuracy: 0.0975 - val_loss: 2.3026 - val_accuracy: 0.1000 - 3s/epoch - 4ms/step
Epoch 8/20
782/782 - 3s - loss: 2.3026 - accuracy: 0.0961 - val_loss: 2.3026 - val_accuracy: 0.1000 - 3s/epoch - 4ms/step
Epoch 9/20
782/782 - 3s - loss: 2.3026 - accuracy: 0.0977 - val_loss: 2.3026 - val_accuracy: 0.1000 - 3s/epoch - 4ms/step
Epoch 10/20
782/782 - 3s - loss: 2.3026 - accuracy: 0.0983 - val_loss: 2.3026 - val_accuracy: 0.1000 - 3s/epoch - 4ms/step
Epoch 11/20
782/782 - 3s - loss: 2.3026 - accuracy: 0.0993 - val_loss: 2.3026 - val_accuracy: 0.1000 - 3s/epoch - 4ms/step
Epoch 12/20
782/782 - 3s - loss: 2.3026 - accuracy: 0.0975 - val_loss: 2.3026 - val_accuracy: 0.1000 - 3s/epoch - 4ms/step
Epoch 13/20
782/782 - 3s - loss: 2.3026 - accuracy: 0.0979 - val_loss: 2.3026 - val_accuracy: 0.1000 - 3s/epoch - 4ms/step
Epoch 14/20
782/782 - 3s - loss: 2.3026 - accuracy: 0.0991 - val_loss: 2.3026 - val_accuracy: 0.1000 - 3s/epoch - 4ms/step
Epoch 15/20
782/782 - 3s - loss: 2.3026 - accuracy: 0.0992 - val_loss: 2.3026 - val_accuracy: 0.1000 - 3s/epoch - 4ms/step
Epoch 16/20
782/782 - 3s - loss: 2.3026 - accuracy: 0.0974 - val_loss: 2.3026 - val_accuracy: 0.1000 - 3s/epoch - 4ms/step
Epoch 17/20
782/782 - 3s - loss: 2.3026 - accuracy: 0.0973 - val_loss: 2.3026 - val_accuracy: 0.1000 - 3s/epoch - 4ms/step
Epoch 18/20
782/782 - 3s - loss: 2.3026 - accuracy: 0.0979 - val_loss: 2.3026 - val_accuracy: 0.1000 - 3s/epoch - 4ms/step
Epoch 19/20
782/782 - 3s - loss: 2.3026 - accuracy: 0.0970 - val_loss: 2.3026 - val_accuracy: 0.1000 - 3s/epoch - 4ms/step
Epoch 20/20
782/782 - 3s - loss: 2.3026 - accuracy: 0.0972 - val_loss: 2.3026 - val_accuracy: 0.1000 - 3s/epoch - 4ms/step
313/313 - 1s - loss: 2.3026 - accuracy: 0.1000 - 520ms/epoch - 2ms/step

ACCURACY: 0.10000000149011612


SCORE: -0.3054059130430813

[92m | MODULE VALUES ---------------------------------------------  |
 [0m
FLOPS: 32297044
PARAMS: 1207954.0
[92m 
 | -----------------------------------------------------------  |
 [0m

--- BANANAS ITERATION 14 / 50 ---
Chosen point: {'num_neurons': 8, 'unit_c1': 4, 'unit_c2': 3, 'dr_f': 0.18164818994601062, 'learning_rate': 0.0006026257890102653, 'batch_size': 8, 'optimizer': 'Adamax', 'activation': 'selu', 'data_augmentation': True, 'reg_l2': True, 'skip_connection': True, 'new_fc_1': 31, 'new_fc_2': 0, 'new_fc_3': 21, 'new_fc_4': 1, 'new_fc_5': 24, 'new_fc_6': 5, 'new_fc_7': 29, 'new_fc_8': 12, 'new_fc_9': 28, 'new_fc_10': 19}
[94m
|  --> START TRAINING ITERATION 13[0m
[INFO] Flags -> DA: True, L2: True, Skip: True
Building model with input_shape=(32, 32, 3), pos_input_shape=None, layer_x_block=2
Model: "model"
__________________________________________________________________________________________________
 Layer (type)                Output Shape                 Param #   Connected to                  
==================================================================================================
 input_2 (InputLayer)        [(None, 32, 32, 3)]          0         []                            
                                                                                                  
 conv2d (Conv2D)             (None, 32, 32, 32)           896       ['input_2[0][0]']             
                                                                                                  
 activation (Activation)     (None, 32, 32, 32)           0         ['conv2d[1][0]']              
                                                                                                  
 conv2d_2 (Conv2D)           (None, 32, 32, 32)           128       ['input_2[0][0]']             
                                                                                                  
 conv2d_1 (Conv2D)           (None, 32, 32, 32)           9248      ['activation[1][0]']          
                                                                                                  
 add (Add)                   (None, 32, 32, 32)           0         ['conv2d_2[1][0]',            
                                                                     'conv2d_1[1][0]']            
                                                                                                  
 activation_1 (Activation)   (None, 32, 32, 32)           0         ['add[1][0]']                 
                                                                                                  
 max_pooling2d (MaxPooling2  (None, 16, 16, 32)           0         ['activation_1[1][0]']        
 D)                                                                                               
                                                                                                  
 conv2d_3 (Conv2D)           (None, 16, 16, 24)           6936      ['max_pooling2d[1][0]']       
                                                                                                  
 activation_2 (Activation)   (None, 16, 16, 24)           0         ['conv2d_3[1][0]']            
                                                                                                  
 conv2d_5 (Conv2D)           (None, 16, 16, 24)           792       ['max_pooling2d[1][0]']       
                                                                                                  
 conv2d_4 (Conv2D)           (None, 16, 16, 24)           5208      ['activation_2[1][0]']        
                                                                                                  
 add_1 (Add)                 (None, 16, 16, 24)           0         ['conv2d_5[1][0]',            
                                                                     'conv2d_4[1][0]']            
                                                                                                  
 activation_3 (Activation)   (None, 16, 16, 24)           0         ['add_1[1][0]']               
                                                                                                  
 max_pooling2d_1 (MaxPoolin  (None, 8, 8, 24)             0         ['activation_3[1][0]']        
 g2D)                                                                                             
                                                                                                  
 flatten (Flatten)           (None, 1536)                 0         ['max_pooling2d_1[1][0]']     
                                                                                                  
 dense (Dense)               (None, 248)                  381176    ['flatten[1][0]']             
                                                                                                  
 activation_4 (Activation)   (None, 248)                  0         ['dense[1][0]']               
                                                                                                  
 dropout (Dropout)           (None, 248)                  0         ['activation_4[1][0]']        
                                                                                                  
 dense_1 (Dense)             (None, 168)                  41832     ['dropout[1][0]']             
                                                                                                  
 activation_5 (Activation)   (None, 168)                  0         ['dense_1[1][0]']             
                                                                                                  
 dropout_1 (Dropout)         (None, 168)                  0         ['activation_5[1][0]']        
                                                                                                  
 dense_2 (Dense)             (None, 8)                    1352      ['dropout_1[1][0]']           
                                                                                                  
 activation_6 (Activation)   (None, 8)                    0         ['dense_2[1][0]']             
                                                                                                  
 dropout_2 (Dropout)         (None, 8)                    0         ['activation_6[1][0]']        
                                                                                                  
 dense_3 (Dense)             (None, 192)                  1728      ['dropout_2[1][0]']           
                                                                                                  
 activation_7 (Activation)   (None, 192)                  0         ['dense_3[1][0]']             
                                                                                                  
 dropout_3 (Dropout)         (None, 192)                  0         ['activation_7[1][0]']        
                                                                                                  
 dense_4 (Dense)             (None, 40)                   7720      ['dropout_3[1][0]']           
                                                                                                  
 activation_8 (Activation)   (None, 40)                   0         ['dense_4[1][0]']             
                                                                                                  
 dropout_4 (Dropout)         (None, 40)                   0         ['activation_8[1][0]']        
                                                                                                  
 dense_5 (Dense)             (None, 232)                  9512      ['dropout_4[1][0]']           
                                                                                                  
 activation_9 (Activation)   (None, 232)                  0         ['dense_5[1][0]']             
                                                                                                  
 dropout_5 (Dropout)         (None, 232)                  0         ['activation_9[1][0]']        
                                                                                                  
 dense_6 (Dense)             (None, 96)                   22368     ['dropout_5[1][0]']           
                                                                                                  
 activation_10 (Activation)  (None, 96)                   0         ['dense_6[1][0]']             
                                                                                                  
 dropout_6 (Dropout)         (None, 96)                   0         ['activation_10[1][0]']       
                                                                                                  
 dense_7 (Dense)             (None, 224)                  21728     ['dropout_6[1][0]']           
                                                                                                  
 activation_11 (Activation)  (None, 224)                  0         ['dense_7[1][0]']             
                                                                                                  
 dropout_7 (Dropout)         (None, 224)                  0         ['activation_11[1][0]']       
                                                                                                  
 dense_8 (Dense)             (None, 152)                  34200     ['dropout_7[1][0]']           
                                                                                                  
 activation_12 (Activation)  (None, 152)                  0         ['dense_8[1][0]']             
                                                                                                  
 dropout_8 (Dropout)         (None, 152)                  0         ['activation_12[1][0]']       
                                                                                                  
 dense_9 (Dense)             (None, 10)                   1530      ['dropout_8[1][0]']           
                                                                                                  
==================================================================================================
Total params: 546354 (2.08 MB)
Trainable params: 546354 (2.08 MB)
Non-trainable params: 0 (0.00 Byte)
__________________________________________________________________________________________________
Epoch 1/20
6250/6250 - 23s - loss: 5.9437 - accuracy: 0.3098 - val_loss: 2.2526 - val_accuracy: 0.4467 - 23s/epoch - 4ms/step
Epoch 2/20
6250/6250 - 22s - loss: 2.0777 - accuracy: 0.4495 - val_loss: 1.8657 - val_accuracy: 0.5040 - 22s/epoch - 3ms/step
Epoch 3/20
6250/6250 - 22s - loss: 1.8776 - accuracy: 0.4826 - val_loss: 1.7955 - val_accuracy: 0.4814 - 22s/epoch - 3ms/step
Epoch 4/20
6250/6250 - 22s - loss: 1.8076 - accuracy: 0.5000 - val_loss: 1.7045 - val_accuracy: 0.5315 - 22s/epoch - 3ms/step
Epoch 5/20
6250/6250 - 22s - loss: 1.7622 - accuracy: 0.5148 - val_loss: 1.7062 - val_accuracy: 0.5353 - 22s/epoch - 3ms/step
Epoch 6/20
6250/6250 - 22s - loss: 1.7419 - accuracy: 0.5186 - val_loss: 1.6569 - val_accuracy: 0.5450 - 22s/epoch - 3ms/step
Epoch 7/20
6250/6250 - 22s - loss: 1.7174 - accuracy: 0.5268 - val_loss: 1.6779 - val_accuracy: 0.5272 - 22s/epoch - 3ms/step
Epoch 8/20
6250/6250 - 22s - loss: 1.6946 - accuracy: 0.5359 - val_loss: 1.6208 - val_accuracy: 0.5662 - 22s/epoch - 3ms/step
Epoch 9/20
6250/6250 - 22s - loss: 1.6865 - accuracy: 0.5378 - val_loss: 1.6035 - val_accuracy: 0.5698 - 22s/epoch - 3ms/step
Epoch 10/20
6250/6250 - 22s - loss: 1.6745 - accuracy: 0.5423 - val_loss: 1.6217 - val_accuracy: 0.5579 - 22s/epoch - 3ms/step
Epoch 11/20
6250/6250 - 22s - loss: 1.6619 - accuracy: 0.5479 - val_loss: 1.6331 - val_accuracy: 0.5490 - 22s/epoch - 3ms/step
Epoch 12/20
6250/6250 - 22s - loss: 1.6575 - accuracy: 0.5484 - val_loss: 1.5873 - val_accuracy: 0.5691 - 22s/epoch - 3ms/step
Epoch 13/20
6250/6250 - 22s - loss: 1.6493 - accuracy: 0.5544 - val_loss: 1.5886 - val_accuracy: 0.5741 - 22s/epoch - 3ms/step
Epoch 14/20
6250/6250 - 22s - loss: 1.6366 - accuracy: 0.5573 - val_loss: 1.5728 - val_accuracy: 0.5720 - 22s/epoch - 3ms/step
Epoch 15/20
6250/6250 - 22s - loss: 1.6331 - accuracy: 0.5555 - val_loss: 1.5619 - val_accuracy: 0.5863 - 22s/epoch - 3ms/step
Epoch 16/20
6250/6250 - 22s - loss: 1.6246 - accuracy: 0.5635 - val_loss: 1.5694 - val_accuracy: 0.5718 - 22s/epoch - 3ms/step
Epoch 17/20
6250/6250 - 22s - loss: 1.6172 - accuracy: 0.5623 - val_loss: 1.5812 - val_accuracy: 0.5671 - 22s/epoch - 3ms/step
Epoch 18/20
6250/6250 - 22s - loss: 1.6145 - accuracy: 0.5634 - val_loss: 1.5188 - val_accuracy: 0.6039 - 22s/epoch - 3ms/step
Epoch 19/20
6250/6250 - 22s - loss: 1.6100 - accuracy: 0.5674 - val_loss: 1.5663 - val_accuracy: 0.5828 - 22s/epoch - 3ms/step
Epoch 20/20
6250/6250 - 22s - loss: 1.5998 - accuracy: 0.5685 - val_loss: 1.5166 - val_accuracy: 0.5985 - 22s/epoch - 3ms/step
313/313 - 1s - loss: 1.5166 - accuracy: 0.5985 - 641ms/epoch - 2ms/step

ACCURACY: 0.5985000133514404


SCORE: -0.6616173133460083

[92m | MODULE VALUES ---------------------------------------------  |
 [0m
FLOPS: 28666348
PARAMS: 546354.0
[92m 
 | -----------------------------------------------------------  |
 [0m

--- BANANAS ITERATION 15 / 50 ---
Chosen point: {'num_neurons': 16, 'unit_c1': 1, 'unit_c2': 1, 'dr_f': 0.28595012248296425, 'learning_rate': 0.00014584003173179314, 'batch_size': 64, 'optimizer': 'Adamax', 'activation': 'relu', 'data_augmentation': True, 'reg_l2': False, 'skip_connection': True, 'new_fc_1': 25, 'new_fc_2': 10, 'new_fc_3': 27, 'new_fc_4': 11, 'new_fc_5': 26, 'new_fc_6': 1, 'new_fc_7': 28, 'new_fc_8': 12, 'new_fc_9': 24, 'new_fc_10': 0}
[94m
|  --> START TRAINING ITERATION 14[0m
[INFO] Flags -> DA: True, L2: False, Skip: True
Building model with input_shape=(32, 32, 3), pos_input_shape=None, layer_x_block=2
Model: "model"
__________________________________________________________________________________________________
 Layer (type)                Output Shape                 Param #   Connected to                  
==================================================================================================
 input_2 (InputLayer)        [(None, 32, 32, 3)]          0         []                            
                                                                                                  
 conv2d (Conv2D)             (None, 32, 32, 16)           448       ['input_2[0][0]']             
                                                                                                  
 activation (Activation)     (None, 32, 32, 16)           0         ['conv2d[1][0]']              
                                                                                                  
 conv2d_2 (Conv2D)           (None, 32, 32, 16)           64        ['input_2[0][0]']             
                                                                                                  
 conv2d_1 (Conv2D)           (None, 32, 32, 16)           2320      ['activation[1][0]']          
                                                                                                  
 add (Add)                   (None, 32, 32, 16)           0         ['conv2d_2[1][0]',            
                                                                     'conv2d_1[1][0]']            
                                                                                                  
 activation_1 (Activation)   (None, 32, 32, 16)           0         ['add[1][0]']                 
                                                                                                  
 max_pooling2d (MaxPooling2  (None, 16, 16, 16)           0         ['activation_1[1][0]']        
 D)                                                                                               
                                                                                                  
 conv2d_3 (Conv2D)           (None, 16, 16, 16)           2320      ['max_pooling2d[1][0]']       
                                                                                                  
 activation_2 (Activation)   (None, 16, 16, 16)           0         ['conv2d_3[1][0]']            
                                                                                                  
 conv2d_4 (Conv2D)           (None, 16, 16, 16)           2320      ['activation_2[1][0]']        
                                                                                                  
 add_1 (Add)                 (None, 16, 16, 16)           0         ['max_pooling2d[1][0]',       
                                                                     'conv2d_4[1][0]']            
                                                                                                  
 activation_3 (Activation)   (None, 16, 16, 16)           0         ['add_1[1][0]']               
                                                                                                  
 max_pooling2d_1 (MaxPoolin  (None, 8, 8, 16)             0         ['activation_3[1][0]']        
 g2D)                                                                                             
                                                                                                  
 flatten (Flatten)           (None, 1024)                 0         ['max_pooling2d_1[1][0]']     
                                                                                                  
 dense (Dense)               (None, 400)                  410000    ['flatten[1][0]']             
                                                                                                  
 activation_4 (Activation)   (None, 400)                  0         ['dense[1][0]']               
                                                                                                  
 dropout (Dropout)           (None, 400)                  0         ['activation_4[1][0]']        
                                                                                                  
 dense_1 (Dense)             (None, 160)                  64160     ['dropout[1][0]']             
                                                                                                  
 activation_5 (Activation)   (None, 160)                  0         ['dense_1[1][0]']             
                                                                                                  
 dropout_1 (Dropout)         (None, 160)                  0         ['activation_5[1][0]']        
                                                                                                  
 dense_2 (Dense)             (None, 432)                  69552     ['dropout_1[1][0]']           
                                                                                                  
 activation_6 (Activation)   (None, 432)                  0         ['dense_2[1][0]']             
                                                                                                  
 dropout_2 (Dropout)         (None, 432)                  0         ['activation_6[1][0]']        
                                                                                                  
 dense_3 (Dense)             (None, 176)                  76208     ['dropout_2[1][0]']           
                                                                                                  
 activation_7 (Activation)   (None, 176)                  0         ['dense_3[1][0]']             
                                                                                                  
 dropout_3 (Dropout)         (None, 176)                  0         ['activation_7[1][0]']        
                                                                                                  
 dense_4 (Dense)             (None, 416)                  73632     ['dropout_3[1][0]']           
                                                                                                  
 activation_8 (Activation)   (None, 416)                  0         ['dense_4[1][0]']             
                                                                                                  
 dropout_4 (Dropout)         (None, 416)                  0         ['activation_8[1][0]']        
                                                                                                  
 dense_5 (Dense)             (None, 16)                   6672      ['dropout_4[1][0]']           
                                                                                                  
 activation_9 (Activation)   (None, 16)                   0         ['dense_5[1][0]']             
                                                                                                  
 dropout_5 (Dropout)         (None, 16)                   0         ['activation_9[1][0]']        
                                                                                                  
 dense_6 (Dense)             (None, 448)                  7616      ['dropout_5[1][0]']           
                                                                                                  
 activation_10 (Activation)  (None, 448)                  0         ['dense_6[1][0]']             
                                                                                                  
 dropout_6 (Dropout)         (None, 448)                  0         ['activation_10[1][0]']       
                                                                                                  
 dense_7 (Dense)             (None, 192)                  86208     ['dropout_6[1][0]']           
                                                                                                  
 activation_11 (Activation)  (None, 192)                  0         ['dense_7[1][0]']             
                                                                                                  
 dropout_7 (Dropout)         (None, 192)                  0         ['activation_11[1][0]']       
                                                                                                  
 dense_8 (Dense)             (None, 384)                  74112     ['dropout_7[1][0]']           
                                                                                                  
 activation_12 (Activation)  (None, 384)                  0         ['dense_8[1][0]']             
                                                                                                  
 dropout_8 (Dropout)         (None, 384)                  0         ['activation_12[1][0]']       
                                                                                                  
 dense_9 (Dense)             (None, 10)                   3850      ['dropout_8[1][0]']           
                                                                                                  
==================================================================================================
Total params: 879482 (3.35 MB)
Trainable params: 879482 (3.35 MB)
Non-trainable params: 0 (0.00 Byte)
__________________________________________________________________________________________________
Epoch 1/20
782/782 - 4s - loss: 2.2996 - accuracy: 0.1048 - val_loss: 2.2591 - val_accuracy: 0.1486 - 4s/epoch - 5ms/step
Epoch 2/20
782/782 - 3s - loss: 2.2058 - accuracy: 0.1766 - val_loss: 2.1436 - val_accuracy: 0.1847 - 3s/epoch - 3ms/step
Epoch 3/20
782/782 - 3s - loss: 2.0656 - accuracy: 0.1865 - val_loss: 1.9409 - val_accuracy: 0.2012 - 3s/epoch - 3ms/step
Epoch 4/20
782/782 - 3s - loss: 1.9535 - accuracy: 0.1874 - val_loss: 1.9219 - val_accuracy: 0.2091 - 3s/epoch - 3ms/step
Epoch 5/20
782/782 - 3s - loss: 1.9132 - accuracy: 0.1955 - val_loss: 1.8745 - val_accuracy: 0.2222 - 3s/epoch - 3ms/step
Epoch 6/20
782/782 - 3s - loss: 1.8907 - accuracy: 0.2040 - val_loss: 1.8473 - val_accuracy: 0.2220 - 3s/epoch - 3ms/step
Epoch 7/20
782/782 - 3s - loss: 1.8747 - accuracy: 0.2074 - val_loss: 1.8606 - val_accuracy: 0.2364 - 3s/epoch - 3ms/step
Epoch 8/20
782/782 - 3s - loss: 1.8619 - accuracy: 0.2151 - val_loss: 1.8309 - val_accuracy: 0.2414 - 3s/epoch - 3ms/step
Epoch 9/20
782/782 - 3s - loss: 1.8478 - accuracy: 0.2248 - val_loss: 1.8119 - val_accuracy: 0.2677 - 3s/epoch - 3ms/step
Epoch 10/20
782/782 - 3s - loss: 1.8337 - accuracy: 0.2388 - val_loss: 1.7950 - val_accuracy: 0.2827 - 3s/epoch - 3ms/step
Epoch 11/20
782/782 - 3s - loss: 1.8169 - accuracy: 0.2527 - val_loss: 1.7801 - val_accuracy: 0.2919 - 3s/epoch - 3ms/step
Epoch 12/20
782/782 - 3s - loss: 1.7955 - accuracy: 0.2706 - val_loss: 1.8422 - val_accuracy: 0.2836 - 3s/epoch - 3ms/step
Epoch 13/20
782/782 - 3s - loss: 1.7712 - accuracy: 0.2826 - val_loss: 1.7621 - val_accuracy: 0.3110 - 3s/epoch - 3ms/step
Epoch 14/20
782/782 - 3s - loss: 1.7472 - accuracy: 0.2997 - val_loss: 1.7264 - val_accuracy: 0.3179 - 3s/epoch - 3ms/step
Epoch 15/20
782/782 - 3s - loss: 1.7212 - accuracy: 0.3071 - val_loss: 1.6896 - val_accuracy: 0.3249 - 3s/epoch - 3ms/step
Epoch 16/20
782/782 - 3s - loss: 1.6948 - accuracy: 0.3196 - val_loss: 1.6881 - val_accuracy: 0.3293 - 3s/epoch - 3ms/step
Epoch 17/20
782/782 - 3s - loss: 1.6740 - accuracy: 0.3265 - val_loss: 1.7129 - val_accuracy: 0.3167 - 3s/epoch - 3ms/step
Epoch 18/20
782/782 - 3s - loss: 1.6529 - accuracy: 0.3389 - val_loss: 1.6773 - val_accuracy: 0.3277 - 3s/epoch - 3ms/step
Epoch 19/20
782/782 - 3s - loss: 1.6313 - accuracy: 0.3493 - val_loss: 1.6341 - val_accuracy: 0.3499 - 3s/epoch - 3ms/step
Epoch 20/20
782/782 - 3s - loss: 1.6108 - accuracy: 0.3584 - val_loss: 1.6446 - val_accuracy: 0.3489 - 3s/epoch - 3ms/step
313/313 - 0s - loss: 1.6446 - accuracy: 0.3489 - 454ms/epoch - 1ms/step

ACCURACY: 0.3488999903202057


SCORE: -0.5244286572241439

[92m | MODULE VALUES ---------------------------------------------  |
 [0m
FLOPS: 9900668
PARAMS: 879482.0
[92m 
 | -----------------------------------------------------------  |
 [0m

--- BANANAS ITERATION 16 / 50 ---
Chosen point: {'num_neurons': 4, 'unit_c1': 4, 'unit_c2': 8, 'dr_f': 0.05610073445379785, 'learning_rate': 0.0007672571538994262, 'batch_size': 8, 'optimizer': 'Adam', 'activation': 'relu', 'data_augmentation': True, 'reg_l2': False, 'skip_connection': True, 'new_fc_1': 32, 'new_fc_2': 5, 'new_fc_3': 30, 'new_fc_4': 2, 'new_fc_5': 1, 'new_fc_6': 23, 'new_fc_7': 26, 'new_fc_8': 9, 'new_fc_9': 16, 'new_fc_10': 8}
[94m
|  --> START TRAINING ITERATION 15[0m
[INFO] Flags -> DA: True, L2: False, Skip: True
Building model with input_shape=(32, 32, 3), pos_input_shape=None, layer_x_block=2
Model: "model"
__________________________________________________________________________________________________
 Layer (type)                Output Shape                 Param #   Connected to                  
==================================================================================================
 input_2 (InputLayer)        [(None, 32, 32, 3)]          0         []                            
                                                                                                  
 conv2d (Conv2D)             (None, 32, 32, 16)           448       ['input_2[0][0]']             
                                                                                                  
 activation (Activation)     (None, 32, 32, 16)           0         ['conv2d[1][0]']              
                                                                                                  
 conv2d_2 (Conv2D)           (None, 32, 32, 16)           64        ['input_2[0][0]']             
                                                                                                  
 conv2d_1 (Conv2D)           (None, 32, 32, 16)           2320      ['activation[1][0]']          
                                                                                                  
 add (Add)                   (None, 32, 32, 16)           0         ['conv2d_2[1][0]',            
                                                                     'conv2d_1[1][0]']            
                                                                                                  
 activation_1 (Activation)   (None, 32, 32, 16)           0         ['add[1][0]']                 
                                                                                                  
 max_pooling2d (MaxPooling2  (None, 16, 16, 16)           0         ['activation_1[1][0]']        
 D)                                                                                               
                                                                                                  
 conv2d_3 (Conv2D)           (None, 16, 16, 32)           4640      ['max_pooling2d[1][0]']       
                                                                                                  
 activation_2 (Activation)   (None, 16, 16, 32)           0         ['conv2d_3[1][0]']            
                                                                                                  
 conv2d_5 (Conv2D)           (None, 16, 16, 32)           544       ['max_pooling2d[1][0]']       
                                                                                                  
 conv2d_4 (Conv2D)           (None, 16, 16, 32)           9248      ['activation_2[1][0]']        
                                                                                                  
 add_1 (Add)                 (None, 16, 16, 32)           0         ['conv2d_5[1][0]',            
                                                                     'conv2d_4[1][0]']            
                                                                                                  
 activation_3 (Activation)   (None, 16, 16, 32)           0         ['add_1[1][0]']               
                                                                                                  
 max_pooling2d_1 (MaxPoolin  (None, 8, 8, 32)             0         ['activation_3[1][0]']        
 g2D)                                                                                             
                                                                                                  
 flatten (Flatten)           (None, 2048)                 0         ['max_pooling2d_1[1][0]']     
                                                                                                  
 dense (Dense)               (None, 128)                  262272    ['flatten[1][0]']             
                                                                                                  
 activation_4 (Activation)   (None, 128)                  0         ['dense[1][0]']               
                                                                                                  
 dropout (Dropout)           (None, 128)                  0         ['activation_4[1][0]']        
                                                                                                  
 dense_1 (Dense)             (None, 20)                   2580      ['dropout[1][0]']             
                                                                                                  
 activation_5 (Activation)   (None, 20)                   0         ['dense_1[1][0]']             
                                                                                                  
 dropout_1 (Dropout)         (None, 20)                   0         ['activation_5[1][0]']        
                                                                                                  
 dense_2 (Dense)             (None, 120)                  2520      ['dropout_1[1][0]']           
                                                                                                  
 activation_6 (Activation)   (None, 120)                  0         ['dense_2[1][0]']             
                                                                                                  
 dropout_2 (Dropout)         (None, 120)                  0         ['activation_6[1][0]']        
                                                                                                  
 dense_3 (Dense)             (None, 8)                    968       ['dropout_2[1][0]']           
                                                                                                  
 activation_7 (Activation)   (None, 8)                    0         ['dense_3[1][0]']             
                                                                                                  
 dropout_3 (Dropout)         (None, 8)                    0         ['activation_7[1][0]']        
                                                                                                  
 dense_4 (Dense)             (None, 4)                    36        ['dropout_3[1][0]']           
                                                                                                  
 activation_8 (Activation)   (None, 4)                    0         ['dense_4[1][0]']             
                                                                                                  
 dropout_4 (Dropout)         (None, 4)                    0         ['activation_8[1][0]']        
                                                                                                  
 dense_5 (Dense)             (None, 92)                   460       ['dropout_4[1][0]']           
                                                                                                  
 activation_9 (Activation)   (None, 92)                   0         ['dense_5[1][0]']             
                                                                                                  
 dropout_5 (Dropout)         (None, 92)                   0         ['activation_9[1][0]']        
                                                                                                  
 dense_6 (Dense)             (None, 104)                  9672      ['dropout_5[1][0]']           
                                                                                                  
 activation_10 (Activation)  (None, 104)                  0         ['dense_6[1][0]']             
                                                                                                  
 dropout_6 (Dropout)         (None, 104)                  0         ['activation_10[1][0]']       
                                                                                                  
 dense_7 (Dense)             (None, 36)                   3780      ['dropout_6[1][0]']           
                                                                                                  
 activation_11 (Activation)  (None, 36)                   0         ['dense_7[1][0]']             
                                                                                                  
 dropout_7 (Dropout)         (None, 36)                   0         ['activation_11[1][0]']       
                                                                                                  
 dense_8 (Dense)             (None, 64)                   2368      ['dropout_7[1][0]']           
                                                                                                  
 activation_12 (Activation)  (None, 64)                   0         ['dense_8[1][0]']             
                                                                                                  
 dropout_8 (Dropout)         (None, 64)                   0         ['activation_12[1][0]']       
                                                                                                  
 dense_9 (Dense)             (None, 32)                   2080      ['dropout_8[1][0]']           
                                                                                                  
 activation_13 (Activation)  (None, 32)                   0         ['dense_9[1][0]']             
                                                                                                  
 dropout_9 (Dropout)         (None, 32)                   0         ['activation_13[1][0]']       
                                                                                                  
 dense_10 (Dense)            (None, 10)                   330       ['dropout_9[1][0]']           
                                                                                                  
==================================================================================================
Total params: 304330 (1.16 MB)
Trainable params: 304330 (1.16 MB)
Non-trainable params: 0 (0.00 Byte)
__________________________________________________________________________________________________
Epoch 1/20
6250/6250 - 21s - loss: 2.3029 - accuracy: 0.0973 - val_loss: 2.3027 - val_accuracy: 0.1000 - 21s/epoch - 3ms/step
Epoch 2/20
6250/6250 - 20s - loss: 2.3029 - accuracy: 0.0982 - val_loss: 2.3027 - val_accuracy: 0.1000 - 20s/epoch - 3ms/step
Epoch 3/20
6250/6250 - 20s - loss: 2.3029 - accuracy: 0.0984 - val_loss: 2.3026 - val_accuracy: 0.1000 - 20s/epoch - 3ms/step
Epoch 4/20
6250/6250 - 20s - loss: 2.3029 - accuracy: 0.0972 - val_loss: 2.3027 - val_accuracy: 0.1000 - 20s/epoch - 3ms/step
Epoch 5/20
6250/6250 - 20s - loss: 2.3028 - accuracy: 0.0990 - val_loss: 2.3028 - val_accuracy: 0.1000 - 20s/epoch - 3ms/step
Epoch 6/20
6250/6250 - 20s - loss: 2.3029 - accuracy: 0.1003 - val_loss: 2.3027 - val_accuracy: 0.1000 - 20s/epoch - 3ms/step
Epoch 7/20
6250/6250 - 20s - loss: 2.3029 - accuracy: 0.0995 - val_loss: 2.3027 - val_accuracy: 0.1000 - 20s/epoch - 3ms/step
Epoch 8/20
6250/6250 - 20s - loss: 2.3029 - accuracy: 0.0977 - val_loss: 2.3026 - val_accuracy: 0.1000 - 20s/epoch - 3ms/step
Epoch 9/20
6250/6250 - 20s - loss: 2.3028 - accuracy: 0.0999 - val_loss: 2.3028 - val_accuracy: 0.1000 - 20s/epoch - 3ms/step
Epoch 10/20
6250/6250 - 20s - loss: 2.3029 - accuracy: 0.0971 - val_loss: 2.3027 - val_accuracy: 0.1000 - 20s/epoch - 3ms/step
Epoch 11/20
6250/6250 - 20s - loss: 2.3029 - accuracy: 0.0985 - val_loss: 2.3026 - val_accuracy: 0.1000 - 20s/epoch - 3ms/step
Epoch 12/20
6250/6250 - 20s - loss: 2.3029 - accuracy: 0.0993 - val_loss: 2.3027 - val_accuracy: 0.1000 - 20s/epoch - 3ms/step
Epoch 13/20
6250/6250 - 20s - loss: 2.3029 - accuracy: 0.0980 - val_loss: 2.3027 - val_accuracy: 0.1000 - 20s/epoch - 3ms/step
Epoch 14/20
6250/6250 - 20s - loss: 2.3028 - accuracy: 0.1002 - val_loss: 2.3027 - val_accuracy: 0.1000 - 20s/epoch - 3ms/step
Epoch 15/20
6250/6250 - 20s - loss: 2.3028 - accuracy: 0.0989 - val_loss: 2.3027 - val_accuracy: 0.1000 - 20s/epoch - 3ms/step
Epoch 16/20
6250/6250 - 20s - loss: 2.3029 - accuracy: 0.0986 - val_loss: 2.3027 - val_accuracy: 0.1000 - 20s/epoch - 3ms/step
Epoch 17/20
6250/6250 - 20s - loss: 2.3029 - accuracy: 0.1002 - val_loss: 2.3027 - val_accuracy: 0.1000 - 20s/epoch - 3ms/step
Epoch 18/20
6250/6250 - 20s - loss: 2.3028 - accuracy: 0.1003 - val_loss: 2.3028 - val_accuracy: 0.1000 - 20s/epoch - 3ms/step
Epoch 19/20
6250/6250 - 20s - loss: 2.3028 - accuracy: 0.0979 - val_loss: 2.3027 - val_accuracy: 0.1000 - 20s/epoch - 3ms/step
Epoch 20/20
6250/6250 - 20s - loss: 2.3029 - accuracy: 0.0975 - val_loss: 2.3027 - val_accuracy: 0.1000 - 20s/epoch - 3ms/step
313/313 - 1s - loss: 2.3027 - accuracy: 0.1000 - 552ms/epoch - 2ms/step

ACCURACY: 0.10000000149011612


SCORE: -0.3425237850430813

[92m | MODULE VALUES ---------------------------------------------  |
 [0m
FLOPS: 13738108
PARAMS: 304330.0
[92m 
 | -----------------------------------------------------------  |
 [0m

--- BANANAS ITERATION 17 / 50 ---
Chosen point: {'num_neurons': 8, 'unit_c1': 2, 'unit_c2': 1, 'dr_f': 0.36046116752044866, 'learning_rate': 0.0003851396685134564, 'batch_size': 8, 'optimizer': 'Adam', 'activation': 'swish', 'data_augmentation': True, 'reg_l2': False, 'skip_connection': False, 'new_fc_1': 17, 'new_fc_2': 3, 'new_fc_3': 28, 'new_fc_4': 2, 'new_fc_5': 13, 'new_fc_6': 18, 'new_fc_7': 15, 'new_fc_8': 31, 'new_fc_9': 9, 'new_fc_10': 18}
[94m
|  --> START TRAINING ITERATION 16[0m
[INFO] Flags -> DA: True, L2: False, Skip: False
Building model with input_shape=(32, 32, 3), pos_input_shape=None, layer_x_block=2
Model: "model"
_________________________________________________________________
 Layer (type)                Output Shape              Param #   
=================================================================
 input_2 (InputLayer)        [(None, 32, 32, 3)]       0         
                                                                 
 conv2d (Conv2D)             (None, 32, 32, 16)        448       
                                                                 
 activation (Activation)     (None, 32, 32, 16)        0         
                                                                 
 conv2d_1 (Conv2D)           (None, 32, 32, 16)        2320      
                                                                 
 activation_1 (Activation)   (None, 32, 32, 16)        0         
                                                                 
 max_pooling2d (MaxPooling2  (None, 16, 16, 16)        0         
 D)                                                              
                                                                 
 conv2d_2 (Conv2D)           (None, 16, 16, 8)         1160      
                                                                 
 activation_2 (Activation)   (None, 16, 16, 8)         0         
                                                                 
 conv2d_3 (Conv2D)           (None, 16, 16, 8)         584       
                                                                 
 activation_3 (Activation)   (None, 16, 16, 8)         0         
                                                                 
 max_pooling2d_1 (MaxPoolin  (None, 8, 8, 8)           0         
 g2D)                                                            
                                                                 
 flatten (Flatten)           (None, 512)               0         
                                                                 
 dense (Dense)               (None, 136)               69768     
                                                                 
 activation_4 (Activation)   (None, 136)               0         
                                                                 
 dropout (Dropout)           (None, 136)               0         
                                                                 
 dense_1 (Dense)             (None, 24)                3288      
                                                                 
 activation_5 (Activation)   (None, 24)                0         
                                                                 
 dropout_1 (Dropout)         (None, 24)                0         
                                                                 
 dense_2 (Dense)             (None, 224)               5600      
                                                                 
 activation_6 (Activation)   (None, 224)               0         
                                                                 
 dropout_2 (Dropout)         (None, 224)               0         
                                                                 
 dense_3 (Dense)             (None, 16)                3600      
                                                                 
 activation_7 (Activation)   (None, 16)                0         
                                                                 
 dropout_3 (Dropout)         (None, 16)                0         
                                                                 
 dense_4 (Dense)             (None, 104)               1768      
                                                                 
 activation_8 (Activation)   (None, 104)               0         
                                                                 
 dropout_4 (Dropout)         (None, 104)               0         
                                                                 
 dense_5 (Dense)             (None, 144)               15120     
                                                                 
 activation_9 (Activation)   (None, 144)               0         
                                                                 
 dropout_5 (Dropout)         (None, 144)               0         
                                                                 
 dense_6 (Dense)             (None, 120)               17400     
                                                                 
 activation_10 (Activation)  (None, 120)               0         
                                                                 
 dropout_6 (Dropout)         (None, 120)               0         
                                                                 
 dense_7 (Dense)             (None, 248)               30008     
                                                                 
 activation_11 (Activation)  (None, 248)               0         
                                                                 
 dropout_7 (Dropout)         (None, 248)               0         
                                                                 
 dense_8 (Dense)             (None, 72)                17928     
                                                                 
 activation_12 (Activation)  (None, 72)                0         
                                                                 
 dropout_8 (Dropout)         (None, 72)                0         
                                                                 
 dense_9 (Dense)             (None, 144)               10512     
                                                                 
 activation_13 (Activation)  (None, 144)               0         
                                                                 
 dropout_9 (Dropout)         (None, 144)               0         
                                                                 
 dense_10 (Dense)            (None, 10)                1450      
                                                                 
=================================================================
Total params: 180954 (706.85 KB)
Trainable params: 180954 (706.85 KB)
Non-trainable params: 0 (0.00 Byte)
_________________________________________________________________
Epoch 1/20
6250/6250 - 21s - loss: 2.0026 - accuracy: 0.1914 - val_loss: 1.7335 - val_accuracy: 0.2951 - 21s/epoch - 3ms/step
Epoch 2/20
6250/6250 - 20s - loss: 1.7705 - accuracy: 0.2855 - val_loss: 1.6476 - val_accuracy: 0.3142 - 20s/epoch - 3ms/step
Epoch 3/20
6250/6250 - 20s - loss: 1.7082 - accuracy: 0.3115 - val_loss: 1.5904 - val_accuracy: 0.3531 - 20s/epoch - 3ms/step
Epoch 4/20
6250/6250 - 20s - loss: 1.6477 - accuracy: 0.3448 - val_loss: 1.5071 - val_accuracy: 0.3984 - 20s/epoch - 3ms/step
Epoch 5/20
6250/6250 - 20s - loss: 1.5724 - accuracy: 0.3833 - val_loss: 1.4193 - val_accuracy: 0.4550 - 20s/epoch - 3ms/step
Epoch 6/20
6250/6250 - 20s - loss: 1.5205 - accuracy: 0.4112 - val_loss: 1.4038 - val_accuracy: 0.4347 - 20s/epoch - 3ms/step
Epoch 7/20
6250/6250 - 20s - loss: 1.4645 - accuracy: 0.4428 - val_loss: 1.2865 - val_accuracy: 0.5121 - 20s/epoch - 3ms/step
Epoch 8/20
6250/6250 - 20s - loss: 1.4168 - accuracy: 0.4735 - val_loss: 1.2560 - val_accuracy: 0.5513 - 20s/epoch - 3ms/step
Epoch 9/20
6250/6250 - 20s - loss: 1.3631 - accuracy: 0.4975 - val_loss: 1.2180 - val_accuracy: 0.5731 - 20s/epoch - 3ms/step
Epoch 10/20
6250/6250 - 20s - loss: 1.3258 - accuracy: 0.5167 - val_loss: 1.1785 - val_accuracy: 0.5802 - 20s/epoch - 3ms/step
Epoch 11/20
6250/6250 - 20s - loss: 1.2861 - accuracy: 0.5363 - val_loss: 1.1368 - val_accuracy: 0.6055 - 20s/epoch - 3ms/step
Epoch 12/20
6250/6250 - 20s - loss: 1.2612 - accuracy: 0.5462 - val_loss: 1.0936 - val_accuracy: 0.6199 - 20s/epoch - 3ms/step
Epoch 13/20
6250/6250 - 20s - loss: 1.2349 - accuracy: 0.5586 - val_loss: 1.0846 - val_accuracy: 0.6154 - 20s/epoch - 3ms/step
Epoch 14/20
6250/6250 - 20s - loss: 1.2075 - accuracy: 0.5681 - val_loss: 1.0903 - val_accuracy: 0.6179 - 20s/epoch - 3ms/step
Epoch 15/20
6250/6250 - 20s - loss: 1.1874 - accuracy: 0.5756 - val_loss: 1.0873 - val_accuracy: 0.6076 - 20s/epoch - 3ms/step
Epoch 16/20
6250/6250 - 20s - loss: 1.1651 - accuracy: 0.5852 - val_loss: 1.0836 - val_accuracy: 0.6278 - 20s/epoch - 3ms/step
Epoch 17/20
6250/6250 - 20s - loss: 1.1439 - accuracy: 0.5945 - val_loss: 1.0769 - val_accuracy: 0.6208 - 20s/epoch - 3ms/step
Epoch 18/20
6250/6250 - 20s - loss: 1.1311 - accuracy: 0.5981 - val_loss: 1.0774 - val_accuracy: 0.6263 - 20s/epoch - 3ms/step
Epoch 19/20
6250/6250 - 20s - loss: 1.1202 - accuracy: 0.6009 - val_loss: 1.0966 - val_accuracy: 0.6268 - 20s/epoch - 3ms/step
Epoch 20/20
6250/6250 - 20s - loss: 1.0974 - accuracy: 0.6094 - val_loss: 1.0461 - val_accuracy: 0.6337 - 20s/epoch - 3ms/step
313/313 - 1s - loss: 1.0461 - accuracy: 0.6337 - 632ms/epoch - 2ms/step

ACCURACY: 0.6337000131607056


SCORE: -0.7296475212124939

[92m | MODULE VALUES ---------------------------------------------  |
 [0m
FLOPS: 6971244
PARAMS: 180954.0
[92m 
 | -----------------------------------------------------------  |
 [0m

--- BANANAS ITERATION 18 / 50 ---
Chosen point: {'num_neurons': 4, 'unit_c1': 4, 'unit_c2': 1, 'dr_f': 0.07998119439264297, 'learning_rate': 0.0006653662648094035, 'batch_size': 32, 'optimizer': 'Adadelta', 'activation': 'elu', 'data_augmentation': True, 'reg_l2': False, 'skip_connection': True, 'new_fc_1': 31, 'new_fc_2': 19, 'new_fc_3': 22, 'new_fc_4': 26, 'new_fc_5': 4, 'new_fc_6': 24, 'new_fc_7': 32, 'new_fc_8': 14, 'new_fc_9': 30, 'new_fc_10': 0}
[94m
|  --> START TRAINING ITERATION 17[0m
[INFO] Flags -> DA: True, L2: False, Skip: True
Building model with input_shape=(32, 32, 3), pos_input_shape=None, layer_x_block=2
Model: "model"
__________________________________________________________________________________________________
 Layer (type)                Output Shape                 Param #   Connected to                  
==================================================================================================
 input_2 (InputLayer)        [(None, 32, 32, 3)]          0         []                            
                                                                                                  
 conv2d (Conv2D)             (None, 32, 32, 16)           448       ['input_2[0][0]']             
                                                                                                  
 activation (Activation)     (None, 32, 32, 16)           0         ['conv2d[1][0]']              
                                                                                                  
 conv2d_2 (Conv2D)           (None, 32, 32, 16)           64        ['input_2[0][0]']             
                                                                                                  
 conv2d_1 (Conv2D)           (None, 32, 32, 16)           2320      ['activation[1][0]']          
                                                                                                  
 add (Add)                   (None, 32, 32, 16)           0         ['conv2d_2[1][0]',            
                                                                     'conv2d_1[1][0]']            
                                                                                                  
 activation_1 (Activation)   (None, 32, 32, 16)           0         ['add[1][0]']                 
                                                                                                  
 max_pooling2d (MaxPooling2  (None, 16, 16, 16)           0         ['activation_1[1][0]']        
 D)                                                                                               
                                                                                                  
 conv2d_3 (Conv2D)           (None, 16, 16, 4)            580       ['max_pooling2d[1][0]']       
                                                                                                  
 activation_2 (Activation)   (None, 16, 16, 4)            0         ['conv2d_3[1][0]']            
                                                                                                  
 conv2d_5 (Conv2D)           (None, 16, 16, 4)            68        ['max_pooling2d[1][0]']       
                                                                                                  
 conv2d_4 (Conv2D)           (None, 16, 16, 4)            148       ['activation_2[1][0]']        
                                                                                                  
 add_1 (Add)                 (None, 16, 16, 4)            0         ['conv2d_5[1][0]',            
                                                                     'conv2d_4[1][0]']            
                                                                                                  
 activation_3 (Activation)   (None, 16, 16, 4)            0         ['add_1[1][0]']               
                                                                                                  
 max_pooling2d_1 (MaxPoolin  (None, 8, 8, 4)              0         ['activation_3[1][0]']        
 g2D)                                                                                             
                                                                                                  
 flatten (Flatten)           (None, 256)                  0         ['max_pooling2d_1[1][0]']     
                                                                                                  
 dense (Dense)               (None, 124)                  31868     ['flatten[1][0]']             
                                                                                                  
 activation_4 (Activation)   (None, 124)                  0         ['dense[1][0]']               
                                                                                                  
 dropout (Dropout)           (None, 124)                  0         ['activation_4[1][0]']        
                                                                                                  
 dense_1 (Dense)             (None, 76)                   9500      ['dropout[1][0]']             
                                                                                                  
 activation_5 (Activation)   (None, 76)                   0         ['dense_1[1][0]']             
                                                                                                  
 dropout_1 (Dropout)         (None, 76)                   0         ['activation_5[1][0]']        
                                                                                                  
 dense_2 (Dense)             (None, 88)                   6776      ['dropout_1[1][0]']           
                                                                                                  
 activation_6 (Activation)   (None, 88)                   0         ['dense_2[1][0]']             
                                                                                                  
 dropout_2 (Dropout)         (None, 88)                   0         ['activation_6[1][0]']        
                                                                                                  
 dense_3 (Dense)             (None, 104)                  9256      ['dropout_2[1][0]']           
                                                                                                  
 activation_7 (Activation)   (None, 104)                  0         ['dense_3[1][0]']             
                                                                                                  
 dropout_3 (Dropout)         (None, 104)                  0         ['activation_7[1][0]']        
                                                                                                  
 dense_4 (Dense)             (None, 16)                   1680      ['dropout_3[1][0]']           
                                                                                                  
 activation_8 (Activation)   (None, 16)                   0         ['dense_4[1][0]']             
                                                                                                  
 dropout_4 (Dropout)         (None, 16)                   0         ['activation_8[1][0]']        
                                                                                                  
 dense_5 (Dense)             (None, 96)                   1632      ['dropout_4[1][0]']           
                                                                                                  
 activation_9 (Activation)   (None, 96)                   0         ['dense_5[1][0]']             
                                                                                                  
 dropout_5 (Dropout)         (None, 96)                   0         ['activation_9[1][0]']        
                                                                                                  
 dense_6 (Dense)             (None, 128)                  12416     ['dropout_5[1][0]']           
                                                                                                  
 activation_10 (Activation)  (None, 128)                  0         ['dense_6[1][0]']             
                                                                                                  
 dropout_6 (Dropout)         (None, 128)                  0         ['activation_10[1][0]']       
                                                                                                  
 dense_7 (Dense)             (None, 56)                   7224      ['dropout_6[1][0]']           
                                                                                                  
 activation_11 (Activation)  (None, 56)                   0         ['dense_7[1][0]']             
                                                                                                  
 dropout_7 (Dropout)         (None, 56)                   0         ['activation_11[1][0]']       
                                                                                                  
 dense_8 (Dense)             (None, 120)                  6840      ['dropout_7[1][0]']           
                                                                                                  
 activation_12 (Activation)  (None, 120)                  0         ['dense_8[1][0]']             
                                                                                                  
 dropout_8 (Dropout)         (None, 120)                  0         ['activation_12[1][0]']       
                                                                                                  
 dense_9 (Dense)             (None, 10)                   1210      ['dropout_8[1][0]']           
                                                                                                  
==================================================================================================
Total params: 92030 (359.49 KB)
Trainable params: 92030 (359.49 KB)
Non-trainable params: 0 (0.00 Byte)
__________________________________________________________________________________________________
Epoch 1/20
1563/1563 - 7s - loss: 2.3107 - accuracy: 0.1026 - val_loss: 2.2969 - val_accuracy: 0.1153 - 7s/epoch - 5ms/step
Epoch 2/20
1563/1563 - 5s - loss: 2.2998 - accuracy: 0.1130 - val_loss: 2.2861 - val_accuracy: 0.1505 - 5s/epoch - 3ms/step
Epoch 3/20
1563/1563 - 5s - loss: 2.2890 - accuracy: 0.1279 - val_loss: 2.2724 - val_accuracy: 0.1756 - 5s/epoch - 3ms/step
Epoch 4/20
1563/1563 - 5s - loss: 2.2736 - accuracy: 0.1396 - val_loss: 2.2535 - val_accuracy: 0.1796 - 5s/epoch - 3ms/step
Epoch 5/20
1563/1563 - 5s - loss: 2.2525 - accuracy: 0.1546 - val_loss: 2.2285 - val_accuracy: 0.1804 - 5s/epoch - 3ms/step
Epoch 6/20
1563/1563 - 5s - loss: 2.2278 - accuracy: 0.1672 - val_loss: 2.1998 - val_accuracy: 0.1809 - 5s/epoch - 3ms/step
Epoch 7/20
1563/1563 - 5s - loss: 2.1999 - accuracy: 0.1718 - val_loss: 2.1713 - val_accuracy: 0.1825 - 5s/epoch - 3ms/step
Epoch 8/20
1563/1563 - 5s - loss: 2.1740 - accuracy: 0.1818 - val_loss: 2.1461 - val_accuracy: 0.1867 - 5s/epoch - 3ms/step
Epoch 9/20
1563/1563 - 5s - loss: 2.1528 - accuracy: 0.1861 - val_loss: 2.1249 - val_accuracy: 0.1917 - 5s/epoch - 3ms/step
Epoch 10/20
1563/1563 - 5s - loss: 2.1335 - accuracy: 0.1888 - val_loss: 2.1067 - val_accuracy: 0.1977 - 5s/epoch - 3ms/step
Epoch 11/20
1563/1563 - 5s - loss: 2.1188 - accuracy: 0.1931 - val_loss: 2.0906 - val_accuracy: 0.2077 - 5s/epoch - 3ms/step
Epoch 12/20
1563/1563 - 5s - loss: 2.1031 - accuracy: 0.1984 - val_loss: 2.0758 - val_accuracy: 0.2151 - 5s/epoch - 3ms/step
Epoch 13/20
1563/1563 - 5s - loss: 2.0908 - accuracy: 0.2024 - val_loss: 2.0615 - val_accuracy: 0.2199 - 5s/epoch - 3ms/step
Epoch 14/20
1563/1563 - 5s - loss: 2.0770 - accuracy: 0.2056 - val_loss: 2.0476 - val_accuracy: 0.2266 - 5s/epoch - 3ms/step
Epoch 15/20
1563/1563 - 5s - loss: 2.0638 - accuracy: 0.2122 - val_loss: 2.0335 - val_accuracy: 0.2333 - 5s/epoch - 3ms/step
Epoch 16/20
1563/1563 - 5s - loss: 2.0533 - accuracy: 0.2162 - val_loss: 2.0190 - val_accuracy: 0.2410 - 5s/epoch - 3ms/step
Epoch 17/20
1563/1563 - 5s - loss: 2.0386 - accuracy: 0.2207 - val_loss: 2.0041 - val_accuracy: 0.2484 - 5s/epoch - 3ms/step
Epoch 18/20
1563/1563 - 5s - loss: 2.0237 - accuracy: 0.2268 - val_loss: 1.9884 - val_accuracy: 0.2565 - 5s/epoch - 3ms/step
Epoch 19/20
1563/1563 - 5s - loss: 2.0096 - accuracy: 0.2295 - val_loss: 1.9722 - val_accuracy: 0.2658 - 5s/epoch - 3ms/step
Epoch 20/20
1563/1563 - 5s - loss: 1.9934 - accuracy: 0.2409 - val_loss: 1.9558 - val_accuracy: 0.2777 - 5s/epoch - 3ms/step
313/313 - 0s - loss: 1.9558 - accuracy: 0.2777 - 418ms/epoch - 1ms/step

ACCURACY: 0.2777000069618225


SCORE: -0.4816577728732757

[92m | MODULE VALUES ---------------------------------------------  |
 [0m
FLOPS: 6366116
PARAMS: 92030.0
[92m 
 | -----------------------------------------------------------  |
 [0m

--- BANANAS ITERATION 19 / 50 ---
Chosen point: {'num_neurons': 16, 'unit_c1': 1, 'unit_c2': 3, 'dr_f': 0.06958330030056234, 'learning_rate': 0.00016858878835764566, 'batch_size': 8, 'optimizer': 'Adam', 'activation': 'swish', 'data_augmentation': True, 'reg_l2': True, 'skip_connection': True, 'new_fc_1': 29, 'new_fc_2': 0, 'new_fc_3': 28, 'new_fc_4': 4, 'new_fc_5': 18, 'new_fc_6': 11, 'new_fc_7': 9, 'new_fc_8': 11, 'new_fc_9': 11, 'new_fc_10': 28}
[94m
|  --> START TRAINING ITERATION 18[0m
[INFO] Flags -> DA: True, L2: True, Skip: True
Building model with input_shape=(32, 32, 3), pos_input_shape=None, layer_x_block=2
Model: "model"
__________________________________________________________________________________________________
 Layer (type)                Output Shape                 Param #   Connected to                  
==================================================================================================
 input_2 (InputLayer)        [(None, 32, 32, 3)]          0         []                            
                                                                                                  
 conv2d (Conv2D)             (None, 32, 32, 16)           448       ['input_2[0][0]']             
                                                                                                  
 activation (Activation)     (None, 32, 32, 16)           0         ['conv2d[1][0]']              
                                                                                                  
 conv2d_2 (Conv2D)           (None, 32, 32, 16)           64        ['input_2[0][0]']             
                                                                                                  
 conv2d_1 (Conv2D)           (None, 32, 32, 16)           2320      ['activation[1][0]']          
                                                                                                  
 add (Add)                   (None, 32, 32, 16)           0         ['conv2d_2[1][0]',            
                                                                     'conv2d_1[1][0]']            
                                                                                                  
 activation_1 (Activation)   (None, 32, 32, 16)           0         ['add[1][0]']                 
                                                                                                  
 max_pooling2d (MaxPooling2  (None, 16, 16, 16)           0         ['activation_1[1][0]']        
 D)                                                                                               
                                                                                                  
 conv2d_3 (Conv2D)           (None, 16, 16, 48)           6960      ['max_pooling2d[1][0]']       
                                                                                                  
 activation_2 (Activation)   (None, 16, 16, 48)           0         ['conv2d_3[1][0]']            
                                                                                                  
 conv2d_5 (Conv2D)           (None, 16, 16, 48)           816       ['max_pooling2d[1][0]']       
                                                                                                  
 conv2d_4 (Conv2D)           (None, 16, 16, 48)           20784     ['activation_2[1][0]']        
                                                                                                  
 add_1 (Add)                 (None, 16, 16, 48)           0         ['conv2d_5[1][0]',            
                                                                     'conv2d_4[1][0]']            
                                                                                                  
 activation_3 (Activation)   (None, 16, 16, 48)           0         ['add_1[1][0]']               
                                                                                                  
 max_pooling2d_1 (MaxPoolin  (None, 8, 8, 48)             0         ['activation_3[1][0]']        
 g2D)                                                                                             
                                                                                                  
 flatten (Flatten)           (None, 3072)                 0         ['max_pooling2d_1[1][0]']     
                                                                                                  
 dense (Dense)               (None, 464)                  1425872   ['flatten[1][0]']             
                                                                                                  
 activation_4 (Activation)   (None, 464)                  0         ['dense[1][0]']               
                                                                                                  
 dropout (Dropout)           (None, 464)                  0         ['activation_4[1][0]']        
                                                                                                  
 dense_1 (Dense)             (None, 448)                  208320    ['dropout[1][0]']             
                                                                                                  
 activation_5 (Activation)   (None, 448)                  0         ['dense_1[1][0]']             
                                                                                                  
 dropout_1 (Dropout)         (None, 448)                  0         ['activation_5[1][0]']        
                                                                                                  
 dense_2 (Dense)             (None, 64)                   28736     ['dropout_1[1][0]']           
                                                                                                  
 activation_6 (Activation)   (None, 64)                   0         ['dense_2[1][0]']             
                                                                                                  
 dropout_2 (Dropout)         (None, 64)                   0         ['activation_6[1][0]']        
                                                                                                  
 dense_3 (Dense)             (None, 288)                  18720     ['dropout_2[1][0]']           
                                                                                                  
 activation_7 (Activation)   (None, 288)                  0         ['dense_3[1][0]']             
                                                                                                  
 dropout_3 (Dropout)         (None, 288)                  0         ['activation_7[1][0]']        
                                                                                                  
 dense_4 (Dense)             (None, 176)                  50864     ['dropout_3[1][0]']           
                                                                                                  
 activation_8 (Activation)   (None, 176)                  0         ['dense_4[1][0]']             
                                                                                                  
 dropout_4 (Dropout)         (None, 176)                  0         ['activation_8[1][0]']        
                                                                                                  
 dense_5 (Dense)             (None, 144)                  25488     ['dropout_4[1][0]']           
                                                                                                  
 activation_9 (Activation)   (None, 144)                  0         ['dense_5[1][0]']             
                                                                                                  
 dropout_5 (Dropout)         (None, 144)                  0         ['activation_9[1][0]']        
                                                                                                  
 dense_6 (Dense)             (None, 176)                  25520     ['dropout_5[1][0]']           
                                                                                                  
 activation_10 (Activation)  (None, 176)                  0         ['dense_6[1][0]']             
                                                                                                  
 dropout_6 (Dropout)         (None, 176)                  0         ['activation_10[1][0]']       
                                                                                                  
 dense_7 (Dense)             (None, 176)                  31152     ['dropout_6[1][0]']           
                                                                                                  
 activation_11 (Activation)  (None, 176)                  0         ['dense_7[1][0]']             
                                                                                                  
 dropout_7 (Dropout)         (None, 176)                  0         ['activation_11[1][0]']       
                                                                                                  
 dense_8 (Dense)             (None, 448)                  79296     ['dropout_7[1][0]']           
                                                                                                  
 activation_12 (Activation)  (None, 448)                  0         ['dense_8[1][0]']             
                                                                                                  
 dropout_8 (Dropout)         (None, 448)                  0         ['activation_12[1][0]']       
                                                                                                  
 dense_9 (Dense)             (None, 10)                   4490      ['dropout_8[1][0]']           
                                                                                                  
==================================================================================================
Total params: 1929850 (7.36 MB)
Trainable params: 1929850 (7.36 MB)
Non-trainable params: 0 (0.00 Byte)
__________________________________________________________________________________________________
Epoch 1/20
6250/6250 - 25s - loss: 2.9620 - accuracy: 0.0984 - val_loss: 2.3027 - val_accuracy: 0.1000 - 25s/epoch - 4ms/step
Epoch 2/20
6250/6250 - 23s - loss: 2.3027 - accuracy: 0.0975 - val_loss: 2.3026 - val_accuracy: 0.1000 - 23s/epoch - 4ms/step
Epoch 3/20
6250/6250 - 23s - loss: 2.3027 - accuracy: 0.0975 - val_loss: 2.3026 - val_accuracy: 0.1000 - 23s/epoch - 4ms/step
Epoch 4/20
6250/6250 - 23s - loss: 2.3027 - accuracy: 0.0979 - val_loss: 2.3027 - val_accuracy: 0.1000 - 23s/epoch - 4ms/step
Epoch 5/20
6250/6250 - 23s - loss: 2.3027 - accuracy: 0.0961 - val_loss: 2.3026 - val_accuracy: 0.1000 - 23s/epoch - 4ms/step
Epoch 6/20
6250/6250 - 23s - loss: 2.3027 - accuracy: 0.0961 - val_loss: 2.3026 - val_accuracy: 0.1000 - 23s/epoch - 4ms/step
Epoch 7/20
6250/6250 - 23s - loss: 2.3027 - accuracy: 0.0989 - val_loss: 2.3026 - val_accuracy: 0.1000 - 23s/epoch - 4ms/step
Epoch 8/20
6250/6250 - 23s - loss: 2.3027 - accuracy: 0.0979 - val_loss: 2.3026 - val_accuracy: 0.1000 - 23s/epoch - 4ms/step
Epoch 9/20
6250/6250 - 23s - loss: 2.3027 - accuracy: 0.0984 - val_loss: 2.3026 - val_accuracy: 0.1000 - 23s/epoch - 4ms/step
Epoch 10/20
6250/6250 - 23s - loss: 2.3028 - accuracy: 0.0987 - val_loss: 2.3027 - val_accuracy: 0.1000 - 23s/epoch - 4ms/step
Epoch 11/20
6250/6250 - 23s - loss: 2.3027 - accuracy: 0.0965 - val_loss: 2.3026 - val_accuracy: 0.1000 - 23s/epoch - 4ms/step
Epoch 12/20
6250/6250 - 23s - loss: 2.3027 - accuracy: 0.0988 - val_loss: 2.3026 - val_accuracy: 0.1000 - 23s/epoch - 4ms/step
Epoch 13/20
6250/6250 - 23s - loss: 2.3027 - accuracy: 0.0972 - val_loss: 2.3027 - val_accuracy: 0.1000 - 23s/epoch - 4ms/step
Epoch 14/20
6250/6250 - 23s - loss: 2.3028 - accuracy: 0.0993 - val_loss: 2.3027 - val_accuracy: 0.1000 - 23s/epoch - 4ms/step
Epoch 15/20
6250/6250 - 23s - loss: 2.3027 - accuracy: 0.0986 - val_loss: 2.3026 - val_accuracy: 0.1000 - 23s/epoch - 4ms/step
Epoch 16/20
6250/6250 - 23s - loss: 2.3027 - accuracy: 0.0988 - val_loss: 2.3027 - val_accuracy: 0.1000 - 23s/epoch - 4ms/step
Epoch 17/20
6250/6250 - 23s - loss: 2.3027 - accuracy: 0.0958 - val_loss: 2.3026 - val_accuracy: 0.1000 - 23s/epoch - 4ms/step
Epoch 18/20
6250/6250 - 23s - loss: 2.3027 - accuracy: 0.0974 - val_loss: 2.3026 - val_accuracy: 0.1000 - 23s/epoch - 4ms/step
Epoch 19/20
6250/6250 - 23s - loss: 2.3027 - accuracy: 0.0976 - val_loss: 2.3027 - val_accuracy: 0.1000 - 23s/epoch - 4ms/step
Epoch 20/20
6250/6250 - 23s - loss: 2.3027 - accuracy: 0.0973 - val_loss: 2.3026 - val_accuracy: 0.1000 - 23s/epoch - 4ms/step
313/313 - 1s - loss: 2.3026 - accuracy: 0.1000 - 731ms/epoch - 2ms/step

ACCURACY: 0.10000000149011612


SCORE: -0.3213839770430813

[92m | MODULE VALUES ---------------------------------------------  |
 [0m
FLOPS: 24308012
PARAMS: 1929850.0
[92m 
 | -----------------------------------------------------------  |
 [0m

--- BANANAS ITERATION 20 / 50 ---
Chosen point: {'num_neurons': 4, 'unit_c1': 3, 'unit_c2': 7, 'dr_f': 0.08467190227890609, 'learning_rate': 0.00015341747755343125, 'batch_size': 64, 'optimizer': 'Adam', 'activation': 'swish', 'data_augmentation': True, 'reg_l2': True, 'skip_connection': False, 'new_fc_1': 29, 'new_fc_2': 6, 'new_fc_3': 20, 'new_fc_4': 19, 'new_fc_5': 30, 'new_fc_6': 4, 'new_fc_7': 27, 'new_fc_8': 10, 'new_fc_9': 28, 'new_fc_10': 8}
[94m
|  --> START TRAINING ITERATION 19[0m
[INFO] Flags -> DA: True, L2: True, Skip: False
Building model with input_shape=(32, 32, 3), pos_input_shape=None, layer_x_block=2
Model: "model"
_________________________________________________________________
 Layer (type)                Output Shape              Param #   
=================================================================
 input_2 (InputLayer)        [(None, 32, 32, 3)]       0         
                                                                 
 conv2d (Conv2D)             (None, 32, 32, 12)        336       
                                                                 
 activation (Activation)     (None, 32, 32, 12)        0         
                                                                 
 conv2d_1 (Conv2D)           (None, 32, 32, 12)        1308      
                                                                 
 activation_1 (Activation)   (None, 32, 32, 12)        0         
                                                                 
 max_pooling2d (MaxPooling2  (None, 16, 16, 12)        0         
 D)                                                              
                                                                 
 conv2d_2 (Conv2D)           (None, 16, 16, 28)        3052      
                                                                 
 activation_2 (Activation)   (None, 16, 16, 28)        0         
                                                                 
 conv2d_3 (Conv2D)           (None, 16, 16, 28)        7084      
                                                                 
 activation_3 (Activation)   (None, 16, 16, 28)        0         
                                                                 
 max_pooling2d_1 (MaxPoolin  (None, 8, 8, 28)          0         
 g2D)                                                            
                                                                 
 flatten (Flatten)           (None, 1792)              0         
                                                                 
 dense (Dense)               (None, 116)               207988    
                                                                 
 activation_4 (Activation)   (None, 116)               0         
                                                                 
 dropout (Dropout)           (None, 116)               0         
                                                                 
 dense_1 (Dense)             (None, 24)                2808      
                                                                 
 activation_5 (Activation)   (None, 24)                0         
                                                                 
 dropout_1 (Dropout)         (None, 24)                0         
                                                                 
 dense_2 (Dense)             (None, 80)                2000      
                                                                 
 activation_6 (Activation)   (None, 80)                0         
                                                                 
 dropout_2 (Dropout)         (None, 80)                0         
                                                                 
 dense_3 (Dense)             (None, 76)                6156      
                                                                 
 activation_7 (Activation)   (None, 76)                0         
                                                                 
 dropout_3 (Dropout)         (None, 76)                0         
                                                                 
 dense_4 (Dense)             (None, 120)               9240      
                                                                 
 activation_8 (Activation)   (None, 120)               0         
                                                                 
 dropout_4 (Dropout)         (None, 120)               0         
                                                                 
 dense_5 (Dense)             (None, 16)                1936      
                                                                 
 activation_9 (Activation)   (None, 16)                0         
                                                                 
 dropout_5 (Dropout)         (None, 16)                0         
                                                                 
 dense_6 (Dense)             (None, 108)               1836      
                                                                 
 activation_10 (Activation)  (None, 108)               0         
                                                                 
 dropout_6 (Dropout)         (None, 108)               0         
                                                                 
 dense_7 (Dense)             (None, 40)                4360      
                                                                 
 activation_11 (Activation)  (None, 40)                0         
                                                                 
 dropout_7 (Dropout)         (None, 40)                0         
                                                                 
 dense_8 (Dense)             (None, 112)               4592      
                                                                 
 activation_12 (Activation)  (None, 112)               0         
                                                                 
 dropout_8 (Dropout)         (None, 112)               0         
                                                                 
 dense_9 (Dense)             (None, 32)                3616      
                                                                 
 activation_13 (Activation)  (None, 32)                0         
                                                                 
 dropout_9 (Dropout)         (None, 32)                0         
                                                                 
 dense_10 (Dense)            (None, 10)                330       
                                                                 
=================================================================
Total params: 256642 (1002.51 KB)
Trainable params: 256642 (1002.51 KB)
Non-trainable params: 0 (0.00 Byte)
_________________________________________________________________
Epoch 1/20
782/782 - 5s - loss: 5.0119 - accuracy: 0.0961 - val_loss: 3.0379 - val_accuracy: 0.1000 - 5s/epoch - 6ms/step
Epoch 2/20
782/782 - 3s - loss: 2.5951 - accuracy: 0.0973 - val_loss: 2.3734 - val_accuracy: 0.1000 - 3s/epoch - 4ms/step
Epoch 3/20
782/782 - 3s - loss: 2.3290 - accuracy: 0.0987 - val_loss: 2.3091 - val_accuracy: 0.1000 - 3s/epoch - 4ms/step
Epoch 4/20
782/782 - 3s - loss: 2.3053 - accuracy: 0.0970 - val_loss: 2.3034 - val_accuracy: 0.1000 - 3s/epoch - 4ms/step
Epoch 5/20
782/782 - 3s - loss: 2.3029 - accuracy: 0.0976 - val_loss: 2.3026 - val_accuracy: 0.1000 - 3s/epoch - 4ms/step
Epoch 6/20
782/782 - 3s - loss: 2.3026 - accuracy: 0.0993 - val_loss: 2.3026 - val_accuracy: 0.1000 - 3s/epoch - 4ms/step
Epoch 7/20
782/782 - 3s - loss: 2.3026 - accuracy: 0.0966 - val_loss: 2.3026 - val_accuracy: 0.1000 - 3s/epoch - 4ms/step
Epoch 8/20
782/782 - 3s - loss: 2.3026 - accuracy: 0.0972 - val_loss: 2.3026 - val_accuracy: 0.1000 - 3s/epoch - 4ms/step
Epoch 9/20
782/782 - 3s - loss: 2.3026 - accuracy: 0.0981 - val_loss: 2.3026 - val_accuracy: 0.1000 - 3s/epoch - 4ms/step
Epoch 10/20
782/782 - 3s - loss: 2.3026 - accuracy: 0.0979 - val_loss: 2.3026 - val_accuracy: 0.1000 - 3s/epoch - 4ms/step
Epoch 11/20
782/782 - 3s - loss: 2.3026 - accuracy: 0.0975 - val_loss: 2.3026 - val_accuracy: 0.1000 - 3s/epoch - 4ms/step
Epoch 12/20
782/782 - 3s - loss: 2.3026 - accuracy: 0.0989 - val_loss: 2.3026 - val_accuracy: 0.1000 - 3s/epoch - 4ms/step
Epoch 13/20
782/782 - 3s - loss: 2.3026 - accuracy: 0.0989 - val_loss: 2.3026 - val_accuracy: 0.1000 - 3s/epoch - 4ms/step
Epoch 14/20
782/782 - 3s - loss: 2.3026 - accuracy: 0.0992 - val_loss: 2.3026 - val_accuracy: 0.1000 - 3s/epoch - 4ms/step
Epoch 15/20
782/782 - 3s - loss: 2.3026 - accuracy: 0.0973 - val_loss: 2.3026 - val_accuracy: 0.1000 - 3s/epoch - 4ms/step
Epoch 16/20
782/782 - 3s - loss: 2.3026 - accuracy: 0.0973 - val_loss: 2.3026 - val_accuracy: 0.1000 - 3s/epoch - 4ms/step
Epoch 17/20
782/782 - 3s - loss: 2.3026 - accuracy: 0.0972 - val_loss: 2.3026 - val_accuracy: 0.1000 - 3s/epoch - 4ms/step
Epoch 18/20
782/782 - 3s - loss: 2.3026 - accuracy: 0.0963 - val_loss: 2.3026 - val_accuracy: 0.1000 - 3s/epoch - 4ms/step
Epoch 19/20
782/782 - 3s - loss: 2.3026 - accuracy: 0.0985 - val_loss: 2.3026 - val_accuracy: 0.1000 - 3s/epoch - 4ms/step
Epoch 20/20
782/782 - 3s - loss: 2.3026 - accuracy: 0.0969 - val_loss: 2.3026 - val_accuracy: 0.1000 - 3s/epoch - 4ms/step
313/313 - 1s - loss: 2.3026 - accuracy: 0.1000 - 529ms/epoch - 2ms/step

ACCURACY: 0.10000000149011612


SCORE: -0.35178920104308126

[92m | MODULE VALUES ---------------------------------------------  |
 [0m
FLOPS: 9105400
PARAMS: 256642.0
[92m 
 | -----------------------------------------------------------  |
 [0m

--- BANANAS ITERATION 21 / 50 ---
Chosen point: {'num_neurons': 8, 'unit_c1': 3, 'unit_c2': 2, 'dr_f': 0.061303531448403004, 'learning_rate': 0.0003649827317156532, 'batch_size': 64, 'optimizer': 'Adamax', 'activation': 'swish', 'data_augmentation': True, 'reg_l2': False, 'skip_connection': True, 'new_fc_1': 28, 'new_fc_2': 7, 'new_fc_3': 24, 'new_fc_4': 1, 'new_fc_5': 9, 'new_fc_6': 0, 'new_fc_7': 4, 'new_fc_8': 12, 'new_fc_9': 12, 'new_fc_10': 32}
[94m
|  --> START TRAINING ITERATION 20[0m
[INFO] Flags -> DA: True, L2: False, Skip: True
Building model with input_shape=(32, 32, 3), pos_input_shape=None, layer_x_block=2
Model: "model"
__________________________________________________________________________________________________
 Layer (type)                Output Shape                 Param #   Connected to                  
==================================================================================================
 input_2 (InputLayer)        [(None, 32, 32, 3)]          0         []                            
                                                                                                  
 conv2d (Conv2D)             (None, 32, 32, 24)           672       ['input_2[0][0]']             
                                                                                                  
 activation (Activation)     (None, 32, 32, 24)           0         ['conv2d[1][0]']              
                                                                                                  
 conv2d_2 (Conv2D)           (None, 32, 32, 24)           96        ['input_2[0][0]']             
                                                                                                  
 conv2d_1 (Conv2D)           (None, 32, 32, 24)           5208      ['activation[1][0]']          
                                                                                                  
 add (Add)                   (None, 32, 32, 24)           0         ['conv2d_2[1][0]',            
                                                                     'conv2d_1[1][0]']            
                                                                                                  
 activation_1 (Activation)   (None, 32, 32, 24)           0         ['add[1][0]']                 
                                                                                                  
 max_pooling2d (MaxPooling2  (None, 16, 16, 24)           0         ['activation_1[1][0]']        
 D)                                                                                               
                                                                                                  
 conv2d_3 (Conv2D)           (None, 16, 16, 16)           3472      ['max_pooling2d[1][0]']       
                                                                                                  
 activation_2 (Activation)   (None, 16, 16, 16)           0         ['conv2d_3[1][0]']            
                                                                                                  
 conv2d_5 (Conv2D)           (None, 16, 16, 16)           400       ['max_pooling2d[1][0]']       
                                                                                                  
 conv2d_4 (Conv2D)           (None, 16, 16, 16)           2320      ['activation_2[1][0]']        
                                                                                                  
 add_1 (Add)                 (None, 16, 16, 16)           0         ['conv2d_5[1][0]',            
                                                                     'conv2d_4[1][0]']            
                                                                                                  
 activation_3 (Activation)   (None, 16, 16, 16)           0         ['add_1[1][0]']               
                                                                                                  
 max_pooling2d_1 (MaxPoolin  (None, 8, 8, 16)             0         ['activation_3[1][0]']        
 g2D)                                                                                             
                                                                                                  
 flatten (Flatten)           (None, 1024)                 0         ['max_pooling2d_1[1][0]']     
                                                                                                  
 dense (Dense)               (None, 224)                  229600    ['flatten[1][0]']             
                                                                                                  
 activation_4 (Activation)   (None, 224)                  0         ['dense[1][0]']               
                                                                                                  
 dropout (Dropout)           (None, 224)                  0         ['activation_4[1][0]']        
                                                                                                  
 dense_1 (Dense)             (None, 56)                   12600     ['dropout[1][0]']             
                                                                                                  
 activation_5 (Activation)   (None, 56)                   0         ['dense_1[1][0]']             
                                                                                                  
 dropout_1 (Dropout)         (None, 56)                   0         ['activation_5[1][0]']        
                                                                                                  
 dense_2 (Dense)             (None, 192)                  10944     ['dropout_1[1][0]']           
                                                                                                  
 activation_6 (Activation)   (None, 192)                  0         ['dense_2[1][0]']             
                                                                                                  
 dropout_2 (Dropout)         (None, 192)                  0         ['activation_6[1][0]']        
                                                                                                  
 dense_3 (Dense)             (None, 8)                    1544      ['dropout_2[1][0]']           
                                                                                                  
 activation_7 (Activation)   (None, 8)                    0         ['dense_3[1][0]']             
                                                                                                  
 dropout_3 (Dropout)         (None, 8)                    0         ['activation_7[1][0]']        
                                                                                                  
 dense_4 (Dense)             (None, 72)                   648       ['dropout_3[1][0]']           
                                                                                                  
 activation_8 (Activation)   (None, 72)                   0         ['dense_4[1][0]']             
                                                                                                  
 dropout_4 (Dropout)         (None, 72)                   0         ['activation_8[1][0]']        
                                                                                                  
 dense_5 (Dense)             (None, 32)                   2336      ['dropout_4[1][0]']           
                                                                                                  
 activation_9 (Activation)   (None, 32)                   0         ['dense_5[1][0]']             
                                                                                                  
 dropout_5 (Dropout)         (None, 32)                   0         ['activation_9[1][0]']        
                                                                                                  
 dense_6 (Dense)             (None, 96)                   3168      ['dropout_5[1][0]']           
                                                                                                  
 activation_10 (Activation)  (None, 96)                   0         ['dense_6[1][0]']             
                                                                                                  
 dropout_6 (Dropout)         (None, 96)                   0         ['activation_10[1][0]']       
                                                                                                  
 dense_7 (Dense)             (None, 96)                   9312      ['dropout_6[1][0]']           
                                                                                                  
 activation_11 (Activation)  (None, 96)                   0         ['dense_7[1][0]']             
                                                                                                  
 dropout_7 (Dropout)         (None, 96)                   0         ['activation_11[1][0]']       
                                                                                                  
 dense_8 (Dense)             (None, 256)                  24832     ['dropout_7[1][0]']           
                                                                                                  
 activation_12 (Activation)  (None, 256)                  0         ['dense_8[1][0]']             
                                                                                                  
 dropout_8 (Dropout)         (None, 256)                  0         ['activation_12[1][0]']       
                                                                                                  
 dense_9 (Dense)             (None, 10)                   2570      ['dropout_8[1][0]']           
                                                                                                  
==================================================================================================
Total params: 309722 (1.18 MB)
Trainable params: 309722 (1.18 MB)
Non-trainable params: 0 (0.00 Byte)
__________________________________________________________________________________________________
Epoch 1/20
782/782 - 5s - loss: 2.0588 - accuracy: 0.2175 - val_loss: 1.8429 - val_accuracy: 0.2857 - 5s/epoch - 6ms/step
Epoch 2/20
782/782 - 3s - loss: 1.8292 - accuracy: 0.2871 - val_loss: 1.7221 - val_accuracy: 0.3273 - 3s/epoch - 4ms/step
Epoch 3/20
782/782 - 3s - loss: 1.7379 - accuracy: 0.3188 - val_loss: 1.6473 - val_accuracy: 0.3659 - 3s/epoch - 4ms/step
Epoch 4/20
782/782 - 3s - loss: 1.6635 - accuracy: 0.3568 - val_loss: 1.5745 - val_accuracy: 0.3990 - 3s/epoch - 4ms/step
Epoch 5/20
782/782 - 3s - loss: 1.6011 - accuracy: 0.3877 - val_loss: 1.5143 - val_accuracy: 0.4250 - 3s/epoch - 4ms/step
Epoch 6/20
782/782 - 3s - loss: 1.5507 - accuracy: 0.4101 - val_loss: 1.4657 - val_accuracy: 0.4464 - 3s/epoch - 4ms/step
Epoch 7/20
782/782 - 3s - loss: 1.5041 - accuracy: 0.4291 - val_loss: 1.4337 - val_accuracy: 0.4597 - 3s/epoch - 4ms/step
Epoch 8/20
782/782 - 3s - loss: 1.4620 - accuracy: 0.4479 - val_loss: 1.3848 - val_accuracy: 0.4785 - 3s/epoch - 4ms/step
Epoch 9/20
782/782 - 3s - loss: 1.4192 - accuracy: 0.4661 - val_loss: 1.3529 - val_accuracy: 0.4979 - 3s/epoch - 4ms/step
Epoch 10/20
782/782 - 3s - loss: 1.3794 - accuracy: 0.4853 - val_loss: 1.3067 - val_accuracy: 0.5179 - 3s/epoch - 4ms/step
Epoch 11/20
782/782 - 3s - loss: 1.3431 - accuracy: 0.5032 - val_loss: 1.2916 - val_accuracy: 0.5265 - 3s/epoch - 4ms/step
Epoch 12/20
782/782 - 3s - loss: 1.3074 - accuracy: 0.5173 - val_loss: 1.2589 - val_accuracy: 0.5368 - 3s/epoch - 4ms/step
Epoch 13/20
782/782 - 3s - loss: 1.2678 - accuracy: 0.5324 - val_loss: 1.2282 - val_accuracy: 0.5560 - 3s/epoch - 4ms/step
Epoch 14/20
782/782 - 3s - loss: 1.2335 - accuracy: 0.5467 - val_loss: 1.2034 - val_accuracy: 0.5623 - 3s/epoch - 4ms/step
Epoch 15/20
782/782 - 3s - loss: 1.1990 - accuracy: 0.5584 - val_loss: 1.1742 - val_accuracy: 0.5706 - 3s/epoch - 4ms/step
Epoch 16/20
782/782 - 3s - loss: 1.1656 - accuracy: 0.5722 - val_loss: 1.1521 - val_accuracy: 0.5825 - 3s/epoch - 4ms/step
Epoch 17/20
782/782 - 3s - loss: 1.1370 - accuracy: 0.5841 - val_loss: 1.1348 - val_accuracy: 0.5919 - 3s/epoch - 4ms/step
Epoch 18/20
782/782 - 3s - loss: 1.1074 - accuracy: 0.5940 - val_loss: 1.1303 - val_accuracy: 0.5925 - 3s/epoch - 4ms/step
Epoch 19/20
782/782 - 3s - loss: 1.0819 - accuracy: 0.6023 - val_loss: 1.0944 - val_accuracy: 0.6055 - 3s/epoch - 4ms/step
Epoch 20/20
782/782 - 3s - loss: 1.0531 - accuracy: 0.6137 - val_loss: 1.0925 - val_accuracy: 0.6104 - 3s/epoch - 4ms/step
313/313 - 0s - loss: 1.0925 - accuracy: 0.6104 - 455ms/epoch - 1ms/step

ACCURACY: 0.6104000210762024


SCORE: -0.6950973187533416

[92m | MODULE VALUES ---------------------------------------------  |
 [0m
FLOPS: 16091348
PARAMS: 309722.0
[92m 
 | -----------------------------------------------------------  |
 [0m

--- BANANAS ITERATION 22 / 50 ---
Chosen point: {'num_neurons': 8, 'unit_c1': 4, 'unit_c2': 5, 'dr_f': 0.3303004800848375, 'learning_rate': 0.00012900315918384887, 'batch_size': 64, 'optimizer': 'Adam', 'activation': 'relu', 'data_augmentation': True, 'reg_l2': True, 'skip_connection': False, 'new_fc_1': 29, 'new_fc_2': 1, 'new_fc_3': 10, 'new_fc_4': 23, 'new_fc_5': 9, 'new_fc_6': 2, 'new_fc_7': 31, 'new_fc_8': 11, 'new_fc_9': 13, 'new_fc_10': 29}
[94m
|  --> START TRAINING ITERATION 21[0m
[INFO] Flags -> DA: True, L2: True, Skip: False
Building model with input_shape=(32, 32, 3), pos_input_shape=None, layer_x_block=2
Model: "model"
_________________________________________________________________
 Layer (type)                Output Shape              Param #   
=================================================================
 input_2 (InputLayer)        [(None, 32, 32, 3)]       0         
                                                                 
 conv2d (Conv2D)             (None, 32, 32, 32)        896       
                                                                 
 activation (Activation)     (None, 32, 32, 32)        0         
                                                                 
 conv2d_1 (Conv2D)           (None, 32, 32, 32)        9248      
                                                                 
 activation_1 (Activation)   (None, 32, 32, 32)        0         
                                                                 
 max_pooling2d (MaxPooling2  (None, 16, 16, 32)        0         
 D)                                                              
                                                                 
 conv2d_2 (Conv2D)           (None, 16, 16, 40)        11560     
                                                                 
 activation_2 (Activation)   (None, 16, 16, 40)        0         
                                                                 
 conv2d_3 (Conv2D)           (None, 16, 16, 40)        14440     
                                                                 
 activation_3 (Activation)   (None, 16, 16, 40)        0         
                                                                 
 max_pooling2d_1 (MaxPoolin  (None, 8, 8, 40)          0         
 g2D)                                                            
                                                                 
 flatten (Flatten)           (None, 2560)              0         
                                                                 
 dense (Dense)               (None, 232)               594152    
                                                                 
 activation_4 (Activation)   (None, 232)               0         
                                                                 
 dropout (Dropout)           (None, 232)               0         
                                                                 
 dense_1 (Dense)             (None, 8)                 1864      
                                                                 
 activation_5 (Activation)   (None, 8)                 0         
                                                                 
 dropout_1 (Dropout)         (None, 8)                 0         
                                                                 
 dense_2 (Dense)             (None, 80)                720       
                                                                 
 activation_6 (Activation)   (None, 80)                0         
                                                                 
 dropout_2 (Dropout)         (None, 80)                0         
                                                                 
 dense_3 (Dense)             (None, 184)               14904     
                                                                 
 activation_7 (Activation)   (None, 184)               0         
                                                                 
 dropout_3 (Dropout)         (None, 184)               0         
                                                                 
 dense_4 (Dense)             (None, 72)                13320     
                                                                 
 activation_8 (Activation)   (None, 72)                0         
                                                                 
 dropout_4 (Dropout)         (None, 72)                0         
                                                                 
 dense_5 (Dense)             (None, 16)                1168      
                                                                 
 activation_9 (Activation)   (None, 16)                0         
                                                                 
 dropout_5 (Dropout)         (None, 16)                0         
                                                                 
 dense_6 (Dense)             (None, 248)               4216      
                                                                 
 activation_10 (Activation)  (None, 248)               0         
                                                                 
 dropout_6 (Dropout)         (None, 248)               0         
                                                                 
 dense_7 (Dense)             (None, 88)                21912     
                                                                 
 activation_11 (Activation)  (None, 88)                0         
                                                                 
 dropout_7 (Dropout)         (None, 88)                0         
                                                                 
 dense_8 (Dense)             (None, 104)               9256      
                                                                 
 activation_12 (Activation)  (None, 104)               0         
                                                                 
 dropout_8 (Dropout)         (None, 104)               0         
                                                                 
 dense_9 (Dense)             (None, 232)               24360     
                                                                 
 activation_13 (Activation)  (None, 232)               0         
                                                                 
 dropout_9 (Dropout)         (None, 232)               0         
                                                                 
 dense_10 (Dense)            (None, 10)                2330      
                                                                 
=================================================================
Total params: 724346 (2.76 MB)
Trainable params: 724346 (2.76 MB)
Non-trainable params: 0 (0.00 Byte)
_________________________________________________________________
Epoch 1/20
782/782 - 4s - loss: 6.0845 - accuracy: 0.1001 - val_loss: 3.1035 - val_accuracy: 0.1000 - 4s/epoch - 5ms/step
Epoch 2/20
782/782 - 3s - loss: 2.5938 - accuracy: 0.0969 - val_loss: 2.3626 - val_accuracy: 0.1000 - 3s/epoch - 3ms/step
Epoch 3/20
782/782 - 3s - loss: 2.3240 - accuracy: 0.0974 - val_loss: 2.3073 - val_accuracy: 0.1000 - 3s/epoch - 3ms/step
Epoch 4/20
782/782 - 3s - loss: 2.3043 - accuracy: 0.0971 - val_loss: 2.3029 - val_accuracy: 0.1000 - 3s/epoch - 3ms/step
Epoch 5/20
782/782 - 3s - loss: 2.3027 - accuracy: 0.0964 - val_loss: 2.3026 - val_accuracy: 0.1000 - 3s/epoch - 3ms/step
Epoch 6/20
782/782 - 3s - loss: 2.3026 - accuracy: 0.0942 - val_loss: 2.3026 - val_accuracy: 0.1000 - 3s/epoch - 3ms/step
Epoch 7/20
782/782 - 3s - loss: 2.3026 - accuracy: 0.0977 - val_loss: 2.3026 - val_accuracy: 0.1000 - 3s/epoch - 3ms/step
Epoch 8/20
782/782 - 3s - loss: 2.3026 - accuracy: 0.0953 - val_loss: 2.3026 - val_accuracy: 0.1000 - 3s/epoch - 3ms/step
Epoch 9/20
782/782 - 3s - loss: 2.3026 - accuracy: 0.0980 - val_loss: 2.3026 - val_accuracy: 0.1000 - 3s/epoch - 3ms/step
Epoch 10/20
782/782 - 3s - loss: 2.3026 - accuracy: 0.0987 - val_loss: 2.3026 - val_accuracy: 0.1000 - 3s/epoch - 3ms/step
Epoch 11/20
782/782 - 3s - loss: 2.3026 - accuracy: 0.0976 - val_loss: 2.3026 - val_accuracy: 0.1000 - 3s/epoch - 3ms/step
Epoch 12/20
782/782 - 3s - loss: 2.3026 - accuracy: 0.0991 - val_loss: 2.3026 - val_accuracy: 0.1000 - 3s/epoch - 3ms/step
Epoch 13/20
782/782 - 3s - loss: 2.3026 - accuracy: 0.0968 - val_loss: 2.3026 - val_accuracy: 0.1000 - 3s/epoch - 3ms/step
Epoch 14/20
782/782 - 3s - loss: 2.3026 - accuracy: 0.0977 - val_loss: 2.3026 - val_accuracy: 0.1000 - 3s/epoch - 3ms/step
Epoch 15/20
782/782 - 3s - loss: 2.3026 - accuracy: 0.0960 - val_loss: 2.3026 - val_accuracy: 0.1000 - 3s/epoch - 3ms/step
Epoch 16/20
782/782 - 3s - loss: 2.3026 - accuracy: 0.0977 - val_loss: 2.3026 - val_accuracy: 0.1000 - 3s/epoch - 3ms/step
Epoch 17/20
782/782 - 3s - loss: 2.3026 - accuracy: 0.0975 - val_loss: 2.3026 - val_accuracy: 0.1000 - 3s/epoch - 3ms/step
Epoch 18/20
782/782 - 3s - loss: 2.3026 - accuracy: 0.0958 - val_loss: 2.3026 - val_accuracy: 0.1000 - 3s/epoch - 3ms/step
Epoch 19/20
782/782 - 3s - loss: 2.3026 - accuracy: 0.0979 - val_loss: 2.3026 - val_accuracy: 0.1000 - 3s/epoch - 3ms/step
Epoch 20/20
782/782 - 3s - loss: 2.3026 - accuracy: 0.0974 - val_loss: 2.3026 - val_accuracy: 0.1000 - 3s/epoch - 3ms/step
313/313 - 0s - loss: 2.3026 - accuracy: 0.1000 - 487ms/epoch - 2ms/step

ACCURACY: 0.10000000149011612


SCORE: -0.2991618330430813

[92m | MODULE VALUES ---------------------------------------------  |
 [0m
FLOPS: 35419084
PARAMS: 724346.0
[92m 
 | -----------------------------------------------------------  |
 [0m

--- BANANAS ITERATION 23 / 50 ---
Chosen point: {'num_neurons': 16, 'unit_c1': 4, 'unit_c2': 7, 'dr_f': 0.30681993205903313, 'learning_rate': 0.0002368113670698954, 'batch_size': 64, 'optimizer': 'Adam', 'activation': 'relu', 'data_augmentation': True, 'reg_l2': False, 'skip_connection': True, 'new_fc_1': 27, 'new_fc_2': 27, 'new_fc_3': 10, 'new_fc_4': 8, 'new_fc_5': 30, 'new_fc_6': 3, 'new_fc_7': 19, 'new_fc_8': 18, 'new_fc_9': 31, 'new_fc_10': 31}
[94m
|  --> START TRAINING ITERATION 22[0m
[INFO] Flags -> DA: True, L2: False, Skip: True
Building model with input_shape=(32, 32, 3), pos_input_shape=None, layer_x_block=2
Model: "model"
__________________________________________________________________________________________________
 Layer (type)                Output Shape                 Param #   Connected to                  
==================================================================================================
 input_2 (InputLayer)        [(None, 32, 32, 3)]          0         []                            
                                                                                                  
 conv2d (Conv2D)             (None, 32, 32, 64)           1792      ['input_2[0][0]']             
                                                                                                  
 activation (Activation)     (None, 32, 32, 64)           0         ['conv2d[1][0]']              
                                                                                                  
 conv2d_2 (Conv2D)           (None, 32, 32, 64)           256       ['input_2[0][0]']             
                                                                                                  
 conv2d_1 (Conv2D)           (None, 32, 32, 64)           36928     ['activation[1][0]']          
                                                                                                  
 add (Add)                   (None, 32, 32, 64)           0         ['conv2d_2[1][0]',            
                                                                     'conv2d_1[1][0]']            
                                                                                                  
 activation_1 (Activation)   (None, 32, 32, 64)           0         ['add[1][0]']                 
                                                                                                  
 max_pooling2d (MaxPooling2  (None, 16, 16, 64)           0         ['activation_1[1][0]']        
 D)                                                                                               
                                                                                                  
 conv2d_3 (Conv2D)           (None, 16, 16, 112)          64624     ['max_pooling2d[1][0]']       
                                                                                                  
 activation_2 (Activation)   (None, 16, 16, 112)          0         ['conv2d_3[1][0]']            
                                                                                                  
 conv2d_5 (Conv2D)           (None, 16, 16, 112)          7280      ['max_pooling2d[1][0]']       
                                                                                                  
 conv2d_4 (Conv2D)           (None, 16, 16, 112)          113008    ['activation_2[1][0]']        
                                                                                                  
 add_1 (Add)                 (None, 16, 16, 112)          0         ['conv2d_5[1][0]',            
                                                                     'conv2d_4[1][0]']            
                                                                                                  
 activation_3 (Activation)   (None, 16, 16, 112)          0         ['add_1[1][0]']               
                                                                                                  
 max_pooling2d_1 (MaxPoolin  (None, 8, 8, 112)            0         ['activation_3[1][0]']        
 g2D)                                                                                             
                                                                                                  
 flatten (Flatten)           (None, 7168)                 0         ['max_pooling2d_1[1][0]']     
                                                                                                  
 dense (Dense)               (None, 432)                  3097008   ['flatten[1][0]']             
                                                                                                  
 activation_4 (Activation)   (None, 432)                  0         ['dense[1][0]']               
                                                                                                  
 dropout (Dropout)           (None, 432)                  0         ['activation_4[1][0]']        
                                                                                                  
 dense_1 (Dense)             (None, 432)                  187056    ['dropout[1][0]']             
                                                                                                  
 activation_5 (Activation)   (None, 432)                  0         ['dense_1[1][0]']             
                                                                                                  
 dropout_1 (Dropout)         (None, 432)                  0         ['activation_5[1][0]']        
                                                                                                  
 dense_2 (Dense)             (None, 160)                  69280     ['dropout_1[1][0]']           
                                                                                                  
 activation_6 (Activation)   (None, 160)                  0         ['dense_2[1][0]']             
                                                                                                  
 dropout_2 (Dropout)         (None, 160)                  0         ['activation_6[1][0]']        
                                                                                                  
 dense_3 (Dense)             (None, 128)                  20608     ['dropout_2[1][0]']           
                                                                                                  
 activation_7 (Activation)   (None, 128)                  0         ['dense_3[1][0]']             
                                                                                                  
 dropout_3 (Dropout)         (None, 128)                  0         ['activation_7[1][0]']        
                                                                                                  
 dense_4 (Dense)             (None, 480)                  61920     ['dropout_3[1][0]']           
                                                                                                  
 activation_8 (Activation)   (None, 480)                  0         ['dense_4[1][0]']             
                                                                                                  
 dropout_4 (Dropout)         (None, 480)                  0         ['activation_8[1][0]']        
                                                                                                  
 dense_5 (Dense)             (None, 48)                   23088     ['dropout_4[1][0]']           
                                                                                                  
 activation_9 (Activation)   (None, 48)                   0         ['dense_5[1][0]']             
                                                                                                  
 dropout_5 (Dropout)         (None, 48)                   0         ['activation_9[1][0]']        
                                                                                                  
 dense_6 (Dense)             (None, 304)                  14896     ['dropout_5[1][0]']           
                                                                                                  
 activation_10 (Activation)  (None, 304)                  0         ['dense_6[1][0]']             
                                                                                                  
 dropout_6 (Dropout)         (None, 304)                  0         ['activation_10[1][0]']       
                                                                                                  
 dense_7 (Dense)             (None, 288)                  87840     ['dropout_6[1][0]']           
                                                                                                  
 activation_11 (Activation)  (None, 288)                  0         ['dense_7[1][0]']             
                                                                                                  
 dropout_7 (Dropout)         (None, 288)                  0         ['activation_11[1][0]']       
                                                                                                  
 dense_8 (Dense)             (None, 496)                  143344    ['dropout_7[1][0]']           
                                                                                                  
 activation_12 (Activation)  (None, 496)                  0         ['dense_8[1][0]']             
                                                                                                  
 dropout_8 (Dropout)         (None, 496)                  0         ['activation_12[1][0]']       
                                                                                                  
 dense_9 (Dense)             (None, 496)                  246512    ['dropout_8[1][0]']           
                                                                                                  
 activation_13 (Activation)  (None, 496)                  0         ['dense_9[1][0]']             
                                                                                                  
 dropout_9 (Dropout)         (None, 496)                  0         ['activation_13[1][0]']       
                                                                                                  
 dense_10 (Dense)            (None, 10)                   4970      ['dropout_9[1][0]']           
                                                                                                  
==================================================================================================
Total params: 4180410 (15.95 MB)
Trainable params: 4180410 (15.95 MB)
Non-trainable params: 0 (0.00 Byte)
__________________________________________________________________________________________________
[WARNING] Constraint Violated: FLOPs 182313404 > 150000000 or Params 4180410.0 > 15000000000

ACCURACY: 0.0


SCORE: 10000000000.0

[92m | MODULE VALUES ---------------------------------------------  |
 [0m
FLOPS: 182313404
PARAMS: 4180410.0
[92m 
 | -----------------------------------------------------------  |
 [0m

--- BANANAS ITERATION 24 / 50 ---
Chosen point: {'num_neurons': 8, 'unit_c1': 4, 'unit_c2': 3, 'dr_f': 0.062133022866726124, 'learning_rate': 0.00048436193839827667, 'batch_size': 32, 'optimizer': 'Adamax', 'activation': 'swish', 'data_augmentation': True, 'reg_l2': False, 'skip_connection': False, 'new_fc_1': 22, 'new_fc_2': 1, 'new_fc_3': 25, 'new_fc_4': 5, 'new_fc_5': 25, 'new_fc_6': 4, 'new_fc_7': 14, 'new_fc_8': 29, 'new_fc_9': 11, 'new_fc_10': 19}
[94m
|  --> START TRAINING ITERATION 23[0m
[INFO] Flags -> DA: True, L2: False, Skip: False
Building model with input_shape=(32, 32, 3), pos_input_shape=None, layer_x_block=2
Model: "model"
_________________________________________________________________
 Layer (type)                Output Shape              Param #   
=================================================================
 input_2 (InputLayer)        [(None, 32, 32, 3)]       0         
                                                                 
 conv2d (Conv2D)             (None, 32, 32, 32)        896       
                                                                 
 activation (Activation)     (None, 32, 32, 32)        0         
                                                                 
 conv2d_1 (Conv2D)           (None, 32, 32, 32)        9248      
                                                                 
 activation_1 (Activation)   (None, 32, 32, 32)        0         
                                                                 
 max_pooling2d (MaxPooling2  (None, 16, 16, 32)        0         
 D)                                                              
                                                                 
 conv2d_2 (Conv2D)           (None, 16, 16, 24)        6936      
                                                                 
 activation_2 (Activation)   (None, 16, 16, 24)        0         
                                                                 
 conv2d_3 (Conv2D)           (None, 16, 16, 24)        5208      
                                                                 
 activation_3 (Activation)   (None, 16, 16, 24)        0         
                                                                 
 max_pooling2d_1 (MaxPoolin  (None, 8, 8, 24)          0         
 g2D)                                                            
                                                                 
 flatten (Flatten)           (None, 1536)              0         
                                                                 
 dense (Dense)               (None, 176)               270512    
                                                                 
 activation_4 (Activation)   (None, 176)               0         
                                                                 
 dropout (Dropout)           (None, 176)               0         
                                                                 
 dense_1 (Dense)             (None, 8)                 1416      
                                                                 
 activation_5 (Activation)   (None, 8)                 0         
                                                                 
 dropout_1 (Dropout)         (None, 8)                 0         
                                                                 
 dense_2 (Dense)             (None, 200)               1800      
                                                                 
 activation_6 (Activation)   (None, 200)               0         
                                                                 
 dropout_2 (Dropout)         (None, 200)               0         
                                                                 
 dense_3 (Dense)             (None, 40)                8040      
                                                                 
 activation_7 (Activation)   (None, 40)                0         
                                                                 
 dropout_3 (Dropout)         (None, 40)                0         
                                                                 
 dense_4 (Dense)             (None, 200)               8200      
                                                                 
 activation_8 (Activation)   (None, 200)               0         
                                                                 
 dropout_4 (Dropout)         (None, 200)               0         
                                                                 
 dense_5 (Dense)             (None, 32)                6432      
                                                                 
 activation_9 (Activation)   (None, 32)                0         
                                                                 
 dropout_5 (Dropout)         (None, 32)                0         
                                                                 
 dense_6 (Dense)             (None, 112)               3696      
                                                                 
 activation_10 (Activation)  (None, 112)               0         
                                                                 
 dropout_6 (Dropout)         (None, 112)               0         
                                                                 
 dense_7 (Dense)             (None, 232)               26216     
                                                                 
 activation_11 (Activation)  (None, 232)               0         
                                                                 
 dropout_7 (Dropout)         (None, 232)               0         
                                                                 
 dense_8 (Dense)             (None, 88)                20504     
                                                                 
 activation_12 (Activation)  (None, 88)                0         
                                                                 
 dropout_8 (Dropout)         (None, 88)                0         
                                                                 
 dense_9 (Dense)             (None, 152)               13528     
                                                                 
 activation_13 (Activation)  (None, 152)               0         
                                                                 
 dropout_9 (Dropout)         (None, 152)               0         
                                                                 
 dense_10 (Dense)            (None, 10)                1530      
                                                                 
=================================================================
Total params: 384162 (1.47 MB)
Trainable params: 384162 (1.47 MB)
Non-trainable params: 0 (0.00 Byte)
_________________________________________________________________
Epoch 1/20
1563/1563 - 7s - loss: 2.0649 - accuracy: 0.2158 - val_loss: 1.8757 - val_accuracy: 0.2690 - 7s/epoch - 4ms/step
Epoch 2/20
1563/1563 - 5s - loss: 1.8281 - accuracy: 0.2909 - val_loss: 1.7260 - val_accuracy: 0.3367 - 5s/epoch - 3ms/step
Epoch 3/20
1563/1563 - 5s - loss: 1.7215 - accuracy: 0.3356 - val_loss: 1.6331 - val_accuracy: 0.3689 - 5s/epoch - 3ms/step
Epoch 4/20
1563/1563 - 5s - loss: 1.6186 - accuracy: 0.3874 - val_loss: 1.5244 - val_accuracy: 0.4327 - 5s/epoch - 3ms/step
Epoch 5/20
1563/1563 - 5s - loss: 1.5025 - accuracy: 0.4454 - val_loss: 1.3903 - val_accuracy: 0.4920 - 5s/epoch - 3ms/step
Epoch 6/20
1563/1563 - 5s - loss: 1.4000 - accuracy: 0.4855 - val_loss: 1.3164 - val_accuracy: 0.5188 - 5s/epoch - 3ms/step
Epoch 7/20
1563/1563 - 5s - loss: 1.3157 - accuracy: 0.5197 - val_loss: 1.2256 - val_accuracy: 0.5558 - 5s/epoch - 3ms/step
Epoch 8/20
1563/1563 - 5s - loss: 1.2390 - accuracy: 0.5467 - val_loss: 1.2097 - val_accuracy: 0.5656 - 5s/epoch - 3ms/step
Epoch 9/20
1563/1563 - 5s - loss: 1.1767 - accuracy: 0.5694 - val_loss: 1.1812 - val_accuracy: 0.5751 - 5s/epoch - 3ms/step
Epoch 10/20
1563/1563 - 5s - loss: 1.1224 - accuracy: 0.5920 - val_loss: 1.1234 - val_accuracy: 0.5971 - 5s/epoch - 3ms/step
Epoch 11/20
1563/1563 - 5s - loss: 1.0686 - accuracy: 0.6121 - val_loss: 1.0950 - val_accuracy: 0.6128 - 5s/epoch - 3ms/step
Epoch 12/20
1563/1563 - 5s - loss: 1.0202 - accuracy: 0.6316 - val_loss: 1.0686 - val_accuracy: 0.6201 - 5s/epoch - 3ms/step
Epoch 13/20
1563/1563 - 5s - loss: 0.9775 - accuracy: 0.6505 - val_loss: 1.0571 - val_accuracy: 0.6235 - 5s/epoch - 3ms/step
Epoch 14/20
1563/1563 - 5s - loss: 0.9314 - accuracy: 0.6646 - val_loss: 1.0406 - val_accuracy: 0.6363 - 5s/epoch - 3ms/step
Epoch 15/20
1563/1563 - 5s - loss: 0.8905 - accuracy: 0.6784 - val_loss: 1.0297 - val_accuracy: 0.6400 - 5s/epoch - 3ms/step
Epoch 16/20
1563/1563 - 5s - loss: 0.8510 - accuracy: 0.6970 - val_loss: 1.0224 - val_accuracy: 0.6462 - 5s/epoch - 3ms/step
Epoch 17/20
1563/1563 - 5s - loss: 0.8121 - accuracy: 0.7075 - val_loss: 1.0332 - val_accuracy: 0.6480 - 5s/epoch - 3ms/step
Epoch 18/20
1563/1563 - 5s - loss: 0.7820 - accuracy: 0.7219 - val_loss: 1.0411 - val_accuracy: 0.6510 - 5s/epoch - 3ms/step
Epoch 19/20
1563/1563 - 5s - loss: 0.7473 - accuracy: 0.7339 - val_loss: 1.0279 - val_accuracy: 0.6560 - 5s/epoch - 3ms/step
Epoch 20/20
1563/1563 - 5s - loss: 0.7148 - accuracy: 0.7464 - val_loss: 1.0358 - val_accuracy: 0.6609 - 5s/epoch - 3ms/step
313/313 - 0s - loss: 1.0358 - accuracy: 0.6609 - 412ms/epoch - 1ms/step

ACCURACY: 0.6608999967575073


SCORE: -0.7069611897302551

[92m | MODULE VALUES ---------------------------------------------  |
 [0m
FLOPS: 27834404
PARAMS: 384162.0
[92m 
 | -----------------------------------------------------------  |
 [0m

--- BANANAS ITERATION 25 / 50 ---
Chosen point: {'num_neurons': 4, 'unit_c1': 2, 'unit_c2': 1, 'dr_f': 0.20062620419924238, 'learning_rate': 0.0008059789425681795, 'batch_size': 64, 'optimizer': 'Adamax', 'activation': 'swish', 'data_augmentation': True, 'reg_l2': False, 'skip_connection': False, 'new_fc_1': 16, 'new_fc_2': 19, 'new_fc_3': 23, 'new_fc_4': 25, 'new_fc_5': 8, 'new_fc_6': 18, 'new_fc_7': 6, 'new_fc_8': 10, 'new_fc_9': 27, 'new_fc_10': 6}
[94m
|  --> START TRAINING ITERATION 24[0m
[INFO] Flags -> DA: True, L2: False, Skip: False
Building model with input_shape=(32, 32, 3), pos_input_shape=None, layer_x_block=2
Model: "model"
_________________________________________________________________
 Layer (type)                Output Shape              Param #   
=================================================================
 input_2 (InputLayer)        [(None, 32, 32, 3)]       0         
                                                                 
 conv2d (Conv2D)             (None, 32, 32, 8)         224       
                                                                 
 activation (Activation)     (None, 32, 32, 8)         0         
                                                                 
 conv2d_1 (Conv2D)           (None, 32, 32, 8)         584       
                                                                 
 activation_1 (Activation)   (None, 32, 32, 8)         0         
                                                                 
 max_pooling2d (MaxPooling2  (None, 16, 16, 8)         0         
 D)                                                              
                                                                 
 conv2d_2 (Conv2D)           (None, 16, 16, 4)         292       
                                                                 
 activation_2 (Activation)   (None, 16, 16, 4)         0         
                                                                 
 conv2d_3 (Conv2D)           (None, 16, 16, 4)         148       
                                                                 
 activation_3 (Activation)   (None, 16, 16, 4)         0         
                                                                 
 max_pooling2d_1 (MaxPoolin  (None, 8, 8, 4)           0         
 g2D)                                                            
                                                                 
 flatten (Flatten)           (None, 256)               0         
                                                                 
 dense (Dense)               (None, 64)                16448     
                                                                 
 activation_4 (Activation)   (None, 64)                0         
                                                                 
 dropout (Dropout)           (None, 64)                0         
                                                                 
 dense_1 (Dense)             (None, 76)                4940      
                                                                 
 activation_5 (Activation)   (None, 76)                0         
                                                                 
 dropout_1 (Dropout)         (None, 76)                0         
                                                                 
 dense_2 (Dense)             (None, 92)                7084      
                                                                 
 activation_6 (Activation)   (None, 92)                0         
                                                                 
 dropout_2 (Dropout)         (None, 92)                0         
                                                                 
 dense_3 (Dense)             (None, 100)               9300      
                                                                 
 activation_7 (Activation)   (None, 100)               0         
                                                                 
 dropout_3 (Dropout)         (None, 100)               0         
                                                                 
 dense_4 (Dense)             (None, 32)                3232      
                                                                 
 activation_8 (Activation)   (None, 32)                0         
                                                                 
 dropout_4 (Dropout)         (None, 32)                0         
                                                                 
 dense_5 (Dense)             (None, 72)                2376      
                                                                 
 activation_9 (Activation)   (None, 72)                0         
                                                                 
 dropout_5 (Dropout)         (None, 72)                0         
                                                                 
 dense_6 (Dense)             (None, 24)                1752      
                                                                 
 activation_10 (Activation)  (None, 24)                0         
                                                                 
 dropout_6 (Dropout)         (None, 24)                0         
                                                                 
 dense_7 (Dense)             (None, 40)                1000      
                                                                 
 activation_11 (Activation)  (None, 40)                0         
                                                                 
 dropout_7 (Dropout)         (None, 40)                0         
                                                                 
 dense_8 (Dense)             (None, 108)               4428      
                                                                 
 activation_12 (Activation)  (None, 108)               0         
                                                                 
 dropout_8 (Dropout)         (None, 108)               0         
                                                                 
 dense_9 (Dense)             (None, 24)                2616      
                                                                 
 activation_13 (Activation)  (None, 24)                0         
                                                                 
 dropout_9 (Dropout)         (None, 24)                0         
                                                                 
 dense_10 (Dense)            (None, 10)                250       
                                                                 
=================================================================
Total params: 54674 (213.57 KB)
Trainable params: 54674 (213.57 KB)
Non-trainable params: 0 (0.00 Byte)
_________________________________________________________________
Epoch 1/20
782/782 - 4s - loss: 2.2031 - accuracy: 0.1517 - val_loss: 2.0659 - val_accuracy: 0.2029 - 4s/epoch - 5ms/step
Epoch 2/20
782/782 - 3s - loss: 2.0407 - accuracy: 0.1936 - val_loss: 1.9462 - val_accuracy: 0.2186 - 3s/epoch - 3ms/step
Epoch 3/20
782/782 - 3s - loss: 1.9633 - accuracy: 0.2011 - val_loss: 1.8995 - val_accuracy: 0.2281 - 3s/epoch - 3ms/step
Epoch 4/20
782/782 - 3s - loss: 1.9048 - accuracy: 0.2206 - val_loss: 1.8166 - val_accuracy: 0.2802 - 3s/epoch - 3ms/step
Epoch 5/20
782/782 - 3s - loss: 1.8288 - accuracy: 0.2596 - val_loss: 1.7436 - val_accuracy: 0.2949 - 3s/epoch - 3ms/step
Epoch 6/20
782/782 - 3s - loss: 1.7798 - accuracy: 0.2774 - val_loss: 1.7028 - val_accuracy: 0.3134 - 3s/epoch - 3ms/step
Epoch 7/20
782/782 - 3s - loss: 1.7601 - accuracy: 0.2815 - val_loss: 1.6939 - val_accuracy: 0.3201 - 3s/epoch - 3ms/step
Epoch 8/20
782/782 - 3s - loss: 1.7414 - accuracy: 0.2931 - val_loss: 1.6815 - val_accuracy: 0.3260 - 3s/epoch - 3ms/step
Epoch 9/20
782/782 - 3s - loss: 1.7287 - accuracy: 0.3000 - val_loss: 1.6713 - val_accuracy: 0.3290 - 3s/epoch - 3ms/step
Epoch 10/20
782/782 - 3s - loss: 1.7203 - accuracy: 0.3057 - val_loss: 1.6679 - val_accuracy: 0.3388 - 3s/epoch - 3ms/step
Epoch 11/20
782/782 - 3s - loss: 1.7058 - accuracy: 0.3163 - val_loss: 1.6465 - val_accuracy: 0.3438 - 3s/epoch - 3ms/step
Epoch 12/20
782/782 - 3s - loss: 1.6961 - accuracy: 0.3225 - val_loss: 1.6352 - val_accuracy: 0.3553 - 3s/epoch - 3ms/step
Epoch 13/20
782/782 - 3s - loss: 1.6816 - accuracy: 0.3325 - val_loss: 1.6237 - val_accuracy: 0.3665 - 3s/epoch - 3ms/step
Epoch 14/20
782/782 - 3s - loss: 1.6770 - accuracy: 0.3360 - val_loss: 1.6116 - val_accuracy: 0.3639 - 3s/epoch - 3ms/step
Epoch 15/20
782/782 - 3s - loss: 1.6654 - accuracy: 0.3440 - val_loss: 1.6103 - val_accuracy: 0.3676 - 3s/epoch - 3ms/step
Epoch 16/20
782/782 - 3s - loss: 1.6529 - accuracy: 0.3512 - val_loss: 1.5895 - val_accuracy: 0.3750 - 3s/epoch - 3ms/step
Epoch 17/20
782/782 - 3s - loss: 1.6437 - accuracy: 0.3574 - val_loss: 1.5844 - val_accuracy: 0.3830 - 3s/epoch - 3ms/step
Epoch 18/20
782/782 - 3s - loss: 1.6367 - accuracy: 0.3607 - val_loss: 1.6037 - val_accuracy: 0.3723 - 3s/epoch - 3ms/step
Epoch 19/20
782/782 - 3s - loss: 1.6255 - accuracy: 0.3650 - val_loss: 1.5527 - val_accuracy: 0.3966 - 3s/epoch - 3ms/step
Epoch 20/20
782/782 - 3s - loss: 1.6163 - accuracy: 0.3717 - val_loss: 1.5416 - val_accuracy: 0.4040 - 3s/epoch - 3ms/step
313/313 - 0s - loss: 1.5416 - accuracy: 0.4043 - 432ms/epoch - 1ms/step

ACCURACY: 0.4043000042438507


SCORE: -0.5789795309706954

[92m | MODULE VALUES ---------------------------------------------  |
 [0m
FLOPS: 2015236
PARAMS: 54674.0
[92m 
 | -----------------------------------------------------------  |
 [0m

--- BANANAS ITERATION 26 / 50 ---
Chosen point: {'num_neurons': 8, 'unit_c1': 2, 'unit_c2': 8, 'dr_f': 0.3817390893557103, 'learning_rate': 0.00027282371307466556, 'batch_size': 8, 'optimizer': 'SGD', 'activation': 'swish', 'data_augmentation': True, 'reg_l2': False, 'skip_connection': False, 'new_fc_1': 22, 'new_fc_2': 0, 'new_fc_3': 18, 'new_fc_4': 6, 'new_fc_5': 1, 'new_fc_6': 11, 'new_fc_7': 17, 'new_fc_8': 2, 'new_fc_9': 3, 'new_fc_10': 13}
[94m
|  --> START TRAINING ITERATION 25[0m
[INFO] Flags -> DA: True, L2: False, Skip: False
Building model with input_shape=(32, 32, 3), pos_input_shape=None, layer_x_block=2
Model: "model"
_________________________________________________________________
 Layer (type)                Output Shape              Param #   
=================================================================
 input_2 (InputLayer)        [(None, 32, 32, 3)]       0         
                                                                 
 conv2d (Conv2D)             (None, 32, 32, 16)        448       
                                                                 
 activation (Activation)     (None, 32, 32, 16)        0         
                                                                 
 conv2d_1 (Conv2D)           (None, 32, 32, 16)        2320      
                                                                 
 activation_1 (Activation)   (None, 32, 32, 16)        0         
                                                                 
 max_pooling2d (MaxPooling2  (None, 16, 16, 16)        0         
 D)                                                              
                                                                 
 conv2d_2 (Conv2D)           (None, 16, 16, 64)        9280      
                                                                 
 activation_2 (Activation)   (None, 16, 16, 64)        0         
                                                                 
 conv2d_3 (Conv2D)           (None, 16, 16, 64)        36928     
                                                                 
 activation_3 (Activation)   (None, 16, 16, 64)        0         
                                                                 
 max_pooling2d_1 (MaxPoolin  (None, 8, 8, 64)          0         
 g2D)                                                            
                                                                 
 flatten (Flatten)           (None, 4096)              0         
                                                                 
 dense (Dense)               (None, 176)               721072    
                                                                 
 activation_4 (Activation)   (None, 176)               0         
                                                                 
 dropout (Dropout)           (None, 176)               0         
                                                                 
 dense_1 (Dense)             (None, 144)               25488     
                                                                 
 activation_5 (Activation)   (None, 144)               0         
                                                                 
 dropout_1 (Dropout)         (None, 144)               0         
                                                                 
 dense_2 (Dense)             (None, 48)                6960      
                                                                 
 activation_6 (Activation)   (None, 48)                0         
                                                                 
 dropout_2 (Dropout)         (None, 48)                0         
                                                                 
 dense_3 (Dense)             (None, 8)                 392       
                                                                 
 activation_7 (Activation)   (None, 8)                 0         
                                                                 
 dropout_3 (Dropout)         (None, 8)                 0         
                                                                 
 dense_4 (Dense)             (None, 88)                792       
                                                                 
 activation_8 (Activation)   (None, 88)                0         
                                                                 
 dropout_4 (Dropout)         (None, 88)                0         
                                                                 
 dense_5 (Dense)             (None, 136)               12104     
                                                                 
 activation_9 (Activation)   (None, 136)               0         
                                                                 
 dropout_5 (Dropout)         (None, 136)               0         
                                                                 
 dense_6 (Dense)             (None, 16)                2192      
                                                                 
 activation_10 (Activation)  (None, 16)                0         
                                                                 
 dropout_6 (Dropout)         (None, 16)                0         
                                                                 
 dense_7 (Dense)             (None, 24)                408       
                                                                 
 activation_11 (Activation)  (None, 24)                0         
                                                                 
 dropout_7 (Dropout)         (None, 24)                0         
                                                                 
 dense_8 (Dense)             (None, 104)               2600      
                                                                 
 activation_12 (Activation)  (None, 104)               0         
                                                                 
 dropout_8 (Dropout)         (None, 104)               0         
                                                                 
 dense_9 (Dense)             (None, 10)                1050      
                                                                 
=================================================================
Total params: 822034 (3.14 MB)
Trainable params: 822034 (3.14 MB)
Non-trainable params: 0 (0.00 Byte)
_________________________________________________________________
Epoch 1/20
6250/6250 - 20s - loss: 2.3026 - accuracy: 0.0991 - val_loss: 2.3026 - val_accuracy: 0.1000 - 20s/epoch - 3ms/step
Epoch 2/20
6250/6250 - 19s - loss: 2.3026 - accuracy: 0.0982 - val_loss: 2.3026 - val_accuracy: 0.1000 - 19s/epoch - 3ms/step
Epoch 3/20
6250/6250 - 19s - loss: 2.3026 - accuracy: 0.0987 - val_loss: 2.3026 - val_accuracy: 0.1000 - 19s/epoch - 3ms/step
Epoch 4/20
6250/6250 - 19s - loss: 2.3026 - accuracy: 0.0984 - val_loss: 2.3026 - val_accuracy: 0.1000 - 19s/epoch - 3ms/step
Epoch 5/20
6250/6250 - 19s - loss: 2.3026 - accuracy: 0.0971 - val_loss: 2.3026 - val_accuracy: 0.1000 - 19s/epoch - 3ms/step
Epoch 6/20
6250/6250 - 19s - loss: 2.3026 - accuracy: 0.0949 - val_loss: 2.3026 - val_accuracy: 0.1000 - 19s/epoch - 3ms/step
Epoch 7/20
6250/6250 - 19s - loss: 2.3026 - accuracy: 0.0976 - val_loss: 2.3026 - val_accuracy: 0.1000 - 19s/epoch - 3ms/step
Epoch 8/20
6250/6250 - 19s - loss: 2.3026 - accuracy: 0.0987 - val_loss: 2.3026 - val_accuracy: 0.1000 - 19s/epoch - 3ms/step
Epoch 9/20
6250/6250 - 19s - loss: 2.3026 - accuracy: 0.0970 - val_loss: 2.3026 - val_accuracy: 0.1000 - 19s/epoch - 3ms/step
Epoch 10/20
6250/6250 - 19s - loss: 2.3026 - accuracy: 0.0955 - val_loss: 2.3026 - val_accuracy: 0.1000 - 19s/epoch - 3ms/step
Epoch 11/20
6250/6250 - 19s - loss: 2.3026 - accuracy: 0.0958 - val_loss: 2.3026 - val_accuracy: 0.1000 - 19s/epoch - 3ms/step
Epoch 12/20
6250/6250 - 19s - loss: 2.3026 - accuracy: 0.0992 - val_loss: 2.3026 - val_accuracy: 0.1000 - 19s/epoch - 3ms/step
Epoch 13/20
6250/6250 - 19s - loss: 2.3026 - accuracy: 0.0946 - val_loss: 2.3026 - val_accuracy: 0.1000 - 19s/epoch - 3ms/step
Epoch 14/20
6250/6250 - 19s - loss: 2.3026 - accuracy: 0.0949 - val_loss: 2.3026 - val_accuracy: 0.1000 - 19s/epoch - 3ms/step
Epoch 15/20
6250/6250 - 19s - loss: 2.3026 - accuracy: 0.0997 - val_loss: 2.3026 - val_accuracy: 0.1000 - 19s/epoch - 3ms/step
Epoch 16/20
6250/6250 - 19s - loss: 2.3026 - accuracy: 0.0983 - val_loss: 2.3026 - val_accuracy: 0.1000 - 19s/epoch - 3ms/step
Epoch 17/20
6250/6250 - 19s - loss: 2.3026 - accuracy: 0.0972 - val_loss: 2.3026 - val_accuracy: 0.1000 - 19s/epoch - 3ms/step
Epoch 18/20
6250/6250 - 19s - loss: 2.3026 - accuracy: 0.0970 - val_loss: 2.3026 - val_accuracy: 0.1000 - 19s/epoch - 3ms/step
Epoch 19/20
6250/6250 - 19s - loss: 2.3026 - accuracy: 0.0982 - val_loss: 2.3026 - val_accuracy: 0.1000 - 19s/epoch - 3ms/step
Epoch 20/20
6250/6250 - 19s - loss: 2.3026 - accuracy: 0.0986 - val_loss: 2.3026 - val_accuracy: 0.1000 - 19s/epoch - 3ms/step
313/313 - 1s - loss: 2.3026 - accuracy: 0.1000 - 579ms/epoch - 2ms/step

ACCURACY: 0.10000000149011612


SCORE: -0.30805487304308127

[92m | MODULE VALUES ---------------------------------------------  |
 [0m
FLOPS: 30972564
PARAMS: 822034.0
[92m 
 | -----------------------------------------------------------  |
 [0m

--- BANANAS ITERATION 27 / 50 ---
Chosen point: {'num_neurons': 8, 'unit_c1': 1, 'unit_c2': 3, 'dr_f': 0.3775734489395376, 'learning_rate': 0.0008979095784788237, 'batch_size': 8, 'optimizer': 'SGD', 'activation': 'selu', 'data_augmentation': True, 'reg_l2': True, 'skip_connection': False, 'new_fc_1': 12, 'new_fc_2': 11, 'new_fc_3': 4, 'new_fc_4': 8, 'new_fc_5': 16, 'new_fc_6': 6, 'new_fc_7': 15, 'new_fc_8': 6, 'new_fc_9': 25, 'new_fc_10': 6}
[94m
|  --> START TRAINING ITERATION 26[0m
[INFO] Flags -> DA: True, L2: True, Skip: False
Building model with input_shape=(32, 32, 3), pos_input_shape=None, layer_x_block=2
Model: "model"
_________________________________________________________________
 Layer (type)                Output Shape              Param #   
=================================================================
 input_2 (InputLayer)        [(None, 32, 32, 3)]       0         
                                                                 
 conv2d (Conv2D)             (None, 32, 32, 8)         224       
                                                                 
 activation (Activation)     (None, 32, 32, 8)         0         
                                                                 
 conv2d_1 (Conv2D)           (None, 32, 32, 8)         584       
                                                                 
 activation_1 (Activation)   (None, 32, 32, 8)         0         
                                                                 
 max_pooling2d (MaxPooling2  (None, 16, 16, 8)         0         
 D)                                                              
                                                                 
 conv2d_2 (Conv2D)           (None, 16, 16, 24)        1752      
                                                                 
 activation_2 (Activation)   (None, 16, 16, 24)        0         
                                                                 
 conv2d_3 (Conv2D)           (None, 16, 16, 24)        5208      
                                                                 
 activation_3 (Activation)   (None, 16, 16, 24)        0         
                                                                 
 max_pooling2d_1 (MaxPoolin  (None, 8, 8, 24)          0         
 g2D)                                                            
                                                                 
 flatten (Flatten)           (None, 1536)              0         
                                                                 
 dense (Dense)               (None, 96)                147552    
                                                                 
 activation_4 (Activation)   (None, 96)                0         
                                                                 
 dropout (Dropout)           (None, 96)                0         
                                                                 
 dense_1 (Dense)             (None, 88)                8536      
                                                                 
 activation_5 (Activation)   (None, 88)                0         
                                                                 
 dropout_1 (Dropout)         (None, 88)                0         
                                                                 
 dense_2 (Dense)             (None, 32)                2848      
                                                                 
 activation_6 (Activation)   (None, 32)                0         
                                                                 
 dropout_2 (Dropout)         (None, 32)                0         
                                                                 
 dense_3 (Dense)             (None, 64)                2112      
                                                                 
 activation_7 (Activation)   (None, 64)                0         
                                                                 
 dropout_3 (Dropout)         (None, 64)                0         
                                                                 
 dense_4 (Dense)             (None, 128)               8320      
                                                                 
 activation_8 (Activation)   (None, 128)               0         
                                                                 
 dropout_4 (Dropout)         (None, 128)               0         
                                                                 
 dense_5 (Dense)             (None, 48)                6192      
                                                                 
 activation_9 (Activation)   (None, 48)                0         
                                                                 
 dropout_5 (Dropout)         (None, 48)                0         
                                                                 
 dense_6 (Dense)             (None, 120)               5880      
                                                                 
 activation_10 (Activation)  (None, 120)               0         
                                                                 
 dropout_6 (Dropout)         (None, 120)               0         
                                                                 
 dense_7 (Dense)             (None, 48)                5808      
                                                                 
 activation_11 (Activation)  (None, 48)                0         
                                                                 
 dropout_7 (Dropout)         (None, 48)                0         
                                                                 
 dense_8 (Dense)             (None, 200)               9800      
                                                                 
 activation_12 (Activation)  (None, 200)               0         
                                                                 
 dropout_8 (Dropout)         (None, 200)               0         
                                                                 
 dense_9 (Dense)             (None, 48)                9648      
                                                                 
 activation_13 (Activation)  (None, 48)                0         
                                                                 
 dropout_9 (Dropout)         (None, 48)                0         
                                                                 
 dense_10 (Dense)            (None, 10)                490       
                                                                 
=================================================================
Total params: 214954 (839.66 KB)
Trainable params: 214954 (839.66 KB)
Non-trainable params: 0 (0.00 Byte)
_________________________________________________________________
Epoch 1/20
6250/6250 - 20s - loss: 10.2772 - accuracy: 0.1184 - val_loss: 8.6947 - val_accuracy: 0.1868 - 20s/epoch - 3ms/step
Epoch 2/20
6250/6250 - 19s - loss: 8.0628 - accuracy: 0.1680 - val_loss: 7.2615 - val_accuracy: 0.1928 - 19s/epoch - 3ms/step
Epoch 3/20
6250/6250 - 19s - loss: 6.7631 - accuracy: 0.1786 - val_loss: 6.1706 - val_accuracy: 0.1877 - 19s/epoch - 3ms/step
Epoch 4/20
6250/6250 - 19s - loss: 5.7943 - accuracy: 0.1812 - val_loss: 5.3673 - val_accuracy: 0.1929 - 19s/epoch - 3ms/step
Epoch 5/20
6250/6250 - 19s - loss: 5.0353 - accuracy: 0.1868 - val_loss: 4.6682 - val_accuracy: 0.1962 - 19s/epoch - 3ms/step
Epoch 6/20
6250/6250 - 19s - loss: 4.4380 - accuracy: 0.1931 - val_loss: 4.1622 - val_accuracy: 0.1973 - 19s/epoch - 3ms/step
Epoch 7/20
6250/6250 - 19s - loss: 3.9628 - accuracy: 0.1962 - val_loss: 3.7669 - val_accuracy: 0.1911 - 19s/epoch - 3ms/step
Epoch 8/20
6250/6250 - 19s - loss: 3.5837 - accuracy: 0.1994 - val_loss: 3.3863 - val_accuracy: 0.2063 - 19s/epoch - 3ms/step
Epoch 9/20
6250/6250 - 19s - loss: 3.2783 - accuracy: 0.2055 - val_loss: 3.1193 - val_accuracy: 0.2115 - 19s/epoch - 3ms/step
Epoch 10/20
6250/6250 - 19s - loss: 3.0334 - accuracy: 0.2094 - val_loss: 2.9163 - val_accuracy: 0.2272 - 19s/epoch - 3ms/step
Epoch 11/20
6250/6250 - 19s - loss: 2.8346 - accuracy: 0.2145 - val_loss: 2.7211 - val_accuracy: 0.2291 - 19s/epoch - 3ms/step
Epoch 12/20
6250/6250 - 19s - loss: 2.6753 - accuracy: 0.2188 - val_loss: 2.6160 - val_accuracy: 0.2219 - 19s/epoch - 3ms/step
Epoch 13/20
6250/6250 - 19s - loss: 2.5445 - accuracy: 0.2225 - val_loss: 2.4723 - val_accuracy: 0.2341 - 19s/epoch - 3ms/step
Epoch 14/20
6250/6250 - 19s - loss: 2.4416 - accuracy: 0.2265 - val_loss: 2.3841 - val_accuracy: 0.2288 - 19s/epoch - 3ms/step
Epoch 15/20
6250/6250 - 19s - loss: 2.3551 - accuracy: 0.2277 - val_loss: 2.2925 - val_accuracy: 0.2465 - 19s/epoch - 3ms/step
Epoch 16/20
6250/6250 - 19s - loss: 2.2847 - accuracy: 0.2303 - val_loss: 2.2615 - val_accuracy: 0.2362 - 19s/epoch - 3ms/step
Epoch 17/20
6250/6250 - 19s - loss: 2.2294 - accuracy: 0.2362 - val_loss: 2.1761 - val_accuracy: 0.2470 - 19s/epoch - 3ms/step
Epoch 18/20
6250/6250 - 19s - loss: 2.1826 - accuracy: 0.2358 - val_loss: 2.1370 - val_accuracy: 0.2494 - 19s/epoch - 3ms/step
Epoch 19/20
6250/6250 - 19s - loss: 2.1434 - accuracy: 0.2406 - val_loss: 2.1101 - val_accuracy: 0.2420 - 19s/epoch - 3ms/step
Epoch 20/20
6250/6250 - 19s - loss: 2.1119 - accuracy: 0.2439 - val_loss: 2.1595 - val_accuracy: 0.2377 - 19s/epoch - 3ms/step
313/313 - 1s - loss: 2.1595 - accuracy: 0.2377 - 616ms/epoch - 2ms/step

ACCURACY: 0.23770000040531158


SCORE: -0.4551549842837181

[92m | MODULE VALUES ---------------------------------------------  |
 [0m
FLOPS: 5617508
PARAMS: 214954.0
[92m 
 | -----------------------------------------------------------  |
 [0m

--- BANANAS ITERATION 28 / 50 ---
Chosen point: {'num_neurons': 8, 'unit_c1': 3, 'unit_c2': 7, 'dr_f': 0.4668152000637922, 'learning_rate': 0.0009375545652971492, 'batch_size': 8, 'optimizer': 'Adam', 'activation': 'elu', 'data_augmentation': True, 'reg_l2': False, 'skip_connection': False, 'new_fc_1': 23, 'new_fc_2': 6, 'new_fc_3': 2, 'new_fc_4': 28, 'new_fc_5': 12, 'new_fc_6': 28, 'new_fc_7': 20, 'new_fc_8': 1, 'new_fc_9': 32, 'new_fc_10': 3}
[94m
|  --> START TRAINING ITERATION 27[0m
[INFO] Flags -> DA: True, L2: False, Skip: False
Building model with input_shape=(32, 32, 3), pos_input_shape=None, layer_x_block=2
Model: "model"
_________________________________________________________________
 Layer (type)                Output Shape              Param #   
=================================================================
 input_2 (InputLayer)        [(None, 32, 32, 3)]       0         
                                                                 
 conv2d (Conv2D)             (None, 32, 32, 24)        672       
                                                                 
 activation (Activation)     (None, 32, 32, 24)        0         
                                                                 
 conv2d_1 (Conv2D)           (None, 32, 32, 24)        5208      
                                                                 
 activation_1 (Activation)   (None, 32, 32, 24)        0         
                                                                 
 max_pooling2d (MaxPooling2  (None, 16, 16, 24)        0         
 D)                                                              
                                                                 
 conv2d_2 (Conv2D)           (None, 16, 16, 56)        12152     
                                                                 
 activation_2 (Activation)   (None, 16, 16, 56)        0         
                                                                 
 conv2d_3 (Conv2D)           (None, 16, 16, 56)        28280     
                                                                 
 activation_3 (Activation)   (None, 16, 16, 56)        0         
                                                                 
 max_pooling2d_1 (MaxPoolin  (None, 8, 8, 56)          0         
 g2D)                                                            
                                                                 
 flatten (Flatten)           (None, 3584)              0         
                                                                 
 dense (Dense)               (None, 184)               659640    
                                                                 
 activation_4 (Activation)   (None, 184)               0         
                                                                 
 dropout (Dropout)           (None, 184)               0         
                                                                 
 dense_1 (Dense)             (None, 48)                8880      
                                                                 
 activation_5 (Activation)   (None, 48)                0         
                                                                 
 dropout_1 (Dropout)         (None, 48)                0         
                                                                 
 dense_2 (Dense)             (None, 16)                784       
                                                                 
 activation_6 (Activation)   (None, 16)                0         
                                                                 
 dropout_2 (Dropout)         (None, 16)                0         
                                                                 
 dense_3 (Dense)             (None, 224)               3808      
                                                                 
 activation_7 (Activation)   (None, 224)               0         
                                                                 
 dropout_3 (Dropout)         (None, 224)               0         
                                                                 
 dense_4 (Dense)             (None, 96)                21600     
                                                                 
 activation_8 (Activation)   (None, 96)                0         
                                                                 
 dropout_4 (Dropout)         (None, 96)                0         
                                                                 
 dense_5 (Dense)             (None, 224)               21728     
                                                                 
 activation_9 (Activation)   (None, 224)               0         
                                                                 
 dropout_5 (Dropout)         (None, 224)               0         
                                                                 
 dense_6 (Dense)             (None, 160)               36000     
                                                                 
 activation_10 (Activation)  (None, 160)               0         
                                                                 
 dropout_6 (Dropout)         (None, 160)               0         
                                                                 
 dense_7 (Dense)             (None, 8)                 1288      
                                                                 
 activation_11 (Activation)  (None, 8)                 0         
                                                                 
 dropout_7 (Dropout)         (None, 8)                 0         
                                                                 
 dense_8 (Dense)             (None, 256)               2304      
                                                                 
 activation_12 (Activation)  (None, 256)               0         
                                                                 
 dropout_8 (Dropout)         (None, 256)               0         
                                                                 
 dense_9 (Dense)             (None, 24)                6168      
                                                                 
 activation_13 (Activation)  (None, 24)                0         
                                                                 
 dropout_9 (Dropout)         (None, 24)                0         
                                                                 
 dense_10 (Dense)            (None, 10)                250       
                                                                 
=================================================================
Total params: 808762 (3.09 MB)
Trainable params: 808762 (3.09 MB)
Non-trainable params: 0 (0.00 Byte)
_________________________________________________________________
Epoch 1/20
6250/6250 - 20s - loss: 2.3405 - accuracy: 0.0992 - val_loss: 2.3032 - val_accuracy: 0.1000 - 20s/epoch - 3ms/step
Epoch 2/20
6250/6250 - 19s - loss: 2.3074 - accuracy: 0.1000 - val_loss: 2.3052 - val_accuracy: 0.1000 - 19s/epoch - 3ms/step
Epoch 3/20
6250/6250 - 19s - loss: 2.3087 - accuracy: 0.1010 - val_loss: 2.3044 - val_accuracy: 0.1000 - 19s/epoch - 3ms/step
Epoch 4/20
6250/6250 - 19s - loss: 2.3076 - accuracy: 0.0985 - val_loss: 2.3042 - val_accuracy: 0.1000 - 19s/epoch - 3ms/step
Epoch 5/20
6250/6250 - 19s - loss: 2.3154 - accuracy: 0.0985 - val_loss: 2.3039 - val_accuracy: 0.1000 - 19s/epoch - 3ms/step
Epoch 6/20
6250/6250 - 19s - loss: 2.3139 - accuracy: 0.1007 - val_loss: 2.3092 - val_accuracy: 0.1000 - 19s/epoch - 3ms/step
Epoch 7/20
6250/6250 - 19s - loss: 2.3094 - accuracy: 0.1002 - val_loss: 2.3043 - val_accuracy: 0.1000 - 19s/epoch - 3ms/step
Epoch 8/20
6250/6250 - 19s - loss: 2.3124 - accuracy: 0.1011 - val_loss: 2.3050 - val_accuracy: 0.1000 - 19s/epoch - 3ms/step
Epoch 9/20
6250/6250 - 19s - loss: 2.3077 - accuracy: 0.1007 - val_loss: 2.3058 - val_accuracy: 0.1000 - 19s/epoch - 3ms/step
Epoch 10/20
6250/6250 - 19s - loss: 2.3134 - accuracy: 0.1022 - val_loss: 2.3039 - val_accuracy: 0.1000 - 19s/epoch - 3ms/step
Epoch 11/20
6250/6250 - 19s - loss: 2.3122 - accuracy: 0.1003 - val_loss: 2.3052 - val_accuracy: 0.1000 - 19s/epoch - 3ms/step
Epoch 12/20
6250/6250 - 19s - loss: 2.3347 - accuracy: 0.1001 - val_loss: 2.3051 - val_accuracy: 0.1000 - 19s/epoch - 3ms/step
Epoch 13/20
6250/6250 - 19s - loss: 2.3079 - accuracy: 0.1003 - val_loss: 2.3050 - val_accuracy: 0.1000 - 19s/epoch - 3ms/step
Epoch 14/20
6250/6250 - 19s - loss: 2.3077 - accuracy: 0.0993 - val_loss: 2.3056 - val_accuracy: 0.1000 - 19s/epoch - 3ms/step
Epoch 15/20
6250/6250 - 19s - loss: 2.3831 - accuracy: 0.1021 - val_loss: 2.3063 - val_accuracy: 0.1000 - 19s/epoch - 3ms/step
Epoch 16/20
6250/6250 - 19s - loss: 2.4116 - accuracy: 0.0987 - val_loss: 2.3040 - val_accuracy: 0.1000 - 19s/epoch - 3ms/step
Epoch 17/20
6250/6250 - 19s - loss: 2.3076 - accuracy: 0.1023 - val_loss: 2.3053 - val_accuracy: 0.1000 - 19s/epoch - 3ms/step
Epoch 18/20
6250/6250 - 19s - loss: 2.3081 - accuracy: 0.0981 - val_loss: 2.3050 - val_accuracy: 0.1000 - 19s/epoch - 3ms/step
Epoch 19/20
6250/6250 - 19s - loss: 2.3078 - accuracy: 0.1017 - val_loss: 2.3071 - val_accuracy: 0.1000 - 19s/epoch - 3ms/step
Epoch 20/20
6250/6250 - 19s - loss: 2.3083 - accuracy: 0.0990 - val_loss: 2.3039 - val_accuracy: 0.1000 - 19s/epoch - 3ms/step
313/313 - 1s - loss: 2.3039 - accuracy: 0.1000 - 591ms/epoch - 2ms/step

ACCURACY: 0.10000000149011612


SCORE: -0.30154357704308127

[92m | MODULE VALUES ---------------------------------------------  |
 [0m
FLOPS: 34228212
PARAMS: 808762.0
[92m 
 | -----------------------------------------------------------  |
 [0m

--- BANANAS ITERATION 29 / 50 ---
Chosen point: {'num_neurons': 4, 'unit_c1': 2, 'unit_c2': 2, 'dr_f': 0.28163237270120867, 'learning_rate': 0.00014943070311971405, 'batch_size': 8, 'optimizer': 'Adam', 'activation': 'swish', 'data_augmentation': True, 'reg_l2': True, 'skip_connection': False, 'new_fc_1': 28, 'new_fc_2': 7, 'new_fc_3': 27, 'new_fc_4': 28, 'new_fc_5': 11, 'new_fc_6': 28, 'new_fc_7': 30, 'new_fc_8': 31, 'new_fc_9': 18, 'new_fc_10': 1}
[94m
|  --> START TRAINING ITERATION 28[0m
[INFO] Flags -> DA: True, L2: True, Skip: False
Building model with input_shape=(32, 32, 3), pos_input_shape=None, layer_x_block=2
Model: "model"
_________________________________________________________________
 Layer (type)                Output Shape              Param #   
=================================================================
 input_2 (InputLayer)        [(None, 32, 32, 3)]       0         
                                                                 
 conv2d (Conv2D)             (None, 32, 32, 8)         224       
                                                                 
 activation (Activation)     (None, 32, 32, 8)         0         
                                                                 
 conv2d_1 (Conv2D)           (None, 32, 32, 8)         584       
                                                                 
 activation_1 (Activation)   (None, 32, 32, 8)         0         
                                                                 
 max_pooling2d (MaxPooling2  (None, 16, 16, 8)         0         
 D)                                                              
                                                                 
 conv2d_2 (Conv2D)           (None, 16, 16, 8)         584       
                                                                 
 activation_2 (Activation)   (None, 16, 16, 8)         0         
                                                                 
 conv2d_3 (Conv2D)           (None, 16, 16, 8)         584       
                                                                 
 activation_3 (Activation)   (None, 16, 16, 8)         0         
                                                                 
 max_pooling2d_1 (MaxPoolin  (None, 8, 8, 8)           0         
 g2D)                                                            
                                                                 
 flatten (Flatten)           (None, 512)               0         
                                                                 
 dense (Dense)               (None, 112)               57456     
                                                                 
 activation_4 (Activation)   (None, 112)               0         
                                                                 
 dropout (Dropout)           (None, 112)               0         
                                                                 
 dense_1 (Dense)             (None, 28)                3164      
                                                                 
 activation_5 (Activation)   (None, 28)                0         
                                                                 
 dropout_1 (Dropout)         (None, 28)                0         
                                                                 
 dense_2 (Dense)             (None, 108)               3132      
                                                                 
 activation_6 (Activation)   (None, 108)               0         
                                                                 
 dropout_2 (Dropout)         (None, 108)               0         
                                                                 
 dense_3 (Dense)             (None, 112)               12208     
                                                                 
 activation_7 (Activation)   (None, 112)               0         
                                                                 
 dropout_3 (Dropout)         (None, 112)               0         
                                                                 
 dense_4 (Dense)             (None, 44)                4972      
                                                                 
 activation_8 (Activation)   (None, 44)                0         
                                                                 
 dropout_4 (Dropout)         (None, 44)                0         
                                                                 
 dense_5 (Dense)             (None, 112)               5040      
                                                                 
 activation_9 (Activation)   (None, 112)               0         
                                                                 
 dropout_5 (Dropout)         (None, 112)               0         
                                                                 
 dense_6 (Dense)             (None, 120)               13560     
                                                                 
 activation_10 (Activation)  (None, 120)               0         
                                                                 
 dropout_6 (Dropout)         (None, 120)               0         
                                                                 
 dense_7 (Dense)             (None, 124)               15004     
                                                                 
 activation_11 (Activation)  (None, 124)               0         
                                                                 
 dropout_7 (Dropout)         (None, 124)               0         
                                                                 
 dense_8 (Dense)             (None, 72)                9000      
                                                                 
 activation_12 (Activation)  (None, 72)                0         
                                                                 
 dropout_8 (Dropout)         (None, 72)                0         
                                                                 
 dense_9 (Dense)             (None, 4)                 292       
                                                                 
 activation_13 (Activation)  (None, 4)                 0         
                                                                 
 dropout_9 (Dropout)         (None, 4)                 0         
                                                                 
 dense_10 (Dense)            (None, 10)                50        
                                                                 
=================================================================
Total params: 125854 (491.62 KB)
Trainable params: 125854 (491.62 KB)
Non-trainable params: 0 (0.00 Byte)
_________________________________________________________________
Epoch 1/20
6250/6250 - 22s - loss: 2.7683 - accuracy: 0.0968 - val_loss: 2.3026 - val_accuracy: 0.1000 - 22s/epoch - 4ms/step
Epoch 2/20
6250/6250 - 21s - loss: 2.3027 - accuracy: 0.0975 - val_loss: 2.3026 - val_accuracy: 0.1000 - 21s/epoch - 3ms/step
Epoch 3/20
6250/6250 - 21s - loss: 2.3027 - accuracy: 0.0963 - val_loss: 2.3026 - val_accuracy: 0.1000 - 21s/epoch - 3ms/step
Epoch 4/20
6250/6250 - 21s - loss: 2.3027 - accuracy: 0.0982 - val_loss: 2.3026 - val_accuracy: 0.1000 - 21s/epoch - 3ms/step
Epoch 5/20
6250/6250 - 21s - loss: 2.3027 - accuracy: 0.0982 - val_loss: 2.3026 - val_accuracy: 0.1000 - 21s/epoch - 3ms/step
Epoch 6/20
6250/6250 - 21s - loss: 2.3027 - accuracy: 0.0984 - val_loss: 2.3026 - val_accuracy: 0.1000 - 21s/epoch - 3ms/step
Epoch 7/20
6250/6250 - 21s - loss: 2.3026 - accuracy: 0.0972 - val_loss: 2.3026 - val_accuracy: 0.1000 - 21s/epoch - 3ms/step
Epoch 8/20
6250/6250 - 21s - loss: 2.3026 - accuracy: 0.0990 - val_loss: 2.3026 - val_accuracy: 0.1000 - 21s/epoch - 3ms/step
Epoch 9/20
6250/6250 - 21s - loss: 2.3026 - accuracy: 0.0978 - val_loss: 2.3026 - val_accuracy: 0.1000 - 21s/epoch - 3ms/step
Epoch 10/20
6250/6250 - 21s - loss: 2.3027 - accuracy: 0.0987 - val_loss: 2.3026 - val_accuracy: 0.1000 - 21s/epoch - 3ms/step
Epoch 11/20
6250/6250 - 21s - loss: 2.3027 - accuracy: 0.0956 - val_loss: 2.3026 - val_accuracy: 0.1000 - 21s/epoch - 3ms/step
Epoch 12/20
6250/6250 - 21s - loss: 2.3027 - accuracy: 0.0965 - val_loss: 2.3026 - val_accuracy: 0.1000 - 21s/epoch - 3ms/step
Epoch 13/20
6250/6250 - 21s - loss: 2.3027 - accuracy: 0.0977 - val_loss: 2.3026 - val_accuracy: 0.1000 - 21s/epoch - 3ms/step
Epoch 14/20
6250/6250 - 21s - loss: 2.3027 - accuracy: 0.0977 - val_loss: 2.3026 - val_accuracy: 0.1000 - 21s/epoch - 3ms/step
Epoch 15/20
6250/6250 - 21s - loss: 2.3027 - accuracy: 0.0976 - val_loss: 2.3026 - val_accuracy: 0.1000 - 21s/epoch - 3ms/step
Epoch 16/20
6250/6250 - 21s - loss: 2.3027 - accuracy: 0.0983 - val_loss: 2.3026 - val_accuracy: 0.1000 - 21s/epoch - 3ms/step
Epoch 17/20
6250/6250 - 21s - loss: 2.3027 - accuracy: 0.0962 - val_loss: 2.3026 - val_accuracy: 0.1000 - 21s/epoch - 3ms/step
Epoch 18/20
6250/6250 - 21s - loss: 2.3027 - accuracy: 0.0998 - val_loss: 2.3026 - val_accuracy: 0.1000 - 21s/epoch - 3ms/step
Epoch 19/20
6250/6250 - 21s - loss: 2.3027 - accuracy: 0.0965 - val_loss: 2.3026 - val_accuracy: 0.1000 - 21s/epoch - 3ms/step
Epoch 20/20
6250/6250 - 21s - loss: 2.3027 - accuracy: 0.0950 - val_loss: 2.3026 - val_accuracy: 0.1000 - 21s/epoch - 3ms/step
313/313 - 1s - loss: 2.3026 - accuracy: 0.1000 - 606ms/epoch - 2ms/step

ACCURACY: 0.10000000149011612


SCORE: -0.36493569704308126

[92m | MODULE VALUES ---------------------------------------------  |
 [0m
FLOPS: 2532152
PARAMS: 125854.0
[92m 
 | -----------------------------------------------------------  |
 [0m

--- BANANAS ITERATION 30 / 50 ---
Chosen point: {'num_neurons': 8, 'unit_c1': 2, 'unit_c2': 4, 'dr_f': 0.36971035978594435, 'learning_rate': 0.0008220038855722961, 'batch_size': 8, 'optimizer': 'Adamax', 'activation': 'swish', 'data_augmentation': True, 'reg_l2': True, 'skip_connection': True, 'new_fc_1': 3, 'new_fc_2': 10, 'new_fc_3': 32, 'new_fc_4': 8, 'new_fc_5': 10, 'new_fc_6': 30, 'new_fc_7': 18, 'new_fc_8': 3, 'new_fc_9': 18, 'new_fc_10': 7}
[94m
|  --> START TRAINING ITERATION 29[0m
[INFO] Flags -> DA: True, L2: True, Skip: True
Building model with input_shape=(32, 32, 3), pos_input_shape=None, layer_x_block=2
Model: "model"
__________________________________________________________________________________________________
 Layer (type)                Output Shape                 Param #   Connected to                  
==================================================================================================
 input_2 (InputLayer)        [(None, 32, 32, 3)]          0         []                            
                                                                                                  
 conv2d (Conv2D)             (None, 32, 32, 16)           448       ['input_2[0][0]']             
                                                                                                  
 activation (Activation)     (None, 32, 32, 16)           0         ['conv2d[1][0]']              
                                                                                                  
 conv2d_2 (Conv2D)           (None, 32, 32, 16)           64        ['input_2[0][0]']             
                                                                                                  
 conv2d_1 (Conv2D)           (None, 32, 32, 16)           2320      ['activation[1][0]']          
                                                                                                  
 add (Add)                   (None, 32, 32, 16)           0         ['conv2d_2[1][0]',            
                                                                     'conv2d_1[1][0]']            
                                                                                                  
 activation_1 (Activation)   (None, 32, 32, 16)           0         ['add[1][0]']                 
                                                                                                  
 max_pooling2d (MaxPooling2  (None, 16, 16, 16)           0         ['activation_1[1][0]']        
 D)                                                                                               
                                                                                                  
 conv2d_3 (Conv2D)           (None, 16, 16, 32)           4640      ['max_pooling2d[1][0]']       
                                                                                                  
 activation_2 (Activation)   (None, 16, 16, 32)           0         ['conv2d_3[1][0]']            
                                                                                                  
 conv2d_5 (Conv2D)           (None, 16, 16, 32)           544       ['max_pooling2d[1][0]']       
                                                                                                  
 conv2d_4 (Conv2D)           (None, 16, 16, 32)           9248      ['activation_2[1][0]']        
                                                                                                  
 add_1 (Add)                 (None, 16, 16, 32)           0         ['conv2d_5[1][0]',            
                                                                     'conv2d_4[1][0]']            
                                                                                                  
 activation_3 (Activation)   (None, 16, 16, 32)           0         ['add_1[1][0]']               
                                                                                                  
 max_pooling2d_1 (MaxPoolin  (None, 8, 8, 32)             0         ['activation_3[1][0]']        
 g2D)                                                                                             
                                                                                                  
 flatten (Flatten)           (None, 2048)                 0         ['max_pooling2d_1[1][0]']     
                                                                                                  
 dense (Dense)               (None, 24)                   49176     ['flatten[1][0]']             
                                                                                                  
 activation_4 (Activation)   (None, 24)                   0         ['dense[1][0]']               
                                                                                                  
 dropout (Dropout)           (None, 24)                   0         ['activation_4[1][0]']        
                                                                                                  
 dense_1 (Dense)             (None, 80)                   2000      ['dropout[1][0]']             
                                                                                                  
 activation_5 (Activation)   (None, 80)                   0         ['dense_1[1][0]']             
                                                                                                  
 dropout_1 (Dropout)         (None, 80)                   0         ['activation_5[1][0]']        
                                                                                                  
 dense_2 (Dense)             (None, 256)                  20736     ['dropout_1[1][0]']           
                                                                                                  
 activation_6 (Activation)   (None, 256)                  0         ['dense_2[1][0]']             
                                                                                                  
 dropout_2 (Dropout)         (None, 256)                  0         ['activation_6[1][0]']        
                                                                                                  
 dense_3 (Dense)             (None, 64)                   16448     ['dropout_2[1][0]']           
                                                                                                  
 activation_7 (Activation)   (None, 64)                   0         ['dense_3[1][0]']             
                                                                                                  
 dropout_3 (Dropout)         (None, 64)                   0         ['activation_7[1][0]']        
                                                                                                  
 dense_4 (Dense)             (None, 80)                   5200      ['dropout_3[1][0]']           
                                                                                                  
 activation_8 (Activation)   (None, 80)                   0         ['dense_4[1][0]']             
                                                                                                  
 dropout_4 (Dropout)         (None, 80)                   0         ['activation_8[1][0]']        
                                                                                                  
 dense_5 (Dense)             (None, 240)                  19440     ['dropout_4[1][0]']           
                                                                                                  
 activation_9 (Activation)   (None, 240)                  0         ['dense_5[1][0]']             
                                                                                                  
 dropout_5 (Dropout)         (None, 240)                  0         ['activation_9[1][0]']        
                                                                                                  
 dense_6 (Dense)             (None, 144)                  34704     ['dropout_5[1][0]']           
                                                                                                  
 activation_10 (Activation)  (None, 144)                  0         ['dense_6[1][0]']             
                                                                                                  
 dropout_6 (Dropout)         (None, 144)                  0         ['activation_10[1][0]']       
                                                                                                  
 dense_7 (Dense)             (None, 24)                   3480      ['dropout_6[1][0]']           
                                                                                                  
 activation_11 (Activation)  (None, 24)                   0         ['dense_7[1][0]']             
                                                                                                  
 dropout_7 (Dropout)         (None, 24)                   0         ['activation_11[1][0]']       
                                                                                                  
 dense_8 (Dense)             (None, 144)                  3600      ['dropout_7[1][0]']           
                                                                                                  
 activation_12 (Activation)  (None, 144)                  0         ['dense_8[1][0]']             
                                                                                                  
 dropout_8 (Dropout)         (None, 144)                  0         ['activation_12[1][0]']       
                                                                                                  
 dense_9 (Dense)             (None, 56)                   8120      ['dropout_8[1][0]']           
                                                                                                  
 activation_13 (Activation)  (None, 56)                   0         ['dense_9[1][0]']             
                                                                                                  
 dropout_9 (Dropout)         (None, 56)                   0         ['activation_13[1][0]']       
                                                                                                  
 dense_10 (Dense)            (None, 10)                   570       ['dropout_9[1][0]']           
                                                                                                  
==================================================================================================
Total params: 180738 (706.01 KB)
Trainable params: 180738 (706.01 KB)
Non-trainable params: 0 (0.00 Byte)
__________________________________________________________________________________________________
Epoch 1/20
6250/6250 - 25s - loss: 2.3979 - accuracy: 0.0986 - val_loss: 2.3026 - val_accuracy: 0.1000 - 25s/epoch - 4ms/step
Epoch 2/20
6250/6250 - 24s - loss: 2.3027 - accuracy: 0.0995 - val_loss: 2.3026 - val_accuracy: 0.1000 - 24s/epoch - 4ms/step
Epoch 3/20
6250/6250 - 24s - loss: 2.3027 - accuracy: 0.0983 - val_loss: 2.3026 - val_accuracy: 0.1000 - 24s/epoch - 4ms/step
Epoch 4/20
6250/6250 - 24s - loss: 2.3027 - accuracy: 0.0986 - val_loss: 2.3026 - val_accuracy: 0.1000 - 24s/epoch - 4ms/step
Epoch 5/20
6250/6250 - 24s - loss: 2.3027 - accuracy: 0.0965 - val_loss: 2.3026 - val_accuracy: 0.1000 - 24s/epoch - 4ms/step
Epoch 6/20
6250/6250 - 24s - loss: 2.3027 - accuracy: 0.0980 - val_loss: 2.3026 - val_accuracy: 0.1000 - 24s/epoch - 4ms/step
Epoch 7/20
6250/6250 - 24s - loss: 2.3027 - accuracy: 0.0995 - val_loss: 2.3026 - val_accuracy: 0.1000 - 24s/epoch - 4ms/step
Epoch 8/20
6250/6250 - 24s - loss: 2.3027 - accuracy: 0.0984 - val_loss: 2.3027 - val_accuracy: 0.1000 - 24s/epoch - 4ms/step
Epoch 9/20
6250/6250 - 24s - loss: 2.3027 - accuracy: 0.0978 - val_loss: 2.3027 - val_accuracy: 0.1000 - 24s/epoch - 4ms/step
Epoch 10/20
6250/6250 - 24s - loss: 2.3027 - accuracy: 0.0981 - val_loss: 2.3026 - val_accuracy: 0.1000 - 24s/epoch - 4ms/step
Epoch 11/20
6250/6250 - 24s - loss: 2.3027 - accuracy: 0.0984 - val_loss: 2.3026 - val_accuracy: 0.1000 - 24s/epoch - 4ms/step
Epoch 12/20
6250/6250 - 24s - loss: 2.3027 - accuracy: 0.0975 - val_loss: 2.3026 - val_accuracy: 0.1000 - 24s/epoch - 4ms/step
Epoch 13/20
6250/6250 - 24s - loss: 2.3027 - accuracy: 0.0966 - val_loss: 2.3026 - val_accuracy: 0.1000 - 24s/epoch - 4ms/step
Epoch 14/20
6250/6250 - 24s - loss: 2.3027 - accuracy: 0.0982 - val_loss: 2.3027 - val_accuracy: 0.1000 - 24s/epoch - 4ms/step
Epoch 15/20
6250/6250 - 24s - loss: 2.3027 - accuracy: 0.0972 - val_loss: 2.3026 - val_accuracy: 0.1000 - 24s/epoch - 4ms/step
Epoch 16/20
6250/6250 - 24s - loss: 2.3027 - accuracy: 0.0990 - val_loss: 2.3026 - val_accuracy: 0.1000 - 24s/epoch - 4ms/step
Epoch 17/20
6250/6250 - 24s - loss: 2.3027 - accuracy: 0.0959 - val_loss: 2.3026 - val_accuracy: 0.1000 - 24s/epoch - 4ms/step
Epoch 18/20
6250/6250 - 24s - loss: 2.3027 - accuracy: 0.0981 - val_loss: 2.3026 - val_accuracy: 0.1000 - 24s/epoch - 4ms/step
Epoch 19/20
6250/6250 - 24s - loss: 2.3027 - accuracy: 0.0998 - val_loss: 2.3026 - val_accuracy: 0.1000 - 24s/epoch - 4ms/step
Epoch 20/20
6250/6250 - 24s - loss: 2.3027 - accuracy: 0.0974 - val_loss: 2.3026 - val_accuracy: 0.1000 - 24s/epoch - 4ms/step
313/313 - 1s - loss: 2.3026 - accuracy: 0.1000 - 680ms/epoch - 2ms/step

ACCURACY: 0.10000000149011612


SCORE: -0.3428181050430813

[92m | MODULE VALUES ---------------------------------------------  |
 [0m
FLOPS: 13590948
PARAMS: 180738.0
[92m 
 | -----------------------------------------------------------  |
 [0m

--- BANANAS ITERATION 31 / 50 ---
Chosen point: {'num_neurons': 4, 'unit_c1': 2, 'unit_c2': 5, 'dr_f': 0.3759437614723611, 'learning_rate': 0.0005002681939038035, 'batch_size': 8, 'optimizer': 'Adadelta', 'activation': 'relu', 'data_augmentation': True, 'reg_l2': False, 'skip_connection': False, 'new_fc_1': 22, 'new_fc_2': 11, 'new_fc_3': 29, 'new_fc_4': 3, 'new_fc_5': 3, 'new_fc_6': 6, 'new_fc_7': 7, 'new_fc_8': 10, 'new_fc_9': 29, 'new_fc_10': 5}
[94m
|  --> START TRAINING ITERATION 30[0m
[INFO] Flags -> DA: True, L2: False, Skip: False
Building model with input_shape=(32, 32, 3), pos_input_shape=None, layer_x_block=2
Model: "model"
_________________________________________________________________
 Layer (type)                Output Shape              Param #   
=================================================================
 input_2 (InputLayer)        [(None, 32, 32, 3)]       0         
                                                                 
 conv2d (Conv2D)             (None, 32, 32, 8)         224       
                                                                 
 activation (Activation)     (None, 32, 32, 8)         0         
                                                                 
 conv2d_1 (Conv2D)           (None, 32, 32, 8)         584       
                                                                 
 activation_1 (Activation)   (None, 32, 32, 8)         0         
                                                                 
 max_pooling2d (MaxPooling2  (None, 16, 16, 8)         0         
 D)                                                              
                                                                 
 conv2d_2 (Conv2D)           (None, 16, 16, 20)        1460      
                                                                 
 activation_2 (Activation)   (None, 16, 16, 20)        0         
                                                                 
 conv2d_3 (Conv2D)           (None, 16, 16, 20)        3620      
                                                                 
 activation_3 (Activation)   (None, 16, 16, 20)        0         
                                                                 
 max_pooling2d_1 (MaxPoolin  (None, 8, 8, 20)          0         
 g2D)                                                            
                                                                 
 flatten (Flatten)           (None, 1280)              0         
                                                                 
 dense (Dense)               (None, 88)                112728    
                                                                 
 activation_4 (Activation)   (None, 88)                0         
                                                                 
 dropout (Dropout)           (None, 88)                0         
                                                                 
 dense_1 (Dense)             (None, 44)                3916      
                                                                 
 activation_5 (Activation)   (None, 44)                0         
                                                                 
 dropout_1 (Dropout)         (None, 44)                0         
                                                                 
 dense_2 (Dense)             (None, 116)               5220      
                                                                 
 activation_6 (Activation)   (None, 116)               0         
                                                                 
 dropout_2 (Dropout)         (None, 116)               0         
                                                                 
 dense_3 (Dense)             (None, 12)                1404      
                                                                 
 activation_7 (Activation)   (None, 12)                0         
                                                                 
 dropout_3 (Dropout)         (None, 12)                0         
                                                                 
 dense_4 (Dense)             (None, 12)                156       
                                                                 
 activation_8 (Activation)   (None, 12)                0         
                                                                 
 dropout_4 (Dropout)         (None, 12)                0         
                                                                 
 dense_5 (Dense)             (None, 24)                312       
                                                                 
 activation_9 (Activation)   (None, 24)                0         
                                                                 
 dropout_5 (Dropout)         (None, 24)                0         
                                                                 
 dense_6 (Dense)             (None, 28)                700       
                                                                 
 activation_10 (Activation)  (None, 28)                0         
                                                                 
 dropout_6 (Dropout)         (None, 28)                0         
                                                                 
 dense_7 (Dense)             (None, 40)                1160      
                                                                 
 activation_11 (Activation)  (None, 40)                0         
                                                                 
 dropout_7 (Dropout)         (None, 40)                0         
                                                                 
 dense_8 (Dense)             (None, 116)               4756      
                                                                 
 activation_12 (Activation)  (None, 116)               0         
                                                                 
 dropout_8 (Dropout)         (None, 116)               0         
                                                                 
 dense_9 (Dense)             (None, 20)                2340      
                                                                 
 activation_13 (Activation)  (None, 20)                0         
                                                                 
 dropout_9 (Dropout)         (None, 20)                0         
                                                                 
 dense_10 (Dense)            (None, 10)                210       
                                                                 
=================================================================
Total params: 138790 (542.15 KB)
Trainable params: 138790 (542.15 KB)
Non-trainable params: 0 (0.00 Byte)
_________________________________________________________________
Epoch 1/20
6250/6250 - 19s - loss: 2.3034 - accuracy: 0.1004 - val_loss: 2.3026 - val_accuracy: 0.0546 - 19s/epoch - 3ms/step
Epoch 2/20
6250/6250 - 19s - loss: 2.3033 - accuracy: 0.0997 - val_loss: 2.3026 - val_accuracy: 0.0556 - 19s/epoch - 3ms/step
Epoch 3/20
6250/6250 - 19s - loss: 2.3031 - accuracy: 0.1007 - val_loss: 2.3026 - val_accuracy: 0.0654 - 19s/epoch - 3ms/step
Epoch 4/20
6250/6250 - 19s - loss: 2.3033 - accuracy: 0.0967 - val_loss: 2.3026 - val_accuracy: 0.0783 - 19s/epoch - 3ms/step
Epoch 5/20
6250/6250 - 19s - loss: 2.3030 - accuracy: 0.1012 - val_loss: 2.3026 - val_accuracy: 0.0856 - 19s/epoch - 3ms/step
Epoch 6/20
6250/6250 - 19s - loss: 2.3031 - accuracy: 0.0997 - val_loss: 2.3026 - val_accuracy: 0.0814 - 19s/epoch - 3ms/step
Epoch 7/20
6250/6250 - 19s - loss: 2.3030 - accuracy: 0.1002 - val_loss: 2.3026 - val_accuracy: 0.0816 - 19s/epoch - 3ms/step
Epoch 8/20
6250/6250 - 19s - loss: 2.3029 - accuracy: 0.0999 - val_loss: 2.3026 - val_accuracy: 0.0815 - 19s/epoch - 3ms/step
Epoch 9/20
6250/6250 - 19s - loss: 2.3028 - accuracy: 0.0991 - val_loss: 2.3026 - val_accuracy: 0.0818 - 19s/epoch - 3ms/step
Epoch 10/20
6250/6250 - 19s - loss: 2.3029 - accuracy: 0.0995 - val_loss: 2.3026 - val_accuracy: 0.0889 - 19s/epoch - 3ms/step
Epoch 11/20
6250/6250 - 19s - loss: 2.3028 - accuracy: 0.0982 - val_loss: 2.3026 - val_accuracy: 0.0945 - 19s/epoch - 3ms/step
Epoch 12/20
6250/6250 - 19s - loss: 2.3028 - accuracy: 0.0993 - val_loss: 2.3026 - val_accuracy: 0.0998 - 19s/epoch - 3ms/step
Epoch 13/20
6250/6250 - 19s - loss: 2.3028 - accuracy: 0.1011 - val_loss: 2.3026 - val_accuracy: 0.1017 - 19s/epoch - 3ms/step
Epoch 14/20
6250/6250 - 19s - loss: 2.3027 - accuracy: 0.0993 - val_loss: 2.3026 - val_accuracy: 0.1044 - 19s/epoch - 3ms/step
Epoch 15/20
6250/6250 - 19s - loss: 2.3027 - accuracy: 0.1009 - val_loss: 2.3026 - val_accuracy: 0.1033 - 19s/epoch - 3ms/step
Epoch 16/20
6250/6250 - 19s - loss: 2.3028 - accuracy: 0.0975 - val_loss: 2.3026 - val_accuracy: 0.1013 - 19s/epoch - 3ms/step
Epoch 17/20
6250/6250 - 19s - loss: 2.3027 - accuracy: 0.0984 - val_loss: 2.3026 - val_accuracy: 0.1006 - 19s/epoch - 3ms/step
Epoch 18/20
6250/6250 - 19s - loss: 2.3028 - accuracy: 0.0985 - val_loss: 2.3026 - val_accuracy: 0.1018 - 19s/epoch - 3ms/step
Epoch 19/20
6250/6250 - 19s - loss: 2.3027 - accuracy: 0.0987 - val_loss: 2.3026 - val_accuracy: 0.1014 - 19s/epoch - 3ms/step
Epoch 20/20
6250/6250 - 19s - loss: 2.3027 - accuracy: 0.0971 - val_loss: 2.3026 - val_accuracy: 0.1021 - 19s/epoch - 3ms/step
313/313 - 1s - loss: 2.3026 - accuracy: 0.1021 - 568ms/epoch - 2ms/step

ACCURACY: 0.10209999978542328


SCORE: -0.36245444784979625

[92m | MODULE VALUES ---------------------------------------------  |
 [0m
FLOPS: 4507776
PARAMS: 138790.0
[92m 
 | -----------------------------------------------------------  |
 [0m

--- BANANAS ITERATION 32 / 50 ---
Chosen point: {'num_neurons': 8, 'unit_c1': 3, 'unit_c2': 1, 'dr_f': 0.4162561517505613, 'learning_rate': 0.0009765583049542248, 'batch_size': 64, 'optimizer': 'Adam', 'activation': 'swish', 'data_augmentation': True, 'reg_l2': True, 'skip_connection': False, 'new_fc_1': 13, 'new_fc_2': 11, 'new_fc_3': 31, 'new_fc_4': 29, 'new_fc_5': 29, 'new_fc_6': 25, 'new_fc_7': 10, 'new_fc_8': 6, 'new_fc_9': 32, 'new_fc_10': 9}
[94m
|  --> START TRAINING ITERATION 31[0m
[INFO] Flags -> DA: True, L2: True, Skip: False
Building model with input_shape=(32, 32, 3), pos_input_shape=None, layer_x_block=2
Model: "model"
_________________________________________________________________
 Layer (type)                Output Shape              Param #   
=================================================================
 input_2 (InputLayer)        [(None, 32, 32, 3)]       0         
                                                                 
 conv2d (Conv2D)             (None, 32, 32, 24)        672       
                                                                 
 activation (Activation)     (None, 32, 32, 24)        0         
                                                                 
 conv2d_1 (Conv2D)           (None, 32, 32, 24)        5208      
                                                                 
 activation_1 (Activation)   (None, 32, 32, 24)        0         
                                                                 
 max_pooling2d (MaxPooling2  (None, 16, 16, 24)        0         
 D)                                                              
                                                                 
 conv2d_2 (Conv2D)           (None, 16, 16, 8)         1736      
                                                                 
 activation_2 (Activation)   (None, 16, 16, 8)         0         
                                                                 
 conv2d_3 (Conv2D)           (None, 16, 16, 8)         584       
                                                                 
 activation_3 (Activation)   (None, 16, 16, 8)         0         
                                                                 
 max_pooling2d_1 (MaxPoolin  (None, 8, 8, 8)           0         
 g2D)                                                            
                                                                 
 flatten (Flatten)           (None, 512)               0         
                                                                 
 dense (Dense)               (None, 104)               53352     
                                                                 
 activation_4 (Activation)   (None, 104)               0         
                                                                 
 dropout (Dropout)           (None, 104)               0         
                                                                 
 dense_1 (Dense)             (None, 88)                9240      
                                                                 
 activation_5 (Activation)   (None, 88)                0         
                                                                 
 dropout_1 (Dropout)         (None, 88)                0         
                                                                 
 dense_2 (Dense)             (None, 248)               22072     
                                                                 
 activation_6 (Activation)   (None, 248)               0         
                                                                 
 dropout_2 (Dropout)         (None, 248)               0         
                                                                 
 dense_3 (Dense)             (None, 232)               57768     
                                                                 
 activation_7 (Activation)   (None, 232)               0         
                                                                 
 dropout_3 (Dropout)         (None, 232)               0         
                                                                 
 dense_4 (Dense)             (None, 232)               54056     
                                                                 
 activation_8 (Activation)   (None, 232)               0         
                                                                 
 dropout_4 (Dropout)         (None, 232)               0         
                                                                 
 dense_5 (Dense)             (None, 200)               46600     
                                                                 
 activation_9 (Activation)   (None, 200)               0         
                                                                 
 dropout_5 (Dropout)         (None, 200)               0         
                                                                 
 dense_6 (Dense)             (None, 80)                16080     
                                                                 
 activation_10 (Activation)  (None, 80)                0         
                                                                 
 dropout_6 (Dropout)         (None, 80)                0         
                                                                 
 dense_7 (Dense)             (None, 48)                3888      
                                                                 
 activation_11 (Activation)  (None, 48)                0         
                                                                 
 dropout_7 (Dropout)         (None, 48)                0         
                                                                 
 dense_8 (Dense)             (None, 256)               12544     
                                                                 
 activation_12 (Activation)  (None, 256)               0         
                                                                 
 dropout_8 (Dropout)         (None, 256)               0         
                                                                 
 dense_9 (Dense)             (None, 72)                18504     
                                                                 
 activation_13 (Activation)  (None, 72)                0         
                                                                 
 dropout_9 (Dropout)         (None, 72)                0         
                                                                 
 dense_10 (Dense)            (None, 10)                730       
                                                                 
=================================================================
Total params: 303034 (1.16 MB)
Trainable params: 303034 (1.16 MB)
Non-trainable params: 0 (0.00 Byte)
_________________________________________________________________
Epoch 1/20
782/782 - 4s - loss: 3.0509 - accuracy: 0.0986 - val_loss: 2.3026 - val_accuracy: 0.1000 - 4s/epoch - 5ms/step
Epoch 2/20
782/782 - 3s - loss: 2.3027 - accuracy: 0.0992 - val_loss: 2.3026 - val_accuracy: 0.1000 - 3s/epoch - 4ms/step
Epoch 3/20
782/782 - 3s - loss: 2.3028 - accuracy: 0.0975 - val_loss: 2.3026 - val_accuracy: 0.1000 - 3s/epoch - 4ms/step
Epoch 4/20
782/782 - 3s - loss: 2.3027 - accuracy: 0.0980 - val_loss: 2.3026 - val_accuracy: 0.1000 - 3s/epoch - 4ms/step
Epoch 5/20
782/782 - 3s - loss: 2.3027 - accuracy: 0.0988 - val_loss: 2.3026 - val_accuracy: 0.1000 - 3s/epoch - 4ms/step
Epoch 6/20
782/782 - 3s - loss: 2.3027 - accuracy: 0.0974 - val_loss: 2.3026 - val_accuracy: 0.1000 - 3s/epoch - 4ms/step
Epoch 7/20
782/782 - 3s - loss: 2.3028 - accuracy: 0.0972 - val_loss: 2.3026 - val_accuracy: 0.1000 - 3s/epoch - 4ms/step
Epoch 8/20
782/782 - 3s - loss: 2.3028 - accuracy: 0.0972 - val_loss: 2.3026 - val_accuracy: 0.1000 - 3s/epoch - 4ms/step
Epoch 9/20
782/782 - 3s - loss: 2.3028 - accuracy: 0.0970 - val_loss: 2.3026 - val_accuracy: 0.1000 - 3s/epoch - 4ms/step
Epoch 10/20
782/782 - 3s - loss: 2.3028 - accuracy: 0.0986 - val_loss: 2.3026 - val_accuracy: 0.1000 - 3s/epoch - 4ms/step
Epoch 11/20
782/782 - 3s - loss: 2.3028 - accuracy: 0.1001 - val_loss: 2.3026 - val_accuracy: 0.1000 - 3s/epoch - 4ms/step
Epoch 12/20
782/782 - 3s - loss: 2.3028 - accuracy: 0.0972 - val_loss: 2.3027 - val_accuracy: 0.1000 - 3s/epoch - 4ms/step
Epoch 13/20
782/782 - 3s - loss: 2.3028 - accuracy: 0.0988 - val_loss: 2.3027 - val_accuracy: 0.1000 - 3s/epoch - 4ms/step
Epoch 14/20
782/782 - 3s - loss: 2.3028 - accuracy: 0.0988 - val_loss: 2.3027 - val_accuracy: 0.1000 - 3s/epoch - 4ms/step
Epoch 15/20
782/782 - 3s - loss: 2.3028 - accuracy: 0.0973 - val_loss: 2.3027 - val_accuracy: 0.1000 - 3s/epoch - 4ms/step
Epoch 16/20
782/782 - 3s - loss: 2.3028 - accuracy: 0.0983 - val_loss: 2.3027 - val_accuracy: 0.1000 - 3s/epoch - 4ms/step
Epoch 17/20
782/782 - 3s - loss: 2.3028 - accuracy: 0.0963 - val_loss: 2.3026 - val_accuracy: 0.1000 - 3s/epoch - 4ms/step
Epoch 18/20
782/782 - 3s - loss: 2.3028 - accuracy: 0.0983 - val_loss: 2.3028 - val_accuracy: 0.1000 - 3s/epoch - 4ms/step
Epoch 19/20
782/782 - 3s - loss: 2.3028 - accuracy: 0.0978 - val_loss: 2.3027 - val_accuracy: 0.1000 - 3s/epoch - 4ms/step
Epoch 20/20
782/782 - 3s - loss: 2.3028 - accuracy: 0.0977 - val_loss: 2.3026 - val_accuracy: 0.1000 - 3s/epoch - 4ms/step
313/313 - 0s - loss: 2.3026 - accuracy: 0.1000 - 481ms/epoch - 2ms/step

ACCURACY: 0.10000000149011612


SCORE: -0.3421975610430813

[92m | MODULE VALUES ---------------------------------------------  |
 [0m
FLOPS: 13901220
PARAMS: 303034.0
[92m 
 | -----------------------------------------------------------  |
 [0m

--- BANANAS ITERATION 33 / 50 ---
Chosen point: {'num_neurons': 8, 'unit_c1': 1, 'unit_c2': 2, 'dr_f': 0.17808038051950184, 'learning_rate': 0.0001241355154321563, 'batch_size': 8, 'optimizer': 'Adam', 'activation': 'selu', 'data_augmentation': True, 'reg_l2': True, 'skip_connection': False, 'new_fc_1': 0, 'new_fc_2': 6, 'new_fc_3': 7, 'new_fc_4': 17, 'new_fc_5': 1, 'new_fc_6': 31, 'new_fc_7': 8, 'new_fc_8': 8, 'new_fc_9': 0, 'new_fc_10': 0}
[94m
|  --> START TRAINING ITERATION 32[0m
[INFO] Flags -> DA: True, L2: True, Skip: False
Building model with input_shape=(32, 32, 3), pos_input_shape=None, layer_x_block=2
Model: "model"
_________________________________________________________________
 Layer (type)                Output Shape              Param #   
=================================================================
 input_2 (InputLayer)        [(None, 32, 32, 3)]       0         
                                                                 
 conv2d (Conv2D)             (None, 32, 32, 8)         224       
                                                                 
 activation (Activation)     (None, 32, 32, 8)         0         
                                                                 
 conv2d_1 (Conv2D)           (None, 32, 32, 8)         584       
                                                                 
 activation_1 (Activation)   (None, 32, 32, 8)         0         
                                                                 
 max_pooling2d (MaxPooling2  (None, 16, 16, 8)         0         
 D)                                                              
                                                                 
 conv2d_2 (Conv2D)           (None, 16, 16, 16)        1168      
                                                                 
 activation_2 (Activation)   (None, 16, 16, 16)        0         
                                                                 
 conv2d_3 (Conv2D)           (None, 16, 16, 16)        2320      
                                                                 
 activation_3 (Activation)   (None, 16, 16, 16)        0         
                                                                 
 max_pooling2d_1 (MaxPoolin  (None, 8, 8, 16)          0         
 g2D)                                                            
                                                                 
 flatten (Flatten)           (None, 1024)              0         
                                                                 
 dense (Dense)               (None, 48)                49200     
                                                                 
 activation_4 (Activation)   (None, 48)                0         
                                                                 
 dropout (Dropout)           (None, 48)                0         
                                                                 
 dense_1 (Dense)             (None, 56)                2744      
                                                                 
 activation_5 (Activation)   (None, 56)                0         
                                                                 
 dropout_1 (Dropout)         (None, 56)                0         
                                                                 
 dense_2 (Dense)             (None, 136)               7752      
                                                                 
 activation_6 (Activation)   (None, 136)               0         
                                                                 
 dropout_2 (Dropout)         (None, 136)               0         
                                                                 
 dense_3 (Dense)             (None, 8)                 1096      
                                                                 
 activation_7 (Activation)   (None, 8)                 0         
                                                                 
 dropout_3 (Dropout)         (None, 8)                 0         
                                                                 
 dense_4 (Dense)             (None, 248)               2232      
                                                                 
 activation_8 (Activation)   (None, 248)               0         
                                                                 
 dropout_4 (Dropout)         (None, 248)               0         
                                                                 
 dense_5 (Dense)             (None, 64)                15936     
                                                                 
 activation_9 (Activation)   (None, 64)                0         
                                                                 
 dropout_5 (Dropout)         (None, 64)                0         
                                                                 
 dense_6 (Dense)             (None, 64)                4160      
                                                                 
 activation_10 (Activation)  (None, 64)                0         
                                                                 
 dropout_6 (Dropout)         (None, 64)                0         
                                                                 
 dense_7 (Dense)             (None, 10)                650       
                                                                 
=================================================================
Total params: 88066 (344.01 KB)
Trainable params: 88066 (344.01 KB)
Non-trainable params: 0 (0.00 Byte)
_________________________________________________________________
Epoch 1/20
6250/6250 - 17s - loss: 4.6163 - accuracy: 0.2896 - val_loss: 2.9052 - val_accuracy: 0.4221 - 17s/epoch - 3ms/step
Epoch 2/20
6250/6250 - 16s - loss: 2.4700 - accuracy: 0.3960 - val_loss: 2.0911 - val_accuracy: 0.4628 - 16s/epoch - 3ms/step
Epoch 3/20
6250/6250 - 16s - loss: 2.0859 - accuracy: 0.4332 - val_loss: 1.9268 - val_accuracy: 0.4840 - 16s/epoch - 3ms/step
Epoch 4/20
6250/6250 - 16s - loss: 1.9703 - accuracy: 0.4501 - val_loss: 1.8668 - val_accuracy: 0.4708 - 16s/epoch - 3ms/step
Epoch 5/20
6250/6250 - 17s - loss: 1.9162 - accuracy: 0.4632 - val_loss: 1.8261 - val_accuracy: 0.4930 - 17s/epoch - 3ms/step
Epoch 6/20
6250/6250 - 16s - loss: 1.8809 - accuracy: 0.4662 - val_loss: 1.7913 - val_accuracy: 0.5061 - 16s/epoch - 3ms/step
Epoch 7/20
6250/6250 - 16s - loss: 1.8536 - accuracy: 0.4750 - val_loss: 1.7666 - val_accuracy: 0.5018 - 16s/epoch - 3ms/step
Epoch 8/20
6250/6250 - 16s - loss: 1.8336 - accuracy: 0.4795 - val_loss: 1.7529 - val_accuracy: 0.5070 - 16s/epoch - 3ms/step
Epoch 9/20
6250/6250 - 16s - loss: 1.8175 - accuracy: 0.4860 - val_loss: 1.7681 - val_accuracy: 0.4976 - 16s/epoch - 3ms/step
Epoch 10/20
6250/6250 - 16s - loss: 1.8025 - accuracy: 0.4874 - val_loss: 1.7256 - val_accuracy: 0.5183 - 16s/epoch - 3ms/step
Epoch 11/20
6250/6250 - 16s - loss: 1.7906 - accuracy: 0.4908 - val_loss: 1.7046 - val_accuracy: 0.5210 - 16s/epoch - 3ms/step
Epoch 12/20
6250/6250 - 16s - loss: 1.7791 - accuracy: 0.4952 - val_loss: 1.7078 - val_accuracy: 0.5148 - 16s/epoch - 3ms/step
Epoch 13/20
6250/6250 - 16s - loss: 1.7679 - accuracy: 0.5022 - val_loss: 1.7120 - val_accuracy: 0.5131 - 16s/epoch - 3ms/step
Epoch 14/20
6250/6250 - 16s - loss: 1.7587 - accuracy: 0.5054 - val_loss: 1.6796 - val_accuracy: 0.5339 - 16s/epoch - 3ms/step
Epoch 15/20
6250/6250 - 16s - loss: 1.7483 - accuracy: 0.5101 - val_loss: 1.6833 - val_accuracy: 0.5311 - 16s/epoch - 3ms/step
Epoch 16/20
6250/6250 - 16s - loss: 1.7399 - accuracy: 0.5110 - val_loss: 1.6751 - val_accuracy: 0.5368 - 16s/epoch - 3ms/step
Epoch 17/20
6250/6250 - 16s - loss: 1.7279 - accuracy: 0.5159 - val_loss: 1.6587 - val_accuracy: 0.5362 - 16s/epoch - 3ms/step
Epoch 18/20
6250/6250 - 16s - loss: 1.7227 - accuracy: 0.5173 - val_loss: 1.6571 - val_accuracy: 0.5376 - 16s/epoch - 3ms/step
Epoch 19/20
6250/6250 - 16s - loss: 1.7148 - accuracy: 0.5223 - val_loss: 1.6377 - val_accuracy: 0.5497 - 16s/epoch - 3ms/step
Epoch 20/20
6250/6250 - 16s - loss: 1.7058 - accuracy: 0.5296 - val_loss: 1.6375 - val_accuracy: 0.5487 - 16s/epoch - 3ms/step
313/313 - 1s - loss: 1.6375 - accuracy: 0.5487 - 570ms/epoch - 2ms/step

ACCURACY: 0.5486999750137329


SCORE: -0.676899366509613

[92m | MODULE VALUES ---------------------------------------------  |
 [0m
FLOPS: 3595308
PARAMS: 88066.0
[92m 
 | -----------------------------------------------------------  |
 [0m

--- BANANAS ITERATION 34 / 50 ---
Chosen point: {'num_neurons': 8, 'unit_c1': 3, 'unit_c2': 5, 'dr_f': 0.339145707091574, 'learning_rate': 0.00031570009666625294, 'batch_size': 8, 'optimizer': 'Adadelta', 'activation': 'swish', 'data_augmentation': True, 'reg_l2': False, 'skip_connection': False, 'new_fc_1': 2, 'new_fc_2': 31, 'new_fc_3': 17, 'new_fc_4': 31, 'new_fc_5': 21, 'new_fc_6': 21, 'new_fc_7': 16, 'new_fc_8': 7, 'new_fc_9': 32, 'new_fc_10': 11}
[94m
|  --> START TRAINING ITERATION 33[0m
[INFO] Flags -> DA: True, L2: False, Skip: False
Building model with input_shape=(32, 32, 3), pos_input_shape=None, layer_x_block=2
Model: "model"
_________________________________________________________________
 Layer (type)                Output Shape              Param #   
=================================================================
 input_2 (InputLayer)        [(None, 32, 32, 3)]       0         
                                                                 
 conv2d (Conv2D)             (None, 32, 32, 24)        672       
                                                                 
 activation (Activation)     (None, 32, 32, 24)        0         
                                                                 
 conv2d_1 (Conv2D)           (None, 32, 32, 24)        5208      
                                                                 
 activation_1 (Activation)   (None, 32, 32, 24)        0         
                                                                 
 max_pooling2d (MaxPooling2  (None, 16, 16, 24)        0         
 D)                                                              
                                                                 
 conv2d_2 (Conv2D)           (None, 16, 16, 40)        8680      
                                                                 
 activation_2 (Activation)   (None, 16, 16, 40)        0         
                                                                 
 conv2d_3 (Conv2D)           (None, 16, 16, 40)        14440     
                                                                 
 activation_3 (Activation)   (None, 16, 16, 40)        0         
                                                                 
 max_pooling2d_1 (MaxPoolin  (None, 8, 8, 40)          0         
 g2D)                                                            
                                                                 
 flatten (Flatten)           (None, 2560)              0         
                                                                 
 dense (Dense)               (None, 16)                40976     
                                                                 
 activation_4 (Activation)   (None, 16)                0         
                                                                 
 dropout (Dropout)           (None, 16)                0         
                                                                 
 dense_1 (Dense)             (None, 248)               4216      
                                                                 
 activation_5 (Activation)   (None, 248)               0         
                                                                 
 dropout_1 (Dropout)         (None, 248)               0         
                                                                 
 dense_2 (Dense)             (None, 136)               33864     
                                                                 
 activation_6 (Activation)   (None, 136)               0         
                                                                 
 dropout_2 (Dropout)         (None, 136)               0         
                                                                 
 dense_3 (Dense)             (None, 248)               33976     
                                                                 
 activation_7 (Activation)   (None, 248)               0         
                                                                 
 dropout_3 (Dropout)         (None, 248)               0         
                                                                 
 dense_4 (Dense)             (None, 168)               41832     
                                                                 
 activation_8 (Activation)   (None, 168)               0         
                                                                 
 dropout_4 (Dropout)         (None, 168)               0         
                                                                 
 dense_5 (Dense)             (None, 168)               28392     
                                                                 
 activation_9 (Activation)   (None, 168)               0         
                                                                 
 dropout_5 (Dropout)         (None, 168)               0         
                                                                 
 dense_6 (Dense)             (None, 128)               21632     
                                                                 
 activation_10 (Activation)  (None, 128)               0         
                                                                 
 dropout_6 (Dropout)         (None, 128)               0         
                                                                 
 dense_7 (Dense)             (None, 56)                7224      
                                                                 
 activation_11 (Activation)  (None, 56)                0         
                                                                 
 dropout_7 (Dropout)         (None, 56)                0         
                                                                 
 dense_8 (Dense)             (None, 256)               14592     
                                                                 
 activation_12 (Activation)  (None, 256)               0         
                                                                 
 dropout_8 (Dropout)         (None, 256)               0         
                                                                 
 dense_9 (Dense)             (None, 88)                22616     
                                                                 
 activation_13 (Activation)  (None, 88)                0         
                                                                 
 dropout_9 (Dropout)         (None, 88)                0         
                                                                 
 dense_10 (Dense)            (None, 10)                890       
                                                                 
=================================================================
Total params: 279210 (1.07 MB)
Trainable params: 279210 (1.07 MB)
Non-trainable params: 0 (0.00 Byte)
_________________________________________________________________
Epoch 1/20
6250/6250 - 23s - loss: 2.3027 - accuracy: 0.0996 - val_loss: 2.3026 - val_accuracy: 0.1016 - 23s/epoch - 4ms/step
Epoch 2/20
6250/6250 - 22s - loss: 2.3027 - accuracy: 0.0992 - val_loss: 2.3026 - val_accuracy: 0.1000 - 22s/epoch - 4ms/step
Epoch 3/20
6250/6250 - 22s - loss: 2.3027 - accuracy: 0.0982 - val_loss: 2.3026 - val_accuracy: 0.1000 - 22s/epoch - 4ms/step
Epoch 4/20
6250/6250 - 22s - loss: 2.3027 - accuracy: 0.1001 - val_loss: 2.3026 - val_accuracy: 0.1000 - 22s/epoch - 4ms/step
Epoch 5/20
6250/6250 - 22s - loss: 2.3027 - accuracy: 0.0981 - val_loss: 2.3026 - val_accuracy: 0.1000 - 22s/epoch - 4ms/step
Epoch 6/20
6250/6250 - 22s - loss: 2.3027 - accuracy: 0.0985 - val_loss: 2.3026 - val_accuracy: 0.1000 - 22s/epoch - 4ms/step
Epoch 7/20
6250/6250 - 22s - loss: 2.3027 - accuracy: 0.1003 - val_loss: 2.3026 - val_accuracy: 0.1000 - 22s/epoch - 4ms/step
Epoch 8/20
6250/6250 - 22s - loss: 2.3027 - accuracy: 0.0991 - val_loss: 2.3026 - val_accuracy: 0.1000 - 22s/epoch - 4ms/step
Epoch 9/20
6250/6250 - 22s - loss: 2.3027 - accuracy: 0.1007 - val_loss: 2.3026 - val_accuracy: 0.1000 - 22s/epoch - 4ms/step
Epoch 10/20
6250/6250 - 22s - loss: 2.3027 - accuracy: 0.1002 - val_loss: 2.3026 - val_accuracy: 0.1000 - 22s/epoch - 4ms/step
Epoch 11/20
6250/6250 - 22s - loss: 2.3027 - accuracy: 0.0991 - val_loss: 2.3026 - val_accuracy: 0.1000 - 22s/epoch - 4ms/step
Epoch 12/20
6250/6250 - 22s - loss: 2.3027 - accuracy: 0.0998 - val_loss: 2.3026 - val_accuracy: 0.1000 - 22s/epoch - 4ms/step
Epoch 13/20
6250/6250 - 22s - loss: 2.3027 - accuracy: 0.1001 - val_loss: 2.3026 - val_accuracy: 0.1000 - 22s/epoch - 4ms/step
Epoch 14/20
6250/6250 - 22s - loss: 2.3027 - accuracy: 0.0999 - val_loss: 2.3026 - val_accuracy: 0.1000 - 22s/epoch - 4ms/step
Epoch 15/20
6250/6250 - 22s - loss: 2.3027 - accuracy: 0.0996 - val_loss: 2.3026 - val_accuracy: 0.1000 - 22s/epoch - 4ms/step
Epoch 16/20
6250/6250 - 22s - loss: 2.3027 - accuracy: 0.0996 - val_loss: 2.3026 - val_accuracy: 0.1000 - 22s/epoch - 4ms/step
Epoch 17/20
6250/6250 - 22s - loss: 2.3027 - accuracy: 0.0992 - val_loss: 2.3026 - val_accuracy: 0.1000 - 22s/epoch - 4ms/step
Epoch 18/20
6250/6250 - 22s - loss: 2.3027 - accuracy: 0.0993 - val_loss: 2.3026 - val_accuracy: 0.1000 - 22s/epoch - 4ms/step
Epoch 19/20
6250/6250 - 22s - loss: 2.3027 - accuracy: 0.1002 - val_loss: 2.3026 - val_accuracy: 0.1000 - 22s/epoch - 4ms/step
Epoch 20/20
6250/6250 - 22s - loss: 2.3027 - accuracy: 0.1000 - val_loss: 2.3026 - val_accuracy: 0.1000 - 22s/epoch - 4ms/step
313/313 - 1s - loss: 2.3026 - accuracy: 0.1000 - 636ms/epoch - 2ms/step

ACCURACY: 0.10000000149011612


SCORE: -0.32102780104308126

[92m | MODULE VALUES ---------------------------------------------  |
 [0m
FLOPS: 24486100
PARAMS: 279210.0
[92m 
 | -----------------------------------------------------------  |
 [0m

--- BANANAS ITERATION 35 / 50 ---
Chosen point: {'num_neurons': 8, 'unit_c1': 2, 'unit_c2': 6, 'dr_f': 0.39296518847733064, 'learning_rate': 0.0001284932280099806, 'batch_size': 64, 'optimizer': 'Adamax', 'activation': 'swish', 'data_augmentation': True, 'reg_l2': True, 'skip_connection': False, 'new_fc_1': 31, 'new_fc_2': 0, 'new_fc_3': 26, 'new_fc_4': 1, 'new_fc_5': 25, 'new_fc_6': 10, 'new_fc_7': 3, 'new_fc_8': 2, 'new_fc_9': 10, 'new_fc_10': 17}
[94m
|  --> START TRAINING ITERATION 34[0m
[INFO] Flags -> DA: True, L2: True, Skip: False
Building model with input_shape=(32, 32, 3), pos_input_shape=None, layer_x_block=2
Model: "model"
_________________________________________________________________
 Layer (type)                Output Shape              Param #   
=================================================================
 input_2 (InputLayer)        [(None, 32, 32, 3)]       0         
                                                                 
 conv2d (Conv2D)             (None, 32, 32, 16)        448       
                                                                 
 activation (Activation)     (None, 32, 32, 16)        0         
                                                                 
 conv2d_1 (Conv2D)           (None, 32, 32, 16)        2320      
                                                                 
 activation_1 (Activation)   (None, 32, 32, 16)        0         
                                                                 
 max_pooling2d (MaxPooling2  (None, 16, 16, 16)        0         
 D)                                                              
                                                                 
 conv2d_2 (Conv2D)           (None, 16, 16, 48)        6960      
                                                                 
 activation_2 (Activation)   (None, 16, 16, 48)        0         
                                                                 
 conv2d_3 (Conv2D)           (None, 16, 16, 48)        20784     
                                                                 
 activation_3 (Activation)   (None, 16, 16, 48)        0         
                                                                 
 max_pooling2d_1 (MaxPoolin  (None, 8, 8, 48)          0         
 g2D)                                                            
                                                                 
 flatten (Flatten)           (None, 3072)              0         
                                                                 
 dense (Dense)               (None, 248)               762104    
                                                                 
 activation_4 (Activation)   (None, 248)               0         
                                                                 
 dropout (Dropout)           (None, 248)               0         
                                                                 
 dense_1 (Dense)             (None, 208)               51792     
                                                                 
 activation_5 (Activation)   (None, 208)               0         
                                                                 
 dropout_1 (Dropout)         (None, 208)               0         
                                                                 
 dense_2 (Dense)             (None, 8)                 1672      
                                                                 
 activation_6 (Activation)   (None, 8)                 0         
                                                                 
 dropout_2 (Dropout)         (None, 8)                 0         
                                                                 
 dense_3 (Dense)             (None, 200)               1800      
                                                                 
 activation_7 (Activation)   (None, 200)               0         
                                                                 
 dropout_3 (Dropout)         (None, 200)               0         
                                                                 
 dense_4 (Dense)             (None, 80)                16080     
                                                                 
 activation_8 (Activation)   (None, 80)                0         
                                                                 
 dropout_4 (Dropout)         (None, 80)                0         
                                                                 
 dense_5 (Dense)             (None, 24)                1944      
                                                                 
 activation_9 (Activation)   (None, 24)                0         
                                                                 
 dropout_5 (Dropout)         (None, 24)                0         
                                                                 
 dense_6 (Dense)             (None, 16)                400       
                                                                 
 activation_10 (Activation)  (None, 16)                0         
                                                                 
 dropout_6 (Dropout)         (None, 16)                0         
                                                                 
 dense_7 (Dense)             (None, 80)                1360      
                                                                 
 activation_11 (Activation)  (None, 80)                0         
                                                                 
 dropout_7 (Dropout)         (None, 80)                0         
                                                                 
 dense_8 (Dense)             (None, 136)               11016     
                                                                 
 activation_12 (Activation)  (None, 136)               0         
                                                                 
 dropout_8 (Dropout)         (None, 136)               0         
                                                                 
 dense_9 (Dense)             (None, 10)                1370      
                                                                 
=================================================================
Total params: 880050 (3.36 MB)
Trainable params: 880050 (3.36 MB)
Non-trainable params: 0 (0.00 Byte)
_________________________________________________________________
Epoch 1/20
782/782 - 4s - loss: 5.4670 - accuracy: 0.0973 - val_loss: 2.8282 - val_accuracy: 0.1000 - 4s/epoch - 6ms/step
Epoch 2/20
782/782 - 3s - loss: 2.4747 - accuracy: 0.0971 - val_loss: 2.3342 - val_accuracy: 0.1000 - 3s/epoch - 4ms/step
Epoch 3/20
782/782 - 3s - loss: 2.3142 - accuracy: 0.0997 - val_loss: 2.3050 - val_accuracy: 0.1000 - 3s/epoch - 4ms/step
Epoch 4/20
782/782 - 3s - loss: 2.3033 - accuracy: 0.0991 - val_loss: 2.3026 - val_accuracy: 0.1000 - 3s/epoch - 4ms/step
Epoch 5/20
782/782 - 3s - loss: 2.3026 - accuracy: 0.0984 - val_loss: 2.3026 - val_accuracy: 0.1000 - 3s/epoch - 4ms/step
Epoch 6/20
782/782 - 3s - loss: 2.3026 - accuracy: 0.0971 - val_loss: 2.3026 - val_accuracy: 0.1000 - 3s/epoch - 4ms/step
Epoch 7/20
782/782 - 3s - loss: 2.3026 - accuracy: 0.0971 - val_loss: 2.3026 - val_accuracy: 0.1000 - 3s/epoch - 4ms/step
Epoch 8/20
782/782 - 3s - loss: 2.3026 - accuracy: 0.0966 - val_loss: 2.3026 - val_accuracy: 0.1000 - 3s/epoch - 4ms/step
Epoch 9/20
782/782 - 3s - loss: 2.3026 - accuracy: 0.0973 - val_loss: 2.3026 - val_accuracy: 0.1000 - 3s/epoch - 4ms/step
Epoch 10/20
782/782 - 3s - loss: 2.3026 - accuracy: 0.0949 - val_loss: 2.3026 - val_accuracy: 0.1000 - 3s/epoch - 4ms/step
Epoch 11/20
782/782 - 3s - loss: 2.3026 - accuracy: 0.0973 - val_loss: 2.3026 - val_accuracy: 0.1000 - 3s/epoch - 4ms/step
Epoch 12/20
782/782 - 3s - loss: 2.3026 - accuracy: 0.0977 - val_loss: 2.3026 - val_accuracy: 0.1000 - 3s/epoch - 4ms/step
Epoch 13/20
782/782 - 3s - loss: 2.3026 - accuracy: 0.0978 - val_loss: 2.3026 - val_accuracy: 0.1000 - 3s/epoch - 4ms/step
Epoch 14/20
782/782 - 3s - loss: 2.3026 - accuracy: 0.0986 - val_loss: 2.3026 - val_accuracy: 0.1000 - 3s/epoch - 4ms/step
Epoch 15/20
782/782 - 3s - loss: 2.3026 - accuracy: 0.0976 - val_loss: 2.3026 - val_accuracy: 0.1000 - 3s/epoch - 4ms/step
Epoch 16/20
782/782 - 3s - loss: 2.3026 - accuracy: 0.0977 - val_loss: 2.3026 - val_accuracy: 0.1000 - 3s/epoch - 4ms/step
Epoch 17/20
782/782 - 3s - loss: 2.3026 - accuracy: 0.0983 - val_loss: 2.3026 - val_accuracy: 0.1000 - 3s/epoch - 4ms/step
Epoch 18/20
782/782 - 3s - loss: 2.3026 - accuracy: 0.0981 - val_loss: 2.3026 - val_accuracy: 0.1000 - 3s/epoch - 4ms/step
Epoch 19/20
782/782 - 3s - loss: 2.3026 - accuracy: 0.0987 - val_loss: 2.3026 - val_accuracy: 0.1000 - 3s/epoch - 4ms/step
Epoch 20/20
782/782 - 3s - loss: 2.3026 - accuracy: 0.0974 - val_loss: 2.3026 - val_accuracy: 0.1000 - 3s/epoch - 4ms/step
313/313 - 0s - loss: 2.3026 - accuracy: 0.1000 - 453ms/epoch - 1ms/step

ACCURACY: 0.10000000149011612


SCORE: -0.3266801530430813

[92m | MODULE VALUES ---------------------------------------------  |
 [0m
FLOPS: 21659924
PARAMS: 880050.0
[92m 
 | -----------------------------------------------------------  |
 [0m

--- BANANAS ITERATION 36 / 50 ---
Chosen point: {'num_neurons': 32, 'unit_c1': 1, 'unit_c2': 5, 'dr_f': 0.24477515233864244, 'learning_rate': 0.0006005680093631746, 'batch_size': 64, 'optimizer': 'Adamax', 'activation': 'selu', 'data_augmentation': True, 'reg_l2': False, 'skip_connection': True, 'new_fc_1': 18, 'new_fc_2': 7, 'new_fc_3': 31, 'new_fc_4': 21, 'new_fc_5': 17, 'new_fc_6': 10, 'new_fc_7': 28, 'new_fc_8': 13, 'new_fc_9': 31, 'new_fc_10': 22}
[94m
|  --> START TRAINING ITERATION 35[0m
[INFO] Flags -> DA: True, L2: False, Skip: True
Building model with input_shape=(32, 32, 3), pos_input_shape=None, layer_x_block=2
Model: "model"
__________________________________________________________________________________________________
 Layer (type)                Output Shape                 Param #   Connected to                  
==================================================================================================
 input_2 (InputLayer)        [(None, 32, 32, 3)]          0         []                            
                                                                                                  
 conv2d (Conv2D)             (None, 32, 32, 32)           896       ['input_2[0][0]']             
                                                                                                  
 activation (Activation)     (None, 32, 32, 32)           0         ['conv2d[1][0]']              
                                                                                                  
 conv2d_2 (Conv2D)           (None, 32, 32, 32)           128       ['input_2[0][0]']             
                                                                                                  
 conv2d_1 (Conv2D)           (None, 32, 32, 32)           9248      ['activation[1][0]']          
                                                                                                  
 add (Add)                   (None, 32, 32, 32)           0         ['conv2d_2[1][0]',            
                                                                     'conv2d_1[1][0]']            
                                                                                                  
 activation_1 (Activation)   (None, 32, 32, 32)           0         ['add[1][0]']                 
                                                                                                  
 max_pooling2d (MaxPooling2  (None, 16, 16, 32)           0         ['activation_1[1][0]']        
 D)                                                                                               
                                                                                                  
 conv2d_3 (Conv2D)           (None, 16, 16, 160)          46240     ['max_pooling2d[1][0]']       
                                                                                                  
 activation_2 (Activation)   (None, 16, 16, 160)          0         ['conv2d_3[1][0]']            
                                                                                                  
 conv2d_5 (Conv2D)           (None, 16, 16, 160)          5280      ['max_pooling2d[1][0]']       
                                                                                                  
 conv2d_4 (Conv2D)           (None, 16, 16, 160)          230560    ['activation_2[1][0]']        
                                                                                                  
 add_1 (Add)                 (None, 16, 16, 160)          0         ['conv2d_5[1][0]',            
                                                                     'conv2d_4[1][0]']            
                                                                                                  
 activation_3 (Activation)   (None, 16, 16, 160)          0         ['add_1[1][0]']               
                                                                                                  
 max_pooling2d_1 (MaxPoolin  (None, 8, 8, 160)            0         ['activation_3[1][0]']        
 g2D)                                                                                             
                                                                                                  
 flatten (Flatten)           (None, 10240)                0         ['max_pooling2d_1[1][0]']     
                                                                                                  
 dense (Dense)               (None, 576)                  5898816   ['flatten[1][0]']             
                                                                                                  
 activation_4 (Activation)   (None, 576)                  0         ['dense[1][0]']               
                                                                                                  
 dropout (Dropout)           (None, 576)                  0         ['activation_4[1][0]']        
                                                                                                  
 dense_1 (Dense)             (None, 224)                  129248    ['dropout[1][0]']             
                                                                                                  
 activation_5 (Activation)   (None, 224)                  0         ['dense_1[1][0]']             
                                                                                                  
 dropout_1 (Dropout)         (None, 224)                  0         ['activation_5[1][0]']        
                                                                                                  
 dense_2 (Dense)             (None, 992)                  223200    ['dropout_1[1][0]']           
                                                                                                  
 activation_6 (Activation)   (None, 992)                  0         ['dense_2[1][0]']             
                                                                                                  
 dropout_2 (Dropout)         (None, 992)                  0         ['activation_6[1][0]']        
                                                                                                  
 dense_3 (Dense)             (None, 672)                  667296    ['dropout_2[1][0]']           
                                                                                                  
 activation_7 (Activation)   (None, 672)                  0         ['dense_3[1][0]']             
                                                                                                  
 dropout_3 (Dropout)         (None, 672)                  0         ['activation_7[1][0]']        
                                                                                                  
 dense_4 (Dense)             (None, 544)                  366112    ['dropout_3[1][0]']           
                                                                                                  
 activation_8 (Activation)   (None, 544)                  0         ['dense_4[1][0]']             
                                                                                                  
 dropout_4 (Dropout)         (None, 544)                  0         ['activation_8[1][0]']        
                                                                                                  
 dense_5 (Dense)             (None, 320)                  174400    ['dropout_4[1][0]']           
                                                                                                  
 activation_9 (Activation)   (None, 320)                  0         ['dense_5[1][0]']             
                                                                                                  
 dropout_5 (Dropout)         (None, 320)                  0         ['activation_9[1][0]']        
                                                                                                  
 dense_6 (Dense)             (None, 896)                  287616    ['dropout_5[1][0]']           
                                                                                                  
 activation_10 (Activation)  (None, 896)                  0         ['dense_6[1][0]']             
                                                                                                  
 dropout_6 (Dropout)         (None, 896)                  0         ['activation_10[1][0]']       
                                                                                                  
 dense_7 (Dense)             (None, 416)                  373152    ['dropout_6[1][0]']           
                                                                                                  
 activation_11 (Activation)  (None, 416)                  0         ['dense_7[1][0]']             
                                                                                                  
 dropout_7 (Dropout)         (None, 416)                  0         ['activation_11[1][0]']       
                                                                                                  
 dense_8 (Dense)             (None, 992)                  413664    ['dropout_7[1][0]']           
                                                                                                  
 activation_12 (Activation)  (None, 992)                  0         ['dense_8[1][0]']             
                                                                                                  
 dropout_8 (Dropout)         (None, 992)                  0         ['activation_12[1][0]']       
                                                                                                  
 dense_9 (Dense)             (None, 704)                  699072    ['dropout_8[1][0]']           
                                                                                                  
 activation_13 (Activation)  (None, 704)                  0         ['dense_9[1][0]']             
                                                                                                  
 dropout_9 (Dropout)         (None, 704)                  0         ['activation_13[1][0]']       
                                                                                                  
 dense_10 (Dense)            (None, 10)                   7050      ['dropout_9[1][0]']           
                                                                                                  
==================================================================================================
Total params: 9531978 (36.36 MB)
Trainable params: 9531978 (36.36 MB)
Non-trainable params: 0 (0.00 Byte)
__________________________________________________________________________________________________
[WARNING] Constraint Violated: FLOPs 183861244 > 150000000 or Params 9531978.0 > 15000000000

ACCURACY: 0.0


SCORE: 10000000000.0

[92m | MODULE VALUES ---------------------------------------------  |
 [0m
FLOPS: 183861244
PARAMS: 9531978.0
[92m 
 | -----------------------------------------------------------  |
 [0m

--- BANANAS ITERATION 37 / 50 ---
Chosen point: {'num_neurons': 8, 'unit_c1': 4, 'unit_c2': 5, 'dr_f': 0.263151701781726, 'learning_rate': 0.00011076754176334749, 'batch_size': 16, 'optimizer': 'Adadelta', 'activation': 'relu', 'data_augmentation': False, 'reg_l2': True, 'skip_connection': True, 'new_fc_1': 30, 'new_fc_2': 20, 'new_fc_3': 9, 'new_fc_4': 19, 'new_fc_5': 9, 'new_fc_6': 6, 'new_fc_7': 31, 'new_fc_8': 7, 'new_fc_9': 27, 'new_fc_10': 0}
[94m
|  --> START TRAINING ITERATION 36[0m
[INFO] Flags -> DA: False, L2: True, Skip: True
Building model with input_shape=(32, 32, 3), pos_input_shape=None, layer_x_block=2
Model: "model"
__________________________________________________________________________________________________
 Layer (type)                Output Shape                 Param #   Connected to                  
==================================================================================================
 input_1 (InputLayer)        [(None, 32, 32, 3)]          0         []                            
                                                                                                  
 conv2d (Conv2D)             (None, 32, 32, 32)           896       ['input_1[0][0]']             
                                                                                                  
 activation (Activation)     (None, 32, 32, 32)           0         ['conv2d[0][0]']              
                                                                                                  
 conv2d_2 (Conv2D)           (None, 32, 32, 32)           128       ['input_1[0][0]']             
                                                                                                  
 conv2d_1 (Conv2D)           (None, 32, 32, 32)           9248      ['activation[0][0]']          
                                                                                                  
 add (Add)                   (None, 32, 32, 32)           0         ['conv2d_2[0][0]',            
                                                                     'conv2d_1[0][0]']            
                                                                                                  
 activation_1 (Activation)   (None, 32, 32, 32)           0         ['add[0][0]']                 
                                                                                                  
 max_pooling2d (MaxPooling2  (None, 16, 16, 32)           0         ['activation_1[0][0]']        
 D)                                                                                               
                                                                                                  
 conv2d_3 (Conv2D)           (None, 16, 16, 40)           11560     ['max_pooling2d[0][0]']       
                                                                                                  
 activation_2 (Activation)   (None, 16, 16, 40)           0         ['conv2d_3[0][0]']            
                                                                                                  
 conv2d_5 (Conv2D)           (None, 16, 16, 40)           1320      ['max_pooling2d[0][0]']       
                                                                                                  
 conv2d_4 (Conv2D)           (None, 16, 16, 40)           14440     ['activation_2[0][0]']        
                                                                                                  
 add_1 (Add)                 (None, 16, 16, 40)           0         ['conv2d_5[0][0]',            
                                                                     'conv2d_4[0][0]']            
                                                                                                  
 activation_3 (Activation)   (None, 16, 16, 40)           0         ['add_1[0][0]']               
                                                                                                  
 max_pooling2d_1 (MaxPoolin  (None, 8, 8, 40)             0         ['activation_3[0][0]']        
 g2D)                                                                                             
                                                                                                  
 flatten (Flatten)           (None, 2560)                 0         ['max_pooling2d_1[0][0]']     
                                                                                                  
 dense (Dense)               (None, 240)                  614640    ['flatten[0][0]']             
                                                                                                  
 activation_4 (Activation)   (None, 240)                  0         ['dense[0][0]']               
                                                                                                  
 dropout (Dropout)           (None, 240)                  0         ['activation_4[0][0]']        
                                                                                                  
 dense_1 (Dense)             (None, 160)                  38560     ['dropout[0][0]']             
                                                                                                  
 activation_5 (Activation)   (None, 160)                  0         ['dense_1[0][0]']             
                                                                                                  
 dropout_1 (Dropout)         (None, 160)                  0         ['activation_5[0][0]']        
                                                                                                  
 dense_2 (Dense)             (None, 72)                   11592     ['dropout_1[0][0]']           
                                                                                                  
 activation_6 (Activation)   (None, 72)                   0         ['dense_2[0][0]']             
                                                                                                  
 dropout_2 (Dropout)         (None, 72)                   0         ['activation_6[0][0]']        
                                                                                                  
 dense_3 (Dense)             (None, 152)                  11096     ['dropout_2[0][0]']           
                                                                                                  
 activation_7 (Activation)   (None, 152)                  0         ['dense_3[0][0]']             
                                                                                                  
 dropout_3 (Dropout)         (None, 152)                  0         ['activation_7[0][0]']        
                                                                                                  
 dense_4 (Dense)             (None, 72)                   11016     ['dropout_3[0][0]']           
                                                                                                  
 activation_8 (Activation)   (None, 72)                   0         ['dense_4[0][0]']             
                                                                                                  
 dropout_4 (Dropout)         (None, 72)                   0         ['activation_8[0][0]']        
                                                                                                  
 dense_5 (Dense)             (None, 48)                   3504      ['dropout_4[0][0]']           
                                                                                                  
 activation_9 (Activation)   (None, 48)                   0         ['dense_5[0][0]']             
                                                                                                  
 dropout_5 (Dropout)         (None, 48)                   0         ['activation_9[0][0]']        
                                                                                                  
 dense_6 (Dense)             (None, 248)                  12152     ['dropout_5[0][0]']           
                                                                                                  
 activation_10 (Activation)  (None, 248)                  0         ['dense_6[0][0]']             
                                                                                                  
 dropout_6 (Dropout)         (None, 248)                  0         ['activation_10[0][0]']       
                                                                                                  
 dense_7 (Dense)             (None, 56)                   13944     ['dropout_6[0][0]']           
                                                                                                  
 activation_11 (Activation)  (None, 56)                   0         ['dense_7[0][0]']             
                                                                                                  
 dropout_7 (Dropout)         (None, 56)                   0         ['activation_11[0][0]']       
                                                                                                  
 dense_8 (Dense)             (None, 216)                  12312     ['dropout_7[0][0]']           
                                                                                                  
 activation_12 (Activation)  (None, 216)                  0         ['dense_8[0][0]']             
                                                                                                  
 dropout_8 (Dropout)         (None, 216)                  0         ['activation_12[0][0]']       
                                                                                                  
 dense_9 (Dense)             (None, 10)                   2170      ['dropout_8[0][0]']           
                                                                                                  
==================================================================================================
Total params: 768578 (2.93 MB)
Trainable params: 768578 (2.93 MB)
Non-trainable params: 0 (0.00 Byte)
__________________________________________________________________________________________________
Epoch 1/20
3125/3125 - 12s - loss: 16.0017 - accuracy: 0.1006 - val_loss: 15.9317 - val_accuracy: 0.0827 - 12s/epoch - 4ms/step
Epoch 2/20
3125/3125 - 11s - loss: 15.8623 - accuracy: 0.0992 - val_loss: 15.7910 - val_accuracy: 0.0840 - 11s/epoch - 3ms/step
Epoch 3/20
3125/3125 - 11s - loss: 15.7213 - accuracy: 0.0999 - val_loss: 15.6503 - val_accuracy: 0.0872 - 11s/epoch - 3ms/step
Epoch 4/20
3125/3125 - 11s - loss: 15.5811 - accuracy: 0.0993 - val_loss: 15.5102 - val_accuracy: 0.0885 - 11s/epoch - 3ms/step
Epoch 5/20
3125/3125 - 11s - loss: 15.4409 - accuracy: 0.1016 - val_loss: 15.3705 - val_accuracy: 0.0895 - 11s/epoch - 3ms/step
Epoch 6/20
3125/3125 - 11s - loss: 15.3016 - accuracy: 0.1011 - val_loss: 15.2315 - val_accuracy: 0.0905 - 11s/epoch - 3ms/step
Epoch 7/20
3125/3125 - 11s - loss: 15.1629 - accuracy: 0.1005 - val_loss: 15.0930 - val_accuracy: 0.0907 - 11s/epoch - 3ms/step
Epoch 8/20
3125/3125 - 11s - loss: 15.0244 - accuracy: 0.1000 - val_loss: 14.9551 - val_accuracy: 0.0915 - 11s/epoch - 3ms/step
Epoch 9/20
3125/3125 - 11s - loss: 14.8868 - accuracy: 0.0990 - val_loss: 14.8178 - val_accuracy: 0.0922 - 11s/epoch - 3ms/step
Epoch 10/20
3125/3125 - 11s - loss: 14.7499 - accuracy: 0.0987 - val_loss: 14.6811 - val_accuracy: 0.0942 - 11s/epoch - 3ms/step
Epoch 11/20
3125/3125 - 11s - loss: 14.6136 - accuracy: 0.0998 - val_loss: 14.5453 - val_accuracy: 0.0947 - 11s/epoch - 3ms/step
Epoch 12/20
3125/3125 - 11s - loss: 14.4781 - accuracy: 0.1002 - val_loss: 14.4100 - val_accuracy: 0.0952 - 11s/epoch - 3ms/step
Epoch 13/20
3125/3125 - 11s - loss: 14.3430 - accuracy: 0.1014 - val_loss: 14.2754 - val_accuracy: 0.0956 - 11s/epoch - 3ms/step
Epoch 14/20
3125/3125 - 11s - loss: 14.2086 - accuracy: 0.1017 - val_loss: 14.1415 - val_accuracy: 0.0955 - 11s/epoch - 3ms/step
Epoch 15/20
3125/3125 - 11s - loss: 14.0752 - accuracy: 0.1018 - val_loss: 14.0085 - val_accuracy: 0.0967 - 11s/epoch - 3ms/step
Epoch 16/20
3125/3125 - 11s - loss: 13.9425 - accuracy: 0.0991 - val_loss: 13.8761 - val_accuracy: 0.0968 - 11s/epoch - 3ms/step
Epoch 17/20
3125/3125 - 11s - loss: 13.8104 - accuracy: 0.1017 - val_loss: 13.7446 - val_accuracy: 0.0981 - 11s/epoch - 3ms/step
Epoch 18/20
3125/3125 - 11s - loss: 13.6793 - accuracy: 0.1006 - val_loss: 13.6138 - val_accuracy: 0.0987 - 11s/epoch - 3ms/step
Epoch 19/20
3125/3125 - 11s - loss: 13.5488 - accuracy: 0.1012 - val_loss: 13.4839 - val_accuracy: 0.0987 - 11s/epoch - 3ms/step
Epoch 20/20
3125/3125 - 11s - loss: 13.4195 - accuracy: 0.0988 - val_loss: 13.3549 - val_accuracy: 0.0990 - 11s/epoch - 3ms/step
313/313 - 1s - loss: 13.3549 - accuracy: 0.0990 - 597ms/epoch - 2ms/step

ACCURACY: 0.0989999994635582


SCORE: -0.2964147276244907

[92m | MODULE VALUES ---------------------------------------------  |
 [0m
FLOPS: 36442636
PARAMS: 768578.0
[92m 
 | -----------------------------------------------------------  |
 [0m

--- BANANAS ITERATION 38 / 50 ---
Chosen point: {'num_neurons': 8, 'unit_c1': 3, 'unit_c2': 2, 'dr_f': 0.35808871913663265, 'learning_rate': 0.0003684315532038355, 'batch_size': 16, 'optimizer': 'Adam', 'activation': 'swish', 'data_augmentation': False, 'reg_l2': False, 'skip_connection': False, 'new_fc_1': 23, 'new_fc_2': 31, 'new_fc_3': 32, 'new_fc_4': 16, 'new_fc_5': 4, 'new_fc_6': 0, 'new_fc_7': 25, 'new_fc_8': 6, 'new_fc_9': 12, 'new_fc_10': 3}
[94m
|  --> START TRAINING ITERATION 37[0m
[INFO] Flags -> DA: False, L2: False, Skip: False
Building model with input_shape=(32, 32, 3), pos_input_shape=None, layer_x_block=2
Model: "model"
_________________________________________________________________
 Layer (type)                Output Shape              Param #   
=================================================================
 input_1 (InputLayer)        [(None, 32, 32, 3)]       0         
                                                                 
 conv2d (Conv2D)             (None, 32, 32, 24)        672       
                                                                 
 activation (Activation)     (None, 32, 32, 24)        0         
                                                                 
 conv2d_1 (Conv2D)           (None, 32, 32, 24)        5208      
                                                                 
 activation_1 (Activation)   (None, 32, 32, 24)        0         
                                                                 
 max_pooling2d (MaxPooling2  (None, 16, 16, 24)        0         
 D)                                                              
                                                                 
 conv2d_2 (Conv2D)           (None, 16, 16, 16)        3472      
                                                                 
 activation_2 (Activation)   (None, 16, 16, 16)        0         
                                                                 
 conv2d_3 (Conv2D)           (None, 16, 16, 16)        2320      
                                                                 
 activation_3 (Activation)   (None, 16, 16, 16)        0         
                                                                 
 max_pooling2d_1 (MaxPoolin  (None, 8, 8, 16)          0         
 g2D)                                                            
                                                                 
 flatten (Flatten)           (None, 1024)              0         
                                                                 
 dense (Dense)               (None, 184)               188600    
                                                                 
 activation_4 (Activation)   (None, 184)               0         
                                                                 
 dropout (Dropout)           (None, 184)               0         
                                                                 
 dense_1 (Dense)             (None, 248)               45880     
                                                                 
 activation_5 (Activation)   (None, 248)               0         
                                                                 
 dropout_1 (Dropout)         (None, 248)               0         
                                                                 
 dense_2 (Dense)             (None, 256)               63744     
                                                                 
 activation_6 (Activation)   (None, 256)               0         
                                                                 
 dropout_2 (Dropout)         (None, 256)               0         
                                                                 
 dense_3 (Dense)             (None, 128)               32896     
                                                                 
 activation_7 (Activation)   (None, 128)               0         
                                                                 
 dropout_3 (Dropout)         (None, 128)               0         
                                                                 
 dense_4 (Dense)             (None, 32)                4128      
                                                                 
 activation_8 (Activation)   (None, 32)                0         
                                                                 
 dropout_4 (Dropout)         (None, 32)                0         
                                                                 
 dense_5 (Dense)             (None, 200)               6600      
                                                                 
 activation_9 (Activation)   (None, 200)               0         
                                                                 
 dropout_5 (Dropout)         (None, 200)               0         
                                                                 
 dense_6 (Dense)             (None, 48)                9648      
                                                                 
 activation_10 (Activation)  (None, 48)                0         
                                                                 
 dropout_6 (Dropout)         (None, 48)                0         
                                                                 
 dense_7 (Dense)             (None, 96)                4704      
                                                                 
 activation_11 (Activation)  (None, 96)                0         
                                                                 
 dropout_7 (Dropout)         (None, 96)                0         
                                                                 
 dense_8 (Dense)             (None, 24)                2328      
                                                                 
 activation_12 (Activation)  (None, 24)                0         
                                                                 
 dropout_8 (Dropout)         (None, 24)                0         
                                                                 
 dense_9 (Dense)             (None, 10)                250       
                                                                 
=================================================================
Total params: 370450 (1.41 MB)
Trainable params: 370450 (1.41 MB)
Non-trainable params: 0 (0.00 Byte)
_________________________________________________________________
Epoch 1/20
3125/3125 - 11s - loss: 1.9982 - accuracy: 0.2049 - val_loss: 1.7198 - val_accuracy: 0.2985 - 11s/epoch - 3ms/step
Epoch 2/20
3125/3125 - 10s - loss: 1.7622 - accuracy: 0.2891 - val_loss: 1.6463 - val_accuracy: 0.3381 - 10s/epoch - 3ms/step
Epoch 3/20
3125/3125 - 10s - loss: 1.6481 - accuracy: 0.3499 - val_loss: 1.4666 - val_accuracy: 0.4174 - 10s/epoch - 3ms/step
Epoch 4/20
3125/3125 - 10s - loss: 1.5394 - accuracy: 0.4053 - val_loss: 1.3930 - val_accuracy: 0.4522 - 10s/epoch - 3ms/step
Epoch 5/20
3125/3125 - 10s - loss: 1.4511 - accuracy: 0.4530 - val_loss: 1.2527 - val_accuracy: 0.5452 - 10s/epoch - 3ms/step
Epoch 6/20
3125/3125 - 10s - loss: 1.3764 - accuracy: 0.5045 - val_loss: 1.1925 - val_accuracy: 0.5668 - 10s/epoch - 3ms/step
Epoch 7/20
3125/3125 - 10s - loss: 1.3105 - accuracy: 0.5420 - val_loss: 1.1232 - val_accuracy: 0.6052 - 10s/epoch - 3ms/step
Epoch 8/20
3125/3125 - 10s - loss: 1.2528 - accuracy: 0.5651 - val_loss: 1.0976 - val_accuracy: 0.6077 - 10s/epoch - 3ms/step
Epoch 9/20
3125/3125 - 10s - loss: 1.1997 - accuracy: 0.5884 - val_loss: 1.0564 - val_accuracy: 0.6363 - 10s/epoch - 3ms/step
Epoch 10/20
3125/3125 - 10s - loss: 1.1536 - accuracy: 0.6099 - val_loss: 1.0146 - val_accuracy: 0.6494 - 10s/epoch - 3ms/step
Epoch 11/20
3125/3125 - 10s - loss: 1.1163 - accuracy: 0.6260 - val_loss: 0.9931 - val_accuracy: 0.6677 - 10s/epoch - 3ms/step
Epoch 12/20
3125/3125 - 10s - loss: 1.0708 - accuracy: 0.6446 - val_loss: 0.9938 - val_accuracy: 0.6712 - 10s/epoch - 3ms/step
Epoch 13/20
3125/3125 - 10s - loss: 1.0385 - accuracy: 0.6598 - val_loss: 0.9411 - val_accuracy: 0.6934 - 10s/epoch - 3ms/step
Epoch 14/20
3125/3125 - 10s - loss: 1.0038 - accuracy: 0.6752 - val_loss: 0.9830 - val_accuracy: 0.6894 - 10s/epoch - 3ms/step
Epoch 15/20
3125/3125 - 10s - loss: 0.9707 - accuracy: 0.6868 - val_loss: 0.9625 - val_accuracy: 0.6999 - 10s/epoch - 3ms/step
Epoch 16/20
3125/3125 - 10s - loss: 0.9386 - accuracy: 0.7003 - val_loss: 0.9492 - val_accuracy: 0.7090 - 10s/epoch - 3ms/step
Epoch 17/20
3125/3125 - 10s - loss: 0.9218 - accuracy: 0.7088 - val_loss: 0.9316 - val_accuracy: 0.7118 - 10s/epoch - 3ms/step
Epoch 18/20
3125/3125 - 10s - loss: 0.8867 - accuracy: 0.7192 - val_loss: 0.9249 - val_accuracy: 0.7144 - 10s/epoch - 3ms/step
Epoch 19/20
3125/3125 - 10s - loss: 0.8703 - accuracy: 0.7248 - val_loss: 0.9336 - val_accuracy: 0.7199 - 10s/epoch - 3ms/step
Epoch 20/20
3125/3125 - 10s - loss: 0.8468 - accuracy: 0.7329 - val_loss: 1.0730 - val_accuracy: 0.6690 - 10s/epoch - 3ms/step
313/313 - 1s - loss: 1.0730 - accuracy: 0.6690 - 529ms/epoch - 2ms/step

ACCURACY: 0.6690000295639038


SCORE: -0.7366748766947326

[92m | MODULE VALUES ---------------------------------------------  |
 [0m
FLOPS: 15812572
PARAMS: 370450.0
[92m 
 | -----------------------------------------------------------  |
 [0m

--- BANANAS ITERATION 39 / 50 ---
Chosen point: {'num_neurons': 8, 'unit_c1': 1, 'unit_c2': 3, 'dr_f': 0.3314786273435999, 'learning_rate': 0.00018598918693091574, 'batch_size': 16, 'optimizer': 'Adamax', 'activation': 'swish', 'data_augmentation': True, 'reg_l2': False, 'skip_connection': True, 'new_fc_1': 27, 'new_fc_2': 9, 'new_fc_3': 23, 'new_fc_4': 5, 'new_fc_5': 10, 'new_fc_6': 5, 'new_fc_7': 18, 'new_fc_8': 2, 'new_fc_9': 31, 'new_fc_10': 1}
[94m
|  --> START TRAINING ITERATION 38[0m
[INFO] Flags -> DA: True, L2: False, Skip: True
Building model with input_shape=(32, 32, 3), pos_input_shape=None, layer_x_block=2
Model: "model"
__________________________________________________________________________________________________
 Layer (type)                Output Shape                 Param #   Connected to                  
==================================================================================================
 input_2 (InputLayer)        [(None, 32, 32, 3)]          0         []                            
                                                                                                  
 conv2d (Conv2D)             (None, 32, 32, 8)            224       ['input_2[0][0]']             
                                                                                                  
 activation (Activation)     (None, 32, 32, 8)            0         ['conv2d[1][0]']              
                                                                                                  
 conv2d_2 (Conv2D)           (None, 32, 32, 8)            32        ['input_2[0][0]']             
                                                                                                  
 conv2d_1 (Conv2D)           (None, 32, 32, 8)            584       ['activation[1][0]']          
                                                                                                  
 add (Add)                   (None, 32, 32, 8)            0         ['conv2d_2[1][0]',            
                                                                     'conv2d_1[1][0]']            
                                                                                                  
 activation_1 (Activation)   (None, 32, 32, 8)            0         ['add[1][0]']                 
                                                                                                  
 max_pooling2d (MaxPooling2  (None, 16, 16, 8)            0         ['activation_1[1][0]']        
 D)                                                                                               
                                                                                                  
 conv2d_3 (Conv2D)           (None, 16, 16, 24)           1752      ['max_pooling2d[1][0]']       
                                                                                                  
 activation_2 (Activation)   (None, 16, 16, 24)           0         ['conv2d_3[1][0]']            
                                                                                                  
 conv2d_5 (Conv2D)           (None, 16, 16, 24)           216       ['max_pooling2d[1][0]']       
                                                                                                  
 conv2d_4 (Conv2D)           (None, 16, 16, 24)           5208      ['activation_2[1][0]']        
                                                                                                  
 add_1 (Add)                 (None, 16, 16, 24)           0         ['conv2d_5[1][0]',            
                                                                     'conv2d_4[1][0]']            
                                                                                                  
 activation_3 (Activation)   (None, 16, 16, 24)           0         ['add_1[1][0]']               
                                                                                                  
 max_pooling2d_1 (MaxPoolin  (None, 8, 8, 24)             0         ['activation_3[1][0]']        
 g2D)                                                                                             
                                                                                                  
 flatten (Flatten)           (None, 1536)                 0         ['max_pooling2d_1[1][0]']     
                                                                                                  
 dense (Dense)               (None, 216)                  331992    ['flatten[1][0]']             
                                                                                                  
 activation_4 (Activation)   (None, 216)                  0         ['dense[1][0]']               
                                                                                                  
 dropout (Dropout)           (None, 216)                  0         ['activation_4[1][0]']        
                                                                                                  
 dense_1 (Dense)             (None, 72)                   15624     ['dropout[1][0]']             
                                                                                                  
 activation_5 (Activation)   (None, 72)                   0         ['dense_1[1][0]']             
                                                                                                  
 dropout_1 (Dropout)         (None, 72)                   0         ['activation_5[1][0]']        
                                                                                                  
 dense_2 (Dense)             (None, 184)                  13432     ['dropout_1[1][0]']           
                                                                                                  
 activation_6 (Activation)   (None, 184)                  0         ['dense_2[1][0]']             
                                                                                                  
 dropout_2 (Dropout)         (None, 184)                  0         ['activation_6[1][0]']        
                                                                                                  
 dense_3 (Dense)             (None, 40)                   7400      ['dropout_2[1][0]']           
                                                                                                  
 activation_7 (Activation)   (None, 40)                   0         ['dense_3[1][0]']             
                                                                                                  
 dropout_3 (Dropout)         (None, 40)                   0         ['activation_7[1][0]']        
                                                                                                  
 dense_4 (Dense)             (None, 80)                   3280      ['dropout_3[1][0]']           
                                                                                                  
 activation_8 (Activation)   (None, 80)                   0         ['dense_4[1][0]']             
                                                                                                  
 dropout_4 (Dropout)         (None, 80)                   0         ['activation_8[1][0]']        
                                                                                                  
 dense_5 (Dense)             (None, 40)                   3240      ['dropout_4[1][0]']           
                                                                                                  
 activation_9 (Activation)   (None, 40)                   0         ['dense_5[1][0]']             
                                                                                                  
 dropout_5 (Dropout)         (None, 40)                   0         ['activation_9[1][0]']        
                                                                                                  
 dense_6 (Dense)             (None, 144)                  5904      ['dropout_5[1][0]']           
                                                                                                  
 activation_10 (Activation)  (None, 144)                  0         ['dense_6[1][0]']             
                                                                                                  
 dropout_6 (Dropout)         (None, 144)                  0         ['activation_10[1][0]']       
                                                                                                  
 dense_7 (Dense)             (None, 16)                   2320      ['dropout_6[1][0]']           
                                                                                                  
 activation_11 (Activation)  (None, 16)                   0         ['dense_7[1][0]']             
                                                                                                  
 dropout_7 (Dropout)         (None, 16)                   0         ['activation_11[1][0]']       
                                                                                                  
 dense_8 (Dense)             (None, 248)                  4216      ['dropout_7[1][0]']           
                                                                                                  
 activation_12 (Activation)  (None, 248)                  0         ['dense_8[1][0]']             
                                                                                                  
 dropout_8 (Dropout)         (None, 248)                  0         ['activation_12[1][0]']       
                                                                                                  
 dense_9 (Dense)             (None, 8)                    1992      ['dropout_8[1][0]']           
                                                                                                  
 activation_13 (Activation)  (None, 8)                    0         ['dense_9[1][0]']             
                                                                                                  
 dropout_9 (Dropout)         (None, 8)                    0         ['activation_13[1][0]']       
                                                                                                  
 dense_10 (Dense)            (None, 10)                   90        ['dropout_9[1][0]']           
                                                                                                  
==================================================================================================
Total params: 397506 (1.52 MB)
Trainable params: 397506 (1.52 MB)
Non-trainable params: 0 (0.00 Byte)
__________________________________________________________________________________________________
Epoch 1/20
3125/3125 - 12s - loss: 2.2976 - accuracy: 0.1145 - val_loss: 2.2551 - val_accuracy: 0.1695 - 12s/epoch - 4ms/step
Epoch 2/20
3125/3125 - 11s - loss: 2.2202 - accuracy: 0.1642 - val_loss: 2.1317 - val_accuracy: 0.1748 - 11s/epoch - 4ms/step
Epoch 3/20
3125/3125 - 11s - loss: 2.1607 - accuracy: 0.1769 - val_loss: 2.0845 - val_accuracy: 0.1836 - 11s/epoch - 4ms/step
Epoch 4/20
3125/3125 - 11s - loss: 2.1238 - accuracy: 0.1824 - val_loss: 2.0523 - val_accuracy: 0.1878 - 11s/epoch - 4ms/step
Epoch 5/20
3125/3125 - 11s - loss: 2.0838 - accuracy: 0.1883 - val_loss: 1.9946 - val_accuracy: 0.2051 - 11s/epoch - 4ms/step
Epoch 6/20
3125/3125 - 11s - loss: 2.0464 - accuracy: 0.1961 - val_loss: 1.9600 - val_accuracy: 0.2236 - 11s/epoch - 4ms/step
Epoch 7/20
3125/3125 - 11s - loss: 2.0141 - accuracy: 0.1980 - val_loss: 1.9291 - val_accuracy: 0.2181 - 11s/epoch - 4ms/step
Epoch 8/20
3125/3125 - 11s - loss: 1.9843 - accuracy: 0.2046 - val_loss: 1.8963 - val_accuracy: 0.2277 - 11s/epoch - 4ms/step
Epoch 9/20
3125/3125 - 11s - loss: 1.9578 - accuracy: 0.2055 - val_loss: 1.8672 - val_accuracy: 0.2310 - 11s/epoch - 4ms/step
Epoch 10/20
3125/3125 - 11s - loss: 1.9346 - accuracy: 0.2116 - val_loss: 1.8580 - val_accuracy: 0.2381 - 11s/epoch - 4ms/step
Epoch 11/20
3125/3125 - 11s - loss: 1.9187 - accuracy: 0.2184 - val_loss: 1.8318 - val_accuracy: 0.2556 - 11s/epoch - 4ms/step
Epoch 12/20
3125/3125 - 11s - loss: 1.9028 - accuracy: 0.2203 - val_loss: 1.8144 - val_accuracy: 0.2619 - 11s/epoch - 4ms/step
Epoch 13/20
3125/3125 - 11s - loss: 1.8913 - accuracy: 0.2292 - val_loss: 1.8032 - val_accuracy: 0.2617 - 11s/epoch - 4ms/step
Epoch 14/20
3125/3125 - 11s - loss: 1.8798 - accuracy: 0.2345 - val_loss: 1.8047 - val_accuracy: 0.2628 - 11s/epoch - 4ms/step
Epoch 15/20
3125/3125 - 11s - loss: 1.8680 - accuracy: 0.2342 - val_loss: 1.7850 - val_accuracy: 0.2719 - 11s/epoch - 4ms/step
Epoch 16/20
3125/3125 - 11s - loss: 1.8600 - accuracy: 0.2374 - val_loss: 1.7685 - val_accuracy: 0.2771 - 11s/epoch - 4ms/step
Epoch 17/20
3125/3125 - 11s - loss: 1.8455 - accuracy: 0.2483 - val_loss: 1.7556 - val_accuracy: 0.2859 - 11s/epoch - 4ms/step
Epoch 18/20
3125/3125 - 11s - loss: 1.8349 - accuracy: 0.2503 - val_loss: 1.7345 - val_accuracy: 0.2901 - 11s/epoch - 4ms/step
Epoch 19/20
3125/3125 - 11s - loss: 1.8199 - accuracy: 0.2580 - val_loss: 1.7220 - val_accuracy: 0.2967 - 11s/epoch - 4ms/step
Epoch 20/20
3125/3125 - 11s - loss: 1.8060 - accuracy: 0.2645 - val_loss: 1.7039 - val_accuracy: 0.3016 - 11s/epoch - 4ms/step
313/313 - 1s - loss: 1.7039 - accuracy: 0.3016 - 562ms/epoch - 2ms/step

ACCURACY: 0.30160000920295715


SCORE: -0.49868499044207004

[92m | MODULE VALUES ---------------------------------------------  |
 [0m
FLOPS: 6217508
PARAMS: 397506.0
[92m 
 | -----------------------------------------------------------  |
 [0m

--- BANANAS ITERATION 40 / 50 ---
Chosen point: {'num_neurons': 8, 'unit_c1': 3, 'unit_c2': 3, 'dr_f': 0.3186801570540678, 'learning_rate': 0.00046790093265729063, 'batch_size': 8, 'optimizer': 'Adadelta', 'activation': 'elu', 'data_augmentation': True, 'reg_l2': True, 'skip_connection': False, 'new_fc_1': 31, 'new_fc_2': 3, 'new_fc_3': 32, 'new_fc_4': 4, 'new_fc_5': 30, 'new_fc_6': 32, 'new_fc_7': 6, 'new_fc_8': 18, 'new_fc_9': 13, 'new_fc_10': 24}
[94m
|  --> START TRAINING ITERATION 39[0m
[INFO] Flags -> DA: True, L2: True, Skip: False
Building model with input_shape=(32, 32, 3), pos_input_shape=None, layer_x_block=2
Model: "model"
_________________________________________________________________
 Layer (type)                Output Shape              Param #   
=================================================================
 input_2 (InputLayer)        [(None, 32, 32, 3)]       0         
                                                                 
 conv2d (Conv2D)             (None, 32, 32, 24)        672       
                                                                 
 activation (Activation)     (None, 32, 32, 24)        0         
                                                                 
 conv2d_1 (Conv2D)           (None, 32, 32, 24)        5208      
                                                                 
 activation_1 (Activation)   (None, 32, 32, 24)        0         
                                                                 
 max_pooling2d (MaxPooling2  (None, 16, 16, 24)        0         
 D)                                                              
                                                                 
 conv2d_2 (Conv2D)           (None, 16, 16, 24)        5208      
                                                                 
 activation_2 (Activation)   (None, 16, 16, 24)        0         
                                                                 
 conv2d_3 (Conv2D)           (None, 16, 16, 24)        5208      
                                                                 
 activation_3 (Activation)   (None, 16, 16, 24)        0         
                                                                 
 max_pooling2d_1 (MaxPoolin  (None, 8, 8, 24)          0         
 g2D)                                                            
                                                                 
 flatten (Flatten)           (None, 1536)              0         
                                                                 
 dense (Dense)               (None, 248)               381176    
                                                                 
 activation_4 (Activation)   (None, 248)               0         
                                                                 
 dropout (Dropout)           (None, 248)               0         
                                                                 
 dense_1 (Dense)             (None, 24)                5976      
                                                                 
 activation_5 (Activation)   (None, 24)                0         
                                                                 
 dropout_1 (Dropout)         (None, 24)                0         
                                                                 
 dense_2 (Dense)             (None, 256)               6400      
                                                                 
 activation_6 (Activation)   (None, 256)               0         
                                                                 
 dropout_2 (Dropout)         (None, 256)               0         
                                                                 
 dense_3 (Dense)             (None, 32)                8224      
                                                                 
 activation_7 (Activation)   (None, 32)                0         
                                                                 
 dropout_3 (Dropout)         (None, 32)                0         
                                                                 
 dense_4 (Dense)             (None, 240)               7920      
                                                                 
 activation_8 (Activation)   (None, 240)               0         
                                                                 
 dropout_4 (Dropout)         (None, 240)               0         
                                                                 
 dense_5 (Dense)             (None, 256)               61696     
                                                                 
 activation_9 (Activation)   (None, 256)               0         
                                                                 
 dropout_5 (Dropout)         (None, 256)               0         
                                                                 
 dense_6 (Dense)             (None, 48)                12336     
                                                                 
 activation_10 (Activation)  (None, 48)                0         
                                                                 
 dropout_6 (Dropout)         (None, 48)                0         
                                                                 
 dense_7 (Dense)             (None, 144)               7056      
                                                                 
 activation_11 (Activation)  (None, 144)               0         
                                                                 
 dropout_7 (Dropout)         (None, 144)               0         
                                                                 
 dense_8 (Dense)             (None, 104)               15080     
                                                                 
 activation_12 (Activation)  (None, 104)               0         
                                                                 
 dropout_8 (Dropout)         (None, 104)               0         
                                                                 
 dense_9 (Dense)             (None, 192)               20160     
                                                                 
 activation_13 (Activation)  (None, 192)               0         
                                                                 
 dropout_9 (Dropout)         (None, 192)               0         
                                                                 
 dense_10 (Dense)            (None, 10)                1930      
                                                                 
=================================================================
Total params: 544250 (2.08 MB)
Trainable params: 544250 (2.08 MB)
Non-trainable params: 0 (0.00 Byte)
_________________________________________________________________
Epoch 1/20
6250/6250 - 22s - loss: 15.9050 - accuracy: 0.0971 - val_loss: 15.7235 - val_accuracy: 0.1024 - 22s/epoch - 3ms/step
Epoch 2/20
6250/6250 - 21s - loss: 15.5668 - accuracy: 0.1022 - val_loss: 15.3813 - val_accuracy: 0.1219 - 21s/epoch - 3ms/step
Epoch 3/20
6250/6250 - 21s - loss: 15.2075 - accuracy: 0.1060 - val_loss: 15.0112 - val_accuracy: 0.1466 - 21s/epoch - 3ms/step
Epoch 4/20
6250/6250 - 21s - loss: 14.8226 - accuracy: 0.1053 - val_loss: 14.6138 - val_accuracy: 0.1636 - 21s/epoch - 3ms/step
Epoch 5/20
6250/6250 - 21s - loss: 14.4092 - accuracy: 0.1107 - val_loss: 14.1897 - val_accuracy: 0.1789 - 21s/epoch - 3ms/step
Epoch 6/20
6250/6250 - 21s - loss: 13.9725 - accuracy: 0.1180 - val_loss: 13.7426 - val_accuracy: 0.1897 - 21s/epoch - 3ms/step
Epoch 7/20
6250/6250 - 21s - loss: 13.5152 - accuracy: 0.1243 - val_loss: 13.2763 - val_accuracy: 0.1924 - 21s/epoch - 3ms/step
Epoch 8/20
6250/6250 - 21s - loss: 13.0439 - accuracy: 0.1345 - val_loss: 12.8017 - val_accuracy: 0.1931 - 21s/epoch - 3ms/step
Epoch 9/20
6250/6250 - 21s - loss: 12.5720 - accuracy: 0.1471 - val_loss: 12.3323 - val_accuracy: 0.1940 - 21s/epoch - 3ms/step
Epoch 10/20
6250/6250 - 21s - loss: 12.1143 - accuracy: 0.1561 - val_loss: 11.8833 - val_accuracy: 0.1894 - 21s/epoch - 3ms/step
Epoch 11/20
6250/6250 - 21s - loss: 11.6847 - accuracy: 0.1647 - val_loss: 11.4661 - val_accuracy: 0.1836 - 21s/epoch - 3ms/step
Epoch 12/20
6250/6250 - 21s - loss: 11.2959 - accuracy: 0.1648 - val_loss: 11.0884 - val_accuracy: 0.1822 - 21s/epoch - 3ms/step
Epoch 13/20
6250/6250 - 21s - loss: 10.9472 - accuracy: 0.1675 - val_loss: 10.7507 - val_accuracy: 0.1807 - 21s/epoch - 3ms/step
Epoch 14/20
6250/6250 - 21s - loss: 10.6321 - accuracy: 0.1681 - val_loss: 10.4472 - val_accuracy: 0.1796 - 21s/epoch - 3ms/step
Epoch 15/20
6250/6250 - 21s - loss: 10.3442 - accuracy: 0.1707 - val_loss: 10.1689 - val_accuracy: 0.1796 - 21s/epoch - 3ms/step
Epoch 16/20
6250/6250 - 21s - loss: 10.0772 - accuracy: 0.1715 - val_loss: 9.9100 - val_accuracy: 0.1813 - 21s/epoch - 3ms/step
Epoch 17/20
6250/6250 - 21s - loss: 9.8285 - accuracy: 0.1696 - val_loss: 9.6652 - val_accuracy: 0.1812 - 21s/epoch - 3ms/step
Epoch 18/20
6250/6250 - 21s - loss: 9.5864 - accuracy: 0.1734 - val_loss: 9.4303 - val_accuracy: 0.1818 - 21s/epoch - 3ms/step
Epoch 19/20
6250/6250 - 21s - loss: 9.3563 - accuracy: 0.1749 - val_loss: 9.2046 - val_accuracy: 0.1819 - 21s/epoch - 3ms/step
Epoch 20/20
6250/6250 - 21s - loss: 9.1352 - accuracy: 0.1764 - val_loss: 8.9875 - val_accuracy: 0.1814 - 21s/epoch - 3ms/step
313/313 - 1s - loss: 8.9875 - accuracy: 0.1814 - 573ms/epoch - 2ms/step

ACCURACY: 0.18140000104904175


SCORE: -0.3901821687343292

[92m | MODULE VALUES ---------------------------------------------  |
 [0m
FLOPS: 18398916
PARAMS: 544250.0
[92m 
 | -----------------------------------------------------------  |
 [0m

--- BANANAS ITERATION 41 / 50 ---
Chosen point: {'num_neurons': 8, 'unit_c1': 1, 'unit_c2': 1, 'dr_f': 0.42013771724218485, 'learning_rate': 0.0005706265939867398, 'batch_size': 64, 'optimizer': 'Adamax', 'activation': 'swish', 'data_augmentation': False, 'reg_l2': False, 'skip_connection': False, 'new_fc_1': 29, 'new_fc_2': 12, 'new_fc_3': 29, 'new_fc_4': 11, 'new_fc_5': 5, 'new_fc_6': 29, 'new_fc_7': 12, 'new_fc_8': 11, 'new_fc_9': 26, 'new_fc_10': 25}
[94m
|  --> START TRAINING ITERATION 40[0m
[INFO] Flags -> DA: False, L2: False, Skip: False
Building model with input_shape=(32, 32, 3), pos_input_shape=None, layer_x_block=2
Model: "model"
_________________________________________________________________
 Layer (type)                Output Shape              Param #   
=================================================================
 input_1 (InputLayer)        [(None, 32, 32, 3)]       0         
                                                                 
 conv2d (Conv2D)             (None, 32, 32, 8)         224       
                                                                 
 activation (Activation)     (None, 32, 32, 8)         0         
                                                                 
 conv2d_1 (Conv2D)           (None, 32, 32, 8)         584       
                                                                 
 activation_1 (Activation)   (None, 32, 32, 8)         0         
                                                                 
 max_pooling2d (MaxPooling2  (None, 16, 16, 8)         0         
 D)                                                              
                                                                 
 conv2d_2 (Conv2D)           (None, 16, 16, 8)         584       
                                                                 
 activation_2 (Activation)   (None, 16, 16, 8)         0         
                                                                 
 conv2d_3 (Conv2D)           (None, 16, 16, 8)         584       
                                                                 
 activation_3 (Activation)   (None, 16, 16, 8)         0         
                                                                 
 max_pooling2d_1 (MaxPoolin  (None, 8, 8, 8)           0         
 g2D)                                                            
                                                                 
 flatten (Flatten)           (None, 512)               0         
                                                                 
 dense (Dense)               (None, 232)               119016    
                                                                 
 activation_4 (Activation)   (None, 232)               0         
                                                                 
 dropout (Dropout)           (None, 232)               0         
                                                                 
 dense_1 (Dense)             (None, 96)                22368     
                                                                 
 activation_5 (Activation)   (None, 96)                0         
                                                                 
 dropout_1 (Dropout)         (None, 96)                0         
                                                                 
 dense_2 (Dense)             (None, 232)               22504     
                                                                 
 activation_6 (Activation)   (None, 232)               0         
                                                                 
 dropout_2 (Dropout)         (None, 232)               0         
                                                                 
 dense_3 (Dense)             (None, 88)                20504     
                                                                 
 activation_7 (Activation)   (None, 88)                0         
                                                                 
 dropout_3 (Dropout)         (None, 88)                0         
                                                                 
 dense_4 (Dense)             (None, 40)                3560      
                                                                 
 activation_8 (Activation)   (None, 40)                0         
                                                                 
 dropout_4 (Dropout)         (None, 40)                0         
                                                                 
 dense_5 (Dense)             (None, 232)               9512      
                                                                 
 activation_9 (Activation)   (None, 232)               0         
                                                                 
 dropout_5 (Dropout)         (None, 232)               0         
                                                                 
 dense_6 (Dense)             (None, 96)                22368     
                                                                 
 activation_10 (Activation)  (None, 96)                0         
                                                                 
 dropout_6 (Dropout)         (None, 96)                0         
                                                                 
 dense_7 (Dense)             (None, 88)                8536      
                                                                 
 activation_11 (Activation)  (None, 88)                0         
                                                                 
 dropout_7 (Dropout)         (None, 88)                0         
                                                                 
 dense_8 (Dense)             (None, 208)               18512     
                                                                 
 activation_12 (Activation)  (None, 208)               0         
                                                                 
 dropout_8 (Dropout)         (None, 208)               0         
                                                                 
 dense_9 (Dense)             (None, 200)               41800     
                                                                 
 activation_13 (Activation)  (None, 200)               0         
                                                                 
 dropout_9 (Dropout)         (None, 200)               0         
                                                                 
 dense_10 (Dense)            (None, 10)                2010      
                                                                 
=================================================================
Total params: 292666 (1.12 MB)
Trainable params: 292666 (1.12 MB)
Non-trainable params: 0 (0.00 Byte)
_________________________________________________________________
Epoch 1/20
782/782 - 4s - loss: 2.2982 - accuracy: 0.1049 - val_loss: 2.2481 - val_accuracy: 0.1608 - 4s/epoch - 5ms/step
Epoch 2/20
782/782 - 3s - loss: 2.1491 - accuracy: 0.1737 - val_loss: 2.0610 - val_accuracy: 0.1969 - 3s/epoch - 3ms/step
Epoch 3/20
782/782 - 3s - loss: 2.0465 - accuracy: 0.1891 - val_loss: 1.9484 - val_accuracy: 0.2060 - 3s/epoch - 3ms/step
Epoch 4/20
782/782 - 3s - loss: 1.9692 - accuracy: 0.1907 - val_loss: 1.9122 - val_accuracy: 0.2022 - 3s/epoch - 3ms/step
Epoch 5/20
782/782 - 3s - loss: 1.9369 - accuracy: 0.1962 - val_loss: 1.8840 - val_accuracy: 0.2091 - 3s/epoch - 3ms/step
Epoch 6/20
782/782 - 3s - loss: 1.8915 - accuracy: 0.2280 - val_loss: 1.7601 - val_accuracy: 0.3040 - 3s/epoch - 3ms/step
Epoch 7/20
782/782 - 3s - loss: 1.8154 - accuracy: 0.2688 - val_loss: 1.7425 - val_accuracy: 0.3065 - 3s/epoch - 3ms/step
Epoch 8/20
782/782 - 3s - loss: 1.7852 - accuracy: 0.2803 - val_loss: 1.6952 - val_accuracy: 0.3077 - 3s/epoch - 3ms/step
Epoch 9/20
782/782 - 3s - loss: 1.7595 - accuracy: 0.2870 - val_loss: 1.6930 - val_accuracy: 0.3105 - 3s/epoch - 3ms/step
Epoch 10/20
782/782 - 3s - loss: 1.7467 - accuracy: 0.2917 - val_loss: 1.6720 - val_accuracy: 0.3184 - 3s/epoch - 3ms/step
Epoch 11/20
782/782 - 3s - loss: 1.7291 - accuracy: 0.2966 - val_loss: 1.6662 - val_accuracy: 0.3236 - 3s/epoch - 3ms/step
Epoch 12/20
782/782 - 3s - loss: 1.7206 - accuracy: 0.2996 - val_loss: 1.6611 - val_accuracy: 0.3227 - 3s/epoch - 3ms/step
Epoch 13/20
782/782 - 3s - loss: 1.7072 - accuracy: 0.3039 - val_loss: 1.6538 - val_accuracy: 0.3296 - 3s/epoch - 3ms/step
Epoch 14/20
782/782 - 3s - loss: 1.6967 - accuracy: 0.3126 - val_loss: 1.6323 - val_accuracy: 0.3336 - 3s/epoch - 3ms/step
Epoch 15/20
782/782 - 3s - loss: 1.6853 - accuracy: 0.3187 - val_loss: 1.6365 - val_accuracy: 0.3333 - 3s/epoch - 3ms/step
Epoch 16/20
782/782 - 3s - loss: 1.6769 - accuracy: 0.3196 - val_loss: 1.6164 - val_accuracy: 0.3433 - 3s/epoch - 3ms/step
Epoch 17/20
782/782 - 3s - loss: 1.6739 - accuracy: 0.3207 - val_loss: 1.6120 - val_accuracy: 0.3425 - 3s/epoch - 3ms/step
Epoch 18/20
782/782 - 3s - loss: 1.6669 - accuracy: 0.3219 - val_loss: 1.6147 - val_accuracy: 0.3416 - 3s/epoch - 3ms/step
Epoch 19/20
782/782 - 3s - loss: 1.6573 - accuracy: 0.3282 - val_loss: 1.6056 - val_accuracy: 0.3492 - 3s/epoch - 3ms/step
Epoch 20/20
782/782 - 3s - loss: 1.6534 - accuracy: 0.3289 - val_loss: 1.6010 - val_accuracy: 0.3509 - 3s/epoch - 3ms/step
313/313 - 0s - loss: 1.6010 - accuracy: 0.3509 - 418ms/epoch - 1ms/step

ACCURACY: 0.35089999437332153


SCORE: -0.5398970920613251

[92m | MODULE VALUES ---------------------------------------------  |
 [0m
FLOPS: 2866452
PARAMS: 292666.0
[92m 
 | -----------------------------------------------------------  |
 [0m

--- BANANAS ITERATION 42 / 50 ---
Chosen point: {'num_neurons': 8, 'unit_c1': 1, 'unit_c2': 7, 'dr_f': 0.45804288541918003, 'learning_rate': 0.0007770743270935371, 'batch_size': 16, 'optimizer': 'Adadelta', 'activation': 'swish', 'data_augmentation': True, 'reg_l2': False, 'skip_connection': False, 'new_fc_1': 8, 'new_fc_2': 27, 'new_fc_3': 29, 'new_fc_4': 17, 'new_fc_5': 6, 'new_fc_6': 1, 'new_fc_7': 3, 'new_fc_8': 8, 'new_fc_9': 2, 'new_fc_10': 6}
[94m
|  --> START TRAINING ITERATION 41[0m
[INFO] Flags -> DA: True, L2: False, Skip: False
Building model with input_shape=(32, 32, 3), pos_input_shape=None, layer_x_block=2
Model: "model"
_________________________________________________________________
 Layer (type)                Output Shape              Param #   
=================================================================
 input_2 (InputLayer)        [(None, 32, 32, 3)]       0         
                                                                 
 conv2d (Conv2D)             (None, 32, 32, 8)         224       
                                                                 
 activation (Activation)     (None, 32, 32, 8)         0         
                                                                 
 conv2d_1 (Conv2D)           (None, 32, 32, 8)         584       
                                                                 
 activation_1 (Activation)   (None, 32, 32, 8)         0         
                                                                 
 max_pooling2d (MaxPooling2  (None, 16, 16, 8)         0         
 D)                                                              
                                                                 
 conv2d_2 (Conv2D)           (None, 16, 16, 56)        4088      
                                                                 
 activation_2 (Activation)   (None, 16, 16, 56)        0         
                                                                 
 conv2d_3 (Conv2D)           (None, 16, 16, 56)        28280     
                                                                 
 activation_3 (Activation)   (None, 16, 16, 56)        0         
                                                                 
 max_pooling2d_1 (MaxPoolin  (None, 8, 8, 56)          0         
 g2D)                                                            
                                                                 
 flatten (Flatten)           (None, 3584)              0         
                                                                 
 dense (Dense)               (None, 64)                229440    
                                                                 
 activation_4 (Activation)   (None, 64)                0         
                                                                 
 dropout (Dropout)           (None, 64)                0         
                                                                 
 dense_1 (Dense)             (None, 216)               14040     
                                                                 
 activation_5 (Activation)   (None, 216)               0         
                                                                 
 dropout_1 (Dropout)         (None, 216)               0         
                                                                 
 dense_2 (Dense)             (None, 232)               50344     
                                                                 
 activation_6 (Activation)   (None, 232)               0         
                                                                 
 dropout_2 (Dropout)         (None, 232)               0         
                                                                 
 dense_3 (Dense)             (None, 136)               31688     
                                                                 
 activation_7 (Activation)   (None, 136)               0         
                                                                 
 dropout_3 (Dropout)         (None, 136)               0         
                                                                 
 dense_4 (Dense)             (None, 48)                6576      
                                                                 
 activation_8 (Activation)   (None, 48)                0         
                                                                 
 dropout_4 (Dropout)         (None, 48)                0         
                                                                 
 dense_5 (Dense)             (None, 8)                 392       
                                                                 
 activation_9 (Activation)   (None, 8)                 0         
                                                                 
 dropout_5 (Dropout)         (None, 8)                 0         
                                                                 
 dense_6 (Dense)             (None, 24)                216       
                                                                 
 activation_10 (Activation)  (None, 24)                0         
                                                                 
 dropout_6 (Dropout)         (None, 24)                0         
                                                                 
 dense_7 (Dense)             (None, 64)                1600      
                                                                 
 activation_11 (Activation)  (None, 64)                0         
                                                                 
 dropout_7 (Dropout)         (None, 64)                0         
                                                                 
 dense_8 (Dense)             (None, 16)                1040      
                                                                 
 activation_12 (Activation)  (None, 16)                0         
                                                                 
 dropout_8 (Dropout)         (None, 16)                0         
                                                                 
 dense_9 (Dense)             (None, 48)                816       
                                                                 
 activation_13 (Activation)  (None, 48)                0         
                                                                 
 dropout_9 (Dropout)         (None, 48)                0         
                                                                 
 dense_10 (Dense)            (None, 10)                490       
                                                                 
=================================================================
Total params: 369818 (1.41 MB)
Trainable params: 369818 (1.41 MB)
Non-trainable params: 0 (0.00 Byte)
_________________________________________________________________
Epoch 1/20
3125/3125 - 11s - loss: 2.3026 - accuracy: 0.0983 - val_loss: 2.3026 - val_accuracy: 0.1000 - 11s/epoch - 4ms/step
Epoch 2/20
3125/3125 - 10s - loss: 2.3026 - accuracy: 0.1005 - val_loss: 2.3026 - val_accuracy: 0.1000 - 10s/epoch - 3ms/step
Epoch 3/20
3125/3125 - 10s - loss: 2.3026 - accuracy: 0.1008 - val_loss: 2.3026 - val_accuracy: 0.1000 - 10s/epoch - 3ms/step
Epoch 4/20
3125/3125 - 10s - loss: 2.3026 - accuracy: 0.0978 - val_loss: 2.3026 - val_accuracy: 0.1000 - 10s/epoch - 3ms/step
Epoch 5/20
3125/3125 - 10s - loss: 2.3026 - accuracy: 0.0982 - val_loss: 2.3026 - val_accuracy: 0.1000 - 10s/epoch - 3ms/step
Epoch 6/20
3125/3125 - 10s - loss: 2.3026 - accuracy: 0.0985 - val_loss: 2.3026 - val_accuracy: 0.1000 - 10s/epoch - 3ms/step
Epoch 7/20
3125/3125 - 10s - loss: 2.3026 - accuracy: 0.1002 - val_loss: 2.3026 - val_accuracy: 0.1000 - 10s/epoch - 3ms/step
Epoch 8/20
3125/3125 - 10s - loss: 2.3026 - accuracy: 0.0994 - val_loss: 2.3026 - val_accuracy: 0.1000 - 10s/epoch - 3ms/step
Epoch 9/20
3125/3125 - 10s - loss: 2.3026 - accuracy: 0.0987 - val_loss: 2.3026 - val_accuracy: 0.1000 - 10s/epoch - 3ms/step
Epoch 10/20
3125/3125 - 10s - loss: 2.3026 - accuracy: 0.1023 - val_loss: 2.3026 - val_accuracy: 0.1000 - 10s/epoch - 3ms/step
Epoch 11/20
3125/3125 - 10s - loss: 2.3026 - accuracy: 0.0998 - val_loss: 2.3026 - val_accuracy: 0.1000 - 10s/epoch - 3ms/step
Epoch 12/20
3125/3125 - 10s - loss: 2.3026 - accuracy: 0.0982 - val_loss: 2.3026 - val_accuracy: 0.0968 - 10s/epoch - 3ms/step
Epoch 13/20
3125/3125 - 10s - loss: 2.3026 - accuracy: 0.0989 - val_loss: 2.3026 - val_accuracy: 0.1000 - 10s/epoch - 3ms/step
Epoch 14/20
3125/3125 - 10s - loss: 2.3026 - accuracy: 0.1020 - val_loss: 2.3026 - val_accuracy: 0.0999 - 10s/epoch - 3ms/step
Epoch 15/20
3125/3125 - 10s - loss: 2.3026 - accuracy: 0.0994 - val_loss: 2.3026 - val_accuracy: 0.0933 - 10s/epoch - 3ms/step
Epoch 16/20
3125/3125 - 10s - loss: 2.3026 - accuracy: 0.1006 - val_loss: 2.3026 - val_accuracy: 0.1000 - 10s/epoch - 3ms/step
Epoch 17/20
3125/3125 - 10s - loss: 2.3026 - accuracy: 0.0990 - val_loss: 2.3026 - val_accuracy: 0.1000 - 10s/epoch - 3ms/step
Epoch 18/20
3125/3125 - 10s - loss: 2.3026 - accuracy: 0.0999 - val_loss: 2.3026 - val_accuracy: 0.1000 - 10s/epoch - 3ms/step
Epoch 19/20
3125/3125 - 10s - loss: 2.3026 - accuracy: 0.1013 - val_loss: 2.3026 - val_accuracy: 0.1013 - 10s/epoch - 3ms/step
Epoch 20/20
3125/3125 - 10s - loss: 2.3026 - accuracy: 0.1013 - val_loss: 2.3026 - val_accuracy: 0.1016 - 10s/epoch - 3ms/step
313/313 - 1s - loss: 2.3026 - accuracy: 0.1016 - 565ms/epoch - 2ms/step

ACCURACY: 0.10159999877214432


SCORE: -0.333182071140501

[92m | MODULE VALUES ---------------------------------------------  |
 [0m
FLOPS: 18968964
PARAMS: 369818.0
[92m 
 | -----------------------------------------------------------  |
 [0m
[INFO]Early Stopping triggered.
[INFO] Controller early stopping triggered.

BANANAS BASELINE FINISHED
TOTAL TIME --------> 8927.18 seconds
BEST SCORE --------> -0.76116485933786
HISTORY -----------> results_BANANAS_mid/bananas_cifar10_seed96/algorithm_logs/bananas_history.csv
