Running rolling chunk 3/40
Array task 2/10: dataset=cifar10, seed=96
Completed before chunk: 67/1000
Budget: chunk_evals=25, epochs=100
Result dir=results_BANANAS_controller/bananas_cifar10_seed96_e1000_ep100
[exp_config] Created config.yaml at: /hpc/home/fresca/EDGE-DNNTuner/results_BANANAS_controller/bananas_cifar10_seed96_e1000_ep100/config.yaml
50000 train samples
10000 test samples
Initialized NeuralNetwork with dataset. ROI mode: False
FLOPS module weight: 0.3

STARTING BANANAS BASELINE

[INFO] Resumed 67 previous BANANAS evaluations from results_BANANAS_controller/bananas_cifar10_seed96_e1000_ep100/algorithm_logs/bananas_history.csv.

--- BANANAS ITERATION 68 / 1000 ---
Chosen point: {'num_neurons': 8, 'unit_c1': 1, 'unit_c2': 2, 'dr_f': 0.0469225788095239, 'learning_rate': 0.0005244161964726188, 'batch_size': 8, 'optimizer': 'SGD', 'activation': 'relu', 'data_augmentation': False, 'reg_l2': False, 'skip_connection': False, 'new_fc_1': 25, 'new_fc_2': 15, 'new_fc_3': 11, 'new_fc_4': 4, 'new_fc_5': 4, 'new_fc_6': 3, 'new_fc_7': 10, 'new_fc_8': 0, 'new_fc_9': 21, 'new_fc_10': 7}
[94m
|  --> START TRAINING ITERATION 0[0m
[INFO] Flags -> DA: False, L2: False, Skip: False
Building model with input_shape=(32, 32, 3), pos_input_shape=None, layer_x_block=2
Model: "model"
_________________________________________________________________
 Layer (type)                Output Shape              Param #   
=================================================================
 input_1 (InputLayer)        [(None, 32, 32, 3)]       0         
                                                                 
 conv2d (Conv2D)             (None, 32, 32, 8)         224       
                                                                 
 activation (Activation)     (None, 32, 32, 8)         0         
                                                                 
 conv2d_1 (Conv2D)           (None, 32, 32, 8)         584       
                                                                 
 activation_1 (Activation)   (None, 32, 32, 8)         0         
                                                                 
 max_pooling2d (MaxPooling2  (None, 16, 16, 8)         0         
 D)                                                              
                                                                 
 conv2d_2 (Conv2D)           (None, 16, 16, 16)        1168      
                                                                 
 activation_2 (Activation)   (None, 16, 16, 16)        0         
                                                                 
 conv2d_3 (Conv2D)           (None, 16, 16, 16)        2320      
                                                                 
 activation_3 (Activation)   (None, 16, 16, 16)        0         
                                                                 
 max_pooling2d_1 (MaxPoolin  (None, 8, 8, 16)          0         
 g2D)                                                            
                                                                 
 flatten (Flatten)           (None, 1024)              0         
                                                                 
 dense (Dense)               (None, 200)               205000    
                                                                 
 activation_4 (Activation)   (None, 200)               0         
                                                                 
 dropout (Dropout)           (None, 200)               0         
                                                                 
 dense_1 (Dense)             (None, 120)               24120     
                                                                 
 activation_5 (Activation)   (None, 120)               0         
                                                                 
 dropout_1 (Dropout)         (None, 120)               0         
                                                                 
 dense_2 (Dense)             (None, 88)                10648     
                                                                 
 activation_6 (Activation)   (None, 88)                0         
                                                                 
 dropout_2 (Dropout)         (None, 88)                0         
                                                                 
 dense_3 (Dense)             (None, 32)                2848      
                                                                 
 activation_7 (Activation)   (None, 32)                0         
                                                                 
 dropout_3 (Dropout)         (None, 32)                0         
                                                                 
 dense_4 (Dense)             (None, 32)                1056      
                                                                 
 activation_8 (Activation)   (None, 32)                0         
                                                                 
 dropout_4 (Dropout)         (None, 32)                0         
                                                                 
 dense_5 (Dense)             (None, 24)                792       
                                                                 
 activation_9 (Activation)   (None, 24)                0         
                                                                 
 dropout_5 (Dropout)         (None, 24)                0         
                                                                 
 dense_6 (Dense)             (None, 80)                2000      
                                                                 
 activation_10 (Activation)  (None, 80)                0         
                                                                 
 dropout_6 (Dropout)         (None, 80)                0         
                                                                 
 dense_7 (Dense)             (None, 168)               13608     
                                                                 
 activation_11 (Activation)  (None, 168)               0         
                                                                 
 dropout_7 (Dropout)         (None, 168)               0         
                                                                 
 dense_8 (Dense)             (None, 56)                9464      
                                                                 
 activation_12 (Activation)  (None, 56)                0         
                                                                 
 dropout_8 (Dropout)         (None, 56)                0         
                                                                 
 dense_9 (Dense)             (None, 10)                570       
                                                                 
=================================================================
Total params: 274402 (1.05 MB)
Trainable params: 274402 (1.05 MB)
Non-trainable params: 0 (0.00 Byte)
_________________________________________________________________
Epoch 1/100
6250/6250 - 20s - loss: 2.3021 - accuracy: 0.1157 - val_loss: 2.3011 - val_accuracy: 0.1503 - 20s/epoch - 3ms/step
Epoch 2/100
6250/6250 - 17s - loss: 2.3007 - accuracy: 0.1187 - val_loss: 2.2986 - val_accuracy: 0.1476 - 17s/epoch - 3ms/step
Epoch 3/100
6250/6250 - 17s - loss: 2.2973 - accuracy: 0.1354 - val_loss: 2.2922 - val_accuracy: 0.1312 - 17s/epoch - 3ms/step
Epoch 4/100
6250/6250 - 17s - loss: 2.2875 - accuracy: 0.1341 - val_loss: 2.2724 - val_accuracy: 0.1313 - 17s/epoch - 3ms/step
Epoch 5/100
6250/6250 - 17s - loss: 2.2430 - accuracy: 0.1467 - val_loss: 2.1680 - val_accuracy: 0.1555 - 17s/epoch - 3ms/step
Epoch 6/100
6250/6250 - 17s - loss: 2.1298 - accuracy: 0.1649 - val_loss: 2.0775 - val_accuracy: 0.1803 - 17s/epoch - 3ms/step
Epoch 7/100
6250/6250 - 17s - loss: 2.0803 - accuracy: 0.1829 - val_loss: 2.0371 - val_accuracy: 0.2029 - 17s/epoch - 3ms/step
Epoch 8/100
6250/6250 - 17s - loss: 2.0416 - accuracy: 0.1928 - val_loss: 1.9945 - val_accuracy: 0.1993 - 17s/epoch - 3ms/step
Epoch 9/100
6250/6250 - 17s - loss: 2.0031 - accuracy: 0.1907 - val_loss: 1.9841 - val_accuracy: 0.1984 - 17s/epoch - 3ms/step
Epoch 10/100
6250/6250 - 17s - loss: 1.9679 - accuracy: 0.1944 - val_loss: 1.9232 - val_accuracy: 0.2006 - 17s/epoch - 3ms/step
Epoch 11/100
6250/6250 - 18s - loss: 1.9455 - accuracy: 0.1968 - val_loss: 1.9051 - val_accuracy: 0.2245 - 18s/epoch - 3ms/step
Epoch 12/100
6250/6250 - 17s - loss: 1.9254 - accuracy: 0.1993 - val_loss: 1.8830 - val_accuracy: 0.2127 - 17s/epoch - 3ms/step
Epoch 13/100
6250/6250 - 17s - loss: 1.9130 - accuracy: 0.2023 - val_loss: 1.8685 - val_accuracy: 0.2228 - 17s/epoch - 3ms/step
Epoch 14/100
6250/6250 - 17s - loss: 1.9010 - accuracy: 0.2062 - val_loss: 1.8611 - val_accuracy: 0.2304 - 17s/epoch - 3ms/step
Epoch 15/100
6250/6250 - 17s - loss: 1.8874 - accuracy: 0.2130 - val_loss: 1.8676 - val_accuracy: 0.2291 - 17s/epoch - 3ms/step
Epoch 16/100
6250/6250 - 17s - loss: 1.8789 - accuracy: 0.2183 - val_loss: 1.8358 - val_accuracy: 0.2504 - 17s/epoch - 3ms/step
Epoch 17/100
6250/6250 - 17s - loss: 1.8645 - accuracy: 0.2351 - val_loss: 1.8301 - val_accuracy: 0.2621 - 17s/epoch - 3ms/step
Epoch 18/100
6250/6250 - 17s - loss: 1.8393 - accuracy: 0.2520 - val_loss: 1.7736 - val_accuracy: 0.2854 - 17s/epoch - 3ms/step
Epoch 19/100
6250/6250 - 17s - loss: 1.8048 - accuracy: 0.2684 - val_loss: 1.7266 - val_accuracy: 0.2997 - 17s/epoch - 3ms/step
Epoch 20/100
6250/6250 - 17s - loss: 1.7756 - accuracy: 0.2844 - val_loss: 1.7049 - val_accuracy: 0.3024 - 17s/epoch - 3ms/step
Epoch 21/100
6250/6250 - 17s - loss: 1.7515 - accuracy: 0.2925 - val_loss: 1.7295 - val_accuracy: 0.3102 - 17s/epoch - 3ms/step
Epoch 22/100
6250/6250 - 17s - loss: 1.7257 - accuracy: 0.3052 - val_loss: 1.6649 - val_accuracy: 0.3270 - 17s/epoch - 3ms/step
Epoch 23/100
6250/6250 - 17s - loss: 1.7079 - accuracy: 0.3178 - val_loss: 1.6327 - val_accuracy: 0.3519 - 17s/epoch - 3ms/step
Epoch 24/100
6250/6250 - 17s - loss: 1.6846 - accuracy: 0.3277 - val_loss: 1.6398 - val_accuracy: 0.3599 - 17s/epoch - 3ms/step
Epoch 25/100
6250/6250 - 18s - loss: 1.6672 - accuracy: 0.3378 - val_loss: 1.5925 - val_accuracy: 0.3817 - 18s/epoch - 3ms/step
Epoch 26/100
6250/6250 - 17s - loss: 1.6467 - accuracy: 0.3494 - val_loss: 1.5909 - val_accuracy: 0.3884 - 17s/epoch - 3ms/step
Epoch 27/100
6250/6250 - 18s - loss: 1.6261 - accuracy: 0.3568 - val_loss: 1.5523 - val_accuracy: 0.3974 - 18s/epoch - 3ms/step
Epoch 28/100
6250/6250 - 17s - loss: 1.6091 - accuracy: 0.3659 - val_loss: 1.5394 - val_accuracy: 0.4051 - 17s/epoch - 3ms/step
Epoch 29/100
6250/6250 - 17s - loss: 1.5928 - accuracy: 0.3798 - val_loss: 1.5294 - val_accuracy: 0.4092 - 17s/epoch - 3ms/step
Epoch 30/100
6250/6250 - 18s - loss: 1.5716 - accuracy: 0.3863 - val_loss: 1.5324 - val_accuracy: 0.4154 - 18s/epoch - 3ms/step
Epoch 31/100
6250/6250 - 17s - loss: 1.5557 - accuracy: 0.3985 - val_loss: 1.5004 - val_accuracy: 0.4275 - 17s/epoch - 3ms/step
Epoch 32/100
6250/6250 - 17s - loss: 1.5404 - accuracy: 0.4067 - val_loss: 1.4852 - val_accuracy: 0.4323 - 17s/epoch - 3ms/step
Epoch 33/100
6250/6250 - 17s - loss: 1.5245 - accuracy: 0.4135 - val_loss: 1.4663 - val_accuracy: 0.4425 - 17s/epoch - 3ms/step
Epoch 34/100
6250/6250 - 17s - loss: 1.5063 - accuracy: 0.4233 - val_loss: 1.4492 - val_accuracy: 0.4517 - 17s/epoch - 3ms/step
Epoch 35/100
6250/6250 - 17s - loss: 1.4892 - accuracy: 0.4317 - val_loss: 1.4239 - val_accuracy: 0.4648 - 17s/epoch - 3ms/step
Epoch 36/100
6250/6250 - 17s - loss: 1.4724 - accuracy: 0.4385 - val_loss: 1.4529 - val_accuracy: 0.4559 - 17s/epoch - 3ms/step
Epoch 37/100
6250/6250 - 17s - loss: 1.4513 - accuracy: 0.4507 - val_loss: 1.3956 - val_accuracy: 0.4789 - 17s/epoch - 3ms/step
Epoch 38/100
6250/6250 - 17s - loss: 1.4334 - accuracy: 0.4608 - val_loss: 1.4004 - val_accuracy: 0.4750 - 17s/epoch - 3ms/step
Epoch 39/100
6250/6250 - 17s - loss: 1.4183 - accuracy: 0.4644 - val_loss: 1.3753 - val_accuracy: 0.4849 - 17s/epoch - 3ms/step
Epoch 40/100
6250/6250 - 17s - loss: 1.4005 - accuracy: 0.4736 - val_loss: 1.3580 - val_accuracy: 0.4889 - 17s/epoch - 3ms/step
Epoch 41/100
6250/6250 - 17s - loss: 1.3831 - accuracy: 0.4792 - val_loss: 1.3521 - val_accuracy: 0.5021 - 17s/epoch - 3ms/step
Epoch 42/100
6250/6250 - 17s - loss: 1.3682 - accuracy: 0.4878 - val_loss: 1.3361 - val_accuracy: 0.5027 - 17s/epoch - 3ms/step
Epoch 43/100
6250/6250 - 17s - loss: 1.3464 - accuracy: 0.4955 - val_loss: 1.3429 - val_accuracy: 0.5052 - 17s/epoch - 3ms/step
Epoch 44/100
6250/6250 - 17s - loss: 1.3358 - accuracy: 0.5011 - val_loss: 1.3024 - val_accuracy: 0.5207 - 17s/epoch - 3ms/step
Epoch 45/100
6250/6250 - 17s - loss: 1.3235 - accuracy: 0.5069 - val_loss: 1.2985 - val_accuracy: 0.5225 - 17s/epoch - 3ms/step
Epoch 46/100
6250/6250 - 17s - loss: 1.3071 - accuracy: 0.5130 - val_loss: 1.3041 - val_accuracy: 0.5213 - 17s/epoch - 3ms/step
Epoch 47/100
6250/6250 - 17s - loss: 1.2942 - accuracy: 0.5175 - val_loss: 1.2883 - val_accuracy: 0.5214 - 17s/epoch - 3ms/step
Epoch 48/100
6250/6250 - 17s - loss: 1.2758 - accuracy: 0.5268 - val_loss: 1.2692 - val_accuracy: 0.5346 - 17s/epoch - 3ms/step
Epoch 49/100
6250/6250 - 17s - loss: 1.2605 - accuracy: 0.5323 - val_loss: 1.3435 - val_accuracy: 0.5043 - 17s/epoch - 3ms/step
Epoch 50/100
6250/6250 - 17s - loss: 1.2491 - accuracy: 0.5364 - val_loss: 1.2670 - val_accuracy: 0.5336 - 17s/epoch - 3ms/step
Epoch 51/100
6250/6250 - 17s - loss: 1.2362 - accuracy: 0.5413 - val_loss: 1.2814 - val_accuracy: 0.5288 - 17s/epoch - 3ms/step
Epoch 52/100
6250/6250 - 17s - loss: 1.2247 - accuracy: 0.5468 - val_loss: 1.2498 - val_accuracy: 0.5459 - 17s/epoch - 3ms/step
Epoch 53/100
6250/6250 - 17s - loss: 1.2056 - accuracy: 0.5541 - val_loss: 1.2623 - val_accuracy: 0.5356 - 17s/epoch - 3ms/step
Epoch 54/100
6250/6250 - 17s - loss: 1.1939 - accuracy: 0.5568 - val_loss: 1.2508 - val_accuracy: 0.5452 - 17s/epoch - 3ms/step
Epoch 55/100
6250/6250 - 17s - loss: 1.1823 - accuracy: 0.5632 - val_loss: 1.2438 - val_accuracy: 0.5471 - 17s/epoch - 3ms/step
Epoch 56/100
6250/6250 - 17s - loss: 1.1666 - accuracy: 0.5685 - val_loss: 1.2362 - val_accuracy: 0.5517 - 17s/epoch - 3ms/step
Epoch 57/100
6250/6250 - 17s - loss: 1.1556 - accuracy: 0.5722 - val_loss: 1.2584 - val_accuracy: 0.5468 - 17s/epoch - 3ms/step
Epoch 58/100
6250/6250 - 17s - loss: 1.1454 - accuracy: 0.5764 - val_loss: 1.2466 - val_accuracy: 0.5497 - 17s/epoch - 3ms/step
Epoch 59/100
6250/6250 - 17s - loss: 1.1353 - accuracy: 0.5799 - val_loss: 1.2271 - val_accuracy: 0.5538 - 17s/epoch - 3ms/step
Epoch 60/100
6250/6250 - 17s - loss: 1.1201 - accuracy: 0.5877 - val_loss: 1.2257 - val_accuracy: 0.5577 - 17s/epoch - 3ms/step
Epoch 61/100
6250/6250 - 17s - loss: 1.1060 - accuracy: 0.5931 - val_loss: 1.2162 - val_accuracy: 0.5647 - 17s/epoch - 3ms/step
Epoch 62/100
6250/6250 - 17s - loss: 1.0935 - accuracy: 0.5956 - val_loss: 1.2210 - val_accuracy: 0.5582 - 17s/epoch - 3ms/step
Epoch 63/100
6250/6250 - 17s - loss: 1.0847 - accuracy: 0.5997 - val_loss: 1.2199 - val_accuracy: 0.5605 - 17s/epoch - 3ms/step
Epoch 64/100
6250/6250 - 17s - loss: 1.0722 - accuracy: 0.6043 - val_loss: 1.2087 - val_accuracy: 0.5702 - 17s/epoch - 3ms/step
Epoch 65/100
6250/6250 - 17s - loss: 1.0575 - accuracy: 0.6097 - val_loss: 1.2041 - val_accuracy: 0.5725 - 17s/epoch - 3ms/step
Epoch 66/100
6250/6250 - 17s - loss: 1.0477 - accuracy: 0.6159 - val_loss: 1.2175 - val_accuracy: 0.5659 - 17s/epoch - 3ms/step
Epoch 67/100
6250/6250 - 17s - loss: 1.0360 - accuracy: 0.6212 - val_loss: 1.2062 - val_accuracy: 0.5705 - 17s/epoch - 3ms/step
Epoch 68/100
6250/6250 - 17s - loss: 1.0220 - accuracy: 0.6242 - val_loss: 1.2254 - val_accuracy: 0.5680 - 17s/epoch - 3ms/step
Epoch 69/100
6250/6250 - 18s - loss: 1.0112 - accuracy: 0.6314 - val_loss: 1.2169 - val_accuracy: 0.5714 - 18s/epoch - 3ms/step
Epoch 70/100
6250/6250 - 17s - loss: 0.9975 - accuracy: 0.6341 - val_loss: 1.2326 - val_accuracy: 0.5663 - 17s/epoch - 3ms/step
Epoch 71/100
6250/6250 - 17s - loss: 0.9849 - accuracy: 0.6382 - val_loss: 1.2210 - val_accuracy: 0.5740 - 17s/epoch - 3ms/step
Epoch 72/100
6250/6250 - 17s - loss: 0.9787 - accuracy: 0.6434 - val_loss: 1.2178 - val_accuracy: 0.5746 - 17s/epoch - 3ms/step
Epoch 73/100
6250/6250 - 17s - loss: 0.9635 - accuracy: 0.6464 - val_loss: 1.2671 - val_accuracy: 0.5687 - 17s/epoch - 3ms/step
Epoch 74/100
6250/6250 - 17s - loss: 0.9542 - accuracy: 0.6526 - val_loss: 1.2390 - val_accuracy: 0.5790 - 17s/epoch - 3ms/step
Epoch 75/100
6250/6250 - 18s - loss: 0.9406 - accuracy: 0.6561 - val_loss: 1.2336 - val_accuracy: 0.5832 - 18s/epoch - 3ms/step
Epoch 76/100
6250/6250 - 18s - loss: 0.9286 - accuracy: 0.6627 - val_loss: 1.2259 - val_accuracy: 0.5808 - 18s/epoch - 3ms/step
Epoch 77/100
6250/6250 - 17s - loss: 0.9192 - accuracy: 0.6639 - val_loss: 1.2857 - val_accuracy: 0.5783 - 17s/epoch - 3ms/step
Epoch 78/100
6250/6250 - 17s - loss: 0.9086 - accuracy: 0.6694 - val_loss: 1.2396 - val_accuracy: 0.5795 - 17s/epoch - 3ms/step
Epoch 79/100
6250/6250 - 18s - loss: 0.8996 - accuracy: 0.6726 - val_loss: 1.2351 - val_accuracy: 0.5847 - 18s/epoch - 3ms/step
Epoch 80/100
6250/6250 - 17s - loss: 0.8836 - accuracy: 0.6784 - val_loss: 1.2498 - val_accuracy: 0.5862 - 17s/epoch - 3ms/step
Epoch 81/100
6250/6250 - 17s - loss: 0.8778 - accuracy: 0.6809 - val_loss: 1.2544 - val_accuracy: 0.5856 - 17s/epoch - 3ms/step
Epoch 82/100
6250/6250 - 17s - loss: 0.8598 - accuracy: 0.6884 - val_loss: 1.2616 - val_accuracy: 0.5915 - 17s/epoch - 3ms/step
Epoch 83/100
6250/6250 - 17s - loss: 0.8528 - accuracy: 0.6899 - val_loss: 1.2597 - val_accuracy: 0.5879 - 17s/epoch - 3ms/step
Epoch 84/100
6250/6250 - 17s - loss: 0.8420 - accuracy: 0.6951 - val_loss: 1.2639 - val_accuracy: 0.5887 - 17s/epoch - 3ms/step
Epoch 85/100
6250/6250 - 18s - loss: 0.8307 - accuracy: 0.6978 - val_loss: 1.2722 - val_accuracy: 0.5892 - 18s/epoch - 3ms/step
Epoch 86/100
6250/6250 - 18s - loss: 0.8227 - accuracy: 0.7045 - val_loss: 1.2822 - val_accuracy: 0.5856 - 18s/epoch - 3ms/step
Epoch 87/100
6250/6250 - 18s - loss: 0.8072 - accuracy: 0.7062 - val_loss: 1.2710 - val_accuracy: 0.5880 - 18s/epoch - 3ms/step
Epoch 88/100
6250/6250 - 18s - loss: 0.8019 - accuracy: 0.7107 - val_loss: 1.2735 - val_accuracy: 0.5920 - 18s/epoch - 3ms/step
Epoch 89/100
6250/6250 - 18s - loss: 0.7895 - accuracy: 0.7131 - val_loss: 1.3126 - val_accuracy: 0.5787 - 18s/epoch - 3ms/step
Epoch 90/100
6250/6250 - 18s - loss: 0.7800 - accuracy: 0.7166 - val_loss: 1.3040 - val_accuracy: 0.5902 - 18s/epoch - 3ms/step
Epoch 91/100
6250/6250 - 18s - loss: 0.7742 - accuracy: 0.7217 - val_loss: 1.2812 - val_accuracy: 0.5954 - 18s/epoch - 3ms/step
Epoch 92/100
6250/6250 - 18s - loss: 0.7637 - accuracy: 0.7258 - val_loss: 1.3122 - val_accuracy: 0.5869 - 18s/epoch - 3ms/step
Epoch 93/100
6250/6250 - 18s - loss: 0.7516 - accuracy: 0.7289 - val_loss: 1.3314 - val_accuracy: 0.5935 - 18s/epoch - 3ms/step
Epoch 94/100
6250/6250 - 18s - loss: 0.7450 - accuracy: 0.7314 - val_loss: 1.3433 - val_accuracy: 0.5828 - 18s/epoch - 3ms/step
Epoch 95/100
6250/6250 - 18s - loss: 0.7327 - accuracy: 0.7346 - val_loss: 1.3422 - val_accuracy: 0.5959 - 18s/epoch - 3ms/step
Epoch 96/100
6250/6250 - 18s - loss: 0.7256 - accuracy: 0.7401 - val_loss: 1.3400 - val_accuracy: 0.5951 - 18s/epoch - 3ms/step
Epoch 97/100
6250/6250 - 18s - loss: 0.7151 - accuracy: 0.7437 - val_loss: 1.3635 - val_accuracy: 0.5913 - 18s/epoch - 3ms/step
Epoch 98/100
6250/6250 - 18s - loss: 0.7048 - accuracy: 0.7484 - val_loss: 1.3633 - val_accuracy: 0.5989 - 18s/epoch - 3ms/step
Epoch 99/100
6250/6250 - 18s - loss: 0.6965 - accuracy: 0.7531 - val_loss: 1.3524 - val_accuracy: 0.5904 - 18s/epoch - 3ms/step
Epoch 100/100
6250/6250 - 18s - loss: 0.6870 - accuracy: 0.7547 - val_loss: 1.3737 - val_accuracy: 0.5935 - 18s/epoch - 3ms/step
313/313 - 1s - loss: 1.3737 - accuracy: 0.5935 - 786ms/epoch - 3ms/step

ACCURACY: 0.593500018119812


SCORE: -0.7075144046838684

[92m | MODULE VALUES ---------------------------------------------  |
 [0m
FLOPS: 3967804
PARAMS: 274402.0
[92m 
 | -----------------------------------------------------------  |
 [0m
[INFO] New Best Score: -0.7075 (Previous: 10000000000.0000)

--- BANANAS ITERATION 69 / 1000 ---
Chosen point: {'num_neurons': 8, 'unit_c1': 2, 'unit_c2': 4, 'dr_f': 0.05502372840072475, 'learning_rate': 0.00028641695263607495, 'batch_size': 32, 'optimizer': 'Adadelta', 'activation': 'relu', 'data_augmentation': True, 'reg_l2': True, 'skip_connection': False, 'new_fc_1': 24, 'new_fc_2': 13, 'new_fc_3': 29, 'new_fc_4': 4, 'new_fc_5': 23, 'new_fc_6': 13, 'new_fc_7': 3, 'new_fc_8': 13, 'new_fc_9': 25, 'new_fc_10': 22}
[94m
|  --> START TRAINING ITERATION 1[0m
[INFO] Flags -> DA: True, L2: True, Skip: False
Building model with input_shape=(32, 32, 3), pos_input_shape=None, layer_x_block=2
Model: "model"
_________________________________________________________________
 Layer (type)                Output Shape              Param #   
=================================================================
 input_2 (InputLayer)        [(None, 32, 32, 3)]       0         
                                                                 
 conv2d (Conv2D)             (None, 32, 32, 16)        448       
                                                                 
 activation (Activation)     (None, 32, 32, 16)        0         
                                                                 
 conv2d_1 (Conv2D)           (None, 32, 32, 16)        2320      
                                                                 
 activation_1 (Activation)   (None, 32, 32, 16)        0         
                                                                 
 max_pooling2d (MaxPooling2  (None, 16, 16, 16)        0         
 D)                                                              
                                                                 
 conv2d_2 (Conv2D)           (None, 16, 16, 32)        4640      
                                                                 
 activation_2 (Activation)   (None, 16, 16, 32)        0         
                                                                 
 conv2d_3 (Conv2D)           (None, 16, 16, 32)        9248      
                                                                 
 activation_3 (Activation)   (None, 16, 16, 32)        0         
                                                                 
 max_pooling2d_1 (MaxPoolin  (None, 8, 8, 32)          0         
 g2D)                                                            
                                                                 
 flatten (Flatten)           (None, 2048)              0         
                                                                 
 dense (Dense)               (None, 192)               393408    
                                                                 
 activation_4 (Activation)   (None, 192)               0         
                                                                 
 dropout (Dropout)           (None, 192)               0         
                                                                 
 dense_1 (Dense)             (None, 104)               20072     
                                                                 
 activation_5 (Activation)   (None, 104)               0         
                                                                 
 dropout_1 (Dropout)         (None, 104)               0         
                                                                 
 dense_2 (Dense)             (None, 232)               24360     
                                                                 
 activation_6 (Activation)   (None, 232)               0         
                                                                 
 dropout_2 (Dropout)         (None, 232)               0         
                                                                 
 dense_3 (Dense)             (None, 32)                7456      
                                                                 
 activation_7 (Activation)   (None, 32)                0         
                                                                 
 dropout_3 (Dropout)         (None, 32)                0         
                                                                 
 dense_4 (Dense)             (None, 184)               6072      
                                                                 
 activation_8 (Activation)   (None, 184)               0         
                                                                 
 dropout_4 (Dropout)         (None, 184)               0         
                                                                 
 dense_5 (Dense)             (None, 104)               19240     
                                                                 
 activation_9 (Activation)   (None, 104)               0         
                                                                 
 dropout_5 (Dropout)         (None, 104)               0         
                                                                 
 dense_6 (Dense)             (None, 24)                2520      
                                                                 
 activation_10 (Activation)  (None, 24)                0         
                                                                 
 dropout_6 (Dropout)         (None, 24)                0         
                                                                 
 dense_7 (Dense)             (None, 104)               2600      
                                                                 
 activation_11 (Activation)  (None, 104)               0         
                                                                 
 dropout_7 (Dropout)         (None, 104)               0         
                                                                 
 dense_8 (Dense)             (None, 200)               21000     
                                                                 
 activation_12 (Activation)  (None, 200)               0         
                                                                 
 dropout_8 (Dropout)         (None, 200)               0         
                                                                 
 dense_9 (Dense)             (None, 176)               35376     
                                                                 
 activation_13 (Activation)  (None, 176)               0         
                                                                 
 dropout_9 (Dropout)         (None, 176)               0         
                                                                 
 dense_10 (Dense)            (None, 10)                1770      
                                                                 
=================================================================
Total params: 550530 (2.10 MB)
Trainable params: 550530 (2.10 MB)
Non-trainable params: 0 (0.00 Byte)
_________________________________________________________________
Epoch 1/100
1563/1563 - 9s - loss: 15.8139 - accuracy: 0.1008 - val_loss: 15.7086 - val_accuracy: 0.1259 - 9s/epoch - 6ms/step
Epoch 2/100
1563/1563 - 6s - loss: 15.5975 - accuracy: 0.1017 - val_loss: 15.4853 - val_accuracy: 0.1294 - 6s/epoch - 4ms/step
Epoch 3/100
1563/1563 - 6s - loss: 15.3728 - accuracy: 0.1048 - val_loss: 15.2604 - val_accuracy: 0.1255 - 6s/epoch - 4ms/step
Epoch 4/100
1563/1563 - 6s - loss: 15.1489 - accuracy: 0.1060 - val_loss: 15.0377 - val_accuracy: 0.1153 - 6s/epoch - 4ms/step
Epoch 5/100
1563/1563 - 6s - loss: 14.9279 - accuracy: 0.1082 - val_loss: 14.8183 - val_accuracy: 0.1028 - 6s/epoch - 4ms/step
Epoch 6/100
1563/1563 - 6s - loss: 14.7103 - accuracy: 0.1065 - val_loss: 14.6025 - val_accuracy: 0.1009 - 6s/epoch - 4ms/step
Epoch 7/100
1563/1563 - 6s - loss: 14.4963 - accuracy: 0.1044 - val_loss: 14.3904 - val_accuracy: 0.1033 - 6s/epoch - 4ms/step
Epoch 8/100
1563/1563 - 6s - loss: 14.2860 - accuracy: 0.1067 - val_loss: 14.1819 - val_accuracy: 0.1036 - 6s/epoch - 4ms/step
Epoch 9/100
1563/1563 - 6s - loss: 14.0793 - accuracy: 0.1045 - val_loss: 13.9771 - val_accuracy: 0.1043 - 6s/epoch - 4ms/step
Epoch 10/100
1563/1563 - 6s - loss: 13.8763 - accuracy: 0.1075 - val_loss: 13.7758 - val_accuracy: 0.1047 - 6s/epoch - 4ms/step
Epoch 11/100
1563/1563 - 6s - loss: 13.6768 - accuracy: 0.1083 - val_loss: 13.5780 - val_accuracy: 0.1069 - 6s/epoch - 4ms/step
Epoch 12/100
1563/1563 - 6s - loss: 13.4807 - accuracy: 0.1114 - val_loss: 13.3837 - val_accuracy: 0.1137 - 6s/epoch - 4ms/step
Epoch 13/100
1563/1563 - 6s - loss: 13.2881 - accuracy: 0.1141 - val_loss: 13.1928 - val_accuracy: 0.1166 - 6s/epoch - 4ms/step
Epoch 14/100
1563/1563 - 6s - loss: 13.0989 - accuracy: 0.1145 - val_loss: 13.0053 - val_accuracy: 0.1203 - 6s/epoch - 4ms/step
Epoch 15/100
1563/1563 - 6s - loss: 12.9130 - accuracy: 0.1185 - val_loss: 12.8210 - val_accuracy: 0.1227 - 6s/epoch - 4ms/step
Epoch 16/100
1563/1563 - 6s - loss: 12.7303 - accuracy: 0.1194 - val_loss: 12.6400 - val_accuracy: 0.1298 - 6s/epoch - 4ms/step
Epoch 17/100
1563/1563 - 6s - loss: 12.5509 - accuracy: 0.1219 - val_loss: 12.4621 - val_accuracy: 0.1323 - 6s/epoch - 4ms/step
Epoch 18/100
1563/1563 - 6s - loss: 12.3746 - accuracy: 0.1231 - val_loss: 12.2873 - val_accuracy: 0.1332 - 6s/epoch - 4ms/step
Epoch 19/100
1563/1563 - 6s - loss: 12.2013 - accuracy: 0.1251 - val_loss: 12.1156 - val_accuracy: 0.1358 - 6s/epoch - 4ms/step
Epoch 20/100
1563/1563 - 6s - loss: 12.0311 - accuracy: 0.1269 - val_loss: 11.9469 - val_accuracy: 0.1395 - 6s/epoch - 4ms/step
Epoch 21/100
1563/1563 - 6s - loss: 11.8639 - accuracy: 0.1282 - val_loss: 11.7812 - val_accuracy: 0.1405 - 6s/epoch - 4ms/step
Epoch 22/100
1563/1563 - 6s - loss: 11.6996 - accuracy: 0.1306 - val_loss: 11.6183 - val_accuracy: 0.1438 - 6s/epoch - 4ms/step
Epoch 23/100
1563/1563 - 6s - loss: 11.5382 - accuracy: 0.1312 - val_loss: 11.4583 - val_accuracy: 0.1447 - 6s/epoch - 4ms/step
Epoch 24/100
1563/1563 - 6s - loss: 11.3796 - accuracy: 0.1324 - val_loss: 11.3011 - val_accuracy: 0.1461 - 6s/epoch - 4ms/step
Epoch 25/100
1563/1563 - 6s - loss: 11.2238 - accuracy: 0.1338 - val_loss: 11.1467 - val_accuracy: 0.1476 - 6s/epoch - 4ms/step
Epoch 26/100
1563/1563 - 6s - loss: 11.0707 - accuracy: 0.1353 - val_loss: 10.9949 - val_accuracy: 0.1485 - 6s/epoch - 4ms/step
Epoch 27/100
1563/1563 - 6s - loss: 10.9203 - accuracy: 0.1346 - val_loss: 10.8458 - val_accuracy: 0.1488 - 6s/epoch - 4ms/step
Epoch 28/100
1563/1563 - 6s - loss: 10.7725 - accuracy: 0.1369 - val_loss: 10.6994 - val_accuracy: 0.1490 - 6s/epoch - 4ms/step
Epoch 29/100
1563/1563 - 6s - loss: 10.6273 - accuracy: 0.1368 - val_loss: 10.5554 - val_accuracy: 0.1498 - 6s/epoch - 4ms/step
Epoch 30/100
1563/1563 - 6s - loss: 10.4846 - accuracy: 0.1378 - val_loss: 10.4140 - val_accuracy: 0.1504 - 6s/epoch - 4ms/step
Epoch 31/100
1563/1563 - 6s - loss: 10.3445 - accuracy: 0.1349 - val_loss: 10.2751 - val_accuracy: 0.1505 - 6s/epoch - 4ms/step
Epoch 32/100
1563/1563 - 6s - loss: 10.2067 - accuracy: 0.1378 - val_loss: 10.1386 - val_accuracy: 0.1503 - 6s/epoch - 4ms/step
Epoch 33/100
1563/1563 - 6s - loss: 10.0714 - accuracy: 0.1372 - val_loss: 10.0045 - val_accuracy: 0.1512 - 6s/epoch - 4ms/step
Epoch 34/100
1563/1563 - 6s - loss: 9.9384 - accuracy: 0.1395 - val_loss: 9.8727 - val_accuracy: 0.1512 - 6s/epoch - 4ms/step
Epoch 35/100
1563/1563 - 6s - loss: 9.8078 - accuracy: 0.1391 - val_loss: 9.7432 - val_accuracy: 0.1511 - 6s/epoch - 4ms/step
Epoch 36/100
1563/1563 - 6s - loss: 9.6795 - accuracy: 0.1400 - val_loss: 9.6160 - val_accuracy: 0.1516 - 6s/epoch - 4ms/step
Epoch 37/100
1563/1563 - 6s - loss: 9.5534 - accuracy: 0.1396 - val_loss: 9.4910 - val_accuracy: 0.1513 - 6s/epoch - 4ms/step
Epoch 38/100
1563/1563 - 6s - loss: 9.4295 - accuracy: 0.1389 - val_loss: 9.3681 - val_accuracy: 0.1514 - 6s/epoch - 4ms/step
Epoch 39/100
1563/1563 - 6s - loss: 9.3077 - accuracy: 0.1402 - val_loss: 9.2475 - val_accuracy: 0.1513 - 6s/epoch - 4ms/step
Epoch 40/100
1563/1563 - 6s - loss: 9.1881 - accuracy: 0.1411 - val_loss: 9.1289 - val_accuracy: 0.1517 - 6s/epoch - 4ms/step
Epoch 41/100
1563/1563 - 6s - loss: 9.0705 - accuracy: 0.1399 - val_loss: 9.0124 - val_accuracy: 0.1514 - 6s/epoch - 4ms/step
Epoch 42/100
1563/1563 - 6s - loss: 8.9551 - accuracy: 0.1353 - val_loss: 8.8979 - val_accuracy: 0.1511 - 6s/epoch - 4ms/step
Epoch 43/100
1563/1563 - 6s - loss: 8.8416 - accuracy: 0.1388 - val_loss: 8.7854 - val_accuracy: 0.1499 - 6s/epoch - 4ms/step
Epoch 44/100
1563/1563 - 6s - loss: 8.7301 - accuracy: 0.1376 - val_loss: 8.6749 - val_accuracy: 0.1490 - 6s/epoch - 4ms/step
Epoch 45/100
1563/1563 - 6s - loss: 8.6205 - accuracy: 0.1367 - val_loss: 8.5664 - val_accuracy: 0.1480 - 6s/epoch - 4ms/step
Epoch 46/100
1563/1563 - 6s - loss: 8.5129 - accuracy: 0.1353 - val_loss: 8.4597 - val_accuracy: 0.1463 - 6s/epoch - 4ms/step
Epoch 47/100
1563/1563 - 6s - loss: 8.4071 - accuracy: 0.1336 - val_loss: 8.3548 - val_accuracy: 0.1422 - 6s/epoch - 4ms/step
Epoch 48/100
1563/1563 - 6s - loss: 8.3032 - accuracy: 0.1312 - val_loss: 8.2518 - val_accuracy: 0.1380 - 6s/epoch - 4ms/step
Epoch 49/100
1563/1563 - 6s - loss: 8.2011 - accuracy: 0.1288 - val_loss: 8.1506 - val_accuracy: 0.1361 - 6s/epoch - 4ms/step
Epoch 50/100
1563/1563 - 6s - loss: 8.1008 - accuracy: 0.1319 - val_loss: 8.0511 - val_accuracy: 0.1304 - 6s/epoch - 4ms/step
Epoch 51/100
1563/1563 - 6s - loss: 8.0022 - accuracy: 0.1253 - val_loss: 7.9534 - val_accuracy: 0.1288 - 6s/epoch - 4ms/step
Epoch 52/100
1563/1563 - 6s - loss: 7.9053 - accuracy: 0.1247 - val_loss: 7.8574 - val_accuracy: 0.1282 - 6s/epoch - 4ms/step
Epoch 53/100
1563/1563 - 6s - loss: 7.8101 - accuracy: 0.1209 - val_loss: 7.7630 - val_accuracy: 0.1232 - 6s/epoch - 4ms/step
Epoch 54/100
1563/1563 - 6s - loss: 7.7166 - accuracy: 0.1224 - val_loss: 7.6703 - val_accuracy: 0.1189 - 6s/epoch - 4ms/step
Epoch 55/100
1563/1563 - 6s - loss: 7.6247 - accuracy: 0.1209 - val_loss: 7.5792 - val_accuracy: 0.1212 - 6s/epoch - 4ms/step
Epoch 56/100
1563/1563 - 6s - loss: 7.5344 - accuracy: 0.1192 - val_loss: 7.4897 - val_accuracy: 0.1170 - 6s/epoch - 4ms/step
Epoch 57/100
1563/1563 - 6s - loss: 7.4457 - accuracy: 0.1166 - val_loss: 7.4018 - val_accuracy: 0.1169 - 6s/epoch - 4ms/step
Epoch 58/100
1563/1563 - 6s - loss: 7.3585 - accuracy: 0.1127 - val_loss: 7.3153 - val_accuracy: 0.1125 - 6s/epoch - 4ms/step
Epoch 59/100
Restoring model weights from the end of the best epoch: 29.
1563/1563 - 6s - loss: 7.2728 - accuracy: 0.1149 - val_loss: 7.2304 - val_accuracy: 0.1131 - 6s/epoch - 4ms/step
Epoch 59: early stopping
313/313 - 1s - loss: 10.5554 - accuracy: 0.1498 - 524ms/epoch - 2ms/step

ACCURACY: 0.14980000257492065


SCORE: -0.3772172418024444

[92m | MODULE VALUES ---------------------------------------------  |
 [0m
FLOPS: 13821380
PARAMS: 550530.0
[92m 
 | -----------------------------------------------------------  |
 [0m

--- BANANAS ITERATION 70 / 1000 ---
Chosen point: {'num_neurons': 8, 'unit_c1': 3, 'unit_c2': 1, 'dr_f': 0.038996711948600944, 'learning_rate': 0.0006281075987523545, 'batch_size': 32, 'optimizer': 'SGD', 'activation': 'swish', 'data_augmentation': True, 'reg_l2': True, 'skip_connection': True, 'new_fc_1': 4, 'new_fc_2': 26, 'new_fc_3': 27, 'new_fc_4': 18, 'new_fc_5': 7, 'new_fc_6': 26, 'new_fc_7': 31, 'new_fc_8': 13, 'new_fc_9': 4, 'new_fc_10': 16}
[94m
|  --> START TRAINING ITERATION 2[0m
[INFO] Flags -> DA: True, L2: True, Skip: True
Building model with input_shape=(32, 32, 3), pos_input_shape=None, layer_x_block=2
Model: "model"
__________________________________________________________________________________________________
 Layer (type)                Output Shape                 Param #   Connected to                  
==================================================================================================
 input_2 (InputLayer)        [(None, 32, 32, 3)]          0         []                            
                                                                                                  
 conv2d (Conv2D)             (None, 32, 32, 24)           672       ['input_2[0][0]']             
                                                                                                  
 activation (Activation)     (None, 32, 32, 24)           0         ['conv2d[1][0]']              
                                                                                                  
 conv2d_2 (Conv2D)           (None, 32, 32, 24)           96        ['input_2[0][0]']             
                                                                                                  
 conv2d_1 (Conv2D)           (None, 32, 32, 24)           5208      ['activation[1][0]']          
                                                                                                  
 add (Add)                   (None, 32, 32, 24)           0         ['conv2d_2[1][0]',            
                                                                     'conv2d_1[1][0]']            
                                                                                                  
 activation_1 (Activation)   (None, 32, 32, 24)           0         ['add[1][0]']                 
                                                                                                  
 max_pooling2d (MaxPooling2  (None, 16, 16, 24)           0         ['activation_1[1][0]']        
 D)                                                                                               
                                                                                                  
 conv2d_3 (Conv2D)           (None, 16, 16, 8)            1736      ['max_pooling2d[1][0]']       
                                                                                                  
 activation_2 (Activation)   (None, 16, 16, 8)            0         ['conv2d_3[1][0]']            
                                                                                                  
 conv2d_5 (Conv2D)           (None, 16, 16, 8)            200       ['max_pooling2d[1][0]']       
                                                                                                  
 conv2d_4 (Conv2D)           (None, 16, 16, 8)            584       ['activation_2[1][0]']        
                                                                                                  
 add_1 (Add)                 (None, 16, 16, 8)            0         ['conv2d_5[1][0]',            
                                                                     'conv2d_4[1][0]']            
                                                                                                  
 activation_3 (Activation)   (None, 16, 16, 8)            0         ['add_1[1][0]']               
                                                                                                  
 max_pooling2d_1 (MaxPoolin  (None, 8, 8, 8)              0         ['activation_3[1][0]']        
 g2D)                                                                                             
                                                                                                  
 flatten (Flatten)           (None, 512)                  0         ['max_pooling2d_1[1][0]']     
                                                                                                  
 dense (Dense)               (None, 32)                   16416     ['flatten[1][0]']             
                                                                                                  
 activation_4 (Activation)   (None, 32)                   0         ['dense[1][0]']               
                                                                                                  
 dropout (Dropout)           (None, 32)                   0         ['activation_4[1][0]']        
                                                                                                  
 dense_1 (Dense)             (None, 208)                  6864      ['dropout[1][0]']             
                                                                                                  
 activation_5 (Activation)   (None, 208)                  0         ['dense_1[1][0]']             
                                                                                                  
 dropout_1 (Dropout)         (None, 208)                  0         ['activation_5[1][0]']        
                                                                                                  
 dense_2 (Dense)             (None, 216)                  45144     ['dropout_1[1][0]']           
                                                                                                  
 activation_6 (Activation)   (None, 216)                  0         ['dense_2[1][0]']             
                                                                                                  
 dropout_2 (Dropout)         (None, 216)                  0         ['activation_6[1][0]']        
                                                                                                  
 dense_3 (Dense)             (None, 144)                  31248     ['dropout_2[1][0]']           
                                                                                                  
 activation_7 (Activation)   (None, 144)                  0         ['dense_3[1][0]']             
                                                                                                  
 dropout_3 (Dropout)         (None, 144)                  0         ['activation_7[1][0]']        
                                                                                                  
 dense_4 (Dense)             (None, 56)                   8120      ['dropout_3[1][0]']           
                                                                                                  
 activation_8 (Activation)   (None, 56)                   0         ['dense_4[1][0]']             
                                                                                                  
 dropout_4 (Dropout)         (None, 56)                   0         ['activation_8[1][0]']        
                                                                                                  
 dense_5 (Dense)             (None, 208)                  11856     ['dropout_4[1][0]']           
                                                                                                  
 activation_9 (Activation)   (None, 208)                  0         ['dense_5[1][0]']             
                                                                                                  
 dropout_5 (Dropout)         (None, 208)                  0         ['activation_9[1][0]']        
                                                                                                  
 dense_6 (Dense)             (None, 248)                  51832     ['dropout_5[1][0]']           
                                                                                                  
 activation_10 (Activation)  (None, 248)                  0         ['dense_6[1][0]']             
                                                                                                  
 dropout_6 (Dropout)         (None, 248)                  0         ['activation_10[1][0]']       
                                                                                                  
 dense_7 (Dense)             (None, 104)                  25896     ['dropout_6[1][0]']           
                                                                                                  
 activation_11 (Activation)  (None, 104)                  0         ['dense_7[1][0]']             
                                                                                                  
 dropout_7 (Dropout)         (None, 104)                  0         ['activation_11[1][0]']       
                                                                                                  
 dense_8 (Dense)             (None, 32)                   3360      ['dropout_7[1][0]']           
                                                                                                  
 activation_12 (Activation)  (None, 32)                   0         ['dense_8[1][0]']             
                                                                                                  
 dropout_8 (Dropout)         (None, 32)                   0         ['activation_12[1][0]']       
                                                                                                  
 dense_9 (Dense)             (None, 128)                  4224      ['dropout_8[1][0]']           
                                                                                                  
 activation_13 (Activation)  (None, 128)                  0         ['dense_9[1][0]']             
                                                                                                  
 dropout_9 (Dropout)         (None, 128)                  0         ['activation_13[1][0]']       
                                                                                                  
 dense_10 (Dense)            (None, 10)                   1290      ['dropout_9[1][0]']           
                                                                                                  
==================================================================================================
Total params: 214746 (838.85 KB)
Trainable params: 214746 (838.85 KB)
Non-trainable params: 0 (0.00 Byte)
__________________________________________________________________________________________________
Epoch 1/100
1563/1563 - 11s - loss: 14.0685 - accuracy: 0.0974 - val_loss: 13.8435 - val_accuracy: 0.1234 - 11s/epoch - 7ms/step
Epoch 2/100
1563/1563 - 7s - loss: 13.6247 - accuracy: 0.0967 - val_loss: 13.4084 - val_accuracy: 0.1003 - 7s/epoch - 4ms/step
Epoch 3/100
1563/1563 - 7s - loss: 13.1979 - accuracy: 0.0966 - val_loss: 12.9898 - val_accuracy: 0.1136 - 7s/epoch - 4ms/step
Epoch 4/100
1563/1563 - 7s - loss: 12.7875 - accuracy: 0.0969 - val_loss: 12.5873 - val_accuracy: 0.1000 - 7s/epoch - 4ms/step
Epoch 5/100
1563/1563 - 7s - loss: 12.3927 - accuracy: 0.0972 - val_loss: 12.2002 - val_accuracy: 0.1000 - 7s/epoch - 4ms/step
Epoch 6/100
1563/1563 - 6s - loss: 12.0131 - accuracy: 0.0964 - val_loss: 11.8279 - val_accuracy: 0.1000 - 6s/epoch - 4ms/step
Epoch 7/100
1563/1563 - 6s - loss: 11.6479 - accuracy: 0.0962 - val_loss: 11.4699 - val_accuracy: 0.1000 - 6s/epoch - 4ms/step
Epoch 8/100
1563/1563 - 6s - loss: 11.2967 - accuracy: 0.0966 - val_loss: 11.1255 - val_accuracy: 0.1000 - 6s/epoch - 4ms/step
Epoch 9/100
1563/1563 - 6s - loss: 10.9590 - accuracy: 0.0975 - val_loss: 10.7943 - val_accuracy: 0.1000 - 6s/epoch - 4ms/step
Epoch 10/100
1563/1563 - 6s - loss: 10.6341 - accuracy: 0.0994 - val_loss: 10.4757 - val_accuracy: 0.1000 - 6s/epoch - 4ms/step
Epoch 11/100
1563/1563 - 6s - loss: 10.3217 - accuracy: 0.0969 - val_loss: 10.1694 - val_accuracy: 0.1000 - 6s/epoch - 4ms/step
Epoch 12/100
1563/1563 - 6s - loss: 10.0212 - accuracy: 0.0963 - val_loss: 9.8747 - val_accuracy: 0.1000 - 6s/epoch - 4ms/step
Epoch 13/100
1563/1563 - 7s - loss: 9.7322 - accuracy: 0.0972 - val_loss: 9.5913 - val_accuracy: 0.1000 - 7s/epoch - 4ms/step
Epoch 14/100
1563/1563 - 7s - loss: 9.4542 - accuracy: 0.0973 - val_loss: 9.3186 - val_accuracy: 0.1000 - 7s/epoch - 4ms/step
Epoch 15/100
1563/1563 - 7s - loss: 9.1868 - accuracy: 0.0975 - val_loss: 9.0565 - val_accuracy: 0.1000 - 7s/epoch - 4ms/step
Epoch 16/100
1563/1563 - 7s - loss: 8.9297 - accuracy: 0.0964 - val_loss: 8.8043 - val_accuracy: 0.1000 - 7s/epoch - 4ms/step
Epoch 17/100
1563/1563 - 7s - loss: 8.6824 - accuracy: 0.0977 - val_loss: 8.5617 - val_accuracy: 0.1000 - 7s/epoch - 4ms/step
Epoch 18/100
1563/1563 - 7s - loss: 8.4445 - accuracy: 0.0967 - val_loss: 8.3284 - val_accuracy: 0.1000 - 7s/epoch - 4ms/step
Epoch 19/100
1563/1563 - 7s - loss: 8.2156 - accuracy: 0.0981 - val_loss: 8.1040 - val_accuracy: 0.1000 - 7s/epoch - 4ms/step
Epoch 20/100
1563/1563 - 7s - loss: 7.9955 - accuracy: 0.0967 - val_loss: 7.8882 - val_accuracy: 0.1000 - 7s/epoch - 4ms/step
Epoch 21/100
1563/1563 - 7s - loss: 7.7838 - accuracy: 0.0977 - val_loss: 7.6806 - val_accuracy: 0.1000 - 7s/epoch - 4ms/step
Epoch 22/100
1563/1563 - 7s - loss: 7.5802 - accuracy: 0.0967 - val_loss: 7.4809 - val_accuracy: 0.1000 - 7s/epoch - 4ms/step
Epoch 23/100
1563/1563 - 7s - loss: 7.3843 - accuracy: 0.0968 - val_loss: 7.2888 - val_accuracy: 0.1000 - 7s/epoch - 4ms/step
Epoch 24/100
1563/1563 - 7s - loss: 7.1959 - accuracy: 0.0971 - val_loss: 7.1040 - val_accuracy: 0.1000 - 7s/epoch - 4ms/step
Epoch 25/100
1563/1563 - 7s - loss: 7.0146 - accuracy: 0.0963 - val_loss: 6.9263 - val_accuracy: 0.1000 - 7s/epoch - 4ms/step
Epoch 26/100
1563/1563 - 7s - loss: 6.8403 - accuracy: 0.0959 - val_loss: 6.7553 - val_accuracy: 0.1000 - 7s/epoch - 4ms/step
Epoch 27/100
1563/1563 - 7s - loss: 6.6726 - accuracy: 0.0965 - val_loss: 6.5908 - val_accuracy: 0.1000 - 7s/epoch - 4ms/step
Epoch 28/100
1563/1563 - 7s - loss: 6.5113 - accuracy: 0.0967 - val_loss: 6.4326 - val_accuracy: 0.1000 - 7s/epoch - 4ms/step
Epoch 29/100
1563/1563 - 7s - loss: 6.3561 - accuracy: 0.0963 - val_loss: 6.2804 - val_accuracy: 0.1000 - 7s/epoch - 4ms/step
Epoch 30/100
1563/1563 - 7s - loss: 6.2068 - accuracy: 0.0971 - val_loss: 6.1340 - val_accuracy: 0.1000 - 7s/epoch - 4ms/step
Epoch 31/100
Restoring model weights from the end of the best epoch: 1.
1563/1563 - 7s - loss: 6.0632 - accuracy: 0.0971 - val_loss: 5.9932 - val_accuracy: 0.1000 - 7s/epoch - 4ms/step
Epoch 31: early stopping
313/313 - 1s - loss: 13.8435 - accuracy: 0.1234 - 512ms/epoch - 2ms/step

ACCURACY: 0.1234000027179718


SCORE: -0.3583342499025802

[92m | MODULE VALUES ---------------------------------------------  |
 [0m
FLOPS: 14022876
PARAMS: 214746.0
[92m 
 | -----------------------------------------------------------  |
 [0m

--- BANANAS ITERATION 71 / 1000 ---
Chosen point: {'num_neurons': 8, 'unit_c1': 1, 'unit_c2': 1, 'dr_f': 0.04486819532637215, 'learning_rate': 0.0005274652267903634, 'batch_size': 16, 'optimizer': 'Adadelta', 'activation': 'relu', 'data_augmentation': True, 'reg_l2': True, 'skip_connection': True, 'new_fc_1': 30, 'new_fc_2': 3, 'new_fc_3': 10, 'new_fc_4': 16, 'new_fc_5': 30, 'new_fc_6': 16, 'new_fc_7': 24, 'new_fc_8': 21, 'new_fc_9': 25, 'new_fc_10': 1}
[94m
|  --> START TRAINING ITERATION 3[0m
[INFO] Flags -> DA: True, L2: True, Skip: True
Building model with input_shape=(32, 32, 3), pos_input_shape=None, layer_x_block=2
Model: "model"
__________________________________________________________________________________________________
 Layer (type)                Output Shape                 Param #   Connected to                  
==================================================================================================
 input_2 (InputLayer)        [(None, 32, 32, 3)]          0         []                            
                                                                                                  
 conv2d (Conv2D)             (None, 32, 32, 8)            224       ['input_2[0][0]']             
                                                                                                  
 activation (Activation)     (None, 32, 32, 8)            0         ['conv2d[1][0]']              
                                                                                                  
 conv2d_2 (Conv2D)           (None, 32, 32, 8)            32        ['input_2[0][0]']             
                                                                                                  
 conv2d_1 (Conv2D)           (None, 32, 32, 8)            584       ['activation[1][0]']          
                                                                                                  
 add (Add)                   (None, 32, 32, 8)            0         ['conv2d_2[1][0]',            
                                                                     'conv2d_1[1][0]']            
                                                                                                  
 activation_1 (Activation)   (None, 32, 32, 8)            0         ['add[1][0]']                 
                                                                                                  
 max_pooling2d (MaxPooling2  (None, 16, 16, 8)            0         ['activation_1[1][0]']        
 D)                                                                                               
                                                                                                  
 conv2d_3 (Conv2D)           (None, 16, 16, 8)            584       ['max_pooling2d[1][0]']       
                                                                                                  
 activation_2 (Activation)   (None, 16, 16, 8)            0         ['conv2d_3[1][0]']            
                                                                                                  
 conv2d_4 (Conv2D)           (None, 16, 16, 8)            584       ['activation_2[1][0]']        
                                                                                                  
 add_1 (Add)                 (None, 16, 16, 8)            0         ['max_pooling2d[1][0]',       
                                                                     'conv2d_4[1][0]']            
                                                                                                  
 activation_3 (Activation)   (None, 16, 16, 8)            0         ['add_1[1][0]']               
                                                                                                  
 max_pooling2d_1 (MaxPoolin  (None, 8, 8, 8)              0         ['activation_3[1][0]']        
 g2D)                                                                                             
                                                                                                  
 flatten (Flatten)           (None, 512)                  0         ['max_pooling2d_1[1][0]']     
                                                                                                  
 dense (Dense)               (None, 240)                  123120    ['flatten[1][0]']             
                                                                                                  
 activation_4 (Activation)   (None, 240)                  0         ['dense[1][0]']               
                                                                                                  
 dropout (Dropout)           (None, 240)                  0         ['activation_4[1][0]']        
                                                                                                  
 dense_1 (Dense)             (None, 24)                   5784      ['dropout[1][0]']             
                                                                                                  
 activation_5 (Activation)   (None, 24)                   0         ['dense_1[1][0]']             
                                                                                                  
 dropout_1 (Dropout)         (None, 24)                   0         ['activation_5[1][0]']        
                                                                                                  
 dense_2 (Dense)             (None, 80)                   2000      ['dropout_1[1][0]']           
                                                                                                  
 activation_6 (Activation)   (None, 80)                   0         ['dense_2[1][0]']             
                                                                                                  
 dropout_2 (Dropout)         (None, 80)                   0         ['activation_6[1][0]']        
                                                                                                  
 dense_3 (Dense)             (None, 128)                  10368     ['dropout_2[1][0]']           
                                                                                                  
 activation_7 (Activation)   (None, 128)                  0         ['dense_3[1][0]']             
                                                                                                  
 dropout_3 (Dropout)         (None, 128)                  0         ['activation_7[1][0]']        
                                                                                                  
 dense_4 (Dense)             (None, 240)                  30960     ['dropout_3[1][0]']           
                                                                                                  
 activation_8 (Activation)   (None, 240)                  0         ['dense_4[1][0]']             
                                                                                                  
 dropout_4 (Dropout)         (None, 240)                  0         ['activation_8[1][0]']        
                                                                                                  
 dense_5 (Dense)             (None, 128)                  30848     ['dropout_4[1][0]']           
                                                                                                  
 activation_9 (Activation)   (None, 128)                  0         ['dense_5[1][0]']             
                                                                                                  
 dropout_5 (Dropout)         (None, 128)                  0         ['activation_9[1][0]']        
                                                                                                  
 dense_6 (Dense)             (None, 192)                  24768     ['dropout_5[1][0]']           
                                                                                                  
 activation_10 (Activation)  (None, 192)                  0         ['dense_6[1][0]']             
                                                                                                  
 dropout_6 (Dropout)         (None, 192)                  0         ['activation_10[1][0]']       
                                                                                                  
 dense_7 (Dense)             (None, 168)                  32424     ['dropout_6[1][0]']           
                                                                                                  
 activation_11 (Activation)  (None, 168)                  0         ['dense_7[1][0]']             
                                                                                                  
 dropout_7 (Dropout)         (None, 168)                  0         ['activation_11[1][0]']       
                                                                                                  
 dense_8 (Dense)             (None, 200)                  33800     ['dropout_7[1][0]']           
                                                                                                  
 activation_12 (Activation)  (None, 200)                  0         ['dense_8[1][0]']             
                                                                                                  
 dropout_8 (Dropout)         (None, 200)                  0         ['activation_12[1][0]']       
                                                                                                  
 dense_9 (Dense)             (None, 8)                    1608      ['dropout_8[1][0]']           
                                                                                                  
 activation_13 (Activation)  (None, 8)                    0         ['dense_9[1][0]']             
                                                                                                  
 dropout_9 (Dropout)         (None, 8)                    0         ['activation_13[1][0]']       
                                                                                                  
 dense_10 (Dense)            (None, 10)                   90        ['dropout_9[1][0]']           
                                                                                                  
==================================================================================================
Total params: 297778 (1.14 MB)
Trainable params: 297778 (1.14 MB)
Non-trainable params: 0 (0.00 Byte)
__________________________________________________________________________________________________
Epoch 1/100
3125/3125 - 12s - loss: 15.9402 - accuracy: 0.0983 - val_loss: 15.5420 - val_accuracy: 0.0980 - 12s/epoch - 4ms/step
Epoch 2/100
3125/3125 - 11s - loss: 15.1432 - accuracy: 0.0977 - val_loss: 14.7488 - val_accuracy: 0.0986 - 11s/epoch - 3ms/step
Epoch 3/100
3125/3125 - 11s - loss: 14.3671 - accuracy: 0.0980 - val_loss: 13.9912 - val_accuracy: 0.0986 - 11s/epoch - 3ms/step
Epoch 4/100
3125/3125 - 11s - loss: 13.6288 - accuracy: 0.0986 - val_loss: 13.2725 - val_accuracy: 0.0992 - 11s/epoch - 3ms/step
Epoch 5/100
3125/3125 - 11s - loss: 12.9297 - accuracy: 0.0981 - val_loss: 12.5927 - val_accuracy: 0.0996 - 11s/epoch - 3ms/step
Epoch 6/100
3125/3125 - 11s - loss: 12.2692 - accuracy: 0.1002 - val_loss: 11.9515 - val_accuracy: 0.0991 - 11s/epoch - 3ms/step
Epoch 7/100
3125/3125 - 11s - loss: 11.6467 - accuracy: 0.1010 - val_loss: 11.3478 - val_accuracy: 0.0980 - 11s/epoch - 3ms/step
Epoch 8/100
3125/3125 - 11s - loss: 11.0613 - accuracy: 0.1019 - val_loss: 10.7805 - val_accuracy: 0.0988 - 11s/epoch - 3ms/step
Epoch 9/100
3125/3125 - 11s - loss: 10.5116 - accuracy: 0.1026 - val_loss: 10.2480 - val_accuracy: 0.1031 - 11s/epoch - 3ms/step
Epoch 10/100
3125/3125 - 11s - loss: 9.9957 - accuracy: 0.1027 - val_loss: 9.7486 - val_accuracy: 0.1123 - 11s/epoch - 3ms/step
Epoch 11/100
3125/3125 - 11s - loss: 9.5122 - accuracy: 0.1068 - val_loss: 9.2805 - val_accuracy: 0.1196 - 11s/epoch - 3ms/step
Epoch 12/100
3125/3125 - 11s - loss: 9.0589 - accuracy: 0.1086 - val_loss: 8.8419 - val_accuracy: 0.1171 - 11s/epoch - 3ms/step
Epoch 13/100
3125/3125 - 11s - loss: 8.6343 - accuracy: 0.1039 - val_loss: 8.4310 - val_accuracy: 0.1102 - 11s/epoch - 3ms/step
Epoch 14/100
3125/3125 - 11s - loss: 8.2365 - accuracy: 0.1022 - val_loss: 8.0461 - val_accuracy: 0.1036 - 11s/epoch - 3ms/step
Epoch 15/100
3125/3125 - 11s - loss: 7.8639 - accuracy: 0.1027 - val_loss: 7.6856 - val_accuracy: 0.1000 - 11s/epoch - 3ms/step
Epoch 16/100
3125/3125 - 11s - loss: 7.5149 - accuracy: 0.1014 - val_loss: 7.3479 - val_accuracy: 0.1000 - 11s/epoch - 3ms/step
Epoch 17/100
3125/3125 - 11s - loss: 7.1881 - accuracy: 0.0990 - val_loss: 7.0316 - val_accuracy: 0.1000 - 11s/epoch - 3ms/step
Epoch 18/100
3125/3125 - 11s - loss: 6.8819 - accuracy: 0.1003 - val_loss: 6.7354 - val_accuracy: 0.1000 - 11s/epoch - 3ms/step
Epoch 19/100
3125/3125 - 11s - loss: 6.5952 - accuracy: 0.1010 - val_loss: 6.4579 - val_accuracy: 0.1000 - 11s/epoch - 3ms/step
Epoch 20/100
3125/3125 - 11s - loss: 6.3266 - accuracy: 0.0991 - val_loss: 6.1980 - val_accuracy: 0.1000 - 11s/epoch - 3ms/step
Epoch 21/100
3125/3125 - 11s - loss: 6.0750 - accuracy: 0.1003 - val_loss: 5.9546 - val_accuracy: 0.1000 - 11s/epoch - 3ms/step
Epoch 22/100
3125/3125 - 11s - loss: 5.8394 - accuracy: 0.0992 - val_loss: 5.7266 - val_accuracy: 0.1000 - 11s/epoch - 3ms/step
Epoch 23/100
3125/3125 - 11s - loss: 5.6187 - accuracy: 0.1011 - val_loss: 5.5131 - val_accuracy: 0.1000 - 11s/epoch - 3ms/step
Epoch 24/100
3125/3125 - 11s - loss: 5.4120 - accuracy: 0.0995 - val_loss: 5.3131 - val_accuracy: 0.1000 - 11s/epoch - 3ms/step
Epoch 25/100
3125/3125 - 11s - loss: 5.2184 - accuracy: 0.1013 - val_loss: 5.1257 - val_accuracy: 0.1000 - 11s/epoch - 3ms/step
Epoch 26/100
3125/3125 - 11s - loss: 5.0371 - accuracy: 0.1007 - val_loss: 4.9502 - val_accuracy: 0.1000 - 11s/epoch - 3ms/step
Epoch 27/100
3125/3125 - 11s - loss: 4.8672 - accuracy: 0.0998 - val_loss: 4.7859 - val_accuracy: 0.1000 - 11s/epoch - 3ms/step
Epoch 28/100
3125/3125 - 11s - loss: 4.7080 - accuracy: 0.0995 - val_loss: 4.6319 - val_accuracy: 0.1000 - 11s/epoch - 3ms/step
Epoch 29/100
3125/3125 - 11s - loss: 4.5590 - accuracy: 0.0992 - val_loss: 4.4876 - val_accuracy: 0.1000 - 11s/epoch - 3ms/step
Epoch 30/100
3125/3125 - 11s - loss: 4.4193 - accuracy: 0.0990 - val_loss: 4.3525 - val_accuracy: 0.1000 - 11s/epoch - 3ms/step
Epoch 31/100
3125/3125 - 11s - loss: 4.2885 - accuracy: 0.0999 - val_loss: 4.2259 - val_accuracy: 0.1000 - 11s/epoch - 4ms/step
Epoch 32/100
3125/3125 - 11s - loss: 4.1659 - accuracy: 0.0999 - val_loss: 4.1073 - val_accuracy: 0.1000 - 11s/epoch - 3ms/step
Epoch 33/100
3125/3125 - 11s - loss: 4.0511 - accuracy: 0.0997 - val_loss: 3.9961 - val_accuracy: 0.0994 - 11s/epoch - 4ms/step
Epoch 34/100
3125/3125 - 11s - loss: 3.9435 - accuracy: 0.0983 - val_loss: 3.8920 - val_accuracy: 0.1000 - 11s/epoch - 3ms/step
Epoch 35/100
3125/3125 - 11s - loss: 3.8428 - accuracy: 0.1025 - val_loss: 3.7945 - val_accuracy: 0.1000 - 11s/epoch - 4ms/step
Epoch 36/100
3125/3125 - 11s - loss: 3.7483 - accuracy: 0.1005 - val_loss: 3.7031 - val_accuracy: 0.1000 - 11s/epoch - 3ms/step
Epoch 37/100
3125/3125 - 11s - loss: 3.6598 - accuracy: 0.1001 - val_loss: 3.6174 - val_accuracy: 0.1000 - 11s/epoch - 3ms/step
Epoch 38/100
3125/3125 - 11s - loss: 3.5769 - accuracy: 0.0995 - val_loss: 3.5372 - val_accuracy: 0.1000 - 11s/epoch - 3ms/step
Epoch 39/100
3125/3125 - 11s - loss: 3.4992 - accuracy: 0.0998 - val_loss: 3.4620 - val_accuracy: 0.1000 - 11s/epoch - 3ms/step
Epoch 40/100
3125/3125 - 11s - loss: 3.4264 - accuracy: 0.1001 - val_loss: 3.3915 - val_accuracy: 0.1000 - 11s/epoch - 3ms/step
Epoch 41/100
Restoring model weights from the end of the best epoch: 11.
3125/3125 - 11s - loss: 3.3581 - accuracy: 0.0996 - val_loss: 3.3255 - val_accuracy: 0.1000 - 11s/epoch - 3ms/step
Epoch 41: early stopping
313/313 - 1s - loss: 9.2805 - accuracy: 0.1196 - 730ms/epoch - 2ms/step

ACCURACY: 0.11959999799728394


SCORE: -0.37791936659809877

[92m | MODULE VALUES ---------------------------------------------  |
 [0m
FLOPS: 2900316
PARAMS: 297778.0
[92m 
 | -----------------------------------------------------------  |
 [0m

--- BANANAS ITERATION 72 / 1000 ---
Chosen point: {'num_neurons': 8, 'unit_c1': 1, 'unit_c2': 6, 'dr_f': 0.061322627681242664, 'learning_rate': 0.0005078995567804163, 'batch_size': 64, 'optimizer': 'Adagrad', 'activation': 'relu', 'data_augmentation': True, 'reg_l2': True, 'skip_connection': False, 'new_fc_1': 12, 'new_fc_2': 2, 'new_fc_3': 2, 'new_fc_4': 19, 'new_fc_5': 15, 'new_fc_6': 20, 'new_fc_7': 26, 'new_fc_8': 0, 'new_fc_9': 16, 'new_fc_10': 3}
[94m
|  --> START TRAINING ITERATION 4[0m
[INFO] Flags -> DA: True, L2: True, Skip: False
Building model with input_shape=(32, 32, 3), pos_input_shape=None, layer_x_block=2
Model: "model"
_________________________________________________________________
 Layer (type)                Output Shape              Param #   
=================================================================
 input_2 (InputLayer)        [(None, 32, 32, 3)]       0         
                                                                 
 conv2d (Conv2D)             (None, 32, 32, 8)         224       
                                                                 
 activation (Activation)     (None, 32, 32, 8)         0         
                                                                 
 conv2d_1 (Conv2D)           (None, 32, 32, 8)         584       
                                                                 
 activation_1 (Activation)   (None, 32, 32, 8)         0         
                                                                 
 max_pooling2d (MaxPooling2  (None, 16, 16, 8)         0         
 D)                                                              
                                                                 
 conv2d_2 (Conv2D)           (None, 16, 16, 48)        3504      
                                                                 
 activation_2 (Activation)   (None, 16, 16, 48)        0         
                                                                 
 conv2d_3 (Conv2D)           (None, 16, 16, 48)        20784     
                                                                 
 activation_3 (Activation)   (None, 16, 16, 48)        0         
                                                                 
 max_pooling2d_1 (MaxPoolin  (None, 8, 8, 48)          0         
 g2D)                                                            
                                                                 
 flatten (Flatten)           (None, 3072)              0         
                                                                 
 dense (Dense)               (None, 96)                295008    
                                                                 
 activation_4 (Activation)   (None, 96)                0         
                                                                 
 dropout (Dropout)           (None, 96)                0         
                                                                 
 dense_1 (Dense)             (None, 16)                1552      
                                                                 
 activation_5 (Activation)   (None, 16)                0         
                                                                 
 dropout_1 (Dropout)         (None, 16)                0         
                                                                 
 dense_2 (Dense)             (None, 16)                272       
                                                                 
 activation_6 (Activation)   (None, 16)                0         
                                                                 
 dropout_2 (Dropout)         (None, 16)                0         
                                                                 
 dense_3 (Dense)             (None, 152)               2584      
                                                                 
 activation_7 (Activation)   (None, 152)               0         
                                                                 
 dropout_3 (Dropout)         (None, 152)               0         
                                                                 
 dense_4 (Dense)             (None, 120)               18360     
                                                                 
 activation_8 (Activation)   (None, 120)               0         
                                                                 
 dropout_4 (Dropout)         (None, 120)               0         
                                                                 
 dense_5 (Dense)             (None, 160)               19360     
                                                                 
 activation_9 (Activation)   (None, 160)               0         
                                                                 
 dropout_5 (Dropout)         (None, 160)               0         
                                                                 
 dense_6 (Dense)             (None, 208)               33488     
                                                                 
 activation_10 (Activation)  (None, 208)               0         
                                                                 
 dropout_6 (Dropout)         (None, 208)               0         
                                                                 
 dense_7 (Dense)             (None, 128)               26752     
                                                                 
 activation_11 (Activation)  (None, 128)               0         
                                                                 
 dropout_7 (Dropout)         (None, 128)               0         
                                                                 
 dense_8 (Dense)             (None, 24)                3096      
                                                                 
 activation_12 (Activation)  (None, 24)                0         
                                                                 
 dropout_8 (Dropout)         (None, 24)                0         
                                                                 
 dense_9 (Dense)             (None, 10)                250       
                                                                 
=================================================================
Total params: 425818 (1.62 MB)
Trainable params: 425818 (1.62 MB)
Non-trainable params: 0 (0.00 Byte)
_________________________________________________________________
Epoch 1/100
782/782 - 6s - loss: 12.0016 - accuracy: 0.0998 - val_loss: 11.7723 - val_accuracy: 0.0998 - 6s/epoch - 8ms/step
Epoch 2/100
782/782 - 3s - loss: 11.5540 - accuracy: 0.1021 - val_loss: 11.3393 - val_accuracy: 0.1073 - 3s/epoch - 4ms/step
Epoch 3/100
782/782 - 3s - loss: 11.1345 - accuracy: 0.1047 - val_loss: 10.9327 - val_accuracy: 0.1140 - 3s/epoch - 4ms/step
Epoch 4/100
782/782 - 3s - loss: 10.7400 - accuracy: 0.1077 - val_loss: 10.5500 - val_accuracy: 0.1154 - 3s/epoch - 4ms/step
Epoch 5/100
782/782 - 3s - loss: 10.3683 - accuracy: 0.1091 - val_loss: 10.1892 - val_accuracy: 0.1214 - 3s/epoch - 4ms/step
Epoch 6/100
782/782 - 3s - loss: 10.0176 - accuracy: 0.1104 - val_loss: 9.8483 - val_accuracy: 0.1235 - 3s/epoch - 4ms/step
Epoch 7/100
782/782 - 3s - loss: 9.6860 - accuracy: 0.1102 - val_loss: 9.5258 - val_accuracy: 0.1192 - 3s/epoch - 4ms/step
Epoch 8/100
782/782 - 3s - loss: 9.3721 - accuracy: 0.1137 - val_loss: 9.2204 - val_accuracy: 0.1185 - 3s/epoch - 4ms/step
Epoch 9/100
782/782 - 3s - loss: 9.0748 - accuracy: 0.1119 - val_loss: 8.9309 - val_accuracy: 0.1159 - 3s/epoch - 4ms/step
Epoch 10/100
782/782 - 3s - loss: 8.7927 - accuracy: 0.1121 - val_loss: 8.6561 - val_accuracy: 0.1148 - 3s/epoch - 4ms/step
Epoch 11/100
782/782 - 3s - loss: 8.5249 - accuracy: 0.1135 - val_loss: 8.3952 - val_accuracy: 0.1091 - 3s/epoch - 4ms/step
Epoch 12/100
782/782 - 3s - loss: 8.2704 - accuracy: 0.1140 - val_loss: 8.1470 - val_accuracy: 0.1315 - 3s/epoch - 4ms/step
Epoch 13/100
782/782 - 3s - loss: 8.0283 - accuracy: 0.1171 - val_loss: 7.9110 - val_accuracy: 0.1295 - 3s/epoch - 4ms/step
Epoch 14/100
782/782 - 3s - loss: 7.7979 - accuracy: 0.1132 - val_loss: 7.6862 - val_accuracy: 0.1443 - 3s/epoch - 4ms/step
Epoch 15/100
782/782 - 3s - loss: 7.5786 - accuracy: 0.1162 - val_loss: 7.4721 - val_accuracy: 0.1427 - 3s/epoch - 4ms/step
Epoch 16/100
782/782 - 3s - loss: 7.3695 - accuracy: 0.1129 - val_loss: 7.2680 - val_accuracy: 0.1394 - 3s/epoch - 4ms/step
Epoch 17/100
782/782 - 3s - loss: 7.1702 - accuracy: 0.1119 - val_loss: 7.0734 - val_accuracy: 0.1316 - 3s/epoch - 4ms/step
Epoch 18/100
782/782 - 3s - loss: 6.9800 - accuracy: 0.1113 - val_loss: 6.8876 - val_accuracy: 0.1245 - 3s/epoch - 4ms/step
Epoch 19/100
782/782 - 3s - loss: 6.7985 - accuracy: 0.1074 - val_loss: 6.7103 - val_accuracy: 0.1002 - 3s/epoch - 4ms/step
Epoch 20/100
782/782 - 3s - loss: 6.6252 - accuracy: 0.1096 - val_loss: 6.5409 - val_accuracy: 0.0999 - 3s/epoch - 4ms/step
Epoch 21/100
782/782 - 3s - loss: 6.4596 - accuracy: 0.1062 - val_loss: 6.3791 - val_accuracy: 0.1000 - 3s/epoch - 4ms/step
Epoch 22/100
782/782 - 3s - loss: 6.3014 - accuracy: 0.1058 - val_loss: 6.2244 - val_accuracy: 0.1000 - 3s/epoch - 4ms/step
Epoch 23/100
782/782 - 3s - loss: 6.1501 - accuracy: 0.1064 - val_loss: 6.0765 - val_accuracy: 0.1000 - 3s/epoch - 4ms/step
Epoch 24/100
782/782 - 3s - loss: 6.0053 - accuracy: 0.1021 - val_loss: 5.9349 - val_accuracy: 0.1000 - 3s/epoch - 4ms/step
Epoch 25/100
782/782 - 3s - loss: 5.8669 - accuracy: 0.1019 - val_loss: 5.7995 - val_accuracy: 0.1000 - 3s/epoch - 4ms/step
Epoch 26/100
782/782 - 3s - loss: 5.7344 - accuracy: 0.1034 - val_loss: 5.6698 - val_accuracy: 0.1000 - 3s/epoch - 4ms/step
Epoch 27/100
782/782 - 3s - loss: 5.6075 - accuracy: 0.1032 - val_loss: 5.5457 - val_accuracy: 0.1000 - 3s/epoch - 4ms/step
Epoch 28/100
782/782 - 3s - loss: 5.4859 - accuracy: 0.1044 - val_loss: 5.4268 - val_accuracy: 0.1000 - 3s/epoch - 4ms/step
Epoch 29/100
782/782 - 3s - loss: 5.3695 - accuracy: 0.0994 - val_loss: 5.3128 - val_accuracy: 0.1000 - 3s/epoch - 4ms/step
Epoch 30/100
782/782 - 3s - loss: 5.2579 - accuracy: 0.0998 - val_loss: 5.2036 - val_accuracy: 0.1000 - 3s/epoch - 4ms/step
Epoch 31/100
782/782 - 3s - loss: 5.1510 - accuracy: 0.1005 - val_loss: 5.0989 - val_accuracy: 0.1000 - 3s/epoch - 4ms/step
Epoch 32/100
782/782 - 3s - loss: 5.0484 - accuracy: 0.1012 - val_loss: 4.9984 - val_accuracy: 0.1000 - 3s/epoch - 4ms/step
Epoch 33/100
782/782 - 3s - loss: 4.9501 - accuracy: 0.1008 - val_loss: 4.9021 - val_accuracy: 0.1000 - 3s/epoch - 4ms/step
Epoch 34/100
782/782 - 3s - loss: 4.8557 - accuracy: 0.1002 - val_loss: 4.8097 - val_accuracy: 0.1000 - 3s/epoch - 4ms/step
Epoch 35/100
782/782 - 3s - loss: 4.7652 - accuracy: 0.1012 - val_loss: 4.7210 - val_accuracy: 0.1000 - 3s/epoch - 4ms/step
Epoch 36/100
782/782 - 3s - loss: 4.6783 - accuracy: 0.1002 - val_loss: 4.6359 - val_accuracy: 0.1000 - 3s/epoch - 4ms/step
Epoch 37/100
782/782 - 3s - loss: 4.5949 - accuracy: 0.1002 - val_loss: 4.5542 - val_accuracy: 0.1000 - 3s/epoch - 4ms/step
Epoch 38/100
782/782 - 3s - loss: 4.5148 - accuracy: 0.0992 - val_loss: 4.4757 - val_accuracy: 0.1000 - 3s/epoch - 4ms/step
Epoch 39/100
782/782 - 3s - loss: 4.4378 - accuracy: 0.1004 - val_loss: 4.4003 - val_accuracy: 0.1000 - 3s/epoch - 4ms/step
Epoch 40/100
782/782 - 3s - loss: 4.3639 - accuracy: 0.0993 - val_loss: 4.3279 - val_accuracy: 0.1000 - 3s/epoch - 4ms/step
Epoch 41/100
782/782 - 3s - loss: 4.2929 - accuracy: 0.0999 - val_loss: 4.2583 - val_accuracy: 0.1000 - 3s/epoch - 4ms/step
Epoch 42/100
782/782 - 3s - loss: 4.2247 - accuracy: 0.0993 - val_loss: 4.1914 - val_accuracy: 0.1000 - 3s/epoch - 4ms/step
Epoch 43/100
782/782 - 3s - loss: 4.1591 - accuracy: 0.1007 - val_loss: 4.1271 - val_accuracy: 0.1000 - 3s/epoch - 4ms/step
Epoch 44/100
Restoring model weights from the end of the best epoch: 14.
782/782 - 4s - loss: 4.0960 - accuracy: 0.1002 - val_loss: 4.0653 - val_accuracy: 0.1000 - 4s/epoch - 5ms/step
Epoch 44: early stopping
313/313 - 1s - loss: 7.6862 - accuracy: 0.1443 - 561ms/epoch - 2ms/step

ACCURACY: 0.14429999887943268


SCORE: -0.37126935121560284

[92m | MODULE VALUES ---------------------------------------------  |
 [0m
FLOPS: 14870324
PARAMS: 425818.0
[92m 
 | -----------------------------------------------------------  |
 [0m

--- BANANAS ITERATION 73 / 1000 ---
Chosen point: {'num_neurons': 8, 'unit_c1': 1, 'unit_c2': 3, 'dr_f': 0.11510341102145588, 'learning_rate': 0.0008684246594232458, 'batch_size': 64, 'optimizer': 'SGD', 'activation': 'relu', 'data_augmentation': True, 'reg_l2': True, 'skip_connection': True, 'new_fc_1': 30, 'new_fc_2': 12, 'new_fc_3': 13, 'new_fc_4': 6, 'new_fc_5': 31, 'new_fc_6': 4, 'new_fc_7': 6, 'new_fc_8': 13, 'new_fc_9': 22, 'new_fc_10': 6}
[94m
|  --> START TRAINING ITERATION 5[0m
[INFO] Flags -> DA: True, L2: True, Skip: True
Building model with input_shape=(32, 32, 3), pos_input_shape=None, layer_x_block=2
Model: "model"
__________________________________________________________________________________________________
 Layer (type)                Output Shape                 Param #   Connected to                  
==================================================================================================
 input_2 (InputLayer)        [(None, 32, 32, 3)]          0         []                            
                                                                                                  
 conv2d (Conv2D)             (None, 32, 32, 8)            224       ['input_2[0][0]']             
                                                                                                  
 activation (Activation)     (None, 32, 32, 8)            0         ['conv2d[1][0]']              
                                                                                                  
 conv2d_2 (Conv2D)           (None, 32, 32, 8)            32        ['input_2[0][0]']             
                                                                                                  
 conv2d_1 (Conv2D)           (None, 32, 32, 8)            584       ['activation[1][0]']          
                                                                                                  
 add (Add)                   (None, 32, 32, 8)            0         ['conv2d_2[1][0]',            
                                                                     'conv2d_1[1][0]']            
                                                                                                  
 activation_1 (Activation)   (None, 32, 32, 8)            0         ['add[1][0]']                 
                                                                                                  
 max_pooling2d (MaxPooling2  (None, 16, 16, 8)            0         ['activation_1[1][0]']        
 D)                                                                                               
                                                                                                  
 conv2d_3 (Conv2D)           (None, 16, 16, 24)           1752      ['max_pooling2d[1][0]']       
                                                                                                  
 activation_2 (Activation)   (None, 16, 16, 24)           0         ['conv2d_3[1][0]']            
                                                                                                  
 conv2d_5 (Conv2D)           (None, 16, 16, 24)           216       ['max_pooling2d[1][0]']       
                                                                                                  
 conv2d_4 (Conv2D)           (None, 16, 16, 24)           5208      ['activation_2[1][0]']        
                                                                                                  
 add_1 (Add)                 (None, 16, 16, 24)           0         ['conv2d_5[1][0]',            
                                                                     'conv2d_4[1][0]']            
                                                                                                  
 activation_3 (Activation)   (None, 16, 16, 24)           0         ['add_1[1][0]']               
                                                                                                  
 max_pooling2d_1 (MaxPoolin  (None, 8, 8, 24)             0         ['activation_3[1][0]']        
 g2D)                                                                                             
                                                                                                  
 flatten (Flatten)           (None, 1536)                 0         ['max_pooling2d_1[1][0]']     
                                                                                                  
 dense (Dense)               (None, 240)                  368880    ['flatten[1][0]']             
                                                                                                  
 activation_4 (Activation)   (None, 240)                  0         ['dense[1][0]']               
                                                                                                  
 dropout (Dropout)           (None, 240)                  0         ['activation_4[1][0]']        
                                                                                                  
 dense_1 (Dense)             (None, 96)                   23136     ['dropout[1][0]']             
                                                                                                  
 activation_5 (Activation)   (None, 96)                   0         ['dense_1[1][0]']             
                                                                                                  
 dropout_1 (Dropout)         (None, 96)                   0         ['activation_5[1][0]']        
                                                                                                  
 dense_2 (Dense)             (None, 104)                  10088     ['dropout_1[1][0]']           
                                                                                                  
 activation_6 (Activation)   (None, 104)                  0         ['dense_2[1][0]']             
                                                                                                  
 dropout_2 (Dropout)         (None, 104)                  0         ['activation_6[1][0]']        
                                                                                                  
 dense_3 (Dense)             (None, 48)                   5040      ['dropout_2[1][0]']           
                                                                                                  
 activation_7 (Activation)   (None, 48)                   0         ['dense_3[1][0]']             
                                                                                                  
 dropout_3 (Dropout)         (None, 48)                   0         ['activation_7[1][0]']        
                                                                                                  
 dense_4 (Dense)             (None, 248)                  12152     ['dropout_3[1][0]']           
                                                                                                  
 activation_8 (Activation)   (None, 248)                  0         ['dense_4[1][0]']             
                                                                                                  
 dropout_4 (Dropout)         (None, 248)                  0         ['activation_8[1][0]']        
                                                                                                  
 dense_5 (Dense)             (None, 32)                   7968      ['dropout_4[1][0]']           
                                                                                                  
 activation_9 (Activation)   (None, 32)                   0         ['dense_5[1][0]']             
                                                                                                  
 dropout_5 (Dropout)         (None, 32)                   0         ['activation_9[1][0]']        
                                                                                                  
 dense_6 (Dense)             (None, 48)                   1584      ['dropout_5[1][0]']           
                                                                                                  
 activation_10 (Activation)  (None, 48)                   0         ['dense_6[1][0]']             
                                                                                                  
 dropout_6 (Dropout)         (None, 48)                   0         ['activation_10[1][0]']       
                                                                                                  
 dense_7 (Dense)             (None, 104)                  5096      ['dropout_6[1][0]']           
                                                                                                  
 activation_11 (Activation)  (None, 104)                  0         ['dense_7[1][0]']             
                                                                                                  
 dropout_7 (Dropout)         (None, 104)                  0         ['activation_11[1][0]']       
                                                                                                  
 dense_8 (Dense)             (None, 176)                  18480     ['dropout_7[1][0]']           
                                                                                                  
 activation_12 (Activation)  (None, 176)                  0         ['dense_8[1][0]']             
                                                                                                  
 dropout_8 (Dropout)         (None, 176)                  0         ['activation_12[1][0]']       
                                                                                                  
 dense_9 (Dense)             (None, 48)                   8496      ['dropout_8[1][0]']           
                                                                                                  
 activation_13 (Activation)  (None, 48)                   0         ['dense_9[1][0]']             
                                                                                                  
 dropout_9 (Dropout)         (None, 48)                   0         ['activation_13[1][0]']       
                                                                                                  
 dense_10 (Dense)            (None, 10)                   490       ['dropout_9[1][0]']           
                                                                                                  
==================================================================================================
Total params: 469426 (1.79 MB)
Trainable params: 469426 (1.79 MB)
Non-trainable params: 0 (0.00 Byte)
__________________________________________________________________________________________________
Epoch 1/100
782/782 - 6s - loss: 14.5204 - accuracy: 0.1032 - val_loss: 14.3598 - val_accuracy: 0.1175 - 6s/epoch - 8ms/step
Epoch 2/100
782/782 - 4s - loss: 14.2032 - accuracy: 0.0995 - val_loss: 14.0468 - val_accuracy: 0.1134 - 4s/epoch - 5ms/step
Epoch 3/100
782/782 - 4s - loss: 13.8942 - accuracy: 0.1007 - val_loss: 13.7421 - val_accuracy: 0.1142 - 4s/epoch - 5ms/step
Epoch 4/100
782/782 - 4s - loss: 13.5936 - accuracy: 0.1021 - val_loss: 13.4455 - val_accuracy: 0.1188 - 4s/epoch - 5ms/step
Epoch 5/100
782/782 - 4s - loss: 13.3010 - accuracy: 0.1024 - val_loss: 13.1568 - val_accuracy: 0.1140 - 4s/epoch - 5ms/step
Epoch 6/100
782/782 - 4s - loss: 13.0161 - accuracy: 0.1019 - val_loss: 12.8758 - val_accuracy: 0.1170 - 4s/epoch - 5ms/step
Epoch 7/100
782/782 - 4s - loss: 12.7388 - accuracy: 0.1026 - val_loss: 12.6022 - val_accuracy: 0.1211 - 4s/epoch - 5ms/step
Epoch 8/100
782/782 - 4s - loss: 12.4689 - accuracy: 0.1021 - val_loss: 12.3359 - val_accuracy: 0.1188 - 4s/epoch - 5ms/step
Epoch 9/100
782/782 - 4s - loss: 12.2062 - accuracy: 0.1043 - val_loss: 12.0767 - val_accuracy: 0.1168 - 4s/epoch - 5ms/step
Epoch 10/100
782/782 - 4s - loss: 11.9504 - accuracy: 0.1054 - val_loss: 11.8244 - val_accuracy: 0.1254 - 4s/epoch - 5ms/step
Epoch 11/100
782/782 - 4s - loss: 11.7015 - accuracy: 0.1052 - val_loss: 11.5787 - val_accuracy: 0.1194 - 4s/epoch - 5ms/step
Epoch 12/100
782/782 - 4s - loss: 11.4590 - accuracy: 0.1053 - val_loss: 11.3396 - val_accuracy: 0.1203 - 4s/epoch - 5ms/step
Epoch 13/100
782/782 - 4s - loss: 11.2231 - accuracy: 0.1067 - val_loss: 11.1068 - val_accuracy: 0.1130 - 4s/epoch - 5ms/step
Epoch 14/100
782/782 - 4s - loss: 10.9934 - accuracy: 0.1061 - val_loss: 10.8803 - val_accuracy: 0.1121 - 4s/epoch - 5ms/step
Epoch 15/100
782/782 - 4s - loss: 10.7698 - accuracy: 0.1080 - val_loss: 10.6597 - val_accuracy: 0.1214 - 4s/epoch - 4ms/step
Epoch 16/100
782/782 - 4s - loss: 10.5522 - accuracy: 0.1101 - val_loss: 10.4449 - val_accuracy: 0.1258 - 4s/epoch - 5ms/step
Epoch 17/100
782/782 - 4s - loss: 10.3403 - accuracy: 0.1068 - val_loss: 10.2359 - val_accuracy: 0.1329 - 4s/epoch - 5ms/step
Epoch 18/100
782/782 - 4s - loss: 10.1340 - accuracy: 0.1096 - val_loss: 10.0324 - val_accuracy: 0.1314 - 4s/epoch - 5ms/step
Epoch 19/100
782/782 - 4s - loss: 9.9332 - accuracy: 0.1083 - val_loss: 9.8343 - val_accuracy: 0.1252 - 4s/epoch - 5ms/step
Epoch 20/100
782/782 - 4s - loss: 9.7377 - accuracy: 0.1092 - val_loss: 9.6414 - val_accuracy: 0.1308 - 4s/epoch - 5ms/step
Epoch 21/100
782/782 - 4s - loss: 9.5474 - accuracy: 0.1115 - val_loss: 9.4537 - val_accuracy: 0.1403 - 4s/epoch - 5ms/step
Epoch 22/100
782/782 - 4s - loss: 9.3622 - accuracy: 0.1081 - val_loss: 9.2709 - val_accuracy: 0.1441 - 4s/epoch - 5ms/step
Epoch 23/100
782/782 - 4s - loss: 9.1818 - accuracy: 0.1114 - val_loss: 9.0930 - val_accuracy: 0.1372 - 4s/epoch - 5ms/step
Epoch 24/100
782/782 - 4s - loss: 9.0063 - accuracy: 0.1096 - val_loss: 8.9198 - val_accuracy: 0.1320 - 4s/epoch - 5ms/step
Epoch 25/100
782/782 - 4s - loss: 8.8353 - accuracy: 0.1078 - val_loss: 8.7511 - val_accuracy: 0.1537 - 4s/epoch - 5ms/step
Epoch 26/100
782/782 - 4s - loss: 8.6689 - accuracy: 0.1062 - val_loss: 8.5870 - val_accuracy: 0.1388 - 4s/epoch - 5ms/step
Epoch 27/100
782/782 - 4s - loss: 8.5069 - accuracy: 0.1080 - val_loss: 8.4271 - val_accuracy: 0.1389 - 4s/epoch - 5ms/step
Epoch 28/100
782/782 - 4s - loss: 8.3492 - accuracy: 0.1104 - val_loss: 8.2715 - val_accuracy: 0.1347 - 4s/epoch - 5ms/step
Epoch 29/100
782/782 - 4s - loss: 8.1956 - accuracy: 0.1110 - val_loss: 8.1200 - val_accuracy: 0.1247 - 4s/epoch - 5ms/step
Epoch 30/100
782/782 - 4s - loss: 8.0462 - accuracy: 0.1097 - val_loss: 7.9725 - val_accuracy: 0.1140 - 4s/epoch - 5ms/step
Epoch 31/100
782/782 - 4s - loss: 7.9006 - accuracy: 0.1092 - val_loss: 7.8289 - val_accuracy: 0.1208 - 4s/epoch - 5ms/step
Epoch 32/100
782/782 - 4s - loss: 7.7589 - accuracy: 0.1063 - val_loss: 7.6891 - val_accuracy: 0.1232 - 4s/epoch - 5ms/step
Epoch 33/100
782/782 - 4s - loss: 7.6210 - accuracy: 0.1056 - val_loss: 7.5530 - val_accuracy: 0.1337 - 4s/epoch - 5ms/step
Epoch 34/100
782/782 - 4s - loss: 7.4867 - accuracy: 0.1044 - val_loss: 7.4205 - val_accuracy: 0.1284 - 4s/epoch - 5ms/step
Epoch 35/100
782/782 - 4s - loss: 7.3559 - accuracy: 0.1054 - val_loss: 7.2915 - val_accuracy: 0.1230 - 4s/epoch - 5ms/step
Epoch 36/100
782/782 - 4s - loss: 7.2286 - accuracy: 0.1028 - val_loss: 7.1659 - val_accuracy: 0.1565 - 4s/epoch - 5ms/step
Epoch 37/100
782/782 - 4s - loss: 7.1046 - accuracy: 0.1061 - val_loss: 7.0436 - val_accuracy: 0.1114 - 4s/epoch - 5ms/step
Epoch 38/100
782/782 - 4s - loss: 6.9839 - accuracy: 0.1020 - val_loss: 6.9245 - val_accuracy: 0.1005 - 4s/epoch - 5ms/step
Epoch 39/100
782/782 - 4s - loss: 6.8664 - accuracy: 0.1045 - val_loss: 6.8086 - val_accuracy: 0.1000 - 4s/epoch - 5ms/step
Epoch 40/100
782/782 - 4s - loss: 6.7520 - accuracy: 0.1036 - val_loss: 6.6957 - val_accuracy: 0.1006 - 4s/epoch - 5ms/step
Epoch 41/100
782/782 - 4s - loss: 6.6406 - accuracy: 0.1026 - val_loss: 6.5858 - val_accuracy: 0.1000 - 4s/epoch - 5ms/step
Epoch 42/100
782/782 - 4s - loss: 6.5322 - accuracy: 0.1014 - val_loss: 6.4787 - val_accuracy: 0.1000 - 4s/epoch - 5ms/step
Epoch 43/100
782/782 - 4s - loss: 6.4265 - accuracy: 0.1012 - val_loss: 6.3745 - val_accuracy: 0.1077 - 4s/epoch - 5ms/step
Epoch 44/100
782/782 - 4s - loss: 6.3237 - accuracy: 0.1030 - val_loss: 6.2731 - val_accuracy: 0.1000 - 4s/epoch - 5ms/step
Epoch 45/100
782/782 - 4s - loss: 6.2236 - accuracy: 0.1017 - val_loss: 6.1743 - val_accuracy: 0.1000 - 4s/epoch - 5ms/step
Epoch 46/100
782/782 - 4s - loss: 6.1261 - accuracy: 0.0979 - val_loss: 6.0781 - val_accuracy: 0.1000 - 4s/epoch - 5ms/step
Epoch 47/100
782/782 - 4s - loss: 6.0312 - accuracy: 0.0990 - val_loss: 5.9844 - val_accuracy: 0.1000 - 4s/epoch - 5ms/step
Epoch 48/100
782/782 - 4s - loss: 5.9388 - accuracy: 0.1006 - val_loss: 5.8932 - val_accuracy: 0.1000 - 4s/epoch - 5ms/step
Epoch 49/100
782/782 - 4s - loss: 5.8488 - accuracy: 0.1017 - val_loss: 5.8044 - val_accuracy: 0.1000 - 4s/epoch - 5ms/step
Epoch 50/100
782/782 - 4s - loss: 5.7611 - accuracy: 0.0989 - val_loss: 5.7180 - val_accuracy: 0.1000 - 4s/epoch - 5ms/step
Epoch 51/100
782/782 - 4s - loss: 5.6758 - accuracy: 0.1009 - val_loss: 5.6338 - val_accuracy: 0.1000 - 4s/epoch - 5ms/step
Epoch 52/100
782/782 - 4s - loss: 5.5927 - accuracy: 0.1012 - val_loss: 5.5518 - val_accuracy: 0.1400 - 4s/epoch - 5ms/step
Epoch 53/100
782/782 - 4s - loss: 5.5118 - accuracy: 0.0977 - val_loss: 5.4719 - val_accuracy: 0.1000 - 4s/epoch - 5ms/step
Epoch 54/100
782/782 - 4s - loss: 5.4330 - accuracy: 0.1003 - val_loss: 5.3942 - val_accuracy: 0.1000 - 4s/epoch - 5ms/step
Epoch 55/100
Restoring model weights from the end of the best epoch: 25.
782/782 - 4s - loss: 5.3562 - accuracy: 0.0997 - val_loss: 5.3185 - val_accuracy: 0.1000 - 4s/epoch - 5ms/step
Epoch 55: early stopping
313/313 - 1s - loss: 8.7511 - accuracy: 0.1537 - 649ms/epoch - 2ms/step

ACCURACY: 0.15369999408721924


SCORE: -0.39498637186105345

[92m | MODULE VALUES ---------------------------------------------  |
 [0m
FLOPS: 6301812
PARAMS: 469426.0
[92m 
 | -----------------------------------------------------------  |
 [0m

--- BANANAS ITERATION 74 / 1000 ---
Chosen point: {'num_neurons': 16, 'unit_c1': 4, 'unit_c2': 1, 'dr_f': 0.316548394257014, 'learning_rate': 0.0003078061264762022, 'batch_size': 8, 'optimizer': 'Adam', 'activation': 'swish', 'data_augmentation': False, 'reg_l2': True, 'skip_connection': True, 'new_fc_1': 29, 'new_fc_2': 1, 'new_fc_3': 22, 'new_fc_4': 20, 'new_fc_5': 1, 'new_fc_6': 10, 'new_fc_7': 18, 'new_fc_8': 21, 'new_fc_9': 14, 'new_fc_10': 6}
[94m
|  --> START TRAINING ITERATION 6[0m
[INFO] Flags -> DA: False, L2: True, Skip: True
Building model with input_shape=(32, 32, 3), pos_input_shape=None, layer_x_block=2
Model: "model"
__________________________________________________________________________________________________
 Layer (type)                Output Shape                 Param #   Connected to                  
==================================================================================================
 input_1 (InputLayer)        [(None, 32, 32, 3)]          0         []                            
                                                                                                  
 conv2d (Conv2D)             (None, 32, 32, 64)           1792      ['input_1[0][0]']             
                                                                                                  
 activation (Activation)     (None, 32, 32, 64)           0         ['conv2d[0][0]']              
                                                                                                  
 conv2d_2 (Conv2D)           (None, 32, 32, 64)           256       ['input_1[0][0]']             
                                                                                                  
 conv2d_1 (Conv2D)           (None, 32, 32, 64)           36928     ['activation[0][0]']          
                                                                                                  
 add (Add)                   (None, 32, 32, 64)           0         ['conv2d_2[0][0]',            
                                                                     'conv2d_1[0][0]']            
                                                                                                  
 activation_1 (Activation)   (None, 32, 32, 64)           0         ['add[0][0]']                 
                                                                                                  
 max_pooling2d (MaxPooling2  (None, 16, 16, 64)           0         ['activation_1[0][0]']        
 D)                                                                                               
                                                                                                  
 conv2d_3 (Conv2D)           (None, 16, 16, 16)           9232      ['max_pooling2d[0][0]']       
                                                                                                  
 activation_2 (Activation)   (None, 16, 16, 16)           0         ['conv2d_3[0][0]']            
                                                                                                  
 conv2d_5 (Conv2D)           (None, 16, 16, 16)           1040      ['max_pooling2d[0][0]']       
                                                                                                  
 conv2d_4 (Conv2D)           (None, 16, 16, 16)           2320      ['activation_2[0][0]']        
                                                                                                  
 add_1 (Add)                 (None, 16, 16, 16)           0         ['conv2d_5[0][0]',            
                                                                     'conv2d_4[0][0]']            
                                                                                                  
 activation_3 (Activation)   (None, 16, 16, 16)           0         ['add_1[0][0]']               
                                                                                                  
 max_pooling2d_1 (MaxPoolin  (None, 8, 8, 16)             0         ['activation_3[0][0]']        
 g2D)                                                                                             
                                                                                                  
 flatten (Flatten)           (None, 1024)                 0         ['max_pooling2d_1[0][0]']     
                                                                                                  
 dense (Dense)               (None, 464)                  475600    ['flatten[0][0]']             
                                                                                                  
 activation_4 (Activation)   (None, 464)                  0         ['dense[0][0]']               
                                                                                                  
 dropout (Dropout)           (None, 464)                  0         ['activation_4[0][0]']        
                                                                                                  
 dense_1 (Dense)             (None, 16)                   7440      ['dropout[0][0]']             
                                                                                                  
 activation_5 (Activation)   (None, 16)                   0         ['dense_1[0][0]']             
                                                                                                  
 dropout_1 (Dropout)         (None, 16)                   0         ['activation_5[0][0]']        
                                                                                                  
 dense_2 (Dense)             (None, 352)                  5984      ['dropout_1[0][0]']           
                                                                                                  
 activation_6 (Activation)   (None, 352)                  0         ['dense_2[0][0]']             
                                                                                                  
 dropout_2 (Dropout)         (None, 352)                  0         ['activation_6[0][0]']        
                                                                                                  
 dense_3 (Dense)             (None, 320)                  112960    ['dropout_2[0][0]']           
                                                                                                  
 activation_7 (Activation)   (None, 320)                  0         ['dense_3[0][0]']             
                                                                                                  
 dropout_3 (Dropout)         (None, 320)                  0         ['activation_7[0][0]']        
                                                                                                  
 dense_4 (Dense)             (None, 16)                   5136      ['dropout_3[0][0]']           
                                                                                                  
 activation_8 (Activation)   (None, 16)                   0         ['dense_4[0][0]']             
                                                                                                  
 dropout_4 (Dropout)         (None, 16)                   0         ['activation_8[0][0]']        
                                                                                                  
 dense_5 (Dense)             (None, 160)                  2720      ['dropout_4[0][0]']           
                                                                                                  
 activation_9 (Activation)   (None, 160)                  0         ['dense_5[0][0]']             
                                                                                                  
 dropout_5 (Dropout)         (None, 160)                  0         ['activation_9[0][0]']        
                                                                                                  
 dense_6 (Dense)             (None, 288)                  46368     ['dropout_5[0][0]']           
                                                                                                  
 activation_10 (Activation)  (None, 288)                  0         ['dense_6[0][0]']             
                                                                                                  
 dropout_6 (Dropout)         (None, 288)                  0         ['activation_10[0][0]']       
                                                                                                  
 dense_7 (Dense)             (None, 336)                  97104     ['dropout_6[0][0]']           
                                                                                                  
 activation_11 (Activation)  (None, 336)                  0         ['dense_7[0][0]']             
                                                                                                  
 dropout_7 (Dropout)         (None, 336)                  0         ['activation_11[0][0]']       
                                                                                                  
 dense_8 (Dense)             (None, 224)                  75488     ['dropout_7[0][0]']           
                                                                                                  
 activation_12 (Activation)  (None, 224)                  0         ['dense_8[0][0]']             
                                                                                                  
 dropout_8 (Dropout)         (None, 224)                  0         ['activation_12[0][0]']       
                                                                                                  
 dense_9 (Dense)             (None, 96)                   21600     ['dropout_8[0][0]']           
                                                                                                  
 activation_13 (Activation)  (None, 96)                   0         ['dense_9[0][0]']             
                                                                                                  
 dropout_9 (Dropout)         (None, 96)                   0         ['activation_13[0][0]']       
                                                                                                  
 dense_10 (Dense)            (None, 10)                   970       ['dropout_9[0][0]']           
                                                                                                  
==================================================================================================
Total params: 902938 (3.44 MB)
Trainable params: 902938 (3.44 MB)
Non-trainable params: 0 (0.00 Byte)
__________________________________________________________________________________________________
Epoch 1/100
6250/6250 - 28s - loss: 2.6248 - accuracy: 0.0992 - val_loss: 2.3026 - val_accuracy: 0.1000 - 28s/epoch - 4ms/step
Epoch 2/100
6250/6250 - 26s - loss: 2.3027 - accuracy: 0.0957 - val_loss: 2.3026 - val_accuracy: 0.1000 - 26s/epoch - 4ms/step
Epoch 3/100
6250/6250 - 25s - loss: 2.3027 - accuracy: 0.0994 - val_loss: 2.3027 - val_accuracy: 0.1000 - 25s/epoch - 4ms/step
Epoch 4/100
6250/6250 - 26s - loss: 2.3028 - accuracy: 0.0961 - val_loss: 2.3026 - val_accuracy: 0.1000 - 26s/epoch - 4ms/step
Epoch 5/100
6250/6250 - 25s - loss: 2.3028 - accuracy: 0.0977 - val_loss: 2.3028 - val_accuracy: 0.1000 - 25s/epoch - 4ms/step
Epoch 6/100
6250/6250 - 25s - loss: 2.3028 - accuracy: 0.0982 - val_loss: 2.3027 - val_accuracy: 0.1000 - 25s/epoch - 4ms/step
Epoch 7/100
6250/6250 - 25s - loss: 2.3028 - accuracy: 0.0993 - val_loss: 2.3027 - val_accuracy: 0.1000 - 25s/epoch - 4ms/step
Epoch 8/100
6250/6250 - 25s - loss: 2.3028 - accuracy: 0.0991 - val_loss: 2.3027 - val_accuracy: 0.1000 - 25s/epoch - 4ms/step
Epoch 9/100
6250/6250 - 24s - loss: 2.3028 - accuracy: 0.0967 - val_loss: 2.3026 - val_accuracy: 0.1000 - 24s/epoch - 4ms/step
Epoch 10/100
6250/6250 - 26s - loss: 2.3028 - accuracy: 0.1011 - val_loss: 2.3028 - val_accuracy: 0.1000 - 26s/epoch - 4ms/step
Epoch 11/100
6250/6250 - 25s - loss: 2.3029 - accuracy: 0.0989 - val_loss: 2.3027 - val_accuracy: 0.1000 - 25s/epoch - 4ms/step
Epoch 12/100
6250/6250 - 25s - loss: 2.3028 - accuracy: 0.0988 - val_loss: 2.3027 - val_accuracy: 0.1000 - 25s/epoch - 4ms/step
Epoch 13/100
6250/6250 - 25s - loss: 2.3028 - accuracy: 0.0970 - val_loss: 2.3026 - val_accuracy: 0.1000 - 25s/epoch - 4ms/step
Epoch 14/100
6250/6250 - 25s - loss: 2.3028 - accuracy: 0.0985 - val_loss: 2.3027 - val_accuracy: 0.1000 - 25s/epoch - 4ms/step
Epoch 15/100
6250/6250 - 25s - loss: 2.3028 - accuracy: 0.0995 - val_loss: 2.3027 - val_accuracy: 0.1000 - 25s/epoch - 4ms/step
Epoch 16/100
6250/6250 - 25s - loss: 2.3028 - accuracy: 0.0983 - val_loss: 2.3026 - val_accuracy: 0.1000 - 25s/epoch - 4ms/step
Epoch 17/100
6250/6250 - 25s - loss: 2.3028 - accuracy: 0.0983 - val_loss: 2.3026 - val_accuracy: 0.1000 - 25s/epoch - 4ms/step
Epoch 18/100
6250/6250 - 25s - loss: 2.3028 - accuracy: 0.0973 - val_loss: 2.3026 - val_accuracy: 0.1000 - 25s/epoch - 4ms/step
Epoch 19/100
6250/6250 - 25s - loss: 2.3028 - accuracy: 0.0986 - val_loss: 2.3027 - val_accuracy: 0.1000 - 25s/epoch - 4ms/step
Epoch 20/100
6250/6250 - 25s - loss: 2.3028 - accuracy: 0.0970 - val_loss: 2.3027 - val_accuracy: 0.1000 - 25s/epoch - 4ms/step
Epoch 21/100
6250/6250 - 26s - loss: 2.3028 - accuracy: 0.0974 - val_loss: 2.3026 - val_accuracy: 0.1000 - 26s/epoch - 4ms/step
Epoch 22/100
6250/6250 - 25s - loss: 2.3028 - accuracy: 0.0973 - val_loss: 2.3027 - val_accuracy: 0.1000 - 25s/epoch - 4ms/step
Epoch 23/100
6250/6250 - 26s - loss: 2.3028 - accuracy: 0.1000 - val_loss: 2.3027 - val_accuracy: 0.1000 - 26s/epoch - 4ms/step
Epoch 24/100
6250/6250 - 26s - loss: 2.3028 - accuracy: 0.0977 - val_loss: 2.3026 - val_accuracy: 0.1000 - 26s/epoch - 4ms/step
Epoch 25/100
6250/6250 - 26s - loss: 2.3028 - accuracy: 0.1006 - val_loss: 2.3026 - val_accuracy: 0.1000 - 26s/epoch - 4ms/step
Epoch 26/100
6250/6250 - 26s - loss: 2.3028 - accuracy: 0.0984 - val_loss: 2.3027 - val_accuracy: 0.1000 - 26s/epoch - 4ms/step
Epoch 27/100
6250/6250 - 26s - loss: 2.3028 - accuracy: 0.0971 - val_loss: 2.3026 - val_accuracy: 0.1000 - 26s/epoch - 4ms/step
Epoch 28/100
6250/6250 - 26s - loss: 2.3027 - accuracy: 0.0973 - val_loss: 2.3026 - val_accuracy: 0.1000 - 26s/epoch - 4ms/step
Epoch 29/100
6250/6250 - 26s - loss: 2.3028 - accuracy: 0.0963 - val_loss: 2.3026 - val_accuracy: 0.1000 - 26s/epoch - 4ms/step
Epoch 30/100
6250/6250 - 25s - loss: 2.3028 - accuracy: 0.0983 - val_loss: 2.3026 - val_accuracy: 0.1000 - 25s/epoch - 4ms/step
Epoch 31/100
Restoring model weights from the end of the best epoch: 1.
6250/6250 - 26s - loss: 2.3028 - accuracy: 0.0989 - val_loss: 2.3029 - val_accuracy: 0.1000 - 26s/epoch - 4ms/step
Epoch 31: early stopping
313/313 - 1s - loss: 2.3026 - accuracy: 0.1000 - 1s/epoch - 5ms/step

ACCURACY: 0.10000000149011612


SCORE: -0.1936322010430813

[92m | MODULE VALUES ---------------------------------------------  |
 [0m
FLOPS: 88183900
PARAMS: 902938.0
[92m 
 | -----------------------------------------------------------  |
 [0m

--- BANANAS ITERATION 75 / 1000 ---
Chosen point: {'num_neurons': 32, 'unit_c1': 2, 'unit_c2': 5, 'dr_f': 0.05750809871272515, 'learning_rate': 0.0003586883956596899, 'batch_size': 8, 'optimizer': 'Adamax', 'activation': 'relu', 'data_augmentation': True, 'reg_l2': True, 'skip_connection': False, 'new_fc_1': 6, 'new_fc_2': 25, 'new_fc_3': 15, 'new_fc_4': 6, 'new_fc_5': 7, 'new_fc_6': 21, 'new_fc_7': 19, 'new_fc_8': 12, 'new_fc_9': 26, 'new_fc_10': 6}
[94m
|  --> START TRAINING ITERATION 7[0m
[INFO] Flags -> DA: True, L2: True, Skip: False
Building model with input_shape=(32, 32, 3), pos_input_shape=None, layer_x_block=2
Model: "model"
_________________________________________________________________
 Layer (type)                Output Shape              Param #   
=================================================================
 input_2 (InputLayer)        [(None, 32, 32, 3)]       0         
                                                                 
 conv2d (Conv2D)             (None, 32, 32, 64)        1792      
                                                                 
 activation (Activation)     (None, 32, 32, 64)        0         
                                                                 
 conv2d_1 (Conv2D)           (None, 32, 32, 64)        36928     
                                                                 
 activation_1 (Activation)   (None, 32, 32, 64)        0         
                                                                 
 max_pooling2d (MaxPooling2  (None, 16, 16, 64)        0         
 D)                                                              
                                                                 
 conv2d_2 (Conv2D)           (None, 16, 16, 160)       92320     
                                                                 
 activation_2 (Activation)   (None, 16, 16, 160)       0         
                                                                 
 conv2d_3 (Conv2D)           (None, 16, 16, 160)       230560    
                                                                 
 activation_3 (Activation)   (None, 16, 16, 160)       0         
                                                                 
 max_pooling2d_1 (MaxPoolin  (None, 8, 8, 160)         0         
 g2D)                                                            
                                                                 
 flatten (Flatten)           (None, 10240)             0         
                                                                 
 dense (Dense)               (None, 192)               1966272   
                                                                 
 activation_4 (Activation)   (None, 192)               0         
                                                                 
 dropout (Dropout)           (None, 192)               0         
                                                                 
 dense_1 (Dense)             (None, 800)               154400    
                                                                 
 activation_5 (Activation)   (None, 800)               0         
                                                                 
 dropout_1 (Dropout)         (None, 800)               0         
                                                                 
 dense_2 (Dense)             (None, 480)               384480    
                                                                 
 activation_6 (Activation)   (None, 480)               0         
                                                                 
 dropout_2 (Dropout)         (None, 480)               0         
                                                                 
 dense_3 (Dense)             (None, 192)               92352     
                                                                 
 activation_7 (Activation)   (None, 192)               0         
                                                                 
 dropout_3 (Dropout)         (None, 192)               0         
                                                                 
 dense_4 (Dense)             (None, 224)               43232     
                                                                 
 activation_8 (Activation)   (None, 224)               0         
                                                                 
 dropout_4 (Dropout)         (None, 224)               0         
                                                                 
 dense_5 (Dense)             (None, 672)               151200    
                                                                 
 activation_9 (Activation)   (None, 672)               0         
                                                                 
 dropout_5 (Dropout)         (None, 672)               0         
                                                                 
 dense_6 (Dense)             (None, 608)               409184    
                                                                 
 activation_10 (Activation)  (None, 608)               0         
                                                                 
 dropout_6 (Dropout)         (None, 608)               0         
                                                                 
 dense_7 (Dense)             (None, 384)               233856    
                                                                 
 activation_11 (Activation)  (None, 384)               0         
                                                                 
 dropout_7 (Dropout)         (None, 384)               0         
                                                                 
 dense_8 (Dense)             (None, 832)               320320    
                                                                 
 activation_12 (Activation)  (None, 832)               0         
                                                                 
 dropout_8 (Dropout)         (None, 832)               0         
                                                                 
 dense_9 (Dense)             (None, 192)               159936    
                                                                 
 activation_13 (Activation)  (None, 192)               0         
                                                                 
 dropout_9 (Dropout)         (None, 192)               0         
                                                                 
 dense_10 (Dense)            (None, 10)                1930      
                                                                 
=================================================================
Total params: 4278762 (16.32 MB)
Trainable params: 4278762 (16.32 MB)
Non-trainable params: 0 (0.00 Byte)
_________________________________________________________________
[WARNING] Constraint Violated: FLOPs 252336412 > 150000000 or Params 4278762.0 > 15000000000

ACCURACY: 0.0


SCORE: 10000000000.0

[92m | MODULE VALUES ---------------------------------------------  |
 [0m
FLOPS: 252336412
PARAMS: 4278762.0
[92m 
 | -----------------------------------------------------------  |
 [0m

--- BANANAS ITERATION 76 / 1000 ---
Chosen point: {'num_neurons': 4, 'unit_c1': 2, 'unit_c2': 1, 'dr_f': 0.2101915843483669, 'learning_rate': 0.00029205830206847916, 'batch_size': 8, 'optimizer': 'SGD', 'activation': 'relu', 'data_augmentation': True, 'reg_l2': True, 'skip_connection': False, 'new_fc_1': 17, 'new_fc_2': 15, 'new_fc_3': 5, 'new_fc_4': 3, 'new_fc_5': 6, 'new_fc_6': 26, 'new_fc_7': 30, 'new_fc_8': 28, 'new_fc_9': 20, 'new_fc_10': 21}
[94m
|  --> START TRAINING ITERATION 8[0m
[INFO] Flags -> DA: True, L2: True, Skip: False
Building model with input_shape=(32, 32, 3), pos_input_shape=None, layer_x_block=2
Model: "model"
_________________________________________________________________
 Layer (type)                Output Shape              Param #   
=================================================================
 input_2 (InputLayer)        [(None, 32, 32, 3)]       0         
                                                                 
 conv2d (Conv2D)             (None, 32, 32, 8)         224       
                                                                 
 activation (Activation)     (None, 32, 32, 8)         0         
                                                                 
 conv2d_1 (Conv2D)           (None, 32, 32, 8)         584       
                                                                 
 activation_1 (Activation)   (None, 32, 32, 8)         0         
                                                                 
 max_pooling2d (MaxPooling2  (None, 16, 16, 8)         0         
 D)                                                              
                                                                 
 conv2d_2 (Conv2D)           (None, 16, 16, 4)         292       
                                                                 
 activation_2 (Activation)   (None, 16, 16, 4)         0         
                                                                 
 conv2d_3 (Conv2D)           (None, 16, 16, 4)         148       
                                                                 
 activation_3 (Activation)   (None, 16, 16, 4)         0         
                                                                 
 max_pooling2d_1 (MaxPoolin  (None, 8, 8, 4)           0         
 g2D)                                                            
                                                                 
 flatten (Flatten)           (None, 256)               0         
                                                                 
 dense (Dense)               (None, 68)                17476     
                                                                 
 activation_4 (Activation)   (None, 68)                0         
                                                                 
 dropout (Dropout)           (None, 68)                0         
                                                                 
 dense_1 (Dense)             (None, 60)                4140      
                                                                 
 activation_5 (Activation)   (None, 60)                0         
                                                                 
 dropout_1 (Dropout)         (None, 60)                0         
                                                                 
 dense_2 (Dense)             (None, 20)                1220      
                                                                 
 activation_6 (Activation)   (None, 20)                0         
                                                                 
 dropout_2 (Dropout)         (None, 20)                0         
                                                                 
 dense_3 (Dense)             (None, 12)                252       
                                                                 
 activation_7 (Activation)   (None, 12)                0         
                                                                 
 dropout_3 (Dropout)         (None, 12)                0         
                                                                 
 dense_4 (Dense)             (None, 24)                312       
                                                                 
 activation_8 (Activation)   (None, 24)                0         
                                                                 
 dropout_4 (Dropout)         (None, 24)                0         
                                                                 
 dense_5 (Dense)             (None, 104)               2600      
                                                                 
 activation_9 (Activation)   (None, 104)               0         
                                                                 
 dropout_5 (Dropout)         (None, 104)               0         
                                                                 
 dense_6 (Dense)             (None, 120)               12600     
                                                                 
 activation_10 (Activation)  (None, 120)               0         
                                                                 
 dropout_6 (Dropout)         (None, 120)               0         
                                                                 
 dense_7 (Dense)             (None, 112)               13552     
                                                                 
 activation_11 (Activation)  (None, 112)               0         
                                                                 
 dropout_7 (Dropout)         (None, 112)               0         
                                                                 
 dense_8 (Dense)             (None, 80)                9040      
                                                                 
 activation_12 (Activation)  (None, 80)                0         
                                                                 
 dropout_8 (Dropout)         (None, 80)                0         
                                                                 
 dense_9 (Dense)             (None, 84)                6804      
                                                                 
 activation_13 (Activation)  (None, 84)                0         
                                                                 
 dropout_9 (Dropout)         (None, 84)                0         
                                                                 
 dense_10 (Dense)            (None, 10)                850       
                                                                 
=================================================================
Total params: 70094 (273.80 KB)
Trainable params: 70094 (273.80 KB)
Non-trainable params: 0 (0.00 Byte)
_________________________________________________________________
Epoch 1/100
6250/6250 - 20s - loss: 9.1473 - accuracy: 0.1034 - val_loss: 8.9031 - val_accuracy: 0.1264 - 20s/epoch - 3ms/step
Epoch 2/100
6250/6250 - 18s - loss: 8.6704 - accuracy: 0.1058 - val_loss: 8.4433 - val_accuracy: 0.1153 - 18s/epoch - 3ms/step
Epoch 3/100
6250/6250 - 18s - loss: 8.2270 - accuracy: 0.1058 - val_loss: 8.0157 - val_accuracy: 0.1007 - 18s/epoch - 3ms/step
Epoch 4/100
6250/6250 - 18s - loss: 7.8145 - accuracy: 0.1029 - val_loss: 7.6180 - val_accuracy: 0.1000 - 18s/epoch - 3ms/step
Epoch 5/100
6250/6250 - 19s - loss: 7.4309 - accuracy: 0.1023 - val_loss: 7.2482 - val_accuracy: 0.1000 - 19s/epoch - 3ms/step
Epoch 6/100
6250/6250 - 18s - loss: 7.0742 - accuracy: 0.1020 - val_loss: 6.9042 - val_accuracy: 0.1000 - 18s/epoch - 3ms/step
Epoch 7/100
6250/6250 - 19s - loss: 6.7423 - accuracy: 0.1008 - val_loss: 6.5843 - val_accuracy: 0.1054 - 19s/epoch - 3ms/step
Epoch 8/100
6250/6250 - 18s - loss: 6.4337 - accuracy: 0.1001 - val_loss: 6.2867 - val_accuracy: 0.1000 - 18s/epoch - 3ms/step
Epoch 9/100
6250/6250 - 18s - loss: 6.1467 - accuracy: 0.1014 - val_loss: 6.0099 - val_accuracy: 0.1001 - 18s/epoch - 3ms/step
Epoch 10/100
6250/6250 - 19s - loss: 5.8797 - accuracy: 0.1002 - val_loss: 5.7525 - val_accuracy: 0.1000 - 19s/epoch - 3ms/step
Epoch 11/100
6250/6250 - 18s - loss: 5.6314 - accuracy: 0.0978 - val_loss: 5.5131 - val_accuracy: 0.1000 - 18s/epoch - 3ms/step
Epoch 12/100
6250/6250 - 19s - loss: 5.4005 - accuracy: 0.0994 - val_loss: 5.2904 - val_accuracy: 0.1253 - 19s/epoch - 3ms/step
Epoch 13/100
6250/6250 - 18s - loss: 5.1856 - accuracy: 0.1003 - val_loss: 5.0833 - val_accuracy: 0.1000 - 18s/epoch - 3ms/step
Epoch 14/100
6250/6250 - 19s - loss: 4.9858 - accuracy: 0.1005 - val_loss: 4.8906 - val_accuracy: 0.1000 - 19s/epoch - 3ms/step
Epoch 15/100
6250/6250 - 18s - loss: 4.7999 - accuracy: 0.0998 - val_loss: 4.7114 - val_accuracy: 0.1000 - 18s/epoch - 3ms/step
Epoch 16/100
6250/6250 - 18s - loss: 4.6271 - accuracy: 0.0939 - val_loss: 4.5447 - val_accuracy: 0.1000 - 18s/epoch - 3ms/step
Epoch 17/100
6250/6250 - 19s - loss: 4.4662 - accuracy: 0.0972 - val_loss: 4.3896 - val_accuracy: 0.1000 - 19s/epoch - 3ms/step
Epoch 18/100
6250/6250 - 18s - loss: 4.3166 - accuracy: 0.1003 - val_loss: 4.2453 - val_accuracy: 0.1000 - 18s/epoch - 3ms/step
Epoch 19/100
6250/6250 - 18s - loss: 4.1775 - accuracy: 0.0977 - val_loss: 4.1112 - val_accuracy: 0.1000 - 18s/epoch - 3ms/step
Epoch 20/100
6250/6250 - 19s - loss: 4.0480 - accuracy: 0.0973 - val_loss: 3.9863 - val_accuracy: 0.1000 - 19s/epoch - 3ms/step
Epoch 21/100
6250/6250 - 18s - loss: 3.9276 - accuracy: 0.0990 - val_loss: 3.8702 - val_accuracy: 0.1000 - 18s/epoch - 3ms/step
Epoch 22/100
6250/6250 - 18s - loss: 3.8155 - accuracy: 0.0981 - val_loss: 3.7621 - val_accuracy: 0.1000 - 18s/epoch - 3ms/step
Epoch 23/100
6250/6250 - 18s - loss: 3.7113 - accuracy: 0.0994 - val_loss: 3.6616 - val_accuracy: 0.1000 - 18s/epoch - 3ms/step
Epoch 24/100
6250/6250 - 18s - loss: 3.6143 - accuracy: 0.0970 - val_loss: 3.5681 - val_accuracy: 0.1000 - 18s/epoch - 3ms/step
Epoch 25/100
6250/6250 - 18s - loss: 3.5241 - accuracy: 0.0968 - val_loss: 3.4811 - val_accuracy: 0.1000 - 18s/epoch - 3ms/step
Epoch 26/100
6250/6250 - 18s - loss: 3.4402 - accuracy: 0.0989 - val_loss: 3.4001 - val_accuracy: 0.1000 - 18s/epoch - 3ms/step
Epoch 27/100
6250/6250 - 19s - loss: 3.3621 - accuracy: 0.0959 - val_loss: 3.3248 - val_accuracy: 0.1000 - 19s/epoch - 3ms/step
Epoch 28/100
6250/6250 - 18s - loss: 3.2894 - accuracy: 0.0982 - val_loss: 3.2547 - val_accuracy: 0.1000 - 18s/epoch - 3ms/step
Epoch 29/100
6250/6250 - 18s - loss: 3.2218 - accuracy: 0.0976 - val_loss: 3.1895 - val_accuracy: 0.1000 - 18s/epoch - 3ms/step
Epoch 30/100
6250/6250 - 19s - loss: 3.1588 - accuracy: 0.0971 - val_loss: 3.1288 - val_accuracy: 0.1000 - 19s/epoch - 3ms/step
Epoch 31/100
Restoring model weights from the end of the best epoch: 1.
6250/6250 - 20s - loss: 3.1003 - accuracy: 0.0967 - val_loss: 3.0724 - val_accuracy: 0.1000 - 20s/epoch - 3ms/step
Epoch 31: early stopping
313/313 - 1s - loss: 8.9031 - accuracy: 0.1264 - 728ms/epoch - 2ms/step

ACCURACY: 0.12639999389648438


SCORE: -0.38446420372753903

[92m | MODULE VALUES ---------------------------------------------  |
 [0m
FLOPS: 2007896
PARAMS: 70094.0
[92m 
 | -----------------------------------------------------------  |
 [0m

--- BANANAS ITERATION 77 / 1000 ---
Chosen point: {'num_neurons': 8, 'unit_c1': 3, 'unit_c2': 3, 'dr_f': 0.1395295766182884, 'learning_rate': 0.0007100065705700677, 'batch_size': 8, 'optimizer': 'SGD', 'activation': 'swish', 'data_augmentation': True, 'reg_l2': True, 'skip_connection': False, 'new_fc_1': 5, 'new_fc_2': 11, 'new_fc_3': 25, 'new_fc_4': 1, 'new_fc_5': 19, 'new_fc_6': 2, 'new_fc_7': 21, 'new_fc_8': 23, 'new_fc_9': 22, 'new_fc_10': 17}
[94m
|  --> START TRAINING ITERATION 9[0m
[INFO] Flags -> DA: True, L2: True, Skip: False
Building model with input_shape=(32, 32, 3), pos_input_shape=None, layer_x_block=2
Model: "model"
_________________________________________________________________
 Layer (type)                Output Shape              Param #   
=================================================================
 input_2 (InputLayer)        [(None, 32, 32, 3)]       0         
                                                                 
 conv2d (Conv2D)             (None, 32, 32, 24)        672       
                                                                 
 activation (Activation)     (None, 32, 32, 24)        0         
                                                                 
 conv2d_1 (Conv2D)           (None, 32, 32, 24)        5208      
                                                                 
 activation_1 (Activation)   (None, 32, 32, 24)        0         
                                                                 
 max_pooling2d (MaxPooling2  (None, 16, 16, 24)        0         
 D)                                                              
                                                                 
 conv2d_2 (Conv2D)           (None, 16, 16, 24)        5208      
                                                                 
 activation_2 (Activation)   (None, 16, 16, 24)        0         
                                                                 
 conv2d_3 (Conv2D)           (None, 16, 16, 24)        5208      
                                                                 
 activation_3 (Activation)   (None, 16, 16, 24)        0         
                                                                 
 max_pooling2d_1 (MaxPoolin  (None, 8, 8, 24)          0         
 g2D)                                                            
                                                                 
 flatten (Flatten)           (None, 1536)              0         
                                                                 
 dense (Dense)               (None, 40)                61480     
                                                                 
 activation_4 (Activation)   (None, 40)                0         
                                                                 
 dropout (Dropout)           (None, 40)                0         
                                                                 
 dense_1 (Dense)             (None, 88)                3608      
                                                                 
 activation_5 (Activation)   (None, 88)                0         
                                                                 
 dropout_1 (Dropout)         (None, 88)                0         
                                                                 
 dense_2 (Dense)             (None, 200)               17800     
                                                                 
 activation_6 (Activation)   (None, 200)               0         
                                                                 
 dropout_2 (Dropout)         (None, 200)               0         
                                                                 
 dense_3 (Dense)             (None, 8)                 1608      
                                                                 
 activation_7 (Activation)   (None, 8)                 0         
                                                                 
 dropout_3 (Dropout)         (None, 8)                 0         
                                                                 
 dense_4 (Dense)             (None, 152)               1368      
                                                                 
 activation_8 (Activation)   (None, 152)               0         
                                                                 
 dropout_4 (Dropout)         (None, 152)               0         
                                                                 
 dense_5 (Dense)             (None, 16)                2448      
                                                                 
 activation_9 (Activation)   (None, 16)                0         
                                                                 
 dropout_5 (Dropout)         (None, 16)                0         
                                                                 
 dense_6 (Dense)             (None, 168)               2856      
                                                                 
 activation_10 (Activation)  (None, 168)               0         
                                                                 
 dropout_6 (Dropout)         (None, 168)               0         
                                                                 
 dense_7 (Dense)             (None, 184)               31096     
                                                                 
 activation_11 (Activation)  (None, 184)               0         
                                                                 
 dropout_7 (Dropout)         (None, 184)               0         
                                                                 
 dense_8 (Dense)             (None, 176)               32560     
                                                                 
 activation_12 (Activation)  (None, 176)               0         
                                                                 
 dropout_8 (Dropout)         (None, 176)               0         
                                                                 
 dense_9 (Dense)             (None, 136)               24072     
                                                                 
 activation_13 (Activation)  (None, 136)               0         
                                                                 
 dropout_9 (Dropout)         (None, 136)               0         
                                                                 
 dense_10 (Dense)            (None, 10)                1370      
                                                                 
=================================================================
Total params: 196562 (767.82 KB)
Trainable params: 196562 (767.82 KB)
Non-trainable params: 0 (0.00 Byte)
_________________________________________________________________
Epoch 1/100
6250/6250 - 23s - loss: 10.9878 - accuracy: 0.0976 - val_loss: 10.2677 - val_accuracy: 0.1000 - 23s/epoch - 4ms/step
Epoch 2/100
6250/6250 - 22s - loss: 9.6267 - accuracy: 0.0951 - val_loss: 9.0216 - val_accuracy: 0.1000 - 22s/epoch - 4ms/step
Epoch 3/100
6250/6250 - 21s - loss: 8.4829 - accuracy: 0.0998 - val_loss: 7.9742 - val_accuracy: 0.1000 - 21s/epoch - 3ms/step
Epoch 4/100
6250/6250 - 21s - loss: 7.5213 - accuracy: 0.0971 - val_loss: 7.0936 - val_accuracy: 0.1000 - 21s/epoch - 3ms/step
Epoch 5/100
6250/6250 - 21s - loss: 6.7127 - accuracy: 0.0957 - val_loss: 6.3529 - val_accuracy: 0.1000 - 21s/epoch - 3ms/step
Epoch 6/100
6250/6250 - 21s - loss: 6.0324 - accuracy: 0.0980 - val_loss: 5.7296 - val_accuracy: 0.1000 - 21s/epoch - 3ms/step
Epoch 7/100
6250/6250 - 21s - loss: 5.4599 - accuracy: 0.0968 - val_loss: 5.2049 - val_accuracy: 0.1000 - 21s/epoch - 3ms/step
Epoch 8/100
6250/6250 - 21s - loss: 4.9778 - accuracy: 0.0976 - val_loss: 4.7631 - val_accuracy: 0.1000 - 21s/epoch - 3ms/step
Epoch 9/100
6250/6250 - 21s - loss: 4.5717 - accuracy: 0.0974 - val_loss: 4.3907 - val_accuracy: 0.1000 - 21s/epoch - 3ms/step
Epoch 10/100
6250/6250 - 21s - loss: 4.2294 - accuracy: 0.0968 - val_loss: 4.0768 - val_accuracy: 0.1000 - 21s/epoch - 3ms/step
Epoch 11/100
6250/6250 - 21s - loss: 3.9407 - accuracy: 0.0977 - val_loss: 3.8120 - val_accuracy: 0.1000 - 21s/epoch - 3ms/step
Epoch 12/100
6250/6250 - 21s - loss: 3.6971 - accuracy: 0.0963 - val_loss: 3.5884 - val_accuracy: 0.1000 - 21s/epoch - 3ms/step
Epoch 13/100
6250/6250 - 20s - loss: 3.4914 - accuracy: 0.0956 - val_loss: 3.3996 - val_accuracy: 0.1000 - 20s/epoch - 3ms/step
Epoch 14/100
6250/6250 - 21s - loss: 3.3176 - accuracy: 0.0971 - val_loss: 3.2399 - val_accuracy: 0.1000 - 21s/epoch - 3ms/step
Epoch 15/100
6250/6250 - 21s - loss: 3.1706 - accuracy: 0.0986 - val_loss: 3.1048 - val_accuracy: 0.1000 - 21s/epoch - 3ms/step
Epoch 16/100
6250/6250 - 21s - loss: 3.0461 - accuracy: 0.0991 - val_loss: 2.9904 - val_accuracy: 0.1000 - 21s/epoch - 3ms/step
Epoch 17/100
6250/6250 - 22s - loss: 2.9406 - accuracy: 0.0970 - val_loss: 2.8934 - val_accuracy: 0.1000 - 22s/epoch - 3ms/step
Epoch 18/100
6250/6250 - 21s - loss: 2.8512 - accuracy: 0.0968 - val_loss: 2.8111 - val_accuracy: 0.1000 - 21s/epoch - 3ms/step
Epoch 19/100
6250/6250 - 22s - loss: 2.7752 - accuracy: 0.0957 - val_loss: 2.7412 - val_accuracy: 0.1000 - 22s/epoch - 4ms/step
Epoch 20/100
6250/6250 - 21s - loss: 2.7107 - accuracy: 0.0950 - val_loss: 2.6817 - val_accuracy: 0.1000 - 21s/epoch - 3ms/step
Epoch 21/100
6250/6250 - 21s - loss: 2.6557 - accuracy: 0.0986 - val_loss: 2.6310 - val_accuracy: 0.1000 - 21s/epoch - 3ms/step
Epoch 22/100
6250/6250 - 21s - loss: 2.6089 - accuracy: 0.0966 - val_loss: 2.5878 - val_accuracy: 0.1000 - 21s/epoch - 3ms/step
Epoch 23/100
6250/6250 - 21s - loss: 2.5689 - accuracy: 0.0978 - val_loss: 2.5508 - val_accuracy: 0.1000 - 21s/epoch - 3ms/step
Epoch 24/100
6250/6250 - 21s - loss: 2.5347 - accuracy: 0.0978 - val_loss: 2.5192 - val_accuracy: 0.1000 - 21s/epoch - 3ms/step
Epoch 25/100
6250/6250 - 22s - loss: 2.5054 - accuracy: 0.0982 - val_loss: 2.4922 - val_accuracy: 0.1000 - 22s/epoch - 3ms/step
Epoch 26/100
6250/6250 - 22s - loss: 2.4803 - accuracy: 0.0970 - val_loss: 2.4689 - val_accuracy: 0.1000 - 22s/epoch - 3ms/step
Epoch 27/100
6250/6250 - 21s - loss: 2.4587 - accuracy: 0.0967 - val_loss: 2.4489 - val_accuracy: 0.1000 - 21s/epoch - 3ms/step
Epoch 28/100
6250/6250 - 21s - loss: 2.4401 - accuracy: 0.0976 - val_loss: 2.4316 - val_accuracy: 0.1000 - 21s/epoch - 3ms/step
Epoch 29/100
6250/6250 - 21s - loss: 2.4240 - accuracy: 0.0974 - val_loss: 2.4167 - val_accuracy: 0.1000 - 21s/epoch - 3ms/step
Epoch 30/100
6250/6250 - 21s - loss: 2.4102 - accuracy: 0.0970 - val_loss: 2.4038 - val_accuracy: 0.1000 - 21s/epoch - 3ms/step
Epoch 31/100
Restoring model weights from the end of the best epoch: 1.
6250/6250 - 21s - loss: 2.3981 - accuracy: 0.0976 - val_loss: 2.3926 - val_accuracy: 0.1000 - 21s/epoch - 3ms/step
Epoch 31: early stopping
313/313 - 1s - loss: 10.2677 - accuracy: 0.1000 - 654ms/epoch - 2ms/step

ACCURACY: 0.10000000149011612


SCORE: -0.3343417370430813

[92m | MODULE VALUES ---------------------------------------------  |
 [0m
FLOPS: 17829132
PARAMS: 196562.0
[92m 
 | -----------------------------------------------------------  |
 [0m

--- BANANAS ITERATION 78 / 1000 ---
Chosen point: {'num_neurons': 4, 'unit_c1': 1, 'unit_c2': 1, 'dr_f': 0.35960349357856414, 'learning_rate': 0.0001812468660159125, 'batch_size': 8, 'optimizer': 'Adadelta', 'activation': 'selu', 'data_augmentation': False, 'reg_l2': False, 'skip_connection': True, 'new_fc_1': 30, 'new_fc_2': 7, 'new_fc_3': 20, 'new_fc_4': 31, 'new_fc_5': 1, 'new_fc_6': 23, 'new_fc_7': 18, 'new_fc_8': 14, 'new_fc_9': 8, 'new_fc_10': 2}
[94m
|  --> START TRAINING ITERATION 10[0m
[INFO] Flags -> DA: False, L2: False, Skip: True
Building model with input_shape=(32, 32, 3), pos_input_shape=None, layer_x_block=2
Model: "model"
__________________________________________________________________________________________________
 Layer (type)                Output Shape                 Param #   Connected to                  
==================================================================================================
 input_1 (InputLayer)        [(None, 32, 32, 3)]          0         []                            
                                                                                                  
 conv2d (Conv2D)             (None, 32, 32, 4)            112       ['input_1[0][0]']             
                                                                                                  
 activation (Activation)     (None, 32, 32, 4)            0         ['conv2d[0][0]']              
                                                                                                  
 conv2d_2 (Conv2D)           (None, 32, 32, 4)            16        ['input_1[0][0]']             
                                                                                                  
 conv2d_1 (Conv2D)           (None, 32, 32, 4)            148       ['activation[0][0]']          
                                                                                                  
 add (Add)                   (None, 32, 32, 4)            0         ['conv2d_2[0][0]',            
                                                                     'conv2d_1[0][0]']            
                                                                                                  
 activation_1 (Activation)   (None, 32, 32, 4)            0         ['add[0][0]']                 
                                                                                                  
 max_pooling2d (MaxPooling2  (None, 16, 16, 4)            0         ['activation_1[0][0]']        
 D)                                                                                               
                                                                                                  
 conv2d_3 (Conv2D)           (None, 16, 16, 4)            148       ['max_pooling2d[0][0]']       
                                                                                                  
 activation_2 (Activation)   (None, 16, 16, 4)            0         ['conv2d_3[0][0]']            
                                                                                                  
 conv2d_4 (Conv2D)           (None, 16, 16, 4)            148       ['activation_2[0][0]']        
                                                                                                  
 add_1 (Add)                 (None, 16, 16, 4)            0         ['max_pooling2d[0][0]',       
                                                                     'conv2d_4[0][0]']            
                                                                                                  
 activation_3 (Activation)   (None, 16, 16, 4)            0         ['add_1[0][0]']               
                                                                                                  
 max_pooling2d_1 (MaxPoolin  (None, 8, 8, 4)              0         ['activation_3[0][0]']        
 g2D)                                                                                             
                                                                                                  
 flatten (Flatten)           (None, 256)                  0         ['max_pooling2d_1[0][0]']     
                                                                                                  
 dense (Dense)               (None, 120)                  30840     ['flatten[0][0]']             
                                                                                                  
 activation_4 (Activation)   (None, 120)                  0         ['dense[0][0]']               
                                                                                                  
 dropout (Dropout)           (None, 120)                  0         ['activation_4[0][0]']        
                                                                                                  
 dense_1 (Dense)             (None, 28)                   3388      ['dropout[0][0]']             
                                                                                                  
 activation_5 (Activation)   (None, 28)                   0         ['dense_1[0][0]']             
                                                                                                  
 dropout_1 (Dropout)         (None, 28)                   0         ['activation_5[0][0]']        
                                                                                                  
 dense_2 (Dense)             (None, 80)                   2320      ['dropout_1[0][0]']           
                                                                                                  
 activation_6 (Activation)   (None, 80)                   0         ['dense_2[0][0]']             
                                                                                                  
 dropout_2 (Dropout)         (None, 80)                   0         ['activation_6[0][0]']        
                                                                                                  
 dense_3 (Dense)             (None, 124)                  10044     ['dropout_2[0][0]']           
                                                                                                  
 activation_7 (Activation)   (None, 124)                  0         ['dense_3[0][0]']             
                                                                                                  
 dropout_3 (Dropout)         (None, 124)                  0         ['activation_7[0][0]']        
                                                                                                  
 dense_4 (Dense)             (None, 4)                    500       ['dropout_3[0][0]']           
                                                                                                  
 activation_8 (Activation)   (None, 4)                    0         ['dense_4[0][0]']             
                                                                                                  
 dropout_4 (Dropout)         (None, 4)                    0         ['activation_8[0][0]']        
                                                                                                  
 dense_5 (Dense)             (None, 92)                   460       ['dropout_4[0][0]']           
                                                                                                  
 activation_9 (Activation)   (None, 92)                   0         ['dense_5[0][0]']             
                                                                                                  
 dropout_5 (Dropout)         (None, 92)                   0         ['activation_9[0][0]']        
                                                                                                  
 dense_6 (Dense)             (None, 72)                   6696      ['dropout_5[0][0]']           
                                                                                                  
 activation_10 (Activation)  (None, 72)                   0         ['dense_6[0][0]']             
                                                                                                  
 dropout_6 (Dropout)         (None, 72)                   0         ['activation_10[0][0]']       
                                                                                                  
 dense_7 (Dense)             (None, 56)                   4088      ['dropout_6[0][0]']           
                                                                                                  
 activation_11 (Activation)  (None, 56)                   0         ['dense_7[0][0]']             
                                                                                                  
 dropout_7 (Dropout)         (None, 56)                   0         ['activation_11[0][0]']       
                                                                                                  
 dense_8 (Dense)             (None, 32)                   1824      ['dropout_7[0][0]']           
                                                                                                  
 activation_12 (Activation)  (None, 32)                   0         ['dense_8[0][0]']             
                                                                                                  
 dropout_8 (Dropout)         (None, 32)                   0         ['activation_12[0][0]']       
                                                                                                  
 dense_9 (Dense)             (None, 8)                    264       ['dropout_8[0][0]']           
                                                                                                  
 activation_13 (Activation)  (None, 8)                    0         ['dense_9[0][0]']             
                                                                                                  
 dropout_9 (Dropout)         (None, 8)                    0         ['activation_13[0][0]']       
                                                                                                  
 dense_10 (Dense)            (None, 10)                   90        ['dropout_9[0][0]']           
                                                                                                  
==================================================================================================
Total params: 61086 (238.62 KB)
Trainable params: 61086 (238.62 KB)
Non-trainable params: 0 (0.00 Byte)
__________________________________________________________________________________________________
Epoch 1/100
6250/6250 - 22s - loss: 3.9215 - accuracy: 0.0988 - val_loss: 2.5100 - val_accuracy: 0.0947 - 22s/epoch - 4ms/step
Epoch 2/100
6250/6250 - 21s - loss: 3.9014 - accuracy: 0.1002 - val_loss: 2.4952 - val_accuracy: 0.0919 - 21s/epoch - 3ms/step
Epoch 3/100
6250/6250 - 21s - loss: 3.8974 - accuracy: 0.0983 - val_loss: 2.4819 - val_accuracy: 0.0891 - 21s/epoch - 3ms/step
Epoch 4/100
6250/6250 - 21s - loss: 3.8721 - accuracy: 0.0969 - val_loss: 2.4699 - val_accuracy: 0.0876 - 21s/epoch - 3ms/step
Epoch 5/100
6250/6250 - 21s - loss: 3.8410 - accuracy: 0.1004 - val_loss: 2.4586 - val_accuracy: 0.0860 - 21s/epoch - 3ms/step
Epoch 6/100
6250/6250 - 20s - loss: 3.8332 - accuracy: 0.0996 - val_loss: 2.4488 - val_accuracy: 0.0845 - 20s/epoch - 3ms/step
Epoch 7/100
6250/6250 - 20s - loss: 3.8121 - accuracy: 0.0998 - val_loss: 2.4391 - val_accuracy: 0.0827 - 20s/epoch - 3ms/step
Epoch 8/100
6250/6250 - 21s - loss: 3.8162 - accuracy: 0.0984 - val_loss: 2.4315 - val_accuracy: 0.0817 - 21s/epoch - 3ms/step
Epoch 9/100
6250/6250 - 21s - loss: 3.7743 - accuracy: 0.0993 - val_loss: 2.4257 - val_accuracy: 0.0849 - 21s/epoch - 3ms/step
Epoch 10/100
6250/6250 - 21s - loss: 3.7698 - accuracy: 0.0985 - val_loss: 2.4200 - val_accuracy: 0.0856 - 21s/epoch - 3ms/step
Epoch 11/100
6250/6250 - 21s - loss: 3.7344 - accuracy: 0.0996 - val_loss: 2.4146 - val_accuracy: 0.0866 - 21s/epoch - 3ms/step
Epoch 12/100
6250/6250 - 20s - loss: 3.7168 - accuracy: 0.1001 - val_loss: 2.4105 - val_accuracy: 0.0867 - 20s/epoch - 3ms/step
Epoch 13/100
6250/6250 - 21s - loss: 3.7241 - accuracy: 0.0991 - val_loss: 2.4061 - val_accuracy: 0.0896 - 21s/epoch - 3ms/step
Epoch 14/100
6250/6250 - 20s - loss: 3.7005 - accuracy: 0.0981 - val_loss: 2.4030 - val_accuracy: 0.0900 - 20s/epoch - 3ms/step
Epoch 15/100
6250/6250 - 21s - loss: 3.6939 - accuracy: 0.0990 - val_loss: 2.4010 - val_accuracy: 0.0937 - 21s/epoch - 3ms/step
Epoch 16/100
6250/6250 - 21s - loss: 3.6753 - accuracy: 0.1006 - val_loss: 2.3988 - val_accuracy: 0.0943 - 21s/epoch - 3ms/step
Epoch 17/100
6250/6250 - 20s - loss: 3.6555 - accuracy: 0.0998 - val_loss: 2.3973 - val_accuracy: 0.0936 - 20s/epoch - 3ms/step
Epoch 18/100
6250/6250 - 20s - loss: 3.6521 - accuracy: 0.0998 - val_loss: 2.3957 - val_accuracy: 0.0932 - 20s/epoch - 3ms/step
Epoch 19/100
6250/6250 - 20s - loss: 3.6341 - accuracy: 0.1004 - val_loss: 2.3937 - val_accuracy: 0.0948 - 20s/epoch - 3ms/step
Epoch 20/100
6250/6250 - 20s - loss: 3.6222 - accuracy: 0.0993 - val_loss: 2.3923 - val_accuracy: 0.0950 - 20s/epoch - 3ms/step
Epoch 21/100
6250/6250 - 20s - loss: 3.6105 - accuracy: 0.0997 - val_loss: 2.3909 - val_accuracy: 0.0961 - 20s/epoch - 3ms/step
Epoch 22/100
6250/6250 - 20s - loss: 3.6044 - accuracy: 0.0993 - val_loss: 2.3899 - val_accuracy: 0.0995 - 20s/epoch - 3ms/step
Epoch 23/100
6250/6250 - 20s - loss: 3.5917 - accuracy: 0.0991 - val_loss: 2.3885 - val_accuracy: 0.1007 - 20s/epoch - 3ms/step
Epoch 24/100
6250/6250 - 20s - loss: 3.5733 - accuracy: 0.1022 - val_loss: 2.3880 - val_accuracy: 0.1004 - 20s/epoch - 3ms/step
Epoch 25/100
6250/6250 - 20s - loss: 3.5654 - accuracy: 0.1011 - val_loss: 2.3870 - val_accuracy: 0.1017 - 20s/epoch - 3ms/step
Epoch 26/100
6250/6250 - 20s - loss: 3.5599 - accuracy: 0.0988 - val_loss: 2.3863 - val_accuracy: 0.1007 - 20s/epoch - 3ms/step
Epoch 27/100
6250/6250 - 20s - loss: 3.5355 - accuracy: 0.0997 - val_loss: 2.3855 - val_accuracy: 0.1013 - 20s/epoch - 3ms/step
Epoch 28/100
6250/6250 - 20s - loss: 3.5281 - accuracy: 0.1000 - val_loss: 2.3850 - val_accuracy: 0.1029 - 20s/epoch - 3ms/step
Epoch 29/100
6250/6250 - 20s - loss: 3.5232 - accuracy: 0.0991 - val_loss: 2.3842 - val_accuracy: 0.1029 - 20s/epoch - 3ms/step
Epoch 30/100
6250/6250 - 20s - loss: 3.5215 - accuracy: 0.1001 - val_loss: 2.3835 - val_accuracy: 0.1046 - 20s/epoch - 3ms/step
Epoch 31/100
6250/6250 - 20s - loss: 3.5072 - accuracy: 0.0984 - val_loss: 2.3828 - val_accuracy: 0.1052 - 20s/epoch - 3ms/step
Epoch 32/100
6250/6250 - 20s - loss: 3.4947 - accuracy: 0.1000 - val_loss: 2.3821 - val_accuracy: 0.1064 - 20s/epoch - 3ms/step
Epoch 33/100
6250/6250 - 20s - loss: 3.4810 - accuracy: 0.0997 - val_loss: 2.3813 - val_accuracy: 0.1064 - 20s/epoch - 3ms/step
Epoch 34/100
6250/6250 - 20s - loss: 3.4626 - accuracy: 0.0981 - val_loss: 2.3807 - val_accuracy: 0.1072 - 20s/epoch - 3ms/step
Epoch 35/100
6250/6250 - 20s - loss: 3.4828 - accuracy: 0.0983 - val_loss: 2.3800 - val_accuracy: 0.1070 - 20s/epoch - 3ms/step
Epoch 36/100
6250/6250 - 20s - loss: 3.4553 - accuracy: 0.1022 - val_loss: 2.3793 - val_accuracy: 0.1077 - 20s/epoch - 3ms/step
Epoch 37/100
6250/6250 - 20s - loss: 3.4286 - accuracy: 0.1013 - val_loss: 2.3788 - val_accuracy: 0.1049 - 20s/epoch - 3ms/step
Epoch 38/100
6250/6250 - 21s - loss: 3.4613 - accuracy: 0.0983 - val_loss: 2.3775 - val_accuracy: 0.1072 - 21s/epoch - 3ms/step
Epoch 39/100
6250/6250 - 21s - loss: 3.4401 - accuracy: 0.0998 - val_loss: 2.3768 - val_accuracy: 0.1072 - 21s/epoch - 3ms/step
Epoch 40/100
6250/6250 - 20s - loss: 3.4206 - accuracy: 0.1019 - val_loss: 2.3763 - val_accuracy: 0.1063 - 20s/epoch - 3ms/step
Epoch 41/100
6250/6250 - 20s - loss: 3.4073 - accuracy: 0.0997 - val_loss: 2.3753 - val_accuracy: 0.1066 - 20s/epoch - 3ms/step
Epoch 42/100
6250/6250 - 20s - loss: 3.4300 - accuracy: 0.0996 - val_loss: 2.3749 - val_accuracy: 0.1047 - 20s/epoch - 3ms/step
Epoch 43/100
6250/6250 - 20s - loss: 3.4042 - accuracy: 0.1001 - val_loss: 2.3736 - val_accuracy: 0.1070 - 20s/epoch - 3ms/step
Epoch 44/100
6250/6250 - 20s - loss: 3.3997 - accuracy: 0.1000 - val_loss: 2.3726 - val_accuracy: 0.1067 - 20s/epoch - 3ms/step
Epoch 45/100
6250/6250 - 20s - loss: 3.3727 - accuracy: 0.0994 - val_loss: 2.3719 - val_accuracy: 0.1052 - 20s/epoch - 3ms/step
Epoch 46/100
6250/6250 - 20s - loss: 3.3765 - accuracy: 0.0988 - val_loss: 2.3709 - val_accuracy: 0.1044 - 20s/epoch - 3ms/step
Epoch 47/100
6250/6250 - 20s - loss: 3.3688 - accuracy: 0.1013 - val_loss: 2.3701 - val_accuracy: 0.1057 - 20s/epoch - 3ms/step
Epoch 48/100
6250/6250 - 20s - loss: 3.3588 - accuracy: 0.1007 - val_loss: 2.3693 - val_accuracy: 0.1049 - 20s/epoch - 3ms/step
Epoch 49/100
6250/6250 - 20s - loss: 3.3621 - accuracy: 0.0990 - val_loss: 2.3682 - val_accuracy: 0.1039 - 20s/epoch - 3ms/step
Epoch 50/100
6250/6250 - 20s - loss: 3.3355 - accuracy: 0.1029 - val_loss: 2.3672 - val_accuracy: 0.1045 - 20s/epoch - 3ms/step
Epoch 51/100
6250/6250 - 20s - loss: 3.3516 - accuracy: 0.0979 - val_loss: 2.3663 - val_accuracy: 0.1034 - 20s/epoch - 3ms/step
Epoch 52/100
6250/6250 - 20s - loss: 3.3380 - accuracy: 0.1007 - val_loss: 2.3652 - val_accuracy: 0.1045 - 20s/epoch - 3ms/step
Epoch 53/100
6250/6250 - 20s - loss: 3.3361 - accuracy: 0.0995 - val_loss: 2.3644 - val_accuracy: 0.1047 - 20s/epoch - 3ms/step
Epoch 54/100
6250/6250 - 21s - loss: 3.3370 - accuracy: 0.0980 - val_loss: 2.3634 - val_accuracy: 0.1035 - 21s/epoch - 3ms/step
Epoch 55/100
6250/6250 - 20s - loss: 3.3075 - accuracy: 0.1015 - val_loss: 2.3624 - val_accuracy: 0.1030 - 20s/epoch - 3ms/step
Epoch 56/100
6250/6250 - 20s - loss: 3.3039 - accuracy: 0.1012 - val_loss: 2.3617 - val_accuracy: 0.1027 - 20s/epoch - 3ms/step
Epoch 57/100
6250/6250 - 20s - loss: 3.3047 - accuracy: 0.0982 - val_loss: 2.3606 - val_accuracy: 0.1020 - 20s/epoch - 3ms/step
Epoch 58/100
6250/6250 - 20s - loss: 3.3036 - accuracy: 0.0995 - val_loss: 2.3597 - val_accuracy: 0.1003 - 20s/epoch - 3ms/step
Epoch 59/100
6250/6250 - 20s - loss: 3.2828 - accuracy: 0.1012 - val_loss: 2.3584 - val_accuracy: 0.1020 - 20s/epoch - 3ms/step
Epoch 60/100
6250/6250 - 20s - loss: 3.2781 - accuracy: 0.0996 - val_loss: 2.3576 - val_accuracy: 0.1003 - 20s/epoch - 3ms/step
Epoch 61/100
6250/6250 - 20s - loss: 3.2718 - accuracy: 0.1010 - val_loss: 2.3574 - val_accuracy: 0.0976 - 20s/epoch - 3ms/step
Epoch 62/100
Restoring model weights from the end of the best epoch: 32.
6250/6250 - 21s - loss: 3.2586 - accuracy: 0.0996 - val_loss: 2.3565 - val_accuracy: 0.0974 - 21s/epoch - 3ms/step
Epoch 62: early stopping
313/313 - 1s - loss: 2.3821 - accuracy: 0.1064 - 945ms/epoch - 3ms/step

ACCURACY: 0.10639999806880951


SCORE: -0.3728136866481666

[92m | MODULE VALUES ---------------------------------------------  |
 [0m
FLOPS: 833156
PARAMS: 61086.0
[92m 
 | -----------------------------------------------------------  |
 [0m

--- BANANAS ITERATION 79 / 1000 ---
Chosen point: {'num_neurons': 4, 'unit_c1': 1, 'unit_c2': 1, 'dr_f': 0.4382430370123045, 'learning_rate': 0.0001724410079639269, 'batch_size': 8, 'optimizer': 'Adadelta', 'activation': 'selu', 'data_augmentation': True, 'reg_l2': False, 'skip_connection': False, 'new_fc_1': 3, 'new_fc_2': 2, 'new_fc_3': 15, 'new_fc_4': 12, 'new_fc_5': 16, 'new_fc_6': 2, 'new_fc_7': 9, 'new_fc_8': 31, 'new_fc_9': 32, 'new_fc_10': 5}
[94m
|  --> START TRAINING ITERATION 11[0m
[INFO] Flags -> DA: True, L2: False, Skip: False
Building model with input_shape=(32, 32, 3), pos_input_shape=None, layer_x_block=2
Model: "model"
_________________________________________________________________
 Layer (type)                Output Shape              Param #   
=================================================================
 input_2 (InputLayer)        [(None, 32, 32, 3)]       0         
                                                                 
 conv2d (Conv2D)             (None, 32, 32, 4)         112       
                                                                 
 activation (Activation)     (None, 32, 32, 4)         0         
                                                                 
 conv2d_1 (Conv2D)           (None, 32, 32, 4)         148       
                                                                 
 activation_1 (Activation)   (None, 32, 32, 4)         0         
                                                                 
 max_pooling2d (MaxPooling2  (None, 16, 16, 4)         0         
 D)                                                              
                                                                 
 conv2d_2 (Conv2D)           (None, 16, 16, 4)         148       
                                                                 
 activation_2 (Activation)   (None, 16, 16, 4)         0         
                                                                 
 conv2d_3 (Conv2D)           (None, 16, 16, 4)         148       
                                                                 
 activation_3 (Activation)   (None, 16, 16, 4)         0         
                                                                 
 max_pooling2d_1 (MaxPoolin  (None, 8, 8, 4)           0         
 g2D)                                                            
                                                                 
 flatten (Flatten)           (None, 256)               0         
                                                                 
 dense (Dense)               (None, 12)                3084      
                                                                 
 activation_4 (Activation)   (None, 12)                0         
                                                                 
 dropout (Dropout)           (None, 12)                0         
                                                                 
 dense_1 (Dense)             (None, 8)                 104       
                                                                 
 activation_5 (Activation)   (None, 8)                 0         
                                                                 
 dropout_1 (Dropout)         (None, 8)                 0         
                                                                 
 dense_2 (Dense)             (None, 60)                540       
                                                                 
 activation_6 (Activation)   (None, 60)                0         
                                                                 
 dropout_2 (Dropout)         (None, 60)                0         
                                                                 
 dense_3 (Dense)             (None, 48)                2928      
                                                                 
 activation_7 (Activation)   (None, 48)                0         
                                                                 
 dropout_3 (Dropout)         (None, 48)                0         
                                                                 
 dense_4 (Dense)             (None, 64)                3136      
                                                                 
 activation_8 (Activation)   (None, 64)                0         
                                                                 
 dropout_4 (Dropout)         (None, 64)                0         
                                                                 
 dense_5 (Dense)             (None, 8)                 520       
                                                                 
 activation_9 (Activation)   (None, 8)                 0         
                                                                 
 dropout_5 (Dropout)         (None, 8)                 0         
                                                                 
 dense_6 (Dense)             (None, 36)                324       
                                                                 
 activation_10 (Activation)  (None, 36)                0         
                                                                 
 dropout_6 (Dropout)         (None, 36)                0         
                                                                 
 dense_7 (Dense)             (None, 124)               4588      
                                                                 
 activation_11 (Activation)  (None, 124)               0         
                                                                 
 dropout_7 (Dropout)         (None, 124)               0         
                                                                 
 dense_8 (Dense)             (None, 128)               16000     
                                                                 
 activation_12 (Activation)  (None, 128)               0         
                                                                 
 dropout_8 (Dropout)         (None, 128)               0         
                                                                 
 dense_9 (Dense)             (None, 20)                2580      
                                                                 
 activation_13 (Activation)  (None, 20)                0         
                                                                 
 dropout_9 (Dropout)         (None, 20)                0         
                                                                 
 dense_10 (Dense)            (None, 10)                210       
                                                                 
=================================================================
Total params: 34570 (135.04 KB)
Trainable params: 34570 (135.04 KB)
Non-trainable params: 0 (0.00 Byte)
_________________________________________________________________
Epoch 1/100
6250/6250 - 21s - loss: 5.1628 - accuracy: 0.1001 - val_loss: 2.6081 - val_accuracy: 0.1007 - 21s/epoch - 3ms/step
Epoch 2/100
6250/6250 - 20s - loss: 5.1239 - accuracy: 0.0992 - val_loss: 2.5981 - val_accuracy: 0.1000 - 20s/epoch - 3ms/step
Epoch 3/100
6250/6250 - 20s - loss: 5.0901 - accuracy: 0.1002 - val_loss: 2.5882 - val_accuracy: 0.0996 - 20s/epoch - 3ms/step
Epoch 4/100
6250/6250 - 19s - loss: 5.0370 - accuracy: 0.0998 - val_loss: 2.5793 - val_accuracy: 0.0989 - 19s/epoch - 3ms/step
Epoch 5/100
6250/6250 - 19s - loss: 5.0426 - accuracy: 0.0991 - val_loss: 2.5713 - val_accuracy: 0.0996 - 19s/epoch - 3ms/step
Epoch 6/100
6250/6250 - 20s - loss: 5.0134 - accuracy: 0.1005 - val_loss: 2.5645 - val_accuracy: 0.1008 - 20s/epoch - 3ms/step
Epoch 7/100
6250/6250 - 20s - loss: 4.9412 - accuracy: 0.0994 - val_loss: 2.5596 - val_accuracy: 0.1008 - 20s/epoch - 3ms/step
Epoch 8/100
6250/6250 - 20s - loss: 4.8927 - accuracy: 0.1016 - val_loss: 2.5566 - val_accuracy: 0.1026 - 20s/epoch - 3ms/step
Epoch 9/100
6250/6250 - 20s - loss: 4.8830 - accuracy: 0.0975 - val_loss: 2.5528 - val_accuracy: 0.1055 - 20s/epoch - 3ms/step
Epoch 10/100
6250/6250 - 20s - loss: 4.8263 - accuracy: 0.0992 - val_loss: 2.5517 - val_accuracy: 0.1089 - 20s/epoch - 3ms/step
Epoch 11/100
6250/6250 - 20s - loss: 4.8243 - accuracy: 0.1001 - val_loss: 2.5481 - val_accuracy: 0.1112 - 20s/epoch - 3ms/step
Epoch 12/100
6250/6250 - 20s - loss: 4.7823 - accuracy: 0.1010 - val_loss: 2.5458 - val_accuracy: 0.1131 - 20s/epoch - 3ms/step
Epoch 13/100
6250/6250 - 20s - loss: 4.7576 - accuracy: 0.1002 - val_loss: 2.5442 - val_accuracy: 0.1155 - 20s/epoch - 3ms/step
Epoch 14/100
6250/6250 - 20s - loss: 4.7112 - accuracy: 0.0996 - val_loss: 2.5437 - val_accuracy: 0.1176 - 20s/epoch - 3ms/step
Epoch 15/100
6250/6250 - 20s - loss: 4.7085 - accuracy: 0.0984 - val_loss: 2.5436 - val_accuracy: 0.1161 - 20s/epoch - 3ms/step
Epoch 16/100
6250/6250 - 20s - loss: 4.6674 - accuracy: 0.1009 - val_loss: 2.5434 - val_accuracy: 0.1139 - 20s/epoch - 3ms/step
Epoch 17/100
6250/6250 - 20s - loss: 4.6425 - accuracy: 0.1002 - val_loss: 2.5435 - val_accuracy: 0.1138 - 20s/epoch - 3ms/step
Epoch 18/100
6250/6250 - 20s - loss: 4.6181 - accuracy: 0.0999 - val_loss: 2.5437 - val_accuracy: 0.1132 - 20s/epoch - 3ms/step
Epoch 19/100
6250/6250 - 20s - loss: 4.5984 - accuracy: 0.0995 - val_loss: 2.5435 - val_accuracy: 0.1132 - 20s/epoch - 3ms/step
Epoch 20/100
6250/6250 - 20s - loss: 4.5609 - accuracy: 0.1009 - val_loss: 2.5433 - val_accuracy: 0.1147 - 20s/epoch - 3ms/step
Epoch 21/100
6250/6250 - 20s - loss: 4.5470 - accuracy: 0.0994 - val_loss: 2.5418 - val_accuracy: 0.1147 - 20s/epoch - 3ms/step
Epoch 22/100
6250/6250 - 20s - loss: 4.5192 - accuracy: 0.1011 - val_loss: 2.5409 - val_accuracy: 0.1140 - 20s/epoch - 3ms/step
Epoch 23/100
6250/6250 - 20s - loss: 4.5311 - accuracy: 0.0982 - val_loss: 2.5390 - val_accuracy: 0.1153 - 20s/epoch - 3ms/step
Epoch 24/100
6250/6250 - 20s - loss: 4.4898 - accuracy: 0.0999 - val_loss: 2.5394 - val_accuracy: 0.1163 - 20s/epoch - 3ms/step
Epoch 25/100
6250/6250 - 20s - loss: 4.4650 - accuracy: 0.1018 - val_loss: 2.5391 - val_accuracy: 0.1171 - 20s/epoch - 3ms/step
Epoch 26/100
6250/6250 - 20s - loss: 4.4430 - accuracy: 0.1005 - val_loss: 2.5373 - val_accuracy: 0.1180 - 20s/epoch - 3ms/step
Epoch 27/100
6250/6250 - 20s - loss: 4.4290 - accuracy: 0.0972 - val_loss: 2.5364 - val_accuracy: 0.1184 - 20s/epoch - 3ms/step
Epoch 28/100
6250/6250 - 20s - loss: 4.3881 - accuracy: 0.1022 - val_loss: 2.5357 - val_accuracy: 0.1183 - 20s/epoch - 3ms/step
Epoch 29/100
6250/6250 - 20s - loss: 4.3734 - accuracy: 0.0996 - val_loss: 2.5353 - val_accuracy: 0.1184 - 20s/epoch - 3ms/step
Epoch 30/100
6250/6250 - 20s - loss: 4.3677 - accuracy: 0.1016 - val_loss: 2.5334 - val_accuracy: 0.1194 - 20s/epoch - 3ms/step
Epoch 31/100
6250/6250 - 20s - loss: 4.3663 - accuracy: 0.1009 - val_loss: 2.5339 - val_accuracy: 0.1199 - 20s/epoch - 3ms/step
Epoch 32/100
6250/6250 - 20s - loss: 4.3339 - accuracy: 0.0991 - val_loss: 2.5329 - val_accuracy: 0.1206 - 20s/epoch - 3ms/step
Epoch 33/100
6250/6250 - 20s - loss: 4.2893 - accuracy: 0.1012 - val_loss: 2.5325 - val_accuracy: 0.1215 - 20s/epoch - 3ms/step
Epoch 34/100
6250/6250 - 20s - loss: 4.2903 - accuracy: 0.0999 - val_loss: 2.5312 - val_accuracy: 0.1217 - 20s/epoch - 3ms/step
Epoch 35/100
6250/6250 - 20s - loss: 4.2987 - accuracy: 0.0991 - val_loss: 2.5294 - val_accuracy: 0.1223 - 20s/epoch - 3ms/step
Epoch 36/100
6250/6250 - 20s - loss: 4.2715 - accuracy: 0.1008 - val_loss: 2.5286 - val_accuracy: 0.1220 - 20s/epoch - 3ms/step
Epoch 37/100
6250/6250 - 20s - loss: 4.2377 - accuracy: 0.1016 - val_loss: 2.5268 - val_accuracy: 0.1217 - 20s/epoch - 3ms/step
Epoch 38/100
6250/6250 - 20s - loss: 4.2259 - accuracy: 0.1035 - val_loss: 2.5256 - val_accuracy: 0.1221 - 20s/epoch - 3ms/step
Epoch 39/100
6250/6250 - 20s - loss: 4.2141 - accuracy: 0.1020 - val_loss: 2.5242 - val_accuracy: 0.1221 - 20s/epoch - 3ms/step
Epoch 40/100
6250/6250 - 20s - loss: 4.1901 - accuracy: 0.1005 - val_loss: 2.5233 - val_accuracy: 0.1225 - 20s/epoch - 3ms/step
Epoch 41/100
6250/6250 - 20s - loss: 4.2047 - accuracy: 0.0996 - val_loss: 2.5207 - val_accuracy: 0.1229 - 20s/epoch - 3ms/step
Epoch 42/100
6250/6250 - 20s - loss: 4.1925 - accuracy: 0.1012 - val_loss: 2.5188 - val_accuracy: 0.1237 - 20s/epoch - 3ms/step
Epoch 43/100
6250/6250 - 20s - loss: 4.1345 - accuracy: 0.1029 - val_loss: 2.5177 - val_accuracy: 0.1238 - 20s/epoch - 3ms/step
Epoch 44/100
6250/6250 - 20s - loss: 4.1316 - accuracy: 0.1002 - val_loss: 2.5162 - val_accuracy: 0.1237 - 20s/epoch - 3ms/step
Epoch 45/100
6250/6250 - 20s - loss: 4.1420 - accuracy: 0.1007 - val_loss: 2.5147 - val_accuracy: 0.1243 - 20s/epoch - 3ms/step
Epoch 46/100
6250/6250 - 20s - loss: 4.1197 - accuracy: 0.0998 - val_loss: 2.5126 - val_accuracy: 0.1242 - 20s/epoch - 3ms/step
Epoch 47/100
6250/6250 - 20s - loss: 4.0983 - accuracy: 0.1020 - val_loss: 2.5102 - val_accuracy: 0.1243 - 20s/epoch - 3ms/step
Epoch 48/100
6250/6250 - 20s - loss: 4.0753 - accuracy: 0.1032 - val_loss: 2.5082 - val_accuracy: 0.1247 - 20s/epoch - 3ms/step
Epoch 49/100
6250/6250 - 20s - loss: 4.0896 - accuracy: 0.0995 - val_loss: 2.5067 - val_accuracy: 0.1247 - 20s/epoch - 3ms/step
Epoch 50/100
6250/6250 - 20s - loss: 4.0570 - accuracy: 0.0990 - val_loss: 2.5045 - val_accuracy: 0.1245 - 20s/epoch - 3ms/step
Epoch 51/100
6250/6250 - 20s - loss: 4.0382 - accuracy: 0.1005 - val_loss: 2.5021 - val_accuracy: 0.1247 - 20s/epoch - 3ms/step
Epoch 52/100
6250/6250 - 20s - loss: 4.0265 - accuracy: 0.1000 - val_loss: 2.5005 - val_accuracy: 0.1246 - 20s/epoch - 3ms/step
Epoch 53/100
6250/6250 - 20s - loss: 4.0409 - accuracy: 0.1010 - val_loss: 2.4980 - val_accuracy: 0.1237 - 20s/epoch - 3ms/step
Epoch 54/100
6250/6250 - 20s - loss: 3.9900 - accuracy: 0.1027 - val_loss: 2.4954 - val_accuracy: 0.1237 - 20s/epoch - 3ms/step
Epoch 55/100
6250/6250 - 20s - loss: 3.9959 - accuracy: 0.0998 - val_loss: 2.4925 - val_accuracy: 0.1233 - 20s/epoch - 3ms/step
Epoch 56/100
6250/6250 - 20s - loss: 3.9773 - accuracy: 0.1011 - val_loss: 2.4899 - val_accuracy: 0.1223 - 20s/epoch - 3ms/step
Epoch 57/100
6250/6250 - 20s - loss: 3.9824 - accuracy: 0.1009 - val_loss: 2.4884 - val_accuracy: 0.1222 - 20s/epoch - 3ms/step
Epoch 58/100
6250/6250 - 20s - loss: 3.9670 - accuracy: 0.0995 - val_loss: 2.4865 - val_accuracy: 0.1217 - 20s/epoch - 3ms/step
Epoch 59/100
6250/6250 - 20s - loss: 3.9541 - accuracy: 0.1006 - val_loss: 2.4847 - val_accuracy: 0.1216 - 20s/epoch - 3ms/step
Epoch 60/100
6250/6250 - 20s - loss: 3.9546 - accuracy: 0.1005 - val_loss: 2.4818 - val_accuracy: 0.1222 - 20s/epoch - 3ms/step
Epoch 61/100
6250/6250 - 20s - loss: 3.9353 - accuracy: 0.0994 - val_loss: 2.4794 - val_accuracy: 0.1225 - 20s/epoch - 3ms/step
Epoch 62/100
Restoring model weights from the end of the best epoch: 32.
6250/6250 - 20s - loss: 3.9160 - accuracy: 0.1026 - val_loss: 2.4773 - val_accuracy: 0.1218 - 20s/epoch - 3ms/step
Epoch 62: early stopping
313/313 - 1s - loss: 2.5329 - accuracy: 0.1206 - 521ms/epoch - 2ms/step

ACCURACY: 0.12060000002384186


SCORE: -0.3829270560166893

[92m | MODULE VALUES ---------------------------------------------  |
 [0m
FLOPS: 746472
PARAMS: 34570.0
[92m 
 | -----------------------------------------------------------  |
 [0m

--- BANANAS ITERATION 80 / 1000 ---
Chosen point: {'num_neurons': 8, 'unit_c1': 1, 'unit_c2': 2, 'dr_f': 0.12498173456437815, 'learning_rate': 0.0008493899115237737, 'batch_size': 32, 'optimizer': 'Adagrad', 'activation': 'selu', 'data_augmentation': True, 'reg_l2': True, 'skip_connection': False, 'new_fc_1': 26, 'new_fc_2': 3, 'new_fc_3': 22, 'new_fc_4': 0, 'new_fc_5': 12, 'new_fc_6': 2, 'new_fc_7': 27, 'new_fc_8': 13, 'new_fc_9': 31, 'new_fc_10': 7}
[94m
|  --> START TRAINING ITERATION 12[0m
[INFO] Flags -> DA: True, L2: True, Skip: False
Building model with input_shape=(32, 32, 3), pos_input_shape=None, layer_x_block=2
Model: "model"
_________________________________________________________________
 Layer (type)                Output Shape              Param #   
=================================================================
 input_2 (InputLayer)        [(None, 32, 32, 3)]       0         
                                                                 
 conv2d (Conv2D)             (None, 32, 32, 8)         224       
                                                                 
 activation (Activation)     (None, 32, 32, 8)         0         
                                                                 
 conv2d_1 (Conv2D)           (None, 32, 32, 8)         584       
                                                                 
 activation_1 (Activation)   (None, 32, 32, 8)         0         
                                                                 
 max_pooling2d (MaxPooling2  (None, 16, 16, 8)         0         
 D)                                                              
                                                                 
 conv2d_2 (Conv2D)           (None, 16, 16, 16)        1168      
                                                                 
 activation_2 (Activation)   (None, 16, 16, 16)        0         
                                                                 
 conv2d_3 (Conv2D)           (None, 16, 16, 16)        2320      
                                                                 
 activation_3 (Activation)   (None, 16, 16, 16)        0         
                                                                 
 max_pooling2d_1 (MaxPoolin  (None, 8, 8, 16)          0         
 g2D)                                                            
                                                                 
 flatten (Flatten)           (None, 1024)              0         
                                                                 
 dense (Dense)               (None, 208)               213200    
                                                                 
 activation_4 (Activation)   (None, 208)               0         
                                                                 
 dropout (Dropout)           (None, 208)               0         
                                                                 
 dense_1 (Dense)             (None, 24)                5016      
                                                                 
 activation_5 (Activation)   (None, 24)                0         
                                                                 
 dropout_1 (Dropout)         (None, 24)                0         
                                                                 
 dense_2 (Dense)             (None, 176)               4400      
                                                                 
 activation_6 (Activation)   (None, 176)               0         
                                                                 
 dropout_2 (Dropout)         (None, 176)               0         
                                                                 
 dense_3 (Dense)             (None, 96)                16992     
                                                                 
 activation_7 (Activation)   (None, 96)                0         
                                                                 
 dropout_3 (Dropout)         (None, 96)                0         
                                                                 
 dense_4 (Dense)             (None, 16)                1552      
                                                                 
 activation_8 (Activation)   (None, 16)                0         
                                                                 
 dropout_4 (Dropout)         (None, 16)                0         
                                                                 
 dense_5 (Dense)             (None, 216)               3672      
                                                                 
 activation_9 (Activation)   (None, 216)               0         
                                                                 
 dropout_5 (Dropout)         (None, 216)               0         
                                                                 
 dense_6 (Dense)             (None, 104)               22568     
                                                                 
 activation_10 (Activation)  (None, 104)               0         
                                                                 
 dropout_6 (Dropout)         (None, 104)               0         
                                                                 
 dense_7 (Dense)             (None, 248)               26040     
                                                                 
 activation_11 (Activation)  (None, 248)               0         
                                                                 
 dropout_7 (Dropout)         (None, 248)               0         
                                                                 
 dense_8 (Dense)             (None, 56)                13944     
                                                                 
 activation_12 (Activation)  (None, 56)                0         
                                                                 
 dropout_8 (Dropout)         (None, 56)                0         
                                                                 
 dense_9 (Dense)             (None, 10)                570       
                                                                 
=================================================================
Total params: 312250 (1.19 MB)
Trainable params: 312250 (1.19 MB)
Non-trainable params: 0 (0.00 Byte)
_________________________________________________________________
Epoch 1/100
1563/1563 - 8s - loss: 12.0151 - accuracy: 0.2021 - val_loss: 11.1304 - val_accuracy: 0.3413 - 8s/epoch - 5ms/step
Epoch 2/100
1563/1563 - 5s - loss: 10.8948 - accuracy: 0.2892 - val_loss: 10.3479 - val_accuracy: 0.3904 - 5s/epoch - 3ms/step
Epoch 3/100
1563/1563 - 5s - loss: 10.2008 - accuracy: 0.3212 - val_loss: 9.7498 - val_accuracy: 0.4072 - 5s/epoch - 3ms/step
Epoch 4/100
1563/1563 - 5s - loss: 9.6435 - accuracy: 0.3444 - val_loss: 9.2581 - val_accuracy: 0.4251 - 5s/epoch - 3ms/step
Epoch 5/100
1563/1563 - 5s - loss: 9.1763 - accuracy: 0.3622 - val_loss: 8.8371 - val_accuracy: 0.4330 - 5s/epoch - 3ms/step
Epoch 6/100
1563/1563 - 5s - loss: 8.7722 - accuracy: 0.3766 - val_loss: 8.4626 - val_accuracy: 0.4459 - 5s/epoch - 3ms/step
Epoch 7/100
1563/1563 - 5s - loss: 8.4211 - accuracy: 0.3859 - val_loss: 8.1405 - val_accuracy: 0.4494 - 5s/epoch - 3ms/step
Epoch 8/100
1563/1563 - 5s - loss: 8.0999 - accuracy: 0.3967 - val_loss: 7.8395 - val_accuracy: 0.4591 - 5s/epoch - 3ms/step
Epoch 9/100
1563/1563 - 5s - loss: 7.8134 - accuracy: 0.4061 - val_loss: 7.5726 - val_accuracy: 0.4650 - 5s/epoch - 3ms/step
Epoch 10/100
1563/1563 - 5s - loss: 7.5538 - accuracy: 0.4146 - val_loss: 7.3276 - val_accuracy: 0.4711 - 5s/epoch - 3ms/step
Epoch 11/100
1563/1563 - 5s - loss: 7.3113 - accuracy: 0.4234 - val_loss: 7.0999 - val_accuracy: 0.4728 - 5s/epoch - 3ms/step
Epoch 12/100
1563/1563 - 5s - loss: 7.0922 - accuracy: 0.4293 - val_loss: 6.8915 - val_accuracy: 0.4820 - 5s/epoch - 3ms/step
Epoch 13/100
1563/1563 - 5s - loss: 6.8886 - accuracy: 0.4330 - val_loss: 6.6969 - val_accuracy: 0.4864 - 5s/epoch - 3ms/step
Epoch 14/100
1563/1563 - 5s - loss: 6.6973 - accuracy: 0.4396 - val_loss: 6.5205 - val_accuracy: 0.4833 - 5s/epoch - 3ms/step
Epoch 15/100
1563/1563 - 5s - loss: 6.5231 - accuracy: 0.4444 - val_loss: 6.3545 - val_accuracy: 0.4917 - 5s/epoch - 3ms/step
Epoch 16/100
1563/1563 - 5s - loss: 6.3592 - accuracy: 0.4445 - val_loss: 6.1939 - val_accuracy: 0.4930 - 5s/epoch - 3ms/step
Epoch 17/100
1563/1563 - 5s - loss: 6.2054 - accuracy: 0.4485 - val_loss: 6.0472 - val_accuracy: 0.4946 - 5s/epoch - 3ms/step
Epoch 18/100
1563/1563 - 5s - loss: 6.0603 - accuracy: 0.4529 - val_loss: 5.9082 - val_accuracy: 0.4959 - 5s/epoch - 3ms/step
Epoch 19/100
1563/1563 - 5s - loss: 5.9198 - accuracy: 0.4626 - val_loss: 5.7762 - val_accuracy: 0.4989 - 5s/epoch - 3ms/step
Epoch 20/100
1563/1563 - 5s - loss: 5.7906 - accuracy: 0.4599 - val_loss: 5.6523 - val_accuracy: 0.5009 - 5s/epoch - 3ms/step
Epoch 21/100
1563/1563 - 5s - loss: 5.6691 - accuracy: 0.4632 - val_loss: 5.5335 - val_accuracy: 0.5072 - 5s/epoch - 3ms/step
Epoch 22/100
1563/1563 - 5s - loss: 5.5573 - accuracy: 0.4670 - val_loss: 5.4231 - val_accuracy: 0.5031 - 5s/epoch - 3ms/step
Epoch 23/100
1563/1563 - 5s - loss: 5.4429 - accuracy: 0.4706 - val_loss: 5.3188 - val_accuracy: 0.5043 - 5s/epoch - 3ms/step
Epoch 24/100
1563/1563 - 5s - loss: 5.3431 - accuracy: 0.4693 - val_loss: 5.2167 - val_accuracy: 0.5089 - 5s/epoch - 3ms/step
Epoch 25/100
1563/1563 - 5s - loss: 5.2384 - accuracy: 0.4732 - val_loss: 5.1222 - val_accuracy: 0.5098 - 5s/epoch - 3ms/step
Epoch 26/100
1563/1563 - 5s - loss: 5.1447 - accuracy: 0.4774 - val_loss: 5.0297 - val_accuracy: 0.5166 - 5s/epoch - 3ms/step
Epoch 27/100
1563/1563 - 5s - loss: 5.0542 - accuracy: 0.4765 - val_loss: 4.9426 - val_accuracy: 0.5158 - 5s/epoch - 3ms/step
Epoch 28/100
1563/1563 - 5s - loss: 4.9671 - accuracy: 0.4784 - val_loss: 4.8603 - val_accuracy: 0.5172 - 5s/epoch - 3ms/step
Epoch 29/100
1563/1563 - 5s - loss: 4.8822 - accuracy: 0.4815 - val_loss: 4.7781 - val_accuracy: 0.5179 - 5s/epoch - 3ms/step
Epoch 30/100
1563/1563 - 5s - loss: 4.8065 - accuracy: 0.4821 - val_loss: 4.7034 - val_accuracy: 0.5206 - 5s/epoch - 3ms/step
Epoch 31/100
1563/1563 - 5s - loss: 4.7287 - accuracy: 0.4861 - val_loss: 4.6303 - val_accuracy: 0.5216 - 5s/epoch - 3ms/step
Epoch 32/100
1563/1563 - 5s - loss: 4.6577 - accuracy: 0.4860 - val_loss: 4.5594 - val_accuracy: 0.5200 - 5s/epoch - 3ms/step
Epoch 33/100
1563/1563 - 5s - loss: 4.5853 - accuracy: 0.4888 - val_loss: 4.4942 - val_accuracy: 0.5231 - 5s/epoch - 3ms/step
Epoch 34/100
1563/1563 - 5s - loss: 4.5193 - accuracy: 0.4932 - val_loss: 4.4274 - val_accuracy: 0.5219 - 5s/epoch - 3ms/step
Epoch 35/100
1563/1563 - 5s - loss: 4.4561 - accuracy: 0.4931 - val_loss: 4.3657 - val_accuracy: 0.5219 - 5s/epoch - 3ms/step
Epoch 36/100
1563/1563 - 5s - loss: 4.3968 - accuracy: 0.4903 - val_loss: 4.3058 - val_accuracy: 0.5226 - 5s/epoch - 3ms/step
Epoch 37/100
1563/1563 - 5s - loss: 4.3315 - accuracy: 0.4980 - val_loss: 4.2491 - val_accuracy: 0.5244 - 5s/epoch - 3ms/step
Epoch 38/100
1563/1563 - 5s - loss: 4.2807 - accuracy: 0.4921 - val_loss: 4.1934 - val_accuracy: 0.5245 - 5s/epoch - 3ms/step
Epoch 39/100
1563/1563 - 5s - loss: 4.2223 - accuracy: 0.4959 - val_loss: 4.1394 - val_accuracy: 0.5253 - 5s/epoch - 3ms/step
Epoch 40/100
1563/1563 - 5s - loss: 4.1700 - accuracy: 0.4968 - val_loss: 4.0898 - val_accuracy: 0.5235 - 5s/epoch - 3ms/step
Epoch 41/100
1563/1563 - 5s - loss: 4.1215 - accuracy: 0.4953 - val_loss: 4.0404 - val_accuracy: 0.5232 - 5s/epoch - 3ms/step
Epoch 42/100
1563/1563 - 5s - loss: 4.0694 - accuracy: 0.4983 - val_loss: 3.9937 - val_accuracy: 0.5283 - 5s/epoch - 3ms/step
Epoch 43/100
1563/1563 - 5s - loss: 4.0192 - accuracy: 0.5027 - val_loss: 3.9482 - val_accuracy: 0.5276 - 5s/epoch - 3ms/step
Epoch 44/100
1563/1563 - 5s - loss: 3.9720 - accuracy: 0.5025 - val_loss: 3.9047 - val_accuracy: 0.5275 - 5s/epoch - 3ms/step
Epoch 45/100
1563/1563 - 5s - loss: 3.9293 - accuracy: 0.5013 - val_loss: 3.8586 - val_accuracy: 0.5289 - 5s/epoch - 3ms/step
Epoch 46/100
1563/1563 - 5s - loss: 3.8856 - accuracy: 0.5058 - val_loss: 3.8172 - val_accuracy: 0.5287 - 5s/epoch - 3ms/step
Epoch 47/100
1563/1563 - 5s - loss: 3.8486 - accuracy: 0.5068 - val_loss: 3.7770 - val_accuracy: 0.5302 - 5s/epoch - 3ms/step
Epoch 48/100
1563/1563 - 5s - loss: 3.8030 - accuracy: 0.5069 - val_loss: 3.7375 - val_accuracy: 0.5288 - 5s/epoch - 3ms/step
Epoch 49/100
1563/1563 - 5s - loss: 3.7709 - accuracy: 0.5048 - val_loss: 3.7034 - val_accuracy: 0.5310 - 5s/epoch - 3ms/step
Epoch 50/100
1563/1563 - 5s - loss: 3.7300 - accuracy: 0.5070 - val_loss: 3.6648 - val_accuracy: 0.5319 - 5s/epoch - 3ms/step
Epoch 51/100
1563/1563 - 5s - loss: 3.6923 - accuracy: 0.5084 - val_loss: 3.6301 - val_accuracy: 0.5330 - 5s/epoch - 3ms/step
Epoch 52/100
1563/1563 - 5s - loss: 3.6589 - accuracy: 0.5128 - val_loss: 3.5935 - val_accuracy: 0.5306 - 5s/epoch - 3ms/step
Epoch 53/100
1563/1563 - 5s - loss: 3.6258 - accuracy: 0.5088 - val_loss: 3.5632 - val_accuracy: 0.5277 - 5s/epoch - 3ms/step
Epoch 54/100
1563/1563 - 5s - loss: 3.5941 - accuracy: 0.5089 - val_loss: 3.5303 - val_accuracy: 0.5296 - 5s/epoch - 3ms/step
Epoch 55/100
1563/1563 - 5s - loss: 3.5602 - accuracy: 0.5113 - val_loss: 3.4977 - val_accuracy: 0.5309 - 5s/epoch - 3ms/step
Epoch 56/100
1563/1563 - 5s - loss: 3.5262 - accuracy: 0.5134 - val_loss: 3.4707 - val_accuracy: 0.5334 - 5s/epoch - 3ms/step
Epoch 57/100
1563/1563 - 5s - loss: 3.4995 - accuracy: 0.5137 - val_loss: 3.4425 - val_accuracy: 0.5335 - 5s/epoch - 3ms/step
Epoch 58/100
1563/1563 - 5s - loss: 3.4673 - accuracy: 0.5153 - val_loss: 3.4125 - val_accuracy: 0.5298 - 5s/epoch - 3ms/step
Epoch 59/100
1563/1563 - 5s - loss: 3.4412 - accuracy: 0.5131 - val_loss: 3.3832 - val_accuracy: 0.5358 - 5s/epoch - 3ms/step
Epoch 60/100
1563/1563 - 5s - loss: 3.4094 - accuracy: 0.5178 - val_loss: 3.3559 - val_accuracy: 0.5350 - 5s/epoch - 3ms/step
Epoch 61/100
1563/1563 - 5s - loss: 3.3845 - accuracy: 0.5166 - val_loss: 3.3287 - val_accuracy: 0.5330 - 5s/epoch - 3ms/step
Epoch 62/100
1563/1563 - 5s - loss: 3.3589 - accuracy: 0.5167 - val_loss: 3.3045 - val_accuracy: 0.5342 - 5s/epoch - 3ms/step
Epoch 63/100
1563/1563 - 5s - loss: 3.3299 - accuracy: 0.5196 - val_loss: 3.2806 - val_accuracy: 0.5369 - 5s/epoch - 3ms/step
Epoch 64/100
1563/1563 - 5s - loss: 3.3119 - accuracy: 0.5191 - val_loss: 3.2553 - val_accuracy: 0.5355 - 5s/epoch - 3ms/step
Epoch 65/100
1563/1563 - 5s - loss: 3.2825 - accuracy: 0.5200 - val_loss: 3.2332 - val_accuracy: 0.5387 - 5s/epoch - 3ms/step
Epoch 66/100
1563/1563 - 5s - loss: 3.2600 - accuracy: 0.5221 - val_loss: 3.2121 - val_accuracy: 0.5381 - 5s/epoch - 3ms/step
Epoch 67/100
1563/1563 - 5s - loss: 3.2398 - accuracy: 0.5198 - val_loss: 3.1878 - val_accuracy: 0.5341 - 5s/epoch - 3ms/step
Epoch 68/100
1563/1563 - 5s - loss: 3.2147 - accuracy: 0.5224 - val_loss: 3.1659 - val_accuracy: 0.5387 - 5s/epoch - 3ms/step
Epoch 69/100
1563/1563 - 5s - loss: 3.1926 - accuracy: 0.5240 - val_loss: 3.1451 - val_accuracy: 0.5378 - 5s/epoch - 3ms/step
Epoch 70/100
1563/1563 - 5s - loss: 3.1702 - accuracy: 0.5240 - val_loss: 3.1245 - val_accuracy: 0.5374 - 5s/epoch - 3ms/step
Epoch 71/100
1563/1563 - 5s - loss: 3.1519 - accuracy: 0.5225 - val_loss: 3.1039 - val_accuracy: 0.5388 - 5s/epoch - 3ms/step
Epoch 72/100
1563/1563 - 5s - loss: 3.1345 - accuracy: 0.5232 - val_loss: 3.0846 - val_accuracy: 0.5394 - 5s/epoch - 3ms/step
Epoch 73/100
1563/1563 - 5s - loss: 3.1145 - accuracy: 0.5243 - val_loss: 3.0676 - val_accuracy: 0.5384 - 5s/epoch - 3ms/step
Epoch 74/100
1563/1563 - 5s - loss: 3.0919 - accuracy: 0.5256 - val_loss: 3.0496 - val_accuracy: 0.5414 - 5s/epoch - 3ms/step
Epoch 75/100
1563/1563 - 5s - loss: 3.0742 - accuracy: 0.5265 - val_loss: 3.0317 - val_accuracy: 0.5411 - 5s/epoch - 3ms/step
Epoch 76/100
1563/1563 - 5s - loss: 3.0561 - accuracy: 0.5263 - val_loss: 3.0140 - val_accuracy: 0.5369 - 5s/epoch - 3ms/step
Epoch 77/100
1563/1563 - 5s - loss: 3.0412 - accuracy: 0.5279 - val_loss: 2.9950 - val_accuracy: 0.5395 - 5s/epoch - 3ms/step
Epoch 78/100
1563/1563 - 5s - loss: 3.0220 - accuracy: 0.5277 - val_loss: 2.9788 - val_accuracy: 0.5422 - 5s/epoch - 3ms/step
Epoch 79/100
1563/1563 - 5s - loss: 3.0052 - accuracy: 0.5286 - val_loss: 2.9628 - val_accuracy: 0.5400 - 5s/epoch - 3ms/step
Epoch 80/100
1563/1563 - 5s - loss: 2.9905 - accuracy: 0.5289 - val_loss: 2.9476 - val_accuracy: 0.5398 - 5s/epoch - 3ms/step
Epoch 81/100
1563/1563 - 5s - loss: 2.9741 - accuracy: 0.5273 - val_loss: 2.9305 - val_accuracy: 0.5409 - 5s/epoch - 3ms/step
Epoch 82/100
1563/1563 - 5s - loss: 2.9572 - accuracy: 0.5318 - val_loss: 2.9155 - val_accuracy: 0.5437 - 5s/epoch - 3ms/step
Epoch 83/100
1563/1563 - 5s - loss: 2.9430 - accuracy: 0.5310 - val_loss: 2.9007 - val_accuracy: 0.5429 - 5s/epoch - 3ms/step
Epoch 84/100
1563/1563 - 5s - loss: 2.9276 - accuracy: 0.5316 - val_loss: 2.8873 - val_accuracy: 0.5422 - 5s/epoch - 3ms/step
Epoch 85/100
1563/1563 - 5s - loss: 2.9123 - accuracy: 0.5293 - val_loss: 2.8719 - val_accuracy: 0.5422 - 5s/epoch - 3ms/step
Epoch 86/100
1563/1563 - 5s - loss: 2.9004 - accuracy: 0.5336 - val_loss: 2.8592 - val_accuracy: 0.5445 - 5s/epoch - 3ms/step
Epoch 87/100
1563/1563 - 5s - loss: 2.8805 - accuracy: 0.5335 - val_loss: 2.8450 - val_accuracy: 0.5463 - 5s/epoch - 3ms/step
Epoch 88/100
1563/1563 - 5s - loss: 2.8698 - accuracy: 0.5331 - val_loss: 2.8312 - val_accuracy: 0.5441 - 5s/epoch - 3ms/step
Epoch 89/100
1563/1563 - 5s - loss: 2.8570 - accuracy: 0.5335 - val_loss: 2.8237 - val_accuracy: 0.5442 - 5s/epoch - 3ms/step
Epoch 90/100
1563/1563 - 5s - loss: 2.8442 - accuracy: 0.5358 - val_loss: 2.8087 - val_accuracy: 0.5457 - 5s/epoch - 3ms/step
Epoch 91/100
1563/1563 - 5s - loss: 2.8321 - accuracy: 0.5312 - val_loss: 2.7950 - val_accuracy: 0.5411 - 5s/epoch - 3ms/step
Epoch 92/100
1563/1563 - 5s - loss: 2.8191 - accuracy: 0.5340 - val_loss: 2.7829 - val_accuracy: 0.5444 - 5s/epoch - 3ms/step
Epoch 93/100
1563/1563 - 5s - loss: 2.8062 - accuracy: 0.5338 - val_loss: 2.7699 - val_accuracy: 0.5466 - 5s/epoch - 3ms/step
Epoch 94/100
1563/1563 - 5s - loss: 2.7950 - accuracy: 0.5344 - val_loss: 2.7588 - val_accuracy: 0.5470 - 5s/epoch - 3ms/step
Epoch 95/100
1563/1563 - 5s - loss: 2.7804 - accuracy: 0.5373 - val_loss: 2.7477 - val_accuracy: 0.5451 - 5s/epoch - 3ms/step
Epoch 96/100
1563/1563 - 5s - loss: 2.7712 - accuracy: 0.5359 - val_loss: 2.7372 - val_accuracy: 0.5442 - 5s/epoch - 3ms/step
Epoch 97/100
1563/1563 - 5s - loss: 2.7617 - accuracy: 0.5378 - val_loss: 2.7268 - val_accuracy: 0.5448 - 5s/epoch - 3ms/step
Epoch 98/100
1563/1563 - 5s - loss: 2.7477 - accuracy: 0.5398 - val_loss: 2.7141 - val_accuracy: 0.5477 - 5s/epoch - 3ms/step
Epoch 99/100
1563/1563 - 5s - loss: 2.7413 - accuracy: 0.5351 - val_loss: 2.7037 - val_accuracy: 0.5477 - 5s/epoch - 3ms/step
Epoch 100/100
1563/1563 - 5s - loss: 2.7279 - accuracy: 0.5389 - val_loss: 2.6937 - val_accuracy: 0.5476 - 5s/epoch - 3ms/step
313/313 - 0s - loss: 2.6937 - accuracy: 0.5476 - 459ms/epoch - 1ms/step

ACCURACY: 0.5475999712944031


SCORE: -0.6752336679060822

[92m | MODULE VALUES ---------------------------------------------  |
 [0m
FLOPS: 4043156
PARAMS: 312250.0
[92m 
 | -----------------------------------------------------------  |
 [0m

--- BANANAS ITERATION 81 / 1000 ---
Chosen point: {'num_neurons': 4, 'unit_c1': 1, 'unit_c2': 1, 'dr_f': 0.33384453475032394, 'learning_rate': 0.0006467944526238017, 'batch_size': 32, 'optimizer': 'Adadelta', 'activation': 'elu', 'data_augmentation': True, 'reg_l2': False, 'skip_connection': True, 'new_fc_1': 3, 'new_fc_2': 3, 'new_fc_3': 25, 'new_fc_4': 2, 'new_fc_5': 1, 'new_fc_6': 8, 'new_fc_7': 32, 'new_fc_8': 22, 'new_fc_9': 30, 'new_fc_10': 20}
[94m
|  --> START TRAINING ITERATION 13[0m
[INFO] Flags -> DA: True, L2: False, Skip: True
Building model with input_shape=(32, 32, 3), pos_input_shape=None, layer_x_block=2
Model: "model"
__________________________________________________________________________________________________
 Layer (type)                Output Shape                 Param #   Connected to                  
==================================================================================================
 input_2 (InputLayer)        [(None, 32, 32, 3)]          0         []                            
                                                                                                  
 conv2d (Conv2D)             (None, 32, 32, 4)            112       ['input_2[0][0]']             
                                                                                                  
 activation (Activation)     (None, 32, 32, 4)            0         ['conv2d[1][0]']              
                                                                                                  
 conv2d_2 (Conv2D)           (None, 32, 32, 4)            16        ['input_2[0][0]']             
                                                                                                  
 conv2d_1 (Conv2D)           (None, 32, 32, 4)            148       ['activation[1][0]']          
                                                                                                  
 add (Add)                   (None, 32, 32, 4)            0         ['conv2d_2[1][0]',            
                                                                     'conv2d_1[1][0]']            
                                                                                                  
 activation_1 (Activation)   (None, 32, 32, 4)            0         ['add[1][0]']                 
                                                                                                  
 max_pooling2d (MaxPooling2  (None, 16, 16, 4)            0         ['activation_1[1][0]']        
 D)                                                                                               
                                                                                                  
 conv2d_3 (Conv2D)           (None, 16, 16, 4)            148       ['max_pooling2d[1][0]']       
                                                                                                  
 activation_2 (Activation)   (None, 16, 16, 4)            0         ['conv2d_3[1][0]']            
                                                                                                  
 conv2d_4 (Conv2D)           (None, 16, 16, 4)            148       ['activation_2[1][0]']        
                                                                                                  
 add_1 (Add)                 (None, 16, 16, 4)            0         ['max_pooling2d[1][0]',       
                                                                     'conv2d_4[1][0]']            
                                                                                                  
 activation_3 (Activation)   (None, 16, 16, 4)            0         ['add_1[1][0]']               
                                                                                                  
 max_pooling2d_1 (MaxPoolin  (None, 8, 8, 4)              0         ['activation_3[1][0]']        
 g2D)                                                                                             
                                                                                                  
 flatten (Flatten)           (None, 256)                  0         ['max_pooling2d_1[1][0]']     
                                                                                                  
 dense (Dense)               (None, 12)                   3084      ['flatten[1][0]']             
                                                                                                  
 activation_4 (Activation)   (None, 12)                   0         ['dense[1][0]']               
                                                                                                  
 dropout (Dropout)           (None, 12)                   0         ['activation_4[1][0]']        
                                                                                                  
 dense_1 (Dense)             (None, 12)                   156       ['dropout[1][0]']             
                                                                                                  
 activation_5 (Activation)   (None, 12)                   0         ['dense_1[1][0]']             
                                                                                                  
 dropout_1 (Dropout)         (None, 12)                   0         ['activation_5[1][0]']        
                                                                                                  
 dense_2 (Dense)             (None, 100)                  1300      ['dropout_1[1][0]']           
                                                                                                  
 activation_6 (Activation)   (None, 100)                  0         ['dense_2[1][0]']             
                                                                                                  
 dropout_2 (Dropout)         (None, 100)                  0         ['activation_6[1][0]']        
                                                                                                  
 dense_3 (Dense)             (None, 8)                    808       ['dropout_2[1][0]']           
                                                                                                  
 activation_7 (Activation)   (None, 8)                    0         ['dense_3[1][0]']             
                                                                                                  
 dropout_3 (Dropout)         (None, 8)                    0         ['activation_7[1][0]']        
                                                                                                  
 dense_4 (Dense)             (None, 4)                    36        ['dropout_3[1][0]']           
                                                                                                  
 activation_8 (Activation)   (None, 4)                    0         ['dense_4[1][0]']             
                                                                                                  
 dropout_4 (Dropout)         (None, 4)                    0         ['activation_8[1][0]']        
                                                                                                  
 dense_5 (Dense)             (None, 32)                   160       ['dropout_4[1][0]']           
                                                                                                  
 activation_9 (Activation)   (None, 32)                   0         ['dense_5[1][0]']             
                                                                                                  
 dropout_5 (Dropout)         (None, 32)                   0         ['activation_9[1][0]']        
                                                                                                  
 dense_6 (Dense)             (None, 128)                  4224      ['dropout_5[1][0]']           
                                                                                                  
 activation_10 (Activation)  (None, 128)                  0         ['dense_6[1][0]']             
                                                                                                  
 dropout_6 (Dropout)         (None, 128)                  0         ['activation_10[1][0]']       
                                                                                                  
 dense_7 (Dense)             (None, 88)                   11352     ['dropout_6[1][0]']           
                                                                                                  
 activation_11 (Activation)  (None, 88)                   0         ['dense_7[1][0]']             
                                                                                                  
 dropout_7 (Dropout)         (None, 88)                   0         ['activation_11[1][0]']       
                                                                                                  
 dense_8 (Dense)             (None, 120)                  10680     ['dropout_7[1][0]']           
                                                                                                  
 activation_12 (Activation)  (None, 120)                  0         ['dense_8[1][0]']             
                                                                                                  
 dropout_8 (Dropout)         (None, 120)                  0         ['activation_12[1][0]']       
                                                                                                  
 dense_9 (Dense)             (None, 80)                   9680      ['dropout_8[1][0]']           
                                                                                                  
 activation_13 (Activation)  (None, 80)                   0         ['dense_9[1][0]']             
                                                                                                  
 dropout_9 (Dropout)         (None, 80)                   0         ['activation_13[1][0]']       
                                                                                                  
 dense_10 (Dense)            (None, 10)                   810       ['dropout_9[1][0]']           
                                                                                                  
==================================================================================================
Total params: 42862 (167.43 KB)
Trainable params: 42862 (167.43 KB)
Non-trainable params: 0 (0.00 Byte)
__________________________________________________________________________________________________
Epoch 1/100
1563/1563 - 8s - loss: 2.3936 - accuracy: 0.0982 - val_loss: 2.3045 - val_accuracy: 0.1262 - 8s/epoch - 5ms/step
Epoch 2/100
1563/1563 - 5s - loss: 2.3835 - accuracy: 0.1018 - val_loss: 2.3039 - val_accuracy: 0.1268 - 5s/epoch - 3ms/step
Epoch 3/100
1563/1563 - 5s - loss: 2.3759 - accuracy: 0.0993 - val_loss: 2.3034 - val_accuracy: 0.1262 - 5s/epoch - 3ms/step
Epoch 4/100
1563/1563 - 5s - loss: 2.3696 - accuracy: 0.1002 - val_loss: 2.3031 - val_accuracy: 0.1259 - 5s/epoch - 3ms/step
Epoch 5/100
1563/1563 - 5s - loss: 2.3658 - accuracy: 0.1006 - val_loss: 2.3028 - val_accuracy: 0.1249 - 5s/epoch - 3ms/step
Epoch 6/100
1563/1563 - 5s - loss: 2.3617 - accuracy: 0.1009 - val_loss: 2.3027 - val_accuracy: 0.1256 - 5s/epoch - 3ms/step
Epoch 7/100
1563/1563 - 5s - loss: 2.3549 - accuracy: 0.1011 - val_loss: 2.3025 - val_accuracy: 0.1251 - 5s/epoch - 3ms/step
Epoch 8/100
1563/1563 - 5s - loss: 2.3510 - accuracy: 0.1014 - val_loss: 2.3024 - val_accuracy: 0.1231 - 5s/epoch - 3ms/step
Epoch 9/100
1563/1563 - 5s - loss: 2.3528 - accuracy: 0.0996 - val_loss: 2.3023 - val_accuracy: 0.1210 - 5s/epoch - 3ms/step
Epoch 10/100
1563/1563 - 5s - loss: 2.3484 - accuracy: 0.1022 - val_loss: 2.3023 - val_accuracy: 0.1179 - 5s/epoch - 3ms/step
Epoch 11/100
1563/1563 - 5s - loss: 2.3466 - accuracy: 0.1002 - val_loss: 2.3022 - val_accuracy: 0.1189 - 5s/epoch - 3ms/step
Epoch 12/100
1563/1563 - 5s - loss: 2.3461 - accuracy: 0.0987 - val_loss: 2.3021 - val_accuracy: 0.1168 - 5s/epoch - 3ms/step
Epoch 13/100
1563/1563 - 5s - loss: 2.3426 - accuracy: 0.1007 - val_loss: 2.3021 - val_accuracy: 0.1147 - 5s/epoch - 3ms/step
Epoch 14/100
1563/1563 - 5s - loss: 2.3403 - accuracy: 0.1000 - val_loss: 2.3021 - val_accuracy: 0.1166 - 5s/epoch - 3ms/step
Epoch 15/100
1563/1563 - 5s - loss: 2.3382 - accuracy: 0.1007 - val_loss: 2.3020 - val_accuracy: 0.1170 - 5s/epoch - 3ms/step
Epoch 16/100
1563/1563 - 5s - loss: 2.3371 - accuracy: 0.1008 - val_loss: 2.3020 - val_accuracy: 0.1199 - 5s/epoch - 3ms/step
Epoch 17/100
1563/1563 - 5s - loss: 2.3337 - accuracy: 0.1015 - val_loss: 2.3019 - val_accuracy: 0.1204 - 5s/epoch - 3ms/step
Epoch 18/100
1563/1563 - 5s - loss: 2.3357 - accuracy: 0.1004 - val_loss: 2.3019 - val_accuracy: 0.1206 - 5s/epoch - 3ms/step
Epoch 19/100
1563/1563 - 5s - loss: 2.3337 - accuracy: 0.1001 - val_loss: 2.3018 - val_accuracy: 0.1219 - 5s/epoch - 3ms/step
Epoch 20/100
1563/1563 - 5s - loss: 2.3332 - accuracy: 0.0994 - val_loss: 2.3018 - val_accuracy: 0.1222 - 5s/epoch - 3ms/step
Epoch 21/100
1563/1563 - 5s - loss: 2.3305 - accuracy: 0.1011 - val_loss: 2.3018 - val_accuracy: 0.1223 - 5s/epoch - 3ms/step
Epoch 22/100
1563/1563 - 5s - loss: 2.3302 - accuracy: 0.1008 - val_loss: 2.3017 - val_accuracy: 0.1233 - 5s/epoch - 3ms/step
Epoch 23/100
1563/1563 - 5s - loss: 2.3271 - accuracy: 0.1020 - val_loss: 2.3017 - val_accuracy: 0.1221 - 5s/epoch - 3ms/step
Epoch 24/100
1563/1563 - 5s - loss: 2.3257 - accuracy: 0.1009 - val_loss: 2.3017 - val_accuracy: 0.1201 - 5s/epoch - 3ms/step
Epoch 25/100
1563/1563 - 5s - loss: 2.3277 - accuracy: 0.1007 - val_loss: 2.3016 - val_accuracy: 0.1193 - 5s/epoch - 3ms/step
Epoch 26/100
1563/1563 - 5s - loss: 2.3263 - accuracy: 0.0990 - val_loss: 2.3016 - val_accuracy: 0.1189 - 5s/epoch - 3ms/step
Epoch 27/100
1563/1563 - 5s - loss: 2.3246 - accuracy: 0.1014 - val_loss: 2.3015 - val_accuracy: 0.1191 - 5s/epoch - 3ms/step
Epoch 28/100
1563/1563 - 5s - loss: 2.3241 - accuracy: 0.1020 - val_loss: 2.3015 - val_accuracy: 0.1217 - 5s/epoch - 3ms/step
Epoch 29/100
1563/1563 - 5s - loss: 2.3243 - accuracy: 0.1027 - val_loss: 2.3015 - val_accuracy: 0.1191 - 5s/epoch - 3ms/step
Epoch 30/100
1563/1563 - 5s - loss: 2.3252 - accuracy: 0.0978 - val_loss: 2.3014 - val_accuracy: 0.1194 - 5s/epoch - 3ms/step
Epoch 31/100
Restoring model weights from the end of the best epoch: 1.
1563/1563 - 5s - loss: 2.3201 - accuracy: 0.1018 - val_loss: 2.3014 - val_accuracy: 0.1203 - 5s/epoch - 3ms/step
Epoch 31: early stopping
313/313 - 0s - loss: 2.3045 - accuracy: 0.1262 - 423ms/epoch - 1ms/step

ACCURACY: 0.12620000541210175


SCORE: -0.38674652378847124

[92m | MODULE VALUES ---------------------------------------------  |
 [0m
FLOPS: 796740
PARAMS: 42862.0
[92m 
 | -----------------------------------------------------------  |
 [0m

--- BANANAS ITERATION 82 / 1000 ---
Chosen point: {'num_neurons': 8, 'unit_c1': 2, 'unit_c2': 8, 'dr_f': 0.3817390893557103, 'learning_rate': 0.00027282371307466556, 'batch_size': 8, 'optimizer': 'SGD', 'activation': 'swish', 'data_augmentation': True, 'reg_l2': False, 'skip_connection': False, 'new_fc_1': 22, 'new_fc_2': 0, 'new_fc_3': 18, 'new_fc_4': 6, 'new_fc_5': 1, 'new_fc_6': 11, 'new_fc_7': 17, 'new_fc_8': 2, 'new_fc_9': 3, 'new_fc_10': 13}
[94m
|  --> START TRAINING ITERATION 14[0m
[INFO] Flags -> DA: True, L2: False, Skip: False
Building model with input_shape=(32, 32, 3), pos_input_shape=None, layer_x_block=2
Model: "model"
_________________________________________________________________
 Layer (type)                Output Shape              Param #   
=================================================================
 input_2 (InputLayer)        [(None, 32, 32, 3)]       0         
                                                                 
 conv2d (Conv2D)             (None, 32, 32, 16)        448       
                                                                 
 activation (Activation)     (None, 32, 32, 16)        0         
                                                                 
 conv2d_1 (Conv2D)           (None, 32, 32, 16)        2320      
                                                                 
 activation_1 (Activation)   (None, 32, 32, 16)        0         
                                                                 
 max_pooling2d (MaxPooling2  (None, 16, 16, 16)        0         
 D)                                                              
                                                                 
 conv2d_2 (Conv2D)           (None, 16, 16, 64)        9280      
                                                                 
 activation_2 (Activation)   (None, 16, 16, 64)        0         
                                                                 
 conv2d_3 (Conv2D)           (None, 16, 16, 64)        36928     
                                                                 
 activation_3 (Activation)   (None, 16, 16, 64)        0         
                                                                 
 max_pooling2d_1 (MaxPoolin  (None, 8, 8, 64)          0         
 g2D)                                                            
                                                                 
 flatten (Flatten)           (None, 4096)              0         
                                                                 
 dense (Dense)               (None, 176)               721072    
                                                                 
 activation_4 (Activation)   (None, 176)               0         
                                                                 
 dropout (Dropout)           (None, 176)               0         
                                                                 
 dense_1 (Dense)             (None, 144)               25488     
                                                                 
 activation_5 (Activation)   (None, 144)               0         
                                                                 
 dropout_1 (Dropout)         (None, 144)               0         
                                                                 
 dense_2 (Dense)             (None, 48)                6960      
                                                                 
 activation_6 (Activation)   (None, 48)                0         
                                                                 
 dropout_2 (Dropout)         (None, 48)                0         
                                                                 
 dense_3 (Dense)             (None, 8)                 392       
                                                                 
 activation_7 (Activation)   (None, 8)                 0         
                                                                 
 dropout_3 (Dropout)         (None, 8)                 0         
                                                                 
 dense_4 (Dense)             (None, 88)                792       
                                                                 
 activation_8 (Activation)   (None, 88)                0         
                                                                 
 dropout_4 (Dropout)         (None, 88)                0         
                                                                 
 dense_5 (Dense)             (None, 136)               12104     
                                                                 
 activation_9 (Activation)   (None, 136)               0         
                                                                 
 dropout_5 (Dropout)         (None, 136)               0         
                                                                 
 dense_6 (Dense)             (None, 16)                2192      
                                                                 
 activation_10 (Activation)  (None, 16)                0         
                                                                 
 dropout_6 (Dropout)         (None, 16)                0         
                                                                 
 dense_7 (Dense)             (None, 24)                408       
                                                                 
 activation_11 (Activation)  (None, 24)                0         
                                                                 
 dropout_7 (Dropout)         (None, 24)                0         
                                                                 
 dense_8 (Dense)             (None, 104)               2600      
                                                                 
 activation_12 (Activation)  (None, 104)               0         
                                                                 
 dropout_8 (Dropout)         (None, 104)               0         
                                                                 
 dense_9 (Dense)             (None, 10)                1050      
                                                                 
=================================================================
Total params: 822034 (3.14 MB)
Trainable params: 822034 (3.14 MB)
Non-trainable params: 0 (0.00 Byte)
_________________________________________________________________
Epoch 1/100
6250/6250 - 21s - loss: 2.3026 - accuracy: 0.0970 - val_loss: 2.3026 - val_accuracy: 0.1082 - 21s/epoch - 3ms/step
Epoch 2/100
6250/6250 - 20s - loss: 2.3026 - accuracy: 0.0979 - val_loss: 2.3026 - val_accuracy: 0.1000 - 20s/epoch - 3ms/step
Epoch 3/100
6250/6250 - 20s - loss: 2.3026 - accuracy: 0.0971 - val_loss: 2.3026 - val_accuracy: 0.1000 - 20s/epoch - 3ms/step
Epoch 4/100
6250/6250 - 20s - loss: 2.3026 - accuracy: 0.0965 - val_loss: 2.3026 - val_accuracy: 0.1126 - 20s/epoch - 3ms/step
Epoch 5/100
6250/6250 - 20s - loss: 2.3026 - accuracy: 0.0989 - val_loss: 2.3026 - val_accuracy: 0.1000 - 20s/epoch - 3ms/step
Epoch 6/100
6250/6250 - 20s - loss: 2.3026 - accuracy: 0.0966 - val_loss: 2.3026 - val_accuracy: 0.1000 - 20s/epoch - 3ms/step
Epoch 7/100
6250/6250 - 20s - loss: 2.3026 - accuracy: 0.0991 - val_loss: 2.3026 - val_accuracy: 0.1000 - 20s/epoch - 3ms/step
Epoch 8/100
6250/6250 - 20s - loss: 2.3026 - accuracy: 0.0986 - val_loss: 2.3026 - val_accuracy: 0.1000 - 20s/epoch - 3ms/step
Epoch 9/100
6250/6250 - 20s - loss: 2.3026 - accuracy: 0.0973 - val_loss: 2.3026 - val_accuracy: 0.1000 - 20s/epoch - 3ms/step
Epoch 10/100
6250/6250 - 20s - loss: 2.3026 - accuracy: 0.0985 - val_loss: 2.3026 - val_accuracy: 0.1000 - 20s/epoch - 3ms/step
Epoch 11/100
6250/6250 - 20s - loss: 2.3026 - accuracy: 0.0969 - val_loss: 2.3026 - val_accuracy: 0.1000 - 20s/epoch - 3ms/step
Epoch 12/100
6250/6250 - 19s - loss: 2.3026 - accuracy: 0.0980 - val_loss: 2.3026 - val_accuracy: 0.1000 - 19s/epoch - 3ms/step
Epoch 13/100
6250/6250 - 19s - loss: 2.3026 - accuracy: 0.0978 - val_loss: 2.3026 - val_accuracy: 0.1073 - 19s/epoch - 3ms/step
Epoch 14/100
6250/6250 - 20s - loss: 2.3026 - accuracy: 0.0974 - val_loss: 2.3026 - val_accuracy: 0.1000 - 20s/epoch - 3ms/step
Epoch 15/100
6250/6250 - 20s - loss: 2.3026 - accuracy: 0.0982 - val_loss: 2.3026 - val_accuracy: 0.1000 - 20s/epoch - 3ms/step
Epoch 16/100
6250/6250 - 20s - loss: 2.3026 - accuracy: 0.0996 - val_loss: 2.3026 - val_accuracy: 0.1000 - 20s/epoch - 3ms/step
Epoch 17/100
6250/6250 - 20s - loss: 2.3026 - accuracy: 0.0969 - val_loss: 2.3026 - val_accuracy: 0.1000 - 20s/epoch - 3ms/step
Epoch 18/100
6250/6250 - 20s - loss: 2.3026 - accuracy: 0.0983 - val_loss: 2.3026 - val_accuracy: 0.1000 - 20s/epoch - 3ms/step
Epoch 19/100
6250/6250 - 20s - loss: 2.3026 - accuracy: 0.0971 - val_loss: 2.3026 - val_accuracy: 0.1000 - 20s/epoch - 3ms/step
Epoch 20/100
6250/6250 - 20s - loss: 2.3026 - accuracy: 0.0980 - val_loss: 2.3026 - val_accuracy: 0.1000 - 20s/epoch - 3ms/step
Epoch 21/100
6250/6250 - 20s - loss: 2.3026 - accuracy: 0.0965 - val_loss: 2.3026 - val_accuracy: 0.1000 - 20s/epoch - 3ms/step
Epoch 22/100
6250/6250 - 20s - loss: 2.3026 - accuracy: 0.0984 - val_loss: 2.3026 - val_accuracy: 0.1000 - 20s/epoch - 3ms/step
Epoch 23/100
6250/6250 - 19s - loss: 2.3026 - accuracy: 0.0954 - val_loss: 2.3026 - val_accuracy: 0.1000 - 19s/epoch - 3ms/step
Epoch 24/100
6250/6250 - 19s - loss: 2.3026 - accuracy: 0.0968 - val_loss: 2.3026 - val_accuracy: 0.1000 - 19s/epoch - 3ms/step
Epoch 25/100
6250/6250 - 20s - loss: 2.3026 - accuracy: 0.0975 - val_loss: 2.3026 - val_accuracy: 0.1000 - 20s/epoch - 3ms/step
Epoch 26/100
6250/6250 - 20s - loss: 2.3026 - accuracy: 0.0974 - val_loss: 2.3026 - val_accuracy: 0.1000 - 20s/epoch - 3ms/step
Epoch 27/100
6250/6250 - 20s - loss: 2.3026 - accuracy: 0.0999 - val_loss: 2.3026 - val_accuracy: 0.1000 - 20s/epoch - 3ms/step
Epoch 28/100
6250/6250 - 20s - loss: 2.3026 - accuracy: 0.0984 - val_loss: 2.3026 - val_accuracy: 0.0997 - 20s/epoch - 3ms/step
Epoch 29/100
6250/6250 - 20s - loss: 2.3026 - accuracy: 0.0964 - val_loss: 2.3026 - val_accuracy: 0.1000 - 20s/epoch - 3ms/step
Epoch 30/100
6250/6250 - 20s - loss: 2.3026 - accuracy: 0.0982 - val_loss: 2.3026 - val_accuracy: 0.1000 - 20s/epoch - 3ms/step
Epoch 31/100
Restoring model weights from the end of the best epoch: 1.
6250/6250 - 20s - loss: 2.3026 - accuracy: 0.0984 - val_loss: 2.3026 - val_accuracy: 0.1015 - 20s/epoch - 3ms/step
Epoch 31: early stopping
313/313 - 1s - loss: 2.3026 - accuracy: 0.1082 - 1s/epoch - 4ms/step

ACCURACY: 0.10819999873638153


SCORE: -0.31379487111546706

[92m | MODULE VALUES ---------------------------------------------  |
 [0m
FLOPS: 30972564
PARAMS: 822034.0
[92m 
 | -----------------------------------------------------------  |
 [0m

--- BANANAS ITERATION 83 / 1000 ---
Chosen point: {'num_neurons': 4, 'unit_c1': 4, 'unit_c2': 3, 'dr_f': 0.07602856331712038, 'learning_rate': 0.000551968194198003, 'batch_size': 16, 'optimizer': 'SGD', 'activation': 'elu', 'data_augmentation': True, 'reg_l2': True, 'skip_connection': True, 'new_fc_1': 28, 'new_fc_2': 8, 'new_fc_3': 27, 'new_fc_4': 28, 'new_fc_5': 6, 'new_fc_6': 9, 'new_fc_7': 26, 'new_fc_8': 27, 'new_fc_9': 1, 'new_fc_10': 8}
[94m
|  --> START TRAINING ITERATION 15[0m
[INFO] Flags -> DA: True, L2: True, Skip: True
Building model with input_shape=(32, 32, 3), pos_input_shape=None, layer_x_block=2
Model: "model"
__________________________________________________________________________________________________
 Layer (type)                Output Shape                 Param #   Connected to                  
==================================================================================================
 input_2 (InputLayer)        [(None, 32, 32, 3)]          0         []                            
                                                                                                  
 conv2d (Conv2D)             (None, 32, 32, 16)           448       ['input_2[0][0]']             
                                                                                                  
 activation (Activation)     (None, 32, 32, 16)           0         ['conv2d[1][0]']              
                                                                                                  
 conv2d_2 (Conv2D)           (None, 32, 32, 16)           64        ['input_2[0][0]']             
                                                                                                  
 conv2d_1 (Conv2D)           (None, 32, 32, 16)           2320      ['activation[1][0]']          
                                                                                                  
 add (Add)                   (None, 32, 32, 16)           0         ['conv2d_2[1][0]',            
                                                                     'conv2d_1[1][0]']            
                                                                                                  
 activation_1 (Activation)   (None, 32, 32, 16)           0         ['add[1][0]']                 
                                                                                                  
 max_pooling2d (MaxPooling2  (None, 16, 16, 16)           0         ['activation_1[1][0]']        
 D)                                                                                               
                                                                                                  
 conv2d_3 (Conv2D)           (None, 16, 16, 12)           1740      ['max_pooling2d[1][0]']       
                                                                                                  
 activation_2 (Activation)   (None, 16, 16, 12)           0         ['conv2d_3[1][0]']            
                                                                                                  
 conv2d_5 (Conv2D)           (None, 16, 16, 12)           204       ['max_pooling2d[1][0]']       
                                                                                                  
 conv2d_4 (Conv2D)           (None, 16, 16, 12)           1308      ['activation_2[1][0]']        
                                                                                                  
 add_1 (Add)                 (None, 16, 16, 12)           0         ['conv2d_5[1][0]',            
                                                                     'conv2d_4[1][0]']            
                                                                                                  
 activation_3 (Activation)   (None, 16, 16, 12)           0         ['add_1[1][0]']               
                                                                                                  
 max_pooling2d_1 (MaxPoolin  (None, 8, 8, 12)             0         ['activation_3[1][0]']        
 g2D)                                                                                             
                                                                                                  
 flatten (Flatten)           (None, 768)                  0         ['max_pooling2d_1[1][0]']     
                                                                                                  
 dense (Dense)               (None, 112)                  86128     ['flatten[1][0]']             
                                                                                                  
 activation_4 (Activation)   (None, 112)                  0         ['dense[1][0]']               
                                                                                                  
 dropout (Dropout)           (None, 112)                  0         ['activation_4[1][0]']        
                                                                                                  
 dense_1 (Dense)             (None, 32)                   3616      ['dropout[1][0]']             
                                                                                                  
 activation_5 (Activation)   (None, 32)                   0         ['dense_1[1][0]']             
                                                                                                  
 dropout_1 (Dropout)         (None, 32)                   0         ['activation_5[1][0]']        
                                                                                                  
 dense_2 (Dense)             (None, 108)                  3564      ['dropout_1[1][0]']           
                                                                                                  
 activation_6 (Activation)   (None, 108)                  0         ['dense_2[1][0]']             
                                                                                                  
 dropout_2 (Dropout)         (None, 108)                  0         ['activation_6[1][0]']        
                                                                                                  
 dense_3 (Dense)             (None, 112)                  12208     ['dropout_2[1][0]']           
                                                                                                  
 activation_7 (Activation)   (None, 112)                  0         ['dense_3[1][0]']             
                                                                                                  
 dropout_3 (Dropout)         (None, 112)                  0         ['activation_7[1][0]']        
                                                                                                  
 dense_4 (Dense)             (None, 24)                   2712      ['dropout_3[1][0]']           
                                                                                                  
 activation_8 (Activation)   (None, 24)                   0         ['dense_4[1][0]']             
                                                                                                  
 dropout_4 (Dropout)         (None, 24)                   0         ['activation_8[1][0]']        
                                                                                                  
 dense_5 (Dense)             (None, 36)                   900       ['dropout_4[1][0]']           
                                                                                                  
 activation_9 (Activation)   (None, 36)                   0         ['dense_5[1][0]']             
                                                                                                  
 dropout_5 (Dropout)         (None, 36)                   0         ['activation_9[1][0]']        
                                                                                                  
 dense_6 (Dense)             (None, 104)                  3848      ['dropout_5[1][0]']           
                                                                                                  
 activation_10 (Activation)  (None, 104)                  0         ['dense_6[1][0]']             
                                                                                                  
 dropout_6 (Dropout)         (None, 104)                  0         ['activation_10[1][0]']       
                                                                                                  
 dense_7 (Dense)             (None, 108)                  11340     ['dropout_6[1][0]']           
                                                                                                  
 activation_11 (Activation)  (None, 108)                  0         ['dense_7[1][0]']             
                                                                                                  
 dropout_7 (Dropout)         (None, 108)                  0         ['activation_11[1][0]']       
                                                                                                  
 dense_8 (Dense)             (None, 4)                    436       ['dropout_7[1][0]']           
                                                                                                  
 activation_12 (Activation)  (None, 4)                    0         ['dense_8[1][0]']             
                                                                                                  
 dropout_8 (Dropout)         (None, 4)                    0         ['activation_12[1][0]']       
                                                                                                  
 dense_9 (Dense)             (None, 32)                   160       ['dropout_8[1][0]']           
                                                                                                  
 activation_13 (Activation)  (None, 32)                   0         ['dense_9[1][0]']             
                                                                                                  
 dropout_9 (Dropout)         (None, 32)                   0         ['activation_13[1][0]']       
                                                                                                  
 dense_10 (Dense)            (None, 10)                   330       ['dropout_9[1][0]']           
                                                                                                  
==================================================================================================
Total params: 131326 (512.99 KB)
Trainable params: 131326 (512.99 KB)
Non-trainable params: 0 (0.00 Byte)
__________________________________________________________________________________________________
Epoch 1/100
3125/3125 - 12s - loss: 9.1579 - accuracy: 0.1060 - val_loss: 8.9252 - val_accuracy: 0.1427 - 12s/epoch - 4ms/step
Epoch 2/100
3125/3125 - 10s - loss: 8.7105 - accuracy: 0.1375 - val_loss: 8.4929 - val_accuracy: 0.1868 - 10s/epoch - 3ms/step
Epoch 3/100
3125/3125 - 10s - loss: 8.2855 - accuracy: 0.1687 - val_loss: 8.0644 - val_accuracy: 0.1848 - 10s/epoch - 3ms/step
Epoch 4/100
3125/3125 - 10s - loss: 7.8499 - accuracy: 0.1838 - val_loss: 7.6143 - val_accuracy: 0.1980 - 10s/epoch - 3ms/step
Epoch 5/100
3125/3125 - 10s - loss: 7.4366 - accuracy: 0.1906 - val_loss: 7.2327 - val_accuracy: 0.1916 - 10s/epoch - 3ms/step
Epoch 6/100
3125/3125 - 10s - loss: 7.0828 - accuracy: 0.1914 - val_loss: 6.8994 - val_accuracy: 0.1980 - 10s/epoch - 3ms/step
Epoch 7/100
3125/3125 - 10s - loss: 6.7606 - accuracy: 0.1936 - val_loss: 6.5909 - val_accuracy: 0.1986 - 10s/epoch - 3ms/step
Epoch 8/100
3125/3125 - 10s - loss: 6.4616 - accuracy: 0.2014 - val_loss: 6.3055 - val_accuracy: 0.2049 - 10s/epoch - 3ms/step
Epoch 9/100
3125/3125 - 10s - loss: 6.1796 - accuracy: 0.2009 - val_loss: 6.0243 - val_accuracy: 0.2084 - 10s/epoch - 3ms/step
Epoch 10/100
3125/3125 - 10s - loss: 5.9113 - accuracy: 0.2055 - val_loss: 5.7628 - val_accuracy: 0.2096 - 10s/epoch - 3ms/step
Epoch 11/100
3125/3125 - 10s - loss: 5.6603 - accuracy: 0.2109 - val_loss: 5.5220 - val_accuracy: 0.2144 - 10s/epoch - 3ms/step
Epoch 12/100
3125/3125 - 10s - loss: 5.4235 - accuracy: 0.2153 - val_loss: 5.2878 - val_accuracy: 0.2251 - 10s/epoch - 3ms/step
Epoch 13/100
3125/3125 - 10s - loss: 5.2057 - accuracy: 0.2200 - val_loss: 5.0794 - val_accuracy: 0.2429 - 10s/epoch - 3ms/step
Epoch 14/100
3125/3125 - 10s - loss: 5.0053 - accuracy: 0.2211 - val_loss: 4.8958 - val_accuracy: 0.2625 - 10s/epoch - 3ms/step
Epoch 15/100
3125/3125 - 10s - loss: 4.8190 - accuracy: 0.2284 - val_loss: 4.7117 - val_accuracy: 0.2621 - 10s/epoch - 3ms/step
Epoch 16/100
3125/3125 - 10s - loss: 4.6462 - accuracy: 0.2299 - val_loss: 4.5388 - val_accuracy: 0.2712 - 10s/epoch - 3ms/step
Epoch 17/100
3125/3125 - 10s - loss: 4.4851 - accuracy: 0.2381 - val_loss: 4.3987 - val_accuracy: 0.2618 - 10s/epoch - 3ms/step
Epoch 18/100
3125/3125 - 10s - loss: 4.3347 - accuracy: 0.2448 - val_loss: 4.2386 - val_accuracy: 0.2807 - 10s/epoch - 3ms/step
Epoch 19/100
3125/3125 - 10s - loss: 4.1939 - accuracy: 0.2520 - val_loss: 4.1024 - val_accuracy: 0.2864 - 10s/epoch - 3ms/step
Epoch 20/100
3125/3125 - 10s - loss: 4.0620 - accuracy: 0.2557 - val_loss: 3.9702 - val_accuracy: 0.2864 - 10s/epoch - 3ms/step
Epoch 21/100
3125/3125 - 10s - loss: 3.9385 - accuracy: 0.2611 - val_loss: 3.8490 - val_accuracy: 0.2886 - 10s/epoch - 3ms/step
Epoch 22/100
3125/3125 - 10s - loss: 3.8210 - accuracy: 0.2666 - val_loss: 3.7419 - val_accuracy: 0.2849 - 10s/epoch - 3ms/step
Epoch 23/100
3125/3125 - 10s - loss: 3.7115 - accuracy: 0.2688 - val_loss: 3.6348 - val_accuracy: 0.2904 - 10s/epoch - 3ms/step
Epoch 24/100
3125/3125 - 10s - loss: 3.6088 - accuracy: 0.2746 - val_loss: 3.5266 - val_accuracy: 0.3008 - 10s/epoch - 3ms/step
Epoch 25/100
3125/3125 - 10s - loss: 3.5146 - accuracy: 0.2774 - val_loss: 3.4350 - val_accuracy: 0.2986 - 10s/epoch - 3ms/step
Epoch 26/100
3125/3125 - 10s - loss: 3.4230 - accuracy: 0.2816 - val_loss: 3.3482 - val_accuracy: 0.3019 - 10s/epoch - 3ms/step
Epoch 27/100
3125/3125 - 10s - loss: 3.3400 - accuracy: 0.2821 - val_loss: 3.2695 - val_accuracy: 0.3016 - 10s/epoch - 3ms/step
Epoch 28/100
3125/3125 - 10s - loss: 3.2616 - accuracy: 0.2870 - val_loss: 3.1899 - val_accuracy: 0.3053 - 10s/epoch - 3ms/step
Epoch 29/100
3125/3125 - 10s - loss: 3.1883 - accuracy: 0.2899 - val_loss: 3.1224 - val_accuracy: 0.3073 - 10s/epoch - 3ms/step
Epoch 30/100
3125/3125 - 10s - loss: 3.1189 - accuracy: 0.2913 - val_loss: 3.0542 - val_accuracy: 0.3075 - 10s/epoch - 3ms/step
Epoch 31/100
3125/3125 - 10s - loss: 3.0568 - accuracy: 0.2929 - val_loss: 2.9912 - val_accuracy: 0.3093 - 10s/epoch - 3ms/step
Epoch 32/100
3125/3125 - 10s - loss: 2.9967 - accuracy: 0.2958 - val_loss: 2.9356 - val_accuracy: 0.3116 - 10s/epoch - 3ms/step
Epoch 33/100
3125/3125 - 10s - loss: 2.9411 - accuracy: 0.2983 - val_loss: 2.8800 - val_accuracy: 0.3137 - 10s/epoch - 3ms/step
Epoch 34/100
3125/3125 - 10s - loss: 2.8896 - accuracy: 0.2973 - val_loss: 2.8313 - val_accuracy: 0.3172 - 10s/epoch - 3ms/step
Epoch 35/100
3125/3125 - 10s - loss: 2.8392 - accuracy: 0.3004 - val_loss: 2.7819 - val_accuracy: 0.3160 - 10s/epoch - 3ms/step
Epoch 36/100
3125/3125 - 11s - loss: 2.7915 - accuracy: 0.2998 - val_loss: 2.7381 - val_accuracy: 0.3186 - 11s/epoch - 3ms/step
Epoch 37/100
3125/3125 - 10s - loss: 2.7512 - accuracy: 0.2998 - val_loss: 2.6971 - val_accuracy: 0.3187 - 10s/epoch - 3ms/step
Epoch 38/100
3125/3125 - 10s - loss: 2.7127 - accuracy: 0.3002 - val_loss: 2.6592 - val_accuracy: 0.3216 - 10s/epoch - 3ms/step
Epoch 39/100
3125/3125 - 11s - loss: 2.6739 - accuracy: 0.3039 - val_loss: 2.6211 - val_accuracy: 0.3207 - 11s/epoch - 3ms/step
Epoch 40/100
3125/3125 - 10s - loss: 2.6369 - accuracy: 0.3060 - val_loss: 2.5905 - val_accuracy: 0.3229 - 10s/epoch - 3ms/step
Epoch 41/100
3125/3125 - 10s - loss: 2.6036 - accuracy: 0.3087 - val_loss: 2.5547 - val_accuracy: 0.3243 - 10s/epoch - 3ms/step
Epoch 42/100
3125/3125 - 10s - loss: 2.5724 - accuracy: 0.3067 - val_loss: 2.5268 - val_accuracy: 0.3254 - 10s/epoch - 3ms/step
Epoch 43/100
3125/3125 - 10s - loss: 2.5420 - accuracy: 0.3090 - val_loss: 2.4965 - val_accuracy: 0.3279 - 10s/epoch - 3ms/step
Epoch 44/100
3125/3125 - 10s - loss: 2.5147 - accuracy: 0.3101 - val_loss: 2.4706 - val_accuracy: 0.3228 - 10s/epoch - 3ms/step
Epoch 45/100
3125/3125 - 10s - loss: 2.4886 - accuracy: 0.3094 - val_loss: 2.4492 - val_accuracy: 0.3279 - 10s/epoch - 3ms/step
Epoch 46/100
3125/3125 - 10s - loss: 2.4645 - accuracy: 0.3133 - val_loss: 2.4212 - val_accuracy: 0.3298 - 10s/epoch - 3ms/step
Epoch 47/100
3125/3125 - 10s - loss: 2.4431 - accuracy: 0.3145 - val_loss: 2.3989 - val_accuracy: 0.3286 - 10s/epoch - 3ms/step
Epoch 48/100
3125/3125 - 10s - loss: 2.4200 - accuracy: 0.3131 - val_loss: 2.3793 - val_accuracy: 0.3306 - 10s/epoch - 3ms/step
Epoch 49/100
3125/3125 - 10s - loss: 2.3998 - accuracy: 0.3133 - val_loss: 2.3591 - val_accuracy: 0.3294 - 10s/epoch - 3ms/step
Epoch 50/100
3125/3125 - 10s - loss: 2.3791 - accuracy: 0.3148 - val_loss: 2.3425 - val_accuracy: 0.3292 - 10s/epoch - 3ms/step
Epoch 51/100
3125/3125 - 10s - loss: 2.3613 - accuracy: 0.3149 - val_loss: 2.3224 - val_accuracy: 0.3284 - 10s/epoch - 3ms/step
Epoch 52/100
3125/3125 - 10s - loss: 2.3435 - accuracy: 0.3166 - val_loss: 2.3121 - val_accuracy: 0.3300 - 10s/epoch - 3ms/step
Epoch 53/100
3125/3125 - 10s - loss: 2.3283 - accuracy: 0.3172 - val_loss: 2.2943 - val_accuracy: 0.3293 - 10s/epoch - 3ms/step
Epoch 54/100
3125/3125 - 10s - loss: 2.3122 - accuracy: 0.3166 - val_loss: 2.2764 - val_accuracy: 0.3302 - 10s/epoch - 3ms/step
Epoch 55/100
3125/3125 - 10s - loss: 2.2981 - accuracy: 0.3169 - val_loss: 2.2606 - val_accuracy: 0.3320 - 10s/epoch - 3ms/step
Epoch 56/100
3125/3125 - 10s - loss: 2.2843 - accuracy: 0.3179 - val_loss: 2.2549 - val_accuracy: 0.3279 - 10s/epoch - 3ms/step
Epoch 57/100
3125/3125 - 10s - loss: 2.2711 - accuracy: 0.3195 - val_loss: 2.2350 - val_accuracy: 0.3344 - 10s/epoch - 3ms/step
Epoch 58/100
3125/3125 - 10s - loss: 2.2585 - accuracy: 0.3198 - val_loss: 2.2230 - val_accuracy: 0.3323 - 10s/epoch - 3ms/step
Epoch 59/100
3125/3125 - 10s - loss: 2.2480 - accuracy: 0.3177 - val_loss: 2.2117 - val_accuracy: 0.3341 - 10s/epoch - 3ms/step
Epoch 60/100
3125/3125 - 11s - loss: 2.2347 - accuracy: 0.3185 - val_loss: 2.2056 - val_accuracy: 0.3335 - 11s/epoch - 3ms/step
Epoch 61/100
3125/3125 - 10s - loss: 2.2242 - accuracy: 0.3204 - val_loss: 2.1910 - val_accuracy: 0.3335 - 10s/epoch - 3ms/step
Epoch 62/100
3125/3125 - 10s - loss: 2.2164 - accuracy: 0.3222 - val_loss: 2.1888 - val_accuracy: 0.3345 - 10s/epoch - 3ms/step
Epoch 63/100
3125/3125 - 10s - loss: 2.2075 - accuracy: 0.3223 - val_loss: 2.1719 - val_accuracy: 0.3342 - 10s/epoch - 3ms/step
Epoch 64/100
3125/3125 - 10s - loss: 2.1988 - accuracy: 0.3187 - val_loss: 2.1635 - val_accuracy: 0.3353 - 10s/epoch - 3ms/step
Epoch 65/100
3125/3125 - 10s - loss: 2.1889 - accuracy: 0.3207 - val_loss: 2.1614 - val_accuracy: 0.3372 - 10s/epoch - 3ms/step
Epoch 66/100
3125/3125 - 10s - loss: 2.1804 - accuracy: 0.3233 - val_loss: 2.1470 - val_accuracy: 0.3366 - 10s/epoch - 3ms/step
Epoch 67/100
3125/3125 - 10s - loss: 2.1733 - accuracy: 0.3206 - val_loss: 2.1408 - val_accuracy: 0.3320 - 10s/epoch - 3ms/step
Epoch 68/100
3125/3125 - 10s - loss: 2.1665 - accuracy: 0.3218 - val_loss: 2.1325 - val_accuracy: 0.3345 - 10s/epoch - 3ms/step
Epoch 69/100
3125/3125 - 10s - loss: 2.1587 - accuracy: 0.3207 - val_loss: 2.1257 - val_accuracy: 0.3343 - 10s/epoch - 3ms/step
Epoch 70/100
3125/3125 - 10s - loss: 2.1521 - accuracy: 0.3233 - val_loss: 2.1203 - val_accuracy: 0.3374 - 10s/epoch - 3ms/step
Epoch 71/100
3125/3125 - 10s - loss: 2.1462 - accuracy: 0.3210 - val_loss: 2.1150 - val_accuracy: 0.3397 - 10s/epoch - 3ms/step
Epoch 72/100
3125/3125 - 10s - loss: 2.1393 - accuracy: 0.3247 - val_loss: 2.1070 - val_accuracy: 0.3377 - 10s/epoch - 3ms/step
Epoch 73/100
3125/3125 - 10s - loss: 2.1312 - accuracy: 0.3252 - val_loss: 2.1004 - val_accuracy: 0.3388 - 10s/epoch - 3ms/step
Epoch 74/100
3125/3125 - 10s - loss: 2.1272 - accuracy: 0.3270 - val_loss: 2.0954 - val_accuracy: 0.3401 - 10s/epoch - 3ms/step
Epoch 75/100
3125/3125 - 10s - loss: 2.1229 - accuracy: 0.3241 - val_loss: 2.1018 - val_accuracy: 0.3381 - 10s/epoch - 3ms/step
Epoch 76/100
3125/3125 - 10s - loss: 2.1176 - accuracy: 0.3258 - val_loss: 2.0883 - val_accuracy: 0.3353 - 10s/epoch - 3ms/step
Epoch 77/100
3125/3125 - 10s - loss: 2.1100 - accuracy: 0.3296 - val_loss: 2.0840 - val_accuracy: 0.3408 - 10s/epoch - 3ms/step
Epoch 78/100
3125/3125 - 10s - loss: 2.1050 - accuracy: 0.3280 - val_loss: 2.0771 - val_accuracy: 0.3374 - 10s/epoch - 3ms/step
Epoch 79/100
3125/3125 - 10s - loss: 2.1026 - accuracy: 0.3264 - val_loss: 2.0720 - val_accuracy: 0.3386 - 10s/epoch - 3ms/step
Epoch 80/100
3125/3125 - 10s - loss: 2.0979 - accuracy: 0.3274 - val_loss: 2.0656 - val_accuracy: 0.3408 - 10s/epoch - 3ms/step
Epoch 81/100
3125/3125 - 10s - loss: 2.0917 - accuracy: 0.3273 - val_loss: 2.0624 - val_accuracy: 0.3431 - 10s/epoch - 3ms/step
Epoch 82/100
3125/3125 - 10s - loss: 2.0917 - accuracy: 0.3288 - val_loss: 2.0595 - val_accuracy: 0.3421 - 10s/epoch - 3ms/step
Epoch 83/100
3125/3125 - 10s - loss: 2.0855 - accuracy: 0.3299 - val_loss: 2.0556 - val_accuracy: 0.3425 - 10s/epoch - 3ms/step
Epoch 84/100
3125/3125 - 10s - loss: 2.0812 - accuracy: 0.3267 - val_loss: 2.0507 - val_accuracy: 0.3455 - 10s/epoch - 3ms/step
Epoch 85/100
3125/3125 - 10s - loss: 2.0776 - accuracy: 0.3306 - val_loss: 2.0495 - val_accuracy: 0.3457 - 10s/epoch - 3ms/step
Epoch 86/100
3125/3125 - 10s - loss: 2.0768 - accuracy: 0.3274 - val_loss: 2.0453 - val_accuracy: 0.3459 - 10s/epoch - 3ms/step
Epoch 87/100
3125/3125 - 10s - loss: 2.0693 - accuracy: 0.3299 - val_loss: 2.0435 - val_accuracy: 0.3449 - 10s/epoch - 3ms/step
Epoch 88/100
3125/3125 - 10s - loss: 2.0673 - accuracy: 0.3262 - val_loss: 2.0353 - val_accuracy: 0.3489 - 10s/epoch - 3ms/step
Epoch 89/100
3125/3125 - 10s - loss: 2.0623 - accuracy: 0.3319 - val_loss: 2.0335 - val_accuracy: 0.3471 - 10s/epoch - 3ms/step
Epoch 90/100
3125/3125 - 10s - loss: 2.0605 - accuracy: 0.3319 - val_loss: 2.0308 - val_accuracy: 0.3435 - 10s/epoch - 3ms/step
Epoch 91/100
3125/3125 - 10s - loss: 2.0591 - accuracy: 0.3321 - val_loss: 2.0301 - val_accuracy: 0.3452 - 10s/epoch - 3ms/step
Epoch 92/100
3125/3125 - 10s - loss: 2.0543 - accuracy: 0.3337 - val_loss: 2.0266 - val_accuracy: 0.3481 - 10s/epoch - 3ms/step
Epoch 93/100
3125/3125 - 10s - loss: 2.0514 - accuracy: 0.3355 - val_loss: 2.0234 - val_accuracy: 0.3489 - 10s/epoch - 3ms/step
Epoch 94/100
3125/3125 - 10s - loss: 2.0489 - accuracy: 0.3323 - val_loss: 2.0201 - val_accuracy: 0.3472 - 10s/epoch - 3ms/step
Epoch 95/100
3125/3125 - 10s - loss: 2.0468 - accuracy: 0.3353 - val_loss: 2.0185 - val_accuracy: 0.3449 - 10s/epoch - 3ms/step
Epoch 96/100
3125/3125 - 10s - loss: 2.0425 - accuracy: 0.3362 - val_loss: 2.0140 - val_accuracy: 0.3507 - 10s/epoch - 3ms/step
Epoch 97/100
3125/3125 - 10s - loss: 2.0381 - accuracy: 0.3352 - val_loss: 2.0102 - val_accuracy: 0.3498 - 10s/epoch - 3ms/step
Epoch 98/100
3125/3125 - 10s - loss: 2.0373 - accuracy: 0.3352 - val_loss: 2.0108 - val_accuracy: 0.3518 - 10s/epoch - 3ms/step
Epoch 99/100
3125/3125 - 10s - loss: 2.0354 - accuracy: 0.3382 - val_loss: 2.0172 - val_accuracy: 0.3497 - 10s/epoch - 3ms/step
Epoch 100/100
3125/3125 - 10s - loss: 2.0329 - accuracy: 0.3360 - val_loss: 2.0029 - val_accuracy: 0.3499 - 10s/epoch - 3ms/step
313/313 - 1s - loss: 2.0029 - accuracy: 0.3499 - 781ms/epoch - 2ms/step

ACCURACY: 0.3499000072479248


SCORE: -0.5295392930735474

[92m | MODULE VALUES ---------------------------------------------  |
 [0m
FLOPS: 7695356
PARAMS: 131326.0
[92m 
 | -----------------------------------------------------------  |
 [0m

--- BANANAS ITERATION 84 / 1000 ---
Chosen point: {'num_neurons': 8, 'unit_c1': 2, 'unit_c2': 4, 'dr_f': 0.21037099740610132, 'learning_rate': 0.0006441643316097857, 'batch_size': 8, 'optimizer': 'Adam', 'activation': 'swish', 'data_augmentation': True, 'reg_l2': True, 'skip_connection': True, 'new_fc_1': 14, 'new_fc_2': 3, 'new_fc_3': 22, 'new_fc_4': 27, 'new_fc_5': 22, 'new_fc_6': 27, 'new_fc_7': 23, 'new_fc_8': 25, 'new_fc_9': 1, 'new_fc_10': 0}
[94m
|  --> START TRAINING ITERATION 16[0m
[INFO] Flags -> DA: True, L2: True, Skip: True
Building model with input_shape=(32, 32, 3), pos_input_shape=None, layer_x_block=2
Model: "model"
__________________________________________________________________________________________________
 Layer (type)                Output Shape                 Param #   Connected to                  
==================================================================================================
 input_2 (InputLayer)        [(None, 32, 32, 3)]          0         []                            
                                                                                                  
 conv2d (Conv2D)             (None, 32, 32, 16)           448       ['input_2[0][0]']             
                                                                                                  
 activation (Activation)     (None, 32, 32, 16)           0         ['conv2d[1][0]']              
                                                                                                  
 conv2d_2 (Conv2D)           (None, 32, 32, 16)           64        ['input_2[0][0]']             
                                                                                                  
 conv2d_1 (Conv2D)           (None, 32, 32, 16)           2320      ['activation[1][0]']          
                                                                                                  
 add (Add)                   (None, 32, 32, 16)           0         ['conv2d_2[1][0]',            
                                                                     'conv2d_1[1][0]']            
                                                                                                  
 activation_1 (Activation)   (None, 32, 32, 16)           0         ['add[1][0]']                 
                                                                                                  
 max_pooling2d (MaxPooling2  (None, 16, 16, 16)           0         ['activation_1[1][0]']        
 D)                                                                                               
                                                                                                  
 conv2d_3 (Conv2D)           (None, 16, 16, 32)           4640      ['max_pooling2d[1][0]']       
                                                                                                  
 activation_2 (Activation)   (None, 16, 16, 32)           0         ['conv2d_3[1][0]']            
                                                                                                  
 conv2d_5 (Conv2D)           (None, 16, 16, 32)           544       ['max_pooling2d[1][0]']       
                                                                                                  
 conv2d_4 (Conv2D)           (None, 16, 16, 32)           9248      ['activation_2[1][0]']        
                                                                                                  
 add_1 (Add)                 (None, 16, 16, 32)           0         ['conv2d_5[1][0]',            
                                                                     'conv2d_4[1][0]']            
                                                                                                  
 activation_3 (Activation)   (None, 16, 16, 32)           0         ['add_1[1][0]']               
                                                                                                  
 max_pooling2d_1 (MaxPoolin  (None, 8, 8, 32)             0         ['activation_3[1][0]']        
 g2D)                                                                                             
                                                                                                  
 flatten (Flatten)           (None, 2048)                 0         ['max_pooling2d_1[1][0]']     
                                                                                                  
 dense (Dense)               (None, 112)                  229488    ['flatten[1][0]']             
                                                                                                  
 activation_4 (Activation)   (None, 112)                  0         ['dense[1][0]']               
                                                                                                  
 dropout (Dropout)           (None, 112)                  0         ['activation_4[1][0]']        
                                                                                                  
 dense_1 (Dense)             (None, 24)                   2712      ['dropout[1][0]']             
                                                                                                  
 activation_5 (Activation)   (None, 24)                   0         ['dense_1[1][0]']             
                                                                                                  
 dropout_1 (Dropout)         (None, 24)                   0         ['activation_5[1][0]']        
                                                                                                  
 dense_2 (Dense)             (None, 176)                  4400      ['dropout_1[1][0]']           
                                                                                                  
 activation_6 (Activation)   (None, 176)                  0         ['dense_2[1][0]']             
                                                                                                  
 dropout_2 (Dropout)         (None, 176)                  0         ['activation_6[1][0]']        
                                                                                                  
 dense_3 (Dense)             (None, 216)                  38232     ['dropout_2[1][0]']           
                                                                                                  
 activation_7 (Activation)   (None, 216)                  0         ['dense_3[1][0]']             
                                                                                                  
 dropout_3 (Dropout)         (None, 216)                  0         ['activation_7[1][0]']        
                                                                                                  
 dense_4 (Dense)             (None, 176)                  38192     ['dropout_3[1][0]']           
                                                                                                  
 activation_8 (Activation)   (None, 176)                  0         ['dense_4[1][0]']             
                                                                                                  
 dropout_4 (Dropout)         (None, 176)                  0         ['activation_8[1][0]']        
                                                                                                  
 dense_5 (Dense)             (None, 216)                  38232     ['dropout_4[1][0]']           
                                                                                                  
 activation_9 (Activation)   (None, 216)                  0         ['dense_5[1][0]']             
                                                                                                  
 dropout_5 (Dropout)         (None, 216)                  0         ['activation_9[1][0]']        
                                                                                                  
 dense_6 (Dense)             (None, 184)                  39928     ['dropout_5[1][0]']           
                                                                                                  
 activation_10 (Activation)  (None, 184)                  0         ['dense_6[1][0]']             
                                                                                                  
 dropout_6 (Dropout)         (None, 184)                  0         ['activation_10[1][0]']       
                                                                                                  
 dense_7 (Dense)             (None, 200)                  37000     ['dropout_6[1][0]']           
                                                                                                  
 activation_11 (Activation)  (None, 200)                  0         ['dense_7[1][0]']             
                                                                                                  
 dropout_7 (Dropout)         (None, 200)                  0         ['activation_11[1][0]']       
                                                                                                  
 dense_8 (Dense)             (None, 8)                    1608      ['dropout_7[1][0]']           
                                                                                                  
 activation_12 (Activation)  (None, 8)                    0         ['dense_8[1][0]']             
                                                                                                  
 dropout_8 (Dropout)         (None, 8)                    0         ['activation_12[1][0]']       
                                                                                                  
 dense_9 (Dense)             (None, 10)                   90        ['dropout_8[1][0]']           
                                                                                                  
==================================================================================================
Total params: 447146 (1.71 MB)
Trainable params: 447146 (1.71 MB)
Non-trainable params: 0 (0.00 Byte)
__________________________________________________________________________________________________
Epoch 1/100
6250/6250 - 25s - loss: 2.4273 - accuracy: 0.0984 - val_loss: 2.3027 - val_accuracy: 0.1000 - 25s/epoch - 4ms/step
Epoch 2/100
6250/6250 - 23s - loss: 2.3028 - accuracy: 0.1001 - val_loss: 2.3027 - val_accuracy: 0.1000 - 23s/epoch - 4ms/step
Epoch 3/100
6250/6250 - 22s - loss: 2.3029 - accuracy: 0.0982 - val_loss: 2.3027 - val_accuracy: 0.1000 - 22s/epoch - 4ms/step
Epoch 4/100
6250/6250 - 23s - loss: 2.3028 - accuracy: 0.0985 - val_loss: 2.3027 - val_accuracy: 0.1000 - 23s/epoch - 4ms/step
Epoch 5/100
6250/6250 - 23s - loss: 2.3029 - accuracy: 0.0987 - val_loss: 2.3027 - val_accuracy: 0.1000 - 23s/epoch - 4ms/step
Epoch 6/100
6250/6250 - 23s - loss: 2.3029 - accuracy: 0.0995 - val_loss: 2.3027 - val_accuracy: 0.1000 - 23s/epoch - 4ms/step
Epoch 7/100
6250/6250 - 23s - loss: 2.3029 - accuracy: 0.0984 - val_loss: 2.3027 - val_accuracy: 0.1000 - 23s/epoch - 4ms/step
Epoch 8/100
6250/6250 - 22s - loss: 2.3028 - accuracy: 0.0993 - val_loss: 2.3029 - val_accuracy: 0.1000 - 22s/epoch - 4ms/step
Epoch 9/100
6250/6250 - 22s - loss: 2.3029 - accuracy: 0.0986 - val_loss: 2.3027 - val_accuracy: 0.1000 - 22s/epoch - 4ms/step
Epoch 10/100
6250/6250 - 23s - loss: 2.3028 - accuracy: 0.0990 - val_loss: 2.3027 - val_accuracy: 0.1000 - 23s/epoch - 4ms/step
Epoch 11/100
6250/6250 - 23s - loss: 2.3028 - accuracy: 0.0979 - val_loss: 2.3027 - val_accuracy: 0.1000 - 23s/epoch - 4ms/step
Epoch 12/100
6250/6250 - 22s - loss: 2.3028 - accuracy: 0.1010 - val_loss: 2.3028 - val_accuracy: 0.1000 - 22s/epoch - 4ms/step
Epoch 13/100
6250/6250 - 22s - loss: 2.3029 - accuracy: 0.0971 - val_loss: 2.3026 - val_accuracy: 0.1000 - 22s/epoch - 4ms/step
Epoch 14/100
6250/6250 - 22s - loss: 2.3029 - accuracy: 0.0977 - val_loss: 2.3027 - val_accuracy: 0.1000 - 22s/epoch - 4ms/step
Epoch 15/100
6250/6250 - 22s - loss: 2.3029 - accuracy: 0.0974 - val_loss: 2.3026 - val_accuracy: 0.1000 - 22s/epoch - 4ms/step
Epoch 16/100
6250/6250 - 22s - loss: 2.3028 - accuracy: 0.0988 - val_loss: 2.3027 - val_accuracy: 0.1000 - 22s/epoch - 3ms/step
Epoch 17/100
6250/6250 - 22s - loss: 2.3028 - accuracy: 0.0984 - val_loss: 2.3027 - val_accuracy: 0.1000 - 22s/epoch - 3ms/step
Epoch 18/100
6250/6250 - 23s - loss: 2.3028 - accuracy: 0.0975 - val_loss: 2.3027 - val_accuracy: 0.1000 - 23s/epoch - 4ms/step
Epoch 19/100
6250/6250 - 23s - loss: 2.3029 - accuracy: 0.0983 - val_loss: 2.3026 - val_accuracy: 0.1000 - 23s/epoch - 4ms/step
Epoch 20/100
6250/6250 - 22s - loss: 2.3028 - accuracy: 0.0983 - val_loss: 2.3027 - val_accuracy: 0.1000 - 22s/epoch - 3ms/step
Epoch 21/100
6250/6250 - 22s - loss: 2.3028 - accuracy: 0.0972 - val_loss: 2.3028 - val_accuracy: 0.1000 - 22s/epoch - 4ms/step
Epoch 22/100
6250/6250 - 23s - loss: 2.3028 - accuracy: 0.0993 - val_loss: 2.3027 - val_accuracy: 0.1000 - 23s/epoch - 4ms/step
Epoch 23/100
6250/6250 - 23s - loss: 2.3029 - accuracy: 0.0978 - val_loss: 2.3026 - val_accuracy: 0.1000 - 23s/epoch - 4ms/step
Epoch 24/100
6250/6250 - 23s - loss: 2.3029 - accuracy: 0.0987 - val_loss: 2.3026 - val_accuracy: 0.1000 - 23s/epoch - 4ms/step
Epoch 25/100
6250/6250 - 23s - loss: 2.3029 - accuracy: 0.0983 - val_loss: 2.3027 - val_accuracy: 0.1000 - 23s/epoch - 4ms/step
Epoch 26/100
6250/6250 - 23s - loss: 2.3028 - accuracy: 0.0987 - val_loss: 2.3029 - val_accuracy: 0.1000 - 23s/epoch - 4ms/step
Epoch 27/100
6250/6250 - 23s - loss: 2.3029 - accuracy: 0.0991 - val_loss: 2.3027 - val_accuracy: 0.1000 - 23s/epoch - 4ms/step
Epoch 28/100
6250/6250 - 23s - loss: 2.3028 - accuracy: 0.0971 - val_loss: 2.3027 - val_accuracy: 0.1000 - 23s/epoch - 4ms/step
Epoch 29/100
6250/6250 - 23s - loss: 2.3029 - accuracy: 0.0973 - val_loss: 2.3026 - val_accuracy: 0.1000 - 23s/epoch - 4ms/step
Epoch 30/100
6250/6250 - 23s - loss: 2.3028 - accuracy: 0.0986 - val_loss: 2.3027 - val_accuracy: 0.1000 - 23s/epoch - 4ms/step
Epoch 31/100
Restoring model weights from the end of the best epoch: 1.
6250/6250 - 23s - loss: 2.3029 - accuracy: 0.0970 - val_loss: 2.3026 - val_accuracy: 0.1000 - 23s/epoch - 4ms/step
Epoch 31: early stopping
313/313 - 1s - loss: 2.3027 - accuracy: 0.1000 - 971ms/epoch - 3ms/step

ACCURACY: 0.10000000149011612


SCORE: -0.34175207304308125

[92m | MODULE VALUES ---------------------------------------------  |
 [0m
FLOPS: 14123964
PARAMS: 447146.0
[92m 
 | -----------------------------------------------------------  |
 [0m

--- BANANAS ITERATION 85 / 1000 ---
Chosen point: {'num_neurons': 4, 'unit_c1': 2, 'unit_c2': 2, 'dr_f': 0.28163237270120867, 'learning_rate': 0.00014943070311971405, 'batch_size': 8, 'optimizer': 'Adam', 'activation': 'swish', 'data_augmentation': True, 'reg_l2': True, 'skip_connection': False, 'new_fc_1': 28, 'new_fc_2': 7, 'new_fc_3': 27, 'new_fc_4': 28, 'new_fc_5': 11, 'new_fc_6': 28, 'new_fc_7': 30, 'new_fc_8': 31, 'new_fc_9': 18, 'new_fc_10': 1}
[94m
|  --> START TRAINING ITERATION 17[0m
[INFO] Flags -> DA: True, L2: True, Skip: False
Building model with input_shape=(32, 32, 3), pos_input_shape=None, layer_x_block=2
Model: "model"
_________________________________________________________________
 Layer (type)                Output Shape              Param #   
=================================================================
 input_2 (InputLayer)        [(None, 32, 32, 3)]       0         
                                                                 
 conv2d (Conv2D)             (None, 32, 32, 8)         224       
                                                                 
 activation (Activation)     (None, 32, 32, 8)         0         
                                                                 
 conv2d_1 (Conv2D)           (None, 32, 32, 8)         584       
                                                                 
 activation_1 (Activation)   (None, 32, 32, 8)         0         
                                                                 
 max_pooling2d (MaxPooling2  (None, 16, 16, 8)         0         
 D)                                                              
                                                                 
 conv2d_2 (Conv2D)           (None, 16, 16, 8)         584       
                                                                 
 activation_2 (Activation)   (None, 16, 16, 8)         0         
                                                                 
 conv2d_3 (Conv2D)           (None, 16, 16, 8)         584       
                                                                 
 activation_3 (Activation)   (None, 16, 16, 8)         0         
                                                                 
 max_pooling2d_1 (MaxPoolin  (None, 8, 8, 8)           0         
 g2D)                                                            
                                                                 
 flatten (Flatten)           (None, 512)               0         
                                                                 
 dense (Dense)               (None, 112)               57456     
                                                                 
 activation_4 (Activation)   (None, 112)               0         
                                                                 
 dropout (Dropout)           (None, 112)               0         
                                                                 
 dense_1 (Dense)             (None, 28)                3164      
                                                                 
 activation_5 (Activation)   (None, 28)                0         
                                                                 
 dropout_1 (Dropout)         (None, 28)                0         
                                                                 
 dense_2 (Dense)             (None, 108)               3132      
                                                                 
 activation_6 (Activation)   (None, 108)               0         
                                                                 
 dropout_2 (Dropout)         (None, 108)               0         
                                                                 
 dense_3 (Dense)             (None, 112)               12208     
                                                                 
 activation_7 (Activation)   (None, 112)               0         
                                                                 
 dropout_3 (Dropout)         (None, 112)               0         
                                                                 
 dense_4 (Dense)             (None, 44)                4972      
                                                                 
 activation_8 (Activation)   (None, 44)                0         
                                                                 
 dropout_4 (Dropout)         (None, 44)                0         
                                                                 
 dense_5 (Dense)             (None, 112)               5040      
                                                                 
 activation_9 (Activation)   (None, 112)               0         
                                                                 
 dropout_5 (Dropout)         (None, 112)               0         
                                                                 
 dense_6 (Dense)             (None, 120)               13560     
                                                                 
 activation_10 (Activation)  (None, 120)               0         
                                                                 
 dropout_6 (Dropout)         (None, 120)               0         
                                                                 
 dense_7 (Dense)             (None, 124)               15004     
                                                                 
 activation_11 (Activation)  (None, 124)               0         
                                                                 
 dropout_7 (Dropout)         (None, 124)               0         
                                                                 
 dense_8 (Dense)             (None, 72)                9000      
                                                                 
 activation_12 (Activation)  (None, 72)                0         
                                                                 
 dropout_8 (Dropout)         (None, 72)                0         
                                                                 
 dense_9 (Dense)             (None, 4)                 292       
                                                                 
 activation_13 (Activation)  (None, 4)                 0         
                                                                 
 dropout_9 (Dropout)         (None, 4)                 0         
                                                                 
 dense_10 (Dense)            (None, 10)                50        
                                                                 
=================================================================
Total params: 125854 (491.62 KB)
Trainable params: 125854 (491.62 KB)
Non-trainable params: 0 (0.00 Byte)
_________________________________________________________________
Epoch 1/100
6250/6250 - 23s - loss: 2.7654 - accuracy: 0.0980 - val_loss: 2.3026 - val_accuracy: 0.1000 - 23s/epoch - 4ms/step
Epoch 2/100
6250/6250 - 21s - loss: 2.3027 - accuracy: 0.0975 - val_loss: 2.3026 - val_accuracy: 0.1000 - 21s/epoch - 3ms/step
Epoch 3/100
6250/6250 - 21s - loss: 2.3026 - accuracy: 0.0984 - val_loss: 2.3026 - val_accuracy: 0.1000 - 21s/epoch - 3ms/step
Epoch 4/100
6250/6250 - 21s - loss: 2.3027 - accuracy: 0.0972 - val_loss: 2.3026 - val_accuracy: 0.1000 - 21s/epoch - 3ms/step
Epoch 5/100
6250/6250 - 21s - loss: 2.3027 - accuracy: 0.0983 - val_loss: 2.3026 - val_accuracy: 0.1000 - 21s/epoch - 3ms/step
Epoch 6/100
6250/6250 - 21s - loss: 2.3027 - accuracy: 0.0972 - val_loss: 2.3026 - val_accuracy: 0.1000 - 21s/epoch - 3ms/step
Epoch 7/100
6250/6250 - 21s - loss: 2.3027 - accuracy: 0.0981 - val_loss: 2.3026 - val_accuracy: 0.1000 - 21s/epoch - 3ms/step
Epoch 8/100
6250/6250 - 21s - loss: 2.3026 - accuracy: 0.0975 - val_loss: 2.3026 - val_accuracy: 0.1000 - 21s/epoch - 3ms/step
Epoch 9/100
6250/6250 - 21s - loss: 2.3027 - accuracy: 0.0974 - val_loss: 2.3026 - val_accuracy: 0.1000 - 21s/epoch - 3ms/step
Epoch 10/100
6250/6250 - 21s - loss: 2.3027 - accuracy: 0.0975 - val_loss: 2.3026 - val_accuracy: 0.1000 - 21s/epoch - 3ms/step
Epoch 11/100
6250/6250 - 21s - loss: 2.3027 - accuracy: 0.0983 - val_loss: 2.3026 - val_accuracy: 0.1000 - 21s/epoch - 3ms/step
Epoch 12/100
6250/6250 - 21s - loss: 2.3027 - accuracy: 0.0964 - val_loss: 2.3026 - val_accuracy: 0.1000 - 21s/epoch - 3ms/step
Epoch 13/100
6250/6250 - 21s - loss: 2.3027 - accuracy: 0.0963 - val_loss: 2.3026 - val_accuracy: 0.1000 - 21s/epoch - 3ms/step
Epoch 14/100
6250/6250 - 21s - loss: 2.3027 - accuracy: 0.0973 - val_loss: 2.3026 - val_accuracy: 0.1000 - 21s/epoch - 3ms/step
Epoch 15/100
6250/6250 - 21s - loss: 2.3027 - accuracy: 0.0991 - val_loss: 2.3026 - val_accuracy: 0.1000 - 21s/epoch - 3ms/step
Epoch 16/100
6250/6250 - 21s - loss: 2.3027 - accuracy: 0.0977 - val_loss: 2.3026 - val_accuracy: 0.1000 - 21s/epoch - 3ms/step
Epoch 17/100
6250/6250 - 21s - loss: 2.3027 - accuracy: 0.0958 - val_loss: 2.3026 - val_accuracy: 0.1000 - 21s/epoch - 3ms/step
Epoch 18/100
6250/6250 - 21s - loss: 2.3027 - accuracy: 0.0973 - val_loss: 2.3026 - val_accuracy: 0.1000 - 21s/epoch - 3ms/step
Epoch 19/100
6250/6250 - 21s - loss: 2.3027 - accuracy: 0.0986 - val_loss: 2.3026 - val_accuracy: 0.1000 - 21s/epoch - 3ms/step
Epoch 20/100
6250/6250 - 21s - loss: 2.3027 - accuracy: 0.0969 - val_loss: 2.3026 - val_accuracy: 0.1000 - 21s/epoch - 3ms/step
Epoch 21/100
6250/6250 - 21s - loss: 2.3027 - accuracy: 0.0978 - val_loss: 2.3026 - val_accuracy: 0.1000 - 21s/epoch - 3ms/step
Epoch 22/100
6250/6250 - 21s - loss: 2.3027 - accuracy: 0.0960 - val_loss: 2.3026 - val_accuracy: 0.1000 - 21s/epoch - 3ms/step
Epoch 23/100
6250/6250 - 21s - loss: 2.3027 - accuracy: 0.0995 - val_loss: 2.3026 - val_accuracy: 0.1000 - 21s/epoch - 3ms/step
Epoch 24/100
6250/6250 - 21s - loss: 2.3027 - accuracy: 0.0984 - val_loss: 2.3026 - val_accuracy: 0.1000 - 21s/epoch - 3ms/step
Epoch 25/100
6250/6250 - 21s - loss: 2.3027 - accuracy: 0.0994 - val_loss: 2.3026 - val_accuracy: 0.1000 - 21s/epoch - 3ms/step
Epoch 26/100
6250/6250 - 21s - loss: 2.3027 - accuracy: 0.0981 - val_loss: 2.3026 - val_accuracy: 0.1000 - 21s/epoch - 3ms/step
Epoch 27/100
6250/6250 - 21s - loss: 2.3027 - accuracy: 0.0975 - val_loss: 2.3026 - val_accuracy: 0.1000 - 21s/epoch - 3ms/step
Epoch 28/100
6250/6250 - 21s - loss: 2.3027 - accuracy: 0.0952 - val_loss: 2.3026 - val_accuracy: 0.1000 - 21s/epoch - 3ms/step
Epoch 29/100
6250/6250 - 21s - loss: 2.3026 - accuracy: 0.0976 - val_loss: 2.3026 - val_accuracy: 0.1000 - 21s/epoch - 3ms/step
Epoch 30/100
6250/6250 - 21s - loss: 2.3027 - accuracy: 0.0973 - val_loss: 2.3026 - val_accuracy: 0.1000 - 21s/epoch - 3ms/step
Epoch 31/100
Restoring model weights from the end of the best epoch: 1.
6250/6250 - 21s - loss: 2.3027 - accuracy: 0.0986 - val_loss: 2.3026 - val_accuracy: 0.1000 - 21s/epoch - 3ms/step
Epoch 31: early stopping
313/313 - 1s - loss: 2.3026 - accuracy: 0.1000 - 617ms/epoch - 2ms/step

ACCURACY: 0.10000000149011612


SCORE: -0.36493569704308126

[92m | MODULE VALUES ---------------------------------------------  |
 [0m
FLOPS: 2532152
PARAMS: 125854.0
[92m 
 | -----------------------------------------------------------  |
 [0m

--- BANANAS ITERATION 86 / 1000 ---
Chosen point: {'num_neurons': 8, 'unit_c1': 1, 'unit_c2': 6, 'dr_f': 0.4419826066662529, 'learning_rate': 0.0005680371626635687, 'batch_size': 16, 'optimizer': 'Adamax', 'activation': 'swish', 'data_augmentation': False, 'reg_l2': True, 'skip_connection': True, 'new_fc_1': 26, 'new_fc_2': 2, 'new_fc_3': 31, 'new_fc_4': 9, 'new_fc_5': 18, 'new_fc_6': 24, 'new_fc_7': 29, 'new_fc_8': 4, 'new_fc_9': 25, 'new_fc_10': 27}
[94m
|  --> START TRAINING ITERATION 18[0m
[INFO] Flags -> DA: False, L2: True, Skip: True
Building model with input_shape=(32, 32, 3), pos_input_shape=None, layer_x_block=2
Model: "model"
__________________________________________________________________________________________________
 Layer (type)                Output Shape                 Param #   Connected to                  
==================================================================================================
 input_1 (InputLayer)        [(None, 32, 32, 3)]          0         []                            
                                                                                                  
 conv2d (Conv2D)             (None, 32, 32, 8)            224       ['input_1[0][0]']             
                                                                                                  
 activation (Activation)     (None, 32, 32, 8)            0         ['conv2d[0][0]']              
                                                                                                  
 conv2d_2 (Conv2D)           (None, 32, 32, 8)            32        ['input_1[0][0]']             
                                                                                                  
 conv2d_1 (Conv2D)           (None, 32, 32, 8)            584       ['activation[0][0]']          
                                                                                                  
 add (Add)                   (None, 32, 32, 8)            0         ['conv2d_2[0][0]',            
                                                                     'conv2d_1[0][0]']            
                                                                                                  
 activation_1 (Activation)   (None, 32, 32, 8)            0         ['add[0][0]']                 
                                                                                                  
 max_pooling2d (MaxPooling2  (None, 16, 16, 8)            0         ['activation_1[0][0]']        
 D)                                                                                               
                                                                                                  
 conv2d_3 (Conv2D)           (None, 16, 16, 48)           3504      ['max_pooling2d[0][0]']       
                                                                                                  
 activation_2 (Activation)   (None, 16, 16, 48)           0         ['conv2d_3[0][0]']            
                                                                                                  
 conv2d_5 (Conv2D)           (None, 16, 16, 48)           432       ['max_pooling2d[0][0]']       
                                                                                                  
 conv2d_4 (Conv2D)           (None, 16, 16, 48)           20784     ['activation_2[0][0]']        
                                                                                                  
 add_1 (Add)                 (None, 16, 16, 48)           0         ['conv2d_5[0][0]',            
                                                                     'conv2d_4[0][0]']            
                                                                                                  
 activation_3 (Activation)   (None, 16, 16, 48)           0         ['add_1[0][0]']               
                                                                                                  
 max_pooling2d_1 (MaxPoolin  (None, 8, 8, 48)             0         ['activation_3[0][0]']        
 g2D)                                                                                             
                                                                                                  
 flatten (Flatten)           (None, 3072)                 0         ['max_pooling2d_1[0][0]']     
                                                                                                  
 dense (Dense)               (None, 208)                  639184    ['flatten[0][0]']             
                                                                                                  
 activation_4 (Activation)   (None, 208)                  0         ['dense[0][0]']               
                                                                                                  
 dropout (Dropout)           (None, 208)                  0         ['activation_4[0][0]']        
                                                                                                  
 dense_1 (Dense)             (None, 16)                   3344      ['dropout[0][0]']             
                                                                                                  
 activation_5 (Activation)   (None, 16)                   0         ['dense_1[0][0]']             
                                                                                                  
 dropout_1 (Dropout)         (None, 16)                   0         ['activation_5[0][0]']        
                                                                                                  
 dense_2 (Dense)             (None, 248)                  4216      ['dropout_1[0][0]']           
                                                                                                  
 activation_6 (Activation)   (None, 248)                  0         ['dense_2[0][0]']             
                                                                                                  
 dropout_2 (Dropout)         (None, 248)                  0         ['activation_6[0][0]']        
                                                                                                  
 dense_3 (Dense)             (None, 72)                   17928     ['dropout_2[0][0]']           
                                                                                                  
 activation_7 (Activation)   (None, 72)                   0         ['dense_3[0][0]']             
                                                                                                  
 dropout_3 (Dropout)         (None, 72)                   0         ['activation_7[0][0]']        
                                                                                                  
 dense_4 (Dense)             (None, 144)                  10512     ['dropout_3[0][0]']           
                                                                                                  
 activation_8 (Activation)   (None, 144)                  0         ['dense_4[0][0]']             
                                                                                                  
 dropout_4 (Dropout)         (None, 144)                  0         ['activation_8[0][0]']        
                                                                                                  
 dense_5 (Dense)             (None, 192)                  27840     ['dropout_4[0][0]']           
                                                                                                  
 activation_9 (Activation)   (None, 192)                  0         ['dense_5[0][0]']             
                                                                                                  
 dropout_5 (Dropout)         (None, 192)                  0         ['activation_9[0][0]']        
                                                                                                  
 dense_6 (Dense)             (None, 232)                  44776     ['dropout_5[0][0]']           
                                                                                                  
 activation_10 (Activation)  (None, 232)                  0         ['dense_6[0][0]']             
                                                                                                  
 dropout_6 (Dropout)         (None, 232)                  0         ['activation_10[0][0]']       
                                                                                                  
 dense_7 (Dense)             (None, 32)                   7456      ['dropout_6[0][0]']           
                                                                                                  
 activation_11 (Activation)  (None, 32)                   0         ['dense_7[0][0]']             
                                                                                                  
 dropout_7 (Dropout)         (None, 32)                   0         ['activation_11[0][0]']       
                                                                                                  
 dense_8 (Dense)             (None, 200)                  6600      ['dropout_7[0][0]']           
                                                                                                  
 activation_12 (Activation)  (None, 200)                  0         ['dense_8[0][0]']             
                                                                                                  
 dropout_8 (Dropout)         (None, 200)                  0         ['activation_12[0][0]']       
                                                                                                  
 dense_9 (Dense)             (None, 216)                  43416     ['dropout_8[0][0]']           
                                                                                                  
 activation_13 (Activation)  (None, 216)                  0         ['dense_9[0][0]']             
                                                                                                  
 dropout_9 (Dropout)         (None, 216)                  0         ['activation_13[0][0]']       
                                                                                                  
 dense_10 (Dense)            (None, 10)                   2170      ['dropout_9[0][0]']           
                                                                                                  
==================================================================================================
Total params: 833002 (3.18 MB)
Trainable params: 833002 (3.18 MB)
Non-trainable params: 0 (0.00 Byte)
__________________________________________________________________________________________________
Epoch 1/100
3125/3125 - 14s - loss: 2.6050 - accuracy: 0.0984 - val_loss: 2.3026 - val_accuracy: 0.1000 - 14s/epoch - 5ms/step
Epoch 2/100
3125/3125 - 13s - loss: 2.3027 - accuracy: 0.0992 - val_loss: 2.3026 - val_accuracy: 0.1000 - 13s/epoch - 4ms/step
Epoch 3/100
3125/3125 - 13s - loss: 2.3027 - accuracy: 0.0998 - val_loss: 2.3026 - val_accuracy: 0.1000 - 13s/epoch - 4ms/step
Epoch 4/100
3125/3125 - 13s - loss: 2.3027 - accuracy: 0.0974 - val_loss: 2.3026 - val_accuracy: 0.1000 - 13s/epoch - 4ms/step
Epoch 5/100
3125/3125 - 13s - loss: 2.3027 - accuracy: 0.0974 - val_loss: 2.3026 - val_accuracy: 0.1000 - 13s/epoch - 4ms/step
Epoch 6/100
3125/3125 - 13s - loss: 2.3027 - accuracy: 0.0982 - val_loss: 2.3026 - val_accuracy: 0.1000 - 13s/epoch - 4ms/step
Epoch 7/100
3125/3125 - 13s - loss: 2.3027 - accuracy: 0.0979 - val_loss: 2.3026 - val_accuracy: 0.1000 - 13s/epoch - 4ms/step
Epoch 8/100
3125/3125 - 13s - loss: 2.3027 - accuracy: 0.0980 - val_loss: 2.3026 - val_accuracy: 0.1000 - 13s/epoch - 4ms/step
Epoch 9/100
3125/3125 - 13s - loss: 2.3027 - accuracy: 0.0971 - val_loss: 2.3026 - val_accuracy: 0.1000 - 13s/epoch - 4ms/step
Epoch 10/100
3125/3125 - 13s - loss: 2.3027 - accuracy: 0.0984 - val_loss: 2.3026 - val_accuracy: 0.1000 - 13s/epoch - 4ms/step
Epoch 11/100
3125/3125 - 13s - loss: 2.3027 - accuracy: 0.0964 - val_loss: 2.3026 - val_accuracy: 0.1000 - 13s/epoch - 4ms/step
Epoch 12/100
3125/3125 - 13s - loss: 2.3027 - accuracy: 0.0969 - val_loss: 2.3026 - val_accuracy: 0.1000 - 13s/epoch - 4ms/step
Epoch 13/100
3125/3125 - 13s - loss: 2.3027 - accuracy: 0.0967 - val_loss: 2.3026 - val_accuracy: 0.1000 - 13s/epoch - 4ms/step
Epoch 14/100
3125/3125 - 13s - loss: 2.3027 - accuracy: 0.0986 - val_loss: 2.3026 - val_accuracy: 0.1000 - 13s/epoch - 4ms/step
Epoch 15/100
3125/3125 - 13s - loss: 2.3027 - accuracy: 0.0965 - val_loss: 2.3026 - val_accuracy: 0.1000 - 13s/epoch - 4ms/step
Epoch 16/100
3125/3125 - 13s - loss: 2.3027 - accuracy: 0.0990 - val_loss: 2.3026 - val_accuracy: 0.1000 - 13s/epoch - 4ms/step
Epoch 17/100
3125/3125 - 13s - loss: 2.3027 - accuracy: 0.0962 - val_loss: 2.3026 - val_accuracy: 0.1000 - 13s/epoch - 4ms/step
Epoch 18/100
3125/3125 - 13s - loss: 2.3027 - accuracy: 0.0972 - val_loss: 2.3026 - val_accuracy: 0.1000 - 13s/epoch - 4ms/step
Epoch 19/100
3125/3125 - 13s - loss: 2.3027 - accuracy: 0.0961 - val_loss: 2.3026 - val_accuracy: 0.1000 - 13s/epoch - 4ms/step
Epoch 20/100
3125/3125 - 13s - loss: 2.3027 - accuracy: 0.0982 - val_loss: 2.3026 - val_accuracy: 0.1000 - 13s/epoch - 4ms/step
Epoch 21/100
3125/3125 - 13s - loss: 2.3027 - accuracy: 0.0957 - val_loss: 2.3026 - val_accuracy: 0.1000 - 13s/epoch - 4ms/step
Epoch 22/100
3125/3125 - 13s - loss: 2.3027 - accuracy: 0.0961 - val_loss: 2.3026 - val_accuracy: 0.1000 - 13s/epoch - 4ms/step
Epoch 23/100
3125/3125 - 13s - loss: 2.3027 - accuracy: 0.0973 - val_loss: 2.3026 - val_accuracy: 0.1000 - 13s/epoch - 4ms/step
Epoch 24/100
3125/3125 - 13s - loss: 2.3027 - accuracy: 0.0970 - val_loss: 2.3026 - val_accuracy: 0.1000 - 13s/epoch - 4ms/step
Epoch 25/100
3125/3125 - 13s - loss: 2.3027 - accuracy: 0.0984 - val_loss: 2.3026 - val_accuracy: 0.1000 - 13s/epoch - 4ms/step
Epoch 26/100
3125/3125 - 13s - loss: 2.3027 - accuracy: 0.0971 - val_loss: 2.3026 - val_accuracy: 0.1000 - 13s/epoch - 4ms/step
Epoch 27/100
3125/3125 - 13s - loss: 2.3027 - accuracy: 0.0985 - val_loss: 2.3026 - val_accuracy: 0.1000 - 13s/epoch - 4ms/step
Epoch 28/100
3125/3125 - 13s - loss: 2.3027 - accuracy: 0.0992 - val_loss: 2.3026 - val_accuracy: 0.1000 - 13s/epoch - 4ms/step
Epoch 29/100
3125/3125 - 13s - loss: 2.3027 - accuracy: 0.0973 - val_loss: 2.3026 - val_accuracy: 0.1000 - 13s/epoch - 4ms/step
Epoch 30/100
3125/3125 - 13s - loss: 2.3027 - accuracy: 0.0980 - val_loss: 2.3026 - val_accuracy: 0.1000 - 13s/epoch - 4ms/step
Epoch 31/100
Restoring model weights from the end of the best epoch: 1.
3125/3125 - 13s - loss: 2.3027 - accuracy: 0.0965 - val_loss: 2.3026 - val_accuracy: 0.1000 - 13s/epoch - 4ms/step
Epoch 31: early stopping
313/313 - 1s - loss: 2.3026 - accuracy: 0.1000 - 853ms/epoch - 3ms/step

ACCURACY: 0.10000000149011612


SCORE: -0.3378902330430813

[92m | MODULE VALUES ---------------------------------------------  |
 [0m
FLOPS: 16054884
PARAMS: 833002.0
[92m 
 | -----------------------------------------------------------  |
 [0m

--- BANANAS ITERATION 87 / 1000 ---
Chosen point: {'num_neurons': 8, 'unit_c1': 2, 'unit_c2': 8, 'dr_f': 0.04901403798952562, 'learning_rate': 0.0008843600229155297, 'batch_size': 8, 'optimizer': 'Adadelta', 'activation': 'swish', 'data_augmentation': False, 'reg_l2': True, 'skip_connection': False, 'new_fc_1': 20, 'new_fc_2': 10, 'new_fc_3': 24, 'new_fc_4': 21, 'new_fc_5': 9, 'new_fc_6': 0, 'new_fc_7': 15, 'new_fc_8': 24, 'new_fc_9': 27, 'new_fc_10': 6}
[94m
|  --> START TRAINING ITERATION 19[0m
[INFO] Flags -> DA: False, L2: True, Skip: False
Building model with input_shape=(32, 32, 3), pos_input_shape=None, layer_x_block=2
Model: "model"
_________________________________________________________________
 Layer (type)                Output Shape              Param #   
=================================================================
 input_1 (InputLayer)        [(None, 32, 32, 3)]       0         
                                                                 
 conv2d (Conv2D)             (None, 32, 32, 16)        448       
                                                                 
 activation (Activation)     (None, 32, 32, 16)        0         
                                                                 
 conv2d_1 (Conv2D)           (None, 32, 32, 16)        2320      
                                                                 
 activation_1 (Activation)   (None, 32, 32, 16)        0         
                                                                 
 max_pooling2d (MaxPooling2  (None, 16, 16, 16)        0         
 D)                                                              
                                                                 
 conv2d_2 (Conv2D)           (None, 16, 16, 64)        9280      
                                                                 
 activation_2 (Activation)   (None, 16, 16, 64)        0         
                                                                 
 conv2d_3 (Conv2D)           (None, 16, 16, 64)        36928     
                                                                 
 activation_3 (Activation)   (None, 16, 16, 64)        0         
                                                                 
 max_pooling2d_1 (MaxPoolin  (None, 8, 8, 64)          0         
 g2D)                                                            
                                                                 
 flatten (Flatten)           (None, 4096)              0         
                                                                 
 dense (Dense)               (None, 160)               655520    
                                                                 
 activation_4 (Activation)   (None, 160)               0         
                                                                 
 dropout (Dropout)           (None, 160)               0         
                                                                 
 dense_1 (Dense)             (None, 80)                12880     
                                                                 
 activation_5 (Activation)   (None, 80)                0         
                                                                 
 dropout_1 (Dropout)         (None, 80)                0         
                                                                 
 dense_2 (Dense)             (None, 192)               15552     
                                                                 
 activation_6 (Activation)   (None, 192)               0         
                                                                 
 dropout_2 (Dropout)         (None, 192)               0         
                                                                 
 dense_3 (Dense)             (None, 168)               32424     
                                                                 
 activation_7 (Activation)   (None, 168)               0         
                                                                 
 dropout_3 (Dropout)         (None, 168)               0         
                                                                 
 dense_4 (Dense)             (None, 72)                12168     
                                                                 
 activation_8 (Activation)   (None, 72)                0         
                                                                 
 dropout_4 (Dropout)         (None, 72)                0         
                                                                 
 dense_5 (Dense)             (None, 120)               8760      
                                                                 
 activation_9 (Activation)   (None, 120)               0         
                                                                 
 dropout_5 (Dropout)         (None, 120)               0         
                                                                 
 dense_6 (Dense)             (None, 192)               23232     
                                                                 
 activation_10 (Activation)  (None, 192)               0         
                                                                 
 dropout_6 (Dropout)         (None, 192)               0         
                                                                 
 dense_7 (Dense)             (None, 216)               41688     
                                                                 
 activation_11 (Activation)  (None, 216)               0         
                                                                 
 dropout_7 (Dropout)         (None, 216)               0         
                                                                 
 dense_8 (Dense)             (None, 48)                10416     
                                                                 
 activation_12 (Activation)  (None, 48)                0         
                                                                 
 dropout_8 (Dropout)         (None, 48)                0         
                                                                 
 dense_9 (Dense)             (None, 10)                490       
                                                                 
=================================================================
Total params: 862106 (3.29 MB)
Trainable params: 862106 (3.29 MB)
Non-trainable params: 0 (0.00 Byte)
_________________________________________________________________
Epoch 1/100
6250/6250 - 24s - loss: 15.4843 - accuracy: 0.0980 - val_loss: 14.1640 - val_accuracy: 0.1009 - 24s/epoch - 4ms/step
Epoch 2/100
6250/6250 - 23s - loss: 12.9991 - accuracy: 0.0966 - val_loss: 11.9141 - val_accuracy: 0.1000 - 23s/epoch - 4ms/step
Epoch 3/100
6250/6250 - 23s - loss: 10.9746 - accuracy: 0.0965 - val_loss: 10.0999 - val_accuracy: 0.1000 - 23s/epoch - 4ms/step
Epoch 4/100
6250/6250 - 23s - loss: 9.3427 - accuracy: 0.0960 - val_loss: 8.6377 - val_accuracy: 0.1000 - 23s/epoch - 4ms/step
Epoch 5/100
6250/6250 - 23s - loss: 8.0270 - accuracy: 0.0964 - val_loss: 7.4582 - val_accuracy: 0.1000 - 23s/epoch - 4ms/step
Epoch 6/100
6250/6250 - 23s - loss: 6.9654 - accuracy: 0.0976 - val_loss: 6.5063 - val_accuracy: 0.1000 - 23s/epoch - 4ms/step
Epoch 7/100
6250/6250 - 23s - loss: 6.1081 - accuracy: 0.0990 - val_loss: 5.7372 - val_accuracy: 0.1000 - 23s/epoch - 4ms/step
Epoch 8/100
6250/6250 - 23s - loss: 5.4153 - accuracy: 0.0985 - val_loss: 5.1152 - val_accuracy: 0.1000 - 23s/epoch - 4ms/step
Epoch 9/100
6250/6250 - 23s - loss: 4.8546 - accuracy: 0.0980 - val_loss: 4.6117 - val_accuracy: 0.1000 - 23s/epoch - 4ms/step
Epoch 10/100
6250/6250 - 23s - loss: 4.4004 - accuracy: 0.0977 - val_loss: 4.2034 - val_accuracy: 0.1000 - 23s/epoch - 4ms/step
Epoch 11/100
6250/6250 - 23s - loss: 4.0320 - accuracy: 0.0960 - val_loss: 3.8720 - val_accuracy: 0.1000 - 23s/epoch - 4ms/step
Epoch 12/100
6250/6250 - 23s - loss: 3.7327 - accuracy: 0.0971 - val_loss: 3.6025 - val_accuracy: 0.1000 - 23s/epoch - 4ms/step
Epoch 13/100
6250/6250 - 23s - loss: 3.4891 - accuracy: 0.0986 - val_loss: 3.3831 - val_accuracy: 0.1000 - 23s/epoch - 4ms/step
Epoch 14/100
6250/6250 - 23s - loss: 3.2906 - accuracy: 0.0986 - val_loss: 3.2041 - val_accuracy: 0.1000 - 23s/epoch - 4ms/step
Epoch 15/100
6250/6250 - 22s - loss: 3.1284 - accuracy: 0.0962 - val_loss: 3.0576 - val_accuracy: 0.1000 - 22s/epoch - 4ms/step
Epoch 16/100
6250/6250 - 22s - loss: 2.9956 - accuracy: 0.0974 - val_loss: 2.9375 - val_accuracy: 0.1000 - 22s/epoch - 4ms/step
Epoch 17/100
6250/6250 - 23s - loss: 2.8866 - accuracy: 0.0992 - val_loss: 2.8389 - val_accuracy: 0.1000 - 23s/epoch - 4ms/step
Epoch 18/100
6250/6250 - 23s - loss: 2.7969 - accuracy: 0.0987 - val_loss: 2.7575 - val_accuracy: 0.1000 - 23s/epoch - 4ms/step
Epoch 19/100
6250/6250 - 23s - loss: 2.7229 - accuracy: 0.0968 - val_loss: 2.6903 - val_accuracy: 0.1000 - 23s/epoch - 4ms/step
Epoch 20/100
6250/6250 - 23s - loss: 2.6616 - accuracy: 0.0985 - val_loss: 2.6345 - val_accuracy: 0.1000 - 23s/epoch - 4ms/step
Epoch 21/100
6250/6250 - 23s - loss: 2.6106 - accuracy: 0.0991 - val_loss: 2.5881 - val_accuracy: 0.1000 - 23s/epoch - 4ms/step
Epoch 22/100
6250/6250 - 22s - loss: 2.5682 - accuracy: 0.0993 - val_loss: 2.5493 - val_accuracy: 0.1000 - 22s/epoch - 4ms/step
Epoch 23/100
6250/6250 - 23s - loss: 2.5326 - accuracy: 0.0982 - val_loss: 2.5168 - val_accuracy: 0.1000 - 23s/epoch - 4ms/step
Epoch 24/100
6250/6250 - 23s - loss: 2.5028 - accuracy: 0.0989 - val_loss: 2.4895 - val_accuracy: 0.1000 - 23s/epoch - 4ms/step
Epoch 25/100
6250/6250 - 23s - loss: 2.4776 - accuracy: 0.0984 - val_loss: 2.4663 - val_accuracy: 0.1000 - 23s/epoch - 4ms/step
Epoch 26/100
6250/6250 - 23s - loss: 2.4562 - accuracy: 0.0982 - val_loss: 2.4466 - val_accuracy: 0.1000 - 23s/epoch - 4ms/step
Epoch 27/100
6250/6250 - 23s - loss: 2.4380 - accuracy: 0.0960 - val_loss: 2.4299 - val_accuracy: 0.1000 - 23s/epoch - 4ms/step
Epoch 28/100
6250/6250 - 23s - loss: 2.4225 - accuracy: 0.0974 - val_loss: 2.4155 - val_accuracy: 0.1000 - 23s/epoch - 4ms/step
Epoch 29/100
6250/6250 - 23s - loss: 2.4091 - accuracy: 0.0970 - val_loss: 2.4031 - val_accuracy: 0.1000 - 23s/epoch - 4ms/step
Epoch 30/100
6250/6250 - 23s - loss: 2.3976 - accuracy: 0.0963 - val_loss: 2.3923 - val_accuracy: 0.1000 - 23s/epoch - 4ms/step
Epoch 31/100
Restoring model weights from the end of the best epoch: 1.
6250/6250 - 23s - loss: 2.3876 - accuracy: 0.0969 - val_loss: 2.3830 - val_accuracy: 0.1000 - 23s/epoch - 4ms/step
Epoch 31: early stopping
313/313 - 1s - loss: 14.1639 - accuracy: 0.1009 - 670ms/epoch - 2ms/step

ACCURACY: 0.10090000182390213


SCORE: -0.30852357727673146

[92m | MODULE VALUES ---------------------------------------------  |
 [0m
FLOPS: 31053212
PARAMS: 862106.0
[92m 
 | -----------------------------------------------------------  |
 [0m

--- BANANAS ITERATION 88 / 1000 ---
Chosen point: {'num_neurons': 8, 'unit_c1': 4, 'unit_c2': 1, 'dr_f': 0.17562356466258655, 'learning_rate': 0.00049462326054742, 'batch_size': 8, 'optimizer': 'Adamax', 'activation': 'selu', 'data_augmentation': False, 'reg_l2': False, 'skip_connection': True, 'new_fc_1': 32, 'new_fc_2': 7, 'new_fc_3': 4, 'new_fc_4': 2, 'new_fc_5': 22, 'new_fc_6': 32, 'new_fc_7': 25, 'new_fc_8': 19, 'new_fc_9': 30, 'new_fc_10': 12}
[94m
|  --> START TRAINING ITERATION 20[0m
[INFO] Flags -> DA: False, L2: False, Skip: True
Building model with input_shape=(32, 32, 3), pos_input_shape=None, layer_x_block=2
Model: "model"
__________________________________________________________________________________________________
 Layer (type)                Output Shape                 Param #   Connected to                  
==================================================================================================
 input_1 (InputLayer)        [(None, 32, 32, 3)]          0         []                            
                                                                                                  
 conv2d (Conv2D)             (None, 32, 32, 32)           896       ['input_1[0][0]']             
                                                                                                  
 activation (Activation)     (None, 32, 32, 32)           0         ['conv2d[0][0]']              
                                                                                                  
 conv2d_2 (Conv2D)           (None, 32, 32, 32)           128       ['input_1[0][0]']             
                                                                                                  
 conv2d_1 (Conv2D)           (None, 32, 32, 32)           9248      ['activation[0][0]']          
                                                                                                  
 add (Add)                   (None, 32, 32, 32)           0         ['conv2d_2[0][0]',            
                                                                     'conv2d_1[0][0]']            
                                                                                                  
 activation_1 (Activation)   (None, 32, 32, 32)           0         ['add[0][0]']                 
                                                                                                  
 max_pooling2d (MaxPooling2  (None, 16, 16, 32)           0         ['activation_1[0][0]']        
 D)                                                                                               
                                                                                                  
 conv2d_3 (Conv2D)           (None, 16, 16, 8)            2312      ['max_pooling2d[0][0]']       
                                                                                                  
 activation_2 (Activation)   (None, 16, 16, 8)            0         ['conv2d_3[0][0]']            
                                                                                                  
 conv2d_5 (Conv2D)           (None, 16, 16, 8)            264       ['max_pooling2d[0][0]']       
                                                                                                  
 conv2d_4 (Conv2D)           (None, 16, 16, 8)            584       ['activation_2[0][0]']        
                                                                                                  
 add_1 (Add)                 (None, 16, 16, 8)            0         ['conv2d_5[0][0]',            
                                                                     'conv2d_4[0][0]']            
                                                                                                  
 activation_3 (Activation)   (None, 16, 16, 8)            0         ['add_1[0][0]']               
                                                                                                  
 max_pooling2d_1 (MaxPoolin  (None, 8, 8, 8)              0         ['activation_3[0][0]']        
 g2D)                                                                                             
                                                                                                  
 flatten (Flatten)           (None, 512)                  0         ['max_pooling2d_1[0][0]']     
                                                                                                  
 dense (Dense)               (None, 256)                  131328    ['flatten[0][0]']             
                                                                                                  
 activation_4 (Activation)   (None, 256)                  0         ['dense[0][0]']               
                                                                                                  
 dropout (Dropout)           (None, 256)                  0         ['activation_4[0][0]']        
                                                                                                  
 dense_1 (Dense)             (None, 56)                   14392     ['dropout[0][0]']             
                                                                                                  
 activation_5 (Activation)   (None, 56)                   0         ['dense_1[0][0]']             
                                                                                                  
 dropout_1 (Dropout)         (None, 56)                   0         ['activation_5[0][0]']        
                                                                                                  
 dense_2 (Dense)             (None, 32)                   1824      ['dropout_1[0][0]']           
                                                                                                  
 activation_6 (Activation)   (None, 32)                   0         ['dense_2[0][0]']             
                                                                                                  
 dropout_2 (Dropout)         (None, 32)                   0         ['activation_6[0][0]']        
                                                                                                  
 dense_3 (Dense)             (None, 16)                   528       ['dropout_2[0][0]']           
                                                                                                  
 activation_7 (Activation)   (None, 16)                   0         ['dense_3[0][0]']             
                                                                                                  
 dropout_3 (Dropout)         (None, 16)                   0         ['activation_7[0][0]']        
                                                                                                  
 dense_4 (Dense)             (None, 176)                  2992      ['dropout_3[0][0]']           
                                                                                                  
 activation_8 (Activation)   (None, 176)                  0         ['dense_4[0][0]']             
                                                                                                  
 dropout_4 (Dropout)         (None, 176)                  0         ['activation_8[0][0]']        
                                                                                                  
 dense_5 (Dense)             (None, 256)                  45312     ['dropout_4[0][0]']           
                                                                                                  
 activation_9 (Activation)   (None, 256)                  0         ['dense_5[0][0]']             
                                                                                                  
 dropout_5 (Dropout)         (None, 256)                  0         ['activation_9[0][0]']        
                                                                                                  
 dense_6 (Dense)             (None, 200)                  51400     ['dropout_5[0][0]']           
                                                                                                  
 activation_10 (Activation)  (None, 200)                  0         ['dense_6[0][0]']             
                                                                                                  
 dropout_6 (Dropout)         (None, 200)                  0         ['activation_10[0][0]']       
                                                                                                  
 dense_7 (Dense)             (None, 152)                  30552     ['dropout_6[0][0]']           
                                                                                                  
 activation_11 (Activation)  (None, 152)                  0         ['dense_7[0][0]']             
                                                                                                  
 dropout_7 (Dropout)         (None, 152)                  0         ['activation_11[0][0]']       
                                                                                                  
 dense_8 (Dense)             (None, 240)                  36720     ['dropout_7[0][0]']           
                                                                                                  
 activation_12 (Activation)  (None, 240)                  0         ['dense_8[0][0]']             
                                                                                                  
 dropout_8 (Dropout)         (None, 240)                  0         ['activation_12[0][0]']       
                                                                                                  
 dense_9 (Dense)             (None, 96)                   23136     ['dropout_8[0][0]']           
                                                                                                  
 activation_13 (Activation)  (None, 96)                   0         ['dense_9[0][0]']             
                                                                                                  
 dropout_9 (Dropout)         (None, 96)                   0         ['activation_13[0][0]']       
                                                                                                  
 dense_10 (Dense)            (None, 10)                   970       ['dropout_9[0][0]']           
                                                                                                  
==================================================================================================
Total params: 352586 (1.35 MB)
Trainable params: 352586 (1.35 MB)
Non-trainable params: 0 (0.00 Byte)
__________________________________________________________________________________________________
Epoch 1/100
6250/6250 - 23s - loss: 2.1818 - accuracy: 0.2437 - val_loss: 1.6607 - val_accuracy: 0.4054 - 23s/epoch - 4ms/step
Epoch 2/100
6250/6250 - 22s - loss: 1.7181 - accuracy: 0.3753 - val_loss: 1.4208 - val_accuracy: 0.4891 - 22s/epoch - 4ms/step
Epoch 3/100
6250/6250 - 22s - loss: 1.5395 - accuracy: 0.4460 - val_loss: 1.2935 - val_accuracy: 0.5321 - 22s/epoch - 4ms/step
Epoch 4/100
6250/6250 - 22s - loss: 1.4360 - accuracy: 0.4921 - val_loss: 1.2505 - val_accuracy: 0.5594 - 22s/epoch - 3ms/step
Epoch 5/100
6250/6250 - 22s - loss: 1.3493 - accuracy: 0.5213 - val_loss: 1.1716 - val_accuracy: 0.5881 - 22s/epoch - 4ms/step
Epoch 6/100
6250/6250 - 22s - loss: 1.2809 - accuracy: 0.5500 - val_loss: 1.1795 - val_accuracy: 0.5944 - 22s/epoch - 4ms/step
Epoch 7/100
6250/6250 - 22s - loss: 1.2345 - accuracy: 0.5713 - val_loss: 1.1283 - val_accuracy: 0.6077 - 22s/epoch - 4ms/step
Epoch 8/100
6250/6250 - 23s - loss: 1.1940 - accuracy: 0.5877 - val_loss: 1.0939 - val_accuracy: 0.6271 - 23s/epoch - 4ms/step
Epoch 9/100
6250/6250 - 27s - loss: 1.1612 - accuracy: 0.6023 - val_loss: 1.0353 - val_accuracy: 0.6427 - 27s/epoch - 4ms/step
Epoch 10/100
6250/6250 - 29s - loss: 1.1350 - accuracy: 0.6140 - val_loss: 1.0429 - val_accuracy: 0.6488 - 29s/epoch - 5ms/step
Epoch 11/100
6250/6250 - 29s - loss: 1.1090 - accuracy: 0.6234 - val_loss: 1.0410 - val_accuracy: 0.6422 - 29s/epoch - 5ms/step
Epoch 12/100
6250/6250 - 30s - loss: 1.0851 - accuracy: 0.6319 - val_loss: 1.0016 - val_accuracy: 0.6560 - 30s/epoch - 5ms/step
Epoch 13/100
6250/6250 - 31s - loss: 1.0578 - accuracy: 0.6408 - val_loss: 1.0179 - val_accuracy: 0.6598 - 31s/epoch - 5ms/step
Epoch 14/100
6250/6250 - 26s - loss: 1.0346 - accuracy: 0.6500 - val_loss: 0.9883 - val_accuracy: 0.6687 - 26s/epoch - 4ms/step
Epoch 15/100
6250/6250 - 23s - loss: 1.0208 - accuracy: 0.6558 - val_loss: 0.9611 - val_accuracy: 0.6733 - 23s/epoch - 4ms/step
Epoch 16/100
6250/6250 - 23s - loss: 0.9970 - accuracy: 0.6656 - val_loss: 0.9770 - val_accuracy: 0.6734 - 23s/epoch - 4ms/step
Epoch 17/100
6250/6250 - 24s - loss: 0.9820 - accuracy: 0.6700 - val_loss: 0.9786 - val_accuracy: 0.6719 - 24s/epoch - 4ms/step
Epoch 18/100
6250/6250 - 22s - loss: 0.9643 - accuracy: 0.6767 - val_loss: 0.9491 - val_accuracy: 0.6832 - 22s/epoch - 4ms/step
Epoch 19/100
6250/6250 - 22s - loss: 0.9486 - accuracy: 0.6831 - val_loss: 0.9540 - val_accuracy: 0.6827 - 22s/epoch - 4ms/step
Epoch 20/100
6250/6250 - 22s - loss: 0.9274 - accuracy: 0.6917 - val_loss: 0.9231 - val_accuracy: 0.6892 - 22s/epoch - 4ms/step
Epoch 21/100
6250/6250 - 22s - loss: 0.9161 - accuracy: 0.6976 - val_loss: 0.9166 - val_accuracy: 0.6955 - 22s/epoch - 4ms/step
Epoch 22/100
6250/6250 - 22s - loss: 0.9025 - accuracy: 0.7014 - val_loss: 0.9048 - val_accuracy: 0.7007 - 22s/epoch - 4ms/step
Epoch 23/100
6250/6250 - 22s - loss: 0.8801 - accuracy: 0.7106 - val_loss: 0.9093 - val_accuracy: 0.7038 - 22s/epoch - 4ms/step
Epoch 24/100
6250/6250 - 22s - loss: 0.8643 - accuracy: 0.7129 - val_loss: 0.8945 - val_accuracy: 0.7063 - 22s/epoch - 4ms/step
Epoch 25/100
6250/6250 - 22s - loss: 0.8509 - accuracy: 0.7193 - val_loss: 0.9202 - val_accuracy: 0.7005 - 22s/epoch - 4ms/step
Epoch 26/100
6250/6250 - 22s - loss: 0.8359 - accuracy: 0.7258 - val_loss: 0.8916 - val_accuracy: 0.7065 - 22s/epoch - 4ms/step
Epoch 27/100
6250/6250 - 22s - loss: 0.8192 - accuracy: 0.7322 - val_loss: 0.8758 - val_accuracy: 0.7130 - 22s/epoch - 4ms/step
Epoch 28/100
6250/6250 - 22s - loss: 0.8092 - accuracy: 0.7331 - val_loss: 0.8816 - val_accuracy: 0.7109 - 22s/epoch - 4ms/step
Epoch 29/100
6250/6250 - 22s - loss: 0.8008 - accuracy: 0.7375 - val_loss: 0.8619 - val_accuracy: 0.7155 - 22s/epoch - 4ms/step
Epoch 30/100
6250/6250 - 22s - loss: 0.7882 - accuracy: 0.7397 - val_loss: 0.8642 - val_accuracy: 0.7158 - 22s/epoch - 4ms/step
Epoch 31/100
6250/6250 - 22s - loss: 0.7802 - accuracy: 0.7442 - val_loss: 0.8698 - val_accuracy: 0.7172 - 22s/epoch - 3ms/step
Epoch 32/100
6250/6250 - 22s - loss: 0.7647 - accuracy: 0.7515 - val_loss: 0.8730 - val_accuracy: 0.7142 - 22s/epoch - 3ms/step
Epoch 33/100
6250/6250 - 22s - loss: 0.7534 - accuracy: 0.7565 - val_loss: 0.8626 - val_accuracy: 0.7194 - 22s/epoch - 4ms/step
Epoch 34/100
6250/6250 - 22s - loss: 0.7421 - accuracy: 0.7593 - val_loss: 0.8646 - val_accuracy: 0.7232 - 22s/epoch - 4ms/step
Epoch 35/100
6250/6250 - 22s - loss: 0.7356 - accuracy: 0.7601 - val_loss: 0.8723 - val_accuracy: 0.7173 - 22s/epoch - 4ms/step
Epoch 36/100
6250/6250 - 22s - loss: 0.7205 - accuracy: 0.7668 - val_loss: 0.8809 - val_accuracy: 0.7204 - 22s/epoch - 4ms/step
Epoch 37/100
6250/6250 - 22s - loss: 0.7113 - accuracy: 0.7709 - val_loss: 0.8844 - val_accuracy: 0.7195 - 22s/epoch - 4ms/step
Epoch 38/100
6250/6250 - 22s - loss: 0.6995 - accuracy: 0.7738 - val_loss: 0.8803 - val_accuracy: 0.7236 - 22s/epoch - 4ms/step
Epoch 39/100
6250/6250 - 22s - loss: 0.6926 - accuracy: 0.7774 - val_loss: 0.8941 - val_accuracy: 0.7214 - 22s/epoch - 4ms/step
Epoch 40/100
6250/6250 - 22s - loss: 0.6853 - accuracy: 0.7796 - val_loss: 0.8578 - val_accuracy: 0.7288 - 22s/epoch - 4ms/step
Epoch 41/100
6250/6250 - 21s - loss: 0.6781 - accuracy: 0.7820 - val_loss: 0.8556 - val_accuracy: 0.7302 - 21s/epoch - 3ms/step
Epoch 42/100
6250/6250 - 22s - loss: 0.6638 - accuracy: 0.7855 - val_loss: 0.8744 - val_accuracy: 0.7260 - 22s/epoch - 4ms/step
Epoch 43/100
6250/6250 - 22s - loss: 0.6543 - accuracy: 0.7918 - val_loss: 0.8618 - val_accuracy: 0.7255 - 22s/epoch - 4ms/step
Epoch 44/100
6250/6250 - 22s - loss: 0.6517 - accuracy: 0.7920 - val_loss: 0.8890 - val_accuracy: 0.7244 - 22s/epoch - 4ms/step
Epoch 45/100
6250/6250 - 22s - loss: 0.6361 - accuracy: 0.7962 - val_loss: 0.8723 - val_accuracy: 0.7285 - 22s/epoch - 4ms/step
Epoch 46/100
6250/6250 - 22s - loss: 0.6279 - accuracy: 0.7980 - val_loss: 0.8887 - val_accuracy: 0.7288 - 22s/epoch - 4ms/step
Epoch 47/100
6250/6250 - 22s - loss: 0.6267 - accuracy: 0.8002 - val_loss: 0.8790 - val_accuracy: 0.7287 - 22s/epoch - 4ms/step
Epoch 48/100
6250/6250 - 22s - loss: 0.6217 - accuracy: 0.8022 - val_loss: 0.8675 - val_accuracy: 0.7282 - 22s/epoch - 4ms/step
Epoch 49/100
6250/6250 - 21s - loss: 0.6132 - accuracy: 0.8021 - val_loss: 0.8994 - val_accuracy: 0.7236 - 21s/epoch - 3ms/step
Epoch 50/100
6250/6250 - 22s - loss: 0.6057 - accuracy: 0.8071 - val_loss: 0.8804 - val_accuracy: 0.7300 - 22s/epoch - 4ms/step
Epoch 51/100
6250/6250 - 22s - loss: 0.5915 - accuracy: 0.8109 - val_loss: 0.8885 - val_accuracy: 0.7280 - 22s/epoch - 4ms/step
Epoch 52/100
6250/6250 - 22s - loss: 0.5948 - accuracy: 0.8119 - val_loss: 0.8657 - val_accuracy: 0.7305 - 22s/epoch - 4ms/step
Epoch 53/100
6250/6250 - 22s - loss: 0.5836 - accuracy: 0.8156 - val_loss: 0.8722 - val_accuracy: 0.7254 - 22s/epoch - 4ms/step
Epoch 54/100
6250/6250 - 22s - loss: 0.5711 - accuracy: 0.8170 - val_loss: 0.8700 - val_accuracy: 0.7283 - 22s/epoch - 4ms/step
Epoch 55/100
6250/6250 - 22s - loss: 0.5723 - accuracy: 0.8186 - val_loss: 0.8976 - val_accuracy: 0.7283 - 22s/epoch - 3ms/step
Epoch 56/100
6250/6250 - 22s - loss: 0.5655 - accuracy: 0.8206 - val_loss: 0.8897 - val_accuracy: 0.7276 - 22s/epoch - 4ms/step
Epoch 57/100
6250/6250 - 22s - loss: 0.5554 - accuracy: 0.8238 - val_loss: 0.9170 - val_accuracy: 0.7336 - 22s/epoch - 4ms/step
Epoch 58/100
6250/6250 - 22s - loss: 0.5473 - accuracy: 0.8263 - val_loss: 0.9092 - val_accuracy: 0.7323 - 22s/epoch - 4ms/step
Epoch 59/100
6250/6250 - 22s - loss: 0.5493 - accuracy: 0.8274 - val_loss: 0.9064 - val_accuracy: 0.7287 - 22s/epoch - 4ms/step
Epoch 60/100
6250/6250 - 22s - loss: 0.5404 - accuracy: 0.8298 - val_loss: 0.9069 - val_accuracy: 0.7240 - 22s/epoch - 4ms/step
Epoch 61/100
6250/6250 - 22s - loss: 0.5343 - accuracy: 0.8314 - val_loss: 0.9181 - val_accuracy: 0.7254 - 22s/epoch - 4ms/step
Epoch 62/100
6250/6250 - 22s - loss: 0.5273 - accuracy: 0.8343 - val_loss: 0.8978 - val_accuracy: 0.7318 - 22s/epoch - 4ms/step
Epoch 63/100
6250/6250 - 22s - loss: 0.5234 - accuracy: 0.8355 - val_loss: 0.9101 - val_accuracy: 0.7327 - 22s/epoch - 4ms/step
Epoch 64/100
6250/6250 - 22s - loss: 0.5200 - accuracy: 0.8361 - val_loss: 0.9172 - val_accuracy: 0.7288 - 22s/epoch - 4ms/step
Epoch 65/100
6250/6250 - 22s - loss: 0.5190 - accuracy: 0.8365 - val_loss: 0.8948 - val_accuracy: 0.7318 - 22s/epoch - 4ms/step
Epoch 66/100
6250/6250 - 22s - loss: 0.5085 - accuracy: 0.8396 - val_loss: 0.9139 - val_accuracy: 0.7309 - 22s/epoch - 4ms/step
Epoch 67/100
6250/6250 - 22s - loss: 0.4995 - accuracy: 0.8425 - val_loss: 0.9192 - val_accuracy: 0.7317 - 22s/epoch - 4ms/step
Epoch 68/100
6250/6250 - 22s - loss: 0.5006 - accuracy: 0.8436 - val_loss: 0.9315 - val_accuracy: 0.7323 - 22s/epoch - 4ms/step
Epoch 69/100
6250/6250 - 22s - loss: 0.4935 - accuracy: 0.8449 - val_loss: 0.9264 - val_accuracy: 0.7321 - 22s/epoch - 4ms/step
Epoch 70/100
6250/6250 - 22s - loss: 0.4912 - accuracy: 0.8471 - val_loss: 0.9082 - val_accuracy: 0.7353 - 22s/epoch - 4ms/step
Epoch 71/100
6250/6250 - 22s - loss: 0.4849 - accuracy: 0.8491 - val_loss: 0.9310 - val_accuracy: 0.7336 - 22s/epoch - 4ms/step
Epoch 72/100
6250/6250 - 22s - loss: 0.4798 - accuracy: 0.8496 - val_loss: 0.9440 - val_accuracy: 0.7316 - 22s/epoch - 4ms/step
Epoch 73/100
6250/6250 - 22s - loss: 0.4759 - accuracy: 0.8519 - val_loss: 0.9303 - val_accuracy: 0.7282 - 22s/epoch - 4ms/step
Epoch 74/100
6250/6250 - 22s - loss: 0.4721 - accuracy: 0.8549 - val_loss: 0.9253 - val_accuracy: 0.7282 - 22s/epoch - 4ms/step
Epoch 75/100
6250/6250 - 22s - loss: 0.4668 - accuracy: 0.8562 - val_loss: 0.9436 - val_accuracy: 0.7304 - 22s/epoch - 4ms/step
Epoch 76/100
6250/6250 - 22s - loss: 0.4626 - accuracy: 0.8578 - val_loss: 0.9475 - val_accuracy: 0.7312 - 22s/epoch - 4ms/step
Epoch 77/100
6250/6250 - 22s - loss: 0.4600 - accuracy: 0.8560 - val_loss: 0.9481 - val_accuracy: 0.7320 - 22s/epoch - 4ms/step
Epoch 78/100
6250/6250 - 22s - loss: 0.4611 - accuracy: 0.8582 - val_loss: 0.9428 - val_accuracy: 0.7365 - 22s/epoch - 4ms/step
Epoch 79/100
6250/6250 - 22s - loss: 0.4553 - accuracy: 0.8583 - val_loss: 0.9258 - val_accuracy: 0.7361 - 22s/epoch - 4ms/step
Epoch 80/100
6250/6250 - 22s - loss: 0.4498 - accuracy: 0.8612 - val_loss: 0.9495 - val_accuracy: 0.7337 - 22s/epoch - 4ms/step
Epoch 81/100
6250/6250 - 22s - loss: 0.4466 - accuracy: 0.8628 - val_loss: 0.9325 - val_accuracy: 0.7312 - 22s/epoch - 4ms/step
Epoch 82/100
6250/6250 - 22s - loss: 0.4426 - accuracy: 0.8623 - val_loss: 0.9590 - val_accuracy: 0.7305 - 22s/epoch - 4ms/step
Epoch 83/100
6250/6250 - 22s - loss: 0.4396 - accuracy: 0.8636 - val_loss: 0.9793 - val_accuracy: 0.7298 - 22s/epoch - 4ms/step
Epoch 84/100
6250/6250 - 22s - loss: 0.4311 - accuracy: 0.8670 - val_loss: 0.9832 - val_accuracy: 0.7296 - 22s/epoch - 4ms/step
Epoch 85/100
6250/6250 - 22s - loss: 0.4283 - accuracy: 0.8670 - val_loss: 1.0030 - val_accuracy: 0.7309 - 22s/epoch - 4ms/step
Epoch 86/100
6250/6250 - 22s - loss: 0.4253 - accuracy: 0.8688 - val_loss: 0.9824 - val_accuracy: 0.7346 - 22s/epoch - 4ms/step
Epoch 87/100
6250/6250 - 22s - loss: 0.4227 - accuracy: 0.8702 - val_loss: 0.9699 - val_accuracy: 0.7266 - 22s/epoch - 4ms/step
Epoch 88/100
6250/6250 - 22s - loss: 0.4208 - accuracy: 0.8709 - val_loss: 0.9521 - val_accuracy: 0.7318 - 22s/epoch - 4ms/step
Epoch 89/100
6250/6250 - 22s - loss: 0.4144 - accuracy: 0.8738 - val_loss: 0.9889 - val_accuracy: 0.7354 - 22s/epoch - 4ms/step
Epoch 90/100
6250/6250 - 22s - loss: 0.4099 - accuracy: 0.8716 - val_loss: 1.0081 - val_accuracy: 0.7302 - 22s/epoch - 4ms/step
Epoch 91/100
6250/6250 - 22s - loss: 0.4111 - accuracy: 0.8744 - val_loss: 0.9787 - val_accuracy: 0.7344 - 22s/epoch - 4ms/step
Epoch 92/100
6250/6250 - 22s - loss: 0.4050 - accuracy: 0.8753 - val_loss: 0.9838 - val_accuracy: 0.7326 - 22s/epoch - 4ms/step
Epoch 93/100
6250/6250 - 22s - loss: 0.4011 - accuracy: 0.8766 - val_loss: 0.9956 - val_accuracy: 0.7357 - 22s/epoch - 4ms/step
Epoch 94/100
6250/6250 - 22s - loss: 0.3983 - accuracy: 0.8776 - val_loss: 0.9768 - val_accuracy: 0.7332 - 22s/epoch - 4ms/step
Epoch 95/100
6250/6250 - 22s - loss: 0.3945 - accuracy: 0.8798 - val_loss: 1.0126 - val_accuracy: 0.7272 - 22s/epoch - 4ms/step
Epoch 96/100
6250/6250 - 22s - loss: 0.3934 - accuracy: 0.8786 - val_loss: 1.0151 - val_accuracy: 0.7310 - 22s/epoch - 4ms/step
Epoch 97/100
6250/6250 - 22s - loss: 0.3808 - accuracy: 0.8833 - val_loss: 1.0465 - val_accuracy: 0.7265 - 22s/epoch - 4ms/step
Epoch 98/100
6250/6250 - 22s - loss: 0.3859 - accuracy: 0.8821 - val_loss: 1.0377 - val_accuracy: 0.7325 - 22s/epoch - 4ms/step
Epoch 99/100
6250/6250 - 22s - loss: 0.3837 - accuracy: 0.8825 - val_loss: 1.0621 - val_accuracy: 0.7305 - 22s/epoch - 4ms/step
Epoch 100/100
Restoring model weights from the end of the best epoch: 70.
6250/6250 - 22s - loss: 0.3834 - accuracy: 0.8833 - val_loss: 1.0040 - val_accuracy: 0.7315 - 22s/epoch - 4ms/step
Epoch 100: early stopping
313/313 - 1s - loss: 0.9082 - accuracy: 0.7353 - 1s/epoch - 3ms/step

ACCURACY: 0.7353000044822693


SCORE: -0.7681159471375885

[92m | MODULE VALUES ---------------------------------------------  |
 [0m
FLOPS: 23297028
PARAMS: 352586.0
[92m 
 | -----------------------------------------------------------  |
 [0m
[INFO] New Best Score: -0.7681 (Previous: -0.7075)

--- BANANAS ITERATION 89 / 1000 ---
Chosen point: {'num_neurons': 8, 'unit_c1': 1, 'unit_c2': 2, 'dr_f': 0.4541498086425342, 'learning_rate': 0.00021380908528835556, 'batch_size': 64, 'optimizer': 'Adadelta', 'activation': 'selu', 'data_augmentation': False, 'reg_l2': False, 'skip_connection': True, 'new_fc_1': 28, 'new_fc_2': 0, 'new_fc_3': 21, 'new_fc_4': 14, 'new_fc_5': 11, 'new_fc_6': 3, 'new_fc_7': 31, 'new_fc_8': 19, 'new_fc_9': 1, 'new_fc_10': 7}
[94m
|  --> START TRAINING ITERATION 21[0m
[INFO] Flags -> DA: False, L2: False, Skip: True
Building model with input_shape=(32, 32, 3), pos_input_shape=None, layer_x_block=2
Model: "model"
__________________________________________________________________________________________________
 Layer (type)                Output Shape                 Param #   Connected to                  
==================================================================================================
 input_1 (InputLayer)        [(None, 32, 32, 3)]          0         []                            
                                                                                                  
 conv2d (Conv2D)             (None, 32, 32, 8)            224       ['input_1[0][0]']             
                                                                                                  
 activation (Activation)     (None, 32, 32, 8)            0         ['conv2d[0][0]']              
                                                                                                  
 conv2d_2 (Conv2D)           (None, 32, 32, 8)            32        ['input_1[0][0]']             
                                                                                                  
 conv2d_1 (Conv2D)           (None, 32, 32, 8)            584       ['activation[0][0]']          
                                                                                                  
 add (Add)                   (None, 32, 32, 8)            0         ['conv2d_2[0][0]',            
                                                                     'conv2d_1[0][0]']            
                                                                                                  
 activation_1 (Activation)   (None, 32, 32, 8)            0         ['add[0][0]']                 
                                                                                                  
 max_pooling2d (MaxPooling2  (None, 16, 16, 8)            0         ['activation_1[0][0]']        
 D)                                                                                               
                                                                                                  
 conv2d_3 (Conv2D)           (None, 16, 16, 16)           1168      ['max_pooling2d[0][0]']       
                                                                                                  
 activation_2 (Activation)   (None, 16, 16, 16)           0         ['conv2d_3[0][0]']            
                                                                                                  
 conv2d_5 (Conv2D)           (None, 16, 16, 16)           144       ['max_pooling2d[0][0]']       
                                                                                                  
 conv2d_4 (Conv2D)           (None, 16, 16, 16)           2320      ['activation_2[0][0]']        
                                                                                                  
 add_1 (Add)                 (None, 16, 16, 16)           0         ['conv2d_5[0][0]',            
                                                                     'conv2d_4[0][0]']            
                                                                                                  
 activation_3 (Activation)   (None, 16, 16, 16)           0         ['add_1[0][0]']               
                                                                                                  
 max_pooling2d_1 (MaxPoolin  (None, 8, 8, 16)             0         ['activation_3[0][0]']        
 g2D)                                                                                             
                                                                                                  
 flatten (Flatten)           (None, 1024)                 0         ['max_pooling2d_1[0][0]']     
                                                                                                  
 dense (Dense)               (None, 224)                  229600    ['flatten[0][0]']             
                                                                                                  
 activation_4 (Activation)   (None, 224)                  0         ['dense[0][0]']               
                                                                                                  
 dropout (Dropout)           (None, 224)                  0         ['activation_4[0][0]']        
                                                                                                  
 dense_1 (Dense)             (None, 168)                  37800     ['dropout[0][0]']             
                                                                                                  
 activation_5 (Activation)   (None, 168)                  0         ['dense_1[0][0]']             
                                                                                                  
 dropout_1 (Dropout)         (None, 168)                  0         ['activation_5[0][0]']        
                                                                                                  
 dense_2 (Dense)             (None, 112)                  18928     ['dropout_1[0][0]']           
                                                                                                  
 activation_6 (Activation)   (None, 112)                  0         ['dense_2[0][0]']             
                                                                                                  
 dropout_2 (Dropout)         (None, 112)                  0         ['activation_6[0][0]']        
                                                                                                  
 dense_3 (Dense)             (None, 88)                   9944      ['dropout_2[0][0]']           
                                                                                                  
 activation_7 (Activation)   (None, 88)                   0         ['dense_3[0][0]']             
                                                                                                  
 dropout_3 (Dropout)         (None, 88)                   0         ['activation_7[0][0]']        
                                                                                                  
 dense_4 (Dense)             (None, 24)                   2136      ['dropout_3[0][0]']           
                                                                                                  
 activation_8 (Activation)   (None, 24)                   0         ['dense_4[0][0]']             
                                                                                                  
 dropout_4 (Dropout)         (None, 24)                   0         ['activation_8[0][0]']        
                                                                                                  
 dense_5 (Dense)             (None, 248)                  6200      ['dropout_4[0][0]']           
                                                                                                  
 activation_9 (Activation)   (None, 248)                  0         ['dense_5[0][0]']             
                                                                                                  
 dropout_5 (Dropout)         (None, 248)                  0         ['activation_9[0][0]']        
                                                                                                  
 dense_6 (Dense)             (None, 152)                  37848     ['dropout_5[0][0]']           
                                                                                                  
 activation_10 (Activation)  (None, 152)                  0         ['dense_6[0][0]']             
                                                                                                  
 dropout_6 (Dropout)         (None, 152)                  0         ['activation_10[0][0]']       
                                                                                                  
 dense_7 (Dense)             (None, 8)                    1224      ['dropout_6[0][0]']           
                                                                                                  
 activation_11 (Activation)  (None, 8)                    0         ['dense_7[0][0]']             
                                                                                                  
 dropout_7 (Dropout)         (None, 8)                    0         ['activation_11[0][0]']       
                                                                                                  
 dense_8 (Dense)             (None, 56)                   504       ['dropout_7[0][0]']           
                                                                                                  
 activation_12 (Activation)  (None, 56)                   0         ['dense_8[0][0]']             
                                                                                                  
 dropout_8 (Dropout)         (None, 56)                   0         ['activation_12[0][0]']       
                                                                                                  
 dense_9 (Dense)             (None, 10)                   570       ['dropout_8[0][0]']           
                                                                                                  
==================================================================================================
Total params: 349226 (1.33 MB)
Trainable params: 349226 (1.33 MB)
Non-trainable params: 0 (0.00 Byte)
__________________________________________________________________________________________________
Epoch 1/100
782/782 - 5s - loss: 4.6847 - accuracy: 0.1001 - val_loss: 2.7304 - val_accuracy: 0.1028 - 5s/epoch - 7ms/step
Epoch 2/100
782/782 - 3s - loss: 4.6304 - accuracy: 0.1021 - val_loss: 2.6955 - val_accuracy: 0.1042 - 3s/epoch - 4ms/step
Epoch 3/100
782/782 - 3s - loss: 4.5996 - accuracy: 0.1013 - val_loss: 2.6676 - val_accuracy: 0.1060 - 3s/epoch - 4ms/step
Epoch 4/100
782/782 - 3s - loss: 4.5654 - accuracy: 0.0990 - val_loss: 2.6430 - val_accuracy: 0.1082 - 3s/epoch - 4ms/step
Epoch 5/100
782/782 - 3s - loss: 4.5313 - accuracy: 0.0993 - val_loss: 2.6161 - val_accuracy: 0.1094 - 3s/epoch - 4ms/step
Epoch 6/100
782/782 - 3s - loss: 4.4707 - accuracy: 0.1021 - val_loss: 2.5977 - val_accuracy: 0.1109 - 3s/epoch - 4ms/step
Epoch 7/100
782/782 - 3s - loss: 4.4845 - accuracy: 0.1001 - val_loss: 2.5830 - val_accuracy: 0.1123 - 3s/epoch - 4ms/step
Epoch 8/100
782/782 - 3s - loss: 4.4320 - accuracy: 0.0996 - val_loss: 2.5684 - val_accuracy: 0.1114 - 3s/epoch - 4ms/step
Epoch 9/100
782/782 - 3s - loss: 4.4103 - accuracy: 0.0967 - val_loss: 2.5567 - val_accuracy: 0.1080 - 3s/epoch - 4ms/step
Epoch 10/100
782/782 - 3s - loss: 4.4017 - accuracy: 0.0977 - val_loss: 2.5495 - val_accuracy: 0.1072 - 3s/epoch - 4ms/step
Epoch 11/100
782/782 - 3s - loss: 4.3620 - accuracy: 0.1006 - val_loss: 2.5414 - val_accuracy: 0.1026 - 3s/epoch - 4ms/step
Epoch 12/100
782/782 - 3s - loss: 4.3248 - accuracy: 0.0982 - val_loss: 2.5342 - val_accuracy: 0.1002 - 3s/epoch - 4ms/step
Epoch 13/100
782/782 - 3s - loss: 4.2919 - accuracy: 0.1013 - val_loss: 2.5290 - val_accuracy: 0.0990 - 3s/epoch - 4ms/step
Epoch 14/100
782/782 - 3s - loss: 4.2905 - accuracy: 0.1002 - val_loss: 2.5237 - val_accuracy: 0.0987 - 3s/epoch - 4ms/step
Epoch 15/100
782/782 - 3s - loss: 4.2793 - accuracy: 0.1002 - val_loss: 2.5206 - val_accuracy: 0.0981 - 3s/epoch - 4ms/step
Epoch 16/100
782/782 - 3s - loss: 4.2588 - accuracy: 0.1006 - val_loss: 2.5173 - val_accuracy: 0.0977 - 3s/epoch - 4ms/step
Epoch 17/100
782/782 - 3s - loss: 4.2361 - accuracy: 0.0986 - val_loss: 2.5146 - val_accuracy: 0.0971 - 3s/epoch - 4ms/step
Epoch 18/100
782/782 - 3s - loss: 4.2170 - accuracy: 0.0976 - val_loss: 2.5119 - val_accuracy: 0.0969 - 3s/epoch - 4ms/step
Epoch 19/100
782/782 - 3s - loss: 4.1847 - accuracy: 0.1003 - val_loss: 2.5098 - val_accuracy: 0.0962 - 3s/epoch - 4ms/step
Epoch 20/100
782/782 - 3s - loss: 4.1617 - accuracy: 0.1020 - val_loss: 2.5094 - val_accuracy: 0.0952 - 3s/epoch - 4ms/step
Epoch 21/100
782/782 - 3s - loss: 4.1323 - accuracy: 0.1010 - val_loss: 2.5089 - val_accuracy: 0.0942 - 3s/epoch - 4ms/step
Epoch 22/100
782/782 - 3s - loss: 4.1234 - accuracy: 0.1009 - val_loss: 2.5084 - val_accuracy: 0.0942 - 3s/epoch - 4ms/step
Epoch 23/100
782/782 - 3s - loss: 4.1138 - accuracy: 0.1001 - val_loss: 2.5087 - val_accuracy: 0.0938 - 3s/epoch - 4ms/step
Epoch 24/100
782/782 - 3s - loss: 4.0925 - accuracy: 0.1011 - val_loss: 2.5088 - val_accuracy: 0.0936 - 3s/epoch - 4ms/step
Epoch 25/100
782/782 - 3s - loss: 4.0871 - accuracy: 0.1009 - val_loss: 2.5094 - val_accuracy: 0.0938 - 3s/epoch - 4ms/step
Epoch 26/100
782/782 - 3s - loss: 4.0566 - accuracy: 0.1013 - val_loss: 2.5103 - val_accuracy: 0.0939 - 3s/epoch - 4ms/step
Epoch 27/100
782/782 - 3s - loss: 4.0656 - accuracy: 0.0979 - val_loss: 2.5109 - val_accuracy: 0.0940 - 3s/epoch - 4ms/step
Epoch 28/100
782/782 - 3s - loss: 4.0489 - accuracy: 0.1017 - val_loss: 2.5122 - val_accuracy: 0.0938 - 3s/epoch - 4ms/step
Epoch 29/100
782/782 - 3s - loss: 4.0288 - accuracy: 0.1005 - val_loss: 2.5133 - val_accuracy: 0.0941 - 3s/epoch - 4ms/step
Epoch 30/100
782/782 - 3s - loss: 4.0308 - accuracy: 0.0983 - val_loss: 2.5146 - val_accuracy: 0.0931 - 3s/epoch - 4ms/step
Epoch 31/100
782/782 - 3s - loss: 3.9952 - accuracy: 0.0996 - val_loss: 2.5161 - val_accuracy: 0.0932 - 3s/epoch - 4ms/step
Epoch 32/100
782/782 - 3s - loss: 3.9819 - accuracy: 0.1028 - val_loss: 2.5178 - val_accuracy: 0.0927 - 3s/epoch - 4ms/step
Epoch 33/100
782/782 - 3s - loss: 3.9887 - accuracy: 0.1010 - val_loss: 2.5194 - val_accuracy: 0.0922 - 3s/epoch - 4ms/step
Epoch 34/100
Restoring model weights from the end of the best epoch: 4.
782/782 - 3s - loss: 3.9842 - accuracy: 0.0992 - val_loss: 2.5214 - val_accuracy: 0.0922 - 3s/epoch - 4ms/step
Epoch 34: early stopping
313/313 - 0s - loss: 2.6430 - accuracy: 0.1082 - 443ms/epoch - 1ms/step

ACCURACY: 0.10819999873638153


SCORE: -0.3672278311154671

[92m | MODULE VALUES ---------------------------------------------  |
 [0m
FLOPS: 4256084
PARAMS: 349226.0
[92m 
 | -----------------------------------------------------------  |
 [0m

--- BANANAS ITERATION 90 / 1000 ---
Chosen point: {'num_neurons': 8, 'unit_c1': 3, 'unit_c2': 2, 'dr_f': 0.4249406809700075, 'learning_rate': 0.00041062857786484453, 'batch_size': 64, 'optimizer': 'SGD', 'activation': 'swish', 'data_augmentation': True, 'reg_l2': True, 'skip_connection': True, 'new_fc_1': 18, 'new_fc_2': 25, 'new_fc_3': 9, 'new_fc_4': 26, 'new_fc_5': 10, 'new_fc_6': 15, 'new_fc_7': 2, 'new_fc_8': 6, 'new_fc_9': 20, 'new_fc_10': 12}
[94m
|  --> START TRAINING ITERATION 22[0m
[INFO] Flags -> DA: True, L2: True, Skip: True
Building model with input_shape=(32, 32, 3), pos_input_shape=None, layer_x_block=2
Model: "model"
__________________________________________________________________________________________________
 Layer (type)                Output Shape                 Param #   Connected to                  
==================================================================================================
 input_2 (InputLayer)        [(None, 32, 32, 3)]          0         []                            
                                                                                                  
 conv2d (Conv2D)             (None, 32, 32, 24)           672       ['input_2[0][0]']             
                                                                                                  
 activation (Activation)     (None, 32, 32, 24)           0         ['conv2d[1][0]']              
                                                                                                  
 conv2d_2 (Conv2D)           (None, 32, 32, 24)           96        ['input_2[0][0]']             
                                                                                                  
 conv2d_1 (Conv2D)           (None, 32, 32, 24)           5208      ['activation[1][0]']          
                                                                                                  
 add (Add)                   (None, 32, 32, 24)           0         ['conv2d_2[1][0]',            
                                                                     'conv2d_1[1][0]']            
                                                                                                  
 activation_1 (Activation)   (None, 32, 32, 24)           0         ['add[1][0]']                 
                                                                                                  
 max_pooling2d (MaxPooling2  (None, 16, 16, 24)           0         ['activation_1[1][0]']        
 D)                                                                                               
                                                                                                  
 conv2d_3 (Conv2D)           (None, 16, 16, 16)           3472      ['max_pooling2d[1][0]']       
                                                                                                  
 activation_2 (Activation)   (None, 16, 16, 16)           0         ['conv2d_3[1][0]']            
                                                                                                  
 conv2d_5 (Conv2D)           (None, 16, 16, 16)           400       ['max_pooling2d[1][0]']       
                                                                                                  
 conv2d_4 (Conv2D)           (None, 16, 16, 16)           2320      ['activation_2[1][0]']        
                                                                                                  
 add_1 (Add)                 (None, 16, 16, 16)           0         ['conv2d_5[1][0]',            
                                                                     'conv2d_4[1][0]']            
                                                                                                  
 activation_3 (Activation)   (None, 16, 16, 16)           0         ['add_1[1][0]']               
                                                                                                  
 max_pooling2d_1 (MaxPoolin  (None, 8, 8, 16)             0         ['activation_3[1][0]']        
 g2D)                                                                                             
                                                                                                  
 flatten (Flatten)           (None, 1024)                 0         ['max_pooling2d_1[1][0]']     
                                                                                                  
 dense (Dense)               (None, 144)                  147600    ['flatten[1][0]']             
                                                                                                  
 activation_4 (Activation)   (None, 144)                  0         ['dense[1][0]']               
                                                                                                  
 dropout (Dropout)           (None, 144)                  0         ['activation_4[1][0]']        
                                                                                                  
 dense_1 (Dense)             (None, 200)                  29000     ['dropout[1][0]']             
                                                                                                  
 activation_5 (Activation)   (None, 200)                  0         ['dense_1[1][0]']             
                                                                                                  
 dropout_1 (Dropout)         (None, 200)                  0         ['activation_5[1][0]']        
                                                                                                  
 dense_2 (Dense)             (None, 72)                   14472     ['dropout_1[1][0]']           
                                                                                                  
 activation_6 (Activation)   (None, 72)                   0         ['dense_2[1][0]']             
                                                                                                  
 dropout_2 (Dropout)         (None, 72)                   0         ['activation_6[1][0]']        
                                                                                                  
 dense_3 (Dense)             (None, 208)                  15184     ['dropout_2[1][0]']           
                                                                                                  
 activation_7 (Activation)   (None, 208)                  0         ['dense_3[1][0]']             
                                                                                                  
 dropout_3 (Dropout)         (None, 208)                  0         ['activation_7[1][0]']        
                                                                                                  
 dense_4 (Dense)             (None, 80)                   16720     ['dropout_3[1][0]']           
                                                                                                  
 activation_8 (Activation)   (None, 80)                   0         ['dense_4[1][0]']             
                                                                                                  
 dropout_4 (Dropout)         (None, 80)                   0         ['activation_8[1][0]']        
                                                                                                  
 dense_5 (Dense)             (None, 120)                  9720      ['dropout_4[1][0]']           
                                                                                                  
 activation_9 (Activation)   (None, 120)                  0         ['dense_5[1][0]']             
                                                                                                  
 dropout_5 (Dropout)         (None, 120)                  0         ['activation_9[1][0]']        
                                                                                                  
 dense_6 (Dense)             (None, 16)                   1936      ['dropout_5[1][0]']           
                                                                                                  
 activation_10 (Activation)  (None, 16)                   0         ['dense_6[1][0]']             
                                                                                                  
 dropout_6 (Dropout)         (None, 16)                   0         ['activation_10[1][0]']       
                                                                                                  
 dense_7 (Dense)             (None, 48)                   816       ['dropout_6[1][0]']           
                                                                                                  
 activation_11 (Activation)  (None, 48)                   0         ['dense_7[1][0]']             
                                                                                                  
 dropout_7 (Dropout)         (None, 48)                   0         ['activation_11[1][0]']       
                                                                                                  
 dense_8 (Dense)             (None, 160)                  7840      ['dropout_7[1][0]']           
                                                                                                  
 activation_12 (Activation)  (None, 160)                  0         ['dense_8[1][0]']             
                                                                                                  
 dropout_8 (Dropout)         (None, 160)                  0         ['activation_12[1][0]']       
                                                                                                  
 dense_9 (Dense)             (None, 96)                   15456     ['dropout_8[1][0]']           
                                                                                                  
 activation_13 (Activation)  (None, 96)                   0         ['dense_9[1][0]']             
                                                                                                  
 dropout_9 (Dropout)         (None, 96)                   0         ['activation_13[1][0]']       
                                                                                                  
 dense_10 (Dense)            (None, 10)                   970       ['dropout_9[1][0]']           
                                                                                                  
==================================================================================================
Total params: 271882 (1.04 MB)
Trainable params: 271882 (1.04 MB)
Non-trainable params: 0 (0.00 Byte)
__________________________________________________________________________________________________
Epoch 1/100
782/782 - 9s - loss: 13.9011 - accuracy: 0.0980 - val_loss: 13.8293 - val_accuracy: 0.0708 - 9s/epoch - 11ms/step
Epoch 2/100
782/782 - 4s - loss: 13.7584 - accuracy: 0.1005 - val_loss: 13.6874 - val_accuracy: 0.1000 - 4s/epoch - 6ms/step
Epoch 3/100
782/782 - 4s - loss: 13.6174 - accuracy: 0.0994 - val_loss: 13.5474 - val_accuracy: 0.1000 - 4s/epoch - 6ms/step
Epoch 4/100
782/782 - 4s - loss: 13.4783 - accuracy: 0.0987 - val_loss: 13.4091 - val_accuracy: 0.1013 - 4s/epoch - 6ms/step
Epoch 5/100
782/782 - 4s - loss: 13.3408 - accuracy: 0.1008 - val_loss: 13.2726 - val_accuracy: 0.0999 - 4s/epoch - 6ms/step
Epoch 6/100
782/782 - 4s - loss: 13.2052 - accuracy: 0.0987 - val_loss: 13.1377 - val_accuracy: 0.1001 - 4s/epoch - 6ms/step
Epoch 7/100
782/782 - 4s - loss: 13.0712 - accuracy: 0.1002 - val_loss: 13.0046 - val_accuracy: 0.1000 - 4s/epoch - 6ms/step
Epoch 8/100
782/782 - 4s - loss: 12.9389 - accuracy: 0.1018 - val_loss: 12.8732 - val_accuracy: 0.1000 - 4s/epoch - 6ms/step
Epoch 9/100
782/782 - 4s - loss: 12.8083 - accuracy: 0.0971 - val_loss: 12.7434 - val_accuracy: 0.1073 - 4s/epoch - 6ms/step
Epoch 10/100
782/782 - 4s - loss: 12.6794 - accuracy: 0.1017 - val_loss: 12.6153 - val_accuracy: 0.1043 - 4s/epoch - 6ms/step
Epoch 11/100
782/782 - 4s - loss: 12.5520 - accuracy: 0.1005 - val_loss: 12.4888 - val_accuracy: 0.1042 - 4s/epoch - 6ms/step
Epoch 12/100
782/782 - 4s - loss: 12.4263 - accuracy: 0.0993 - val_loss: 12.3638 - val_accuracy: 0.1000 - 4s/epoch - 6ms/step
Epoch 13/100
782/782 - 4s - loss: 12.3022 - accuracy: 0.0988 - val_loss: 12.2405 - val_accuracy: 0.1000 - 4s/epoch - 6ms/step
Epoch 14/100
782/782 - 4s - loss: 12.1796 - accuracy: 0.1001 - val_loss: 12.1187 - val_accuracy: 0.1000 - 4s/epoch - 6ms/step
Epoch 15/100
782/782 - 4s - loss: 12.0586 - accuracy: 0.0998 - val_loss: 11.9984 - val_accuracy: 0.1000 - 4s/epoch - 6ms/step
Epoch 16/100
782/782 - 4s - loss: 11.9391 - accuracy: 0.1023 - val_loss: 11.8797 - val_accuracy: 0.1000 - 4s/epoch - 6ms/step
Epoch 17/100
782/782 - 4s - loss: 11.8211 - accuracy: 0.0999 - val_loss: 11.7625 - val_accuracy: 0.1000 - 4s/epoch - 6ms/step
Epoch 18/100
782/782 - 4s - loss: 11.7046 - accuracy: 0.0974 - val_loss: 11.6467 - val_accuracy: 0.1000 - 4s/epoch - 6ms/step
Epoch 19/100
782/782 - 4s - loss: 11.5896 - accuracy: 0.1032 - val_loss: 11.5324 - val_accuracy: 0.1000 - 4s/epoch - 6ms/step
Epoch 20/100
782/782 - 4s - loss: 11.4760 - accuracy: 0.1003 - val_loss: 11.4196 - val_accuracy: 0.1000 - 4s/epoch - 6ms/step
Epoch 21/100
782/782 - 4s - loss: 11.3639 - accuracy: 0.0999 - val_loss: 11.3081 - val_accuracy: 0.1000 - 4s/epoch - 6ms/step
Epoch 22/100
782/782 - 4s - loss: 11.2531 - accuracy: 0.1005 - val_loss: 11.1981 - val_accuracy: 0.1000 - 4s/epoch - 6ms/step
Epoch 23/100
782/782 - 4s - loss: 11.1438 - accuracy: 0.0982 - val_loss: 11.0895 - val_accuracy: 0.1000 - 4s/epoch - 6ms/step
Epoch 24/100
782/782 - 4s - loss: 11.0358 - accuracy: 0.0992 - val_loss: 10.9822 - val_accuracy: 0.1000 - 4s/epoch - 6ms/step
Epoch 25/100
782/782 - 4s - loss: 10.9293 - accuracy: 0.0986 - val_loss: 10.8763 - val_accuracy: 0.1000 - 4s/epoch - 6ms/step
Epoch 26/100
782/782 - 4s - loss: 10.8240 - accuracy: 0.1005 - val_loss: 10.7717 - val_accuracy: 0.1000 - 4s/epoch - 6ms/step
Epoch 27/100
782/782 - 4s - loss: 10.7201 - accuracy: 0.0968 - val_loss: 10.6684 - val_accuracy: 0.1000 - 4s/epoch - 6ms/step
Epoch 28/100
782/782 - 4s - loss: 10.6175 - accuracy: 0.1009 - val_loss: 10.5665 - val_accuracy: 0.1000 - 4s/epoch - 6ms/step
Epoch 29/100
782/782 - 4s - loss: 10.5161 - accuracy: 0.0985 - val_loss: 10.4658 - val_accuracy: 0.1000 - 4s/epoch - 6ms/step
Epoch 30/100
782/782 - 4s - loss: 10.4161 - accuracy: 0.0970 - val_loss: 10.3664 - val_accuracy: 0.0999 - 4s/epoch - 6ms/step
Epoch 31/100
782/782 - 4s - loss: 10.3173 - accuracy: 0.0995 - val_loss: 10.2682 - val_accuracy: 0.1000 - 4s/epoch - 6ms/step
Epoch 32/100
782/782 - 4s - loss: 10.2198 - accuracy: 0.0988 - val_loss: 10.1713 - val_accuracy: 0.1000 - 4s/epoch - 6ms/step
Epoch 33/100
782/782 - 4s - loss: 10.1235 - accuracy: 0.0966 - val_loss: 10.0756 - val_accuracy: 0.0977 - 4s/epoch - 6ms/step
Epoch 34/100
782/782 - 4s - loss: 10.0283 - accuracy: 0.1009 - val_loss: 9.9811 - val_accuracy: 0.1000 - 4s/epoch - 6ms/step
Epoch 35/100
782/782 - 4s - loss: 9.9345 - accuracy: 0.0975 - val_loss: 9.8878 - val_accuracy: 0.1000 - 4s/epoch - 6ms/step
Epoch 36/100
782/782 - 4s - loss: 9.8417 - accuracy: 0.0995 - val_loss: 9.7957 - val_accuracy: 0.1000 - 4s/epoch - 6ms/step
Epoch 37/100
782/782 - 4s - loss: 9.7502 - accuracy: 0.0993 - val_loss: 9.7047 - val_accuracy: 0.0994 - 4s/epoch - 6ms/step
Epoch 38/100
782/782 - 4s - loss: 9.6598 - accuracy: 0.0983 - val_loss: 9.6149 - val_accuracy: 0.1000 - 4s/epoch - 6ms/step
Epoch 39/100
Restoring model weights from the end of the best epoch: 9.
782/782 - 4s - loss: 9.5705 - accuracy: 0.0990 - val_loss: 9.5262 - val_accuracy: 0.1000 - 4s/epoch - 6ms/step
Epoch 39: early stopping
313/313 - 1s - loss: 12.7434 - accuracy: 0.1073 - 617ms/epoch - 2ms/step

ACCURACY: 0.10729999840259552


SCORE: -0.3430784388818168

[92m | MODULE VALUES ---------------------------------------------  |
 [0m
FLOPS: 16015780
PARAMS: 271882.0
[92m 
 | -----------------------------------------------------------  |
 [0m

--- BANANAS ITERATION 91 / 1000 ---
Chosen point: {'num_neurons': 8, 'unit_c1': 2, 'unit_c2': 2, 'dr_f': 0.3231773442818586, 'learning_rate': 0.0002678264815915746, 'batch_size': 64, 'optimizer': 'SGD', 'activation': 'swish', 'data_augmentation': True, 'reg_l2': True, 'skip_connection': True, 'new_fc_1': 5, 'new_fc_2': 0, 'new_fc_3': 16, 'new_fc_4': 12, 'new_fc_5': 19, 'new_fc_6': 2, 'new_fc_7': 15, 'new_fc_8': 7, 'new_fc_9': 17, 'new_fc_10': 8}
[94m
|  --> START TRAINING ITERATION 23[0m
[INFO] Flags -> DA: True, L2: True, Skip: True
Building model with input_shape=(32, 32, 3), pos_input_shape=None, layer_x_block=2
Model: "model"
__________________________________________________________________________________________________
 Layer (type)                Output Shape                 Param #   Connected to                  
==================================================================================================
 input_2 (InputLayer)        [(None, 32, 32, 3)]          0         []                            
                                                                                                  
 conv2d (Conv2D)             (None, 32, 32, 16)           448       ['input_2[0][0]']             
                                                                                                  
 activation (Activation)     (None, 32, 32, 16)           0         ['conv2d[1][0]']              
                                                                                                  
 conv2d_2 (Conv2D)           (None, 32, 32, 16)           64        ['input_2[0][0]']             
                                                                                                  
 conv2d_1 (Conv2D)           (None, 32, 32, 16)           2320      ['activation[1][0]']          
                                                                                                  
 add (Add)                   (None, 32, 32, 16)           0         ['conv2d_2[1][0]',            
                                                                     'conv2d_1[1][0]']            
                                                                                                  
 activation_1 (Activation)   (None, 32, 32, 16)           0         ['add[1][0]']                 
                                                                                                  
 max_pooling2d (MaxPooling2  (None, 16, 16, 16)           0         ['activation_1[1][0]']        
 D)                                                                                               
                                                                                                  
 conv2d_3 (Conv2D)           (None, 16, 16, 16)           2320      ['max_pooling2d[1][0]']       
                                                                                                  
 activation_2 (Activation)   (None, 16, 16, 16)           0         ['conv2d_3[1][0]']            
                                                                                                  
 conv2d_4 (Conv2D)           (None, 16, 16, 16)           2320      ['activation_2[1][0]']        
                                                                                                  
 add_1 (Add)                 (None, 16, 16, 16)           0         ['max_pooling2d[1][0]',       
                                                                     'conv2d_4[1][0]']            
                                                                                                  
 activation_3 (Activation)   (None, 16, 16, 16)           0         ['add_1[1][0]']               
                                                                                                  
 max_pooling2d_1 (MaxPoolin  (None, 8, 8, 16)             0         ['activation_3[1][0]']        
 g2D)                                                                                             
                                                                                                  
 flatten (Flatten)           (None, 1024)                 0         ['max_pooling2d_1[1][0]']     
                                                                                                  
 dense (Dense)               (None, 40)                   41000     ['flatten[1][0]']             
                                                                                                  
 activation_4 (Activation)   (None, 40)                   0         ['dense[1][0]']               
                                                                                                  
 dropout (Dropout)           (None, 40)                   0         ['activation_4[1][0]']        
                                                                                                  
 dense_1 (Dense)             (None, 128)                  5248      ['dropout[1][0]']             
                                                                                                  
 activation_5 (Activation)   (None, 128)                  0         ['dense_1[1][0]']             
                                                                                                  
 dropout_1 (Dropout)         (None, 128)                  0         ['activation_5[1][0]']        
                                                                                                  
 dense_2 (Dense)             (None, 96)                   12384     ['dropout_1[1][0]']           
                                                                                                  
 activation_6 (Activation)   (None, 96)                   0         ['dense_2[1][0]']             
                                                                                                  
 dropout_2 (Dropout)         (None, 96)                   0         ['activation_6[1][0]']        
                                                                                                  
 dense_3 (Dense)             (None, 152)                  14744     ['dropout_2[1][0]']           
                                                                                                  
 activation_7 (Activation)   (None, 152)                  0         ['dense_3[1][0]']             
                                                                                                  
 dropout_3 (Dropout)         (None, 152)                  0         ['activation_7[1][0]']        
                                                                                                  
 dense_4 (Dense)             (None, 16)                   2448      ['dropout_3[1][0]']           
                                                                                                  
 activation_8 (Activation)   (None, 16)                   0         ['dense_4[1][0]']             
                                                                                                  
 dropout_4 (Dropout)         (None, 16)                   0         ['activation_8[1][0]']        
                                                                                                  
 dense_5 (Dense)             (None, 120)                  2040      ['dropout_4[1][0]']           
                                                                                                  
 activation_9 (Activation)   (None, 120)                  0         ['dense_5[1][0]']             
                                                                                                  
 dropout_5 (Dropout)         (None, 120)                  0         ['activation_9[1][0]']        
                                                                                                  
 dense_6 (Dense)             (None, 56)                   6776      ['dropout_5[1][0]']           
                                                                                                  
 activation_10 (Activation)  (None, 56)                   0         ['dense_6[1][0]']             
                                                                                                  
 dropout_6 (Dropout)         (None, 56)                   0         ['activation_10[1][0]']       
                                                                                                  
 dense_7 (Dense)             (None, 136)                  7752      ['dropout_6[1][0]']           
                                                                                                  
 activation_11 (Activation)  (None, 136)                  0         ['dense_7[1][0]']             
                                                                                                  
 dropout_7 (Dropout)         (None, 136)                  0         ['activation_11[1][0]']       
                                                                                                  
 dense_8 (Dense)             (None, 64)                   8768      ['dropout_7[1][0]']           
                                                                                                  
 activation_12 (Activation)  (None, 64)                   0         ['dense_8[1][0]']             
                                                                                                  
 dropout_8 (Dropout)         (None, 64)                   0         ['activation_12[1][0]']       
                                                                                                  
 dense_9 (Dense)             (None, 10)                   650       ['dropout_8[1][0]']           
                                                                                                  
==================================================================================================
Total params: 109282 (426.88 KB)
Trainable params: 109282 (426.88 KB)
Non-trainable params: 0 (0.00 Byte)
__________________________________________________________________________________________________
Epoch 1/100
782/782 - 6s - loss: 9.4635 - accuracy: 0.0984 - val_loss: 9.4345 - val_accuracy: 0.1052 - 6s/epoch - 7ms/step
Epoch 2/100
782/782 - 4s - loss: 9.4057 - accuracy: 0.0994 - val_loss: 9.3770 - val_accuracy: 0.0961 - 4s/epoch - 5ms/step
Epoch 3/100
782/782 - 4s - loss: 9.3485 - accuracy: 0.0982 - val_loss: 9.3199 - val_accuracy: 0.0959 - 4s/epoch - 5ms/step
Epoch 4/100
782/782 - 4s - loss: 9.2917 - accuracy: 0.0999 - val_loss: 9.2634 - val_accuracy: 0.0871 - 4s/epoch - 5ms/step
Epoch 5/100
782/782 - 4s - loss: 9.2353 - accuracy: 0.1008 - val_loss: 9.2073 - val_accuracy: 0.0867 - 4s/epoch - 5ms/step
Epoch 6/100
782/782 - 4s - loss: 9.1795 - accuracy: 0.0979 - val_loss: 9.1516 - val_accuracy: 0.0932 - 4s/epoch - 5ms/step
Epoch 7/100
782/782 - 4s - loss: 9.1241 - accuracy: 0.0993 - val_loss: 9.0965 - val_accuracy: 0.0849 - 4s/epoch - 5ms/step
Epoch 8/100
782/782 - 4s - loss: 9.0691 - accuracy: 0.0988 - val_loss: 9.0417 - val_accuracy: 0.0903 - 4s/epoch - 5ms/step
Epoch 9/100
782/782 - 4s - loss: 9.0146 - accuracy: 0.0967 - val_loss: 8.9875 - val_accuracy: 0.0903 - 4s/epoch - 5ms/step
Epoch 10/100
782/782 - 4s - loss: 8.9606 - accuracy: 0.0977 - val_loss: 8.9337 - val_accuracy: 0.0988 - 4s/epoch - 5ms/step
Epoch 11/100
782/782 - 4s - loss: 8.9070 - accuracy: 0.0964 - val_loss: 8.8803 - val_accuracy: 0.0989 - 4s/epoch - 5ms/step
Epoch 12/100
782/782 - 4s - loss: 8.8538 - accuracy: 0.0993 - val_loss: 8.8274 - val_accuracy: 0.0903 - 4s/epoch - 5ms/step
Epoch 13/100
782/782 - 4s - loss: 8.8011 - accuracy: 0.1001 - val_loss: 8.7749 - val_accuracy: 0.0948 - 4s/epoch - 5ms/step
Epoch 14/100
782/782 - 4s - loss: 8.7488 - accuracy: 0.0972 - val_loss: 8.7228 - val_accuracy: 0.0987 - 4s/epoch - 5ms/step
Epoch 15/100
782/782 - 4s - loss: 8.6970 - accuracy: 0.1011 - val_loss: 8.6711 - val_accuracy: 0.0906 - 4s/epoch - 5ms/step
Epoch 16/100
782/782 - 4s - loss: 8.6456 - accuracy: 0.1019 - val_loss: 8.6199 - val_accuracy: 0.0955 - 4s/epoch - 5ms/step
Epoch 17/100
782/782 - 4s - loss: 8.5946 - accuracy: 0.0973 - val_loss: 8.5691 - val_accuracy: 0.0996 - 4s/epoch - 5ms/step
Epoch 18/100
782/782 - 4s - loss: 8.5440 - accuracy: 0.0978 - val_loss: 8.5188 - val_accuracy: 0.1025 - 4s/epoch - 5ms/step
Epoch 19/100
782/782 - 4s - loss: 8.4938 - accuracy: 0.0990 - val_loss: 8.4688 - val_accuracy: 0.1007 - 4s/epoch - 5ms/step
Epoch 20/100
782/782 - 4s - loss: 8.4441 - accuracy: 0.1000 - val_loss: 8.4193 - val_accuracy: 0.1157 - 4s/epoch - 5ms/step
Epoch 21/100
782/782 - 4s - loss: 8.3947 - accuracy: 0.1001 - val_loss: 8.3701 - val_accuracy: 0.1001 - 4s/epoch - 5ms/step
Epoch 22/100
782/782 - 4s - loss: 8.3458 - accuracy: 0.0998 - val_loss: 8.3214 - val_accuracy: 0.1003 - 4s/epoch - 5ms/step
Epoch 23/100
782/782 - 4s - loss: 8.2973 - accuracy: 0.0990 - val_loss: 8.2731 - val_accuracy: 0.1140 - 4s/epoch - 5ms/step
Epoch 24/100
782/782 - 4s - loss: 8.2491 - accuracy: 0.0988 - val_loss: 8.2251 - val_accuracy: 0.1001 - 4s/epoch - 5ms/step
Epoch 25/100
782/782 - 4s - loss: 8.2014 - accuracy: 0.0991 - val_loss: 8.1776 - val_accuracy: 0.1000 - 4s/epoch - 5ms/step
Epoch 26/100
782/782 - 4s - loss: 8.1541 - accuracy: 0.0986 - val_loss: 8.1305 - val_accuracy: 0.1000 - 4s/epoch - 5ms/step
Epoch 27/100
782/782 - 4s - loss: 8.1071 - accuracy: 0.1008 - val_loss: 8.0837 - val_accuracy: 0.1000 - 4s/epoch - 5ms/step
Epoch 28/100
782/782 - 4s - loss: 8.0605 - accuracy: 0.1003 - val_loss: 8.0373 - val_accuracy: 0.1000 - 4s/epoch - 5ms/step
Epoch 29/100
782/782 - 4s - loss: 8.0144 - accuracy: 0.1003 - val_loss: 7.9913 - val_accuracy: 0.0999 - 4s/epoch - 5ms/step
Epoch 30/100
782/782 - 4s - loss: 7.9686 - accuracy: 0.0992 - val_loss: 7.9457 - val_accuracy: 0.1000 - 4s/epoch - 5ms/step
Epoch 31/100
782/782 - 4s - loss: 7.9231 - accuracy: 0.0989 - val_loss: 7.9005 - val_accuracy: 0.1000 - 4s/epoch - 5ms/step
Epoch 32/100
782/782 - 4s - loss: 7.8781 - accuracy: 0.0989 - val_loss: 7.8556 - val_accuracy: 0.1000 - 4s/epoch - 5ms/step
Epoch 33/100
782/782 - 4s - loss: 7.8334 - accuracy: 0.0985 - val_loss: 7.8111 - val_accuracy: 0.1000 - 4s/epoch - 5ms/step
Epoch 34/100
782/782 - 4s - loss: 7.7891 - accuracy: 0.0965 - val_loss: 7.7670 - val_accuracy: 0.0995 - 4s/epoch - 5ms/step
Epoch 35/100
782/782 - 4s - loss: 7.7452 - accuracy: 0.0986 - val_loss: 7.7233 - val_accuracy: 0.0930 - 4s/epoch - 5ms/step
Epoch 36/100
782/782 - 4s - loss: 7.7016 - accuracy: 0.1004 - val_loss: 7.6798 - val_accuracy: 0.0998 - 4s/epoch - 5ms/step
Epoch 37/100
782/782 - 4s - loss: 7.6583 - accuracy: 0.0969 - val_loss: 7.6368 - val_accuracy: 0.1000 - 4s/epoch - 5ms/step
Epoch 38/100
782/782 - 4s - loss: 7.6155 - accuracy: 0.0975 - val_loss: 7.5941 - val_accuracy: 0.1000 - 4s/epoch - 5ms/step
Epoch 39/100
782/782 - 4s - loss: 7.5730 - accuracy: 0.0977 - val_loss: 7.5518 - val_accuracy: 0.0955 - 4s/epoch - 5ms/step
Epoch 40/100
782/782 - 4s - loss: 7.5308 - accuracy: 0.0977 - val_loss: 7.5098 - val_accuracy: 0.1000 - 4s/epoch - 5ms/step
Epoch 41/100
782/782 - 4s - loss: 7.4890 - accuracy: 0.0973 - val_loss: 7.4681 - val_accuracy: 0.1000 - 4s/epoch - 5ms/step
Epoch 42/100
782/782 - 4s - loss: 7.4475 - accuracy: 0.0944 - val_loss: 7.4268 - val_accuracy: 0.1002 - 4s/epoch - 5ms/step
Epoch 43/100
782/782 - 4s - loss: 7.4064 - accuracy: 0.0985 - val_loss: 7.3859 - val_accuracy: 0.1000 - 4s/epoch - 5ms/step
Epoch 44/100
782/782 - 4s - loss: 7.3656 - accuracy: 0.0987 - val_loss: 7.3452 - val_accuracy: 0.1000 - 4s/epoch - 5ms/step
Epoch 45/100
782/782 - 4s - loss: 7.3251 - accuracy: 0.1002 - val_loss: 7.3049 - val_accuracy: 0.1000 - 4s/epoch - 5ms/step
Epoch 46/100
782/782 - 4s - loss: 7.2850 - accuracy: 0.1001 - val_loss: 7.2650 - val_accuracy: 0.1000 - 4s/epoch - 5ms/step
Epoch 47/100
782/782 - 4s - loss: 7.2452 - accuracy: 0.0981 - val_loss: 7.2253 - val_accuracy: 0.1000 - 4s/epoch - 5ms/step
Epoch 48/100
782/782 - 4s - loss: 7.2057 - accuracy: 0.0991 - val_loss: 7.1860 - val_accuracy: 0.1000 - 4s/epoch - 5ms/step
Epoch 49/100
782/782 - 4s - loss: 7.1666 - accuracy: 0.0976 - val_loss: 7.1470 - val_accuracy: 0.1000 - 4s/epoch - 5ms/step
Epoch 50/100
Restoring model weights from the end of the best epoch: 20.
782/782 - 4s - loss: 7.1277 - accuracy: 0.0969 - val_loss: 7.1084 - val_accuracy: 0.1000 - 4s/epoch - 5ms/step
Epoch 50: early stopping
313/313 - 0s - loss: 8.4193 - accuracy: 0.1156 - 495ms/epoch - 2ms/step

ACCURACY: 0.11559999734163284


SCORE: -0.364028758139143

[92m | MODULE VALUES ---------------------------------------------  |
 [0m
FLOPS: 8445620
PARAMS: 109282.0
[92m 
 | -----------------------------------------------------------  |
 [0m

--- BANANAS ITERATION 92 / 1000 ---
Chosen point: {'num_neurons': 8, 'unit_c1': 1, 'unit_c2': 4, 'dr_f': 0.18293017734076952, 'learning_rate': 0.00011257796879895602, 'batch_size': 64, 'optimizer': 'Adam', 'activation': 'elu', 'data_augmentation': True, 'reg_l2': True, 'skip_connection': False, 'new_fc_1': 17, 'new_fc_2': 17, 'new_fc_3': 28, 'new_fc_4': 4, 'new_fc_5': 7, 'new_fc_6': 32, 'new_fc_7': 13, 'new_fc_8': 3, 'new_fc_9': 2, 'new_fc_10': 6}
[94m
|  --> START TRAINING ITERATION 24[0m
[INFO] Flags -> DA: True, L2: True, Skip: False
Building model with input_shape=(32, 32, 3), pos_input_shape=None, layer_x_block=2
Model: "model"
_________________________________________________________________
 Layer (type)                Output Shape              Param #   
=================================================================
 input_2 (InputLayer)        [(None, 32, 32, 3)]       0         
                                                                 
 conv2d (Conv2D)             (None, 32, 32, 8)         224       
                                                                 
 activation (Activation)     (None, 32, 32, 8)         0         
                                                                 
 conv2d_1 (Conv2D)           (None, 32, 32, 8)         584       
                                                                 
 activation_1 (Activation)   (None, 32, 32, 8)         0         
                                                                 
 max_pooling2d (MaxPooling2  (None, 16, 16, 8)         0         
 D)                                                              
                                                                 
 conv2d_2 (Conv2D)           (None, 16, 16, 32)        2336      
                                                                 
 activation_2 (Activation)   (None, 16, 16, 32)        0         
                                                                 
 conv2d_3 (Conv2D)           (None, 16, 16, 32)        9248      
                                                                 
 activation_3 (Activation)   (None, 16, 16, 32)        0         
                                                                 
 max_pooling2d_1 (MaxPoolin  (None, 8, 8, 32)          0         
 g2D)                                                            
                                                                 
 flatten (Flatten)           (None, 2048)              0         
                                                                 
 dense (Dense)               (None, 136)               278664    
                                                                 
 activation_4 (Activation)   (None, 136)               0         
                                                                 
 dropout (Dropout)           (None, 136)               0         
                                                                 
 dense_1 (Dense)             (None, 136)               18632     
                                                                 
 activation_5 (Activation)   (None, 136)               0         
                                                                 
 dropout_1 (Dropout)         (None, 136)               0         
                                                                 
 dense_2 (Dense)             (None, 224)               30688     
                                                                 
 activation_6 (Activation)   (None, 224)               0         
                                                                 
 dropout_2 (Dropout)         (None, 224)               0         
                                                                 
 dense_3 (Dense)             (None, 32)                7200      
                                                                 
 activation_7 (Activation)   (None, 32)                0         
                                                                 
 dropout_3 (Dropout)         (None, 32)                0         
                                                                 
 dense_4 (Dense)             (None, 56)                1848      
                                                                 
 activation_8 (Activation)   (None, 56)                0         
                                                                 
 dropout_4 (Dropout)         (None, 56)                0         
                                                                 
 dense_5 (Dense)             (None, 256)               14592     
                                                                 
 activation_9 (Activation)   (None, 256)               0         
                                                                 
 dropout_5 (Dropout)         (None, 256)               0         
                                                                 
 dense_6 (Dense)             (None, 104)               26728     
                                                                 
 activation_10 (Activation)  (None, 104)               0         
                                                                 
 dropout_6 (Dropout)         (None, 104)               0         
                                                                 
 dense_7 (Dense)             (None, 24)                2520      
                                                                 
 activation_11 (Activation)  (None, 24)                0         
                                                                 
 dropout_7 (Dropout)         (None, 24)                0         
                                                                 
 dense_8 (Dense)             (None, 16)                400       
                                                                 
 activation_12 (Activation)  (None, 16)                0         
                                                                 
 dropout_8 (Dropout)         (None, 16)                0         
                                                                 
 dense_9 (Dense)             (None, 48)                816       
                                                                 
 activation_13 (Activation)  (None, 48)                0         
                                                                 
 dropout_9 (Dropout)         (None, 48)                0         
                                                                 
 dense_10 (Dense)            (None, 10)                490       
                                                                 
=================================================================
Total params: 394970 (1.51 MB)
Trainable params: 394970 (1.51 MB)
Non-trainable params: 0 (0.00 Byte)
_________________________________________________________________
Epoch 1/100
782/782 - 5s - loss: 7.7791 - accuracy: 0.1726 - val_loss: 4.6206 - val_accuracy: 0.1971 - 5s/epoch - 7ms/step
Epoch 2/100
782/782 - 3s - loss: 3.5136 - accuracy: 0.1845 - val_loss: 2.8283 - val_accuracy: 0.1864 - 3s/epoch - 4ms/step
Epoch 3/100
782/782 - 3s - loss: 2.6159 - accuracy: 0.1850 - val_loss: 2.4422 - val_accuracy: 0.1939 - 3s/epoch - 4ms/step
Epoch 4/100
782/782 - 3s - loss: 2.3999 - accuracy: 0.1892 - val_loss: 2.3224 - val_accuracy: 0.1994 - 3s/epoch - 4ms/step
Epoch 5/100
782/782 - 3s - loss: 2.3175 - accuracy: 0.1913 - val_loss: 2.2704 - val_accuracy: 0.1985 - 3s/epoch - 4ms/step
Epoch 6/100
782/782 - 3s - loss: 2.2680 - accuracy: 0.1943 - val_loss: 2.2408 - val_accuracy: 0.2008 - 3s/epoch - 4ms/step
Epoch 7/100
782/782 - 3s - loss: 2.2402 - accuracy: 0.1919 - val_loss: 2.2111 - val_accuracy: 0.1980 - 3s/epoch - 4ms/step
Epoch 8/100
782/782 - 3s - loss: 2.2142 - accuracy: 0.1977 - val_loss: 2.1874 - val_accuracy: 0.2068 - 3s/epoch - 4ms/step
Epoch 9/100
782/782 - 3s - loss: 2.2003 - accuracy: 0.1974 - val_loss: 2.1762 - val_accuracy: 0.2015 - 3s/epoch - 4ms/step
Epoch 10/100
782/782 - 3s - loss: 2.1870 - accuracy: 0.1994 - val_loss: 2.1632 - val_accuracy: 0.2017 - 3s/epoch - 4ms/step
Epoch 11/100
782/782 - 3s - loss: 2.1767 - accuracy: 0.1990 - val_loss: 2.1532 - val_accuracy: 0.1977 - 3s/epoch - 4ms/step
Epoch 12/100
782/782 - 3s - loss: 2.1661 - accuracy: 0.2022 - val_loss: 2.1555 - val_accuracy: 0.2024 - 3s/epoch - 4ms/step
Epoch 13/100
782/782 - 3s - loss: 2.1597 - accuracy: 0.2018 - val_loss: 2.1479 - val_accuracy: 0.1968 - 3s/epoch - 4ms/step
Epoch 14/100
782/782 - 3s - loss: 2.1522 - accuracy: 0.2032 - val_loss: 2.1372 - val_accuracy: 0.2048 - 3s/epoch - 4ms/step
Epoch 15/100
782/782 - 3s - loss: 2.1460 - accuracy: 0.2029 - val_loss: 2.1258 - val_accuracy: 0.2064 - 3s/epoch - 4ms/step
Epoch 16/100
782/782 - 3s - loss: 2.1417 - accuracy: 0.2064 - val_loss: 2.1361 - val_accuracy: 0.2001 - 3s/epoch - 4ms/step
Epoch 17/100
782/782 - 3s - loss: 2.1379 - accuracy: 0.2040 - val_loss: 2.1284 - val_accuracy: 0.2033 - 3s/epoch - 4ms/step
Epoch 18/100
782/782 - 3s - loss: 2.1346 - accuracy: 0.2022 - val_loss: 2.1154 - val_accuracy: 0.1995 - 3s/epoch - 4ms/step
Epoch 19/100
782/782 - 3s - loss: 2.1283 - accuracy: 0.2056 - val_loss: 2.1111 - val_accuracy: 0.2080 - 3s/epoch - 4ms/step
Epoch 20/100
782/782 - 3s - loss: 2.1240 - accuracy: 0.2071 - val_loss: 2.1196 - val_accuracy: 0.2022 - 3s/epoch - 4ms/step
Epoch 21/100
782/782 - 3s - loss: 2.1226 - accuracy: 0.2040 - val_loss: 2.1074 - val_accuracy: 0.2107 - 3s/epoch - 4ms/step
Epoch 22/100
782/782 - 3s - loss: 2.1182 - accuracy: 0.2056 - val_loss: 2.1002 - val_accuracy: 0.2081 - 3s/epoch - 4ms/step
Epoch 23/100
782/782 - 3s - loss: 2.1162 - accuracy: 0.2067 - val_loss: 2.1092 - val_accuracy: 0.2058 - 3s/epoch - 4ms/step
Epoch 24/100
782/782 - 3s - loss: 2.1130 - accuracy: 0.2077 - val_loss: 2.1290 - val_accuracy: 0.1969 - 3s/epoch - 4ms/step
Epoch 25/100
782/782 - 3s - loss: 2.1101 - accuracy: 0.2081 - val_loss: 2.1127 - val_accuracy: 0.2002 - 3s/epoch - 4ms/step
Epoch 26/100
782/782 - 3s - loss: 2.1073 - accuracy: 0.2072 - val_loss: 2.0999 - val_accuracy: 0.2067 - 3s/epoch - 4ms/step
Epoch 27/100
782/782 - 3s - loss: 2.1043 - accuracy: 0.2108 - val_loss: 2.0945 - val_accuracy: 0.2088 - 3s/epoch - 4ms/step
Epoch 28/100
782/782 - 3s - loss: 2.1042 - accuracy: 0.2086 - val_loss: 2.0965 - val_accuracy: 0.2103 - 3s/epoch - 4ms/step
Epoch 29/100
782/782 - 3s - loss: 2.1025 - accuracy: 0.2087 - val_loss: 2.0850 - val_accuracy: 0.2115 - 3s/epoch - 4ms/step
Epoch 30/100
782/782 - 3s - loss: 2.0991 - accuracy: 0.2078 - val_loss: 2.0966 - val_accuracy: 0.2013 - 3s/epoch - 4ms/step
Epoch 31/100
782/782 - 3s - loss: 2.0974 - accuracy: 0.2062 - val_loss: 2.0829 - val_accuracy: 0.2182 - 3s/epoch - 4ms/step
Epoch 32/100
782/782 - 3s - loss: 2.0969 - accuracy: 0.2097 - val_loss: 2.0820 - val_accuracy: 0.2107 - 3s/epoch - 4ms/step
Epoch 33/100
782/782 - 3s - loss: 2.0961 - accuracy: 0.2106 - val_loss: 2.0812 - val_accuracy: 0.2015 - 3s/epoch - 4ms/step
Epoch 34/100
782/782 - 3s - loss: 2.0943 - accuracy: 0.2102 - val_loss: 2.0971 - val_accuracy: 0.2000 - 3s/epoch - 4ms/step
Epoch 35/100
782/782 - 3s - loss: 2.0918 - accuracy: 0.2095 - val_loss: 2.0953 - val_accuracy: 0.2036 - 3s/epoch - 4ms/step
Epoch 36/100
782/782 - 3s - loss: 2.0897 - accuracy: 0.2097 - val_loss: 2.0750 - val_accuracy: 0.2121 - 3s/epoch - 4ms/step
Epoch 37/100
782/782 - 3s - loss: 2.0889 - accuracy: 0.2096 - val_loss: 2.0823 - val_accuracy: 0.2034 - 3s/epoch - 4ms/step
Epoch 38/100
782/782 - 3s - loss: 2.0893 - accuracy: 0.2099 - val_loss: 2.0779 - val_accuracy: 0.2093 - 3s/epoch - 4ms/step
Epoch 39/100
782/782 - 3s - loss: 2.0851 - accuracy: 0.2111 - val_loss: 2.0727 - val_accuracy: 0.2085 - 3s/epoch - 4ms/step
Epoch 40/100
782/782 - 3s - loss: 2.0851 - accuracy: 0.2092 - val_loss: 2.0712 - val_accuracy: 0.2123 - 3s/epoch - 4ms/step
Epoch 41/100
782/782 - 3s - loss: 2.0834 - accuracy: 0.2088 - val_loss: 2.0730 - val_accuracy: 0.2095 - 3s/epoch - 4ms/step
Epoch 42/100
782/782 - 3s - loss: 2.0809 - accuracy: 0.2126 - val_loss: 2.0806 - val_accuracy: 0.2016 - 3s/epoch - 4ms/step
Epoch 43/100
782/782 - 3s - loss: 2.0818 - accuracy: 0.2094 - val_loss: 2.0629 - val_accuracy: 0.2113 - 3s/epoch - 4ms/step
Epoch 44/100
782/782 - 3s - loss: 2.0792 - accuracy: 0.2107 - val_loss: 2.0853 - val_accuracy: 0.2104 - 3s/epoch - 4ms/step
Epoch 45/100
782/782 - 3s - loss: 2.0793 - accuracy: 0.2099 - val_loss: 2.0722 - val_accuracy: 0.2027 - 3s/epoch - 4ms/step
Epoch 46/100
782/782 - 3s - loss: 2.0778 - accuracy: 0.2106 - val_loss: 2.0651 - val_accuracy: 0.2184 - 3s/epoch - 4ms/step
Epoch 47/100
782/782 - 3s - loss: 2.0778 - accuracy: 0.2089 - val_loss: 2.0622 - val_accuracy: 0.2074 - 3s/epoch - 4ms/step
Epoch 48/100
782/782 - 3s - loss: 2.0767 - accuracy: 0.2101 - val_loss: 2.0597 - val_accuracy: 0.2199 - 3s/epoch - 4ms/step
Epoch 49/100
782/782 - 3s - loss: 2.0743 - accuracy: 0.2100 - val_loss: 2.0600 - val_accuracy: 0.2131 - 3s/epoch - 4ms/step
Epoch 50/100
782/782 - 3s - loss: 2.0746 - accuracy: 0.2128 - val_loss: 2.0639 - val_accuracy: 0.2116 - 3s/epoch - 4ms/step
Epoch 51/100
782/782 - 3s - loss: 2.0728 - accuracy: 0.2117 - val_loss: 2.0576 - val_accuracy: 0.2148 - 3s/epoch - 4ms/step
Epoch 52/100
782/782 - 3s - loss: 2.0731 - accuracy: 0.2122 - val_loss: 2.0642 - val_accuracy: 0.2165 - 3s/epoch - 4ms/step
Epoch 53/100
782/782 - 3s - loss: 2.0706 - accuracy: 0.2118 - val_loss: 2.0634 - val_accuracy: 0.2109 - 3s/epoch - 4ms/step
Epoch 54/100
782/782 - 3s - loss: 2.0711 - accuracy: 0.2120 - val_loss: 2.0530 - val_accuracy: 0.2166 - 3s/epoch - 4ms/step
Epoch 55/100
782/782 - 3s - loss: 2.0706 - accuracy: 0.2122 - val_loss: 2.0620 - val_accuracy: 0.2187 - 3s/epoch - 4ms/step
Epoch 56/100
782/782 - 3s - loss: 2.0685 - accuracy: 0.2112 - val_loss: 2.0521 - val_accuracy: 0.2116 - 3s/epoch - 4ms/step
Epoch 57/100
782/782 - 3s - loss: 2.0674 - accuracy: 0.2144 - val_loss: 2.0522 - val_accuracy: 0.2126 - 3s/epoch - 4ms/step
Epoch 58/100
782/782 - 3s - loss: 2.0677 - accuracy: 0.2110 - val_loss: 2.0502 - val_accuracy: 0.2159 - 3s/epoch - 4ms/step
Epoch 59/100
782/782 - 3s - loss: 2.0673 - accuracy: 0.2120 - val_loss: 2.0558 - val_accuracy: 0.2095 - 3s/epoch - 4ms/step
Epoch 60/100
782/782 - 3s - loss: 2.0662 - accuracy: 0.2132 - val_loss: 2.0579 - val_accuracy: 0.2199 - 3s/epoch - 4ms/step
Epoch 61/100
Restoring model weights from the end of the best epoch: 31.
782/782 - 4s - loss: 2.0635 - accuracy: 0.2119 - val_loss: 2.0602 - val_accuracy: 0.2095 - 4s/epoch - 4ms/step
Epoch 61: early stopping
313/313 - 1s - loss: 2.0829 - accuracy: 0.2182 - 560ms/epoch - 2ms/step

ACCURACY: 0.21819999814033508


SCORE: -0.43607285469823454

[92m | MODULE VALUES ---------------------------------------------  |
 [0m
FLOPS: 8333572
PARAMS: 394970.0
[92m 
 | -----------------------------------------------------------  |
 [0m

BANANAS BASELINE FINISHED
TOTAL TIME --------> 16256.13 seconds
BEST SCORE --------> -0.8016851590653991
HISTORY -----------> results_BANANAS_controller/bananas_cifar10_seed96_e1000_ep100/algorithm_logs/bananas_history.csv
Completed after chunk: 92/1000
