Running rolling chunk 2/40
Array task 5/10: dataset=cifar100, seed=42
Completed before chunk: 25/1000
Budget: chunk_evals=25, epochs=100
Result dir=results_BANANAS_controller/bananas_cifar100_seed42_e1000_ep100
[exp_config] Created config.yaml at: /hpc/home/fresca/EDGE-DNNTuner/results_BANANAS_controller/bananas_cifar100_seed42_e1000_ep100/config.yaml
50000 train samples
10000 test samples
Initialized NeuralNetwork with dataset. ROI mode: False
FLOPS module weight: 0.3

STARTING BANANAS BASELINE

[INFO] Resumed 25 previous BANANAS evaluations from results_BANANAS_controller/bananas_cifar100_seed42_e1000_ep100/algorithm_logs/bananas_history.csv.

--- BANANAS ITERATION 26 / 1000 ---
Chosen point: {'num_neurons': 8, 'unit_c1': 1, 'unit_c2': 5, 'dr_f': 0.22382943841989708, 'learning_rate': 0.00027618004576506215, 'batch_size': 32, 'optimizer': 'Adam', 'activation': 'elu', 'data_augmentation': False, 'reg_l2': True, 'skip_connection': False, 'new_fc_1': 27, 'new_fc_2': 1, 'new_fc_3': 24, 'new_fc_4': 5, 'new_fc_5': 10, 'new_fc_6': 5, 'new_fc_7': 10, 'new_fc_8': 13, 'new_fc_9': 1, 'new_fc_10': 2}
[94m
|  --> START TRAINING ITERATION 0[0m
[INFO] Flags -> DA: False, L2: True, Skip: False
Building model with input_shape=(32, 32, 3), pos_input_shape=None, layer_x_block=2
Model: "model"
_________________________________________________________________
 Layer (type)                Output Shape              Param #   
=================================================================
 input_1 (InputLayer)        [(None, 32, 32, 3)]       0         
                                                                 
 conv2d (Conv2D)             (None, 32, 32, 8)         224       
                                                                 
 activation (Activation)     (None, 32, 32, 8)         0         
                                                                 
 conv2d_1 (Conv2D)           (None, 32, 32, 8)         584       
                                                                 
 activation_1 (Activation)   (None, 32, 32, 8)         0         
                                                                 
 max_pooling2d (MaxPooling2  (None, 16, 16, 8)         0         
 D)                                                              
                                                                 
 conv2d_2 (Conv2D)           (None, 16, 16, 40)        2920      
                                                                 
 activation_2 (Activation)   (None, 16, 16, 40)        0         
                                                                 
 conv2d_3 (Conv2D)           (None, 16, 16, 40)        14440     
                                                                 
 activation_3 (Activation)   (None, 16, 16, 40)        0         
                                                                 
 max_pooling2d_1 (MaxPoolin  (None, 8, 8, 40)          0         
 g2D)                                                            
                                                                 
 flatten (Flatten)           (None, 2560)              0         
                                                                 
 dense (Dense)               (None, 216)               553176    
                                                                 
 activation_4 (Activation)   (None, 216)               0         
                                                                 
 dropout (Dropout)           (None, 216)               0         
                                                                 
 dense_1 (Dense)             (None, 8)                 1736      
                                                                 
 activation_5 (Activation)   (None, 8)                 0         
                                                                 
 dropout_1 (Dropout)         (None, 8)                 0         
                                                                 
 dense_2 (Dense)             (None, 192)               1728      
                                                                 
 activation_6 (Activation)   (None, 192)               0         
                                                                 
 dropout_2 (Dropout)         (None, 192)               0         
                                                                 
 dense_3 (Dense)             (None, 40)                7720      
                                                                 
 activation_7 (Activation)   (None, 40)                0         
                                                                 
 dropout_3 (Dropout)         (None, 40)                0         
                                                                 
 dense_4 (Dense)             (None, 80)                3280      
                                                                 
 activation_8 (Activation)   (None, 80)                0         
                                                                 
 dropout_4 (Dropout)         (None, 80)                0         
                                                                 
 dense_5 (Dense)             (None, 40)                3240      
                                                                 
 activation_9 (Activation)   (None, 40)                0         
                                                                 
 dropout_5 (Dropout)         (None, 40)                0         
                                                                 
 dense_6 (Dense)             (None, 80)                3280      
                                                                 
 activation_10 (Activation)  (None, 80)                0         
                                                                 
 dropout_6 (Dropout)         (None, 80)                0         
                                                                 
 dense_7 (Dense)             (None, 104)               8424      
                                                                 
 activation_11 (Activation)  (None, 104)               0         
                                                                 
 dropout_7 (Dropout)         (None, 104)               0         
                                                                 
 dense_8 (Dense)             (None, 8)                 840       
                                                                 
 activation_12 (Activation)  (None, 8)                 0         
                                                                 
 dropout_8 (Dropout)         (None, 8)                 0         
                                                                 
 dense_9 (Dense)             (None, 16)                144       
                                                                 
 activation_13 (Activation)  (None, 16)                0         
                                                                 
 dropout_9 (Dropout)         (None, 16)                0         
                                                                 
 dense_10 (Dense)            (None, 100)               1700      
                                                                 
=================================================================
Total params: 603436 (2.30 MB)
Trainable params: 603436 (2.30 MB)
Non-trainable params: 0 (0.00 Byte)
_________________________________________________________________
Epoch 1/100
1563/1563 - 11s - loss: 5.4871 - accuracy: 0.0086 - val_loss: 4.6112 - val_accuracy: 0.0100 - 11s/epoch - 7ms/step
Epoch 2/100
1563/1563 - 6s - loss: 4.6067 - accuracy: 0.0082 - val_loss: 4.6052 - val_accuracy: 0.0100 - 6s/epoch - 4ms/step
Epoch 3/100
1563/1563 - 6s - loss: 4.6054 - accuracy: 0.0086 - val_loss: 4.6052 - val_accuracy: 0.0100 - 6s/epoch - 4ms/step
Epoch 4/100
1563/1563 - 6s - loss: 4.6054 - accuracy: 0.0085 - val_loss: 4.6052 - val_accuracy: 0.0100 - 6s/epoch - 4ms/step
Epoch 5/100
1563/1563 - 6s - loss: 4.6054 - accuracy: 0.0081 - val_loss: 4.6052 - val_accuracy: 0.0100 - 6s/epoch - 4ms/step
Epoch 6/100
1563/1563 - 6s - loss: 4.6054 - accuracy: 0.0094 - val_loss: 4.6052 - val_accuracy: 0.0100 - 6s/epoch - 4ms/step
Epoch 7/100
1563/1563 - 6s - loss: 4.6054 - accuracy: 0.0084 - val_loss: 4.6052 - val_accuracy: 0.0100 - 6s/epoch - 4ms/step
Epoch 8/100
1563/1563 - 6s - loss: 4.6054 - accuracy: 0.0088 - val_loss: 4.6052 - val_accuracy: 0.0100 - 6s/epoch - 4ms/step
Epoch 9/100
1563/1563 - 6s - loss: 4.6054 - accuracy: 0.0083 - val_loss: 4.6052 - val_accuracy: 0.0100 - 6s/epoch - 4ms/step
Epoch 10/100
1563/1563 - 6s - loss: 4.6054 - accuracy: 0.0085 - val_loss: 4.6052 - val_accuracy: 0.0100 - 6s/epoch - 4ms/step
Epoch 11/100
1563/1563 - 6s - loss: 4.6054 - accuracy: 0.0087 - val_loss: 4.6052 - val_accuracy: 0.0100 - 6s/epoch - 4ms/step
Epoch 12/100
1563/1563 - 6s - loss: 4.6054 - accuracy: 0.0077 - val_loss: 4.6052 - val_accuracy: 0.0100 - 6s/epoch - 4ms/step
Epoch 13/100
1563/1563 - 6s - loss: 4.6054 - accuracy: 0.0085 - val_loss: 4.6052 - val_accuracy: 0.0100 - 6s/epoch - 4ms/step
Epoch 14/100
1563/1563 - 6s - loss: 4.6054 - accuracy: 0.0085 - val_loss: 4.6052 - val_accuracy: 0.0100 - 6s/epoch - 4ms/step
Epoch 15/100
1563/1563 - 6s - loss: 4.6054 - accuracy: 0.0085 - val_loss: 4.6052 - val_accuracy: 0.0100 - 6s/epoch - 4ms/step
Epoch 16/100
1563/1563 - 6s - loss: 4.6054 - accuracy: 0.0086 - val_loss: 4.6052 - val_accuracy: 0.0100 - 6s/epoch - 4ms/step
Epoch 17/100
1563/1563 - 6s - loss: 4.6054 - accuracy: 0.0087 - val_loss: 4.6052 - val_accuracy: 0.0100 - 6s/epoch - 4ms/step
Epoch 18/100
1563/1563 - 6s - loss: 4.6054 - accuracy: 0.0087 - val_loss: 4.6052 - val_accuracy: 0.0100 - 6s/epoch - 4ms/step
Epoch 19/100
1563/1563 - 6s - loss: 4.6054 - accuracy: 0.0085 - val_loss: 4.6052 - val_accuracy: 0.0100 - 6s/epoch - 4ms/step
Epoch 20/100
1563/1563 - 6s - loss: 4.6054 - accuracy: 0.0084 - val_loss: 4.6052 - val_accuracy: 0.0100 - 6s/epoch - 4ms/step
Epoch 21/100
1563/1563 - 6s - loss: 4.6054 - accuracy: 0.0083 - val_loss: 4.6052 - val_accuracy: 0.0100 - 6s/epoch - 4ms/step
Epoch 22/100
1563/1563 - 6s - loss: 4.6054 - accuracy: 0.0082 - val_loss: 4.6052 - val_accuracy: 0.0100 - 6s/epoch - 4ms/step
Epoch 23/100
1563/1563 - 6s - loss: 4.6054 - accuracy: 0.0085 - val_loss: 4.6052 - val_accuracy: 0.0100 - 6s/epoch - 4ms/step
Epoch 24/100
1563/1563 - 6s - loss: 4.6054 - accuracy: 0.0079 - val_loss: 4.6052 - val_accuracy: 0.0100 - 6s/epoch - 4ms/step
Epoch 25/100
1563/1563 - 6s - loss: 4.6054 - accuracy: 0.0087 - val_loss: 4.6052 - val_accuracy: 0.0100 - 6s/epoch - 4ms/step
Epoch 26/100
1563/1563 - 6s - loss: 4.6054 - accuracy: 0.0085 - val_loss: 4.6052 - val_accuracy: 0.0100 - 6s/epoch - 4ms/step
Epoch 27/100
1563/1563 - 6s - loss: 4.6054 - accuracy: 0.0082 - val_loss: 4.6052 - val_accuracy: 0.0100 - 6s/epoch - 4ms/step
Epoch 28/100
1563/1563 - 6s - loss: 4.6054 - accuracy: 0.0090 - val_loss: 4.6052 - val_accuracy: 0.0100 - 6s/epoch - 4ms/step
Epoch 29/100
1563/1563 - 6s - loss: 4.6054 - accuracy: 0.0090 - val_loss: 4.6052 - val_accuracy: 0.0100 - 6s/epoch - 4ms/step
Epoch 30/100
1563/1563 - 6s - loss: 4.6054 - accuracy: 0.0086 - val_loss: 4.6052 - val_accuracy: 0.0100 - 6s/epoch - 4ms/step
Epoch 31/100
Restoring model weights from the end of the best epoch: 1.
1563/1563 - 6s - loss: 4.6054 - accuracy: 0.0090 - val_loss: 4.6052 - val_accuracy: 0.0100 - 6s/epoch - 4ms/step
Epoch 31: early stopping
313/313 - 0s - loss: 4.6112 - accuracy: 0.0100 - 497ms/epoch - 2ms/step

ACCURACY: 0.009999999776482582


SCORE: -0.28361035184353783

[92m | MODULE VALUES ---------------------------------------------  |
 [0m
FLOPS: 11694824
PARAMS: 603436.0
[92m 
 | -----------------------------------------------------------  |
 [0m
[INFO] New Best Score: -0.2836 (Previous: 10000000000.0000)

--- BANANAS ITERATION 27 / 1000 ---
Chosen point: {'num_neurons': 4, 'unit_c1': 1, 'unit_c2': 1, 'dr_f': 0.33513752638425287, 'learning_rate': 0.00024719111814172536, 'batch_size': 8, 'optimizer': 'Adam', 'activation': 'selu', 'data_augmentation': False, 'reg_l2': False, 'skip_connection': False, 'new_fc_1': 18, 'new_fc_2': 5, 'new_fc_3': 10, 'new_fc_4': 11, 'new_fc_5': 12, 'new_fc_6': 11, 'new_fc_7': 20, 'new_fc_8': 9, 'new_fc_9': 19, 'new_fc_10': 27}
[94m
|  --> START TRAINING ITERATION 1[0m
[INFO] Flags -> DA: False, L2: False, Skip: False
Building model with input_shape=(32, 32, 3), pos_input_shape=None, layer_x_block=2
Model: "model"
_________________________________________________________________
 Layer (type)                Output Shape              Param #   
=================================================================
 input_1 (InputLayer)        [(None, 32, 32, 3)]       0         
                                                                 
 conv2d (Conv2D)             (None, 32, 32, 4)         112       
                                                                 
 activation (Activation)     (None, 32, 32, 4)         0         
                                                                 
 conv2d_1 (Conv2D)           (None, 32, 32, 4)         148       
                                                                 
 activation_1 (Activation)   (None, 32, 32, 4)         0         
                                                                 
 max_pooling2d (MaxPooling2  (None, 16, 16, 4)         0         
 D)                                                              
                                                                 
 conv2d_2 (Conv2D)           (None, 16, 16, 4)         148       
                                                                 
 activation_2 (Activation)   (None, 16, 16, 4)         0         
                                                                 
 conv2d_3 (Conv2D)           (None, 16, 16, 4)         148       
                                                                 
 activation_3 (Activation)   (None, 16, 16, 4)         0         
                                                                 
 max_pooling2d_1 (MaxPoolin  (None, 8, 8, 4)           0         
 g2D)                                                            
                                                                 
 flatten (Flatten)           (None, 256)               0         
                                                                 
 dense (Dense)               (None, 72)                18504     
                                                                 
 activation_4 (Activation)   (None, 72)                0         
                                                                 
 dropout (Dropout)           (None, 72)                0         
                                                                 
 dense_1 (Dense)             (None, 20)                1460      
                                                                 
 activation_5 (Activation)   (None, 20)                0         
                                                                 
 dropout_1 (Dropout)         (None, 20)                0         
                                                                 
 dense_2 (Dense)             (None, 40)                840       
                                                                 
 activation_6 (Activation)   (None, 40)                0         
                                                                 
 dropout_2 (Dropout)         (None, 40)                0         
                                                                 
 dense_3 (Dense)             (None, 44)                1804      
                                                                 
 activation_7 (Activation)   (None, 44)                0         
                                                                 
 dropout_3 (Dropout)         (None, 44)                0         
                                                                 
 dense_4 (Dense)             (None, 48)                2160      
                                                                 
 activation_8 (Activation)   (None, 48)                0         
                                                                 
 dropout_4 (Dropout)         (None, 48)                0         
                                                                 
 dense_5 (Dense)             (None, 44)                2156      
                                                                 
 activation_9 (Activation)   (None, 44)                0         
                                                                 
 dropout_5 (Dropout)         (None, 44)                0         
                                                                 
 dense_6 (Dense)             (None, 80)                3600      
                                                                 
 activation_10 (Activation)  (None, 80)                0         
                                                                 
 dropout_6 (Dropout)         (None, 80)                0         
                                                                 
 dense_7 (Dense)             (None, 36)                2916      
                                                                 
 activation_11 (Activation)  (None, 36)                0         
                                                                 
 dropout_7 (Dropout)         (None, 36)                0         
                                                                 
 dense_8 (Dense)             (None, 76)                2812      
                                                                 
 activation_12 (Activation)  (None, 76)                0         
                                                                 
 dropout_8 (Dropout)         (None, 76)                0         
                                                                 
 dense_9 (Dense)             (None, 108)               8316      
                                                                 
 activation_13 (Activation)  (None, 108)               0         
                                                                 
 dropout_9 (Dropout)         (None, 108)               0         
                                                                 
 dense_10 (Dense)            (None, 100)               10900     
                                                                 
=================================================================
Total params: 56024 (218.84 KB)
Trainable params: 56024 (218.84 KB)
Non-trainable params: 0 (0.00 Byte)
_________________________________________________________________
Epoch 1/100
6250/6250 - 20s - loss: 4.9221 - accuracy: 0.0103 - val_loss: 4.5923 - val_accuracy: 0.0163 - 20s/epoch - 3ms/step
Epoch 2/100
6250/6250 - 19s - loss: 4.5754 - accuracy: 0.0155 - val_loss: 4.3554 - val_accuracy: 0.0255 - 19s/epoch - 3ms/step
Epoch 3/100
6250/6250 - 19s - loss: 4.4197 - accuracy: 0.0218 - val_loss: 4.2275 - val_accuracy: 0.0327 - 19s/epoch - 3ms/step
Epoch 4/100
6250/6250 - 20s - loss: 4.3217 - accuracy: 0.0292 - val_loss: 4.1949 - val_accuracy: 0.0372 - 20s/epoch - 3ms/step
Epoch 5/100
6250/6250 - 20s - loss: 4.2810 - accuracy: 0.0327 - val_loss: 4.1300 - val_accuracy: 0.0435 - 20s/epoch - 3ms/step
Epoch 6/100
6250/6250 - 19s - loss: 4.2305 - accuracy: 0.0373 - val_loss: 4.0717 - val_accuracy: 0.0588 - 19s/epoch - 3ms/step
Epoch 7/100
6250/6250 - 19s - loss: 4.1878 - accuracy: 0.0394 - val_loss: 4.0436 - val_accuracy: 0.0604 - 19s/epoch - 3ms/step
Epoch 8/100
6250/6250 - 19s - loss: 4.1589 - accuracy: 0.0426 - val_loss: 3.9949 - val_accuracy: 0.0606 - 19s/epoch - 3ms/step
Epoch 9/100
6250/6250 - 20s - loss: 4.1372 - accuracy: 0.0461 - val_loss: 4.0031 - val_accuracy: 0.0582 - 20s/epoch - 3ms/step
Epoch 10/100
6250/6250 - 20s - loss: 4.1191 - accuracy: 0.0479 - val_loss: 3.9539 - val_accuracy: 0.0667 - 20s/epoch - 3ms/step
Epoch 11/100
6250/6250 - 20s - loss: 4.0935 - accuracy: 0.0498 - val_loss: 3.9708 - val_accuracy: 0.0699 - 20s/epoch - 3ms/step
Epoch 12/100
6250/6250 - 20s - loss: 4.0809 - accuracy: 0.0533 - val_loss: 3.9277 - val_accuracy: 0.0696 - 20s/epoch - 3ms/step
Epoch 13/100
6250/6250 - 20s - loss: 4.0556 - accuracy: 0.0540 - val_loss: 3.9458 - val_accuracy: 0.0703 - 20s/epoch - 3ms/step
Epoch 14/100
6250/6250 - 20s - loss: 4.0489 - accuracy: 0.0563 - val_loss: 3.8794 - val_accuracy: 0.0784 - 20s/epoch - 3ms/step
Epoch 15/100
6250/6250 - 20s - loss: 4.0269 - accuracy: 0.0589 - val_loss: 3.8691 - val_accuracy: 0.0812 - 20s/epoch - 3ms/step
Epoch 16/100
6250/6250 - 21s - loss: 4.0224 - accuracy: 0.0566 - val_loss: 3.8588 - val_accuracy: 0.0836 - 21s/epoch - 3ms/step
Epoch 17/100
6250/6250 - 20s - loss: 4.0074 - accuracy: 0.0598 - val_loss: 3.8336 - val_accuracy: 0.0839 - 20s/epoch - 3ms/step
Epoch 18/100
6250/6250 - 19s - loss: 3.9965 - accuracy: 0.0615 - val_loss: 3.8438 - val_accuracy: 0.0863 - 19s/epoch - 3ms/step
Epoch 19/100
6250/6250 - 20s - loss: 3.9827 - accuracy: 0.0630 - val_loss: 3.8249 - val_accuracy: 0.0796 - 20s/epoch - 3ms/step
Epoch 20/100
6250/6250 - 20s - loss: 3.9779 - accuracy: 0.0636 - val_loss: 3.8272 - val_accuracy: 0.0838 - 20s/epoch - 3ms/step
Epoch 21/100
6250/6250 - 20s - loss: 3.9683 - accuracy: 0.0634 - val_loss: 3.9450 - val_accuracy: 0.0733 - 20s/epoch - 3ms/step
Epoch 22/100
6250/6250 - 20s - loss: 3.9618 - accuracy: 0.0647 - val_loss: 3.8253 - val_accuracy: 0.0795 - 20s/epoch - 3ms/step
Epoch 23/100
6250/6250 - 20s - loss: 3.9620 - accuracy: 0.0653 - val_loss: 3.7941 - val_accuracy: 0.0863 - 20s/epoch - 3ms/step
Epoch 24/100
6250/6250 - 19s - loss: 3.9505 - accuracy: 0.0657 - val_loss: 3.8135 - val_accuracy: 0.0818 - 19s/epoch - 3ms/step
Epoch 25/100
6250/6250 - 19s - loss: 3.9474 - accuracy: 0.0664 - val_loss: 3.8193 - val_accuracy: 0.0835 - 19s/epoch - 3ms/step
Epoch 26/100
6250/6250 - 19s - loss: 3.9487 - accuracy: 0.0675 - val_loss: 3.7926 - val_accuracy: 0.0856 - 19s/epoch - 3ms/step
Epoch 27/100
6250/6250 - 20s - loss: 3.9382 - accuracy: 0.0660 - val_loss: 3.7963 - val_accuracy: 0.0859 - 20s/epoch - 3ms/step
Epoch 28/100
6250/6250 - 20s - loss: 3.9386 - accuracy: 0.0678 - val_loss: 3.7755 - val_accuracy: 0.0894 - 20s/epoch - 3ms/step
Epoch 29/100
6250/6250 - 20s - loss: 3.9358 - accuracy: 0.0669 - val_loss: 3.7985 - val_accuracy: 0.0824 - 20s/epoch - 3ms/step
Epoch 30/100
6250/6250 - 20s - loss: 3.9287 - accuracy: 0.0688 - val_loss: 3.7766 - val_accuracy: 0.0844 - 20s/epoch - 3ms/step
Epoch 31/100
6250/6250 - 20s - loss: 3.9248 - accuracy: 0.0671 - val_loss: 3.7778 - val_accuracy: 0.0876 - 20s/epoch - 3ms/step
Epoch 32/100
6250/6250 - 20s - loss: 3.9216 - accuracy: 0.0704 - val_loss: 3.7677 - val_accuracy: 0.0865 - 20s/epoch - 3ms/step
Epoch 33/100
6250/6250 - 20s - loss: 3.9175 - accuracy: 0.0705 - val_loss: 3.7781 - val_accuracy: 0.0858 - 20s/epoch - 3ms/step
Epoch 34/100
6250/6250 - 20s - loss: 3.9143 - accuracy: 0.0712 - val_loss: 3.7716 - val_accuracy: 0.0897 - 20s/epoch - 3ms/step
Epoch 35/100
6250/6250 - 20s - loss: 3.9126 - accuracy: 0.0699 - val_loss: 3.7530 - val_accuracy: 0.0884 - 20s/epoch - 3ms/step
Epoch 36/100
6250/6250 - 20s - loss: 3.9057 - accuracy: 0.0698 - val_loss: 3.7678 - val_accuracy: 0.0916 - 20s/epoch - 3ms/step
Epoch 37/100
6250/6250 - 20s - loss: 3.9040 - accuracy: 0.0715 - val_loss: 3.7649 - val_accuracy: 0.0852 - 20s/epoch - 3ms/step
Epoch 38/100
6250/6250 - 20s - loss: 3.9021 - accuracy: 0.0722 - val_loss: 3.7469 - val_accuracy: 0.0883 - 20s/epoch - 3ms/step
Epoch 39/100
6250/6250 - 20s - loss: 3.8988 - accuracy: 0.0720 - val_loss: 3.7643 - val_accuracy: 0.0917 - 20s/epoch - 3ms/step
Epoch 40/100
6250/6250 - 20s - loss: 3.8941 - accuracy: 0.0726 - val_loss: 3.7574 - val_accuracy: 0.0900 - 20s/epoch - 3ms/step
Epoch 41/100
6250/6250 - 20s - loss: 3.8914 - accuracy: 0.0743 - val_loss: 3.7494 - val_accuracy: 0.0907 - 20s/epoch - 3ms/step
Epoch 42/100
6250/6250 - 20s - loss: 3.8859 - accuracy: 0.0744 - val_loss: 3.7687 - val_accuracy: 0.0910 - 20s/epoch - 3ms/step
Epoch 43/100
6250/6250 - 20s - loss: 3.8888 - accuracy: 0.0729 - val_loss: 3.7272 - val_accuracy: 0.0964 - 20s/epoch - 3ms/step
Epoch 44/100
6250/6250 - 20s - loss: 3.8841 - accuracy: 0.0729 - val_loss: 3.7543 - val_accuracy: 0.0967 - 20s/epoch - 3ms/step
Epoch 45/100
6250/6250 - 20s - loss: 3.8872 - accuracy: 0.0743 - val_loss: 3.7247 - val_accuracy: 0.0942 - 20s/epoch - 3ms/step
Epoch 46/100
6250/6250 - 20s - loss: 3.8809 - accuracy: 0.0772 - val_loss: 3.7266 - val_accuracy: 0.0952 - 20s/epoch - 3ms/step
Epoch 47/100
6250/6250 - 20s - loss: 3.8713 - accuracy: 0.0782 - val_loss: 3.7304 - val_accuracy: 0.0942 - 20s/epoch - 3ms/step
Epoch 48/100
6250/6250 - 20s - loss: 3.8755 - accuracy: 0.0759 - val_loss: 3.7154 - val_accuracy: 0.0995 - 20s/epoch - 3ms/step
Epoch 49/100
6250/6250 - 20s - loss: 3.8696 - accuracy: 0.0785 - val_loss: 3.7499 - val_accuracy: 0.1008 - 20s/epoch - 3ms/step
Epoch 50/100
6250/6250 - 20s - loss: 3.8712 - accuracy: 0.0781 - val_loss: 3.7221 - val_accuracy: 0.0955 - 20s/epoch - 3ms/step
Epoch 51/100
6250/6250 - 20s - loss: 3.8622 - accuracy: 0.0797 - val_loss: 3.7023 - val_accuracy: 0.0965 - 20s/epoch - 3ms/step
Epoch 52/100
6250/6250 - 20s - loss: 3.8631 - accuracy: 0.0782 - val_loss: 3.7114 - val_accuracy: 0.1068 - 20s/epoch - 3ms/step
Epoch 53/100
6250/6250 - 20s - loss: 3.8550 - accuracy: 0.0795 - val_loss: 3.6917 - val_accuracy: 0.1020 - 20s/epoch - 3ms/step
Epoch 54/100
6250/6250 - 20s - loss: 3.8576 - accuracy: 0.0801 - val_loss: 3.6983 - val_accuracy: 0.1079 - 20s/epoch - 3ms/step
Epoch 55/100
6250/6250 - 20s - loss: 3.8513 - accuracy: 0.0809 - val_loss: 3.6874 - val_accuracy: 0.1063 - 20s/epoch - 3ms/step
Epoch 56/100
6250/6250 - 20s - loss: 3.8488 - accuracy: 0.0802 - val_loss: 3.7439 - val_accuracy: 0.0980 - 20s/epoch - 3ms/step
Epoch 57/100
6250/6250 - 20s - loss: 3.8448 - accuracy: 0.0825 - val_loss: 3.7007 - val_accuracy: 0.1029 - 20s/epoch - 3ms/step
Epoch 58/100
6250/6250 - 20s - loss: 3.8435 - accuracy: 0.0821 - val_loss: 3.6896 - val_accuracy: 0.1040 - 20s/epoch - 3ms/step
Epoch 59/100
6250/6250 - 20s - loss: 3.8451 - accuracy: 0.0820 - val_loss: 3.7186 - val_accuracy: 0.1078 - 20s/epoch - 3ms/step
Epoch 60/100
6250/6250 - 20s - loss: 3.8407 - accuracy: 0.0847 - val_loss: 3.6894 - val_accuracy: 0.1043 - 20s/epoch - 3ms/step
Epoch 61/100
6250/6250 - 20s - loss: 3.8435 - accuracy: 0.0837 - val_loss: 3.6906 - val_accuracy: 0.1022 - 20s/epoch - 3ms/step
Epoch 62/100
6250/6250 - 20s - loss: 3.8336 - accuracy: 0.0857 - val_loss: 3.6855 - val_accuracy: 0.1086 - 20s/epoch - 3ms/step
Epoch 63/100
6250/6250 - 20s - loss: 3.8347 - accuracy: 0.0840 - val_loss: 3.6640 - val_accuracy: 0.1050 - 20s/epoch - 3ms/step
Epoch 64/100
6250/6250 - 20s - loss: 3.8326 - accuracy: 0.0846 - val_loss: 3.6637 - val_accuracy: 0.1148 - 20s/epoch - 3ms/step
Epoch 65/100
6250/6250 - 20s - loss: 3.8317 - accuracy: 0.0852 - val_loss: 3.6749 - val_accuracy: 0.1088 - 20s/epoch - 3ms/step
Epoch 66/100
6250/6250 - 20s - loss: 3.8313 - accuracy: 0.0859 - val_loss: 3.6743 - val_accuracy: 0.1106 - 20s/epoch - 3ms/step
Epoch 67/100
6250/6250 - 20s - loss: 3.8350 - accuracy: 0.0863 - val_loss: 3.6695 - val_accuracy: 0.1036 - 20s/epoch - 3ms/step
Epoch 68/100
6250/6250 - 20s - loss: 3.8288 - accuracy: 0.0863 - val_loss: 3.6686 - val_accuracy: 0.1065 - 20s/epoch - 3ms/step
Epoch 69/100
6250/6250 - 20s - loss: 3.8288 - accuracy: 0.0856 - val_loss: 3.6616 - val_accuracy: 0.1087 - 20s/epoch - 3ms/step
Epoch 70/100
6250/6250 - 20s - loss: 3.8272 - accuracy: 0.0869 - val_loss: 3.6882 - val_accuracy: 0.1111 - 20s/epoch - 3ms/step
Epoch 71/100
6250/6250 - 20s - loss: 3.8332 - accuracy: 0.0865 - val_loss: 3.6826 - val_accuracy: 0.1092 - 20s/epoch - 3ms/step
Epoch 72/100
6250/6250 - 20s - loss: 3.8271 - accuracy: 0.0845 - val_loss: 3.6831 - val_accuracy: 0.1028 - 20s/epoch - 3ms/step
Epoch 73/100
6250/6250 - 19s - loss: 3.8223 - accuracy: 0.0877 - val_loss: 3.6599 - val_accuracy: 0.1094 - 19s/epoch - 3ms/step
Epoch 74/100
6250/6250 - 19s - loss: 3.8260 - accuracy: 0.0856 - val_loss: 3.6822 - val_accuracy: 0.0984 - 19s/epoch - 3ms/step
Epoch 75/100
6250/6250 - 19s - loss: 3.8212 - accuracy: 0.0866 - val_loss: 3.6778 - val_accuracy: 0.1082 - 19s/epoch - 3ms/step
Epoch 76/100
6250/6250 - 20s - loss: 3.8198 - accuracy: 0.0869 - val_loss: 3.6862 - val_accuracy: 0.1040 - 20s/epoch - 3ms/step
Epoch 77/100
6250/6250 - 20s - loss: 3.8262 - accuracy: 0.0880 - val_loss: 3.6639 - val_accuracy: 0.1073 - 20s/epoch - 3ms/step
Epoch 78/100
6250/6250 - 20s - loss: 3.8238 - accuracy: 0.0875 - val_loss: 3.6687 - val_accuracy: 0.1096 - 20s/epoch - 3ms/step
Epoch 79/100
6250/6250 - 20s - loss: 3.8188 - accuracy: 0.0852 - val_loss: 3.6936 - val_accuracy: 0.1025 - 20s/epoch - 3ms/step
Epoch 80/100
6250/6250 - 21s - loss: 3.8208 - accuracy: 0.0878 - val_loss: 3.6628 - val_accuracy: 0.1091 - 21s/epoch - 3ms/step
Epoch 81/100
6250/6250 - 20s - loss: 3.8226 - accuracy: 0.0869 - val_loss: 3.6673 - val_accuracy: 0.1033 - 20s/epoch - 3ms/step
Epoch 82/100
6250/6250 - 20s - loss: 3.8178 - accuracy: 0.0883 - val_loss: 3.6584 - val_accuracy: 0.1151 - 20s/epoch - 3ms/step
Epoch 83/100
6250/6250 - 20s - loss: 3.8218 - accuracy: 0.0868 - val_loss: 3.6721 - val_accuracy: 0.1083 - 20s/epoch - 3ms/step
Epoch 84/100
6250/6250 - 20s - loss: 3.8199 - accuracy: 0.0890 - val_loss: 3.6683 - val_accuracy: 0.1139 - 20s/epoch - 3ms/step
Epoch 85/100
6250/6250 - 20s - loss: 3.8173 - accuracy: 0.0883 - val_loss: 3.6748 - val_accuracy: 0.1004 - 20s/epoch - 3ms/step
Epoch 86/100
6250/6250 - 20s - loss: 3.8185 - accuracy: 0.0870 - val_loss: 3.7222 - val_accuracy: 0.0953 - 20s/epoch - 3ms/step
Epoch 87/100
6250/6250 - 20s - loss: 3.8158 - accuracy: 0.0880 - val_loss: 3.6663 - val_accuracy: 0.1061 - 20s/epoch - 3ms/step
Epoch 88/100
6250/6250 - 20s - loss: 3.8137 - accuracy: 0.0873 - val_loss: 3.6552 - val_accuracy: 0.1112 - 20s/epoch - 3ms/step
Epoch 89/100
6250/6250 - 20s - loss: 3.8175 - accuracy: 0.0879 - val_loss: 3.6750 - val_accuracy: 0.1059 - 20s/epoch - 3ms/step
Epoch 90/100
6250/6250 - 20s - loss: 3.8124 - accuracy: 0.0891 - val_loss: 3.6735 - val_accuracy: 0.1126 - 20s/epoch - 3ms/step
Epoch 91/100
6250/6250 - 20s - loss: 3.8145 - accuracy: 0.0861 - val_loss: 3.6697 - val_accuracy: 0.1091 - 20s/epoch - 3ms/step
Epoch 92/100
6250/6250 - 21s - loss: 3.8171 - accuracy: 0.0888 - val_loss: 3.6690 - val_accuracy: 0.1038 - 21s/epoch - 3ms/step
Epoch 93/100
6250/6250 - 21s - loss: 3.8124 - accuracy: 0.0878 - val_loss: 3.6452 - val_accuracy: 0.1155 - 21s/epoch - 3ms/step
Epoch 94/100
Restoring model weights from the end of the best epoch: 64.
6250/6250 - 21s - loss: 3.8154 - accuracy: 0.0886 - val_loss: 3.6551 - val_accuracy: 0.1107 - 21s/epoch - 3ms/step
Epoch 94: early stopping
313/313 - 1s - loss: 3.6637 - accuracy: 0.1148 - 950ms/epoch - 3ms/step

ACCURACY: 0.11479999870061874


SCORE: -0.37878063909043314

[92m | MODULE VALUES ---------------------------------------------  |
 [0m
FLOPS: 789680
PARAMS: 56024.0
[92m 
 | -----------------------------------------------------------  |
 [0m
[INFO] New Best Score: -0.3788 (Previous: -0.2836)

--- BANANAS ITERATION 28 / 1000 ---
Chosen point: {'num_neurons': 8, 'unit_c1': 2, 'unit_c2': 3, 'dr_f': 0.4059751128348945, 'learning_rate': 0.0008508299532266548, 'batch_size': 16, 'optimizer': 'SGD', 'activation': 'swish', 'data_augmentation': False, 'reg_l2': True, 'skip_connection': False, 'new_fc_1': 22, 'new_fc_2': 0, 'new_fc_3': 18, 'new_fc_4': 2, 'new_fc_5': 1, 'new_fc_6': 16, 'new_fc_7': 27, 'new_fc_8': 17, 'new_fc_9': 32, 'new_fc_10': 14}
[94m
|  --> START TRAINING ITERATION 2[0m
[INFO] Flags -> DA: False, L2: True, Skip: False
Building model with input_shape=(32, 32, 3), pos_input_shape=None, layer_x_block=2
Model: "model"
_________________________________________________________________
 Layer (type)                Output Shape              Param #   
=================================================================
 input_1 (InputLayer)        [(None, 32, 32, 3)]       0         
                                                                 
 conv2d (Conv2D)             (None, 32, 32, 16)        448       
                                                                 
 activation (Activation)     (None, 32, 32, 16)        0         
                                                                 
 conv2d_1 (Conv2D)           (None, 32, 32, 16)        2320      
                                                                 
 activation_1 (Activation)   (None, 32, 32, 16)        0         
                                                                 
 max_pooling2d (MaxPooling2  (None, 16, 16, 16)        0         
 D)                                                              
                                                                 
 conv2d_2 (Conv2D)           (None, 16, 16, 24)        3480      
                                                                 
 activation_2 (Activation)   (None, 16, 16, 24)        0         
                                                                 
 conv2d_3 (Conv2D)           (None, 16, 16, 24)        5208      
                                                                 
 activation_3 (Activation)   (None, 16, 16, 24)        0         
                                                                 
 max_pooling2d_1 (MaxPoolin  (None, 8, 8, 24)          0         
 g2D)                                                            
                                                                 
 flatten (Flatten)           (None, 1536)              0         
                                                                 
 dense (Dense)               (None, 176)               270512    
                                                                 
 activation_4 (Activation)   (None, 176)               0         
                                                                 
 dropout (Dropout)           (None, 176)               0         
                                                                 
 dense_1 (Dense)             (None, 144)               25488     
                                                                 
 activation_5 (Activation)   (None, 144)               0         
                                                                 
 dropout_1 (Dropout)         (None, 144)               0         
                                                                 
 dense_2 (Dense)             (None, 16)                2320      
                                                                 
 activation_6 (Activation)   (None, 16)                0         
                                                                 
 dropout_2 (Dropout)         (None, 16)                0         
                                                                 
 dense_3 (Dense)             (None, 8)                 136       
                                                                 
 activation_7 (Activation)   (None, 8)                 0         
                                                                 
 dropout_3 (Dropout)         (None, 8)                 0         
                                                                 
 dense_4 (Dense)             (None, 128)               1152      
                                                                 
 activation_8 (Activation)   (None, 128)               0         
                                                                 
 dropout_4 (Dropout)         (None, 128)               0         
                                                                 
 dense_5 (Dense)             (None, 216)               27864     
                                                                 
 activation_9 (Activation)   (None, 216)               0         
                                                                 
 dropout_5 (Dropout)         (None, 216)               0         
                                                                 
 dense_6 (Dense)             (None, 136)               29512     
                                                                 
 activation_10 (Activation)  (None, 136)               0         
                                                                 
 dropout_6 (Dropout)         (None, 136)               0         
                                                                 
 dense_7 (Dense)             (None, 256)               35072     
                                                                 
 activation_11 (Activation)  (None, 256)               0         
                                                                 
 dropout_7 (Dropout)         (None, 256)               0         
                                                                 
 dense_8 (Dense)             (None, 112)               28784     
                                                                 
 activation_12 (Activation)  (None, 112)               0         
                                                                 
 dropout_8 (Dropout)         (None, 112)               0         
                                                                 
 dense_9 (Dense)             (None, 100)               11300     
                                                                 
=================================================================
Total params: 443596 (1.69 MB)
Trainable params: 443596 (1.69 MB)
Non-trainable params: 0 (0.00 Byte)
_________________________________________________________________
Epoch 1/100
3125/3125 - 13s - loss: 17.4606 - accuracy: 0.0082 - val_loss: 16.8038 - val_accuracy: 0.0100 - 13s/epoch - 4ms/step
Epoch 2/100
3125/3125 - 11s - loss: 16.1921 - accuracy: 0.0087 - val_loss: 15.6009 - val_accuracy: 0.0100 - 11s/epoch - 4ms/step
Epoch 3/100
3125/3125 - 11s - loss: 15.0502 - accuracy: 0.0091 - val_loss: 14.5180 - val_accuracy: 0.0100 - 11s/epoch - 4ms/step
Epoch 4/100
3125/3125 - 11s - loss: 14.0223 - accuracy: 0.0099 - val_loss: 13.5432 - val_accuracy: 0.0100 - 11s/epoch - 4ms/step
Epoch 5/100
3125/3125 - 11s - loss: 13.0968 - accuracy: 0.0088 - val_loss: 12.6655 - val_accuracy: 0.0100 - 11s/epoch - 4ms/step
Epoch 6/100
3125/3125 - 11s - loss: 12.2636 - accuracy: 0.0098 - val_loss: 11.8752 - val_accuracy: 0.0100 - 11s/epoch - 4ms/step
Epoch 7/100
3125/3125 - 11s - loss: 11.5133 - accuracy: 0.0085 - val_loss: 11.1636 - val_accuracy: 0.0100 - 11s/epoch - 4ms/step
Epoch 8/100
3125/3125 - 11s - loss: 10.8378 - accuracy: 0.0091 - val_loss: 10.5228 - val_accuracy: 0.0100 - 11s/epoch - 4ms/step
Epoch 9/100
3125/3125 - 11s - loss: 10.2293 - accuracy: 0.0087 - val_loss: 9.9457 - val_accuracy: 0.0100 - 11s/epoch - 4ms/step
Epoch 10/100
3125/3125 - 11s - loss: 9.6814 - accuracy: 0.0096 - val_loss: 9.4259 - val_accuracy: 0.0100 - 11s/epoch - 4ms/step
Epoch 11/100
3125/3125 - 11s - loss: 9.1878 - accuracy: 0.0097 - val_loss: 8.9576 - val_accuracy: 0.0100 - 11s/epoch - 4ms/step
Epoch 12/100
3125/3125 - 11s - loss: 8.7432 - accuracy: 0.0093 - val_loss: 8.5358 - val_accuracy: 0.0100 - 11s/epoch - 4ms/step
Epoch 13/100
3125/3125 - 11s - loss: 8.3426 - accuracy: 0.0091 - val_loss: 8.1558 - val_accuracy: 0.0100 - 11s/epoch - 4ms/step
Epoch 14/100
3125/3125 - 11s - loss: 7.9817 - accuracy: 0.0092 - val_loss: 7.8134 - val_accuracy: 0.0100 - 11s/epoch - 4ms/step
Epoch 15/100
3125/3125 - 11s - loss: 7.6564 - accuracy: 0.0091 - val_loss: 7.5047 - val_accuracy: 0.0100 - 11s/epoch - 4ms/step
Epoch 16/100
3125/3125 - 11s - loss: 7.3633 - accuracy: 0.0093 - val_loss: 7.2266 - val_accuracy: 0.0100 - 11s/epoch - 4ms/step
Epoch 17/100
3125/3125 - 11s - loss: 7.0991 - accuracy: 0.0092 - val_loss: 6.9758 - val_accuracy: 0.0100 - 11s/epoch - 4ms/step
Epoch 18/100
3125/3125 - 11s - loss: 6.8609 - accuracy: 0.0080 - val_loss: 6.7498 - val_accuracy: 0.0100 - 11s/epoch - 4ms/step
Epoch 19/100
3125/3125 - 11s - loss: 6.6462 - accuracy: 0.0079 - val_loss: 6.5459 - val_accuracy: 0.0100 - 11s/epoch - 4ms/step
Epoch 20/100
3125/3125 - 10s - loss: 6.4525 - accuracy: 0.0089 - val_loss: 6.3621 - val_accuracy: 0.0100 - 10s/epoch - 3ms/step
Epoch 21/100
3125/3125 - 10s - loss: 6.2779 - accuracy: 0.0087 - val_loss: 6.1963 - val_accuracy: 0.0100 - 10s/epoch - 3ms/step
Epoch 22/100
3125/3125 - 11s - loss: 6.1203 - accuracy: 0.0087 - val_loss: 6.0468 - val_accuracy: 0.0100 - 11s/epoch - 4ms/step
Epoch 23/100
3125/3125 - 11s - loss: 5.9782 - accuracy: 0.0087 - val_loss: 5.9118 - val_accuracy: 0.0100 - 11s/epoch - 3ms/step
Epoch 24/100
3125/3125 - 11s - loss: 5.8499 - accuracy: 0.0090 - val_loss: 5.7900 - val_accuracy: 0.0100 - 11s/epoch - 3ms/step
Epoch 25/100
3125/3125 - 11s - loss: 5.7341 - accuracy: 0.0087 - val_loss: 5.6800 - val_accuracy: 0.0100 - 11s/epoch - 4ms/step
Epoch 26/100
3125/3125 - 11s - loss: 5.6295 - accuracy: 0.0090 - val_loss: 5.5807 - val_accuracy: 0.0100 - 11s/epoch - 3ms/step
Epoch 27/100
3125/3125 - 11s - loss: 5.5351 - accuracy: 0.0088 - val_loss: 5.4910 - val_accuracy: 0.0100 - 11s/epoch - 4ms/step
Epoch 28/100
3125/3125 - 11s - loss: 5.4499 - accuracy: 0.0079 - val_loss: 5.4100 - val_accuracy: 0.0100 - 11s/epoch - 3ms/step
Epoch 29/100
3125/3125 - 11s - loss: 5.3728 - accuracy: 0.0084 - val_loss: 5.3369 - val_accuracy: 0.0100 - 11s/epoch - 4ms/step
Epoch 30/100
3125/3125 - 11s - loss: 5.3032 - accuracy: 0.0085 - val_loss: 5.2707 - val_accuracy: 0.0100 - 11s/epoch - 3ms/step
Epoch 31/100
Restoring model weights from the end of the best epoch: 1.
3125/3125 - 11s - loss: 5.2403 - accuracy: 0.0083 - val_loss: 5.2109 - val_accuracy: 0.0100 - 11s/epoch - 4ms/step
Epoch 31: early stopping
313/313 - 1s - loss: 16.8039 - accuracy: 0.0100 - 970ms/epoch - 3ms/step

ACCURACY: 0.009999999776482582


SCORE: -0.2848988478435378

[92m | MODULE VALUES ---------------------------------------------  |
 [0m
FLOPS: 11050576
PARAMS: 443596.0
[92m 
 | -----------------------------------------------------------  |
 [0m

--- BANANAS ITERATION 29 / 1000 ---
Chosen point: {'num_neurons': 16, 'unit_c1': 2, 'unit_c2': 6, 'dr_f': 0.3538649370504299, 'learning_rate': 0.0002681926408454997, 'batch_size': 32, 'optimizer': 'Adagrad', 'activation': 'swish', 'data_augmentation': False, 'reg_l2': True, 'skip_connection': False, 'new_fc_1': 11, 'new_fc_2': 24, 'new_fc_3': 17, 'new_fc_4': 18, 'new_fc_5': 2, 'new_fc_6': 4, 'new_fc_7': 26, 'new_fc_8': 20, 'new_fc_9': 15, 'new_fc_10': 27}
[94m
|  --> START TRAINING ITERATION 3[0m
[INFO] Flags -> DA: False, L2: True, Skip: False
Building model with input_shape=(32, 32, 3), pos_input_shape=None, layer_x_block=2
Model: "model"
_________________________________________________________________
 Layer (type)                Output Shape              Param #   
=================================================================
 input_1 (InputLayer)        [(None, 32, 32, 3)]       0         
                                                                 
 conv2d (Conv2D)             (None, 32, 32, 32)        896       
                                                                 
 activation (Activation)     (None, 32, 32, 32)        0         
                                                                 
 conv2d_1 (Conv2D)           (None, 32, 32, 32)        9248      
                                                                 
 activation_1 (Activation)   (None, 32, 32, 32)        0         
                                                                 
 max_pooling2d (MaxPooling2  (None, 16, 16, 32)        0         
 D)                                                              
                                                                 
 conv2d_2 (Conv2D)           (None, 16, 16, 96)        27744     
                                                                 
 activation_2 (Activation)   (None, 16, 16, 96)        0         
                                                                 
 conv2d_3 (Conv2D)           (None, 16, 16, 96)        83040     
                                                                 
 activation_3 (Activation)   (None, 16, 16, 96)        0         
                                                                 
 max_pooling2d_1 (MaxPoolin  (None, 8, 8, 96)          0         
 g2D)                                                            
                                                                 
 flatten (Flatten)           (None, 6144)              0         
                                                                 
 dense (Dense)               (None, 176)               1081520   
                                                                 
 activation_4 (Activation)   (None, 176)               0         
                                                                 
 dropout (Dropout)           (None, 176)               0         
                                                                 
 dense_1 (Dense)             (None, 384)               67968     
                                                                 
 activation_5 (Activation)   (None, 384)               0         
                                                                 
 dropout_1 (Dropout)         (None, 384)               0         
                                                                 
 dense_2 (Dense)             (None, 272)               104720    
                                                                 
 activation_6 (Activation)   (None, 272)               0         
                                                                 
 dropout_2 (Dropout)         (None, 272)               0         
                                                                 
 dense_3 (Dense)             (None, 288)               78624     
                                                                 
 activation_7 (Activation)   (None, 288)               0         
                                                                 
 dropout_3 (Dropout)         (None, 288)               0         
                                                                 
 dense_4 (Dense)             (None, 32)                9248      
                                                                 
 activation_8 (Activation)   (None, 32)                0         
                                                                 
 dropout_4 (Dropout)         (None, 32)                0         
                                                                 
 dense_5 (Dense)             (None, 64)                2112      
                                                                 
 activation_9 (Activation)   (None, 64)                0         
                                                                 
 dropout_5 (Dropout)         (None, 64)                0         
                                                                 
 dense_6 (Dense)             (None, 416)               27040     
                                                                 
 activation_10 (Activation)  (None, 416)               0         
                                                                 
 dropout_6 (Dropout)         (None, 416)               0         
                                                                 
 dense_7 (Dense)             (None, 320)               133440    
                                                                 
 activation_11 (Activation)  (None, 320)               0         
                                                                 
 dropout_7 (Dropout)         (None, 320)               0         
                                                                 
 dense_8 (Dense)             (None, 240)               77040     
                                                                 
 activation_12 (Activation)  (None, 240)               0         
                                                                 
 dropout_8 (Dropout)         (None, 240)               0         
                                                                 
 dense_9 (Dense)             (None, 432)               104112    
                                                                 
 activation_13 (Activation)  (None, 432)               0         
                                                                 
 dropout_9 (Dropout)         (None, 432)               0         
                                                                 
 dense_10 (Dense)            (None, 100)               43300     
                                                                 
=================================================================
Total params: 1850052 (7.06 MB)
Trainable params: 1850052 (7.06 MB)
Non-trainable params: 0 (0.00 Byte)
_________________________________________________________________
Epoch 1/100
1563/1563 - 12s - loss: 30.6977 - accuracy: 0.0090 - val_loss: 30.0435 - val_accuracy: 0.0100 - 12s/epoch - 8ms/step
Epoch 2/100
1563/1563 - 8s - loss: 29.4192 - accuracy: 0.0087 - val_loss: 28.8071 - val_accuracy: 0.0100 - 8s/epoch - 5ms/step
Epoch 3/100
1563/1563 - 8s - loss: 28.2220 - accuracy: 0.0093 - val_loss: 27.6480 - val_accuracy: 0.0100 - 8s/epoch - 5ms/step
Epoch 4/100
1563/1563 - 8s - loss: 27.0987 - accuracy: 0.0092 - val_loss: 26.5594 - val_accuracy: 0.0100 - 8s/epoch - 5ms/step
Epoch 5/100
1563/1563 - 8s - loss: 26.0426 - accuracy: 0.0093 - val_loss: 25.5350 - val_accuracy: 0.0100 - 8s/epoch - 5ms/step
Epoch 6/100
1563/1563 - 8s - loss: 25.0480 - accuracy: 0.0094 - val_loss: 24.5695 - val_accuracy: 0.0100 - 8s/epoch - 5ms/step
Epoch 7/100
1563/1563 - 8s - loss: 24.1101 - accuracy: 0.0096 - val_loss: 23.6586 - val_accuracy: 0.0100 - 8s/epoch - 5ms/step
Epoch 8/100
1563/1563 - 8s - loss: 23.2246 - accuracy: 0.0102 - val_loss: 22.7978 - val_accuracy: 0.0100 - 8s/epoch - 5ms/step
Epoch 9/100
1563/1563 - 8s - loss: 22.3875 - accuracy: 0.0099 - val_loss: 21.9839 - val_accuracy: 0.0100 - 8s/epoch - 5ms/step
Epoch 10/100
1563/1563 - 8s - loss: 21.5954 - accuracy: 0.0096 - val_loss: 21.2132 - val_accuracy: 0.0100 - 8s/epoch - 5ms/step
Epoch 11/100
1563/1563 - 8s - loss: 20.8451 - accuracy: 0.0100 - val_loss: 20.4829 - val_accuracy: 0.0100 - 8s/epoch - 5ms/step
Epoch 12/100
1563/1563 - 8s - loss: 20.1339 - accuracy: 0.0100 - val_loss: 19.7904 - val_accuracy: 0.0100 - 8s/epoch - 5ms/step
Epoch 13/100
1563/1563 - 8s - loss: 19.4592 - accuracy: 0.0102 - val_loss: 19.1331 - val_accuracy: 0.0100 - 8s/epoch - 5ms/step
Epoch 14/100
1563/1563 - 8s - loss: 18.8186 - accuracy: 0.0100 - val_loss: 18.5088 - val_accuracy: 0.0100 - 8s/epoch - 5ms/step
Epoch 15/100
1563/1563 - 8s - loss: 18.2100 - accuracy: 0.0098 - val_loss: 17.9156 - val_accuracy: 0.0100 - 8s/epoch - 5ms/step
Epoch 16/100
1563/1563 - 8s - loss: 17.6315 - accuracy: 0.0098 - val_loss: 17.3516 - val_accuracy: 0.0100 - 8s/epoch - 5ms/step
Epoch 17/100
1563/1563 - 8s - loss: 17.0813 - accuracy: 0.0105 - val_loss: 16.8149 - val_accuracy: 0.0100 - 8s/epoch - 5ms/step
Epoch 18/100
1563/1563 - 8s - loss: 16.5576 - accuracy: 0.0096 - val_loss: 16.3040 - val_accuracy: 0.0100 - 8s/epoch - 5ms/step
Epoch 19/100
1563/1563 - 8s - loss: 16.0589 - accuracy: 0.0100 - val_loss: 15.8174 - val_accuracy: 0.0100 - 8s/epoch - 5ms/step
Epoch 20/100
1563/1563 - 8s - loss: 15.5839 - accuracy: 0.0101 - val_loss: 15.3537 - val_accuracy: 0.0100 - 8s/epoch - 5ms/step
Epoch 21/100
1563/1563 - 8s - loss: 15.1312 - accuracy: 0.0104 - val_loss: 14.9118 - val_accuracy: 0.0100 - 8s/epoch - 5ms/step
Epoch 22/100
1563/1563 - 8s - loss: 14.6996 - accuracy: 0.0102 - val_loss: 14.4903 - val_accuracy: 0.0100 - 8s/epoch - 5ms/step
Epoch 23/100
1563/1563 - 8s - loss: 14.2879 - accuracy: 0.0104 - val_loss: 14.0882 - val_accuracy: 0.0100 - 8s/epoch - 5ms/step
Epoch 24/100
1563/1563 - 8s - loss: 13.8950 - accuracy: 0.0100 - val_loss: 13.7044 - val_accuracy: 0.0100 - 8s/epoch - 5ms/step
Epoch 25/100
1563/1563 - 8s - loss: 13.5200 - accuracy: 0.0098 - val_loss: 13.3380 - val_accuracy: 0.0100 - 8s/epoch - 5ms/step
Epoch 26/100
1563/1563 - 8s - loss: 13.1619 - accuracy: 0.0099 - val_loss: 12.9881 - val_accuracy: 0.0100 - 8s/epoch - 5ms/step
Epoch 27/100
1563/1563 - 8s - loss: 12.8198 - accuracy: 0.0104 - val_loss: 12.6538 - val_accuracy: 0.0100 - 8s/epoch - 5ms/step
Epoch 28/100
1563/1563 - 8s - loss: 12.4930 - accuracy: 0.0099 - val_loss: 12.3343 - val_accuracy: 0.0100 - 8s/epoch - 5ms/step
Epoch 29/100
1563/1563 - 8s - loss: 12.1806 - accuracy: 0.0100 - val_loss: 12.0290 - val_accuracy: 0.0100 - 8s/epoch - 5ms/step
Epoch 30/100
1563/1563 - 8s - loss: 11.8820 - accuracy: 0.0101 - val_loss: 11.7369 - val_accuracy: 0.0100 - 8s/epoch - 5ms/step
Epoch 31/100
Restoring model weights from the end of the best epoch: 1.
1563/1563 - 8s - loss: 11.5964 - accuracy: 0.0100 - val_loss: 11.4576 - val_accuracy: 0.0100 - 8s/epoch - 5ms/step
Epoch 31: early stopping
313/313 - 1s - loss: 30.0435 - accuracy: 0.0100 - 585ms/epoch - 2ms/step

ACCURACY: 0.009999999776482582


SCORE: -0.1447407518435378

[92m | MODULE VALUES ---------------------------------------------  |
 [0m
FLOPS: 81129624
PARAMS: 1850052.0
[92m 
 | -----------------------------------------------------------  |
 [0m

--- BANANAS ITERATION 30 / 1000 ---
Chosen point: {'num_neurons': 8, 'unit_c1': 1, 'unit_c2': 2, 'dr_f': 0.4626099132310193, 'learning_rate': 0.0004844295325989805, 'batch_size': 32, 'optimizer': 'SGD', 'activation': 'elu', 'data_augmentation': False, 'reg_l2': True, 'skip_connection': True, 'new_fc_1': 26, 'new_fc_2': 20, 'new_fc_3': 22, 'new_fc_4': 6, 'new_fc_5': 18, 'new_fc_6': 8, 'new_fc_7': 11, 'new_fc_8': 29, 'new_fc_9': 6, 'new_fc_10': 1}
[94m
|  --> START TRAINING ITERATION 4[0m
[INFO] Flags -> DA: False, L2: True, Skip: True
Building model with input_shape=(32, 32, 3), pos_input_shape=None, layer_x_block=2
Model: "model"
__________________________________________________________________________________________________
 Layer (type)                Output Shape                 Param #   Connected to                  
==================================================================================================
 input_1 (InputLayer)        [(None, 32, 32, 3)]          0         []                            
                                                                                                  
 conv2d (Conv2D)             (None, 32, 32, 8)            224       ['input_1[0][0]']             
                                                                                                  
 activation (Activation)     (None, 32, 32, 8)            0         ['conv2d[0][0]']              
                                                                                                  
 conv2d_2 (Conv2D)           (None, 32, 32, 8)            32        ['input_1[0][0]']             
                                                                                                  
 conv2d_1 (Conv2D)           (None, 32, 32, 8)            584       ['activation[0][0]']          
                                                                                                  
 add (Add)                   (None, 32, 32, 8)            0         ['conv2d_2[0][0]',            
                                                                     'conv2d_1[0][0]']            
                                                                                                  
 activation_1 (Activation)   (None, 32, 32, 8)            0         ['add[0][0]']                 
                                                                                                  
 max_pooling2d (MaxPooling2  (None, 16, 16, 8)            0         ['activation_1[0][0]']        
 D)                                                                                               
                                                                                                  
 conv2d_3 (Conv2D)           (None, 16, 16, 16)           1168      ['max_pooling2d[0][0]']       
                                                                                                  
 activation_2 (Activation)   (None, 16, 16, 16)           0         ['conv2d_3[0][0]']            
                                                                                                  
 conv2d_5 (Conv2D)           (None, 16, 16, 16)           144       ['max_pooling2d[0][0]']       
                                                                                                  
 conv2d_4 (Conv2D)           (None, 16, 16, 16)           2320      ['activation_2[0][0]']        
                                                                                                  
 add_1 (Add)                 (None, 16, 16, 16)           0         ['conv2d_5[0][0]',            
                                                                     'conv2d_4[0][0]']            
                                                                                                  
 activation_3 (Activation)   (None, 16, 16, 16)           0         ['add_1[0][0]']               
                                                                                                  
 max_pooling2d_1 (MaxPoolin  (None, 8, 8, 16)             0         ['activation_3[0][0]']        
 g2D)                                                                                             
                                                                                                  
 flatten (Flatten)           (None, 1024)                 0         ['max_pooling2d_1[0][0]']     
                                                                                                  
 dense (Dense)               (None, 208)                  213200    ['flatten[0][0]']             
                                                                                                  
 activation_4 (Activation)   (None, 208)                  0         ['dense[0][0]']               
                                                                                                  
 dropout (Dropout)           (None, 208)                  0         ['activation_4[0][0]']        
                                                                                                  
 dense_1 (Dense)             (None, 160)                  33440     ['dropout[0][0]']             
                                                                                                  
 activation_5 (Activation)   (None, 160)                  0         ['dense_1[0][0]']             
                                                                                                  
 dropout_1 (Dropout)         (None, 160)                  0         ['activation_5[0][0]']        
                                                                                                  
 dense_2 (Dense)             (None, 176)                  28336     ['dropout_1[0][0]']           
                                                                                                  
 activation_6 (Activation)   (None, 176)                  0         ['dense_2[0][0]']             
                                                                                                  
 dropout_2 (Dropout)         (None, 176)                  0         ['activation_6[0][0]']        
                                                                                                  
 dense_3 (Dense)             (None, 48)                   8496      ['dropout_2[0][0]']           
                                                                                                  
 activation_7 (Activation)   (None, 48)                   0         ['dense_3[0][0]']             
                                                                                                  
 dropout_3 (Dropout)         (None, 48)                   0         ['activation_7[0][0]']        
                                                                                                  
 dense_4 (Dense)             (None, 144)                  7056      ['dropout_3[0][0]']           
                                                                                                  
 activation_8 (Activation)   (None, 144)                  0         ['dense_4[0][0]']             
                                                                                                  
 dropout_4 (Dropout)         (None, 144)                  0         ['activation_8[0][0]']        
                                                                                                  
 dense_5 (Dense)             (None, 64)                   9280      ['dropout_4[0][0]']           
                                                                                                  
 activation_9 (Activation)   (None, 64)                   0         ['dense_5[0][0]']             
                                                                                                  
 dropout_5 (Dropout)         (None, 64)                   0         ['activation_9[0][0]']        
                                                                                                  
 dense_6 (Dense)             (None, 88)                   5720      ['dropout_5[0][0]']           
                                                                                                  
 activation_10 (Activation)  (None, 88)                   0         ['dense_6[0][0]']             
                                                                                                  
 dropout_6 (Dropout)         (None, 88)                   0         ['activation_10[0][0]']       
                                                                                                  
 dense_7 (Dense)             (None, 232)                  20648     ['dropout_6[0][0]']           
                                                                                                  
 activation_11 (Activation)  (None, 232)                  0         ['dense_7[0][0]']             
                                                                                                  
 dropout_7 (Dropout)         (None, 232)                  0         ['activation_11[0][0]']       
                                                                                                  
 dense_8 (Dense)             (None, 48)                   11184     ['dropout_7[0][0]']           
                                                                                                  
 activation_12 (Activation)  (None, 48)                   0         ['dense_8[0][0]']             
                                                                                                  
 dropout_8 (Dropout)         (None, 48)                   0         ['activation_12[0][0]']       
                                                                                                  
 dense_9 (Dense)             (None, 8)                    392       ['dropout_8[0][0]']           
                                                                                                  
 activation_13 (Activation)  (None, 8)                    0         ['dense_9[0][0]']             
                                                                                                  
 dropout_9 (Dropout)         (None, 8)                    0         ['activation_13[0][0]']       
                                                                                                  
 dense_10 (Dense)            (None, 100)                  900       ['dropout_9[0][0]']           
                                                                                                  
==================================================================================================
Total params: 343124 (1.31 MB)
Trainable params: 343124 (1.31 MB)
Non-trainable params: 0 (0.00 Byte)
__________________________________________________________________________________________________
Epoch 1/100
1563/1563 - 9s - loss: 17.3405 - accuracy: 0.0097 - val_loss: 17.0438 - val_accuracy: 0.0101 - 9s/epoch - 6ms/step
Epoch 2/100
1563/1563 - 6s - loss: 16.9176 - accuracy: 0.0096 - val_loss: 16.6690 - val_accuracy: 0.0102 - 6s/epoch - 4ms/step
Epoch 3/100
1563/1563 - 6s - loss: 16.5297 - accuracy: 0.0105 - val_loss: 16.3091 - val_accuracy: 0.0099 - 6s/epoch - 4ms/step
Epoch 4/100
1563/1563 - 6s - loss: 16.1647 - accuracy: 0.0103 - val_loss: 15.9622 - val_accuracy: 0.0100 - 6s/epoch - 4ms/step
Epoch 5/100
1563/1563 - 6s - loss: 15.8157 - accuracy: 0.0102 - val_loss: 15.6270 - val_accuracy: 0.0108 - 6s/epoch - 4ms/step
Epoch 6/100
1563/1563 - 6s - loss: 15.4833 - accuracy: 0.0100 - val_loss: 15.3028 - val_accuracy: 0.0108 - 6s/epoch - 4ms/step
Epoch 7/100
1563/1563 - 6s - loss: 15.1581 - accuracy: 0.0100 - val_loss: 14.9891 - val_accuracy: 0.0109 - 6s/epoch - 4ms/step
Epoch 8/100
1563/1563 - 6s - loss: 14.8465 - accuracy: 0.0102 - val_loss: 14.6853 - val_accuracy: 0.0100 - 6s/epoch - 4ms/step
Epoch 9/100
1563/1563 - 6s - loss: 14.5450 - accuracy: 0.0102 - val_loss: 14.3911 - val_accuracy: 0.0104 - 6s/epoch - 4ms/step
Epoch 10/100
1563/1563 - 6s - loss: 14.2546 - accuracy: 0.0105 - val_loss: 14.1059 - val_accuracy: 0.0105 - 6s/epoch - 4ms/step
Epoch 11/100
1563/1563 - 6s - loss: 13.9712 - accuracy: 0.0105 - val_loss: 13.8296 - val_accuracy: 0.0109 - 6s/epoch - 4ms/step
Epoch 12/100
1563/1563 - 6s - loss: 13.6990 - accuracy: 0.0100 - val_loss: 13.5616 - val_accuracy: 0.0110 - 6s/epoch - 4ms/step
Epoch 13/100
1563/1563 - 6s - loss: 13.4337 - accuracy: 0.0100 - val_loss: 13.3019 - val_accuracy: 0.0114 - 6s/epoch - 4ms/step
Epoch 14/100
1563/1563 - 6s - loss: 13.1777 - accuracy: 0.0095 - val_loss: 13.0499 - val_accuracy: 0.0108 - 6s/epoch - 4ms/step
Epoch 15/100
1563/1563 - 6s - loss: 12.9289 - accuracy: 0.0102 - val_loss: 12.8055 - val_accuracy: 0.0109 - 6s/epoch - 4ms/step
Epoch 16/100
1563/1563 - 6s - loss: 12.6878 - accuracy: 0.0098 - val_loss: 12.5684 - val_accuracy: 0.0118 - 6s/epoch - 4ms/step
Epoch 17/100
1563/1563 - 6s - loss: 12.4540 - accuracy: 0.0099 - val_loss: 12.3385 - val_accuracy: 0.0113 - 6s/epoch - 4ms/step
Epoch 18/100
1563/1563 - 6s - loss: 12.2275 - accuracy: 0.0096 - val_loss: 12.1153 - val_accuracy: 0.0107 - 6s/epoch - 4ms/step
Epoch 19/100
1563/1563 - 6s - loss: 12.0071 - accuracy: 0.0106 - val_loss: 11.8988 - val_accuracy: 0.0102 - 6s/epoch - 4ms/step
Epoch 20/100
1563/1563 - 6s - loss: 11.7936 - accuracy: 0.0102 - val_loss: 11.6888 - val_accuracy: 0.0100 - 6s/epoch - 4ms/step
Epoch 21/100
1563/1563 - 6s - loss: 11.5871 - accuracy: 0.0105 - val_loss: 11.4849 - val_accuracy: 0.0101 - 6s/epoch - 4ms/step
Epoch 22/100
1563/1563 - 6s - loss: 11.3859 - accuracy: 0.0094 - val_loss: 11.2871 - val_accuracy: 0.0100 - 6s/epoch - 4ms/step
Epoch 23/100
1563/1563 - 6s - loss: 11.1909 - accuracy: 0.0096 - val_loss: 11.0952 - val_accuracy: 0.0100 - 6s/epoch - 4ms/step
Epoch 24/100
1563/1563 - 6s - loss: 11.0018 - accuracy: 0.0098 - val_loss: 10.9089 - val_accuracy: 0.0100 - 6s/epoch - 4ms/step
Epoch 25/100
1563/1563 - 6s - loss: 10.8182 - accuracy: 0.0098 - val_loss: 10.7281 - val_accuracy: 0.0100 - 6s/epoch - 4ms/step
Epoch 26/100
1563/1563 - 6s - loss: 10.6402 - accuracy: 0.0096 - val_loss: 10.5527 - val_accuracy: 0.0100 - 6s/epoch - 4ms/step
Epoch 27/100
1563/1563 - 6s - loss: 10.4672 - accuracy: 0.0101 - val_loss: 10.3824 - val_accuracy: 0.0100 - 6s/epoch - 4ms/step
Epoch 28/100
1563/1563 - 6s - loss: 10.2996 - accuracy: 0.0104 - val_loss: 10.2172 - val_accuracy: 0.0100 - 6s/epoch - 4ms/step
Epoch 29/100
1563/1563 - 6s - loss: 10.1367 - accuracy: 0.0092 - val_loss: 10.0568 - val_accuracy: 0.0100 - 6s/epoch - 4ms/step
Epoch 30/100
1563/1563 - 6s - loss: 9.9787 - accuracy: 0.0102 - val_loss: 9.9012 - val_accuracy: 0.0100 - 6s/epoch - 4ms/step
Epoch 31/100
Restoring model weights from the end of the best epoch: 1.
1563/1563 - 6s - loss: 9.8255 - accuracy: 0.0091 - val_loss: 9.7502 - val_accuracy: 0.0100 - 6s/epoch - 4ms/step
Epoch 31: early stopping
313/313 - 1s - loss: 17.0438 - accuracy: 0.0101 - 517ms/epoch - 2ms/step

ACCURACY: 0.010099999606609344


SCORE: -0.2985817117246265

[92m | MODULE VALUES ---------------------------------------------  |
 [0m
FLOPS: 4244144
PARAMS: 343124.0
[92m 
 | -----------------------------------------------------------  |
 [0m

--- BANANAS ITERATION 31 / 1000 ---
Chosen point: {'num_neurons': 4, 'unit_c1': 1, 'unit_c2': 5, 'dr_f': 0.2582160218025738, 'learning_rate': 0.00026834064730293537, 'batch_size': 32, 'optimizer': 'SGD', 'activation': 'relu', 'data_augmentation': True, 'reg_l2': True, 'skip_connection': False, 'new_fc_1': 14, 'new_fc_2': 14, 'new_fc_3': 5, 'new_fc_4': 11, 'new_fc_5': 18, 'new_fc_6': 4, 'new_fc_7': 26, 'new_fc_8': 9, 'new_fc_9': 13, 'new_fc_10': 14}
[94m
|  --> START TRAINING ITERATION 5[0m
[INFO] Flags -> DA: True, L2: True, Skip: False
Building model with input_shape=(32, 32, 3), pos_input_shape=None, layer_x_block=2
Model: "model"
_________________________________________________________________
 Layer (type)                Output Shape              Param #   
=================================================================
 input_2 (InputLayer)        [(None, 32, 32, 3)]       0         
                                                                 
 conv2d (Conv2D)             (None, 32, 32, 4)         112       
                                                                 
 activation (Activation)     (None, 32, 32, 4)         0         
                                                                 
 conv2d_1 (Conv2D)           (None, 32, 32, 4)         148       
                                                                 
 activation_1 (Activation)   (None, 32, 32, 4)         0         
                                                                 
 max_pooling2d (MaxPooling2  (None, 16, 16, 4)         0         
 D)                                                              
                                                                 
 conv2d_2 (Conv2D)           (None, 16, 16, 20)        740       
                                                                 
 activation_2 (Activation)   (None, 16, 16, 20)        0         
                                                                 
 conv2d_3 (Conv2D)           (None, 16, 16, 20)        3620      
                                                                 
 activation_3 (Activation)   (None, 16, 16, 20)        0         
                                                                 
 max_pooling2d_1 (MaxPoolin  (None, 8, 8, 20)          0         
 g2D)                                                            
                                                                 
 flatten (Flatten)           (None, 1280)              0         
                                                                 
 dense (Dense)               (None, 56)                71736     
                                                                 
 activation_4 (Activation)   (None, 56)                0         
                                                                 
 dropout (Dropout)           (None, 56)                0         
                                                                 
 dense_1 (Dense)             (None, 56)                3192      
                                                                 
 activation_5 (Activation)   (None, 56)                0         
                                                                 
 dropout_1 (Dropout)         (None, 56)                0         
                                                                 
 dense_2 (Dense)             (None, 20)                1140      
                                                                 
 activation_6 (Activation)   (None, 20)                0         
                                                                 
 dropout_2 (Dropout)         (None, 20)                0         
                                                                 
 dense_3 (Dense)             (None, 44)                924       
                                                                 
 activation_7 (Activation)   (None, 44)                0         
                                                                 
 dropout_3 (Dropout)         (None, 44)                0         
                                                                 
 dense_4 (Dense)             (None, 72)                3240      
                                                                 
 activation_8 (Activation)   (None, 72)                0         
                                                                 
 dropout_4 (Dropout)         (None, 72)                0         
                                                                 
 dense_5 (Dense)             (None, 16)                1168      
                                                                 
 activation_9 (Activation)   (None, 16)                0         
                                                                 
 dropout_5 (Dropout)         (None, 16)                0         
                                                                 
 dense_6 (Dense)             (None, 104)               1768      
                                                                 
 activation_10 (Activation)  (None, 104)               0         
                                                                 
 dropout_6 (Dropout)         (None, 104)               0         
                                                                 
 dense_7 (Dense)             (None, 36)                3780      
                                                                 
 activation_11 (Activation)  (None, 36)                0         
                                                                 
 dropout_7 (Dropout)         (None, 36)                0         
                                                                 
 dense_8 (Dense)             (None, 52)                1924      
                                                                 
 activation_12 (Activation)  (None, 52)                0         
                                                                 
 dropout_8 (Dropout)         (None, 52)                0         
                                                                 
 dense_9 (Dense)             (None, 56)                2968      
                                                                 
 activation_13 (Activation)  (None, 56)                0         
                                                                 
 dropout_9 (Dropout)         (None, 56)                0         
                                                                 
 dense_10 (Dense)            (None, 100)               5700      
                                                                 
=================================================================
Total params: 102160 (399.06 KB)
Trainable params: 102160 (399.06 KB)
Non-trainable params: 0 (0.00 Byte)
_________________________________________________________________
Epoch 1/100
1563/1563 - 8s - loss: 10.3293 - accuracy: 0.0093 - val_loss: 10.2828 - val_accuracy: 0.0157 - 8s/epoch - 5ms/step
Epoch 2/100
1563/1563 - 5s - loss: 10.2370 - accuracy: 0.0101 - val_loss: 10.1912 - val_accuracy: 0.0110 - 5s/epoch - 3ms/step
Epoch 3/100
1563/1563 - 6s - loss: 10.1461 - accuracy: 0.0104 - val_loss: 10.1011 - val_accuracy: 0.0100 - 6s/epoch - 4ms/step
Epoch 4/100
1563/1563 - 5s - loss: 10.0568 - accuracy: 0.0101 - val_loss: 10.0125 - val_accuracy: 0.0103 - 5s/epoch - 4ms/step
Epoch 5/100
1563/1563 - 6s - loss: 9.9689 - accuracy: 0.0108 - val_loss: 9.9254 - val_accuracy: 0.0100 - 6s/epoch - 4ms/step
Epoch 6/100
1563/1563 - 5s - loss: 9.8824 - accuracy: 0.0106 - val_loss: 9.8397 - val_accuracy: 0.0100 - 5s/epoch - 4ms/step
Epoch 7/100
1563/1563 - 6s - loss: 9.7974 - accuracy: 0.0105 - val_loss: 9.7553 - val_accuracy: 0.0100 - 6s/epoch - 4ms/step
Epoch 8/100
1563/1563 - 5s - loss: 9.7138 - accuracy: 0.0107 - val_loss: 9.6724 - val_accuracy: 0.0100 - 5s/epoch - 4ms/step
Epoch 9/100
1563/1563 - 6s - loss: 9.6316 - accuracy: 0.0104 - val_loss: 9.5908 - val_accuracy: 0.0100 - 6s/epoch - 4ms/step
Epoch 10/100
1563/1563 - 5s - loss: 9.5507 - accuracy: 0.0101 - val_loss: 9.5106 - val_accuracy: 0.0100 - 5s/epoch - 4ms/step
Epoch 11/100
1563/1563 - 6s - loss: 9.4711 - accuracy: 0.0115 - val_loss: 9.4317 - val_accuracy: 0.0101 - 6s/epoch - 4ms/step
Epoch 12/100
1563/1563 - 5s - loss: 9.3928 - accuracy: 0.0099 - val_loss: 9.3541 - val_accuracy: 0.0100 - 5s/epoch - 4ms/step
Epoch 13/100
1563/1563 - 6s - loss: 9.3158 - accuracy: 0.0104 - val_loss: 9.2777 - val_accuracy: 0.0100 - 6s/epoch - 4ms/step
Epoch 14/100
1563/1563 - 5s - loss: 9.2401 - accuracy: 0.0105 - val_loss: 9.2026 - val_accuracy: 0.0117 - 5s/epoch - 4ms/step
Epoch 15/100
1563/1563 - 6s - loss: 9.1656 - accuracy: 0.0095 - val_loss: 9.1288 - val_accuracy: 0.0105 - 6s/epoch - 4ms/step
Epoch 16/100
1563/1563 - 5s - loss: 9.0924 - accuracy: 0.0094 - val_loss: 9.0561 - val_accuracy: 0.0100 - 5s/epoch - 4ms/step
Epoch 17/100
1563/1563 - 5s - loss: 9.0203 - accuracy: 0.0095 - val_loss: 8.9847 - val_accuracy: 0.0100 - 5s/epoch - 4ms/step
Epoch 18/100
1563/1563 - 6s - loss: 8.9495 - accuracy: 0.0105 - val_loss: 8.9144 - val_accuracy: 0.0120 - 6s/epoch - 4ms/step
Epoch 19/100
1563/1563 - 6s - loss: 8.8798 - accuracy: 0.0103 - val_loss: 8.8453 - val_accuracy: 0.0110 - 6s/epoch - 4ms/step
Epoch 20/100
1563/1563 - 5s - loss: 8.8112 - accuracy: 0.0095 - val_loss: 8.7773 - val_accuracy: 0.0100 - 5s/epoch - 3ms/step
Epoch 21/100
1563/1563 - 5s - loss: 8.7438 - accuracy: 0.0094 - val_loss: 8.7104 - val_accuracy: 0.0100 - 5s/epoch - 3ms/step
Epoch 22/100
1563/1563 - 6s - loss: 8.6774 - accuracy: 0.0104 - val_loss: 8.6446 - val_accuracy: 0.0082 - 6s/epoch - 4ms/step
Epoch 23/100
1563/1563 - 6s - loss: 8.6122 - accuracy: 0.0098 - val_loss: 8.5799 - val_accuracy: 0.0100 - 6s/epoch - 4ms/step
Epoch 24/100
1563/1563 - 5s - loss: 8.5480 - accuracy: 0.0103 - val_loss: 8.5162 - val_accuracy: 0.0100 - 5s/epoch - 3ms/step
Epoch 25/100
1563/1563 - 5s - loss: 8.4848 - accuracy: 0.0099 - val_loss: 8.4536 - val_accuracy: 0.0100 - 5s/epoch - 4ms/step
Epoch 26/100
1563/1563 - 6s - loss: 8.4227 - accuracy: 0.0098 - val_loss: 8.3920 - val_accuracy: 0.0100 - 6s/epoch - 4ms/step
Epoch 27/100
1563/1563 - 6s - loss: 8.3617 - accuracy: 0.0106 - val_loss: 8.3314 - val_accuracy: 0.0100 - 6s/epoch - 4ms/step
Epoch 28/100
1563/1563 - 5s - loss: 8.3016 - accuracy: 0.0106 - val_loss: 8.2718 - val_accuracy: 0.0100 - 5s/epoch - 3ms/step
Epoch 29/100
1563/1563 - 6s - loss: 8.2425 - accuracy: 0.0098 - val_loss: 8.2132 - val_accuracy: 0.0100 - 6s/epoch - 4ms/step
Epoch 30/100
1563/1563 - 6s - loss: 8.1844 - accuracy: 0.0105 - val_loss: 8.1556 - val_accuracy: 0.0101 - 6s/epoch - 4ms/step
Epoch 31/100
Restoring model weights from the end of the best epoch: 1.
1563/1563 - 6s - loss: 8.1272 - accuracy: 0.0104 - val_loss: 8.0989 - val_accuracy: 0.0100 - 6s/epoch - 4ms/step
Epoch 31: early stopping
313/313 - 0s - loss: 10.2828 - accuracy: 0.0157 - 494ms/epoch - 2ms/step

ACCURACY: 0.015699999406933784


SCORE: -0.30508889558485364

[92m | MODULE VALUES ---------------------------------------------  |
 [0m
FLOPS: 2950552
PARAMS: 102160.0
[92m 
 | -----------------------------------------------------------  |
 [0m

--- BANANAS ITERATION 32 / 1000 ---
Chosen point: {'num_neurons': 8, 'unit_c1': 2, 'unit_c2': 4, 'dr_f': 0.44413317455561585, 'learning_rate': 0.0005191586749131204, 'batch_size': 32, 'optimizer': 'Adam', 'activation': 'elu', 'data_augmentation': False, 'reg_l2': False, 'skip_connection': True, 'new_fc_1': 26, 'new_fc_2': 2, 'new_fc_3': 8, 'new_fc_4': 27, 'new_fc_5': 20, 'new_fc_6': 27, 'new_fc_7': 23, 'new_fc_8': 17, 'new_fc_9': 8, 'new_fc_10': 25}
[94m
|  --> START TRAINING ITERATION 6[0m
[INFO] Flags -> DA: False, L2: False, Skip: True
Building model with input_shape=(32, 32, 3), pos_input_shape=None, layer_x_block=2
Model: "model"
__________________________________________________________________________________________________
 Layer (type)                Output Shape                 Param #   Connected to                  
==================================================================================================
 input_1 (InputLayer)        [(None, 32, 32, 3)]          0         []                            
                                                                                                  
 conv2d (Conv2D)             (None, 32, 32, 16)           448       ['input_1[0][0]']             
                                                                                                  
 activation (Activation)     (None, 32, 32, 16)           0         ['conv2d[0][0]']              
                                                                                                  
 conv2d_2 (Conv2D)           (None, 32, 32, 16)           64        ['input_1[0][0]']             
                                                                                                  
 conv2d_1 (Conv2D)           (None, 32, 32, 16)           2320      ['activation[0][0]']          
                                                                                                  
 add (Add)                   (None, 32, 32, 16)           0         ['conv2d_2[0][0]',            
                                                                     'conv2d_1[0][0]']            
                                                                                                  
 activation_1 (Activation)   (None, 32, 32, 16)           0         ['add[0][0]']                 
                                                                                                  
 max_pooling2d (MaxPooling2  (None, 16, 16, 16)           0         ['activation_1[0][0]']        
 D)                                                                                               
                                                                                                  
 conv2d_3 (Conv2D)           (None, 16, 16, 32)           4640      ['max_pooling2d[0][0]']       
                                                                                                  
 activation_2 (Activation)   (None, 16, 16, 32)           0         ['conv2d_3[0][0]']            
                                                                                                  
 conv2d_5 (Conv2D)           (None, 16, 16, 32)           544       ['max_pooling2d[0][0]']       
                                                                                                  
 conv2d_4 (Conv2D)           (None, 16, 16, 32)           9248      ['activation_2[0][0]']        
                                                                                                  
 add_1 (Add)                 (None, 16, 16, 32)           0         ['conv2d_5[0][0]',            
                                                                     'conv2d_4[0][0]']            
                                                                                                  
 activation_3 (Activation)   (None, 16, 16, 32)           0         ['add_1[0][0]']               
                                                                                                  
 max_pooling2d_1 (MaxPoolin  (None, 8, 8, 32)             0         ['activation_3[0][0]']        
 g2D)                                                                                             
                                                                                                  
 flatten (Flatten)           (None, 2048)                 0         ['max_pooling2d_1[0][0]']     
                                                                                                  
 dense (Dense)               (None, 208)                  426192    ['flatten[0][0]']             
                                                                                                  
 activation_4 (Activation)   (None, 208)                  0         ['dense[0][0]']               
                                                                                                  
 dropout (Dropout)           (None, 208)                  0         ['activation_4[0][0]']        
                                                                                                  
 dense_1 (Dense)             (None, 16)                   3344      ['dropout[0][0]']             
                                                                                                  
 activation_5 (Activation)   (None, 16)                   0         ['dense_1[0][0]']             
                                                                                                  
 dropout_1 (Dropout)         (None, 16)                   0         ['activation_5[0][0]']        
                                                                                                  
 dense_2 (Dense)             (None, 64)                   1088      ['dropout_1[0][0]']           
                                                                                                  
 activation_6 (Activation)   (None, 64)                   0         ['dense_2[0][0]']             
                                                                                                  
 dropout_2 (Dropout)         (None, 64)                   0         ['activation_6[0][0]']        
                                                                                                  
 dense_3 (Dense)             (None, 216)                  14040     ['dropout_2[0][0]']           
                                                                                                  
 activation_7 (Activation)   (None, 216)                  0         ['dense_3[0][0]']             
                                                                                                  
 dropout_3 (Dropout)         (None, 216)                  0         ['activation_7[0][0]']        
                                                                                                  
 dense_4 (Dense)             (None, 160)                  34720     ['dropout_3[0][0]']           
                                                                                                  
 activation_8 (Activation)   (None, 160)                  0         ['dense_4[0][0]']             
                                                                                                  
 dropout_4 (Dropout)         (None, 160)                  0         ['activation_8[0][0]']        
                                                                                                  
 dense_5 (Dense)             (None, 216)                  34776     ['dropout_4[0][0]']           
                                                                                                  
 activation_9 (Activation)   (None, 216)                  0         ['dense_5[0][0]']             
                                                                                                  
 dropout_5 (Dropout)         (None, 216)                  0         ['activation_9[0][0]']        
                                                                                                  
 dense_6 (Dense)             (None, 184)                  39928     ['dropout_5[0][0]']           
                                                                                                  
 activation_10 (Activation)  (None, 184)                  0         ['dense_6[0][0]']             
                                                                                                  
 dropout_6 (Dropout)         (None, 184)                  0         ['activation_10[0][0]']       
                                                                                                  
 dense_7 (Dense)             (None, 136)                  25160     ['dropout_6[0][0]']           
                                                                                                  
 activation_11 (Activation)  (None, 136)                  0         ['dense_7[0][0]']             
                                                                                                  
 dropout_7 (Dropout)         (None, 136)                  0         ['activation_11[0][0]']       
                                                                                                  
 dense_8 (Dense)             (None, 64)                   8768      ['dropout_7[0][0]']           
                                                                                                  
 activation_12 (Activation)  (None, 64)                   0         ['dense_8[0][0]']             
                                                                                                  
 dropout_8 (Dropout)         (None, 64)                   0         ['activation_12[0][0]']       
                                                                                                  
 dense_9 (Dense)             (None, 200)                  13000     ['dropout_8[0][0]']           
                                                                                                  
 activation_13 (Activation)  (None, 200)                  0         ['dense_9[0][0]']             
                                                                                                  
 dropout_9 (Dropout)         (None, 200)                  0         ['activation_13[0][0]']       
                                                                                                  
 dense_10 (Dense)            (None, 100)                  20100     ['dropout_9[0][0]']           
                                                                                                  
==================================================================================================
Total params: 638380 (2.44 MB)
Trainable params: 638380 (2.44 MB)
Non-trainable params: 0 (0.00 Byte)
__________________________________________________________________________________________________
Epoch 1/100
1563/1563 - 9s - loss: 4.6386 - accuracy: 0.0138 - val_loss: 4.3453 - val_accuracy: 0.0299 - 9s/epoch - 6ms/step
Epoch 2/100
1563/1563 - 6s - loss: 4.4039 - accuracy: 0.0223 - val_loss: 4.1931 - val_accuracy: 0.0346 - 6s/epoch - 4ms/step
Epoch 3/100
1563/1563 - 6s - loss: 4.2909 - accuracy: 0.0304 - val_loss: 4.0942 - val_accuracy: 0.0458 - 6s/epoch - 4ms/step
Epoch 4/100
1563/1563 - 6s - loss: 4.2295 - accuracy: 0.0353 - val_loss: 4.0680 - val_accuracy: 0.0520 - 6s/epoch - 4ms/step
Epoch 5/100
1563/1563 - 6s - loss: 4.1758 - accuracy: 0.0386 - val_loss: 3.9598 - val_accuracy: 0.0640 - 6s/epoch - 4ms/step
Epoch 6/100
1563/1563 - 6s - loss: 4.1039 - accuracy: 0.0410 - val_loss: 3.9321 - val_accuracy: 0.0595 - 6s/epoch - 4ms/step
Epoch 7/100
1563/1563 - 6s - loss: 4.0561 - accuracy: 0.0473 - val_loss: 3.8519 - val_accuracy: 0.0723 - 6s/epoch - 4ms/step
Epoch 8/100
1563/1563 - 6s - loss: 4.0133 - accuracy: 0.0502 - val_loss: 3.8094 - val_accuracy: 0.0768 - 6s/epoch - 4ms/step
Epoch 9/100
1563/1563 - 6s - loss: 3.9807 - accuracy: 0.0544 - val_loss: 3.7870 - val_accuracy: 0.0816 - 6s/epoch - 4ms/step
Epoch 10/100
1563/1563 - 6s - loss: 3.9536 - accuracy: 0.0538 - val_loss: 3.7855 - val_accuracy: 0.0749 - 6s/epoch - 4ms/step
Epoch 11/100
1563/1563 - 6s - loss: 3.9298 - accuracy: 0.0583 - val_loss: 3.7918 - val_accuracy: 0.0824 - 6s/epoch - 4ms/step
Epoch 12/100
1563/1563 - 6s - loss: 3.8968 - accuracy: 0.0604 - val_loss: 3.7100 - val_accuracy: 0.0883 - 6s/epoch - 4ms/step
Epoch 13/100
1563/1563 - 6s - loss: 3.8745 - accuracy: 0.0633 - val_loss: 3.6915 - val_accuracy: 0.0951 - 6s/epoch - 4ms/step
Epoch 14/100
1563/1563 - 6s - loss: 3.8514 - accuracy: 0.0663 - val_loss: 3.7545 - val_accuracy: 0.0852 - 6s/epoch - 4ms/step
Epoch 15/100
1563/1563 - 6s - loss: 3.8226 - accuracy: 0.0669 - val_loss: 3.7087 - val_accuracy: 0.0962 - 6s/epoch - 4ms/step
Epoch 16/100
1563/1563 - 6s - loss: 3.7997 - accuracy: 0.0667 - val_loss: 3.6457 - val_accuracy: 0.0933 - 6s/epoch - 4ms/step
Epoch 17/100
1563/1563 - 6s - loss: 3.7728 - accuracy: 0.0712 - val_loss: 3.6296 - val_accuracy: 0.0953 - 6s/epoch - 4ms/step
Epoch 18/100
1563/1563 - 6s - loss: 3.7413 - accuracy: 0.0724 - val_loss: 3.5695 - val_accuracy: 0.1011 - 6s/epoch - 4ms/step
Epoch 19/100
1563/1563 - 6s - loss: 3.7073 - accuracy: 0.0751 - val_loss: 3.5512 - val_accuracy: 0.1031 - 6s/epoch - 4ms/step
Epoch 20/100
1563/1563 - 6s - loss: 3.6789 - accuracy: 0.0795 - val_loss: 3.5336 - val_accuracy: 0.1078 - 6s/epoch - 4ms/step
Epoch 21/100
1563/1563 - 6s - loss: 3.6508 - accuracy: 0.0807 - val_loss: 3.5035 - val_accuracy: 0.1115 - 6s/epoch - 4ms/step
Epoch 22/100
1563/1563 - 6s - loss: 3.6151 - accuracy: 0.0835 - val_loss: 3.4804 - val_accuracy: 0.1104 - 6s/epoch - 4ms/step
Epoch 23/100
1563/1563 - 6s - loss: 3.5938 - accuracy: 0.0834 - val_loss: 3.4756 - val_accuracy: 0.1098 - 6s/epoch - 4ms/step
Epoch 24/100
1563/1563 - 6s - loss: 3.5667 - accuracy: 0.0876 - val_loss: 3.4694 - val_accuracy: 0.1084 - 6s/epoch - 4ms/step
Epoch 25/100
1563/1563 - 6s - loss: 3.5520 - accuracy: 0.0881 - val_loss: 3.4587 - val_accuracy: 0.1083 - 6s/epoch - 4ms/step
Epoch 26/100
1563/1563 - 6s - loss: 3.5269 - accuracy: 0.0899 - val_loss: 3.4671 - val_accuracy: 0.1046 - 6s/epoch - 4ms/step
Epoch 27/100
1563/1563 - 6s - loss: 3.5122 - accuracy: 0.0908 - val_loss: 3.4517 - val_accuracy: 0.1053 - 6s/epoch - 4ms/step
Epoch 28/100
1563/1563 - 6s - loss: 3.4837 - accuracy: 0.0895 - val_loss: 3.4510 - val_accuracy: 0.1194 - 6s/epoch - 4ms/step
Epoch 29/100
1563/1563 - 6s - loss: 3.4755 - accuracy: 0.0909 - val_loss: 3.4313 - val_accuracy: 0.1147 - 6s/epoch - 4ms/step
Epoch 30/100
1563/1563 - 6s - loss: 3.4644 - accuracy: 0.0925 - val_loss: 3.4570 - val_accuracy: 0.1079 - 6s/epoch - 4ms/step
Epoch 31/100
1563/1563 - 6s - loss: 3.4468 - accuracy: 0.0939 - val_loss: 3.4860 - val_accuracy: 0.1083 - 6s/epoch - 4ms/step
Epoch 32/100
1563/1563 - 6s - loss: 3.4372 - accuracy: 0.0920 - val_loss: 3.4724 - val_accuracy: 0.1114 - 6s/epoch - 4ms/step
Epoch 33/100
1563/1563 - 6s - loss: 3.4212 - accuracy: 0.0953 - val_loss: 3.4715 - val_accuracy: 0.1111 - 6s/epoch - 4ms/step
Epoch 34/100
1563/1563 - 6s - loss: 3.4189 - accuracy: 0.0964 - val_loss: 3.4733 - val_accuracy: 0.1091 - 6s/epoch - 4ms/step
Epoch 35/100
1563/1563 - 6s - loss: 3.4124 - accuracy: 0.0985 - val_loss: 3.4841 - val_accuracy: 0.1078 - 6s/epoch - 4ms/step
Epoch 36/100
1563/1563 - 6s - loss: 3.3945 - accuracy: 0.0987 - val_loss: 3.4726 - val_accuracy: 0.1083 - 6s/epoch - 4ms/step
Epoch 37/100
1563/1563 - 6s - loss: 3.3871 - accuracy: 0.0977 - val_loss: 3.4861 - val_accuracy: 0.1044 - 6s/epoch - 4ms/step
Epoch 38/100
1563/1563 - 6s - loss: 3.3764 - accuracy: 0.0956 - val_loss: 3.5082 - val_accuracy: 0.1027 - 6s/epoch - 4ms/step
Epoch 39/100
1563/1563 - 6s - loss: 3.3662 - accuracy: 0.0981 - val_loss: 3.4779 - val_accuracy: 0.1152 - 6s/epoch - 4ms/step
Epoch 40/100
1563/1563 - 6s - loss: 3.3708 - accuracy: 0.0967 - val_loss: 3.4773 - val_accuracy: 0.1043 - 6s/epoch - 4ms/step
Epoch 41/100
1563/1563 - 6s - loss: 3.3601 - accuracy: 0.0982 - val_loss: 3.4961 - val_accuracy: 0.1115 - 6s/epoch - 4ms/step
Epoch 42/100
1563/1563 - 6s - loss: 3.3535 - accuracy: 0.0983 - val_loss: 3.4904 - val_accuracy: 0.1066 - 6s/epoch - 4ms/step
Epoch 43/100
1563/1563 - 6s - loss: 3.3361 - accuracy: 0.0997 - val_loss: 3.4621 - val_accuracy: 0.1123 - 6s/epoch - 4ms/step
Epoch 44/100
1563/1563 - 6s - loss: 3.3316 - accuracy: 0.1016 - val_loss: 3.4896 - val_accuracy: 0.1143 - 6s/epoch - 4ms/step
Epoch 45/100
1563/1563 - 6s - loss: 3.3392 - accuracy: 0.1011 - val_loss: 3.5167 - val_accuracy: 0.1152 - 6s/epoch - 4ms/step
Epoch 46/100
1563/1563 - 6s - loss: 3.3266 - accuracy: 0.1003 - val_loss: 3.5032 - val_accuracy: 0.1046 - 6s/epoch - 4ms/step
Epoch 47/100
1563/1563 - 6s - loss: 3.3276 - accuracy: 0.1036 - val_loss: 3.5068 - val_accuracy: 0.1091 - 6s/epoch - 4ms/step
Epoch 48/100
1563/1563 - 6s - loss: 3.3196 - accuracy: 0.0993 - val_loss: 3.4757 - val_accuracy: 0.1074 - 6s/epoch - 4ms/step
Epoch 49/100
1563/1563 - 6s - loss: 3.3206 - accuracy: 0.0999 - val_loss: 3.5102 - val_accuracy: 0.1035 - 6s/epoch - 4ms/step
Epoch 50/100
1563/1563 - 6s - loss: 3.3113 - accuracy: 0.1022 - val_loss: 3.5588 - val_accuracy: 0.1042 - 6s/epoch - 4ms/step
Epoch 51/100
1563/1563 - 6s - loss: 3.3091 - accuracy: 0.1000 - val_loss: 3.5066 - val_accuracy: 0.1040 - 6s/epoch - 4ms/step
Epoch 52/100
1563/1563 - 6s - loss: 3.2978 - accuracy: 0.1012 - val_loss: 3.4867 - val_accuracy: 0.1034 - 6s/epoch - 4ms/step
Epoch 53/100
1563/1563 - 6s - loss: 3.2967 - accuracy: 0.0999 - val_loss: 3.4926 - val_accuracy: 0.1087 - 6s/epoch - 4ms/step
Epoch 54/100
1563/1563 - 6s - loss: 3.3040 - accuracy: 0.0994 - val_loss: 3.4917 - val_accuracy: 0.1052 - 6s/epoch - 4ms/step
Epoch 55/100
1563/1563 - 6s - loss: 3.3031 - accuracy: 0.0980 - val_loss: 3.4758 - val_accuracy: 0.1133 - 6s/epoch - 4ms/step
Epoch 56/100
1563/1563 - 6s - loss: 3.2977 - accuracy: 0.1011 - val_loss: 3.5348 - val_accuracy: 0.1103 - 6s/epoch - 4ms/step
Epoch 57/100
1563/1563 - 6s - loss: 3.2827 - accuracy: 0.1020 - val_loss: 3.4841 - val_accuracy: 0.1140 - 6s/epoch - 4ms/step
Epoch 58/100
Restoring model weights from the end of the best epoch: 28.
1563/1563 - 6s - loss: 3.2890 - accuracy: 0.1018 - val_loss: 3.4833 - val_accuracy: 0.1105 - 6s/epoch - 4ms/step
Epoch 58: early stopping
313/313 - 0s - loss: 3.4510 - accuracy: 0.1194 - 487ms/epoch - 2ms/step

ACCURACY: 0.11940000206232071


SCORE: -0.35476857744362444

[92m | MODULE VALUES ---------------------------------------------  |
 [0m
FLOPS: 14405712
PARAMS: 638380.0
[92m 
 | -----------------------------------------------------------  |
 [0m

--- BANANAS ITERATION 33 / 1000 ---
Chosen point: {'num_neurons': 4, 'unit_c1': 1, 'unit_c2': 7, 'dr_f': 0.33977838343770606, 'learning_rate': 0.00034752054803185853, 'batch_size': 32, 'optimizer': 'SGD', 'activation': 'elu', 'data_augmentation': False, 'reg_l2': True, 'skip_connection': False, 'new_fc_1': 21, 'new_fc_2': 17, 'new_fc_3': 25, 'new_fc_4': 29, 'new_fc_5': 12, 'new_fc_6': 3, 'new_fc_7': 26, 'new_fc_8': 9, 'new_fc_9': 27, 'new_fc_10': 20}
[94m
|  --> START TRAINING ITERATION 7[0m
[INFO] Flags -> DA: False, L2: True, Skip: False
Building model with input_shape=(32, 32, 3), pos_input_shape=None, layer_x_block=2
Model: "model"
_________________________________________________________________
 Layer (type)                Output Shape              Param #   
=================================================================
 input_1 (InputLayer)        [(None, 32, 32, 3)]       0         
                                                                 
 conv2d (Conv2D)             (None, 32, 32, 4)         112       
                                                                 
 activation (Activation)     (None, 32, 32, 4)         0         
                                                                 
 conv2d_1 (Conv2D)           (None, 32, 32, 4)         148       
                                                                 
 activation_1 (Activation)   (None, 32, 32, 4)         0         
                                                                 
 max_pooling2d (MaxPooling2  (None, 16, 16, 4)         0         
 D)                                                              
                                                                 
 conv2d_2 (Conv2D)           (None, 16, 16, 28)        1036      
                                                                 
 activation_2 (Activation)   (None, 16, 16, 28)        0         
                                                                 
 conv2d_3 (Conv2D)           (None, 16, 16, 28)        7084      
                                                                 
 activation_3 (Activation)   (None, 16, 16, 28)        0         
                                                                 
 max_pooling2d_1 (MaxPoolin  (None, 8, 8, 28)          0         
 g2D)                                                            
                                                                 
 flatten (Flatten)           (None, 1792)              0         
                                                                 
 dense (Dense)               (None, 84)                150612    
                                                                 
 activation_4 (Activation)   (None, 84)                0         
                                                                 
 dropout (Dropout)           (None, 84)                0         
                                                                 
 dense_1 (Dense)             (None, 68)                5780      
                                                                 
 activation_5 (Activation)   (None, 68)                0         
                                                                 
 dropout_1 (Dropout)         (None, 68)                0         
                                                                 
 dense_2 (Dense)             (None, 100)               6900      
                                                                 
 activation_6 (Activation)   (None, 100)               0         
                                                                 
 dropout_2 (Dropout)         (None, 100)               0         
                                                                 
 dense_3 (Dense)             (None, 116)               11716     
                                                                 
 activation_7 (Activation)   (None, 116)               0         
                                                                 
 dropout_3 (Dropout)         (None, 116)               0         
                                                                 
 dense_4 (Dense)             (None, 48)                5616      
                                                                 
 activation_8 (Activation)   (None, 48)                0         
                                                                 
 dropout_4 (Dropout)         (None, 48)                0         
                                                                 
 dense_5 (Dense)             (None, 12)                588       
                                                                 
 activation_9 (Activation)   (None, 12)                0         
                                                                 
 dropout_5 (Dropout)         (None, 12)                0         
                                                                 
 dense_6 (Dense)             (None, 104)               1352      
                                                                 
 activation_10 (Activation)  (None, 104)               0         
                                                                 
 dropout_6 (Dropout)         (None, 104)               0         
                                                                 
 dense_7 (Dense)             (None, 36)                3780      
                                                                 
 activation_11 (Activation)  (None, 36)                0         
                                                                 
 dropout_7 (Dropout)         (None, 36)                0         
                                                                 
 dense_8 (Dense)             (None, 108)               3996      
                                                                 
 activation_12 (Activation)  (None, 108)               0         
                                                                 
 dropout_8 (Dropout)         (None, 108)               0         
                                                                 
 dense_9 (Dense)             (None, 80)                8720      
                                                                 
 activation_13 (Activation)  (None, 80)                0         
                                                                 
 dropout_9 (Dropout)         (None, 80)                0         
                                                                 
 dense_10 (Dense)            (None, 100)               8100      
                                                                 
=================================================================
Total params: 215540 (841.95 KB)
Trainable params: 215540 (841.95 KB)
Non-trainable params: 0 (0.00 Byte)
_________________________________________________________________
Epoch 1/100
1563/1563 - 8s - loss: 13.1920 - accuracy: 0.0109 - val_loss: 13.0691 - val_accuracy: 0.0080 - 8s/epoch - 5ms/step
Epoch 2/100
1563/1563 - 5s - loss: 12.9945 - accuracy: 0.0100 - val_loss: 12.8884 - val_accuracy: 0.0090 - 5s/epoch - 3ms/step
Epoch 3/100
1563/1563 - 5s - loss: 12.8097 - accuracy: 0.0112 - val_loss: 12.7129 - val_accuracy: 0.0108 - 5s/epoch - 3ms/step
Epoch 4/100
1563/1563 - 5s - loss: 12.6336 - accuracy: 0.0103 - val_loss: 12.5418 - val_accuracy: 0.0090 - 5s/epoch - 3ms/step
Epoch 5/100
1563/1563 - 6s - loss: 12.4627 - accuracy: 0.0097 - val_loss: 12.3749 - val_accuracy: 0.0083 - 6s/epoch - 4ms/step
Epoch 6/100
1563/1563 - 5s - loss: 12.2973 - accuracy: 0.0111 - val_loss: 12.2117 - val_accuracy: 0.0089 - 5s/epoch - 4ms/step
Epoch 7/100
1563/1563 - 6s - loss: 12.1347 - accuracy: 0.0102 - val_loss: 12.0522 - val_accuracy: 0.0091 - 6s/epoch - 4ms/step
Epoch 8/100
1563/1563 - 5s - loss: 11.9757 - accuracy: 0.0093 - val_loss: 11.8963 - val_accuracy: 0.0106 - 5s/epoch - 3ms/step
Epoch 9/100
1563/1563 - 5s - loss: 11.8217 - accuracy: 0.0104 - val_loss: 11.7438 - val_accuracy: 0.0099 - 5s/epoch - 4ms/step
Epoch 10/100
1563/1563 - 5s - loss: 11.6704 - accuracy: 0.0101 - val_loss: 11.5947 - val_accuracy: 0.0103 - 5s/epoch - 3ms/step
Epoch 11/100
1563/1563 - 6s - loss: 11.5226 - accuracy: 0.0094 - val_loss: 11.4488 - val_accuracy: 0.0115 - 6s/epoch - 4ms/step
Epoch 12/100
1563/1563 - 5s - loss: 11.3783 - accuracy: 0.0097 - val_loss: 11.3060 - val_accuracy: 0.0132 - 5s/epoch - 3ms/step
Epoch 13/100
1563/1563 - 5s - loss: 11.2367 - accuracy: 0.0095 - val_loss: 11.1663 - val_accuracy: 0.0132 - 5s/epoch - 4ms/step
Epoch 14/100
1563/1563 - 5s - loss: 11.0979 - accuracy: 0.0107 - val_loss: 11.0296 - val_accuracy: 0.0130 - 5s/epoch - 3ms/step
Epoch 15/100
1563/1563 - 5s - loss: 10.9630 - accuracy: 0.0100 - val_loss: 10.8958 - val_accuracy: 0.0128 - 5s/epoch - 4ms/step
Epoch 16/100
1563/1563 - 5s - loss: 10.8305 - accuracy: 0.0105 - val_loss: 10.7649 - val_accuracy: 0.0146 - 5s/epoch - 4ms/step
Epoch 17/100
1563/1563 - 5s - loss: 10.7012 - accuracy: 0.0099 - val_loss: 10.6367 - val_accuracy: 0.0142 - 5s/epoch - 3ms/step
Epoch 18/100
1563/1563 - 5s - loss: 10.5741 - accuracy: 0.0104 - val_loss: 10.5113 - val_accuracy: 0.0136 - 5s/epoch - 3ms/step
Epoch 19/100
1563/1563 - 5s - loss: 10.4499 - accuracy: 0.0099 - val_loss: 10.3886 - val_accuracy: 0.0170 - 5s/epoch - 3ms/step
Epoch 20/100
1563/1563 - 5s - loss: 10.3284 - accuracy: 0.0101 - val_loss: 10.2685 - val_accuracy: 0.0162 - 5s/epoch - 4ms/step
Epoch 21/100
1563/1563 - 5s - loss: 10.2096 - accuracy: 0.0104 - val_loss: 10.1509 - val_accuracy: 0.0160 - 5s/epoch - 3ms/step
Epoch 22/100
1563/1563 - 5s - loss: 10.0932 - accuracy: 0.0104 - val_loss: 10.0358 - val_accuracy: 0.0157 - 5s/epoch - 3ms/step
Epoch 23/100
1563/1563 - 5s - loss: 9.9795 - accuracy: 0.0096 - val_loss: 9.9231 - val_accuracy: 0.0161 - 5s/epoch - 3ms/step
Epoch 24/100
1563/1563 - 5s - loss: 9.8680 - accuracy: 0.0102 - val_loss: 9.8129 - val_accuracy: 0.0138 - 5s/epoch - 3ms/step
Epoch 25/100
1563/1563 - 5s - loss: 9.7587 - accuracy: 0.0106 - val_loss: 9.7049 - val_accuracy: 0.0152 - 5s/epoch - 3ms/step
Epoch 26/100
1563/1563 - 6s - loss: 9.6520 - accuracy: 0.0094 - val_loss: 9.5993 - val_accuracy: 0.0120 - 6s/epoch - 4ms/step
Epoch 27/100
1563/1563 - 6s - loss: 9.5475 - accuracy: 0.0106 - val_loss: 9.4959 - val_accuracy: 0.0114 - 6s/epoch - 4ms/step
Epoch 28/100
1563/1563 - 6s - loss: 9.4452 - accuracy: 0.0098 - val_loss: 9.3946 - val_accuracy: 0.0095 - 6s/epoch - 4ms/step
Epoch 29/100
1563/1563 - 5s - loss: 9.3450 - accuracy: 0.0100 - val_loss: 9.2956 - val_accuracy: 0.0094 - 5s/epoch - 3ms/step
Epoch 30/100
1563/1563 - 6s - loss: 9.2470 - accuracy: 0.0099 - val_loss: 9.1986 - val_accuracy: 0.0096 - 6s/epoch - 4ms/step
Epoch 31/100
1563/1563 - 5s - loss: 9.1510 - accuracy: 0.0106 - val_loss: 9.1036 - val_accuracy: 0.0100 - 5s/epoch - 3ms/step
Epoch 32/100
1563/1563 - 5s - loss: 9.0570 - accuracy: 0.0105 - val_loss: 9.0107 - val_accuracy: 0.0109 - 5s/epoch - 3ms/step
Epoch 33/100
1563/1563 - 5s - loss: 8.9651 - accuracy: 0.0101 - val_loss: 8.9197 - val_accuracy: 0.0102 - 5s/epoch - 3ms/step
Epoch 34/100
1563/1563 - 6s - loss: 8.8751 - accuracy: 0.0099 - val_loss: 8.8307 - val_accuracy: 0.0111 - 6s/epoch - 4ms/step
Epoch 35/100
1563/1563 - 6s - loss: 8.7870 - accuracy: 0.0106 - val_loss: 8.7435 - val_accuracy: 0.0113 - 6s/epoch - 4ms/step
Epoch 36/100
1563/1563 - 5s - loss: 8.7008 - accuracy: 0.0105 - val_loss: 8.6582 - val_accuracy: 0.0104 - 5s/epoch - 3ms/step
Epoch 37/100
1563/1563 - 5s - loss: 8.6164 - accuracy: 0.0092 - val_loss: 8.5747 - val_accuracy: 0.0101 - 5s/epoch - 3ms/step
Epoch 38/100
1563/1563 - 6s - loss: 8.5337 - accuracy: 0.0104 - val_loss: 8.4929 - val_accuracy: 0.0101 - 6s/epoch - 4ms/step
Epoch 39/100
1563/1563 - 5s - loss: 8.4528 - accuracy: 0.0094 - val_loss: 8.4129 - val_accuracy: 0.0100 - 5s/epoch - 4ms/step
Epoch 40/100
1563/1563 - 5s - loss: 8.3737 - accuracy: 0.0104 - val_loss: 8.3346 - val_accuracy: 0.0103 - 5s/epoch - 4ms/step
Epoch 41/100
1563/1563 - 5s - loss: 8.2961 - accuracy: 0.0094 - val_loss: 8.2579 - val_accuracy: 0.0098 - 5s/epoch - 3ms/step
Epoch 42/100
Restoring model weights from the end of the best epoch: 12.
1563/1563 - 5s - loss: 8.2203 - accuracy: 0.0096 - val_loss: 8.1828 - val_accuracy: 0.0112 - 5s/epoch - 4ms/step
Epoch 42: early stopping
313/313 - 0s - loss: 11.3060 - accuracy: 0.0132 - 490ms/epoch - 2ms/step

ACCURACY: 0.013199999928474426


SCORE: -0.2990547599499321

[92m | MODULE VALUES ---------------------------------------------  |
 [0m
FLOPS: 5092620
PARAMS: 215540.0
[92m 
 | -----------------------------------------------------------  |
 [0m

--- BANANAS ITERATION 34 / 1000 ---
Chosen point: {'num_neurons': 16, 'unit_c1': 1, 'unit_c2': 2, 'dr_f': 0.4371702082428609, 'learning_rate': 0.0005360546700935576, 'batch_size': 32, 'optimizer': 'Adagrad', 'activation': 'relu', 'data_augmentation': False, 'reg_l2': True, 'skip_connection': False, 'new_fc_1': 13, 'new_fc_2': 22, 'new_fc_3': 21, 'new_fc_4': 10, 'new_fc_5': 1, 'new_fc_6': 9, 'new_fc_7': 4, 'new_fc_8': 29, 'new_fc_9': 20, 'new_fc_10': 32}
[94m
|  --> START TRAINING ITERATION 8[0m
[INFO] Flags -> DA: False, L2: True, Skip: False
Building model with input_shape=(32, 32, 3), pos_input_shape=None, layer_x_block=2
Model: "model"
_________________________________________________________________
 Layer (type)                Output Shape              Param #   
=================================================================
 input_1 (InputLayer)        [(None, 32, 32, 3)]       0         
                                                                 
 conv2d (Conv2D)             (None, 32, 32, 16)        448       
                                                                 
 activation (Activation)     (None, 32, 32, 16)        0         
                                                                 
 conv2d_1 (Conv2D)           (None, 32, 32, 16)        2320      
                                                                 
 activation_1 (Activation)   (None, 32, 32, 16)        0         
                                                                 
 max_pooling2d (MaxPooling2  (None, 16, 16, 16)        0         
 D)                                                              
                                                                 
 conv2d_2 (Conv2D)           (None, 16, 16, 32)        4640      
                                                                 
 activation_2 (Activation)   (None, 16, 16, 32)        0         
                                                                 
 conv2d_3 (Conv2D)           (None, 16, 16, 32)        9248      
                                                                 
 activation_3 (Activation)   (None, 16, 16, 32)        0         
                                                                 
 max_pooling2d_1 (MaxPoolin  (None, 8, 8, 32)          0         
 g2D)                                                            
                                                                 
 flatten (Flatten)           (None, 2048)              0         
                                                                 
 dense (Dense)               (None, 208)               426192    
                                                                 
 activation_4 (Activation)   (None, 208)               0         
                                                                 
 dropout (Dropout)           (None, 208)               0         
                                                                 
 dense_1 (Dense)             (None, 352)               73568     
                                                                 
 activation_5 (Activation)   (None, 352)               0         
                                                                 
 dropout_1 (Dropout)         (None, 352)               0         
                                                                 
 dense_2 (Dense)             (None, 336)               118608    
                                                                 
 activation_6 (Activation)   (None, 336)               0         
                                                                 
 dropout_2 (Dropout)         (None, 336)               0         
                                                                 
 dense_3 (Dense)             (None, 160)               53920     
                                                                 
 activation_7 (Activation)   (None, 160)               0         
                                                                 
 dropout_3 (Dropout)         (None, 160)               0         
                                                                 
 dense_4 (Dense)             (None, 16)                2576      
                                                                 
 activation_8 (Activation)   (None, 16)                0         
                                                                 
 dropout_4 (Dropout)         (None, 16)                0         
                                                                 
 dense_5 (Dense)             (None, 144)               2448      
                                                                 
 activation_9 (Activation)   (None, 144)               0         
                                                                 
 dropout_5 (Dropout)         (None, 144)               0         
                                                                 
 dense_6 (Dense)             (None, 64)                9280      
                                                                 
 activation_10 (Activation)  (None, 64)                0         
                                                                 
 dropout_6 (Dropout)         (None, 64)                0         
                                                                 
 dense_7 (Dense)             (None, 464)               30160     
                                                                 
 activation_11 (Activation)  (None, 464)               0         
                                                                 
 dropout_7 (Dropout)         (None, 464)               0         
                                                                 
 dense_8 (Dense)             (None, 320)               148800    
                                                                 
 activation_12 (Activation)  (None, 320)               0         
                                                                 
 dropout_8 (Dropout)         (None, 320)               0         
                                                                 
 dense_9 (Dense)             (None, 512)               164352    
                                                                 
 activation_13 (Activation)  (None, 512)               0         
                                                                 
 dropout_9 (Dropout)         (None, 512)               0         
                                                                 
 dense_10 (Dense)            (None, 100)               51300     
                                                                 
=================================================================
Total params: 1097860 (4.19 MB)
Trainable params: 1097860 (4.19 MB)
Non-trainable params: 0 (0.00 Byte)
_________________________________________________________________
Epoch 1/100
1563/1563 - 8s - loss: 27.9942 - accuracy: 0.0102 - val_loss: 26.8068 - val_accuracy: 0.0086 - 8s/epoch - 5ms/step
Epoch 2/100
1563/1563 - 6s - loss: 25.7123 - accuracy: 0.0091 - val_loss: 24.6572 - val_accuracy: 0.0076 - 6s/epoch - 4ms/step
Epoch 3/100
1563/1563 - 6s - loss: 23.6821 - accuracy: 0.0093 - val_loss: 22.7412 - val_accuracy: 0.0083 - 6s/epoch - 4ms/step
Epoch 4/100
1563/1563 - 6s - loss: 21.8697 - accuracy: 0.0101 - val_loss: 21.0281 - val_accuracy: 0.0094 - 6s/epoch - 4ms/step
Epoch 5/100
1563/1563 - 6s - loss: 20.2472 - accuracy: 0.0090 - val_loss: 19.4927 - val_accuracy: 0.0100 - 6s/epoch - 4ms/step
Epoch 6/100
1563/1563 - 6s - loss: 18.7916 - accuracy: 0.0095 - val_loss: 18.1137 - val_accuracy: 0.0111 - 6s/epoch - 4ms/step
Epoch 7/100
1563/1563 - 6s - loss: 17.4831 - accuracy: 0.0088 - val_loss: 16.8730 - val_accuracy: 0.0101 - 6s/epoch - 4ms/step
Epoch 8/100
1563/1563 - 6s - loss: 16.3049 - accuracy: 0.0101 - val_loss: 15.7550 - val_accuracy: 0.0100 - 6s/epoch - 4ms/step
Epoch 9/100
1563/1563 - 6s - loss: 15.2425 - accuracy: 0.0103 - val_loss: 14.7461 - val_accuracy: 0.0100 - 6s/epoch - 4ms/step
Epoch 10/100
1563/1563 - 6s - loss: 14.2831 - accuracy: 0.0099 - val_loss: 13.8346 - val_accuracy: 0.0100 - 6s/epoch - 4ms/step
Epoch 11/100
1563/1563 - 6s - loss: 13.4159 - accuracy: 0.0095 - val_loss: 13.0101 - val_accuracy: 0.0100 - 6s/epoch - 4ms/step
Epoch 12/100
1563/1563 - 6s - loss: 12.6311 - accuracy: 0.0103 - val_loss: 12.2637 - val_accuracy: 0.0100 - 6s/epoch - 4ms/step
Epoch 13/100
1563/1563 - 6s - loss: 11.9204 - accuracy: 0.0098 - val_loss: 11.5874 - val_accuracy: 0.0100 - 6s/epoch - 4ms/step
Epoch 14/100
1563/1563 - 6s - loss: 11.2760 - accuracy: 0.0096 - val_loss: 10.9740 - val_accuracy: 0.0100 - 6s/epoch - 4ms/step
Epoch 15/100
1563/1563 - 6s - loss: 10.6915 - accuracy: 0.0095 - val_loss: 10.4174 - val_accuracy: 0.0100 - 6s/epoch - 4ms/step
Epoch 16/100
1563/1563 - 6s - loss: 10.1608 - accuracy: 0.0099 - val_loss: 9.9118 - val_accuracy: 0.0100 - 6s/epoch - 4ms/step
Epoch 17/100
1563/1563 - 6s - loss: 9.6787 - accuracy: 0.0103 - val_loss: 9.4524 - val_accuracy: 0.0100 - 6s/epoch - 4ms/step
Epoch 18/100
1563/1563 - 6s - loss: 9.2405 - accuracy: 0.0100 - val_loss: 9.0347 - val_accuracy: 0.0100 - 6s/epoch - 4ms/step
Epoch 19/100
1563/1563 - 6s - loss: 8.8419 - accuracy: 0.0097 - val_loss: 8.6547 - val_accuracy: 0.0100 - 6s/epoch - 4ms/step
Epoch 20/100
1563/1563 - 6s - loss: 8.4793 - accuracy: 0.0100 - val_loss: 8.3089 - val_accuracy: 0.0100 - 6s/epoch - 4ms/step
Epoch 21/100
1563/1563 - 6s - loss: 8.1491 - accuracy: 0.0099 - val_loss: 7.9939 - val_accuracy: 0.0100 - 6s/epoch - 4ms/step
Epoch 22/100
1563/1563 - 6s - loss: 7.8483 - accuracy: 0.0102 - val_loss: 7.7070 - val_accuracy: 0.0100 - 6s/epoch - 4ms/step
Epoch 23/100
1563/1563 - 6s - loss: 7.5743 - accuracy: 0.0094 - val_loss: 7.4454 - val_accuracy: 0.0100 - 6s/epoch - 4ms/step
Epoch 24/100
1563/1563 - 6s - loss: 7.3245 - accuracy: 0.0096 - val_loss: 7.2069 - val_accuracy: 0.0100 - 6s/epoch - 4ms/step
Epoch 25/100
1563/1563 - 6s - loss: 7.0966 - accuracy: 0.0093 - val_loss: 6.9894 - val_accuracy: 0.0100 - 6s/epoch - 4ms/step
Epoch 26/100
1563/1563 - 6s - loss: 6.8888 - accuracy: 0.0096 - val_loss: 6.7909 - val_accuracy: 0.0100 - 6s/epoch - 4ms/step
Epoch 27/100
1563/1563 - 6s - loss: 6.6991 - accuracy: 0.0107 - val_loss: 6.6098 - val_accuracy: 0.0100 - 6s/epoch - 4ms/step
Epoch 28/100
1563/1563 - 6s - loss: 6.5259 - accuracy: 0.0097 - val_loss: 6.4443 - val_accuracy: 0.0100 - 6s/epoch - 4ms/step
Epoch 29/100
1563/1563 - 6s - loss: 6.3677 - accuracy: 0.0102 - val_loss: 6.2932 - val_accuracy: 0.0100 - 6s/epoch - 4ms/step
Epoch 30/100
1563/1563 - 6s - loss: 6.2232 - accuracy: 0.0097 - val_loss: 6.1551 - val_accuracy: 0.0100 - 6s/epoch - 4ms/step
Epoch 31/100
Restoring model weights from the end of the best epoch: 1.
1563/1563 - 6s - loss: 6.0911 - accuracy: 0.0103 - val_loss: 6.0289 - val_accuracy: 0.0100 - 6s/epoch - 4ms/step
Epoch 31: early stopping
313/313 - 1s - loss: 26.8068 - accuracy: 0.0086 - 557ms/epoch - 2ms/step

ACCURACY: 0.00860000029206276


SCORE: -0.2761896482044439

[92m | MODULE VALUES ---------------------------------------------  |
 [0m
FLOPS: 14915176
PARAMS: 1097860.0
[92m 
 | -----------------------------------------------------------  |
 [0m

--- BANANAS ITERATION 35 / 1000 ---
Chosen point: {'num_neurons': 4, 'unit_c1': 4, 'unit_c2': 6, 'dr_f': 0.06228379413344936, 'learning_rate': 0.0008354077071296543, 'batch_size': 32, 'optimizer': 'Adam', 'activation': 'relu', 'data_augmentation': False, 'reg_l2': True, 'skip_connection': False, 'new_fc_1': 24, 'new_fc_2': 19, 'new_fc_3': 24, 'new_fc_4': 20, 'new_fc_5': 12, 'new_fc_6': 12, 'new_fc_7': 29, 'new_fc_8': 12, 'new_fc_9': 6, 'new_fc_10': 11}
[94m
|  --> START TRAINING ITERATION 9[0m
[INFO] Flags -> DA: False, L2: True, Skip: False
Building model with input_shape=(32, 32, 3), pos_input_shape=None, layer_x_block=2
Model: "model"
_________________________________________________________________
 Layer (type)                Output Shape              Param #   
=================================================================
 input_1 (InputLayer)        [(None, 32, 32, 3)]       0         
                                                                 
 conv2d (Conv2D)             (None, 32, 32, 16)        448       
                                                                 
 activation (Activation)     (None, 32, 32, 16)        0         
                                                                 
 conv2d_1 (Conv2D)           (None, 32, 32, 16)        2320      
                                                                 
 activation_1 (Activation)   (None, 32, 32, 16)        0         
                                                                 
 max_pooling2d (MaxPooling2  (None, 16, 16, 16)        0         
 D)                                                              
                                                                 
 conv2d_2 (Conv2D)           (None, 16, 16, 24)        3480      
                                                                 
 activation_2 (Activation)   (None, 16, 16, 24)        0         
                                                                 
 conv2d_3 (Conv2D)           (None, 16, 16, 24)        5208      
                                                                 
 activation_3 (Activation)   (None, 16, 16, 24)        0         
                                                                 
 max_pooling2d_1 (MaxPoolin  (None, 8, 8, 24)          0         
 g2D)                                                            
                                                                 
 flatten (Flatten)           (None, 1536)              0         
                                                                 
 dense (Dense)               (None, 96)                147552    
                                                                 
 activation_4 (Activation)   (None, 96)                0         
                                                                 
 dropout (Dropout)           (None, 96)                0         
                                                                 
 dense_1 (Dense)             (None, 76)                7372      
                                                                 
 activation_5 (Activation)   (None, 76)                0         
                                                                 
 dropout_1 (Dropout)         (None, 76)                0         
                                                                 
 dense_2 (Dense)             (None, 96)                7392      
                                                                 
 activation_6 (Activation)   (None, 96)                0         
                                                                 
 dropout_2 (Dropout)         (None, 96)                0         
                                                                 
 dense_3 (Dense)             (None, 80)                7760      
                                                                 
 activation_7 (Activation)   (None, 80)                0         
                                                                 
 dropout_3 (Dropout)         (None, 80)                0         
                                                                 
 dense_4 (Dense)             (None, 48)                3888      
                                                                 
 activation_8 (Activation)   (None, 48)                0         
                                                                 
 dropout_4 (Dropout)         (None, 48)                0         
                                                                 
 dense_5 (Dense)             (None, 48)                2352      
                                                                 
 activation_9 (Activation)   (None, 48)                0         
                                                                 
 dropout_5 (Dropout)         (None, 48)                0         
                                                                 
 dense_6 (Dense)             (None, 116)               5684      
                                                                 
 activation_10 (Activation)  (None, 116)               0         
                                                                 
 dropout_6 (Dropout)         (None, 116)               0         
                                                                 
 dense_7 (Dense)             (None, 48)                5616      
                                                                 
 activation_11 (Activation)  (None, 48)                0         
                                                                 
 dropout_7 (Dropout)         (None, 48)                0         
                                                                 
 dense_8 (Dense)             (None, 24)                1176      
                                                                 
 activation_12 (Activation)  (None, 24)                0         
                                                                 
 dropout_8 (Dropout)         (None, 24)                0         
                                                                 
 dense_9 (Dense)             (None, 44)                1100      
                                                                 
 activation_13 (Activation)  (None, 44)                0         
                                                                 
 dropout_9 (Dropout)         (None, 44)                0         
                                                                 
 dense_10 (Dense)            (None, 100)               4500      
                                                                 
=================================================================
Total params: 205848 (804.09 KB)
Trainable params: 205848 (804.09 KB)
Non-trainable params: 0 (0.00 Byte)
_________________________________________________________________
Epoch 1/100
1563/1563 - 7s - loss: 4.9418 - accuracy: 0.0083 - val_loss: 4.6052 - val_accuracy: 0.0100 - 7s/epoch - 5ms/step
Epoch 2/100
1563/1563 - 6s - loss: 4.6058 - accuracy: 0.0092 - val_loss: 4.6052 - val_accuracy: 0.0100 - 6s/epoch - 4ms/step
Epoch 3/100
1563/1563 - 6s - loss: 4.6058 - accuracy: 0.0090 - val_loss: 4.6052 - val_accuracy: 0.0100 - 6s/epoch - 4ms/step
Epoch 4/100
1563/1563 - 6s - loss: 4.6058 - accuracy: 0.0092 - val_loss: 4.6052 - val_accuracy: 0.0100 - 6s/epoch - 4ms/step
Epoch 5/100
1563/1563 - 6s - loss: 4.6058 - accuracy: 0.0084 - val_loss: 4.6052 - val_accuracy: 0.0100 - 6s/epoch - 4ms/step
Epoch 6/100
1563/1563 - 6s - loss: 4.6058 - accuracy: 0.0089 - val_loss: 4.6052 - val_accuracy: 0.0100 - 6s/epoch - 4ms/step
Epoch 7/100
1563/1563 - 6s - loss: 4.6058 - accuracy: 0.0089 - val_loss: 4.6052 - val_accuracy: 0.0100 - 6s/epoch - 4ms/step
Epoch 8/100
1563/1563 - 6s - loss: 4.6058 - accuracy: 0.0087 - val_loss: 4.6052 - val_accuracy: 0.0100 - 6s/epoch - 4ms/step
Epoch 9/100
1563/1563 - 6s - loss: 4.6058 - accuracy: 0.0092 - val_loss: 4.6052 - val_accuracy: 0.0100 - 6s/epoch - 4ms/step
Epoch 10/100
1563/1563 - 6s - loss: 4.6058 - accuracy: 0.0091 - val_loss: 4.6052 - val_accuracy: 0.0100 - 6s/epoch - 4ms/step
Epoch 11/100
1563/1563 - 6s - loss: 4.6058 - accuracy: 0.0089 - val_loss: 4.6052 - val_accuracy: 0.0100 - 6s/epoch - 4ms/step
Epoch 12/100
1563/1563 - 6s - loss: 4.6058 - accuracy: 0.0085 - val_loss: 4.6052 - val_accuracy: 0.0100 - 6s/epoch - 4ms/step
Epoch 13/100
1563/1563 - 6s - loss: 4.6058 - accuracy: 0.0087 - val_loss: 4.6052 - val_accuracy: 0.0100 - 6s/epoch - 4ms/step
Epoch 14/100
1563/1563 - 6s - loss: 4.6058 - accuracy: 0.0085 - val_loss: 4.6052 - val_accuracy: 0.0100 - 6s/epoch - 4ms/step
Epoch 15/100
1563/1563 - 6s - loss: 4.6058 - accuracy: 0.0083 - val_loss: 4.6052 - val_accuracy: 0.0100 - 6s/epoch - 4ms/step
Epoch 16/100
1563/1563 - 6s - loss: 4.6058 - accuracy: 0.0092 - val_loss: 4.6052 - val_accuracy: 0.0100 - 6s/epoch - 4ms/step
Epoch 17/100
1563/1563 - 6s - loss: 4.6058 - accuracy: 0.0089 - val_loss: 4.6052 - val_accuracy: 0.0100 - 6s/epoch - 4ms/step
Epoch 18/100
1563/1563 - 6s - loss: 4.6058 - accuracy: 0.0089 - val_loss: 4.6052 - val_accuracy: 0.0100 - 6s/epoch - 4ms/step
Epoch 19/100
1563/1563 - 6s - loss: 4.6058 - accuracy: 0.0088 - val_loss: 4.6052 - val_accuracy: 0.0100 - 6s/epoch - 4ms/step
Epoch 20/100
1563/1563 - 6s - loss: 4.6058 - accuracy: 0.0087 - val_loss: 4.6052 - val_accuracy: 0.0100 - 6s/epoch - 4ms/step
Epoch 21/100
1563/1563 - 6s - loss: 4.6058 - accuracy: 0.0085 - val_loss: 4.6052 - val_accuracy: 0.0100 - 6s/epoch - 4ms/step
Epoch 22/100
1563/1563 - 6s - loss: 4.6058 - accuracy: 0.0081 - val_loss: 4.6052 - val_accuracy: 0.0100 - 6s/epoch - 4ms/step
Epoch 23/100
1563/1563 - 6s - loss: 4.6058 - accuracy: 0.0083 - val_loss: 4.6052 - val_accuracy: 0.0100 - 6s/epoch - 4ms/step
Epoch 24/100
1563/1563 - 6s - loss: 4.6058 - accuracy: 0.0088 - val_loss: 4.6052 - val_accuracy: 0.0100 - 6s/epoch - 4ms/step
Epoch 25/100
1563/1563 - 6s - loss: 4.6058 - accuracy: 0.0091 - val_loss: 4.6052 - val_accuracy: 0.0100 - 6s/epoch - 4ms/step
Epoch 26/100
1563/1563 - 6s - loss: 4.6058 - accuracy: 0.0085 - val_loss: 4.6052 - val_accuracy: 0.0100 - 6s/epoch - 4ms/step
Epoch 27/100
1563/1563 - 6s - loss: 4.6058 - accuracy: 0.0085 - val_loss: 4.6052 - val_accuracy: 0.0100 - 6s/epoch - 4ms/step
Epoch 28/100
1563/1563 - 6s - loss: 4.6058 - accuracy: 0.0087 - val_loss: 4.6052 - val_accuracy: 0.0100 - 6s/epoch - 4ms/step
Epoch 29/100
1563/1563 - 6s - loss: 4.6058 - accuracy: 0.0083 - val_loss: 4.6052 - val_accuracy: 0.0100 - 6s/epoch - 4ms/step
Epoch 30/100
1563/1563 - 6s - loss: 4.6058 - accuracy: 0.0091 - val_loss: 4.6052 - val_accuracy: 0.0100 - 6s/epoch - 4ms/step
Epoch 31/100
Restoring model weights from the end of the best epoch: 1.
1563/1563 - 6s - loss: 4.6058 - accuracy: 0.0092 - val_loss: 4.6052 - val_accuracy: 0.0100 - 6s/epoch - 4ms/step
Epoch 31: early stopping
313/313 - 1s - loss: 4.6052 - accuracy: 0.0100 - 541ms/epoch - 2ms/step

ACCURACY: 0.009999999776482582


SCORE: -0.28603379984353783

[92m | MODULE VALUES ---------------------------------------------  |
 [0m
FLOPS: 10483100
PARAMS: 205848.0
[92m 
 | -----------------------------------------------------------  |
 [0m

--- BANANAS ITERATION 36 / 1000 ---
Chosen point: {'num_neurons': 8, 'unit_c1': 3, 'unit_c2': 6, 'dr_f': 0.20270170879990088, 'learning_rate': 0.00016747600707190795, 'batch_size': 16, 'optimizer': 'Adam', 'activation': 'swish', 'data_augmentation': True, 'reg_l2': True, 'skip_connection': False, 'new_fc_1': 5, 'new_fc_2': 2, 'new_fc_3': 6, 'new_fc_4': 9, 'new_fc_5': 30, 'new_fc_6': 3, 'new_fc_7': 5, 'new_fc_8': 17, 'new_fc_9': 6, 'new_fc_10': 22}
[94m
|  --> START TRAINING ITERATION 10[0m
[INFO] Flags -> DA: True, L2: True, Skip: False
Building model with input_shape=(32, 32, 3), pos_input_shape=None, layer_x_block=2
Model: "model"
_________________________________________________________________
 Layer (type)                Output Shape              Param #   
=================================================================
 input_2 (InputLayer)        [(None, 32, 32, 3)]       0         
                                                                 
 conv2d (Conv2D)             (None, 32, 32, 24)        672       
                                                                 
 activation (Activation)     (None, 32, 32, 24)        0         
                                                                 
 conv2d_1 (Conv2D)           (None, 32, 32, 24)        5208      
                                                                 
 activation_1 (Activation)   (None, 32, 32, 24)        0         
                                                                 
 max_pooling2d (MaxPooling2  (None, 16, 16, 24)        0         
 D)                                                              
                                                                 
 conv2d_2 (Conv2D)           (None, 16, 16, 48)        10416     
                                                                 
 activation_2 (Activation)   (None, 16, 16, 48)        0         
                                                                 
 conv2d_3 (Conv2D)           (None, 16, 16, 48)        20784     
                                                                 
 activation_3 (Activation)   (None, 16, 16, 48)        0         
                                                                 
 max_pooling2d_1 (MaxPoolin  (None, 8, 8, 48)          0         
 g2D)                                                            
                                                                 
 flatten (Flatten)           (None, 3072)              0         
                                                                 
 dense (Dense)               (None, 40)                122920    
                                                                 
 activation_4 (Activation)   (None, 40)                0         
                                                                 
 dropout (Dropout)           (None, 40)                0         
                                                                 
 dense_1 (Dense)             (None, 16)                656       
                                                                 
 activation_5 (Activation)   (None, 16)                0         
                                                                 
 dropout_1 (Dropout)         (None, 16)                0         
                                                                 
 dense_2 (Dense)             (None, 48)                816       
                                                                 
 activation_6 (Activation)   (None, 48)                0         
                                                                 
 dropout_2 (Dropout)         (None, 48)                0         
                                                                 
 dense_3 (Dense)             (None, 72)                3528      
                                                                 
 activation_7 (Activation)   (None, 72)                0         
                                                                 
 dropout_3 (Dropout)         (None, 72)                0         
                                                                 
 dense_4 (Dense)             (None, 240)               17520     
                                                                 
 activation_8 (Activation)   (None, 240)               0         
                                                                 
 dropout_4 (Dropout)         (None, 240)               0         
                                                                 
 dense_5 (Dense)             (None, 24)                5784      
                                                                 
 activation_9 (Activation)   (None, 24)                0         
                                                                 
 dropout_5 (Dropout)         (None, 24)                0         
                                                                 
 dense_6 (Dense)             (None, 40)                1000      
                                                                 
 activation_10 (Activation)  (None, 40)                0         
                                                                 
 dropout_6 (Dropout)         (None, 40)                0         
                                                                 
 dense_7 (Dense)             (None, 136)               5576      
                                                                 
 activation_11 (Activation)  (None, 136)               0         
                                                                 
 dropout_7 (Dropout)         (None, 136)               0         
                                                                 
 dense_8 (Dense)             (None, 48)                6576      
                                                                 
 activation_12 (Activation)  (None, 48)                0         
                                                                 
 dropout_8 (Dropout)         (None, 48)                0         
                                                                 
 dense_9 (Dense)             (None, 176)               8624      
                                                                 
 activation_13 (Activation)  (None, 176)               0         
                                                                 
 dropout_9 (Dropout)         (None, 176)               0         
                                                                 
 dense_10 (Dense)            (None, 100)               17700     
                                                                 
=================================================================
Total params: 227780 (889.77 KB)
Trainable params: 227780 (889.77 KB)
Non-trainable params: 0 (0.00 Byte)
_________________________________________________________________
Epoch 1/100
3125/3125 - 14s - loss: 5.3417 - accuracy: 0.0084 - val_loss: 4.6054 - val_accuracy: 0.0100 - 14s/epoch - 4ms/step
Epoch 2/100
3125/3125 - 12s - loss: 4.6054 - accuracy: 0.0088 - val_loss: 4.6052 - val_accuracy: 0.0100 - 12s/epoch - 4ms/step
Epoch 3/100
3125/3125 - 12s - loss: 4.6054 - accuracy: 0.0091 - val_loss: 4.6052 - val_accuracy: 0.0100 - 12s/epoch - 4ms/step
Epoch 4/100
3125/3125 - 12s - loss: 4.6054 - accuracy: 0.0085 - val_loss: 4.6052 - val_accuracy: 0.0100 - 12s/epoch - 4ms/step
Epoch 5/100
3125/3125 - 12s - loss: 4.6054 - accuracy: 0.0085 - val_loss: 4.6052 - val_accuracy: 0.0100 - 12s/epoch - 4ms/step
Epoch 6/100
3125/3125 - 12s - loss: 4.6054 - accuracy: 0.0081 - val_loss: 4.6052 - val_accuracy: 0.0100 - 12s/epoch - 4ms/step
Epoch 7/100
3125/3125 - 12s - loss: 4.6054 - accuracy: 0.0088 - val_loss: 4.6052 - val_accuracy: 0.0100 - 12s/epoch - 4ms/step
Epoch 8/100
3125/3125 - 12s - loss: 4.6054 - accuracy: 0.0080 - val_loss: 4.6052 - val_accuracy: 0.0100 - 12s/epoch - 4ms/step
Epoch 9/100
3125/3125 - 12s - loss: 4.6054 - accuracy: 0.0079 - val_loss: 4.6052 - val_accuracy: 0.0100 - 12s/epoch - 4ms/step
Epoch 10/100
3125/3125 - 12s - loss: 4.6055 - accuracy: 0.0084 - val_loss: 4.6053 - val_accuracy: 0.0100 - 12s/epoch - 4ms/step
Epoch 11/100
3125/3125 - 12s - loss: 4.6054 - accuracy: 0.0086 - val_loss: 4.6052 - val_accuracy: 0.0100 - 12s/epoch - 4ms/step
Epoch 12/100
3125/3125 - 12s - loss: 4.6054 - accuracy: 0.0086 - val_loss: 4.6052 - val_accuracy: 0.0100 - 12s/epoch - 4ms/step
Epoch 13/100
3125/3125 - 12s - loss: 4.6054 - accuracy: 0.0087 - val_loss: 4.6052 - val_accuracy: 0.0100 - 12s/epoch - 4ms/step
Epoch 14/100
3125/3125 - 12s - loss: 4.6054 - accuracy: 0.0087 - val_loss: 4.6052 - val_accuracy: 0.0100 - 12s/epoch - 4ms/step
Epoch 15/100
3125/3125 - 12s - loss: 4.6054 - accuracy: 0.0085 - val_loss: 4.6052 - val_accuracy: 0.0100 - 12s/epoch - 4ms/step
Epoch 16/100
3125/3125 - 12s - loss: 4.6054 - accuracy: 0.0082 - val_loss: 4.6052 - val_accuracy: 0.0100 - 12s/epoch - 4ms/step
Epoch 17/100
3125/3125 - 12s - loss: 4.6054 - accuracy: 0.0085 - val_loss: 4.6052 - val_accuracy: 0.0100 - 12s/epoch - 4ms/step
Epoch 18/100
3125/3125 - 12s - loss: 4.6054 - accuracy: 0.0088 - val_loss: 4.6052 - val_accuracy: 0.0100 - 12s/epoch - 4ms/step
Epoch 19/100
3125/3125 - 12s - loss: 4.6054 - accuracy: 0.0087 - val_loss: 4.6052 - val_accuracy: 0.0100 - 12s/epoch - 4ms/step
Epoch 20/100
3125/3125 - 12s - loss: 4.6054 - accuracy: 0.0091 - val_loss: 4.6053 - val_accuracy: 0.0100 - 12s/epoch - 4ms/step
Epoch 21/100
3125/3125 - 12s - loss: 4.6054 - accuracy: 0.0081 - val_loss: 4.6052 - val_accuracy: 0.0100 - 12s/epoch - 4ms/step
Epoch 22/100
3125/3125 - 12s - loss: 4.6054 - accuracy: 0.0086 - val_loss: 4.6052 - val_accuracy: 0.0100 - 12s/epoch - 4ms/step
Epoch 23/100
3125/3125 - 12s - loss: 4.6054 - accuracy: 0.0080 - val_loss: 4.6053 - val_accuracy: 0.0100 - 12s/epoch - 4ms/step
Epoch 24/100
3125/3125 - 12s - loss: 4.6055 - accuracy: 0.0089 - val_loss: 4.6052 - val_accuracy: 0.0100 - 12s/epoch - 4ms/step
Epoch 25/100
3125/3125 - 11s - loss: 4.6054 - accuracy: 0.0081 - val_loss: 4.6052 - val_accuracy: 0.0100 - 11s/epoch - 4ms/step
Epoch 26/100
3125/3125 - 11s - loss: 4.6054 - accuracy: 0.0080 - val_loss: 4.6052 - val_accuracy: 0.0100 - 11s/epoch - 4ms/step
Epoch 27/100
3125/3125 - 11s - loss: 4.6054 - accuracy: 0.0088 - val_loss: 4.6052 - val_accuracy: 0.0100 - 11s/epoch - 4ms/step
Epoch 28/100
3125/3125 - 11s - loss: 4.6054 - accuracy: 0.0087 - val_loss: 4.6052 - val_accuracy: 0.0100 - 11s/epoch - 4ms/step
Epoch 29/100
3125/3125 - 12s - loss: 4.6054 - accuracy: 0.0086 - val_loss: 4.6052 - val_accuracy: 0.0100 - 12s/epoch - 4ms/step
Epoch 30/100
3125/3125 - 12s - loss: 4.6054 - accuracy: 0.0087 - val_loss: 4.6052 - val_accuracy: 0.0100 - 12s/epoch - 4ms/step
Epoch 31/100
Restoring model weights from the end of the best epoch: 1.
3125/3125 - 12s - loss: 4.6054 - accuracy: 0.0086 - val_loss: 4.6052 - val_accuracy: 0.0100 - 12s/epoch - 4ms/step
Epoch 31: early stopping
313/313 - 1s - loss: 4.6054 - accuracy: 0.0100 - 1s/epoch - 3ms/step

ACCURACY: 0.009999999776482582


SCORE: -0.2499802558435378

[92m | MODULE VALUES ---------------------------------------------  |
 [0m
FLOPS: 28509872
PARAMS: 227780.0
[92m 
 | -----------------------------------------------------------  |
 [0m

--- BANANAS ITERATION 37 / 1000 ---
Chosen point: {'num_neurons': 8, 'unit_c1': 1, 'unit_c2': 8, 'dr_f': 0.4051600724447153, 'learning_rate': 0.0002354529413555683, 'batch_size': 8, 'optimizer': 'SGD', 'activation': 'swish', 'data_augmentation': False, 'reg_l2': False, 'skip_connection': False, 'new_fc_1': 22, 'new_fc_2': 5, 'new_fc_3': 4, 'new_fc_4': 22, 'new_fc_5': 6, 'new_fc_6': 4, 'new_fc_7': 32, 'new_fc_8': 25, 'new_fc_9': 20, 'new_fc_10': 25}
[94m
|  --> START TRAINING ITERATION 11[0m
[INFO] Flags -> DA: False, L2: False, Skip: False
Building model with input_shape=(32, 32, 3), pos_input_shape=None, layer_x_block=2
Model: "model"
_________________________________________________________________
 Layer (type)                Output Shape              Param #   
=================================================================
 input_1 (InputLayer)        [(None, 32, 32, 3)]       0         
                                                                 
 conv2d (Conv2D)             (None, 32, 32, 8)         224       
                                                                 
 activation (Activation)     (None, 32, 32, 8)         0         
                                                                 
 conv2d_1 (Conv2D)           (None, 32, 32, 8)         584       
                                                                 
 activation_1 (Activation)   (None, 32, 32, 8)         0         
                                                                 
 max_pooling2d (MaxPooling2  (None, 16, 16, 8)         0         
 D)                                                              
                                                                 
 conv2d_2 (Conv2D)           (None, 16, 16, 64)        4672      
                                                                 
 activation_2 (Activation)   (None, 16, 16, 64)        0         
                                                                 
 conv2d_3 (Conv2D)           (None, 16, 16, 64)        36928     
                                                                 
 activation_3 (Activation)   (None, 16, 16, 64)        0         
                                                                 
 max_pooling2d_1 (MaxPoolin  (None, 8, 8, 64)          0         
 g2D)                                                            
                                                                 
 flatten (Flatten)           (None, 4096)              0         
                                                                 
 dense (Dense)               (None, 176)               721072    
                                                                 
 activation_4 (Activation)   (None, 176)               0         
                                                                 
 dropout (Dropout)           (None, 176)               0         
                                                                 
 dense_1 (Dense)             (None, 40)                7080      
                                                                 
 activation_5 (Activation)   (None, 40)                0         
                                                                 
 dropout_1 (Dropout)         (None, 40)                0         
                                                                 
 dense_2 (Dense)             (None, 32)                1312      
                                                                 
 activation_6 (Activation)   (None, 32)                0         
                                                                 
 dropout_2 (Dropout)         (None, 32)                0         
                                                                 
 dense_3 (Dense)             (None, 176)               5808      
                                                                 
 activation_7 (Activation)   (None, 176)               0         
                                                                 
 dropout_3 (Dropout)         (None, 176)               0         
                                                                 
 dense_4 (Dense)             (None, 48)                8496      
                                                                 
 activation_8 (Activation)   (None, 48)                0         
                                                                 
 dropout_4 (Dropout)         (None, 48)                0         
                                                                 
 dense_5 (Dense)             (None, 32)                1568      
                                                                 
 activation_9 (Activation)   (None, 32)                0         
                                                                 
 dropout_5 (Dropout)         (None, 32)                0         
                                                                 
 dense_6 (Dense)             (None, 256)               8448      
                                                                 
 activation_10 (Activation)  (None, 256)               0         
                                                                 
 dropout_6 (Dropout)         (None, 256)               0         
                                                                 
 dense_7 (Dense)             (None, 200)               51400     
                                                                 
 activation_11 (Activation)  (None, 200)               0         
                                                                 
 dropout_7 (Dropout)         (None, 200)               0         
                                                                 
 dense_8 (Dense)             (None, 160)               32160     
                                                                 
 activation_12 (Activation)  (None, 160)               0         
                                                                 
 dropout_8 (Dropout)         (None, 160)               0         
                                                                 
 dense_9 (Dense)             (None, 200)               32200     
                                                                 
 activation_13 (Activation)  (None, 200)               0         
                                                                 
 dropout_9 (Dropout)         (None, 200)               0         
                                                                 
 dense_10 (Dense)            (None, 100)               20100     
                                                                 
=================================================================
Total params: 932052 (3.56 MB)
Trainable params: 932052 (3.56 MB)
Non-trainable params: 0 (0.00 Byte)
_________________________________________________________________
Epoch 1/100
6250/6250 - 22s - loss: 4.6053 - accuracy: 0.0090 - val_loss: 4.6052 - val_accuracy: 0.0100 - 22s/epoch - 4ms/step
Epoch 2/100
6250/6250 - 22s - loss: 4.6053 - accuracy: 0.0084 - val_loss: 4.6052 - val_accuracy: 0.0074 - 22s/epoch - 3ms/step
Epoch 3/100
6250/6250 - 22s - loss: 4.6053 - accuracy: 0.0090 - val_loss: 4.6052 - val_accuracy: 0.0100 - 22s/epoch - 3ms/step
Epoch 4/100
6250/6250 - 22s - loss: 4.6053 - accuracy: 0.0091 - val_loss: 4.6052 - val_accuracy: 0.0100 - 22s/epoch - 3ms/step
Epoch 5/100
6250/6250 - 22s - loss: 4.6053 - accuracy: 0.0092 - val_loss: 4.6052 - val_accuracy: 0.0100 - 22s/epoch - 3ms/step
Epoch 6/100
6250/6250 - 22s - loss: 4.6053 - accuracy: 0.0089 - val_loss: 4.6052 - val_accuracy: 0.0099 - 22s/epoch - 4ms/step
Epoch 7/100
6250/6250 - 22s - loss: 4.6053 - accuracy: 0.0096 - val_loss: 4.6052 - val_accuracy: 0.0100 - 22s/epoch - 4ms/step
Epoch 8/100
6250/6250 - 22s - loss: 4.6053 - accuracy: 0.0096 - val_loss: 4.6052 - val_accuracy: 0.0100 - 22s/epoch - 4ms/step
Epoch 9/100
6250/6250 - 22s - loss: 4.6053 - accuracy: 0.0096 - val_loss: 4.6052 - val_accuracy: 0.0100 - 22s/epoch - 4ms/step
Epoch 10/100
6250/6250 - 22s - loss: 4.6053 - accuracy: 0.0093 - val_loss: 4.6052 - val_accuracy: 0.0100 - 22s/epoch - 3ms/step
Epoch 11/100
6250/6250 - 22s - loss: 4.6053 - accuracy: 0.0100 - val_loss: 4.6052 - val_accuracy: 0.0100 - 22s/epoch - 4ms/step
Epoch 12/100
6250/6250 - 22s - loss: 4.6053 - accuracy: 0.0091 - val_loss: 4.6052 - val_accuracy: 0.0100 - 22s/epoch - 3ms/step
Epoch 13/100
6250/6250 - 22s - loss: 4.6053 - accuracy: 0.0096 - val_loss: 4.6052 - val_accuracy: 0.0100 - 22s/epoch - 3ms/step
Epoch 14/100
6250/6250 - 22s - loss: 4.6053 - accuracy: 0.0089 - val_loss: 4.6052 - val_accuracy: 0.0100 - 22s/epoch - 4ms/step
Epoch 15/100
6250/6250 - 22s - loss: 4.6053 - accuracy: 0.0088 - val_loss: 4.6052 - val_accuracy: 0.0100 - 22s/epoch - 4ms/step
Epoch 16/100
6250/6250 - 22s - loss: 4.6053 - accuracy: 0.0098 - val_loss: 4.6052 - val_accuracy: 0.0100 - 22s/epoch - 4ms/step
Epoch 17/100
6250/6250 - 22s - loss: 4.6053 - accuracy: 0.0088 - val_loss: 4.6052 - val_accuracy: 0.0100 - 22s/epoch - 4ms/step
Epoch 18/100
6250/6250 - 22s - loss: 4.6053 - accuracy: 0.0087 - val_loss: 4.6052 - val_accuracy: 0.0100 - 22s/epoch - 4ms/step
Epoch 19/100
6250/6250 - 22s - loss: 4.6053 - accuracy: 0.0097 - val_loss: 4.6052 - val_accuracy: 0.0100 - 22s/epoch - 4ms/step
Epoch 20/100
6250/6250 - 22s - loss: 4.6053 - accuracy: 0.0098 - val_loss: 4.6052 - val_accuracy: 0.0100 - 22s/epoch - 4ms/step
Epoch 21/100
6250/6250 - 22s - loss: 4.6053 - accuracy: 0.0098 - val_loss: 4.6052 - val_accuracy: 0.0100 - 22s/epoch - 4ms/step
Epoch 22/100
6250/6250 - 22s - loss: 4.6053 - accuracy: 0.0095 - val_loss: 4.6052 - val_accuracy: 0.0100 - 22s/epoch - 4ms/step
Epoch 23/100
6250/6250 - 22s - loss: 4.6053 - accuracy: 0.0099 - val_loss: 4.6052 - val_accuracy: 0.0100 - 22s/epoch - 4ms/step
Epoch 24/100
6250/6250 - 22s - loss: 4.6053 - accuracy: 0.0091 - val_loss: 4.6052 - val_accuracy: 0.0100 - 22s/epoch - 4ms/step
Epoch 25/100
6250/6250 - 22s - loss: 4.6053 - accuracy: 0.0096 - val_loss: 4.6052 - val_accuracy: 0.0099 - 22s/epoch - 4ms/step
Epoch 26/100
6250/6250 - 22s - loss: 4.6053 - accuracy: 0.0095 - val_loss: 4.6052 - val_accuracy: 0.0100 - 22s/epoch - 4ms/step
Epoch 27/100
6250/6250 - 21s - loss: 4.6053 - accuracy: 0.0098 - val_loss: 4.6052 - val_accuracy: 0.0099 - 21s/epoch - 3ms/step
Epoch 28/100
6250/6250 - 22s - loss: 4.6053 - accuracy: 0.0095 - val_loss: 4.6052 - val_accuracy: 0.0100 - 22s/epoch - 3ms/step
Epoch 29/100
6250/6250 - 22s - loss: 4.6053 - accuracy: 0.0104 - val_loss: 4.6052 - val_accuracy: 0.0122 - 22s/epoch - 3ms/step
Epoch 30/100
6250/6250 - 22s - loss: 4.6053 - accuracy: 0.0097 - val_loss: 4.6052 - val_accuracy: 0.0100 - 22s/epoch - 3ms/step
Epoch 31/100
Restoring model weights from the end of the best epoch: 1.
6250/6250 - 22s - loss: 4.6053 - accuracy: 0.0099 - val_loss: 4.6052 - val_accuracy: 0.0100 - 22s/epoch - 3ms/step
Epoch 31: early stopping
313/313 - 1s - loss: 4.6052 - accuracy: 0.0100 - 923ms/epoch - 3ms/step

ACCURACY: 0.009999999776482582


SCORE: -0.2573825598435378

[92m | MODULE VALUES ---------------------------------------------  |
 [0m
FLOPS: 24808720
PARAMS: 932052.0
[92m 
 | -----------------------------------------------------------  |
 [0m

--- BANANAS ITERATION 38 / 1000 ---
Chosen point: {'num_neurons': 8, 'unit_c1': 3, 'unit_c2': 8, 'dr_f': 0.22937947415295984, 'learning_rate': 0.0008329825485049577, 'batch_size': 8, 'optimizer': 'Adam', 'activation': 'elu', 'data_augmentation': False, 'reg_l2': True, 'skip_connection': True, 'new_fc_1': 17, 'new_fc_2': 18, 'new_fc_3': 11, 'new_fc_4': 10, 'new_fc_5': 31, 'new_fc_6': 5, 'new_fc_7': 27, 'new_fc_8': 25, 'new_fc_9': 7, 'new_fc_10': 9}
[94m
|  --> START TRAINING ITERATION 12[0m
[INFO] Flags -> DA: False, L2: True, Skip: True
Building model with input_shape=(32, 32, 3), pos_input_shape=None, layer_x_block=2
Model: "model"
__________________________________________________________________________________________________
 Layer (type)                Output Shape                 Param #   Connected to                  
==================================================================================================
 input_1 (InputLayer)        [(None, 32, 32, 3)]          0         []                            
                                                                                                  
 conv2d (Conv2D)             (None, 32, 32, 24)           672       ['input_1[0][0]']             
                                                                                                  
 activation (Activation)     (None, 32, 32, 24)           0         ['conv2d[0][0]']              
                                                                                                  
 conv2d_2 (Conv2D)           (None, 32, 32, 24)           96        ['input_1[0][0]']             
                                                                                                  
 conv2d_1 (Conv2D)           (None, 32, 32, 24)           5208      ['activation[0][0]']          
                                                                                                  
 add (Add)                   (None, 32, 32, 24)           0         ['conv2d_2[0][0]',            
                                                                     'conv2d_1[0][0]']            
                                                                                                  
 activation_1 (Activation)   (None, 32, 32, 24)           0         ['add[0][0]']                 
                                                                                                  
 max_pooling2d (MaxPooling2  (None, 16, 16, 24)           0         ['activation_1[0][0]']        
 D)                                                                                               
                                                                                                  
 conv2d_3 (Conv2D)           (None, 16, 16, 64)           13888     ['max_pooling2d[0][0]']       
                                                                                                  
 activation_2 (Activation)   (None, 16, 16, 64)           0         ['conv2d_3[0][0]']            
                                                                                                  
 conv2d_5 (Conv2D)           (None, 16, 16, 64)           1600      ['max_pooling2d[0][0]']       
                                                                                                  
 conv2d_4 (Conv2D)           (None, 16, 16, 64)           36928     ['activation_2[0][0]']        
                                                                                                  
 add_1 (Add)                 (None, 16, 16, 64)           0         ['conv2d_5[0][0]',            
                                                                     'conv2d_4[0][0]']            
                                                                                                  
 activation_3 (Activation)   (None, 16, 16, 64)           0         ['add_1[0][0]']               
                                                                                                  
 max_pooling2d_1 (MaxPoolin  (None, 8, 8, 64)             0         ['activation_3[0][0]']        
 g2D)                                                                                             
                                                                                                  
 flatten (Flatten)           (None, 4096)                 0         ['max_pooling2d_1[0][0]']     
                                                                                                  
 dense (Dense)               (None, 136)                  557192    ['flatten[0][0]']             
                                                                                                  
 activation_4 (Activation)   (None, 136)                  0         ['dense[0][0]']               
                                                                                                  
 dropout (Dropout)           (None, 136)                  0         ['activation_4[0][0]']        
                                                                                                  
 dense_1 (Dense)             (None, 144)                  19728     ['dropout[0][0]']             
                                                                                                  
 activation_5 (Activation)   (None, 144)                  0         ['dense_1[0][0]']             
                                                                                                  
 dropout_1 (Dropout)         (None, 144)                  0         ['activation_5[0][0]']        
                                                                                                  
 dense_2 (Dense)             (None, 88)                   12760     ['dropout_1[0][0]']           
                                                                                                  
 activation_6 (Activation)   (None, 88)                   0         ['dense_2[0][0]']             
                                                                                                  
 dropout_2 (Dropout)         (None, 88)                   0         ['activation_6[0][0]']        
                                                                                                  
 dense_3 (Dense)             (None, 80)                   7120      ['dropout_2[0][0]']           
                                                                                                  
 activation_7 (Activation)   (None, 80)                   0         ['dense_3[0][0]']             
                                                                                                  
 dropout_3 (Dropout)         (None, 80)                   0         ['activation_7[0][0]']        
                                                                                                  
 dense_4 (Dense)             (None, 248)                  20088     ['dropout_3[0][0]']           
                                                                                                  
 activation_8 (Activation)   (None, 248)                  0         ['dense_4[0][0]']             
                                                                                                  
 dropout_4 (Dropout)         (None, 248)                  0         ['activation_8[0][0]']        
                                                                                                  
 dense_5 (Dense)             (None, 40)                   9960      ['dropout_4[0][0]']           
                                                                                                  
 activation_9 (Activation)   (None, 40)                   0         ['dense_5[0][0]']             
                                                                                                  
 dropout_5 (Dropout)         (None, 40)                   0         ['activation_9[0][0]']        
                                                                                                  
 dense_6 (Dense)             (None, 216)                  8856      ['dropout_5[0][0]']           
                                                                                                  
 activation_10 (Activation)  (None, 216)                  0         ['dense_6[0][0]']             
                                                                                                  
 dropout_6 (Dropout)         (None, 216)                  0         ['activation_10[0][0]']       
                                                                                                  
 dense_7 (Dense)             (None, 200)                  43400     ['dropout_6[0][0]']           
                                                                                                  
 activation_11 (Activation)  (None, 200)                  0         ['dense_7[0][0]']             
                                                                                                  
 dropout_7 (Dropout)         (None, 200)                  0         ['activation_11[0][0]']       
                                                                                                  
 dense_8 (Dense)             (None, 56)                   11256     ['dropout_7[0][0]']           
                                                                                                  
 activation_12 (Activation)  (None, 56)                   0         ['dense_8[0][0]']             
                                                                                                  
 dropout_8 (Dropout)         (None, 56)                   0         ['activation_12[0][0]']       
                                                                                                  
 dense_9 (Dense)             (None, 72)                   4104      ['dropout_8[0][0]']           
                                                                                                  
 activation_13 (Activation)  (None, 72)                   0         ['dense_9[0][0]']             
                                                                                                  
 dropout_9 (Dropout)         (None, 72)                   0         ['activation_13[0][0]']       
                                                                                                  
 dense_10 (Dense)            (None, 100)                  7300      ['dropout_9[0][0]']           
                                                                                                  
==================================================================================================
Total params: 760156 (2.90 MB)
Trainable params: 760156 (2.90 MB)
Non-trainable params: 0 (0.00 Byte)
__________________________________________________________________________________________________
Epoch 1/100
6250/6250 - 26s - loss: 5.0519 - accuracy: 0.0090 - val_loss: 4.6053 - val_accuracy: 0.0100 - 26s/epoch - 4ms/step
Epoch 2/100
6250/6250 - 25s - loss: 4.6074 - accuracy: 0.0093 - val_loss: 4.6059 - val_accuracy: 0.0100 - 25s/epoch - 4ms/step
Epoch 3/100
6250/6250 - 25s - loss: 4.6068 - accuracy: 0.0091 - val_loss: 4.6063 - val_accuracy: 0.0100 - 25s/epoch - 4ms/step
Epoch 4/100
6250/6250 - 24s - loss: 4.6079 - accuracy: 0.0091 - val_loss: 4.6059 - val_accuracy: 0.0100 - 24s/epoch - 4ms/step
Epoch 5/100
6250/6250 - 24s - loss: 4.6076 - accuracy: 0.0097 - val_loss: 4.6073 - val_accuracy: 0.0100 - 24s/epoch - 4ms/step
Epoch 6/100
6250/6250 - 25s - loss: 4.6074 - accuracy: 0.0092 - val_loss: 4.6066 - val_accuracy: 0.0100 - 25s/epoch - 4ms/step
Epoch 7/100
6250/6250 - 25s - loss: 4.6075 - accuracy: 0.0087 - val_loss: 4.6060 - val_accuracy: 0.0100 - 25s/epoch - 4ms/step
Epoch 8/100
6250/6250 - 25s - loss: 4.6077 - accuracy: 0.0090 - val_loss: 4.6058 - val_accuracy: 0.0100 - 25s/epoch - 4ms/step
Epoch 9/100
6250/6250 - 25s - loss: 4.6079 - accuracy: 0.0096 - val_loss: 4.6057 - val_accuracy: 0.0100 - 25s/epoch - 4ms/step
Epoch 10/100
6250/6250 - 24s - loss: 4.6079 - accuracy: 0.0096 - val_loss: 4.6073 - val_accuracy: 0.0100 - 24s/epoch - 4ms/step
Epoch 11/100
6250/6250 - 23s - loss: 4.6081 - accuracy: 0.0087 - val_loss: 4.6070 - val_accuracy: 0.0100 - 23s/epoch - 4ms/step
Epoch 12/100
6250/6250 - 23s - loss: 4.6079 - accuracy: 0.0096 - val_loss: 4.6089 - val_accuracy: 0.0100 - 23s/epoch - 4ms/step
Epoch 13/100
6250/6250 - 23s - loss: 4.6078 - accuracy: 0.0081 - val_loss: 4.6056 - val_accuracy: 0.0100 - 23s/epoch - 4ms/step
Epoch 14/100
6250/6250 - 25s - loss: 4.6078 - accuracy: 0.0090 - val_loss: 4.6064 - val_accuracy: 0.0100 - 25s/epoch - 4ms/step
Epoch 15/100
6250/6250 - 24s - loss: 4.6072 - accuracy: 0.0089 - val_loss: 4.6063 - val_accuracy: 0.0100 - 24s/epoch - 4ms/step
Epoch 16/100
6250/6250 - 24s - loss: 4.6077 - accuracy: 0.0091 - val_loss: 4.6064 - val_accuracy: 0.0100 - 24s/epoch - 4ms/step
Epoch 17/100
6250/6250 - 25s - loss: 4.6071 - accuracy: 0.0084 - val_loss: 4.6066 - val_accuracy: 0.0100 - 25s/epoch - 4ms/step
Epoch 18/100
6250/6250 - 24s - loss: 4.6074 - accuracy: 0.0090 - val_loss: 4.6062 - val_accuracy: 0.0100 - 24s/epoch - 4ms/step
Epoch 19/100
6250/6250 - 25s - loss: 4.6075 - accuracy: 0.0084 - val_loss: 4.6064 - val_accuracy: 0.0100 - 25s/epoch - 4ms/step
Epoch 20/100
6250/6250 - 25s - loss: 4.6071 - accuracy: 0.0095 - val_loss: 4.6064 - val_accuracy: 0.0100 - 25s/epoch - 4ms/step
Epoch 21/100
6250/6250 - 24s - loss: 4.6075 - accuracy: 0.0090 - val_loss: 4.6056 - val_accuracy: 0.0100 - 24s/epoch - 4ms/step
Epoch 22/100
6250/6250 - 25s - loss: 4.6076 - accuracy: 0.0084 - val_loss: 4.6068 - val_accuracy: 0.0100 - 25s/epoch - 4ms/step
Epoch 23/100
6250/6250 - 23s - loss: 4.6073 - accuracy: 0.0089 - val_loss: 4.6079 - val_accuracy: 0.0100 - 23s/epoch - 4ms/step
Epoch 24/100
6250/6250 - 22s - loss: 4.6074 - accuracy: 0.0090 - val_loss: 4.6059 - val_accuracy: 0.0100 - 22s/epoch - 4ms/step
Epoch 25/100
6250/6250 - 25s - loss: 4.6074 - accuracy: 0.0086 - val_loss: 4.6058 - val_accuracy: 0.0100 - 25s/epoch - 4ms/step
Epoch 26/100
6250/6250 - 25s - loss: 4.6075 - accuracy: 0.0088 - val_loss: 4.6065 - val_accuracy: 0.0100 - 25s/epoch - 4ms/step
Epoch 27/100
6250/6250 - 24s - loss: 4.6073 - accuracy: 0.0086 - val_loss: 4.6074 - val_accuracy: 0.0100 - 24s/epoch - 4ms/step
Epoch 28/100
6250/6250 - 25s - loss: 4.6081 - accuracy: 0.0093 - val_loss: 4.6060 - val_accuracy: 0.0100 - 25s/epoch - 4ms/step
Epoch 29/100
6250/6250 - 24s - loss: 4.6071 - accuracy: 0.0090 - val_loss: 4.6075 - val_accuracy: 0.0100 - 24s/epoch - 4ms/step
Epoch 30/100
6250/6250 - 25s - loss: 4.6073 - accuracy: 0.0084 - val_loss: 4.6059 - val_accuracy: 0.0100 - 25s/epoch - 4ms/step
Epoch 31/100
Restoring model weights from the end of the best epoch: 1.
6250/6250 - 25s - loss: 4.6074 - accuracy: 0.0088 - val_loss: 4.6098 - val_accuracy: 0.0100 - 25s/epoch - 4ms/step
Epoch 31: early stopping
313/313 - 1s - loss: 4.6053 - accuracy: 0.0100 - 860ms/epoch - 3ms/step

ACCURACY: 0.009999999776482582


SCORE: -0.22612494384353776

[92m | MODULE VALUES ---------------------------------------------  |
 [0m
FLOPS: 40437528
PARAMS: 760156.0
[92m 
 | -----------------------------------------------------------  |
 [0m

--- BANANAS ITERATION 39 / 1000 ---
Chosen point: {'num_neurons': 4, 'unit_c1': 1, 'unit_c2': 5, 'dr_f': 0.3552668627893716, 'learning_rate': 0.0005146846161952976, 'batch_size': 8, 'optimizer': 'Adam', 'activation': 'relu', 'data_augmentation': False, 'reg_l2': False, 'skip_connection': True, 'new_fc_1': 16, 'new_fc_2': 2, 'new_fc_3': 5, 'new_fc_4': 22, 'new_fc_5': 14, 'new_fc_6': 7, 'new_fc_7': 31, 'new_fc_8': 10, 'new_fc_9': 2, 'new_fc_10': 28}
[94m
|  --> START TRAINING ITERATION 13[0m
[INFO] Flags -> DA: False, L2: False, Skip: True
Building model with input_shape=(32, 32, 3), pos_input_shape=None, layer_x_block=2
Model: "model"
__________________________________________________________________________________________________
 Layer (type)                Output Shape                 Param #   Connected to                  
==================================================================================================
 input_1 (InputLayer)        [(None, 32, 32, 3)]          0         []                            
                                                                                                  
 conv2d (Conv2D)             (None, 32, 32, 4)            112       ['input_1[0][0]']             
                                                                                                  
 activation (Activation)     (None, 32, 32, 4)            0         ['conv2d[0][0]']              
                                                                                                  
 conv2d_2 (Conv2D)           (None, 32, 32, 4)            16        ['input_1[0][0]']             
                                                                                                  
 conv2d_1 (Conv2D)           (None, 32, 32, 4)            148       ['activation[0][0]']          
                                                                                                  
 add (Add)                   (None, 32, 32, 4)            0         ['conv2d_2[0][0]',            
                                                                     'conv2d_1[0][0]']            
                                                                                                  
 activation_1 (Activation)   (None, 32, 32, 4)            0         ['add[0][0]']                 
                                                                                                  
 max_pooling2d (MaxPooling2  (None, 16, 16, 4)            0         ['activation_1[0][0]']        
 D)                                                                                               
                                                                                                  
 conv2d_3 (Conv2D)           (None, 16, 16, 20)           740       ['max_pooling2d[0][0]']       
                                                                                                  
 activation_2 (Activation)   (None, 16, 16, 20)           0         ['conv2d_3[0][0]']            
                                                                                                  
 conv2d_5 (Conv2D)           (None, 16, 16, 20)           100       ['max_pooling2d[0][0]']       
                                                                                                  
 conv2d_4 (Conv2D)           (None, 16, 16, 20)           3620      ['activation_2[0][0]']        
                                                                                                  
 add_1 (Add)                 (None, 16, 16, 20)           0         ['conv2d_5[0][0]',            
                                                                     'conv2d_4[0][0]']            
                                                                                                  
 activation_3 (Activation)   (None, 16, 16, 20)           0         ['add_1[0][0]']               
                                                                                                  
 max_pooling2d_1 (MaxPoolin  (None, 8, 8, 20)             0         ['activation_3[0][0]']        
 g2D)                                                                                             
                                                                                                  
 flatten (Flatten)           (None, 1280)                 0         ['max_pooling2d_1[0][0]']     
                                                                                                  
 dense (Dense)               (None, 64)                   81984     ['flatten[0][0]']             
                                                                                                  
 activation_4 (Activation)   (None, 64)                   0         ['dense[0][0]']               
                                                                                                  
 dropout (Dropout)           (None, 64)                   0         ['activation_4[0][0]']        
                                                                                                  
 dense_1 (Dense)             (None, 8)                    520       ['dropout[0][0]']             
                                                                                                  
 activation_5 (Activation)   (None, 8)                    0         ['dense_1[0][0]']             
                                                                                                  
 dropout_1 (Dropout)         (None, 8)                    0         ['activation_5[0][0]']        
                                                                                                  
 dense_2 (Dense)             (None, 20)                   180       ['dropout_1[0][0]']           
                                                                                                  
 activation_6 (Activation)   (None, 20)                   0         ['dense_2[0][0]']             
                                                                                                  
 dropout_2 (Dropout)         (None, 20)                   0         ['activation_6[0][0]']        
                                                                                                  
 dense_3 (Dense)             (None, 88)                   1848      ['dropout_2[0][0]']           
                                                                                                  
 activation_7 (Activation)   (None, 88)                   0         ['dense_3[0][0]']             
                                                                                                  
 dropout_3 (Dropout)         (None, 88)                   0         ['activation_7[0][0]']        
                                                                                                  
 dense_4 (Dense)             (None, 56)                   4984      ['dropout_3[0][0]']           
                                                                                                  
 activation_8 (Activation)   (None, 56)                   0         ['dense_4[0][0]']             
                                                                                                  
 dropout_4 (Dropout)         (None, 56)                   0         ['activation_8[0][0]']        
                                                                                                  
 dense_5 (Dense)             (None, 28)                   1596      ['dropout_4[0][0]']           
                                                                                                  
 activation_9 (Activation)   (None, 28)                   0         ['dense_5[0][0]']             
                                                                                                  
 dropout_5 (Dropout)         (None, 28)                   0         ['activation_9[0][0]']        
                                                                                                  
 dense_6 (Dense)             (None, 124)                  3596      ['dropout_5[0][0]']           
                                                                                                  
 activation_10 (Activation)  (None, 124)                  0         ['dense_6[0][0]']             
                                                                                                  
 dropout_6 (Dropout)         (None, 124)                  0         ['activation_10[0][0]']       
                                                                                                  
 dense_7 (Dense)             (None, 40)                   5000      ['dropout_6[0][0]']           
                                                                                                  
 activation_11 (Activation)  (None, 40)                   0         ['dense_7[0][0]']             
                                                                                                  
 dropout_7 (Dropout)         (None, 40)                   0         ['activation_11[0][0]']       
                                                                                                  
 dense_8 (Dense)             (None, 8)                    328       ['dropout_7[0][0]']           
                                                                                                  
 activation_12 (Activation)  (None, 8)                    0         ['dense_8[0][0]']             
                                                                                                  
 dropout_8 (Dropout)         (None, 8)                    0         ['activation_12[0][0]']       
                                                                                                  
 dense_9 (Dense)             (None, 112)                  1008      ['dropout_8[0][0]']           
                                                                                                  
 activation_13 (Activation)  (None, 112)                  0         ['dense_9[0][0]']             
                                                                                                  
 dropout_9 (Dropout)         (None, 112)                  0         ['activation_13[0][0]']       
                                                                                                  
 dense_10 (Dense)            (None, 100)                  11300     ['dropout_9[0][0]']           
                                                                                                  
==================================================================================================
Total params: 117080 (457.34 KB)
Trainable params: 117080 (457.34 KB)
Non-trainable params: 0 (0.00 Byte)
__________________________________________________________________________________________________
Epoch 1/100
6250/6250 - 24s - loss: 4.4998 - accuracy: 0.0187 - val_loss: 4.4973 - val_accuracy: 0.0181 - 24s/epoch - 4ms/step
Epoch 2/100
6250/6250 - 21s - loss: 4.4031 - accuracy: 0.0212 - val_loss: 4.5207 - val_accuracy: 0.0139 - 21s/epoch - 3ms/step
Epoch 3/100
6250/6250 - 21s - loss: 4.3575 - accuracy: 0.0248 - val_loss: 4.3949 - val_accuracy: 0.0234 - 21s/epoch - 3ms/step
Epoch 4/100
6250/6250 - 22s - loss: 4.3238 - accuracy: 0.0278 - val_loss: 4.5080 - val_accuracy: 0.0138 - 22s/epoch - 4ms/step
Epoch 5/100
6250/6250 - 22s - loss: 4.2958 - accuracy: 0.0269 - val_loss: 4.4111 - val_accuracy: 0.0182 - 22s/epoch - 4ms/step
Epoch 6/100
6250/6250 - 21s - loss: 4.2726 - accuracy: 0.0282 - val_loss: 4.4778 - val_accuracy: 0.0150 - 21s/epoch - 3ms/step
Epoch 7/100
6250/6250 - 21s - loss: 4.2651 - accuracy: 0.0283 - val_loss: 4.4892 - val_accuracy: 0.0178 - 21s/epoch - 3ms/step
Epoch 8/100
6250/6250 - 22s - loss: 4.2485 - accuracy: 0.0300 - val_loss: 4.4249 - val_accuracy: 0.0185 - 22s/epoch - 4ms/step
Epoch 9/100
6250/6250 - 22s - loss: 4.2410 - accuracy: 0.0289 - val_loss: 4.4270 - val_accuracy: 0.0174 - 22s/epoch - 4ms/step
Epoch 10/100
6250/6250 - 22s - loss: 4.2375 - accuracy: 0.0299 - val_loss: 4.4727 - val_accuracy: 0.0149 - 22s/epoch - 4ms/step
Epoch 11/100
6250/6250 - 22s - loss: 4.2398 - accuracy: 0.0293 - val_loss: 4.4456 - val_accuracy: 0.0178 - 22s/epoch - 4ms/step
Epoch 12/100
6250/6250 - 22s - loss: 4.2284 - accuracy: 0.0316 - val_loss: 4.5824 - val_accuracy: 0.0133 - 22s/epoch - 4ms/step
Epoch 13/100
6250/6250 - 22s - loss: 4.2224 - accuracy: 0.0317 - val_loss: 4.4713 - val_accuracy: 0.0178 - 22s/epoch - 4ms/step
Epoch 14/100
6250/6250 - 22s - loss: 4.2255 - accuracy: 0.0305 - val_loss: 4.4426 - val_accuracy: 0.0173 - 22s/epoch - 4ms/step
Epoch 15/100
6250/6250 - 22s - loss: 4.2191 - accuracy: 0.0323 - val_loss: 4.4971 - val_accuracy: 0.0171 - 22s/epoch - 4ms/step
Epoch 16/100
6250/6250 - 22s - loss: 4.2097 - accuracy: 0.0302 - val_loss: 4.5068 - val_accuracy: 0.0173 - 22s/epoch - 4ms/step
Epoch 17/100
6250/6250 - 22s - loss: 4.2134 - accuracy: 0.0320 - val_loss: 4.4792 - val_accuracy: 0.0142 - 22s/epoch - 4ms/step
Epoch 18/100
6250/6250 - 22s - loss: 4.2104 - accuracy: 0.0321 - val_loss: 4.4234 - val_accuracy: 0.0181 - 22s/epoch - 4ms/step
Epoch 19/100
6250/6250 - 22s - loss: 4.2018 - accuracy: 0.0321 - val_loss: 4.4874 - val_accuracy: 0.0137 - 22s/epoch - 4ms/step
Epoch 20/100
6250/6250 - 22s - loss: 4.1987 - accuracy: 0.0324 - val_loss: 4.4424 - val_accuracy: 0.0173 - 22s/epoch - 4ms/step
Epoch 21/100
6250/6250 - 22s - loss: 4.1889 - accuracy: 0.0324 - val_loss: 4.4672 - val_accuracy: 0.0185 - 22s/epoch - 4ms/step
Epoch 22/100
6250/6250 - 22s - loss: 4.2145 - accuracy: 0.0313 - val_loss: 4.3873 - val_accuracy: 0.0197 - 22s/epoch - 4ms/step
Epoch 23/100
6250/6250 - 22s - loss: 4.2007 - accuracy: 0.0309 - val_loss: 4.4457 - val_accuracy: 0.0181 - 22s/epoch - 4ms/step
Epoch 24/100
6250/6250 - 21s - loss: 4.2045 - accuracy: 0.0317 - val_loss: 4.5767 - val_accuracy: 0.0151 - 21s/epoch - 3ms/step
Epoch 25/100
6250/6250 - 21s - loss: 4.2161 - accuracy: 0.0332 - val_loss: 4.4350 - val_accuracy: 0.0206 - 21s/epoch - 3ms/step
Epoch 26/100
6250/6250 - 22s - loss: 4.1840 - accuracy: 0.0332 - val_loss: 4.4362 - val_accuracy: 0.0198 - 22s/epoch - 3ms/step
Epoch 27/100
6250/6250 - 22s - loss: 4.1931 - accuracy: 0.0315 - val_loss: 4.4148 - val_accuracy: 0.0172 - 22s/epoch - 4ms/step
Epoch 28/100
6250/6250 - 22s - loss: 4.1730 - accuracy: 0.0343 - val_loss: 4.3371 - val_accuracy: 0.0220 - 22s/epoch - 4ms/step
Epoch 29/100
6250/6250 - 22s - loss: 4.1806 - accuracy: 0.0323 - val_loss: 4.4579 - val_accuracy: 0.0155 - 22s/epoch - 4ms/step
Epoch 30/100
6250/6250 - 22s - loss: 4.1642 - accuracy: 0.0335 - val_loss: 4.5106 - val_accuracy: 0.0194 - 22s/epoch - 4ms/step
Epoch 31/100
6250/6250 - 22s - loss: 4.1756 - accuracy: 0.0339 - val_loss: 4.4755 - val_accuracy: 0.0137 - 22s/epoch - 4ms/step
Epoch 32/100
6250/6250 - 22s - loss: 4.1918 - accuracy: 0.0330 - val_loss: 4.4016 - val_accuracy: 0.0203 - 22s/epoch - 4ms/step
Epoch 33/100
Restoring model weights from the end of the best epoch: 3.
6250/6250 - 22s - loss: 4.1756 - accuracy: 0.0333 - val_loss: 4.5216 - val_accuracy: 0.0148 - 22s/epoch - 4ms/step
Epoch 33: early stopping
313/313 - 1s - loss: 4.3949 - accuracy: 0.0234 - 736ms/epoch - 2ms/step

ACCURACY: 0.023399999365210533


SCORE: -0.31025181555564735

[92m | MODULE VALUES ---------------------------------------------  |
 [0m
FLOPS: 3064092
PARAMS: 117080.0
[92m 
 | -----------------------------------------------------------  |
 [0m

--- BANANAS ITERATION 40 / 1000 ---
Chosen point: {'num_neurons': 16, 'unit_c1': 2, 'unit_c2': 4, 'dr_f': 0.4718534565450765, 'learning_rate': 0.0008555030351375327, 'batch_size': 16, 'optimizer': 'SGD', 'activation': 'swish', 'data_augmentation': False, 'reg_l2': True, 'skip_connection': False, 'new_fc_1': 2, 'new_fc_2': 12, 'new_fc_3': 27, 'new_fc_4': 27, 'new_fc_5': 23, 'new_fc_6': 12, 'new_fc_7': 23, 'new_fc_8': 4, 'new_fc_9': 16, 'new_fc_10': 11}
[94m
|  --> START TRAINING ITERATION 14[0m
[INFO] Flags -> DA: False, L2: True, Skip: False
Building model with input_shape=(32, 32, 3), pos_input_shape=None, layer_x_block=2
Model: "model"
_________________________________________________________________
 Layer (type)                Output Shape              Param #   
=================================================================
 input_1 (InputLayer)        [(None, 32, 32, 3)]       0         
                                                                 
 conv2d (Conv2D)             (None, 32, 32, 32)        896       
                                                                 
 activation (Activation)     (None, 32, 32, 32)        0         
                                                                 
 conv2d_1 (Conv2D)           (None, 32, 32, 32)        9248      
                                                                 
 activation_1 (Activation)   (None, 32, 32, 32)        0         
                                                                 
 max_pooling2d (MaxPooling2  (None, 16, 16, 32)        0         
 D)                                                              
                                                                 
 conv2d_2 (Conv2D)           (None, 16, 16, 64)        18496     
                                                                 
 activation_2 (Activation)   (None, 16, 16, 64)        0         
                                                                 
 conv2d_3 (Conv2D)           (None, 16, 16, 64)        36928     
                                                                 
 activation_3 (Activation)   (None, 16, 16, 64)        0         
                                                                 
 max_pooling2d_1 (MaxPoolin  (None, 8, 8, 64)          0         
 g2D)                                                            
                                                                 
 flatten (Flatten)           (None, 4096)              0         
                                                                 
 dense (Dense)               (None, 32)                131104    
                                                                 
 activation_4 (Activation)   (None, 32)                0         
                                                                 
 dropout (Dropout)           (None, 32)                0         
                                                                 
 dense_1 (Dense)             (None, 192)               6336      
                                                                 
 activation_5 (Activation)   (None, 192)               0         
                                                                 
 dropout_1 (Dropout)         (None, 192)               0         
                                                                 
 dense_2 (Dense)             (None, 432)               83376     
                                                                 
 activation_6 (Activation)   (None, 432)               0         
                                                                 
 dropout_2 (Dropout)         (None, 432)               0         
                                                                 
 dense_3 (Dense)             (None, 432)               187056    
                                                                 
 activation_7 (Activation)   (None, 432)               0         
                                                                 
 dropout_3 (Dropout)         (None, 432)               0         
                                                                 
 dense_4 (Dense)             (None, 368)               159344    
                                                                 
 activation_8 (Activation)   (None, 368)               0         
                                                                 
 dropout_4 (Dropout)         (None, 368)               0         
                                                                 
 dense_5 (Dense)             (None, 192)               70848     
                                                                 
 activation_9 (Activation)   (None, 192)               0         
                                                                 
 dropout_5 (Dropout)         (None, 192)               0         
                                                                 
 dense_6 (Dense)             (None, 368)               71024     
                                                                 
 activation_10 (Activation)  (None, 368)               0         
                                                                 
 dropout_6 (Dropout)         (None, 368)               0         
                                                                 
 dense_7 (Dense)             (None, 64)                23616     
                                                                 
 activation_11 (Activation)  (None, 64)                0         
                                                                 
 dropout_7 (Dropout)         (None, 64)                0         
                                                                 
 dense_8 (Dense)             (None, 256)               16640     
                                                                 
 activation_12 (Activation)  (None, 256)               0         
                                                                 
 dropout_8 (Dropout)         (None, 256)               0         
                                                                 
 dense_9 (Dense)             (None, 176)               45232     
                                                                 
 activation_13 (Activation)  (None, 176)               0         
                                                                 
 dropout_9 (Dropout)         (None, 176)               0         
                                                                 
 dense_10 (Dense)            (None, 100)               17700     
                                                                 
=================================================================
Total params: 877844 (3.35 MB)
Trainable params: 877844 (3.35 MB)
Non-trainable params: 0 (0.00 Byte)
_________________________________________________________________
Epoch 1/100
3125/3125 - 14s - loss: 27.4312 - accuracy: 0.0084 - val_loss: 26.2686 - val_accuracy: 0.0100 - 14s/epoch - 5ms/step
Epoch 2/100
3125/3125 - 12s - loss: 25.1858 - accuracy: 0.0083 - val_loss: 24.1396 - val_accuracy: 0.0100 - 12s/epoch - 4ms/step
Epoch 3/100
3125/3125 - 12s - loss: 23.1649 - accuracy: 0.0085 - val_loss: 22.2233 - val_accuracy: 0.0100 - 12s/epoch - 4ms/step
Epoch 4/100
3125/3125 - 12s - loss: 21.3460 - accuracy: 0.0092 - val_loss: 20.4983 - val_accuracy: 0.0100 - 12s/epoch - 4ms/step
Epoch 5/100
3125/3125 - 12s - loss: 19.7086 - accuracy: 0.0087 - val_loss: 18.9455 - val_accuracy: 0.0100 - 12s/epoch - 4ms/step
Epoch 6/100
3125/3125 - 12s - loss: 18.2346 - accuracy: 0.0094 - val_loss: 17.5476 - val_accuracy: 0.0100 - 12s/epoch - 4ms/step
Epoch 7/100
3125/3125 - 12s - loss: 16.9074 - accuracy: 0.0088 - val_loss: 16.2888 - val_accuracy: 0.0100 - 12s/epoch - 4ms/step
Epoch 8/100
3125/3125 - 12s - loss: 15.7123 - accuracy: 0.0087 - val_loss: 15.1553 - val_accuracy: 0.0100 - 12s/epoch - 4ms/step
Epoch 9/100
3125/3125 - 12s - loss: 14.6361 - accuracy: 0.0084 - val_loss: 14.1343 - val_accuracy: 0.0100 - 12s/epoch - 4ms/step
Epoch 10/100
3125/3125 - 12s - loss: 13.6667 - accuracy: 0.0086 - val_loss: 13.2148 - val_accuracy: 0.0100 - 12s/epoch - 4ms/step
Epoch 11/100
3125/3125 - 12s - loss: 12.7935 - accuracy: 0.0092 - val_loss: 12.3863 - val_accuracy: 0.0100 - 12s/epoch - 4ms/step
Epoch 12/100
3125/3125 - 11s - loss: 12.0068 - accuracy: 0.0089 - val_loss: 11.6400 - val_accuracy: 0.0100 - 11s/epoch - 4ms/step
Epoch 13/100
3125/3125 - 11s - loss: 11.2980 - accuracy: 0.0096 - val_loss: 10.9674 - val_accuracy: 0.0100 - 11s/epoch - 4ms/step
Epoch 14/100
3125/3125 - 11s - loss: 10.6592 - accuracy: 0.0088 - val_loss: 10.3613 - val_accuracy: 0.0100 - 11s/epoch - 4ms/step
Epoch 15/100
3125/3125 - 11s - loss: 10.0834 - accuracy: 0.0094 - val_loss: 9.8148 - val_accuracy: 0.0100 - 11s/epoch - 4ms/step
Epoch 16/100
3125/3125 - 12s - loss: 9.5643 - accuracy: 0.0090 - val_loss: 9.3221 - val_accuracy: 0.0100 - 12s/epoch - 4ms/step
Epoch 17/100
3125/3125 - 12s - loss: 9.0963 - accuracy: 0.0083 - val_loss: 8.8779 - val_accuracy: 0.0100 - 12s/epoch - 4ms/step
Epoch 18/100
3125/3125 - 12s - loss: 8.6741 - accuracy: 0.0085 - val_loss: 8.4771 - val_accuracy: 0.0100 - 12s/epoch - 4ms/step
Epoch 19/100
3125/3125 - 12s - loss: 8.2934 - accuracy: 0.0079 - val_loss: 8.1157 - val_accuracy: 0.0100 - 12s/epoch - 4ms/step
Epoch 20/100
3125/3125 - 12s - loss: 7.9498 - accuracy: 0.0091 - val_loss: 7.7895 - val_accuracy: 0.0100 - 12s/epoch - 4ms/step
Epoch 21/100
3125/3125 - 12s - loss: 7.6398 - accuracy: 0.0083 - val_loss: 7.4951 - val_accuracy: 0.0100 - 12s/epoch - 4ms/step
Epoch 22/100
3125/3125 - 12s - loss: 7.3599 - accuracy: 0.0086 - val_loss: 7.2292 - val_accuracy: 0.0100 - 12s/epoch - 4ms/step
Epoch 23/100
3125/3125 - 12s - loss: 7.1073 - accuracy: 0.0089 - val_loss: 6.9893 - val_accuracy: 0.0100 - 12s/epoch - 4ms/step
Epoch 24/100
3125/3125 - 12s - loss: 6.8791 - accuracy: 0.0088 - val_loss: 6.7725 - val_accuracy: 0.0100 - 12s/epoch - 4ms/step
Epoch 25/100
3125/3125 - 12s - loss: 6.6729 - accuracy: 0.0081 - val_loss: 6.5766 - val_accuracy: 0.0100 - 12s/epoch - 4ms/step
Epoch 26/100
3125/3125 - 12s - loss: 6.4866 - accuracy: 0.0088 - val_loss: 6.3995 - val_accuracy: 0.0100 - 12s/epoch - 4ms/step
Epoch 27/100
3125/3125 - 12s - loss: 6.3182 - accuracy: 0.0086 - val_loss: 6.2395 - val_accuracy: 0.0100 - 12s/epoch - 4ms/step
Epoch 28/100
3125/3125 - 12s - loss: 6.1659 - accuracy: 0.0085 - val_loss: 6.0947 - val_accuracy: 0.0100 - 12s/epoch - 4ms/step
Epoch 29/100
3125/3125 - 11s - loss: 6.0281 - accuracy: 0.0088 - val_loss: 5.9636 - val_accuracy: 0.0100 - 11s/epoch - 4ms/step
Epoch 30/100
3125/3125 - 11s - loss: 5.9034 - accuracy: 0.0084 - val_loss: 5.8451 - val_accuracy: 0.0100 - 11s/epoch - 4ms/step
Epoch 31/100
Restoring model weights from the end of the best epoch: 1.
3125/3125 - 11s - loss: 5.7906 - accuracy: 0.0091 - val_loss: 5.7378 - val_accuracy: 0.0100 - 11s/epoch - 4ms/step
Epoch 31: early stopping
313/313 - 1s - loss: 26.2686 - accuracy: 0.0100 - 785ms/epoch - 3ms/step

ACCURACY: 0.009999999776482582


SCORE: -0.2051461598435378

[92m | MODULE VALUES ---------------------------------------------  |
 [0m
FLOPS: 50926920
PARAMS: 877844.0
[92m 
 | -----------------------------------------------------------  |
 [0m

--- BANANAS ITERATION 41 / 1000 ---
Chosen point: {'num_neurons': 16, 'unit_c1': 1, 'unit_c2': 6, 'dr_f': 0.2443191859192179, 'learning_rate': 0.00039335909245085906, 'batch_size': 32, 'optimizer': 'SGD', 'activation': 'relu', 'data_augmentation': False, 'reg_l2': True, 'skip_connection': False, 'new_fc_1': 6, 'new_fc_2': 0, 'new_fc_3': 31, 'new_fc_4': 21, 'new_fc_5': 2, 'new_fc_6': 3, 'new_fc_7': 16, 'new_fc_8': 22, 'new_fc_9': 28, 'new_fc_10': 1}
[94m
|  --> START TRAINING ITERATION 15[0m
[INFO] Flags -> DA: False, L2: True, Skip: False
Building model with input_shape=(32, 32, 3), pos_input_shape=None, layer_x_block=2
Model: "model"
_________________________________________________________________
 Layer (type)                Output Shape              Param #   
=================================================================
 input_1 (InputLayer)        [(None, 32, 32, 3)]       0         
                                                                 
 conv2d (Conv2D)             (None, 32, 32, 16)        448       
                                                                 
 activation (Activation)     (None, 32, 32, 16)        0         
                                                                 
 conv2d_1 (Conv2D)           (None, 32, 32, 16)        2320      
                                                                 
 activation_1 (Activation)   (None, 32, 32, 16)        0         
                                                                 
 max_pooling2d (MaxPooling2  (None, 16, 16, 16)        0         
 D)                                                              
                                                                 
 conv2d_2 (Conv2D)           (None, 16, 16, 96)        13920     
                                                                 
 activation_2 (Activation)   (None, 16, 16, 96)        0         
                                                                 
 conv2d_3 (Conv2D)           (None, 16, 16, 96)        83040     
                                                                 
 activation_3 (Activation)   (None, 16, 16, 96)        0         
                                                                 
 max_pooling2d_1 (MaxPoolin  (None, 8, 8, 96)          0         
 g2D)                                                            
                                                                 
 flatten (Flatten)           (None, 6144)              0         
                                                                 
 dense (Dense)               (None, 96)                589920    
                                                                 
 activation_4 (Activation)   (None, 96)                0         
                                                                 
 dropout (Dropout)           (None, 96)                0         
                                                                 
 dense_1 (Dense)             (None, 496)               48112     
                                                                 
 activation_5 (Activation)   (None, 496)               0         
                                                                 
 dropout_1 (Dropout)         (None, 496)               0         
                                                                 
 dense_2 (Dense)             (None, 336)               166992    
                                                                 
 activation_6 (Activation)   (None, 336)               0         
                                                                 
 dropout_2 (Dropout)         (None, 336)               0         
                                                                 
 dense_3 (Dense)             (None, 32)                10784     
                                                                 
 activation_7 (Activation)   (None, 32)                0         
                                                                 
 dropout_3 (Dropout)         (None, 32)                0         
                                                                 
 dense_4 (Dense)             (None, 48)                1584      
                                                                 
 activation_8 (Activation)   (None, 48)                0         
                                                                 
 dropout_4 (Dropout)         (None, 48)                0         
                                                                 
 dense_5 (Dense)             (None, 256)               12544     
                                                                 
 activation_9 (Activation)   (None, 256)               0         
                                                                 
 dropout_5 (Dropout)         (None, 256)               0         
                                                                 
 dense_6 (Dense)             (None, 352)               90464     
                                                                 
 activation_10 (Activation)  (None, 352)               0         
                                                                 
 dropout_6 (Dropout)         (None, 352)               0         
                                                                 
 dense_7 (Dense)             (None, 448)               158144    
                                                                 
 activation_11 (Activation)  (None, 448)               0         
                                                                 
 dropout_7 (Dropout)         (None, 448)               0         
                                                                 
 dense_8 (Dense)             (None, 16)                7184      
                                                                 
 activation_12 (Activation)  (None, 16)                0         
                                                                 
 dropout_8 (Dropout)         (None, 16)                0         
                                                                 
 dense_9 (Dense)             (None, 100)               1700      
                                                                 
=================================================================
Total params: 1187156 (4.53 MB)
Trainable params: 1187156 (4.53 MB)
Non-trainable params: 0 (0.00 Byte)
_________________________________________________________________
Epoch 1/100
1563/1563 - 8s - loss: 22.6049 - accuracy: 0.0091 - val_loss: 22.3941 - val_accuracy: 0.0095 - 8s/epoch - 5ms/step
Epoch 2/100
1563/1563 - 6s - loss: 22.1871 - accuracy: 0.0095 - val_loss: 21.9813 - val_accuracy: 0.0076 - 6s/epoch - 4ms/step
Epoch 3/100
1563/1563 - 6s - loss: 21.7792 - accuracy: 0.0099 - val_loss: 21.5782 - val_accuracy: 0.0085 - 6s/epoch - 4ms/step
Epoch 4/100
1563/1563 - 6s - loss: 21.3810 - accuracy: 0.0093 - val_loss: 21.1849 - val_accuracy: 0.0090 - 6s/epoch - 4ms/step
Epoch 5/100
1563/1563 - 6s - loss: 20.9923 - accuracy: 0.0102 - val_loss: 20.8008 - val_accuracy: 0.0087 - 6s/epoch - 4ms/step
Epoch 6/100
1563/1563 - 6s - loss: 20.6128 - accuracy: 0.0101 - val_loss: 20.4260 - val_accuracy: 0.0086 - 6s/epoch - 4ms/step
Epoch 7/100
1563/1563 - 6s - loss: 20.2425 - accuracy: 0.0103 - val_loss: 20.0601 - val_accuracy: 0.0084 - 6s/epoch - 4ms/step
Epoch 8/100
1563/1563 - 6s - loss: 19.8809 - accuracy: 0.0104 - val_loss: 19.7028 - val_accuracy: 0.0114 - 6s/epoch - 4ms/step
Epoch 9/100
1563/1563 - 6s - loss: 19.5279 - accuracy: 0.0104 - val_loss: 19.3541 - val_accuracy: 0.0093 - 6s/epoch - 4ms/step
Epoch 10/100
1563/1563 - 6s - loss: 19.1834 - accuracy: 0.0104 - val_loss: 19.0137 - val_accuracy: 0.0093 - 6s/epoch - 4ms/step
Epoch 11/100
1563/1563 - 6s - loss: 18.8470 - accuracy: 0.0094 - val_loss: 18.6813 - val_accuracy: 0.0099 - 6s/epoch - 4ms/step
Epoch 12/100
1563/1563 - 6s - loss: 18.5186 - accuracy: 0.0089 - val_loss: 18.3569 - val_accuracy: 0.0133 - 6s/epoch - 4ms/step
Epoch 13/100
1563/1563 - 6s - loss: 18.1980 - accuracy: 0.0093 - val_loss: 18.0401 - val_accuracy: 0.0129 - 6s/epoch - 4ms/step
Epoch 14/100
1563/1563 - 6s - loss: 17.8851 - accuracy: 0.0092 - val_loss: 17.7309 - val_accuracy: 0.0132 - 6s/epoch - 4ms/step
Epoch 15/100
1563/1563 - 6s - loss: 17.5795 - accuracy: 0.0095 - val_loss: 17.4291 - val_accuracy: 0.0101 - 6s/epoch - 4ms/step
Epoch 16/100
1563/1563 - 6s - loss: 17.2813 - accuracy: 0.0095 - val_loss: 17.1344 - val_accuracy: 0.0100 - 6s/epoch - 4ms/step
Epoch 17/100
1563/1563 - 6s - loss: 16.9901 - accuracy: 0.0106 - val_loss: 16.8467 - val_accuracy: 0.0100 - 6s/epoch - 4ms/step
Epoch 18/100
1563/1563 - 6s - loss: 16.7058 - accuracy: 0.0092 - val_loss: 16.5658 - val_accuracy: 0.0100 - 6s/epoch - 4ms/step
Epoch 19/100
1563/1563 - 6s - loss: 16.4283 - accuracy: 0.0099 - val_loss: 16.2916 - val_accuracy: 0.0100 - 6s/epoch - 4ms/step
Epoch 20/100
1563/1563 - 6s - loss: 16.1574 - accuracy: 0.0098 - val_loss: 16.0239 - val_accuracy: 0.0100 - 6s/epoch - 4ms/step
Epoch 21/100
1563/1563 - 6s - loss: 15.8929 - accuracy: 0.0105 - val_loss: 15.7626 - val_accuracy: 0.0100 - 6s/epoch - 4ms/step
Epoch 22/100
1563/1563 - 6s - loss: 15.6346 - accuracy: 0.0101 - val_loss: 15.5074 - val_accuracy: 0.0100 - 6s/epoch - 4ms/step
Epoch 23/100
1563/1563 - 6s - loss: 15.3825 - accuracy: 0.0094 - val_loss: 15.2583 - val_accuracy: 0.0100 - 6s/epoch - 4ms/step
Epoch 24/100
1563/1563 - 6s - loss: 15.1363 - accuracy: 0.0100 - val_loss: 15.0151 - val_accuracy: 0.0100 - 6s/epoch - 4ms/step
Epoch 25/100
1563/1563 - 6s - loss: 14.8960 - accuracy: 0.0097 - val_loss: 14.7776 - val_accuracy: 0.0100 - 6s/epoch - 4ms/step
Epoch 26/100
1563/1563 - 6s - loss: 14.6614 - accuracy: 0.0101 - val_loss: 14.5458 - val_accuracy: 0.0100 - 6s/epoch - 4ms/step
Epoch 27/100
1563/1563 - 6s - loss: 14.4323 - accuracy: 0.0089 - val_loss: 14.3194 - val_accuracy: 0.0100 - 6s/epoch - 4ms/step
Epoch 28/100
1563/1563 - 6s - loss: 14.2086 - accuracy: 0.0093 - val_loss: 14.0984 - val_accuracy: 0.0100 - 6s/epoch - 4ms/step
Epoch 29/100
1563/1563 - 6s - loss: 13.9902 - accuracy: 0.0096 - val_loss: 13.8827 - val_accuracy: 0.0100 - 6s/epoch - 4ms/step
Epoch 30/100
1563/1563 - 6s - loss: 13.7770 - accuracy: 0.0099 - val_loss: 13.6720 - val_accuracy: 0.0100 - 6s/epoch - 4ms/step
Epoch 31/100
Restoring model weights from the end of the best epoch: 1.
1563/1563 - 6s - loss: 13.5688 - accuracy: 0.0093 - val_loss: 13.4663 - val_accuracy: 0.0100 - 6s/epoch - 4ms/step
Epoch 31: early stopping
313/313 - 1s - loss: 22.3941 - accuracy: 0.0095 - 591ms/epoch - 2ms/step

ACCURACY: 0.009499999694526196


SCORE: -0.1917607997861683

[92m | MODULE VALUES ---------------------------------------------  |
 [0m
FLOPS: 57444600
PARAMS: 1187156.0
[92m 
 | -----------------------------------------------------------  |
 [0m

--- BANANAS ITERATION 42 / 1000 ---
Chosen point: {'num_neurons': 4, 'unit_c1': 4, 'unit_c2': 6, 'dr_f': 0.47877364965034386, 'learning_rate': 0.00021320325321206964, 'batch_size': 16, 'optimizer': 'Adam', 'activation': 'swish', 'data_augmentation': False, 'reg_l2': False, 'skip_connection': True, 'new_fc_1': 18, 'new_fc_2': 9, 'new_fc_3': 30, 'new_fc_4': 2, 'new_fc_5': 1, 'new_fc_6': 17, 'new_fc_7': 13, 'new_fc_8': 1, 'new_fc_9': 23, 'new_fc_10': 1}
[94m
|  --> START TRAINING ITERATION 16[0m
[INFO] Flags -> DA: False, L2: False, Skip: True
Building model with input_shape=(32, 32, 3), pos_input_shape=None, layer_x_block=2
Model: "model"
__________________________________________________________________________________________________
 Layer (type)                Output Shape                 Param #   Connected to                  
==================================================================================================
 input_1 (InputLayer)        [(None, 32, 32, 3)]          0         []                            
                                                                                                  
 conv2d (Conv2D)             (None, 32, 32, 16)           448       ['input_1[0][0]']             
                                                                                                  
 activation (Activation)     (None, 32, 32, 16)           0         ['conv2d[0][0]']              
                                                                                                  
 conv2d_2 (Conv2D)           (None, 32, 32, 16)           64        ['input_1[0][0]']             
                                                                                                  
 conv2d_1 (Conv2D)           (None, 32, 32, 16)           2320      ['activation[0][0]']          
                                                                                                  
 add (Add)                   (None, 32, 32, 16)           0         ['conv2d_2[0][0]',            
                                                                     'conv2d_1[0][0]']            
                                                                                                  
 activation_1 (Activation)   (None, 32, 32, 16)           0         ['add[0][0]']                 
                                                                                                  
 max_pooling2d (MaxPooling2  (None, 16, 16, 16)           0         ['activation_1[0][0]']        
 D)                                                                                               
                                                                                                  
 conv2d_3 (Conv2D)           (None, 16, 16, 24)           3480      ['max_pooling2d[0][0]']       
                                                                                                  
 activation_2 (Activation)   (None, 16, 16, 24)           0         ['conv2d_3[0][0]']            
                                                                                                  
 conv2d_5 (Conv2D)           (None, 16, 16, 24)           408       ['max_pooling2d[0][0]']       
                                                                                                  
 conv2d_4 (Conv2D)           (None, 16, 16, 24)           5208      ['activation_2[0][0]']        
                                                                                                  
 add_1 (Add)                 (None, 16, 16, 24)           0         ['conv2d_5[0][0]',            
                                                                     'conv2d_4[0][0]']            
                                                                                                  
 activation_3 (Activation)   (None, 16, 16, 24)           0         ['add_1[0][0]']               
                                                                                                  
 max_pooling2d_1 (MaxPoolin  (None, 8, 8, 24)             0         ['activation_3[0][0]']        
 g2D)                                                                                             
                                                                                                  
 flatten (Flatten)           (None, 1536)                 0         ['max_pooling2d_1[0][0]']     
                                                                                                  
 dense (Dense)               (None, 72)                   110664    ['flatten[0][0]']             
                                                                                                  
 activation_4 (Activation)   (None, 72)                   0         ['dense[0][0]']               
                                                                                                  
 dropout (Dropout)           (None, 72)                   0         ['activation_4[0][0]']        
                                                                                                  
 dense_1 (Dense)             (None, 36)                   2628      ['dropout[0][0]']             
                                                                                                  
 activation_5 (Activation)   (None, 36)                   0         ['dense_1[0][0]']             
                                                                                                  
 dropout_1 (Dropout)         (None, 36)                   0         ['activation_5[0][0]']        
                                                                                                  
 dense_2 (Dense)             (None, 120)                  4440      ['dropout_1[0][0]']           
                                                                                                  
 activation_6 (Activation)   (None, 120)                  0         ['dense_2[0][0]']             
                                                                                                  
 dropout_2 (Dropout)         (None, 120)                  0         ['activation_6[0][0]']        
                                                                                                  
 dense_3 (Dense)             (None, 8)                    968       ['dropout_2[0][0]']           
                                                                                                  
 activation_7 (Activation)   (None, 8)                    0         ['dense_3[0][0]']             
                                                                                                  
 dropout_3 (Dropout)         (None, 8)                    0         ['activation_7[0][0]']        
                                                                                                  
 dense_4 (Dense)             (None, 4)                    36        ['dropout_3[0][0]']           
                                                                                                  
 activation_8 (Activation)   (None, 4)                    0         ['dense_4[0][0]']             
                                                                                                  
 dropout_4 (Dropout)         (None, 4)                    0         ['activation_8[0][0]']        
                                                                                                  
 dense_5 (Dense)             (None, 68)                   340       ['dropout_4[0][0]']           
                                                                                                  
 activation_9 (Activation)   (None, 68)                   0         ['dense_5[0][0]']             
                                                                                                  
 dropout_5 (Dropout)         (None, 68)                   0         ['activation_9[0][0]']        
                                                                                                  
 dense_6 (Dense)             (None, 52)                   3588      ['dropout_5[0][0]']           
                                                                                                  
 activation_10 (Activation)  (None, 52)                   0         ['dense_6[0][0]']             
                                                                                                  
 dropout_6 (Dropout)         (None, 52)                   0         ['activation_10[0][0]']       
                                                                                                  
 dense_7 (Dense)             (None, 4)                    212       ['dropout_6[0][0]']           
                                                                                                  
 activation_11 (Activation)  (None, 4)                    0         ['dense_7[0][0]']             
                                                                                                  
 dropout_7 (Dropout)         (None, 4)                    0         ['activation_11[0][0]']       
                                                                                                  
 dense_8 (Dense)             (None, 92)                   460       ['dropout_7[0][0]']           
                                                                                                  
 activation_12 (Activation)  (None, 92)                   0         ['dense_8[0][0]']             
                                                                                                  
 dropout_8 (Dropout)         (None, 92)                   0         ['activation_12[0][0]']       
                                                                                                  
 dense_9 (Dense)             (None, 4)                    372       ['dropout_8[0][0]']           
                                                                                                  
 activation_13 (Activation)  (None, 4)                    0         ['dense_9[0][0]']             
                                                                                                  
 dropout_9 (Dropout)         (None, 4)                    0         ['activation_13[0][0]']       
                                                                                                  
 dense_10 (Dense)            (None, 100)                  500       ['dropout_9[0][0]']           
                                                                                                  
==================================================================================================
Total params: 136136 (531.78 KB)
Trainable params: 136136 (531.78 KB)
Non-trainable params: 0 (0.00 Byte)
__________________________________________________________________________________________________
Epoch 1/100
3125/3125 - 13s - loss: 4.6055 - accuracy: 0.0093 - val_loss: 4.6052 - val_accuracy: 0.0100 - 13s/epoch - 4ms/step
Epoch 2/100
3125/3125 - 12s - loss: 4.6054 - accuracy: 0.0088 - val_loss: 4.6052 - val_accuracy: 0.0100 - 12s/epoch - 4ms/step
Epoch 3/100
3125/3125 - 12s - loss: 4.6055 - accuracy: 0.0096 - val_loss: 4.6050 - val_accuracy: 0.0100 - 12s/epoch - 4ms/step
Epoch 4/100
3125/3125 - 12s - loss: 4.6041 - accuracy: 0.0109 - val_loss: 4.5892 - val_accuracy: 0.0144 - 12s/epoch - 4ms/step
Epoch 5/100
3125/3125 - 12s - loss: 4.5744 - accuracy: 0.0140 - val_loss: 4.4931 - val_accuracy: 0.0186 - 12s/epoch - 4ms/step
Epoch 6/100
3125/3125 - 12s - loss: 4.5313 - accuracy: 0.0158 - val_loss: 4.4441 - val_accuracy: 0.0195 - 12s/epoch - 4ms/step
Epoch 7/100
3125/3125 - 12s - loss: 4.5019 - accuracy: 0.0167 - val_loss: 4.4053 - val_accuracy: 0.0202 - 12s/epoch - 4ms/step
Epoch 8/100
3125/3125 - 12s - loss: 4.4822 - accuracy: 0.0173 - val_loss: 4.4026 - val_accuracy: 0.0200 - 12s/epoch - 4ms/step
Epoch 9/100
3125/3125 - 12s - loss: 4.4659 - accuracy: 0.0178 - val_loss: 4.3828 - val_accuracy: 0.0208 - 12s/epoch - 4ms/step
Epoch 10/100
3125/3125 - 12s - loss: 4.4565 - accuracy: 0.0184 - val_loss: 4.4079 - val_accuracy: 0.0189 - 12s/epoch - 4ms/step
Epoch 11/100
3125/3125 - 12s - loss: 4.4472 - accuracy: 0.0188 - val_loss: 4.3620 - val_accuracy: 0.0205 - 12s/epoch - 4ms/step
Epoch 12/100
3125/3125 - 12s - loss: 4.4427 - accuracy: 0.0187 - val_loss: 4.3694 - val_accuracy: 0.0206 - 12s/epoch - 4ms/step
Epoch 13/100
3125/3125 - 12s - loss: 4.4366 - accuracy: 0.0199 - val_loss: 4.3475 - val_accuracy: 0.0227 - 12s/epoch - 4ms/step
Epoch 14/100
3125/3125 - 12s - loss: 4.4331 - accuracy: 0.0184 - val_loss: 4.3485 - val_accuracy: 0.0214 - 12s/epoch - 4ms/step
Epoch 15/100
3125/3125 - 12s - loss: 4.4300 - accuracy: 0.0186 - val_loss: 4.3495 - val_accuracy: 0.0216 - 12s/epoch - 4ms/step
Epoch 16/100
3125/3125 - 12s - loss: 4.4224 - accuracy: 0.0196 - val_loss: 4.3432 - val_accuracy: 0.0222 - 12s/epoch - 4ms/step
Epoch 17/100
3125/3125 - 12s - loss: 4.4202 - accuracy: 0.0203 - val_loss: 4.3552 - val_accuracy: 0.0239 - 12s/epoch - 4ms/step
Epoch 18/100
3125/3125 - 12s - loss: 4.4155 - accuracy: 0.0197 - val_loss: 4.3314 - val_accuracy: 0.0226 - 12s/epoch - 4ms/step
Epoch 19/100
3125/3125 - 12s - loss: 4.4118 - accuracy: 0.0188 - val_loss: 4.3232 - val_accuracy: 0.0250 - 12s/epoch - 4ms/step
Epoch 20/100
3125/3125 - 12s - loss: 4.4118 - accuracy: 0.0202 - val_loss: 4.3276 - val_accuracy: 0.0210 - 12s/epoch - 4ms/step
Epoch 21/100
3125/3125 - 12s - loss: 4.4061 - accuracy: 0.0208 - val_loss: 4.3224 - val_accuracy: 0.0225 - 12s/epoch - 4ms/step
Epoch 22/100
3125/3125 - 12s - loss: 4.4003 - accuracy: 0.0196 - val_loss: 4.3082 - val_accuracy: 0.0249 - 12s/epoch - 4ms/step
Epoch 23/100
3125/3125 - 12s - loss: 4.3998 - accuracy: 0.0203 - val_loss: 4.3256 - val_accuracy: 0.0240 - 12s/epoch - 4ms/step
Epoch 24/100
3125/3125 - 12s - loss: 4.3939 - accuracy: 0.0202 - val_loss: 4.3065 - val_accuracy: 0.0220 - 12s/epoch - 4ms/step
Epoch 25/100
3125/3125 - 12s - loss: 4.3921 - accuracy: 0.0207 - val_loss: 4.2946 - val_accuracy: 0.0260 - 12s/epoch - 4ms/step
Epoch 26/100
3125/3125 - 12s - loss: 4.3874 - accuracy: 0.0211 - val_loss: 4.2892 - val_accuracy: 0.0284 - 12s/epoch - 4ms/step
Epoch 27/100
3125/3125 - 12s - loss: 4.3827 - accuracy: 0.0207 - val_loss: 4.2979 - val_accuracy: 0.0238 - 12s/epoch - 4ms/step
Epoch 28/100
3125/3125 - 12s - loss: 4.3777 - accuracy: 0.0221 - val_loss: 4.2819 - val_accuracy: 0.0281 - 12s/epoch - 4ms/step
Epoch 29/100
3125/3125 - 12s - loss: 4.3744 - accuracy: 0.0223 - val_loss: 4.2760 - val_accuracy: 0.0288 - 12s/epoch - 4ms/step
Epoch 30/100
3125/3125 - 11s - loss: 4.3689 - accuracy: 0.0216 - val_loss: 4.2753 - val_accuracy: 0.0297 - 11s/epoch - 4ms/step
Epoch 31/100
3125/3125 - 12s - loss: 4.3649 - accuracy: 0.0222 - val_loss: 4.2760 - val_accuracy: 0.0254 - 12s/epoch - 4ms/step
Epoch 32/100
3125/3125 - 12s - loss: 4.3617 - accuracy: 0.0220 - val_loss: 4.2797 - val_accuracy: 0.0275 - 12s/epoch - 4ms/step
Epoch 33/100
3125/3125 - 12s - loss: 4.3541 - accuracy: 0.0222 - val_loss: 4.2668 - val_accuracy: 0.0265 - 12s/epoch - 4ms/step
Epoch 34/100
3125/3125 - 12s - loss: 4.3516 - accuracy: 0.0230 - val_loss: 4.2645 - val_accuracy: 0.0323 - 12s/epoch - 4ms/step
Epoch 35/100
3125/3125 - 12s - loss: 4.3485 - accuracy: 0.0246 - val_loss: 4.2651 - val_accuracy: 0.0280 - 12s/epoch - 4ms/step
Epoch 36/100
3125/3125 - 12s - loss: 4.3440 - accuracy: 0.0237 - val_loss: 4.2623 - val_accuracy: 0.0309 - 12s/epoch - 4ms/step
Epoch 37/100
3125/3125 - 12s - loss: 4.3402 - accuracy: 0.0223 - val_loss: 4.2523 - val_accuracy: 0.0306 - 12s/epoch - 4ms/step
Epoch 38/100
3125/3125 - 12s - loss: 4.3398 - accuracy: 0.0243 - val_loss: 4.2531 - val_accuracy: 0.0321 - 12s/epoch - 4ms/step
Epoch 39/100
3125/3125 - 12s - loss: 4.3375 - accuracy: 0.0240 - val_loss: 4.2530 - val_accuracy: 0.0302 - 12s/epoch - 4ms/step
Epoch 40/100
3125/3125 - 12s - loss: 4.3295 - accuracy: 0.0245 - val_loss: 4.2516 - val_accuracy: 0.0308 - 12s/epoch - 4ms/step
Epoch 41/100
3125/3125 - 12s - loss: 4.3264 - accuracy: 0.0230 - val_loss: 4.2610 - val_accuracy: 0.0292 - 12s/epoch - 4ms/step
Epoch 42/100
3125/3125 - 12s - loss: 4.3279 - accuracy: 0.0240 - val_loss: 4.2593 - val_accuracy: 0.0331 - 12s/epoch - 4ms/step
Epoch 43/100
3125/3125 - 12s - loss: 4.3206 - accuracy: 0.0230 - val_loss: 4.2445 - val_accuracy: 0.0335 - 12s/epoch - 4ms/step
Epoch 44/100
3125/3125 - 12s - loss: 4.3156 - accuracy: 0.0237 - val_loss: 4.2526 - val_accuracy: 0.0277 - 12s/epoch - 4ms/step
Epoch 45/100
3125/3125 - 11s - loss: 4.3154 - accuracy: 0.0246 - val_loss: 4.2351 - val_accuracy: 0.0286 - 11s/epoch - 4ms/step
Epoch 46/100
3125/3125 - 11s - loss: 4.3043 - accuracy: 0.0257 - val_loss: 4.2397 - val_accuracy: 0.0309 - 11s/epoch - 4ms/step
Epoch 47/100
3125/3125 - 11s - loss: 4.3062 - accuracy: 0.0236 - val_loss: 4.2335 - val_accuracy: 0.0320 - 11s/epoch - 4ms/step
Epoch 48/100
3125/3125 - 11s - loss: 4.2976 - accuracy: 0.0242 - val_loss: 4.2357 - val_accuracy: 0.0275 - 11s/epoch - 4ms/step
Epoch 49/100
3125/3125 - 12s - loss: 4.3019 - accuracy: 0.0248 - val_loss: 4.2312 - val_accuracy: 0.0271 - 12s/epoch - 4ms/step
Epoch 50/100
3125/3125 - 12s - loss: 4.2969 - accuracy: 0.0245 - val_loss: 4.2202 - val_accuracy: 0.0305 - 12s/epoch - 4ms/step
Epoch 51/100
3125/3125 - 12s - loss: 4.2962 - accuracy: 0.0253 - val_loss: 4.2314 - val_accuracy: 0.0311 - 12s/epoch - 4ms/step
Epoch 52/100
3125/3125 - 12s - loss: 4.2868 - accuracy: 0.0247 - val_loss: 4.2379 - val_accuracy: 0.0295 - 12s/epoch - 4ms/step
Epoch 53/100
3125/3125 - 12s - loss: 4.2887 - accuracy: 0.0248 - val_loss: 4.2292 - val_accuracy: 0.0306 - 12s/epoch - 4ms/step
Epoch 54/100
3125/3125 - 12s - loss: 4.2845 - accuracy: 0.0251 - val_loss: 4.2364 - val_accuracy: 0.0298 - 12s/epoch - 4ms/step
Epoch 55/100
3125/3125 - 12s - loss: 4.2791 - accuracy: 0.0247 - val_loss: 4.2296 - val_accuracy: 0.0298 - 12s/epoch - 4ms/step
Epoch 56/100
3125/3125 - 12s - loss: 4.2721 - accuracy: 0.0250 - val_loss: 4.2210 - val_accuracy: 0.0279 - 12s/epoch - 4ms/step
Epoch 57/100
3125/3125 - 12s - loss: 4.2716 - accuracy: 0.0246 - val_loss: 4.2270 - val_accuracy: 0.0320 - 12s/epoch - 4ms/step
Epoch 58/100
3125/3125 - 12s - loss: 4.2740 - accuracy: 0.0240 - val_loss: 4.2184 - val_accuracy: 0.0313 - 12s/epoch - 4ms/step
Epoch 59/100
3125/3125 - 12s - loss: 4.2668 - accuracy: 0.0244 - val_loss: 4.2400 - val_accuracy: 0.0306 - 12s/epoch - 4ms/step
Epoch 60/100
Restoring model weights from the end of the best epoch: 30.
3125/3125 - 12s - loss: 4.2657 - accuracy: 0.0245 - val_loss: 4.2301 - val_accuracy: 0.0280 - 12s/epoch - 4ms/step
Epoch 60: early stopping
313/313 - 1s - loss: 4.2753 - accuracy: 0.0297 - 636ms/epoch - 2ms/step

ACCURACY: 0.02969999983906746


SCORE: -0.2992421038873472

[92m | MODULE VALUES ---------------------------------------------  |
 [0m
FLOPS: 10773948
PARAMS: 136136.0
[92m 
 | -----------------------------------------------------------  |
 [0m

--- BANANAS ITERATION 43 / 1000 ---
Chosen point: {'num_neurons': 16, 'unit_c1': 2, 'unit_c2': 8, 'dr_f': 0.4264765042089028, 'learning_rate': 0.000378282710292002, 'batch_size': 32, 'optimizer': 'Adam', 'activation': 'relu', 'data_augmentation': False, 'reg_l2': True, 'skip_connection': False, 'new_fc_1': 20, 'new_fc_2': 13, 'new_fc_3': 29, 'new_fc_4': 16, 'new_fc_5': 32, 'new_fc_6': 10, 'new_fc_7': 7, 'new_fc_8': 3, 'new_fc_9': 10, 'new_fc_10': 20}
[94m
|  --> START TRAINING ITERATION 17[0m
[INFO] Flags -> DA: False, L2: True, Skip: False
Building model with input_shape=(32, 32, 3), pos_input_shape=None, layer_x_block=2
Model: "model"
_________________________________________________________________
 Layer (type)                Output Shape              Param #   
=================================================================
 input_1 (InputLayer)        [(None, 32, 32, 3)]       0         
                                                                 
 conv2d (Conv2D)             (None, 32, 32, 32)        896       
                                                                 
 activation (Activation)     (None, 32, 32, 32)        0         
                                                                 
 conv2d_1 (Conv2D)           (None, 32, 32, 32)        9248      
                                                                 
 activation_1 (Activation)   (None, 32, 32, 32)        0         
                                                                 
 max_pooling2d (MaxPooling2  (None, 16, 16, 32)        0         
 D)                                                              
                                                                 
 conv2d_2 (Conv2D)           (None, 16, 16, 128)       36992     
                                                                 
 activation_2 (Activation)   (None, 16, 16, 128)       0         
                                                                 
 conv2d_3 (Conv2D)           (None, 16, 16, 128)       147584    
                                                                 
 activation_3 (Activation)   (None, 16, 16, 128)       0         
                                                                 
 max_pooling2d_1 (MaxPoolin  (None, 8, 8, 128)         0         
 g2D)                                                            
                                                                 
 flatten (Flatten)           (None, 8192)              0         
                                                                 
 dense (Dense)               (None, 320)               2621760   
                                                                 
 activation_4 (Activation)   (None, 320)               0         
                                                                 
 dropout (Dropout)           (None, 320)               0         
                                                                 
 dense_1 (Dense)             (None, 208)               66768     
                                                                 
 activation_5 (Activation)   (None, 208)               0         
                                                                 
 dropout_1 (Dropout)         (None, 208)               0         
                                                                 
 dense_2 (Dense)             (None, 464)               96976     
                                                                 
 activation_6 (Activation)   (None, 464)               0         
                                                                 
 dropout_2 (Dropout)         (None, 464)               0         
                                                                 
 dense_3 (Dense)             (None, 256)               119040    
                                                                 
 activation_7 (Activation)   (None, 256)               0         
                                                                 
 dropout_3 (Dropout)         (None, 256)               0         
                                                                 
 dense_4 (Dense)             (None, 512)               131584    
                                                                 
 activation_8 (Activation)   (None, 512)               0         
                                                                 
 dropout_4 (Dropout)         (None, 512)               0         
                                                                 
 dense_5 (Dense)             (None, 160)               82080     
                                                                 
 activation_9 (Activation)   (None, 160)               0         
                                                                 
 dropout_5 (Dropout)         (None, 160)               0         
                                                                 
 dense_6 (Dense)             (None, 112)               18032     
                                                                 
 activation_10 (Activation)  (None, 112)               0         
                                                                 
 dropout_6 (Dropout)         (None, 112)               0         
                                                                 
 dense_7 (Dense)             (None, 48)                5424      
                                                                 
 activation_11 (Activation)  (None, 48)                0         
                                                                 
 dropout_7 (Dropout)         (None, 48)                0         
                                                                 
 dense_8 (Dense)             (None, 160)               7840      
                                                                 
 activation_12 (Activation)  (None, 160)               0         
                                                                 
 dropout_8 (Dropout)         (None, 160)               0         
                                                                 
 dense_9 (Dense)             (None, 320)               51520     
                                                                 
 activation_13 (Activation)  (None, 320)               0         
                                                                 
 dropout_9 (Dropout)         (None, 320)               0         
                                                                 
 dense_10 (Dense)            (None, 100)               32100     
                                                                 
=================================================================
Total params: 3427844 (13.08 MB)
Trainable params: 3427844 (13.08 MB)
Non-trainable params: 0 (0.00 Byte)
_________________________________________________________________
Epoch 1/100
1563/1563 - 10s - loss: 5.9099 - accuracy: 0.0084 - val_loss: 4.6052 - val_accuracy: 0.0100 - 10s/epoch - 6ms/step
Epoch 2/100
1563/1563 - 8s - loss: 4.6055 - accuracy: 0.0084 - val_loss: 4.6052 - val_accuracy: 0.0100 - 8s/epoch - 5ms/step
Epoch 3/100
1563/1563 - 8s - loss: 4.6055 - accuracy: 0.0083 - val_loss: 4.6052 - val_accuracy: 0.0100 - 8s/epoch - 5ms/step
Epoch 4/100
1563/1563 - 8s - loss: 4.6055 - accuracy: 0.0085 - val_loss: 4.6052 - val_accuracy: 0.0100 - 8s/epoch - 5ms/step
Epoch 5/100
1563/1563 - 8s - loss: 4.6055 - accuracy: 0.0090 - val_loss: 4.6052 - val_accuracy: 0.0100 - 8s/epoch - 5ms/step
Epoch 6/100
1563/1563 - 8s - loss: 4.6055 - accuracy: 0.0091 - val_loss: 4.6052 - val_accuracy: 0.0100 - 8s/epoch - 5ms/step
Epoch 7/100
1563/1563 - 8s - loss: 4.6055 - accuracy: 0.0087 - val_loss: 4.6052 - val_accuracy: 0.0100 - 8s/epoch - 5ms/step
Epoch 8/100
1563/1563 - 8s - loss: 4.6055 - accuracy: 0.0088 - val_loss: 4.6052 - val_accuracy: 0.0100 - 8s/epoch - 5ms/step
Epoch 9/100
1563/1563 - 8s - loss: 4.6055 - accuracy: 0.0085 - val_loss: 4.6052 - val_accuracy: 0.0100 - 8s/epoch - 5ms/step
Epoch 10/100
1563/1563 - 8s - loss: 4.6055 - accuracy: 0.0084 - val_loss: 4.6052 - val_accuracy: 0.0100 - 8s/epoch - 5ms/step
Epoch 11/100
1563/1563 - 8s - loss: 4.6055 - accuracy: 0.0087 - val_loss: 4.6052 - val_accuracy: 0.0100 - 8s/epoch - 5ms/step
Epoch 12/100
1563/1563 - 8s - loss: 4.6055 - accuracy: 0.0083 - val_loss: 4.6052 - val_accuracy: 0.0100 - 8s/epoch - 5ms/step
Epoch 13/100
1563/1563 - 8s - loss: 4.6055 - accuracy: 0.0088 - val_loss: 4.6052 - val_accuracy: 0.0100 - 8s/epoch - 5ms/step
Epoch 14/100
1563/1563 - 8s - loss: 4.6055 - accuracy: 0.0081 - val_loss: 4.6052 - val_accuracy: 0.0100 - 8s/epoch - 5ms/step
Epoch 15/100
1563/1563 - 8s - loss: 4.6055 - accuracy: 0.0086 - val_loss: 4.6052 - val_accuracy: 0.0100 - 8s/epoch - 5ms/step
Epoch 16/100
1563/1563 - 8s - loss: 4.6055 - accuracy: 0.0081 - val_loss: 4.6052 - val_accuracy: 0.0100 - 8s/epoch - 5ms/step
Epoch 17/100
1563/1563 - 8s - loss: 4.6055 - accuracy: 0.0084 - val_loss: 4.6052 - val_accuracy: 0.0100 - 8s/epoch - 5ms/step
Epoch 18/100
1563/1563 - 8s - loss: 4.6055 - accuracy: 0.0087 - val_loss: 4.6052 - val_accuracy: 0.0100 - 8s/epoch - 5ms/step
Epoch 19/100
1563/1563 - 8s - loss: 4.6055 - accuracy: 0.0086 - val_loss: 4.6052 - val_accuracy: 0.0100 - 8s/epoch - 5ms/step
Epoch 20/100
1563/1563 - 8s - loss: 4.6055 - accuracy: 0.0089 - val_loss: 4.6052 - val_accuracy: 0.0100 - 8s/epoch - 5ms/step
Epoch 21/100
1563/1563 - 8s - loss: 4.6055 - accuracy: 0.0086 - val_loss: 4.6052 - val_accuracy: 0.0100 - 8s/epoch - 5ms/step
Epoch 22/100
1563/1563 - 8s - loss: 4.6055 - accuracy: 0.0085 - val_loss: 4.6052 - val_accuracy: 0.0100 - 8s/epoch - 5ms/step
Epoch 23/100
1563/1563 - 8s - loss: 4.6055 - accuracy: 0.0088 - val_loss: 4.6052 - val_accuracy: 0.0100 - 8s/epoch - 5ms/step
Epoch 24/100
1563/1563 - 8s - loss: 4.6055 - accuracy: 0.0081 - val_loss: 4.6052 - val_accuracy: 0.0100 - 8s/epoch - 5ms/step
Epoch 25/100
1563/1563 - 8s - loss: 4.6055 - accuracy: 0.0089 - val_loss: 4.6052 - val_accuracy: 0.0100 - 8s/epoch - 5ms/step
Epoch 26/100
1563/1563 - 8s - loss: 4.6055 - accuracy: 0.0085 - val_loss: 4.6052 - val_accuracy: 0.0100 - 8s/epoch - 5ms/step
Epoch 27/100
1563/1563 - 8s - loss: 4.6055 - accuracy: 0.0088 - val_loss: 4.6052 - val_accuracy: 0.0100 - 8s/epoch - 5ms/step
Epoch 28/100
1563/1563 - 8s - loss: 4.6055 - accuracy: 0.0088 - val_loss: 4.6052 - val_accuracy: 0.0100 - 8s/epoch - 5ms/step
Epoch 29/100
1563/1563 - 8s - loss: 4.6055 - accuracy: 0.0082 - val_loss: 4.6052 - val_accuracy: 0.0100 - 8s/epoch - 5ms/step
Epoch 30/100
1563/1563 - 8s - loss: 4.6055 - accuracy: 0.0087 - val_loss: 4.6052 - val_accuracy: 0.0100 - 8s/epoch - 5ms/step
Epoch 31/100
Restoring model weights from the end of the best epoch: 1.
1563/1563 - 8s - loss: 4.6055 - accuracy: 0.0086 - val_loss: 4.6052 - val_accuracy: 0.0100 - 8s/epoch - 5ms/step
Epoch 31: early stopping
313/313 - 1s - loss: 4.6052 - accuracy: 0.0100 - 641ms/epoch - 2ms/step

ACCURACY: 0.009999999776482582


SCORE: -0.06364724784353781

[92m | MODULE VALUES ---------------------------------------------  |
 [0m
FLOPS: 121676376
PARAMS: 3427844.0
[92m 
 | -----------------------------------------------------------  |
 [0m

--- BANANAS ITERATION 44 / 1000 ---
Chosen point: {'num_neurons': 4, 'unit_c1': 1, 'unit_c2': 5, 'dr_f': 0.37533014791996855, 'learning_rate': 0.0008788281686410107, 'batch_size': 32, 'optimizer': 'Adam', 'activation': 'elu', 'data_augmentation': False, 'reg_l2': True, 'skip_connection': False, 'new_fc_1': 16, 'new_fc_2': 27, 'new_fc_3': 23, 'new_fc_4': 27, 'new_fc_5': 13, 'new_fc_6': 5, 'new_fc_7': 20, 'new_fc_8': 27, 'new_fc_9': 8, 'new_fc_10': 12}
[94m
|  --> START TRAINING ITERATION 18[0m
[INFO] Flags -> DA: False, L2: True, Skip: False
Building model with input_shape=(32, 32, 3), pos_input_shape=None, layer_x_block=2
Model: "model"
_________________________________________________________________
 Layer (type)                Output Shape              Param #   
=================================================================
 input_1 (InputLayer)        [(None, 32, 32, 3)]       0         
                                                                 
 conv2d (Conv2D)             (None, 32, 32, 4)         112       
                                                                 
 activation (Activation)     (None, 32, 32, 4)         0         
                                                                 
 conv2d_1 (Conv2D)           (None, 32, 32, 4)         148       
                                                                 
 activation_1 (Activation)   (None, 32, 32, 4)         0         
                                                                 
 max_pooling2d (MaxPooling2  (None, 16, 16, 4)         0         
 D)                                                              
                                                                 
 conv2d_2 (Conv2D)           (None, 16, 16, 20)        740       
                                                                 
 activation_2 (Activation)   (None, 16, 16, 20)        0         
                                                                 
 conv2d_3 (Conv2D)           (None, 16, 16, 20)        3620      
                                                                 
 activation_3 (Activation)   (None, 16, 16, 20)        0         
                                                                 
 max_pooling2d_1 (MaxPoolin  (None, 8, 8, 20)          0         
 g2D)                                                            
                                                                 
 flatten (Flatten)           (None, 1280)              0         
                                                                 
 dense (Dense)               (None, 64)                81984     
                                                                 
 activation_4 (Activation)   (None, 64)                0         
                                                                 
 dropout (Dropout)           (None, 64)                0         
                                                                 
 dense_1 (Dense)             (None, 108)               7020      
                                                                 
 activation_5 (Activation)   (None, 108)               0         
                                                                 
 dropout_1 (Dropout)         (None, 108)               0         
                                                                 
 dense_2 (Dense)             (None, 92)                10028     
                                                                 
 activation_6 (Activation)   (None, 92)                0         
                                                                 
 dropout_2 (Dropout)         (None, 92)                0         
                                                                 
 dense_3 (Dense)             (None, 108)               10044     
                                                                 
 activation_7 (Activation)   (None, 108)               0         
                                                                 
 dropout_3 (Dropout)         (None, 108)               0         
                                                                 
 dense_4 (Dense)             (None, 52)                5668      
                                                                 
 activation_8 (Activation)   (None, 52)                0         
                                                                 
 dropout_4 (Dropout)         (None, 52)                0         
                                                                 
 dense_5 (Dense)             (None, 20)                1060      
                                                                 
 activation_9 (Activation)   (None, 20)                0         
                                                                 
 dropout_5 (Dropout)         (None, 20)                0         
                                                                 
 dense_6 (Dense)             (None, 80)                1680      
                                                                 
 activation_10 (Activation)  (None, 80)                0         
                                                                 
 dropout_6 (Dropout)         (None, 80)                0         
                                                                 
 dense_7 (Dense)             (None, 108)               8748      
                                                                 
 activation_11 (Activation)  (None, 108)               0         
                                                                 
 dropout_7 (Dropout)         (None, 108)               0         
                                                                 
 dense_8 (Dense)             (None, 32)                3488      
                                                                 
 activation_12 (Activation)  (None, 32)                0         
                                                                 
 dropout_8 (Dropout)         (None, 32)                0         
                                                                 
 dense_9 (Dense)             (None, 48)                1584      
                                                                 
 activation_13 (Activation)  (None, 48)                0         
                                                                 
 dropout_9 (Dropout)         (None, 48)                0         
                                                                 
 dense_10 (Dense)            (None, 100)               4900      
                                                                 
=================================================================
Total params: 140824 (550.09 KB)
Trainable params: 140824 (550.09 KB)
Non-trainable params: 0 (0.00 Byte)
_________________________________________________________________
Epoch 1/100
1563/1563 - 8s - loss: 5.2555 - accuracy: 0.0086 - val_loss: 4.6052 - val_accuracy: 0.0100 - 8s/epoch - 5ms/step
Epoch 2/100
1563/1563 - 6s - loss: 4.6059 - accuracy: 0.0083 - val_loss: 4.6052 - val_accuracy: 0.0100 - 6s/epoch - 4ms/step
Epoch 3/100
1563/1563 - 6s - loss: 4.6059 - accuracy: 0.0093 - val_loss: 4.6052 - val_accuracy: 0.0100 - 6s/epoch - 4ms/step
Epoch 4/100
1563/1563 - 6s - loss: 4.6059 - accuracy: 0.0090 - val_loss: 4.6052 - val_accuracy: 0.0100 - 6s/epoch - 4ms/step
Epoch 5/100
1563/1563 - 6s - loss: 4.6060 - accuracy: 0.0083 - val_loss: 4.6053 - val_accuracy: 0.0100 - 6s/epoch - 4ms/step
Epoch 6/100
1563/1563 - 6s - loss: 4.6064 - accuracy: 0.0089 - val_loss: 4.6053 - val_accuracy: 0.0100 - 6s/epoch - 4ms/step
Epoch 7/100
1563/1563 - 6s - loss: 4.6060 - accuracy: 0.0084 - val_loss: 4.6052 - val_accuracy: 0.0100 - 6s/epoch - 4ms/step
Epoch 8/100
1563/1563 - 6s - loss: 4.6060 - accuracy: 0.0091 - val_loss: 4.6052 - val_accuracy: 0.0100 - 6s/epoch - 4ms/step
Epoch 9/100
1563/1563 - 6s - loss: 4.6059 - accuracy: 0.0086 - val_loss: 4.6053 - val_accuracy: 0.0100 - 6s/epoch - 4ms/step
Epoch 10/100
1563/1563 - 6s - loss: 4.6060 - accuracy: 0.0089 - val_loss: 4.6055 - val_accuracy: 0.0100 - 6s/epoch - 4ms/step
Epoch 11/100
1563/1563 - 6s - loss: 4.6064 - accuracy: 0.0090 - val_loss: 4.6056 - val_accuracy: 0.0100 - 6s/epoch - 4ms/step
Epoch 12/100
1563/1563 - 6s - loss: 4.6062 - accuracy: 0.0089 - val_loss: 4.6056 - val_accuracy: 0.0100 - 6s/epoch - 4ms/step
Epoch 13/100
1563/1563 - 6s - loss: 4.6061 - accuracy: 0.0091 - val_loss: 4.6057 - val_accuracy: 0.0100 - 6s/epoch - 4ms/step
Epoch 14/100
1563/1563 - 6s - loss: 4.6061 - accuracy: 0.0088 - val_loss: 4.6055 - val_accuracy: 0.0100 - 6s/epoch - 4ms/step
Epoch 15/100
1563/1563 - 6s - loss: 4.6062 - accuracy: 0.0087 - val_loss: 4.6054 - val_accuracy: 0.0100 - 6s/epoch - 4ms/step
Epoch 16/100
1563/1563 - 6s - loss: 4.6061 - accuracy: 0.0088 - val_loss: 4.6056 - val_accuracy: 0.0100 - 6s/epoch - 4ms/step
Epoch 17/100
1563/1563 - 6s - loss: 4.6062 - accuracy: 0.0092 - val_loss: 4.6054 - val_accuracy: 0.0100 - 6s/epoch - 4ms/step
Epoch 18/100
1563/1563 - 6s - loss: 4.6061 - accuracy: 0.0083 - val_loss: 4.6055 - val_accuracy: 0.0100 - 6s/epoch - 4ms/step
Epoch 19/100
1563/1563 - 6s - loss: 4.6064 - accuracy: 0.0086 - val_loss: 4.6057 - val_accuracy: 0.0100 - 6s/epoch - 4ms/step
Epoch 20/100
1563/1563 - 6s - loss: 4.6064 - accuracy: 0.0091 - val_loss: 4.6055 - val_accuracy: 0.0100 - 6s/epoch - 4ms/step
Epoch 21/100
1563/1563 - 6s - loss: 4.6062 - accuracy: 0.0090 - val_loss: 4.6054 - val_accuracy: 0.0100 - 6s/epoch - 4ms/step
Epoch 22/100
1563/1563 - 6s - loss: 4.6060 - accuracy: 0.0086 - val_loss: 4.6054 - val_accuracy: 0.0100 - 6s/epoch - 4ms/step
Epoch 23/100
1563/1563 - 6s - loss: 4.6061 - accuracy: 0.0090 - val_loss: 4.6055 - val_accuracy: 0.0100 - 6s/epoch - 4ms/step
Epoch 24/100
1563/1563 - 6s - loss: 4.6061 - accuracy: 0.0086 - val_loss: 4.6053 - val_accuracy: 0.0100 - 6s/epoch - 4ms/step
Epoch 25/100
1563/1563 - 6s - loss: 4.6062 - accuracy: 0.0086 - val_loss: 4.6056 - val_accuracy: 0.0100 - 6s/epoch - 4ms/step
Epoch 26/100
1563/1563 - 6s - loss: 4.6063 - accuracy: 0.0091 - val_loss: 4.6056 - val_accuracy: 0.0100 - 6s/epoch - 4ms/step
Epoch 27/100
1563/1563 - 6s - loss: 4.6063 - accuracy: 0.0086 - val_loss: 4.6052 - val_accuracy: 0.0100 - 6s/epoch - 4ms/step
Epoch 28/100
1563/1563 - 6s - loss: 4.6061 - accuracy: 0.0084 - val_loss: 4.6056 - val_accuracy: 0.0100 - 6s/epoch - 4ms/step
Epoch 29/100
1563/1563 - 6s - loss: 4.6066 - accuracy: 0.0085 - val_loss: 4.6060 - val_accuracy: 0.0100 - 6s/epoch - 4ms/step
Epoch 30/100
1563/1563 - 6s - loss: 4.6062 - accuracy: 0.0087 - val_loss: 4.6053 - val_accuracy: 0.0100 - 6s/epoch - 4ms/step
Epoch 31/100
Restoring model weights from the end of the best epoch: 1.
1563/1563 - 6s - loss: 4.6061 - accuracy: 0.0082 - val_loss: 4.6056 - val_accuracy: 0.0100 - 6s/epoch - 4ms/step
Epoch 31: early stopping
313/313 - 0s - loss: 4.6052 - accuracy: 0.0100 - 498ms/epoch - 2ms/step

ACCURACY: 0.009999999776482582


SCORE: -0.3009446398435378

[92m | MODULE VALUES ---------------------------------------------  |
 [0m
FLOPS: 3027680
PARAMS: 140824.0
[92m 
 | -----------------------------------------------------------  |
 [0m

--- BANANAS ITERATION 45 / 1000 ---
Chosen point: {'num_neurons': 16, 'unit_c1': 1, 'unit_c2': 4, 'dr_f': 0.3340888547556432, 'learning_rate': 0.00011930582071801733, 'batch_size': 32, 'optimizer': 'Adam', 'activation': 'elu', 'data_augmentation': False, 'reg_l2': False, 'skip_connection': False, 'new_fc_1': 7, 'new_fc_2': 10, 'new_fc_3': 29, 'new_fc_4': 21, 'new_fc_5': 2, 'new_fc_6': 5, 'new_fc_7': 19, 'new_fc_8': 12, 'new_fc_9': 28, 'new_fc_10': 29}
[94m
|  --> START TRAINING ITERATION 19[0m
[INFO] Flags -> DA: False, L2: False, Skip: False
Building model with input_shape=(32, 32, 3), pos_input_shape=None, layer_x_block=2
Model: "model"
_________________________________________________________________
 Layer (type)                Output Shape              Param #   
=================================================================
 input_1 (InputLayer)        [(None, 32, 32, 3)]       0         
                                                                 
 conv2d (Conv2D)             (None, 32, 32, 16)        448       
                                                                 
 activation (Activation)     (None, 32, 32, 16)        0         
                                                                 
 conv2d_1 (Conv2D)           (None, 32, 32, 16)        2320      
                                                                 
 activation_1 (Activation)   (None, 32, 32, 16)        0         
                                                                 
 max_pooling2d (MaxPooling2  (None, 16, 16, 16)        0         
 D)                                                              
                                                                 
 conv2d_2 (Conv2D)           (None, 16, 16, 64)        9280      
                                                                 
 activation_2 (Activation)   (None, 16, 16, 64)        0         
                                                                 
 conv2d_3 (Conv2D)           (None, 16, 16, 64)        36928     
                                                                 
 activation_3 (Activation)   (None, 16, 16, 64)        0         
                                                                 
 max_pooling2d_1 (MaxPoolin  (None, 8, 8, 64)          0         
 g2D)                                                            
                                                                 
 flatten (Flatten)           (None, 4096)              0         
                                                                 
 dense (Dense)               (None, 112)               458864    
                                                                 
 activation_4 (Activation)   (None, 112)               0         
                                                                 
 dropout (Dropout)           (None, 112)               0         
                                                                 
 dense_1 (Dense)             (None, 160)               18080     
                                                                 
 activation_5 (Activation)   (None, 160)               0         
                                                                 
 dropout_1 (Dropout)         (None, 160)               0         
                                                                 
 dense_2 (Dense)             (None, 464)               74704     
                                                                 
 activation_6 (Activation)   (None, 464)               0         
                                                                 
 dropout_2 (Dropout)         (None, 464)               0         
                                                                 
 dense_3 (Dense)             (None, 336)               156240    
                                                                 
 activation_7 (Activation)   (None, 336)               0         
                                                                 
 dropout_3 (Dropout)         (None, 336)               0         
                                                                 
 dense_4 (Dense)             (None, 32)                10784     
                                                                 
 activation_8 (Activation)   (None, 32)                0         
                                                                 
 dropout_4 (Dropout)         (None, 32)                0         
                                                                 
 dense_5 (Dense)             (None, 80)                2640      
                                                                 
 activation_9 (Activation)   (None, 80)                0         
                                                                 
 dropout_5 (Dropout)         (None, 80)                0         
                                                                 
 dense_6 (Dense)             (None, 304)               24624     
                                                                 
 activation_10 (Activation)  (None, 304)               0         
                                                                 
 dropout_6 (Dropout)         (None, 304)               0         
                                                                 
 dense_7 (Dense)             (None, 192)               58560     
                                                                 
 activation_11 (Activation)  (None, 192)               0         
                                                                 
 dropout_7 (Dropout)         (None, 192)               0         
                                                                 
 dense_8 (Dense)             (None, 448)               86464     
                                                                 
 activation_12 (Activation)  (None, 448)               0         
                                                                 
 dropout_8 (Dropout)         (None, 448)               0         
                                                                 
 dense_9 (Dense)             (None, 464)               208336    
                                                                 
 activation_13 (Activation)  (None, 464)               0         
                                                                 
 dropout_9 (Dropout)         (None, 464)               0         
                                                                 
 dense_10 (Dense)            (None, 100)               46500     
                                                                 
=================================================================
Total params: 1194772 (4.56 MB)
Trainable params: 1194772 (4.56 MB)
Non-trainable params: 0 (0.00 Byte)
_________________________________________________________________
Epoch 1/100
1563/1563 - 8s - loss: 4.3468 - accuracy: 0.0331 - val_loss: 3.8857 - val_accuracy: 0.0879 - 8s/epoch - 5ms/step
Epoch 2/100
1563/1563 - 6s - loss: 4.0062 - accuracy: 0.0639 - val_loss: 3.6694 - val_accuracy: 0.1210 - 6s/epoch - 4ms/step
Epoch 3/100
1563/1563 - 6s - loss: 3.8376 - accuracy: 0.0824 - val_loss: 3.4883 - val_accuracy: 0.1432 - 6s/epoch - 4ms/step
Epoch 4/100
1563/1563 - 6s - loss: 3.7193 - accuracy: 0.0983 - val_loss: 3.3931 - val_accuracy: 0.1592 - 6s/epoch - 4ms/step
Epoch 5/100
1563/1563 - 6s - loss: 3.6415 - accuracy: 0.1071 - val_loss: 3.3500 - val_accuracy: 0.1704 - 6s/epoch - 4ms/step
Epoch 6/100
1563/1563 - 6s - loss: 3.5817 - accuracy: 0.1141 - val_loss: 3.3387 - val_accuracy: 0.1649 - 6s/epoch - 4ms/step
Epoch 7/100
1563/1563 - 6s - loss: 3.5338 - accuracy: 0.1215 - val_loss: 3.2735 - val_accuracy: 0.1775 - 6s/epoch - 4ms/step
Epoch 8/100
1563/1563 - 6s - loss: 3.4898 - accuracy: 0.1251 - val_loss: 3.2712 - val_accuracy: 0.1804 - 6s/epoch - 4ms/step
Epoch 9/100
1563/1563 - 6s - loss: 3.4593 - accuracy: 0.1302 - val_loss: 3.2621 - val_accuracy: 0.1771 - 6s/epoch - 4ms/step
Epoch 10/100
1563/1563 - 6s - loss: 3.4265 - accuracy: 0.1354 - val_loss: 3.2626 - val_accuracy: 0.1805 - 6s/epoch - 4ms/step
Epoch 11/100
1563/1563 - 6s - loss: 3.3940 - accuracy: 0.1391 - val_loss: 3.2612 - val_accuracy: 0.1784 - 6s/epoch - 4ms/step
Epoch 12/100
1563/1563 - 6s - loss: 3.3639 - accuracy: 0.1423 - val_loss: 3.2524 - val_accuracy: 0.1802 - 6s/epoch - 4ms/step
Epoch 13/100
1563/1563 - 6s - loss: 3.3358 - accuracy: 0.1449 - val_loss: 3.2484 - val_accuracy: 0.1794 - 6s/epoch - 4ms/step
Epoch 14/100
1563/1563 - 6s - loss: 3.3119 - accuracy: 0.1493 - val_loss: 3.2328 - val_accuracy: 0.1824 - 6s/epoch - 4ms/step
Epoch 15/100
1563/1563 - 6s - loss: 3.2865 - accuracy: 0.1544 - val_loss: 3.2541 - val_accuracy: 0.1817 - 6s/epoch - 4ms/step
Epoch 16/100
1563/1563 - 6s - loss: 3.2629 - accuracy: 0.1586 - val_loss: 3.2568 - val_accuracy: 0.1747 - 6s/epoch - 4ms/step
Epoch 17/100
1563/1563 - 6s - loss: 3.2448 - accuracy: 0.1572 - val_loss: 3.2474 - val_accuracy: 0.1755 - 6s/epoch - 4ms/step
Epoch 18/100
1563/1563 - 6s - loss: 3.2194 - accuracy: 0.1624 - val_loss: 3.2354 - val_accuracy: 0.1870 - 6s/epoch - 4ms/step
Epoch 19/100
1563/1563 - 6s - loss: 3.2044 - accuracy: 0.1646 - val_loss: 3.2743 - val_accuracy: 0.1783 - 6s/epoch - 4ms/step
Epoch 20/100
1563/1563 - 6s - loss: 3.1776 - accuracy: 0.1691 - val_loss: 3.2409 - val_accuracy: 0.1887 - 6s/epoch - 4ms/step
Epoch 21/100
1563/1563 - 6s - loss: 3.1585 - accuracy: 0.1725 - val_loss: 3.2212 - val_accuracy: 0.1881 - 6s/epoch - 4ms/step
Epoch 22/100
1563/1563 - 6s - loss: 3.1299 - accuracy: 0.1753 - val_loss: 3.2184 - val_accuracy: 0.1880 - 6s/epoch - 4ms/step
Epoch 23/100
1563/1563 - 6s - loss: 3.1192 - accuracy: 0.1804 - val_loss: 3.2256 - val_accuracy: 0.1940 - 6s/epoch - 4ms/step
Epoch 24/100
1563/1563 - 6s - loss: 3.0921 - accuracy: 0.1830 - val_loss: 3.2127 - val_accuracy: 0.1929 - 6s/epoch - 4ms/step
Epoch 25/100
1563/1563 - 6s - loss: 3.0644 - accuracy: 0.1869 - val_loss: 3.2074 - val_accuracy: 0.1948 - 6s/epoch - 4ms/step
Epoch 26/100
1563/1563 - 6s - loss: 3.0505 - accuracy: 0.1901 - val_loss: 3.2592 - val_accuracy: 0.1912 - 6s/epoch - 4ms/step
Epoch 27/100
1563/1563 - 6s - loss: 3.0293 - accuracy: 0.1911 - val_loss: 3.2236 - val_accuracy: 0.1963 - 6s/epoch - 4ms/step
Epoch 28/100
1563/1563 - 6s - loss: 3.0234 - accuracy: 0.1964 - val_loss: 3.2240 - val_accuracy: 0.1943 - 6s/epoch - 4ms/step
Epoch 29/100
1563/1563 - 6s - loss: 3.0045 - accuracy: 0.1953 - val_loss: 3.2673 - val_accuracy: 0.1925 - 6s/epoch - 4ms/step
Epoch 30/100
1563/1563 - 6s - loss: 3.0014 - accuracy: 0.1987 - val_loss: 3.2285 - val_accuracy: 0.1963 - 6s/epoch - 4ms/step
Epoch 31/100
1563/1563 - 6s - loss: 2.9759 - accuracy: 0.2000 - val_loss: 3.2902 - val_accuracy: 0.1918 - 6s/epoch - 4ms/step
Epoch 32/100
1563/1563 - 6s - loss: 2.9534 - accuracy: 0.2031 - val_loss: 3.2639 - val_accuracy: 0.1948 - 6s/epoch - 4ms/step
Epoch 33/100
1563/1563 - 6s - loss: 2.9543 - accuracy: 0.2040 - val_loss: 3.2828 - val_accuracy: 0.1942 - 6s/epoch - 4ms/step
Epoch 34/100
1563/1563 - 6s - loss: 2.9312 - accuracy: 0.2068 - val_loss: 3.2936 - val_accuracy: 0.1965 - 6s/epoch - 4ms/step
Epoch 35/100
1563/1563 - 6s - loss: 2.9194 - accuracy: 0.2112 - val_loss: 3.3088 - val_accuracy: 0.1922 - 6s/epoch - 4ms/step
Epoch 36/100
1563/1563 - 6s - loss: 2.9042 - accuracy: 0.2113 - val_loss: 3.3097 - val_accuracy: 0.1880 - 6s/epoch - 4ms/step
Epoch 37/100
1563/1563 - 6s - loss: 2.8938 - accuracy: 0.2141 - val_loss: 3.3257 - val_accuracy: 0.1895 - 6s/epoch - 4ms/step
Epoch 38/100
1563/1563 - 6s - loss: 2.8897 - accuracy: 0.2131 - val_loss: 3.3069 - val_accuracy: 0.1985 - 6s/epoch - 4ms/step
Epoch 39/100
1563/1563 - 6s - loss: 2.8824 - accuracy: 0.2161 - val_loss: 3.3078 - val_accuracy: 0.1926 - 6s/epoch - 4ms/step
Epoch 40/100
1563/1563 - 6s - loss: 2.8592 - accuracy: 0.2202 - val_loss: 3.3148 - val_accuracy: 0.1923 - 6s/epoch - 4ms/step
Epoch 41/100
1563/1563 - 6s - loss: 2.8514 - accuracy: 0.2214 - val_loss: 3.3506 - val_accuracy: 0.1919 - 6s/epoch - 4ms/step
Epoch 42/100
1563/1563 - 6s - loss: 2.8399 - accuracy: 0.2224 - val_loss: 3.3650 - val_accuracy: 0.1859 - 6s/epoch - 4ms/step
Epoch 43/100
1563/1563 - 6s - loss: 2.8352 - accuracy: 0.2209 - val_loss: 3.3748 - val_accuracy: 0.1886 - 6s/epoch - 4ms/step
Epoch 44/100
1563/1563 - 6s - loss: 2.8208 - accuracy: 0.2232 - val_loss: 3.3645 - val_accuracy: 0.1880 - 6s/epoch - 4ms/step
Epoch 45/100
1563/1563 - 6s - loss: 2.8075 - accuracy: 0.2273 - val_loss: 3.3872 - val_accuracy: 0.1857 - 6s/epoch - 4ms/step
Epoch 46/100
1563/1563 - 6s - loss: 2.8108 - accuracy: 0.2260 - val_loss: 3.3467 - val_accuracy: 0.1889 - 6s/epoch - 4ms/step
Epoch 47/100
1563/1563 - 6s - loss: 2.7981 - accuracy: 0.2260 - val_loss: 3.4136 - val_accuracy: 0.1819 - 6s/epoch - 4ms/step
Epoch 48/100
1563/1563 - 6s - loss: 2.7823 - accuracy: 0.2309 - val_loss: 3.4112 - val_accuracy: 0.1858 - 6s/epoch - 4ms/step
Epoch 49/100
1563/1563 - 6s - loss: 2.7787 - accuracy: 0.2326 - val_loss: 3.4406 - val_accuracy: 0.1837 - 6s/epoch - 4ms/step
Epoch 50/100
1563/1563 - 6s - loss: 2.7673 - accuracy: 0.2305 - val_loss: 3.4101 - val_accuracy: 0.1859 - 6s/epoch - 4ms/step
Epoch 51/100
1563/1563 - 6s - loss: 2.7608 - accuracy: 0.2381 - val_loss: 3.4330 - val_accuracy: 0.1906 - 6s/epoch - 4ms/step
Epoch 52/100
1563/1563 - 6s - loss: 2.7517 - accuracy: 0.2361 - val_loss: 3.4482 - val_accuracy: 0.1834 - 6s/epoch - 4ms/step
Epoch 53/100
Restoring model weights from the end of the best epoch: 23.
1563/1563 - 6s - loss: 2.7445 - accuracy: 0.2354 - val_loss: 3.4335 - val_accuracy: 0.1862 - 6s/epoch - 4ms/step
Epoch 53: early stopping
313/313 - 0s - loss: 3.2256 - accuracy: 0.1940 - 482ms/epoch - 2ms/step

ACCURACY: 0.1940000057220459


SCORE: -0.3726320200054321

[92m | MODULE VALUES ---------------------------------------------  |
 [0m
FLOPS: 31583992
PARAMS: 1194772.0
[92m 
 | -----------------------------------------------------------  |
 [0m

--- BANANAS ITERATION 46 / 1000 ---
Chosen point: {'num_neurons': 4, 'unit_c1': 2, 'unit_c2': 3, 'dr_f': 0.19434329825300503, 'learning_rate': 0.0005842420783289053, 'batch_size': 32, 'optimizer': 'Adam', 'activation': 'relu', 'data_augmentation': False, 'reg_l2': False, 'skip_connection': True, 'new_fc_1': 1, 'new_fc_2': 9, 'new_fc_3': 29, 'new_fc_4': 1, 'new_fc_5': 2, 'new_fc_6': 11, 'new_fc_7': 0, 'new_fc_8': 0, 'new_fc_9': 28, 'new_fc_10': 8}
[94m
|  --> START TRAINING ITERATION 20[0m
[INFO] Flags -> DA: False, L2: False, Skip: True
Building model with input_shape=(32, 32, 3), pos_input_shape=None, layer_x_block=2
Model: "model"
__________________________________________________________________________________________________
 Layer (type)                Output Shape                 Param #   Connected to                  
==================================================================================================
 input_1 (InputLayer)        [(None, 32, 32, 3)]          0         []                            
                                                                                                  
 conv2d (Conv2D)             (None, 32, 32, 8)            224       ['input_1[0][0]']             
                                                                                                  
 activation (Activation)     (None, 32, 32, 8)            0         ['conv2d[0][0]']              
                                                                                                  
 conv2d_2 (Conv2D)           (None, 32, 32, 8)            32        ['input_1[0][0]']             
                                                                                                  
 conv2d_1 (Conv2D)           (None, 32, 32, 8)            584       ['activation[0][0]']          
                                                                                                  
 add (Add)                   (None, 32, 32, 8)            0         ['conv2d_2[0][0]',            
                                                                     'conv2d_1[0][0]']            
                                                                                                  
 activation_1 (Activation)   (None, 32, 32, 8)            0         ['add[0][0]']                 
                                                                                                  
 max_pooling2d (MaxPooling2  (None, 16, 16, 8)            0         ['activation_1[0][0]']        
 D)                                                                                               
                                                                                                  
 conv2d_3 (Conv2D)           (None, 16, 16, 12)           876       ['max_pooling2d[0][0]']       
                                                                                                  
 activation_2 (Activation)   (None, 16, 16, 12)           0         ['conv2d_3[0][0]']            
                                                                                                  
 conv2d_5 (Conv2D)           (None, 16, 16, 12)           108       ['max_pooling2d[0][0]']       
                                                                                                  
 conv2d_4 (Conv2D)           (None, 16, 16, 12)           1308      ['activation_2[0][0]']        
                                                                                                  
 add_1 (Add)                 (None, 16, 16, 12)           0         ['conv2d_5[0][0]',            
                                                                     'conv2d_4[0][0]']            
                                                                                                  
 activation_3 (Activation)   (None, 16, 16, 12)           0         ['add_1[0][0]']               
                                                                                                  
 max_pooling2d_1 (MaxPoolin  (None, 8, 8, 12)             0         ['activation_3[0][0]']        
 g2D)                                                                                             
                                                                                                  
 flatten (Flatten)           (None, 768)                  0         ['max_pooling2d_1[0][0]']     
                                                                                                  
 dense (Dense)               (None, 4)                    3076      ['flatten[0][0]']             
                                                                                                  
 activation_4 (Activation)   (None, 4)                    0         ['dense[0][0]']               
                                                                                                  
 dropout (Dropout)           (None, 4)                    0         ['activation_4[0][0]']        
                                                                                                  
 dense_1 (Dense)             (None, 36)                   180       ['dropout[0][0]']             
                                                                                                  
 activation_5 (Activation)   (None, 36)                   0         ['dense_1[0][0]']             
                                                                                                  
 dropout_1 (Dropout)         (None, 36)                   0         ['activation_5[0][0]']        
                                                                                                  
 dense_2 (Dense)             (None, 116)                  4292      ['dropout_1[0][0]']           
                                                                                                  
 activation_6 (Activation)   (None, 116)                  0         ['dense_2[0][0]']             
                                                                                                  
 dropout_2 (Dropout)         (None, 116)                  0         ['activation_6[0][0]']        
                                                                                                  
 dense_3 (Dense)             (None, 4)                    468       ['dropout_2[0][0]']           
                                                                                                  
 activation_7 (Activation)   (None, 4)                    0         ['dense_3[0][0]']             
                                                                                                  
 dropout_3 (Dropout)         (None, 4)                    0         ['activation_7[0][0]']        
                                                                                                  
 dense_4 (Dense)             (None, 8)                    40        ['dropout_3[0][0]']           
                                                                                                  
 activation_8 (Activation)   (None, 8)                    0         ['dense_4[0][0]']             
                                                                                                  
 dropout_4 (Dropout)         (None, 8)                    0         ['activation_8[0][0]']        
                                                                                                  
 dense_5 (Dense)             (None, 44)                   396       ['dropout_4[0][0]']           
                                                                                                  
 activation_9 (Activation)   (None, 44)                   0         ['dense_5[0][0]']             
                                                                                                  
 dropout_5 (Dropout)         (None, 44)                   0         ['activation_9[0][0]']        
                                                                                                  
 dense_6 (Dense)             (None, 112)                  5040      ['dropout_5[0][0]']           
                                                                                                  
 activation_10 (Activation)  (None, 112)                  0         ['dense_6[0][0]']             
                                                                                                  
 dropout_6 (Dropout)         (None, 112)                  0         ['activation_10[0][0]']       
                                                                                                  
 dense_7 (Dense)             (None, 32)                   3616      ['dropout_6[0][0]']           
                                                                                                  
 activation_11 (Activation)  (None, 32)                   0         ['dense_7[0][0]']             
                                                                                                  
 dropout_7 (Dropout)         (None, 32)                   0         ['activation_11[0][0]']       
                                                                                                  
 dense_8 (Dense)             (None, 100)                  3300      ['dropout_7[0][0]']           
                                                                                                  
==================================================================================================
Total params: 23540 (91.95 KB)
Trainable params: 23540 (91.95 KB)
Non-trainable params: 0 (0.00 Byte)
__________________________________________________________________________________________________
Epoch 1/100
1563/1563 - 8s - loss: 4.6057 - accuracy: 0.0088 - val_loss: 4.6052 - val_accuracy: 0.0100 - 8s/epoch - 5ms/step
Epoch 2/100
1563/1563 - 5s - loss: 4.6056 - accuracy: 0.0087 - val_loss: 4.6052 - val_accuracy: 0.0100 - 5s/epoch - 3ms/step
Epoch 3/100
1563/1563 - 5s - loss: 4.6056 - accuracy: 0.0091 - val_loss: 4.6052 - val_accuracy: 0.0100 - 5s/epoch - 3ms/step
Epoch 4/100
1563/1563 - 5s - loss: 4.6056 - accuracy: 0.0091 - val_loss: 4.6052 - val_accuracy: 0.0100 - 5s/epoch - 3ms/step
Epoch 5/100
1563/1563 - 5s - loss: 4.6056 - accuracy: 0.0087 - val_loss: 4.6052 - val_accuracy: 0.0100 - 5s/epoch - 3ms/step
Epoch 6/100
1563/1563 - 5s - loss: 4.6056 - accuracy: 0.0085 - val_loss: 4.6052 - val_accuracy: 0.0100 - 5s/epoch - 3ms/step
Epoch 7/100
1563/1563 - 5s - loss: 4.6056 - accuracy: 0.0081 - val_loss: 4.6052 - val_accuracy: 0.0100 - 5s/epoch - 3ms/step
Epoch 8/100
1563/1563 - 5s - loss: 4.6056 - accuracy: 0.0086 - val_loss: 4.6052 - val_accuracy: 0.0100 - 5s/epoch - 3ms/step
Epoch 9/100
1563/1563 - 5s - loss: 4.6056 - accuracy: 0.0085 - val_loss: 4.6052 - val_accuracy: 0.0100 - 5s/epoch - 3ms/step
Epoch 10/100
1563/1563 - 5s - loss: 4.6056 - accuracy: 0.0085 - val_loss: 4.6052 - val_accuracy: 0.0100 - 5s/epoch - 3ms/step
Epoch 11/100
1563/1563 - 5s - loss: 4.6056 - accuracy: 0.0091 - val_loss: 4.6052 - val_accuracy: 0.0100 - 5s/epoch - 3ms/step
Epoch 12/100
1563/1563 - 5s - loss: 4.6056 - accuracy: 0.0093 - val_loss: 4.6052 - val_accuracy: 0.0100 - 5s/epoch - 3ms/step
Epoch 13/100
1563/1563 - 5s - loss: 4.6056 - accuracy: 0.0090 - val_loss: 4.6052 - val_accuracy: 0.0100 - 5s/epoch - 3ms/step
Epoch 14/100
1563/1563 - 5s - loss: 4.6056 - accuracy: 0.0088 - val_loss: 4.6052 - val_accuracy: 0.0100 - 5s/epoch - 3ms/step
Epoch 15/100
1563/1563 - 5s - loss: 4.6056 - accuracy: 0.0089 - val_loss: 4.6052 - val_accuracy: 0.0100 - 5s/epoch - 3ms/step
Epoch 16/100
1563/1563 - 5s - loss: 4.6056 - accuracy: 0.0089 - val_loss: 4.6052 - val_accuracy: 0.0100 - 5s/epoch - 3ms/step
Epoch 17/100
1563/1563 - 5s - loss: 4.6056 - accuracy: 0.0084 - val_loss: 4.6052 - val_accuracy: 0.0100 - 5s/epoch - 3ms/step
Epoch 18/100
1563/1563 - 5s - loss: 4.6056 - accuracy: 0.0090 - val_loss: 4.6052 - val_accuracy: 0.0100 - 5s/epoch - 3ms/step
Epoch 19/100
1563/1563 - 5s - loss: 4.6056 - accuracy: 0.0086 - val_loss: 4.6052 - val_accuracy: 0.0100 - 5s/epoch - 3ms/step
Epoch 20/100
1563/1563 - 5s - loss: 4.6057 - accuracy: 0.0083 - val_loss: 4.6052 - val_accuracy: 0.0100 - 5s/epoch - 3ms/step
Epoch 21/100
1563/1563 - 5s - loss: 4.6056 - accuracy: 0.0082 - val_loss: 4.6052 - val_accuracy: 0.0100 - 5s/epoch - 3ms/step
Epoch 22/100
1563/1563 - 5s - loss: 4.6056 - accuracy: 0.0081 - val_loss: 4.6052 - val_accuracy: 0.0100 - 5s/epoch - 3ms/step
Epoch 23/100
1563/1563 - 5s - loss: 4.6056 - accuracy: 0.0090 - val_loss: 4.6052 - val_accuracy: 0.0100 - 5s/epoch - 4ms/step
Epoch 24/100
1563/1563 - 5s - loss: 4.6056 - accuracy: 0.0086 - val_loss: 4.6052 - val_accuracy: 0.0100 - 5s/epoch - 3ms/step
Epoch 25/100
1563/1563 - 5s - loss: 4.6056 - accuracy: 0.0092 - val_loss: 4.6052 - val_accuracy: 0.0100 - 5s/epoch - 4ms/step
Epoch 26/100
1563/1563 - 5s - loss: 4.6056 - accuracy: 0.0090 - val_loss: 4.6052 - val_accuracy: 0.0100 - 5s/epoch - 4ms/step
Epoch 27/100
1563/1563 - 5s - loss: 4.6056 - accuracy: 0.0080 - val_loss: 4.6052 - val_accuracy: 0.0100 - 5s/epoch - 3ms/step
Epoch 28/100
1563/1563 - 5s - loss: 4.6056 - accuracy: 0.0089 - val_loss: 4.6052 - val_accuracy: 0.0100 - 5s/epoch - 3ms/step
Epoch 29/100
1563/1563 - 5s - loss: 4.6056 - accuracy: 0.0084 - val_loss: 4.6052 - val_accuracy: 0.0100 - 5s/epoch - 3ms/step
Epoch 30/100
1563/1563 - 5s - loss: 4.6056 - accuracy: 0.0088 - val_loss: 4.6052 - val_accuracy: 0.0100 - 5s/epoch - 3ms/step
Epoch 31/100
Restoring model weights from the end of the best epoch: 1.
1563/1563 - 5s - loss: 4.6056 - accuracy: 0.0083 - val_loss: 4.6052 - val_accuracy: 0.0100 - 5s/epoch - 3ms/step
Epoch 31: early stopping
313/313 - 0s - loss: 4.6052 - accuracy: 0.0100 - 442ms/epoch - 1ms/step

ACCURACY: 0.009999999776482582


SCORE: -0.30115315984353785

[92m | MODULE VALUES ---------------------------------------------  |
 [0m
FLOPS: 2923420
PARAMS: 23540.0
[92m 
 | -----------------------------------------------------------  |
 [0m

--- BANANAS ITERATION 47 / 1000 ---
Chosen point: {'num_neurons': 4, 'unit_c1': 4, 'unit_c2': 4, 'dr_f': 0.18080182110989135, 'learning_rate': 0.0009928988656535773, 'batch_size': 32, 'optimizer': 'SGD', 'activation': 'relu', 'data_augmentation': False, 'reg_l2': True, 'skip_connection': True, 'new_fc_1': 17, 'new_fc_2': 10, 'new_fc_3': 12, 'new_fc_4': 7, 'new_fc_5': 31, 'new_fc_6': 0, 'new_fc_7': 11, 'new_fc_8': 11, 'new_fc_9': 6, 'new_fc_10': 18}
[94m
|  --> START TRAINING ITERATION 21[0m
[INFO] Flags -> DA: False, L2: True, Skip: True
Building model with input_shape=(32, 32, 3), pos_input_shape=None, layer_x_block=2
Model: "model"
__________________________________________________________________________________________________
 Layer (type)                Output Shape                 Param #   Connected to                  
==================================================================================================
 input_1 (InputLayer)        [(None, 32, 32, 3)]          0         []                            
                                                                                                  
 conv2d (Conv2D)             (None, 32, 32, 16)           448       ['input_1[0][0]']             
                                                                                                  
 activation (Activation)     (None, 32, 32, 16)           0         ['conv2d[0][0]']              
                                                                                                  
 conv2d_2 (Conv2D)           (None, 32, 32, 16)           64        ['input_1[0][0]']             
                                                                                                  
 conv2d_1 (Conv2D)           (None, 32, 32, 16)           2320      ['activation[0][0]']          
                                                                                                  
 add (Add)                   (None, 32, 32, 16)           0         ['conv2d_2[0][0]',            
                                                                     'conv2d_1[0][0]']            
                                                                                                  
 activation_1 (Activation)   (None, 32, 32, 16)           0         ['add[0][0]']                 
                                                                                                  
 max_pooling2d (MaxPooling2  (None, 16, 16, 16)           0         ['activation_1[0][0]']        
 D)                                                                                               
                                                                                                  
 conv2d_3 (Conv2D)           (None, 16, 16, 16)           2320      ['max_pooling2d[0][0]']       
                                                                                                  
 activation_2 (Activation)   (None, 16, 16, 16)           0         ['conv2d_3[0][0]']            
                                                                                                  
 conv2d_4 (Conv2D)           (None, 16, 16, 16)           2320      ['activation_2[0][0]']        
                                                                                                  
 add_1 (Add)                 (None, 16, 16, 16)           0         ['max_pooling2d[0][0]',       
                                                                     'conv2d_4[0][0]']            
                                                                                                  
 activation_3 (Activation)   (None, 16, 16, 16)           0         ['add_1[0][0]']               
                                                                                                  
 max_pooling2d_1 (MaxPoolin  (None, 8, 8, 16)             0         ['activation_3[0][0]']        
 g2D)                                                                                             
                                                                                                  
 flatten (Flatten)           (None, 1024)                 0         ['max_pooling2d_1[0][0]']     
                                                                                                  
 dense (Dense)               (None, 68)                   69700     ['flatten[0][0]']             
                                                                                                  
 activation_4 (Activation)   (None, 68)                   0         ['dense[0][0]']               
                                                                                                  
 dropout (Dropout)           (None, 68)                   0         ['activation_4[0][0]']        
                                                                                                  
 dense_1 (Dense)             (None, 40)                   2760      ['dropout[0][0]']             
                                                                                                  
 activation_5 (Activation)   (None, 40)                   0         ['dense_1[0][0]']             
                                                                                                  
 dropout_1 (Dropout)         (None, 40)                   0         ['activation_5[0][0]']        
                                                                                                  
 dense_2 (Dense)             (None, 48)                   1968      ['dropout_1[0][0]']           
                                                                                                  
 activation_6 (Activation)   (None, 48)                   0         ['dense_2[0][0]']             
                                                                                                  
 dropout_2 (Dropout)         (None, 48)                   0         ['activation_6[0][0]']        
                                                                                                  
 dense_3 (Dense)             (None, 28)                   1372      ['dropout_2[0][0]']           
                                                                                                  
 activation_7 (Activation)   (None, 28)                   0         ['dense_3[0][0]']             
                                                                                                  
 dropout_3 (Dropout)         (None, 28)                   0         ['activation_7[0][0]']        
                                                                                                  
 dense_4 (Dense)             (None, 124)                  3596      ['dropout_3[0][0]']           
                                                                                                  
 activation_8 (Activation)   (None, 124)                  0         ['dense_4[0][0]']             
                                                                                                  
 dropout_4 (Dropout)         (None, 124)                  0         ['activation_8[0][0]']        
                                                                                                  
 dense_5 (Dense)             (None, 44)                   5500      ['dropout_4[0][0]']           
                                                                                                  
 activation_9 (Activation)   (None, 44)                   0         ['dense_5[0][0]']             
                                                                                                  
 dropout_5 (Dropout)         (None, 44)                   0         ['activation_9[0][0]']        
                                                                                                  
 dense_6 (Dense)             (None, 44)                   1980      ['dropout_5[0][0]']           
                                                                                                  
 activation_10 (Activation)  (None, 44)                   0         ['dense_6[0][0]']             
                                                                                                  
 dropout_6 (Dropout)         (None, 44)                   0         ['activation_10[0][0]']       
                                                                                                  
 dense_7 (Dense)             (None, 24)                   1080      ['dropout_6[0][0]']           
                                                                                                  
 activation_11 (Activation)  (None, 24)                   0         ['dense_7[0][0]']             
                                                                                                  
 dropout_7 (Dropout)         (None, 24)                   0         ['activation_11[0][0]']       
                                                                                                  
 dense_8 (Dense)             (None, 72)                   1800      ['dropout_7[0][0]']           
                                                                                                  
 activation_12 (Activation)  (None, 72)                   0         ['dense_8[0][0]']             
                                                                                                  
 dropout_8 (Dropout)         (None, 72)                   0         ['activation_12[0][0]']       
                                                                                                  
 dense_9 (Dense)             (None, 100)                  7300      ['dropout_8[0][0]']           
                                                                                                  
==================================================================================================
Total params: 104528 (408.31 KB)
Trainable params: 104528 (408.31 KB)
Non-trainable params: 0 (0.00 Byte)
__________________________________________________________________________________________________
Epoch 1/100
1563/1563 - 6s - loss: 10.4515 - accuracy: 0.0092 - val_loss: 10.2783 - val_accuracy: 0.0101 - 6s/epoch - 4ms/step
Epoch 2/100
1563/1563 - 5s - loss: 10.1131 - accuracy: 0.0097 - val_loss: 9.9505 - val_accuracy: 0.0091 - 5s/epoch - 3ms/step
Epoch 3/100
1563/1563 - 5s - loss: 9.7951 - accuracy: 0.0091 - val_loss: 9.6422 - val_accuracy: 0.0088 - 5s/epoch - 3ms/step
Epoch 4/100
1563/1563 - 5s - loss: 9.4959 - accuracy: 0.0103 - val_loss: 9.3522 - val_accuracy: 0.0094 - 5s/epoch - 3ms/step
Epoch 5/100
1563/1563 - 5s - loss: 9.2147 - accuracy: 0.0091 - val_loss: 9.0795 - val_accuracy: 0.0098 - 5s/epoch - 3ms/step
Epoch 6/100
1563/1563 - 5s - loss: 8.9500 - accuracy: 0.0101 - val_loss: 8.8229 - val_accuracy: 0.0092 - 5s/epoch - 3ms/step
Epoch 7/100
1563/1563 - 5s - loss: 8.7011 - accuracy: 0.0094 - val_loss: 8.5815 - val_accuracy: 0.0100 - 5s/epoch - 3ms/step
Epoch 8/100
1563/1563 - 6s - loss: 8.4669 - accuracy: 0.0092 - val_loss: 8.3544 - val_accuracy: 0.0098 - 6s/epoch - 4ms/step
Epoch 9/100
1563/1563 - 6s - loss: 8.2466 - accuracy: 0.0101 - val_loss: 8.1408 - val_accuracy: 0.0100 - 6s/epoch - 4ms/step
Epoch 10/100
1563/1563 - 6s - loss: 8.0393 - accuracy: 0.0101 - val_loss: 7.9397 - val_accuracy: 0.0097 - 6s/epoch - 4ms/step
Epoch 11/100
1563/1563 - 6s - loss: 7.8443 - accuracy: 0.0101 - val_loss: 7.7506 - val_accuracy: 0.0124 - 6s/epoch - 4ms/step
Epoch 12/100
1563/1563 - 6s - loss: 7.6608 - accuracy: 0.0082 - val_loss: 7.5726 - val_accuracy: 0.0110 - 6s/epoch - 4ms/step
Epoch 13/100
1563/1563 - 6s - loss: 7.4880 - accuracy: 0.0091 - val_loss: 7.4050 - val_accuracy: 0.0109 - 6s/epoch - 4ms/step
Epoch 14/100
1563/1563 - 6s - loss: 7.3255 - accuracy: 0.0088 - val_loss: 7.2474 - val_accuracy: 0.0100 - 6s/epoch - 4ms/step
Epoch 15/100
1563/1563 - 6s - loss: 7.1726 - accuracy: 0.0090 - val_loss: 7.0990 - val_accuracy: 0.0079 - 6s/epoch - 4ms/step
Epoch 16/100
1563/1563 - 6s - loss: 7.0286 - accuracy: 0.0100 - val_loss: 6.9594 - val_accuracy: 0.0106 - 6s/epoch - 4ms/step
Epoch 17/100
1563/1563 - 6s - loss: 6.8931 - accuracy: 0.0089 - val_loss: 6.8279 - val_accuracy: 0.0097 - 6s/epoch - 4ms/step
Epoch 18/100
1563/1563 - 6s - loss: 6.7655 - accuracy: 0.0097 - val_loss: 6.7042 - val_accuracy: 0.0100 - 6s/epoch - 4ms/step
Epoch 19/100
1563/1563 - 6s - loss: 6.6455 - accuracy: 0.0092 - val_loss: 6.5877 - val_accuracy: 0.0100 - 6s/epoch - 4ms/step
Epoch 20/100
1563/1563 - 6s - loss: 6.5324 - accuracy: 0.0086 - val_loss: 6.4781 - val_accuracy: 0.0122 - 6s/epoch - 4ms/step
Epoch 21/100
1563/1563 - 6s - loss: 6.4260 - accuracy: 0.0092 - val_loss: 6.3748 - val_accuracy: 0.0100 - 6s/epoch - 4ms/step
Epoch 22/100
1563/1563 - 6s - loss: 6.3258 - accuracy: 0.0093 - val_loss: 6.2776 - val_accuracy: 0.0100 - 6s/epoch - 4ms/step
Epoch 23/100
1563/1563 - 6s - loss: 6.2315 - accuracy: 0.0093 - val_loss: 6.1861 - val_accuracy: 0.0100 - 6s/epoch - 4ms/step
Epoch 24/100
1563/1563 - 6s - loss: 6.1426 - accuracy: 0.0093 - val_loss: 6.0999 - val_accuracy: 0.0100 - 6s/epoch - 4ms/step
Epoch 25/100
1563/1563 - 6s - loss: 6.0590 - accuracy: 0.0093 - val_loss: 6.0187 - val_accuracy: 0.0100 - 6s/epoch - 4ms/step
Epoch 26/100
1563/1563 - 6s - loss: 5.9802 - accuracy: 0.0094 - val_loss: 5.9423 - val_accuracy: 0.0100 - 6s/epoch - 4ms/step
Epoch 27/100
1563/1563 - 6s - loss: 5.9059 - accuracy: 0.0091 - val_loss: 5.8702 - val_accuracy: 0.0100 - 6s/epoch - 4ms/step
Epoch 28/100
1563/1563 - 6s - loss: 5.8360 - accuracy: 0.0094 - val_loss: 5.8024 - val_accuracy: 0.0100 - 6s/epoch - 4ms/step
Epoch 29/100
1563/1563 - 6s - loss: 5.7702 - accuracy: 0.0091 - val_loss: 5.7385 - val_accuracy: 0.0100 - 6s/epoch - 4ms/step
Epoch 30/100
1563/1563 - 6s - loss: 5.7081 - accuracy: 0.0089 - val_loss: 5.6782 - val_accuracy: 0.0100 - 6s/epoch - 4ms/step
Epoch 31/100
Restoring model weights from the end of the best epoch: 1.
1563/1563 - 6s - loss: 5.6496 - accuracy: 0.0093 - val_loss: 5.6215 - val_accuracy: 0.0100 - 6s/epoch - 4ms/step
Epoch 31: early stopping
313/313 - 1s - loss: 10.2783 - accuracy: 0.0101 - 509ms/epoch - 2ms/step

ACCURACY: 0.010099999606609344


SCORE: -0.2903634957246265

[92m | MODULE VALUES ---------------------------------------------  |
 [0m
FLOPS: 8353252
PARAMS: 104528.0
[92m 
 | -----------------------------------------------------------  |
 [0m

--- BANANAS ITERATION 48 / 1000 ---
Chosen point: {'num_neurons': 8, 'unit_c1': 3, 'unit_c2': 5, 'dr_f': 0.2136150697316682, 'learning_rate': 0.0009108899354019189, 'batch_size': 32, 'optimizer': 'SGD', 'activation': 'selu', 'data_augmentation': True, 'reg_l2': False, 'skip_connection': False, 'new_fc_1': 7, 'new_fc_2': 3, 'new_fc_3': 19, 'new_fc_4': 7, 'new_fc_5': 24, 'new_fc_6': 3, 'new_fc_7': 32, 'new_fc_8': 25, 'new_fc_9': 4, 'new_fc_10': 27}
[94m
|  --> START TRAINING ITERATION 22[0m
[INFO] Flags -> DA: True, L2: False, Skip: False
Building model with input_shape=(32, 32, 3), pos_input_shape=None, layer_x_block=2
Model: "model"
_________________________________________________________________
 Layer (type)                Output Shape              Param #   
=================================================================
 input_2 (InputLayer)        [(None, 32, 32, 3)]       0         
                                                                 
 conv2d (Conv2D)             (None, 32, 32, 24)        672       
                                                                 
 activation (Activation)     (None, 32, 32, 24)        0         
                                                                 
 conv2d_1 (Conv2D)           (None, 32, 32, 24)        5208      
                                                                 
 activation_1 (Activation)   (None, 32, 32, 24)        0         
                                                                 
 max_pooling2d (MaxPooling2  (None, 16, 16, 24)        0         
 D)                                                              
                                                                 
 conv2d_2 (Conv2D)           (None, 16, 16, 40)        8680      
                                                                 
 activation_2 (Activation)   (None, 16, 16, 40)        0         
                                                                 
 conv2d_3 (Conv2D)           (None, 16, 16, 40)        14440     
                                                                 
 activation_3 (Activation)   (None, 16, 16, 40)        0         
                                                                 
 max_pooling2d_1 (MaxPoolin  (None, 8, 8, 40)          0         
 g2D)                                                            
                                                                 
 flatten (Flatten)           (None, 2560)              0         
                                                                 
 dense (Dense)               (None, 56)                143416    
                                                                 
 activation_4 (Activation)   (None, 56)                0         
                                                                 
 dropout (Dropout)           (None, 56)                0         
                                                                 
 dense_1 (Dense)             (None, 24)                1368      
                                                                 
 activation_5 (Activation)   (None, 24)                0         
                                                                 
 dropout_1 (Dropout)         (None, 24)                0         
                                                                 
 dense_2 (Dense)             (None, 152)               3800      
                                                                 
 activation_6 (Activation)   (None, 152)               0         
                                                                 
 dropout_2 (Dropout)         (None, 152)               0         
                                                                 
 dense_3 (Dense)             (None, 56)                8568      
                                                                 
 activation_7 (Activation)   (None, 56)                0         
                                                                 
 dropout_3 (Dropout)         (None, 56)                0         
                                                                 
 dense_4 (Dense)             (None, 192)               10944     
                                                                 
 activation_8 (Activation)   (None, 192)               0         
                                                                 
 dropout_4 (Dropout)         (None, 192)               0         
                                                                 
 dense_5 (Dense)             (None, 24)                4632      
                                                                 
 activation_9 (Activation)   (None, 24)                0         
                                                                 
 dropout_5 (Dropout)         (None, 24)                0         
                                                                 
 dense_6 (Dense)             (None, 256)               6400      
                                                                 
 activation_10 (Activation)  (None, 256)               0         
                                                                 
 dropout_6 (Dropout)         (None, 256)               0         
                                                                 
 dense_7 (Dense)             (None, 200)               51400     
                                                                 
 activation_11 (Activation)  (None, 200)               0         
                                                                 
 dropout_7 (Dropout)         (None, 200)               0         
                                                                 
 dense_8 (Dense)             (None, 32)                6432      
                                                                 
 activation_12 (Activation)  (None, 32)                0         
                                                                 
 dropout_8 (Dropout)         (None, 32)                0         
                                                                 
 dense_9 (Dense)             (None, 216)               7128      
                                                                 
 activation_13 (Activation)  (None, 216)               0         
                                                                 
 dropout_9 (Dropout)         (None, 216)               0         
                                                                 
 dense_10 (Dense)            (None, 100)               21700     
                                                                 
=================================================================
Total params: 294788 (1.12 MB)
Trainable params: 294788 (1.12 MB)
Non-trainable params: 0 (0.00 Byte)
_________________________________________________________________
Epoch 1/100
1563/1563 - 8s - loss: 4.8162 - accuracy: 0.0113 - val_loss: 4.5228 - val_accuracy: 0.0257 - 8s/epoch - 5ms/step
Epoch 2/100
1563/1563 - 6s - loss: 4.6656 - accuracy: 0.0156 - val_loss: 4.4244 - val_accuracy: 0.0277 - 6s/epoch - 4ms/step
Epoch 3/100
1563/1563 - 6s - loss: 4.5694 - accuracy: 0.0218 - val_loss: 4.3390 - val_accuracy: 0.0341 - 6s/epoch - 4ms/step
Epoch 4/100
1563/1563 - 6s - loss: 4.5015 - accuracy: 0.0240 - val_loss: 4.3043 - val_accuracy: 0.0361 - 6s/epoch - 4ms/step
Epoch 5/100
1563/1563 - 6s - loss: 4.4458 - accuracy: 0.0269 - val_loss: 4.2399 - val_accuracy: 0.0390 - 6s/epoch - 4ms/step
Epoch 6/100
1563/1563 - 6s - loss: 4.3945 - accuracy: 0.0312 - val_loss: 4.1717 - val_accuracy: 0.0526 - 6s/epoch - 4ms/step
Epoch 7/100
1563/1563 - 6s - loss: 4.3578 - accuracy: 0.0336 - val_loss: 4.1361 - val_accuracy: 0.0532 - 6s/epoch - 4ms/step
Epoch 8/100
1563/1563 - 6s - loss: 4.3144 - accuracy: 0.0362 - val_loss: 4.0942 - val_accuracy: 0.0597 - 6s/epoch - 4ms/step
Epoch 9/100
1563/1563 - 6s - loss: 4.2861 - accuracy: 0.0383 - val_loss: 4.0543 - val_accuracy: 0.0658 - 6s/epoch - 4ms/step
Epoch 10/100
1563/1563 - 6s - loss: 4.2482 - accuracy: 0.0407 - val_loss: 4.0318 - val_accuracy: 0.0690 - 6s/epoch - 4ms/step
Epoch 11/100
1563/1563 - 6s - loss: 4.2259 - accuracy: 0.0422 - val_loss: 3.9983 - val_accuracy: 0.0749 - 6s/epoch - 4ms/step
Epoch 12/100
1563/1563 - 6s - loss: 4.1978 - accuracy: 0.0455 - val_loss: 3.9678 - val_accuracy: 0.0774 - 6s/epoch - 4ms/step
Epoch 13/100
1563/1563 - 6s - loss: 4.1692 - accuracy: 0.0470 - val_loss: 3.9547 - val_accuracy: 0.0833 - 6s/epoch - 4ms/step
Epoch 14/100
1563/1563 - 6s - loss: 4.1444 - accuracy: 0.0489 - val_loss: 3.9066 - val_accuracy: 0.0902 - 6s/epoch - 4ms/step
Epoch 15/100
1563/1563 - 6s - loss: 4.1202 - accuracy: 0.0508 - val_loss: 3.8802 - val_accuracy: 0.0879 - 6s/epoch - 4ms/step
Epoch 16/100
1563/1563 - 6s - loss: 4.0971 - accuracy: 0.0548 - val_loss: 3.8965 - val_accuracy: 0.0884 - 6s/epoch - 4ms/step
Epoch 17/100
1563/1563 - 6s - loss: 4.0846 - accuracy: 0.0551 - val_loss: 3.8222 - val_accuracy: 0.0950 - 6s/epoch - 4ms/step
Epoch 18/100
1563/1563 - 6s - loss: 4.0664 - accuracy: 0.0555 - val_loss: 3.8222 - val_accuracy: 0.1009 - 6s/epoch - 4ms/step
Epoch 19/100
1563/1563 - 6s - loss: 4.0403 - accuracy: 0.0574 - val_loss: 3.7993 - val_accuracy: 0.1005 - 6s/epoch - 4ms/step
Epoch 20/100
1563/1563 - 6s - loss: 4.0311 - accuracy: 0.0590 - val_loss: 3.7863 - val_accuracy: 0.1004 - 6s/epoch - 4ms/step
Epoch 21/100
1563/1563 - 6s - loss: 4.0116 - accuracy: 0.0619 - val_loss: 3.7510 - val_accuracy: 0.1056 - 6s/epoch - 4ms/step
Epoch 22/100
1563/1563 - 6s - loss: 3.9971 - accuracy: 0.0604 - val_loss: 3.7861 - val_accuracy: 0.0986 - 6s/epoch - 4ms/step
Epoch 23/100
1563/1563 - 6s - loss: 3.9861 - accuracy: 0.0619 - val_loss: 3.7466 - val_accuracy: 0.1018 - 6s/epoch - 4ms/step
Epoch 24/100
1563/1563 - 6s - loss: 3.9696 - accuracy: 0.0632 - val_loss: 3.8221 - val_accuracy: 0.0947 - 6s/epoch - 4ms/step
Epoch 25/100
1563/1563 - 6s - loss: 3.9524 - accuracy: 0.0652 - val_loss: 3.7339 - val_accuracy: 0.1050 - 6s/epoch - 4ms/step
Epoch 26/100
1563/1563 - 6s - loss: 3.9403 - accuracy: 0.0651 - val_loss: 3.6974 - val_accuracy: 0.1066 - 6s/epoch - 4ms/step
Epoch 27/100
1563/1563 - 6s - loss: 3.9308 - accuracy: 0.0663 - val_loss: 3.7901 - val_accuracy: 0.0966 - 6s/epoch - 4ms/step
Epoch 28/100
1563/1563 - 6s - loss: 3.9187 - accuracy: 0.0678 - val_loss: 3.6906 - val_accuracy: 0.1050 - 6s/epoch - 4ms/step
Epoch 29/100
1563/1563 - 6s - loss: 3.9095 - accuracy: 0.0683 - val_loss: 3.6596 - val_accuracy: 0.1136 - 6s/epoch - 4ms/step
Epoch 30/100
1563/1563 - 6s - loss: 3.8978 - accuracy: 0.0687 - val_loss: 3.6546 - val_accuracy: 0.1141 - 6s/epoch - 4ms/step
Epoch 31/100
1563/1563 - 6s - loss: 3.8830 - accuracy: 0.0701 - val_loss: 3.6417 - val_accuracy: 0.1109 - 6s/epoch - 4ms/step
Epoch 32/100
1563/1563 - 6s - loss: 3.8755 - accuracy: 0.0718 - val_loss: 3.6285 - val_accuracy: 0.1222 - 6s/epoch - 4ms/step
Epoch 33/100
1563/1563 - 6s - loss: 3.8611 - accuracy: 0.0727 - val_loss: 3.6365 - val_accuracy: 0.1173 - 6s/epoch - 4ms/step
Epoch 34/100
1563/1563 - 6s - loss: 3.8474 - accuracy: 0.0732 - val_loss: 3.6145 - val_accuracy: 0.1179 - 6s/epoch - 4ms/step
Epoch 35/100
1563/1563 - 6s - loss: 3.8493 - accuracy: 0.0723 - val_loss: 3.6548 - val_accuracy: 0.1057 - 6s/epoch - 4ms/step
Epoch 36/100
1563/1563 - 6s - loss: 3.8405 - accuracy: 0.0738 - val_loss: 3.5918 - val_accuracy: 0.1204 - 6s/epoch - 4ms/step
Epoch 37/100
1563/1563 - 6s - loss: 3.8273 - accuracy: 0.0759 - val_loss: 3.7463 - val_accuracy: 0.0976 - 6s/epoch - 4ms/step
Epoch 38/100
1563/1563 - 6s - loss: 3.8237 - accuracy: 0.0775 - val_loss: 3.6716 - val_accuracy: 0.1162 - 6s/epoch - 4ms/step
Epoch 39/100
1563/1563 - 6s - loss: 3.8090 - accuracy: 0.0774 - val_loss: 3.5685 - val_accuracy: 0.1256 - 6s/epoch - 4ms/step
Epoch 40/100
1563/1563 - 6s - loss: 3.8016 - accuracy: 0.0768 - val_loss: 3.6164 - val_accuracy: 0.1150 - 6s/epoch - 4ms/step
Epoch 41/100
1563/1563 - 6s - loss: 3.7919 - accuracy: 0.0797 - val_loss: 3.5703 - val_accuracy: 0.1235 - 6s/epoch - 4ms/step
Epoch 42/100
1563/1563 - 6s - loss: 3.7858 - accuracy: 0.0791 - val_loss: 3.5877 - val_accuracy: 0.1203 - 6s/epoch - 4ms/step
Epoch 43/100
1563/1563 - 6s - loss: 3.7773 - accuracy: 0.0818 - val_loss: 3.5402 - val_accuracy: 0.1277 - 6s/epoch - 4ms/step
Epoch 44/100
1563/1563 - 6s - loss: 3.7629 - accuracy: 0.0812 - val_loss: 3.6430 - val_accuracy: 0.1108 - 6s/epoch - 4ms/step
Epoch 45/100
1563/1563 - 6s - loss: 3.7640 - accuracy: 0.0827 - val_loss: 3.5517 - val_accuracy: 0.1238 - 6s/epoch - 4ms/step
Epoch 46/100
1563/1563 - 6s - loss: 3.7617 - accuracy: 0.0806 - val_loss: 3.5851 - val_accuracy: 0.1208 - 6s/epoch - 4ms/step
Epoch 47/100
1563/1563 - 6s - loss: 3.7496 - accuracy: 0.0816 - val_loss: 3.5312 - val_accuracy: 0.1307 - 6s/epoch - 4ms/step
Epoch 48/100
1563/1563 - 6s - loss: 3.7360 - accuracy: 0.0852 - val_loss: 3.5113 - val_accuracy: 0.1343 - 6s/epoch - 4ms/step
Epoch 49/100
1563/1563 - 6s - loss: 3.7339 - accuracy: 0.0850 - val_loss: 3.5653 - val_accuracy: 0.1207 - 6s/epoch - 4ms/step
Epoch 50/100
1563/1563 - 6s - loss: 3.7302 - accuracy: 0.0861 - val_loss: 3.5315 - val_accuracy: 0.1257 - 6s/epoch - 4ms/step
Epoch 51/100
1563/1563 - 6s - loss: 3.7226 - accuracy: 0.0860 - val_loss: 3.5302 - val_accuracy: 0.1266 - 6s/epoch - 4ms/step
Epoch 52/100
1563/1563 - 6s - loss: 3.7131 - accuracy: 0.0871 - val_loss: 3.5045 - val_accuracy: 0.1295 - 6s/epoch - 4ms/step
Epoch 53/100
1563/1563 - 6s - loss: 3.7057 - accuracy: 0.0840 - val_loss: 3.5057 - val_accuracy: 0.1306 - 6s/epoch - 4ms/step
Epoch 54/100
1563/1563 - 6s - loss: 3.7047 - accuracy: 0.0853 - val_loss: 3.5373 - val_accuracy: 0.1281 - 6s/epoch - 4ms/step
Epoch 55/100
1563/1563 - 6s - loss: 3.6951 - accuracy: 0.0887 - val_loss: 3.5359 - val_accuracy: 0.1203 - 6s/epoch - 4ms/step
Epoch 56/100
1563/1563 - 6s - loss: 3.6881 - accuracy: 0.0894 - val_loss: 3.4899 - val_accuracy: 0.1325 - 6s/epoch - 4ms/step
Epoch 57/100
1563/1563 - 6s - loss: 3.6884 - accuracy: 0.0897 - val_loss: 3.4732 - val_accuracy: 0.1377 - 6s/epoch - 4ms/step
Epoch 58/100
1563/1563 - 6s - loss: 3.6812 - accuracy: 0.0902 - val_loss: 3.5561 - val_accuracy: 0.1219 - 6s/epoch - 4ms/step
Epoch 59/100
1563/1563 - 6s - loss: 3.6763 - accuracy: 0.0902 - val_loss: 3.5144 - val_accuracy: 0.1283 - 6s/epoch - 4ms/step
Epoch 60/100
1563/1563 - 6s - loss: 3.6672 - accuracy: 0.0926 - val_loss: 3.5031 - val_accuracy: 0.1304 - 6s/epoch - 4ms/step
Epoch 61/100
1563/1563 - 6s - loss: 3.6607 - accuracy: 0.0902 - val_loss: 3.4806 - val_accuracy: 0.1335 - 6s/epoch - 4ms/step
Epoch 62/100
1563/1563 - 6s - loss: 3.6577 - accuracy: 0.0926 - val_loss: 3.4546 - val_accuracy: 0.1386 - 6s/epoch - 4ms/step
Epoch 63/100
1563/1563 - 6s - loss: 3.6523 - accuracy: 0.0920 - val_loss: 3.5264 - val_accuracy: 0.1279 - 6s/epoch - 4ms/step
Epoch 64/100
1563/1563 - 6s - loss: 3.6406 - accuracy: 0.0949 - val_loss: 3.5698 - val_accuracy: 0.1183 - 6s/epoch - 4ms/step
Epoch 65/100
1563/1563 - 6s - loss: 3.6392 - accuracy: 0.0928 - val_loss: 3.4684 - val_accuracy: 0.1399 - 6s/epoch - 4ms/step
Epoch 66/100
1563/1563 - 6s - loss: 3.6309 - accuracy: 0.0967 - val_loss: 3.4835 - val_accuracy: 0.1354 - 6s/epoch - 4ms/step
Epoch 67/100
1563/1563 - 6s - loss: 3.6272 - accuracy: 0.0939 - val_loss: 3.4685 - val_accuracy: 0.1359 - 6s/epoch - 4ms/step
Epoch 68/100
1563/1563 - 6s - loss: 3.6260 - accuracy: 0.0965 - val_loss: 3.4399 - val_accuracy: 0.1395 - 6s/epoch - 4ms/step
Epoch 69/100
1563/1563 - 6s - loss: 3.6191 - accuracy: 0.0963 - val_loss: 3.4696 - val_accuracy: 0.1341 - 6s/epoch - 4ms/step
Epoch 70/100
1563/1563 - 6s - loss: 3.6114 - accuracy: 0.0959 - val_loss: 3.4683 - val_accuracy: 0.1327 - 6s/epoch - 4ms/step
Epoch 71/100
1563/1563 - 6s - loss: 3.6120 - accuracy: 0.0978 - val_loss: 3.4245 - val_accuracy: 0.1434 - 6s/epoch - 4ms/step
Epoch 72/100
1563/1563 - 6s - loss: 3.6102 - accuracy: 0.0977 - val_loss: 3.4262 - val_accuracy: 0.1401 - 6s/epoch - 4ms/step
Epoch 73/100
1563/1563 - 6s - loss: 3.5940 - accuracy: 0.1001 - val_loss: 3.4938 - val_accuracy: 0.1302 - 6s/epoch - 4ms/step
Epoch 74/100
1563/1563 - 6s - loss: 3.5937 - accuracy: 0.0999 - val_loss: 3.4631 - val_accuracy: 0.1360 - 6s/epoch - 4ms/step
Epoch 75/100
1563/1563 - 6s - loss: 3.5886 - accuracy: 0.1025 - val_loss: 3.4416 - val_accuracy: 0.1411 - 6s/epoch - 4ms/step
Epoch 76/100
1563/1563 - 6s - loss: 3.5771 - accuracy: 0.1029 - val_loss: 3.4067 - val_accuracy: 0.1491 - 6s/epoch - 4ms/step
Epoch 77/100
1563/1563 - 6s - loss: 3.5747 - accuracy: 0.1034 - val_loss: 3.4597 - val_accuracy: 0.1396 - 6s/epoch - 4ms/step
Epoch 78/100
1563/1563 - 6s - loss: 3.5739 - accuracy: 0.1048 - val_loss: 3.4183 - val_accuracy: 0.1436 - 6s/epoch - 4ms/step
Epoch 79/100
1563/1563 - 6s - loss: 3.5648 - accuracy: 0.1034 - val_loss: 3.4286 - val_accuracy: 0.1395 - 6s/epoch - 4ms/step
Epoch 80/100
1563/1563 - 6s - loss: 3.5595 - accuracy: 0.1010 - val_loss: 3.4417 - val_accuracy: 0.1393 - 6s/epoch - 4ms/step
Epoch 81/100
1563/1563 - 6s - loss: 3.5525 - accuracy: 0.1048 - val_loss: 3.4027 - val_accuracy: 0.1464 - 6s/epoch - 4ms/step
Epoch 82/100
1563/1563 - 6s - loss: 3.5495 - accuracy: 0.1059 - val_loss: 3.4031 - val_accuracy: 0.1516 - 6s/epoch - 4ms/step
Epoch 83/100
1563/1563 - 6s - loss: 3.5439 - accuracy: 0.1070 - val_loss: 3.4183 - val_accuracy: 0.1449 - 6s/epoch - 4ms/step
Epoch 84/100
1563/1563 - 6s - loss: 3.5397 - accuracy: 0.1069 - val_loss: 3.3921 - val_accuracy: 0.1480 - 6s/epoch - 4ms/step
Epoch 85/100
1563/1563 - 6s - loss: 3.5320 - accuracy: 0.1059 - val_loss: 3.3907 - val_accuracy: 0.1470 - 6s/epoch - 4ms/step
Epoch 86/100
1563/1563 - 6s - loss: 3.5307 - accuracy: 0.1074 - val_loss: 3.4035 - val_accuracy: 0.1439 - 6s/epoch - 4ms/step
Epoch 87/100
1563/1563 - 6s - loss: 3.5247 - accuracy: 0.1085 - val_loss: 3.3735 - val_accuracy: 0.1573 - 6s/epoch - 4ms/step
Epoch 88/100
1563/1563 - 6s - loss: 3.5201 - accuracy: 0.1096 - val_loss: 3.3674 - val_accuracy: 0.1555 - 6s/epoch - 4ms/step
Epoch 89/100
1563/1563 - 6s - loss: 3.5164 - accuracy: 0.1105 - val_loss: 3.3743 - val_accuracy: 0.1551 - 6s/epoch - 4ms/step
Epoch 90/100
1563/1563 - 6s - loss: 3.5037 - accuracy: 0.1121 - val_loss: 3.4013 - val_accuracy: 0.1477 - 6s/epoch - 4ms/step
Epoch 91/100
1563/1563 - 6s - loss: 3.4983 - accuracy: 0.1116 - val_loss: 3.3858 - val_accuracy: 0.1486 - 6s/epoch - 4ms/step
Epoch 92/100
1563/1563 - 6s - loss: 3.4961 - accuracy: 0.1105 - val_loss: 3.3694 - val_accuracy: 0.1531 - 6s/epoch - 4ms/step
Epoch 93/100
1563/1563 - 6s - loss: 3.4908 - accuracy: 0.1126 - val_loss: 3.3589 - val_accuracy: 0.1545 - 6s/epoch - 4ms/step
Epoch 94/100
1563/1563 - 6s - loss: 3.4844 - accuracy: 0.1126 - val_loss: 3.3500 - val_accuracy: 0.1553 - 6s/epoch - 4ms/step
Epoch 95/100
1563/1563 - 6s - loss: 3.4815 - accuracy: 0.1145 - val_loss: 3.3847 - val_accuracy: 0.1478 - 6s/epoch - 4ms/step
Epoch 96/100
1563/1563 - 6s - loss: 3.4733 - accuracy: 0.1161 - val_loss: 3.4023 - val_accuracy: 0.1485 - 6s/epoch - 4ms/step
Epoch 97/100
1563/1563 - 6s - loss: 3.4670 - accuracy: 0.1145 - val_loss: 3.3621 - val_accuracy: 0.1513 - 6s/epoch - 4ms/step
Epoch 98/100
1563/1563 - 6s - loss: 3.4718 - accuracy: 0.1153 - val_loss: 3.3572 - val_accuracy: 0.1531 - 6s/epoch - 4ms/step
Epoch 99/100
1563/1563 - 6s - loss: 3.4669 - accuracy: 0.1161 - val_loss: 3.3946 - val_accuracy: 0.1502 - 6s/epoch - 4ms/step
Epoch 100/100
1563/1563 - 6s - loss: 3.4602 - accuracy: 0.1154 - val_loss: 3.3535 - val_accuracy: 0.1533 - 6s/epoch - 4ms/step
313/313 - 0s - loss: 3.3535 - accuracy: 0.1533 - 457ms/epoch - 1ms/step

ACCURACY: 0.15330000221729279


SCORE: -0.35855873755210493

[92m | MODULE VALUES ---------------------------------------------  |
 [0m
FLOPS: 24375632
PARAMS: 294788.0
[92m 
 | -----------------------------------------------------------  |
 [0m

--- BANANAS ITERATION 49 / 1000 ---
Chosen point: {'num_neurons': 8, 'unit_c1': 1, 'unit_c2': 5, 'dr_f': 0.4990487753478865, 'learning_rate': 0.00031327980552652224, 'batch_size': 16, 'optimizer': 'Adam', 'activation': 'relu', 'data_augmentation': False, 'reg_l2': True, 'skip_connection': True, 'new_fc_1': 8, 'new_fc_2': 0, 'new_fc_3': 16, 'new_fc_4': 10, 'new_fc_5': 10, 'new_fc_6': 1, 'new_fc_7': 7, 'new_fc_8': 13, 'new_fc_9': 3, 'new_fc_10': 15}
[94m
|  --> START TRAINING ITERATION 23[0m
[INFO] Flags -> DA: False, L2: True, Skip: True
Building model with input_shape=(32, 32, 3), pos_input_shape=None, layer_x_block=2
Model: "model"
__________________________________________________________________________________________________
 Layer (type)                Output Shape                 Param #   Connected to                  
==================================================================================================
 input_1 (InputLayer)        [(None, 32, 32, 3)]          0         []                            
                                                                                                  
 conv2d (Conv2D)             (None, 32, 32, 8)            224       ['input_1[0][0]']             
                                                                                                  
 activation (Activation)     (None, 32, 32, 8)            0         ['conv2d[0][0]']              
                                                                                                  
 conv2d_2 (Conv2D)           (None, 32, 32, 8)            32        ['input_1[0][0]']             
                                                                                                  
 conv2d_1 (Conv2D)           (None, 32, 32, 8)            584       ['activation[0][0]']          
                                                                                                  
 add (Add)                   (None, 32, 32, 8)            0         ['conv2d_2[0][0]',            
                                                                     'conv2d_1[0][0]']            
                                                                                                  
 activation_1 (Activation)   (None, 32, 32, 8)            0         ['add[0][0]']                 
                                                                                                  
 max_pooling2d (MaxPooling2  (None, 16, 16, 8)            0         ['activation_1[0][0]']        
 D)                                                                                               
                                                                                                  
 conv2d_3 (Conv2D)           (None, 16, 16, 40)           2920      ['max_pooling2d[0][0]']       
                                                                                                  
 activation_2 (Activation)   (None, 16, 16, 40)           0         ['conv2d_3[0][0]']            
                                                                                                  
 conv2d_5 (Conv2D)           (None, 16, 16, 40)           360       ['max_pooling2d[0][0]']       
                                                                                                  
 conv2d_4 (Conv2D)           (None, 16, 16, 40)           14440     ['activation_2[0][0]']        
                                                                                                  
 add_1 (Add)                 (None, 16, 16, 40)           0         ['conv2d_5[0][0]',            
                                                                     'conv2d_4[0][0]']            
                                                                                                  
 activation_3 (Activation)   (None, 16, 16, 40)           0         ['add_1[0][0]']               
                                                                                                  
 max_pooling2d_1 (MaxPoolin  (None, 8, 8, 40)             0         ['activation_3[0][0]']        
 g2D)                                                                                             
                                                                                                  
 flatten (Flatten)           (None, 2560)                 0         ['max_pooling2d_1[0][0]']     
                                                                                                  
 dense (Dense)               (None, 64)                   163904    ['flatten[0][0]']             
                                                                                                  
 activation_4 (Activation)   (None, 64)                   0         ['dense[0][0]']               
                                                                                                  
 dropout (Dropout)           (None, 64)                   0         ['activation_4[0][0]']        
                                                                                                  
 dense_1 (Dense)             (None, 128)                  8320      ['dropout[0][0]']             
                                                                                                  
 activation_5 (Activation)   (None, 128)                  0         ['dense_1[0][0]']             
                                                                                                  
 dropout_1 (Dropout)         (None, 128)                  0         ['activation_5[0][0]']        
                                                                                                  
 dense_2 (Dense)             (None, 80)                   10320     ['dropout_1[0][0]']           
                                                                                                  
 activation_6 (Activation)   (None, 80)                   0         ['dense_2[0][0]']             
                                                                                                  
 dropout_2 (Dropout)         (None, 80)                   0         ['activation_6[0][0]']        
                                                                                                  
 dense_3 (Dense)             (None, 80)                   6480      ['dropout_2[0][0]']           
                                                                                                  
 activation_7 (Activation)   (None, 80)                   0         ['dense_3[0][0]']             
                                                                                                  
 dropout_3 (Dropout)         (None, 80)                   0         ['activation_7[0][0]']        
                                                                                                  
 dense_4 (Dense)             (None, 8)                    648       ['dropout_3[0][0]']           
                                                                                                  
 activation_8 (Activation)   (None, 8)                    0         ['dense_4[0][0]']             
                                                                                                  
 dropout_4 (Dropout)         (None, 8)                    0         ['activation_8[0][0]']        
                                                                                                  
 dense_5 (Dense)             (None, 56)                   504       ['dropout_4[0][0]']           
                                                                                                  
 activation_9 (Activation)   (None, 56)                   0         ['dense_5[0][0]']             
                                                                                                  
 dropout_5 (Dropout)         (None, 56)                   0         ['activation_9[0][0]']        
                                                                                                  
 dense_6 (Dense)             (None, 104)                  5928      ['dropout_5[0][0]']           
                                                                                                  
 activation_10 (Activation)  (None, 104)                  0         ['dense_6[0][0]']             
                                                                                                  
 dropout_6 (Dropout)         (None, 104)                  0         ['activation_10[0][0]']       
                                                                                                  
 dense_7 (Dense)             (None, 24)                   2520      ['dropout_6[0][0]']           
                                                                                                  
 activation_11 (Activation)  (None, 24)                   0         ['dense_7[0][0]']             
                                                                                                  
 dropout_7 (Dropout)         (None, 24)                   0         ['activation_11[0][0]']       
                                                                                                  
 dense_8 (Dense)             (None, 120)                  3000      ['dropout_7[0][0]']           
                                                                                                  
 activation_12 (Activation)  (None, 120)                  0         ['dense_8[0][0]']             
                                                                                                  
 dropout_8 (Dropout)         (None, 120)                  0         ['activation_12[0][0]']       
                                                                                                  
 dense_9 (Dense)             (None, 100)                  12100     ['dropout_8[0][0]']           
                                                                                                  
==================================================================================================
Total params: 232284 (907.36 KB)
Trainable params: 232284 (907.36 KB)
Non-trainable params: 0 (0.00 Byte)
__________________________________________________________________________________________________
Epoch 1/100
3125/3125 - 14s - loss: 5.0740 - accuracy: 0.0083 - val_loss: 4.6054 - val_accuracy: 0.0100 - 14s/epoch - 5ms/step
Epoch 2/100
3125/3125 - 11s - loss: 4.6056 - accuracy: 0.0091 - val_loss: 4.6052 - val_accuracy: 0.0100 - 11s/epoch - 4ms/step
Epoch 3/100
3125/3125 - 12s - loss: 4.6056 - accuracy: 0.0087 - val_loss: 4.6052 - val_accuracy: 0.0100 - 12s/epoch - 4ms/step
Epoch 4/100
3125/3125 - 12s - loss: 4.6055 - accuracy: 0.0089 - val_loss: 4.6052 - val_accuracy: 0.0100 - 12s/epoch - 4ms/step
Epoch 5/100
3125/3125 - 12s - loss: 4.6055 - accuracy: 0.0084 - val_loss: 4.6052 - val_accuracy: 0.0100 - 12s/epoch - 4ms/step
Epoch 6/100
3125/3125 - 12s - loss: 4.6055 - accuracy: 0.0089 - val_loss: 4.6052 - val_accuracy: 0.0100 - 12s/epoch - 4ms/step
Epoch 7/100
3125/3125 - 12s - loss: 4.6055 - accuracy: 0.0092 - val_loss: 4.6052 - val_accuracy: 0.0100 - 12s/epoch - 4ms/step
Epoch 8/100
3125/3125 - 12s - loss: 4.6055 - accuracy: 0.0087 - val_loss: 4.6052 - val_accuracy: 0.0100 - 12s/epoch - 4ms/step
Epoch 9/100
3125/3125 - 12s - loss: 4.6055 - accuracy: 0.0084 - val_loss: 4.6052 - val_accuracy: 0.0100 - 12s/epoch - 4ms/step
Epoch 10/100
3125/3125 - 12s - loss: 4.6055 - accuracy: 0.0088 - val_loss: 4.6052 - val_accuracy: 0.0100 - 12s/epoch - 4ms/step
Epoch 11/100
3125/3125 - 12s - loss: 4.6055 - accuracy: 0.0083 - val_loss: 4.6052 - val_accuracy: 0.0100 - 12s/epoch - 4ms/step
Epoch 12/100
3125/3125 - 12s - loss: 4.6055 - accuracy: 0.0089 - val_loss: 4.6052 - val_accuracy: 0.0100 - 12s/epoch - 4ms/step
Epoch 13/100
3125/3125 - 12s - loss: 4.6055 - accuracy: 0.0081 - val_loss: 4.6052 - val_accuracy: 0.0100 - 12s/epoch - 4ms/step
Epoch 14/100
3125/3125 - 12s - loss: 4.6055 - accuracy: 0.0089 - val_loss: 4.6052 - val_accuracy: 0.0100 - 12s/epoch - 4ms/step
Epoch 15/100
3125/3125 - 12s - loss: 4.6055 - accuracy: 0.0087 - val_loss: 4.6052 - val_accuracy: 0.0100 - 12s/epoch - 4ms/step
Epoch 16/100
3125/3125 - 12s - loss: 4.6055 - accuracy: 0.0085 - val_loss: 4.6052 - val_accuracy: 0.0100 - 12s/epoch - 4ms/step
Epoch 17/100
3125/3125 - 12s - loss: 4.6055 - accuracy: 0.0091 - val_loss: 4.6052 - val_accuracy: 0.0100 - 12s/epoch - 4ms/step
Epoch 18/100
3125/3125 - 12s - loss: 4.6055 - accuracy: 0.0090 - val_loss: 4.6052 - val_accuracy: 0.0100 - 12s/epoch - 4ms/step
Epoch 19/100
3125/3125 - 12s - loss: 4.6055 - accuracy: 0.0085 - val_loss: 4.6052 - val_accuracy: 0.0100 - 12s/epoch - 4ms/step
Epoch 20/100
3125/3125 - 12s - loss: 4.6055 - accuracy: 0.0090 - val_loss: 4.6052 - val_accuracy: 0.0100 - 12s/epoch - 4ms/step
Epoch 21/100
3125/3125 - 12s - loss: 4.6055 - accuracy: 0.0089 - val_loss: 4.6052 - val_accuracy: 0.0100 - 12s/epoch - 4ms/step
Epoch 22/100
3125/3125 - 12s - loss: 4.6055 - accuracy: 0.0093 - val_loss: 4.6052 - val_accuracy: 0.0100 - 12s/epoch - 4ms/step
Epoch 23/100
3125/3125 - 12s - loss: 4.6055 - accuracy: 0.0092 - val_loss: 4.6052 - val_accuracy: 0.0100 - 12s/epoch - 4ms/step
Epoch 24/100
3125/3125 - 12s - loss: 4.6055 - accuracy: 0.0082 - val_loss: 4.6052 - val_accuracy: 0.0100 - 12s/epoch - 4ms/step
Epoch 25/100
3125/3125 - 12s - loss: 4.6055 - accuracy: 0.0086 - val_loss: 4.6052 - val_accuracy: 0.0100 - 12s/epoch - 4ms/step
Epoch 26/100
3125/3125 - 12s - loss: 4.6055 - accuracy: 0.0089 - val_loss: 4.6052 - val_accuracy: 0.0100 - 12s/epoch - 4ms/step
Epoch 27/100
3125/3125 - 12s - loss: 4.6055 - accuracy: 0.0083 - val_loss: 4.6052 - val_accuracy: 0.0100 - 12s/epoch - 4ms/step
Epoch 28/100
3125/3125 - 12s - loss: 4.6055 - accuracy: 0.0086 - val_loss: 4.6052 - val_accuracy: 0.0100 - 12s/epoch - 4ms/step
Epoch 29/100
3125/3125 - 12s - loss: 4.6055 - accuracy: 0.0088 - val_loss: 4.6052 - val_accuracy: 0.0100 - 12s/epoch - 4ms/step
Epoch 30/100
3125/3125 - 12s - loss: 4.6055 - accuracy: 0.0083 - val_loss: 4.6052 - val_accuracy: 0.0100 - 12s/epoch - 4ms/step
Epoch 31/100
Restoring model weights from the end of the best epoch: 1.
3125/3125 - 12s - loss: 4.6055 - accuracy: 0.0085 - val_loss: 4.6052 - val_accuracy: 0.0100 - 12s/epoch - 4ms/step
Epoch 31: early stopping
313/313 - 1s - loss: 4.6054 - accuracy: 0.0100 - 713ms/epoch - 2ms/step

ACCURACY: 0.009999999776482582


SCORE: -0.2845965758435378

[92m | MODULE VALUES ---------------------------------------------  |
 [0m
FLOPS: 11201712
PARAMS: 232284.0
[92m 
 | -----------------------------------------------------------  |
 [0m

--- BANANAS ITERATION 50 / 1000 ---
Chosen point: {'num_neurons': 16, 'unit_c1': 2, 'unit_c2': 6, 'dr_f': 0.42552905095093063, 'learning_rate': 0.0004987020819520497, 'batch_size': 16, 'optimizer': 'Adam', 'activation': 'relu', 'data_augmentation': False, 'reg_l2': True, 'skip_connection': False, 'new_fc_1': 0, 'new_fc_2': 2, 'new_fc_3': 16, 'new_fc_4': 11, 'new_fc_5': 1, 'new_fc_6': 10, 'new_fc_7': 26, 'new_fc_8': 18, 'new_fc_9': 19, 'new_fc_10': 10}
[94m
|  --> START TRAINING ITERATION 24[0m
[INFO] Flags -> DA: False, L2: True, Skip: False
Building model with input_shape=(32, 32, 3), pos_input_shape=None, layer_x_block=2
Model: "model"
_________________________________________________________________
 Layer (type)                Output Shape              Param #   
=================================================================
 input_1 (InputLayer)        [(None, 32, 32, 3)]       0         
                                                                 
 conv2d (Conv2D)             (None, 32, 32, 32)        896       
                                                                 
 activation (Activation)     (None, 32, 32, 32)        0         
                                                                 
 conv2d_1 (Conv2D)           (None, 32, 32, 32)        9248      
                                                                 
 activation_1 (Activation)   (None, 32, 32, 32)        0         
                                                                 
 max_pooling2d (MaxPooling2  (None, 16, 16, 32)        0         
 D)                                                              
                                                                 
 conv2d_2 (Conv2D)           (None, 16, 16, 96)        27744     
                                                                 
 activation_2 (Activation)   (None, 16, 16, 96)        0         
                                                                 
 conv2d_3 (Conv2D)           (None, 16, 16, 96)        83040     
                                                                 
 activation_3 (Activation)   (None, 16, 16, 96)        0         
                                                                 
 max_pooling2d_1 (MaxPoolin  (None, 8, 8, 96)          0         
 g2D)                                                            
                                                                 
 flatten (Flatten)           (None, 6144)              0         
                                                                 
 dense (Dense)               (None, 32)                196640    
                                                                 
 activation_4 (Activation)   (None, 32)                0         
                                                                 
 dropout (Dropout)           (None, 32)                0         
                                                                 
 dense_1 (Dense)             (None, 256)               8448      
                                                                 
 activation_5 (Activation)   (None, 256)               0         
                                                                 
 dropout_1 (Dropout)         (None, 256)               0         
                                                                 
 dense_2 (Dense)             (None, 176)               45232     
                                                                 
 activation_6 (Activation)   (None, 176)               0         
                                                                 
 dropout_2 (Dropout)         (None, 176)               0         
                                                                 
 dense_3 (Dense)             (None, 16)                2832      
                                                                 
 activation_7 (Activation)   (None, 16)                0         
                                                                 
 dropout_3 (Dropout)         (None, 16)                0         
                                                                 
 dense_4 (Dense)             (None, 160)               2720      
                                                                 
 activation_8 (Activation)   (None, 160)               0         
                                                                 
 dropout_4 (Dropout)         (None, 160)               0         
                                                                 
 dense_5 (Dense)             (None, 416)               66976     
                                                                 
 activation_9 (Activation)   (None, 416)               0         
                                                                 
 dropout_5 (Dropout)         (None, 416)               0         
                                                                 
 dense_6 (Dense)             (None, 288)               120096    
                                                                 
 activation_10 (Activation)  (None, 288)               0         
                                                                 
 dropout_6 (Dropout)         (None, 288)               0         
                                                                 
 dense_7 (Dense)             (None, 304)               87856     
                                                                 
 activation_11 (Activation)  (None, 304)               0         
                                                                 
 dropout_7 (Dropout)         (None, 304)               0         
                                                                 
 dense_8 (Dense)             (None, 160)               48800     
                                                                 
 activation_12 (Activation)  (None, 160)               0         
                                                                 
 dropout_8 (Dropout)         (None, 160)               0         
                                                                 
 dense_9 (Dense)             (None, 100)               16100     
                                                                 
=================================================================
Total params: 716628 (2.73 MB)
Trainable params: 716628 (2.73 MB)
Non-trainable params: 0 (0.00 Byte)
_________________________________________________________________
Epoch 1/100
3125/3125 - 12s - loss: 4.9569 - accuracy: 0.0082 - val_loss: 4.6053 - val_accuracy: 0.0100 - 12s/epoch - 4ms/step
Epoch 2/100
3125/3125 - 11s - loss: 4.6057 - accuracy: 0.0089 - val_loss: 4.6052 - val_accuracy: 0.0100 - 11s/epoch - 4ms/step
Epoch 3/100
3125/3125 - 11s - loss: 4.6057 - accuracy: 0.0089 - val_loss: 4.6052 - val_accuracy: 0.0100 - 11s/epoch - 4ms/step
Epoch 4/100
3125/3125 - 11s - loss: 4.6057 - accuracy: 0.0088 - val_loss: 4.6052 - val_accuracy: 0.0100 - 11s/epoch - 4ms/step
Epoch 5/100
3125/3125 - 11s - loss: 4.6057 - accuracy: 0.0085 - val_loss: 4.6052 - val_accuracy: 0.0100 - 11s/epoch - 4ms/step
Epoch 6/100
3125/3125 - 11s - loss: 4.6057 - accuracy: 0.0086 - val_loss: 4.6052 - val_accuracy: 0.0100 - 11s/epoch - 4ms/step
Epoch 7/100
3125/3125 - 11s - loss: 4.6057 - accuracy: 0.0087 - val_loss: 4.6052 - val_accuracy: 0.0100 - 11s/epoch - 4ms/step
Epoch 8/100
3125/3125 - 11s - loss: 4.6057 - accuracy: 0.0085 - val_loss: 4.6052 - val_accuracy: 0.0100 - 11s/epoch - 4ms/step
Epoch 9/100
3125/3125 - 11s - loss: 4.6057 - accuracy: 0.0087 - val_loss: 4.6052 - val_accuracy: 0.0100 - 11s/epoch - 4ms/step
Epoch 10/100
3125/3125 - 11s - loss: 4.6057 - accuracy: 0.0086 - val_loss: 4.6052 - val_accuracy: 0.0100 - 11s/epoch - 4ms/step
Epoch 11/100
3125/3125 - 11s - loss: 4.6057 - accuracy: 0.0093 - val_loss: 4.6052 - val_accuracy: 0.0100 - 11s/epoch - 4ms/step
Epoch 12/100
3125/3125 - 11s - loss: 4.6057 - accuracy: 0.0095 - val_loss: 4.6052 - val_accuracy: 0.0100 - 11s/epoch - 4ms/step
Epoch 13/100
3125/3125 - 11s - loss: 4.6057 - accuracy: 0.0081 - val_loss: 4.6052 - val_accuracy: 0.0100 - 11s/epoch - 4ms/step
Epoch 14/100
3125/3125 - 11s - loss: 4.6057 - accuracy: 0.0087 - val_loss: 4.6052 - val_accuracy: 0.0100 - 11s/epoch - 4ms/step
Epoch 15/100
3125/3125 - 11s - loss: 4.6057 - accuracy: 0.0085 - val_loss: 4.6052 - val_accuracy: 0.0100 - 11s/epoch - 4ms/step
Epoch 16/100
3125/3125 - 11s - loss: 4.6057 - accuracy: 0.0086 - val_loss: 4.6052 - val_accuracy: 0.0100 - 11s/epoch - 4ms/step
Epoch 17/100
3125/3125 - 11s - loss: 4.6057 - accuracy: 0.0085 - val_loss: 4.6052 - val_accuracy: 0.0100 - 11s/epoch - 4ms/step
Epoch 18/100
3125/3125 - 11s - loss: 4.6057 - accuracy: 0.0087 - val_loss: 4.6052 - val_accuracy: 0.0100 - 11s/epoch - 4ms/step
Epoch 19/100
3125/3125 - 11s - loss: 4.6057 - accuracy: 0.0088 - val_loss: 4.6052 - val_accuracy: 0.0100 - 11s/epoch - 4ms/step
Epoch 20/100
3125/3125 - 11s - loss: 4.6057 - accuracy: 0.0084 - val_loss: 4.6052 - val_accuracy: 0.0100 - 11s/epoch - 4ms/step
Epoch 21/100
3125/3125 - 11s - loss: 4.6057 - accuracy: 0.0083 - val_loss: 4.6052 - val_accuracy: 0.0100 - 11s/epoch - 4ms/step
Epoch 22/100
3125/3125 - 11s - loss: 4.6057 - accuracy: 0.0090 - val_loss: 4.6052 - val_accuracy: 0.0100 - 11s/epoch - 4ms/step
Epoch 23/100
3125/3125 - 11s - loss: 4.6057 - accuracy: 0.0088 - val_loss: 4.6052 - val_accuracy: 0.0100 - 11s/epoch - 4ms/step
Epoch 24/100
3125/3125 - 11s - loss: 4.6057 - accuracy: 0.0088 - val_loss: 4.6052 - val_accuracy: 0.0100 - 11s/epoch - 4ms/step
Epoch 25/100
3125/3125 - 11s - loss: 4.6057 - accuracy: 0.0094 - val_loss: 4.6052 - val_accuracy: 0.0100 - 11s/epoch - 4ms/step
Epoch 26/100
3125/3125 - 11s - loss: 4.6057 - accuracy: 0.0087 - val_loss: 4.6052 - val_accuracy: 0.0100 - 11s/epoch - 4ms/step
Epoch 27/100
3125/3125 - 11s - loss: 4.6057 - accuracy: 0.0087 - val_loss: 4.6052 - val_accuracy: 0.0100 - 11s/epoch - 4ms/step
Epoch 28/100
3125/3125 - 11s - loss: 4.6057 - accuracy: 0.0094 - val_loss: 4.6052 - val_accuracy: 0.0100 - 11s/epoch - 4ms/step
Epoch 29/100
3125/3125 - 11s - loss: 4.6057 - accuracy: 0.0086 - val_loss: 4.6052 - val_accuracy: 0.0100 - 11s/epoch - 4ms/step
Epoch 30/100
3125/3125 - 11s - loss: 4.6057 - accuracy: 0.0089 - val_loss: 4.6052 - val_accuracy: 0.0100 - 11s/epoch - 4ms/step
Epoch 31/100
Restoring model weights from the end of the best epoch: 1.
3125/3125 - 11s - loss: 4.6057 - accuracy: 0.0086 - val_loss: 4.6052 - val_accuracy: 0.0100 - 11s/epoch - 4ms/step
Epoch 31: early stopping
313/313 - 1s - loss: 4.6053 - accuracy: 0.0100 - 785ms/epoch - 3ms/step

ACCURACY: 0.009999999776482582


SCORE: -0.1497420638435378

[92m | MODULE VALUES ---------------------------------------------  |
 [0m
FLOPS: 78628968
PARAMS: 716628.0
[92m 
 | -----------------------------------------------------------  |
 [0m

BANANAS BASELINE FINISHED
TOTAL TIME --------> 10902.18 seconds
BEST SCORE --------> -0.3993729006730041
HISTORY -----------> results_BANANAS_controller/bananas_cifar100_seed42_e1000_ep100/algorithm_logs/bananas_history.csv
Completed after chunk: 50/1000
