Running rolling chunk 3/40
Array task 9/10: dataset=cifar100, seed=84
Completed before chunk: 50/1000
Budget: chunk_evals=25, epochs=100
Result dir=results_BANANAS_controller/bananas_cifar100_seed84_e1000_ep100
[exp_config] Created config.yaml at: /hpc/home/fresca/EDGE-DNNTuner/results_BANANAS_controller/bananas_cifar100_seed84_e1000_ep100/config.yaml
50000 train samples
10000 test samples
Initialized NeuralNetwork with dataset. ROI mode: False
FLOPS module weight: 0.3

STARTING BANANAS BASELINE

[INFO] Resumed 50 previous BANANAS evaluations from results_BANANAS_controller/bananas_cifar100_seed84_e1000_ep100/algorithm_logs/bananas_history.csv.

--- BANANAS ITERATION 51 / 1000 ---
Chosen point: {'num_neurons': 4, 'unit_c1': 1, 'unit_c2': 1, 'dr_f': 0.06676121430837736, 'learning_rate': 0.00012872434263224632, 'batch_size': 16, 'optimizer': 'SGD', 'activation': 'elu', 'data_augmentation': True, 'reg_l2': False, 'skip_connection': True, 'new_fc_1': 1, 'new_fc_2': 2, 'new_fc_3': 11, 'new_fc_4': 2, 'new_fc_5': 9, 'new_fc_6': 1, 'new_fc_7': 7, 'new_fc_8': 28, 'new_fc_9': 17, 'new_fc_10': 5}
[94m
|  --> START TRAINING ITERATION 0[0m
[INFO] Flags -> DA: True, L2: False, Skip: True
Building model with input_shape=(32, 32, 3), pos_input_shape=None, layer_x_block=2
Model: "model"
__________________________________________________________________________________________________
 Layer (type)                Output Shape                 Param #   Connected to                  
==================================================================================================
 input_2 (InputLayer)        [(None, 32, 32, 3)]          0         []                            
                                                                                                  
 conv2d (Conv2D)             (None, 32, 32, 4)            112       ['input_2[0][0]']             
                                                                                                  
 activation (Activation)     (None, 32, 32, 4)            0         ['conv2d[1][0]']              
                                                                                                  
 conv2d_2 (Conv2D)           (None, 32, 32, 4)            16        ['input_2[0][0]']             
                                                                                                  
 conv2d_1 (Conv2D)           (None, 32, 32, 4)            148       ['activation[1][0]']          
                                                                                                  
 add (Add)                   (None, 32, 32, 4)            0         ['conv2d_2[1][0]',            
                                                                     'conv2d_1[1][0]']            
                                                                                                  
 activation_1 (Activation)   (None, 32, 32, 4)            0         ['add[1][0]']                 
                                                                                                  
 max_pooling2d (MaxPooling2  (None, 16, 16, 4)            0         ['activation_1[1][0]']        
 D)                                                                                               
                                                                                                  
 conv2d_3 (Conv2D)           (None, 16, 16, 4)            148       ['max_pooling2d[1][0]']       
                                                                                                  
 activation_2 (Activation)   (None, 16, 16, 4)            0         ['conv2d_3[1][0]']            
                                                                                                  
 conv2d_4 (Conv2D)           (None, 16, 16, 4)            148       ['activation_2[1][0]']        
                                                                                                  
 add_1 (Add)                 (None, 16, 16, 4)            0         ['max_pooling2d[1][0]',       
                                                                     'conv2d_4[1][0]']            
                                                                                                  
 activation_3 (Activation)   (None, 16, 16, 4)            0         ['add_1[1][0]']               
                                                                                                  
 max_pooling2d_1 (MaxPoolin  (None, 8, 8, 4)              0         ['activation_3[1][0]']        
 g2D)                                                                                             
                                                                                                  
 flatten (Flatten)           (None, 256)                  0         ['max_pooling2d_1[1][0]']     
                                                                                                  
 dense (Dense)               (None, 4)                    1028      ['flatten[1][0]']             
                                                                                                  
 activation_4 (Activation)   (None, 4)                    0         ['dense[1][0]']               
                                                                                                  
 dropout (Dropout)           (None, 4)                    0         ['activation_4[1][0]']        
                                                                                                  
 dense_1 (Dense)             (None, 8)                    40        ['dropout[1][0]']             
                                                                                                  
 activation_5 (Activation)   (None, 8)                    0         ['dense_1[1][0]']             
                                                                                                  
 dropout_1 (Dropout)         (None, 8)                    0         ['activation_5[1][0]']        
                                                                                                  
 dense_2 (Dense)             (None, 44)                   396       ['dropout_1[1][0]']           
                                                                                                  
 activation_6 (Activation)   (None, 44)                   0         ['dense_2[1][0]']             
                                                                                                  
 dropout_2 (Dropout)         (None, 44)                   0         ['activation_6[1][0]']        
                                                                                                  
 dense_3 (Dense)             (None, 8)                    360       ['dropout_2[1][0]']           
                                                                                                  
 activation_7 (Activation)   (None, 8)                    0         ['dense_3[1][0]']             
                                                                                                  
 dropout_3 (Dropout)         (None, 8)                    0         ['activation_7[1][0]']        
                                                                                                  
 dense_4 (Dense)             (None, 36)                   324       ['dropout_3[1][0]']           
                                                                                                  
 activation_8 (Activation)   (None, 36)                   0         ['dense_4[1][0]']             
                                                                                                  
 dropout_4 (Dropout)         (None, 36)                   0         ['activation_8[1][0]']        
                                                                                                  
 dense_5 (Dense)             (None, 4)                    148       ['dropout_4[1][0]']           
                                                                                                  
 activation_9 (Activation)   (None, 4)                    0         ['dense_5[1][0]']             
                                                                                                  
 dropout_5 (Dropout)         (None, 4)                    0         ['activation_9[1][0]']        
                                                                                                  
 dense_6 (Dense)             (None, 28)                   140       ['dropout_5[1][0]']           
                                                                                                  
 activation_10 (Activation)  (None, 28)                   0         ['dense_6[1][0]']             
                                                                                                  
 dropout_6 (Dropout)         (None, 28)                   0         ['activation_10[1][0]']       
                                                                                                  
 dense_7 (Dense)             (None, 112)                  3248      ['dropout_6[1][0]']           
                                                                                                  
 activation_11 (Activation)  (None, 112)                  0         ['dense_7[1][0]']             
                                                                                                  
 dropout_7 (Dropout)         (None, 112)                  0         ['activation_11[1][0]']       
                                                                                                  
 dense_8 (Dense)             (None, 68)                   7684      ['dropout_7[1][0]']           
                                                                                                  
 activation_12 (Activation)  (None, 68)                   0         ['dense_8[1][0]']             
                                                                                                  
 dropout_8 (Dropout)         (None, 68)                   0         ['activation_12[1][0]']       
                                                                                                  
 dense_9 (Dense)             (None, 20)                   1380      ['dropout_8[1][0]']           
                                                                                                  
 activation_13 (Activation)  (None, 20)                   0         ['dense_9[1][0]']             
                                                                                                  
 dropout_9 (Dropout)         (None, 20)                   0         ['activation_13[1][0]']       
                                                                                                  
 dense_10 (Dense)            (None, 100)                  2100      ['dropout_9[1][0]']           
                                                                                                  
==================================================================================================
Total params: 17420 (68.05 KB)
Trainable params: 17420 (68.05 KB)
Non-trainable params: 0 (0.00 Byte)
__________________________________________________________________________________________________
Epoch 1/100
3125/3125 - 12s - loss: 4.6052 - accuracy: 0.0088 - val_loss: 4.6049 - val_accuracy: 0.0093 - 12s/epoch - 4ms/step
Epoch 2/100
3125/3125 - 9s - loss: 4.6050 - accuracy: 0.0094 - val_loss: 4.6048 - val_accuracy: 0.0089 - 9s/epoch - 3ms/step
Epoch 3/100
3125/3125 - 9s - loss: 4.6050 - accuracy: 0.0086 - val_loss: 4.6048 - val_accuracy: 0.0087 - 9s/epoch - 3ms/step
Epoch 4/100
3125/3125 - 9s - loss: 4.6050 - accuracy: 0.0089 - val_loss: 4.6047 - val_accuracy: 0.0089 - 9s/epoch - 3ms/step
Epoch 5/100
3125/3125 - 9s - loss: 4.6049 - accuracy: 0.0087 - val_loss: 4.6046 - val_accuracy: 0.0085 - 9s/epoch - 3ms/step
Epoch 6/100
3125/3125 - 9s - loss: 4.6048 - accuracy: 0.0094 - val_loss: 4.6045 - val_accuracy: 0.0091 - 9s/epoch - 3ms/step
Epoch 7/100
3125/3125 - 9s - loss: 4.6048 - accuracy: 0.0087 - val_loss: 4.6044 - val_accuracy: 0.0092 - 9s/epoch - 3ms/step
Epoch 8/100
3125/3125 - 9s - loss: 4.6047 - accuracy: 0.0093 - val_loss: 4.6043 - val_accuracy: 0.0087 - 9s/epoch - 3ms/step
Epoch 9/100
3125/3125 - 9s - loss: 4.6046 - accuracy: 0.0090 - val_loss: 4.6042 - val_accuracy: 0.0088 - 9s/epoch - 3ms/step
Epoch 10/100
3125/3125 - 9s - loss: 4.6045 - accuracy: 0.0095 - val_loss: 4.6041 - val_accuracy: 0.0087 - 9s/epoch - 3ms/step
Epoch 11/100
3125/3125 - 9s - loss: 4.6043 - accuracy: 0.0093 - val_loss: 4.6040 - val_accuracy: 0.0090 - 9s/epoch - 3ms/step
Epoch 12/100
3125/3125 - 9s - loss: 4.6042 - accuracy: 0.0096 - val_loss: 4.6039 - val_accuracy: 0.0088 - 9s/epoch - 3ms/step
Epoch 13/100
3125/3125 - 9s - loss: 4.6040 - accuracy: 0.0103 - val_loss: 4.6038 - val_accuracy: 0.0092 - 9s/epoch - 3ms/step
Epoch 14/100
3125/3125 - 9s - loss: 4.6039 - accuracy: 0.0101 - val_loss: 4.6036 - val_accuracy: 0.0092 - 9s/epoch - 3ms/step
Epoch 15/100
3125/3125 - 9s - loss: 4.6040 - accuracy: 0.0092 - val_loss: 4.6035 - val_accuracy: 0.0093 - 9s/epoch - 3ms/step
Epoch 16/100
3125/3125 - 9s - loss: 4.6038 - accuracy: 0.0100 - val_loss: 4.6033 - val_accuracy: 0.0096 - 9s/epoch - 3ms/step
Epoch 17/100
3125/3125 - 9s - loss: 4.6036 - accuracy: 0.0096 - val_loss: 4.6032 - val_accuracy: 0.0097 - 9s/epoch - 3ms/step
Epoch 18/100
3125/3125 - 9s - loss: 4.6034 - accuracy: 0.0103 - val_loss: 4.6030 - val_accuracy: 0.0099 - 9s/epoch - 3ms/step
Epoch 19/100
3125/3125 - 9s - loss: 4.6033 - accuracy: 0.0106 - val_loss: 4.6028 - val_accuracy: 0.0102 - 9s/epoch - 3ms/step
Epoch 20/100
3125/3125 - 9s - loss: 4.6031 - accuracy: 0.0105 - val_loss: 4.6026 - val_accuracy: 0.0101 - 9s/epoch - 3ms/step
Epoch 21/100
3125/3125 - 9s - loss: 4.6030 - accuracy: 0.0102 - val_loss: 4.6024 - val_accuracy: 0.0104 - 9s/epoch - 3ms/step
Epoch 22/100
3125/3125 - 9s - loss: 4.6028 - accuracy: 0.0112 - val_loss: 4.6022 - val_accuracy: 0.0109 - 9s/epoch - 3ms/step
Epoch 23/100
3125/3125 - 9s - loss: 4.6025 - accuracy: 0.0111 - val_loss: 4.6019 - val_accuracy: 0.0113 - 9s/epoch - 3ms/step
Epoch 24/100
3125/3125 - 9s - loss: 4.6023 - accuracy: 0.0118 - val_loss: 4.6016 - val_accuracy: 0.0112 - 9s/epoch - 3ms/step
Epoch 25/100
3125/3125 - 9s - loss: 4.6021 - accuracy: 0.0111 - val_loss: 4.6013 - val_accuracy: 0.0115 - 9s/epoch - 3ms/step
Epoch 26/100
3125/3125 - 9s - loss: 4.6016 - accuracy: 0.0117 - val_loss: 4.6010 - val_accuracy: 0.0114 - 9s/epoch - 3ms/step
Epoch 27/100
3125/3125 - 9s - loss: 4.6013 - accuracy: 0.0120 - val_loss: 4.6006 - val_accuracy: 0.0119 - 9s/epoch - 3ms/step
Epoch 28/100
3125/3125 - 9s - loss: 4.6011 - accuracy: 0.0114 - val_loss: 4.6002 - val_accuracy: 0.0119 - 9s/epoch - 3ms/step
Epoch 29/100
3125/3125 - 9s - loss: 4.6007 - accuracy: 0.0124 - val_loss: 4.5998 - val_accuracy: 0.0119 - 9s/epoch - 3ms/step
Epoch 30/100
3125/3125 - 9s - loss: 4.6003 - accuracy: 0.0122 - val_loss: 4.5993 - val_accuracy: 0.0118 - 9s/epoch - 3ms/step
Epoch 31/100
Restoring model weights from the end of the best epoch: 1.
3125/3125 - 9s - loss: 4.5998 - accuracy: 0.0118 - val_loss: 4.5987 - val_accuracy: 0.0114 - 9s/epoch - 3ms/step
Epoch 31: early stopping
313/313 - 1s - loss: 4.6049 - accuracy: 0.0093 - 766ms/epoch - 2ms/step

ACCURACY: 0.00930000003427267


SCORE: -0.30501706402399087

[92m | MODULE VALUES ---------------------------------------------  |
 [0m
FLOPS: 746468
PARAMS: 17420.0
[92m 
 | -----------------------------------------------------------  |
 [0m
[INFO] New Best Score: -0.3050 (Previous: 10000000000.0000)

--- BANANAS ITERATION 52 / 1000 ---
Chosen point: {'num_neurons': 4, 'unit_c1': 2, 'unit_c2': 1, 'dr_f': 0.16135709076930838, 'learning_rate': 0.00020418648568883325, 'batch_size': 64, 'optimizer': 'Adadelta', 'activation': 'selu', 'data_augmentation': True, 'reg_l2': False, 'skip_connection': False, 'new_fc_1': 27, 'new_fc_2': 29, 'new_fc_3': 25, 'new_fc_4': 6, 'new_fc_5': 0, 'new_fc_6': 1, 'new_fc_7': 28, 'new_fc_8': 26, 'new_fc_9': 11, 'new_fc_10': 1}
[94m
|  --> START TRAINING ITERATION 1[0m
[INFO] Flags -> DA: True, L2: False, Skip: False
Building model with input_shape=(32, 32, 3), pos_input_shape=None, layer_x_block=2
Model: "model"
_________________________________________________________________
 Layer (type)                Output Shape              Param #   
=================================================================
 input_2 (InputLayer)        [(None, 32, 32, 3)]       0         
                                                                 
 conv2d (Conv2D)             (None, 32, 32, 8)         224       
                                                                 
 activation (Activation)     (None, 32, 32, 8)         0         
                                                                 
 conv2d_1 (Conv2D)           (None, 32, 32, 8)         584       
                                                                 
 activation_1 (Activation)   (None, 32, 32, 8)         0         
                                                                 
 max_pooling2d (MaxPooling2  (None, 16, 16, 8)         0         
 D)                                                              
                                                                 
 conv2d_2 (Conv2D)           (None, 16, 16, 4)         292       
                                                                 
 activation_2 (Activation)   (None, 16, 16, 4)         0         
                                                                 
 conv2d_3 (Conv2D)           (None, 16, 16, 4)         148       
                                                                 
 activation_3 (Activation)   (None, 16, 16, 4)         0         
                                                                 
 max_pooling2d_1 (MaxPoolin  (None, 8, 8, 4)           0         
 g2D)                                                            
                                                                 
 flatten (Flatten)           (None, 256)               0         
                                                                 
 dense (Dense)               (None, 108)               27756     
                                                                 
 activation_4 (Activation)   (None, 108)               0         
                                                                 
 dropout (Dropout)           (None, 108)               0         
                                                                 
 dense_1 (Dense)             (None, 116)               12644     
                                                                 
 activation_5 (Activation)   (None, 116)               0         
                                                                 
 dropout_1 (Dropout)         (None, 116)               0         
                                                                 
 dense_2 (Dense)             (None, 100)               11700     
                                                                 
 activation_6 (Activation)   (None, 100)               0         
                                                                 
 dropout_2 (Dropout)         (None, 100)               0         
                                                                 
 dense_3 (Dense)             (None, 24)                2424      
                                                                 
 activation_7 (Activation)   (None, 24)                0         
                                                                 
 dropout_3 (Dropout)         (None, 24)                0         
                                                                 
 dense_4 (Dense)             (None, 4)                 100       
                                                                 
 activation_8 (Activation)   (None, 4)                 0         
                                                                 
 dropout_4 (Dropout)         (None, 4)                 0         
                                                                 
 dense_5 (Dense)             (None, 112)               560       
                                                                 
 activation_9 (Activation)   (None, 112)               0         
                                                                 
 dropout_5 (Dropout)         (None, 112)               0         
                                                                 
 dense_6 (Dense)             (None, 104)               11752     
                                                                 
 activation_10 (Activation)  (None, 104)               0         
                                                                 
 dropout_6 (Dropout)         (None, 104)               0         
                                                                 
 dense_7 (Dense)             (None, 44)                4620      
                                                                 
 activation_11 (Activation)  (None, 44)                0         
                                                                 
 dropout_7 (Dropout)         (None, 44)                0         
                                                                 
 dense_8 (Dense)             (None, 4)                 180       
                                                                 
 activation_12 (Activation)  (None, 4)                 0         
                                                                 
 dropout_8 (Dropout)         (None, 4)                 0         
                                                                 
 dense_9 (Dense)             (None, 100)               500       
                                                                 
=================================================================
Total params: 73484 (287.05 KB)
Trainable params: 73484 (287.05 KB)
Non-trainable params: 0 (0.00 Byte)
_________________________________________________________________
Epoch 1/100
782/782 - 6s - loss: 4.6481 - accuracy: 0.0107 - val_loss: 4.6229 - val_accuracy: 0.0135 - 6s/epoch - 7ms/step
Epoch 2/100
782/782 - 3s - loss: 4.6473 - accuracy: 0.0099 - val_loss: 4.6200 - val_accuracy: 0.0135 - 3s/epoch - 4ms/step
Epoch 3/100
782/782 - 3s - loss: 4.6418 - accuracy: 0.0102 - val_loss: 4.6179 - val_accuracy: 0.0138 - 3s/epoch - 4ms/step
Epoch 4/100
782/782 - 3s - loss: 4.6403 - accuracy: 0.0107 - val_loss: 4.6161 - val_accuracy: 0.0133 - 3s/epoch - 4ms/step
Epoch 5/100
782/782 - 3s - loss: 4.6405 - accuracy: 0.0104 - val_loss: 4.6147 - val_accuracy: 0.0130 - 3s/epoch - 4ms/step
Epoch 6/100
782/782 - 3s - loss: 4.6406 - accuracy: 0.0106 - val_loss: 4.6135 - val_accuracy: 0.0129 - 3s/epoch - 4ms/step
Epoch 7/100
782/782 - 3s - loss: 4.6374 - accuracy: 0.0101 - val_loss: 4.6125 - val_accuracy: 0.0128 - 3s/epoch - 4ms/step
Epoch 8/100
782/782 - 3s - loss: 4.6360 - accuracy: 0.0097 - val_loss: 4.6117 - val_accuracy: 0.0132 - 3s/epoch - 4ms/step
Epoch 9/100
782/782 - 3s - loss: 4.6368 - accuracy: 0.0102 - val_loss: 4.6109 - val_accuracy: 0.0129 - 3s/epoch - 4ms/step
Epoch 10/100
782/782 - 3s - loss: 4.6330 - accuracy: 0.0106 - val_loss: 4.6102 - val_accuracy: 0.0131 - 3s/epoch - 4ms/step
Epoch 11/100
782/782 - 3s - loss: 4.6325 - accuracy: 0.0104 - val_loss: 4.6096 - val_accuracy: 0.0141 - 3s/epoch - 4ms/step
Epoch 12/100
782/782 - 3s - loss: 4.6325 - accuracy: 0.0096 - val_loss: 4.6090 - val_accuracy: 0.0138 - 3s/epoch - 4ms/step
Epoch 13/100
782/782 - 3s - loss: 4.6324 - accuracy: 0.0104 - val_loss: 4.6084 - val_accuracy: 0.0145 - 3s/epoch - 4ms/step
Epoch 14/100
782/782 - 3s - loss: 4.6307 - accuracy: 0.0110 - val_loss: 4.6078 - val_accuracy: 0.0146 - 3s/epoch - 4ms/step
Epoch 15/100
782/782 - 3s - loss: 4.6312 - accuracy: 0.0097 - val_loss: 4.6073 - val_accuracy: 0.0146 - 3s/epoch - 4ms/step
Epoch 16/100
782/782 - 3s - loss: 4.6297 - accuracy: 0.0100 - val_loss: 4.6068 - val_accuracy: 0.0146 - 3s/epoch - 4ms/step
Epoch 17/100
782/782 - 3s - loss: 4.6311 - accuracy: 0.0099 - val_loss: 4.6063 - val_accuracy: 0.0146 - 3s/epoch - 4ms/step
Epoch 18/100
782/782 - 3s - loss: 4.6303 - accuracy: 0.0103 - val_loss: 4.6058 - val_accuracy: 0.0138 - 3s/epoch - 4ms/step
Epoch 19/100
782/782 - 3s - loss: 4.6281 - accuracy: 0.0111 - val_loss: 4.6055 - val_accuracy: 0.0134 - 3s/epoch - 4ms/step
Epoch 20/100
782/782 - 3s - loss: 4.6283 - accuracy: 0.0108 - val_loss: 4.6051 - val_accuracy: 0.0133 - 3s/epoch - 4ms/step
Epoch 21/100
782/782 - 3s - loss: 4.6279 - accuracy: 0.0111 - val_loss: 4.6047 - val_accuracy: 0.0135 - 3s/epoch - 4ms/step
Epoch 22/100
782/782 - 3s - loss: 4.6280 - accuracy: 0.0105 - val_loss: 4.6043 - val_accuracy: 0.0134 - 3s/epoch - 4ms/step
Epoch 23/100
782/782 - 3s - loss: 4.6277 - accuracy: 0.0101 - val_loss: 4.6040 - val_accuracy: 0.0139 - 3s/epoch - 4ms/step
Epoch 24/100
782/782 - 3s - loss: 4.6262 - accuracy: 0.0113 - val_loss: 4.6037 - val_accuracy: 0.0138 - 3s/epoch - 4ms/step
Epoch 25/100
782/782 - 3s - loss: 4.6264 - accuracy: 0.0102 - val_loss: 4.6033 - val_accuracy: 0.0139 - 3s/epoch - 4ms/step
Epoch 26/100
782/782 - 3s - loss: 4.6258 - accuracy: 0.0110 - val_loss: 4.6029 - val_accuracy: 0.0144 - 3s/epoch - 4ms/step
Epoch 27/100
782/782 - 3s - loss: 4.6254 - accuracy: 0.0109 - val_loss: 4.6026 - val_accuracy: 0.0140 - 3s/epoch - 4ms/step
Epoch 28/100
782/782 - 3s - loss: 4.6255 - accuracy: 0.0100 - val_loss: 4.6023 - val_accuracy: 0.0138 - 3s/epoch - 4ms/step
Epoch 29/100
782/782 - 3s - loss: 4.6250 - accuracy: 0.0104 - val_loss: 4.6019 - val_accuracy: 0.0138 - 3s/epoch - 4ms/step
Epoch 30/100
782/782 - 3s - loss: 4.6276 - accuracy: 0.0107 - val_loss: 4.6017 - val_accuracy: 0.0139 - 3s/epoch - 4ms/step
Epoch 31/100
Restoring model weights from the end of the best epoch: 1.
782/782 - 3s - loss: 4.6245 - accuracy: 0.0112 - val_loss: 4.6014 - val_accuracy: 0.0141 - 3s/epoch - 4ms/step
Epoch 31: early stopping
313/313 - 1s - loss: 4.6229 - accuracy: 0.0135 - 641ms/epoch - 2ms/step

ACCURACY: 0.013500000350177288


SCORE: -0.30541979224512406

[92m | MODULE VALUES ---------------------------------------------  |
 [0m
FLOPS: 2015104
PARAMS: 73484.0
[92m 
 | -----------------------------------------------------------  |
 [0m
[INFO] New Best Score: -0.3054 (Previous: -0.3050)

--- BANANAS ITERATION 53 / 1000 ---
Chosen point: {'num_neurons': 4, 'unit_c1': 2, 'unit_c2': 1, 'dr_f': 0.40517522894986313, 'learning_rate': 0.00041471951109149646, 'batch_size': 64, 'optimizer': 'SGD', 'activation': 'relu', 'data_augmentation': True, 'reg_l2': False, 'skip_connection': True, 'new_fc_1': 5, 'new_fc_2': 0, 'new_fc_3': 17, 'new_fc_4': 2, 'new_fc_5': 24, 'new_fc_6': 0, 'new_fc_7': 17, 'new_fc_8': 14, 'new_fc_9': 12, 'new_fc_10': 1}
[94m
|  --> START TRAINING ITERATION 2[0m
[INFO] Flags -> DA: True, L2: False, Skip: True
Building model with input_shape=(32, 32, 3), pos_input_shape=None, layer_x_block=2
Model: "model"
__________________________________________________________________________________________________
 Layer (type)                Output Shape                 Param #   Connected to                  
==================================================================================================
 input_2 (InputLayer)        [(None, 32, 32, 3)]          0         []                            
                                                                                                  
 conv2d (Conv2D)             (None, 32, 32, 8)            224       ['input_2[0][0]']             
                                                                                                  
 activation (Activation)     (None, 32, 32, 8)            0         ['conv2d[1][0]']              
                                                                                                  
 conv2d_2 (Conv2D)           (None, 32, 32, 8)            32        ['input_2[0][0]']             
                                                                                                  
 conv2d_1 (Conv2D)           (None, 32, 32, 8)            584       ['activation[1][0]']          
                                                                                                  
 add (Add)                   (None, 32, 32, 8)            0         ['conv2d_2[1][0]',            
                                                                     'conv2d_1[1][0]']            
                                                                                                  
 activation_1 (Activation)   (None, 32, 32, 8)            0         ['add[1][0]']                 
                                                                                                  
 max_pooling2d (MaxPooling2  (None, 16, 16, 8)            0         ['activation_1[1][0]']        
 D)                                                                                               
                                                                                                  
 conv2d_3 (Conv2D)           (None, 16, 16, 4)            292       ['max_pooling2d[1][0]']       
                                                                                                  
 activation_2 (Activation)   (None, 16, 16, 4)            0         ['conv2d_3[1][0]']            
                                                                                                  
 conv2d_5 (Conv2D)           (None, 16, 16, 4)            36        ['max_pooling2d[1][0]']       
                                                                                                  
 conv2d_4 (Conv2D)           (None, 16, 16, 4)            148       ['activation_2[1][0]']        
                                                                                                  
 add_1 (Add)                 (None, 16, 16, 4)            0         ['conv2d_5[1][0]',            
                                                                     'conv2d_4[1][0]']            
                                                                                                  
 activation_3 (Activation)   (None, 16, 16, 4)            0         ['add_1[1][0]']               
                                                                                                  
 max_pooling2d_1 (MaxPoolin  (None, 8, 8, 4)              0         ['activation_3[1][0]']        
 g2D)                                                                                             
                                                                                                  
 flatten (Flatten)           (None, 256)                  0         ['max_pooling2d_1[1][0]']     
                                                                                                  
 dense (Dense)               (None, 20)                   5140      ['flatten[1][0]']             
                                                                                                  
 activation_4 (Activation)   (None, 20)                   0         ['dense[1][0]']               
                                                                                                  
 dropout (Dropout)           (None, 20)                   0         ['activation_4[1][0]']        
                                                                                                  
 dense_1 (Dense)             (None, 68)                   1428      ['dropout[1][0]']             
                                                                                                  
 activation_5 (Activation)   (None, 68)                   0         ['dense_1[1][0]']             
                                                                                                  
 dropout_1 (Dropout)         (None, 68)                   0         ['activation_5[1][0]']        
                                                                                                  
 dense_2 (Dense)             (None, 8)                    552       ['dropout_1[1][0]']           
                                                                                                  
 activation_6 (Activation)   (None, 8)                    0         ['dense_2[1][0]']             
                                                                                                  
 dropout_2 (Dropout)         (None, 8)                    0         ['activation_6[1][0]']        
                                                                                                  
 dense_3 (Dense)             (None, 96)                   864       ['dropout_2[1][0]']           
                                                                                                  
 activation_7 (Activation)   (None, 96)                   0         ['dense_3[1][0]']             
                                                                                                  
 dropout_3 (Dropout)         (None, 96)                   0         ['activation_7[1][0]']        
                                                                                                  
 dense_4 (Dense)             (None, 68)                   6596      ['dropout_3[1][0]']           
                                                                                                  
 activation_8 (Activation)   (None, 68)                   0         ['dense_4[1][0]']             
                                                                                                  
 dropout_4 (Dropout)         (None, 68)                   0         ['activation_8[1][0]']        
                                                                                                  
 dense_5 (Dense)             (None, 56)                   3864      ['dropout_4[1][0]']           
                                                                                                  
 activation_9 (Activation)   (None, 56)                   0         ['dense_5[1][0]']             
                                                                                                  
 dropout_5 (Dropout)         (None, 56)                   0         ['activation_9[1][0]']        
                                                                                                  
 dense_6 (Dense)             (None, 48)                   2736      ['dropout_5[1][0]']           
                                                                                                  
 activation_10 (Activation)  (None, 48)                   0         ['dense_6[1][0]']             
                                                                                                  
 dropout_6 (Dropout)         (None, 48)                   0         ['activation_10[1][0]']       
                                                                                                  
 dense_7 (Dense)             (None, 4)                    196       ['dropout_6[1][0]']           
                                                                                                  
 activation_11 (Activation)  (None, 4)                    0         ['dense_7[1][0]']             
                                                                                                  
 dropout_7 (Dropout)         (None, 4)                    0         ['activation_11[1][0]']       
                                                                                                  
 dense_8 (Dense)             (None, 100)                  500       ['dropout_7[1][0]']           
                                                                                                  
==================================================================================================
Total params: 23192 (90.59 KB)
Trainable params: 23192 (90.59 KB)
Non-trainable params: 0 (0.00 Byte)
__________________________________________________________________________________________________
Epoch 1/100
782/782 - 4s - loss: 4.6052 - accuracy: 0.0088 - val_loss: 4.6052 - val_accuracy: 0.0094 - 4s/epoch - 6ms/step
Epoch 2/100
782/782 - 3s - loss: 4.6052 - accuracy: 0.0086 - val_loss: 4.6052 - val_accuracy: 0.0075 - 3s/epoch - 4ms/step
Epoch 3/100
782/782 - 3s - loss: 4.6052 - accuracy: 0.0087 - val_loss: 4.6052 - val_accuracy: 0.0063 - 3s/epoch - 4ms/step
Epoch 4/100
782/782 - 3s - loss: 4.6052 - accuracy: 0.0090 - val_loss: 4.6052 - val_accuracy: 0.0098 - 3s/epoch - 4ms/step
Epoch 5/100
782/782 - 3s - loss: 4.6052 - accuracy: 0.0084 - val_loss: 4.6052 - val_accuracy: 0.0090 - 3s/epoch - 4ms/step
Epoch 6/100
782/782 - 3s - loss: 4.6052 - accuracy: 0.0084 - val_loss: 4.6052 - val_accuracy: 0.0097 - 3s/epoch - 4ms/step
Epoch 7/100
782/782 - 3s - loss: 4.6052 - accuracy: 0.0093 - val_loss: 4.6052 - val_accuracy: 0.0100 - 3s/epoch - 4ms/step
Epoch 8/100
782/782 - 3s - loss: 4.6052 - accuracy: 0.0090 - val_loss: 4.6052 - val_accuracy: 0.0100 - 3s/epoch - 4ms/step
Epoch 9/100
782/782 - 3s - loss: 4.6052 - accuracy: 0.0094 - val_loss: 4.6052 - val_accuracy: 0.0098 - 3s/epoch - 4ms/step
Epoch 10/100
782/782 - 3s - loss: 4.6052 - accuracy: 0.0086 - val_loss: 4.6052 - val_accuracy: 0.0102 - 3s/epoch - 4ms/step
Epoch 11/100
782/782 - 3s - loss: 4.6052 - accuracy: 0.0086 - val_loss: 4.6052 - val_accuracy: 0.0085 - 3s/epoch - 4ms/step
Epoch 12/100
782/782 - 3s - loss: 4.6052 - accuracy: 0.0094 - val_loss: 4.6052 - val_accuracy: 0.0098 - 3s/epoch - 4ms/step
Epoch 13/100
782/782 - 3s - loss: 4.6052 - accuracy: 0.0087 - val_loss: 4.6052 - val_accuracy: 0.0107 - 3s/epoch - 4ms/step
Epoch 14/100
782/782 - 3s - loss: 4.6052 - accuracy: 0.0091 - val_loss: 4.6052 - val_accuracy: 0.0105 - 3s/epoch - 4ms/step
Epoch 15/100
782/782 - 3s - loss: 4.6052 - accuracy: 0.0089 - val_loss: 4.6052 - val_accuracy: 0.0100 - 3s/epoch - 4ms/step
Epoch 16/100
782/782 - 3s - loss: 4.6052 - accuracy: 0.0090 - val_loss: 4.6052 - val_accuracy: 0.0101 - 3s/epoch - 4ms/step
Epoch 17/100
782/782 - 3s - loss: 4.6052 - accuracy: 0.0090 - val_loss: 4.6052 - val_accuracy: 0.0100 - 3s/epoch - 4ms/step
Epoch 18/100
782/782 - 3s - loss: 4.6052 - accuracy: 0.0098 - val_loss: 4.6052 - val_accuracy: 0.0100 - 3s/epoch - 4ms/step
Epoch 19/100
782/782 - 3s - loss: 4.6052 - accuracy: 0.0102 - val_loss: 4.6052 - val_accuracy: 0.0100 - 3s/epoch - 4ms/step
Epoch 20/100
782/782 - 3s - loss: 4.6052 - accuracy: 0.0093 - val_loss: 4.6052 - val_accuracy: 0.0100 - 3s/epoch - 4ms/step
Epoch 21/100
782/782 - 3s - loss: 4.6052 - accuracy: 0.0094 - val_loss: 4.6052 - val_accuracy: 0.0100 - 3s/epoch - 4ms/step
Epoch 22/100
782/782 - 3s - loss: 4.6052 - accuracy: 0.0086 - val_loss: 4.6052 - val_accuracy: 0.0100 - 3s/epoch - 4ms/step
Epoch 23/100
782/782 - 3s - loss: 4.6052 - accuracy: 0.0085 - val_loss: 4.6052 - val_accuracy: 0.0100 - 3s/epoch - 4ms/step
Epoch 24/100
782/782 - 3s - loss: 4.6052 - accuracy: 0.0096 - val_loss: 4.6052 - val_accuracy: 0.0100 - 3s/epoch - 4ms/step
Epoch 25/100
782/782 - 3s - loss: 4.6052 - accuracy: 0.0095 - val_loss: 4.6052 - val_accuracy: 0.0100 - 3s/epoch - 4ms/step
Epoch 26/100
782/782 - 3s - loss: 4.6052 - accuracy: 0.0089 - val_loss: 4.6052 - val_accuracy: 0.0100 - 3s/epoch - 4ms/step
Epoch 27/100
782/782 - 3s - loss: 4.6052 - accuracy: 0.0101 - val_loss: 4.6052 - val_accuracy: 0.0100 - 3s/epoch - 4ms/step
Epoch 28/100
782/782 - 3s - loss: 4.6052 - accuracy: 0.0089 - val_loss: 4.6052 - val_accuracy: 0.0100 - 3s/epoch - 4ms/step
Epoch 29/100
782/782 - 3s - loss: 4.6052 - accuracy: 0.0092 - val_loss: 4.6052 - val_accuracy: 0.0100 - 3s/epoch - 4ms/step
Epoch 30/100
782/782 - 3s - loss: 4.6052 - accuracy: 0.0089 - val_loss: 4.6052 - val_accuracy: 0.0100 - 3s/epoch - 4ms/step
Epoch 31/100
Restoring model weights from the end of the best epoch: 1.
782/782 - 3s - loss: 4.6052 - accuracy: 0.0097 - val_loss: 4.6052 - val_accuracy: 0.0100 - 3s/epoch - 4ms/step
Epoch 31: early stopping
313/313 - 0s - loss: 4.6052 - accuracy: 0.0094 - 493ms/epoch - 2ms/step

ACCURACY: 0.009399999864399433


SCORE: -0.30258279990507964

[92m | MODULE VALUES ---------------------------------------------  |
 [0m
FLOPS: 1998600
PARAMS: 23192.0
[92m 
 | -----------------------------------------------------------  |
 [0m

--- BANANAS ITERATION 54 / 1000 ---
Chosen point: {'num_neurons': 4, 'unit_c1': 2, 'unit_c2': 5, 'dr_f': 0.3218792479303142, 'learning_rate': 0.0007337498967828059, 'batch_size': 8, 'optimizer': 'Adagrad', 'activation': 'relu', 'data_augmentation': False, 'reg_l2': True, 'skip_connection': True, 'new_fc_1': 15, 'new_fc_2': 0, 'new_fc_3': 5, 'new_fc_4': 21, 'new_fc_5': 19, 'new_fc_6': 9, 'new_fc_7': 17, 'new_fc_8': 0, 'new_fc_9': 3, 'new_fc_10': 3}
[94m
|  --> START TRAINING ITERATION 3[0m
[INFO] Flags -> DA: False, L2: True, Skip: True
Building model with input_shape=(32, 32, 3), pos_input_shape=None, layer_x_block=2
Model: "model"
__________________________________________________________________________________________________
 Layer (type)                Output Shape                 Param #   Connected to                  
==================================================================================================
 input_1 (InputLayer)        [(None, 32, 32, 3)]          0         []                            
                                                                                                  
 conv2d (Conv2D)             (None, 32, 32, 8)            224       ['input_1[0][0]']             
                                                                                                  
 activation (Activation)     (None, 32, 32, 8)            0         ['conv2d[0][0]']              
                                                                                                  
 conv2d_2 (Conv2D)           (None, 32, 32, 8)            32        ['input_1[0][0]']             
                                                                                                  
 conv2d_1 (Conv2D)           (None, 32, 32, 8)            584       ['activation[0][0]']          
                                                                                                  
 add (Add)                   (None, 32, 32, 8)            0         ['conv2d_2[0][0]',            
                                                                     'conv2d_1[0][0]']            
                                                                                                  
 activation_1 (Activation)   (None, 32, 32, 8)            0         ['add[0][0]']                 
                                                                                                  
 max_pooling2d (MaxPooling2  (None, 16, 16, 8)            0         ['activation_1[0][0]']        
 D)                                                                                               
                                                                                                  
 conv2d_3 (Conv2D)           (None, 16, 16, 20)           1460      ['max_pooling2d[0][0]']       
                                                                                                  
 activation_2 (Activation)   (None, 16, 16, 20)           0         ['conv2d_3[0][0]']            
                                                                                                  
 conv2d_5 (Conv2D)           (None, 16, 16, 20)           180       ['max_pooling2d[0][0]']       
                                                                                                  
 conv2d_4 (Conv2D)           (None, 16, 16, 20)           3620      ['activation_2[0][0]']        
                                                                                                  
 add_1 (Add)                 (None, 16, 16, 20)           0         ['conv2d_5[0][0]',            
                                                                     'conv2d_4[0][0]']            
                                                                                                  
 activation_3 (Activation)   (None, 16, 16, 20)           0         ['add_1[0][0]']               
                                                                                                  
 max_pooling2d_1 (MaxPoolin  (None, 8, 8, 20)             0         ['activation_3[0][0]']        
 g2D)                                                                                             
                                                                                                  
 flatten (Flatten)           (None, 1280)                 0         ['max_pooling2d_1[0][0]']     
                                                                                                  
 dense (Dense)               (None, 60)                   76860     ['flatten[0][0]']             
                                                                                                  
 activation_4 (Activation)   (None, 60)                   0         ['dense[0][0]']               
                                                                                                  
 dropout (Dropout)           (None, 60)                   0         ['activation_4[0][0]']        
                                                                                                  
 dense_1 (Dense)             (None, 20)                   1220      ['dropout[0][0]']             
                                                                                                  
 activation_5 (Activation)   (None, 20)                   0         ['dense_1[0][0]']             
                                                                                                  
 dropout_1 (Dropout)         (None, 20)                   0         ['activation_5[0][0]']        
                                                                                                  
 dense_2 (Dense)             (None, 84)                   1764      ['dropout_1[0][0]']           
                                                                                                  
 activation_6 (Activation)   (None, 84)                   0         ['dense_2[0][0]']             
                                                                                                  
 dropout_2 (Dropout)         (None, 84)                   0         ['activation_6[0][0]']        
                                                                                                  
 dense_3 (Dense)             (None, 76)                   6460      ['dropout_2[0][0]']           
                                                                                                  
 activation_7 (Activation)   (None, 76)                   0         ['dense_3[0][0]']             
                                                                                                  
 dropout_3 (Dropout)         (None, 76)                   0         ['activation_7[0][0]']        
                                                                                                  
 dense_4 (Dense)             (None, 36)                   2772      ['dropout_3[0][0]']           
                                                                                                  
 activation_8 (Activation)   (None, 36)                   0         ['dense_4[0][0]']             
                                                                                                  
 dropout_4 (Dropout)         (None, 36)                   0         ['activation_8[0][0]']        
                                                                                                  
 dense_5 (Dense)             (None, 68)                   2516      ['dropout_4[0][0]']           
                                                                                                  
 activation_9 (Activation)   (None, 68)                   0         ['dense_5[0][0]']             
                                                                                                  
 dropout_5 (Dropout)         (None, 68)                   0         ['activation_9[0][0]']        
                                                                                                  
 dense_6 (Dense)             (None, 12)                   828       ['dropout_5[0][0]']           
                                                                                                  
 activation_10 (Activation)  (None, 12)                   0         ['dense_6[0][0]']             
                                                                                                  
 dropout_6 (Dropout)         (None, 12)                   0         ['activation_10[0][0]']       
                                                                                                  
 dense_7 (Dense)             (None, 12)                   156       ['dropout_6[0][0]']           
                                                                                                  
 activation_11 (Activation)  (None, 12)                   0         ['dense_7[0][0]']             
                                                                                                  
 dropout_7 (Dropout)         (None, 12)                   0         ['activation_11[0][0]']       
                                                                                                  
 dense_8 (Dense)             (None, 100)                  1300      ['dropout_7[0][0]']           
                                                                                                  
==================================================================================================
Total params: 99976 (390.53 KB)
Trainable params: 99976 (390.53 KB)
Non-trainable params: 0 (0.00 Byte)
__________________________________________________________________________________________________
Epoch 1/100
6250/6250 - 23s - loss: 8.1953 - accuracy: 0.0092 - val_loss: 7.4413 - val_accuracy: 0.0103 - 23s/epoch - 4ms/step
Epoch 2/100
6250/6250 - 20s - loss: 6.9318 - accuracy: 0.0094 - val_loss: 6.5039 - val_accuracy: 0.0100 - 20s/epoch - 3ms/step
Epoch 3/100
6250/6250 - 20s - loss: 6.1957 - accuracy: 0.0096 - val_loss: 5.9314 - val_accuracy: 0.0100 - 20s/epoch - 3ms/step
Epoch 4/100
6250/6250 - 20s - loss: 5.7347 - accuracy: 0.0097 - val_loss: 5.5638 - val_accuracy: 0.0100 - 20s/epoch - 3ms/step
Epoch 5/100
6250/6250 - 20s - loss: 5.4335 - accuracy: 0.0099 - val_loss: 5.3190 - val_accuracy: 0.0100 - 20s/epoch - 3ms/step
Epoch 6/100
6250/6250 - 20s - loss: 5.2300 - accuracy: 0.0099 - val_loss: 5.1512 - val_accuracy: 0.0100 - 20s/epoch - 3ms/step
Epoch 7/100
6250/6250 - 20s - loss: 5.0887 - accuracy: 0.0096 - val_loss: 5.0329 - val_accuracy: 0.0100 - 20s/epoch - 3ms/step
Epoch 8/100
6250/6250 - 20s - loss: 4.9880 - accuracy: 0.0100 - val_loss: 4.9475 - val_accuracy: 0.0100 - 20s/epoch - 3ms/step
Epoch 9/100
6250/6250 - 20s - loss: 4.9144 - accuracy: 0.0096 - val_loss: 4.8844 - val_accuracy: 0.0100 - 20s/epoch - 3ms/step
Epoch 10/100
6250/6250 - 20s - loss: 4.8594 - accuracy: 0.0096 - val_loss: 4.8367 - val_accuracy: 0.0100 - 20s/epoch - 3ms/step
Epoch 11/100
6250/6250 - 20s - loss: 4.8175 - accuracy: 0.0100 - val_loss: 4.7999 - val_accuracy: 0.0100 - 20s/epoch - 3ms/step
Epoch 12/100
6250/6250 - 20s - loss: 4.7848 - accuracy: 0.0098 - val_loss: 4.7709 - val_accuracy: 0.0100 - 20s/epoch - 3ms/step
Epoch 13/100
6250/6250 - 20s - loss: 4.7590 - accuracy: 0.0098 - val_loss: 4.7478 - val_accuracy: 0.0100 - 20s/epoch - 3ms/step
Epoch 14/100
6250/6250 - 20s - loss: 4.7381 - accuracy: 0.0098 - val_loss: 4.7290 - val_accuracy: 0.0100 - 20s/epoch - 3ms/step
Epoch 15/100
6250/6250 - 20s - loss: 4.7210 - accuracy: 0.0099 - val_loss: 4.7135 - val_accuracy: 0.0100 - 20s/epoch - 3ms/step
Epoch 16/100
6250/6250 - 20s - loss: 4.7068 - accuracy: 0.0100 - val_loss: 4.7005 - val_accuracy: 0.0100 - 20s/epoch - 3ms/step
Epoch 17/100
6250/6250 - 20s - loss: 4.6949 - accuracy: 0.0100 - val_loss: 4.6896 - val_accuracy: 0.0100 - 20s/epoch - 3ms/step
Epoch 18/100
6250/6250 - 20s - loss: 4.6848 - accuracy: 0.0098 - val_loss: 4.6803 - val_accuracy: 0.0100 - 20s/epoch - 3ms/step
Epoch 19/100
6250/6250 - 20s - loss: 4.6762 - accuracy: 0.0100 - val_loss: 4.6722 - val_accuracy: 0.0100 - 20s/epoch - 3ms/step
Epoch 20/100
6250/6250 - 20s - loss: 4.6687 - accuracy: 0.0100 - val_loss: 4.6653 - val_accuracy: 0.0100 - 20s/epoch - 3ms/step
Epoch 21/100
6250/6250 - 20s - loss: 4.6622 - accuracy: 0.0100 - val_loss: 4.6592 - val_accuracy: 0.0100 - 20s/epoch - 3ms/step
Epoch 22/100
6250/6250 - 20s - loss: 4.6565 - accuracy: 0.0099 - val_loss: 4.6539 - val_accuracy: 0.0100 - 20s/epoch - 3ms/step
Epoch 23/100
6250/6250 - 20s - loss: 4.6515 - accuracy: 0.0097 - val_loss: 4.6492 - val_accuracy: 0.0100 - 20s/epoch - 3ms/step
Epoch 24/100
6250/6250 - 20s - loss: 4.6470 - accuracy: 0.0100 - val_loss: 4.6450 - val_accuracy: 0.0100 - 20s/epoch - 3ms/step
Epoch 25/100
6250/6250 - 20s - loss: 4.6431 - accuracy: 0.0100 - val_loss: 4.6413 - val_accuracy: 0.0100 - 20s/epoch - 3ms/step
Epoch 26/100
6250/6250 - 20s - loss: 4.6396 - accuracy: 0.0100 - val_loss: 4.6380 - val_accuracy: 0.0100 - 20s/epoch - 3ms/step
Epoch 27/100
6250/6250 - 20s - loss: 4.6364 - accuracy: 0.0100 - val_loss: 4.6350 - val_accuracy: 0.0100 - 20s/epoch - 3ms/step
Epoch 28/100
6250/6250 - 20s - loss: 4.6336 - accuracy: 0.0099 - val_loss: 4.6323 - val_accuracy: 0.0100 - 20s/epoch - 3ms/step
Epoch 29/100
6250/6250 - 20s - loss: 4.6312 - accuracy: 0.0100 - val_loss: 4.6299 - val_accuracy: 0.0100 - 20s/epoch - 3ms/step
Epoch 30/100
6250/6250 - 20s - loss: 4.6289 - accuracy: 0.0099 - val_loss: 4.6277 - val_accuracy: 0.0100 - 20s/epoch - 3ms/step
Epoch 31/100
Restoring model weights from the end of the best epoch: 1.
6250/6250 - 20s - loss: 4.6269 - accuracy: 0.0099 - val_loss: 4.6258 - val_accuracy: 0.0100 - 20s/epoch - 3ms/step
Epoch 31: early stopping
313/313 - 1s - loss: 7.4413 - accuracy: 0.0103 - 807ms/epoch - 3ms/step

ACCURACY: 0.010300000198185444


SCORE: -0.2980341761387298

[92m | MODULE VALUES ---------------------------------------------  |
 [0m
FLOPS: 4587912
PARAMS: 99976.0
[92m 
 | -----------------------------------------------------------  |
 [0m

--- BANANAS ITERATION 55 / 1000 ---
Chosen point: {'num_neurons': 8, 'unit_c1': 2, 'unit_c2': 1, 'dr_f': 0.472866248319174, 'learning_rate': 0.0002615427951119427, 'batch_size': 64, 'optimizer': 'Adam', 'activation': 'elu', 'data_augmentation': False, 'reg_l2': False, 'skip_connection': True, 'new_fc_1': 2, 'new_fc_2': 4, 'new_fc_3': 2, 'new_fc_4': 10, 'new_fc_5': 0, 'new_fc_6': 10, 'new_fc_7': 2, 'new_fc_8': 28, 'new_fc_9': 17, 'new_fc_10': 1}
[94m
|  --> START TRAINING ITERATION 4[0m
[INFO] Flags -> DA: False, L2: False, Skip: True
Building model with input_shape=(32, 32, 3), pos_input_shape=None, layer_x_block=2
Model: "model"
__________________________________________________________________________________________________
 Layer (type)                Output Shape                 Param #   Connected to                  
==================================================================================================
 input_1 (InputLayer)        [(None, 32, 32, 3)]          0         []                            
                                                                                                  
 conv2d (Conv2D)             (None, 32, 32, 16)           448       ['input_1[0][0]']             
                                                                                                  
 activation (Activation)     (None, 32, 32, 16)           0         ['conv2d[0][0]']              
                                                                                                  
 conv2d_2 (Conv2D)           (None, 32, 32, 16)           64        ['input_1[0][0]']             
                                                                                                  
 conv2d_1 (Conv2D)           (None, 32, 32, 16)           2320      ['activation[0][0]']          
                                                                                                  
 add (Add)                   (None, 32, 32, 16)           0         ['conv2d_2[0][0]',            
                                                                     'conv2d_1[0][0]']            
                                                                                                  
 activation_1 (Activation)   (None, 32, 32, 16)           0         ['add[0][0]']                 
                                                                                                  
 max_pooling2d (MaxPooling2  (None, 16, 16, 16)           0         ['activation_1[0][0]']        
 D)                                                                                               
                                                                                                  
 conv2d_3 (Conv2D)           (None, 16, 16, 8)            1160      ['max_pooling2d[0][0]']       
                                                                                                  
 activation_2 (Activation)   (None, 16, 16, 8)            0         ['conv2d_3[0][0]']            
                                                                                                  
 conv2d_5 (Conv2D)           (None, 16, 16, 8)            136       ['max_pooling2d[0][0]']       
                                                                                                  
 conv2d_4 (Conv2D)           (None, 16, 16, 8)            584       ['activation_2[0][0]']        
                                                                                                  
 add_1 (Add)                 (None, 16, 16, 8)            0         ['conv2d_5[0][0]',            
                                                                     'conv2d_4[0][0]']            
                                                                                                  
 activation_3 (Activation)   (None, 16, 16, 8)            0         ['add_1[0][0]']               
                                                                                                  
 max_pooling2d_1 (MaxPoolin  (None, 8, 8, 8)              0         ['activation_3[0][0]']        
 g2D)                                                                                             
                                                                                                  
 flatten (Flatten)           (None, 512)                  0         ['max_pooling2d_1[0][0]']     
                                                                                                  
 dense (Dense)               (None, 16)                   8208      ['flatten[0][0]']             
                                                                                                  
 activation_4 (Activation)   (None, 16)                   0         ['dense[0][0]']               
                                                                                                  
 dropout (Dropout)           (None, 16)                   0         ['activation_4[0][0]']        
                                                                                                  
 dense_1 (Dense)             (None, 32)                   544       ['dropout[0][0]']             
                                                                                                  
 activation_5 (Activation)   (None, 32)                   0         ['dense_1[0][0]']             
                                                                                                  
 dropout_1 (Dropout)         (None, 32)                   0         ['activation_5[0][0]']        
                                                                                                  
 dense_2 (Dense)             (None, 16)                   528       ['dropout_1[0][0]']           
                                                                                                  
 activation_6 (Activation)   (None, 16)                   0         ['dense_2[0][0]']             
                                                                                                  
 dropout_2 (Dropout)         (None, 16)                   0         ['activation_6[0][0]']        
                                                                                                  
 dense_3 (Dense)             (None, 80)                   1360      ['dropout_2[0][0]']           
                                                                                                  
 activation_7 (Activation)   (None, 80)                   0         ['dense_3[0][0]']             
                                                                                                  
 dropout_3 (Dropout)         (None, 80)                   0         ['activation_7[0][0]']        
                                                                                                  
 dense_4 (Dense)             (None, 80)                   6480      ['dropout_3[0][0]']           
                                                                                                  
 activation_8 (Activation)   (None, 80)                   0         ['dense_4[0][0]']             
                                                                                                  
 dropout_4 (Dropout)         (None, 80)                   0         ['activation_8[0][0]']        
                                                                                                  
 dense_5 (Dense)             (None, 16)                   1296      ['dropout_4[0][0]']           
                                                                                                  
 activation_9 (Activation)   (None, 16)                   0         ['dense_5[0][0]']             
                                                                                                  
 dropout_5 (Dropout)         (None, 16)                   0         ['activation_9[0][0]']        
                                                                                                  
 dense_6 (Dense)             (None, 224)                  3808      ['dropout_5[0][0]']           
                                                                                                  
 activation_10 (Activation)  (None, 224)                  0         ['dense_6[0][0]']             
                                                                                                  
 dropout_6 (Dropout)         (None, 224)                  0         ['activation_10[0][0]']       
                                                                                                  
 dense_7 (Dense)             (None, 136)                  30600     ['dropout_6[0][0]']           
                                                                                                  
 activation_11 (Activation)  (None, 136)                  0         ['dense_7[0][0]']             
                                                                                                  
 dropout_7 (Dropout)         (None, 136)                  0         ['activation_11[0][0]']       
                                                                                                  
 dense_8 (Dense)             (None, 8)                    1096      ['dropout_7[0][0]']           
                                                                                                  
 activation_12 (Activation)  (None, 8)                    0         ['dense_8[0][0]']             
                                                                                                  
 dropout_8 (Dropout)         (None, 8)                    0         ['activation_12[0][0]']       
                                                                                                  
 dense_9 (Dense)             (None, 100)                  900       ['dropout_8[0][0]']           
                                                                                                  
==================================================================================================
Total params: 59532 (232.55 KB)
Trainable params: 59532 (232.55 KB)
Non-trainable params: 0 (0.00 Byte)
__________________________________________________________________________________________________
Epoch 1/100
782/782 - 7s - loss: 4.6201 - accuracy: 0.0098 - val_loss: 4.6051 - val_accuracy: 0.0097 - 7s/epoch - 10ms/step
Epoch 2/100
782/782 - 3s - loss: 4.6111 - accuracy: 0.0101 - val_loss: 4.6051 - val_accuracy: 0.0095 - 3s/epoch - 4ms/step
Epoch 3/100
782/782 - 3s - loss: 4.6088 - accuracy: 0.0096 - val_loss: 4.6051 - val_accuracy: 0.0101 - 3s/epoch - 4ms/step
Epoch 4/100
782/782 - 3s - loss: 4.6076 - accuracy: 0.0103 - val_loss: 4.6050 - val_accuracy: 0.0100 - 3s/epoch - 4ms/step
Epoch 5/100
782/782 - 3s - loss: 4.6072 - accuracy: 0.0099 - val_loss: 4.6049 - val_accuracy: 0.0111 - 3s/epoch - 4ms/step
Epoch 6/100
782/782 - 3s - loss: 4.6074 - accuracy: 0.0105 - val_loss: 4.6046 - val_accuracy: 0.0090 - 3s/epoch - 4ms/step
Epoch 7/100
782/782 - 3s - loss: 4.6057 - accuracy: 0.0102 - val_loss: 4.5937 - val_accuracy: 0.0192 - 3s/epoch - 4ms/step
Epoch 8/100
782/782 - 3s - loss: 4.5551 - accuracy: 0.0166 - val_loss: 4.4341 - val_accuracy: 0.0197 - 3s/epoch - 4ms/step
Epoch 9/100
782/782 - 3s - loss: 4.4799 - accuracy: 0.0189 - val_loss: 4.3824 - val_accuracy: 0.0234 - 3s/epoch - 4ms/step
Epoch 10/100
782/782 - 3s - loss: 4.4378 - accuracy: 0.0202 - val_loss: 4.3426 - val_accuracy: 0.0250 - 3s/epoch - 4ms/step
Epoch 11/100
782/782 - 3s - loss: 4.4078 - accuracy: 0.0217 - val_loss: 4.3248 - val_accuracy: 0.0261 - 3s/epoch - 4ms/step
Epoch 12/100
782/782 - 3s - loss: 4.3798 - accuracy: 0.0231 - val_loss: 4.2918 - val_accuracy: 0.0310 - 3s/epoch - 4ms/step
Epoch 13/100
782/782 - 3s - loss: 4.3559 - accuracy: 0.0247 - val_loss: 4.2658 - val_accuracy: 0.0308 - 3s/epoch - 4ms/step
Epoch 14/100
782/782 - 3s - loss: 4.3464 - accuracy: 0.0243 - val_loss: 4.2466 - val_accuracy: 0.0325 - 3s/epoch - 4ms/step
Epoch 15/100
782/782 - 3s - loss: 4.3272 - accuracy: 0.0259 - val_loss: 4.2307 - val_accuracy: 0.0352 - 3s/epoch - 4ms/step
Epoch 16/100
782/782 - 3s - loss: 4.3194 - accuracy: 0.0256 - val_loss: 4.2139 - val_accuracy: 0.0353 - 3s/epoch - 4ms/step
Epoch 17/100
782/782 - 3s - loss: 4.3084 - accuracy: 0.0259 - val_loss: 4.2110 - val_accuracy: 0.0334 - 3s/epoch - 4ms/step
Epoch 18/100
782/782 - 3s - loss: 4.2996 - accuracy: 0.0285 - val_loss: 4.1857 - val_accuracy: 0.0373 - 3s/epoch - 4ms/step
Epoch 19/100
782/782 - 3s - loss: 4.2902 - accuracy: 0.0269 - val_loss: 4.1832 - val_accuracy: 0.0379 - 3s/epoch - 4ms/step
Epoch 20/100
782/782 - 3s - loss: 4.2793 - accuracy: 0.0287 - val_loss: 4.1795 - val_accuracy: 0.0388 - 3s/epoch - 4ms/step
Epoch 21/100
782/782 - 3s - loss: 4.2734 - accuracy: 0.0289 - val_loss: 4.1640 - val_accuracy: 0.0386 - 3s/epoch - 4ms/step
Epoch 22/100
782/782 - 3s - loss: 4.2689 - accuracy: 0.0282 - val_loss: 4.1692 - val_accuracy: 0.0369 - 3s/epoch - 4ms/step
Epoch 23/100
782/782 - 3s - loss: 4.2607 - accuracy: 0.0298 - val_loss: 4.1597 - val_accuracy: 0.0398 - 3s/epoch - 4ms/step
Epoch 24/100
782/782 - 3s - loss: 4.2588 - accuracy: 0.0287 - val_loss: 4.1602 - val_accuracy: 0.0356 - 3s/epoch - 4ms/step
Epoch 25/100
782/782 - 3s - loss: 4.2525 - accuracy: 0.0294 - val_loss: 4.1589 - val_accuracy: 0.0374 - 3s/epoch - 4ms/step
Epoch 26/100
782/782 - 3s - loss: 4.2445 - accuracy: 0.0300 - val_loss: 4.1603 - val_accuracy: 0.0364 - 3s/epoch - 4ms/step
Epoch 27/100
782/782 - 3s - loss: 4.2457 - accuracy: 0.0302 - val_loss: 4.1730 - val_accuracy: 0.0371 - 3s/epoch - 4ms/step
Epoch 28/100
782/782 - 3s - loss: 4.2371 - accuracy: 0.0307 - val_loss: 4.1600 - val_accuracy: 0.0366 - 3s/epoch - 4ms/step
Epoch 29/100
782/782 - 3s - loss: 4.2366 - accuracy: 0.0300 - val_loss: 4.1658 - val_accuracy: 0.0366 - 3s/epoch - 4ms/step
Epoch 30/100
782/782 - 3s - loss: 4.2283 - accuracy: 0.0315 - val_loss: 4.1424 - val_accuracy: 0.0390 - 3s/epoch - 4ms/step
Epoch 31/100
782/782 - 3s - loss: 4.2249 - accuracy: 0.0300 - val_loss: 4.1514 - val_accuracy: 0.0392 - 3s/epoch - 4ms/step
Epoch 32/100
782/782 - 3s - loss: 4.2247 - accuracy: 0.0294 - val_loss: 4.1457 - val_accuracy: 0.0396 - 3s/epoch - 4ms/step
Epoch 33/100
782/782 - 3s - loss: 4.2137 - accuracy: 0.0302 - val_loss: 4.1469 - val_accuracy: 0.0383 - 3s/epoch - 4ms/step
Epoch 34/100
782/782 - 3s - loss: 4.2140 - accuracy: 0.0311 - val_loss: 4.1368 - val_accuracy: 0.0371 - 3s/epoch - 4ms/step
Epoch 35/100
782/782 - 3s - loss: 4.2137 - accuracy: 0.0311 - val_loss: 4.1504 - val_accuracy: 0.0361 - 3s/epoch - 4ms/step
Epoch 36/100
782/782 - 3s - loss: 4.2101 - accuracy: 0.0313 - val_loss: 4.1332 - val_accuracy: 0.0415 - 3s/epoch - 4ms/step
Epoch 37/100
782/782 - 3s - loss: 4.2083 - accuracy: 0.0295 - val_loss: 4.1496 - val_accuracy: 0.0358 - 3s/epoch - 4ms/step
Epoch 38/100
782/782 - 3s - loss: 4.2002 - accuracy: 0.0309 - val_loss: 4.1464 - val_accuracy: 0.0363 - 3s/epoch - 4ms/step
Epoch 39/100
782/782 - 3s - loss: 4.2007 - accuracy: 0.0304 - val_loss: 4.1360 - val_accuracy: 0.0351 - 3s/epoch - 4ms/step
Epoch 40/100
782/782 - 3s - loss: 4.2008 - accuracy: 0.0303 - val_loss: 4.1253 - val_accuracy: 0.0398 - 3s/epoch - 4ms/step
Epoch 41/100
782/782 - 3s - loss: 4.1907 - accuracy: 0.0317 - val_loss: 4.1339 - val_accuracy: 0.0368 - 3s/epoch - 4ms/step
Epoch 42/100
782/782 - 3s - loss: 4.1919 - accuracy: 0.0314 - val_loss: 4.1295 - val_accuracy: 0.0360 - 3s/epoch - 4ms/step
Epoch 43/100
782/782 - 3s - loss: 4.1909 - accuracy: 0.0317 - val_loss: 4.1206 - val_accuracy: 0.0415 - 3s/epoch - 4ms/step
Epoch 44/100
782/782 - 3s - loss: 4.1893 - accuracy: 0.0298 - val_loss: 4.1057 - val_accuracy: 0.0392 - 3s/epoch - 4ms/step
Epoch 45/100
782/782 - 3s - loss: 4.1857 - accuracy: 0.0324 - val_loss: 4.1257 - val_accuracy: 0.0364 - 3s/epoch - 4ms/step
Epoch 46/100
782/782 - 3s - loss: 4.1852 - accuracy: 0.0325 - val_loss: 4.1097 - val_accuracy: 0.0409 - 3s/epoch - 4ms/step
Epoch 47/100
782/782 - 3s - loss: 4.1813 - accuracy: 0.0309 - val_loss: 4.1079 - val_accuracy: 0.0397 - 3s/epoch - 4ms/step
Epoch 48/100
Restoring model weights from the end of the best epoch: 18.
782/782 - 3s - loss: 4.1804 - accuracy: 0.0314 - val_loss: 4.1171 - val_accuracy: 0.0353 - 3s/epoch - 4ms/step
Epoch 48: early stopping
313/313 - 1s - loss: 4.1857 - accuracy: 0.0374 - 748ms/epoch - 2ms/step

ACCURACY: 0.03739999979734421


SCORE: -0.3124730078581409

[92m | MODULE VALUES ---------------------------------------------  |
 [0m
FLOPS: 6853496
PARAMS: 59532.0
[92m 
 | -----------------------------------------------------------  |
 [0m
[INFO] New Best Score: -0.3125 (Previous: -0.3054)

--- BANANAS ITERATION 56 / 1000 ---
Chosen point: {'num_neurons': 4, 'unit_c1': 2, 'unit_c2': 8, 'dr_f': 0.47173423688868965, 'learning_rate': 0.0003551266909591557, 'batch_size': 8, 'optimizer': 'Adadelta', 'activation': 'elu', 'data_augmentation': True, 'reg_l2': False, 'skip_connection': True, 'new_fc_1': 12, 'new_fc_2': 21, 'new_fc_3': 1, 'new_fc_4': 21, 'new_fc_5': 28, 'new_fc_6': 31, 'new_fc_7': 26, 'new_fc_8': 31, 'new_fc_9': 4, 'new_fc_10': 2}
[94m
|  --> START TRAINING ITERATION 5[0m
[INFO] Flags -> DA: True, L2: False, Skip: True
Building model with input_shape=(32, 32, 3), pos_input_shape=None, layer_x_block=2
Model: "model"
__________________________________________________________________________________________________
 Layer (type)                Output Shape                 Param #   Connected to                  
==================================================================================================
 input_2 (InputLayer)        [(None, 32, 32, 3)]          0         []                            
                                                                                                  
 conv2d (Conv2D)             (None, 32, 32, 8)            224       ['input_2[0][0]']             
                                                                                                  
 activation (Activation)     (None, 32, 32, 8)            0         ['conv2d[1][0]']              
                                                                                                  
 conv2d_2 (Conv2D)           (None, 32, 32, 8)            32        ['input_2[0][0]']             
                                                                                                  
 conv2d_1 (Conv2D)           (None, 32, 32, 8)            584       ['activation[1][0]']          
                                                                                                  
 add (Add)                   (None, 32, 32, 8)            0         ['conv2d_2[1][0]',            
                                                                     'conv2d_1[1][0]']            
                                                                                                  
 activation_1 (Activation)   (None, 32, 32, 8)            0         ['add[1][0]']                 
                                                                                                  
 max_pooling2d (MaxPooling2  (None, 16, 16, 8)            0         ['activation_1[1][0]']        
 D)                                                                                               
                                                                                                  
 conv2d_3 (Conv2D)           (None, 16, 16, 32)           2336      ['max_pooling2d[1][0]']       
                                                                                                  
 activation_2 (Activation)   (None, 16, 16, 32)           0         ['conv2d_3[1][0]']            
                                                                                                  
 conv2d_5 (Conv2D)           (None, 16, 16, 32)           288       ['max_pooling2d[1][0]']       
                                                                                                  
 conv2d_4 (Conv2D)           (None, 16, 16, 32)           9248      ['activation_2[1][0]']        
                                                                                                  
 add_1 (Add)                 (None, 16, 16, 32)           0         ['conv2d_5[1][0]',            
                                                                     'conv2d_4[1][0]']            
                                                                                                  
 activation_3 (Activation)   (None, 16, 16, 32)           0         ['add_1[1][0]']               
                                                                                                  
 max_pooling2d_1 (MaxPoolin  (None, 8, 8, 32)             0         ['activation_3[1][0]']        
 g2D)                                                                                             
                                                                                                  
 flatten (Flatten)           (None, 2048)                 0         ['max_pooling2d_1[1][0]']     
                                                                                                  
 dense (Dense)               (None, 48)                   98352     ['flatten[1][0]']             
                                                                                                  
 activation_4 (Activation)   (None, 48)                   0         ['dense[1][0]']               
                                                                                                  
 dropout (Dropout)           (None, 48)                   0         ['activation_4[1][0]']        
                                                                                                  
 dense_1 (Dense)             (None, 84)                   4116      ['dropout[1][0]']             
                                                                                                  
 activation_5 (Activation)   (None, 84)                   0         ['dense_1[1][0]']             
                                                                                                  
 dropout_1 (Dropout)         (None, 84)                   0         ['activation_5[1][0]']        
                                                                                                  
 dense_2 (Dense)             (None, 4)                    340       ['dropout_1[1][0]']           
                                                                                                  
 activation_6 (Activation)   (None, 4)                    0         ['dense_2[1][0]']             
                                                                                                  
 dropout_2 (Dropout)         (None, 4)                    0         ['activation_6[1][0]']        
                                                                                                  
 dense_3 (Dense)             (None, 84)                   420       ['dropout_2[1][0]']           
                                                                                                  
 activation_7 (Activation)   (None, 84)                   0         ['dense_3[1][0]']             
                                                                                                  
 dropout_3 (Dropout)         (None, 84)                   0         ['activation_7[1][0]']        
                                                                                                  
 dense_4 (Dense)             (None, 112)                  9520      ['dropout_3[1][0]']           
                                                                                                  
 activation_8 (Activation)   (None, 112)                  0         ['dense_4[1][0]']             
                                                                                                  
 dropout_4 (Dropout)         (None, 112)                  0         ['activation_8[1][0]']        
                                                                                                  
 dense_5 (Dense)             (None, 124)                  14012     ['dropout_4[1][0]']           
                                                                                                  
 activation_9 (Activation)   (None, 124)                  0         ['dense_5[1][0]']             
                                                                                                  
 dropout_5 (Dropout)         (None, 124)                  0         ['activation_9[1][0]']        
                                                                                                  
 dense_6 (Dense)             (None, 104)                  13000     ['dropout_5[1][0]']           
                                                                                                  
 activation_10 (Activation)  (None, 104)                  0         ['dense_6[1][0]']             
                                                                                                  
 dropout_6 (Dropout)         (None, 104)                  0         ['activation_10[1][0]']       
                                                                                                  
 dense_7 (Dense)             (None, 124)                  13020     ['dropout_6[1][0]']           
                                                                                                  
 activation_11 (Activation)  (None, 124)                  0         ['dense_7[1][0]']             
                                                                                                  
 dropout_7 (Dropout)         (None, 124)                  0         ['activation_11[1][0]']       
                                                                                                  
 dense_8 (Dense)             (None, 16)                   2000      ['dropout_7[1][0]']           
                                                                                                  
 activation_12 (Activation)  (None, 16)                   0         ['dense_8[1][0]']             
                                                                                                  
 dropout_8 (Dropout)         (None, 16)                   0         ['activation_12[1][0]']       
                                                                                                  
 dense_9 (Dense)             (None, 8)                    136       ['dropout_8[1][0]']           
                                                                                                  
 activation_13 (Activation)  (None, 8)                    0         ['dense_9[1][0]']             
                                                                                                  
 dropout_9 (Dropout)         (None, 8)                    0         ['activation_13[1][0]']       
                                                                                                  
 dense_10 (Dense)            (None, 100)                  900       ['dropout_9[1][0]']           
                                                                                                  
==================================================================================================
Total params: 168528 (658.31 KB)
Trainable params: 168528 (658.31 KB)
Non-trainable params: 0 (0.00 Byte)
__________________________________________________________________________________________________
Epoch 1/100
6250/6250 - 23s - loss: 4.6734 - accuracy: 0.0104 - val_loss: 4.6055 - val_accuracy: 0.0101 - 23s/epoch - 4ms/step
Epoch 2/100
6250/6250 - 21s - loss: 4.6626 - accuracy: 0.0097 - val_loss: 4.6054 - val_accuracy: 0.0097 - 21s/epoch - 3ms/step
Epoch 3/100
6250/6250 - 21s - loss: 4.6580 - accuracy: 0.0104 - val_loss: 4.6054 - val_accuracy: 0.0111 - 21s/epoch - 3ms/step
Epoch 4/100
6250/6250 - 21s - loss: 4.6534 - accuracy: 0.0101 - val_loss: 4.6054 - val_accuracy: 0.0113 - 21s/epoch - 3ms/step
Epoch 5/100
6250/6250 - 21s - loss: 4.6509 - accuracy: 0.0101 - val_loss: 4.6054 - val_accuracy: 0.0093 - 21s/epoch - 3ms/step
Epoch 6/100
6250/6250 - 21s - loss: 4.6453 - accuracy: 0.0099 - val_loss: 4.6054 - val_accuracy: 0.0089 - 21s/epoch - 3ms/step
Epoch 7/100
6250/6250 - 21s - loss: 4.6445 - accuracy: 0.0107 - val_loss: 4.6053 - val_accuracy: 0.0092 - 21s/epoch - 3ms/step
Epoch 8/100
6250/6250 - 21s - loss: 4.6422 - accuracy: 0.0098 - val_loss: 4.6053 - val_accuracy: 0.0082 - 21s/epoch - 3ms/step
Epoch 9/100
6250/6250 - 21s - loss: 4.6375 - accuracy: 0.0105 - val_loss: 4.6053 - val_accuracy: 0.0077 - 21s/epoch - 3ms/step
Epoch 10/100
6250/6250 - 21s - loss: 4.6378 - accuracy: 0.0099 - val_loss: 4.6053 - val_accuracy: 0.0084 - 21s/epoch - 3ms/step
Epoch 11/100
6250/6250 - 21s - loss: 4.6379 - accuracy: 0.0101 - val_loss: 4.6053 - val_accuracy: 0.0085 - 21s/epoch - 3ms/step
Epoch 12/100
6250/6250 - 21s - loss: 4.6340 - accuracy: 0.0097 - val_loss: 4.6053 - val_accuracy: 0.0091 - 21s/epoch - 3ms/step
Epoch 13/100
6250/6250 - 21s - loss: 4.6344 - accuracy: 0.0105 - val_loss: 4.6053 - val_accuracy: 0.0081 - 21s/epoch - 3ms/step
Epoch 14/100
6250/6250 - 21s - loss: 4.6349 - accuracy: 0.0104 - val_loss: 4.6053 - val_accuracy: 0.0085 - 21s/epoch - 3ms/step
Epoch 15/100
6250/6250 - 21s - loss: 4.6323 - accuracy: 0.0104 - val_loss: 4.6053 - val_accuracy: 0.0085 - 21s/epoch - 3ms/step
Epoch 16/100
6250/6250 - 21s - loss: 4.6315 - accuracy: 0.0105 - val_loss: 4.6053 - val_accuracy: 0.0082 - 21s/epoch - 3ms/step
Epoch 17/100
6250/6250 - 21s - loss: 4.6295 - accuracy: 0.0099 - val_loss: 4.6053 - val_accuracy: 0.0088 - 21s/epoch - 3ms/step
Epoch 18/100
6250/6250 - 21s - loss: 4.6302 - accuracy: 0.0096 - val_loss: 4.6053 - val_accuracy: 0.0091 - 21s/epoch - 3ms/step
Epoch 19/100
6250/6250 - 21s - loss: 4.6300 - accuracy: 0.0099 - val_loss: 4.6053 - val_accuracy: 0.0086 - 21s/epoch - 3ms/step
Epoch 20/100
6250/6250 - 21s - loss: 4.6289 - accuracy: 0.0107 - val_loss: 4.6053 - val_accuracy: 0.0080 - 21s/epoch - 3ms/step
Epoch 21/100
6250/6250 - 21s - loss: 4.6288 - accuracy: 0.0100 - val_loss: 4.6053 - val_accuracy: 0.0086 - 21s/epoch - 3ms/step
Epoch 22/100
6250/6250 - 21s - loss: 4.6291 - accuracy: 0.0095 - val_loss: 4.6053 - val_accuracy: 0.0079 - 21s/epoch - 3ms/step
Epoch 23/100
6250/6250 - 21s - loss: 4.6265 - accuracy: 0.0093 - val_loss: 4.6053 - val_accuracy: 0.0079 - 21s/epoch - 3ms/step
Epoch 24/100
6250/6250 - 21s - loss: 4.6289 - accuracy: 0.0102 - val_loss: 4.6053 - val_accuracy: 0.0077 - 21s/epoch - 3ms/step
Epoch 25/100
6250/6250 - 21s - loss: 4.6292 - accuracy: 0.0096 - val_loss: 4.6053 - val_accuracy: 0.0078 - 21s/epoch - 3ms/step
Epoch 26/100
6250/6250 - 21s - loss: 4.6282 - accuracy: 0.0103 - val_loss: 4.6053 - val_accuracy: 0.0076 - 21s/epoch - 3ms/step
Epoch 27/100
6250/6250 - 21s - loss: 4.6267 - accuracy: 0.0105 - val_loss: 4.6053 - val_accuracy: 0.0079 - 21s/epoch - 3ms/step
Epoch 28/100
6250/6250 - 21s - loss: 4.6280 - accuracy: 0.0098 - val_loss: 4.6053 - val_accuracy: 0.0086 - 21s/epoch - 3ms/step
Epoch 29/100
6250/6250 - 21s - loss: 4.6265 - accuracy: 0.0102 - val_loss: 4.6053 - val_accuracy: 0.0077 - 21s/epoch - 3ms/step
Epoch 30/100
6250/6250 - 21s - loss: 4.6279 - accuracy: 0.0093 - val_loss: 4.6053 - val_accuracy: 0.0080 - 21s/epoch - 3ms/step
Epoch 31/100
Restoring model weights from the end of the best epoch: 1.
6250/6250 - 21s - loss: 4.6273 - accuracy: 0.0097 - val_loss: 4.6053 - val_accuracy: 0.0074 - 21s/epoch - 3ms/step
Epoch 31: early stopping
313/313 - 1s - loss: 4.6055 - accuracy: 0.0101 - 850ms/epoch - 3ms/step

ACCURACY: 0.010099999606609344


SCORE: -0.2908825517246265

[92m | MODULE VALUES ---------------------------------------------  |
 [0m
FLOPS: 8093724
PARAMS: 168528.0
[92m 
 | -----------------------------------------------------------  |
 [0m

--- BANANAS ITERATION 57 / 1000 ---
Chosen point: {'num_neurons': 8, 'unit_c1': 3, 'unit_c2': 3, 'dr_f': 0.2641169538698629, 'learning_rate': 0.0005591198738274883, 'batch_size': 8, 'optimizer': 'Adam', 'activation': 'selu', 'data_augmentation': True, 'reg_l2': False, 'skip_connection': True, 'new_fc_1': 0, 'new_fc_2': 27, 'new_fc_3': 13, 'new_fc_4': 26, 'new_fc_5': 13, 'new_fc_6': 3, 'new_fc_7': 22, 'new_fc_8': 31, 'new_fc_9': 28, 'new_fc_10': 28}
[94m
|  --> START TRAINING ITERATION 6[0m
[INFO] Flags -> DA: True, L2: False, Skip: True
Building model with input_shape=(32, 32, 3), pos_input_shape=None, layer_x_block=2
Model: "model"
__________________________________________________________________________________________________
 Layer (type)                Output Shape                 Param #   Connected to                  
==================================================================================================
 input_2 (InputLayer)        [(None, 32, 32, 3)]          0         []                            
                                                                                                  
 conv2d (Conv2D)             (None, 32, 32, 24)           672       ['input_2[0][0]']             
                                                                                                  
 activation (Activation)     (None, 32, 32, 24)           0         ['conv2d[1][0]']              
                                                                                                  
 conv2d_2 (Conv2D)           (None, 32, 32, 24)           96        ['input_2[0][0]']             
                                                                                                  
 conv2d_1 (Conv2D)           (None, 32, 32, 24)           5208      ['activation[1][0]']          
                                                                                                  
 add (Add)                   (None, 32, 32, 24)           0         ['conv2d_2[1][0]',            
                                                                     'conv2d_1[1][0]']            
                                                                                                  
 activation_1 (Activation)   (None, 32, 32, 24)           0         ['add[1][0]']                 
                                                                                                  
 max_pooling2d (MaxPooling2  (None, 16, 16, 24)           0         ['activation_1[1][0]']        
 D)                                                                                               
                                                                                                  
 conv2d_3 (Conv2D)           (None, 16, 16, 24)           5208      ['max_pooling2d[1][0]']       
                                                                                                  
 activation_2 (Activation)   (None, 16, 16, 24)           0         ['conv2d_3[1][0]']            
                                                                                                  
 conv2d_4 (Conv2D)           (None, 16, 16, 24)           5208      ['activation_2[1][0]']        
                                                                                                  
 add_1 (Add)                 (None, 16, 16, 24)           0         ['max_pooling2d[1][0]',       
                                                                     'conv2d_4[1][0]']            
                                                                                                  
 activation_3 (Activation)   (None, 16, 16, 24)           0         ['add_1[1][0]']               
                                                                                                  
 max_pooling2d_1 (MaxPoolin  (None, 8, 8, 24)             0         ['activation_3[1][0]']        
 g2D)                                                                                             
                                                                                                  
 flatten (Flatten)           (None, 1536)                 0         ['max_pooling2d_1[1][0]']     
                                                                                                  
 dense (Dense)               (None, 216)                  331992    ['flatten[1][0]']             
                                                                                                  
 activation_4 (Activation)   (None, 216)                  0         ['dense[1][0]']               
                                                                                                  
 dropout (Dropout)           (None, 216)                  0         ['activation_4[1][0]']        
                                                                                                  
 dense_1 (Dense)             (None, 104)                  22568     ['dropout[1][0]']             
                                                                                                  
 activation_5 (Activation)   (None, 104)                  0         ['dense_1[1][0]']             
                                                                                                  
 dropout_1 (Dropout)         (None, 104)                  0         ['activation_5[1][0]']        
                                                                                                  
 dense_2 (Dense)             (None, 208)                  21840     ['dropout_1[1][0]']           
                                                                                                  
 activation_6 (Activation)   (None, 208)                  0         ['dense_2[1][0]']             
                                                                                                  
 dropout_2 (Dropout)         (None, 208)                  0         ['activation_6[1][0]']        
                                                                                                  
 dense_3 (Dense)             (None, 104)                  21736     ['dropout_2[1][0]']           
                                                                                                  
 activation_7 (Activation)   (None, 104)                  0         ['dense_3[1][0]']             
                                                                                                  
 dropout_3 (Dropout)         (None, 104)                  0         ['activation_7[1][0]']        
                                                                                                  
 dense_4 (Dense)             (None, 24)                   2520      ['dropout_3[1][0]']           
                                                                                                  
 activation_8 (Activation)   (None, 24)                   0         ['dense_4[1][0]']             
                                                                                                  
 dropout_4 (Dropout)         (None, 24)                   0         ['activation_8[1][0]']        
                                                                                                  
 dense_5 (Dense)             (None, 176)                  4400      ['dropout_4[1][0]']           
                                                                                                  
 activation_9 (Activation)   (None, 176)                  0         ['dense_5[1][0]']             
                                                                                                  
 dropout_5 (Dropout)         (None, 176)                  0         ['activation_9[1][0]']        
                                                                                                  
 dense_6 (Dense)             (None, 248)                  43896     ['dropout_5[1][0]']           
                                                                                                  
 activation_10 (Activation)  (None, 248)                  0         ['dense_6[1][0]']             
                                                                                                  
 dropout_6 (Dropout)         (None, 248)                  0         ['activation_10[1][0]']       
                                                                                                  
 dense_7 (Dense)             (None, 224)                  55776     ['dropout_6[1][0]']           
                                                                                                  
 activation_11 (Activation)  (None, 224)                  0         ['dense_7[1][0]']             
                                                                                                  
 dropout_7 (Dropout)         (None, 224)                  0         ['activation_11[1][0]']       
                                                                                                  
 dense_8 (Dense)             (None, 224)                  50400     ['dropout_7[1][0]']           
                                                                                                  
 activation_12 (Activation)  (None, 224)                  0         ['dense_8[1][0]']             
                                                                                                  
 dropout_8 (Dropout)         (None, 224)                  0         ['activation_12[1][0]']       
                                                                                                  
 dense_9 (Dense)             (None, 100)                  22500     ['dropout_8[1][0]']           
                                                                                                  
==================================================================================================
Total params: 594020 (2.27 MB)
Trainable params: 594020 (2.27 MB)
Non-trainable params: 0 (0.00 Byte)
__________________________________________________________________________________________________
Epoch 1/100
6250/6250 - 21s - loss: 4.8810 - accuracy: 0.0214 - val_loss: 4.2936 - val_accuracy: 0.0341 - 21s/epoch - 3ms/step
Epoch 2/100
6250/6250 - 20s - loss: 4.3855 - accuracy: 0.0401 - val_loss: 4.0468 - val_accuracy: 0.0569 - 20s/epoch - 3ms/step
Epoch 3/100
6250/6250 - 20s - loss: 4.1827 - accuracy: 0.0544 - val_loss: 3.7868 - val_accuracy: 0.0852 - 20s/epoch - 3ms/step
Epoch 4/100
6250/6250 - 20s - loss: 4.0683 - accuracy: 0.0665 - val_loss: 3.8248 - val_accuracy: 0.0866 - 20s/epoch - 3ms/step
Epoch 5/100
6250/6250 - 20s - loss: 3.9828 - accuracy: 0.0767 - val_loss: 3.7533 - val_accuracy: 0.1032 - 20s/epoch - 3ms/step
Epoch 6/100
6250/6250 - 20s - loss: 3.9233 - accuracy: 0.0850 - val_loss: 3.6483 - val_accuracy: 0.1249 - 20s/epoch - 3ms/step
Epoch 7/100
6250/6250 - 20s - loss: 3.8843 - accuracy: 0.0903 - val_loss: 3.6109 - val_accuracy: 0.1253 - 20s/epoch - 3ms/step
Epoch 8/100
6250/6250 - 20s - loss: 3.8429 - accuracy: 0.0973 - val_loss: 3.6066 - val_accuracy: 0.1212 - 20s/epoch - 3ms/step
Epoch 9/100
6250/6250 - 20s - loss: 3.8083 - accuracy: 0.1024 - val_loss: 3.5753 - val_accuracy: 0.1432 - 20s/epoch - 3ms/step
Epoch 10/100
6250/6250 - 20s - loss: 3.7679 - accuracy: 0.1072 - val_loss: 3.4909 - val_accuracy: 0.1367 - 20s/epoch - 3ms/step
Epoch 11/100
6250/6250 - 20s - loss: 3.7587 - accuracy: 0.1118 - val_loss: 3.5162 - val_accuracy: 0.1416 - 20s/epoch - 3ms/step
Epoch 12/100
6250/6250 - 20s - loss: 3.7217 - accuracy: 0.1163 - val_loss: 3.4599 - val_accuracy: 0.1501 - 20s/epoch - 3ms/step
Epoch 13/100
6250/6250 - 20s - loss: 3.7329 - accuracy: 0.1174 - val_loss: 3.4735 - val_accuracy: 0.1491 - 20s/epoch - 3ms/step
Epoch 14/100
6250/6250 - 20s - loss: 3.6898 - accuracy: 0.1211 - val_loss: 3.4291 - val_accuracy: 0.1494 - 20s/epoch - 3ms/step
Epoch 15/100
6250/6250 - 20s - loss: 3.6823 - accuracy: 0.1217 - val_loss: 3.5343 - val_accuracy: 0.1377 - 20s/epoch - 3ms/step
Epoch 16/100
6250/6250 - 20s - loss: 3.6718 - accuracy: 0.1253 - val_loss: 3.4523 - val_accuracy: 0.1439 - 20s/epoch - 3ms/step
Epoch 17/100
6250/6250 - 20s - loss: 3.6939 - accuracy: 0.1217 - val_loss: 3.4151 - val_accuracy: 0.1634 - 20s/epoch - 3ms/step
Epoch 18/100
6250/6250 - 20s - loss: 3.6954 - accuracy: 0.1200 - val_loss: 3.4497 - val_accuracy: 0.1470 - 20s/epoch - 3ms/step
Epoch 19/100
6250/6250 - 20s - loss: 4.1864 - accuracy: 0.0847 - val_loss: 4.7372 - val_accuracy: 0.0099 - 20s/epoch - 3ms/step
Epoch 20/100
6250/6250 - 20s - loss: 4.9228 - accuracy: 0.0115 - val_loss: 4.7372 - val_accuracy: 0.0100 - 20s/epoch - 3ms/step
Epoch 21/100
6250/6250 - 20s - loss: 4.8353 - accuracy: 0.0096 - val_loss: 4.7244 - val_accuracy: 0.0100 - 20s/epoch - 3ms/step
Epoch 22/100
6250/6250 - 20s - loss: 5.5322 - accuracy: 0.0102 - val_loss: 4.7334 - val_accuracy: 0.0100 - 20s/epoch - 3ms/step
Epoch 23/100
6250/6250 - 20s - loss: 5.3143 - accuracy: 0.0104 - val_loss: 4.7628 - val_accuracy: 0.0100 - 20s/epoch - 3ms/step
Epoch 24/100
6250/6250 - 20s - loss: 4.9099 - accuracy: 0.0108 - val_loss: 4.7825 - val_accuracy: 0.0100 - 20s/epoch - 3ms/step
Epoch 25/100
6250/6250 - 20s - loss: 4.8785 - accuracy: 0.0103 - val_loss: 4.7732 - val_accuracy: 0.0100 - 20s/epoch - 3ms/step
Epoch 26/100
6250/6250 - 20s - loss: 4.8856 - accuracy: 0.0106 - val_loss: 4.7810 - val_accuracy: 0.0100 - 20s/epoch - 3ms/step
Epoch 27/100
6250/6250 - 20s - loss: 4.8340 - accuracy: 0.0096 - val_loss: 4.7425 - val_accuracy: 0.0100 - 20s/epoch - 3ms/step
Epoch 28/100
6250/6250 - 20s - loss: 5.1361 - accuracy: 0.0106 - val_loss: 4.7452 - val_accuracy: 0.0117 - 20s/epoch - 3ms/step
Epoch 29/100
6250/6250 - 20s - loss: 4.8062 - accuracy: 0.0122 - val_loss: 4.7813 - val_accuracy: 0.0100 - 20s/epoch - 3ms/step
Epoch 30/100
6250/6250 - 20s - loss: 4.8340 - accuracy: 0.0096 - val_loss: 4.8064 - val_accuracy: 0.0100 - 20s/epoch - 3ms/step
Epoch 31/100
6250/6250 - 20s - loss: 5.0056 - accuracy: 0.0097 - val_loss: 4.7621 - val_accuracy: 0.0100 - 20s/epoch - 3ms/step
Epoch 32/100
6250/6250 - 20s - loss: 4.8310 - accuracy: 0.0104 - val_loss: 4.7974 - val_accuracy: 0.0102 - 20s/epoch - 3ms/step
Epoch 33/100
6250/6250 - 20s - loss: 4.8834 - accuracy: 0.0102 - val_loss: 4.7739 - val_accuracy: 0.0100 - 20s/epoch - 3ms/step
Epoch 34/100
6250/6250 - 20s - loss: 4.8325 - accuracy: 0.0098 - val_loss: 4.7395 - val_accuracy: 0.0100 - 20s/epoch - 3ms/step
Epoch 35/100
6250/6250 - 20s - loss: 5.0743 - accuracy: 0.0096 - val_loss: 4.7656 - val_accuracy: 0.0100 - 20s/epoch - 3ms/step
Epoch 36/100
6250/6250 - 20s - loss: 4.8502 - accuracy: 0.0096 - val_loss: 4.7682 - val_accuracy: 0.0100 - 20s/epoch - 3ms/step
Epoch 37/100
6250/6250 - 20s - loss: 4.8384 - accuracy: 0.0101 - val_loss: 4.7587 - val_accuracy: 0.0100 - 20s/epoch - 3ms/step
Epoch 38/100
6250/6250 - 20s - loss: 4.8597 - accuracy: 0.0100 - val_loss: 4.7440 - val_accuracy: 0.0100 - 20s/epoch - 3ms/step
Epoch 39/100
6250/6250 - 20s - loss: 4.8315 - accuracy: 0.0096 - val_loss: 4.7887 - val_accuracy: 0.0100 - 20s/epoch - 3ms/step
Epoch 40/100
6250/6250 - 20s - loss: 4.8489 - accuracy: 0.0109 - val_loss: 4.7926 - val_accuracy: 0.0100 - 20s/epoch - 3ms/step
Epoch 41/100
6250/6250 - 20s - loss: 4.8366 - accuracy: 0.0091 - val_loss: 4.7941 - val_accuracy: 0.0100 - 20s/epoch - 3ms/step
Epoch 42/100
6250/6250 - 20s - loss: 4.8309 - accuracy: 0.0096 - val_loss: 4.7821 - val_accuracy: 0.0100 - 20s/epoch - 3ms/step
Epoch 43/100
6250/6250 - 20s - loss: 4.8302 - accuracy: 0.0098 - val_loss: 4.7745 - val_accuracy: 0.0100 - 20s/epoch - 3ms/step
Epoch 44/100
6250/6250 - 20s - loss: 5.0549 - accuracy: 0.0093 - val_loss: 4.7676 - val_accuracy: 0.0100 - 20s/epoch - 3ms/step
Epoch 45/100
6250/6250 - 20s - loss: 4.8340 - accuracy: 0.0104 - val_loss: 4.7648 - val_accuracy: 0.0100 - 20s/epoch - 3ms/step
Epoch 46/100
6250/6250 - 20s - loss: 4.8359 - accuracy: 0.0095 - val_loss: 4.7827 - val_accuracy: 0.0100 - 20s/epoch - 3ms/step
Epoch 47/100
Restoring model weights from the end of the best epoch: 17.
6250/6250 - 20s - loss: 4.8691 - accuracy: 0.0094 - val_loss: 4.7749 - val_accuracy: 0.0100 - 20s/epoch - 3ms/step
Epoch 47: early stopping
313/313 - 1s - loss: 3.4151 - accuracy: 0.1634 - 1s/epoch - 3ms/step

ACCURACY: 0.16339999437332153


SCORE: -0.37697721206132506

[92m | MODULE VALUES ---------------------------------------------  |
 [0m
FLOPS: 18701392
PARAMS: 594020.0
[92m 
 | -----------------------------------------------------------  |
 [0m
[INFO] New Best Score: -0.3770 (Previous: -0.3125)

--- BANANAS ITERATION 58 / 1000 ---
Chosen point: {'num_neurons': 4, 'unit_c1': 3, 'unit_c2': 3, 'dr_f': 0.328803379524079, 'learning_rate': 0.0005835026372260035, 'batch_size': 32, 'optimizer': 'Adagrad', 'activation': 'selu', 'data_augmentation': True, 'reg_l2': False, 'skip_connection': False, 'new_fc_1': 18, 'new_fc_2': 12, 'new_fc_3': 21, 'new_fc_4': 0, 'new_fc_5': 24, 'new_fc_6': 12, 'new_fc_7': 22, 'new_fc_8': 23, 'new_fc_9': 4, 'new_fc_10': 1}
[94m
|  --> START TRAINING ITERATION 7[0m
[INFO] Flags -> DA: True, L2: False, Skip: False
Building model with input_shape=(32, 32, 3), pos_input_shape=None, layer_x_block=2
Model: "model"
_________________________________________________________________
 Layer (type)                Output Shape              Param #   
=================================================================
 input_2 (InputLayer)        [(None, 32, 32, 3)]       0         
                                                                 
 conv2d (Conv2D)             (None, 32, 32, 12)        336       
                                                                 
 activation (Activation)     (None, 32, 32, 12)        0         
                                                                 
 conv2d_1 (Conv2D)           (None, 32, 32, 12)        1308      
                                                                 
 activation_1 (Activation)   (None, 32, 32, 12)        0         
                                                                 
 max_pooling2d (MaxPooling2  (None, 16, 16, 12)        0         
 D)                                                              
                                                                 
 conv2d_2 (Conv2D)           (None, 16, 16, 12)        1308      
                                                                 
 activation_2 (Activation)   (None, 16, 16, 12)        0         
                                                                 
 conv2d_3 (Conv2D)           (None, 16, 16, 12)        1308      
                                                                 
 activation_3 (Activation)   (None, 16, 16, 12)        0         
                                                                 
 max_pooling2d_1 (MaxPoolin  (None, 8, 8, 12)          0         
 g2D)                                                            
                                                                 
 flatten (Flatten)           (None, 768)               0         
                                                                 
 dense (Dense)               (None, 72)                55368     
                                                                 
 activation_4 (Activation)   (None, 72)                0         
                                                                 
 dropout (Dropout)           (None, 72)                0         
                                                                 
 dense_1 (Dense)             (None, 48)                3504      
                                                                 
 activation_5 (Activation)   (None, 48)                0         
                                                                 
 dropout_1 (Dropout)         (None, 48)                0         
                                                                 
 dense_2 (Dense)             (None, 84)                4116      
                                                                 
 activation_6 (Activation)   (None, 84)                0         
                                                                 
 dropout_2 (Dropout)         (None, 84)                0         
                                                                 
 dense_3 (Dense)             (None, 96)                8160      
                                                                 
 activation_7 (Activation)   (None, 96)                0         
                                                                 
 dropout_3 (Dropout)         (None, 96)                0         
                                                                 
 dense_4 (Dense)             (None, 48)                4656      
                                                                 
 activation_8 (Activation)   (None, 48)                0         
                                                                 
 dropout_4 (Dropout)         (None, 48)                0         
                                                                 
 dense_5 (Dense)             (None, 88)                4312      
                                                                 
 activation_9 (Activation)   (None, 88)                0         
                                                                 
 dropout_5 (Dropout)         (None, 88)                0         
                                                                 
 dense_6 (Dense)             (None, 92)                8188      
                                                                 
 activation_10 (Activation)  (None, 92)                0         
                                                                 
 dropout_6 (Dropout)         (None, 92)                0         
                                                                 
 dense_7 (Dense)             (None, 16)                1488      
                                                                 
 activation_11 (Activation)  (None, 16)                0         
                                                                 
 dropout_7 (Dropout)         (None, 16)                0         
                                                                 
 dense_8 (Dense)             (None, 4)                 68        
                                                                 
 activation_12 (Activation)  (None, 4)                 0         
                                                                 
 dropout_8 (Dropout)         (None, 4)                 0         
                                                                 
 dense_9 (Dense)             (None, 100)               500       
                                                                 
=================================================================
Total params: 94620 (369.61 KB)
Trainable params: 94620 (369.61 KB)
Non-trainable params: 0 (0.00 Byte)
_________________________________________________________________
Epoch 1/100
1563/1563 - 7s - loss: 4.7813 - accuracy: 0.0095 - val_loss: 4.6358 - val_accuracy: 0.0131 - 7s/epoch - 5ms/step
Epoch 2/100
1563/1563 - 5s - loss: 4.7291 - accuracy: 0.0099 - val_loss: 4.6324 - val_accuracy: 0.0131 - 5s/epoch - 3ms/step
Epoch 3/100
1563/1563 - 5s - loss: 4.7158 - accuracy: 0.0099 - val_loss: 4.6305 - val_accuracy: 0.0128 - 5s/epoch - 3ms/step
Epoch 4/100
1563/1563 - 5s - loss: 4.7048 - accuracy: 0.0098 - val_loss: 4.6287 - val_accuracy: 0.0132 - 5s/epoch - 3ms/step
Epoch 5/100
1563/1563 - 5s - loss: 4.7009 - accuracy: 0.0097 - val_loss: 4.6307 - val_accuracy: 0.0099 - 5s/epoch - 3ms/step
Epoch 6/100
1563/1563 - 5s - loss: 4.6890 - accuracy: 0.0104 - val_loss: 4.6306 - val_accuracy: 0.0105 - 5s/epoch - 3ms/step
Epoch 7/100
1563/1563 - 5s - loss: 4.6888 - accuracy: 0.0113 - val_loss: 4.6281 - val_accuracy: 0.0103 - 5s/epoch - 3ms/step
Epoch 8/100
1563/1563 - 5s - loss: 4.6841 - accuracy: 0.0104 - val_loss: 4.6263 - val_accuracy: 0.0110 - 5s/epoch - 3ms/step
Epoch 9/100
1563/1563 - 5s - loss: 4.6830 - accuracy: 0.0114 - val_loss: 4.6260 - val_accuracy: 0.0096 - 5s/epoch - 3ms/step
Epoch 10/100
1563/1563 - 5s - loss: 4.6811 - accuracy: 0.0103 - val_loss: 4.6269 - val_accuracy: 0.0099 - 5s/epoch - 3ms/step
Epoch 11/100
1563/1563 - 5s - loss: 4.6801 - accuracy: 0.0104 - val_loss: 4.6244 - val_accuracy: 0.0107 - 5s/epoch - 3ms/step
Epoch 12/100
1563/1563 - 5s - loss: 4.6763 - accuracy: 0.0105 - val_loss: 4.6232 - val_accuracy: 0.0108 - 5s/epoch - 3ms/step
Epoch 13/100
1563/1563 - 5s - loss: 4.6707 - accuracy: 0.0104 - val_loss: 4.6229 - val_accuracy: 0.0111 - 5s/epoch - 3ms/step
Epoch 14/100
1563/1563 - 5s - loss: 4.6705 - accuracy: 0.0104 - val_loss: 4.6227 - val_accuracy: 0.0117 - 5s/epoch - 3ms/step
Epoch 15/100
1563/1563 - 5s - loss: 4.6738 - accuracy: 0.0099 - val_loss: 4.6220 - val_accuracy: 0.0115 - 5s/epoch - 3ms/step
Epoch 16/100
1563/1563 - 5s - loss: 4.6708 - accuracy: 0.0099 - val_loss: 4.6197 - val_accuracy: 0.0113 - 5s/epoch - 3ms/step
Epoch 17/100
1563/1563 - 5s - loss: 4.6690 - accuracy: 0.0100 - val_loss: 4.6188 - val_accuracy: 0.0109 - 5s/epoch - 3ms/step
Epoch 18/100
1563/1563 - 5s - loss: 4.6672 - accuracy: 0.0110 - val_loss: 4.6186 - val_accuracy: 0.0114 - 5s/epoch - 3ms/step
Epoch 19/100
1563/1563 - 5s - loss: 4.6654 - accuracy: 0.0105 - val_loss: 4.6183 - val_accuracy: 0.0107 - 5s/epoch - 3ms/step
Epoch 20/100
1563/1563 - 5s - loss: 4.6630 - accuracy: 0.0109 - val_loss: 4.6163 - val_accuracy: 0.0104 - 5s/epoch - 3ms/step
Epoch 21/100
1563/1563 - 5s - loss: 4.6645 - accuracy: 0.0107 - val_loss: 4.6157 - val_accuracy: 0.0102 - 5s/epoch - 3ms/step
Epoch 22/100
1563/1563 - 5s - loss: 4.6632 - accuracy: 0.0103 - val_loss: 4.6162 - val_accuracy: 0.0103 - 5s/epoch - 3ms/step
Epoch 23/100
1563/1563 - 5s - loss: 4.6635 - accuracy: 0.0103 - val_loss: 4.6134 - val_accuracy: 0.0107 - 5s/epoch - 3ms/step
Epoch 24/100
1563/1563 - 5s - loss: 4.6610 - accuracy: 0.0112 - val_loss: 4.6115 - val_accuracy: 0.0103 - 5s/epoch - 3ms/step
Epoch 25/100
1563/1563 - 5s - loss: 4.6612 - accuracy: 0.0110 - val_loss: 4.6105 - val_accuracy: 0.0109 - 5s/epoch - 3ms/step
Epoch 26/100
1563/1563 - 5s - loss: 4.6579 - accuracy: 0.0111 - val_loss: 4.6114 - val_accuracy: 0.0107 - 5s/epoch - 3ms/step
Epoch 27/100
1563/1563 - 5s - loss: 4.6588 - accuracy: 0.0102 - val_loss: 4.6124 - val_accuracy: 0.0110 - 5s/epoch - 3ms/step
Epoch 28/100
1563/1563 - 5s - loss: 4.6577 - accuracy: 0.0103 - val_loss: 4.6118 - val_accuracy: 0.0118 - 5s/epoch - 3ms/step
Epoch 29/100
1563/1563 - 5s - loss: 4.6554 - accuracy: 0.0105 - val_loss: 4.6104 - val_accuracy: 0.0119 - 5s/epoch - 3ms/step
Epoch 30/100
1563/1563 - 5s - loss: 4.6536 - accuracy: 0.0115 - val_loss: 4.6085 - val_accuracy: 0.0122 - 5s/epoch - 3ms/step
Epoch 31/100
Restoring model weights from the end of the best epoch: 1.
1563/1563 - 5s - loss: 4.6576 - accuracy: 0.0108 - val_loss: 4.6078 - val_accuracy: 0.0126 - 5s/epoch - 3ms/step
Epoch 31: early stopping
313/313 - 0s - loss: 4.6358 - accuracy: 0.0131 - 423ms/epoch - 1ms/step

ACCURACY: 0.013100000098347664


SCORE: -0.2994269680688434

[92m | MODULE VALUES ---------------------------------------------  |
 [0m
FLOPS: 4871516
PARAMS: 94620.0
[92m 
 | -----------------------------------------------------------  |
 [0m

--- BANANAS ITERATION 59 / 1000 ---
Chosen point: {'num_neurons': 4, 'unit_c1': 1, 'unit_c2': 8, 'dr_f': 0.44890007179380287, 'learning_rate': 0.0009857345635807045, 'batch_size': 64, 'optimizer': 'SGD', 'activation': 'elu', 'data_augmentation': False, 'reg_l2': False, 'skip_connection': True, 'new_fc_1': 22, 'new_fc_2': 29, 'new_fc_3': 14, 'new_fc_4': 29, 'new_fc_5': 4, 'new_fc_6': 12, 'new_fc_7': 30, 'new_fc_8': 20, 'new_fc_9': 10, 'new_fc_10': 9}
[94m
|  --> START TRAINING ITERATION 8[0m
[INFO] Flags -> DA: False, L2: False, Skip: True
Building model with input_shape=(32, 32, 3), pos_input_shape=None, layer_x_block=2
Model: "model"
__________________________________________________________________________________________________
 Layer (type)                Output Shape                 Param #   Connected to                  
==================================================================================================
 input_1 (InputLayer)        [(None, 32, 32, 3)]          0         []                            
                                                                                                  
 conv2d (Conv2D)             (None, 32, 32, 4)            112       ['input_1[0][0]']             
                                                                                                  
 activation (Activation)     (None, 32, 32, 4)            0         ['conv2d[0][0]']              
                                                                                                  
 conv2d_2 (Conv2D)           (None, 32, 32, 4)            16        ['input_1[0][0]']             
                                                                                                  
 conv2d_1 (Conv2D)           (None, 32, 32, 4)            148       ['activation[0][0]']          
                                                                                                  
 add (Add)                   (None, 32, 32, 4)            0         ['conv2d_2[0][0]',            
                                                                     'conv2d_1[0][0]']            
                                                                                                  
 activation_1 (Activation)   (None, 32, 32, 4)            0         ['add[0][0]']                 
                                                                                                  
 max_pooling2d (MaxPooling2  (None, 16, 16, 4)            0         ['activation_1[0][0]']        
 D)                                                                                               
                                                                                                  
 conv2d_3 (Conv2D)           (None, 16, 16, 32)           1184      ['max_pooling2d[0][0]']       
                                                                                                  
 activation_2 (Activation)   (None, 16, 16, 32)           0         ['conv2d_3[0][0]']            
                                                                                                  
 conv2d_5 (Conv2D)           (None, 16, 16, 32)           160       ['max_pooling2d[0][0]']       
                                                                                                  
 conv2d_4 (Conv2D)           (None, 16, 16, 32)           9248      ['activation_2[0][0]']        
                                                                                                  
 add_1 (Add)                 (None, 16, 16, 32)           0         ['conv2d_5[0][0]',            
                                                                     'conv2d_4[0][0]']            
                                                                                                  
 activation_3 (Activation)   (None, 16, 16, 32)           0         ['add_1[0][0]']               
                                                                                                  
 max_pooling2d_1 (MaxPoolin  (None, 8, 8, 32)             0         ['activation_3[0][0]']        
 g2D)                                                                                             
                                                                                                  
 flatten (Flatten)           (None, 2048)                 0         ['max_pooling2d_1[0][0]']     
                                                                                                  
 dense (Dense)               (None, 88)                   180312    ['flatten[0][0]']             
                                                                                                  
 activation_4 (Activation)   (None, 88)                   0         ['dense[0][0]']               
                                                                                                  
 dropout (Dropout)           (None, 88)                   0         ['activation_4[0][0]']        
                                                                                                  
 dense_1 (Dense)             (None, 116)                  10324     ['dropout[0][0]']             
                                                                                                  
 activation_5 (Activation)   (None, 116)                  0         ['dense_1[0][0]']             
                                                                                                  
 dropout_1 (Dropout)         (None, 116)                  0         ['activation_5[0][0]']        
                                                                                                  
 dense_2 (Dense)             (None, 56)                   6552      ['dropout_1[0][0]']           
                                                                                                  
 activation_6 (Activation)   (None, 56)                   0         ['dense_2[0][0]']             
                                                                                                  
 dropout_2 (Dropout)         (None, 56)                   0         ['activation_6[0][0]']        
                                                                                                  
 dense_3 (Dense)             (None, 116)                  6612      ['dropout_2[0][0]']           
                                                                                                  
 activation_7 (Activation)   (None, 116)                  0         ['dense_3[0][0]']             
                                                                                                  
 dropout_3 (Dropout)         (None, 116)                  0         ['activation_7[0][0]']        
                                                                                                  
 dense_4 (Dense)             (None, 16)                   1872      ['dropout_3[0][0]']           
                                                                                                  
 activation_8 (Activation)   (None, 16)                   0         ['dense_4[0][0]']             
                                                                                                  
 dropout_4 (Dropout)         (None, 16)                   0         ['activation_8[0][0]']        
                                                                                                  
 dense_5 (Dense)             (None, 48)                   816       ['dropout_4[0][0]']           
                                                                                                  
 activation_9 (Activation)   (None, 48)                   0         ['dense_5[0][0]']             
                                                                                                  
 dropout_5 (Dropout)         (None, 48)                   0         ['activation_9[0][0]']        
                                                                                                  
 dense_6 (Dense)             (None, 120)                  5880      ['dropout_5[0][0]']           
                                                                                                  
 activation_10 (Activation)  (None, 120)                  0         ['dense_6[0][0]']             
                                                                                                  
 dropout_6 (Dropout)         (None, 120)                  0         ['activation_10[0][0]']       
                                                                                                  
 dense_7 (Dense)             (None, 80)                   9680      ['dropout_6[0][0]']           
                                                                                                  
 activation_11 (Activation)  (None, 80)                   0         ['dense_7[0][0]']             
                                                                                                  
 dropout_7 (Dropout)         (None, 80)                   0         ['activation_11[0][0]']       
                                                                                                  
 dense_8 (Dense)             (None, 40)                   3240      ['dropout_7[0][0]']           
                                                                                                  
 activation_12 (Activation)  (None, 40)                   0         ['dense_8[0][0]']             
                                                                                                  
 dropout_8 (Dropout)         (None, 40)                   0         ['activation_12[0][0]']       
                                                                                                  
 dense_9 (Dense)             (None, 36)                   1476      ['dropout_8[0][0]']           
                                                                                                  
 activation_13 (Activation)  (None, 36)                   0         ['dense_9[0][0]']             
                                                                                                  
 dropout_9 (Dropout)         (None, 36)                   0         ['activation_13[0][0]']       
                                                                                                  
 dense_10 (Dense)            (None, 100)                  3700      ['dropout_9[0][0]']           
                                                                                                  
==================================================================================================
Total params: 241332 (942.70 KB)
Trainable params: 241332 (942.70 KB)
Non-trainable params: 0 (0.00 Byte)
__________________________________________________________________________________________________
Epoch 1/100
782/782 - 6s - loss: 4.8050 - accuracy: 0.0096 - val_loss: 4.6085 - val_accuracy: 0.0081 - 6s/epoch - 8ms/step
Epoch 2/100
782/782 - 3s - loss: 4.7162 - accuracy: 0.0099 - val_loss: 4.6069 - val_accuracy: 0.0092 - 3s/epoch - 4ms/step
Epoch 3/100
782/782 - 3s - loss: 4.6948 - accuracy: 0.0094 - val_loss: 4.6061 - val_accuracy: 0.0084 - 3s/epoch - 4ms/step
Epoch 4/100
782/782 - 3s - loss: 4.6814 - accuracy: 0.0096 - val_loss: 4.6060 - val_accuracy: 0.0118 - 3s/epoch - 4ms/step
Epoch 5/100
782/782 - 3s - loss: 4.6724 - accuracy: 0.0107 - val_loss: 4.6056 - val_accuracy: 0.0117 - 3s/epoch - 4ms/step
Epoch 6/100
782/782 - 3s - loss: 4.6651 - accuracy: 0.0097 - val_loss: 4.6053 - val_accuracy: 0.0104 - 3s/epoch - 4ms/step
Epoch 7/100
782/782 - 3s - loss: 4.6609 - accuracy: 0.0100 - val_loss: 4.6054 - val_accuracy: 0.0120 - 3s/epoch - 4ms/step
Epoch 8/100
782/782 - 3s - loss: 4.6549 - accuracy: 0.0091 - val_loss: 4.6052 - val_accuracy: 0.0119 - 3s/epoch - 4ms/step
Epoch 9/100
782/782 - 3s - loss: 4.6480 - accuracy: 0.0108 - val_loss: 4.6048 - val_accuracy: 0.0146 - 3s/epoch - 4ms/step
Epoch 10/100
782/782 - 3s - loss: 4.6486 - accuracy: 0.0102 - val_loss: 4.6045 - val_accuracy: 0.0114 - 3s/epoch - 4ms/step
Epoch 11/100
782/782 - 3s - loss: 4.6476 - accuracy: 0.0098 - val_loss: 4.6048 - val_accuracy: 0.0138 - 3s/epoch - 4ms/step
Epoch 12/100
782/782 - 3s - loss: 4.6435 - accuracy: 0.0095 - val_loss: 4.6049 - val_accuracy: 0.0136 - 3s/epoch - 4ms/step
Epoch 13/100
782/782 - 3s - loss: 4.6420 - accuracy: 0.0103 - val_loss: 4.6046 - val_accuracy: 0.0140 - 3s/epoch - 4ms/step
Epoch 14/100
782/782 - 3s - loss: 4.6396 - accuracy: 0.0102 - val_loss: 4.6045 - val_accuracy: 0.0137 - 3s/epoch - 4ms/step
Epoch 15/100
782/782 - 3s - loss: 4.6363 - accuracy: 0.0097 - val_loss: 4.6044 - val_accuracy: 0.0148 - 3s/epoch - 4ms/step
Epoch 16/100
782/782 - 3s - loss: 4.6355 - accuracy: 0.0107 - val_loss: 4.6045 - val_accuracy: 0.0140 - 3s/epoch - 4ms/step
Epoch 17/100
782/782 - 3s - loss: 4.6324 - accuracy: 0.0101 - val_loss: 4.6043 - val_accuracy: 0.0166 - 3s/epoch - 4ms/step
Epoch 18/100
782/782 - 3s - loss: 4.6322 - accuracy: 0.0106 - val_loss: 4.6042 - val_accuracy: 0.0170 - 3s/epoch - 4ms/step
Epoch 19/100
782/782 - 3s - loss: 4.6323 - accuracy: 0.0091 - val_loss: 4.6042 - val_accuracy: 0.0156 - 3s/epoch - 4ms/step
Epoch 20/100
782/782 - 3s - loss: 4.6298 - accuracy: 0.0105 - val_loss: 4.6041 - val_accuracy: 0.0143 - 3s/epoch - 4ms/step
Epoch 21/100
782/782 - 3s - loss: 4.6314 - accuracy: 0.0101 - val_loss: 4.6041 - val_accuracy: 0.0166 - 3s/epoch - 4ms/step
Epoch 22/100
782/782 - 3s - loss: 4.6297 - accuracy: 0.0104 - val_loss: 4.6041 - val_accuracy: 0.0169 - 3s/epoch - 4ms/step
Epoch 23/100
782/782 - 3s - loss: 4.6271 - accuracy: 0.0104 - val_loss: 4.6040 - val_accuracy: 0.0149 - 3s/epoch - 4ms/step
Epoch 24/100
782/782 - 3s - loss: 4.6272 - accuracy: 0.0095 - val_loss: 4.6040 - val_accuracy: 0.0162 - 3s/epoch - 4ms/step
Epoch 25/100
782/782 - 3s - loss: 4.6285 - accuracy: 0.0097 - val_loss: 4.6040 - val_accuracy: 0.0129 - 3s/epoch - 4ms/step
Epoch 26/100
782/782 - 3s - loss: 4.6270 - accuracy: 0.0101 - val_loss: 4.6040 - val_accuracy: 0.0135 - 3s/epoch - 4ms/step
Epoch 27/100
782/782 - 3s - loss: 4.6250 - accuracy: 0.0110 - val_loss: 4.6042 - val_accuracy: 0.0131 - 3s/epoch - 4ms/step
Epoch 28/100
782/782 - 3s - loss: 4.6242 - accuracy: 0.0105 - val_loss: 4.6039 - val_accuracy: 0.0149 - 3s/epoch - 4ms/step
Epoch 29/100
782/782 - 3s - loss: 4.6246 - accuracy: 0.0107 - val_loss: 4.6040 - val_accuracy: 0.0141 - 3s/epoch - 4ms/step
Epoch 30/100
782/782 - 3s - loss: 4.6238 - accuracy: 0.0099 - val_loss: 4.6040 - val_accuracy: 0.0171 - 3s/epoch - 4ms/step
Epoch 31/100
782/782 - 3s - loss: 4.6246 - accuracy: 0.0098 - val_loss: 4.6040 - val_accuracy: 0.0150 - 3s/epoch - 4ms/step
Epoch 32/100
782/782 - 3s - loss: 4.6209 - accuracy: 0.0099 - val_loss: 4.6039 - val_accuracy: 0.0164 - 3s/epoch - 4ms/step
Epoch 33/100
782/782 - 3s - loss: 4.6218 - accuracy: 0.0098 - val_loss: 4.6039 - val_accuracy: 0.0148 - 3s/epoch - 4ms/step
Epoch 34/100
782/782 - 3s - loss: 4.6200 - accuracy: 0.0103 - val_loss: 4.6039 - val_accuracy: 0.0138 - 3s/epoch - 4ms/step
Epoch 35/100
782/782 - 3s - loss: 4.6213 - accuracy: 0.0103 - val_loss: 4.6039 - val_accuracy: 0.0147 - 3s/epoch - 4ms/step
Epoch 36/100
782/782 - 3s - loss: 4.6211 - accuracy: 0.0099 - val_loss: 4.6039 - val_accuracy: 0.0145 - 3s/epoch - 4ms/step
Epoch 37/100
782/782 - 3s - loss: 4.6185 - accuracy: 0.0101 - val_loss: 4.6040 - val_accuracy: 0.0155 - 3s/epoch - 4ms/step
Epoch 38/100
782/782 - 3s - loss: 4.6194 - accuracy: 0.0102 - val_loss: 4.6039 - val_accuracy: 0.0163 - 3s/epoch - 4ms/step
Epoch 39/100
Restoring model weights from the end of the best epoch: 9.
782/782 - 3s - loss: 4.6203 - accuracy: 0.0095 - val_loss: 4.6038 - val_accuracy: 0.0147 - 3s/epoch - 4ms/step
Epoch 39: early stopping
313/313 - 1s - loss: 4.6048 - accuracy: 0.0146 - 518ms/epoch - 2ms/step

ACCURACY: 0.014600000344216824


SCORE: -0.29734664824095175

[92m | MODULE VALUES ---------------------------------------------  |
 [0m
FLOPS: 6436676
PARAMS: 241332.0
[92m 
 | -----------------------------------------------------------  |
 [0m

--- BANANAS ITERATION 60 / 1000 ---
Chosen point: {'num_neurons': 4, 'unit_c1': 2, 'unit_c2': 5, 'dr_f': 0.32464977844546683, 'learning_rate': 0.00017427710928962395, 'batch_size': 64, 'optimizer': 'Adam', 'activation': 'swish', 'data_augmentation': True, 'reg_l2': False, 'skip_connection': True, 'new_fc_1': 30, 'new_fc_2': 0, 'new_fc_3': 20, 'new_fc_4': 2, 'new_fc_5': 29, 'new_fc_6': 19, 'new_fc_7': 15, 'new_fc_8': 22, 'new_fc_9': 12, 'new_fc_10': 13}
[94m
|  --> START TRAINING ITERATION 9[0m
[INFO] Flags -> DA: True, L2: False, Skip: True
Building model with input_shape=(32, 32, 3), pos_input_shape=None, layer_x_block=2
Model: "model"
__________________________________________________________________________________________________
 Layer (type)                Output Shape                 Param #   Connected to                  
==================================================================================================
 input_2 (InputLayer)        [(None, 32, 32, 3)]          0         []                            
                                                                                                  
 conv2d (Conv2D)             (None, 32, 32, 8)            224       ['input_2[0][0]']             
                                                                                                  
 activation (Activation)     (None, 32, 32, 8)            0         ['conv2d[1][0]']              
                                                                                                  
 conv2d_2 (Conv2D)           (None, 32, 32, 8)            32        ['input_2[0][0]']             
                                                                                                  
 conv2d_1 (Conv2D)           (None, 32, 32, 8)            584       ['activation[1][0]']          
                                                                                                  
 add (Add)                   (None, 32, 32, 8)            0         ['conv2d_2[1][0]',            
                                                                     'conv2d_1[1][0]']            
                                                                                                  
 activation_1 (Activation)   (None, 32, 32, 8)            0         ['add[1][0]']                 
                                                                                                  
 max_pooling2d (MaxPooling2  (None, 16, 16, 8)            0         ['activation_1[1][0]']        
 D)                                                                                               
                                                                                                  
 conv2d_3 (Conv2D)           (None, 16, 16, 20)           1460      ['max_pooling2d[1][0]']       
                                                                                                  
 activation_2 (Activation)   (None, 16, 16, 20)           0         ['conv2d_3[1][0]']            
                                                                                                  
 conv2d_5 (Conv2D)           (None, 16, 16, 20)           180       ['max_pooling2d[1][0]']       
                                                                                                  
 conv2d_4 (Conv2D)           (None, 16, 16, 20)           3620      ['activation_2[1][0]']        
                                                                                                  
 add_1 (Add)                 (None, 16, 16, 20)           0         ['conv2d_5[1][0]',            
                                                                     'conv2d_4[1][0]']            
                                                                                                  
 activation_3 (Activation)   (None, 16, 16, 20)           0         ['add_1[1][0]']               
                                                                                                  
 max_pooling2d_1 (MaxPoolin  (None, 8, 8, 20)             0         ['activation_3[1][0]']        
 g2D)                                                                                             
                                                                                                  
 flatten (Flatten)           (None, 1280)                 0         ['max_pooling2d_1[1][0]']     
                                                                                                  
 dense (Dense)               (None, 120)                  153720    ['flatten[1][0]']             
                                                                                                  
 activation_4 (Activation)   (None, 120)                  0         ['dense[1][0]']               
                                                                                                  
 dropout (Dropout)           (None, 120)                  0         ['activation_4[1][0]']        
                                                                                                  
 dense_1 (Dense)             (None, 80)                   9680      ['dropout[1][0]']             
                                                                                                  
 activation_5 (Activation)   (None, 80)                   0         ['dense_1[1][0]']             
                                                                                                  
 dropout_1 (Dropout)         (None, 80)                   0         ['activation_5[1][0]']        
                                                                                                  
 dense_2 (Dense)             (None, 8)                    648       ['dropout_1[1][0]']           
                                                                                                  
 activation_6 (Activation)   (None, 8)                    0         ['dense_2[1][0]']             
                                                                                                  
 dropout_2 (Dropout)         (None, 8)                    0         ['activation_6[1][0]']        
                                                                                                  
 dense_3 (Dense)             (None, 116)                  1044      ['dropout_2[1][0]']           
                                                                                                  
 activation_7 (Activation)   (None, 116)                  0         ['dense_3[1][0]']             
                                                                                                  
 dropout_3 (Dropout)         (None, 116)                  0         ['activation_7[1][0]']        
                                                                                                  
 dense_4 (Dense)             (None, 76)                   8892      ['dropout_3[1][0]']           
                                                                                                  
 activation_8 (Activation)   (None, 76)                   0         ['dense_4[1][0]']             
                                                                                                  
 dropout_4 (Dropout)         (None, 76)                   0         ['activation_8[1][0]']        
                                                                                                  
 dense_5 (Dense)             (None, 60)                   4620      ['dropout_4[1][0]']           
                                                                                                  
 activation_9 (Activation)   (None, 60)                   0         ['dense_5[1][0]']             
                                                                                                  
 dropout_5 (Dropout)         (None, 60)                   0         ['activation_9[1][0]']        
                                                                                                  
 dense_6 (Dense)             (None, 88)                   5368      ['dropout_5[1][0]']           
                                                                                                  
 activation_10 (Activation)  (None, 88)                   0         ['dense_6[1][0]']             
                                                                                                  
 dropout_6 (Dropout)         (None, 88)                   0         ['activation_10[1][0]']       
                                                                                                  
 dense_7 (Dense)             (None, 48)                   4272      ['dropout_6[1][0]']           
                                                                                                  
 activation_11 (Activation)  (None, 48)                   0         ['dense_7[1][0]']             
                                                                                                  
 dropout_7 (Dropout)         (None, 48)                   0         ['activation_11[1][0]']       
                                                                                                  
 dense_8 (Dense)             (None, 52)                   2548      ['dropout_7[1][0]']           
                                                                                                  
 activation_12 (Activation)  (None, 52)                   0         ['dense_8[1][0]']             
                                                                                                  
 dropout_8 (Dropout)         (None, 52)                   0         ['activation_12[1][0]']       
                                                                                                  
 dense_9 (Dense)             (None, 100)                  5300      ['dropout_8[1][0]']           
                                                                                                  
==================================================================================================
Total params: 202192 (789.81 KB)
Trainable params: 202192 (789.81 KB)
Non-trainable params: 0 (0.00 Byte)
__________________________________________________________________________________________________
Epoch 1/100
782/782 - 6s - loss: 4.5912 - accuracy: 0.0122 - val_loss: 4.5192 - val_accuracy: 0.0182 - 6s/epoch - 8ms/step
Epoch 2/100
782/782 - 3s - loss: 4.4617 - accuracy: 0.0185 - val_loss: 4.3506 - val_accuracy: 0.0213 - 3s/epoch - 4ms/step
Epoch 3/100
782/782 - 3s - loss: 4.3744 - accuracy: 0.0219 - val_loss: 4.2942 - val_accuracy: 0.0279 - 3s/epoch - 4ms/step
Epoch 4/100
782/782 - 3s - loss: 4.3340 - accuracy: 0.0251 - val_loss: 4.2613 - val_accuracy: 0.0293 - 3s/epoch - 4ms/step
Epoch 5/100
782/782 - 3s - loss: 4.2976 - accuracy: 0.0274 - val_loss: 4.2252 - val_accuracy: 0.0344 - 3s/epoch - 4ms/step
Epoch 6/100
782/782 - 3s - loss: 4.2653 - accuracy: 0.0310 - val_loss: 4.1904 - val_accuracy: 0.0371 - 3s/epoch - 4ms/step
Epoch 7/100
782/782 - 3s - loss: 4.2378 - accuracy: 0.0319 - val_loss: 4.1678 - val_accuracy: 0.0372 - 3s/epoch - 4ms/step
Epoch 8/100
782/782 - 3s - loss: 4.2168 - accuracy: 0.0309 - val_loss: 4.1617 - val_accuracy: 0.0372 - 3s/epoch - 4ms/step
Epoch 9/100
782/782 - 3s - loss: 4.1992 - accuracy: 0.0332 - val_loss: 4.1273 - val_accuracy: 0.0427 - 3s/epoch - 4ms/step
Epoch 10/100
782/782 - 3s - loss: 4.1802 - accuracy: 0.0332 - val_loss: 4.1135 - val_accuracy: 0.0427 - 3s/epoch - 4ms/step
Epoch 11/100
782/782 - 3s - loss: 4.1636 - accuracy: 0.0367 - val_loss: 4.0946 - val_accuracy: 0.0448 - 3s/epoch - 4ms/step
Epoch 12/100
782/782 - 3s - loss: 4.1466 - accuracy: 0.0360 - val_loss: 4.0762 - val_accuracy: 0.0481 - 3s/epoch - 4ms/step
Epoch 13/100
782/782 - 3s - loss: 4.1330 - accuracy: 0.0385 - val_loss: 4.0604 - val_accuracy: 0.0498 - 3s/epoch - 4ms/step
Epoch 14/100
782/782 - 3s - loss: 4.1190 - accuracy: 0.0400 - val_loss: 4.0444 - val_accuracy: 0.0515 - 3s/epoch - 4ms/step
Epoch 15/100
782/782 - 3s - loss: 4.1055 - accuracy: 0.0405 - val_loss: 4.0342 - val_accuracy: 0.0520 - 3s/epoch - 4ms/step
Epoch 16/100
782/782 - 3s - loss: 4.0924 - accuracy: 0.0410 - val_loss: 4.0158 - val_accuracy: 0.0539 - 3s/epoch - 4ms/step
Epoch 17/100
782/782 - 3s - loss: 4.0795 - accuracy: 0.0425 - val_loss: 4.0148 - val_accuracy: 0.0556 - 3s/epoch - 4ms/step
Epoch 18/100
782/782 - 3s - loss: 4.0708 - accuracy: 0.0441 - val_loss: 3.9941 - val_accuracy: 0.0598 - 3s/epoch - 4ms/step
Epoch 19/100
782/782 - 3s - loss: 4.0610 - accuracy: 0.0442 - val_loss: 3.9798 - val_accuracy: 0.0585 - 3s/epoch - 4ms/step
Epoch 20/100
782/782 - 3s - loss: 4.0476 - accuracy: 0.0454 - val_loss: 3.9735 - val_accuracy: 0.0597 - 3s/epoch - 4ms/step
Epoch 21/100
782/782 - 3s - loss: 4.0391 - accuracy: 0.0465 - val_loss: 3.9744 - val_accuracy: 0.0591 - 3s/epoch - 4ms/step
Epoch 22/100
782/782 - 3s - loss: 4.0278 - accuracy: 0.0482 - val_loss: 3.9644 - val_accuracy: 0.0617 - 3s/epoch - 4ms/step
Epoch 23/100
782/782 - 3s - loss: 4.0185 - accuracy: 0.0487 - val_loss: 3.9395 - val_accuracy: 0.0627 - 3s/epoch - 4ms/step
Epoch 24/100
782/782 - 3s - loss: 4.0108 - accuracy: 0.0491 - val_loss: 3.9318 - val_accuracy: 0.0612 - 3s/epoch - 4ms/step
Epoch 25/100
782/782 - 3s - loss: 4.0017 - accuracy: 0.0485 - val_loss: 3.9258 - val_accuracy: 0.0648 - 3s/epoch - 4ms/step
Epoch 26/100
782/782 - 3s - loss: 3.9897 - accuracy: 0.0516 - val_loss: 3.9217 - val_accuracy: 0.0664 - 3s/epoch - 4ms/step
Epoch 27/100
782/782 - 3s - loss: 3.9814 - accuracy: 0.0521 - val_loss: 3.9105 - val_accuracy: 0.0658 - 3s/epoch - 4ms/step
Epoch 28/100
782/782 - 3s - loss: 3.9700 - accuracy: 0.0529 - val_loss: 3.9051 - val_accuracy: 0.0673 - 3s/epoch - 4ms/step
Epoch 29/100
782/782 - 3s - loss: 3.9579 - accuracy: 0.0543 - val_loss: 3.8908 - val_accuracy: 0.0692 - 3s/epoch - 4ms/step
Epoch 30/100
782/782 - 3s - loss: 3.9533 - accuracy: 0.0541 - val_loss: 3.8965 - val_accuracy: 0.0684 - 3s/epoch - 4ms/step
Epoch 31/100
782/782 - 3s - loss: 3.9441 - accuracy: 0.0565 - val_loss: 3.8823 - val_accuracy: 0.0691 - 3s/epoch - 4ms/step
Epoch 32/100
782/782 - 3s - loss: 3.9309 - accuracy: 0.0565 - val_loss: 3.8742 - val_accuracy: 0.0702 - 3s/epoch - 4ms/step
Epoch 33/100
782/782 - 3s - loss: 3.9232 - accuracy: 0.0568 - val_loss: 3.8637 - val_accuracy: 0.0744 - 3s/epoch - 4ms/step
Epoch 34/100
782/782 - 3s - loss: 3.9130 - accuracy: 0.0583 - val_loss: 3.8485 - val_accuracy: 0.0728 - 3s/epoch - 4ms/step
Epoch 35/100
782/782 - 3s - loss: 3.9053 - accuracy: 0.0568 - val_loss: 3.8520 - val_accuracy: 0.0750 - 3s/epoch - 4ms/step
Epoch 36/100
782/782 - 3s - loss: 3.8995 - accuracy: 0.0589 - val_loss: 3.8504 - val_accuracy: 0.0721 - 3s/epoch - 4ms/step
Epoch 37/100
782/782 - 3s - loss: 3.8820 - accuracy: 0.0594 - val_loss: 3.8353 - val_accuracy: 0.0748 - 3s/epoch - 4ms/step
Epoch 38/100
782/782 - 3s - loss: 3.8768 - accuracy: 0.0603 - val_loss: 3.8582 - val_accuracy: 0.0715 - 3s/epoch - 4ms/step
Epoch 39/100
782/782 - 3s - loss: 3.8691 - accuracy: 0.0605 - val_loss: 3.8242 - val_accuracy: 0.0747 - 3s/epoch - 4ms/step
Epoch 40/100
782/782 - 3s - loss: 3.8585 - accuracy: 0.0635 - val_loss: 3.8227 - val_accuracy: 0.0754 - 3s/epoch - 4ms/step
Epoch 41/100
782/782 - 3s - loss: 3.8471 - accuracy: 0.0646 - val_loss: 3.8134 - val_accuracy: 0.0762 - 3s/epoch - 4ms/step
Epoch 42/100
782/782 - 3s - loss: 3.8403 - accuracy: 0.0635 - val_loss: 3.8267 - val_accuracy: 0.0756 - 3s/epoch - 4ms/step
Epoch 43/100
782/782 - 3s - loss: 3.8270 - accuracy: 0.0647 - val_loss: 3.7980 - val_accuracy: 0.0774 - 3s/epoch - 4ms/step
Epoch 44/100
782/782 - 3s - loss: 3.8195 - accuracy: 0.0650 - val_loss: 3.7970 - val_accuracy: 0.0786 - 3s/epoch - 4ms/step
Epoch 45/100
782/782 - 3s - loss: 3.8080 - accuracy: 0.0652 - val_loss: 3.7930 - val_accuracy: 0.0778 - 3s/epoch - 4ms/step
Epoch 46/100
782/782 - 3s - loss: 3.7942 - accuracy: 0.0665 - val_loss: 3.7914 - val_accuracy: 0.0785 - 3s/epoch - 4ms/step
Epoch 47/100
782/782 - 3s - loss: 3.7861 - accuracy: 0.0673 - val_loss: 3.7968 - val_accuracy: 0.0790 - 3s/epoch - 4ms/step
Epoch 48/100
782/782 - 3s - loss: 3.7787 - accuracy: 0.0690 - val_loss: 3.7780 - val_accuracy: 0.0826 - 3s/epoch - 4ms/step
Epoch 49/100
782/782 - 3s - loss: 3.7716 - accuracy: 0.0690 - val_loss: 3.7804 - val_accuracy: 0.0836 - 3s/epoch - 4ms/step
Epoch 50/100
782/782 - 3s - loss: 3.7583 - accuracy: 0.0690 - val_loss: 3.7683 - val_accuracy: 0.0846 - 3s/epoch - 4ms/step
Epoch 51/100
782/782 - 3s - loss: 3.7477 - accuracy: 0.0747 - val_loss: 3.7871 - val_accuracy: 0.0790 - 3s/epoch - 4ms/step
Epoch 52/100
782/782 - 3s - loss: 3.7427 - accuracy: 0.0742 - val_loss: 3.7672 - val_accuracy: 0.0834 - 3s/epoch - 4ms/step
Epoch 53/100
782/782 - 3s - loss: 3.7285 - accuracy: 0.0733 - val_loss: 3.7629 - val_accuracy: 0.0836 - 3s/epoch - 4ms/step
Epoch 54/100
782/782 - 3s - loss: 3.7191 - accuracy: 0.0745 - val_loss: 3.7601 - val_accuracy: 0.0854 - 3s/epoch - 4ms/step
Epoch 55/100
782/782 - 3s - loss: 3.7061 - accuracy: 0.0749 - val_loss: 3.7673 - val_accuracy: 0.0831 - 3s/epoch - 4ms/step
Epoch 56/100
782/782 - 3s - loss: 3.6993 - accuracy: 0.0761 - val_loss: 3.7614 - val_accuracy: 0.0854 - 3s/epoch - 4ms/step
Epoch 57/100
782/782 - 3s - loss: 3.6893 - accuracy: 0.0782 - val_loss: 3.7488 - val_accuracy: 0.0905 - 3s/epoch - 4ms/step
Epoch 58/100
782/782 - 3s - loss: 3.6776 - accuracy: 0.0787 - val_loss: 3.7553 - val_accuracy: 0.0884 - 3s/epoch - 4ms/step
Epoch 59/100
782/782 - 3s - loss: 3.6717 - accuracy: 0.0783 - val_loss: 3.7566 - val_accuracy: 0.0869 - 3s/epoch - 4ms/step
Epoch 60/100
782/782 - 3s - loss: 3.6579 - accuracy: 0.0790 - val_loss: 3.7561 - val_accuracy: 0.0889 - 3s/epoch - 4ms/step
Epoch 61/100
782/782 - 3s - loss: 3.6513 - accuracy: 0.0810 - val_loss: 3.7553 - val_accuracy: 0.0885 - 3s/epoch - 4ms/step
Epoch 62/100
782/782 - 3s - loss: 3.6388 - accuracy: 0.0804 - val_loss: 3.7523 - val_accuracy: 0.0906 - 3s/epoch - 4ms/step
Epoch 63/100
782/782 - 3s - loss: 3.6323 - accuracy: 0.0818 - val_loss: 3.7596 - val_accuracy: 0.0926 - 3s/epoch - 4ms/step
Epoch 64/100
782/782 - 3s - loss: 3.6293 - accuracy: 0.0824 - val_loss: 3.7407 - val_accuracy: 0.0943 - 3s/epoch - 4ms/step
Epoch 65/100
782/782 - 3s - loss: 3.6130 - accuracy: 0.0846 - val_loss: 3.7463 - val_accuracy: 0.0950 - 3s/epoch - 4ms/step
Epoch 66/100
782/782 - 3s - loss: 3.6071 - accuracy: 0.0831 - val_loss: 3.7517 - val_accuracy: 0.0926 - 3s/epoch - 4ms/step
Epoch 67/100
782/782 - 3s - loss: 3.5962 - accuracy: 0.0834 - val_loss: 3.7515 - val_accuracy: 0.0906 - 3s/epoch - 4ms/step
Epoch 68/100
782/782 - 3s - loss: 3.5892 - accuracy: 0.0847 - val_loss: 3.7517 - val_accuracy: 0.0930 - 3s/epoch - 4ms/step
Epoch 69/100
782/782 - 3s - loss: 3.5774 - accuracy: 0.0859 - val_loss: 3.7403 - val_accuracy: 0.0911 - 3s/epoch - 4ms/step
Epoch 70/100
782/782 - 3s - loss: 3.5726 - accuracy: 0.0877 - val_loss: 3.7463 - val_accuracy: 0.0924 - 3s/epoch - 4ms/step
Epoch 71/100
782/782 - 3s - loss: 3.5667 - accuracy: 0.0852 - val_loss: 3.7556 - val_accuracy: 0.0928 - 3s/epoch - 4ms/step
Epoch 72/100
782/782 - 3s - loss: 3.5610 - accuracy: 0.0878 - val_loss: 3.7547 - val_accuracy: 0.0970 - 3s/epoch - 4ms/step
Epoch 73/100
782/782 - 3s - loss: 3.5463 - accuracy: 0.0874 - val_loss: 3.7508 - val_accuracy: 0.0955 - 3s/epoch - 4ms/step
Epoch 74/100
782/782 - 3s - loss: 3.5454 - accuracy: 0.0874 - val_loss: 3.7618 - val_accuracy: 0.0943 - 3s/epoch - 4ms/step
Epoch 75/100
782/782 - 3s - loss: 3.5331 - accuracy: 0.0908 - val_loss: 3.7548 - val_accuracy: 0.0931 - 3s/epoch - 4ms/step
Epoch 76/100
782/782 - 3s - loss: 3.5269 - accuracy: 0.0917 - val_loss: 3.7604 - val_accuracy: 0.0919 - 3s/epoch - 4ms/step
Epoch 77/100
782/782 - 3s - loss: 3.5199 - accuracy: 0.0915 - val_loss: 3.7664 - val_accuracy: 0.0935 - 3s/epoch - 4ms/step
Epoch 78/100
782/782 - 3s - loss: 3.5084 - accuracy: 0.0909 - val_loss: 3.7691 - val_accuracy: 0.0927 - 3s/epoch - 4ms/step
Epoch 79/100
782/782 - 3s - loss: 3.4997 - accuracy: 0.0911 - val_loss: 3.7702 - val_accuracy: 0.0972 - 3s/epoch - 4ms/step
Epoch 80/100
782/782 - 3s - loss: 3.4986 - accuracy: 0.0916 - val_loss: 3.7619 - val_accuracy: 0.0960 - 3s/epoch - 4ms/step
Epoch 81/100
782/782 - 3s - loss: 3.4943 - accuracy: 0.0934 - val_loss: 3.7649 - val_accuracy: 0.0940 - 3s/epoch - 4ms/step
Epoch 82/100
782/782 - 3s - loss: 3.4839 - accuracy: 0.0928 - val_loss: 3.7747 - val_accuracy: 0.0990 - 3s/epoch - 4ms/step
Epoch 83/100
782/782 - 3s - loss: 3.4757 - accuracy: 0.0953 - val_loss: 3.7592 - val_accuracy: 0.0975 - 3s/epoch - 4ms/step
Epoch 84/100
782/782 - 3s - loss: 3.4685 - accuracy: 0.0949 - val_loss: 3.7608 - val_accuracy: 0.0982 - 3s/epoch - 4ms/step
Epoch 85/100
782/782 - 3s - loss: 3.4663 - accuracy: 0.0951 - val_loss: 3.7633 - val_accuracy: 0.0986 - 3s/epoch - 4ms/step
Epoch 86/100
782/782 - 3s - loss: 3.4597 - accuracy: 0.0962 - val_loss: 3.7580 - val_accuracy: 0.0990 - 3s/epoch - 4ms/step
Epoch 87/100
782/782 - 3s - loss: 3.4493 - accuracy: 0.0971 - val_loss: 3.7666 - val_accuracy: 0.0959 - 3s/epoch - 4ms/step
Epoch 88/100
782/782 - 3s - loss: 3.4378 - accuracy: 0.0981 - val_loss: 3.7701 - val_accuracy: 0.1036 - 3s/epoch - 4ms/step
Epoch 89/100
782/782 - 3s - loss: 3.4305 - accuracy: 0.0992 - val_loss: 3.7737 - val_accuracy: 0.0999 - 3s/epoch - 4ms/step
Epoch 90/100
782/782 - 3s - loss: 3.4354 - accuracy: 0.0982 - val_loss: 3.7598 - val_accuracy: 0.1009 - 3s/epoch - 4ms/step
Epoch 91/100
782/782 - 3s - loss: 3.4304 - accuracy: 0.0984 - val_loss: 3.7722 - val_accuracy: 0.1014 - 3s/epoch - 4ms/step
Epoch 92/100
782/782 - 3s - loss: 3.4199 - accuracy: 0.1007 - val_loss: 3.7986 - val_accuracy: 0.0984 - 3s/epoch - 4ms/step
Epoch 93/100
782/782 - 3s - loss: 3.4142 - accuracy: 0.1000 - val_loss: 3.7787 - val_accuracy: 0.1004 - 3s/epoch - 4ms/step
Epoch 94/100
782/782 - 3s - loss: 3.4048 - accuracy: 0.0986 - val_loss: 3.7885 - val_accuracy: 0.1018 - 3s/epoch - 4ms/step
Epoch 95/100
782/782 - 3s - loss: 3.4059 - accuracy: 0.1006 - val_loss: 3.7805 - val_accuracy: 0.0989 - 3s/epoch - 4ms/step
Epoch 96/100
782/782 - 3s - loss: 3.4022 - accuracy: 0.1007 - val_loss: 3.7769 - val_accuracy: 0.0989 - 3s/epoch - 4ms/step
Epoch 97/100
782/782 - 3s - loss: 3.3896 - accuracy: 0.1007 - val_loss: 3.7915 - val_accuracy: 0.0990 - 3s/epoch - 4ms/step
Epoch 98/100
782/782 - 3s - loss: 3.3795 - accuracy: 0.1021 - val_loss: 3.7758 - val_accuracy: 0.1010 - 3s/epoch - 4ms/step
Epoch 99/100
782/782 - 3s - loss: 3.3847 - accuracy: 0.1028 - val_loss: 3.7844 - val_accuracy: 0.0961 - 3s/epoch - 4ms/step
Epoch 100/100
782/782 - 3s - loss: 3.3734 - accuracy: 0.1046 - val_loss: 3.7840 - val_accuracy: 0.1021 - 3s/epoch - 4ms/step
313/313 - 1s - loss: 3.7840 - accuracy: 0.1021 - 523ms/epoch - 2ms/step

ACCURACY: 0.10209999978542328


SCORE: -0.3617767838497963

[92m | MODULE VALUES ---------------------------------------------  |
 [0m
FLOPS: 4846608
PARAMS: 202192.0
[92m 
 | -----------------------------------------------------------  |
 [0m

--- BANANAS ITERATION 61 / 1000 ---
Chosen point: {'num_neurons': 8, 'unit_c1': 1, 'unit_c2': 1, 'dr_f': 0.1193809841254716, 'learning_rate': 0.00034081469173526596, 'batch_size': 64, 'optimizer': 'SGD', 'activation': 'relu', 'data_augmentation': False, 'reg_l2': True, 'skip_connection': False, 'new_fc_1': 17, 'new_fc_2': 8, 'new_fc_3': 1, 'new_fc_4': 2, 'new_fc_5': 6, 'new_fc_6': 17, 'new_fc_7': 30, 'new_fc_8': 11, 'new_fc_9': 25, 'new_fc_10': 6}
[94m
|  --> START TRAINING ITERATION 10[0m
[INFO] Flags -> DA: False, L2: True, Skip: False
Building model with input_shape=(32, 32, 3), pos_input_shape=None, layer_x_block=2
Model: "model"
_________________________________________________________________
 Layer (type)                Output Shape              Param #   
=================================================================
 input_1 (InputLayer)        [(None, 32, 32, 3)]       0         
                                                                 
 conv2d (Conv2D)             (None, 32, 32, 8)         224       
                                                                 
 activation (Activation)     (None, 32, 32, 8)         0         
                                                                 
 conv2d_1 (Conv2D)           (None, 32, 32, 8)         584       
                                                                 
 activation_1 (Activation)   (None, 32, 32, 8)         0         
                                                                 
 max_pooling2d (MaxPooling2  (None, 16, 16, 8)         0         
 D)                                                              
                                                                 
 conv2d_2 (Conv2D)           (None, 16, 16, 8)         584       
                                                                 
 activation_2 (Activation)   (None, 16, 16, 8)         0         
                                                                 
 conv2d_3 (Conv2D)           (None, 16, 16, 8)         584       
                                                                 
 activation_3 (Activation)   (None, 16, 16, 8)         0         
                                                                 
 max_pooling2d_1 (MaxPoolin  (None, 8, 8, 8)           0         
 g2D)                                                            
                                                                 
 flatten (Flatten)           (None, 512)               0         
                                                                 
 dense (Dense)               (None, 136)               69768     
                                                                 
 activation_4 (Activation)   (None, 136)               0         
                                                                 
 dropout (Dropout)           (None, 136)               0         
                                                                 
 dense_1 (Dense)             (None, 64)                8768      
                                                                 
 activation_5 (Activation)   (None, 64)                0         
                                                                 
 dropout_1 (Dropout)         (None, 64)                0         
                                                                 
 dense_2 (Dense)             (None, 8)                 520       
                                                                 
 activation_6 (Activation)   (None, 8)                 0         
                                                                 
 dropout_2 (Dropout)         (None, 8)                 0         
                                                                 
 dense_3 (Dense)             (None, 16)                144       
                                                                 
 activation_7 (Activation)   (None, 16)                0         
                                                                 
 dropout_3 (Dropout)         (None, 16)                0         
                                                                 
 dense_4 (Dense)             (None, 48)                816       
                                                                 
 activation_8 (Activation)   (None, 48)                0         
                                                                 
 dropout_4 (Dropout)         (None, 48)                0         
                                                                 
 dense_5 (Dense)             (None, 136)               6664      
                                                                 
 activation_9 (Activation)   (None, 136)               0         
                                                                 
 dropout_5 (Dropout)         (None, 136)               0         
                                                                 
 dense_6 (Dense)             (None, 240)               32880     
                                                                 
 activation_10 (Activation)  (None, 240)               0         
                                                                 
 dropout_6 (Dropout)         (None, 240)               0         
                                                                 
 dense_7 (Dense)             (None, 88)                21208     
                                                                 
 activation_11 (Activation)  (None, 88)                0         
                                                                 
 dropout_7 (Dropout)         (None, 88)                0         
                                                                 
 dense_8 (Dense)             (None, 200)               17800     
                                                                 
 activation_12 (Activation)  (None, 200)               0         
                                                                 
 dropout_8 (Dropout)         (None, 200)               0         
                                                                 
 dense_9 (Dense)             (None, 48)                9648      
                                                                 
 activation_13 (Activation)  (None, 48)                0         
                                                                 
 dropout_9 (Dropout)         (None, 48)                0         
                                                                 
 dense_10 (Dense)            (None, 100)               4900      
                                                                 
=================================================================
Total params: 175092 (683.95 KB)
Trainable params: 175092 (683.95 KB)
Non-trainable params: 0 (0.00 Byte)
_________________________________________________________________
Epoch 1/100
782/782 - 4s - loss: 14.6903 - accuracy: 0.0096 - val_loss: 14.6371 - val_accuracy: 0.0110 - 4s/epoch - 5ms/step
Epoch 2/100
782/782 - 3s - loss: 14.5846 - accuracy: 0.0094 - val_loss: 14.5320 - val_accuracy: 0.0117 - 3s/epoch - 4ms/step
Epoch 3/100
782/782 - 3s - loss: 14.4800 - accuracy: 0.0092 - val_loss: 14.4279 - val_accuracy: 0.0113 - 3s/epoch - 4ms/step
Epoch 4/100
782/782 - 3s - loss: 14.3765 - accuracy: 0.0097 - val_loss: 14.3249 - val_accuracy: 0.0113 - 3s/epoch - 4ms/step
Epoch 5/100
782/782 - 3s - loss: 14.2740 - accuracy: 0.0102 - val_loss: 14.2231 - val_accuracy: 0.0114 - 3s/epoch - 4ms/step
Epoch 6/100
782/782 - 3s - loss: 14.1727 - accuracy: 0.0103 - val_loss: 14.1223 - val_accuracy: 0.0130 - 3s/epoch - 4ms/step
Epoch 7/100
782/782 - 3s - loss: 14.0724 - accuracy: 0.0098 - val_loss: 14.0225 - val_accuracy: 0.0120 - 3s/epoch - 4ms/step
Epoch 8/100
782/782 - 3s - loss: 13.9732 - accuracy: 0.0102 - val_loss: 13.9238 - val_accuracy: 0.0127 - 3s/epoch - 4ms/step
Epoch 9/100
782/782 - 3s - loss: 13.8751 - accuracy: 0.0104 - val_loss: 13.8262 - val_accuracy: 0.0125 - 3s/epoch - 4ms/step
Epoch 10/100
782/782 - 3s - loss: 13.7779 - accuracy: 0.0101 - val_loss: 13.7296 - val_accuracy: 0.0129 - 3s/epoch - 4ms/step
Epoch 11/100
782/782 - 3s - loss: 13.6818 - accuracy: 0.0096 - val_loss: 13.6340 - val_accuracy: 0.0122 - 3s/epoch - 4ms/step
Epoch 12/100
782/782 - 3s - loss: 13.5867 - accuracy: 0.0101 - val_loss: 13.5394 - val_accuracy: 0.0118 - 3s/epoch - 4ms/step
Epoch 13/100
782/782 - 3s - loss: 13.4926 - accuracy: 0.0102 - val_loss: 13.4458 - val_accuracy: 0.0121 - 3s/epoch - 4ms/step
Epoch 14/100
782/782 - 3s - loss: 13.3996 - accuracy: 0.0101 - val_loss: 13.3532 - val_accuracy: 0.0109 - 3s/epoch - 4ms/step
Epoch 15/100
782/782 - 3s - loss: 13.3074 - accuracy: 0.0104 - val_loss: 13.2616 - val_accuracy: 0.0105 - 3s/epoch - 4ms/step
Epoch 16/100
782/782 - 3s - loss: 13.2163 - accuracy: 0.0105 - val_loss: 13.1709 - val_accuracy: 0.0105 - 3s/epoch - 4ms/step
Epoch 17/100
782/782 - 3s - loss: 13.1261 - accuracy: 0.0101 - val_loss: 13.0812 - val_accuracy: 0.0115 - 3s/epoch - 4ms/step
Epoch 18/100
782/782 - 3s - loss: 13.0369 - accuracy: 0.0108 - val_loss: 12.9925 - val_accuracy: 0.0132 - 3s/epoch - 4ms/step
Epoch 19/100
782/782 - 3s - loss: 12.9486 - accuracy: 0.0100 - val_loss: 12.9047 - val_accuracy: 0.0121 - 3s/epoch - 4ms/step
Epoch 20/100
782/782 - 3s - loss: 12.8612 - accuracy: 0.0102 - val_loss: 12.8178 - val_accuracy: 0.0104 - 3s/epoch - 4ms/step
Epoch 21/100
782/782 - 3s - loss: 12.7748 - accuracy: 0.0104 - val_loss: 12.7318 - val_accuracy: 0.0099 - 3s/epoch - 4ms/step
Epoch 22/100
782/782 - 3s - loss: 12.6893 - accuracy: 0.0104 - val_loss: 12.6467 - val_accuracy: 0.0100 - 3s/epoch - 4ms/step
Epoch 23/100
782/782 - 3s - loss: 12.6046 - accuracy: 0.0110 - val_loss: 12.5625 - val_accuracy: 0.0100 - 3s/epoch - 4ms/step
Epoch 24/100
782/782 - 3s - loss: 12.5209 - accuracy: 0.0107 - val_loss: 12.4792 - val_accuracy: 0.0101 - 3s/epoch - 4ms/step
Epoch 25/100
782/782 - 3s - loss: 12.4381 - accuracy: 0.0099 - val_loss: 12.3968 - val_accuracy: 0.0114 - 3s/epoch - 4ms/step
Epoch 26/100
782/782 - 3s - loss: 12.3561 - accuracy: 0.0111 - val_loss: 12.3153 - val_accuracy: 0.0111 - 3s/epoch - 4ms/step
Epoch 27/100
782/782 - 3s - loss: 12.2750 - accuracy: 0.0109 - val_loss: 12.2346 - val_accuracy: 0.0111 - 3s/epoch - 4ms/step
Epoch 28/100
782/782 - 3s - loss: 12.1947 - accuracy: 0.0097 - val_loss: 12.1548 - val_accuracy: 0.0113 - 3s/epoch - 4ms/step
Epoch 29/100
782/782 - 3s - loss: 12.1153 - accuracy: 0.0103 - val_loss: 12.0758 - val_accuracy: 0.0109 - 3s/epoch - 4ms/step
Epoch 30/100
782/782 - 3s - loss: 12.0367 - accuracy: 0.0111 - val_loss: 11.9976 - val_accuracy: 0.0101 - 3s/epoch - 4ms/step
Epoch 31/100
Restoring model weights from the end of the best epoch: 1.
782/782 - 3s - loss: 11.9590 - accuracy: 0.0103 - val_loss: 11.9203 - val_accuracy: 0.0110 - 3s/epoch - 4ms/step
Epoch 31: early stopping
313/313 - 1s - loss: 14.6371 - accuracy: 0.0110 - 534ms/epoch - 2ms/step

ACCURACY: 0.010999999940395355


SCORE: -0.3025235839582768

[92m | MODULE VALUES ---------------------------------------------  |
 [0m
FLOPS: 2588208
PARAMS: 175092.0
[92m 
 | -----------------------------------------------------------  |
 [0m

--- BANANAS ITERATION 62 / 1000 ---
Chosen point: {'num_neurons': 4, 'unit_c1': 4, 'unit_c2': 2, 'dr_f': 0.045329538922676035, 'learning_rate': 0.0008497497786075998, 'batch_size': 32, 'optimizer': 'SGD', 'activation': 'elu', 'data_augmentation': True, 'reg_l2': True, 'skip_connection': True, 'new_fc_1': 32, 'new_fc_2': 4, 'new_fc_3': 3, 'new_fc_4': 9, 'new_fc_5': 3, 'new_fc_6': 24, 'new_fc_7': 16, 'new_fc_8': 11, 'new_fc_9': 14, 'new_fc_10': 8}
[94m
|  --> START TRAINING ITERATION 11[0m
[INFO] Flags -> DA: True, L2: True, Skip: True
Building model with input_shape=(32, 32, 3), pos_input_shape=None, layer_x_block=2
Model: "model"
__________________________________________________________________________________________________
 Layer (type)                Output Shape                 Param #   Connected to                  
==================================================================================================
 input_2 (InputLayer)        [(None, 32, 32, 3)]          0         []                            
                                                                                                  
 conv2d (Conv2D)             (None, 32, 32, 16)           448       ['input_2[0][0]']             
                                                                                                  
 activation (Activation)     (None, 32, 32, 16)           0         ['conv2d[1][0]']              
                                                                                                  
 conv2d_2 (Conv2D)           (None, 32, 32, 16)           64        ['input_2[0][0]']             
                                                                                                  
 conv2d_1 (Conv2D)           (None, 32, 32, 16)           2320      ['activation[1][0]']          
                                                                                                  
 add (Add)                   (None, 32, 32, 16)           0         ['conv2d_2[1][0]',            
                                                                     'conv2d_1[1][0]']            
                                                                                                  
 activation_1 (Activation)   (None, 32, 32, 16)           0         ['add[1][0]']                 
                                                                                                  
 max_pooling2d (MaxPooling2  (None, 16, 16, 16)           0         ['activation_1[1][0]']        
 D)                                                                                               
                                                                                                  
 conv2d_3 (Conv2D)           (None, 16, 16, 8)            1160      ['max_pooling2d[1][0]']       
                                                                                                  
 activation_2 (Activation)   (None, 16, 16, 8)            0         ['conv2d_3[1][0]']            
                                                                                                  
 conv2d_5 (Conv2D)           (None, 16, 16, 8)            136       ['max_pooling2d[1][0]']       
                                                                                                  
 conv2d_4 (Conv2D)           (None, 16, 16, 8)            584       ['activation_2[1][0]']        
                                                                                                  
 add_1 (Add)                 (None, 16, 16, 8)            0         ['conv2d_5[1][0]',            
                                                                     'conv2d_4[1][0]']            
                                                                                                  
 activation_3 (Activation)   (None, 16, 16, 8)            0         ['add_1[1][0]']               
                                                                                                  
 max_pooling2d_1 (MaxPoolin  (None, 8, 8, 8)              0         ['activation_3[1][0]']        
 g2D)                                                                                             
                                                                                                  
 flatten (Flatten)           (None, 512)                  0         ['max_pooling2d_1[1][0]']     
                                                                                                  
 dense (Dense)               (None, 128)                  65664     ['flatten[1][0]']             
                                                                                                  
 activation_4 (Activation)   (None, 128)                  0         ['dense[1][0]']               
                                                                                                  
 dropout (Dropout)           (None, 128)                  0         ['activation_4[1][0]']        
                                                                                                  
 dense_1 (Dense)             (None, 16)                   2064      ['dropout[1][0]']             
                                                                                                  
 activation_5 (Activation)   (None, 16)                   0         ['dense_1[1][0]']             
                                                                                                  
 dropout_1 (Dropout)         (None, 16)                   0         ['activation_5[1][0]']        
                                                                                                  
 dense_2 (Dense)             (None, 12)                   204       ['dropout_1[1][0]']           
                                                                                                  
 activation_6 (Activation)   (None, 12)                   0         ['dense_2[1][0]']             
                                                                                                  
 dropout_2 (Dropout)         (None, 12)                   0         ['activation_6[1][0]']        
                                                                                                  
 dense_3 (Dense)             (None, 36)                   468       ['dropout_2[1][0]']           
                                                                                                  
 activation_7 (Activation)   (None, 36)                   0         ['dense_3[1][0]']             
                                                                                                  
 dropout_3 (Dropout)         (None, 36)                   0         ['activation_7[1][0]']        
                                                                                                  
 dense_4 (Dense)             (None, 12)                   444       ['dropout_3[1][0]']           
                                                                                                  
 activation_8 (Activation)   (None, 12)                   0         ['dense_4[1][0]']             
                                                                                                  
 dropout_4 (Dropout)         (None, 12)                   0         ['activation_8[1][0]']        
                                                                                                  
 dense_5 (Dense)             (None, 96)                   1248      ['dropout_4[1][0]']           
                                                                                                  
 activation_9 (Activation)   (None, 96)                   0         ['dense_5[1][0]']             
                                                                                                  
 dropout_5 (Dropout)         (None, 96)                   0         ['activation_9[1][0]']        
                                                                                                  
 dense_6 (Dense)             (None, 64)                   6208      ['dropout_5[1][0]']           
                                                                                                  
 activation_10 (Activation)  (None, 64)                   0         ['dense_6[1][0]']             
                                                                                                  
 dropout_6 (Dropout)         (None, 64)                   0         ['activation_10[1][0]']       
                                                                                                  
 dense_7 (Dense)             (None, 44)                   2860      ['dropout_6[1][0]']           
                                                                                                  
 activation_11 (Activation)  (None, 44)                   0         ['dense_7[1][0]']             
                                                                                                  
 dropout_7 (Dropout)         (None, 44)                   0         ['activation_11[1][0]']       
                                                                                                  
 dense_8 (Dense)             (None, 56)                   2520      ['dropout_7[1][0]']           
                                                                                                  
 activation_12 (Activation)  (None, 56)                   0         ['dense_8[1][0]']             
                                                                                                  
 dropout_8 (Dropout)         (None, 56)                   0         ['activation_12[1][0]']       
                                                                                                  
 dense_9 (Dense)             (None, 32)                   1824      ['dropout_8[1][0]']           
                                                                                                  
 activation_13 (Activation)  (None, 32)                   0         ['dense_9[1][0]']             
                                                                                                  
 dropout_9 (Dropout)         (None, 32)                   0         ['activation_13[1][0]']       
                                                                                                  
 dense_10 (Dense)            (None, 100)                  3300      ['dropout_9[1][0]']           
                                                                                                  
==================================================================================================
Total params: 91516 (357.48 KB)
Trainable params: 91516 (357.48 KB)
Non-trainable params: 0 (0.00 Byte)
__________________________________________________________________________________________________
Epoch 1/100
1563/1563 - 8s - loss: 10.4862 - accuracy: 0.0088 - val_loss: 10.3328 - val_accuracy: 0.0089 - 8s/epoch - 5ms/step
Epoch 2/100
1563/1563 - 6s - loss: 10.1897 - accuracy: 0.0103 - val_loss: 10.0463 - val_accuracy: 0.0093 - 6s/epoch - 4ms/step
Epoch 3/100
1563/1563 - 6s - loss: 9.9104 - accuracy: 0.0098 - val_loss: 9.7757 - val_accuracy: 0.0112 - 6s/epoch - 4ms/step
Epoch 4/100
1563/1563 - 6s - loss: 9.6470 - accuracy: 0.0107 - val_loss: 9.5194 - val_accuracy: 0.0131 - 6s/epoch - 4ms/step
Epoch 5/100
1563/1563 - 6s - loss: 9.3976 - accuracy: 0.0108 - val_loss: 9.2765 - val_accuracy: 0.0135 - 6s/epoch - 4ms/step
Epoch 6/100
1563/1563 - 6s - loss: 9.1608 - accuracy: 0.0112 - val_loss: 9.0463 - val_accuracy: 0.0154 - 6s/epoch - 4ms/step
Epoch 7/100
1563/1563 - 6s - loss: 8.9363 - accuracy: 0.0123 - val_loss: 8.8279 - val_accuracy: 0.0163 - 6s/epoch - 4ms/step
Epoch 8/100
1563/1563 - 6s - loss: 8.7236 - accuracy: 0.0112 - val_loss: 8.6207 - val_accuracy: 0.0167 - 6s/epoch - 4ms/step
Epoch 9/100
1563/1563 - 6s - loss: 8.5217 - accuracy: 0.0117 - val_loss: 8.4240 - val_accuracy: 0.0154 - 6s/epoch - 4ms/step
Epoch 10/100
1563/1563 - 6s - loss: 8.3300 - accuracy: 0.0120 - val_loss: 8.2373 - val_accuracy: 0.0158 - 6s/epoch - 4ms/step
Epoch 11/100
1563/1563 - 6s - loss: 8.1480 - accuracy: 0.0120 - val_loss: 8.0600 - val_accuracy: 0.0134 - 6s/epoch - 4ms/step
Epoch 12/100
1563/1563 - 6s - loss: 7.9753 - accuracy: 0.0117 - val_loss: 7.8918 - val_accuracy: 0.0130 - 6s/epoch - 4ms/step
Epoch 13/100
1563/1563 - 6s - loss: 7.8113 - accuracy: 0.0120 - val_loss: 7.7320 - val_accuracy: 0.0114 - 6s/epoch - 4ms/step
Epoch 14/100
1563/1563 - 6s - loss: 7.6556 - accuracy: 0.0116 - val_loss: 7.5803 - val_accuracy: 0.0104 - 6s/epoch - 4ms/step
Epoch 15/100
1563/1563 - 6s - loss: 7.5078 - accuracy: 0.0107 - val_loss: 7.4363 - val_accuracy: 0.0102 - 6s/epoch - 4ms/step
Epoch 16/100
1563/1563 - 6s - loss: 7.3675 - accuracy: 0.0104 - val_loss: 7.2996 - val_accuracy: 0.0099 - 6s/epoch - 4ms/step
Epoch 17/100
1563/1563 - 6s - loss: 7.2342 - accuracy: 0.0106 - val_loss: 7.1698 - val_accuracy: 0.0100 - 6s/epoch - 4ms/step
Epoch 18/100
1563/1563 - 6s - loss: 7.1077 - accuracy: 0.0103 - val_loss: 7.0465 - val_accuracy: 0.0100 - 6s/epoch - 4ms/step
Epoch 19/100
1563/1563 - 6s - loss: 6.9876 - accuracy: 0.0103 - val_loss: 6.9295 - val_accuracy: 0.0100 - 6s/epoch - 4ms/step
Epoch 20/100
1563/1563 - 6s - loss: 6.8735 - accuracy: 0.0102 - val_loss: 6.8184 - val_accuracy: 0.0100 - 6s/epoch - 4ms/step
Epoch 21/100
1563/1563 - 6s - loss: 6.7652 - accuracy: 0.0100 - val_loss: 6.7128 - val_accuracy: 0.0100 - 6s/epoch - 4ms/step
Epoch 22/100
1563/1563 - 6s - loss: 6.6624 - accuracy: 0.0100 - val_loss: 6.6127 - val_accuracy: 0.0100 - 6s/epoch - 4ms/step
Epoch 23/100
1563/1563 - 6s - loss: 6.5647 - accuracy: 0.0101 - val_loss: 6.5175 - val_accuracy: 0.0100 - 6s/epoch - 4ms/step
Epoch 24/100
1563/1563 - 6s - loss: 6.4720 - accuracy: 0.0101 - val_loss: 6.4272 - val_accuracy: 0.0100 - 6s/epoch - 4ms/step
Epoch 25/100
1563/1563 - 6s - loss: 6.3840 - accuracy: 0.0101 - val_loss: 6.3414 - val_accuracy: 0.0100 - 6s/epoch - 4ms/step
Epoch 26/100
1563/1563 - 6s - loss: 6.3003 - accuracy: 0.0100 - val_loss: 6.2599 - val_accuracy: 0.0100 - 6s/epoch - 4ms/step
Epoch 27/100
1563/1563 - 6s - loss: 6.2209 - accuracy: 0.0100 - val_loss: 6.1825 - val_accuracy: 0.0100 - 6s/epoch - 4ms/step
Epoch 28/100
1563/1563 - 6s - loss: 6.1455 - accuracy: 0.0100 - val_loss: 6.1090 - val_accuracy: 0.0100 - 6s/epoch - 4ms/step
Epoch 29/100
1563/1563 - 6s - loss: 6.0739 - accuracy: 0.0100 - val_loss: 6.0392 - val_accuracy: 0.0100 - 6s/epoch - 4ms/step
Epoch 30/100
1563/1563 - 6s - loss: 6.0058 - accuracy: 0.0100 - val_loss: 5.9729 - val_accuracy: 0.0100 - 6s/epoch - 4ms/step
Epoch 31/100
1563/1563 - 6s - loss: 5.9412 - accuracy: 0.0100 - val_loss: 5.9099 - val_accuracy: 0.0100 - 6s/epoch - 4ms/step
Epoch 32/100
1563/1563 - 6s - loss: 5.8798 - accuracy: 0.0100 - val_loss: 5.8501 - val_accuracy: 0.0100 - 6s/epoch - 4ms/step
Epoch 33/100
1563/1563 - 6s - loss: 5.8214 - accuracy: 0.0100 - val_loss: 5.7932 - val_accuracy: 0.0100 - 6s/epoch - 4ms/step
Epoch 34/100
1563/1563 - 6s - loss: 5.7660 - accuracy: 0.0100 - val_loss: 5.7392 - val_accuracy: 0.0100 - 6s/epoch - 4ms/step
Epoch 35/100
1563/1563 - 6s - loss: 5.7133 - accuracy: 0.0098 - val_loss: 5.6879 - val_accuracy: 0.0100 - 6s/epoch - 4ms/step
Epoch 36/100
Restoring model weights from the end of the best epoch: 6.
1563/1563 - 6s - loss: 5.6633 - accuracy: 0.0100 - val_loss: 5.6391 - val_accuracy: 0.0100 - 6s/epoch - 4ms/step
Epoch 36: early stopping
313/313 - 1s - loss: 9.0463 - accuracy: 0.0154 - 512ms/epoch - 2ms/step

ACCURACY: 0.015399999916553497


SCORE: -0.29694484794158743

[92m | MODULE VALUES ---------------------------------------------  |
 [0m
FLOPS: 6917576
PARAMS: 91516.0
[92m 
 | -----------------------------------------------------------  |
 [0m

--- BANANAS ITERATION 63 / 1000 ---
Chosen point: {'num_neurons': 4, 'unit_c1': 1, 'unit_c2': 1, 'dr_f': 0.17706639741016264, 'learning_rate': 0.0005336902179396296, 'batch_size': 8, 'optimizer': 'SGD', 'activation': 'elu', 'data_augmentation': True, 'reg_l2': True, 'skip_connection': True, 'new_fc_1': 24, 'new_fc_2': 28, 'new_fc_3': 17, 'new_fc_4': 4, 'new_fc_5': 2, 'new_fc_6': 4, 'new_fc_7': 31, 'new_fc_8': 32, 'new_fc_9': 4, 'new_fc_10': 27}
[94m
|  --> START TRAINING ITERATION 12[0m
[INFO] Flags -> DA: True, L2: True, Skip: True
Building model with input_shape=(32, 32, 3), pos_input_shape=None, layer_x_block=2
Model: "model"
__________________________________________________________________________________________________
 Layer (type)                Output Shape                 Param #   Connected to                  
==================================================================================================
 input_2 (InputLayer)        [(None, 32, 32, 3)]          0         []                            
                                                                                                  
 conv2d (Conv2D)             (None, 32, 32, 4)            112       ['input_2[0][0]']             
                                                                                                  
 activation (Activation)     (None, 32, 32, 4)            0         ['conv2d[1][0]']              
                                                                                                  
 conv2d_2 (Conv2D)           (None, 32, 32, 4)            16        ['input_2[0][0]']             
                                                                                                  
 conv2d_1 (Conv2D)           (None, 32, 32, 4)            148       ['activation[1][0]']          
                                                                                                  
 add (Add)                   (None, 32, 32, 4)            0         ['conv2d_2[1][0]',            
                                                                     'conv2d_1[1][0]']            
                                                                                                  
 activation_1 (Activation)   (None, 32, 32, 4)            0         ['add[1][0]']                 
                                                                                                  
 max_pooling2d (MaxPooling2  (None, 16, 16, 4)            0         ['activation_1[1][0]']        
 D)                                                                                               
                                                                                                  
 conv2d_3 (Conv2D)           (None, 16, 16, 4)            148       ['max_pooling2d[1][0]']       
                                                                                                  
 activation_2 (Activation)   (None, 16, 16, 4)            0         ['conv2d_3[1][0]']            
                                                                                                  
 conv2d_4 (Conv2D)           (None, 16, 16, 4)            148       ['activation_2[1][0]']        
                                                                                                  
 add_1 (Add)                 (None, 16, 16, 4)            0         ['max_pooling2d[1][0]',       
                                                                     'conv2d_4[1][0]']            
                                                                                                  
 activation_3 (Activation)   (None, 16, 16, 4)            0         ['add_1[1][0]']               
                                                                                                  
 max_pooling2d_1 (MaxPoolin  (None, 8, 8, 4)              0         ['activation_3[1][0]']        
 g2D)                                                                                             
                                                                                                  
 flatten (Flatten)           (None, 256)                  0         ['max_pooling2d_1[1][0]']     
                                                                                                  
 dense (Dense)               (None, 96)                   24672     ['flatten[1][0]']             
                                                                                                  
 activation_4 (Activation)   (None, 96)                   0         ['dense[1][0]']               
                                                                                                  
 dropout (Dropout)           (None, 96)                   0         ['activation_4[1][0]']        
                                                                                                  
 dense_1 (Dense)             (None, 112)                  10864     ['dropout[1][0]']             
                                                                                                  
 activation_5 (Activation)   (None, 112)                  0         ['dense_1[1][0]']             
                                                                                                  
 dropout_1 (Dropout)         (None, 112)                  0         ['activation_5[1][0]']        
                                                                                                  
 dense_2 (Dense)             (None, 68)                   7684      ['dropout_1[1][0]']           
                                                                                                  
 activation_6 (Activation)   (None, 68)                   0         ['dense_2[1][0]']             
                                                                                                  
 dropout_2 (Dropout)         (None, 68)                   0         ['activation_6[1][0]']        
                                                                                                  
 dense_3 (Dense)             (None, 16)                   1104      ['dropout_2[1][0]']           
                                                                                                  
 activation_7 (Activation)   (None, 16)                   0         ['dense_3[1][0]']             
                                                                                                  
 dropout_3 (Dropout)         (None, 16)                   0         ['activation_7[1][0]']        
                                                                                                  
 dense_4 (Dense)             (None, 8)                    136       ['dropout_3[1][0]']           
                                                                                                  
 activation_8 (Activation)   (None, 8)                    0         ['dense_4[1][0]']             
                                                                                                  
 dropout_4 (Dropout)         (None, 8)                    0         ['activation_8[1][0]']        
                                                                                                  
 dense_5 (Dense)             (None, 16)                   144       ['dropout_4[1][0]']           
                                                                                                  
 activation_9 (Activation)   (None, 16)                   0         ['dense_5[1][0]']             
                                                                                                  
 dropout_5 (Dropout)         (None, 16)                   0         ['activation_9[1][0]']        
                                                                                                  
 dense_6 (Dense)             (None, 124)                  2108      ['dropout_5[1][0]']           
                                                                                                  
 activation_10 (Activation)  (None, 124)                  0         ['dense_6[1][0]']             
                                                                                                  
 dropout_6 (Dropout)         (None, 124)                  0         ['activation_10[1][0]']       
                                                                                                  
 dense_7 (Dense)             (None, 128)                  16000     ['dropout_6[1][0]']           
                                                                                                  
 activation_11 (Activation)  (None, 128)                  0         ['dense_7[1][0]']             
                                                                                                  
 dropout_7 (Dropout)         (None, 128)                  0         ['activation_11[1][0]']       
                                                                                                  
 dense_8 (Dense)             (None, 16)                   2064      ['dropout_7[1][0]']           
                                                                                                  
 activation_12 (Activation)  (None, 16)                   0         ['dense_8[1][0]']             
                                                                                                  
 dropout_8 (Dropout)         (None, 16)                   0         ['activation_12[1][0]']       
                                                                                                  
 dense_9 (Dense)             (None, 108)                  1836      ['dropout_8[1][0]']           
                                                                                                  
 activation_13 (Activation)  (None, 108)                  0         ['dense_9[1][0]']             
                                                                                                  
 dropout_9 (Dropout)         (None, 108)                  0         ['activation_13[1][0]']       
                                                                                                  
 dense_10 (Dense)            (None, 100)                  10900     ['dropout_9[1][0]']           
                                                                                                  
==================================================================================================
Total params: 78084 (305.02 KB)
Trainable params: 78084 (305.02 KB)
Non-trainable params: 0 (0.00 Byte)
__________________________________________________________________________________________________
Epoch 1/100
6250/6250 - 21s - loss: 11.1547 - accuracy: 0.0101 - val_loss: 10.7248 - val_accuracy: 0.0106 - 21s/epoch - 3ms/step
Epoch 2/100
6250/6250 - 20s - loss: 10.3382 - accuracy: 0.0102 - val_loss: 9.9660 - val_accuracy: 0.0108 - 20s/epoch - 3ms/step
Epoch 3/100
6250/6250 - 20s - loss: 9.6277 - accuracy: 0.0097 - val_loss: 9.3033 - val_accuracy: 0.0115 - 20s/epoch - 3ms/step
Epoch 4/100
6250/6250 - 19s - loss: 9.0072 - accuracy: 0.0101 - val_loss: 8.7234 - val_accuracy: 0.0141 - 19s/epoch - 3ms/step
Epoch 5/100
6250/6250 - 19s - loss: 8.4641 - accuracy: 0.0099 - val_loss: 8.2156 - val_accuracy: 0.0116 - 19s/epoch - 3ms/step
Epoch 6/100
6250/6250 - 20s - loss: 7.9885 - accuracy: 0.0099 - val_loss: 7.7710 - val_accuracy: 0.0112 - 20s/epoch - 3ms/step
Epoch 7/100
6250/6250 - 20s - loss: 7.5720 - accuracy: 0.0099 - val_loss: 7.3815 - val_accuracy: 0.0098 - 20s/epoch - 3ms/step
Epoch 8/100
6250/6250 - 19s - loss: 7.2073 - accuracy: 0.0100 - val_loss: 7.0404 - val_accuracy: 0.0100 - 19s/epoch - 3ms/step
Epoch 9/100
6250/6250 - 19s - loss: 6.8878 - accuracy: 0.0094 - val_loss: 6.7417 - val_accuracy: 0.0100 - 19s/epoch - 3ms/step
Epoch 10/100
6250/6250 - 19s - loss: 6.6080 - accuracy: 0.0092 - val_loss: 6.4800 - val_accuracy: 0.0100 - 19s/epoch - 3ms/step
Epoch 11/100
6250/6250 - 20s - loss: 6.3630 - accuracy: 0.0094 - val_loss: 6.2508 - val_accuracy: 0.0100 - 20s/epoch - 3ms/step
Epoch 12/100
6250/6250 - 19s - loss: 6.1483 - accuracy: 0.0089 - val_loss: 6.0501 - val_accuracy: 0.0100 - 19s/epoch - 3ms/step
Epoch 13/100
6250/6250 - 20s - loss: 5.9602 - accuracy: 0.0089 - val_loss: 5.8742 - val_accuracy: 0.0100 - 20s/epoch - 3ms/step
Epoch 14/100
6250/6250 - 20s - loss: 5.7954 - accuracy: 0.0089 - val_loss: 5.7200 - val_accuracy: 0.0100 - 20s/epoch - 3ms/step
Epoch 15/100
6250/6250 - 20s - loss: 5.6511 - accuracy: 0.0090 - val_loss: 5.5850 - val_accuracy: 0.0100 - 20s/epoch - 3ms/step
Epoch 16/100
6250/6250 - 19s - loss: 5.5246 - accuracy: 0.0092 - val_loss: 5.4667 - val_accuracy: 0.0100 - 19s/epoch - 3ms/step
Epoch 17/100
6250/6250 - 20s - loss: 5.4137 - accuracy: 0.0094 - val_loss: 5.3629 - val_accuracy: 0.0100 - 20s/epoch - 3ms/step
Epoch 18/100
6250/6250 - 19s - loss: 5.3165 - accuracy: 0.0088 - val_loss: 5.2720 - val_accuracy: 0.0100 - 19s/epoch - 3ms/step
Epoch 19/100
6250/6250 - 20s - loss: 5.2313 - accuracy: 0.0093 - val_loss: 5.1923 - val_accuracy: 0.0100 - 20s/epoch - 3ms/step
Epoch 20/100
6250/6250 - 20s - loss: 5.1566 - accuracy: 0.0087 - val_loss: 5.1224 - val_accuracy: 0.0100 - 20s/epoch - 3ms/step
Epoch 21/100
6250/6250 - 20s - loss: 5.0911 - accuracy: 0.0091 - val_loss: 5.0611 - val_accuracy: 0.0100 - 20s/epoch - 3ms/step
Epoch 22/100
6250/6250 - 20s - loss: 5.0337 - accuracy: 0.0092 - val_loss: 5.0073 - val_accuracy: 0.0100 - 20s/epoch - 3ms/step
Epoch 23/100
6250/6250 - 19s - loss: 4.9832 - accuracy: 0.0088 - val_loss: 4.9601 - val_accuracy: 0.0100 - 19s/epoch - 3ms/step
Epoch 24/100
6250/6250 - 19s - loss: 4.9390 - accuracy: 0.0086 - val_loss: 4.9187 - val_accuracy: 0.0100 - 19s/epoch - 3ms/step
Epoch 25/100
6250/6250 - 19s - loss: 4.9002 - accuracy: 0.0084 - val_loss: 4.8824 - val_accuracy: 0.0100 - 19s/epoch - 3ms/step
Epoch 26/100
6250/6250 - 19s - loss: 4.8661 - accuracy: 0.0087 - val_loss: 4.8505 - val_accuracy: 0.0100 - 19s/epoch - 3ms/step
Epoch 27/100
6250/6250 - 19s - loss: 4.8362 - accuracy: 0.0081 - val_loss: 4.8224 - val_accuracy: 0.0100 - 19s/epoch - 3ms/step
Epoch 28/100
6250/6250 - 19s - loss: 4.8099 - accuracy: 0.0085 - val_loss: 4.7978 - val_accuracy: 0.0100 - 19s/epoch - 3ms/step
Epoch 29/100
6250/6250 - 19s - loss: 4.7868 - accuracy: 0.0084 - val_loss: 4.7761 - val_accuracy: 0.0100 - 19s/epoch - 3ms/step
Epoch 30/100
6250/6250 - 19s - loss: 4.7664 - accuracy: 0.0085 - val_loss: 4.7571 - val_accuracy: 0.0100 - 19s/epoch - 3ms/step
Epoch 31/100
Restoring model weights from the end of the best epoch: 1.
6250/6250 - 20s - loss: 4.7486 - accuracy: 0.0086 - val_loss: 4.7403 - val_accuracy: 0.0100 - 20s/epoch - 3ms/step
Epoch 31: early stopping
313/313 - 1s - loss: 10.7248 - accuracy: 0.0106 - 601ms/epoch - 2ms/step

ACCURACY: 0.010599999688565731


SCORE: -0.305685127781996

[92m | MODULE VALUES ---------------------------------------------  |
 [0m
FLOPS: 867436
PARAMS: 78084.0
[92m 
 | -----------------------------------------------------------  |
 [0m

--- BANANAS ITERATION 64 / 1000 ---
Chosen point: {'num_neurons': 4, 'unit_c1': 1, 'unit_c2': 4, 'dr_f': 0.11044817170524523, 'learning_rate': 0.0007132095805168235, 'batch_size': 32, 'optimizer': 'SGD', 'activation': 'swish', 'data_augmentation': False, 'reg_l2': True, 'skip_connection': True, 'new_fc_1': 27, 'new_fc_2': 15, 'new_fc_3': 14, 'new_fc_4': 28, 'new_fc_5': 8, 'new_fc_6': 24, 'new_fc_7': 13, 'new_fc_8': 25, 'new_fc_9': 8, 'new_fc_10': 1}
[94m
|  --> START TRAINING ITERATION 13[0m
[INFO] Flags -> DA: False, L2: True, Skip: True
Building model with input_shape=(32, 32, 3), pos_input_shape=None, layer_x_block=2
Model: "model"
__________________________________________________________________________________________________
 Layer (type)                Output Shape                 Param #   Connected to                  
==================================================================================================
 input_1 (InputLayer)        [(None, 32, 32, 3)]          0         []                            
                                                                                                  
 conv2d (Conv2D)             (None, 32, 32, 4)            112       ['input_1[0][0]']             
                                                                                                  
 activation (Activation)     (None, 32, 32, 4)            0         ['conv2d[0][0]']              
                                                                                                  
 conv2d_2 (Conv2D)           (None, 32, 32, 4)            16        ['input_1[0][0]']             
                                                                                                  
 conv2d_1 (Conv2D)           (None, 32, 32, 4)            148       ['activation[0][0]']          
                                                                                                  
 add (Add)                   (None, 32, 32, 4)            0         ['conv2d_2[0][0]',            
                                                                     'conv2d_1[0][0]']            
                                                                                                  
 activation_1 (Activation)   (None, 32, 32, 4)            0         ['add[0][0]']                 
                                                                                                  
 max_pooling2d (MaxPooling2  (None, 16, 16, 4)            0         ['activation_1[0][0]']        
 D)                                                                                               
                                                                                                  
 conv2d_3 (Conv2D)           (None, 16, 16, 16)           592       ['max_pooling2d[0][0]']       
                                                                                                  
 activation_2 (Activation)   (None, 16, 16, 16)           0         ['conv2d_3[0][0]']            
                                                                                                  
 conv2d_5 (Conv2D)           (None, 16, 16, 16)           80        ['max_pooling2d[0][0]']       
                                                                                                  
 conv2d_4 (Conv2D)           (None, 16, 16, 16)           2320      ['activation_2[0][0]']        
                                                                                                  
 add_1 (Add)                 (None, 16, 16, 16)           0         ['conv2d_5[0][0]',            
                                                                     'conv2d_4[0][0]']            
                                                                                                  
 activation_3 (Activation)   (None, 16, 16, 16)           0         ['add_1[0][0]']               
                                                                                                  
 max_pooling2d_1 (MaxPoolin  (None, 8, 8, 16)             0         ['activation_3[0][0]']        
 g2D)                                                                                             
                                                                                                  
 flatten (Flatten)           (None, 1024)                 0         ['max_pooling2d_1[0][0]']     
                                                                                                  
 dense (Dense)               (None, 108)                  110700    ['flatten[0][0]']             
                                                                                                  
 activation_4 (Activation)   (None, 108)                  0         ['dense[0][0]']               
                                                                                                  
 dropout (Dropout)           (None, 108)                  0         ['activation_4[0][0]']        
                                                                                                  
 dense_1 (Dense)             (None, 60)                   6540      ['dropout[0][0]']             
                                                                                                  
 activation_5 (Activation)   (None, 60)                   0         ['dense_1[0][0]']             
                                                                                                  
 dropout_1 (Dropout)         (None, 60)                   0         ['activation_5[0][0]']        
                                                                                                  
 dense_2 (Dense)             (None, 56)                   3416      ['dropout_1[0][0]']           
                                                                                                  
 activation_6 (Activation)   (None, 56)                   0         ['dense_2[0][0]']             
                                                                                                  
 dropout_2 (Dropout)         (None, 56)                   0         ['activation_6[0][0]']        
                                                                                                  
 dense_3 (Dense)             (None, 112)                  6384      ['dropout_2[0][0]']           
                                                                                                  
 activation_7 (Activation)   (None, 112)                  0         ['dense_3[0][0]']             
                                                                                                  
 dropout_3 (Dropout)         (None, 112)                  0         ['activation_7[0][0]']        
                                                                                                  
 dense_4 (Dense)             (None, 32)                   3616      ['dropout_3[0][0]']           
                                                                                                  
 activation_8 (Activation)   (None, 32)                   0         ['dense_4[0][0]']             
                                                                                                  
 dropout_4 (Dropout)         (None, 32)                   0         ['activation_8[0][0]']        
                                                                                                  
 dense_5 (Dense)             (None, 96)                   3168      ['dropout_4[0][0]']           
                                                                                                  
 activation_9 (Activation)   (None, 96)                   0         ['dense_5[0][0]']             
                                                                                                  
 dropout_5 (Dropout)         (None, 96)                   0         ['activation_9[0][0]']        
                                                                                                  
 dense_6 (Dense)             (None, 52)                   5044      ['dropout_5[0][0]']           
                                                                                                  
 activation_10 (Activation)  (None, 52)                   0         ['dense_6[0][0]']             
                                                                                                  
 dropout_6 (Dropout)         (None, 52)                   0         ['activation_10[0][0]']       
                                                                                                  
 dense_7 (Dense)             (None, 100)                  5300      ['dropout_6[0][0]']           
                                                                                                  
 activation_11 (Activation)  (None, 100)                  0         ['dense_7[0][0]']             
                                                                                                  
 dropout_7 (Dropout)         (None, 100)                  0         ['activation_11[0][0]']       
                                                                                                  
 dense_8 (Dense)             (None, 32)                   3232      ['dropout_7[0][0]']           
                                                                                                  
 activation_12 (Activation)  (None, 32)                   0         ['dense_8[0][0]']             
                                                                                                  
 dropout_8 (Dropout)         (None, 32)                   0         ['activation_12[0][0]']       
                                                                                                  
 dense_9 (Dense)             (None, 4)                    132       ['dropout_8[0][0]']           
                                                                                                  
 activation_13 (Activation)  (None, 4)                    0         ['dense_9[0][0]']             
                                                                                                  
 dropout_9 (Dropout)         (None, 4)                    0         ['activation_13[0][0]']       
                                                                                                  
 dense_10 (Dense)            (None, 100)                  500       ['dropout_9[0][0]']           
                                                                                                  
==================================================================================================
Total params: 151300 (591.02 KB)
Trainable params: 151300 (591.02 KB)
Non-trainable params: 0 (0.00 Byte)
__________________________________________________________________________________________________
Epoch 1/100
1563/1563 - 9s - loss: 11.8057 - accuracy: 0.0083 - val_loss: 11.6514 - val_accuracy: 0.0102 - 9s/epoch - 6ms/step
Epoch 2/100
1563/1563 - 6s - loss: 11.5019 - accuracy: 0.0086 - val_loss: 11.3543 - val_accuracy: 0.0097 - 6s/epoch - 4ms/step
Epoch 3/100
1563/1563 - 6s - loss: 11.2113 - accuracy: 0.0077 - val_loss: 11.0701 - val_accuracy: 0.0098 - 6s/epoch - 4ms/step
Epoch 4/100
1563/1563 - 6s - loss: 10.9332 - accuracy: 0.0083 - val_loss: 10.7981 - val_accuracy: 0.0078 - 6s/epoch - 4ms/step
Epoch 5/100
1563/1563 - 6s - loss: 10.6672 - accuracy: 0.0087 - val_loss: 10.5379 - val_accuracy: 0.0099 - 6s/epoch - 4ms/step
Epoch 6/100
1563/1563 - 6s - loss: 10.4127 - accuracy: 0.0086 - val_loss: 10.2890 - val_accuracy: 0.0078 - 6s/epoch - 4ms/step
Epoch 7/100
1563/1563 - 6s - loss: 10.1691 - accuracy: 0.0088 - val_loss: 10.0508 - val_accuracy: 0.0096 - 6s/epoch - 4ms/step
Epoch 8/100
1563/1563 - 6s - loss: 9.9361 - accuracy: 0.0085 - val_loss: 9.8228 - val_accuracy: 0.0084 - 6s/epoch - 4ms/step
Epoch 9/100
1563/1563 - 6s - loss: 9.7131 - accuracy: 0.0082 - val_loss: 9.6047 - val_accuracy: 0.0100 - 6s/epoch - 4ms/step
Epoch 10/100
1563/1563 - 6s - loss: 9.4998 - accuracy: 0.0083 - val_loss: 9.3961 - val_accuracy: 0.0100 - 6s/epoch - 4ms/step
Epoch 11/100
1563/1563 - 6s - loss: 9.2956 - accuracy: 0.0085 - val_loss: 9.1964 - val_accuracy: 0.0100 - 6s/epoch - 4ms/step
Epoch 12/100
1563/1563 - 6s - loss: 9.1003 - accuracy: 0.0081 - val_loss: 9.0054 - val_accuracy: 0.0100 - 6s/epoch - 4ms/step
Epoch 13/100
1563/1563 - 6s - loss: 8.9134 - accuracy: 0.0084 - val_loss: 8.8225 - val_accuracy: 0.0091 - 6s/epoch - 4ms/step
Epoch 14/100
1563/1563 - 6s - loss: 8.7345 - accuracy: 0.0077 - val_loss: 8.6476 - val_accuracy: 0.0100 - 6s/epoch - 4ms/step
Epoch 15/100
1563/1563 - 6s - loss: 8.5633 - accuracy: 0.0088 - val_loss: 8.4802 - val_accuracy: 0.0100 - 6s/epoch - 4ms/step
Epoch 16/100
1563/1563 - 6s - loss: 8.3996 - accuracy: 0.0081 - val_loss: 8.3199 - val_accuracy: 0.0100 - 6s/epoch - 4ms/step
Epoch 17/100
1563/1563 - 6s - loss: 8.2428 - accuracy: 0.0084 - val_loss: 8.1666 - val_accuracy: 0.0100 - 6s/epoch - 4ms/step
Epoch 18/100
1563/1563 - 6s - loss: 8.0928 - accuracy: 0.0089 - val_loss: 8.0199 - val_accuracy: 0.0100 - 6s/epoch - 4ms/step
Epoch 19/100
1563/1563 - 6s - loss: 7.9493 - accuracy: 0.0081 - val_loss: 7.8795 - val_accuracy: 0.0100 - 6s/epoch - 4ms/step
Epoch 20/100
1563/1563 - 6s - loss: 7.8119 - accuracy: 0.0089 - val_loss: 7.7451 - val_accuracy: 0.0100 - 6s/epoch - 4ms/step
Epoch 21/100
1563/1563 - 6s - loss: 7.6804 - accuracy: 0.0086 - val_loss: 7.6165 - val_accuracy: 0.0100 - 6s/epoch - 4ms/step
Epoch 22/100
1563/1563 - 6s - loss: 7.5546 - accuracy: 0.0080 - val_loss: 7.4934 - val_accuracy: 0.0100 - 6s/epoch - 4ms/step
Epoch 23/100
1563/1563 - 6s - loss: 7.4342 - accuracy: 0.0089 - val_loss: 7.3756 - val_accuracy: 0.0104 - 6s/epoch - 4ms/step
Epoch 24/100
1563/1563 - 6s - loss: 7.3189 - accuracy: 0.0089 - val_loss: 7.2629 - val_accuracy: 0.0100 - 6s/epoch - 4ms/step
Epoch 25/100
1563/1563 - 6s - loss: 7.2086 - accuracy: 0.0085 - val_loss: 7.1550 - val_accuracy: 0.0100 - 6s/epoch - 4ms/step
Epoch 26/100
1563/1563 - 6s - loss: 7.1030 - accuracy: 0.0082 - val_loss: 7.0517 - val_accuracy: 0.0100 - 6s/epoch - 4ms/step
Epoch 27/100
1563/1563 - 6s - loss: 7.0019 - accuracy: 0.0087 - val_loss: 6.9528 - val_accuracy: 0.0100 - 6s/epoch - 4ms/step
Epoch 28/100
1563/1563 - 6s - loss: 6.9052 - accuracy: 0.0084 - val_loss: 6.8582 - val_accuracy: 0.0100 - 6s/epoch - 4ms/step
Epoch 29/100
1563/1563 - 6s - loss: 6.8126 - accuracy: 0.0087 - val_loss: 6.7676 - val_accuracy: 0.0100 - 6s/epoch - 4ms/step
Epoch 30/100
1563/1563 - 6s - loss: 6.7240 - accuracy: 0.0085 - val_loss: 6.6809 - val_accuracy: 0.0100 - 6s/epoch - 4ms/step
Epoch 31/100
Restoring model weights from the end of the best epoch: 1.
1563/1563 - 6s - loss: 6.6391 - accuracy: 0.0091 - val_loss: 6.5979 - val_accuracy: 0.0100 - 6s/epoch - 4ms/step
Epoch 31: early stopping
313/313 - 0s - loss: 11.6514 - accuracy: 0.0102 - 492ms/epoch - 2ms/step

ACCURACY: 0.010200000368058681


SCORE: -0.30230231225764104

[92m | MODULE VALUES ---------------------------------------------  |
 [0m
FLOPS: 2418844
PARAMS: 151300.0
[92m 
 | -----------------------------------------------------------  |
 [0m

--- BANANAS ITERATION 65 / 1000 ---
Chosen point: {'num_neurons': 4, 'unit_c1': 3, 'unit_c2': 2, 'dr_f': 0.4727349723893419, 'learning_rate': 0.00016611033868110442, 'batch_size': 64, 'optimizer': 'Adagrad', 'activation': 'selu', 'data_augmentation': False, 'reg_l2': False, 'skip_connection': False, 'new_fc_1': 1, 'new_fc_2': 17, 'new_fc_3': 5, 'new_fc_4': 8, 'new_fc_5': 1, 'new_fc_6': 6, 'new_fc_7': 29, 'new_fc_8': 7, 'new_fc_9': 17, 'new_fc_10': 13}
[94m
|  --> START TRAINING ITERATION 14[0m
[INFO] Flags -> DA: False, L2: False, Skip: False
Building model with input_shape=(32, 32, 3), pos_input_shape=None, layer_x_block=2
Model: "model"
_________________________________________________________________
 Layer (type)                Output Shape              Param #   
=================================================================
 input_1 (InputLayer)        [(None, 32, 32, 3)]       0         
                                                                 
 conv2d (Conv2D)             (None, 32, 32, 12)        336       
                                                                 
 activation (Activation)     (None, 32, 32, 12)        0         
                                                                 
 conv2d_1 (Conv2D)           (None, 32, 32, 12)        1308      
                                                                 
 activation_1 (Activation)   (None, 32, 32, 12)        0         
                                                                 
 max_pooling2d (MaxPooling2  (None, 16, 16, 12)        0         
 D)                                                              
                                                                 
 conv2d_2 (Conv2D)           (None, 16, 16, 8)         872       
                                                                 
 activation_2 (Activation)   (None, 16, 16, 8)         0         
                                                                 
 conv2d_3 (Conv2D)           (None, 16, 16, 8)         584       
                                                                 
 activation_3 (Activation)   (None, 16, 16, 8)         0         
                                                                 
 max_pooling2d_1 (MaxPoolin  (None, 8, 8, 8)           0         
 g2D)                                                            
                                                                 
 flatten (Flatten)           (None, 512)               0         
                                                                 
 dense (Dense)               (None, 4)                 2052      
                                                                 
 activation_4 (Activation)   (None, 4)                 0         
                                                                 
 dropout (Dropout)           (None, 4)                 0         
                                                                 
 dense_1 (Dense)             (None, 68)                340       
                                                                 
 activation_5 (Activation)   (None, 68)                0         
                                                                 
 dropout_1 (Dropout)         (None, 68)                0         
                                                                 
 dense_2 (Dense)             (None, 20)                1380      
                                                                 
 activation_6 (Activation)   (None, 20)                0         
                                                                 
 dropout_2 (Dropout)         (None, 20)                0         
                                                                 
 dense_3 (Dense)             (None, 32)                672       
                                                                 
 activation_7 (Activation)   (None, 32)                0         
                                                                 
 dropout_3 (Dropout)         (None, 32)                0         
                                                                 
 dense_4 (Dense)             (None, 4)                 132       
                                                                 
 activation_8 (Activation)   (None, 4)                 0         
                                                                 
 dropout_4 (Dropout)         (None, 4)                 0         
                                                                 
 dense_5 (Dense)             (None, 24)                120       
                                                                 
 activation_9 (Activation)   (None, 24)                0         
                                                                 
 dropout_5 (Dropout)         (None, 24)                0         
                                                                 
 dense_6 (Dense)             (None, 116)               2900      
                                                                 
 activation_10 (Activation)  (None, 116)               0         
                                                                 
 dropout_6 (Dropout)         (None, 116)               0         
                                                                 
 dense_7 (Dense)             (None, 28)                3276      
                                                                 
 activation_11 (Activation)  (None, 28)                0         
                                                                 
 dropout_7 (Dropout)         (None, 28)                0         
                                                                 
 dense_8 (Dense)             (None, 68)                1972      
                                                                 
 activation_12 (Activation)  (None, 68)                0         
                                                                 
 dropout_8 (Dropout)         (None, 68)                0         
                                                                 
 dense_9 (Dense)             (None, 52)                3588      
                                                                 
 activation_13 (Activation)  (None, 52)                0         
                                                                 
 dropout_9 (Dropout)         (None, 52)                0         
                                                                 
 dense_10 (Dense)            (None, 100)               5300      
                                                                 
=================================================================
Total params: 24832 (97.00 KB)
Trainable params: 24832 (97.00 KB)
Non-trainable params: 0 (0.00 Byte)
_________________________________________________________________
Epoch 1/100
782/782 - 5s - loss: 5.5936 - accuracy: 0.0096 - val_loss: 4.6301 - val_accuracy: 0.0070 - 5s/epoch - 6ms/step
Epoch 2/100
782/782 - 3s - loss: 5.4347 - accuracy: 0.0099 - val_loss: 4.6239 - val_accuracy: 0.0070 - 3s/epoch - 4ms/step
Epoch 3/100
782/782 - 3s - loss: 5.3823 - accuracy: 0.0104 - val_loss: 4.6208 - val_accuracy: 0.0070 - 3s/epoch - 4ms/step
Epoch 4/100
782/782 - 3s - loss: 5.3426 - accuracy: 0.0103 - val_loss: 4.6188 - val_accuracy: 0.0068 - 3s/epoch - 4ms/step
Epoch 5/100
782/782 - 3s - loss: 5.3200 - accuracy: 0.0096 - val_loss: 4.6173 - val_accuracy: 0.0072 - 3s/epoch - 4ms/step
Epoch 6/100
782/782 - 3s - loss: 5.2780 - accuracy: 0.0101 - val_loss: 4.6163 - val_accuracy: 0.0074 - 3s/epoch - 4ms/step
Epoch 7/100
782/782 - 3s - loss: 5.2596 - accuracy: 0.0107 - val_loss: 4.6153 - val_accuracy: 0.0067 - 3s/epoch - 4ms/step
Epoch 8/100
782/782 - 3s - loss: 5.2474 - accuracy: 0.0097 - val_loss: 4.6147 - val_accuracy: 0.0063 - 3s/epoch - 4ms/step
Epoch 9/100
782/782 - 3s - loss: 5.2215 - accuracy: 0.0096 - val_loss: 4.6137 - val_accuracy: 0.0063 - 3s/epoch - 4ms/step
Epoch 10/100
782/782 - 3s - loss: 5.1891 - accuracy: 0.0103 - val_loss: 4.6131 - val_accuracy: 0.0071 - 3s/epoch - 4ms/step
Epoch 11/100
782/782 - 3s - loss: 5.1815 - accuracy: 0.0099 - val_loss: 4.6126 - val_accuracy: 0.0074 - 3s/epoch - 4ms/step
Epoch 12/100
782/782 - 3s - loss: 5.1680 - accuracy: 0.0098 - val_loss: 4.6122 - val_accuracy: 0.0072 - 3s/epoch - 4ms/step
Epoch 13/100
782/782 - 3s - loss: 5.1667 - accuracy: 0.0094 - val_loss: 4.6115 - val_accuracy: 0.0076 - 3s/epoch - 4ms/step
Epoch 14/100
782/782 - 3s - loss: 5.1426 - accuracy: 0.0095 - val_loss: 4.6111 - val_accuracy: 0.0074 - 3s/epoch - 4ms/step
Epoch 15/100
782/782 - 3s - loss: 5.1336 - accuracy: 0.0109 - val_loss: 4.6108 - val_accuracy: 0.0074 - 3s/epoch - 4ms/step
Epoch 16/100
782/782 - 3s - loss: 5.1303 - accuracy: 0.0091 - val_loss: 4.6105 - val_accuracy: 0.0080 - 3s/epoch - 4ms/step
Epoch 17/100
782/782 - 3s - loss: 5.1157 - accuracy: 0.0092 - val_loss: 4.6103 - val_accuracy: 0.0072 - 3s/epoch - 4ms/step
Epoch 18/100
782/782 - 3s - loss: 5.1129 - accuracy: 0.0095 - val_loss: 4.6101 - val_accuracy: 0.0076 - 3s/epoch - 4ms/step
Epoch 19/100
782/782 - 3s - loss: 5.0922 - accuracy: 0.0105 - val_loss: 4.6099 - val_accuracy: 0.0076 - 3s/epoch - 4ms/step
Epoch 20/100
782/782 - 3s - loss: 5.0833 - accuracy: 0.0100 - val_loss: 4.6096 - val_accuracy: 0.0072 - 3s/epoch - 4ms/step
Epoch 21/100
782/782 - 3s - loss: 5.0854 - accuracy: 0.0105 - val_loss: 4.6093 - val_accuracy: 0.0073 - 3s/epoch - 4ms/step
Epoch 22/100
782/782 - 3s - loss: 5.0739 - accuracy: 0.0100 - val_loss: 4.6092 - val_accuracy: 0.0077 - 3s/epoch - 4ms/step
Epoch 23/100
782/782 - 3s - loss: 5.0656 - accuracy: 0.0097 - val_loss: 4.6089 - val_accuracy: 0.0083 - 3s/epoch - 4ms/step
Epoch 24/100
782/782 - 3s - loss: 5.0550 - accuracy: 0.0105 - val_loss: 4.6086 - val_accuracy: 0.0092 - 3s/epoch - 4ms/step
Epoch 25/100
782/782 - 3s - loss: 5.0521 - accuracy: 0.0095 - val_loss: 4.6087 - val_accuracy: 0.0081 - 3s/epoch - 4ms/step
Epoch 26/100
782/782 - 3s - loss: 5.0426 - accuracy: 0.0090 - val_loss: 4.6086 - val_accuracy: 0.0085 - 3s/epoch - 4ms/step
Epoch 27/100
782/782 - 3s - loss: 5.0338 - accuracy: 0.0097 - val_loss: 4.6083 - val_accuracy: 0.0082 - 3s/epoch - 4ms/step
Epoch 28/100
782/782 - 3s - loss: 5.0312 - accuracy: 0.0101 - val_loss: 4.6082 - val_accuracy: 0.0086 - 3s/epoch - 4ms/step
Epoch 29/100
782/782 - 3s - loss: 5.0223 - accuracy: 0.0104 - val_loss: 4.6080 - val_accuracy: 0.0088 - 3s/epoch - 4ms/step
Epoch 30/100
782/782 - 3s - loss: 5.0232 - accuracy: 0.0102 - val_loss: 4.6080 - val_accuracy: 0.0085 - 3s/epoch - 4ms/step
Epoch 31/100
Restoring model weights from the end of the best epoch: 1.
782/782 - 3s - loss: 5.0218 - accuracy: 0.0098 - val_loss: 4.6079 - val_accuracy: 0.0087 - 3s/epoch - 4ms/step
Epoch 31: early stopping
313/313 - 0s - loss: 4.6301 - accuracy: 0.0070 - 492ms/epoch - 2ms/step

ACCURACY: 0.007000000216066837


SCORE: -0.2966170081512468

[92m | MODULE VALUES ---------------------------------------------  |
 [0m
FLOPS: 4141496
PARAMS: 24832.0
[92m 
 | -----------------------------------------------------------  |
 [0m

--- BANANAS ITERATION 66 / 1000 ---
Chosen point: {'num_neurons': 8, 'unit_c1': 1, 'unit_c2': 3, 'dr_f': 0.376359685859741, 'learning_rate': 0.0005419674966389035, 'batch_size': 8, 'optimizer': 'Adamax', 'activation': 'selu', 'data_augmentation': True, 'reg_l2': False, 'skip_connection': False, 'new_fc_1': 2, 'new_fc_2': 8, 'new_fc_3': 29, 'new_fc_4': 28, 'new_fc_5': 2, 'new_fc_6': 24, 'new_fc_7': 32, 'new_fc_8': 29, 'new_fc_9': 2, 'new_fc_10': 18}
[94m
|  --> START TRAINING ITERATION 15[0m
[INFO] Flags -> DA: True, L2: False, Skip: False
Building model with input_shape=(32, 32, 3), pos_input_shape=None, layer_x_block=2
Model: "model"
_________________________________________________________________
 Layer (type)                Output Shape              Param #   
=================================================================
 input_2 (InputLayer)        [(None, 32, 32, 3)]       0         
                                                                 
 conv2d (Conv2D)             (None, 32, 32, 8)         224       
                                                                 
 activation (Activation)     (None, 32, 32, 8)         0         
                                                                 
 conv2d_1 (Conv2D)           (None, 32, 32, 8)         584       
                                                                 
 activation_1 (Activation)   (None, 32, 32, 8)         0         
                                                                 
 max_pooling2d (MaxPooling2  (None, 16, 16, 8)         0         
 D)                                                              
                                                                 
 conv2d_2 (Conv2D)           (None, 16, 16, 24)        1752      
                                                                 
 activation_2 (Activation)   (None, 16, 16, 24)        0         
                                                                 
 conv2d_3 (Conv2D)           (None, 16, 16, 24)        5208      
                                                                 
 activation_3 (Activation)   (None, 16, 16, 24)        0         
                                                                 
 max_pooling2d_1 (MaxPoolin  (None, 8, 8, 24)          0         
 g2D)                                                            
                                                                 
 flatten (Flatten)           (None, 1536)              0         
                                                                 
 dense (Dense)               (None, 16)                24592     
                                                                 
 activation_4 (Activation)   (None, 16)                0         
                                                                 
 dropout (Dropout)           (None, 16)                0         
                                                                 
 dense_1 (Dense)             (None, 64)                1088      
                                                                 
 activation_5 (Activation)   (None, 64)                0         
                                                                 
 dropout_1 (Dropout)         (None, 64)                0         
                                                                 
 dense_2 (Dense)             (None, 232)               15080     
                                                                 
 activation_6 (Activation)   (None, 232)               0         
                                                                 
 dropout_2 (Dropout)         (None, 232)               0         
                                                                 
 dense_3 (Dense)             (None, 224)               52192     
                                                                 
 activation_7 (Activation)   (None, 224)               0         
                                                                 
 dropout_3 (Dropout)         (None, 224)               0         
                                                                 
 dense_4 (Dense)             (None, 16)                3600      
                                                                 
 activation_8 (Activation)   (None, 16)                0         
                                                                 
 dropout_4 (Dropout)         (None, 16)                0         
                                                                 
 dense_5 (Dense)             (None, 192)               3264      
                                                                 
 activation_9 (Activation)   (None, 192)               0         
                                                                 
 dropout_5 (Dropout)         (None, 192)               0         
                                                                 
 dense_6 (Dense)             (None, 256)               49408     
                                                                 
 activation_10 (Activation)  (None, 256)               0         
                                                                 
 dropout_6 (Dropout)         (None, 256)               0         
                                                                 
 dense_7 (Dense)             (None, 232)               59624     
                                                                 
 activation_11 (Activation)  (None, 232)               0         
                                                                 
 dropout_7 (Dropout)         (None, 232)               0         
                                                                 
 dense_8 (Dense)             (None, 16)                3728      
                                                                 
 activation_12 (Activation)  (None, 16)                0         
                                                                 
 dropout_8 (Dropout)         (None, 16)                0         
                                                                 
 dense_9 (Dense)             (None, 144)               2448      
                                                                 
 activation_13 (Activation)  (None, 144)               0         
                                                                 
 dropout_9 (Dropout)         (None, 144)               0         
                                                                 
 dense_10 (Dense)            (None, 100)               14500     
                                                                 
=================================================================
Total params: 237292 (926.92 KB)
Trainable params: 237292 (926.92 KB)
Non-trainable params: 0 (0.00 Byte)
_________________________________________________________________
Epoch 1/100
6250/6250 - 20s - loss: 4.7886 - accuracy: 0.0100 - val_loss: 4.6030 - val_accuracy: 0.0108 - 20s/epoch - 3ms/step
Epoch 2/100
6250/6250 - 19s - loss: 4.6129 - accuracy: 0.0129 - val_loss: 4.3841 - val_accuracy: 0.0228 - 19s/epoch - 3ms/step
Epoch 3/100
6250/6250 - 19s - loss: 4.4542 - accuracy: 0.0205 - val_loss: 4.2659 - val_accuracy: 0.0303 - 19s/epoch - 3ms/step
Epoch 4/100
6250/6250 - 19s - loss: 4.3675 - accuracy: 0.0251 - val_loss: 4.2559 - val_accuracy: 0.0281 - 19s/epoch - 3ms/step
Epoch 5/100
6250/6250 - 19s - loss: 4.3083 - accuracy: 0.0286 - val_loss: 4.1696 - val_accuracy: 0.0397 - 19s/epoch - 3ms/step
Epoch 6/100
6250/6250 - 19s - loss: 4.2739 - accuracy: 0.0296 - val_loss: 4.1305 - val_accuracy: 0.0475 - 19s/epoch - 3ms/step
Epoch 7/100
6250/6250 - 19s - loss: 4.2431 - accuracy: 0.0319 - val_loss: 4.1104 - val_accuracy: 0.0446 - 19s/epoch - 3ms/step
Epoch 8/100
6250/6250 - 19s - loss: 4.2172 - accuracy: 0.0351 - val_loss: 4.0746 - val_accuracy: 0.0526 - 19s/epoch - 3ms/step
Epoch 9/100
6250/6250 - 19s - loss: 4.2020 - accuracy: 0.0338 - val_loss: 4.0805 - val_accuracy: 0.0521 - 19s/epoch - 3ms/step
Epoch 10/100
6250/6250 - 19s - loss: 4.1860 - accuracy: 0.0358 - val_loss: 4.0454 - val_accuracy: 0.0572 - 19s/epoch - 3ms/step
Epoch 11/100
6250/6250 - 19s - loss: 4.1683 - accuracy: 0.0368 - val_loss: 4.0302 - val_accuracy: 0.0563 - 19s/epoch - 3ms/step
Epoch 12/100
6250/6250 - 19s - loss: 4.1458 - accuracy: 0.0402 - val_loss: 3.9984 - val_accuracy: 0.0622 - 19s/epoch - 3ms/step
Epoch 13/100
6250/6250 - 19s - loss: 4.1293 - accuracy: 0.0412 - val_loss: 3.9758 - val_accuracy: 0.0625 - 19s/epoch - 3ms/step
Epoch 14/100
6250/6250 - 19s - loss: 4.1111 - accuracy: 0.0436 - val_loss: 4.0417 - val_accuracy: 0.0543 - 19s/epoch - 3ms/step
Epoch 15/100
6250/6250 - 19s - loss: 4.0918 - accuracy: 0.0451 - val_loss: 3.9357 - val_accuracy: 0.0679 - 19s/epoch - 3ms/step
Epoch 16/100
6250/6250 - 19s - loss: 4.0702 - accuracy: 0.0468 - val_loss: 3.8976 - val_accuracy: 0.0705 - 19s/epoch - 3ms/step
Epoch 17/100
6250/6250 - 19s - loss: 4.0511 - accuracy: 0.0497 - val_loss: 3.9214 - val_accuracy: 0.0693 - 19s/epoch - 3ms/step
Epoch 18/100
6250/6250 - 19s - loss: 4.0310 - accuracy: 0.0499 - val_loss: 3.8822 - val_accuracy: 0.0754 - 19s/epoch - 3ms/step
Epoch 19/100
6250/6250 - 19s - loss: 4.0161 - accuracy: 0.0507 - val_loss: 3.8522 - val_accuracy: 0.0787 - 19s/epoch - 3ms/step
Epoch 20/100
6250/6250 - 19s - loss: 4.0076 - accuracy: 0.0528 - val_loss: 3.8444 - val_accuracy: 0.0823 - 19s/epoch - 3ms/step
Epoch 21/100
6250/6250 - 19s - loss: 3.9883 - accuracy: 0.0546 - val_loss: 3.8445 - val_accuracy: 0.0744 - 19s/epoch - 3ms/step
Epoch 22/100
6250/6250 - 19s - loss: 3.9812 - accuracy: 0.0548 - val_loss: 3.8569 - val_accuracy: 0.0729 - 19s/epoch - 3ms/step
Epoch 23/100
6250/6250 - 19s - loss: 3.9688 - accuracy: 0.0557 - val_loss: 3.8366 - val_accuracy: 0.0763 - 19s/epoch - 3ms/step
Epoch 24/100
6250/6250 - 19s - loss: 3.9567 - accuracy: 0.0582 - val_loss: 3.8327 - val_accuracy: 0.0770 - 19s/epoch - 3ms/step
Epoch 25/100
6250/6250 - 19s - loss: 3.9508 - accuracy: 0.0577 - val_loss: 3.8295 - val_accuracy: 0.0793 - 19s/epoch - 3ms/step
Epoch 26/100
6250/6250 - 19s - loss: 3.9344 - accuracy: 0.0594 - val_loss: 3.8240 - val_accuracy: 0.0793 - 19s/epoch - 3ms/step
Epoch 27/100
6250/6250 - 19s - loss: 3.9301 - accuracy: 0.0585 - val_loss: 3.8279 - val_accuracy: 0.0759 - 19s/epoch - 3ms/step
Epoch 28/100
6250/6250 - 19s - loss: 3.9242 - accuracy: 0.0604 - val_loss: 3.8534 - val_accuracy: 0.0751 - 19s/epoch - 3ms/step
Epoch 29/100
6250/6250 - 19s - loss: 3.9151 - accuracy: 0.0606 - val_loss: 3.8025 - val_accuracy: 0.0784 - 19s/epoch - 3ms/step
Epoch 30/100
6250/6250 - 19s - loss: 3.9036 - accuracy: 0.0617 - val_loss: 3.7926 - val_accuracy: 0.0789 - 19s/epoch - 3ms/step
Epoch 31/100
6250/6250 - 19s - loss: 3.8991 - accuracy: 0.0611 - val_loss: 3.7958 - val_accuracy: 0.0800 - 19s/epoch - 3ms/step
Epoch 32/100
6250/6250 - 19s - loss: 3.8945 - accuracy: 0.0606 - val_loss: 3.7976 - val_accuracy: 0.0826 - 19s/epoch - 3ms/step
Epoch 33/100
6250/6250 - 19s - loss: 3.8853 - accuracy: 0.0625 - val_loss: 3.8194 - val_accuracy: 0.0771 - 19s/epoch - 3ms/step
Epoch 34/100
6250/6250 - 19s - loss: 3.8826 - accuracy: 0.0631 - val_loss: 3.8031 - val_accuracy: 0.0796 - 19s/epoch - 3ms/step
Epoch 35/100
6250/6250 - 19s - loss: 3.8798 - accuracy: 0.0639 - val_loss: 3.8116 - val_accuracy: 0.0808 - 19s/epoch - 3ms/step
Epoch 36/100
6250/6250 - 19s - loss: 3.8722 - accuracy: 0.0649 - val_loss: 3.8013 - val_accuracy: 0.0748 - 19s/epoch - 3ms/step
Epoch 37/100
6250/6250 - 19s - loss: 3.8686 - accuracy: 0.0639 - val_loss: 3.8005 - val_accuracy: 0.0779 - 19s/epoch - 3ms/step
Epoch 38/100
6250/6250 - 19s - loss: 3.8558 - accuracy: 0.0650 - val_loss: 3.7970 - val_accuracy: 0.0835 - 19s/epoch - 3ms/step
Epoch 39/100
6250/6250 - 19s - loss: 3.8572 - accuracy: 0.0651 - val_loss: 3.8142 - val_accuracy: 0.0787 - 19s/epoch - 3ms/step
Epoch 40/100
6250/6250 - 19s - loss: 3.8550 - accuracy: 0.0633 - val_loss: 3.8049 - val_accuracy: 0.0824 - 19s/epoch - 3ms/step
Epoch 41/100
6250/6250 - 19s - loss: 3.8461 - accuracy: 0.0689 - val_loss: 3.8075 - val_accuracy: 0.0823 - 19s/epoch - 3ms/step
Epoch 42/100
6250/6250 - 19s - loss: 3.8414 - accuracy: 0.0676 - val_loss: 3.8015 - val_accuracy: 0.0788 - 19s/epoch - 3ms/step
Epoch 43/100
6250/6250 - 19s - loss: 3.8397 - accuracy: 0.0685 - val_loss: 3.8152 - val_accuracy: 0.0784 - 19s/epoch - 3ms/step
Epoch 44/100
6250/6250 - 19s - loss: 3.8363 - accuracy: 0.0680 - val_loss: 3.7854 - val_accuracy: 0.0829 - 19s/epoch - 3ms/step
Epoch 45/100
6250/6250 - 20s - loss: 3.8322 - accuracy: 0.0690 - val_loss: 3.7962 - val_accuracy: 0.0801 - 20s/epoch - 3ms/step
Epoch 46/100
6250/6250 - 20s - loss: 3.8260 - accuracy: 0.0692 - val_loss: 3.8045 - val_accuracy: 0.0765 - 20s/epoch - 3ms/step
Epoch 47/100
6250/6250 - 19s - loss: 3.8219 - accuracy: 0.0687 - val_loss: 3.7801 - val_accuracy: 0.0778 - 19s/epoch - 3ms/step
Epoch 48/100
6250/6250 - 20s - loss: 3.8230 - accuracy: 0.0683 - val_loss: 3.7898 - val_accuracy: 0.0863 - 20s/epoch - 3ms/step
Epoch 49/100
6250/6250 - 19s - loss: 3.8191 - accuracy: 0.0697 - val_loss: 3.7794 - val_accuracy: 0.0786 - 19s/epoch - 3ms/step
Epoch 50/100
Restoring model weights from the end of the best epoch: 20.
6250/6250 - 20s - loss: 3.8089 - accuracy: 0.0682 - val_loss: 3.7945 - val_accuracy: 0.0866 - 20s/epoch - 3ms/step
Epoch 50: early stopping
313/313 - 1s - loss: 3.8444 - accuracy: 0.0823 - 670ms/epoch - 2ms/step

ACCURACY: 0.08229999989271164


SCORE: -0.34628595192489814

[92m | MODULE VALUES ---------------------------------------------  |
 [0m
FLOPS: 5662024
PARAMS: 237292.0
[92m 
 | -----------------------------------------------------------  |
 [0m

--- BANANAS ITERATION 67 / 1000 ---
Chosen point: {'num_neurons': 8, 'unit_c1': 1, 'unit_c2': 3, 'dr_f': 0.4403152335391042, 'learning_rate': 0.0007211374242168705, 'batch_size': 8, 'optimizer': 'SGD', 'activation': 'selu', 'data_augmentation': False, 'reg_l2': False, 'skip_connection': True, 'new_fc_1': 10, 'new_fc_2': 10, 'new_fc_3': 27, 'new_fc_4': 7, 'new_fc_5': 11, 'new_fc_6': 13, 'new_fc_7': 10, 'new_fc_8': 32, 'new_fc_9': 10, 'new_fc_10': 28}
[94m
|  --> START TRAINING ITERATION 16[0m
[INFO] Flags -> DA: False, L2: False, Skip: True
Building model with input_shape=(32, 32, 3), pos_input_shape=None, layer_x_block=2
Model: "model"
__________________________________________________________________________________________________
 Layer (type)                Output Shape                 Param #   Connected to                  
==================================================================================================
 input_1 (InputLayer)        [(None, 32, 32, 3)]          0         []                            
                                                                                                  
 conv2d (Conv2D)             (None, 32, 32, 8)            224       ['input_1[0][0]']             
                                                                                                  
 activation (Activation)     (None, 32, 32, 8)            0         ['conv2d[0][0]']              
                                                                                                  
 conv2d_2 (Conv2D)           (None, 32, 32, 8)            32        ['input_1[0][0]']             
                                                                                                  
 conv2d_1 (Conv2D)           (None, 32, 32, 8)            584       ['activation[0][0]']          
                                                                                                  
 add (Add)                   (None, 32, 32, 8)            0         ['conv2d_2[0][0]',            
                                                                     'conv2d_1[0][0]']            
                                                                                                  
 activation_1 (Activation)   (None, 32, 32, 8)            0         ['add[0][0]']                 
                                                                                                  
 max_pooling2d (MaxPooling2  (None, 16, 16, 8)            0         ['activation_1[0][0]']        
 D)                                                                                               
                                                                                                  
 conv2d_3 (Conv2D)           (None, 16, 16, 24)           1752      ['max_pooling2d[0][0]']       
                                                                                                  
 activation_2 (Activation)   (None, 16, 16, 24)           0         ['conv2d_3[0][0]']            
                                                                                                  
 conv2d_5 (Conv2D)           (None, 16, 16, 24)           216       ['max_pooling2d[0][0]']       
                                                                                                  
 conv2d_4 (Conv2D)           (None, 16, 16, 24)           5208      ['activation_2[0][0]']        
                                                                                                  
 add_1 (Add)                 (None, 16, 16, 24)           0         ['conv2d_5[0][0]',            
                                                                     'conv2d_4[0][0]']            
                                                                                                  
 activation_3 (Activation)   (None, 16, 16, 24)           0         ['add_1[0][0]']               
                                                                                                  
 max_pooling2d_1 (MaxPoolin  (None, 8, 8, 24)             0         ['activation_3[0][0]']        
 g2D)                                                                                             
                                                                                                  
 flatten (Flatten)           (None, 1536)                 0         ['max_pooling2d_1[0][0]']     
                                                                                                  
 dense (Dense)               (None, 80)                   122960    ['flatten[0][0]']             
                                                                                                  
 activation_4 (Activation)   (None, 80)                   0         ['dense[0][0]']               
                                                                                                  
 dropout (Dropout)           (None, 80)                   0         ['activation_4[0][0]']        
                                                                                                  
 dense_1 (Dense)             (None, 80)                   6480      ['dropout[0][0]']             
                                                                                                  
 activation_5 (Activation)   (None, 80)                   0         ['dense_1[0][0]']             
                                                                                                  
 dropout_1 (Dropout)         (None, 80)                   0         ['activation_5[0][0]']        
                                                                                                  
 dense_2 (Dense)             (None, 216)                  17496     ['dropout_1[0][0]']           
                                                                                                  
 activation_6 (Activation)   (None, 216)                  0         ['dense_2[0][0]']             
                                                                                                  
 dropout_2 (Dropout)         (None, 216)                  0         ['activation_6[0][0]']        
                                                                                                  
 dense_3 (Dense)             (None, 56)                   12152     ['dropout_2[0][0]']           
                                                                                                  
 activation_7 (Activation)   (None, 56)                   0         ['dense_3[0][0]']             
                                                                                                  
 dropout_3 (Dropout)         (None, 56)                   0         ['activation_7[0][0]']        
                                                                                                  
 dense_4 (Dense)             (None, 88)                   5016      ['dropout_3[0][0]']           
                                                                                                  
 activation_8 (Activation)   (None, 88)                   0         ['dense_4[0][0]']             
                                                                                                  
 dropout_4 (Dropout)         (None, 88)                   0         ['activation_8[0][0]']        
                                                                                                  
 dense_5 (Dense)             (None, 104)                  9256      ['dropout_4[0][0]']           
                                                                                                  
 activation_9 (Activation)   (None, 104)                  0         ['dense_5[0][0]']             
                                                                                                  
 dropout_5 (Dropout)         (None, 104)                  0         ['activation_9[0][0]']        
                                                                                                  
 dense_6 (Dense)             (None, 80)                   8400      ['dropout_5[0][0]']           
                                                                                                  
 activation_10 (Activation)  (None, 80)                   0         ['dense_6[0][0]']             
                                                                                                  
 dropout_6 (Dropout)         (None, 80)                   0         ['activation_10[0][0]']       
                                                                                                  
 dense_7 (Dense)             (None, 256)                  20736     ['dropout_6[0][0]']           
                                                                                                  
 activation_11 (Activation)  (None, 256)                  0         ['dense_7[0][0]']             
                                                                                                  
 dropout_7 (Dropout)         (None, 256)                  0         ['activation_11[0][0]']       
                                                                                                  
 dense_8 (Dense)             (None, 80)                   20560     ['dropout_7[0][0]']           
                                                                                                  
 activation_12 (Activation)  (None, 80)                   0         ['dense_8[0][0]']             
                                                                                                  
 dropout_8 (Dropout)         (None, 80)                   0         ['activation_12[0][0]']       
                                                                                                  
 dense_9 (Dense)             (None, 224)                  18144     ['dropout_8[0][0]']           
                                                                                                  
 activation_13 (Activation)  (None, 224)                  0         ['dense_9[0][0]']             
                                                                                                  
 dropout_9 (Dropout)         (None, 224)                  0         ['activation_13[0][0]']       
                                                                                                  
 dense_10 (Dense)            (None, 100)                  22500     ['dropout_9[0][0]']           
                                                                                                  
==================================================================================================
Total params: 271716 (1.04 MB)
Trainable params: 271716 (1.04 MB)
Non-trainable params: 0 (0.00 Byte)
__________________________________________________________________________________________________
Epoch 1/100
6250/6250 - 20s - loss: 6.1207 - accuracy: 0.0100 - val_loss: 4.6550 - val_accuracy: 0.0104 - 20s/epoch - 3ms/step
Epoch 2/100
6250/6250 - 19s - loss: 5.2791 - accuracy: 0.0104 - val_loss: 4.6220 - val_accuracy: 0.0099 - 19s/epoch - 3ms/step
Epoch 3/100
6250/6250 - 19s - loss: 5.0485 - accuracy: 0.0108 - val_loss: 4.6140 - val_accuracy: 0.0100 - 19s/epoch - 3ms/step
Epoch 4/100
6250/6250 - 19s - loss: 4.9379 - accuracy: 0.0103 - val_loss: 4.6037 - val_accuracy: 0.0071 - 19s/epoch - 3ms/step
Epoch 5/100
6250/6250 - 19s - loss: 4.8737 - accuracy: 0.0095 - val_loss: 4.6072 - val_accuracy: 0.0128 - 19s/epoch - 3ms/step
Epoch 6/100
6250/6250 - 19s - loss: 4.8228 - accuracy: 0.0099 - val_loss: 4.5902 - val_accuracy: 0.0115 - 19s/epoch - 3ms/step
Epoch 7/100
6250/6250 - 19s - loss: 4.7862 - accuracy: 0.0101 - val_loss: 4.5503 - val_accuracy: 0.0243 - 19s/epoch - 3ms/step
Epoch 8/100
6250/6250 - 19s - loss: 4.7300 - accuracy: 0.0115 - val_loss: 4.4658 - val_accuracy: 0.0206 - 19s/epoch - 3ms/step
Epoch 9/100
6250/6250 - 19s - loss: 4.6573 - accuracy: 0.0148 - val_loss: 4.4017 - val_accuracy: 0.0186 - 19s/epoch - 3ms/step
Epoch 10/100
6250/6250 - 19s - loss: 4.6071 - accuracy: 0.0169 - val_loss: 4.3709 - val_accuracy: 0.0199 - 19s/epoch - 3ms/step
Epoch 11/100
6250/6250 - 19s - loss: 4.5629 - accuracy: 0.0179 - val_loss: 4.3686 - val_accuracy: 0.0197 - 19s/epoch - 3ms/step
Epoch 12/100
6250/6250 - 19s - loss: 4.5351 - accuracy: 0.0187 - val_loss: 4.3968 - val_accuracy: 0.0200 - 19s/epoch - 3ms/step
Epoch 13/100
6250/6250 - 19s - loss: 4.5148 - accuracy: 0.0189 - val_loss: 4.3751 - val_accuracy: 0.0208 - 19s/epoch - 3ms/step
Epoch 14/100
6250/6250 - 19s - loss: 4.4938 - accuracy: 0.0188 - val_loss: 4.3617 - val_accuracy: 0.0205 - 19s/epoch - 3ms/step
Epoch 15/100
6250/6250 - 19s - loss: 4.4710 - accuracy: 0.0203 - val_loss: 4.3270 - val_accuracy: 0.0249 - 19s/epoch - 3ms/step
Epoch 16/100
6250/6250 - 19s - loss: 4.4564 - accuracy: 0.0201 - val_loss: 4.3043 - val_accuracy: 0.0257 - 19s/epoch - 3ms/step
Epoch 17/100
6250/6250 - 19s - loss: 4.4369 - accuracy: 0.0216 - val_loss: 4.3064 - val_accuracy: 0.0244 - 19s/epoch - 3ms/step
Epoch 18/100
6250/6250 - 19s - loss: 4.4261 - accuracy: 0.0211 - val_loss: 4.2711 - val_accuracy: 0.0299 - 19s/epoch - 3ms/step
Epoch 19/100
6250/6250 - 19s - loss: 4.4043 - accuracy: 0.0235 - val_loss: 4.2532 - val_accuracy: 0.0311 - 19s/epoch - 3ms/step
Epoch 20/100
6250/6250 - 19s - loss: 4.3939 - accuracy: 0.0240 - val_loss: 4.2567 - val_accuracy: 0.0315 - 19s/epoch - 3ms/step
Epoch 21/100
6250/6250 - 19s - loss: 4.3844 - accuracy: 0.0234 - val_loss: 4.2925 - val_accuracy: 0.0290 - 19s/epoch - 3ms/step
Epoch 22/100
6250/6250 - 19s - loss: 4.3732 - accuracy: 0.0251 - val_loss: 4.2418 - val_accuracy: 0.0310 - 19s/epoch - 3ms/step
Epoch 23/100
6250/6250 - 19s - loss: 4.3639 - accuracy: 0.0254 - val_loss: 4.2145 - val_accuracy: 0.0358 - 19s/epoch - 3ms/step
Epoch 24/100
6250/6250 - 19s - loss: 4.3599 - accuracy: 0.0237 - val_loss: 4.2271 - val_accuracy: 0.0353 - 19s/epoch - 3ms/step
Epoch 25/100
6250/6250 - 20s - loss: 4.3469 - accuracy: 0.0240 - val_loss: 4.2090 - val_accuracy: 0.0362 - 20s/epoch - 3ms/step
Epoch 26/100
6250/6250 - 19s - loss: 4.3357 - accuracy: 0.0260 - val_loss: 4.2102 - val_accuracy: 0.0351 - 19s/epoch - 3ms/step
Epoch 27/100
6250/6250 - 19s - loss: 4.3310 - accuracy: 0.0252 - val_loss: 4.1984 - val_accuracy: 0.0359 - 19s/epoch - 3ms/step
Epoch 28/100
6250/6250 - 19s - loss: 4.3161 - accuracy: 0.0274 - val_loss: 4.2285 - val_accuracy: 0.0334 - 19s/epoch - 3ms/step
Epoch 29/100
6250/6250 - 20s - loss: 4.3062 - accuracy: 0.0266 - val_loss: 4.2088 - val_accuracy: 0.0364 - 20s/epoch - 3ms/step
Epoch 30/100
6250/6250 - 19s - loss: 4.2971 - accuracy: 0.0276 - val_loss: 4.1826 - val_accuracy: 0.0362 - 19s/epoch - 3ms/step
Epoch 31/100
6250/6250 - 20s - loss: 4.2918 - accuracy: 0.0285 - val_loss: 4.1633 - val_accuracy: 0.0404 - 20s/epoch - 3ms/step
Epoch 32/100
6250/6250 - 19s - loss: 4.2847 - accuracy: 0.0284 - val_loss: 4.1593 - val_accuracy: 0.0368 - 19s/epoch - 3ms/step
Epoch 33/100
6250/6250 - 19s - loss: 4.2791 - accuracy: 0.0307 - val_loss: 4.1453 - val_accuracy: 0.0382 - 19s/epoch - 3ms/step
Epoch 34/100
6250/6250 - 19s - loss: 4.2692 - accuracy: 0.0299 - val_loss: 4.1412 - val_accuracy: 0.0407 - 19s/epoch - 3ms/step
Epoch 35/100
6250/6250 - 20s - loss: 4.2617 - accuracy: 0.0300 - val_loss: 4.1293 - val_accuracy: 0.0410 - 20s/epoch - 3ms/step
Epoch 36/100
6250/6250 - 19s - loss: 4.2534 - accuracy: 0.0299 - val_loss: 4.1323 - val_accuracy: 0.0407 - 19s/epoch - 3ms/step
Epoch 37/100
6250/6250 - 19s - loss: 4.2437 - accuracy: 0.0315 - val_loss: 4.1203 - val_accuracy: 0.0432 - 19s/epoch - 3ms/step
Epoch 38/100
6250/6250 - 20s - loss: 4.2380 - accuracy: 0.0320 - val_loss: 4.1332 - val_accuracy: 0.0405 - 20s/epoch - 3ms/step
Epoch 39/100
6250/6250 - 20s - loss: 4.2358 - accuracy: 0.0319 - val_loss: 4.1113 - val_accuracy: 0.0458 - 20s/epoch - 3ms/step
Epoch 40/100
6250/6250 - 20s - loss: 4.2307 - accuracy: 0.0323 - val_loss: 4.0971 - val_accuracy: 0.0471 - 20s/epoch - 3ms/step
Epoch 41/100
6250/6250 - 19s - loss: 4.2179 - accuracy: 0.0323 - val_loss: 4.0952 - val_accuracy: 0.0450 - 19s/epoch - 3ms/step
Epoch 42/100
6250/6250 - 19s - loss: 4.2091 - accuracy: 0.0358 - val_loss: 4.0923 - val_accuracy: 0.0440 - 19s/epoch - 3ms/step
Epoch 43/100
6250/6250 - 20s - loss: 4.2081 - accuracy: 0.0326 - val_loss: 4.0741 - val_accuracy: 0.0512 - 20s/epoch - 3ms/step
Epoch 44/100
6250/6250 - 19s - loss: 4.2032 - accuracy: 0.0343 - val_loss: 4.1057 - val_accuracy: 0.0439 - 19s/epoch - 3ms/step
Epoch 45/100
6250/6250 - 19s - loss: 4.1993 - accuracy: 0.0352 - val_loss: 4.0776 - val_accuracy: 0.0497 - 19s/epoch - 3ms/step
Epoch 46/100
6250/6250 - 19s - loss: 4.1907 - accuracy: 0.0354 - val_loss: 4.0545 - val_accuracy: 0.0503 - 19s/epoch - 3ms/step
Epoch 47/100
6250/6250 - 19s - loss: 4.1863 - accuracy: 0.0362 - val_loss: 4.0704 - val_accuracy: 0.0461 - 19s/epoch - 3ms/step
Epoch 48/100
6250/6250 - 19s - loss: 4.1809 - accuracy: 0.0353 - val_loss: 4.0526 - val_accuracy: 0.0524 - 19s/epoch - 3ms/step
Epoch 49/100
6250/6250 - 19s - loss: 4.1740 - accuracy: 0.0376 - val_loss: 4.0731 - val_accuracy: 0.0499 - 19s/epoch - 3ms/step
Epoch 50/100
6250/6250 - 19s - loss: 4.1706 - accuracy: 0.0351 - val_loss: 4.0976 - val_accuracy: 0.0445 - 19s/epoch - 3ms/step
Epoch 51/100
6250/6250 - 19s - loss: 4.1669 - accuracy: 0.0362 - val_loss: 4.0431 - val_accuracy: 0.0486 - 19s/epoch - 3ms/step
Epoch 52/100
6250/6250 - 19s - loss: 4.1591 - accuracy: 0.0370 - val_loss: 4.0277 - val_accuracy: 0.0489 - 19s/epoch - 3ms/step
Epoch 53/100
6250/6250 - 19s - loss: 4.1561 - accuracy: 0.0385 - val_loss: 4.0419 - val_accuracy: 0.0466 - 19s/epoch - 3ms/step
Epoch 54/100
6250/6250 - 19s - loss: 4.1462 - accuracy: 0.0381 - val_loss: 4.0181 - val_accuracy: 0.0530 - 19s/epoch - 3ms/step
Epoch 55/100
6250/6250 - 19s - loss: 4.1465 - accuracy: 0.0384 - val_loss: 4.0165 - val_accuracy: 0.0565 - 19s/epoch - 3ms/step
Epoch 56/100
6250/6250 - 19s - loss: 4.1402 - accuracy: 0.0393 - val_loss: 4.0134 - val_accuracy: 0.0492 - 19s/epoch - 3ms/step
Epoch 57/100
6250/6250 - 19s - loss: 4.1381 - accuracy: 0.0388 - val_loss: 4.0269 - val_accuracy: 0.0536 - 19s/epoch - 3ms/step
Epoch 58/100
6250/6250 - 20s - loss: 4.1312 - accuracy: 0.0385 - val_loss: 4.0077 - val_accuracy: 0.0528 - 20s/epoch - 3ms/step
Epoch 59/100
6250/6250 - 19s - loss: 4.1319 - accuracy: 0.0383 - val_loss: 4.0018 - val_accuracy: 0.0548 - 19s/epoch - 3ms/step
Epoch 60/100
6250/6250 - 19s - loss: 4.1219 - accuracy: 0.0413 - val_loss: 4.0037 - val_accuracy: 0.0586 - 19s/epoch - 3ms/step
Epoch 61/100
6250/6250 - 19s - loss: 4.1197 - accuracy: 0.0411 - val_loss: 3.9863 - val_accuracy: 0.0569 - 19s/epoch - 3ms/step
Epoch 62/100
6250/6250 - 20s - loss: 4.1114 - accuracy: 0.0419 - val_loss: 3.9994 - val_accuracy: 0.0541 - 20s/epoch - 3ms/step
Epoch 63/100
6250/6250 - 19s - loss: 4.1132 - accuracy: 0.0404 - val_loss: 4.0048 - val_accuracy: 0.0510 - 19s/epoch - 3ms/step
Epoch 64/100
6250/6250 - 20s - loss: 4.1059 - accuracy: 0.0417 - val_loss: 3.9728 - val_accuracy: 0.0554 - 20s/epoch - 3ms/step
Epoch 65/100
6250/6250 - 20s - loss: 4.1020 - accuracy: 0.0404 - val_loss: 3.9785 - val_accuracy: 0.0542 - 20s/epoch - 3ms/step
Epoch 66/100
6250/6250 - 20s - loss: 4.0947 - accuracy: 0.0418 - val_loss: 3.9922 - val_accuracy: 0.0532 - 20s/epoch - 3ms/step
Epoch 67/100
6250/6250 - 20s - loss: 4.0957 - accuracy: 0.0418 - val_loss: 3.9684 - val_accuracy: 0.0570 - 20s/epoch - 3ms/step
Epoch 68/100
6250/6250 - 20s - loss: 4.0900 - accuracy: 0.0422 - val_loss: 3.9909 - val_accuracy: 0.0533 - 20s/epoch - 3ms/step
Epoch 69/100
6250/6250 - 20s - loss: 4.0873 - accuracy: 0.0414 - val_loss: 3.9618 - val_accuracy: 0.0562 - 20s/epoch - 3ms/step
Epoch 70/100
6250/6250 - 20s - loss: 4.0872 - accuracy: 0.0422 - val_loss: 3.9702 - val_accuracy: 0.0592 - 20s/epoch - 3ms/step
Epoch 71/100
6250/6250 - 20s - loss: 4.0820 - accuracy: 0.0435 - val_loss: 3.9743 - val_accuracy: 0.0577 - 20s/epoch - 3ms/step
Epoch 72/100
6250/6250 - 20s - loss: 4.0759 - accuracy: 0.0439 - val_loss: 3.9741 - val_accuracy: 0.0539 - 20s/epoch - 3ms/step
Epoch 73/100
6250/6250 - 20s - loss: 4.0755 - accuracy: 0.0433 - val_loss: 3.9558 - val_accuracy: 0.0591 - 20s/epoch - 3ms/step
Epoch 74/100
6250/6250 - 20s - loss: 4.0699 - accuracy: 0.0428 - val_loss: 3.9522 - val_accuracy: 0.0572 - 20s/epoch - 3ms/step
Epoch 75/100
6250/6250 - 20s - loss: 4.0652 - accuracy: 0.0434 - val_loss: 3.9639 - val_accuracy: 0.0620 - 20s/epoch - 3ms/step
Epoch 76/100
6250/6250 - 20s - loss: 4.0634 - accuracy: 0.0434 - val_loss: 3.9530 - val_accuracy: 0.0583 - 20s/epoch - 3ms/step
Epoch 77/100
6250/6250 - 20s - loss: 4.0579 - accuracy: 0.0435 - val_loss: 3.9445 - val_accuracy: 0.0586 - 20s/epoch - 3ms/step
Epoch 78/100
6250/6250 - 20s - loss: 4.0507 - accuracy: 0.0451 - val_loss: 3.9626 - val_accuracy: 0.0565 - 20s/epoch - 3ms/step
Epoch 79/100
6250/6250 - 20s - loss: 4.0492 - accuracy: 0.0447 - val_loss: 3.9492 - val_accuracy: 0.0569 - 20s/epoch - 3ms/step
Epoch 80/100
6250/6250 - 20s - loss: 4.0474 - accuracy: 0.0450 - val_loss: 3.9460 - val_accuracy: 0.0600 - 20s/epoch - 3ms/step
Epoch 81/100
6250/6250 - 19s - loss: 4.0440 - accuracy: 0.0454 - val_loss: 3.9323 - val_accuracy: 0.0581 - 19s/epoch - 3ms/step
Epoch 82/100
6250/6250 - 20s - loss: 4.0446 - accuracy: 0.0454 - val_loss: 3.9327 - val_accuracy: 0.0589 - 20s/epoch - 3ms/step
Epoch 83/100
6250/6250 - 20s - loss: 4.0361 - accuracy: 0.0454 - val_loss: 3.9258 - val_accuracy: 0.0649 - 20s/epoch - 3ms/step
Epoch 84/100
6250/6250 - 20s - loss: 4.0301 - accuracy: 0.0467 - val_loss: 3.9565 - val_accuracy: 0.0624 - 20s/epoch - 3ms/step
Epoch 85/100
6250/6250 - 20s - loss: 4.0238 - accuracy: 0.0471 - val_loss: 3.9059 - val_accuracy: 0.0639 - 20s/epoch - 3ms/step
Epoch 86/100
6250/6250 - 20s - loss: 4.0246 - accuracy: 0.0472 - val_loss: 3.8956 - val_accuracy: 0.0629 - 20s/epoch - 3ms/step
Epoch 87/100
6250/6250 - 20s - loss: 4.0120 - accuracy: 0.0497 - val_loss: 3.8954 - val_accuracy: 0.0601 - 20s/epoch - 3ms/step
Epoch 88/100
6250/6250 - 20s - loss: 4.0114 - accuracy: 0.0477 - val_loss: 3.8938 - val_accuracy: 0.0647 - 20s/epoch - 3ms/step
Epoch 89/100
6250/6250 - 20s - loss: 4.0023 - accuracy: 0.0499 - val_loss: 3.8781 - val_accuracy: 0.0650 - 20s/epoch - 3ms/step
Epoch 90/100
6250/6250 - 20s - loss: 3.9925 - accuracy: 0.0504 - val_loss: 3.9048 - val_accuracy: 0.0665 - 20s/epoch - 3ms/step
Epoch 91/100
6250/6250 - 20s - loss: 3.9919 - accuracy: 0.0514 - val_loss: 3.8722 - val_accuracy: 0.0731 - 20s/epoch - 3ms/step
Epoch 92/100
6250/6250 - 20s - loss: 3.9801 - accuracy: 0.0521 - val_loss: 3.8719 - val_accuracy: 0.0673 - 20s/epoch - 3ms/step
Epoch 93/100
6250/6250 - 20s - loss: 3.9759 - accuracy: 0.0534 - val_loss: 3.8478 - val_accuracy: 0.0721 - 20s/epoch - 3ms/step
Epoch 94/100
6250/6250 - 20s - loss: 3.9685 - accuracy: 0.0551 - val_loss: 3.8734 - val_accuracy: 0.0725 - 20s/epoch - 3ms/step
Epoch 95/100
6250/6250 - 20s - loss: 3.9676 - accuracy: 0.0536 - val_loss: 3.8583 - val_accuracy: 0.0731 - 20s/epoch - 3ms/step
Epoch 96/100
6250/6250 - 20s - loss: 3.9595 - accuracy: 0.0568 - val_loss: 3.8362 - val_accuracy: 0.0797 - 20s/epoch - 3ms/step
Epoch 97/100
6250/6250 - 20s - loss: 3.9601 - accuracy: 0.0547 - val_loss: 3.8268 - val_accuracy: 0.0743 - 20s/epoch - 3ms/step
Epoch 98/100
6250/6250 - 19s - loss: 3.9541 - accuracy: 0.0570 - val_loss: 3.8441 - val_accuracy: 0.0755 - 19s/epoch - 3ms/step
Epoch 99/100
6250/6250 - 20s - loss: 3.9475 - accuracy: 0.0554 - val_loss: 3.8281 - val_accuracy: 0.0787 - 20s/epoch - 3ms/step
Epoch 100/100
6250/6250 - 20s - loss: 3.9468 - accuracy: 0.0580 - val_loss: 3.8262 - val_accuracy: 0.0711 - 20s/epoch - 3ms/step
313/313 - 1s - loss: 3.8262 - accuracy: 0.0711 - 550ms/epoch - 2ms/step

ACCURACY: 0.07109999656677246


SCORE: -0.3379567335967407

[92m | MODULE VALUES ---------------------------------------------  |
 [0m
FLOPS: 5906632
PARAMS: 271716.0
[92m 
 | -----------------------------------------------------------  |
 [0m

--- BANANAS ITERATION 68 / 1000 ---
Chosen point: {'num_neurons': 4, 'unit_c1': 2, 'unit_c2': 3, 'dr_f': 0.20667500075503945, 'learning_rate': 0.0006241516782597243, 'batch_size': 8, 'optimizer': 'Adagrad', 'activation': 'selu', 'data_augmentation': True, 'reg_l2': False, 'skip_connection': True, 'new_fc_1': 24, 'new_fc_2': 3, 'new_fc_3': 13, 'new_fc_4': 16, 'new_fc_5': 0, 'new_fc_6': 25, 'new_fc_7': 6, 'new_fc_8': 19, 'new_fc_9': 21, 'new_fc_10': 0}
[94m
|  --> START TRAINING ITERATION 17[0m
[INFO] Flags -> DA: True, L2: False, Skip: True
Building model with input_shape=(32, 32, 3), pos_input_shape=None, layer_x_block=2
Model: "model"
__________________________________________________________________________________________________
 Layer (type)                Output Shape                 Param #   Connected to                  
==================================================================================================
 input_2 (InputLayer)        [(None, 32, 32, 3)]          0         []                            
                                                                                                  
 conv2d (Conv2D)             (None, 32, 32, 8)            224       ['input_2[0][0]']             
                                                                                                  
 activation (Activation)     (None, 32, 32, 8)            0         ['conv2d[1][0]']              
                                                                                                  
 conv2d_2 (Conv2D)           (None, 32, 32, 8)            32        ['input_2[0][0]']             
                                                                                                  
 conv2d_1 (Conv2D)           (None, 32, 32, 8)            584       ['activation[1][0]']          
                                                                                                  
 add (Add)                   (None, 32, 32, 8)            0         ['conv2d_2[1][0]',            
                                                                     'conv2d_1[1][0]']            
                                                                                                  
 activation_1 (Activation)   (None, 32, 32, 8)            0         ['add[1][0]']                 
                                                                                                  
 max_pooling2d (MaxPooling2  (None, 16, 16, 8)            0         ['activation_1[1][0]']        
 D)                                                                                               
                                                                                                  
 conv2d_3 (Conv2D)           (None, 16, 16, 12)           876       ['max_pooling2d[1][0]']       
                                                                                                  
 activation_2 (Activation)   (None, 16, 16, 12)           0         ['conv2d_3[1][0]']            
                                                                                                  
 conv2d_5 (Conv2D)           (None, 16, 16, 12)           108       ['max_pooling2d[1][0]']       
                                                                                                  
 conv2d_4 (Conv2D)           (None, 16, 16, 12)           1308      ['activation_2[1][0]']        
                                                                                                  
 add_1 (Add)                 (None, 16, 16, 12)           0         ['conv2d_5[1][0]',            
                                                                     'conv2d_4[1][0]']            
                                                                                                  
 activation_3 (Activation)   (None, 16, 16, 12)           0         ['add_1[1][0]']               
                                                                                                  
 max_pooling2d_1 (MaxPoolin  (None, 8, 8, 12)             0         ['activation_3[1][0]']        
 g2D)                                                                                             
                                                                                                  
 flatten (Flatten)           (None, 768)                  0         ['max_pooling2d_1[1][0]']     
                                                                                                  
 dense (Dense)               (None, 96)                   73824     ['flatten[1][0]']             
                                                                                                  
 activation_4 (Activation)   (None, 96)                   0         ['dense[1][0]']               
                                                                                                  
 dropout (Dropout)           (None, 96)                   0         ['activation_4[1][0]']        
                                                                                                  
 dense_1 (Dense)             (None, 12)                   1164      ['dropout[1][0]']             
                                                                                                  
 activation_5 (Activation)   (None, 12)                   0         ['dense_1[1][0]']             
                                                                                                  
 dropout_1 (Dropout)         (None, 12)                   0         ['activation_5[1][0]']        
                                                                                                  
 dense_2 (Dense)             (None, 52)                   676       ['dropout_1[1][0]']           
                                                                                                  
 activation_6 (Activation)   (None, 52)                   0         ['dense_2[1][0]']             
                                                                                                  
 dropout_2 (Dropout)         (None, 52)                   0         ['activation_6[1][0]']        
                                                                                                  
 dense_3 (Dense)             (None, 64)                   3392      ['dropout_2[1][0]']           
                                                                                                  
 activation_7 (Activation)   (None, 64)                   0         ['dense_3[1][0]']             
                                                                                                  
 dropout_3 (Dropout)         (None, 64)                   0         ['activation_7[1][0]']        
                                                                                                  
 dense_4 (Dense)             (None, 100)                  6500      ['dropout_3[1][0]']           
                                                                                                  
 activation_8 (Activation)   (None, 100)                  0         ['dense_4[1][0]']             
                                                                                                  
 dropout_4 (Dropout)         (None, 100)                  0         ['activation_8[1][0]']        
                                                                                                  
 dense_5 (Dense)             (None, 24)                   2424      ['dropout_4[1][0]']           
                                                                                                  
 activation_9 (Activation)   (None, 24)                   0         ['dense_5[1][0]']             
                                                                                                  
 dropout_5 (Dropout)         (None, 24)                   0         ['activation_9[1][0]']        
                                                                                                  
 dense_6 (Dense)             (None, 76)                   1900      ['dropout_5[1][0]']           
                                                                                                  
 activation_10 (Activation)  (None, 76)                   0         ['dense_6[1][0]']             
                                                                                                  
 dropout_6 (Dropout)         (None, 76)                   0         ['activation_10[1][0]']       
                                                                                                  
 dense_7 (Dense)             (None, 84)                   6468      ['dropout_6[1][0]']           
                                                                                                  
 activation_11 (Activation)  (None, 84)                   0         ['dense_7[1][0]']             
                                                                                                  
 dropout_7 (Dropout)         (None, 84)                   0         ['activation_11[1][0]']       
                                                                                                  
 dense_8 (Dense)             (None, 100)                  8500      ['dropout_7[1][0]']           
                                                                                                  
==================================================================================================
Total params: 107980 (421.80 KB)
Trainable params: 107980 (421.80 KB)
Non-trainable params: 0 (0.00 Byte)
__________________________________________________________________________________________________
Epoch 1/100
6250/6250 - 20s - loss: 4.8489 - accuracy: 0.0130 - val_loss: 4.5038 - val_accuracy: 0.0217 - 20s/epoch - 3ms/step
Epoch 2/100
6250/6250 - 19s - loss: 4.7359 - accuracy: 0.0161 - val_loss: 4.4435 - val_accuracy: 0.0273 - 19s/epoch - 3ms/step
Epoch 3/100
6250/6250 - 19s - loss: 4.6792 - accuracy: 0.0176 - val_loss: 4.4077 - val_accuracy: 0.0328 - 19s/epoch - 3ms/step
Epoch 4/100
6250/6250 - 19s - loss: 4.6437 - accuracy: 0.0191 - val_loss: 4.3766 - val_accuracy: 0.0333 - 19s/epoch - 3ms/step
Epoch 5/100
6250/6250 - 19s - loss: 4.6128 - accuracy: 0.0207 - val_loss: 4.3540 - val_accuracy: 0.0370 - 19s/epoch - 3ms/step
Epoch 6/100
6250/6250 - 19s - loss: 4.5927 - accuracy: 0.0229 - val_loss: 4.3301 - val_accuracy: 0.0402 - 19s/epoch - 3ms/step
Epoch 7/100
6250/6250 - 19s - loss: 4.5677 - accuracy: 0.0231 - val_loss: 4.3068 - val_accuracy: 0.0441 - 19s/epoch - 3ms/step
Epoch 8/100
6250/6250 - 19s - loss: 4.5484 - accuracy: 0.0241 - val_loss: 4.2905 - val_accuracy: 0.0472 - 19s/epoch - 3ms/step
Epoch 9/100
6250/6250 - 19s - loss: 4.5329 - accuracy: 0.0259 - val_loss: 4.2701 - val_accuracy: 0.0499 - 19s/epoch - 3ms/step
Epoch 10/100
6250/6250 - 19s - loss: 4.5148 - accuracy: 0.0266 - val_loss: 4.2559 - val_accuracy: 0.0540 - 19s/epoch - 3ms/step
Epoch 11/100
6250/6250 - 19s - loss: 4.5037 - accuracy: 0.0280 - val_loss: 4.2392 - val_accuracy: 0.0540 - 19s/epoch - 3ms/step
Epoch 12/100
6250/6250 - 19s - loss: 4.4901 - accuracy: 0.0286 - val_loss: 4.2261 - val_accuracy: 0.0568 - 19s/epoch - 3ms/step
Epoch 13/100
6250/6250 - 19s - loss: 4.4736 - accuracy: 0.0295 - val_loss: 4.2126 - val_accuracy: 0.0588 - 19s/epoch - 3ms/step
Epoch 14/100
6250/6250 - 19s - loss: 4.4632 - accuracy: 0.0287 - val_loss: 4.1992 - val_accuracy: 0.0602 - 19s/epoch - 3ms/step
Epoch 15/100
6250/6250 - 19s - loss: 4.4587 - accuracy: 0.0306 - val_loss: 4.1900 - val_accuracy: 0.0619 - 19s/epoch - 3ms/step
Epoch 16/100
6250/6250 - 19s - loss: 4.4501 - accuracy: 0.0301 - val_loss: 4.1770 - val_accuracy: 0.0645 - 19s/epoch - 3ms/step
Epoch 17/100
6250/6250 - 19s - loss: 4.4331 - accuracy: 0.0327 - val_loss: 4.1652 - val_accuracy: 0.0633 - 19s/epoch - 3ms/step
Epoch 18/100
6250/6250 - 19s - loss: 4.4280 - accuracy: 0.0322 - val_loss: 4.1557 - val_accuracy: 0.0665 - 19s/epoch - 3ms/step
Epoch 19/100
6250/6250 - 19s - loss: 4.4191 - accuracy: 0.0326 - val_loss: 4.1462 - val_accuracy: 0.0661 - 19s/epoch - 3ms/step
Epoch 20/100
6250/6250 - 19s - loss: 4.4103 - accuracy: 0.0333 - val_loss: 4.1340 - val_accuracy: 0.0666 - 19s/epoch - 3ms/step
Epoch 21/100
6250/6250 - 19s - loss: 4.3984 - accuracy: 0.0329 - val_loss: 4.1251 - val_accuracy: 0.0677 - 19s/epoch - 3ms/step
Epoch 22/100
6250/6250 - 19s - loss: 4.3956 - accuracy: 0.0353 - val_loss: 4.1173 - val_accuracy: 0.0699 - 19s/epoch - 3ms/step
Epoch 23/100
6250/6250 - 19s - loss: 4.3886 - accuracy: 0.0356 - val_loss: 4.1067 - val_accuracy: 0.0693 - 19s/epoch - 3ms/step
Epoch 24/100
6250/6250 - 19s - loss: 4.3761 - accuracy: 0.0358 - val_loss: 4.0980 - val_accuracy: 0.0695 - 19s/epoch - 3ms/step
Epoch 25/100
6250/6250 - 19s - loss: 4.3751 - accuracy: 0.0352 - val_loss: 4.0914 - val_accuracy: 0.0717 - 19s/epoch - 3ms/step
Epoch 26/100
6250/6250 - 19s - loss: 4.3647 - accuracy: 0.0373 - val_loss: 4.0837 - val_accuracy: 0.0725 - 19s/epoch - 3ms/step
Epoch 27/100
6250/6250 - 19s - loss: 4.3591 - accuracy: 0.0370 - val_loss: 4.0772 - val_accuracy: 0.0744 - 19s/epoch - 3ms/step
Epoch 28/100
6250/6250 - 19s - loss: 4.3548 - accuracy: 0.0382 - val_loss: 4.0677 - val_accuracy: 0.0763 - 19s/epoch - 3ms/step
Epoch 29/100
6250/6250 - 19s - loss: 4.3497 - accuracy: 0.0377 - val_loss: 4.0641 - val_accuracy: 0.0751 - 19s/epoch - 3ms/step
Epoch 30/100
6250/6250 - 19s - loss: 4.3435 - accuracy: 0.0405 - val_loss: 4.0552 - val_accuracy: 0.0768 - 19s/epoch - 3ms/step
Epoch 31/100
6250/6250 - 19s - loss: 4.3405 - accuracy: 0.0389 - val_loss: 4.0483 - val_accuracy: 0.0787 - 19s/epoch - 3ms/step
Epoch 32/100
6250/6250 - 19s - loss: 4.3302 - accuracy: 0.0397 - val_loss: 4.0452 - val_accuracy: 0.0778 - 19s/epoch - 3ms/step
Epoch 33/100
6250/6250 - 19s - loss: 4.3283 - accuracy: 0.0401 - val_loss: 4.0381 - val_accuracy: 0.0788 - 19s/epoch - 3ms/step
Epoch 34/100
6250/6250 - 19s - loss: 4.3251 - accuracy: 0.0405 - val_loss: 4.0309 - val_accuracy: 0.0817 - 19s/epoch - 3ms/step
Epoch 35/100
6250/6250 - 19s - loss: 4.3190 - accuracy: 0.0395 - val_loss: 4.0255 - val_accuracy: 0.0816 - 19s/epoch - 3ms/step
Epoch 36/100
6250/6250 - 19s - loss: 4.3106 - accuracy: 0.0414 - val_loss: 4.0201 - val_accuracy: 0.0814 - 19s/epoch - 3ms/step
Epoch 37/100
6250/6250 - 19s - loss: 4.3075 - accuracy: 0.0426 - val_loss: 4.0156 - val_accuracy: 0.0829 - 19s/epoch - 3ms/step
Epoch 38/100
6250/6250 - 19s - loss: 4.3044 - accuracy: 0.0427 - val_loss: 4.0104 - val_accuracy: 0.0829 - 19s/epoch - 3ms/step
Epoch 39/100
6250/6250 - 19s - loss: 4.3016 - accuracy: 0.0410 - val_loss: 4.0062 - val_accuracy: 0.0846 - 19s/epoch - 3ms/step
Epoch 40/100
6250/6250 - 19s - loss: 4.2984 - accuracy: 0.0421 - val_loss: 4.0016 - val_accuracy: 0.0848 - 19s/epoch - 3ms/step
Epoch 41/100
6250/6250 - 19s - loss: 4.2940 - accuracy: 0.0416 - val_loss: 3.9960 - val_accuracy: 0.0859 - 19s/epoch - 3ms/step
Epoch 42/100
6250/6250 - 19s - loss: 4.2821 - accuracy: 0.0430 - val_loss: 3.9922 - val_accuracy: 0.0869 - 19s/epoch - 3ms/step
Epoch 43/100
6250/6250 - 19s - loss: 4.2771 - accuracy: 0.0456 - val_loss: 3.9868 - val_accuracy: 0.0875 - 19s/epoch - 3ms/step
Epoch 44/100
6250/6250 - 19s - loss: 4.2783 - accuracy: 0.0436 - val_loss: 3.9843 - val_accuracy: 0.0874 - 19s/epoch - 3ms/step
Epoch 45/100
6250/6250 - 19s - loss: 4.2789 - accuracy: 0.0422 - val_loss: 3.9802 - val_accuracy: 0.0890 - 19s/epoch - 3ms/step
Epoch 46/100
6250/6250 - 19s - loss: 4.2789 - accuracy: 0.0438 - val_loss: 3.9790 - val_accuracy: 0.0884 - 19s/epoch - 3ms/step
Epoch 47/100
6250/6250 - 19s - loss: 4.2713 - accuracy: 0.0449 - val_loss: 3.9731 - val_accuracy: 0.0897 - 19s/epoch - 3ms/step
Epoch 48/100
6250/6250 - 19s - loss: 4.2660 - accuracy: 0.0455 - val_loss: 3.9696 - val_accuracy: 0.0907 - 19s/epoch - 3ms/step
Epoch 49/100
6250/6250 - 19s - loss: 4.2665 - accuracy: 0.0443 - val_loss: 3.9666 - val_accuracy: 0.0919 - 19s/epoch - 3ms/step
Epoch 50/100
6250/6250 - 19s - loss: 4.2619 - accuracy: 0.0455 - val_loss: 3.9612 - val_accuracy: 0.0905 - 19s/epoch - 3ms/step
Epoch 51/100
6250/6250 - 19s - loss: 4.2565 - accuracy: 0.0436 - val_loss: 3.9583 - val_accuracy: 0.0920 - 19s/epoch - 3ms/step
Epoch 52/100
6250/6250 - 19s - loss: 4.2547 - accuracy: 0.0454 - val_loss: 3.9554 - val_accuracy: 0.0938 - 19s/epoch - 3ms/step
Epoch 53/100
6250/6250 - 19s - loss: 4.2497 - accuracy: 0.0447 - val_loss: 3.9541 - val_accuracy: 0.0944 - 19s/epoch - 3ms/step
Epoch 54/100
6250/6250 - 19s - loss: 4.2530 - accuracy: 0.0441 - val_loss: 3.9496 - val_accuracy: 0.0952 - 19s/epoch - 3ms/step
Epoch 55/100
6250/6250 - 19s - loss: 4.2463 - accuracy: 0.0473 - val_loss: 3.9474 - val_accuracy: 0.0950 - 19s/epoch - 3ms/step
Epoch 56/100
6250/6250 - 19s - loss: 4.2389 - accuracy: 0.0474 - val_loss: 3.9426 - val_accuracy: 0.0944 - 19s/epoch - 3ms/step
Epoch 57/100
6250/6250 - 19s - loss: 4.2371 - accuracy: 0.0464 - val_loss: 3.9394 - val_accuracy: 0.0940 - 19s/epoch - 3ms/step
Epoch 58/100
6250/6250 - 19s - loss: 4.2349 - accuracy: 0.0452 - val_loss: 3.9374 - val_accuracy: 0.0968 - 19s/epoch - 3ms/step
Epoch 59/100
6250/6250 - 19s - loss: 4.2355 - accuracy: 0.0474 - val_loss: 3.9347 - val_accuracy: 0.0969 - 19s/epoch - 3ms/step
Epoch 60/100
6250/6250 - 19s - loss: 4.2331 - accuracy: 0.0481 - val_loss: 3.9317 - val_accuracy: 0.0975 - 19s/epoch - 3ms/step
Epoch 61/100
6250/6250 - 19s - loss: 4.2290 - accuracy: 0.0469 - val_loss: 3.9290 - val_accuracy: 0.0959 - 19s/epoch - 3ms/step
Epoch 62/100
6250/6250 - 19s - loss: 4.2275 - accuracy: 0.0465 - val_loss: 3.9269 - val_accuracy: 0.0973 - 19s/epoch - 3ms/step
Epoch 63/100
6250/6250 - 19s - loss: 4.2195 - accuracy: 0.0479 - val_loss: 3.9258 - val_accuracy: 0.0983 - 19s/epoch - 3ms/step
Epoch 64/100
6250/6250 - 19s - loss: 4.2205 - accuracy: 0.0483 - val_loss: 3.9208 - val_accuracy: 0.0986 - 19s/epoch - 3ms/step
Epoch 65/100
6250/6250 - 19s - loss: 4.2212 - accuracy: 0.0490 - val_loss: 3.9192 - val_accuracy: 0.0997 - 19s/epoch - 3ms/step
Epoch 66/100
6250/6250 - 19s - loss: 4.2145 - accuracy: 0.0487 - val_loss: 3.9170 - val_accuracy: 0.1001 - 19s/epoch - 3ms/step
Epoch 67/100
6250/6250 - 19s - loss: 4.2141 - accuracy: 0.0493 - val_loss: 3.9154 - val_accuracy: 0.1004 - 19s/epoch - 3ms/step
Epoch 68/100
6250/6250 - 19s - loss: 4.2183 - accuracy: 0.0476 - val_loss: 3.9116 - val_accuracy: 0.1006 - 19s/epoch - 3ms/step
Epoch 69/100
6250/6250 - 19s - loss: 4.2138 - accuracy: 0.0483 - val_loss: 3.9106 - val_accuracy: 0.1018 - 19s/epoch - 3ms/step
Epoch 70/100
6250/6250 - 19s - loss: 4.2118 - accuracy: 0.0500 - val_loss: 3.9081 - val_accuracy: 0.1011 - 19s/epoch - 3ms/step
Epoch 71/100
6250/6250 - 19s - loss: 4.2087 - accuracy: 0.0500 - val_loss: 3.9050 - val_accuracy: 0.1028 - 19s/epoch - 3ms/step
Epoch 72/100
6250/6250 - 19s - loss: 4.2024 - accuracy: 0.0498 - val_loss: 3.9031 - val_accuracy: 0.1027 - 19s/epoch - 3ms/step
Epoch 73/100
6250/6250 - 19s - loss: 4.2001 - accuracy: 0.0490 - val_loss: 3.9012 - val_accuracy: 0.1039 - 19s/epoch - 3ms/step
Epoch 74/100
6250/6250 - 19s - loss: 4.2036 - accuracy: 0.0501 - val_loss: 3.8987 - val_accuracy: 0.1036 - 19s/epoch - 3ms/step
Epoch 75/100
6250/6250 - 19s - loss: 4.1982 - accuracy: 0.0500 - val_loss: 3.8969 - val_accuracy: 0.1049 - 19s/epoch - 3ms/step
Epoch 76/100
6250/6250 - 19s - loss: 4.2026 - accuracy: 0.0502 - val_loss: 3.8956 - val_accuracy: 0.1047 - 19s/epoch - 3ms/step
Epoch 77/100
6250/6250 - 18s - loss: 4.1993 - accuracy: 0.0510 - val_loss: 3.8937 - val_accuracy: 0.1042 - 18s/epoch - 3ms/step
Epoch 78/100
6250/6250 - 18s - loss: 4.1966 - accuracy: 0.0497 - val_loss: 3.8908 - val_accuracy: 0.1045 - 18s/epoch - 3ms/step
Epoch 79/100
6250/6250 - 18s - loss: 4.1886 - accuracy: 0.0519 - val_loss: 3.8882 - val_accuracy: 0.1057 - 18s/epoch - 3ms/step
Epoch 80/100
6250/6250 - 18s - loss: 4.1931 - accuracy: 0.0497 - val_loss: 3.8887 - val_accuracy: 0.1042 - 18s/epoch - 3ms/step
Epoch 81/100
6250/6250 - 18s - loss: 4.1880 - accuracy: 0.0515 - val_loss: 3.8875 - val_accuracy: 0.1060 - 18s/epoch - 3ms/step
Epoch 82/100
6250/6250 - 19s - loss: 4.1915 - accuracy: 0.0506 - val_loss: 3.8838 - val_accuracy: 0.1043 - 19s/epoch - 3ms/step
Epoch 83/100
6250/6250 - 19s - loss: 4.1868 - accuracy: 0.0504 - val_loss: 3.8813 - val_accuracy: 0.1053 - 19s/epoch - 3ms/step
Epoch 84/100
6250/6250 - 19s - loss: 4.1843 - accuracy: 0.0511 - val_loss: 3.8802 - val_accuracy: 0.1056 - 19s/epoch - 3ms/step
Epoch 85/100
6250/6250 - 19s - loss: 4.1837 - accuracy: 0.0523 - val_loss: 3.8794 - val_accuracy: 0.1057 - 19s/epoch - 3ms/step
Epoch 86/100
6250/6250 - 18s - loss: 4.1775 - accuracy: 0.0511 - val_loss: 3.8768 - val_accuracy: 0.1037 - 18s/epoch - 3ms/step
Epoch 87/100
6250/6250 - 18s - loss: 4.1826 - accuracy: 0.0502 - val_loss: 3.8756 - val_accuracy: 0.1065 - 18s/epoch - 3ms/step
Epoch 88/100
6250/6250 - 19s - loss: 4.1781 - accuracy: 0.0522 - val_loss: 3.8728 - val_accuracy: 0.1070 - 19s/epoch - 3ms/step
Epoch 89/100
6250/6250 - 18s - loss: 4.1779 - accuracy: 0.0518 - val_loss: 3.8717 - val_accuracy: 0.1077 - 18s/epoch - 3ms/step
Epoch 90/100
6250/6250 - 18s - loss: 4.1796 - accuracy: 0.0525 - val_loss: 3.8706 - val_accuracy: 0.1074 - 18s/epoch - 3ms/step
Epoch 91/100
6250/6250 - 19s - loss: 4.1728 - accuracy: 0.0506 - val_loss: 3.8684 - val_accuracy: 0.1070 - 19s/epoch - 3ms/step
Epoch 92/100
6250/6250 - 18s - loss: 4.1759 - accuracy: 0.0507 - val_loss: 3.8658 - val_accuracy: 0.1079 - 18s/epoch - 3ms/step
Epoch 93/100
6250/6250 - 19s - loss: 4.1741 - accuracy: 0.0533 - val_loss: 3.8665 - val_accuracy: 0.1084 - 19s/epoch - 3ms/step
Epoch 94/100
6250/6250 - 19s - loss: 4.1649 - accuracy: 0.0544 - val_loss: 3.8636 - val_accuracy: 0.1094 - 19s/epoch - 3ms/step
Epoch 95/100
6250/6250 - 19s - loss: 4.1634 - accuracy: 0.0533 - val_loss: 3.8619 - val_accuracy: 0.1068 - 19s/epoch - 3ms/step
Epoch 96/100
6250/6250 - 19s - loss: 4.1665 - accuracy: 0.0528 - val_loss: 3.8611 - val_accuracy: 0.1084 - 19s/epoch - 3ms/step
Epoch 97/100
6250/6250 - 19s - loss: 4.1644 - accuracy: 0.0552 - val_loss: 3.8597 - val_accuracy: 0.1086 - 19s/epoch - 3ms/step
Epoch 98/100
6250/6250 - 18s - loss: 4.1624 - accuracy: 0.0525 - val_loss: 3.8570 - val_accuracy: 0.1088 - 18s/epoch - 3ms/step
Epoch 99/100
6250/6250 - 19s - loss: 4.1615 - accuracy: 0.0535 - val_loss: 3.8563 - val_accuracy: 0.1101 - 19s/epoch - 3ms/step
Epoch 100/100
6250/6250 - 19s - loss: 4.1590 - accuracy: 0.0550 - val_loss: 3.8538 - val_accuracy: 0.1095 - 19s/epoch - 3ms/step
313/313 - 1s - loss: 3.8538 - accuracy: 0.1095 - 664ms/epoch - 2ms/step

ACCURACY: 0.10949999839067459


SCORE: -0.37046570287347225

[92m | MODULE VALUES ---------------------------------------------  |
 [0m
FLOPS: 3092148
PARAMS: 107980.0
[92m 
 | -----------------------------------------------------------  |
 [0m

--- BANANAS ITERATION 69 / 1000 ---
Chosen point: {'num_neurons': 4, 'unit_c1': 3, 'unit_c2': 1, 'dr_f': 0.19530774698607456, 'learning_rate': 0.0007596449100960199, 'batch_size': 64, 'optimizer': 'Adam', 'activation': 'elu', 'data_augmentation': False, 'reg_l2': False, 'skip_connection': True, 'new_fc_1': 31, 'new_fc_2': 0, 'new_fc_3': 11, 'new_fc_4': 4, 'new_fc_5': 9, 'new_fc_6': 10, 'new_fc_7': 15, 'new_fc_8': 21, 'new_fc_9': 15, 'new_fc_10': 4}
[94m
|  --> START TRAINING ITERATION 18[0m
[INFO] Flags -> DA: False, L2: False, Skip: True
Building model with input_shape=(32, 32, 3), pos_input_shape=None, layer_x_block=2
Model: "model"
__________________________________________________________________________________________________
 Layer (type)                Output Shape                 Param #   Connected to                  
==================================================================================================
 input_1 (InputLayer)        [(None, 32, 32, 3)]          0         []                            
                                                                                                  
 conv2d (Conv2D)             (None, 32, 32, 12)           336       ['input_1[0][0]']             
                                                                                                  
 activation (Activation)     (None, 32, 32, 12)           0         ['conv2d[0][0]']              
                                                                                                  
 conv2d_2 (Conv2D)           (None, 32, 32, 12)           48        ['input_1[0][0]']             
                                                                                                  
 conv2d_1 (Conv2D)           (None, 32, 32, 12)           1308      ['activation[0][0]']          
                                                                                                  
 add (Add)                   (None, 32, 32, 12)           0         ['conv2d_2[0][0]',            
                                                                     'conv2d_1[0][0]']            
                                                                                                  
 activation_1 (Activation)   (None, 32, 32, 12)           0         ['add[0][0]']                 
                                                                                                  
 max_pooling2d (MaxPooling2  (None, 16, 16, 12)           0         ['activation_1[0][0]']        
 D)                                                                                               
                                                                                                  
 conv2d_3 (Conv2D)           (None, 16, 16, 4)            436       ['max_pooling2d[0][0]']       
                                                                                                  
 activation_2 (Activation)   (None, 16, 16, 4)            0         ['conv2d_3[0][0]']            
                                                                                                  
 conv2d_5 (Conv2D)           (None, 16, 16, 4)            52        ['max_pooling2d[0][0]']       
                                                                                                  
 conv2d_4 (Conv2D)           (None, 16, 16, 4)            148       ['activation_2[0][0]']        
                                                                                                  
 add_1 (Add)                 (None, 16, 16, 4)            0         ['conv2d_5[0][0]',            
                                                                     'conv2d_4[0][0]']            
                                                                                                  
 activation_3 (Activation)   (None, 16, 16, 4)            0         ['add_1[0][0]']               
                                                                                                  
 max_pooling2d_1 (MaxPoolin  (None, 8, 8, 4)              0         ['activation_3[0][0]']        
 g2D)                                                                                             
                                                                                                  
 flatten (Flatten)           (None, 256)                  0         ['max_pooling2d_1[0][0]']     
                                                                                                  
 dense (Dense)               (None, 124)                  31868     ['flatten[0][0]']             
                                                                                                  
 activation_4 (Activation)   (None, 124)                  0         ['dense[0][0]']               
                                                                                                  
 dropout (Dropout)           (None, 124)                  0         ['activation_4[0][0]']        
                                                                                                  
 dense_1 (Dense)             (None, 44)                   5500      ['dropout[0][0]']             
                                                                                                  
 activation_5 (Activation)   (None, 44)                   0         ['dense_1[0][0]']             
                                                                                                  
 dropout_1 (Dropout)         (None, 44)                   0         ['activation_5[0][0]']        
                                                                                                  
 dense_2 (Dense)             (None, 16)                   720       ['dropout_1[0][0]']           
                                                                                                  
 activation_6 (Activation)   (None, 16)                   0         ['dense_2[0][0]']             
                                                                                                  
 dropout_2 (Dropout)         (None, 16)                   0         ['activation_6[0][0]']        
                                                                                                  
 dense_3 (Dense)             (None, 36)                   612       ['dropout_2[0][0]']           
                                                                                                  
 activation_7 (Activation)   (None, 36)                   0         ['dense_3[0][0]']             
                                                                                                  
 dropout_3 (Dropout)         (None, 36)                   0         ['activation_7[0][0]']        
                                                                                                  
 dense_4 (Dense)             (None, 40)                   1480      ['dropout_3[0][0]']           
                                                                                                  
 activation_8 (Activation)   (None, 40)                   0         ['dense_4[0][0]']             
                                                                                                  
 dropout_4 (Dropout)         (None, 40)                   0         ['activation_8[0][0]']        
                                                                                                  
 dense_5 (Dense)             (None, 60)                   2460      ['dropout_4[0][0]']           
                                                                                                  
 activation_9 (Activation)   (None, 60)                   0         ['dense_5[0][0]']             
                                                                                                  
 dropout_5 (Dropout)         (None, 60)                   0         ['activation_9[0][0]']        
                                                                                                  
 dense_6 (Dense)             (None, 84)                   5124      ['dropout_5[0][0]']           
                                                                                                  
 activation_10 (Activation)  (None, 84)                   0         ['dense_6[0][0]']             
                                                                                                  
 dropout_6 (Dropout)         (None, 84)                   0         ['activation_10[0][0]']       
                                                                                                  
 dense_7 (Dense)             (None, 60)                   5100      ['dropout_6[0][0]']           
                                                                                                  
 activation_11 (Activation)  (None, 60)                   0         ['dense_7[0][0]']             
                                                                                                  
 dropout_7 (Dropout)         (None, 60)                   0         ['activation_11[0][0]']       
                                                                                                  
 dense_8 (Dense)             (None, 16)                   976       ['dropout_7[0][0]']           
                                                                                                  
 activation_12 (Activation)  (None, 16)                   0         ['dense_8[0][0]']             
                                                                                                  
 dropout_8 (Dropout)         (None, 16)                   0         ['activation_12[0][0]']       
                                                                                                  
 dense_9 (Dense)             (None, 100)                  1700      ['dropout_8[0][0]']           
                                                                                                  
==================================================================================================
Total params: 57868 (226.05 KB)
Trainable params: 57868 (226.05 KB)
Non-trainable params: 0 (0.00 Byte)
__________________________________________________________________________________________________
Epoch 1/100
782/782 - 5s - loss: 4.4120 - accuracy: 0.0254 - val_loss: 4.1379 - val_accuracy: 0.0538 - 5s/epoch - 6ms/step
Epoch 2/100
782/782 - 3s - loss: 4.1596 - accuracy: 0.0458 - val_loss: 3.9725 - val_accuracy: 0.0737 - 3s/epoch - 4ms/step
Epoch 3/100
782/782 - 3s - loss: 4.0574 - accuracy: 0.0566 - val_loss: 3.9192 - val_accuracy: 0.0864 - 3s/epoch - 4ms/step
Epoch 4/100
782/782 - 3s - loss: 3.9903 - accuracy: 0.0664 - val_loss: 3.8151 - val_accuracy: 0.0988 - 3s/epoch - 4ms/step
Epoch 5/100
782/782 - 3s - loss: 3.9419 - accuracy: 0.0733 - val_loss: 3.7475 - val_accuracy: 0.1123 - 3s/epoch - 4ms/step
Epoch 6/100
782/782 - 3s - loss: 3.9034 - accuracy: 0.0783 - val_loss: 3.7054 - val_accuracy: 0.1170 - 3s/epoch - 4ms/step
Epoch 7/100
782/782 - 3s - loss: 3.8629 - accuracy: 0.0837 - val_loss: 3.6862 - val_accuracy: 0.1196 - 3s/epoch - 4ms/step
Epoch 8/100
782/782 - 3s - loss: 3.8396 - accuracy: 0.0867 - val_loss: 3.6430 - val_accuracy: 0.1320 - 3s/epoch - 4ms/step
Epoch 9/100
782/782 - 3s - loss: 3.8188 - accuracy: 0.0916 - val_loss: 3.6158 - val_accuracy: 0.1272 - 3s/epoch - 4ms/step
Epoch 10/100
782/782 - 3s - loss: 3.7985 - accuracy: 0.0918 - val_loss: 3.6063 - val_accuracy: 0.1270 - 3s/epoch - 4ms/step
Epoch 11/100
782/782 - 3s - loss: 3.7746 - accuracy: 0.0949 - val_loss: 3.5776 - val_accuracy: 0.1360 - 3s/epoch - 4ms/step
Epoch 12/100
782/782 - 3s - loss: 3.7550 - accuracy: 0.0985 - val_loss: 3.5646 - val_accuracy: 0.1369 - 3s/epoch - 4ms/step
Epoch 13/100
782/782 - 3s - loss: 3.7396 - accuracy: 0.0996 - val_loss: 3.5212 - val_accuracy: 0.1408 - 3s/epoch - 4ms/step
Epoch 14/100
782/782 - 3s - loss: 3.7166 - accuracy: 0.1025 - val_loss: 3.5464 - val_accuracy: 0.1386 - 3s/epoch - 4ms/step
Epoch 15/100
782/782 - 3s - loss: 3.7076 - accuracy: 0.1020 - val_loss: 3.5016 - val_accuracy: 0.1437 - 3s/epoch - 4ms/step
Epoch 16/100
782/782 - 3s - loss: 3.6867 - accuracy: 0.1060 - val_loss: 3.4917 - val_accuracy: 0.1440 - 3s/epoch - 4ms/step
Epoch 17/100
782/782 - 3s - loss: 3.6743 - accuracy: 0.1086 - val_loss: 3.4817 - val_accuracy: 0.1457 - 3s/epoch - 4ms/step
Epoch 18/100
782/782 - 3s - loss: 3.6565 - accuracy: 0.1098 - val_loss: 3.4529 - val_accuracy: 0.1478 - 3s/epoch - 4ms/step
Epoch 19/100
782/782 - 3s - loss: 3.6496 - accuracy: 0.1116 - val_loss: 3.4431 - val_accuracy: 0.1537 - 3s/epoch - 4ms/step
Epoch 20/100
782/782 - 3s - loss: 3.6306 - accuracy: 0.1144 - val_loss: 3.4514 - val_accuracy: 0.1522 - 3s/epoch - 4ms/step
Epoch 21/100
782/782 - 3s - loss: 3.6170 - accuracy: 0.1143 - val_loss: 3.4300 - val_accuracy: 0.1548 - 3s/epoch - 4ms/step
Epoch 22/100
782/782 - 3s - loss: 3.6087 - accuracy: 0.1147 - val_loss: 3.4494 - val_accuracy: 0.1458 - 3s/epoch - 4ms/step
Epoch 23/100
782/782 - 3s - loss: 3.5969 - accuracy: 0.1188 - val_loss: 3.4181 - val_accuracy: 0.1570 - 3s/epoch - 4ms/step
Epoch 24/100
782/782 - 3s - loss: 3.5912 - accuracy: 0.1149 - val_loss: 3.4121 - val_accuracy: 0.1568 - 3s/epoch - 4ms/step
Epoch 25/100
782/782 - 3s - loss: 3.5749 - accuracy: 0.1222 - val_loss: 3.4103 - val_accuracy: 0.1601 - 3s/epoch - 4ms/step
Epoch 26/100
782/782 - 3s - loss: 3.5623 - accuracy: 0.1239 - val_loss: 3.3997 - val_accuracy: 0.1613 - 3s/epoch - 4ms/step
Epoch 27/100
782/782 - 3s - loss: 3.5545 - accuracy: 0.1223 - val_loss: 3.3891 - val_accuracy: 0.1572 - 3s/epoch - 4ms/step
Epoch 28/100
782/782 - 3s - loss: 3.5480 - accuracy: 0.1230 - val_loss: 3.3756 - val_accuracy: 0.1624 - 3s/epoch - 4ms/step
Epoch 29/100
782/782 - 3s - loss: 3.5314 - accuracy: 0.1240 - val_loss: 3.3741 - val_accuracy: 0.1542 - 3s/epoch - 4ms/step
Epoch 30/100
782/782 - 3s - loss: 3.5252 - accuracy: 0.1279 - val_loss: 3.3643 - val_accuracy: 0.1600 - 3s/epoch - 4ms/step
Epoch 31/100
782/782 - 3s - loss: 3.5181 - accuracy: 0.1280 - val_loss: 3.3668 - val_accuracy: 0.1655 - 3s/epoch - 4ms/step
Epoch 32/100
782/782 - 3s - loss: 3.5066 - accuracy: 0.1279 - val_loss: 3.3413 - val_accuracy: 0.1607 - 3s/epoch - 4ms/step
Epoch 33/100
782/782 - 3s - loss: 3.4975 - accuracy: 0.1303 - val_loss: 3.3574 - val_accuracy: 0.1601 - 3s/epoch - 4ms/step
Epoch 34/100
782/782 - 3s - loss: 3.4874 - accuracy: 0.1311 - val_loss: 3.3370 - val_accuracy: 0.1651 - 3s/epoch - 4ms/step
Epoch 35/100
782/782 - 3s - loss: 3.4783 - accuracy: 0.1330 - val_loss: 3.3607 - val_accuracy: 0.1591 - 3s/epoch - 4ms/step
Epoch 36/100
782/782 - 3s - loss: 3.4745 - accuracy: 0.1323 - val_loss: 3.3382 - val_accuracy: 0.1695 - 3s/epoch - 4ms/step
Epoch 37/100
782/782 - 3s - loss: 3.4587 - accuracy: 0.1341 - val_loss: 3.3214 - val_accuracy: 0.1715 - 3s/epoch - 4ms/step
Epoch 38/100
782/782 - 3s - loss: 3.4583 - accuracy: 0.1346 - val_loss: 3.3475 - val_accuracy: 0.1658 - 3s/epoch - 4ms/step
Epoch 39/100
782/782 - 3s - loss: 3.4482 - accuracy: 0.1355 - val_loss: 3.3153 - val_accuracy: 0.1719 - 3s/epoch - 4ms/step
Epoch 40/100
782/782 - 3s - loss: 3.4455 - accuracy: 0.1369 - val_loss: 3.3264 - val_accuracy: 0.1684 - 3s/epoch - 4ms/step
Epoch 41/100
782/782 - 3s - loss: 3.4344 - accuracy: 0.1375 - val_loss: 3.2959 - val_accuracy: 0.1803 - 3s/epoch - 4ms/step
Epoch 42/100
782/782 - 3s - loss: 3.4287 - accuracy: 0.1408 - val_loss: 3.3052 - val_accuracy: 0.1700 - 3s/epoch - 4ms/step
Epoch 43/100
782/782 - 3s - loss: 3.4215 - accuracy: 0.1409 - val_loss: 3.3107 - val_accuracy: 0.1684 - 3s/epoch - 4ms/step
Epoch 44/100
782/782 - 3s - loss: 3.4159 - accuracy: 0.1422 - val_loss: 3.2762 - val_accuracy: 0.1765 - 3s/epoch - 4ms/step
Epoch 45/100
782/782 - 3s - loss: 3.4064 - accuracy: 0.1426 - val_loss: 3.2915 - val_accuracy: 0.1782 - 3s/epoch - 4ms/step
Epoch 46/100
782/782 - 3s - loss: 3.4034 - accuracy: 0.1413 - val_loss: 3.2979 - val_accuracy: 0.1667 - 3s/epoch - 4ms/step
Epoch 47/100
782/782 - 3s - loss: 3.3967 - accuracy: 0.1439 - val_loss: 3.2881 - val_accuracy: 0.1769 - 3s/epoch - 4ms/step
Epoch 48/100
782/782 - 3s - loss: 3.3878 - accuracy: 0.1451 - val_loss: 3.2602 - val_accuracy: 0.1841 - 3s/epoch - 4ms/step
Epoch 49/100
782/782 - 3s - loss: 3.3814 - accuracy: 0.1466 - val_loss: 3.2703 - val_accuracy: 0.1745 - 3s/epoch - 4ms/step
Epoch 50/100
782/782 - 3s - loss: 3.3775 - accuracy: 0.1470 - val_loss: 3.2735 - val_accuracy: 0.1762 - 3s/epoch - 4ms/step
Epoch 51/100
782/782 - 3s - loss: 3.3699 - accuracy: 0.1487 - val_loss: 3.2664 - val_accuracy: 0.1784 - 3s/epoch - 4ms/step
Epoch 52/100
782/782 - 3s - loss: 3.3672 - accuracy: 0.1476 - val_loss: 3.2703 - val_accuracy: 0.1794 - 3s/epoch - 4ms/step
Epoch 53/100
782/782 - 3s - loss: 3.3528 - accuracy: 0.1492 - val_loss: 3.2615 - val_accuracy: 0.1789 - 3s/epoch - 4ms/step
Epoch 54/100
782/782 - 3s - loss: 3.3537 - accuracy: 0.1501 - val_loss: 3.2527 - val_accuracy: 0.1815 - 3s/epoch - 4ms/step
Epoch 55/100
782/782 - 3s - loss: 3.3496 - accuracy: 0.1506 - val_loss: 3.2477 - val_accuracy: 0.1855 - 3s/epoch - 4ms/step
Epoch 56/100
782/782 - 3s - loss: 3.3382 - accuracy: 0.1525 - val_loss: 3.2446 - val_accuracy: 0.1851 - 3s/epoch - 4ms/step
Epoch 57/100
782/782 - 3s - loss: 3.3388 - accuracy: 0.1523 - val_loss: 3.2434 - val_accuracy: 0.1855 - 3s/epoch - 4ms/step
Epoch 58/100
782/782 - 3s - loss: 3.3348 - accuracy: 0.1509 - val_loss: 3.2384 - val_accuracy: 0.1852 - 3s/epoch - 4ms/step
Epoch 59/100
782/782 - 3s - loss: 3.3290 - accuracy: 0.1542 - val_loss: 3.2450 - val_accuracy: 0.1792 - 3s/epoch - 4ms/step
Epoch 60/100
782/782 - 3s - loss: 3.3252 - accuracy: 0.1521 - val_loss: 3.2418 - val_accuracy: 0.1840 - 3s/epoch - 4ms/step
Epoch 61/100
782/782 - 3s - loss: 3.3120 - accuracy: 0.1580 - val_loss: 3.2639 - val_accuracy: 0.1854 - 3s/epoch - 4ms/step
Epoch 62/100
782/782 - 3s - loss: 3.3129 - accuracy: 0.1566 - val_loss: 3.2646 - val_accuracy: 0.1812 - 3s/epoch - 4ms/step
Epoch 63/100
782/782 - 3s - loss: 3.3115 - accuracy: 0.1590 - val_loss: 3.2477 - val_accuracy: 0.1869 - 3s/epoch - 4ms/step
Epoch 64/100
782/782 - 3s - loss: 3.3052 - accuracy: 0.1598 - val_loss: 3.2330 - val_accuracy: 0.1861 - 3s/epoch - 4ms/step
Epoch 65/100
782/782 - 3s - loss: 3.2965 - accuracy: 0.1595 - val_loss: 3.2502 - val_accuracy: 0.1894 - 3s/epoch - 4ms/step
Epoch 66/100
782/782 - 3s - loss: 3.2955 - accuracy: 0.1583 - val_loss: 3.2519 - val_accuracy: 0.1820 - 3s/epoch - 4ms/step
Epoch 67/100
782/782 - 3s - loss: 3.2991 - accuracy: 0.1598 - val_loss: 3.2608 - val_accuracy: 0.1882 - 3s/epoch - 4ms/step
Epoch 68/100
782/782 - 3s - loss: 3.2913 - accuracy: 0.1628 - val_loss: 3.2321 - val_accuracy: 0.1903 - 3s/epoch - 4ms/step
Epoch 69/100
782/782 - 3s - loss: 3.2869 - accuracy: 0.1596 - val_loss: 3.2326 - val_accuracy: 0.1863 - 3s/epoch - 4ms/step
Epoch 70/100
782/782 - 3s - loss: 3.2901 - accuracy: 0.1589 - val_loss: 3.2502 - val_accuracy: 0.1863 - 3s/epoch - 4ms/step
Epoch 71/100
782/782 - 3s - loss: 3.2851 - accuracy: 0.1579 - val_loss: 3.2335 - val_accuracy: 0.1866 - 3s/epoch - 4ms/step
Epoch 72/100
782/782 - 3s - loss: 3.2736 - accuracy: 0.1623 - val_loss: 3.2357 - val_accuracy: 0.1904 - 3s/epoch - 4ms/step
Epoch 73/100
782/782 - 3s - loss: 3.2743 - accuracy: 0.1625 - val_loss: 3.2312 - val_accuracy: 0.1860 - 3s/epoch - 4ms/step
Epoch 74/100
782/782 - 3s - loss: 3.2755 - accuracy: 0.1621 - val_loss: 3.2305 - val_accuracy: 0.1868 - 3s/epoch - 4ms/step
Epoch 75/100
782/782 - 3s - loss: 3.2707 - accuracy: 0.1632 - val_loss: 3.2356 - val_accuracy: 0.1867 - 3s/epoch - 4ms/step
Epoch 76/100
782/782 - 3s - loss: 3.2713 - accuracy: 0.1626 - val_loss: 3.2303 - val_accuracy: 0.1902 - 3s/epoch - 4ms/step
Epoch 77/100
782/782 - 3s - loss: 3.2595 - accuracy: 0.1648 - val_loss: 3.2267 - val_accuracy: 0.1883 - 3s/epoch - 4ms/step
Epoch 78/100
782/782 - 3s - loss: 3.2524 - accuracy: 0.1672 - val_loss: 3.2350 - val_accuracy: 0.1847 - 3s/epoch - 4ms/step
Epoch 79/100
782/782 - 3s - loss: 3.2592 - accuracy: 0.1673 - val_loss: 3.2637 - val_accuracy: 0.1787 - 3s/epoch - 4ms/step
Epoch 80/100
782/782 - 3s - loss: 3.2516 - accuracy: 0.1682 - val_loss: 3.2382 - val_accuracy: 0.1916 - 3s/epoch - 4ms/step
Epoch 81/100
782/782 - 3s - loss: 3.2519 - accuracy: 0.1684 - val_loss: 3.2356 - val_accuracy: 0.1881 - 3s/epoch - 4ms/step
Epoch 82/100
782/782 - 3s - loss: 3.2435 - accuracy: 0.1683 - val_loss: 3.2361 - val_accuracy: 0.1926 - 3s/epoch - 4ms/step
Epoch 83/100
782/782 - 3s - loss: 3.2515 - accuracy: 0.1649 - val_loss: 3.2343 - val_accuracy: 0.1903 - 3s/epoch - 4ms/step
Epoch 84/100
782/782 - 3s - loss: 3.2389 - accuracy: 0.1694 - val_loss: 3.2260 - val_accuracy: 0.1898 - 3s/epoch - 4ms/step
Epoch 85/100
782/782 - 3s - loss: 3.2355 - accuracy: 0.1702 - val_loss: 3.2325 - val_accuracy: 0.1913 - 3s/epoch - 4ms/step
Epoch 86/100
782/782 - 3s - loss: 3.2422 - accuracy: 0.1688 - val_loss: 3.2356 - val_accuracy: 0.1884 - 3s/epoch - 4ms/step
Epoch 87/100
782/782 - 3s - loss: 3.2316 - accuracy: 0.1710 - val_loss: 3.2173 - val_accuracy: 0.1950 - 3s/epoch - 4ms/step
Epoch 88/100
782/782 - 3s - loss: 3.2300 - accuracy: 0.1720 - val_loss: 3.2283 - val_accuracy: 0.1863 - 3s/epoch - 4ms/step
Epoch 89/100
782/782 - 3s - loss: 3.2219 - accuracy: 0.1700 - val_loss: 3.2308 - val_accuracy: 0.1880 - 3s/epoch - 4ms/step
Epoch 90/100
782/782 - 3s - loss: 3.2179 - accuracy: 0.1731 - val_loss: 3.2248 - val_accuracy: 0.1935 - 3s/epoch - 4ms/step
Epoch 91/100
782/782 - 3s - loss: 3.2250 - accuracy: 0.1729 - val_loss: 3.2256 - val_accuracy: 0.1923 - 3s/epoch - 4ms/step
Epoch 92/100
782/782 - 3s - loss: 3.2224 - accuracy: 0.1714 - val_loss: 3.2430 - val_accuracy: 0.1892 - 3s/epoch - 4ms/step
Epoch 93/100
782/782 - 3s - loss: 3.2261 - accuracy: 0.1715 - val_loss: 3.2359 - val_accuracy: 0.1891 - 3s/epoch - 4ms/step
Epoch 94/100
782/782 - 3s - loss: 3.2126 - accuracy: 0.1739 - val_loss: 3.2413 - val_accuracy: 0.1896 - 3s/epoch - 4ms/step
Epoch 95/100
782/782 - 3s - loss: 3.2092 - accuracy: 0.1770 - val_loss: 3.2306 - val_accuracy: 0.1885 - 3s/epoch - 4ms/step
Epoch 96/100
782/782 - 3s - loss: 3.2143 - accuracy: 0.1720 - val_loss: 3.2443 - val_accuracy: 0.1903 - 3s/epoch - 4ms/step
Epoch 97/100
782/782 - 3s - loss: 3.2143 - accuracy: 0.1711 - val_loss: 3.2446 - val_accuracy: 0.1894 - 3s/epoch - 4ms/step
Epoch 98/100
782/782 - 3s - loss: 3.2035 - accuracy: 0.1749 - val_loss: 3.2238 - val_accuracy: 0.1965 - 3s/epoch - 4ms/step
Epoch 99/100
782/782 - 3s - loss: 3.2154 - accuracy: 0.1735 - val_loss: 3.2364 - val_accuracy: 0.1967 - 3s/epoch - 4ms/step
Epoch 100/100
782/782 - 3s - loss: 3.2018 - accuracy: 0.1730 - val_loss: 3.2322 - val_accuracy: 0.1913 - 3s/epoch - 4ms/step
313/313 - 1s - loss: 3.2322 - accuracy: 0.1913 - 513ms/epoch - 2ms/step

ACCURACY: 0.19130000472068787


SCORE: -0.4261329313044815

[92m | MODULE VALUES ---------------------------------------------  |
 [0m
FLOPS: 3888536
PARAMS: 57868.0
[92m 
 | -----------------------------------------------------------  |
 [0m
[INFO] New Best Score: -0.4261 (Previous: -0.3770)

--- BANANAS ITERATION 70 / 1000 ---
Chosen point: {'num_neurons': 8, 'unit_c1': 1, 'unit_c2': 1, 'dr_f': 0.3037330184390298, 'learning_rate': 0.00011544572007631625, 'batch_size': 64, 'optimizer': 'SGD', 'activation': 'swish', 'data_augmentation': True, 'reg_l2': False, 'skip_connection': False, 'new_fc_1': 1, 'new_fc_2': 24, 'new_fc_3': 6, 'new_fc_4': 10, 'new_fc_5': 18, 'new_fc_6': 1, 'new_fc_7': 17, 'new_fc_8': 25, 'new_fc_9': 10, 'new_fc_10': 10}
[94m
|  --> START TRAINING ITERATION 19[0m
[INFO] Flags -> DA: True, L2: False, Skip: False
Building model with input_shape=(32, 32, 3), pos_input_shape=None, layer_x_block=2
Model: "model"
_________________________________________________________________
 Layer (type)                Output Shape              Param #   
=================================================================
 input_2 (InputLayer)        [(None, 32, 32, 3)]       0         
                                                                 
 conv2d (Conv2D)             (None, 32, 32, 8)         224       
                                                                 
 activation (Activation)     (None, 32, 32, 8)         0         
                                                                 
 conv2d_1 (Conv2D)           (None, 32, 32, 8)         584       
                                                                 
 activation_1 (Activation)   (None, 32, 32, 8)         0         
                                                                 
 max_pooling2d (MaxPooling2  (None, 16, 16, 8)         0         
 D)                                                              
                                                                 
 conv2d_2 (Conv2D)           (None, 16, 16, 8)         584       
                                                                 
 activation_2 (Activation)   (None, 16, 16, 8)         0         
                                                                 
 conv2d_3 (Conv2D)           (None, 16, 16, 8)         584       
                                                                 
 activation_3 (Activation)   (None, 16, 16, 8)         0         
                                                                 
 max_pooling2d_1 (MaxPoolin  (None, 8, 8, 8)           0         
 g2D)                                                            
                                                                 
 flatten (Flatten)           (None, 512)               0         
                                                                 
 dense (Dense)               (None, 8)                 4104      
                                                                 
 activation_4 (Activation)   (None, 8)                 0         
                                                                 
 dropout (Dropout)           (None, 8)                 0         
                                                                 
 dense_1 (Dense)             (None, 192)               1728      
                                                                 
 activation_5 (Activation)   (None, 192)               0         
                                                                 
 dropout_1 (Dropout)         (None, 192)               0         
                                                                 
 dense_2 (Dense)             (None, 48)                9264      
                                                                 
 activation_6 (Activation)   (None, 48)                0         
                                                                 
 dropout_2 (Dropout)         (None, 48)                0         
                                                                 
 dense_3 (Dense)             (None, 80)                3920      
                                                                 
 activation_7 (Activation)   (None, 80)                0         
                                                                 
 dropout_3 (Dropout)         (None, 80)                0         
                                                                 
 dense_4 (Dense)             (None, 144)               11664     
                                                                 
 activation_8 (Activation)   (None, 144)               0         
                                                                 
 dropout_4 (Dropout)         (None, 144)               0         
                                                                 
 dense_5 (Dense)             (None, 8)                 1160      
                                                                 
 activation_9 (Activation)   (None, 8)                 0         
                                                                 
 dropout_5 (Dropout)         (None, 8)                 0         
                                                                 
 dense_6 (Dense)             (None, 136)               1224      
                                                                 
 activation_10 (Activation)  (None, 136)               0         
                                                                 
 dropout_6 (Dropout)         (None, 136)               0         
                                                                 
 dense_7 (Dense)             (None, 200)               27400     
                                                                 
 activation_11 (Activation)  (None, 200)               0         
                                                                 
 dropout_7 (Dropout)         (None, 200)               0         
                                                                 
 dense_8 (Dense)             (None, 80)                16080     
                                                                 
 activation_12 (Activation)  (None, 80)                0         
                                                                 
 dropout_8 (Dropout)         (None, 80)                0         
                                                                 
 dense_9 (Dense)             (None, 80)                6480      
                                                                 
 activation_13 (Activation)  (None, 80)                0         
                                                                 
 dropout_9 (Dropout)         (None, 80)                0         
                                                                 
 dense_10 (Dense)            (None, 100)               8100      
                                                                 
=================================================================
Total params: 93100 (363.67 KB)
Trainable params: 93100 (363.67 KB)
Non-trainable params: 0 (0.00 Byte)
_________________________________________________________________
Epoch 1/100
782/782 - 4s - loss: 4.6052 - accuracy: 0.0089 - val_loss: 4.6052 - val_accuracy: 0.0079 - 4s/epoch - 5ms/step
Epoch 2/100
782/782 - 3s - loss: 4.6052 - accuracy: 0.0089 - val_loss: 4.6052 - val_accuracy: 0.0112 - 3s/epoch - 4ms/step
Epoch 3/100
782/782 - 3s - loss: 4.6052 - accuracy: 0.0090 - val_loss: 4.6052 - val_accuracy: 0.0085 - 3s/epoch - 4ms/step
Epoch 4/100
782/782 - 3s - loss: 4.6052 - accuracy: 0.0096 - val_loss: 4.6052 - val_accuracy: 0.0100 - 3s/epoch - 4ms/step
Epoch 5/100
782/782 - 3s - loss: 4.6052 - accuracy: 0.0097 - val_loss: 4.6052 - val_accuracy: 0.0100 - 3s/epoch - 4ms/step
Epoch 6/100
782/782 - 3s - loss: 4.6052 - accuracy: 0.0097 - val_loss: 4.6052 - val_accuracy: 0.0100 - 3s/epoch - 4ms/step
Epoch 7/100
782/782 - 3s - loss: 4.6052 - accuracy: 0.0103 - val_loss: 4.6052 - val_accuracy: 0.0128 - 3s/epoch - 4ms/step
Epoch 8/100
782/782 - 3s - loss: 4.6052 - accuracy: 0.0096 - val_loss: 4.6052 - val_accuracy: 0.0098 - 3s/epoch - 4ms/step
Epoch 9/100
782/782 - 3s - loss: 4.6052 - accuracy: 0.0086 - val_loss: 4.6052 - val_accuracy: 0.0100 - 3s/epoch - 4ms/step
Epoch 10/100
782/782 - 3s - loss: 4.6052 - accuracy: 0.0088 - val_loss: 4.6052 - val_accuracy: 0.0100 - 3s/epoch - 4ms/step
Epoch 11/100
782/782 - 3s - loss: 4.6052 - accuracy: 0.0101 - val_loss: 4.6052 - val_accuracy: 0.0100 - 3s/epoch - 4ms/step
Epoch 12/100
782/782 - 3s - loss: 4.6052 - accuracy: 0.0082 - val_loss: 4.6052 - val_accuracy: 0.0100 - 3s/epoch - 4ms/step
Epoch 13/100
782/782 - 3s - loss: 4.6052 - accuracy: 0.0093 - val_loss: 4.6052 - val_accuracy: 0.0100 - 3s/epoch - 4ms/step
Epoch 14/100
782/782 - 3s - loss: 4.6052 - accuracy: 0.0090 - val_loss: 4.6052 - val_accuracy: 0.0100 - 3s/epoch - 4ms/step
Epoch 15/100
782/782 - 3s - loss: 4.6052 - accuracy: 0.0097 - val_loss: 4.6052 - val_accuracy: 0.0100 - 3s/epoch - 4ms/step
Epoch 16/100
782/782 - 3s - loss: 4.6052 - accuracy: 0.0093 - val_loss: 4.6052 - val_accuracy: 0.0100 - 3s/epoch - 4ms/step
Epoch 17/100
782/782 - 3s - loss: 4.6052 - accuracy: 0.0097 - val_loss: 4.6052 - val_accuracy: 0.0100 - 3s/epoch - 4ms/step
Epoch 18/100
782/782 - 3s - loss: 4.6052 - accuracy: 0.0091 - val_loss: 4.6052 - val_accuracy: 0.0100 - 3s/epoch - 4ms/step
Epoch 19/100
782/782 - 3s - loss: 4.6052 - accuracy: 0.0091 - val_loss: 4.6052 - val_accuracy: 0.0100 - 3s/epoch - 4ms/step
Epoch 20/100
782/782 - 3s - loss: 4.6052 - accuracy: 0.0095 - val_loss: 4.6052 - val_accuracy: 0.0100 - 3s/epoch - 4ms/step
Epoch 21/100
782/782 - 3s - loss: 4.6052 - accuracy: 0.0098 - val_loss: 4.6052 - val_accuracy: 0.0100 - 3s/epoch - 4ms/step
Epoch 22/100
782/782 - 3s - loss: 4.6052 - accuracy: 0.0100 - val_loss: 4.6052 - val_accuracy: 0.0100 - 3s/epoch - 4ms/step
Epoch 23/100
782/782 - 3s - loss: 4.6052 - accuracy: 0.0096 - val_loss: 4.6052 - val_accuracy: 0.0100 - 3s/epoch - 4ms/step
Epoch 24/100
782/782 - 3s - loss: 4.6052 - accuracy: 0.0100 - val_loss: 4.6052 - val_accuracy: 0.0100 - 3s/epoch - 4ms/step
Epoch 25/100
782/782 - 3s - loss: 4.6052 - accuracy: 0.0095 - val_loss: 4.6052 - val_accuracy: 0.0100 - 3s/epoch - 4ms/step
Epoch 26/100
782/782 - 3s - loss: 4.6052 - accuracy: 0.0100 - val_loss: 4.6052 - val_accuracy: 0.0100 - 3s/epoch - 4ms/step
Epoch 27/100
782/782 - 3s - loss: 4.6052 - accuracy: 0.0093 - val_loss: 4.6052 - val_accuracy: 0.0100 - 3s/epoch - 4ms/step
Epoch 28/100
782/782 - 3s - loss: 4.6052 - accuracy: 0.0098 - val_loss: 4.6052 - val_accuracy: 0.0107 - 3s/epoch - 4ms/step
Epoch 29/100
782/782 - 3s - loss: 4.6052 - accuracy: 0.0098 - val_loss: 4.6052 - val_accuracy: 0.0122 - 3s/epoch - 4ms/step
Epoch 30/100
782/782 - 3s - loss: 4.6052 - accuracy: 0.0090 - val_loss: 4.6052 - val_accuracy: 0.0100 - 3s/epoch - 4ms/step
Epoch 31/100
Restoring model weights from the end of the best epoch: 1.
782/782 - 3s - loss: 4.6052 - accuracy: 0.0095 - val_loss: 4.6052 - val_accuracy: 0.0100 - 3s/epoch - 4ms/step
Epoch 31: early stopping
313/313 - 0s - loss: 4.6052 - accuracy: 0.0079 - 434ms/epoch - 1ms/step

ACCURACY: 0.007899999618530273


SCORE: -0.30059571173297117

[92m | MODULE VALUES ---------------------------------------------  |
 [0m
FLOPS: 2467144
PARAMS: 93100.0
[92m 
 | -----------------------------------------------------------  |
 [0m

--- BANANAS ITERATION 71 / 1000 ---
Chosen point: {'num_neurons': 4, 'unit_c1': 4, 'unit_c2': 2, 'dr_f': 0.2593519849386542, 'learning_rate': 0.0006709137847923779, 'batch_size': 64, 'optimizer': 'SGD', 'activation': 'selu', 'data_augmentation': True, 'reg_l2': False, 'skip_connection': False, 'new_fc_1': 5, 'new_fc_2': 18, 'new_fc_3': 7, 'new_fc_4': 13, 'new_fc_5': 5, 'new_fc_6': 21, 'new_fc_7': 12, 'new_fc_8': 27, 'new_fc_9': 7, 'new_fc_10': 31}
[94m
|  --> START TRAINING ITERATION 20[0m
[INFO] Flags -> DA: True, L2: False, Skip: False
Building model with input_shape=(32, 32, 3), pos_input_shape=None, layer_x_block=2
Model: "model"
_________________________________________________________________
 Layer (type)                Output Shape              Param #   
=================================================================
 input_2 (InputLayer)        [(None, 32, 32, 3)]       0         
                                                                 
 conv2d (Conv2D)             (None, 32, 32, 16)        448       
                                                                 
 activation (Activation)     (None, 32, 32, 16)        0         
                                                                 
 conv2d_1 (Conv2D)           (None, 32, 32, 16)        2320      
                                                                 
 activation_1 (Activation)   (None, 32, 32, 16)        0         
                                                                 
 max_pooling2d (MaxPooling2  (None, 16, 16, 16)        0         
 D)                                                              
                                                                 
 conv2d_2 (Conv2D)           (None, 16, 16, 8)         1160      
                                                                 
 activation_2 (Activation)   (None, 16, 16, 8)         0         
                                                                 
 conv2d_3 (Conv2D)           (None, 16, 16, 8)         584       
                                                                 
 activation_3 (Activation)   (None, 16, 16, 8)         0         
                                                                 
 max_pooling2d_1 (MaxPoolin  (None, 8, 8, 8)           0         
 g2D)                                                            
                                                                 
 flatten (Flatten)           (None, 512)               0         
                                                                 
 dense (Dense)               (None, 20)                10260     
                                                                 
 activation_4 (Activation)   (None, 20)                0         
                                                                 
 dropout (Dropout)           (None, 20)                0         
                                                                 
 dense_1 (Dense)             (None, 72)                1512      
                                                                 
 activation_5 (Activation)   (None, 72)                0         
                                                                 
 dropout_1 (Dropout)         (None, 72)                0         
                                                                 
 dense_2 (Dense)             (None, 28)                2044      
                                                                 
 activation_6 (Activation)   (None, 28)                0         
                                                                 
 dropout_2 (Dropout)         (None, 28)                0         
                                                                 
 dense_3 (Dense)             (None, 52)                1508      
                                                                 
 activation_7 (Activation)   (None, 52)                0         
                                                                 
 dropout_3 (Dropout)         (None, 52)                0         
                                                                 
 dense_4 (Dense)             (None, 20)                1060      
                                                                 
 activation_8 (Activation)   (None, 20)                0         
                                                                 
 dropout_4 (Dropout)         (None, 20)                0         
                                                                 
 dense_5 (Dense)             (None, 84)                1764      
                                                                 
 activation_9 (Activation)   (None, 84)                0         
                                                                 
 dropout_5 (Dropout)         (None, 84)                0         
                                                                 
 dense_6 (Dense)             (None, 48)                4080      
                                                                 
 activation_10 (Activation)  (None, 48)                0         
                                                                 
 dropout_6 (Dropout)         (None, 48)                0         
                                                                 
 dense_7 (Dense)             (None, 108)               5292      
                                                                 
 activation_11 (Activation)  (None, 108)               0         
                                                                 
 dropout_7 (Dropout)         (None, 108)               0         
                                                                 
 dense_8 (Dense)             (None, 28)                3052      
                                                                 
 activation_12 (Activation)  (None, 28)                0         
                                                                 
 dropout_8 (Dropout)         (None, 28)                0         
                                                                 
 dense_9 (Dense)             (None, 124)               3596      
                                                                 
 activation_13 (Activation)  (None, 124)               0         
                                                                 
 dropout_9 (Dropout)         (None, 124)               0         
                                                                 
 dense_10 (Dense)            (None, 100)               12500     
                                                                 
=================================================================
Total params: 51180 (199.92 KB)
Trainable params: 51180 (199.92 KB)
Non-trainable params: 0 (0.00 Byte)
_________________________________________________________________
Epoch 1/100
782/782 - 4s - loss: 5.1222 - accuracy: 0.0102 - val_loss: 4.6899 - val_accuracy: 0.0090 - 4s/epoch - 5ms/step
Epoch 2/100
782/782 - 3s - loss: 4.9910 - accuracy: 0.0095 - val_loss: 4.6411 - val_accuracy: 0.0105 - 3s/epoch - 4ms/step
Epoch 3/100
782/782 - 3s - loss: 4.8977 - accuracy: 0.0106 - val_loss: 4.6211 - val_accuracy: 0.0104 - 3s/epoch - 4ms/step
Epoch 4/100
782/782 - 3s - loss: 4.8397 - accuracy: 0.0101 - val_loss: 4.5967 - val_accuracy: 0.0139 - 3s/epoch - 4ms/step
Epoch 5/100
782/782 - 3s - loss: 4.8057 - accuracy: 0.0098 - val_loss: 4.5962 - val_accuracy: 0.0108 - 3s/epoch - 4ms/step
Epoch 6/100
782/782 - 3s - loss: 4.7692 - accuracy: 0.0108 - val_loss: 4.5852 - val_accuracy: 0.0148 - 3s/epoch - 4ms/step
Epoch 7/100
782/782 - 3s - loss: 4.7486 - accuracy: 0.0105 - val_loss: 4.5809 - val_accuracy: 0.0173 - 3s/epoch - 4ms/step
Epoch 8/100
782/782 - 3s - loss: 4.7304 - accuracy: 0.0111 - val_loss: 4.5859 - val_accuracy: 0.0147 - 3s/epoch - 4ms/step
Epoch 9/100
782/782 - 3s - loss: 4.7077 - accuracy: 0.0109 - val_loss: 4.5816 - val_accuracy: 0.0176 - 3s/epoch - 4ms/step
Epoch 10/100
782/782 - 3s - loss: 4.6987 - accuracy: 0.0110 - val_loss: 4.5805 - val_accuracy: 0.0203 - 3s/epoch - 4ms/step
Epoch 11/100
782/782 - 3s - loss: 4.6882 - accuracy: 0.0116 - val_loss: 4.5849 - val_accuracy: 0.0139 - 3s/epoch - 4ms/step
Epoch 12/100
782/782 - 3s - loss: 4.6754 - accuracy: 0.0119 - val_loss: 4.5800 - val_accuracy: 0.0194 - 3s/epoch - 4ms/step
Epoch 13/100
782/782 - 3s - loss: 4.6651 - accuracy: 0.0120 - val_loss: 4.5790 - val_accuracy: 0.0179 - 3s/epoch - 4ms/step
Epoch 14/100
782/782 - 3s - loss: 4.6596 - accuracy: 0.0112 - val_loss: 4.5819 - val_accuracy: 0.0184 - 3s/epoch - 4ms/step
Epoch 15/100
782/782 - 3s - loss: 4.6505 - accuracy: 0.0120 - val_loss: 4.5778 - val_accuracy: 0.0200 - 3s/epoch - 4ms/step
Epoch 16/100
782/782 - 3s - loss: 4.6442 - accuracy: 0.0117 - val_loss: 4.5779 - val_accuracy: 0.0194 - 3s/epoch - 4ms/step
Epoch 17/100
782/782 - 3s - loss: 4.6361 - accuracy: 0.0123 - val_loss: 4.5657 - val_accuracy: 0.0211 - 3s/epoch - 4ms/step
Epoch 18/100
782/782 - 3s - loss: 4.6332 - accuracy: 0.0128 - val_loss: 4.5624 - val_accuracy: 0.0208 - 3s/epoch - 4ms/step
Epoch 19/100
782/782 - 3s - loss: 4.6253 - accuracy: 0.0133 - val_loss: 4.5602 - val_accuracy: 0.0218 - 3s/epoch - 4ms/step
Epoch 20/100
782/782 - 3s - loss: 4.6203 - accuracy: 0.0131 - val_loss: 4.5562 - val_accuracy: 0.0212 - 3s/epoch - 4ms/step
Epoch 21/100
782/782 - 3s - loss: 4.6109 - accuracy: 0.0140 - val_loss: 4.5433 - val_accuracy: 0.0240 - 3s/epoch - 4ms/step
Epoch 22/100
782/782 - 3s - loss: 4.6043 - accuracy: 0.0145 - val_loss: 4.5255 - val_accuracy: 0.0248 - 3s/epoch - 4ms/step
Epoch 23/100
782/782 - 3s - loss: 4.5925 - accuracy: 0.0158 - val_loss: 4.5110 - val_accuracy: 0.0175 - 3s/epoch - 4ms/step
Epoch 24/100
782/782 - 3s - loss: 4.5855 - accuracy: 0.0160 - val_loss: 4.4868 - val_accuracy: 0.0261 - 3s/epoch - 4ms/step
Epoch 25/100
782/782 - 3s - loss: 4.5736 - accuracy: 0.0158 - val_loss: 4.4700 - val_accuracy: 0.0265 - 3s/epoch - 4ms/step
Epoch 26/100
782/782 - 3s - loss: 4.5587 - accuracy: 0.0163 - val_loss: 4.4621 - val_accuracy: 0.0238 - 3s/epoch - 4ms/step
Epoch 27/100
782/782 - 3s - loss: 4.5462 - accuracy: 0.0170 - val_loss: 4.4302 - val_accuracy: 0.0247 - 3s/epoch - 4ms/step
Epoch 28/100
782/782 - 3s - loss: 4.5361 - accuracy: 0.0187 - val_loss: 4.4218 - val_accuracy: 0.0260 - 3s/epoch - 4ms/step
Epoch 29/100
782/782 - 3s - loss: 4.5257 - accuracy: 0.0182 - val_loss: 4.4197 - val_accuracy: 0.0249 - 3s/epoch - 4ms/step
Epoch 30/100
782/782 - 3s - loss: 4.5119 - accuracy: 0.0194 - val_loss: 4.3875 - val_accuracy: 0.0256 - 3s/epoch - 4ms/step
Epoch 31/100
782/782 - 3s - loss: 4.5043 - accuracy: 0.0205 - val_loss: 4.4041 - val_accuracy: 0.0274 - 3s/epoch - 4ms/step
Epoch 32/100
782/782 - 3s - loss: 4.4976 - accuracy: 0.0197 - val_loss: 4.3732 - val_accuracy: 0.0237 - 3s/epoch - 4ms/step
Epoch 33/100
782/782 - 3s - loss: 4.4873 - accuracy: 0.0200 - val_loss: 4.3665 - val_accuracy: 0.0255 - 3s/epoch - 4ms/step
Epoch 34/100
782/782 - 3s - loss: 4.4822 - accuracy: 0.0195 - val_loss: 4.3642 - val_accuracy: 0.0262 - 3s/epoch - 4ms/step
Epoch 35/100
782/782 - 3s - loss: 4.4727 - accuracy: 0.0213 - val_loss: 4.3576 - val_accuracy: 0.0230 - 3s/epoch - 4ms/step
Epoch 36/100
782/782 - 3s - loss: 4.4662 - accuracy: 0.0214 - val_loss: 4.3566 - val_accuracy: 0.0271 - 3s/epoch - 4ms/step
Epoch 37/100
782/782 - 3s - loss: 4.4612 - accuracy: 0.0204 - val_loss: 4.3566 - val_accuracy: 0.0265 - 3s/epoch - 4ms/step
Epoch 38/100
782/782 - 3s - loss: 4.4591 - accuracy: 0.0209 - val_loss: 4.3401 - val_accuracy: 0.0229 - 3s/epoch - 4ms/step
Epoch 39/100
782/782 - 3s - loss: 4.4513 - accuracy: 0.0220 - val_loss: 4.3346 - val_accuracy: 0.0266 - 3s/epoch - 4ms/step
Epoch 40/100
782/782 - 3s - loss: 4.4453 - accuracy: 0.0213 - val_loss: 4.3330 - val_accuracy: 0.0262 - 3s/epoch - 4ms/step
Epoch 41/100
782/782 - 3s - loss: 4.4412 - accuracy: 0.0211 - val_loss: 4.3210 - val_accuracy: 0.0280 - 3s/epoch - 4ms/step
Epoch 42/100
782/782 - 3s - loss: 4.4341 - accuracy: 0.0224 - val_loss: 4.3251 - val_accuracy: 0.0287 - 3s/epoch - 4ms/step
Epoch 43/100
782/782 - 3s - loss: 4.4288 - accuracy: 0.0227 - val_loss: 4.3202 - val_accuracy: 0.0257 - 3s/epoch - 4ms/step
Epoch 44/100
782/782 - 3s - loss: 4.4232 - accuracy: 0.0220 - val_loss: 4.3119 - val_accuracy: 0.0278 - 3s/epoch - 4ms/step
Epoch 45/100
782/782 - 3s - loss: 4.4188 - accuracy: 0.0226 - val_loss: 4.3075 - val_accuracy: 0.0302 - 3s/epoch - 4ms/step
Epoch 46/100
782/782 - 3s - loss: 4.4135 - accuracy: 0.0232 - val_loss: 4.2936 - val_accuracy: 0.0268 - 3s/epoch - 4ms/step
Epoch 47/100
782/782 - 3s - loss: 4.4078 - accuracy: 0.0234 - val_loss: 4.2969 - val_accuracy: 0.0285 - 3s/epoch - 4ms/step
Epoch 48/100
782/782 - 3s - loss: 4.4064 - accuracy: 0.0240 - val_loss: 4.2994 - val_accuracy: 0.0304 - 3s/epoch - 4ms/step
Epoch 49/100
782/782 - 3s - loss: 4.4016 - accuracy: 0.0238 - val_loss: 4.3858 - val_accuracy: 0.0222 - 3s/epoch - 4ms/step
Epoch 50/100
782/782 - 3s - loss: 4.3960 - accuracy: 0.0231 - val_loss: 4.2863 - val_accuracy: 0.0299 - 3s/epoch - 4ms/step
Epoch 51/100
782/782 - 3s - loss: 4.3946 - accuracy: 0.0251 - val_loss: 4.2755 - val_accuracy: 0.0311 - 3s/epoch - 4ms/step
Epoch 52/100
782/782 - 3s - loss: 4.3915 - accuracy: 0.0243 - val_loss: 4.3134 - val_accuracy: 0.0262 - 3s/epoch - 4ms/step
Epoch 53/100
782/782 - 3s - loss: 4.3862 - accuracy: 0.0249 - val_loss: 4.2655 - val_accuracy: 0.0294 - 3s/epoch - 4ms/step
Epoch 54/100
Restoring model weights from the end of the best epoch: 24.
782/782 - 3s - loss: 4.3776 - accuracy: 0.0259 - val_loss: 4.2663 - val_accuracy: 0.0310 - 3s/epoch - 4ms/step
Epoch 54: early stopping
313/313 - 0s - loss: 4.4869 - accuracy: 0.0261 - 416ms/epoch - 1ms/step

ACCURACY: 0.026100000366568565


SCORE: -0.30499697625659794

[92m | MODULE VALUES ---------------------------------------------  |
 [0m
FLOPS: 6636512
PARAMS: 51180.0
[92m 
 | -----------------------------------------------------------  |
 [0m

--- BANANAS ITERATION 72 / 1000 ---
Chosen point: {'num_neurons': 8, 'unit_c1': 2, 'unit_c2': 5, 'dr_f': 0.47114108748891625, 'learning_rate': 0.00010444388402040212, 'batch_size': 8, 'optimizer': 'Adam', 'activation': 'selu', 'data_augmentation': True, 'reg_l2': False, 'skip_connection': False, 'new_fc_1': 29, 'new_fc_2': 6, 'new_fc_3': 3, 'new_fc_4': 19, 'new_fc_5': 9, 'new_fc_6': 21, 'new_fc_7': 17, 'new_fc_8': 28, 'new_fc_9': 2, 'new_fc_10': 1}
[94m
|  --> START TRAINING ITERATION 21[0m
[INFO] Flags -> DA: True, L2: False, Skip: False
Building model with input_shape=(32, 32, 3), pos_input_shape=None, layer_x_block=2
Model: "model"
_________________________________________________________________
 Layer (type)                Output Shape              Param #   
=================================================================
 input_2 (InputLayer)        [(None, 32, 32, 3)]       0         
                                                                 
 conv2d (Conv2D)             (None, 32, 32, 16)        448       
                                                                 
 activation (Activation)     (None, 32, 32, 16)        0         
                                                                 
 conv2d_1 (Conv2D)           (None, 32, 32, 16)        2320      
                                                                 
 activation_1 (Activation)   (None, 32, 32, 16)        0         
                                                                 
 max_pooling2d (MaxPooling2  (None, 16, 16, 16)        0         
 D)                                                              
                                                                 
 conv2d_2 (Conv2D)           (None, 16, 16, 40)        5800      
                                                                 
 activation_2 (Activation)   (None, 16, 16, 40)        0         
                                                                 
 conv2d_3 (Conv2D)           (None, 16, 16, 40)        14440     
                                                                 
 activation_3 (Activation)   (None, 16, 16, 40)        0         
                                                                 
 max_pooling2d_1 (MaxPoolin  (None, 8, 8, 40)          0         
 g2D)                                                            
                                                                 
 flatten (Flatten)           (None, 2560)              0         
                                                                 
 dense (Dense)               (None, 232)               594152    
                                                                 
 activation_4 (Activation)   (None, 232)               0         
                                                                 
 dropout (Dropout)           (None, 232)               0         
                                                                 
 dense_1 (Dense)             (None, 48)                11184     
                                                                 
 activation_5 (Activation)   (None, 48)                0         
                                                                 
 dropout_1 (Dropout)         (None, 48)                0         
                                                                 
 dense_2 (Dense)             (None, 24)                1176      
                                                                 
 activation_6 (Activation)   (None, 24)                0         
                                                                 
 dropout_2 (Dropout)         (None, 24)                0         
                                                                 
 dense_3 (Dense)             (None, 152)               3800      
                                                                 
 activation_7 (Activation)   (None, 152)               0         
                                                                 
 dropout_3 (Dropout)         (None, 152)               0         
                                                                 
 dense_4 (Dense)             (None, 72)                11016     
                                                                 
 activation_8 (Activation)   (None, 72)                0         
                                                                 
 dropout_4 (Dropout)         (None, 72)                0         
                                                                 
 dense_5 (Dense)             (None, 168)               12264     
                                                                 
 activation_9 (Activation)   (None, 168)               0         
                                                                 
 dropout_5 (Dropout)         (None, 168)               0         
                                                                 
 dense_6 (Dense)             (None, 136)               22984     
                                                                 
 activation_10 (Activation)  (None, 136)               0         
                                                                 
 dropout_6 (Dropout)         (None, 136)               0         
                                                                 
 dense_7 (Dense)             (None, 224)               30688     
                                                                 
 activation_11 (Activation)  (None, 224)               0         
                                                                 
 dropout_7 (Dropout)         (None, 224)               0         
                                                                 
 dense_8 (Dense)             (None, 16)                3600      
                                                                 
 activation_12 (Activation)  (None, 16)                0         
                                                                 
 dropout_8 (Dropout)         (None, 16)                0         
                                                                 
 dense_9 (Dense)             (None, 8)                 136       
                                                                 
 activation_13 (Activation)  (None, 8)                 0         
                                                                 
 dropout_9 (Dropout)         (None, 8)                 0         
                                                                 
 dense_10 (Dense)            (None, 100)               900       
                                                                 
=================================================================
Total params: 714908 (2.73 MB)
Trainable params: 714908 (2.73 MB)
Non-trainable params: 0 (0.00 Byte)
_________________________________________________________________
Epoch 1/100
6250/6250 - 21s - loss: 4.9243 - accuracy: 0.0098 - val_loss: 4.6283 - val_accuracy: 0.0105 - 21s/epoch - 3ms/step
Epoch 2/100
6250/6250 - 19s - loss: 4.6949 - accuracy: 0.0101 - val_loss: 4.6076 - val_accuracy: 0.0123 - 19s/epoch - 3ms/step
Epoch 3/100
6250/6250 - 19s - loss: 4.6523 - accuracy: 0.0097 - val_loss: 4.6057 - val_accuracy: 0.0100 - 19s/epoch - 3ms/step
Epoch 4/100
6250/6250 - 19s - loss: 4.6328 - accuracy: 0.0095 - val_loss: 4.6055 - val_accuracy: 0.0100 - 19s/epoch - 3ms/step
Epoch 5/100
6250/6250 - 19s - loss: 4.6234 - accuracy: 0.0094 - val_loss: 4.6055 - val_accuracy: 0.0100 - 19s/epoch - 3ms/step
Epoch 6/100
6250/6250 - 19s - loss: 4.6162 - accuracy: 0.0099 - val_loss: 4.6054 - val_accuracy: 0.0100 - 19s/epoch - 3ms/step
Epoch 7/100
6250/6250 - 19s - loss: 4.6128 - accuracy: 0.0094 - val_loss: 4.6054 - val_accuracy: 0.0100 - 19s/epoch - 3ms/step
Epoch 8/100
6250/6250 - 19s - loss: 4.6107 - accuracy: 0.0097 - val_loss: 4.6054 - val_accuracy: 0.0100 - 19s/epoch - 3ms/step
Epoch 9/100
6250/6250 - 19s - loss: 4.6090 - accuracy: 0.0102 - val_loss: 4.6054 - val_accuracy: 0.0100 - 19s/epoch - 3ms/step
Epoch 10/100
6250/6250 - 19s - loss: 4.6085 - accuracy: 0.0102 - val_loss: 4.6054 - val_accuracy: 0.0100 - 19s/epoch - 3ms/step
Epoch 11/100
6250/6250 - 19s - loss: 4.6078 - accuracy: 0.0096 - val_loss: 4.6053 - val_accuracy: 0.0100 - 19s/epoch - 3ms/step
Epoch 12/100
6250/6250 - 19s - loss: 4.6075 - accuracy: 0.0101 - val_loss: 4.6054 - val_accuracy: 0.0100 - 19s/epoch - 3ms/step
Epoch 13/100
6250/6250 - 19s - loss: 4.6073 - accuracy: 0.0097 - val_loss: 4.6053 - val_accuracy: 0.0100 - 19s/epoch - 3ms/step
Epoch 14/100
6250/6250 - 19s - loss: 4.6073 - accuracy: 0.0099 - val_loss: 4.6053 - val_accuracy: 0.0100 - 19s/epoch - 3ms/step
Epoch 15/100
6250/6250 - 19s - loss: 4.6069 - accuracy: 0.0102 - val_loss: 4.6053 - val_accuracy: 0.0100 - 19s/epoch - 3ms/step
Epoch 16/100
6250/6250 - 19s - loss: 4.6064 - accuracy: 0.0096 - val_loss: 4.6053 - val_accuracy: 0.0100 - 19s/epoch - 3ms/step
Epoch 17/100
6250/6250 - 19s - loss: 4.6069 - accuracy: 0.0101 - val_loss: 4.6053 - val_accuracy: 0.0100 - 19s/epoch - 3ms/step
Epoch 18/100
6250/6250 - 19s - loss: 4.6061 - accuracy: 0.0102 - val_loss: 4.6053 - val_accuracy: 0.0100 - 19s/epoch - 3ms/step
Epoch 19/100
6250/6250 - 19s - loss: 4.6060 - accuracy: 0.0103 - val_loss: 4.6053 - val_accuracy: 0.0100 - 19s/epoch - 3ms/step
Epoch 20/100
6250/6250 - 19s - loss: 4.6065 - accuracy: 0.0098 - val_loss: 4.6053 - val_accuracy: 0.0100 - 19s/epoch - 3ms/step
Epoch 21/100
6250/6250 - 19s - loss: 4.6063 - accuracy: 0.0098 - val_loss: 4.6052 - val_accuracy: 0.0100 - 19s/epoch - 3ms/step
Epoch 22/100
6250/6250 - 19s - loss: 4.6065 - accuracy: 0.0100 - val_loss: 4.6052 - val_accuracy: 0.0100 - 19s/epoch - 3ms/step
Epoch 23/100
6250/6250 - 19s - loss: 4.6064 - accuracy: 0.0107 - val_loss: 4.6052 - val_accuracy: 0.0100 - 19s/epoch - 3ms/step
Epoch 24/100
6250/6250 - 19s - loss: 4.6062 - accuracy: 0.0101 - val_loss: 4.6052 - val_accuracy: 0.0100 - 19s/epoch - 3ms/step
Epoch 25/100
6250/6250 - 19s - loss: 4.6063 - accuracy: 0.0101 - val_loss: 4.6052 - val_accuracy: 0.0100 - 19s/epoch - 3ms/step
Epoch 26/100
6250/6250 - 19s - loss: 4.6061 - accuracy: 0.0101 - val_loss: 4.6052 - val_accuracy: 0.0100 - 19s/epoch - 3ms/step
Epoch 27/100
6250/6250 - 19s - loss: 4.6065 - accuracy: 0.0097 - val_loss: 4.6052 - val_accuracy: 0.0100 - 19s/epoch - 3ms/step
Epoch 28/100
6250/6250 - 19s - loss: 4.6062 - accuracy: 0.0101 - val_loss: 4.6052 - val_accuracy: 0.0100 - 19s/epoch - 3ms/step
Epoch 29/100
6250/6250 - 19s - loss: 4.6060 - accuracy: 0.0102 - val_loss: 4.6052 - val_accuracy: 0.0100 - 19s/epoch - 3ms/step
Epoch 30/100
6250/6250 - 19s - loss: 4.6062 - accuracy: 0.0092 - val_loss: 4.6052 - val_accuracy: 0.0100 - 19s/epoch - 3ms/step
Epoch 31/100
Restoring model weights from the end of the best epoch: 1.
6250/6250 - 19s - loss: 4.6061 - accuracy: 0.0096 - val_loss: 4.6052 - val_accuracy: 0.0100 - 19s/epoch - 3ms/step
Epoch 31: early stopping
313/313 - 1s - loss: 4.6283 - accuracy: 0.0105 - 831ms/epoch - 3ms/step

ACCURACY: 0.010499999858438969


SCORE: -0.2725735199009073

[92m | MODULE VALUES ---------------------------------------------  |
 [0m
FLOPS: 17388240
PARAMS: 714908.0
[92m 
 | -----------------------------------------------------------  |
 [0m

--- BANANAS ITERATION 73 / 1000 ---
Chosen point: {'num_neurons': 4, 'unit_c1': 4, 'unit_c2': 3, 'dr_f': 0.34627654661131724, 'learning_rate': 0.0009575809485861031, 'batch_size': 8, 'optimizer': 'SGD', 'activation': 'swish', 'data_augmentation': False, 'reg_l2': False, 'skip_connection': False, 'new_fc_1': 9, 'new_fc_2': 25, 'new_fc_3': 5, 'new_fc_4': 17, 'new_fc_5': 20, 'new_fc_6': 8, 'new_fc_7': 20, 'new_fc_8': 30, 'new_fc_9': 16, 'new_fc_10': 2}
[94m
|  --> START TRAINING ITERATION 22[0m
[INFO] Flags -> DA: False, L2: False, Skip: False
Building model with input_shape=(32, 32, 3), pos_input_shape=None, layer_x_block=2
Model: "model"
_________________________________________________________________
 Layer (type)                Output Shape              Param #   
=================================================================
 input_1 (InputLayer)        [(None, 32, 32, 3)]       0         
                                                                 
 conv2d (Conv2D)             (None, 32, 32, 16)        448       
                                                                 
 activation (Activation)     (None, 32, 32, 16)        0         
                                                                 
 conv2d_1 (Conv2D)           (None, 32, 32, 16)        2320      
                                                                 
 activation_1 (Activation)   (None, 32, 32, 16)        0         
                                                                 
 max_pooling2d (MaxPooling2  (None, 16, 16, 16)        0         
 D)                                                              
                                                                 
 conv2d_2 (Conv2D)           (None, 16, 16, 12)        1740      
                                                                 
 activation_2 (Activation)   (None, 16, 16, 12)        0         
                                                                 
 conv2d_3 (Conv2D)           (None, 16, 16, 12)        1308      
                                                                 
 activation_3 (Activation)   (None, 16, 16, 12)        0         
                                                                 
 max_pooling2d_1 (MaxPoolin  (None, 8, 8, 12)          0         
 g2D)                                                            
                                                                 
 flatten (Flatten)           (None, 768)               0         
                                                                 
 dense (Dense)               (None, 36)                27684     
                                                                 
 activation_4 (Activation)   (None, 36)                0         
                                                                 
 dropout (Dropout)           (None, 36)                0         
                                                                 
 dense_1 (Dense)             (None, 100)               3700      
                                                                 
 activation_5 (Activation)   (None, 100)               0         
                                                                 
 dropout_1 (Dropout)         (None, 100)               0         
                                                                 
 dense_2 (Dense)             (None, 20)                2020      
                                                                 
 activation_6 (Activation)   (None, 20)                0         
                                                                 
 dropout_2 (Dropout)         (None, 20)                0         
                                                                 
 dense_3 (Dense)             (None, 68)                1428      
                                                                 
 activation_7 (Activation)   (None, 68)                0         
                                                                 
 dropout_3 (Dropout)         (None, 68)                0         
                                                                 
 dense_4 (Dense)             (None, 80)                5520      
                                                                 
 activation_8 (Activation)   (None, 80)                0         
                                                                 
 dropout_4 (Dropout)         (None, 80)                0         
                                                                 
 dense_5 (Dense)             (None, 32)                2592      
                                                                 
 activation_9 (Activation)   (None, 32)                0         
                                                                 
 dropout_5 (Dropout)         (None, 32)                0         
                                                                 
 dense_6 (Dense)             (None, 80)                2640      
                                                                 
 activation_10 (Activation)  (None, 80)                0         
                                                                 
 dropout_6 (Dropout)         (None, 80)                0         
                                                                 
 dense_7 (Dense)             (None, 120)               9720      
                                                                 
 activation_11 (Activation)  (None, 120)               0         
                                                                 
 dropout_7 (Dropout)         (None, 120)               0         
                                                                 
 dense_8 (Dense)             (None, 64)                7744      
                                                                 
 activation_12 (Activation)  (None, 64)                0         
                                                                 
 dropout_8 (Dropout)         (None, 64)                0         
                                                                 
 dense_9 (Dense)             (None, 8)                 520       
                                                                 
 activation_13 (Activation)  (None, 8)                 0         
                                                                 
 dropout_9 (Dropout)         (None, 8)                 0         
                                                                 
 dense_10 (Dense)            (None, 100)               900       
                                                                 
=================================================================
Total params: 70284 (274.55 KB)
Trainable params: 70284 (274.55 KB)
Non-trainable params: 0 (0.00 Byte)
_________________________________________________________________
Epoch 1/100
6250/6250 - 21s - loss: 4.6053 - accuracy: 0.0084 - val_loss: 4.6052 - val_accuracy: 0.0100 - 21s/epoch - 3ms/step
Epoch 2/100
6250/6250 - 20s - loss: 4.6053 - accuracy: 0.0083 - val_loss: 4.6052 - val_accuracy: 0.0100 - 20s/epoch - 3ms/step
Epoch 3/100
6250/6250 - 20s - loss: 4.6053 - accuracy: 0.0087 - val_loss: 4.6052 - val_accuracy: 0.0100 - 20s/epoch - 3ms/step
Epoch 4/100
6250/6250 - 20s - loss: 4.6053 - accuracy: 0.0088 - val_loss: 4.6052 - val_accuracy: 0.0100 - 20s/epoch - 3ms/step
Epoch 5/100
6250/6250 - 20s - loss: 4.6053 - accuracy: 0.0091 - val_loss: 4.6052 - val_accuracy: 0.0100 - 20s/epoch - 3ms/step
Epoch 6/100
6250/6250 - 20s - loss: 4.6053 - accuracy: 0.0089 - val_loss: 4.6052 - val_accuracy: 0.0100 - 20s/epoch - 3ms/step
Epoch 7/100
6250/6250 - 20s - loss: 4.6053 - accuracy: 0.0094 - val_loss: 4.6052 - val_accuracy: 0.0100 - 20s/epoch - 3ms/step
Epoch 8/100
6250/6250 - 20s - loss: 4.6053 - accuracy: 0.0090 - val_loss: 4.6052 - val_accuracy: 0.0100 - 20s/epoch - 3ms/step
Epoch 9/100
6250/6250 - 20s - loss: 4.6053 - accuracy: 0.0089 - val_loss: 4.6052 - val_accuracy: 0.0100 - 20s/epoch - 3ms/step
Epoch 10/100
6250/6250 - 20s - loss: 4.6052 - accuracy: 0.0085 - val_loss: 4.6052 - val_accuracy: 0.0100 - 20s/epoch - 3ms/step
Epoch 11/100
6250/6250 - 20s - loss: 4.6053 - accuracy: 0.0090 - val_loss: 4.6052 - val_accuracy: 0.0100 - 20s/epoch - 3ms/step
Epoch 12/100
6250/6250 - 20s - loss: 4.6053 - accuracy: 0.0093 - val_loss: 4.6052 - val_accuracy: 0.0100 - 20s/epoch - 3ms/step
Epoch 13/100
6250/6250 - 20s - loss: 4.6053 - accuracy: 0.0092 - val_loss: 4.6052 - val_accuracy: 0.0100 - 20s/epoch - 3ms/step
Epoch 14/100
6250/6250 - 20s - loss: 4.6053 - accuracy: 0.0088 - val_loss: 4.6052 - val_accuracy: 0.0100 - 20s/epoch - 3ms/step
Epoch 15/100
6250/6250 - 20s - loss: 4.6053 - accuracy: 0.0096 - val_loss: 4.6052 - val_accuracy: 0.0100 - 20s/epoch - 3ms/step
Epoch 16/100
6250/6250 - 20s - loss: 4.6053 - accuracy: 0.0083 - val_loss: 4.6052 - val_accuracy: 0.0100 - 20s/epoch - 3ms/step
Epoch 17/100
6250/6250 - 20s - loss: 4.6053 - accuracy: 0.0085 - val_loss: 4.6052 - val_accuracy: 0.0100 - 20s/epoch - 3ms/step
Epoch 18/100
6250/6250 - 20s - loss: 4.6053 - accuracy: 0.0093 - val_loss: 4.6052 - val_accuracy: 0.0096 - 20s/epoch - 3ms/step
Epoch 19/100
6250/6250 - 20s - loss: 4.6053 - accuracy: 0.0086 - val_loss: 4.6052 - val_accuracy: 0.0100 - 20s/epoch - 3ms/step
Epoch 20/100
6250/6250 - 20s - loss: 4.6053 - accuracy: 0.0090 - val_loss: 4.6052 - val_accuracy: 0.0100 - 20s/epoch - 3ms/step
Epoch 21/100
6250/6250 - 20s - loss: 4.6053 - accuracy: 0.0088 - val_loss: 4.6052 - val_accuracy: 0.0100 - 20s/epoch - 3ms/step
Epoch 22/100
6250/6250 - 20s - loss: 4.6053 - accuracy: 0.0089 - val_loss: 4.6052 - val_accuracy: 0.0100 - 20s/epoch - 3ms/step
Epoch 23/100
6250/6250 - 20s - loss: 4.6053 - accuracy: 0.0090 - val_loss: 4.6052 - val_accuracy: 0.0100 - 20s/epoch - 3ms/step
Epoch 24/100
6250/6250 - 20s - loss: 4.6053 - accuracy: 0.0086 - val_loss: 4.6052 - val_accuracy: 0.0100 - 20s/epoch - 3ms/step
Epoch 25/100
6250/6250 - 20s - loss: 4.6053 - accuracy: 0.0092 - val_loss: 4.6052 - val_accuracy: 0.0100 - 20s/epoch - 3ms/step
Epoch 26/100
6250/6250 - 20s - loss: 4.6053 - accuracy: 0.0085 - val_loss: 4.6052 - val_accuracy: 0.0100 - 20s/epoch - 3ms/step
Epoch 27/100
6250/6250 - 20s - loss: 4.6053 - accuracy: 0.0091 - val_loss: 4.6052 - val_accuracy: 0.0100 - 20s/epoch - 3ms/step
Epoch 28/100
6250/6250 - 20s - loss: 4.6053 - accuracy: 0.0087 - val_loss: 4.6052 - val_accuracy: 0.0100 - 20s/epoch - 3ms/step
Epoch 29/100
6250/6250 - 20s - loss: 4.6053 - accuracy: 0.0089 - val_loss: 4.6052 - val_accuracy: 0.0100 - 20s/epoch - 3ms/step
Epoch 30/100
6250/6250 - 20s - loss: 4.6053 - accuracy: 0.0089 - val_loss: 4.6052 - val_accuracy: 0.0100 - 20s/epoch - 3ms/step
Epoch 31/100
Restoring model weights from the end of the best epoch: 1.
6250/6250 - 20s - loss: 4.6053 - accuracy: 0.0095 - val_loss: 4.6052 - val_accuracy: 0.0100 - 20s/epoch - 3ms/step
Epoch 31: early stopping
313/313 - 1s - loss: 4.6052 - accuracy: 0.0100 - 705ms/epoch - 2ms/step

ACCURACY: 0.009999999776482582


SCORE: -0.2921644958435378

[92m | MODULE VALUES ---------------------------------------------  |
 [0m
FLOPS: 7417752
PARAMS: 70284.0
[92m 
 | -----------------------------------------------------------  |
 [0m

--- BANANAS ITERATION 74 / 1000 ---
Chosen point: {'num_neurons': 4, 'unit_c1': 3, 'unit_c2': 2, 'dr_f': 0.08115726156958739, 'learning_rate': 0.00040944001382744603, 'batch_size': 16, 'optimizer': 'Adamax', 'activation': 'selu', 'data_augmentation': False, 'reg_l2': False, 'skip_connection': False, 'new_fc_1': 31, 'new_fc_2': 4, 'new_fc_3': 20, 'new_fc_4': 21, 'new_fc_5': 19, 'new_fc_6': 10, 'new_fc_7': 23, 'new_fc_8': 17, 'new_fc_9': 18, 'new_fc_10': 6}
[94m
|  --> START TRAINING ITERATION 23[0m
[INFO] Flags -> DA: False, L2: False, Skip: False
Building model with input_shape=(32, 32, 3), pos_input_shape=None, layer_x_block=2
Model: "model"
_________________________________________________________________
 Layer (type)                Output Shape              Param #   
=================================================================
 input_1 (InputLayer)        [(None, 32, 32, 3)]       0         
                                                                 
 conv2d (Conv2D)             (None, 32, 32, 12)        336       
                                                                 
 activation (Activation)     (None, 32, 32, 12)        0         
                                                                 
 conv2d_1 (Conv2D)           (None, 32, 32, 12)        1308      
                                                                 
 activation_1 (Activation)   (None, 32, 32, 12)        0         
                                                                 
 max_pooling2d (MaxPooling2  (None, 16, 16, 12)        0         
 D)                                                              
                                                                 
 conv2d_2 (Conv2D)           (None, 16, 16, 8)         872       
                                                                 
 activation_2 (Activation)   (None, 16, 16, 8)         0         
                                                                 
 conv2d_3 (Conv2D)           (None, 16, 16, 8)         584       
                                                                 
 activation_3 (Activation)   (None, 16, 16, 8)         0         
                                                                 
 max_pooling2d_1 (MaxPoolin  (None, 8, 8, 8)           0         
 g2D)                                                            
                                                                 
 flatten (Flatten)           (None, 512)               0         
                                                                 
 dense (Dense)               (None, 124)               63612     
                                                                 
 activation_4 (Activation)   (None, 124)               0         
                                                                 
 dropout (Dropout)           (None, 124)               0         
                                                                 
 dense_1 (Dense)             (None, 16)                2000      
                                                                 
 activation_5 (Activation)   (None, 16)                0         
                                                                 
 dropout_1 (Dropout)         (None, 16)                0         
                                                                 
 dense_2 (Dense)             (None, 80)                1360      
                                                                 
 activation_6 (Activation)   (None, 80)                0         
                                                                 
 dropout_2 (Dropout)         (None, 80)                0         
                                                                 
 dense_3 (Dense)             (None, 84)                6804      
                                                                 
 activation_7 (Activation)   (None, 84)                0         
                                                                 
 dropout_3 (Dropout)         (None, 84)                0         
                                                                 
 dense_4 (Dense)             (None, 76)                6460      
                                                                 
 activation_8 (Activation)   (None, 76)                0         
                                                                 
 dropout_4 (Dropout)         (None, 76)                0         
                                                                 
 dense_5 (Dense)             (None, 40)                3080      
                                                                 
 activation_9 (Activation)   (None, 40)                0         
                                                                 
 dropout_5 (Dropout)         (None, 40)                0         
                                                                 
 dense_6 (Dense)             (None, 92)                3772      
                                                                 
 activation_10 (Activation)  (None, 92)                0         
                                                                 
 dropout_6 (Dropout)         (None, 92)                0         
                                                                 
 dense_7 (Dense)             (None, 68)                6324      
                                                                 
 activation_11 (Activation)  (None, 68)                0         
                                                                 
 dropout_7 (Dropout)         (None, 68)                0         
                                                                 
 dense_8 (Dense)             (None, 72)                4968      
                                                                 
 activation_12 (Activation)  (None, 72)                0         
                                                                 
 dropout_8 (Dropout)         (None, 72)                0         
                                                                 
 dense_9 (Dense)             (None, 24)                1752      
                                                                 
 activation_13 (Activation)  (None, 24)                0         
                                                                 
 dropout_9 (Dropout)         (None, 24)                0         
                                                                 
 dense_10 (Dense)            (None, 100)               2500      
                                                                 
=================================================================
Total params: 105732 (413.02 KB)
Trainable params: 105732 (413.02 KB)
Non-trainable params: 0 (0.00 Byte)
_________________________________________________________________
Epoch 1/100
3125/3125 - 10s - loss: 4.5477 - accuracy: 0.0264 - val_loss: 4.2192 - val_accuracy: 0.0593 - 10s/epoch - 3ms/step
Epoch 2/100
3125/3125 - 9s - loss: 4.2028 - accuracy: 0.0569 - val_loss: 3.9491 - val_accuracy: 0.0971 - 9s/epoch - 3ms/step
Epoch 3/100
3125/3125 - 9s - loss: 4.0247 - accuracy: 0.0794 - val_loss: 3.8047 - val_accuracy: 0.1174 - 9s/epoch - 3ms/step
Epoch 4/100
3125/3125 - 10s - loss: 3.9058 - accuracy: 0.0955 - val_loss: 3.6974 - val_accuracy: 0.1323 - 10s/epoch - 3ms/step
Epoch 5/100
3125/3125 - 10s - loss: 3.8173 - accuracy: 0.1090 - val_loss: 3.6019 - val_accuracy: 0.1494 - 10s/epoch - 3ms/step
Epoch 6/100
3125/3125 - 9s - loss: 3.7464 - accuracy: 0.1143 - val_loss: 3.5593 - val_accuracy: 0.1543 - 9s/epoch - 3ms/step
Epoch 7/100
3125/3125 - 10s - loss: 3.6944 - accuracy: 0.1203 - val_loss: 3.4911 - val_accuracy: 0.1619 - 10s/epoch - 3ms/step
Epoch 8/100
3125/3125 - 10s - loss: 3.6420 - accuracy: 0.1288 - val_loss: 3.4472 - val_accuracy: 0.1689 - 10s/epoch - 3ms/step
Epoch 9/100
3125/3125 - 9s - loss: 3.6028 - accuracy: 0.1341 - val_loss: 3.4278 - val_accuracy: 0.1735 - 9s/epoch - 3ms/step
Epoch 10/100
3125/3125 - 9s - loss: 3.5683 - accuracy: 0.1386 - val_loss: 3.4013 - val_accuracy: 0.1743 - 9s/epoch - 3ms/step
Epoch 11/100
3125/3125 - 10s - loss: 3.5324 - accuracy: 0.1447 - val_loss: 3.3421 - val_accuracy: 0.1804 - 10s/epoch - 3ms/step
Epoch 12/100
3125/3125 - 10s - loss: 3.5098 - accuracy: 0.1479 - val_loss: 3.3465 - val_accuracy: 0.1833 - 10s/epoch - 3ms/step
Epoch 13/100
3125/3125 - 10s - loss: 3.4758 - accuracy: 0.1528 - val_loss: 3.3039 - val_accuracy: 0.1899 - 10s/epoch - 3ms/step
Epoch 14/100
3125/3125 - 10s - loss: 3.4526 - accuracy: 0.1565 - val_loss: 3.2821 - val_accuracy: 0.1950 - 10s/epoch - 3ms/step
Epoch 15/100
3125/3125 - 10s - loss: 3.4302 - accuracy: 0.1610 - val_loss: 3.2544 - val_accuracy: 0.1957 - 10s/epoch - 3ms/step
Epoch 16/100
3125/3125 - 10s - loss: 3.4084 - accuracy: 0.1635 - val_loss: 3.2453 - val_accuracy: 0.1979 - 10s/epoch - 3ms/step
Epoch 17/100
3125/3125 - 10s - loss: 3.3869 - accuracy: 0.1680 - val_loss: 3.2232 - val_accuracy: 0.1993 - 10s/epoch - 3ms/step
Epoch 18/100
3125/3125 - 10s - loss: 3.3672 - accuracy: 0.1699 - val_loss: 3.1899 - val_accuracy: 0.2071 - 10s/epoch - 3ms/step
Epoch 19/100
3125/3125 - 10s - loss: 3.3467 - accuracy: 0.1721 - val_loss: 3.1805 - val_accuracy: 0.2083 - 10s/epoch - 3ms/step
Epoch 20/100
3125/3125 - 10s - loss: 3.3208 - accuracy: 0.1770 - val_loss: 3.1590 - val_accuracy: 0.2134 - 10s/epoch - 3ms/step
Epoch 21/100
3125/3125 - 10s - loss: 3.3046 - accuracy: 0.1825 - val_loss: 3.1404 - val_accuracy: 0.2158 - 10s/epoch - 3ms/step
Epoch 22/100
3125/3125 - 10s - loss: 3.2827 - accuracy: 0.1850 - val_loss: 3.1456 - val_accuracy: 0.2142 - 10s/epoch - 3ms/step
Epoch 23/100
3125/3125 - 10s - loss: 3.2697 - accuracy: 0.1881 - val_loss: 3.1105 - val_accuracy: 0.2236 - 10s/epoch - 3ms/step
Epoch 24/100
3125/3125 - 10s - loss: 3.2475 - accuracy: 0.1903 - val_loss: 3.0955 - val_accuracy: 0.2263 - 10s/epoch - 3ms/step
Epoch 25/100
3125/3125 - 10s - loss: 3.2389 - accuracy: 0.1933 - val_loss: 3.0650 - val_accuracy: 0.2347 - 10s/epoch - 3ms/step
Epoch 26/100
3125/3125 - 10s - loss: 3.2120 - accuracy: 0.1978 - val_loss: 3.0479 - val_accuracy: 0.2358 - 10s/epoch - 3ms/step
Epoch 27/100
3125/3125 - 10s - loss: 3.2036 - accuracy: 0.1989 - val_loss: 3.0257 - val_accuracy: 0.2414 - 10s/epoch - 3ms/step
Epoch 28/100
3125/3125 - 10s - loss: 3.1867 - accuracy: 0.2007 - val_loss: 3.0797 - val_accuracy: 0.2303 - 10s/epoch - 3ms/step
Epoch 29/100
3125/3125 - 10s - loss: 3.1689 - accuracy: 0.2039 - val_loss: 2.9968 - val_accuracy: 0.2483 - 10s/epoch - 3ms/step
Epoch 30/100
3125/3125 - 10s - loss: 3.1559 - accuracy: 0.2072 - val_loss: 2.9972 - val_accuracy: 0.2441 - 10s/epoch - 3ms/step
Epoch 31/100
3125/3125 - 10s - loss: 3.1478 - accuracy: 0.2060 - val_loss: 2.9752 - val_accuracy: 0.2515 - 10s/epoch - 3ms/step
Epoch 32/100
3125/3125 - 10s - loss: 3.1335 - accuracy: 0.2102 - val_loss: 2.9601 - val_accuracy: 0.2553 - 10s/epoch - 3ms/step
Epoch 33/100
3125/3125 - 10s - loss: 3.1215 - accuracy: 0.2123 - val_loss: 2.9870 - val_accuracy: 0.2479 - 10s/epoch - 3ms/step
Epoch 34/100
3125/3125 - 10s - loss: 3.1109 - accuracy: 0.2145 - val_loss: 2.9796 - val_accuracy: 0.2498 - 10s/epoch - 3ms/step
Epoch 35/100
3125/3125 - 10s - loss: 3.1123 - accuracy: 0.2163 - val_loss: 2.9290 - val_accuracy: 0.2546 - 10s/epoch - 3ms/step
Epoch 36/100
3125/3125 - 10s - loss: 3.0952 - accuracy: 0.2181 - val_loss: 2.9395 - val_accuracy: 0.2569 - 10s/epoch - 3ms/step
Epoch 37/100
3125/3125 - 10s - loss: 3.0813 - accuracy: 0.2229 - val_loss: 2.9351 - val_accuracy: 0.2545 - 10s/epoch - 3ms/step
Epoch 38/100
3125/3125 - 10s - loss: 3.0745 - accuracy: 0.2212 - val_loss: 2.9171 - val_accuracy: 0.2564 - 10s/epoch - 3ms/step
Epoch 39/100
3125/3125 - 10s - loss: 3.0667 - accuracy: 0.2247 - val_loss: 2.9286 - val_accuracy: 0.2592 - 10s/epoch - 3ms/step
Epoch 40/100
3125/3125 - 10s - loss: 3.0568 - accuracy: 0.2267 - val_loss: 2.9371 - val_accuracy: 0.2586 - 10s/epoch - 3ms/step
Epoch 41/100
3125/3125 - 10s - loss: 3.0518 - accuracy: 0.2278 - val_loss: 2.8994 - val_accuracy: 0.2641 - 10s/epoch - 3ms/step
Epoch 42/100
3125/3125 - 10s - loss: 3.0336 - accuracy: 0.2292 - val_loss: 2.9056 - val_accuracy: 0.2642 - 10s/epoch - 3ms/step
Epoch 43/100
3125/3125 - 10s - loss: 3.0345 - accuracy: 0.2290 - val_loss: 2.8895 - val_accuracy: 0.2679 - 10s/epoch - 3ms/step
Epoch 44/100
3125/3125 - 10s - loss: 3.0278 - accuracy: 0.2323 - val_loss: 2.8836 - val_accuracy: 0.2650 - 10s/epoch - 3ms/step
Epoch 45/100
3125/3125 - 10s - loss: 3.0295 - accuracy: 0.2323 - val_loss: 2.8699 - val_accuracy: 0.2693 - 10s/epoch - 3ms/step
Epoch 46/100
3125/3125 - 10s - loss: 3.0211 - accuracy: 0.2328 - val_loss: 2.8621 - val_accuracy: 0.2720 - 10s/epoch - 3ms/step
Epoch 47/100
3125/3125 - 10s - loss: 3.0048 - accuracy: 0.2338 - val_loss: 2.8641 - val_accuracy: 0.2723 - 10s/epoch - 3ms/step
Epoch 48/100
3125/3125 - 10s - loss: 2.9984 - accuracy: 0.2384 - val_loss: 2.8818 - val_accuracy: 0.2665 - 10s/epoch - 3ms/step
Epoch 49/100
3125/3125 - 10s - loss: 2.9999 - accuracy: 0.2367 - val_loss: 2.8465 - val_accuracy: 0.2738 - 10s/epoch - 3ms/step
Epoch 50/100
3125/3125 - 10s - loss: 2.9883 - accuracy: 0.2382 - val_loss: 2.8367 - val_accuracy: 0.2765 - 10s/epoch - 3ms/step
Epoch 51/100
3125/3125 - 10s - loss: 2.9826 - accuracy: 0.2407 - val_loss: 2.8431 - val_accuracy: 0.2763 - 10s/epoch - 3ms/step
Epoch 52/100
3125/3125 - 10s - loss: 2.9756 - accuracy: 0.2414 - val_loss: 2.8325 - val_accuracy: 0.2736 - 10s/epoch - 3ms/step
Epoch 53/100
3125/3125 - 10s - loss: 2.9703 - accuracy: 0.2416 - val_loss: 2.8253 - val_accuracy: 0.2772 - 10s/epoch - 3ms/step
Epoch 54/100
3125/3125 - 10s - loss: 2.9658 - accuracy: 0.2443 - val_loss: 2.8283 - val_accuracy: 0.2777 - 10s/epoch - 3ms/step
Epoch 55/100
3125/3125 - 10s - loss: 2.9590 - accuracy: 0.2443 - val_loss: 2.8424 - val_accuracy: 0.2745 - 10s/epoch - 3ms/step
Epoch 56/100
3125/3125 - 10s - loss: 2.9570 - accuracy: 0.2443 - val_loss: 2.8130 - val_accuracy: 0.2801 - 10s/epoch - 3ms/step
Epoch 57/100
3125/3125 - 10s - loss: 2.9515 - accuracy: 0.2466 - val_loss: 2.8061 - val_accuracy: 0.2858 - 10s/epoch - 3ms/step
Epoch 58/100
3125/3125 - 10s - loss: 2.9481 - accuracy: 0.2468 - val_loss: 2.7970 - val_accuracy: 0.2877 - 10s/epoch - 3ms/step
Epoch 59/100
3125/3125 - 10s - loss: 2.9410 - accuracy: 0.2493 - val_loss: 2.8092 - val_accuracy: 0.2781 - 10s/epoch - 3ms/step
Epoch 60/100
3125/3125 - 10s - loss: 2.9392 - accuracy: 0.2496 - val_loss: 2.8033 - val_accuracy: 0.2802 - 10s/epoch - 3ms/step
Epoch 61/100
3125/3125 - 10s - loss: 2.9310 - accuracy: 0.2524 - val_loss: 2.7996 - val_accuracy: 0.2838 - 10s/epoch - 3ms/step
Epoch 62/100
3125/3125 - 10s - loss: 2.9207 - accuracy: 0.2524 - val_loss: 2.7901 - val_accuracy: 0.2934 - 10s/epoch - 3ms/step
Epoch 63/100
3125/3125 - 10s - loss: 2.9260 - accuracy: 0.2506 - val_loss: 2.7851 - val_accuracy: 0.2848 - 10s/epoch - 3ms/step
Epoch 64/100
3125/3125 - 10s - loss: 2.9199 - accuracy: 0.2519 - val_loss: 2.7695 - val_accuracy: 0.2897 - 10s/epoch - 3ms/step
Epoch 65/100
3125/3125 - 10s - loss: 2.9149 - accuracy: 0.2548 - val_loss: 2.7764 - val_accuracy: 0.2873 - 10s/epoch - 3ms/step
Epoch 66/100
3125/3125 - 10s - loss: 2.9091 - accuracy: 0.2540 - val_loss: 2.7649 - val_accuracy: 0.2911 - 10s/epoch - 3ms/step
Epoch 67/100
3125/3125 - 10s - loss: 2.9030 - accuracy: 0.2558 - val_loss: 2.7716 - val_accuracy: 0.2857 - 10s/epoch - 3ms/step
Epoch 68/100
3125/3125 - 10s - loss: 2.8966 - accuracy: 0.2554 - val_loss: 2.7607 - val_accuracy: 0.2915 - 10s/epoch - 3ms/step
Epoch 69/100
3125/3125 - 10s - loss: 2.9000 - accuracy: 0.2548 - val_loss: 2.7723 - val_accuracy: 0.2939 - 10s/epoch - 3ms/step
Epoch 70/100
3125/3125 - 10s - loss: 2.8898 - accuracy: 0.2599 - val_loss: 2.7762 - val_accuracy: 0.2886 - 10s/epoch - 3ms/step
Epoch 71/100
3125/3125 - 10s - loss: 2.8899 - accuracy: 0.2572 - val_loss: 2.7653 - val_accuracy: 0.2872 - 10s/epoch - 3ms/step
Epoch 72/100
3125/3125 - 10s - loss: 2.8820 - accuracy: 0.2611 - val_loss: 2.7769 - val_accuracy: 0.2880 - 10s/epoch - 3ms/step
Epoch 73/100
3125/3125 - 10s - loss: 2.8796 - accuracy: 0.2596 - val_loss: 2.7416 - val_accuracy: 0.2946 - 10s/epoch - 3ms/step
Epoch 74/100
3125/3125 - 10s - loss: 2.8773 - accuracy: 0.2644 - val_loss: 2.7502 - val_accuracy: 0.2927 - 10s/epoch - 3ms/step
Epoch 75/100
3125/3125 - 10s - loss: 2.8764 - accuracy: 0.2606 - val_loss: 2.7584 - val_accuracy: 0.2913 - 10s/epoch - 3ms/step
Epoch 76/100
3125/3125 - 10s - loss: 2.8723 - accuracy: 0.2621 - val_loss: 2.7473 - val_accuracy: 0.2936 - 10s/epoch - 3ms/step
Epoch 77/100
3125/3125 - 10s - loss: 2.8626 - accuracy: 0.2657 - val_loss: 2.7343 - val_accuracy: 0.2957 - 10s/epoch - 3ms/step
Epoch 78/100
3125/3125 - 10s - loss: 2.8598 - accuracy: 0.2643 - val_loss: 2.7292 - val_accuracy: 0.2988 - 10s/epoch - 3ms/step
Epoch 79/100
3125/3125 - 10s - loss: 2.8540 - accuracy: 0.2646 - val_loss: 2.7480 - val_accuracy: 0.2958 - 10s/epoch - 3ms/step
Epoch 80/100
3125/3125 - 10s - loss: 2.8533 - accuracy: 0.2648 - val_loss: 2.7522 - val_accuracy: 0.2947 - 10s/epoch - 3ms/step
Epoch 81/100
3125/3125 - 10s - loss: 2.8441 - accuracy: 0.2685 - val_loss: 2.7228 - val_accuracy: 0.2984 - 10s/epoch - 3ms/step
Epoch 82/100
3125/3125 - 10s - loss: 2.8475 - accuracy: 0.2700 - val_loss: 2.7084 - val_accuracy: 0.3040 - 10s/epoch - 3ms/step
Epoch 83/100
3125/3125 - 10s - loss: 2.8447 - accuracy: 0.2682 - val_loss: 2.7548 - val_accuracy: 0.2963 - 10s/epoch - 3ms/step
Epoch 84/100
3125/3125 - 10s - loss: 2.8369 - accuracy: 0.2702 - val_loss: 2.7104 - val_accuracy: 0.3050 - 10s/epoch - 3ms/step
Epoch 85/100
3125/3125 - 10s - loss: 2.8351 - accuracy: 0.2693 - val_loss: 2.7191 - val_accuracy: 0.3014 - 10s/epoch - 3ms/step
Epoch 86/100
3125/3125 - 10s - loss: 2.8328 - accuracy: 0.2717 - val_loss: 2.7272 - val_accuracy: 0.2978 - 10s/epoch - 3ms/step
Epoch 87/100
3125/3125 - 10s - loss: 2.8280 - accuracy: 0.2717 - val_loss: 2.7111 - val_accuracy: 0.2994 - 10s/epoch - 3ms/step
Epoch 88/100
3125/3125 - 10s - loss: 2.8335 - accuracy: 0.2711 - val_loss: 2.7426 - val_accuracy: 0.2938 - 10s/epoch - 3ms/step
Epoch 89/100
3125/3125 - 10s - loss: 2.8194 - accuracy: 0.2727 - val_loss: 2.7093 - val_accuracy: 0.3056 - 10s/epoch - 3ms/step
Epoch 90/100
3125/3125 - 10s - loss: 2.8141 - accuracy: 0.2718 - val_loss: 2.7067 - val_accuracy: 0.3011 - 10s/epoch - 3ms/step
Epoch 91/100
3125/3125 - 10s - loss: 2.8121 - accuracy: 0.2746 - val_loss: 2.7003 - val_accuracy: 0.3038 - 10s/epoch - 3ms/step
Epoch 92/100
3125/3125 - 10s - loss: 2.8087 - accuracy: 0.2743 - val_loss: 2.6852 - val_accuracy: 0.3068 - 10s/epoch - 3ms/step
Epoch 93/100
3125/3125 - 10s - loss: 2.8060 - accuracy: 0.2742 - val_loss: 2.7046 - val_accuracy: 0.3014 - 10s/epoch - 3ms/step
Epoch 94/100
3125/3125 - 10s - loss: 2.8071 - accuracy: 0.2739 - val_loss: 2.6924 - val_accuracy: 0.3045 - 10s/epoch - 3ms/step
Epoch 95/100
3125/3125 - 10s - loss: 2.8041 - accuracy: 0.2752 - val_loss: 2.6921 - val_accuracy: 0.3074 - 10s/epoch - 3ms/step
Epoch 96/100
3125/3125 - 10s - loss: 2.7938 - accuracy: 0.2776 - val_loss: 2.7057 - val_accuracy: 0.3063 - 10s/epoch - 3ms/step
Epoch 97/100
3125/3125 - 10s - loss: 2.7935 - accuracy: 0.2808 - val_loss: 2.6753 - val_accuracy: 0.3102 - 10s/epoch - 3ms/step
Epoch 98/100
3125/3125 - 10s - loss: 2.7934 - accuracy: 0.2768 - val_loss: 2.6786 - val_accuracy: 0.3098 - 10s/epoch - 3ms/step
Epoch 99/100
3125/3125 - 10s - loss: 2.7872 - accuracy: 0.2825 - val_loss: 2.6832 - val_accuracy: 0.3090 - 10s/epoch - 3ms/step
Epoch 100/100
3125/3125 - 10s - loss: 2.7829 - accuracy: 0.2823 - val_loss: 2.6794 - val_accuracy: 0.3092 - 10s/epoch - 3ms/step
313/313 - 1s - loss: 2.6794 - accuracy: 0.3092 - 520ms/epoch - 2ms/step

ACCURACY: 0.3091999888420105


SCORE: -0.5078339201894073

[92m | MODULE VALUES ---------------------------------------------  |
 [0m
FLOPS: 4303036
PARAMS: 105732.0
[92m 
 | -----------------------------------------------------------  |
 [0m
[INFO] New Best Score: -0.5078 (Previous: -0.4261)

--- BANANAS ITERATION 75 / 1000 ---
Chosen point: {'num_neurons': 8, 'unit_c1': 2, 'unit_c2': 5, 'dr_f': 0.3961823261727597, 'learning_rate': 0.0006276924183794973, 'batch_size': 8, 'optimizer': 'SGD', 'activation': 'relu', 'data_augmentation': False, 'reg_l2': False, 'skip_connection': True, 'new_fc_1': 32, 'new_fc_2': 8, 'new_fc_3': 3, 'new_fc_4': 32, 'new_fc_5': 8, 'new_fc_6': 3, 'new_fc_7': 29, 'new_fc_8': 30, 'new_fc_9': 12, 'new_fc_10': 23}
[94m
|  --> START TRAINING ITERATION 24[0m
[INFO] Flags -> DA: False, L2: False, Skip: True
Building model with input_shape=(32, 32, 3), pos_input_shape=None, layer_x_block=2
Model: "model"
__________________________________________________________________________________________________
 Layer (type)                Output Shape                 Param #   Connected to                  
==================================================================================================
 input_1 (InputLayer)        [(None, 32, 32, 3)]          0         []                            
                                                                                                  
 conv2d (Conv2D)             (None, 32, 32, 16)           448       ['input_1[0][0]']             
                                                                                                  
 activation (Activation)     (None, 32, 32, 16)           0         ['conv2d[0][0]']              
                                                                                                  
 conv2d_2 (Conv2D)           (None, 32, 32, 16)           64        ['input_1[0][0]']             
                                                                                                  
 conv2d_1 (Conv2D)           (None, 32, 32, 16)           2320      ['activation[0][0]']          
                                                                                                  
 add (Add)                   (None, 32, 32, 16)           0         ['conv2d_2[0][0]',            
                                                                     'conv2d_1[0][0]']            
                                                                                                  
 activation_1 (Activation)   (None, 32, 32, 16)           0         ['add[0][0]']                 
                                                                                                  
 max_pooling2d (MaxPooling2  (None, 16, 16, 16)           0         ['activation_1[0][0]']        
 D)                                                                                               
                                                                                                  
 conv2d_3 (Conv2D)           (None, 16, 16, 40)           5800      ['max_pooling2d[0][0]']       
                                                                                                  
 activation_2 (Activation)   (None, 16, 16, 40)           0         ['conv2d_3[0][0]']            
                                                                                                  
 conv2d_5 (Conv2D)           (None, 16, 16, 40)           680       ['max_pooling2d[0][0]']       
                                                                                                  
 conv2d_4 (Conv2D)           (None, 16, 16, 40)           14440     ['activation_2[0][0]']        
                                                                                                  
 add_1 (Add)                 (None, 16, 16, 40)           0         ['conv2d_5[0][0]',            
                                                                     'conv2d_4[0][0]']            
                                                                                                  
 activation_3 (Activation)   (None, 16, 16, 40)           0         ['add_1[0][0]']               
                                                                                                  
 max_pooling2d_1 (MaxPoolin  (None, 8, 8, 40)             0         ['activation_3[0][0]']        
 g2D)                                                                                             
                                                                                                  
 flatten (Flatten)           (None, 2560)                 0         ['max_pooling2d_1[0][0]']     
                                                                                                  
 dense (Dense)               (None, 256)                  655616    ['flatten[0][0]']             
                                                                                                  
 activation_4 (Activation)   (None, 256)                  0         ['dense[0][0]']               
                                                                                                  
 dropout (Dropout)           (None, 256)                  0         ['activation_4[0][0]']        
                                                                                                  
 dense_1 (Dense)             (None, 64)                   16448     ['dropout[0][0]']             
                                                                                                  
 activation_5 (Activation)   (None, 64)                   0         ['dense_1[0][0]']             
                                                                                                  
 dropout_1 (Dropout)         (None, 64)                   0         ['activation_5[0][0]']        
                                                                                                  
 dense_2 (Dense)             (None, 24)                   1560      ['dropout_1[0][0]']           
                                                                                                  
 activation_6 (Activation)   (None, 24)                   0         ['dense_2[0][0]']             
                                                                                                  
 dropout_2 (Dropout)         (None, 24)                   0         ['activation_6[0][0]']        
                                                                                                  
 dense_3 (Dense)             (None, 256)                  6400      ['dropout_2[0][0]']           
                                                                                                  
 activation_7 (Activation)   (None, 256)                  0         ['dense_3[0][0]']             
                                                                                                  
 dropout_3 (Dropout)         (None, 256)                  0         ['activation_7[0][0]']        
                                                                                                  
 dense_4 (Dense)             (None, 64)                   16448     ['dropout_3[0][0]']           
                                                                                                  
 activation_8 (Activation)   (None, 64)                   0         ['dense_4[0][0]']             
                                                                                                  
 dropout_4 (Dropout)         (None, 64)                   0         ['activation_8[0][0]']        
                                                                                                  
 dense_5 (Dense)             (None, 24)                   1560      ['dropout_4[0][0]']           
                                                                                                  
 activation_9 (Activation)   (None, 24)                   0         ['dense_5[0][0]']             
                                                                                                  
 dropout_5 (Dropout)         (None, 24)                   0         ['activation_9[0][0]']        
                                                                                                  
 dense_6 (Dense)             (None, 232)                  5800      ['dropout_5[0][0]']           
                                                                                                  
 activation_10 (Activation)  (None, 232)                  0         ['dense_6[0][0]']             
                                                                                                  
 dropout_6 (Dropout)         (None, 232)                  0         ['activation_10[0][0]']       
                                                                                                  
 dense_7 (Dense)             (None, 240)                  55920     ['dropout_6[0][0]']           
                                                                                                  
 activation_11 (Activation)  (None, 240)                  0         ['dense_7[0][0]']             
                                                                                                  
 dropout_7 (Dropout)         (None, 240)                  0         ['activation_11[0][0]']       
                                                                                                  
 dense_8 (Dense)             (None, 96)                   23136     ['dropout_7[0][0]']           
                                                                                                  
 activation_12 (Activation)  (None, 96)                   0         ['dense_8[0][0]']             
                                                                                                  
 dropout_8 (Dropout)         (None, 96)                   0         ['activation_12[0][0]']       
                                                                                                  
 dense_9 (Dense)             (None, 184)                  17848     ['dropout_8[0][0]']           
                                                                                                  
 activation_13 (Activation)  (None, 184)                  0         ['dense_9[0][0]']             
                                                                                                  
 dropout_9 (Dropout)         (None, 184)                  0         ['activation_13[0][0]']       
                                                                                                  
 dense_10 (Dense)            (None, 100)                  18500     ['dropout_9[0][0]']           
                                                                                                  
==================================================================================================
Total params: 842988 (3.22 MB)
Trainable params: 842988 (3.22 MB)
Non-trainable params: 0 (0.00 Byte)
__________________________________________________________________________________________________
Epoch 1/100
6250/6250 - 21s - loss: 4.6068 - accuracy: 0.0098 - val_loss: 4.6052 - val_accuracy: 0.0098 - 21s/epoch - 3ms/step
Epoch 2/100
6250/6250 - 20s - loss: 4.6059 - accuracy: 0.0097 - val_loss: 4.6052 - val_accuracy: 0.0098 - 20s/epoch - 3ms/step
Epoch 3/100
6250/6250 - 20s - loss: 4.6056 - accuracy: 0.0090 - val_loss: 4.6052 - val_accuracy: 0.0100 - 20s/epoch - 3ms/step
Epoch 4/100
6250/6250 - 20s - loss: 4.6054 - accuracy: 0.0104 - val_loss: 4.6052 - val_accuracy: 0.0100 - 20s/epoch - 3ms/step
Epoch 5/100
6250/6250 - 20s - loss: 4.6053 - accuracy: 0.0098 - val_loss: 4.6052 - val_accuracy: 0.0100 - 20s/epoch - 3ms/step
Epoch 6/100
6250/6250 - 20s - loss: 4.6053 - accuracy: 0.0097 - val_loss: 4.6052 - val_accuracy: 0.0100 - 20s/epoch - 3ms/step
Epoch 7/100
6250/6250 - 20s - loss: 4.6053 - accuracy: 0.0092 - val_loss: 4.6052 - val_accuracy: 0.0100 - 20s/epoch - 3ms/step
Epoch 8/100
6250/6250 - 20s - loss: 4.6051 - accuracy: 0.0096 - val_loss: 4.6052 - val_accuracy: 0.0100 - 20s/epoch - 3ms/step
Epoch 9/100
6250/6250 - 20s - loss: 4.6052 - accuracy: 0.0096 - val_loss: 4.6052 - val_accuracy: 0.0100 - 20s/epoch - 3ms/step
Epoch 10/100
6250/6250 - 20s - loss: 4.6052 - accuracy: 0.0096 - val_loss: 4.6052 - val_accuracy: 0.0100 - 20s/epoch - 3ms/step
Epoch 11/100
6250/6250 - 20s - loss: 4.6051 - accuracy: 0.0104 - val_loss: 4.6052 - val_accuracy: 0.0100 - 20s/epoch - 3ms/step
Epoch 12/100
6250/6250 - 20s - loss: 4.6051 - accuracy: 0.0098 - val_loss: 4.6052 - val_accuracy: 0.0100 - 20s/epoch - 3ms/step
Epoch 13/100
6250/6250 - 20s - loss: 4.6051 - accuracy: 0.0097 - val_loss: 4.6052 - val_accuracy: 0.0100 - 20s/epoch - 3ms/step
Epoch 14/100
6250/6250 - 20s - loss: 4.6051 - accuracy: 0.0097 - val_loss: 4.6052 - val_accuracy: 0.0100 - 20s/epoch - 3ms/step
Epoch 15/100
6250/6250 - 20s - loss: 4.6050 - accuracy: 0.0107 - val_loss: 4.6052 - val_accuracy: 0.0100 - 20s/epoch - 3ms/step
Epoch 16/100
6250/6250 - 20s - loss: 4.6050 - accuracy: 0.0103 - val_loss: 4.6052 - val_accuracy: 0.0100 - 20s/epoch - 3ms/step
Epoch 17/100
6250/6250 - 20s - loss: 4.6051 - accuracy: 0.0098 - val_loss: 4.6052 - val_accuracy: 0.0100 - 20s/epoch - 3ms/step
Epoch 18/100
6250/6250 - 20s - loss: 4.6050 - accuracy: 0.0108 - val_loss: 4.6052 - val_accuracy: 0.0100 - 20s/epoch - 3ms/step
Epoch 19/100
6250/6250 - 20s - loss: 4.6049 - accuracy: 0.0101 - val_loss: 4.6052 - val_accuracy: 0.0100 - 20s/epoch - 3ms/step
Epoch 20/100
6250/6250 - 20s - loss: 4.6050 - accuracy: 0.0106 - val_loss: 4.6052 - val_accuracy: 0.0100 - 20s/epoch - 3ms/step
Epoch 21/100
6250/6250 - 20s - loss: 4.6049 - accuracy: 0.0110 - val_loss: 4.6052 - val_accuracy: 0.0096 - 20s/epoch - 3ms/step
Epoch 22/100
6250/6250 - 20s - loss: 4.6048 - accuracy: 0.0112 - val_loss: 4.6052 - val_accuracy: 0.0100 - 20s/epoch - 3ms/step
Epoch 23/100
6250/6250 - 20s - loss: 4.6048 - accuracy: 0.0101 - val_loss: 4.6052 - val_accuracy: 0.0100 - 20s/epoch - 3ms/step
Epoch 24/100
6250/6250 - 20s - loss: 4.6047 - accuracy: 0.0110 - val_loss: 4.6052 - val_accuracy: 0.0100 - 20s/epoch - 3ms/step
Epoch 25/100
6250/6250 - 20s - loss: 4.6048 - accuracy: 0.0099 - val_loss: 4.6052 - val_accuracy: 0.0100 - 20s/epoch - 3ms/step
Epoch 26/100
6250/6250 - 20s - loss: 4.6046 - accuracy: 0.0110 - val_loss: 4.6052 - val_accuracy: 0.0100 - 20s/epoch - 3ms/step
Epoch 27/100
6250/6250 - 20s - loss: 4.6046 - accuracy: 0.0103 - val_loss: 4.6052 - val_accuracy: 0.0100 - 20s/epoch - 3ms/step
Epoch 28/100
6250/6250 - 20s - loss: 4.6044 - accuracy: 0.0109 - val_loss: 4.6051 - val_accuracy: 0.0100 - 20s/epoch - 3ms/step
Epoch 29/100
6250/6250 - 20s - loss: 4.6044 - accuracy: 0.0105 - val_loss: 4.6051 - val_accuracy: 0.0101 - 20s/epoch - 3ms/step
Epoch 30/100
6250/6250 - 20s - loss: 4.6045 - accuracy: 0.0107 - val_loss: 4.6051 - val_accuracy: 0.0102 - 20s/epoch - 3ms/step
Epoch 31/100
Restoring model weights from the end of the best epoch: 1.
6250/6250 - 20s - loss: 4.6041 - accuracy: 0.0114 - val_loss: 4.6050 - val_accuracy: 0.0100 - 20s/epoch - 3ms/step
Epoch 31: early stopping
313/313 - 1s - loss: 4.6052 - accuracy: 0.0098 - 708ms/epoch - 2ms/step

ACCURACY: 0.009800000116229057


SCORE: -0.2706164320813603

[92m | MODULE VALUES ---------------------------------------------  |
 [0m
FLOPS: 18121784
PARAMS: 842988.0
[92m 
 | -----------------------------------------------------------  |
 [0m

BANANAS BASELINE FINISHED
TOTAL TIME --------> 13784.52 seconds
BEST SCORE --------> -0.5314182160667571
HISTORY -----------> results_BANANAS_controller/bananas_cifar100_seed84_e1000_ep100/algorithm_logs/bananas_history.csv
Completed after chunk: 75/1000
