Running rolling chunk 2/40
Array task 4/10: dataset=cifar10, seed=84
Completed before chunk: 25/1000
Budget: chunk_evals=25, epochs=100
Result dir=results_BANANAS_controller/bananas_cifar10_seed84_e1000_ep100
[exp_config] Created config.yaml at: /hpc/home/fresca/EDGE-DNNTuner/results_BANANAS_controller/bananas_cifar10_seed84_e1000_ep100/config.yaml
50000 train samples
10000 test samples
Initialized NeuralNetwork with dataset. ROI mode: False
FLOPS module weight: 0.3

STARTING BANANAS BASELINE

[INFO] Resumed 25 previous BANANAS evaluations from results_BANANAS_controller/bananas_cifar10_seed84_e1000_ep100/algorithm_logs/bananas_history.csv.

--- BANANAS ITERATION 26 / 1000 ---
Chosen point: {'num_neurons': 4, 'unit_c1': 4, 'unit_c2': 5, 'dr_f': 0.275221568233153, 'learning_rate': 0.00025339426834476253, 'batch_size': 8, 'optimizer': 'SGD', 'activation': 'selu', 'data_augmentation': True, 'reg_l2': True, 'skip_connection': True, 'new_fc_1': 32, 'new_fc_2': 18, 'new_fc_3': 1, 'new_fc_4': 4, 'new_fc_5': 11, 'new_fc_6': 21, 'new_fc_7': 24, 'new_fc_8': 27, 'new_fc_9': 7, 'new_fc_10': 9}
[94m
|  --> START TRAINING ITERATION 0[0m
[INFO] Flags -> DA: True, L2: True, Skip: True
Building model with input_shape=(32, 32, 3), pos_input_shape=None, layer_x_block=2
Model: "model"
__________________________________________________________________________________________________
 Layer (type)                Output Shape                 Param #   Connected to                  
==================================================================================================
 input_2 (InputLayer)        [(None, 32, 32, 3)]          0         []                            
                                                                                                  
 conv2d (Conv2D)             (None, 32, 32, 16)           448       ['input_2[0][0]']             
                                                                                                  
 activation (Activation)     (None, 32, 32, 16)           0         ['conv2d[1][0]']              
                                                                                                  
 conv2d_2 (Conv2D)           (None, 32, 32, 16)           64        ['input_2[0][0]']             
                                                                                                  
 conv2d_1 (Conv2D)           (None, 32, 32, 16)           2320      ['activation[1][0]']          
                                                                                                  
 add (Add)                   (None, 32, 32, 16)           0         ['conv2d_2[1][0]',            
                                                                     'conv2d_1[1][0]']            
                                                                                                  
 activation_1 (Activation)   (None, 32, 32, 16)           0         ['add[1][0]']                 
                                                                                                  
 max_pooling2d (MaxPooling2  (None, 16, 16, 16)           0         ['activation_1[1][0]']        
 D)                                                                                               
                                                                                                  
 conv2d_3 (Conv2D)           (None, 16, 16, 20)           2900      ['max_pooling2d[1][0]']       
                                                                                                  
 activation_2 (Activation)   (None, 16, 16, 20)           0         ['conv2d_3[1][0]']            
                                                                                                  
 conv2d_5 (Conv2D)           (None, 16, 16, 20)           340       ['max_pooling2d[1][0]']       
                                                                                                  
 conv2d_4 (Conv2D)           (None, 16, 16, 20)           3620      ['activation_2[1][0]']        
                                                                                                  
 add_1 (Add)                 (None, 16, 16, 20)           0         ['conv2d_5[1][0]',            
                                                                     'conv2d_4[1][0]']            
                                                                                                  
 activation_3 (Activation)   (None, 16, 16, 20)           0         ['add_1[1][0]']               
                                                                                                  
 max_pooling2d_1 (MaxPoolin  (None, 8, 8, 20)             0         ['activation_3[1][0]']        
 g2D)                                                                                             
                                                                                                  
 flatten (Flatten)           (None, 1280)                 0         ['max_pooling2d_1[1][0]']     
                                                                                                  
 dense (Dense)               (None, 128)                  163968    ['flatten[1][0]']             
                                                                                                  
 activation_4 (Activation)   (None, 128)                  0         ['dense[1][0]']               
                                                                                                  
 dropout (Dropout)           (None, 128)                  0         ['activation_4[1][0]']        
                                                                                                  
 dense_1 (Dense)             (None, 72)                   9288      ['dropout[1][0]']             
                                                                                                  
 activation_5 (Activation)   (None, 72)                   0         ['dense_1[1][0]']             
                                                                                                  
 dropout_1 (Dropout)         (None, 72)                   0         ['activation_5[1][0]']        
                                                                                                  
 dense_2 (Dense)             (None, 4)                    292       ['dropout_1[1][0]']           
                                                                                                  
 activation_6 (Activation)   (None, 4)                    0         ['dense_2[1][0]']             
                                                                                                  
 dropout_2 (Dropout)         (None, 4)                    0         ['activation_6[1][0]']        
                                                                                                  
 dense_3 (Dense)             (None, 16)                   80        ['dropout_2[1][0]']           
                                                                                                  
 activation_7 (Activation)   (None, 16)                   0         ['dense_3[1][0]']             
                                                                                                  
 dropout_3 (Dropout)         (None, 16)                   0         ['activation_7[1][0]']        
                                                                                                  
 dense_4 (Dense)             (None, 44)                   748       ['dropout_3[1][0]']           
                                                                                                  
 activation_8 (Activation)   (None, 44)                   0         ['dense_4[1][0]']             
                                                                                                  
 dropout_4 (Dropout)         (None, 44)                   0         ['activation_8[1][0]']        
                                                                                                  
 dense_5 (Dense)             (None, 84)                   3780      ['dropout_4[1][0]']           
                                                                                                  
 activation_9 (Activation)   (None, 84)                   0         ['dense_5[1][0]']             
                                                                                                  
 dropout_5 (Dropout)         (None, 84)                   0         ['activation_9[1][0]']        
                                                                                                  
 dense_6 (Dense)             (None, 96)                   8160      ['dropout_5[1][0]']           
                                                                                                  
 activation_10 (Activation)  (None, 96)                   0         ['dense_6[1][0]']             
                                                                                                  
 dropout_6 (Dropout)         (None, 96)                   0         ['activation_10[1][0]']       
                                                                                                  
 dense_7 (Dense)             (None, 108)                  10476     ['dropout_6[1][0]']           
                                                                                                  
 activation_11 (Activation)  (None, 108)                  0         ['dense_7[1][0]']             
                                                                                                  
 dropout_7 (Dropout)         (None, 108)                  0         ['activation_11[1][0]']       
                                                                                                  
 dense_8 (Dense)             (None, 28)                   3052      ['dropout_7[1][0]']           
                                                                                                  
 activation_12 (Activation)  (None, 28)                   0         ['dense_8[1][0]']             
                                                                                                  
 dropout_8 (Dropout)         (None, 28)                   0         ['activation_12[1][0]']       
                                                                                                  
 dense_9 (Dense)             (None, 36)                   1044      ['dropout_8[1][0]']           
                                                                                                  
 activation_13 (Activation)  (None, 36)                   0         ['dense_9[1][0]']             
                                                                                                  
 dropout_9 (Dropout)         (None, 36)                   0         ['activation_13[1][0]']       
                                                                                                  
 dense_10 (Dense)            (None, 10)                   370       ['dropout_9[1][0]']           
                                                                                                  
==================================================================================================
Total params: 210950 (824.02 KB)
Trainable params: 210950 (824.02 KB)
Non-trainable params: 0 (0.00 Byte)
__________________________________________________________________________________________________
Epoch 1/100
6250/6250 - 25s - loss: 10.2384 - accuracy: 0.1060 - val_loss: 9.1891 - val_accuracy: 0.1647 - 25s/epoch - 4ms/step
Epoch 2/100
6250/6250 - 21s - loss: 9.2163 - accuracy: 0.1337 - val_loss: 8.6219 - val_accuracy: 0.1841 - 21s/epoch - 3ms/step
Epoch 3/100
6250/6250 - 21s - loss: 8.6037 - accuracy: 0.1571 - val_loss: 8.1687 - val_accuracy: 0.1875 - 21s/epoch - 3ms/step
Epoch 4/100
6250/6250 - 21s - loss: 8.1144 - accuracy: 0.1674 - val_loss: 7.7589 - val_accuracy: 0.1898 - 21s/epoch - 3ms/step
Epoch 5/100
6250/6250 - 21s - loss: 7.6955 - accuracy: 0.1726 - val_loss: 7.4175 - val_accuracy: 0.1904 - 21s/epoch - 3ms/step
Epoch 6/100
6250/6250 - 21s - loss: 7.3239 - accuracy: 0.1723 - val_loss: 7.0397 - val_accuracy: 0.1948 - 21s/epoch - 3ms/step
Epoch 7/100
6250/6250 - 21s - loss: 6.9882 - accuracy: 0.1765 - val_loss: 6.7317 - val_accuracy: 0.1977 - 21s/epoch - 3ms/step
Epoch 8/100
6250/6250 - 21s - loss: 6.6787 - accuracy: 0.1789 - val_loss: 6.4542 - val_accuracy: 0.1969 - 21s/epoch - 3ms/step
Epoch 9/100
6250/6250 - 21s - loss: 6.3907 - accuracy: 0.1825 - val_loss: 6.1671 - val_accuracy: 0.1968 - 21s/epoch - 3ms/step
Epoch 10/100
6250/6250 - 21s - loss: 6.1245 - accuracy: 0.1819 - val_loss: 5.9292 - val_accuracy: 0.2052 - 21s/epoch - 3ms/step
Epoch 11/100
6250/6250 - 21s - loss: 5.8749 - accuracy: 0.1817 - val_loss: 5.7106 - val_accuracy: 0.1961 - 21s/epoch - 3ms/step
Epoch 12/100
6250/6250 - 21s - loss: 5.6498 - accuracy: 0.1866 - val_loss: 5.4815 - val_accuracy: 0.1994 - 21s/epoch - 3ms/step
Epoch 13/100
6250/6250 - 21s - loss: 5.4346 - accuracy: 0.1888 - val_loss: 5.2698 - val_accuracy: 0.1978 - 21s/epoch - 3ms/step
Epoch 14/100
6250/6250 - 21s - loss: 5.2369 - accuracy: 0.1879 - val_loss: 5.0805 - val_accuracy: 0.2039 - 21s/epoch - 3ms/step
Epoch 15/100
6250/6250 - 21s - loss: 5.0504 - accuracy: 0.1900 - val_loss: 4.9047 - val_accuracy: 0.1989 - 21s/epoch - 3ms/step
Epoch 16/100
6250/6250 - 20s - loss: 4.8753 - accuracy: 0.1913 - val_loss: 4.7364 - val_accuracy: 0.2021 - 20s/epoch - 3ms/step
Epoch 17/100
6250/6250 - 20s - loss: 4.7092 - accuracy: 0.1918 - val_loss: 4.5880 - val_accuracy: 0.1991 - 20s/epoch - 3ms/step
Epoch 18/100
6250/6250 - 21s - loss: 4.5554 - accuracy: 0.1927 - val_loss: 4.4377 - val_accuracy: 0.1999 - 21s/epoch - 3ms/step
Epoch 19/100
6250/6250 - 21s - loss: 4.4105 - accuracy: 0.1950 - val_loss: 4.3031 - val_accuracy: 0.2047 - 21s/epoch - 3ms/step
Epoch 20/100
6250/6250 - 22s - loss: 4.2747 - accuracy: 0.1953 - val_loss: 4.1720 - val_accuracy: 0.2083 - 22s/epoch - 3ms/step
Epoch 21/100
6250/6250 - 21s - loss: 4.1500 - accuracy: 0.1965 - val_loss: 4.0473 - val_accuracy: 0.2054 - 21s/epoch - 3ms/step
Epoch 22/100
6250/6250 - 22s - loss: 4.0293 - accuracy: 0.1989 - val_loss: 3.9403 - val_accuracy: 0.2097 - 22s/epoch - 3ms/step
Epoch 23/100
6250/6250 - 21s - loss: 3.9156 - accuracy: 0.1992 - val_loss: 3.8337 - val_accuracy: 0.2057 - 21s/epoch - 3ms/step
Epoch 24/100
6250/6250 - 22s - loss: 3.8104 - accuracy: 0.2022 - val_loss: 3.7261 - val_accuracy: 0.2064 - 22s/epoch - 3ms/step
Epoch 25/100
6250/6250 - 21s - loss: 3.7124 - accuracy: 0.2018 - val_loss: 3.6274 - val_accuracy: 0.2081 - 21s/epoch - 3ms/step
Epoch 26/100
6250/6250 - 22s - loss: 3.6189 - accuracy: 0.2051 - val_loss: 3.5416 - val_accuracy: 0.2111 - 22s/epoch - 3ms/step
Epoch 27/100
6250/6250 - 22s - loss: 3.5287 - accuracy: 0.2028 - val_loss: 3.4556 - val_accuracy: 0.2194 - 22s/epoch - 3ms/step
Epoch 28/100
6250/6250 - 22s - loss: 3.4479 - accuracy: 0.2073 - val_loss: 3.3857 - val_accuracy: 0.2093 - 22s/epoch - 3ms/step
Epoch 29/100
6250/6250 - 21s - loss: 3.3667 - accuracy: 0.2068 - val_loss: 3.3110 - val_accuracy: 0.2105 - 21s/epoch - 3ms/step
Epoch 30/100
6250/6250 - 21s - loss: 3.2962 - accuracy: 0.2076 - val_loss: 3.2293 - val_accuracy: 0.2178 - 21s/epoch - 3ms/step
Epoch 31/100
6250/6250 - 22s - loss: 3.2270 - accuracy: 0.2086 - val_loss: 3.1631 - val_accuracy: 0.2158 - 22s/epoch - 3ms/step
Epoch 32/100
6250/6250 - 22s - loss: 3.1593 - accuracy: 0.2079 - val_loss: 3.1135 - val_accuracy: 0.2157 - 22s/epoch - 3ms/step
Epoch 33/100
6250/6250 - 21s - loss: 3.0988 - accuracy: 0.2095 - val_loss: 3.0474 - val_accuracy: 0.2158 - 21s/epoch - 3ms/step
Epoch 34/100
6250/6250 - 22s - loss: 3.0435 - accuracy: 0.2089 - val_loss: 2.9875 - val_accuracy: 0.2227 - 22s/epoch - 3ms/step
Epoch 35/100
6250/6250 - 21s - loss: 2.9886 - accuracy: 0.2110 - val_loss: 2.9446 - val_accuracy: 0.2192 - 21s/epoch - 3ms/step
Epoch 36/100
6250/6250 - 22s - loss: 2.9369 - accuracy: 0.2127 - val_loss: 2.8877 - val_accuracy: 0.2231 - 22s/epoch - 3ms/step
Epoch 37/100
6250/6250 - 22s - loss: 2.8878 - accuracy: 0.2196 - val_loss: 2.8443 - val_accuracy: 0.2205 - 22s/epoch - 3ms/step
Epoch 38/100
6250/6250 - 22s - loss: 2.8446 - accuracy: 0.2169 - val_loss: 2.7993 - val_accuracy: 0.2188 - 22s/epoch - 3ms/step
Epoch 39/100
6250/6250 - 21s - loss: 2.7996 - accuracy: 0.2161 - val_loss: 2.7588 - val_accuracy: 0.2240 - 21s/epoch - 3ms/step
Epoch 40/100
6250/6250 - 21s - loss: 2.7585 - accuracy: 0.2190 - val_loss: 2.7224 - val_accuracy: 0.2346 - 21s/epoch - 3ms/step
Epoch 41/100
6250/6250 - 21s - loss: 2.7212 - accuracy: 0.2155 - val_loss: 2.6834 - val_accuracy: 0.2326 - 21s/epoch - 3ms/step
Epoch 42/100
6250/6250 - 21s - loss: 2.6841 - accuracy: 0.2191 - val_loss: 2.6554 - val_accuracy: 0.2291 - 21s/epoch - 3ms/step
Epoch 43/100
6250/6250 - 21s - loss: 2.6503 - accuracy: 0.2191 - val_loss: 2.6139 - val_accuracy: 0.2279 - 21s/epoch - 3ms/step
Epoch 44/100
6250/6250 - 21s - loss: 2.6178 - accuracy: 0.2223 - val_loss: 2.5825 - val_accuracy: 0.2282 - 21s/epoch - 3ms/step
Epoch 45/100
6250/6250 - 21s - loss: 2.5894 - accuracy: 0.2226 - val_loss: 2.5519 - val_accuracy: 0.2300 - 21s/epoch - 3ms/step
Epoch 46/100
6250/6250 - 21s - loss: 2.5566 - accuracy: 0.2246 - val_loss: 2.5453 - val_accuracy: 0.2231 - 21s/epoch - 3ms/step
Epoch 47/100
6250/6250 - 21s - loss: 2.5318 - accuracy: 0.2256 - val_loss: 2.5015 - val_accuracy: 0.2271 - 21s/epoch - 3ms/step
Epoch 48/100
6250/6250 - 21s - loss: 2.5046 - accuracy: 0.2249 - val_loss: 2.4765 - val_accuracy: 0.2298 - 21s/epoch - 3ms/step
Epoch 49/100
6250/6250 - 21s - loss: 2.4808 - accuracy: 0.2243 - val_loss: 2.4504 - val_accuracy: 0.2391 - 21s/epoch - 3ms/step
Epoch 50/100
6250/6250 - 21s - loss: 2.4580 - accuracy: 0.2251 - val_loss: 2.4294 - val_accuracy: 0.2328 - 21s/epoch - 3ms/step
Epoch 51/100
6250/6250 - 21s - loss: 2.4341 - accuracy: 0.2260 - val_loss: 2.4077 - val_accuracy: 0.2352 - 21s/epoch - 3ms/step
Epoch 52/100
6250/6250 - 21s - loss: 2.4133 - accuracy: 0.2281 - val_loss: 2.3883 - val_accuracy: 0.2345 - 21s/epoch - 3ms/step
Epoch 53/100
6250/6250 - 21s - loss: 2.3963 - accuracy: 0.2284 - val_loss: 2.3709 - val_accuracy: 0.2368 - 21s/epoch - 3ms/step
Epoch 54/100
6250/6250 - 21s - loss: 2.3750 - accuracy: 0.2297 - val_loss: 2.3520 - val_accuracy: 0.2364 - 21s/epoch - 3ms/step
Epoch 55/100
6250/6250 - 21s - loss: 2.3570 - accuracy: 0.2320 - val_loss: 2.3330 - val_accuracy: 0.2419 - 21s/epoch - 3ms/step
Epoch 56/100
6250/6250 - 21s - loss: 2.3387 - accuracy: 0.2331 - val_loss: 2.3181 - val_accuracy: 0.2394 - 21s/epoch - 3ms/step
Epoch 57/100
6250/6250 - 21s - loss: 2.3239 - accuracy: 0.2310 - val_loss: 2.3084 - val_accuracy: 0.2386 - 21s/epoch - 3ms/step
Epoch 58/100
6250/6250 - 21s - loss: 2.3073 - accuracy: 0.2328 - val_loss: 2.2914 - val_accuracy: 0.2433 - 21s/epoch - 3ms/step
Epoch 59/100
6250/6250 - 21s - loss: 2.2948 - accuracy: 0.2325 - val_loss: 2.2761 - val_accuracy: 0.2439 - 21s/epoch - 3ms/step
Epoch 60/100
6250/6250 - 21s - loss: 2.2806 - accuracy: 0.2343 - val_loss: 2.2738 - val_accuracy: 0.2367 - 21s/epoch - 3ms/step
Epoch 61/100
6250/6250 - 21s - loss: 2.2675 - accuracy: 0.2354 - val_loss: 2.2575 - val_accuracy: 0.2440 - 21s/epoch - 3ms/step
Epoch 62/100
6250/6250 - 21s - loss: 2.2556 - accuracy: 0.2341 - val_loss: 2.2453 - val_accuracy: 0.2480 - 21s/epoch - 3ms/step
Epoch 63/100
6250/6250 - 21s - loss: 2.2431 - accuracy: 0.2374 - val_loss: 2.2382 - val_accuracy: 0.2396 - 21s/epoch - 3ms/step
Epoch 64/100
6250/6250 - 21s - loss: 2.2297 - accuracy: 0.2399 - val_loss: 2.2123 - val_accuracy: 0.2491 - 21s/epoch - 3ms/step
Epoch 65/100
6250/6250 - 21s - loss: 2.2199 - accuracy: 0.2399 - val_loss: 2.2084 - val_accuracy: 0.2404 - 21s/epoch - 3ms/step
Epoch 66/100
6250/6250 - 21s - loss: 2.2106 - accuracy: 0.2387 - val_loss: 2.1994 - val_accuracy: 0.2435 - 21s/epoch - 3ms/step
Epoch 67/100
6250/6250 - 21s - loss: 2.1993 - accuracy: 0.2385 - val_loss: 2.1958 - val_accuracy: 0.2540 - 21s/epoch - 3ms/step
Epoch 68/100
6250/6250 - 21s - loss: 2.1902 - accuracy: 0.2437 - val_loss: 2.1766 - val_accuracy: 0.2515 - 21s/epoch - 3ms/step
Epoch 69/100
6250/6250 - 21s - loss: 2.1810 - accuracy: 0.2441 - val_loss: 2.1690 - val_accuracy: 0.2529 - 21s/epoch - 3ms/step
Epoch 70/100
6250/6250 - 21s - loss: 2.1722 - accuracy: 0.2437 - val_loss: 2.1604 - val_accuracy: 0.2496 - 21s/epoch - 3ms/step
Epoch 71/100
6250/6250 - 21s - loss: 2.1628 - accuracy: 0.2455 - val_loss: 2.1548 - val_accuracy: 0.2536 - 21s/epoch - 3ms/step
Epoch 72/100
6250/6250 - 21s - loss: 2.1573 - accuracy: 0.2451 - val_loss: 2.1458 - val_accuracy: 0.2581 - 21s/epoch - 3ms/step
Epoch 73/100
6250/6250 - 21s - loss: 2.1475 - accuracy: 0.2466 - val_loss: 2.1362 - val_accuracy: 0.2587 - 21s/epoch - 3ms/step
Epoch 74/100
6250/6250 - 21s - loss: 2.1418 - accuracy: 0.2484 - val_loss: 2.1337 - val_accuracy: 0.2571 - 21s/epoch - 3ms/step
Epoch 75/100
6250/6250 - 21s - loss: 2.1346 - accuracy: 0.2463 - val_loss: 2.1224 - val_accuracy: 0.2559 - 21s/epoch - 3ms/step
Epoch 76/100
6250/6250 - 21s - loss: 2.1258 - accuracy: 0.2482 - val_loss: 2.1530 - val_accuracy: 0.2507 - 21s/epoch - 3ms/step
Epoch 77/100
6250/6250 - 21s - loss: 2.1216 - accuracy: 0.2464 - val_loss: 2.1460 - val_accuracy: 0.2462 - 21s/epoch - 3ms/step
Epoch 78/100
6250/6250 - 21s - loss: 2.1136 - accuracy: 0.2512 - val_loss: 2.1124 - val_accuracy: 0.2521 - 21s/epoch - 3ms/step
Epoch 79/100
6250/6250 - 21s - loss: 2.1079 - accuracy: 0.2477 - val_loss: 2.0972 - val_accuracy: 0.2693 - 21s/epoch - 3ms/step
Epoch 80/100
6250/6250 - 21s - loss: 2.1014 - accuracy: 0.2487 - val_loss: 2.0966 - val_accuracy: 0.2590 - 21s/epoch - 3ms/step
Epoch 81/100
6250/6250 - 21s - loss: 2.0952 - accuracy: 0.2530 - val_loss: 2.0901 - val_accuracy: 0.2676 - 21s/epoch - 3ms/step
Epoch 82/100
6250/6250 - 21s - loss: 2.0897 - accuracy: 0.2501 - val_loss: 2.0833 - val_accuracy: 0.2630 - 21s/epoch - 3ms/step
Epoch 83/100
6250/6250 - 21s - loss: 2.0861 - accuracy: 0.2546 - val_loss: 2.0783 - val_accuracy: 0.2600 - 21s/epoch - 3ms/step
Epoch 84/100
6250/6250 - 21s - loss: 2.0789 - accuracy: 0.2570 - val_loss: 2.0890 - val_accuracy: 0.2458 - 21s/epoch - 3ms/step
Epoch 85/100
6250/6250 - 21s - loss: 2.0758 - accuracy: 0.2537 - val_loss: 2.0699 - val_accuracy: 0.2683 - 21s/epoch - 3ms/step
Epoch 86/100
6250/6250 - 21s - loss: 2.0723 - accuracy: 0.2553 - val_loss: 2.0666 - val_accuracy: 0.2716 - 21s/epoch - 3ms/step
Epoch 87/100
6250/6250 - 20s - loss: 2.0643 - accuracy: 0.2571 - val_loss: 2.0621 - val_accuracy: 0.2785 - 20s/epoch - 3ms/step
Epoch 88/100
6250/6250 - 20s - loss: 2.0620 - accuracy: 0.2573 - val_loss: 2.0693 - val_accuracy: 0.2643 - 20s/epoch - 3ms/step
Epoch 89/100
6250/6250 - 20s - loss: 2.0569 - accuracy: 0.2563 - val_loss: 2.0540 - val_accuracy: 0.2762 - 20s/epoch - 3ms/step
Epoch 90/100
6250/6250 - 21s - loss: 2.0568 - accuracy: 0.2567 - val_loss: 2.0616 - val_accuracy: 0.2737 - 21s/epoch - 3ms/step
Epoch 91/100
6250/6250 - 21s - loss: 2.0495 - accuracy: 0.2595 - val_loss: 2.0485 - val_accuracy: 0.2669 - 21s/epoch - 3ms/step
Epoch 92/100
6250/6250 - 21s - loss: 2.0453 - accuracy: 0.2565 - val_loss: 2.0430 - val_accuracy: 0.2657 - 21s/epoch - 3ms/step
Epoch 93/100
6250/6250 - 21s - loss: 2.0405 - accuracy: 0.2576 - val_loss: 2.0417 - val_accuracy: 0.2758 - 21s/epoch - 3ms/step
Epoch 94/100
6250/6250 - 21s - loss: 2.0390 - accuracy: 0.2586 - val_loss: 2.0358 - val_accuracy: 0.2749 - 21s/epoch - 3ms/step
Epoch 95/100
6250/6250 - 21s - loss: 2.0351 - accuracy: 0.2582 - val_loss: 2.0286 - val_accuracy: 0.2835 - 21s/epoch - 3ms/step
Epoch 96/100
6250/6250 - 21s - loss: 2.0315 - accuracy: 0.2639 - val_loss: 2.0289 - val_accuracy: 0.2728 - 21s/epoch - 3ms/step
Epoch 97/100
6250/6250 - 21s - loss: 2.0286 - accuracy: 0.2592 - val_loss: 2.0245 - val_accuracy: 0.2817 - 21s/epoch - 3ms/step
Epoch 98/100
6250/6250 - 21s - loss: 2.0231 - accuracy: 0.2611 - val_loss: 2.0316 - val_accuracy: 0.2771 - 21s/epoch - 3ms/step
Epoch 99/100
6250/6250 - 21s - loss: 2.0216 - accuracy: 0.2623 - val_loss: 2.0287 - val_accuracy: 0.2686 - 21s/epoch - 3ms/step
Epoch 100/100
6250/6250 - 21s - loss: 2.0192 - accuracy: 0.2610 - val_loss: 2.0137 - val_accuracy: 0.2753 - 21s/epoch - 3ms/step
313/313 - 1s - loss: 2.0137 - accuracy: 0.2753 - 1s/epoch - 4ms/step

ACCURACY: 0.275299996137619


SCORE: -0.4733246132963333

[92m | MODULE VALUES ---------------------------------------------  |
 [0m
FLOPS: 9692692
PARAMS: 210950.0
[92m 
 | -----------------------------------------------------------  |
 [0m
[INFO] New Best Score: -0.4733 (Previous: 10000000000.0000)

--- BANANAS ITERATION 27 / 1000 ---
Chosen point: {'num_neurons': 4, 'unit_c1': 4, 'unit_c2': 1, 'dr_f': 0.4678897460457383, 'learning_rate': 0.000489538017998355, 'batch_size': 64, 'optimizer': 'Adamax', 'activation': 'swish', 'data_augmentation': True, 'reg_l2': False, 'skip_connection': True, 'new_fc_1': 25, 'new_fc_2': 17, 'new_fc_3': 7, 'new_fc_4': 31, 'new_fc_5': 26, 'new_fc_6': 3, 'new_fc_7': 17, 'new_fc_8': 22, 'new_fc_9': 25, 'new_fc_10': 23}
[94m
|  --> START TRAINING ITERATION 1[0m
[INFO] Flags -> DA: True, L2: False, Skip: True
Building model with input_shape=(32, 32, 3), pos_input_shape=None, layer_x_block=2
Model: "model"
__________________________________________________________________________________________________
 Layer (type)                Output Shape                 Param #   Connected to                  
==================================================================================================
 input_2 (InputLayer)        [(None, 32, 32, 3)]          0         []                            
                                                                                                  
 conv2d (Conv2D)             (None, 32, 32, 16)           448       ['input_2[0][0]']             
                                                                                                  
 activation (Activation)     (None, 32, 32, 16)           0         ['conv2d[1][0]']              
                                                                                                  
 conv2d_2 (Conv2D)           (None, 32, 32, 16)           64        ['input_2[0][0]']             
                                                                                                  
 conv2d_1 (Conv2D)           (None, 32, 32, 16)           2320      ['activation[1][0]']          
                                                                                                  
 add (Add)                   (None, 32, 32, 16)           0         ['conv2d_2[1][0]',            
                                                                     'conv2d_1[1][0]']            
                                                                                                  
 activation_1 (Activation)   (None, 32, 32, 16)           0         ['add[1][0]']                 
                                                                                                  
 max_pooling2d (MaxPooling2  (None, 16, 16, 16)           0         ['activation_1[1][0]']        
 D)                                                                                               
                                                                                                  
 conv2d_3 (Conv2D)           (None, 16, 16, 4)            580       ['max_pooling2d[1][0]']       
                                                                                                  
 activation_2 (Activation)   (None, 16, 16, 4)            0         ['conv2d_3[1][0]']            
                                                                                                  
 conv2d_5 (Conv2D)           (None, 16, 16, 4)            68        ['max_pooling2d[1][0]']       
                                                                                                  
 conv2d_4 (Conv2D)           (None, 16, 16, 4)            148       ['activation_2[1][0]']        
                                                                                                  
 add_1 (Add)                 (None, 16, 16, 4)            0         ['conv2d_5[1][0]',            
                                                                     'conv2d_4[1][0]']            
                                                                                                  
 activation_3 (Activation)   (None, 16, 16, 4)            0         ['add_1[1][0]']               
                                                                                                  
 max_pooling2d_1 (MaxPoolin  (None, 8, 8, 4)              0         ['activation_3[1][0]']        
 g2D)                                                                                             
                                                                                                  
 flatten (Flatten)           (None, 256)                  0         ['max_pooling2d_1[1][0]']     
                                                                                                  
 dense (Dense)               (None, 100)                  25700     ['flatten[1][0]']             
                                                                                                  
 activation_4 (Activation)   (None, 100)                  0         ['dense[1][0]']               
                                                                                                  
 dropout (Dropout)           (None, 100)                  0         ['activation_4[1][0]']        
                                                                                                  
 dense_1 (Dense)             (None, 68)                   6868      ['dropout[1][0]']             
                                                                                                  
 activation_5 (Activation)   (None, 68)                   0         ['dense_1[1][0]']             
                                                                                                  
 dropout_1 (Dropout)         (None, 68)                   0         ['activation_5[1][0]']        
                                                                                                  
 dense_2 (Dense)             (None, 28)                   1932      ['dropout_1[1][0]']           
                                                                                                  
 activation_6 (Activation)   (None, 28)                   0         ['dense_2[1][0]']             
                                                                                                  
 dropout_2 (Dropout)         (None, 28)                   0         ['activation_6[1][0]']        
                                                                                                  
 dense_3 (Dense)             (None, 124)                  3596      ['dropout_2[1][0]']           
                                                                                                  
 activation_7 (Activation)   (None, 124)                  0         ['dense_3[1][0]']             
                                                                                                  
 dropout_3 (Dropout)         (None, 124)                  0         ['activation_7[1][0]']        
                                                                                                  
 dense_4 (Dense)             (None, 104)                  13000     ['dropout_3[1][0]']           
                                                                                                  
 activation_8 (Activation)   (None, 104)                  0         ['dense_4[1][0]']             
                                                                                                  
 dropout_4 (Dropout)         (None, 104)                  0         ['activation_8[1][0]']        
                                                                                                  
 dense_5 (Dense)             (None, 12)                   1260      ['dropout_4[1][0]']           
                                                                                                  
 activation_9 (Activation)   (None, 12)                   0         ['dense_5[1][0]']             
                                                                                                  
 dropout_5 (Dropout)         (None, 12)                   0         ['activation_9[1][0]']        
                                                                                                  
 dense_6 (Dense)             (None, 68)                   884       ['dropout_5[1][0]']           
                                                                                                  
 activation_10 (Activation)  (None, 68)                   0         ['dense_6[1][0]']             
                                                                                                  
 dropout_6 (Dropout)         (None, 68)                   0         ['activation_10[1][0]']       
                                                                                                  
 dense_7 (Dense)             (None, 88)                   6072      ['dropout_6[1][0]']           
                                                                                                  
 activation_11 (Activation)  (None, 88)                   0         ['dense_7[1][0]']             
                                                                                                  
 dropout_7 (Dropout)         (None, 88)                   0         ['activation_11[1][0]']       
                                                                                                  
 dense_8 (Dense)             (None, 100)                  8900      ['dropout_7[1][0]']           
                                                                                                  
 activation_12 (Activation)  (None, 100)                  0         ['dense_8[1][0]']             
                                                                                                  
 dropout_8 (Dropout)         (None, 100)                  0         ['activation_12[1][0]']       
                                                                                                  
 dense_9 (Dense)             (None, 92)                   9292      ['dropout_8[1][0]']           
                                                                                                  
 activation_13 (Activation)  (None, 92)                   0         ['dense_9[1][0]']             
                                                                                                  
 dropout_9 (Dropout)         (None, 92)                   0         ['activation_13[1][0]']       
                                                                                                  
 dense_10 (Dense)            (None, 10)                   930       ['dropout_9[1][0]']           
                                                                                                  
==================================================================================================
Total params: 82062 (320.55 KB)
Trainable params: 82062 (320.55 KB)
Non-trainable params: 0 (0.00 Byte)
__________________________________________________________________________________________________
Epoch 1/100
782/782 - 8s - loss: 2.3025 - accuracy: 0.0994 - val_loss: 2.3016 - val_accuracy: 0.1260 - 8s/epoch - 11ms/step
Epoch 2/100
782/782 - 4s - loss: 2.2828 - accuracy: 0.1256 - val_loss: 2.1544 - val_accuracy: 0.1813 - 4s/epoch - 5ms/step
Epoch 3/100
782/782 - 4s - loss: 2.1500 - accuracy: 0.1759 - val_loss: 2.0532 - val_accuracy: 0.1930 - 4s/epoch - 5ms/step
Epoch 4/100
782/782 - 4s - loss: 2.0865 - accuracy: 0.1818 - val_loss: 1.9771 - val_accuracy: 0.2005 - 4s/epoch - 5ms/step
Epoch 5/100
782/782 - 4s - loss: 2.0195 - accuracy: 0.1843 - val_loss: 1.9297 - val_accuracy: 0.2047 - 4s/epoch - 5ms/step
Epoch 6/100
782/782 - 4s - loss: 1.9814 - accuracy: 0.1868 - val_loss: 1.8980 - val_accuracy: 0.2057 - 4s/epoch - 5ms/step
Epoch 7/100
782/782 - 4s - loss: 1.9621 - accuracy: 0.1875 - val_loss: 1.8852 - val_accuracy: 0.2066 - 4s/epoch - 5ms/step
Epoch 8/100
782/782 - 4s - loss: 1.9447 - accuracy: 0.1918 - val_loss: 1.8778 - val_accuracy: 0.2051 - 4s/epoch - 5ms/step
Epoch 9/100
782/782 - 4s - loss: 1.9285 - accuracy: 0.1937 - val_loss: 1.8702 - val_accuracy: 0.2057 - 4s/epoch - 5ms/step
Epoch 10/100
782/782 - 4s - loss: 1.9164 - accuracy: 0.1930 - val_loss: 1.8578 - val_accuracy: 0.2116 - 4s/epoch - 5ms/step
Epoch 11/100
782/782 - 4s - loss: 1.9128 - accuracy: 0.1960 - val_loss: 1.8509 - val_accuracy: 0.2097 - 4s/epoch - 5ms/step
Epoch 12/100
782/782 - 4s - loss: 1.9045 - accuracy: 0.1991 - val_loss: 1.8709 - val_accuracy: 0.2144 - 4s/epoch - 5ms/step
Epoch 13/100
782/782 - 4s - loss: 1.9017 - accuracy: 0.1998 - val_loss: 1.8484 - val_accuracy: 0.2213 - 4s/epoch - 5ms/step
Epoch 14/100
782/782 - 4s - loss: 1.8927 - accuracy: 0.2048 - val_loss: 1.8402 - val_accuracy: 0.2194 - 4s/epoch - 5ms/step
Epoch 15/100
782/782 - 4s - loss: 1.8911 - accuracy: 0.2039 - val_loss: 1.8511 - val_accuracy: 0.2176 - 4s/epoch - 5ms/step
Epoch 16/100
782/782 - 4s - loss: 1.8842 - accuracy: 0.2061 - val_loss: 1.8343 - val_accuracy: 0.2295 - 4s/epoch - 5ms/step
Epoch 17/100
782/782 - 4s - loss: 1.8820 - accuracy: 0.2060 - val_loss: 1.8328 - val_accuracy: 0.2254 - 4s/epoch - 5ms/step
Epoch 18/100
782/782 - 4s - loss: 1.8773 - accuracy: 0.2128 - val_loss: 1.8337 - val_accuracy: 0.2310 - 4s/epoch - 5ms/step
Epoch 19/100
782/782 - 4s - loss: 1.8751 - accuracy: 0.2094 - val_loss: 1.8310 - val_accuracy: 0.2258 - 4s/epoch - 5ms/step
Epoch 20/100
782/782 - 4s - loss: 1.8675 - accuracy: 0.2138 - val_loss: 1.8348 - val_accuracy: 0.2375 - 4s/epoch - 5ms/step
Epoch 21/100
782/782 - 4s - loss: 1.8672 - accuracy: 0.2138 - val_loss: 1.8208 - val_accuracy: 0.2384 - 4s/epoch - 5ms/step
Epoch 22/100
782/782 - 4s - loss: 1.8615 - accuracy: 0.2158 - val_loss: 1.8196 - val_accuracy: 0.2402 - 4s/epoch - 5ms/step
Epoch 23/100
782/782 - 4s - loss: 1.8584 - accuracy: 0.2177 - val_loss: 1.8141 - val_accuracy: 0.2436 - 4s/epoch - 5ms/step
Epoch 24/100
782/782 - 4s - loss: 1.8540 - accuracy: 0.2197 - val_loss: 1.8414 - val_accuracy: 0.2273 - 4s/epoch - 5ms/step
Epoch 25/100
782/782 - 4s - loss: 1.8503 - accuracy: 0.2229 - val_loss: 1.8074 - val_accuracy: 0.2507 - 4s/epoch - 5ms/step
Epoch 26/100
782/782 - 4s - loss: 1.8467 - accuracy: 0.2229 - val_loss: 1.8011 - val_accuracy: 0.2538 - 4s/epoch - 5ms/step
Epoch 27/100
782/782 - 4s - loss: 1.8437 - accuracy: 0.2264 - val_loss: 1.7988 - val_accuracy: 0.2520 - 4s/epoch - 5ms/step
Epoch 28/100
782/782 - 4s - loss: 1.8399 - accuracy: 0.2271 - val_loss: 1.8012 - val_accuracy: 0.2573 - 4s/epoch - 5ms/step
Epoch 29/100
782/782 - 4s - loss: 1.8371 - accuracy: 0.2358 - val_loss: 1.7897 - val_accuracy: 0.2541 - 4s/epoch - 5ms/step
Epoch 30/100
782/782 - 4s - loss: 1.8325 - accuracy: 0.2338 - val_loss: 1.7834 - val_accuracy: 0.2682 - 4s/epoch - 5ms/step
Epoch 31/100
782/782 - 4s - loss: 1.8258 - accuracy: 0.2343 - val_loss: 1.7977 - val_accuracy: 0.2574 - 4s/epoch - 5ms/step
Epoch 32/100
782/782 - 4s - loss: 1.8248 - accuracy: 0.2376 - val_loss: 1.7697 - val_accuracy: 0.2762 - 4s/epoch - 5ms/step
Epoch 33/100
782/782 - 4s - loss: 1.8216 - accuracy: 0.2417 - val_loss: 1.7661 - val_accuracy: 0.2692 - 4s/epoch - 5ms/step
Epoch 34/100
782/782 - 4s - loss: 1.8181 - accuracy: 0.2447 - val_loss: 1.7654 - val_accuracy: 0.2722 - 4s/epoch - 5ms/step
Epoch 35/100
782/782 - 4s - loss: 1.8118 - accuracy: 0.2485 - val_loss: 1.7616 - val_accuracy: 0.2786 - 4s/epoch - 5ms/step
Epoch 36/100
782/782 - 4s - loss: 1.8077 - accuracy: 0.2544 - val_loss: 1.7443 - val_accuracy: 0.2912 - 4s/epoch - 5ms/step
Epoch 37/100
782/782 - 4s - loss: 1.8049 - accuracy: 0.2557 - val_loss: 1.7405 - val_accuracy: 0.2889 - 4s/epoch - 5ms/step
Epoch 38/100
782/782 - 4s - loss: 1.7954 - accuracy: 0.2589 - val_loss: 1.7334 - val_accuracy: 0.2903 - 4s/epoch - 5ms/step
Epoch 39/100
782/782 - 4s - loss: 1.7908 - accuracy: 0.2640 - val_loss: 1.7235 - val_accuracy: 0.2954 - 4s/epoch - 5ms/step
Epoch 40/100
782/782 - 4s - loss: 1.7841 - accuracy: 0.2626 - val_loss: 1.7145 - val_accuracy: 0.2892 - 4s/epoch - 5ms/step
Epoch 41/100
782/782 - 4s - loss: 1.7798 - accuracy: 0.2663 - val_loss: 1.7019 - val_accuracy: 0.2965 - 4s/epoch - 5ms/step
Epoch 42/100
782/782 - 4s - loss: 1.7712 - accuracy: 0.2701 - val_loss: 1.6928 - val_accuracy: 0.3049 - 4s/epoch - 5ms/step
Epoch 43/100
782/782 - 4s - loss: 1.7574 - accuracy: 0.2748 - val_loss: 1.6704 - val_accuracy: 0.3066 - 4s/epoch - 5ms/step
Epoch 44/100
782/782 - 4s - loss: 1.7497 - accuracy: 0.2783 - val_loss: 1.6846 - val_accuracy: 0.2988 - 4s/epoch - 5ms/step
Epoch 45/100
782/782 - 4s - loss: 1.7495 - accuracy: 0.2767 - val_loss: 1.6773 - val_accuracy: 0.3110 - 4s/epoch - 5ms/step
Epoch 46/100
782/782 - 4s - loss: 1.7438 - accuracy: 0.2778 - val_loss: 1.6538 - val_accuracy: 0.3142 - 4s/epoch - 5ms/step
Epoch 47/100
782/782 - 4s - loss: 1.7388 - accuracy: 0.2793 - val_loss: 1.6496 - val_accuracy: 0.3139 - 4s/epoch - 5ms/step
Epoch 48/100
782/782 - 4s - loss: 1.7377 - accuracy: 0.2824 - val_loss: 1.6617 - val_accuracy: 0.3020 - 4s/epoch - 5ms/step
Epoch 49/100
782/782 - 4s - loss: 1.7303 - accuracy: 0.2840 - val_loss: 1.6423 - val_accuracy: 0.3154 - 4s/epoch - 5ms/step
Epoch 50/100
782/782 - 4s - loss: 1.7280 - accuracy: 0.2848 - val_loss: 1.6683 - val_accuracy: 0.2978 - 4s/epoch - 5ms/step
Epoch 51/100
782/782 - 4s - loss: 1.7252 - accuracy: 0.2835 - val_loss: 1.6430 - val_accuracy: 0.3128 - 4s/epoch - 5ms/step
Epoch 52/100
782/782 - 4s - loss: 1.7214 - accuracy: 0.2853 - val_loss: 1.6366 - val_accuracy: 0.3180 - 4s/epoch - 5ms/step
Epoch 53/100
782/782 - 4s - loss: 1.7197 - accuracy: 0.2862 - val_loss: 1.6347 - val_accuracy: 0.3138 - 4s/epoch - 5ms/step
Epoch 54/100
782/782 - 4s - loss: 1.7153 - accuracy: 0.2855 - val_loss: 1.6445 - val_accuracy: 0.3123 - 4s/epoch - 5ms/step
Epoch 55/100
782/782 - 4s - loss: 1.7136 - accuracy: 0.2887 - val_loss: 1.6317 - val_accuracy: 0.3144 - 4s/epoch - 5ms/step
Epoch 56/100
782/782 - 4s - loss: 1.7116 - accuracy: 0.2904 - val_loss: 1.6259 - val_accuracy: 0.3283 - 4s/epoch - 5ms/step
Epoch 57/100
782/782 - 4s - loss: 1.7030 - accuracy: 0.2941 - val_loss: 1.6256 - val_accuracy: 0.3176 - 4s/epoch - 5ms/step
Epoch 58/100
782/782 - 4s - loss: 1.7041 - accuracy: 0.2899 - val_loss: 1.6271 - val_accuracy: 0.3209 - 4s/epoch - 5ms/step
Epoch 59/100
782/782 - 4s - loss: 1.7010 - accuracy: 0.2953 - val_loss: 1.6285 - val_accuracy: 0.3163 - 4s/epoch - 5ms/step
Epoch 60/100
782/782 - 4s - loss: 1.6964 - accuracy: 0.2955 - val_loss: 1.6151 - val_accuracy: 0.3289 - 4s/epoch - 5ms/step
Epoch 61/100
782/782 - 4s - loss: 1.6973 - accuracy: 0.2947 - val_loss: 1.6275 - val_accuracy: 0.3168 - 4s/epoch - 5ms/step
Epoch 62/100
782/782 - 4s - loss: 1.6973 - accuracy: 0.2918 - val_loss: 1.6123 - val_accuracy: 0.3279 - 4s/epoch - 5ms/step
Epoch 63/100
782/782 - 4s - loss: 1.6920 - accuracy: 0.2986 - val_loss: 1.6147 - val_accuracy: 0.3248 - 4s/epoch - 5ms/step
Epoch 64/100
782/782 - 4s - loss: 1.6926 - accuracy: 0.2956 - val_loss: 1.6126 - val_accuracy: 0.3328 - 4s/epoch - 5ms/step
Epoch 65/100
782/782 - 4s - loss: 1.6902 - accuracy: 0.2992 - val_loss: 1.6137 - val_accuracy: 0.3282 - 4s/epoch - 5ms/step
Epoch 66/100
782/782 - 4s - loss: 1.6822 - accuracy: 0.2993 - val_loss: 1.6076 - val_accuracy: 0.3333 - 4s/epoch - 5ms/step
Epoch 67/100
782/782 - 4s - loss: 1.6806 - accuracy: 0.2982 - val_loss: 1.6214 - val_accuracy: 0.3179 - 4s/epoch - 5ms/step
Epoch 68/100
782/782 - 4s - loss: 1.6815 - accuracy: 0.2985 - val_loss: 1.5986 - val_accuracy: 0.3292 - 4s/epoch - 5ms/step
Epoch 69/100
782/782 - 4s - loss: 1.6792 - accuracy: 0.3021 - val_loss: 1.6134 - val_accuracy: 0.3226 - 4s/epoch - 5ms/step
Epoch 70/100
782/782 - 4s - loss: 1.6785 - accuracy: 0.3018 - val_loss: 1.5935 - val_accuracy: 0.3344 - 4s/epoch - 5ms/step
Epoch 71/100
782/782 - 4s - loss: 1.6749 - accuracy: 0.3069 - val_loss: 1.5980 - val_accuracy: 0.3312 - 4s/epoch - 5ms/step
Epoch 72/100
782/782 - 4s - loss: 1.6771 - accuracy: 0.3020 - val_loss: 1.5879 - val_accuracy: 0.3322 - 4s/epoch - 5ms/step
Epoch 73/100
782/782 - 4s - loss: 1.6710 - accuracy: 0.3063 - val_loss: 1.5896 - val_accuracy: 0.3333 - 4s/epoch - 5ms/step
Epoch 74/100
782/782 - 4s - loss: 1.6681 - accuracy: 0.3092 - val_loss: 1.5857 - val_accuracy: 0.3394 - 4s/epoch - 5ms/step
Epoch 75/100
782/782 - 4s - loss: 1.6725 - accuracy: 0.3080 - val_loss: 1.5885 - val_accuracy: 0.3304 - 4s/epoch - 5ms/step
Epoch 76/100
782/782 - 4s - loss: 1.6645 - accuracy: 0.3112 - val_loss: 1.5841 - val_accuracy: 0.3295 - 4s/epoch - 5ms/step
Epoch 77/100
782/782 - 4s - loss: 1.6613 - accuracy: 0.3119 - val_loss: 1.5882 - val_accuracy: 0.3350 - 4s/epoch - 5ms/step
Epoch 78/100
782/782 - 4s - loss: 1.6611 - accuracy: 0.3125 - val_loss: 1.5942 - val_accuracy: 0.3348 - 4s/epoch - 5ms/step
Epoch 79/100
782/782 - 4s - loss: 1.6573 - accuracy: 0.3124 - val_loss: 1.5790 - val_accuracy: 0.3417 - 4s/epoch - 5ms/step
Epoch 80/100
782/782 - 4s - loss: 1.6534 - accuracy: 0.3155 - val_loss: 1.5789 - val_accuracy: 0.3373 - 4s/epoch - 5ms/step
Epoch 81/100
782/782 - 4s - loss: 1.6561 - accuracy: 0.3129 - val_loss: 1.5763 - val_accuracy: 0.3374 - 4s/epoch - 5ms/step
Epoch 82/100
782/782 - 4s - loss: 1.6513 - accuracy: 0.3155 - val_loss: 1.5737 - val_accuracy: 0.3405 - 4s/epoch - 5ms/step
Epoch 83/100
782/782 - 4s - loss: 1.6517 - accuracy: 0.3174 - val_loss: 1.5859 - val_accuracy: 0.3328 - 4s/epoch - 5ms/step
Epoch 84/100
782/782 - 4s - loss: 1.6451 - accuracy: 0.3186 - val_loss: 1.5836 - val_accuracy: 0.3378 - 4s/epoch - 5ms/step
Epoch 85/100
782/782 - 4s - loss: 1.6467 - accuracy: 0.3165 - val_loss: 1.5683 - val_accuracy: 0.3408 - 4s/epoch - 5ms/step
Epoch 86/100
782/782 - 4s - loss: 1.6445 - accuracy: 0.3177 - val_loss: 1.5631 - val_accuracy: 0.3473 - 4s/epoch - 5ms/step
Epoch 87/100
782/782 - 4s - loss: 1.6450 - accuracy: 0.3212 - val_loss: 1.5629 - val_accuracy: 0.3464 - 4s/epoch - 5ms/step
Epoch 88/100
782/782 - 4s - loss: 1.6412 - accuracy: 0.3229 - val_loss: 1.5617 - val_accuracy: 0.3493 - 4s/epoch - 5ms/step
Epoch 89/100
782/782 - 4s - loss: 1.6408 - accuracy: 0.3224 - val_loss: 1.5669 - val_accuracy: 0.3391 - 4s/epoch - 5ms/step
Epoch 90/100
782/782 - 4s - loss: 1.6362 - accuracy: 0.3211 - val_loss: 1.5661 - val_accuracy: 0.3436 - 4s/epoch - 5ms/step
Epoch 91/100
782/782 - 4s - loss: 1.6377 - accuracy: 0.3233 - val_loss: 1.5751 - val_accuracy: 0.3404 - 4s/epoch - 5ms/step
Epoch 92/100
782/782 - 4s - loss: 1.6340 - accuracy: 0.3218 - val_loss: 1.5620 - val_accuracy: 0.3412 - 4s/epoch - 5ms/step
Epoch 93/100
782/782 - 4s - loss: 1.6332 - accuracy: 0.3193 - val_loss: 1.5660 - val_accuracy: 0.3455 - 4s/epoch - 5ms/step
Epoch 94/100
782/782 - 4s - loss: 1.6297 - accuracy: 0.3219 - val_loss: 1.5574 - val_accuracy: 0.3468 - 4s/epoch - 5ms/step
Epoch 95/100
782/782 - 4s - loss: 1.6293 - accuracy: 0.3243 - val_loss: 1.5560 - val_accuracy: 0.3446 - 4s/epoch - 5ms/step
Epoch 96/100
782/782 - 4s - loss: 1.6263 - accuracy: 0.3251 - val_loss: 1.5541 - val_accuracy: 0.3504 - 4s/epoch - 5ms/step
Epoch 97/100
782/782 - 4s - loss: 1.6284 - accuracy: 0.3266 - val_loss: 1.5575 - val_accuracy: 0.3488 - 4s/epoch - 5ms/step
Epoch 98/100
782/782 - 4s - loss: 1.6290 - accuracy: 0.3225 - val_loss: 1.5558 - val_accuracy: 0.3516 - 4s/epoch - 5ms/step
Epoch 99/100
782/782 - 4s - loss: 1.6227 - accuracy: 0.3256 - val_loss: 1.5567 - val_accuracy: 0.3537 - 4s/epoch - 5ms/step
Epoch 100/100
782/782 - 4s - loss: 1.6215 - accuracy: 0.3264 - val_loss: 1.5565 - val_accuracy: 0.3513 - 4s/epoch - 5ms/step
313/313 - 1s - loss: 1.5565 - accuracy: 0.3513 - 640ms/epoch - 2ms/step

ACCURACY: 0.3513000011444092


SCORE: -0.5330751928010864

[92m | MODULE VALUES ---------------------------------------------  |
 [0m
FLOPS: 6417404
PARAMS: 82062.0
[92m 
 | -----------------------------------------------------------  |
 [0m
[INFO] New Best Score: -0.5331 (Previous: -0.4733)

--- BANANAS ITERATION 28 / 1000 ---
Chosen point: {'num_neurons': 4, 'unit_c1': 3, 'unit_c2': 1, 'dr_f': 0.14769902399855472, 'learning_rate': 0.0003845530371605696, 'batch_size': 16, 'optimizer': 'Adagrad', 'activation': 'selu', 'data_augmentation': True, 'reg_l2': False, 'skip_connection': False, 'new_fc_1': 3, 'new_fc_2': 0, 'new_fc_3': 20, 'new_fc_4': 8, 'new_fc_5': 17, 'new_fc_6': 21, 'new_fc_7': 19, 'new_fc_8': 31, 'new_fc_9': 11, 'new_fc_10': 3}
[94m
|  --> START TRAINING ITERATION 2[0m
[INFO] Flags -> DA: True, L2: False, Skip: False
Building model with input_shape=(32, 32, 3), pos_input_shape=None, layer_x_block=2
Model: "model"
_________________________________________________________________
 Layer (type)                Output Shape              Param #   
=================================================================
 input_2 (InputLayer)        [(None, 32, 32, 3)]       0         
                                                                 
 conv2d (Conv2D)             (None, 32, 32, 12)        336       
                                                                 
 activation (Activation)     (None, 32, 32, 12)        0         
                                                                 
 conv2d_1 (Conv2D)           (None, 32, 32, 12)        1308      
                                                                 
 activation_1 (Activation)   (None, 32, 32, 12)        0         
                                                                 
 max_pooling2d (MaxPooling2  (None, 16, 16, 12)        0         
 D)                                                              
                                                                 
 conv2d_2 (Conv2D)           (None, 16, 16, 4)         436       
                                                                 
 activation_2 (Activation)   (None, 16, 16, 4)         0         
                                                                 
 conv2d_3 (Conv2D)           (None, 16, 16, 4)         148       
                                                                 
 activation_3 (Activation)   (None, 16, 16, 4)         0         
                                                                 
 max_pooling2d_1 (MaxPoolin  (None, 8, 8, 4)           0         
 g2D)                                                            
                                                                 
 flatten (Flatten)           (None, 256)               0         
                                                                 
 dense (Dense)               (None, 12)                3084      
                                                                 
 activation_4 (Activation)   (None, 12)                0         
                                                                 
 dropout (Dropout)           (None, 12)                0         
                                                                 
 dense_1 (Dense)             (None, 80)                1040      
                                                                 
 activation_5 (Activation)   (None, 80)                0         
                                                                 
 dropout_1 (Dropout)         (None, 80)                0         
                                                                 
 dense_2 (Dense)             (None, 32)                2592      
                                                                 
 activation_6 (Activation)   (None, 32)                0         
                                                                 
 dropout_2 (Dropout)         (None, 32)                0         
                                                                 
 dense_3 (Dense)             (None, 68)                2244      
                                                                 
 activation_7 (Activation)   (None, 68)                0         
                                                                 
 dropout_3 (Dropout)         (None, 68)                0         
                                                                 
 dense_4 (Dense)             (None, 84)                5796      
                                                                 
 activation_8 (Activation)   (None, 84)                0         
                                                                 
 dropout_4 (Dropout)         (None, 84)                0         
                                                                 
 dense_5 (Dense)             (None, 76)                6460      
                                                                 
 activation_9 (Activation)   (None, 76)                0         
                                                                 
 dropout_5 (Dropout)         (None, 76)                0         
                                                                 
 dense_6 (Dense)             (None, 124)               9548      
                                                                 
 activation_10 (Activation)  (None, 124)               0         
                                                                 
 dropout_6 (Dropout)         (None, 124)               0         
                                                                 
 dense_7 (Dense)             (None, 44)                5500      
                                                                 
 activation_11 (Activation)  (None, 44)                0         
                                                                 
 dropout_7 (Dropout)         (None, 44)                0         
                                                                 
 dense_8 (Dense)             (None, 12)                540       
                                                                 
 activation_12 (Activation)  (None, 12)                0         
                                                                 
 dropout_8 (Dropout)         (None, 12)                0         
                                                                 
 dense_9 (Dense)             (None, 10)                130       
                                                                 
=================================================================
Total params: 39162 (152.98 KB)
Trainable params: 39162 (152.98 KB)
Non-trainable params: 0 (0.00 Byte)
_________________________________________________________________
Epoch 1/100
3125/3125 - 10s - loss: 2.5578 - accuracy: 0.1175 - val_loss: 2.2113 - val_accuracy: 0.1729 - 10s/epoch - 3ms/step
Epoch 2/100
3125/3125 - 9s - loss: 2.4174 - accuracy: 0.1348 - val_loss: 2.1524 - val_accuracy: 0.2037 - 9s/epoch - 3ms/step
Epoch 3/100
3125/3125 - 9s - loss: 2.3543 - accuracy: 0.1527 - val_loss: 2.1025 - val_accuracy: 0.2335 - 9s/epoch - 3ms/step
Epoch 4/100
3125/3125 - 9s - loss: 2.3110 - accuracy: 0.1665 - val_loss: 2.0611 - val_accuracy: 0.2472 - 9s/epoch - 3ms/step
Epoch 5/100
3125/3125 - 9s - loss: 2.2697 - accuracy: 0.1764 - val_loss: 2.0373 - val_accuracy: 0.2549 - 9s/epoch - 3ms/step
Epoch 6/100
3125/3125 - 9s - loss: 2.2517 - accuracy: 0.1792 - val_loss: 2.0131 - val_accuracy: 0.2611 - 9s/epoch - 3ms/step
Epoch 7/100
3125/3125 - 9s - loss: 2.2239 - accuracy: 0.1922 - val_loss: 1.9947 - val_accuracy: 0.2666 - 9s/epoch - 3ms/step
Epoch 8/100
3125/3125 - 9s - loss: 2.2116 - accuracy: 0.1947 - val_loss: 1.9824 - val_accuracy: 0.2707 - 9s/epoch - 3ms/step
Epoch 9/100
3125/3125 - 9s - loss: 2.2012 - accuracy: 0.1970 - val_loss: 1.9711 - val_accuracy: 0.2724 - 9s/epoch - 3ms/step
Epoch 10/100
3125/3125 - 9s - loss: 2.1879 - accuracy: 0.1986 - val_loss: 1.9617 - val_accuracy: 0.2785 - 9s/epoch - 3ms/step
Epoch 11/100
3125/3125 - 9s - loss: 2.1785 - accuracy: 0.2045 - val_loss: 1.9563 - val_accuracy: 0.2770 - 9s/epoch - 3ms/step
Epoch 12/100
3125/3125 - 9s - loss: 2.1625 - accuracy: 0.2077 - val_loss: 1.9445 - val_accuracy: 0.2810 - 9s/epoch - 3ms/step
Epoch 13/100
3125/3125 - 9s - loss: 2.1582 - accuracy: 0.2089 - val_loss: 1.9403 - val_accuracy: 0.2806 - 9s/epoch - 3ms/step
Epoch 14/100
3125/3125 - 9s - loss: 2.1520 - accuracy: 0.2115 - val_loss: 1.9315 - val_accuracy: 0.2866 - 9s/epoch - 3ms/step
Epoch 15/100
3125/3125 - 9s - loss: 2.1411 - accuracy: 0.2134 - val_loss: 1.9258 - val_accuracy: 0.2881 - 9s/epoch - 3ms/step
Epoch 16/100
3125/3125 - 9s - loss: 2.1368 - accuracy: 0.2157 - val_loss: 1.9218 - val_accuracy: 0.2907 - 9s/epoch - 3ms/step
Epoch 17/100
3125/3125 - 9s - loss: 2.1308 - accuracy: 0.2151 - val_loss: 1.9146 - val_accuracy: 0.2915 - 9s/epoch - 3ms/step
Epoch 18/100
3125/3125 - 9s - loss: 2.1237 - accuracy: 0.2197 - val_loss: 1.9099 - val_accuracy: 0.2939 - 9s/epoch - 3ms/step
Epoch 19/100
3125/3125 - 9s - loss: 2.1232 - accuracy: 0.2173 - val_loss: 1.9068 - val_accuracy: 0.2946 - 9s/epoch - 3ms/step
Epoch 20/100
3125/3125 - 9s - loss: 2.1137 - accuracy: 0.2211 - val_loss: 1.9036 - val_accuracy: 0.2965 - 9s/epoch - 3ms/step
Epoch 21/100
3125/3125 - 9s - loss: 2.1074 - accuracy: 0.2224 - val_loss: 1.8973 - val_accuracy: 0.2980 - 9s/epoch - 3ms/step
Epoch 22/100
3125/3125 - 9s - loss: 2.0977 - accuracy: 0.2264 - val_loss: 1.8961 - val_accuracy: 0.3000 - 9s/epoch - 3ms/step
Epoch 23/100
3125/3125 - 9s - loss: 2.0957 - accuracy: 0.2261 - val_loss: 1.8895 - val_accuracy: 0.3012 - 9s/epoch - 3ms/step
Epoch 24/100
3125/3125 - 9s - loss: 2.0997 - accuracy: 0.2242 - val_loss: 1.8863 - val_accuracy: 0.3026 - 9s/epoch - 3ms/step
Epoch 25/100
3125/3125 - 9s - loss: 2.0911 - accuracy: 0.2251 - val_loss: 1.8826 - val_accuracy: 0.3041 - 9s/epoch - 3ms/step
Epoch 26/100
3125/3125 - 9s - loss: 2.0859 - accuracy: 0.2292 - val_loss: 1.8809 - val_accuracy: 0.3020 - 9s/epoch - 3ms/step
Epoch 27/100
3125/3125 - 9s - loss: 2.0838 - accuracy: 0.2283 - val_loss: 1.8759 - val_accuracy: 0.3045 - 9s/epoch - 3ms/step
Epoch 28/100
3125/3125 - 9s - loss: 2.0786 - accuracy: 0.2320 - val_loss: 1.8748 - val_accuracy: 0.3080 - 9s/epoch - 3ms/step
Epoch 29/100
3125/3125 - 9s - loss: 2.0815 - accuracy: 0.2283 - val_loss: 1.8720 - val_accuracy: 0.3068 - 9s/epoch - 3ms/step
Epoch 30/100
3125/3125 - 9s - loss: 2.0705 - accuracy: 0.2333 - val_loss: 1.8670 - val_accuracy: 0.3082 - 9s/epoch - 3ms/step
Epoch 31/100
3125/3125 - 9s - loss: 2.0666 - accuracy: 0.2314 - val_loss: 1.8652 - val_accuracy: 0.3104 - 9s/epoch - 3ms/step
Epoch 32/100
3125/3125 - 9s - loss: 2.0652 - accuracy: 0.2340 - val_loss: 1.8616 - val_accuracy: 0.3113 - 9s/epoch - 3ms/step
Epoch 33/100
3125/3125 - 9s - loss: 2.0663 - accuracy: 0.2309 - val_loss: 1.8596 - val_accuracy: 0.3107 - 9s/epoch - 3ms/step
Epoch 34/100
3125/3125 - 9s - loss: 2.0661 - accuracy: 0.2326 - val_loss: 1.8573 - val_accuracy: 0.3121 - 9s/epoch - 3ms/step
Epoch 35/100
3125/3125 - 9s - loss: 2.0585 - accuracy: 0.2366 - val_loss: 1.8544 - val_accuracy: 0.3131 - 9s/epoch - 3ms/step
Epoch 36/100
3125/3125 - 9s - loss: 2.0574 - accuracy: 0.2348 - val_loss: 1.8522 - val_accuracy: 0.3135 - 9s/epoch - 3ms/step
Epoch 37/100
3125/3125 - 9s - loss: 2.0487 - accuracy: 0.2408 - val_loss: 1.8500 - val_accuracy: 0.3153 - 9s/epoch - 3ms/step
Epoch 38/100
3125/3125 - 9s - loss: 2.0569 - accuracy: 0.2342 - val_loss: 1.8475 - val_accuracy: 0.3165 - 9s/epoch - 3ms/step
Epoch 39/100
3125/3125 - 9s - loss: 2.0470 - accuracy: 0.2412 - val_loss: 1.8457 - val_accuracy: 0.3181 - 9s/epoch - 3ms/step
Epoch 40/100
3125/3125 - 9s - loss: 2.0428 - accuracy: 0.2403 - val_loss: 1.8431 - val_accuracy: 0.3179 - 9s/epoch - 3ms/step
Epoch 41/100
3125/3125 - 9s - loss: 2.0402 - accuracy: 0.2422 - val_loss: 1.8407 - val_accuracy: 0.3183 - 9s/epoch - 3ms/step
Epoch 42/100
3125/3125 - 9s - loss: 2.0445 - accuracy: 0.2406 - val_loss: 1.8397 - val_accuracy: 0.3193 - 9s/epoch - 3ms/step
Epoch 43/100
3125/3125 - 9s - loss: 2.0396 - accuracy: 0.2412 - val_loss: 1.8381 - val_accuracy: 0.3207 - 9s/epoch - 3ms/step
Epoch 44/100
3125/3125 - 9s - loss: 2.0378 - accuracy: 0.2408 - val_loss: 1.8351 - val_accuracy: 0.3219 - 9s/epoch - 3ms/step
Epoch 45/100
3125/3125 - 9s - loss: 2.0344 - accuracy: 0.2438 - val_loss: 1.8332 - val_accuracy: 0.3234 - 9s/epoch - 3ms/step
Epoch 46/100
3125/3125 - 9s - loss: 2.0343 - accuracy: 0.2436 - val_loss: 1.8313 - val_accuracy: 0.3245 - 9s/epoch - 3ms/step
Epoch 47/100
3125/3125 - 9s - loss: 2.0298 - accuracy: 0.2450 - val_loss: 1.8298 - val_accuracy: 0.3239 - 9s/epoch - 3ms/step
Epoch 48/100
3125/3125 - 9s - loss: 2.0227 - accuracy: 0.2456 - val_loss: 1.8271 - val_accuracy: 0.3254 - 9s/epoch - 3ms/step
Epoch 49/100
3125/3125 - 9s - loss: 2.0309 - accuracy: 0.2434 - val_loss: 1.8260 - val_accuracy: 0.3248 - 9s/epoch - 3ms/step
Epoch 50/100
3125/3125 - 9s - loss: 2.0208 - accuracy: 0.2480 - val_loss: 1.8238 - val_accuracy: 0.3265 - 9s/epoch - 3ms/step
Epoch 51/100
3125/3125 - 9s - loss: 2.0244 - accuracy: 0.2449 - val_loss: 1.8221 - val_accuracy: 0.3268 - 9s/epoch - 3ms/step
Epoch 52/100
3125/3125 - 9s - loss: 2.0208 - accuracy: 0.2474 - val_loss: 1.8208 - val_accuracy: 0.3264 - 9s/epoch - 3ms/step
Epoch 53/100
3125/3125 - 9s - loss: 2.0134 - accuracy: 0.2476 - val_loss: 1.8197 - val_accuracy: 0.3261 - 9s/epoch - 3ms/step
Epoch 54/100
3125/3125 - 9s - loss: 2.0156 - accuracy: 0.2489 - val_loss: 1.8172 - val_accuracy: 0.3284 - 9s/epoch - 3ms/step
Epoch 55/100
3125/3125 - 9s - loss: 2.0119 - accuracy: 0.2491 - val_loss: 1.8161 - val_accuracy: 0.3292 - 9s/epoch - 3ms/step
Epoch 56/100
3125/3125 - 9s - loss: 2.0072 - accuracy: 0.2509 - val_loss: 1.8146 - val_accuracy: 0.3284 - 9s/epoch - 3ms/step
Epoch 57/100
3125/3125 - 9s - loss: 2.0097 - accuracy: 0.2480 - val_loss: 1.8139 - val_accuracy: 0.3301 - 9s/epoch - 3ms/step
Epoch 58/100
3125/3125 - 9s - loss: 2.0056 - accuracy: 0.2496 - val_loss: 1.8117 - val_accuracy: 0.3309 - 9s/epoch - 3ms/step
Epoch 59/100
3125/3125 - 9s - loss: 2.0059 - accuracy: 0.2517 - val_loss: 1.8111 - val_accuracy: 0.3292 - 9s/epoch - 3ms/step
Epoch 60/100
3125/3125 - 9s - loss: 2.0014 - accuracy: 0.2529 - val_loss: 1.8078 - val_accuracy: 0.3320 - 9s/epoch - 3ms/step
Epoch 61/100
3125/3125 - 9s - loss: 2.0013 - accuracy: 0.2522 - val_loss: 1.8066 - val_accuracy: 0.3310 - 9s/epoch - 3ms/step
Epoch 62/100
3125/3125 - 9s - loss: 1.9973 - accuracy: 0.2529 - val_loss: 1.8049 - val_accuracy: 0.3328 - 9s/epoch - 3ms/step
Epoch 63/100
3125/3125 - 9s - loss: 1.9978 - accuracy: 0.2543 - val_loss: 1.8037 - val_accuracy: 0.3325 - 9s/epoch - 3ms/step
Epoch 64/100
3125/3125 - 9s - loss: 1.9978 - accuracy: 0.2532 - val_loss: 1.8022 - val_accuracy: 0.3330 - 9s/epoch - 3ms/step
Epoch 65/100
3125/3125 - 9s - loss: 1.9987 - accuracy: 0.2552 - val_loss: 1.8008 - val_accuracy: 0.3336 - 9s/epoch - 3ms/step
Epoch 66/100
3125/3125 - 9s - loss: 1.9929 - accuracy: 0.2541 - val_loss: 1.8005 - val_accuracy: 0.3324 - 9s/epoch - 3ms/step
Epoch 67/100
3125/3125 - 9s - loss: 1.9942 - accuracy: 0.2508 - val_loss: 1.7993 - val_accuracy: 0.3330 - 9s/epoch - 3ms/step
Epoch 68/100
3125/3125 - 9s - loss: 1.9900 - accuracy: 0.2563 - val_loss: 1.7983 - val_accuracy: 0.3333 - 9s/epoch - 3ms/step
Epoch 69/100
3125/3125 - 9s - loss: 1.9949 - accuracy: 0.2520 - val_loss: 1.7964 - val_accuracy: 0.3357 - 9s/epoch - 3ms/step
Epoch 70/100
3125/3125 - 9s - loss: 1.9916 - accuracy: 0.2517 - val_loss: 1.7952 - val_accuracy: 0.3336 - 9s/epoch - 3ms/step
Epoch 71/100
3125/3125 - 9s - loss: 1.9866 - accuracy: 0.2546 - val_loss: 1.7936 - val_accuracy: 0.3357 - 9s/epoch - 3ms/step
Epoch 72/100
3125/3125 - 9s - loss: 1.9886 - accuracy: 0.2542 - val_loss: 1.7922 - val_accuracy: 0.3352 - 9s/epoch - 3ms/step
Epoch 73/100
3125/3125 - 9s - loss: 1.9850 - accuracy: 0.2568 - val_loss: 1.7925 - val_accuracy: 0.3390 - 9s/epoch - 3ms/step
Epoch 74/100
3125/3125 - 9s - loss: 1.9804 - accuracy: 0.2583 - val_loss: 1.7904 - val_accuracy: 0.3383 - 9s/epoch - 3ms/step
Epoch 75/100
3125/3125 - 9s - loss: 1.9801 - accuracy: 0.2583 - val_loss: 1.7894 - val_accuracy: 0.3357 - 9s/epoch - 3ms/step
Epoch 76/100
3125/3125 - 9s - loss: 1.9820 - accuracy: 0.2587 - val_loss: 1.7876 - val_accuracy: 0.3375 - 9s/epoch - 3ms/step
Epoch 77/100
3125/3125 - 9s - loss: 1.9821 - accuracy: 0.2571 - val_loss: 1.7866 - val_accuracy: 0.3392 - 9s/epoch - 3ms/step
Epoch 78/100
3125/3125 - 9s - loss: 1.9827 - accuracy: 0.2559 - val_loss: 1.7852 - val_accuracy: 0.3374 - 9s/epoch - 3ms/step
Epoch 79/100
3125/3125 - 9s - loss: 1.9766 - accuracy: 0.2584 - val_loss: 1.7844 - val_accuracy: 0.3392 - 9s/epoch - 3ms/step
Epoch 80/100
3125/3125 - 9s - loss: 1.9766 - accuracy: 0.2581 - val_loss: 1.7831 - val_accuracy: 0.3383 - 9s/epoch - 3ms/step
Epoch 81/100
3125/3125 - 9s - loss: 1.9739 - accuracy: 0.2587 - val_loss: 1.7821 - val_accuracy: 0.3393 - 9s/epoch - 3ms/step
Epoch 82/100
3125/3125 - 9s - loss: 1.9738 - accuracy: 0.2593 - val_loss: 1.7816 - val_accuracy: 0.3411 - 9s/epoch - 3ms/step
Epoch 83/100
3125/3125 - 9s - loss: 1.9766 - accuracy: 0.2581 - val_loss: 1.7798 - val_accuracy: 0.3413 - 9s/epoch - 3ms/step
Epoch 84/100
3125/3125 - 9s - loss: 1.9712 - accuracy: 0.2600 - val_loss: 1.7793 - val_accuracy: 0.3416 - 9s/epoch - 3ms/step
Epoch 85/100
3125/3125 - 9s - loss: 1.9689 - accuracy: 0.2603 - val_loss: 1.7784 - val_accuracy: 0.3420 - 9s/epoch - 3ms/step
Epoch 86/100
3125/3125 - 9s - loss: 1.9719 - accuracy: 0.2578 - val_loss: 1.7771 - val_accuracy: 0.3425 - 9s/epoch - 3ms/step
Epoch 87/100
3125/3125 - 9s - loss: 1.9607 - accuracy: 0.2620 - val_loss: 1.7768 - val_accuracy: 0.3429 - 9s/epoch - 3ms/step
Epoch 88/100
3125/3125 - 9s - loss: 1.9681 - accuracy: 0.2599 - val_loss: 1.7761 - val_accuracy: 0.3437 - 9s/epoch - 3ms/step
Epoch 89/100
3125/3125 - 9s - loss: 1.9650 - accuracy: 0.2625 - val_loss: 1.7746 - val_accuracy: 0.3439 - 9s/epoch - 3ms/step
Epoch 90/100
3125/3125 - 9s - loss: 1.9612 - accuracy: 0.2628 - val_loss: 1.7735 - val_accuracy: 0.3441 - 9s/epoch - 3ms/step
Epoch 91/100
3125/3125 - 9s - loss: 1.9615 - accuracy: 0.2625 - val_loss: 1.7724 - val_accuracy: 0.3446 - 9s/epoch - 3ms/step
Epoch 92/100
3125/3125 - 9s - loss: 1.9615 - accuracy: 0.2624 - val_loss: 1.7712 - val_accuracy: 0.3449 - 9s/epoch - 3ms/step
Epoch 93/100
3125/3125 - 9s - loss: 1.9580 - accuracy: 0.2684 - val_loss: 1.7701 - val_accuracy: 0.3459 - 9s/epoch - 3ms/step
Epoch 94/100
3125/3125 - 9s - loss: 1.9585 - accuracy: 0.2640 - val_loss: 1.7699 - val_accuracy: 0.3466 - 9s/epoch - 3ms/step
Epoch 95/100
3125/3125 - 9s - loss: 1.9557 - accuracy: 0.2645 - val_loss: 1.7679 - val_accuracy: 0.3465 - 9s/epoch - 3ms/step
Epoch 96/100
3125/3125 - 9s - loss: 1.9531 - accuracy: 0.2653 - val_loss: 1.7678 - val_accuracy: 0.3486 - 9s/epoch - 3ms/step
Epoch 97/100
3125/3125 - 9s - loss: 1.9599 - accuracy: 0.2610 - val_loss: 1.7660 - val_accuracy: 0.3487 - 9s/epoch - 3ms/step
Epoch 98/100
3125/3125 - 9s - loss: 1.9594 - accuracy: 0.2635 - val_loss: 1.7669 - val_accuracy: 0.3487 - 9s/epoch - 3ms/step
Epoch 99/100
3125/3125 - 9s - loss: 1.9507 - accuracy: 0.2670 - val_loss: 1.7645 - val_accuracy: 0.3478 - 9s/epoch - 3ms/step
Epoch 100/100
3125/3125 - 9s - loss: 1.9544 - accuracy: 0.2598 - val_loss: 1.7633 - val_accuracy: 0.3485 - 9s/epoch - 3ms/step
313/313 - 1s - loss: 1.7633 - accuracy: 0.3485 - 771ms/epoch - 2ms/step

ACCURACY: 0.34850001335144043


SCORE: -0.5364980413460082

[92m | MODULE VALUES ---------------------------------------------  |
 [0m
FLOPS: 3725984
PARAMS: 39162.0
[92m 
 | -----------------------------------------------------------  |
 [0m
[INFO] New Best Score: -0.5365 (Previous: -0.5331)

--- BANANAS ITERATION 29 / 1000 ---
Chosen point: {'num_neurons': 4, 'unit_c1': 2, 'unit_c2': 1, 'dr_f': 0.36841974202105965, 'learning_rate': 0.0004515014116163587, 'batch_size': 64, 'optimizer': 'SGD', 'activation': 'swish', 'data_augmentation': True, 'reg_l2': False, 'skip_connection': False, 'new_fc_1': 5, 'new_fc_2': 11, 'new_fc_3': 12, 'new_fc_4': 10, 'new_fc_5': 3, 'new_fc_6': 7, 'new_fc_7': 19, 'new_fc_8': 12, 'new_fc_9': 16, 'new_fc_10': 27}
[94m
|  --> START TRAINING ITERATION 3[0m
[INFO] Flags -> DA: True, L2: False, Skip: False
Building model with input_shape=(32, 32, 3), pos_input_shape=None, layer_x_block=2
Model: "model"
_________________________________________________________________
 Layer (type)                Output Shape              Param #   
=================================================================
 input_2 (InputLayer)        [(None, 32, 32, 3)]       0         
                                                                 
 conv2d (Conv2D)             (None, 32, 32, 8)         224       
                                                                 
 activation (Activation)     (None, 32, 32, 8)         0         
                                                                 
 conv2d_1 (Conv2D)           (None, 32, 32, 8)         584       
                                                                 
 activation_1 (Activation)   (None, 32, 32, 8)         0         
                                                                 
 max_pooling2d (MaxPooling2  (None, 16, 16, 8)         0         
 D)                                                              
                                                                 
 conv2d_2 (Conv2D)           (None, 16, 16, 4)         292       
                                                                 
 activation_2 (Activation)   (None, 16, 16, 4)         0         
                                                                 
 conv2d_3 (Conv2D)           (None, 16, 16, 4)         148       
                                                                 
 activation_3 (Activation)   (None, 16, 16, 4)         0         
                                                                 
 max_pooling2d_1 (MaxPoolin  (None, 8, 8, 4)           0         
 g2D)                                                            
                                                                 
 flatten (Flatten)           (None, 256)               0         
                                                                 
 dense (Dense)               (None, 20)                5140      
                                                                 
 activation_4 (Activation)   (None, 20)                0         
                                                                 
 dropout (Dropout)           (None, 20)                0         
                                                                 
 dense_1 (Dense)             (None, 44)                924       
                                                                 
 activation_5 (Activation)   (None, 44)                0         
                                                                 
 dropout_1 (Dropout)         (None, 44)                0         
                                                                 
 dense_2 (Dense)             (None, 48)                2160      
                                                                 
 activation_6 (Activation)   (None, 48)                0         
                                                                 
 dropout_2 (Dropout)         (None, 48)                0         
                                                                 
 dense_3 (Dense)             (None, 40)                1960      
                                                                 
 activation_7 (Activation)   (None, 40)                0         
                                                                 
 dropout_3 (Dropout)         (None, 40)                0         
                                                                 
 dense_4 (Dense)             (None, 12)                492       
                                                                 
 activation_8 (Activation)   (None, 12)                0         
                                                                 
 dropout_4 (Dropout)         (None, 12)                0         
                                                                 
 dense_5 (Dense)             (None, 28)                364       
                                                                 
 activation_9 (Activation)   (None, 28)                0         
                                                                 
 dropout_5 (Dropout)         (None, 28)                0         
                                                                 
 dense_6 (Dense)             (None, 76)                2204      
                                                                 
 activation_10 (Activation)  (None, 76)                0         
                                                                 
 dropout_6 (Dropout)         (None, 76)                0         
                                                                 
 dense_7 (Dense)             (None, 48)                3696      
                                                                 
 activation_11 (Activation)  (None, 48)                0         
                                                                 
 dropout_7 (Dropout)         (None, 48)                0         
                                                                 
 dense_8 (Dense)             (None, 64)                3136      
                                                                 
 activation_12 (Activation)  (None, 64)                0         
                                                                 
 dropout_8 (Dropout)         (None, 64)                0         
                                                                 
 dense_9 (Dense)             (None, 108)               7020      
                                                                 
 activation_13 (Activation)  (None, 108)               0         
                                                                 
 dropout_9 (Dropout)         (None, 108)               0         
                                                                 
 dense_10 (Dense)            (None, 10)                1090      
                                                                 
=================================================================
Total params: 29434 (114.98 KB)
Trainable params: 29434 (114.98 KB)
Non-trainable params: 0 (0.00 Byte)
_________________________________________________________________
Epoch 1/100
782/782 - 6s - loss: 2.3026 - accuracy: 0.0975 - val_loss: 2.3026 - val_accuracy: 0.1000 - 6s/epoch - 7ms/step
Epoch 2/100
782/782 - 3s - loss: 2.3026 - accuracy: 0.0988 - val_loss: 2.3026 - val_accuracy: 0.1000 - 3s/epoch - 4ms/step
Epoch 3/100
782/782 - 3s - loss: 2.3026 - accuracy: 0.0943 - val_loss: 2.3026 - val_accuracy: 0.1000 - 3s/epoch - 4ms/step
Epoch 4/100
782/782 - 3s - loss: 2.3026 - accuracy: 0.0987 - val_loss: 2.3026 - val_accuracy: 0.1000 - 3s/epoch - 4ms/step
Epoch 5/100
782/782 - 3s - loss: 2.3026 - accuracy: 0.0999 - val_loss: 2.3026 - val_accuracy: 0.0999 - 3s/epoch - 4ms/step
Epoch 6/100
782/782 - 3s - loss: 2.3026 - accuracy: 0.0994 - val_loss: 2.3026 - val_accuracy: 0.0994 - 3s/epoch - 4ms/step
Epoch 7/100
782/782 - 3s - loss: 2.3026 - accuracy: 0.0983 - val_loss: 2.3026 - val_accuracy: 0.1006 - 3s/epoch - 4ms/step
Epoch 8/100
782/782 - 3s - loss: 2.3026 - accuracy: 0.1003 - val_loss: 2.3026 - val_accuracy: 0.1000 - 3s/epoch - 4ms/step
Epoch 9/100
782/782 - 3s - loss: 2.3026 - accuracy: 0.0990 - val_loss: 2.3026 - val_accuracy: 0.1022 - 3s/epoch - 4ms/step
Epoch 10/100
782/782 - 3s - loss: 2.3026 - accuracy: 0.0990 - val_loss: 2.3026 - val_accuracy: 0.1000 - 3s/epoch - 4ms/step
Epoch 11/100
782/782 - 3s - loss: 2.3026 - accuracy: 0.0967 - val_loss: 2.3026 - val_accuracy: 0.1000 - 3s/epoch - 4ms/step
Epoch 12/100
782/782 - 3s - loss: 2.3026 - accuracy: 0.0990 - val_loss: 2.3026 - val_accuracy: 0.1000 - 3s/epoch - 4ms/step
Epoch 13/100
782/782 - 3s - loss: 2.3026 - accuracy: 0.0964 - val_loss: 2.3026 - val_accuracy: 0.1294 - 3s/epoch - 4ms/step
Epoch 14/100
782/782 - 3s - loss: 2.3026 - accuracy: 0.1006 - val_loss: 2.3026 - val_accuracy: 0.1002 - 3s/epoch - 4ms/step
Epoch 15/100
782/782 - 3s - loss: 2.3026 - accuracy: 0.0985 - val_loss: 2.3026 - val_accuracy: 0.1000 - 3s/epoch - 4ms/step
Epoch 16/100
782/782 - 3s - loss: 2.3026 - accuracy: 0.0990 - val_loss: 2.3026 - val_accuracy: 0.1007 - 3s/epoch - 4ms/step
Epoch 17/100
782/782 - 3s - loss: 2.3026 - accuracy: 0.0971 - val_loss: 2.3026 - val_accuracy: 0.1327 - 3s/epoch - 4ms/step
Epoch 18/100
782/782 - 3s - loss: 2.3026 - accuracy: 0.1006 - val_loss: 2.3026 - val_accuracy: 0.1000 - 3s/epoch - 4ms/step
Epoch 19/100
782/782 - 3s - loss: 2.3026 - accuracy: 0.0979 - val_loss: 2.3026 - val_accuracy: 0.1007 - 3s/epoch - 4ms/step
Epoch 20/100
782/782 - 3s - loss: 2.3026 - accuracy: 0.0966 - val_loss: 2.3026 - val_accuracy: 0.1000 - 3s/epoch - 4ms/step
Epoch 21/100
782/782 - 3s - loss: 2.3026 - accuracy: 0.0980 - val_loss: 2.3026 - val_accuracy: 0.0916 - 3s/epoch - 4ms/step
Epoch 22/100
782/782 - 3s - loss: 2.3026 - accuracy: 0.0986 - val_loss: 2.3026 - val_accuracy: 0.1001 - 3s/epoch - 4ms/step
Epoch 23/100
782/782 - 3s - loss: 2.3026 - accuracy: 0.0983 - val_loss: 2.3026 - val_accuracy: 0.1000 - 3s/epoch - 4ms/step
Epoch 24/100
782/782 - 3s - loss: 2.3026 - accuracy: 0.1004 - val_loss: 2.3026 - val_accuracy: 0.1000 - 3s/epoch - 4ms/step
Epoch 25/100
782/782 - 3s - loss: 2.3026 - accuracy: 0.1018 - val_loss: 2.3026 - val_accuracy: 0.0963 - 3s/epoch - 4ms/step
Epoch 26/100
782/782 - 3s - loss: 2.3026 - accuracy: 0.0968 - val_loss: 2.3026 - val_accuracy: 0.1000 - 3s/epoch - 4ms/step
Epoch 27/100
782/782 - 3s - loss: 2.3026 - accuracy: 0.0990 - val_loss: 2.3026 - val_accuracy: 0.1000 - 3s/epoch - 4ms/step
Epoch 28/100
782/782 - 3s - loss: 2.3026 - accuracy: 0.0987 - val_loss: 2.3026 - val_accuracy: 0.1000 - 3s/epoch - 4ms/step
Epoch 29/100
782/782 - 3s - loss: 2.3026 - accuracy: 0.0982 - val_loss: 2.3026 - val_accuracy: 0.1000 - 3s/epoch - 4ms/step
Epoch 30/100
782/782 - 3s - loss: 2.3026 - accuracy: 0.0981 - val_loss: 2.3026 - val_accuracy: 0.1028 - 3s/epoch - 4ms/step
Epoch 31/100
782/782 - 3s - loss: 2.3026 - accuracy: 0.0975 - val_loss: 2.3026 - val_accuracy: 0.1005 - 3s/epoch - 4ms/step
Epoch 32/100
782/782 - 3s - loss: 2.3026 - accuracy: 0.0998 - val_loss: 2.3026 - val_accuracy: 0.1000 - 3s/epoch - 4ms/step
Epoch 33/100
782/782 - 3s - loss: 2.3026 - accuracy: 0.1001 - val_loss: 2.3026 - val_accuracy: 0.0999 - 3s/epoch - 4ms/step
Epoch 34/100
782/782 - 3s - loss: 2.3026 - accuracy: 0.0998 - val_loss: 2.3026 - val_accuracy: 0.1000 - 3s/epoch - 4ms/step
Epoch 35/100
782/782 - 3s - loss: 2.3026 - accuracy: 0.0991 - val_loss: 2.3026 - val_accuracy: 0.1000 - 3s/epoch - 4ms/step
Epoch 36/100
782/782 - 3s - loss: 2.3026 - accuracy: 0.0995 - val_loss: 2.3026 - val_accuracy: 0.1000 - 3s/epoch - 4ms/step
Epoch 37/100
782/782 - 3s - loss: 2.3026 - accuracy: 0.1003 - val_loss: 2.3026 - val_accuracy: 0.1000 - 3s/epoch - 4ms/step
Epoch 38/100
782/782 - 3s - loss: 2.3026 - accuracy: 0.1003 - val_loss: 2.3026 - val_accuracy: 0.1000 - 3s/epoch - 4ms/step
Epoch 39/100
782/782 - 3s - loss: 2.3026 - accuracy: 0.0992 - val_loss: 2.3026 - val_accuracy: 0.1000 - 3s/epoch - 4ms/step
Epoch 40/100
782/782 - 3s - loss: 2.3026 - accuracy: 0.0985 - val_loss: 2.3026 - val_accuracy: 0.1000 - 3s/epoch - 4ms/step
Epoch 41/100
782/782 - 3s - loss: 2.3026 - accuracy: 0.0983 - val_loss: 2.3026 - val_accuracy: 0.1000 - 3s/epoch - 4ms/step
Epoch 42/100
782/782 - 3s - loss: 2.3026 - accuracy: 0.1011 - val_loss: 2.3026 - val_accuracy: 0.1000 - 3s/epoch - 4ms/step
Epoch 43/100
Restoring model weights from the end of the best epoch: 13.
782/782 - 3s - loss: 2.3026 - accuracy: 0.0998 - val_loss: 2.3026 - val_accuracy: 0.1000 - 3s/epoch - 4ms/step
Epoch 43: early stopping
313/313 - 1s - loss: 2.3026 - accuracy: 0.1294 - 692ms/epoch - 2ms/step

ACCURACY: 0.12939999997615814


SCORE: -0.38665077598331066

[92m | MODULE VALUES ---------------------------------------------  |
 [0m
FLOPS: 1964612
PARAMS: 29434.0
[92m 
 | -----------------------------------------------------------  |
 [0m

--- BANANAS ITERATION 30 / 1000 ---
Chosen point: {'num_neurons': 8, 'unit_c1': 2, 'unit_c2': 8, 'dr_f': 0.49720062771200524, 'learning_rate': 0.0002721053661726161, 'batch_size': 64, 'optimizer': 'SGD', 'activation': 'selu', 'data_augmentation': True, 'reg_l2': False, 'skip_connection': True, 'new_fc_1': 32, 'new_fc_2': 3, 'new_fc_3': 31, 'new_fc_4': 4, 'new_fc_5': 21, 'new_fc_6': 2, 'new_fc_7': 24, 'new_fc_8': 30, 'new_fc_9': 3, 'new_fc_10': 29}
[94m
|  --> START TRAINING ITERATION 4[0m
[INFO] Flags -> DA: True, L2: False, Skip: True
Building model with input_shape=(32, 32, 3), pos_input_shape=None, layer_x_block=2
Model: "model"
__________________________________________________________________________________________________
 Layer (type)                Output Shape                 Param #   Connected to                  
==================================================================================================
 input_2 (InputLayer)        [(None, 32, 32, 3)]          0         []                            
                                                                                                  
 conv2d (Conv2D)             (None, 32, 32, 16)           448       ['input_2[0][0]']             
                                                                                                  
 activation (Activation)     (None, 32, 32, 16)           0         ['conv2d[1][0]']              
                                                                                                  
 conv2d_2 (Conv2D)           (None, 32, 32, 16)           64        ['input_2[0][0]']             
                                                                                                  
 conv2d_1 (Conv2D)           (None, 32, 32, 16)           2320      ['activation[1][0]']          
                                                                                                  
 add (Add)                   (None, 32, 32, 16)           0         ['conv2d_2[1][0]',            
                                                                     'conv2d_1[1][0]']            
                                                                                                  
 activation_1 (Activation)   (None, 32, 32, 16)           0         ['add[1][0]']                 
                                                                                                  
 max_pooling2d (MaxPooling2  (None, 16, 16, 16)           0         ['activation_1[1][0]']        
 D)                                                                                               
                                                                                                  
 conv2d_3 (Conv2D)           (None, 16, 16, 64)           9280      ['max_pooling2d[1][0]']       
                                                                                                  
 activation_2 (Activation)   (None, 16, 16, 64)           0         ['conv2d_3[1][0]']            
                                                                                                  
 conv2d_5 (Conv2D)           (None, 16, 16, 64)           1088      ['max_pooling2d[1][0]']       
                                                                                                  
 conv2d_4 (Conv2D)           (None, 16, 16, 64)           36928     ['activation_2[1][0]']        
                                                                                                  
 add_1 (Add)                 (None, 16, 16, 64)           0         ['conv2d_5[1][0]',            
                                                                     'conv2d_4[1][0]']            
                                                                                                  
 activation_3 (Activation)   (None, 16, 16, 64)           0         ['add_1[1][0]']               
                                                                                                  
 max_pooling2d_1 (MaxPoolin  (None, 8, 8, 64)             0         ['activation_3[1][0]']        
 g2D)                                                                                             
                                                                                                  
 flatten (Flatten)           (None, 4096)                 0         ['max_pooling2d_1[1][0]']     
                                                                                                  
 dense (Dense)               (None, 256)                  1048832   ['flatten[1][0]']             
                                                                                                  
 activation_4 (Activation)   (None, 256)                  0         ['dense[1][0]']               
                                                                                                  
 dropout (Dropout)           (None, 256)                  0         ['activation_4[1][0]']        
                                                                                                  
 dense_1 (Dense)             (None, 24)                   6168      ['dropout[1][0]']             
                                                                                                  
 activation_5 (Activation)   (None, 24)                   0         ['dense_1[1][0]']             
                                                                                                  
 dropout_1 (Dropout)         (None, 24)                   0         ['activation_5[1][0]']        
                                                                                                  
 dense_2 (Dense)             (None, 248)                  6200      ['dropout_1[1][0]']           
                                                                                                  
 activation_6 (Activation)   (None, 248)                  0         ['dense_2[1][0]']             
                                                                                                  
 dropout_2 (Dropout)         (None, 248)                  0         ['activation_6[1][0]']        
                                                                                                  
 dense_3 (Dense)             (None, 32)                   7968      ['dropout_2[1][0]']           
                                                                                                  
 activation_7 (Activation)   (None, 32)                   0         ['dense_3[1][0]']             
                                                                                                  
 dropout_3 (Dropout)         (None, 32)                   0         ['activation_7[1][0]']        
                                                                                                  
 dense_4 (Dense)             (None, 168)                  5544      ['dropout_3[1][0]']           
                                                                                                  
 activation_8 (Activation)   (None, 168)                  0         ['dense_4[1][0]']             
                                                                                                  
 dropout_4 (Dropout)         (None, 168)                  0         ['activation_8[1][0]']        
                                                                                                  
 dense_5 (Dense)             (None, 16)                   2704      ['dropout_4[1][0]']           
                                                                                                  
 activation_9 (Activation)   (None, 16)                   0         ['dense_5[1][0]']             
                                                                                                  
 dropout_5 (Dropout)         (None, 16)                   0         ['activation_9[1][0]']        
                                                                                                  
 dense_6 (Dense)             (None, 192)                  3264      ['dropout_5[1][0]']           
                                                                                                  
 activation_10 (Activation)  (None, 192)                  0         ['dense_6[1][0]']             
                                                                                                  
 dropout_6 (Dropout)         (None, 192)                  0         ['activation_10[1][0]']       
                                                                                                  
 dense_7 (Dense)             (None, 240)                  46320     ['dropout_6[1][0]']           
                                                                                                  
 activation_11 (Activation)  (None, 240)                  0         ['dense_7[1][0]']             
                                                                                                  
 dropout_7 (Dropout)         (None, 240)                  0         ['activation_11[1][0]']       
                                                                                                  
 dense_8 (Dense)             (None, 24)                   5784      ['dropout_7[1][0]']           
                                                                                                  
 activation_12 (Activation)  (None, 24)                   0         ['dense_8[1][0]']             
                                                                                                  
 dropout_8 (Dropout)         (None, 24)                   0         ['activation_12[1][0]']       
                                                                                                  
 dense_9 (Dense)             (None, 232)                  5800      ['dropout_8[1][0]']           
                                                                                                  
 activation_13 (Activation)  (None, 232)                  0         ['dense_9[1][0]']             
                                                                                                  
 dropout_9 (Dropout)         (None, 232)                  0         ['activation_13[1][0]']       
                                                                                                  
 dense_10 (Dense)            (None, 10)                   2330      ['dropout_9[1][0]']           
                                                                                                  
==================================================================================================
Total params: 1191042 (4.54 MB)
Trainable params: 1191042 (4.54 MB)
Non-trainable params: 0 (0.00 Byte)
__________________________________________________________________________________________________
Epoch 1/100
782/782 - 6s - loss: 3.5986 - accuracy: 0.1000 - val_loss: 2.3090 - val_accuracy: 0.1258 - 6s/epoch - 8ms/step
Epoch 2/100
782/782 - 4s - loss: 3.2160 - accuracy: 0.1029 - val_loss: 2.2946 - val_accuracy: 0.1359 - 4s/epoch - 5ms/step
Epoch 3/100
782/782 - 4s - loss: 3.0442 - accuracy: 0.1019 - val_loss: 2.2907 - val_accuracy: 0.1328 - 4s/epoch - 5ms/step
Epoch 4/100
782/782 - 4s - loss: 2.9181 - accuracy: 0.1002 - val_loss: 2.2910 - val_accuracy: 0.1435 - 4s/epoch - 5ms/step
Epoch 5/100
782/782 - 4s - loss: 2.8464 - accuracy: 0.1022 - val_loss: 2.2945 - val_accuracy: 0.1399 - 4s/epoch - 5ms/step
Epoch 6/100
782/782 - 4s - loss: 2.7977 - accuracy: 0.1004 - val_loss: 2.2970 - val_accuracy: 0.1246 - 4s/epoch - 5ms/step
Epoch 7/100
782/782 - 4s - loss: 2.7475 - accuracy: 0.1009 - val_loss: 2.2991 - val_accuracy: 0.1248 - 4s/epoch - 5ms/step
Epoch 8/100
782/782 - 4s - loss: 2.7108 - accuracy: 0.0984 - val_loss: 2.2989 - val_accuracy: 0.1232 - 4s/epoch - 5ms/step
Epoch 9/100
782/782 - 4s - loss: 2.6882 - accuracy: 0.0984 - val_loss: 2.2998 - val_accuracy: 0.1191 - 4s/epoch - 5ms/step
Epoch 10/100
782/782 - 4s - loss: 2.6694 - accuracy: 0.0996 - val_loss: 2.3011 - val_accuracy: 0.1107 - 4s/epoch - 5ms/step
Epoch 11/100
782/782 - 4s - loss: 2.6391 - accuracy: 0.0975 - val_loss: 2.3009 - val_accuracy: 0.1158 - 4s/epoch - 5ms/step
Epoch 12/100
782/782 - 4s - loss: 2.6203 - accuracy: 0.1006 - val_loss: 2.3014 - val_accuracy: 0.1073 - 4s/epoch - 5ms/step
Epoch 13/100
782/782 - 4s - loss: 2.6120 - accuracy: 0.0987 - val_loss: 2.3023 - val_accuracy: 0.1027 - 4s/epoch - 5ms/step
Epoch 14/100
782/782 - 4s - loss: 2.5848 - accuracy: 0.0997 - val_loss: 2.3020 - val_accuracy: 0.0983 - 4s/epoch - 5ms/step
Epoch 15/100
782/782 - 4s - loss: 2.5783 - accuracy: 0.1003 - val_loss: 2.3021 - val_accuracy: 0.1021 - 4s/epoch - 5ms/step
Epoch 16/100
782/782 - 4s - loss: 2.5656 - accuracy: 0.0999 - val_loss: 2.3031 - val_accuracy: 0.0989 - 4s/epoch - 5ms/step
Epoch 17/100
782/782 - 4s - loss: 2.5448 - accuracy: 0.1021 - val_loss: 2.3031 - val_accuracy: 0.0999 - 4s/epoch - 5ms/step
Epoch 18/100
782/782 - 4s - loss: 2.5428 - accuracy: 0.0990 - val_loss: 2.3026 - val_accuracy: 0.1074 - 4s/epoch - 5ms/step
Epoch 19/100
782/782 - 4s - loss: 2.5312 - accuracy: 0.1007 - val_loss: 2.3029 - val_accuracy: 0.1001 - 4s/epoch - 5ms/step
Epoch 20/100
782/782 - 4s - loss: 2.5300 - accuracy: 0.0959 - val_loss: 2.3031 - val_accuracy: 0.1009 - 4s/epoch - 5ms/step
Epoch 21/100
782/782 - 4s - loss: 2.5108 - accuracy: 0.1013 - val_loss: 2.3034 - val_accuracy: 0.1000 - 4s/epoch - 5ms/step
Epoch 22/100
782/782 - 4s - loss: 2.5044 - accuracy: 0.1021 - val_loss: 2.3030 - val_accuracy: 0.1000 - 4s/epoch - 5ms/step
Epoch 23/100
782/782 - 4s - loss: 2.4919 - accuracy: 0.1030 - val_loss: 2.3031 - val_accuracy: 0.1000 - 4s/epoch - 5ms/step
Epoch 24/100
782/782 - 4s - loss: 2.4929 - accuracy: 0.0965 - val_loss: 2.3036 - val_accuracy: 0.0999 - 4s/epoch - 5ms/step
Epoch 25/100
782/782 - 4s - loss: 2.4860 - accuracy: 0.1009 - val_loss: 2.3035 - val_accuracy: 0.1000 - 4s/epoch - 5ms/step
Epoch 26/100
782/782 - 4s - loss: 2.4811 - accuracy: 0.0988 - val_loss: 2.3035 - val_accuracy: 0.1000 - 4s/epoch - 5ms/step
Epoch 27/100
782/782 - 4s - loss: 2.4749 - accuracy: 0.0996 - val_loss: 2.3036 - val_accuracy: 0.1000 - 4s/epoch - 5ms/step
Epoch 28/100
782/782 - 4s - loss: 2.4658 - accuracy: 0.1005 - val_loss: 2.3036 - val_accuracy: 0.1000 - 4s/epoch - 5ms/step
Epoch 29/100
782/782 - 4s - loss: 2.4600 - accuracy: 0.0992 - val_loss: 2.3033 - val_accuracy: 0.1000 - 4s/epoch - 5ms/step
Epoch 30/100
782/782 - 4s - loss: 2.4555 - accuracy: 0.0994 - val_loss: 2.3035 - val_accuracy: 0.1000 - 4s/epoch - 5ms/step
Epoch 31/100
782/782 - 4s - loss: 2.4438 - accuracy: 0.1019 - val_loss: 2.3034 - val_accuracy: 0.1000 - 4s/epoch - 5ms/step
Epoch 32/100
782/782 - 4s - loss: 2.4474 - accuracy: 0.0996 - val_loss: 2.3035 - val_accuracy: 0.1000 - 4s/epoch - 5ms/step
Epoch 33/100
782/782 - 4s - loss: 2.4365 - accuracy: 0.1010 - val_loss: 2.3033 - val_accuracy: 0.1000 - 4s/epoch - 5ms/step
Epoch 34/100
Restoring model weights from the end of the best epoch: 4.
782/782 - 4s - loss: 2.4430 - accuracy: 0.0969 - val_loss: 2.3034 - val_accuracy: 0.1000 - 4s/epoch - 5ms/step
Epoch 34: early stopping
313/313 - 1s - loss: 2.2910 - accuracy: 0.1434 - 647ms/epoch - 2ms/step

ACCURACY: 0.14339999854564667


SCORE: -0.3358536869819526

[92m | MODULE VALUES ---------------------------------------------  |
 [0m
FLOPS: 32263156
PARAMS: 1191042.0
[92m 
 | -----------------------------------------------------------  |
 [0m

--- BANANAS ITERATION 31 / 1000 ---
Chosen point: {'num_neurons': 4, 'unit_c1': 1, 'unit_c2': 2, 'dr_f': 0.3200385648731635, 'learning_rate': 0.0007800017437636829, 'batch_size': 64, 'optimizer': 'Adagrad', 'activation': 'selu', 'data_augmentation': True, 'reg_l2': False, 'skip_connection': True, 'new_fc_1': 5, 'new_fc_2': 28, 'new_fc_3': 19, 'new_fc_4': 0, 'new_fc_5': 0, 'new_fc_6': 26, 'new_fc_7': 16, 'new_fc_8': 31, 'new_fc_9': 18, 'new_fc_10': 14}
[94m
|  --> START TRAINING ITERATION 5[0m
[INFO] Flags -> DA: True, L2: False, Skip: True
Building model with input_shape=(32, 32, 3), pos_input_shape=None, layer_x_block=2
Model: "model"
__________________________________________________________________________________________________
 Layer (type)                Output Shape                 Param #   Connected to                  
==================================================================================================
 input_2 (InputLayer)        [(None, 32, 32, 3)]          0         []                            
                                                                                                  
 conv2d (Conv2D)             (None, 32, 32, 4)            112       ['input_2[0][0]']             
                                                                                                  
 activation (Activation)     (None, 32, 32, 4)            0         ['conv2d[1][0]']              
                                                                                                  
 conv2d_2 (Conv2D)           (None, 32, 32, 4)            16        ['input_2[0][0]']             
                                                                                                  
 conv2d_1 (Conv2D)           (None, 32, 32, 4)            148       ['activation[1][0]']          
                                                                                                  
 add (Add)                   (None, 32, 32, 4)            0         ['conv2d_2[1][0]',            
                                                                     'conv2d_1[1][0]']            
                                                                                                  
 activation_1 (Activation)   (None, 32, 32, 4)            0         ['add[1][0]']                 
                                                                                                  
 max_pooling2d (MaxPooling2  (None, 16, 16, 4)            0         ['activation_1[1][0]']        
 D)                                                                                               
                                                                                                  
 conv2d_3 (Conv2D)           (None, 16, 16, 8)            296       ['max_pooling2d[1][0]']       
                                                                                                  
 activation_2 (Activation)   (None, 16, 16, 8)            0         ['conv2d_3[1][0]']            
                                                                                                  
 conv2d_5 (Conv2D)           (None, 16, 16, 8)            40        ['max_pooling2d[1][0]']       
                                                                                                  
 conv2d_4 (Conv2D)           (None, 16, 16, 8)            584       ['activation_2[1][0]']        
                                                                                                  
 add_1 (Add)                 (None, 16, 16, 8)            0         ['conv2d_5[1][0]',            
                                                                     'conv2d_4[1][0]']            
                                                                                                  
 activation_3 (Activation)   (None, 16, 16, 8)            0         ['add_1[1][0]']               
                                                                                                  
 max_pooling2d_1 (MaxPoolin  (None, 8, 8, 8)              0         ['activation_3[1][0]']        
 g2D)                                                                                             
                                                                                                  
 flatten (Flatten)           (None, 512)                  0         ['max_pooling2d_1[1][0]']     
                                                                                                  
 dense (Dense)               (None, 20)                   10260     ['flatten[1][0]']             
                                                                                                  
 activation_4 (Activation)   (None, 20)                   0         ['dense[1][0]']               
                                                                                                  
 dropout (Dropout)           (None, 20)                   0         ['activation_4[1][0]']        
                                                                                                  
 dense_1 (Dense)             (None, 112)                  2352      ['dropout[1][0]']             
                                                                                                  
 activation_5 (Activation)   (None, 112)                  0         ['dense_1[1][0]']             
                                                                                                  
 dropout_1 (Dropout)         (None, 112)                  0         ['activation_5[1][0]']        
                                                                                                  
 dense_2 (Dense)             (None, 76)                   8588      ['dropout_1[1][0]']           
                                                                                                  
 activation_6 (Activation)   (None, 76)                   0         ['dense_2[1][0]']             
                                                                                                  
 dropout_2 (Dropout)         (None, 76)                   0         ['activation_6[1][0]']        
                                                                                                  
 dense_3 (Dense)             (None, 104)                  8008      ['dropout_2[1][0]']           
                                                                                                  
 activation_7 (Activation)   (None, 104)                  0         ['dense_3[1][0]']             
                                                                                                  
 dropout_3 (Dropout)         (None, 104)                  0         ['activation_7[1][0]']        
                                                                                                  
 dense_4 (Dense)             (None, 64)                   6720      ['dropout_3[1][0]']           
                                                                                                  
 activation_8 (Activation)   (None, 64)                   0         ['dense_4[1][0]']             
                                                                                                  
 dropout_4 (Dropout)         (None, 64)                   0         ['activation_8[1][0]']        
                                                                                                  
 dense_5 (Dense)             (None, 124)                  8060      ['dropout_4[1][0]']           
                                                                                                  
 activation_9 (Activation)   (None, 124)                  0         ['dense_5[1][0]']             
                                                                                                  
 dropout_5 (Dropout)         (None, 124)                  0         ['activation_9[1][0]']        
                                                                                                  
 dense_6 (Dense)             (None, 72)                   9000      ['dropout_5[1][0]']           
                                                                                                  
 activation_10 (Activation)  (None, 72)                   0         ['dense_6[1][0]']             
                                                                                                  
 dropout_6 (Dropout)         (None, 72)                   0         ['activation_10[1][0]']       
                                                                                                  
 dense_7 (Dense)             (None, 56)                   4088      ['dropout_6[1][0]']           
                                                                                                  
 activation_11 (Activation)  (None, 56)                   0         ['dense_7[1][0]']             
                                                                                                  
 dropout_7 (Dropout)         (None, 56)                   0         ['activation_11[1][0]']       
                                                                                                  
 dense_8 (Dense)             (None, 10)                   570       ['dropout_7[1][0]']           
                                                                                                  
==================================================================================================
Total params: 58842 (229.85 KB)
Trainable params: 58842 (229.85 KB)
Non-trainable params: 0 (0.00 Byte)
__________________________________________________________________________________________________
Epoch 1/100
782/782 - 7s - loss: 3.3635 - accuracy: 0.1080 - val_loss: 2.1886 - val_accuracy: 0.2008 - 7s/epoch - 9ms/step
Epoch 2/100
782/782 - 3s - loss: 2.9857 - accuracy: 0.1172 - val_loss: 2.1267 - val_accuracy: 0.2247 - 3s/epoch - 4ms/step
Epoch 3/100
782/782 - 3s - loss: 2.8470 - accuracy: 0.1243 - val_loss: 2.0808 - val_accuracy: 0.2429 - 3s/epoch - 4ms/step
Epoch 4/100
782/782 - 3s - loss: 2.7594 - accuracy: 0.1284 - val_loss: 2.0597 - val_accuracy: 0.2486 - 3s/epoch - 4ms/step
Epoch 5/100
782/782 - 3s - loss: 2.6924 - accuracy: 0.1357 - val_loss: 2.0354 - val_accuracy: 0.2593 - 3s/epoch - 4ms/step
Epoch 6/100
782/782 - 3s - loss: 2.6331 - accuracy: 0.1418 - val_loss: 2.0205 - val_accuracy: 0.2601 - 3s/epoch - 4ms/step
Epoch 7/100
782/782 - 3s - loss: 2.5910 - accuracy: 0.1449 - val_loss: 2.0075 - val_accuracy: 0.2605 - 3s/epoch - 4ms/step
Epoch 8/100
782/782 - 3s - loss: 2.5557 - accuracy: 0.1478 - val_loss: 1.9948 - val_accuracy: 0.2656 - 3s/epoch - 4ms/step
Epoch 9/100
782/782 - 3s - loss: 2.5190 - accuracy: 0.1532 - val_loss: 1.9892 - val_accuracy: 0.2643 - 3s/epoch - 4ms/step
Epoch 10/100
782/782 - 3s - loss: 2.4987 - accuracy: 0.1524 - val_loss: 1.9752 - val_accuracy: 0.2686 - 3s/epoch - 4ms/step
Epoch 11/100
782/782 - 3s - loss: 2.4766 - accuracy: 0.1542 - val_loss: 1.9678 - val_accuracy: 0.2676 - 3s/epoch - 4ms/step
Epoch 12/100
782/782 - 3s - loss: 2.4510 - accuracy: 0.1593 - val_loss: 1.9582 - val_accuracy: 0.2717 - 3s/epoch - 4ms/step
Epoch 13/100
782/782 - 3s - loss: 2.4296 - accuracy: 0.1617 - val_loss: 1.9505 - val_accuracy: 0.2748 - 3s/epoch - 4ms/step
Epoch 14/100
782/782 - 3s - loss: 2.4128 - accuracy: 0.1664 - val_loss: 1.9463 - val_accuracy: 0.2709 - 3s/epoch - 4ms/step
Epoch 15/100
782/782 - 3s - loss: 2.4027 - accuracy: 0.1655 - val_loss: 1.9352 - val_accuracy: 0.2787 - 3s/epoch - 4ms/step
Epoch 16/100
782/782 - 3s - loss: 2.3742 - accuracy: 0.1685 - val_loss: 1.9275 - val_accuracy: 0.2806 - 3s/epoch - 4ms/step
Epoch 17/100
782/782 - 3s - loss: 2.3698 - accuracy: 0.1698 - val_loss: 1.9224 - val_accuracy: 0.2781 - 3s/epoch - 4ms/step
Epoch 18/100
782/782 - 3s - loss: 2.3551 - accuracy: 0.1698 - val_loss: 1.9163 - val_accuracy: 0.2790 - 3s/epoch - 4ms/step
Epoch 19/100
782/782 - 3s - loss: 2.3338 - accuracy: 0.1739 - val_loss: 1.9124 - val_accuracy: 0.2810 - 3s/epoch - 4ms/step
Epoch 20/100
782/782 - 3s - loss: 2.3338 - accuracy: 0.1739 - val_loss: 1.9056 - val_accuracy: 0.2823 - 3s/epoch - 4ms/step
Epoch 21/100
782/782 - 3s - loss: 2.3176 - accuracy: 0.1776 - val_loss: 1.9008 - val_accuracy: 0.2820 - 3s/epoch - 4ms/step
Epoch 22/100
782/782 - 3s - loss: 2.3051 - accuracy: 0.1805 - val_loss: 1.8964 - val_accuracy: 0.2839 - 3s/epoch - 4ms/step
Epoch 23/100
782/782 - 3s - loss: 2.2972 - accuracy: 0.1810 - val_loss: 1.8918 - val_accuracy: 0.2852 - 3s/epoch - 4ms/step
Epoch 24/100
782/782 - 3s - loss: 2.2944 - accuracy: 0.1796 - val_loss: 1.8891 - val_accuracy: 0.2842 - 3s/epoch - 4ms/step
Epoch 25/100
782/782 - 3s - loss: 2.2732 - accuracy: 0.1839 - val_loss: 1.8835 - val_accuracy: 0.2868 - 3s/epoch - 4ms/step
Epoch 26/100
782/782 - 3s - loss: 2.2745 - accuracy: 0.1823 - val_loss: 1.8811 - val_accuracy: 0.2864 - 3s/epoch - 4ms/step
Epoch 27/100
782/782 - 3s - loss: 2.2494 - accuracy: 0.1868 - val_loss: 1.8761 - val_accuracy: 0.2902 - 3s/epoch - 4ms/step
Epoch 28/100
782/782 - 3s - loss: 2.2452 - accuracy: 0.1890 - val_loss: 1.8743 - val_accuracy: 0.2885 - 3s/epoch - 4ms/step
Epoch 29/100
782/782 - 3s - loss: 2.2496 - accuracy: 0.1868 - val_loss: 1.8679 - val_accuracy: 0.2940 - 3s/epoch - 4ms/step
Epoch 30/100
782/782 - 3s - loss: 2.2408 - accuracy: 0.1868 - val_loss: 1.8657 - val_accuracy: 0.2919 - 3s/epoch - 4ms/step
Epoch 31/100
782/782 - 3s - loss: 2.2277 - accuracy: 0.1931 - val_loss: 1.8634 - val_accuracy: 0.2908 - 3s/epoch - 4ms/step
Epoch 32/100
782/782 - 3s - loss: 2.2203 - accuracy: 0.1937 - val_loss: 1.8604 - val_accuracy: 0.2944 - 3s/epoch - 4ms/step
Epoch 33/100
782/782 - 3s - loss: 2.2049 - accuracy: 0.1985 - val_loss: 1.8573 - val_accuracy: 0.2939 - 3s/epoch - 4ms/step
Epoch 34/100
782/782 - 3s - loss: 2.2041 - accuracy: 0.1954 - val_loss: 1.8529 - val_accuracy: 0.2993 - 3s/epoch - 4ms/step
Epoch 35/100
782/782 - 3s - loss: 2.2052 - accuracy: 0.1950 - val_loss: 1.8520 - val_accuracy: 0.2970 - 3s/epoch - 4ms/step
Epoch 36/100
782/782 - 3s - loss: 2.1957 - accuracy: 0.1970 - val_loss: 1.8486 - val_accuracy: 0.2986 - 3s/epoch - 4ms/step
Epoch 37/100
782/782 - 3s - loss: 2.1863 - accuracy: 0.1994 - val_loss: 1.8462 - val_accuracy: 0.2997 - 3s/epoch - 4ms/step
Epoch 38/100
782/782 - 3s - loss: 2.1911 - accuracy: 0.1937 - val_loss: 1.8446 - val_accuracy: 0.2990 - 3s/epoch - 4ms/step
Epoch 39/100
782/782 - 3s - loss: 2.1827 - accuracy: 0.1979 - val_loss: 1.8412 - val_accuracy: 0.2987 - 3s/epoch - 4ms/step
Epoch 40/100
782/782 - 3s - loss: 2.1714 - accuracy: 0.2013 - val_loss: 1.8398 - val_accuracy: 0.2994 - 3s/epoch - 4ms/step
Epoch 41/100
782/782 - 3s - loss: 2.1763 - accuracy: 0.2005 - val_loss: 1.8377 - val_accuracy: 0.3006 - 3s/epoch - 4ms/step
Epoch 42/100
782/782 - 3s - loss: 2.1653 - accuracy: 0.2033 - val_loss: 1.8347 - val_accuracy: 0.3017 - 3s/epoch - 4ms/step
Epoch 43/100
782/782 - 3s - loss: 2.1622 - accuracy: 0.2001 - val_loss: 1.8352 - val_accuracy: 0.2961 - 3s/epoch - 4ms/step
Epoch 44/100
782/782 - 3s - loss: 2.1629 - accuracy: 0.1993 - val_loss: 1.8333 - val_accuracy: 0.2996 - 3s/epoch - 4ms/step
Epoch 45/100
782/782 - 3s - loss: 2.1577 - accuracy: 0.2024 - val_loss: 1.8296 - val_accuracy: 0.3020 - 3s/epoch - 4ms/step
Epoch 46/100
782/782 - 3s - loss: 2.1495 - accuracy: 0.2033 - val_loss: 1.8286 - val_accuracy: 0.3039 - 3s/epoch - 4ms/step
Epoch 47/100
782/782 - 3s - loss: 2.1485 - accuracy: 0.2037 - val_loss: 1.8262 - val_accuracy: 0.3038 - 3s/epoch - 4ms/step
Epoch 48/100
782/782 - 3s - loss: 2.1430 - accuracy: 0.2043 - val_loss: 1.8255 - val_accuracy: 0.3038 - 3s/epoch - 4ms/step
Epoch 49/100
782/782 - 3s - loss: 2.1422 - accuracy: 0.2053 - val_loss: 1.8225 - val_accuracy: 0.3050 - 3s/epoch - 4ms/step
Epoch 50/100
782/782 - 3s - loss: 2.1337 - accuracy: 0.2097 - val_loss: 1.8251 - val_accuracy: 0.3064 - 3s/epoch - 4ms/step
Epoch 51/100
782/782 - 3s - loss: 2.1341 - accuracy: 0.2072 - val_loss: 1.8189 - val_accuracy: 0.3077 - 3s/epoch - 4ms/step
Epoch 52/100
782/782 - 3s - loss: 2.1232 - accuracy: 0.2106 - val_loss: 1.8180 - val_accuracy: 0.3048 - 3s/epoch - 4ms/step
Epoch 53/100
782/782 - 3s - loss: 2.1233 - accuracy: 0.2109 - val_loss: 1.8159 - val_accuracy: 0.3060 - 3s/epoch - 4ms/step
Epoch 54/100
782/782 - 3s - loss: 2.1236 - accuracy: 0.2087 - val_loss: 1.8147 - val_accuracy: 0.3065 - 3s/epoch - 4ms/step
Epoch 55/100
782/782 - 3s - loss: 2.1162 - accuracy: 0.2116 - val_loss: 1.8125 - val_accuracy: 0.3082 - 3s/epoch - 4ms/step
Epoch 56/100
782/782 - 3s - loss: 2.1056 - accuracy: 0.2145 - val_loss: 1.8114 - val_accuracy: 0.3058 - 3s/epoch - 4ms/step
Epoch 57/100
782/782 - 3s - loss: 2.1124 - accuracy: 0.2124 - val_loss: 1.8103 - val_accuracy: 0.3074 - 3s/epoch - 4ms/step
Epoch 58/100
782/782 - 3s - loss: 2.1052 - accuracy: 0.2124 - val_loss: 1.8083 - val_accuracy: 0.3089 - 3s/epoch - 4ms/step
Epoch 59/100
782/782 - 3s - loss: 2.1039 - accuracy: 0.2100 - val_loss: 1.8067 - val_accuracy: 0.3089 - 3s/epoch - 4ms/step
Epoch 60/100
782/782 - 3s - loss: 2.0983 - accuracy: 0.2158 - val_loss: 1.8060 - val_accuracy: 0.3089 - 3s/epoch - 4ms/step
Epoch 61/100
782/782 - 3s - loss: 2.0978 - accuracy: 0.2148 - val_loss: 1.8050 - val_accuracy: 0.3114 - 3s/epoch - 4ms/step
Epoch 62/100
782/782 - 3s - loss: 2.0954 - accuracy: 0.2132 - val_loss: 1.8028 - val_accuracy: 0.3099 - 3s/epoch - 4ms/step
Epoch 63/100
782/782 - 3s - loss: 2.0932 - accuracy: 0.2139 - val_loss: 1.8015 - val_accuracy: 0.3113 - 3s/epoch - 4ms/step
Epoch 64/100
782/782 - 3s - loss: 2.0847 - accuracy: 0.2191 - val_loss: 1.8005 - val_accuracy: 0.3106 - 3s/epoch - 4ms/step
Epoch 65/100
782/782 - 3s - loss: 2.0859 - accuracy: 0.2164 - val_loss: 1.8012 - val_accuracy: 0.3107 - 3s/epoch - 4ms/step
Epoch 66/100
782/782 - 3s - loss: 2.0852 - accuracy: 0.2179 - val_loss: 1.8000 - val_accuracy: 0.3142 - 3s/epoch - 4ms/step
Epoch 67/100
782/782 - 3s - loss: 2.0807 - accuracy: 0.2166 - val_loss: 1.7966 - val_accuracy: 0.3123 - 3s/epoch - 4ms/step
Epoch 68/100
782/782 - 3s - loss: 2.0758 - accuracy: 0.2198 - val_loss: 1.7968 - val_accuracy: 0.3133 - 3s/epoch - 4ms/step
Epoch 69/100
782/782 - 3s - loss: 2.0817 - accuracy: 0.2129 - val_loss: 1.7950 - val_accuracy: 0.3137 - 3s/epoch - 4ms/step
Epoch 70/100
782/782 - 3s - loss: 2.0719 - accuracy: 0.2191 - val_loss: 1.7935 - val_accuracy: 0.3126 - 3s/epoch - 4ms/step
Epoch 71/100
782/782 - 3s - loss: 2.0692 - accuracy: 0.2210 - val_loss: 1.7924 - val_accuracy: 0.3145 - 3s/epoch - 4ms/step
Epoch 72/100
782/782 - 3s - loss: 2.0649 - accuracy: 0.2213 - val_loss: 1.7946 - val_accuracy: 0.3148 - 3s/epoch - 4ms/step
Epoch 73/100
782/782 - 3s - loss: 2.0660 - accuracy: 0.2216 - val_loss: 1.7892 - val_accuracy: 0.3150 - 3s/epoch - 4ms/step
Epoch 74/100
782/782 - 3s - loss: 2.0669 - accuracy: 0.2200 - val_loss: 1.7886 - val_accuracy: 0.3168 - 3s/epoch - 4ms/step
Epoch 75/100
782/782 - 3s - loss: 2.0643 - accuracy: 0.2196 - val_loss: 1.7875 - val_accuracy: 0.3146 - 3s/epoch - 4ms/step
Epoch 76/100
782/782 - 3s - loss: 2.0646 - accuracy: 0.2190 - val_loss: 1.7870 - val_accuracy: 0.3160 - 3s/epoch - 4ms/step
Epoch 77/100
782/782 - 3s - loss: 2.0561 - accuracy: 0.2208 - val_loss: 1.7870 - val_accuracy: 0.3161 - 3s/epoch - 4ms/step
Epoch 78/100
782/782 - 3s - loss: 2.0618 - accuracy: 0.2214 - val_loss: 1.7848 - val_accuracy: 0.3156 - 3s/epoch - 4ms/step
Epoch 79/100
782/782 - 3s - loss: 2.0541 - accuracy: 0.2255 - val_loss: 1.7826 - val_accuracy: 0.3160 - 3s/epoch - 4ms/step
Epoch 80/100
782/782 - 3s - loss: 2.0514 - accuracy: 0.2232 - val_loss: 1.7825 - val_accuracy: 0.3161 - 3s/epoch - 4ms/step
Epoch 81/100
782/782 - 3s - loss: 2.0504 - accuracy: 0.2226 - val_loss: 1.7823 - val_accuracy: 0.3185 - 3s/epoch - 4ms/step
Epoch 82/100
782/782 - 3s - loss: 2.0477 - accuracy: 0.2272 - val_loss: 1.7796 - val_accuracy: 0.3199 - 3s/epoch - 4ms/step
Epoch 83/100
782/782 - 3s - loss: 2.0429 - accuracy: 0.2244 - val_loss: 1.7788 - val_accuracy: 0.3184 - 3s/epoch - 4ms/step
Epoch 84/100
782/782 - 3s - loss: 2.0388 - accuracy: 0.2272 - val_loss: 1.7785 - val_accuracy: 0.3202 - 3s/epoch - 4ms/step
Epoch 85/100
782/782 - 3s - loss: 2.0450 - accuracy: 0.2237 - val_loss: 1.7768 - val_accuracy: 0.3198 - 3s/epoch - 4ms/step
Epoch 86/100
782/782 - 3s - loss: 2.0394 - accuracy: 0.2253 - val_loss: 1.7756 - val_accuracy: 0.3207 - 3s/epoch - 4ms/step
Epoch 87/100
782/782 - 3s - loss: 2.0363 - accuracy: 0.2272 - val_loss: 1.7751 - val_accuracy: 0.3215 - 3s/epoch - 4ms/step
Epoch 88/100
782/782 - 3s - loss: 2.0338 - accuracy: 0.2275 - val_loss: 1.7744 - val_accuracy: 0.3217 - 3s/epoch - 4ms/step
Epoch 89/100
782/782 - 3s - loss: 2.0361 - accuracy: 0.2236 - val_loss: 1.7745 - val_accuracy: 0.3206 - 3s/epoch - 4ms/step
Epoch 90/100
782/782 - 3s - loss: 2.0333 - accuracy: 0.2275 - val_loss: 1.7721 - val_accuracy: 0.3232 - 3s/epoch - 4ms/step
Epoch 91/100
782/782 - 3s - loss: 2.0325 - accuracy: 0.2281 - val_loss: 1.7704 - val_accuracy: 0.3243 - 3s/epoch - 4ms/step
Epoch 92/100
782/782 - 3s - loss: 2.0294 - accuracy: 0.2311 - val_loss: 1.7705 - val_accuracy: 0.3224 - 3s/epoch - 4ms/step
Epoch 93/100
782/782 - 3s - loss: 2.0276 - accuracy: 0.2317 - val_loss: 1.7686 - val_accuracy: 0.3245 - 3s/epoch - 4ms/step
Epoch 94/100
782/782 - 3s - loss: 2.0271 - accuracy: 0.2272 - val_loss: 1.7681 - val_accuracy: 0.3242 - 3s/epoch - 4ms/step
Epoch 95/100
782/782 - 3s - loss: 2.0236 - accuracy: 0.2282 - val_loss: 1.7680 - val_accuracy: 0.3235 - 3s/epoch - 4ms/step
Epoch 96/100
782/782 - 3s - loss: 2.0164 - accuracy: 0.2339 - val_loss: 1.7674 - val_accuracy: 0.3234 - 3s/epoch - 4ms/step
Epoch 97/100
782/782 - 3s - loss: 2.0209 - accuracy: 0.2301 - val_loss: 1.7647 - val_accuracy: 0.3256 - 3s/epoch - 4ms/step
Epoch 98/100
782/782 - 3s - loss: 2.0224 - accuracy: 0.2317 - val_loss: 1.7642 - val_accuracy: 0.3248 - 3s/epoch - 4ms/step
Epoch 99/100
782/782 - 3s - loss: 2.0181 - accuracy: 0.2318 - val_loss: 1.7649 - val_accuracy: 0.3243 - 3s/epoch - 4ms/step
Epoch 100/100
782/782 - 3s - loss: 2.0125 - accuracy: 0.2315 - val_loss: 1.7617 - val_accuracy: 0.3269 - 3s/epoch - 4ms/step
313/313 - 1s - loss: 1.7617 - accuracy: 0.3270 - 749ms/epoch - 2ms/step

ACCURACY: 0.3269999921321869


SCORE: -0.5266102984925308

[92m | MODULE VALUES ---------------------------------------------  |
 [0m
FLOPS: 1144848
PARAMS: 58842.0
[92m 
 | -----------------------------------------------------------  |
 [0m

--- BANANAS ITERATION 32 / 1000 ---
Chosen point: {'num_neurons': 4, 'unit_c1': 2, 'unit_c2': 1, 'dr_f': 0.22583743913865167, 'learning_rate': 0.0009617139377409941, 'batch_size': 8, 'optimizer': 'Adamax', 'activation': 'selu', 'data_augmentation': False, 'reg_l2': False, 'skip_connection': True, 'new_fc_1': 21, 'new_fc_2': 15, 'new_fc_3': 2, 'new_fc_4': 14, 'new_fc_5': 11, 'new_fc_6': 5, 'new_fc_7': 5, 'new_fc_8': 29, 'new_fc_9': 12, 'new_fc_10': 13}
[94m
|  --> START TRAINING ITERATION 6[0m
[INFO] Flags -> DA: False, L2: False, Skip: True
Building model with input_shape=(32, 32, 3), pos_input_shape=None, layer_x_block=2
Model: "model"
__________________________________________________________________________________________________
 Layer (type)                Output Shape                 Param #   Connected to                  
==================================================================================================
 input_1 (InputLayer)        [(None, 32, 32, 3)]          0         []                            
                                                                                                  
 conv2d (Conv2D)             (None, 32, 32, 8)            224       ['input_1[0][0]']             
                                                                                                  
 activation (Activation)     (None, 32, 32, 8)            0         ['conv2d[0][0]']              
                                                                                                  
 conv2d_2 (Conv2D)           (None, 32, 32, 8)            32        ['input_1[0][0]']             
                                                                                                  
 conv2d_1 (Conv2D)           (None, 32, 32, 8)            584       ['activation[0][0]']          
                                                                                                  
 add (Add)                   (None, 32, 32, 8)            0         ['conv2d_2[0][0]',            
                                                                     'conv2d_1[0][0]']            
                                                                                                  
 activation_1 (Activation)   (None, 32, 32, 8)            0         ['add[0][0]']                 
                                                                                                  
 max_pooling2d (MaxPooling2  (None, 16, 16, 8)            0         ['activation_1[0][0]']        
 D)                                                                                               
                                                                                                  
 conv2d_3 (Conv2D)           (None, 16, 16, 4)            292       ['max_pooling2d[0][0]']       
                                                                                                  
 activation_2 (Activation)   (None, 16, 16, 4)            0         ['conv2d_3[0][0]']            
                                                                                                  
 conv2d_5 (Conv2D)           (None, 16, 16, 4)            36        ['max_pooling2d[0][0]']       
                                                                                                  
 conv2d_4 (Conv2D)           (None, 16, 16, 4)            148       ['activation_2[0][0]']        
                                                                                                  
 add_1 (Add)                 (None, 16, 16, 4)            0         ['conv2d_5[0][0]',            
                                                                     'conv2d_4[0][0]']            
                                                                                                  
 activation_3 (Activation)   (None, 16, 16, 4)            0         ['add_1[0][0]']               
                                                                                                  
 max_pooling2d_1 (MaxPoolin  (None, 8, 8, 4)              0         ['activation_3[0][0]']        
 g2D)                                                                                             
                                                                                                  
 flatten (Flatten)           (None, 256)                  0         ['max_pooling2d_1[0][0]']     
                                                                                                  
 dense (Dense)               (None, 84)                   21588     ['flatten[0][0]']             
                                                                                                  
 activation_4 (Activation)   (None, 84)                   0         ['dense[0][0]']               
                                                                                                  
 dropout (Dropout)           (None, 84)                   0         ['activation_4[0][0]']        
                                                                                                  
 dense_1 (Dense)             (None, 60)                   5100      ['dropout[0][0]']             
                                                                                                  
 activation_5 (Activation)   (None, 60)                   0         ['dense_1[0][0]']             
                                                                                                  
 dropout_1 (Dropout)         (None, 60)                   0         ['activation_5[0][0]']        
                                                                                                  
 dense_2 (Dense)             (None, 8)                    488       ['dropout_1[0][0]']           
                                                                                                  
 activation_6 (Activation)   (None, 8)                    0         ['dense_2[0][0]']             
                                                                                                  
 dropout_2 (Dropout)         (None, 8)                    0         ['activation_6[0][0]']        
                                                                                                  
 dense_3 (Dense)             (None, 56)                   504       ['dropout_2[0][0]']           
                                                                                                  
 activation_7 (Activation)   (None, 56)                   0         ['dense_3[0][0]']             
                                                                                                  
 dropout_3 (Dropout)         (None, 56)                   0         ['activation_7[0][0]']        
                                                                                                  
 dense_4 (Dense)             (None, 44)                   2508      ['dropout_3[0][0]']           
                                                                                                  
 activation_8 (Activation)   (None, 44)                   0         ['dense_4[0][0]']             
                                                                                                  
 dropout_4 (Dropout)         (None, 44)                   0         ['activation_8[0][0]']        
                                                                                                  
 dense_5 (Dense)             (None, 20)                   900       ['dropout_4[0][0]']           
                                                                                                  
 activation_9 (Activation)   (None, 20)                   0         ['dense_5[0][0]']             
                                                                                                  
 dropout_5 (Dropout)         (None, 20)                   0         ['activation_9[0][0]']        
                                                                                                  
 dense_6 (Dense)             (None, 20)                   420       ['dropout_5[0][0]']           
                                                                                                  
 activation_10 (Activation)  (None, 20)                   0         ['dense_6[0][0]']             
                                                                                                  
 dropout_6 (Dropout)         (None, 20)                   0         ['activation_10[0][0]']       
                                                                                                  
 dense_7 (Dense)             (None, 116)                  2436      ['dropout_6[0][0]']           
                                                                                                  
 activation_11 (Activation)  (None, 116)                  0         ['dense_7[0][0]']             
                                                                                                  
 dropout_7 (Dropout)         (None, 116)                  0         ['activation_11[0][0]']       
                                                                                                  
 dense_8 (Dense)             (None, 48)                   5616      ['dropout_7[0][0]']           
                                                                                                  
 activation_12 (Activation)  (None, 48)                   0         ['dense_8[0][0]']             
                                                                                                  
 dropout_8 (Dropout)         (None, 48)                   0         ['activation_12[0][0]']       
                                                                                                  
 dense_9 (Dense)             (None, 52)                   2548      ['dropout_8[0][0]']           
                                                                                                  
 activation_13 (Activation)  (None, 52)                   0         ['dense_9[0][0]']             
                                                                                                  
 dropout_9 (Dropout)         (None, 52)                   0         ['activation_13[0][0]']       
                                                                                                  
 dense_10 (Dense)            (None, 10)                   530       ['dropout_9[0][0]']           
                                                                                                  
==================================================================================================
Total params: 43954 (171.70 KB)
Trainable params: 43954 (171.70 KB)
Non-trainable params: 0 (0.00 Byte)
__________________________________________________________________________________________________
Epoch 1/100
6250/6250 - 24s - loss: 2.2653 - accuracy: 0.1628 - val_loss: 1.8942 - val_accuracy: 0.2401 - 24s/epoch - 4ms/step
Epoch 2/100
6250/6250 - 22s - loss: 1.9353 - accuracy: 0.2478 - val_loss: 1.6910 - val_accuracy: 0.3451 - 22s/epoch - 3ms/step
Epoch 3/100
6250/6250 - 22s - loss: 1.8395 - accuracy: 0.2804 - val_loss: 1.6416 - val_accuracy: 0.3578 - 22s/epoch - 3ms/step
Epoch 4/100
6250/6250 - 22s - loss: 1.7864 - accuracy: 0.3064 - val_loss: 1.6338 - val_accuracy: 0.3691 - 22s/epoch - 3ms/step
Epoch 5/100
6250/6250 - 21s - loss: 1.7509 - accuracy: 0.3268 - val_loss: 1.6368 - val_accuracy: 0.3628 - 21s/epoch - 3ms/step
Epoch 6/100
6250/6250 - 21s - loss: 1.7216 - accuracy: 0.3409 - val_loss: 1.5892 - val_accuracy: 0.3815 - 21s/epoch - 3ms/step
Epoch 7/100
6250/6250 - 21s - loss: 1.6955 - accuracy: 0.3484 - val_loss: 1.5621 - val_accuracy: 0.3985 - 21s/epoch - 3ms/step
Epoch 8/100
6250/6250 - 22s - loss: 1.6769 - accuracy: 0.3564 - val_loss: 1.5497 - val_accuracy: 0.3988 - 22s/epoch - 3ms/step
Epoch 9/100
6250/6250 - 22s - loss: 1.6593 - accuracy: 0.3634 - val_loss: 1.5629 - val_accuracy: 0.4018 - 22s/epoch - 3ms/step
Epoch 10/100
6250/6250 - 21s - loss: 1.6383 - accuracy: 0.3704 - val_loss: 1.5306 - val_accuracy: 0.4168 - 21s/epoch - 3ms/step
Epoch 11/100
6250/6250 - 21s - loss: 1.6252 - accuracy: 0.3832 - val_loss: 1.5168 - val_accuracy: 0.4265 - 21s/epoch - 3ms/step
Epoch 12/100
6250/6250 - 22s - loss: 1.6102 - accuracy: 0.3809 - val_loss: 1.4985 - val_accuracy: 0.4262 - 22s/epoch - 3ms/step
Epoch 13/100
6250/6250 - 22s - loss: 1.6023 - accuracy: 0.3894 - val_loss: 1.5032 - val_accuracy: 0.4310 - 22s/epoch - 4ms/step
Epoch 14/100
6250/6250 - 22s - loss: 1.5886 - accuracy: 0.3947 - val_loss: 1.4830 - val_accuracy: 0.4361 - 22s/epoch - 3ms/step
Epoch 15/100
6250/6250 - 22s - loss: 1.5719 - accuracy: 0.4041 - val_loss: 1.4809 - val_accuracy: 0.4449 - 22s/epoch - 3ms/step
Epoch 16/100
6250/6250 - 22s - loss: 1.5662 - accuracy: 0.4055 - val_loss: 1.4700 - val_accuracy: 0.4530 - 22s/epoch - 3ms/step
Epoch 17/100
6250/6250 - 22s - loss: 1.5551 - accuracy: 0.4135 - val_loss: 1.4644 - val_accuracy: 0.4424 - 22s/epoch - 3ms/step
Epoch 18/100
6250/6250 - 22s - loss: 1.5496 - accuracy: 0.4183 - val_loss: 1.4357 - val_accuracy: 0.4605 - 22s/epoch - 3ms/step
Epoch 19/100
6250/6250 - 22s - loss: 1.5381 - accuracy: 0.4271 - val_loss: 1.4427 - val_accuracy: 0.4566 - 22s/epoch - 3ms/step
Epoch 20/100
6250/6250 - 22s - loss: 1.5231 - accuracy: 0.4357 - val_loss: 1.4221 - val_accuracy: 0.4764 - 22s/epoch - 3ms/step
Epoch 21/100
6250/6250 - 22s - loss: 1.5085 - accuracy: 0.4435 - val_loss: 1.3922 - val_accuracy: 0.4938 - 22s/epoch - 3ms/step
Epoch 22/100
6250/6250 - 22s - loss: 1.5017 - accuracy: 0.4493 - val_loss: 1.3849 - val_accuracy: 0.5009 - 22s/epoch - 3ms/step
Epoch 23/100
6250/6250 - 22s - loss: 1.4953 - accuracy: 0.4516 - val_loss: 1.3864 - val_accuracy: 0.4910 - 22s/epoch - 3ms/step
Epoch 24/100
6250/6250 - 22s - loss: 1.4801 - accuracy: 0.4630 - val_loss: 1.3994 - val_accuracy: 0.4897 - 22s/epoch - 3ms/step
Epoch 25/100
6250/6250 - 22s - loss: 1.4699 - accuracy: 0.4672 - val_loss: 1.3576 - val_accuracy: 0.5081 - 22s/epoch - 4ms/step
Epoch 26/100
6250/6250 - 22s - loss: 1.4645 - accuracy: 0.4713 - val_loss: 1.3580 - val_accuracy: 0.5036 - 22s/epoch - 3ms/step
Epoch 27/100
6250/6250 - 22s - loss: 1.4563 - accuracy: 0.4722 - val_loss: 1.3565 - val_accuracy: 0.5143 - 22s/epoch - 3ms/step
Epoch 28/100
6250/6250 - 22s - loss: 1.4405 - accuracy: 0.4764 - val_loss: 1.3524 - val_accuracy: 0.5193 - 22s/epoch - 3ms/step
Epoch 29/100
6250/6250 - 21s - loss: 1.4399 - accuracy: 0.4827 - val_loss: 1.3261 - val_accuracy: 0.5221 - 21s/epoch - 3ms/step
Epoch 30/100
6250/6250 - 22s - loss: 1.4344 - accuracy: 0.4890 - val_loss: 1.3362 - val_accuracy: 0.5361 - 22s/epoch - 4ms/step
Epoch 31/100
6250/6250 - 22s - loss: 1.4253 - accuracy: 0.4870 - val_loss: 1.3185 - val_accuracy: 0.5318 - 22s/epoch - 3ms/step
Epoch 32/100
6250/6250 - 22s - loss: 1.4095 - accuracy: 0.4941 - val_loss: 1.3310 - val_accuracy: 0.5337 - 22s/epoch - 3ms/step
Epoch 33/100
6250/6250 - 22s - loss: 1.4033 - accuracy: 0.4964 - val_loss: 1.3110 - val_accuracy: 0.5269 - 22s/epoch - 4ms/step
Epoch 34/100
6250/6250 - 22s - loss: 1.3979 - accuracy: 0.5007 - val_loss: 1.2992 - val_accuracy: 0.5367 - 22s/epoch - 4ms/step
Epoch 35/100
6250/6250 - 22s - loss: 1.3948 - accuracy: 0.5010 - val_loss: 1.2962 - val_accuracy: 0.5404 - 22s/epoch - 4ms/step
Epoch 36/100
6250/6250 - 22s - loss: 1.3852 - accuracy: 0.5049 - val_loss: 1.3182 - val_accuracy: 0.5415 - 22s/epoch - 4ms/step
Epoch 37/100
6250/6250 - 22s - loss: 1.3850 - accuracy: 0.5075 - val_loss: 1.3050 - val_accuracy: 0.5309 - 22s/epoch - 3ms/step
Epoch 38/100
6250/6250 - 21s - loss: 1.3700 - accuracy: 0.5104 - val_loss: 1.2831 - val_accuracy: 0.5529 - 21s/epoch - 3ms/step
Epoch 39/100
6250/6250 - 22s - loss: 1.3696 - accuracy: 0.5127 - val_loss: 1.2910 - val_accuracy: 0.5410 - 22s/epoch - 4ms/step
Epoch 40/100
6250/6250 - 22s - loss: 1.3632 - accuracy: 0.5140 - val_loss: 1.3308 - val_accuracy: 0.5431 - 22s/epoch - 4ms/step
Epoch 41/100
6250/6250 - 22s - loss: 1.3518 - accuracy: 0.5215 - val_loss: 1.2634 - val_accuracy: 0.5483 - 22s/epoch - 4ms/step
Epoch 42/100
6250/6250 - 22s - loss: 1.3533 - accuracy: 0.5211 - val_loss: 1.2695 - val_accuracy: 0.5531 - 22s/epoch - 4ms/step
Epoch 43/100
6250/6250 - 22s - loss: 1.3407 - accuracy: 0.5268 - val_loss: 1.2518 - val_accuracy: 0.5520 - 22s/epoch - 4ms/step
Epoch 44/100
6250/6250 - 22s - loss: 1.3375 - accuracy: 0.5304 - val_loss: 1.2540 - val_accuracy: 0.5511 - 22s/epoch - 4ms/step
Epoch 45/100
6250/6250 - 22s - loss: 1.3369 - accuracy: 0.5287 - val_loss: 1.2596 - val_accuracy: 0.5558 - 22s/epoch - 4ms/step
Epoch 46/100
6250/6250 - 22s - loss: 1.3252 - accuracy: 0.5321 - val_loss: 1.2566 - val_accuracy: 0.5575 - 22s/epoch - 3ms/step
Epoch 47/100
6250/6250 - 22s - loss: 1.3289 - accuracy: 0.5321 - val_loss: 1.2565 - val_accuracy: 0.5576 - 22s/epoch - 4ms/step
Epoch 48/100
6250/6250 - 22s - loss: 1.3228 - accuracy: 0.5329 - val_loss: 1.2349 - val_accuracy: 0.5570 - 22s/epoch - 4ms/step
Epoch 49/100
6250/6250 - 22s - loss: 1.3149 - accuracy: 0.5349 - val_loss: 1.2999 - val_accuracy: 0.5447 - 22s/epoch - 4ms/step
Epoch 50/100
6250/6250 - 22s - loss: 1.3106 - accuracy: 0.5379 - val_loss: 1.2469 - val_accuracy: 0.5560 - 22s/epoch - 4ms/step
Epoch 51/100
6250/6250 - 22s - loss: 1.3126 - accuracy: 0.5387 - val_loss: 1.2538 - val_accuracy: 0.5531 - 22s/epoch - 3ms/step
Epoch 52/100
6250/6250 - 22s - loss: 1.3041 - accuracy: 0.5430 - val_loss: 1.2223 - val_accuracy: 0.5668 - 22s/epoch - 4ms/step
Epoch 53/100
6250/6250 - 22s - loss: 1.2985 - accuracy: 0.5459 - val_loss: 1.2348 - val_accuracy: 0.5751 - 22s/epoch - 3ms/step
Epoch 54/100
6250/6250 - 22s - loss: 1.2922 - accuracy: 0.5437 - val_loss: 1.2388 - val_accuracy: 0.5674 - 22s/epoch - 4ms/step
Epoch 55/100
6250/6250 - 22s - loss: 1.2899 - accuracy: 0.5486 - val_loss: 1.2275 - val_accuracy: 0.5651 - 22s/epoch - 3ms/step
Epoch 56/100
6250/6250 - 21s - loss: 1.2890 - accuracy: 0.5471 - val_loss: 1.2305 - val_accuracy: 0.5785 - 21s/epoch - 3ms/step
Epoch 57/100
6250/6250 - 22s - loss: 1.2802 - accuracy: 0.5527 - val_loss: 1.2486 - val_accuracy: 0.5649 - 22s/epoch - 4ms/step
Epoch 58/100
6250/6250 - 22s - loss: 1.2773 - accuracy: 0.5512 - val_loss: 1.2427 - val_accuracy: 0.5640 - 22s/epoch - 4ms/step
Epoch 59/100
6250/6250 - 23s - loss: 1.2720 - accuracy: 0.5557 - val_loss: 1.2379 - val_accuracy: 0.5678 - 23s/epoch - 4ms/step
Epoch 60/100
6250/6250 - 22s - loss: 1.2717 - accuracy: 0.5562 - val_loss: 1.2139 - val_accuracy: 0.5806 - 22s/epoch - 4ms/step
Epoch 61/100
6250/6250 - 22s - loss: 1.2669 - accuracy: 0.5548 - val_loss: 1.2253 - val_accuracy: 0.5783 - 22s/epoch - 4ms/step
Epoch 62/100
6250/6250 - 22s - loss: 1.2687 - accuracy: 0.5570 - val_loss: 1.2223 - val_accuracy: 0.5802 - 22s/epoch - 4ms/step
Epoch 63/100
6250/6250 - 22s - loss: 1.2623 - accuracy: 0.5565 - val_loss: 1.2086 - val_accuracy: 0.5861 - 22s/epoch - 4ms/step
Epoch 64/100
6250/6250 - 22s - loss: 1.2571 - accuracy: 0.5626 - val_loss: 1.2053 - val_accuracy: 0.5863 - 22s/epoch - 4ms/step
Epoch 65/100
6250/6250 - 22s - loss: 1.2620 - accuracy: 0.5600 - val_loss: 1.2320 - val_accuracy: 0.5798 - 22s/epoch - 4ms/step
Epoch 66/100
6250/6250 - 22s - loss: 1.2568 - accuracy: 0.5593 - val_loss: 1.2066 - val_accuracy: 0.5767 - 22s/epoch - 4ms/step
Epoch 67/100
6250/6250 - 22s - loss: 1.2526 - accuracy: 0.5615 - val_loss: 1.2283 - val_accuracy: 0.5763 - 22s/epoch - 3ms/step
Epoch 68/100
6250/6250 - 21s - loss: 1.2505 - accuracy: 0.5641 - val_loss: 1.2070 - val_accuracy: 0.5842 - 21s/epoch - 3ms/step
Epoch 69/100
6250/6250 - 23s - loss: 1.2508 - accuracy: 0.5609 - val_loss: 1.2026 - val_accuracy: 0.5730 - 23s/epoch - 4ms/step
Epoch 70/100
6250/6250 - 22s - loss: 1.2398 - accuracy: 0.5647 - val_loss: 1.2061 - val_accuracy: 0.5882 - 22s/epoch - 4ms/step
Epoch 71/100
6250/6250 - 23s - loss: 1.2370 - accuracy: 0.5678 - val_loss: 1.2039 - val_accuracy: 0.5802 - 23s/epoch - 4ms/step
Epoch 72/100
6250/6250 - 22s - loss: 1.2366 - accuracy: 0.5681 - val_loss: 1.1989 - val_accuracy: 0.5885 - 22s/epoch - 4ms/step
Epoch 73/100
6250/6250 - 22s - loss: 1.2383 - accuracy: 0.5680 - val_loss: 1.2009 - val_accuracy: 0.5843 - 22s/epoch - 4ms/step
Epoch 74/100
6250/6250 - 22s - loss: 1.2338 - accuracy: 0.5693 - val_loss: 1.1960 - val_accuracy: 0.5892 - 22s/epoch - 4ms/step
Epoch 75/100
6250/6250 - 22s - loss: 1.2321 - accuracy: 0.5707 - val_loss: 1.2027 - val_accuracy: 0.5839 - 22s/epoch - 4ms/step
Epoch 76/100
6250/6250 - 23s - loss: 1.2270 - accuracy: 0.5725 - val_loss: 1.1911 - val_accuracy: 0.5843 - 23s/epoch - 4ms/step
Epoch 77/100
6250/6250 - 22s - loss: 1.2260 - accuracy: 0.5743 - val_loss: 1.1846 - val_accuracy: 0.5939 - 22s/epoch - 3ms/step
Epoch 78/100
6250/6250 - 22s - loss: 1.2204 - accuracy: 0.5748 - val_loss: 1.1806 - val_accuracy: 0.5947 - 22s/epoch - 4ms/step
Epoch 79/100
6250/6250 - 22s - loss: 1.2188 - accuracy: 0.5771 - val_loss: 1.1866 - val_accuracy: 0.5890 - 22s/epoch - 4ms/step
Epoch 80/100
6250/6250 - 22s - loss: 1.2195 - accuracy: 0.5767 - val_loss: 1.1785 - val_accuracy: 0.5893 - 22s/epoch - 4ms/step
Epoch 81/100
6250/6250 - 22s - loss: 1.2214 - accuracy: 0.5753 - val_loss: 1.1891 - val_accuracy: 0.5924 - 22s/epoch - 4ms/step
Epoch 82/100
6250/6250 - 22s - loss: 1.2141 - accuracy: 0.5786 - val_loss: 1.1777 - val_accuracy: 0.5927 - 22s/epoch - 4ms/step
Epoch 83/100
6250/6250 - 22s - loss: 1.2165 - accuracy: 0.5779 - val_loss: 1.1975 - val_accuracy: 0.5746 - 22s/epoch - 4ms/step
Epoch 84/100
6250/6250 - 22s - loss: 1.2150 - accuracy: 0.5765 - val_loss: 1.1857 - val_accuracy: 0.5940 - 22s/epoch - 4ms/step
Epoch 85/100
6250/6250 - 22s - loss: 1.2132 - accuracy: 0.5799 - val_loss: 1.1915 - val_accuracy: 0.5866 - 22s/epoch - 4ms/step
Epoch 86/100
6250/6250 - 22s - loss: 1.2078 - accuracy: 0.5807 - val_loss: 1.1849 - val_accuracy: 0.5892 - 22s/epoch - 3ms/step
Epoch 87/100
6250/6250 - 22s - loss: 1.2016 - accuracy: 0.5827 - val_loss: 1.1832 - val_accuracy: 0.5937 - 22s/epoch - 3ms/step
Epoch 88/100
6250/6250 - 22s - loss: 1.2071 - accuracy: 0.5811 - val_loss: 1.1759 - val_accuracy: 0.5962 - 22s/epoch - 3ms/step
Epoch 89/100
6250/6250 - 22s - loss: 1.2052 - accuracy: 0.5832 - val_loss: 1.1742 - val_accuracy: 0.5976 - 22s/epoch - 3ms/step
Epoch 90/100
6250/6250 - 22s - loss: 1.1980 - accuracy: 0.5845 - val_loss: 1.1708 - val_accuracy: 0.5966 - 22s/epoch - 3ms/step
Epoch 91/100
6250/6250 - 22s - loss: 1.2018 - accuracy: 0.5803 - val_loss: 1.1947 - val_accuracy: 0.5926 - 22s/epoch - 4ms/step
Epoch 92/100
6250/6250 - 22s - loss: 1.2012 - accuracy: 0.5837 - val_loss: 1.2081 - val_accuracy: 0.5896 - 22s/epoch - 3ms/step
Epoch 93/100
6250/6250 - 22s - loss: 1.1992 - accuracy: 0.5846 - val_loss: 1.1671 - val_accuracy: 0.6044 - 22s/epoch - 4ms/step
Epoch 94/100
6250/6250 - 22s - loss: 1.1872 - accuracy: 0.5891 - val_loss: 1.1748 - val_accuracy: 0.5960 - 22s/epoch - 3ms/step
Epoch 95/100
6250/6250 - 22s - loss: 1.1886 - accuracy: 0.5888 - val_loss: 1.1648 - val_accuracy: 0.6013 - 22s/epoch - 3ms/step
Epoch 96/100
6250/6250 - 22s - loss: 1.1908 - accuracy: 0.5906 - val_loss: 1.1847 - val_accuracy: 0.6001 - 22s/epoch - 3ms/step
Epoch 97/100
6250/6250 - 22s - loss: 1.1879 - accuracy: 0.5889 - val_loss: 1.1748 - val_accuracy: 0.6075 - 22s/epoch - 3ms/step
Epoch 98/100
6250/6250 - 22s - loss: 1.1817 - accuracy: 0.5924 - val_loss: 1.1637 - val_accuracy: 0.6089 - 22s/epoch - 3ms/step
Epoch 99/100
6250/6250 - 22s - loss: 1.1839 - accuracy: 0.5951 - val_loss: 1.1683 - val_accuracy: 0.6032 - 22s/epoch - 3ms/step
Epoch 100/100
6250/6250 - 22s - loss: 1.1807 - accuracy: 0.5983 - val_loss: 1.1615 - val_accuracy: 0.6040 - 22s/epoch - 3ms/step
313/313 - 1s - loss: 1.1615 - accuracy: 0.6040 - 561ms/epoch - 2ms/step

ACCURACY: 0.6039999723434448


SCORE: -0.7187207326404113

[92m | MODULE VALUES ---------------------------------------------  |
 [0m
FLOPS: 2039624
PARAMS: 43954.0
[92m 
 | -----------------------------------------------------------  |
 [0m
[INFO] New Best Score: -0.7187 (Previous: -0.5365)

--- BANANAS ITERATION 33 / 1000 ---
Chosen point: {'num_neurons': 4, 'unit_c1': 1, 'unit_c2': 5, 'dr_f': 0.17595705162240363, 'learning_rate': 0.0005533277762788886, 'batch_size': 16, 'optimizer': 'SGD', 'activation': 'selu', 'data_augmentation': True, 'reg_l2': True, 'skip_connection': True, 'new_fc_1': 19, 'new_fc_2': 17, 'new_fc_3': 0, 'new_fc_4': 6, 'new_fc_5': 9, 'new_fc_6': 11, 'new_fc_7': 15, 'new_fc_8': 32, 'new_fc_9': 10, 'new_fc_10': 2}
[94m
|  --> START TRAINING ITERATION 7[0m
[INFO] Flags -> DA: True, L2: True, Skip: True
Building model with input_shape=(32, 32, 3), pos_input_shape=None, layer_x_block=2
Model: "model"
__________________________________________________________________________________________________
 Layer (type)                Output Shape                 Param #   Connected to                  
==================================================================================================
 input_2 (InputLayer)        [(None, 32, 32, 3)]          0         []                            
                                                                                                  
 conv2d (Conv2D)             (None, 32, 32, 4)            112       ['input_2[0][0]']             
                                                                                                  
 activation (Activation)     (None, 32, 32, 4)            0         ['conv2d[1][0]']              
                                                                                                  
 conv2d_2 (Conv2D)           (None, 32, 32, 4)            16        ['input_2[0][0]']             
                                                                                                  
 conv2d_1 (Conv2D)           (None, 32, 32, 4)            148       ['activation[1][0]']          
                                                                                                  
 add (Add)                   (None, 32, 32, 4)            0         ['conv2d_2[1][0]',            
                                                                     'conv2d_1[1][0]']            
                                                                                                  
 activation_1 (Activation)   (None, 32, 32, 4)            0         ['add[1][0]']                 
                                                                                                  
 max_pooling2d (MaxPooling2  (None, 16, 16, 4)            0         ['activation_1[1][0]']        
 D)                                                                                               
                                                                                                  
 conv2d_3 (Conv2D)           (None, 16, 16, 20)           740       ['max_pooling2d[1][0]']       
                                                                                                  
 activation_2 (Activation)   (None, 16, 16, 20)           0         ['conv2d_3[1][0]']            
                                                                                                  
 conv2d_5 (Conv2D)           (None, 16, 16, 20)           100       ['max_pooling2d[1][0]']       
                                                                                                  
 conv2d_4 (Conv2D)           (None, 16, 16, 20)           3620      ['activation_2[1][0]']        
                                                                                                  
 add_1 (Add)                 (None, 16, 16, 20)           0         ['conv2d_5[1][0]',            
                                                                     'conv2d_4[1][0]']            
                                                                                                  
 activation_3 (Activation)   (None, 16, 16, 20)           0         ['add_1[1][0]']               
                                                                                                  
 max_pooling2d_1 (MaxPoolin  (None, 8, 8, 20)             0         ['activation_3[1][0]']        
 g2D)                                                                                             
                                                                                                  
 flatten (Flatten)           (None, 1280)                 0         ['max_pooling2d_1[1][0]']     
                                                                                                  
 dense (Dense)               (None, 76)                   97356     ['flatten[1][0]']             
                                                                                                  
 activation_4 (Activation)   (None, 76)                   0         ['dense[1][0]']               
                                                                                                  
 dropout (Dropout)           (None, 76)                   0         ['activation_4[1][0]']        
                                                                                                  
 dense_1 (Dense)             (None, 68)                   5236      ['dropout[1][0]']             
                                                                                                  
 activation_5 (Activation)   (None, 68)                   0         ['dense_1[1][0]']             
                                                                                                  
 dropout_1 (Dropout)         (None, 68)                   0         ['activation_5[1][0]']        
                                                                                                  
 dense_2 (Dense)             (None, 24)                   1656      ['dropout_1[1][0]']           
                                                                                                  
 activation_6 (Activation)   (None, 24)                   0         ['dense_2[1][0]']             
                                                                                                  
 dropout_2 (Dropout)         (None, 24)                   0         ['activation_6[1][0]']        
                                                                                                  
 dense_3 (Dense)             (None, 36)                   900       ['dropout_2[1][0]']           
                                                                                                  
 activation_7 (Activation)   (None, 36)                   0         ['dense_3[1][0]']             
                                                                                                  
 dropout_3 (Dropout)         (None, 36)                   0         ['activation_7[1][0]']        
                                                                                                  
 dense_4 (Dense)             (None, 44)                   1628      ['dropout_3[1][0]']           
                                                                                                  
 activation_8 (Activation)   (None, 44)                   0         ['dense_4[1][0]']             
                                                                                                  
 dropout_4 (Dropout)         (None, 44)                   0         ['activation_8[1][0]']        
                                                                                                  
 dense_5 (Dense)             (None, 60)                   2700      ['dropout_4[1][0]']           
                                                                                                  
 activation_9 (Activation)   (None, 60)                   0         ['dense_5[1][0]']             
                                                                                                  
 dropout_5 (Dropout)         (None, 60)                   0         ['activation_9[1][0]']        
                                                                                                  
 dense_6 (Dense)             (None, 128)                  7808      ['dropout_5[1][0]']           
                                                                                                  
 activation_10 (Activation)  (None, 128)                  0         ['dense_6[1][0]']             
                                                                                                  
 dropout_6 (Dropout)         (None, 128)                  0         ['activation_10[1][0]']       
                                                                                                  
 dense_7 (Dense)             (None, 40)                   5160      ['dropout_6[1][0]']           
                                                                                                  
 activation_11 (Activation)  (None, 40)                   0         ['dense_7[1][0]']             
                                                                                                  
 dropout_7 (Dropout)         (None, 40)                   0         ['activation_11[1][0]']       
                                                                                                  
 dense_8 (Dense)             (None, 8)                    328       ['dropout_7[1][0]']           
                                                                                                  
 activation_12 (Activation)  (None, 8)                    0         ['dense_8[1][0]']             
                                                                                                  
 dropout_8 (Dropout)         (None, 8)                    0         ['activation_12[1][0]']       
                                                                                                  
 dense_9 (Dense)             (None, 10)                   90        ['dropout_8[1][0]']           
                                                                                                  
==================================================================================================
Total params: 127598 (498.43 KB)
Trainable params: 127598 (498.43 KB)
Non-trainable params: 0 (0.00 Byte)
__________________________________________________________________________________________________
Epoch 1/100
3125/3125 - 11s - loss: 8.1000 - accuracy: 0.1266 - val_loss: 7.3703 - val_accuracy: 0.2307 - 11s/epoch - 4ms/step
Epoch 2/100
3125/3125 - 10s - loss: 7.3553 - accuracy: 0.1884 - val_loss: 6.8396 - val_accuracy: 0.2914 - 10s/epoch - 3ms/step
Epoch 3/100
3125/3125 - 10s - loss: 6.8412 - accuracy: 0.2228 - val_loss: 6.4436 - val_accuracy: 0.3132 - 10s/epoch - 3ms/step
Epoch 4/100
3125/3125 - 9s - loss: 6.4433 - accuracy: 0.2420 - val_loss: 6.1075 - val_accuracy: 0.3098 - 9s/epoch - 3ms/step
Epoch 5/100
3125/3125 - 10s - loss: 6.0968 - accuracy: 0.2558 - val_loss: 5.7952 - val_accuracy: 0.3341 - 10s/epoch - 3ms/step
Epoch 6/100
3125/3125 - 9s - loss: 5.7947 - accuracy: 0.2651 - val_loss: 5.5214 - val_accuracy: 0.3517 - 9s/epoch - 3ms/step
Epoch 7/100
3125/3125 - 10s - loss: 5.5209 - accuracy: 0.2798 - val_loss: 5.2747 - val_accuracy: 0.3455 - 10s/epoch - 3ms/step
Epoch 8/100
3125/3125 - 10s - loss: 5.2736 - accuracy: 0.2851 - val_loss: 5.0410 - val_accuracy: 0.3582 - 10s/epoch - 3ms/step
Epoch 9/100
3125/3125 - 10s - loss: 5.0459 - accuracy: 0.2971 - val_loss: 4.8329 - val_accuracy: 0.3636 - 10s/epoch - 3ms/step
Epoch 10/100
3125/3125 - 10s - loss: 4.8410 - accuracy: 0.3019 - val_loss: 4.6409 - val_accuracy: 0.3637 - 10s/epoch - 3ms/step
Epoch 11/100
3125/3125 - 10s - loss: 4.6435 - accuracy: 0.3115 - val_loss: 4.4631 - val_accuracy: 0.3634 - 10s/epoch - 3ms/step
Epoch 12/100
3125/3125 - 10s - loss: 4.4611 - accuracy: 0.3208 - val_loss: 4.3179 - val_accuracy: 0.3617 - 10s/epoch - 3ms/step
Epoch 13/100
3125/3125 - 10s - loss: 4.2968 - accuracy: 0.3238 - val_loss: 4.1237 - val_accuracy: 0.3752 - 10s/epoch - 3ms/step
Epoch 14/100
3125/3125 - 10s - loss: 4.1409 - accuracy: 0.3326 - val_loss: 3.9783 - val_accuracy: 0.3779 - 10s/epoch - 3ms/step
Epoch 15/100
3125/3125 - 10s - loss: 3.9970 - accuracy: 0.3347 - val_loss: 3.8393 - val_accuracy: 0.3803 - 10s/epoch - 3ms/step
Epoch 16/100
3125/3125 - 10s - loss: 3.8581 - accuracy: 0.3414 - val_loss: 3.7098 - val_accuracy: 0.3852 - 10s/epoch - 3ms/step
Epoch 17/100
3125/3125 - 10s - loss: 3.7345 - accuracy: 0.3439 - val_loss: 3.5984 - val_accuracy: 0.3855 - 10s/epoch - 3ms/step
Epoch 18/100
3125/3125 - 10s - loss: 3.6187 - accuracy: 0.3497 - val_loss: 3.4820 - val_accuracy: 0.3874 - 10s/epoch - 3ms/step
Epoch 19/100
3125/3125 - 10s - loss: 3.5066 - accuracy: 0.3522 - val_loss: 3.3813 - val_accuracy: 0.3861 - 10s/epoch - 3ms/step
Epoch 20/100
3125/3125 - 10s - loss: 3.4048 - accuracy: 0.3550 - val_loss: 3.2758 - val_accuracy: 0.3936 - 10s/epoch - 3ms/step
Epoch 21/100
3125/3125 - 10s - loss: 3.3083 - accuracy: 0.3601 - val_loss: 3.1844 - val_accuracy: 0.3973 - 10s/epoch - 3ms/step
Epoch 22/100
3125/3125 - 10s - loss: 3.2212 - accuracy: 0.3610 - val_loss: 3.1061 - val_accuracy: 0.3995 - 10s/epoch - 3ms/step
Epoch 23/100
3125/3125 - 10s - loss: 3.1387 - accuracy: 0.3681 - val_loss: 3.0219 - val_accuracy: 0.4024 - 10s/epoch - 3ms/step
Epoch 24/100
3125/3125 - 10s - loss: 3.0621 - accuracy: 0.3691 - val_loss: 2.9506 - val_accuracy: 0.4024 - 10s/epoch - 3ms/step
Epoch 25/100
3125/3125 - 10s - loss: 2.9878 - accuracy: 0.3752 - val_loss: 2.8895 - val_accuracy: 0.3972 - 10s/epoch - 3ms/step
Epoch 26/100
3125/3125 - 10s - loss: 2.9195 - accuracy: 0.3765 - val_loss: 2.8166 - val_accuracy: 0.4044 - 10s/epoch - 3ms/step
Epoch 27/100
3125/3125 - 10s - loss: 2.8548 - accuracy: 0.3819 - val_loss: 2.7567 - val_accuracy: 0.4083 - 10s/epoch - 3ms/step
Epoch 28/100
3125/3125 - 10s - loss: 2.7969 - accuracy: 0.3836 - val_loss: 2.6978 - val_accuracy: 0.4149 - 10s/epoch - 3ms/step
Epoch 29/100
3125/3125 - 10s - loss: 2.7381 - accuracy: 0.3888 - val_loss: 2.6536 - val_accuracy: 0.4134 - 10s/epoch - 3ms/step
Epoch 30/100
3125/3125 - 10s - loss: 2.6877 - accuracy: 0.3882 - val_loss: 2.5990 - val_accuracy: 0.4132 - 10s/epoch - 3ms/step
Epoch 31/100
3125/3125 - 10s - loss: 2.6366 - accuracy: 0.3902 - val_loss: 2.5472 - val_accuracy: 0.4241 - 10s/epoch - 3ms/step
Epoch 32/100
3125/3125 - 10s - loss: 2.5925 - accuracy: 0.3924 - val_loss: 2.5152 - val_accuracy: 0.4170 - 10s/epoch - 3ms/step
Epoch 33/100
3125/3125 - 10s - loss: 2.5467 - accuracy: 0.3984 - val_loss: 2.4594 - val_accuracy: 0.4211 - 10s/epoch - 3ms/step
Epoch 34/100
3125/3125 - 10s - loss: 2.5031 - accuracy: 0.4003 - val_loss: 2.4253 - val_accuracy: 0.4242 - 10s/epoch - 3ms/step
Epoch 35/100
3125/3125 - 10s - loss: 2.4674 - accuracy: 0.4000 - val_loss: 2.3820 - val_accuracy: 0.4303 - 10s/epoch - 3ms/step
Epoch 36/100
3125/3125 - 10s - loss: 2.4311 - accuracy: 0.4072 - val_loss: 2.3519 - val_accuracy: 0.4270 - 10s/epoch - 3ms/step
Epoch 37/100
3125/3125 - 10s - loss: 2.3962 - accuracy: 0.4085 - val_loss: 2.3241 - val_accuracy: 0.4288 - 10s/epoch - 3ms/step
Epoch 38/100
3125/3125 - 10s - loss: 2.3645 - accuracy: 0.4086 - val_loss: 2.2883 - val_accuracy: 0.4362 - 10s/epoch - 3ms/step
Epoch 39/100
3125/3125 - 10s - loss: 2.3358 - accuracy: 0.4083 - val_loss: 2.2600 - val_accuracy: 0.4315 - 10s/epoch - 3ms/step
Epoch 40/100
3125/3125 - 10s - loss: 2.3077 - accuracy: 0.4110 - val_loss: 2.2410 - val_accuracy: 0.4356 - 10s/epoch - 3ms/step
Epoch 41/100
3125/3125 - 10s - loss: 2.2802 - accuracy: 0.4143 - val_loss: 2.2091 - val_accuracy: 0.4323 - 10s/epoch - 3ms/step
Epoch 42/100
3125/3125 - 10s - loss: 2.2582 - accuracy: 0.4161 - val_loss: 2.2003 - val_accuracy: 0.4376 - 10s/epoch - 3ms/step
Epoch 43/100
3125/3125 - 10s - loss: 2.2304 - accuracy: 0.4193 - val_loss: 2.1638 - val_accuracy: 0.4409 - 10s/epoch - 3ms/step
Epoch 44/100
3125/3125 - 10s - loss: 2.2091 - accuracy: 0.4182 - val_loss: 2.1380 - val_accuracy: 0.4484 - 10s/epoch - 3ms/step
Epoch 45/100
3125/3125 - 10s - loss: 2.1878 - accuracy: 0.4226 - val_loss: 2.1197 - val_accuracy: 0.4446 - 10s/epoch - 3ms/step
Epoch 46/100
3125/3125 - 10s - loss: 2.1671 - accuracy: 0.4248 - val_loss: 2.1020 - val_accuracy: 0.4456 - 10s/epoch - 3ms/step
Epoch 47/100
3125/3125 - 10s - loss: 2.1502 - accuracy: 0.4239 - val_loss: 2.0871 - val_accuracy: 0.4440 - 10s/epoch - 3ms/step
Epoch 48/100
3125/3125 - 10s - loss: 2.1301 - accuracy: 0.4251 - val_loss: 2.1095 - val_accuracy: 0.4306 - 10s/epoch - 3ms/step
Epoch 49/100
3125/3125 - 10s - loss: 2.1175 - accuracy: 0.4283 - val_loss: 2.0582 - val_accuracy: 0.4449 - 10s/epoch - 3ms/step
Epoch 50/100
3125/3125 - 10s - loss: 2.0977 - accuracy: 0.4287 - val_loss: 2.0390 - val_accuracy: 0.4503 - 10s/epoch - 3ms/step
Epoch 51/100
3125/3125 - 10s - loss: 2.0852 - accuracy: 0.4293 - val_loss: 2.0299 - val_accuracy: 0.4510 - 10s/epoch - 3ms/step
Epoch 52/100
3125/3125 - 10s - loss: 2.0704 - accuracy: 0.4322 - val_loss: 2.0119 - val_accuracy: 0.4539 - 10s/epoch - 3ms/step
Epoch 53/100
3125/3125 - 10s - loss: 2.0582 - accuracy: 0.4318 - val_loss: 1.9947 - val_accuracy: 0.4554 - 10s/epoch - 3ms/step
Epoch 54/100
3125/3125 - 10s - loss: 2.0445 - accuracy: 0.4356 - val_loss: 2.0038 - val_accuracy: 0.4535 - 10s/epoch - 3ms/step
Epoch 55/100
3125/3125 - 10s - loss: 2.0327 - accuracy: 0.4347 - val_loss: 1.9902 - val_accuracy: 0.4562 - 10s/epoch - 3ms/step
Epoch 56/100
3125/3125 - 10s - loss: 2.0218 - accuracy: 0.4389 - val_loss: 1.9722 - val_accuracy: 0.4530 - 10s/epoch - 3ms/step
Epoch 57/100
3125/3125 - 10s - loss: 2.0090 - accuracy: 0.4383 - val_loss: 1.9572 - val_accuracy: 0.4610 - 10s/epoch - 3ms/step
Epoch 58/100
3125/3125 - 10s - loss: 1.9986 - accuracy: 0.4381 - val_loss: 1.9528 - val_accuracy: 0.4525 - 10s/epoch - 3ms/step
Epoch 59/100
3125/3125 - 10s - loss: 1.9886 - accuracy: 0.4413 - val_loss: 1.9385 - val_accuracy: 0.4575 - 10s/epoch - 3ms/step
Epoch 60/100
3125/3125 - 10s - loss: 1.9769 - accuracy: 0.4437 - val_loss: 1.9353 - val_accuracy: 0.4534 - 10s/epoch - 3ms/step
Epoch 61/100
3125/3125 - 10s - loss: 1.9710 - accuracy: 0.4431 - val_loss: 1.9544 - val_accuracy: 0.4524 - 10s/epoch - 3ms/step
Epoch 62/100
3125/3125 - 10s - loss: 1.9603 - accuracy: 0.4458 - val_loss: 1.9158 - val_accuracy: 0.4645 - 10s/epoch - 3ms/step
Epoch 63/100
3125/3125 - 10s - loss: 1.9540 - accuracy: 0.4442 - val_loss: 1.9052 - val_accuracy: 0.4615 - 10s/epoch - 3ms/step
Epoch 64/100
3125/3125 - 9s - loss: 1.9423 - accuracy: 0.4485 - val_loss: 1.8956 - val_accuracy: 0.4640 - 9s/epoch - 3ms/step
Epoch 65/100
3125/3125 - 10s - loss: 1.9362 - accuracy: 0.4507 - val_loss: 1.8900 - val_accuracy: 0.4612 - 10s/epoch - 3ms/step
Epoch 66/100
3125/3125 - 10s - loss: 1.9323 - accuracy: 0.4509 - val_loss: 1.8802 - val_accuracy: 0.4624 - 10s/epoch - 3ms/step
Epoch 67/100
3125/3125 - 10s - loss: 1.9233 - accuracy: 0.4512 - val_loss: 1.8805 - val_accuracy: 0.4645 - 10s/epoch - 3ms/step
Epoch 68/100
3125/3125 - 10s - loss: 1.9153 - accuracy: 0.4550 - val_loss: 1.8897 - val_accuracy: 0.4616 - 10s/epoch - 3ms/step
Epoch 69/100
3125/3125 - 10s - loss: 1.9109 - accuracy: 0.4538 - val_loss: 1.8676 - val_accuracy: 0.4651 - 10s/epoch - 3ms/step
Epoch 70/100
3125/3125 - 10s - loss: 1.9022 - accuracy: 0.4566 - val_loss: 1.8656 - val_accuracy: 0.4626 - 10s/epoch - 3ms/step
Epoch 71/100
3125/3125 - 10s - loss: 1.8973 - accuracy: 0.4570 - val_loss: 1.8794 - val_accuracy: 0.4636 - 10s/epoch - 3ms/step
Epoch 72/100
3125/3125 - 10s - loss: 1.8913 - accuracy: 0.4567 - val_loss: 1.8566 - val_accuracy: 0.4666 - 10s/epoch - 3ms/step
Epoch 73/100
3125/3125 - 10s - loss: 1.8863 - accuracy: 0.4575 - val_loss: 1.8448 - val_accuracy: 0.4674 - 10s/epoch - 3ms/step
Epoch 74/100
3125/3125 - 10s - loss: 1.8817 - accuracy: 0.4580 - val_loss: 1.8436 - val_accuracy: 0.4644 - 10s/epoch - 3ms/step
Epoch 75/100
3125/3125 - 10s - loss: 1.8780 - accuracy: 0.4593 - val_loss: 1.8371 - val_accuracy: 0.4686 - 10s/epoch - 3ms/step
Epoch 76/100
3125/3125 - 10s - loss: 1.8719 - accuracy: 0.4589 - val_loss: 1.8377 - val_accuracy: 0.4666 - 10s/epoch - 3ms/step
Epoch 77/100
3125/3125 - 10s - loss: 1.8660 - accuracy: 0.4591 - val_loss: 1.8347 - val_accuracy: 0.4667 - 10s/epoch - 3ms/step
Epoch 78/100
3125/3125 - 10s - loss: 1.8623 - accuracy: 0.4597 - val_loss: 1.8220 - val_accuracy: 0.4674 - 10s/epoch - 3ms/step
Epoch 79/100
3125/3125 - 10s - loss: 1.8580 - accuracy: 0.4591 - val_loss: 1.8234 - val_accuracy: 0.4725 - 10s/epoch - 3ms/step
Epoch 80/100
3125/3125 - 10s - loss: 1.8560 - accuracy: 0.4631 - val_loss: 1.8336 - val_accuracy: 0.4684 - 10s/epoch - 3ms/step
Epoch 81/100
3125/3125 - 10s - loss: 1.8471 - accuracy: 0.4627 - val_loss: 1.8159 - val_accuracy: 0.4740 - 10s/epoch - 3ms/step
Epoch 82/100
3125/3125 - 10s - loss: 1.8487 - accuracy: 0.4615 - val_loss: 1.8129 - val_accuracy: 0.4713 - 10s/epoch - 3ms/step
Epoch 83/100
3125/3125 - 10s - loss: 1.8439 - accuracy: 0.4641 - val_loss: 1.8066 - val_accuracy: 0.4773 - 10s/epoch - 3ms/step
Epoch 84/100
3125/3125 - 10s - loss: 1.8393 - accuracy: 0.4656 - val_loss: 1.8110 - val_accuracy: 0.4719 - 10s/epoch - 3ms/step
Epoch 85/100
3125/3125 - 10s - loss: 1.8360 - accuracy: 0.4653 - val_loss: 1.8005 - val_accuracy: 0.4761 - 10s/epoch - 3ms/step
Epoch 86/100
3125/3125 - 10s - loss: 1.8294 - accuracy: 0.4692 - val_loss: 1.8122 - val_accuracy: 0.4629 - 10s/epoch - 3ms/step
Epoch 87/100
3125/3125 - 10s - loss: 1.8282 - accuracy: 0.4654 - val_loss: 1.8150 - val_accuracy: 0.4724 - 10s/epoch - 3ms/step
Epoch 88/100
3125/3125 - 10s - loss: 1.8250 - accuracy: 0.4690 - val_loss: 1.7953 - val_accuracy: 0.4769 - 10s/epoch - 3ms/step
Epoch 89/100
3125/3125 - 10s - loss: 1.8187 - accuracy: 0.4686 - val_loss: 1.7924 - val_accuracy: 0.4735 - 10s/epoch - 3ms/step
Epoch 90/100
3125/3125 - 10s - loss: 1.8184 - accuracy: 0.4703 - val_loss: 1.7947 - val_accuracy: 0.4726 - 10s/epoch - 3ms/step
Epoch 91/100
3125/3125 - 10s - loss: 1.8187 - accuracy: 0.4682 - val_loss: 1.7915 - val_accuracy: 0.4754 - 10s/epoch - 3ms/step
Epoch 92/100
3125/3125 - 10s - loss: 1.8158 - accuracy: 0.4707 - val_loss: 1.7843 - val_accuracy: 0.4733 - 10s/epoch - 3ms/step
Epoch 93/100
3125/3125 - 10s - loss: 1.8096 - accuracy: 0.4732 - val_loss: 1.7799 - val_accuracy: 0.4796 - 10s/epoch - 3ms/step
Epoch 94/100
3125/3125 - 10s - loss: 1.8071 - accuracy: 0.4710 - val_loss: 1.7853 - val_accuracy: 0.4729 - 10s/epoch - 3ms/step
Epoch 95/100
3125/3125 - 10s - loss: 1.8047 - accuracy: 0.4706 - val_loss: 1.7790 - val_accuracy: 0.4775 - 10s/epoch - 3ms/step
Epoch 96/100
3125/3125 - 10s - loss: 1.8025 - accuracy: 0.4740 - val_loss: 1.7819 - val_accuracy: 0.4727 - 10s/epoch - 3ms/step
Epoch 97/100
3125/3125 - 10s - loss: 1.7997 - accuracy: 0.4754 - val_loss: 1.7941 - val_accuracy: 0.4704 - 10s/epoch - 3ms/step
Epoch 98/100
3125/3125 - 10s - loss: 1.7957 - accuracy: 0.4751 - val_loss: 1.7814 - val_accuracy: 0.4797 - 10s/epoch - 3ms/step
Epoch 99/100
3125/3125 - 10s - loss: 1.7948 - accuracy: 0.4726 - val_loss: 1.7766 - val_accuracy: 0.4772 - 10s/epoch - 3ms/step
Epoch 100/100
3125/3125 - 10s - loss: 1.7908 - accuracy: 0.4762 - val_loss: 1.7730 - val_accuracy: 0.4787 - 10s/epoch - 3ms/step
313/313 - 1s - loss: 1.7730 - accuracy: 0.4787 - 692ms/epoch - 2ms/step

ACCURACY: 0.47870001196861267


SCORE: -0.6289203443780288

[92m | MODULE VALUES ---------------------------------------------  |
 [0m
FLOPS: 3084832
PARAMS: 127598.0
[92m 
 | -----------------------------------------------------------  |
 [0m

--- BANANAS ITERATION 34 / 1000 ---
Chosen point: {'num_neurons': 4, 'unit_c1': 3, 'unit_c2': 1, 'dr_f': 0.15619061079684893, 'learning_rate': 0.0005154464972604156, 'batch_size': 64, 'optimizer': 'Adagrad', 'activation': 'relu', 'data_augmentation': True, 'reg_l2': False, 'skip_connection': True, 'new_fc_1': 25, 'new_fc_2': 27, 'new_fc_3': 7, 'new_fc_4': 6, 'new_fc_5': 4, 'new_fc_6': 16, 'new_fc_7': 27, 'new_fc_8': 18, 'new_fc_9': 0, 'new_fc_10': 20}
[94m
|  --> START TRAINING ITERATION 8[0m
[INFO] Flags -> DA: True, L2: False, Skip: True
Building model with input_shape=(32, 32, 3), pos_input_shape=None, layer_x_block=2
Model: "model"
__________________________________________________________________________________________________
 Layer (type)                Output Shape                 Param #   Connected to                  
==================================================================================================
 input_2 (InputLayer)        [(None, 32, 32, 3)]          0         []                            
                                                                                                  
 conv2d (Conv2D)             (None, 32, 32, 12)           336       ['input_2[0][0]']             
                                                                                                  
 activation (Activation)     (None, 32, 32, 12)           0         ['conv2d[1][0]']              
                                                                                                  
 conv2d_2 (Conv2D)           (None, 32, 32, 12)           48        ['input_2[0][0]']             
                                                                                                  
 conv2d_1 (Conv2D)           (None, 32, 32, 12)           1308      ['activation[1][0]']          
                                                                                                  
 add (Add)                   (None, 32, 32, 12)           0         ['conv2d_2[1][0]',            
                                                                     'conv2d_1[1][0]']            
                                                                                                  
 activation_1 (Activation)   (None, 32, 32, 12)           0         ['add[1][0]']                 
                                                                                                  
 max_pooling2d (MaxPooling2  (None, 16, 16, 12)           0         ['activation_1[1][0]']        
 D)                                                                                               
                                                                                                  
 conv2d_3 (Conv2D)           (None, 16, 16, 4)            436       ['max_pooling2d[1][0]']       
                                                                                                  
 activation_2 (Activation)   (None, 16, 16, 4)            0         ['conv2d_3[1][0]']            
                                                                                                  
 conv2d_5 (Conv2D)           (None, 16, 16, 4)            52        ['max_pooling2d[1][0]']       
                                                                                                  
 conv2d_4 (Conv2D)           (None, 16, 16, 4)            148       ['activation_2[1][0]']        
                                                                                                  
 add_1 (Add)                 (None, 16, 16, 4)            0         ['conv2d_5[1][0]',            
                                                                     'conv2d_4[1][0]']            
                                                                                                  
 activation_3 (Activation)   (None, 16, 16, 4)            0         ['add_1[1][0]']               
                                                                                                  
 max_pooling2d_1 (MaxPoolin  (None, 8, 8, 4)              0         ['activation_3[1][0]']        
 g2D)                                                                                             
                                                                                                  
 flatten (Flatten)           (None, 256)                  0         ['max_pooling2d_1[1][0]']     
                                                                                                  
 dense (Dense)               (None, 100)                  25700     ['flatten[1][0]']             
                                                                                                  
 activation_4 (Activation)   (None, 100)                  0         ['dense[1][0]']               
                                                                                                  
 dropout (Dropout)           (None, 100)                  0         ['activation_4[1][0]']        
                                                                                                  
 dense_1 (Dense)             (None, 108)                  10908     ['dropout[1][0]']             
                                                                                                  
 activation_5 (Activation)   (None, 108)                  0         ['dense_1[1][0]']             
                                                                                                  
 dropout_1 (Dropout)         (None, 108)                  0         ['activation_5[1][0]']        
                                                                                                  
 dense_2 (Dense)             (None, 28)                   3052      ['dropout_1[1][0]']           
                                                                                                  
 activation_6 (Activation)   (None, 28)                   0         ['dense_2[1][0]']             
                                                                                                  
 dropout_2 (Dropout)         (None, 28)                   0         ['activation_6[1][0]']        
                                                                                                  
 dense_3 (Dense)             (None, 24)                   696       ['dropout_2[1][0]']           
                                                                                                  
 activation_7 (Activation)   (None, 24)                   0         ['dense_3[1][0]']             
                                                                                                  
 dropout_3 (Dropout)         (None, 24)                   0         ['activation_7[1][0]']        
                                                                                                  
 dense_4 (Dense)             (None, 16)                   400       ['dropout_3[1][0]']           
                                                                                                  
 activation_8 (Activation)   (None, 16)                   0         ['dense_4[1][0]']             
                                                                                                  
 dropout_4 (Dropout)         (None, 16)                   0         ['activation_8[1][0]']        
                                                                                                  
 dense_5 (Dense)             (None, 64)                   1088      ['dropout_4[1][0]']           
                                                                                                  
 activation_9 (Activation)   (None, 64)                   0         ['dense_5[1][0]']             
                                                                                                  
 dropout_5 (Dropout)         (None, 64)                   0         ['activation_9[1][0]']        
                                                                                                  
 dense_6 (Dense)             (None, 108)                  7020      ['dropout_5[1][0]']           
                                                                                                  
 activation_10 (Activation)  (None, 108)                  0         ['dense_6[1][0]']             
                                                                                                  
 dropout_6 (Dropout)         (None, 108)                  0         ['activation_10[1][0]']       
                                                                                                  
 dense_7 (Dense)             (None, 72)                   7848      ['dropout_6[1][0]']           
                                                                                                  
 activation_11 (Activation)  (None, 72)                   0         ['dense_7[1][0]']             
                                                                                                  
 dropout_7 (Dropout)         (None, 72)                   0         ['activation_11[1][0]']       
                                                                                                  
 dense_8 (Dense)             (None, 80)                   5840      ['dropout_7[1][0]']           
                                                                                                  
 activation_12 (Activation)  (None, 80)                   0         ['dense_8[1][0]']             
                                                                                                  
 dropout_8 (Dropout)         (None, 80)                   0         ['activation_12[1][0]']       
                                                                                                  
 dense_9 (Dense)             (None, 10)                   810       ['dropout_8[1][0]']           
                                                                                                  
==================================================================================================
Total params: 65690 (256.60 KB)
Trainable params: 65690 (256.60 KB)
Non-trainable params: 0 (0.00 Byte)
__________________________________________________________________________________________________
Epoch 1/100
782/782 - 6s - loss: 2.3028 - accuracy: 0.1001 - val_loss: 2.3026 - val_accuracy: 0.0990 - 6s/epoch - 7ms/step
Epoch 2/100
782/782 - 3s - loss: 2.3027 - accuracy: 0.1005 - val_loss: 2.3025 - val_accuracy: 0.1029 - 3s/epoch - 4ms/step
Epoch 3/100
782/782 - 3s - loss: 2.3026 - accuracy: 0.1033 - val_loss: 2.3024 - val_accuracy: 0.1070 - 3s/epoch - 4ms/step
Epoch 4/100
782/782 - 3s - loss: 2.3026 - accuracy: 0.1043 - val_loss: 2.3024 - val_accuracy: 0.1114 - 3s/epoch - 4ms/step
Epoch 5/100
782/782 - 3s - loss: 2.3026 - accuracy: 0.1028 - val_loss: 2.3024 - val_accuracy: 0.1053 - 3s/epoch - 4ms/step
Epoch 6/100
782/782 - 3s - loss: 2.3025 - accuracy: 0.1053 - val_loss: 2.3024 - val_accuracy: 0.1042 - 3s/epoch - 4ms/step
Epoch 7/100
782/782 - 3s - loss: 2.3025 - accuracy: 0.1070 - val_loss: 2.3023 - val_accuracy: 0.1050 - 3s/epoch - 4ms/step
Epoch 8/100
782/782 - 3s - loss: 2.3025 - accuracy: 0.1068 - val_loss: 2.3023 - val_accuracy: 0.1038 - 3s/epoch - 4ms/step
Epoch 9/100
782/782 - 3s - loss: 2.3024 - accuracy: 0.1093 - val_loss: 2.3023 - val_accuracy: 0.1055 - 3s/epoch - 4ms/step
Epoch 10/100
782/782 - 3s - loss: 2.3025 - accuracy: 0.1074 - val_loss: 2.3023 - val_accuracy: 0.1050 - 3s/epoch - 4ms/step
Epoch 11/100
782/782 - 3s - loss: 2.3024 - accuracy: 0.1081 - val_loss: 2.3022 - val_accuracy: 0.1065 - 3s/epoch - 4ms/step
Epoch 12/100
782/782 - 3s - loss: 2.3023 - accuracy: 0.1104 - val_loss: 2.3022 - val_accuracy: 0.1087 - 3s/epoch - 4ms/step
Epoch 13/100
782/782 - 3s - loss: 2.3023 - accuracy: 0.1125 - val_loss: 2.3022 - val_accuracy: 0.1106 - 3s/epoch - 4ms/step
Epoch 14/100
782/782 - 3s - loss: 2.3023 - accuracy: 0.1079 - val_loss: 2.3021 - val_accuracy: 0.1158 - 3s/epoch - 4ms/step
Epoch 15/100
782/782 - 3s - loss: 2.3023 - accuracy: 0.1104 - val_loss: 2.3021 - val_accuracy: 0.1185 - 3s/epoch - 4ms/step
Epoch 16/100
782/782 - 3s - loss: 2.3022 - accuracy: 0.1115 - val_loss: 2.3020 - val_accuracy: 0.1205 - 3s/epoch - 4ms/step
Epoch 17/100
782/782 - 3s - loss: 2.3023 - accuracy: 0.1105 - val_loss: 2.3020 - val_accuracy: 0.1206 - 3s/epoch - 4ms/step
Epoch 18/100
782/782 - 3s - loss: 2.3023 - accuracy: 0.1113 - val_loss: 2.3020 - val_accuracy: 0.1243 - 3s/epoch - 4ms/step
Epoch 19/100
782/782 - 3s - loss: 2.3022 - accuracy: 0.1139 - val_loss: 2.3019 - val_accuracy: 0.1246 - 3s/epoch - 4ms/step
Epoch 20/100
782/782 - 3s - loss: 2.3022 - accuracy: 0.1138 - val_loss: 2.3019 - val_accuracy: 0.1252 - 3s/epoch - 4ms/step
Epoch 21/100
782/782 - 3s - loss: 2.3021 - accuracy: 0.1151 - val_loss: 2.3018 - val_accuracy: 0.1252 - 3s/epoch - 4ms/step
Epoch 22/100
782/782 - 3s - loss: 2.3022 - accuracy: 0.1108 - val_loss: 2.3018 - val_accuracy: 0.1238 - 3s/epoch - 4ms/step
Epoch 23/100
782/782 - 3s - loss: 2.3021 - accuracy: 0.1137 - val_loss: 2.3017 - val_accuracy: 0.1255 - 3s/epoch - 4ms/step
Epoch 24/100
782/782 - 3s - loss: 2.3020 - accuracy: 0.1168 - val_loss: 2.3016 - val_accuracy: 0.1293 - 3s/epoch - 4ms/step
Epoch 25/100
782/782 - 3s - loss: 2.3020 - accuracy: 0.1169 - val_loss: 2.3016 - val_accuracy: 0.1305 - 3s/epoch - 4ms/step
Epoch 26/100
782/782 - 3s - loss: 2.3020 - accuracy: 0.1166 - val_loss: 2.3015 - val_accuracy: 0.1368 - 3s/epoch - 4ms/step
Epoch 27/100
782/782 - 3s - loss: 2.3020 - accuracy: 0.1163 - val_loss: 2.3014 - val_accuracy: 0.1401 - 3s/epoch - 4ms/step
Epoch 28/100
782/782 - 3s - loss: 2.3020 - accuracy: 0.1151 - val_loss: 2.3013 - val_accuracy: 0.1397 - 3s/epoch - 4ms/step
Epoch 29/100
782/782 - 3s - loss: 2.3019 - accuracy: 0.1169 - val_loss: 2.3012 - val_accuracy: 0.1433 - 3s/epoch - 4ms/step
Epoch 30/100
782/782 - 3s - loss: 2.3019 - accuracy: 0.1186 - val_loss: 2.3011 - val_accuracy: 0.1455 - 3s/epoch - 4ms/step
Epoch 31/100
782/782 - 3s - loss: 2.3018 - accuracy: 0.1194 - val_loss: 2.3010 - val_accuracy: 0.1498 - 3s/epoch - 4ms/step
Epoch 32/100
782/782 - 3s - loss: 2.3018 - accuracy: 0.1212 - val_loss: 2.3008 - val_accuracy: 0.1533 - 3s/epoch - 4ms/step
Epoch 33/100
782/782 - 3s - loss: 2.3017 - accuracy: 0.1218 - val_loss: 2.3007 - val_accuracy: 0.1555 - 3s/epoch - 4ms/step
Epoch 34/100
782/782 - 3s - loss: 2.3016 - accuracy: 0.1208 - val_loss: 2.3006 - val_accuracy: 0.1595 - 3s/epoch - 4ms/step
Epoch 35/100
782/782 - 3s - loss: 2.3016 - accuracy: 0.1215 - val_loss: 2.3004 - val_accuracy: 0.1595 - 3s/epoch - 4ms/step
Epoch 36/100
782/782 - 3s - loss: 2.3014 - accuracy: 0.1254 - val_loss: 2.3003 - val_accuracy: 0.1593 - 3s/epoch - 4ms/step
Epoch 37/100
782/782 - 3s - loss: 2.3014 - accuracy: 0.1238 - val_loss: 2.3001 - val_accuracy: 0.1619 - 3s/epoch - 4ms/step
Epoch 38/100
782/782 - 3s - loss: 2.3013 - accuracy: 0.1253 - val_loss: 2.2999 - val_accuracy: 0.1632 - 3s/epoch - 4ms/step
Epoch 39/100
782/782 - 3s - loss: 2.3012 - accuracy: 0.1265 - val_loss: 2.2997 - val_accuracy: 0.1646 - 3s/epoch - 4ms/step
Epoch 40/100
782/782 - 3s - loss: 2.3011 - accuracy: 0.1255 - val_loss: 2.2994 - val_accuracy: 0.1645 - 3s/epoch - 4ms/step
Epoch 41/100
782/782 - 3s - loss: 2.3009 - accuracy: 0.1284 - val_loss: 2.2992 - val_accuracy: 0.1653 - 3s/epoch - 4ms/step
Epoch 42/100
782/782 - 3s - loss: 2.3008 - accuracy: 0.1248 - val_loss: 2.2989 - val_accuracy: 0.1593 - 3s/epoch - 4ms/step
Epoch 43/100
782/782 - 3s - loss: 2.3007 - accuracy: 0.1249 - val_loss: 2.2987 - val_accuracy: 0.1556 - 3s/epoch - 4ms/step
Epoch 44/100
782/782 - 3s - loss: 2.3004 - accuracy: 0.1306 - val_loss: 2.2983 - val_accuracy: 0.1543 - 3s/epoch - 4ms/step
Epoch 45/100
782/782 - 3s - loss: 2.3002 - accuracy: 0.1295 - val_loss: 2.2979 - val_accuracy: 0.1540 - 3s/epoch - 4ms/step
Epoch 46/100
782/782 - 3s - loss: 2.3000 - accuracy: 0.1331 - val_loss: 2.2975 - val_accuracy: 0.1550 - 3s/epoch - 4ms/step
Epoch 47/100
782/782 - 3s - loss: 2.2998 - accuracy: 0.1299 - val_loss: 2.2970 - val_accuracy: 0.1583 - 3s/epoch - 4ms/step
Epoch 48/100
782/782 - 3s - loss: 2.2995 - accuracy: 0.1328 - val_loss: 2.2966 - val_accuracy: 0.1582 - 3s/epoch - 4ms/step
Epoch 49/100
782/782 - 3s - loss: 2.2993 - accuracy: 0.1321 - val_loss: 2.2960 - val_accuracy: 0.1587 - 3s/epoch - 4ms/step
Epoch 50/100
782/782 - 3s - loss: 2.2991 - accuracy: 0.1313 - val_loss: 2.2954 - val_accuracy: 0.1618 - 3s/epoch - 4ms/step
Epoch 51/100
782/782 - 3s - loss: 2.2986 - accuracy: 0.1345 - val_loss: 2.2949 - val_accuracy: 0.1617 - 3s/epoch - 4ms/step
Epoch 52/100
782/782 - 3s - loss: 2.2983 - accuracy: 0.1351 - val_loss: 2.2941 - val_accuracy: 0.1643 - 3s/epoch - 4ms/step
Epoch 53/100
782/782 - 3s - loss: 2.2977 - accuracy: 0.1380 - val_loss: 2.2934 - val_accuracy: 0.1639 - 3s/epoch - 4ms/step
Epoch 54/100
782/782 - 3s - loss: 2.2973 - accuracy: 0.1396 - val_loss: 2.2925 - val_accuracy: 0.1640 - 3s/epoch - 4ms/step
Epoch 55/100
782/782 - 3s - loss: 2.2967 - accuracy: 0.1380 - val_loss: 2.2915 - val_accuracy: 0.1651 - 3s/epoch - 4ms/step
Epoch 56/100
782/782 - 3s - loss: 2.2959 - accuracy: 0.1403 - val_loss: 2.2904 - val_accuracy: 0.1642 - 3s/epoch - 4ms/step
Epoch 57/100
782/782 - 3s - loss: 2.2951 - accuracy: 0.1432 - val_loss: 2.2892 - val_accuracy: 0.1639 - 3s/epoch - 4ms/step
Epoch 58/100
782/782 - 3s - loss: 2.2943 - accuracy: 0.1412 - val_loss: 2.2879 - val_accuracy: 0.1643 - 3s/epoch - 4ms/step
Epoch 59/100
782/782 - 3s - loss: 2.2935 - accuracy: 0.1419 - val_loss: 2.2865 - val_accuracy: 0.1628 - 3s/epoch - 4ms/step
Epoch 60/100
782/782 - 3s - loss: 2.2924 - accuracy: 0.1459 - val_loss: 2.2848 - val_accuracy: 0.1634 - 3s/epoch - 4ms/step
Epoch 61/100
782/782 - 3s - loss: 2.2912 - accuracy: 0.1451 - val_loss: 2.2829 - val_accuracy: 0.1631 - 3s/epoch - 4ms/step
Epoch 62/100
782/782 - 3s - loss: 2.2897 - accuracy: 0.1466 - val_loss: 2.2807 - val_accuracy: 0.1618 - 3s/epoch - 4ms/step
Epoch 63/100
782/782 - 3s - loss: 2.2881 - accuracy: 0.1468 - val_loss: 2.2781 - val_accuracy: 0.1618 - 3s/epoch - 4ms/step
Epoch 64/100
782/782 - 3s - loss: 2.2860 - accuracy: 0.1467 - val_loss: 2.2751 - val_accuracy: 0.1625 - 3s/epoch - 4ms/step
Epoch 65/100
782/782 - 3s - loss: 2.2837 - accuracy: 0.1492 - val_loss: 2.2716 - val_accuracy: 0.1635 - 3s/epoch - 4ms/step
Epoch 66/100
782/782 - 3s - loss: 2.2806 - accuracy: 0.1508 - val_loss: 2.2672 - val_accuracy: 0.1630 - 3s/epoch - 4ms/step
Epoch 67/100
Restoring model weights from the end of the best epoch: 37.
782/782 - 3s - loss: 2.2773 - accuracy: 0.1509 - val_loss: 2.2619 - val_accuracy: 0.1631 - 3s/epoch - 4ms/step
Epoch 67: early stopping
313/313 - 1s - loss: 2.3001 - accuracy: 0.1619 - 549ms/epoch - 2ms/step

ACCURACY: 0.16189999878406525


SCORE: -0.40552259914884564

[92m | MODULE VALUES ---------------------------------------------  |
 [0m
FLOPS: 3903700
PARAMS: 65690.0
[92m 
 | -----------------------------------------------------------  |
 [0m

--- BANANAS ITERATION 35 / 1000 ---
Chosen point: {'num_neurons': 4, 'unit_c1': 1, 'unit_c2': 8, 'dr_f': 0.45813456582540346, 'learning_rate': 0.0006389448257611236, 'batch_size': 64, 'optimizer': 'Adadelta', 'activation': 'selu', 'data_augmentation': True, 'reg_l2': False, 'skip_connection': True, 'new_fc_1': 16, 'new_fc_2': 14, 'new_fc_3': 15, 'new_fc_4': 14, 'new_fc_5': 12, 'new_fc_6': 6, 'new_fc_7': 19, 'new_fc_8': 27, 'new_fc_9': 11, 'new_fc_10': 7}
[94m
|  --> START TRAINING ITERATION 9[0m
[INFO] Flags -> DA: True, L2: False, Skip: True
Building model with input_shape=(32, 32, 3), pos_input_shape=None, layer_x_block=2
Model: "model"
__________________________________________________________________________________________________
 Layer (type)                Output Shape                 Param #   Connected to                  
==================================================================================================
 input_2 (InputLayer)        [(None, 32, 32, 3)]          0         []                            
                                                                                                  
 conv2d (Conv2D)             (None, 32, 32, 4)            112       ['input_2[0][0]']             
                                                                                                  
 activation (Activation)     (None, 32, 32, 4)            0         ['conv2d[1][0]']              
                                                                                                  
 conv2d_2 (Conv2D)           (None, 32, 32, 4)            16        ['input_2[0][0]']             
                                                                                                  
 conv2d_1 (Conv2D)           (None, 32, 32, 4)            148       ['activation[1][0]']          
                                                                                                  
 add (Add)                   (None, 32, 32, 4)            0         ['conv2d_2[1][0]',            
                                                                     'conv2d_1[1][0]']            
                                                                                                  
 activation_1 (Activation)   (None, 32, 32, 4)            0         ['add[1][0]']                 
                                                                                                  
 max_pooling2d (MaxPooling2  (None, 16, 16, 4)            0         ['activation_1[1][0]']        
 D)                                                                                               
                                                                                                  
 conv2d_3 (Conv2D)           (None, 16, 16, 32)           1184      ['max_pooling2d[1][0]']       
                                                                                                  
 activation_2 (Activation)   (None, 16, 16, 32)           0         ['conv2d_3[1][0]']            
                                                                                                  
 conv2d_5 (Conv2D)           (None, 16, 16, 32)           160       ['max_pooling2d[1][0]']       
                                                                                                  
 conv2d_4 (Conv2D)           (None, 16, 16, 32)           9248      ['activation_2[1][0]']        
                                                                                                  
 add_1 (Add)                 (None, 16, 16, 32)           0         ['conv2d_5[1][0]',            
                                                                     'conv2d_4[1][0]']            
                                                                                                  
 activation_3 (Activation)   (None, 16, 16, 32)           0         ['add_1[1][0]']               
                                                                                                  
 max_pooling2d_1 (MaxPoolin  (None, 8, 8, 32)             0         ['activation_3[1][0]']        
 g2D)                                                                                             
                                                                                                  
 flatten (Flatten)           (None, 2048)                 0         ['max_pooling2d_1[1][0]']     
                                                                                                  
 dense (Dense)               (None, 64)                   131136    ['flatten[1][0]']             
                                                                                                  
 activation_4 (Activation)   (None, 64)                   0         ['dense[1][0]']               
                                                                                                  
 dropout (Dropout)           (None, 64)                   0         ['activation_4[1][0]']        
                                                                                                  
 dense_1 (Dense)             (None, 56)                   3640      ['dropout[1][0]']             
                                                                                                  
 activation_5 (Activation)   (None, 56)                   0         ['dense_1[1][0]']             
                                                                                                  
 dropout_1 (Dropout)         (None, 56)                   0         ['activation_5[1][0]']        
                                                                                                  
 dense_2 (Dense)             (None, 60)                   3420      ['dropout_1[1][0]']           
                                                                                                  
 activation_6 (Activation)   (None, 60)                   0         ['dense_2[1][0]']             
                                                                                                  
 dropout_2 (Dropout)         (None, 60)                   0         ['activation_6[1][0]']        
                                                                                                  
 dense_3 (Dense)             (None, 56)                   3416      ['dropout_2[1][0]']           
                                                                                                  
 activation_7 (Activation)   (None, 56)                   0         ['dense_3[1][0]']             
                                                                                                  
 dropout_3 (Dropout)         (None, 56)                   0         ['activation_7[1][0]']        
                                                                                                  
 dense_4 (Dense)             (None, 48)                   2736      ['dropout_3[1][0]']           
                                                                                                  
 activation_8 (Activation)   (None, 48)                   0         ['dense_4[1][0]']             
                                                                                                  
 dropout_4 (Dropout)         (None, 48)                   0         ['activation_8[1][0]']        
                                                                                                  
 dense_5 (Dense)             (None, 24)                   1176      ['dropout_4[1][0]']           
                                                                                                  
 activation_9 (Activation)   (None, 24)                   0         ['dense_5[1][0]']             
                                                                                                  
 dropout_5 (Dropout)         (None, 24)                   0         ['activation_9[1][0]']        
                                                                                                  
 dense_6 (Dense)             (None, 76)                   1900      ['dropout_5[1][0]']           
                                                                                                  
 activation_10 (Activation)  (None, 76)                   0         ['dense_6[1][0]']             
                                                                                                  
 dropout_6 (Dropout)         (None, 76)                   0         ['activation_10[1][0]']       
                                                                                                  
 dense_7 (Dense)             (None, 108)                  8316      ['dropout_6[1][0]']           
                                                                                                  
 activation_11 (Activation)  (None, 108)                  0         ['dense_7[1][0]']             
                                                                                                  
 dropout_7 (Dropout)         (None, 108)                  0         ['activation_11[1][0]']       
                                                                                                  
 dense_8 (Dense)             (None, 44)                   4796      ['dropout_7[1][0]']           
                                                                                                  
 activation_12 (Activation)  (None, 44)                   0         ['dense_8[1][0]']             
                                                                                                  
 dropout_8 (Dropout)         (None, 44)                   0         ['activation_12[1][0]']       
                                                                                                  
 dense_9 (Dense)             (None, 28)                   1260      ['dropout_8[1][0]']           
                                                                                                  
 activation_13 (Activation)  (None, 28)                   0         ['dense_9[1][0]']             
                                                                                                  
 dropout_9 (Dropout)         (None, 28)                   0         ['activation_13[1][0]']       
                                                                                                  
 dense_10 (Dense)            (None, 10)                   290       ['dropout_9[1][0]']           
                                                                                                  
==================================================================================================
Total params: 172954 (675.60 KB)
Trainable params: 172954 (675.60 KB)
Non-trainable params: 0 (0.00 Byte)
__________________________________________________________________________________________________
Epoch 1/100
782/782 - 6s - loss: 6.8227 - accuracy: 0.1017 - val_loss: 2.8565 - val_accuracy: 0.0833 - 6s/epoch - 8ms/step
Epoch 2/100
782/782 - 3s - loss: 6.6917 - accuracy: 0.0985 - val_loss: 2.8032 - val_accuracy: 0.0814 - 3s/epoch - 4ms/step
Epoch 3/100
782/782 - 3s - loss: 6.5639 - accuracy: 0.1031 - val_loss: 2.7554 - val_accuracy: 0.0868 - 3s/epoch - 4ms/step
Epoch 4/100
782/782 - 3s - loss: 6.5085 - accuracy: 0.0985 - val_loss: 2.7294 - val_accuracy: 0.0898 - 3s/epoch - 4ms/step
Epoch 5/100
782/782 - 3s - loss: 6.4215 - accuracy: 0.1001 - val_loss: 2.7062 - val_accuracy: 0.0936 - 3s/epoch - 4ms/step
Epoch 6/100
782/782 - 3s - loss: 6.3460 - accuracy: 0.0992 - val_loss: 2.6964 - val_accuracy: 0.0938 - 3s/epoch - 4ms/step
Epoch 7/100
782/782 - 3s - loss: 6.3211 - accuracy: 0.1001 - val_loss: 2.6814 - val_accuracy: 0.0949 - 3s/epoch - 4ms/step
Epoch 8/100
782/782 - 3s - loss: 6.2328 - accuracy: 0.0964 - val_loss: 2.6808 - val_accuracy: 0.0930 - 3s/epoch - 4ms/step
Epoch 9/100
782/782 - 3s - loss: 6.1857 - accuracy: 0.0971 - val_loss: 2.6702 - val_accuracy: 0.0928 - 3s/epoch - 4ms/step
Epoch 10/100
782/782 - 3s - loss: 6.1509 - accuracy: 0.0977 - val_loss: 2.6616 - val_accuracy: 0.0936 - 3s/epoch - 4ms/step
Epoch 11/100
782/782 - 3s - loss: 6.1126 - accuracy: 0.0988 - val_loss: 2.6577 - val_accuracy: 0.0923 - 3s/epoch - 4ms/step
Epoch 12/100
782/782 - 3s - loss: 6.0430 - accuracy: 0.1014 - val_loss: 2.6532 - val_accuracy: 0.0915 - 3s/epoch - 4ms/step
Epoch 13/100
782/782 - 3s - loss: 5.9731 - accuracy: 0.1019 - val_loss: 2.6418 - val_accuracy: 0.0926 - 3s/epoch - 4ms/step
Epoch 14/100
782/782 - 3s - loss: 5.9294 - accuracy: 0.1016 - val_loss: 2.6390 - val_accuracy: 0.0913 - 3s/epoch - 4ms/step
Epoch 15/100
782/782 - 3s - loss: 5.8930 - accuracy: 0.1012 - val_loss: 2.6270 - val_accuracy: 0.0924 - 3s/epoch - 4ms/step
Epoch 16/100
782/782 - 3s - loss: 5.8818 - accuracy: 0.1001 - val_loss: 2.6262 - val_accuracy: 0.0936 - 3s/epoch - 4ms/step
Epoch 17/100
782/782 - 3s - loss: 5.8172 - accuracy: 0.1026 - val_loss: 2.6157 - val_accuracy: 0.0933 - 3s/epoch - 4ms/step
Epoch 18/100
782/782 - 3s - loss: 5.7912 - accuracy: 0.1005 - val_loss: 2.6057 - val_accuracy: 0.0921 - 3s/epoch - 4ms/step
Epoch 19/100
782/782 - 3s - loss: 5.7675 - accuracy: 0.0984 - val_loss: 2.5967 - val_accuracy: 0.0927 - 3s/epoch - 4ms/step
Epoch 20/100
782/782 - 3s - loss: 5.7026 - accuracy: 0.0993 - val_loss: 2.5979 - val_accuracy: 0.0936 - 3s/epoch - 4ms/step
Epoch 21/100
782/782 - 3s - loss: 5.6782 - accuracy: 0.0982 - val_loss: 2.5852 - val_accuracy: 0.0934 - 3s/epoch - 4ms/step
Epoch 22/100
782/782 - 3s - loss: 5.6724 - accuracy: 0.0979 - val_loss: 2.5816 - val_accuracy: 0.0954 - 3s/epoch - 4ms/step
Epoch 23/100
782/782 - 3s - loss: 5.6558 - accuracy: 0.0981 - val_loss: 2.5743 - val_accuracy: 0.0948 - 3s/epoch - 4ms/step
Epoch 24/100
782/782 - 3s - loss: 5.6068 - accuracy: 0.1019 - val_loss: 2.5676 - val_accuracy: 0.0956 - 3s/epoch - 4ms/step
Epoch 25/100
782/782 - 3s - loss: 5.5674 - accuracy: 0.1020 - val_loss: 2.5695 - val_accuracy: 0.0942 - 3s/epoch - 4ms/step
Epoch 26/100
782/782 - 3s - loss: 5.5487 - accuracy: 0.0993 - val_loss: 2.5580 - val_accuracy: 0.0940 - 3s/epoch - 4ms/step
Epoch 27/100
782/782 - 3s - loss: 5.4828 - accuracy: 0.1012 - val_loss: 2.5500 - val_accuracy: 0.0958 - 3s/epoch - 4ms/step
Epoch 28/100
782/782 - 3s - loss: 5.4639 - accuracy: 0.1011 - val_loss: 2.5450 - val_accuracy: 0.0970 - 3s/epoch - 4ms/step
Epoch 29/100
782/782 - 3s - loss: 5.4376 - accuracy: 0.1014 - val_loss: 2.5318 - val_accuracy: 0.0999 - 3s/epoch - 4ms/step
Epoch 30/100
782/782 - 3s - loss: 5.4190 - accuracy: 0.1016 - val_loss: 2.5173 - val_accuracy: 0.0999 - 3s/epoch - 4ms/step
Epoch 31/100
782/782 - 3s - loss: 5.4075 - accuracy: 0.1041 - val_loss: 2.5111 - val_accuracy: 0.1003 - 3s/epoch - 4ms/step
Epoch 32/100
782/782 - 3s - loss: 5.3862 - accuracy: 0.0993 - val_loss: 2.5084 - val_accuracy: 0.1001 - 3s/epoch - 4ms/step
Epoch 33/100
782/782 - 3s - loss: 5.3805 - accuracy: 0.0998 - val_loss: 2.4964 - val_accuracy: 0.1013 - 3s/epoch - 4ms/step
Epoch 34/100
782/782 - 3s - loss: 5.3528 - accuracy: 0.0991 - val_loss: 2.4992 - val_accuracy: 0.1011 - 3s/epoch - 4ms/step
Epoch 35/100
782/782 - 3s - loss: 5.2803 - accuracy: 0.1028 - val_loss: 2.4875 - val_accuracy: 0.1005 - 3s/epoch - 4ms/step
Epoch 36/100
782/782 - 3s - loss: 5.2850 - accuracy: 0.1001 - val_loss: 2.4771 - val_accuracy: 0.1028 - 3s/epoch - 4ms/step
Epoch 37/100
782/782 - 3s - loss: 5.2705 - accuracy: 0.0997 - val_loss: 2.4668 - val_accuracy: 0.1030 - 3s/epoch - 4ms/step
Epoch 38/100
782/782 - 3s - loss: 5.2771 - accuracy: 0.0997 - val_loss: 2.4618 - val_accuracy: 0.1045 - 3s/epoch - 4ms/step
Epoch 39/100
782/782 - 3s - loss: 5.2484 - accuracy: 0.0988 - val_loss: 2.4690 - val_accuracy: 0.1048 - 3s/epoch - 4ms/step
Epoch 40/100
782/782 - 3s - loss: 5.2020 - accuracy: 0.1018 - val_loss: 2.4521 - val_accuracy: 0.1061 - 3s/epoch - 4ms/step
Epoch 41/100
782/782 - 3s - loss: 5.1862 - accuracy: 0.0993 - val_loss: 2.4372 - val_accuracy: 0.1080 - 3s/epoch - 4ms/step
Epoch 42/100
782/782 - 3s - loss: 5.1764 - accuracy: 0.1005 - val_loss: 2.4350 - val_accuracy: 0.1091 - 3s/epoch - 4ms/step
Epoch 43/100
782/782 - 3s - loss: 5.1346 - accuracy: 0.1016 - val_loss: 2.4372 - val_accuracy: 0.1102 - 3s/epoch - 4ms/step
Epoch 44/100
782/782 - 3s - loss: 5.1239 - accuracy: 0.1019 - val_loss: 2.4309 - val_accuracy: 0.1102 - 3s/epoch - 4ms/step
Epoch 45/100
782/782 - 3s - loss: 5.1418 - accuracy: 0.1003 - val_loss: 2.4273 - val_accuracy: 0.1104 - 3s/epoch - 4ms/step
Epoch 46/100
782/782 - 3s - loss: 5.0844 - accuracy: 0.1026 - val_loss: 2.4147 - val_accuracy: 0.1131 - 3s/epoch - 4ms/step
Epoch 47/100
782/782 - 3s - loss: 5.0261 - accuracy: 0.1011 - val_loss: 2.4099 - val_accuracy: 0.1128 - 3s/epoch - 4ms/step
Epoch 48/100
782/782 - 3s - loss: 5.0574 - accuracy: 0.1025 - val_loss: 2.4021 - val_accuracy: 0.1145 - 3s/epoch - 4ms/step
Epoch 49/100
782/782 - 3s - loss: 5.0346 - accuracy: 0.1002 - val_loss: 2.3942 - val_accuracy: 0.1153 - 3s/epoch - 4ms/step
Epoch 50/100
782/782 - 3s - loss: 4.9983 - accuracy: 0.1033 - val_loss: 2.3924 - val_accuracy: 0.1132 - 3s/epoch - 4ms/step
Epoch 51/100
782/782 - 3s - loss: 4.9877 - accuracy: 0.1024 - val_loss: 2.3933 - val_accuracy: 0.1122 - 3s/epoch - 4ms/step
Epoch 52/100
782/782 - 3s - loss: 4.9810 - accuracy: 0.1006 - val_loss: 2.3961 - val_accuracy: 0.1112 - 3s/epoch - 4ms/step
Epoch 53/100
782/782 - 3s - loss: 4.9635 - accuracy: 0.1018 - val_loss: 2.3918 - val_accuracy: 0.1150 - 3s/epoch - 4ms/step
Epoch 54/100
782/782 - 3s - loss: 4.9972 - accuracy: 0.1007 - val_loss: 2.3803 - val_accuracy: 0.1145 - 3s/epoch - 4ms/step
Epoch 55/100
782/782 - 3s - loss: 4.9297 - accuracy: 0.1005 - val_loss: 2.3755 - val_accuracy: 0.1140 - 3s/epoch - 4ms/step
Epoch 56/100
782/782 - 3s - loss: 4.9169 - accuracy: 0.1027 - val_loss: 2.3711 - val_accuracy: 0.1166 - 3s/epoch - 4ms/step
Epoch 57/100
782/782 - 3s - loss: 4.9216 - accuracy: 0.0997 - val_loss: 2.3655 - val_accuracy: 0.1206 - 3s/epoch - 4ms/step
Epoch 58/100
782/782 - 3s - loss: 4.8781 - accuracy: 0.1009 - val_loss: 2.3603 - val_accuracy: 0.1208 - 3s/epoch - 4ms/step
Epoch 59/100
782/782 - 3s - loss: 4.8750 - accuracy: 0.0990 - val_loss: 2.3605 - val_accuracy: 0.1206 - 3s/epoch - 4ms/step
Epoch 60/100
782/782 - 3s - loss: 4.8473 - accuracy: 0.1031 - val_loss: 2.3548 - val_accuracy: 0.1223 - 3s/epoch - 4ms/step
Epoch 61/100
782/782 - 3s - loss: 4.8509 - accuracy: 0.1033 - val_loss: 2.3479 - val_accuracy: 0.1259 - 3s/epoch - 4ms/step
Epoch 62/100
782/782 - 3s - loss: 4.8306 - accuracy: 0.1014 - val_loss: 2.3505 - val_accuracy: 0.1251 - 3s/epoch - 4ms/step
Epoch 63/100
782/782 - 3s - loss: 4.7834 - accuracy: 0.1023 - val_loss: 2.3507 - val_accuracy: 0.1243 - 3s/epoch - 4ms/step
Epoch 64/100
782/782 - 3s - loss: 4.8089 - accuracy: 0.1019 - val_loss: 2.3464 - val_accuracy: 0.1232 - 3s/epoch - 4ms/step
Epoch 65/100
782/782 - 3s - loss: 4.7671 - accuracy: 0.1008 - val_loss: 2.3455 - val_accuracy: 0.1232 - 3s/epoch - 4ms/step
Epoch 66/100
782/782 - 3s - loss: 4.7727 - accuracy: 0.1003 - val_loss: 2.3445 - val_accuracy: 0.1213 - 3s/epoch - 4ms/step
Epoch 67/100
782/782 - 3s - loss: 4.7625 - accuracy: 0.1002 - val_loss: 2.3444 - val_accuracy: 0.1227 - 3s/epoch - 4ms/step
Epoch 68/100
782/782 - 3s - loss: 4.7139 - accuracy: 0.1004 - val_loss: 2.3423 - val_accuracy: 0.1227 - 3s/epoch - 4ms/step
Epoch 69/100
782/782 - 3s - loss: 4.6983 - accuracy: 0.1012 - val_loss: 2.3399 - val_accuracy: 0.1238 - 3s/epoch - 4ms/step
Epoch 70/100
782/782 - 3s - loss: 4.7081 - accuracy: 0.1002 - val_loss: 2.3317 - val_accuracy: 0.1288 - 3s/epoch - 4ms/step
Epoch 71/100
782/782 - 3s - loss: 4.6789 - accuracy: 0.1010 - val_loss: 2.3326 - val_accuracy: 0.1257 - 3s/epoch - 4ms/step
Epoch 72/100
782/782 - 3s - loss: 4.6568 - accuracy: 0.1000 - val_loss: 2.3340 - val_accuracy: 0.1269 - 3s/epoch - 4ms/step
Epoch 73/100
782/782 - 3s - loss: 4.6657 - accuracy: 0.1003 - val_loss: 2.3316 - val_accuracy: 0.1249 - 3s/epoch - 4ms/step
Epoch 74/100
782/782 - 3s - loss: 4.6478 - accuracy: 0.1000 - val_loss: 2.3235 - val_accuracy: 0.1296 - 3s/epoch - 4ms/step
Epoch 75/100
782/782 - 3s - loss: 4.6257 - accuracy: 0.1008 - val_loss: 2.3248 - val_accuracy: 0.1265 - 3s/epoch - 4ms/step
Epoch 76/100
782/782 - 3s - loss: 4.5882 - accuracy: 0.1026 - val_loss: 2.3243 - val_accuracy: 0.1269 - 3s/epoch - 4ms/step
Epoch 77/100
782/782 - 3s - loss: 4.5947 - accuracy: 0.1019 - val_loss: 2.3245 - val_accuracy: 0.1263 - 3s/epoch - 4ms/step
Epoch 78/100
782/782 - 3s - loss: 4.5944 - accuracy: 0.0979 - val_loss: 2.3252 - val_accuracy: 0.1267 - 3s/epoch - 4ms/step
Epoch 79/100
782/782 - 3s - loss: 4.5662 - accuracy: 0.1017 - val_loss: 2.3207 - val_accuracy: 0.1290 - 3s/epoch - 4ms/step
Epoch 80/100
782/782 - 3s - loss: 4.5637 - accuracy: 0.1000 - val_loss: 2.3202 - val_accuracy: 0.1294 - 3s/epoch - 4ms/step
Epoch 81/100
782/782 - 3s - loss: 4.5410 - accuracy: 0.1004 - val_loss: 2.3178 - val_accuracy: 0.1290 - 3s/epoch - 4ms/step
Epoch 82/100
782/782 - 3s - loss: 4.5473 - accuracy: 0.1002 - val_loss: 2.3147 - val_accuracy: 0.1305 - 3s/epoch - 4ms/step
Epoch 83/100
782/782 - 3s - loss: 4.5352 - accuracy: 0.1004 - val_loss: 2.3148 - val_accuracy: 0.1286 - 3s/epoch - 4ms/step
Epoch 84/100
782/782 - 3s - loss: 4.5086 - accuracy: 0.0998 - val_loss: 2.3112 - val_accuracy: 0.1293 - 3s/epoch - 4ms/step
Epoch 85/100
782/782 - 3s - loss: 4.5045 - accuracy: 0.1001 - val_loss: 2.3113 - val_accuracy: 0.1279 - 3s/epoch - 4ms/step
Epoch 86/100
782/782 - 3s - loss: 4.4840 - accuracy: 0.1013 - val_loss: 2.3084 - val_accuracy: 0.1303 - 3s/epoch - 4ms/step
Epoch 87/100
782/782 - 3s - loss: 4.4745 - accuracy: 0.1011 - val_loss: 2.3102 - val_accuracy: 0.1300 - 3s/epoch - 4ms/step
Epoch 88/100
782/782 - 3s - loss: 4.4503 - accuracy: 0.1020 - val_loss: 2.3053 - val_accuracy: 0.1328 - 3s/epoch - 4ms/step
Epoch 89/100
782/782 - 3s - loss: 4.4509 - accuracy: 0.1008 - val_loss: 2.3057 - val_accuracy: 0.1327 - 3s/epoch - 4ms/step
Epoch 90/100
782/782 - 3s - loss: 4.4424 - accuracy: 0.1003 - val_loss: 2.3083 - val_accuracy: 0.1299 - 3s/epoch - 4ms/step
Epoch 91/100
782/782 - 3s - loss: 4.4005 - accuracy: 0.1011 - val_loss: 2.3070 - val_accuracy: 0.1292 - 3s/epoch - 4ms/step
Epoch 92/100
782/782 - 3s - loss: 4.4266 - accuracy: 0.0991 - val_loss: 2.3055 - val_accuracy: 0.1306 - 3s/epoch - 4ms/step
Epoch 93/100
782/782 - 3s - loss: 4.4006 - accuracy: 0.0979 - val_loss: 2.3051 - val_accuracy: 0.1287 - 3s/epoch - 4ms/step
Epoch 94/100
782/782 - 3s - loss: 4.3707 - accuracy: 0.0993 - val_loss: 2.3044 - val_accuracy: 0.1297 - 3s/epoch - 4ms/step
Epoch 95/100
782/782 - 3s - loss: 4.3929 - accuracy: 0.1005 - val_loss: 2.3047 - val_accuracy: 0.1288 - 3s/epoch - 4ms/step
Epoch 96/100
782/782 - 3s - loss: 4.3737 - accuracy: 0.0995 - val_loss: 2.3032 - val_accuracy: 0.1295 - 3s/epoch - 4ms/step
Epoch 97/100
782/782 - 3s - loss: 4.3511 - accuracy: 0.1025 - val_loss: 2.3011 - val_accuracy: 0.1306 - 3s/epoch - 4ms/step
Epoch 98/100
782/782 - 3s - loss: 4.3608 - accuracy: 0.1011 - val_loss: 2.2980 - val_accuracy: 0.1320 - 3s/epoch - 4ms/step
Epoch 99/100
782/782 - 3s - loss: 4.3487 - accuracy: 0.0995 - val_loss: 2.2952 - val_accuracy: 0.1332 - 3s/epoch - 4ms/step
Epoch 100/100
782/782 - 3s - loss: 4.2948 - accuracy: 0.1003 - val_loss: 2.2946 - val_accuracy: 0.1356 - 3s/epoch - 4ms/step
313/313 - 1s - loss: 2.2947 - accuracy: 0.1355 - 600ms/epoch - 2ms/step

ACCURACY: 0.1354999989271164


SCORE: -0.38225057524898143

[92m | MODULE VALUES ---------------------------------------------  |
 [0m
FLOPS: 6299712
PARAMS: 172954.0
[92m 
 | -----------------------------------------------------------  |
 [0m

--- BANANAS ITERATION 36 / 1000 ---
Chosen point: {'num_neurons': 4, 'unit_c1': 3, 'unit_c2': 5, 'dr_f': 0.16614345601754046, 'learning_rate': 0.000665966895831564, 'batch_size': 64, 'optimizer': 'Adam', 'activation': 'relu', 'data_augmentation': True, 'reg_l2': False, 'skip_connection': True, 'new_fc_1': 28, 'new_fc_2': 5, 'new_fc_3': 24, 'new_fc_4': 7, 'new_fc_5': 1, 'new_fc_6': 4, 'new_fc_7': 24, 'new_fc_8': 25, 'new_fc_9': 8, 'new_fc_10': 4}
[94m
|  --> START TRAINING ITERATION 10[0m
[INFO] Flags -> DA: True, L2: False, Skip: True
Building model with input_shape=(32, 32, 3), pos_input_shape=None, layer_x_block=2
Model: "model"
__________________________________________________________________________________________________
 Layer (type)                Output Shape                 Param #   Connected to                  
==================================================================================================
 input_2 (InputLayer)        [(None, 32, 32, 3)]          0         []                            
                                                                                                  
 conv2d (Conv2D)             (None, 32, 32, 12)           336       ['input_2[0][0]']             
                                                                                                  
 activation (Activation)     (None, 32, 32, 12)           0         ['conv2d[1][0]']              
                                                                                                  
 conv2d_2 (Conv2D)           (None, 32, 32, 12)           48        ['input_2[0][0]']             
                                                                                                  
 conv2d_1 (Conv2D)           (None, 32, 32, 12)           1308      ['activation[1][0]']          
                                                                                                  
 add (Add)                   (None, 32, 32, 12)           0         ['conv2d_2[1][0]',            
                                                                     'conv2d_1[1][0]']            
                                                                                                  
 activation_1 (Activation)   (None, 32, 32, 12)           0         ['add[1][0]']                 
                                                                                                  
 max_pooling2d (MaxPooling2  (None, 16, 16, 12)           0         ['activation_1[1][0]']        
 D)                                                                                               
                                                                                                  
 conv2d_3 (Conv2D)           (None, 16, 16, 20)           2180      ['max_pooling2d[1][0]']       
                                                                                                  
 activation_2 (Activation)   (None, 16, 16, 20)           0         ['conv2d_3[1][0]']            
                                                                                                  
 conv2d_5 (Conv2D)           (None, 16, 16, 20)           260       ['max_pooling2d[1][0]']       
                                                                                                  
 conv2d_4 (Conv2D)           (None, 16, 16, 20)           3620      ['activation_2[1][0]']        
                                                                                                  
 add_1 (Add)                 (None, 16, 16, 20)           0         ['conv2d_5[1][0]',            
                                                                     'conv2d_4[1][0]']            
                                                                                                  
 activation_3 (Activation)   (None, 16, 16, 20)           0         ['add_1[1][0]']               
                                                                                                  
 max_pooling2d_1 (MaxPoolin  (None, 8, 8, 20)             0         ['activation_3[1][0]']        
 g2D)                                                                                             
                                                                                                  
 flatten (Flatten)           (None, 1280)                 0         ['max_pooling2d_1[1][0]']     
                                                                                                  
 dense (Dense)               (None, 112)                  143472    ['flatten[1][0]']             
                                                                                                  
 activation_4 (Activation)   (None, 112)                  0         ['dense[1][0]']               
                                                                                                  
 dropout (Dropout)           (None, 112)                  0         ['activation_4[1][0]']        
                                                                                                  
 dense_1 (Dense)             (None, 20)                   2260      ['dropout[1][0]']             
                                                                                                  
 activation_5 (Activation)   (None, 20)                   0         ['dense_1[1][0]']             
                                                                                                  
 dropout_1 (Dropout)         (None, 20)                   0         ['activation_5[1][0]']        
                                                                                                  
 dense_2 (Dense)             (None, 96)                   2016      ['dropout_1[1][0]']           
                                                                                                  
 activation_6 (Activation)   (None, 96)                   0         ['dense_2[1][0]']             
                                                                                                  
 dropout_2 (Dropout)         (None, 96)                   0         ['activation_6[1][0]']        
                                                                                                  
 dense_3 (Dense)             (None, 28)                   2716      ['dropout_2[1][0]']           
                                                                                                  
 activation_7 (Activation)   (None, 28)                   0         ['dense_3[1][0]']             
                                                                                                  
 dropout_3 (Dropout)         (None, 28)                   0         ['activation_7[1][0]']        
                                                                                                  
 dense_4 (Dense)             (None, 4)                    116       ['dropout_3[1][0]']           
                                                                                                  
 activation_8 (Activation)   (None, 4)                    0         ['dense_4[1][0]']             
                                                                                                  
 dropout_4 (Dropout)         (None, 4)                    0         ['activation_8[1][0]']        
                                                                                                  
 dense_5 (Dense)             (None, 16)                   80        ['dropout_4[1][0]']           
                                                                                                  
 activation_9 (Activation)   (None, 16)                   0         ['dense_5[1][0]']             
                                                                                                  
 dropout_5 (Dropout)         (None, 16)                   0         ['activation_9[1][0]']        
                                                                                                  
 dense_6 (Dense)             (None, 96)                   1632      ['dropout_5[1][0]']           
                                                                                                  
 activation_10 (Activation)  (None, 96)                   0         ['dense_6[1][0]']             
                                                                                                  
 dropout_6 (Dropout)         (None, 96)                   0         ['activation_10[1][0]']       
                                                                                                  
 dense_7 (Dense)             (None, 100)                  9700      ['dropout_6[1][0]']           
                                                                                                  
 activation_11 (Activation)  (None, 100)                  0         ['dense_7[1][0]']             
                                                                                                  
 dropout_7 (Dropout)         (None, 100)                  0         ['activation_11[1][0]']       
                                                                                                  
 dense_8 (Dense)             (None, 32)                   3232      ['dropout_7[1][0]']           
                                                                                                  
 activation_12 (Activation)  (None, 32)                   0         ['dense_8[1][0]']             
                                                                                                  
 dropout_8 (Dropout)         (None, 32)                   0         ['activation_12[1][0]']       
                                                                                                  
 dense_9 (Dense)             (None, 16)                   528       ['dropout_8[1][0]']           
                                                                                                  
 activation_13 (Activation)  (None, 16)                   0         ['dense_9[1][0]']             
                                                                                                  
 dropout_9 (Dropout)         (None, 16)                   0         ['activation_13[1][0]']       
                                                                                                  
 dense_10 (Dense)            (None, 10)                   170       ['dropout_9[1][0]']           
                                                                                                  
==================================================================================================
Total params: 173674 (678.41 KB)
Trainable params: 173674 (678.41 KB)
Non-trainable params: 0 (0.00 Byte)
__________________________________________________________________________________________________
Epoch 1/100
782/782 - 6s - loss: 2.1123 - accuracy: 0.1580 - val_loss: 1.9305 - val_accuracy: 0.1865 - 6s/epoch - 7ms/step
Epoch 2/100
782/782 - 3s - loss: 1.9011 - accuracy: 0.1992 - val_loss: 1.8307 - val_accuracy: 0.2260 - 3s/epoch - 4ms/step
Epoch 3/100
782/782 - 3s - loss: 1.8387 - accuracy: 0.2363 - val_loss: 1.7717 - val_accuracy: 0.2925 - 3s/epoch - 4ms/step
Epoch 4/100
782/782 - 3s - loss: 1.7834 - accuracy: 0.2750 - val_loss: 1.7269 - val_accuracy: 0.3127 - 3s/epoch - 4ms/step
Epoch 5/100
782/782 - 3s - loss: 1.7271 - accuracy: 0.3125 - val_loss: 1.6746 - val_accuracy: 0.3321 - 3s/epoch - 4ms/step
Epoch 6/100
782/782 - 3s - loss: 1.6757 - accuracy: 0.3420 - val_loss: 1.6242 - val_accuracy: 0.3572 - 3s/epoch - 4ms/step
Epoch 7/100
782/782 - 3s - loss: 1.6336 - accuracy: 0.3586 - val_loss: 1.6100 - val_accuracy: 0.3573 - 3s/epoch - 4ms/step
Epoch 8/100
782/782 - 3s - loss: 1.6139 - accuracy: 0.3730 - val_loss: 1.5789 - val_accuracy: 0.3622 - 3s/epoch - 4ms/step
Epoch 9/100
782/782 - 3s - loss: 1.5890 - accuracy: 0.3823 - val_loss: 1.5347 - val_accuracy: 0.3901 - 3s/epoch - 4ms/step
Epoch 10/100
782/782 - 3s - loss: 1.5329 - accuracy: 0.4002 - val_loss: 1.6312 - val_accuracy: 0.3740 - 3s/epoch - 4ms/step
Epoch 11/100
782/782 - 3s - loss: 1.5210 - accuracy: 0.4050 - val_loss: 1.5541 - val_accuracy: 0.3748 - 3s/epoch - 4ms/step
Epoch 12/100
782/782 - 3s - loss: 1.4847 - accuracy: 0.4167 - val_loss: 1.4953 - val_accuracy: 0.4026 - 3s/epoch - 4ms/step
Epoch 13/100
782/782 - 3s - loss: 1.4983 - accuracy: 0.4127 - val_loss: 1.4242 - val_accuracy: 0.4374 - 3s/epoch - 4ms/step
Epoch 14/100
782/782 - 3s - loss: 1.4379 - accuracy: 0.4352 - val_loss: 1.4307 - val_accuracy: 0.4364 - 3s/epoch - 4ms/step
Epoch 15/100
782/782 - 3s - loss: 1.4299 - accuracy: 0.4415 - val_loss: 1.4291 - val_accuracy: 0.4325 - 3s/epoch - 4ms/step
Epoch 16/100
782/782 - 3s - loss: 1.4204 - accuracy: 0.4454 - val_loss: 1.4081 - val_accuracy: 0.4449 - 3s/epoch - 4ms/step
Epoch 17/100
782/782 - 3s - loss: 1.3971 - accuracy: 0.4539 - val_loss: 1.4107 - val_accuracy: 0.4533 - 3s/epoch - 4ms/step
Epoch 18/100
782/782 - 3s - loss: 1.3769 - accuracy: 0.4615 - val_loss: 1.4054 - val_accuracy: 0.4422 - 3s/epoch - 4ms/step
Epoch 19/100
782/782 - 3s - loss: 1.3596 - accuracy: 0.4697 - val_loss: 1.3930 - val_accuracy: 0.4738 - 3s/epoch - 4ms/step
Epoch 20/100
782/782 - 3s - loss: 1.3563 - accuracy: 0.4733 - val_loss: 1.4850 - val_accuracy: 0.4233 - 3s/epoch - 4ms/step
Epoch 21/100
782/782 - 3s - loss: 1.3431 - accuracy: 0.4796 - val_loss: 1.4672 - val_accuracy: 0.4116 - 3s/epoch - 4ms/step
Epoch 22/100
782/782 - 3s - loss: 1.3300 - accuracy: 0.4872 - val_loss: 1.3524 - val_accuracy: 0.4954 - 3s/epoch - 4ms/step
Epoch 23/100
782/782 - 3s - loss: 1.2988 - accuracy: 0.4992 - val_loss: 1.3752 - val_accuracy: 0.4796 - 3s/epoch - 4ms/step
Epoch 24/100
782/782 - 3s - loss: 1.3554 - accuracy: 0.4890 - val_loss: 1.4624 - val_accuracy: 0.4506 - 3s/epoch - 4ms/step
Epoch 25/100
782/782 - 3s - loss: 1.3204 - accuracy: 0.4969 - val_loss: 1.3543 - val_accuracy: 0.4983 - 3s/epoch - 4ms/step
Epoch 26/100
782/782 - 3s - loss: 1.2687 - accuracy: 0.5187 - val_loss: 1.3454 - val_accuracy: 0.5056 - 3s/epoch - 4ms/step
Epoch 27/100
782/782 - 3s - loss: 1.2486 - accuracy: 0.5279 - val_loss: 1.3280 - val_accuracy: 0.5113 - 3s/epoch - 4ms/step
Epoch 28/100
782/782 - 3s - loss: 1.2353 - accuracy: 0.5400 - val_loss: 1.3651 - val_accuracy: 0.4972 - 3s/epoch - 4ms/step
Epoch 29/100
782/782 - 3s - loss: 1.2340 - accuracy: 0.5392 - val_loss: 1.3205 - val_accuracy: 0.5122 - 3s/epoch - 4ms/step
Epoch 30/100
782/782 - 3s - loss: 1.2137 - accuracy: 0.5468 - val_loss: 1.3800 - val_accuracy: 0.4956 - 3s/epoch - 4ms/step
Epoch 31/100
782/782 - 3s - loss: 1.2558 - accuracy: 0.5343 - val_loss: 1.3877 - val_accuracy: 0.4884 - 3s/epoch - 4ms/step
Epoch 32/100
782/782 - 3s - loss: 1.2128 - accuracy: 0.5482 - val_loss: 1.3405 - val_accuracy: 0.5116 - 3s/epoch - 4ms/step
Epoch 33/100
782/782 - 3s - loss: 1.1786 - accuracy: 0.5617 - val_loss: 1.3442 - val_accuracy: 0.5194 - 3s/epoch - 4ms/step
Epoch 34/100
782/782 - 3s - loss: 1.2000 - accuracy: 0.5586 - val_loss: 1.3537 - val_accuracy: 0.5168 - 3s/epoch - 4ms/step
Epoch 35/100
782/782 - 3s - loss: 1.1686 - accuracy: 0.5667 - val_loss: 1.3221 - val_accuracy: 0.5282 - 3s/epoch - 4ms/step
Epoch 36/100
782/782 - 3s - loss: 1.1705 - accuracy: 0.5710 - val_loss: 1.3400 - val_accuracy: 0.5255 - 3s/epoch - 4ms/step
Epoch 37/100
782/782 - 3s - loss: 1.1535 - accuracy: 0.5762 - val_loss: 1.3310 - val_accuracy: 0.5310 - 3s/epoch - 4ms/step
Epoch 38/100
782/782 - 3s - loss: 1.1548 - accuracy: 0.5731 - val_loss: 1.3571 - val_accuracy: 0.5379 - 3s/epoch - 4ms/step
Epoch 39/100
782/782 - 3s - loss: 1.1504 - accuracy: 0.5789 - val_loss: 1.3404 - val_accuracy: 0.5262 - 3s/epoch - 4ms/step
Epoch 40/100
782/782 - 3s - loss: 1.1314 - accuracy: 0.5886 - val_loss: 1.3041 - val_accuracy: 0.5473 - 3s/epoch - 4ms/step
Epoch 41/100
782/782 - 3s - loss: 1.1209 - accuracy: 0.5928 - val_loss: 1.3117 - val_accuracy: 0.5467 - 3s/epoch - 4ms/step
Epoch 42/100
782/782 - 3s - loss: 1.1378 - accuracy: 0.5868 - val_loss: 1.3320 - val_accuracy: 0.5416 - 3s/epoch - 4ms/step
Epoch 43/100
782/782 - 3s - loss: 1.1159 - accuracy: 0.5922 - val_loss: 1.3396 - val_accuracy: 0.5366 - 3s/epoch - 4ms/step
Epoch 44/100
782/782 - 3s - loss: 1.1157 - accuracy: 0.5964 - val_loss: 1.3461 - val_accuracy: 0.5466 - 3s/epoch - 4ms/step
Epoch 45/100
782/782 - 3s - loss: 1.0925 - accuracy: 0.6019 - val_loss: 1.2981 - val_accuracy: 0.5557 - 3s/epoch - 4ms/step
Epoch 46/100
782/782 - 3s - loss: 1.1029 - accuracy: 0.6038 - val_loss: 1.2939 - val_accuracy: 0.5560 - 3s/epoch - 4ms/step
Epoch 47/100
782/782 - 3s - loss: 1.0956 - accuracy: 0.6065 - val_loss: 1.3136 - val_accuracy: 0.5580 - 3s/epoch - 4ms/step
Epoch 48/100
782/782 - 3s - loss: 1.3249 - accuracy: 0.5303 - val_loss: 1.3058 - val_accuracy: 0.5375 - 3s/epoch - 4ms/step
Epoch 49/100
782/782 - 3s - loss: 1.1519 - accuracy: 0.5881 - val_loss: 1.2824 - val_accuracy: 0.5649 - 3s/epoch - 4ms/step
Epoch 50/100
782/782 - 3s - loss: 1.1935 - accuracy: 0.5727 - val_loss: 1.2883 - val_accuracy: 0.5567 - 3s/epoch - 4ms/step
Epoch 51/100
782/782 - 3s - loss: 1.0870 - accuracy: 0.6086 - val_loss: 1.3038 - val_accuracy: 0.5558 - 3s/epoch - 4ms/step
Epoch 52/100
782/782 - 4s - loss: 1.1306 - accuracy: 0.5973 - val_loss: 1.2999 - val_accuracy: 0.5476 - 4s/epoch - 4ms/step
Epoch 53/100
782/782 - 3s - loss: 1.2820 - accuracy: 0.5471 - val_loss: 1.5216 - val_accuracy: 0.4704 - 3s/epoch - 4ms/step
Epoch 54/100
782/782 - 3s - loss: 1.2558 - accuracy: 0.5546 - val_loss: 1.3060 - val_accuracy: 0.5425 - 3s/epoch - 4ms/step
Epoch 55/100
782/782 - 3s - loss: 1.1042 - accuracy: 0.6027 - val_loss: 1.2980 - val_accuracy: 0.5483 - 3s/epoch - 4ms/step
Epoch 56/100
782/782 - 3s - loss: 1.0704 - accuracy: 0.6139 - val_loss: 1.2750 - val_accuracy: 0.5625 - 3s/epoch - 4ms/step
Epoch 57/100
782/782 - 3s - loss: 1.0764 - accuracy: 0.6146 - val_loss: 1.2968 - val_accuracy: 0.5567 - 3s/epoch - 4ms/step
Epoch 58/100
782/782 - 3s - loss: 1.0732 - accuracy: 0.6167 - val_loss: 1.3128 - val_accuracy: 0.5644 - 3s/epoch - 4ms/step
Epoch 59/100
782/782 - 3s - loss: 1.0646 - accuracy: 0.6202 - val_loss: 1.3035 - val_accuracy: 0.5700 - 3s/epoch - 4ms/step
Epoch 60/100
782/782 - 4s - loss: 1.0518 - accuracy: 0.6239 - val_loss: 1.3003 - val_accuracy: 0.5658 - 4s/epoch - 4ms/step
Epoch 61/100
782/782 - 3s - loss: 1.0409 - accuracy: 0.6291 - val_loss: 1.3222 - val_accuracy: 0.5523 - 3s/epoch - 4ms/step
Epoch 62/100
782/782 - 3s - loss: 1.0217 - accuracy: 0.6341 - val_loss: 1.3049 - val_accuracy: 0.5612 - 3s/epoch - 4ms/step
Epoch 63/100
782/782 - 3s - loss: 1.1907 - accuracy: 0.5806 - val_loss: 1.3197 - val_accuracy: 0.5638 - 3s/epoch - 4ms/step
Epoch 64/100
782/782 - 3s - loss: 1.0778 - accuracy: 0.6176 - val_loss: 1.2738 - val_accuracy: 0.5669 - 3s/epoch - 4ms/step
Epoch 65/100
782/782 - 3s - loss: 1.0458 - accuracy: 0.6255 - val_loss: 1.2922 - val_accuracy: 0.5719 - 3s/epoch - 4ms/step
Epoch 66/100
782/782 - 3s - loss: 1.0292 - accuracy: 0.6360 - val_loss: 1.2646 - val_accuracy: 0.5883 - 3s/epoch - 4ms/step
Epoch 67/100
782/782 - 3s - loss: 1.0432 - accuracy: 0.6317 - val_loss: 1.2931 - val_accuracy: 0.5764 - 3s/epoch - 4ms/step
Epoch 68/100
782/782 - 3s - loss: 1.0398 - accuracy: 0.6312 - val_loss: 1.2838 - val_accuracy: 0.5718 - 3s/epoch - 4ms/step
Epoch 69/100
782/782 - 3s - loss: 1.0062 - accuracy: 0.6407 - val_loss: 1.3278 - val_accuracy: 0.5704 - 3s/epoch - 4ms/step
Epoch 70/100
782/782 - 3s - loss: 1.0003 - accuracy: 0.6454 - val_loss: 1.2872 - val_accuracy: 0.5790 - 3s/epoch - 4ms/step
Epoch 71/100
782/782 - 3s - loss: 1.0116 - accuracy: 0.6395 - val_loss: 1.3106 - val_accuracy: 0.5851 - 3s/epoch - 4ms/step
Epoch 72/100
782/782 - 3s - loss: 1.0114 - accuracy: 0.6419 - val_loss: 1.3061 - val_accuracy: 0.5737 - 3s/epoch - 4ms/step
Epoch 73/100
782/782 - 4s - loss: 1.3141 - accuracy: 0.5378 - val_loss: 1.5941 - val_accuracy: 0.4177 - 4s/epoch - 4ms/step
Epoch 74/100
782/782 - 3s - loss: 1.4467 - accuracy: 0.4844 - val_loss: 1.3913 - val_accuracy: 0.5316 - 3s/epoch - 4ms/step
Epoch 75/100
782/782 - 3s - loss: 1.1809 - accuracy: 0.5872 - val_loss: 1.2856 - val_accuracy: 0.5664 - 3s/epoch - 4ms/step
Epoch 76/100
782/782 - 3s - loss: 1.0673 - accuracy: 0.6209 - val_loss: 1.2822 - val_accuracy: 0.5680 - 3s/epoch - 4ms/step
Epoch 77/100
782/782 - 3s - loss: 1.0366 - accuracy: 0.6339 - val_loss: 1.2762 - val_accuracy: 0.5792 - 3s/epoch - 4ms/step
Epoch 78/100
782/782 - 3s - loss: 1.0090 - accuracy: 0.6430 - val_loss: 1.2649 - val_accuracy: 0.5921 - 3s/epoch - 4ms/step
Epoch 79/100
782/782 - 3s - loss: 1.0243 - accuracy: 0.6388 - val_loss: 1.2644 - val_accuracy: 0.5844 - 3s/epoch - 4ms/step
Epoch 80/100
782/782 - 3s - loss: 0.9706 - accuracy: 0.6557 - val_loss: 1.2750 - val_accuracy: 0.5806 - 3s/epoch - 4ms/step
Epoch 81/100
782/782 - 3s - loss: 1.0067 - accuracy: 0.6461 - val_loss: 1.3196 - val_accuracy: 0.5681 - 3s/epoch - 4ms/step
Epoch 82/100
782/782 - 3s - loss: 1.0152 - accuracy: 0.6428 - val_loss: 1.3278 - val_accuracy: 0.5710 - 3s/epoch - 4ms/step
Epoch 83/100
782/782 - 3s - loss: 1.0337 - accuracy: 0.6399 - val_loss: 1.2489 - val_accuracy: 0.5829 - 3s/epoch - 4ms/step
Epoch 84/100
782/782 - 3s - loss: 0.9844 - accuracy: 0.6516 - val_loss: 1.2541 - val_accuracy: 0.5841 - 3s/epoch - 4ms/step
Epoch 85/100
782/782 - 3s - loss: 0.9592 - accuracy: 0.6613 - val_loss: 1.2707 - val_accuracy: 0.5921 - 3s/epoch - 4ms/step
Epoch 86/100
782/782 - 3s - loss: 1.0163 - accuracy: 0.6415 - val_loss: 1.3126 - val_accuracy: 0.5624 - 3s/epoch - 4ms/step
Epoch 87/100
782/782 - 4s - loss: 0.9921 - accuracy: 0.6503 - val_loss: 1.2628 - val_accuracy: 0.5932 - 4s/epoch - 4ms/step
Epoch 88/100
782/782 - 4s - loss: 1.1037 - accuracy: 0.6175 - val_loss: 1.2617 - val_accuracy: 0.5950 - 4s/epoch - 5ms/step
Epoch 89/100
782/782 - 4s - loss: 0.9869 - accuracy: 0.6525 - val_loss: 1.2644 - val_accuracy: 0.5908 - 4s/epoch - 4ms/step
Epoch 90/100
782/782 - 4s - loss: 0.9938 - accuracy: 0.6470 - val_loss: 1.2983 - val_accuracy: 0.5840 - 4s/epoch - 4ms/step
Epoch 91/100
782/782 - 4s - loss: 0.9881 - accuracy: 0.6549 - val_loss: 1.2437 - val_accuracy: 0.5935 - 4s/epoch - 4ms/step
Epoch 92/100
782/782 - 4s - loss: 0.9583 - accuracy: 0.6627 - val_loss: 1.2945 - val_accuracy: 0.5901 - 4s/epoch - 5ms/step
Epoch 93/100
782/782 - 3s - loss: 1.5198 - accuracy: 0.4749 - val_loss: 1.3554 - val_accuracy: 0.5253 - 3s/epoch - 4ms/step
Epoch 94/100
782/782 - 3s - loss: 1.2015 - accuracy: 0.5790 - val_loss: 1.3210 - val_accuracy: 0.5369 - 3s/epoch - 4ms/step
Epoch 95/100
782/782 - 3s - loss: 1.0823 - accuracy: 0.6199 - val_loss: 1.2536 - val_accuracy: 0.5883 - 3s/epoch - 4ms/step
Epoch 96/100
782/782 - 3s - loss: 1.0464 - accuracy: 0.6334 - val_loss: 1.2623 - val_accuracy: 0.5777 - 3s/epoch - 4ms/step
Epoch 97/100
782/782 - 3s - loss: 1.0261 - accuracy: 0.6408 - val_loss: 1.2732 - val_accuracy: 0.5766 - 3s/epoch - 4ms/step
Epoch 98/100
782/782 - 3s - loss: 0.9659 - accuracy: 0.6596 - val_loss: 1.2735 - val_accuracy: 0.5700 - 3s/epoch - 4ms/step
Epoch 99/100
782/782 - 3s - loss: 0.9815 - accuracy: 0.6593 - val_loss: 1.2672 - val_accuracy: 0.5888 - 3s/epoch - 4ms/step
Epoch 100/100
782/782 - 3s - loss: 0.9580 - accuracy: 0.6662 - val_loss: 1.2289 - val_accuracy: 0.6040 - 3s/epoch - 4ms/step
313/313 - 1s - loss: 1.2289 - accuracy: 0.6040 - 509ms/epoch - 2ms/step

ACCURACY: 0.6039999723434448


SCORE: -0.7090361966404113

[92m | MODULE VALUES ---------------------------------------------  |
 [0m
FLOPS: 6881892
PARAMS: 173674.0
[92m 
 | -----------------------------------------------------------  |
 [0m

--- BANANAS ITERATION 37 / 1000 ---
Chosen point: {'num_neurons': 8, 'unit_c1': 3, 'unit_c2': 2, 'dr_f': 0.4839705198385945, 'learning_rate': 0.0009031361245219135, 'batch_size': 64, 'optimizer': 'Adam', 'activation': 'swish', 'data_augmentation': True, 'reg_l2': False, 'skip_connection': True, 'new_fc_1': 12, 'new_fc_2': 4, 'new_fc_3': 6, 'new_fc_4': 7, 'new_fc_5': 15, 'new_fc_6': 16, 'new_fc_7': 15, 'new_fc_8': 17, 'new_fc_9': 1, 'new_fc_10': 3}
[94m
|  --> START TRAINING ITERATION 11[0m
[INFO] Flags -> DA: True, L2: False, Skip: True
Building model with input_shape=(32, 32, 3), pos_input_shape=None, layer_x_block=2
Model: "model"
__________________________________________________________________________________________________
 Layer (type)                Output Shape                 Param #   Connected to                  
==================================================================================================
 input_2 (InputLayer)        [(None, 32, 32, 3)]          0         []                            
                                                                                                  
 conv2d (Conv2D)             (None, 32, 32, 24)           672       ['input_2[0][0]']             
                                                                                                  
 activation (Activation)     (None, 32, 32, 24)           0         ['conv2d[1][0]']              
                                                                                                  
 conv2d_2 (Conv2D)           (None, 32, 32, 24)           96        ['input_2[0][0]']             
                                                                                                  
 conv2d_1 (Conv2D)           (None, 32, 32, 24)           5208      ['activation[1][0]']          
                                                                                                  
 add (Add)                   (None, 32, 32, 24)           0         ['conv2d_2[1][0]',            
                                                                     'conv2d_1[1][0]']            
                                                                                                  
 activation_1 (Activation)   (None, 32, 32, 24)           0         ['add[1][0]']                 
                                                                                                  
 max_pooling2d (MaxPooling2  (None, 16, 16, 24)           0         ['activation_1[1][0]']        
 D)                                                                                               
                                                                                                  
 conv2d_3 (Conv2D)           (None, 16, 16, 16)           3472      ['max_pooling2d[1][0]']       
                                                                                                  
 activation_2 (Activation)   (None, 16, 16, 16)           0         ['conv2d_3[1][0]']            
                                                                                                  
 conv2d_5 (Conv2D)           (None, 16, 16, 16)           400       ['max_pooling2d[1][0]']       
                                                                                                  
 conv2d_4 (Conv2D)           (None, 16, 16, 16)           2320      ['activation_2[1][0]']        
                                                                                                  
 add_1 (Add)                 (None, 16, 16, 16)           0         ['conv2d_5[1][0]',            
                                                                     'conv2d_4[1][0]']            
                                                                                                  
 activation_3 (Activation)   (None, 16, 16, 16)           0         ['add_1[1][0]']               
                                                                                                  
 max_pooling2d_1 (MaxPoolin  (None, 8, 8, 16)             0         ['activation_3[1][0]']        
 g2D)                                                                                             
                                                                                                  
 flatten (Flatten)           (None, 1024)                 0         ['max_pooling2d_1[1][0]']     
                                                                                                  
 dense (Dense)               (None, 96)                   98400     ['flatten[1][0]']             
                                                                                                  
 activation_4 (Activation)   (None, 96)                   0         ['dense[1][0]']               
                                                                                                  
 dropout (Dropout)           (None, 96)                   0         ['activation_4[1][0]']        
                                                                                                  
 dense_1 (Dense)             (None, 32)                   3104      ['dropout[1][0]']             
                                                                                                  
 activation_5 (Activation)   (None, 32)                   0         ['dense_1[1][0]']             
                                                                                                  
 dropout_1 (Dropout)         (None, 32)                   0         ['activation_5[1][0]']        
                                                                                                  
 dense_2 (Dense)             (None, 48)                   1584      ['dropout_1[1][0]']           
                                                                                                  
 activation_6 (Activation)   (None, 48)                   0         ['dense_2[1][0]']             
                                                                                                  
 dropout_2 (Dropout)         (None, 48)                   0         ['activation_6[1][0]']        
                                                                                                  
 dense_3 (Dense)             (None, 56)                   2744      ['dropout_2[1][0]']           
                                                                                                  
 activation_7 (Activation)   (None, 56)                   0         ['dense_3[1][0]']             
                                                                                                  
 dropout_3 (Dropout)         (None, 56)                   0         ['activation_7[1][0]']        
                                                                                                  
 dense_4 (Dense)             (None, 120)                  6840      ['dropout_3[1][0]']           
                                                                                                  
 activation_8 (Activation)   (None, 120)                  0         ['dense_4[1][0]']             
                                                                                                  
 dropout_4 (Dropout)         (None, 120)                  0         ['activation_8[1][0]']        
                                                                                                  
 dense_5 (Dense)             (None, 128)                  15488     ['dropout_4[1][0]']           
                                                                                                  
 activation_9 (Activation)   (None, 128)                  0         ['dense_5[1][0]']             
                                                                                                  
 dropout_5 (Dropout)         (None, 128)                  0         ['activation_9[1][0]']        
                                                                                                  
 dense_6 (Dense)             (None, 120)                  15480     ['dropout_5[1][0]']           
                                                                                                  
 activation_10 (Activation)  (None, 120)                  0         ['dense_6[1][0]']             
                                                                                                  
 dropout_6 (Dropout)         (None, 120)                  0         ['activation_10[1][0]']       
                                                                                                  
 dense_7 (Dense)             (None, 136)                  16456     ['dropout_6[1][0]']           
                                                                                                  
 activation_11 (Activation)  (None, 136)                  0         ['dense_7[1][0]']             
                                                                                                  
 dropout_7 (Dropout)         (None, 136)                  0         ['activation_11[1][0]']       
                                                                                                  
 dense_8 (Dense)             (None, 8)                    1096      ['dropout_7[1][0]']           
                                                                                                  
 activation_12 (Activation)  (None, 8)                    0         ['dense_8[1][0]']             
                                                                                                  
 dropout_8 (Dropout)         (None, 8)                    0         ['activation_12[1][0]']       
                                                                                                  
 dense_9 (Dense)             (None, 24)                   216       ['dropout_8[1][0]']           
                                                                                                  
 activation_13 (Activation)  (None, 24)                   0         ['dense_9[1][0]']             
                                                                                                  
 dropout_9 (Dropout)         (None, 24)                   0         ['activation_13[1][0]']       
                                                                                                  
 dense_10 (Dense)            (None, 10)                   250       ['dropout_9[1][0]']           
                                                                                                  
==================================================================================================
Total params: 173826 (679.01 KB)
Trainable params: 173826 (679.01 KB)
Non-trainable params: 0 (0.00 Byte)
__________________________________________________________________________________________________
Epoch 1/100
782/782 - 9s - loss: 2.1940 - accuracy: 0.1439 - val_loss: 1.9351 - val_accuracy: 0.1762 - 9s/epoch - 11ms/step
Epoch 2/100
782/782 - 4s - loss: 1.9571 - accuracy: 0.1865 - val_loss: 1.8484 - val_accuracy: 0.2002 - 4s/epoch - 5ms/step
Epoch 3/100
782/782 - 4s - loss: 1.9039 - accuracy: 0.1950 - val_loss: 1.8292 - val_accuracy: 0.2068 - 4s/epoch - 5ms/step
Epoch 4/100
782/782 - 4s - loss: 1.8748 - accuracy: 0.1987 - val_loss: 1.8175 - val_accuracy: 0.2344 - 4s/epoch - 5ms/step
Epoch 5/100
782/782 - 4s - loss: 1.8541 - accuracy: 0.2156 - val_loss: 1.7939 - val_accuracy: 0.2490 - 4s/epoch - 6ms/step
Epoch 6/100
782/782 - 4s - loss: 1.8280 - accuracy: 0.2304 - val_loss: 1.7565 - val_accuracy: 0.2683 - 4s/epoch - 5ms/step
Epoch 7/100
782/782 - 4s - loss: 1.8019 - accuracy: 0.2446 - val_loss: 1.7167 - val_accuracy: 0.3053 - 4s/epoch - 6ms/step
Epoch 8/100
782/782 - 4s - loss: 1.7717 - accuracy: 0.2590 - val_loss: 1.6975 - val_accuracy: 0.3019 - 4s/epoch - 5ms/step
Epoch 9/100
782/782 - 4s - loss: 1.7538 - accuracy: 0.2672 - val_loss: 1.6672 - val_accuracy: 0.3194 - 4s/epoch - 5ms/step
Epoch 10/100
782/782 - 4s - loss: 1.7295 - accuracy: 0.2753 - val_loss: 1.6679 - val_accuracy: 0.3131 - 4s/epoch - 5ms/step
Epoch 11/100
782/782 - 4s - loss: 1.7065 - accuracy: 0.2803 - val_loss: 1.6344 - val_accuracy: 0.3367 - 4s/epoch - 5ms/step
Epoch 12/100
782/782 - 4s - loss: 1.6930 - accuracy: 0.2891 - val_loss: 1.6515 - val_accuracy: 0.3302 - 4s/epoch - 5ms/step
Epoch 13/100
782/782 - 4s - loss: 1.6716 - accuracy: 0.2993 - val_loss: 1.6086 - val_accuracy: 0.3513 - 4s/epoch - 5ms/step
Epoch 14/100
782/782 - 4s - loss: 1.6584 - accuracy: 0.3054 - val_loss: 1.6283 - val_accuracy: 0.3488 - 4s/epoch - 5ms/step
Epoch 15/100
782/782 - 4s - loss: 1.6563 - accuracy: 0.3076 - val_loss: 1.6447 - val_accuracy: 0.3381 - 4s/epoch - 5ms/step
Epoch 16/100
782/782 - 4s - loss: 1.6456 - accuracy: 0.3106 - val_loss: 1.5966 - val_accuracy: 0.3558 - 4s/epoch - 5ms/step
Epoch 17/100
782/782 - 4s - loss: 1.6135 - accuracy: 0.3203 - val_loss: 1.5965 - val_accuracy: 0.3539 - 4s/epoch - 5ms/step
Epoch 18/100
782/782 - 4s - loss: 1.6147 - accuracy: 0.3239 - val_loss: 1.5968 - val_accuracy: 0.3738 - 4s/epoch - 5ms/step
Epoch 19/100
782/782 - 4s - loss: 1.5999 - accuracy: 0.3339 - val_loss: 1.5971 - val_accuracy: 0.3666 - 4s/epoch - 5ms/step
Epoch 20/100
782/782 - 4s - loss: 1.6011 - accuracy: 0.3343 - val_loss: 1.5466 - val_accuracy: 0.3883 - 4s/epoch - 5ms/step
Epoch 21/100
782/782 - 4s - loss: 1.5903 - accuracy: 0.3361 - val_loss: 1.5791 - val_accuracy: 0.3739 - 4s/epoch - 5ms/step
Epoch 22/100
782/782 - 4s - loss: 1.5698 - accuracy: 0.3414 - val_loss: 1.5690 - val_accuracy: 0.3840 - 4s/epoch - 5ms/step
Epoch 23/100
782/782 - 4s - loss: 1.5559 - accuracy: 0.3470 - val_loss: 1.5680 - val_accuracy: 0.3902 - 4s/epoch - 5ms/step
Epoch 24/100
782/782 - 4s - loss: 1.5634 - accuracy: 0.3443 - val_loss: 1.5708 - val_accuracy: 0.3743 - 4s/epoch - 5ms/step
Epoch 25/100
782/782 - 4s - loss: 1.5525 - accuracy: 0.3486 - val_loss: 1.5428 - val_accuracy: 0.3936 - 4s/epoch - 5ms/step
Epoch 26/100
782/782 - 4s - loss: 1.5329 - accuracy: 0.3509 - val_loss: 1.5247 - val_accuracy: 0.4071 - 4s/epoch - 5ms/step
Epoch 27/100
782/782 - 4s - loss: 1.5388 - accuracy: 0.3569 - val_loss: 1.5493 - val_accuracy: 0.4053 - 4s/epoch - 5ms/step
Epoch 28/100
782/782 - 4s - loss: 1.5549 - accuracy: 0.3491 - val_loss: 1.5336 - val_accuracy: 0.4032 - 4s/epoch - 5ms/step
Epoch 29/100
782/782 - 4s - loss: 1.5260 - accuracy: 0.3591 - val_loss: 1.5240 - val_accuracy: 0.4167 - 4s/epoch - 5ms/step
Epoch 30/100
782/782 - 4s - loss: 1.5061 - accuracy: 0.3626 - val_loss: 1.5409 - val_accuracy: 0.3837 - 4s/epoch - 5ms/step
Epoch 31/100
782/782 - 4s - loss: 1.5153 - accuracy: 0.3625 - val_loss: 1.5199 - val_accuracy: 0.4135 - 4s/epoch - 5ms/step
Epoch 32/100
782/782 - 4s - loss: 1.5101 - accuracy: 0.3619 - val_loss: 1.5132 - val_accuracy: 0.4159 - 4s/epoch - 5ms/step
Epoch 33/100
782/782 - 4s - loss: 1.5145 - accuracy: 0.3628 - val_loss: 1.5237 - val_accuracy: 0.3971 - 4s/epoch - 5ms/step
Epoch 34/100
782/782 - 4s - loss: 1.5090 - accuracy: 0.3671 - val_loss: 1.5417 - val_accuracy: 0.4046 - 4s/epoch - 5ms/step
Epoch 35/100
782/782 - 4s - loss: 1.4989 - accuracy: 0.3695 - val_loss: 1.5184 - val_accuracy: 0.4054 - 4s/epoch - 5ms/step
Epoch 36/100
782/782 - 4s - loss: 1.4832 - accuracy: 0.3701 - val_loss: 1.4928 - val_accuracy: 0.3986 - 4s/epoch - 5ms/step
Epoch 37/100
782/782 - 4s - loss: 1.4896 - accuracy: 0.3691 - val_loss: 1.5254 - val_accuracy: 0.4079 - 4s/epoch - 5ms/step
Epoch 38/100
782/782 - 4s - loss: 1.4820 - accuracy: 0.3739 - val_loss: 1.5334 - val_accuracy: 0.3968 - 4s/epoch - 5ms/step
Epoch 39/100
782/782 - 4s - loss: 1.4919 - accuracy: 0.3730 - val_loss: 1.5224 - val_accuracy: 0.4128 - 4s/epoch - 5ms/step
Epoch 40/100
782/782 - 4s - loss: 1.4756 - accuracy: 0.3825 - val_loss: 1.4883 - val_accuracy: 0.4197 - 4s/epoch - 5ms/step
Epoch 41/100
782/782 - 4s - loss: 1.4852 - accuracy: 0.3762 - val_loss: 1.5194 - val_accuracy: 0.4055 - 4s/epoch - 5ms/step
Epoch 42/100
782/782 - 4s - loss: 1.4725 - accuracy: 0.3800 - val_loss: 1.5020 - val_accuracy: 0.4138 - 4s/epoch - 5ms/step
Epoch 43/100
782/782 - 4s - loss: 1.5065 - accuracy: 0.3706 - val_loss: 1.5300 - val_accuracy: 0.3867 - 4s/epoch - 5ms/step
Epoch 44/100
782/782 - 4s - loss: 1.4601 - accuracy: 0.3822 - val_loss: 1.5684 - val_accuracy: 0.4161 - 4s/epoch - 5ms/step
Epoch 45/100
782/782 - 4s - loss: 1.4791 - accuracy: 0.3791 - val_loss: 1.5116 - val_accuracy: 0.4140 - 4s/epoch - 5ms/step
Epoch 46/100
782/782 - 4s - loss: 1.4757 - accuracy: 0.3795 - val_loss: 1.4796 - val_accuracy: 0.4296 - 4s/epoch - 6ms/step
Epoch 47/100
782/782 - 4s - loss: 1.4662 - accuracy: 0.3842 - val_loss: 1.5914 - val_accuracy: 0.3866 - 4s/epoch - 5ms/step
Epoch 48/100
782/782 - 4s - loss: 1.5415 - accuracy: 0.3649 - val_loss: 1.5266 - val_accuracy: 0.3956 - 4s/epoch - 5ms/step
Epoch 49/100
782/782 - 4s - loss: 1.4943 - accuracy: 0.3782 - val_loss: 1.5050 - val_accuracy: 0.4008 - 4s/epoch - 5ms/step
Epoch 50/100
782/782 - 4s - loss: 1.4514 - accuracy: 0.3847 - val_loss: 1.5194 - val_accuracy: 0.3722 - 4s/epoch - 5ms/step
Epoch 51/100
782/782 - 4s - loss: 1.5192 - accuracy: 0.3665 - val_loss: 1.4998 - val_accuracy: 0.4100 - 4s/epoch - 5ms/step
Epoch 52/100
782/782 - 4s - loss: 1.4973 - accuracy: 0.3742 - val_loss: 1.4795 - val_accuracy: 0.4057 - 4s/epoch - 5ms/step
Epoch 53/100
782/782 - 4s - loss: 1.4425 - accuracy: 0.3894 - val_loss: 1.5427 - val_accuracy: 0.3938 - 4s/epoch - 5ms/step
Epoch 54/100
782/782 - 4s - loss: 1.5090 - accuracy: 0.3729 - val_loss: 1.4892 - val_accuracy: 0.4101 - 4s/epoch - 5ms/step
Epoch 55/100
782/782 - 4s - loss: 1.4771 - accuracy: 0.3825 - val_loss: 1.4935 - val_accuracy: 0.4018 - 4s/epoch - 5ms/step
Epoch 56/100
782/782 - 4s - loss: 1.4472 - accuracy: 0.3905 - val_loss: 1.5032 - val_accuracy: 0.4131 - 4s/epoch - 5ms/step
Epoch 57/100
782/782 - 4s - loss: 1.5034 - accuracy: 0.3790 - val_loss: 1.5051 - val_accuracy: 0.4015 - 4s/epoch - 5ms/step
Epoch 58/100
782/782 - 4s - loss: 1.5410 - accuracy: 0.3671 - val_loss: 1.5429 - val_accuracy: 0.3769 - 4s/epoch - 5ms/step
Epoch 59/100
782/782 - 4s - loss: 1.5084 - accuracy: 0.3731 - val_loss: 1.5168 - val_accuracy: 0.4086 - 4s/epoch - 5ms/step
Epoch 60/100
782/782 - 4s - loss: 1.4560 - accuracy: 0.3877 - val_loss: 1.4718 - val_accuracy: 0.4170 - 4s/epoch - 5ms/step
Epoch 61/100
782/782 - 4s - loss: 1.4899 - accuracy: 0.3765 - val_loss: 1.5109 - val_accuracy: 0.4013 - 4s/epoch - 5ms/step
Epoch 62/100
782/782 - 4s - loss: 1.4836 - accuracy: 0.3815 - val_loss: 1.5488 - val_accuracy: 0.3792 - 4s/epoch - 5ms/step
Epoch 63/100
782/782 - 4s - loss: 1.5200 - accuracy: 0.3756 - val_loss: 1.4840 - val_accuracy: 0.3947 - 4s/epoch - 5ms/step
Epoch 64/100
782/782 - 4s - loss: 1.4861 - accuracy: 0.3842 - val_loss: 1.5158 - val_accuracy: 0.3979 - 4s/epoch - 5ms/step
Epoch 65/100
782/782 - 4s - loss: 1.4723 - accuracy: 0.3842 - val_loss: 1.5098 - val_accuracy: 0.4189 - 4s/epoch - 5ms/step
Epoch 66/100
782/782 - 4s - loss: 1.5030 - accuracy: 0.3764 - val_loss: 1.5165 - val_accuracy: 0.4071 - 4s/epoch - 5ms/step
Epoch 67/100
782/782 - 4s - loss: 1.4797 - accuracy: 0.3841 - val_loss: 1.5005 - val_accuracy: 0.4056 - 4s/epoch - 5ms/step
Epoch 68/100
782/782 - 4s - loss: 1.5233 - accuracy: 0.3745 - val_loss: 1.5420 - val_accuracy: 0.4017 - 4s/epoch - 5ms/step
Epoch 69/100
782/782 - 4s - loss: 1.4918 - accuracy: 0.3802 - val_loss: 1.5553 - val_accuracy: 0.3998 - 4s/epoch - 5ms/step
Epoch 70/100
782/782 - 4s - loss: 1.4653 - accuracy: 0.3887 - val_loss: 1.5210 - val_accuracy: 0.3895 - 4s/epoch - 5ms/step
Epoch 71/100
782/782 - 4s - loss: 1.4625 - accuracy: 0.3894 - val_loss: 1.6540 - val_accuracy: 0.3546 - 4s/epoch - 5ms/step
Epoch 72/100
782/782 - 4s - loss: 1.4954 - accuracy: 0.3850 - val_loss: 1.5258 - val_accuracy: 0.3928 - 4s/epoch - 5ms/step
Epoch 73/100
782/782 - 4s - loss: 1.5006 - accuracy: 0.3818 - val_loss: 1.5053 - val_accuracy: 0.4036 - 4s/epoch - 5ms/step
Epoch 74/100
782/782 - 4s - loss: 1.5108 - accuracy: 0.3799 - val_loss: 1.4913 - val_accuracy: 0.4076 - 4s/epoch - 5ms/step
Epoch 75/100
782/782 - 4s - loss: 1.4946 - accuracy: 0.3765 - val_loss: 1.4926 - val_accuracy: 0.3987 - 4s/epoch - 5ms/step
Epoch 76/100
Restoring model weights from the end of the best epoch: 46.
782/782 - 4s - loss: 1.5084 - accuracy: 0.3764 - val_loss: 1.4713 - val_accuracy: 0.3930 - 4s/epoch - 5ms/step
Epoch 76: early stopping
313/313 - 1s - loss: 1.4796 - accuracy: 0.4298 - 814ms/epoch - 3ms/step

ACCURACY: 0.42980000376701355


SCORE: -0.5692214186369096

[92m | MODULE VALUES ---------------------------------------------  |
 [0m
FLOPS: 15819292
PARAMS: 173826.0
[92m 
 | -----------------------------------------------------------  |
 [0m

--- BANANAS ITERATION 38 / 1000 ---
Chosen point: {'num_neurons': 4, 'unit_c1': 2, 'unit_c2': 8, 'dr_f': 0.421769600109104, 'learning_rate': 0.0004434778902990218, 'batch_size': 64, 'optimizer': 'Adamax', 'activation': 'elu', 'data_augmentation': False, 'reg_l2': False, 'skip_connection': False, 'new_fc_1': 9, 'new_fc_2': 2, 'new_fc_3': 0, 'new_fc_4': 10, 'new_fc_5': 19, 'new_fc_6': 27, 'new_fc_7': 7, 'new_fc_8': 32, 'new_fc_9': 20, 'new_fc_10': 12}
[94m
|  --> START TRAINING ITERATION 12[0m
[INFO] Flags -> DA: False, L2: False, Skip: False
Building model with input_shape=(32, 32, 3), pos_input_shape=None, layer_x_block=2
Model: "model"
_________________________________________________________________
 Layer (type)                Output Shape              Param #   
=================================================================
 input_1 (InputLayer)        [(None, 32, 32, 3)]       0         
                                                                 
 conv2d (Conv2D)             (None, 32, 32, 8)         224       
                                                                 
 activation (Activation)     (None, 32, 32, 8)         0         
                                                                 
 conv2d_1 (Conv2D)           (None, 32, 32, 8)         584       
                                                                 
 activation_1 (Activation)   (None, 32, 32, 8)         0         
                                                                 
 max_pooling2d (MaxPooling2  (None, 16, 16, 8)         0         
 D)                                                              
                                                                 
 conv2d_2 (Conv2D)           (None, 16, 16, 32)        2336      
                                                                 
 activation_2 (Activation)   (None, 16, 16, 32)        0         
                                                                 
 conv2d_3 (Conv2D)           (None, 16, 16, 32)        9248      
                                                                 
 activation_3 (Activation)   (None, 16, 16, 32)        0         
                                                                 
 max_pooling2d_1 (MaxPoolin  (None, 8, 8, 32)          0         
 g2D)                                                            
                                                                 
 flatten (Flatten)           (None, 2048)              0         
                                                                 
 dense (Dense)               (None, 36)                73764     
                                                                 
 activation_4 (Activation)   (None, 36)                0         
                                                                 
 dropout (Dropout)           (None, 36)                0         
                                                                 
 dense_1 (Dense)             (None, 8)                 296       
                                                                 
 activation_5 (Activation)   (None, 8)                 0         
                                                                 
 dropout_1 (Dropout)         (None, 8)                 0         
                                                                 
 dense_2 (Dense)             (None, 40)                360       
                                                                 
 activation_6 (Activation)   (None, 40)                0         
                                                                 
 dropout_2 (Dropout)         (None, 40)                0         
                                                                 
 dense_3 (Dense)             (None, 76)                3116      
                                                                 
 activation_7 (Activation)   (None, 76)                0         
                                                                 
 dropout_3 (Dropout)         (None, 76)                0         
                                                                 
 dense_4 (Dense)             (None, 108)               8316      
                                                                 
 activation_8 (Activation)   (None, 108)               0         
                                                                 
 dropout_4 (Dropout)         (None, 108)               0         
                                                                 
 dense_5 (Dense)             (None, 28)                3052      
                                                                 
 activation_9 (Activation)   (None, 28)                0         
                                                                 
 dropout_5 (Dropout)         (None, 28)                0         
                                                                 
 dense_6 (Dense)             (None, 128)               3712      
                                                                 
 activation_10 (Activation)  (None, 128)               0         
                                                                 
 dropout_6 (Dropout)         (None, 128)               0         
                                                                 
 dense_7 (Dense)             (None, 80)                10320     
                                                                 
 activation_11 (Activation)  (None, 80)                0         
                                                                 
 dropout_7 (Dropout)         (None, 80)                0         
                                                                 
 dense_8 (Dense)             (None, 48)                3888      
                                                                 
 activation_12 (Activation)  (None, 48)                0         
                                                                 
 dropout_8 (Dropout)         (None, 48)                0         
                                                                 
 dense_9 (Dense)             (None, 10)                490       
                                                                 
=================================================================
Total params: 119706 (467.60 KB)
Trainable params: 119706 (467.60 KB)
Non-trainable params: 0 (0.00 Byte)
_________________________________________________________________
Epoch 1/100
782/782 - 5s - loss: 2.3047 - accuracy: 0.1180 - val_loss: 2.0837 - val_accuracy: 0.1872 - 5s/epoch - 6ms/step
Epoch 2/100
782/782 - 3s - loss: 2.1058 - accuracy: 0.1761 - val_loss: 1.9008 - val_accuracy: 0.2499 - 3s/epoch - 4ms/step
Epoch 3/100
782/782 - 3s - loss: 2.0122 - accuracy: 0.1988 - val_loss: 1.7972 - val_accuracy: 0.2960 - 3s/epoch - 4ms/step
Epoch 4/100
782/782 - 3s - loss: 1.9487 - accuracy: 0.2259 - val_loss: 1.7227 - val_accuracy: 0.3004 - 3s/epoch - 4ms/step
Epoch 5/100
782/782 - 3s - loss: 1.9127 - accuracy: 0.2321 - val_loss: 1.7011 - val_accuracy: 0.3210 - 3s/epoch - 4ms/step
Epoch 6/100
782/782 - 3s - loss: 1.8754 - accuracy: 0.2463 - val_loss: 1.6671 - val_accuracy: 0.3269 - 3s/epoch - 4ms/step
Epoch 7/100
782/782 - 3s - loss: 1.8484 - accuracy: 0.2513 - val_loss: 1.6480 - val_accuracy: 0.3262 - 3s/epoch - 4ms/step
Epoch 8/100
782/782 - 3s - loss: 1.8271 - accuracy: 0.2541 - val_loss: 1.6399 - val_accuracy: 0.3313 - 3s/epoch - 4ms/step
Epoch 9/100
782/782 - 3s - loss: 1.8001 - accuracy: 0.2636 - val_loss: 1.6275 - val_accuracy: 0.3375 - 3s/epoch - 4ms/step
Epoch 10/100
782/782 - 3s - loss: 1.7829 - accuracy: 0.2744 - val_loss: 1.6106 - val_accuracy: 0.3444 - 3s/epoch - 4ms/step
Epoch 11/100
782/782 - 3s - loss: 1.7662 - accuracy: 0.2761 - val_loss: 1.6126 - val_accuracy: 0.3421 - 3s/epoch - 4ms/step
Epoch 12/100
782/782 - 3s - loss: 1.7556 - accuracy: 0.2790 - val_loss: 1.6155 - val_accuracy: 0.3444 - 3s/epoch - 4ms/step
Epoch 13/100
782/782 - 3s - loss: 1.7450 - accuracy: 0.2802 - val_loss: 1.5966 - val_accuracy: 0.3468 - 3s/epoch - 4ms/step
Epoch 14/100
782/782 - 3s - loss: 1.7258 - accuracy: 0.2908 - val_loss: 1.5919 - val_accuracy: 0.3497 - 3s/epoch - 4ms/step
Epoch 15/100
782/782 - 3s - loss: 1.7149 - accuracy: 0.2919 - val_loss: 1.6102 - val_accuracy: 0.3454 - 3s/epoch - 4ms/step
Epoch 16/100
782/782 - 3s - loss: 1.7051 - accuracy: 0.2957 - val_loss: 1.5975 - val_accuracy: 0.3505 - 3s/epoch - 4ms/step
Epoch 17/100
782/782 - 3s - loss: 1.6986 - accuracy: 0.2998 - val_loss: 1.5923 - val_accuracy: 0.3499 - 3s/epoch - 4ms/step
Epoch 18/100
782/782 - 3s - loss: 1.6859 - accuracy: 0.3017 - val_loss: 1.6043 - val_accuracy: 0.3406 - 3s/epoch - 4ms/step
Epoch 19/100
782/782 - 3s - loss: 1.6760 - accuracy: 0.3055 - val_loss: 1.5967 - val_accuracy: 0.3492 - 3s/epoch - 4ms/step
Epoch 20/100
782/782 - 3s - loss: 1.6731 - accuracy: 0.3069 - val_loss: 1.6024 - val_accuracy: 0.3515 - 3s/epoch - 4ms/step
Epoch 21/100
782/782 - 3s - loss: 1.6626 - accuracy: 0.3098 - val_loss: 1.5968 - val_accuracy: 0.3475 - 3s/epoch - 4ms/step
Epoch 22/100
782/782 - 3s - loss: 1.6576 - accuracy: 0.3141 - val_loss: 1.5906 - val_accuracy: 0.3484 - 3s/epoch - 4ms/step
Epoch 23/100
782/782 - 3s - loss: 1.6458 - accuracy: 0.3152 - val_loss: 1.6026 - val_accuracy: 0.3497 - 3s/epoch - 4ms/step
Epoch 24/100
782/782 - 3s - loss: 1.6381 - accuracy: 0.3204 - val_loss: 1.6036 - val_accuracy: 0.3428 - 3s/epoch - 4ms/step
Epoch 25/100
782/782 - 3s - loss: 1.6355 - accuracy: 0.3202 - val_loss: 1.6196 - val_accuracy: 0.3414 - 3s/epoch - 4ms/step
Epoch 26/100
782/782 - 3s - loss: 1.6300 - accuracy: 0.3218 - val_loss: 1.5890 - val_accuracy: 0.3533 - 3s/epoch - 4ms/step
Epoch 27/100
782/782 - 3s - loss: 1.6269 - accuracy: 0.3242 - val_loss: 1.6113 - val_accuracy: 0.3433 - 3s/epoch - 4ms/step
Epoch 28/100
782/782 - 3s - loss: 1.6176 - accuracy: 0.3254 - val_loss: 1.6038 - val_accuracy: 0.3456 - 3s/epoch - 4ms/step
Epoch 29/100
782/782 - 3s - loss: 1.6178 - accuracy: 0.3276 - val_loss: 1.6063 - val_accuracy: 0.3463 - 3s/epoch - 4ms/step
Epoch 30/100
782/782 - 3s - loss: 1.6052 - accuracy: 0.3281 - val_loss: 1.6097 - val_accuracy: 0.3484 - 3s/epoch - 4ms/step
Epoch 31/100
782/782 - 3s - loss: 1.6021 - accuracy: 0.3250 - val_loss: 1.6016 - val_accuracy: 0.3463 - 3s/epoch - 4ms/step
Epoch 32/100
782/782 - 3s - loss: 1.5961 - accuracy: 0.3300 - val_loss: 1.5948 - val_accuracy: 0.3487 - 3s/epoch - 4ms/step
Epoch 33/100
782/782 - 3s - loss: 1.5924 - accuracy: 0.3363 - val_loss: 1.6052 - val_accuracy: 0.3431 - 3s/epoch - 4ms/step
Epoch 34/100
782/782 - 3s - loss: 1.5878 - accuracy: 0.3346 - val_loss: 1.6141 - val_accuracy: 0.3473 - 3s/epoch - 4ms/step
Epoch 35/100
782/782 - 3s - loss: 1.5812 - accuracy: 0.3393 - val_loss: 1.6181 - val_accuracy: 0.3483 - 3s/epoch - 4ms/step
Epoch 36/100
782/782 - 3s - loss: 1.5777 - accuracy: 0.3372 - val_loss: 1.6116 - val_accuracy: 0.3423 - 3s/epoch - 4ms/step
Epoch 37/100
782/782 - 3s - loss: 1.5727 - accuracy: 0.3402 - val_loss: 1.6230 - val_accuracy: 0.3424 - 3s/epoch - 4ms/step
Epoch 38/100
782/782 - 3s - loss: 1.5696 - accuracy: 0.3365 - val_loss: 1.6127 - val_accuracy: 0.3415 - 3s/epoch - 4ms/step
Epoch 39/100
782/782 - 3s - loss: 1.5652 - accuracy: 0.3423 - val_loss: 1.6197 - val_accuracy: 0.3455 - 3s/epoch - 4ms/step
Epoch 40/100
782/782 - 3s - loss: 1.5664 - accuracy: 0.3388 - val_loss: 1.6382 - val_accuracy: 0.3358 - 3s/epoch - 4ms/step
Epoch 41/100
782/782 - 3s - loss: 1.5606 - accuracy: 0.3401 - val_loss: 1.6661 - val_accuracy: 0.3328 - 3s/epoch - 4ms/step
Epoch 42/100
782/782 - 3s - loss: 1.5585 - accuracy: 0.3415 - val_loss: 1.6337 - val_accuracy: 0.3444 - 3s/epoch - 4ms/step
Epoch 43/100
782/782 - 3s - loss: 1.5522 - accuracy: 0.3423 - val_loss: 1.6341 - val_accuracy: 0.3423 - 3s/epoch - 4ms/step
Epoch 44/100
Restoring model weights from the end of the best epoch: 14.
782/782 - 3s - loss: 1.5515 - accuracy: 0.3427 - val_loss: 1.6290 - val_accuracy: 0.3405 - 3s/epoch - 4ms/step
Epoch 44: early stopping
313/313 - 0s - loss: 1.5919 - accuracy: 0.3497 - 495ms/epoch - 2ms/step

ACCURACY: 0.349700003862381


SCORE: -0.5292229547036666

[92m | MODULE VALUES ---------------------------------------------  |
 [0m
FLOPS: 7783524
PARAMS: 119706.0
[92m 
 | -----------------------------------------------------------  |
 [0m

--- BANANAS ITERATION 39 / 1000 ---
Chosen point: {'num_neurons': 4, 'unit_c1': 4, 'unit_c2': 3, 'dr_f': 0.047995968783735604, 'learning_rate': 0.0005093410386671519, 'batch_size': 16, 'optimizer': 'Adam', 'activation': 'swish', 'data_augmentation': False, 'reg_l2': False, 'skip_connection': False, 'new_fc_1': 8, 'new_fc_2': 1, 'new_fc_3': 17, 'new_fc_4': 6, 'new_fc_5': 5, 'new_fc_6': 2, 'new_fc_7': 32, 'new_fc_8': 10, 'new_fc_9': 20, 'new_fc_10': 18}
[94m
|  --> START TRAINING ITERATION 13[0m
[INFO] Flags -> DA: False, L2: False, Skip: False
Building model with input_shape=(32, 32, 3), pos_input_shape=None, layer_x_block=2
Model: "model"
_________________________________________________________________
 Layer (type)                Output Shape              Param #   
=================================================================
 input_1 (InputLayer)        [(None, 32, 32, 3)]       0         
                                                                 
 conv2d (Conv2D)             (None, 32, 32, 16)        448       
                                                                 
 activation (Activation)     (None, 32, 32, 16)        0         
                                                                 
 conv2d_1 (Conv2D)           (None, 32, 32, 16)        2320      
                                                                 
 activation_1 (Activation)   (None, 32, 32, 16)        0         
                                                                 
 max_pooling2d (MaxPooling2  (None, 16, 16, 16)        0         
 D)                                                              
                                                                 
 conv2d_2 (Conv2D)           (None, 16, 16, 12)        1740      
                                                                 
 activation_2 (Activation)   (None, 16, 16, 12)        0         
                                                                 
 conv2d_3 (Conv2D)           (None, 16, 16, 12)        1308      
                                                                 
 activation_3 (Activation)   (None, 16, 16, 12)        0         
                                                                 
 max_pooling2d_1 (MaxPoolin  (None, 8, 8, 12)          0         
 g2D)                                                            
                                                                 
 flatten (Flatten)           (None, 768)               0         
                                                                 
 dense (Dense)               (None, 32)                24608     
                                                                 
 activation_4 (Activation)   (None, 32)                0         
                                                                 
 dropout (Dropout)           (None, 32)                0         
                                                                 
 dense_1 (Dense)             (None, 4)                 132       
                                                                 
 activation_5 (Activation)   (None, 4)                 0         
                                                                 
 dropout_1 (Dropout)         (None, 4)                 0         
                                                                 
 dense_2 (Dense)             (None, 68)                340       
                                                                 
 activation_6 (Activation)   (None, 68)                0         
                                                                 
 dropout_2 (Dropout)         (None, 68)                0         
                                                                 
 dense_3 (Dense)             (None, 24)                1656      
                                                                 
 activation_7 (Activation)   (None, 24)                0         
                                                                 
 dropout_3 (Dropout)         (None, 24)                0         
                                                                 
 dense_4 (Dense)             (None, 20)                500       
                                                                 
 activation_8 (Activation)   (None, 20)                0         
                                                                 
 dropout_4 (Dropout)         (None, 20)                0         
                                                                 
 dense_5 (Dense)             (None, 8)                 168       
                                                                 
 activation_9 (Activation)   (None, 8)                 0         
                                                                 
 dropout_5 (Dropout)         (None, 8)                 0         
                                                                 
 dense_6 (Dense)             (None, 128)               1152      
                                                                 
 activation_10 (Activation)  (None, 128)               0         
                                                                 
 dropout_6 (Dropout)         (None, 128)               0         
                                                                 
 dense_7 (Dense)             (None, 40)                5160      
                                                                 
 activation_11 (Activation)  (None, 40)                0         
                                                                 
 dropout_7 (Dropout)         (None, 40)                0         
                                                                 
 dense_8 (Dense)             (None, 80)                3280      
                                                                 
 activation_12 (Activation)  (None, 80)                0         
                                                                 
 dropout_8 (Dropout)         (None, 80)                0         
                                                                 
 dense_9 (Dense)             (None, 72)                5832      
                                                                 
 activation_13 (Activation)  (None, 72)                0         
                                                                 
 dropout_9 (Dropout)         (None, 72)                0         
                                                                 
 dense_10 (Dense)            (None, 10)                730       
                                                                 
=================================================================
Total params: 49374 (192.87 KB)
Trainable params: 49374 (192.87 KB)
Non-trainable params: 0 (0.00 Byte)
_________________________________________________________________
Epoch 1/100
3125/3125 - 12s - loss: 1.9471 - accuracy: 0.2132 - val_loss: 1.8091 - val_accuracy: 0.2794 - 12s/epoch - 4ms/step
Epoch 2/100
3125/3125 - 11s - loss: 1.7389 - accuracy: 0.3222 - val_loss: 1.5760 - val_accuracy: 0.3879 - 11s/epoch - 3ms/step
Epoch 3/100
3125/3125 - 11s - loss: 1.5719 - accuracy: 0.4018 - val_loss: 1.4927 - val_accuracy: 0.4253 - 11s/epoch - 3ms/step
Epoch 4/100
3125/3125 - 10s - loss: 1.4637 - accuracy: 0.4508 - val_loss: 1.3772 - val_accuracy: 0.4886 - 10s/epoch - 3ms/step
Epoch 5/100
3125/3125 - 10s - loss: 1.3908 - accuracy: 0.4844 - val_loss: 1.3243 - val_accuracy: 0.5135 - 10s/epoch - 3ms/step
Epoch 6/100
3125/3125 - 10s - loss: 1.3270 - accuracy: 0.5152 - val_loss: 1.3093 - val_accuracy: 0.5249 - 10s/epoch - 3ms/step
Epoch 7/100
3125/3125 - 10s - loss: 1.2852 - accuracy: 0.5309 - val_loss: 1.2454 - val_accuracy: 0.5526 - 10s/epoch - 3ms/step
Epoch 8/100
3125/3125 - 10s - loss: 1.2451 - accuracy: 0.5489 - val_loss: 1.2358 - val_accuracy: 0.5609 - 10s/epoch - 3ms/step
Epoch 9/100
3125/3125 - 10s - loss: 1.2026 - accuracy: 0.5637 - val_loss: 1.2207 - val_accuracy: 0.5695 - 10s/epoch - 3ms/step
Epoch 10/100
3125/3125 - 11s - loss: 1.1557 - accuracy: 0.5822 - val_loss: 1.1713 - val_accuracy: 0.5868 - 11s/epoch - 3ms/step
Epoch 11/100
3125/3125 - 10s - loss: 1.1124 - accuracy: 0.5990 - val_loss: 1.1594 - val_accuracy: 0.5921 - 10s/epoch - 3ms/step
Epoch 12/100
3125/3125 - 10s - loss: 1.0826 - accuracy: 0.6128 - val_loss: 1.1535 - val_accuracy: 0.5933 - 10s/epoch - 3ms/step
Epoch 13/100
3125/3125 - 11s - loss: 1.0505 - accuracy: 0.6275 - val_loss: 1.1006 - val_accuracy: 0.6113 - 11s/epoch - 3ms/step
Epoch 14/100
3125/3125 - 11s - loss: 1.0237 - accuracy: 0.6373 - val_loss: 1.1114 - val_accuracy: 0.6115 - 11s/epoch - 3ms/step
Epoch 15/100
3125/3125 - 11s - loss: 0.9979 - accuracy: 0.6482 - val_loss: 1.0938 - val_accuracy: 0.6278 - 11s/epoch - 3ms/step
Epoch 16/100
3125/3125 - 11s - loss: 0.9856 - accuracy: 0.6530 - val_loss: 1.1087 - val_accuracy: 0.6173 - 11s/epoch - 3ms/step
Epoch 17/100
3125/3125 - 11s - loss: 0.9655 - accuracy: 0.6615 - val_loss: 1.0820 - val_accuracy: 0.6311 - 11s/epoch - 3ms/step
Epoch 18/100
3125/3125 - 10s - loss: 0.9479 - accuracy: 0.6670 - val_loss: 1.0979 - val_accuracy: 0.6268 - 10s/epoch - 3ms/step
Epoch 19/100
3125/3125 - 11s - loss: 0.9280 - accuracy: 0.6773 - val_loss: 1.0975 - val_accuracy: 0.6275 - 11s/epoch - 3ms/step
Epoch 20/100
3125/3125 - 11s - loss: 0.9185 - accuracy: 0.6797 - val_loss: 1.1038 - val_accuracy: 0.6310 - 11s/epoch - 3ms/step
Epoch 21/100
3125/3125 - 11s - loss: 0.9046 - accuracy: 0.6856 - val_loss: 1.0852 - val_accuracy: 0.6392 - 11s/epoch - 3ms/step
Epoch 22/100
3125/3125 - 11s - loss: 0.8855 - accuracy: 0.6923 - val_loss: 1.1441 - val_accuracy: 0.6246 - 11s/epoch - 3ms/step
Epoch 23/100
3125/3125 - 11s - loss: 0.8772 - accuracy: 0.6955 - val_loss: 1.1292 - val_accuracy: 0.6330 - 11s/epoch - 3ms/step
Epoch 24/100
3125/3125 - 11s - loss: 0.8699 - accuracy: 0.7007 - val_loss: 1.1071 - val_accuracy: 0.6332 - 11s/epoch - 3ms/step
Epoch 25/100
3125/3125 - 11s - loss: 0.8579 - accuracy: 0.7038 - val_loss: 1.0989 - val_accuracy: 0.6374 - 11s/epoch - 3ms/step
Epoch 26/100
3125/3125 - 11s - loss: 0.8486 - accuracy: 0.7083 - val_loss: 1.1435 - val_accuracy: 0.6290 - 11s/epoch - 3ms/step
Epoch 27/100
3125/3125 - 11s - loss: 0.8384 - accuracy: 0.7119 - val_loss: 1.1215 - val_accuracy: 0.6390 - 11s/epoch - 3ms/step
Epoch 28/100
3125/3125 - 11s - loss: 0.8267 - accuracy: 0.7171 - val_loss: 1.1311 - val_accuracy: 0.6380 - 11s/epoch - 3ms/step
Epoch 29/100
3125/3125 - 11s - loss: 0.8214 - accuracy: 0.7180 - val_loss: 1.1504 - val_accuracy: 0.6330 - 11s/epoch - 3ms/step
Epoch 30/100
3125/3125 - 11s - loss: 0.8096 - accuracy: 0.7212 - val_loss: 1.1387 - val_accuracy: 0.6299 - 11s/epoch - 3ms/step
Epoch 31/100
3125/3125 - 11s - loss: 0.8038 - accuracy: 0.7262 - val_loss: 1.1159 - val_accuracy: 0.6347 - 11s/epoch - 3ms/step
Epoch 32/100
3125/3125 - 11s - loss: 0.7980 - accuracy: 0.7267 - val_loss: 1.1303 - val_accuracy: 0.6398 - 11s/epoch - 3ms/step
Epoch 33/100
3125/3125 - 11s - loss: 0.7908 - accuracy: 0.7293 - val_loss: 1.1451 - val_accuracy: 0.6391 - 11s/epoch - 3ms/step
Epoch 34/100
3125/3125 - 11s - loss: 0.7825 - accuracy: 0.7338 - val_loss: 1.1248 - val_accuracy: 0.6362 - 11s/epoch - 3ms/step
Epoch 35/100
3125/3125 - 11s - loss: 0.7746 - accuracy: 0.7368 - val_loss: 1.1758 - val_accuracy: 0.6360 - 11s/epoch - 3ms/step
Epoch 36/100
3125/3125 - 11s - loss: 0.7706 - accuracy: 0.7367 - val_loss: 1.1350 - val_accuracy: 0.6432 - 11s/epoch - 3ms/step
Epoch 37/100
3125/3125 - 11s - loss: 0.7620 - accuracy: 0.7434 - val_loss: 1.1419 - val_accuracy: 0.6358 - 11s/epoch - 3ms/step
Epoch 38/100
3125/3125 - 11s - loss: 0.7521 - accuracy: 0.7454 - val_loss: 1.1342 - val_accuracy: 0.6385 - 11s/epoch - 3ms/step
Epoch 39/100
3125/3125 - 11s - loss: 0.7536 - accuracy: 0.7441 - val_loss: 1.1445 - val_accuracy: 0.6376 - 11s/epoch - 3ms/step
Epoch 40/100
3125/3125 - 11s - loss: 0.7452 - accuracy: 0.7490 - val_loss: 1.1764 - val_accuracy: 0.6311 - 11s/epoch - 3ms/step
Epoch 41/100
3125/3125 - 11s - loss: 0.7455 - accuracy: 0.7478 - val_loss: 1.1682 - val_accuracy: 0.6327 - 11s/epoch - 3ms/step
Epoch 42/100
3125/3125 - 11s - loss: 0.7354 - accuracy: 0.7513 - val_loss: 1.1984 - val_accuracy: 0.6352 - 11s/epoch - 3ms/step
Epoch 43/100
3125/3125 - 11s - loss: 0.7334 - accuracy: 0.7518 - val_loss: 1.1609 - val_accuracy: 0.6396 - 11s/epoch - 3ms/step
Epoch 44/100
3125/3125 - 11s - loss: 0.7265 - accuracy: 0.7531 - val_loss: 1.1770 - val_accuracy: 0.6366 - 11s/epoch - 3ms/step
Epoch 45/100
3125/3125 - 11s - loss: 0.7213 - accuracy: 0.7567 - val_loss: 1.1596 - val_accuracy: 0.6321 - 11s/epoch - 3ms/step
Epoch 46/100
3125/3125 - 11s - loss: 0.7159 - accuracy: 0.7585 - val_loss: 1.1724 - val_accuracy: 0.6410 - 11s/epoch - 3ms/step
Epoch 47/100
3125/3125 - 11s - loss: 0.7094 - accuracy: 0.7612 - val_loss: 1.1784 - val_accuracy: 0.6372 - 11s/epoch - 3ms/step
Epoch 48/100
3125/3125 - 11s - loss: 0.7077 - accuracy: 0.7612 - val_loss: 1.2314 - val_accuracy: 0.6389 - 11s/epoch - 3ms/step
Epoch 49/100
3125/3125 - 11s - loss: 0.7058 - accuracy: 0.7639 - val_loss: 1.1877 - val_accuracy: 0.6346 - 11s/epoch - 3ms/step
Epoch 50/100
3125/3125 - 11s - loss: 0.7015 - accuracy: 0.7650 - val_loss: 1.1841 - val_accuracy: 0.6401 - 11s/epoch - 3ms/step
Epoch 51/100
Restoring model weights from the end of the best epoch: 21.
3125/3125 - 11s - loss: 0.6991 - accuracy: 0.7649 - val_loss: 1.1985 - val_accuracy: 0.6372 - 11s/epoch - 3ms/step
Epoch 51: early stopping
313/313 - 1s - loss: 1.0852 - accuracy: 0.6392 - 741ms/epoch - 2ms/step

ACCURACY: 0.63919997215271


SCORE: -0.732689100506897

[92m | MODULE VALUES ---------------------------------------------  |
 [0m
FLOPS: 7375440
PARAMS: 49374.0
[92m 
 | -----------------------------------------------------------  |
 [0m
[INFO] New Best Score: -0.7327 (Previous: -0.7187)

--- BANANAS ITERATION 40 / 1000 ---
Chosen point: {'num_neurons': 4, 'unit_c1': 4, 'unit_c2': 7, 'dr_f': 0.048820202101791305, 'learning_rate': 0.0008402409934860382, 'batch_size': 64, 'optimizer': 'Adam', 'activation': 'selu', 'data_augmentation': False, 'reg_l2': False, 'skip_connection': False, 'new_fc_1': 19, 'new_fc_2': 16, 'new_fc_3': 2, 'new_fc_4': 16, 'new_fc_5': 31, 'new_fc_6': 30, 'new_fc_7': 4, 'new_fc_8': 23, 'new_fc_9': 9, 'new_fc_10': 0}
[94m
|  --> START TRAINING ITERATION 14[0m
[INFO] Flags -> DA: False, L2: False, Skip: False
Building model with input_shape=(32, 32, 3), pos_input_shape=None, layer_x_block=2
Model: "model"
_________________________________________________________________
 Layer (type)                Output Shape              Param #   
=================================================================
 input_1 (InputLayer)        [(None, 32, 32, 3)]       0         
                                                                 
 conv2d (Conv2D)             (None, 32, 32, 16)        448       
                                                                 
 activation (Activation)     (None, 32, 32, 16)        0         
                                                                 
 conv2d_1 (Conv2D)           (None, 32, 32, 16)        2320      
                                                                 
 activation_1 (Activation)   (None, 32, 32, 16)        0         
                                                                 
 max_pooling2d (MaxPooling2  (None, 16, 16, 16)        0         
 D)                                                              
                                                                 
 conv2d_2 (Conv2D)           (None, 16, 16, 28)        4060      
                                                                 
 activation_2 (Activation)   (None, 16, 16, 28)        0         
                                                                 
 conv2d_3 (Conv2D)           (None, 16, 16, 28)        7084      
                                                                 
 activation_3 (Activation)   (None, 16, 16, 28)        0         
                                                                 
 max_pooling2d_1 (MaxPoolin  (None, 8, 8, 28)          0         
 g2D)                                                            
                                                                 
 flatten (Flatten)           (None, 1792)              0         
                                                                 
 dense (Dense)               (None, 76)                136268    
                                                                 
 activation_4 (Activation)   (None, 76)                0         
                                                                 
 dropout (Dropout)           (None, 76)                0         
                                                                 
 dense_1 (Dense)             (None, 64)                4928      
                                                                 
 activation_5 (Activation)   (None, 64)                0         
                                                                 
 dropout_1 (Dropout)         (None, 64)                0         
                                                                 
 dense_2 (Dense)             (None, 8)                 520       
                                                                 
 activation_6 (Activation)   (None, 8)                 0         
                                                                 
 dropout_2 (Dropout)         (None, 8)                 0         
                                                                 
 dense_3 (Dense)             (None, 64)                576       
                                                                 
 activation_7 (Activation)   (None, 64)                0         
                                                                 
 dropout_3 (Dropout)         (None, 64)                0         
                                                                 
 dense_4 (Dense)             (None, 124)               8060      
                                                                 
 activation_8 (Activation)   (None, 124)               0         
                                                                 
 dropout_4 (Dropout)         (None, 124)               0         
                                                                 
 dense_5 (Dense)             (None, 120)               15000     
                                                                 
 activation_9 (Activation)   (None, 120)               0         
                                                                 
 dropout_5 (Dropout)         (None, 120)               0         
                                                                 
 dense_6 (Dense)             (None, 16)                1936      
                                                                 
 activation_10 (Activation)  (None, 16)                0         
                                                                 
 dropout_6 (Dropout)         (None, 16)                0         
                                                                 
 dense_7 (Dense)             (None, 92)                1564      
                                                                 
 activation_11 (Activation)  (None, 92)                0         
                                                                 
 dropout_7 (Dropout)         (None, 92)                0         
                                                                 
 dense_8 (Dense)             (None, 36)                3348      
                                                                 
 activation_12 (Activation)  (None, 36)                0         
                                                                 
 dropout_8 (Dropout)         (None, 36)                0         
                                                                 
 dense_9 (Dense)             (None, 10)                370       
                                                                 
=================================================================
Total params: 186482 (728.45 KB)
Trainable params: 186482 (728.45 KB)
Non-trainable params: 0 (0.00 Byte)
_________________________________________________________________
Epoch 1/100
782/782 - 6s - loss: 1.7046 - accuracy: 0.3752 - val_loss: 1.3274 - val_accuracy: 0.5303 - 6s/epoch - 8ms/step
Epoch 2/100
782/782 - 3s - loss: 1.3143 - accuracy: 0.5339 - val_loss: 1.1734 - val_accuracy: 0.5931 - 3s/epoch - 4ms/step
Epoch 3/100
782/782 - 3s - loss: 1.1676 - accuracy: 0.5942 - val_loss: 1.0735 - val_accuracy: 0.6291 - 3s/epoch - 4ms/step
Epoch 4/100
782/782 - 3s - loss: 1.0654 - accuracy: 0.6358 - val_loss: 1.0659 - val_accuracy: 0.6405 - 3s/epoch - 4ms/step
Epoch 5/100
782/782 - 3s - loss: 0.9890 - accuracy: 0.6621 - val_loss: 0.9591 - val_accuracy: 0.6775 - 3s/epoch - 4ms/step
Epoch 6/100
782/782 - 3s - loss: 0.9250 - accuracy: 0.6876 - val_loss: 0.9697 - val_accuracy: 0.6730 - 3s/epoch - 4ms/step
Epoch 7/100
782/782 - 3s - loss: 0.8703 - accuracy: 0.7096 - val_loss: 0.9474 - val_accuracy: 0.6896 - 3s/epoch - 4ms/step
Epoch 8/100
782/782 - 3s - loss: 0.8259 - accuracy: 0.7249 - val_loss: 0.9387 - val_accuracy: 0.6936 - 3s/epoch - 4ms/step
Epoch 9/100
782/782 - 3s - loss: 0.7878 - accuracy: 0.7393 - val_loss: 0.9445 - val_accuracy: 0.6882 - 3s/epoch - 4ms/step
Epoch 10/100
782/782 - 3s - loss: 0.7342 - accuracy: 0.7594 - val_loss: 0.9477 - val_accuracy: 0.6967 - 3s/epoch - 4ms/step
Epoch 11/100
782/782 - 3s - loss: 0.6987 - accuracy: 0.7703 - val_loss: 0.9320 - val_accuracy: 0.7017 - 3s/epoch - 4ms/step
Epoch 12/100
782/782 - 3s - loss: 0.6669 - accuracy: 0.7824 - val_loss: 0.9581 - val_accuracy: 0.6979 - 3s/epoch - 4ms/step
Epoch 13/100
782/782 - 3s - loss: 0.6299 - accuracy: 0.7959 - val_loss: 0.9966 - val_accuracy: 0.6930 - 3s/epoch - 4ms/step
Epoch 14/100
782/782 - 3s - loss: 0.6051 - accuracy: 0.8039 - val_loss: 1.0204 - val_accuracy: 0.6953 - 3s/epoch - 4ms/step
Epoch 15/100
782/782 - 3s - loss: 0.5776 - accuracy: 0.8123 - val_loss: 0.9618 - val_accuracy: 0.7027 - 3s/epoch - 4ms/step
Epoch 16/100
782/782 - 3s - loss: 0.5521 - accuracy: 0.8198 - val_loss: 1.0479 - val_accuracy: 0.6856 - 3s/epoch - 4ms/step
Epoch 17/100
782/782 - 3s - loss: 0.5284 - accuracy: 0.8281 - val_loss: 1.0472 - val_accuracy: 0.6899 - 3s/epoch - 4ms/step
Epoch 18/100
782/782 - 3s - loss: 0.5083 - accuracy: 0.8352 - val_loss: 1.0709 - val_accuracy: 0.6920 - 3s/epoch - 4ms/step
Epoch 19/100
782/782 - 3s - loss: 0.4925 - accuracy: 0.8421 - val_loss: 1.0395 - val_accuracy: 0.7041 - 3s/epoch - 4ms/step
Epoch 20/100
782/782 - 3s - loss: 0.4689 - accuracy: 0.8501 - val_loss: 1.0430 - val_accuracy: 0.6960 - 3s/epoch - 4ms/step
Epoch 21/100
782/782 - 3s - loss: 0.4583 - accuracy: 0.8535 - val_loss: 1.0860 - val_accuracy: 0.6911 - 3s/epoch - 4ms/step
Epoch 22/100
782/782 - 3s - loss: 0.4380 - accuracy: 0.8608 - val_loss: 1.0923 - val_accuracy: 0.6924 - 3s/epoch - 4ms/step
Epoch 23/100
782/782 - 3s - loss: 0.4230 - accuracy: 0.8645 - val_loss: 1.1182 - val_accuracy: 0.6889 - 3s/epoch - 4ms/step
Epoch 24/100
782/782 - 3s - loss: 0.4130 - accuracy: 0.8693 - val_loss: 1.1132 - val_accuracy: 0.6970 - 3s/epoch - 4ms/step
Epoch 25/100
782/782 - 3s - loss: 0.4013 - accuracy: 0.8746 - val_loss: 1.1365 - val_accuracy: 0.6920 - 3s/epoch - 4ms/step
Epoch 26/100
782/782 - 3s - loss: 0.3933 - accuracy: 0.8775 - val_loss: 1.1709 - val_accuracy: 0.6940 - 3s/epoch - 4ms/step
Epoch 27/100
782/782 - 3s - loss: 0.3722 - accuracy: 0.8839 - val_loss: 1.1377 - val_accuracy: 0.6951 - 3s/epoch - 4ms/step
Epoch 28/100
782/782 - 3s - loss: 0.3648 - accuracy: 0.8859 - val_loss: 1.1712 - val_accuracy: 0.6946 - 3s/epoch - 4ms/step
Epoch 29/100
782/782 - 3s - loss: 0.3623 - accuracy: 0.8871 - val_loss: 1.1697 - val_accuracy: 0.6934 - 3s/epoch - 4ms/step
Epoch 30/100
782/782 - 3s - loss: 0.3454 - accuracy: 0.8918 - val_loss: 1.1831 - val_accuracy: 0.6937 - 3s/epoch - 4ms/step
Epoch 31/100
782/782 - 3s - loss: 0.3359 - accuracy: 0.8954 - val_loss: 1.2434 - val_accuracy: 0.6896 - 3s/epoch - 4ms/step
Epoch 32/100
782/782 - 3s - loss: 0.3322 - accuracy: 0.8965 - val_loss: 1.1794 - val_accuracy: 0.6919 - 3s/epoch - 4ms/step
Epoch 33/100
782/782 - 3s - loss: 0.3285 - accuracy: 0.8982 - val_loss: 1.2476 - val_accuracy: 0.6911 - 3s/epoch - 4ms/step
Epoch 34/100
782/782 - 3s - loss: 0.3180 - accuracy: 0.9009 - val_loss: 1.2096 - val_accuracy: 0.6922 - 3s/epoch - 4ms/step
Epoch 35/100
782/782 - 3s - loss: 0.3150 - accuracy: 0.9015 - val_loss: 1.2248 - val_accuracy: 0.6879 - 3s/epoch - 4ms/step
Epoch 36/100
782/782 - 3s - loss: 0.3078 - accuracy: 0.9046 - val_loss: 1.2769 - val_accuracy: 0.6807 - 3s/epoch - 4ms/step
Epoch 37/100
782/782 - 3s - loss: 0.2939 - accuracy: 0.9095 - val_loss: 1.2503 - val_accuracy: 0.6951 - 3s/epoch - 4ms/step
Epoch 38/100
782/782 - 3s - loss: 0.2978 - accuracy: 0.9076 - val_loss: 1.2320 - val_accuracy: 0.6922 - 3s/epoch - 4ms/step
Epoch 39/100
782/782 - 3s - loss: 0.2900 - accuracy: 0.9115 - val_loss: 1.2817 - val_accuracy: 0.6841 - 3s/epoch - 4ms/step
Epoch 40/100
782/782 - 3s - loss: 0.2768 - accuracy: 0.9143 - val_loss: 1.2949 - val_accuracy: 0.6824 - 3s/epoch - 4ms/step
Epoch 41/100
782/782 - 3s - loss: 0.2841 - accuracy: 0.9128 - val_loss: 1.2859 - val_accuracy: 0.6918 - 3s/epoch - 4ms/step
Epoch 42/100
782/782 - 3s - loss: 0.2856 - accuracy: 0.9117 - val_loss: 1.3027 - val_accuracy: 0.6926 - 3s/epoch - 4ms/step
Epoch 43/100
782/782 - 3s - loss: 0.2722 - accuracy: 0.9172 - val_loss: 1.2652 - val_accuracy: 0.6911 - 3s/epoch - 4ms/step
Epoch 44/100
782/782 - 3s - loss: 0.2678 - accuracy: 0.9190 - val_loss: 1.3751 - val_accuracy: 0.6907 - 3s/epoch - 4ms/step
Epoch 45/100
Restoring model weights from the end of the best epoch: 15.
782/782 - 3s - loss: 0.2577 - accuracy: 0.9228 - val_loss: 1.3364 - val_accuracy: 0.6962 - 3s/epoch - 4ms/step
Epoch 45: early stopping
313/313 - 1s - loss: 0.9619 - accuracy: 0.7031 - 593ms/epoch - 2ms/step

ACCURACY: 0.7031000256538391


SCORE: -0.7687787779576873

[92m | MODULE VALUES ---------------------------------------------  |
 [0m
FLOPS: 11695620
PARAMS: 186482.0
[92m 
 | -----------------------------------------------------------  |
 [0m
[INFO] New Best Score: -0.7688 (Previous: -0.7327)

--- BANANAS ITERATION 41 / 1000 ---
Chosen point: {'num_neurons': 4, 'unit_c1': 3, 'unit_c2': 1, 'dr_f': 0.25481491464136063, 'learning_rate': 0.0007336455685532369, 'batch_size': 8, 'optimizer': 'Adam', 'activation': 'selu', 'data_augmentation': False, 'reg_l2': True, 'skip_connection': False, 'new_fc_1': 14, 'new_fc_2': 5, 'new_fc_3': 32, 'new_fc_4': 12, 'new_fc_5': 3, 'new_fc_6': 0, 'new_fc_7': 31, 'new_fc_8': 32, 'new_fc_9': 0, 'new_fc_10': 15}
[94m
|  --> START TRAINING ITERATION 15[0m
[INFO] Flags -> DA: False, L2: True, Skip: False
Building model with input_shape=(32, 32, 3), pos_input_shape=None, layer_x_block=2
Model: "model"
_________________________________________________________________
 Layer (type)                Output Shape              Param #   
=================================================================
 input_1 (InputLayer)        [(None, 32, 32, 3)]       0         
                                                                 
 conv2d (Conv2D)             (None, 32, 32, 12)        336       
                                                                 
 activation (Activation)     (None, 32, 32, 12)        0         
                                                                 
 conv2d_1 (Conv2D)           (None, 32, 32, 12)        1308      
                                                                 
 activation_1 (Activation)   (None, 32, 32, 12)        0         
                                                                 
 max_pooling2d (MaxPooling2  (None, 16, 16, 12)        0         
 D)                                                              
                                                                 
 conv2d_2 (Conv2D)           (None, 16, 16, 4)         436       
                                                                 
 activation_2 (Activation)   (None, 16, 16, 4)         0         
                                                                 
 conv2d_3 (Conv2D)           (None, 16, 16, 4)         148       
                                                                 
 activation_3 (Activation)   (None, 16, 16, 4)         0         
                                                                 
 max_pooling2d_1 (MaxPoolin  (None, 8, 8, 4)           0         
 g2D)                                                            
                                                                 
 flatten (Flatten)           (None, 256)               0         
                                                                 
 dense (Dense)               (None, 56)                14392     
                                                                 
 activation_4 (Activation)   (None, 56)                0         
                                                                 
 dropout (Dropout)           (None, 56)                0         
                                                                 
 dense_1 (Dense)             (None, 20)                1140      
                                                                 
 activation_5 (Activation)   (None, 20)                0         
                                                                 
 dropout_1 (Dropout)         (None, 20)                0         
                                                                 
 dense_2 (Dense)             (None, 128)               2688      
                                                                 
 activation_6 (Activation)   (None, 128)               0         
                                                                 
 dropout_2 (Dropout)         (None, 128)               0         
                                                                 
 dense_3 (Dense)             (None, 48)                6192      
                                                                 
 activation_7 (Activation)   (None, 48)                0         
                                                                 
 dropout_3 (Dropout)         (None, 48)                0         
                                                                 
 dense_4 (Dense)             (None, 12)                588       
                                                                 
 activation_8 (Activation)   (None, 12)                0         
                                                                 
 dropout_4 (Dropout)         (None, 12)                0         
                                                                 
 dense_5 (Dense)             (None, 124)               1612      
                                                                 
 activation_9 (Activation)   (None, 124)               0         
                                                                 
 dropout_5 (Dropout)         (None, 124)               0         
                                                                 
 dense_6 (Dense)             (None, 128)               16000     
                                                                 
 activation_10 (Activation)  (None, 128)               0         
                                                                 
 dropout_6 (Dropout)         (None, 128)               0         
                                                                 
 dense_7 (Dense)             (None, 60)                7740      
                                                                 
 activation_11 (Activation)  (None, 60)                0         
                                                                 
 dropout_7 (Dropout)         (None, 60)                0         
                                                                 
 dense_8 (Dense)             (None, 10)                610       
                                                                 
=================================================================
Total params: 53190 (207.77 KB)
Trainable params: 53190 (207.77 KB)
Non-trainable params: 0 (0.00 Byte)
_________________________________________________________________
Epoch 1/100
6250/6250 - 20s - loss: 3.0815 - accuracy: 0.2384 - val_loss: 2.0232 - val_accuracy: 0.2736 - 20s/epoch - 3ms/step
Epoch 2/100
6250/6250 - 18s - loss: 2.0322 - accuracy: 0.2726 - val_loss: 1.9249 - val_accuracy: 0.2924 - 18s/epoch - 3ms/step
Epoch 3/100
6250/6250 - 18s - loss: 1.9956 - accuracy: 0.2786 - val_loss: 1.9703 - val_accuracy: 0.2975 - 18s/epoch - 3ms/step
Epoch 4/100
6250/6250 - 18s - loss: 1.9781 - accuracy: 0.2829 - val_loss: 1.9295 - val_accuracy: 0.2954 - 18s/epoch - 3ms/step
Epoch 5/100
6250/6250 - 18s - loss: 1.9702 - accuracy: 0.2877 - val_loss: 1.9301 - val_accuracy: 0.3061 - 18s/epoch - 3ms/step
Epoch 6/100
6250/6250 - 18s - loss: 1.9598 - accuracy: 0.2887 - val_loss: 1.8888 - val_accuracy: 0.3121 - 18s/epoch - 3ms/step
Epoch 7/100
6250/6250 - 18s - loss: 1.9547 - accuracy: 0.2952 - val_loss: 1.8725 - val_accuracy: 0.3264 - 18s/epoch - 3ms/step
Epoch 8/100
6250/6250 - 18s - loss: 1.9441 - accuracy: 0.2935 - val_loss: 2.0220 - val_accuracy: 0.2951 - 18s/epoch - 3ms/step
Epoch 9/100
6250/6250 - 18s - loss: 1.9438 - accuracy: 0.2924 - val_loss: 1.8853 - val_accuracy: 0.3140 - 18s/epoch - 3ms/step
Epoch 10/100
6250/6250 - 19s - loss: 1.9359 - accuracy: 0.2969 - val_loss: 1.9057 - val_accuracy: 0.2993 - 19s/epoch - 3ms/step
Epoch 11/100
6250/6250 - 18s - loss: 1.9345 - accuracy: 0.2989 - val_loss: 1.8831 - val_accuracy: 0.3198 - 18s/epoch - 3ms/step
Epoch 12/100
6250/6250 - 19s - loss: 1.9358 - accuracy: 0.2970 - val_loss: 1.9414 - val_accuracy: 0.3010 - 19s/epoch - 3ms/step
Epoch 13/100
6250/6250 - 18s - loss: 1.9308 - accuracy: 0.2970 - val_loss: 1.8723 - val_accuracy: 0.3065 - 18s/epoch - 3ms/step
Epoch 14/100
6250/6250 - 18s - loss: 1.9271 - accuracy: 0.2982 - val_loss: 1.8963 - val_accuracy: 0.3005 - 18s/epoch - 3ms/step
Epoch 15/100
6250/6250 - 18s - loss: 1.9282 - accuracy: 0.2977 - val_loss: 1.8674 - val_accuracy: 0.3219 - 18s/epoch - 3ms/step
Epoch 16/100
6250/6250 - 19s - loss: 1.9270 - accuracy: 0.2995 - val_loss: 1.8778 - val_accuracy: 0.3034 - 19s/epoch - 3ms/step
Epoch 17/100
6250/6250 - 18s - loss: 1.9267 - accuracy: 0.2995 - val_loss: 1.8997 - val_accuracy: 0.3065 - 18s/epoch - 3ms/step
Epoch 18/100
6250/6250 - 18s - loss: 1.9201 - accuracy: 0.3043 - val_loss: 1.8828 - val_accuracy: 0.2910 - 18s/epoch - 3ms/step
Epoch 19/100
6250/6250 - 18s - loss: 1.9218 - accuracy: 0.3014 - val_loss: 1.8983 - val_accuracy: 0.3041 - 18s/epoch - 3ms/step
Epoch 20/100
6250/6250 - 18s - loss: 1.9218 - accuracy: 0.3004 - val_loss: 1.8795 - val_accuracy: 0.3119 - 18s/epoch - 3ms/step
Epoch 21/100
6250/6250 - 18s - loss: 1.9199 - accuracy: 0.3022 - val_loss: 1.8635 - val_accuracy: 0.3112 - 18s/epoch - 3ms/step
Epoch 22/100
6250/6250 - 19s - loss: 1.9159 - accuracy: 0.3035 - val_loss: 1.8685 - val_accuracy: 0.3236 - 19s/epoch - 3ms/step
Epoch 23/100
6250/6250 - 18s - loss: 1.9172 - accuracy: 0.2984 - val_loss: 1.8504 - val_accuracy: 0.3205 - 18s/epoch - 3ms/step
Epoch 24/100
6250/6250 - 18s - loss: 1.9157 - accuracy: 0.3005 - val_loss: 1.8551 - val_accuracy: 0.3127 - 18s/epoch - 3ms/step
Epoch 25/100
6250/6250 - 19s - loss: 1.9155 - accuracy: 0.3020 - val_loss: 1.9277 - val_accuracy: 0.2892 - 19s/epoch - 3ms/step
Epoch 26/100
6250/6250 - 20s - loss: 1.9111 - accuracy: 0.3051 - val_loss: 1.8826 - val_accuracy: 0.3066 - 20s/epoch - 3ms/step
Epoch 27/100
6250/6250 - 19s - loss: 1.9133 - accuracy: 0.3051 - val_loss: 1.8344 - val_accuracy: 0.3134 - 19s/epoch - 3ms/step
Epoch 28/100
6250/6250 - 19s - loss: 1.9096 - accuracy: 0.3022 - val_loss: 1.8851 - val_accuracy: 0.2933 - 19s/epoch - 3ms/step
Epoch 29/100
6250/6250 - 19s - loss: 1.9147 - accuracy: 0.3039 - val_loss: 1.9088 - val_accuracy: 0.2921 - 19s/epoch - 3ms/step
Epoch 30/100
6250/6250 - 19s - loss: 1.9156 - accuracy: 0.3013 - val_loss: 1.9369 - val_accuracy: 0.2856 - 19s/epoch - 3ms/step
Epoch 31/100
6250/6250 - 19s - loss: 1.9099 - accuracy: 0.3033 - val_loss: 1.8464 - val_accuracy: 0.3295 - 19s/epoch - 3ms/step
Epoch 32/100
6250/6250 - 19s - loss: 1.9133 - accuracy: 0.3018 - val_loss: 1.8956 - val_accuracy: 0.3051 - 19s/epoch - 3ms/step
Epoch 33/100
6250/6250 - 20s - loss: 1.9086 - accuracy: 0.3035 - val_loss: 1.8708 - val_accuracy: 0.2996 - 20s/epoch - 3ms/step
Epoch 34/100
6250/6250 - 19s - loss: 1.9076 - accuracy: 0.3063 - val_loss: 1.8591 - val_accuracy: 0.3052 - 19s/epoch - 3ms/step
Epoch 35/100
6250/6250 - 19s - loss: 1.9063 - accuracy: 0.3058 - val_loss: 1.8591 - val_accuracy: 0.3087 - 19s/epoch - 3ms/step
Epoch 36/100
6250/6250 - 19s - loss: 1.9068 - accuracy: 0.3029 - val_loss: 1.8612 - val_accuracy: 0.3325 - 19s/epoch - 3ms/step
Epoch 37/100
6250/6250 - 19s - loss: 1.9064 - accuracy: 0.3036 - val_loss: 1.8465 - val_accuracy: 0.3119 - 19s/epoch - 3ms/step
Epoch 38/100
6250/6250 - 19s - loss: 1.9084 - accuracy: 0.3052 - val_loss: 1.8478 - val_accuracy: 0.3099 - 19s/epoch - 3ms/step
Epoch 39/100
6250/6250 - 19s - loss: 1.9068 - accuracy: 0.3062 - val_loss: 1.8770 - val_accuracy: 0.3208 - 19s/epoch - 3ms/step
Epoch 40/100
6250/6250 - 19s - loss: 1.9066 - accuracy: 0.3061 - val_loss: 1.8420 - val_accuracy: 0.3304 - 19s/epoch - 3ms/step
Epoch 41/100
6250/6250 - 19s - loss: 1.9062 - accuracy: 0.3031 - val_loss: 1.8932 - val_accuracy: 0.3055 - 19s/epoch - 3ms/step
Epoch 42/100
6250/6250 - 19s - loss: 1.9026 - accuracy: 0.3032 - val_loss: 1.8471 - val_accuracy: 0.3089 - 19s/epoch - 3ms/step
Epoch 43/100
6250/6250 - 19s - loss: 1.9049 - accuracy: 0.3050 - val_loss: 1.8703 - val_accuracy: 0.3137 - 19s/epoch - 3ms/step
Epoch 44/100
6250/6250 - 19s - loss: 1.9048 - accuracy: 0.3074 - val_loss: 1.8863 - val_accuracy: 0.3134 - 19s/epoch - 3ms/step
Epoch 45/100
6250/6250 - 19s - loss: 1.9037 - accuracy: 0.3032 - val_loss: 1.8627 - val_accuracy: 0.2967 - 19s/epoch - 3ms/step
Epoch 46/100
6250/6250 - 19s - loss: 1.9055 - accuracy: 0.3059 - val_loss: 1.9342 - val_accuracy: 0.2839 - 19s/epoch - 3ms/step
Epoch 47/100
6250/6250 - 19s - loss: 1.9018 - accuracy: 0.3068 - val_loss: 1.8770 - val_accuracy: 0.3042 - 19s/epoch - 3ms/step
Epoch 48/100
6250/6250 - 19s - loss: 1.8991 - accuracy: 0.3078 - val_loss: 1.8270 - val_accuracy: 0.3362 - 19s/epoch - 3ms/step
Epoch 49/100
6250/6250 - 20s - loss: 1.8993 - accuracy: 0.3076 - val_loss: 1.8269 - val_accuracy: 0.3338 - 20s/epoch - 3ms/step
Epoch 50/100
6250/6250 - 19s - loss: 1.8997 - accuracy: 0.3047 - val_loss: 1.8823 - val_accuracy: 0.3067 - 19s/epoch - 3ms/step
Epoch 51/100
6250/6250 - 19s - loss: 1.8998 - accuracy: 0.3069 - val_loss: 1.8870 - val_accuracy: 0.3152 - 19s/epoch - 3ms/step
Epoch 52/100
6250/6250 - 20s - loss: 1.9012 - accuracy: 0.3078 - val_loss: 1.8578 - val_accuracy: 0.3076 - 20s/epoch - 3ms/step
Epoch 53/100
6250/6250 - 19s - loss: 1.9016 - accuracy: 0.3061 - val_loss: 1.8436 - val_accuracy: 0.3200 - 19s/epoch - 3ms/step
Epoch 54/100
6250/6250 - 18s - loss: 1.8984 - accuracy: 0.3059 - val_loss: 1.8432 - val_accuracy: 0.3254 - 18s/epoch - 3ms/step
Epoch 55/100
6250/6250 - 18s - loss: 1.8983 - accuracy: 0.3040 - val_loss: 1.8569 - val_accuracy: 0.3098 - 18s/epoch - 3ms/step
Epoch 56/100
6250/6250 - 19s - loss: 1.8999 - accuracy: 0.3067 - val_loss: 1.9011 - val_accuracy: 0.3027 - 19s/epoch - 3ms/step
Epoch 57/100
6250/6250 - 19s - loss: 1.8991 - accuracy: 0.3063 - val_loss: 1.8534 - val_accuracy: 0.3118 - 19s/epoch - 3ms/step
Epoch 58/100
6250/6250 - 19s - loss: 1.8996 - accuracy: 0.3037 - val_loss: 1.8331 - val_accuracy: 0.3245 - 19s/epoch - 3ms/step
Epoch 59/100
6250/6250 - 19s - loss: 1.9006 - accuracy: 0.3089 - val_loss: 1.8596 - val_accuracy: 0.2965 - 19s/epoch - 3ms/step
Epoch 60/100
6250/6250 - 19s - loss: 1.8944 - accuracy: 0.3091 - val_loss: 1.8460 - val_accuracy: 0.3159 - 19s/epoch - 3ms/step
Epoch 61/100
6250/6250 - 19s - loss: 1.8970 - accuracy: 0.3082 - val_loss: 1.8453 - val_accuracy: 0.3168 - 19s/epoch - 3ms/step
Epoch 62/100
6250/6250 - 19s - loss: 1.8972 - accuracy: 0.3062 - val_loss: 1.8284 - val_accuracy: 0.3310 - 19s/epoch - 3ms/step
Epoch 63/100
6250/6250 - 19s - loss: 1.8972 - accuracy: 0.3056 - val_loss: 1.8552 - val_accuracy: 0.3014 - 19s/epoch - 3ms/step
Epoch 64/100
6250/6250 - 19s - loss: 1.8992 - accuracy: 0.3063 - val_loss: 1.8484 - val_accuracy: 0.3259 - 19s/epoch - 3ms/step
Epoch 65/100
6250/6250 - 18s - loss: 1.8983 - accuracy: 0.3092 - val_loss: 1.8561 - val_accuracy: 0.2912 - 18s/epoch - 3ms/step
Epoch 66/100
Restoring model weights from the end of the best epoch: 36.
6250/6250 - 18s - loss: 1.8978 - accuracy: 0.3081 - val_loss: 1.8666 - val_accuracy: 0.3000 - 18s/epoch - 3ms/step
Epoch 66: early stopping
313/313 - 1s - loss: 1.8612 - accuracy: 0.3325 - 580ms/epoch - 2ms/step

ACCURACY: 0.33250001072883606


SCORE: -0.5252420155101852

[92m | MODULE VALUES ---------------------------------------------  |
 [0m
FLOPS: 3753996
PARAMS: 53190.0
[92m 
 | -----------------------------------------------------------  |
 [0m

--- BANANAS ITERATION 42 / 1000 ---
Chosen point: {'num_neurons': 4, 'unit_c1': 1, 'unit_c2': 8, 'dr_f': 0.03762734132839559, 'learning_rate': 0.00029424727652432924, 'batch_size': 8, 'optimizer': 'Adamax', 'activation': 'selu', 'data_augmentation': True, 'reg_l2': False, 'skip_connection': True, 'new_fc_1': 11, 'new_fc_2': 4, 'new_fc_3': 0, 'new_fc_4': 1, 'new_fc_5': 21, 'new_fc_6': 22, 'new_fc_7': 28, 'new_fc_8': 2, 'new_fc_9': 11, 'new_fc_10': 0}
[94m
|  --> START TRAINING ITERATION 16[0m
[INFO] Flags -> DA: True, L2: False, Skip: True
Building model with input_shape=(32, 32, 3), pos_input_shape=None, layer_x_block=2
Model: "model"
__________________________________________________________________________________________________
 Layer (type)                Output Shape                 Param #   Connected to                  
==================================================================================================
 input_2 (InputLayer)        [(None, 32, 32, 3)]          0         []                            
                                                                                                  
 conv2d (Conv2D)             (None, 32, 32, 4)            112       ['input_2[0][0]']             
                                                                                                  
 activation (Activation)     (None, 32, 32, 4)            0         ['conv2d[1][0]']              
                                                                                                  
 conv2d_2 (Conv2D)           (None, 32, 32, 4)            16        ['input_2[0][0]']             
                                                                                                  
 conv2d_1 (Conv2D)           (None, 32, 32, 4)            148       ['activation[1][0]']          
                                                                                                  
 add (Add)                   (None, 32, 32, 4)            0         ['conv2d_2[1][0]',            
                                                                     'conv2d_1[1][0]']            
                                                                                                  
 activation_1 (Activation)   (None, 32, 32, 4)            0         ['add[1][0]']                 
                                                                                                  
 max_pooling2d (MaxPooling2  (None, 16, 16, 4)            0         ['activation_1[1][0]']        
 D)                                                                                               
                                                                                                  
 conv2d_3 (Conv2D)           (None, 16, 16, 32)           1184      ['max_pooling2d[1][0]']       
                                                                                                  
 activation_2 (Activation)   (None, 16, 16, 32)           0         ['conv2d_3[1][0]']            
                                                                                                  
 conv2d_5 (Conv2D)           (None, 16, 16, 32)           160       ['max_pooling2d[1][0]']       
                                                                                                  
 conv2d_4 (Conv2D)           (None, 16, 16, 32)           9248      ['activation_2[1][0]']        
                                                                                                  
 add_1 (Add)                 (None, 16, 16, 32)           0         ['conv2d_5[1][0]',            
                                                                     'conv2d_4[1][0]']            
                                                                                                  
 activation_3 (Activation)   (None, 16, 16, 32)           0         ['add_1[1][0]']               
                                                                                                  
 max_pooling2d_1 (MaxPoolin  (None, 8, 8, 32)             0         ['activation_3[1][0]']        
 g2D)                                                                                             
                                                                                                  
 flatten (Flatten)           (None, 2048)                 0         ['max_pooling2d_1[1][0]']     
                                                                                                  
 dense (Dense)               (None, 44)                   90156     ['flatten[1][0]']             
                                                                                                  
 activation_4 (Activation)   (None, 44)                   0         ['dense[1][0]']               
                                                                                                  
 dropout (Dropout)           (None, 44)                   0         ['activation_4[1][0]']        
                                                                                                  
 dense_1 (Dense)             (None, 16)                   720       ['dropout[1][0]']             
                                                                                                  
 activation_5 (Activation)   (None, 16)                   0         ['dense_1[1][0]']             
                                                                                                  
 dropout_1 (Dropout)         (None, 16)                   0         ['activation_5[1][0]']        
                                                                                                  
 dense_2 (Dense)             (None, 4)                    68        ['dropout_1[1][0]']           
                                                                                                  
 activation_6 (Activation)   (None, 4)                    0         ['dense_2[1][0]']             
                                                                                                  
 dropout_2 (Dropout)         (None, 4)                    0         ['activation_6[1][0]']        
                                                                                                  
 dense_3 (Dense)             (None, 84)                   420       ['dropout_2[1][0]']           
                                                                                                  
 activation_7 (Activation)   (None, 84)                   0         ['dense_3[1][0]']             
                                                                                                  
 dropout_3 (Dropout)         (None, 84)                   0         ['activation_7[1][0]']        
                                                                                                  
 dense_4 (Dense)             (None, 88)                   7480      ['dropout_3[1][0]']           
                                                                                                  
 activation_8 (Activation)   (None, 88)                   0         ['dense_4[1][0]']             
                                                                                                  
 dropout_4 (Dropout)         (None, 88)                   0         ['activation_8[1][0]']        
                                                                                                  
 dense_5 (Dense)             (None, 112)                  9968      ['dropout_4[1][0]']           
                                                                                                  
 activation_9 (Activation)   (None, 112)                  0         ['dense_5[1][0]']             
                                                                                                  
 dropout_5 (Dropout)         (None, 112)                  0         ['activation_9[1][0]']        
                                                                                                  
 dense_6 (Dense)             (None, 8)                    904       ['dropout_5[1][0]']           
                                                                                                  
 activation_10 (Activation)  (None, 8)                    0         ['dense_6[1][0]']             
                                                                                                  
 dropout_6 (Dropout)         (None, 8)                    0         ['activation_10[1][0]']       
                                                                                                  
 dense_7 (Dense)             (None, 44)                   396       ['dropout_6[1][0]']           
                                                                                                  
 activation_11 (Activation)  (None, 44)                   0         ['dense_7[1][0]']             
                                                                                                  
 dropout_7 (Dropout)         (None, 44)                   0         ['activation_11[1][0]']       
                                                                                                  
 dense_8 (Dense)             (None, 10)                   450       ['dropout_7[1][0]']           
                                                                                                  
==================================================================================================
Total params: 121430 (474.34 KB)
Trainable params: 121430 (474.34 KB)
Non-trainable params: 0 (0.00 Byte)
__________________________________________________________________________________________________
Epoch 1/100
6250/6250 - 23s - loss: 1.7985 - accuracy: 0.3250 - val_loss: 1.5496 - val_accuracy: 0.4307 - 23s/epoch - 4ms/step
Epoch 2/100
6250/6250 - 21s - loss: 1.5546 - accuracy: 0.4197 - val_loss: 1.4138 - val_accuracy: 0.4779 - 21s/epoch - 3ms/step
Epoch 3/100
6250/6250 - 21s - loss: 1.4642 - accuracy: 0.4534 - val_loss: 1.3565 - val_accuracy: 0.4902 - 21s/epoch - 3ms/step
Epoch 4/100
6250/6250 - 21s - loss: 1.4019 - accuracy: 0.4762 - val_loss: 1.3312 - val_accuracy: 0.5009 - 21s/epoch - 3ms/step
Epoch 5/100
6250/6250 - 21s - loss: 1.3565 - accuracy: 0.4949 - val_loss: 1.3147 - val_accuracy: 0.5141 - 21s/epoch - 3ms/step
Epoch 6/100
6250/6250 - 21s - loss: 1.3229 - accuracy: 0.5102 - val_loss: 1.2568 - val_accuracy: 0.5438 - 21s/epoch - 3ms/step
Epoch 7/100
6250/6250 - 20s - loss: 1.2961 - accuracy: 0.5195 - val_loss: 1.2361 - val_accuracy: 0.5508 - 20s/epoch - 3ms/step
Epoch 8/100
6250/6250 - 20s - loss: 1.2679 - accuracy: 0.5320 - val_loss: 1.2567 - val_accuracy: 0.5424 - 20s/epoch - 3ms/step
Epoch 9/100
6250/6250 - 21s - loss: 1.2428 - accuracy: 0.5439 - val_loss: 1.2320 - val_accuracy: 0.5484 - 21s/epoch - 3ms/step
Epoch 10/100
6250/6250 - 21s - loss: 1.2244 - accuracy: 0.5515 - val_loss: 1.2104 - val_accuracy: 0.5622 - 21s/epoch - 3ms/step
Epoch 11/100
6250/6250 - 21s - loss: 1.2042 - accuracy: 0.5607 - val_loss: 1.1967 - val_accuracy: 0.5688 - 21s/epoch - 3ms/step
Epoch 12/100
6250/6250 - 21s - loss: 1.1864 - accuracy: 0.5647 - val_loss: 1.1814 - val_accuracy: 0.5786 - 21s/epoch - 3ms/step
Epoch 13/100
6250/6250 - 21s - loss: 1.1759 - accuracy: 0.5711 - val_loss: 1.1920 - val_accuracy: 0.5743 - 21s/epoch - 3ms/step
Epoch 14/100
6250/6250 - 21s - loss: 1.1586 - accuracy: 0.5777 - val_loss: 1.1616 - val_accuracy: 0.5854 - 21s/epoch - 3ms/step
Epoch 15/100
6250/6250 - 21s - loss: 1.1463 - accuracy: 0.5826 - val_loss: 1.1713 - val_accuracy: 0.5817 - 21s/epoch - 3ms/step
Epoch 16/100
6250/6250 - 21s - loss: 1.1314 - accuracy: 0.5862 - val_loss: 1.1796 - val_accuracy: 0.5789 - 21s/epoch - 3ms/step
Epoch 17/100
6250/6250 - 21s - loss: 1.1198 - accuracy: 0.5925 - val_loss: 1.1952 - val_accuracy: 0.5767 - 21s/epoch - 3ms/step
Epoch 18/100
6250/6250 - 21s - loss: 1.1120 - accuracy: 0.5964 - val_loss: 1.1550 - val_accuracy: 0.5894 - 21s/epoch - 3ms/step
Epoch 19/100
6250/6250 - 20s - loss: 1.1011 - accuracy: 0.6006 - val_loss: 1.1921 - val_accuracy: 0.5805 - 20s/epoch - 3ms/step
Epoch 20/100
6250/6250 - 21s - loss: 1.0856 - accuracy: 0.6056 - val_loss: 1.1517 - val_accuracy: 0.5977 - 21s/epoch - 3ms/step
Epoch 21/100
6250/6250 - 21s - loss: 1.0722 - accuracy: 0.6136 - val_loss: 1.1568 - val_accuracy: 0.5938 - 21s/epoch - 3ms/step
Epoch 22/100
6250/6250 - 21s - loss: 1.0690 - accuracy: 0.6136 - val_loss: 1.1411 - val_accuracy: 0.5965 - 21s/epoch - 3ms/step
Epoch 23/100
6250/6250 - 21s - loss: 1.0555 - accuracy: 0.6166 - val_loss: 1.1604 - val_accuracy: 0.5900 - 21s/epoch - 3ms/step
Epoch 24/100
6250/6250 - 21s - loss: 1.0457 - accuracy: 0.6249 - val_loss: 1.1436 - val_accuracy: 0.5966 - 21s/epoch - 3ms/step
Epoch 25/100
6250/6250 - 21s - loss: 1.0352 - accuracy: 0.6241 - val_loss: 1.1433 - val_accuracy: 0.5995 - 21s/epoch - 3ms/step
Epoch 26/100
6250/6250 - 21s - loss: 1.0282 - accuracy: 0.6293 - val_loss: 1.1513 - val_accuracy: 0.5957 - 21s/epoch - 3ms/step
Epoch 27/100
6250/6250 - 21s - loss: 1.0200 - accuracy: 0.6299 - val_loss: 1.1343 - val_accuracy: 0.6024 - 21s/epoch - 3ms/step
Epoch 28/100
6250/6250 - 21s - loss: 1.0089 - accuracy: 0.6367 - val_loss: 1.1644 - val_accuracy: 0.5977 - 21s/epoch - 3ms/step
Epoch 29/100
6250/6250 - 21s - loss: 0.9978 - accuracy: 0.6404 - val_loss: 1.1439 - val_accuracy: 0.6063 - 21s/epoch - 3ms/step
Epoch 30/100
6250/6250 - 21s - loss: 0.9943 - accuracy: 0.6411 - val_loss: 1.1387 - val_accuracy: 0.6062 - 21s/epoch - 3ms/step
Epoch 31/100
6250/6250 - 21s - loss: 0.9868 - accuracy: 0.6445 - val_loss: 1.1506 - val_accuracy: 0.5993 - 21s/epoch - 3ms/step
Epoch 32/100
6250/6250 - 21s - loss: 0.9756 - accuracy: 0.6471 - val_loss: 1.1600 - val_accuracy: 0.6008 - 21s/epoch - 3ms/step
Epoch 33/100
6250/6250 - 21s - loss: 0.9725 - accuracy: 0.6515 - val_loss: 1.1480 - val_accuracy: 0.6102 - 21s/epoch - 3ms/step
Epoch 34/100
6250/6250 - 21s - loss: 0.9610 - accuracy: 0.6547 - val_loss: 1.1418 - val_accuracy: 0.6073 - 21s/epoch - 3ms/step
Epoch 35/100
6250/6250 - 21s - loss: 0.9572 - accuracy: 0.6554 - val_loss: 1.1443 - val_accuracy: 0.6051 - 21s/epoch - 3ms/step
Epoch 36/100
6250/6250 - 20s - loss: 0.9492 - accuracy: 0.6606 - val_loss: 1.1448 - val_accuracy: 0.6092 - 20s/epoch - 3ms/step
Epoch 37/100
6250/6250 - 20s - loss: 0.9354 - accuracy: 0.6645 - val_loss: 1.1451 - val_accuracy: 0.6052 - 20s/epoch - 3ms/step
Epoch 38/100
6250/6250 - 20s - loss: 0.9324 - accuracy: 0.6636 - val_loss: 1.1688 - val_accuracy: 0.6032 - 20s/epoch - 3ms/step
Epoch 39/100
6250/6250 - 21s - loss: 0.9256 - accuracy: 0.6669 - val_loss: 1.1687 - val_accuracy: 0.6088 - 21s/epoch - 3ms/step
Epoch 40/100
6250/6250 - 21s - loss: 0.9191 - accuracy: 0.6731 - val_loss: 1.1490 - val_accuracy: 0.6090 - 21s/epoch - 3ms/step
Epoch 41/100
6250/6250 - 21s - loss: 0.9145 - accuracy: 0.6713 - val_loss: 1.1503 - val_accuracy: 0.6118 - 21s/epoch - 3ms/step
Epoch 42/100
6250/6250 - 21s - loss: 0.9047 - accuracy: 0.6764 - val_loss: 1.1605 - val_accuracy: 0.6090 - 21s/epoch - 3ms/step
Epoch 43/100
6250/6250 - 21s - loss: 0.8965 - accuracy: 0.6803 - val_loss: 1.1597 - val_accuracy: 0.6082 - 21s/epoch - 3ms/step
Epoch 44/100
6250/6250 - 21s - loss: 0.8886 - accuracy: 0.6803 - val_loss: 1.1691 - val_accuracy: 0.6054 - 21s/epoch - 3ms/step
Epoch 45/100
6250/6250 - 21s - loss: 0.8869 - accuracy: 0.6823 - val_loss: 1.1797 - val_accuracy: 0.6141 - 21s/epoch - 3ms/step
Epoch 46/100
6250/6250 - 21s - loss: 0.8759 - accuracy: 0.6851 - val_loss: 1.1588 - val_accuracy: 0.6134 - 21s/epoch - 3ms/step
Epoch 47/100
6250/6250 - 21s - loss: 0.8695 - accuracy: 0.6873 - val_loss: 1.1957 - val_accuracy: 0.6072 - 21s/epoch - 3ms/step
Epoch 48/100
6250/6250 - 21s - loss: 0.8672 - accuracy: 0.6896 - val_loss: 1.1693 - val_accuracy: 0.6136 - 21s/epoch - 3ms/step
Epoch 49/100
6250/6250 - 21s - loss: 0.8576 - accuracy: 0.6933 - val_loss: 1.1750 - val_accuracy: 0.6162 - 21s/epoch - 3ms/step
Epoch 50/100
6250/6250 - 21s - loss: 0.8507 - accuracy: 0.6965 - val_loss: 1.1787 - val_accuracy: 0.6118 - 21s/epoch - 3ms/step
Epoch 51/100
6250/6250 - 21s - loss: 0.8441 - accuracy: 0.6999 - val_loss: 1.1833 - val_accuracy: 0.6103 - 21s/epoch - 3ms/step
Epoch 52/100
6250/6250 - 21s - loss: 0.8396 - accuracy: 0.7003 - val_loss: 1.1805 - val_accuracy: 0.6092 - 21s/epoch - 3ms/step
Epoch 53/100
6250/6250 - 21s - loss: 0.8336 - accuracy: 0.7013 - val_loss: 1.1949 - val_accuracy: 0.6131 - 21s/epoch - 3ms/step
Epoch 54/100
6250/6250 - 21s - loss: 0.8258 - accuracy: 0.7067 - val_loss: 1.2041 - val_accuracy: 0.6143 - 21s/epoch - 3ms/step
Epoch 55/100
6250/6250 - 21s - loss: 0.8200 - accuracy: 0.7092 - val_loss: 1.1774 - val_accuracy: 0.6156 - 21s/epoch - 3ms/step
Epoch 56/100
6250/6250 - 20s - loss: 0.8155 - accuracy: 0.7086 - val_loss: 1.2182 - val_accuracy: 0.6130 - 20s/epoch - 3ms/step
Epoch 57/100
6250/6250 - 21s - loss: 0.8049 - accuracy: 0.7132 - val_loss: 1.2026 - val_accuracy: 0.6124 - 21s/epoch - 3ms/step
Epoch 58/100
6250/6250 - 21s - loss: 0.7974 - accuracy: 0.7180 - val_loss: 1.2076 - val_accuracy: 0.6122 - 21s/epoch - 3ms/step
Epoch 59/100
6250/6250 - 21s - loss: 0.7949 - accuracy: 0.7165 - val_loss: 1.1927 - val_accuracy: 0.6158 - 21s/epoch - 3ms/step
Epoch 60/100
6250/6250 - 21s - loss: 0.7862 - accuracy: 0.7213 - val_loss: 1.2124 - val_accuracy: 0.6123 - 21s/epoch - 3ms/step
Epoch 61/100
6250/6250 - 21s - loss: 0.7810 - accuracy: 0.7237 - val_loss: 1.2162 - val_accuracy: 0.6181 - 21s/epoch - 3ms/step
Epoch 62/100
6250/6250 - 21s - loss: 0.7802 - accuracy: 0.7248 - val_loss: 1.2188 - val_accuracy: 0.6147 - 21s/epoch - 3ms/step
Epoch 63/100
6250/6250 - 21s - loss: 0.7703 - accuracy: 0.7291 - val_loss: 1.2367 - val_accuracy: 0.6150 - 21s/epoch - 3ms/step
Epoch 64/100
6250/6250 - 21s - loss: 0.7616 - accuracy: 0.7314 - val_loss: 1.2176 - val_accuracy: 0.6153 - 21s/epoch - 3ms/step
Epoch 65/100
6250/6250 - 21s - loss: 0.7621 - accuracy: 0.7292 - val_loss: 1.2376 - val_accuracy: 0.6154 - 21s/epoch - 3ms/step
Epoch 66/100
6250/6250 - 21s - loss: 0.7535 - accuracy: 0.7331 - val_loss: 1.2307 - val_accuracy: 0.6139 - 21s/epoch - 3ms/step
Epoch 67/100
6250/6250 - 21s - loss: 0.7491 - accuracy: 0.7347 - val_loss: 1.2369 - val_accuracy: 0.6162 - 21s/epoch - 3ms/step
Epoch 68/100
6250/6250 - 21s - loss: 0.7449 - accuracy: 0.7356 - val_loss: 1.2255 - val_accuracy: 0.6118 - 21s/epoch - 3ms/step
Epoch 69/100
6250/6250 - 21s - loss: 0.7344 - accuracy: 0.7412 - val_loss: 1.2274 - val_accuracy: 0.6114 - 21s/epoch - 3ms/step
Epoch 70/100
6250/6250 - 21s - loss: 0.7308 - accuracy: 0.7428 - val_loss: 1.2306 - val_accuracy: 0.6164 - 21s/epoch - 3ms/step
Epoch 71/100
6250/6250 - 21s - loss: 0.7285 - accuracy: 0.7447 - val_loss: 1.2473 - val_accuracy: 0.6139 - 21s/epoch - 3ms/step
Epoch 72/100
6250/6250 - 21s - loss: 0.7217 - accuracy: 0.7455 - val_loss: 1.2702 - val_accuracy: 0.6113 - 21s/epoch - 3ms/step
Epoch 73/100
6250/6250 - 21s - loss: 0.7187 - accuracy: 0.7450 - val_loss: 1.2478 - val_accuracy: 0.6120 - 21s/epoch - 3ms/step
Epoch 74/100
6250/6250 - 20s - loss: 0.7084 - accuracy: 0.7507 - val_loss: 1.2477 - val_accuracy: 0.6191 - 20s/epoch - 3ms/step
Epoch 75/100
6250/6250 - 20s - loss: 0.7062 - accuracy: 0.7528 - val_loss: 1.2650 - val_accuracy: 0.6117 - 20s/epoch - 3ms/step
Epoch 76/100
6250/6250 - 21s - loss: 0.6930 - accuracy: 0.7553 - val_loss: 1.2918 - val_accuracy: 0.6133 - 21s/epoch - 3ms/step
Epoch 77/100
6250/6250 - 22s - loss: 0.6951 - accuracy: 0.7577 - val_loss: 1.2640 - val_accuracy: 0.6093 - 22s/epoch - 3ms/step
Epoch 78/100
6250/6250 - 21s - loss: 0.6886 - accuracy: 0.7603 - val_loss: 1.2771 - val_accuracy: 0.6141 - 21s/epoch - 3ms/step
Epoch 79/100
6250/6250 - 21s - loss: 0.6834 - accuracy: 0.7611 - val_loss: 1.2781 - val_accuracy: 0.6112 - 21s/epoch - 3ms/step
Epoch 80/100
6250/6250 - 21s - loss: 0.6740 - accuracy: 0.7631 - val_loss: 1.3099 - val_accuracy: 0.6133 - 21s/epoch - 3ms/step
Epoch 81/100
6250/6250 - 22s - loss: 0.6730 - accuracy: 0.7661 - val_loss: 1.2951 - val_accuracy: 0.6122 - 22s/epoch - 3ms/step
Epoch 82/100
6250/6250 - 21s - loss: 0.6686 - accuracy: 0.7655 - val_loss: 1.3119 - val_accuracy: 0.6153 - 21s/epoch - 3ms/step
Epoch 83/100
6250/6250 - 21s - loss: 0.6666 - accuracy: 0.7674 - val_loss: 1.2944 - val_accuracy: 0.6095 - 21s/epoch - 3ms/step
Epoch 84/100
6250/6250 - 21s - loss: 0.6570 - accuracy: 0.7704 - val_loss: 1.3206 - val_accuracy: 0.6127 - 21s/epoch - 3ms/step
Epoch 85/100
6250/6250 - 21s - loss: 0.6541 - accuracy: 0.7701 - val_loss: 1.3155 - val_accuracy: 0.6106 - 21s/epoch - 3ms/step
Epoch 86/100
6250/6250 - 21s - loss: 0.6507 - accuracy: 0.7725 - val_loss: 1.3254 - val_accuracy: 0.6131 - 21s/epoch - 3ms/step
Epoch 87/100
6250/6250 - 21s - loss: 0.6454 - accuracy: 0.7757 - val_loss: 1.3366 - val_accuracy: 0.6064 - 21s/epoch - 3ms/step
Epoch 88/100
6250/6250 - 21s - loss: 0.6437 - accuracy: 0.7752 - val_loss: 1.3258 - val_accuracy: 0.6135 - 21s/epoch - 3ms/step
Epoch 89/100
6250/6250 - 21s - loss: 0.6361 - accuracy: 0.7773 - val_loss: 1.3456 - val_accuracy: 0.6032 - 21s/epoch - 3ms/step
Epoch 90/100
6250/6250 - 21s - loss: 0.6321 - accuracy: 0.7803 - val_loss: 1.3502 - val_accuracy: 0.6089 - 21s/epoch - 3ms/step
Epoch 91/100
Restoring model weights from the end of the best epoch: 61.
6250/6250 - 21s - loss: 0.6296 - accuracy: 0.7812 - val_loss: 1.3301 - val_accuracy: 0.6094 - 21s/epoch - 3ms/step
Epoch 91: early stopping
313/313 - 1s - loss: 1.2162 - accuracy: 0.6181 - 544ms/epoch - 2ms/step

ACCURACY: 0.6180999875068665


SCORE: -0.7202763352548065

[92m | MODULE VALUES ---------------------------------------------  |
 [0m
FLOPS: 6196828
PARAMS: 121430.0
[92m 
 | -----------------------------------------------------------  |
 [0m

--- BANANAS ITERATION 43 / 1000 ---
Chosen point: {'num_neurons': 4, 'unit_c1': 4, 'unit_c2': 3, 'dr_f': 0.2362444579312433, 'learning_rate': 0.0006465067814979027, 'batch_size': 8, 'optimizer': 'Adagrad', 'activation': 'elu', 'data_augmentation': True, 'reg_l2': False, 'skip_connection': False, 'new_fc_1': 32, 'new_fc_2': 8, 'new_fc_3': 7, 'new_fc_4': 10, 'new_fc_5': 11, 'new_fc_6': 15, 'new_fc_7': 17, 'new_fc_8': 30, 'new_fc_9': 32, 'new_fc_10': 18}
[94m
|  --> START TRAINING ITERATION 17[0m
[INFO] Flags -> DA: True, L2: False, Skip: False
Building model with input_shape=(32, 32, 3), pos_input_shape=None, layer_x_block=2
Model: "model"
_________________________________________________________________
 Layer (type)                Output Shape              Param #   
=================================================================
 input_2 (InputLayer)        [(None, 32, 32, 3)]       0         
                                                                 
 conv2d (Conv2D)             (None, 32, 32, 16)        448       
                                                                 
 activation (Activation)     (None, 32, 32, 16)        0         
                                                                 
 conv2d_1 (Conv2D)           (None, 32, 32, 16)        2320      
                                                                 
 activation_1 (Activation)   (None, 32, 32, 16)        0         
                                                                 
 max_pooling2d (MaxPooling2  (None, 16, 16, 16)        0         
 D)                                                              
                                                                 
 conv2d_2 (Conv2D)           (None, 16, 16, 12)        1740      
                                                                 
 activation_2 (Activation)   (None, 16, 16, 12)        0         
                                                                 
 conv2d_3 (Conv2D)           (None, 16, 16, 12)        1308      
                                                                 
 activation_3 (Activation)   (None, 16, 16, 12)        0         
                                                                 
 max_pooling2d_1 (MaxPoolin  (None, 8, 8, 12)          0         
 g2D)                                                            
                                                                 
 flatten (Flatten)           (None, 768)               0         
                                                                 
 dense (Dense)               (None, 128)               98432     
                                                                 
 activation_4 (Activation)   (None, 128)               0         
                                                                 
 dropout (Dropout)           (None, 128)               0         
                                                                 
 dense_1 (Dense)             (None, 32)                4128      
                                                                 
 activation_5 (Activation)   (None, 32)                0         
                                                                 
 dropout_1 (Dropout)         (None, 32)                0         
                                                                 
 dense_2 (Dense)             (None, 28)                924       
                                                                 
 activation_6 (Activation)   (None, 28)                0         
                                                                 
 dropout_2 (Dropout)         (None, 28)                0         
                                                                 
 dense_3 (Dense)             (None, 40)                1160      
                                                                 
 activation_7 (Activation)   (None, 40)                0         
                                                                 
 dropout_3 (Dropout)         (None, 40)                0         
                                                                 
 dense_4 (Dense)             (None, 44)                1804      
                                                                 
 activation_8 (Activation)   (None, 44)                0         
                                                                 
 dropout_4 (Dropout)         (None, 44)                0         
                                                                 
 dense_5 (Dense)             (None, 60)                2700      
                                                                 
 activation_9 (Activation)   (None, 60)                0         
                                                                 
 dropout_5 (Dropout)         (None, 60)                0         
                                                                 
 dense_6 (Dense)             (None, 68)                4148      
                                                                 
 activation_10 (Activation)  (None, 68)                0         
                                                                 
 dropout_6 (Dropout)         (None, 68)                0         
                                                                 
 dense_7 (Dense)             (None, 120)               8280      
                                                                 
 activation_11 (Activation)  (None, 120)               0         
                                                                 
 dropout_7 (Dropout)         (None, 120)               0         
                                                                 
 dense_8 (Dense)             (None, 128)               15488     
                                                                 
 activation_12 (Activation)  (None, 128)               0         
                                                                 
 dropout_8 (Dropout)         (None, 128)               0         
                                                                 
 dense_9 (Dense)             (None, 72)                9288      
                                                                 
 activation_13 (Activation)  (None, 72)                0         
                                                                 
 dropout_9 (Dropout)         (None, 72)                0         
                                                                 
 dense_10 (Dense)            (None, 10)                730       
                                                                 
=================================================================
Total params: 152898 (597.26 KB)
Trainable params: 152898 (597.26 KB)
Non-trainable params: 0 (0.00 Byte)
_________________________________________________________________
Epoch 1/100
6250/6250 - 21s - loss: 2.2147 - accuracy: 0.1601 - val_loss: 1.9515 - val_accuracy: 0.2599 - 21s/epoch - 3ms/step
Epoch 2/100
6250/6250 - 19s - loss: 2.0187 - accuracy: 0.2248 - val_loss: 1.8268 - val_accuracy: 0.2940 - 19s/epoch - 3ms/step
Epoch 3/100
6250/6250 - 19s - loss: 1.9580 - accuracy: 0.2363 - val_loss: 1.7852 - val_accuracy: 0.3109 - 19s/epoch - 3ms/step
Epoch 4/100
6250/6250 - 19s - loss: 1.9285 - accuracy: 0.2419 - val_loss: 1.7595 - val_accuracy: 0.3126 - 19s/epoch - 3ms/step
Epoch 5/100
6250/6250 - 19s - loss: 1.9051 - accuracy: 0.2479 - val_loss: 1.7441 - val_accuracy: 0.3208 - 19s/epoch - 3ms/step
Epoch 6/100
6250/6250 - 20s - loss: 1.8909 - accuracy: 0.2547 - val_loss: 1.7325 - val_accuracy: 0.3227 - 20s/epoch - 3ms/step
Epoch 7/100
6250/6250 - 21s - loss: 1.8768 - accuracy: 0.2576 - val_loss: 1.7255 - val_accuracy: 0.3258 - 21s/epoch - 3ms/step
Epoch 8/100
6250/6250 - 21s - loss: 1.8705 - accuracy: 0.2561 - val_loss: 1.7129 - val_accuracy: 0.3306 - 21s/epoch - 3ms/step
Epoch 9/100
6250/6250 - 21s - loss: 1.8576 - accuracy: 0.2622 - val_loss: 1.7044 - val_accuracy: 0.3331 - 21s/epoch - 3ms/step
Epoch 10/100
6250/6250 - 21s - loss: 1.8518 - accuracy: 0.2656 - val_loss: 1.6994 - val_accuracy: 0.3353 - 21s/epoch - 3ms/step
Epoch 11/100
6250/6250 - 21s - loss: 1.8425 - accuracy: 0.2684 - val_loss: 1.6947 - val_accuracy: 0.3412 - 21s/epoch - 3ms/step
Epoch 12/100
6250/6250 - 21s - loss: 1.8357 - accuracy: 0.2739 - val_loss: 1.6819 - val_accuracy: 0.3430 - 21s/epoch - 3ms/step
Epoch 13/100
6250/6250 - 21s - loss: 1.8291 - accuracy: 0.2762 - val_loss: 1.6735 - val_accuracy: 0.3446 - 21s/epoch - 3ms/step
Epoch 14/100
6250/6250 - 21s - loss: 1.8198 - accuracy: 0.2799 - val_loss: 1.6667 - val_accuracy: 0.3516 - 21s/epoch - 3ms/step
Epoch 15/100
6250/6250 - 21s - loss: 1.8148 - accuracy: 0.2812 - val_loss: 1.6605 - val_accuracy: 0.3519 - 21s/epoch - 3ms/step
Epoch 16/100
6250/6250 - 21s - loss: 1.8071 - accuracy: 0.2833 - val_loss: 1.6521 - val_accuracy: 0.3545 - 21s/epoch - 3ms/step
Epoch 17/100
6250/6250 - 21s - loss: 1.8019 - accuracy: 0.2878 - val_loss: 1.6473 - val_accuracy: 0.3576 - 21s/epoch - 3ms/step
Epoch 18/100
6250/6250 - 21s - loss: 1.7996 - accuracy: 0.2882 - val_loss: 1.6415 - val_accuracy: 0.3591 - 21s/epoch - 3ms/step
Epoch 19/100
6250/6250 - 20s - loss: 1.7940 - accuracy: 0.2886 - val_loss: 1.6394 - val_accuracy: 0.3604 - 20s/epoch - 3ms/step
Epoch 20/100
6250/6250 - 20s - loss: 1.7933 - accuracy: 0.2906 - val_loss: 1.6380 - val_accuracy: 0.3597 - 20s/epoch - 3ms/step
Epoch 21/100
6250/6250 - 20s - loss: 1.7880 - accuracy: 0.2941 - val_loss: 1.6283 - val_accuracy: 0.3646 - 20s/epoch - 3ms/step
Epoch 22/100
6250/6250 - 20s - loss: 1.7856 - accuracy: 0.2953 - val_loss: 1.6236 - val_accuracy: 0.3688 - 20s/epoch - 3ms/step
Epoch 23/100
6250/6250 - 20s - loss: 1.7784 - accuracy: 0.2982 - val_loss: 1.6221 - val_accuracy: 0.3666 - 20s/epoch - 3ms/step
Epoch 24/100
6250/6250 - 21s - loss: 1.7709 - accuracy: 0.3028 - val_loss: 1.6179 - val_accuracy: 0.3690 - 21s/epoch - 3ms/step
Epoch 25/100
6250/6250 - 20s - loss: 1.7747 - accuracy: 0.3000 - val_loss: 1.6175 - val_accuracy: 0.3666 - 20s/epoch - 3ms/step
Epoch 26/100
6250/6250 - 20s - loss: 1.7728 - accuracy: 0.2976 - val_loss: 1.6118 - val_accuracy: 0.3707 - 20s/epoch - 3ms/step
Epoch 27/100
6250/6250 - 20s - loss: 1.7666 - accuracy: 0.3013 - val_loss: 1.6112 - val_accuracy: 0.3770 - 20s/epoch - 3ms/step
Epoch 28/100
6250/6250 - 20s - loss: 1.7618 - accuracy: 0.3033 - val_loss: 1.6080 - val_accuracy: 0.3775 - 20s/epoch - 3ms/step
Epoch 29/100
6250/6250 - 20s - loss: 1.7601 - accuracy: 0.3029 - val_loss: 1.6053 - val_accuracy: 0.3755 - 20s/epoch - 3ms/step
Epoch 30/100
6250/6250 - 20s - loss: 1.7611 - accuracy: 0.3078 - val_loss: 1.6053 - val_accuracy: 0.3736 - 20s/epoch - 3ms/step
Epoch 31/100
6250/6250 - 20s - loss: 1.7582 - accuracy: 0.3059 - val_loss: 1.6004 - val_accuracy: 0.3778 - 20s/epoch - 3ms/step
Epoch 32/100
6250/6250 - 20s - loss: 1.7558 - accuracy: 0.3068 - val_loss: 1.5992 - val_accuracy: 0.3798 - 20s/epoch - 3ms/step
Epoch 33/100
6250/6250 - 20s - loss: 1.7510 - accuracy: 0.3103 - val_loss: 1.5980 - val_accuracy: 0.3796 - 20s/epoch - 3ms/step
Epoch 34/100
6250/6250 - 20s - loss: 1.7485 - accuracy: 0.3098 - val_loss: 1.5952 - val_accuracy: 0.3809 - 20s/epoch - 3ms/step
Epoch 35/100
6250/6250 - 20s - loss: 1.7459 - accuracy: 0.3120 - val_loss: 1.5921 - val_accuracy: 0.3826 - 20s/epoch - 3ms/step
Epoch 36/100
6250/6250 - 20s - loss: 1.7439 - accuracy: 0.3099 - val_loss: 1.5911 - val_accuracy: 0.3853 - 20s/epoch - 3ms/step
Epoch 37/100
6250/6250 - 20s - loss: 1.7414 - accuracy: 0.3120 - val_loss: 1.5910 - val_accuracy: 0.3812 - 20s/epoch - 3ms/step
Epoch 38/100
6250/6250 - 20s - loss: 1.7423 - accuracy: 0.3133 - val_loss: 1.5876 - val_accuracy: 0.3862 - 20s/epoch - 3ms/step
Epoch 39/100
6250/6250 - 20s - loss: 1.7416 - accuracy: 0.3140 - val_loss: 1.5868 - val_accuracy: 0.3863 - 20s/epoch - 3ms/step
Epoch 40/100
6250/6250 - 20s - loss: 1.7374 - accuracy: 0.3174 - val_loss: 1.5849 - val_accuracy: 0.3874 - 20s/epoch - 3ms/step
Epoch 41/100
6250/6250 - 20s - loss: 1.7352 - accuracy: 0.3131 - val_loss: 1.5834 - val_accuracy: 0.3888 - 20s/epoch - 3ms/step
Epoch 42/100
6250/6250 - 20s - loss: 1.7331 - accuracy: 0.3161 - val_loss: 1.5812 - val_accuracy: 0.3897 - 20s/epoch - 3ms/step
Epoch 43/100
6250/6250 - 20s - loss: 1.7267 - accuracy: 0.3186 - val_loss: 1.5796 - val_accuracy: 0.3907 - 20s/epoch - 3ms/step
Epoch 44/100
6250/6250 - 20s - loss: 1.7280 - accuracy: 0.3176 - val_loss: 1.5826 - val_accuracy: 0.3884 - 20s/epoch - 3ms/step
Epoch 45/100
6250/6250 - 20s - loss: 1.7265 - accuracy: 0.3200 - val_loss: 1.5773 - val_accuracy: 0.3897 - 20s/epoch - 3ms/step
Epoch 46/100
6250/6250 - 20s - loss: 1.7247 - accuracy: 0.3212 - val_loss: 1.5759 - val_accuracy: 0.3882 - 20s/epoch - 3ms/step
Epoch 47/100
6250/6250 - 20s - loss: 1.7232 - accuracy: 0.3185 - val_loss: 1.5737 - val_accuracy: 0.3910 - 20s/epoch - 3ms/step
Epoch 48/100
6250/6250 - 20s - loss: 1.7193 - accuracy: 0.3234 - val_loss: 1.5725 - val_accuracy: 0.3917 - 20s/epoch - 3ms/step
Epoch 49/100
6250/6250 - 20s - loss: 1.7221 - accuracy: 0.3199 - val_loss: 1.5728 - val_accuracy: 0.3933 - 20s/epoch - 3ms/step
Epoch 50/100
6250/6250 - 20s - loss: 1.7234 - accuracy: 0.3196 - val_loss: 1.5706 - val_accuracy: 0.3917 - 20s/epoch - 3ms/step
Epoch 51/100
6250/6250 - 20s - loss: 1.7177 - accuracy: 0.3250 - val_loss: 1.5692 - val_accuracy: 0.3928 - 20s/epoch - 3ms/step
Epoch 52/100
6250/6250 - 20s - loss: 1.7151 - accuracy: 0.3240 - val_loss: 1.5674 - val_accuracy: 0.3936 - 20s/epoch - 3ms/step
Epoch 53/100
6250/6250 - 20s - loss: 1.7149 - accuracy: 0.3225 - val_loss: 1.5665 - val_accuracy: 0.3954 - 20s/epoch - 3ms/step
Epoch 54/100
6250/6250 - 20s - loss: 1.7113 - accuracy: 0.3273 - val_loss: 1.5670 - val_accuracy: 0.3948 - 20s/epoch - 3ms/step
Epoch 55/100
6250/6250 - 20s - loss: 1.7087 - accuracy: 0.3285 - val_loss: 1.5636 - val_accuracy: 0.3935 - 20s/epoch - 3ms/step
Epoch 56/100
6250/6250 - 20s - loss: 1.7120 - accuracy: 0.3249 - val_loss: 1.5651 - val_accuracy: 0.3966 - 20s/epoch - 3ms/step
Epoch 57/100
6250/6250 - 20s - loss: 1.7068 - accuracy: 0.3290 - val_loss: 1.5612 - val_accuracy: 0.3970 - 20s/epoch - 3ms/step
Epoch 58/100
6250/6250 - 20s - loss: 1.7082 - accuracy: 0.3261 - val_loss: 1.5613 - val_accuracy: 0.3977 - 20s/epoch - 3ms/step
Epoch 59/100
6250/6250 - 20s - loss: 1.7085 - accuracy: 0.3309 - val_loss: 1.5600 - val_accuracy: 0.3990 - 20s/epoch - 3ms/step
Epoch 60/100
6250/6250 - 20s - loss: 1.7049 - accuracy: 0.3277 - val_loss: 1.5586 - val_accuracy: 0.3956 - 20s/epoch - 3ms/step
Epoch 61/100
6250/6250 - 20s - loss: 1.7048 - accuracy: 0.3275 - val_loss: 1.5562 - val_accuracy: 0.4007 - 20s/epoch - 3ms/step
Epoch 62/100
6250/6250 - 20s - loss: 1.7034 - accuracy: 0.3291 - val_loss: 1.5554 - val_accuracy: 0.3998 - 20s/epoch - 3ms/step
Epoch 63/100
6250/6250 - 20s - loss: 1.7042 - accuracy: 0.3319 - val_loss: 1.5572 - val_accuracy: 0.3993 - 20s/epoch - 3ms/step
Epoch 64/100
6250/6250 - 20s - loss: 1.6971 - accuracy: 0.3322 - val_loss: 1.5533 - val_accuracy: 0.4009 - 20s/epoch - 3ms/step
Epoch 65/100
6250/6250 - 20s - loss: 1.6987 - accuracy: 0.3305 - val_loss: 1.5533 - val_accuracy: 0.4009 - 20s/epoch - 3ms/step
Epoch 66/100
6250/6250 - 20s - loss: 1.7002 - accuracy: 0.3310 - val_loss: 1.5514 - val_accuracy: 0.4022 - 20s/epoch - 3ms/step
Epoch 67/100
6250/6250 - 20s - loss: 1.6970 - accuracy: 0.3348 - val_loss: 1.5501 - val_accuracy: 0.4010 - 20s/epoch - 3ms/step
Epoch 68/100
6250/6250 - 20s - loss: 1.6941 - accuracy: 0.3327 - val_loss: 1.5494 - val_accuracy: 0.4026 - 20s/epoch - 3ms/step
Epoch 69/100
6250/6250 - 20s - loss: 1.6929 - accuracy: 0.3331 - val_loss: 1.5478 - val_accuracy: 0.4030 - 20s/epoch - 3ms/step
Epoch 70/100
6250/6250 - 20s - loss: 1.6912 - accuracy: 0.3370 - val_loss: 1.5475 - val_accuracy: 0.4026 - 20s/epoch - 3ms/step
Epoch 71/100
6250/6250 - 19s - loss: 1.6920 - accuracy: 0.3318 - val_loss: 1.5462 - val_accuracy: 0.4038 - 19s/epoch - 3ms/step
Epoch 72/100
6250/6250 - 19s - loss: 1.6887 - accuracy: 0.3368 - val_loss: 1.5450 - val_accuracy: 0.4025 - 19s/epoch - 3ms/step
Epoch 73/100
6250/6250 - 20s - loss: 1.6886 - accuracy: 0.3355 - val_loss: 1.5444 - val_accuracy: 0.4044 - 20s/epoch - 3ms/step
Epoch 74/100
6250/6250 - 20s - loss: 1.6880 - accuracy: 0.3377 - val_loss: 1.5428 - val_accuracy: 0.4053 - 20s/epoch - 3ms/step
Epoch 75/100
6250/6250 - 20s - loss: 1.6899 - accuracy: 0.3370 - val_loss: 1.5421 - val_accuracy: 0.4056 - 20s/epoch - 3ms/step
Epoch 76/100
6250/6250 - 20s - loss: 1.6878 - accuracy: 0.3360 - val_loss: 1.5408 - val_accuracy: 0.4047 - 20s/epoch - 3ms/step
Epoch 77/100
6250/6250 - 20s - loss: 1.6846 - accuracy: 0.3347 - val_loss: 1.5406 - val_accuracy: 0.4051 - 20s/epoch - 3ms/step
Epoch 78/100
6250/6250 - 20s - loss: 1.6822 - accuracy: 0.3377 - val_loss: 1.5398 - val_accuracy: 0.4057 - 20s/epoch - 3ms/step
Epoch 79/100
6250/6250 - 20s - loss: 1.6819 - accuracy: 0.3384 - val_loss: 1.5378 - val_accuracy: 0.4057 - 20s/epoch - 3ms/step
Epoch 80/100
6250/6250 - 19s - loss: 1.6822 - accuracy: 0.3374 - val_loss: 1.5367 - val_accuracy: 0.4077 - 19s/epoch - 3ms/step
Epoch 81/100
6250/6250 - 19s - loss: 1.6827 - accuracy: 0.3366 - val_loss: 1.5385 - val_accuracy: 0.4070 - 19s/epoch - 3ms/step
Epoch 82/100
6250/6250 - 19s - loss: 1.6764 - accuracy: 0.3392 - val_loss: 1.5373 - val_accuracy: 0.4084 - 19s/epoch - 3ms/step
Epoch 83/100
6250/6250 - 21s - loss: 1.6808 - accuracy: 0.3372 - val_loss: 1.5341 - val_accuracy: 0.4072 - 21s/epoch - 3ms/step
Epoch 84/100
6250/6250 - 21s - loss: 1.6715 - accuracy: 0.3426 - val_loss: 1.5333 - val_accuracy: 0.4082 - 21s/epoch - 3ms/step
Epoch 85/100
6250/6250 - 21s - loss: 1.6750 - accuracy: 0.3389 - val_loss: 1.5327 - val_accuracy: 0.4081 - 21s/epoch - 3ms/step
Epoch 86/100
6250/6250 - 21s - loss: 1.6769 - accuracy: 0.3416 - val_loss: 1.5325 - val_accuracy: 0.4108 - 21s/epoch - 3ms/step
Epoch 87/100
6250/6250 - 21s - loss: 1.6754 - accuracy: 0.3398 - val_loss: 1.5308 - val_accuracy: 0.4106 - 21s/epoch - 3ms/step
Epoch 88/100
6250/6250 - 21s - loss: 1.6697 - accuracy: 0.3459 - val_loss: 1.5301 - val_accuracy: 0.4117 - 21s/epoch - 3ms/step
Epoch 89/100
6250/6250 - 21s - loss: 1.6687 - accuracy: 0.3458 - val_loss: 1.5286 - val_accuracy: 0.4107 - 21s/epoch - 3ms/step
Epoch 90/100
6250/6250 - 20s - loss: 1.6711 - accuracy: 0.3415 - val_loss: 1.5282 - val_accuracy: 0.4116 - 20s/epoch - 3ms/step
Epoch 91/100
6250/6250 - 20s - loss: 1.6681 - accuracy: 0.3442 - val_loss: 1.5277 - val_accuracy: 0.4125 - 20s/epoch - 3ms/step
Epoch 92/100
6250/6250 - 19s - loss: 1.6704 - accuracy: 0.3424 - val_loss: 1.5270 - val_accuracy: 0.4127 - 19s/epoch - 3ms/step
Epoch 93/100
6250/6250 - 19s - loss: 1.6638 - accuracy: 0.3472 - val_loss: 1.5292 - val_accuracy: 0.4134 - 19s/epoch - 3ms/step
Epoch 94/100
6250/6250 - 20s - loss: 1.6615 - accuracy: 0.3478 - val_loss: 1.5274 - val_accuracy: 0.4141 - 20s/epoch - 3ms/step
Epoch 95/100
6250/6250 - 20s - loss: 1.6663 - accuracy: 0.3436 - val_loss: 1.5239 - val_accuracy: 0.4141 - 20s/epoch - 3ms/step
Epoch 96/100
6250/6250 - 20s - loss: 1.6653 - accuracy: 0.3480 - val_loss: 1.5242 - val_accuracy: 0.4149 - 20s/epoch - 3ms/step
Epoch 97/100
6250/6250 - 20s - loss: 1.6628 - accuracy: 0.3468 - val_loss: 1.5220 - val_accuracy: 0.4167 - 20s/epoch - 3ms/step
Epoch 98/100
6250/6250 - 20s - loss: 1.6660 - accuracy: 0.3467 - val_loss: 1.5213 - val_accuracy: 0.4163 - 20s/epoch - 3ms/step
Epoch 99/100
6250/6250 - 20s - loss: 1.6614 - accuracy: 0.3491 - val_loss: 1.5206 - val_accuracy: 0.4171 - 20s/epoch - 3ms/step
Epoch 100/100
6250/6250 - 19s - loss: 1.6621 - accuracy: 0.3486 - val_loss: 1.5196 - val_accuracy: 0.4190 - 19s/epoch - 3ms/step
313/313 - 1s - loss: 1.5196 - accuracy: 0.4190 - 534ms/epoch - 2ms/step

ACCURACY: 0.4189999997615814


SCORE: -0.578293063833107

[92m | MODULE VALUES ---------------------------------------------  |
 [0m
FLOPS: 7503468
PARAMS: 152898.0
[92m 
 | -----------------------------------------------------------  |
 [0m

--- BANANAS ITERATION 44 / 1000 ---
Chosen point: {'num_neurons': 4, 'unit_c1': 1, 'unit_c2': 1, 'dr_f': 0.08815747879530458, 'learning_rate': 0.0005355889923431251, 'batch_size': 8, 'optimizer': 'SGD', 'activation': 'swish', 'data_augmentation': False, 'reg_l2': False, 'skip_connection': False, 'new_fc_1': 8, 'new_fc_2': 21, 'new_fc_3': 17, 'new_fc_4': 12, 'new_fc_5': 18, 'new_fc_6': 11, 'new_fc_7': 24, 'new_fc_8': 16, 'new_fc_9': 2, 'new_fc_10': 2}
[94m
|  --> START TRAINING ITERATION 18[0m
[INFO] Flags -> DA: False, L2: False, Skip: False
Building model with input_shape=(32, 32, 3), pos_input_shape=None, layer_x_block=2
Model: "model"
_________________________________________________________________
 Layer (type)                Output Shape              Param #   
=================================================================
 input_1 (InputLayer)        [(None, 32, 32, 3)]       0         
                                                                 
 conv2d (Conv2D)             (None, 32, 32, 4)         112       
                                                                 
 activation (Activation)     (None, 32, 32, 4)         0         
                                                                 
 conv2d_1 (Conv2D)           (None, 32, 32, 4)         148       
                                                                 
 activation_1 (Activation)   (None, 32, 32, 4)         0         
                                                                 
 max_pooling2d (MaxPooling2  (None, 16, 16, 4)         0         
 D)                                                              
                                                                 
 conv2d_2 (Conv2D)           (None, 16, 16, 4)         148       
                                                                 
 activation_2 (Activation)   (None, 16, 16, 4)         0         
                                                                 
 conv2d_3 (Conv2D)           (None, 16, 16, 4)         148       
                                                                 
 activation_3 (Activation)   (None, 16, 16, 4)         0         
                                                                 
 max_pooling2d_1 (MaxPoolin  (None, 8, 8, 4)           0         
 g2D)                                                            
                                                                 
 flatten (Flatten)           (None, 256)               0         
                                                                 
 dense (Dense)               (None, 32)                8224      
                                                                 
 activation_4 (Activation)   (None, 32)                0         
                                                                 
 dropout (Dropout)           (None, 32)                0         
                                                                 
 dense_1 (Dense)             (None, 84)                2772      
                                                                 
 activation_5 (Activation)   (None, 84)                0         
                                                                 
 dropout_1 (Dropout)         (None, 84)                0         
                                                                 
 dense_2 (Dense)             (None, 68)                5780      
                                                                 
 activation_6 (Activation)   (None, 68)                0         
                                                                 
 dropout_2 (Dropout)         (None, 68)                0         
                                                                 
 dense_3 (Dense)             (None, 48)                3312      
                                                                 
 activation_7 (Activation)   (None, 48)                0         
                                                                 
 dropout_3 (Dropout)         (None, 48)                0         
                                                                 
 dense_4 (Dense)             (None, 72)                3528      
                                                                 
 activation_8 (Activation)   (None, 72)                0         
                                                                 
 dropout_4 (Dropout)         (None, 72)                0         
                                                                 
 dense_5 (Dense)             (None, 44)                3212      
                                                                 
 activation_9 (Activation)   (None, 44)                0         
                                                                 
 dropout_5 (Dropout)         (None, 44)                0         
                                                                 
 dense_6 (Dense)             (None, 96)                4320      
                                                                 
 activation_10 (Activation)  (None, 96)                0         
                                                                 
 dropout_6 (Dropout)         (None, 96)                0         
                                                                 
 dense_7 (Dense)             (None, 64)                6208      
                                                                 
 activation_11 (Activation)  (None, 64)                0         
                                                                 
 dropout_7 (Dropout)         (None, 64)                0         
                                                                 
 dense_8 (Dense)             (None, 8)                 520       
                                                                 
 activation_12 (Activation)  (None, 8)                 0         
                                                                 
 dropout_8 (Dropout)         (None, 8)                 0         
                                                                 
 dense_9 (Dense)             (None, 8)                 72        
                                                                 
 activation_13 (Activation)  (None, 8)                 0         
                                                                 
 dropout_9 (Dropout)         (None, 8)                 0         
                                                                 
 dense_10 (Dense)            (None, 10)                90        
                                                                 
=================================================================
Total params: 38594 (150.76 KB)
Trainable params: 38594 (150.76 KB)
Non-trainable params: 0 (0.00 Byte)
_________________________________________________________________
Epoch 1/100
6250/6250 - 23s - loss: 2.3026 - accuracy: 0.0984 - val_loss: 2.3026 - val_accuracy: 0.1000 - 23s/epoch - 4ms/step
Epoch 2/100
6250/6250 - 21s - loss: 2.3026 - accuracy: 0.0971 - val_loss: 2.3026 - val_accuracy: 0.1000 - 21s/epoch - 3ms/step
Epoch 3/100
6250/6250 - 21s - loss: 2.3026 - accuracy: 0.0978 - val_loss: 2.3026 - val_accuracy: 0.1000 - 21s/epoch - 3ms/step
Epoch 4/100
6250/6250 - 21s - loss: 2.3026 - accuracy: 0.0977 - val_loss: 2.3026 - val_accuracy: 0.1000 - 21s/epoch - 3ms/step
Epoch 5/100
6250/6250 - 21s - loss: 2.3026 - accuracy: 0.0964 - val_loss: 2.3026 - val_accuracy: 0.1000 - 21s/epoch - 3ms/step
Epoch 6/100
6250/6250 - 21s - loss: 2.3026 - accuracy: 0.0983 - val_loss: 2.3026 - val_accuracy: 0.1000 - 21s/epoch - 3ms/step
Epoch 7/100
6250/6250 - 21s - loss: 2.3026 - accuracy: 0.0978 - val_loss: 2.3026 - val_accuracy: 0.1000 - 21s/epoch - 3ms/step
Epoch 8/100
6250/6250 - 21s - loss: 2.3026 - accuracy: 0.0966 - val_loss: 2.3026 - val_accuracy: 0.0809 - 21s/epoch - 3ms/step
Epoch 9/100
6250/6250 - 21s - loss: 2.3026 - accuracy: 0.0988 - val_loss: 2.3026 - val_accuracy: 0.1010 - 21s/epoch - 3ms/step
Epoch 10/100
6250/6250 - 21s - loss: 2.3026 - accuracy: 0.0978 - val_loss: 2.3026 - val_accuracy: 0.1000 - 21s/epoch - 3ms/step
Epoch 11/100
6250/6250 - 21s - loss: 2.3026 - accuracy: 0.0986 - val_loss: 2.3026 - val_accuracy: 0.1000 - 21s/epoch - 3ms/step
Epoch 12/100
6250/6250 - 21s - loss: 2.3026 - accuracy: 0.0961 - val_loss: 2.3026 - val_accuracy: 0.1000 - 21s/epoch - 3ms/step
Epoch 13/100
6250/6250 - 21s - loss: 2.3026 - accuracy: 0.0982 - val_loss: 2.3026 - val_accuracy: 0.1000 - 21s/epoch - 3ms/step
Epoch 14/100
6250/6250 - 21s - loss: 2.3026 - accuracy: 0.0969 - val_loss: 2.3026 - val_accuracy: 0.1000 - 21s/epoch - 3ms/step
Epoch 15/100
6250/6250 - 21s - loss: 2.3026 - accuracy: 0.0976 - val_loss: 2.3026 - val_accuracy: 0.1000 - 21s/epoch - 3ms/step
Epoch 16/100
6250/6250 - 21s - loss: 2.3026 - accuracy: 0.0978 - val_loss: 2.3026 - val_accuracy: 0.0975 - 21s/epoch - 3ms/step
Epoch 17/100
6250/6250 - 21s - loss: 2.3026 - accuracy: 0.0978 - val_loss: 2.3026 - val_accuracy: 0.1003 - 21s/epoch - 3ms/step
Epoch 18/100
6250/6250 - 21s - loss: 2.3026 - accuracy: 0.0968 - val_loss: 2.3026 - val_accuracy: 0.1000 - 21s/epoch - 3ms/step
Epoch 19/100
6250/6250 - 21s - loss: 2.3026 - accuracy: 0.0973 - val_loss: 2.3026 - val_accuracy: 0.1000 - 21s/epoch - 3ms/step
Epoch 20/100
6250/6250 - 21s - loss: 2.3026 - accuracy: 0.0983 - val_loss: 2.3026 - val_accuracy: 0.1000 - 21s/epoch - 3ms/step
Epoch 21/100
6250/6250 - 21s - loss: 2.3026 - accuracy: 0.0956 - val_loss: 2.3026 - val_accuracy: 0.1000 - 21s/epoch - 3ms/step
Epoch 22/100
6250/6250 - 21s - loss: 2.3026 - accuracy: 0.0990 - val_loss: 2.3026 - val_accuracy: 0.1046 - 21s/epoch - 3ms/step
Epoch 23/100
6250/6250 - 21s - loss: 2.3026 - accuracy: 0.0978 - val_loss: 2.3026 - val_accuracy: 0.1000 - 21s/epoch - 3ms/step
Epoch 24/100
6250/6250 - 21s - loss: 2.3026 - accuracy: 0.0954 - val_loss: 2.3026 - val_accuracy: 0.1000 - 21s/epoch - 3ms/step
Epoch 25/100
6250/6250 - 20s - loss: 2.3026 - accuracy: 0.0970 - val_loss: 2.3026 - val_accuracy: 0.1000 - 20s/epoch - 3ms/step
Epoch 26/100
6250/6250 - 21s - loss: 2.3026 - accuracy: 0.0965 - val_loss: 2.3026 - val_accuracy: 0.1000 - 21s/epoch - 3ms/step
Epoch 27/100
6250/6250 - 20s - loss: 2.3026 - accuracy: 0.0975 - val_loss: 2.3026 - val_accuracy: 0.1000 - 20s/epoch - 3ms/step
Epoch 28/100
6250/6250 - 21s - loss: 2.3026 - accuracy: 0.0984 - val_loss: 2.3026 - val_accuracy: 0.1000 - 21s/epoch - 3ms/step
Epoch 29/100
6250/6250 - 21s - loss: 2.3026 - accuracy: 0.0963 - val_loss: 2.3026 - val_accuracy: 0.1000 - 21s/epoch - 3ms/step
Epoch 30/100
6250/6250 - 21s - loss: 2.3026 - accuracy: 0.0980 - val_loss: 2.3026 - val_accuracy: 0.1000 - 21s/epoch - 3ms/step
Epoch 31/100
Restoring model weights from the end of the best epoch: 1.
6250/6250 - 21s - loss: 2.3026 - accuracy: 0.0963 - val_loss: 2.3026 - val_accuracy: 0.1000 - 21s/epoch - 3ms/step
Epoch 31: early stopping
313/313 - 1s - loss: 2.3026 - accuracy: 0.1000 - 562ms/epoch - 2ms/step

ACCURACY: 0.10000000149011612


SCORE: -0.36844793704308126

[92m | MODULE VALUES ---------------------------------------------  |
 [0m
FLOPS: 776032
PARAMS: 38594.0
[92m 
 | -----------------------------------------------------------  |
 [0m

--- BANANAS ITERATION 45 / 1000 ---
Chosen point: {'num_neurons': 4, 'unit_c1': 2, 'unit_c2': 8, 'dr_f': 0.2974758408556861, 'learning_rate': 0.0003405020998346417, 'batch_size': 64, 'optimizer': 'SGD', 'activation': 'elu', 'data_augmentation': True, 'reg_l2': False, 'skip_connection': False, 'new_fc_1': 26, 'new_fc_2': 4, 'new_fc_3': 13, 'new_fc_4': 1, 'new_fc_5': 8, 'new_fc_6': 20, 'new_fc_7': 12, 'new_fc_8': 28, 'new_fc_9': 0, 'new_fc_10': 22}
[94m
|  --> START TRAINING ITERATION 19[0m
[INFO] Flags -> DA: True, L2: False, Skip: False
Building model with input_shape=(32, 32, 3), pos_input_shape=None, layer_x_block=2
Model: "model"
_________________________________________________________________
 Layer (type)                Output Shape              Param #   
=================================================================
 input_2 (InputLayer)        [(None, 32, 32, 3)]       0         
                                                                 
 conv2d (Conv2D)             (None, 32, 32, 8)         224       
                                                                 
 activation (Activation)     (None, 32, 32, 8)         0         
                                                                 
 conv2d_1 (Conv2D)           (None, 32, 32, 8)         584       
                                                                 
 activation_1 (Activation)   (None, 32, 32, 8)         0         
                                                                 
 max_pooling2d (MaxPooling2  (None, 16, 16, 8)         0         
 D)                                                              
                                                                 
 conv2d_2 (Conv2D)           (None, 16, 16, 32)        2336      
                                                                 
 activation_2 (Activation)   (None, 16, 16, 32)        0         
                                                                 
 conv2d_3 (Conv2D)           (None, 16, 16, 32)        9248      
                                                                 
 activation_3 (Activation)   (None, 16, 16, 32)        0         
                                                                 
 max_pooling2d_1 (MaxPoolin  (None, 8, 8, 32)          0         
 g2D)                                                            
                                                                 
 flatten (Flatten)           (None, 2048)              0         
                                                                 
 dense (Dense)               (None, 104)               213096    
                                                                 
 activation_4 (Activation)   (None, 104)               0         
                                                                 
 dropout (Dropout)           (None, 104)               0         
                                                                 
 dense_1 (Dense)             (None, 16)                1680      
                                                                 
 activation_5 (Activation)   (None, 16)                0         
                                                                 
 dropout_1 (Dropout)         (None, 16)                0         
                                                                 
 dense_2 (Dense)             (None, 52)                884       
                                                                 
 activation_6 (Activation)   (None, 52)                0         
                                                                 
 dropout_2 (Dropout)         (None, 52)                0         
                                                                 
 dense_3 (Dense)             (None, 4)                 212       
                                                                 
 activation_7 (Activation)   (None, 4)                 0         
                                                                 
 dropout_3 (Dropout)         (None, 4)                 0         
                                                                 
 dense_4 (Dense)             (None, 32)                160       
                                                                 
 activation_8 (Activation)   (None, 32)                0         
                                                                 
 dropout_4 (Dropout)         (None, 32)                0         
                                                                 
 dense_5 (Dense)             (None, 80)                2640      
                                                                 
 activation_9 (Activation)   (None, 80)                0         
                                                                 
 dropout_5 (Dropout)         (None, 80)                0         
                                                                 
 dense_6 (Dense)             (None, 48)                3888      
                                                                 
 activation_10 (Activation)  (None, 48)                0         
                                                                 
 dropout_6 (Dropout)         (None, 48)                0         
                                                                 
 dense_7 (Dense)             (None, 112)               5488      
                                                                 
 activation_11 (Activation)  (None, 112)               0         
                                                                 
 dropout_7 (Dropout)         (None, 112)               0         
                                                                 
 dense_8 (Dense)             (None, 88)                9944      
                                                                 
 activation_12 (Activation)  (None, 88)                0         
                                                                 
 dropout_8 (Dropout)         (None, 88)                0         
                                                                 
 dense_9 (Dense)             (None, 10)                890       
                                                                 
=================================================================
Total params: 251274 (981.54 KB)
Trainable params: 251274 (981.54 KB)
Non-trainable params: 0 (0.00 Byte)
_________________________________________________________________
Epoch 1/100
782/782 - 4s - loss: 2.3254 - accuracy: 0.1025 - val_loss: 2.2991 - val_accuracy: 0.1370 - 4s/epoch - 5ms/step
Epoch 2/100
782/782 - 3s - loss: 2.3164 - accuracy: 0.1014 - val_loss: 2.2979 - val_accuracy: 0.1371 - 3s/epoch - 4ms/step
Epoch 3/100
782/782 - 3s - loss: 2.3094 - accuracy: 0.1053 - val_loss: 2.2966 - val_accuracy: 0.1457 - 3s/epoch - 4ms/step
Epoch 4/100
782/782 - 3s - loss: 2.3062 - accuracy: 0.1051 - val_loss: 2.2952 - val_accuracy: 0.1415 - 3s/epoch - 4ms/step
Epoch 5/100
782/782 - 3s - loss: 2.3040 - accuracy: 0.1092 - val_loss: 2.2936 - val_accuracy: 0.1628 - 3s/epoch - 4ms/step
Epoch 6/100
782/782 - 3s - loss: 2.3028 - accuracy: 0.1097 - val_loss: 2.2914 - val_accuracy: 0.1709 - 3s/epoch - 4ms/step
Epoch 7/100
782/782 - 3s - loss: 2.3006 - accuracy: 0.1145 - val_loss: 2.2892 - val_accuracy: 0.1595 - 3s/epoch - 4ms/step
Epoch 8/100
782/782 - 3s - loss: 2.2986 - accuracy: 0.1145 - val_loss: 2.2860 - val_accuracy: 0.1853 - 3s/epoch - 4ms/step
Epoch 9/100
782/782 - 3s - loss: 2.2968 - accuracy: 0.1156 - val_loss: 2.2823 - val_accuracy: 0.1904 - 3s/epoch - 4ms/step
Epoch 10/100
782/782 - 3s - loss: 2.2930 - accuracy: 0.1211 - val_loss: 2.2774 - val_accuracy: 0.1962 - 3s/epoch - 4ms/step
Epoch 11/100
782/782 - 3s - loss: 2.2893 - accuracy: 0.1243 - val_loss: 2.2716 - val_accuracy: 0.2057 - 3s/epoch - 4ms/step
Epoch 12/100
782/782 - 3s - loss: 2.2840 - accuracy: 0.1297 - val_loss: 2.2642 - val_accuracy: 0.2133 - 3s/epoch - 4ms/step
Epoch 13/100
782/782 - 3s - loss: 2.2788 - accuracy: 0.1356 - val_loss: 2.2547 - val_accuracy: 0.2193 - 3s/epoch - 4ms/step
Epoch 14/100
782/782 - 3s - loss: 2.2728 - accuracy: 0.1383 - val_loss: 2.2435 - val_accuracy: 0.2340 - 3s/epoch - 4ms/step
Epoch 15/100
782/782 - 3s - loss: 2.2649 - accuracy: 0.1432 - val_loss: 2.2290 - val_accuracy: 0.2330 - 3s/epoch - 4ms/step
Epoch 16/100
782/782 - 3s - loss: 2.2577 - accuracy: 0.1465 - val_loss: 2.2129 - val_accuracy: 0.2379 - 3s/epoch - 4ms/step
Epoch 17/100
782/782 - 3s - loss: 2.2476 - accuracy: 0.1505 - val_loss: 2.1957 - val_accuracy: 0.2269 - 3s/epoch - 4ms/step
Epoch 18/100
782/782 - 3s - loss: 2.2377 - accuracy: 0.1543 - val_loss: 2.1761 - val_accuracy: 0.2286 - 3s/epoch - 4ms/step
Epoch 19/100
782/782 - 3s - loss: 2.2268 - accuracy: 0.1568 - val_loss: 2.1553 - val_accuracy: 0.2341 - 3s/epoch - 4ms/step
Epoch 20/100
782/782 - 3s - loss: 2.2177 - accuracy: 0.1599 - val_loss: 2.1368 - val_accuracy: 0.2379 - 3s/epoch - 4ms/step
Epoch 21/100
782/782 - 3s - loss: 2.2071 - accuracy: 0.1618 - val_loss: 2.1175 - val_accuracy: 0.2407 - 3s/epoch - 4ms/step
Epoch 22/100
782/782 - 3s - loss: 2.1968 - accuracy: 0.1651 - val_loss: 2.0997 - val_accuracy: 0.2442 - 3s/epoch - 4ms/step
Epoch 23/100
782/782 - 3s - loss: 2.1897 - accuracy: 0.1691 - val_loss: 2.0839 - val_accuracy: 0.2453 - 3s/epoch - 4ms/step
Epoch 24/100
782/782 - 3s - loss: 2.1788 - accuracy: 0.1708 - val_loss: 2.0686 - val_accuracy: 0.2484 - 3s/epoch - 4ms/step
Epoch 25/100
782/782 - 3s - loss: 2.1720 - accuracy: 0.1739 - val_loss: 2.0541 - val_accuracy: 0.2525 - 3s/epoch - 4ms/step
Epoch 26/100
782/782 - 3s - loss: 2.1628 - accuracy: 0.1756 - val_loss: 2.0391 - val_accuracy: 0.2560 - 3s/epoch - 4ms/step
Epoch 27/100
782/782 - 3s - loss: 2.1569 - accuracy: 0.1770 - val_loss: 2.0251 - val_accuracy: 0.2608 - 3s/epoch - 4ms/step
Epoch 28/100
782/782 - 3s - loss: 2.1481 - accuracy: 0.1805 - val_loss: 2.0120 - val_accuracy: 0.2641 - 3s/epoch - 4ms/step
Epoch 29/100
782/782 - 3s - loss: 2.1393 - accuracy: 0.1829 - val_loss: 2.0122 - val_accuracy: 0.2589 - 3s/epoch - 4ms/step
Epoch 30/100
782/782 - 3s - loss: 2.1261 - accuracy: 0.1860 - val_loss: 1.9925 - val_accuracy: 0.2685 - 3s/epoch - 4ms/step
Epoch 31/100
782/782 - 3s - loss: 2.1207 - accuracy: 0.1895 - val_loss: 1.9730 - val_accuracy: 0.2748 - 3s/epoch - 4ms/step
Epoch 32/100
782/782 - 3s - loss: 2.1108 - accuracy: 0.1914 - val_loss: 1.9730 - val_accuracy: 0.2665 - 3s/epoch - 4ms/step
Epoch 33/100
782/782 - 3s - loss: 2.1099 - accuracy: 0.1889 - val_loss: 1.9484 - val_accuracy: 0.2793 - 3s/epoch - 4ms/step
Epoch 34/100
782/782 - 3s - loss: 2.0994 - accuracy: 0.1938 - val_loss: 1.9408 - val_accuracy: 0.2810 - 3s/epoch - 4ms/step
Epoch 35/100
782/782 - 3s - loss: 2.0922 - accuracy: 0.1953 - val_loss: 1.9271 - val_accuracy: 0.2849 - 3s/epoch - 4ms/step
Epoch 36/100
782/782 - 3s - loss: 2.0888 - accuracy: 0.1961 - val_loss: 1.9252 - val_accuracy: 0.2823 - 3s/epoch - 4ms/step
Epoch 37/100
782/782 - 3s - loss: 2.0810 - accuracy: 0.1963 - val_loss: 1.9075 - val_accuracy: 0.2902 - 3s/epoch - 4ms/step
Epoch 38/100
782/782 - 3s - loss: 2.0778 - accuracy: 0.1980 - val_loss: 1.8986 - val_accuracy: 0.2880 - 3s/epoch - 4ms/step
Epoch 39/100
782/782 - 3s - loss: 2.0719 - accuracy: 0.2037 - val_loss: 1.8978 - val_accuracy: 0.2872 - 3s/epoch - 4ms/step
Epoch 40/100
782/782 - 3s - loss: 2.0665 - accuracy: 0.2017 - val_loss: 1.8902 - val_accuracy: 0.2935 - 3s/epoch - 4ms/step
Epoch 41/100
782/782 - 3s - loss: 2.0652 - accuracy: 0.2009 - val_loss: 1.8774 - val_accuracy: 0.2936 - 3s/epoch - 4ms/step
Epoch 42/100
782/782 - 3s - loss: 2.0538 - accuracy: 0.2036 - val_loss: 1.8685 - val_accuracy: 0.2908 - 3s/epoch - 4ms/step
Epoch 43/100
782/782 - 3s - loss: 2.0525 - accuracy: 0.2063 - val_loss: 1.8650 - val_accuracy: 0.2876 - 3s/epoch - 4ms/step
Epoch 44/100
782/782 - 3s - loss: 2.0485 - accuracy: 0.2058 - val_loss: 1.8738 - val_accuracy: 0.2894 - 3s/epoch - 4ms/step
Epoch 45/100
782/782 - 3s - loss: 2.0405 - accuracy: 0.2076 - val_loss: 1.8519 - val_accuracy: 0.2934 - 3s/epoch - 4ms/step
Epoch 46/100
782/782 - 3s - loss: 2.0397 - accuracy: 0.2097 - val_loss: 1.8497 - val_accuracy: 0.2927 - 3s/epoch - 4ms/step
Epoch 47/100
782/782 - 3s - loss: 2.0363 - accuracy: 0.2082 - val_loss: 1.8566 - val_accuracy: 0.2885 - 3s/epoch - 4ms/step
Epoch 48/100
782/782 - 3s - loss: 2.0326 - accuracy: 0.2104 - val_loss: 1.8390 - val_accuracy: 0.2907 - 3s/epoch - 4ms/step
Epoch 49/100
782/782 - 3s - loss: 2.0273 - accuracy: 0.2127 - val_loss: 1.8302 - val_accuracy: 0.2885 - 3s/epoch - 4ms/step
Epoch 50/100
782/782 - 3s - loss: 2.0256 - accuracy: 0.2112 - val_loss: 1.8803 - val_accuracy: 0.2755 - 3s/epoch - 4ms/step
Epoch 51/100
782/782 - 3s - loss: 2.0208 - accuracy: 0.2112 - val_loss: 1.8236 - val_accuracy: 0.2919 - 3s/epoch - 4ms/step
Epoch 52/100
782/782 - 3s - loss: 2.0160 - accuracy: 0.2192 - val_loss: 1.8301 - val_accuracy: 0.2833 - 3s/epoch - 4ms/step
Epoch 53/100
782/782 - 3s - loss: 2.0097 - accuracy: 0.2190 - val_loss: 1.8173 - val_accuracy: 0.2880 - 3s/epoch - 4ms/step
Epoch 54/100
782/782 - 3s - loss: 2.0051 - accuracy: 0.2171 - val_loss: 1.8239 - val_accuracy: 0.2860 - 3s/epoch - 4ms/step
Epoch 55/100
782/782 - 3s - loss: 1.9999 - accuracy: 0.2185 - val_loss: 1.8231 - val_accuracy: 0.2891 - 3s/epoch - 4ms/step
Epoch 56/100
782/782 - 3s - loss: 2.0019 - accuracy: 0.2194 - val_loss: 1.8102 - val_accuracy: 0.2917 - 3s/epoch - 4ms/step
Epoch 57/100
782/782 - 3s - loss: 1.9999 - accuracy: 0.2145 - val_loss: 1.8235 - val_accuracy: 0.2898 - 3s/epoch - 4ms/step
Epoch 58/100
782/782 - 3s - loss: 1.9945 - accuracy: 0.2187 - val_loss: 1.8031 - val_accuracy: 0.2950 - 3s/epoch - 4ms/step
Epoch 59/100
782/782 - 3s - loss: 1.9943 - accuracy: 0.2195 - val_loss: 1.7966 - val_accuracy: 0.2925 - 3s/epoch - 4ms/step
Epoch 60/100
782/782 - 3s - loss: 1.9876 - accuracy: 0.2206 - val_loss: 1.8315 - val_accuracy: 0.2774 - 3s/epoch - 4ms/step
Epoch 61/100
782/782 - 3s - loss: 1.9865 - accuracy: 0.2205 - val_loss: 1.8041 - val_accuracy: 0.2830 - 3s/epoch - 4ms/step
Epoch 62/100
782/782 - 3s - loss: 1.9787 - accuracy: 0.2219 - val_loss: 1.7835 - val_accuracy: 0.3005 - 3s/epoch - 4ms/step
Epoch 63/100
782/782 - 3s - loss: 1.9798 - accuracy: 0.2226 - val_loss: 1.7927 - val_accuracy: 0.2924 - 3s/epoch - 4ms/step
Epoch 64/100
782/782 - 3s - loss: 1.9761 - accuracy: 0.2261 - val_loss: 1.7980 - val_accuracy: 0.2912 - 3s/epoch - 4ms/step
Epoch 65/100
782/782 - 3s - loss: 1.9750 - accuracy: 0.2226 - val_loss: 1.7876 - val_accuracy: 0.2896 - 3s/epoch - 4ms/step
Epoch 66/100
782/782 - 3s - loss: 1.9721 - accuracy: 0.2220 - val_loss: 1.8199 - val_accuracy: 0.2852 - 3s/epoch - 4ms/step
Epoch 67/100
782/782 - 3s - loss: 1.9679 - accuracy: 0.2241 - val_loss: 1.7716 - val_accuracy: 0.2974 - 3s/epoch - 4ms/step
Epoch 68/100
782/782 - 3s - loss: 1.9666 - accuracy: 0.2252 - val_loss: 1.7715 - val_accuracy: 0.2981 - 3s/epoch - 4ms/step
Epoch 69/100
782/782 - 3s - loss: 1.9621 - accuracy: 0.2244 - val_loss: 1.7676 - val_accuracy: 0.2989 - 3s/epoch - 4ms/step
Epoch 70/100
782/782 - 3s - loss: 1.9567 - accuracy: 0.2313 - val_loss: 1.8694 - val_accuracy: 0.2607 - 3s/epoch - 4ms/step
Epoch 71/100
782/782 - 3s - loss: 1.9585 - accuracy: 0.2230 - val_loss: 1.8115 - val_accuracy: 0.2863 - 3s/epoch - 4ms/step
Epoch 72/100
782/782 - 3s - loss: 1.9573 - accuracy: 0.2291 - val_loss: 1.8490 - val_accuracy: 0.2813 - 3s/epoch - 4ms/step
Epoch 73/100
782/782 - 3s - loss: 1.9545 - accuracy: 0.2278 - val_loss: 1.7616 - val_accuracy: 0.3012 - 3s/epoch - 4ms/step
Epoch 74/100
782/782 - 3s - loss: 1.9504 - accuracy: 0.2271 - val_loss: 1.7553 - val_accuracy: 0.3034 - 3s/epoch - 4ms/step
Epoch 75/100
782/782 - 3s - loss: 1.9477 - accuracy: 0.2275 - val_loss: 1.7638 - val_accuracy: 0.2952 - 3s/epoch - 4ms/step
Epoch 76/100
782/782 - 3s - loss: 1.9494 - accuracy: 0.2309 - val_loss: 1.7718 - val_accuracy: 0.2980 - 3s/epoch - 4ms/step
Epoch 77/100
782/782 - 3s - loss: 1.9426 - accuracy: 0.2302 - val_loss: 1.7522 - val_accuracy: 0.3052 - 3s/epoch - 4ms/step
Epoch 78/100
782/782 - 3s - loss: 1.9427 - accuracy: 0.2331 - val_loss: 1.7505 - val_accuracy: 0.3024 - 3s/epoch - 4ms/step
Epoch 79/100
782/782 - 3s - loss: 1.9419 - accuracy: 0.2312 - val_loss: 1.7615 - val_accuracy: 0.3016 - 3s/epoch - 4ms/step
Epoch 80/100
782/782 - 3s - loss: 1.9421 - accuracy: 0.2319 - val_loss: 1.7651 - val_accuracy: 0.2971 - 3s/epoch - 4ms/step
Epoch 81/100
782/782 - 3s - loss: 1.9349 - accuracy: 0.2328 - val_loss: 1.7769 - val_accuracy: 0.2940 - 3s/epoch - 4ms/step
Epoch 82/100
782/782 - 3s - loss: 1.9346 - accuracy: 0.2332 - val_loss: 1.7579 - val_accuracy: 0.2968 - 3s/epoch - 4ms/step
Epoch 83/100
782/782 - 3s - loss: 1.9321 - accuracy: 0.2348 - val_loss: 1.7635 - val_accuracy: 0.2956 - 3s/epoch - 4ms/step
Epoch 84/100
782/782 - 3s - loss: 1.9312 - accuracy: 0.2343 - val_loss: 1.7361 - val_accuracy: 0.3064 - 3s/epoch - 4ms/step
Epoch 85/100
782/782 - 3s - loss: 1.9299 - accuracy: 0.2332 - val_loss: 1.7685 - val_accuracy: 0.2969 - 3s/epoch - 4ms/step
Epoch 86/100
782/782 - 3s - loss: 1.9307 - accuracy: 0.2335 - val_loss: 1.7541 - val_accuracy: 0.3009 - 3s/epoch - 4ms/step
Epoch 87/100
782/782 - 3s - loss: 1.9290 - accuracy: 0.2329 - val_loss: 1.7765 - val_accuracy: 0.2886 - 3s/epoch - 4ms/step
Epoch 88/100
782/782 - 3s - loss: 1.9209 - accuracy: 0.2332 - val_loss: 1.7377 - val_accuracy: 0.3057 - 3s/epoch - 4ms/step
Epoch 89/100
782/782 - 3s - loss: 1.9181 - accuracy: 0.2382 - val_loss: 1.7289 - val_accuracy: 0.3109 - 3s/epoch - 4ms/step
Epoch 90/100
782/782 - 3s - loss: 1.9167 - accuracy: 0.2412 - val_loss: 1.7294 - val_accuracy: 0.3083 - 3s/epoch - 4ms/step
Epoch 91/100
782/782 - 3s - loss: 1.9194 - accuracy: 0.2386 - val_loss: 1.7294 - val_accuracy: 0.3122 - 3s/epoch - 4ms/step
Epoch 92/100
782/782 - 3s - loss: 1.9152 - accuracy: 0.2371 - val_loss: 1.7418 - val_accuracy: 0.3097 - 3s/epoch - 4ms/step
Epoch 93/100
782/782 - 3s - loss: 1.9131 - accuracy: 0.2404 - val_loss: 1.7219 - val_accuracy: 0.3142 - 3s/epoch - 4ms/step
Epoch 94/100
782/782 - 3s - loss: 1.9125 - accuracy: 0.2346 - val_loss: 1.7514 - val_accuracy: 0.3023 - 3s/epoch - 4ms/step
Epoch 95/100
782/782 - 3s - loss: 1.9070 - accuracy: 0.2385 - val_loss: 1.7504 - val_accuracy: 0.3020 - 3s/epoch - 4ms/step
Epoch 96/100
782/782 - 3s - loss: 1.9102 - accuracy: 0.2359 - val_loss: 1.7532 - val_accuracy: 0.3014 - 3s/epoch - 4ms/step
Epoch 97/100
782/782 - 3s - loss: 1.9084 - accuracy: 0.2403 - val_loss: 1.7432 - val_accuracy: 0.3062 - 3s/epoch - 4ms/step
Epoch 98/100
782/782 - 3s - loss: 1.9026 - accuracy: 0.2399 - val_loss: 1.7357 - val_accuracy: 0.3079 - 3s/epoch - 4ms/step
Epoch 99/100
782/782 - 3s - loss: 1.9054 - accuracy: 0.2414 - val_loss: 1.7295 - val_accuracy: 0.3125 - 3s/epoch - 4ms/step
Epoch 100/100
782/782 - 3s - loss: 1.9049 - accuracy: 0.2378 - val_loss: 1.7140 - val_accuracy: 0.3142 - 3s/epoch - 4ms/step
313/313 - 0s - loss: 1.7140 - accuracy: 0.3142 - 427ms/epoch - 1ms/step

ACCURACY: 0.3142000138759613


SCORE: -0.5038466577131728

[92m | MODULE VALUES ---------------------------------------------  |
 [0m
FLOPS: 8046676
PARAMS: 251274.0
[92m 
 | -----------------------------------------------------------  |
 [0m

--- BANANAS ITERATION 46 / 1000 ---
Chosen point: {'num_neurons': 4, 'unit_c1': 4, 'unit_c2': 4, 'dr_f': 0.42780140524199717, 'learning_rate': 0.00012765387442620644, 'batch_size': 8, 'optimizer': 'SGD', 'activation': 'elu', 'data_augmentation': False, 'reg_l2': False, 'skip_connection': False, 'new_fc_1': 18, 'new_fc_2': 5, 'new_fc_3': 9, 'new_fc_4': 10, 'new_fc_5': 16, 'new_fc_6': 21, 'new_fc_7': 30, 'new_fc_8': 25, 'new_fc_9': 6, 'new_fc_10': 8}
[94m
|  --> START TRAINING ITERATION 20[0m
[INFO] Flags -> DA: False, L2: False, Skip: False
Building model with input_shape=(32, 32, 3), pos_input_shape=None, layer_x_block=2
Model: "model"
_________________________________________________________________
 Layer (type)                Output Shape              Param #   
=================================================================
 input_1 (InputLayer)        [(None, 32, 32, 3)]       0         
                                                                 
 conv2d (Conv2D)             (None, 32, 32, 16)        448       
                                                                 
 activation (Activation)     (None, 32, 32, 16)        0         
                                                                 
 conv2d_1 (Conv2D)           (None, 32, 32, 16)        2320      
                                                                 
 activation_1 (Activation)   (None, 32, 32, 16)        0         
                                                                 
 max_pooling2d (MaxPooling2  (None, 16, 16, 16)        0         
 D)                                                              
                                                                 
 conv2d_2 (Conv2D)           (None, 16, 16, 16)        2320      
                                                                 
 activation_2 (Activation)   (None, 16, 16, 16)        0         
                                                                 
 conv2d_3 (Conv2D)           (None, 16, 16, 16)        2320      
                                                                 
 activation_3 (Activation)   (None, 16, 16, 16)        0         
                                                                 
 max_pooling2d_1 (MaxPoolin  (None, 8, 8, 16)          0         
 g2D)                                                            
                                                                 
 flatten (Flatten)           (None, 1024)              0         
                                                                 
 dense (Dense)               (None, 72)                73800     
                                                                 
 activation_4 (Activation)   (None, 72)                0         
                                                                 
 dropout (Dropout)           (None, 72)                0         
                                                                 
 dense_1 (Dense)             (None, 20)                1460      
                                                                 
 activation_5 (Activation)   (None, 20)                0         
                                                                 
 dropout_1 (Dropout)         (None, 20)                0         
                                                                 
 dense_2 (Dense)             (None, 36)                756       
                                                                 
 activation_6 (Activation)   (None, 36)                0         
                                                                 
 dropout_2 (Dropout)         (None, 36)                0         
                                                                 
 dense_3 (Dense)             (None, 40)                1480      
                                                                 
 activation_7 (Activation)   (None, 40)                0         
                                                                 
 dropout_3 (Dropout)         (None, 40)                0         
                                                                 
 dense_4 (Dense)             (None, 64)                2624      
                                                                 
 activation_8 (Activation)   (None, 64)                0         
                                                                 
 dropout_4 (Dropout)         (None, 64)                0         
                                                                 
 dense_5 (Dense)             (None, 84)                5460      
                                                                 
 activation_9 (Activation)   (None, 84)                0         
                                                                 
 dropout_5 (Dropout)         (None, 84)                0         
                                                                 
 dense_6 (Dense)             (None, 120)               10200     
                                                                 
 activation_10 (Activation)  (None, 120)               0         
                                                                 
 dropout_6 (Dropout)         (None, 120)               0         
                                                                 
 dense_7 (Dense)             (None, 100)               12100     
                                                                 
 activation_11 (Activation)  (None, 100)               0         
                                                                 
 dropout_7 (Dropout)         (None, 100)               0         
                                                                 
 dense_8 (Dense)             (None, 24)                2424      
                                                                 
 activation_12 (Activation)  (None, 24)                0         
                                                                 
 dropout_8 (Dropout)         (None, 24)                0         
                                                                 
 dense_9 (Dense)             (None, 32)                800       
                                                                 
 activation_13 (Activation)  (None, 32)                0         
                                                                 
 dropout_9 (Dropout)         (None, 32)                0         
                                                                 
 dense_10 (Dense)            (None, 10)                330       
                                                                 
=================================================================
Total params: 118842 (464.23 KB)
Trainable params: 118842 (464.23 KB)
Non-trainable params: 0 (0.00 Byte)
_________________________________________________________________
Epoch 1/100
6250/6250 - 19s - loss: 2.4287 - accuracy: 0.1024 - val_loss: 2.2973 - val_accuracy: 0.1482 - 19s/epoch - 3ms/step
Epoch 2/100
6250/6250 - 18s - loss: 2.3638 - accuracy: 0.1018 - val_loss: 2.2971 - val_accuracy: 0.1460 - 18s/epoch - 3ms/step
Epoch 3/100
6250/6250 - 19s - loss: 2.3451 - accuracy: 0.1051 - val_loss: 2.2956 - val_accuracy: 0.1390 - 19s/epoch - 3ms/step
Epoch 4/100
6250/6250 - 19s - loss: 2.3368 - accuracy: 0.1046 - val_loss: 2.2948 - val_accuracy: 0.1675 - 19s/epoch - 3ms/step
Epoch 5/100
6250/6250 - 19s - loss: 2.3301 - accuracy: 0.1085 - val_loss: 2.2943 - val_accuracy: 0.1697 - 19s/epoch - 3ms/step
Epoch 6/100
6250/6250 - 19s - loss: 2.3278 - accuracy: 0.1020 - val_loss: 2.2941 - val_accuracy: 0.1681 - 19s/epoch - 3ms/step
Epoch 7/100
6250/6250 - 19s - loss: 2.3247 - accuracy: 0.1038 - val_loss: 2.2925 - val_accuracy: 0.1700 - 19s/epoch - 3ms/step
Epoch 8/100
6250/6250 - 19s - loss: 2.3202 - accuracy: 0.1061 - val_loss: 2.2925 - val_accuracy: 0.1914 - 19s/epoch - 3ms/step
Epoch 9/100
6250/6250 - 19s - loss: 2.3179 - accuracy: 0.1065 - val_loss: 2.2910 - val_accuracy: 0.1851 - 19s/epoch - 3ms/step
Epoch 10/100
6250/6250 - 19s - loss: 2.3152 - accuracy: 0.1100 - val_loss: 2.2896 - val_accuracy: 0.2000 - 19s/epoch - 3ms/step
Epoch 11/100
6250/6250 - 19s - loss: 2.3153 - accuracy: 0.1081 - val_loss: 2.2886 - val_accuracy: 0.2040 - 19s/epoch - 3ms/step
Epoch 12/100
6250/6250 - 19s - loss: 2.3113 - accuracy: 0.1116 - val_loss: 2.2868 - val_accuracy: 0.2086 - 19s/epoch - 3ms/step
Epoch 13/100
6250/6250 - 19s - loss: 2.3092 - accuracy: 0.1122 - val_loss: 2.2836 - val_accuracy: 0.2039 - 19s/epoch - 3ms/step
Epoch 14/100
6250/6250 - 19s - loss: 2.3085 - accuracy: 0.1109 - val_loss: 2.2801 - val_accuracy: 0.2112 - 19s/epoch - 3ms/step
Epoch 15/100
6250/6250 - 19s - loss: 2.3037 - accuracy: 0.1159 - val_loss: 2.2728 - val_accuracy: 0.2312 - 19s/epoch - 3ms/step
Epoch 16/100
6250/6250 - 19s - loss: 2.3008 - accuracy: 0.1183 - val_loss: 2.2675 - val_accuracy: 0.2256 - 19s/epoch - 3ms/step
Epoch 17/100
6250/6250 - 19s - loss: 2.2968 - accuracy: 0.1196 - val_loss: 2.2586 - val_accuracy: 0.2075 - 19s/epoch - 3ms/step
Epoch 18/100
6250/6250 - 19s - loss: 2.2897 - accuracy: 0.1248 - val_loss: 2.2433 - val_accuracy: 0.2042 - 19s/epoch - 3ms/step
Epoch 19/100
6250/6250 - 19s - loss: 2.2837 - accuracy: 0.1278 - val_loss: 2.2217 - val_accuracy: 0.2064 - 19s/epoch - 3ms/step
Epoch 20/100
6250/6250 - 19s - loss: 2.2752 - accuracy: 0.1314 - val_loss: 2.1995 - val_accuracy: 0.2065 - 19s/epoch - 3ms/step
Epoch 21/100
6250/6250 - 18s - loss: 2.2604 - accuracy: 0.1415 - val_loss: 2.1725 - val_accuracy: 0.2074 - 18s/epoch - 3ms/step
Epoch 22/100
6250/6250 - 18s - loss: 2.2469 - accuracy: 0.1456 - val_loss: 2.1364 - val_accuracy: 0.1950 - 18s/epoch - 3ms/step
Epoch 23/100
6250/6250 - 19s - loss: 2.2299 - accuracy: 0.1526 - val_loss: 2.1028 - val_accuracy: 0.1918 - 19s/epoch - 3ms/step
Epoch 24/100
6250/6250 - 19s - loss: 2.2098 - accuracy: 0.1547 - val_loss: 2.0753 - val_accuracy: 0.1929 - 19s/epoch - 3ms/step
Epoch 25/100
6250/6250 - 19s - loss: 2.1936 - accuracy: 0.1606 - val_loss: 2.0423 - val_accuracy: 0.1951 - 19s/epoch - 3ms/step
Epoch 26/100
6250/6250 - 19s - loss: 2.1843 - accuracy: 0.1600 - val_loss: 2.0270 - val_accuracy: 0.1940 - 19s/epoch - 3ms/step
Epoch 27/100
6250/6250 - 19s - loss: 2.1639 - accuracy: 0.1633 - val_loss: 1.9905 - val_accuracy: 0.1925 - 19s/epoch - 3ms/step
Epoch 28/100
6250/6250 - 19s - loss: 2.1485 - accuracy: 0.1679 - val_loss: 1.9728 - val_accuracy: 0.1938 - 19s/epoch - 3ms/step
Epoch 29/100
6250/6250 - 19s - loss: 2.1347 - accuracy: 0.1672 - val_loss: 1.9601 - val_accuracy: 0.1929 - 19s/epoch - 3ms/step
Epoch 30/100
6250/6250 - 20s - loss: 2.1278 - accuracy: 0.1724 - val_loss: 1.9433 - val_accuracy: 0.1992 - 20s/epoch - 3ms/step
Epoch 31/100
6250/6250 - 19s - loss: 2.1158 - accuracy: 0.1730 - val_loss: 1.9302 - val_accuracy: 0.1959 - 19s/epoch - 3ms/step
Epoch 32/100
6250/6250 - 19s - loss: 2.1039 - accuracy: 0.1708 - val_loss: 1.9232 - val_accuracy: 0.1980 - 19s/epoch - 3ms/step
Epoch 33/100
6250/6250 - 19s - loss: 2.0925 - accuracy: 0.1717 - val_loss: 1.9375 - val_accuracy: 0.2026 - 19s/epoch - 3ms/step
Epoch 34/100
6250/6250 - 18s - loss: 2.0836 - accuracy: 0.1759 - val_loss: 1.9041 - val_accuracy: 0.1982 - 18s/epoch - 3ms/step
Epoch 35/100
6250/6250 - 18s - loss: 2.0776 - accuracy: 0.1728 - val_loss: 1.9023 - val_accuracy: 0.2081 - 18s/epoch - 3ms/step
Epoch 36/100
6250/6250 - 19s - loss: 2.0734 - accuracy: 0.1752 - val_loss: 1.9625 - val_accuracy: 0.1828 - 19s/epoch - 3ms/step
Epoch 37/100
6250/6250 - 19s - loss: 2.0621 - accuracy: 0.1737 - val_loss: 1.9187 - val_accuracy: 0.2015 - 19s/epoch - 3ms/step
Epoch 38/100
6250/6250 - 19s - loss: 2.0550 - accuracy: 0.1755 - val_loss: 1.9252 - val_accuracy: 0.1888 - 19s/epoch - 3ms/step
Epoch 39/100
6250/6250 - 20s - loss: 2.0496 - accuracy: 0.1736 - val_loss: 1.8784 - val_accuracy: 0.1995 - 20s/epoch - 3ms/step
Epoch 40/100
6250/6250 - 19s - loss: 2.0486 - accuracy: 0.1783 - val_loss: 1.8777 - val_accuracy: 0.2039 - 19s/epoch - 3ms/step
Epoch 41/100
6250/6250 - 20s - loss: 2.0396 - accuracy: 0.1762 - val_loss: 1.9932 - val_accuracy: 0.1770 - 20s/epoch - 3ms/step
Epoch 42/100
6250/6250 - 20s - loss: 2.0354 - accuracy: 0.1779 - val_loss: 1.8798 - val_accuracy: 0.2068 - 20s/epoch - 3ms/step
Epoch 43/100
6250/6250 - 20s - loss: 2.0260 - accuracy: 0.1796 - val_loss: 1.8808 - val_accuracy: 0.2070 - 20s/epoch - 3ms/step
Epoch 44/100
6250/6250 - 20s - loss: 2.0228 - accuracy: 0.1783 - val_loss: 1.8746 - val_accuracy: 0.2060 - 20s/epoch - 3ms/step
Epoch 45/100
Restoring model weights from the end of the best epoch: 15.
6250/6250 - 20s - loss: 2.0212 - accuracy: 0.1795 - val_loss: 1.8755 - val_accuracy: 0.2083 - 20s/epoch - 3ms/step
Epoch 45: early stopping
313/313 - 1s - loss: 2.2728 - accuracy: 0.2312 - 544ms/epoch - 2ms/step

ACCURACY: 0.23119999468326569


SCORE: -0.445347236278286

[92m | MODULE VALUES ---------------------------------------------  |
 [0m
FLOPS: 8246380
PARAMS: 118842.0
[92m 
 | -----------------------------------------------------------  |
 [0m

--- BANANAS ITERATION 47 / 1000 ---
Chosen point: {'num_neurons': 16, 'unit_c1': 1, 'unit_c2': 3, 'dr_f': 0.3113622185000756, 'learning_rate': 0.0006737304590023517, 'batch_size': 8, 'optimizer': 'SGD', 'activation': 'swish', 'data_augmentation': True, 'reg_l2': False, 'skip_connection': True, 'new_fc_1': 0, 'new_fc_2': 15, 'new_fc_3': 4, 'new_fc_4': 22, 'new_fc_5': 19, 'new_fc_6': 27, 'new_fc_7': 29, 'new_fc_8': 25, 'new_fc_9': 9, 'new_fc_10': 4}
[94m
|  --> START TRAINING ITERATION 21[0m
[INFO] Flags -> DA: True, L2: False, Skip: True
Building model with input_shape=(32, 32, 3), pos_input_shape=None, layer_x_block=2
Model: "model"
__________________________________________________________________________________________________
 Layer (type)                Output Shape                 Param #   Connected to                  
==================================================================================================
 input_2 (InputLayer)        [(None, 32, 32, 3)]          0         []                            
                                                                                                  
 conv2d (Conv2D)             (None, 32, 32, 16)           448       ['input_2[0][0]']             
                                                                                                  
 activation (Activation)     (None, 32, 32, 16)           0         ['conv2d[1][0]']              
                                                                                                  
 conv2d_2 (Conv2D)           (None, 32, 32, 16)           64        ['input_2[0][0]']             
                                                                                                  
 conv2d_1 (Conv2D)           (None, 32, 32, 16)           2320      ['activation[1][0]']          
                                                                                                  
 add (Add)                   (None, 32, 32, 16)           0         ['conv2d_2[1][0]',            
                                                                     'conv2d_1[1][0]']            
                                                                                                  
 activation_1 (Activation)   (None, 32, 32, 16)           0         ['add[1][0]']                 
                                                                                                  
 max_pooling2d (MaxPooling2  (None, 16, 16, 16)           0         ['activation_1[1][0]']        
 D)                                                                                               
                                                                                                  
 conv2d_3 (Conv2D)           (None, 16, 16, 48)           6960      ['max_pooling2d[1][0]']       
                                                                                                  
 activation_2 (Activation)   (None, 16, 16, 48)           0         ['conv2d_3[1][0]']            
                                                                                                  
 conv2d_5 (Conv2D)           (None, 16, 16, 48)           816       ['max_pooling2d[1][0]']       
                                                                                                  
 conv2d_4 (Conv2D)           (None, 16, 16, 48)           20784     ['activation_2[1][0]']        
                                                                                                  
 add_1 (Add)                 (None, 16, 16, 48)           0         ['conv2d_5[1][0]',            
                                                                     'conv2d_4[1][0]']            
                                                                                                  
 activation_3 (Activation)   (None, 16, 16, 48)           0         ['add_1[1][0]']               
                                                                                                  
 max_pooling2d_1 (MaxPoolin  (None, 8, 8, 48)             0         ['activation_3[1][0]']        
 g2D)                                                                                             
                                                                                                  
 flatten (Flatten)           (None, 3072)                 0         ['max_pooling2d_1[1][0]']     
                                                                                                  
 dense (Dense)               (None, 240)                  737520    ['flatten[1][0]']             
                                                                                                  
 activation_4 (Activation)   (None, 240)                  0         ['dense[1][0]']               
                                                                                                  
 dropout (Dropout)           (None, 240)                  0         ['activation_4[1][0]']        
                                                                                                  
 dense_1 (Dense)             (None, 64)                   15424     ['dropout[1][0]']             
                                                                                                  
 activation_5 (Activation)   (None, 64)                   0         ['dense_1[1][0]']             
                                                                                                  
 dropout_1 (Dropout)         (None, 64)                   0         ['activation_5[1][0]']        
                                                                                                  
 dense_2 (Dense)             (None, 352)                  22880     ['dropout_1[1][0]']           
                                                                                                  
 activation_6 (Activation)   (None, 352)                  0         ['dense_2[1][0]']             
                                                                                                  
 dropout_2 (Dropout)         (None, 352)                  0         ['activation_6[1][0]']        
                                                                                                  
 dense_3 (Dense)             (None, 304)                  107312    ['dropout_2[1][0]']           
                                                                                                  
 activation_7 (Activation)   (None, 304)                  0         ['dense_3[1][0]']             
                                                                                                  
 dropout_3 (Dropout)         (None, 304)                  0         ['activation_7[1][0]']        
                                                                                                  
 dense_4 (Dense)             (None, 432)                  131760    ['dropout_3[1][0]']           
                                                                                                  
 activation_8 (Activation)   (None, 432)                  0         ['dense_4[1][0]']             
                                                                                                  
 dropout_4 (Dropout)         (None, 432)                  0         ['activation_8[1][0]']        
                                                                                                  
 dense_5 (Dense)             (None, 464)                  200912    ['dropout_4[1][0]']           
                                                                                                  
 activation_9 (Activation)   (None, 464)                  0         ['dense_5[1][0]']             
                                                                                                  
 dropout_5 (Dropout)         (None, 464)                  0         ['activation_9[1][0]']        
                                                                                                  
 dense_6 (Dense)             (None, 400)                  186000    ['dropout_5[1][0]']           
                                                                                                  
 activation_10 (Activation)  (None, 400)                  0         ['dense_6[1][0]']             
                                                                                                  
 dropout_6 (Dropout)         (None, 400)                  0         ['activation_10[1][0]']       
                                                                                                  
 dense_7 (Dense)             (None, 144)                  57744     ['dropout_6[1][0]']           
                                                                                                  
 activation_11 (Activation)  (None, 144)                  0         ['dense_7[1][0]']             
                                                                                                  
 dropout_7 (Dropout)         (None, 144)                  0         ['activation_11[1][0]']       
                                                                                                  
 dense_8 (Dense)             (None, 64)                   9280      ['dropout_7[1][0]']           
                                                                                                  
 activation_12 (Activation)  (None, 64)                   0         ['dense_8[1][0]']             
                                                                                                  
 dropout_8 (Dropout)         (None, 64)                   0         ['activation_12[1][0]']       
                                                                                                  
 dense_9 (Dense)             (None, 10)                   650       ['dropout_8[1][0]']           
                                                                                                  
==================================================================================================
Total params: 1500874 (5.73 MB)
Trainable params: 1500874 (5.73 MB)
Non-trainable params: 0 (0.00 Byte)
__________________________________________________________________________________________________
Epoch 1/100
6250/6250 - 24s - loss: 2.3026 - accuracy: 0.0981 - val_loss: 2.3026 - val_accuracy: 0.1000 - 24s/epoch - 4ms/step
Epoch 2/100
6250/6250 - 22s - loss: 2.3026 - accuracy: 0.0985 - val_loss: 2.3026 - val_accuracy: 0.1000 - 22s/epoch - 4ms/step
Epoch 3/100
6250/6250 - 22s - loss: 2.3026 - accuracy: 0.0991 - val_loss: 2.3026 - val_accuracy: 0.1000 - 22s/epoch - 4ms/step
Epoch 4/100
6250/6250 - 22s - loss: 2.3026 - accuracy: 0.0986 - val_loss: 2.3026 - val_accuracy: 0.1000 - 22s/epoch - 4ms/step
Epoch 5/100
6250/6250 - 22s - loss: 2.3026 - accuracy: 0.0995 - val_loss: 2.3026 - val_accuracy: 0.1026 - 22s/epoch - 4ms/step
Epoch 6/100
6250/6250 - 22s - loss: 2.3026 - accuracy: 0.0963 - val_loss: 2.3026 - val_accuracy: 0.1107 - 22s/epoch - 4ms/step
Epoch 7/100
6250/6250 - 22s - loss: 2.3026 - accuracy: 0.0989 - val_loss: 2.3026 - val_accuracy: 0.1000 - 22s/epoch - 4ms/step
Epoch 8/100
6250/6250 - 22s - loss: 2.3026 - accuracy: 0.0989 - val_loss: 2.3026 - val_accuracy: 0.1060 - 22s/epoch - 4ms/step
Epoch 9/100
6250/6250 - 22s - loss: 2.3026 - accuracy: 0.0982 - val_loss: 2.3026 - val_accuracy: 0.1073 - 22s/epoch - 4ms/step
Epoch 10/100
6250/6250 - 22s - loss: 2.3026 - accuracy: 0.0988 - val_loss: 2.3026 - val_accuracy: 0.1000 - 22s/epoch - 4ms/step
Epoch 11/100
6250/6250 - 22s - loss: 2.3026 - accuracy: 0.1014 - val_loss: 2.3026 - val_accuracy: 0.1000 - 22s/epoch - 4ms/step
Epoch 12/100
6250/6250 - 22s - loss: 2.3026 - accuracy: 0.1005 - val_loss: 2.3026 - val_accuracy: 0.1185 - 22s/epoch - 4ms/step
Epoch 13/100
6250/6250 - 22s - loss: 2.3026 - accuracy: 0.1027 - val_loss: 2.3026 - val_accuracy: 0.1000 - 22s/epoch - 4ms/step
Epoch 14/100
6250/6250 - 22s - loss: 2.3026 - accuracy: 0.1001 - val_loss: 2.3026 - val_accuracy: 0.1000 - 22s/epoch - 4ms/step
Epoch 15/100
6250/6250 - 22s - loss: 2.3026 - accuracy: 0.1008 - val_loss: 2.3026 - val_accuracy: 0.1121 - 22s/epoch - 4ms/step
Epoch 16/100
6250/6250 - 22s - loss: 2.3026 - accuracy: 0.0987 - val_loss: 2.3025 - val_accuracy: 0.1004 - 22s/epoch - 4ms/step
Epoch 17/100
6250/6250 - 22s - loss: 2.3026 - accuracy: 0.0989 - val_loss: 2.3025 - val_accuracy: 0.1000 - 22s/epoch - 4ms/step
Epoch 18/100
6250/6250 - 22s - loss: 2.3026 - accuracy: 0.0991 - val_loss: 2.3025 - val_accuracy: 0.1002 - 22s/epoch - 4ms/step
Epoch 19/100
6250/6250 - 22s - loss: 2.3026 - accuracy: 0.1001 - val_loss: 2.3025 - val_accuracy: 0.1245 - 22s/epoch - 4ms/step
Epoch 20/100
6250/6250 - 22s - loss: 2.3026 - accuracy: 0.0982 - val_loss: 2.3025 - val_accuracy: 0.1000 - 22s/epoch - 4ms/step
Epoch 21/100
6250/6250 - 22s - loss: 2.3026 - accuracy: 0.1002 - val_loss: 2.3025 - val_accuracy: 0.1002 - 22s/epoch - 4ms/step
Epoch 22/100
6250/6250 - 22s - loss: 2.3026 - accuracy: 0.1000 - val_loss: 2.3025 - val_accuracy: 0.1000 - 22s/epoch - 3ms/step
Epoch 23/100
6250/6250 - 21s - loss: 2.3026 - accuracy: 0.1000 - val_loss: 2.3025 - val_accuracy: 0.1000 - 21s/epoch - 3ms/step
Epoch 24/100
6250/6250 - 22s - loss: 2.3026 - accuracy: 0.0995 - val_loss: 2.3025 - val_accuracy: 0.1000 - 22s/epoch - 4ms/step
Epoch 25/100
6250/6250 - 23s - loss: 2.3026 - accuracy: 0.0994 - val_loss: 2.3025 - val_accuracy: 0.1413 - 23s/epoch - 4ms/step
Epoch 26/100
6250/6250 - 22s - loss: 2.3026 - accuracy: 0.1005 - val_loss: 2.3025 - val_accuracy: 0.1000 - 22s/epoch - 4ms/step
Epoch 27/100
6250/6250 - 23s - loss: 2.3026 - accuracy: 0.0993 - val_loss: 2.3025 - val_accuracy: 0.1189 - 23s/epoch - 4ms/step
Epoch 28/100
6250/6250 - 23s - loss: 2.3026 - accuracy: 0.0996 - val_loss: 2.3025 - val_accuracy: 0.0999 - 23s/epoch - 4ms/step
Epoch 29/100
6250/6250 - 21s - loss: 2.3026 - accuracy: 0.1014 - val_loss: 2.3025 - val_accuracy: 0.1000 - 21s/epoch - 3ms/step
Epoch 30/100
6250/6250 - 22s - loss: 2.3026 - accuracy: 0.0980 - val_loss: 2.3025 - val_accuracy: 0.1067 - 22s/epoch - 4ms/step
Epoch 31/100
6250/6250 - 23s - loss: 2.3025 - accuracy: 0.1020 - val_loss: 2.3025 - val_accuracy: 0.1000 - 23s/epoch - 4ms/step
Epoch 32/100
6250/6250 - 23s - loss: 2.3026 - accuracy: 0.0996 - val_loss: 2.3025 - val_accuracy: 0.1000 - 23s/epoch - 4ms/step
Epoch 33/100
6250/6250 - 22s - loss: 2.3026 - accuracy: 0.0995 - val_loss: 2.3025 - val_accuracy: 0.1000 - 22s/epoch - 4ms/step
Epoch 34/100
6250/6250 - 23s - loss: 2.3026 - accuracy: 0.0997 - val_loss: 2.3025 - val_accuracy: 0.1579 - 23s/epoch - 4ms/step
Epoch 35/100
6250/6250 - 22s - loss: 2.3026 - accuracy: 0.1028 - val_loss: 2.3025 - val_accuracy: 0.1000 - 22s/epoch - 4ms/step
Epoch 36/100
6250/6250 - 23s - loss: 2.3026 - accuracy: 0.1027 - val_loss: 2.3025 - val_accuracy: 0.1037 - 23s/epoch - 4ms/step
Epoch 37/100
6250/6250 - 23s - loss: 2.3026 - accuracy: 0.1000 - val_loss: 2.3025 - val_accuracy: 0.1010 - 23s/epoch - 4ms/step
Epoch 38/100
6250/6250 - 23s - loss: 2.3025 - accuracy: 0.1010 - val_loss: 2.3025 - val_accuracy: 0.1037 - 23s/epoch - 4ms/step
Epoch 39/100
6250/6250 - 23s - loss: 2.3025 - accuracy: 0.1002 - val_loss: 2.3025 - val_accuracy: 0.1073 - 23s/epoch - 4ms/step
Epoch 40/100
6250/6250 - 23s - loss: 2.3025 - accuracy: 0.1016 - val_loss: 2.3025 - val_accuracy: 0.1382 - 23s/epoch - 4ms/step
Epoch 41/100
6250/6250 - 23s - loss: 2.3026 - accuracy: 0.1025 - val_loss: 2.3025 - val_accuracy: 0.1043 - 23s/epoch - 4ms/step
Epoch 42/100
6250/6250 - 23s - loss: 2.3025 - accuracy: 0.1028 - val_loss: 2.3025 - val_accuracy: 0.1000 - 23s/epoch - 4ms/step
Epoch 43/100
6250/6250 - 23s - loss: 2.3025 - accuracy: 0.1042 - val_loss: 2.3025 - val_accuracy: 0.1001 - 23s/epoch - 4ms/step
Epoch 44/100
6250/6250 - 23s - loss: 2.3025 - accuracy: 0.1031 - val_loss: 2.3025 - val_accuracy: 0.1267 - 23s/epoch - 4ms/step
Epoch 45/100
6250/6250 - 23s - loss: 2.3025 - accuracy: 0.1011 - val_loss: 2.3025 - val_accuracy: 0.1156 - 23s/epoch - 4ms/step
Epoch 46/100
6250/6250 - 23s - loss: 2.3025 - accuracy: 0.1033 - val_loss: 2.3025 - val_accuracy: 0.1092 - 23s/epoch - 4ms/step
Epoch 47/100
6250/6250 - 23s - loss: 2.3025 - accuracy: 0.1005 - val_loss: 2.3024 - val_accuracy: 0.1022 - 23s/epoch - 4ms/step
Epoch 48/100
6250/6250 - 23s - loss: 2.3025 - accuracy: 0.1028 - val_loss: 2.3024 - val_accuracy: 0.1000 - 23s/epoch - 4ms/step
Epoch 49/100
6250/6250 - 23s - loss: 2.3025 - accuracy: 0.1020 - val_loss: 2.3024 - val_accuracy: 0.1203 - 23s/epoch - 4ms/step
Epoch 50/100
6250/6250 - 23s - loss: 2.3025 - accuracy: 0.1020 - val_loss: 2.3024 - val_accuracy: 0.1478 - 23s/epoch - 4ms/step
Epoch 51/100
6250/6250 - 23s - loss: 2.3025 - accuracy: 0.1032 - val_loss: 2.3024 - val_accuracy: 0.1000 - 23s/epoch - 4ms/step
Epoch 52/100
6250/6250 - 23s - loss: 2.3025 - accuracy: 0.1050 - val_loss: 2.3024 - val_accuracy: 0.1019 - 23s/epoch - 4ms/step
Epoch 53/100
6250/6250 - 23s - loss: 2.3025 - accuracy: 0.1033 - val_loss: 2.3024 - val_accuracy: 0.1000 - 23s/epoch - 4ms/step
Epoch 54/100
6250/6250 - 23s - loss: 2.3025 - accuracy: 0.1050 - val_loss: 2.3024 - val_accuracy: 0.1188 - 23s/epoch - 4ms/step
Epoch 55/100
6250/6250 - 22s - loss: 2.3024 - accuracy: 0.1052 - val_loss: 2.3024 - val_accuracy: 0.1234 - 22s/epoch - 4ms/step
Epoch 56/100
6250/6250 - 21s - loss: 2.3025 - accuracy: 0.1041 - val_loss: 2.3024 - val_accuracy: 0.1028 - 21s/epoch - 3ms/step
Epoch 57/100
6250/6250 - 21s - loss: 2.3025 - accuracy: 0.1050 - val_loss: 2.3024 - val_accuracy: 0.1000 - 21s/epoch - 3ms/step
Epoch 58/100
6250/6250 - 23s - loss: 2.3024 - accuracy: 0.1063 - val_loss: 2.3024 - val_accuracy: 0.1038 - 23s/epoch - 4ms/step
Epoch 59/100
6250/6250 - 22s - loss: 2.3024 - accuracy: 0.1037 - val_loss: 2.3023 - val_accuracy: 0.1184 - 22s/epoch - 4ms/step
Epoch 60/100
6250/6250 - 23s - loss: 2.3024 - accuracy: 0.1048 - val_loss: 2.3023 - val_accuracy: 0.1000 - 23s/epoch - 4ms/step
Epoch 61/100
6250/6250 - 22s - loss: 2.3024 - accuracy: 0.1052 - val_loss: 2.3023 - val_accuracy: 0.1252 - 22s/epoch - 4ms/step
Epoch 62/100
6250/6250 - 22s - loss: 2.3024 - accuracy: 0.1042 - val_loss: 2.3023 - val_accuracy: 0.1001 - 22s/epoch - 4ms/step
Epoch 63/100
6250/6250 - 22s - loss: 2.3024 - accuracy: 0.1044 - val_loss: 2.3023 - val_accuracy: 0.1235 - 22s/epoch - 4ms/step
Epoch 64/100
Restoring model weights from the end of the best epoch: 34.
6250/6250 - 23s - loss: 2.3023 - accuracy: 0.1086 - val_loss: 2.3022 - val_accuracy: 0.1291 - 23s/epoch - 4ms/step
Epoch 64: early stopping
313/313 - 1s - loss: 2.3025 - accuracy: 0.1579 - 956ms/epoch - 3ms/step

ACCURACY: 0.15790000557899475


SCORE: -0.3636297239052963

[92m | MODULE VALUES ---------------------------------------------  |
 [0m
FLOPS: 23450140
PARAMS: 1500874.0
[92m 
 | -----------------------------------------------------------  |
 [0m

--- BANANAS ITERATION 48 / 1000 ---
Chosen point: {'num_neurons': 4, 'unit_c1': 1, 'unit_c2': 6, 'dr_f': 0.29029523808013324, 'learning_rate': 0.00010576699561605911, 'batch_size': 32, 'optimizer': 'SGD', 'activation': 'selu', 'data_augmentation': True, 'reg_l2': False, 'skip_connection': True, 'new_fc_1': 0, 'new_fc_2': 6, 'new_fc_3': 7, 'new_fc_4': 27, 'new_fc_5': 29, 'new_fc_6': 19, 'new_fc_7': 28, 'new_fc_8': 18, 'new_fc_9': 30, 'new_fc_10': 30}
[94m
|  --> START TRAINING ITERATION 22[0m
[INFO] Flags -> DA: True, L2: False, Skip: True
Building model with input_shape=(32, 32, 3), pos_input_shape=None, layer_x_block=2
Model: "model"
__________________________________________________________________________________________________
 Layer (type)                Output Shape                 Param #   Connected to                  
==================================================================================================
 input_2 (InputLayer)        [(None, 32, 32, 3)]          0         []                            
                                                                                                  
 conv2d (Conv2D)             (None, 32, 32, 4)            112       ['input_2[0][0]']             
                                                                                                  
 activation (Activation)     (None, 32, 32, 4)            0         ['conv2d[1][0]']              
                                                                                                  
 conv2d_2 (Conv2D)           (None, 32, 32, 4)            16        ['input_2[0][0]']             
                                                                                                  
 conv2d_1 (Conv2D)           (None, 32, 32, 4)            148       ['activation[1][0]']          
                                                                                                  
 add (Add)                   (None, 32, 32, 4)            0         ['conv2d_2[1][0]',            
                                                                     'conv2d_1[1][0]']            
                                                                                                  
 activation_1 (Activation)   (None, 32, 32, 4)            0         ['add[1][0]']                 
                                                                                                  
 max_pooling2d (MaxPooling2  (None, 16, 16, 4)            0         ['activation_1[1][0]']        
 D)                                                                                               
                                                                                                  
 conv2d_3 (Conv2D)           (None, 16, 16, 24)           888       ['max_pooling2d[1][0]']       
                                                                                                  
 activation_2 (Activation)   (None, 16, 16, 24)           0         ['conv2d_3[1][0]']            
                                                                                                  
 conv2d_5 (Conv2D)           (None, 16, 16, 24)           120       ['max_pooling2d[1][0]']       
                                                                                                  
 conv2d_4 (Conv2D)           (None, 16, 16, 24)           5208      ['activation_2[1][0]']        
                                                                                                  
 add_1 (Add)                 (None, 16, 16, 24)           0         ['conv2d_5[1][0]',            
                                                                     'conv2d_4[1][0]']            
                                                                                                  
 activation_3 (Activation)   (None, 16, 16, 24)           0         ['add_1[1][0]']               
                                                                                                  
 max_pooling2d_1 (MaxPoolin  (None, 8, 8, 24)             0         ['activation_3[1][0]']        
 g2D)                                                                                             
                                                                                                  
 flatten (Flatten)           (None, 1536)                 0         ['max_pooling2d_1[1][0]']     
                                                                                                  
 dense (Dense)               (None, 24)                   36888     ['flatten[1][0]']             
                                                                                                  
 activation_4 (Activation)   (None, 24)                   0         ['dense[1][0]']               
                                                                                                  
 dropout (Dropout)           (None, 24)                   0         ['activation_4[1][0]']        
                                                                                                  
 dense_1 (Dense)             (None, 28)                   700       ['dropout[1][0]']             
                                                                                                  
 activation_5 (Activation)   (None, 28)                   0         ['dense_1[1][0]']             
                                                                                                  
 dropout_1 (Dropout)         (None, 28)                   0         ['activation_5[1][0]']        
                                                                                                  
 dense_2 (Dense)             (None, 108)                  3132      ['dropout_1[1][0]']           
                                                                                                  
 activation_6 (Activation)   (None, 108)                  0         ['dense_2[1][0]']             
                                                                                                  
 dropout_2 (Dropout)         (None, 108)                  0         ['activation_6[1][0]']        
                                                                                                  
 dense_3 (Dense)             (None, 116)                  12644     ['dropout_2[1][0]']           
                                                                                                  
 activation_7 (Activation)   (None, 116)                  0         ['dense_3[1][0]']             
                                                                                                  
 dropout_3 (Dropout)         (None, 116)                  0         ['activation_7[1][0]']        
                                                                                                  
 dense_4 (Dense)             (None, 76)                   8892      ['dropout_3[1][0]']           
                                                                                                  
 activation_8 (Activation)   (None, 76)                   0         ['dense_4[1][0]']             
                                                                                                  
 dropout_4 (Dropout)         (None, 76)                   0         ['activation_8[1][0]']        
                                                                                                  
 dense_5 (Dense)             (None, 112)                  8624      ['dropout_4[1][0]']           
                                                                                                  
 activation_9 (Activation)   (None, 112)                  0         ['dense_5[1][0]']             
                                                                                                  
 dropout_5 (Dropout)         (None, 112)                  0         ['activation_9[1][0]']        
                                                                                                  
 dense_6 (Dense)             (None, 72)                   8136      ['dropout_5[1][0]']           
                                                                                                  
 activation_10 (Activation)  (None, 72)                   0         ['dense_6[1][0]']             
                                                                                                  
 dropout_6 (Dropout)         (None, 72)                   0         ['activation_10[1][0]']       
                                                                                                  
 dense_7 (Dense)             (None, 120)                  8760      ['dropout_6[1][0]']           
                                                                                                  
 activation_11 (Activation)  (None, 120)                  0         ['dense_7[1][0]']             
                                                                                                  
 dropout_7 (Dropout)         (None, 120)                  0         ['activation_11[1][0]']       
                                                                                                  
 dense_8 (Dense)             (None, 120)                  14520     ['dropout_7[1][0]']           
                                                                                                  
 activation_12 (Activation)  (None, 120)                  0         ['dense_8[1][0]']             
                                                                                                  
 dropout_8 (Dropout)         (None, 120)                  0         ['activation_12[1][0]']       
                                                                                                  
 dense_9 (Dense)             (None, 10)                   1210      ['dropout_8[1][0]']           
                                                                                                  
==================================================================================================
Total params: 109998 (429.68 KB)
Trainable params: 109998 (429.68 KB)
Non-trainable params: 0 (0.00 Byte)
__________________________________________________________________________________________________
Epoch 1/100
1563/1563 - 8s - loss: 3.5910 - accuracy: 0.1020 - val_loss: 2.3083 - val_accuracy: 0.1589 - 8s/epoch - 5ms/step
Epoch 2/100
1563/1563 - 5s - loss: 3.1367 - accuracy: 0.1128 - val_loss: 2.1666 - val_accuracy: 0.2019 - 5s/epoch - 3ms/step
Epoch 3/100
1563/1563 - 5s - loss: 2.9547 - accuracy: 0.1215 - val_loss: 2.1010 - val_accuracy: 0.2179 - 5s/epoch - 3ms/step
Epoch 4/100
1563/1563 - 5s - loss: 2.8438 - accuracy: 0.1265 - val_loss: 2.0584 - val_accuracy: 0.2299 - 5s/epoch - 3ms/step
Epoch 5/100
1563/1563 - 5s - loss: 2.7489 - accuracy: 0.1331 - val_loss: 2.0336 - val_accuracy: 0.2292 - 5s/epoch - 4ms/step
Epoch 6/100
1563/1563 - 5s - loss: 2.6696 - accuracy: 0.1403 - val_loss: 2.0159 - val_accuracy: 0.2311 - 5s/epoch - 3ms/step
Epoch 7/100
1563/1563 - 5s - loss: 2.6147 - accuracy: 0.1445 - val_loss: 2.0073 - val_accuracy: 0.2253 - 5s/epoch - 3ms/step
Epoch 8/100
1563/1563 - 5s - loss: 2.5659 - accuracy: 0.1497 - val_loss: 1.9697 - val_accuracy: 0.2438 - 5s/epoch - 3ms/step
Epoch 9/100
1563/1563 - 5s - loss: 2.5219 - accuracy: 0.1552 - val_loss: 1.9481 - val_accuracy: 0.2489 - 5s/epoch - 3ms/step
Epoch 10/100
1563/1563 - 5s - loss: 2.4699 - accuracy: 0.1601 - val_loss: 1.9286 - val_accuracy: 0.2656 - 5s/epoch - 3ms/step
Epoch 11/100
1563/1563 - 5s - loss: 2.4454 - accuracy: 0.1618 - val_loss: 1.9127 - val_accuracy: 0.2718 - 5s/epoch - 3ms/step
Epoch 12/100
1563/1563 - 5s - loss: 2.4174 - accuracy: 0.1679 - val_loss: 1.8969 - val_accuracy: 0.2799 - 5s/epoch - 3ms/step
Epoch 13/100
1563/1563 - 5s - loss: 2.3833 - accuracy: 0.1708 - val_loss: 1.8831 - val_accuracy: 0.2825 - 5s/epoch - 3ms/step
Epoch 14/100
1563/1563 - 5s - loss: 2.3459 - accuracy: 0.1787 - val_loss: 1.8808 - val_accuracy: 0.2803 - 5s/epoch - 3ms/step
Epoch 15/100
1563/1563 - 5s - loss: 2.3342 - accuracy: 0.1752 - val_loss: 1.8665 - val_accuracy: 0.2826 - 5s/epoch - 3ms/step
Epoch 16/100
1563/1563 - 5s - loss: 2.3133 - accuracy: 0.1816 - val_loss: 1.8737 - val_accuracy: 0.2779 - 5s/epoch - 3ms/step
Epoch 17/100
1563/1563 - 5s - loss: 2.2855 - accuracy: 0.1849 - val_loss: 1.8501 - val_accuracy: 0.2880 - 5s/epoch - 3ms/step
Epoch 18/100
1563/1563 - 5s - loss: 2.2633 - accuracy: 0.1900 - val_loss: 1.8509 - val_accuracy: 0.2900 - 5s/epoch - 3ms/step
Epoch 19/100
1563/1563 - 5s - loss: 2.2514 - accuracy: 0.1885 - val_loss: 1.8395 - val_accuracy: 0.2868 - 5s/epoch - 3ms/step
Epoch 20/100
1563/1563 - 5s - loss: 2.2319 - accuracy: 0.1950 - val_loss: 1.8246 - val_accuracy: 0.2969 - 5s/epoch - 3ms/step
Epoch 21/100
1563/1563 - 5s - loss: 2.2153 - accuracy: 0.1984 - val_loss: 1.8170 - val_accuracy: 0.2973 - 5s/epoch - 3ms/step
Epoch 22/100
1563/1563 - 5s - loss: 2.2057 - accuracy: 0.1951 - val_loss: 1.8108 - val_accuracy: 0.2981 - 5s/epoch - 3ms/step
Epoch 23/100
1563/1563 - 5s - loss: 2.1872 - accuracy: 0.1993 - val_loss: 1.8156 - val_accuracy: 0.2923 - 5s/epoch - 3ms/step
Epoch 24/100
1563/1563 - 5s - loss: 2.1779 - accuracy: 0.2020 - val_loss: 1.7991 - val_accuracy: 0.2998 - 5s/epoch - 3ms/step
Epoch 25/100
1563/1563 - 5s - loss: 2.1704 - accuracy: 0.2023 - val_loss: 1.7986 - val_accuracy: 0.3014 - 5s/epoch - 3ms/step
Epoch 26/100
1563/1563 - 5s - loss: 2.1503 - accuracy: 0.2080 - val_loss: 1.7950 - val_accuracy: 0.3074 - 5s/epoch - 3ms/step
Epoch 27/100
1563/1563 - 5s - loss: 2.1449 - accuracy: 0.2059 - val_loss: 1.7928 - val_accuracy: 0.2981 - 5s/epoch - 3ms/step
Epoch 28/100
1563/1563 - 5s - loss: 2.1297 - accuracy: 0.2117 - val_loss: 1.7884 - val_accuracy: 0.3020 - 5s/epoch - 3ms/step
Epoch 29/100
1563/1563 - 5s - loss: 2.1131 - accuracy: 0.2134 - val_loss: 1.7914 - val_accuracy: 0.2937 - 5s/epoch - 3ms/step
Epoch 30/100
1563/1563 - 5s - loss: 2.1116 - accuracy: 0.2129 - val_loss: 1.7734 - val_accuracy: 0.3080 - 5s/epoch - 3ms/step
Epoch 31/100
1563/1563 - 5s - loss: 2.0966 - accuracy: 0.2177 - val_loss: 1.7730 - val_accuracy: 0.3045 - 5s/epoch - 3ms/step
Epoch 32/100
1563/1563 - 5s - loss: 2.0903 - accuracy: 0.2135 - val_loss: 1.7628 - val_accuracy: 0.3118 - 5s/epoch - 3ms/step
Epoch 33/100
1563/1563 - 5s - loss: 2.0858 - accuracy: 0.2178 - val_loss: 1.7592 - val_accuracy: 0.3074 - 5s/epoch - 3ms/step
Epoch 34/100
1563/1563 - 5s - loss: 2.0734 - accuracy: 0.2202 - val_loss: 1.7997 - val_accuracy: 0.3053 - 5s/epoch - 3ms/step
Epoch 35/100
1563/1563 - 5s - loss: 2.0635 - accuracy: 0.2193 - val_loss: 1.7709 - val_accuracy: 0.3118 - 5s/epoch - 3ms/step
Epoch 36/100
1563/1563 - 5s - loss: 2.0585 - accuracy: 0.2218 - val_loss: 1.7494 - val_accuracy: 0.3130 - 5s/epoch - 3ms/step
Epoch 37/100
1563/1563 - 5s - loss: 2.0556 - accuracy: 0.2229 - val_loss: 1.7497 - val_accuracy: 0.3143 - 5s/epoch - 3ms/step
Epoch 38/100
1563/1563 - 5s - loss: 2.0425 - accuracy: 0.2256 - val_loss: 1.7430 - val_accuracy: 0.3132 - 5s/epoch - 3ms/step
Epoch 39/100
1563/1563 - 5s - loss: 2.0380 - accuracy: 0.2248 - val_loss: 1.7402 - val_accuracy: 0.3124 - 5s/epoch - 3ms/step
Epoch 40/100
1563/1563 - 5s - loss: 2.0246 - accuracy: 0.2262 - val_loss: 1.7396 - val_accuracy: 0.3150 - 5s/epoch - 3ms/step
Epoch 41/100
1563/1563 - 5s - loss: 2.0234 - accuracy: 0.2288 - val_loss: 1.7380 - val_accuracy: 0.3148 - 5s/epoch - 3ms/step
Epoch 42/100
1563/1563 - 5s - loss: 2.0160 - accuracy: 0.2306 - val_loss: 1.7405 - val_accuracy: 0.3187 - 5s/epoch - 3ms/step
Epoch 43/100
1563/1563 - 5s - loss: 2.0141 - accuracy: 0.2286 - val_loss: 1.7392 - val_accuracy: 0.3216 - 5s/epoch - 3ms/step
Epoch 44/100
1563/1563 - 5s - loss: 2.0023 - accuracy: 0.2347 - val_loss: 1.7259 - val_accuracy: 0.3209 - 5s/epoch - 3ms/step
Epoch 45/100
1563/1563 - 5s - loss: 2.0005 - accuracy: 0.2347 - val_loss: 1.7204 - val_accuracy: 0.3228 - 5s/epoch - 3ms/step
Epoch 46/100
1563/1563 - 5s - loss: 1.9889 - accuracy: 0.2352 - val_loss: 1.7294 - val_accuracy: 0.3198 - 5s/epoch - 3ms/step
Epoch 47/100
1563/1563 - 5s - loss: 1.9868 - accuracy: 0.2353 - val_loss: 1.7668 - val_accuracy: 0.3096 - 5s/epoch - 3ms/step
Epoch 48/100
1563/1563 - 5s - loss: 1.9861 - accuracy: 0.2372 - val_loss: 1.7110 - val_accuracy: 0.3268 - 5s/epoch - 3ms/step
Epoch 49/100
1563/1563 - 5s - loss: 1.9824 - accuracy: 0.2382 - val_loss: 1.7148 - val_accuracy: 0.3250 - 5s/epoch - 3ms/step
Epoch 50/100
1563/1563 - 5s - loss: 1.9768 - accuracy: 0.2359 - val_loss: 1.7217 - val_accuracy: 0.3306 - 5s/epoch - 3ms/step
Epoch 51/100
1563/1563 - 5s - loss: 1.9682 - accuracy: 0.2395 - val_loss: 1.7070 - val_accuracy: 0.3323 - 5s/epoch - 3ms/step
Epoch 52/100
1563/1563 - 5s - loss: 1.9671 - accuracy: 0.2403 - val_loss: 1.7190 - val_accuracy: 0.3313 - 5s/epoch - 3ms/step
Epoch 53/100
1563/1563 - 5s - loss: 1.9585 - accuracy: 0.2411 - val_loss: 1.7048 - val_accuracy: 0.3334 - 5s/epoch - 3ms/step
Epoch 54/100
1563/1563 - 5s - loss: 1.9532 - accuracy: 0.2453 - val_loss: 1.7352 - val_accuracy: 0.3335 - 5s/epoch - 3ms/step
Epoch 55/100
1563/1563 - 5s - loss: 1.9535 - accuracy: 0.2419 - val_loss: 1.7087 - val_accuracy: 0.3359 - 5s/epoch - 3ms/step
Epoch 56/100
1563/1563 - 5s - loss: 1.9522 - accuracy: 0.2426 - val_loss: 1.6943 - val_accuracy: 0.3366 - 5s/epoch - 3ms/step
Epoch 57/100
1563/1563 - 5s - loss: 1.9375 - accuracy: 0.2495 - val_loss: 1.6895 - val_accuracy: 0.3383 - 5s/epoch - 3ms/step
Epoch 58/100
1563/1563 - 5s - loss: 1.9333 - accuracy: 0.2496 - val_loss: 1.7193 - val_accuracy: 0.3294 - 5s/epoch - 3ms/step
Epoch 59/100
1563/1563 - 5s - loss: 1.9351 - accuracy: 0.2464 - val_loss: 1.6921 - val_accuracy: 0.3448 - 5s/epoch - 3ms/step
Epoch 60/100
1563/1563 - 5s - loss: 1.9313 - accuracy: 0.2493 - val_loss: 1.6986 - val_accuracy: 0.3434 - 5s/epoch - 3ms/step
Epoch 61/100
1563/1563 - 5s - loss: 1.9208 - accuracy: 0.2528 - val_loss: 1.6779 - val_accuracy: 0.3469 - 5s/epoch - 3ms/step
Epoch 62/100
1563/1563 - 5s - loss: 1.9244 - accuracy: 0.2517 - val_loss: 1.6792 - val_accuracy: 0.3523 - 5s/epoch - 3ms/step
Epoch 63/100
1563/1563 - 5s - loss: 1.9210 - accuracy: 0.2538 - val_loss: 1.6830 - val_accuracy: 0.3426 - 5s/epoch - 3ms/step
Epoch 64/100
1563/1563 - 5s - loss: 1.9155 - accuracy: 0.2533 - val_loss: 1.6716 - val_accuracy: 0.3504 - 5s/epoch - 3ms/step
Epoch 65/100
1563/1563 - 5s - loss: 1.9128 - accuracy: 0.2564 - val_loss: 1.6695 - val_accuracy: 0.3508 - 5s/epoch - 3ms/step
Epoch 66/100
1563/1563 - 5s - loss: 1.9088 - accuracy: 0.2557 - val_loss: 1.6883 - val_accuracy: 0.3510 - 5s/epoch - 3ms/step
Epoch 67/100
1563/1563 - 5s - loss: 1.9035 - accuracy: 0.2573 - val_loss: 1.6771 - val_accuracy: 0.3524 - 5s/epoch - 3ms/step
Epoch 68/100
1563/1563 - 5s - loss: 1.9006 - accuracy: 0.2620 - val_loss: 1.6910 - val_accuracy: 0.3432 - 5s/epoch - 3ms/step
Epoch 69/100
1563/1563 - 5s - loss: 1.8959 - accuracy: 0.2595 - val_loss: 1.7158 - val_accuracy: 0.3367 - 5s/epoch - 3ms/step
Epoch 70/100
1563/1563 - 5s - loss: 1.8952 - accuracy: 0.2609 - val_loss: 1.6624 - val_accuracy: 0.3589 - 5s/epoch - 3ms/step
Epoch 71/100
1563/1563 - 5s - loss: 1.8904 - accuracy: 0.2601 - val_loss: 1.6558 - val_accuracy: 0.3589 - 5s/epoch - 3ms/step
Epoch 72/100
1563/1563 - 5s - loss: 1.8925 - accuracy: 0.2612 - val_loss: 1.6568 - val_accuracy: 0.3648 - 5s/epoch - 3ms/step
Epoch 73/100
1563/1563 - 5s - loss: 1.8909 - accuracy: 0.2606 - val_loss: 1.6917 - val_accuracy: 0.3443 - 5s/epoch - 3ms/step
Epoch 74/100
1563/1563 - 5s - loss: 1.8797 - accuracy: 0.2636 - val_loss: 1.6497 - val_accuracy: 0.3628 - 5s/epoch - 3ms/step
Epoch 75/100
1563/1563 - 5s - loss: 1.8783 - accuracy: 0.2646 - val_loss: 1.6483 - val_accuracy: 0.3612 - 5s/epoch - 3ms/step
Epoch 76/100
1563/1563 - 5s - loss: 1.8747 - accuracy: 0.2686 - val_loss: 1.6546 - val_accuracy: 0.3578 - 5s/epoch - 3ms/step
Epoch 77/100
1563/1563 - 5s - loss: 1.8717 - accuracy: 0.2679 - val_loss: 1.6484 - val_accuracy: 0.3621 - 5s/epoch - 3ms/step
Epoch 78/100
1563/1563 - 5s - loss: 1.8728 - accuracy: 0.2672 - val_loss: 1.6499 - val_accuracy: 0.3639 - 5s/epoch - 3ms/step
Epoch 79/100
1563/1563 - 5s - loss: 1.8681 - accuracy: 0.2704 - val_loss: 1.6858 - val_accuracy: 0.3469 - 5s/epoch - 3ms/step
Epoch 80/100
1563/1563 - 5s - loss: 1.8633 - accuracy: 0.2721 - val_loss: 1.6360 - val_accuracy: 0.3661 - 5s/epoch - 3ms/step
Epoch 81/100
1563/1563 - 5s - loss: 1.8595 - accuracy: 0.2708 - val_loss: 1.6335 - val_accuracy: 0.3695 - 5s/epoch - 3ms/step
Epoch 82/100
1563/1563 - 5s - loss: 1.8627 - accuracy: 0.2709 - val_loss: 1.6389 - val_accuracy: 0.3685 - 5s/epoch - 3ms/step
Epoch 83/100
1563/1563 - 5s - loss: 1.8574 - accuracy: 0.2752 - val_loss: 1.6357 - val_accuracy: 0.3625 - 5s/epoch - 3ms/step
Epoch 84/100
1563/1563 - 5s - loss: 1.8549 - accuracy: 0.2739 - val_loss: 1.6632 - val_accuracy: 0.3652 - 5s/epoch - 3ms/step
Epoch 85/100
1563/1563 - 5s - loss: 1.8549 - accuracy: 0.2743 - val_loss: 1.6292 - val_accuracy: 0.3708 - 5s/epoch - 3ms/step
Epoch 86/100
1563/1563 - 5s - loss: 1.8504 - accuracy: 0.2748 - val_loss: 1.6346 - val_accuracy: 0.3659 - 5s/epoch - 3ms/step
Epoch 87/100
1563/1563 - 5s - loss: 1.8479 - accuracy: 0.2749 - val_loss: 1.6227 - val_accuracy: 0.3717 - 5s/epoch - 3ms/step
Epoch 88/100
1563/1563 - 5s - loss: 1.8440 - accuracy: 0.2775 - val_loss: 1.6310 - val_accuracy: 0.3705 - 5s/epoch - 3ms/step
Epoch 89/100
1563/1563 - 5s - loss: 1.8384 - accuracy: 0.2816 - val_loss: 1.6269 - val_accuracy: 0.3726 - 5s/epoch - 3ms/step
Epoch 90/100
1563/1563 - 5s - loss: 1.8352 - accuracy: 0.2797 - val_loss: 1.6534 - val_accuracy: 0.3639 - 5s/epoch - 3ms/step
Epoch 91/100
1563/1563 - 5s - loss: 1.8387 - accuracy: 0.2789 - val_loss: 1.6817 - val_accuracy: 0.3588 - 5s/epoch - 3ms/step
Epoch 92/100
1563/1563 - 5s - loss: 1.8323 - accuracy: 0.2812 - val_loss: 1.6365 - val_accuracy: 0.3674 - 5s/epoch - 3ms/step
Epoch 93/100
1563/1563 - 5s - loss: 1.8336 - accuracy: 0.2843 - val_loss: 1.6656 - val_accuracy: 0.3599 - 5s/epoch - 3ms/step
Epoch 94/100
1563/1563 - 5s - loss: 1.8280 - accuracy: 0.2825 - val_loss: 1.6163 - val_accuracy: 0.3743 - 5s/epoch - 3ms/step
Epoch 95/100
1563/1563 - 5s - loss: 1.8274 - accuracy: 0.2850 - val_loss: 1.6217 - val_accuracy: 0.3755 - 5s/epoch - 3ms/step
Epoch 96/100
1563/1563 - 5s - loss: 1.8278 - accuracy: 0.2834 - val_loss: 1.6618 - val_accuracy: 0.3683 - 5s/epoch - 3ms/step
Epoch 97/100
1563/1563 - 5s - loss: 1.8234 - accuracy: 0.2857 - val_loss: 1.6067 - val_accuracy: 0.3746 - 5s/epoch - 3ms/step
Epoch 98/100
1563/1563 - 5s - loss: 1.8114 - accuracy: 0.2882 - val_loss: 1.6409 - val_accuracy: 0.3706 - 5s/epoch - 3ms/step
Epoch 99/100
1563/1563 - 5s - loss: 1.8197 - accuracy: 0.2877 - val_loss: 1.6098 - val_accuracy: 0.3769 - 5s/epoch - 3ms/step
Epoch 100/100
1563/1563 - 5s - loss: 1.8119 - accuracy: 0.2909 - val_loss: 1.6084 - val_accuracy: 0.3758 - 5s/epoch - 3ms/step
313/313 - 0s - loss: 1.6084 - accuracy: 0.3758 - 451ms/epoch - 1ms/step

ACCURACY: 0.3758000135421753


SCORE: -0.5551722574795226

[92m | MODULE VALUES ---------------------------------------------  |
 [0m
FLOPS: 3943876
PARAMS: 109998.0
[92m 
 | -----------------------------------------------------------  |
 [0m

--- BANANAS ITERATION 49 / 1000 ---
Chosen point: {'num_neurons': 4, 'unit_c1': 3, 'unit_c2': 4, 'dr_f': 0.36168733486306104, 'learning_rate': 0.0002739471138164116, 'batch_size': 16, 'optimizer': 'SGD', 'activation': 'selu', 'data_augmentation': False, 'reg_l2': False, 'skip_connection': False, 'new_fc_1': 3, 'new_fc_2': 6, 'new_fc_3': 13, 'new_fc_4': 7, 'new_fc_5': 24, 'new_fc_6': 11, 'new_fc_7': 28, 'new_fc_8': 11, 'new_fc_9': 25, 'new_fc_10': 2}
[94m
|  --> START TRAINING ITERATION 23[0m
[INFO] Flags -> DA: False, L2: False, Skip: False
Building model with input_shape=(32, 32, 3), pos_input_shape=None, layer_x_block=2
Model: "model"
_________________________________________________________________
 Layer (type)                Output Shape              Param #   
=================================================================
 input_1 (InputLayer)        [(None, 32, 32, 3)]       0         
                                                                 
 conv2d (Conv2D)             (None, 32, 32, 12)        336       
                                                                 
 activation (Activation)     (None, 32, 32, 12)        0         
                                                                 
 conv2d_1 (Conv2D)           (None, 32, 32, 12)        1308      
                                                                 
 activation_1 (Activation)   (None, 32, 32, 12)        0         
                                                                 
 max_pooling2d (MaxPooling2  (None, 16, 16, 12)        0         
 D)                                                              
                                                                 
 conv2d_2 (Conv2D)           (None, 16, 16, 16)        1744      
                                                                 
 activation_2 (Activation)   (None, 16, 16, 16)        0         
                                                                 
 conv2d_3 (Conv2D)           (None, 16, 16, 16)        2320      
                                                                 
 activation_3 (Activation)   (None, 16, 16, 16)        0         
                                                                 
 max_pooling2d_1 (MaxPoolin  (None, 8, 8, 16)          0         
 g2D)                                                            
                                                                 
 flatten (Flatten)           (None, 1024)              0         
                                                                 
 dense (Dense)               (None, 12)                12300     
                                                                 
 activation_4 (Activation)   (None, 12)                0         
                                                                 
 dropout (Dropout)           (None, 12)                0         
                                                                 
 dense_1 (Dense)             (None, 24)                312       
                                                                 
 activation_5 (Activation)   (None, 24)                0         
                                                                 
 dropout_1 (Dropout)         (None, 24)                0         
                                                                 
 dense_2 (Dense)             (None, 52)                1300      
                                                                 
 activation_6 (Activation)   (None, 52)                0         
                                                                 
 dropout_2 (Dropout)         (None, 52)                0         
                                                                 
 dense_3 (Dense)             (None, 28)                1484      
                                                                 
 activation_7 (Activation)   (None, 28)                0         
                                                                 
 dropout_3 (Dropout)         (None, 28)                0         
                                                                 
 dense_4 (Dense)             (None, 96)                2784      
                                                                 
 activation_8 (Activation)   (None, 96)                0         
                                                                 
 dropout_4 (Dropout)         (None, 96)                0         
                                                                 
 dense_5 (Dense)             (None, 44)                4268      
                                                                 
 activation_9 (Activation)   (None, 44)                0         
                                                                 
 dropout_5 (Dropout)         (None, 44)                0         
                                                                 
 dense_6 (Dense)             (None, 112)               5040      
                                                                 
 activation_10 (Activation)  (None, 112)               0         
                                                                 
 dropout_6 (Dropout)         (None, 112)               0         
                                                                 
 dense_7 (Dense)             (None, 44)                4972      
                                                                 
 activation_11 (Activation)  (None, 44)                0         
                                                                 
 dropout_7 (Dropout)         (None, 44)                0         
                                                                 
 dense_8 (Dense)             (None, 100)               4500      
                                                                 
 activation_12 (Activation)  (None, 100)               0         
                                                                 
 dropout_8 (Dropout)         (None, 100)               0         
                                                                 
 dense_9 (Dense)             (None, 8)                 808       
                                                                 
 activation_13 (Activation)  (None, 8)                 0         
                                                                 
 dropout_9 (Dropout)         (None, 8)                 0         
                                                                 
 dense_10 (Dense)            (None, 10)                90        
                                                                 
=================================================================
Total params: 43566 (170.18 KB)
Trainable params: 43566 (170.18 KB)
Non-trainable params: 0 (0.00 Byte)
_________________________________________________________________
Epoch 1/100
3125/3125 - 11s - loss: 2.9990 - accuracy: 0.1041 - val_loss: 2.2767 - val_accuracy: 0.1512 - 11s/epoch - 3ms/step
Epoch 2/100
3125/3125 - 10s - loss: 2.5915 - accuracy: 0.1057 - val_loss: 2.2610 - val_accuracy: 0.1479 - 10s/epoch - 3ms/step
Epoch 3/100
3125/3125 - 10s - loss: 2.4630 - accuracy: 0.1067 - val_loss: 2.2502 - val_accuracy: 0.1621 - 10s/epoch - 3ms/step
Epoch 4/100
3125/3125 - 10s - loss: 2.4125 - accuracy: 0.1069 - val_loss: 2.2408 - val_accuracy: 0.1608 - 10s/epoch - 3ms/step
Epoch 5/100
3125/3125 - 10s - loss: 2.3657 - accuracy: 0.1153 - val_loss: 2.2017 - val_accuracy: 0.1820 - 10s/epoch - 3ms/step
Epoch 6/100
3125/3125 - 10s - loss: 2.3339 - accuracy: 0.1227 - val_loss: 2.1811 - val_accuracy: 0.1712 - 10s/epoch - 3ms/step
Epoch 7/100
3125/3125 - 10s - loss: 2.3035 - accuracy: 0.1320 - val_loss: 2.1717 - val_accuracy: 0.1616 - 10s/epoch - 3ms/step
Epoch 8/100
3125/3125 - 10s - loss: 2.2765 - accuracy: 0.1405 - val_loss: 2.1115 - val_accuracy: 0.1735 - 10s/epoch - 3ms/step
Epoch 9/100
3125/3125 - 10s - loss: 2.2529 - accuracy: 0.1489 - val_loss: 2.0935 - val_accuracy: 0.1709 - 10s/epoch - 3ms/step
Epoch 10/100
3125/3125 - 10s - loss: 2.2300 - accuracy: 0.1563 - val_loss: 2.0770 - val_accuracy: 0.1844 - 10s/epoch - 3ms/step
Epoch 11/100
3125/3125 - 10s - loss: 2.2093 - accuracy: 0.1571 - val_loss: 2.0744 - val_accuracy: 0.1897 - 10s/epoch - 3ms/step
Epoch 12/100
3125/3125 - 10s - loss: 2.1876 - accuracy: 0.1642 - val_loss: 2.0420 - val_accuracy: 0.1892 - 10s/epoch - 3ms/step
Epoch 13/100
3125/3125 - 10s - loss: 2.1608 - accuracy: 0.1659 - val_loss: 2.0143 - val_accuracy: 0.1882 - 10s/epoch - 3ms/step
Epoch 14/100
3125/3125 - 10s - loss: 2.1425 - accuracy: 0.1685 - val_loss: 1.9874 - val_accuracy: 0.1945 - 10s/epoch - 3ms/step
Epoch 15/100
3125/3125 - 10s - loss: 2.1099 - accuracy: 0.1710 - val_loss: 1.9651 - val_accuracy: 0.1915 - 10s/epoch - 3ms/step
Epoch 16/100
3125/3125 - 10s - loss: 2.0906 - accuracy: 0.1708 - val_loss: 1.9527 - val_accuracy: 0.1940 - 10s/epoch - 3ms/step
Epoch 17/100
3125/3125 - 10s - loss: 2.0695 - accuracy: 0.1730 - val_loss: 1.9684 - val_accuracy: 0.1878 - 10s/epoch - 3ms/step
Epoch 18/100
3125/3125 - 10s - loss: 2.0522 - accuracy: 0.1743 - val_loss: 1.9411 - val_accuracy: 0.1913 - 10s/epoch - 3ms/step
Epoch 19/100
3125/3125 - 10s - loss: 2.0388 - accuracy: 0.1720 - val_loss: 1.9218 - val_accuracy: 0.1912 - 10s/epoch - 3ms/step
Epoch 20/100
3125/3125 - 10s - loss: 2.0220 - accuracy: 0.1758 - val_loss: 1.9298 - val_accuracy: 0.2005 - 10s/epoch - 3ms/step
Epoch 21/100
3125/3125 - 10s - loss: 2.0162 - accuracy: 0.1759 - val_loss: 1.9401 - val_accuracy: 0.1911 - 10s/epoch - 3ms/step
Epoch 22/100
3125/3125 - 10s - loss: 2.0059 - accuracy: 0.1781 - val_loss: 1.9140 - val_accuracy: 0.1922 - 10s/epoch - 3ms/step
Epoch 23/100
3125/3125 - 10s - loss: 1.9999 - accuracy: 0.1784 - val_loss: 1.9027 - val_accuracy: 0.1916 - 10s/epoch - 3ms/step
Epoch 24/100
3125/3125 - 10s - loss: 1.9947 - accuracy: 0.1795 - val_loss: 1.9216 - val_accuracy: 0.1907 - 10s/epoch - 3ms/step
Epoch 25/100
3125/3125 - 10s - loss: 1.9827 - accuracy: 0.1815 - val_loss: 1.9038 - val_accuracy: 0.1899 - 10s/epoch - 3ms/step
Epoch 26/100
3125/3125 - 10s - loss: 1.9770 - accuracy: 0.1805 - val_loss: 1.9112 - val_accuracy: 0.1889 - 10s/epoch - 3ms/step
Epoch 27/100
3125/3125 - 10s - loss: 1.9762 - accuracy: 0.1802 - val_loss: 1.9328 - val_accuracy: 0.1870 - 10s/epoch - 3ms/step
Epoch 28/100
3125/3125 - 10s - loss: 1.9708 - accuracy: 0.1808 - val_loss: 1.8949 - val_accuracy: 0.1963 - 10s/epoch - 3ms/step
Epoch 29/100
3125/3125 - 10s - loss: 1.9652 - accuracy: 0.1844 - val_loss: 1.8892 - val_accuracy: 0.1908 - 10s/epoch - 3ms/step
Epoch 30/100
3125/3125 - 10s - loss: 1.9619 - accuracy: 0.1824 - val_loss: 1.9139 - val_accuracy: 0.1917 - 10s/epoch - 3ms/step
Epoch 31/100
3125/3125 - 10s - loss: 1.9585 - accuracy: 0.1836 - val_loss: 1.8968 - val_accuracy: 0.1895 - 10s/epoch - 3ms/step
Epoch 32/100
3125/3125 - 10s - loss: 1.9531 - accuracy: 0.1841 - val_loss: 1.8912 - val_accuracy: 0.1905 - 10s/epoch - 3ms/step
Epoch 33/100
3125/3125 - 10s - loss: 1.9512 - accuracy: 0.1816 - val_loss: 1.8837 - val_accuracy: 0.1893 - 10s/epoch - 3ms/step
Epoch 34/100
3125/3125 - 10s - loss: 1.9449 - accuracy: 0.1832 - val_loss: 1.9122 - val_accuracy: 0.1874 - 10s/epoch - 3ms/step
Epoch 35/100
3125/3125 - 10s - loss: 1.9434 - accuracy: 0.1855 - val_loss: 1.8799 - val_accuracy: 0.1926 - 10s/epoch - 3ms/step
Epoch 36/100
3125/3125 - 10s - loss: 1.9405 - accuracy: 0.1848 - val_loss: 1.9057 - val_accuracy: 0.1901 - 10s/epoch - 3ms/step
Epoch 37/100
3125/3125 - 10s - loss: 1.9420 - accuracy: 0.1846 - val_loss: 1.8946 - val_accuracy: 0.1903 - 10s/epoch - 3ms/step
Epoch 38/100
3125/3125 - 10s - loss: 1.9359 - accuracy: 0.1906 - val_loss: 1.8789 - val_accuracy: 0.1929 - 10s/epoch - 3ms/step
Epoch 39/100
3125/3125 - 10s - loss: 1.9372 - accuracy: 0.1865 - val_loss: 1.8818 - val_accuracy: 0.1869 - 10s/epoch - 3ms/step
Epoch 40/100
3125/3125 - 10s - loss: 1.9311 - accuracy: 0.1888 - val_loss: 1.8844 - val_accuracy: 0.1922 - 10s/epoch - 3ms/step
Epoch 41/100
3125/3125 - 10s - loss: 1.9292 - accuracy: 0.1896 - val_loss: 1.8718 - val_accuracy: 0.1921 - 10s/epoch - 3ms/step
Epoch 42/100
3125/3125 - 10s - loss: 1.9276 - accuracy: 0.1893 - val_loss: 1.8786 - val_accuracy: 0.1910 - 10s/epoch - 3ms/step
Epoch 43/100
3125/3125 - 10s - loss: 1.9221 - accuracy: 0.1859 - val_loss: 1.8772 - val_accuracy: 0.1909 - 10s/epoch - 3ms/step
Epoch 44/100
3125/3125 - 10s - loss: 1.9209 - accuracy: 0.1890 - val_loss: 1.8706 - val_accuracy: 0.1935 - 10s/epoch - 3ms/step
Epoch 45/100
3125/3125 - 10s - loss: 1.9227 - accuracy: 0.1884 - val_loss: 1.9277 - val_accuracy: 0.1832 - 10s/epoch - 3ms/step
Epoch 46/100
3125/3125 - 10s - loss: 1.9196 - accuracy: 0.1902 - val_loss: 1.8829 - val_accuracy: 0.1940 - 10s/epoch - 3ms/step
Epoch 47/100
3125/3125 - 10s - loss: 1.9188 - accuracy: 0.1877 - val_loss: 1.8791 - val_accuracy: 0.1954 - 10s/epoch - 3ms/step
Epoch 48/100
3125/3125 - 10s - loss: 1.9145 - accuracy: 0.1854 - val_loss: 1.8626 - val_accuracy: 0.1929 - 10s/epoch - 3ms/step
Epoch 49/100
3125/3125 - 10s - loss: 1.9138 - accuracy: 0.1908 - val_loss: 1.8624 - val_accuracy: 0.1956 - 10s/epoch - 3ms/step
Epoch 50/100
Restoring model weights from the end of the best epoch: 20.
3125/3125 - 10s - loss: 1.9089 - accuracy: 0.1876 - val_loss: 1.8894 - val_accuracy: 0.1945 - 10s/epoch - 3ms/step
Epoch 50: early stopping
313/313 - 1s - loss: 1.9298 - accuracy: 0.2005 - 619ms/epoch - 2ms/step

ACCURACY: 0.2004999965429306


SCORE: -0.42933693358005137

[92m | MODULE VALUES ---------------------------------------------  |
 [0m
FLOPS: 5506532
PARAMS: 43566.0
[92m 
 | -----------------------------------------------------------  |
 [0m

--- BANANAS ITERATION 50 / 1000 ---
Chosen point: {'num_neurons': 4, 'unit_c1': 1, 'unit_c2': 4, 'dr_f': 0.44367199064697205, 'learning_rate': 0.0005851988278424249, 'batch_size': 16, 'optimizer': 'Adam', 'activation': 'selu', 'data_augmentation': True, 'reg_l2': True, 'skip_connection': True, 'new_fc_1': 5, 'new_fc_2': 10, 'new_fc_3': 6, 'new_fc_4': 5, 'new_fc_5': 8, 'new_fc_6': 16, 'new_fc_7': 19, 'new_fc_8': 27, 'new_fc_9': 1, 'new_fc_10': 23}
[94m
|  --> START TRAINING ITERATION 24[0m
[INFO] Flags -> DA: True, L2: True, Skip: True
Building model with input_shape=(32, 32, 3), pos_input_shape=None, layer_x_block=2
Model: "model"
__________________________________________________________________________________________________
 Layer (type)                Output Shape                 Param #   Connected to                  
==================================================================================================
 input_2 (InputLayer)        [(None, 32, 32, 3)]          0         []                            
                                                                                                  
 conv2d (Conv2D)             (None, 32, 32, 4)            112       ['input_2[0][0]']             
                                                                                                  
 activation (Activation)     (None, 32, 32, 4)            0         ['conv2d[1][0]']              
                                                                                                  
 conv2d_2 (Conv2D)           (None, 32, 32, 4)            16        ['input_2[0][0]']             
                                                                                                  
 conv2d_1 (Conv2D)           (None, 32, 32, 4)            148       ['activation[1][0]']          
                                                                                                  
 add (Add)                   (None, 32, 32, 4)            0         ['conv2d_2[1][0]',            
                                                                     'conv2d_1[1][0]']            
                                                                                                  
 activation_1 (Activation)   (None, 32, 32, 4)            0         ['add[1][0]']                 
                                                                                                  
 max_pooling2d (MaxPooling2  (None, 16, 16, 4)            0         ['activation_1[1][0]']        
 D)                                                                                               
                                                                                                  
 conv2d_3 (Conv2D)           (None, 16, 16, 16)           592       ['max_pooling2d[1][0]']       
                                                                                                  
 activation_2 (Activation)   (None, 16, 16, 16)           0         ['conv2d_3[1][0]']            
                                                                                                  
 conv2d_5 (Conv2D)           (None, 16, 16, 16)           80        ['max_pooling2d[1][0]']       
                                                                                                  
 conv2d_4 (Conv2D)           (None, 16, 16, 16)           2320      ['activation_2[1][0]']        
                                                                                                  
 add_1 (Add)                 (None, 16, 16, 16)           0         ['conv2d_5[1][0]',            
                                                                     'conv2d_4[1][0]']            
                                                                                                  
 activation_3 (Activation)   (None, 16, 16, 16)           0         ['add_1[1][0]']               
                                                                                                  
 max_pooling2d_1 (MaxPoolin  (None, 8, 8, 16)             0         ['activation_3[1][0]']        
 g2D)                                                                                             
                                                                                                  
 flatten (Flatten)           (None, 1024)                 0         ['max_pooling2d_1[1][0]']     
                                                                                                  
 dense (Dense)               (None, 20)                   20500     ['flatten[1][0]']             
                                                                                                  
 activation_4 (Activation)   (None, 20)                   0         ['dense[1][0]']               
                                                                                                  
 dropout (Dropout)           (None, 20)                   0         ['activation_4[1][0]']        
                                                                                                  
 dense_1 (Dense)             (None, 40)                   840       ['dropout[1][0]']             
                                                                                                  
 activation_5 (Activation)   (None, 40)                   0         ['dense_1[1][0]']             
                                                                                                  
 dropout_1 (Dropout)         (None, 40)                   0         ['activation_5[1][0]']        
                                                                                                  
 dense_2 (Dense)             (None, 24)                   984       ['dropout_1[1][0]']           
                                                                                                  
 activation_6 (Activation)   (None, 24)                   0         ['dense_2[1][0]']             
                                                                                                  
 dropout_2 (Dropout)         (None, 24)                   0         ['activation_6[1][0]']        
                                                                                                  
 dense_3 (Dense)             (None, 20)                   500       ['dropout_2[1][0]']           
                                                                                                  
 activation_7 (Activation)   (None, 20)                   0         ['dense_3[1][0]']             
                                                                                                  
 dropout_3 (Dropout)         (None, 20)                   0         ['activation_7[1][0]']        
                                                                                                  
 dense_4 (Dense)             (None, 32)                   672       ['dropout_3[1][0]']           
                                                                                                  
 activation_8 (Activation)   (None, 32)                   0         ['dense_4[1][0]']             
                                                                                                  
 dropout_4 (Dropout)         (None, 32)                   0         ['activation_8[1][0]']        
                                                                                                  
 dense_5 (Dense)             (None, 64)                   2112      ['dropout_4[1][0]']           
                                                                                                  
 activation_9 (Activation)   (None, 64)                   0         ['dense_5[1][0]']             
                                                                                                  
 dropout_5 (Dropout)         (None, 64)                   0         ['activation_9[1][0]']        
                                                                                                  
 dense_6 (Dense)             (None, 76)                   4940      ['dropout_5[1][0]']           
                                                                                                  
 activation_10 (Activation)  (None, 76)                   0         ['dense_6[1][0]']             
                                                                                                  
 dropout_6 (Dropout)         (None, 76)                   0         ['activation_10[1][0]']       
                                                                                                  
 dense_7 (Dense)             (None, 108)                  8316      ['dropout_6[1][0]']           
                                                                                                  
 activation_11 (Activation)  (None, 108)                  0         ['dense_7[1][0]']             
                                                                                                  
 dropout_7 (Dropout)         (None, 108)                  0         ['activation_11[1][0]']       
                                                                                                  
 dense_8 (Dense)             (None, 4)                    436       ['dropout_7[1][0]']           
                                                                                                  
 activation_12 (Activation)  (None, 4)                    0         ['dense_8[1][0]']             
                                                                                                  
 dropout_8 (Dropout)         (None, 4)                    0         ['activation_12[1][0]']       
                                                                                                  
 dense_9 (Dense)             (None, 92)                   460       ['dropout_8[1][0]']           
                                                                                                  
 activation_13 (Activation)  (None, 92)                   0         ['dense_9[1][0]']             
                                                                                                  
 dropout_9 (Dropout)         (None, 92)                   0         ['activation_13[1][0]']       
                                                                                                  
 dense_10 (Dense)            (None, 10)                   930       ['dropout_9[1][0]']           
                                                                                                  
==================================================================================================
Total params: 43958 (171.71 KB)
Trainable params: 43958 (171.71 KB)
Non-trainable params: 0 (0.00 Byte)
__________________________________________________________________________________________________
Epoch 1/100
3125/3125 - 13s - loss: 4.0974 - accuracy: 0.0988 - val_loss: 2.5307 - val_accuracy: 0.1000 - 13s/epoch - 4ms/step
Epoch 2/100
3125/3125 - 11s - loss: 2.3442 - accuracy: 0.0994 - val_loss: 2.3028 - val_accuracy: 0.1000 - 11s/epoch - 4ms/step
Epoch 3/100
3125/3125 - 11s - loss: 2.3029 - accuracy: 0.0966 - val_loss: 2.3026 - val_accuracy: 0.1000 - 11s/epoch - 4ms/step
Epoch 4/100
3125/3125 - 11s - loss: 2.3028 - accuracy: 0.0974 - val_loss: 2.3028 - val_accuracy: 0.1000 - 11s/epoch - 4ms/step
Epoch 5/100
3125/3125 - 11s - loss: 2.3030 - accuracy: 0.0966 - val_loss: 2.3028 - val_accuracy: 0.1000 - 11s/epoch - 4ms/step
Epoch 6/100
3125/3125 - 11s - loss: 2.3030 - accuracy: 0.0971 - val_loss: 2.3027 - val_accuracy: 0.1000 - 11s/epoch - 4ms/step
Epoch 7/100
3125/3125 - 11s - loss: 2.3029 - accuracy: 0.0980 - val_loss: 2.3029 - val_accuracy: 0.1000 - 11s/epoch - 4ms/step
Epoch 8/100
3125/3125 - 11s - loss: 2.3030 - accuracy: 0.1005 - val_loss: 2.3028 - val_accuracy: 0.1000 - 11s/epoch - 4ms/step
Epoch 9/100
3125/3125 - 11s - loss: 2.3029 - accuracy: 0.0969 - val_loss: 2.3030 - val_accuracy: 0.1000 - 11s/epoch - 4ms/step
Epoch 10/100
3125/3125 - 11s - loss: 2.3030 - accuracy: 0.0975 - val_loss: 2.3029 - val_accuracy: 0.1000 - 11s/epoch - 4ms/step
Epoch 11/100
3125/3125 - 11s - loss: 2.3030 - accuracy: 0.0989 - val_loss: 2.3027 - val_accuracy: 0.1000 - 11s/epoch - 4ms/step
Epoch 12/100
3125/3125 - 11s - loss: 2.3030 - accuracy: 0.0979 - val_loss: 2.3028 - val_accuracy: 0.1000 - 11s/epoch - 4ms/step
Epoch 13/100
3125/3125 - 11s - loss: 2.3030 - accuracy: 0.0989 - val_loss: 2.3027 - val_accuracy: 0.1000 - 11s/epoch - 4ms/step
Epoch 14/100
3125/3125 - 11s - loss: 2.3030 - accuracy: 0.0973 - val_loss: 2.3028 - val_accuracy: 0.1000 - 11s/epoch - 4ms/step
Epoch 15/100
3125/3125 - 11s - loss: 2.3030 - accuracy: 0.0993 - val_loss: 2.3028 - val_accuracy: 0.1000 - 11s/epoch - 4ms/step
Epoch 16/100
3125/3125 - 12s - loss: 2.3029 - accuracy: 0.0988 - val_loss: 2.3029 - val_accuracy: 0.1000 - 12s/epoch - 4ms/step
Epoch 17/100
3125/3125 - 11s - loss: 2.3029 - accuracy: 0.0962 - val_loss: 2.3029 - val_accuracy: 0.1000 - 11s/epoch - 4ms/step
Epoch 18/100
3125/3125 - 11s - loss: 2.3030 - accuracy: 0.0994 - val_loss: 2.3028 - val_accuracy: 0.1000 - 11s/epoch - 4ms/step
Epoch 19/100
3125/3125 - 11s - loss: 2.3029 - accuracy: 0.0981 - val_loss: 2.3028 - val_accuracy: 0.1000 - 11s/epoch - 4ms/step
Epoch 20/100
3125/3125 - 11s - loss: 2.3030 - accuracy: 0.0983 - val_loss: 2.3030 - val_accuracy: 0.1000 - 11s/epoch - 4ms/step
Epoch 21/100
3125/3125 - 11s - loss: 2.3030 - accuracy: 0.0991 - val_loss: 2.3027 - val_accuracy: 0.1000 - 11s/epoch - 4ms/step
Epoch 22/100
3125/3125 - 11s - loss: 2.3030 - accuracy: 0.0985 - val_loss: 2.3027 - val_accuracy: 0.1000 - 11s/epoch - 4ms/step
Epoch 23/100
3125/3125 - 11s - loss: 2.3029 - accuracy: 0.0996 - val_loss: 2.3027 - val_accuracy: 0.1000 - 11s/epoch - 4ms/step
Epoch 24/100
3125/3125 - 11s - loss: 2.3030 - accuracy: 0.0983 - val_loss: 2.3027 - val_accuracy: 0.1000 - 11s/epoch - 4ms/step
Epoch 25/100
3125/3125 - 11s - loss: 2.3030 - accuracy: 0.0961 - val_loss: 2.3028 - val_accuracy: 0.1000 - 11s/epoch - 4ms/step
Epoch 26/100
3125/3125 - 11s - loss: 2.3029 - accuracy: 0.0979 - val_loss: 2.3027 - val_accuracy: 0.1000 - 11s/epoch - 4ms/step
Epoch 27/100
3125/3125 - 11s - loss: 2.3029 - accuracy: 0.0986 - val_loss: 2.3027 - val_accuracy: 0.1000 - 11s/epoch - 4ms/step
Epoch 28/100
3125/3125 - 11s - loss: 2.3030 - accuracy: 0.0956 - val_loss: 2.3028 - val_accuracy: 0.1000 - 11s/epoch - 4ms/step
Epoch 29/100
3125/3125 - 11s - loss: 2.3030 - accuracy: 0.0977 - val_loss: 2.3028 - val_accuracy: 0.1000 - 11s/epoch - 4ms/step
Epoch 30/100
3125/3125 - 12s - loss: 2.3029 - accuracy: 0.0996 - val_loss: 2.3029 - val_accuracy: 0.1000 - 12s/epoch - 4ms/step
Epoch 31/100
Restoring model weights from the end of the best epoch: 1.
3125/3125 - 11s - loss: 2.3030 - accuracy: 0.0974 - val_loss: 2.3027 - val_accuracy: 0.1000 - 11s/epoch - 4ms/step
Epoch 31: early stopping
313/313 - 1s - loss: 2.5307 - accuracy: 0.1000 - 717ms/epoch - 2ms/step

ACCURACY: 0.10000000149011612


SCORE: -0.3656602010430813

[92m | MODULE VALUES ---------------------------------------------  |
 [0m
FLOPS: 2169900
PARAMS: 43958.0
[92m 
 | -----------------------------------------------------------  |
 [0m

BANANAS BASELINE FINISHED
TOTAL TIME --------> 20076.34 seconds
BEST SCORE --------> -0.7905852009128723
HISTORY -----------> results_BANANAS_controller/bananas_cifar10_seed84_e1000_ep100/algorithm_logs/bananas_history.csv
Completed after chunk: 50/1000
