Running rolling chunk 1/40
Array task 8/10: dataset=cifar100, seed=7
Completed before chunk: 0/1000
Budget: chunk_evals=25, epochs=100
Result dir=results_BANANAS_controller/bananas_cifar100_seed7_e1000_ep100
[exp_config] Created config.yaml at: /hpc/home/fresca/EDGE-DNNTuner/results_BANANAS_controller/bananas_cifar100_seed7_e1000_ep100/config.yaml
50000 train samples
10000 test samples
Initialized NeuralNetwork with dataset. ROI mode: False
FLOPS module weight: 0.3

STARTING BANANAS BASELINE

[INFO] Resume requested, but no previous BANANAS history was found. Starting fresh.

--- BANANAS ITERATION 1 / 1000 ---
Chosen point: {'num_neurons': 4, 'unit_c1': 2, 'unit_c2': 7, 'dr_f': 0.23605233877721996, 'learning_rate': 0.0007511186600478472, 'batch_size': 64, 'optimizer': 'SGD', 'activation': 'selu', 'data_augmentation': False, 'reg_l2': False, 'skip_connection': False, 'new_fc_1': 4, 'new_fc_2': 7, 'new_fc_3': 0, 'new_fc_4': 11, 'new_fc_5': 6, 'new_fc_6': 19, 'new_fc_7': 5, 'new_fc_8': 24, 'new_fc_9': 0, 'new_fc_10': 9}
[94m
|  --> START TRAINING ITERATION 0[0m
[INFO] Flags -> DA: False, L2: False, Skip: False
Building model with input_shape=(32, 32, 3), pos_input_shape=None, layer_x_block=2
Model: "model"
_________________________________________________________________
 Layer (type)                Output Shape              Param #   
=================================================================
 input_1 (InputLayer)        [(None, 32, 32, 3)]       0         
                                                                 
 conv2d (Conv2D)             (None, 32, 32, 8)         224       
                                                                 
 activation (Activation)     (None, 32, 32, 8)         0         
                                                                 
 conv2d_1 (Conv2D)           (None, 32, 32, 8)         584       
                                                                 
 activation_1 (Activation)   (None, 32, 32, 8)         0         
                                                                 
 max_pooling2d (MaxPooling2  (None, 16, 16, 8)         0         
 D)                                                              
                                                                 
 conv2d_2 (Conv2D)           (None, 16, 16, 28)        2044      
                                                                 
 activation_2 (Activation)   (None, 16, 16, 28)        0         
                                                                 
 conv2d_3 (Conv2D)           (None, 16, 16, 28)        7084      
                                                                 
 activation_3 (Activation)   (None, 16, 16, 28)        0         
                                                                 
 max_pooling2d_1 (MaxPoolin  (None, 8, 8, 28)          0         
 g2D)                                                            
                                                                 
 flatten (Flatten)           (None, 1792)              0         
                                                                 
 dense (Dense)               (None, 16)                28688     
                                                                 
 activation_4 (Activation)   (None, 16)                0         
                                                                 
 dropout (Dropout)           (None, 16)                0         
                                                                 
 dense_1 (Dense)             (None, 28)                476       
                                                                 
 activation_5 (Activation)   (None, 28)                0         
                                                                 
 dropout_1 (Dropout)         (None, 28)                0         
                                                                 
 dense_2 (Dense)             (None, 44)                1276      
                                                                 
 activation_6 (Activation)   (None, 44)                0         
                                                                 
 dropout_2 (Dropout)         (None, 44)                0         
                                                                 
 dense_3 (Dense)             (None, 24)                1080      
                                                                 
 activation_7 (Activation)   (None, 24)                0         
                                                                 
 dropout_3 (Dropout)         (None, 24)                0         
                                                                 
 dense_4 (Dense)             (None, 76)                1900      
                                                                 
 activation_8 (Activation)   (None, 76)                0         
                                                                 
 dropout_4 (Dropout)         (None, 76)                0         
                                                                 
 dense_5 (Dense)             (None, 20)                1540      
                                                                 
 activation_9 (Activation)   (None, 20)                0         
                                                                 
 dropout_5 (Dropout)         (None, 20)                0         
                                                                 
 dense_6 (Dense)             (None, 96)                2016      
                                                                 
 activation_10 (Activation)  (None, 96)                0         
                                                                 
 dropout_6 (Dropout)         (None, 96)                0         
                                                                 
 dense_7 (Dense)             (None, 36)                3492      
                                                                 
 activation_11 (Activation)  (None, 36)                0         
                                                                 
 dropout_7 (Dropout)         (None, 36)                0         
                                                                 
 dense_8 (Dense)             (None, 100)               3700      
                                                                 
=================================================================
Total params: 54104 (211.34 KB)
Trainable params: 54104 (211.34 KB)
Non-trainable params: 0 (0.00 Byte)
_________________________________________________________________
Epoch 1/100
782/782 - 5s - loss: 4.8379 - accuracy: 0.0111 - val_loss: 4.6004 - val_accuracy: 0.0161 - 5s/epoch - 6ms/step
Epoch 2/100
782/782 - 2s - loss: 4.7317 - accuracy: 0.0115 - val_loss: 4.5714 - val_accuracy: 0.0219 - 2s/epoch - 3ms/step
Epoch 3/100
782/782 - 2s - loss: 4.6917 - accuracy: 0.0125 - val_loss: 4.5573 - val_accuracy: 0.0231 - 2s/epoch - 3ms/step
Epoch 4/100
782/782 - 2s - loss: 4.6621 - accuracy: 0.0133 - val_loss: 4.5425 - val_accuracy: 0.0239 - 2s/epoch - 3ms/step
Epoch 5/100
782/782 - 2s - loss: 4.6371 - accuracy: 0.0138 - val_loss: 4.5300 - val_accuracy: 0.0273 - 2s/epoch - 3ms/step
Epoch 6/100
782/782 - 2s - loss: 4.6202 - accuracy: 0.0147 - val_loss: 4.5204 - val_accuracy: 0.0318 - 2s/epoch - 3ms/step
Epoch 7/100
782/782 - 2s - loss: 4.6023 - accuracy: 0.0171 - val_loss: 4.5065 - val_accuracy: 0.0314 - 2s/epoch - 3ms/step
Epoch 8/100
782/782 - 2s - loss: 4.5857 - accuracy: 0.0165 - val_loss: 4.4949 - val_accuracy: 0.0332 - 2s/epoch - 3ms/step
Epoch 9/100
782/782 - 2s - loss: 4.5770 - accuracy: 0.0188 - val_loss: 4.4818 - val_accuracy: 0.0314 - 2s/epoch - 3ms/step
Epoch 10/100
782/782 - 2s - loss: 4.5633 - accuracy: 0.0198 - val_loss: 4.4624 - val_accuracy: 0.0302 - 2s/epoch - 3ms/step
Epoch 11/100
782/782 - 2s - loss: 4.5525 - accuracy: 0.0206 - val_loss: 4.4550 - val_accuracy: 0.0286 - 2s/epoch - 3ms/step
Epoch 12/100
782/782 - 2s - loss: 4.5395 - accuracy: 0.0203 - val_loss: 4.4464 - val_accuracy: 0.0314 - 2s/epoch - 3ms/step
Epoch 13/100
782/782 - 2s - loss: 4.5313 - accuracy: 0.0210 - val_loss: 4.4459 - val_accuracy: 0.0282 - 2s/epoch - 3ms/step
Epoch 14/100
782/782 - 2s - loss: 4.5196 - accuracy: 0.0213 - val_loss: 4.4281 - val_accuracy: 0.0264 - 2s/epoch - 3ms/step
Epoch 15/100
782/782 - 2s - loss: 4.5109 - accuracy: 0.0220 - val_loss: 4.4267 - val_accuracy: 0.0272 - 2s/epoch - 3ms/step
Epoch 16/100
782/782 - 2s - loss: 4.5039 - accuracy: 0.0230 - val_loss: 4.3994 - val_accuracy: 0.0292 - 2s/epoch - 3ms/step
Epoch 17/100
782/782 - 2s - loss: 4.4957 - accuracy: 0.0229 - val_loss: 4.3986 - val_accuracy: 0.0284 - 2s/epoch - 3ms/step
Epoch 18/100
782/782 - 2s - loss: 4.4851 - accuracy: 0.0238 - val_loss: 4.4069 - val_accuracy: 0.0284 - 2s/epoch - 3ms/step
Epoch 19/100
782/782 - 2s - loss: 4.4751 - accuracy: 0.0241 - val_loss: 4.3885 - val_accuracy: 0.0303 - 2s/epoch - 3ms/step
Epoch 20/100
782/782 - 2s - loss: 4.4688 - accuracy: 0.0235 - val_loss: 4.3642 - val_accuracy: 0.0297 - 2s/epoch - 3ms/step
Epoch 21/100
782/782 - 2s - loss: 4.4599 - accuracy: 0.0242 - val_loss: 4.3597 - val_accuracy: 0.0313 - 2s/epoch - 3ms/step
Epoch 22/100
782/782 - 2s - loss: 4.4506 - accuracy: 0.0262 - val_loss: 4.3494 - val_accuracy: 0.0325 - 2s/epoch - 3ms/step
Epoch 23/100
782/782 - 2s - loss: 4.4430 - accuracy: 0.0256 - val_loss: 4.3351 - val_accuracy: 0.0319 - 2s/epoch - 3ms/step
Epoch 24/100
782/782 - 2s - loss: 4.4403 - accuracy: 0.0248 - val_loss: 4.3911 - val_accuracy: 0.0306 - 2s/epoch - 3ms/step
Epoch 25/100
782/782 - 2s - loss: 4.4315 - accuracy: 0.0254 - val_loss: 4.3609 - val_accuracy: 0.0349 - 2s/epoch - 3ms/step
Epoch 26/100
782/782 - 2s - loss: 4.4225 - accuracy: 0.0265 - val_loss: 4.3071 - val_accuracy: 0.0371 - 2s/epoch - 3ms/step
Epoch 27/100
782/782 - 2s - loss: 4.4152 - accuracy: 0.0263 - val_loss: 4.3009 - val_accuracy: 0.0390 - 2s/epoch - 3ms/step
Epoch 28/100
782/782 - 2s - loss: 4.4105 - accuracy: 0.0271 - val_loss: 4.3140 - val_accuracy: 0.0370 - 2s/epoch - 3ms/step
Epoch 29/100
782/782 - 2s - loss: 4.4014 - accuracy: 0.0292 - val_loss: 4.2907 - val_accuracy: 0.0401 - 2s/epoch - 3ms/step
Epoch 30/100
782/782 - 2s - loss: 4.3963 - accuracy: 0.0292 - val_loss: 4.2777 - val_accuracy: 0.0396 - 2s/epoch - 3ms/step
Epoch 31/100
782/782 - 2s - loss: 4.3908 - accuracy: 0.0287 - val_loss: 4.2707 - val_accuracy: 0.0401 - 2s/epoch - 3ms/step
Epoch 32/100
782/782 - 2s - loss: 4.3818 - accuracy: 0.0301 - val_loss: 4.2647 - val_accuracy: 0.0439 - 2s/epoch - 3ms/step
Epoch 33/100
782/782 - 2s - loss: 4.3749 - accuracy: 0.0299 - val_loss: 4.2604 - val_accuracy: 0.0418 - 2s/epoch - 3ms/step
Epoch 34/100
782/782 - 2s - loss: 4.3666 - accuracy: 0.0318 - val_loss: 4.2376 - val_accuracy: 0.0457 - 2s/epoch - 3ms/step
Epoch 35/100
782/782 - 2s - loss: 4.3600 - accuracy: 0.0323 - val_loss: 4.2412 - val_accuracy: 0.0476 - 2s/epoch - 3ms/step
Epoch 36/100
782/782 - 2s - loss: 4.3550 - accuracy: 0.0318 - val_loss: 4.2283 - val_accuracy: 0.0484 - 2s/epoch - 3ms/step
Epoch 37/100
782/782 - 2s - loss: 4.3498 - accuracy: 0.0339 - val_loss: 4.2105 - val_accuracy: 0.0500 - 2s/epoch - 3ms/step
Epoch 38/100
782/782 - 2s - loss: 4.3446 - accuracy: 0.0314 - val_loss: 4.2172 - val_accuracy: 0.0494 - 2s/epoch - 3ms/step
Epoch 39/100
782/782 - 2s - loss: 4.3377 - accuracy: 0.0318 - val_loss: 4.2129 - val_accuracy: 0.0463 - 2s/epoch - 3ms/step
Epoch 40/100
782/782 - 2s - loss: 4.3315 - accuracy: 0.0329 - val_loss: 4.2480 - val_accuracy: 0.0455 - 2s/epoch - 3ms/step
Epoch 41/100
782/782 - 2s - loss: 4.3251 - accuracy: 0.0351 - val_loss: 4.1899 - val_accuracy: 0.0528 - 2s/epoch - 3ms/step
Epoch 42/100
782/782 - 2s - loss: 4.3240 - accuracy: 0.0339 - val_loss: 4.1736 - val_accuracy: 0.0515 - 2s/epoch - 3ms/step
Epoch 43/100
782/782 - 2s - loss: 4.3176 - accuracy: 0.0350 - val_loss: 4.1838 - val_accuracy: 0.0517 - 2s/epoch - 3ms/step
Epoch 44/100
782/782 - 2s - loss: 4.3062 - accuracy: 0.0350 - val_loss: 4.1755 - val_accuracy: 0.0540 - 2s/epoch - 3ms/step
Epoch 45/100
782/782 - 2s - loss: 4.3046 - accuracy: 0.0361 - val_loss: 4.1835 - val_accuracy: 0.0527 - 2s/epoch - 3ms/step
Epoch 46/100
782/782 - 2s - loss: 4.2966 - accuracy: 0.0351 - val_loss: 4.1561 - val_accuracy: 0.0545 - 2s/epoch - 3ms/step
Epoch 47/100
782/782 - 2s - loss: 4.2949 - accuracy: 0.0359 - val_loss: 4.1483 - val_accuracy: 0.0561 - 2s/epoch - 3ms/step
Epoch 48/100
782/782 - 2s - loss: 4.2903 - accuracy: 0.0366 - val_loss: 4.1502 - val_accuracy: 0.0546 - 2s/epoch - 3ms/step
Epoch 49/100
782/782 - 2s - loss: 4.2839 - accuracy: 0.0359 - val_loss: 4.1542 - val_accuracy: 0.0516 - 2s/epoch - 3ms/step
Epoch 50/100
782/782 - 2s - loss: 4.2777 - accuracy: 0.0366 - val_loss: 4.1317 - val_accuracy: 0.0568 - 2s/epoch - 3ms/step
Epoch 51/100
782/782 - 2s - loss: 4.2723 - accuracy: 0.0375 - val_loss: 4.1362 - val_accuracy: 0.0544 - 2s/epoch - 3ms/step
Epoch 52/100
782/782 - 2s - loss: 4.2674 - accuracy: 0.0374 - val_loss: 4.1171 - val_accuracy: 0.0568 - 2s/epoch - 3ms/step
Epoch 53/100
782/782 - 2s - loss: 4.2622 - accuracy: 0.0371 - val_loss: 4.1135 - val_accuracy: 0.0567 - 2s/epoch - 3ms/step
Epoch 54/100
782/782 - 2s - loss: 4.2573 - accuracy: 0.0390 - val_loss: 4.1066 - val_accuracy: 0.0610 - 2s/epoch - 3ms/step
Epoch 55/100
782/782 - 2s - loss: 4.2506 - accuracy: 0.0379 - val_loss: 4.1063 - val_accuracy: 0.0549 - 2s/epoch - 3ms/step
Epoch 56/100
782/782 - 2s - loss: 4.2479 - accuracy: 0.0383 - val_loss: 4.0952 - val_accuracy: 0.0592 - 2s/epoch - 3ms/step
Epoch 57/100
782/782 - 2s - loss: 4.2465 - accuracy: 0.0377 - val_loss: 4.0874 - val_accuracy: 0.0622 - 2s/epoch - 3ms/step
Epoch 58/100
782/782 - 2s - loss: 4.2425 - accuracy: 0.0390 - val_loss: 4.0921 - val_accuracy: 0.0603 - 2s/epoch - 3ms/step
Epoch 59/100
782/782 - 2s - loss: 4.2329 - accuracy: 0.0403 - val_loss: 4.0757 - val_accuracy: 0.0619 - 2s/epoch - 3ms/step
Epoch 60/100
782/782 - 2s - loss: 4.2296 - accuracy: 0.0394 - val_loss: 4.0702 - val_accuracy: 0.0610 - 2s/epoch - 3ms/step
Epoch 61/100
782/782 - 2s - loss: 4.2231 - accuracy: 0.0409 - val_loss: 4.0905 - val_accuracy: 0.0570 - 2s/epoch - 3ms/step
Epoch 62/100
782/782 - 2s - loss: 4.2266 - accuracy: 0.0411 - val_loss: 4.0850 - val_accuracy: 0.0607 - 2s/epoch - 3ms/step
Epoch 63/100
782/782 - 2s - loss: 4.2163 - accuracy: 0.0414 - val_loss: 4.1918 - val_accuracy: 0.0434 - 2s/epoch - 3ms/step
Epoch 64/100
782/782 - 2s - loss: 4.2184 - accuracy: 0.0394 - val_loss: 4.0570 - val_accuracy: 0.0619 - 2s/epoch - 3ms/step
Epoch 65/100
782/782 - 2s - loss: 4.2085 - accuracy: 0.0411 - val_loss: 4.0508 - val_accuracy: 0.0642 - 2s/epoch - 3ms/step
Epoch 66/100
782/782 - 2s - loss: 4.2040 - accuracy: 0.0422 - val_loss: 4.1111 - val_accuracy: 0.0535 - 2s/epoch - 3ms/step
Epoch 67/100
782/782 - 2s - loss: 4.2046 - accuracy: 0.0416 - val_loss: 4.0750 - val_accuracy: 0.0632 - 2s/epoch - 3ms/step
Epoch 68/100
782/782 - 2s - loss: 4.1979 - accuracy: 0.0410 - val_loss: 4.0631 - val_accuracy: 0.0672 - 2s/epoch - 3ms/step
Epoch 69/100
782/782 - 2s - loss: 4.1907 - accuracy: 0.0429 - val_loss: 4.0374 - val_accuracy: 0.0655 - 2s/epoch - 3ms/step
Epoch 70/100
782/782 - 2s - loss: 4.1898 - accuracy: 0.0428 - val_loss: 4.1017 - val_accuracy: 0.0545 - 2s/epoch - 3ms/step
Epoch 71/100
782/782 - 2s - loss: 4.1879 - accuracy: 0.0429 - val_loss: 4.0346 - val_accuracy: 0.0661 - 2s/epoch - 3ms/step
Epoch 72/100
782/782 - 2s - loss: 4.1810 - accuracy: 0.0422 - val_loss: 4.0249 - val_accuracy: 0.0667 - 2s/epoch - 3ms/step
Epoch 73/100
782/782 - 2s - loss: 4.1791 - accuracy: 0.0436 - val_loss: 4.0197 - val_accuracy: 0.0682 - 2s/epoch - 3ms/step
Epoch 74/100
782/782 - 2s - loss: 4.1745 - accuracy: 0.0438 - val_loss: 4.0306 - val_accuracy: 0.0632 - 2s/epoch - 3ms/step
Epoch 75/100
782/782 - 2s - loss: 4.1684 - accuracy: 0.0435 - val_loss: 4.1734 - val_accuracy: 0.0508 - 2s/epoch - 3ms/step
Epoch 76/100
782/782 - 2s - loss: 4.1698 - accuracy: 0.0432 - val_loss: 3.9975 - val_accuracy: 0.0725 - 2s/epoch - 3ms/step
Epoch 77/100
782/782 - 2s - loss: 4.1653 - accuracy: 0.0452 - val_loss: 4.0761 - val_accuracy: 0.0660 - 2s/epoch - 3ms/step
Epoch 78/100
782/782 - 2s - loss: 4.1581 - accuracy: 0.0448 - val_loss: 4.0205 - val_accuracy: 0.0678 - 2s/epoch - 3ms/step
Epoch 79/100
782/782 - 2s - loss: 4.1616 - accuracy: 0.0438 - val_loss: 4.0435 - val_accuracy: 0.0640 - 2s/epoch - 3ms/step
Epoch 80/100
782/782 - 2s - loss: 4.1549 - accuracy: 0.0441 - val_loss: 3.9866 - val_accuracy: 0.0664 - 2s/epoch - 3ms/step
Epoch 81/100
782/782 - 2s - loss: 4.1505 - accuracy: 0.0443 - val_loss: 4.0053 - val_accuracy: 0.0678 - 2s/epoch - 3ms/step
Epoch 82/100
782/782 - 2s - loss: 4.1499 - accuracy: 0.0448 - val_loss: 3.9709 - val_accuracy: 0.0728 - 2s/epoch - 3ms/step
Epoch 83/100
782/782 - 2s - loss: 4.1444 - accuracy: 0.0455 - val_loss: 3.9862 - val_accuracy: 0.0714 - 2s/epoch - 3ms/step
Epoch 84/100
782/782 - 2s - loss: 4.1391 - accuracy: 0.0461 - val_loss: 4.0349 - val_accuracy: 0.0636 - 2s/epoch - 3ms/step
Epoch 85/100
782/782 - 2s - loss: 4.1405 - accuracy: 0.0447 - val_loss: 3.9818 - val_accuracy: 0.0686 - 2s/epoch - 3ms/step
Epoch 86/100
782/782 - 2s - loss: 4.1368 - accuracy: 0.0453 - val_loss: 4.0018 - val_accuracy: 0.0664 - 2s/epoch - 3ms/step
Epoch 87/100
782/782 - 2s - loss: 4.1330 - accuracy: 0.0461 - val_loss: 3.9892 - val_accuracy: 0.0682 - 2s/epoch - 3ms/step
Epoch 88/100
782/782 - 2s - loss: 4.1345 - accuracy: 0.0480 - val_loss: 3.9525 - val_accuracy: 0.0759 - 2s/epoch - 3ms/step
Epoch 89/100
782/782 - 2s - loss: 4.1280 - accuracy: 0.0465 - val_loss: 3.9684 - val_accuracy: 0.0764 - 2s/epoch - 3ms/step
Epoch 90/100
782/782 - 2s - loss: 4.1235 - accuracy: 0.0462 - val_loss: 3.9659 - val_accuracy: 0.0713 - 2s/epoch - 3ms/step
Epoch 91/100
782/782 - 2s - loss: 4.1170 - accuracy: 0.0473 - val_loss: 3.9403 - val_accuracy: 0.0761 - 2s/epoch - 3ms/step
Epoch 92/100
782/782 - 2s - loss: 4.1195 - accuracy: 0.0471 - val_loss: 3.9807 - val_accuracy: 0.0709 - 2s/epoch - 3ms/step
Epoch 93/100
782/782 - 2s - loss: 4.1186 - accuracy: 0.0455 - val_loss: 3.9795 - val_accuracy: 0.0724 - 2s/epoch - 3ms/step
Epoch 94/100
782/782 - 2s - loss: 4.1130 - accuracy: 0.0478 - val_loss: 3.9895 - val_accuracy: 0.0698 - 2s/epoch - 3ms/step
Epoch 95/100
782/782 - 2s - loss: 4.1123 - accuracy: 0.0482 - val_loss: 3.9372 - val_accuracy: 0.0761 - 2s/epoch - 3ms/step
Epoch 96/100
782/782 - 2s - loss: 4.1034 - accuracy: 0.0492 - val_loss: 3.9386 - val_accuracy: 0.0793 - 2s/epoch - 3ms/step
Epoch 97/100
782/782 - 2s - loss: 4.1057 - accuracy: 0.0478 - val_loss: 3.9371 - val_accuracy: 0.0771 - 2s/epoch - 3ms/step
Epoch 98/100
782/782 - 2s - loss: 4.0974 - accuracy: 0.0487 - val_loss: 3.9237 - val_accuracy: 0.0816 - 2s/epoch - 3ms/step
Epoch 99/100
782/782 - 2s - loss: 4.1007 - accuracy: 0.0484 - val_loss: 3.9384 - val_accuracy: 0.0749 - 2s/epoch - 3ms/step
Epoch 100/100
782/782 - 2s - loss: 4.0917 - accuracy: 0.0488 - val_loss: 3.9204 - val_accuracy: 0.0824 - 2s/epoch - 3ms/step
313/313 - 0s - loss: 3.9204 - accuracy: 0.0824 - 491ms/epoch - 2ms/step

ACCURACY: 0.08240000158548355


SCORE: -0.3448772891098385

[92m | MODULE VALUES ---------------------------------------------  |
 [0m
FLOPS: 6401356
PARAMS: 54104.0
[92m 
 | -----------------------------------------------------------  |
 [0m
[INFO] New Best Score: -0.3449 (Previous: 10000000000.0000)

--- BANANAS ITERATION 2 / 1000 ---
Chosen point: {'num_neurons': 16, 'unit_c1': 1, 'unit_c2': 7, 'dr_f': 0.09258963950684758, 'learning_rate': 0.0005710713226063893, 'batch_size': 64, 'optimizer': 'Adagrad', 'activation': 'elu', 'data_augmentation': False, 'reg_l2': False, 'skip_connection': False, 'new_fc_1': 7, 'new_fc_2': 23, 'new_fc_3': 10, 'new_fc_4': 0, 'new_fc_5': 7, 'new_fc_6': 23, 'new_fc_7': 28, 'new_fc_8': 32, 'new_fc_9': 21, 'new_fc_10': 3}
[94m
|  --> START TRAINING ITERATION 1[0m
[INFO] Flags -> DA: False, L2: False, Skip: False
Building model with input_shape=(32, 32, 3), pos_input_shape=None, layer_x_block=2
Model: "model"
_________________________________________________________________
 Layer (type)                Output Shape              Param #   
=================================================================
 input_1 (InputLayer)        [(None, 32, 32, 3)]       0         
                                                                 
 conv2d (Conv2D)             (None, 32, 32, 16)        448       
                                                                 
 activation (Activation)     (None, 32, 32, 16)        0         
                                                                 
 conv2d_1 (Conv2D)           (None, 32, 32, 16)        2320      
                                                                 
 activation_1 (Activation)   (None, 32, 32, 16)        0         
                                                                 
 max_pooling2d (MaxPooling2  (None, 16, 16, 16)        0         
 D)                                                              
                                                                 
 conv2d_2 (Conv2D)           (None, 16, 16, 112)       16240     
                                                                 
 activation_2 (Activation)   (None, 16, 16, 112)       0         
                                                                 
 conv2d_3 (Conv2D)           (None, 16, 16, 112)       113008    
                                                                 
 activation_3 (Activation)   (None, 16, 16, 112)       0         
                                                                 
 max_pooling2d_1 (MaxPoolin  (None, 8, 8, 112)         0         
 g2D)                                                            
                                                                 
 flatten (Flatten)           (None, 7168)              0         
                                                                 
 dense (Dense)               (None, 112)               802928    
                                                                 
 activation_4 (Activation)   (None, 112)               0         
                                                                 
 dropout (Dropout)           (None, 112)               0         
                                                                 
 dense_1 (Dense)             (None, 368)               41584     
                                                                 
 activation_5 (Activation)   (None, 368)               0         
                                                                 
 dropout_1 (Dropout)         (None, 368)               0         
                                                                 
 dense_2 (Dense)             (None, 160)               59040     
                                                                 
 activation_6 (Activation)   (None, 160)               0         
                                                                 
 dropout_2 (Dropout)         (None, 160)               0         
                                                                 
 dense_3 (Dense)             (None, 112)               18032     
                                                                 
 activation_7 (Activation)   (None, 112)               0         
                                                                 
 dropout_3 (Dropout)         (None, 112)               0         
                                                                 
 dense_4 (Dense)             (None, 368)               41584     
                                                                 
 activation_8 (Activation)   (None, 368)               0         
                                                                 
 dropout_4 (Dropout)         (None, 368)               0         
                                                                 
 dense_5 (Dense)             (None, 448)               165312    
                                                                 
 activation_9 (Activation)   (None, 448)               0         
                                                                 
 dropout_5 (Dropout)         (None, 448)               0         
                                                                 
 dense_6 (Dense)             (None, 512)               229888    
                                                                 
 activation_10 (Activation)  (None, 512)               0         
                                                                 
 dropout_6 (Dropout)         (None, 512)               0         
                                                                 
 dense_7 (Dense)             (None, 336)               172368    
                                                                 
 activation_11 (Activation)  (None, 336)               0         
                                                                 
 dropout_7 (Dropout)         (None, 336)               0         
                                                                 
 dense_8 (Dense)             (None, 48)                16176     
                                                                 
 activation_12 (Activation)  (None, 48)                0         
                                                                 
 dropout_8 (Dropout)         (None, 48)                0         
                                                                 
 dense_9 (Dense)             (None, 100)               4900      
                                                                 
=================================================================
Total params: 1683828 (6.42 MB)
Trainable params: 1683828 (6.42 MB)
Non-trainable params: 0 (0.00 Byte)
_________________________________________________________________
Epoch 1/100
782/782 - 4s - loss: 4.5996 - accuracy: 0.0127 - val_loss: 4.5890 - val_accuracy: 0.0210 - 4s/epoch - 5ms/step
Epoch 2/100
782/782 - 3s - loss: 4.5775 - accuracy: 0.0184 - val_loss: 4.5550 - val_accuracy: 0.0220 - 3s/epoch - 3ms/step
Epoch 3/100
782/782 - 3s - loss: 4.5369 - accuracy: 0.0203 - val_loss: 4.5046 - val_accuracy: 0.0212 - 3s/epoch - 3ms/step
Epoch 4/100
782/782 - 3s - loss: 4.4927 - accuracy: 0.0241 - val_loss: 4.4563 - val_accuracy: 0.0311 - 3s/epoch - 3ms/step
Epoch 5/100
782/782 - 2s - loss: 4.4504 - accuracy: 0.0283 - val_loss: 4.4092 - val_accuracy: 0.0356 - 2s/epoch - 3ms/step
Epoch 6/100
782/782 - 2s - loss: 4.4078 - accuracy: 0.0330 - val_loss: 4.3613 - val_accuracy: 0.0405 - 2s/epoch - 3ms/step
Epoch 7/100
782/782 - 2s - loss: 4.3668 - accuracy: 0.0355 - val_loss: 4.3164 - val_accuracy: 0.0487 - 2s/epoch - 3ms/step
Epoch 8/100
782/782 - 2s - loss: 4.3302 - accuracy: 0.0391 - val_loss: 4.2800 - val_accuracy: 0.0506 - 2s/epoch - 3ms/step
Epoch 9/100
782/782 - 2s - loss: 4.2995 - accuracy: 0.0419 - val_loss: 4.2472 - val_accuracy: 0.0529 - 2s/epoch - 3ms/step
Epoch 10/100
782/782 - 2s - loss: 4.2703 - accuracy: 0.0446 - val_loss: 4.2172 - val_accuracy: 0.0592 - 2s/epoch - 3ms/step
Epoch 11/100
782/782 - 2s - loss: 4.2424 - accuracy: 0.0483 - val_loss: 4.1908 - val_accuracy: 0.0610 - 2s/epoch - 3ms/step
Epoch 12/100
782/782 - 2s - loss: 4.2175 - accuracy: 0.0523 - val_loss: 4.1615 - val_accuracy: 0.0640 - 2s/epoch - 3ms/step
Epoch 13/100
782/782 - 2s - loss: 4.1893 - accuracy: 0.0564 - val_loss: 4.1380 - val_accuracy: 0.0684 - 2s/epoch - 3ms/step
Epoch 14/100
782/782 - 2s - loss: 4.1654 - accuracy: 0.0604 - val_loss: 4.1132 - val_accuracy: 0.0753 - 2s/epoch - 3ms/step
Epoch 15/100
782/782 - 2s - loss: 4.1417 - accuracy: 0.0625 - val_loss: 4.0835 - val_accuracy: 0.0790 - 2s/epoch - 3ms/step
Epoch 16/100
782/782 - 2s - loss: 4.1180 - accuracy: 0.0653 - val_loss: 4.0610 - val_accuracy: 0.0809 - 2s/epoch - 3ms/step
Epoch 17/100
782/782 - 2s - loss: 4.1023 - accuracy: 0.0676 - val_loss: 4.0376 - val_accuracy: 0.0876 - 2s/epoch - 3ms/step
Epoch 18/100
782/782 - 2s - loss: 4.0822 - accuracy: 0.0705 - val_loss: 4.0188 - val_accuracy: 0.0905 - 2s/epoch - 3ms/step
Epoch 19/100
782/782 - 2s - loss: 4.0639 - accuracy: 0.0744 - val_loss: 3.9977 - val_accuracy: 0.0929 - 2s/epoch - 3ms/step
Epoch 20/100
782/782 - 2s - loss: 4.0465 - accuracy: 0.0751 - val_loss: 3.9792 - val_accuracy: 0.0948 - 2s/epoch - 3ms/step
Epoch 21/100
782/782 - 2s - loss: 4.0287 - accuracy: 0.0784 - val_loss: 3.9635 - val_accuracy: 0.0972 - 2s/epoch - 3ms/step
Epoch 22/100
782/782 - 2s - loss: 4.0129 - accuracy: 0.0801 - val_loss: 3.9467 - val_accuracy: 0.1004 - 2s/epoch - 3ms/step
Epoch 23/100
782/782 - 2s - loss: 3.9947 - accuracy: 0.0842 - val_loss: 3.9347 - val_accuracy: 0.1027 - 2s/epoch - 3ms/step
Epoch 24/100
782/782 - 2s - loss: 3.9804 - accuracy: 0.0859 - val_loss: 3.9132 - val_accuracy: 0.1066 - 2s/epoch - 3ms/step
Epoch 25/100
782/782 - 2s - loss: 3.9665 - accuracy: 0.0864 - val_loss: 3.8945 - val_accuracy: 0.1104 - 2s/epoch - 3ms/step
Epoch 26/100
782/782 - 2s - loss: 3.9513 - accuracy: 0.0888 - val_loss: 3.8759 - val_accuracy: 0.1124 - 2s/epoch - 3ms/step
Epoch 27/100
782/782 - 2s - loss: 3.9397 - accuracy: 0.0903 - val_loss: 3.8681 - val_accuracy: 0.1125 - 2s/epoch - 3ms/step
Epoch 28/100
782/782 - 2s - loss: 3.9207 - accuracy: 0.0939 - val_loss: 3.8479 - val_accuracy: 0.1182 - 2s/epoch - 3ms/step
Epoch 29/100
782/782 - 2s - loss: 3.9100 - accuracy: 0.0938 - val_loss: 3.8289 - val_accuracy: 0.1226 - 2s/epoch - 3ms/step
Epoch 30/100
782/782 - 2s - loss: 3.8954 - accuracy: 0.0990 - val_loss: 3.8129 - val_accuracy: 0.1224 - 2s/epoch - 3ms/step
Epoch 31/100
782/782 - 2s - loss: 3.8825 - accuracy: 0.0999 - val_loss: 3.7988 - val_accuracy: 0.1245 - 2s/epoch - 3ms/step
Epoch 32/100
782/782 - 2s - loss: 3.8700 - accuracy: 0.1031 - val_loss: 3.7936 - val_accuracy: 0.1284 - 2s/epoch - 3ms/step
Epoch 33/100
782/782 - 3s - loss: 3.8587 - accuracy: 0.1029 - val_loss: 3.7701 - val_accuracy: 0.1306 - 3s/epoch - 3ms/step
Epoch 34/100
782/782 - 2s - loss: 3.8452 - accuracy: 0.1059 - val_loss: 3.7583 - val_accuracy: 0.1327 - 2s/epoch - 3ms/step
Epoch 35/100
782/782 - 2s - loss: 3.8349 - accuracy: 0.1084 - val_loss: 3.7481 - val_accuracy: 0.1347 - 2s/epoch - 3ms/step
Epoch 36/100
782/782 - 2s - loss: 3.8219 - accuracy: 0.1112 - val_loss: 3.7318 - val_accuracy: 0.1356 - 2s/epoch - 3ms/step
Epoch 37/100
782/782 - 2s - loss: 3.8128 - accuracy: 0.1110 - val_loss: 3.7203 - val_accuracy: 0.1380 - 2s/epoch - 3ms/step
Epoch 38/100
782/782 - 2s - loss: 3.8034 - accuracy: 0.1129 - val_loss: 3.7115 - val_accuracy: 0.1396 - 2s/epoch - 3ms/step
Epoch 39/100
782/782 - 2s - loss: 3.7946 - accuracy: 0.1158 - val_loss: 3.6980 - val_accuracy: 0.1406 - 2s/epoch - 3ms/step
Epoch 40/100
782/782 - 2s - loss: 3.7816 - accuracy: 0.1166 - val_loss: 3.6865 - val_accuracy: 0.1439 - 2s/epoch - 3ms/step
Epoch 41/100
782/782 - 2s - loss: 3.7722 - accuracy: 0.1186 - val_loss: 3.6887 - val_accuracy: 0.1460 - 2s/epoch - 3ms/step
Epoch 42/100
782/782 - 2s - loss: 3.7622 - accuracy: 0.1203 - val_loss: 3.6706 - val_accuracy: 0.1441 - 2s/epoch - 3ms/step
Epoch 43/100
782/782 - 2s - loss: 3.7545 - accuracy: 0.1230 - val_loss: 3.6587 - val_accuracy: 0.1525 - 2s/epoch - 3ms/step
Epoch 44/100
782/782 - 2s - loss: 3.7457 - accuracy: 0.1224 - val_loss: 3.6510 - val_accuracy: 0.1518 - 2s/epoch - 3ms/step
Epoch 45/100
782/782 - 2s - loss: 3.7323 - accuracy: 0.1243 - val_loss: 3.6358 - val_accuracy: 0.1559 - 2s/epoch - 3ms/step
Epoch 46/100
782/782 - 2s - loss: 3.7303 - accuracy: 0.1257 - val_loss: 3.6294 - val_accuracy: 0.1556 - 2s/epoch - 3ms/step
Epoch 47/100
782/782 - 2s - loss: 3.7244 - accuracy: 0.1250 - val_loss: 3.6225 - val_accuracy: 0.1562 - 2s/epoch - 3ms/step
Epoch 48/100
782/782 - 2s - loss: 3.7109 - accuracy: 0.1283 - val_loss: 3.6218 - val_accuracy: 0.1557 - 2s/epoch - 3ms/step
Epoch 49/100
782/782 - 2s - loss: 3.7046 - accuracy: 0.1306 - val_loss: 3.6026 - val_accuracy: 0.1601 - 2s/epoch - 3ms/step
Epoch 50/100
782/782 - 2s - loss: 3.6981 - accuracy: 0.1296 - val_loss: 3.5972 - val_accuracy: 0.1604 - 2s/epoch - 3ms/step
Epoch 51/100
782/782 - 2s - loss: 3.6897 - accuracy: 0.1326 - val_loss: 3.5993 - val_accuracy: 0.1610 - 2s/epoch - 3ms/step
Epoch 52/100
782/782 - 2s - loss: 3.6820 - accuracy: 0.1314 - val_loss: 3.5859 - val_accuracy: 0.1632 - 2s/epoch - 3ms/step
Epoch 53/100
782/782 - 2s - loss: 3.6745 - accuracy: 0.1329 - val_loss: 3.5693 - val_accuracy: 0.1631 - 2s/epoch - 3ms/step
Epoch 54/100
782/782 - 2s - loss: 3.6680 - accuracy: 0.1324 - val_loss: 3.5611 - val_accuracy: 0.1660 - 2s/epoch - 3ms/step
Epoch 55/100
782/782 - 2s - loss: 3.6597 - accuracy: 0.1359 - val_loss: 3.5602 - val_accuracy: 0.1649 - 2s/epoch - 3ms/step
Epoch 56/100
782/782 - 2s - loss: 3.6513 - accuracy: 0.1372 - val_loss: 3.5455 - val_accuracy: 0.1659 - 2s/epoch - 3ms/step
Epoch 57/100
782/782 - 2s - loss: 3.6456 - accuracy: 0.1381 - val_loss: 3.5393 - val_accuracy: 0.1663 - 2s/epoch - 3ms/step
Epoch 58/100
782/782 - 2s - loss: 3.6393 - accuracy: 0.1400 - val_loss: 3.5364 - val_accuracy: 0.1656 - 2s/epoch - 3ms/step
Epoch 59/100
782/782 - 2s - loss: 3.6310 - accuracy: 0.1411 - val_loss: 3.5249 - val_accuracy: 0.1693 - 2s/epoch - 3ms/step
Epoch 60/100
782/782 - 2s - loss: 3.6245 - accuracy: 0.1418 - val_loss: 3.5170 - val_accuracy: 0.1703 - 2s/epoch - 3ms/step
Epoch 61/100
782/782 - 2s - loss: 3.6195 - accuracy: 0.1420 - val_loss: 3.5138 - val_accuracy: 0.1700 - 2s/epoch - 3ms/step
Epoch 62/100
782/782 - 2s - loss: 3.6163 - accuracy: 0.1420 - val_loss: 3.5056 - val_accuracy: 0.1750 - 2s/epoch - 3ms/step
Epoch 63/100
782/782 - 2s - loss: 3.6046 - accuracy: 0.1465 - val_loss: 3.5057 - val_accuracy: 0.1731 - 2s/epoch - 3ms/step
Epoch 64/100
782/782 - 2s - loss: 3.5996 - accuracy: 0.1437 - val_loss: 3.4962 - val_accuracy: 0.1751 - 2s/epoch - 3ms/step
Epoch 65/100
782/782 - 2s - loss: 3.5921 - accuracy: 0.1479 - val_loss: 3.4897 - val_accuracy: 0.1779 - 2s/epoch - 3ms/step
Epoch 66/100
782/782 - 2s - loss: 3.5872 - accuracy: 0.1485 - val_loss: 3.4803 - val_accuracy: 0.1775 - 2s/epoch - 3ms/step
Epoch 67/100
782/782 - 2s - loss: 3.5810 - accuracy: 0.1482 - val_loss: 3.4782 - val_accuracy: 0.1798 - 2s/epoch - 3ms/step
Epoch 68/100
782/782 - 2s - loss: 3.5739 - accuracy: 0.1513 - val_loss: 3.4650 - val_accuracy: 0.1818 - 2s/epoch - 3ms/step
Epoch 69/100
782/782 - 2s - loss: 3.5715 - accuracy: 0.1512 - val_loss: 3.4573 - val_accuracy: 0.1819 - 2s/epoch - 3ms/step
Epoch 70/100
782/782 - 2s - loss: 3.5654 - accuracy: 0.1530 - val_loss: 3.4557 - val_accuracy: 0.1815 - 2s/epoch - 3ms/step
Epoch 71/100
782/782 - 2s - loss: 3.5581 - accuracy: 0.1529 - val_loss: 3.4539 - val_accuracy: 0.1824 - 2s/epoch - 3ms/step
Epoch 72/100
782/782 - 2s - loss: 3.5495 - accuracy: 0.1545 - val_loss: 3.4425 - val_accuracy: 0.1851 - 2s/epoch - 3ms/step
Epoch 73/100
782/782 - 2s - loss: 3.5422 - accuracy: 0.1542 - val_loss: 3.4375 - val_accuracy: 0.1860 - 2s/epoch - 3ms/step
Epoch 74/100
782/782 - 2s - loss: 3.5407 - accuracy: 0.1556 - val_loss: 3.4334 - val_accuracy: 0.1864 - 2s/epoch - 3ms/step
Epoch 75/100
782/782 - 2s - loss: 3.5352 - accuracy: 0.1573 - val_loss: 3.4281 - val_accuracy: 0.1893 - 2s/epoch - 3ms/step
Epoch 76/100
782/782 - 2s - loss: 3.5255 - accuracy: 0.1568 - val_loss: 3.4189 - val_accuracy: 0.1891 - 2s/epoch - 3ms/step
Epoch 77/100
782/782 - 2s - loss: 3.5263 - accuracy: 0.1571 - val_loss: 3.4165 - val_accuracy: 0.1909 - 2s/epoch - 3ms/step
Epoch 78/100
782/782 - 2s - loss: 3.5129 - accuracy: 0.1602 - val_loss: 3.4085 - val_accuracy: 0.1911 - 2s/epoch - 3ms/step
Epoch 79/100
782/782 - 2s - loss: 3.5118 - accuracy: 0.1594 - val_loss: 3.4024 - val_accuracy: 0.1923 - 2s/epoch - 3ms/step
Epoch 80/100
782/782 - 2s - loss: 3.5098 - accuracy: 0.1594 - val_loss: 3.3995 - val_accuracy: 0.1933 - 2s/epoch - 3ms/step
Epoch 81/100
782/782 - 2s - loss: 3.5004 - accuracy: 0.1628 - val_loss: 3.3938 - val_accuracy: 0.1950 - 2s/epoch - 3ms/step
Epoch 82/100
782/782 - 2s - loss: 3.4941 - accuracy: 0.1622 - val_loss: 3.3893 - val_accuracy: 0.1962 - 2s/epoch - 3ms/step
Epoch 83/100
782/782 - 2s - loss: 3.4937 - accuracy: 0.1626 - val_loss: 3.3792 - val_accuracy: 0.1984 - 2s/epoch - 3ms/step
Epoch 84/100
782/782 - 2s - loss: 3.4858 - accuracy: 0.1650 - val_loss: 3.3765 - val_accuracy: 0.1986 - 2s/epoch - 3ms/step
Epoch 85/100
782/782 - 2s - loss: 3.4790 - accuracy: 0.1656 - val_loss: 3.3745 - val_accuracy: 0.1964 - 2s/epoch - 3ms/step
Epoch 86/100
782/782 - 2s - loss: 3.4703 - accuracy: 0.1666 - val_loss: 3.3642 - val_accuracy: 0.1998 - 2s/epoch - 3ms/step
Epoch 87/100
782/782 - 2s - loss: 3.4732 - accuracy: 0.1678 - val_loss: 3.3655 - val_accuracy: 0.2017 - 2s/epoch - 3ms/step
Epoch 88/100
782/782 - 2s - loss: 3.4663 - accuracy: 0.1668 - val_loss: 3.3648 - val_accuracy: 0.1976 - 2s/epoch - 3ms/step
Epoch 89/100
782/782 - 2s - loss: 3.4592 - accuracy: 0.1709 - val_loss: 3.3514 - val_accuracy: 0.2014 - 2s/epoch - 3ms/step
Epoch 90/100
782/782 - 2s - loss: 3.4501 - accuracy: 0.1719 - val_loss: 3.3447 - val_accuracy: 0.2044 - 2s/epoch - 3ms/step
Epoch 91/100
782/782 - 2s - loss: 3.4466 - accuracy: 0.1690 - val_loss: 3.3412 - val_accuracy: 0.2050 - 2s/epoch - 3ms/step
Epoch 92/100
782/782 - 2s - loss: 3.4478 - accuracy: 0.1705 - val_loss: 3.3354 - val_accuracy: 0.2045 - 2s/epoch - 3ms/step
Epoch 93/100
782/782 - 2s - loss: 3.4383 - accuracy: 0.1739 - val_loss: 3.3353 - val_accuracy: 0.2055 - 2s/epoch - 3ms/step
Epoch 94/100
782/782 - 2s - loss: 3.4357 - accuracy: 0.1735 - val_loss: 3.3275 - val_accuracy: 0.2039 - 2s/epoch - 3ms/step
Epoch 95/100
782/782 - 2s - loss: 3.4327 - accuracy: 0.1749 - val_loss: 3.3248 - val_accuracy: 0.2091 - 2s/epoch - 3ms/step
Epoch 96/100
782/782 - 2s - loss: 3.4248 - accuracy: 0.1748 - val_loss: 3.3274 - val_accuracy: 0.2062 - 2s/epoch - 3ms/step
Epoch 97/100
782/782 - 2s - loss: 3.4255 - accuracy: 0.1735 - val_loss: 3.3172 - val_accuracy: 0.2101 - 2s/epoch - 3ms/step
Epoch 98/100
782/782 - 2s - loss: 3.4103 - accuracy: 0.1774 - val_loss: 3.3103 - val_accuracy: 0.2087 - 2s/epoch - 3ms/step
Epoch 99/100
782/782 - 2s - loss: 3.4150 - accuracy: 0.1743 - val_loss: 3.3156 - val_accuracy: 0.2093 - 2s/epoch - 3ms/step
Epoch 100/100
782/782 - 2s - loss: 3.4042 - accuracy: 0.1771 - val_loss: 3.3016 - val_accuracy: 0.2125 - 2s/epoch - 3ms/step
313/313 - 1s - loss: 3.3016 - accuracy: 0.2125 - 504ms/epoch - 2ms/step

ACCURACY: 0.21250000596046448


SCORE: -0.2989493161723251

[92m | MODULE VALUES ---------------------------------------------  |
 [0m
FLOPS: 74900344
PARAMS: 1683828.0
[92m 
 | -----------------------------------------------------------  |
 [0m

--- BANANAS ITERATION 3 / 1000 ---
Chosen point: {'num_neurons': 8, 'unit_c1': 2, 'unit_c2': 4, 'dr_f': 0.4628669638616868, 'learning_rate': 0.0004900079477384068, 'batch_size': 16, 'optimizer': 'Adadelta', 'activation': 'swish', 'data_augmentation': False, 'reg_l2': False, 'skip_connection': True, 'new_fc_1': 18, 'new_fc_2': 21, 'new_fc_3': 3, 'new_fc_4': 11, 'new_fc_5': 16, 'new_fc_6': 12, 'new_fc_7': 29, 'new_fc_8': 9, 'new_fc_9': 12, 'new_fc_10': 3}
[94m
|  --> START TRAINING ITERATION 2[0m
[INFO] Flags -> DA: False, L2: False, Skip: True
Building model with input_shape=(32, 32, 3), pos_input_shape=None, layer_x_block=2
Model: "model"
__________________________________________________________________________________________________
 Layer (type)                Output Shape                 Param #   Connected to                  
==================================================================================================
 input_1 (InputLayer)        [(None, 32, 32, 3)]          0         []                            
                                                                                                  
 conv2d (Conv2D)             (None, 32, 32, 16)           448       ['input_1[0][0]']             
                                                                                                  
 activation (Activation)     (None, 32, 32, 16)           0         ['conv2d[0][0]']              
                                                                                                  
 conv2d_2 (Conv2D)           (None, 32, 32, 16)           64        ['input_1[0][0]']             
                                                                                                  
 conv2d_1 (Conv2D)           (None, 32, 32, 16)           2320      ['activation[0][0]']          
                                                                                                  
 add (Add)                   (None, 32, 32, 16)           0         ['conv2d_2[0][0]',            
                                                                     'conv2d_1[0][0]']            
                                                                                                  
 activation_1 (Activation)   (None, 32, 32, 16)           0         ['add[0][0]']                 
                                                                                                  
 max_pooling2d (MaxPooling2  (None, 16, 16, 16)           0         ['activation_1[0][0]']        
 D)                                                                                               
                                                                                                  
 conv2d_3 (Conv2D)           (None, 16, 16, 32)           4640      ['max_pooling2d[0][0]']       
                                                                                                  
 activation_2 (Activation)   (None, 16, 16, 32)           0         ['conv2d_3[0][0]']            
                                                                                                  
 conv2d_5 (Conv2D)           (None, 16, 16, 32)           544       ['max_pooling2d[0][0]']       
                                                                                                  
 conv2d_4 (Conv2D)           (None, 16, 16, 32)           9248      ['activation_2[0][0]']        
                                                                                                  
 add_1 (Add)                 (None, 16, 16, 32)           0         ['conv2d_5[0][0]',            
                                                                     'conv2d_4[0][0]']            
                                                                                                  
 activation_3 (Activation)   (None, 16, 16, 32)           0         ['add_1[0][0]']               
                                                                                                  
 max_pooling2d_1 (MaxPoolin  (None, 8, 8, 32)             0         ['activation_3[0][0]']        
 g2D)                                                                                             
                                                                                                  
 flatten (Flatten)           (None, 2048)                 0         ['max_pooling2d_1[0][0]']     
                                                                                                  
 dense (Dense)               (None, 144)                  295056    ['flatten[0][0]']             
                                                                                                  
 activation_4 (Activation)   (None, 144)                  0         ['dense[0][0]']               
                                                                                                  
 dropout (Dropout)           (None, 144)                  0         ['activation_4[0][0]']        
                                                                                                  
 dense_1 (Dense)             (None, 168)                  24360     ['dropout[0][0]']             
                                                                                                  
 activation_5 (Activation)   (None, 168)                  0         ['dense_1[0][0]']             
                                                                                                  
 dropout_1 (Dropout)         (None, 168)                  0         ['activation_5[0][0]']        
                                                                                                  
 dense_2 (Dense)             (None, 24)                   4056      ['dropout_1[0][0]']           
                                                                                                  
 activation_6 (Activation)   (None, 24)                   0         ['dense_2[0][0]']             
                                                                                                  
 dropout_2 (Dropout)         (None, 24)                   0         ['activation_6[0][0]']        
                                                                                                  
 dense_3 (Dense)             (None, 88)                   2200      ['dropout_2[0][0]']           
                                                                                                  
 activation_7 (Activation)   (None, 88)                   0         ['dense_3[0][0]']             
                                                                                                  
 dropout_3 (Dropout)         (None, 88)                   0         ['activation_7[0][0]']        
                                                                                                  
 dense_4 (Dense)             (None, 128)                  11392     ['dropout_3[0][0]']           
                                                                                                  
 activation_8 (Activation)   (None, 128)                  0         ['dense_4[0][0]']             
                                                                                                  
 dropout_4 (Dropout)         (None, 128)                  0         ['activation_8[0][0]']        
                                                                                                  
 dense_5 (Dense)             (None, 96)                   12384     ['dropout_4[0][0]']           
                                                                                                  
 activation_9 (Activation)   (None, 96)                   0         ['dense_5[0][0]']             
                                                                                                  
 dropout_5 (Dropout)         (None, 96)                   0         ['activation_9[0][0]']        
                                                                                                  
 dense_6 (Dense)             (None, 232)                  22504     ['dropout_5[0][0]']           
                                                                                                  
 activation_10 (Activation)  (None, 232)                  0         ['dense_6[0][0]']             
                                                                                                  
 dropout_6 (Dropout)         (None, 232)                  0         ['activation_10[0][0]']       
                                                                                                  
 dense_7 (Dense)             (None, 72)                   16776     ['dropout_6[0][0]']           
                                                                                                  
 activation_11 (Activation)  (None, 72)                   0         ['dense_7[0][0]']             
                                                                                                  
 dropout_7 (Dropout)         (None, 72)                   0         ['activation_11[0][0]']       
                                                                                                  
 dense_8 (Dense)             (None, 96)                   7008      ['dropout_7[0][0]']           
                                                                                                  
 activation_12 (Activation)  (None, 96)                   0         ['dense_8[0][0]']             
                                                                                                  
 dropout_8 (Dropout)         (None, 96)                   0         ['activation_12[0][0]']       
                                                                                                  
 dense_9 (Dense)             (None, 24)                   2328      ['dropout_8[0][0]']           
                                                                                                  
 activation_13 (Activation)  (None, 24)                   0         ['dense_9[0][0]']             
                                                                                                  
 dropout_9 (Dropout)         (None, 24)                   0         ['activation_13[0][0]']       
                                                                                                  
 dense_10 (Dense)            (None, 100)                  2500      ['dropout_9[0][0]']           
                                                                                                  
==================================================================================================
Total params: 417828 (1.59 MB)
Trainable params: 417828 (1.59 MB)
Non-trainable params: 0 (0.00 Byte)
__________________________________________________________________________________________________
Epoch 1/100
3125/3125 - 13s - loss: 4.6052 - accuracy: 0.0095 - val_loss: 4.6052 - val_accuracy: 0.0099 - 13s/epoch - 4ms/step
Epoch 2/100
3125/3125 - 11s - loss: 4.6052 - accuracy: 0.0100 - val_loss: 4.6052 - val_accuracy: 0.0093 - 11s/epoch - 4ms/step
Epoch 3/100
3125/3125 - 11s - loss: 4.6052 - accuracy: 0.0111 - val_loss: 4.6052 - val_accuracy: 0.0088 - 11s/epoch - 4ms/step
Epoch 4/100
3125/3125 - 11s - loss: 4.6052 - accuracy: 0.0099 - val_loss: 4.6052 - val_accuracy: 0.0111 - 11s/epoch - 4ms/step
Epoch 5/100
3125/3125 - 11s - loss: 4.6052 - accuracy: 0.0098 - val_loss: 4.6052 - val_accuracy: 0.0104 - 11s/epoch - 4ms/step
Epoch 6/100
3125/3125 - 11s - loss: 4.6052 - accuracy: 0.0098 - val_loss: 4.6052 - val_accuracy: 0.0107 - 11s/epoch - 4ms/step
Epoch 7/100
3125/3125 - 11s - loss: 4.6052 - accuracy: 0.0095 - val_loss: 4.6052 - val_accuracy: 0.0098 - 11s/epoch - 4ms/step
Epoch 8/100
3125/3125 - 11s - loss: 4.6052 - accuracy: 0.0105 - val_loss: 4.6052 - val_accuracy: 0.0101 - 11s/epoch - 4ms/step
Epoch 9/100
3125/3125 - 11s - loss: 4.6052 - accuracy: 0.0099 - val_loss: 4.6052 - val_accuracy: 0.0093 - 11s/epoch - 4ms/step
Epoch 10/100
3125/3125 - 11s - loss: 4.6052 - accuracy: 0.0100 - val_loss: 4.6052 - val_accuracy: 0.0121 - 11s/epoch - 4ms/step
Epoch 11/100
3125/3125 - 11s - loss: 4.6052 - accuracy: 0.0102 - val_loss: 4.6052 - val_accuracy: 0.0115 - 11s/epoch - 4ms/step
Epoch 12/100
3125/3125 - 11s - loss: 4.6052 - accuracy: 0.0102 - val_loss: 4.6052 - val_accuracy: 0.0132 - 11s/epoch - 4ms/step
Epoch 13/100
3125/3125 - 11s - loss: 4.6052 - accuracy: 0.0103 - val_loss: 4.6052 - val_accuracy: 0.0104 - 11s/epoch - 4ms/step
Epoch 14/100
3125/3125 - 11s - loss: 4.6052 - accuracy: 0.0095 - val_loss: 4.6052 - val_accuracy: 0.0105 - 11s/epoch - 4ms/step
Epoch 15/100
3125/3125 - 11s - loss: 4.6052 - accuracy: 0.0104 - val_loss: 4.6052 - val_accuracy: 0.0107 - 11s/epoch - 4ms/step
Epoch 16/100
3125/3125 - 11s - loss: 4.6052 - accuracy: 0.0099 - val_loss: 4.6052 - val_accuracy: 0.0112 - 11s/epoch - 4ms/step
Epoch 17/100
3125/3125 - 11s - loss: 4.6052 - accuracy: 0.0095 - val_loss: 4.6052 - val_accuracy: 0.0121 - 11s/epoch - 4ms/step
Epoch 18/100
3125/3125 - 11s - loss: 4.6052 - accuracy: 0.0101 - val_loss: 4.6052 - val_accuracy: 0.0119 - 11s/epoch - 4ms/step
Epoch 19/100
3125/3125 - 11s - loss: 4.6052 - accuracy: 0.0103 - val_loss: 4.6052 - val_accuracy: 0.0123 - 11s/epoch - 4ms/step
Epoch 20/100
3125/3125 - 11s - loss: 4.6052 - accuracy: 0.0100 - val_loss: 4.6052 - val_accuracy: 0.0112 - 11s/epoch - 4ms/step
Epoch 21/100
3125/3125 - 11s - loss: 4.6052 - accuracy: 0.0097 - val_loss: 4.6052 - val_accuracy: 0.0109 - 11s/epoch - 4ms/step
Epoch 22/100
3125/3125 - 11s - loss: 4.6052 - accuracy: 0.0107 - val_loss: 4.6052 - val_accuracy: 0.0112 - 11s/epoch - 4ms/step
Epoch 23/100
3125/3125 - 11s - loss: 4.6052 - accuracy: 0.0091 - val_loss: 4.6052 - val_accuracy: 0.0114 - 11s/epoch - 4ms/step
Epoch 24/100
3125/3125 - 11s - loss: 4.6052 - accuracy: 0.0106 - val_loss: 4.6052 - val_accuracy: 0.0121 - 11s/epoch - 4ms/step
Epoch 25/100
3125/3125 - 11s - loss: 4.6052 - accuracy: 0.0100 - val_loss: 4.6052 - val_accuracy: 0.0110 - 11s/epoch - 4ms/step
Epoch 26/100
3125/3125 - 11s - loss: 4.6052 - accuracy: 0.0099 - val_loss: 4.6052 - val_accuracy: 0.0104 - 11s/epoch - 4ms/step
Epoch 27/100
3125/3125 - 11s - loss: 4.6052 - accuracy: 0.0094 - val_loss: 4.6052 - val_accuracy: 0.0082 - 11s/epoch - 4ms/step
Epoch 28/100
3125/3125 - 11s - loss: 4.6052 - accuracy: 0.0098 - val_loss: 4.6052 - val_accuracy: 0.0079 - 11s/epoch - 4ms/step
Epoch 29/100
3125/3125 - 11s - loss: 4.6052 - accuracy: 0.0095 - val_loss: 4.6052 - val_accuracy: 0.0071 - 11s/epoch - 4ms/step
Epoch 30/100
3125/3125 - 11s - loss: 4.6052 - accuracy: 0.0100 - val_loss: 4.6052 - val_accuracy: 0.0077 - 11s/epoch - 4ms/step
Epoch 31/100
Restoring model weights from the end of the best epoch: 1.
3125/3125 - 11s - loss: 4.6052 - accuracy: 0.0094 - val_loss: 4.6052 - val_accuracy: 0.0080 - 11s/epoch - 4ms/step
Epoch 31: early stopping
313/313 - 1s - loss: 4.6052 - accuracy: 0.0099 - 633ms/epoch - 2ms/step

ACCURACY: 0.00989999994635582


SCORE: -0.27879910396244906

[92m | MODULE VALUES ---------------------------------------------  |
 [0m
FLOPS: 14065448
PARAMS: 417828.0
[92m 
 | -----------------------------------------------------------  |
 [0m

--- BANANAS ITERATION 4 / 1000 ---
Chosen point: {'num_neurons': 32, 'unit_c1': 1, 'unit_c2': 5, 'dr_f': 0.3509695115564463, 'learning_rate': 0.0001478158216056618, 'batch_size': 16, 'optimizer': 'SGD', 'activation': 'relu', 'data_augmentation': True, 'reg_l2': True, 'skip_connection': True, 'new_fc_1': 3, 'new_fc_2': 29, 'new_fc_3': 12, 'new_fc_4': 12, 'new_fc_5': 15, 'new_fc_6': 29, 'new_fc_7': 8, 'new_fc_8': 6, 'new_fc_9': 21, 'new_fc_10': 27}
[94m
|  --> START TRAINING ITERATION 3[0m
[INFO] Flags -> DA: True, L2: True, Skip: True
Building model with input_shape=(32, 32, 3), pos_input_shape=None, layer_x_block=2
Model: "model"
__________________________________________________________________________________________________
 Layer (type)                Output Shape                 Param #   Connected to                  
==================================================================================================
 input_2 (InputLayer)        [(None, 32, 32, 3)]          0         []                            
                                                                                                  
 conv2d (Conv2D)             (None, 32, 32, 32)           896       ['input_2[0][0]']             
                                                                                                  
 activation (Activation)     (None, 32, 32, 32)           0         ['conv2d[1][0]']              
                                                                                                  
 conv2d_2 (Conv2D)           (None, 32, 32, 32)           128       ['input_2[0][0]']             
                                                                                                  
 conv2d_1 (Conv2D)           (None, 32, 32, 32)           9248      ['activation[1][0]']          
                                                                                                  
 add (Add)                   (None, 32, 32, 32)           0         ['conv2d_2[1][0]',            
                                                                     'conv2d_1[1][0]']            
                                                                                                  
 activation_1 (Activation)   (None, 32, 32, 32)           0         ['add[1][0]']                 
                                                                                                  
 max_pooling2d (MaxPooling2  (None, 16, 16, 32)           0         ['activation_1[1][0]']        
 D)                                                                                               
                                                                                                  
 conv2d_3 (Conv2D)           (None, 16, 16, 160)          46240     ['max_pooling2d[1][0]']       
                                                                                                  
 activation_2 (Activation)   (None, 16, 16, 160)          0         ['conv2d_3[1][0]']            
                                                                                                  
 conv2d_5 (Conv2D)           (None, 16, 16, 160)          5280      ['max_pooling2d[1][0]']       
                                                                                                  
 conv2d_4 (Conv2D)           (None, 16, 16, 160)          230560    ['activation_2[1][0]']        
                                                                                                  
 add_1 (Add)                 (None, 16, 16, 160)          0         ['conv2d_5[1][0]',            
                                                                     'conv2d_4[1][0]']            
                                                                                                  
 activation_3 (Activation)   (None, 16, 16, 160)          0         ['add_1[1][0]']               
                                                                                                  
 max_pooling2d_1 (MaxPoolin  (None, 8, 8, 160)            0         ['activation_3[1][0]']        
 g2D)                                                                                             
                                                                                                  
 flatten (Flatten)           (None, 10240)                0         ['max_pooling2d_1[1][0]']     
                                                                                                  
 dense (Dense)               (None, 96)                   983136    ['flatten[1][0]']             
                                                                                                  
 activation_4 (Activation)   (None, 96)                   0         ['dense[1][0]']               
                                                                                                  
 dropout (Dropout)           (None, 96)                   0         ['activation_4[1][0]']        
                                                                                                  
 dense_1 (Dense)             (None, 928)                  90016     ['dropout[1][0]']             
                                                                                                  
 activation_5 (Activation)   (None, 928)                  0         ['dense_1[1][0]']             
                                                                                                  
 dropout_1 (Dropout)         (None, 928)                  0         ['activation_5[1][0]']        
                                                                                                  
 dense_2 (Dense)             (None, 384)                  356736    ['dropout_1[1][0]']           
                                                                                                  
 activation_6 (Activation)   (None, 384)                  0         ['dense_2[1][0]']             
                                                                                                  
 dropout_2 (Dropout)         (None, 384)                  0         ['activation_6[1][0]']        
                                                                                                  
 dense_3 (Dense)             (None, 384)                  147840    ['dropout_2[1][0]']           
                                                                                                  
 activation_7 (Activation)   (None, 384)                  0         ['dense_3[1][0]']             
                                                                                                  
 dropout_3 (Dropout)         (None, 384)                  0         ['activation_7[1][0]']        
                                                                                                  
 dense_4 (Dense)             (None, 480)                  184800    ['dropout_3[1][0]']           
                                                                                                  
 activation_8 (Activation)   (None, 480)                  0         ['dense_4[1][0]']             
                                                                                                  
 dropout_4 (Dropout)         (None, 480)                  0         ['activation_8[1][0]']        
                                                                                                  
 dense_5 (Dense)             (None, 928)                  446368    ['dropout_4[1][0]']           
                                                                                                  
 activation_9 (Activation)   (None, 928)                  0         ['dense_5[1][0]']             
                                                                                                  
 dropout_5 (Dropout)         (None, 928)                  0         ['activation_9[1][0]']        
                                                                                                  
 dense_6 (Dense)             (None, 256)                  237824    ['dropout_5[1][0]']           
                                                                                                  
 activation_10 (Activation)  (None, 256)                  0         ['dense_6[1][0]']             
                                                                                                  
 dropout_6 (Dropout)         (None, 256)                  0         ['activation_10[1][0]']       
                                                                                                  
 dense_7 (Dense)             (None, 192)                  49344     ['dropout_6[1][0]']           
                                                                                                  
 activation_11 (Activation)  (None, 192)                  0         ['dense_7[1][0]']             
                                                                                                  
 dropout_7 (Dropout)         (None, 192)                  0         ['activation_11[1][0]']       
                                                                                                  
 dense_8 (Dense)             (None, 672)                  129696    ['dropout_7[1][0]']           
                                                                                                  
 activation_12 (Activation)  (None, 672)                  0         ['dense_8[1][0]']             
                                                                                                  
 dropout_8 (Dropout)         (None, 672)                  0         ['activation_12[1][0]']       
                                                                                                  
 dense_9 (Dense)             (None, 864)                  581472    ['dropout_8[1][0]']           
                                                                                                  
 activation_13 (Activation)  (None, 864)                  0         ['dense_9[1][0]']             
                                                                                                  
 dropout_9 (Dropout)         (None, 864)                  0         ['activation_13[1][0]']       
                                                                                                  
 dense_10 (Dense)            (None, 100)                  86500     ['dropout_9[1][0]']           
                                                                                                  
==================================================================================================
Total params: 3586084 (13.68 MB)
Trainable params: 3586084 (13.68 MB)
Non-trainable params: 0 (0.00 Byte)
__________________________________________________________________________________________________
[WARNING] Constraint Violated: FLOPs 171970968 > 150000000 or Params 3586084.0 > 15000000000

ACCURACY: 0.0


SCORE: 10000000000.0

[92m | MODULE VALUES ---------------------------------------------  |
 [0m
FLOPS: 171970968
PARAMS: 3586084.0
[92m 
 | -----------------------------------------------------------  |
 [0m

--- BANANAS ITERATION 5 / 1000 ---
Chosen point: {'num_neurons': 8, 'unit_c1': 3, 'unit_c2': 8, 'dr_f': 0.1711968850294787, 'learning_rate': 0.0002489512604192087, 'batch_size': 16, 'optimizer': 'SGD', 'activation': 'swish', 'data_augmentation': True, 'reg_l2': True, 'skip_connection': False, 'new_fc_1': 29, 'new_fc_2': 17, 'new_fc_3': 5, 'new_fc_4': 15, 'new_fc_5': 12, 'new_fc_6': 28, 'new_fc_7': 9, 'new_fc_8': 23, 'new_fc_9': 21, 'new_fc_10': 4}
[94m
|  --> START TRAINING ITERATION 4[0m
[INFO] Flags -> DA: True, L2: True, Skip: False
Building model with input_shape=(32, 32, 3), pos_input_shape=None, layer_x_block=2
Model: "model"
_________________________________________________________________
 Layer (type)                Output Shape              Param #   
=================================================================
 input_2 (InputLayer)        [(None, 32, 32, 3)]       0         
                                                                 
 conv2d (Conv2D)             (None, 32, 32, 24)        672       
                                                                 
 activation (Activation)     (None, 32, 32, 24)        0         
                                                                 
 conv2d_1 (Conv2D)           (None, 32, 32, 24)        5208      
                                                                 
 activation_1 (Activation)   (None, 32, 32, 24)        0         
                                                                 
 max_pooling2d (MaxPooling2  (None, 16, 16, 24)        0         
 D)                                                              
                                                                 
 conv2d_2 (Conv2D)           (None, 16, 16, 64)        13888     
                                                                 
 activation_2 (Activation)   (None, 16, 16, 64)        0         
                                                                 
 conv2d_3 (Conv2D)           (None, 16, 16, 64)        36928     
                                                                 
 activation_3 (Activation)   (None, 16, 16, 64)        0         
                                                                 
 max_pooling2d_1 (MaxPoolin  (None, 8, 8, 64)          0         
 g2D)                                                            
                                                                 
 flatten (Flatten)           (None, 4096)              0         
                                                                 
 dense (Dense)               (None, 232)               950504    
                                                                 
 activation_4 (Activation)   (None, 232)               0         
                                                                 
 dropout (Dropout)           (None, 232)               0         
                                                                 
 dense_1 (Dense)             (None, 136)               31688     
                                                                 
 activation_5 (Activation)   (None, 136)               0         
                                                                 
 dropout_1 (Dropout)         (None, 136)               0         
                                                                 
 dense_2 (Dense)             (None, 40)                5480      
                                                                 
 activation_6 (Activation)   (None, 40)                0         
                                                                 
 dropout_2 (Dropout)         (None, 40)                0         
                                                                 
 dense_3 (Dense)             (None, 120)               4920      
                                                                 
 activation_7 (Activation)   (None, 120)               0         
                                                                 
 dropout_3 (Dropout)         (None, 120)               0         
                                                                 
 dense_4 (Dense)             (None, 96)                11616     
                                                                 
 activation_8 (Activation)   (None, 96)                0         
                                                                 
 dropout_4 (Dropout)         (None, 96)                0         
                                                                 
 dense_5 (Dense)             (None, 224)               21728     
                                                                 
 activation_9 (Activation)   (None, 224)               0         
                                                                 
 dropout_5 (Dropout)         (None, 224)               0         
                                                                 
 dense_6 (Dense)             (None, 72)                16200     
                                                                 
 activation_10 (Activation)  (None, 72)                0         
                                                                 
 dropout_6 (Dropout)         (None, 72)                0         
                                                                 
 dense_7 (Dense)             (None, 184)               13432     
                                                                 
 activation_11 (Activation)  (None, 184)               0         
                                                                 
 dropout_7 (Dropout)         (None, 184)               0         
                                                                 
 dense_8 (Dense)             (None, 168)               31080     
                                                                 
 activation_12 (Activation)  (None, 168)               0         
                                                                 
 dropout_8 (Dropout)         (None, 168)               0         
                                                                 
 dense_9 (Dense)             (None, 32)                5408      
                                                                 
 activation_13 (Activation)  (None, 32)                0         
                                                                 
 dropout_9 (Dropout)         (None, 32)                0         
                                                                 
 dense_10 (Dense)            (None, 100)               3300      
                                                                 
=================================================================
Total params: 1152052 (4.39 MB)
Trainable params: 1152052 (4.39 MB)
Non-trainable params: 0 (0.00 Byte)
_________________________________________________________________
Epoch 1/100
3125/3125 - 12s - loss: 20.2141 - accuracy: 0.0083 - val_loss: 19.9824 - val_accuracy: 0.0100 - 12s/epoch - 4ms/step
Epoch 2/100
3125/3125 - 11s - loss: 19.7557 - accuracy: 0.0088 - val_loss: 19.5312 - val_accuracy: 0.0089 - 11s/epoch - 3ms/step
Epoch 3/100
3125/3125 - 11s - loss: 19.3112 - accuracy: 0.0087 - val_loss: 19.0933 - val_accuracy: 0.0091 - 11s/epoch - 3ms/step
Epoch 4/100
3125/3125 - 11s - loss: 18.8799 - accuracy: 0.0094 - val_loss: 18.6687 - val_accuracy: 0.0100 - 11s/epoch - 3ms/step
Epoch 5/100
3125/3125 - 11s - loss: 18.4617 - accuracy: 0.0085 - val_loss: 18.2568 - val_accuracy: 0.0105 - 11s/epoch - 3ms/step
Epoch 6/100
3125/3125 - 11s - loss: 18.0560 - accuracy: 0.0086 - val_loss: 17.8572 - val_accuracy: 0.0100 - 11s/epoch - 3ms/step
Epoch 7/100
3125/3125 - 11s - loss: 17.6625 - accuracy: 0.0084 - val_loss: 17.4697 - val_accuracy: 0.0100 - 11s/epoch - 3ms/step
Epoch 8/100
3125/3125 - 11s - loss: 17.2808 - accuracy: 0.0090 - val_loss: 17.0937 - val_accuracy: 0.0100 - 11s/epoch - 3ms/step
Epoch 9/100
3125/3125 - 11s - loss: 16.9105 - accuracy: 0.0090 - val_loss: 16.7291 - val_accuracy: 0.0100 - 11s/epoch - 3ms/step
Epoch 10/100
3125/3125 - 11s - loss: 16.5513 - accuracy: 0.0083 - val_loss: 16.3753 - val_accuracy: 0.0100 - 11s/epoch - 3ms/step
Epoch 11/100
3125/3125 - 11s - loss: 16.2030 - accuracy: 0.0092 - val_loss: 16.0322 - val_accuracy: 0.0100 - 11s/epoch - 3ms/step
Epoch 12/100
3125/3125 - 11s - loss: 15.8650 - accuracy: 0.0090 - val_loss: 15.6993 - val_accuracy: 0.0100 - 11s/epoch - 3ms/step
Epoch 13/100
3125/3125 - 11s - loss: 15.5372 - accuracy: 0.0090 - val_loss: 15.3765 - val_accuracy: 0.0100 - 11s/epoch - 3ms/step
Epoch 14/100
3125/3125 - 11s - loss: 15.2192 - accuracy: 0.0088 - val_loss: 15.0634 - val_accuracy: 0.0100 - 11s/epoch - 3ms/step
Epoch 15/100
3125/3125 - 11s - loss: 14.9107 - accuracy: 0.0087 - val_loss: 14.7595 - val_accuracy: 0.0100 - 11s/epoch - 3ms/step
Epoch 16/100
3125/3125 - 11s - loss: 14.6114 - accuracy: 0.0089 - val_loss: 14.4648 - val_accuracy: 0.0095 - 11s/epoch - 3ms/step
Epoch 17/100
3125/3125 - 11s - loss: 14.3212 - accuracy: 0.0087 - val_loss: 14.1788 - val_accuracy: 0.0100 - 11s/epoch - 3ms/step
Epoch 18/100
3125/3125 - 11s - loss: 14.0395 - accuracy: 0.0092 - val_loss: 13.9014 - val_accuracy: 0.0100 - 11s/epoch - 3ms/step
Epoch 19/100
3125/3125 - 11s - loss: 13.7663 - accuracy: 0.0090 - val_loss: 13.6324 - val_accuracy: 0.0100 - 11s/epoch - 3ms/step
Epoch 20/100
3125/3125 - 11s - loss: 13.5013 - accuracy: 0.0090 - val_loss: 13.3715 - val_accuracy: 0.0100 - 11s/epoch - 3ms/step
Epoch 21/100
3125/3125 - 11s - loss: 13.2442 - accuracy: 0.0088 - val_loss: 13.1182 - val_accuracy: 0.0100 - 11s/epoch - 3ms/step
Epoch 22/100
3125/3125 - 11s - loss: 12.9948 - accuracy: 0.0085 - val_loss: 12.8725 - val_accuracy: 0.0100 - 11s/epoch - 3ms/step
Epoch 23/100
3125/3125 - 11s - loss: 12.7528 - accuracy: 0.0091 - val_loss: 12.6342 - val_accuracy: 0.0100 - 11s/epoch - 3ms/step
Epoch 24/100
3125/3125 - 11s - loss: 12.5180 - accuracy: 0.0083 - val_loss: 12.4028 - val_accuracy: 0.0100 - 11s/epoch - 3ms/step
Epoch 25/100
3125/3125 - 11s - loss: 12.2902 - accuracy: 0.0092 - val_loss: 12.1786 - val_accuracy: 0.0100 - 11s/epoch - 3ms/step
Epoch 26/100
3125/3125 - 11s - loss: 12.0692 - accuracy: 0.0086 - val_loss: 11.9609 - val_accuracy: 0.0100 - 11s/epoch - 3ms/step
Epoch 27/100
3125/3125 - 11s - loss: 11.8548 - accuracy: 0.0093 - val_loss: 11.7496 - val_accuracy: 0.0100 - 11s/epoch - 3ms/step
Epoch 28/100
3125/3125 - 11s - loss: 11.6468 - accuracy: 0.0085 - val_loss: 11.5448 - val_accuracy: 0.0100 - 11s/epoch - 3ms/step
Epoch 29/100
3125/3125 - 11s - loss: 11.4449 - accuracy: 0.0088 - val_loss: 11.3460 - val_accuracy: 0.0100 - 11s/epoch - 3ms/step
Epoch 30/100
3125/3125 - 11s - loss: 11.2491 - accuracy: 0.0094 - val_loss: 11.1531 - val_accuracy: 0.0100 - 11s/epoch - 3ms/step
Epoch 31/100
Restoring model weights from the end of the best epoch: 1.
3125/3125 - 11s - loss: 11.0591 - accuracy: 0.0092 - val_loss: 10.9659 - val_accuracy: 0.0100 - 11s/epoch - 3ms/step
Epoch 31: early stopping
313/313 - 1s - loss: 19.9825 - accuracy: 0.0100 - 724ms/epoch - 2ms/step

ACCURACY: 0.009999999776482582


SCORE: -0.2262493438435378

[92m | MODULE VALUES ---------------------------------------------  |
 [0m
FLOPS: 40375328
PARAMS: 1152052.0
[92m 
 | -----------------------------------------------------------  |
 [0m

--- BANANAS ITERATION 6 / 1000 ---
Chosen point: {'num_neurons': 32, 'unit_c1': 2, 'unit_c2': 4, 'dr_f': 0.1978231953258531, 'learning_rate': 0.0008315465951473358, 'batch_size': 16, 'optimizer': 'SGD', 'activation': 'selu', 'data_augmentation': True, 'reg_l2': True, 'skip_connection': False, 'new_fc_1': 7, 'new_fc_2': 21, 'new_fc_3': 15, 'new_fc_4': 18, 'new_fc_5': 28, 'new_fc_6': 16, 'new_fc_7': 5, 'new_fc_8': 13, 'new_fc_9': 32, 'new_fc_10': 23}
[94m
|  --> START TRAINING ITERATION 5[0m
[INFO] Flags -> DA: True, L2: True, Skip: False
Building model with input_shape=(32, 32, 3), pos_input_shape=None, layer_x_block=2
Model: "model"
_________________________________________________________________
 Layer (type)                Output Shape              Param #   
=================================================================
 input_2 (InputLayer)        [(None, 32, 32, 3)]       0         
                                                                 
 conv2d (Conv2D)             (None, 32, 32, 64)        1792      
                                                                 
 activation (Activation)     (None, 32, 32, 64)        0         
                                                                 
 conv2d_1 (Conv2D)           (None, 32, 32, 64)        36928     
                                                                 
 activation_1 (Activation)   (None, 32, 32, 64)        0         
                                                                 
 max_pooling2d (MaxPooling2  (None, 16, 16, 64)        0         
 D)                                                              
                                                                 
 conv2d_2 (Conv2D)           (None, 16, 16, 128)       73856     
                                                                 
 activation_2 (Activation)   (None, 16, 16, 128)       0         
                                                                 
 conv2d_3 (Conv2D)           (None, 16, 16, 128)       147584    
                                                                 
 activation_3 (Activation)   (None, 16, 16, 128)       0         
                                                                 
 max_pooling2d_1 (MaxPoolin  (None, 8, 8, 128)         0         
 g2D)                                                            
                                                                 
 flatten (Flatten)           (None, 8192)              0         
                                                                 
 dense (Dense)               (None, 224)               1835232   
                                                                 
 activation_4 (Activation)   (None, 224)               0         
                                                                 
 dropout (Dropout)           (None, 224)               0         
                                                                 
 dense_1 (Dense)             (None, 672)               151200    
                                                                 
 activation_5 (Activation)   (None, 672)               0         
                                                                 
 dropout_1 (Dropout)         (None, 672)               0         
                                                                 
 dense_2 (Dense)             (None, 480)               323040    
                                                                 
 activation_6 (Activation)   (None, 480)               0         
                                                                 
 dropout_2 (Dropout)         (None, 480)               0         
                                                                 
 dense_3 (Dense)             (None, 576)               277056    
                                                                 
 activation_7 (Activation)   (None, 576)               0         
                                                                 
 dropout_3 (Dropout)         (None, 576)               0         
                                                                 
 dense_4 (Dense)             (None, 896)               516992    
                                                                 
 activation_8 (Activation)   (None, 896)               0         
                                                                 
 dropout_4 (Dropout)         (None, 896)               0         
                                                                 
 dense_5 (Dense)             (None, 512)               459264    
                                                                 
 activation_9 (Activation)   (None, 512)               0         
                                                                 
 dropout_5 (Dropout)         (None, 512)               0         
                                                                 
 dense_6 (Dense)             (None, 160)               82080     
                                                                 
 activation_10 (Activation)  (None, 160)               0         
                                                                 
 dropout_6 (Dropout)         (None, 160)               0         
                                                                 
 dense_7 (Dense)             (None, 416)               66976     
                                                                 
 activation_11 (Activation)  (None, 416)               0         
                                                                 
 dropout_7 (Dropout)         (None, 416)               0         
                                                                 
 dense_8 (Dense)             (None, 1024)              427008    
                                                                 
 activation_12 (Activation)  (None, 1024)              0         
                                                                 
 dropout_8 (Dropout)         (None, 1024)              0         
                                                                 
 dense_9 (Dense)             (None, 736)               754400    
                                                                 
 activation_13 (Activation)  (None, 736)               0         
                                                                 
 dropout_9 (Dropout)         (None, 736)               0         
                                                                 
 dense_10 (Dense)            (None, 100)               73700     
                                                                 
=================================================================
Total params: 5227108 (19.94 MB)
Trainable params: 5227108 (19.94 MB)
Non-trainable params: 0 (0.00 Byte)
_________________________________________________________________
[WARNING] Constraint Violated: FLOPs 202506136 > 150000000 or Params 5227108.0 > 15000000000

ACCURACY: 0.0


SCORE: 10000000000.0

[92m | MODULE VALUES ---------------------------------------------  |
 [0m
FLOPS: 202506136
PARAMS: 5227108.0
[92m 
 | -----------------------------------------------------------  |
 [0m

--- BANANAS ITERATION 7 / 1000 ---
Chosen point: {'num_neurons': 16, 'unit_c1': 2, 'unit_c2': 1, 'dr_f': 0.2858077710880743, 'learning_rate': 0.000476574931685413, 'batch_size': 8, 'optimizer': 'Adagrad', 'activation': 'elu', 'data_augmentation': False, 'reg_l2': True, 'skip_connection': True, 'new_fc_1': 21, 'new_fc_2': 1, 'new_fc_3': 31, 'new_fc_4': 14, 'new_fc_5': 16, 'new_fc_6': 25, 'new_fc_7': 21, 'new_fc_8': 19, 'new_fc_9': 18, 'new_fc_10': 0}
[94m
|  --> START TRAINING ITERATION 6[0m
[INFO] Flags -> DA: False, L2: True, Skip: True
Building model with input_shape=(32, 32, 3), pos_input_shape=None, layer_x_block=2
Model: "model"
__________________________________________________________________________________________________
 Layer (type)                Output Shape                 Param #   Connected to                  
==================================================================================================
 input_1 (InputLayer)        [(None, 32, 32, 3)]          0         []                            
                                                                                                  
 conv2d (Conv2D)             (None, 32, 32, 32)           896       ['input_1[0][0]']             
                                                                                                  
 activation (Activation)     (None, 32, 32, 32)           0         ['conv2d[0][0]']              
                                                                                                  
 conv2d_2 (Conv2D)           (None, 32, 32, 32)           128       ['input_1[0][0]']             
                                                                                                  
 conv2d_1 (Conv2D)           (None, 32, 32, 32)           9248      ['activation[0][0]']          
                                                                                                  
 add (Add)                   (None, 32, 32, 32)           0         ['conv2d_2[0][0]',            
                                                                     'conv2d_1[0][0]']            
                                                                                                  
 activation_1 (Activation)   (None, 32, 32, 32)           0         ['add[0][0]']                 
                                                                                                  
 max_pooling2d (MaxPooling2  (None, 16, 16, 32)           0         ['activation_1[0][0]']        
 D)                                                                                               
                                                                                                  
 conv2d_3 (Conv2D)           (None, 16, 16, 16)           4624      ['max_pooling2d[0][0]']       
                                                                                                  
 activation_2 (Activation)   (None, 16, 16, 16)           0         ['conv2d_3[0][0]']            
                                                                                                  
 conv2d_5 (Conv2D)           (None, 16, 16, 16)           528       ['max_pooling2d[0][0]']       
                                                                                                  
 conv2d_4 (Conv2D)           (None, 16, 16, 16)           2320      ['activation_2[0][0]']        
                                                                                                  
 add_1 (Add)                 (None, 16, 16, 16)           0         ['conv2d_5[0][0]',            
                                                                     'conv2d_4[0][0]']            
                                                                                                  
 activation_3 (Activation)   (None, 16, 16, 16)           0         ['add_1[0][0]']               
                                                                                                  
 max_pooling2d_1 (MaxPoolin  (None, 8, 8, 16)             0         ['activation_3[0][0]']        
 g2D)                                                                                             
                                                                                                  
 flatten (Flatten)           (None, 1024)                 0         ['max_pooling2d_1[0][0]']     
                                                                                                  
 dense (Dense)               (None, 336)                  344400    ['flatten[0][0]']             
                                                                                                  
 activation_4 (Activation)   (None, 336)                  0         ['dense[0][0]']               
                                                                                                  
 dropout (Dropout)           (None, 336)                  0         ['activation_4[0][0]']        
                                                                                                  
 dense_1 (Dense)             (None, 16)                   5392      ['dropout[0][0]']             
                                                                                                  
 activation_5 (Activation)   (None, 16)                   0         ['dense_1[0][0]']             
                                                                                                  
 dropout_1 (Dropout)         (None, 16)                   0         ['activation_5[0][0]']        
                                                                                                  
 dense_2 (Dense)             (None, 496)                  8432      ['dropout_1[0][0]']           
                                                                                                  
 activation_6 (Activation)   (None, 496)                  0         ['dense_2[0][0]']             
                                                                                                  
 dropout_2 (Dropout)         (None, 496)                  0         ['activation_6[0][0]']        
                                                                                                  
 dense_3 (Dense)             (None, 224)                  111328    ['dropout_2[0][0]']           
                                                                                                  
 activation_7 (Activation)   (None, 224)                  0         ['dense_3[0][0]']             
                                                                                                  
 dropout_3 (Dropout)         (None, 224)                  0         ['activation_7[0][0]']        
                                                                                                  
 dense_4 (Dense)             (None, 256)                  57600     ['dropout_3[0][0]']           
                                                                                                  
 activation_8 (Activation)   (None, 256)                  0         ['dense_4[0][0]']             
                                                                                                  
 dropout_4 (Dropout)         (None, 256)                  0         ['activation_8[0][0]']        
                                                                                                  
 dense_5 (Dense)             (None, 400)                  102800    ['dropout_4[0][0]']           
                                                                                                  
 activation_9 (Activation)   (None, 400)                  0         ['dense_5[0][0]']             
                                                                                                  
 dropout_5 (Dropout)         (None, 400)                  0         ['activation_9[0][0]']        
                                                                                                  
 dense_6 (Dense)             (None, 336)                  134736    ['dropout_5[0][0]']           
                                                                                                  
 activation_10 (Activation)  (None, 336)                  0         ['dense_6[0][0]']             
                                                                                                  
 dropout_6 (Dropout)         (None, 336)                  0         ['activation_10[0][0]']       
                                                                                                  
 dense_7 (Dense)             (None, 304)                  102448    ['dropout_6[0][0]']           
                                                                                                  
 activation_11 (Activation)  (None, 304)                  0         ['dense_7[0][0]']             
                                                                                                  
 dropout_7 (Dropout)         (None, 304)                  0         ['activation_11[0][0]']       
                                                                                                  
 dense_8 (Dense)             (None, 288)                  87840     ['dropout_7[0][0]']           
                                                                                                  
 activation_12 (Activation)  (None, 288)                  0         ['dense_8[0][0]']             
                                                                                                  
 dropout_8 (Dropout)         (None, 288)                  0         ['activation_12[0][0]']       
                                                                                                  
 dense_9 (Dense)             (None, 100)                  28900     ['dropout_8[0][0]']           
                                                                                                  
==================================================================================================
Total params: 1001620 (3.82 MB)
Trainable params: 1001620 (3.82 MB)
Non-trainable params: 0 (0.00 Byte)
__________________________________________________________________________________________________
Epoch 1/100
6250/6250 - 22s - loss: 27.1266 - accuracy: 0.0123 - val_loss: 24.0343 - val_accuracy: 0.0244 - 22s/epoch - 4ms/step
Epoch 2/100
6250/6250 - 21s - loss: 21.6423 - accuracy: 0.0196 - val_loss: 19.4689 - val_accuracy: 0.0191 - 21s/epoch - 3ms/step
Epoch 3/100
6250/6250 - 21s - loss: 17.7976 - accuracy: 0.0191 - val_loss: 16.2752 - val_accuracy: 0.0201 - 21s/epoch - 3ms/step
Epoch 4/100
6250/6250 - 21s - loss: 15.0799 - accuracy: 0.0195 - val_loss: 13.9544 - val_accuracy: 0.0208 - 21s/epoch - 3ms/step
Epoch 5/100
6250/6250 - 21s - loss: 13.0512 - accuracy: 0.0191 - val_loss: 12.1923 - val_accuracy: 0.0199 - 21s/epoch - 3ms/step
Epoch 6/100
6250/6250 - 21s - loss: 11.4969 - accuracy: 0.0187 - val_loss: 10.8285 - val_accuracy: 0.0198 - 21s/epoch - 3ms/step
Epoch 7/100
6250/6250 - 21s - loss: 10.2858 - accuracy: 0.0199 - val_loss: 9.7586 - val_accuracy: 0.0212 - 21s/epoch - 3ms/step
Epoch 8/100
6250/6250 - 21s - loss: 9.3290 - accuracy: 0.0201 - val_loss: 8.9086 - val_accuracy: 0.0206 - 21s/epoch - 3ms/step
Epoch 9/100
6250/6250 - 21s - loss: 8.5685 - accuracy: 0.0196 - val_loss: 8.2305 - val_accuracy: 0.0203 - 21s/epoch - 3ms/step
Epoch 10/100
6250/6250 - 21s - loss: 7.9588 - accuracy: 0.0209 - val_loss: 7.6845 - val_accuracy: 0.0209 - 21s/epoch - 3ms/step
Epoch 11/100
6250/6250 - 21s - loss: 7.4665 - accuracy: 0.0202 - val_loss: 7.2419 - val_accuracy: 0.0207 - 21s/epoch - 3ms/step
Epoch 12/100
6250/6250 - 21s - loss: 7.0667 - accuracy: 0.0204 - val_loss: 6.8811 - val_accuracy: 0.0203 - 21s/epoch - 3ms/step
Epoch 13/100
6250/6250 - 21s - loss: 6.7383 - accuracy: 0.0198 - val_loss: 6.5846 - val_accuracy: 0.0201 - 21s/epoch - 3ms/step
Epoch 14/100
6250/6250 - 21s - loss: 6.4671 - accuracy: 0.0195 - val_loss: 6.3395 - val_accuracy: 0.0200 - 21s/epoch - 3ms/step
Epoch 15/100
6250/6250 - 21s - loss: 6.2430 - accuracy: 0.0199 - val_loss: 6.1361 - val_accuracy: 0.0200 - 21s/epoch - 3ms/step
Epoch 16/100
6250/6250 - 21s - loss: 6.0561 - accuracy: 0.0199 - val_loss: 5.9671 - val_accuracy: 0.0198 - 21s/epoch - 3ms/step
Epoch 17/100
6250/6250 - 21s - loss: 5.8997 - accuracy: 0.0198 - val_loss: 5.8221 - val_accuracy: 0.0201 - 21s/epoch - 3ms/step
Epoch 18/100
6250/6250 - 21s - loss: 5.7676 - accuracy: 0.0201 - val_loss: 5.7004 - val_accuracy: 0.0201 - 21s/epoch - 3ms/step
Epoch 19/100
6250/6250 - 21s - loss: 5.6544 - accuracy: 0.0214 - val_loss: 5.5970 - val_accuracy: 0.0198 - 21s/epoch - 3ms/step
Epoch 20/100
6250/6250 - 21s - loss: 5.5588 - accuracy: 0.0212 - val_loss: 5.5089 - val_accuracy: 0.0202 - 21s/epoch - 3ms/step
Epoch 21/100
6250/6250 - 21s - loss: 5.4770 - accuracy: 0.0190 - val_loss: 5.4324 - val_accuracy: 0.0200 - 21s/epoch - 3ms/step
Epoch 22/100
6250/6250 - 21s - loss: 5.4056 - accuracy: 0.0190 - val_loss: 5.3658 - val_accuracy: 0.0202 - 21s/epoch - 3ms/step
Epoch 23/100
6250/6250 - 21s - loss: 5.3431 - accuracy: 0.0202 - val_loss: 5.3077 - val_accuracy: 0.0202 - 21s/epoch - 3ms/step
Epoch 24/100
6250/6250 - 21s - loss: 5.2890 - accuracy: 0.0200 - val_loss: 5.2569 - val_accuracy: 0.0204 - 21s/epoch - 3ms/step
Epoch 25/100
6250/6250 - 21s - loss: 5.2405 - accuracy: 0.0207 - val_loss: 5.2121 - val_accuracy: 0.0202 - 21s/epoch - 3ms/step
Epoch 26/100
6250/6250 - 21s - loss: 5.1986 - accuracy: 0.0199 - val_loss: 5.1730 - val_accuracy: 0.0203 - 21s/epoch - 3ms/step
Epoch 27/100
6250/6250 - 20s - loss: 5.1607 - accuracy: 0.0204 - val_loss: 5.1370 - val_accuracy: 0.0207 - 20s/epoch - 3ms/step
Epoch 28/100
6250/6250 - 20s - loss: 5.1270 - accuracy: 0.0199 - val_loss: 5.1054 - val_accuracy: 0.0202 - 20s/epoch - 3ms/step
Epoch 29/100
6250/6250 - 20s - loss: 5.0965 - accuracy: 0.0207 - val_loss: 5.0765 - val_accuracy: 0.0209 - 20s/epoch - 3ms/step
Epoch 30/100
6250/6250 - 20s - loss: 5.0701 - accuracy: 0.0203 - val_loss: 5.0504 - val_accuracy: 0.0204 - 20s/epoch - 3ms/step
Epoch 31/100
Restoring model weights from the end of the best epoch: 1.
6250/6250 - 20s - loss: 5.0446 - accuracy: 0.0207 - val_loss: 5.0273 - val_accuracy: 0.0203 - 20s/epoch - 3ms/step
Epoch 31: early stopping
313/313 - 1s - loss: 24.0344 - accuracy: 0.0244 - 793ms/epoch - 3ms/step

ACCURACY: 0.024399999529123306


SCORE: -0.26349729567038627

[92m | MODULE VALUES ---------------------------------------------  |
 [0m
FLOPS: 26791352
PARAMS: 1001620.0
[92m 
 | -----------------------------------------------------------  |
 [0m

--- BANANAS ITERATION 8 / 1000 ---
Chosen point: {'num_neurons': 16, 'unit_c1': 3, 'unit_c2': 7, 'dr_f': 0.2140488607412775, 'learning_rate': 0.0009500994361545348, 'batch_size': 16, 'optimizer': 'Adagrad', 'activation': 'elu', 'data_augmentation': False, 'reg_l2': True, 'skip_connection': True, 'new_fc_1': 15, 'new_fc_2': 0, 'new_fc_3': 18, 'new_fc_4': 0, 'new_fc_5': 9, 'new_fc_6': 5, 'new_fc_7': 21, 'new_fc_8': 16, 'new_fc_9': 11, 'new_fc_10': 32}
[94m
|  --> START TRAINING ITERATION 7[0m
[INFO] Flags -> DA: False, L2: True, Skip: True
Building model with input_shape=(32, 32, 3), pos_input_shape=None, layer_x_block=2
Model: "model"
__________________________________________________________________________________________________
 Layer (type)                Output Shape                 Param #   Connected to                  
==================================================================================================
 input_1 (InputLayer)        [(None, 32, 32, 3)]          0         []                            
                                                                                                  
 conv2d (Conv2D)             (None, 32, 32, 48)           1344      ['input_1[0][0]']             
                                                                                                  
 activation (Activation)     (None, 32, 32, 48)           0         ['conv2d[0][0]']              
                                                                                                  
 conv2d_2 (Conv2D)           (None, 32, 32, 48)           192       ['input_1[0][0]']             
                                                                                                  
 conv2d_1 (Conv2D)           (None, 32, 32, 48)           20784     ['activation[0][0]']          
                                                                                                  
 add (Add)                   (None, 32, 32, 48)           0         ['conv2d_2[0][0]',            
                                                                     'conv2d_1[0][0]']            
                                                                                                  
 activation_1 (Activation)   (None, 32, 32, 48)           0         ['add[0][0]']                 
                                                                                                  
 max_pooling2d (MaxPooling2  (None, 16, 16, 48)           0         ['activation_1[0][0]']        
 D)                                                                                               
                                                                                                  
 conv2d_3 (Conv2D)           (None, 16, 16, 112)          48496     ['max_pooling2d[0][0]']       
                                                                                                  
 activation_2 (Activation)   (None, 16, 16, 112)          0         ['conv2d_3[0][0]']            
                                                                                                  
 conv2d_5 (Conv2D)           (None, 16, 16, 112)          5488      ['max_pooling2d[0][0]']       
                                                                                                  
 conv2d_4 (Conv2D)           (None, 16, 16, 112)          113008    ['activation_2[0][0]']        
                                                                                                  
 add_1 (Add)                 (None, 16, 16, 112)          0         ['conv2d_5[0][0]',            
                                                                     'conv2d_4[0][0]']            
                                                                                                  
 activation_3 (Activation)   (None, 16, 16, 112)          0         ['add_1[0][0]']               
                                                                                                  
 max_pooling2d_1 (MaxPoolin  (None, 8, 8, 112)            0         ['activation_3[0][0]']        
 g2D)                                                                                             
                                                                                                  
 flatten (Flatten)           (None, 7168)                 0         ['max_pooling2d_1[0][0]']     
                                                                                                  
 dense (Dense)               (None, 240)                  1720560   ['flatten[0][0]']             
                                                                                                  
 activation_4 (Activation)   (None, 240)                  0         ['dense[0][0]']               
                                                                                                  
 dropout (Dropout)           (None, 240)                  0         ['activation_4[0][0]']        
                                                                                                  
 dense_1 (Dense)             (None, 288)                  69408     ['dropout[0][0]']             
                                                                                                  
 activation_5 (Activation)   (None, 288)                  0         ['dense_1[0][0]']             
                                                                                                  
 dropout_1 (Dropout)         (None, 288)                  0         ['activation_5[0][0]']        
                                                                                                  
 dense_2 (Dense)             (None, 144)                  41616     ['dropout_1[0][0]']           
                                                                                                  
 activation_6 (Activation)   (None, 144)                  0         ['dense_2[0][0]']             
                                                                                                  
 dropout_2 (Dropout)         (None, 144)                  0         ['activation_6[0][0]']        
                                                                                                  
 dense_3 (Dense)             (None, 80)                   11600     ['dropout_2[0][0]']           
                                                                                                  
 activation_7 (Activation)   (None, 80)                   0         ['dense_3[0][0]']             
                                                                                                  
 dropout_3 (Dropout)         (None, 80)                   0         ['activation_7[0][0]']        
                                                                                                  
 dense_4 (Dense)             (None, 336)                  27216     ['dropout_3[0][0]']           
                                                                                                  
 activation_8 (Activation)   (None, 336)                  0         ['dense_4[0][0]']             
                                                                                                  
 dropout_4 (Dropout)         (None, 336)                  0         ['activation_8[0][0]']        
                                                                                                  
 dense_5 (Dense)             (None, 256)                  86272     ['dropout_4[0][0]']           
                                                                                                  
 activation_9 (Activation)   (None, 256)                  0         ['dense_5[0][0]']             
                                                                                                  
 dropout_5 (Dropout)         (None, 256)                  0         ['activation_9[0][0]']        
                                                                                                  
 dense_6 (Dense)             (None, 176)                  45232     ['dropout_5[0][0]']           
                                                                                                  
 activation_10 (Activation)  (None, 176)                  0         ['dense_6[0][0]']             
                                                                                                  
 dropout_6 (Dropout)         (None, 176)                  0         ['activation_10[0][0]']       
                                                                                                  
 dense_7 (Dense)             (None, 512)                  90624     ['dropout_6[0][0]']           
                                                                                                  
 activation_11 (Activation)  (None, 512)                  0         ['dense_7[0][0]']             
                                                                                                  
 dropout_7 (Dropout)         (None, 512)                  0         ['activation_11[0][0]']       
                                                                                                  
 dense_8 (Dense)             (None, 100)                  51300     ['dropout_7[0][0]']           
                                                                                                  
==================================================================================================
Total params: 2333140 (8.90 MB)
Trainable params: 2333140 (8.90 MB)
Non-trainable params: 0 (0.00 Byte)
__________________________________________________________________________________________________
Epoch 1/100
3125/3125 - 12s - loss: 24.4303 - accuracy: 0.0195 - val_loss: 21.3957 - val_accuracy: 0.0225 - 12s/epoch - 4ms/step
Epoch 2/100
3125/3125 - 11s - loss: 19.1846 - accuracy: 0.0250 - val_loss: 17.2122 - val_accuracy: 0.0297 - 11s/epoch - 4ms/step
Epoch 3/100
3125/3125 - 11s - loss: 15.6731 - accuracy: 0.0285 - val_loss: 14.2714 - val_accuracy: 0.0366 - 11s/epoch - 3ms/step
Epoch 4/100
3125/3125 - 11s - loss: 13.1633 - accuracy: 0.0354 - val_loss: 12.1345 - val_accuracy: 0.0395 - 11s/epoch - 3ms/step
Epoch 5/100
3125/3125 - 11s - loss: 11.3302 - accuracy: 0.0383 - val_loss: 10.5767 - val_accuracy: 0.0394 - 11s/epoch - 3ms/step
Epoch 6/100
3125/3125 - 11s - loss: 9.9846 - accuracy: 0.0395 - val_loss: 9.4210 - val_accuracy: 0.0412 - 11s/epoch - 3ms/step
Epoch 7/100
3125/3125 - 11s - loss: 8.9765 - accuracy: 0.0387 - val_loss: 8.5466 - val_accuracy: 0.0395 - 11s/epoch - 3ms/step
Epoch 8/100
3125/3125 - 11s - loss: 8.2026 - accuracy: 0.0412 - val_loss: 7.8713 - val_accuracy: 0.0438 - 11s/epoch - 3ms/step
Epoch 9/100
3125/3125 - 11s - loss: 7.6037 - accuracy: 0.0414 - val_loss: 7.3405 - val_accuracy: 0.0430 - 11s/epoch - 3ms/step
Epoch 10/100
3125/3125 - 11s - loss: 7.1331 - accuracy: 0.0419 - val_loss: 6.9215 - val_accuracy: 0.0441 - 11s/epoch - 3ms/step
Epoch 11/100
3125/3125 - 11s - loss: 6.7562 - accuracy: 0.0412 - val_loss: 6.5854 - val_accuracy: 0.0438 - 11s/epoch - 3ms/step
Epoch 12/100
3125/3125 - 11s - loss: 6.4509 - accuracy: 0.0418 - val_loss: 6.3137 - val_accuracy: 0.0440 - 11s/epoch - 3ms/step
Epoch 13/100
3125/3125 - 11s - loss: 6.2017 - accuracy: 0.0407 - val_loss: 6.0865 - val_accuracy: 0.0423 - 11s/epoch - 3ms/step
Epoch 14/100
3125/3125 - 11s - loss: 5.9954 - accuracy: 0.0413 - val_loss: 5.8992 - val_accuracy: 0.0421 - 11s/epoch - 3ms/step
Epoch 15/100
3125/3125 - 11s - loss: 5.8244 - accuracy: 0.0417 - val_loss: 5.7418 - val_accuracy: 0.0445 - 11s/epoch - 3ms/step
Epoch 16/100
3125/3125 - 11s - loss: 5.6801 - accuracy: 0.0428 - val_loss: 5.6083 - val_accuracy: 0.0451 - 11s/epoch - 3ms/step
Epoch 17/100
3125/3125 - 11s - loss: 5.5551 - accuracy: 0.0427 - val_loss: 5.4941 - val_accuracy: 0.0427 - 11s/epoch - 3ms/step
Epoch 18/100
3125/3125 - 11s - loss: 5.4481 - accuracy: 0.0425 - val_loss: 5.3934 - val_accuracy: 0.0438 - 11s/epoch - 3ms/step
Epoch 19/100
3125/3125 - 11s - loss: 5.3557 - accuracy: 0.0406 - val_loss: 5.3075 - val_accuracy: 0.0429 - 11s/epoch - 3ms/step
Epoch 20/100
3125/3125 - 11s - loss: 5.2743 - accuracy: 0.0415 - val_loss: 5.2300 - val_accuracy: 0.0442 - 11s/epoch - 3ms/step
Epoch 21/100
3125/3125 - 11s - loss: 5.2030 - accuracy: 0.0410 - val_loss: 5.1642 - val_accuracy: 0.0443 - 11s/epoch - 3ms/step
Epoch 22/100
3125/3125 - 11s - loss: 5.1387 - accuracy: 0.0432 - val_loss: 5.1045 - val_accuracy: 0.0427 - 11s/epoch - 3ms/step
Epoch 23/100
3125/3125 - 11s - loss: 5.0825 - accuracy: 0.0433 - val_loss: 5.0487 - val_accuracy: 0.0433 - 11s/epoch - 3ms/step
Epoch 24/100
3125/3125 - 11s - loss: 5.0311 - accuracy: 0.0425 - val_loss: 5.0009 - val_accuracy: 0.0433 - 11s/epoch - 3ms/step
Epoch 25/100
3125/3125 - 11s - loss: 4.9855 - accuracy: 0.0421 - val_loss: 4.9567 - val_accuracy: 0.0433 - 11s/epoch - 3ms/step
Epoch 26/100
3125/3125 - 11s - loss: 4.9441 - accuracy: 0.0423 - val_loss: 4.9170 - val_accuracy: 0.0438 - 11s/epoch - 3ms/step
Epoch 27/100
3125/3125 - 11s - loss: 4.9051 - accuracy: 0.0429 - val_loss: 4.8805 - val_accuracy: 0.0435 - 11s/epoch - 3ms/step
Epoch 28/100
3125/3125 - 11s - loss: 4.8704 - accuracy: 0.0429 - val_loss: 4.8492 - val_accuracy: 0.0430 - 11s/epoch - 3ms/step
Epoch 29/100
3125/3125 - 11s - loss: 4.8399 - accuracy: 0.0424 - val_loss: 4.8177 - val_accuracy: 0.0434 - 11s/epoch - 3ms/step
Epoch 30/100
3125/3125 - 11s - loss: 4.8099 - accuracy: 0.0429 - val_loss: 4.7907 - val_accuracy: 0.0431 - 11s/epoch - 3ms/step
Epoch 31/100
3125/3125 - 11s - loss: 4.7818 - accuracy: 0.0425 - val_loss: 4.7642 - val_accuracy: 0.0423 - 11s/epoch - 3ms/step
Epoch 32/100
3125/3125 - 11s - loss: 4.7588 - accuracy: 0.0434 - val_loss: 4.7408 - val_accuracy: 0.0440 - 11s/epoch - 3ms/step
Epoch 33/100
3125/3125 - 11s - loss: 4.7365 - accuracy: 0.0431 - val_loss: 4.7191 - val_accuracy: 0.0432 - 11s/epoch - 3ms/step
Epoch 34/100
3125/3125 - 11s - loss: 4.7159 - accuracy: 0.0422 - val_loss: 4.7003 - val_accuracy: 0.0432 - 11s/epoch - 3ms/step
Epoch 35/100
3125/3125 - 11s - loss: 4.6971 - accuracy: 0.0414 - val_loss: 4.6793 - val_accuracy: 0.0438 - 11s/epoch - 3ms/step
Epoch 36/100
3125/3125 - 11s - loss: 4.6771 - accuracy: 0.0429 - val_loss: 4.6623 - val_accuracy: 0.0427 - 11s/epoch - 3ms/step
Epoch 37/100
3125/3125 - 11s - loss: 4.6606 - accuracy: 0.0426 - val_loss: 4.6456 - val_accuracy: 0.0438 - 11s/epoch - 3ms/step
Epoch 38/100
Restoring model weights from the end of the best epoch: 8.
3125/3125 - 11s - loss: 4.6453 - accuracy: 0.0426 - val_loss: 4.6305 - val_accuracy: 0.0431 - 11s/epoch - 3ms/step
Epoch 38: early stopping
313/313 - 1s - loss: 7.8713 - accuracy: 0.0438 - 666ms/epoch - 2ms/step

ACCURACY: 0.043800000101327896


SCORE: -0.059821072070929515

[92m | MODULE VALUES ---------------------------------------------  |
 [0m
FLOPS: 135419464
PARAMS: 2333140.0
[92m 
 | -----------------------------------------------------------  |
 [0m

--- BANANAS ITERATION 9 / 1000 ---
Chosen point: {'num_neurons': 64, 'unit_c1': 2, 'unit_c2': 5, 'dr_f': 0.03497255626102251, 'learning_rate': 0.0008475762933944243, 'batch_size': 64, 'optimizer': 'SGD', 'activation': 'swish', 'data_augmentation': True, 'reg_l2': True, 'skip_connection': True, 'new_fc_1': 13, 'new_fc_2': 19, 'new_fc_3': 13, 'new_fc_4': 24, 'new_fc_5': 3, 'new_fc_6': 7, 'new_fc_7': 32, 'new_fc_8': 11, 'new_fc_9': 27, 'new_fc_10': 4}
[94m
|  --> START TRAINING ITERATION 8[0m
[INFO] Flags -> DA: True, L2: True, Skip: True
Building model with input_shape=(32, 32, 3), pos_input_shape=None, layer_x_block=2
Model: "model"
__________________________________________________________________________________________________
 Layer (type)                Output Shape                 Param #   Connected to                  
==================================================================================================
 input_2 (InputLayer)        [(None, 32, 32, 3)]          0         []                            
                                                                                                  
 conv2d (Conv2D)             (None, 32, 32, 128)          3584      ['input_2[0][0]']             
                                                                                                  
 activation (Activation)     (None, 32, 32, 128)          0         ['conv2d[1][0]']              
                                                                                                  
 conv2d_2 (Conv2D)           (None, 32, 32, 128)          512       ['input_2[0][0]']             
                                                                                                  
 conv2d_1 (Conv2D)           (None, 32, 32, 128)          147584    ['activation[1][0]']          
                                                                                                  
 add (Add)                   (None, 32, 32, 128)          0         ['conv2d_2[1][0]',            
                                                                     'conv2d_1[1][0]']            
                                                                                                  
 activation_1 (Activation)   (None, 32, 32, 128)          0         ['add[1][0]']                 
                                                                                                  
 max_pooling2d (MaxPooling2  (None, 16, 16, 128)          0         ['activation_1[1][0]']        
 D)                                                                                               
                                                                                                  
 conv2d_3 (Conv2D)           (None, 16, 16, 320)          368960    ['max_pooling2d[1][0]']       
                                                                                                  
 activation_2 (Activation)   (None, 16, 16, 320)          0         ['conv2d_3[1][0]']            
                                                                                                  
 conv2d_5 (Conv2D)           (None, 16, 16, 320)          41280     ['max_pooling2d[1][0]']       
                                                                                                  
 conv2d_4 (Conv2D)           (None, 16, 16, 320)          921920    ['activation_2[1][0]']        
                                                                                                  
 add_1 (Add)                 (None, 16, 16, 320)          0         ['conv2d_5[1][0]',            
                                                                     'conv2d_4[1][0]']            
                                                                                                  
 activation_3 (Activation)   (None, 16, 16, 320)          0         ['add_1[1][0]']               
                                                                                                  
 max_pooling2d_1 (MaxPoolin  (None, 8, 8, 320)            0         ['activation_3[1][0]']        
 g2D)                                                                                             
                                                                                                  
 flatten (Flatten)           (None, 20480)                0         ['max_pooling2d_1[1][0]']     
                                                                                                  
 dense (Dense)               (None, 832)                  1704019   ['flatten[1][0]']             
                                                          2                                       
                                                                                                  
 activation_4 (Activation)   (None, 832)                  0         ['dense[1][0]']               
                                                                                                  
 dropout (Dropout)           (None, 832)                  0         ['activation_4[1][0]']        
                                                                                                  
 dense_1 (Dense)             (None, 1216)                 1012928   ['dropout[1][0]']             
                                                                                                  
 activation_5 (Activation)   (None, 1216)                 0         ['dense_1[1][0]']             
                                                                                                  
 dropout_1 (Dropout)         (None, 1216)                 0         ['activation_5[1][0]']        
                                                                                                  
 dense_2 (Dense)             (None, 832)                  1012544   ['dropout_1[1][0]']           
                                                                                                  
 activation_6 (Activation)   (None, 832)                  0         ['dense_2[1][0]']             
                                                                                                  
 dropout_2 (Dropout)         (None, 832)                  0         ['activation_6[1][0]']        
                                                                                                  
 dense_3 (Dense)             (None, 1536)                 1279488   ['dropout_2[1][0]']           
                                                                                                  
 activation_7 (Activation)   (None, 1536)                 0         ['dense_3[1][0]']             
                                                                                                  
 dropout_3 (Dropout)         (None, 1536)                 0         ['activation_7[1][0]']        
                                                                                                  
 dense_4 (Dense)             (None, 192)                  295104    ['dropout_3[1][0]']           
                                                                                                  
 activation_8 (Activation)   (None, 192)                  0         ['dense_4[1][0]']             
                                                                                                  
 dropout_4 (Dropout)         (None, 192)                  0         ['activation_8[1][0]']        
                                                                                                  
 dense_5 (Dense)             (None, 448)                  86464     ['dropout_4[1][0]']           
                                                                                                  
 activation_9 (Activation)   (None, 448)                  0         ['dense_5[1][0]']             
                                                                                                  
 dropout_5 (Dropout)         (None, 448)                  0         ['activation_9[1][0]']        
                                                                                                  
 dense_6 (Dense)             (None, 2048)                 919552    ['dropout_5[1][0]']           
                                                                                                  
 activation_10 (Activation)  (None, 2048)                 0         ['dense_6[1][0]']             
                                                                                                  
 dropout_6 (Dropout)         (None, 2048)                 0         ['activation_10[1][0]']       
                                                                                                  
 dense_7 (Dense)             (None, 704)                  1442496   ['dropout_6[1][0]']           
                                                                                                  
 activation_11 (Activation)  (None, 704)                  0         ['dense_7[1][0]']             
                                                                                                  
 dropout_7 (Dropout)         (None, 704)                  0         ['activation_11[1][0]']       
                                                                                                  
 dense_8 (Dense)             (None, 1728)                 1218240   ['dropout_7[1][0]']           
                                                                                                  
 activation_12 (Activation)  (None, 1728)                 0         ['dense_8[1][0]']             
                                                                                                  
 dropout_8 (Dropout)         (None, 1728)                 0         ['activation_12[1][0]']       
                                                                                                  
 dense_9 (Dense)             (None, 256)                  442624    ['dropout_8[1][0]']           
                                                                                                  
 activation_13 (Activation)  (None, 256)                  0         ['dense_9[1][0]']             
                                                                                                  
 dropout_9 (Dropout)         (None, 256)                  0         ['activation_13[1][0]']       
                                                                                                  
 dense_10 (Dense)            (None, 100)                  25700     ['dropout_9[1][0]']           
                                                                                                  
==================================================================================================
Total params: 26259172 (100.17 MB)
Trainable params: 26259172 (100.17 MB)
Non-trainable params: 0 (0.00 Byte)
__________________________________________________________________________________________________
[WARNING] Constraint Violated: FLOPs 1042906392 > 150000000 or Params 26259172.0 > 15000000000

ACCURACY: 0.0


SCORE: 10000000000.0

[92m | MODULE VALUES ---------------------------------------------  |
 [0m
FLOPS: 1042906392
PARAMS: 26259172.0
[92m 
 | -----------------------------------------------------------  |
 [0m

--- BANANAS ITERATION 10 / 1000 ---
Chosen point: {'num_neurons': 4, 'unit_c1': 2, 'unit_c2': 4, 'dr_f': 0.2775654799854504, 'learning_rate': 0.0002786419502011879, 'batch_size': 32, 'optimizer': 'SGD', 'activation': 'selu', 'data_augmentation': True, 'reg_l2': True, 'skip_connection': False, 'new_fc_1': 30, 'new_fc_2': 15, 'new_fc_3': 22, 'new_fc_4': 12, 'new_fc_5': 4, 'new_fc_6': 20, 'new_fc_7': 18, 'new_fc_8': 21, 'new_fc_9': 22, 'new_fc_10': 18}
[94m
|  --> START TRAINING ITERATION 9[0m
[INFO] Flags -> DA: True, L2: True, Skip: False
Building model with input_shape=(32, 32, 3), pos_input_shape=None, layer_x_block=2
Model: "model"
_________________________________________________________________
 Layer (type)                Output Shape              Param #   
=================================================================
 input_2 (InputLayer)        [(None, 32, 32, 3)]       0         
                                                                 
 conv2d (Conv2D)             (None, 32, 32, 8)         224       
                                                                 
 activation (Activation)     (None, 32, 32, 8)         0         
                                                                 
 conv2d_1 (Conv2D)           (None, 32, 32, 8)         584       
                                                                 
 activation_1 (Activation)   (None, 32, 32, 8)         0         
                                                                 
 max_pooling2d (MaxPooling2  (None, 16, 16, 8)         0         
 D)                                                              
                                                                 
 conv2d_2 (Conv2D)           (None, 16, 16, 16)        1168      
                                                                 
 activation_2 (Activation)   (None, 16, 16, 16)        0         
                                                                 
 conv2d_3 (Conv2D)           (None, 16, 16, 16)        2320      
                                                                 
 activation_3 (Activation)   (None, 16, 16, 16)        0         
                                                                 
 max_pooling2d_1 (MaxPoolin  (None, 8, 8, 16)          0         
 g2D)                                                            
                                                                 
 flatten (Flatten)           (None, 1024)              0         
                                                                 
 dense (Dense)               (None, 120)               123000    
                                                                 
 activation_4 (Activation)   (None, 120)               0         
                                                                 
 dropout (Dropout)           (None, 120)               0         
                                                                 
 dense_1 (Dense)             (None, 60)                7260      
                                                                 
 activation_5 (Activation)   (None, 60)                0         
                                                                 
 dropout_1 (Dropout)         (None, 60)                0         
                                                                 
 dense_2 (Dense)             (None, 88)                5368      
                                                                 
 activation_6 (Activation)   (None, 88)                0         
                                                                 
 dropout_2 (Dropout)         (None, 88)                0         
                                                                 
 dense_3 (Dense)             (None, 48)                4272      
                                                                 
 activation_7 (Activation)   (None, 48)                0         
                                                                 
 dropout_3 (Dropout)         (None, 48)                0         
                                                                 
 dense_4 (Dense)             (None, 16)                784       
                                                                 
 activation_8 (Activation)   (None, 16)                0         
                                                                 
 dropout_4 (Dropout)         (None, 16)                0         
                                                                 
 dense_5 (Dense)             (None, 80)                1360      
                                                                 
 activation_9 (Activation)   (None, 80)                0         
                                                                 
 dropout_5 (Dropout)         (None, 80)                0         
                                                                 
 dense_6 (Dense)             (None, 72)                5832      
                                                                 
 activation_10 (Activation)  (None, 72)                0         
                                                                 
 dropout_6 (Dropout)         (None, 72)                0         
                                                                 
 dense_7 (Dense)             (None, 84)                6132      
                                                                 
 activation_11 (Activation)  (None, 84)                0         
                                                                 
 dropout_7 (Dropout)         (None, 84)                0         
                                                                 
 dense_8 (Dense)             (None, 88)                7480      
                                                                 
 activation_12 (Activation)  (None, 88)                0         
                                                                 
 dropout_8 (Dropout)         (None, 88)                0         
                                                                 
 dense_9 (Dense)             (None, 72)                6408      
                                                                 
 activation_13 (Activation)  (None, 72)                0         
                                                                 
 dropout_9 (Dropout)         (None, 72)                0         
                                                                 
 dense_10 (Dense)            (None, 100)               7300      
                                                                 
=================================================================
Total params: 179492 (701.14 KB)
Trainable params: 179492 (701.14 KB)
Non-trainable params: 0 (0.00 Byte)
_________________________________________________________________
Epoch 1/100
1563/1563 - 6s - loss: 14.5517 - accuracy: 0.0101 - val_loss: 13.6614 - val_accuracy: 0.0100 - 6s/epoch - 4ms/step
Epoch 2/100
1563/1563 - 5s - loss: 14.0946 - accuracy: 0.0097 - val_loss: 13.4071 - val_accuracy: 0.0130 - 5s/epoch - 3ms/step
Epoch 3/100
1563/1563 - 5s - loss: 13.7511 - accuracy: 0.0096 - val_loss: 13.1852 - val_accuracy: 0.0130 - 5s/epoch - 3ms/step
Epoch 4/100
1563/1563 - 5s - loss: 13.4554 - accuracy: 0.0112 - val_loss: 12.9859 - val_accuracy: 0.0149 - 5s/epoch - 3ms/step
Epoch 5/100
1563/1563 - 5s - loss: 13.1949 - accuracy: 0.0104 - val_loss: 12.7985 - val_accuracy: 0.0131 - 5s/epoch - 3ms/step
Epoch 6/100
1563/1563 - 5s - loss: 12.9550 - accuracy: 0.0124 - val_loss: 12.6321 - val_accuracy: 0.0146 - 5s/epoch - 3ms/step
Epoch 7/100
1563/1563 - 5s - loss: 12.7497 - accuracy: 0.0106 - val_loss: 12.4793 - val_accuracy: 0.0134 - 5s/epoch - 3ms/step
Epoch 8/100
1563/1563 - 5s - loss: 12.5575 - accuracy: 0.0120 - val_loss: 12.3309 - val_accuracy: 0.0165 - 5s/epoch - 3ms/step
Epoch 9/100
1563/1563 - 5s - loss: 12.3771 - accuracy: 0.0114 - val_loss: 12.1896 - val_accuracy: 0.0195 - 5s/epoch - 3ms/step
Epoch 10/100
1563/1563 - 5s - loss: 12.2065 - accuracy: 0.0108 - val_loss: 12.0549 - val_accuracy: 0.0183 - 5s/epoch - 3ms/step
Epoch 11/100
1563/1563 - 5s - loss: 12.0535 - accuracy: 0.0110 - val_loss: 11.9217 - val_accuracy: 0.0212 - 5s/epoch - 3ms/step
Epoch 12/100
1563/1563 - 5s - loss: 11.9086 - accuracy: 0.0116 - val_loss: 11.7947 - val_accuracy: 0.0263 - 5s/epoch - 3ms/step
Epoch 13/100
1563/1563 - 5s - loss: 11.7702 - accuracy: 0.0114 - val_loss: 11.6661 - val_accuracy: 0.0234 - 5s/epoch - 3ms/step
Epoch 14/100
1563/1563 - 5s - loss: 11.6403 - accuracy: 0.0122 - val_loss: 11.5436 - val_accuracy: 0.0216 - 5s/epoch - 3ms/step
Epoch 15/100
1563/1563 - 5s - loss: 11.5128 - accuracy: 0.0121 - val_loss: 11.4212 - val_accuracy: 0.0240 - 5s/epoch - 3ms/step
Epoch 16/100
1563/1563 - 5s - loss: 11.3883 - accuracy: 0.0128 - val_loss: 11.3021 - val_accuracy: 0.0229 - 5s/epoch - 3ms/step
Epoch 17/100
1563/1563 - 5s - loss: 11.2673 - accuracy: 0.0126 - val_loss: 11.1828 - val_accuracy: 0.0182 - 5s/epoch - 3ms/step
Epoch 18/100
1563/1563 - 5s - loss: 11.1503 - accuracy: 0.0131 - val_loss: 11.0663 - val_accuracy: 0.0164 - 5s/epoch - 3ms/step
Epoch 19/100
1563/1563 - 5s - loss: 11.0340 - accuracy: 0.0139 - val_loss: 10.9508 - val_accuracy: 0.0188 - 5s/epoch - 3ms/step
Epoch 20/100
1563/1563 - 5s - loss: 10.9213 - accuracy: 0.0143 - val_loss: 10.8367 - val_accuracy: 0.0194 - 5s/epoch - 3ms/step
Epoch 21/100
1563/1563 - 5s - loss: 10.8085 - accuracy: 0.0139 - val_loss: 10.7211 - val_accuracy: 0.0197 - 5s/epoch - 3ms/step
Epoch 22/100
1563/1563 - 5s - loss: 10.6963 - accuracy: 0.0151 - val_loss: 10.6096 - val_accuracy: 0.0210 - 5s/epoch - 3ms/step
Epoch 23/100
1563/1563 - 5s - loss: 10.5872 - accuracy: 0.0156 - val_loss: 10.5003 - val_accuracy: 0.0199 - 5s/epoch - 3ms/step
Epoch 24/100
1563/1563 - 5s - loss: 10.4795 - accuracy: 0.0158 - val_loss: 10.3873 - val_accuracy: 0.0216 - 5s/epoch - 3ms/step
Epoch 25/100
1563/1563 - 5s - loss: 10.3736 - accuracy: 0.0177 - val_loss: 10.2784 - val_accuracy: 0.0240 - 5s/epoch - 3ms/step
Epoch 26/100
1563/1563 - 5s - loss: 10.2680 - accuracy: 0.0174 - val_loss: 10.1734 - val_accuracy: 0.0240 - 5s/epoch - 3ms/step
Epoch 27/100
1563/1563 - 5s - loss: 10.1659 - accuracy: 0.0175 - val_loss: 10.0669 - val_accuracy: 0.0212 - 5s/epoch - 3ms/step
Epoch 28/100
1563/1563 - 5s - loss: 10.0632 - accuracy: 0.0195 - val_loss: 9.9654 - val_accuracy: 0.0203 - 5s/epoch - 3ms/step
Epoch 29/100
1563/1563 - 5s - loss: 9.9626 - accuracy: 0.0180 - val_loss: 9.8637 - val_accuracy: 0.0196 - 5s/epoch - 3ms/step
Epoch 30/100
1563/1563 - 5s - loss: 9.8635 - accuracy: 0.0194 - val_loss: 9.7696 - val_accuracy: 0.0194 - 5s/epoch - 3ms/step
Epoch 31/100
1563/1563 - 5s - loss: 9.7653 - accuracy: 0.0194 - val_loss: 9.6670 - val_accuracy: 0.0183 - 5s/epoch - 3ms/step
Epoch 32/100
1563/1563 - 5s - loss: 9.6696 - accuracy: 0.0204 - val_loss: 9.5714 - val_accuracy: 0.0201 - 5s/epoch - 3ms/step
Epoch 33/100
1563/1563 - 5s - loss: 9.5772 - accuracy: 0.0209 - val_loss: 9.4801 - val_accuracy: 0.0203 - 5s/epoch - 3ms/step
Epoch 34/100
1563/1563 - 5s - loss: 9.4844 - accuracy: 0.0203 - val_loss: 9.3895 - val_accuracy: 0.0198 - 5s/epoch - 3ms/step
Epoch 35/100
1563/1563 - 5s - loss: 9.3931 - accuracy: 0.0210 - val_loss: 9.3004 - val_accuracy: 0.0202 - 5s/epoch - 3ms/step
Epoch 36/100
1563/1563 - 5s - loss: 9.3056 - accuracy: 0.0204 - val_loss: 9.2136 - val_accuracy: 0.0229 - 5s/epoch - 3ms/step
Epoch 37/100
1563/1563 - 5s - loss: 9.2177 - accuracy: 0.0222 - val_loss: 9.1296 - val_accuracy: 0.0217 - 5s/epoch - 3ms/step
Epoch 38/100
1563/1563 - 5s - loss: 9.1345 - accuracy: 0.0201 - val_loss: 9.0446 - val_accuracy: 0.0222 - 5s/epoch - 3ms/step
Epoch 39/100
1563/1563 - 5s - loss: 9.0526 - accuracy: 0.0210 - val_loss: 8.9634 - val_accuracy: 0.0216 - 5s/epoch - 3ms/step
Epoch 40/100
1563/1563 - 5s - loss: 8.9702 - accuracy: 0.0211 - val_loss: 8.8838 - val_accuracy: 0.0213 - 5s/epoch - 3ms/step
Epoch 41/100
1563/1563 - 5s - loss: 8.8909 - accuracy: 0.0216 - val_loss: 8.8056 - val_accuracy: 0.0225 - 5s/epoch - 3ms/step
Epoch 42/100
Restoring model weights from the end of the best epoch: 12.
1563/1563 - 5s - loss: 8.8137 - accuracy: 0.0207 - val_loss: 8.7293 - val_accuracy: 0.0224 - 5s/epoch - 3ms/step
Epoch 42: early stopping
313/313 - 0s - loss: 11.7947 - accuracy: 0.0263 - 466ms/epoch - 1ms/step

ACCURACY: 0.02630000002682209


SCORE: -0.31085316801877544

[92m | MODULE VALUES ---------------------------------------------  |
 [0m
FLOPS: 3778416
PARAMS: 179492.0
[92m 
 | -----------------------------------------------------------  |
 [0m

--- BANANAS ITERATION 11 / 1000 ---
Chosen point: {'num_neurons': 16, 'unit_c1': 4, 'unit_c2': 7, 'dr_f': 0.49217184007082904, 'learning_rate': 0.0009062391992500989, 'batch_size': 32, 'optimizer': 'Adagrad', 'activation': 'swish', 'data_augmentation': False, 'reg_l2': False, 'skip_connection': False, 'new_fc_1': 24, 'new_fc_2': 30, 'new_fc_3': 23, 'new_fc_4': 23, 'new_fc_5': 13, 'new_fc_6': 17, 'new_fc_7': 15, 'new_fc_8': 31, 'new_fc_9': 14, 'new_fc_10': 30}
[94m
|  --> START TRAINING ITERATION 10[0m
[INFO] Flags -> DA: False, L2: False, Skip: False
Building model with input_shape=(32, 32, 3), pos_input_shape=None, layer_x_block=2
Model: "model"
_________________________________________________________________
 Layer (type)                Output Shape              Param #   
=================================================================
 input_1 (InputLayer)        [(None, 32, 32, 3)]       0         
                                                                 
 conv2d (Conv2D)             (None, 32, 32, 64)        1792      
                                                                 
 activation (Activation)     (None, 32, 32, 64)        0         
                                                                 
 conv2d_1 (Conv2D)           (None, 32, 32, 64)        36928     
                                                                 
 activation_1 (Activation)   (None, 32, 32, 64)        0         
                                                                 
 max_pooling2d (MaxPooling2  (None, 16, 16, 64)        0         
 D)                                                              
                                                                 
 conv2d_2 (Conv2D)           (None, 16, 16, 112)       64624     
                                                                 
 activation_2 (Activation)   (None, 16, 16, 112)       0         
                                                                 
 conv2d_3 (Conv2D)           (None, 16, 16, 112)       113008    
                                                                 
 activation_3 (Activation)   (None, 16, 16, 112)       0         
                                                                 
 max_pooling2d_1 (MaxPoolin  (None, 8, 8, 112)         0         
 g2D)                                                            
                                                                 
 flatten (Flatten)           (None, 7168)              0         
                                                                 
 dense (Dense)               (None, 384)               2752896   
                                                                 
 activation_4 (Activation)   (None, 384)               0         
                                                                 
 dropout (Dropout)           (None, 384)               0         
                                                                 
 dense_1 (Dense)             (None, 480)               184800    
                                                                 
 activation_5 (Activation)   (None, 480)               0         
                                                                 
 dropout_1 (Dropout)         (None, 480)               0         
                                                                 
 dense_2 (Dense)             (None, 368)               177008    
                                                                 
 activation_6 (Activation)   (None, 368)               0         
                                                                 
 dropout_2 (Dropout)         (None, 368)               0         
                                                                 
 dense_3 (Dense)             (None, 368)               135792    
                                                                 
 activation_7 (Activation)   (None, 368)               0         
                                                                 
 dropout_3 (Dropout)         (None, 368)               0         
                                                                 
 dense_4 (Dense)             (None, 208)               76752     
                                                                 
 activation_8 (Activation)   (None, 208)               0         
                                                                 
 dropout_4 (Dropout)         (None, 208)               0         
                                                                 
 dense_5 (Dense)             (None, 272)               56848     
                                                                 
 activation_9 (Activation)   (None, 272)               0         
                                                                 
 dropout_5 (Dropout)         (None, 272)               0         
                                                                 
 dense_6 (Dense)             (None, 240)               65520     
                                                                 
 activation_10 (Activation)  (None, 240)               0         
                                                                 
 dropout_6 (Dropout)         (None, 240)               0         
                                                                 
 dense_7 (Dense)             (None, 496)               119536    
                                                                 
 activation_11 (Activation)  (None, 496)               0         
                                                                 
 dropout_7 (Dropout)         (None, 496)               0         
                                                                 
 dense_8 (Dense)             (None, 224)               111328    
                                                                 
 activation_12 (Activation)  (None, 224)               0         
                                                                 
 dropout_8 (Dropout)         (None, 224)               0         
                                                                 
 dense_9 (Dense)             (None, 480)               108000    
                                                                 
 activation_13 (Activation)  (None, 480)               0         
                                                                 
 dropout_9 (Dropout)         (None, 480)               0         
                                                                 
 dense_10 (Dense)            (None, 100)               48100     
                                                                 
=================================================================
Total params: 4052932 (15.46 MB)
Trainable params: 4052932 (15.46 MB)
Non-trainable params: 0 (0.00 Byte)
_________________________________________________________________
[WARNING] Constraint Violated: FLOPs 178205848 > 150000000 or Params 4052932.0 > 15000000000

ACCURACY: 0.0


SCORE: 10000000000.0

[92m | MODULE VALUES ---------------------------------------------  |
 [0m
FLOPS: 178205848
PARAMS: 4052932.0
[92m 
 | -----------------------------------------------------------  |
 [0m

--- BANANAS ITERATION 12 / 1000 ---
Chosen point: {'num_neurons': 8, 'unit_c1': 3, 'unit_c2': 7, 'dr_f': 0.43225808407508015, 'learning_rate': 0.00031165267243378724, 'batch_size': 64, 'optimizer': 'Adadelta', 'activation': 'elu', 'data_augmentation': True, 'reg_l2': False, 'skip_connection': False, 'new_fc_1': 30, 'new_fc_2': 18, 'new_fc_3': 14, 'new_fc_4': 23, 'new_fc_5': 17, 'new_fc_6': 29, 'new_fc_7': 0, 'new_fc_8': 14, 'new_fc_9': 31, 'new_fc_10': 0}
[94m
|  --> START TRAINING ITERATION 11[0m
[INFO] Flags -> DA: True, L2: False, Skip: False
Building model with input_shape=(32, 32, 3), pos_input_shape=None, layer_x_block=2
Model: "model"
_________________________________________________________________
 Layer (type)                Output Shape              Param #   
=================================================================
 input_2 (InputLayer)        [(None, 32, 32, 3)]       0         
                                                                 
 conv2d (Conv2D)             (None, 32, 32, 24)        672       
                                                                 
 activation (Activation)     (None, 32, 32, 24)        0         
                                                                 
 conv2d_1 (Conv2D)           (None, 32, 32, 24)        5208      
                                                                 
 activation_1 (Activation)   (None, 32, 32, 24)        0         
                                                                 
 max_pooling2d (MaxPooling2  (None, 16, 16, 24)        0         
 D)                                                              
                                                                 
 conv2d_2 (Conv2D)           (None, 16, 16, 56)        12152     
                                                                 
 activation_2 (Activation)   (None, 16, 16, 56)        0         
                                                                 
 conv2d_3 (Conv2D)           (None, 16, 16, 56)        28280     
                                                                 
 activation_3 (Activation)   (None, 16, 16, 56)        0         
                                                                 
 max_pooling2d_1 (MaxPoolin  (None, 8, 8, 56)          0         
 g2D)                                                            
                                                                 
 flatten (Flatten)           (None, 3584)              0         
                                                                 
 dense (Dense)               (None, 240)               860400    
                                                                 
 activation_4 (Activation)   (None, 240)               0         
                                                                 
 dropout (Dropout)           (None, 240)               0         
                                                                 
 dense_1 (Dense)             (None, 144)               34704     
                                                                 
 activation_5 (Activation)   (None, 144)               0         
                                                                 
 dropout_1 (Dropout)         (None, 144)               0         
                                                                 
 dense_2 (Dense)             (None, 112)               16240     
                                                                 
 activation_6 (Activation)   (None, 112)               0         
                                                                 
 dropout_2 (Dropout)         (None, 112)               0         
                                                                 
 dense_3 (Dense)             (None, 184)               20792     
                                                                 
 activation_7 (Activation)   (None, 184)               0         
                                                                 
 dropout_3 (Dropout)         (None, 184)               0         
                                                                 
 dense_4 (Dense)             (None, 136)               25160     
                                                                 
 activation_8 (Activation)   (None, 136)               0         
                                                                 
 dropout_4 (Dropout)         (None, 136)               0         
                                                                 
 dense_5 (Dense)             (None, 232)               31784     
                                                                 
 activation_9 (Activation)   (None, 232)               0         
                                                                 
 dropout_5 (Dropout)         (None, 232)               0         
                                                                 
 dense_6 (Dense)             (None, 112)               26096     
                                                                 
 activation_10 (Activation)  (None, 112)               0         
                                                                 
 dropout_6 (Dropout)         (None, 112)               0         
                                                                 
 dense_7 (Dense)             (None, 248)               28024     
                                                                 
 activation_11 (Activation)  (None, 248)               0         
                                                                 
 dropout_7 (Dropout)         (None, 248)               0         
                                                                 
 dense_8 (Dense)             (None, 100)               24900     
                                                                 
=================================================================
Total params: 1114412 (4.25 MB)
Trainable params: 1114412 (4.25 MB)
Non-trainable params: 0 (0.00 Byte)
_________________________________________________________________
Epoch 1/100
782/782 - 4s - loss: 4.7413 - accuracy: 0.0103 - val_loss: 4.6111 - val_accuracy: 0.0105 - 4s/epoch - 5ms/step
Epoch 2/100
782/782 - 2s - loss: 4.7198 - accuracy: 0.0094 - val_loss: 4.6097 - val_accuracy: 0.0108 - 2s/epoch - 3ms/step
Epoch 3/100
782/782 - 2s - loss: 4.7001 - accuracy: 0.0105 - val_loss: 4.6087 - val_accuracy: 0.0114 - 2s/epoch - 3ms/step
Epoch 4/100
782/782 - 2s - loss: 4.6856 - accuracy: 0.0104 - val_loss: 4.6079 - val_accuracy: 0.0112 - 2s/epoch - 3ms/step
Epoch 5/100
782/782 - 2s - loss: 4.6794 - accuracy: 0.0112 - val_loss: 4.6073 - val_accuracy: 0.0120 - 2s/epoch - 3ms/step
Epoch 6/100
782/782 - 2s - loss: 4.6756 - accuracy: 0.0096 - val_loss: 4.6068 - val_accuracy: 0.0121 - 2s/epoch - 3ms/step
Epoch 7/100
782/782 - 2s - loss: 4.6674 - accuracy: 0.0103 - val_loss: 4.6062 - val_accuracy: 0.0136 - 2s/epoch - 3ms/step
Epoch 8/100
782/782 - 2s - loss: 4.6650 - accuracy: 0.0100 - val_loss: 4.6058 - val_accuracy: 0.0135 - 2s/epoch - 3ms/step
Epoch 9/100
782/782 - 2s - loss: 4.6650 - accuracy: 0.0104 - val_loss: 4.6054 - val_accuracy: 0.0125 - 2s/epoch - 3ms/step
Epoch 10/100
782/782 - 2s - loss: 4.6608 - accuracy: 0.0095 - val_loss: 4.6050 - val_accuracy: 0.0118 - 2s/epoch - 3ms/step
Epoch 11/100
782/782 - 2s - loss: 4.6561 - accuracy: 0.0096 - val_loss: 4.6046 - val_accuracy: 0.0124 - 2s/epoch - 3ms/step
Epoch 12/100
782/782 - 2s - loss: 4.6543 - accuracy: 0.0098 - val_loss: 4.6042 - val_accuracy: 0.0120 - 2s/epoch - 3ms/step
Epoch 13/100
782/782 - 2s - loss: 4.6561 - accuracy: 0.0104 - val_loss: 4.6038 - val_accuracy: 0.0122 - 2s/epoch - 3ms/step
Epoch 14/100
782/782 - 2s - loss: 4.6523 - accuracy: 0.0100 - val_loss: 4.6035 - val_accuracy: 0.0129 - 2s/epoch - 3ms/step
Epoch 15/100
782/782 - 2s - loss: 4.6498 - accuracy: 0.0103 - val_loss: 4.6032 - val_accuracy: 0.0126 - 2s/epoch - 3ms/step
Epoch 16/100
782/782 - 2s - loss: 4.6494 - accuracy: 0.0104 - val_loss: 4.6028 - val_accuracy: 0.0123 - 2s/epoch - 3ms/step
Epoch 17/100
782/782 - 2s - loss: 4.6493 - accuracy: 0.0108 - val_loss: 4.6025 - val_accuracy: 0.0119 - 2s/epoch - 3ms/step
Epoch 18/100
782/782 - 2s - loss: 4.6443 - accuracy: 0.0105 - val_loss: 4.6023 - val_accuracy: 0.0123 - 2s/epoch - 3ms/step
Epoch 19/100
782/782 - 2s - loss: 4.6449 - accuracy: 0.0109 - val_loss: 4.6019 - val_accuracy: 0.0125 - 2s/epoch - 3ms/step
Epoch 20/100
782/782 - 2s - loss: 4.6444 - accuracy: 0.0099 - val_loss: 4.6017 - val_accuracy: 0.0125 - 2s/epoch - 3ms/step
Epoch 21/100
782/782 - 2s - loss: 4.6467 - accuracy: 0.0105 - val_loss: 4.6014 - val_accuracy: 0.0121 - 2s/epoch - 3ms/step
Epoch 22/100
782/782 - 2s - loss: 4.6448 - accuracy: 0.0102 - val_loss: 4.6012 - val_accuracy: 0.0127 - 2s/epoch - 3ms/step
Epoch 23/100
782/782 - 2s - loss: 4.6399 - accuracy: 0.0108 - val_loss: 4.6009 - val_accuracy: 0.0128 - 2s/epoch - 3ms/step
Epoch 24/100
782/782 - 2s - loss: 4.6416 - accuracy: 0.0103 - val_loss: 4.6006 - val_accuracy: 0.0127 - 2s/epoch - 3ms/step
Epoch 25/100
782/782 - 2s - loss: 4.6421 - accuracy: 0.0105 - val_loss: 4.6004 - val_accuracy: 0.0128 - 2s/epoch - 3ms/step
Epoch 26/100
782/782 - 2s - loss: 4.6404 - accuracy: 0.0111 - val_loss: 4.6001 - val_accuracy: 0.0140 - 2s/epoch - 3ms/step
Epoch 27/100
782/782 - 2s - loss: 4.6390 - accuracy: 0.0108 - val_loss: 4.5999 - val_accuracy: 0.0134 - 2s/epoch - 3ms/step
Epoch 28/100
782/782 - 2s - loss: 4.6391 - accuracy: 0.0108 - val_loss: 4.5996 - val_accuracy: 0.0142 - 2s/epoch - 3ms/step
Epoch 29/100
782/782 - 2s - loss: 4.6378 - accuracy: 0.0100 - val_loss: 4.5994 - val_accuracy: 0.0138 - 2s/epoch - 3ms/step
Epoch 30/100
782/782 - 2s - loss: 4.6377 - accuracy: 0.0102 - val_loss: 4.5992 - val_accuracy: 0.0145 - 2s/epoch - 3ms/step
Epoch 31/100
Restoring model weights from the end of the best epoch: 1.
782/782 - 2s - loss: 4.6368 - accuracy: 0.0112 - val_loss: 4.5989 - val_accuracy: 0.0152 - 2s/epoch - 3ms/step
Epoch 31: early stopping
313/313 - 0s - loss: 4.6111 - accuracy: 0.0105 - 448ms/epoch - 1ms/step

ACCURACY: 0.010499999858438969


SCORE: -0.23767059190090728

[92m | MODULE VALUES ---------------------------------------------  |
 [0m
FLOPS: 34839704
PARAMS: 1114412.0
[92m 
 | -----------------------------------------------------------  |
 [0m

--- BANANAS ITERATION 13 / 1000 ---
Chosen point: {'num_neurons': 4, 'unit_c1': 4, 'unit_c2': 2, 'dr_f': 0.19666005643600104, 'learning_rate': 0.00010518808988406242, 'batch_size': 64, 'optimizer': 'SGD', 'activation': 'elu', 'data_augmentation': True, 'reg_l2': False, 'skip_connection': True, 'new_fc_1': 13, 'new_fc_2': 19, 'new_fc_3': 15, 'new_fc_4': 19, 'new_fc_5': 31, 'new_fc_6': 24, 'new_fc_7': 28, 'new_fc_8': 28, 'new_fc_9': 32, 'new_fc_10': 14}
[94m
|  --> START TRAINING ITERATION 12[0m
[INFO] Flags -> DA: True, L2: False, Skip: True
Building model with input_shape=(32, 32, 3), pos_input_shape=None, layer_x_block=2
Model: "model"
__________________________________________________________________________________________________
 Layer (type)                Output Shape                 Param #   Connected to                  
==================================================================================================
 input_2 (InputLayer)        [(None, 32, 32, 3)]          0         []                            
                                                                                                  
 conv2d (Conv2D)             (None, 32, 32, 16)           448       ['input_2[0][0]']             
                                                                                                  
 activation (Activation)     (None, 32, 32, 16)           0         ['conv2d[1][0]']              
                                                                                                  
 conv2d_2 (Conv2D)           (None, 32, 32, 16)           64        ['input_2[0][0]']             
                                                                                                  
 conv2d_1 (Conv2D)           (None, 32, 32, 16)           2320      ['activation[1][0]']          
                                                                                                  
 add (Add)                   (None, 32, 32, 16)           0         ['conv2d_2[1][0]',            
                                                                     'conv2d_1[1][0]']            
                                                                                                  
 activation_1 (Activation)   (None, 32, 32, 16)           0         ['add[1][0]']                 
                                                                                                  
 max_pooling2d (MaxPooling2  (None, 16, 16, 16)           0         ['activation_1[1][0]']        
 D)                                                                                               
                                                                                                  
 conv2d_3 (Conv2D)           (None, 16, 16, 8)            1160      ['max_pooling2d[1][0]']       
                                                                                                  
 activation_2 (Activation)   (None, 16, 16, 8)            0         ['conv2d_3[1][0]']            
                                                                                                  
 conv2d_5 (Conv2D)           (None, 16, 16, 8)            136       ['max_pooling2d[1][0]']       
                                                                                                  
 conv2d_4 (Conv2D)           (None, 16, 16, 8)            584       ['activation_2[1][0]']        
                                                                                                  
 add_1 (Add)                 (None, 16, 16, 8)            0         ['conv2d_5[1][0]',            
                                                                     'conv2d_4[1][0]']            
                                                                                                  
 activation_3 (Activation)   (None, 16, 16, 8)            0         ['add_1[1][0]']               
                                                                                                  
 max_pooling2d_1 (MaxPoolin  (None, 8, 8, 8)              0         ['activation_3[1][0]']        
 g2D)                                                                                             
                                                                                                  
 flatten (Flatten)           (None, 512)                  0         ['max_pooling2d_1[1][0]']     
                                                                                                  
 dense (Dense)               (None, 52)                   26676     ['flatten[1][0]']             
                                                                                                  
 activation_4 (Activation)   (None, 52)                   0         ['dense[1][0]']               
                                                                                                  
 dropout (Dropout)           (None, 52)                   0         ['activation_4[1][0]']        
                                                                                                  
 dense_1 (Dense)             (None, 76)                   4028      ['dropout[1][0]']             
                                                                                                  
 activation_5 (Activation)   (None, 76)                   0         ['dense_1[1][0]']             
                                                                                                  
 dropout_1 (Dropout)         (None, 76)                   0         ['activation_5[1][0]']        
                                                                                                  
 dense_2 (Dense)             (None, 60)                   4620      ['dropout_1[1][0]']           
                                                                                                  
 activation_6 (Activation)   (None, 60)                   0         ['dense_2[1][0]']             
                                                                                                  
 dropout_2 (Dropout)         (None, 60)                   0         ['activation_6[1][0]']        
                                                                                                  
 dense_3 (Dense)             (None, 76)                   4636      ['dropout_2[1][0]']           
                                                                                                  
 activation_7 (Activation)   (None, 76)                   0         ['dense_3[1][0]']             
                                                                                                  
 dropout_3 (Dropout)         (None, 76)                   0         ['activation_7[1][0]']        
                                                                                                  
 dense_4 (Dense)             (None, 124)                  9548      ['dropout_3[1][0]']           
                                                                                                  
 activation_8 (Activation)   (None, 124)                  0         ['dense_4[1][0]']             
                                                                                                  
 dropout_4 (Dropout)         (None, 124)                  0         ['activation_8[1][0]']        
                                                                                                  
 dense_5 (Dense)             (None, 96)                   12000     ['dropout_4[1][0]']           
                                                                                                  
 activation_9 (Activation)   (None, 96)                   0         ['dense_5[1][0]']             
                                                                                                  
 dropout_5 (Dropout)         (None, 96)                   0         ['activation_9[1][0]']        
                                                                                                  
 dense_6 (Dense)             (None, 112)                  10864     ['dropout_5[1][0]']           
                                                                                                  
 activation_10 (Activation)  (None, 112)                  0         ['dense_6[1][0]']             
                                                                                                  
 dropout_6 (Dropout)         (None, 112)                  0         ['activation_10[1][0]']       
                                                                                                  
 dense_7 (Dense)             (None, 112)                  12656     ['dropout_6[1][0]']           
                                                                                                  
 activation_11 (Activation)  (None, 112)                  0         ['dense_7[1][0]']             
                                                                                                  
 dropout_7 (Dropout)         (None, 112)                  0         ['activation_11[1][0]']       
                                                                                                  
 dense_8 (Dense)             (None, 128)                  14464     ['dropout_7[1][0]']           
                                                                                                  
 activation_12 (Activation)  (None, 128)                  0         ['dense_8[1][0]']             
                                                                                                  
 dropout_8 (Dropout)         (None, 128)                  0         ['activation_12[1][0]']       
                                                                                                  
 dense_9 (Dense)             (None, 56)                   7224      ['dropout_8[1][0]']           
                                                                                                  
 activation_13 (Activation)  (None, 56)                   0         ['dense_9[1][0]']             
                                                                                                  
 dropout_9 (Dropout)         (None, 56)                   0         ['activation_13[1][0]']       
                                                                                                  
 dense_10 (Dense)            (None, 100)                  5700      ['dropout_9[1][0]']           
                                                                                                  
==================================================================================================
Total params: 117128 (457.53 KB)
Trainable params: 117128 (457.53 KB)
Non-trainable params: 0 (0.00 Byte)
__________________________________________________________________________________________________
Epoch 1/100
782/782 - 4s - loss: 4.6853 - accuracy: 0.0099 - val_loss: 4.6140 - val_accuracy: 0.0109 - 4s/epoch - 5ms/step
Epoch 2/100
782/782 - 3s - loss: 4.6793 - accuracy: 0.0096 - val_loss: 4.6121 - val_accuracy: 0.0114 - 3s/epoch - 3ms/step
Epoch 3/100
782/782 - 3s - loss: 4.6728 - accuracy: 0.0093 - val_loss: 4.6106 - val_accuracy: 0.0102 - 3s/epoch - 3ms/step
Epoch 4/100
782/782 - 3s - loss: 4.6671 - accuracy: 0.0095 - val_loss: 4.6096 - val_accuracy: 0.0095 - 3s/epoch - 3ms/step
Epoch 5/100
782/782 - 3s - loss: 4.6609 - accuracy: 0.0101 - val_loss: 4.6087 - val_accuracy: 0.0094 - 3s/epoch - 3ms/step
Epoch 6/100
782/782 - 3s - loss: 4.6611 - accuracy: 0.0095 - val_loss: 4.6079 - val_accuracy: 0.0089 - 3s/epoch - 3ms/step
Epoch 7/100
782/782 - 3s - loss: 4.6561 - accuracy: 0.0105 - val_loss: 4.6072 - val_accuracy: 0.0090 - 3s/epoch - 3ms/step
Epoch 8/100
782/782 - 3s - loss: 4.6538 - accuracy: 0.0108 - val_loss: 4.6065 - val_accuracy: 0.0087 - 3s/epoch - 3ms/step
Epoch 9/100
782/782 - 3s - loss: 4.6501 - accuracy: 0.0107 - val_loss: 4.6059 - val_accuracy: 0.0092 - 3s/epoch - 3ms/step
Epoch 10/100
782/782 - 3s - loss: 4.6482 - accuracy: 0.0098 - val_loss: 4.6054 - val_accuracy: 0.0093 - 3s/epoch - 3ms/step
Epoch 11/100
782/782 - 3s - loss: 4.6473 - accuracy: 0.0095 - val_loss: 4.6048 - val_accuracy: 0.0095 - 3s/epoch - 3ms/step
Epoch 12/100
782/782 - 3s - loss: 4.6423 - accuracy: 0.0105 - val_loss: 4.6043 - val_accuracy: 0.0101 - 3s/epoch - 3ms/step
Epoch 13/100
782/782 - 3s - loss: 4.6421 - accuracy: 0.0093 - val_loss: 4.6038 - val_accuracy: 0.0105 - 3s/epoch - 3ms/step
Epoch 14/100
782/782 - 3s - loss: 4.6409 - accuracy: 0.0098 - val_loss: 4.6032 - val_accuracy: 0.0106 - 3s/epoch - 3ms/step
Epoch 15/100
782/782 - 3s - loss: 4.6380 - accuracy: 0.0100 - val_loss: 4.6028 - val_accuracy: 0.0110 - 3s/epoch - 3ms/step
Epoch 16/100
782/782 - 3s - loss: 4.6367 - accuracy: 0.0099 - val_loss: 4.6023 - val_accuracy: 0.0118 - 3s/epoch - 3ms/step
Epoch 17/100
782/782 - 3s - loss: 4.6355 - accuracy: 0.0096 - val_loss: 4.6019 - val_accuracy: 0.0121 - 3s/epoch - 3ms/step
Epoch 18/100
782/782 - 3s - loss: 4.6321 - accuracy: 0.0101 - val_loss: 4.6015 - val_accuracy: 0.0125 - 3s/epoch - 3ms/step
Epoch 19/100
782/782 - 3s - loss: 4.6325 - accuracy: 0.0098 - val_loss: 4.6010 - val_accuracy: 0.0122 - 3s/epoch - 3ms/step
Epoch 20/100
782/782 - 3s - loss: 4.6337 - accuracy: 0.0104 - val_loss: 4.6005 - val_accuracy: 0.0127 - 3s/epoch - 3ms/step
Epoch 21/100
782/782 - 3s - loss: 4.6296 - accuracy: 0.0106 - val_loss: 4.6001 - val_accuracy: 0.0132 - 3s/epoch - 3ms/step
Epoch 22/100
782/782 - 3s - loss: 4.6293 - accuracy: 0.0105 - val_loss: 4.5996 - val_accuracy: 0.0131 - 3s/epoch - 3ms/step
Epoch 23/100
782/782 - 3s - loss: 4.6269 - accuracy: 0.0110 - val_loss: 4.5992 - val_accuracy: 0.0132 - 3s/epoch - 3ms/step
Epoch 24/100
782/782 - 3s - loss: 4.6270 - accuracy: 0.0108 - val_loss: 4.5988 - val_accuracy: 0.0132 - 3s/epoch - 3ms/step
Epoch 25/100
782/782 - 3s - loss: 4.6273 - accuracy: 0.0105 - val_loss: 4.5983 - val_accuracy: 0.0135 - 3s/epoch - 3ms/step
Epoch 26/100
782/782 - 3s - loss: 4.6238 - accuracy: 0.0105 - val_loss: 4.5979 - val_accuracy: 0.0146 - 3s/epoch - 3ms/step
Epoch 27/100
782/782 - 3s - loss: 4.6241 - accuracy: 0.0101 - val_loss: 4.5976 - val_accuracy: 0.0133 - 3s/epoch - 3ms/step
Epoch 28/100
782/782 - 3s - loss: 4.6238 - accuracy: 0.0107 - val_loss: 4.5971 - val_accuracy: 0.0143 - 3s/epoch - 3ms/step
Epoch 29/100
782/782 - 3s - loss: 4.6216 - accuracy: 0.0103 - val_loss: 4.5967 - val_accuracy: 0.0145 - 3s/epoch - 3ms/step
Epoch 30/100
782/782 - 3s - loss: 4.6193 - accuracy: 0.0110 - val_loss: 4.5963 - val_accuracy: 0.0153 - 3s/epoch - 3ms/step
Epoch 31/100
782/782 - 3s - loss: 4.6195 - accuracy: 0.0103 - val_loss: 4.5958 - val_accuracy: 0.0159 - 3s/epoch - 3ms/step
Epoch 32/100
782/782 - 3s - loss: 4.6199 - accuracy: 0.0101 - val_loss: 4.5954 - val_accuracy: 0.0159 - 3s/epoch - 3ms/step
Epoch 33/100
782/782 - 3s - loss: 4.6192 - accuracy: 0.0101 - val_loss: 4.5950 - val_accuracy: 0.0160 - 3s/epoch - 3ms/step
Epoch 34/100
782/782 - 3s - loss: 4.6176 - accuracy: 0.0115 - val_loss: 4.5945 - val_accuracy: 0.0155 - 3s/epoch - 3ms/step
Epoch 35/100
782/782 - 3s - loss: 4.6145 - accuracy: 0.0111 - val_loss: 4.5940 - val_accuracy: 0.0153 - 3s/epoch - 3ms/step
Epoch 36/100
782/782 - 3s - loss: 4.6160 - accuracy: 0.0112 - val_loss: 4.5936 - val_accuracy: 0.0159 - 3s/epoch - 3ms/step
Epoch 37/100
782/782 - 3s - loss: 4.6147 - accuracy: 0.0118 - val_loss: 4.5931 - val_accuracy: 0.0157 - 3s/epoch - 3ms/step
Epoch 38/100
782/782 - 3s - loss: 4.6138 - accuracy: 0.0115 - val_loss: 4.5927 - val_accuracy: 0.0154 - 3s/epoch - 3ms/step
Epoch 39/100
782/782 - 3s - loss: 4.6133 - accuracy: 0.0115 - val_loss: 4.5922 - val_accuracy: 0.0157 - 3s/epoch - 3ms/step
Epoch 40/100
782/782 - 3s - loss: 4.6138 - accuracy: 0.0111 - val_loss: 4.5918 - val_accuracy: 0.0155 - 3s/epoch - 3ms/step
Epoch 41/100
782/782 - 3s - loss: 4.6120 - accuracy: 0.0111 - val_loss: 4.5914 - val_accuracy: 0.0163 - 3s/epoch - 3ms/step
Epoch 42/100
782/782 - 3s - loss: 4.6129 - accuracy: 0.0116 - val_loss: 4.5909 - val_accuracy: 0.0154 - 3s/epoch - 3ms/step
Epoch 43/100
782/782 - 3s - loss: 4.6134 - accuracy: 0.0109 - val_loss: 4.5904 - val_accuracy: 0.0162 - 3s/epoch - 3ms/step
Epoch 44/100
782/782 - 3s - loss: 4.6115 - accuracy: 0.0108 - val_loss: 4.5899 - val_accuracy: 0.0163 - 3s/epoch - 3ms/step
Epoch 45/100
782/782 - 3s - loss: 4.6106 - accuracy: 0.0125 - val_loss: 4.5894 - val_accuracy: 0.0156 - 3s/epoch - 3ms/step
Epoch 46/100
782/782 - 3s - loss: 4.6106 - accuracy: 0.0112 - val_loss: 4.5890 - val_accuracy: 0.0161 - 3s/epoch - 3ms/step
Epoch 47/100
782/782 - 3s - loss: 4.6088 - accuracy: 0.0114 - val_loss: 4.5884 - val_accuracy: 0.0158 - 3s/epoch - 3ms/step
Epoch 48/100
782/782 - 3s - loss: 4.6097 - accuracy: 0.0116 - val_loss: 4.5878 - val_accuracy: 0.0167 - 3s/epoch - 3ms/step
Epoch 49/100
782/782 - 3s - loss: 4.6071 - accuracy: 0.0113 - val_loss: 4.5874 - val_accuracy: 0.0164 - 3s/epoch - 3ms/step
Epoch 50/100
782/782 - 3s - loss: 4.6082 - accuracy: 0.0118 - val_loss: 4.5869 - val_accuracy: 0.0168 - 3s/epoch - 3ms/step
Epoch 51/100
782/782 - 3s - loss: 4.6066 - accuracy: 0.0126 - val_loss: 4.5865 - val_accuracy: 0.0160 - 3s/epoch - 3ms/step
Epoch 52/100
782/782 - 3s - loss: 4.6054 - accuracy: 0.0128 - val_loss: 4.5857 - val_accuracy: 0.0175 - 3s/epoch - 3ms/step
Epoch 53/100
782/782 - 3s - loss: 4.6063 - accuracy: 0.0124 - val_loss: 4.5851 - val_accuracy: 0.0181 - 3s/epoch - 3ms/step
Epoch 54/100
782/782 - 3s - loss: 4.6051 - accuracy: 0.0129 - val_loss: 4.5846 - val_accuracy: 0.0179 - 3s/epoch - 3ms/step
Epoch 55/100
782/782 - 3s - loss: 4.6057 - accuracy: 0.0112 - val_loss: 4.5840 - val_accuracy: 0.0179 - 3s/epoch - 3ms/step
Epoch 56/100
782/782 - 3s - loss: 4.6053 - accuracy: 0.0117 - val_loss: 4.5834 - val_accuracy: 0.0175 - 3s/epoch - 3ms/step
Epoch 57/100
782/782 - 3s - loss: 4.6041 - accuracy: 0.0121 - val_loss: 4.5828 - val_accuracy: 0.0176 - 3s/epoch - 3ms/step
Epoch 58/100
782/782 - 3s - loss: 4.6024 - accuracy: 0.0128 - val_loss: 4.5822 - val_accuracy: 0.0178 - 3s/epoch - 3ms/step
Epoch 59/100
782/782 - 3s - loss: 4.6029 - accuracy: 0.0120 - val_loss: 4.5815 - val_accuracy: 0.0173 - 3s/epoch - 3ms/step
Epoch 60/100
782/782 - 3s - loss: 4.6029 - accuracy: 0.0129 - val_loss: 4.5809 - val_accuracy: 0.0182 - 3s/epoch - 3ms/step
Epoch 61/100
Restoring model weights from the end of the best epoch: 31.
782/782 - 3s - loss: 4.6015 - accuracy: 0.0127 - val_loss: 4.5802 - val_accuracy: 0.0179 - 3s/epoch - 3ms/step
Epoch 61: early stopping
313/313 - 0s - loss: 4.5958 - accuracy: 0.0159 - 479ms/epoch - 2ms/step

ACCURACY: 0.01590000092983246


SCORE: -0.2971931926508827

[92m | MODULE VALUES ---------------------------------------------  |
 [0m
FLOPS: 6968404
PARAMS: 117128.0
[92m 
 | -----------------------------------------------------------  |
 [0m

--- BANANAS ITERATION 14 / 1000 ---
Chosen point: {'num_neurons': 4, 'unit_c1': 1, 'unit_c2': 2, 'dr_f': 0.22815387292727066, 'learning_rate': 0.0006039012574005595, 'batch_size': 64, 'optimizer': 'Adagrad', 'activation': 'elu', 'data_augmentation': False, 'reg_l2': False, 'skip_connection': False, 'new_fc_1': 28, 'new_fc_2': 1, 'new_fc_3': 11, 'new_fc_4': 21, 'new_fc_5': 32, 'new_fc_6': 8, 'new_fc_7': 0, 'new_fc_8': 32, 'new_fc_9': 6, 'new_fc_10': 23}
[94m
|  --> START TRAINING ITERATION 13[0m
[INFO] Flags -> DA: False, L2: False, Skip: False
Building model with input_shape=(32, 32, 3), pos_input_shape=None, layer_x_block=2
Model: "model"
_________________________________________________________________
 Layer (type)                Output Shape              Param #   
=================================================================
 input_1 (InputLayer)        [(None, 32, 32, 3)]       0         
                                                                 
 conv2d (Conv2D)             (None, 32, 32, 4)         112       
                                                                 
 activation (Activation)     (None, 32, 32, 4)         0         
                                                                 
 conv2d_1 (Conv2D)           (None, 32, 32, 4)         148       
                                                                 
 activation_1 (Activation)   (None, 32, 32, 4)         0         
                                                                 
 max_pooling2d (MaxPooling2  (None, 16, 16, 4)         0         
 D)                                                              
                                                                 
 conv2d_2 (Conv2D)           (None, 16, 16, 8)         296       
                                                                 
 activation_2 (Activation)   (None, 16, 16, 8)         0         
                                                                 
 conv2d_3 (Conv2D)           (None, 16, 16, 8)         584       
                                                                 
 activation_3 (Activation)   (None, 16, 16, 8)         0         
                                                                 
 max_pooling2d_1 (MaxPoolin  (None, 8, 8, 8)           0         
 g2D)                                                            
                                                                 
 flatten (Flatten)           (None, 512)               0         
                                                                 
 dense (Dense)               (None, 112)               57456     
                                                                 
 activation_4 (Activation)   (None, 112)               0         
                                                                 
 dropout (Dropout)           (None, 112)               0         
                                                                 
 dense_1 (Dense)             (None, 4)                 452       
                                                                 
 activation_5 (Activation)   (None, 4)                 0         
                                                                 
 dropout_1 (Dropout)         (None, 4)                 0         
                                                                 
 dense_2 (Dense)             (None, 44)                220       
                                                                 
 activation_6 (Activation)   (None, 44)                0         
                                                                 
 dropout_2 (Dropout)         (None, 44)                0         
                                                                 
 dense_3 (Dense)             (None, 84)                3780      
                                                                 
 activation_7 (Activation)   (None, 84)                0         
                                                                 
 dropout_3 (Dropout)         (None, 84)                0         
                                                                 
 dense_4 (Dense)             (None, 128)               10880     
                                                                 
 activation_8 (Activation)   (None, 128)               0         
                                                                 
 dropout_4 (Dropout)         (None, 128)               0         
                                                                 
 dense_5 (Dense)             (None, 32)                4128      
                                                                 
 activation_9 (Activation)   (None, 32)                0         
                                                                 
 dropout_5 (Dropout)         (None, 32)                0         
                                                                 
 dense_6 (Dense)             (None, 128)               4224      
                                                                 
 activation_10 (Activation)  (None, 128)               0         
                                                                 
 dropout_6 (Dropout)         (None, 128)               0         
                                                                 
 dense_7 (Dense)             (None, 24)                3096      
                                                                 
 activation_11 (Activation)  (None, 24)                0         
                                                                 
 dropout_7 (Dropout)         (None, 24)                0         
                                                                 
 dense_8 (Dense)             (None, 92)                2300      
                                                                 
 activation_12 (Activation)  (None, 92)                0         
                                                                 
 dropout_8 (Dropout)         (None, 92)                0         
                                                                 
 dense_9 (Dense)             (None, 100)               9300      
                                                                 
=================================================================
Total params: 96976 (378.81 KB)
Trainable params: 96976 (378.81 KB)
Non-trainable params: 0 (0.00 Byte)
_________________________________________________________________
Epoch 1/100
782/782 - 4s - loss: 4.6073 - accuracy: 0.0101 - val_loss: 4.6052 - val_accuracy: 0.0090 - 4s/epoch - 5ms/step
Epoch 2/100
782/782 - 2s - loss: 4.6066 - accuracy: 0.0099 - val_loss: 4.6051 - val_accuracy: 0.0100 - 2s/epoch - 3ms/step
Epoch 3/100
782/782 - 2s - loss: 4.6063 - accuracy: 0.0111 - val_loss: 4.6050 - val_accuracy: 0.0105 - 2s/epoch - 3ms/step
Epoch 4/100
782/782 - 2s - loss: 4.6066 - accuracy: 0.0097 - val_loss: 4.6049 - val_accuracy: 0.0104 - 2s/epoch - 3ms/step
Epoch 5/100
782/782 - 2s - loss: 4.6060 - accuracy: 0.0097 - val_loss: 4.6048 - val_accuracy: 0.0102 - 2s/epoch - 3ms/step
Epoch 6/100
782/782 - 2s - loss: 4.6063 - accuracy: 0.0099 - val_loss: 4.6047 - val_accuracy: 0.0107 - 2s/epoch - 3ms/step
Epoch 7/100
782/782 - 2s - loss: 4.6061 - accuracy: 0.0103 - val_loss: 4.6046 - val_accuracy: 0.0117 - 2s/epoch - 3ms/step
Epoch 8/100
782/782 - 2s - loss: 4.6061 - accuracy: 0.0104 - val_loss: 4.6045 - val_accuracy: 0.0107 - 2s/epoch - 3ms/step
Epoch 9/100
782/782 - 2s - loss: 4.6060 - accuracy: 0.0099 - val_loss: 4.6044 - val_accuracy: 0.0109 - 2s/epoch - 3ms/step
Epoch 10/100
782/782 - 2s - loss: 4.6056 - accuracy: 0.0098 - val_loss: 4.6043 - val_accuracy: 0.0122 - 2s/epoch - 3ms/step
Epoch 11/100
782/782 - 2s - loss: 4.6055 - accuracy: 0.0101 - val_loss: 4.6042 - val_accuracy: 0.0125 - 2s/epoch - 3ms/step
Epoch 12/100
782/782 - 2s - loss: 4.6055 - accuracy: 0.0108 - val_loss: 4.6040 - val_accuracy: 0.0114 - 2s/epoch - 3ms/step
Epoch 13/100
782/782 - 2s - loss: 4.6053 - accuracy: 0.0102 - val_loss: 4.6039 - val_accuracy: 0.0109 - 2s/epoch - 3ms/step
Epoch 14/100
782/782 - 2s - loss: 4.6055 - accuracy: 0.0102 - val_loss: 4.6038 - val_accuracy: 0.0117 - 2s/epoch - 3ms/step
Epoch 15/100
782/782 - 2s - loss: 4.6048 - accuracy: 0.0109 - val_loss: 4.6037 - val_accuracy: 0.0124 - 2s/epoch - 3ms/step
Epoch 16/100
782/782 - 2s - loss: 4.6049 - accuracy: 0.0109 - val_loss: 4.6035 - val_accuracy: 0.0125 - 2s/epoch - 3ms/step
Epoch 17/100
782/782 - 2s - loss: 4.6048 - accuracy: 0.0107 - val_loss: 4.6034 - val_accuracy: 0.0137 - 2s/epoch - 3ms/step
Epoch 18/100
782/782 - 2s - loss: 4.6045 - accuracy: 0.0101 - val_loss: 4.6032 - val_accuracy: 0.0136 - 2s/epoch - 3ms/step
Epoch 19/100
782/782 - 2s - loss: 4.6042 - accuracy: 0.0115 - val_loss: 4.6030 - val_accuracy: 0.0125 - 2s/epoch - 3ms/step
Epoch 20/100
782/782 - 2s - loss: 4.6037 - accuracy: 0.0104 - val_loss: 4.6027 - val_accuracy: 0.0127 - 2s/epoch - 3ms/step
Epoch 21/100
782/782 - 2s - loss: 4.6037 - accuracy: 0.0117 - val_loss: 4.6024 - val_accuracy: 0.0128 - 2s/epoch - 3ms/step
Epoch 22/100
782/782 - 2s - loss: 4.6035 - accuracy: 0.0115 - val_loss: 4.6021 - val_accuracy: 0.0132 - 2s/epoch - 3ms/step
Epoch 23/100
782/782 - 2s - loss: 4.6034 - accuracy: 0.0115 - val_loss: 4.6017 - val_accuracy: 0.0129 - 2s/epoch - 3ms/step
Epoch 24/100
782/782 - 2s - loss: 4.6026 - accuracy: 0.0116 - val_loss: 4.6012 - val_accuracy: 0.0145 - 2s/epoch - 3ms/step
Epoch 25/100
782/782 - 2s - loss: 4.6029 - accuracy: 0.0115 - val_loss: 4.6007 - val_accuracy: 0.0143 - 2s/epoch - 3ms/step
Epoch 26/100
782/782 - 2s - loss: 4.6020 - accuracy: 0.0122 - val_loss: 4.6001 - val_accuracy: 0.0149 - 2s/epoch - 3ms/step
Epoch 27/100
782/782 - 2s - loss: 4.6013 - accuracy: 0.0120 - val_loss: 4.5993 - val_accuracy: 0.0153 - 2s/epoch - 3ms/step
Epoch 28/100
782/782 - 2s - loss: 4.6002 - accuracy: 0.0121 - val_loss: 4.5982 - val_accuracy: 0.0161 - 2s/epoch - 3ms/step
Epoch 29/100
782/782 - 2s - loss: 4.6000 - accuracy: 0.0128 - val_loss: 4.5970 - val_accuracy: 0.0168 - 2s/epoch - 3ms/step
Epoch 30/100
782/782 - 2s - loss: 4.5990 - accuracy: 0.0131 - val_loss: 4.5956 - val_accuracy: 0.0183 - 2s/epoch - 3ms/step
Epoch 31/100
782/782 - 2s - loss: 4.5971 - accuracy: 0.0125 - val_loss: 4.5935 - val_accuracy: 0.0184 - 2s/epoch - 3ms/step
Epoch 32/100
782/782 - 2s - loss: 4.5956 - accuracy: 0.0137 - val_loss: 4.5909 - val_accuracy: 0.0175 - 2s/epoch - 3ms/step
Epoch 33/100
782/782 - 2s - loss: 4.5932 - accuracy: 0.0143 - val_loss: 4.5875 - val_accuracy: 0.0196 - 2s/epoch - 3ms/step
Epoch 34/100
782/782 - 2s - loss: 4.5907 - accuracy: 0.0139 - val_loss: 4.5834 - val_accuracy: 0.0200 - 2s/epoch - 3ms/step
Epoch 35/100
782/782 - 2s - loss: 4.5853 - accuracy: 0.0136 - val_loss: 4.5776 - val_accuracy: 0.0182 - 2s/epoch - 3ms/step
Epoch 36/100
782/782 - 2s - loss: 4.5824 - accuracy: 0.0147 - val_loss: 4.5711 - val_accuracy: 0.0181 - 2s/epoch - 3ms/step
Epoch 37/100
782/782 - 2s - loss: 4.5773 - accuracy: 0.0155 - val_loss: 4.5635 - val_accuracy: 0.0183 - 2s/epoch - 3ms/step
Epoch 38/100
782/782 - 2s - loss: 4.5724 - accuracy: 0.0159 - val_loss: 4.5554 - val_accuracy: 0.0184 - 2s/epoch - 3ms/step
Epoch 39/100
782/782 - 2s - loss: 4.5652 - accuracy: 0.0153 - val_loss: 4.5464 - val_accuracy: 0.0183 - 2s/epoch - 3ms/step
Epoch 40/100
782/782 - 2s - loss: 4.5581 - accuracy: 0.0165 - val_loss: 4.5370 - val_accuracy: 0.0180 - 2s/epoch - 3ms/step
Epoch 41/100
782/782 - 2s - loss: 4.5523 - accuracy: 0.0170 - val_loss: 4.5283 - val_accuracy: 0.0182 - 2s/epoch - 3ms/step
Epoch 42/100
782/782 - 2s - loss: 4.5473 - accuracy: 0.0172 - val_loss: 4.5199 - val_accuracy: 0.0182 - 2s/epoch - 3ms/step
Epoch 43/100
782/782 - 2s - loss: 4.5415 - accuracy: 0.0178 - val_loss: 4.5120 - val_accuracy: 0.0233 - 2s/epoch - 3ms/step
Epoch 44/100
782/782 - 2s - loss: 4.5343 - accuracy: 0.0178 - val_loss: 4.5044 - val_accuracy: 0.0205 - 2s/epoch - 3ms/step
Epoch 45/100
782/782 - 2s - loss: 4.5296 - accuracy: 0.0190 - val_loss: 4.4976 - val_accuracy: 0.0199 - 2s/epoch - 3ms/step
Epoch 46/100
782/782 - 2s - loss: 4.5235 - accuracy: 0.0182 - val_loss: 4.4913 - val_accuracy: 0.0192 - 2s/epoch - 3ms/step
Epoch 47/100
782/782 - 2s - loss: 4.5189 - accuracy: 0.0182 - val_loss: 4.4853 - val_accuracy: 0.0189 - 2s/epoch - 3ms/step
Epoch 48/100
782/782 - 2s - loss: 4.5143 - accuracy: 0.0184 - val_loss: 4.4798 - val_accuracy: 0.0188 - 2s/epoch - 3ms/step
Epoch 49/100
782/782 - 2s - loss: 4.5086 - accuracy: 0.0193 - val_loss: 4.4748 - val_accuracy: 0.0189 - 2s/epoch - 3ms/step
Epoch 50/100
782/782 - 2s - loss: 4.5044 - accuracy: 0.0190 - val_loss: 4.4698 - val_accuracy: 0.0187 - 2s/epoch - 3ms/step
Epoch 51/100
782/782 - 2s - loss: 4.5011 - accuracy: 0.0186 - val_loss: 4.4651 - val_accuracy: 0.0183 - 2s/epoch - 3ms/step
Epoch 52/100
782/782 - 2s - loss: 4.4991 - accuracy: 0.0186 - val_loss: 4.4609 - val_accuracy: 0.0179 - 2s/epoch - 3ms/step
Epoch 53/100
782/782 - 2s - loss: 4.4917 - accuracy: 0.0191 - val_loss: 4.4566 - val_accuracy: 0.0177 - 2s/epoch - 3ms/step
Epoch 54/100
782/782 - 2s - loss: 4.4920 - accuracy: 0.0181 - val_loss: 4.4529 - val_accuracy: 0.0169 - 2s/epoch - 3ms/step
Epoch 55/100
782/782 - 2s - loss: 4.4867 - accuracy: 0.0189 - val_loss: 4.4490 - val_accuracy: 0.0174 - 2s/epoch - 3ms/step
Epoch 56/100
782/782 - 2s - loss: 4.4854 - accuracy: 0.0186 - val_loss: 4.4457 - val_accuracy: 0.0177 - 2s/epoch - 3ms/step
Epoch 57/100
782/782 - 2s - loss: 4.4818 - accuracy: 0.0196 - val_loss: 4.4420 - val_accuracy: 0.0178 - 2s/epoch - 3ms/step
Epoch 58/100
782/782 - 2s - loss: 4.4816 - accuracy: 0.0187 - val_loss: 4.4391 - val_accuracy: 0.0182 - 2s/epoch - 3ms/step
Epoch 59/100
782/782 - 2s - loss: 4.4747 - accuracy: 0.0185 - val_loss: 4.4360 - val_accuracy: 0.0190 - 2s/epoch - 3ms/step
Epoch 60/100
782/782 - 2s - loss: 4.4712 - accuracy: 0.0194 - val_loss: 4.4323 - val_accuracy: 0.0201 - 2s/epoch - 3ms/step
Epoch 61/100
782/782 - 2s - loss: 4.4693 - accuracy: 0.0202 - val_loss: 4.4293 - val_accuracy: 0.0199 - 2s/epoch - 3ms/step
Epoch 62/100
782/782 - 2s - loss: 4.4663 - accuracy: 0.0204 - val_loss: 4.4266 - val_accuracy: 0.0196 - 2s/epoch - 3ms/step
Epoch 63/100
Restoring model weights from the end of the best epoch: 33.
782/782 - 2s - loss: 4.4639 - accuracy: 0.0193 - val_loss: 4.4237 - val_accuracy: 0.0196 - 2s/epoch - 3ms/step
Epoch 63: early stopping
313/313 - 0s - loss: 4.5875 - accuracy: 0.0196 - 477ms/epoch - 2ms/step

ACCURACY: 0.019600000232458115


SCORE: -0.31138336016272067

[92m | MODULE VALUES ---------------------------------------------  |
 [0m
FLOPS: 1168320
PARAMS: 96976.0
[92m 
 | -----------------------------------------------------------  |
 [0m

--- BANANAS ITERATION 15 / 1000 ---
Chosen point: {'num_neurons': 4, 'unit_c1': 4, 'unit_c2': 6, 'dr_f': 0.33449753197846377, 'learning_rate': 0.0002581012439202527, 'batch_size': 64, 'optimizer': 'Adadelta', 'activation': 'elu', 'data_augmentation': False, 'reg_l2': False, 'skip_connection': False, 'new_fc_1': 4, 'new_fc_2': 3, 'new_fc_3': 17, 'new_fc_4': 19, 'new_fc_5': 21, 'new_fc_6': 27, 'new_fc_7': 3, 'new_fc_8': 22, 'new_fc_9': 12, 'new_fc_10': 10}
[94m
|  --> START TRAINING ITERATION 14[0m
[INFO] Flags -> DA: False, L2: False, Skip: False
Building model with input_shape=(32, 32, 3), pos_input_shape=None, layer_x_block=2
Model: "model"
_________________________________________________________________
 Layer (type)                Output Shape              Param #   
=================================================================
 input_1 (InputLayer)        [(None, 32, 32, 3)]       0         
                                                                 
 conv2d (Conv2D)             (None, 32, 32, 16)        448       
                                                                 
 activation (Activation)     (None, 32, 32, 16)        0         
                                                                 
 conv2d_1 (Conv2D)           (None, 32, 32, 16)        2320      
                                                                 
 activation_1 (Activation)   (None, 32, 32, 16)        0         
                                                                 
 max_pooling2d (MaxPooling2  (None, 16, 16, 16)        0         
 D)                                                              
                                                                 
 conv2d_2 (Conv2D)           (None, 16, 16, 24)        3480      
                                                                 
 activation_2 (Activation)   (None, 16, 16, 24)        0         
                                                                 
 conv2d_3 (Conv2D)           (None, 16, 16, 24)        5208      
                                                                 
 activation_3 (Activation)   (None, 16, 16, 24)        0         
                                                                 
 max_pooling2d_1 (MaxPoolin  (None, 8, 8, 24)          0         
 g2D)                                                            
                                                                 
 flatten (Flatten)           (None, 1536)              0         
                                                                 
 dense (Dense)               (None, 16)                24592     
                                                                 
 activation_4 (Activation)   (None, 16)                0         
                                                                 
 dropout (Dropout)           (None, 16)                0         
                                                                 
 dense_1 (Dense)             (None, 12)                204       
                                                                 
 activation_5 (Activation)   (None, 12)                0         
                                                                 
 dropout_1 (Dropout)         (None, 12)                0         
                                                                 
 dense_2 (Dense)             (None, 68)                884       
                                                                 
 activation_6 (Activation)   (None, 68)                0         
                                                                 
 dropout_2 (Dropout)         (None, 68)                0         
                                                                 
 dense_3 (Dense)             (None, 76)                5244      
                                                                 
 activation_7 (Activation)   (None, 76)                0         
                                                                 
 dropout_3 (Dropout)         (None, 76)                0         
                                                                 
 dense_4 (Dense)             (None, 84)                6468      
                                                                 
 activation_8 (Activation)   (None, 84)                0         
                                                                 
 dropout_4 (Dropout)         (None, 84)                0         
                                                                 
 dense_5 (Dense)             (None, 108)               9180      
                                                                 
 activation_9 (Activation)   (None, 108)               0         
                                                                 
 dropout_5 (Dropout)         (None, 108)               0         
                                                                 
 dense_6 (Dense)             (None, 12)                1308      
                                                                 
 activation_10 (Activation)  (None, 12)                0         
                                                                 
 dropout_6 (Dropout)         (None, 12)                0         
                                                                 
 dense_7 (Dense)             (None, 88)                1144      
                                                                 
 activation_11 (Activation)  (None, 88)                0         
                                                                 
 dropout_7 (Dropout)         (None, 88)                0         
                                                                 
 dense_8 (Dense)             (None, 48)                4272      
                                                                 
 activation_12 (Activation)  (None, 48)                0         
                                                                 
 dropout_8 (Dropout)         (None, 48)                0         
                                                                 
 dense_9 (Dense)             (None, 40)                1960      
                                                                 
 activation_13 (Activation)  (None, 40)                0         
                                                                 
 dropout_9 (Dropout)         (None, 40)                0         
                                                                 
 dense_10 (Dense)            (None, 100)               4100      
                                                                 
=================================================================
Total params: 70812 (276.61 KB)
Trainable params: 70812 (276.61 KB)
Non-trainable params: 0 (0.00 Byte)
_________________________________________________________________
Epoch 1/100
782/782 - 4s - loss: 4.6254 - accuracy: 0.0099 - val_loss: 4.6051 - val_accuracy: 0.0117 - 4s/epoch - 5ms/step
Epoch 2/100
782/782 - 3s - loss: 4.6234 - accuracy: 0.0108 - val_loss: 4.6051 - val_accuracy: 0.0115 - 3s/epoch - 3ms/step
Epoch 3/100
782/782 - 3s - loss: 4.6214 - accuracy: 0.0102 - val_loss: 4.6050 - val_accuracy: 0.0118 - 3s/epoch - 3ms/step
Epoch 4/100
782/782 - 3s - loss: 4.6206 - accuracy: 0.0101 - val_loss: 4.6050 - val_accuracy: 0.0126 - 3s/epoch - 3ms/step
Epoch 5/100
782/782 - 3s - loss: 4.6207 - accuracy: 0.0093 - val_loss: 4.6049 - val_accuracy: 0.0125 - 3s/epoch - 3ms/step
Epoch 6/100
782/782 - 3s - loss: 4.6191 - accuracy: 0.0096 - val_loss: 4.6049 - val_accuracy: 0.0120 - 3s/epoch - 3ms/step
Epoch 7/100
782/782 - 3s - loss: 4.6183 - accuracy: 0.0101 - val_loss: 4.6049 - val_accuracy: 0.0118 - 3s/epoch - 3ms/step
Epoch 8/100
782/782 - 3s - loss: 4.6164 - accuracy: 0.0105 - val_loss: 4.6048 - val_accuracy: 0.0117 - 3s/epoch - 3ms/step
Epoch 9/100
782/782 - 3s - loss: 4.6171 - accuracy: 0.0101 - val_loss: 4.6048 - val_accuracy: 0.0112 - 3s/epoch - 3ms/step
Epoch 10/100
782/782 - 3s - loss: 4.6154 - accuracy: 0.0098 - val_loss: 4.6048 - val_accuracy: 0.0113 - 3s/epoch - 3ms/step
Epoch 11/100
782/782 - 3s - loss: 4.6157 - accuracy: 0.0103 - val_loss: 4.6047 - val_accuracy: 0.0112 - 3s/epoch - 3ms/step
Epoch 12/100
782/782 - 3s - loss: 4.6146 - accuracy: 0.0098 - val_loss: 4.6047 - val_accuracy: 0.0112 - 3s/epoch - 3ms/step
Epoch 13/100
782/782 - 3s - loss: 4.6149 - accuracy: 0.0095 - val_loss: 4.6047 - val_accuracy: 0.0113 - 3s/epoch - 3ms/step
Epoch 14/100
782/782 - 3s - loss: 4.6144 - accuracy: 0.0099 - val_loss: 4.6046 - val_accuracy: 0.0117 - 3s/epoch - 3ms/step
Epoch 15/100
782/782 - 3s - loss: 4.6136 - accuracy: 0.0099 - val_loss: 4.6046 - val_accuracy: 0.0109 - 3s/epoch - 3ms/step
Epoch 16/100
782/782 - 3s - loss: 4.6125 - accuracy: 0.0105 - val_loss: 4.6046 - val_accuracy: 0.0110 - 3s/epoch - 3ms/step
Epoch 17/100
782/782 - 3s - loss: 4.6131 - accuracy: 0.0096 - val_loss: 4.6046 - val_accuracy: 0.0108 - 3s/epoch - 3ms/step
Epoch 18/100
782/782 - 3s - loss: 4.6133 - accuracy: 0.0102 - val_loss: 4.6046 - val_accuracy: 0.0108 - 3s/epoch - 3ms/step
Epoch 19/100
782/782 - 3s - loss: 4.6127 - accuracy: 0.0097 - val_loss: 4.6045 - val_accuracy: 0.0102 - 3s/epoch - 3ms/step
Epoch 20/100
782/782 - 3s - loss: 4.6112 - accuracy: 0.0109 - val_loss: 4.6045 - val_accuracy: 0.0103 - 3s/epoch - 3ms/step
Epoch 21/100
782/782 - 3s - loss: 4.6129 - accuracy: 0.0098 - val_loss: 4.6045 - val_accuracy: 0.0106 - 3s/epoch - 3ms/step
Epoch 22/100
782/782 - 3s - loss: 4.6121 - accuracy: 0.0105 - val_loss: 4.6045 - val_accuracy: 0.0103 - 3s/epoch - 3ms/step
Epoch 23/100
782/782 - 3s - loss: 4.6116 - accuracy: 0.0101 - val_loss: 4.6045 - val_accuracy: 0.0104 - 3s/epoch - 3ms/step
Epoch 24/100
782/782 - 3s - loss: 4.6122 - accuracy: 0.0098 - val_loss: 4.6044 - val_accuracy: 0.0105 - 3s/epoch - 3ms/step
Epoch 25/100
782/782 - 3s - loss: 4.6117 - accuracy: 0.0102 - val_loss: 4.6044 - val_accuracy: 0.0107 - 3s/epoch - 3ms/step
Epoch 26/100
782/782 - 3s - loss: 4.6121 - accuracy: 0.0105 - val_loss: 4.6044 - val_accuracy: 0.0108 - 3s/epoch - 3ms/step
Epoch 27/100
782/782 - 3s - loss: 4.6110 - accuracy: 0.0099 - val_loss: 4.6044 - val_accuracy: 0.0107 - 3s/epoch - 3ms/step
Epoch 28/100
782/782 - 3s - loss: 4.6105 - accuracy: 0.0110 - val_loss: 4.6044 - val_accuracy: 0.0108 - 3s/epoch - 3ms/step
Epoch 29/100
782/782 - 3s - loss: 4.6114 - accuracy: 0.0105 - val_loss: 4.6043 - val_accuracy: 0.0110 - 3s/epoch - 3ms/step
Epoch 30/100
782/782 - 3s - loss: 4.6110 - accuracy: 0.0097 - val_loss: 4.6043 - val_accuracy: 0.0115 - 3s/epoch - 3ms/step
Epoch 31/100
Restoring model weights from the end of the best epoch: 1.
782/782 - 3s - loss: 4.6106 - accuracy: 0.0096 - val_loss: 4.6043 - val_accuracy: 0.0113 - 3s/epoch - 3ms/step
Epoch 31: early stopping
313/313 - 0s - loss: 4.6051 - accuracy: 0.0117 - 460ms/epoch - 1ms/step

ACCURACY: 0.011699999682605267


SCORE: -0.2877636957778237

[92m | MODULE VALUES ---------------------------------------------  |
 [0m
FLOPS: 10213152
PARAMS: 70812.0
[92m 
 | -----------------------------------------------------------  |
 [0m

--- BANANAS ITERATION 16 / 1000 ---
Chosen point: {'num_neurons': 4, 'unit_c1': 3, 'unit_c2': 5, 'dr_f': 0.30537062467865217, 'learning_rate': 0.00030251210027480593, 'batch_size': 16, 'optimizer': 'Adadelta', 'activation': 'elu', 'data_augmentation': False, 'reg_l2': False, 'skip_connection': False, 'new_fc_1': 15, 'new_fc_2': 4, 'new_fc_3': 1, 'new_fc_4': 31, 'new_fc_5': 9, 'new_fc_6': 22, 'new_fc_7': 29, 'new_fc_8': 7, 'new_fc_9': 1, 'new_fc_10': 29}
[94m
|  --> START TRAINING ITERATION 15[0m
[INFO] Flags -> DA: False, L2: False, Skip: False
Building model with input_shape=(32, 32, 3), pos_input_shape=None, layer_x_block=2
Model: "model"
_________________________________________________________________
 Layer (type)                Output Shape              Param #   
=================================================================
 input_1 (InputLayer)        [(None, 32, 32, 3)]       0         
                                                                 
 conv2d (Conv2D)             (None, 32, 32, 12)        336       
                                                                 
 activation (Activation)     (None, 32, 32, 12)        0         
                                                                 
 conv2d_1 (Conv2D)           (None, 32, 32, 12)        1308      
                                                                 
 activation_1 (Activation)   (None, 32, 32, 12)        0         
                                                                 
 max_pooling2d (MaxPooling2  (None, 16, 16, 12)        0         
 D)                                                              
                                                                 
 conv2d_2 (Conv2D)           (None, 16, 16, 20)        2180      
                                                                 
 activation_2 (Activation)   (None, 16, 16, 20)        0         
                                                                 
 conv2d_3 (Conv2D)           (None, 16, 16, 20)        3620      
                                                                 
 activation_3 (Activation)   (None, 16, 16, 20)        0         
                                                                 
 max_pooling2d_1 (MaxPoolin  (None, 8, 8, 20)          0         
 g2D)                                                            
                                                                 
 flatten (Flatten)           (None, 1280)              0         
                                                                 
 dense (Dense)               (None, 60)                76860     
                                                                 
 activation_4 (Activation)   (None, 60)                0         
                                                                 
 dropout (Dropout)           (None, 60)                0         
                                                                 
 dense_1 (Dense)             (None, 16)                976       
                                                                 
 activation_5 (Activation)   (None, 16)                0         
                                                                 
 dropout_1 (Dropout)         (None, 16)                0         
                                                                 
 dense_2 (Dense)             (None, 4)                 68        
                                                                 
 activation_6 (Activation)   (None, 4)                 0         
                                                                 
 dropout_2 (Dropout)         (None, 4)                 0         
                                                                 
 dense_3 (Dense)             (None, 124)               620       
                                                                 
 activation_7 (Activation)   (None, 124)               0         
                                                                 
 dropout_3 (Dropout)         (None, 124)               0         
                                                                 
 dense_4 (Dense)             (None, 36)                4500      
                                                                 
 activation_8 (Activation)   (None, 36)                0         
                                                                 
 dropout_4 (Dropout)         (None, 36)                0         
                                                                 
 dense_5 (Dense)             (None, 88)                3256      
                                                                 
 activation_9 (Activation)   (None, 88)                0         
                                                                 
 dropout_5 (Dropout)         (None, 88)                0         
                                                                 
 dense_6 (Dense)             (None, 116)               10324     
                                                                 
 activation_10 (Activation)  (None, 116)               0         
                                                                 
 dropout_6 (Dropout)         (None, 116)               0         
                                                                 
 dense_7 (Dense)             (None, 28)                3276      
                                                                 
 activation_11 (Activation)  (None, 28)                0         
                                                                 
 dropout_7 (Dropout)         (None, 28)                0         
                                                                 
 dense_8 (Dense)             (None, 4)                 116       
                                                                 
 activation_12 (Activation)  (None, 4)                 0         
                                                                 
 dropout_8 (Dropout)         (None, 4)                 0         
                                                                 
 dense_9 (Dense)             (None, 116)               580       
                                                                 
 activation_13 (Activation)  (None, 116)               0         
                                                                 
 dropout_9 (Dropout)         (None, 116)               0         
                                                                 
 dense_10 (Dense)            (None, 100)               11700     
                                                                 
=================================================================
Total params: 119720 (467.66 KB)
Trainable params: 119720 (467.66 KB)
Non-trainable params: 0 (0.00 Byte)
_________________________________________________________________
Epoch 1/100
3125/3125 - 11s - loss: 4.6091 - accuracy: 0.0101 - val_loss: 4.6062 - val_accuracy: 0.0069 - 11s/epoch - 3ms/step
Epoch 2/100
3125/3125 - 10s - loss: 4.6088 - accuracy: 0.0098 - val_loss: 4.6061 - val_accuracy: 0.0072 - 10s/epoch - 3ms/step
Epoch 3/100
3125/3125 - 10s - loss: 4.6095 - accuracy: 0.0095 - val_loss: 4.6060 - val_accuracy: 0.0083 - 10s/epoch - 3ms/step
Epoch 4/100
3125/3125 - 10s - loss: 4.6089 - accuracy: 0.0092 - val_loss: 4.6059 - val_accuracy: 0.0080 - 10s/epoch - 3ms/step
Epoch 5/100
3125/3125 - 10s - loss: 4.6088 - accuracy: 0.0104 - val_loss: 4.6058 - val_accuracy: 0.0081 - 10s/epoch - 3ms/step
Epoch 6/100
3125/3125 - 10s - loss: 4.6088 - accuracy: 0.0108 - val_loss: 4.6057 - val_accuracy: 0.0088 - 10s/epoch - 3ms/step
Epoch 7/100
3125/3125 - 10s - loss: 4.6083 - accuracy: 0.0100 - val_loss: 4.6056 - val_accuracy: 0.0089 - 10s/epoch - 3ms/step
Epoch 8/100
3125/3125 - 10s - loss: 4.6080 - accuracy: 0.0099 - val_loss: 4.6056 - val_accuracy: 0.0099 - 10s/epoch - 3ms/step
Epoch 9/100
3125/3125 - 10s - loss: 4.6075 - accuracy: 0.0110 - val_loss: 4.6055 - val_accuracy: 0.0100 - 10s/epoch - 3ms/step
Epoch 10/100
3125/3125 - 10s - loss: 4.6082 - accuracy: 0.0107 - val_loss: 4.6054 - val_accuracy: 0.0108 - 10s/epoch - 3ms/step
Epoch 11/100
3125/3125 - 10s - loss: 4.6078 - accuracy: 0.0098 - val_loss: 4.6054 - val_accuracy: 0.0111 - 10s/epoch - 3ms/step
Epoch 12/100
3125/3125 - 10s - loss: 4.6083 - accuracy: 0.0096 - val_loss: 4.6053 - val_accuracy: 0.0115 - 10s/epoch - 3ms/step
Epoch 13/100
3125/3125 - 10s - loss: 4.6074 - accuracy: 0.0100 - val_loss: 4.6052 - val_accuracy: 0.0130 - 10s/epoch - 3ms/step
Epoch 14/100
3125/3125 - 10s - loss: 4.6073 - accuracy: 0.0094 - val_loss: 4.6052 - val_accuracy: 0.0128 - 10s/epoch - 3ms/step
Epoch 15/100
3125/3125 - 10s - loss: 4.6069 - accuracy: 0.0104 - val_loss: 4.6051 - val_accuracy: 0.0135 - 10s/epoch - 3ms/step
Epoch 16/100
3125/3125 - 10s - loss: 4.6080 - accuracy: 0.0096 - val_loss: 4.6051 - val_accuracy: 0.0119 - 10s/epoch - 3ms/step
Epoch 17/100
3125/3125 - 10s - loss: 4.6075 - accuracy: 0.0102 - val_loss: 4.6050 - val_accuracy: 0.0125 - 10s/epoch - 3ms/step
Epoch 18/100
3125/3125 - 10s - loss: 4.6072 - accuracy: 0.0103 - val_loss: 4.6049 - val_accuracy: 0.0123 - 10s/epoch - 3ms/step
Epoch 19/100
3125/3125 - 10s - loss: 4.6077 - accuracy: 0.0099 - val_loss: 4.6049 - val_accuracy: 0.0119 - 10s/epoch - 3ms/step
Epoch 20/100
3125/3125 - 10s - loss: 4.6072 - accuracy: 0.0098 - val_loss: 4.6048 - val_accuracy: 0.0119 - 10s/epoch - 3ms/step
Epoch 21/100
3125/3125 - 10s - loss: 4.6072 - accuracy: 0.0104 - val_loss: 4.6048 - val_accuracy: 0.0121 - 10s/epoch - 3ms/step
Epoch 22/100
3125/3125 - 10s - loss: 4.6072 - accuracy: 0.0101 - val_loss: 4.6047 - val_accuracy: 0.0120 - 10s/epoch - 3ms/step
Epoch 23/100
3125/3125 - 10s - loss: 4.6066 - accuracy: 0.0104 - val_loss: 4.6047 - val_accuracy: 0.0116 - 10s/epoch - 3ms/step
Epoch 24/100
3125/3125 - 10s - loss: 4.6069 - accuracy: 0.0099 - val_loss: 4.6046 - val_accuracy: 0.0112 - 10s/epoch - 3ms/step
Epoch 25/100
3125/3125 - 10s - loss: 4.6069 - accuracy: 0.0103 - val_loss: 4.6046 - val_accuracy: 0.0115 - 10s/epoch - 3ms/step
Epoch 26/100
3125/3125 - 10s - loss: 4.6066 - accuracy: 0.0102 - val_loss: 4.6045 - val_accuracy: 0.0112 - 10s/epoch - 3ms/step
Epoch 27/100
3125/3125 - 10s - loss: 4.6069 - accuracy: 0.0097 - val_loss: 4.6045 - val_accuracy: 0.0111 - 10s/epoch - 3ms/step
Epoch 28/100
3125/3125 - 10s - loss: 4.6070 - accuracy: 0.0107 - val_loss: 4.6044 - val_accuracy: 0.0118 - 10s/epoch - 3ms/step
Epoch 29/100
3125/3125 - 10s - loss: 4.6063 - accuracy: 0.0089 - val_loss: 4.6043 - val_accuracy: 0.0122 - 10s/epoch - 3ms/step
Epoch 30/100
3125/3125 - 10s - loss: 4.6065 - accuracy: 0.0098 - val_loss: 4.6043 - val_accuracy: 0.0114 - 10s/epoch - 3ms/step
Epoch 31/100
3125/3125 - 10s - loss: 4.6064 - accuracy: 0.0098 - val_loss: 4.6042 - val_accuracy: 0.0124 - 10s/epoch - 3ms/step
Epoch 32/100
3125/3125 - 10s - loss: 4.6067 - accuracy: 0.0099 - val_loss: 4.6042 - val_accuracy: 0.0124 - 10s/epoch - 3ms/step
Epoch 33/100
3125/3125 - 10s - loss: 4.6066 - accuracy: 0.0101 - val_loss: 4.6041 - val_accuracy: 0.0138 - 10s/epoch - 3ms/step
Epoch 34/100
3125/3125 - 10s - loss: 4.6062 - accuracy: 0.0098 - val_loss: 4.6041 - val_accuracy: 0.0131 - 10s/epoch - 3ms/step
Epoch 35/100
3125/3125 - 10s - loss: 4.6055 - accuracy: 0.0105 - val_loss: 4.6040 - val_accuracy: 0.0137 - 10s/epoch - 3ms/step
Epoch 36/100
3125/3125 - 10s - loss: 4.6061 - accuracy: 0.0101 - val_loss: 4.6039 - val_accuracy: 0.0130 - 10s/epoch - 3ms/step
Epoch 37/100
3125/3125 - 10s - loss: 4.6063 - accuracy: 0.0105 - val_loss: 4.6038 - val_accuracy: 0.0135 - 10s/epoch - 3ms/step
Epoch 38/100
3125/3125 - 10s - loss: 4.6058 - accuracy: 0.0103 - val_loss: 4.6037 - val_accuracy: 0.0131 - 10s/epoch - 3ms/step
Epoch 39/100
3125/3125 - 10s - loss: 4.6062 - accuracy: 0.0102 - val_loss: 4.6037 - val_accuracy: 0.0137 - 10s/epoch - 3ms/step
Epoch 40/100
3125/3125 - 10s - loss: 4.6060 - accuracy: 0.0102 - val_loss: 4.6036 - val_accuracy: 0.0136 - 10s/epoch - 3ms/step
Epoch 41/100
3125/3125 - 10s - loss: 4.6052 - accuracy: 0.0108 - val_loss: 4.6035 - val_accuracy: 0.0141 - 10s/epoch - 3ms/step
Epoch 42/100
3125/3125 - 10s - loss: 4.6057 - accuracy: 0.0114 - val_loss: 4.6034 - val_accuracy: 0.0143 - 10s/epoch - 3ms/step
Epoch 43/100
Restoring model weights from the end of the best epoch: 13.
3125/3125 - 10s - loss: 4.6056 - accuracy: 0.0104 - val_loss: 4.6033 - val_accuracy: 0.0145 - 10s/epoch - 3ms/step
Epoch 43: early stopping
313/313 - 1s - loss: 4.6052 - accuracy: 0.0130 - 618ms/epoch - 2ms/step

ACCURACY: 0.013000000268220901


SCORE: -0.29601307218775463

[92m | MODULE VALUES ---------------------------------------------  |
 [0m
FLOPS: 6543464
PARAMS: 119720.0
[92m 
 | -----------------------------------------------------------  |
 [0m

--- BANANAS ITERATION 17 / 1000 ---
Chosen point: {'num_neurons': 4, 'unit_c1': 4, 'unit_c2': 7, 'dr_f': 0.1728712225663442, 'learning_rate': 0.0004207461159839864, 'batch_size': 64, 'optimizer': 'Adagrad', 'activation': 'elu', 'data_augmentation': False, 'reg_l2': False, 'skip_connection': True, 'new_fc_1': 13, 'new_fc_2': 6, 'new_fc_3': 0, 'new_fc_4': 2, 'new_fc_5': 15, 'new_fc_6': 12, 'new_fc_7': 31, 'new_fc_8': 16, 'new_fc_9': 18, 'new_fc_10': 6}
[94m
|  --> START TRAINING ITERATION 16[0m
[INFO] Flags -> DA: False, L2: False, Skip: True
Building model with input_shape=(32, 32, 3), pos_input_shape=None, layer_x_block=2
Model: "model"
__________________________________________________________________________________________________
 Layer (type)                Output Shape                 Param #   Connected to                  
==================================================================================================
 input_1 (InputLayer)        [(None, 32, 32, 3)]          0         []                            
                                                                                                  
 conv2d (Conv2D)             (None, 32, 32, 16)           448       ['input_1[0][0]']             
                                                                                                  
 activation (Activation)     (None, 32, 32, 16)           0         ['conv2d[0][0]']              
                                                                                                  
 conv2d_2 (Conv2D)           (None, 32, 32, 16)           64        ['input_1[0][0]']             
                                                                                                  
 conv2d_1 (Conv2D)           (None, 32, 32, 16)           2320      ['activation[0][0]']          
                                                                                                  
 add (Add)                   (None, 32, 32, 16)           0         ['conv2d_2[0][0]',            
                                                                     'conv2d_1[0][0]']            
                                                                                                  
 activation_1 (Activation)   (None, 32, 32, 16)           0         ['add[0][0]']                 
                                                                                                  
 max_pooling2d (MaxPooling2  (None, 16, 16, 16)           0         ['activation_1[0][0]']        
 D)                                                                                               
                                                                                                  
 conv2d_3 (Conv2D)           (None, 16, 16, 28)           4060      ['max_pooling2d[0][0]']       
                                                                                                  
 activation_2 (Activation)   (None, 16, 16, 28)           0         ['conv2d_3[0][0]']            
                                                                                                  
 conv2d_5 (Conv2D)           (None, 16, 16, 28)           476       ['max_pooling2d[0][0]']       
                                                                                                  
 conv2d_4 (Conv2D)           (None, 16, 16, 28)           7084      ['activation_2[0][0]']        
                                                                                                  
 add_1 (Add)                 (None, 16, 16, 28)           0         ['conv2d_5[0][0]',            
                                                                     'conv2d_4[0][0]']            
                                                                                                  
 activation_3 (Activation)   (None, 16, 16, 28)           0         ['add_1[0][0]']               
                                                                                                  
 max_pooling2d_1 (MaxPoolin  (None, 8, 8, 28)             0         ['activation_3[0][0]']        
 g2D)                                                                                             
                                                                                                  
 flatten (Flatten)           (None, 1792)                 0         ['max_pooling2d_1[0][0]']     
                                                                                                  
 dense (Dense)               (None, 52)                   93236     ['flatten[0][0]']             
                                                                                                  
 activation_4 (Activation)   (None, 52)                   0         ['dense[0][0]']               
                                                                                                  
 dropout (Dropout)           (None, 52)                   0         ['activation_4[0][0]']        
                                                                                                  
 dense_1 (Dense)             (None, 24)                   1272      ['dropout[0][0]']             
                                                                                                  
 activation_5 (Activation)   (None, 24)                   0         ['dense_1[0][0]']             
                                                                                                  
 dropout_1 (Dropout)         (None, 24)                   0         ['activation_5[0][0]']        
                                                                                                  
 dense_2 (Dense)             (None, 8)                    200       ['dropout_1[0][0]']           
                                                                                                  
 activation_6 (Activation)   (None, 8)                    0         ['dense_2[0][0]']             
                                                                                                  
 dropout_2 (Dropout)         (None, 8)                    0         ['activation_6[0][0]']        
                                                                                                  
 dense_3 (Dense)             (None, 60)                   540       ['dropout_2[0][0]']           
                                                                                                  
 activation_7 (Activation)   (None, 60)                   0         ['dense_3[0][0]']             
                                                                                                  
 dropout_3 (Dropout)         (None, 60)                   0         ['activation_7[0][0]']        
                                                                                                  
 dense_4 (Dense)             (None, 48)                   2928      ['dropout_3[0][0]']           
                                                                                                  
 activation_8 (Activation)   (None, 48)                   0         ['dense_4[0][0]']             
                                                                                                  
 dropout_4 (Dropout)         (None, 48)                   0         ['activation_8[0][0]']        
                                                                                                  
 dense_5 (Dense)             (None, 124)                  6076      ['dropout_4[0][0]']           
                                                                                                  
 activation_9 (Activation)   (None, 124)                  0         ['dense_5[0][0]']             
                                                                                                  
 dropout_5 (Dropout)         (None, 124)                  0         ['activation_9[0][0]']        
                                                                                                  
 dense_6 (Dense)             (None, 64)                   8000      ['dropout_5[0][0]']           
                                                                                                  
 activation_10 (Activation)  (None, 64)                   0         ['dense_6[0][0]']             
                                                                                                  
 dropout_6 (Dropout)         (None, 64)                   0         ['activation_10[0][0]']       
                                                                                                  
 dense_7 (Dense)             (None, 72)                   4680      ['dropout_6[0][0]']           
                                                                                                  
 activation_11 (Activation)  (None, 72)                   0         ['dense_7[0][0]']             
                                                                                                  
 dropout_7 (Dropout)         (None, 72)                   0         ['activation_11[0][0]']       
                                                                                                  
 dense_8 (Dense)             (None, 24)                   1752      ['dropout_7[0][0]']           
                                                                                                  
 activation_12 (Activation)  (None, 24)                   0         ['dense_8[0][0]']             
                                                                                                  
 dropout_8 (Dropout)         (None, 24)                   0         ['activation_12[0][0]']       
                                                                                                  
 dense_9 (Dense)             (None, 100)                  2500      ['dropout_8[0][0]']           
                                                                                                  
==================================================================================================
Total params: 135636 (529.83 KB)
Trainable params: 135636 (529.83 KB)
Non-trainable params: 0 (0.00 Byte)
__________________________________________________________________________________________________
Epoch 1/100
782/782 - 4s - loss: 4.6164 - accuracy: 0.0101 - val_loss: 4.6051 - val_accuracy: 0.0125 - 4s/epoch - 5ms/step
Epoch 2/100
782/782 - 3s - loss: 4.6110 - accuracy: 0.0106 - val_loss: 4.6024 - val_accuracy: 0.0143 - 3s/epoch - 3ms/step
Epoch 3/100
782/782 - 3s - loss: 4.6097 - accuracy: 0.0106 - val_loss: 4.5999 - val_accuracy: 0.0171 - 3s/epoch - 3ms/step
Epoch 4/100
782/782 - 3s - loss: 4.6058 - accuracy: 0.0109 - val_loss: 4.5974 - val_accuracy: 0.0217 - 3s/epoch - 3ms/step
Epoch 5/100
782/782 - 3s - loss: 4.6040 - accuracy: 0.0115 - val_loss: 4.5945 - val_accuracy: 0.0229 - 3s/epoch - 3ms/step
Epoch 6/100
782/782 - 3s - loss: 4.6014 - accuracy: 0.0128 - val_loss: 4.5910 - val_accuracy: 0.0246 - 3s/epoch - 3ms/step
Epoch 7/100
782/782 - 3s - loss: 4.5985 - accuracy: 0.0136 - val_loss: 4.5875 - val_accuracy: 0.0250 - 3s/epoch - 3ms/step
Epoch 8/100
782/782 - 3s - loss: 4.5958 - accuracy: 0.0141 - val_loss: 4.5835 - val_accuracy: 0.0251 - 3s/epoch - 3ms/step
Epoch 9/100
782/782 - 3s - loss: 4.5916 - accuracy: 0.0146 - val_loss: 4.5785 - val_accuracy: 0.0243 - 3s/epoch - 3ms/step
Epoch 10/100
782/782 - 3s - loss: 4.5883 - accuracy: 0.0156 - val_loss: 4.5730 - val_accuracy: 0.0245 - 3s/epoch - 3ms/step
Epoch 11/100
782/782 - 3s - loss: 4.5839 - accuracy: 0.0173 - val_loss: 4.5667 - val_accuracy: 0.0248 - 3s/epoch - 3ms/step
Epoch 12/100
782/782 - 3s - loss: 4.5795 - accuracy: 0.0175 - val_loss: 4.5609 - val_accuracy: 0.0244 - 3s/epoch - 3ms/step
Epoch 13/100
782/782 - 3s - loss: 4.5733 - accuracy: 0.0183 - val_loss: 4.5538 - val_accuracy: 0.0254 - 3s/epoch - 3ms/step
Epoch 14/100
782/782 - 3s - loss: 4.5677 - accuracy: 0.0201 - val_loss: 4.5464 - val_accuracy: 0.0267 - 3s/epoch - 3ms/step
Epoch 15/100
782/782 - 3s - loss: 4.5632 - accuracy: 0.0193 - val_loss: 4.5392 - val_accuracy: 0.0275 - 3s/epoch - 3ms/step
Epoch 16/100
782/782 - 3s - loss: 4.5577 - accuracy: 0.0194 - val_loss: 4.5320 - val_accuracy: 0.0292 - 3s/epoch - 3ms/step
Epoch 17/100
782/782 - 3s - loss: 4.5517 - accuracy: 0.0195 - val_loss: 4.5244 - val_accuracy: 0.0310 - 3s/epoch - 3ms/step
Epoch 18/100
782/782 - 3s - loss: 4.5467 - accuracy: 0.0202 - val_loss: 4.5177 - val_accuracy: 0.0294 - 3s/epoch - 3ms/step
Epoch 19/100
782/782 - 3s - loss: 4.5403 - accuracy: 0.0211 - val_loss: 4.5099 - val_accuracy: 0.0300 - 3s/epoch - 3ms/step
Epoch 20/100
782/782 - 3s - loss: 4.5369 - accuracy: 0.0203 - val_loss: 4.5030 - val_accuracy: 0.0301 - 3s/epoch - 3ms/step
Epoch 21/100
782/782 - 3s - loss: 4.5307 - accuracy: 0.0218 - val_loss: 4.4974 - val_accuracy: 0.0286 - 3s/epoch - 3ms/step
Epoch 22/100
782/782 - 3s - loss: 4.5250 - accuracy: 0.0214 - val_loss: 4.4892 - val_accuracy: 0.0299 - 3s/epoch - 3ms/step
Epoch 23/100
782/782 - 3s - loss: 4.5202 - accuracy: 0.0213 - val_loss: 4.4832 - val_accuracy: 0.0286 - 3s/epoch - 3ms/step
Epoch 24/100
782/782 - 3s - loss: 4.5156 - accuracy: 0.0223 - val_loss: 4.4761 - val_accuracy: 0.0289 - 3s/epoch - 3ms/step
Epoch 25/100
782/782 - 3s - loss: 4.5083 - accuracy: 0.0233 - val_loss: 4.4698 - val_accuracy: 0.0295 - 3s/epoch - 3ms/step
Epoch 26/100
782/782 - 3s - loss: 4.5036 - accuracy: 0.0231 - val_loss: 4.4632 - val_accuracy: 0.0308 - 3s/epoch - 3ms/step
Epoch 27/100
782/782 - 3s - loss: 4.4994 - accuracy: 0.0229 - val_loss: 4.4563 - val_accuracy: 0.0313 - 3s/epoch - 3ms/step
Epoch 28/100
782/782 - 3s - loss: 4.4921 - accuracy: 0.0237 - val_loss: 4.4499 - val_accuracy: 0.0314 - 3s/epoch - 3ms/step
Epoch 29/100
782/782 - 3s - loss: 4.4880 - accuracy: 0.0238 - val_loss: 4.4446 - val_accuracy: 0.0311 - 3s/epoch - 3ms/step
Epoch 30/100
782/782 - 3s - loss: 4.4857 - accuracy: 0.0255 - val_loss: 4.4382 - val_accuracy: 0.0311 - 3s/epoch - 3ms/step
Epoch 31/100
782/782 - 3s - loss: 4.4785 - accuracy: 0.0249 - val_loss: 4.4317 - val_accuracy: 0.0313 - 3s/epoch - 3ms/step
Epoch 32/100
782/782 - 3s - loss: 4.4761 - accuracy: 0.0251 - val_loss: 4.4261 - val_accuracy: 0.0309 - 3s/epoch - 3ms/step
Epoch 33/100
782/782 - 3s - loss: 4.4704 - accuracy: 0.0252 - val_loss: 4.4198 - val_accuracy: 0.0310 - 3s/epoch - 3ms/step
Epoch 34/100
782/782 - 3s - loss: 4.4665 - accuracy: 0.0255 - val_loss: 4.4149 - val_accuracy: 0.0310 - 3s/epoch - 3ms/step
Epoch 35/100
782/782 - 3s - loss: 4.4614 - accuracy: 0.0262 - val_loss: 4.4093 - val_accuracy: 0.0315 - 3s/epoch - 3ms/step
Epoch 36/100
782/782 - 3s - loss: 4.4584 - accuracy: 0.0265 - val_loss: 4.4041 - val_accuracy: 0.0310 - 3s/epoch - 3ms/step
Epoch 37/100
782/782 - 3s - loss: 4.4531 - accuracy: 0.0256 - val_loss: 4.3991 - val_accuracy: 0.0317 - 3s/epoch - 3ms/step
Epoch 38/100
782/782 - 3s - loss: 4.4471 - accuracy: 0.0268 - val_loss: 4.3929 - val_accuracy: 0.0313 - 3s/epoch - 3ms/step
Epoch 39/100
782/782 - 3s - loss: 4.4445 - accuracy: 0.0267 - val_loss: 4.3885 - val_accuracy: 0.0320 - 3s/epoch - 3ms/step
Epoch 40/100
782/782 - 3s - loss: 4.4400 - accuracy: 0.0277 - val_loss: 4.3822 - val_accuracy: 0.0319 - 3s/epoch - 3ms/step
Epoch 41/100
782/782 - 3s - loss: 4.4355 - accuracy: 0.0280 - val_loss: 4.3769 - val_accuracy: 0.0319 - 3s/epoch - 3ms/step
Epoch 42/100
782/782 - 3s - loss: 4.4304 - accuracy: 0.0278 - val_loss: 4.3720 - val_accuracy: 0.0322 - 3s/epoch - 3ms/step
Epoch 43/100
782/782 - 3s - loss: 4.4297 - accuracy: 0.0278 - val_loss: 4.3672 - val_accuracy: 0.0320 - 3s/epoch - 3ms/step
Epoch 44/100
782/782 - 3s - loss: 4.4248 - accuracy: 0.0289 - val_loss: 4.3629 - val_accuracy: 0.0325 - 3s/epoch - 3ms/step
Epoch 45/100
Restoring model weights from the end of the best epoch: 15.
782/782 - 3s - loss: 4.4209 - accuracy: 0.0282 - val_loss: 4.3571 - val_accuracy: 0.0320 - 3s/epoch - 3ms/step
Epoch 45: early stopping
313/313 - 0s - loss: 4.5392 - accuracy: 0.0275 - 455ms/epoch - 1ms/step

ACCURACY: 0.027499999850988388


SCORE: -0.29531376789569186

[92m | MODULE VALUES ---------------------------------------------  |
 [0m
FLOPS: 11968116
PARAMS: 135636.0
[92m 
 | -----------------------------------------------------------  |
 [0m

--- BANANAS ITERATION 18 / 1000 ---
Chosen point: {'num_neurons': 4, 'unit_c1': 1, 'unit_c2': 3, 'dr_f': 0.3215927417568293, 'learning_rate': 0.0002773814025094452, 'batch_size': 32, 'optimizer': 'Adamax', 'activation': 'elu', 'data_augmentation': True, 'reg_l2': False, 'skip_connection': False, 'new_fc_1': 22, 'new_fc_2': 5, 'new_fc_3': 12, 'new_fc_4': 0, 'new_fc_5': 13, 'new_fc_6': 18, 'new_fc_7': 26, 'new_fc_8': 31, 'new_fc_9': 25, 'new_fc_10': 6}
[94m
|  --> START TRAINING ITERATION 17[0m
[INFO] Flags -> DA: True, L2: False, Skip: False
Building model with input_shape=(32, 32, 3), pos_input_shape=None, layer_x_block=2
Model: "model"
_________________________________________________________________
 Layer (type)                Output Shape              Param #   
=================================================================
 input_2 (InputLayer)        [(None, 32, 32, 3)]       0         
                                                                 
 conv2d (Conv2D)             (None, 32, 32, 4)         112       
                                                                 
 activation (Activation)     (None, 32, 32, 4)         0         
                                                                 
 conv2d_1 (Conv2D)           (None, 32, 32, 4)         148       
                                                                 
 activation_1 (Activation)   (None, 32, 32, 4)         0         
                                                                 
 max_pooling2d (MaxPooling2  (None, 16, 16, 4)         0         
 D)                                                              
                                                                 
 conv2d_2 (Conv2D)           (None, 16, 16, 12)        444       
                                                                 
 activation_2 (Activation)   (None, 16, 16, 12)        0         
                                                                 
 conv2d_3 (Conv2D)           (None, 16, 16, 12)        1308      
                                                                 
 activation_3 (Activation)   (None, 16, 16, 12)        0         
                                                                 
 max_pooling2d_1 (MaxPoolin  (None, 8, 8, 12)          0         
 g2D)                                                            
                                                                 
 flatten (Flatten)           (None, 768)               0         
                                                                 
 dense (Dense)               (None, 88)                67672     
                                                                 
 activation_4 (Activation)   (None, 88)                0         
                                                                 
 dropout (Dropout)           (None, 88)                0         
                                                                 
 dense_1 (Dense)             (None, 20)                1780      
                                                                 
 activation_5 (Activation)   (None, 20)                0         
                                                                 
 dropout_1 (Dropout)         (None, 20)                0         
                                                                 
 dense_2 (Dense)             (None, 48)                1008      
                                                                 
 activation_6 (Activation)   (None, 48)                0         
                                                                 
 dropout_2 (Dropout)         (None, 48)                0         
                                                                 
 dense_3 (Dense)             (None, 52)                2548      
                                                                 
 activation_7 (Activation)   (None, 52)                0         
                                                                 
 dropout_3 (Dropout)         (None, 52)                0         
                                                                 
 dense_4 (Dense)             (None, 72)                3816      
                                                                 
 activation_8 (Activation)   (None, 72)                0         
                                                                 
 dropout_4 (Dropout)         (None, 72)                0         
                                                                 
 dense_5 (Dense)             (None, 104)               7592      
                                                                 
 activation_9 (Activation)   (None, 104)               0         
                                                                 
 dropout_5 (Dropout)         (None, 104)               0         
                                                                 
 dense_6 (Dense)             (None, 124)               13020     
                                                                 
 activation_10 (Activation)  (None, 124)               0         
                                                                 
 dropout_6 (Dropout)         (None, 124)               0         
                                                                 
 dense_7 (Dense)             (None, 100)               12500     
                                                                 
 activation_11 (Activation)  (None, 100)               0         
                                                                 
 dropout_7 (Dropout)         (None, 100)               0         
                                                                 
 dense_8 (Dense)             (None, 24)                2424      
                                                                 
 activation_12 (Activation)  (None, 24)                0         
                                                                 
 dropout_8 (Dropout)         (None, 24)                0         
                                                                 
 dense_9 (Dense)             (None, 100)               2500      
                                                                 
=================================================================
Total params: 116872 (456.53 KB)
Trainable params: 116872 (456.53 KB)
Non-trainable params: 0 (0.00 Byte)
_________________________________________________________________
Epoch 1/100
1563/1563 - 6s - loss: 4.6001 - accuracy: 0.0106 - val_loss: 4.5288 - val_accuracy: 0.0206 - 6s/epoch - 4ms/step
Epoch 2/100
1563/1563 - 5s - loss: 4.5322 - accuracy: 0.0176 - val_loss: 4.4355 - val_accuracy: 0.0264 - 5s/epoch - 3ms/step
Epoch 3/100
1563/1563 - 5s - loss: 4.4688 - accuracy: 0.0229 - val_loss: 4.3557 - val_accuracy: 0.0268 - 5s/epoch - 3ms/step
Epoch 4/100
1563/1563 - 5s - loss: 4.4195 - accuracy: 0.0237 - val_loss: 4.2988 - val_accuracy: 0.0347 - 5s/epoch - 3ms/step
Epoch 5/100
1563/1563 - 5s - loss: 4.3734 - accuracy: 0.0290 - val_loss: 4.2416 - val_accuracy: 0.0391 - 5s/epoch - 3ms/step
Epoch 6/100
1563/1563 - 5s - loss: 4.3328 - accuracy: 0.0320 - val_loss: 4.1922 - val_accuracy: 0.0466 - 5s/epoch - 3ms/step
Epoch 7/100
1563/1563 - 5s - loss: 4.3001 - accuracy: 0.0325 - val_loss: 4.1619 - val_accuracy: 0.0549 - 5s/epoch - 3ms/step
Epoch 8/100
1563/1563 - 5s - loss: 4.2680 - accuracy: 0.0353 - val_loss: 4.1259 - val_accuracy: 0.0591 - 5s/epoch - 3ms/step
Epoch 9/100
1563/1563 - 5s - loss: 4.2416 - accuracy: 0.0384 - val_loss: 4.0919 - val_accuracy: 0.0614 - 5s/epoch - 3ms/step
Epoch 10/100
1563/1563 - 5s - loss: 4.2167 - accuracy: 0.0409 - val_loss: 4.0658 - val_accuracy: 0.0624 - 5s/epoch - 3ms/step
Epoch 11/100
1563/1563 - 5s - loss: 4.1972 - accuracy: 0.0422 - val_loss: 4.0403 - val_accuracy: 0.0657 - 5s/epoch - 3ms/step
Epoch 12/100
1563/1563 - 5s - loss: 4.1748 - accuracy: 0.0443 - val_loss: 4.0213 - val_accuracy: 0.0651 - 5s/epoch - 3ms/step
Epoch 13/100
1563/1563 - 5s - loss: 4.1573 - accuracy: 0.0466 - val_loss: 4.0063 - val_accuracy: 0.0694 - 5s/epoch - 3ms/step
Epoch 14/100
1563/1563 - 5s - loss: 4.1436 - accuracy: 0.0470 - val_loss: 3.9934 - val_accuracy: 0.0716 - 5s/epoch - 3ms/step
Epoch 15/100
1563/1563 - 5s - loss: 4.1314 - accuracy: 0.0469 - val_loss: 3.9722 - val_accuracy: 0.0754 - 5s/epoch - 3ms/step
Epoch 16/100
1563/1563 - 5s - loss: 4.1155 - accuracy: 0.0503 - val_loss: 3.9711 - val_accuracy: 0.0762 - 5s/epoch - 3ms/step
Epoch 17/100
1563/1563 - 5s - loss: 4.0992 - accuracy: 0.0519 - val_loss: 3.9468 - val_accuracy: 0.0767 - 5s/epoch - 3ms/step
Epoch 18/100
1563/1563 - 5s - loss: 4.0930 - accuracy: 0.0513 - val_loss: 3.9420 - val_accuracy: 0.0792 - 5s/epoch - 3ms/step
Epoch 19/100
1563/1563 - 5s - loss: 4.0811 - accuracy: 0.0533 - val_loss: 3.9338 - val_accuracy: 0.0757 - 5s/epoch - 3ms/step
Epoch 20/100
1563/1563 - 5s - loss: 4.0719 - accuracy: 0.0546 - val_loss: 3.9259 - val_accuracy: 0.0785 - 5s/epoch - 3ms/step
Epoch 21/100
1563/1563 - 5s - loss: 4.0620 - accuracy: 0.0556 - val_loss: 3.9236 - val_accuracy: 0.0789 - 5s/epoch - 3ms/step
Epoch 22/100
1563/1563 - 5s - loss: 4.0532 - accuracy: 0.0573 - val_loss: 3.9039 - val_accuracy: 0.0841 - 5s/epoch - 3ms/step
Epoch 23/100
1563/1563 - 5s - loss: 4.0455 - accuracy: 0.0577 - val_loss: 3.8957 - val_accuracy: 0.0813 - 5s/epoch - 3ms/step
Epoch 24/100
1563/1563 - 5s - loss: 4.0337 - accuracy: 0.0594 - val_loss: 3.8903 - val_accuracy: 0.0828 - 5s/epoch - 3ms/step
Epoch 25/100
1563/1563 - 5s - loss: 4.0380 - accuracy: 0.0563 - val_loss: 3.8803 - val_accuracy: 0.0874 - 5s/epoch - 3ms/step
Epoch 26/100
1563/1563 - 5s - loss: 4.0296 - accuracy: 0.0606 - val_loss: 3.8806 - val_accuracy: 0.0866 - 5s/epoch - 3ms/step
Epoch 27/100
1563/1563 - 5s - loss: 4.0239 - accuracy: 0.0594 - val_loss: 3.8714 - val_accuracy: 0.0851 - 5s/epoch - 3ms/step
Epoch 28/100
1563/1563 - 5s - loss: 4.0132 - accuracy: 0.0615 - val_loss: 3.8648 - val_accuracy: 0.0851 - 5s/epoch - 3ms/step
Epoch 29/100
1563/1563 - 5s - loss: 4.0113 - accuracy: 0.0611 - val_loss: 3.8692 - val_accuracy: 0.0867 - 5s/epoch - 3ms/step
Epoch 30/100
1563/1563 - 5s - loss: 4.0026 - accuracy: 0.0612 - val_loss: 3.8586 - val_accuracy: 0.0878 - 5s/epoch - 3ms/step
Epoch 31/100
1563/1563 - 5s - loss: 3.9991 - accuracy: 0.0635 - val_loss: 3.8557 - val_accuracy: 0.0890 - 5s/epoch - 3ms/step
Epoch 32/100
1563/1563 - 5s - loss: 3.9920 - accuracy: 0.0632 - val_loss: 3.8414 - val_accuracy: 0.0876 - 5s/epoch - 3ms/step
Epoch 33/100
1563/1563 - 5s - loss: 3.9906 - accuracy: 0.0646 - val_loss: 3.8402 - val_accuracy: 0.0894 - 5s/epoch - 3ms/step
Epoch 34/100
1563/1563 - 5s - loss: 3.9846 - accuracy: 0.0637 - val_loss: 3.8362 - val_accuracy: 0.0905 - 5s/epoch - 3ms/step
Epoch 35/100
1563/1563 - 5s - loss: 3.9809 - accuracy: 0.0652 - val_loss: 3.8386 - val_accuracy: 0.0919 - 5s/epoch - 3ms/step
Epoch 36/100
1563/1563 - 5s - loss: 3.9729 - accuracy: 0.0643 - val_loss: 3.8338 - val_accuracy: 0.0908 - 5s/epoch - 3ms/step
Epoch 37/100
1563/1563 - 5s - loss: 3.9682 - accuracy: 0.0668 - val_loss: 3.8268 - val_accuracy: 0.0942 - 5s/epoch - 3ms/step
Epoch 38/100
1563/1563 - 5s - loss: 3.9674 - accuracy: 0.0645 - val_loss: 3.8272 - val_accuracy: 0.0935 - 5s/epoch - 3ms/step
Epoch 39/100
1563/1563 - 5s - loss: 3.9612 - accuracy: 0.0688 - val_loss: 3.8240 - val_accuracy: 0.0928 - 5s/epoch - 3ms/step
Epoch 40/100
1563/1563 - 5s - loss: 3.9609 - accuracy: 0.0665 - val_loss: 3.8326 - val_accuracy: 0.0937 - 5s/epoch - 3ms/step
Epoch 41/100
1563/1563 - 5s - loss: 3.9572 - accuracy: 0.0693 - val_loss: 3.8144 - val_accuracy: 0.0938 - 5s/epoch - 3ms/step
Epoch 42/100
1563/1563 - 5s - loss: 3.9506 - accuracy: 0.0681 - val_loss: 3.8099 - val_accuracy: 0.0932 - 5s/epoch - 3ms/step
Epoch 43/100
1563/1563 - 5s - loss: 3.9461 - accuracy: 0.0684 - val_loss: 3.8071 - val_accuracy: 0.0959 - 5s/epoch - 3ms/step
Epoch 44/100
1563/1563 - 5s - loss: 3.9488 - accuracy: 0.0695 - val_loss: 3.8126 - val_accuracy: 0.0966 - 5s/epoch - 3ms/step
Epoch 45/100
1563/1563 - 5s - loss: 3.9430 - accuracy: 0.0705 - val_loss: 3.8225 - val_accuracy: 0.0931 - 5s/epoch - 3ms/step
Epoch 46/100
1563/1563 - 5s - loss: 3.9381 - accuracy: 0.0696 - val_loss: 3.8008 - val_accuracy: 0.0976 - 5s/epoch - 3ms/step
Epoch 47/100
1563/1563 - 5s - loss: 3.9359 - accuracy: 0.0701 - val_loss: 3.8092 - val_accuracy: 0.0920 - 5s/epoch - 3ms/step
Epoch 48/100
1563/1563 - 5s - loss: 3.9338 - accuracy: 0.0714 - val_loss: 3.8009 - val_accuracy: 0.0952 - 5s/epoch - 3ms/step
Epoch 49/100
1563/1563 - 5s - loss: 3.9282 - accuracy: 0.0705 - val_loss: 3.7967 - val_accuracy: 0.0944 - 5s/epoch - 3ms/step
Epoch 50/100
1563/1563 - 5s - loss: 3.9266 - accuracy: 0.0698 - val_loss: 3.7901 - val_accuracy: 0.0972 - 5s/epoch - 3ms/step
Epoch 51/100
1563/1563 - 5s - loss: 3.9230 - accuracy: 0.0718 - val_loss: 3.7923 - val_accuracy: 0.0947 - 5s/epoch - 3ms/step
Epoch 52/100
1563/1563 - 5s - loss: 3.9240 - accuracy: 0.0711 - val_loss: 3.7811 - val_accuracy: 0.0971 - 5s/epoch - 3ms/step
Epoch 53/100
1563/1563 - 5s - loss: 3.9184 - accuracy: 0.0725 - val_loss: 3.7904 - val_accuracy: 0.0982 - 5s/epoch - 3ms/step
Epoch 54/100
1563/1563 - 5s - loss: 3.9073 - accuracy: 0.0750 - val_loss: 3.7738 - val_accuracy: 0.0989 - 5s/epoch - 3ms/step
Epoch 55/100
1563/1563 - 5s - loss: 3.9127 - accuracy: 0.0743 - val_loss: 3.7684 - val_accuracy: 0.1045 - 5s/epoch - 3ms/step
Epoch 56/100
1563/1563 - 5s - loss: 3.9070 - accuracy: 0.0737 - val_loss: 3.7709 - val_accuracy: 0.1001 - 5s/epoch - 3ms/step
Epoch 57/100
1563/1563 - 5s - loss: 3.9068 - accuracy: 0.0745 - val_loss: 3.7628 - val_accuracy: 0.1011 - 5s/epoch - 3ms/step
Epoch 58/100
1563/1563 - 5s - loss: 3.8981 - accuracy: 0.0755 - val_loss: 3.7606 - val_accuracy: 0.1012 - 5s/epoch - 3ms/step
Epoch 59/100
1563/1563 - 5s - loss: 3.8998 - accuracy: 0.0752 - val_loss: 3.7516 - val_accuracy: 0.1008 - 5s/epoch - 3ms/step
Epoch 60/100
1563/1563 - 5s - loss: 3.8916 - accuracy: 0.0773 - val_loss: 3.7589 - val_accuracy: 0.0973 - 5s/epoch - 3ms/step
Epoch 61/100
1563/1563 - 5s - loss: 3.8909 - accuracy: 0.0756 - val_loss: 3.7445 - val_accuracy: 0.1025 - 5s/epoch - 3ms/step
Epoch 62/100
1563/1563 - 5s - loss: 3.8826 - accuracy: 0.0785 - val_loss: 3.7366 - val_accuracy: 0.1039 - 5s/epoch - 3ms/step
Epoch 63/100
1563/1563 - 5s - loss: 3.8796 - accuracy: 0.0763 - val_loss: 3.7399 - val_accuracy: 0.1014 - 5s/epoch - 3ms/step
Epoch 64/100
1563/1563 - 5s - loss: 3.8758 - accuracy: 0.0767 - val_loss: 3.7271 - val_accuracy: 0.1051 - 5s/epoch - 3ms/step
Epoch 65/100
1563/1563 - 5s - loss: 3.8677 - accuracy: 0.0768 - val_loss: 3.7357 - val_accuracy: 0.1016 - 5s/epoch - 3ms/step
Epoch 66/100
1563/1563 - 5s - loss: 3.8675 - accuracy: 0.0761 - val_loss: 3.7413 - val_accuracy: 0.1020 - 5s/epoch - 3ms/step
Epoch 67/100
1563/1563 - 5s - loss: 3.8571 - accuracy: 0.0812 - val_loss: 3.7276 - val_accuracy: 0.1012 - 5s/epoch - 3ms/step
Epoch 68/100
1563/1563 - 5s - loss: 3.8557 - accuracy: 0.0816 - val_loss: 3.7210 - val_accuracy: 0.1047 - 5s/epoch - 3ms/step
Epoch 69/100
1563/1563 - 5s - loss: 3.8524 - accuracy: 0.0809 - val_loss: 3.7104 - val_accuracy: 0.1079 - 5s/epoch - 3ms/step
Epoch 70/100
1563/1563 - 5s - loss: 3.8518 - accuracy: 0.0793 - val_loss: 3.7187 - val_accuracy: 0.1042 - 5s/epoch - 3ms/step
Epoch 71/100
1563/1563 - 5s - loss: 3.8481 - accuracy: 0.0810 - val_loss: 3.7078 - val_accuracy: 0.1041 - 5s/epoch - 3ms/step
Epoch 72/100
1563/1563 - 5s - loss: 3.8448 - accuracy: 0.0817 - val_loss: 3.7087 - val_accuracy: 0.1088 - 5s/epoch - 3ms/step
Epoch 73/100
1563/1563 - 5s - loss: 3.8398 - accuracy: 0.0821 - val_loss: 3.6941 - val_accuracy: 0.1076 - 5s/epoch - 3ms/step
Epoch 74/100
1563/1563 - 5s - loss: 3.8334 - accuracy: 0.0816 - val_loss: 3.7054 - val_accuracy: 0.1060 - 5s/epoch - 3ms/step
Epoch 75/100
1563/1563 - 5s - loss: 3.8325 - accuracy: 0.0810 - val_loss: 3.6958 - val_accuracy: 0.1090 - 5s/epoch - 3ms/step
Epoch 76/100
1563/1563 - 5s - loss: 3.8333 - accuracy: 0.0806 - val_loss: 3.6897 - val_accuracy: 0.1093 - 5s/epoch - 3ms/step
Epoch 77/100
1563/1563 - 5s - loss: 3.8300 - accuracy: 0.0828 - val_loss: 3.6960 - val_accuracy: 0.1058 - 5s/epoch - 3ms/step
Epoch 78/100
1563/1563 - 5s - loss: 3.8239 - accuracy: 0.0844 - val_loss: 3.6909 - val_accuracy: 0.1074 - 5s/epoch - 3ms/step
Epoch 79/100
1563/1563 - 5s - loss: 3.8197 - accuracy: 0.0842 - val_loss: 3.6865 - val_accuracy: 0.1079 - 5s/epoch - 3ms/step
Epoch 80/100
1563/1563 - 5s - loss: 3.8178 - accuracy: 0.0837 - val_loss: 3.6796 - val_accuracy: 0.1079 - 5s/epoch - 3ms/step
Epoch 81/100
1563/1563 - 5s - loss: 3.8124 - accuracy: 0.0833 - val_loss: 3.6873 - val_accuracy: 0.1093 - 5s/epoch - 3ms/step
Epoch 82/100
1563/1563 - 5s - loss: 3.8106 - accuracy: 0.0827 - val_loss: 3.6739 - val_accuracy: 0.1102 - 5s/epoch - 3ms/step
Epoch 83/100
1563/1563 - 5s - loss: 3.8068 - accuracy: 0.0827 - val_loss: 3.6801 - val_accuracy: 0.1083 - 5s/epoch - 3ms/step
Epoch 84/100
1563/1563 - 5s - loss: 3.8061 - accuracy: 0.0866 - val_loss: 3.6791 - val_accuracy: 0.1086 - 5s/epoch - 3ms/step
Epoch 85/100
1563/1563 - 5s - loss: 3.8066 - accuracy: 0.0841 - val_loss: 3.6767 - val_accuracy: 0.1106 - 5s/epoch - 3ms/step
Epoch 86/100
1563/1563 - 5s - loss: 3.8007 - accuracy: 0.0848 - val_loss: 3.6657 - val_accuracy: 0.1085 - 5s/epoch - 3ms/step
Epoch 87/100
1563/1563 - 5s - loss: 3.8045 - accuracy: 0.0854 - val_loss: 3.6609 - val_accuracy: 0.1123 - 5s/epoch - 3ms/step
Epoch 88/100
1563/1563 - 5s - loss: 3.7984 - accuracy: 0.0855 - val_loss: 3.6671 - val_accuracy: 0.1101 - 5s/epoch - 3ms/step
Epoch 89/100
1563/1563 - 5s - loss: 3.7959 - accuracy: 0.0846 - val_loss: 3.6527 - val_accuracy: 0.1137 - 5s/epoch - 3ms/step
Epoch 90/100
1563/1563 - 5s - loss: 3.7969 - accuracy: 0.0835 - val_loss: 3.6872 - val_accuracy: 0.1081 - 5s/epoch - 3ms/step
Epoch 91/100
1563/1563 - 5s - loss: 3.7887 - accuracy: 0.0873 - val_loss: 3.6541 - val_accuracy: 0.1150 - 5s/epoch - 3ms/step
Epoch 92/100
1563/1563 - 5s - loss: 3.7858 - accuracy: 0.0872 - val_loss: 3.6551 - val_accuracy: 0.1136 - 5s/epoch - 3ms/step
Epoch 93/100
1563/1563 - 5s - loss: 3.7895 - accuracy: 0.0852 - val_loss: 3.6557 - val_accuracy: 0.1123 - 5s/epoch - 3ms/step
Epoch 94/100
1563/1563 - 5s - loss: 3.7836 - accuracy: 0.0887 - val_loss: 3.6525 - val_accuracy: 0.1098 - 5s/epoch - 3ms/step
Epoch 95/100
1563/1563 - 5s - loss: 3.7788 - accuracy: 0.0882 - val_loss: 3.6476 - val_accuracy: 0.1145 - 5s/epoch - 3ms/step
Epoch 96/100
1563/1563 - 5s - loss: 3.7802 - accuracy: 0.0883 - val_loss: 3.6412 - val_accuracy: 0.1165 - 5s/epoch - 3ms/step
Epoch 97/100
1563/1563 - 5s - loss: 3.7785 - accuracy: 0.0873 - val_loss: 3.6462 - val_accuracy: 0.1132 - 5s/epoch - 3ms/step
Epoch 98/100
1563/1563 - 5s - loss: 3.7750 - accuracy: 0.0893 - val_loss: 3.6501 - val_accuracy: 0.1157 - 5s/epoch - 3ms/step
Epoch 99/100
1563/1563 - 5s - loss: 3.7704 - accuracy: 0.0876 - val_loss: 3.6423 - val_accuracy: 0.1158 - 5s/epoch - 3ms/step
Epoch 100/100
1563/1563 - 5s - loss: 3.7633 - accuracy: 0.0890 - val_loss: 3.6411 - val_accuracy: 0.1155 - 5s/epoch - 3ms/step
313/313 - 0s - loss: 3.6411 - accuracy: 0.1155 - 410ms/epoch - 1ms/step

ACCURACY: 0.11550000309944153


SCORE: -0.3775463541696091

[92m | MODULE VALUES ---------------------------------------------  |
 [0m
FLOPS: 1651824
PARAMS: 116872.0
[92m 
 | -----------------------------------------------------------  |
 [0m
[INFO] New Best Score: -0.3775 (Previous: -0.3449)

--- BANANAS ITERATION 19 / 1000 ---
Chosen point: {'num_neurons': 16, 'unit_c1': 2, 'unit_c2': 5, 'dr_f': 0.4090728614720275, 'learning_rate': 0.00035642601172338834, 'batch_size': 8, 'optimizer': 'Adam', 'activation': 'elu', 'data_augmentation': False, 'reg_l2': True, 'skip_connection': False, 'new_fc_1': 0, 'new_fc_2': 0, 'new_fc_3': 24, 'new_fc_4': 4, 'new_fc_5': 26, 'new_fc_6': 4, 'new_fc_7': 23, 'new_fc_8': 7, 'new_fc_9': 4, 'new_fc_10': 11}
[94m
|  --> START TRAINING ITERATION 18[0m
[INFO] Flags -> DA: False, L2: True, Skip: False
Building model with input_shape=(32, 32, 3), pos_input_shape=None, layer_x_block=2
Model: "model"
_________________________________________________________________
 Layer (type)                Output Shape              Param #   
=================================================================
 input_1 (InputLayer)        [(None, 32, 32, 3)]       0         
                                                                 
 conv2d (Conv2D)             (None, 32, 32, 32)        896       
                                                                 
 activation (Activation)     (None, 32, 32, 32)        0         
                                                                 
 conv2d_1 (Conv2D)           (None, 32, 32, 32)        9248      
                                                                 
 activation_1 (Activation)   (None, 32, 32, 32)        0         
                                                                 
 max_pooling2d (MaxPooling2  (None, 16, 16, 32)        0         
 D)                                                              
                                                                 
 conv2d_2 (Conv2D)           (None, 16, 16, 80)        23120     
                                                                 
 activation_2 (Activation)   (None, 16, 16, 80)        0         
                                                                 
 conv2d_3 (Conv2D)           (None, 16, 16, 80)        57680     
                                                                 
 activation_3 (Activation)   (None, 16, 16, 80)        0         
                                                                 
 max_pooling2d_1 (MaxPoolin  (None, 8, 8, 80)          0         
 g2D)                                                            
                                                                 
 flatten (Flatten)           (None, 5120)              0         
                                                                 
 dense (Dense)               (None, 384)               1966464   
                                                                 
 activation_4 (Activation)   (None, 384)               0         
                                                                 
 dropout (Dropout)           (None, 384)               0         
                                                                 
 dense_1 (Dense)             (None, 64)                24640     
                                                                 
 activation_5 (Activation)   (None, 64)                0         
                                                                 
 dropout_1 (Dropout)         (None, 64)                0         
                                                                 
 dense_2 (Dense)             (None, 416)               27040     
                                                                 
 activation_6 (Activation)   (None, 416)               0         
                                                                 
 dropout_2 (Dropout)         (None, 416)               0         
                                                                 
 dense_3 (Dense)             (None, 64)                26688     
                                                                 
 activation_7 (Activation)   (None, 64)                0         
                                                                 
 dropout_3 (Dropout)         (None, 64)                0         
                                                                 
 dense_4 (Dense)             (None, 368)               23920     
                                                                 
 activation_8 (Activation)   (None, 368)               0         
                                                                 
 dropout_4 (Dropout)         (None, 368)               0         
                                                                 
 dense_5 (Dense)             (None, 112)               41328     
                                                                 
 activation_9 (Activation)   (None, 112)               0         
                                                                 
 dropout_5 (Dropout)         (None, 112)               0         
                                                                 
 dense_6 (Dense)             (None, 64)                7232      
                                                                 
 activation_10 (Activation)  (None, 64)                0         
                                                                 
 dropout_6 (Dropout)         (None, 64)                0         
                                                                 
 dense_7 (Dense)             (None, 176)               11440     
                                                                 
 activation_11 (Activation)  (None, 176)               0         
                                                                 
 dropout_7 (Dropout)         (None, 176)               0         
                                                                 
 dense_8 (Dense)             (None, 100)               17700     
                                                                 
=================================================================
Total params: 2237396 (8.53 MB)
Trainable params: 2237396 (8.53 MB)
Non-trainable params: 0 (0.00 Byte)
_________________________________________________________________
Epoch 1/100
6250/6250 - 20s - loss: 5.7335 - accuracy: 0.0088 - val_loss: 4.6055 - val_accuracy: 0.0100 - 20s/epoch - 3ms/step
Epoch 2/100
6250/6250 - 19s - loss: 4.6062 - accuracy: 0.0090 - val_loss: 4.6059 - val_accuracy: 0.0100 - 19s/epoch - 3ms/step
Epoch 3/100
6250/6250 - 19s - loss: 4.6063 - accuracy: 0.0087 - val_loss: 4.6057 - val_accuracy: 0.0100 - 19s/epoch - 3ms/step
Epoch 4/100
6250/6250 - 19s - loss: 4.6063 - accuracy: 0.0085 - val_loss: 4.6055 - val_accuracy: 0.0100 - 19s/epoch - 3ms/step
Epoch 5/100
6250/6250 - 19s - loss: 4.6065 - accuracy: 0.0087 - val_loss: 4.6061 - val_accuracy: 0.0100 - 19s/epoch - 3ms/step
Epoch 6/100
6250/6250 - 19s - loss: 4.6063 - accuracy: 0.0085 - val_loss: 4.6058 - val_accuracy: 0.0100 - 19s/epoch - 3ms/step
Epoch 7/100
6250/6250 - 19s - loss: 4.6065 - accuracy: 0.0091 - val_loss: 4.6063 - val_accuracy: 0.0100 - 19s/epoch - 3ms/step
Epoch 8/100
6250/6250 - 19s - loss: 4.6063 - accuracy: 0.0089 - val_loss: 4.6067 - val_accuracy: 0.0100 - 19s/epoch - 3ms/step
Epoch 9/100
6250/6250 - 19s - loss: 4.6067 - accuracy: 0.0085 - val_loss: 4.6057 - val_accuracy: 0.0100 - 19s/epoch - 3ms/step
Epoch 10/100
6250/6250 - 19s - loss: 4.6065 - accuracy: 0.0086 - val_loss: 4.6061 - val_accuracy: 0.0100 - 19s/epoch - 3ms/step
Epoch 11/100
6250/6250 - 19s - loss: 4.6064 - accuracy: 0.0088 - val_loss: 4.6060 - val_accuracy: 0.0100 - 19s/epoch - 3ms/step
Epoch 12/100
6250/6250 - 19s - loss: 4.6067 - accuracy: 0.0089 - val_loss: 4.6061 - val_accuracy: 0.0100 - 19s/epoch - 3ms/step
Epoch 13/100
6250/6250 - 19s - loss: 4.6064 - accuracy: 0.0085 - val_loss: 4.6060 - val_accuracy: 0.0100 - 19s/epoch - 3ms/step
Epoch 14/100
6250/6250 - 19s - loss: 4.6067 - accuracy: 0.0089 - val_loss: 4.6060 - val_accuracy: 0.0100 - 19s/epoch - 3ms/step
Epoch 15/100
6250/6250 - 19s - loss: 4.6067 - accuracy: 0.0084 - val_loss: 4.6065 - val_accuracy: 0.0100 - 19s/epoch - 3ms/step
Epoch 16/100
6250/6250 - 19s - loss: 4.6067 - accuracy: 0.0090 - val_loss: 4.6064 - val_accuracy: 0.0100 - 19s/epoch - 3ms/step
Epoch 17/100
6250/6250 - 19s - loss: 4.6065 - accuracy: 0.0090 - val_loss: 4.6064 - val_accuracy: 0.0100 - 19s/epoch - 3ms/step
Epoch 18/100
6250/6250 - 19s - loss: 4.6067 - accuracy: 0.0090 - val_loss: 4.6067 - val_accuracy: 0.0100 - 19s/epoch - 3ms/step
Epoch 19/100
6250/6250 - 19s - loss: 4.6065 - accuracy: 0.0085 - val_loss: 4.6057 - val_accuracy: 0.0100 - 19s/epoch - 3ms/step
Epoch 20/100
6250/6250 - 19s - loss: 4.6065 - accuracy: 0.0090 - val_loss: 4.6058 - val_accuracy: 0.0100 - 19s/epoch - 3ms/step
Epoch 21/100
6250/6250 - 19s - loss: 4.6065 - accuracy: 0.0084 - val_loss: 4.6085 - val_accuracy: 0.0100 - 19s/epoch - 3ms/step
Epoch 22/100
6250/6250 - 19s - loss: 4.6068 - accuracy: 0.0087 - val_loss: 4.6056 - val_accuracy: 0.0100 - 19s/epoch - 3ms/step
Epoch 23/100
6250/6250 - 19s - loss: 4.6065 - accuracy: 0.0088 - val_loss: 4.6060 - val_accuracy: 0.0100 - 19s/epoch - 3ms/step
Epoch 24/100
6250/6250 - 19s - loss: 4.6063 - accuracy: 0.0087 - val_loss: 4.6059 - val_accuracy: 0.0100 - 19s/epoch - 3ms/step
Epoch 25/100
6250/6250 - 19s - loss: 4.6066 - accuracy: 0.0092 - val_loss: 4.6059 - val_accuracy: 0.0100 - 19s/epoch - 3ms/step
Epoch 26/100
6250/6250 - 19s - loss: 4.6064 - accuracy: 0.0082 - val_loss: 4.6058 - val_accuracy: 0.0100 - 19s/epoch - 3ms/step
Epoch 27/100
6250/6250 - 19s - loss: 4.6064 - accuracy: 0.0088 - val_loss: 4.6060 - val_accuracy: 0.0100 - 19s/epoch - 3ms/step
Epoch 28/100
6250/6250 - 19s - loss: 4.6064 - accuracy: 0.0088 - val_loss: 4.6056 - val_accuracy: 0.0100 - 19s/epoch - 3ms/step
Epoch 29/100
6250/6250 - 19s - loss: 4.6064 - accuracy: 0.0085 - val_loss: 4.6055 - val_accuracy: 0.0100 - 19s/epoch - 3ms/step
Epoch 30/100
6250/6250 - 19s - loss: 4.6065 - accuracy: 0.0086 - val_loss: 4.6060 - val_accuracy: 0.0100 - 19s/epoch - 3ms/step
Epoch 31/100
Restoring model weights from the end of the best epoch: 1.
6250/6250 - 19s - loss: 4.6065 - accuracy: 0.0090 - val_loss: 4.6056 - val_accuracy: 0.0100 - 19s/epoch - 3ms/step
Epoch 31: early stopping
313/313 - 1s - loss: 4.6055 - accuracy: 0.0100 - 661ms/epoch - 2ms/step

ACCURACY: 0.009999999776482582


SCORE: -0.17423415984353777

[92m | MODULE VALUES ---------------------------------------------  |
 [0m
FLOPS: 66382920
PARAMS: 2237396.0
[92m 
 | -----------------------------------------------------------  |
 [0m

--- BANANAS ITERATION 20 / 1000 ---
Chosen point: {'num_neurons': 4, 'unit_c1': 3, 'unit_c2': 2, 'dr_f': 0.2823689409182979, 'learning_rate': 0.0006191457945333523, 'batch_size': 64, 'optimizer': 'Adamax', 'activation': 'elu', 'data_augmentation': False, 'reg_l2': True, 'skip_connection': False, 'new_fc_1': 7, 'new_fc_2': 3, 'new_fc_3': 14, 'new_fc_4': 7, 'new_fc_5': 4, 'new_fc_6': 15, 'new_fc_7': 5, 'new_fc_8': 15, 'new_fc_9': 20, 'new_fc_10': 20}
[94m
|  --> START TRAINING ITERATION 19[0m
[INFO] Flags -> DA: False, L2: True, Skip: False
Building model with input_shape=(32, 32, 3), pos_input_shape=None, layer_x_block=2
Model: "model"
_________________________________________________________________
 Layer (type)                Output Shape              Param #   
=================================================================
 input_1 (InputLayer)        [(None, 32, 32, 3)]       0         
                                                                 
 conv2d (Conv2D)             (None, 32, 32, 12)        336       
                                                                 
 activation (Activation)     (None, 32, 32, 12)        0         
                                                                 
 conv2d_1 (Conv2D)           (None, 32, 32, 12)        1308      
                                                                 
 activation_1 (Activation)   (None, 32, 32, 12)        0         
                                                                 
 max_pooling2d (MaxPooling2  (None, 16, 16, 12)        0         
 D)                                                              
                                                                 
 conv2d_2 (Conv2D)           (None, 16, 16, 8)         872       
                                                                 
 activation_2 (Activation)   (None, 16, 16, 8)         0         
                                                                 
 conv2d_3 (Conv2D)           (None, 16, 16, 8)         584       
                                                                 
 activation_3 (Activation)   (None, 16, 16, 8)         0         
                                                                 
 max_pooling2d_1 (MaxPoolin  (None, 8, 8, 8)           0         
 g2D)                                                            
                                                                 
 flatten (Flatten)           (None, 512)               0         
                                                                 
 dense (Dense)               (None, 28)                14364     
                                                                 
 activation_4 (Activation)   (None, 28)                0         
                                                                 
 dropout (Dropout)           (None, 28)                0         
                                                                 
 dense_1 (Dense)             (None, 12)                348       
                                                                 
 activation_5 (Activation)   (None, 12)                0         
                                                                 
 dropout_1 (Dropout)         (None, 12)                0         
                                                                 
 dense_2 (Dense)             (None, 56)                728       
                                                                 
 activation_6 (Activation)   (None, 56)                0         
                                                                 
 dropout_2 (Dropout)         (None, 56)                0         
                                                                 
 dense_3 (Dense)             (None, 28)                1596      
                                                                 
 activation_7 (Activation)   (None, 28)                0         
                                                                 
 dropout_3 (Dropout)         (None, 28)                0         
                                                                 
 dense_4 (Dense)             (None, 16)                464       
                                                                 
 activation_8 (Activation)   (None, 16)                0         
                                                                 
 dropout_4 (Dropout)         (None, 16)                0         
                                                                 
 dense_5 (Dense)             (None, 60)                1020      
                                                                 
 activation_9 (Activation)   (None, 60)                0         
                                                                 
 dropout_5 (Dropout)         (None, 60)                0         
                                                                 
 dense_6 (Dense)             (None, 20)                1220      
                                                                 
 activation_10 (Activation)  (None, 20)                0         
                                                                 
 dropout_6 (Dropout)         (None, 20)                0         
                                                                 
 dense_7 (Dense)             (None, 60)                1260      
                                                                 
 activation_11 (Activation)  (None, 60)                0         
                                                                 
 dropout_7 (Dropout)         (None, 60)                0         
                                                                 
 dense_8 (Dense)             (None, 80)                4880      
                                                                 
 activation_12 (Activation)  (None, 80)                0         
                                                                 
 dropout_8 (Dropout)         (None, 80)                0         
                                                                 
 dense_9 (Dense)             (None, 80)                6480      
                                                                 
 activation_13 (Activation)  (None, 80)                0         
                                                                 
 dropout_9 (Dropout)         (None, 80)                0         
                                                                 
 dense_10 (Dense)            (None, 100)               8100      
                                                                 
=================================================================
Total params: 43560 (170.16 KB)
Trainable params: 43560 (170.16 KB)
Non-trainable params: 0 (0.00 Byte)
_________________________________________________________________
Epoch 1/100
782/782 - 4s - loss: 6.6288 - accuracy: 0.0100 - val_loss: 5.0563 - val_accuracy: 0.0100 - 4s/epoch - 5ms/step
Epoch 2/100
782/782 - 3s - loss: 4.7466 - accuracy: 0.0082 - val_loss: 4.6231 - val_accuracy: 0.0100 - 3s/epoch - 3ms/step
Epoch 3/100
782/782 - 3s - loss: 4.6101 - accuracy: 0.0090 - val_loss: 4.6056 - val_accuracy: 0.0100 - 3s/epoch - 3ms/step
Epoch 4/100
782/782 - 3s - loss: 4.6054 - accuracy: 0.0089 - val_loss: 4.6052 - val_accuracy: 0.0100 - 3s/epoch - 3ms/step
Epoch 5/100
782/782 - 3s - loss: 4.6053 - accuracy: 0.0097 - val_loss: 4.6052 - val_accuracy: 0.0100 - 3s/epoch - 3ms/step
Epoch 6/100
782/782 - 3s - loss: 4.6053 - accuracy: 0.0095 - val_loss: 4.6052 - val_accuracy: 0.0100 - 3s/epoch - 3ms/step
Epoch 7/100
782/782 - 3s - loss: 4.6053 - accuracy: 0.0089 - val_loss: 4.6052 - val_accuracy: 0.0100 - 3s/epoch - 3ms/step
Epoch 8/100
782/782 - 3s - loss: 4.6053 - accuracy: 0.0094 - val_loss: 4.6052 - val_accuracy: 0.0100 - 3s/epoch - 3ms/step
Epoch 9/100
782/782 - 3s - loss: 4.6053 - accuracy: 0.0091 - val_loss: 4.6052 - val_accuracy: 0.0100 - 3s/epoch - 3ms/step
Epoch 10/100
782/782 - 3s - loss: 4.6053 - accuracy: 0.0093 - val_loss: 4.6052 - val_accuracy: 0.0100 - 3s/epoch - 3ms/step
Epoch 11/100
782/782 - 3s - loss: 4.6053 - accuracy: 0.0093 - val_loss: 4.6052 - val_accuracy: 0.0100 - 3s/epoch - 3ms/step
Epoch 12/100
782/782 - 3s - loss: 4.6053 - accuracy: 0.0095 - val_loss: 4.6052 - val_accuracy: 0.0100 - 3s/epoch - 3ms/step
Epoch 13/100
782/782 - 3s - loss: 4.6053 - accuracy: 0.0088 - val_loss: 4.6052 - val_accuracy: 0.0100 - 3s/epoch - 3ms/step
Epoch 14/100
782/782 - 3s - loss: 4.6053 - accuracy: 0.0094 - val_loss: 4.6052 - val_accuracy: 0.0100 - 3s/epoch - 3ms/step
Epoch 15/100
782/782 - 3s - loss: 4.6053 - accuracy: 0.0095 - val_loss: 4.6052 - val_accuracy: 0.0100 - 3s/epoch - 3ms/step
Epoch 16/100
782/782 - 3s - loss: 4.6053 - accuracy: 0.0092 - val_loss: 4.6052 - val_accuracy: 0.0100 - 3s/epoch - 3ms/step
Epoch 17/100
782/782 - 3s - loss: 4.6053 - accuracy: 0.0094 - val_loss: 4.6052 - val_accuracy: 0.0100 - 3s/epoch - 3ms/step
Epoch 18/100
782/782 - 3s - loss: 4.6053 - accuracy: 0.0086 - val_loss: 4.6052 - val_accuracy: 0.0100 - 3s/epoch - 3ms/step
Epoch 19/100
782/782 - 3s - loss: 4.6053 - accuracy: 0.0088 - val_loss: 4.6052 - val_accuracy: 0.0100 - 3s/epoch - 3ms/step
Epoch 20/100
782/782 - 3s - loss: 4.6053 - accuracy: 0.0084 - val_loss: 4.6052 - val_accuracy: 0.0100 - 3s/epoch - 3ms/step
Epoch 21/100
782/782 - 3s - loss: 4.6053 - accuracy: 0.0091 - val_loss: 4.6052 - val_accuracy: 0.0100 - 3s/epoch - 3ms/step
Epoch 22/100
782/782 - 3s - loss: 4.6053 - accuracy: 0.0090 - val_loss: 4.6052 - val_accuracy: 0.0100 - 3s/epoch - 3ms/step
Epoch 23/100
782/782 - 3s - loss: 4.6053 - accuracy: 0.0086 - val_loss: 4.6052 - val_accuracy: 0.0100 - 3s/epoch - 3ms/step
Epoch 24/100
782/782 - 3s - loss: 4.6053 - accuracy: 0.0089 - val_loss: 4.6052 - val_accuracy: 0.0100 - 3s/epoch - 3ms/step
Epoch 25/100
782/782 - 3s - loss: 4.6053 - accuracy: 0.0084 - val_loss: 4.6052 - val_accuracy: 0.0100 - 3s/epoch - 3ms/step
Epoch 26/100
782/782 - 3s - loss: 4.6053 - accuracy: 0.0090 - val_loss: 4.6052 - val_accuracy: 0.0100 - 3s/epoch - 3ms/step
Epoch 27/100
782/782 - 3s - loss: 4.6053 - accuracy: 0.0088 - val_loss: 4.6052 - val_accuracy: 0.0100 - 3s/epoch - 3ms/step
Epoch 28/100
782/782 - 3s - loss: 4.6053 - accuracy: 0.0093 - val_loss: 4.6052 - val_accuracy: 0.0100 - 3s/epoch - 3ms/step
Epoch 29/100
782/782 - 3s - loss: 4.6053 - accuracy: 0.0095 - val_loss: 4.6052 - val_accuracy: 0.0100 - 3s/epoch - 3ms/step
Epoch 30/100
782/782 - 3s - loss: 4.6053 - accuracy: 0.0097 - val_loss: 4.6052 - val_accuracy: 0.0100 - 3s/epoch - 3ms/step
Epoch 31/100
Restoring model weights from the end of the best epoch: 1.
782/782 - 3s - loss: 4.6053 - accuracy: 0.0094 - val_loss: 4.6052 - val_accuracy: 0.0100 - 3s/epoch - 3ms/step
Epoch 31: early stopping
313/313 - 0s - loss: 5.0563 - accuracy: 0.0100 - 483ms/epoch - 2ms/step

ACCURACY: 0.009999999776482582


SCORE: -0.2986421438435378

[92m | MODULE VALUES ---------------------------------------------  |
 [0m
FLOPS: 4178928
PARAMS: 43560.0
[92m 
 | -----------------------------------------------------------  |
 [0m

--- BANANAS ITERATION 21 / 1000 ---
Chosen point: {'num_neurons': 4, 'unit_c1': 3, 'unit_c2': 2, 'dr_f': 0.41958337514630517, 'learning_rate': 0.0004709258072772852, 'batch_size': 8, 'optimizer': 'Adadelta', 'activation': 'elu', 'data_augmentation': False, 'reg_l2': False, 'skip_connection': False, 'new_fc_1': 29, 'new_fc_2': 7, 'new_fc_3': 3, 'new_fc_4': 1, 'new_fc_5': 13, 'new_fc_6': 4, 'new_fc_7': 16, 'new_fc_8': 3, 'new_fc_9': 32, 'new_fc_10': 17}
[94m
|  --> START TRAINING ITERATION 20[0m
[INFO] Flags -> DA: False, L2: False, Skip: False
Building model with input_shape=(32, 32, 3), pos_input_shape=None, layer_x_block=2
Model: "model"
_________________________________________________________________
 Layer (type)                Output Shape              Param #   
=================================================================
 input_1 (InputLayer)        [(None, 32, 32, 3)]       0         
                                                                 
 conv2d (Conv2D)             (None, 32, 32, 12)        336       
                                                                 
 activation (Activation)     (None, 32, 32, 12)        0         
                                                                 
 conv2d_1 (Conv2D)           (None, 32, 32, 12)        1308      
                                                                 
 activation_1 (Activation)   (None, 32, 32, 12)        0         
                                                                 
 max_pooling2d (MaxPooling2  (None, 16, 16, 12)        0         
 D)                                                              
                                                                 
 conv2d_2 (Conv2D)           (None, 16, 16, 8)         872       
                                                                 
 activation_2 (Activation)   (None, 16, 16, 8)         0         
                                                                 
 conv2d_3 (Conv2D)           (None, 16, 16, 8)         584       
                                                                 
 activation_3 (Activation)   (None, 16, 16, 8)         0         
                                                                 
 max_pooling2d_1 (MaxPoolin  (None, 8, 8, 8)           0         
 g2D)                                                            
                                                                 
 flatten (Flatten)           (None, 512)               0         
                                                                 
 dense (Dense)               (None, 116)               59508     
                                                                 
 activation_4 (Activation)   (None, 116)               0         
                                                                 
 dropout (Dropout)           (None, 116)               0         
                                                                 
 dense_1 (Dense)             (None, 28)                3276      
                                                                 
 activation_5 (Activation)   (None, 28)                0         
                                                                 
 dropout_1 (Dropout)         (None, 28)                0         
                                                                 
 dense_2 (Dense)             (None, 12)                348       
                                                                 
 activation_6 (Activation)   (None, 12)                0         
                                                                 
 dropout_2 (Dropout)         (None, 12)                0         
                                                                 
 dense_3 (Dense)             (None, 4)                 52        
                                                                 
 activation_7 (Activation)   (None, 4)                 0         
                                                                 
 dropout_3 (Dropout)         (None, 4)                 0         
                                                                 
 dense_4 (Dense)             (None, 52)                260       
                                                                 
 activation_8 (Activation)   (None, 52)                0         
                                                                 
 dropout_4 (Dropout)         (None, 52)                0         
                                                                 
 dense_5 (Dense)             (None, 16)                848       
                                                                 
 activation_9 (Activation)   (None, 16)                0         
                                                                 
 dropout_5 (Dropout)         (None, 16)                0         
                                                                 
 dense_6 (Dense)             (None, 64)                1088      
                                                                 
 activation_10 (Activation)  (None, 64)                0         
                                                                 
 dropout_6 (Dropout)         (None, 64)                0         
                                                                 
 dense_7 (Dense)             (None, 12)                780       
                                                                 
 activation_11 (Activation)  (None, 12)                0         
                                                                 
 dropout_7 (Dropout)         (None, 12)                0         
                                                                 
 dense_8 (Dense)             (None, 128)               1664      
                                                                 
 activation_12 (Activation)  (None, 128)               0         
                                                                 
 dropout_8 (Dropout)         (None, 128)               0         
                                                                 
 dense_9 (Dense)             (None, 68)                8772      
                                                                 
 activation_13 (Activation)  (None, 68)                0         
                                                                 
 dropout_9 (Dropout)         (None, 68)                0         
                                                                 
 dense_10 (Dense)            (None, 100)               6900      
                                                                 
=================================================================
Total params: 86596 (338.27 KB)
Trainable params: 86596 (338.27 KB)
Non-trainable params: 0 (0.00 Byte)
_________________________________________________________________
Epoch 1/100
6250/6250 - 20s - loss: 4.6542 - accuracy: 0.0098 - val_loss: 4.6052 - val_accuracy: 0.0105 - 20s/epoch - 3ms/step
Epoch 2/100
6250/6250 - 19s - loss: 4.6397 - accuracy: 0.0103 - val_loss: 4.6046 - val_accuracy: 0.0125 - 19s/epoch - 3ms/step
Epoch 3/100
6250/6250 - 19s - loss: 4.6354 - accuracy: 0.0095 - val_loss: 4.6043 - val_accuracy: 0.0132 - 19s/epoch - 3ms/step
Epoch 4/100
6250/6250 - 19s - loss: 4.6326 - accuracy: 0.0104 - val_loss: 4.6042 - val_accuracy: 0.0136 - 19s/epoch - 3ms/step
Epoch 5/100
6250/6250 - 19s - loss: 4.6288 - accuracy: 0.0100 - val_loss: 4.6042 - val_accuracy: 0.0135 - 19s/epoch - 3ms/step
Epoch 6/100
6250/6250 - 19s - loss: 4.6297 - accuracy: 0.0099 - val_loss: 4.6042 - val_accuracy: 0.0136 - 19s/epoch - 3ms/step
Epoch 7/100
6250/6250 - 19s - loss: 4.6275 - accuracy: 0.0099 - val_loss: 4.6042 - val_accuracy: 0.0126 - 19s/epoch - 3ms/step
Epoch 8/100
6250/6250 - 19s - loss: 4.6264 - accuracy: 0.0107 - val_loss: 4.6042 - val_accuracy: 0.0125 - 19s/epoch - 3ms/step
Epoch 9/100
6250/6250 - 19s - loss: 4.6252 - accuracy: 0.0106 - val_loss: 4.6042 - val_accuracy: 0.0122 - 19s/epoch - 3ms/step
Epoch 10/100
6250/6250 - 19s - loss: 4.6238 - accuracy: 0.0104 - val_loss: 4.6041 - val_accuracy: 0.0122 - 19s/epoch - 3ms/step
Epoch 11/100
6250/6250 - 19s - loss: 4.6241 - accuracy: 0.0104 - val_loss: 4.6041 - val_accuracy: 0.0120 - 19s/epoch - 3ms/step
Epoch 12/100
6250/6250 - 19s - loss: 4.6238 - accuracy: 0.0105 - val_loss: 4.6041 - val_accuracy: 0.0121 - 19s/epoch - 3ms/step
Epoch 13/100
6250/6250 - 19s - loss: 4.6207 - accuracy: 0.0091 - val_loss: 4.6041 - val_accuracy: 0.0117 - 19s/epoch - 3ms/step
Epoch 14/100
6250/6250 - 19s - loss: 4.6207 - accuracy: 0.0117 - val_loss: 4.6041 - val_accuracy: 0.0117 - 19s/epoch - 3ms/step
Epoch 15/100
6250/6250 - 19s - loss: 4.6208 - accuracy: 0.0106 - val_loss: 4.6042 - val_accuracy: 0.0115 - 19s/epoch - 3ms/step
Epoch 16/100
6250/6250 - 19s - loss: 4.6215 - accuracy: 0.0097 - val_loss: 4.6042 - val_accuracy: 0.0115 - 19s/epoch - 3ms/step
Epoch 17/100
6250/6250 - 19s - loss: 4.6201 - accuracy: 0.0099 - val_loss: 4.6042 - val_accuracy: 0.0108 - 19s/epoch - 3ms/step
Epoch 18/100
6250/6250 - 19s - loss: 4.6202 - accuracy: 0.0095 - val_loss: 4.6042 - val_accuracy: 0.0108 - 19s/epoch - 3ms/step
Epoch 19/100
6250/6250 - 19s - loss: 4.6185 - accuracy: 0.0099 - val_loss: 4.6042 - val_accuracy: 0.0111 - 19s/epoch - 3ms/step
Epoch 20/100
6250/6250 - 19s - loss: 4.6200 - accuracy: 0.0101 - val_loss: 4.6042 - val_accuracy: 0.0111 - 19s/epoch - 3ms/step
Epoch 21/100
6250/6250 - 19s - loss: 4.6179 - accuracy: 0.0106 - val_loss: 4.6042 - val_accuracy: 0.0110 - 19s/epoch - 3ms/step
Epoch 22/100
6250/6250 - 19s - loss: 4.6190 - accuracy: 0.0095 - val_loss: 4.6042 - val_accuracy: 0.0112 - 19s/epoch - 3ms/step
Epoch 23/100
6250/6250 - 19s - loss: 4.6181 - accuracy: 0.0109 - val_loss: 4.6042 - val_accuracy: 0.0113 - 19s/epoch - 3ms/step
Epoch 24/100
6250/6250 - 19s - loss: 4.6168 - accuracy: 0.0095 - val_loss: 4.6042 - val_accuracy: 0.0117 - 19s/epoch - 3ms/step
Epoch 25/100
6250/6250 - 19s - loss: 4.6169 - accuracy: 0.0098 - val_loss: 4.6042 - val_accuracy: 0.0112 - 19s/epoch - 3ms/step
Epoch 26/100
6250/6250 - 19s - loss: 4.6174 - accuracy: 0.0097 - val_loss: 4.6042 - val_accuracy: 0.0111 - 19s/epoch - 3ms/step
Epoch 27/100
6250/6250 - 19s - loss: 4.6166 - accuracy: 0.0099 - val_loss: 4.6042 - val_accuracy: 0.0112 - 19s/epoch - 3ms/step
Epoch 28/100
6250/6250 - 19s - loss: 4.6175 - accuracy: 0.0100 - val_loss: 4.6043 - val_accuracy: 0.0109 - 19s/epoch - 3ms/step
Epoch 29/100
6250/6250 - 19s - loss: 4.6162 - accuracy: 0.0098 - val_loss: 4.6042 - val_accuracy: 0.0115 - 19s/epoch - 3ms/step
Epoch 30/100
6250/6250 - 19s - loss: 4.6162 - accuracy: 0.0095 - val_loss: 4.6042 - val_accuracy: 0.0109 - 19s/epoch - 3ms/step
Epoch 31/100
Restoring model weights from the end of the best epoch: 1.
6250/6250 - 19s - loss: 4.6157 - accuracy: 0.0095 - val_loss: 4.6043 - val_accuracy: 0.0112 - 19s/epoch - 3ms/step
Epoch 31: early stopping
313/313 - 1s - loss: 4.6052 - accuracy: 0.0105 - 519ms/epoch - 2ms/step

ACCURACY: 0.010499999858438969


SCORE: -0.2988201199009073

[92m | MODULE VALUES ---------------------------------------------  |
 [0m
FLOPS: 4264940
PARAMS: 86596.0
[92m 
 | -----------------------------------------------------------  |
 [0m

--- BANANAS ITERATION 22 / 1000 ---
Chosen point: {'num_neurons': 4, 'unit_c1': 1, 'unit_c2': 3, 'dr_f': 0.037743523538248766, 'learning_rate': 0.0002869852709454349, 'batch_size': 64, 'optimizer': 'Adam', 'activation': 'elu', 'data_augmentation': True, 'reg_l2': False, 'skip_connection': True, 'new_fc_1': 25, 'new_fc_2': 19, 'new_fc_3': 2, 'new_fc_4': 9, 'new_fc_5': 6, 'new_fc_6': 8, 'new_fc_7': 20, 'new_fc_8': 0, 'new_fc_9': 32, 'new_fc_10': 15}
[94m
|  --> START TRAINING ITERATION 21[0m
[INFO] Flags -> DA: True, L2: False, Skip: True
Building model with input_shape=(32, 32, 3), pos_input_shape=None, layer_x_block=2
Model: "model"
__________________________________________________________________________________________________
 Layer (type)                Output Shape                 Param #   Connected to                  
==================================================================================================
 input_2 (InputLayer)        [(None, 32, 32, 3)]          0         []                            
                                                                                                  
 conv2d (Conv2D)             (None, 32, 32, 4)            112       ['input_2[0][0]']             
                                                                                                  
 activation (Activation)     (None, 32, 32, 4)            0         ['conv2d[1][0]']              
                                                                                                  
 conv2d_2 (Conv2D)           (None, 32, 32, 4)            16        ['input_2[0][0]']             
                                                                                                  
 conv2d_1 (Conv2D)           (None, 32, 32, 4)            148       ['activation[1][0]']          
                                                                                                  
 add (Add)                   (None, 32, 32, 4)            0         ['conv2d_2[1][0]',            
                                                                     'conv2d_1[1][0]']            
                                                                                                  
 activation_1 (Activation)   (None, 32, 32, 4)            0         ['add[1][0]']                 
                                                                                                  
 max_pooling2d (MaxPooling2  (None, 16, 16, 4)            0         ['activation_1[1][0]']        
 D)                                                                                               
                                                                                                  
 conv2d_3 (Conv2D)           (None, 16, 16, 12)           444       ['max_pooling2d[1][0]']       
                                                                                                  
 activation_2 (Activation)   (None, 16, 16, 12)           0         ['conv2d_3[1][0]']            
                                                                                                  
 conv2d_5 (Conv2D)           (None, 16, 16, 12)           60        ['max_pooling2d[1][0]']       
                                                                                                  
 conv2d_4 (Conv2D)           (None, 16, 16, 12)           1308      ['activation_2[1][0]']        
                                                                                                  
 add_1 (Add)                 (None, 16, 16, 12)           0         ['conv2d_5[1][0]',            
                                                                     'conv2d_4[1][0]']            
                                                                                                  
 activation_3 (Activation)   (None, 16, 16, 12)           0         ['add_1[1][0]']               
                                                                                                  
 max_pooling2d_1 (MaxPoolin  (None, 8, 8, 12)             0         ['activation_3[1][0]']        
 g2D)                                                                                             
                                                                                                  
 flatten (Flatten)           (None, 768)                  0         ['max_pooling2d_1[1][0]']     
                                                                                                  
 dense (Dense)               (None, 100)                  76900     ['flatten[1][0]']             
                                                                                                  
 activation_4 (Activation)   (None, 100)                  0         ['dense[1][0]']               
                                                                                                  
 dropout (Dropout)           (None, 100)                  0         ['activation_4[1][0]']        
                                                                                                  
 dense_1 (Dense)             (None, 76)                   7676      ['dropout[1][0]']             
                                                                                                  
 activation_5 (Activation)   (None, 76)                   0         ['dense_1[1][0]']             
                                                                                                  
 dropout_1 (Dropout)         (None, 76)                   0         ['activation_5[1][0]']        
                                                                                                  
 dense_2 (Dense)             (None, 8)                    616       ['dropout_1[1][0]']           
                                                                                                  
 activation_6 (Activation)   (None, 8)                    0         ['dense_2[1][0]']             
                                                                                                  
 dropout_2 (Dropout)         (None, 8)                    0         ['activation_6[1][0]']        
                                                                                                  
 dense_3 (Dense)             (None, 36)                   324       ['dropout_2[1][0]']           
                                                                                                  
 activation_7 (Activation)   (None, 36)                   0         ['dense_3[1][0]']             
                                                                                                  
 dropout_3 (Dropout)         (None, 36)                   0         ['activation_7[1][0]']        
                                                                                                  
 dense_4 (Dense)             (None, 24)                   888       ['dropout_3[1][0]']           
                                                                                                  
 activation_8 (Activation)   (None, 24)                   0         ['dense_4[1][0]']             
                                                                                                  
 dropout_4 (Dropout)         (None, 24)                   0         ['activation_8[1][0]']        
                                                                                                  
 dense_5 (Dense)             (None, 32)                   800       ['dropout_4[1][0]']           
                                                                                                  
 activation_9 (Activation)   (None, 32)                   0         ['dense_5[1][0]']             
                                                                                                  
 dropout_5 (Dropout)         (None, 32)                   0         ['activation_9[1][0]']        
                                                                                                  
 dense_6 (Dense)             (None, 80)                   2640      ['dropout_5[1][0]']           
                                                                                                  
 activation_10 (Activation)  (None, 80)                   0         ['dense_6[1][0]']             
                                                                                                  
 dropout_6 (Dropout)         (None, 80)                   0         ['activation_10[1][0]']       
                                                                                                  
 dense_7 (Dense)             (None, 128)                  10368     ['dropout_6[1][0]']           
                                                                                                  
 activation_11 (Activation)  (None, 128)                  0         ['dense_7[1][0]']             
                                                                                                  
 dropout_7 (Dropout)         (None, 128)                  0         ['activation_11[1][0]']       
                                                                                                  
 dense_8 (Dense)             (None, 60)                   7740      ['dropout_7[1][0]']           
                                                                                                  
 activation_12 (Activation)  (None, 60)                   0         ['dense_8[1][0]']             
                                                                                                  
 dropout_8 (Dropout)         (None, 60)                   0         ['activation_12[1][0]']       
                                                                                                  
 dense_9 (Dense)             (None, 100)                  6100      ['dropout_8[1][0]']           
                                                                                                  
==================================================================================================
Total params: 116140 (453.67 KB)
Trainable params: 116140 (453.67 KB)
Non-trainable params: 0 (0.00 Byte)
__________________________________________________________________________________________________
Epoch 1/100
782/782 - 4s - loss: 4.2740 - accuracy: 0.0416 - val_loss: 3.9946 - val_accuracy: 0.0736 - 4s/epoch - 5ms/step
Epoch 2/100
782/782 - 3s - loss: 3.9628 - accuracy: 0.0733 - val_loss: 3.8320 - val_accuracy: 0.1008 - 3s/epoch - 3ms/step
Epoch 3/100
782/782 - 3s - loss: 3.8362 - accuracy: 0.0934 - val_loss: 3.7193 - val_accuracy: 0.1225 - 3s/epoch - 3ms/step
Epoch 4/100
782/782 - 3s - loss: 3.7299 - accuracy: 0.1132 - val_loss: 3.6001 - val_accuracy: 0.1412 - 3s/epoch - 3ms/step
Epoch 5/100
782/782 - 3s - loss: 3.6384 - accuracy: 0.1281 - val_loss: 3.5287 - val_accuracy: 0.1634 - 3s/epoch - 3ms/step
Epoch 6/100
782/782 - 3s - loss: 3.5668 - accuracy: 0.1361 - val_loss: 3.4571 - val_accuracy: 0.1673 - 3s/epoch - 3ms/step
Epoch 7/100
782/782 - 3s - loss: 3.5058 - accuracy: 0.1482 - val_loss: 3.4057 - val_accuracy: 0.1756 - 3s/epoch - 3ms/step
Epoch 8/100
782/782 - 3s - loss: 3.4512 - accuracy: 0.1564 - val_loss: 3.3454 - val_accuracy: 0.1879 - 3s/epoch - 3ms/step
Epoch 9/100
782/782 - 3s - loss: 3.3997 - accuracy: 0.1634 - val_loss: 3.2951 - val_accuracy: 0.1958 - 3s/epoch - 3ms/step
Epoch 10/100
782/782 - 3s - loss: 3.3574 - accuracy: 0.1740 - val_loss: 3.2661 - val_accuracy: 0.1976 - 3s/epoch - 3ms/step
Epoch 11/100
782/782 - 3s - loss: 3.3103 - accuracy: 0.1772 - val_loss: 3.2203 - val_accuracy: 0.2076 - 3s/epoch - 3ms/step
Epoch 12/100
782/782 - 3s - loss: 3.2696 - accuracy: 0.1855 - val_loss: 3.1954 - val_accuracy: 0.2094 - 3s/epoch - 3ms/step
Epoch 13/100
782/782 - 3s - loss: 3.2238 - accuracy: 0.1953 - val_loss: 3.1544 - val_accuracy: 0.2203 - 3s/epoch - 3ms/step
Epoch 14/100
782/782 - 3s - loss: 3.1895 - accuracy: 0.2007 - val_loss: 3.1425 - val_accuracy: 0.2230 - 3s/epoch - 3ms/step
Epoch 15/100
782/782 - 3s - loss: 3.1560 - accuracy: 0.2075 - val_loss: 3.1143 - val_accuracy: 0.2233 - 3s/epoch - 3ms/step
Epoch 16/100
782/782 - 3s - loss: 3.1196 - accuracy: 0.2138 - val_loss: 3.0994 - val_accuracy: 0.2333 - 3s/epoch - 3ms/step
Epoch 17/100
782/782 - 3s - loss: 3.0915 - accuracy: 0.2185 - val_loss: 3.0809 - val_accuracy: 0.2334 - 3s/epoch - 3ms/step
Epoch 18/100
782/782 - 3s - loss: 3.0627 - accuracy: 0.2236 - val_loss: 3.0600 - val_accuracy: 0.2334 - 3s/epoch - 3ms/step
Epoch 19/100
782/782 - 3s - loss: 3.0370 - accuracy: 0.2290 - val_loss: 3.0508 - val_accuracy: 0.2385 - 3s/epoch - 3ms/step
Epoch 20/100
782/782 - 3s - loss: 3.0127 - accuracy: 0.2328 - val_loss: 3.0354 - val_accuracy: 0.2389 - 3s/epoch - 3ms/step
Epoch 21/100
782/782 - 3s - loss: 2.9839 - accuracy: 0.2375 - val_loss: 3.0287 - val_accuracy: 0.2432 - 3s/epoch - 3ms/step
Epoch 22/100
782/782 - 3s - loss: 2.9644 - accuracy: 0.2405 - val_loss: 3.0114 - val_accuracy: 0.2455 - 3s/epoch - 3ms/step
Epoch 23/100
782/782 - 3s - loss: 2.9372 - accuracy: 0.2493 - val_loss: 3.0157 - val_accuracy: 0.2427 - 3s/epoch - 3ms/step
Epoch 24/100
782/782 - 3s - loss: 2.9091 - accuracy: 0.2496 - val_loss: 3.0115 - val_accuracy: 0.2479 - 3s/epoch - 3ms/step
Epoch 25/100
782/782 - 3s - loss: 2.8937 - accuracy: 0.2558 - val_loss: 2.9861 - val_accuracy: 0.2479 - 3s/epoch - 3ms/step
Epoch 26/100
782/782 - 3s - loss: 2.8751 - accuracy: 0.2573 - val_loss: 2.9866 - val_accuracy: 0.2495 - 3s/epoch - 3ms/step
Epoch 27/100
782/782 - 3s - loss: 2.8490 - accuracy: 0.2615 - val_loss: 2.9982 - val_accuracy: 0.2509 - 3s/epoch - 3ms/step
Epoch 28/100
782/782 - 3s - loss: 2.8260 - accuracy: 0.2693 - val_loss: 2.9749 - val_accuracy: 0.2556 - 3s/epoch - 3ms/step
Epoch 29/100
782/782 - 3s - loss: 2.8149 - accuracy: 0.2700 - val_loss: 2.9653 - val_accuracy: 0.2529 - 3s/epoch - 3ms/step
Epoch 30/100
782/782 - 3s - loss: 2.7890 - accuracy: 0.2712 - val_loss: 2.9738 - val_accuracy: 0.2541 - 3s/epoch - 3ms/step
Epoch 31/100
782/782 - 3s - loss: 2.7697 - accuracy: 0.2762 - val_loss: 2.9685 - val_accuracy: 0.2552 - 3s/epoch - 3ms/step
Epoch 32/100
782/782 - 3s - loss: 2.7540 - accuracy: 0.2808 - val_loss: 2.9830 - val_accuracy: 0.2537 - 3s/epoch - 3ms/step
Epoch 33/100
782/782 - 3s - loss: 2.7311 - accuracy: 0.2840 - val_loss: 2.9645 - val_accuracy: 0.2567 - 3s/epoch - 3ms/step
Epoch 34/100
782/782 - 3s - loss: 2.7157 - accuracy: 0.2873 - val_loss: 2.9730 - val_accuracy: 0.2575 - 3s/epoch - 3ms/step
Epoch 35/100
782/782 - 3s - loss: 2.6937 - accuracy: 0.2906 - val_loss: 2.9589 - val_accuracy: 0.2565 - 3s/epoch - 3ms/step
Epoch 36/100
782/782 - 3s - loss: 2.6800 - accuracy: 0.2936 - val_loss: 2.9810 - val_accuracy: 0.2586 - 3s/epoch - 3ms/step
Epoch 37/100
782/782 - 3s - loss: 2.6606 - accuracy: 0.2997 - val_loss: 2.9792 - val_accuracy: 0.2548 - 3s/epoch - 3ms/step
Epoch 38/100
782/782 - 3s - loss: 2.6472 - accuracy: 0.3001 - val_loss: 2.9654 - val_accuracy: 0.2627 - 3s/epoch - 3ms/step
Epoch 39/100
782/782 - 3s - loss: 2.6290 - accuracy: 0.3040 - val_loss: 2.9841 - val_accuracy: 0.2601 - 3s/epoch - 3ms/step
Epoch 40/100
782/782 - 3s - loss: 2.6245 - accuracy: 0.3051 - val_loss: 2.9787 - val_accuracy: 0.2609 - 3s/epoch - 3ms/step
Epoch 41/100
782/782 - 3s - loss: 2.6025 - accuracy: 0.3101 - val_loss: 2.9764 - val_accuracy: 0.2631 - 3s/epoch - 3ms/step
Epoch 42/100
782/782 - 3s - loss: 2.5801 - accuracy: 0.3132 - val_loss: 2.9908 - val_accuracy: 0.2589 - 3s/epoch - 3ms/step
Epoch 43/100
782/782 - 3s - loss: 2.5663 - accuracy: 0.3161 - val_loss: 3.0059 - val_accuracy: 0.2623 - 3s/epoch - 3ms/step
Epoch 44/100
782/782 - 3s - loss: 2.5617 - accuracy: 0.3156 - val_loss: 3.0075 - val_accuracy: 0.2608 - 3s/epoch - 3ms/step
Epoch 45/100
782/782 - 3s - loss: 2.5454 - accuracy: 0.3225 - val_loss: 3.0026 - val_accuracy: 0.2603 - 3s/epoch - 3ms/step
Epoch 46/100
782/782 - 3s - loss: 2.5246 - accuracy: 0.3251 - val_loss: 3.0154 - val_accuracy: 0.2620 - 3s/epoch - 3ms/step
Epoch 47/100
782/782 - 3s - loss: 2.5121 - accuracy: 0.3252 - val_loss: 3.0165 - val_accuracy: 0.2579 - 3s/epoch - 3ms/step
Epoch 48/100
782/782 - 3s - loss: 2.4993 - accuracy: 0.3295 - val_loss: 3.0103 - val_accuracy: 0.2624 - 3s/epoch - 3ms/step
Epoch 49/100
782/782 - 3s - loss: 2.4884 - accuracy: 0.3303 - val_loss: 3.0180 - val_accuracy: 0.2652 - 3s/epoch - 3ms/step
Epoch 50/100
782/782 - 3s - loss: 2.4741 - accuracy: 0.3324 - val_loss: 3.0498 - val_accuracy: 0.2578 - 3s/epoch - 3ms/step
Epoch 51/100
782/782 - 3s - loss: 2.4651 - accuracy: 0.3352 - val_loss: 3.0445 - val_accuracy: 0.2594 - 3s/epoch - 3ms/step
Epoch 52/100
782/782 - 3s - loss: 2.4446 - accuracy: 0.3385 - val_loss: 3.0543 - val_accuracy: 0.2603 - 3s/epoch - 3ms/step
Epoch 53/100
782/782 - 3s - loss: 2.4373 - accuracy: 0.3423 - val_loss: 3.0623 - val_accuracy: 0.2571 - 3s/epoch - 3ms/step
Epoch 54/100
782/782 - 3s - loss: 2.4237 - accuracy: 0.3432 - val_loss: 3.0683 - val_accuracy: 0.2589 - 3s/epoch - 3ms/step
Epoch 55/100
782/782 - 3s - loss: 2.4076 - accuracy: 0.3448 - val_loss: 3.0591 - val_accuracy: 0.2648 - 3s/epoch - 3ms/step
Epoch 56/100
782/782 - 3s - loss: 2.3982 - accuracy: 0.3488 - val_loss: 3.0661 - val_accuracy: 0.2646 - 3s/epoch - 3ms/step
Epoch 57/100
782/782 - 3s - loss: 2.3949 - accuracy: 0.3492 - val_loss: 3.0844 - val_accuracy: 0.2598 - 3s/epoch - 3ms/step
Epoch 58/100
782/782 - 3s - loss: 2.3866 - accuracy: 0.3510 - val_loss: 3.0817 - val_accuracy: 0.2643 - 3s/epoch - 3ms/step
Epoch 59/100
782/782 - 3s - loss: 2.3657 - accuracy: 0.3540 - val_loss: 3.1009 - val_accuracy: 0.2602 - 3s/epoch - 3ms/step
Epoch 60/100
782/782 - 3s - loss: 2.3551 - accuracy: 0.3555 - val_loss: 3.1091 - val_accuracy: 0.2637 - 3s/epoch - 3ms/step
Epoch 61/100
782/782 - 3s - loss: 2.3448 - accuracy: 0.3582 - val_loss: 3.1054 - val_accuracy: 0.2608 - 3s/epoch - 3ms/step
Epoch 62/100
782/782 - 3s - loss: 2.3411 - accuracy: 0.3617 - val_loss: 3.1357 - val_accuracy: 0.2619 - 3s/epoch - 3ms/step
Epoch 63/100
782/782 - 3s - loss: 2.3162 - accuracy: 0.3623 - val_loss: 3.1149 - val_accuracy: 0.2611 - 3s/epoch - 3ms/step
Epoch 64/100
782/782 - 3s - loss: 2.3139 - accuracy: 0.3662 - val_loss: 3.1322 - val_accuracy: 0.2577 - 3s/epoch - 3ms/step
Epoch 65/100
782/782 - 3s - loss: 2.3020 - accuracy: 0.3661 - val_loss: 3.1466 - val_accuracy: 0.2620 - 3s/epoch - 3ms/step
Epoch 66/100
782/782 - 3s - loss: 2.2908 - accuracy: 0.3685 - val_loss: 3.1576 - val_accuracy: 0.2596 - 3s/epoch - 3ms/step
Epoch 67/100
782/782 - 3s - loss: 2.2854 - accuracy: 0.3720 - val_loss: 3.1908 - val_accuracy: 0.2593 - 3s/epoch - 3ms/step
Epoch 68/100
Restoring model weights from the end of the best epoch: 38.
782/782 - 3s - loss: 2.2827 - accuracy: 0.3707 - val_loss: 3.1713 - val_accuracy: 0.2577 - 3s/epoch - 3ms/step
Epoch 68: early stopping
313/313 - 0s - loss: 2.9654 - accuracy: 0.2627 - 429ms/epoch - 1ms/step

ACCURACY: 0.26269999146461487


SCORE: -0.48046242602523037

[92m | MODULE VALUES ---------------------------------------------  |
 [0m
FLOPS: 1713784
PARAMS: 116140.0
[92m 
 | -----------------------------------------------------------  |
 [0m
[INFO] New Best Score: -0.4805 (Previous: -0.3775)

--- BANANAS ITERATION 23 / 1000 ---
Chosen point: {'num_neurons': 8, 'unit_c1': 4, 'unit_c2': 4, 'dr_f': 0.1459238206250131, 'learning_rate': 0.0004883137782062578, 'batch_size': 64, 'optimizer': 'Adam', 'activation': 'elu', 'data_augmentation': False, 'reg_l2': False, 'skip_connection': False, 'new_fc_1': 15, 'new_fc_2': 14, 'new_fc_3': 3, 'new_fc_4': 16, 'new_fc_5': 9, 'new_fc_6': 0, 'new_fc_7': 2, 'new_fc_8': 3, 'new_fc_9': 10, 'new_fc_10': 2}
[94m
|  --> START TRAINING ITERATION 22[0m
[INFO] Flags -> DA: False, L2: False, Skip: False
Building model with input_shape=(32, 32, 3), pos_input_shape=None, layer_x_block=2
Model: "model"
_________________________________________________________________
 Layer (type)                Output Shape              Param #   
=================================================================
 input_1 (InputLayer)        [(None, 32, 32, 3)]       0         
                                                                 
 conv2d (Conv2D)             (None, 32, 32, 32)        896       
                                                                 
 activation (Activation)     (None, 32, 32, 32)        0         
                                                                 
 conv2d_1 (Conv2D)           (None, 32, 32, 32)        9248      
                                                                 
 activation_1 (Activation)   (None, 32, 32, 32)        0         
                                                                 
 max_pooling2d (MaxPooling2  (None, 16, 16, 32)        0         
 D)                                                              
                                                                 
 conv2d_2 (Conv2D)           (None, 16, 16, 32)        9248      
                                                                 
 activation_2 (Activation)   (None, 16, 16, 32)        0         
                                                                 
 conv2d_3 (Conv2D)           (None, 16, 16, 32)        9248      
                                                                 
 activation_3 (Activation)   (None, 16, 16, 32)        0         
                                                                 
 max_pooling2d_1 (MaxPoolin  (None, 8, 8, 32)          0         
 g2D)                                                            
                                                                 
 flatten (Flatten)           (None, 2048)              0         
                                                                 
 dense (Dense)               (None, 120)               245880    
                                                                 
 activation_4 (Activation)   (None, 120)               0         
                                                                 
 dropout (Dropout)           (None, 120)               0         
                                                                 
 dense_1 (Dense)             (None, 112)               13552     
                                                                 
 activation_5 (Activation)   (None, 112)               0         
                                                                 
 dropout_1 (Dropout)         (None, 112)               0         
                                                                 
 dense_2 (Dense)             (None, 24)                2712      
                                                                 
 activation_6 (Activation)   (None, 24)                0         
                                                                 
 dropout_2 (Dropout)         (None, 24)                0         
                                                                 
 dense_3 (Dense)             (None, 128)               3200      
                                                                 
 activation_7 (Activation)   (None, 128)               0         
                                                                 
 dropout_3 (Dropout)         (None, 128)               0         
                                                                 
 dense_4 (Dense)             (None, 72)                9288      
                                                                 
 activation_8 (Activation)   (None, 72)                0         
                                                                 
 dropout_4 (Dropout)         (None, 72)                0         
                                                                 
 dense_5 (Dense)             (None, 16)                1168      
                                                                 
 activation_9 (Activation)   (None, 16)                0         
                                                                 
 dropout_5 (Dropout)         (None, 16)                0         
                                                                 
 dense_6 (Dense)             (None, 24)                408       
                                                                 
 activation_10 (Activation)  (None, 24)                0         
                                                                 
 dropout_6 (Dropout)         (None, 24)                0         
                                                                 
 dense_7 (Dense)             (None, 80)                2000      
                                                                 
 activation_11 (Activation)  (None, 80)                0         
                                                                 
 dropout_7 (Dropout)         (None, 80)                0         
                                                                 
 dense_8 (Dense)             (None, 16)                1296      
                                                                 
 activation_12 (Activation)  (None, 16)                0         
                                                                 
 dropout_8 (Dropout)         (None, 16)                0         
                                                                 
 dense_9 (Dense)             (None, 100)               1700      
                                                                 
=================================================================
Total params: 309844 (1.18 MB)
Trainable params: 309844 (1.18 MB)
Non-trainable params: 0 (0.00 Byte)
_________________________________________________________________
Epoch 1/100
782/782 - 4s - loss: 4.4130 - accuracy: 0.0294 - val_loss: 4.1320 - val_accuracy: 0.0627 - 4s/epoch - 5ms/step
Epoch 2/100
782/782 - 2s - loss: 4.1265 - accuracy: 0.0546 - val_loss: 3.8934 - val_accuracy: 0.0891 - 2s/epoch - 3ms/step
Epoch 3/100
782/782 - 2s - loss: 3.9518 - accuracy: 0.0712 - val_loss: 3.7385 - val_accuracy: 0.1100 - 2s/epoch - 3ms/step
Epoch 4/100
782/782 - 2s - loss: 3.8012 - accuracy: 0.0858 - val_loss: 3.5656 - val_accuracy: 0.1364 - 2s/epoch - 3ms/step
Epoch 5/100
782/782 - 2s - loss: 3.6653 - accuracy: 0.1041 - val_loss: 3.4173 - val_accuracy: 0.1543 - 2s/epoch - 3ms/step
Epoch 6/100
782/782 - 2s - loss: 3.5599 - accuracy: 0.1157 - val_loss: 3.3351 - val_accuracy: 0.1703 - 2s/epoch - 3ms/step
Epoch 7/100
782/782 - 2s - loss: 3.4664 - accuracy: 0.1278 - val_loss: 3.2691 - val_accuracy: 0.1752 - 2s/epoch - 3ms/step
Epoch 8/100
782/782 - 2s - loss: 3.3867 - accuracy: 0.1402 - val_loss: 3.1989 - val_accuracy: 0.1981 - 2s/epoch - 3ms/step
Epoch 9/100
782/782 - 2s - loss: 3.3122 - accuracy: 0.1504 - val_loss: 3.1466 - val_accuracy: 0.2012 - 2s/epoch - 3ms/step
Epoch 10/100
782/782 - 2s - loss: 3.2403 - accuracy: 0.1612 - val_loss: 3.1022 - val_accuracy: 0.2066 - 2s/epoch - 3ms/step
Epoch 11/100
782/782 - 2s - loss: 3.1834 - accuracy: 0.1669 - val_loss: 3.0948 - val_accuracy: 0.2057 - 2s/epoch - 3ms/step
Epoch 12/100
782/782 - 2s - loss: 3.1305 - accuracy: 0.1721 - val_loss: 3.0732 - val_accuracy: 0.2157 - 2s/epoch - 3ms/step
Epoch 13/100
782/782 - 2s - loss: 3.0773 - accuracy: 0.1786 - val_loss: 3.0763 - val_accuracy: 0.2174 - 2s/epoch - 3ms/step
Epoch 14/100
782/782 - 2s - loss: 3.0207 - accuracy: 0.1899 - val_loss: 3.0732 - val_accuracy: 0.2189 - 2s/epoch - 3ms/step
Epoch 15/100
782/782 - 2s - loss: 2.9765 - accuracy: 0.1945 - val_loss: 3.0380 - val_accuracy: 0.2276 - 2s/epoch - 3ms/step
Epoch 16/100
782/782 - 2s - loss: 2.9383 - accuracy: 0.2004 - val_loss: 3.0308 - val_accuracy: 0.2273 - 2s/epoch - 3ms/step
Epoch 17/100
782/782 - 2s - loss: 2.8888 - accuracy: 0.2054 - val_loss: 3.0396 - val_accuracy: 0.2224 - 2s/epoch - 3ms/step
Epoch 18/100
782/782 - 2s - loss: 2.8557 - accuracy: 0.2139 - val_loss: 3.0244 - val_accuracy: 0.2350 - 2s/epoch - 3ms/step
Epoch 19/100
782/782 - 2s - loss: 2.8050 - accuracy: 0.2205 - val_loss: 3.0190 - val_accuracy: 0.2421 - 2s/epoch - 3ms/step
Epoch 20/100
782/782 - 2s - loss: 2.7807 - accuracy: 0.2199 - val_loss: 3.0278 - val_accuracy: 0.2423 - 2s/epoch - 3ms/step
Epoch 21/100
782/782 - 2s - loss: 2.7447 - accuracy: 0.2280 - val_loss: 3.0380 - val_accuracy: 0.2401 - 2s/epoch - 3ms/step
Epoch 22/100
782/782 - 2s - loss: 2.7091 - accuracy: 0.2326 - val_loss: 3.0410 - val_accuracy: 0.2452 - 2s/epoch - 3ms/step
Epoch 23/100
782/782 - 2s - loss: 2.6707 - accuracy: 0.2398 - val_loss: 3.0401 - val_accuracy: 0.2494 - 2s/epoch - 3ms/step
Epoch 24/100
782/782 - 2s - loss: 2.6447 - accuracy: 0.2442 - val_loss: 3.0545 - val_accuracy: 0.2466 - 2s/epoch - 3ms/step
Epoch 25/100
782/782 - 2s - loss: 2.6133 - accuracy: 0.2507 - val_loss: 3.0772 - val_accuracy: 0.2477 - 2s/epoch - 3ms/step
Epoch 26/100
782/782 - 2s - loss: 2.5697 - accuracy: 0.2586 - val_loss: 3.0912 - val_accuracy: 0.2527 - 2s/epoch - 3ms/step
Epoch 27/100
782/782 - 2s - loss: 2.5544 - accuracy: 0.2586 - val_loss: 3.0607 - val_accuracy: 0.2567 - 2s/epoch - 3ms/step
Epoch 28/100
782/782 - 2s - loss: 2.5355 - accuracy: 0.2634 - val_loss: 3.0775 - val_accuracy: 0.2558 - 2s/epoch - 3ms/step
Epoch 29/100
782/782 - 2s - loss: 2.5033 - accuracy: 0.2678 - val_loss: 3.0725 - val_accuracy: 0.2544 - 2s/epoch - 3ms/step
Epoch 30/100
782/782 - 2s - loss: 2.4737 - accuracy: 0.2733 - val_loss: 3.1074 - val_accuracy: 0.2524 - 2s/epoch - 3ms/step
Epoch 31/100
782/782 - 2s - loss: 2.4556 - accuracy: 0.2776 - val_loss: 3.1329 - val_accuracy: 0.2547 - 2s/epoch - 3ms/step
Epoch 32/100
782/782 - 2s - loss: 2.4331 - accuracy: 0.2775 - val_loss: 3.1137 - val_accuracy: 0.2524 - 2s/epoch - 3ms/step
Epoch 33/100
782/782 - 2s - loss: 2.4057 - accuracy: 0.2888 - val_loss: 3.1431 - val_accuracy: 0.2561 - 2s/epoch - 3ms/step
Epoch 34/100
782/782 - 2s - loss: 2.3771 - accuracy: 0.2926 - val_loss: 3.1715 - val_accuracy: 0.2608 - 2s/epoch - 3ms/step
Epoch 35/100
782/782 - 2s - loss: 2.3749 - accuracy: 0.2907 - val_loss: 3.1760 - val_accuracy: 0.2549 - 2s/epoch - 3ms/step
Epoch 36/100
782/782 - 2s - loss: 2.3471 - accuracy: 0.2983 - val_loss: 3.1571 - val_accuracy: 0.2655 - 2s/epoch - 3ms/step
Epoch 37/100
782/782 - 2s - loss: 2.3292 - accuracy: 0.2989 - val_loss: 3.1842 - val_accuracy: 0.2635 - 2s/epoch - 3ms/step
Epoch 38/100
782/782 - 2s - loss: 2.3044 - accuracy: 0.3045 - val_loss: 3.1794 - val_accuracy: 0.2651 - 2s/epoch - 3ms/step
Epoch 39/100
782/782 - 2s - loss: 2.2923 - accuracy: 0.3083 - val_loss: 3.2056 - val_accuracy: 0.2618 - 2s/epoch - 3ms/step
Epoch 40/100
782/782 - 2s - loss: 2.2669 - accuracy: 0.3127 - val_loss: 3.2287 - val_accuracy: 0.2581 - 2s/epoch - 3ms/step
Epoch 41/100
782/782 - 2s - loss: 2.2636 - accuracy: 0.3171 - val_loss: 3.2199 - val_accuracy: 0.2646 - 2s/epoch - 3ms/step
Epoch 42/100
782/782 - 2s - loss: 2.2405 - accuracy: 0.3194 - val_loss: 3.2366 - val_accuracy: 0.2608 - 2s/epoch - 3ms/step
Epoch 43/100
782/782 - 2s - loss: 2.2223 - accuracy: 0.3195 - val_loss: 3.2156 - val_accuracy: 0.2644 - 2s/epoch - 3ms/step
Epoch 44/100
782/782 - 2s - loss: 2.2093 - accuracy: 0.3224 - val_loss: 3.2668 - val_accuracy: 0.2649 - 2s/epoch - 3ms/step
Epoch 45/100
782/782 - 2s - loss: 2.2034 - accuracy: 0.3273 - val_loss: 3.3080 - val_accuracy: 0.2630 - 2s/epoch - 3ms/step
Epoch 46/100
782/782 - 2s - loss: 2.1842 - accuracy: 0.3333 - val_loss: 3.2620 - val_accuracy: 0.2646 - 2s/epoch - 3ms/step
Epoch 47/100
782/782 - 2s - loss: 2.1628 - accuracy: 0.3307 - val_loss: 3.3138 - val_accuracy: 0.2630 - 2s/epoch - 3ms/step
Epoch 48/100
782/782 - 2s - loss: 2.1531 - accuracy: 0.3345 - val_loss: 3.3147 - val_accuracy: 0.2672 - 2s/epoch - 3ms/step
Epoch 49/100
782/782 - 2s - loss: 2.1433 - accuracy: 0.3377 - val_loss: 3.3404 - val_accuracy: 0.2680 - 2s/epoch - 3ms/step
Epoch 50/100
782/782 - 2s - loss: 2.1301 - accuracy: 0.3420 - val_loss: 3.3121 - val_accuracy: 0.2706 - 2s/epoch - 3ms/step
Epoch 51/100
782/782 - 2s - loss: 2.1117 - accuracy: 0.3446 - val_loss: 3.3382 - val_accuracy: 0.2656 - 2s/epoch - 3ms/step
Epoch 52/100
782/782 - 2s - loss: 2.1037 - accuracy: 0.3458 - val_loss: 3.3953 - val_accuracy: 0.2722 - 2s/epoch - 3ms/step
Epoch 53/100
782/782 - 2s - loss: 2.0976 - accuracy: 0.3454 - val_loss: 3.3805 - val_accuracy: 0.2637 - 2s/epoch - 3ms/step
Epoch 54/100
782/782 - 2s - loss: 2.0814 - accuracy: 0.3493 - val_loss: 3.3631 - val_accuracy: 0.2716 - 2s/epoch - 3ms/step
Epoch 55/100
782/782 - 2s - loss: 2.0795 - accuracy: 0.3516 - val_loss: 3.4257 - val_accuracy: 0.2657 - 2s/epoch - 3ms/step
Epoch 56/100
782/782 - 2s - loss: 2.0649 - accuracy: 0.3546 - val_loss: 3.3873 - val_accuracy: 0.2716 - 2s/epoch - 3ms/step
Epoch 57/100
782/782 - 2s - loss: 2.0492 - accuracy: 0.3577 - val_loss: 3.3830 - val_accuracy: 0.2684 - 2s/epoch - 3ms/step
Epoch 58/100
782/782 - 2s - loss: 2.0458 - accuracy: 0.3585 - val_loss: 3.3986 - val_accuracy: 0.2704 - 2s/epoch - 3ms/step
Epoch 59/100
782/782 - 2s - loss: 2.0339 - accuracy: 0.3597 - val_loss: 3.4632 - val_accuracy: 0.2706 - 2s/epoch - 3ms/step
Epoch 60/100
782/782 - 2s - loss: 2.0171 - accuracy: 0.3657 - val_loss: 3.4727 - val_accuracy: 0.2713 - 2s/epoch - 3ms/step
Epoch 61/100
782/782 - 2s - loss: 2.0103 - accuracy: 0.3653 - val_loss: 3.5056 - val_accuracy: 0.2725 - 2s/epoch - 3ms/step
Epoch 62/100
782/782 - 2s - loss: 2.0097 - accuracy: 0.3669 - val_loss: 3.4309 - val_accuracy: 0.2645 - 2s/epoch - 3ms/step
Epoch 63/100
782/782 - 2s - loss: 1.9992 - accuracy: 0.3687 - val_loss: 3.4959 - val_accuracy: 0.2656 - 2s/epoch - 3ms/step
Epoch 64/100
782/782 - 2s - loss: 1.9775 - accuracy: 0.3771 - val_loss: 3.5154 - val_accuracy: 0.2686 - 2s/epoch - 3ms/step
Epoch 65/100
782/782 - 2s - loss: 1.9767 - accuracy: 0.3730 - val_loss: 3.4906 - val_accuracy: 0.2655 - 2s/epoch - 3ms/step
Epoch 66/100
782/782 - 2s - loss: 1.9746 - accuracy: 0.3778 - val_loss: 3.5530 - val_accuracy: 0.2670 - 2s/epoch - 3ms/step
Epoch 67/100
782/782 - 2s - loss: 1.9612 - accuracy: 0.3790 - val_loss: 3.5315 - val_accuracy: 0.2710 - 2s/epoch - 3ms/step
Epoch 68/100
782/782 - 2s - loss: 1.9485 - accuracy: 0.3778 - val_loss: 3.5484 - val_accuracy: 0.2656 - 2s/epoch - 3ms/step
Epoch 69/100
782/782 - 2s - loss: 1.9447 - accuracy: 0.3815 - val_loss: 3.5481 - val_accuracy: 0.2698 - 2s/epoch - 3ms/step
Epoch 70/100
782/782 - 2s - loss: 1.9335 - accuracy: 0.3844 - val_loss: 3.5744 - val_accuracy: 0.2681 - 2s/epoch - 3ms/step
Epoch 71/100
782/782 - 2s - loss: 1.9356 - accuracy: 0.3802 - val_loss: 3.5497 - val_accuracy: 0.2684 - 2s/epoch - 3ms/step
Epoch 72/100
782/782 - 2s - loss: 1.9101 - accuracy: 0.3879 - val_loss: 3.6217 - val_accuracy: 0.2705 - 2s/epoch - 3ms/step
Epoch 73/100
782/782 - 2s - loss: 1.9116 - accuracy: 0.3875 - val_loss: 3.5883 - val_accuracy: 0.2718 - 2s/epoch - 3ms/step
Epoch 74/100
782/782 - 2s - loss: 1.9040 - accuracy: 0.3896 - val_loss: 3.5619 - val_accuracy: 0.2708 - 2s/epoch - 3ms/step
Epoch 75/100
782/782 - 2s - loss: 1.8903 - accuracy: 0.3942 - val_loss: 3.6118 - val_accuracy: 0.2752 - 2s/epoch - 3ms/step
Epoch 76/100
782/782 - 2s - loss: 1.8917 - accuracy: 0.3939 - val_loss: 3.6614 - val_accuracy: 0.2646 - 2s/epoch - 3ms/step
Epoch 77/100
782/782 - 2s - loss: 1.8892 - accuracy: 0.3939 - val_loss: 3.5880 - val_accuracy: 0.2677 - 2s/epoch - 3ms/step
Epoch 78/100
782/782 - 2s - loss: 1.8854 - accuracy: 0.3954 - val_loss: 3.6055 - val_accuracy: 0.2712 - 2s/epoch - 3ms/step
Epoch 79/100
782/782 - 2s - loss: 1.8733 - accuracy: 0.3985 - val_loss: 3.5818 - val_accuracy: 0.2701 - 2s/epoch - 3ms/step
Epoch 80/100
Restoring model weights from the end of the best epoch: 50.
782/782 - 2s - loss: 1.8599 - accuracy: 0.4015 - val_loss: 3.6556 - val_accuracy: 0.2689 - 2s/epoch - 3ms/step
Epoch 80: early stopping
313/313 - 0s - loss: 3.3121 - accuracy: 0.2706 - 415ms/epoch - 1ms/step

ACCURACY: 0.27059999108314514


SCORE: -0.42788775375820154

[92m | MODULE VALUES ---------------------------------------------  |
 [0m
FLOPS: 30766120
PARAMS: 309844.0
[92m 
 | -----------------------------------------------------------  |
 [0m

--- BANANAS ITERATION 24 / 1000 ---
Chosen point: {'num_neurons': 4, 'unit_c1': 3, 'unit_c2': 1, 'dr_f': 0.16790388750558222, 'learning_rate': 0.00018364024210942392, 'batch_size': 8, 'optimizer': 'Adamax', 'activation': 'elu', 'data_augmentation': True, 'reg_l2': False, 'skip_connection': False, 'new_fc_1': 23, 'new_fc_2': 0, 'new_fc_3': 2, 'new_fc_4': 28, 'new_fc_5': 15, 'new_fc_6': 21, 'new_fc_7': 20, 'new_fc_8': 31, 'new_fc_9': 16, 'new_fc_10': 25}
[94m
|  --> START TRAINING ITERATION 23[0m
[INFO] Flags -> DA: True, L2: False, Skip: False
Building model with input_shape=(32, 32, 3), pos_input_shape=None, layer_x_block=2
Model: "model"
_________________________________________________________________
 Layer (type)                Output Shape              Param #   
=================================================================
 input_2 (InputLayer)        [(None, 32, 32, 3)]       0         
                                                                 
 conv2d (Conv2D)             (None, 32, 32, 12)        336       
                                                                 
 activation (Activation)     (None, 32, 32, 12)        0         
                                                                 
 conv2d_1 (Conv2D)           (None, 32, 32, 12)        1308      
                                                                 
 activation_1 (Activation)   (None, 32, 32, 12)        0         
                                                                 
 max_pooling2d (MaxPooling2  (None, 16, 16, 12)        0         
 D)                                                              
                                                                 
 conv2d_2 (Conv2D)           (None, 16, 16, 4)         436       
                                                                 
 activation_2 (Activation)   (None, 16, 16, 4)         0         
                                                                 
 conv2d_3 (Conv2D)           (None, 16, 16, 4)         148       
                                                                 
 activation_3 (Activation)   (None, 16, 16, 4)         0         
                                                                 
 max_pooling2d_1 (MaxPoolin  (None, 8, 8, 4)           0         
 g2D)                                                            
                                                                 
 flatten (Flatten)           (None, 256)               0         
                                                                 
 dense (Dense)               (None, 92)                23644     
                                                                 
 activation_4 (Activation)   (None, 92)                0         
                                                                 
 dropout (Dropout)           (None, 92)                0         
                                                                 
 dense_1 (Dense)             (None, 8)                 744       
                                                                 
 activation_5 (Activation)   (None, 8)                 0         
                                                                 
 dropout_1 (Dropout)         (None, 8)                 0         
                                                                 
 dense_2 (Dense)             (None, 112)               1008      
                                                                 
 activation_6 (Activation)   (None, 112)               0         
                                                                 
 dropout_2 (Dropout)         (None, 112)               0         
                                                                 
 dense_3 (Dense)             (None, 60)                6780      
                                                                 
 activation_7 (Activation)   (None, 60)                0         
                                                                 
 dropout_3 (Dropout)         (None, 60)                0         
                                                                 
 dense_4 (Dense)             (None, 84)                5124      
                                                                 
 activation_8 (Activation)   (None, 84)                0         
                                                                 
 dropout_4 (Dropout)         (None, 84)                0         
                                                                 
 dense_5 (Dense)             (None, 80)                6800      
                                                                 
 activation_9 (Activation)   (None, 80)                0         
                                                                 
 dropout_5 (Dropout)         (None, 80)                0         
                                                                 
 dense_6 (Dense)             (None, 124)               10044     
                                                                 
 activation_10 (Activation)  (None, 124)               0         
                                                                 
 dropout_6 (Dropout)         (None, 124)               0         
                                                                 
 dense_7 (Dense)             (None, 64)                8000      
                                                                 
 activation_11 (Activation)  (None, 64)                0         
                                                                 
 dropout_7 (Dropout)         (None, 64)                0         
                                                                 
 dense_8 (Dense)             (None, 100)               6500      
                                                                 
 activation_12 (Activation)  (None, 100)               0         
                                                                 
 dropout_8 (Dropout)         (None, 100)               0         
                                                                 
 dense_9 (Dense)             (None, 100)               10100     
                                                                 
=================================================================
Total params: 80972 (316.30 KB)
Trainable params: 80972 (316.30 KB)
Non-trainable params: 0 (0.00 Byte)
_________________________________________________________________
Epoch 1/100
6250/6250 - 19s - loss: 4.4975 - accuracy: 0.0233 - val_loss: 4.2878 - val_accuracy: 0.0372 - 19s/epoch - 3ms/step
Epoch 2/100
6250/6250 - 19s - loss: 4.2984 - accuracy: 0.0391 - val_loss: 4.1469 - val_accuracy: 0.0614 - 19s/epoch - 3ms/step
Epoch 3/100
6250/6250 - 19s - loss: 4.2166 - accuracy: 0.0466 - val_loss: 4.0733 - val_accuracy: 0.0746 - 19s/epoch - 3ms/step
Epoch 4/100
6250/6250 - 19s - loss: 4.1606 - accuracy: 0.0526 - val_loss: 3.9929 - val_accuracy: 0.0826 - 19s/epoch - 3ms/step
Epoch 5/100
6250/6250 - 19s - loss: 4.0981 - accuracy: 0.0623 - val_loss: 3.9342 - val_accuracy: 0.0901 - 19s/epoch - 3ms/step
Epoch 6/100
6250/6250 - 19s - loss: 4.0567 - accuracy: 0.0657 - val_loss: 3.8680 - val_accuracy: 0.1021 - 19s/epoch - 3ms/step
Epoch 7/100
6250/6250 - 19s - loss: 4.0250 - accuracy: 0.0709 - val_loss: 3.8568 - val_accuracy: 0.1105 - 19s/epoch - 3ms/step
Epoch 8/100
6250/6250 - 19s - loss: 3.9925 - accuracy: 0.0742 - val_loss: 3.8072 - val_accuracy: 0.1143 - 19s/epoch - 3ms/step
Epoch 9/100
6250/6250 - 19s - loss: 3.9637 - accuracy: 0.0764 - val_loss: 3.7807 - val_accuracy: 0.1117 - 19s/epoch - 3ms/step
Epoch 10/100
6250/6250 - 19s - loss: 3.9441 - accuracy: 0.0802 - val_loss: 3.7466 - val_accuracy: 0.1182 - 19s/epoch - 3ms/step
Epoch 11/100
6250/6250 - 19s - loss: 3.9164 - accuracy: 0.0816 - val_loss: 3.7151 - val_accuracy: 0.1209 - 19s/epoch - 3ms/step
Epoch 12/100
6250/6250 - 19s - loss: 3.8990 - accuracy: 0.0827 - val_loss: 3.6867 - val_accuracy: 0.1264 - 19s/epoch - 3ms/step
Epoch 13/100
6250/6250 - 19s - loss: 3.8818 - accuracy: 0.0852 - val_loss: 3.6748 - val_accuracy: 0.1304 - 19s/epoch - 3ms/step
Epoch 14/100
6250/6250 - 18s - loss: 3.8654 - accuracy: 0.0874 - val_loss: 3.6500 - val_accuracy: 0.1363 - 18s/epoch - 3ms/step
Epoch 15/100
6250/6250 - 19s - loss: 3.8526 - accuracy: 0.0877 - val_loss: 3.6443 - val_accuracy: 0.1367 - 19s/epoch - 3ms/step
Epoch 16/100
6250/6250 - 19s - loss: 3.8345 - accuracy: 0.0886 - val_loss: 3.6190 - val_accuracy: 0.1371 - 19s/epoch - 3ms/step
Epoch 17/100
6250/6250 - 18s - loss: 3.8229 - accuracy: 0.0905 - val_loss: 3.6051 - val_accuracy: 0.1375 - 18s/epoch - 3ms/step
Epoch 18/100
6250/6250 - 18s - loss: 3.8115 - accuracy: 0.0941 - val_loss: 3.5804 - val_accuracy: 0.1427 - 18s/epoch - 3ms/step
Epoch 19/100
6250/6250 - 19s - loss: 3.8010 - accuracy: 0.0945 - val_loss: 3.5671 - val_accuracy: 0.1433 - 19s/epoch - 3ms/step
Epoch 20/100
6250/6250 - 18s - loss: 3.7905 - accuracy: 0.0978 - val_loss: 3.5589 - val_accuracy: 0.1452 - 18s/epoch - 3ms/step
Epoch 21/100
6250/6250 - 18s - loss: 3.7794 - accuracy: 0.0960 - val_loss: 3.5638 - val_accuracy: 0.1438 - 18s/epoch - 3ms/step
Epoch 22/100
6250/6250 - 19s - loss: 3.7681 - accuracy: 0.1003 - val_loss: 3.5427 - val_accuracy: 0.1441 - 19s/epoch - 3ms/step
Epoch 23/100
6250/6250 - 19s - loss: 3.7703 - accuracy: 0.0988 - val_loss: 3.5322 - val_accuracy: 0.1469 - 19s/epoch - 3ms/step
Epoch 24/100
6250/6250 - 18s - loss: 3.7561 - accuracy: 0.1006 - val_loss: 3.5341 - val_accuracy: 0.1472 - 18s/epoch - 3ms/step
Epoch 25/100
6250/6250 - 19s - loss: 3.7445 - accuracy: 0.1016 - val_loss: 3.5186 - val_accuracy: 0.1487 - 19s/epoch - 3ms/step
Epoch 26/100
6250/6250 - 18s - loss: 3.7442 - accuracy: 0.1022 - val_loss: 3.5152 - val_accuracy: 0.1484 - 18s/epoch - 3ms/step
Epoch 27/100
6250/6250 - 18s - loss: 3.7332 - accuracy: 0.1018 - val_loss: 3.4992 - val_accuracy: 0.1518 - 18s/epoch - 3ms/step
Epoch 28/100
6250/6250 - 18s - loss: 3.7237 - accuracy: 0.1053 - val_loss: 3.4814 - val_accuracy: 0.1534 - 18s/epoch - 3ms/step
Epoch 29/100
6250/6250 - 18s - loss: 3.7244 - accuracy: 0.1025 - val_loss: 3.4949 - val_accuracy: 0.1519 - 18s/epoch - 3ms/step
Epoch 30/100
6250/6250 - 18s - loss: 3.7180 - accuracy: 0.1054 - val_loss: 3.4815 - val_accuracy: 0.1529 - 18s/epoch - 3ms/step
Epoch 31/100
6250/6250 - 18s - loss: 3.7095 - accuracy: 0.1057 - val_loss: 3.4721 - val_accuracy: 0.1537 - 18s/epoch - 3ms/step
Epoch 32/100
6250/6250 - 18s - loss: 3.7073 - accuracy: 0.1077 - val_loss: 3.4638 - val_accuracy: 0.1582 - 18s/epoch - 3ms/step
Epoch 33/100
6250/6250 - 18s - loss: 3.6950 - accuracy: 0.1107 - val_loss: 3.4502 - val_accuracy: 0.1586 - 18s/epoch - 3ms/step
Epoch 34/100
6250/6250 - 18s - loss: 3.6943 - accuracy: 0.1066 - val_loss: 3.4499 - val_accuracy: 0.1592 - 18s/epoch - 3ms/step
Epoch 35/100
6250/6250 - 18s - loss: 3.6861 - accuracy: 0.1079 - val_loss: 3.4436 - val_accuracy: 0.1608 - 18s/epoch - 3ms/step
Epoch 36/100
6250/6250 - 18s - loss: 3.6756 - accuracy: 0.1111 - val_loss: 3.4434 - val_accuracy: 0.1617 - 18s/epoch - 3ms/step
Epoch 37/100
6250/6250 - 18s - loss: 3.6764 - accuracy: 0.1117 - val_loss: 3.4476 - val_accuracy: 0.1580 - 18s/epoch - 3ms/step
Epoch 38/100
6250/6250 - 19s - loss: 3.6726 - accuracy: 0.1097 - val_loss: 3.4355 - val_accuracy: 0.1606 - 19s/epoch - 3ms/step
Epoch 39/100
6250/6250 - 19s - loss: 3.6672 - accuracy: 0.1115 - val_loss: 3.4260 - val_accuracy: 0.1652 - 19s/epoch - 3ms/step
Epoch 40/100
6250/6250 - 19s - loss: 3.6579 - accuracy: 0.1119 - val_loss: 3.4250 - val_accuracy: 0.1584 - 19s/epoch - 3ms/step
Epoch 41/100
6250/6250 - 19s - loss: 3.6537 - accuracy: 0.1125 - val_loss: 3.4180 - val_accuracy: 0.1631 - 19s/epoch - 3ms/step
Epoch 42/100
6250/6250 - 19s - loss: 3.6489 - accuracy: 0.1146 - val_loss: 3.4096 - val_accuracy: 0.1651 - 19s/epoch - 3ms/step
Epoch 43/100
6250/6250 - 19s - loss: 3.6448 - accuracy: 0.1149 - val_loss: 3.4215 - val_accuracy: 0.1618 - 19s/epoch - 3ms/step
Epoch 44/100
6250/6250 - 19s - loss: 3.6402 - accuracy: 0.1154 - val_loss: 3.3932 - val_accuracy: 0.1684 - 19s/epoch - 3ms/step
Epoch 45/100
6250/6250 - 18s - loss: 3.6267 - accuracy: 0.1196 - val_loss: 3.3988 - val_accuracy: 0.1682 - 18s/epoch - 3ms/step
Epoch 46/100
6250/6250 - 18s - loss: 3.6247 - accuracy: 0.1184 - val_loss: 3.3806 - val_accuracy: 0.1687 - 18s/epoch - 3ms/step
Epoch 47/100
6250/6250 - 19s - loss: 3.6250 - accuracy: 0.1196 - val_loss: 3.3749 - val_accuracy: 0.1722 - 19s/epoch - 3ms/step
Epoch 48/100
6250/6250 - 18s - loss: 3.6190 - accuracy: 0.1203 - val_loss: 3.3679 - val_accuracy: 0.1722 - 18s/epoch - 3ms/step
Epoch 49/100
6250/6250 - 19s - loss: 3.6150 - accuracy: 0.1183 - val_loss: 3.3733 - val_accuracy: 0.1674 - 19s/epoch - 3ms/step
Epoch 50/100
6250/6250 - 18s - loss: 3.6146 - accuracy: 0.1209 - val_loss: 3.3616 - val_accuracy: 0.1720 - 18s/epoch - 3ms/step
Epoch 51/100
6250/6250 - 18s - loss: 3.6009 - accuracy: 0.1213 - val_loss: 3.3485 - val_accuracy: 0.1754 - 18s/epoch - 3ms/step
Epoch 52/100
6250/6250 - 19s - loss: 3.5978 - accuracy: 0.1215 - val_loss: 3.3427 - val_accuracy: 0.1727 - 19s/epoch - 3ms/step
Epoch 53/100
6250/6250 - 18s - loss: 3.5953 - accuracy: 0.1208 - val_loss: 3.3409 - val_accuracy: 0.1729 - 18s/epoch - 3ms/step
Epoch 54/100
6250/6250 - 18s - loss: 3.5923 - accuracy: 0.1213 - val_loss: 3.3386 - val_accuracy: 0.1737 - 18s/epoch - 3ms/step
Epoch 55/100
6250/6250 - 18s - loss: 3.5873 - accuracy: 0.1232 - val_loss: 3.3362 - val_accuracy: 0.1749 - 18s/epoch - 3ms/step
Epoch 56/100
6250/6250 - 18s - loss: 3.5838 - accuracy: 0.1247 - val_loss: 3.3279 - val_accuracy: 0.1769 - 18s/epoch - 3ms/step
Epoch 57/100
6250/6250 - 18s - loss: 3.5763 - accuracy: 0.1251 - val_loss: 3.3166 - val_accuracy: 0.1787 - 18s/epoch - 3ms/step
Epoch 58/100
6250/6250 - 18s - loss: 3.5704 - accuracy: 0.1237 - val_loss: 3.3367 - val_accuracy: 0.1776 - 18s/epoch - 3ms/step
Epoch 59/100
6250/6250 - 18s - loss: 3.5744 - accuracy: 0.1243 - val_loss: 3.3136 - val_accuracy: 0.1785 - 18s/epoch - 3ms/step
Epoch 60/100
6250/6250 - 18s - loss: 3.5648 - accuracy: 0.1267 - val_loss: 3.3307 - val_accuracy: 0.1753 - 18s/epoch - 3ms/step
Epoch 61/100
6250/6250 - 18s - loss: 3.5581 - accuracy: 0.1260 - val_loss: 3.2962 - val_accuracy: 0.1785 - 18s/epoch - 3ms/step
Epoch 62/100
6250/6250 - 18s - loss: 3.5544 - accuracy: 0.1278 - val_loss: 3.2981 - val_accuracy: 0.1852 - 18s/epoch - 3ms/step
Epoch 63/100
6250/6250 - 18s - loss: 3.5421 - accuracy: 0.1324 - val_loss: 3.2879 - val_accuracy: 0.1871 - 18s/epoch - 3ms/step
Epoch 64/100
6250/6250 - 18s - loss: 3.5453 - accuracy: 0.1288 - val_loss: 3.2805 - val_accuracy: 0.1846 - 18s/epoch - 3ms/step
Epoch 65/100
6250/6250 - 19s - loss: 3.5488 - accuracy: 0.1285 - val_loss: 3.2779 - val_accuracy: 0.1823 - 19s/epoch - 3ms/step
Epoch 66/100
6250/6250 - 18s - loss: 3.5478 - accuracy: 0.1284 - val_loss: 3.2756 - val_accuracy: 0.1850 - 18s/epoch - 3ms/step
Epoch 67/100
6250/6250 - 18s - loss: 3.5450 - accuracy: 0.1307 - val_loss: 3.2749 - val_accuracy: 0.1838 - 18s/epoch - 3ms/step
Epoch 68/100
6250/6250 - 18s - loss: 3.5349 - accuracy: 0.1308 - val_loss: 3.2796 - val_accuracy: 0.1901 - 18s/epoch - 3ms/step
Epoch 69/100
6250/6250 - 18s - loss: 3.5364 - accuracy: 0.1296 - val_loss: 3.2730 - val_accuracy: 0.1875 - 18s/epoch - 3ms/step
Epoch 70/100
6250/6250 - 18s - loss: 3.5311 - accuracy: 0.1336 - val_loss: 3.2592 - val_accuracy: 0.1892 - 18s/epoch - 3ms/step
Epoch 71/100
6250/6250 - 18s - loss: 3.5360 - accuracy: 0.1321 - val_loss: 3.2659 - val_accuracy: 0.1895 - 18s/epoch - 3ms/step
Epoch 72/100
6250/6250 - 18s - loss: 3.5306 - accuracy: 0.1331 - val_loss: 3.2645 - val_accuracy: 0.1891 - 18s/epoch - 3ms/step
Epoch 73/100
6250/6250 - 18s - loss: 3.5178 - accuracy: 0.1337 - val_loss: 3.2508 - val_accuracy: 0.1919 - 18s/epoch - 3ms/step
Epoch 74/100
6250/6250 - 18s - loss: 3.5232 - accuracy: 0.1348 - val_loss: 3.2595 - val_accuracy: 0.1892 - 18s/epoch - 3ms/step
Epoch 75/100
6250/6250 - 18s - loss: 3.5219 - accuracy: 0.1327 - val_loss: 3.2567 - val_accuracy: 0.1902 - 18s/epoch - 3ms/step
Epoch 76/100
6250/6250 - 18s - loss: 3.5183 - accuracy: 0.1343 - val_loss: 3.2691 - val_accuracy: 0.1865 - 18s/epoch - 3ms/step
Epoch 77/100
6250/6250 - 18s - loss: 3.5165 - accuracy: 0.1337 - val_loss: 3.2529 - val_accuracy: 0.1913 - 18s/epoch - 3ms/step
Epoch 78/100
6250/6250 - 18s - loss: 3.5121 - accuracy: 0.1356 - val_loss: 3.2373 - val_accuracy: 0.1906 - 18s/epoch - 3ms/step
Epoch 79/100
6250/6250 - 18s - loss: 3.5066 - accuracy: 0.1350 - val_loss: 3.2351 - val_accuracy: 0.1953 - 18s/epoch - 3ms/step
Epoch 80/100
6250/6250 - 18s - loss: 3.5061 - accuracy: 0.1348 - val_loss: 3.2369 - val_accuracy: 0.1936 - 18s/epoch - 3ms/step
Epoch 81/100
6250/6250 - 18s - loss: 3.5062 - accuracy: 0.1363 - val_loss: 3.2250 - val_accuracy: 0.1948 - 18s/epoch - 3ms/step
Epoch 82/100
6250/6250 - 18s - loss: 3.5001 - accuracy: 0.1387 - val_loss: 3.2220 - val_accuracy: 0.1991 - 18s/epoch - 3ms/step
Epoch 83/100
6250/6250 - 18s - loss: 3.5031 - accuracy: 0.1351 - val_loss: 3.2412 - val_accuracy: 0.1903 - 18s/epoch - 3ms/step
Epoch 84/100
6250/6250 - 18s - loss: 3.5068 - accuracy: 0.1363 - val_loss: 3.2287 - val_accuracy: 0.1969 - 18s/epoch - 3ms/step
Epoch 85/100
6250/6250 - 18s - loss: 3.4930 - accuracy: 0.1380 - val_loss: 3.2422 - val_accuracy: 0.1988 - 18s/epoch - 3ms/step
Epoch 86/100
6250/6250 - 18s - loss: 3.4909 - accuracy: 0.1399 - val_loss: 3.2163 - val_accuracy: 0.1965 - 18s/epoch - 3ms/step
Epoch 87/100
6250/6250 - 18s - loss: 3.4891 - accuracy: 0.1376 - val_loss: 3.2183 - val_accuracy: 0.1985 - 18s/epoch - 3ms/step
Epoch 88/100
6250/6250 - 18s - loss: 3.4945 - accuracy: 0.1378 - val_loss: 3.2161 - val_accuracy: 0.2018 - 18s/epoch - 3ms/step
Epoch 89/100
6250/6250 - 18s - loss: 3.4845 - accuracy: 0.1382 - val_loss: 3.2121 - val_accuracy: 0.1966 - 18s/epoch - 3ms/step
Epoch 90/100
6250/6250 - 18s - loss: 3.4866 - accuracy: 0.1394 - val_loss: 3.2166 - val_accuracy: 0.1960 - 18s/epoch - 3ms/step
Epoch 91/100
6250/6250 - 18s - loss: 3.4876 - accuracy: 0.1389 - val_loss: 3.2137 - val_accuracy: 0.2012 - 18s/epoch - 3ms/step
Epoch 92/100
6250/6250 - 18s - loss: 3.4881 - accuracy: 0.1395 - val_loss: 3.2167 - val_accuracy: 0.1985 - 18s/epoch - 3ms/step
Epoch 93/100
6250/6250 - 18s - loss: 3.4808 - accuracy: 0.1414 - val_loss: 3.2055 - val_accuracy: 0.1987 - 18s/epoch - 3ms/step
Epoch 94/100
6250/6250 - 18s - loss: 3.4820 - accuracy: 0.1384 - val_loss: 3.2118 - val_accuracy: 0.1991 - 18s/epoch - 3ms/step
Epoch 95/100
6250/6250 - 18s - loss: 3.4788 - accuracy: 0.1415 - val_loss: 3.2044 - val_accuracy: 0.2010 - 18s/epoch - 3ms/step
Epoch 96/100
6250/6250 - 18s - loss: 3.4798 - accuracy: 0.1404 - val_loss: 3.1918 - val_accuracy: 0.1981 - 18s/epoch - 3ms/step
Epoch 97/100
6250/6250 - 18s - loss: 3.4816 - accuracy: 0.1405 - val_loss: 3.2059 - val_accuracy: 0.2008 - 18s/epoch - 3ms/step
Epoch 98/100
6250/6250 - 18s - loss: 3.4728 - accuracy: 0.1426 - val_loss: 3.1972 - val_accuracy: 0.1994 - 18s/epoch - 3ms/step
Epoch 99/100
6250/6250 - 18s - loss: 3.4673 - accuracy: 0.1425 - val_loss: 3.1972 - val_accuracy: 0.1966 - 18s/epoch - 3ms/step
Epoch 100/100
6250/6250 - 18s - loss: 3.4733 - accuracy: 0.1421 - val_loss: 3.2047 - val_accuracy: 0.1981 - 18s/epoch - 3ms/step
313/313 - 1s - loss: 3.2046 - accuracy: 0.1982 - 593ms/epoch - 2ms/step

ACCURACY: 0.19820000231266022


SCORE: -0.43112045761886214

[92m | MODULE VALUES ---------------------------------------------  |
 [0m
FLOPS: 3809772
PARAMS: 80972.0
[92m 
 | -----------------------------------------------------------  |
 [0m

--- BANANAS ITERATION 25 / 1000 ---
Chosen point: {'num_neurons': 8, 'unit_c1': 1, 'unit_c2': 6, 'dr_f': 0.4791828281273829, 'learning_rate': 0.0001491481158130374, 'batch_size': 64, 'optimizer': 'Adam', 'activation': 'selu', 'data_augmentation': False, 'reg_l2': False, 'skip_connection': False, 'new_fc_1': 10, 'new_fc_2': 5, 'new_fc_3': 9, 'new_fc_4': 1, 'new_fc_5': 12, 'new_fc_6': 7, 'new_fc_7': 23, 'new_fc_8': 31, 'new_fc_9': 11, 'new_fc_10': 8}
[94m
|  --> START TRAINING ITERATION 24[0m
[INFO] Flags -> DA: False, L2: False, Skip: False
Building model with input_shape=(32, 32, 3), pos_input_shape=None, layer_x_block=2
Model: "model"
_________________________________________________________________
 Layer (type)                Output Shape              Param #   
=================================================================
 input_1 (InputLayer)        [(None, 32, 32, 3)]       0         
                                                                 
 conv2d (Conv2D)             (None, 32, 32, 8)         224       
                                                                 
 activation (Activation)     (None, 32, 32, 8)         0         
                                                                 
 conv2d_1 (Conv2D)           (None, 32, 32, 8)         584       
                                                                 
 activation_1 (Activation)   (None, 32, 32, 8)         0         
                                                                 
 max_pooling2d (MaxPooling2  (None, 16, 16, 8)         0         
 D)                                                              
                                                                 
 conv2d_2 (Conv2D)           (None, 16, 16, 48)        3504      
                                                                 
 activation_2 (Activation)   (None, 16, 16, 48)        0         
                                                                 
 conv2d_3 (Conv2D)           (None, 16, 16, 48)        20784     
                                                                 
 activation_3 (Activation)   (None, 16, 16, 48)        0         
                                                                 
 max_pooling2d_1 (MaxPoolin  (None, 8, 8, 48)          0         
 g2D)                                                            
                                                                 
 flatten (Flatten)           (None, 3072)              0         
                                                                 
 dense (Dense)               (None, 80)                245840    
                                                                 
 activation_4 (Activation)   (None, 80)                0         
                                                                 
 dropout (Dropout)           (None, 80)                0         
                                                                 
 dense_1 (Dense)             (None, 40)                3240      
                                                                 
 activation_5 (Activation)   (None, 40)                0         
                                                                 
 dropout_1 (Dropout)         (None, 40)                0         
                                                                 
 dense_2 (Dense)             (None, 72)                2952      
                                                                 
 activation_6 (Activation)   (None, 72)                0         
                                                                 
 dropout_2 (Dropout)         (None, 72)                0         
                                                                 
 dense_3 (Dense)             (None, 8)                 584       
                                                                 
 activation_7 (Activation)   (None, 8)                 0         
                                                                 
 dropout_3 (Dropout)         (None, 8)                 0         
                                                                 
 dense_4 (Dense)             (None, 96)                864       
                                                                 
 activation_8 (Activation)   (None, 96)                0         
                                                                 
 dropout_4 (Dropout)         (None, 96)                0         
                                                                 
 dense_5 (Dense)             (None, 56)                5432      
                                                                 
 activation_9 (Activation)   (None, 56)                0         
                                                                 
 dropout_5 (Dropout)         (None, 56)                0         
                                                                 
 dense_6 (Dense)             (None, 184)               10488     
                                                                 
 activation_10 (Activation)  (None, 184)               0         
                                                                 
 dropout_6 (Dropout)         (None, 184)               0         
                                                                 
 dense_7 (Dense)             (None, 248)               45880     
                                                                 
 activation_11 (Activation)  (None, 248)               0         
                                                                 
 dropout_7 (Dropout)         (None, 248)               0         
                                                                 
 dense_8 (Dense)             (None, 88)                21912     
                                                                 
 activation_12 (Activation)  (None, 88)                0         
                                                                 
 dropout_8 (Dropout)         (None, 88)                0         
                                                                 
 dense_9 (Dense)             (None, 64)                5696      
                                                                 
 activation_13 (Activation)  (None, 64)                0         
                                                                 
 dropout_9 (Dropout)         (None, 64)                0         
                                                                 
 dense_10 (Dense)            (None, 100)               6500      
                                                                 
=================================================================
Total params: 374484 (1.43 MB)
Trainable params: 374484 (1.43 MB)
Non-trainable params: 0 (0.00 Byte)
_________________________________________________________________
Epoch 1/100
782/782 - 4s - loss: 6.3304 - accuracy: 0.0105 - val_loss: 4.6434 - val_accuracy: 0.0105 - 4s/epoch - 5ms/step
Epoch 2/100
782/782 - 2s - loss: 5.2069 - accuracy: 0.0102 - val_loss: 4.6222 - val_accuracy: 0.0121 - 2s/epoch - 3ms/step
Epoch 3/100
782/782 - 2s - loss: 4.9205 - accuracy: 0.0106 - val_loss: 4.6094 - val_accuracy: 0.0136 - 2s/epoch - 3ms/step
Epoch 4/100
782/782 - 2s - loss: 4.7741 - accuracy: 0.0102 - val_loss: 4.6061 - val_accuracy: 0.0100 - 2s/epoch - 3ms/step
Epoch 5/100
782/782 - 2s - loss: 4.7054 - accuracy: 0.0100 - val_loss: 4.6058 - val_accuracy: 0.0100 - 2s/epoch - 3ms/step
Epoch 6/100
782/782 - 2s - loss: 4.6644 - accuracy: 0.0102 - val_loss: 4.6057 - val_accuracy: 0.0103 - 2s/epoch - 3ms/step
Epoch 7/100
782/782 - 2s - loss: 4.6454 - accuracy: 0.0097 - val_loss: 4.6056 - val_accuracy: 0.0092 - 2s/epoch - 3ms/step
Epoch 8/100
782/782 - 2s - loss: 4.6338 - accuracy: 0.0103 - val_loss: 4.6056 - val_accuracy: 0.0100 - 2s/epoch - 3ms/step
Epoch 9/100
782/782 - 2s - loss: 4.6266 - accuracy: 0.0102 - val_loss: 4.6056 - val_accuracy: 0.0100 - 2s/epoch - 3ms/step
Epoch 10/100
782/782 - 2s - loss: 4.6203 - accuracy: 0.0104 - val_loss: 4.6058 - val_accuracy: 0.0100 - 2s/epoch - 3ms/step
Epoch 11/100
782/782 - 2s - loss: 4.6168 - accuracy: 0.0105 - val_loss: 4.6059 - val_accuracy: 0.0100 - 2s/epoch - 3ms/step
Epoch 12/100
782/782 - 2s - loss: 4.6040 - accuracy: 0.0112 - val_loss: 4.5029 - val_accuracy: 0.0176 - 2s/epoch - 3ms/step
Epoch 13/100
782/782 - 2s - loss: 4.5327 - accuracy: 0.0178 - val_loss: 4.3814 - val_accuracy: 0.0196 - 2s/epoch - 3ms/step
Epoch 14/100
782/782 - 2s - loss: 4.4671 - accuracy: 0.0183 - val_loss: 4.3257 - val_accuracy: 0.0222 - 2s/epoch - 3ms/step
Epoch 15/100
782/782 - 2s - loss: 4.4141 - accuracy: 0.0222 - val_loss: 4.2956 - val_accuracy: 0.0252 - 2s/epoch - 3ms/step
Epoch 16/100
782/782 - 2s - loss: 4.3784 - accuracy: 0.0239 - val_loss: 4.2453 - val_accuracy: 0.0294 - 2s/epoch - 3ms/step
Epoch 17/100
782/782 - 2s - loss: 4.3487 - accuracy: 0.0242 - val_loss: 4.2314 - val_accuracy: 0.0301 - 2s/epoch - 3ms/step
Epoch 18/100
782/782 - 2s - loss: 4.3227 - accuracy: 0.0241 - val_loss: 4.2138 - val_accuracy: 0.0327 - 2s/epoch - 3ms/step
Epoch 19/100
782/782 - 2s - loss: 4.3079 - accuracy: 0.0257 - val_loss: 4.2165 - val_accuracy: 0.0347 - 2s/epoch - 3ms/step
Epoch 20/100
782/782 - 2s - loss: 4.2897 - accuracy: 0.0258 - val_loss: 4.1924 - val_accuracy: 0.0346 - 2s/epoch - 3ms/step
Epoch 21/100
782/782 - 2s - loss: 4.2763 - accuracy: 0.0255 - val_loss: 4.1950 - val_accuracy: 0.0343 - 2s/epoch - 3ms/step
Epoch 22/100
782/782 - 2s - loss: 4.2567 - accuracy: 0.0268 - val_loss: 4.1987 - val_accuracy: 0.0334 - 2s/epoch - 3ms/step
Epoch 23/100
782/782 - 2s - loss: 4.2458 - accuracy: 0.0274 - val_loss: 4.1828 - val_accuracy: 0.0337 - 2s/epoch - 3ms/step
Epoch 24/100
782/782 - 2s - loss: 4.2350 - accuracy: 0.0286 - val_loss: 4.1836 - val_accuracy: 0.0345 - 2s/epoch - 3ms/step
Epoch 25/100
782/782 - 2s - loss: 4.2240 - accuracy: 0.0287 - val_loss: 4.1701 - val_accuracy: 0.0344 - 2s/epoch - 3ms/step
Epoch 26/100
782/782 - 2s - loss: 4.2138 - accuracy: 0.0283 - val_loss: 4.1703 - val_accuracy: 0.0347 - 2s/epoch - 3ms/step
Epoch 27/100
782/782 - 2s - loss: 4.1999 - accuracy: 0.0291 - val_loss: 4.1641 - val_accuracy: 0.0342 - 2s/epoch - 3ms/step
Epoch 28/100
782/782 - 2s - loss: 4.1889 - accuracy: 0.0289 - val_loss: 4.1505 - val_accuracy: 0.0373 - 2s/epoch - 3ms/step
Epoch 29/100
782/782 - 2s - loss: 4.1778 - accuracy: 0.0302 - val_loss: 4.1448 - val_accuracy: 0.0405 - 2s/epoch - 3ms/step
Epoch 30/100
782/782 - 2s - loss: 4.1744 - accuracy: 0.0296 - val_loss: 4.1545 - val_accuracy: 0.0395 - 2s/epoch - 3ms/step
Epoch 31/100
782/782 - 2s - loss: 4.1591 - accuracy: 0.0317 - val_loss: 4.1326 - val_accuracy: 0.0378 - 2s/epoch - 3ms/step
Epoch 32/100
782/782 - 2s - loss: 4.1490 - accuracy: 0.0322 - val_loss: 4.1279 - val_accuracy: 0.0389 - 2s/epoch - 3ms/step
Epoch 33/100
782/782 - 2s - loss: 4.1412 - accuracy: 0.0326 - val_loss: 4.1233 - val_accuracy: 0.0392 - 2s/epoch - 3ms/step
Epoch 34/100
782/782 - 2s - loss: 4.1307 - accuracy: 0.0329 - val_loss: 4.1212 - val_accuracy: 0.0397 - 2s/epoch - 3ms/step
Epoch 35/100
782/782 - 2s - loss: 4.1232 - accuracy: 0.0336 - val_loss: 4.1164 - val_accuracy: 0.0430 - 2s/epoch - 3ms/step
Epoch 36/100
782/782 - 2s - loss: 4.1089 - accuracy: 0.0356 - val_loss: 4.1058 - val_accuracy: 0.0473 - 2s/epoch - 3ms/step
Epoch 37/100
782/782 - 2s - loss: 4.1001 - accuracy: 0.0351 - val_loss: 4.1389 - val_accuracy: 0.0461 - 2s/epoch - 3ms/step
Epoch 38/100
782/782 - 2s - loss: 4.0867 - accuracy: 0.0373 - val_loss: 4.1040 - val_accuracy: 0.0433 - 2s/epoch - 3ms/step
Epoch 39/100
782/782 - 2s - loss: 4.0844 - accuracy: 0.0361 - val_loss: 4.1091 - val_accuracy: 0.0467 - 2s/epoch - 3ms/step
Epoch 40/100
782/782 - 2s - loss: 4.0734 - accuracy: 0.0357 - val_loss: 4.0871 - val_accuracy: 0.0510 - 2s/epoch - 3ms/step
Epoch 41/100
782/782 - 2s - loss: 4.0677 - accuracy: 0.0381 - val_loss: 4.1052 - val_accuracy: 0.0484 - 2s/epoch - 3ms/step
Epoch 42/100
782/782 - 2s - loss: 4.0588 - accuracy: 0.0378 - val_loss: 4.1123 - val_accuracy: 0.0498 - 2s/epoch - 3ms/step
Epoch 43/100
782/782 - 2s - loss: 4.0514 - accuracy: 0.0381 - val_loss: 4.0821 - val_accuracy: 0.0497 - 2s/epoch - 3ms/step
Epoch 44/100
782/782 - 2s - loss: 4.0476 - accuracy: 0.0395 - val_loss: 4.0825 - val_accuracy: 0.0514 - 2s/epoch - 3ms/step
Epoch 45/100
782/782 - 2s - loss: 4.0371 - accuracy: 0.0395 - val_loss: 4.0912 - val_accuracy: 0.0533 - 2s/epoch - 3ms/step
Epoch 46/100
782/782 - 2s - loss: 4.0335 - accuracy: 0.0391 - val_loss: 4.0849 - val_accuracy: 0.0532 - 2s/epoch - 3ms/step
Epoch 47/100
782/782 - 2s - loss: 4.0189 - accuracy: 0.0424 - val_loss: 4.0799 - val_accuracy: 0.0524 - 2s/epoch - 3ms/step
Epoch 48/100
782/782 - 2s - loss: 4.0189 - accuracy: 0.0417 - val_loss: 4.1041 - val_accuracy: 0.0501 - 2s/epoch - 3ms/step
Epoch 49/100
782/782 - 2s - loss: 4.0105 - accuracy: 0.0412 - val_loss: 4.0661 - val_accuracy: 0.0559 - 2s/epoch - 3ms/step
Epoch 50/100
782/782 - 2s - loss: 4.0014 - accuracy: 0.0426 - val_loss: 4.0734 - val_accuracy: 0.0541 - 2s/epoch - 3ms/step
Epoch 51/100
782/782 - 2s - loss: 3.9984 - accuracy: 0.0440 - val_loss: 4.0757 - val_accuracy: 0.0524 - 2s/epoch - 3ms/step
Epoch 52/100
782/782 - 2s - loss: 3.9960 - accuracy: 0.0445 - val_loss: 4.0768 - val_accuracy: 0.0537 - 2s/epoch - 3ms/step
Epoch 53/100
782/782 - 2s - loss: 3.9837 - accuracy: 0.0449 - val_loss: 4.0853 - val_accuracy: 0.0514 - 2s/epoch - 3ms/step
Epoch 54/100
782/782 - 2s - loss: 3.9731 - accuracy: 0.0463 - val_loss: 4.0877 - val_accuracy: 0.0515 - 2s/epoch - 3ms/step
Epoch 55/100
782/782 - 2s - loss: 3.9688 - accuracy: 0.0468 - val_loss: 4.1570 - val_accuracy: 0.0475 - 2s/epoch - 3ms/step
Epoch 56/100
782/782 - 2s - loss: 3.9673 - accuracy: 0.0460 - val_loss: 4.0622 - val_accuracy: 0.0548 - 2s/epoch - 3ms/step
Epoch 57/100
782/782 - 2s - loss: 3.9624 - accuracy: 0.0458 - val_loss: 4.0737 - val_accuracy: 0.0559 - 2s/epoch - 3ms/step
Epoch 58/100
782/782 - 2s - loss: 3.9553 - accuracy: 0.0479 - val_loss: 4.0897 - val_accuracy: 0.0517 - 2s/epoch - 3ms/step
Epoch 59/100
782/782 - 2s - loss: 3.9461 - accuracy: 0.0470 - val_loss: 4.0696 - val_accuracy: 0.0577 - 2s/epoch - 3ms/step
Epoch 60/100
782/782 - 2s - loss: 3.9482 - accuracy: 0.0478 - val_loss: 4.0809 - val_accuracy: 0.0562 - 2s/epoch - 3ms/step
Epoch 61/100
782/782 - 2s - loss: 3.9368 - accuracy: 0.0474 - val_loss: 4.0828 - val_accuracy: 0.0537 - 2s/epoch - 3ms/step
Epoch 62/100
782/782 - 2s - loss: 3.9342 - accuracy: 0.0474 - val_loss: 4.0922 - val_accuracy: 0.0529 - 2s/epoch - 3ms/step
Epoch 63/100
782/782 - 2s - loss: 3.9280 - accuracy: 0.0476 - val_loss: 4.0834 - val_accuracy: 0.0513 - 2s/epoch - 3ms/step
Epoch 64/100
782/782 - 2s - loss: 3.9318 - accuracy: 0.0483 - val_loss: 4.0846 - val_accuracy: 0.0540 - 2s/epoch - 3ms/step
Epoch 65/100
782/782 - 2s - loss: 3.9241 - accuracy: 0.0476 - val_loss: 4.1158 - val_accuracy: 0.0545 - 2s/epoch - 3ms/step
Epoch 66/100
782/782 - 2s - loss: 3.9185 - accuracy: 0.0480 - val_loss: 4.0903 - val_accuracy: 0.0527 - 2s/epoch - 3ms/step
Epoch 67/100
782/782 - 2s - loss: 3.9149 - accuracy: 0.0506 - val_loss: 4.0723 - val_accuracy: 0.0567 - 2s/epoch - 3ms/step
Epoch 68/100
782/782 - 2s - loss: 3.9040 - accuracy: 0.0515 - val_loss: 4.0813 - val_accuracy: 0.0549 - 2s/epoch - 3ms/step
Epoch 69/100
782/782 - 2s - loss: 3.9088 - accuracy: 0.0486 - val_loss: 4.1082 - val_accuracy: 0.0578 - 2s/epoch - 3ms/step
Epoch 70/100
782/782 - 2s - loss: 3.9066 - accuracy: 0.0490 - val_loss: 4.0850 - val_accuracy: 0.0555 - 2s/epoch - 3ms/step
Epoch 71/100
782/782 - 2s - loss: 3.9048 - accuracy: 0.0493 - val_loss: 4.0792 - val_accuracy: 0.0587 - 2s/epoch - 3ms/step
Epoch 72/100
782/782 - 2s - loss: 3.8900 - accuracy: 0.0501 - val_loss: 4.0997 - val_accuracy: 0.0564 - 2s/epoch - 3ms/step
Epoch 73/100
782/782 - 2s - loss: 3.8877 - accuracy: 0.0519 - val_loss: 4.1132 - val_accuracy: 0.0533 - 2s/epoch - 3ms/step
Epoch 74/100
782/782 - 2s - loss: 3.8928 - accuracy: 0.0491 - val_loss: 4.0933 - val_accuracy: 0.0569 - 2s/epoch - 3ms/step
Epoch 75/100
782/782 - 2s - loss: 3.8878 - accuracy: 0.0505 - val_loss: 4.0998 - val_accuracy: 0.0563 - 2s/epoch - 3ms/step
Epoch 76/100
782/782 - 2s - loss: 3.8802 - accuracy: 0.0513 - val_loss: 4.0902 - val_accuracy: 0.0548 - 2s/epoch - 3ms/step
Epoch 77/100
782/782 - 2s - loss: 3.8785 - accuracy: 0.0521 - val_loss: 4.0847 - val_accuracy: 0.0552 - 2s/epoch - 3ms/step
Epoch 78/100
782/782 - 2s - loss: 3.8773 - accuracy: 0.0514 - val_loss: 4.0782 - val_accuracy: 0.0576 - 2s/epoch - 3ms/step
Epoch 79/100
782/782 - 2s - loss: 3.8700 - accuracy: 0.0529 - val_loss: 4.0966 - val_accuracy: 0.0567 - 2s/epoch - 3ms/step
Epoch 80/100
782/782 - 2s - loss: 3.8681 - accuracy: 0.0509 - val_loss: 4.0721 - val_accuracy: 0.0546 - 2s/epoch - 3ms/step
Epoch 81/100
782/782 - 2s - loss: 3.8638 - accuracy: 0.0515 - val_loss: 4.0769 - val_accuracy: 0.0555 - 2s/epoch - 3ms/step
Epoch 82/100
782/782 - 2s - loss: 3.8604 - accuracy: 0.0541 - val_loss: 4.0934 - val_accuracy: 0.0577 - 2s/epoch - 3ms/step
Epoch 83/100
782/782 - 2s - loss: 3.8675 - accuracy: 0.0521 - val_loss: 4.1082 - val_accuracy: 0.0586 - 2s/epoch - 3ms/step
Epoch 84/100
782/782 - 2s - loss: 3.8601 - accuracy: 0.0542 - val_loss: 4.0951 - val_accuracy: 0.0543 - 2s/epoch - 3ms/step
Epoch 85/100
782/782 - 2s - loss: 3.8511 - accuracy: 0.0511 - val_loss: 4.1067 - val_accuracy: 0.0556 - 2s/epoch - 3ms/step
Epoch 86/100
782/782 - 2s - loss: 3.8522 - accuracy: 0.0515 - val_loss: 4.0696 - val_accuracy: 0.0587 - 2s/epoch - 3ms/step
Epoch 87/100
782/782 - 2s - loss: 3.8497 - accuracy: 0.0532 - val_loss: 4.0899 - val_accuracy: 0.0572 - 2s/epoch - 3ms/step
Epoch 88/100
782/782 - 2s - loss: 3.8495 - accuracy: 0.0520 - val_loss: 4.1340 - val_accuracy: 0.0545 - 2s/epoch - 3ms/step
Epoch 89/100
782/782 - 2s - loss: 3.8386 - accuracy: 0.0529 - val_loss: 4.0828 - val_accuracy: 0.0551 - 2s/epoch - 3ms/step
Epoch 90/100
782/782 - 2s - loss: 3.8338 - accuracy: 0.0557 - val_loss: 4.0987 - val_accuracy: 0.0561 - 2s/epoch - 3ms/step
Epoch 91/100
782/782 - 2s - loss: 3.8455 - accuracy: 0.0524 - val_loss: 4.0813 - val_accuracy: 0.0589 - 2s/epoch - 3ms/step
Epoch 92/100
782/782 - 2s - loss: 3.8367 - accuracy: 0.0538 - val_loss: 4.1110 - val_accuracy: 0.0607 - 2s/epoch - 3ms/step
Epoch 93/100
782/782 - 2s - loss: 3.8346 - accuracy: 0.0543 - val_loss: 4.1121 - val_accuracy: 0.0569 - 2s/epoch - 3ms/step
Epoch 94/100
782/782 - 2s - loss: 3.8245 - accuracy: 0.0536 - val_loss: 4.0825 - val_accuracy: 0.0598 - 2s/epoch - 3ms/step
Epoch 95/100
782/782 - 2s - loss: 3.8319 - accuracy: 0.0547 - val_loss: 4.1128 - val_accuracy: 0.0576 - 2s/epoch - 3ms/step
Epoch 96/100
782/782 - 2s - loss: 3.8218 - accuracy: 0.0556 - val_loss: 4.0876 - val_accuracy: 0.0567 - 2s/epoch - 3ms/step
Epoch 97/100
782/782 - 2s - loss: 3.8211 - accuracy: 0.0535 - val_loss: 4.1152 - val_accuracy: 0.0556 - 2s/epoch - 3ms/step
Epoch 98/100
782/782 - 2s - loss: 3.8250 - accuracy: 0.0543 - val_loss: 4.1123 - val_accuracy: 0.0556 - 2s/epoch - 3ms/step
Epoch 99/100
782/782 - 2s - loss: 3.8210 - accuracy: 0.0545 - val_loss: 4.1210 - val_accuracy: 0.0557 - 2s/epoch - 3ms/step
Epoch 100/100
782/782 - 2s - loss: 3.8182 - accuracy: 0.0553 - val_loss: 4.0866 - val_accuracy: 0.0616 - 2s/epoch - 3ms/step
313/313 - 0s - loss: 4.0865 - accuracy: 0.0616 - 459ms/epoch - 1ms/step

ACCURACY: 0.06159999966621399


SCORE: -0.31358399976634976

[92m | MODULE VALUES ---------------------------------------------  |
 [0m
FLOPS: 14768000
PARAMS: 374484.0
[92m 
 | -----------------------------------------------------------  |
 [0m

BANANAS BASELINE FINISHED
TOTAL TIME --------> 8355.50 seconds
BEST SCORE --------> -0.48046242602523037
HISTORY -----------> results_BANANAS_controller/bananas_cifar100_seed7_e1000_ep100/algorithm_logs/bananas_history.csv
Completed after chunk: 25/1000
