[exp_config] Created config.yaml at: /hpc/home/fresca/EDGE-DNNTuner/results_BANANAS/bananas_cifar10_seed96/config.yaml
50000 train samples
10000 test samples
Initialized NeuralNetwork with dataset. ROI mode: False
FLOPS module weight: 0.3

STARTING BANANAS BASELINE


--- BANANAS ITERATION 1 / 1000 ---
Chosen point: {'num_neurons': 8, 'unit_c1': 3, 'unit_c2': 5, 'dr_f': 0.4141006253868248, 'learning_rate': 0.0009134924272615968, 'batch_size': 32, 'optimizer': 'Adam', 'activation': 'relu', 'data_augmentation': True, 'reg_l2': True, 'skip_connection': False, 'new_fc_1': 17, 'new_fc_2': 3, 'new_fc_3': 26, 'new_fc_4': 15, 'new_fc_5': 24, 'new_fc_6': 20, 'new_fc_7': 21, 'new_fc_8': 12, 'new_fc_9': 8, 'new_fc_10': 1}
[94m
|  --> START TRAINING ITERATION 0[0m
[INFO] Flags -> DA: True, L2: True, Skip: False
Building model with input_shape=(32, 32, 3), pos_input_shape=None, layer_x_block=2
Model: "model"
_________________________________________________________________
 Layer (type)                Output Shape              Param #   
=================================================================
 input_2 (InputLayer)        [(None, 32, 32, 3)]       0         
                                                                 
 conv2d (Conv2D)             (None, 32, 32, 24)        672       
                                                                 
 activation (Activation)     (None, 32, 32, 24)        0         
                                                                 
 conv2d_1 (Conv2D)           (None, 32, 32, 24)        5208      
                                                                 
 activation_1 (Activation)   (None, 32, 32, 24)        0         
                                                                 
 max_pooling2d (MaxPooling2  (None, 16, 16, 24)        0         
 D)                                                              
                                                                 
 conv2d_2 (Conv2D)           (None, 16, 16, 40)        8680      
                                                                 
 activation_2 (Activation)   (None, 16, 16, 40)        0         
                                                                 
 conv2d_3 (Conv2D)           (None, 16, 16, 40)        14440     
                                                                 
 activation_3 (Activation)   (None, 16, 16, 40)        0         
                                                                 
 max_pooling2d_1 (MaxPoolin  (None, 8, 8, 40)          0         
 g2D)                                                            
                                                                 
 flatten (Flatten)           (None, 2560)              0         
                                                                 
 dense (Dense)               (None, 136)               348296    
                                                                 
 activation_4 (Activation)   (None, 136)               0         
                                                                 
 dropout (Dropout)           (None, 136)               0         
                                                                 
 dense_1 (Dense)             (None, 24)                3288      
                                                                 
 activation_5 (Activation)   (None, 24)                0         
                                                                 
 dropout_1 (Dropout)         (None, 24)                0         
                                                                 
 dense_2 (Dense)             (None, 208)               5200      
                                                                 
 activation_6 (Activation)   (None, 208)               0         
                                                                 
 dropout_2 (Dropout)         (None, 208)               0         
                                                                 
 dense_3 (Dense)             (None, 120)               25080     
                                                                 
 activation_7 (Activation)   (None, 120)               0         
                                                                 
 dropout_3 (Dropout)         (None, 120)               0         
                                                                 
 dense_4 (Dense)             (None, 192)               23232     
                                                                 
 activation_8 (Activation)   (None, 192)               0         
                                                                 
 dropout_4 (Dropout)         (None, 192)               0         
                                                                 
 dense_5 (Dense)             (None, 160)               30880     
                                                                 
 activation_9 (Activation)   (None, 160)               0         
                                                                 
 dropout_5 (Dropout)         (None, 160)               0         
                                                                 
 dense_6 (Dense)             (None, 168)               27048     
                                                                 
 activation_10 (Activation)  (None, 168)               0         
                                                                 
 dropout_6 (Dropout)         (None, 168)               0         
                                                                 
 dense_7 (Dense)             (None, 96)                16224     
                                                                 
 activation_11 (Activation)  (None, 96)                0         
                                                                 
 dropout_7 (Dropout)         (None, 96)                0         
                                                                 
 dense_8 (Dense)             (None, 64)                6208      
                                                                 
 activation_12 (Activation)  (None, 64)                0         
                                                                 
 dropout_8 (Dropout)         (None, 64)                0         
                                                                 
 dense_9 (Dense)             (None, 8)                 520       
                                                                 
 activation_13 (Activation)  (None, 8)                 0         
                                                                 
 dropout_9 (Dropout)         (None, 8)                 0         
                                                                 
 dense_10 (Dense)            (None, 10)                90        
                                                                 
=================================================================
Total params: 515066 (1.96 MB)
Trainable params: 515066 (1.96 MB)
Non-trainable params: 0 (0.00 Byte)
_________________________________________________________________
Epoch 1/100
1563/1563 - 17s - loss: 2.6881 - accuracy: 0.0992 - val_loss: 2.3026 - val_accuracy: 0.1000 - 17s/epoch - 11ms/step
Epoch 2/100
1563/1563 - 6s - loss: 2.3028 - accuracy: 0.0985 - val_loss: 2.3026 - val_accuracy: 0.1000 - 6s/epoch - 4ms/step
Epoch 3/100
1563/1563 - 6s - loss: 2.3027 - accuracy: 0.0991 - val_loss: 2.3027 - val_accuracy: 0.1000 - 6s/epoch - 4ms/step
Epoch 4/100
1563/1563 - 6s - loss: 2.3028 - accuracy: 0.0972 - val_loss: 2.3026 - val_accuracy: 0.1000 - 6s/epoch - 4ms/step
Epoch 5/100
1563/1563 - 6s - loss: 2.3028 - accuracy: 0.0986 - val_loss: 2.3026 - val_accuracy: 0.1000 - 6s/epoch - 4ms/step
Epoch 6/100
1563/1563 - 6s - loss: 2.3028 - accuracy: 0.0981 - val_loss: 2.3026 - val_accuracy: 0.1000 - 6s/epoch - 4ms/step
Epoch 7/100
1563/1563 - 6s - loss: 2.3028 - accuracy: 0.1003 - val_loss: 2.3026 - val_accuracy: 0.1000 - 6s/epoch - 4ms/step
Epoch 8/100
1563/1563 - 6s - loss: 2.3028 - accuracy: 0.0985 - val_loss: 2.3026 - val_accuracy: 0.1000 - 6s/epoch - 4ms/step
Epoch 9/100
1563/1563 - 6s - loss: 2.3027 - accuracy: 0.0990 - val_loss: 2.3027 - val_accuracy: 0.1000 - 6s/epoch - 4ms/step
Epoch 10/100
1563/1563 - 6s - loss: 2.3027 - accuracy: 0.0998 - val_loss: 2.3027 - val_accuracy: 0.1000 - 6s/epoch - 4ms/step
Epoch 11/100
1563/1563 - 6s - loss: 2.3028 - accuracy: 0.0983 - val_loss: 2.3026 - val_accuracy: 0.1000 - 6s/epoch - 4ms/step
Epoch 12/100
1563/1563 - 6s - loss: 2.3028 - accuracy: 0.0995 - val_loss: 2.3026 - val_accuracy: 0.1000 - 6s/epoch - 4ms/step
Epoch 13/100
1563/1563 - 6s - loss: 2.3027 - accuracy: 0.0986 - val_loss: 2.3026 - val_accuracy: 0.1000 - 6s/epoch - 4ms/step
Epoch 14/100
1563/1563 - 6s - loss: 2.3028 - accuracy: 0.0979 - val_loss: 2.3026 - val_accuracy: 0.1000 - 6s/epoch - 4ms/step
Epoch 15/100
1563/1563 - 6s - loss: 2.3028 - accuracy: 0.0986 - val_loss: 2.3026 - val_accuracy: 0.1000 - 6s/epoch - 4ms/step
Epoch 16/100
1563/1563 - 6s - loss: 2.3028 - accuracy: 0.0979 - val_loss: 2.3026 - val_accuracy: 0.1000 - 6s/epoch - 4ms/step
Epoch 17/100
1563/1563 - 6s - loss: 2.3028 - accuracy: 0.0988 - val_loss: 2.3026 - val_accuracy: 0.1000 - 6s/epoch - 4ms/step
Epoch 18/100
1563/1563 - 6s - loss: 2.3028 - accuracy: 0.0999 - val_loss: 2.3026 - val_accuracy: 0.1000 - 6s/epoch - 4ms/step
Epoch 19/100
1563/1563 - 6s - loss: 2.3028 - accuracy: 0.0994 - val_loss: 2.3026 - val_accuracy: 0.1000 - 6s/epoch - 4ms/step
Epoch 20/100
1563/1563 - 6s - loss: 2.3028 - accuracy: 0.0986 - val_loss: 2.3026 - val_accuracy: 0.1000 - 6s/epoch - 4ms/step
Epoch 21/100
1563/1563 - 6s - loss: 2.3028 - accuracy: 0.0984 - val_loss: 2.3026 - val_accuracy: 0.1000 - 6s/epoch - 4ms/step
Epoch 22/100
1563/1563 - 6s - loss: 2.3028 - accuracy: 0.0990 - val_loss: 2.3026 - val_accuracy: 0.1000 - 6s/epoch - 4ms/step
Epoch 23/100
1563/1563 - 6s - loss: 2.3028 - accuracy: 0.0979 - val_loss: 2.3026 - val_accuracy: 0.1000 - 6s/epoch - 4ms/step
Epoch 24/100
1563/1563 - 6s - loss: 2.3028 - accuracy: 0.0987 - val_loss: 2.3026 - val_accuracy: 0.1000 - 6s/epoch - 4ms/step
Epoch 25/100
1563/1563 - 6s - loss: 2.3028 - accuracy: 0.0981 - val_loss: 2.3026 - val_accuracy: 0.1000 - 6s/epoch - 4ms/step
Epoch 26/100
1563/1563 - 6s - loss: 2.3027 - accuracy: 0.0977 - val_loss: 2.3026 - val_accuracy: 0.1000 - 6s/epoch - 4ms/step
Epoch 27/100
1563/1563 - 6s - loss: 2.3028 - accuracy: 0.0959 - val_loss: 2.3026 - val_accuracy: 0.1000 - 6s/epoch - 4ms/step
Epoch 28/100
1563/1563 - 6s - loss: 2.3027 - accuracy: 0.0992 - val_loss: 2.3027 - val_accuracy: 0.1000 - 6s/epoch - 4ms/step
Epoch 29/100
1563/1563 - 6s - loss: 2.3028 - accuracy: 0.0982 - val_loss: 2.3026 - val_accuracy: 0.1000 - 6s/epoch - 4ms/step
Epoch 30/100
1563/1563 - 6s - loss: 2.3027 - accuracy: 0.0988 - val_loss: 2.3027 - val_accuracy: 0.1000 - 6s/epoch - 4ms/step
Epoch 31/100
Restoring model weights from the end of the best epoch: 1.
1563/1563 - 6s - loss: 2.3028 - accuracy: 0.0976 - val_loss: 2.3026 - val_accuracy: 0.1000 - 6s/epoch - 4ms/step
Epoch 31: early stopping
313/313 - 1s - loss: 2.3026 - accuracy: 0.1000 - 559ms/epoch - 2ms/step

ACCURACY: 0.10000000149011612


SCORE: -0.3203682810430813

[92m | MODULE VALUES ---------------------------------------------  |
 [0m
FLOPS: 24815860
PARAMS: 515066.0
[92m 
 | -----------------------------------------------------------  |
 [0m
[INFO] New Best Score: -0.3204 (Previous: 10000000000.0000)

--- BANANAS ITERATION 2 / 1000 ---
Chosen point: {'num_neurons': 8, 'unit_c1': 3, 'unit_c2': 3, 'dr_f': 0.400985795416245, 'learning_rate': 0.00015249667767705207, 'batch_size': 64, 'optimizer': 'Adam', 'activation': 'selu', 'data_augmentation': False, 'reg_l2': True, 'skip_connection': False, 'new_fc_1': 31, 'new_fc_2': 15, 'new_fc_3': 7, 'new_fc_4': 29, 'new_fc_5': 11, 'new_fc_6': 25, 'new_fc_7': 26, 'new_fc_8': 31, 'new_fc_9': 31, 'new_fc_10': 24}
[94m
|  --> START TRAINING ITERATION 1[0m
[INFO] Flags -> DA: False, L2: True, Skip: False
Building model with input_shape=(32, 32, 3), pos_input_shape=None, layer_x_block=2
Model: "model"
_________________________________________________________________
 Layer (type)                Output Shape              Param #   
=================================================================
 input_1 (InputLayer)        [(None, 32, 32, 3)]       0         
                                                                 
 conv2d (Conv2D)             (None, 32, 32, 24)        672       
                                                                 
 activation (Activation)     (None, 32, 32, 24)        0         
                                                                 
 conv2d_1 (Conv2D)           (None, 32, 32, 24)        5208      
                                                                 
 activation_1 (Activation)   (None, 32, 32, 24)        0         
                                                                 
 max_pooling2d (MaxPooling2  (None, 16, 16, 24)        0         
 D)                                                              
                                                                 
 conv2d_2 (Conv2D)           (None, 16, 16, 24)        5208      
                                                                 
 activation_2 (Activation)   (None, 16, 16, 24)        0         
                                                                 
 conv2d_3 (Conv2D)           (None, 16, 16, 24)        5208      
                                                                 
 activation_3 (Activation)   (None, 16, 16, 24)        0         
                                                                 
 max_pooling2d_1 (MaxPoolin  (None, 8, 8, 24)          0         
 g2D)                                                            
                                                                 
 flatten (Flatten)           (None, 1536)              0         
                                                                 
 dense (Dense)               (None, 248)               381176    
                                                                 
 activation_4 (Activation)   (None, 248)               0         
                                                                 
 dropout (Dropout)           (None, 248)               0         
                                                                 
 dense_1 (Dense)             (None, 120)               29880     
                                                                 
 activation_5 (Activation)   (None, 120)               0         
                                                                 
 dropout_1 (Dropout)         (None, 120)               0         
                                                                 
 dense_2 (Dense)             (None, 56)                6776      
                                                                 
 activation_6 (Activation)   (None, 56)                0         
                                                                 
 dropout_2 (Dropout)         (None, 56)                0         
                                                                 
 dense_3 (Dense)             (None, 232)               13224     
                                                                 
 activation_7 (Activation)   (None, 232)               0         
                                                                 
 dropout_3 (Dropout)         (None, 232)               0         
                                                                 
 dense_4 (Dense)             (None, 88)                20504     
                                                                 
 activation_8 (Activation)   (None, 88)                0         
                                                                 
 dropout_4 (Dropout)         (None, 88)                0         
                                                                 
 dense_5 (Dense)             (None, 200)               17800     
                                                                 
 activation_9 (Activation)   (None, 200)               0         
                                                                 
 dropout_5 (Dropout)         (None, 200)               0         
                                                                 
 dense_6 (Dense)             (None, 208)               41808     
                                                                 
 activation_10 (Activation)  (None, 208)               0         
                                                                 
 dropout_6 (Dropout)         (None, 208)               0         
                                                                 
 dense_7 (Dense)             (None, 248)               51832     
                                                                 
 activation_11 (Activation)  (None, 248)               0         
                                                                 
 dropout_7 (Dropout)         (None, 248)               0         
                                                                 
 dense_8 (Dense)             (None, 248)               61752     
                                                                 
 activation_12 (Activation)  (None, 248)               0         
                                                                 
 dropout_8 (Dropout)         (None, 248)               0         
                                                                 
 dense_9 (Dense)             (None, 192)               47808     
                                                                 
 activation_13 (Activation)  (None, 192)               0         
                                                                 
 dropout_9 (Dropout)         (None, 192)               0         
                                                                 
 dense_10 (Dense)            (None, 10)                1930      
                                                                 
=================================================================
Total params: 690786 (2.64 MB)
Trainable params: 690786 (2.64 MB)
Non-trainable params: 0 (0.00 Byte)
_________________________________________________________________
Epoch 1/100
782/782 - 7s - loss: 21.9862 - accuracy: 0.1187 - val_loss: 18.5788 - val_accuracy: 0.2260 - 7s/epoch - 8ms/step
Epoch 2/100
782/782 - 4s - loss: 17.0289 - accuracy: 0.1902 - val_loss: 14.5625 - val_accuracy: 0.3017 - 4s/epoch - 5ms/step
Epoch 3/100
782/782 - 4s - loss: 12.8599 - accuracy: 0.2417 - val_loss: 10.7605 - val_accuracy: 0.3046 - 4s/epoch - 5ms/step
Epoch 4/100
782/782 - 4s - loss: 9.1377 - accuracy: 0.2763 - val_loss: 7.4123 - val_accuracy: 0.3299 - 4s/epoch - 5ms/step
Epoch 5/100
782/782 - 4s - loss: 6.1360 - accuracy: 0.2995 - val_loss: 4.8709 - val_accuracy: 0.3476 - 4s/epoch - 5ms/step
Epoch 6/100
782/782 - 4s - loss: 4.0620 - accuracy: 0.3171 - val_loss: 3.2964 - val_accuracy: 0.3530 - 4s/epoch - 5ms/step
Epoch 7/100
782/782 - 4s - loss: 2.8993 - accuracy: 0.3349 - val_loss: 2.5182 - val_accuracy: 0.3616 - 4s/epoch - 5ms/step
Epoch 8/100
782/782 - 4s - loss: 2.3816 - accuracy: 0.3484 - val_loss: 2.2107 - val_accuracy: 0.3756 - 4s/epoch - 5ms/step
Epoch 9/100
782/782 - 4s - loss: 2.1878 - accuracy: 0.3582 - val_loss: 2.1064 - val_accuracy: 0.3838 - 4s/epoch - 5ms/step
Epoch 10/100
782/782 - 4s - loss: 2.1050 - accuracy: 0.3705 - val_loss: 2.0241 - val_accuracy: 0.3995 - 4s/epoch - 5ms/step
Epoch 11/100
782/782 - 4s - loss: 2.0495 - accuracy: 0.3792 - val_loss: 2.0037 - val_accuracy: 0.4082 - 4s/epoch - 5ms/step
Epoch 12/100
782/782 - 4s - loss: 2.0104 - accuracy: 0.3898 - val_loss: 1.9612 - val_accuracy: 0.4022 - 4s/epoch - 5ms/step
Epoch 13/100
782/782 - 4s - loss: 1.9826 - accuracy: 0.3963 - val_loss: 1.9703 - val_accuracy: 0.3913 - 4s/epoch - 5ms/step
Epoch 14/100
782/782 - 4s - loss: 1.9600 - accuracy: 0.4019 - val_loss: 1.9217 - val_accuracy: 0.4117 - 4s/epoch - 5ms/step
Epoch 15/100
782/782 - 4s - loss: 1.9391 - accuracy: 0.4060 - val_loss: 1.9062 - val_accuracy: 0.4241 - 4s/epoch - 5ms/step
Epoch 16/100
782/782 - 4s - loss: 1.9101 - accuracy: 0.4190 - val_loss: 1.8670 - val_accuracy: 0.4374 - 4s/epoch - 5ms/step
Epoch 17/100
782/782 - 4s - loss: 1.8896 - accuracy: 0.4238 - val_loss: 1.8522 - val_accuracy: 0.4409 - 4s/epoch - 5ms/step
Epoch 18/100
782/782 - 4s - loss: 1.8707 - accuracy: 0.4326 - val_loss: 1.8544 - val_accuracy: 0.4229 - 4s/epoch - 5ms/step
Epoch 19/100
782/782 - 4s - loss: 1.8546 - accuracy: 0.4341 - val_loss: 1.7954 - val_accuracy: 0.4595 - 4s/epoch - 5ms/step
Epoch 20/100
782/782 - 4s - loss: 1.8471 - accuracy: 0.4360 - val_loss: 1.7872 - val_accuracy: 0.4714 - 4s/epoch - 5ms/step
Epoch 21/100
782/782 - 4s - loss: 1.8325 - accuracy: 0.4430 - val_loss: 1.8054 - val_accuracy: 0.4706 - 4s/epoch - 5ms/step
Epoch 22/100
782/782 - 4s - loss: 1.8218 - accuracy: 0.4456 - val_loss: 1.7722 - val_accuracy: 0.4715 - 4s/epoch - 5ms/step
Epoch 23/100
782/782 - 4s - loss: 1.8155 - accuracy: 0.4490 - val_loss: 1.7897 - val_accuracy: 0.4710 - 4s/epoch - 5ms/step
Epoch 24/100
782/782 - 4s - loss: 1.8091 - accuracy: 0.4546 - val_loss: 1.7976 - val_accuracy: 0.4681 - 4s/epoch - 5ms/step
Epoch 25/100
782/782 - 4s - loss: 1.7990 - accuracy: 0.4603 - val_loss: 1.7604 - val_accuracy: 0.4880 - 4s/epoch - 5ms/step
Epoch 26/100
782/782 - 4s - loss: 1.7914 - accuracy: 0.4653 - val_loss: 1.7418 - val_accuracy: 0.4855 - 4s/epoch - 5ms/step
Epoch 27/100
782/782 - 4s - loss: 1.7814 - accuracy: 0.4681 - val_loss: 1.7318 - val_accuracy: 0.4930 - 4s/epoch - 5ms/step
Epoch 28/100
782/782 - 4s - loss: 1.7790 - accuracy: 0.4675 - val_loss: 1.7755 - val_accuracy: 0.4740 - 4s/epoch - 5ms/step
Epoch 29/100
782/782 - 4s - loss: 1.7706 - accuracy: 0.4758 - val_loss: 1.7716 - val_accuracy: 0.4949 - 4s/epoch - 5ms/step
Epoch 30/100
782/782 - 4s - loss: 1.7686 - accuracy: 0.4767 - val_loss: 1.7473 - val_accuracy: 0.4912 - 4s/epoch - 5ms/step
Epoch 31/100
782/782 - 4s - loss: 1.7659 - accuracy: 0.4813 - val_loss: 1.7378 - val_accuracy: 0.5008 - 4s/epoch - 5ms/step
Epoch 32/100
782/782 - 4s - loss: 1.7573 - accuracy: 0.4820 - val_loss: 1.7283 - val_accuracy: 0.4997 - 4s/epoch - 5ms/step
Epoch 33/100
782/782 - 4s - loss: 1.7551 - accuracy: 0.4806 - val_loss: 1.7143 - val_accuracy: 0.5124 - 4s/epoch - 5ms/step
Epoch 34/100
782/782 - 4s - loss: 1.7535 - accuracy: 0.4818 - val_loss: 1.7150 - val_accuracy: 0.5035 - 4s/epoch - 5ms/step
Epoch 35/100
782/782 - 4s - loss: 1.7444 - accuracy: 0.4870 - val_loss: 1.7113 - val_accuracy: 0.5126 - 4s/epoch - 5ms/step
Epoch 36/100
782/782 - 4s - loss: 1.7427 - accuracy: 0.4907 - val_loss: 1.7347 - val_accuracy: 0.4898 - 4s/epoch - 5ms/step
Epoch 37/100
782/782 - 4s - loss: 1.7424 - accuracy: 0.4918 - val_loss: 1.7113 - val_accuracy: 0.5027 - 4s/epoch - 5ms/step
Epoch 38/100
782/782 - 4s - loss: 1.7385 - accuracy: 0.4914 - val_loss: 1.6951 - val_accuracy: 0.5143 - 4s/epoch - 5ms/step
Epoch 39/100
782/782 - 4s - loss: 1.7357 - accuracy: 0.4909 - val_loss: 1.7267 - val_accuracy: 0.4939 - 4s/epoch - 5ms/step
Epoch 40/100
782/782 - 4s - loss: 1.7289 - accuracy: 0.4966 - val_loss: 1.6971 - val_accuracy: 0.5186 - 4s/epoch - 5ms/step
Epoch 41/100
782/782 - 4s - loss: 1.7311 - accuracy: 0.4958 - val_loss: 1.6795 - val_accuracy: 0.5181 - 4s/epoch - 5ms/step
Epoch 42/100
782/782 - 4s - loss: 1.7249 - accuracy: 0.5006 - val_loss: 1.7009 - val_accuracy: 0.5135 - 4s/epoch - 5ms/step
Epoch 43/100
782/782 - 4s - loss: 1.7248 - accuracy: 0.4986 - val_loss: 1.6992 - val_accuracy: 0.5191 - 4s/epoch - 5ms/step
Epoch 44/100
782/782 - 4s - loss: 1.7205 - accuracy: 0.4982 - val_loss: 1.6995 - val_accuracy: 0.5156 - 4s/epoch - 5ms/step
Epoch 45/100
782/782 - 4s - loss: 1.7261 - accuracy: 0.5003 - val_loss: 1.7055 - val_accuracy: 0.5119 - 4s/epoch - 5ms/step
Epoch 46/100
782/782 - 4s - loss: 1.7165 - accuracy: 0.5012 - val_loss: 1.7071 - val_accuracy: 0.5245 - 4s/epoch - 5ms/step
Epoch 47/100
782/782 - 4s - loss: 1.7207 - accuracy: 0.5021 - val_loss: 1.6924 - val_accuracy: 0.5121 - 4s/epoch - 5ms/step
Epoch 48/100
782/782 - 4s - loss: 1.7194 - accuracy: 0.5027 - val_loss: 1.7078 - val_accuracy: 0.5109 - 4s/epoch - 5ms/step
Epoch 49/100
782/782 - 4s - loss: 1.7180 - accuracy: 0.5041 - val_loss: 1.6756 - val_accuracy: 0.5230 - 4s/epoch - 5ms/step
Epoch 50/100
782/782 - 4s - loss: 1.7103 - accuracy: 0.5080 - val_loss: 1.7083 - val_accuracy: 0.5049 - 4s/epoch - 5ms/step
Epoch 51/100
782/782 - 4s - loss: 1.7102 - accuracy: 0.5094 - val_loss: 1.6741 - val_accuracy: 0.5336 - 4s/epoch - 5ms/step
Epoch 52/100
782/782 - 4s - loss: 1.7077 - accuracy: 0.5081 - val_loss: 1.6911 - val_accuracy: 0.5233 - 4s/epoch - 5ms/step
Epoch 53/100
782/782 - 4s - loss: 1.7060 - accuracy: 0.5108 - val_loss: 1.6669 - val_accuracy: 0.5388 - 4s/epoch - 5ms/step
Epoch 54/100
782/782 - 4s - loss: 1.7068 - accuracy: 0.5077 - val_loss: 1.6641 - val_accuracy: 0.5282 - 4s/epoch - 5ms/step
Epoch 55/100
782/782 - 4s - loss: 1.6982 - accuracy: 0.5119 - val_loss: 1.6868 - val_accuracy: 0.5188 - 4s/epoch - 5ms/step
Epoch 56/100
782/782 - 4s - loss: 1.7025 - accuracy: 0.5101 - val_loss: 1.7128 - val_accuracy: 0.5186 - 4s/epoch - 5ms/step
Epoch 57/100
782/782 - 4s - loss: 1.6984 - accuracy: 0.5141 - val_loss: 1.6565 - val_accuracy: 0.5349 - 4s/epoch - 5ms/step
Epoch 58/100
782/782 - 4s - loss: 1.6922 - accuracy: 0.5151 - val_loss: 1.6658 - val_accuracy: 0.5269 - 4s/epoch - 5ms/step
Epoch 59/100
782/782 - 4s - loss: 1.6928 - accuracy: 0.5166 - val_loss: 1.6850 - val_accuracy: 0.5303 - 4s/epoch - 5ms/step
Epoch 60/100
782/782 - 4s - loss: 1.6942 - accuracy: 0.5163 - val_loss: 1.6599 - val_accuracy: 0.5263 - 4s/epoch - 5ms/step
Epoch 61/100
782/782 - 4s - loss: 1.6930 - accuracy: 0.5154 - val_loss: 1.6638 - val_accuracy: 0.5371 - 4s/epoch - 5ms/step
Epoch 62/100
782/782 - 4s - loss: 1.6907 - accuracy: 0.5193 - val_loss: 1.6471 - val_accuracy: 0.5411 - 4s/epoch - 5ms/step
Epoch 63/100
782/782 - 4s - loss: 1.6902 - accuracy: 0.5178 - val_loss: 1.6726 - val_accuracy: 0.5320 - 4s/epoch - 5ms/step
Epoch 64/100
782/782 - 4s - loss: 1.6891 - accuracy: 0.5214 - val_loss: 1.6653 - val_accuracy: 0.5279 - 4s/epoch - 5ms/step
Epoch 65/100
782/782 - 4s - loss: 1.6877 - accuracy: 0.5200 - val_loss: 1.6670 - val_accuracy: 0.5342 - 4s/epoch - 5ms/step
Epoch 66/100
782/782 - 4s - loss: 1.6833 - accuracy: 0.5188 - val_loss: 1.6930 - val_accuracy: 0.5182 - 4s/epoch - 5ms/step
Epoch 67/100
782/782 - 4s - loss: 1.6888 - accuracy: 0.5205 - val_loss: 1.6853 - val_accuracy: 0.5249 - 4s/epoch - 5ms/step
Epoch 68/100
782/782 - 4s - loss: 1.6798 - accuracy: 0.5226 - val_loss: 1.6730 - val_accuracy: 0.5329 - 4s/epoch - 5ms/step
Epoch 69/100
782/782 - 4s - loss: 1.6862 - accuracy: 0.5221 - val_loss: 1.6546 - val_accuracy: 0.5277 - 4s/epoch - 5ms/step
Epoch 70/100
782/782 - 4s - loss: 1.6870 - accuracy: 0.5213 - val_loss: 1.6608 - val_accuracy: 0.5339 - 4s/epoch - 5ms/step
Epoch 71/100
782/782 - 4s - loss: 1.6829 - accuracy: 0.5247 - val_loss: 1.6982 - val_accuracy: 0.5312 - 4s/epoch - 5ms/step
Epoch 72/100
782/782 - 4s - loss: 1.6791 - accuracy: 0.5231 - val_loss: 1.6465 - val_accuracy: 0.5351 - 4s/epoch - 5ms/step
Epoch 73/100
782/782 - 4s - loss: 1.6798 - accuracy: 0.5221 - val_loss: 1.6659 - val_accuracy: 0.5301 - 4s/epoch - 5ms/step
Epoch 74/100
782/782 - 4s - loss: 1.6781 - accuracy: 0.5229 - val_loss: 1.6651 - val_accuracy: 0.5306 - 4s/epoch - 5ms/step
Epoch 75/100
782/782 - 4s - loss: 1.6789 - accuracy: 0.5208 - val_loss: 1.6624 - val_accuracy: 0.5368 - 4s/epoch - 5ms/step
Epoch 76/100
782/782 - 4s - loss: 1.6746 - accuracy: 0.5254 - val_loss: 1.6562 - val_accuracy: 0.5373 - 4s/epoch - 5ms/step
Epoch 77/100
782/782 - 4s - loss: 1.6763 - accuracy: 0.5264 - val_loss: 1.6485 - val_accuracy: 0.5427 - 4s/epoch - 5ms/step
Epoch 78/100
782/782 - 4s - loss: 1.6725 - accuracy: 0.5285 - val_loss: 1.6716 - val_accuracy: 0.5459 - 4s/epoch - 5ms/step
Epoch 79/100
782/782 - 4s - loss: 1.6720 - accuracy: 0.5263 - val_loss: 1.6542 - val_accuracy: 0.5373 - 4s/epoch - 5ms/step
Epoch 80/100
782/782 - 4s - loss: 1.6733 - accuracy: 0.5283 - val_loss: 1.6650 - val_accuracy: 0.5355 - 4s/epoch - 5ms/step
Epoch 81/100
782/782 - 4s - loss: 1.6719 - accuracy: 0.5267 - val_loss: 1.6364 - val_accuracy: 0.5465 - 4s/epoch - 5ms/step
Epoch 82/100
782/782 - 4s - loss: 1.6712 - accuracy: 0.5304 - val_loss: 1.6602 - val_accuracy: 0.5414 - 4s/epoch - 5ms/step
Epoch 83/100
782/782 - 4s - loss: 1.6686 - accuracy: 0.5338 - val_loss: 1.7024 - val_accuracy: 0.5380 - 4s/epoch - 5ms/step
Epoch 84/100
782/782 - 4s - loss: 1.6704 - accuracy: 0.5299 - val_loss: 1.6578 - val_accuracy: 0.5368 - 4s/epoch - 5ms/step
Epoch 85/100
782/782 - 4s - loss: 1.6675 - accuracy: 0.5294 - val_loss: 1.6379 - val_accuracy: 0.5419 - 4s/epoch - 5ms/step
Epoch 86/100
782/782 - 4s - loss: 1.6678 - accuracy: 0.5305 - val_loss: 1.6463 - val_accuracy: 0.5472 - 4s/epoch - 5ms/step
Epoch 87/100
782/782 - 4s - loss: 1.6633 - accuracy: 0.5343 - val_loss: 1.6571 - val_accuracy: 0.5354 - 4s/epoch - 5ms/step
Epoch 88/100
782/782 - 4s - loss: 1.6653 - accuracy: 0.5316 - val_loss: 1.6418 - val_accuracy: 0.5510 - 4s/epoch - 5ms/step
Epoch 89/100
782/782 - 4s - loss: 1.6630 - accuracy: 0.5308 - val_loss: 1.6679 - val_accuracy: 0.5387 - 4s/epoch - 5ms/step
Epoch 90/100
782/782 - 4s - loss: 1.6625 - accuracy: 0.5341 - val_loss: 1.6501 - val_accuracy: 0.5450 - 4s/epoch - 5ms/step
Epoch 91/100
782/782 - 4s - loss: 1.6672 - accuracy: 0.5321 - val_loss: 1.6469 - val_accuracy: 0.5468 - 4s/epoch - 5ms/step
Epoch 92/100
782/782 - 4s - loss: 1.6604 - accuracy: 0.5343 - val_loss: 1.6289 - val_accuracy: 0.5464 - 4s/epoch - 5ms/step
Epoch 93/100
782/782 - 4s - loss: 1.6649 - accuracy: 0.5322 - val_loss: 1.6332 - val_accuracy: 0.5588 - 4s/epoch - 5ms/step
Epoch 94/100
782/782 - 4s - loss: 1.6634 - accuracy: 0.5344 - val_loss: 1.6509 - val_accuracy: 0.5465 - 4s/epoch - 5ms/step
Epoch 95/100
782/782 - 4s - loss: 1.6595 - accuracy: 0.5313 - val_loss: 1.6381 - val_accuracy: 0.5504 - 4s/epoch - 5ms/step
Epoch 96/100
782/782 - 4s - loss: 1.6559 - accuracy: 0.5357 - val_loss: 1.6435 - val_accuracy: 0.5523 - 4s/epoch - 5ms/step
Epoch 97/100
782/782 - 4s - loss: 1.6536 - accuracy: 0.5376 - val_loss: 1.6981 - val_accuracy: 0.5292 - 4s/epoch - 5ms/step
Epoch 98/100
782/782 - 4s - loss: 1.6603 - accuracy: 0.5356 - val_loss: 1.6375 - val_accuracy: 0.5511 - 4s/epoch - 5ms/step
Epoch 99/100
782/782 - 4s - loss: 1.6530 - accuracy: 0.5397 - val_loss: 1.6368 - val_accuracy: 0.5576 - 4s/epoch - 5ms/step
Epoch 100/100
782/782 - 4s - loss: 1.6500 - accuracy: 0.5426 - val_loss: 1.6418 - val_accuracy: 0.5537 - 4s/epoch - 5ms/step
313/313 - 1s - loss: 1.6418 - accuracy: 0.5534 - 726ms/epoch - 2ms/step

ACCURACY: 0.5533999800682068


SCORE: -0.6499966020477447

[92m | MODULE VALUES ---------------------------------------------  |
 [0m
FLOPS: 18691692
PARAMS: 690786.0
[92m 
 | -----------------------------------------------------------  |
 [0m
[INFO] New Best Score: -0.6500 (Previous: -0.3204)

--- BANANAS ITERATION 3 / 1000 ---
Chosen point: {'num_neurons': 8, 'unit_c1': 1, 'unit_c2': 8, 'dr_f': 0.23104976378076306, 'learning_rate': 0.0009394053181012785, 'batch_size': 64, 'optimizer': 'Adamax', 'activation': 'swish', 'data_augmentation': True, 'reg_l2': True, 'skip_connection': False, 'new_fc_1': 10, 'new_fc_2': 19, 'new_fc_3': 13, 'new_fc_4': 9, 'new_fc_5': 16, 'new_fc_6': 1, 'new_fc_7': 30, 'new_fc_8': 12, 'new_fc_9': 0, 'new_fc_10': 25}
[94m
|  --> START TRAINING ITERATION 2[0m
[INFO] Flags -> DA: True, L2: True, Skip: False
Building model with input_shape=(32, 32, 3), pos_input_shape=None, layer_x_block=2
Model: "model"
_________________________________________________________________
 Layer (type)                Output Shape              Param #   
=================================================================
 input_2 (InputLayer)        [(None, 32, 32, 3)]       0         
                                                                 
 conv2d (Conv2D)             (None, 32, 32, 8)         224       
                                                                 
 activation (Activation)     (None, 32, 32, 8)         0         
                                                                 
 conv2d_1 (Conv2D)           (None, 32, 32, 8)         584       
                                                                 
 activation_1 (Activation)   (None, 32, 32, 8)         0         
                                                                 
 max_pooling2d (MaxPooling2  (None, 16, 16, 8)         0         
 D)                                                              
                                                                 
 conv2d_2 (Conv2D)           (None, 16, 16, 64)        4672      
                                                                 
 activation_2 (Activation)   (None, 16, 16, 64)        0         
                                                                 
 conv2d_3 (Conv2D)           (None, 16, 16, 64)        36928     
                                                                 
 activation_3 (Activation)   (None, 16, 16, 64)        0         
                                                                 
 max_pooling2d_1 (MaxPoolin  (None, 8, 8, 64)          0         
 g2D)                                                            
                                                                 
 flatten (Flatten)           (None, 4096)              0         
                                                                 
 dense (Dense)               (None, 80)                327760    
                                                                 
 activation_4 (Activation)   (None, 80)                0         
                                                                 
 dropout (Dropout)           (None, 80)                0         
                                                                 
 dense_1 (Dense)             (None, 152)               12312     
                                                                 
 activation_5 (Activation)   (None, 152)               0         
                                                                 
 dropout_1 (Dropout)         (None, 152)               0         
                                                                 
 dense_2 (Dense)             (None, 104)               15912     
                                                                 
 activation_6 (Activation)   (None, 104)               0         
                                                                 
 dropout_2 (Dropout)         (None, 104)               0         
                                                                 
 dense_3 (Dense)             (None, 72)                7560      
                                                                 
 activation_7 (Activation)   (None, 72)                0         
                                                                 
 dropout_3 (Dropout)         (None, 72)                0         
                                                                 
 dense_4 (Dense)             (None, 128)               9344      
                                                                 
 activation_8 (Activation)   (None, 128)               0         
                                                                 
 dropout_4 (Dropout)         (None, 128)               0         
                                                                 
 dense_5 (Dense)             (None, 8)                 1032      
                                                                 
 activation_9 (Activation)   (None, 8)                 0         
                                                                 
 dropout_5 (Dropout)         (None, 8)                 0         
                                                                 
 dense_6 (Dense)             (None, 240)               2160      
                                                                 
 activation_10 (Activation)  (None, 240)               0         
                                                                 
 dropout_6 (Dropout)         (None, 240)               0         
                                                                 
 dense_7 (Dense)             (None, 96)                23136     
                                                                 
 activation_11 (Activation)  (None, 96)                0         
                                                                 
 dropout_7 (Dropout)         (None, 96)                0         
                                                                 
 dense_8 (Dense)             (None, 200)               19400     
                                                                 
 activation_12 (Activation)  (None, 200)               0         
                                                                 
 dropout_8 (Dropout)         (None, 200)               0         
                                                                 
 dense_9 (Dense)             (None, 10)                2010      
                                                                 
=================================================================
Total params: 463034 (1.77 MB)
Trainable params: 463034 (1.77 MB)
Non-trainable params: 0 (0.00 Byte)
_________________________________________________________________
Epoch 1/100
782/782 - 7s - loss: 2.8743 - accuracy: 0.0971 - val_loss: 2.3026 - val_accuracy: 0.1000 - 7s/epoch - 9ms/step
Epoch 2/100
782/782 - 4s - loss: 2.3026 - accuracy: 0.0971 - val_loss: 2.3026 - val_accuracy: 0.1000 - 4s/epoch - 5ms/step
Epoch 3/100
782/782 - 4s - loss: 2.3027 - accuracy: 0.0961 - val_loss: 2.3026 - val_accuracy: 0.1000 - 4s/epoch - 5ms/step
Epoch 4/100
782/782 - 4s - loss: 2.3026 - accuracy: 0.0994 - val_loss: 2.3026 - val_accuracy: 0.1000 - 4s/epoch - 5ms/step
Epoch 5/100
782/782 - 4s - loss: 2.3027 - accuracy: 0.0970 - val_loss: 2.3026 - val_accuracy: 0.1000 - 4s/epoch - 5ms/step
Epoch 6/100
782/782 - 4s - loss: 2.3027 - accuracy: 0.0990 - val_loss: 2.3026 - val_accuracy: 0.1000 - 4s/epoch - 5ms/step
Epoch 7/100
782/782 - 4s - loss: 2.3027 - accuracy: 0.0987 - val_loss: 2.3026 - val_accuracy: 0.1000 - 4s/epoch - 5ms/step
Epoch 8/100
782/782 - 4s - loss: 2.3026 - accuracy: 0.0988 - val_loss: 2.3026 - val_accuracy: 0.1000 - 4s/epoch - 5ms/step
Epoch 9/100
782/782 - 4s - loss: 2.3026 - accuracy: 0.0970 - val_loss: 2.3026 - val_accuracy: 0.1000 - 4s/epoch - 5ms/step
Epoch 10/100
782/782 - 4s - loss: 2.3026 - accuracy: 0.0992 - val_loss: 2.3026 - val_accuracy: 0.1000 - 4s/epoch - 5ms/step
Epoch 11/100
782/782 - 4s - loss: 2.3026 - accuracy: 0.0972 - val_loss: 2.3026 - val_accuracy: 0.1000 - 4s/epoch - 5ms/step
Epoch 12/100
782/782 - 4s - loss: 2.3026 - accuracy: 0.0943 - val_loss: 2.3026 - val_accuracy: 0.1000 - 4s/epoch - 5ms/step
Epoch 13/100
782/782 - 4s - loss: 2.3026 - accuracy: 0.0963 - val_loss: 2.3026 - val_accuracy: 0.1000 - 4s/epoch - 5ms/step
Epoch 14/100
782/782 - 4s - loss: 2.3026 - accuracy: 0.0987 - val_loss: 2.3026 - val_accuracy: 0.1000 - 4s/epoch - 5ms/step
Epoch 15/100
782/782 - 4s - loss: 2.3027 - accuracy: 0.0975 - val_loss: 2.3026 - val_accuracy: 0.1000 - 4s/epoch - 5ms/step
Epoch 16/100
782/782 - 4s - loss: 2.3026 - accuracy: 0.0975 - val_loss: 2.3026 - val_accuracy: 0.1000 - 4s/epoch - 5ms/step
Epoch 17/100
782/782 - 4s - loss: 2.3026 - accuracy: 0.0981 - val_loss: 2.3026 - val_accuracy: 0.1000 - 4s/epoch - 5ms/step
Epoch 18/100
782/782 - 4s - loss: 2.3026 - accuracy: 0.0968 - val_loss: 2.3026 - val_accuracy: 0.1000 - 4s/epoch - 5ms/step
Epoch 19/100
782/782 - 4s - loss: 2.3026 - accuracy: 0.0987 - val_loss: 2.3026 - val_accuracy: 0.1000 - 4s/epoch - 5ms/step
Epoch 20/100
782/782 - 4s - loss: 2.3026 - accuracy: 0.0976 - val_loss: 2.3026 - val_accuracy: 0.1000 - 4s/epoch - 5ms/step
Epoch 21/100
782/782 - 4s - loss: 2.3026 - accuracy: 0.0997 - val_loss: 2.3026 - val_accuracy: 0.1000 - 4s/epoch - 5ms/step
Epoch 22/100
782/782 - 4s - loss: 2.3027 - accuracy: 0.0966 - val_loss: 2.3026 - val_accuracy: 0.1000 - 4s/epoch - 5ms/step
Epoch 23/100
782/782 - 4s - loss: 2.3026 - accuracy: 0.0991 - val_loss: 2.3026 - val_accuracy: 0.1000 - 4s/epoch - 5ms/step
Epoch 24/100
782/782 - 4s - loss: 2.3026 - accuracy: 0.0975 - val_loss: 2.3026 - val_accuracy: 0.1000 - 4s/epoch - 5ms/step
Epoch 25/100
782/782 - 4s - loss: 2.3026 - accuracy: 0.0974 - val_loss: 2.3026 - val_accuracy: 0.1000 - 4s/epoch - 5ms/step
Epoch 26/100
782/782 - 4s - loss: 2.3026 - accuracy: 0.0984 - val_loss: 2.3026 - val_accuracy: 0.1000 - 4s/epoch - 5ms/step
Epoch 27/100
782/782 - 4s - loss: 2.3026 - accuracy: 0.0979 - val_loss: 2.3026 - val_accuracy: 0.1000 - 4s/epoch - 5ms/step
Epoch 28/100
782/782 - 4s - loss: 2.3026 - accuracy: 0.0979 - val_loss: 2.3026 - val_accuracy: 0.1000 - 4s/epoch - 5ms/step
Epoch 29/100
782/782 - 4s - loss: 2.3026 - accuracy: 0.0976 - val_loss: 2.3026 - val_accuracy: 0.1000 - 4s/epoch - 5ms/step
Epoch 30/100
782/782 - 4s - loss: 2.3026 - accuracy: 0.0961 - val_loss: 2.3026 - val_accuracy: 0.1000 - 4s/epoch - 5ms/step
Epoch 31/100
Restoring model weights from the end of the best epoch: 1.
782/782 - 4s - loss: 2.3026 - accuracy: 0.0985 - val_loss: 2.3026 - val_accuracy: 0.1000 - 4s/epoch - 5ms/step
Epoch 31: early stopping
313/313 - 1s - loss: 2.3026 - accuracy: 0.1000 - 829ms/epoch - 3ms/step

ACCURACY: 0.10000000149011612


SCORE: -0.3222598330430813

[92m | MODULE VALUES ---------------------------------------------  |
 [0m
FLOPS: 23870084
PARAMS: 463034.0
[92m 
 | -----------------------------------------------------------  |
 [0m

--- BANANAS ITERATION 4 / 1000 ---
Chosen point: {'num_neurons': 64, 'unit_c1': 1, 'unit_c2': 5, 'dr_f': 0.11509202731391657, 'learning_rate': 0.00032669674993612656, 'batch_size': 64, 'optimizer': 'SGD', 'activation': 'selu', 'data_augmentation': False, 'reg_l2': True, 'skip_connection': True, 'new_fc_1': 7, 'new_fc_2': 16, 'new_fc_3': 9, 'new_fc_4': 17, 'new_fc_5': 6, 'new_fc_6': 27, 'new_fc_7': 21, 'new_fc_8': 13, 'new_fc_9': 25, 'new_fc_10': 21}
[94m
|  --> START TRAINING ITERATION 3[0m
[INFO] Flags -> DA: False, L2: True, Skip: True
Building model with input_shape=(32, 32, 3), pos_input_shape=None, layer_x_block=2
Model: "model"
__________________________________________________________________________________________________
 Layer (type)                Output Shape                 Param #   Connected to                  
==================================================================================================
 input_1 (InputLayer)        [(None, 32, 32, 3)]          0         []                            
                                                                                                  
 conv2d (Conv2D)             (None, 32, 32, 64)           1792      ['input_1[0][0]']             
                                                                                                  
 activation (Activation)     (None, 32, 32, 64)           0         ['conv2d[0][0]']              
                                                                                                  
 conv2d_2 (Conv2D)           (None, 32, 32, 64)           256       ['input_1[0][0]']             
                                                                                                  
 conv2d_1 (Conv2D)           (None, 32, 32, 64)           36928     ['activation[0][0]']          
                                                                                                  
 add (Add)                   (None, 32, 32, 64)           0         ['conv2d_2[0][0]',            
                                                                     'conv2d_1[0][0]']            
                                                                                                  
 activation_1 (Activation)   (None, 32, 32, 64)           0         ['add[0][0]']                 
                                                                                                  
 max_pooling2d (MaxPooling2  (None, 16, 16, 64)           0         ['activation_1[0][0]']        
 D)                                                                                               
                                                                                                  
 conv2d_3 (Conv2D)           (None, 16, 16, 320)          184640    ['max_pooling2d[0][0]']       
                                                                                                  
 activation_2 (Activation)   (None, 16, 16, 320)          0         ['conv2d_3[0][0]']            
                                                                                                  
 conv2d_5 (Conv2D)           (None, 16, 16, 320)          20800     ['max_pooling2d[0][0]']       
                                                                                                  
 conv2d_4 (Conv2D)           (None, 16, 16, 320)          921920    ['activation_2[0][0]']        
                                                                                                  
 add_1 (Add)                 (None, 16, 16, 320)          0         ['conv2d_5[0][0]',            
                                                                     'conv2d_4[0][0]']            
                                                                                                  
 activation_3 (Activation)   (None, 16, 16, 320)          0         ['add_1[0][0]']               
                                                                                                  
 max_pooling2d_1 (MaxPoolin  (None, 8, 8, 320)            0         ['activation_3[0][0]']        
 g2D)                                                                                             
                                                                                                  
 flatten (Flatten)           (None, 20480)                0         ['max_pooling2d_1[0][0]']     
                                                                                                  
 dense (Dense)               (None, 448)                  9175488   ['flatten[0][0]']             
                                                                                                  
 activation_4 (Activation)   (None, 448)                  0         ['dense[0][0]']               
                                                                                                  
 dropout (Dropout)           (None, 448)                  0         ['activation_4[0][0]']        
                                                                                                  
 dense_1 (Dense)             (None, 1024)                 459776    ['dropout[0][0]']             
                                                                                                  
 activation_5 (Activation)   (None, 1024)                 0         ['dense_1[0][0]']             
                                                                                                  
 dropout_1 (Dropout)         (None, 1024)                 0         ['activation_5[0][0]']        
                                                                                                  
 dense_2 (Dense)             (None, 576)                  590400    ['dropout_1[0][0]']           
                                                                                                  
 activation_6 (Activation)   (None, 576)                  0         ['dense_2[0][0]']             
                                                                                                  
 dropout_2 (Dropout)         (None, 576)                  0         ['activation_6[0][0]']        
                                                                                                  
 dense_3 (Dense)             (None, 1088)                 627776    ['dropout_2[0][0]']           
                                                                                                  
 activation_7 (Activation)   (None, 1088)                 0         ['dense_3[0][0]']             
                                                                                                  
 dropout_3 (Dropout)         (None, 1088)                 0         ['activation_7[0][0]']        
                                                                                                  
 dense_4 (Dense)             (None, 384)                  418176    ['dropout_3[0][0]']           
                                                                                                  
 activation_8 (Activation)   (None, 384)                  0         ['dense_4[0][0]']             
                                                                                                  
 dropout_4 (Dropout)         (None, 384)                  0         ['activation_8[0][0]']        
                                                                                                  
 dense_5 (Dense)             (None, 1728)                 665280    ['dropout_4[0][0]']           
                                                                                                  
 activation_9 (Activation)   (None, 1728)                 0         ['dense_5[0][0]']             
                                                                                                  
 dropout_5 (Dropout)         (None, 1728)                 0         ['activation_9[0][0]']        
                                                                                                  
 dense_6 (Dense)             (None, 1344)                 2323776   ['dropout_5[0][0]']           
                                                                                                  
 activation_10 (Activation)  (None, 1344)                 0         ['dense_6[0][0]']             
                                                                                                  
 dropout_6 (Dropout)         (None, 1344)                 0         ['activation_10[0][0]']       
                                                                                                  
 dense_7 (Dense)             (None, 832)                  1119040   ['dropout_6[0][0]']           
                                                                                                  
 activation_11 (Activation)  (None, 832)                  0         ['dense_7[0][0]']             
                                                                                                  
 dropout_7 (Dropout)         (None, 832)                  0         ['activation_11[0][0]']       
                                                                                                  
 dense_8 (Dense)             (None, 1600)                 1332800   ['dropout_7[0][0]']           
                                                                                                  
 activation_12 (Activation)  (None, 1600)                 0         ['dense_8[0][0]']             
                                                                                                  
 dropout_8 (Dropout)         (None, 1600)                 0         ['activation_12[0][0]']       
                                                                                                  
 dense_9 (Dense)             (None, 1344)                 2151744   ['dropout_8[0][0]']           
                                                                                                  
 activation_13 (Activation)  (None, 1344)                 0         ['dense_9[0][0]']             
                                                                                                  
 dropout_9 (Dropout)         (None, 1344)                 0         ['activation_13[0][0]']       
                                                                                                  
 dense_10 (Dense)            (None, 10)                   13450     ['dropout_9[0][0]']           
                                                                                                  
==================================================================================================
Total params: 20044042 (76.46 MB)
Trainable params: 20044042 (76.46 MB)
Non-trainable params: 0 (0.00 Byte)
__________________________________________________________________________________________________
[WARNING] Constraint Violated: FLOPs 694628796 > 150000000 or Params 20044042.0 > 15000000000

ACCURACY: 0.0


SCORE: 10000000000.0

[92m | MODULE VALUES ---------------------------------------------  |
 [0m
FLOPS: 694628796
PARAMS: 20044042.0
[92m 
 | -----------------------------------------------------------  |
 [0m

--- BANANAS ITERATION 5 / 1000 ---
Chosen point: {'num_neurons': 32, 'unit_c1': 1, 'unit_c2': 1, 'dr_f': 0.27647180530662263, 'learning_rate': 0.00027710512306327125, 'batch_size': 16, 'optimizer': 'Adamax', 'activation': 'swish', 'data_augmentation': False, 'reg_l2': False, 'skip_connection': True, 'new_fc_1': 22, 'new_fc_2': 17, 'new_fc_3': 2, 'new_fc_4': 16, 'new_fc_5': 17, 'new_fc_6': 20, 'new_fc_7': 3, 'new_fc_8': 32, 'new_fc_9': 28, 'new_fc_10': 27}
[94m
|  --> START TRAINING ITERATION 4[0m
[INFO] Flags -> DA: False, L2: False, Skip: True
Building model with input_shape=(32, 32, 3), pos_input_shape=None, layer_x_block=2
Model: "model"
__________________________________________________________________________________________________
 Layer (type)                Output Shape                 Param #   Connected to                  
==================================================================================================
 input_1 (InputLayer)        [(None, 32, 32, 3)]          0         []                            
                                                                                                  
 conv2d (Conv2D)             (None, 32, 32, 32)           896       ['input_1[0][0]']             
                                                                                                  
 activation (Activation)     (None, 32, 32, 32)           0         ['conv2d[0][0]']              
                                                                                                  
 conv2d_2 (Conv2D)           (None, 32, 32, 32)           128       ['input_1[0][0]']             
                                                                                                  
 conv2d_1 (Conv2D)           (None, 32, 32, 32)           9248      ['activation[0][0]']          
                                                                                                  
 add (Add)                   (None, 32, 32, 32)           0         ['conv2d_2[0][0]',            
                                                                     'conv2d_1[0][0]']            
                                                                                                  
 activation_1 (Activation)   (None, 32, 32, 32)           0         ['add[0][0]']                 
                                                                                                  
 max_pooling2d (MaxPooling2  (None, 16, 16, 32)           0         ['activation_1[0][0]']        
 D)                                                                                               
                                                                                                  
 conv2d_3 (Conv2D)           (None, 16, 16, 32)           9248      ['max_pooling2d[0][0]']       
                                                                                                  
 activation_2 (Activation)   (None, 16, 16, 32)           0         ['conv2d_3[0][0]']            
                                                                                                  
 conv2d_4 (Conv2D)           (None, 16, 16, 32)           9248      ['activation_2[0][0]']        
                                                                                                  
 add_1 (Add)                 (None, 16, 16, 32)           0         ['max_pooling2d[0][0]',       
                                                                     'conv2d_4[0][0]']            
                                                                                                  
 activation_3 (Activation)   (None, 16, 16, 32)           0         ['add_1[0][0]']               
                                                                                                  
 max_pooling2d_1 (MaxPoolin  (None, 8, 8, 32)             0         ['activation_3[0][0]']        
 g2D)                                                                                             
                                                                                                  
 flatten (Flatten)           (None, 2048)                 0         ['max_pooling2d_1[0][0]']     
                                                                                                  
 dense (Dense)               (None, 704)                  1442496   ['flatten[0][0]']             
                                                                                                  
 activation_4 (Activation)   (None, 704)                  0         ['dense[0][0]']               
                                                                                                  
 dropout (Dropout)           (None, 704)                  0         ['activation_4[0][0]']        
                                                                                                  
 dense_1 (Dense)             (None, 544)                  383520    ['dropout[0][0]']             
                                                                                                  
 activation_5 (Activation)   (None, 544)                  0         ['dense_1[0][0]']             
                                                                                                  
 dropout_1 (Dropout)         (None, 544)                  0         ['activation_5[0][0]']        
                                                                                                  
 dense_2 (Dense)             (None, 64)                   34880     ['dropout_1[0][0]']           
                                                                                                  
 activation_6 (Activation)   (None, 64)                   0         ['dense_2[0][0]']             
                                                                                                  
 dropout_2 (Dropout)         (None, 64)                   0         ['activation_6[0][0]']        
                                                                                                  
 dense_3 (Dense)             (None, 512)                  33280     ['dropout_2[0][0]']           
                                                                                                  
 activation_7 (Activation)   (None, 512)                  0         ['dense_3[0][0]']             
                                                                                                  
 dropout_3 (Dropout)         (None, 512)                  0         ['activation_7[0][0]']        
                                                                                                  
 dense_4 (Dense)             (None, 544)                  279072    ['dropout_3[0][0]']           
                                                                                                  
 activation_8 (Activation)   (None, 544)                  0         ['dense_4[0][0]']             
                                                                                                  
 dropout_4 (Dropout)         (None, 544)                  0         ['activation_8[0][0]']        
                                                                                                  
 dense_5 (Dense)             (None, 640)                  348800    ['dropout_4[0][0]']           
                                                                                                  
 activation_9 (Activation)   (None, 640)                  0         ['dense_5[0][0]']             
                                                                                                  
 dropout_5 (Dropout)         (None, 640)                  0         ['activation_9[0][0]']        
                                                                                                  
 dense_6 (Dense)             (None, 96)                   61536     ['dropout_5[0][0]']           
                                                                                                  
 activation_10 (Activation)  (None, 96)                   0         ['dense_6[0][0]']             
                                                                                                  
 dropout_6 (Dropout)         (None, 96)                   0         ['activation_10[0][0]']       
                                                                                                  
 dense_7 (Dense)             (None, 1024)                 99328     ['dropout_6[0][0]']           
                                                                                                  
 activation_11 (Activation)  (None, 1024)                 0         ['dense_7[0][0]']             
                                                                                                  
 dropout_7 (Dropout)         (None, 1024)                 0         ['activation_11[0][0]']       
                                                                                                  
 dense_8 (Dense)             (None, 896)                  918400    ['dropout_7[0][0]']           
                                                                                                  
 activation_12 (Activation)  (None, 896)                  0         ['dense_8[0][0]']             
                                                                                                  
 dropout_8 (Dropout)         (None, 896)                  0         ['activation_12[0][0]']       
                                                                                                  
 dense_9 (Dense)             (None, 864)                  775008    ['dropout_8[0][0]']           
                                                                                                  
 activation_13 (Activation)  (None, 864)                  0         ['dense_9[0][0]']             
                                                                                                  
 dropout_9 (Dropout)         (None, 864)                  0         ['activation_13[0][0]']       
                                                                                                  
 dense_10 (Dense)            (None, 10)                   8650      ['dropout_9[0][0]']           
                                                                                                  
==================================================================================================
Total params: 4413738 (16.84 MB)
Trainable params: 4413738 (16.84 MB)
Non-trainable params: 0 (0.00 Byte)
__________________________________________________________________________________________________
Epoch 1/100
3125/3125 - 16s - loss: 1.9401 - accuracy: 0.2255 - val_loss: 1.6938 - val_accuracy: 0.3107 - 16s/epoch - 5ms/step
Epoch 2/100
3125/3125 - 20s - loss: 1.6988 - accuracy: 0.3142 - val_loss: 1.6201 - val_accuracy: 0.3631 - 20s/epoch - 6ms/step
Epoch 3/100
3125/3125 - 14s - loss: 1.5550 - accuracy: 0.4018 - val_loss: 1.4230 - val_accuracy: 0.4541 - 14s/epoch - 5ms/step
Epoch 4/100
3125/3125 - 14s - loss: 1.4467 - accuracy: 0.4481 - val_loss: 1.3673 - val_accuracy: 0.4783 - 14s/epoch - 5ms/step
Epoch 5/100
3125/3125 - 14s - loss: 1.3736 - accuracy: 0.4810 - val_loss: 1.2952 - val_accuracy: 0.5166 - 14s/epoch - 5ms/step
Epoch 6/100
3125/3125 - 14s - loss: 1.2821 - accuracy: 0.5231 - val_loss: 1.2180 - val_accuracy: 0.5483 - 14s/epoch - 5ms/step
Epoch 7/100
3125/3125 - 14s - loss: 1.2225 - accuracy: 0.5496 - val_loss: 1.1434 - val_accuracy: 0.5809 - 14s/epoch - 5ms/step
Epoch 8/100
3125/3125 - 14s - loss: 1.1689 - accuracy: 0.5717 - val_loss: 1.1032 - val_accuracy: 0.5991 - 14s/epoch - 5ms/step
Epoch 9/100
3125/3125 - 14s - loss: 1.1239 - accuracy: 0.5917 - val_loss: 1.0926 - val_accuracy: 0.6019 - 14s/epoch - 5ms/step
Epoch 10/100
3125/3125 - 14s - loss: 1.0911 - accuracy: 0.6044 - val_loss: 1.0485 - val_accuracy: 0.6227 - 14s/epoch - 5ms/step
Epoch 11/100
3125/3125 - 14s - loss: 1.0591 - accuracy: 0.6186 - val_loss: 1.0690 - val_accuracy: 0.6194 - 14s/epoch - 5ms/step
Epoch 12/100
3125/3125 - 14s - loss: 1.0341 - accuracy: 0.6302 - val_loss: 1.0098 - val_accuracy: 0.6397 - 14s/epoch - 5ms/step
Epoch 13/100
3125/3125 - 14s - loss: 1.0026 - accuracy: 0.6415 - val_loss: 0.9886 - val_accuracy: 0.6488 - 14s/epoch - 4ms/step
Epoch 14/100
3125/3125 - 14s - loss: 0.9766 - accuracy: 0.6535 - val_loss: 0.9791 - val_accuracy: 0.6619 - 14s/epoch - 4ms/step
Epoch 15/100
3125/3125 - 14s - loss: 0.9515 - accuracy: 0.6613 - val_loss: 0.9845 - val_accuracy: 0.6516 - 14s/epoch - 5ms/step
Epoch 16/100
3125/3125 - 14s - loss: 0.9267 - accuracy: 0.6741 - val_loss: 0.9536 - val_accuracy: 0.6645 - 14s/epoch - 5ms/step
Epoch 17/100
3125/3125 - 14s - loss: 0.9060 - accuracy: 0.6825 - val_loss: 0.9627 - val_accuracy: 0.6614 - 14s/epoch - 5ms/step
Epoch 18/100
3125/3125 - 14s - loss: 0.8887 - accuracy: 0.6888 - val_loss: 0.9615 - val_accuracy: 0.6593 - 14s/epoch - 5ms/step
Epoch 19/100
3125/3125 - 14s - loss: 0.8669 - accuracy: 0.6983 - val_loss: 0.9214 - val_accuracy: 0.6787 - 14s/epoch - 5ms/step
Epoch 20/100
3125/3125 - 14s - loss: 0.8454 - accuracy: 0.7042 - val_loss: 0.8991 - val_accuracy: 0.6899 - 14s/epoch - 5ms/step
Epoch 21/100
3125/3125 - 14s - loss: 0.8359 - accuracy: 0.7100 - val_loss: 0.8938 - val_accuracy: 0.6887 - 14s/epoch - 4ms/step
Epoch 22/100
3125/3125 - 14s - loss: 0.8129 - accuracy: 0.7190 - val_loss: 0.9171 - val_accuracy: 0.6866 - 14s/epoch - 4ms/step
Epoch 23/100
3125/3125 - 14s - loss: 0.7968 - accuracy: 0.7225 - val_loss: 0.8750 - val_accuracy: 0.7040 - 14s/epoch - 4ms/step
Epoch 24/100
3125/3125 - 14s - loss: 0.7831 - accuracy: 0.7308 - val_loss: 0.8787 - val_accuracy: 0.6989 - 14s/epoch - 5ms/step
Epoch 25/100
3125/3125 - 14s - loss: 0.7647 - accuracy: 0.7363 - val_loss: 0.8587 - val_accuracy: 0.7057 - 14s/epoch - 5ms/step
Epoch 26/100
3125/3125 - 14s - loss: 0.7524 - accuracy: 0.7401 - val_loss: 0.8663 - val_accuracy: 0.7080 - 14s/epoch - 5ms/step
Epoch 27/100
3125/3125 - 14s - loss: 0.7334 - accuracy: 0.7502 - val_loss: 0.8578 - val_accuracy: 0.7104 - 14s/epoch - 5ms/step
Epoch 28/100
3125/3125 - 14s - loss: 0.7196 - accuracy: 0.7527 - val_loss: 0.8528 - val_accuracy: 0.7149 - 14s/epoch - 5ms/step
Epoch 29/100
3125/3125 - 14s - loss: 0.7013 - accuracy: 0.7589 - val_loss: 0.8573 - val_accuracy: 0.7194 - 14s/epoch - 5ms/step
Epoch 30/100
3125/3125 - 14s - loss: 0.6854 - accuracy: 0.7657 - val_loss: 0.8864 - val_accuracy: 0.7110 - 14s/epoch - 5ms/step
Epoch 31/100
3125/3125 - 14s - loss: 0.6687 - accuracy: 0.7720 - val_loss: 0.8426 - val_accuracy: 0.7214 - 14s/epoch - 5ms/step
Epoch 32/100
3125/3125 - 14s - loss: 0.6534 - accuracy: 0.7774 - val_loss: 0.8457 - val_accuracy: 0.7181 - 14s/epoch - 5ms/step
Epoch 33/100
3125/3125 - 14s - loss: 0.6347 - accuracy: 0.7853 - val_loss: 0.8432 - val_accuracy: 0.7256 - 14s/epoch - 5ms/step
Epoch 34/100
3125/3125 - 14s - loss: 0.6189 - accuracy: 0.7912 - val_loss: 0.8383 - val_accuracy: 0.7296 - 14s/epoch - 5ms/step
Epoch 35/100
3125/3125 - 14s - loss: 0.6061 - accuracy: 0.7961 - val_loss: 0.8287 - val_accuracy: 0.7290 - 14s/epoch - 5ms/step
Epoch 36/100
3125/3125 - 14s - loss: 0.5847 - accuracy: 0.8039 - val_loss: 0.8539 - val_accuracy: 0.7276 - 14s/epoch - 5ms/step
Epoch 37/100
3125/3125 - 14s - loss: 0.5619 - accuracy: 0.8104 - val_loss: 0.8261 - val_accuracy: 0.7388 - 14s/epoch - 5ms/step
Epoch 38/100
3125/3125 - 14s - loss: 0.5444 - accuracy: 0.8174 - val_loss: 0.8336 - val_accuracy: 0.7359 - 14s/epoch - 5ms/step
Epoch 39/100
3125/3125 - 14s - loss: 0.5221 - accuracy: 0.8259 - val_loss: 0.8321 - val_accuracy: 0.7420 - 14s/epoch - 4ms/step
Epoch 40/100
3125/3125 - 14s - loss: 0.5078 - accuracy: 0.8292 - val_loss: 0.8356 - val_accuracy: 0.7421 - 14s/epoch - 4ms/step
Epoch 41/100
3125/3125 - 14s - loss: 0.4856 - accuracy: 0.8391 - val_loss: 0.8296 - val_accuracy: 0.7447 - 14s/epoch - 4ms/step
Epoch 42/100
3125/3125 - 14s - loss: 0.4624 - accuracy: 0.8455 - val_loss: 0.8593 - val_accuracy: 0.7468 - 14s/epoch - 4ms/step
Epoch 43/100
3125/3125 - 14s - loss: 0.4454 - accuracy: 0.8514 - val_loss: 0.8448 - val_accuracy: 0.7499 - 14s/epoch - 5ms/step
Epoch 44/100
3125/3125 - 14s - loss: 0.4256 - accuracy: 0.8607 - val_loss: 0.8685 - val_accuracy: 0.7523 - 14s/epoch - 5ms/step
Epoch 45/100
3125/3125 - 14s - loss: 0.4042 - accuracy: 0.8662 - val_loss: 0.8665 - val_accuracy: 0.7507 - 14s/epoch - 5ms/step
Epoch 46/100
3125/3125 - 14s - loss: 0.3885 - accuracy: 0.8711 - val_loss: 0.8922 - val_accuracy: 0.7477 - 14s/epoch - 5ms/step
Epoch 47/100
3125/3125 - 14s - loss: 0.3710 - accuracy: 0.8779 - val_loss: 0.9369 - val_accuracy: 0.7504 - 14s/epoch - 5ms/step
Epoch 48/100
3125/3125 - 14s - loss: 0.3448 - accuracy: 0.8856 - val_loss: 0.9678 - val_accuracy: 0.7505 - 14s/epoch - 4ms/step
Epoch 49/100
3125/3125 - 14s - loss: 0.3306 - accuracy: 0.8929 - val_loss: 0.9318 - val_accuracy: 0.7522 - 14s/epoch - 4ms/step
Epoch 50/100
3125/3125 - 14s - loss: 0.3170 - accuracy: 0.8985 - val_loss: 0.9549 - val_accuracy: 0.7575 - 14s/epoch - 4ms/step
Epoch 51/100
3125/3125 - 14s - loss: 0.2993 - accuracy: 0.9022 - val_loss: 0.9532 - val_accuracy: 0.7546 - 14s/epoch - 5ms/step
Epoch 52/100
3125/3125 - 14s - loss: 0.2865 - accuracy: 0.9063 - val_loss: 0.9795 - val_accuracy: 0.7575 - 14s/epoch - 5ms/step
Epoch 53/100
3125/3125 - 14s - loss: 0.2722 - accuracy: 0.9123 - val_loss: 1.0067 - val_accuracy: 0.7567 - 14s/epoch - 5ms/step
Epoch 54/100
3125/3125 - 14s - loss: 0.2590 - accuracy: 0.9160 - val_loss: 1.0303 - val_accuracy: 0.7542 - 14s/epoch - 5ms/step
Epoch 55/100
3125/3125 - 14s - loss: 0.2425 - accuracy: 0.9211 - val_loss: 1.0471 - val_accuracy: 0.7557 - 14s/epoch - 5ms/step
Epoch 56/100
3125/3125 - 14s - loss: 0.2355 - accuracy: 0.9243 - val_loss: 1.0206 - val_accuracy: 0.7578 - 14s/epoch - 5ms/step
Epoch 57/100
3125/3125 - 14s - loss: 0.2236 - accuracy: 0.9285 - val_loss: 1.0784 - val_accuracy: 0.7581 - 14s/epoch - 5ms/step
Epoch 58/100
3125/3125 - 14s - loss: 0.2126 - accuracy: 0.9322 - val_loss: 1.0872 - val_accuracy: 0.7593 - 14s/epoch - 5ms/step
Epoch 59/100
3125/3125 - 14s - loss: 0.1985 - accuracy: 0.9371 - val_loss: 1.1058 - val_accuracy: 0.7593 - 14s/epoch - 5ms/step
Epoch 60/100
3125/3125 - 14s - loss: 0.1935 - accuracy: 0.9374 - val_loss: 1.1170 - val_accuracy: 0.7553 - 14s/epoch - 5ms/step
Epoch 61/100
3125/3125 - 14s - loss: 0.1821 - accuracy: 0.9433 - val_loss: 1.2195 - val_accuracy: 0.7548 - 14s/epoch - 5ms/step
Epoch 62/100
3125/3125 - 14s - loss: 0.1743 - accuracy: 0.9455 - val_loss: 1.1992 - val_accuracy: 0.7549 - 14s/epoch - 5ms/step
Epoch 63/100
3125/3125 - 14s - loss: 0.1656 - accuracy: 0.9475 - val_loss: 1.2083 - val_accuracy: 0.7556 - 14s/epoch - 5ms/step
Epoch 64/100
3125/3125 - 14s - loss: 0.1572 - accuracy: 0.9501 - val_loss: 1.2493 - val_accuracy: 0.7561 - 14s/epoch - 5ms/step
Epoch 65/100
3125/3125 - 14s - loss: 0.1533 - accuracy: 0.9514 - val_loss: 1.3005 - val_accuracy: 0.7564 - 14s/epoch - 5ms/step
Epoch 66/100
3125/3125 - 14s - loss: 0.1470 - accuracy: 0.9536 - val_loss: 1.3220 - val_accuracy: 0.7554 - 14s/epoch - 5ms/step
Epoch 67/100
3125/3125 - 14s - loss: 0.1386 - accuracy: 0.9565 - val_loss: 1.2660 - val_accuracy: 0.7586 - 14s/epoch - 5ms/step
Epoch 68/100
3125/3125 - 14s - loss: 0.1318 - accuracy: 0.9589 - val_loss: 1.3105 - val_accuracy: 0.7571 - 14s/epoch - 5ms/step
Epoch 69/100
3125/3125 - 14s - loss: 0.1285 - accuracy: 0.9607 - val_loss: 1.3242 - val_accuracy: 0.7536 - 14s/epoch - 5ms/step
Epoch 70/100
3125/3125 - 14s - loss: 0.1232 - accuracy: 0.9618 - val_loss: 1.3335 - val_accuracy: 0.7547 - 14s/epoch - 5ms/step
Epoch 71/100
3125/3125 - 14s - loss: 0.1166 - accuracy: 0.9640 - val_loss: 1.4065 - val_accuracy: 0.7558 - 14s/epoch - 5ms/step
Epoch 72/100
3125/3125 - 14s - loss: 0.1110 - accuracy: 0.9664 - val_loss: 1.4080 - val_accuracy: 0.7579 - 14s/epoch - 5ms/step
Epoch 73/100
3125/3125 - 14s - loss: 0.1082 - accuracy: 0.9666 - val_loss: 1.3634 - val_accuracy: 0.7594 - 14s/epoch - 5ms/step
Epoch 74/100
3125/3125 - 14s - loss: 0.1070 - accuracy: 0.9671 - val_loss: 1.4273 - val_accuracy: 0.7583 - 14s/epoch - 5ms/step
Epoch 75/100
3125/3125 - 14s - loss: 0.0977 - accuracy: 0.9704 - val_loss: 1.5358 - val_accuracy: 0.7549 - 14s/epoch - 5ms/step
Epoch 76/100
3125/3125 - 14s - loss: 0.0979 - accuracy: 0.9698 - val_loss: 1.4704 - val_accuracy: 0.7549 - 14s/epoch - 5ms/step
Epoch 77/100
3125/3125 - 14s - loss: 0.0926 - accuracy: 0.9719 - val_loss: 1.4768 - val_accuracy: 0.7551 - 14s/epoch - 5ms/step
Epoch 78/100
3125/3125 - 14s - loss: 0.0906 - accuracy: 0.9729 - val_loss: 1.4519 - val_accuracy: 0.7588 - 14s/epoch - 5ms/step
Epoch 79/100
3125/3125 - 14s - loss: 0.0869 - accuracy: 0.9730 - val_loss: 1.5760 - val_accuracy: 0.7571 - 14s/epoch - 5ms/step
Epoch 80/100
Restoring model weights from the end of the best epoch: 50.
3125/3125 - 14s - loss: 0.0837 - accuracy: 0.9738 - val_loss: 1.5204 - val_accuracy: 0.7577 - 14s/epoch - 5ms/step
Epoch 80: early stopping
313/313 - 1s - loss: 0.9549 - accuracy: 0.7575 - 937ms/epoch - 3ms/step

ACCURACY: 0.7574999928474426


SCORE: -0.7514220989932098

[92m | MODULE VALUES ---------------------------------------------  |
 [0m
FLOPS: 39413948
PARAMS: 4413738.0
[92m 
 | -----------------------------------------------------------  |
 [0m
[INFO] New Best Score: -0.7514 (Previous: -0.6500)

--- BANANAS ITERATION 6 / 1000 ---
Chosen point: {'num_neurons': 64, 'unit_c1': 2, 'unit_c2': 1, 'dr_f': 0.4687623347883467, 'learning_rate': 0.0008497917660156003, 'batch_size': 16, 'optimizer': 'Adamax', 'activation': 'elu', 'data_augmentation': False, 'reg_l2': True, 'skip_connection': False, 'new_fc_1': 29, 'new_fc_2': 20, 'new_fc_3': 1, 'new_fc_4': 25, 'new_fc_5': 13, 'new_fc_6': 24, 'new_fc_7': 17, 'new_fc_8': 28, 'new_fc_9': 4, 'new_fc_10': 28}
[94m
|  --> START TRAINING ITERATION 5[0m
[INFO] Flags -> DA: False, L2: True, Skip: False
Building model with input_shape=(32, 32, 3), pos_input_shape=None, layer_x_block=2
Model: "model"
_________________________________________________________________
 Layer (type)                Output Shape              Param #   
=================================================================
 input_1 (InputLayer)        [(None, 32, 32, 3)]       0         
                                                                 
 conv2d (Conv2D)             (None, 32, 32, 128)       3584      
                                                                 
 activation (Activation)     (None, 32, 32, 128)       0         
                                                                 
 conv2d_1 (Conv2D)           (None, 32, 32, 128)       147584    
                                                                 
 activation_1 (Activation)   (None, 32, 32, 128)       0         
                                                                 
 max_pooling2d (MaxPooling2  (None, 16, 16, 128)       0         
 D)                                                              
                                                                 
 conv2d_2 (Conv2D)           (None, 16, 16, 64)        73792     
                                                                 
 activation_2 (Activation)   (None, 16, 16, 64)        0         
                                                                 
 conv2d_3 (Conv2D)           (None, 16, 16, 64)        36928     
                                                                 
 activation_3 (Activation)   (None, 16, 16, 64)        0         
                                                                 
 max_pooling2d_1 (MaxPoolin  (None, 8, 8, 64)          0         
 g2D)                                                            
                                                                 
 flatten (Flatten)           (None, 4096)              0         
                                                                 
 dense (Dense)               (None, 1856)              7604032   
                                                                 
 activation_4 (Activation)   (None, 1856)              0         
                                                                 
 dropout (Dropout)           (None, 1856)              0         
                                                                 
 dense_1 (Dense)             (None, 1280)              2376960   
                                                                 
 activation_5 (Activation)   (None, 1280)              0         
                                                                 
 dropout_1 (Dropout)         (None, 1280)              0         
                                                                 
 dense_2 (Dense)             (None, 64)                81984     
                                                                 
 activation_6 (Activation)   (None, 64)                0         
                                                                 
 dropout_2 (Dropout)         (None, 64)                0         
                                                                 
 dense_3 (Dense)             (None, 1600)              104000    
                                                                 
 activation_7 (Activation)   (None, 1600)              0         
                                                                 
 dropout_3 (Dropout)         (None, 1600)              0         
                                                                 
 dense_4 (Dense)             (None, 832)               1332032   
                                                                 
 activation_8 (Activation)   (None, 832)               0         
                                                                 
 dropout_4 (Dropout)         (None, 832)               0         
                                                                 
 dense_5 (Dense)             (None, 1536)              1279488   
                                                                 
 activation_9 (Activation)   (None, 1536)              0         
                                                                 
 dropout_5 (Dropout)         (None, 1536)              0         
                                                                 
 dense_6 (Dense)             (None, 1088)              1672256   
                                                                 
 activation_10 (Activation)  (None, 1088)              0         
                                                                 
 dropout_6 (Dropout)         (None, 1088)              0         
                                                                 
 dense_7 (Dense)             (None, 1792)              1951488   
                                                                 
 activation_11 (Activation)  (None, 1792)              0         
                                                                 
 dropout_7 (Dropout)         (None, 1792)              0         
                                                                 
 dense_8 (Dense)             (None, 256)               459008    
                                                                 
 activation_12 (Activation)  (None, 256)               0         
                                                                 
 dropout_8 (Dropout)         (None, 256)               0         
                                                                 
 dense_9 (Dense)             (None, 1792)              460544    
                                                                 
 activation_13 (Activation)  (None, 1792)              0         
                                                                 
 dropout_9 (Dropout)         (None, 1792)              0         
                                                                 
 dense_10 (Dense)            (None, 10)                17930     
                                                                 
=================================================================
Total params: 17601610 (67.14 MB)
Trainable params: 17601610 (67.14 MB)
Non-trainable params: 0 (0.00 Byte)
_________________________________________________________________
[WARNING] Constraint Violated: FLOPs 400800636 > 150000000 or Params 17601610.0 > 15000000000

ACCURACY: 0.0


SCORE: 10000000000.0

[92m | MODULE VALUES ---------------------------------------------  |
 [0m
FLOPS: 400800636
PARAMS: 17601610.0
[92m 
 | -----------------------------------------------------------  |
 [0m

--- BANANAS ITERATION 7 / 1000 ---
Chosen point: {'num_neurons': 64, 'unit_c1': 1, 'unit_c2': 1, 'dr_f': 0.07773962891414271, 'learning_rate': 0.0005010552737583037, 'batch_size': 32, 'optimizer': 'SGD', 'activation': 'relu', 'data_augmentation': False, 'reg_l2': True, 'skip_connection': False, 'new_fc_1': 11, 'new_fc_2': 3, 'new_fc_3': 24, 'new_fc_4': 13, 'new_fc_5': 26, 'new_fc_6': 12, 'new_fc_7': 27, 'new_fc_8': 28, 'new_fc_9': 25, 'new_fc_10': 11}
[94m
|  --> START TRAINING ITERATION 6[0m
[INFO] Flags -> DA: False, L2: True, Skip: False
Building model with input_shape=(32, 32, 3), pos_input_shape=None, layer_x_block=2
Model: "model"
_________________________________________________________________
 Layer (type)                Output Shape              Param #   
=================================================================
 input_1 (InputLayer)        [(None, 32, 32, 3)]       0         
                                                                 
 conv2d (Conv2D)             (None, 32, 32, 64)        1792      
                                                                 
 activation (Activation)     (None, 32, 32, 64)        0         
                                                                 
 conv2d_1 (Conv2D)           (None, 32, 32, 64)        36928     
                                                                 
 activation_1 (Activation)   (None, 32, 32, 64)        0         
                                                                 
 max_pooling2d (MaxPooling2  (None, 16, 16, 64)        0         
 D)                                                              
                                                                 
 conv2d_2 (Conv2D)           (None, 16, 16, 64)        36928     
                                                                 
 activation_2 (Activation)   (None, 16, 16, 64)        0         
                                                                 
 conv2d_3 (Conv2D)           (None, 16, 16, 64)        36928     
                                                                 
 activation_3 (Activation)   (None, 16, 16, 64)        0         
                                                                 
 max_pooling2d_1 (MaxPoolin  (None, 8, 8, 64)          0         
 g2D)                                                            
                                                                 
 flatten (Flatten)           (None, 4096)              0         
                                                                 
 dense (Dense)               (None, 704)               2884288   
                                                                 
 activation_4 (Activation)   (None, 704)               0         
                                                                 
 dropout (Dropout)           (None, 704)               0         
                                                                 
 dense_1 (Dense)             (None, 192)               135360    
                                                                 
 activation_5 (Activation)   (None, 192)               0         
                                                                 
 dropout_1 (Dropout)         (None, 192)               0         
                                                                 
 dense_2 (Dense)             (None, 1536)              296448    
                                                                 
 activation_6 (Activation)   (None, 1536)              0         
                                                                 
 dropout_2 (Dropout)         (None, 1536)              0         
                                                                 
 dense_3 (Dense)             (None, 832)               1278784   
                                                                 
 activation_7 (Activation)   (None, 832)               0         
                                                                 
 dropout_3 (Dropout)         (None, 832)               0         
                                                                 
 dense_4 (Dense)             (None, 1664)              1386112   
                                                                 
 activation_8 (Activation)   (None, 1664)              0         
                                                                 
 dropout_4 (Dropout)         (None, 1664)              0         
                                                                 
 dense_5 (Dense)             (None, 768)               1278720   
                                                                 
 activation_9 (Activation)   (None, 768)               0         
                                                                 
 dropout_5 (Dropout)         (None, 768)               0         
                                                                 
 dense_6 (Dense)             (None, 1728)              1328832   
                                                                 
 activation_10 (Activation)  (None, 1728)              0         
                                                                 
 dropout_6 (Dropout)         (None, 1728)              0         
                                                                 
 dense_7 (Dense)             (None, 1792)              3098368   
                                                                 
 activation_11 (Activation)  (None, 1792)              0         
                                                                 
 dropout_7 (Dropout)         (None, 1792)              0         
                                                                 
 dense_8 (Dense)             (None, 1600)              2868800   
                                                                 
 activation_12 (Activation)  (None, 1600)              0         
                                                                 
 dropout_8 (Dropout)         (None, 1600)              0         
                                                                 
 dense_9 (Dense)             (None, 704)               1127104   
                                                                 
 activation_13 (Activation)  (None, 704)               0         
                                                                 
 dropout_9 (Dropout)         (None, 704)               0         
                                                                 
 dense_10 (Dense)            (None, 10)                7050      
                                                                 
=================================================================
Total params: 15802442 (60.28 MB)
Trainable params: 15802442 (60.28 MB)
Non-trainable params: 0 (0.00 Byte)
_________________________________________________________________
Epoch 1/100
1563/1563 - 12s - loss: 108.4938 - accuracy: 0.1002 - val_loss: 106.8516 - val_accuracy: 0.1108 - 12s/epoch - 8ms/step
Epoch 2/100
1563/1563 - 10s - loss: 105.2467 - accuracy: 0.1109 - val_loss: 103.6549 - val_accuracy: 0.1632 - 10s/epoch - 7ms/step
Epoch 3/100
1563/1563 - 11s - loss: 102.0994 - accuracy: 0.1303 - val_loss: 100.5566 - val_accuracy: 0.1475 - 11s/epoch - 7ms/step
Epoch 4/100
1563/1563 - 11s - loss: 99.0488 - accuracy: 0.1271 - val_loss: 97.5533 - val_accuracy: 0.1313 - 11s/epoch - 7ms/step
Epoch 5/100
1563/1563 - 11s - loss: 96.0919 - accuracy: 0.1194 - val_loss: 94.6425 - val_accuracy: 0.1174 - 11s/epoch - 7ms/step
Epoch 6/100
1563/1563 - 11s - loss: 93.2258 - accuracy: 0.1348 - val_loss: 91.8207 - val_accuracy: 0.1152 - 11s/epoch - 7ms/step
Epoch 7/100
1563/1563 - 11s - loss: 90.4477 - accuracy: 0.1403 - val_loss: 89.0859 - val_accuracy: 0.1267 - 11s/epoch - 7ms/step
Epoch 8/100
1563/1563 - 11s - loss: 87.7550 - accuracy: 0.1351 - val_loss: 86.4351 - val_accuracy: 0.1483 - 11s/epoch - 7ms/step
Epoch 9/100
1563/1563 - 11s - loss: 85.1448 - accuracy: 0.1417 - val_loss: 83.8653 - val_accuracy: 0.1447 - 11s/epoch - 7ms/step
Epoch 10/100
1563/1563 - 11s - loss: 82.6149 - accuracy: 0.1481 - val_loss: 81.3748 - val_accuracy: 0.1471 - 11s/epoch - 7ms/step
Epoch 11/100
1563/1563 - 11s - loss: 80.1626 - accuracy: 0.1401 - val_loss: 78.9606 - val_accuracy: 0.1580 - 11s/epoch - 7ms/step
Epoch 12/100
1563/1563 - 11s - loss: 77.7856 - accuracy: 0.1447 - val_loss: 76.6205 - val_accuracy: 0.1745 - 11s/epoch - 7ms/step
Epoch 13/100
1563/1563 - 11s - loss: 75.4815 - accuracy: 0.1398 - val_loss: 74.3519 - val_accuracy: 0.1798 - 11s/epoch - 7ms/step
Epoch 14/100
1563/1563 - 11s - loss: 73.2482 - accuracy: 0.1499 - val_loss: 72.1535 - val_accuracy: 0.1914 - 11s/epoch - 7ms/step
Epoch 15/100
1563/1563 - 11s - loss: 71.0834 - accuracy: 0.1330 - val_loss: 70.0221 - val_accuracy: 0.1946 - 11s/epoch - 7ms/step
Epoch 16/100
1563/1563 - 11s - loss: 68.9850 - accuracy: 0.1437 - val_loss: 67.9565 - val_accuracy: 0.1955 - 11s/epoch - 7ms/step
Epoch 17/100
1563/1563 - 11s - loss: 66.9510 - accuracy: 0.1492 - val_loss: 65.9539 - val_accuracy: 0.1899 - 11s/epoch - 7ms/step
Epoch 18/100
1563/1563 - 11s - loss: 64.9794 - accuracy: 0.1409 - val_loss: 64.0130 - val_accuracy: 0.1966 - 11s/epoch - 7ms/step
Epoch 19/100
1563/1563 - 10s - loss: 63.0683 - accuracy: 0.1418 - val_loss: 62.1315 - val_accuracy: 0.1915 - 10s/epoch - 7ms/step
Epoch 20/100
1563/1563 - 10s - loss: 61.2158 - accuracy: 0.1296 - val_loss: 60.3078 - val_accuracy: 0.1789 - 10s/epoch - 7ms/step
Epoch 21/100
1563/1563 - 10s - loss: 59.4202 - accuracy: 0.1244 - val_loss: 58.5399 - val_accuracy: 0.1619 - 10s/epoch - 7ms/step
Epoch 22/100
1563/1563 - 10s - loss: 57.6795 - accuracy: 0.1326 - val_loss: 56.8262 - val_accuracy: 0.1477 - 10s/epoch - 7ms/step
Epoch 23/100
1563/1563 - 10s - loss: 55.9923 - accuracy: 0.1180 - val_loss: 55.1651 - val_accuracy: 0.1560 - 10s/epoch - 7ms/step
Epoch 24/100
1563/1563 - 11s - loss: 54.3568 - accuracy: 0.1187 - val_loss: 53.5549 - val_accuracy: 0.1761 - 11s/epoch - 7ms/step
Epoch 25/100
1563/1563 - 11s - loss: 52.7714 - accuracy: 0.1282 - val_loss: 51.9942 - val_accuracy: 0.1940 - 11s/epoch - 7ms/step
Epoch 26/100
1563/1563 - 11s - loss: 51.2346 - accuracy: 0.1115 - val_loss: 50.4814 - val_accuracy: 0.1552 - 11s/epoch - 7ms/step
Epoch 27/100
1563/1563 - 11s - loss: 49.7450 - accuracy: 0.1070 - val_loss: 49.0147 - val_accuracy: 0.1546 - 11s/epoch - 7ms/step
Epoch 28/100
1563/1563 - 10s - loss: 48.3010 - accuracy: 0.1201 - val_loss: 47.5930 - val_accuracy: 0.1592 - 10s/epoch - 7ms/step
Epoch 29/100
1563/1563 - 10s - loss: 46.9013 - accuracy: 0.1133 - val_loss: 46.2151 - val_accuracy: 0.1503 - 10s/epoch - 7ms/step
Epoch 30/100
1563/1563 - 11s - loss: 45.5444 - accuracy: 0.1139 - val_loss: 44.8792 - val_accuracy: 0.1454 - 11s/epoch - 7ms/step
Epoch 31/100
1563/1563 - 11s - loss: 44.2292 - accuracy: 0.1102 - val_loss: 43.5843 - val_accuracy: 0.1340 - 11s/epoch - 7ms/step
Epoch 32/100
1563/1563 - 11s - loss: 42.9542 - accuracy: 0.1092 - val_loss: 42.3291 - val_accuracy: 0.1206 - 11s/epoch - 7ms/step
Epoch 33/100
1563/1563 - 11s - loss: 41.7183 - accuracy: 0.1041 - val_loss: 41.1124 - val_accuracy: 0.1672 - 11s/epoch - 7ms/step
Epoch 34/100
1563/1563 - 11s - loss: 40.5202 - accuracy: 0.1043 - val_loss: 39.9329 - val_accuracy: 0.1424 - 11s/epoch - 7ms/step
Epoch 35/100
1563/1563 - 11s - loss: 39.3589 - accuracy: 0.1004 - val_loss: 38.7897 - val_accuracy: 0.1000 - 11s/epoch - 7ms/step
Epoch 36/100
1563/1563 - 11s - loss: 38.2331 - accuracy: 0.1031 - val_loss: 37.6813 - val_accuracy: 0.1000 - 11s/epoch - 7ms/step
Epoch 37/100
1563/1563 - 11s - loss: 37.1418 - accuracy: 0.1016 - val_loss: 36.6068 - val_accuracy: 0.1000 - 11s/epoch - 7ms/step
Epoch 38/100
1563/1563 - 11s - loss: 36.0839 - accuracy: 0.1002 - val_loss: 35.5654 - val_accuracy: 0.1590 - 11s/epoch - 7ms/step
Epoch 39/100
1563/1563 - 11s - loss: 35.0584 - accuracy: 0.1006 - val_loss: 34.5557 - val_accuracy: 0.1152 - 11s/epoch - 7ms/step
Epoch 40/100
1563/1563 - 11s - loss: 34.0643 - accuracy: 0.0997 - val_loss: 33.5771 - val_accuracy: 0.1000 - 11s/epoch - 7ms/step
Epoch 41/100
1563/1563 - 11s - loss: 33.1006 - accuracy: 0.0999 - val_loss: 32.6282 - val_accuracy: 0.1000 - 11s/epoch - 7ms/step
Epoch 42/100
1563/1563 - 11s - loss: 32.1664 - accuracy: 0.0976 - val_loss: 31.7085 - val_accuracy: 0.1000 - 11s/epoch - 7ms/step
Epoch 43/100
1563/1563 - 11s - loss: 31.2608 - accuracy: 0.0984 - val_loss: 30.8169 - val_accuracy: 0.1000 - 11s/epoch - 7ms/step
Epoch 44/100
1563/1563 - 11s - loss: 30.3830 - accuracy: 0.0996 - val_loss: 29.9526 - val_accuracy: 0.1131 - 11s/epoch - 7ms/step
Epoch 45/100
1563/1563 - 11s - loss: 29.5319 - accuracy: 0.0980 - val_loss: 29.1148 - val_accuracy: 0.1000 - 11s/epoch - 7ms/step
Epoch 46/100
1563/1563 - 11s - loss: 28.7069 - accuracy: 0.0990 - val_loss: 28.3026 - val_accuracy: 0.1000 - 11s/epoch - 7ms/step
Epoch 47/100
1563/1563 - 11s - loss: 27.9072 - accuracy: 0.0984 - val_loss: 27.5151 - val_accuracy: 0.1000 - 11s/epoch - 7ms/step
Epoch 48/100
Restoring model weights from the end of the best epoch: 18.
1563/1563 - 11s - loss: 27.1319 - accuracy: 0.0973 - val_loss: 26.7519 - val_accuracy: 0.1000 - 11s/epoch - 7ms/step
Epoch 48: early stopping
313/313 - 1s - loss: 64.0130 - accuracy: 0.1966 - 768ms/epoch - 2ms/step

ACCURACY: 0.19660000503063202


SCORE: -0.1408216755214424

[92m | MODULE VALUES ---------------------------------------------  |
 [0m
FLOPS: 148399164
PARAMS: 15802442.0
[92m 
 | -----------------------------------------------------------  |
 [0m

--- BANANAS ITERATION 8 / 1000 ---
Chosen point: {'num_neurons': 4, 'unit_c1': 1, 'unit_c2': 2, 'dr_f': 0.18974706413637593, 'learning_rate': 0.0007247344753647696, 'batch_size': 64, 'optimizer': 'Adamax', 'activation': 'elu', 'data_augmentation': True, 'reg_l2': False, 'skip_connection': False, 'new_fc_1': 16, 'new_fc_2': 17, 'new_fc_3': 15, 'new_fc_4': 5, 'new_fc_5': 8, 'new_fc_6': 25, 'new_fc_7': 32, 'new_fc_8': 24, 'new_fc_9': 18, 'new_fc_10': 18}
[94m
|  --> START TRAINING ITERATION 7[0m
[INFO] Flags -> DA: True, L2: False, Skip: False
Building model with input_shape=(32, 32, 3), pos_input_shape=None, layer_x_block=2
Model: "model"
_________________________________________________________________
 Layer (type)                Output Shape              Param #   
=================================================================
 input_2 (InputLayer)        [(None, 32, 32, 3)]       0         
                                                                 
 conv2d (Conv2D)             (None, 32, 32, 4)         112       
                                                                 
 activation (Activation)     (None, 32, 32, 4)         0         
                                                                 
 conv2d_1 (Conv2D)           (None, 32, 32, 4)         148       
                                                                 
 activation_1 (Activation)   (None, 32, 32, 4)         0         
                                                                 
 max_pooling2d (MaxPooling2  (None, 16, 16, 4)         0         
 D)                                                              
                                                                 
 conv2d_2 (Conv2D)           (None, 16, 16, 8)         296       
                                                                 
 activation_2 (Activation)   (None, 16, 16, 8)         0         
                                                                 
 conv2d_3 (Conv2D)           (None, 16, 16, 8)         584       
                                                                 
 activation_3 (Activation)   (None, 16, 16, 8)         0         
                                                                 
 max_pooling2d_1 (MaxPoolin  (None, 8, 8, 8)           0         
 g2D)                                                            
                                                                 
 flatten (Flatten)           (None, 512)               0         
                                                                 
 dense (Dense)               (None, 64)                32832     
                                                                 
 activation_4 (Activation)   (None, 64)                0         
                                                                 
 dropout (Dropout)           (None, 64)                0         
                                                                 
 dense_1 (Dense)             (None, 68)                4420      
                                                                 
 activation_5 (Activation)   (None, 68)                0         
                                                                 
 dropout_1 (Dropout)         (None, 68)                0         
                                                                 
 dense_2 (Dense)             (None, 60)                4140      
                                                                 
 activation_6 (Activation)   (None, 60)                0         
                                                                 
 dropout_2 (Dropout)         (None, 60)                0         
                                                                 
 dense_3 (Dense)             (None, 20)                1220      
                                                                 
 activation_7 (Activation)   (None, 20)                0         
                                                                 
 dropout_3 (Dropout)         (None, 20)                0         
                                                                 
 dense_4 (Dense)             (None, 32)                672       
                                                                 
 activation_8 (Activation)   (None, 32)                0         
                                                                 
 dropout_4 (Dropout)         (None, 32)                0         
                                                                 
 dense_5 (Dense)             (None, 100)               3300      
                                                                 
 activation_9 (Activation)   (None, 100)               0         
                                                                 
 dropout_5 (Dropout)         (None, 100)               0         
                                                                 
 dense_6 (Dense)             (None, 128)               12928     
                                                                 
 activation_10 (Activation)  (None, 128)               0         
                                                                 
 dropout_6 (Dropout)         (None, 128)               0         
                                                                 
 dense_7 (Dense)             (None, 96)                12384     
                                                                 
 activation_11 (Activation)  (None, 96)                0         
                                                                 
 dropout_7 (Dropout)         (None, 96)                0         
                                                                 
 dense_8 (Dense)             (None, 72)                6984      
                                                                 
 activation_12 (Activation)  (None, 72)                0         
                                                                 
 dropout_8 (Dropout)         (None, 72)                0         
                                                                 
 dense_9 (Dense)             (None, 72)                5256      
                                                                 
 activation_13 (Activation)  (None, 72)                0         
                                                                 
 dropout_9 (Dropout)         (None, 72)                0         
                                                                 
 dense_10 (Dense)            (None, 10)                730       
                                                                 
=================================================================
Total params: 86006 (335.96 KB)
Trainable params: 86006 (335.96 KB)
Non-trainable params: 0 (0.00 Byte)
_________________________________________________________________
Epoch 1/100
782/782 - 6s - loss: 1.9393 - accuracy: 0.2509 - val_loss: 1.6868 - val_accuracy: 0.3645 - 6s/epoch - 8ms/step
Epoch 2/100
782/782 - 3s - loss: 1.7462 - accuracy: 0.3373 - val_loss: 1.5965 - val_accuracy: 0.3943 - 3s/epoch - 4ms/step
Epoch 3/100
782/782 - 3s - loss: 1.6546 - accuracy: 0.3822 - val_loss: 1.4738 - val_accuracy: 0.4485 - 3s/epoch - 4ms/step
Epoch 4/100
782/782 - 3s - loss: 1.5928 - accuracy: 0.4093 - val_loss: 1.4405 - val_accuracy: 0.4709 - 3s/epoch - 4ms/step
Epoch 5/100
782/782 - 3s - loss: 1.5487 - accuracy: 0.4312 - val_loss: 1.3893 - val_accuracy: 0.4896 - 3s/epoch - 4ms/step
Epoch 6/100
782/782 - 3s - loss: 1.5190 - accuracy: 0.4442 - val_loss: 1.3760 - val_accuracy: 0.5005 - 3s/epoch - 4ms/step
Epoch 7/100
782/782 - 3s - loss: 1.4976 - accuracy: 0.4547 - val_loss: 1.3497 - val_accuracy: 0.5124 - 3s/epoch - 4ms/step
Epoch 8/100
782/782 - 3s - loss: 1.4811 - accuracy: 0.4617 - val_loss: 1.3291 - val_accuracy: 0.5229 - 3s/epoch - 4ms/step
Epoch 9/100
782/782 - 3s - loss: 1.4643 - accuracy: 0.4692 - val_loss: 1.3178 - val_accuracy: 0.5238 - 3s/epoch - 4ms/step
Epoch 10/100
782/782 - 3s - loss: 1.4516 - accuracy: 0.4779 - val_loss: 1.3129 - val_accuracy: 0.5307 - 3s/epoch - 4ms/step
Epoch 11/100
782/782 - 3s - loss: 1.4356 - accuracy: 0.4852 - val_loss: 1.3068 - val_accuracy: 0.5254 - 3s/epoch - 4ms/step
Epoch 12/100
782/782 - 3s - loss: 1.4252 - accuracy: 0.4882 - val_loss: 1.3043 - val_accuracy: 0.5277 - 3s/epoch - 4ms/step
Epoch 13/100
782/782 - 3s - loss: 1.4135 - accuracy: 0.4923 - val_loss: 1.2947 - val_accuracy: 0.5376 - 3s/epoch - 4ms/step
Epoch 14/100
782/782 - 3s - loss: 1.4053 - accuracy: 0.4970 - val_loss: 1.2864 - val_accuracy: 0.5392 - 3s/epoch - 4ms/step
Epoch 15/100
782/782 - 3s - loss: 1.4003 - accuracy: 0.5029 - val_loss: 1.2816 - val_accuracy: 0.5409 - 3s/epoch - 4ms/step
Epoch 16/100
782/782 - 3s - loss: 1.3860 - accuracy: 0.5058 - val_loss: 1.2989 - val_accuracy: 0.5342 - 3s/epoch - 4ms/step
Epoch 17/100
782/782 - 3s - loss: 1.3796 - accuracy: 0.5080 - val_loss: 1.2824 - val_accuracy: 0.5412 - 3s/epoch - 4ms/step
Epoch 18/100
782/782 - 3s - loss: 1.3727 - accuracy: 0.5113 - val_loss: 1.2755 - val_accuracy: 0.5412 - 3s/epoch - 4ms/step
Epoch 19/100
782/782 - 3s - loss: 1.3622 - accuracy: 0.5143 - val_loss: 1.2754 - val_accuracy: 0.5440 - 3s/epoch - 4ms/step
Epoch 20/100
782/782 - 3s - loss: 1.3552 - accuracy: 0.5180 - val_loss: 1.2583 - val_accuracy: 0.5434 - 3s/epoch - 4ms/step
Epoch 21/100
782/782 - 3s - loss: 1.3485 - accuracy: 0.5225 - val_loss: 1.2566 - val_accuracy: 0.5451 - 3s/epoch - 4ms/step
Epoch 22/100
782/782 - 3s - loss: 1.3377 - accuracy: 0.5246 - val_loss: 1.2728 - val_accuracy: 0.5386 - 3s/epoch - 4ms/step
Epoch 23/100
782/782 - 3s - loss: 1.3357 - accuracy: 0.5253 - val_loss: 1.2663 - val_accuracy: 0.5537 - 3s/epoch - 4ms/step
Epoch 24/100
782/782 - 3s - loss: 1.3300 - accuracy: 0.5298 - val_loss: 1.2281 - val_accuracy: 0.5624 - 3s/epoch - 4ms/step
Epoch 25/100
782/782 - 3s - loss: 1.3198 - accuracy: 0.5347 - val_loss: 1.2330 - val_accuracy: 0.5614 - 3s/epoch - 4ms/step
Epoch 26/100
782/782 - 3s - loss: 1.3157 - accuracy: 0.5332 - val_loss: 1.2261 - val_accuracy: 0.5667 - 3s/epoch - 4ms/step
Epoch 27/100
782/782 - 3s - loss: 1.3095 - accuracy: 0.5392 - val_loss: 1.2417 - val_accuracy: 0.5601 - 3s/epoch - 4ms/step
Epoch 28/100
782/782 - 3s - loss: 1.3017 - accuracy: 0.5431 - val_loss: 1.2136 - val_accuracy: 0.5722 - 3s/epoch - 4ms/step
Epoch 29/100
782/782 - 3s - loss: 1.2984 - accuracy: 0.5435 - val_loss: 1.2188 - val_accuracy: 0.5705 - 3s/epoch - 4ms/step
Epoch 30/100
782/782 - 3s - loss: 1.2898 - accuracy: 0.5464 - val_loss: 1.2279 - val_accuracy: 0.5665 - 3s/epoch - 4ms/step
Epoch 31/100
782/782 - 3s - loss: 1.2848 - accuracy: 0.5493 - val_loss: 1.2056 - val_accuracy: 0.5755 - 3s/epoch - 4ms/step
Epoch 32/100
782/782 - 3s - loss: 1.2737 - accuracy: 0.5552 - val_loss: 1.2053 - val_accuracy: 0.5771 - 3s/epoch - 4ms/step
Epoch 33/100
782/782 - 3s - loss: 1.2745 - accuracy: 0.5539 - val_loss: 1.1991 - val_accuracy: 0.5745 - 3s/epoch - 4ms/step
Epoch 34/100
782/782 - 3s - loss: 1.2648 - accuracy: 0.5562 - val_loss: 1.2013 - val_accuracy: 0.5754 - 3s/epoch - 4ms/step
Epoch 35/100
782/782 - 3s - loss: 1.2577 - accuracy: 0.5641 - val_loss: 1.1926 - val_accuracy: 0.5772 - 3s/epoch - 4ms/step
Epoch 36/100
782/782 - 3s - loss: 1.2551 - accuracy: 0.5624 - val_loss: 1.1904 - val_accuracy: 0.5865 - 3s/epoch - 4ms/step
Epoch 37/100
782/782 - 3s - loss: 1.2552 - accuracy: 0.5631 - val_loss: 1.1790 - val_accuracy: 0.5851 - 3s/epoch - 4ms/step
Epoch 38/100
782/782 - 3s - loss: 1.2522 - accuracy: 0.5619 - val_loss: 1.1738 - val_accuracy: 0.5895 - 3s/epoch - 4ms/step
Epoch 39/100
782/782 - 3s - loss: 1.2451 - accuracy: 0.5669 - val_loss: 1.1767 - val_accuracy: 0.5931 - 3s/epoch - 4ms/step
Epoch 40/100
782/782 - 3s - loss: 1.2406 - accuracy: 0.5707 - val_loss: 1.1775 - val_accuracy: 0.5860 - 3s/epoch - 4ms/step
Epoch 41/100
782/782 - 3s - loss: 1.2329 - accuracy: 0.5729 - val_loss: 1.1752 - val_accuracy: 0.5913 - 3s/epoch - 4ms/step
Epoch 42/100
782/782 - 3s - loss: 1.2322 - accuracy: 0.5747 - val_loss: 1.1740 - val_accuracy: 0.5914 - 3s/epoch - 4ms/step
Epoch 43/100
782/782 - 3s - loss: 1.2248 - accuracy: 0.5764 - val_loss: 1.1634 - val_accuracy: 0.5962 - 3s/epoch - 4ms/step
Epoch 44/100
782/782 - 3s - loss: 1.2231 - accuracy: 0.5786 - val_loss: 1.1603 - val_accuracy: 0.5957 - 3s/epoch - 4ms/step
Epoch 45/100
782/782 - 3s - loss: 1.2178 - accuracy: 0.5800 - val_loss: 1.1546 - val_accuracy: 0.5979 - 3s/epoch - 4ms/step
Epoch 46/100
782/782 - 3s - loss: 1.2079 - accuracy: 0.5856 - val_loss: 1.1604 - val_accuracy: 0.6013 - 3s/epoch - 4ms/step
Epoch 47/100
782/782 - 3s - loss: 1.2066 - accuracy: 0.5869 - val_loss: 1.1649 - val_accuracy: 0.5972 - 3s/epoch - 4ms/step
Epoch 48/100
782/782 - 3s - loss: 1.2026 - accuracy: 0.5877 - val_loss: 1.1859 - val_accuracy: 0.5891 - 3s/epoch - 4ms/step
Epoch 49/100
782/782 - 3s - loss: 1.2023 - accuracy: 0.5891 - val_loss: 1.1630 - val_accuracy: 0.5974 - 3s/epoch - 4ms/step
Epoch 50/100
782/782 - 3s - loss: 1.1938 - accuracy: 0.5918 - val_loss: 1.1543 - val_accuracy: 0.5980 - 3s/epoch - 4ms/step
Epoch 51/100
782/782 - 3s - loss: 1.1918 - accuracy: 0.5944 - val_loss: 1.1446 - val_accuracy: 0.6037 - 3s/epoch - 4ms/step
Epoch 52/100
782/782 - 3s - loss: 1.1885 - accuracy: 0.5940 - val_loss: 1.1401 - val_accuracy: 0.6055 - 3s/epoch - 4ms/step
Epoch 53/100
782/782 - 3s - loss: 1.1854 - accuracy: 0.5967 - val_loss: 1.1345 - val_accuracy: 0.6133 - 3s/epoch - 4ms/step
Epoch 54/100
782/782 - 3s - loss: 1.1759 - accuracy: 0.6010 - val_loss: 1.1552 - val_accuracy: 0.6020 - 3s/epoch - 4ms/step
Epoch 55/100
782/782 - 3s - loss: 1.1743 - accuracy: 0.6014 - val_loss: 1.1377 - val_accuracy: 0.6128 - 3s/epoch - 4ms/step
Epoch 56/100
782/782 - 3s - loss: 1.1745 - accuracy: 0.6017 - val_loss: 1.1352 - val_accuracy: 0.6129 - 3s/epoch - 4ms/step
Epoch 57/100
782/782 - 3s - loss: 1.1713 - accuracy: 0.6046 - val_loss: 1.1449 - val_accuracy: 0.6086 - 3s/epoch - 4ms/step
Epoch 58/100
782/782 - 3s - loss: 1.1660 - accuracy: 0.6052 - val_loss: 1.1330 - val_accuracy: 0.6140 - 3s/epoch - 4ms/step
Epoch 59/100
782/782 - 3s - loss: 1.1627 - accuracy: 0.6090 - val_loss: 1.1306 - val_accuracy: 0.6145 - 3s/epoch - 4ms/step
Epoch 60/100
782/782 - 3s - loss: 1.1619 - accuracy: 0.6088 - val_loss: 1.1267 - val_accuracy: 0.6115 - 3s/epoch - 4ms/step
Epoch 61/100
782/782 - 3s - loss: 1.1591 - accuracy: 0.6092 - val_loss: 1.1247 - val_accuracy: 0.6150 - 3s/epoch - 4ms/step
Epoch 62/100
782/782 - 3s - loss: 1.1505 - accuracy: 0.6132 - val_loss: 1.1254 - val_accuracy: 0.6142 - 3s/epoch - 4ms/step
Epoch 63/100
782/782 - 3s - loss: 1.1484 - accuracy: 0.6125 - val_loss: 1.1212 - val_accuracy: 0.6170 - 3s/epoch - 4ms/step
Epoch 64/100
782/782 - 3s - loss: 1.1457 - accuracy: 0.6127 - val_loss: 1.1257 - val_accuracy: 0.6138 - 3s/epoch - 4ms/step
Epoch 65/100
782/782 - 3s - loss: 1.1476 - accuracy: 0.6150 - val_loss: 1.1239 - val_accuracy: 0.6177 - 3s/epoch - 4ms/step
Epoch 66/100
782/782 - 3s - loss: 1.1427 - accuracy: 0.6141 - val_loss: 1.1300 - val_accuracy: 0.6166 - 3s/epoch - 4ms/step
Epoch 67/100
782/782 - 3s - loss: 1.1403 - accuracy: 0.6158 - val_loss: 1.1289 - val_accuracy: 0.6152 - 3s/epoch - 4ms/step
Epoch 68/100
782/782 - 3s - loss: 1.1353 - accuracy: 0.6173 - val_loss: 1.1150 - val_accuracy: 0.6201 - 3s/epoch - 4ms/step
Epoch 69/100
782/782 - 3s - loss: 1.1332 - accuracy: 0.6219 - val_loss: 1.1231 - val_accuracy: 0.6169 - 3s/epoch - 4ms/step
Epoch 70/100
782/782 - 3s - loss: 1.1288 - accuracy: 0.6197 - val_loss: 1.1113 - val_accuracy: 0.6221 - 3s/epoch - 4ms/step
Epoch 71/100
782/782 - 3s - loss: 1.1245 - accuracy: 0.6233 - val_loss: 1.1167 - val_accuracy: 0.6200 - 3s/epoch - 4ms/step
Epoch 72/100
782/782 - 3s - loss: 1.1270 - accuracy: 0.6211 - val_loss: 1.1163 - val_accuracy: 0.6214 - 3s/epoch - 4ms/step
Epoch 73/100
782/782 - 3s - loss: 1.1193 - accuracy: 0.6247 - val_loss: 1.1093 - val_accuracy: 0.6202 - 3s/epoch - 4ms/step
Epoch 74/100
782/782 - 3s - loss: 1.1198 - accuracy: 0.6252 - val_loss: 1.1131 - val_accuracy: 0.6239 - 3s/epoch - 4ms/step
Epoch 75/100
782/782 - 3s - loss: 1.1135 - accuracy: 0.6296 - val_loss: 1.1062 - val_accuracy: 0.6224 - 3s/epoch - 4ms/step
Epoch 76/100
782/782 - 3s - loss: 1.1148 - accuracy: 0.6284 - val_loss: 1.1050 - val_accuracy: 0.6234 - 3s/epoch - 4ms/step
Epoch 77/100
782/782 - 3s - loss: 1.1102 - accuracy: 0.6284 - val_loss: 1.1035 - val_accuracy: 0.6242 - 3s/epoch - 4ms/step
Epoch 78/100
782/782 - 3s - loss: 1.1085 - accuracy: 0.6286 - val_loss: 1.0983 - val_accuracy: 0.6264 - 3s/epoch - 4ms/step
Epoch 79/100
782/782 - 3s - loss: 1.0991 - accuracy: 0.6322 - val_loss: 1.1001 - val_accuracy: 0.6235 - 3s/epoch - 4ms/step
Epoch 80/100
782/782 - 3s - loss: 1.1045 - accuracy: 0.6308 - val_loss: 1.1017 - val_accuracy: 0.6277 - 3s/epoch - 4ms/step
Epoch 81/100
782/782 - 3s - loss: 1.1016 - accuracy: 0.6314 - val_loss: 1.0989 - val_accuracy: 0.6309 - 3s/epoch - 4ms/step
Epoch 82/100
782/782 - 3s - loss: 1.0949 - accuracy: 0.6335 - val_loss: 1.0958 - val_accuracy: 0.6295 - 3s/epoch - 4ms/step
Epoch 83/100
782/782 - 3s - loss: 1.0932 - accuracy: 0.6346 - val_loss: 1.1004 - val_accuracy: 0.6296 - 3s/epoch - 4ms/step
Epoch 84/100
782/782 - 3s - loss: 1.0883 - accuracy: 0.6367 - val_loss: 1.1148 - val_accuracy: 0.6239 - 3s/epoch - 4ms/step
Epoch 85/100
782/782 - 3s - loss: 1.0873 - accuracy: 0.6376 - val_loss: 1.0890 - val_accuracy: 0.6362 - 3s/epoch - 4ms/step
Epoch 86/100
782/782 - 3s - loss: 1.0883 - accuracy: 0.6389 - val_loss: 1.0881 - val_accuracy: 0.6336 - 3s/epoch - 4ms/step
Epoch 87/100
782/782 - 3s - loss: 1.0845 - accuracy: 0.6401 - val_loss: 1.0876 - val_accuracy: 0.6336 - 3s/epoch - 4ms/step
Epoch 88/100
782/782 - 3s - loss: 1.0773 - accuracy: 0.6399 - val_loss: 1.0856 - val_accuracy: 0.6347 - 3s/epoch - 4ms/step
Epoch 89/100
782/782 - 3s - loss: 1.0774 - accuracy: 0.6427 - val_loss: 1.0988 - val_accuracy: 0.6279 - 3s/epoch - 4ms/step
Epoch 90/100
782/782 - 3s - loss: 1.0775 - accuracy: 0.6417 - val_loss: 1.0806 - val_accuracy: 0.6347 - 3s/epoch - 4ms/step
Epoch 91/100
782/782 - 3s - loss: 1.0710 - accuracy: 0.6448 - val_loss: 1.0875 - val_accuracy: 0.6376 - 3s/epoch - 4ms/step
Epoch 92/100
782/782 - 3s - loss: 1.0732 - accuracy: 0.6437 - val_loss: 1.0780 - val_accuracy: 0.6367 - 3s/epoch - 4ms/step
Epoch 93/100
782/782 - 3s - loss: 1.0677 - accuracy: 0.6442 - val_loss: 1.0786 - val_accuracy: 0.6354 - 3s/epoch - 4ms/step
Epoch 94/100
782/782 - 3s - loss: 1.0616 - accuracy: 0.6482 - val_loss: 1.0922 - val_accuracy: 0.6376 - 3s/epoch - 4ms/step
Epoch 95/100
782/782 - 3s - loss: 1.0598 - accuracy: 0.6484 - val_loss: 1.0753 - val_accuracy: 0.6367 - 3s/epoch - 4ms/step
Epoch 96/100
782/782 - 3s - loss: 1.0582 - accuracy: 0.6485 - val_loss: 1.0755 - val_accuracy: 0.6415 - 3s/epoch - 4ms/step
Epoch 97/100
782/782 - 3s - loss: 1.0568 - accuracy: 0.6497 - val_loss: 1.0712 - val_accuracy: 0.6427 - 3s/epoch - 4ms/step
Epoch 98/100
782/782 - 3s - loss: 1.0536 - accuracy: 0.6491 - val_loss: 1.0686 - val_accuracy: 0.6404 - 3s/epoch - 4ms/step
Epoch 99/100
782/782 - 3s - loss: 1.0533 - accuracy: 0.6493 - val_loss: 1.0683 - val_accuracy: 0.6379 - 3s/epoch - 4ms/step
Epoch 100/100
782/782 - 3s - loss: 1.0476 - accuracy: 0.6534 - val_loss: 1.0749 - val_accuracy: 0.6414 - 3s/epoch - 4ms/step
313/313 - 1s - loss: 1.0749 - accuracy: 0.6415 - 739ms/epoch - 2ms/step

ACCURACY: 0.6414999961853027


SCORE: -0.7467580853297119

[92m | MODULE VALUES ---------------------------------------------  |
 [0m
FLOPS: 1145956
PARAMS: 86006.0
[92m 
 | -----------------------------------------------------------  |
 [0m

--- BANANAS ITERATION 9 / 1000 ---
Chosen point: {'num_neurons': 16, 'unit_c1': 3, 'unit_c2': 2, 'dr_f': 0.18913123509685545, 'learning_rate': 0.00033146966762136914, 'batch_size': 64, 'optimizer': 'Adamax', 'activation': 'selu', 'data_augmentation': False, 'reg_l2': False, 'skip_connection': True, 'new_fc_1': 30, 'new_fc_2': 3, 'new_fc_3': 10, 'new_fc_4': 18, 'new_fc_5': 4, 'new_fc_6': 31, 'new_fc_7': 13, 'new_fc_8': 15, 'new_fc_9': 14, 'new_fc_10': 21}
[94m
|  --> START TRAINING ITERATION 8[0m
[INFO] Flags -> DA: False, L2: False, Skip: True
Building model with input_shape=(32, 32, 3), pos_input_shape=None, layer_x_block=2
Model: "model"
__________________________________________________________________________________________________
 Layer (type)                Output Shape                 Param #   Connected to                  
==================================================================================================
 input_1 (InputLayer)        [(None, 32, 32, 3)]          0         []                            
                                                                                                  
 conv2d (Conv2D)             (None, 32, 32, 48)           1344      ['input_1[0][0]']             
                                                                                                  
 activation (Activation)     (None, 32, 32, 48)           0         ['conv2d[0][0]']              
                                                                                                  
 conv2d_2 (Conv2D)           (None, 32, 32, 48)           192       ['input_1[0][0]']             
                                                                                                  
 conv2d_1 (Conv2D)           (None, 32, 32, 48)           20784     ['activation[0][0]']          
                                                                                                  
 add (Add)                   (None, 32, 32, 48)           0         ['conv2d_2[0][0]',            
                                                                     'conv2d_1[0][0]']            
                                                                                                  
 activation_1 (Activation)   (None, 32, 32, 48)           0         ['add[0][0]']                 
                                                                                                  
 max_pooling2d (MaxPooling2  (None, 16, 16, 48)           0         ['activation_1[0][0]']        
 D)                                                                                               
                                                                                                  
 conv2d_3 (Conv2D)           (None, 16, 16, 32)           13856     ['max_pooling2d[0][0]']       
                                                                                                  
 activation_2 (Activation)   (None, 16, 16, 32)           0         ['conv2d_3[0][0]']            
                                                                                                  
 conv2d_5 (Conv2D)           (None, 16, 16, 32)           1568      ['max_pooling2d[0][0]']       
                                                                                                  
 conv2d_4 (Conv2D)           (None, 16, 16, 32)           9248      ['activation_2[0][0]']        
                                                                                                  
 add_1 (Add)                 (None, 16, 16, 32)           0         ['conv2d_5[0][0]',            
                                                                     'conv2d_4[0][0]']            
                                                                                                  
 activation_3 (Activation)   (None, 16, 16, 32)           0         ['add_1[0][0]']               
                                                                                                  
 max_pooling2d_1 (MaxPoolin  (None, 8, 8, 32)             0         ['activation_3[0][0]']        
 g2D)                                                                                             
                                                                                                  
 flatten (Flatten)           (None, 2048)                 0         ['max_pooling2d_1[0][0]']     
                                                                                                  
 dense (Dense)               (None, 480)                  983520    ['flatten[0][0]']             
                                                                                                  
 activation_4 (Activation)   (None, 480)                  0         ['dense[0][0]']               
                                                                                                  
 dropout (Dropout)           (None, 480)                  0         ['activation_4[0][0]']        
                                                                                                  
 dense_1 (Dense)             (None, 48)                   23088     ['dropout[0][0]']             
                                                                                                  
 activation_5 (Activation)   (None, 48)                   0         ['dense_1[0][0]']             
                                                                                                  
 dropout_1 (Dropout)         (None, 48)                   0         ['activation_5[0][0]']        
                                                                                                  
 dense_2 (Dense)             (None, 160)                  7840      ['dropout_1[0][0]']           
                                                                                                  
 activation_6 (Activation)   (None, 160)                  0         ['dense_2[0][0]']             
                                                                                                  
 dropout_2 (Dropout)         (None, 160)                  0         ['activation_6[0][0]']        
                                                                                                  
 dense_3 (Dense)             (None, 288)                  46368     ['dropout_2[0][0]']           
                                                                                                  
 activation_7 (Activation)   (None, 288)                  0         ['dense_3[0][0]']             
                                                                                                  
 dropout_3 (Dropout)         (None, 288)                  0         ['activation_7[0][0]']        
                                                                                                  
 dense_4 (Dense)             (None, 64)                   18496     ['dropout_3[0][0]']           
                                                                                                  
 activation_8 (Activation)   (None, 64)                   0         ['dense_4[0][0]']             
                                                                                                  
 dropout_4 (Dropout)         (None, 64)                   0         ['activation_8[0][0]']        
                                                                                                  
 dense_5 (Dense)             (None, 496)                  32240     ['dropout_4[0][0]']           
                                                                                                  
 activation_9 (Activation)   (None, 496)                  0         ['dense_5[0][0]']             
                                                                                                  
 dropout_5 (Dropout)         (None, 496)                  0         ['activation_9[0][0]']        
                                                                                                  
 dense_6 (Dense)             (None, 208)                  103376    ['dropout_5[0][0]']           
                                                                                                  
 activation_10 (Activation)  (None, 208)                  0         ['dense_6[0][0]']             
                                                                                                  
 dropout_6 (Dropout)         (None, 208)                  0         ['activation_10[0][0]']       
                                                                                                  
 dense_7 (Dense)             (None, 240)                  50160     ['dropout_6[0][0]']           
                                                                                                  
 activation_11 (Activation)  (None, 240)                  0         ['dense_7[0][0]']             
                                                                                                  
 dropout_7 (Dropout)         (None, 240)                  0         ['activation_11[0][0]']       
                                                                                                  
 dense_8 (Dense)             (None, 224)                  53984     ['dropout_7[0][0]']           
                                                                                                  
 activation_12 (Activation)  (None, 224)                  0         ['dense_8[0][0]']             
                                                                                                  
 dropout_8 (Dropout)         (None, 224)                  0         ['activation_12[0][0]']       
                                                                                                  
 dense_9 (Dense)             (None, 336)                  75600     ['dropout_8[0][0]']           
                                                                                                  
 activation_13 (Activation)  (None, 336)                  0         ['dense_9[0][0]']             
                                                                                                  
 dropout_9 (Dropout)         (None, 336)                  0         ['activation_13[0][0]']       
                                                                                                  
 dense_10 (Dense)            (None, 10)                   3370      ['dropout_9[0][0]']           
                                                                                                  
==================================================================================================
Total params: 1445034 (5.51 MB)
Trainable params: 1445034 (5.51 MB)
Non-trainable params: 0 (0.00 Byte)
__________________________________________________________________________________________________
Epoch 1/100
782/782 - 9s - loss: 2.2136 - accuracy: 0.2476 - val_loss: 1.5661 - val_accuracy: 0.4333 - 9s/epoch - 12ms/step
Epoch 2/100
782/782 - 5s - loss: 1.7816 - accuracy: 0.3611 - val_loss: 1.4003 - val_accuracy: 0.5061 - 5s/epoch - 7ms/step
Epoch 3/100
782/782 - 5s - loss: 1.5613 - accuracy: 0.4435 - val_loss: 1.2940 - val_accuracy: 0.5445 - 5s/epoch - 7ms/step
Epoch 4/100
782/782 - 5s - loss: 1.4239 - accuracy: 0.4965 - val_loss: 1.2273 - val_accuracy: 0.5836 - 5s/epoch - 7ms/step
Epoch 5/100
782/782 - 5s - loss: 1.3308 - accuracy: 0.5305 - val_loss: 1.1377 - val_accuracy: 0.6114 - 5s/epoch - 7ms/step
Epoch 6/100
782/782 - 5s - loss: 1.2491 - accuracy: 0.5646 - val_loss: 1.2582 - val_accuracy: 0.5902 - 5s/epoch - 7ms/step
Epoch 7/100
782/782 - 5s - loss: 1.1780 - accuracy: 0.5918 - val_loss: 1.0528 - val_accuracy: 0.6491 - 5s/epoch - 7ms/step
Epoch 8/100
782/782 - 5s - loss: 1.1426 - accuracy: 0.6070 - val_loss: 1.0705 - val_accuracy: 0.6427 - 5s/epoch - 7ms/step
Epoch 9/100
782/782 - 5s - loss: 1.0971 - accuracy: 0.6219 - val_loss: 1.0688 - val_accuracy: 0.6513 - 5s/epoch - 7ms/step
Epoch 10/100
782/782 - 5s - loss: 1.0640 - accuracy: 0.6381 - val_loss: 1.1312 - val_accuracy: 0.6363 - 5s/epoch - 7ms/step
Epoch 11/100
782/782 - 5s - loss: 1.0231 - accuracy: 0.6524 - val_loss: 1.0681 - val_accuracy: 0.6472 - 5s/epoch - 7ms/step
Epoch 12/100
782/782 - 5s - loss: 1.0031 - accuracy: 0.6592 - val_loss: 1.0237 - val_accuracy: 0.6686 - 5s/epoch - 7ms/step
Epoch 13/100
782/782 - 5s - loss: 0.9727 - accuracy: 0.6698 - val_loss: 1.0180 - val_accuracy: 0.6722 - 5s/epoch - 7ms/step
Epoch 14/100
782/782 - 5s - loss: 0.9532 - accuracy: 0.6777 - val_loss: 1.0305 - val_accuracy: 0.6646 - 5s/epoch - 7ms/step
Epoch 15/100
782/782 - 5s - loss: 0.9260 - accuracy: 0.6891 - val_loss: 1.0059 - val_accuracy: 0.6742 - 5s/epoch - 7ms/step
Epoch 16/100
782/782 - 5s - loss: 0.9072 - accuracy: 0.6944 - val_loss: 1.0010 - val_accuracy: 0.6780 - 5s/epoch - 7ms/step
Epoch 17/100
782/782 - 5s - loss: 0.8808 - accuracy: 0.7020 - val_loss: 1.0504 - val_accuracy: 0.6711 - 5s/epoch - 7ms/step
Epoch 18/100
782/782 - 5s - loss: 0.8616 - accuracy: 0.7089 - val_loss: 1.0092 - val_accuracy: 0.6792 - 5s/epoch - 7ms/step
Epoch 19/100
782/782 - 5s - loss: 0.8484 - accuracy: 0.7138 - val_loss: 1.0454 - val_accuracy: 0.6747 - 5s/epoch - 7ms/step
Epoch 20/100
782/782 - 5s - loss: 0.8260 - accuracy: 0.7240 - val_loss: 1.0412 - val_accuracy: 0.6800 - 5s/epoch - 7ms/step
Epoch 21/100
782/782 - 5s - loss: 0.8156 - accuracy: 0.7276 - val_loss: 0.9950 - val_accuracy: 0.6862 - 5s/epoch - 7ms/step
Epoch 22/100
782/782 - 5s - loss: 0.8039 - accuracy: 0.7313 - val_loss: 1.0356 - val_accuracy: 0.6799 - 5s/epoch - 7ms/step
Epoch 23/100
782/782 - 5s - loss: 0.7821 - accuracy: 0.7377 - val_loss: 1.0170 - val_accuracy: 0.6843 - 5s/epoch - 7ms/step
Epoch 24/100
782/782 - 5s - loss: 0.7675 - accuracy: 0.7442 - val_loss: 1.0097 - val_accuracy: 0.6846 - 5s/epoch - 7ms/step
Epoch 25/100
782/782 - 5s - loss: 0.7585 - accuracy: 0.7461 - val_loss: 1.0294 - val_accuracy: 0.6843 - 5s/epoch - 7ms/step
Epoch 26/100
782/782 - 5s - loss: 0.7447 - accuracy: 0.7544 - val_loss: 1.0221 - val_accuracy: 0.6863 - 5s/epoch - 7ms/step
Epoch 27/100
782/782 - 5s - loss: 0.7315 - accuracy: 0.7560 - val_loss: 1.0329 - val_accuracy: 0.6892 - 5s/epoch - 7ms/step
Epoch 28/100
782/782 - 5s - loss: 0.7181 - accuracy: 0.7611 - val_loss: 1.0319 - val_accuracy: 0.6877 - 5s/epoch - 7ms/step
Epoch 29/100
782/782 - 5s - loss: 0.7010 - accuracy: 0.7694 - val_loss: 1.0697 - val_accuracy: 0.6816 - 5s/epoch - 7ms/step
Epoch 30/100
782/782 - 5s - loss: 0.6932 - accuracy: 0.7710 - val_loss: 1.0231 - val_accuracy: 0.6934 - 5s/epoch - 7ms/step
Epoch 31/100
782/782 - 5s - loss: 0.6856 - accuracy: 0.7729 - val_loss: 1.0152 - val_accuracy: 0.6957 - 5s/epoch - 7ms/step
Epoch 32/100
782/782 - 5s - loss: 0.6658 - accuracy: 0.7783 - val_loss: 1.0338 - val_accuracy: 0.6939 - 5s/epoch - 7ms/step
Epoch 33/100
782/782 - 5s - loss: 0.6537 - accuracy: 0.7830 - val_loss: 1.0451 - val_accuracy: 0.6937 - 5s/epoch - 7ms/step
Epoch 34/100
782/782 - 5s - loss: 0.6470 - accuracy: 0.7842 - val_loss: 1.0488 - val_accuracy: 0.6945 - 5s/epoch - 7ms/step
Epoch 35/100
782/782 - 5s - loss: 0.6396 - accuracy: 0.7872 - val_loss: 1.0630 - val_accuracy: 0.6916 - 5s/epoch - 7ms/step
Epoch 36/100
782/782 - 5s - loss: 0.6278 - accuracy: 0.7921 - val_loss: 1.0615 - val_accuracy: 0.6982 - 5s/epoch - 7ms/step
Epoch 37/100
782/782 - 5s - loss: 0.6181 - accuracy: 0.7947 - val_loss: 1.0653 - val_accuracy: 0.6901 - 5s/epoch - 7ms/step
Epoch 38/100
782/782 - 5s - loss: 0.6092 - accuracy: 0.7967 - val_loss: 1.0277 - val_accuracy: 0.6967 - 5s/epoch - 7ms/step
Epoch 39/100
782/782 - 5s - loss: 0.5985 - accuracy: 0.8028 - val_loss: 1.0918 - val_accuracy: 0.6953 - 5s/epoch - 7ms/step
Epoch 40/100
782/782 - 5s - loss: 0.5890 - accuracy: 0.8058 - val_loss: 1.0577 - val_accuracy: 0.6939 - 5s/epoch - 7ms/step
Epoch 41/100
782/782 - 5s - loss: 0.5833 - accuracy: 0.8082 - val_loss: 1.1155 - val_accuracy: 0.6905 - 5s/epoch - 7ms/step
Epoch 42/100
782/782 - 5s - loss: 0.5694 - accuracy: 0.8121 - val_loss: 1.0524 - val_accuracy: 0.7013 - 5s/epoch - 7ms/step
Epoch 43/100
782/782 - 5s - loss: 0.5677 - accuracy: 0.8121 - val_loss: 1.0757 - val_accuracy: 0.6982 - 5s/epoch - 7ms/step
Epoch 44/100
782/782 - 5s - loss: 0.5523 - accuracy: 0.8185 - val_loss: 1.0512 - val_accuracy: 0.6997 - 5s/epoch - 7ms/step
Epoch 45/100
782/782 - 5s - loss: 0.5510 - accuracy: 0.8190 - val_loss: 1.0661 - val_accuracy: 0.7015 - 5s/epoch - 7ms/step
Epoch 46/100
782/782 - 5s - loss: 0.5408 - accuracy: 0.8206 - val_loss: 1.0993 - val_accuracy: 0.7008 - 5s/epoch - 7ms/step
Epoch 47/100
782/782 - 5s - loss: 0.5282 - accuracy: 0.8261 - val_loss: 1.0754 - val_accuracy: 0.6995 - 5s/epoch - 7ms/step
Epoch 48/100
782/782 - 5s - loss: 0.5224 - accuracy: 0.8267 - val_loss: 1.0923 - val_accuracy: 0.6977 - 5s/epoch - 7ms/step
Epoch 49/100
782/782 - 5s - loss: 0.5140 - accuracy: 0.8316 - val_loss: 1.1036 - val_accuracy: 0.6959 - 5s/epoch - 7ms/step
Epoch 50/100
782/782 - 5s - loss: 0.5060 - accuracy: 0.8328 - val_loss: 1.1183 - val_accuracy: 0.6934 - 5s/epoch - 7ms/step
Epoch 51/100
782/782 - 5s - loss: 0.5059 - accuracy: 0.8344 - val_loss: 1.1460 - val_accuracy: 0.6905 - 5s/epoch - 7ms/step
Epoch 52/100
782/782 - 5s - loss: 0.4935 - accuracy: 0.8383 - val_loss: 1.1108 - val_accuracy: 0.7031 - 5s/epoch - 7ms/step
Epoch 53/100
782/782 - 5s - loss: 0.4858 - accuracy: 0.8404 - val_loss: 1.0954 - val_accuracy: 0.6957 - 5s/epoch - 7ms/step
Epoch 54/100
782/782 - 5s - loss: 0.4770 - accuracy: 0.8425 - val_loss: 1.0855 - val_accuracy: 0.7018 - 5s/epoch - 7ms/step
Epoch 55/100
782/782 - 5s - loss: 0.4714 - accuracy: 0.8443 - val_loss: 1.0880 - val_accuracy: 0.6979 - 5s/epoch - 7ms/step
Epoch 56/100
782/782 - 5s - loss: 0.4612 - accuracy: 0.8498 - val_loss: 1.1132 - val_accuracy: 0.7022 - 5s/epoch - 7ms/step
Epoch 57/100
782/782 - 5s - loss: 0.4545 - accuracy: 0.8510 - val_loss: 1.1391 - val_accuracy: 0.6979 - 5s/epoch - 7ms/step
Epoch 58/100
782/782 - 5s - loss: 0.4498 - accuracy: 0.8519 - val_loss: 1.1300 - val_accuracy: 0.7026 - 5s/epoch - 7ms/step
Epoch 59/100
782/782 - 5s - loss: 0.4426 - accuracy: 0.8548 - val_loss: 1.1265 - val_accuracy: 0.7018 - 5s/epoch - 7ms/step
Epoch 60/100
782/782 - 5s - loss: 0.4342 - accuracy: 0.8595 - val_loss: 1.1169 - val_accuracy: 0.7045 - 5s/epoch - 7ms/step
Epoch 61/100
782/782 - 5s - loss: 0.4271 - accuracy: 0.8608 - val_loss: 1.1582 - val_accuracy: 0.7042 - 5s/epoch - 7ms/step
Epoch 62/100
782/782 - 5s - loss: 0.4216 - accuracy: 0.8630 - val_loss: 1.1387 - val_accuracy: 0.7051 - 5s/epoch - 7ms/step
Epoch 63/100
782/782 - 5s - loss: 0.4186 - accuracy: 0.8631 - val_loss: 1.1558 - val_accuracy: 0.7027 - 5s/epoch - 7ms/step
Epoch 64/100
782/782 - 5s - loss: 0.4080 - accuracy: 0.8669 - val_loss: 1.1625 - val_accuracy: 0.6993 - 5s/epoch - 7ms/step
Epoch 65/100
782/782 - 5s - loss: 0.4075 - accuracy: 0.8675 - val_loss: 1.1734 - val_accuracy: 0.7046 - 5s/epoch - 7ms/step
Epoch 66/100
782/782 - 5s - loss: 0.4039 - accuracy: 0.8697 - val_loss: 1.1910 - val_accuracy: 0.6995 - 5s/epoch - 7ms/step
Epoch 67/100
782/782 - 5s - loss: 0.3921 - accuracy: 0.8720 - val_loss: 1.1818 - val_accuracy: 0.6965 - 5s/epoch - 7ms/step
Epoch 68/100
782/782 - 5s - loss: 0.3812 - accuracy: 0.8755 - val_loss: 1.1790 - val_accuracy: 0.6999 - 5s/epoch - 7ms/step
Epoch 69/100
782/782 - 5s - loss: 0.3807 - accuracy: 0.8766 - val_loss: 1.2035 - val_accuracy: 0.6993 - 5s/epoch - 7ms/step
Epoch 70/100
782/782 - 5s - loss: 0.3759 - accuracy: 0.8795 - val_loss: 1.2027 - val_accuracy: 0.7006 - 5s/epoch - 7ms/step
Epoch 71/100
782/782 - 5s - loss: 0.3713 - accuracy: 0.8802 - val_loss: 1.2237 - val_accuracy: 0.7072 - 5s/epoch - 7ms/step
Epoch 72/100
782/782 - 5s - loss: 0.3644 - accuracy: 0.8822 - val_loss: 1.2132 - val_accuracy: 0.6995 - 5s/epoch - 7ms/step
Epoch 73/100
782/782 - 5s - loss: 0.3568 - accuracy: 0.8856 - val_loss: 1.2061 - val_accuracy: 0.6991 - 5s/epoch - 7ms/step
Epoch 74/100
782/782 - 6s - loss: 0.3553 - accuracy: 0.8848 - val_loss: 1.2271 - val_accuracy: 0.6956 - 6s/epoch - 7ms/step
Epoch 75/100
782/782 - 5s - loss: 0.3476 - accuracy: 0.8876 - val_loss: 1.2095 - val_accuracy: 0.6999 - 5s/epoch - 7ms/step
Epoch 76/100
782/782 - 5s - loss: 0.3456 - accuracy: 0.8883 - val_loss: 1.2134 - val_accuracy: 0.6994 - 5s/epoch - 7ms/step
Epoch 77/100
782/782 - 5s - loss: 0.3370 - accuracy: 0.8896 - val_loss: 1.2580 - val_accuracy: 0.7016 - 5s/epoch - 7ms/step
Epoch 78/100
782/782 - 5s - loss: 0.3309 - accuracy: 0.8939 - val_loss: 1.2325 - val_accuracy: 0.7062 - 5s/epoch - 7ms/step
Epoch 79/100
782/782 - 5s - loss: 0.3272 - accuracy: 0.8950 - val_loss: 1.2460 - val_accuracy: 0.6996 - 5s/epoch - 7ms/step
Epoch 80/100
782/782 - 5s - loss: 0.3214 - accuracy: 0.8969 - val_loss: 1.2780 - val_accuracy: 0.7055 - 5s/epoch - 7ms/step
Epoch 81/100
782/782 - 5s - loss: 0.3191 - accuracy: 0.8972 - val_loss: 1.2738 - val_accuracy: 0.7011 - 5s/epoch - 7ms/step
Epoch 82/100
782/782 - 5s - loss: 0.3031 - accuracy: 0.9021 - val_loss: 1.2575 - val_accuracy: 0.7011 - 5s/epoch - 7ms/step
Epoch 83/100
782/782 - 5s - loss: 0.3024 - accuracy: 0.9033 - val_loss: 1.3034 - val_accuracy: 0.7018 - 5s/epoch - 7ms/step
Epoch 84/100
782/782 - 5s - loss: 0.3006 - accuracy: 0.9039 - val_loss: 1.2696 - val_accuracy: 0.7021 - 5s/epoch - 7ms/step
Epoch 85/100
782/782 - 5s - loss: 0.2919 - accuracy: 0.9053 - val_loss: 1.3145 - val_accuracy: 0.7034 - 5s/epoch - 7ms/step
Epoch 86/100
782/782 - 5s - loss: 0.2910 - accuracy: 0.9063 - val_loss: 1.2912 - val_accuracy: 0.7043 - 5s/epoch - 7ms/step
Epoch 87/100
782/782 - 5s - loss: 0.2847 - accuracy: 0.9081 - val_loss: 1.2912 - val_accuracy: 0.7008 - 5s/epoch - 7ms/step
Epoch 88/100
782/782 - 5s - loss: 0.2860 - accuracy: 0.9091 - val_loss: 1.3017 - val_accuracy: 0.6995 - 5s/epoch - 7ms/step
Epoch 89/100
782/782 - 5s - loss: 0.2804 - accuracy: 0.9101 - val_loss: 1.2873 - val_accuracy: 0.6973 - 5s/epoch - 7ms/step
Epoch 90/100
782/782 - 5s - loss: 0.2740 - accuracy: 0.9124 - val_loss: 1.3413 - val_accuracy: 0.7032 - 5s/epoch - 7ms/step
Epoch 91/100
782/782 - 5s - loss: 0.2704 - accuracy: 0.9124 - val_loss: 1.3186 - val_accuracy: 0.7047 - 5s/epoch - 7ms/step
Epoch 92/100
782/782 - 5s - loss: 0.2620 - accuracy: 0.9163 - val_loss: 1.3604 - val_accuracy: 0.6982 - 5s/epoch - 7ms/step
Epoch 93/100
782/782 - 5s - loss: 0.2620 - accuracy: 0.9153 - val_loss: 1.3625 - val_accuracy: 0.7010 - 5s/epoch - 7ms/step
Epoch 94/100
782/782 - 5s - loss: 0.2587 - accuracy: 0.9171 - val_loss: 1.3403 - val_accuracy: 0.7043 - 5s/epoch - 7ms/step
Epoch 95/100
782/782 - 5s - loss: 0.2532 - accuracy: 0.9184 - val_loss: 1.3411 - val_accuracy: 0.7008 - 5s/epoch - 7ms/step
Epoch 96/100
782/782 - 5s - loss: 0.2505 - accuracy: 0.9199 - val_loss: 1.3378 - val_accuracy: 0.7009 - 5s/epoch - 7ms/step
Epoch 97/100
782/782 - 5s - loss: 0.2441 - accuracy: 0.9207 - val_loss: 1.3577 - val_accuracy: 0.7005 - 5s/epoch - 7ms/step
Epoch 98/100
782/782 - 5s - loss: 0.2413 - accuracy: 0.9237 - val_loss: 1.3448 - val_accuracy: 0.7011 - 5s/epoch - 7ms/step
Epoch 99/100
782/782 - 5s - loss: 0.2361 - accuracy: 0.9250 - val_loss: 1.3327 - val_accuracy: 0.7069 - 5s/epoch - 7ms/step
Epoch 100/100
782/782 - 5s - loss: 0.2288 - accuracy: 0.9264 - val_loss: 1.3661 - val_accuracy: 0.7050 - 5s/epoch - 7ms/step
313/313 - 1s - loss: 1.3661 - accuracy: 0.7050 - 794ms/epoch - 3ms/step

ACCURACY: 0.7049999833106995


SCORE: -0.6713406683174896

[92m | MODULE VALUES ---------------------------------------------  |
 [0m
FLOPS: 61079660
PARAMS: 1445034.0
[92m 
 | -----------------------------------------------------------  |
 [0m

--- BANANAS ITERATION 10 / 1000 ---
Chosen point: {'num_neurons': 16, 'unit_c1': 4, 'unit_c2': 2, 'dr_f': 0.2892859571989457, 'learning_rate': 0.0003080881311183573, 'batch_size': 16, 'optimizer': 'Adagrad', 'activation': 'relu', 'data_augmentation': True, 'reg_l2': True, 'skip_connection': False, 'new_fc_1': 28, 'new_fc_2': 14, 'new_fc_3': 30, 'new_fc_4': 2, 'new_fc_5': 6, 'new_fc_6': 9, 'new_fc_7': 8, 'new_fc_8': 10, 'new_fc_9': 21, 'new_fc_10': 6}
[94m
|  --> START TRAINING ITERATION 9[0m
[INFO] Flags -> DA: True, L2: True, Skip: False
Building model with input_shape=(32, 32, 3), pos_input_shape=None, layer_x_block=2
Model: "model"
_________________________________________________________________
 Layer (type)                Output Shape              Param #   
=================================================================
 input_2 (InputLayer)        [(None, 32, 32, 3)]       0         
                                                                 
 conv2d (Conv2D)             (None, 32, 32, 64)        1792      
                                                                 
 activation (Activation)     (None, 32, 32, 64)        0         
                                                                 
 conv2d_1 (Conv2D)           (None, 32, 32, 64)        36928     
                                                                 
 activation_1 (Activation)   (None, 32, 32, 64)        0         
                                                                 
 max_pooling2d (MaxPooling2  (None, 16, 16, 64)        0         
 D)                                                              
                                                                 
 conv2d_2 (Conv2D)           (None, 16, 16, 32)        18464     
                                                                 
 activation_2 (Activation)   (None, 16, 16, 32)        0         
                                                                 
 conv2d_3 (Conv2D)           (None, 16, 16, 32)        9248      
                                                                 
 activation_3 (Activation)   (None, 16, 16, 32)        0         
                                                                 
 max_pooling2d_1 (MaxPoolin  (None, 8, 8, 32)          0         
 g2D)                                                            
                                                                 
 flatten (Flatten)           (None, 2048)              0         
                                                                 
 dense (Dense)               (None, 448)               917952    
                                                                 
 activation_4 (Activation)   (None, 448)               0         
                                                                 
 dropout (Dropout)           (None, 448)               0         
                                                                 
 dense_1 (Dense)             (None, 224)               100576    
                                                                 
 activation_5 (Activation)   (None, 224)               0         
                                                                 
 dropout_1 (Dropout)         (None, 224)               0         
                                                                 
 dense_2 (Dense)             (None, 480)               108000    
                                                                 
 activation_6 (Activation)   (None, 480)               0         
                                                                 
 dropout_2 (Dropout)         (None, 480)               0         
                                                                 
 dense_3 (Dense)             (None, 32)                15392     
                                                                 
 activation_7 (Activation)   (None, 32)                0         
                                                                 
 dropout_3 (Dropout)         (None, 32)                0         
                                                                 
 dense_4 (Dense)             (None, 96)                3168      
                                                                 
 activation_8 (Activation)   (None, 96)                0         
                                                                 
 dropout_4 (Dropout)         (None, 96)                0         
                                                                 
 dense_5 (Dense)             (None, 144)               13968     
                                                                 
 activation_9 (Activation)   (None, 144)               0         
                                                                 
 dropout_5 (Dropout)         (None, 144)               0         
                                                                 
 dense_6 (Dense)             (None, 128)               18560     
                                                                 
 activation_10 (Activation)  (None, 128)               0         
                                                                 
 dropout_6 (Dropout)         (None, 128)               0         
                                                                 
 dense_7 (Dense)             (None, 160)               20640     
                                                                 
 activation_11 (Activation)  (None, 160)               0         
                                                                 
 dropout_7 (Dropout)         (None, 160)               0         
                                                                 
 dense_8 (Dense)             (None, 336)               54096     
                                                                 
 activation_12 (Activation)  (None, 336)               0         
                                                                 
 dropout_8 (Dropout)         (None, 336)               0         
                                                                 
 dense_9 (Dense)             (None, 96)                32352     
                                                                 
 activation_13 (Activation)  (None, 96)                0         
                                                                 
 dropout_9 (Dropout)         (None, 96)                0         
                                                                 
 dense_10 (Dense)            (None, 10)                970       
                                                                 
=================================================================
Total params: 1352106 (5.16 MB)
Trainable params: 1352106 (5.16 MB)
Non-trainable params: 0 (0.00 Byte)
_________________________________________________________________
Epoch 1/100
3125/3125 - 13s - loss: 24.6475 - accuracy: 0.0984 - val_loss: 23.3790 - val_accuracy: 0.0884 - 13s/epoch - 4ms/step
Epoch 2/100
3125/3125 - 12s - loss: 22.2293 - accuracy: 0.1019 - val_loss: 21.1318 - val_accuracy: 0.1000 - 12s/epoch - 4ms/step
Epoch 3/100
3125/3125 - 12s - loss: 20.1308 - accuracy: 0.1055 - val_loss: 19.1729 - val_accuracy: 0.1000 - 12s/epoch - 4ms/step
Epoch 4/100
3125/3125 - 12s - loss: 18.2953 - accuracy: 0.1023 - val_loss: 17.4537 - val_accuracy: 0.1000 - 12s/epoch - 4ms/step
Epoch 5/100
3125/3125 - 12s - loss: 16.6801 - accuracy: 0.1030 - val_loss: 15.9372 - val_accuracy: 0.1000 - 12s/epoch - 4ms/step
Epoch 6/100
3125/3125 - 12s - loss: 15.2525 - accuracy: 0.1013 - val_loss: 14.5941 - val_accuracy: 0.1000 - 12s/epoch - 4ms/step
Epoch 7/100
3125/3125 - 12s - loss: 13.9858 - accuracy: 0.0984 - val_loss: 13.4004 - val_accuracy: 0.1000 - 12s/epoch - 4ms/step
Epoch 8/100
3125/3125 - 12s - loss: 12.8586 - accuracy: 0.1004 - val_loss: 12.3367 - val_accuracy: 0.1000 - 12s/epoch - 4ms/step
Epoch 9/100
3125/3125 - 12s - loss: 11.8529 - accuracy: 0.0982 - val_loss: 11.3864 - val_accuracy: 0.1000 - 12s/epoch - 4ms/step
Epoch 10/100
3125/3125 - 12s - loss: 10.9535 - accuracy: 0.0985 - val_loss: 10.5358 - val_accuracy: 0.1000 - 12s/epoch - 4ms/step
Epoch 11/100
3125/3125 - 12s - loss: 10.1476 - accuracy: 0.1002 - val_loss: 9.7728 - val_accuracy: 0.1000 - 12s/epoch - 4ms/step
Epoch 12/100
3125/3125 - 12s - loss: 9.4242 - accuracy: 0.0990 - val_loss: 9.0875 - val_accuracy: 0.1000 - 12s/epoch - 4ms/step
Epoch 13/100
3125/3125 - 12s - loss: 8.7739 - accuracy: 0.1005 - val_loss: 8.4709 - val_accuracy: 0.1000 - 12s/epoch - 4ms/step
Epoch 14/100
3125/3125 - 12s - loss: 8.1884 - accuracy: 0.1005 - val_loss: 7.9154 - val_accuracy: 0.1000 - 12s/epoch - 4ms/step
Epoch 15/100
3125/3125 - 12s - loss: 7.6607 - accuracy: 0.0999 - val_loss: 7.4143 - val_accuracy: 0.1000 - 12s/epoch - 4ms/step
Epoch 16/100
3125/3125 - 12s - loss: 7.1844 - accuracy: 0.0994 - val_loss: 6.9619 - val_accuracy: 0.1000 - 12s/epoch - 4ms/step
Epoch 17/100
3125/3125 - 12s - loss: 6.7540 - accuracy: 0.0990 - val_loss: 6.5529 - val_accuracy: 0.1000 - 12s/epoch - 4ms/step
Epoch 18/100
3125/3125 - 12s - loss: 6.3648 - accuracy: 0.1010 - val_loss: 6.1828 - val_accuracy: 0.1000 - 12s/epoch - 4ms/step
Epoch 19/100
3125/3125 - 12s - loss: 6.0125 - accuracy: 0.0999 - val_loss: 5.8476 - val_accuracy: 0.1000 - 12s/epoch - 4ms/step
Epoch 20/100
3125/3125 - 12s - loss: 5.6932 - accuracy: 0.1001 - val_loss: 5.5437 - val_accuracy: 0.1000 - 12s/epoch - 4ms/step
Epoch 21/100
3125/3125 - 12s - loss: 5.4037 - accuracy: 0.0985 - val_loss: 5.2680 - val_accuracy: 0.1000 - 12s/epoch - 4ms/step
Epoch 22/100
3125/3125 - 12s - loss: 5.1409 - accuracy: 0.0995 - val_loss: 5.0177 - val_accuracy: 0.1000 - 12s/epoch - 4ms/step
Epoch 23/100
3125/3125 - 12s - loss: 4.9022 - accuracy: 0.1007 - val_loss: 4.7902 - val_accuracy: 0.1000 - 12s/epoch - 4ms/step
Epoch 24/100
3125/3125 - 12s - loss: 4.6852 - accuracy: 0.0993 - val_loss: 4.5833 - val_accuracy: 0.1000 - 12s/epoch - 4ms/step
Epoch 25/100
3125/3125 - 12s - loss: 4.4878 - accuracy: 0.0977 - val_loss: 4.3951 - val_accuracy: 0.1000 - 12s/epoch - 4ms/step
Epoch 26/100
3125/3125 - 12s - loss: 4.3081 - accuracy: 0.1004 - val_loss: 4.2236 - val_accuracy: 0.1000 - 12s/epoch - 4ms/step
Epoch 27/100
3125/3125 - 12s - loss: 4.1443 - accuracy: 0.1010 - val_loss: 4.0674 - val_accuracy: 0.1000 - 12s/epoch - 4ms/step
Epoch 28/100
3125/3125 - 12s - loss: 3.9951 - accuracy: 0.0996 - val_loss: 3.9249 - val_accuracy: 0.1000 - 12s/epoch - 4ms/step
Epoch 29/100
3125/3125 - 12s - loss: 3.8590 - accuracy: 0.1009 - val_loss: 3.7950 - val_accuracy: 0.1000 - 12s/epoch - 4ms/step
Epoch 30/100
3125/3125 - 12s - loss: 3.7347 - accuracy: 0.1019 - val_loss: 3.6763 - val_accuracy: 0.1000 - 12s/epoch - 4ms/step
Epoch 31/100
3125/3125 - 12s - loss: 3.6212 - accuracy: 0.0995 - val_loss: 3.5678 - val_accuracy: 0.1000 - 12s/epoch - 4ms/step
Epoch 32/100
Restoring model weights from the end of the best epoch: 2.
3125/3125 - 12s - loss: 3.5175 - accuracy: 0.0998 - val_loss: 3.4687 - val_accuracy: 0.1000 - 12s/epoch - 4ms/step
Epoch 32: early stopping
313/313 - 1s - loss: 21.1319 - accuracy: 0.1000 - 820ms/epoch - 3ms/step

ACCURACY: 0.10000000149011612


SCORE: -0.17803476104308125

[92m | MODULE VALUES ---------------------------------------------  |
 [0m
FLOPS: 95982620
PARAMS: 1352106.0
[92m 
 | -----------------------------------------------------------  |
 [0m

--- BANANAS ITERATION 11 / 1000 ---
Chosen point: {'num_neurons': 8, 'unit_c1': 1, 'unit_c2': 4, 'dr_f': 0.33267818011147954, 'learning_rate': 0.0007617432508995525, 'batch_size': 64, 'optimizer': 'Adam', 'activation': 'swish', 'data_augmentation': True, 'reg_l2': False, 'skip_connection': False, 'new_fc_1': 6, 'new_fc_2': 25, 'new_fc_3': 20, 'new_fc_4': 11, 'new_fc_5': 7, 'new_fc_6': 31, 'new_fc_7': 29, 'new_fc_8': 13, 'new_fc_9': 28, 'new_fc_10': 26}
[94m
|  --> START TRAINING ITERATION 10[0m
[INFO] Flags -> DA: True, L2: False, Skip: False
Building model with input_shape=(32, 32, 3), pos_input_shape=None, layer_x_block=2
Model: "model"
_________________________________________________________________
 Layer (type)                Output Shape              Param #   
=================================================================
 input_2 (InputLayer)        [(None, 32, 32, 3)]       0         
                                                                 
 conv2d (Conv2D)             (None, 32, 32, 8)         224       
                                                                 
 activation (Activation)     (None, 32, 32, 8)         0         
                                                                 
 conv2d_1 (Conv2D)           (None, 32, 32, 8)         584       
                                                                 
 activation_1 (Activation)   (None, 32, 32, 8)         0         
                                                                 
 max_pooling2d (MaxPooling2  (None, 16, 16, 8)         0         
 D)                                                              
                                                                 
 conv2d_2 (Conv2D)           (None, 16, 16, 32)        2336      
                                                                 
 activation_2 (Activation)   (None, 16, 16, 32)        0         
                                                                 
 conv2d_3 (Conv2D)           (None, 16, 16, 32)        9248      
                                                                 
 activation_3 (Activation)   (None, 16, 16, 32)        0         
                                                                 
 max_pooling2d_1 (MaxPoolin  (None, 8, 8, 32)          0         
 g2D)                                                            
                                                                 
 flatten (Flatten)           (None, 2048)              0         
                                                                 
 dense (Dense)               (None, 48)                98352     
                                                                 
 activation_4 (Activation)   (None, 48)                0         
                                                                 
 dropout (Dropout)           (None, 48)                0         
                                                                 
 dense_1 (Dense)             (None, 200)               9800      
                                                                 
 activation_5 (Activation)   (None, 200)               0         
                                                                 
 dropout_1 (Dropout)         (None, 200)               0         
                                                                 
 dense_2 (Dense)             (None, 160)               32160     
                                                                 
 activation_6 (Activation)   (None, 160)               0         
                                                                 
 dropout_2 (Dropout)         (None, 160)               0         
                                                                 
 dense_3 (Dense)             (None, 88)                14168     
                                                                 
 activation_7 (Activation)   (None, 88)                0         
                                                                 
 dropout_3 (Dropout)         (None, 88)                0         
                                                                 
 dense_4 (Dense)             (None, 56)                4984      
                                                                 
 activation_8 (Activation)   (None, 56)                0         
                                                                 
 dropout_4 (Dropout)         (None, 56)                0         
                                                                 
 dense_5 (Dense)             (None, 248)               14136     
                                                                 
 activation_9 (Activation)   (None, 248)               0         
                                                                 
 dropout_5 (Dropout)         (None, 248)               0         
                                                                 
 dense_6 (Dense)             (None, 232)               57768     
                                                                 
 activation_10 (Activation)  (None, 232)               0         
                                                                 
 dropout_6 (Dropout)         (None, 232)               0         
                                                                 
 dense_7 (Dense)             (None, 104)               24232     
                                                                 
 activation_11 (Activation)  (None, 104)               0         
                                                                 
 dropout_7 (Dropout)         (None, 104)               0         
                                                                 
 dense_8 (Dense)             (None, 224)               23520     
                                                                 
 activation_12 (Activation)  (None, 224)               0         
                                                                 
 dropout_8 (Dropout)         (None, 224)               0         
                                                                 
 dense_9 (Dense)             (None, 208)               46800     
                                                                 
 activation_13 (Activation)  (None, 208)               0         
                                                                 
 dropout_9 (Dropout)         (None, 208)               0         
                                                                 
 dense_10 (Dense)            (None, 10)                2090      
                                                                 
=================================================================
Total params: 340402 (1.30 MB)
Trainable params: 340402 (1.30 MB)
Non-trainable params: 0 (0.00 Byte)
_________________________________________________________________
Epoch 1/100
782/782 - 5s - loss: 1.9487 - accuracy: 0.2305 - val_loss: 1.6655 - val_accuracy: 0.3283 - 5s/epoch - 7ms/step
Epoch 2/100
782/782 - 4s - loss: 1.6855 - accuracy: 0.3217 - val_loss: 1.6076 - val_accuracy: 0.3578 - 4s/epoch - 5ms/step
Epoch 3/100
782/782 - 4s - loss: 1.5796 - accuracy: 0.3848 - val_loss: 1.4148 - val_accuracy: 0.4575 - 4s/epoch - 5ms/step
Epoch 4/100
782/782 - 4s - loss: 1.4600 - accuracy: 0.4453 - val_loss: 1.3157 - val_accuracy: 0.4984 - 4s/epoch - 5ms/step
Epoch 5/100
782/782 - 4s - loss: 1.3480 - accuracy: 0.5035 - val_loss: 1.1786 - val_accuracy: 0.5741 - 4s/epoch - 5ms/step
Epoch 6/100
782/782 - 4s - loss: 1.2713 - accuracy: 0.5442 - val_loss: 1.1432 - val_accuracy: 0.5917 - 4s/epoch - 5ms/step
Epoch 7/100
782/782 - 4s - loss: 1.2191 - accuracy: 0.5671 - val_loss: 1.1036 - val_accuracy: 0.6110 - 4s/epoch - 4ms/step
Epoch 8/100
782/782 - 4s - loss: 1.1828 - accuracy: 0.5888 - val_loss: 1.0928 - val_accuracy: 0.6157 - 4s/epoch - 5ms/step
Epoch 9/100
782/782 - 4s - loss: 1.1421 - accuracy: 0.6034 - val_loss: 1.0486 - val_accuracy: 0.6417 - 4s/epoch - 5ms/step
Epoch 10/100
782/782 - 4s - loss: 1.1074 - accuracy: 0.6194 - val_loss: 1.0309 - val_accuracy: 0.6464 - 4s/epoch - 5ms/step
Epoch 11/100
782/782 - 4s - loss: 1.0786 - accuracy: 0.6323 - val_loss: 1.0415 - val_accuracy: 0.6409 - 4s/epoch - 5ms/step
Epoch 12/100
782/782 - 4s - loss: 1.0469 - accuracy: 0.6443 - val_loss: 1.0175 - val_accuracy: 0.6518 - 4s/epoch - 5ms/step
Epoch 13/100
782/782 - 4s - loss: 1.0243 - accuracy: 0.6525 - val_loss: 0.9796 - val_accuracy: 0.6676 - 4s/epoch - 5ms/step
Epoch 14/100
782/782 - 4s - loss: 1.0127 - accuracy: 0.6589 - val_loss: 1.0054 - val_accuracy: 0.6691 - 4s/epoch - 5ms/step
Epoch 15/100
782/782 - 4s - loss: 0.9797 - accuracy: 0.6710 - val_loss: 0.9885 - val_accuracy: 0.6741 - 4s/epoch - 5ms/step
Epoch 16/100
782/782 - 4s - loss: 0.9572 - accuracy: 0.6805 - val_loss: 0.9717 - val_accuracy: 0.6751 - 4s/epoch - 5ms/step
Epoch 17/100
782/782 - 4s - loss: 0.9429 - accuracy: 0.6862 - val_loss: 0.9788 - val_accuracy: 0.6738 - 4s/epoch - 5ms/step
Epoch 18/100
782/782 - 4s - loss: 0.9270 - accuracy: 0.6913 - val_loss: 0.9992 - val_accuracy: 0.6801 - 4s/epoch - 5ms/step
Epoch 19/100
782/782 - 4s - loss: 0.9081 - accuracy: 0.6987 - val_loss: 0.9791 - val_accuracy: 0.6806 - 4s/epoch - 5ms/step
Epoch 20/100
782/782 - 4s - loss: 0.8943 - accuracy: 0.7047 - val_loss: 0.9681 - val_accuracy: 0.6850 - 4s/epoch - 5ms/step
Epoch 21/100
782/782 - 4s - loss: 0.8818 - accuracy: 0.7085 - val_loss: 0.9825 - val_accuracy: 0.6877 - 4s/epoch - 5ms/step
Epoch 22/100
782/782 - 4s - loss: 0.8672 - accuracy: 0.7123 - val_loss: 1.0273 - val_accuracy: 0.6737 - 4s/epoch - 5ms/step
Epoch 23/100
782/782 - 4s - loss: 0.8456 - accuracy: 0.7212 - val_loss: 1.0048 - val_accuracy: 0.6918 - 4s/epoch - 5ms/step
Epoch 24/100
782/782 - 4s - loss: 0.8351 - accuracy: 0.7248 - val_loss: 1.0166 - val_accuracy: 0.6879 - 4s/epoch - 5ms/step
Epoch 25/100
782/782 - 4s - loss: 0.8236 - accuracy: 0.7314 - val_loss: 1.0245 - val_accuracy: 0.6864 - 4s/epoch - 4ms/step
Epoch 26/100
782/782 - 4s - loss: 0.8126 - accuracy: 0.7340 - val_loss: 1.0044 - val_accuracy: 0.6855 - 4s/epoch - 5ms/step
Epoch 27/100
782/782 - 4s - loss: 0.8077 - accuracy: 0.7366 - val_loss: 0.9994 - val_accuracy: 0.6828 - 4s/epoch - 5ms/step
Epoch 28/100
782/782 - 4s - loss: 0.7892 - accuracy: 0.7426 - val_loss: 1.0317 - val_accuracy: 0.6900 - 4s/epoch - 5ms/step
Epoch 29/100
782/782 - 4s - loss: 0.7733 - accuracy: 0.7498 - val_loss: 1.0123 - val_accuracy: 0.6928 - 4s/epoch - 5ms/step
Epoch 30/100
782/782 - 4s - loss: 0.7682 - accuracy: 0.7502 - val_loss: 1.0342 - val_accuracy: 0.6863 - 4s/epoch - 5ms/step
Epoch 31/100
782/782 - 4s - loss: 0.7557 - accuracy: 0.7566 - val_loss: 1.0624 - val_accuracy: 0.6886 - 4s/epoch - 5ms/step
Epoch 32/100
782/782 - 4s - loss: 0.7460 - accuracy: 0.7583 - val_loss: 1.0377 - val_accuracy: 0.6853 - 4s/epoch - 5ms/step
Epoch 33/100
782/782 - 4s - loss: 0.7392 - accuracy: 0.7617 - val_loss: 1.0631 - val_accuracy: 0.6921 - 4s/epoch - 5ms/step
Epoch 34/100
782/782 - 4s - loss: 0.7365 - accuracy: 0.7639 - val_loss: 1.0610 - val_accuracy: 0.6886 - 4s/epoch - 5ms/step
Epoch 35/100
782/782 - 4s - loss: 0.7183 - accuracy: 0.7685 - val_loss: 1.0243 - val_accuracy: 0.6882 - 4s/epoch - 5ms/step
Epoch 36/100
782/782 - 4s - loss: 0.7132 - accuracy: 0.7719 - val_loss: 1.0681 - val_accuracy: 0.6885 - 4s/epoch - 5ms/step
Epoch 37/100
782/782 - 4s - loss: 0.7059 - accuracy: 0.7721 - val_loss: 1.0805 - val_accuracy: 0.6938 - 4s/epoch - 5ms/step
Epoch 38/100
782/782 - 4s - loss: 0.6917 - accuracy: 0.7774 - val_loss: 1.0557 - val_accuracy: 0.6875 - 4s/epoch - 5ms/step
Epoch 39/100
782/782 - 4s - loss: 0.6881 - accuracy: 0.7774 - val_loss: 1.0637 - val_accuracy: 0.6917 - 4s/epoch - 5ms/step
Epoch 40/100
782/782 - 4s - loss: 0.6877 - accuracy: 0.7779 - val_loss: 1.0585 - val_accuracy: 0.6819 - 4s/epoch - 5ms/step
Epoch 41/100
782/782 - 4s - loss: 0.6751 - accuracy: 0.7825 - val_loss: 1.0522 - val_accuracy: 0.6896 - 4s/epoch - 5ms/step
Epoch 42/100
782/782 - 4s - loss: 0.6710 - accuracy: 0.7844 - val_loss: 1.1567 - val_accuracy: 0.6829 - 4s/epoch - 5ms/step
Epoch 43/100
782/782 - 4s - loss: 0.6646 - accuracy: 0.7857 - val_loss: 1.1120 - val_accuracy: 0.6850 - 4s/epoch - 5ms/step
Epoch 44/100
782/782 - 4s - loss: 0.6608 - accuracy: 0.7861 - val_loss: 1.1167 - val_accuracy: 0.6838 - 4s/epoch - 5ms/step
Epoch 45/100
782/782 - 4s - loss: 0.6460 - accuracy: 0.7938 - val_loss: 1.0863 - val_accuracy: 0.6900 - 4s/epoch - 5ms/step
Epoch 46/100
782/782 - 4s - loss: 0.6410 - accuracy: 0.7937 - val_loss: 1.0891 - val_accuracy: 0.6912 - 4s/epoch - 5ms/step
Epoch 47/100
782/782 - 4s - loss: 0.6363 - accuracy: 0.7980 - val_loss: 1.1027 - val_accuracy: 0.6870 - 4s/epoch - 5ms/step
Epoch 48/100
782/782 - 4s - loss: 0.6347 - accuracy: 0.7949 - val_loss: 1.0983 - val_accuracy: 0.6908 - 4s/epoch - 5ms/step
Epoch 49/100
782/782 - 4s - loss: 0.6313 - accuracy: 0.7985 - val_loss: 1.1506 - val_accuracy: 0.6834 - 4s/epoch - 5ms/step
Epoch 50/100
782/782 - 4s - loss: 0.6210 - accuracy: 0.8023 - val_loss: 1.1277 - val_accuracy: 0.6838 - 4s/epoch - 5ms/step
Epoch 51/100
782/782 - 4s - loss: 0.6070 - accuracy: 0.8048 - val_loss: 1.0915 - val_accuracy: 0.6964 - 4s/epoch - 5ms/step
Epoch 52/100
782/782 - 4s - loss: 0.6117 - accuracy: 0.8025 - val_loss: 1.1121 - val_accuracy: 0.6916 - 4s/epoch - 5ms/step
Epoch 53/100
782/782 - 4s - loss: 0.6065 - accuracy: 0.8062 - val_loss: 1.1038 - val_accuracy: 0.6834 - 4s/epoch - 5ms/step
Epoch 54/100
782/782 - 4s - loss: 0.5988 - accuracy: 0.8108 - val_loss: 1.1095 - val_accuracy: 0.6834 - 4s/epoch - 5ms/step
Epoch 55/100
782/782 - 4s - loss: 0.5934 - accuracy: 0.8108 - val_loss: 1.2099 - val_accuracy: 0.6853 - 4s/epoch - 5ms/step
Epoch 56/100
782/782 - 4s - loss: 0.5945 - accuracy: 0.8104 - val_loss: 1.1666 - val_accuracy: 0.6888 - 4s/epoch - 5ms/step
Epoch 57/100
782/782 - 4s - loss: 0.5956 - accuracy: 0.8112 - val_loss: 1.1477 - val_accuracy: 0.6845 - 4s/epoch - 5ms/step
Epoch 58/100
782/782 - 4s - loss: 0.5937 - accuracy: 0.8108 - val_loss: 1.1683 - val_accuracy: 0.6836 - 4s/epoch - 5ms/step
Epoch 59/100
Restoring model weights from the end of the best epoch: 29.
782/782 - 4s - loss: 0.5807 - accuracy: 0.8160 - val_loss: 1.2128 - val_accuracy: 0.6880 - 4s/epoch - 5ms/step
Epoch 59: early stopping
313/313 - 1s - loss: 1.0123 - accuracy: 0.6928 - 536ms/epoch - 2ms/step

ACCURACY: 0.692799985408783


SCORE: -0.768374845786148

[92m | MODULE VALUES ---------------------------------------------  |
 [0m
FLOPS: 8292572
PARAMS: 340402.0
[92m 
 | -----------------------------------------------------------  |
 [0m
[INFO] New Best Score: -0.7684 (Previous: -0.7514)

--- BANANAS ITERATION 12 / 1000 ---
Chosen point: {'num_neurons': 32, 'unit_c1': 2, 'unit_c2': 6, 'dr_f': 0.11494229033593344, 'learning_rate': 0.0004023536535432268, 'batch_size': 32, 'optimizer': 'Adagrad', 'activation': 'relu', 'data_augmentation': False, 'reg_l2': False, 'skip_connection': False, 'new_fc_1': 5, 'new_fc_2': 3, 'new_fc_3': 20, 'new_fc_4': 23, 'new_fc_5': 26, 'new_fc_6': 20, 'new_fc_7': 7, 'new_fc_8': 21, 'new_fc_9': 7, 'new_fc_10': 23}
[94m
|  --> START TRAINING ITERATION 11[0m
[INFO] Flags -> DA: False, L2: False, Skip: False
Building model with input_shape=(32, 32, 3), pos_input_shape=None, layer_x_block=2
Model: "model"
_________________________________________________________________
 Layer (type)                Output Shape              Param #   
=================================================================
 input_1 (InputLayer)        [(None, 32, 32, 3)]       0         
                                                                 
 conv2d (Conv2D)             (None, 32, 32, 64)        1792      
                                                                 
 activation (Activation)     (None, 32, 32, 64)        0         
                                                                 
 conv2d_1 (Conv2D)           (None, 32, 32, 64)        36928     
                                                                 
 activation_1 (Activation)   (None, 32, 32, 64)        0         
                                                                 
 max_pooling2d (MaxPooling2  (None, 16, 16, 64)        0         
 D)                                                              
                                                                 
 conv2d_2 (Conv2D)           (None, 16, 16, 192)       110784    
                                                                 
 activation_2 (Activation)   (None, 16, 16, 192)       0         
                                                                 
 conv2d_3 (Conv2D)           (None, 16, 16, 192)       331968    
                                                                 
 activation_3 (Activation)   (None, 16, 16, 192)       0         
                                                                 
 max_pooling2d_1 (MaxPoolin  (None, 8, 8, 192)         0         
 g2D)                                                            
                                                                 
 flatten (Flatten)           (None, 12288)             0         
                                                                 
 dense (Dense)               (None, 160)               1966240   
                                                                 
 activation_4 (Activation)   (None, 160)               0         
                                                                 
 dropout (Dropout)           (None, 160)               0         
                                                                 
 dense_1 (Dense)             (None, 96)                15456     
                                                                 
 activation_5 (Activation)   (None, 96)                0         
                                                                 
 dropout_1 (Dropout)         (None, 96)                0         
                                                                 
 dense_2 (Dense)             (None, 640)               62080     
                                                                 
 activation_6 (Activation)   (None, 640)               0         
                                                                 
 dropout_2 (Dropout)         (None, 640)               0         
                                                                 
 dense_3 (Dense)             (None, 736)               471776    
                                                                 
 activation_7 (Activation)   (None, 736)               0         
                                                                 
 dropout_3 (Dropout)         (None, 736)               0         
                                                                 
 dense_4 (Dense)             (None, 832)               613184    
                                                                 
 activation_8 (Activation)   (None, 832)               0         
                                                                 
 dropout_4 (Dropout)         (None, 832)               0         
                                                                 
 dense_5 (Dense)             (None, 640)               533120    
                                                                 
 activation_9 (Activation)   (None, 640)               0         
                                                                 
 dropout_5 (Dropout)         (None, 640)               0         
                                                                 
 dense_6 (Dense)             (None, 224)               143584    
                                                                 
 activation_10 (Activation)  (None, 224)               0         
                                                                 
 dropout_6 (Dropout)         (None, 224)               0         
                                                                 
 dense_7 (Dense)             (None, 672)               151200    
                                                                 
 activation_11 (Activation)  (None, 672)               0         
                                                                 
 dropout_7 (Dropout)         (None, 672)               0         
                                                                 
 dense_8 (Dense)             (None, 224)               150752    
                                                                 
 activation_12 (Activation)  (None, 224)               0         
                                                                 
 dropout_8 (Dropout)         (None, 224)               0         
                                                                 
 dense_9 (Dense)             (None, 736)               165600    
                                                                 
 activation_13 (Activation)  (None, 736)               0         
                                                                 
 dropout_9 (Dropout)         (None, 736)               0         
                                                                 
 dense_10 (Dense)            (None, 10)                7370      
                                                                 
=================================================================
Total params: 4761834 (18.16 MB)
Trainable params: 4761834 (18.16 MB)
Non-trainable params: 0 (0.00 Byte)
_________________________________________________________________
[WARNING] Constraint Violated: FLOPs 314428700 > 150000000 or Params 4761834.0 > 15000000000

ACCURACY: 0.0


SCORE: 10000000000.0

[92m | MODULE VALUES ---------------------------------------------  |
 [0m
FLOPS: 314428700
PARAMS: 4761834.0
[92m 
 | -----------------------------------------------------------  |
 [0m

--- BANANAS ITERATION 13 / 1000 ---
Chosen point: {'num_neurons': 8, 'unit_c1': 2, 'unit_c2': 8, 'dr_f': 0.2610854420780617, 'learning_rate': 0.0009392376516886832, 'batch_size': 64, 'optimizer': 'Adamax', 'activation': 'relu', 'data_augmentation': True, 'reg_l2': True, 'skip_connection': True, 'new_fc_1': 31, 'new_fc_2': 12, 'new_fc_3': 13, 'new_fc_4': 6, 'new_fc_5': 30, 'new_fc_6': 13, 'new_fc_7': 21, 'new_fc_8': 11, 'new_fc_9': 20, 'new_fc_10': 14}
[94m
|  --> START TRAINING ITERATION 12[0m
[INFO] Flags -> DA: True, L2: True, Skip: True
Building model with input_shape=(32, 32, 3), pos_input_shape=None, layer_x_block=2
Model: "model"
__________________________________________________________________________________________________
 Layer (type)                Output Shape                 Param #   Connected to                  
==================================================================================================
 input_2 (InputLayer)        [(None, 32, 32, 3)]          0         []                            
                                                                                                  
 conv2d (Conv2D)             (None, 32, 32, 16)           448       ['input_2[0][0]']             
                                                                                                  
 activation (Activation)     (None, 32, 32, 16)           0         ['conv2d[1][0]']              
                                                                                                  
 conv2d_2 (Conv2D)           (None, 32, 32, 16)           64        ['input_2[0][0]']             
                                                                                                  
 conv2d_1 (Conv2D)           (None, 32, 32, 16)           2320      ['activation[1][0]']          
                                                                                                  
 add (Add)                   (None, 32, 32, 16)           0         ['conv2d_2[1][0]',            
                                                                     'conv2d_1[1][0]']            
                                                                                                  
 activation_1 (Activation)   (None, 32, 32, 16)           0         ['add[1][0]']                 
                                                                                                  
 max_pooling2d (MaxPooling2  (None, 16, 16, 16)           0         ['activation_1[1][0]']        
 D)                                                                                               
                                                                                                  
 conv2d_3 (Conv2D)           (None, 16, 16, 64)           9280      ['max_pooling2d[1][0]']       
                                                                                                  
 activation_2 (Activation)   (None, 16, 16, 64)           0         ['conv2d_3[1][0]']            
                                                                                                  
 conv2d_5 (Conv2D)           (None, 16, 16, 64)           1088      ['max_pooling2d[1][0]']       
                                                                                                  
 conv2d_4 (Conv2D)           (None, 16, 16, 64)           36928     ['activation_2[1][0]']        
                                                                                                  
 add_1 (Add)                 (None, 16, 16, 64)           0         ['conv2d_5[1][0]',            
                                                                     'conv2d_4[1][0]']            
                                                                                                  
 activation_3 (Activation)   (None, 16, 16, 64)           0         ['add_1[1][0]']               
                                                                                                  
 max_pooling2d_1 (MaxPoolin  (None, 8, 8, 64)             0         ['activation_3[1][0]']        
 g2D)                                                                                             
                                                                                                  
 flatten (Flatten)           (None, 4096)                 0         ['max_pooling2d_1[1][0]']     
                                                                                                  
 dense (Dense)               (None, 248)                  1016056   ['flatten[1][0]']             
                                                                                                  
 activation_4 (Activation)   (None, 248)                  0         ['dense[1][0]']               
                                                                                                  
 dropout (Dropout)           (None, 248)                  0         ['activation_4[1][0]']        
                                                                                                  
 dense_1 (Dense)             (None, 96)                   23904     ['dropout[1][0]']             
                                                                                                  
 activation_5 (Activation)   (None, 96)                   0         ['dense_1[1][0]']             
                                                                                                  
 dropout_1 (Dropout)         (None, 96)                   0         ['activation_5[1][0]']        
                                                                                                  
 dense_2 (Dense)             (None, 104)                  10088     ['dropout_1[1][0]']           
                                                                                                  
 activation_6 (Activation)   (None, 104)                  0         ['dense_2[1][0]']             
                                                                                                  
 dropout_2 (Dropout)         (None, 104)                  0         ['activation_6[1][0]']        
                                                                                                  
 dense_3 (Dense)             (None, 48)                   5040      ['dropout_2[1][0]']           
                                                                                                  
 activation_7 (Activation)   (None, 48)                   0         ['dense_3[1][0]']             
                                                                                                  
 dropout_3 (Dropout)         (None, 48)                   0         ['activation_7[1][0]']        
                                                                                                  
 dense_4 (Dense)             (None, 240)                  11760     ['dropout_3[1][0]']           
                                                                                                  
 activation_8 (Activation)   (None, 240)                  0         ['dense_4[1][0]']             
                                                                                                  
 dropout_4 (Dropout)         (None, 240)                  0         ['activation_8[1][0]']        
                                                                                                  
 dense_5 (Dense)             (None, 104)                  25064     ['dropout_4[1][0]']           
                                                                                                  
 activation_9 (Activation)   (None, 104)                  0         ['dense_5[1][0]']             
                                                                                                  
 dropout_5 (Dropout)         (None, 104)                  0         ['activation_9[1][0]']        
                                                                                                  
 dense_6 (Dense)             (None, 168)                  17640     ['dropout_5[1][0]']           
                                                                                                  
 activation_10 (Activation)  (None, 168)                  0         ['dense_6[1][0]']             
                                                                                                  
 dropout_6 (Dropout)         (None, 168)                  0         ['activation_10[1][0]']       
                                                                                                  
 dense_7 (Dense)             (None, 88)                   14872     ['dropout_6[1][0]']           
                                                                                                  
 activation_11 (Activation)  (None, 88)                   0         ['dense_7[1][0]']             
                                                                                                  
 dropout_7 (Dropout)         (None, 88)                   0         ['activation_11[1][0]']       
                                                                                                  
 dense_8 (Dense)             (None, 160)                  14240     ['dropout_7[1][0]']           
                                                                                                  
 activation_12 (Activation)  (None, 160)                  0         ['dense_8[1][0]']             
                                                                                                  
 dropout_8 (Dropout)         (None, 160)                  0         ['activation_12[1][0]']       
                                                                                                  
 dense_9 (Dense)             (None, 112)                  18032     ['dropout_8[1][0]']           
                                                                                                  
 activation_13 (Activation)  (None, 112)                  0         ['dense_9[1][0]']             
                                                                                                  
 dropout_9 (Dropout)         (None, 112)                  0         ['activation_13[1][0]']       
                                                                                                  
 dense_10 (Dense)            (None, 10)                   1130      ['dropout_9[1][0]']           
                                                                                                  
==================================================================================================
Total params: 1207954 (4.61 MB)
Trainable params: 1207954 (4.61 MB)
Non-trainable params: 0 (0.00 Byte)
__________________________________________________________________________________________________
Epoch 1/100
782/782 - 7s - loss: 3.3365 - accuracy: 0.0962 - val_loss: 2.3038 - val_accuracy: 0.1000 - 7s/epoch - 10ms/step
Epoch 2/100
782/782 - 4s - loss: 2.3028 - accuracy: 0.0977 - val_loss: 2.3026 - val_accuracy: 0.1000 - 4s/epoch - 6ms/step
Epoch 3/100
782/782 - 4s - loss: 2.3026 - accuracy: 0.0989 - val_loss: 2.3026 - val_accuracy: 0.1000 - 4s/epoch - 6ms/step
Epoch 4/100
782/782 - 4s - loss: 2.3026 - accuracy: 0.0954 - val_loss: 2.3026 - val_accuracy: 0.1000 - 4s/epoch - 6ms/step
Epoch 5/100
782/782 - 4s - loss: 2.3026 - accuracy: 0.0976 - val_loss: 2.3026 - val_accuracy: 0.1000 - 4s/epoch - 6ms/step
Epoch 6/100
782/782 - 4s - loss: 2.3026 - accuracy: 0.0974 - val_loss: 2.3026 - val_accuracy: 0.1000 - 4s/epoch - 6ms/step
Epoch 7/100
782/782 - 4s - loss: 2.3026 - accuracy: 0.0975 - val_loss: 2.3026 - val_accuracy: 0.1000 - 4s/epoch - 6ms/step
Epoch 8/100
782/782 - 4s - loss: 2.3026 - accuracy: 0.0961 - val_loss: 2.3026 - val_accuracy: 0.1000 - 4s/epoch - 6ms/step
Epoch 9/100
782/782 - 4s - loss: 2.3026 - accuracy: 0.0977 - val_loss: 2.3026 - val_accuracy: 0.1000 - 4s/epoch - 6ms/step
Epoch 10/100
782/782 - 4s - loss: 2.3026 - accuracy: 0.0983 - val_loss: 2.3026 - val_accuracy: 0.1000 - 4s/epoch - 6ms/step
Epoch 11/100
782/782 - 4s - loss: 2.3026 - accuracy: 0.0993 - val_loss: 2.3026 - val_accuracy: 0.1000 - 4s/epoch - 6ms/step
Epoch 12/100
782/782 - 4s - loss: 2.3026 - accuracy: 0.0975 - val_loss: 2.3026 - val_accuracy: 0.1000 - 4s/epoch - 6ms/step
Epoch 13/100
782/782 - 4s - loss: 2.3026 - accuracy: 0.0979 - val_loss: 2.3026 - val_accuracy: 0.1000 - 4s/epoch - 6ms/step
Epoch 14/100
782/782 - 4s - loss: 2.3026 - accuracy: 0.0991 - val_loss: 2.3026 - val_accuracy: 0.1000 - 4s/epoch - 6ms/step
Epoch 15/100
782/782 - 4s - loss: 2.3026 - accuracy: 0.0991 - val_loss: 2.3026 - val_accuracy: 0.1000 - 4s/epoch - 6ms/step
Epoch 16/100
782/782 - 4s - loss: 2.3026 - accuracy: 0.0974 - val_loss: 2.3026 - val_accuracy: 0.1000 - 4s/epoch - 6ms/step
Epoch 17/100
782/782 - 4s - loss: 2.3026 - accuracy: 0.0973 - val_loss: 2.3026 - val_accuracy: 0.1000 - 4s/epoch - 6ms/step
Epoch 18/100
782/782 - 4s - loss: 2.3026 - accuracy: 0.0979 - val_loss: 2.3026 - val_accuracy: 0.1000 - 4s/epoch - 6ms/step
Epoch 19/100
782/782 - 4s - loss: 2.3026 - accuracy: 0.0970 - val_loss: 2.3026 - val_accuracy: 0.1000 - 4s/epoch - 6ms/step
Epoch 20/100
782/782 - 4s - loss: 2.3026 - accuracy: 0.0972 - val_loss: 2.3026 - val_accuracy: 0.1000 - 4s/epoch - 6ms/step
Epoch 21/100
782/782 - 4s - loss: 2.3026 - accuracy: 0.0988 - val_loss: 2.3026 - val_accuracy: 0.1000 - 4s/epoch - 6ms/step
Epoch 22/100
782/782 - 4s - loss: 2.3026 - accuracy: 0.0991 - val_loss: 2.3026 - val_accuracy: 0.1000 - 4s/epoch - 6ms/step
Epoch 23/100
782/782 - 4s - loss: 2.3026 - accuracy: 0.0969 - val_loss: 2.3026 - val_accuracy: 0.1000 - 4s/epoch - 6ms/step
Epoch 24/100
782/782 - 4s - loss: 2.3026 - accuracy: 0.0964 - val_loss: 2.3026 - val_accuracy: 0.1000 - 4s/epoch - 6ms/step
Epoch 25/100
782/782 - 4s - loss: 2.3026 - accuracy: 0.0968 - val_loss: 2.3026 - val_accuracy: 0.1000 - 4s/epoch - 6ms/step
Epoch 26/100
782/782 - 4s - loss: 2.3026 - accuracy: 0.0979 - val_loss: 2.3026 - val_accuracy: 0.1000 - 4s/epoch - 6ms/step
Epoch 27/100
782/782 - 4s - loss: 2.3026 - accuracy: 0.0971 - val_loss: 2.3026 - val_accuracy: 0.1000 - 4s/epoch - 6ms/step
Epoch 28/100
782/782 - 4s - loss: 2.3026 - accuracy: 0.0982 - val_loss: 2.3026 - val_accuracy: 0.1000 - 4s/epoch - 6ms/step
Epoch 29/100
782/782 - 4s - loss: 2.3026 - accuracy: 0.0966 - val_loss: 2.3026 - val_accuracy: 0.1000 - 4s/epoch - 6ms/step
Epoch 30/100
782/782 - 4s - loss: 2.3026 - accuracy: 0.0988 - val_loss: 2.3026 - val_accuracy: 0.1000 - 4s/epoch - 6ms/step
Epoch 31/100
Restoring model weights from the end of the best epoch: 1.
782/782 - 4s - loss: 2.3026 - accuracy: 0.0970 - val_loss: 2.3026 - val_accuracy: 0.1000 - 4s/epoch - 6ms/step
Epoch 31: early stopping
313/313 - 1s - loss: 2.3038 - accuracy: 0.1000 - 686ms/epoch - 2ms/step

ACCURACY: 0.10000000149011612


SCORE: -0.3054059130430813

[92m | MODULE VALUES ---------------------------------------------  |
 [0m
FLOPS: 32297044
PARAMS: 1207954.0
[92m 
 | -----------------------------------------------------------  |
 [0m

--- BANANAS ITERATION 14 / 1000 ---
Chosen point: {'num_neurons': 8, 'unit_c1': 4, 'unit_c2': 3, 'dr_f': 0.18164818994601062, 'learning_rate': 0.0006026257890102653, 'batch_size': 8, 'optimizer': 'Adamax', 'activation': 'selu', 'data_augmentation': True, 'reg_l2': True, 'skip_connection': True, 'new_fc_1': 31, 'new_fc_2': 0, 'new_fc_3': 21, 'new_fc_4': 1, 'new_fc_5': 24, 'new_fc_6': 5, 'new_fc_7': 29, 'new_fc_8': 12, 'new_fc_9': 28, 'new_fc_10': 19}
[94m
|  --> START TRAINING ITERATION 13[0m
[INFO] Flags -> DA: True, L2: True, Skip: True
Building model with input_shape=(32, 32, 3), pos_input_shape=None, layer_x_block=2
Model: "model"
__________________________________________________________________________________________________
 Layer (type)                Output Shape                 Param #   Connected to                  
==================================================================================================
 input_2 (InputLayer)        [(None, 32, 32, 3)]          0         []                            
                                                                                                  
 conv2d (Conv2D)             (None, 32, 32, 32)           896       ['input_2[0][0]']             
                                                                                                  
 activation (Activation)     (None, 32, 32, 32)           0         ['conv2d[1][0]']              
                                                                                                  
 conv2d_2 (Conv2D)           (None, 32, 32, 32)           128       ['input_2[0][0]']             
                                                                                                  
 conv2d_1 (Conv2D)           (None, 32, 32, 32)           9248      ['activation[1][0]']          
                                                                                                  
 add (Add)                   (None, 32, 32, 32)           0         ['conv2d_2[1][0]',            
                                                                     'conv2d_1[1][0]']            
                                                                                                  
 activation_1 (Activation)   (None, 32, 32, 32)           0         ['add[1][0]']                 
                                                                                                  
 max_pooling2d (MaxPooling2  (None, 16, 16, 32)           0         ['activation_1[1][0]']        
 D)                                                                                               
                                                                                                  
 conv2d_3 (Conv2D)           (None, 16, 16, 24)           6936      ['max_pooling2d[1][0]']       
                                                                                                  
 activation_2 (Activation)   (None, 16, 16, 24)           0         ['conv2d_3[1][0]']            
                                                                                                  
 conv2d_5 (Conv2D)           (None, 16, 16, 24)           792       ['max_pooling2d[1][0]']       
                                                                                                  
 conv2d_4 (Conv2D)           (None, 16, 16, 24)           5208      ['activation_2[1][0]']        
                                                                                                  
 add_1 (Add)                 (None, 16, 16, 24)           0         ['conv2d_5[1][0]',            
                                                                     'conv2d_4[1][0]']            
                                                                                                  
 activation_3 (Activation)   (None, 16, 16, 24)           0         ['add_1[1][0]']               
                                                                                                  
 max_pooling2d_1 (MaxPoolin  (None, 8, 8, 24)             0         ['activation_3[1][0]']        
 g2D)                                                                                             
                                                                                                  
 flatten (Flatten)           (None, 1536)                 0         ['max_pooling2d_1[1][0]']     
                                                                                                  
 dense (Dense)               (None, 248)                  381176    ['flatten[1][0]']             
                                                                                                  
 activation_4 (Activation)   (None, 248)                  0         ['dense[1][0]']               
                                                                                                  
 dropout (Dropout)           (None, 248)                  0         ['activation_4[1][0]']        
                                                                                                  
 dense_1 (Dense)             (None, 168)                  41832     ['dropout[1][0]']             
                                                                                                  
 activation_5 (Activation)   (None, 168)                  0         ['dense_1[1][0]']             
                                                                                                  
 dropout_1 (Dropout)         (None, 168)                  0         ['activation_5[1][0]']        
                                                                                                  
 dense_2 (Dense)             (None, 8)                    1352      ['dropout_1[1][0]']           
                                                                                                  
 activation_6 (Activation)   (None, 8)                    0         ['dense_2[1][0]']             
                                                                                                  
 dropout_2 (Dropout)         (None, 8)                    0         ['activation_6[1][0]']        
                                                                                                  
 dense_3 (Dense)             (None, 192)                  1728      ['dropout_2[1][0]']           
                                                                                                  
 activation_7 (Activation)   (None, 192)                  0         ['dense_3[1][0]']             
                                                                                                  
 dropout_3 (Dropout)         (None, 192)                  0         ['activation_7[1][0]']        
                                                                                                  
 dense_4 (Dense)             (None, 40)                   7720      ['dropout_3[1][0]']           
                                                                                                  
 activation_8 (Activation)   (None, 40)                   0         ['dense_4[1][0]']             
                                                                                                  
 dropout_4 (Dropout)         (None, 40)                   0         ['activation_8[1][0]']        
                                                                                                  
 dense_5 (Dense)             (None, 232)                  9512      ['dropout_4[1][0]']           
                                                                                                  
 activation_9 (Activation)   (None, 232)                  0         ['dense_5[1][0]']             
                                                                                                  
 dropout_5 (Dropout)         (None, 232)                  0         ['activation_9[1][0]']        
                                                                                                  
 dense_6 (Dense)             (None, 96)                   22368     ['dropout_5[1][0]']           
                                                                                                  
 activation_10 (Activation)  (None, 96)                   0         ['dense_6[1][0]']             
                                                                                                  
 dropout_6 (Dropout)         (None, 96)                   0         ['activation_10[1][0]']       
                                                                                                  
 dense_7 (Dense)             (None, 224)                  21728     ['dropout_6[1][0]']           
                                                                                                  
 activation_11 (Activation)  (None, 224)                  0         ['dense_7[1][0]']             
                                                                                                  
 dropout_7 (Dropout)         (None, 224)                  0         ['activation_11[1][0]']       
                                                                                                  
 dense_8 (Dense)             (None, 152)                  34200     ['dropout_7[1][0]']           
                                                                                                  
 activation_12 (Activation)  (None, 152)                  0         ['dense_8[1][0]']             
                                                                                                  
 dropout_8 (Dropout)         (None, 152)                  0         ['activation_12[1][0]']       
                                                                                                  
 dense_9 (Dense)             (None, 10)                   1530      ['dropout_8[1][0]']           
                                                                                                  
==================================================================================================
Total params: 546354 (2.08 MB)
Trainable params: 546354 (2.08 MB)
Non-trainable params: 0 (0.00 Byte)
__________________________________________________________________________________________________
Epoch 1/100
6250/6250 - 25s - loss: 6.0357 - accuracy: 0.3057 - val_loss: 2.2602 - val_accuracy: 0.4377 - 25s/epoch - 4ms/step
Epoch 2/100
6250/6250 - 23s - loss: 2.0827 - accuracy: 0.4416 - val_loss: 1.8491 - val_accuracy: 0.5009 - 23s/epoch - 4ms/step
Epoch 3/100
6250/6250 - 23s - loss: 1.8810 - accuracy: 0.4759 - val_loss: 1.7568 - val_accuracy: 0.5093 - 23s/epoch - 4ms/step
Epoch 4/100
6250/6250 - 23s - loss: 1.8069 - accuracy: 0.4925 - val_loss: 1.7215 - val_accuracy: 0.5176 - 23s/epoch - 4ms/step
Epoch 5/100
6250/6250 - 22s - loss: 1.7695 - accuracy: 0.5007 - val_loss: 1.6880 - val_accuracy: 0.5380 - 22s/epoch - 4ms/step
Epoch 6/100
6250/6250 - 21s - loss: 1.7411 - accuracy: 0.5125 - val_loss: 1.6717 - val_accuracy: 0.5398 - 21s/epoch - 3ms/step
Epoch 7/100
6250/6250 - 21s - loss: 1.7173 - accuracy: 0.5247 - val_loss: 1.6686 - val_accuracy: 0.5275 - 21s/epoch - 3ms/step
Epoch 8/100
6250/6250 - 21s - loss: 1.7000 - accuracy: 0.5301 - val_loss: 1.6394 - val_accuracy: 0.5548 - 21s/epoch - 3ms/step
Epoch 9/100
6250/6250 - 21s - loss: 1.6924 - accuracy: 0.5329 - val_loss: 1.6228 - val_accuracy: 0.5598 - 21s/epoch - 3ms/step
Epoch 10/100
6250/6250 - 22s - loss: 1.6821 - accuracy: 0.5384 - val_loss: 1.6094 - val_accuracy: 0.5686 - 22s/epoch - 4ms/step
Epoch 11/100
6250/6250 - 22s - loss: 1.6679 - accuracy: 0.5418 - val_loss: 1.6255 - val_accuracy: 0.5520 - 22s/epoch - 4ms/step
Epoch 12/100
6250/6250 - 22s - loss: 1.6600 - accuracy: 0.5468 - val_loss: 1.6036 - val_accuracy: 0.5741 - 22s/epoch - 4ms/step
Epoch 13/100
6250/6250 - 22s - loss: 1.6553 - accuracy: 0.5497 - val_loss: 1.5748 - val_accuracy: 0.5807 - 22s/epoch - 4ms/step
Epoch 14/100
6250/6250 - 22s - loss: 1.6449 - accuracy: 0.5518 - val_loss: 1.5541 - val_accuracy: 0.5801 - 22s/epoch - 4ms/step
Epoch 15/100
6250/6250 - 22s - loss: 1.6409 - accuracy: 0.5490 - val_loss: 1.5767 - val_accuracy: 0.5805 - 22s/epoch - 4ms/step
Epoch 16/100
6250/6250 - 22s - loss: 1.6318 - accuracy: 0.5556 - val_loss: 1.5484 - val_accuracy: 0.5803 - 22s/epoch - 4ms/step
Epoch 17/100
6250/6250 - 22s - loss: 1.6295 - accuracy: 0.5562 - val_loss: 1.5703 - val_accuracy: 0.5723 - 22s/epoch - 4ms/step
Epoch 18/100
6250/6250 - 21s - loss: 1.6234 - accuracy: 0.5573 - val_loss: 1.5554 - val_accuracy: 0.5902 - 21s/epoch - 3ms/step
Epoch 19/100
6250/6250 - 22s - loss: 1.6197 - accuracy: 0.5595 - val_loss: 1.5845 - val_accuracy: 0.5765 - 22s/epoch - 4ms/step
Epoch 20/100
6250/6250 - 21s - loss: 1.6104 - accuracy: 0.5635 - val_loss: 1.5435 - val_accuracy: 0.5904 - 21s/epoch - 3ms/step
Epoch 21/100
6250/6250 - 21s - loss: 1.6048 - accuracy: 0.5650 - val_loss: 1.5394 - val_accuracy: 0.5882 - 21s/epoch - 3ms/step
Epoch 22/100
6250/6250 - 22s - loss: 1.6052 - accuracy: 0.5644 - val_loss: 1.5275 - val_accuracy: 0.5935 - 22s/epoch - 4ms/step
Epoch 23/100
6250/6250 - 22s - loss: 1.5992 - accuracy: 0.5671 - val_loss: 1.5457 - val_accuracy: 0.5881 - 22s/epoch - 4ms/step
Epoch 24/100
6250/6250 - 22s - loss: 1.5936 - accuracy: 0.5704 - val_loss: 1.5610 - val_accuracy: 0.5871 - 22s/epoch - 4ms/step
Epoch 25/100
6250/6250 - 22s - loss: 1.5924 - accuracy: 0.5677 - val_loss: 1.5699 - val_accuracy: 0.5851 - 22s/epoch - 4ms/step
Epoch 26/100
6250/6250 - 22s - loss: 1.5881 - accuracy: 0.5678 - val_loss: 1.5344 - val_accuracy: 0.5907 - 22s/epoch - 4ms/step
Epoch 27/100
6250/6250 - 22s - loss: 1.5844 - accuracy: 0.5711 - val_loss: 1.5368 - val_accuracy: 0.5868 - 22s/epoch - 4ms/step
Epoch 28/100
6250/6250 - 22s - loss: 1.5806 - accuracy: 0.5714 - val_loss: 1.4993 - val_accuracy: 0.6117 - 22s/epoch - 4ms/step
Epoch 29/100
6250/6250 - 21s - loss: 1.5766 - accuracy: 0.5734 - val_loss: 1.5069 - val_accuracy: 0.5965 - 21s/epoch - 3ms/step
Epoch 30/100
6250/6250 - 21s - loss: 1.5765 - accuracy: 0.5746 - val_loss: 1.5412 - val_accuracy: 0.5772 - 21s/epoch - 3ms/step
Epoch 31/100
6250/6250 - 21s - loss: 1.5695 - accuracy: 0.5758 - val_loss: 1.5101 - val_accuracy: 0.5921 - 21s/epoch - 3ms/step
Epoch 32/100
6250/6250 - 21s - loss: 1.5653 - accuracy: 0.5771 - val_loss: 1.4946 - val_accuracy: 0.6060 - 21s/epoch - 3ms/step
Epoch 33/100
6250/6250 - 22s - loss: 1.5620 - accuracy: 0.5801 - val_loss: 1.5046 - val_accuracy: 0.5964 - 22s/epoch - 4ms/step
Epoch 34/100
6250/6250 - 21s - loss: 1.5601 - accuracy: 0.5812 - val_loss: 1.5177 - val_accuracy: 0.5999 - 21s/epoch - 3ms/step
Epoch 35/100
6250/6250 - 21s - loss: 1.5551 - accuracy: 0.5830 - val_loss: 1.4955 - val_accuracy: 0.5977 - 21s/epoch - 3ms/step
Epoch 36/100
6250/6250 - 21s - loss: 1.5518 - accuracy: 0.5854 - val_loss: 1.4842 - val_accuracy: 0.6059 - 21s/epoch - 3ms/step
Epoch 37/100
6250/6250 - 21s - loss: 1.5496 - accuracy: 0.5875 - val_loss: 1.4956 - val_accuracy: 0.6042 - 21s/epoch - 3ms/step
Epoch 38/100
6250/6250 - 21s - loss: 1.5454 - accuracy: 0.5859 - val_loss: 1.5014 - val_accuracy: 0.5980 - 21s/epoch - 3ms/step
Epoch 39/100
6250/6250 - 22s - loss: 1.5494 - accuracy: 0.5834 - val_loss: 1.4935 - val_accuracy: 0.6058 - 22s/epoch - 4ms/step
Epoch 40/100
6250/6250 - 21s - loss: 1.5451 - accuracy: 0.5865 - val_loss: 1.4918 - val_accuracy: 0.6110 - 21s/epoch - 3ms/step
Epoch 41/100
6250/6250 - 22s - loss: 1.5412 - accuracy: 0.5884 - val_loss: 1.5213 - val_accuracy: 0.5963 - 22s/epoch - 3ms/step
Epoch 42/100
6250/6250 - 21s - loss: 1.5381 - accuracy: 0.5899 - val_loss: 1.4687 - val_accuracy: 0.6181 - 21s/epoch - 3ms/step
Epoch 43/100
6250/6250 - 21s - loss: 1.5360 - accuracy: 0.5927 - val_loss: 1.4685 - val_accuracy: 0.6132 - 21s/epoch - 3ms/step
Epoch 44/100
6250/6250 - 21s - loss: 1.5349 - accuracy: 0.5931 - val_loss: 1.4805 - val_accuracy: 0.6198 - 21s/epoch - 3ms/step
Epoch 45/100
6250/6250 - 21s - loss: 1.5326 - accuracy: 0.5956 - val_loss: 1.4927 - val_accuracy: 0.6046 - 21s/epoch - 3ms/step
Epoch 46/100
6250/6250 - 21s - loss: 1.5260 - accuracy: 0.5965 - val_loss: 1.4871 - val_accuracy: 0.6061 - 21s/epoch - 3ms/step
Epoch 47/100
6250/6250 - 22s - loss: 1.5243 - accuracy: 0.5987 - val_loss: 1.4966 - val_accuracy: 0.6125 - 22s/epoch - 4ms/step
Epoch 48/100
6250/6250 - 21s - loss: 1.5210 - accuracy: 0.6024 - val_loss: 1.4616 - val_accuracy: 0.6213 - 21s/epoch - 3ms/step
Epoch 49/100
6250/6250 - 21s - loss: 1.5239 - accuracy: 0.6005 - val_loss: 1.4922 - val_accuracy: 0.6129 - 21s/epoch - 3ms/step
Epoch 50/100
6250/6250 - 22s - loss: 1.5222 - accuracy: 0.5998 - val_loss: 1.4716 - val_accuracy: 0.6180 - 22s/epoch - 4ms/step
Epoch 51/100
6250/6250 - 22s - loss: 1.5181 - accuracy: 0.6017 - val_loss: 1.4515 - val_accuracy: 0.6275 - 22s/epoch - 4ms/step
Epoch 52/100
6250/6250 - 21s - loss: 1.5127 - accuracy: 0.6041 - val_loss: 1.4650 - val_accuracy: 0.6155 - 21s/epoch - 3ms/step
Epoch 53/100
6250/6250 - 21s - loss: 1.5133 - accuracy: 0.6045 - val_loss: 1.4630 - val_accuracy: 0.6244 - 21s/epoch - 3ms/step
Epoch 54/100
6250/6250 - 21s - loss: 1.5091 - accuracy: 0.6074 - val_loss: 1.4828 - val_accuracy: 0.6060 - 21s/epoch - 3ms/step
Epoch 55/100
6250/6250 - 21s - loss: 1.5064 - accuracy: 0.6056 - val_loss: 1.4624 - val_accuracy: 0.6170 - 21s/epoch - 3ms/step
Epoch 56/100
6250/6250 - 21s - loss: 1.5081 - accuracy: 0.6058 - val_loss: 1.4591 - val_accuracy: 0.6262 - 21s/epoch - 3ms/step
Epoch 57/100
6250/6250 - 22s - loss: 1.5035 - accuracy: 0.6076 - val_loss: 1.5212 - val_accuracy: 0.6066 - 22s/epoch - 4ms/step
Epoch 58/100
6250/6250 - 22s - loss: 1.5025 - accuracy: 0.6076 - val_loss: 1.4648 - val_accuracy: 0.6209 - 22s/epoch - 3ms/step
Epoch 59/100
6250/6250 - 21s - loss: 1.4988 - accuracy: 0.6110 - val_loss: 1.4783 - val_accuracy: 0.6247 - 21s/epoch - 3ms/step
Epoch 60/100
6250/6250 - 21s - loss: 1.5016 - accuracy: 0.6106 - val_loss: 1.4629 - val_accuracy: 0.6200 - 21s/epoch - 3ms/step
Epoch 61/100
6250/6250 - 22s - loss: 1.4992 - accuracy: 0.6116 - val_loss: 1.5138 - val_accuracy: 0.6112 - 22s/epoch - 3ms/step
Epoch 62/100
6250/6250 - 22s - loss: 1.4946 - accuracy: 0.6141 - val_loss: 1.4644 - val_accuracy: 0.6284 - 22s/epoch - 3ms/step
Epoch 63/100
6250/6250 - 22s - loss: 1.4906 - accuracy: 0.6160 - val_loss: 1.4771 - val_accuracy: 0.6286 - 22s/epoch - 4ms/step
Epoch 64/100
6250/6250 - 23s - loss: 1.4893 - accuracy: 0.6172 - val_loss: 1.4551 - val_accuracy: 0.6355 - 23s/epoch - 4ms/step
Epoch 65/100
6250/6250 - 22s - loss: 1.4907 - accuracy: 0.6155 - val_loss: 1.4278 - val_accuracy: 0.6335 - 22s/epoch - 4ms/step
Epoch 66/100
6250/6250 - 22s - loss: 1.4890 - accuracy: 0.6170 - val_loss: 1.4550 - val_accuracy: 0.6304 - 22s/epoch - 4ms/step
Epoch 67/100
6250/6250 - 22s - loss: 1.4897 - accuracy: 0.6181 - val_loss: 1.4316 - val_accuracy: 0.6393 - 22s/epoch - 3ms/step
Epoch 68/100
6250/6250 - 22s - loss: 1.4868 - accuracy: 0.6191 - val_loss: 1.4489 - val_accuracy: 0.6250 - 22s/epoch - 4ms/step
Epoch 69/100
6250/6250 - 22s - loss: 1.4858 - accuracy: 0.6171 - val_loss: 1.4563 - val_accuracy: 0.6350 - 22s/epoch - 3ms/step
Epoch 70/100
6250/6250 - 23s - loss: 1.4811 - accuracy: 0.6214 - val_loss: 1.5240 - val_accuracy: 0.6174 - 23s/epoch - 4ms/step
Epoch 71/100
6250/6250 - 22s - loss: 1.4780 - accuracy: 0.6251 - val_loss: 1.4485 - val_accuracy: 0.6335 - 22s/epoch - 4ms/step
Epoch 72/100
6250/6250 - 22s - loss: 1.4785 - accuracy: 0.6235 - val_loss: 1.5341 - val_accuracy: 0.5946 - 22s/epoch - 3ms/step
Epoch 73/100
6250/6250 - 22s - loss: 1.4773 - accuracy: 0.6244 - val_loss: 1.4574 - val_accuracy: 0.6431 - 22s/epoch - 4ms/step
Epoch 74/100
6250/6250 - 22s - loss: 1.4739 - accuracy: 0.6226 - val_loss: 1.4414 - val_accuracy: 0.6431 - 22s/epoch - 4ms/step
Epoch 75/100
6250/6250 - 22s - loss: 1.4747 - accuracy: 0.6236 - val_loss: 1.4513 - val_accuracy: 0.6416 - 22s/epoch - 4ms/step
Epoch 76/100
6250/6250 - 22s - loss: 1.4692 - accuracy: 0.6278 - val_loss: 1.4499 - val_accuracy: 0.6273 - 22s/epoch - 4ms/step
Epoch 77/100
6250/6250 - 22s - loss: 1.4687 - accuracy: 0.6254 - val_loss: 1.4419 - val_accuracy: 0.6286 - 22s/epoch - 4ms/step
Epoch 78/100
6250/6250 - 22s - loss: 1.4702 - accuracy: 0.6248 - val_loss: 1.4378 - val_accuracy: 0.6369 - 22s/epoch - 4ms/step
Epoch 79/100
6250/6250 - 22s - loss: 1.4629 - accuracy: 0.6299 - val_loss: 1.4146 - val_accuracy: 0.6458 - 22s/epoch - 4ms/step
Epoch 80/100
6250/6250 - 22s - loss: 1.4652 - accuracy: 0.6280 - val_loss: 1.4510 - val_accuracy: 0.6275 - 22s/epoch - 4ms/step
Epoch 81/100
6250/6250 - 22s - loss: 1.4630 - accuracy: 0.6287 - val_loss: 1.4329 - val_accuracy: 0.6428 - 22s/epoch - 4ms/step
Epoch 82/100
6250/6250 - 22s - loss: 1.4639 - accuracy: 0.6282 - val_loss: 1.4657 - val_accuracy: 0.6321 - 22s/epoch - 4ms/step
Epoch 83/100
6250/6250 - 22s - loss: 1.4623 - accuracy: 0.6312 - val_loss: 1.4299 - val_accuracy: 0.6406 - 22s/epoch - 4ms/step
Epoch 84/100
6250/6250 - 22s - loss: 1.4624 - accuracy: 0.6302 - val_loss: 1.4398 - val_accuracy: 0.6479 - 22s/epoch - 4ms/step
Epoch 85/100
6250/6250 - 22s - loss: 1.4575 - accuracy: 0.6323 - val_loss: 1.4202 - val_accuracy: 0.6434 - 22s/epoch - 4ms/step
Epoch 86/100
6250/6250 - 22s - loss: 1.4590 - accuracy: 0.6325 - val_loss: 1.4373 - val_accuracy: 0.6411 - 22s/epoch - 4ms/step
Epoch 87/100
6250/6250 - 23s - loss: 1.4573 - accuracy: 0.6321 - val_loss: 1.4123 - val_accuracy: 0.6512 - 23s/epoch - 4ms/step
Epoch 88/100
6250/6250 - 22s - loss: 1.4475 - accuracy: 0.6374 - val_loss: 1.4025 - val_accuracy: 0.6609 - 22s/epoch - 4ms/step
Epoch 89/100
6250/6250 - 22s - loss: 1.4496 - accuracy: 0.6392 - val_loss: 1.4244 - val_accuracy: 0.6496 - 22s/epoch - 4ms/step
Epoch 90/100
6250/6250 - 23s - loss: 1.4463 - accuracy: 0.6394 - val_loss: 1.4204 - val_accuracy: 0.6488 - 23s/epoch - 4ms/step
Epoch 91/100
6250/6250 - 22s - loss: 1.4431 - accuracy: 0.6388 - val_loss: 1.4203 - val_accuracy: 0.6467 - 22s/epoch - 4ms/step
Epoch 92/100
6250/6250 - 22s - loss: 1.4405 - accuracy: 0.6429 - val_loss: 1.3952 - val_accuracy: 0.6544 - 22s/epoch - 4ms/step
Epoch 93/100
6250/6250 - 22s - loss: 1.4366 - accuracy: 0.6449 - val_loss: 1.4033 - val_accuracy: 0.6486 - 22s/epoch - 4ms/step
Epoch 94/100
6250/6250 - 22s - loss: 1.4434 - accuracy: 0.6426 - val_loss: 1.4339 - val_accuracy: 0.6460 - 22s/epoch - 4ms/step
Epoch 95/100
6250/6250 - 22s - loss: 1.4372 - accuracy: 0.6457 - val_loss: 1.4110 - val_accuracy: 0.6514 - 22s/epoch - 4ms/step
Epoch 96/100
6250/6250 - 22s - loss: 1.4338 - accuracy: 0.6469 - val_loss: 1.4100 - val_accuracy: 0.6501 - 22s/epoch - 4ms/step
Epoch 97/100
6250/6250 - 23s - loss: 1.4376 - accuracy: 0.6446 - val_loss: 1.4330 - val_accuracy: 0.6385 - 23s/epoch - 4ms/step
Epoch 98/100
6250/6250 - 22s - loss: 1.4417 - accuracy: 0.6427 - val_loss: 1.3929 - val_accuracy: 0.6613 - 22s/epoch - 4ms/step
Epoch 99/100
6250/6250 - 22s - loss: 1.4347 - accuracy: 0.6451 - val_loss: 1.3947 - val_accuracy: 0.6570 - 22s/epoch - 4ms/step
Epoch 100/100
6250/6250 - 22s - loss: 1.4326 - accuracy: 0.6470 - val_loss: 1.4211 - val_accuracy: 0.6473 - 22s/epoch - 4ms/step
313/313 - 1s - loss: 1.4211 - accuracy: 0.6473 - 796ms/epoch - 3ms/step

ACCURACY: 0.6473000049591064


SCORE: -0.6957773074713745

[92m | MODULE VALUES ---------------------------------------------  |
 [0m
FLOPS: 28666348
PARAMS: 546354.0
[92m 
 | -----------------------------------------------------------  |
 [0m

--- BANANAS ITERATION 15 / 1000 ---
Chosen point: {'num_neurons': 16, 'unit_c1': 1, 'unit_c2': 1, 'dr_f': 0.28595012248296425, 'learning_rate': 0.00014584003173179314, 'batch_size': 64, 'optimizer': 'Adamax', 'activation': 'relu', 'data_augmentation': True, 'reg_l2': False, 'skip_connection': True, 'new_fc_1': 25, 'new_fc_2': 10, 'new_fc_3': 27, 'new_fc_4': 11, 'new_fc_5': 26, 'new_fc_6': 1, 'new_fc_7': 28, 'new_fc_8': 12, 'new_fc_9': 24, 'new_fc_10': 0}
[94m
|  --> START TRAINING ITERATION 14[0m
[INFO] Flags -> DA: True, L2: False, Skip: True
Building model with input_shape=(32, 32, 3), pos_input_shape=None, layer_x_block=2
Model: "model"
__________________________________________________________________________________________________
 Layer (type)                Output Shape                 Param #   Connected to                  
==================================================================================================
 input_2 (InputLayer)        [(None, 32, 32, 3)]          0         []                            
                                                                                                  
 conv2d (Conv2D)             (None, 32, 32, 16)           448       ['input_2[0][0]']             
                                                                                                  
 activation (Activation)     (None, 32, 32, 16)           0         ['conv2d[1][0]']              
                                                                                                  
 conv2d_2 (Conv2D)           (None, 32, 32, 16)           64        ['input_2[0][0]']             
                                                                                                  
 conv2d_1 (Conv2D)           (None, 32, 32, 16)           2320      ['activation[1][0]']          
                                                                                                  
 add (Add)                   (None, 32, 32, 16)           0         ['conv2d_2[1][0]',            
                                                                     'conv2d_1[1][0]']            
                                                                                                  
 activation_1 (Activation)   (None, 32, 32, 16)           0         ['add[1][0]']                 
                                                                                                  
 max_pooling2d (MaxPooling2  (None, 16, 16, 16)           0         ['activation_1[1][0]']        
 D)                                                                                               
                                                                                                  
 conv2d_3 (Conv2D)           (None, 16, 16, 16)           2320      ['max_pooling2d[1][0]']       
                                                                                                  
 activation_2 (Activation)   (None, 16, 16, 16)           0         ['conv2d_3[1][0]']            
                                                                                                  
 conv2d_4 (Conv2D)           (None, 16, 16, 16)           2320      ['activation_2[1][0]']        
                                                                                                  
 add_1 (Add)                 (None, 16, 16, 16)           0         ['max_pooling2d[1][0]',       
                                                                     'conv2d_4[1][0]']            
                                                                                                  
 activation_3 (Activation)   (None, 16, 16, 16)           0         ['add_1[1][0]']               
                                                                                                  
 max_pooling2d_1 (MaxPoolin  (None, 8, 8, 16)             0         ['activation_3[1][0]']        
 g2D)                                                                                             
                                                                                                  
 flatten (Flatten)           (None, 1024)                 0         ['max_pooling2d_1[1][0]']     
                                                                                                  
 dense (Dense)               (None, 400)                  410000    ['flatten[1][0]']             
                                                                                                  
 activation_4 (Activation)   (None, 400)                  0         ['dense[1][0]']               
                                                                                                  
 dropout (Dropout)           (None, 400)                  0         ['activation_4[1][0]']        
                                                                                                  
 dense_1 (Dense)             (None, 160)                  64160     ['dropout[1][0]']             
                                                                                                  
 activation_5 (Activation)   (None, 160)                  0         ['dense_1[1][0]']             
                                                                                                  
 dropout_1 (Dropout)         (None, 160)                  0         ['activation_5[1][0]']        
                                                                                                  
 dense_2 (Dense)             (None, 432)                  69552     ['dropout_1[1][0]']           
                                                                                                  
 activation_6 (Activation)   (None, 432)                  0         ['dense_2[1][0]']             
                                                                                                  
 dropout_2 (Dropout)         (None, 432)                  0         ['activation_6[1][0]']        
                                                                                                  
 dense_3 (Dense)             (None, 176)                  76208     ['dropout_2[1][0]']           
                                                                                                  
 activation_7 (Activation)   (None, 176)                  0         ['dense_3[1][0]']             
                                                                                                  
 dropout_3 (Dropout)         (None, 176)                  0         ['activation_7[1][0]']        
                                                                                                  
 dense_4 (Dense)             (None, 416)                  73632     ['dropout_3[1][0]']           
                                                                                                  
 activation_8 (Activation)   (None, 416)                  0         ['dense_4[1][0]']             
                                                                                                  
 dropout_4 (Dropout)         (None, 416)                  0         ['activation_8[1][0]']        
                                                                                                  
 dense_5 (Dense)             (None, 16)                   6672      ['dropout_4[1][0]']           
                                                                                                  
 activation_9 (Activation)   (None, 16)                   0         ['dense_5[1][0]']             
                                                                                                  
 dropout_5 (Dropout)         (None, 16)                   0         ['activation_9[1][0]']        
                                                                                                  
 dense_6 (Dense)             (None, 448)                  7616      ['dropout_5[1][0]']           
                                                                                                  
 activation_10 (Activation)  (None, 448)                  0         ['dense_6[1][0]']             
                                                                                                  
 dropout_6 (Dropout)         (None, 448)                  0         ['activation_10[1][0]']       
                                                                                                  
 dense_7 (Dense)             (None, 192)                  86208     ['dropout_6[1][0]']           
                                                                                                  
 activation_11 (Activation)  (None, 192)                  0         ['dense_7[1][0]']             
                                                                                                  
 dropout_7 (Dropout)         (None, 192)                  0         ['activation_11[1][0]']       
                                                                                                  
 dense_8 (Dense)             (None, 384)                  74112     ['dropout_7[1][0]']           
                                                                                                  
 activation_12 (Activation)  (None, 384)                  0         ['dense_8[1][0]']             
                                                                                                  
 dropout_8 (Dropout)         (None, 384)                  0         ['activation_12[1][0]']       
                                                                                                  
 dense_9 (Dense)             (None, 10)                   3850      ['dropout_8[1][0]']           
                                                                                                  
==================================================================================================
Total params: 879482 (3.35 MB)
Trainable params: 879482 (3.35 MB)
Non-trainable params: 0 (0.00 Byte)
__________________________________________________________________________________________________
Epoch 1/100
782/782 - 6s - loss: 2.2984 - accuracy: 0.1051 - val_loss: 2.2431 - val_accuracy: 0.1716 - 6s/epoch - 7ms/step
Epoch 2/100
782/782 - 4s - loss: 2.1978 - accuracy: 0.1765 - val_loss: 2.0977 - val_accuracy: 0.1839 - 4s/epoch - 5ms/step
Epoch 3/100
782/782 - 4s - loss: 2.0427 - accuracy: 0.1826 - val_loss: 1.9310 - val_accuracy: 0.2002 - 4s/epoch - 5ms/step
Epoch 4/100
782/782 - 4s - loss: 1.9526 - accuracy: 0.1852 - val_loss: 1.8785 - val_accuracy: 0.2043 - 4s/epoch - 5ms/step
Epoch 5/100
782/782 - 4s - loss: 1.9122 - accuracy: 0.1940 - val_loss: 1.8708 - val_accuracy: 0.2110 - 4s/epoch - 5ms/step
Epoch 6/100
782/782 - 4s - loss: 1.8888 - accuracy: 0.1994 - val_loss: 1.8461 - val_accuracy: 0.2200 - 4s/epoch - 5ms/step
Epoch 7/100
782/782 - 4s - loss: 1.8737 - accuracy: 0.2056 - val_loss: 1.8383 - val_accuracy: 0.2310 - 4s/epoch - 5ms/step
Epoch 8/100
782/782 - 4s - loss: 1.8615 - accuracy: 0.2114 - val_loss: 1.8277 - val_accuracy: 0.2368 - 4s/epoch - 5ms/step
Epoch 9/100
782/782 - 4s - loss: 1.8479 - accuracy: 0.2194 - val_loss: 1.8186 - val_accuracy: 0.2460 - 4s/epoch - 5ms/step
Epoch 10/100
782/782 - 4s - loss: 1.8355 - accuracy: 0.2270 - val_loss: 1.8036 - val_accuracy: 0.2543 - 4s/epoch - 5ms/step
Epoch 11/100
782/782 - 4s - loss: 1.8247 - accuracy: 0.2392 - val_loss: 1.7941 - val_accuracy: 0.2717 - 4s/epoch - 5ms/step
Epoch 12/100
782/782 - 4s - loss: 1.8074 - accuracy: 0.2577 - val_loss: 1.8928 - val_accuracy: 0.2460 - 4s/epoch - 5ms/step
Epoch 13/100
782/782 - 4s - loss: 1.7853 - accuracy: 0.2711 - val_loss: 1.7670 - val_accuracy: 0.3023 - 4s/epoch - 5ms/step
Epoch 14/100
782/782 - 4s - loss: 1.7629 - accuracy: 0.2911 - val_loss: 1.7361 - val_accuracy: 0.3188 - 4s/epoch - 5ms/step
Epoch 15/100
782/782 - 4s - loss: 1.7391 - accuracy: 0.3052 - val_loss: 1.7021 - val_accuracy: 0.3291 - 4s/epoch - 5ms/step
Epoch 16/100
782/782 - 4s - loss: 1.7062 - accuracy: 0.3226 - val_loss: 1.6809 - val_accuracy: 0.3318 - 4s/epoch - 5ms/step
Epoch 17/100
782/782 - 4s - loss: 1.6870 - accuracy: 0.3297 - val_loss: 1.7159 - val_accuracy: 0.3237 - 4s/epoch - 5ms/step
Epoch 18/100
782/782 - 4s - loss: 1.6594 - accuracy: 0.3432 - val_loss: 1.6882 - val_accuracy: 0.3282 - 4s/epoch - 5ms/step
Epoch 19/100
782/782 - 4s - loss: 1.6351 - accuracy: 0.3534 - val_loss: 1.6506 - val_accuracy: 0.3445 - 4s/epoch - 5ms/step
Epoch 20/100
782/782 - 4s - loss: 1.6122 - accuracy: 0.3615 - val_loss: 1.6560 - val_accuracy: 0.3420 - 4s/epoch - 5ms/step
Epoch 21/100
782/782 - 4s - loss: 1.5968 - accuracy: 0.3695 - val_loss: 1.5812 - val_accuracy: 0.3719 - 4s/epoch - 5ms/step
Epoch 22/100
782/782 - 4s - loss: 1.5697 - accuracy: 0.3808 - val_loss: 1.6414 - val_accuracy: 0.3459 - 4s/epoch - 5ms/step
Epoch 23/100
782/782 - 4s - loss: 1.5585 - accuracy: 0.3900 - val_loss: 1.6422 - val_accuracy: 0.3529 - 4s/epoch - 5ms/step
Epoch 24/100
782/782 - 4s - loss: 1.5411 - accuracy: 0.3991 - val_loss: 1.5384 - val_accuracy: 0.3956 - 4s/epoch - 5ms/step
Epoch 25/100
782/782 - 4s - loss: 1.5275 - accuracy: 0.4082 - val_loss: 1.5289 - val_accuracy: 0.3923 - 4s/epoch - 5ms/step
Epoch 26/100
782/782 - 4s - loss: 1.5108 - accuracy: 0.4137 - val_loss: 1.5586 - val_accuracy: 0.3853 - 4s/epoch - 5ms/step
Epoch 27/100
782/782 - 4s - loss: 1.5004 - accuracy: 0.4231 - val_loss: 1.5737 - val_accuracy: 0.3854 - 4s/epoch - 5ms/step
Epoch 28/100
782/782 - 4s - loss: 1.4849 - accuracy: 0.4281 - val_loss: 1.5994 - val_accuracy: 0.3732 - 4s/epoch - 5ms/step
Epoch 29/100
782/782 - 4s - loss: 1.4729 - accuracy: 0.4341 - val_loss: 1.5448 - val_accuracy: 0.3954 - 4s/epoch - 5ms/step
Epoch 30/100
782/782 - 4s - loss: 1.4585 - accuracy: 0.4402 - val_loss: 1.5424 - val_accuracy: 0.4013 - 4s/epoch - 5ms/step
Epoch 31/100
782/782 - 4s - loss: 1.4494 - accuracy: 0.4478 - val_loss: 1.4950 - val_accuracy: 0.4273 - 4s/epoch - 5ms/step
Epoch 32/100
782/782 - 4s - loss: 1.4371 - accuracy: 0.4529 - val_loss: 1.5078 - val_accuracy: 0.4177 - 4s/epoch - 5ms/step
Epoch 33/100
782/782 - 4s - loss: 1.4226 - accuracy: 0.4589 - val_loss: 1.4530 - val_accuracy: 0.4382 - 4s/epoch - 5ms/step
Epoch 34/100
782/782 - 4s - loss: 1.4097 - accuracy: 0.4640 - val_loss: 1.4503 - val_accuracy: 0.4508 - 4s/epoch - 5ms/step
Epoch 35/100
782/782 - 4s - loss: 1.4015 - accuracy: 0.4668 - val_loss: 1.4468 - val_accuracy: 0.4456 - 4s/epoch - 5ms/step
Epoch 36/100
782/782 - 4s - loss: 1.3857 - accuracy: 0.4742 - val_loss: 1.4709 - val_accuracy: 0.4449 - 4s/epoch - 5ms/step
Epoch 37/100
782/782 - 4s - loss: 1.3726 - accuracy: 0.4800 - val_loss: 1.4680 - val_accuracy: 0.4530 - 4s/epoch - 5ms/step
Epoch 38/100
782/782 - 4s - loss: 1.3700 - accuracy: 0.4830 - val_loss: 1.4413 - val_accuracy: 0.4558 - 4s/epoch - 5ms/step
Epoch 39/100
782/782 - 4s - loss: 1.3513 - accuracy: 0.4896 - val_loss: 1.3806 - val_accuracy: 0.4762 - 4s/epoch - 5ms/step
Epoch 40/100
782/782 - 4s - loss: 1.3444 - accuracy: 0.4924 - val_loss: 1.4716 - val_accuracy: 0.4509 - 4s/epoch - 5ms/step
Epoch 41/100
782/782 - 4s - loss: 1.3311 - accuracy: 0.4953 - val_loss: 1.4485 - val_accuracy: 0.4614 - 4s/epoch - 5ms/step
Epoch 42/100
782/782 - 4s - loss: 1.3204 - accuracy: 0.5027 - val_loss: 1.4390 - val_accuracy: 0.4659 - 4s/epoch - 5ms/step
Epoch 43/100
782/782 - 4s - loss: 1.3115 - accuracy: 0.5046 - val_loss: 1.4279 - val_accuracy: 0.4684 - 4s/epoch - 5ms/step
Epoch 44/100
782/782 - 4s - loss: 1.2960 - accuracy: 0.5099 - val_loss: 1.3862 - val_accuracy: 0.4892 - 4s/epoch - 5ms/step
Epoch 45/100
782/782 - 4s - loss: 1.2908 - accuracy: 0.5126 - val_loss: 1.4128 - val_accuracy: 0.4788 - 4s/epoch - 5ms/step
Epoch 46/100
782/782 - 4s - loss: 1.2787 - accuracy: 0.5198 - val_loss: 1.3592 - val_accuracy: 0.4928 - 4s/epoch - 5ms/step
Epoch 47/100
782/782 - 4s - loss: 1.2761 - accuracy: 0.5176 - val_loss: 1.4000 - val_accuracy: 0.4842 - 4s/epoch - 5ms/step
Epoch 48/100
782/782 - 4s - loss: 1.2591 - accuracy: 0.5239 - val_loss: 1.3744 - val_accuracy: 0.4979 - 4s/epoch - 5ms/step
Epoch 49/100
782/782 - 4s - loss: 1.2504 - accuracy: 0.5291 - val_loss: 1.4080 - val_accuracy: 0.4857 - 4s/epoch - 5ms/step
Epoch 50/100
782/782 - 4s - loss: 1.2398 - accuracy: 0.5315 - val_loss: 1.4276 - val_accuracy: 0.4802 - 4s/epoch - 5ms/step
Epoch 51/100
782/782 - 4s - loss: 1.2312 - accuracy: 0.5374 - val_loss: 1.4173 - val_accuracy: 0.4939 - 4s/epoch - 5ms/step
Epoch 52/100
782/782 - 4s - loss: 1.2177 - accuracy: 0.5414 - val_loss: 1.3632 - val_accuracy: 0.5086 - 4s/epoch - 5ms/step
Epoch 53/100
782/782 - 4s - loss: 1.2097 - accuracy: 0.5460 - val_loss: 1.3422 - val_accuracy: 0.5188 - 4s/epoch - 5ms/step
Epoch 54/100
782/782 - 4s - loss: 1.1971 - accuracy: 0.5498 - val_loss: 1.3250 - val_accuracy: 0.5250 - 4s/epoch - 5ms/step
Epoch 55/100
782/782 - 4s - loss: 1.1902 - accuracy: 0.5533 - val_loss: 1.3651 - val_accuracy: 0.5124 - 4s/epoch - 5ms/step
Epoch 56/100
782/782 - 4s - loss: 1.1861 - accuracy: 0.5564 - val_loss: 1.3537 - val_accuracy: 0.5192 - 4s/epoch - 5ms/step
Epoch 57/100
782/782 - 4s - loss: 1.1704 - accuracy: 0.5627 - val_loss: 1.3517 - val_accuracy: 0.5228 - 4s/epoch - 5ms/step
Epoch 58/100
782/782 - 4s - loss: 1.1601 - accuracy: 0.5655 - val_loss: 1.3212 - val_accuracy: 0.5426 - 4s/epoch - 5ms/step
Epoch 59/100
782/782 - 4s - loss: 1.1529 - accuracy: 0.5689 - val_loss: 1.3170 - val_accuracy: 0.5342 - 4s/epoch - 5ms/step
Epoch 60/100
782/782 - 4s - loss: 1.1414 - accuracy: 0.5734 - val_loss: 1.3068 - val_accuracy: 0.5367 - 4s/epoch - 5ms/step
Epoch 61/100
782/782 - 4s - loss: 1.1341 - accuracy: 0.5784 - val_loss: 1.2756 - val_accuracy: 0.5515 - 4s/epoch - 5ms/step
Epoch 62/100
782/782 - 4s - loss: 1.1236 - accuracy: 0.5820 - val_loss: 1.3332 - val_accuracy: 0.5332 - 4s/epoch - 5ms/step
Epoch 63/100
782/782 - 4s - loss: 1.1155 - accuracy: 0.5833 - val_loss: 1.2995 - val_accuracy: 0.5503 - 4s/epoch - 5ms/step
Epoch 64/100
782/782 - 4s - loss: 1.1075 - accuracy: 0.5880 - val_loss: 1.2606 - val_accuracy: 0.5547 - 4s/epoch - 5ms/step
Epoch 65/100
782/782 - 4s - loss: 1.1020 - accuracy: 0.5894 - val_loss: 1.2606 - val_accuracy: 0.5519 - 4s/epoch - 5ms/step
Epoch 66/100
782/782 - 4s - loss: 1.0905 - accuracy: 0.5941 - val_loss: 1.2941 - val_accuracy: 0.5448 - 4s/epoch - 5ms/step
Epoch 67/100
782/782 - 4s - loss: 1.0790 - accuracy: 0.6008 - val_loss: 1.2513 - val_accuracy: 0.5583 - 4s/epoch - 5ms/step
Epoch 68/100
782/782 - 4s - loss: 1.0767 - accuracy: 0.5983 - val_loss: 1.2654 - val_accuracy: 0.5523 - 4s/epoch - 5ms/step
Epoch 69/100
782/782 - 4s - loss: 1.0655 - accuracy: 0.6045 - val_loss: 1.2503 - val_accuracy: 0.5638 - 4s/epoch - 5ms/step
Epoch 70/100
782/782 - 4s - loss: 1.0522 - accuracy: 0.6068 - val_loss: 1.2687 - val_accuracy: 0.5615 - 4s/epoch - 5ms/step
Epoch 71/100
782/782 - 4s - loss: 1.0481 - accuracy: 0.6089 - val_loss: 1.2698 - val_accuracy: 0.5647 - 4s/epoch - 5ms/step
Epoch 72/100
782/782 - 4s - loss: 1.0435 - accuracy: 0.6117 - val_loss: 1.2398 - val_accuracy: 0.5665 - 4s/epoch - 5ms/step
Epoch 73/100
782/782 - 4s - loss: 1.0346 - accuracy: 0.6163 - val_loss: 1.2855 - val_accuracy: 0.5641 - 4s/epoch - 5ms/step
Epoch 74/100
782/782 - 4s - loss: 1.0275 - accuracy: 0.6185 - val_loss: 1.2593 - val_accuracy: 0.5659 - 4s/epoch - 5ms/step
Epoch 75/100
782/782 - 4s - loss: 1.0215 - accuracy: 0.6203 - val_loss: 1.2652 - val_accuracy: 0.5665 - 4s/epoch - 5ms/step
Epoch 76/100
782/782 - 4s - loss: 1.0144 - accuracy: 0.6220 - val_loss: 1.2716 - val_accuracy: 0.5644 - 4s/epoch - 5ms/step
Epoch 77/100
782/782 - 4s - loss: 1.0051 - accuracy: 0.6268 - val_loss: 1.2459 - val_accuracy: 0.5647 - 4s/epoch - 5ms/step
Epoch 78/100
782/782 - 4s - loss: 1.0022 - accuracy: 0.6268 - val_loss: 1.2943 - val_accuracy: 0.5644 - 4s/epoch - 5ms/step
Epoch 79/100
782/782 - 4s - loss: 0.9910 - accuracy: 0.6336 - val_loss: 1.2180 - val_accuracy: 0.5804 - 4s/epoch - 5ms/step
Epoch 80/100
782/782 - 4s - loss: 0.9878 - accuracy: 0.6322 - val_loss: 1.2183 - val_accuracy: 0.5811 - 4s/epoch - 5ms/step
Epoch 81/100
782/782 - 4s - loss: 0.9849 - accuracy: 0.6364 - val_loss: 1.2376 - val_accuracy: 0.5768 - 4s/epoch - 5ms/step
Epoch 82/100
782/782 - 4s - loss: 0.9729 - accuracy: 0.6373 - val_loss: 1.2240 - val_accuracy: 0.5848 - 4s/epoch - 5ms/step
Epoch 83/100
782/782 - 4s - loss: 0.9698 - accuracy: 0.6372 - val_loss: 1.2109 - val_accuracy: 0.5848 - 4s/epoch - 5ms/step
Epoch 84/100
782/782 - 4s - loss: 0.9639 - accuracy: 0.6411 - val_loss: 1.2098 - val_accuracy: 0.5809 - 4s/epoch - 5ms/step
Epoch 85/100
782/782 - 4s - loss: 0.9566 - accuracy: 0.6478 - val_loss: 1.2320 - val_accuracy: 0.5800 - 4s/epoch - 5ms/step
Epoch 86/100
782/782 - 4s - loss: 0.9535 - accuracy: 0.6480 - val_loss: 1.2402 - val_accuracy: 0.5813 - 4s/epoch - 5ms/step
Epoch 87/100
782/782 - 4s - loss: 0.9464 - accuracy: 0.6485 - val_loss: 1.2297 - val_accuracy: 0.5836 - 4s/epoch - 5ms/step
Epoch 88/100
782/782 - 4s - loss: 0.9364 - accuracy: 0.6530 - val_loss: 1.2608 - val_accuracy: 0.5749 - 4s/epoch - 5ms/step
Epoch 89/100
782/782 - 4s - loss: 0.9345 - accuracy: 0.6520 - val_loss: 1.2339 - val_accuracy: 0.5820 - 4s/epoch - 5ms/step
Epoch 90/100
782/782 - 4s - loss: 0.9254 - accuracy: 0.6560 - val_loss: 1.2190 - val_accuracy: 0.5950 - 4s/epoch - 5ms/step
Epoch 91/100
782/782 - 4s - loss: 0.9219 - accuracy: 0.6572 - val_loss: 1.2379 - val_accuracy: 0.5860 - 4s/epoch - 5ms/step
Epoch 92/100
782/782 - 4s - loss: 0.9195 - accuracy: 0.6581 - val_loss: 1.2488 - val_accuracy: 0.5846 - 4s/epoch - 5ms/step
Epoch 93/100
782/782 - 4s - loss: 0.9124 - accuracy: 0.6617 - val_loss: 1.2176 - val_accuracy: 0.5869 - 4s/epoch - 5ms/step
Epoch 94/100
782/782 - 4s - loss: 0.8975 - accuracy: 0.6655 - val_loss: 1.2463 - val_accuracy: 0.5871 - 4s/epoch - 5ms/step
Epoch 95/100
782/782 - 4s - loss: 0.8932 - accuracy: 0.6700 - val_loss: 1.2020 - val_accuracy: 0.5984 - 4s/epoch - 5ms/step
Epoch 96/100
782/782 - 4s - loss: 0.8936 - accuracy: 0.6687 - val_loss: 1.2237 - val_accuracy: 0.5972 - 4s/epoch - 5ms/step
Epoch 97/100
782/782 - 4s - loss: 0.8842 - accuracy: 0.6730 - val_loss: 1.2574 - val_accuracy: 0.5889 - 4s/epoch - 5ms/step
Epoch 98/100
782/782 - 4s - loss: 0.8790 - accuracy: 0.6730 - val_loss: 1.2434 - val_accuracy: 0.5963 - 4s/epoch - 5ms/step
Epoch 99/100
782/782 - 4s - loss: 0.8755 - accuracy: 0.6745 - val_loss: 1.2260 - val_accuracy: 0.5986 - 4s/epoch - 5ms/step
Epoch 100/100
782/782 - 4s - loss: 0.8721 - accuracy: 0.6745 - val_loss: 1.2307 - val_accuracy: 0.5895 - 4s/epoch - 5ms/step
313/313 - 1s - loss: 1.2307 - accuracy: 0.5895 - 579ms/epoch - 2ms/step

ACCURACY: 0.5895000100135803


SCORE: -0.6928486710095062

[92m | MODULE VALUES ---------------------------------------------  |
 [0m
FLOPS: 9900668
PARAMS: 879482.0
[92m 
 | -----------------------------------------------------------  |
 [0m

--- BANANAS ITERATION 16 / 1000 ---
Chosen point: {'num_neurons': 4, 'unit_c1': 4, 'unit_c2': 8, 'dr_f': 0.05610073445379785, 'learning_rate': 0.0007672571538994262, 'batch_size': 8, 'optimizer': 'Adam', 'activation': 'relu', 'data_augmentation': True, 'reg_l2': False, 'skip_connection': True, 'new_fc_1': 32, 'new_fc_2': 5, 'new_fc_3': 30, 'new_fc_4': 2, 'new_fc_5': 1, 'new_fc_6': 23, 'new_fc_7': 26, 'new_fc_8': 9, 'new_fc_9': 16, 'new_fc_10': 8}
[94m
|  --> START TRAINING ITERATION 15[0m
[INFO] Flags -> DA: True, L2: False, Skip: True
Building model with input_shape=(32, 32, 3), pos_input_shape=None, layer_x_block=2
Model: "model"
__________________________________________________________________________________________________
 Layer (type)                Output Shape                 Param #   Connected to                  
==================================================================================================
 input_2 (InputLayer)        [(None, 32, 32, 3)]          0         []                            
                                                                                                  
 conv2d (Conv2D)             (None, 32, 32, 16)           448       ['input_2[0][0]']             
                                                                                                  
 activation (Activation)     (None, 32, 32, 16)           0         ['conv2d[1][0]']              
                                                                                                  
 conv2d_2 (Conv2D)           (None, 32, 32, 16)           64        ['input_2[0][0]']             
                                                                                                  
 conv2d_1 (Conv2D)           (None, 32, 32, 16)           2320      ['activation[1][0]']          
                                                                                                  
 add (Add)                   (None, 32, 32, 16)           0         ['conv2d_2[1][0]',            
                                                                     'conv2d_1[1][0]']            
                                                                                                  
 activation_1 (Activation)   (None, 32, 32, 16)           0         ['add[1][0]']                 
                                                                                                  
 max_pooling2d (MaxPooling2  (None, 16, 16, 16)           0         ['activation_1[1][0]']        
 D)                                                                                               
                                                                                                  
 conv2d_3 (Conv2D)           (None, 16, 16, 32)           4640      ['max_pooling2d[1][0]']       
                                                                                                  
 activation_2 (Activation)   (None, 16, 16, 32)           0         ['conv2d_3[1][0]']            
                                                                                                  
 conv2d_5 (Conv2D)           (None, 16, 16, 32)           544       ['max_pooling2d[1][0]']       
                                                                                                  
 conv2d_4 (Conv2D)           (None, 16, 16, 32)           9248      ['activation_2[1][0]']        
                                                                                                  
 add_1 (Add)                 (None, 16, 16, 32)           0         ['conv2d_5[1][0]',            
                                                                     'conv2d_4[1][0]']            
                                                                                                  
 activation_3 (Activation)   (None, 16, 16, 32)           0         ['add_1[1][0]']               
                                                                                                  
 max_pooling2d_1 (MaxPoolin  (None, 8, 8, 32)             0         ['activation_3[1][0]']        
 g2D)                                                                                             
                                                                                                  
 flatten (Flatten)           (None, 2048)                 0         ['max_pooling2d_1[1][0]']     
                                                                                                  
 dense (Dense)               (None, 128)                  262272    ['flatten[1][0]']             
                                                                                                  
 activation_4 (Activation)   (None, 128)                  0         ['dense[1][0]']               
                                                                                                  
 dropout (Dropout)           (None, 128)                  0         ['activation_4[1][0]']        
                                                                                                  
 dense_1 (Dense)             (None, 20)                   2580      ['dropout[1][0]']             
                                                                                                  
 activation_5 (Activation)   (None, 20)                   0         ['dense_1[1][0]']             
                                                                                                  
 dropout_1 (Dropout)         (None, 20)                   0         ['activation_5[1][0]']        
                                                                                                  
 dense_2 (Dense)             (None, 120)                  2520      ['dropout_1[1][0]']           
                                                                                                  
 activation_6 (Activation)   (None, 120)                  0         ['dense_2[1][0]']             
                                                                                                  
 dropout_2 (Dropout)         (None, 120)                  0         ['activation_6[1][0]']        
                                                                                                  
 dense_3 (Dense)             (None, 8)                    968       ['dropout_2[1][0]']           
                                                                                                  
 activation_7 (Activation)   (None, 8)                    0         ['dense_3[1][0]']             
                                                                                                  
 dropout_3 (Dropout)         (None, 8)                    0         ['activation_7[1][0]']        
                                                                                                  
 dense_4 (Dense)             (None, 4)                    36        ['dropout_3[1][0]']           
                                                                                                  
 activation_8 (Activation)   (None, 4)                    0         ['dense_4[1][0]']             
                                                                                                  
 dropout_4 (Dropout)         (None, 4)                    0         ['activation_8[1][0]']        
                                                                                                  
 dense_5 (Dense)             (None, 92)                   460       ['dropout_4[1][0]']           
                                                                                                  
 activation_9 (Activation)   (None, 92)                   0         ['dense_5[1][0]']             
                                                                                                  
 dropout_5 (Dropout)         (None, 92)                   0         ['activation_9[1][0]']        
                                                                                                  
 dense_6 (Dense)             (None, 104)                  9672      ['dropout_5[1][0]']           
                                                                                                  
 activation_10 (Activation)  (None, 104)                  0         ['dense_6[1][0]']             
                                                                                                  
 dropout_6 (Dropout)         (None, 104)                  0         ['activation_10[1][0]']       
                                                                                                  
 dense_7 (Dense)             (None, 36)                   3780      ['dropout_6[1][0]']           
                                                                                                  
 activation_11 (Activation)  (None, 36)                   0         ['dense_7[1][0]']             
                                                                                                  
 dropout_7 (Dropout)         (None, 36)                   0         ['activation_11[1][0]']       
                                                                                                  
 dense_8 (Dense)             (None, 64)                   2368      ['dropout_7[1][0]']           
                                                                                                  
 activation_12 (Activation)  (None, 64)                   0         ['dense_8[1][0]']             
                                                                                                  
 dropout_8 (Dropout)         (None, 64)                   0         ['activation_12[1][0]']       
                                                                                                  
 dense_9 (Dense)             (None, 32)                   2080      ['dropout_8[1][0]']           
                                                                                                  
 activation_13 (Activation)  (None, 32)                   0         ['dense_9[1][0]']             
                                                                                                  
 dropout_9 (Dropout)         (None, 32)                   0         ['activation_13[1][0]']       
                                                                                                  
 dense_10 (Dense)            (None, 10)                   330       ['dropout_9[1][0]']           
                                                                                                  
==================================================================================================
Total params: 304330 (1.16 MB)
Trainable params: 304330 (1.16 MB)
Non-trainable params: 0 (0.00 Byte)
__________________________________________________________________________________________________
Epoch 1/100
6250/6250 - 23s - loss: 2.3030 - accuracy: 0.0988 - val_loss: 2.3027 - val_accuracy: 0.1000 - 23s/epoch - 4ms/step
Epoch 2/100
6250/6250 - 21s - loss: 2.3029 - accuracy: 0.0988 - val_loss: 2.3027 - val_accuracy: 0.1000 - 21s/epoch - 3ms/step
Epoch 3/100
6250/6250 - 21s - loss: 2.3029 - accuracy: 0.0977 - val_loss: 2.3026 - val_accuracy: 0.1000 - 21s/epoch - 3ms/step
Epoch 4/100
6250/6250 - 21s - loss: 2.3029 - accuracy: 0.0972 - val_loss: 2.3027 - val_accuracy: 0.1000 - 21s/epoch - 3ms/step
Epoch 5/100
6250/6250 - 21s - loss: 2.3028 - accuracy: 0.0990 - val_loss: 2.3028 - val_accuracy: 0.1000 - 21s/epoch - 3ms/step
Epoch 6/100
6250/6250 - 21s - loss: 2.3029 - accuracy: 0.1003 - val_loss: 2.3027 - val_accuracy: 0.1000 - 21s/epoch - 3ms/step
Epoch 7/100
6250/6250 - 21s - loss: 2.3029 - accuracy: 0.0995 - val_loss: 2.3027 - val_accuracy: 0.1000 - 21s/epoch - 3ms/step
Epoch 8/100
6250/6250 - 21s - loss: 2.3029 - accuracy: 0.0977 - val_loss: 2.3026 - val_accuracy: 0.1000 - 21s/epoch - 3ms/step
Epoch 9/100
6250/6250 - 21s - loss: 2.3028 - accuracy: 0.0999 - val_loss: 2.3028 - val_accuracy: 0.1000 - 21s/epoch - 3ms/step
Epoch 10/100
6250/6250 - 21s - loss: 2.3029 - accuracy: 0.0971 - val_loss: 2.3027 - val_accuracy: 0.1000 - 21s/epoch - 3ms/step
Epoch 11/100
6250/6250 - 21s - loss: 2.3029 - accuracy: 0.0985 - val_loss: 2.3026 - val_accuracy: 0.1000 - 21s/epoch - 3ms/step
Epoch 12/100
6250/6250 - 21s - loss: 2.3029 - accuracy: 0.0993 - val_loss: 2.3027 - val_accuracy: 0.1000 - 21s/epoch - 3ms/step
Epoch 13/100
6250/6250 - 21s - loss: 2.3029 - accuracy: 0.0980 - val_loss: 2.3027 - val_accuracy: 0.1000 - 21s/epoch - 3ms/step
Epoch 14/100
6250/6250 - 21s - loss: 2.3028 - accuracy: 0.1002 - val_loss: 2.3027 - val_accuracy: 0.1000 - 21s/epoch - 3ms/step
Epoch 15/100
6250/6250 - 20s - loss: 2.3028 - accuracy: 0.0989 - val_loss: 2.3027 - val_accuracy: 0.1000 - 20s/epoch - 3ms/step
Epoch 16/100
6250/6250 - 21s - loss: 2.3029 - accuracy: 0.0986 - val_loss: 2.3027 - val_accuracy: 0.1000 - 21s/epoch - 3ms/step
Epoch 17/100
6250/6250 - 21s - loss: 2.3029 - accuracy: 0.1002 - val_loss: 2.3027 - val_accuracy: 0.1000 - 21s/epoch - 3ms/step
Epoch 18/100
6250/6250 - 21s - loss: 2.3028 - accuracy: 0.1003 - val_loss: 2.3028 - val_accuracy: 0.1000 - 21s/epoch - 3ms/step
Epoch 19/100
6250/6250 - 21s - loss: 2.3028 - accuracy: 0.0979 - val_loss: 2.3027 - val_accuracy: 0.1000 - 21s/epoch - 3ms/step
Epoch 20/100
6250/6250 - 21s - loss: 2.3029 - accuracy: 0.0975 - val_loss: 2.3027 - val_accuracy: 0.1000 - 21s/epoch - 3ms/step
Epoch 21/100
6250/6250 - 21s - loss: 2.3029 - accuracy: 0.0982 - val_loss: 2.3027 - val_accuracy: 0.1000 - 21s/epoch - 3ms/step
Epoch 22/100
6250/6250 - 21s - loss: 2.3029 - accuracy: 0.0983 - val_loss: 2.3027 - val_accuracy: 0.1000 - 21s/epoch - 3ms/step
Epoch 23/100
6250/6250 - 21s - loss: 2.3029 - accuracy: 0.0977 - val_loss: 2.3026 - val_accuracy: 0.1000 - 21s/epoch - 3ms/step
Epoch 24/100
6250/6250 - 21s - loss: 2.3028 - accuracy: 0.0987 - val_loss: 2.3028 - val_accuracy: 0.1000 - 21s/epoch - 3ms/step
Epoch 25/100
6250/6250 - 21s - loss: 2.3029 - accuracy: 0.0985 - val_loss: 2.3027 - val_accuracy: 0.1000 - 21s/epoch - 3ms/step
Epoch 26/100
6250/6250 - 21s - loss: 2.3029 - accuracy: 0.0980 - val_loss: 2.3028 - val_accuracy: 0.1000 - 21s/epoch - 3ms/step
Epoch 27/100
6250/6250 - 21s - loss: 2.3029 - accuracy: 0.0992 - val_loss: 2.3027 - val_accuracy: 0.1000 - 21s/epoch - 3ms/step
Epoch 28/100
6250/6250 - 21s - loss: 2.3029 - accuracy: 0.0986 - val_loss: 2.3027 - val_accuracy: 0.1000 - 21s/epoch - 3ms/step
Epoch 29/100
6250/6250 - 21s - loss: 2.3029 - accuracy: 0.0972 - val_loss: 2.3027 - val_accuracy: 0.1000 - 21s/epoch - 3ms/step
Epoch 30/100
6250/6250 - 21s - loss: 2.3029 - accuracy: 0.0996 - val_loss: 2.3027 - val_accuracy: 0.1000 - 21s/epoch - 3ms/step
Epoch 31/100
Restoring model weights from the end of the best epoch: 1.
6250/6250 - 21s - loss: 2.3029 - accuracy: 0.0974 - val_loss: 2.3027 - val_accuracy: 0.1000 - 21s/epoch - 3ms/step
Epoch 31: early stopping
313/313 - 1s - loss: 2.3027 - accuracy: 0.1000 - 638ms/epoch - 2ms/step

ACCURACY: 0.10000000149011612


SCORE: -0.3425237850430813

[92m | MODULE VALUES ---------------------------------------------  |
 [0m
FLOPS: 13738108
PARAMS: 304330.0
[92m 
 | -----------------------------------------------------------  |
 [0m

--- BANANAS ITERATION 17 / 1000 ---
Chosen point: {'num_neurons': 8, 'unit_c1': 2, 'unit_c2': 1, 'dr_f': 0.36046116752044866, 'learning_rate': 0.0003851396685134564, 'batch_size': 8, 'optimizer': 'Adam', 'activation': 'swish', 'data_augmentation': True, 'reg_l2': False, 'skip_connection': False, 'new_fc_1': 17, 'new_fc_2': 3, 'new_fc_3': 28, 'new_fc_4': 2, 'new_fc_5': 13, 'new_fc_6': 18, 'new_fc_7': 15, 'new_fc_8': 31, 'new_fc_9': 9, 'new_fc_10': 18}
[94m
|  --> START TRAINING ITERATION 16[0m
[INFO] Flags -> DA: True, L2: False, Skip: False
Building model with input_shape=(32, 32, 3), pos_input_shape=None, layer_x_block=2
Model: "model"
_________________________________________________________________
 Layer (type)                Output Shape              Param #   
=================================================================
 input_2 (InputLayer)        [(None, 32, 32, 3)]       0         
                                                                 
 conv2d (Conv2D)             (None, 32, 32, 16)        448       
                                                                 
 activation (Activation)     (None, 32, 32, 16)        0         
                                                                 
 conv2d_1 (Conv2D)           (None, 32, 32, 16)        2320      
                                                                 
 activation_1 (Activation)   (None, 32, 32, 16)        0         
                                                                 
 max_pooling2d (MaxPooling2  (None, 16, 16, 16)        0         
 D)                                                              
                                                                 
 conv2d_2 (Conv2D)           (None, 16, 16, 8)         1160      
                                                                 
 activation_2 (Activation)   (None, 16, 16, 8)         0         
                                                                 
 conv2d_3 (Conv2D)           (None, 16, 16, 8)         584       
                                                                 
 activation_3 (Activation)   (None, 16, 16, 8)         0         
                                                                 
 max_pooling2d_1 (MaxPoolin  (None, 8, 8, 8)           0         
 g2D)                                                            
                                                                 
 flatten (Flatten)           (None, 512)               0         
                                                                 
 dense (Dense)               (None, 136)               69768     
                                                                 
 activation_4 (Activation)   (None, 136)               0         
                                                                 
 dropout (Dropout)           (None, 136)               0         
                                                                 
 dense_1 (Dense)             (None, 24)                3288      
                                                                 
 activation_5 (Activation)   (None, 24)                0         
                                                                 
 dropout_1 (Dropout)         (None, 24)                0         
                                                                 
 dense_2 (Dense)             (None, 224)               5600      
                                                                 
 activation_6 (Activation)   (None, 224)               0         
                                                                 
 dropout_2 (Dropout)         (None, 224)               0         
                                                                 
 dense_3 (Dense)             (None, 16)                3600      
                                                                 
 activation_7 (Activation)   (None, 16)                0         
                                                                 
 dropout_3 (Dropout)         (None, 16)                0         
                                                                 
 dense_4 (Dense)             (None, 104)               1768      
                                                                 
 activation_8 (Activation)   (None, 104)               0         
                                                                 
 dropout_4 (Dropout)         (None, 104)               0         
                                                                 
 dense_5 (Dense)             (None, 144)               15120     
                                                                 
 activation_9 (Activation)   (None, 144)               0         
                                                                 
 dropout_5 (Dropout)         (None, 144)               0         
                                                                 
 dense_6 (Dense)             (None, 120)               17400     
                                                                 
 activation_10 (Activation)  (None, 120)               0         
                                                                 
 dropout_6 (Dropout)         (None, 120)               0         
                                                                 
 dense_7 (Dense)             (None, 248)               30008     
                                                                 
 activation_11 (Activation)  (None, 248)               0         
                                                                 
 dropout_7 (Dropout)         (None, 248)               0         
                                                                 
 dense_8 (Dense)             (None, 72)                17928     
                                                                 
 activation_12 (Activation)  (None, 72)                0         
                                                                 
 dropout_8 (Dropout)         (None, 72)                0         
                                                                 
 dense_9 (Dense)             (None, 144)               10512     
                                                                 
 activation_13 (Activation)  (None, 144)               0         
                                                                 
 dropout_9 (Dropout)         (None, 144)               0         
                                                                 
 dense_10 (Dense)            (None, 10)                1450      
                                                                 
=================================================================
Total params: 180954 (706.85 KB)
Trainable params: 180954 (706.85 KB)
Non-trainable params: 0 (0.00 Byte)
_________________________________________________________________
Epoch 1/100
6250/6250 - 23s - loss: 1.9996 - accuracy: 0.1937 - val_loss: 1.7259 - val_accuracy: 0.2968 - 23s/epoch - 4ms/step
Epoch 2/100
6250/6250 - 21s - loss: 1.7694 - accuracy: 0.2853 - val_loss: 1.6426 - val_accuracy: 0.3124 - 21s/epoch - 3ms/step
Epoch 3/100
6250/6250 - 21s - loss: 1.7092 - accuracy: 0.3101 - val_loss: 1.5868 - val_accuracy: 0.3511 - 21s/epoch - 3ms/step
Epoch 4/100
6250/6250 - 21s - loss: 1.6561 - accuracy: 0.3382 - val_loss: 1.5427 - val_accuracy: 0.3823 - 21s/epoch - 3ms/step
Epoch 5/100
6250/6250 - 21s - loss: 1.5834 - accuracy: 0.3744 - val_loss: 1.4352 - val_accuracy: 0.4413 - 21s/epoch - 3ms/step
Epoch 6/100
6250/6250 - 21s - loss: 1.5293 - accuracy: 0.4023 - val_loss: 1.4312 - val_accuracy: 0.4337 - 21s/epoch - 3ms/step
Epoch 7/100
6250/6250 - 21s - loss: 1.4732 - accuracy: 0.4423 - val_loss: 1.2870 - val_accuracy: 0.5131 - 21s/epoch - 3ms/step
Epoch 8/100
6250/6250 - 21s - loss: 1.4241 - accuracy: 0.4679 - val_loss: 1.2722 - val_accuracy: 0.5384 - 21s/epoch - 3ms/step
Epoch 9/100
6250/6250 - 21s - loss: 1.3721 - accuracy: 0.4935 - val_loss: 1.2242 - val_accuracy: 0.5640 - 21s/epoch - 3ms/step
Epoch 10/100
6250/6250 - 21s - loss: 1.3356 - accuracy: 0.5112 - val_loss: 1.1677 - val_accuracy: 0.5888 - 21s/epoch - 3ms/step
Epoch 11/100
6250/6250 - 21s - loss: 1.2920 - accuracy: 0.5282 - val_loss: 1.1265 - val_accuracy: 0.6002 - 21s/epoch - 3ms/step
Epoch 12/100
6250/6250 - 21s - loss: 1.2666 - accuracy: 0.5388 - val_loss: 1.1087 - val_accuracy: 0.5985 - 21s/epoch - 3ms/step
Epoch 13/100
6250/6250 - 21s - loss: 1.2408 - accuracy: 0.5531 - val_loss: 1.1002 - val_accuracy: 0.6069 - 21s/epoch - 3ms/step
Epoch 14/100
6250/6250 - 21s - loss: 1.2085 - accuracy: 0.5650 - val_loss: 1.1099 - val_accuracy: 0.6023 - 21s/epoch - 3ms/step
Epoch 15/100
6250/6250 - 21s - loss: 1.1869 - accuracy: 0.5749 - val_loss: 1.0896 - val_accuracy: 0.6076 - 21s/epoch - 3ms/step
Epoch 16/100
6250/6250 - 21s - loss: 1.1718 - accuracy: 0.5851 - val_loss: 1.0960 - val_accuracy: 0.6113 - 21s/epoch - 3ms/step
Epoch 17/100
6250/6250 - 21s - loss: 1.1460 - accuracy: 0.5922 - val_loss: 1.0890 - val_accuracy: 0.6241 - 21s/epoch - 3ms/step
Epoch 18/100
6250/6250 - 20s - loss: 1.1342 - accuracy: 0.5989 - val_loss: 1.0559 - val_accuracy: 0.6327 - 20s/epoch - 3ms/step
Epoch 19/100
6250/6250 - 21s - loss: 1.1169 - accuracy: 0.6047 - val_loss: 1.0637 - val_accuracy: 0.6316 - 21s/epoch - 3ms/step
Epoch 20/100
6250/6250 - 22s - loss: 1.1058 - accuracy: 0.6094 - val_loss: 1.0638 - val_accuracy: 0.6380 - 22s/epoch - 3ms/step
Epoch 21/100
6250/6250 - 22s - loss: 1.0946 - accuracy: 0.6149 - val_loss: 1.0564 - val_accuracy: 0.6446 - 22s/epoch - 3ms/step
Epoch 22/100
6250/6250 - 22s - loss: 1.0791 - accuracy: 0.6247 - val_loss: 1.0681 - val_accuracy: 0.6487 - 22s/epoch - 3ms/step
Epoch 23/100
6250/6250 - 22s - loss: 1.0684 - accuracy: 0.6328 - val_loss: 1.0584 - val_accuracy: 0.6547 - 22s/epoch - 3ms/step
Epoch 24/100
6250/6250 - 22s - loss: 1.0521 - accuracy: 0.6413 - val_loss: 1.0275 - val_accuracy: 0.6647 - 22s/epoch - 3ms/step
Epoch 25/100
6250/6250 - 22s - loss: 1.0417 - accuracy: 0.6484 - val_loss: 1.0592 - val_accuracy: 0.6649 - 22s/epoch - 3ms/step
Epoch 26/100
6250/6250 - 22s - loss: 1.0272 - accuracy: 0.6554 - val_loss: 1.0350 - val_accuracy: 0.6680 - 22s/epoch - 3ms/step
Epoch 27/100
6250/6250 - 22s - loss: 1.0260 - accuracy: 0.6604 - val_loss: 1.0142 - val_accuracy: 0.6739 - 22s/epoch - 3ms/step
Epoch 28/100
6250/6250 - 22s - loss: 1.0113 - accuracy: 0.6644 - val_loss: 1.0274 - val_accuracy: 0.6762 - 22s/epoch - 3ms/step
Epoch 29/100
6250/6250 - 22s - loss: 1.0088 - accuracy: 0.6657 - val_loss: 1.0119 - val_accuracy: 0.6762 - 22s/epoch - 3ms/step
Epoch 30/100
6250/6250 - 22s - loss: 1.0035 - accuracy: 0.6684 - val_loss: 1.0084 - val_accuracy: 0.6812 - 22s/epoch - 3ms/step
Epoch 31/100
6250/6250 - 22s - loss: 0.9874 - accuracy: 0.6751 - val_loss: 1.0087 - val_accuracy: 0.6724 - 22s/epoch - 3ms/step
Epoch 32/100
6250/6250 - 22s - loss: 0.9804 - accuracy: 0.6764 - val_loss: 1.0259 - val_accuracy: 0.6777 - 22s/epoch - 3ms/step
Epoch 33/100
6250/6250 - 21s - loss: 0.9718 - accuracy: 0.6802 - val_loss: 1.0073 - val_accuracy: 0.6786 - 21s/epoch - 3ms/step
Epoch 34/100
6250/6250 - 21s - loss: 0.9657 - accuracy: 0.6847 - val_loss: 1.0198 - val_accuracy: 0.6797 - 21s/epoch - 3ms/step
Epoch 35/100
6250/6250 - 21s - loss: 0.9659 - accuracy: 0.6883 - val_loss: 1.0310 - val_accuracy: 0.6791 - 21s/epoch - 3ms/step
Epoch 36/100
6250/6250 - 21s - loss: 0.9582 - accuracy: 0.6878 - val_loss: 1.0321 - val_accuracy: 0.6785 - 21s/epoch - 3ms/step
Epoch 37/100
6250/6250 - 22s - loss: 0.9587 - accuracy: 0.6859 - val_loss: 1.0208 - val_accuracy: 0.6837 - 22s/epoch - 3ms/step
Epoch 38/100
6250/6250 - 22s - loss: 0.9443 - accuracy: 0.6933 - val_loss: 1.0436 - val_accuracy: 0.6746 - 22s/epoch - 3ms/step
Epoch 39/100
6250/6250 - 22s - loss: 0.9455 - accuracy: 0.6903 - val_loss: 1.0378 - val_accuracy: 0.6688 - 22s/epoch - 3ms/step
Epoch 40/100
6250/6250 - 22s - loss: 0.9461 - accuracy: 0.6964 - val_loss: 1.1101 - val_accuracy: 0.6617 - 22s/epoch - 3ms/step
Epoch 41/100
6250/6250 - 22s - loss: 0.9340 - accuracy: 0.6992 - val_loss: 1.0086 - val_accuracy: 0.6889 - 22s/epoch - 3ms/step
Epoch 42/100
6250/6250 - 22s - loss: 0.9235 - accuracy: 0.7028 - val_loss: 1.0117 - val_accuracy: 0.6861 - 22s/epoch - 3ms/step
Epoch 43/100
6250/6250 - 22s - loss: 0.9210 - accuracy: 0.7043 - val_loss: 1.0460 - val_accuracy: 0.6754 - 22s/epoch - 3ms/step
Epoch 44/100
6250/6250 - 21s - loss: 0.9164 - accuracy: 0.7041 - val_loss: 1.0107 - val_accuracy: 0.6831 - 21s/epoch - 3ms/step
Epoch 45/100
6250/6250 - 21s - loss: 0.9109 - accuracy: 0.7073 - val_loss: 1.0372 - val_accuracy: 0.6792 - 21s/epoch - 3ms/step
Epoch 46/100
6250/6250 - 21s - loss: 0.9070 - accuracy: 0.7125 - val_loss: 1.0127 - val_accuracy: 0.6889 - 21s/epoch - 3ms/step
Epoch 47/100
6250/6250 - 21s - loss: 0.9015 - accuracy: 0.7116 - val_loss: 1.0195 - val_accuracy: 0.6767 - 21s/epoch - 3ms/step
Epoch 48/100
6250/6250 - 21s - loss: 0.9058 - accuracy: 0.7111 - val_loss: 1.0396 - val_accuracy: 0.6830 - 21s/epoch - 3ms/step
Epoch 49/100
6250/6250 - 21s - loss: 0.8991 - accuracy: 0.7132 - val_loss: 1.0501 - val_accuracy: 0.6853 - 21s/epoch - 3ms/step
Epoch 50/100
6250/6250 - 21s - loss: 0.8994 - accuracy: 0.7150 - val_loss: 1.0382 - val_accuracy: 0.6932 - 21s/epoch - 3ms/step
Epoch 51/100
6250/6250 - 21s - loss: 0.8884 - accuracy: 0.7175 - val_loss: 1.0147 - val_accuracy: 0.6893 - 21s/epoch - 3ms/step
Epoch 52/100
6250/6250 - 21s - loss: 0.8925 - accuracy: 0.7155 - val_loss: 1.0349 - val_accuracy: 0.6829 - 21s/epoch - 3ms/step
Epoch 53/100
6250/6250 - 21s - loss: 0.8901 - accuracy: 0.7171 - val_loss: 1.0175 - val_accuracy: 0.6891 - 21s/epoch - 3ms/step
Epoch 54/100
6250/6250 - 21s - loss: 0.8874 - accuracy: 0.7204 - val_loss: 1.0549 - val_accuracy: 0.6796 - 21s/epoch - 3ms/step
Epoch 55/100
6250/6250 - 21s - loss: 0.8843 - accuracy: 0.7224 - val_loss: 1.0361 - val_accuracy: 0.6813 - 21s/epoch - 3ms/step
Epoch 56/100
6250/6250 - 21s - loss: 0.8796 - accuracy: 0.7208 - val_loss: 1.0382 - val_accuracy: 0.6849 - 21s/epoch - 3ms/step
Epoch 57/100
6250/6250 - 21s - loss: 0.8773 - accuracy: 0.7229 - val_loss: 1.0497 - val_accuracy: 0.6842 - 21s/epoch - 3ms/step
Epoch 58/100
6250/6250 - 21s - loss: 0.8618 - accuracy: 0.7276 - val_loss: 1.0493 - val_accuracy: 0.6892 - 21s/epoch - 3ms/step
Epoch 59/100
6250/6250 - 21s - loss: 0.8725 - accuracy: 0.7261 - val_loss: 1.0570 - val_accuracy: 0.6806 - 21s/epoch - 3ms/step
Epoch 60/100
6250/6250 - 21s - loss: 0.8717 - accuracy: 0.7247 - val_loss: 1.0664 - val_accuracy: 0.6855 - 21s/epoch - 3ms/step
Epoch 61/100
6250/6250 - 21s - loss: 0.8629 - accuracy: 0.7276 - val_loss: 1.0600 - val_accuracy: 0.6819 - 21s/epoch - 3ms/step
Epoch 62/100
6250/6250 - 21s - loss: 0.8687 - accuracy: 0.7263 - val_loss: 1.0466 - val_accuracy: 0.6823 - 21s/epoch - 3ms/step
Epoch 63/100
6250/6250 - 21s - loss: 0.8583 - accuracy: 0.7285 - val_loss: 1.0274 - val_accuracy: 0.6857 - 21s/epoch - 3ms/step
Epoch 64/100
6250/6250 - 21s - loss: 0.8632 - accuracy: 0.7305 - val_loss: 1.0453 - val_accuracy: 0.6872 - 21s/epoch - 3ms/step
Epoch 65/100
6250/6250 - 21s - loss: 0.8583 - accuracy: 0.7304 - val_loss: 1.0866 - val_accuracy: 0.6767 - 21s/epoch - 3ms/step
Epoch 66/100
6250/6250 - 21s - loss: 0.8550 - accuracy: 0.7309 - val_loss: 1.0470 - val_accuracy: 0.6824 - 21s/epoch - 3ms/step
Epoch 67/100
6250/6250 - 21s - loss: 0.8522 - accuracy: 0.7320 - val_loss: 1.0206 - val_accuracy: 0.6869 - 21s/epoch - 3ms/step
Epoch 68/100
6250/6250 - 21s - loss: 0.8493 - accuracy: 0.7323 - val_loss: 1.0613 - val_accuracy: 0.6865 - 21s/epoch - 3ms/step
Epoch 69/100
6250/6250 - 21s - loss: 0.8493 - accuracy: 0.7336 - val_loss: 1.0184 - val_accuracy: 0.6909 - 21s/epoch - 3ms/step
Epoch 70/100
6250/6250 - 21s - loss: 0.8502 - accuracy: 0.7360 - val_loss: 1.0646 - val_accuracy: 0.6834 - 21s/epoch - 3ms/step
Epoch 71/100
Restoring model weights from the end of the best epoch: 41.
6250/6250 - 21s - loss: 0.8485 - accuracy: 0.7359 - val_loss: 1.0595 - val_accuracy: 0.6777 - 21s/epoch - 3ms/step
Epoch 71: early stopping
313/313 - 1s - loss: 1.0086 - accuracy: 0.6889 - 901ms/epoch - 3ms/step

ACCURACY: 0.6888999938964844


SCORE: -0.7682875077275391

[92m | MODULE VALUES ---------------------------------------------  |
 [0m
FLOPS: 6971244
PARAMS: 180954.0
[92m 
 | -----------------------------------------------------------  |
 [0m

--- BANANAS ITERATION 18 / 1000 ---
Chosen point: {'num_neurons': 4, 'unit_c1': 4, 'unit_c2': 1, 'dr_f': 0.07998119439264297, 'learning_rate': 0.0006653662648094035, 'batch_size': 32, 'optimizer': 'Adadelta', 'activation': 'elu', 'data_augmentation': True, 'reg_l2': False, 'skip_connection': True, 'new_fc_1': 31, 'new_fc_2': 19, 'new_fc_3': 22, 'new_fc_4': 26, 'new_fc_5': 4, 'new_fc_6': 24, 'new_fc_7': 32, 'new_fc_8': 14, 'new_fc_9': 30, 'new_fc_10': 0}
[94m
|  --> START TRAINING ITERATION 17[0m
[INFO] Flags -> DA: True, L2: False, Skip: True
Building model with input_shape=(32, 32, 3), pos_input_shape=None, layer_x_block=2
Model: "model"
__________________________________________________________________________________________________
 Layer (type)                Output Shape                 Param #   Connected to                  
==================================================================================================
 input_2 (InputLayer)        [(None, 32, 32, 3)]          0         []                            
                                                                                                  
 conv2d (Conv2D)             (None, 32, 32, 16)           448       ['input_2[0][0]']             
                                                                                                  
 activation (Activation)     (None, 32, 32, 16)           0         ['conv2d[1][0]']              
                                                                                                  
 conv2d_2 (Conv2D)           (None, 32, 32, 16)           64        ['input_2[0][0]']             
                                                                                                  
 conv2d_1 (Conv2D)           (None, 32, 32, 16)           2320      ['activation[1][0]']          
                                                                                                  
 add (Add)                   (None, 32, 32, 16)           0         ['conv2d_2[1][0]',            
                                                                     'conv2d_1[1][0]']            
                                                                                                  
 activation_1 (Activation)   (None, 32, 32, 16)           0         ['add[1][0]']                 
                                                                                                  
 max_pooling2d (MaxPooling2  (None, 16, 16, 16)           0         ['activation_1[1][0]']        
 D)                                                                                               
                                                                                                  
 conv2d_3 (Conv2D)           (None, 16, 16, 4)            580       ['max_pooling2d[1][0]']       
                                                                                                  
 activation_2 (Activation)   (None, 16, 16, 4)            0         ['conv2d_3[1][0]']            
                                                                                                  
 conv2d_5 (Conv2D)           (None, 16, 16, 4)            68        ['max_pooling2d[1][0]']       
                                                                                                  
 conv2d_4 (Conv2D)           (None, 16, 16, 4)            148       ['activation_2[1][0]']        
                                                                                                  
 add_1 (Add)                 (None, 16, 16, 4)            0         ['conv2d_5[1][0]',            
                                                                     'conv2d_4[1][0]']            
                                                                                                  
 activation_3 (Activation)   (None, 16, 16, 4)            0         ['add_1[1][0]']               
                                                                                                  
 max_pooling2d_1 (MaxPoolin  (None, 8, 8, 4)              0         ['activation_3[1][0]']        
 g2D)                                                                                             
                                                                                                  
 flatten (Flatten)           (None, 256)                  0         ['max_pooling2d_1[1][0]']     
                                                                                                  
 dense (Dense)               (None, 124)                  31868     ['flatten[1][0]']             
                                                                                                  
 activation_4 (Activation)   (None, 124)                  0         ['dense[1][0]']               
                                                                                                  
 dropout (Dropout)           (None, 124)                  0         ['activation_4[1][0]']        
                                                                                                  
 dense_1 (Dense)             (None, 76)                   9500      ['dropout[1][0]']             
                                                                                                  
 activation_5 (Activation)   (None, 76)                   0         ['dense_1[1][0]']             
                                                                                                  
 dropout_1 (Dropout)         (None, 76)                   0         ['activation_5[1][0]']        
                                                                                                  
 dense_2 (Dense)             (None, 88)                   6776      ['dropout_1[1][0]']           
                                                                                                  
 activation_6 (Activation)   (None, 88)                   0         ['dense_2[1][0]']             
                                                                                                  
 dropout_2 (Dropout)         (None, 88)                   0         ['activation_6[1][0]']        
                                                                                                  
 dense_3 (Dense)             (None, 104)                  9256      ['dropout_2[1][0]']           
                                                                                                  
 activation_7 (Activation)   (None, 104)                  0         ['dense_3[1][0]']             
                                                                                                  
 dropout_3 (Dropout)         (None, 104)                  0         ['activation_7[1][0]']        
                                                                                                  
 dense_4 (Dense)             (None, 16)                   1680      ['dropout_3[1][0]']           
                                                                                                  
 activation_8 (Activation)   (None, 16)                   0         ['dense_4[1][0]']             
                                                                                                  
 dropout_4 (Dropout)         (None, 16)                   0         ['activation_8[1][0]']        
                                                                                                  
 dense_5 (Dense)             (None, 96)                   1632      ['dropout_4[1][0]']           
                                                                                                  
 activation_9 (Activation)   (None, 96)                   0         ['dense_5[1][0]']             
                                                                                                  
 dropout_5 (Dropout)         (None, 96)                   0         ['activation_9[1][0]']        
                                                                                                  
 dense_6 (Dense)             (None, 128)                  12416     ['dropout_5[1][0]']           
                                                                                                  
 activation_10 (Activation)  (None, 128)                  0         ['dense_6[1][0]']             
                                                                                                  
 dropout_6 (Dropout)         (None, 128)                  0         ['activation_10[1][0]']       
                                                                                                  
 dense_7 (Dense)             (None, 56)                   7224      ['dropout_6[1][0]']           
                                                                                                  
 activation_11 (Activation)  (None, 56)                   0         ['dense_7[1][0]']             
                                                                                                  
 dropout_7 (Dropout)         (None, 56)                   0         ['activation_11[1][0]']       
                                                                                                  
 dense_8 (Dense)             (None, 120)                  6840      ['dropout_7[1][0]']           
                                                                                                  
 activation_12 (Activation)  (None, 120)                  0         ['dense_8[1][0]']             
                                                                                                  
 dropout_8 (Dropout)         (None, 120)                  0         ['activation_12[1][0]']       
                                                                                                  
 dense_9 (Dense)             (None, 10)                   1210      ['dropout_8[1][0]']           
                                                                                                  
==================================================================================================
Total params: 92030 (359.49 KB)
Trainable params: 92030 (359.49 KB)
Non-trainable params: 0 (0.00 Byte)
__________________________________________________________________________________________________
Epoch 1/100
1563/1563 - 9s - loss: 2.3107 - accuracy: 0.1026 - val_loss: 2.2969 - val_accuracy: 0.1153 - 9s/epoch - 6ms/step
Epoch 2/100
1563/1563 - 6s - loss: 2.2998 - accuracy: 0.1129 - val_loss: 2.2861 - val_accuracy: 0.1505 - 6s/epoch - 4ms/step
Epoch 3/100
1563/1563 - 6s - loss: 2.2890 - accuracy: 0.1279 - val_loss: 2.2724 - val_accuracy: 0.1754 - 6s/epoch - 4ms/step
Epoch 4/100
1563/1563 - 6s - loss: 2.2736 - accuracy: 0.1396 - val_loss: 2.2535 - val_accuracy: 0.1797 - 6s/epoch - 4ms/step
Epoch 5/100
1563/1563 - 6s - loss: 2.2525 - accuracy: 0.1546 - val_loss: 2.2285 - val_accuracy: 0.1804 - 6s/epoch - 4ms/step
Epoch 6/100
1563/1563 - 6s - loss: 2.2278 - accuracy: 0.1672 - val_loss: 2.1998 - val_accuracy: 0.1809 - 6s/epoch - 4ms/step
Epoch 7/100
1563/1563 - 6s - loss: 2.1999 - accuracy: 0.1718 - val_loss: 2.1713 - val_accuracy: 0.1822 - 6s/epoch - 4ms/step
Epoch 8/100
1563/1563 - 6s - loss: 2.1740 - accuracy: 0.1817 - val_loss: 2.1461 - val_accuracy: 0.1867 - 6s/epoch - 4ms/step
Epoch 9/100
1563/1563 - 6s - loss: 2.1528 - accuracy: 0.1861 - val_loss: 2.1249 - val_accuracy: 0.1919 - 6s/epoch - 4ms/step
Epoch 10/100
1563/1563 - 6s - loss: 2.1336 - accuracy: 0.1888 - val_loss: 2.1067 - val_accuracy: 0.1976 - 6s/epoch - 4ms/step
Epoch 11/100
1563/1563 - 6s - loss: 2.1188 - accuracy: 0.1932 - val_loss: 2.0906 - val_accuracy: 0.2078 - 6s/epoch - 4ms/step
Epoch 12/100
1563/1563 - 6s - loss: 2.1031 - accuracy: 0.1984 - val_loss: 2.0758 - val_accuracy: 0.2152 - 6s/epoch - 4ms/step
Epoch 13/100
1563/1563 - 6s - loss: 2.0908 - accuracy: 0.2024 - val_loss: 2.0615 - val_accuracy: 0.2199 - 6s/epoch - 4ms/step
Epoch 14/100
1563/1563 - 6s - loss: 2.0770 - accuracy: 0.2056 - val_loss: 2.0476 - val_accuracy: 0.2265 - 6s/epoch - 4ms/step
Epoch 15/100
1563/1563 - 6s - loss: 2.0638 - accuracy: 0.2122 - val_loss: 2.0335 - val_accuracy: 0.2333 - 6s/epoch - 4ms/step
Epoch 16/100
1563/1563 - 6s - loss: 2.0533 - accuracy: 0.2161 - val_loss: 2.0190 - val_accuracy: 0.2411 - 6s/epoch - 4ms/step
Epoch 17/100
1563/1563 - 6s - loss: 2.0386 - accuracy: 0.2208 - val_loss: 2.0040 - val_accuracy: 0.2484 - 6s/epoch - 4ms/step
Epoch 18/100
1563/1563 - 6s - loss: 2.0237 - accuracy: 0.2268 - val_loss: 1.9884 - val_accuracy: 0.2565 - 6s/epoch - 4ms/step
Epoch 19/100
1563/1563 - 6s - loss: 2.0096 - accuracy: 0.2294 - val_loss: 1.9722 - val_accuracy: 0.2659 - 6s/epoch - 4ms/step
Epoch 20/100
1563/1563 - 6s - loss: 1.9934 - accuracy: 0.2409 - val_loss: 1.9558 - val_accuracy: 0.2776 - 6s/epoch - 4ms/step
Epoch 21/100
1563/1563 - 6s - loss: 1.9804 - accuracy: 0.2425 - val_loss: 1.9394 - val_accuracy: 0.2838 - 6s/epoch - 4ms/step
Epoch 22/100
1563/1563 - 6s - loss: 1.9661 - accuracy: 0.2443 - val_loss: 1.9239 - val_accuracy: 0.2888 - 6s/epoch - 4ms/step
Epoch 23/100
1563/1563 - 6s - loss: 1.9531 - accuracy: 0.2503 - val_loss: 1.9084 - val_accuracy: 0.2940 - 6s/epoch - 4ms/step
Epoch 24/100
1563/1563 - 6s - loss: 1.9406 - accuracy: 0.2551 - val_loss: 1.8947 - val_accuracy: 0.2997 - 6s/epoch - 4ms/step
Epoch 25/100
1563/1563 - 6s - loss: 1.9247 - accuracy: 0.2598 - val_loss: 1.8822 - val_accuracy: 0.3011 - 6s/epoch - 4ms/step
Epoch 26/100
1563/1563 - 6s - loss: 1.9160 - accuracy: 0.2639 - val_loss: 1.8711 - val_accuracy: 0.3041 - 6s/epoch - 4ms/step
Epoch 27/100
1563/1563 - 6s - loss: 1.9073 - accuracy: 0.2660 - val_loss: 1.8612 - val_accuracy: 0.3080 - 6s/epoch - 4ms/step
Epoch 28/100
1563/1563 - 6s - loss: 1.8989 - accuracy: 0.2691 - val_loss: 1.8524 - val_accuracy: 0.3088 - 6s/epoch - 4ms/step
Epoch 29/100
1563/1563 - 6s - loss: 1.8932 - accuracy: 0.2716 - val_loss: 1.8442 - val_accuracy: 0.3112 - 6s/epoch - 4ms/step
Epoch 30/100
1563/1563 - 6s - loss: 1.8842 - accuracy: 0.2726 - val_loss: 1.8369 - val_accuracy: 0.3135 - 6s/epoch - 4ms/step
Epoch 31/100
1563/1563 - 6s - loss: 1.8778 - accuracy: 0.2751 - val_loss: 1.8302 - val_accuracy: 0.3167 - 6s/epoch - 4ms/step
Epoch 32/100
1563/1563 - 6s - loss: 1.8741 - accuracy: 0.2761 - val_loss: 1.8240 - val_accuracy: 0.3210 - 6s/epoch - 4ms/step
Epoch 33/100
1563/1563 - 6s - loss: 1.8674 - accuracy: 0.2805 - val_loss: 1.8182 - val_accuracy: 0.3234 - 6s/epoch - 4ms/step
Epoch 34/100
1563/1563 - 6s - loss: 1.8612 - accuracy: 0.2798 - val_loss: 1.8126 - val_accuracy: 0.3254 - 6s/epoch - 4ms/step
Epoch 35/100
1563/1563 - 6s - loss: 1.8579 - accuracy: 0.2799 - val_loss: 1.8075 - val_accuracy: 0.3268 - 6s/epoch - 4ms/step
Epoch 36/100
1563/1563 - 6s - loss: 1.8534 - accuracy: 0.2838 - val_loss: 1.8025 - val_accuracy: 0.3301 - 6s/epoch - 4ms/step
Epoch 37/100
1563/1563 - 6s - loss: 1.8483 - accuracy: 0.2869 - val_loss: 1.7978 - val_accuracy: 0.3297 - 6s/epoch - 4ms/step
Epoch 38/100
1563/1563 - 6s - loss: 1.8443 - accuracy: 0.2909 - val_loss: 1.7932 - val_accuracy: 0.3327 - 6s/epoch - 4ms/step
Epoch 39/100
1563/1563 - 6s - loss: 1.8382 - accuracy: 0.2915 - val_loss: 1.7888 - val_accuracy: 0.3343 - 6s/epoch - 4ms/step
Epoch 40/100
1563/1563 - 6s - loss: 1.8358 - accuracy: 0.2911 - val_loss: 1.7844 - val_accuracy: 0.3355 - 6s/epoch - 4ms/step
Epoch 41/100
1563/1563 - 6s - loss: 1.8329 - accuracy: 0.2904 - val_loss: 1.7802 - val_accuracy: 0.3384 - 6s/epoch - 4ms/step
Epoch 42/100
1563/1563 - 6s - loss: 1.8284 - accuracy: 0.2918 - val_loss: 1.7762 - val_accuracy: 0.3394 - 6s/epoch - 4ms/step
Epoch 43/100
1563/1563 - 6s - loss: 1.8218 - accuracy: 0.2973 - val_loss: 1.7721 - val_accuracy: 0.3402 - 6s/epoch - 4ms/step
Epoch 44/100
1563/1563 - 6s - loss: 1.8222 - accuracy: 0.2959 - val_loss: 1.7682 - val_accuracy: 0.3432 - 6s/epoch - 4ms/step
Epoch 45/100
1563/1563 - 6s - loss: 1.8171 - accuracy: 0.2984 - val_loss: 1.7644 - val_accuracy: 0.3439 - 6s/epoch - 4ms/step
Epoch 46/100
1563/1563 - 6s - loss: 1.8163 - accuracy: 0.2988 - val_loss: 1.7607 - val_accuracy: 0.3463 - 6s/epoch - 4ms/step
Epoch 47/100
1563/1563 - 6s - loss: 1.8103 - accuracy: 0.3046 - val_loss: 1.7570 - val_accuracy: 0.3479 - 6s/epoch - 4ms/step
Epoch 48/100
1563/1563 - 6s - loss: 1.8071 - accuracy: 0.3058 - val_loss: 1.7532 - val_accuracy: 0.3488 - 6s/epoch - 4ms/step
Epoch 49/100
1563/1563 - 6s - loss: 1.8024 - accuracy: 0.3063 - val_loss: 1.7496 - val_accuracy: 0.3503 - 6s/epoch - 4ms/step
Epoch 50/100
1563/1563 - 6s - loss: 1.8025 - accuracy: 0.3079 - val_loss: 1.7460 - val_accuracy: 0.3519 - 6s/epoch - 4ms/step
Epoch 51/100
1563/1563 - 6s - loss: 1.7976 - accuracy: 0.3075 - val_loss: 1.7424 - val_accuracy: 0.3542 - 6s/epoch - 4ms/step
Epoch 52/100
1563/1563 - 6s - loss: 1.7937 - accuracy: 0.3091 - val_loss: 1.7389 - val_accuracy: 0.3559 - 6s/epoch - 4ms/step
Epoch 53/100
1563/1563 - 6s - loss: 1.7925 - accuracy: 0.3122 - val_loss: 1.7356 - val_accuracy: 0.3585 - 6s/epoch - 4ms/step
Epoch 54/100
1563/1563 - 6s - loss: 1.7889 - accuracy: 0.3124 - val_loss: 1.7323 - val_accuracy: 0.3595 - 6s/epoch - 4ms/step
Epoch 55/100
1563/1563 - 6s - loss: 1.7858 - accuracy: 0.3140 - val_loss: 1.7290 - val_accuracy: 0.3607 - 6s/epoch - 4ms/step
Epoch 56/100
1563/1563 - 6s - loss: 1.7854 - accuracy: 0.3129 - val_loss: 1.7258 - val_accuracy: 0.3632 - 6s/epoch - 4ms/step
Epoch 57/100
1563/1563 - 6s - loss: 1.7799 - accuracy: 0.3168 - val_loss: 1.7226 - val_accuracy: 0.3641 - 6s/epoch - 4ms/step
Epoch 58/100
1563/1563 - 6s - loss: 1.7772 - accuracy: 0.3179 - val_loss: 1.7193 - val_accuracy: 0.3653 - 6s/epoch - 4ms/step
Epoch 59/100
1563/1563 - 6s - loss: 1.7713 - accuracy: 0.3226 - val_loss: 1.7162 - val_accuracy: 0.3662 - 6s/epoch - 4ms/step
Epoch 60/100
1563/1563 - 6s - loss: 1.7733 - accuracy: 0.3186 - val_loss: 1.7133 - val_accuracy: 0.3682 - 6s/epoch - 4ms/step
Epoch 61/100
1563/1563 - 6s - loss: 1.7689 - accuracy: 0.3214 - val_loss: 1.7103 - val_accuracy: 0.3682 - 6s/epoch - 4ms/step
Epoch 62/100
1563/1563 - 6s - loss: 1.7663 - accuracy: 0.3225 - val_loss: 1.7074 - val_accuracy: 0.3704 - 6s/epoch - 4ms/step
Epoch 63/100
1563/1563 - 6s - loss: 1.7616 - accuracy: 0.3266 - val_loss: 1.7054 - val_accuracy: 0.3709 - 6s/epoch - 4ms/step
Epoch 64/100
1563/1563 - 6s - loss: 1.7622 - accuracy: 0.3258 - val_loss: 1.7019 - val_accuracy: 0.3720 - 6s/epoch - 4ms/step
Epoch 65/100
1563/1563 - 6s - loss: 1.7607 - accuracy: 0.3258 - val_loss: 1.6993 - val_accuracy: 0.3738 - 6s/epoch - 4ms/step
Epoch 66/100
1563/1563 - 6s - loss: 1.7581 - accuracy: 0.3271 - val_loss: 1.6966 - val_accuracy: 0.3748 - 6s/epoch - 4ms/step
Epoch 67/100
1563/1563 - 6s - loss: 1.7562 - accuracy: 0.3291 - val_loss: 1.6941 - val_accuracy: 0.3762 - 6s/epoch - 4ms/step
Epoch 68/100
1563/1563 - 6s - loss: 1.7541 - accuracy: 0.3285 - val_loss: 1.6916 - val_accuracy: 0.3769 - 6s/epoch - 4ms/step
Epoch 69/100
1563/1563 - 6s - loss: 1.7496 - accuracy: 0.3322 - val_loss: 1.6892 - val_accuracy: 0.3765 - 6s/epoch - 4ms/step
Epoch 70/100
1563/1563 - 6s - loss: 1.7479 - accuracy: 0.3338 - val_loss: 1.6868 - val_accuracy: 0.3775 - 6s/epoch - 4ms/step
Epoch 71/100
1563/1563 - 6s - loss: 1.7466 - accuracy: 0.3316 - val_loss: 1.6845 - val_accuracy: 0.3786 - 6s/epoch - 4ms/step
Epoch 72/100
1563/1563 - 6s - loss: 1.7455 - accuracy: 0.3325 - val_loss: 1.6824 - val_accuracy: 0.3797 - 6s/epoch - 4ms/step
Epoch 73/100
1563/1563 - 6s - loss: 1.7446 - accuracy: 0.3345 - val_loss: 1.6801 - val_accuracy: 0.3817 - 6s/epoch - 4ms/step
Epoch 74/100
1563/1563 - 6s - loss: 1.7378 - accuracy: 0.3385 - val_loss: 1.6786 - val_accuracy: 0.3812 - 6s/epoch - 4ms/step
Epoch 75/100
1563/1563 - 6s - loss: 1.7369 - accuracy: 0.3384 - val_loss: 1.6758 - val_accuracy: 0.3835 - 6s/epoch - 4ms/step
Epoch 76/100
1563/1563 - 6s - loss: 1.7359 - accuracy: 0.3394 - val_loss: 1.6737 - val_accuracy: 0.3835 - 6s/epoch - 4ms/step
Epoch 77/100
1563/1563 - 6s - loss: 1.7351 - accuracy: 0.3386 - val_loss: 1.6717 - val_accuracy: 0.3841 - 6s/epoch - 4ms/step
Epoch 78/100
1563/1563 - 6s - loss: 1.7313 - accuracy: 0.3391 - val_loss: 1.6698 - val_accuracy: 0.3846 - 6s/epoch - 4ms/step
Epoch 79/100
1563/1563 - 6s - loss: 1.7294 - accuracy: 0.3409 - val_loss: 1.6679 - val_accuracy: 0.3846 - 6s/epoch - 4ms/step
Epoch 80/100
1563/1563 - 6s - loss: 1.7275 - accuracy: 0.3432 - val_loss: 1.6657 - val_accuracy: 0.3859 - 6s/epoch - 4ms/step
Epoch 81/100
1563/1563 - 6s - loss: 1.7247 - accuracy: 0.3454 - val_loss: 1.6640 - val_accuracy: 0.3853 - 6s/epoch - 4ms/step
Epoch 82/100
1563/1563 - 6s - loss: 1.7247 - accuracy: 0.3446 - val_loss: 1.6622 - val_accuracy: 0.3856 - 6s/epoch - 4ms/step
Epoch 83/100
1563/1563 - 6s - loss: 1.7255 - accuracy: 0.3465 - val_loss: 1.6605 - val_accuracy: 0.3867 - 6s/epoch - 4ms/step
Epoch 84/100
1563/1563 - 6s - loss: 1.7250 - accuracy: 0.3442 - val_loss: 1.6587 - val_accuracy: 0.3870 - 6s/epoch - 4ms/step
Epoch 85/100
1563/1563 - 6s - loss: 1.7175 - accuracy: 0.3472 - val_loss: 1.6570 - val_accuracy: 0.3884 - 6s/epoch - 4ms/step
Epoch 86/100
1563/1563 - 6s - loss: 1.7198 - accuracy: 0.3458 - val_loss: 1.6555 - val_accuracy: 0.3891 - 6s/epoch - 4ms/step
Epoch 87/100
1563/1563 - 6s - loss: 1.7180 - accuracy: 0.3492 - val_loss: 1.6540 - val_accuracy: 0.3905 - 6s/epoch - 4ms/step
Epoch 88/100
1563/1563 - 6s - loss: 1.7175 - accuracy: 0.3446 - val_loss: 1.6524 - val_accuracy: 0.3906 - 6s/epoch - 4ms/step
Epoch 89/100
1563/1563 - 6s - loss: 1.7191 - accuracy: 0.3475 - val_loss: 1.6507 - val_accuracy: 0.3921 - 6s/epoch - 4ms/step
Epoch 90/100
1563/1563 - 6s - loss: 1.7154 - accuracy: 0.3491 - val_loss: 1.6492 - val_accuracy: 0.3937 - 6s/epoch - 4ms/step
Epoch 91/100
1563/1563 - 6s - loss: 1.7129 - accuracy: 0.3510 - val_loss: 1.6476 - val_accuracy: 0.3945 - 6s/epoch - 4ms/step
Epoch 92/100
1563/1563 - 6s - loss: 1.7100 - accuracy: 0.3510 - val_loss: 1.6460 - val_accuracy: 0.3944 - 6s/epoch - 4ms/step
Epoch 93/100
1563/1563 - 6s - loss: 1.7086 - accuracy: 0.3527 - val_loss: 1.6446 - val_accuracy: 0.3950 - 6s/epoch - 4ms/step
Epoch 94/100
1563/1563 - 6s - loss: 1.7096 - accuracy: 0.3535 - val_loss: 1.6433 - val_accuracy: 0.3957 - 6s/epoch - 4ms/step
Epoch 95/100
1563/1563 - 6s - loss: 1.7082 - accuracy: 0.3539 - val_loss: 1.6418 - val_accuracy: 0.3966 - 6s/epoch - 4ms/step
Epoch 96/100
1563/1563 - 6s - loss: 1.7062 - accuracy: 0.3527 - val_loss: 1.6403 - val_accuracy: 0.3962 - 6s/epoch - 4ms/step
Epoch 97/100
1563/1563 - 6s - loss: 1.7055 - accuracy: 0.3540 - val_loss: 1.6390 - val_accuracy: 0.3971 - 6s/epoch - 4ms/step
Epoch 98/100
1563/1563 - 6s - loss: 1.7048 - accuracy: 0.3556 - val_loss: 1.6375 - val_accuracy: 0.3974 - 6s/epoch - 4ms/step
Epoch 99/100
1563/1563 - 6s - loss: 1.7041 - accuracy: 0.3526 - val_loss: 1.6364 - val_accuracy: 0.3979 - 6s/epoch - 4ms/step
Epoch 100/100
1563/1563 - 6s - loss: 1.7028 - accuracy: 0.3553 - val_loss: 1.6350 - val_accuracy: 0.3984 - 6s/epoch - 4ms/step
313/313 - 0s - loss: 1.6350 - accuracy: 0.3984 - 451ms/epoch - 1ms/step

ACCURACY: 0.3984000086784363


SCORE: -0.5661477740749054

[92m | MODULE VALUES ---------------------------------------------  |
 [0m
FLOPS: 6366116
PARAMS: 92030.0
[92m 
 | -----------------------------------------------------------  |
 [0m

--- BANANAS ITERATION 19 / 1000 ---
Chosen point: {'num_neurons': 16, 'unit_c1': 1, 'unit_c2': 3, 'dr_f': 0.06958330030056234, 'learning_rate': 0.00016858878835764566, 'batch_size': 8, 'optimizer': 'Adam', 'activation': 'swish', 'data_augmentation': True, 'reg_l2': True, 'skip_connection': True, 'new_fc_1': 29, 'new_fc_2': 0, 'new_fc_3': 28, 'new_fc_4': 4, 'new_fc_5': 18, 'new_fc_6': 11, 'new_fc_7': 9, 'new_fc_8': 11, 'new_fc_9': 11, 'new_fc_10': 28}
[94m
|  --> START TRAINING ITERATION 18[0m
[INFO] Flags -> DA: True, L2: True, Skip: True
Building model with input_shape=(32, 32, 3), pos_input_shape=None, layer_x_block=2
Model: "model"
__________________________________________________________________________________________________
 Layer (type)                Output Shape                 Param #   Connected to                  
==================================================================================================
 input_2 (InputLayer)        [(None, 32, 32, 3)]          0         []                            
                                                                                                  
 conv2d (Conv2D)             (None, 32, 32, 16)           448       ['input_2[0][0]']             
                                                                                                  
 activation (Activation)     (None, 32, 32, 16)           0         ['conv2d[1][0]']              
                                                                                                  
 conv2d_2 (Conv2D)           (None, 32, 32, 16)           64        ['input_2[0][0]']             
                                                                                                  
 conv2d_1 (Conv2D)           (None, 32, 32, 16)           2320      ['activation[1][0]']          
                                                                                                  
 add (Add)                   (None, 32, 32, 16)           0         ['conv2d_2[1][0]',            
                                                                     'conv2d_1[1][0]']            
                                                                                                  
 activation_1 (Activation)   (None, 32, 32, 16)           0         ['add[1][0]']                 
                                                                                                  
 max_pooling2d (MaxPooling2  (None, 16, 16, 16)           0         ['activation_1[1][0]']        
 D)                                                                                               
                                                                                                  
 conv2d_3 (Conv2D)           (None, 16, 16, 48)           6960      ['max_pooling2d[1][0]']       
                                                                                                  
 activation_2 (Activation)   (None, 16, 16, 48)           0         ['conv2d_3[1][0]']            
                                                                                                  
 conv2d_5 (Conv2D)           (None, 16, 16, 48)           816       ['max_pooling2d[1][0]']       
                                                                                                  
 conv2d_4 (Conv2D)           (None, 16, 16, 48)           20784     ['activation_2[1][0]']        
                                                                                                  
 add_1 (Add)                 (None, 16, 16, 48)           0         ['conv2d_5[1][0]',            
                                                                     'conv2d_4[1][0]']            
                                                                                                  
 activation_3 (Activation)   (None, 16, 16, 48)           0         ['add_1[1][0]']               
                                                                                                  
 max_pooling2d_1 (MaxPoolin  (None, 8, 8, 48)             0         ['activation_3[1][0]']        
 g2D)                                                                                             
                                                                                                  
 flatten (Flatten)           (None, 3072)                 0         ['max_pooling2d_1[1][0]']     
                                                                                                  
 dense (Dense)               (None, 464)                  1425872   ['flatten[1][0]']             
                                                                                                  
 activation_4 (Activation)   (None, 464)                  0         ['dense[1][0]']               
                                                                                                  
 dropout (Dropout)           (None, 464)                  0         ['activation_4[1][0]']        
                                                                                                  
 dense_1 (Dense)             (None, 448)                  208320    ['dropout[1][0]']             
                                                                                                  
 activation_5 (Activation)   (None, 448)                  0         ['dense_1[1][0]']             
                                                                                                  
 dropout_1 (Dropout)         (None, 448)                  0         ['activation_5[1][0]']        
                                                                                                  
 dense_2 (Dense)             (None, 64)                   28736     ['dropout_1[1][0]']           
                                                                                                  
 activation_6 (Activation)   (None, 64)                   0         ['dense_2[1][0]']             
                                                                                                  
 dropout_2 (Dropout)         (None, 64)                   0         ['activation_6[1][0]']        
                                                                                                  
 dense_3 (Dense)             (None, 288)                  18720     ['dropout_2[1][0]']           
                                                                                                  
 activation_7 (Activation)   (None, 288)                  0         ['dense_3[1][0]']             
                                                                                                  
 dropout_3 (Dropout)         (None, 288)                  0         ['activation_7[1][0]']        
                                                                                                  
 dense_4 (Dense)             (None, 176)                  50864     ['dropout_3[1][0]']           
                                                                                                  
 activation_8 (Activation)   (None, 176)                  0         ['dense_4[1][0]']             
                                                                                                  
 dropout_4 (Dropout)         (None, 176)                  0         ['activation_8[1][0]']        
                                                                                                  
 dense_5 (Dense)             (None, 144)                  25488     ['dropout_4[1][0]']           
                                                                                                  
 activation_9 (Activation)   (None, 144)                  0         ['dense_5[1][0]']             
                                                                                                  
 dropout_5 (Dropout)         (None, 144)                  0         ['activation_9[1][0]']        
                                                                                                  
 dense_6 (Dense)             (None, 176)                  25520     ['dropout_5[1][0]']           
                                                                                                  
 activation_10 (Activation)  (None, 176)                  0         ['dense_6[1][0]']             
                                                                                                  
 dropout_6 (Dropout)         (None, 176)                  0         ['activation_10[1][0]']       
                                                                                                  
 dense_7 (Dense)             (None, 176)                  31152     ['dropout_6[1][0]']           
                                                                                                  
 activation_11 (Activation)  (None, 176)                  0         ['dense_7[1][0]']             
                                                                                                  
 dropout_7 (Dropout)         (None, 176)                  0         ['activation_11[1][0]']       
                                                                                                  
 dense_8 (Dense)             (None, 448)                  79296     ['dropout_7[1][0]']           
                                                                                                  
 activation_12 (Activation)  (None, 448)                  0         ['dense_8[1][0]']             
                                                                                                  
 dropout_8 (Dropout)         (None, 448)                  0         ['activation_12[1][0]']       
                                                                                                  
 dense_9 (Dense)             (None, 10)                   4490      ['dropout_8[1][0]']           
                                                                                                  
==================================================================================================
Total params: 1929850 (7.36 MB)
Trainable params: 1929850 (7.36 MB)
Non-trainable params: 0 (0.00 Byte)
__________________________________________________________________________________________________
Epoch 1/100
6250/6250 - 26s - loss: 2.9620 - accuracy: 0.0984 - val_loss: 2.3027 - val_accuracy: 0.1000 - 26s/epoch - 4ms/step
Epoch 2/100
6250/6250 - 25s - loss: 2.3027 - accuracy: 0.0975 - val_loss: 2.3026 - val_accuracy: 0.1000 - 25s/epoch - 4ms/step
Epoch 3/100
6250/6250 - 24s - loss: 2.3027 - accuracy: 0.0975 - val_loss: 2.3026 - val_accuracy: 0.1000 - 24s/epoch - 4ms/step
Epoch 4/100
6250/6250 - 24s - loss: 2.3027 - accuracy: 0.0979 - val_loss: 2.3027 - val_accuracy: 0.1000 - 24s/epoch - 4ms/step
Epoch 5/100
6250/6250 - 24s - loss: 2.3027 - accuracy: 0.0964 - val_loss: 2.3026 - val_accuracy: 0.1000 - 24s/epoch - 4ms/step
Epoch 6/100
6250/6250 - 24s - loss: 2.3027 - accuracy: 0.0960 - val_loss: 2.3026 - val_accuracy: 0.1000 - 24s/epoch - 4ms/step
Epoch 7/100
6250/6250 - 25s - loss: 2.3027 - accuracy: 0.0989 - val_loss: 2.3026 - val_accuracy: 0.1000 - 25s/epoch - 4ms/step
Epoch 8/100
6250/6250 - 24s - loss: 2.3027 - accuracy: 0.0981 - val_loss: 2.3026 - val_accuracy: 0.1000 - 24s/epoch - 4ms/step
Epoch 9/100
6250/6250 - 25s - loss: 2.3027 - accuracy: 0.0983 - val_loss: 2.3026 - val_accuracy: 0.1000 - 25s/epoch - 4ms/step
Epoch 10/100
6250/6250 - 24s - loss: 2.3028 - accuracy: 0.0989 - val_loss: 2.3027 - val_accuracy: 0.1000 - 24s/epoch - 4ms/step
Epoch 11/100
