Running rolling chunk 1/40
Array task 1/10: dataset=cifar10, seed=123
Completed before chunk: 0/1000
Budget: chunk_evals=25, epochs=100
Result dir=results_BANANAS_controller/bananas_cifar10_seed123_e1000_ep100
[exp_config] Created config.yaml at: /hpc/home/fresca/EDGE-DNNTuner/results_BANANAS_controller/bananas_cifar10_seed123_e1000_ep100/config.yaml
50000 train samples
10000 test samples
Initialized NeuralNetwork with dataset. ROI mode: False
FLOPS module weight: 0.3

STARTING BANANAS BASELINE

[INFO] Resume requested, but no previous BANANAS history was found. Starting fresh.

--- BANANAS ITERATION 1 / 1000 ---
Chosen point: {'num_neurons': 32, 'unit_c1': 3, 'unit_c2': 3, 'dr_f': 0.13662018317517546, 'learning_rate': 0.0005961832921746022, 'batch_size': 32, 'optimizer': 'SGD', 'activation': 'swish', 'data_augmentation': True, 'reg_l2': False, 'skip_connection': False, 'new_fc_1': 32, 'new_fc_2': 25, 'new_fc_3': 19, 'new_fc_4': 14, 'new_fc_5': 32, 'new_fc_6': 16, 'new_fc_7': 4, 'new_fc_8': 3, 'new_fc_9': 2, 'new_fc_10': 20}
[94m
|  --> START TRAINING ITERATION 0[0m
[INFO] Flags -> DA: True, L2: False, Skip: False
Building model with input_shape=(32, 32, 3), pos_input_shape=None, layer_x_block=2
Model: "model"
_________________________________________________________________
 Layer (type)                Output Shape              Param #   
=================================================================
 input_2 (InputLayer)        [(None, 32, 32, 3)]       0         
                                                                 
 conv2d (Conv2D)             (None, 32, 32, 96)        2688      
                                                                 
 activation (Activation)     (None, 32, 32, 96)        0         
                                                                 
 conv2d_1 (Conv2D)           (None, 32, 32, 96)        83040     
                                                                 
 activation_1 (Activation)   (None, 32, 32, 96)        0         
                                                                 
 max_pooling2d (MaxPooling2  (None, 16, 16, 96)        0         
 D)                                                              
                                                                 
 conv2d_2 (Conv2D)           (None, 16, 16, 96)        83040     
                                                                 
 activation_2 (Activation)   (None, 16, 16, 96)        0         
                                                                 
 conv2d_3 (Conv2D)           (None, 16, 16, 96)        83040     
                                                                 
 activation_3 (Activation)   (None, 16, 16, 96)        0         
                                                                 
 max_pooling2d_1 (MaxPoolin  (None, 8, 8, 96)          0         
 g2D)                                                            
                                                                 
 flatten (Flatten)           (None, 6144)              0         
                                                                 
 dense (Dense)               (None, 1024)              6292480   
                                                                 
 activation_4 (Activation)   (None, 1024)              0         
                                                                 
 dropout (Dropout)           (None, 1024)              0         
                                                                 
 dense_1 (Dense)             (None, 800)               820000    
                                                                 
 activation_5 (Activation)   (None, 800)               0         
                                                                 
 dropout_1 (Dropout)         (None, 800)               0         
                                                                 
 dense_2 (Dense)             (None, 608)               487008    
                                                                 
 activation_6 (Activation)   (None, 608)               0         
                                                                 
 dropout_2 (Dropout)         (None, 608)               0         
                                                                 
 dense_3 (Dense)             (None, 448)               272832    
                                                                 
 activation_7 (Activation)   (None, 448)               0         
                                                                 
 dropout_3 (Dropout)         (None, 448)               0         
                                                                 
 dense_4 (Dense)             (None, 1024)              459776    
                                                                 
 activation_8 (Activation)   (None, 1024)              0         
                                                                 
 dropout_4 (Dropout)         (None, 1024)              0         
                                                                 
 dense_5 (Dense)             (None, 512)               524800    
                                                                 
 activation_9 (Activation)   (None, 512)               0         
                                                                 
 dropout_5 (Dropout)         (None, 512)               0         
                                                                 
 dense_6 (Dense)             (None, 128)               65664     
                                                                 
 activation_10 (Activation)  (None, 128)               0         
                                                                 
 dropout_6 (Dropout)         (None, 128)               0         
                                                                 
 dense_7 (Dense)             (None, 96)                12384     
                                                                 
 activation_11 (Activation)  (None, 96)                0         
                                                                 
 dropout_7 (Dropout)         (None, 96)                0         
                                                                 
 dense_8 (Dense)             (None, 64)                6208      
                                                                 
 activation_12 (Activation)  (None, 64)                0         
                                                                 
 dropout_8 (Dropout)         (None, 64)                0         
                                                                 
 dense_9 (Dense)             (None, 640)               41600     
                                                                 
 activation_13 (Activation)  (None, 640)               0         
                                                                 
 dropout_9 (Dropout)         (None, 640)               0         
                                                                 
 dense_10 (Dense)            (None, 10)                6410      
                                                                 
=================================================================
Total params: 9240970 (35.25 MB)
Trainable params: 9240970 (35.25 MB)
Non-trainable params: 0 (0.00 Byte)
_________________________________________________________________
[WARNING] Constraint Violated: FLOPs 278956252 > 150000000 or Params 9240970.0 > 15000000000

ACCURACY: 0.0


SCORE: 10000000000.0

[92m | MODULE VALUES ---------------------------------------------  |
 [0m
FLOPS: 278956252
PARAMS: 9240970.0
[92m 
 | -----------------------------------------------------------  |
 [0m

--- BANANAS ITERATION 2 / 1000 ---
Chosen point: {'num_neurons': 16, 'unit_c1': 1, 'unit_c2': 8, 'dr_f': 0.3281684505191209, 'learning_rate': 0.0008644886146700107, 'batch_size': 32, 'optimizer': 'Adagrad', 'activation': 'selu', 'data_augmentation': False, 'reg_l2': False, 'skip_connection': False, 'new_fc_1': 12, 'new_fc_2': 3, 'new_fc_3': 5, 'new_fc_4': 0, 'new_fc_5': 11, 'new_fc_6': 10, 'new_fc_7': 22, 'new_fc_8': 13, 'new_fc_9': 18, 'new_fc_10': 15}
[94m
|  --> START TRAINING ITERATION 1[0m
[INFO] Flags -> DA: False, L2: False, Skip: False
Building model with input_shape=(32, 32, 3), pos_input_shape=None, layer_x_block=2
Model: "model"
_________________________________________________________________
 Layer (type)                Output Shape              Param #   
=================================================================
 input_1 (InputLayer)        [(None, 32, 32, 3)]       0         
                                                                 
 conv2d (Conv2D)             (None, 32, 32, 16)        448       
                                                                 
 activation (Activation)     (None, 32, 32, 16)        0         
                                                                 
 conv2d_1 (Conv2D)           (None, 32, 32, 16)        2320      
                                                                 
 activation_1 (Activation)   (None, 32, 32, 16)        0         
                                                                 
 max_pooling2d (MaxPooling2  (None, 16, 16, 16)        0         
 D)                                                              
                                                                 
 conv2d_2 (Conv2D)           (None, 16, 16, 128)       18560     
                                                                 
 activation_2 (Activation)   (None, 16, 16, 128)       0         
                                                                 
 conv2d_3 (Conv2D)           (None, 16, 16, 128)       147584    
                                                                 
 activation_3 (Activation)   (None, 16, 16, 128)       0         
                                                                 
 max_pooling2d_1 (MaxPoolin  (None, 8, 8, 128)         0         
 g2D)                                                            
                                                                 
 flatten (Flatten)           (None, 8192)              0         
                                                                 
 dense (Dense)               (None, 192)               1573056   
                                                                 
 activation_4 (Activation)   (None, 192)               0         
                                                                 
 dropout (Dropout)           (None, 192)               0         
                                                                 
 dense_1 (Dense)             (None, 48)                9264      
                                                                 
 activation_5 (Activation)   (None, 48)                0         
                                                                 
 dropout_1 (Dropout)         (None, 48)                0         
                                                                 
 dense_2 (Dense)             (None, 80)                3920      
                                                                 
 activation_6 (Activation)   (None, 80)                0         
                                                                 
 dropout_2 (Dropout)         (None, 80)                0         
                                                                 
 dense_3 (Dense)             (None, 176)               14256     
                                                                 
 activation_7 (Activation)   (None, 176)               0         
                                                                 
 dropout_3 (Dropout)         (None, 176)               0         
                                                                 
 dense_4 (Dense)             (None, 160)               28320     
                                                                 
 activation_8 (Activation)   (None, 160)               0         
                                                                 
 dropout_4 (Dropout)         (None, 160)               0         
                                                                 
 dense_5 (Dense)             (None, 352)               56672     
                                                                 
 activation_9 (Activation)   (None, 352)               0         
                                                                 
 dropout_5 (Dropout)         (None, 352)               0         
                                                                 
 dense_6 (Dense)             (None, 208)               73424     
                                                                 
 activation_10 (Activation)  (None, 208)               0         
                                                                 
 dropout_6 (Dropout)         (None, 208)               0         
                                                                 
 dense_7 (Dense)             (None, 288)               60192     
                                                                 
 activation_11 (Activation)  (None, 288)               0         
                                                                 
 dropout_7 (Dropout)         (None, 288)               0         
                                                                 
 dense_8 (Dense)             (None, 240)               69360     
                                                                 
 activation_12 (Activation)  (None, 240)               0         
                                                                 
 dropout_8 (Dropout)         (None, 240)               0         
                                                                 
 dense_9 (Dense)             (None, 10)                2410      
                                                                 
=================================================================
Total params: 2059786 (7.86 MB)
Trainable params: 2059786 (7.86 MB)
Non-trainable params: 0 (0.00 Byte)
_________________________________________________________________
Epoch 1/100
1563/1563 - 11s - loss: 3.0718 - accuracy: 0.1577 - val_loss: 1.8006 - val_accuracy: 0.3564 - 11s/epoch - 7ms/step
Epoch 2/100
1563/1563 - 7s - loss: 2.4540 - accuracy: 0.2147 - val_loss: 1.6404 - val_accuracy: 0.3999 - 7s/epoch - 4ms/step
Epoch 3/100
1563/1563 - 7s - loss: 2.2639 - accuracy: 0.2378 - val_loss: 1.5670 - val_accuracy: 0.4309 - 7s/epoch - 4ms/step
Epoch 4/100
1563/1563 - 7s - loss: 2.1551 - accuracy: 0.2564 - val_loss: 1.5813 - val_accuracy: 0.4286 - 7s/epoch - 4ms/step
Epoch 5/100
1563/1563 - 7s - loss: 2.0581 - accuracy: 0.2773 - val_loss: 1.5596 - val_accuracy: 0.4421 - 7s/epoch - 4ms/step
Epoch 6/100
1563/1563 - 7s - loss: 1.9931 - accuracy: 0.2963 - val_loss: 1.4219 - val_accuracy: 0.4729 - 7s/epoch - 4ms/step
Epoch 7/100
1563/1563 - 7s - loss: 1.9366 - accuracy: 0.3092 - val_loss: 1.3972 - val_accuracy: 0.4854 - 7s/epoch - 4ms/step
Epoch 8/100
1563/1563 - 7s - loss: 1.8873 - accuracy: 0.3255 - val_loss: 1.4057 - val_accuracy: 0.4924 - 7s/epoch - 4ms/step
Epoch 9/100
1563/1563 - 7s - loss: 1.8495 - accuracy: 0.3376 - val_loss: 1.3541 - val_accuracy: 0.5045 - 7s/epoch - 4ms/step
Epoch 10/100
1563/1563 - 7s - loss: 1.8097 - accuracy: 0.3410 - val_loss: 1.3353 - val_accuracy: 0.5134 - 7s/epoch - 4ms/step
Epoch 11/100
1563/1563 - 7s - loss: 1.7847 - accuracy: 0.3514 - val_loss: 1.3275 - val_accuracy: 0.5137 - 7s/epoch - 4ms/step
Epoch 12/100
1563/1563 - 7s - loss: 1.7543 - accuracy: 0.3634 - val_loss: 1.3425 - val_accuracy: 0.5148 - 7s/epoch - 4ms/step
Epoch 13/100
1563/1563 - 7s - loss: 1.7318 - accuracy: 0.3682 - val_loss: 1.3182 - val_accuracy: 0.5306 - 7s/epoch - 4ms/step
Epoch 14/100
1563/1563 - 7s - loss: 1.7108 - accuracy: 0.3732 - val_loss: 1.3012 - val_accuracy: 0.5308 - 7s/epoch - 4ms/step
Epoch 15/100
1563/1563 - 7s - loss: 1.6884 - accuracy: 0.3801 - val_loss: 1.2789 - val_accuracy: 0.5390 - 7s/epoch - 4ms/step
Epoch 16/100
1563/1563 - 7s - loss: 1.6653 - accuracy: 0.3882 - val_loss: 1.3160 - val_accuracy: 0.5399 - 7s/epoch - 4ms/step
Epoch 17/100
1563/1563 - 7s - loss: 1.6469 - accuracy: 0.3963 - val_loss: 1.2681 - val_accuracy: 0.5464 - 7s/epoch - 4ms/step
Epoch 18/100
1563/1563 - 7s - loss: 1.6356 - accuracy: 0.3985 - val_loss: 1.2788 - val_accuracy: 0.5433 - 7s/epoch - 4ms/step
Epoch 19/100
1563/1563 - 7s - loss: 1.6198 - accuracy: 0.4018 - val_loss: 1.2568 - val_accuracy: 0.5532 - 7s/epoch - 4ms/step
Epoch 20/100
1563/1563 - 7s - loss: 1.6039 - accuracy: 0.4099 - val_loss: 1.2622 - val_accuracy: 0.5493 - 7s/epoch - 4ms/step
Epoch 21/100
1563/1563 - 7s - loss: 1.5933 - accuracy: 0.4106 - val_loss: 1.2568 - val_accuracy: 0.5552 - 7s/epoch - 4ms/step
Epoch 22/100
1563/1563 - 7s - loss: 1.5800 - accuracy: 0.4181 - val_loss: 1.2539 - val_accuracy: 0.5542 - 7s/epoch - 4ms/step
Epoch 23/100
1563/1563 - 7s - loss: 1.5609 - accuracy: 0.4249 - val_loss: 1.2364 - val_accuracy: 0.5616 - 7s/epoch - 4ms/step
Epoch 24/100
1563/1563 - 7s - loss: 1.5496 - accuracy: 0.4280 - val_loss: 1.2325 - val_accuracy: 0.5632 - 7s/epoch - 4ms/step
Epoch 25/100
1563/1563 - 7s - loss: 1.5332 - accuracy: 0.4332 - val_loss: 1.2367 - val_accuracy: 0.5640 - 7s/epoch - 4ms/step
Epoch 26/100
1563/1563 - 7s - loss: 1.5258 - accuracy: 0.4407 - val_loss: 1.2429 - val_accuracy: 0.5608 - 7s/epoch - 4ms/step
Epoch 27/100
1563/1563 - 7s - loss: 1.5159 - accuracy: 0.4430 - val_loss: 1.2183 - val_accuracy: 0.5670 - 7s/epoch - 4ms/step
Epoch 28/100
1563/1563 - 7s - loss: 1.5095 - accuracy: 0.4417 - val_loss: 1.2200 - val_accuracy: 0.5684 - 7s/epoch - 4ms/step
Epoch 29/100
1563/1563 - 7s - loss: 1.4998 - accuracy: 0.4484 - val_loss: 1.2239 - val_accuracy: 0.5663 - 7s/epoch - 4ms/step
Epoch 30/100
1563/1563 - 7s - loss: 1.4879 - accuracy: 0.4523 - val_loss: 1.2112 - val_accuracy: 0.5754 - 7s/epoch - 4ms/step
Epoch 31/100
1563/1563 - 6s - loss: 1.4778 - accuracy: 0.4573 - val_loss: 1.2026 - val_accuracy: 0.5766 - 6s/epoch - 4ms/step
Epoch 32/100
1563/1563 - 6s - loss: 1.4704 - accuracy: 0.4575 - val_loss: 1.2206 - val_accuracy: 0.5729 - 6s/epoch - 4ms/step
Epoch 33/100
1563/1563 - 6s - loss: 1.4600 - accuracy: 0.4623 - val_loss: 1.1934 - val_accuracy: 0.5814 - 6s/epoch - 4ms/step
Epoch 34/100
1563/1563 - 6s - loss: 1.4463 - accuracy: 0.4674 - val_loss: 1.2098 - val_accuracy: 0.5759 - 6s/epoch - 4ms/step
Epoch 35/100
1563/1563 - 6s - loss: 1.4437 - accuracy: 0.4668 - val_loss: 1.1992 - val_accuracy: 0.5798 - 6s/epoch - 4ms/step
Epoch 36/100
1563/1563 - 6s - loss: 1.4353 - accuracy: 0.4697 - val_loss: 1.2034 - val_accuracy: 0.5769 - 6s/epoch - 4ms/step
Epoch 37/100
1563/1563 - 6s - loss: 1.4240 - accuracy: 0.4762 - val_loss: 1.1907 - val_accuracy: 0.5809 - 6s/epoch - 4ms/step
Epoch 38/100
1563/1563 - 6s - loss: 1.4273 - accuracy: 0.4710 - val_loss: 1.1933 - val_accuracy: 0.5808 - 6s/epoch - 4ms/step
Epoch 39/100
1563/1563 - 6s - loss: 1.4124 - accuracy: 0.4787 - val_loss: 1.1844 - val_accuracy: 0.5854 - 6s/epoch - 4ms/step
Epoch 40/100
1563/1563 - 7s - loss: 1.4019 - accuracy: 0.4821 - val_loss: 1.1940 - val_accuracy: 0.5851 - 7s/epoch - 4ms/step
Epoch 41/100
1563/1563 - 7s - loss: 1.3905 - accuracy: 0.4919 - val_loss: 1.2123 - val_accuracy: 0.5814 - 7s/epoch - 4ms/step
Epoch 42/100
1563/1563 - 7s - loss: 1.3916 - accuracy: 0.4855 - val_loss: 1.1781 - val_accuracy: 0.5898 - 7s/epoch - 4ms/step
Epoch 43/100
1563/1563 - 7s - loss: 1.3804 - accuracy: 0.4932 - val_loss: 1.1721 - val_accuracy: 0.5917 - 7s/epoch - 4ms/step
Epoch 44/100
1563/1563 - 7s - loss: 1.3693 - accuracy: 0.4966 - val_loss: 1.1738 - val_accuracy: 0.5920 - 7s/epoch - 4ms/step
Epoch 45/100
1563/1563 - 7s - loss: 1.3712 - accuracy: 0.4942 - val_loss: 1.1812 - val_accuracy: 0.5919 - 7s/epoch - 4ms/step
Epoch 46/100
1563/1563 - 7s - loss: 1.3684 - accuracy: 0.4957 - val_loss: 1.1777 - val_accuracy: 0.5898 - 7s/epoch - 4ms/step
Epoch 47/100
1563/1563 - 7s - loss: 1.3481 - accuracy: 0.5041 - val_loss: 1.2032 - val_accuracy: 0.5872 - 7s/epoch - 4ms/step
Epoch 48/100
1563/1563 - 7s - loss: 1.3505 - accuracy: 0.5040 - val_loss: 1.1628 - val_accuracy: 0.5954 - 7s/epoch - 4ms/step
Epoch 49/100
1563/1563 - 7s - loss: 1.3441 - accuracy: 0.5063 - val_loss: 1.1701 - val_accuracy: 0.5954 - 7s/epoch - 4ms/step
Epoch 50/100
1563/1563 - 7s - loss: 1.3352 - accuracy: 0.5074 - val_loss: 1.1587 - val_accuracy: 0.6011 - 7s/epoch - 4ms/step
Epoch 51/100
1563/1563 - 7s - loss: 1.3244 - accuracy: 0.5108 - val_loss: 1.1774 - val_accuracy: 0.5968 - 7s/epoch - 4ms/step
Epoch 52/100
1563/1563 - 7s - loss: 1.3326 - accuracy: 0.5092 - val_loss: 1.1542 - val_accuracy: 0.6006 - 7s/epoch - 4ms/step
Epoch 53/100
1563/1563 - 7s - loss: 1.3170 - accuracy: 0.5152 - val_loss: 1.1688 - val_accuracy: 0.5985 - 7s/epoch - 4ms/step
Epoch 54/100
1563/1563 - 7s - loss: 1.3112 - accuracy: 0.5180 - val_loss: 1.1616 - val_accuracy: 0.6002 - 7s/epoch - 4ms/step
Epoch 55/100
1563/1563 - 7s - loss: 1.3040 - accuracy: 0.5197 - val_loss: 1.1698 - val_accuracy: 0.5952 - 7s/epoch - 4ms/step
Epoch 56/100
1563/1563 - 7s - loss: 1.3004 - accuracy: 0.5224 - val_loss: 1.1627 - val_accuracy: 0.6030 - 7s/epoch - 4ms/step
Epoch 57/100
1563/1563 - 7s - loss: 1.2920 - accuracy: 0.5251 - val_loss: 1.1653 - val_accuracy: 0.6005 - 7s/epoch - 4ms/step
Epoch 58/100
1563/1563 - 7s - loss: 1.2966 - accuracy: 0.5238 - val_loss: 1.1635 - val_accuracy: 0.6022 - 7s/epoch - 4ms/step
Epoch 59/100
1563/1563 - 7s - loss: 1.2840 - accuracy: 0.5287 - val_loss: 1.1673 - val_accuracy: 0.6027 - 7s/epoch - 4ms/step
Epoch 60/100
1563/1563 - 7s - loss: 1.2758 - accuracy: 0.5294 - val_loss: 1.1553 - val_accuracy: 0.6049 - 7s/epoch - 4ms/step
Epoch 61/100
1563/1563 - 7s - loss: 1.2718 - accuracy: 0.5343 - val_loss: 1.1519 - val_accuracy: 0.6068 - 7s/epoch - 4ms/step
Epoch 62/100
1563/1563 - 7s - loss: 1.2710 - accuracy: 0.5321 - val_loss: 1.1580 - val_accuracy: 0.6042 - 7s/epoch - 4ms/step
Epoch 63/100
1563/1563 - 7s - loss: 1.2615 - accuracy: 0.5346 - val_loss: 1.1655 - val_accuracy: 0.6028 - 7s/epoch - 4ms/step
Epoch 64/100
1563/1563 - 7s - loss: 1.2574 - accuracy: 0.5393 - val_loss: 1.1553 - val_accuracy: 0.6078 - 7s/epoch - 4ms/step
Epoch 65/100
1563/1563 - 7s - loss: 1.2518 - accuracy: 0.5394 - val_loss: 1.1562 - val_accuracy: 0.6061 - 7s/epoch - 4ms/step
Epoch 66/100
1563/1563 - 7s - loss: 1.2564 - accuracy: 0.5367 - val_loss: 1.1713 - val_accuracy: 0.6004 - 7s/epoch - 4ms/step
Epoch 67/100
1563/1563 - 7s - loss: 1.2444 - accuracy: 0.5434 - val_loss: 1.1596 - val_accuracy: 0.6066 - 7s/epoch - 4ms/step
Epoch 68/100
1563/1563 - 7s - loss: 1.2452 - accuracy: 0.5407 - val_loss: 1.1607 - val_accuracy: 0.6091 - 7s/epoch - 4ms/step
Epoch 69/100
1563/1563 - 7s - loss: 1.2336 - accuracy: 0.5452 - val_loss: 1.1647 - val_accuracy: 0.6015 - 7s/epoch - 4ms/step
Epoch 70/100
1563/1563 - 7s - loss: 1.2317 - accuracy: 0.5476 - val_loss: 1.1560 - val_accuracy: 0.6051 - 7s/epoch - 4ms/step
Epoch 71/100
1563/1563 - 7s - loss: 1.2298 - accuracy: 0.5485 - val_loss: 1.1521 - val_accuracy: 0.6103 - 7s/epoch - 4ms/step
Epoch 72/100
1563/1563 - 7s - loss: 1.2279 - accuracy: 0.5511 - val_loss: 1.1689 - val_accuracy: 0.6039 - 7s/epoch - 4ms/step
Epoch 73/100
1563/1563 - 7s - loss: 1.2218 - accuracy: 0.5513 - val_loss: 1.1566 - val_accuracy: 0.6096 - 7s/epoch - 4ms/step
Epoch 74/100
1563/1563 - 7s - loss: 1.2136 - accuracy: 0.5557 - val_loss: 1.1474 - val_accuracy: 0.6112 - 7s/epoch - 4ms/step
Epoch 75/100
1563/1563 - 7s - loss: 1.2090 - accuracy: 0.5560 - val_loss: 1.1709 - val_accuracy: 0.6064 - 7s/epoch - 4ms/step
Epoch 76/100
1563/1563 - 7s - loss: 1.2096 - accuracy: 0.5560 - val_loss: 1.1515 - val_accuracy: 0.6126 - 7s/epoch - 4ms/step
Epoch 77/100
1563/1563 - 7s - loss: 1.1983 - accuracy: 0.5586 - val_loss: 1.1678 - val_accuracy: 0.6080 - 7s/epoch - 4ms/step
Epoch 78/100
1563/1563 - 7s - loss: 1.1984 - accuracy: 0.5586 - val_loss: 1.1537 - val_accuracy: 0.6124 - 7s/epoch - 4ms/step
Epoch 79/100
1563/1563 - 7s - loss: 1.1928 - accuracy: 0.5624 - val_loss: 1.1708 - val_accuracy: 0.6105 - 7s/epoch - 4ms/step
Epoch 80/100
1563/1563 - 7s - loss: 1.1941 - accuracy: 0.5599 - val_loss: 1.1530 - val_accuracy: 0.6126 - 7s/epoch - 4ms/step
Epoch 81/100
1563/1563 - 7s - loss: 1.1826 - accuracy: 0.5633 - val_loss: 1.1585 - val_accuracy: 0.6113 - 7s/epoch - 4ms/step
Epoch 82/100
1563/1563 - 7s - loss: 1.1816 - accuracy: 0.5657 - val_loss: 1.1527 - val_accuracy: 0.6143 - 7s/epoch - 4ms/step
Epoch 83/100
1563/1563 - 7s - loss: 1.1847 - accuracy: 0.5663 - val_loss: 1.1577 - val_accuracy: 0.6104 - 7s/epoch - 4ms/step
Epoch 84/100
1563/1563 - 7s - loss: 1.1721 - accuracy: 0.5681 - val_loss: 1.1688 - val_accuracy: 0.6114 - 7s/epoch - 4ms/step
Epoch 85/100
1563/1563 - 7s - loss: 1.1655 - accuracy: 0.5710 - val_loss: 1.1642 - val_accuracy: 0.6090 - 7s/epoch - 4ms/step
Epoch 86/100
1563/1563 - 7s - loss: 1.1730 - accuracy: 0.5675 - val_loss: 1.1596 - val_accuracy: 0.6120 - 7s/epoch - 4ms/step
Epoch 87/100
1563/1563 - 7s - loss: 1.1636 - accuracy: 0.5724 - val_loss: 1.1575 - val_accuracy: 0.6139 - 7s/epoch - 4ms/step
Epoch 88/100
1563/1563 - 7s - loss: 1.1609 - accuracy: 0.5732 - val_loss: 1.1523 - val_accuracy: 0.6127 - 7s/epoch - 4ms/step
Epoch 89/100
1563/1563 - 7s - loss: 1.1516 - accuracy: 0.5737 - val_loss: 1.1543 - val_accuracy: 0.6134 - 7s/epoch - 4ms/step
Epoch 90/100
1563/1563 - 7s - loss: 1.1534 - accuracy: 0.5750 - val_loss: 1.1568 - val_accuracy: 0.6165 - 7s/epoch - 4ms/step
Epoch 91/100
1563/1563 - 7s - loss: 1.1412 - accuracy: 0.5793 - val_loss: 1.1622 - val_accuracy: 0.6146 - 7s/epoch - 4ms/step
Epoch 92/100
1563/1563 - 7s - loss: 1.1409 - accuracy: 0.5795 - val_loss: 1.1632 - val_accuracy: 0.6151 - 7s/epoch - 4ms/step
Epoch 93/100
1563/1563 - 7s - loss: 1.1388 - accuracy: 0.5804 - val_loss: 1.1780 - val_accuracy: 0.6128 - 7s/epoch - 4ms/step
Epoch 94/100
1563/1563 - 7s - loss: 1.1394 - accuracy: 0.5799 - val_loss: 1.1633 - val_accuracy: 0.6156 - 7s/epoch - 4ms/step
Epoch 95/100
1563/1563 - 7s - loss: 1.1354 - accuracy: 0.5817 - val_loss: 1.1877 - val_accuracy: 0.6101 - 7s/epoch - 4ms/step
Epoch 96/100
1563/1563 - 7s - loss: 1.1313 - accuracy: 0.5828 - val_loss: 1.1589 - val_accuracy: 0.6153 - 7s/epoch - 4ms/step
Epoch 97/100
1563/1563 - 7s - loss: 1.1232 - accuracy: 0.5856 - val_loss: 1.1872 - val_accuracy: 0.6116 - 7s/epoch - 4ms/step
Epoch 98/100
1563/1563 - 7s - loss: 1.1212 - accuracy: 0.5901 - val_loss: 1.1582 - val_accuracy: 0.6208 - 7s/epoch - 4ms/step
Epoch 99/100
1563/1563 - 7s - loss: 1.1192 - accuracy: 0.5845 - val_loss: 1.1563 - val_accuracy: 0.6183 - 7s/epoch - 4ms/step
Epoch 100/100
1563/1563 - 6s - loss: 1.1117 - accuracy: 0.5897 - val_loss: 1.1622 - val_accuracy: 0.6142 - 6s/epoch - 4ms/step
313/313 - 0s - loss: 1.1622 - accuracy: 0.6142 - 469ms/epoch - 1ms/step

ACCURACY: 0.6141999959945679


SCORE: -0.5410090291961974

[92m | MODULE VALUES ---------------------------------------------  |
 [0m
FLOPS: 94465484
PARAMS: 2059786.0
[92m 
 | -----------------------------------------------------------  |
 [0m
[INFO] New Best Score: -0.5410 (Previous: 10000000000.0000)

--- BANANAS ITERATION 3 / 1000 ---
Chosen point: {'num_neurons': 16, 'unit_c1': 2, 'unit_c2': 5, 'dr_f': 0.4737552085558234, 'learning_rate': 0.000551653008295903, 'batch_size': 32, 'optimizer': 'Adam', 'activation': 'elu', 'data_augmentation': False, 'reg_l2': True, 'skip_connection': False, 'new_fc_1': 25, 'new_fc_2': 20, 'new_fc_3': 12, 'new_fc_4': 18, 'new_fc_5': 17, 'new_fc_6': 1, 'new_fc_7': 27, 'new_fc_8': 22, 'new_fc_9': 3, 'new_fc_10': 3}
[94m
|  --> START TRAINING ITERATION 2[0m
[INFO] Flags -> DA: False, L2: True, Skip: False
Building model with input_shape=(32, 32, 3), pos_input_shape=None, layer_x_block=2
Model: "model"
_________________________________________________________________
 Layer (type)                Output Shape              Param #   
=================================================================
 input_1 (InputLayer)        [(None, 32, 32, 3)]       0         
                                                                 
 conv2d (Conv2D)             (None, 32, 32, 32)        896       
                                                                 
 activation (Activation)     (None, 32, 32, 32)        0         
                                                                 
 conv2d_1 (Conv2D)           (None, 32, 32, 32)        9248      
                                                                 
 activation_1 (Activation)   (None, 32, 32, 32)        0         
                                                                 
 max_pooling2d (MaxPooling2  (None, 16, 16, 32)        0         
 D)                                                              
                                                                 
 conv2d_2 (Conv2D)           (None, 16, 16, 80)        23120     
                                                                 
 activation_2 (Activation)   (None, 16, 16, 80)        0         
                                                                 
 conv2d_3 (Conv2D)           (None, 16, 16, 80)        57680     
                                                                 
 activation_3 (Activation)   (None, 16, 16, 80)        0         
                                                                 
 max_pooling2d_1 (MaxPoolin  (None, 8, 8, 80)          0         
 g2D)                                                            
                                                                 
 flatten (Flatten)           (None, 5120)              0         
                                                                 
 dense (Dense)               (None, 400)               2048400   
                                                                 
 activation_4 (Activation)   (None, 400)               0         
                                                                 
 dropout (Dropout)           (None, 400)               0         
                                                                 
 dense_1 (Dense)             (None, 320)               128320    
                                                                 
 activation_5 (Activation)   (None, 320)               0         
                                                                 
 dropout_1 (Dropout)         (None, 320)               0         
                                                                 
 dense_2 (Dense)             (None, 192)               61632     
                                                                 
 activation_6 (Activation)   (None, 192)               0         
                                                                 
 dropout_2 (Dropout)         (None, 192)               0         
                                                                 
 dense_3 (Dense)             (None, 288)               55584     
                                                                 
 activation_7 (Activation)   (None, 288)               0         
                                                                 
 dropout_3 (Dropout)         (None, 288)               0         
                                                                 
 dense_4 (Dense)             (None, 272)               78608     
                                                                 
 activation_8 (Activation)   (None, 272)               0         
                                                                 
 dropout_4 (Dropout)         (None, 272)               0         
                                                                 
 dense_5 (Dense)             (None, 16)                4368      
                                                                 
 activation_9 (Activation)   (None, 16)                0         
                                                                 
 dropout_5 (Dropout)         (None, 16)                0         
                                                                 
 dense_6 (Dense)             (None, 432)               7344      
                                                                 
 activation_10 (Activation)  (None, 432)               0         
                                                                 
 dropout_6 (Dropout)         (None, 432)               0         
                                                                 
 dense_7 (Dense)             (None, 352)               152416    
                                                                 
 activation_11 (Activation)  (None, 352)               0         
                                                                 
 dropout_7 (Dropout)         (None, 352)               0         
                                                                 
 dense_8 (Dense)             (None, 48)                16944     
                                                                 
 activation_12 (Activation)  (None, 48)                0         
                                                                 
 dropout_8 (Dropout)         (None, 48)                0         
                                                                 
 dense_9 (Dense)             (None, 48)                2352      
                                                                 
 activation_13 (Activation)  (None, 48)                0         
                                                                 
 dropout_9 (Dropout)         (None, 48)                0         
                                                                 
 dense_10 (Dense)            (None, 10)                490       
                                                                 
=================================================================
Total params: 2647402 (10.10 MB)
Trainable params: 2647402 (10.10 MB)
Non-trainable params: 0 (0.00 Byte)
_________________________________________________________________
Epoch 1/100
1563/1563 - 11s - loss: 6.0368 - accuracy: 0.1670 - val_loss: 2.2217 - val_accuracy: 0.1813 - 11s/epoch - 7ms/step
Epoch 2/100
1563/1563 - 7s - loss: 2.1762 - accuracy: 0.1811 - val_loss: 2.1056 - val_accuracy: 0.1971 - 7s/epoch - 5ms/step
Epoch 3/100
1563/1563 - 7s - loss: 2.1390 - accuracy: 0.1923 - val_loss: 2.1283 - val_accuracy: 0.1895 - 7s/epoch - 5ms/step
Epoch 4/100
1563/1563 - 7s - loss: 2.1298 - accuracy: 0.1922 - val_loss: 2.0876 - val_accuracy: 0.1908 - 7s/epoch - 5ms/step
Epoch 5/100
1563/1563 - 7s - loss: 2.1245 - accuracy: 0.1911 - val_loss: 2.0955 - val_accuracy: 0.2008 - 7s/epoch - 5ms/step
Epoch 6/100
1563/1563 - 7s - loss: 2.1197 - accuracy: 0.1963 - val_loss: 2.0884 - val_accuracy: 0.1951 - 7s/epoch - 5ms/step
Epoch 7/100
1563/1563 - 7s - loss: 2.1259 - accuracy: 0.1925 - val_loss: 2.0648 - val_accuracy: 0.2066 - 7s/epoch - 5ms/step
Epoch 8/100
1563/1563 - 7s - loss: 2.1104 - accuracy: 0.1956 - val_loss: 2.0746 - val_accuracy: 0.1904 - 7s/epoch - 5ms/step
Epoch 9/100
1563/1563 - 7s - loss: 2.1214 - accuracy: 0.1915 - val_loss: 2.2234 - val_accuracy: 0.1928 - 7s/epoch - 5ms/step
Epoch 10/100
1563/1563 - 7s - loss: 2.1125 - accuracy: 0.1954 - val_loss: 2.0694 - val_accuracy: 0.2036 - 7s/epoch - 5ms/step
Epoch 11/100
1563/1563 - 7s - loss: 2.1139 - accuracy: 0.1933 - val_loss: 2.1930 - val_accuracy: 0.1918 - 7s/epoch - 5ms/step
Epoch 12/100
1563/1563 - 7s - loss: 2.1093 - accuracy: 0.1944 - val_loss: 2.0720 - val_accuracy: 0.2082 - 7s/epoch - 5ms/step
Epoch 13/100
1563/1563 - 7s - loss: 2.1102 - accuracy: 0.1932 - val_loss: 2.0860 - val_accuracy: 0.1974 - 7s/epoch - 5ms/step
Epoch 14/100
1563/1563 - 7s - loss: 2.1023 - accuracy: 0.1950 - val_loss: 2.1406 - val_accuracy: 0.1856 - 7s/epoch - 5ms/step
Epoch 15/100
1563/1563 - 7s - loss: 2.1082 - accuracy: 0.1916 - val_loss: 2.0775 - val_accuracy: 0.2042 - 7s/epoch - 5ms/step
Epoch 16/100
1563/1563 - 7s - loss: 2.1029 - accuracy: 0.1953 - val_loss: 2.0802 - val_accuracy: 0.2039 - 7s/epoch - 5ms/step
Epoch 17/100
1563/1563 - 7s - loss: 2.1023 - accuracy: 0.1949 - val_loss: 2.0565 - val_accuracy: 0.2111 - 7s/epoch - 5ms/step
Epoch 18/100
1563/1563 - 7s - loss: 2.1086 - accuracy: 0.1957 - val_loss: 2.0654 - val_accuracy: 0.1886 - 7s/epoch - 5ms/step
Epoch 19/100
1563/1563 - 7s - loss: 2.0970 - accuracy: 0.1943 - val_loss: 2.1082 - val_accuracy: 0.1897 - 7s/epoch - 5ms/step
Epoch 20/100
1563/1563 - 7s - loss: 2.0977 - accuracy: 0.1967 - val_loss: 2.0974 - val_accuracy: 0.1941 - 7s/epoch - 5ms/step
Epoch 21/100
1563/1563 - 7s - loss: 2.1008 - accuracy: 0.1986 - val_loss: 2.0875 - val_accuracy: 0.1947 - 7s/epoch - 5ms/step
Epoch 22/100
1563/1563 - 7s - loss: 2.0979 - accuracy: 0.1980 - val_loss: 2.0563 - val_accuracy: 0.2065 - 7s/epoch - 5ms/step
Epoch 23/100
1563/1563 - 8s - loss: 2.0983 - accuracy: 0.1969 - val_loss: 2.0731 - val_accuracy: 0.1954 - 8s/epoch - 5ms/step
Epoch 24/100
1563/1563 - 7s - loss: 2.0973 - accuracy: 0.1966 - val_loss: 2.0804 - val_accuracy: 0.2069 - 7s/epoch - 5ms/step
Epoch 25/100
1563/1563 - 7s - loss: 2.0973 - accuracy: 0.1950 - val_loss: 2.0708 - val_accuracy: 0.1905 - 7s/epoch - 5ms/step
Epoch 26/100
1563/1563 - 7s - loss: 2.0992 - accuracy: 0.1992 - val_loss: 2.0696 - val_accuracy: 0.1967 - 7s/epoch - 5ms/step
Epoch 27/100
1563/1563 - 7s - loss: 2.0924 - accuracy: 0.1982 - val_loss: 2.0642 - val_accuracy: 0.2196 - 7s/epoch - 5ms/step
Epoch 28/100
1563/1563 - 7s - loss: 2.0988 - accuracy: 0.1958 - val_loss: 2.0759 - val_accuracy: 0.1928 - 7s/epoch - 5ms/step
Epoch 29/100
1563/1563 - 7s - loss: 2.0964 - accuracy: 0.1964 - val_loss: 2.0578 - val_accuracy: 0.2074 - 7s/epoch - 5ms/step
Epoch 30/100
1563/1563 - 7s - loss: 2.0896 - accuracy: 0.1966 - val_loss: 2.0512 - val_accuracy: 0.1995 - 7s/epoch - 5ms/step
Epoch 31/100
1563/1563 - 7s - loss: 2.0919 - accuracy: 0.1983 - val_loss: 2.0621 - val_accuracy: 0.2006 - 7s/epoch - 5ms/step
Epoch 32/100
1563/1563 - 7s - loss: 2.0926 - accuracy: 0.1989 - val_loss: 2.0441 - val_accuracy: 0.2130 - 7s/epoch - 5ms/step
Epoch 33/100
1563/1563 - 7s - loss: 2.0830 - accuracy: 0.1971 - val_loss: 2.0740 - val_accuracy: 0.2049 - 7s/epoch - 5ms/step
Epoch 34/100
1563/1563 - 7s - loss: 2.0937 - accuracy: 0.1950 - val_loss: 2.0536 - val_accuracy: 0.2038 - 7s/epoch - 5ms/step
Epoch 35/100
1563/1563 - 7s - loss: 2.0951 - accuracy: 0.1966 - val_loss: 2.0737 - val_accuracy: 0.2041 - 7s/epoch - 5ms/step
Epoch 36/100
1563/1563 - 7s - loss: 2.0792 - accuracy: 0.1980 - val_loss: 2.0695 - val_accuracy: 0.2042 - 7s/epoch - 5ms/step
Epoch 37/100
1563/1563 - 7s - loss: 2.0854 - accuracy: 0.1982 - val_loss: 2.0408 - val_accuracy: 0.2169 - 7s/epoch - 5ms/step
Epoch 38/100
1563/1563 - 7s - loss: 2.0916 - accuracy: 0.1958 - val_loss: 2.0517 - val_accuracy: 0.2084 - 7s/epoch - 5ms/step
Epoch 39/100
1563/1563 - 7s - loss: 2.0832 - accuracy: 0.1984 - val_loss: 2.0578 - val_accuracy: 0.1997 - 7s/epoch - 5ms/step
Epoch 40/100
1563/1563 - 7s - loss: 2.0876 - accuracy: 0.1958 - val_loss: 2.0503 - val_accuracy: 0.2089 - 7s/epoch - 5ms/step
Epoch 41/100
1563/1563 - 7s - loss: 2.0810 - accuracy: 0.1982 - val_loss: 2.0461 - val_accuracy: 0.2096 - 7s/epoch - 5ms/step
Epoch 42/100
1563/1563 - 7s - loss: 2.0825 - accuracy: 0.1991 - val_loss: 2.0416 - val_accuracy: 0.2056 - 7s/epoch - 5ms/step
Epoch 43/100
1563/1563 - 7s - loss: 2.0876 - accuracy: 0.1999 - val_loss: 2.0744 - val_accuracy: 0.1955 - 7s/epoch - 5ms/step
Epoch 44/100
1563/1563 - 7s - loss: 2.0787 - accuracy: 0.2000 - val_loss: 2.0976 - val_accuracy: 0.1959 - 7s/epoch - 5ms/step
Epoch 45/100
1563/1563 - 7s - loss: 2.0833 - accuracy: 0.1970 - val_loss: 2.0588 - val_accuracy: 0.2016 - 7s/epoch - 5ms/step
Epoch 46/100
1563/1563 - 7s - loss: 2.0835 - accuracy: 0.1987 - val_loss: 2.0404 - val_accuracy: 0.2048 - 7s/epoch - 5ms/step
Epoch 47/100
1563/1563 - 7s - loss: 2.0850 - accuracy: 0.1975 - val_loss: 2.0456 - val_accuracy: 0.2037 - 7s/epoch - 5ms/step
Epoch 48/100
1563/1563 - 7s - loss: 2.0817 - accuracy: 0.1983 - val_loss: 2.0339 - val_accuracy: 0.2032 - 7s/epoch - 5ms/step
Epoch 49/100
1563/1563 - 7s - loss: 2.0789 - accuracy: 0.1996 - val_loss: 2.0980 - val_accuracy: 0.1960 - 7s/epoch - 5ms/step
Epoch 50/100
1563/1563 - 7s - loss: 2.0778 - accuracy: 0.1998 - val_loss: 2.0367 - val_accuracy: 0.2141 - 7s/epoch - 5ms/step
Epoch 51/100
1563/1563 - 7s - loss: 2.0880 - accuracy: 0.1972 - val_loss: 2.0367 - val_accuracy: 0.2066 - 7s/epoch - 5ms/step
Epoch 52/100
1563/1563 - 7s - loss: 2.0772 - accuracy: 0.1988 - val_loss: 2.0466 - val_accuracy: 0.1969 - 7s/epoch - 5ms/step
Epoch 53/100
1563/1563 - 7s - loss: 2.0741 - accuracy: 0.2000 - val_loss: 2.0978 - val_accuracy: 0.2070 - 7s/epoch - 5ms/step
Epoch 54/100
1563/1563 - 7s - loss: 2.0840 - accuracy: 0.1986 - val_loss: 2.0301 - val_accuracy: 0.2031 - 7s/epoch - 5ms/step
Epoch 55/100
1563/1563 - 7s - loss: 2.0749 - accuracy: 0.2013 - val_loss: 2.0412 - val_accuracy: 0.2111 - 7s/epoch - 5ms/step
Epoch 56/100
1563/1563 - 7s - loss: 2.0819 - accuracy: 0.1995 - val_loss: 2.0577 - val_accuracy: 0.2039 - 7s/epoch - 5ms/step
Epoch 57/100
Restoring model weights from the end of the best epoch: 27.
1563/1563 - 7s - loss: 2.0734 - accuracy: 0.2012 - val_loss: 2.0385 - val_accuracy: 0.1998 - 7s/epoch - 5ms/step
Epoch 57: early stopping
313/313 - 1s - loss: 2.0642 - accuracy: 0.2196 - 525ms/epoch - 2ms/step

ACCURACY: 0.21960000693798065


SCORE: -0.31931630085658647

[92m | MODULE VALUES ---------------------------------------------  |
 [0m
FLOPS: 67201852
PARAMS: 2647402.0
[92m 
 | -----------------------------------------------------------  |
 [0m

--- BANANAS ITERATION 4 / 1000 ---
Chosen point: {'num_neurons': 64, 'unit_c1': 2, 'unit_c2': 8, 'dr_f': 0.344577477992268, 'learning_rate': 0.0006273428973059917, 'batch_size': 32, 'optimizer': 'Adagrad', 'activation': 'swish', 'data_augmentation': False, 'reg_l2': True, 'skip_connection': False, 'new_fc_1': 12, 'new_fc_2': 27, 'new_fc_3': 17, 'new_fc_4': 10, 'new_fc_5': 1, 'new_fc_6': 16, 'new_fc_7': 5, 'new_fc_8': 22, 'new_fc_9': 15, 'new_fc_10': 25}
[94m
|  --> START TRAINING ITERATION 3[0m
[INFO] Flags -> DA: False, L2: True, Skip: False
Building model with input_shape=(32, 32, 3), pos_input_shape=None, layer_x_block=2
Model: "model"
_________________________________________________________________
 Layer (type)                Output Shape              Param #   
=================================================================
 input_1 (InputLayer)        [(None, 32, 32, 3)]       0         
                                                                 
 conv2d (Conv2D)             (None, 32, 32, 128)       3584      
                                                                 
 activation (Activation)     (None, 32, 32, 128)       0         
                                                                 
 conv2d_1 (Conv2D)           (None, 32, 32, 128)       147584    
                                                                 
 activation_1 (Activation)   (None, 32, 32, 128)       0         
                                                                 
 max_pooling2d (MaxPooling2  (None, 16, 16, 128)       0         
 D)                                                              
                                                                 
 conv2d_2 (Conv2D)           (None, 16, 16, 512)       590336    
                                                                 
 activation_2 (Activation)   (None, 16, 16, 512)       0         
                                                                 
 conv2d_3 (Conv2D)           (None, 16, 16, 512)       2359808   
                                                                 
 activation_3 (Activation)   (None, 16, 16, 512)       0         
                                                                 
 max_pooling2d_1 (MaxPoolin  (None, 8, 8, 512)         0         
 g2D)                                                            
                                                                 
 flatten (Flatten)           (None, 32768)             0         
                                                                 
 dense (Dense)               (None, 768)               25166592  
                                                                 
 activation_4 (Activation)   (None, 768)               0         
                                                                 
 dropout (Dropout)           (None, 768)               0         
                                                                 
 dense_1 (Dense)             (None, 1728)              1328832   
                                                                 
 activation_5 (Activation)   (None, 1728)              0         
                                                                 
 dropout_1 (Dropout)         (None, 1728)              0         
                                                                 
 dense_2 (Dense)             (None, 1088)              1881152   
                                                                 
 activation_6 (Activation)   (None, 1088)              0         
                                                                 
 dropout_2 (Dropout)         (None, 1088)              0         
                                                                 
 dense_3 (Dense)             (None, 640)               696960    
                                                                 
 activation_7 (Activation)   (None, 640)               0         
                                                                 
 dropout_3 (Dropout)         (None, 640)               0         
                                                                 
 dense_4 (Dense)             (None, 64)                41024     
                                                                 
 activation_8 (Activation)   (None, 64)                0         
                                                                 
 dropout_4 (Dropout)         (None, 64)                0         
                                                                 
 dense_5 (Dense)             (None, 1024)              66560     
                                                                 
 activation_9 (Activation)   (None, 1024)              0         
                                                                 
 dropout_5 (Dropout)         (None, 1024)              0         
                                                                 
 dense_6 (Dense)             (None, 320)               328000    
                                                                 
 activation_10 (Activation)  (None, 320)               0         
                                                                 
 dropout_6 (Dropout)         (None, 320)               0         
                                                                 
 dense_7 (Dense)             (None, 1408)              451968    
                                                                 
 activation_11 (Activation)  (None, 1408)              0         
                                                                 
 dropout_7 (Dropout)         (None, 1408)              0         
                                                                 
 dense_8 (Dense)             (None, 960)               1352640   
                                                                 
 activation_12 (Activation)  (None, 960)               0         
                                                                 
 dropout_8 (Dropout)         (None, 960)               0         
                                                                 
 dense_9 (Dense)             (None, 1600)              1537600   
                                                                 
 activation_13 (Activation)  (None, 1600)              0         
                                                                 
 dropout_9 (Dropout)         (None, 1600)              0         
                                                                 
 dense_10 (Dense)            (None, 10)                16010     
                                                                 
=================================================================
Total params: 35968650 (137.21 MB)
Trainable params: 35968650 (137.21 MB)
Non-trainable params: 0 (0.00 Byte)
_________________________________________________________________
[WARNING] Constraint Violated: FLOPs 1886596540 > 150000000 or Params 35968650.0 > 15000000000

ACCURACY: 0.0


SCORE: 10000000000.0

[92m | MODULE VALUES ---------------------------------------------  |
 [0m
FLOPS: 1886596540
PARAMS: 35968650.0
[92m 
 | -----------------------------------------------------------  |
 [0m

--- BANANAS ITERATION 5 / 1000 ---
Chosen point: {'num_neurons': 8, 'unit_c1': 1, 'unit_c2': 4, 'dr_f': 0.2905601273673529, 'learning_rate': 0.00045005551671083014, 'batch_size': 64, 'optimizer': 'Adadelta', 'activation': 'elu', 'data_augmentation': False, 'reg_l2': False, 'skip_connection': False, 'new_fc_1': 7, 'new_fc_2': 24, 'new_fc_3': 6, 'new_fc_4': 13, 'new_fc_5': 28, 'new_fc_6': 20, 'new_fc_7': 32, 'new_fc_8': 24, 'new_fc_9': 13, 'new_fc_10': 8}
[94m
|  --> START TRAINING ITERATION 4[0m
[INFO] Flags -> DA: False, L2: False, Skip: False
Building model with input_shape=(32, 32, 3), pos_input_shape=None, layer_x_block=2
Model: "model"
_________________________________________________________________
 Layer (type)                Output Shape              Param #   
=================================================================
 input_1 (InputLayer)        [(None, 32, 32, 3)]       0         
                                                                 
 conv2d (Conv2D)             (None, 32, 32, 8)         224       
                                                                 
 activation (Activation)     (None, 32, 32, 8)         0         
                                                                 
 conv2d_1 (Conv2D)           (None, 32, 32, 8)         584       
                                                                 
 activation_1 (Activation)   (None, 32, 32, 8)         0         
                                                                 
 max_pooling2d (MaxPooling2  (None, 16, 16, 8)         0         
 D)                                                              
                                                                 
 conv2d_2 (Conv2D)           (None, 16, 16, 32)        2336      
                                                                 
 activation_2 (Activation)   (None, 16, 16, 32)        0         
                                                                 
 conv2d_3 (Conv2D)           (None, 16, 16, 32)        9248      
                                                                 
 activation_3 (Activation)   (None, 16, 16, 32)        0         
                                                                 
 max_pooling2d_1 (MaxPoolin  (None, 8, 8, 32)          0         
 g2D)                                                            
                                                                 
 flatten (Flatten)           (None, 2048)              0         
                                                                 
 dense (Dense)               (None, 56)                114744    
                                                                 
 activation_4 (Activation)   (None, 56)                0         
                                                                 
 dropout (Dropout)           (None, 56)                0         
                                                                 
 dense_1 (Dense)             (None, 192)               10944     
                                                                 
 activation_5 (Activation)   (None, 192)               0         
                                                                 
 dropout_1 (Dropout)         (None, 192)               0         
                                                                 
 dense_2 (Dense)             (None, 48)                9264      
                                                                 
 activation_6 (Activation)   (None, 48)                0         
                                                                 
 dropout_2 (Dropout)         (None, 48)                0         
                                                                 
 dense_3 (Dense)             (None, 104)               5096      
                                                                 
 activation_7 (Activation)   (None, 104)               0         
                                                                 
 dropout_3 (Dropout)         (None, 104)               0         
                                                                 
 dense_4 (Dense)             (None, 224)               23520     
                                                                 
 activation_8 (Activation)   (None, 224)               0         
                                                                 
 dropout_4 (Dropout)         (None, 224)               0         
                                                                 
 dense_5 (Dense)             (None, 160)               36000     
                                                                 
 activation_9 (Activation)   (None, 160)               0         
                                                                 
 dropout_5 (Dropout)         (None, 160)               0         
                                                                 
 dense_6 (Dense)             (None, 256)               41216     
                                                                 
 activation_10 (Activation)  (None, 256)               0         
                                                                 
 dropout_6 (Dropout)         (None, 256)               0         
                                                                 
 dense_7 (Dense)             (None, 192)               49344     
                                                                 
 activation_11 (Activation)  (None, 192)               0         
                                                                 
 dropout_7 (Dropout)         (None, 192)               0         
                                                                 
 dense_8 (Dense)             (None, 104)               20072     
                                                                 
 activation_12 (Activation)  (None, 104)               0         
                                                                 
 dropout_8 (Dropout)         (None, 104)               0         
                                                                 
 dense_9 (Dense)             (None, 64)                6720      
                                                                 
 activation_13 (Activation)  (None, 64)                0         
                                                                 
 dropout_9 (Dropout)         (None, 64)                0         
                                                                 
 dense_10 (Dense)            (None, 10)                650       
                                                                 
=================================================================
Total params: 329962 (1.26 MB)
Trainable params: 329962 (1.26 MB)
Non-trainable params: 0 (0.00 Byte)
_________________________________________________________________
Epoch 1/100
782/782 - 6s - loss: 2.3883 - accuracy: 0.0994 - val_loss: 2.3056 - val_accuracy: 0.1064 - 6s/epoch - 8ms/step
Epoch 2/100
782/782 - 3s - loss: 2.3715 - accuracy: 0.1002 - val_loss: 2.3006 - val_accuracy: 0.1201 - 3s/epoch - 4ms/step
Epoch 3/100
782/782 - 3s - loss: 2.3596 - accuracy: 0.1050 - val_loss: 2.2957 - val_accuracy: 0.1312 - 3s/epoch - 4ms/step
Epoch 4/100
782/782 - 3s - loss: 2.3477 - accuracy: 0.1035 - val_loss: 2.2908 - val_accuracy: 0.1434 - 3s/epoch - 4ms/step
Epoch 5/100
782/782 - 3s - loss: 2.3423 - accuracy: 0.1041 - val_loss: 2.2861 - val_accuracy: 0.1544 - 3s/epoch - 4ms/step
Epoch 6/100
782/782 - 3s - loss: 2.3325 - accuracy: 0.1084 - val_loss: 2.2810 - val_accuracy: 0.1668 - 3s/epoch - 4ms/step
Epoch 7/100
782/782 - 3s - loss: 2.3263 - accuracy: 0.1117 - val_loss: 2.2758 - val_accuracy: 0.1779 - 3s/epoch - 4ms/step
Epoch 8/100
782/782 - 3s - loss: 2.3207 - accuracy: 0.1136 - val_loss: 2.2702 - val_accuracy: 0.1858 - 3s/epoch - 4ms/step
Epoch 9/100
782/782 - 3s - loss: 2.3142 - accuracy: 0.1194 - val_loss: 2.2641 - val_accuracy: 0.1911 - 3s/epoch - 4ms/step
Epoch 10/100
782/782 - 3s - loss: 2.3064 - accuracy: 0.1187 - val_loss: 2.2575 - val_accuracy: 0.2005 - 3s/epoch - 4ms/step
Epoch 11/100
782/782 - 3s - loss: 2.3005 - accuracy: 0.1244 - val_loss: 2.2501 - val_accuracy: 0.2062 - 3s/epoch - 4ms/step
Epoch 12/100
782/782 - 3s - loss: 2.2955 - accuracy: 0.1261 - val_loss: 2.2420 - val_accuracy: 0.2142 - 3s/epoch - 4ms/step
Epoch 13/100
782/782 - 3s - loss: 2.2855 - accuracy: 0.1344 - val_loss: 2.2331 - val_accuracy: 0.2172 - 3s/epoch - 4ms/step
Epoch 14/100
782/782 - 3s - loss: 2.2816 - accuracy: 0.1347 - val_loss: 2.2237 - val_accuracy: 0.2205 - 3s/epoch - 4ms/step
Epoch 15/100
782/782 - 3s - loss: 2.2724 - accuracy: 0.1400 - val_loss: 2.2135 - val_accuracy: 0.2231 - 3s/epoch - 4ms/step
Epoch 16/100
782/782 - 3s - loss: 2.2641 - accuracy: 0.1448 - val_loss: 2.2023 - val_accuracy: 0.2249 - 3s/epoch - 4ms/step
Epoch 17/100
782/782 - 3s - loss: 2.2559 - accuracy: 0.1457 - val_loss: 2.1908 - val_accuracy: 0.2252 - 3s/epoch - 4ms/step
Epoch 18/100
782/782 - 3s - loss: 2.2481 - accuracy: 0.1510 - val_loss: 2.1790 - val_accuracy: 0.2243 - 3s/epoch - 4ms/step
Epoch 19/100
782/782 - 3s - loss: 2.2387 - accuracy: 0.1554 - val_loss: 2.1671 - val_accuracy: 0.2231 - 3s/epoch - 4ms/step
Epoch 20/100
782/782 - 3s - loss: 2.2253 - accuracy: 0.1627 - val_loss: 2.1551 - val_accuracy: 0.2220 - 3s/epoch - 4ms/step
Epoch 21/100
782/782 - 3s - loss: 2.2209 - accuracy: 0.1647 - val_loss: 2.1438 - val_accuracy: 0.2208 - 3s/epoch - 4ms/step
Epoch 22/100
782/782 - 3s - loss: 2.2140 - accuracy: 0.1651 - val_loss: 2.1329 - val_accuracy: 0.2187 - 3s/epoch - 4ms/step
Epoch 23/100
782/782 - 3s - loss: 2.2068 - accuracy: 0.1672 - val_loss: 2.1226 - val_accuracy: 0.2188 - 3s/epoch - 4ms/step
Epoch 24/100
782/782 - 3s - loss: 2.1973 - accuracy: 0.1718 - val_loss: 2.1130 - val_accuracy: 0.2179 - 3s/epoch - 4ms/step
Epoch 25/100
782/782 - 3s - loss: 2.1928 - accuracy: 0.1721 - val_loss: 2.1041 - val_accuracy: 0.2177 - 3s/epoch - 4ms/step
Epoch 26/100
782/782 - 3s - loss: 2.1828 - accuracy: 0.1749 - val_loss: 2.0954 - val_accuracy: 0.2172 - 3s/epoch - 4ms/step
Epoch 27/100
782/782 - 3s - loss: 2.1783 - accuracy: 0.1769 - val_loss: 2.0877 - val_accuracy: 0.2173 - 3s/epoch - 4ms/step
Epoch 28/100
782/782 - 3s - loss: 2.1750 - accuracy: 0.1765 - val_loss: 2.0805 - val_accuracy: 0.2189 - 3s/epoch - 4ms/step
Epoch 29/100
782/782 - 3s - loss: 2.1655 - accuracy: 0.1846 - val_loss: 2.0736 - val_accuracy: 0.2190 - 3s/epoch - 4ms/step
Epoch 30/100
782/782 - 3s - loss: 2.1624 - accuracy: 0.1814 - val_loss: 2.0672 - val_accuracy: 0.2187 - 3s/epoch - 4ms/step
Epoch 31/100
782/782 - 3s - loss: 2.1572 - accuracy: 0.1835 - val_loss: 2.0612 - val_accuracy: 0.2195 - 3s/epoch - 4ms/step
Epoch 32/100
782/782 - 3s - loss: 2.1569 - accuracy: 0.1839 - val_loss: 2.0557 - val_accuracy: 0.2212 - 3s/epoch - 4ms/step
Epoch 33/100
782/782 - 3s - loss: 2.1529 - accuracy: 0.1849 - val_loss: 2.0502 - val_accuracy: 0.2216 - 3s/epoch - 4ms/step
Epoch 34/100
782/782 - 3s - loss: 2.1465 - accuracy: 0.1828 - val_loss: 2.0447 - val_accuracy: 0.2245 - 3s/epoch - 4ms/step
Epoch 35/100
782/782 - 3s - loss: 2.1424 - accuracy: 0.1881 - val_loss: 2.0392 - val_accuracy: 0.2267 - 3s/epoch - 4ms/step
Epoch 36/100
782/782 - 3s - loss: 2.1365 - accuracy: 0.1900 - val_loss: 2.0338 - val_accuracy: 0.2289 - 3s/epoch - 4ms/step
Epoch 37/100
782/782 - 3s - loss: 2.1344 - accuracy: 0.1914 - val_loss: 2.0285 - val_accuracy: 0.2315 - 3s/epoch - 4ms/step
Epoch 38/100
782/782 - 3s - loss: 2.1316 - accuracy: 0.1921 - val_loss: 2.0231 - val_accuracy: 0.2354 - 3s/epoch - 4ms/step
Epoch 39/100
782/782 - 3s - loss: 2.1262 - accuracy: 0.1950 - val_loss: 2.0177 - val_accuracy: 0.2368 - 3s/epoch - 4ms/step
Epoch 40/100
782/782 - 3s - loss: 2.1236 - accuracy: 0.1946 - val_loss: 2.0122 - val_accuracy: 0.2414 - 3s/epoch - 4ms/step
Epoch 41/100
782/782 - 3s - loss: 2.1209 - accuracy: 0.1937 - val_loss: 2.0068 - val_accuracy: 0.2442 - 3s/epoch - 4ms/step
Epoch 42/100
782/782 - 3s - loss: 2.1165 - accuracy: 0.1976 - val_loss: 2.0013 - val_accuracy: 0.2488 - 3s/epoch - 4ms/step
Epoch 43/100
782/782 - 3s - loss: 2.1111 - accuracy: 0.1983 - val_loss: 1.9958 - val_accuracy: 0.2500 - 3s/epoch - 4ms/step
Epoch 44/100
782/782 - 3s - loss: 2.1091 - accuracy: 0.2008 - val_loss: 1.9904 - val_accuracy: 0.2520 - 3s/epoch - 4ms/step
Epoch 45/100
782/782 - 3s - loss: 2.0997 - accuracy: 0.2055 - val_loss: 1.9847 - val_accuracy: 0.2530 - 3s/epoch - 4ms/step
Epoch 46/100
782/782 - 3s - loss: 2.0981 - accuracy: 0.2051 - val_loss: 1.9792 - val_accuracy: 0.2552 - 3s/epoch - 4ms/step
Epoch 47/100
782/782 - 3s - loss: 2.0945 - accuracy: 0.2088 - val_loss: 1.9735 - val_accuracy: 0.2600 - 3s/epoch - 4ms/step
Epoch 48/100
782/782 - 3s - loss: 2.0872 - accuracy: 0.2077 - val_loss: 1.9679 - val_accuracy: 0.2604 - 3s/epoch - 4ms/step
Epoch 49/100
782/782 - 3s - loss: 2.0870 - accuracy: 0.2077 - val_loss: 1.9625 - val_accuracy: 0.2616 - 3s/epoch - 4ms/step
Epoch 50/100
782/782 - 3s - loss: 2.0819 - accuracy: 0.2102 - val_loss: 1.9571 - val_accuracy: 0.2637 - 3s/epoch - 4ms/step
Epoch 51/100
782/782 - 3s - loss: 2.0801 - accuracy: 0.2102 - val_loss: 1.9518 - val_accuracy: 0.2649 - 3s/epoch - 4ms/step
Epoch 52/100
782/782 - 3s - loss: 2.0765 - accuracy: 0.2133 - val_loss: 1.9465 - val_accuracy: 0.2679 - 3s/epoch - 4ms/step
Epoch 53/100
782/782 - 3s - loss: 2.0735 - accuracy: 0.2132 - val_loss: 1.9414 - val_accuracy: 0.2699 - 3s/epoch - 4ms/step
Epoch 54/100
782/782 - 3s - loss: 2.0699 - accuracy: 0.2164 - val_loss: 1.9364 - val_accuracy: 0.2709 - 3s/epoch - 4ms/step
Epoch 55/100
782/782 - 3s - loss: 2.0624 - accuracy: 0.2182 - val_loss: 1.9313 - val_accuracy: 0.2722 - 3s/epoch - 4ms/step
Epoch 56/100
782/782 - 3s - loss: 2.0583 - accuracy: 0.2198 - val_loss: 1.9263 - val_accuracy: 0.2731 - 3s/epoch - 4ms/step
Epoch 57/100
782/782 - 3s - loss: 2.0560 - accuracy: 0.2192 - val_loss: 1.9216 - val_accuracy: 0.2740 - 3s/epoch - 4ms/step
Epoch 58/100
782/782 - 3s - loss: 2.0536 - accuracy: 0.2189 - val_loss: 1.9172 - val_accuracy: 0.2760 - 3s/epoch - 4ms/step
Epoch 59/100
782/782 - 3s - loss: 2.0466 - accuracy: 0.2227 - val_loss: 1.9127 - val_accuracy: 0.2749 - 3s/epoch - 4ms/step
Epoch 60/100
782/782 - 3s - loss: 2.0478 - accuracy: 0.2242 - val_loss: 1.9082 - val_accuracy: 0.2768 - 3s/epoch - 4ms/step
Epoch 61/100
782/782 - 3s - loss: 2.0418 - accuracy: 0.2239 - val_loss: 1.9040 - val_accuracy: 0.2782 - 3s/epoch - 4ms/step
Epoch 62/100
782/782 - 3s - loss: 2.0409 - accuracy: 0.2269 - val_loss: 1.9001 - val_accuracy: 0.2790 - 3s/epoch - 4ms/step
Epoch 63/100
782/782 - 3s - loss: 2.0354 - accuracy: 0.2281 - val_loss: 1.8962 - val_accuracy: 0.2802 - 3s/epoch - 4ms/step
Epoch 64/100
782/782 - 3s - loss: 2.0340 - accuracy: 0.2275 - val_loss: 1.8925 - val_accuracy: 0.2841 - 3s/epoch - 4ms/step
Epoch 65/100
782/782 - 3s - loss: 2.0309 - accuracy: 0.2270 - val_loss: 1.8887 - val_accuracy: 0.2858 - 3s/epoch - 4ms/step
Epoch 66/100
782/782 - 3s - loss: 2.0277 - accuracy: 0.2282 - val_loss: 1.8850 - val_accuracy: 0.2866 - 3s/epoch - 4ms/step
Epoch 67/100
782/782 - 3s - loss: 2.0243 - accuracy: 0.2316 - val_loss: 1.8818 - val_accuracy: 0.2836 - 3s/epoch - 4ms/step
Epoch 68/100
782/782 - 3s - loss: 2.0236 - accuracy: 0.2310 - val_loss: 1.8783 - val_accuracy: 0.2858 - 3s/epoch - 4ms/step
Epoch 69/100
782/782 - 3s - loss: 2.0168 - accuracy: 0.2323 - val_loss: 1.8752 - val_accuracy: 0.2889 - 3s/epoch - 4ms/step
Epoch 70/100
782/782 - 3s - loss: 2.0197 - accuracy: 0.2302 - val_loss: 1.8725 - val_accuracy: 0.2873 - 3s/epoch - 4ms/step
Epoch 71/100
782/782 - 3s - loss: 2.0167 - accuracy: 0.2311 - val_loss: 1.8693 - val_accuracy: 0.2893 - 3s/epoch - 4ms/step
Epoch 72/100
782/782 - 3s - loss: 2.0151 - accuracy: 0.2336 - val_loss: 1.8666 - val_accuracy: 0.2900 - 3s/epoch - 4ms/step
Epoch 73/100
782/782 - 3s - loss: 2.0107 - accuracy: 0.2364 - val_loss: 1.8636 - val_accuracy: 0.2920 - 3s/epoch - 4ms/step
Epoch 74/100
782/782 - 3s - loss: 2.0114 - accuracy: 0.2341 - val_loss: 1.8610 - val_accuracy: 0.2933 - 3s/epoch - 4ms/step
Epoch 75/100
782/782 - 3s - loss: 2.0109 - accuracy: 0.2362 - val_loss: 1.8587 - val_accuracy: 0.2960 - 3s/epoch - 4ms/step
Epoch 76/100
782/782 - 3s - loss: 2.0051 - accuracy: 0.2362 - val_loss: 1.8561 - val_accuracy: 0.2957 - 3s/epoch - 4ms/step
Epoch 77/100
782/782 - 3s - loss: 2.0083 - accuracy: 0.2330 - val_loss: 1.8536 - val_accuracy: 0.2954 - 3s/epoch - 4ms/step
Epoch 78/100
782/782 - 3s - loss: 1.9954 - accuracy: 0.2378 - val_loss: 1.8512 - val_accuracy: 0.2976 - 3s/epoch - 4ms/step
Epoch 79/100
782/782 - 3s - loss: 2.0049 - accuracy: 0.2362 - val_loss: 1.8490 - val_accuracy: 0.2993 - 3s/epoch - 4ms/step
Epoch 80/100
782/782 - 3s - loss: 1.9977 - accuracy: 0.2402 - val_loss: 1.8469 - val_accuracy: 0.2991 - 3s/epoch - 4ms/step
Epoch 81/100
782/782 - 3s - loss: 1.9968 - accuracy: 0.2374 - val_loss: 1.8448 - val_accuracy: 0.3004 - 3s/epoch - 4ms/step
Epoch 82/100
782/782 - 3s - loss: 1.9954 - accuracy: 0.2364 - val_loss: 1.8428 - val_accuracy: 0.3013 - 3s/epoch - 4ms/step
Epoch 83/100
782/782 - 3s - loss: 1.9964 - accuracy: 0.2374 - val_loss: 1.8407 - val_accuracy: 0.3022 - 3s/epoch - 4ms/step
Epoch 84/100
782/782 - 3s - loss: 1.9917 - accuracy: 0.2387 - val_loss: 1.8389 - val_accuracy: 0.3028 - 3s/epoch - 4ms/step
Epoch 85/100
782/782 - 3s - loss: 1.9904 - accuracy: 0.2414 - val_loss: 1.8370 - val_accuracy: 0.3050 - 3s/epoch - 4ms/step
Epoch 86/100
782/782 - 3s - loss: 1.9872 - accuracy: 0.2395 - val_loss: 1.8350 - val_accuracy: 0.3043 - 3s/epoch - 4ms/step
Epoch 87/100
782/782 - 3s - loss: 1.9881 - accuracy: 0.2402 - val_loss: 1.8333 - val_accuracy: 0.3060 - 3s/epoch - 4ms/step
Epoch 88/100
782/782 - 3s - loss: 1.9878 - accuracy: 0.2388 - val_loss: 1.8315 - val_accuracy: 0.3072 - 3s/epoch - 4ms/step
Epoch 89/100
782/782 - 3s - loss: 1.9826 - accuracy: 0.2412 - val_loss: 1.8295 - val_accuracy: 0.3068 - 3s/epoch - 4ms/step
Epoch 90/100
782/782 - 3s - loss: 1.9873 - accuracy: 0.2397 - val_loss: 1.8279 - val_accuracy: 0.3088 - 3s/epoch - 4ms/step
Epoch 91/100
782/782 - 3s - loss: 1.9829 - accuracy: 0.2402 - val_loss: 1.8261 - val_accuracy: 0.3090 - 3s/epoch - 4ms/step
Epoch 92/100
782/782 - 3s - loss: 1.9857 - accuracy: 0.2410 - val_loss: 1.8246 - val_accuracy: 0.3074 - 3s/epoch - 4ms/step
Epoch 93/100
782/782 - 3s - loss: 1.9784 - accuracy: 0.2381 - val_loss: 1.8228 - val_accuracy: 0.3091 - 3s/epoch - 4ms/step
Epoch 94/100
782/782 - 3s - loss: 1.9755 - accuracy: 0.2435 - val_loss: 1.8214 - val_accuracy: 0.3103 - 3s/epoch - 4ms/step
Epoch 95/100
782/782 - 3s - loss: 1.9754 - accuracy: 0.2457 - val_loss: 1.8198 - val_accuracy: 0.3099 - 3s/epoch - 4ms/step
Epoch 96/100
782/782 - 3s - loss: 1.9742 - accuracy: 0.2429 - val_loss: 1.8180 - val_accuracy: 0.3106 - 3s/epoch - 4ms/step
Epoch 97/100
782/782 - 3s - loss: 1.9722 - accuracy: 0.2447 - val_loss: 1.8169 - val_accuracy: 0.3132 - 3s/epoch - 4ms/step
Epoch 98/100
782/782 - 3s - loss: 1.9714 - accuracy: 0.2465 - val_loss: 1.8153 - val_accuracy: 0.3119 - 3s/epoch - 4ms/step
Epoch 99/100
782/782 - 3s - loss: 1.9703 - accuracy: 0.2465 - val_loss: 1.8135 - val_accuracy: 0.3135 - 3s/epoch - 4ms/step
Epoch 100/100
782/782 - 3s - loss: 1.9687 - accuracy: 0.2460 - val_loss: 1.8122 - val_accuracy: 0.3140 - 3s/epoch - 4ms/step
313/313 - 1s - loss: 1.8122 - accuracy: 0.3140 - 745ms/epoch - 2ms/step

ACCURACY: 0.3140000104904175


SCORE: -0.5033936313432922

[92m | MODULE VALUES ---------------------------------------------  |
 [0m
FLOPS: 8203188
PARAMS: 329962.0
[92m 
 | -----------------------------------------------------------  |
 [0m

--- BANANAS ITERATION 6 / 1000 ---
Chosen point: {'num_neurons': 16, 'unit_c1': 2, 'unit_c2': 7, 'dr_f': 0.44585835524894957, 'learning_rate': 0.0005142145819619887, 'batch_size': 8, 'optimizer': 'Adamax', 'activation': 'swish', 'data_augmentation': True, 'reg_l2': True, 'skip_connection': True, 'new_fc_1': 14, 'new_fc_2': 23, 'new_fc_3': 3, 'new_fc_4': 17, 'new_fc_5': 24, 'new_fc_6': 23, 'new_fc_7': 5, 'new_fc_8': 2, 'new_fc_9': 18, 'new_fc_10': 18}
[94m
|  --> START TRAINING ITERATION 5[0m
[INFO] Flags -> DA: True, L2: True, Skip: True
Building model with input_shape=(32, 32, 3), pos_input_shape=None, layer_x_block=2
Model: "model"
__________________________________________________________________________________________________
 Layer (type)                Output Shape                 Param #   Connected to                  
==================================================================================================
 input_2 (InputLayer)        [(None, 32, 32, 3)]          0         []                            
                                                                                                  
 conv2d (Conv2D)             (None, 32, 32, 32)           896       ['input_2[0][0]']             
                                                                                                  
 activation (Activation)     (None, 32, 32, 32)           0         ['conv2d[1][0]']              
                                                                                                  
 conv2d_2 (Conv2D)           (None, 32, 32, 32)           128       ['input_2[0][0]']             
                                                                                                  
 conv2d_1 (Conv2D)           (None, 32, 32, 32)           9248      ['activation[1][0]']          
                                                                                                  
 add (Add)                   (None, 32, 32, 32)           0         ['conv2d_2[1][0]',            
                                                                     'conv2d_1[1][0]']            
                                                                                                  
 activation_1 (Activation)   (None, 32, 32, 32)           0         ['add[1][0]']                 
                                                                                                  
 max_pooling2d (MaxPooling2  (None, 16, 16, 32)           0         ['activation_1[1][0]']        
 D)                                                                                               
                                                                                                  
 conv2d_3 (Conv2D)           (None, 16, 16, 112)          32368     ['max_pooling2d[1][0]']       
                                                                                                  
 activation_2 (Activation)   (None, 16, 16, 112)          0         ['conv2d_3[1][0]']            
                                                                                                  
 conv2d_5 (Conv2D)           (None, 16, 16, 112)          3696      ['max_pooling2d[1][0]']       
                                                                                                  
 conv2d_4 (Conv2D)           (None, 16, 16, 112)          113008    ['activation_2[1][0]']        
                                                                                                  
 add_1 (Add)                 (None, 16, 16, 112)          0         ['conv2d_5[1][0]',            
                                                                     'conv2d_4[1][0]']            
                                                                                                  
 activation_3 (Activation)   (None, 16, 16, 112)          0         ['add_1[1][0]']               
                                                                                                  
 max_pooling2d_1 (MaxPoolin  (None, 8, 8, 112)            0         ['activation_3[1][0]']        
 g2D)                                                                                             
                                                                                                  
 flatten (Flatten)           (None, 7168)                 0         ['max_pooling2d_1[1][0]']     
                                                                                                  
 dense (Dense)               (None, 224)                  1605856   ['flatten[1][0]']             
                                                                                                  
 activation_4 (Activation)   (None, 224)                  0         ['dense[1][0]']               
                                                                                                  
 dropout (Dropout)           (None, 224)                  0         ['activation_4[1][0]']        
                                                                                                  
 dense_1 (Dense)             (None, 368)                  82800     ['dropout[1][0]']             
                                                                                                  
 activation_5 (Activation)   (None, 368)                  0         ['dense_1[1][0]']             
                                                                                                  
 dropout_1 (Dropout)         (None, 368)                  0         ['activation_5[1][0]']        
                                                                                                  
 dense_2 (Dense)             (None, 48)                   17712     ['dropout_1[1][0]']           
                                                                                                  
 activation_6 (Activation)   (None, 48)                   0         ['dense_2[1][0]']             
                                                                                                  
 dropout_2 (Dropout)         (None, 48)                   0         ['activation_6[1][0]']        
                                                                                                  
 dense_3 (Dense)             (None, 272)                  13328     ['dropout_2[1][0]']           
                                                                                                  
 activation_7 (Activation)   (None, 272)                  0         ['dense_3[1][0]']             
                                                                                                  
 dropout_3 (Dropout)         (None, 272)                  0         ['activation_7[1][0]']        
                                                                                                  
 dense_4 (Dense)             (None, 384)                  104832    ['dropout_3[1][0]']           
                                                                                                  
 activation_8 (Activation)   (None, 384)                  0         ['dense_4[1][0]']             
                                                                                                  
 dropout_4 (Dropout)         (None, 384)                  0         ['activation_8[1][0]']        
                                                                                                  
 dense_5 (Dense)             (None, 368)                  141680    ['dropout_4[1][0]']           
                                                                                                  
 activation_9 (Activation)   (None, 368)                  0         ['dense_5[1][0]']             
                                                                                                  
 dropout_5 (Dropout)         (None, 368)                  0         ['activation_9[1][0]']        
                                                                                                  
 dense_6 (Dense)             (None, 80)                   29520     ['dropout_5[1][0]']           
                                                                                                  
 activation_10 (Activation)  (None, 80)                   0         ['dense_6[1][0]']             
                                                                                                  
 dropout_6 (Dropout)         (None, 80)                   0         ['activation_10[1][0]']       
                                                                                                  
 dense_7 (Dense)             (None, 32)                   2592      ['dropout_6[1][0]']           
                                                                                                  
 activation_11 (Activation)  (None, 32)                   0         ['dense_7[1][0]']             
                                                                                                  
 dropout_7 (Dropout)         (None, 32)                   0         ['activation_11[1][0]']       
                                                                                                  
 dense_8 (Dense)             (None, 288)                  9504      ['dropout_7[1][0]']           
                                                                                                  
 activation_12 (Activation)  (None, 288)                  0         ['dense_8[1][0]']             
                                                                                                  
 dropout_8 (Dropout)         (None, 288)                  0         ['activation_12[1][0]']       
                                                                                                  
 dense_9 (Dense)             (None, 288)                  83232     ['dropout_8[1][0]']           
                                                                                                  
 activation_13 (Activation)  (None, 288)                  0         ['dense_9[1][0]']             
                                                                                                  
 dropout_9 (Dropout)         (None, 288)                  0         ['activation_13[1][0]']       
                                                                                                  
 dense_10 (Dense)            (None, 10)                   2890      ['dropout_9[1][0]']           
                                                                                                  
==================================================================================================
Total params: 2253290 (8.60 MB)
Trainable params: 2253290 (8.60 MB)
Non-trainable params: 0 (0.00 Byte)
__________________________________________________________________________________________________
Epoch 1/100
6250/6250 - 30s - loss: 2.5240 - accuracy: 0.0973 - val_loss: 2.3026 - val_accuracy: 0.1000 - 30s/epoch - 5ms/step
Epoch 2/100
6250/6250 - 27s - loss: 2.3027 - accuracy: 0.0982 - val_loss: 2.3026 - val_accuracy: 0.1000 - 27s/epoch - 4ms/step
Epoch 3/100
6250/6250 - 27s - loss: 2.3027 - accuracy: 0.0951 - val_loss: 2.3026 - val_accuracy: 0.1000 - 27s/epoch - 4ms/step
Epoch 4/100
6250/6250 - 27s - loss: 2.3027 - accuracy: 0.0947 - val_loss: 2.3026 - val_accuracy: 0.1000 - 27s/epoch - 4ms/step
Epoch 5/100
6250/6250 - 27s - loss: 2.3027 - accuracy: 0.0977 - val_loss: 2.3026 - val_accuracy: 0.1000 - 27s/epoch - 4ms/step
Epoch 6/100
6250/6250 - 27s - loss: 2.3027 - accuracy: 0.0984 - val_loss: 2.3026 - val_accuracy: 0.1000 - 27s/epoch - 4ms/step
Epoch 7/100
6250/6250 - 27s - loss: 2.3027 - accuracy: 0.0959 - val_loss: 2.3026 - val_accuracy: 0.1000 - 27s/epoch - 4ms/step
Epoch 8/100
6250/6250 - 27s - loss: 2.3027 - accuracy: 0.0977 - val_loss: 2.3026 - val_accuracy: 0.1000 - 27s/epoch - 4ms/step
Epoch 9/100
6250/6250 - 27s - loss: 2.3027 - accuracy: 0.0987 - val_loss: 2.3027 - val_accuracy: 0.1000 - 27s/epoch - 4ms/step
Epoch 10/100
6250/6250 - 27s - loss: 2.3027 - accuracy: 0.0973 - val_loss: 2.3026 - val_accuracy: 0.1000 - 27s/epoch - 4ms/step
Epoch 11/100
6250/6250 - 27s - loss: 2.3027 - accuracy: 0.0980 - val_loss: 2.3026 - val_accuracy: 0.1000 - 27s/epoch - 4ms/step
Epoch 12/100
6250/6250 - 27s - loss: 2.3027 - accuracy: 0.0984 - val_loss: 2.3026 - val_accuracy: 0.1000 - 27s/epoch - 4ms/step
Epoch 13/100
6250/6250 - 27s - loss: 2.3027 - accuracy: 0.0983 - val_loss: 2.3027 - val_accuracy: 0.1000 - 27s/epoch - 4ms/step
Epoch 14/100
6250/6250 - 27s - loss: 2.3027 - accuracy: 0.0976 - val_loss: 2.3026 - val_accuracy: 0.1000 - 27s/epoch - 4ms/step
Epoch 15/100
6250/6250 - 27s - loss: 2.3027 - accuracy: 0.0969 - val_loss: 2.3026 - val_accuracy: 0.1000 - 27s/epoch - 4ms/step
Epoch 16/100
6250/6250 - 27s - loss: 2.3027 - accuracy: 0.0983 - val_loss: 2.3027 - val_accuracy: 0.1000 - 27s/epoch - 4ms/step
Epoch 17/100
6250/6250 - 27s - loss: 2.3027 - accuracy: 0.0973 - val_loss: 2.3027 - val_accuracy: 0.1000 - 27s/epoch - 4ms/step
Epoch 18/100
6250/6250 - 27s - loss: 2.3027 - accuracy: 0.0969 - val_loss: 2.3026 - val_accuracy: 0.1000 - 27s/epoch - 4ms/step
Epoch 19/100
6250/6250 - 27s - loss: 2.3027 - accuracy: 0.0968 - val_loss: 2.3026 - val_accuracy: 0.1000 - 27s/epoch - 4ms/step
Epoch 20/100
6250/6250 - 27s - loss: 2.3027 - accuracy: 0.0976 - val_loss: 2.3027 - val_accuracy: 0.1000 - 27s/epoch - 4ms/step
Epoch 21/100
6250/6250 - 27s - loss: 2.3027 - accuracy: 0.0979 - val_loss: 2.3027 - val_accuracy: 0.1000 - 27s/epoch - 4ms/step
Epoch 22/100
6250/6250 - 27s - loss: 2.3027 - accuracy: 0.0975 - val_loss: 2.3027 - val_accuracy: 0.1000 - 27s/epoch - 4ms/step
Epoch 23/100
6250/6250 - 27s - loss: 2.3027 - accuracy: 0.0976 - val_loss: 2.3026 - val_accuracy: 0.1000 - 27s/epoch - 4ms/step
Epoch 24/100
6250/6250 - 27s - loss: 2.3027 - accuracy: 0.0988 - val_loss: 2.3026 - val_accuracy: 0.1000 - 27s/epoch - 4ms/step
Epoch 25/100
6250/6250 - 26s - loss: 2.3027 - accuracy: 0.0986 - val_loss: 2.3026 - val_accuracy: 0.1000 - 26s/epoch - 4ms/step
Epoch 26/100
6250/6250 - 27s - loss: 2.3027 - accuracy: 0.0972 - val_loss: 2.3026 - val_accuracy: 0.1000 - 27s/epoch - 4ms/step
Epoch 27/100
6250/6250 - 27s - loss: 2.3027 - accuracy: 0.0984 - val_loss: 2.3026 - val_accuracy: 0.1000 - 27s/epoch - 4ms/step
Epoch 28/100
6250/6250 - 27s - loss: 2.3027 - accuracy: 0.0987 - val_loss: 2.3026 - val_accuracy: 0.1000 - 27s/epoch - 4ms/step
Epoch 29/100
6250/6250 - 27s - loss: 2.3027 - accuracy: 0.0977 - val_loss: 2.3026 - val_accuracy: 0.1000 - 27s/epoch - 4ms/step
Epoch 30/100
6250/6250 - 27s - loss: 2.3027 - accuracy: 0.0976 - val_loss: 2.3026 - val_accuracy: 0.1000 - 27s/epoch - 4ms/step
Epoch 31/100
Restoring model weights from the end of the best epoch: 1.
6250/6250 - 28s - loss: 2.3027 - accuracy: 0.0984 - val_loss: 2.3026 - val_accuracy: 0.1000 - 28s/epoch - 4ms/step
Epoch 31: early stopping
313/313 - 1s - loss: 2.3026 - accuracy: 0.1000 - 1s/epoch - 4ms/step

ACCURACY: 0.10000000149011612


SCORE: -0.1665269530430813

[92m | MODULE VALUES ---------------------------------------------  |
 [0m
FLOPS: 101736524
PARAMS: 2253290.0
[92m 
 | -----------------------------------------------------------  |
 [0m

--- BANANAS ITERATION 7 / 1000 ---
Chosen point: {'num_neurons': 16, 'unit_c1': 3, 'unit_c2': 8, 'dr_f': 0.16906196685363736, 'learning_rate': 0.0006071328843518188, 'batch_size': 32, 'optimizer': 'SGD', 'activation': 'elu', 'data_augmentation': True, 'reg_l2': True, 'skip_connection': False, 'new_fc_1': 25, 'new_fc_2': 27, 'new_fc_3': 3, 'new_fc_4': 14, 'new_fc_5': 21, 'new_fc_6': 23, 'new_fc_7': 23, 'new_fc_8': 4, 'new_fc_9': 5, 'new_fc_10': 9}
[94m
|  --> START TRAINING ITERATION 6[0m
[INFO] Flags -> DA: True, L2: True, Skip: False
Building model with input_shape=(32, 32, 3), pos_input_shape=None, layer_x_block=2
Model: "model"
_________________________________________________________________
 Layer (type)                Output Shape              Param #   
=================================================================
 input_2 (InputLayer)        [(None, 32, 32, 3)]       0         
                                                                 
 conv2d (Conv2D)             (None, 32, 32, 48)        1344      
                                                                 
 activation (Activation)     (None, 32, 32, 48)        0         
                                                                 
 conv2d_1 (Conv2D)           (None, 32, 32, 48)        20784     
                                                                 
 activation_1 (Activation)   (None, 32, 32, 48)        0         
                                                                 
 max_pooling2d (MaxPooling2  (None, 16, 16, 48)        0         
 D)                                                              
                                                                 
 conv2d_2 (Conv2D)           (None, 16, 16, 128)       55424     
                                                                 
 activation_2 (Activation)   (None, 16, 16, 128)       0         
                                                                 
 conv2d_3 (Conv2D)           (None, 16, 16, 128)       147584    
                                                                 
 activation_3 (Activation)   (None, 16, 16, 128)       0         
                                                                 
 max_pooling2d_1 (MaxPoolin  (None, 8, 8, 128)         0         
 g2D)                                                            
                                                                 
 flatten (Flatten)           (None, 8192)              0         
                                                                 
 dense (Dense)               (None, 400)               3277200   
                                                                 
 activation_4 (Activation)   (None, 400)               0         
                                                                 
 dropout (Dropout)           (None, 400)               0         
                                                                 
 dense_1 (Dense)             (None, 432)               173232    
                                                                 
 activation_5 (Activation)   (None, 432)               0         
                                                                 
 dropout_1 (Dropout)         (None, 432)               0         
                                                                 
 dense_2 (Dense)             (None, 48)                20784     
                                                                 
 activation_6 (Activation)   (None, 48)                0         
                                                                 
 dropout_2 (Dropout)         (None, 48)                0         
                                                                 
 dense_3 (Dense)             (None, 224)               10976     
                                                                 
 activation_7 (Activation)   (None, 224)               0         
                                                                 
 dropout_3 (Dropout)         (None, 224)               0         
                                                                 
 dense_4 (Dense)             (None, 336)               75600     
                                                                 
 activation_8 (Activation)   (None, 336)               0         
                                                                 
 dropout_4 (Dropout)         (None, 336)               0         
                                                                 
 dense_5 (Dense)             (None, 368)               124016    
                                                                 
 activation_9 (Activation)   (None, 368)               0         
                                                                 
 dropout_5 (Dropout)         (None, 368)               0         
                                                                 
 dense_6 (Dense)             (None, 368)               135792    
                                                                 
 activation_10 (Activation)  (None, 368)               0         
                                                                 
 dropout_6 (Dropout)         (None, 368)               0         
                                                                 
 dense_7 (Dense)             (None, 64)                23616     
                                                                 
 activation_11 (Activation)  (None, 64)                0         
                                                                 
 dropout_7 (Dropout)         (None, 64)                0         
                                                                 
 dense_8 (Dense)             (None, 80)                5200      
                                                                 
 activation_12 (Activation)  (None, 80)                0         
                                                                 
 dropout_8 (Dropout)         (None, 80)                0         
                                                                 
 dense_9 (Dense)             (None, 144)               11664     
                                                                 
 activation_13 (Activation)  (None, 144)               0         
                                                                 
 dropout_9 (Dropout)         (None, 144)               0         
                                                                 
 dense_10 (Dense)            (None, 10)                1450      
                                                                 
=================================================================
Total params: 4084666 (15.58 MB)
Trainable params: 4084666 (15.58 MB)
Non-trainable params: 0 (0.00 Byte)
_________________________________________________________________
[WARNING] Constraint Violated: FLOPs 156892956 > 150000000 or Params 4084666.0 > 15000000000

ACCURACY: 0.0


SCORE: 10000000000.0

[92m | MODULE VALUES ---------------------------------------------  |
 [0m
FLOPS: 156892956
PARAMS: 4084666.0
[92m 
 | -----------------------------------------------------------  |
 [0m

--- BANANAS ITERATION 8 / 1000 ---
Chosen point: {'num_neurons': 4, 'unit_c1': 2, 'unit_c2': 6, 'dr_f': 0.25271977185215955, 'learning_rate': 0.000558486335305282, 'batch_size': 16, 'optimizer': 'Adamax', 'activation': 'elu', 'data_augmentation': True, 'reg_l2': True, 'skip_connection': True, 'new_fc_1': 23, 'new_fc_2': 21, 'new_fc_3': 25, 'new_fc_4': 17, 'new_fc_5': 2, 'new_fc_6': 10, 'new_fc_7': 8, 'new_fc_8': 32, 'new_fc_9': 25, 'new_fc_10': 3}
[94m
|  --> START TRAINING ITERATION 7[0m
[INFO] Flags -> DA: True, L2: True, Skip: True
Building model with input_shape=(32, 32, 3), pos_input_shape=None, layer_x_block=2
Model: "model"
__________________________________________________________________________________________________
 Layer (type)                Output Shape                 Param #   Connected to                  
==================================================================================================
 input_2 (InputLayer)        [(None, 32, 32, 3)]          0         []                            
                                                                                                  
 conv2d (Conv2D)             (None, 32, 32, 8)            224       ['input_2[0][0]']             
                                                                                                  
 activation (Activation)     (None, 32, 32, 8)            0         ['conv2d[1][0]']              
                                                                                                  
 conv2d_2 (Conv2D)           (None, 32, 32, 8)            32        ['input_2[0][0]']             
                                                                                                  
 conv2d_1 (Conv2D)           (None, 32, 32, 8)            584       ['activation[1][0]']          
                                                                                                  
 add (Add)                   (None, 32, 32, 8)            0         ['conv2d_2[1][0]',            
                                                                     'conv2d_1[1][0]']            
                                                                                                  
 activation_1 (Activation)   (None, 32, 32, 8)            0         ['add[1][0]']                 
                                                                                                  
 max_pooling2d (MaxPooling2  (None, 16, 16, 8)            0         ['activation_1[1][0]']        
 D)                                                                                               
                                                                                                  
 conv2d_3 (Conv2D)           (None, 16, 16, 24)           1752      ['max_pooling2d[1][0]']       
                                                                                                  
 activation_2 (Activation)   (None, 16, 16, 24)           0         ['conv2d_3[1][0]']            
                                                                                                  
 conv2d_5 (Conv2D)           (None, 16, 16, 24)           216       ['max_pooling2d[1][0]']       
                                                                                                  
 conv2d_4 (Conv2D)           (None, 16, 16, 24)           5208      ['activation_2[1][0]']        
                                                                                                  
 add_1 (Add)                 (None, 16, 16, 24)           0         ['conv2d_5[1][0]',            
                                                                     'conv2d_4[1][0]']            
                                                                                                  
 activation_3 (Activation)   (None, 16, 16, 24)           0         ['add_1[1][0]']               
                                                                                                  
 max_pooling2d_1 (MaxPoolin  (None, 8, 8, 24)             0         ['activation_3[1][0]']        
 g2D)                                                                                             
                                                                                                  
 flatten (Flatten)           (None, 1536)                 0         ['max_pooling2d_1[1][0]']     
                                                                                                  
 dense (Dense)               (None, 92)                   141404    ['flatten[1][0]']             
                                                                                                  
 activation_4 (Activation)   (None, 92)                   0         ['dense[1][0]']               
                                                                                                  
 dropout (Dropout)           (None, 92)                   0         ['activation_4[1][0]']        
                                                                                                  
 dense_1 (Dense)             (None, 84)                   7812      ['dropout[1][0]']             
                                                                                                  
 activation_5 (Activation)   (None, 84)                   0         ['dense_1[1][0]']             
                                                                                                  
 dropout_1 (Dropout)         (None, 84)                   0         ['activation_5[1][0]']        
                                                                                                  
 dense_2 (Dense)             (None, 100)                  8500      ['dropout_1[1][0]']           
                                                                                                  
 activation_6 (Activation)   (None, 100)                  0         ['dense_2[1][0]']             
                                                                                                  
 dropout_2 (Dropout)         (None, 100)                  0         ['activation_6[1][0]']        
                                                                                                  
 dense_3 (Dense)             (None, 68)                   6868      ['dropout_2[1][0]']           
                                                                                                  
 activation_7 (Activation)   (None, 68)                   0         ['dense_3[1][0]']             
                                                                                                  
 dropout_3 (Dropout)         (None, 68)                   0         ['activation_7[1][0]']        
                                                                                                  
 dense_4 (Dense)             (None, 8)                    552       ['dropout_3[1][0]']           
                                                                                                  
 activation_8 (Activation)   (None, 8)                    0         ['dense_4[1][0]']             
                                                                                                  
 dropout_4 (Dropout)         (None, 8)                    0         ['activation_8[1][0]']        
                                                                                                  
 dense_5 (Dense)             (None, 40)                   360       ['dropout_4[1][0]']           
                                                                                                  
 activation_9 (Activation)   (None, 40)                   0         ['dense_5[1][0]']             
                                                                                                  
 dropout_5 (Dropout)         (None, 40)                   0         ['activation_9[1][0]']        
                                                                                                  
 dense_6 (Dense)             (None, 32)                   1312      ['dropout_5[1][0]']           
                                                                                                  
 activation_10 (Activation)  (None, 32)                   0         ['dense_6[1][0]']             
                                                                                                  
 dropout_6 (Dropout)         (None, 32)                   0         ['activation_10[1][0]']       
                                                                                                  
 dense_7 (Dense)             (None, 128)                  4224      ['dropout_6[1][0]']           
                                                                                                  
 activation_11 (Activation)  (None, 128)                  0         ['dense_7[1][0]']             
                                                                                                  
 dropout_7 (Dropout)         (None, 128)                  0         ['activation_11[1][0]']       
                                                                                                  
 dense_8 (Dense)             (None, 100)                  12900     ['dropout_7[1][0]']           
                                                                                                  
 activation_12 (Activation)  (None, 100)                  0         ['dense_8[1][0]']             
                                                                                                  
 dropout_8 (Dropout)         (None, 100)                  0         ['activation_12[1][0]']       
                                                                                                  
 dense_9 (Dense)             (None, 12)                   1212      ['dropout_8[1][0]']           
                                                                                                  
 activation_13 (Activation)  (None, 12)                   0         ['dense_9[1][0]']             
                                                                                                  
 dropout_9 (Dropout)         (None, 12)                   0         ['activation_13[1][0]']       
                                                                                                  
 dense_10 (Dense)            (None, 10)                   130       ['dropout_9[1][0]']           
                                                                                                  
==================================================================================================
Total params: 193290 (755.04 KB)
Trainable params: 193290 (755.04 KB)
Non-trainable params: 0 (0.00 Byte)
__________________________________________________________________________________________________
Epoch 1/100
3125/3125 - 14s - loss: 4.3159 - accuracy: 0.2187 - val_loss: 2.4363 - val_accuracy: 0.2993 - 14s/epoch - 4ms/step
Epoch 2/100
3125/3125 - 12s - loss: 2.3762 - accuracy: 0.2574 - val_loss: 2.2080 - val_accuracy: 0.2994 - 12s/epoch - 4ms/step
Epoch 3/100
3125/3125 - 12s - loss: 2.2458 - accuracy: 0.2738 - val_loss: 2.1603 - val_accuracy: 0.2967 - 12s/epoch - 4ms/step
Epoch 4/100
3125/3125 - 12s - loss: 2.1885 - accuracy: 0.2780 - val_loss: 2.1004 - val_accuracy: 0.3039 - 12s/epoch - 4ms/step
Epoch 5/100
3125/3125 - 12s - loss: 2.1552 - accuracy: 0.2846 - val_loss: 2.0893 - val_accuracy: 0.3102 - 12s/epoch - 4ms/step
Epoch 6/100
3125/3125 - 12s - loss: 2.1316 - accuracy: 0.2922 - val_loss: 2.0563 - val_accuracy: 0.3050 - 12s/epoch - 4ms/step
Epoch 7/100
3125/3125 - 12s - loss: 2.1139 - accuracy: 0.2932 - val_loss: 2.0459 - val_accuracy: 0.3113 - 12s/epoch - 4ms/step
Epoch 8/100
3125/3125 - 12s - loss: 2.0969 - accuracy: 0.2947 - val_loss: 2.0486 - val_accuracy: 0.3118 - 12s/epoch - 4ms/step
Epoch 9/100
3125/3125 - 12s - loss: 2.0850 - accuracy: 0.3016 - val_loss: 2.0263 - val_accuracy: 0.3138 - 12s/epoch - 4ms/step
Epoch 10/100
3125/3125 - 12s - loss: 2.0709 - accuracy: 0.3024 - val_loss: 2.0108 - val_accuracy: 0.3107 - 12s/epoch - 4ms/step
Epoch 11/100
3125/3125 - 12s - loss: 2.0618 - accuracy: 0.3055 - val_loss: 1.9968 - val_accuracy: 0.3224 - 12s/epoch - 4ms/step
Epoch 12/100
3125/3125 - 12s - loss: 2.0490 - accuracy: 0.3092 - val_loss: 1.9976 - val_accuracy: 0.3182 - 12s/epoch - 4ms/step
Epoch 13/100
3125/3125 - 12s - loss: 2.0418 - accuracy: 0.3157 - val_loss: 1.9826 - val_accuracy: 0.3228 - 12s/epoch - 4ms/step
Epoch 14/100
3125/3125 - 12s - loss: 2.0354 - accuracy: 0.3123 - val_loss: 1.9962 - val_accuracy: 0.3186 - 12s/epoch - 4ms/step
Epoch 15/100
3125/3125 - 12s - loss: 2.0286 - accuracy: 0.3165 - val_loss: 1.9735 - val_accuracy: 0.3220 - 12s/epoch - 4ms/step
Epoch 16/100
3125/3125 - 12s - loss: 2.0208 - accuracy: 0.3182 - val_loss: 1.9612 - val_accuracy: 0.3307 - 12s/epoch - 4ms/step
Epoch 17/100
3125/3125 - 12s - loss: 2.0150 - accuracy: 0.3203 - val_loss: 1.9477 - val_accuracy: 0.3370 - 12s/epoch - 4ms/step
Epoch 18/100
3125/3125 - 12s - loss: 2.0105 - accuracy: 0.3205 - val_loss: 1.9420 - val_accuracy: 0.3352 - 12s/epoch - 4ms/step
Epoch 19/100
3125/3125 - 12s - loss: 2.0049 - accuracy: 0.3239 - val_loss: 1.9520 - val_accuracy: 0.3349 - 12s/epoch - 4ms/step
Epoch 20/100
3125/3125 - 12s - loss: 2.0034 - accuracy: 0.3255 - val_loss: 1.9386 - val_accuracy: 0.3340 - 12s/epoch - 4ms/step
Epoch 21/100
3125/3125 - 12s - loss: 1.9990 - accuracy: 0.3218 - val_loss: 1.9323 - val_accuracy: 0.3383 - 12s/epoch - 4ms/step
Epoch 22/100
3125/3125 - 12s - loss: 1.9934 - accuracy: 0.3239 - val_loss: 1.9326 - val_accuracy: 0.3350 - 12s/epoch - 4ms/step
Epoch 23/100
3125/3125 - 11s - loss: 1.9935 - accuracy: 0.3200 - val_loss: 1.9256 - val_accuracy: 0.3382 - 11s/epoch - 4ms/step
Epoch 24/100
3125/3125 - 11s - loss: 1.9865 - accuracy: 0.3253 - val_loss: 1.9349 - val_accuracy: 0.3362 - 11s/epoch - 4ms/step
Epoch 25/100
3125/3125 - 11s - loss: 1.9835 - accuracy: 0.3247 - val_loss: 1.9234 - val_accuracy: 0.3436 - 11s/epoch - 4ms/step
Epoch 26/100
3125/3125 - 12s - loss: 1.9808 - accuracy: 0.3297 - val_loss: 1.9154 - val_accuracy: 0.3404 - 12s/epoch - 4ms/step
Epoch 27/100
3125/3125 - 12s - loss: 1.9796 - accuracy: 0.3281 - val_loss: 1.9124 - val_accuracy: 0.3428 - 12s/epoch - 4ms/step
Epoch 28/100
3125/3125 - 12s - loss: 1.9778 - accuracy: 0.3276 - val_loss: 1.9251 - val_accuracy: 0.3306 - 12s/epoch - 4ms/step
Epoch 29/100
3125/3125 - 12s - loss: 1.9747 - accuracy: 0.3322 - val_loss: 1.9072 - val_accuracy: 0.3443 - 12s/epoch - 4ms/step
Epoch 30/100
3125/3125 - 11s - loss: 1.9721 - accuracy: 0.3289 - val_loss: 1.9090 - val_accuracy: 0.3476 - 11s/epoch - 4ms/step
Epoch 31/100
3125/3125 - 10s - loss: 1.9701 - accuracy: 0.3268 - val_loss: 1.9011 - val_accuracy: 0.3428 - 10s/epoch - 3ms/step
Epoch 32/100
3125/3125 - 10s - loss: 1.9665 - accuracy: 0.3256 - val_loss: 1.9244 - val_accuracy: 0.3422 - 10s/epoch - 3ms/step
Epoch 33/100
3125/3125 - 11s - loss: 1.9635 - accuracy: 0.3256 - val_loss: 1.9020 - val_accuracy: 0.3457 - 11s/epoch - 4ms/step
Epoch 34/100
3125/3125 - 11s - loss: 1.9633 - accuracy: 0.3290 - val_loss: 1.9171 - val_accuracy: 0.3321 - 11s/epoch - 4ms/step
Epoch 35/100
3125/3125 - 11s - loss: 1.9619 - accuracy: 0.3291 - val_loss: 1.9022 - val_accuracy: 0.3378 - 11s/epoch - 4ms/step
Epoch 36/100
3125/3125 - 11s - loss: 1.9610 - accuracy: 0.3276 - val_loss: 1.8951 - val_accuracy: 0.3384 - 11s/epoch - 4ms/step
Epoch 37/100
3125/3125 - 11s - loss: 1.9598 - accuracy: 0.3295 - val_loss: 1.9089 - val_accuracy: 0.3417 - 11s/epoch - 4ms/step
Epoch 38/100
3125/3125 - 11s - loss: 1.9540 - accuracy: 0.3310 - val_loss: 1.8895 - val_accuracy: 0.3463 - 11s/epoch - 4ms/step
Epoch 39/100
3125/3125 - 11s - loss: 1.9512 - accuracy: 0.3298 - val_loss: 1.8978 - val_accuracy: 0.3533 - 11s/epoch - 4ms/step
Epoch 40/100
3125/3125 - 11s - loss: 1.9514 - accuracy: 0.3342 - val_loss: 1.8924 - val_accuracy: 0.3424 - 11s/epoch - 4ms/step
Epoch 41/100
3125/3125 - 11s - loss: 1.9521 - accuracy: 0.3320 - val_loss: 1.8883 - val_accuracy: 0.3543 - 11s/epoch - 4ms/step
Epoch 42/100
3125/3125 - 11s - loss: 1.9491 - accuracy: 0.3321 - val_loss: 1.8871 - val_accuracy: 0.3497 - 11s/epoch - 4ms/step
Epoch 43/100
3125/3125 - 11s - loss: 1.9498 - accuracy: 0.3325 - val_loss: 1.8800 - val_accuracy: 0.3397 - 11s/epoch - 4ms/step
Epoch 44/100
3125/3125 - 11s - loss: 1.9480 - accuracy: 0.3299 - val_loss: 1.8808 - val_accuracy: 0.3526 - 11s/epoch - 4ms/step
Epoch 45/100
3125/3125 - 11s - loss: 1.9460 - accuracy: 0.3310 - val_loss: 1.8842 - val_accuracy: 0.3528 - 11s/epoch - 4ms/step
Epoch 46/100
3125/3125 - 11s - loss: 1.9429 - accuracy: 0.3316 - val_loss: 1.8766 - val_accuracy: 0.3493 - 11s/epoch - 4ms/step
Epoch 47/100
3125/3125 - 11s - loss: 1.9397 - accuracy: 0.3310 - val_loss: 1.8721 - val_accuracy: 0.3542 - 11s/epoch - 4ms/step
Epoch 48/100
3125/3125 - 11s - loss: 1.9399 - accuracy: 0.3352 - val_loss: 1.8704 - val_accuracy: 0.3459 - 11s/epoch - 4ms/step
Epoch 49/100
3125/3125 - 11s - loss: 1.9377 - accuracy: 0.3348 - val_loss: 1.8868 - val_accuracy: 0.3413 - 11s/epoch - 4ms/step
Epoch 50/100
3125/3125 - 11s - loss: 1.9415 - accuracy: 0.3354 - val_loss: 1.8748 - val_accuracy: 0.3547 - 11s/epoch - 4ms/step
Epoch 51/100
3125/3125 - 11s - loss: 1.9390 - accuracy: 0.3340 - val_loss: 1.8747 - val_accuracy: 0.3469 - 11s/epoch - 4ms/step
Epoch 52/100
3125/3125 - 11s - loss: 1.9365 - accuracy: 0.3326 - val_loss: 1.8718 - val_accuracy: 0.3423 - 11s/epoch - 4ms/step
Epoch 53/100
3125/3125 - 11s - loss: 1.9359 - accuracy: 0.3350 - val_loss: 1.8758 - val_accuracy: 0.3492 - 11s/epoch - 3ms/step
Epoch 54/100
3125/3125 - 11s - loss: 1.9368 - accuracy: 0.3366 - val_loss: 1.8698 - val_accuracy: 0.3549 - 11s/epoch - 4ms/step
Epoch 55/100
3125/3125 - 11s - loss: 1.9345 - accuracy: 0.3334 - val_loss: 1.8865 - val_accuracy: 0.3497 - 11s/epoch - 4ms/step
Epoch 56/100
3125/3125 - 11s - loss: 1.9355 - accuracy: 0.3335 - val_loss: 1.8724 - val_accuracy: 0.3429 - 11s/epoch - 4ms/step
Epoch 57/100
3125/3125 - 11s - loss: 1.9337 - accuracy: 0.3332 - val_loss: 1.8631 - val_accuracy: 0.3565 - 11s/epoch - 4ms/step
Epoch 58/100
3125/3125 - 11s - loss: 1.9293 - accuracy: 0.3357 - val_loss: 1.8713 - val_accuracy: 0.3492 - 11s/epoch - 4ms/step
Epoch 59/100
3125/3125 - 11s - loss: 1.9305 - accuracy: 0.3373 - val_loss: 1.8761 - val_accuracy: 0.3549 - 11s/epoch - 4ms/step
Epoch 60/100
3125/3125 - 11s - loss: 1.9319 - accuracy: 0.3355 - val_loss: 1.8622 - val_accuracy: 0.3564 - 11s/epoch - 4ms/step
Epoch 61/100
3125/3125 - 11s - loss: 1.9246 - accuracy: 0.3400 - val_loss: 1.8621 - val_accuracy: 0.3547 - 11s/epoch - 4ms/step
Epoch 62/100
3125/3125 - 11s - loss: 1.9270 - accuracy: 0.3350 - val_loss: 1.8562 - val_accuracy: 0.3608 - 11s/epoch - 4ms/step
Epoch 63/100
3125/3125 - 11s - loss: 1.9250 - accuracy: 0.3378 - val_loss: 1.8672 - val_accuracy: 0.3527 - 11s/epoch - 4ms/step
Epoch 64/100
3125/3125 - 11s - loss: 1.9243 - accuracy: 0.3361 - val_loss: 1.8624 - val_accuracy: 0.3518 - 11s/epoch - 4ms/step
Epoch 65/100
3125/3125 - 11s - loss: 1.9215 - accuracy: 0.3362 - val_loss: 1.8596 - val_accuracy: 0.3568 - 11s/epoch - 4ms/step
Epoch 66/100
3125/3125 - 11s - loss: 1.9207 - accuracy: 0.3350 - val_loss: 1.8712 - val_accuracy: 0.3564 - 11s/epoch - 4ms/step
Epoch 67/100
3125/3125 - 11s - loss: 1.9205 - accuracy: 0.3391 - val_loss: 1.8652 - val_accuracy: 0.3520 - 11s/epoch - 4ms/step
Epoch 68/100
3125/3125 - 12s - loss: 1.9200 - accuracy: 0.3378 - val_loss: 1.8545 - val_accuracy: 0.3542 - 12s/epoch - 4ms/step
Epoch 69/100
3125/3125 - 11s - loss: 1.9209 - accuracy: 0.3388 - val_loss: 1.8568 - val_accuracy: 0.3539 - 11s/epoch - 4ms/step
Epoch 70/100
3125/3125 - 11s - loss: 1.9184 - accuracy: 0.3389 - val_loss: 1.8620 - val_accuracy: 0.3590 - 11s/epoch - 4ms/step
Epoch 71/100
3125/3125 - 11s - loss: 1.9185 - accuracy: 0.3385 - val_loss: 1.8560 - val_accuracy: 0.3576 - 11s/epoch - 4ms/step
Epoch 72/100
3125/3125 - 11s - loss: 1.9175 - accuracy: 0.3405 - val_loss: 1.8485 - val_accuracy: 0.3687 - 11s/epoch - 4ms/step
Epoch 73/100
3125/3125 - 11s - loss: 1.9174 - accuracy: 0.3377 - val_loss: 1.8623 - val_accuracy: 0.3575 - 11s/epoch - 4ms/step
Epoch 74/100
3125/3125 - 11s - loss: 1.9163 - accuracy: 0.3367 - val_loss: 1.8484 - val_accuracy: 0.3587 - 11s/epoch - 4ms/step
Epoch 75/100
3125/3125 - 11s - loss: 1.9145 - accuracy: 0.3384 - val_loss: 1.8426 - val_accuracy: 0.3622 - 11s/epoch - 4ms/step
Epoch 76/100
3125/3125 - 11s - loss: 1.9160 - accuracy: 0.3365 - val_loss: 1.8527 - val_accuracy: 0.3603 - 11s/epoch - 4ms/step
Epoch 77/100
3125/3125 - 11s - loss: 1.9151 - accuracy: 0.3357 - val_loss: 1.8514 - val_accuracy: 0.3582 - 11s/epoch - 4ms/step
Epoch 78/100
3125/3125 - 11s - loss: 1.9136 - accuracy: 0.3405 - val_loss: 1.8563 - val_accuracy: 0.3538 - 11s/epoch - 4ms/step
Epoch 79/100
3125/3125 - 11s - loss: 1.9130 - accuracy: 0.3401 - val_loss: 1.8478 - val_accuracy: 0.3757 - 11s/epoch - 4ms/step
Epoch 80/100
3125/3125 - 11s - loss: 1.9118 - accuracy: 0.3386 - val_loss: 1.8433 - val_accuracy: 0.3735 - 11s/epoch - 4ms/step
Epoch 81/100
3125/3125 - 11s - loss: 1.9146 - accuracy: 0.3382 - val_loss: 1.8485 - val_accuracy: 0.3622 - 11s/epoch - 4ms/step
Epoch 82/100
3125/3125 - 11s - loss: 1.9087 - accuracy: 0.3400 - val_loss: 1.8508 - val_accuracy: 0.3643 - 11s/epoch - 3ms/step
Epoch 83/100
3125/3125 - 10s - loss: 1.9094 - accuracy: 0.3425 - val_loss: 1.8473 - val_accuracy: 0.3602 - 10s/epoch - 3ms/step
Epoch 84/100
3125/3125 - 12s - loss: 1.9090 - accuracy: 0.3431 - val_loss: 1.8396 - val_accuracy: 0.3643 - 12s/epoch - 4ms/step
Epoch 85/100
3125/3125 - 11s - loss: 1.9086 - accuracy: 0.3373 - val_loss: 1.8454 - val_accuracy: 0.3706 - 11s/epoch - 4ms/step
Epoch 86/100
3125/3125 - 11s - loss: 1.9109 - accuracy: 0.3377 - val_loss: 1.8700 - val_accuracy: 0.3504 - 11s/epoch - 4ms/step
Epoch 87/100
3125/3125 - 11s - loss: 1.9087 - accuracy: 0.3446 - val_loss: 1.8423 - val_accuracy: 0.3557 - 11s/epoch - 4ms/step
Epoch 88/100
3125/3125 - 11s - loss: 1.9064 - accuracy: 0.3409 - val_loss: 1.8529 - val_accuracy: 0.3619 - 11s/epoch - 4ms/step
Epoch 89/100
3125/3125 - 11s - loss: 1.9054 - accuracy: 0.3397 - val_loss: 1.8424 - val_accuracy: 0.3649 - 11s/epoch - 4ms/step
Epoch 90/100
3125/3125 - 11s - loss: 1.9062 - accuracy: 0.3432 - val_loss: 1.8384 - val_accuracy: 0.3748 - 11s/epoch - 4ms/step
Epoch 91/100
3125/3125 - 12s - loss: 1.9059 - accuracy: 0.3403 - val_loss: 1.8474 - val_accuracy: 0.3628 - 12s/epoch - 4ms/step
Epoch 92/100
3125/3125 - 12s - loss: 1.9054 - accuracy: 0.3428 - val_loss: 1.8395 - val_accuracy: 0.3681 - 12s/epoch - 4ms/step
Epoch 93/100
3125/3125 - 12s - loss: 1.9042 - accuracy: 0.3431 - val_loss: 1.8403 - val_accuracy: 0.3691 - 12s/epoch - 4ms/step
Epoch 94/100
3125/3125 - 12s - loss: 1.9036 - accuracy: 0.3460 - val_loss: 1.8490 - val_accuracy: 0.3544 - 12s/epoch - 4ms/step
Epoch 95/100
3125/3125 - 12s - loss: 1.9043 - accuracy: 0.3449 - val_loss: 1.8256 - val_accuracy: 0.3814 - 12s/epoch - 4ms/step
Epoch 96/100
3125/3125 - 12s - loss: 1.9012 - accuracy: 0.3435 - val_loss: 1.8389 - val_accuracy: 0.3650 - 12s/epoch - 4ms/step
Epoch 97/100
3125/3125 - 12s - loss: 1.9007 - accuracy: 0.3443 - val_loss: 1.8348 - val_accuracy: 0.3795 - 12s/epoch - 4ms/step
Epoch 98/100
3125/3125 - 12s - loss: 1.8985 - accuracy: 0.3501 - val_loss: 1.8282 - val_accuracy: 0.3750 - 12s/epoch - 4ms/step
Epoch 99/100
3125/3125 - 12s - loss: 1.9039 - accuracy: 0.3407 - val_loss: 1.8381 - val_accuracy: 0.3690 - 12s/epoch - 4ms/step
Epoch 100/100
3125/3125 - 12s - loss: 1.8991 - accuracy: 0.3454 - val_loss: 1.8390 - val_accuracy: 0.3718 - 12s/epoch - 4ms/step
313/313 - 1s - loss: 1.8390 - accuracy: 0.3718 - 780ms/epoch - 2ms/step

ACCURACY: 0.3718000054359436


SCORE: -0.5487599638051606

[92m | MODULE VALUES ---------------------------------------------  |
 [0m
FLOPS: 5750020
PARAMS: 193290.0
[92m 
 | -----------------------------------------------------------  |
 [0m
[INFO] New Best Score: -0.5488 (Previous: -0.5410)

--- BANANAS ITERATION 9 / 1000 ---
Chosen point: {'num_neurons': 32, 'unit_c1': 4, 'unit_c2': 7, 'dr_f': 0.06990495670015427, 'learning_rate': 0.0006244039790752643, 'batch_size': 64, 'optimizer': 'Adamax', 'activation': 'swish', 'data_augmentation': True, 'reg_l2': True, 'skip_connection': True, 'new_fc_1': 28, 'new_fc_2': 19, 'new_fc_3': 17, 'new_fc_4': 14, 'new_fc_5': 14, 'new_fc_6': 23, 'new_fc_7': 28, 'new_fc_8': 16, 'new_fc_9': 24, 'new_fc_10': 15}
[94m
|  --> START TRAINING ITERATION 8[0m
[INFO] Flags -> DA: True, L2: True, Skip: True
Building model with input_shape=(32, 32, 3), pos_input_shape=None, layer_x_block=2
Model: "model"
__________________________________________________________________________________________________
 Layer (type)                Output Shape                 Param #   Connected to                  
==================================================================================================
 input_2 (InputLayer)        [(None, 32, 32, 3)]          0         []                            
                                                                                                  
 conv2d (Conv2D)             (None, 32, 32, 128)          3584      ['input_2[0][0]']             
                                                                                                  
 activation (Activation)     (None, 32, 32, 128)          0         ['conv2d[1][0]']              
                                                                                                  
 conv2d_2 (Conv2D)           (None, 32, 32, 128)          512       ['input_2[0][0]']             
                                                                                                  
 conv2d_1 (Conv2D)           (None, 32, 32, 128)          147584    ['activation[1][0]']          
                                                                                                  
 add (Add)                   (None, 32, 32, 128)          0         ['conv2d_2[1][0]',            
                                                                     'conv2d_1[1][0]']            
                                                                                                  
 activation_1 (Activation)   (None, 32, 32, 128)          0         ['add[1][0]']                 
                                                                                                  
 max_pooling2d (MaxPooling2  (None, 16, 16, 128)          0         ['activation_1[1][0]']        
 D)                                                                                               
                                                                                                  
 conv2d_3 (Conv2D)           (None, 16, 16, 224)          258272    ['max_pooling2d[1][0]']       
                                                                                                  
 activation_2 (Activation)   (None, 16, 16, 224)          0         ['conv2d_3[1][0]']            
                                                                                                  
 conv2d_5 (Conv2D)           (None, 16, 16, 224)          28896     ['max_pooling2d[1][0]']       
                                                                                                  
 conv2d_4 (Conv2D)           (None, 16, 16, 224)          451808    ['activation_2[1][0]']        
                                                                                                  
 add_1 (Add)                 (None, 16, 16, 224)          0         ['conv2d_5[1][0]',            
                                                                     'conv2d_4[1][0]']            
                                                                                                  
 activation_3 (Activation)   (None, 16, 16, 224)          0         ['add_1[1][0]']               
                                                                                                  
 max_pooling2d_1 (MaxPoolin  (None, 8, 8, 224)            0         ['activation_3[1][0]']        
 g2D)                                                                                             
                                                                                                  
 flatten (Flatten)           (None, 14336)                0         ['max_pooling2d_1[1][0]']     
                                                                                                  
 dense (Dense)               (None, 896)                  1284595   ['flatten[1][0]']             
                                                          2                                       
                                                                                                  
 activation_4 (Activation)   (None, 896)                  0         ['dense[1][0]']               
                                                                                                  
 dropout (Dropout)           (None, 896)                  0         ['activation_4[1][0]']        
                                                                                                  
 dense_1 (Dense)             (None, 608)                  545376    ['dropout[1][0]']             
                                                                                                  
 activation_5 (Activation)   (None, 608)                  0         ['dense_1[1][0]']             
                                                                                                  
 dropout_1 (Dropout)         (None, 608)                  0         ['activation_5[1][0]']        
                                                                                                  
 dense_2 (Dense)             (None, 544)                  331296    ['dropout_1[1][0]']           
                                                                                                  
 activation_6 (Activation)   (None, 544)                  0         ['dense_2[1][0]']             
                                                                                                  
 dropout_2 (Dropout)         (None, 544)                  0         ['activation_6[1][0]']        
                                                                                                  
 dense_3 (Dense)             (None, 448)                  244160    ['dropout_2[1][0]']           
                                                                                                  
 activation_7 (Activation)   (None, 448)                  0         ['dense_3[1][0]']             
                                                                                                  
 dropout_3 (Dropout)         (None, 448)                  0         ['activation_7[1][0]']        
                                                                                                  
 dense_4 (Dense)             (None, 448)                  201152    ['dropout_3[1][0]']           
                                                                                                  
 activation_8 (Activation)   (None, 448)                  0         ['dense_4[1][0]']             
                                                                                                  
 dropout_4 (Dropout)         (None, 448)                  0         ['activation_8[1][0]']        
                                                                                                  
 dense_5 (Dense)             (None, 736)                  330464    ['dropout_4[1][0]']           
                                                                                                  
 activation_9 (Activation)   (None, 736)                  0         ['dense_5[1][0]']             
                                                                                                  
 dropout_5 (Dropout)         (None, 736)                  0         ['activation_9[1][0]']        
                                                                                                  
 dense_6 (Dense)             (None, 896)                  660352    ['dropout_5[1][0]']           
                                                                                                  
 activation_10 (Activation)  (None, 896)                  0         ['dense_6[1][0]']             
                                                                                                  
 dropout_6 (Dropout)         (None, 896)                  0         ['activation_10[1][0]']       
                                                                                                  
 dense_7 (Dense)             (None, 512)                  459264    ['dropout_6[1][0]']           
                                                                                                  
 activation_11 (Activation)  (None, 512)                  0         ['dense_7[1][0]']             
                                                                                                  
 dropout_7 (Dropout)         (None, 512)                  0         ['activation_11[1][0]']       
                                                                                                  
 dense_8 (Dense)             (None, 768)                  393984    ['dropout_7[1][0]']           
                                                                                                  
 activation_12 (Activation)  (None, 768)                  0         ['dense_8[1][0]']             
                                                                                                  
 dropout_8 (Dropout)         (None, 768)                  0         ['activation_12[1][0]']       
                                                                                                  
 dense_9 (Dense)             (None, 480)                  369120    ['dropout_8[1][0]']           
                                                                                                  
 activation_13 (Activation)  (None, 480)                  0         ['dense_9[1][0]']             
                                                                                                  
 dropout_9 (Dropout)         (None, 480)                  0         ['activation_13[1][0]']       
                                                                                                  
 dense_10 (Dense)            (None, 10)                   4810      ['dropout_9[1][0]']           
                                                                                                  
==================================================================================================
Total params: 17276586 (65.90 MB)
Trainable params: 17276586 (65.90 MB)
Non-trainable params: 0 (0.00 Byte)
__________________________________________________________________________________________________
[WARNING] Constraint Violated: FLOPs 722339836 > 150000000 or Params 17276586.0 > 15000000000

ACCURACY: 0.0


SCORE: 10000000000.0

[92m | MODULE VALUES ---------------------------------------------  |
 [0m
FLOPS: 722339836
PARAMS: 17276586.0
[92m 
 | -----------------------------------------------------------  |
 [0m

--- BANANAS ITERATION 10 / 1000 ---
Chosen point: {'num_neurons': 64, 'unit_c1': 4, 'unit_c2': 7, 'dr_f': 0.33809718213415585, 'learning_rate': 0.0005164165432657221, 'batch_size': 32, 'optimizer': 'SGD', 'activation': 'elu', 'data_augmentation': False, 'reg_l2': True, 'skip_connection': True, 'new_fc_1': 1, 'new_fc_2': 17, 'new_fc_3': 22, 'new_fc_4': 25, 'new_fc_5': 10, 'new_fc_6': 0, 'new_fc_7': 19, 'new_fc_8': 30, 'new_fc_9': 7, 'new_fc_10': 23}
[94m
|  --> START TRAINING ITERATION 9[0m
[INFO] Flags -> DA: False, L2: True, Skip: True
Building model with input_shape=(32, 32, 3), pos_input_shape=None, layer_x_block=2
Model: "model"
__________________________________________________________________________________________________
 Layer (type)                Output Shape                 Param #   Connected to                  
==================================================================================================
 input_1 (InputLayer)        [(None, 32, 32, 3)]          0         []                            
                                                                                                  
 conv2d (Conv2D)             (None, 32, 32, 256)          7168      ['input_1[0][0]']             
                                                                                                  
 activation (Activation)     (None, 32, 32, 256)          0         ['conv2d[0][0]']              
                                                                                                  
 conv2d_2 (Conv2D)           (None, 32, 32, 256)          1024      ['input_1[0][0]']             
                                                                                                  
 conv2d_1 (Conv2D)           (None, 32, 32, 256)          590080    ['activation[0][0]']          
                                                                                                  
 add (Add)                   (None, 32, 32, 256)          0         ['conv2d_2[0][0]',            
                                                                     'conv2d_1[0][0]']            
                                                                                                  
 activation_1 (Activation)   (None, 32, 32, 256)          0         ['add[0][0]']                 
                                                                                                  
 max_pooling2d (MaxPooling2  (None, 16, 16, 256)          0         ['activation_1[0][0]']        
 D)                                                                                               
                                                                                                  
 conv2d_3 (Conv2D)           (None, 16, 16, 448)          1032640   ['max_pooling2d[0][0]']       
                                                                                                  
 activation_2 (Activation)   (None, 16, 16, 448)          0         ['conv2d_3[0][0]']            
                                                                                                  
 conv2d_5 (Conv2D)           (None, 16, 16, 448)          115136    ['max_pooling2d[0][0]']       
                                                                                                  
 conv2d_4 (Conv2D)           (None, 16, 16, 448)          1806784   ['activation_2[0][0]']        
                                                                                                  
 add_1 (Add)                 (None, 16, 16, 448)          0         ['conv2d_5[0][0]',            
                                                                     'conv2d_4[0][0]']            
                                                                                                  
 activation_3 (Activation)   (None, 16, 16, 448)          0         ['add_1[0][0]']               
                                                                                                  
 max_pooling2d_1 (MaxPoolin  (None, 8, 8, 448)            0         ['activation_3[0][0]']        
 g2D)                                                                                             
                                                                                                  
 flatten (Flatten)           (None, 28672)                0         ['max_pooling2d_1[0][0]']     
                                                                                                  
 dense (Dense)               (None, 64)                   1835072   ['flatten[0][0]']             
                                                                                                  
 activation_4 (Activation)   (None, 64)                   0         ['dense[0][0]']               
                                                                                                  
 dropout (Dropout)           (None, 64)                   0         ['activation_4[0][0]']        
                                                                                                  
 dense_1 (Dense)             (None, 1088)                 70720     ['dropout[0][0]']             
                                                                                                  
 activation_5 (Activation)   (None, 1088)                 0         ['dense_1[0][0]']             
                                                                                                  
 dropout_1 (Dropout)         (None, 1088)                 0         ['activation_5[0][0]']        
                                                                                                  
 dense_2 (Dense)             (None, 1408)                 1533312   ['dropout_1[0][0]']           
                                                                                                  
 activation_6 (Activation)   (None, 1408)                 0         ['dense_2[0][0]']             
                                                                                                  
 dropout_2 (Dropout)         (None, 1408)                 0         ['activation_6[0][0]']        
                                                                                                  
 dense_3 (Dense)             (None, 1600)                 2254400   ['dropout_2[0][0]']           
                                                                                                  
 activation_7 (Activation)   (None, 1600)                 0         ['dense_3[0][0]']             
                                                                                                  
 dropout_3 (Dropout)         (None, 1600)                 0         ['activation_7[0][0]']        
                                                                                                  
 dense_4 (Dense)             (None, 640)                  1024640   ['dropout_3[0][0]']           
                                                                                                  
 activation_8 (Activation)   (None, 640)                  0         ['dense_4[0][0]']             
                                                                                                  
 dropout_4 (Dropout)         (None, 640)                  0         ['activation_8[0][0]']        
                                                                                                  
 dense_5 (Dense)             (None, 1216)                 779456    ['dropout_4[0][0]']           
                                                                                                  
 activation_9 (Activation)   (None, 1216)                 0         ['dense_5[0][0]']             
                                                                                                  
 dropout_5 (Dropout)         (None, 1216)                 0         ['activation_9[0][0]']        
                                                                                                  
 dense_6 (Dense)             (None, 1920)                 2336640   ['dropout_5[0][0]']           
                                                                                                  
 activation_10 (Activation)  (None, 1920)                 0         ['dense_6[0][0]']             
                                                                                                  
 dropout_6 (Dropout)         (None, 1920)                 0         ['activation_10[0][0]']       
                                                                                                  
 dense_7 (Dense)             (None, 448)                  860608    ['dropout_6[0][0]']           
                                                                                                  
 activation_11 (Activation)  (None, 448)                  0         ['dense_7[0][0]']             
                                                                                                  
 dropout_7 (Dropout)         (None, 448)                  0         ['activation_11[0][0]']       
                                                                                                  
 dense_8 (Dense)             (None, 1472)                 660928    ['dropout_7[0][0]']           
                                                                                                  
 activation_12 (Activation)  (None, 1472)                 0         ['dense_8[0][0]']             
                                                                                                  
 dropout_8 (Dropout)         (None, 1472)                 0         ['activation_12[0][0]']       
                                                                                                  
 dense_9 (Dense)             (None, 10)                   14730     ['dropout_8[0][0]']           
                                                                                                  
==================================================================================================
Total params: 14923338 (56.93 MB)
Trainable params: 14923338 (56.93 MB)
Non-trainable params: 0 (0.00 Byte)
__________________________________________________________________________________________________
[WARNING] Constraint Violated: FLOPs 2760350140 > 150000000 or Params 14923338.0 > 15000000000

ACCURACY: 0.0


SCORE: 10000000000.0

[92m | MODULE VALUES ---------------------------------------------  |
 [0m
FLOPS: 2760350140
PARAMS: 14923338.0
[92m 
 | -----------------------------------------------------------  |
 [0m

--- BANANAS ITERATION 11 / 1000 ---
Chosen point: {'num_neurons': 16, 'unit_c1': 3, 'unit_c2': 6, 'dr_f': 0.45057057527079547, 'learning_rate': 0.00015559439890950794, 'batch_size': 16, 'optimizer': 'Adam', 'activation': 'selu', 'data_augmentation': False, 'reg_l2': False, 'skip_connection': False, 'new_fc_1': 17, 'new_fc_2': 8, 'new_fc_3': 9, 'new_fc_4': 12, 'new_fc_5': 6, 'new_fc_6': 5, 'new_fc_7': 18, 'new_fc_8': 24, 'new_fc_9': 9, 'new_fc_10': 21}
[94m
|  --> START TRAINING ITERATION 10[0m
[INFO] Flags -> DA: False, L2: False, Skip: False
Building model with input_shape=(32, 32, 3), pos_input_shape=None, layer_x_block=2
Model: "model"
_________________________________________________________________
 Layer (type)                Output Shape              Param #   
=================================================================
 input_1 (InputLayer)        [(None, 32, 32, 3)]       0         
                                                                 
 conv2d (Conv2D)             (None, 32, 32, 48)        1344      
                                                                 
 activation (Activation)     (None, 32, 32, 48)        0         
                                                                 
 conv2d_1 (Conv2D)           (None, 32, 32, 48)        20784     
                                                                 
 activation_1 (Activation)   (None, 32, 32, 48)        0         
                                                                 
 max_pooling2d (MaxPooling2  (None, 16, 16, 48)        0         
 D)                                                              
                                                                 
 conv2d_2 (Conv2D)           (None, 16, 16, 96)        41568     
                                                                 
 activation_2 (Activation)   (None, 16, 16, 96)        0         
                                                                 
 conv2d_3 (Conv2D)           (None, 16, 16, 96)        83040     
                                                                 
 activation_3 (Activation)   (None, 16, 16, 96)        0         
                                                                 
 max_pooling2d_1 (MaxPoolin  (None, 8, 8, 96)          0         
 g2D)                                                            
                                                                 
 flatten (Flatten)           (None, 6144)              0         
                                                                 
 dense (Dense)               (None, 272)               1671440   
                                                                 
 activation_4 (Activation)   (None, 272)               0         
                                                                 
 dropout (Dropout)           (None, 272)               0         
                                                                 
 dense_1 (Dense)             (None, 128)               34944     
                                                                 
 activation_5 (Activation)   (None, 128)               0         
                                                                 
 dropout_1 (Dropout)         (None, 128)               0         
                                                                 
 dense_2 (Dense)             (None, 144)               18576     
                                                                 
 activation_6 (Activation)   (None, 144)               0         
                                                                 
 dropout_2 (Dropout)         (None, 144)               0         
                                                                 
 dense_3 (Dense)             (None, 192)               27840     
                                                                 
 activation_7 (Activation)   (None, 192)               0         
                                                                 
 dropout_3 (Dropout)         (None, 192)               0         
                                                                 
 dense_4 (Dense)             (None, 96)                18528     
                                                                 
 activation_8 (Activation)   (None, 96)                0         
                                                                 
 dropout_4 (Dropout)         (None, 96)                0         
                                                                 
 dense_5 (Dense)             (None, 80)                7760      
                                                                 
 activation_9 (Activation)   (None, 80)                0         
                                                                 
 dropout_5 (Dropout)         (None, 80)                0         
                                                                 
 dense_6 (Dense)             (None, 288)               23328     
                                                                 
 activation_10 (Activation)  (None, 288)               0         
                                                                 
 dropout_6 (Dropout)         (None, 288)               0         
                                                                 
 dense_7 (Dense)             (None, 384)               110976    
                                                                 
 activation_11 (Activation)  (None, 384)               0         
                                                                 
 dropout_7 (Dropout)         (None, 384)               0         
                                                                 
 dense_8 (Dense)             (None, 144)               55440     
                                                                 
 activation_12 (Activation)  (None, 144)               0         
                                                                 
 dropout_8 (Dropout)         (None, 144)               0         
                                                                 
 dense_9 (Dense)             (None, 336)               48720     
                                                                 
 activation_13 (Activation)  (None, 336)               0         
                                                                 
 dropout_9 (Dropout)         (None, 336)               0         
                                                                 
 dense_10 (Dense)            (None, 10)                3370      
                                                                 
=================================================================
Total params: 2167658 (8.27 MB)
Trainable params: 2167658 (8.27 MB)
Non-trainable params: 0 (0.00 Byte)
_________________________________________________________________
Epoch 1/100
3125/3125 - 14s - loss: 3.7395 - accuracy: 0.1001 - val_loss: 2.3440 - val_accuracy: 0.1000 - 14s/epoch - 5ms/step
Epoch 2/100
3125/3125 - 16s - loss: 2.6490 - accuracy: 0.1008 - val_loss: 2.3067 - val_accuracy: 0.1001 - 16s/epoch - 5ms/step
Epoch 3/100
3125/3125 - 12s - loss: 2.3889 - accuracy: 0.1250 - val_loss: 2.2510 - val_accuracy: 0.1711 - 12s/epoch - 4ms/step
Epoch 4/100
3125/3125 - 12s - loss: 2.0844 - accuracy: 0.1809 - val_loss: 1.9871 - val_accuracy: 0.1847 - 12s/epoch - 4ms/step
Epoch 5/100
3125/3125 - 12s - loss: 1.9470 - accuracy: 0.2134 - val_loss: 1.8404 - val_accuracy: 0.2479 - 12s/epoch - 4ms/step
Epoch 6/100
3125/3125 - 12s - loss: 1.8332 - accuracy: 0.2577 - val_loss: 1.7282 - val_accuracy: 0.2759 - 12s/epoch - 4ms/step
Epoch 7/100
3125/3125 - 12s - loss: 1.7528 - accuracy: 0.2859 - val_loss: 1.6677 - val_accuracy: 0.3053 - 12s/epoch - 4ms/step
Epoch 8/100
3125/3125 - 13s - loss: 1.6989 - accuracy: 0.3080 - val_loss: 1.6774 - val_accuracy: 0.3033 - 13s/epoch - 4ms/step
Epoch 9/100
3125/3125 - 12s - loss: 1.6518 - accuracy: 0.3294 - val_loss: 1.6647 - val_accuracy: 0.3142 - 12s/epoch - 4ms/step
Epoch 10/100
3125/3125 - 12s - loss: 1.6154 - accuracy: 0.3518 - val_loss: 1.5761 - val_accuracy: 0.3622 - 12s/epoch - 4ms/step
Epoch 11/100
3125/3125 - 12s - loss: 1.5544 - accuracy: 0.3889 - val_loss: 1.4716 - val_accuracy: 0.4340 - 12s/epoch - 4ms/step
Epoch 12/100
3125/3125 - 12s - loss: 1.4856 - accuracy: 0.4213 - val_loss: 1.4755 - val_accuracy: 0.4146 - 12s/epoch - 4ms/step
Epoch 13/100
3125/3125 - 12s - loss: 1.4249 - accuracy: 0.4602 - val_loss: 1.4647 - val_accuracy: 0.4039 - 12s/epoch - 4ms/step
Epoch 14/100
3125/3125 - 12s - loss: 1.3618 - accuracy: 0.4937 - val_loss: 1.2635 - val_accuracy: 0.5243 - 12s/epoch - 4ms/step
Epoch 15/100
3125/3125 - 12s - loss: 1.3142 - accuracy: 0.5185 - val_loss: 1.2794 - val_accuracy: 0.5246 - 12s/epoch - 4ms/step
Epoch 16/100
3125/3125 - 12s - loss: 1.2647 - accuracy: 0.5425 - val_loss: 1.2129 - val_accuracy: 0.5603 - 12s/epoch - 4ms/step
Epoch 17/100
3125/3125 - 12s - loss: 1.2304 - accuracy: 0.5619 - val_loss: 1.1787 - val_accuracy: 0.6001 - 12s/epoch - 4ms/step
Epoch 18/100
3125/3125 - 12s - loss: 1.1955 - accuracy: 0.5762 - val_loss: 1.2534 - val_accuracy: 0.5842 - 12s/epoch - 4ms/step
Epoch 19/100
3125/3125 - 12s - loss: 1.1636 - accuracy: 0.5902 - val_loss: 1.1726 - val_accuracy: 0.5967 - 12s/epoch - 4ms/step
Epoch 20/100
3125/3125 - 12s - loss: 1.1223 - accuracy: 0.6147 - val_loss: 1.1518 - val_accuracy: 0.6253 - 12s/epoch - 4ms/step
Epoch 21/100
3125/3125 - 12s - loss: 1.0961 - accuracy: 0.6232 - val_loss: 1.1572 - val_accuracy: 0.6251 - 12s/epoch - 4ms/step
Epoch 22/100
3125/3125 - 12s - loss: 1.0705 - accuracy: 0.6388 - val_loss: 1.2462 - val_accuracy: 0.5760 - 12s/epoch - 4ms/step
Epoch 23/100
3125/3125 - 12s - loss: 1.0456 - accuracy: 0.6459 - val_loss: 1.1307 - val_accuracy: 0.6350 - 12s/epoch - 4ms/step
Epoch 24/100
3125/3125 - 12s - loss: 1.0040 - accuracy: 0.6628 - val_loss: 1.1954 - val_accuracy: 0.6112 - 12s/epoch - 4ms/step
Epoch 25/100
3125/3125 - 12s - loss: 0.9916 - accuracy: 0.6696 - val_loss: 1.0708 - val_accuracy: 0.6622 - 12s/epoch - 4ms/step
Epoch 26/100
3125/3125 - 12s - loss: 0.9610 - accuracy: 0.6810 - val_loss: 1.0675 - val_accuracy: 0.6440 - 12s/epoch - 4ms/step
Epoch 27/100
3125/3125 - 12s - loss: 0.9429 - accuracy: 0.6896 - val_loss: 1.0974 - val_accuracy: 0.6570 - 12s/epoch - 4ms/step
Epoch 28/100
3125/3125 - 12s - loss: 0.9194 - accuracy: 0.6984 - val_loss: 1.0639 - val_accuracy: 0.6677 - 12s/epoch - 4ms/step
Epoch 29/100
3125/3125 - 12s - loss: 0.9061 - accuracy: 0.7012 - val_loss: 1.0382 - val_accuracy: 0.6836 - 12s/epoch - 4ms/step
Epoch 30/100
3125/3125 - 12s - loss: 0.8736 - accuracy: 0.7122 - val_loss: 1.0408 - val_accuracy: 0.6725 - 12s/epoch - 4ms/step
Epoch 31/100
3125/3125 - 12s - loss: 0.8608 - accuracy: 0.7143 - val_loss: 1.0129 - val_accuracy: 0.6924 - 12s/epoch - 4ms/step
Epoch 32/100
3125/3125 - 12s - loss: 0.8387 - accuracy: 0.7239 - val_loss: 1.0305 - val_accuracy: 0.6722 - 12s/epoch - 4ms/step
Epoch 33/100
3125/3125 - 12s - loss: 0.8177 - accuracy: 0.7321 - val_loss: 0.9918 - val_accuracy: 0.6890 - 12s/epoch - 4ms/step
Epoch 34/100
3125/3125 - 12s - loss: 0.8091 - accuracy: 0.7327 - val_loss: 1.0196 - val_accuracy: 0.6781 - 12s/epoch - 4ms/step
Epoch 35/100
3125/3125 - 12s - loss: 0.7987 - accuracy: 0.7391 - val_loss: 0.9872 - val_accuracy: 0.6962 - 12s/epoch - 4ms/step
Epoch 36/100
3125/3125 - 12s - loss: 0.7695 - accuracy: 0.7462 - val_loss: 1.0146 - val_accuracy: 0.6868 - 12s/epoch - 4ms/step
Epoch 37/100
3125/3125 - 12s - loss: 0.7470 - accuracy: 0.7530 - val_loss: 1.0037 - val_accuracy: 0.6946 - 12s/epoch - 4ms/step
Epoch 38/100
3125/3125 - 12s - loss: 0.7449 - accuracy: 0.7526 - val_loss: 1.0637 - val_accuracy: 0.6882 - 12s/epoch - 4ms/step
Epoch 39/100
3125/3125 - 12s - loss: 0.7445 - accuracy: 0.7544 - val_loss: 1.0077 - val_accuracy: 0.6824 - 12s/epoch - 4ms/step
Epoch 40/100
3125/3125 - 12s - loss: 0.7139 - accuracy: 0.7615 - val_loss: 1.0048 - val_accuracy: 0.6975 - 12s/epoch - 4ms/step
Epoch 41/100
3125/3125 - 12s - loss: 0.7053 - accuracy: 0.7649 - val_loss: 1.0075 - val_accuracy: 0.6988 - 12s/epoch - 4ms/step
Epoch 42/100
3125/3125 - 12s - loss: 0.6954 - accuracy: 0.7701 - val_loss: 1.0762 - val_accuracy: 0.6724 - 12s/epoch - 4ms/step
Epoch 43/100
3125/3125 - 12s - loss: 0.6700 - accuracy: 0.7772 - val_loss: 1.0119 - val_accuracy: 0.6990 - 12s/epoch - 4ms/step
Epoch 44/100
3125/3125 - 12s - loss: 0.6601 - accuracy: 0.7810 - val_loss: 1.0021 - val_accuracy: 0.6993 - 12s/epoch - 4ms/step
Epoch 45/100
3125/3125 - 12s - loss: 0.6484 - accuracy: 0.7828 - val_loss: 1.0007 - val_accuracy: 0.6991 - 12s/epoch - 4ms/step
Epoch 46/100
3125/3125 - 12s - loss: 0.6472 - accuracy: 0.7845 - val_loss: 1.0291 - val_accuracy: 0.6929 - 12s/epoch - 4ms/step
Epoch 47/100
3125/3125 - 12s - loss: 0.6332 - accuracy: 0.7924 - val_loss: 1.0035 - val_accuracy: 0.7108 - 12s/epoch - 4ms/step
Epoch 48/100
3125/3125 - 12s - loss: 0.6201 - accuracy: 0.7929 - val_loss: 0.9944 - val_accuracy: 0.7036 - 12s/epoch - 4ms/step
Epoch 49/100
3125/3125 - 12s - loss: 0.6242 - accuracy: 0.7950 - val_loss: 1.1458 - val_accuracy: 0.6757 - 12s/epoch - 4ms/step
Epoch 50/100
3125/3125 - 12s - loss: 0.6066 - accuracy: 0.7991 - val_loss: 0.9821 - val_accuracy: 0.7212 - 12s/epoch - 4ms/step
Epoch 51/100
3125/3125 - 12s - loss: 0.5986 - accuracy: 0.8014 - val_loss: 1.0002 - val_accuracy: 0.7122 - 12s/epoch - 4ms/step
Epoch 52/100
3125/3125 - 12s - loss: 0.5821 - accuracy: 0.8094 - val_loss: 0.9996 - val_accuracy: 0.7008 - 12s/epoch - 4ms/step
Epoch 53/100
3125/3125 - 12s - loss: 0.5775 - accuracy: 0.8107 - val_loss: 0.9814 - val_accuracy: 0.7230 - 12s/epoch - 4ms/step
Epoch 54/100
3125/3125 - 12s - loss: 0.5718 - accuracy: 0.8175 - val_loss: 1.0128 - val_accuracy: 0.7086 - 12s/epoch - 4ms/step
Epoch 55/100
3125/3125 - 12s - loss: 0.5673 - accuracy: 0.8178 - val_loss: 0.9695 - val_accuracy: 0.7199 - 12s/epoch - 4ms/step
Epoch 56/100
3125/3125 - 12s - loss: 0.5480 - accuracy: 0.8260 - val_loss: 0.9960 - val_accuracy: 0.7269 - 12s/epoch - 4ms/step
Epoch 57/100
3125/3125 - 12s - loss: 0.5455 - accuracy: 0.8266 - val_loss: 1.0017 - val_accuracy: 0.7135 - 12s/epoch - 4ms/step
Epoch 58/100
3125/3125 - 12s - loss: 0.5266 - accuracy: 0.8313 - val_loss: 1.0245 - val_accuracy: 0.7177 - 12s/epoch - 4ms/step
Epoch 59/100
3125/3125 - 12s - loss: 0.5285 - accuracy: 0.8343 - val_loss: 1.0231 - val_accuracy: 0.7307 - 12s/epoch - 4ms/step
Epoch 60/100
3125/3125 - 12s - loss: 0.5145 - accuracy: 0.8383 - val_loss: 1.0043 - val_accuracy: 0.7299 - 12s/epoch - 4ms/step
Epoch 61/100
3125/3125 - 12s - loss: 0.5049 - accuracy: 0.8398 - val_loss: 0.9591 - val_accuracy: 0.7384 - 12s/epoch - 4ms/step
Epoch 62/100
3125/3125 - 12s - loss: 0.5052 - accuracy: 0.8466 - val_loss: 1.0049 - val_accuracy: 0.7306 - 12s/epoch - 4ms/step
Epoch 63/100
3125/3125 - 12s - loss: 0.4920 - accuracy: 0.8478 - val_loss: 1.0113 - val_accuracy: 0.7258 - 12s/epoch - 4ms/step
Epoch 64/100
3125/3125 - 12s - loss: 0.4908 - accuracy: 0.8503 - val_loss: 0.9678 - val_accuracy: 0.7351 - 12s/epoch - 4ms/step
Epoch 65/100
3125/3125 - 12s - loss: 0.4811 - accuracy: 0.8536 - val_loss: 1.0060 - val_accuracy: 0.7376 - 12s/epoch - 4ms/step
Epoch 66/100
3125/3125 - 12s - loss: 0.4912 - accuracy: 0.8544 - val_loss: 0.9778 - val_accuracy: 0.7399 - 12s/epoch - 4ms/step
Epoch 67/100
3125/3125 - 12s - loss: 0.4730 - accuracy: 0.8564 - val_loss: 0.9669 - val_accuracy: 0.7416 - 12s/epoch - 4ms/step
Epoch 68/100
3125/3125 - 12s - loss: 0.4677 - accuracy: 0.8609 - val_loss: 0.9573 - val_accuracy: 0.7401 - 12s/epoch - 4ms/step
Epoch 69/100
3125/3125 - 12s - loss: 0.4596 - accuracy: 0.8608 - val_loss: 0.9664 - val_accuracy: 0.7359 - 12s/epoch - 4ms/step
Epoch 70/100
3125/3125 - 12s - loss: 0.4516 - accuracy: 0.8650 - val_loss: 0.9588 - val_accuracy: 0.7434 - 12s/epoch - 4ms/step
Epoch 71/100
3125/3125 - 12s - loss: 0.4411 - accuracy: 0.8681 - val_loss: 0.9941 - val_accuracy: 0.7429 - 12s/epoch - 4ms/step
Epoch 72/100
3125/3125 - 12s - loss: 0.4440 - accuracy: 0.8688 - val_loss: 0.9960 - val_accuracy: 0.7381 - 12s/epoch - 4ms/step
Epoch 73/100
3125/3125 - 12s - loss: 0.4443 - accuracy: 0.8682 - val_loss: 1.0164 - val_accuracy: 0.7353 - 12s/epoch - 4ms/step
Epoch 74/100
3125/3125 - 12s - loss: 0.4257 - accuracy: 0.8752 - val_loss: 0.9985 - val_accuracy: 0.7403 - 12s/epoch - 4ms/step
Epoch 75/100
3125/3125 - 12s - loss: 0.4184 - accuracy: 0.8772 - val_loss: 1.0325 - val_accuracy: 0.7415 - 12s/epoch - 4ms/step
Epoch 76/100
3125/3125 - 12s - loss: 0.4284 - accuracy: 0.8765 - val_loss: 1.0071 - val_accuracy: 0.7366 - 12s/epoch - 4ms/step
Epoch 77/100
3125/3125 - 12s - loss: 0.4260 - accuracy: 0.8796 - val_loss: 1.0614 - val_accuracy: 0.7116 - 12s/epoch - 4ms/step
Epoch 78/100
3125/3125 - 12s - loss: 0.4116 - accuracy: 0.8814 - val_loss: 1.0477 - val_accuracy: 0.7287 - 12s/epoch - 4ms/step
Epoch 79/100
3125/3125 - 12s - loss: 0.3908 - accuracy: 0.8866 - val_loss: 1.0257 - val_accuracy: 0.7394 - 12s/epoch - 4ms/step
Epoch 80/100
3125/3125 - 12s - loss: 0.4047 - accuracy: 0.8825 - val_loss: 0.9890 - val_accuracy: 0.7413 - 12s/epoch - 4ms/step
Epoch 81/100
3125/3125 - 12s - loss: 0.3811 - accuracy: 0.8896 - val_loss: 0.9939 - val_accuracy: 0.7435 - 12s/epoch - 4ms/step
Epoch 82/100
3125/3125 - 12s - loss: 0.3854 - accuracy: 0.8892 - val_loss: 1.0092 - val_accuracy: 0.7403 - 12s/epoch - 4ms/step
Epoch 83/100
3125/3125 - 12s - loss: 0.3880 - accuracy: 0.8899 - val_loss: 1.0177 - val_accuracy: 0.7414 - 12s/epoch - 4ms/step
Epoch 84/100
3125/3125 - 12s - loss: 0.3902 - accuracy: 0.8890 - val_loss: 1.0516 - val_accuracy: 0.7319 - 12s/epoch - 4ms/step
Epoch 85/100
3125/3125 - 12s - loss: 0.3868 - accuracy: 0.8892 - val_loss: 0.9805 - val_accuracy: 0.7354 - 12s/epoch - 4ms/step
Epoch 86/100
3125/3125 - 12s - loss: 0.3732 - accuracy: 0.8951 - val_loss: 1.0341 - val_accuracy: 0.7423 - 12s/epoch - 4ms/step
Epoch 87/100
3125/3125 - 12s - loss: 0.3660 - accuracy: 0.8963 - val_loss: 1.0866 - val_accuracy: 0.7326 - 12s/epoch - 4ms/step
Epoch 88/100
3125/3125 - 12s - loss: 0.3741 - accuracy: 0.8970 - val_loss: 1.0949 - val_accuracy: 0.7330 - 12s/epoch - 4ms/step
Epoch 89/100
3125/3125 - 12s - loss: 0.3780 - accuracy: 0.8943 - val_loss: 1.0649 - val_accuracy: 0.7333 - 12s/epoch - 4ms/step
Epoch 90/100
3125/3125 - 12s - loss: 0.3625 - accuracy: 0.8973 - val_loss: 1.0503 - val_accuracy: 0.7401 - 12s/epoch - 4ms/step
Epoch 91/100
3125/3125 - 12s - loss: 0.3432 - accuracy: 0.9030 - val_loss: 0.9988 - val_accuracy: 0.7430 - 12s/epoch - 4ms/step
Epoch 92/100
3125/3125 - 12s - loss: 0.3621 - accuracy: 0.8991 - val_loss: 1.0379 - val_accuracy: 0.7287 - 12s/epoch - 4ms/step
Epoch 93/100
3125/3125 - 12s - loss: 0.3422 - accuracy: 0.9038 - val_loss: 1.0425 - val_accuracy: 0.7421 - 12s/epoch - 4ms/step
Epoch 94/100
3125/3125 - 12s - loss: 0.3354 - accuracy: 0.9081 - val_loss: 1.0293 - val_accuracy: 0.7484 - 12s/epoch - 4ms/step
Epoch 95/100
3125/3125 - 12s - loss: 0.3346 - accuracy: 0.9082 - val_loss: 1.0513 - val_accuracy: 0.7454 - 12s/epoch - 4ms/step
Epoch 96/100
3125/3125 - 12s - loss: 0.3655 - accuracy: 0.9054 - val_loss: 1.0140 - val_accuracy: 0.7446 - 12s/epoch - 4ms/step
Epoch 97/100
3125/3125 - 12s - loss: 0.3458 - accuracy: 0.9054 - val_loss: 1.0063 - val_accuracy: 0.7321 - 12s/epoch - 4ms/step
Epoch 98/100
3125/3125 - 12s - loss: 0.3287 - accuracy: 0.9100 - val_loss: 1.0620 - val_accuracy: 0.7404 - 12s/epoch - 4ms/step
Epoch 99/100
3125/3125 - 12s - loss: 0.3469 - accuracy: 0.9094 - val_loss: 1.0616 - val_accuracy: 0.7359 - 12s/epoch - 4ms/step
Epoch 100/100
3125/3125 - 12s - loss: 0.3280 - accuracy: 0.9118 - val_loss: 1.0110 - val_accuracy: 0.7473 - 12s/epoch - 4ms/step
313/313 - 1s - loss: 1.0110 - accuracy: 0.7473 - 962ms/epoch - 3ms/step

ACCURACY: 0.7473000288009644


SCORE: -0.5969429561606749

[92m | MODULE VALUES ---------------------------------------------  |
 [0m
FLOPS: 113083532
PARAMS: 2167658.0
[92m 
 | -----------------------------------------------------------  |
 [0m
[INFO] New Best Score: -0.5969 (Previous: -0.5488)

--- BANANAS ITERATION 12 / 1000 ---
Chosen point: {'num_neurons': 16, 'unit_c1': 4, 'unit_c2': 4, 'dr_f': 0.4107729404890449, 'learning_rate': 0.0007152141507433899, 'batch_size': 16, 'optimizer': 'Adamax', 'activation': 'selu', 'data_augmentation': False, 'reg_l2': False, 'skip_connection': False, 'new_fc_1': 17, 'new_fc_2': 26, 'new_fc_3': 24, 'new_fc_4': 12, 'new_fc_5': 19, 'new_fc_6': 31, 'new_fc_7': 28, 'new_fc_8': 31, 'new_fc_9': 28, 'new_fc_10': 16}
[94m
|  --> START TRAINING ITERATION 11[0m
[INFO] Flags -> DA: False, L2: False, Skip: False
Building model with input_shape=(32, 32, 3), pos_input_shape=None, layer_x_block=2
Model: "model"
_________________________________________________________________
 Layer (type)                Output Shape              Param #   
=================================================================
 input_1 (InputLayer)        [(None, 32, 32, 3)]       0         
                                                                 
 conv2d (Conv2D)             (None, 32, 32, 64)        1792      
                                                                 
 activation (Activation)     (None, 32, 32, 64)        0         
                                                                 
 conv2d_1 (Conv2D)           (None, 32, 32, 64)        36928     
                                                                 
 activation_1 (Activation)   (None, 32, 32, 64)        0         
                                                                 
 max_pooling2d (MaxPooling2  (None, 16, 16, 64)        0         
 D)                                                              
                                                                 
 conv2d_2 (Conv2D)           (None, 16, 16, 64)        36928     
                                                                 
 activation_2 (Activation)   (None, 16, 16, 64)        0         
                                                                 
 conv2d_3 (Conv2D)           (None, 16, 16, 64)        36928     
                                                                 
 activation_3 (Activation)   (None, 16, 16, 64)        0         
                                                                 
 max_pooling2d_1 (MaxPoolin  (None, 8, 8, 64)          0         
 g2D)                                                            
                                                                 
 flatten (Flatten)           (None, 4096)              0         
                                                                 
 dense (Dense)               (None, 272)               1114384   
                                                                 
 activation_4 (Activation)   (None, 272)               0         
                                                                 
 dropout (Dropout)           (None, 272)               0         
                                                                 
 dense_1 (Dense)             (None, 416)               113568    
                                                                 
 activation_5 (Activation)   (None, 416)               0         
                                                                 
 dropout_1 (Dropout)         (None, 416)               0         
                                                                 
 dense_2 (Dense)             (None, 384)               160128    
                                                                 
 activation_6 (Activation)   (None, 384)               0         
                                                                 
 dropout_2 (Dropout)         (None, 384)               0         
                                                                 
 dense_3 (Dense)             (None, 192)               73920     
                                                                 
 activation_7 (Activation)   (None, 192)               0         
                                                                 
 dropout_3 (Dropout)         (None, 192)               0         
                                                                 
 dense_4 (Dense)             (None, 304)               58672     
                                                                 
 activation_8 (Activation)   (None, 304)               0         
                                                                 
 dropout_4 (Dropout)         (None, 304)               0         
                                                                 
 dense_5 (Dense)             (None, 496)               151280    
                                                                 
 activation_9 (Activation)   (None, 496)               0         
                                                                 
 dropout_5 (Dropout)         (None, 496)               0         
                                                                 
 dense_6 (Dense)             (None, 448)               222656    
                                                                 
 activation_10 (Activation)  (None, 448)               0         
                                                                 
 dropout_6 (Dropout)         (None, 448)               0         
                                                                 
 dense_7 (Dense)             (None, 496)               222704    
                                                                 
 activation_11 (Activation)  (None, 496)               0         
                                                                 
 dropout_7 (Dropout)         (None, 496)               0         
                                                                 
 dense_8 (Dense)             (None, 448)               222656    
                                                                 
 activation_12 (Activation)  (None, 448)               0         
                                                                 
 dropout_8 (Dropout)         (None, 448)               0         
                                                                 
 dense_9 (Dense)             (None, 256)               114944    
                                                                 
 activation_13 (Activation)  (None, 256)               0         
                                                                 
 dropout_9 (Dropout)         (None, 256)               0         
                                                                 
 dense_10 (Dense)            (None, 10)                2570      
                                                                 
=================================================================
Total params: 2570058 (9.80 MB)
Trainable params: 2570058 (9.80 MB)
Non-trainable params: 0 (0.00 Byte)
_________________________________________________________________
Epoch 1/100
3125/3125 - 14s - loss: 3.6979 - accuracy: 0.1281 - val_loss: 1.9738 - val_accuracy: 0.2458 - 14s/epoch - 5ms/step
Epoch 2/100
3125/3125 - 17s - loss: 2.1637 - accuracy: 0.2187 - val_loss: 1.7631 - val_accuracy: 0.2934 - 17s/epoch - 5ms/step
Epoch 3/100
3125/3125 - 17s - loss: 1.7859 - accuracy: 0.3021 - val_loss: 1.5642 - val_accuracy: 0.3729 - 17s/epoch - 5ms/step
Epoch 4/100
3125/3125 - 17s - loss: 1.5726 - accuracy: 0.3934 - val_loss: 1.3895 - val_accuracy: 0.4830 - 17s/epoch - 5ms/step
Epoch 5/100
3125/3125 - 17s - loss: 1.4331 - accuracy: 0.4700 - val_loss: 1.2737 - val_accuracy: 0.5187 - 17s/epoch - 5ms/step
Epoch 6/100
3125/3125 - 17s - loss: 1.3006 - accuracy: 0.5377 - val_loss: 1.1689 - val_accuracy: 0.5926 - 17s/epoch - 5ms/step
Epoch 7/100
3125/3125 - 17s - loss: 1.1943 - accuracy: 0.5801 - val_loss: 1.1236 - val_accuracy: 0.6037 - 17s/epoch - 5ms/step
Epoch 8/100
3125/3125 - 17s - loss: 1.1330 - accuracy: 0.6107 - val_loss: 1.1073 - val_accuracy: 0.6248 - 17s/epoch - 5ms/step
Epoch 9/100
3125/3125 - 17s - loss: 1.0691 - accuracy: 0.6405 - val_loss: 0.9970 - val_accuracy: 0.6702 - 17s/epoch - 5ms/step
Epoch 10/100
3125/3125 - 17s - loss: 1.0191 - accuracy: 0.6576 - val_loss: 1.0178 - val_accuracy: 0.6661 - 17s/epoch - 5ms/step
Epoch 11/100
3125/3125 - 17s - loss: 0.9716 - accuracy: 0.6789 - val_loss: 1.0151 - val_accuracy: 0.6727 - 17s/epoch - 5ms/step
Epoch 12/100
3125/3125 - 17s - loss: 0.9196 - accuracy: 0.6965 - val_loss: 0.9783 - val_accuracy: 0.6860 - 17s/epoch - 5ms/step
Epoch 13/100
3125/3125 - 17s - loss: 0.8701 - accuracy: 0.7152 - val_loss: 0.9005 - val_accuracy: 0.7066 - 17s/epoch - 5ms/step
Epoch 14/100
3125/3125 - 17s - loss: 0.8298 - accuracy: 0.7317 - val_loss: 0.9184 - val_accuracy: 0.7084 - 17s/epoch - 5ms/step
Epoch 15/100
3125/3125 - 17s - loss: 0.8013 - accuracy: 0.7428 - val_loss: 0.8475 - val_accuracy: 0.7327 - 17s/epoch - 5ms/step
Epoch 16/100
3125/3125 - 17s - loss: 0.7700 - accuracy: 0.7550 - val_loss: 0.8724 - val_accuracy: 0.7274 - 17s/epoch - 5ms/step
Epoch 17/100
3125/3125 - 17s - loss: 0.7365 - accuracy: 0.7651 - val_loss: 0.8493 - val_accuracy: 0.7332 - 17s/epoch - 5ms/step
Epoch 18/100
3125/3125 - 16s - loss: 0.6977 - accuracy: 0.7815 - val_loss: 0.8496 - val_accuracy: 0.7335 - 16s/epoch - 5ms/step
Epoch 19/100
3125/3125 - 16s - loss: 0.6658 - accuracy: 0.7897 - val_loss: 0.8527 - val_accuracy: 0.7407 - 16s/epoch - 5ms/step
Epoch 20/100
3125/3125 - 16s - loss: 0.6381 - accuracy: 0.7998 - val_loss: 0.8450 - val_accuracy: 0.7392 - 16s/epoch - 5ms/step
Epoch 21/100
3125/3125 - 15s - loss: 0.6158 - accuracy: 0.8086 - val_loss: 0.8652 - val_accuracy: 0.7370 - 15s/epoch - 5ms/step
Epoch 22/100
3125/3125 - 17s - loss: 0.5974 - accuracy: 0.8152 - val_loss: 0.8425 - val_accuracy: 0.7399 - 17s/epoch - 5ms/step
Epoch 23/100
3125/3125 - 17s - loss: 0.5789 - accuracy: 0.8225 - val_loss: 0.8383 - val_accuracy: 0.7449 - 17s/epoch - 5ms/step
Epoch 24/100
3125/3125 - 17s - loss: 0.5394 - accuracy: 0.8337 - val_loss: 0.8702 - val_accuracy: 0.7393 - 17s/epoch - 5ms/step
Epoch 25/100
3125/3125 - 17s - loss: 0.5265 - accuracy: 0.8372 - val_loss: 0.8551 - val_accuracy: 0.7517 - 17s/epoch - 5ms/step
Epoch 26/100
3125/3125 - 17s - loss: 0.5139 - accuracy: 0.8458 - val_loss: 0.8735 - val_accuracy: 0.7467 - 17s/epoch - 5ms/step
Epoch 27/100
3125/3125 - 17s - loss: 0.4963 - accuracy: 0.8502 - val_loss: 0.8755 - val_accuracy: 0.7406 - 17s/epoch - 5ms/step
Epoch 28/100
3125/3125 - 17s - loss: 0.4792 - accuracy: 0.8559 - val_loss: 0.9089 - val_accuracy: 0.7407 - 17s/epoch - 5ms/step
Epoch 29/100
3125/3125 - 17s - loss: 0.4590 - accuracy: 0.8621 - val_loss: 0.8814 - val_accuracy: 0.7466 - 17s/epoch - 5ms/step
Epoch 30/100
3125/3125 - 17s - loss: 0.4610 - accuracy: 0.8677 - val_loss: 0.8983 - val_accuracy: 0.7434 - 17s/epoch - 5ms/step
Epoch 31/100
3125/3125 - 17s - loss: 0.4403 - accuracy: 0.8691 - val_loss: 0.8856 - val_accuracy: 0.7505 - 17s/epoch - 5ms/step
Epoch 32/100
3125/3125 - 17s - loss: 0.4295 - accuracy: 0.8737 - val_loss: 0.8975 - val_accuracy: 0.7512 - 17s/epoch - 5ms/step
Epoch 33/100
3125/3125 - 17s - loss: 0.4052 - accuracy: 0.8805 - val_loss: 0.8945 - val_accuracy: 0.7463 - 17s/epoch - 5ms/step
Epoch 34/100
3125/3125 - 17s - loss: 0.4065 - accuracy: 0.8814 - val_loss: 0.9433 - val_accuracy: 0.7369 - 17s/epoch - 5ms/step
Epoch 35/100
3125/3125 - 17s - loss: 0.3819 - accuracy: 0.8869 - val_loss: 0.8984 - val_accuracy: 0.7573 - 17s/epoch - 5ms/step
Epoch 36/100
3125/3125 - 17s - loss: 0.3792 - accuracy: 0.8885 - val_loss: 0.9315 - val_accuracy: 0.7507 - 17s/epoch - 5ms/step
Epoch 37/100
3125/3125 - 17s - loss: 0.3587 - accuracy: 0.8940 - val_loss: 0.9628 - val_accuracy: 0.7450 - 17s/epoch - 5ms/step
Epoch 38/100
3125/3125 - 17s - loss: 0.3729 - accuracy: 0.8911 - val_loss: 0.9377 - val_accuracy: 0.7485 - 17s/epoch - 5ms/step
Epoch 39/100
3125/3125 - 17s - loss: 0.3507 - accuracy: 0.8965 - val_loss: 0.9206 - val_accuracy: 0.7554 - 17s/epoch - 5ms/step
Epoch 40/100
3125/3125 - 17s - loss: 0.3447 - accuracy: 0.9049 - val_loss: 0.9454 - val_accuracy: 0.7507 - 17s/epoch - 5ms/step
Epoch 41/100
3125/3125 - 17s - loss: 0.3235 - accuracy: 0.9075 - val_loss: 0.9874 - val_accuracy: 0.7508 - 17s/epoch - 5ms/step
Epoch 42/100
3125/3125 - 17s - loss: 0.3183 - accuracy: 0.9109 - val_loss: 1.0005 - val_accuracy: 0.7513 - 17s/epoch - 5ms/step
Epoch 43/100
3125/3125 - 17s - loss: 0.3140 - accuracy: 0.9096 - val_loss: 0.9159 - val_accuracy: 0.7513 - 17s/epoch - 5ms/step
Epoch 44/100
3125/3125 - 17s - loss: 0.3102 - accuracy: 0.9116 - val_loss: 1.0029 - val_accuracy: 0.7541 - 17s/epoch - 5ms/step
Epoch 45/100
3125/3125 - 17s - loss: 0.3397 - accuracy: 0.9119 - val_loss: 0.9783 - val_accuracy: 0.7545 - 17s/epoch - 5ms/step
Epoch 46/100
3125/3125 - 17s - loss: 0.3086 - accuracy: 0.9180 - val_loss: 0.9973 - val_accuracy: 0.7503 - 17s/epoch - 5ms/step
Epoch 47/100
3125/3125 - 17s - loss: 0.2766 - accuracy: 0.9244 - val_loss: 0.9898 - val_accuracy: 0.7489 - 17s/epoch - 5ms/step
Epoch 48/100
3125/3125 - 17s - loss: 0.2797 - accuracy: 0.9217 - val_loss: 0.9777 - val_accuracy: 0.7526 - 17s/epoch - 5ms/step
Epoch 49/100
3125/3125 - 17s - loss: 0.2850 - accuracy: 0.9239 - val_loss: 0.9975 - val_accuracy: 0.7532 - 17s/epoch - 5ms/step
Epoch 50/100
3125/3125 - 17s - loss: 0.2673 - accuracy: 0.9273 - val_loss: 1.0269 - val_accuracy: 0.7528 - 17s/epoch - 5ms/step
Epoch 51/100
3125/3125 - 17s - loss: 0.2696 - accuracy: 0.9281 - val_loss: 0.9737 - val_accuracy: 0.7540 - 17s/epoch - 5ms/step
Epoch 52/100
3125/3125 - 17s - loss: 0.2589 - accuracy: 0.9267 - val_loss: 1.0320 - val_accuracy: 0.7466 - 17s/epoch - 5ms/step
Epoch 53/100
3125/3125 - 17s - loss: 0.2570 - accuracy: 0.9288 - val_loss: 1.0290 - val_accuracy: 0.7531 - 17s/epoch - 5ms/step
Epoch 54/100
3125/3125 - 17s - loss: 0.3192 - accuracy: 0.9335 - val_loss: 1.0695 - val_accuracy: 0.7518 - 17s/epoch - 5ms/step
Epoch 55/100
3125/3125 - 17s - loss: 0.2414 - accuracy: 0.9358 - val_loss: 1.0379 - val_accuracy: 0.7459 - 17s/epoch - 5ms/step
Epoch 56/100
3125/3125 - 17s - loss: 0.2372 - accuracy: 0.9361 - val_loss: 1.0634 - val_accuracy: 0.7534 - 17s/epoch - 5ms/step
Epoch 57/100
3125/3125 - 17s - loss: 0.2311 - accuracy: 0.9374 - val_loss: 1.0834 - val_accuracy: 0.7527 - 17s/epoch - 5ms/step
Epoch 58/100
3125/3125 - 17s - loss: 0.2281 - accuracy: 0.9390 - val_loss: 1.0053 - val_accuracy: 0.7452 - 17s/epoch - 5ms/step
Epoch 59/100
3125/3125 - 17s - loss: 0.2272 - accuracy: 0.9387 - val_loss: 1.0940 - val_accuracy: 0.7488 - 17s/epoch - 5ms/step
Epoch 60/100
3125/3125 - 17s - loss: 0.2205 - accuracy: 0.9431 - val_loss: 1.1135 - val_accuracy: 0.7448 - 17s/epoch - 5ms/step
Epoch 61/100
3125/3125 - 17s - loss: 0.2539 - accuracy: 0.9459 - val_loss: 1.1042 - val_accuracy: 0.7510 - 17s/epoch - 5ms/step
Epoch 62/100
3125/3125 - 17s - loss: 0.2364 - accuracy: 0.9467 - val_loss: 1.0558 - val_accuracy: 0.7548 - 17s/epoch - 5ms/step
Epoch 63/100
3125/3125 - 17s - loss: 0.1995 - accuracy: 0.9482 - val_loss: 1.0993 - val_accuracy: 0.7538 - 17s/epoch - 5ms/step
Epoch 64/100
3125/3125 - 17s - loss: 0.2515 - accuracy: 0.9428 - val_loss: 1.0005 - val_accuracy: 0.7436 - 17s/epoch - 5ms/step
Epoch 65/100
Restoring model weights from the end of the best epoch: 35.
3125/3125 - 17s - loss: 0.2264 - accuracy: 0.9455 - val_loss: 1.1051 - val_accuracy: 0.7353 - 17s/epoch - 5ms/step
Epoch 65: early stopping
313/313 - 1s - loss: 0.8984 - accuracy: 0.7573 - 876ms/epoch - 3ms/step

ACCURACY: 0.7573000192642212


SCORE: -0.5862256054849548

[92m | MODULE VALUES ---------------------------------------------  |
 [0m
FLOPS: 121942204
PARAMS: 2570058.0
[92m 
 | -----------------------------------------------------------  |
 [0m

--- BANANAS ITERATION 13 / 1000 ---
Chosen point: {'num_neurons': 8, 'unit_c1': 1, 'unit_c2': 3, 'dr_f': 0.10105303114964437, 'learning_rate': 0.0002509277420447714, 'batch_size': 8, 'optimizer': 'Adam', 'activation': 'elu', 'data_augmentation': False, 'reg_l2': False, 'skip_connection': True, 'new_fc_1': 22, 'new_fc_2': 20, 'new_fc_3': 21, 'new_fc_4': 22, 'new_fc_5': 23, 'new_fc_6': 3, 'new_fc_7': 17, 'new_fc_8': 20, 'new_fc_9': 29, 'new_fc_10': 8}
[94m
|  --> START TRAINING ITERATION 12[0m
[INFO] Flags -> DA: False, L2: False, Skip: True
Building model with input_shape=(32, 32, 3), pos_input_shape=None, layer_x_block=2
Model: "model"
__________________________________________________________________________________________________
 Layer (type)                Output Shape                 Param #   Connected to                  
==================================================================================================
 input_1 (InputLayer)        [(None, 32, 32, 3)]          0         []                            
                                                                                                  
 conv2d (Conv2D)             (None, 32, 32, 8)            224       ['input_1[0][0]']             
                                                                                                  
 activation (Activation)     (None, 32, 32, 8)            0         ['conv2d[0][0]']              
                                                                                                  
 conv2d_2 (Conv2D)           (None, 32, 32, 8)            32        ['input_1[0][0]']             
                                                                                                  
 conv2d_1 (Conv2D)           (None, 32, 32, 8)            584       ['activation[0][0]']          
                                                                                                  
 add (Add)                   (None, 32, 32, 8)            0         ['conv2d_2[0][0]',            
                                                                     'conv2d_1[0][0]']            
                                                                                                  
 activation_1 (Activation)   (None, 32, 32, 8)            0         ['add[0][0]']                 
                                                                                                  
 max_pooling2d (MaxPooling2  (None, 16, 16, 8)            0         ['activation_1[0][0]']        
 D)                                                                                               
                                                                                                  
 conv2d_3 (Conv2D)           (None, 16, 16, 24)           1752      ['max_pooling2d[0][0]']       
                                                                                                  
 activation_2 (Activation)   (None, 16, 16, 24)           0         ['conv2d_3[0][0]']            
                                                                                                  
 conv2d_5 (Conv2D)           (None, 16, 16, 24)           216       ['max_pooling2d[0][0]']       
                                                                                                  
 conv2d_4 (Conv2D)           (None, 16, 16, 24)           5208      ['activation_2[0][0]']        
                                                                                                  
 add_1 (Add)                 (None, 16, 16, 24)           0         ['conv2d_5[0][0]',            
                                                                     'conv2d_4[0][0]']            
                                                                                                  
 activation_3 (Activation)   (None, 16, 16, 24)           0         ['add_1[0][0]']               
                                                                                                  
 max_pooling2d_1 (MaxPoolin  (None, 8, 8, 24)             0         ['activation_3[0][0]']        
 g2D)                                                                                             
                                                                                                  
 flatten (Flatten)           (None, 1536)                 0         ['max_pooling2d_1[0][0]']     
                                                                                                  
 dense (Dense)               (None, 176)                  270512    ['flatten[0][0]']             
                                                                                                  
 activation_4 (Activation)   (None, 176)                  0         ['dense[0][0]']               
                                                                                                  
 dropout (Dropout)           (None, 176)                  0         ['activation_4[0][0]']        
                                                                                                  
 dense_1 (Dense)             (None, 160)                  28320     ['dropout[0][0]']             
                                                                                                  
 activation_5 (Activation)   (None, 160)                  0         ['dense_1[0][0]']             
                                                                                                  
 dropout_1 (Dropout)         (None, 160)                  0         ['activation_5[0][0]']        
                                                                                                  
 dense_2 (Dense)             (None, 168)                  27048     ['dropout_1[0][0]']           
                                                                                                  
 activation_6 (Activation)   (None, 168)                  0         ['dense_2[0][0]']             
                                                                                                  
 dropout_2 (Dropout)         (None, 168)                  0         ['activation_6[0][0]']        
                                                                                                  
 dense_3 (Dense)             (None, 176)                  29744     ['dropout_2[0][0]']           
                                                                                                  
 activation_7 (Activation)   (None, 176)                  0         ['dense_3[0][0]']             
                                                                                                  
 dropout_3 (Dropout)         (None, 176)                  0         ['activation_7[0][0]']        
                                                                                                  
 dense_4 (Dense)             (None, 184)                  32568     ['dropout_3[0][0]']           
                                                                                                  
 activation_8 (Activation)   (None, 184)                  0         ['dense_4[0][0]']             
                                                                                                  
 dropout_4 (Dropout)         (None, 184)                  0         ['activation_8[0][0]']        
                                                                                                  
 dense_5 (Dense)             (None, 24)                   4440      ['dropout_4[0][0]']           
                                                                                                  
 activation_9 (Activation)   (None, 24)                   0         ['dense_5[0][0]']             
                                                                                                  
 dropout_5 (Dropout)         (None, 24)                   0         ['activation_9[0][0]']        
                                                                                                  
 dense_6 (Dense)             (None, 136)                  3400      ['dropout_5[0][0]']           
                                                                                                  
 activation_10 (Activation)  (None, 136)                  0         ['dense_6[0][0]']             
                                                                                                  
 dropout_6 (Dropout)         (None, 136)                  0         ['activation_10[0][0]']       
                                                                                                  
 dense_7 (Dense)             (None, 160)                  21920     ['dropout_6[0][0]']           
                                                                                                  
 activation_11 (Activation)  (None, 160)                  0         ['dense_7[0][0]']             
                                                                                                  
 dropout_7 (Dropout)         (None, 160)                  0         ['activation_11[0][0]']       
                                                                                                  
 dense_8 (Dense)             (None, 232)                  37352     ['dropout_7[0][0]']           
                                                                                                  
 activation_12 (Activation)  (None, 232)                  0         ['dense_8[0][0]']             
                                                                                                  
 dropout_8 (Dropout)         (None, 232)                  0         ['activation_12[0][0]']       
                                                                                                  
 dense_9 (Dense)             (None, 64)                   14912     ['dropout_8[0][0]']           
                                                                                                  
 activation_13 (Activation)  (None, 64)                   0         ['dense_9[0][0]']             
                                                                                                  
 dropout_9 (Dropout)         (None, 64)                   0         ['activation_13[0][0]']       
                                                                                                  
 dense_10 (Dense)            (None, 10)                   650       ['dropout_9[0][0]']           
                                                                                                  
==================================================================================================
Total params: 478882 (1.83 MB)
Trainable params: 478882 (1.83 MB)
Non-trainable params: 0 (0.00 Byte)
__________________________________________________________________________________________________
Epoch 1/100
6250/6250 - 24s - loss: 1.5309 - accuracy: 0.4477 - val_loss: 1.3324 - val_accuracy: 0.5309 - 24s/epoch - 4ms/step
Epoch 2/100
6250/6250 - 22s - loss: 1.2592 - accuracy: 0.5611 - val_loss: 1.1417 - val_accuracy: 0.6007 - 22s/epoch - 4ms/step
Epoch 3/100
6250/6250 - 22s - loss: 1.1474 - accuracy: 0.6068 - val_loss: 1.0825 - val_accuracy: 0.6352 - 22s/epoch - 4ms/step
Epoch 4/100
6250/6250 - 22s - loss: 1.0697 - accuracy: 0.6377 - val_loss: 1.0126 - val_accuracy: 0.6541 - 22s/epoch - 4ms/step
Epoch 5/100
6250/6250 - 22s - loss: 0.9942 - accuracy: 0.6678 - val_loss: 0.9977 - val_accuracy: 0.6653 - 22s/epoch - 3ms/step
Epoch 6/100
6250/6250 - 21s - loss: 0.9245 - accuracy: 0.6921 - val_loss: 0.9687 - val_accuracy: 0.6787 - 21s/epoch - 3ms/step
Epoch 7/100
6250/6250 - 21s - loss: 0.8584 - accuracy: 0.7151 - val_loss: 1.0070 - val_accuracy: 0.6710 - 21s/epoch - 3ms/step
Epoch 8/100
6250/6250 - 22s - loss: 0.7931 - accuracy: 0.7408 - val_loss: 0.9541 - val_accuracy: 0.6847 - 22s/epoch - 4ms/step
Epoch 9/100
6250/6250 - 22s - loss: 0.7426 - accuracy: 0.7558 - val_loss: 0.9567 - val_accuracy: 0.6943 - 22s/epoch - 4ms/step
Epoch 10/100
6250/6250 - 22s - loss: 0.6850 - accuracy: 0.7790 - val_loss: 0.9608 - val_accuracy: 0.7011 - 22s/epoch - 4ms/step
Epoch 11/100
6250/6250 - 22s - loss: 0.6314 - accuracy: 0.7947 - val_loss: 0.9573 - val_accuracy: 0.7026 - 22s/epoch - 4ms/step
Epoch 12/100
6250/6250 - 22s - loss: 0.5871 - accuracy: 0.8105 - val_loss: 0.9639 - val_accuracy: 0.7062 - 22s/epoch - 4ms/step
Epoch 13/100
6250/6250 - 22s - loss: 0.5470 - accuracy: 0.8248 - val_loss: 0.9652 - val_accuracy: 0.7077 - 22s/epoch - 4ms/step
Epoch 14/100
6250/6250 - 22s - loss: 0.5065 - accuracy: 0.8405 - val_loss: 1.0050 - val_accuracy: 0.7114 - 22s/epoch - 4ms/step
Epoch 15/100
6250/6250 - 22s - loss: 0.4775 - accuracy: 0.8479 - val_loss: 1.0559 - val_accuracy: 0.7084 - 22s/epoch - 4ms/step
Epoch 16/100
6250/6250 - 22s - loss: 0.4396 - accuracy: 0.8603 - val_loss: 1.0293 - val_accuracy: 0.7087 - 22s/epoch - 4ms/step
Epoch 17/100
6250/6250 - 22s - loss: 0.4144 - accuracy: 0.8680 - val_loss: 1.1261 - val_accuracy: 0.7072 - 22s/epoch - 4ms/step
Epoch 18/100
6250/6250 - 22s - loss: 0.3864 - accuracy: 0.8777 - val_loss: 1.1289 - val_accuracy: 0.7076 - 22s/epoch - 4ms/step
Epoch 19/100
6250/6250 - 22s - loss: 0.3628 - accuracy: 0.8858 - val_loss: 1.1505 - val_accuracy: 0.7093 - 22s/epoch - 4ms/step
Epoch 20/100
6250/6250 - 22s - loss: 0.3413 - accuracy: 0.8936 - val_loss: 1.1236 - val_accuracy: 0.7083 - 22s/epoch - 4ms/step
Epoch 21/100
6250/6250 - 22s - loss: 0.3250 - accuracy: 0.9005 - val_loss: 1.2728 - val_accuracy: 0.7098 - 22s/epoch - 4ms/step
Epoch 22/100
6250/6250 - 22s - loss: 0.3040 - accuracy: 0.9061 - val_loss: 1.2248 - val_accuracy: 0.7111 - 22s/epoch - 4ms/step
Epoch 23/100
6250/6250 - 22s - loss: 0.2917 - accuracy: 0.9124 - val_loss: 1.2240 - val_accuracy: 0.7113 - 22s/epoch - 4ms/step
Epoch 24/100
6250/6250 - 22s - loss: 0.2771 - accuracy: 0.9158 - val_loss: 1.2424 - val_accuracy: 0.7032 - 22s/epoch - 4ms/step
Epoch 25/100
6250/6250 - 21s - loss: 0.2695 - accuracy: 0.9196 - val_loss: 1.2390 - val_accuracy: 0.7028 - 21s/epoch - 3ms/step
Epoch 26/100
6250/6250 - 22s - loss: 0.2513 - accuracy: 0.9235 - val_loss: 1.2037 - val_accuracy: 0.7040 - 22s/epoch - 4ms/step
Epoch 27/100
6250/6250 - 22s - loss: 0.2461 - accuracy: 0.9273 - val_loss: 1.2560 - val_accuracy: 0.7033 - 22s/epoch - 4ms/step
Epoch 28/100
6250/6250 - 22s - loss: 0.2291 - accuracy: 0.9317 - val_loss: 1.3336 - val_accuracy: 0.7012 - 22s/epoch - 4ms/step
Epoch 29/100
6250/6250 - 22s - loss: 0.2227 - accuracy: 0.9349 - val_loss: 1.2542 - val_accuracy: 0.7034 - 22s/epoch - 4ms/step
Epoch 30/100
6250/6250 - 22s - loss: 0.2219 - accuracy: 0.9347 - val_loss: 1.4661 - val_accuracy: 0.7004 - 22s/epoch - 4ms/step
Epoch 31/100
6250/6250 - 22s - loss: 0.2101 - accuracy: 0.9395 - val_loss: 1.3268 - val_accuracy: 0.6976 - 22s/epoch - 4ms/step
Epoch 32/100
6250/6250 - 22s - loss: 0.2023 - accuracy: 0.9392 - val_loss: 1.3465 - val_accuracy: 0.7072 - 22s/epoch - 4ms/step
Epoch 33/100
6250/6250 - 22s - loss: 0.1913 - accuracy: 0.9447 - val_loss: 1.4889 - val_accuracy: 0.6935 - 22s/epoch - 4ms/step
Epoch 34/100
6250/6250 - 22s - loss: 0.1934 - accuracy: 0.9421 - val_loss: 1.4536 - val_accuracy: 0.7083 - 22s/epoch - 4ms/step
Epoch 35/100
6250/6250 - 22s - loss: 0.1875 - accuracy: 0.9458 - val_loss: 1.3818 - val_accuracy: 0.7038 - 22s/epoch - 4ms/step
Epoch 36/100
6250/6250 - 22s - loss: 0.1834 - accuracy: 0.9477 - val_loss: 1.3598 - val_accuracy: 0.7009 - 22s/epoch - 4ms/step
Epoch 37/100
6250/6250 - 22s - loss: 0.1777 - accuracy: 0.9495 - val_loss: 1.4547 - val_accuracy: 0.7011 - 22s/epoch - 4ms/step
Epoch 38/100
6250/6250 - 22s - loss: 0.1704 - accuracy: 0.9510 - val_loss: 1.4560 - val_accuracy: 0.6980 - 22s/epoch - 4ms/step
Epoch 39/100
6250/6250 - 22s - loss: 0.1699 - accuracy: 0.9519 - val_loss: 1.5455 - val_accuracy: 0.7075 - 22s/epoch - 4ms/step
Epoch 40/100
6250/6250 - 22s - loss: 0.1651 - accuracy: 0.9526 - val_loss: 1.5597 - val_accuracy: 0.7056 - 22s/epoch - 4ms/step
Epoch 41/100
6250/6250 - 22s - loss: 0.1558 - accuracy: 0.9559 - val_loss: 1.3641 - val_accuracy: 0.7004 - 22s/epoch - 4ms/step
Epoch 42/100
6250/6250 - 22s - loss: 0.1555 - accuracy: 0.9556 - val_loss: 1.5197 - val_accuracy: 0.7058 - 22s/epoch - 4ms/step
Epoch 43/100
6250/6250 - 22s - loss: 0.1515 - accuracy: 0.9566 - val_loss: 1.3966 - val_accuracy: 0.7041 - 22s/epoch - 4ms/step
Epoch 44/100
Restoring model weights from the end of the best epoch: 14.
6250/6250 - 22s - loss: 0.1481 - accuracy: 0.9590 - val_loss: 1.4569 - val_accuracy: 0.7034 - 22s/epoch - 4ms/step
Epoch 44: early stopping
313/313 - 1s - loss: 1.0050 - accuracy: 0.7114 - 569ms/epoch - 2ms/step

ACCURACY: 0.7113999724388123


SCORE: -0.7853392047071686

[92m | MODULE VALUES ---------------------------------------------  |
 [0m
FLOPS: 6320388
PARAMS: 478882.0
[92m 
 | -----------------------------------------------------------  |
 [0m
[INFO] New Best Score: -0.7853 (Previous: -0.5969)

--- BANANAS ITERATION 14 / 1000 ---
Chosen point: {'num_neurons': 16, 'unit_c1': 2, 'unit_c2': 1, 'dr_f': 0.4449934881541936, 'learning_rate': 0.0009214066801655625, 'batch_size': 8, 'optimizer': 'Adamax', 'activation': 'relu', 'data_augmentation': False, 'reg_l2': False, 'skip_connection': True, 'new_fc_1': 28, 'new_fc_2': 21, 'new_fc_3': 14, 'new_fc_4': 7, 'new_fc_5': 9, 'new_fc_6': 5, 'new_fc_7': 28, 'new_fc_8': 31, 'new_fc_9': 28, 'new_fc_10': 13}
[94m
|  --> START TRAINING ITERATION 13[0m
[INFO] Flags -> DA: False, L2: False, Skip: True
Building model with input_shape=(32, 32, 3), pos_input_shape=None, layer_x_block=2
Model: "model"
__________________________________________________________________________________________________
 Layer (type)                Output Shape                 Param #   Connected to                  
==================================================================================================
 input_1 (InputLayer)        [(None, 32, 32, 3)]          0         []                            
                                                                                                  
 conv2d (Conv2D)             (None, 32, 32, 32)           896       ['input_1[0][0]']             
                                                                                                  
 activation (Activation)     (None, 32, 32, 32)           0         ['conv2d[0][0]']              
                                                                                                  
 conv2d_2 (Conv2D)           (None, 32, 32, 32)           128       ['input_1[0][0]']             
                                                                                                  
 conv2d_1 (Conv2D)           (None, 32, 32, 32)           9248      ['activation[0][0]']          
                                                                                                  
 add (Add)                   (None, 32, 32, 32)           0         ['conv2d_2[0][0]',            
                                                                     'conv2d_1[0][0]']            
                                                                                                  
 activation_1 (Activation)   (None, 32, 32, 32)           0         ['add[0][0]']                 
                                                                                                  
 max_pooling2d (MaxPooling2  (None, 16, 16, 32)           0         ['activation_1[0][0]']        
 D)                                                                                               
                                                                                                  
 conv2d_3 (Conv2D)           (None, 16, 16, 16)           4624      ['max_pooling2d[0][0]']       
                                                                                                  
 activation_2 (Activation)   (None, 16, 16, 16)           0         ['conv2d_3[0][0]']            
                                                                                                  
 conv2d_5 (Conv2D)           (None, 16, 16, 16)           528       ['max_pooling2d[0][0]']       
                                                                                                  
 conv2d_4 (Conv2D)           (None, 16, 16, 16)           2320      ['activation_2[0][0]']        
                                                                                                  
 add_1 (Add)                 (None, 16, 16, 16)           0         ['conv2d_5[0][0]',            
                                                                     'conv2d_4[0][0]']            
                                                                                                  
 activation_3 (Activation)   (None, 16, 16, 16)           0         ['add_1[0][0]']               
                                                                                                  
 max_pooling2d_1 (MaxPoolin  (None, 8, 8, 16)             0         ['activation_3[0][0]']        
 g2D)                                                                                             
                                                                                                  
 flatten (Flatten)           (None, 1024)                 0         ['max_pooling2d_1[0][0]']     
                                                                                                  
 dense (Dense)               (None, 448)                  459200    ['flatten[0][0]']             
                                                                                                  
 activation_4 (Activation)   (None, 448)                  0         ['dense[0][0]']               
                                                                                                  
 dropout (Dropout)           (None, 448)                  0         ['activation_4[0][0]']        
                                                                                                  
 dense_1 (Dense)             (None, 336)                  150864    ['dropout[0][0]']             
                                                                                                  
 activation_5 (Activation)   (None, 336)                  0         ['dense_1[0][0]']             
                                                                                                  
 dropout_1 (Dropout)         (None, 336)                  0         ['activation_5[0][0]']        
                                                                                                  
 dense_2 (Dense)             (None, 224)                  75488     ['dropout_1[0][0]']           
                                                                                                  
 activation_6 (Activation)   (None, 224)                  0         ['dense_2[0][0]']             
                                                                                                  
 dropout_2 (Dropout)         (None, 224)                  0         ['activation_6[0][0]']        
                                                                                                  
 dense_3 (Dense)             (None, 112)                  25200     ['dropout_2[0][0]']           
                                                                                                  
 activation_7 (Activation)   (None, 112)                  0         ['dense_3[0][0]']             
                                                                                                  
 dropout_3 (Dropout)         (None, 112)                  0         ['activation_7[0][0]']        
                                                                                                  
 dense_4 (Dense)             (None, 144)                  16272     ['dropout_3[0][0]']           
                                                                                                  
 activation_8 (Activation)   (None, 144)                  0         ['dense_4[0][0]']             
                                                                                                  
 dropout_4 (Dropout)         (None, 144)                  0         ['activation_8[0][0]']        
                                                                                                  
 dense_5 (Dense)             (None, 80)                   11600     ['dropout_4[0][0]']           
                                                                                                  
 activation_9 (Activation)   (None, 80)                   0         ['dense_5[0][0]']             
                                                                                                  
 dropout_5 (Dropout)         (None, 80)                   0         ['activation_9[0][0]']        
                                                                                                  
 dense_6 (Dense)             (None, 448)                  36288     ['dropout_5[0][0]']           
                                                                                                  
 activation_10 (Activation)  (None, 448)                  0         ['dense_6[0][0]']             
                                                                                                  
 dropout_6 (Dropout)         (None, 448)                  0         ['activation_10[0][0]']       
                                                                                                  
 dense_7 (Dense)             (None, 496)                  222704    ['dropout_6[0][0]']           
                                                                                                  
 activation_11 (Activation)  (None, 496)                  0         ['dense_7[0][0]']             
                                                                                                  
 dropout_7 (Dropout)         (None, 496)                  0         ['activation_11[0][0]']       
                                                                                                  
 dense_8 (Dense)             (None, 448)                  222656    ['dropout_7[0][0]']           
                                                                                                  
 activation_12 (Activation)  (None, 448)                  0         ['dense_8[0][0]']             
                                                                                                  
 dropout_8 (Dropout)         (None, 448)                  0         ['activation_12[0][0]']       
                                                                                                  
 dense_9 (Dense)             (None, 208)                  93392     ['dropout_8[0][0]']           
                                                                                                  
 activation_13 (Activation)  (None, 208)                  0         ['dense_9[0][0]']             
                                                                                                  
 dropout_9 (Dropout)         (None, 208)                  0         ['activation_13[0][0]']       
                                                                                                  
 dense_10 (Dense)            (None, 10)                   2090      ['dropout_9[0][0]']           
                                                                                                  
==================================================================================================
Total params: 1333498 (5.09 MB)
Trainable params: 1333498 (5.09 MB)
Non-trainable params: 0 (0.00 Byte)
__________________________________________________________________________________________________
Epoch 1/100
6250/6250 - 24s - loss: 2.0358 - accuracy: 0.1765 - val_loss: 2.0759 - val_accuracy: 0.1597 - 24s/epoch - 4ms/step
Epoch 2/100
6250/6250 - 23s - loss: 1.8838 - accuracy: 0.2055 - val_loss: 1.9801 - val_accuracy: 0.1873 - 23s/epoch - 4ms/step
Epoch 3/100
6250/6250 - 23s - loss: 1.8211 - accuracy: 0.2453 - val_loss: 2.1427 - val_accuracy: 0.1322 - 23s/epoch - 4ms/step
Epoch 4/100
6250/6250 - 23s - loss: 1.7641 - accuracy: 0.2844 - val_loss: 2.1882 - val_accuracy: 0.1262 - 23s/epoch - 4ms/step
Epoch 5/100
6250/6250 - 23s - loss: 1.7139 - accuracy: 0.3115 - val_loss: 2.0499 - val_accuracy: 0.2060 - 23s/epoch - 4ms/step
Epoch 6/100
6250/6250 - 23s - loss: 1.6594 - accuracy: 0.3366 - val_loss: 1.9176 - val_accuracy: 0.2349 - 23s/epoch - 4ms/step
Epoch 7/100
6250/6250 - 23s - loss: 1.6086 - accuracy: 0.3614 - val_loss: 1.6834 - val_accuracy: 0.2830 - 23s/epoch - 4ms/step
Epoch 8/100
6250/6250 - 23s - loss: 1.5670 - accuracy: 0.3807 - val_loss: 1.8294 - val_accuracy: 0.2782 - 23s/epoch - 4ms/step
Epoch 9/100
6250/6250 - 23s - loss: 1.5259 - accuracy: 0.4005 - val_loss: 1.8073 - val_accuracy: 0.2837 - 23s/epoch - 4ms/step
Epoch 10/100
6250/6250 - 23s - loss: 1.4923 - accuracy: 0.4220 - val_loss: 1.6714 - val_accuracy: 0.3127 - 23s/epoch - 4ms/step
Epoch 11/100
6250/6250 - 23s - loss: 1.4412 - accuracy: 0.4514 - val_loss: 1.6740 - val_accuracy: 0.3280 - 23s/epoch - 4ms/step
Epoch 12/100
6250/6250 - 22s - loss: 1.3929 - accuracy: 0.4767 - val_loss: 1.6135 - val_accuracy: 0.3737 - 22s/epoch - 4ms/step
Epoch 13/100
6250/6250 - 21s - loss: 1.3577 - accuracy: 0.4969 - val_loss: 1.6288 - val_accuracy: 0.3646 - 21s/epoch - 3ms/step
Epoch 14/100
6250/6250 - 22s - loss: 1.3173 - accuracy: 0.5121 - val_loss: 1.4701 - val_accuracy: 0.4472 - 22s/epoch - 3ms/step
Epoch 15/100
6250/6250 - 23s - loss: 1.2853 - accuracy: 0.5272 - val_loss: 1.4400 - val_accuracy: 0.4556 - 23s/epoch - 4ms/step
Epoch 16/100
6250/6250 - 23s - loss: 1.2594 - accuracy: 0.5425 - val_loss: 1.5051 - val_accuracy: 0.4404 - 23s/epoch - 4ms/step
Epoch 17/100
6250/6250 - 23s - loss: 1.2328 - accuracy: 0.5528 - val_loss: 1.5064 - val_accuracy: 0.4388 - 23s/epoch - 4ms/step
Epoch 18/100
6250/6250 - 23s - loss: 1.2132 - accuracy: 0.5614 - val_loss: 1.4749 - val_accuracy: 0.4651 - 23s/epoch - 4ms/step
Epoch 19/100
6250/6250 - 23s - loss: 1.1837 - accuracy: 0.5710 - val_loss: 1.5037 - val_accuracy: 0.4361 - 23s/epoch - 4ms/step
Epoch 20/100
6250/6250 - 23s - loss: 1.1787 - accuracy: 0.5768 - val_loss: 1.4463 - val_accuracy: 0.4675 - 23s/epoch - 4ms/step
Epoch 21/100
6250/6250 - 23s - loss: 1.1492 - accuracy: 0.5838 - val_loss: 1.3589 - val_accuracy: 0.5016 - 23s/epoch - 4ms/step
Epoch 22/100
6250/6250 - 23s - loss: 1.1351 - accuracy: 0.5881 - val_loss: 1.3992 - val_accuracy: 0.4930 - 23s/epoch - 4ms/step
Epoch 23/100
6250/6250 - 23s - loss: 1.1239 - accuracy: 0.5917 - val_loss: 1.3932 - val_accuracy: 0.4740 - 23s/epoch - 4ms/step
Epoch 24/100
6250/6250 - 23s - loss: 1.1057 - accuracy: 0.6009 - val_loss: 1.3943 - val_accuracy: 0.4677 - 23s/epoch - 4ms/step
Epoch 25/100
6250/6250 - 23s - loss: 1.0980 - accuracy: 0.6019 - val_loss: 1.3020 - val_accuracy: 0.5233 - 23s/epoch - 4ms/step
Epoch 26/100
6250/6250 - 23s - loss: 1.0826 - accuracy: 0.6090 - val_loss: 1.3036 - val_accuracy: 0.5307 - 23s/epoch - 4ms/step
Epoch 27/100
6250/6250 - 23s - loss: 1.0860 - accuracy: 0.6074 - val_loss: 1.3302 - val_accuracy: 0.5043 - 23s/epoch - 4ms/step
Epoch 28/100
6250/6250 - 23s - loss: 1.0725 - accuracy: 0.6092 - val_loss: 1.4413 - val_accuracy: 0.4636 - 23s/epoch - 4ms/step
Epoch 29/100
6250/6250 - 23s - loss: 1.0554 - accuracy: 0.6202 - val_loss: 1.4656 - val_accuracy: 0.4757 - 23s/epoch - 4ms/step
Epoch 30/100
6250/6250 - 23s - loss: 1.0482 - accuracy: 0.6211 - val_loss: 1.3479 - val_accuracy: 0.5092 - 23s/epoch - 4ms/step
Epoch 31/100
6250/6250 - 23s - loss: 1.0506 - accuracy: 0.6194 - val_loss: 1.3281 - val_accuracy: 0.5177 - 23s/epoch - 4ms/step
Epoch 32/100
6250/6250 - 23s - loss: 1.0336 - accuracy: 0.6277 - val_loss: 1.2363 - val_accuracy: 0.5392 - 23s/epoch - 4ms/step
Epoch 33/100
6250/6250 - 23s - loss: 1.0327 - accuracy: 0.6280 - val_loss: 1.3290 - val_accuracy: 0.5144 - 23s/epoch - 4ms/step
Epoch 34/100
6250/6250 - 23s - loss: 1.0341 - accuracy: 0.6289 - val_loss: 1.2516 - val_accuracy: 0.5365 - 23s/epoch - 4ms/step
Epoch 35/100
6250/6250 - 23s - loss: 1.0269 - accuracy: 0.6310 - val_loss: 1.1870 - val_accuracy: 0.5604 - 23s/epoch - 4ms/step
Epoch 36/100
6250/6250 - 23s - loss: 1.0243 - accuracy: 0.6337 - val_loss: 1.2755 - val_accuracy: 0.5343 - 23s/epoch - 4ms/step
Epoch 37/100
6250/6250 - 23s - loss: 1.0171 - accuracy: 0.6371 - val_loss: 1.2264 - val_accuracy: 0.5626 - 23s/epoch - 4ms/step
Epoch 38/100
6250/6250 - 23s - loss: 0.9882 - accuracy: 0.6443 - val_loss: 1.3121 - val_accuracy: 0.5209 - 23s/epoch - 4ms/step
Epoch 39/100
6250/6250 - 23s - loss: 0.9873 - accuracy: 0.6483 - val_loss: 1.2469 - val_accuracy: 0.5448 - 23s/epoch - 4ms/step
Epoch 40/100
6250/6250 - 23s - loss: 1.0045 - accuracy: 0.6409 - val_loss: 1.1921 - val_accuracy: 0.5756 - 23s/epoch - 4ms/step
Epoch 41/100
6250/6250 - 23s - loss: 0.9880 - accuracy: 0.6470 - val_loss: 1.1682 - val_accuracy: 0.5843 - 23s/epoch - 4ms/step
Epoch 42/100
6250/6250 - 23s - loss: 0.9962 - accuracy: 0.6495 - val_loss: 1.1950 - val_accuracy: 0.5737 - 23s/epoch - 4ms/step
Epoch 43/100
6250/6250 - 23s - loss: 0.9846 - accuracy: 0.6511 - val_loss: 1.1712 - val_accuracy: 0.5809 - 23s/epoch - 4ms/step
Epoch 44/100
6250/6250 - 23s - loss: 0.9755 - accuracy: 0.6518 - val_loss: 1.2987 - val_accuracy: 0.5491 - 23s/epoch - 4ms/step
Epoch 45/100
6250/6250 - 23s - loss: 0.9748 - accuracy: 0.6529 - val_loss: 1.2036 - val_accuracy: 0.5749 - 23s/epoch - 4ms/step
Epoch 46/100
6250/6250 - 23s - loss: 0.9724 - accuracy: 0.6543 - val_loss: 1.2445 - val_accuracy: 0.5711 - 23s/epoch - 4ms/step
Epoch 47/100
6250/6250 - 21s - loss: 0.9933 - accuracy: 0.6522 - val_loss: 1.2980 - val_accuracy: 0.5313 - 21s/epoch - 3ms/step
Epoch 48/100
6250/6250 - 23s - loss: 0.9867 - accuracy: 0.6553 - val_loss: 1.1596 - val_accuracy: 0.5856 - 23s/epoch - 4ms/step
Epoch 49/100
6250/6250 - 23s - loss: 0.9932 - accuracy: 0.6560 - val_loss: 1.1321 - val_accuracy: 0.5980 - 23s/epoch - 4ms/step
Epoch 50/100
6250/6250 - 23s - loss: 0.9793 - accuracy: 0.6572 - val_loss: 1.1719 - val_accuracy: 0.5911 - 23s/epoch - 4ms/step
Epoch 51/100
6250/6250 - 23s - loss: 0.9742 - accuracy: 0.6591 - val_loss: 1.2171 - val_accuracy: 0.5694 - 23s/epoch - 4ms/step
Epoch 52/100
6250/6250 - 23s - loss: 1.0644 - accuracy: 0.6501 - val_loss: 1.1806 - val_accuracy: 0.5903 - 23s/epoch - 4ms/step
Epoch 53/100
6250/6250 - 23s - loss: 0.9813 - accuracy: 0.6521 - val_loss: 1.2204 - val_accuracy: 0.5788 - 23s/epoch - 4ms/step
Epoch 54/100
6250/6250 - 23s - loss: 1.0015 - accuracy: 0.6512 - val_loss: 1.1794 - val_accuracy: 0.5885 - 23s/epoch - 4ms/step
Epoch 55/100
6250/6250 - 23s - loss: 0.9981 - accuracy: 0.6522 - val_loss: 1.1399 - val_accuracy: 0.6029 - 23s/epoch - 4ms/step
Epoch 56/100
6250/6250 - 23s - loss: 1.0027 - accuracy: 0.6581 - val_loss: 1.1382 - val_accuracy: 0.6035 - 23s/epoch - 4ms/step
Epoch 57/100
6250/6250 - 23s - loss: 0.9834 - accuracy: 0.6559 - val_loss: 1.1530 - val_accuracy: 0.6059 - 23s/epoch - 4ms/step
Epoch 58/100
6250/6250 - 23s - loss: 0.9932 - accuracy: 0.6552 - val_loss: 1.2059 - val_accuracy: 0.5822 - 23s/epoch - 4ms/step
Epoch 59/100
6250/6250 - 23s - loss: 0.9966 - accuracy: 0.6556 - val_loss: 1.1317 - val_accuracy: 0.6036 - 23s/epoch - 4ms/step
Epoch 60/100
6250/6250 - 21s - loss: 1.0151 - accuracy: 0.6529 - val_loss: 1.1898 - val_accuracy: 0.5819 - 21s/epoch - 3ms/step
Epoch 61/100
6250/6250 - 21s - loss: 1.0035 - accuracy: 0.6551 - val_loss: 1.1420 - val_accuracy: 0.6099 - 21s/epoch - 3ms/step
Epoch 62/100
6250/6250 - 22s - loss: 1.0292 - accuracy: 0.6539 - val_loss: 1.2677 - val_accuracy: 0.5677 - 22s/epoch - 4ms/step
Epoch 63/100
6250/6250 - 23s - loss: 1.0159 - accuracy: 0.6535 - val_loss: 1.1677 - val_accuracy: 0.6039 - 23s/epoch - 4ms/step
Epoch 64/100
6250/6250 - 23s - loss: 1.0535 - accuracy: 0.6474 - val_loss: 1.1736 - val_accuracy: 0.6009 - 23s/epoch - 4ms/step
Epoch 65/100
6250/6250 - 23s - loss: 1.0293 - accuracy: 0.6511 - val_loss: 1.1849 - val_accuracy: 0.5981 - 23s/epoch - 4ms/step
Epoch 66/100
6250/6250 - 23s - loss: 1.0639 - accuracy: 0.6469 - val_loss: 1.2040 - val_accuracy: 0.5743 - 23s/epoch - 4ms/step
Epoch 67/100
6250/6250 - 23s - loss: 1.0597 - accuracy: 0.6513 - val_loss: 1.1111 - val_accuracy: 0.6075 - 23s/epoch - 4ms/step
Epoch 68/100
6250/6250 - 23s - loss: 1.0335 - accuracy: 0.6527 - val_loss: 1.1101 - val_accuracy: 0.6188 - 23s/epoch - 4ms/step
Epoch 69/100
6250/6250 - 23s - loss: 1.0182 - accuracy: 0.6517 - val_loss: 1.1245 - val_accuracy: 0.6070 - 23s/epoch - 4ms/step
Epoch 70/100
6250/6250 - 23s - loss: 1.0419 - accuracy: 0.6553 - val_loss: 1.1488 - val_accuracy: 0.6018 - 23s/epoch - 4ms/step
Epoch 71/100
6250/6250 - 23s - loss: 1.0464 - accuracy: 0.6490 - val_loss: 1.1370 - val_accuracy: 0.5983 - 23s/epoch - 4ms/step
Epoch 72/100
6250/6250 - 23s - loss: 1.0637 - accuracy: 0.6433 - val_loss: 1.0978 - val_accuracy: 0.6237 - 23s/epoch - 4ms/step
Epoch 73/100
6250/6250 - 23s - loss: 1.1193 - accuracy: 0.6385 - val_loss: 1.1942 - val_accuracy: 0.5794 - 23s/epoch - 4ms/step
Epoch 74/100
6250/6250 - 23s - loss: 1.0676 - accuracy: 0.6474 - val_loss: 1.1754 - val_accuracy: 0.5958 - 23s/epoch - 4ms/step
Epoch 75/100
6250/6250 - 23s - loss: 1.0916 - accuracy: 0.6392 - val_loss: 1.2888 - val_accuracy: 0.5662 - 23s/epoch - 4ms/step
Epoch 76/100
6250/6250 - 23s - loss: 1.0951 - accuracy: 0.6346 - val_loss: 1.1954 - val_accuracy: 0.5851 - 23s/epoch - 4ms/step
Epoch 77/100
6250/6250 - 23s - loss: 1.1921 - accuracy: 0.6283 - val_loss: 1.1604 - val_accuracy: 0.6209 - 23s/epoch - 4ms/step
Epoch 78/100
6250/6250 - 23s - loss: 1.0827 - accuracy: 0.6380 - val_loss: 1.1385 - val_accuracy: 0.6160 - 23s/epoch - 4ms/step
Epoch 79/100
6250/6250 - 23s - loss: 1.1286 - accuracy: 0.6311 - val_loss: 1.1693 - val_accuracy: 0.6084 - 23s/epoch - 4ms/step
Epoch 80/100
6250/6250 - 21s - loss: 1.1233 - accuracy: 0.6346 - val_loss: 1.2625 - val_accuracy: 0.5929 - 21s/epoch - 3ms/step
Epoch 81/100
6250/6250 - 21s - loss: 1.1527 - accuracy: 0.6240 - val_loss: 1.1850 - val_accuracy: 0.6034 - 21s/epoch - 3ms/step
Epoch 82/100
6250/6250 - 23s - loss: 1.1494 - accuracy: 0.6330 - val_loss: 1.2081 - val_accuracy: 0.5961 - 23s/epoch - 4ms/step
Epoch 83/100
6250/6250 - 23s - loss: 1.1208 - accuracy: 0.6315 - val_loss: 1.1585 - val_accuracy: 0.6179 - 23s/epoch - 4ms/step
Epoch 84/100
6250/6250 - 23s - loss: 1.1260 - accuracy: 0.6327 - val_loss: 1.1664 - val_accuracy: 0.6104 - 23s/epoch - 4ms/step
Epoch 85/100
6250/6250 - 23s - loss: 1.1273 - accuracy: 0.6356 - val_loss: 1.2137 - val_accuracy: 0.6055 - 23s/epoch - 4ms/step
Epoch 86/100
6250/6250 - 23s - loss: 1.1139 - accuracy: 0.6354 - val_loss: 1.2214 - val_accuracy: 0.5910 - 23s/epoch - 4ms/step
Epoch 87/100
6250/6250 - 23s - loss: 1.1155 - accuracy: 0.6373 - val_loss: 1.1631 - val_accuracy: 0.6280 - 23s/epoch - 4ms/step
Epoch 88/100
6250/6250 - 23s - loss: 1.1438 - accuracy: 0.6364 - val_loss: 1.1335 - val_accuracy: 0.6311 - 23s/epoch - 4ms/step
Epoch 89/100
6250/6250 - 23s - loss: 1.1300 - accuracy: 0.6291 - val_loss: 1.1369 - val_accuracy: 0.6197 - 23s/epoch - 4ms/step
Epoch 90/100
6250/6250 - 23s - loss: 1.1463 - accuracy: 0.6311 - val_loss: 1.1548 - val_accuracy: 0.6242 - 23s/epoch - 4ms/step
Epoch 91/100
6250/6250 - 23s - loss: 1.1869 - accuracy: 0.6224 - val_loss: 1.5269 - val_accuracy: 0.5211 - 23s/epoch - 4ms/step
Epoch 92/100
6250/6250 - 23s - loss: 1.1855 - accuracy: 0.6222 - val_loss: 1.2617 - val_accuracy: 0.5780 - 23s/epoch - 4ms/step
Epoch 93/100
6250/6250 - 23s - loss: 1.1541 - accuracy: 0.6227 - val_loss: 1.1510 - val_accuracy: 0.6282 - 23s/epoch - 4ms/step
Epoch 94/100
6250/6250 - 23s - loss: 1.1772 - accuracy: 0.6237 - val_loss: 1.1430 - val_accuracy: 0.6225 - 23s/epoch - 4ms/step
Epoch 95/100
6250/6250 - 23s - loss: 1.1411 - accuracy: 0.6284 - val_loss: 1.1570 - val_accuracy: 0.6255 - 23s/epoch - 4ms/step
Epoch 96/100
6250/6250 - 23s - loss: 1.1781 - accuracy: 0.6215 - val_loss: 1.2482 - val_accuracy: 0.5954 - 23s/epoch - 4ms/step
Epoch 97/100
6250/6250 - 23s - loss: 1.2222 - accuracy: 0.6085 - val_loss: 1.1461 - val_accuracy: 0.6278 - 23s/epoch - 4ms/step
Epoch 98/100
6250/6250 - 23s - loss: 1.1809 - accuracy: 0.6177 - val_loss: 1.1684 - val_accuracy: 0.6211 - 23s/epoch - 4ms/step
Epoch 99/100
6250/6250 - 23s - loss: 1.1829 - accuracy: 0.6253 - val_loss: 1.1857 - val_accuracy: 0.6277 - 23s/epoch - 4ms/step
Epoch 100/100
6250/6250 - 23s - loss: 1.1427 - accuracy: 0.6256 - val_loss: 1.1466 - val_accuracy: 0.6373 - 23s/epoch - 4ms/step
313/313 - 1s - loss: 1.1466 - accuracy: 0.6374 - 878ms/epoch - 3ms/step

ACCURACY: 0.6373999714851379


SCORE: -0.6912710600395966

[92m | MODULE VALUES ---------------------------------------------  |
 [0m
FLOPS: 27454460
PARAMS: 1333498.0
[92m 
 | -----------------------------------------------------------  |
 [0m

--- BANANAS ITERATION 15 / 1000 ---
Chosen point: {'num_neurons': 16, 'unit_c1': 3, 'unit_c2': 4, 'dr_f': 0.3314074029810251, 'learning_rate': 0.00011205342283471297, 'batch_size': 8, 'optimizer': 'Adam', 'activation': 'elu', 'data_augmentation': False, 'reg_l2': True, 'skip_connection': False, 'new_fc_1': 27, 'new_fc_2': 1, 'new_fc_3': 12, 'new_fc_4': 20, 'new_fc_5': 7, 'new_fc_6': 1, 'new_fc_7': 23, 'new_fc_8': 28, 'new_fc_9': 31, 'new_fc_10': 10}
[94m
|  --> START TRAINING ITERATION 14[0m
[INFO] Flags -> DA: False, L2: True, Skip: False
Building model with input_shape=(32, 32, 3), pos_input_shape=None, layer_x_block=2
Model: "model"
_________________________________________________________________
 Layer (type)                Output Shape              Param #   
=================================================================
 input_1 (InputLayer)        [(None, 32, 32, 3)]       0         
                                                                 
 conv2d (Conv2D)             (None, 32, 32, 48)        1344      
                                                                 
 activation (Activation)     (None, 32, 32, 48)        0         
                                                                 
 conv2d_1 (Conv2D)           (None, 32, 32, 48)        20784     
                                                                 
 activation_1 (Activation)   (None, 32, 32, 48)        0         
                                                                 
 max_pooling2d (MaxPooling2  (None, 16, 16, 48)        0         
 D)                                                              
                                                                 
 conv2d_2 (Conv2D)           (None, 16, 16, 64)        27712     
                                                                 
 activation_2 (Activation)   (None, 16, 16, 64)        0         
                                                                 
 conv2d_3 (Conv2D)           (None, 16, 16, 64)        36928     
                                                                 
 activation_3 (Activation)   (None, 16, 16, 64)        0         
                                                                 
 max_pooling2d_1 (MaxPoolin  (None, 8, 8, 64)          0         
 g2D)                                                            
                                                                 
 flatten (Flatten)           (None, 4096)              0         
                                                                 
 dense (Dense)               (None, 432)               1769904   
                                                                 
 activation_4 (Activation)   (None, 432)               0         
                                                                 
 dropout (Dropout)           (None, 432)               0         
                                                                 
 dense_1 (Dense)             (None, 16)                6928      
                                                                 
 activation_5 (Activation)   (None, 16)                0         
                                                                 
 dropout_1 (Dropout)         (None, 16)                0         
                                                                 
 dense_2 (Dense)             (None, 192)               3264      
                                                                 
 activation_6 (Activation)   (None, 192)               0         
                                                                 
 dropout_2 (Dropout)         (None, 192)               0         
                                                                 
 dense_3 (Dense)             (None, 320)               61760     
                                                                 
 activation_7 (Activation)   (None, 320)               0         
                                                                 
 dropout_3 (Dropout)         (None, 320)               0         
                                                                 
 dense_4 (Dense)             (None, 112)               35952     
                                                                 
 activation_8 (Activation)   (None, 112)               0         
                                                                 
 dropout_4 (Dropout)         (None, 112)               0         
                                                                 
 dense_5 (Dense)             (None, 16)                1808      
                                                                 
 activation_9 (Activation)   (None, 16)                0         
                                                                 
 dropout_5 (Dropout)         (None, 16)                0         
                                                                 
 dense_6 (Dense)             (None, 368)               6256      
                                                                 
 activation_10 (Activation)  (None, 368)               0         
                                                                 
 dropout_6 (Dropout)         (None, 368)               0         
                                                                 
 dense_7 (Dense)             (None, 448)               165312    
                                                                 
 activation_11 (Activation)  (None, 448)               0         
                                                                 
 dropout_7 (Dropout)         (None, 448)               0         
                                                                 
 dense_8 (Dense)             (None, 496)               222704    
                                                                 
 activation_12 (Activation)  (None, 496)               0         
                                                                 
 dropout_8 (Dropout)         (None, 496)               0         
                                                                 
 dense_9 (Dense)             (None, 160)               79520     
                                                                 
 activation_13 (Activation)  (None, 160)               0         
                                                                 
 dropout_9 (Dropout)         (None, 160)               0         
                                                                 
 dense_10 (Dense)            (None, 10)                1610      
                                                                 
=================================================================
Total params: 2441786 (9.31 MB)
Trainable params: 2441786 (9.31 MB)
Non-trainable params: 0 (0.00 Byte)
_________________________________________________________________
Epoch 1/100
6250/6250 - 24s - loss: 5.3914 - accuracy: 0.2473 - val_loss: 2.2498 - val_accuracy: 0.3093 - 24s/epoch - 4ms/step
Epoch 2/100
6250/6250 - 23s - loss: 2.2115 - accuracy: 0.2833 - val_loss: 2.1170 - val_accuracy: 0.3067 - 23s/epoch - 4ms/step
Epoch 3/100
6250/6250 - 23s - loss: 2.1233 - accuracy: 0.2940 - val_loss: 2.0697 - val_accuracy: 0.3165 - 23s/epoch - 4ms/step
Epoch 4/100
6250/6250 - 23s - loss: 2.0934 - accuracy: 0.3019 - val_loss: 2.0370 - val_accuracy: 0.3200 - 23s/epoch - 4ms/step
Epoch 5/100
6250/6250 - 23s - loss: 2.0764 - accuracy: 0.3048 - val_loss: 2.0160 - val_accuracy: 0.3182 - 23s/epoch - 4ms/step
Epoch 6/100
6250/6250 - 23s - loss: 2.0695 - accuracy: 0.3065 - val_loss: 2.0025 - val_accuracy: 0.3285 - 23s/epoch - 4ms/step
Epoch 7/100
6250/6250 - 22s - loss: 2.0588 - accuracy: 0.3047 - val_loss: 2.0179 - val_accuracy: 0.3107 - 22s/epoch - 4ms/step
Epoch 8/100
6250/6250 - 23s - loss: 2.0519 - accuracy: 0.3089 - val_loss: 1.9936 - val_accuracy: 0.3292 - 23s/epoch - 4ms/step
Epoch 9/100
6250/6250 - 23s - loss: 2.0451 - accuracy: 0.3133 - val_loss: 2.0373 - val_accuracy: 0.3083 - 23s/epoch - 4ms/step
Epoch 10/100
6250/6250 - 23s - loss: 2.0396 - accuracy: 0.3137 - val_loss: 1.9853 - val_accuracy: 0.3375 - 23s/epoch - 4ms/step
Epoch 11/100
6250/6250 - 23s - loss: 2.0352 - accuracy: 0.3162 - val_loss: 1.9768 - val_accuracy: 0.3328 - 23s/epoch - 4ms/step
Epoch 12/100
6250/6250 - 23s - loss: 2.0301 - accuracy: 0.3178 - val_loss: 1.9839 - val_accuracy: 0.3342 - 23s/epoch - 4ms/step
Epoch 13/100
6250/6250 - 23s - loss: 2.0288 - accuracy: 0.3192 - val_loss: 1.9798 - val_accuracy: 0.3331 - 23s/epoch - 4ms/step
Epoch 14/100
6250/6250 - 23s - loss: 2.0231 - accuracy: 0.3200 - val_loss: 1.9826 - val_accuracy: 0.3281 - 23s/epoch - 4ms/step
Epoch 15/100
6250/6250 - 23s - loss: 2.0194 - accuracy: 0.3245 - val_loss: 1.9802 - val_accuracy: 0.3241 - 23s/epoch - 4ms/step
Epoch 16/100
6250/6250 - 22s - loss: 2.0194 - accuracy: 0.3222 - val_loss: 1.9685 - val_accuracy: 0.3318 - 22s/epoch - 4ms/step
Epoch 17/100
6250/6250 - 22s - loss: 2.0144 - accuracy: 0.3237 - val_loss: 1.9651 - val_accuracy: 0.3413 - 22s/epoch - 4ms/step
Epoch 18/100
6250/6250 - 22s - loss: 2.0120 - accuracy: 0.3291 - val_loss: 1.9693 - val_accuracy: 0.3374 - 22s/epoch - 4ms/step
Epoch 19/100
6250/6250 - 23s - loss: 2.0097 - accuracy: 0.3267 - val_loss: 1.9707 - val_accuracy: 0.3327 - 23s/epoch - 4ms/step
Epoch 20/100
6250/6250 - 23s - loss: 2.0091 - accuracy: 0.3265 - val_loss: 1.9591 - val_accuracy: 0.3341 - 23s/epoch - 4ms/step
Epoch 21/100
6250/6250 - 23s - loss: 2.0085 - accuracy: 0.3273 - val_loss: 1.9725 - val_accuracy: 0.3245 - 23s/epoch - 4ms/step
Epoch 22/100
6250/6250 - 23s - loss: 2.0025 - accuracy: 0.3294 - val_loss: 1.9490 - val_accuracy: 0.3393 - 23s/epoch - 4ms/step
Epoch 23/100
6250/6250 - 23s - loss: 2.0032 - accuracy: 0.3271 - val_loss: 1.9515 - val_accuracy: 0.3409 - 23s/epoch - 4ms/step
Epoch 24/100
6250/6250 - 23s - loss: 2.0010 - accuracy: 0.3304 - val_loss: 1.9673 - val_accuracy: 0.3356 - 23s/epoch - 4ms/step
Epoch 25/100
6250/6250 - 23s - loss: 2.0019 - accuracy: 0.3287 - val_loss: 1.9435 - val_accuracy: 0.3490 - 23s/epoch - 4ms/step
Epoch 26/100
6250/6250 - 23s - loss: 1.9975 - accuracy: 0.3303 - val_loss: 1.9576 - val_accuracy: 0.3400 - 23s/epoch - 4ms/step
Epoch 27/100
6250/6250 - 22s - loss: 1.9966 - accuracy: 0.3303 - val_loss: 1.9698 - val_accuracy: 0.3448 - 22s/epoch - 4ms/step
Epoch 28/100
6250/6250 - 23s - loss: 1.9958 - accuracy: 0.3313 - val_loss: 1.9681 - val_accuracy: 0.3395 - 23s/epoch - 4ms/step
Epoch 29/100
6250/6250 - 23s - loss: 1.9912 - accuracy: 0.3337 - val_loss: 1.9486 - val_accuracy: 0.3383 - 23s/epoch - 4ms/step
Epoch 30/100
6250/6250 - 22s - loss: 1.9937 - accuracy: 0.3309 - val_loss: 1.9393 - val_accuracy: 0.3439 - 22s/epoch - 4ms/step
Epoch 31/100
6250/6250 - 23s - loss: 1.9938 - accuracy: 0.3325 - val_loss: 1.9616 - val_accuracy: 0.3366 - 23s/epoch - 4ms/step
Epoch 32/100
6250/6250 - 22s - loss: 1.9924 - accuracy: 0.3308 - val_loss: 1.9400 - val_accuracy: 0.3489 - 22s/epoch - 4ms/step
Epoch 33/100
6250/6250 - 23s - loss: 1.9919 - accuracy: 0.3322 - val_loss: 1.9384 - val_accuracy: 0.3464 - 23s/epoch - 4ms/step
Epoch 34/100
6250/6250 - 23s - loss: 1.9881 - accuracy: 0.3329 - val_loss: 1.9517 - val_accuracy: 0.3462 - 23s/epoch - 4ms/step
Epoch 35/100
6250/6250 - 23s - loss: 1.9870 - accuracy: 0.3334 - val_loss: 1.9310 - val_accuracy: 0.3487 - 23s/epoch - 4ms/step
Epoch 36/100
6250/6250 - 22s - loss: 1.9880 - accuracy: 0.3351 - val_loss: 1.9593 - val_accuracy: 0.3396 - 22s/epoch - 4ms/step
Epoch 37/100
6250/6250 - 23s - loss: 1.9843 - accuracy: 0.3359 - val_loss: 1.9624 - val_accuracy: 0.3386 - 23s/epoch - 4ms/step
Epoch 38/100
6250/6250 - 23s - loss: 1.9834 - accuracy: 0.3385 - val_loss: 1.9294 - val_accuracy: 0.3529 - 23s/epoch - 4ms/step
Epoch 39/100
6250/6250 - 23s - loss: 1.9839 - accuracy: 0.3361 - val_loss: 1.9454 - val_accuracy: 0.3411 - 23s/epoch - 4ms/step
Epoch 40/100
6250/6250 - 23s - loss: 1.9824 - accuracy: 0.3375 - val_loss: 1.9279 - val_accuracy: 0.3544 - 23s/epoch - 4ms/step
Epoch 41/100
6250/6250 - 23s - loss: 1.9805 - accuracy: 0.3377 - val_loss: 1.9195 - val_accuracy: 0.3532 - 23s/epoch - 4ms/step
Epoch 42/100
6250/6250 - 23s - loss: 1.9806 - accuracy: 0.3373 - val_loss: 1.9418 - val_accuracy: 0.3483 - 23s/epoch - 4ms/step
Epoch 43/100
6250/6250 - 22s - loss: 1.9807 - accuracy: 0.3400 - val_loss: 1.9642 - val_accuracy: 0.3337 - 22s/epoch - 4ms/step
Epoch 44/100
6250/6250 - 23s - loss: 1.9815 - accuracy: 0.3383 - val_loss: 1.9359 - val_accuracy: 0.3438 - 23s/epoch - 4ms/step
Epoch 45/100
6250/6250 - 23s - loss: 1.9797 - accuracy: 0.3383 - val_loss: 1.9238 - val_accuracy: 0.3628 - 23s/epoch - 4ms/step
Epoch 46/100
6250/6250 - 23s - loss: 1.9769 - accuracy: 0.3364 - val_loss: 1.9378 - val_accuracy: 0.3510 - 23s/epoch - 4ms/step
Epoch 47/100
6250/6250 - 23s - loss: 1.9779 - accuracy: 0.3416 - val_loss: 1.9499 - val_accuracy: 0.3486 - 23s/epoch - 4ms/step
Epoch 48/100
6250/6250 - 23s - loss: 1.9764 - accuracy: 0.3400 - val_loss: 1.9341 - val_accuracy: 0.3459 - 23s/epoch - 4ms/step
Epoch 49/100
6250/6250 - 22s - loss: 1.9751 - accuracy: 0.3374 - val_loss: 1.9235 - val_accuracy: 0.3655 - 22s/epoch - 4ms/step
Epoch 50/100
6250/6250 - 23s - loss: 1.9780 - accuracy: 0.3419 - val_loss: 1.9373 - val_accuracy: 0.3534 - 23s/epoch - 4ms/step
Epoch 51/100
6250/6250 - 23s - loss: 1.9755 - accuracy: 0.3393 - val_loss: 1.9290 - val_accuracy: 0.3564 - 23s/epoch - 4ms/step
Epoch 52/100
6250/6250 - 23s - loss: 1.9732 - accuracy: 0.3414 - val_loss: 1.9321 - val_accuracy: 0.3708 - 23s/epoch - 4ms/step
Epoch 53/100
6250/6250 - 23s - loss: 1.9725 - accuracy: 0.3378 - val_loss: 1.9426 - val_accuracy: 0.3448 - 23s/epoch - 4ms/step
Epoch 54/100
6250/6250 - 23s - loss: 1.9713 - accuracy: 0.3448 - val_loss: 1.9182 - val_accuracy: 0.3568 - 23s/epoch - 4ms/step
Epoch 55/100
6250/6250 - 23s - loss: 1.9718 - accuracy: 0.3441 - val_loss: 1.9150 - val_accuracy: 0.3594 - 23s/epoch - 4ms/step
Epoch 56/100
6250/6250 - 23s - loss: 1.9720 - accuracy: 0.3424 - val_loss: 1.9201 - val_accuracy: 0.3502 - 23s/epoch - 4ms/step
Epoch 57/100
6250/6250 - 23s - loss: 1.9710 - accuracy: 0.3415 - val_loss: 1.9219 - val_accuracy: 0.3406 - 23s/epoch - 4ms/step
Epoch 58/100
6250/6250 - 23s - loss: 1.9693 - accuracy: 0.3434 - val_loss: 1.9316 - val_accuracy: 0.3596 - 23s/epoch - 4ms/step
Epoch 59/100
6250/6250 - 22s - loss: 1.9693 - accuracy: 0.3406 - val_loss: 1.9414 - val_accuracy: 0.3422 - 22s/epoch - 4ms/step
Epoch 60/100
6250/6250 - 22s - loss: 1.9694 - accuracy: 0.3425 - val_loss: 1.9176 - val_accuracy: 0.3662 - 22s/epoch - 4ms/step
Epoch 61/100
6250/6250 - 23s - loss: 1.9686 - accuracy: 0.3403 - val_loss: 1.9554 - val_accuracy: 0.3554 - 23s/epoch - 4ms/step
Epoch 62/100
6250/6250 - 23s - loss: 1.9672 - accuracy: 0.3391 - val_loss: 1.9256 - val_accuracy: 0.3492 - 23s/epoch - 4ms/step
Epoch 63/100
6250/6250 - 23s - loss: 1.9648 - accuracy: 0.3424 - val_loss: 1.9304 - val_accuracy: 0.3583 - 23s/epoch - 4ms/step
Epoch 64/100
6250/6250 - 23s - loss: 1.9654 - accuracy: 0.3410 - val_loss: 1.9193 - val_accuracy: 0.3523 - 23s/epoch - 4ms/step
Epoch 65/100
6250/6250 - 23s - loss: 1.9645 - accuracy: 0.3414 - val_loss: 1.9310 - val_accuracy: 0.3505 - 23s/epoch - 4ms/step
Epoch 66/100
6250/6250 - 22s - loss: 1.9659 - accuracy: 0.3421 - val_loss: 1.9534 - val_accuracy: 0.3502 - 22s/epoch - 4ms/step
Epoch 67/100
6250/6250 - 23s - loss: 1.9668 - accuracy: 0.3417 - val_loss: 1.9095 - val_accuracy: 0.3634 - 23s/epoch - 4ms/step
Epoch 68/100
6250/6250 - 23s - loss: 1.9637 - accuracy: 0.3455 - val_loss: 1.9163 - val_accuracy: 0.3573 - 23s/epoch - 4ms/step
Epoch 69/100
6250/6250 - 22s - loss: 1.9654 - accuracy: 0.3438 - val_loss: 1.9157 - val_accuracy: 0.3662 - 22s/epoch - 4ms/step
Epoch 70/100
6250/6250 - 23s - loss: 1.9633 - accuracy: 0.3406 - val_loss: 1.9154 - val_accuracy: 0.3579 - 23s/epoch - 4ms/step
Epoch 71/100
6250/6250 - 23s - loss: 1.9629 - accuracy: 0.3461 - val_loss: 1.9041 - val_accuracy: 0.3653 - 23s/epoch - 4ms/step
Epoch 72/100
6250/6250 - 23s - loss: 1.9622 - accuracy: 0.3465 - val_loss: 1.9169 - val_accuracy: 0.3512 - 23s/epoch - 4ms/step
Epoch 73/100
6250/6250 - 22s - loss: 1.9634 - accuracy: 0.3405 - val_loss: 1.9266 - val_accuracy: 0.3455 - 22s/epoch - 4ms/step
Epoch 74/100
6250/6250 - 23s - loss: 1.9637 - accuracy: 0.3432 - val_loss: 1.9138 - val_accuracy: 0.3483 - 23s/epoch - 4ms/step
Epoch 75/100
6250/6250 - 23s - loss: 1.9618 - accuracy: 0.3434 - val_loss: 1.9149 - val_accuracy: 0.3591 - 23s/epoch - 4ms/step
Epoch 76/100
6250/6250 - 22s - loss: 1.9588 - accuracy: 0.3439 - val_loss: 1.9112 - val_accuracy: 0.3472 - 22s/epoch - 4ms/step
Epoch 77/100
6250/6250 - 23s - loss: 1.9600 - accuracy: 0.3454 - val_loss: 1.9260 - val_accuracy: 0.3568 - 23s/epoch - 4ms/step
Epoch 78/100
6250/6250 - 23s - loss: 1.9569 - accuracy: 0.3450 - val_loss: 1.9237 - val_accuracy: 0.3576 - 23s/epoch - 4ms/step
Epoch 79/100
6250/6250 - 23s - loss: 1.9570 - accuracy: 0.3459 - val_loss: 1.9108 - val_accuracy: 0.3540 - 23s/epoch - 4ms/step
Epoch 80/100
6250/6250 - 23s - loss: 1.9607 - accuracy: 0.3457 - val_loss: 1.9270 - val_accuracy: 0.3607 - 23s/epoch - 4ms/step
Epoch 81/100
6250/6250 - 23s - loss: 1.9558 - accuracy: 0.3483 - val_loss: 1.9099 - val_accuracy: 0.3638 - 23s/epoch - 4ms/step
Epoch 82/100
Restoring model weights from the end of the best epoch: 52.
6250/6250 - 23s - loss: 1.9584 - accuracy: 0.3447 - val_loss: 1.9315 - val_accuracy: 0.3460 - 23s/epoch - 4ms/step
Epoch 82: early stopping
313/313 - 1s - loss: 1.9321 - accuracy: 0.3706 - 807ms/epoch - 3ms/step

ACCURACY: 0.37059998512268066


SCORE: -0.39330838158587644

[92m | MODULE VALUES ---------------------------------------------  |
 [0m
FLOPS: 83055804
PARAMS: 2441786.0
[92m 
 | -----------------------------------------------------------  |
 [0m

--- BANANAS ITERATION 16 / 1000 ---
Chosen point: {'num_neurons': 16, 'unit_c1': 2, 'unit_c2': 2, 'dr_f': 0.3720225036187189, 'learning_rate': 0.0005196053165397947, 'batch_size': 8, 'optimizer': 'Adam', 'activation': 'selu', 'data_augmentation': False, 'reg_l2': False, 'skip_connection': True, 'new_fc_1': 30, 'new_fc_2': 11, 'new_fc_3': 21, 'new_fc_4': 19, 'new_fc_5': 6, 'new_fc_6': 9, 'new_fc_7': 30, 'new_fc_8': 15, 'new_fc_9': 7, 'new_fc_10': 28}
[94m
|  --> START TRAINING ITERATION 15[0m
[INFO] Flags -> DA: False, L2: False, Skip: True
Building model with input_shape=(32, 32, 3), pos_input_shape=None, layer_x_block=2
Model: "model"
__________________________________________________________________________________________________
 Layer (type)                Output Shape                 Param #   Connected to                  
==================================================================================================
 input_1 (InputLayer)        [(None, 32, 32, 3)]          0         []                            
                                                                                                  
 conv2d (Conv2D)             (None, 32, 32, 32)           896       ['input_1[0][0]']             
                                                                                                  
 activation (Activation)     (None, 32, 32, 32)           0         ['conv2d[0][0]']              
                                                                                                  
 conv2d_2 (Conv2D)           (None, 32, 32, 32)           128       ['input_1[0][0]']             
                                                                                                  
 conv2d_1 (Conv2D)           (None, 32, 32, 32)           9248      ['activation[0][0]']          
                                                                                                  
 add (Add)                   (None, 32, 32, 32)           0         ['conv2d_2[0][0]',            
                                                                     'conv2d_1[0][0]']            
                                                                                                  
 activation_1 (Activation)   (None, 32, 32, 32)           0         ['add[0][0]']                 
                                                                                                  
 max_pooling2d (MaxPooling2  (None, 16, 16, 32)           0         ['activation_1[0][0]']        
 D)                                                                                               
                                                                                                  
 conv2d_3 (Conv2D)           (None, 16, 16, 32)           9248      ['max_pooling2d[0][0]']       
                                                                                                  
 activation_2 (Activation)   (None, 16, 16, 32)           0         ['conv2d_3[0][0]']            
                                                                                                  
 conv2d_4 (Conv2D)           (None, 16, 16, 32)           9248      ['activation_2[0][0]']        
                                                                                                  
 add_1 (Add)                 (None, 16, 16, 32)           0         ['max_pooling2d[0][0]',       
                                                                     'conv2d_4[0][0]']            
                                                                                                  
 activation_3 (Activation)   (None, 16, 16, 32)           0         ['add_1[0][0]']               
                                                                                                  
 max_pooling2d_1 (MaxPoolin  (None, 8, 8, 32)             0         ['activation_3[0][0]']        
 g2D)                                                                                             
                                                                                                  
 flatten (Flatten)           (None, 2048)                 0         ['max_pooling2d_1[0][0]']     
                                                                                                  
 dense (Dense)               (None, 480)                  983520    ['flatten[0][0]']             
                                                                                                  
 activation_4 (Activation)   (None, 480)                  0         ['dense[0][0]']               
                                                                                                  
 dropout (Dropout)           (None, 480)                  0         ['activation_4[0][0]']        
                                                                                                  
 dense_1 (Dense)             (None, 176)                  84656     ['dropout[0][0]']             
                                                                                                  
 activation_5 (Activation)   (None, 176)                  0         ['dense_1[0][0]']             
                                                                                                  
 dropout_1 (Dropout)         (None, 176)                  0         ['activation_5[0][0]']        
                                                                                                  
 dense_2 (Dense)             (None, 336)                  59472     ['dropout_1[0][0]']           
                                                                                                  
 activation_6 (Activation)   (None, 336)                  0         ['dense_2[0][0]']             
                                                                                                  
 dropout_2 (Dropout)         (None, 336)                  0         ['activation_6[0][0]']        
                                                                                                  
 dense_3 (Dense)             (None, 304)                  102448    ['dropout_2[0][0]']           
                                                                                                  
 activation_7 (Activation)   (None, 304)                  0         ['dense_3[0][0]']             
                                                                                                  
 dropout_3 (Dropout)         (None, 304)                  0         ['activation_7[0][0]']        
                                                                                                  
 dense_4 (Dense)             (None, 96)                   29280     ['dropout_3[0][0]']           
                                                                                                  
 activation_8 (Activation)   (None, 96)                   0         ['dense_4[0][0]']             
                                                                                                  
 dropout_4 (Dropout)         (None, 96)                   0         ['activation_8[0][0]']        
                                                                                                  
 dense_5 (Dense)             (None, 144)                  13968     ['dropout_4[0][0]']           
                                                                                                  
 activation_9 (Activation)   (None, 144)                  0         ['dense_5[0][0]']             
                                                                                                  
 dropout_5 (Dropout)         (None, 144)                  0         ['activation_9[0][0]']        
                                                                                                  
 dense_6 (Dense)             (None, 480)                  69600     ['dropout_5[0][0]']           
                                                                                                  
 activation_10 (Activation)  (None, 480)                  0         ['dense_6[0][0]']             
                                                                                                  
 dropout_6 (Dropout)         (None, 480)                  0         ['activation_10[0][0]']       
                                                                                                  
 dense_7 (Dense)             (None, 240)                  115440    ['dropout_6[0][0]']           
                                                                                                  
 activation_11 (Activation)  (None, 240)                  0         ['dense_7[0][0]']             
                                                                                                  
 dropout_7 (Dropout)         (None, 240)                  0         ['activation_11[0][0]']       
                                                                                                  
 dense_8 (Dense)             (None, 112)                  26992     ['dropout_7[0][0]']           
                                                                                                  
 activation_12 (Activation)  (None, 112)                  0         ['dense_8[0][0]']             
                                                                                                  
 dropout_8 (Dropout)         (None, 112)                  0         ['activation_12[0][0]']       
                                                                                                  
 dense_9 (Dense)             (None, 448)                  50624     ['dropout_8[0][0]']           
                                                                                                  
 activation_13 (Activation)  (None, 448)                  0         ['dense_9[0][0]']             
                                                                                                  
 dropout_9 (Dropout)         (None, 448)                  0         ['activation_13[0][0]']       
                                                                                                  
 dense_10 (Dense)            (None, 10)                   4490      ['dropout_9[0][0]']           
                                                                                                  
==================================================================================================
Total params: 1569258 (5.99 MB)
Trainable params: 1569258 (5.99 MB)
Non-trainable params: 0 (0.00 Byte)
__________________________________________________________________________________________________
Epoch 1/100
6250/6250 - 23s - loss: 2.6843 - accuracy: 0.0985 - val_loss: 2.3557 - val_accuracy: 0.1000 - 23s/epoch - 4ms/step
Epoch 2/100
6250/6250 - 22s - loss: 2.3956 - accuracy: 0.0993 - val_loss: 2.3778 - val_accuracy: 0.1000 - 22s/epoch - 3ms/step
Epoch 3/100
6250/6250 - 22s - loss: 2.3918 - accuracy: 0.1020 - val_loss: 2.3456 - val_accuracy: 0.1000 - 22s/epoch - 3ms/step
Epoch 4/100
6250/6250 - 22s - loss: 2.3954 - accuracy: 0.0984 - val_loss: 2.3285 - val_accuracy: 0.1000 - 22s/epoch - 3ms/step
Epoch 5/100
6250/6250 - 22s - loss: 2.4027 - accuracy: 0.0989 - val_loss: 2.3329 - val_accuracy: 0.1000 - 22s/epoch - 3ms/step
Epoch 6/100
6250/6250 - 22s - loss: 2.3972 - accuracy: 0.1002 - val_loss: 2.4191 - val_accuracy: 0.1000 - 22s/epoch - 3ms/step
Epoch 7/100
6250/6250 - 22s - loss: 2.3951 - accuracy: 0.0978 - val_loss: 2.3246 - val_accuracy: 0.1000 - 22s/epoch - 3ms/step
Epoch 8/100
6250/6250 - 22s - loss: 2.3980 - accuracy: 0.0990 - val_loss: 2.3929 - val_accuracy: 0.1000 - 22s/epoch - 3ms/step
Epoch 9/100
6250/6250 - 21s - loss: 2.4003 - accuracy: 0.0999 - val_loss: 2.3526 - val_accuracy: 0.1000 - 21s/epoch - 3ms/step
Epoch 10/100
6250/6250 - 21s - loss: 2.4009 - accuracy: 0.1012 - val_loss: 2.3402 - val_accuracy: 0.1000 - 21s/epoch - 3ms/step
Epoch 11/100
6250/6250 - 22s - loss: 2.3985 - accuracy: 0.1006 - val_loss: 2.3448 - val_accuracy: 0.1000 - 22s/epoch - 4ms/step
Epoch 12/100
6250/6250 - 22s - loss: 2.3995 - accuracy: 0.0986 - val_loss: 2.3315 - val_accuracy: 0.1000 - 22s/epoch - 4ms/step
Epoch 13/100
6250/6250 - 22s - loss: 2.4273 - accuracy: 0.1009 - val_loss: 2.3455 - val_accuracy: 0.1000 - 22s/epoch - 4ms/step
Epoch 14/100
6250/6250 - 22s - loss: 2.3993 - accuracy: 0.0997 - val_loss: 2.3571 - val_accuracy: 0.1000 - 22s/epoch - 4ms/step
Epoch 15/100
6250/6250 - 22s - loss: 2.4187 - accuracy: 0.1003 - val_loss: 2.3347 - val_accuracy: 0.1000 - 22s/epoch - 3ms/step
Epoch 16/100
6250/6250 - 22s - loss: 2.4025 - accuracy: 0.1017 - val_loss: 2.3657 - val_accuracy: 0.1000 - 22s/epoch - 3ms/step
Epoch 17/100
6250/6250 - 22s - loss: 2.4032 - accuracy: 0.0984 - val_loss: 2.3834 - val_accuracy: 0.1000 - 22s/epoch - 3ms/step
Epoch 18/100
6250/6250 - 22s - loss: 2.4348 - accuracy: 0.1008 - val_loss: 2.3298 - val_accuracy: 0.1000 - 22s/epoch - 3ms/step
Epoch 19/100
6250/6250 - 22s - loss: 2.4019 - accuracy: 0.1010 - val_loss: 2.3694 - val_accuracy: 0.1000 - 22s/epoch - 3ms/step
Epoch 20/100
6250/6250 - 22s - loss: 2.4063 - accuracy: 0.1000 - val_loss: 2.4283 - val_accuracy: 0.1000 - 22s/epoch - 3ms/step
Epoch 21/100
6250/6250 - 22s - loss: 2.4393 - accuracy: 0.1002 - val_loss: 2.4069 - val_accuracy: 0.1000 - 22s/epoch - 3ms/step
Epoch 22/100
6250/6250 - 22s - loss: 2.4093 - accuracy: 0.0978 - val_loss: 2.3702 - val_accuracy: 0.1000 - 22s/epoch - 3ms/step
Epoch 23/100
6250/6250 - 22s - loss: 2.4041 - accuracy: 0.1007 - val_loss: 2.4319 - val_accuracy: 0.1000 - 22s/epoch - 3ms/step
Epoch 24/100
6250/6250 - 22s - loss: 2.4158 - accuracy: 0.1009 - val_loss: 2.3519 - val_accuracy: 0.1000 - 22s/epoch - 3ms/step
Epoch 25/100
6250/6250 - 22s - loss: 2.4045 - accuracy: 0.1009 - val_loss: 2.4425 - val_accuracy: 0.1000 - 22s/epoch - 3ms/step
Epoch 26/100
6250/6250 - 21s - loss: 2.4094 - accuracy: 0.0975 - val_loss: 2.3681 - val_accuracy: 0.1000 - 21s/epoch - 3ms/step
Epoch 27/100
6250/6250 - 20s - loss: 2.4099 - accuracy: 0.1002 - val_loss: 2.4248 - val_accuracy: 0.1000 - 20s/epoch - 3ms/step
Epoch 28/100
6250/6250 - 21s - loss: 2.4600 - accuracy: 0.0984 - val_loss: 2.3412 - val_accuracy: 0.1000 - 21s/epoch - 3ms/step
Epoch 29/100
6250/6250 - 21s - loss: 2.4661 - accuracy: 0.1025 - val_loss: 2.3592 - val_accuracy: 0.1000 - 21s/epoch - 3ms/step
Epoch 30/100
6250/6250 - 22s - loss: 2.4079 - accuracy: 0.0995 - val_loss: 2.3632 - val_accuracy: 0.1000 - 22s/epoch - 3ms/step
Epoch 31/100
Restoring model weights from the end of the best epoch: 1.
6250/6250 - 21s - loss: 2.4083 - accuracy: 0.1011 - val_loss: 2.3991 - val_accuracy: 0.1000 - 21s/epoch - 3ms/step
Epoch 31: early stopping
313/313 - 1s - loss: 2.3557 - accuracy: 0.1000 - 577ms/epoch - 2ms/step

ACCURACY: 0.10000000149011612


SCORE: -0.30289511304308125

[92m | MODULE VALUES ---------------------------------------------  |
 [0m
FLOPS: 33552444
PARAMS: 1569258.0
[92m 
 | -----------------------------------------------------------  |
 [0m

--- BANANAS ITERATION 17 / 1000 ---
Chosen point: {'num_neurons': 16, 'unit_c1': 3, 'unit_c2': 5, 'dr_f': 0.3924004671372163, 'learning_rate': 0.000583354288177505, 'batch_size': 16, 'optimizer': 'Adam', 'activation': 'elu', 'data_augmentation': False, 'reg_l2': False, 'skip_connection': False, 'new_fc_1': 11, 'new_fc_2': 25, 'new_fc_3': 29, 'new_fc_4': 31, 'new_fc_5': 21, 'new_fc_6': 2, 'new_fc_7': 9, 'new_fc_8': 25, 'new_fc_9': 28, 'new_fc_10': 20}
[94m
|  --> START TRAINING ITERATION 16[0m
[INFO] Flags -> DA: False, L2: False, Skip: False
Building model with input_shape=(32, 32, 3), pos_input_shape=None, layer_x_block=2
Model: "model"
_________________________________________________________________
 Layer (type)                Output Shape              Param #   
=================================================================
 input_1 (InputLayer)        [(None, 32, 32, 3)]       0         
                                                                 
 conv2d (Conv2D)             (None, 32, 32, 48)        1344      
                                                                 
 activation (Activation)     (None, 32, 32, 48)        0         
                                                                 
 conv2d_1 (Conv2D)           (None, 32, 32, 48)        20784     
                                                                 
 activation_1 (Activation)   (None, 32, 32, 48)        0         
                                                                 
 max_pooling2d (MaxPooling2  (None, 16, 16, 48)        0         
 D)                                                              
                                                                 
 conv2d_2 (Conv2D)           (None, 16, 16, 80)        34640     
                                                                 
 activation_2 (Activation)   (None, 16, 16, 80)        0         
                                                                 
 conv2d_3 (Conv2D)           (None, 16, 16, 80)        57680     
                                                                 
 activation_3 (Activation)   (None, 16, 16, 80)        0         
                                                                 
 max_pooling2d_1 (MaxPoolin  (None, 8, 8, 80)          0         
 g2D)                                                            
                                                                 
 flatten (Flatten)           (None, 5120)              0         
                                                                 
 dense (Dense)               (None, 176)               901296    
                                                                 
 activation_4 (Activation)   (None, 176)               0         
                                                                 
 dropout (Dropout)           (None, 176)               0         
                                                                 
 dense_1 (Dense)             (None, 400)               70800     
                                                                 
 activation_5 (Activation)   (None, 400)               0         
                                                                 
 dropout_1 (Dropout)         (None, 400)               0         
                                                                 
 dense_2 (Dense)             (None, 464)               186064    
                                                                 
 activation_6 (Activation)   (None, 464)               0         
                                                                 
 dropout_2 (Dropout)         (None, 464)               0         
                                                                 
 dense_3 (Dense)             (None, 496)               230640    
                                                                 
 activation_7 (Activation)   (None, 496)               0         
                                                                 
 dropout_3 (Dropout)         (None, 496)               0         
                                                                 
 dense_4 (Dense)             (None, 336)               166992    
                                                                 
 activation_8 (Activation)   (None, 336)               0         
                                                                 
 dropout_4 (Dropout)         (None, 336)               0         
                                                                 
 dense_5 (Dense)             (None, 32)                10784     
                                                                 
 activation_9 (Activation)   (None, 32)                0         
                                                                 
 dropout_5 (Dropout)         (None, 32)                0         
                                                                 
 dense_6 (Dense)             (None, 144)               4752      
                                                                 
 activation_10 (Activation)  (None, 144)               0         
                                                                 
 dropout_6 (Dropout)         (None, 144)               0         
                                                                 
 dense_7 (Dense)             (None, 400)               58000     
                                                                 
 activation_11 (Activation)  (None, 400)               0         
                                                                 
 dropout_7 (Dropout)         (None, 400)               0         
                                                                 
 dense_8 (Dense)             (None, 448)               179648    
                                                                 
 activation_12 (Activation)  (None, 448)               0         
                                                                 
 dropout_8 (Dropout)         (None, 448)               0         
                                                                 
 dense_9 (Dense)             (None, 320)               143680    
                                                                 
 activation_13 (Activation)  (None, 320)               0         
                                                                 
 dropout_9 (Dropout)         (None, 320)               0         
                                                                 
 dense_10 (Dense)            (None, 10)                3210      
                                                                 
=================================================================
Total params: 2070314 (7.90 MB)
Trainable params: 2070314 (7.90 MB)
Non-trainable params: 0 (0.00 Byte)
_________________________________________________________________
Epoch 1/100
3125/3125 - 13s - loss: 2.0341 - accuracy: 0.2555 - val_loss: 1.5977 - val_accuracy: 0.4189 - 13s/epoch - 4ms/step
Epoch 2/100
3125/3125 - 16s - loss: 1.7101 - accuracy: 0.3784 - val_loss: 1.5428 - val_accuracy: 0.4180 - 16s/epoch - 5ms/step
Epoch 3/100
3125/3125 - 12s - loss: 1.5988 - accuracy: 0.4448 - val_loss: 1.4661 - val_accuracy: 0.5208 - 12s/epoch - 4ms/step
Epoch 4/100
3125/3125 - 12s - loss: 1.5007 - accuracy: 0.4907 - val_loss: 1.2708 - val_accuracy: 0.5666 - 12s/epoch - 4ms/step
Epoch 5/100
3125/3125 - 12s - loss: 1.4604 - accuracy: 0.5086 - val_loss: 1.2669 - val_accuracy: 0.5869 - 12s/epoch - 4ms/step
Epoch 6/100
3125/3125 - 12s - loss: 1.4245 - accuracy: 0.5179 - val_loss: 1.2959 - val_accuracy: 0.5684 - 12s/epoch - 4ms/step
Epoch 7/100
3125/3125 - 12s - loss: 1.4485 - accuracy: 0.5101 - val_loss: 1.2430 - val_accuracy: 0.5682 - 12s/epoch - 4ms/step
Epoch 8/100
3125/3125 - 12s - loss: 1.4453 - accuracy: 0.5156 - val_loss: 1.2047 - val_accuracy: 0.5819 - 12s/epoch - 4ms/step
Epoch 9/100
3125/3125 - 12s - loss: 1.4205 - accuracy: 0.5271 - val_loss: 1.1830 - val_accuracy: 0.6025 - 12s/epoch - 4ms/step
Epoch 10/100
3125/3125 - 12s - loss: 1.4330 - accuracy: 0.5255 - val_loss: 1.4688 - val_accuracy: 0.5015 - 12s/epoch - 4ms/step
Epoch 11/100
3125/3125 - 12s - loss: 1.4127 - accuracy: 0.5314 - val_loss: 1.3587 - val_accuracy: 0.5289 - 12s/epoch - 4ms/step
Epoch 12/100
3125/3125 - 12s - loss: 1.3659 - accuracy: 0.5449 - val_loss: 1.3903 - val_accuracy: 0.5018 - 12s/epoch - 4ms/step
Epoch 13/100
3125/3125 - 12s - loss: 1.4362 - accuracy: 0.5314 - val_loss: 1.2850 - val_accuracy: 0.5796 - 12s/epoch - 4ms/step
Epoch 14/100
3125/3125 - 12s - loss: 1.4279 - accuracy: 0.5266 - val_loss: 1.1569 - val_accuracy: 0.6085 - 12s/epoch - 4ms/step
Epoch 15/100
3125/3125 - 12s - loss: 1.7289 - accuracy: 0.4615 - val_loss: 1.3444 - val_accuracy: 0.5448 - 12s/epoch - 4ms/step
Epoch 16/100
3125/3125 - 12s - loss: 1.6821 - accuracy: 0.4386 - val_loss: 1.2121 - val_accuracy: 0.6000 - 12s/epoch - 4ms/step
Epoch 17/100
3125/3125 - 12s - loss: 1.7720 - accuracy: 0.4172 - val_loss: 1.5889 - val_accuracy: 0.4658 - 12s/epoch - 4ms/step
Epoch 18/100
3125/3125 - 12s - loss: 1.6120 - accuracy: 0.4640 - val_loss: 1.3880 - val_accuracy: 0.5418 - 12s/epoch - 4ms/step
Epoch 19/100
3125/3125 - 12s - loss: 1.7473 - accuracy: 0.4094 - val_loss: 2.3101 - val_accuracy: 0.1000 - 12s/epoch - 4ms/step
Epoch 20/100
3125/3125 - 12s - loss: 2.3602 - accuracy: 0.1007 - val_loss: 2.3310 - val_accuracy: 0.1000 - 12s/epoch - 4ms/step
Epoch 21/100
3125/3125 - 12s - loss: 2.3583 - accuracy: 0.1032 - val_loss: 2.3200 - val_accuracy: 0.1001 - 12s/epoch - 4ms/step
Epoch 22/100
3125/3125 - 12s - loss: 3.5336 - accuracy: 0.0998 - val_loss: 2.3139 - val_accuracy: 0.1000 - 12s/epoch - 4ms/step
Epoch 23/100
3125/3125 - 12s - loss: 2.3919 - accuracy: 0.1001 - val_loss: 2.3044 - val_accuracy: 0.1000 - 12s/epoch - 4ms/step
Epoch 24/100
3125/3125 - 12s - loss: 2.3658 - accuracy: 0.1004 - val_loss: 2.3255 - val_accuracy: 0.1034 - 12s/epoch - 4ms/step
Epoch 25/100
3125/3125 - 12s - loss: 2.3926 - accuracy: 0.0997 - val_loss: 2.3213 - val_accuracy: 0.1000 - 12s/epoch - 4ms/step
Epoch 26/100
3125/3125 - 12s - loss: 2.3498 - accuracy: 0.0997 - val_loss: 2.3229 - val_accuracy: 0.1000 - 12s/epoch - 4ms/step
Epoch 27/100
3125/3125 - 12s - loss: 2.3493 - accuracy: 0.0979 - val_loss: 2.3410 - val_accuracy: 0.1000 - 12s/epoch - 4ms/step
Epoch 28/100
3125/3125 - 12s - loss: 2.3494 - accuracy: 0.0976 - val_loss: 2.3140 - val_accuracy: 0.1000 - 12s/epoch - 4ms/step
Epoch 29/100
3125/3125 - 12s - loss: 2.3479 - accuracy: 0.1035 - val_loss: 2.3357 - val_accuracy: 0.1000 - 12s/epoch - 4ms/step
Epoch 30/100
3125/3125 - 12s - loss: 2.3490 - accuracy: 0.0999 - val_loss: 2.3275 - val_accuracy: 0.1000 - 12s/epoch - 4ms/step
Epoch 31/100
3125/3125 - 12s - loss: 2.3470 - accuracy: 0.0953 - val_loss: 2.3175 - val_accuracy: 0.1000 - 12s/epoch - 4ms/step
Epoch 32/100
3125/3125 - 12s - loss: 2.3466 - accuracy: 0.1002 - val_loss: 2.3464 - val_accuracy: 0.1000 - 12s/epoch - 4ms/step
Epoch 33/100
3125/3125 - 12s - loss: 2.3481 - accuracy: 0.0988 - val_loss: 2.3117 - val_accuracy: 0.1000 - 12s/epoch - 4ms/step
Epoch 34/100
3125/3125 - 12s - loss: 2.3469 - accuracy: 0.1004 - val_loss: 2.3414 - val_accuracy: 0.1000 - 12s/epoch - 4ms/step
Epoch 35/100
3125/3125 - 12s - loss: 2.3466 - accuracy: 0.0994 - val_loss: 2.3346 - val_accuracy: 0.1000 - 12s/epoch - 4ms/step
Epoch 36/100
3125/3125 - 12s - loss: 2.3458 - accuracy: 0.1013 - val_loss: 2.3610 - val_accuracy: 0.1000 - 12s/epoch - 4ms/step
Epoch 37/100
3125/3125 - 12s - loss: 2.3498 - accuracy: 0.0982 - val_loss: 2.3348 - val_accuracy: 0.1000 - 12s/epoch - 4ms/step
Epoch 38/100
3125/3125 - 12s - loss: 2.3472 - accuracy: 0.0987 - val_loss: 2.3435 - val_accuracy: 0.1000 - 12s/epoch - 4ms/step
Epoch 39/100
3125/3125 - 12s - loss: 2.3478 - accuracy: 0.0997 - val_loss: 2.3307 - val_accuracy: 0.1000 - 12s/epoch - 4ms/step
Epoch 40/100
3125/3125 - 12s - loss: 2.3475 - accuracy: 0.1018 - val_loss: 2.3308 - val_accuracy: 0.1000 - 12s/epoch - 4ms/step
Epoch 41/100
3125/3125 - 12s - loss: 2.3471 - accuracy: 0.0977 - val_loss: 2.3265 - val_accuracy: 0.1000 - 12s/epoch - 4ms/step
Epoch 42/100
3125/3125 - 12s - loss: 4.5287 - accuracy: 0.1020 - val_loss: 2.3317 - val_accuracy: 0.1000 - 12s/epoch - 4ms/step
Epoch 43/100
3125/3125 - 12s - loss: 2.3504 - accuracy: 0.0983 - val_loss: 2.3166 - val_accuracy: 0.1000 - 12s/epoch - 4ms/step
Epoch 44/100
Restoring model weights from the end of the best epoch: 14.
3125/3125 - 12s - loss: 2.3472 - accuracy: 0.0995 - val_loss: 2.3179 - val_accuracy: 0.1000 - 12s/epoch - 4ms/step
Epoch 44: early stopping
313/313 - 1s - loss: 1.1569 - accuracy: 0.6085 - 709ms/epoch - 2ms/step

ACCURACY: 0.6085000038146973


SCORE: -0.533100186670288

[92m | MODULE VALUES ---------------------------------------------  |
 [0m
FLOPS: 96424908
PARAMS: 2070314.0
[92m 
 | -----------------------------------------------------------  |
 [0m

--- BANANAS ITERATION 18 / 1000 ---
Chosen point: {'num_neurons': 8, 'unit_c1': 1, 'unit_c2': 3, 'dr_f': 0.34600417975170883, 'learning_rate': 0.00033150692327645715, 'batch_size': 8, 'optimizer': 'Adadelta', 'activation': 'relu', 'data_augmentation': True, 'reg_l2': True, 'skip_connection': True, 'new_fc_1': 15, 'new_fc_2': 1, 'new_fc_3': 27, 'new_fc_4': 5, 'new_fc_5': 22, 'new_fc_6': 10, 'new_fc_7': 15, 'new_fc_8': 28, 'new_fc_9': 24, 'new_fc_10': 1}
[94m
|  --> START TRAINING ITERATION 17[0m
[INFO] Flags -> DA: True, L2: True, Skip: True
Building model with input_shape=(32, 32, 3), pos_input_shape=None, layer_x_block=2
Model: "model"
__________________________________________________________________________________________________
 Layer (type)                Output Shape                 Param #   Connected to                  
==================================================================================================
 input_2 (InputLayer)        [(None, 32, 32, 3)]          0         []                            
                                                                                                  
 conv2d (Conv2D)             (None, 32, 32, 8)            224       ['input_2[0][0]']             
                                                                                                  
 activation (Activation)     (None, 32, 32, 8)            0         ['conv2d[1][0]']              
                                                                                                  
 conv2d_2 (Conv2D)           (None, 32, 32, 8)            32        ['input_2[0][0]']             
                                                                                                  
 conv2d_1 (Conv2D)           (None, 32, 32, 8)            584       ['activation[1][0]']          
                                                                                                  
 add (Add)                   (None, 32, 32, 8)            0         ['conv2d_2[1][0]',            
                                                                     'conv2d_1[1][0]']            
                                                                                                  
 activation_1 (Activation)   (None, 32, 32, 8)            0         ['add[1][0]']                 
                                                                                                  
 max_pooling2d (MaxPooling2  (None, 16, 16, 8)            0         ['activation_1[1][0]']        
 D)                                                                                               
                                                                                                  
 conv2d_3 (Conv2D)           (None, 16, 16, 24)           1752      ['max_pooling2d[1][0]']       
                                                                                                  
 activation_2 (Activation)   (None, 16, 16, 24)           0         ['conv2d_3[1][0]']            
                                                                                                  
 conv2d_5 (Conv2D)           (None, 16, 16, 24)           216       ['max_pooling2d[1][0]']       
                                                                                                  
 conv2d_4 (Conv2D)           (None, 16, 16, 24)           5208      ['activation_2[1][0]']        
                                                                                                  
 add_1 (Add)                 (None, 16, 16, 24)           0         ['conv2d_5[1][0]',            
                                                                     'conv2d_4[1][0]']            
                                                                                                  
 activation_3 (Activation)   (None, 16, 16, 24)           0         ['add_1[1][0]']               
                                                                                                  
 max_pooling2d_1 (MaxPoolin  (None, 8, 8, 24)             0         ['activation_3[1][0]']        
 g2D)                                                                                             
                                                                                                  
 flatten (Flatten)           (None, 1536)                 0         ['max_pooling2d_1[1][0]']     
                                                                                                  
 dense (Dense)               (None, 120)                  184440    ['flatten[1][0]']             
                                                                                                  
 activation_4 (Activation)   (None, 120)                  0         ['dense[1][0]']               
                                                                                                  
 dropout (Dropout)           (None, 120)                  0         ['activation_4[1][0]']        
                                                                                                  
 dense_1 (Dense)             (None, 8)                    968       ['dropout[1][0]']             
                                                                                                  
 activation_5 (Activation)   (None, 8)                    0         ['dense_1[1][0]']             
                                                                                                  
 dropout_1 (Dropout)         (None, 8)                    0         ['activation_5[1][0]']        
                                                                                                  
 dense_2 (Dense)             (None, 216)                  1944      ['dropout_1[1][0]']           
                                                                                                  
 activation_6 (Activation)   (None, 216)                  0         ['dense_2[1][0]']             
                                                                                                  
 dropout_2 (Dropout)         (None, 216)                  0         ['activation_6[1][0]']        
                                                                                                  
 dense_3 (Dense)             (None, 40)                   8680      ['dropout_2[1][0]']           
                                                                                                  
 activation_7 (Activation)   (None, 40)                   0         ['dense_3[1][0]']             
                                                                                                  
 dropout_3 (Dropout)         (None, 40)                   0         ['activation_7[1][0]']        
                                                                                                  
 dense_4 (Dense)             (None, 176)                  7216      ['dropout_3[1][0]']           
                                                                                                  
 activation_8 (Activation)   (None, 176)                  0         ['dense_4[1][0]']             
                                                                                                  
 dropout_4 (Dropout)         (None, 176)                  0         ['activation_8[1][0]']        
                                                                                                  
 dense_5 (Dense)             (None, 80)                   14160     ['dropout_4[1][0]']           
                                                                                                  
 activation_9 (Activation)   (None, 80)                   0         ['dense_5[1][0]']             
                                                                                                  
 dropout_5 (Dropout)         (None, 80)                   0         ['activation_9[1][0]']        
                                                                                                  
 dense_6 (Dense)             (None, 120)                  9720      ['dropout_5[1][0]']           
                                                                                                  
 activation_10 (Activation)  (None, 120)                  0         ['dense_6[1][0]']             
                                                                                                  
 dropout_6 (Dropout)         (None, 120)                  0         ['activation_10[1][0]']       
                                                                                                  
 dense_7 (Dense)             (None, 224)                  27104     ['dropout_6[1][0]']           
                                                                                                  
 activation_11 (Activation)  (None, 224)                  0         ['dense_7[1][0]']             
                                                                                                  
 dropout_7 (Dropout)         (None, 224)                  0         ['activation_11[1][0]']       
                                                                                                  
 dense_8 (Dense)             (None, 192)                  43200     ['dropout_7[1][0]']           
                                                                                                  
 activation_12 (Activation)  (None, 192)                  0         ['dense_8[1][0]']             
                                                                                                  
 dropout_8 (Dropout)         (None, 192)                  0         ['activation_12[1][0]']       
                                                                                                  
 dense_9 (Dense)             (None, 8)                    1544      ['dropout_8[1][0]']           
                                                                                                  
 activation_13 (Activation)  (None, 8)                    0         ['dense_9[1][0]']             
                                                                                                  
 dropout_9 (Dropout)         (None, 8)                    0         ['activation_13[1][0]']       
                                                                                                  
 dense_10 (Dense)            (None, 10)                   90        ['dropout_9[1][0]']           
                                                                                                  
==================================================================================================
Total params: 307082 (1.17 MB)
Trainable params: 307082 (1.17 MB)
Non-trainable params: 0 (0.00 Byte)
__________________________________________________________________________________________________
Epoch 1/100
6250/6250 - 24s - loss: 12.2678 - accuracy: 0.1025 - val_loss: 11.9111 - val_accuracy: 0.0972 - 24s/epoch - 4ms/step
Epoch 2/100
6250/6250 - 23s - loss: 11.5603 - accuracy: 0.0985 - val_loss: 11.2147 - val_accuracy: 0.1050 - 23s/epoch - 4ms/step
Epoch 3/100
6250/6250 - 23s - loss: 10.8820 - accuracy: 0.1013 - val_loss: 10.5557 - val_accuracy: 0.1057 - 23s/epoch - 4ms/step
Epoch 4/100
6250/6250 - 23s - loss: 10.2435 - accuracy: 0.0986 - val_loss: 9.9384 - val_accuracy: 0.1061 - 23s/epoch - 4ms/step
Epoch 5/100
6250/6250 - 23s - loss: 9.6475 - accuracy: 0.0989 - val_loss: 9.3636 - val_accuracy: 0.0757 - 23s/epoch - 4ms/step
Epoch 6/100
6250/6250 - 23s - loss: 9.0941 - accuracy: 0.0996 - val_loss: 8.8313 - val_accuracy: 0.0809 - 23s/epoch - 4ms/step
Epoch 7/100
6250/6250 - 21s - loss: 8.5823 - accuracy: 0.0962 - val_loss: 8.3398 - val_accuracy: 0.0810 - 21s/epoch - 3ms/step
Epoch 8/100
6250/6250 - 22s - loss: 8.1098 - accuracy: 0.1025 - val_loss: 7.8859 - val_accuracy: 0.0915 - 22s/epoch - 3ms/step
Epoch 9/100
6250/6250 - 22s - loss: 7.6740 - accuracy: 0.0981 - val_loss: 7.4677 - val_accuracy: 0.0990 - 22s/epoch - 4ms/step
Epoch 10/100
6250/6250 - 23s - loss: 7.2723 - accuracy: 0.1014 - val_loss: 7.0820 - val_accuracy: 0.1000 - 23s/epoch - 4ms/step
Epoch 11/100
6250/6250 - 23s - loss: 6.9019 - accuracy: 0.1012 - val_loss: 6.7266 - val_accuracy: 0.1000 - 23s/epoch - 4ms/step
Epoch 12/100
6250/6250 - 23s - loss: 6.5605 - accuracy: 0.1005 - val_loss: 6.3989 - val_accuracy: 0.1000 - 23s/epoch - 4ms/step
Epoch 13/100
6250/6250 - 23s - loss: 6.2458 - accuracy: 0.1008 - val_loss: 6.0967 - val_accuracy: 0.1000 - 23s/epoch - 4ms/step
Epoch 14/100
6250/6250 - 23s - loss: 5.9556 - accuracy: 0.0993 - val_loss: 5.8183 - val_accuracy: 0.1000 - 23s/epoch - 4ms/step
Epoch 15/100
6250/6250 - 23s - loss: 5.6881 - accuracy: 0.0988 - val_loss: 5.5614 - val_accuracy: 0.1000 - 23s/epoch - 4ms/step
Epoch 16/100
6250/6250 - 21s - loss: 5.4414 - accuracy: 0.1008 - val_loss: 5.3246 - val_accuracy: 0.1000 - 21s/epoch - 3ms/step
Epoch 17/100
6250/6250 - 23s - loss: 5.2139 - accuracy: 0.1006 - val_loss: 5.1061 - val_accuracy: 0.1000 - 23s/epoch - 4ms/step
Epoch 18/100
6250/6250 - 23s - loss: 5.0041 - accuracy: 0.1002 - val_loss: 4.9047 - val_accuracy: 0.1000 - 23s/epoch - 4ms/step
Epoch 19/100
6250/6250 - 23s - loss: 4.8105 - accuracy: 0.1002 - val_loss: 4.7188 - val_accuracy: 0.1000 - 23s/epoch - 4ms/step
Epoch 20/100
6250/6250 - 23s - loss: 4.6319 - accuracy: 0.1001 - val_loss: 4.5474 - val_accuracy: 0.1000 - 23s/epoch - 4ms/step
Epoch 21/100
6250/6250 - 22s - loss: 4.4672 - accuracy: 0.0967 - val_loss: 4.3891 - val_accuracy: 0.1000 - 22s/epoch - 3ms/step
Epoch 22/100
6250/6250 - 21s - loss: 4.3151 - accuracy: 0.1012 - val_loss: 4.2431 - val_accuracy: 0.1000 - 21s/epoch - 3ms/step
Epoch 23/100
6250/6250 - 22s - loss: 4.1748 - accuracy: 0.1001 - val_loss: 4.1083 - val_accuracy: 0.1000 - 22s/epoch - 3ms/step
Epoch 24/100
6250/6250 - 22s - loss: 4.0453 - accuracy: 0.0999 - val_loss: 3.9839 - val_accuracy: 0.1000 - 22s/epoch - 4ms/step
Epoch 25/100
6250/6250 - 23s - loss: 3.9257 - accuracy: 0.1013 - val_loss: 3.8690 - val_accuracy: 0.1000 - 23s/epoch - 4ms/step
Epoch 26/100
6250/6250 - 23s - loss: 3.8152 - accuracy: 0.0990 - val_loss: 3.7629 - val_accuracy: 0.1000 - 23s/epoch - 4ms/step
Epoch 27/100
6250/6250 - 23s - loss: 3.7132 - accuracy: 0.1005 - val_loss: 3.6648 - val_accuracy: 0.1000 - 23s/epoch - 4ms/step
Epoch 28/100
6250/6250 - 22s - loss: 3.6190 - accuracy: 0.0989 - val_loss: 3.5743 - val_accuracy: 0.1000 - 22s/epoch - 4ms/step
Epoch 29/100
6250/6250 - 22s - loss: 3.5319 - accuracy: 0.1004 - val_loss: 3.4906 - val_accuracy: 0.1000 - 22s/epoch - 4ms/step
Epoch 30/100
6250/6250 - 23s - loss: 3.4514 - accuracy: 0.0989 - val_loss: 3.4133 - val_accuracy: 0.1000 - 23s/epoch - 4ms/step
Epoch 31/100
6250/6250 - 23s - loss: 3.3770 - accuracy: 0.0997 - val_loss: 3.3418 - val_accuracy: 0.1000 - 23s/epoch - 4ms/step
Epoch 32/100
Restoring model weights from the end of the best epoch: 2.
6250/6250 - 23s - loss: 3.3082 - accuracy: 0.0982 - val_loss: 3.2756 - val_accuracy: 0.1000 - 23s/epoch - 4ms/step
Epoch 32: early stopping
313/313 - 1s - loss: 11.2147 - accuracy: 0.1050 - 764ms/epoch - 2ms/step

ACCURACY: 0.10499999672174454


SCORE: -0.3615458297052212

[92m | MODULE VALUES ---------------------------------------------  |
 [0m
FLOPS: 5977084
PARAMS: 307082.0
[92m 
 | -----------------------------------------------------------  |
 [0m

--- BANANAS ITERATION 19 / 1000 ---
Chosen point: {'num_neurons': 8, 'unit_c1': 1, 'unit_c2': 4, 'dr_f': 0.46881559239980586, 'learning_rate': 0.0006562277657334773, 'batch_size': 8, 'optimizer': 'Adam', 'activation': 'elu', 'data_augmentation': True, 'reg_l2': False, 'skip_connection': True, 'new_fc_1': 29, 'new_fc_2': 23, 'new_fc_3': 3, 'new_fc_4': 28, 'new_fc_5': 27, 'new_fc_6': 1, 'new_fc_7': 25, 'new_fc_8': 21, 'new_fc_9': 1, 'new_fc_10': 0}
[94m
|  --> START TRAINING ITERATION 18[0m
[INFO] Flags -> DA: True, L2: False, Skip: True
Building model with input_shape=(32, 32, 3), pos_input_shape=None, layer_x_block=2
Model: "model"
__________________________________________________________________________________________________
 Layer (type)                Output Shape                 Param #   Connected to                  
==================================================================================================
 input_2 (InputLayer)        [(None, 32, 32, 3)]          0         []                            
                                                                                                  
 conv2d (Conv2D)             (None, 32, 32, 8)            224       ['input_2[0][0]']             
                                                                                                  
 activation (Activation)     (None, 32, 32, 8)            0         ['conv2d[1][0]']              
                                                                                                  
 conv2d_2 (Conv2D)           (None, 32, 32, 8)            32        ['input_2[0][0]']             
                                                                                                  
 conv2d_1 (Conv2D)           (None, 32, 32, 8)            584       ['activation[1][0]']          
                                                                                                  
 add (Add)                   (None, 32, 32, 8)            0         ['conv2d_2[1][0]',            
                                                                     'conv2d_1[1][0]']            
                                                                                                  
 activation_1 (Activation)   (None, 32, 32, 8)            0         ['add[1][0]']                 
                                                                                                  
 max_pooling2d (MaxPooling2  (None, 16, 16, 8)            0         ['activation_1[1][0]']        
 D)                                                                                               
                                                                                                  
 conv2d_3 (Conv2D)           (None, 16, 16, 32)           2336      ['max_pooling2d[1][0]']       
                                                                                                  
 activation_2 (Activation)   (None, 16, 16, 32)           0         ['conv2d_3[1][0]']            
                                                                                                  
 conv2d_5 (Conv2D)           (None, 16, 16, 32)           288       ['max_pooling2d[1][0]']       
                                                                                                  
 conv2d_4 (Conv2D)           (None, 16, 16, 32)           9248      ['activation_2[1][0]']        
                                                                                                  
 add_1 (Add)                 (None, 16, 16, 32)           0         ['conv2d_5[1][0]',            
                                                                     'conv2d_4[1][0]']            
                                                                                                  
 activation_3 (Activation)   (None, 16, 16, 32)           0         ['add_1[1][0]']               
                                                                                                  
 max_pooling2d_1 (MaxPoolin  (None, 8, 8, 32)             0         ['activation_3[1][0]']        
 g2D)                                                                                             
                                                                                                  
 flatten (Flatten)           (None, 2048)                 0         ['max_pooling2d_1[1][0]']     
                                                                                                  
 dense (Dense)               (None, 232)                  475368    ['flatten[1][0]']             
                                                                                                  
 activation_4 (Activation)   (None, 232)                  0         ['dense[1][0]']               
                                                                                                  
 dropout (Dropout)           (None, 232)                  0         ['activation_4[1][0]']        
                                                                                                  
 dense_1 (Dense)             (None, 184)                  42872     ['dropout[1][0]']             
                                                                                                  
 activation_5 (Activation)   (None, 184)                  0         ['dense_1[1][0]']             
                                                                                                  
 dropout_1 (Dropout)         (None, 184)                  0         ['activation_5[1][0]']        
                                                                                                  
 dense_2 (Dense)             (None, 24)                   4440      ['dropout_1[1][0]']           
                                                                                                  
 activation_6 (Activation)   (None, 24)                   0         ['dense_2[1][0]']             
                                                                                                  
 dropout_2 (Dropout)         (None, 24)                   0         ['activation_6[1][0]']        
                                                                                                  
 dense_3 (Dense)             (None, 224)                  5600      ['dropout_2[1][0]']           
                                                                                                  
 activation_7 (Activation)   (None, 224)                  0         ['dense_3[1][0]']             
                                                                                                  
 dropout_3 (Dropout)         (None, 224)                  0         ['activation_7[1][0]']        
                                                                                                  
 dense_4 (Dense)             (None, 216)                  48600     ['dropout_3[1][0]']           
                                                                                                  
 activation_8 (Activation)   (None, 216)                  0         ['dense_4[1][0]']             
                                                                                                  
 dropout_4 (Dropout)         (None, 216)                  0         ['activation_8[1][0]']        
                                                                                                  
 dense_5 (Dense)             (None, 8)                    1736      ['dropout_4[1][0]']           
                                                                                                  
 activation_9 (Activation)   (None, 8)                    0         ['dense_5[1][0]']             
                                                                                                  
 dropout_5 (Dropout)         (None, 8)                    0         ['activation_9[1][0]']        
                                                                                                  
 dense_6 (Dense)             (None, 200)                  1800      ['dropout_5[1][0]']           
                                                                                                  
 activation_10 (Activation)  (None, 200)                  0         ['dense_6[1][0]']             
                                                                                                  
 dropout_6 (Dropout)         (None, 200)                  0         ['activation_10[1][0]']       
                                                                                                  
 dense_7 (Dense)             (None, 168)                  33768     ['dropout_6[1][0]']           
                                                                                                  
 activation_11 (Activation)  (None, 168)                  0         ['dense_7[1][0]']             
                                                                                                  
 dropout_7 (Dropout)         (None, 168)                  0         ['activation_11[1][0]']       
                                                                                                  
 dense_8 (Dense)             (None, 8)                    1352      ['dropout_7[1][0]']           
                                                                                                  
 activation_12 (Activation)  (None, 8)                    0         ['dense_8[1][0]']             
                                                                                                  
 dropout_8 (Dropout)         (None, 8)                    0         ['activation_12[1][0]']       
                                                                                                  
 dense_9 (Dense)             (None, 10)                   90        ['dropout_8[1][0]']           
                                                                                                  
==================================================================================================
Total params: 628338 (2.40 MB)
Trainable params: 628338 (2.40 MB)
Non-trainable params: 0 (0.00 Byte)
__________________________________________________________________________________________________
Epoch 1/100
6250/6250 - 22s - loss: 2.3346 - accuracy: 0.1044 - val_loss: 2.3032 - val_accuracy: 0.1000 - 22s/epoch - 4ms/step
Epoch 2/100
6250/6250 - 20s - loss: 2.3060 - accuracy: 0.0996 - val_loss: 2.3035 - val_accuracy: 0.1000 - 20s/epoch - 3ms/step
Epoch 3/100
6250/6250 - 21s - loss: 2.3044 - accuracy: 0.0998 - val_loss: 2.3031 - val_accuracy: 0.1000 - 21s/epoch - 3ms/step
Epoch 4/100
6250/6250 - 21s - loss: 2.3047 - accuracy: 0.0997 - val_loss: 2.3036 - val_accuracy: 0.1000 - 21s/epoch - 3ms/step
Epoch 5/100
6250/6250 - 21s - loss: 2.3046 - accuracy: 0.1014 - val_loss: 2.3042 - val_accuracy: 0.1000 - 21s/epoch - 3ms/step
Epoch 6/100
6250/6250 - 21s - loss: 2.3052 - accuracy: 0.0984 - val_loss: 2.3036 - val_accuracy: 0.1000 - 21s/epoch - 3ms/step
Epoch 7/100
6250/6250 - 21s - loss: 2.3046 - accuracy: 0.0990 - val_loss: 2.3040 - val_accuracy: 0.1000 - 21s/epoch - 3ms/step
Epoch 8/100
6250/6250 - 21s - loss: 2.3051 - accuracy: 0.1012 - val_loss: 2.3052 - val_accuracy: 0.1000 - 21s/epoch - 3ms/step
Epoch 9/100
6250/6250 - 21s - loss: 2.3049 - accuracy: 0.0981 - val_loss: 2.3034 - val_accuracy: 0.1000 - 21s/epoch - 3ms/step
Epoch 10/100
6250/6250 - 21s - loss: 2.3059 - accuracy: 0.1007 - val_loss: 2.3034 - val_accuracy: 0.1000 - 21s/epoch - 3ms/step
Epoch 11/100
6250/6250 - 21s - loss: 2.3050 - accuracy: 0.0986 - val_loss: 2.3035 - val_accuracy: 0.1000 - 21s/epoch - 3ms/step
Epoch 12/100
6250/6250 - 21s - loss: 2.3051 - accuracy: 0.1025 - val_loss: 2.3033 - val_accuracy: 0.1000 - 21s/epoch - 3ms/step
Epoch 13/100
6250/6250 - 21s - loss: 2.3048 - accuracy: 0.0995 - val_loss: 2.3044 - val_accuracy: 0.1000 - 21s/epoch - 3ms/step
Epoch 14/100
6250/6250 - 20s - loss: 2.3054 - accuracy: 0.0991 - val_loss: 2.3043 - val_accuracy: 0.1000 - 20s/epoch - 3ms/step
Epoch 15/100
6250/6250 - 21s - loss: 2.3047 - accuracy: 0.0992 - val_loss: 2.3030 - val_accuracy: 0.1000 - 21s/epoch - 3ms/step
Epoch 16/100
6250/6250 - 21s - loss: 2.3048 - accuracy: 0.0997 - val_loss: 2.3043 - val_accuracy: 0.1000 - 21s/epoch - 3ms/step
Epoch 17/100
6250/6250 - 21s - loss: 2.3049 - accuracy: 0.1003 - val_loss: 2.3037 - val_accuracy: 0.1000 - 21s/epoch - 3ms/step
Epoch 18/100
6250/6250 - 21s - loss: 2.3050 - accuracy: 0.0986 - val_loss: 2.3033 - val_accuracy: 0.1000 - 21s/epoch - 3ms/step
Epoch 19/100
6250/6250 - 21s - loss: 2.3048 - accuracy: 0.0995 - val_loss: 2.3034 - val_accuracy: 0.1000 - 21s/epoch - 3ms/step
Epoch 20/100
6250/6250 - 21s - loss: 2.3048 - accuracy: 0.0987 - val_loss: 2.3036 - val_accuracy: 0.1000 - 21s/epoch - 3ms/step
Epoch 21/100
6250/6250 - 21s - loss: 2.3064 - accuracy: 0.0977 - val_loss: 2.3037 - val_accuracy: 0.1000 - 21s/epoch - 3ms/step
Epoch 22/100
6250/6250 - 21s - loss: 2.3047 - accuracy: 0.0999 - val_loss: 2.3033 - val_accuracy: 0.1000 - 21s/epoch - 3ms/step
Epoch 23/100
6250/6250 - 21s - loss: 2.3046 - accuracy: 0.0985 - val_loss: 2.3033 - val_accuracy: 0.1000 - 21s/epoch - 3ms/step
Epoch 24/100
6250/6250 - 20s - loss: 2.3049 - accuracy: 0.1001 - val_loss: 2.3030 - val_accuracy: 0.1000 - 20s/epoch - 3ms/step
Epoch 25/100
6250/6250 - 21s - loss: 2.3044 - accuracy: 0.1002 - val_loss: 2.3038 - val_accuracy: 0.1000 - 21s/epoch - 3ms/step
Epoch 26/100
6250/6250 - 21s - loss: 2.3048 - accuracy: 0.0995 - val_loss: 2.3034 - val_accuracy: 0.1000 - 21s/epoch - 3ms/step
Epoch 27/100
6250/6250 - 21s - loss: 2.3050 - accuracy: 0.0991 - val_loss: 2.3036 - val_accuracy: 0.1000 - 21s/epoch - 3ms/step
Epoch 28/100
6250/6250 - 21s - loss: 2.3046 - accuracy: 0.0978 - val_loss: 2.3038 - val_accuracy: 0.1000 - 21s/epoch - 3ms/step
Epoch 29/100
6250/6250 - 21s - loss: 2.3049 - accuracy: 0.1000 - val_loss: 2.3033 - val_accuracy: 0.1000 - 21s/epoch - 3ms/step
Epoch 30/100
6250/6250 - 21s - loss: 2.3048 - accuracy: 0.0974 - val_loss: 2.3050 - val_accuracy: 0.1000 - 21s/epoch - 3ms/step
Epoch 31/100
Restoring model weights from the end of the best epoch: 1.
6250/6250 - 21s - loss: 2.3050 - accuracy: 0.1006 - val_loss: 2.3032 - val_accuracy: 0.1000 - 21s/epoch - 3ms/step
Epoch 31: early stopping
313/313 - 1s - loss: 2.3032 - accuracy: 0.1000 - 558ms/epoch - 2ms/step

ACCURACY: 0.10000000149011612


SCORE: -0.3519751450430813

[92m | MODULE VALUES ---------------------------------------------  |
 [0m
FLOPS: 9012428
PARAMS: 628338.0
[92m 
 | -----------------------------------------------------------  |
 [0m

--- BANANAS ITERATION 20 / 1000 ---
Chosen point: {'num_neurons': 16, 'unit_c1': 1, 'unit_c2': 2, 'dr_f': 0.20457011746516052, 'learning_rate': 0.00045117525638281597, 'batch_size': 16, 'optimizer': 'Adam', 'activation': 'swish', 'data_augmentation': True, 'reg_l2': True, 'skip_connection': True, 'new_fc_1': 5, 'new_fc_2': 32, 'new_fc_3': 15, 'new_fc_4': 31, 'new_fc_5': 22, 'new_fc_6': 12, 'new_fc_7': 23, 'new_fc_8': 28, 'new_fc_9': 6, 'new_fc_10': 1}
[94m
|  --> START TRAINING ITERATION 19[0m
[INFO] Flags -> DA: True, L2: True, Skip: True
Building model with input_shape=(32, 32, 3), pos_input_shape=None, layer_x_block=2
Model: "model"
__________________________________________________________________________________________________
 Layer (type)                Output Shape                 Param #   Connected to                  
==================================================================================================
 input_2 (InputLayer)        [(None, 32, 32, 3)]          0         []                            
                                                                                                  
 conv2d (Conv2D)             (None, 32, 32, 16)           448       ['input_2[0][0]']             
                                                                                                  
 activation (Activation)     (None, 32, 32, 16)           0         ['conv2d[1][0]']              
                                                                                                  
 conv2d_2 (Conv2D)           (None, 32, 32, 16)           64        ['input_2[0][0]']             
                                                                                                  
 conv2d_1 (Conv2D)           (None, 32, 32, 16)           2320      ['activation[1][0]']          
                                                                                                  
 add (Add)                   (None, 32, 32, 16)           0         ['conv2d_2[1][0]',            
                                                                     'conv2d_1[1][0]']            
                                                                                                  
 activation_1 (Activation)   (None, 32, 32, 16)           0         ['add[1][0]']                 
                                                                                                  
 max_pooling2d (MaxPooling2  (None, 16, 16, 16)           0         ['activation_1[1][0]']        
 D)                                                                                               
                                                                                                  
 conv2d_3 (Conv2D)           (None, 16, 16, 32)           4640      ['max_pooling2d[1][0]']       
                                                                                                  
 activation_2 (Activation)   (None, 16, 16, 32)           0         ['conv2d_3[1][0]']            
                                                                                                  
 conv2d_5 (Conv2D)           (None, 16, 16, 32)           544       ['max_pooling2d[1][0]']       
                                                                                                  
 conv2d_4 (Conv2D)           (None, 16, 16, 32)           9248      ['activation_2[1][0]']        
                                                                                                  
 add_1 (Add)                 (None, 16, 16, 32)           0         ['conv2d_5[1][0]',            
                                                                     'conv2d_4[1][0]']            
                                                                                                  
 activation_3 (Activation)   (None, 16, 16, 32)           0         ['add_1[1][0]']               
                                                                                                  
 max_pooling2d_1 (MaxPoolin  (None, 8, 8, 32)             0         ['activation_3[1][0]']        
 g2D)                                                                                             
                                                                                                  
 flatten (Flatten)           (None, 2048)                 0         ['max_pooling2d_1[1][0]']     
                                                                                                  
 dense (Dense)               (None, 80)                   163920    ['flatten[1][0]']             
                                                                                                  
 activation_4 (Activation)   (None, 80)                   0         ['dense[1][0]']               
                                                                                                  
 dropout (Dropout)           (None, 80)                   0         ['activation_4[1][0]']        
                                                                                                  
 dense_1 (Dense)             (None, 512)                  41472     ['dropout[1][0]']             
                                                                                                  
 activation_5 (Activation)   (None, 512)                  0         ['dense_1[1][0]']             
                                                                                                  
 dropout_1 (Dropout)         (None, 512)                  0         ['activation_5[1][0]']        
                                                                                                  
 dense_2 (Dense)             (None, 240)                  123120    ['dropout_1[1][0]']           
                                                                                                  
 activation_6 (Activation)   (None, 240)                  0         ['dense_2[1][0]']             
                                                                                                  
 dropout_2 (Dropout)         (None, 240)                  0         ['activation_6[1][0]']        
                                                                                                  
 dense_3 (Dense)             (None, 496)                  119536    ['dropout_2[1][0]']           
                                                                                                  
 activation_7 (Activation)   (None, 496)                  0         ['dense_3[1][0]']             
                                                                                                  
 dropout_3 (Dropout)         (None, 496)                  0         ['activation_7[1][0]']        
                                                                                                  
 dense_4 (Dense)             (None, 352)                  174944    ['dropout_3[1][0]']           
                                                                                                  
 activation_8 (Activation)   (None, 352)                  0         ['dense_4[1][0]']             
                                                                                                  
 dropout_4 (Dropout)         (None, 352)                  0         ['activation_8[1][0]']        
                                                                                                  
 dense_5 (Dense)             (None, 192)                  67776     ['dropout_4[1][0]']           
                                                                                                  
 activation_9 (Activation)   (None, 192)                  0         ['dense_5[1][0]']             
                                                                                                  
 dropout_5 (Dropout)         (None, 192)                  0         ['activation_9[1][0]']        
                                                                                                  
 dense_6 (Dense)             (None, 368)                  71024     ['dropout_5[1][0]']           
                                                                                                  
 activation_10 (Activation)  (None, 368)                  0         ['dense_6[1][0]']             
                                                                                                  
 dropout_6 (Dropout)         (None, 368)                  0         ['activation_10[1][0]']       
                                                                                                  
 dense_7 (Dense)             (None, 448)                  165312    ['dropout_6[1][0]']           
                                                                                                  
 activation_11 (Activation)  (None, 448)                  0         ['dense_7[1][0]']             
                                                                                                  
 dropout_7 (Dropout)         (None, 448)                  0         ['activation_11[1][0]']       
                                                                                                  
 dense_8 (Dense)             (None, 96)                   43104     ['dropout_7[1][0]']           
                                                                                                  
 activation_12 (Activation)  (None, 96)                   0         ['dense_8[1][0]']             
                                                                                                  
 dropout_8 (Dropout)         (None, 96)                   0         ['activation_12[1][0]']       
                                                                                                  
 dense_9 (Dense)             (None, 16)                   1552      ['dropout_8[1][0]']           
                                                                                                  
 activation_13 (Activation)  (None, 16)                   0         ['dense_9[1][0]']             
                                                                                                  
 dropout_9 (Dropout)         (None, 16)                   0         ['activation_13[1][0]']       
                                                                                                  
 dense_10 (Dense)            (None, 10)                   170       ['dropout_9[1][0]']           
                                                                                                  
==================================================================================================
Total params: 989194 (3.77 MB)
Trainable params: 989194 (3.77 MB)
Non-trainable params: 0 (0.00 Byte)
__________________________________________________________________________________________________
Epoch 1/100
3125/3125 - 14s - loss: 2.8188 - accuracy: 0.0974 - val_loss: 2.3026 - val_accuracy: 0.1000 - 14s/epoch - 5ms/step
Epoch 2/100
3125/3125 - 13s - loss: 2.3027 - accuracy: 0.0984 - val_loss: 2.3026 - val_accuracy: 0.1000 - 13s/epoch - 4ms/step
Epoch 3/100
3125/3125 - 12s - loss: 2.3027 - accuracy: 0.0980 - val_loss: 2.3026 - val_accuracy: 0.1000 - 12s/epoch - 4ms/step
Epoch 4/100
3125/3125 - 13s - loss: 2.3027 - accuracy: 0.0993 - val_loss: 2.3026 - val_accuracy: 0.1000 - 13s/epoch - 4ms/step
Epoch 5/100
3125/3125 - 12s - loss: 2.3027 - accuracy: 0.0957 - val_loss: 2.3027 - val_accuracy: 0.1000 - 12s/epoch - 4ms/step
Epoch 6/100
3125/3125 - 12s - loss: 2.3027 - accuracy: 0.0988 - val_loss: 2.3026 - val_accuracy: 0.1000 - 12s/epoch - 4ms/step
Epoch 7/100
3125/3125 - 13s - loss: 2.3028 - accuracy: 0.0975 - val_loss: 2.3026 - val_accuracy: 0.1000 - 13s/epoch - 4ms/step
Epoch 8/100
3125/3125 - 12s - loss: 2.3027 - accuracy: 0.0957 - val_loss: 2.3026 - val_accuracy: 0.1000 - 12s/epoch - 4ms/step
Epoch 9/100
3125/3125 - 12s - loss: 2.3027 - accuracy: 0.0985 - val_loss: 2.3026 - val_accuracy: 0.1000 - 12s/epoch - 4ms/step
Epoch 10/100
3125/3125 - 12s - loss: 2.3028 - accuracy: 0.0975 - val_loss: 2.3026 - val_accuracy: 0.1000 - 12s/epoch - 4ms/step
Epoch 11/100
3125/3125 - 12s - loss: 2.3027 - accuracy: 0.0984 - val_loss: 2.3026 - val_accuracy: 0.1000 - 12s/epoch - 4ms/step
Epoch 12/100
3125/3125 - 12s - loss: 2.3027 - accuracy: 0.0980 - val_loss: 2.3026 - val_accuracy: 0.1000 - 12s/epoch - 4ms/step
Epoch 13/100
3125/3125 - 12s - loss: 2.3027 - accuracy: 0.0979 - val_loss: 2.3026 - val_accuracy: 0.1000 - 12s/epoch - 4ms/step
Epoch 14/100
3125/3125 - 12s - loss: 2.3027 - accuracy: 0.1004 - val_loss: 2.3026 - val_accuracy: 0.1000 - 12s/epoch - 4ms/step
Epoch 15/100
3125/3125 - 13s - loss: 2.3028 - accuracy: 0.0958 - val_loss: 2.3026 - val_accuracy: 0.1000 - 13s/epoch - 4ms/step
Epoch 16/100
3125/3125 - 12s - loss: 2.3027 - accuracy: 0.0978 - val_loss: 2.3026 - val_accuracy: 0.1000 - 12s/epoch - 4ms/step
Epoch 17/100
3125/3125 - 12s - loss: 2.3027 - accuracy: 0.0962 - val_loss: 2.3026 - val_accuracy: 0.1000 - 12s/epoch - 4ms/step
Epoch 18/100
3125/3125 - 12s - loss: 2.3027 - accuracy: 0.0978 - val_loss: 2.3026 - val_accuracy: 0.1000 - 12s/epoch - 4ms/step
Epoch 19/100
3125/3125 - 13s - loss: 2.3027 - accuracy: 0.0982 - val_loss: 2.3026 - val_accuracy: 0.1000 - 13s/epoch - 4ms/step
Epoch 20/100
3125/3125 - 13s - loss: 2.3027 - accuracy: 0.0959 - val_loss: 2.3026 - val_accuracy: 0.1000 - 13s/epoch - 4ms/step
Epoch 21/100
3125/3125 - 13s - loss: 2.3027 - accuracy: 0.0984 - val_loss: 2.3026 - val_accuracy: 0.1000 - 13s/epoch - 4ms/step
Epoch 22/100
3125/3125 - 12s - loss: 2.3027 - accuracy: 0.0983 - val_loss: 2.3026 - val_accuracy: 0.1000 - 12s/epoch - 4ms/step
Epoch 23/100
3125/3125 - 12s - loss: 2.3027 - accuracy: 0.0972 - val_loss: 2.3026 - val_accuracy: 0.1000 - 12s/epoch - 4ms/step
Epoch 24/100
3125/3125 - 12s - loss: 2.3028 - accuracy: 0.0986 - val_loss: 2.3026 - val_accuracy: 0.1000 - 12s/epoch - 4ms/step
Epoch 25/100
3125/3125 - 12s - loss: 2.3027 - accuracy: 0.0969 - val_loss: 2.3026 - val_accuracy: 0.1000 - 12s/epoch - 4ms/step
Epoch 26/100
3125/3125 - 13s - loss: 2.3027 - accuracy: 0.0991 - val_loss: 2.3026 - val_accuracy: 0.1000 - 13s/epoch - 4ms/step
Epoch 27/100
3125/3125 - 12s - loss: 2.3027 - accuracy: 0.0970 - val_loss: 2.3026 - val_accuracy: 0.1000 - 12s/epoch - 4ms/step
Epoch 28/100
3125/3125 - 12s - loss: 2.3027 - accuracy: 0.0966 - val_loss: 2.3026 - val_accuracy: 0.1000 - 12s/epoch - 4ms/step
Epoch 29/100
3125/3125 - 12s - loss: 2.3027 - accuracy: 0.0998 - val_loss: 2.3027 - val_accuracy: 0.1000 - 12s/epoch - 4ms/step
Epoch 30/100
3125/3125 - 12s - loss: 2.3028 - accuracy: 0.0961 - val_loss: 2.3026 - val_accuracy: 0.1000 - 12s/epoch - 4ms/step
Epoch 31/100
Restoring model weights from the end of the best epoch: 1.
3125/3125 - 12s - loss: 2.3027 - accuracy: 0.0976 - val_loss: 2.3026 - val_accuracy: 0.1000 - 12s/epoch - 4ms/step
Epoch 31: early stopping
313/313 - 1s - loss: 2.3026 - accuracy: 0.1000 - 759ms/epoch - 2ms/step

ACCURACY: 0.10000000149011612


SCORE: -0.3395809050430813

[92m | MODULE VALUES ---------------------------------------------  |
 [0m
FLOPS: 15209548
PARAMS: 989194.0
[92m 
 | -----------------------------------------------------------  |
 [0m

--- BANANAS ITERATION 21 / 1000 ---
Chosen point: {'num_neurons': 4, 'unit_c1': 1, 'unit_c2': 4, 'dr_f': 0.47924870695212074, 'learning_rate': 0.00039409055659288896, 'batch_size': 16, 'optimizer': 'Adam', 'activation': 'selu', 'data_augmentation': False, 'reg_l2': True, 'skip_connection': False, 'new_fc_1': 23, 'new_fc_2': 23, 'new_fc_3': 15, 'new_fc_4': 23, 'new_fc_5': 24, 'new_fc_6': 22, 'new_fc_7': 7, 'new_fc_8': 24, 'new_fc_9': 9, 'new_fc_10': 2}
[94m
|  --> START TRAINING ITERATION 20[0m
[INFO] Flags -> DA: False, L2: True, Skip: False
Building model with input_shape=(32, 32, 3), pos_input_shape=None, layer_x_block=2
Model: "model"
_________________________________________________________________
 Layer (type)                Output Shape              Param #   
=================================================================
 input_1 (InputLayer)        [(None, 32, 32, 3)]       0         
                                                                 
 conv2d (Conv2D)             (None, 32, 32, 4)         112       
                                                                 
 activation (Activation)     (None, 32, 32, 4)         0         
                                                                 
 conv2d_1 (Conv2D)           (None, 32, 32, 4)         148       
                                                                 
 activation_1 (Activation)   (None, 32, 32, 4)         0         
                                                                 
 max_pooling2d (MaxPooling2  (None, 16, 16, 4)         0         
 D)                                                              
                                                                 
 conv2d_2 (Conv2D)           (None, 16, 16, 16)        592       
                                                                 
 activation_2 (Activation)   (None, 16, 16, 16)        0         
                                                                 
 conv2d_3 (Conv2D)           (None, 16, 16, 16)        2320      
                                                                 
 activation_3 (Activation)   (None, 16, 16, 16)        0         
                                                                 
 max_pooling2d_1 (MaxPoolin  (None, 8, 8, 16)          0         
 g2D)                                                            
                                                                 
 flatten (Flatten)           (None, 1024)              0         
                                                                 
 dense (Dense)               (None, 92)                94300     
                                                                 
 activation_4 (Activation)   (None, 92)                0         
                                                                 
 dropout (Dropout)           (None, 92)                0         
                                                                 
 dense_1 (Dense)             (None, 92)                8556      
                                                                 
 activation_5 (Activation)   (None, 92)                0         
                                                                 
 dropout_1 (Dropout)         (None, 92)                0         
                                                                 
 dense_2 (Dense)             (None, 60)                5580      
                                                                 
 activation_6 (Activation)   (None, 60)                0         
                                                                 
 dropout_2 (Dropout)         (None, 60)                0         
                                                                 
 dense_3 (Dense)             (None, 92)                5612      
                                                                 
 activation_7 (Activation)   (None, 92)                0         
                                                                 
 dropout_3 (Dropout)         (None, 92)                0         
                                                                 
 dense_4 (Dense)             (None, 96)                8928      
                                                                 
 activation_8 (Activation)   (None, 96)                0         
                                                                 
 dropout_4 (Dropout)         (None, 96)                0         
                                                                 
 dense_5 (Dense)             (None, 88)                8536      
                                                                 
 activation_9 (Activation)   (None, 88)                0         
                                                                 
 dropout_5 (Dropout)         (None, 88)                0         
                                                                 
 dense_6 (Dense)             (None, 28)                2492      
                                                                 
 activation_10 (Activation)  (None, 28)                0         
                                                                 
 dropout_6 (Dropout)         (None, 28)                0         
                                                                 
 dense_7 (Dense)             (None, 96)                2784      
                                                                 
 activation_11 (Activation)  (None, 96)                0         
                                                                 
 dropout_7 (Dropout)         (None, 96)                0         
                                                                 
 dense_8 (Dense)             (None, 36)                3492      
                                                                 
 activation_12 (Activation)  (None, 36)                0         
                                                                 
 dropout_8 (Dropout)         (None, 36)                0         
                                                                 
 dense_9 (Dense)             (None, 8)                 296       
                                                                 
 activation_13 (Activation)  (None, 8)                 0         
                                                                 
 dropout_9 (Dropout)         (None, 8)                 0         
                                                                 
 dense_10 (Dense)            (None, 10)                90        
                                                                 
=================================================================
Total params: 143838 (561.87 KB)
Trainable params: 143838 (561.87 KB)
Non-trainable params: 0 (0.00 Byte)
_________________________________________________________________
Epoch 1/100
3125/3125 - 12s - loss: 8.7224 - accuracy: 0.1037 - val_loss: 5.7341 - val_accuracy: 0.1601 - 12s/epoch - 4ms/step
Epoch 2/100
3125/3125 - 10s - loss: 3.6921 - accuracy: 0.1691 - val_loss: 2.3299 - val_accuracy: 0.1844 - 10s/epoch - 3ms/step
Epoch 3/100
3125/3125 - 10s - loss: 2.1951 - accuracy: 0.1856 - val_loss: 2.0789 - val_accuracy: 0.1978 - 10s/epoch - 3ms/step
Epoch 4/100
3125/3125 - 10s - loss: 2.1184 - accuracy: 0.1911 - val_loss: 2.0450 - val_accuracy: 0.1976 - 10s/epoch - 3ms/step
Epoch 5/100
3125/3125 - 10s - loss: 2.1030 - accuracy: 0.1891 - val_loss: 2.0590 - val_accuracy: 0.2067 - 10s/epoch - 3ms/step
Epoch 6/100
3125/3125 - 10s - loss: 2.0923 - accuracy: 0.1947 - val_loss: 2.0532 - val_accuracy: 0.2019 - 10s/epoch - 3ms/step
Epoch 7/100
3125/3125 - 10s - loss: 2.0821 - accuracy: 0.1910 - val_loss: 2.0259 - val_accuracy: 0.1949 - 10s/epoch - 3ms/step
Epoch 8/100
3125/3125 - 10s - loss: 2.0768 - accuracy: 0.1908 - val_loss: 2.0225 - val_accuracy: 0.2020 - 10s/epoch - 3ms/step
Epoch 9/100
3125/3125 - 10s - loss: 2.0693 - accuracy: 0.1944 - val_loss: 2.0128 - val_accuracy: 0.2020 - 10s/epoch - 3ms/step
Epoch 10/100
3125/3125 - 10s - loss: 2.0690 - accuracy: 0.1916 - val_loss: 2.0100 - val_accuracy: 0.2011 - 10s/epoch - 3ms/step
Epoch 11/100
3125/3125 - 10s - loss: 2.0689 - accuracy: 0.1939 - val_loss: 2.0146 - val_accuracy: 0.2131 - 10s/epoch - 3ms/step
Epoch 12/100
3125/3125 - 10s - loss: 2.0652 - accuracy: 0.1944 - val_loss: 2.0253 - val_accuracy: 0.2102 - 10s/epoch - 3ms/step
Epoch 13/100
3125/3125 - 10s - loss: 2.0610 - accuracy: 0.1939 - val_loss: 1.9977 - val_accuracy: 0.2148 - 10s/epoch - 3ms/step
Epoch 14/100
3125/3125 - 10s - loss: 2.0595 - accuracy: 0.1958 - val_loss: 1.9995 - val_accuracy: 0.1934 - 10s/epoch - 3ms/step
Epoch 15/100
3125/3125 - 10s - loss: 2.0569 - accuracy: 0.1951 - val_loss: 2.0019 - val_accuracy: 0.2068 - 10s/epoch - 3ms/step
Epoch 16/100
3125/3125 - 10s - loss: 2.0549 - accuracy: 0.1941 - val_loss: 1.9902 - val_accuracy: 0.2113 - 10s/epoch - 3ms/step
Epoch 17/100
3125/3125 - 10s - loss: 2.0550 - accuracy: 0.1954 - val_loss: 1.9989 - val_accuracy: 0.2196 - 10s/epoch - 3ms/step
Epoch 18/100
3125/3125 - 10s - loss: 2.0543 - accuracy: 0.1916 - val_loss: 2.0619 - val_accuracy: 0.1970 - 10s/epoch - 3ms/step
Epoch 19/100
3125/3125 - 10s - loss: 2.0508 - accuracy: 0.1973 - val_loss: 1.9909 - val_accuracy: 0.2143 - 10s/epoch - 3ms/step
Epoch 20/100
3125/3125 - 10s - loss: 2.0502 - accuracy: 0.1988 - val_loss: 2.0279 - val_accuracy: 0.1978 - 10s/epoch - 3ms/step
Epoch 21/100
3125/3125 - 10s - loss: 2.0519 - accuracy: 0.1956 - val_loss: 2.0177 - val_accuracy: 0.1901 - 10s/epoch - 3ms/step
Epoch 22/100
3125/3125 - 10s - loss: 2.0488 - accuracy: 0.1940 - val_loss: 1.9980 - val_accuracy: 0.1987 - 10s/epoch - 3ms/step
Epoch 23/100
3125/3125 - 10s - loss: 2.0470 - accuracy: 0.1951 - val_loss: 1.9945 - val_accuracy: 0.2017 - 10s/epoch - 3ms/step
Epoch 24/100
3125/3125 - 10s - loss: 2.0470 - accuracy: 0.1931 - val_loss: 2.0061 - val_accuracy: 0.2002 - 10s/epoch - 3ms/step
Epoch 25/100
3125/3125 - 10s - loss: 2.0425 - accuracy: 0.1934 - val_loss: 2.0000 - val_accuracy: 0.2024 - 10s/epoch - 3ms/step
Epoch 26/100
3125/3125 - 10s - loss: 2.0425 - accuracy: 0.1938 - val_loss: 2.0097 - val_accuracy: 0.1994 - 10s/epoch - 3ms/step
Epoch 27/100
3125/3125 - 10s - loss: 2.0433 - accuracy: 0.1966 - val_loss: 2.0045 - val_accuracy: 0.2052 - 10s/epoch - 3ms/step
Epoch 28/100
3125/3125 - 10s - loss: 2.0418 - accuracy: 0.1986 - val_loss: 2.0043 - val_accuracy: 0.2029 - 10s/epoch - 3ms/step
Epoch 29/100
3125/3125 - 10s - loss: 2.0413 - accuracy: 0.1989 - val_loss: 1.9898 - val_accuracy: 0.2068 - 10s/epoch - 3ms/step
Epoch 30/100
3125/3125 - 10s - loss: 2.0399 - accuracy: 0.1989 - val_loss: 2.0225 - val_accuracy: 0.2069 - 10s/epoch - 3ms/step
Epoch 31/100
3125/3125 - 10s - loss: 2.0385 - accuracy: 0.1965 - val_loss: 2.0219 - val_accuracy: 0.2005 - 10s/epoch - 3ms/step
Epoch 32/100
3125/3125 - 10s - loss: 2.0428 - accuracy: 0.1990 - val_loss: 1.9954 - val_accuracy: 0.2159 - 10s/epoch - 3ms/step
Epoch 33/100
3125/3125 - 10s - loss: 2.0392 - accuracy: 0.1973 - val_loss: 2.0205 - val_accuracy: 0.2097 - 10s/epoch - 3ms/step
Epoch 34/100
3125/3125 - 10s - loss: 2.0362 - accuracy: 0.1999 - val_loss: 2.0469 - val_accuracy: 0.2043 - 10s/epoch - 3ms/step
Epoch 35/100
3125/3125 - 10s - loss: 2.0402 - accuracy: 0.1974 - val_loss: 1.9855 - val_accuracy: 0.2108 - 10s/epoch - 3ms/step
Epoch 36/100
3125/3125 - 10s - loss: 2.0365 - accuracy: 0.2000 - val_loss: 2.0077 - val_accuracy: 0.2153 - 10s/epoch - 3ms/step
Epoch 37/100
3125/3125 - 10s - loss: 2.0388 - accuracy: 0.1987 - val_loss: 1.9939 - val_accuracy: 0.2207 - 10s/epoch - 3ms/step
Epoch 38/100
3125/3125 - 10s - loss: 2.0354 - accuracy: 0.2018 - val_loss: 1.9844 - val_accuracy: 0.2233 - 10s/epoch - 3ms/step
Epoch 39/100
3125/3125 - 10s - loss: 2.0349 - accuracy: 0.2039 - val_loss: 2.0066 - val_accuracy: 0.2118 - 10s/epoch - 3ms/step
Epoch 40/100
3125/3125 - 10s - loss: 2.0371 - accuracy: 0.2028 - val_loss: 1.9785 - val_accuracy: 0.2125 - 10s/epoch - 3ms/step
Epoch 41/100
3125/3125 - 10s - loss: 2.0351 - accuracy: 0.1985 - val_loss: 1.9806 - val_accuracy: 0.1996 - 10s/epoch - 3ms/step
Epoch 42/100
3125/3125 - 10s - loss: 2.0314 - accuracy: 0.2013 - val_loss: 1.9786 - val_accuracy: 0.2150 - 10s/epoch - 3ms/step
Epoch 43/100
3125/3125 - 10s - loss: 2.0312 - accuracy: 0.2029 - val_loss: 1.9915 - val_accuracy: 0.2221 - 10s/epoch - 3ms/step
Epoch 44/100
3125/3125 - 10s - loss: 2.0328 - accuracy: 0.2064 - val_loss: 1.9787 - val_accuracy: 0.2211 - 10s/epoch - 3ms/step
Epoch 45/100
3125/3125 - 10s - loss: 2.0316 - accuracy: 0.2037 - val_loss: 1.9789 - val_accuracy: 0.2203 - 10s/epoch - 3ms/step
Epoch 46/100
3125/3125 - 10s - loss: 2.0300 - accuracy: 0.2025 - val_loss: 2.0060 - val_accuracy: 0.2352 - 10s/epoch - 3ms/step
Epoch 47/100
3125/3125 - 10s - loss: 2.0328 - accuracy: 0.2015 - val_loss: 1.9871 - val_accuracy: 0.2169 - 10s/epoch - 3ms/step
Epoch 48/100
3125/3125 - 10s - loss: 2.0336 - accuracy: 0.2040 - val_loss: 1.9997 - val_accuracy: 0.2223 - 10s/epoch - 3ms/step
Epoch 49/100
3125/3125 - 10s - loss: 2.0281 - accuracy: 0.2055 - val_loss: 1.9725 - val_accuracy: 0.2355 - 10s/epoch - 3ms/step
Epoch 50/100
3125/3125 - 10s - loss: 2.0309 - accuracy: 0.2035 - val_loss: 1.9823 - val_accuracy: 0.2263 - 10s/epoch - 3ms/step
Epoch 51/100
3125/3125 - 10s - loss: 2.0319 - accuracy: 0.2056 - val_loss: 1.9702 - val_accuracy: 0.2328 - 10s/epoch - 3ms/step
Epoch 52/100
3125/3125 - 10s - loss: 2.0260 - accuracy: 0.2054 - val_loss: 1.9943 - val_accuracy: 0.2093 - 10s/epoch - 3ms/step
Epoch 53/100
3125/3125 - 10s - loss: 2.0298 - accuracy: 0.2048 - val_loss: 1.9769 - val_accuracy: 0.2357 - 10s/epoch - 3ms/step
Epoch 54/100
3125/3125 - 10s - loss: 2.0265 - accuracy: 0.2048 - val_loss: 1.9703 - val_accuracy: 0.2271 - 10s/epoch - 3ms/step
Epoch 55/100
3125/3125 - 10s - loss: 2.0275 - accuracy: 0.2035 - val_loss: 1.9753 - val_accuracy: 0.2411 - 10s/epoch - 3ms/step
Epoch 56/100
3125/3125 - 10s - loss: 2.0284 - accuracy: 0.2034 - val_loss: 2.0956 - val_accuracy: 0.2233 - 10s/epoch - 3ms/step
Epoch 57/100
3125/3125 - 10s - loss: 2.0254 - accuracy: 0.2076 - val_loss: 1.9709 - val_accuracy: 0.2366 - 10s/epoch - 3ms/step
Epoch 58/100
3125/3125 - 10s - loss: 2.0279 - accuracy: 0.2047 - val_loss: 1.9929 - val_accuracy: 0.2179 - 10s/epoch - 3ms/step
Epoch 59/100
3125/3125 - 10s - loss: 2.0259 - accuracy: 0.2059 - val_loss: 2.0003 - val_accuracy: 0.2275 - 10s/epoch - 3ms/step
Epoch 60/100
3125/3125 - 10s - loss: 2.0249 - accuracy: 0.2058 - val_loss: 2.0126 - val_accuracy: 0.2272 - 10s/epoch - 3ms/step
Epoch 61/100
3125/3125 - 10s - loss: 2.0247 - accuracy: 0.2088 - val_loss: 1.9746 - val_accuracy: 0.2158 - 10s/epoch - 3ms/step
Epoch 62/100
3125/3125 - 10s - loss: 2.0272 - accuracy: 0.2037 - val_loss: 1.9786 - val_accuracy: 0.2137 - 10s/epoch - 3ms/step
Epoch 63/100
3125/3125 - 10s - loss: 2.0256 - accuracy: 0.2062 - val_loss: 1.9991 - val_accuracy: 0.2115 - 10s/epoch - 3ms/step
Epoch 64/100
3125/3125 - 10s - loss: 2.0251 - accuracy: 0.2073 - val_loss: 1.9819 - val_accuracy: 0.2260 - 10s/epoch - 3ms/step
Epoch 65/100
3125/3125 - 10s - loss: 2.0270 - accuracy: 0.2036 - val_loss: 1.9883 - val_accuracy: 0.2187 - 10s/epoch - 3ms/step
Epoch 66/100
3125/3125 - 10s - loss: 2.0268 - accuracy: 0.2039 - val_loss: 1.9681 - val_accuracy: 0.2280 - 10s/epoch - 3ms/step
Epoch 67/100
3125/3125 - 10s - loss: 2.0252 - accuracy: 0.2041 - val_loss: 1.9708 - val_accuracy: 0.2166 - 10s/epoch - 3ms/step
Epoch 68/100
3125/3125 - 10s - loss: 2.0248 - accuracy: 0.2073 - val_loss: 1.9962 - val_accuracy: 0.2153 - 10s/epoch - 3ms/step
Epoch 69/100
3125/3125 - 10s - loss: 2.0235 - accuracy: 0.2054 - val_loss: 1.9920 - val_accuracy: 0.2140 - 10s/epoch - 3ms/step
Epoch 70/100
3125/3125 - 10s - loss: 2.0239 - accuracy: 0.2075 - val_loss: 1.9816 - val_accuracy: 0.2075 - 10s/epoch - 3ms/step
Epoch 71/100
3125/3125 - 10s - loss: 2.0222 - accuracy: 0.2058 - val_loss: 1.9674 - val_accuracy: 0.2373 - 10s/epoch - 3ms/step
Epoch 72/100
3125/3125 - 10s - loss: 2.0246 - accuracy: 0.2052 - val_loss: 1.9743 - val_accuracy: 0.2189 - 10s/epoch - 3ms/step
Epoch 73/100
3125/3125 - 10s - loss: 2.0247 - accuracy: 0.2085 - val_loss: 1.9702 - val_accuracy: 0.2233 - 10s/epoch - 3ms/step
Epoch 74/100
3125/3125 - 10s - loss: 2.0250 - accuracy: 0.2083 - val_loss: 1.9765 - val_accuracy: 0.2239 - 10s/epoch - 3ms/step
Epoch 75/100
3125/3125 - 10s - loss: 2.0210 - accuracy: 0.2080 - val_loss: 1.9725 - val_accuracy: 0.2386 - 10s/epoch - 3ms/step
Epoch 76/100
3125/3125 - 10s - loss: 2.0203 - accuracy: 0.2059 - val_loss: 1.9786 - val_accuracy: 0.2289 - 10s/epoch - 3ms/step
Epoch 77/100
3125/3125 - 10s - loss: 2.0247 - accuracy: 0.2062 - val_loss: 2.0079 - val_accuracy: 0.2064 - 10s/epoch - 3ms/step
Epoch 78/100
3125/3125 - 10s - loss: 2.0217 - accuracy: 0.2063 - val_loss: 1.9693 - val_accuracy: 0.2418 - 10s/epoch - 3ms/step
Epoch 79/100
3125/3125 - 10s - loss: 2.0224 - accuracy: 0.2050 - val_loss: 1.9658 - val_accuracy: 0.2367 - 10s/epoch - 3ms/step
Epoch 80/100
3125/3125 - 10s - loss: 2.0241 - accuracy: 0.2037 - val_loss: 1.9745 - val_accuracy: 0.2142 - 10s/epoch - 3ms/step
Epoch 81/100
3125/3125 - 10s - loss: 2.0225 - accuracy: 0.2062 - val_loss: 1.9679 - val_accuracy: 0.2309 - 10s/epoch - 3ms/step
Epoch 82/100
3125/3125 - 10s - loss: 2.0246 - accuracy: 0.2059 - val_loss: 2.0011 - val_accuracy: 0.2330 - 10s/epoch - 3ms/step
Epoch 83/100
3125/3125 - 10s - loss: 2.0233 - accuracy: 0.2048 - val_loss: 1.9719 - val_accuracy: 0.2179 - 10s/epoch - 3ms/step
Epoch 84/100
3125/3125 - 10s - loss: 2.0203 - accuracy: 0.2041 - val_loss: 1.9751 - val_accuracy: 0.2110 - 10s/epoch - 3ms/step
Epoch 85/100
Restoring model weights from the end of the best epoch: 55.
3125/3125 - 10s - loss: 2.0243 - accuracy: 0.2051 - val_loss: 1.9813 - val_accuracy: 0.2225 - 10s/epoch - 3ms/step
Epoch 85: early stopping
313/313 - 1s - loss: 1.9753 - accuracy: 0.2411 - 813ms/epoch - 3ms/step

ACCURACY: 0.2410999983549118


SCORE: -0.4641781668484382

[92m | MODULE VALUES ---------------------------------------------  |
 [0m
FLOPS: 2295916
PARAMS: 143838.0
[92m 
 | -----------------------------------------------------------  |
 [0m

--- BANANAS ITERATION 22 / 1000 ---
Chosen point: {'num_neurons': 16, 'unit_c1': 1, 'unit_c2': 5, 'dr_f': 0.43692187165246, 'learning_rate': 0.00018947148530892199, 'batch_size': 8, 'optimizer': 'Adam', 'activation': 'selu', 'data_augmentation': False, 'reg_l2': False, 'skip_connection': False, 'new_fc_1': 17, 'new_fc_2': 30, 'new_fc_3': 11, 'new_fc_4': 20, 'new_fc_5': 9, 'new_fc_6': 23, 'new_fc_7': 11, 'new_fc_8': 24, 'new_fc_9': 30, 'new_fc_10': 14}
[94m
|  --> START TRAINING ITERATION 21[0m
[INFO] Flags -> DA: False, L2: False, Skip: False
Building model with input_shape=(32, 32, 3), pos_input_shape=None, layer_x_block=2
Model: "model"
_________________________________________________________________
 Layer (type)                Output Shape              Param #   
=================================================================
 input_1 (InputLayer)        [(None, 32, 32, 3)]       0         
                                                                 
 conv2d (Conv2D)             (None, 32, 32, 16)        448       
                                                                 
 activation (Activation)     (None, 32, 32, 16)        0         
                                                                 
 conv2d_1 (Conv2D)           (None, 32, 32, 16)        2320      
                                                                 
 activation_1 (Activation)   (None, 32, 32, 16)        0         
                                                                 
 max_pooling2d (MaxPooling2  (None, 16, 16, 16)        0         
 D)                                                              
                                                                 
 conv2d_2 (Conv2D)           (None, 16, 16, 80)        11600     
                                                                 
 activation_2 (Activation)   (None, 16, 16, 80)        0         
                                                                 
 conv2d_3 (Conv2D)           (None, 16, 16, 80)        57680     
                                                                 
 activation_3 (Activation)   (None, 16, 16, 80)        0         
                                                                 
 max_pooling2d_1 (MaxPoolin  (None, 8, 8, 80)          0         
 g2D)                                                            
                                                                 
 flatten (Flatten)           (None, 5120)              0         
                                                                 
 dense (Dense)               (None, 272)               1392912   
                                                                 
 activation_4 (Activation)   (None, 272)               0         
                                                                 
 dropout (Dropout)           (None, 272)               0         
                                                                 
 dense_1 (Dense)             (None, 480)               131040    
                                                                 
 activation_5 (Activation)   (None, 480)               0         
                                                                 
 dropout_1 (Dropout)         (None, 480)               0         
                                                                 
 dense_2 (Dense)             (None, 176)               84656     
                                                                 
 activation_6 (Activation)   (None, 176)               0         
                                                                 
 dropout_2 (Dropout)         (None, 176)               0         
                                                                 
 dense_3 (Dense)             (None, 320)               56640     
                                                                 
 activation_7 (Activation)   (None, 320)               0         
                                                                 
 dropout_3 (Dropout)         (None, 320)               0         
                                                                 
 dense_4 (Dense)             (None, 144)               46224     
                                                                 
 activation_8 (Activation)   (None, 144)               0         
                                                                 
 dropout_4 (Dropout)         (None, 144)               0         
                                                                 
 dense_5 (Dense)             (None, 368)               53360     
                                                                 
 activation_9 (Activation)   (None, 368)               0         
                                                                 
 dropout_5 (Dropout)         (None, 368)               0         
                                                                 
 dense_6 (Dense)             (None, 176)               64944     
                                                                 
 activation_10 (Activation)  (None, 176)               0         
                                                                 
 dropout_6 (Dropout)         (None, 176)               0         
                                                                 
 dense_7 (Dense)             (None, 384)               67968     
                                                                 
 activation_11 (Activation)  (None, 384)               0         
                                                                 
 dropout_7 (Dropout)         (None, 384)               0         
                                                                 
 dense_8 (Dense)             (None, 480)               184800    
                                                                 
 activation_12 (Activation)  (None, 480)               0         
                                                                 
 dropout_8 (Dropout)         (None, 480)               0         
                                                                 
 dense_9 (Dense)             (None, 224)               107744    
                                                                 
 activation_13 (Activation)  (None, 224)               0         
                                                                 
 dropout_9 (Dropout)         (None, 224)               0         
                                                                 
 dense_10 (Dense)            (None, 10)                2250      
                                                                 
=================================================================
Total params: 2264586 (8.64 MB)
Trainable params: 2264586 (8.64 MB)
Non-trainable params: 0 (0.00 Byte)
_________________________________________________________________
Epoch 1/100
6250/6250 - 23s - loss: 3.4972 - accuracy: 0.1238 - val_loss: 1.9224 - val_accuracy: 0.2325 - 23s/epoch - 4ms/step
Epoch 2/100
6250/6250 - 21s - loss: 2.0796 - accuracy: 0.2188 - val_loss: 1.7141 - val_accuracy: 0.3021 - 21s/epoch - 3ms/step
Epoch 3/100
6250/6250 - 21s - loss: 1.8039 - accuracy: 0.2882 - val_loss: 1.5638 - val_accuracy: 0.3743 - 21s/epoch - 3ms/step
Epoch 4/100
6250/6250 - 21s - loss: 1.6478 - accuracy: 0.3674 - val_loss: 1.3868 - val_accuracy: 0.4896 - 21s/epoch - 3ms/step
Epoch 5/100
6250/6250 - 21s - loss: 1.5148 - accuracy: 0.4409 - val_loss: 1.3522 - val_accuracy: 0.4811 - 21s/epoch - 3ms/step
Epoch 6/100
6250/6250 - 21s - loss: 1.4086 - accuracy: 0.4997 - val_loss: 1.2119 - val_accuracy: 0.5855 - 21s/epoch - 3ms/step
Epoch 7/100
6250/6250 - 21s - loss: 1.3420 - accuracy: 0.5397 - val_loss: 1.2327 - val_accuracy: 0.5939 - 21s/epoch - 3ms/step
Epoch 8/100
6250/6250 - 21s - loss: 1.2762 - accuracy: 0.5679 - val_loss: 1.1926 - val_accuracy: 0.6081 - 21s/epoch - 3ms/step
Epoch 9/100
6250/6250 - 21s - loss: 1.2245 - accuracy: 0.5907 - val_loss: 1.1219 - val_accuracy: 0.6328 - 21s/epoch - 3ms/step
Epoch 10/100
6250/6250 - 21s - loss: 1.1917 - accuracy: 0.6072 - val_loss: 1.1378 - val_accuracy: 0.6122 - 21s/epoch - 3ms/step
Epoch 11/100
6250/6250 - 21s - loss: 1.1423 - accuracy: 0.6250 - val_loss: 1.0847 - val_accuracy: 0.6211 - 21s/epoch - 3ms/step
Epoch 12/100
6250/6250 - 21s - loss: 1.1062 - accuracy: 0.6392 - val_loss: 1.0656 - val_accuracy: 0.6437 - 21s/epoch - 3ms/step
Epoch 13/100
6250/6250 - 21s - loss: 1.1297 - accuracy: 0.6449 - val_loss: 1.0776 - val_accuracy: 0.6575 - 21s/epoch - 3ms/step
Epoch 14/100
6250/6250 - 21s - loss: 1.0576 - accuracy: 0.6614 - val_loss: 1.0521 - val_accuracy: 0.6565 - 21s/epoch - 3ms/step
Epoch 15/100
6250/6250 - 21s - loss: 1.0529 - accuracy: 0.6715 - val_loss: 1.0297 - val_accuracy: 0.6506 - 21s/epoch - 3ms/step
Epoch 16/100
6250/6250 - 21s - loss: 1.1278 - accuracy: 0.6523 - val_loss: 1.0547 - val_accuracy: 0.6717 - 21s/epoch - 3ms/step
Epoch 17/100
6250/6250 - 21s - loss: 0.9996 - accuracy: 0.6886 - val_loss: 0.9869 - val_accuracy: 0.6931 - 21s/epoch - 3ms/step
Epoch 18/100
6250/6250 - 21s - loss: 0.9760 - accuracy: 0.6945 - val_loss: 1.0226 - val_accuracy: 0.6820 - 21s/epoch - 3ms/step
Epoch 19/100
6250/6250 - 21s - loss: 1.0829 - accuracy: 0.6925 - val_loss: 0.9687 - val_accuracy: 0.6937 - 21s/epoch - 3ms/step
Epoch 20/100
6250/6250 - 21s - loss: 0.9477 - accuracy: 0.7074 - val_loss: 0.9734 - val_accuracy: 0.6979 - 21s/epoch - 3ms/step
Epoch 21/100
6250/6250 - 21s - loss: 0.9166 - accuracy: 0.7173 - val_loss: 1.0625 - val_accuracy: 0.6586 - 21s/epoch - 3ms/step
Epoch 22/100
6250/6250 - 21s - loss: 1.0137 - accuracy: 0.7020 - val_loss: 1.0150 - val_accuracy: 0.6803 - 21s/epoch - 3ms/step
Epoch 23/100
6250/6250 - 21s - loss: 0.9215 - accuracy: 0.7207 - val_loss: 1.0084 - val_accuracy: 0.6908 - 21s/epoch - 3ms/step
Epoch 24/100
6250/6250 - 21s - loss: 0.8693 - accuracy: 0.7366 - val_loss: 1.2502 - val_accuracy: 0.6179 - 21s/epoch - 3ms/step
Epoch 25/100
6250/6250 - 21s - loss: 0.8832 - accuracy: 0.7325 - val_loss: 1.0170 - val_accuracy: 0.6935 - 21s/epoch - 3ms/step
Epoch 26/100
6250/6250 - 20s - loss: 0.8413 - accuracy: 0.7471 - val_loss: 0.9957 - val_accuracy: 0.6949 - 20s/epoch - 3ms/step
Epoch 27/100
6250/6250 - 20s - loss: 0.8744 - accuracy: 0.7386 - val_loss: 1.0026 - val_accuracy: 0.7022 - 20s/epoch - 3ms/step
Epoch 28/100
6250/6250 - 20s - loss: 0.8395 - accuracy: 0.7499 - val_loss: 0.9911 - val_accuracy: 0.6990 - 20s/epoch - 3ms/step
Epoch 29/100
6250/6250 - 21s - loss: 0.9437 - accuracy: 0.7465 - val_loss: 1.0547 - val_accuracy: 0.6559 - 21s/epoch - 3ms/step
Epoch 30/100
6250/6250 - 21s - loss: 0.8068 - accuracy: 0.7635 - val_loss: 1.0345 - val_accuracy: 0.6813 - 21s/epoch - 3ms/step
Epoch 31/100
6250/6250 - 21s - loss: 0.9143 - accuracy: 0.7344 - val_loss: 1.0104 - val_accuracy: 0.6950 - 21s/epoch - 3ms/step
Epoch 32/100
6250/6250 - 21s - loss: 0.8056 - accuracy: 0.7623 - val_loss: 0.9972 - val_accuracy: 0.7089 - 21s/epoch - 3ms/step
Epoch 33/100
6250/6250 - 21s - loss: 0.8996 - accuracy: 0.7580 - val_loss: 1.0438 - val_accuracy: 0.6795 - 21s/epoch - 3ms/step
Epoch 34/100
6250/6250 - 21s - loss: 0.9663 - accuracy: 0.7408 - val_loss: 0.9873 - val_accuracy: 0.6985 - 21s/epoch - 3ms/step
Epoch 35/100
6250/6250 - 21s - loss: 0.7706 - accuracy: 0.7726 - val_loss: 0.9928 - val_accuracy: 0.7071 - 21s/epoch - 3ms/step
Epoch 36/100
6250/6250 - 21s - loss: 0.8155 - accuracy: 0.7663 - val_loss: 0.9775 - val_accuracy: 0.7011 - 21s/epoch - 3ms/step
Epoch 37/100
6250/6250 - 21s - loss: 0.8873 - accuracy: 0.7626 - val_loss: 1.0355 - val_accuracy: 0.6867 - 21s/epoch - 3ms/step
Epoch 38/100
6250/6250 - 21s - loss: 0.8059 - accuracy: 0.7711 - val_loss: 1.0062 - val_accuracy: 0.6975 - 21s/epoch - 3ms/step
Epoch 39/100
6250/6250 - 21s - loss: 0.9076 - accuracy: 0.7598 - val_loss: 0.9866 - val_accuracy: 0.7063 - 21s/epoch - 3ms/step
Epoch 40/100
6250/6250 - 21s - loss: 0.8745 - accuracy: 0.7669 - val_loss: 1.0241 - val_accuracy: 0.6934 - 21s/epoch - 3ms/step
Epoch 41/100
6250/6250 - 21s - loss: 0.7992 - accuracy: 0.7683 - val_loss: 1.0869 - val_accuracy: 0.6643 - 21s/epoch - 3ms/step
Epoch 42/100
6250/6250 - 21s - loss: 0.9028 - accuracy: 0.7544 - val_loss: 1.1527 - val_accuracy: 0.6337 - 21s/epoch - 3ms/step
Epoch 43/100
6250/6250 - 21s - loss: 0.9418 - accuracy: 0.7308 - val_loss: 0.9894 - val_accuracy: 0.7024 - 21s/epoch - 3ms/step
Epoch 44/100
6250/6250 - 21s - loss: 0.7965 - accuracy: 0.7721 - val_loss: 1.0038 - val_accuracy: 0.7010 - 21s/epoch - 3ms/step
Epoch 45/100
6250/6250 - 21s - loss: 0.9739 - accuracy: 0.7337 - val_loss: 1.0478 - val_accuracy: 0.6845 - 21s/epoch - 3ms/step
Epoch 46/100
6250/6250 - 21s - loss: 0.8591 - accuracy: 0.7573 - val_loss: 1.0134 - val_accuracy: 0.6880 - 21s/epoch - 3ms/step
Epoch 47/100
6250/6250 - 21s - loss: 1.1811 - accuracy: 0.7124 - val_loss: 1.0320 - val_accuracy: 0.6891 - 21s/epoch - 3ms/step
Epoch 48/100
6250/6250 - 21s - loss: 0.7969 - accuracy: 0.7770 - val_loss: 1.0529 - val_accuracy: 0.6958 - 21s/epoch - 3ms/step
Epoch 49/100
6250/6250 - 21s - loss: 0.9749 - accuracy: 0.7524 - val_loss: 1.0290 - val_accuracy: 0.6907 - 21s/epoch - 3ms/step
Epoch 50/100
6250/6250 - 21s - loss: 0.8290 - accuracy: 0.7755 - val_loss: 0.9802 - val_accuracy: 0.7049 - 21s/epoch - 3ms/step
Epoch 51/100
6250/6250 - 21s - loss: 0.8102 - accuracy: 0.7762 - val_loss: 0.9905 - val_accuracy: 0.7018 - 21s/epoch - 3ms/step
Epoch 52/100
6250/6250 - 21s - loss: 0.8456 - accuracy: 0.7706 - val_loss: 1.0080 - val_accuracy: 0.7011 - 21s/epoch - 3ms/step
Epoch 53/100
6250/6250 - 21s - loss: 0.8367 - accuracy: 0.7703 - val_loss: 1.0410 - val_accuracy: 0.6889 - 21s/epoch - 3ms/step
Epoch 54/100
6250/6250 - 21s - loss: 0.7490 - accuracy: 0.7891 - val_loss: 0.9903 - val_accuracy: 0.7077 - 21s/epoch - 3ms/step
Epoch 55/100
6250/6250 - 21s - loss: 1.7763 - accuracy: 0.7237 - val_loss: 1.0593 - val_accuracy: 0.6796 - 21s/epoch - 3ms/step
Epoch 56/100
6250/6250 - 21s - loss: 0.8266 - accuracy: 0.7630 - val_loss: 1.0044 - val_accuracy: 0.7006 - 21s/epoch - 3ms/step
Epoch 57/100
6250/6250 - 21s - loss: 1.2522 - accuracy: 0.7089 - val_loss: 1.4476 - val_accuracy: 0.5134 - 21s/epoch - 3ms/step
Epoch 58/100
6250/6250 - 21s - loss: 0.9009 - accuracy: 0.7370 - val_loss: 1.0376 - val_accuracy: 0.6979 - 21s/epoch - 3ms/step
Epoch 59/100
6250/6250 - 21s - loss: 0.7503 - accuracy: 0.7918 - val_loss: 1.0615 - val_accuracy: 0.6734 - 21s/epoch - 3ms/step
Epoch 60/100
6250/6250 - 21s - loss: 1.0898 - accuracy: 0.7265 - val_loss: 1.1216 - val_accuracy: 0.6540 - 21s/epoch - 3ms/step
Epoch 61/100
6250/6250 - 21s - loss: 1.3641 - accuracy: 0.7117 - val_loss: 1.0416 - val_accuracy: 0.6892 - 21s/epoch - 3ms/step
Epoch 62/100
Restoring model weights from the end of the best epoch: 32.
6250/6250 - 21s - loss: 1.1197 - accuracy: 0.7280 - val_loss: 1.0528 - val_accuracy: 0.6732 - 21s/epoch - 3ms/step
Epoch 62: early stopping
313/313 - 1s - loss: 0.9972 - accuracy: 0.7089 - 752ms/epoch - 2ms/step

ACCURACY: 0.708899974822998


SCORE: -0.7052590783760986

[92m | MODULE VALUES ---------------------------------------------  |
 [0m
FLOPS: 45485452
PARAMS: 2264586.0
[92m 
 | -----------------------------------------------------------  |
 [0m

--- BANANAS ITERATION 23 / 1000 ---
Chosen point: {'num_neurons': 8, 'unit_c1': 1, 'unit_c2': 5, 'dr_f': 0.3949615432195208, 'learning_rate': 0.00033425281773231377, 'batch_size': 16, 'optimizer': 'Adadelta', 'activation': 'selu', 'data_augmentation': False, 'reg_l2': False, 'skip_connection': True, 'new_fc_1': 30, 'new_fc_2': 15, 'new_fc_3': 4, 'new_fc_4': 32, 'new_fc_5': 13, 'new_fc_6': 8, 'new_fc_7': 14, 'new_fc_8': 4, 'new_fc_9': 16, 'new_fc_10': 30}
[94m
|  --> START TRAINING ITERATION 22[0m
[INFO] Flags -> DA: False, L2: False, Skip: True
Building model with input_shape=(32, 32, 3), pos_input_shape=None, layer_x_block=2
Model: "model"
__________________________________________________________________________________________________
 Layer (type)                Output Shape                 Param #   Connected to                  
==================================================================================================
 input_1 (InputLayer)        [(None, 32, 32, 3)]          0         []                            
                                                                                                  
 conv2d (Conv2D)             (None, 32, 32, 8)            224       ['input_1[0][0]']             
                                                                                                  
 activation (Activation)     (None, 32, 32, 8)            0         ['conv2d[0][0]']              
                                                                                                  
 conv2d_2 (Conv2D)           (None, 32, 32, 8)            32        ['input_1[0][0]']             
                                                                                                  
 conv2d_1 (Conv2D)           (None, 32, 32, 8)            584       ['activation[0][0]']          
                                                                                                  
 add (Add)                   (None, 32, 32, 8)            0         ['conv2d_2[0][0]',            
                                                                     'conv2d_1[0][0]']            
                                                                                                  
 activation_1 (Activation)   (None, 32, 32, 8)            0         ['add[0][0]']                 
                                                                                                  
 max_pooling2d (MaxPooling2  (None, 16, 16, 8)            0         ['activation_1[0][0]']        
 D)                                                                                               
                                                                                                  
 conv2d_3 (Conv2D)           (None, 16, 16, 40)           2920      ['max_pooling2d[0][0]']       
                                                                                                  
 activation_2 (Activation)   (None, 16, 16, 40)           0         ['conv2d_3[0][0]']            
                                                                                                  
 conv2d_5 (Conv2D)           (None, 16, 16, 40)           360       ['max_pooling2d[0][0]']       
                                                                                                  
 conv2d_4 (Conv2D)           (None, 16, 16, 40)           14440     ['activation_2[0][0]']        
                                                                                                  
 add_1 (Add)                 (None, 16, 16, 40)           0         ['conv2d_5[0][0]',            
                                                                     'conv2d_4[0][0]']            
                                                                                                  
 activation_3 (Activation)   (None, 16, 16, 40)           0         ['add_1[0][0]']               
                                                                                                  
 max_pooling2d_1 (MaxPoolin  (None, 8, 8, 40)             0         ['activation_3[0][0]']        
 g2D)                                                                                             
                                                                                                  
 flatten (Flatten)           (None, 2560)                 0         ['max_pooling2d_1[0][0]']     
                                                                                                  
 dense (Dense)               (None, 240)                  614640    ['flatten[0][0]']             
                                                                                                  
 activation_4 (Activation)   (None, 240)                  0         ['dense[0][0]']               
                                                                                                  
 dropout (Dropout)           (None, 240)                  0         ['activation_4[0][0]']        
                                                                                                  
 dense_1 (Dense)             (None, 120)                  28920     ['dropout[0][0]']             
                                                                                                  
 activation_5 (Activation)   (None, 120)                  0         ['dense_1[0][0]']             
                                                                                                  
 dropout_1 (Dropout)         (None, 120)                  0         ['activation_5[0][0]']        
                                                                                                  
 dense_2 (Dense)             (None, 32)                   3872      ['dropout_1[0][0]']           
                                                                                                  
 activation_6 (Activation)   (None, 32)                   0         ['dense_2[0][0]']             
                                                                                                  
 dropout_2 (Dropout)         (None, 32)                   0         ['activation_6[0][0]']        
                                                                                                  
 dense_3 (Dense)             (None, 256)                  8448      ['dropout_2[0][0]']           
                                                                                                  
 activation_7 (Activation)   (None, 256)                  0         ['dense_3[0][0]']             
                                                                                                  
 dropout_3 (Dropout)         (None, 256)                  0         ['activation_7[0][0]']        
                                                                                                  
 dense_4 (Dense)             (None, 104)                  26728     ['dropout_3[0][0]']           
                                                                                                  
 activation_8 (Activation)   (None, 104)                  0         ['dense_4[0][0]']             
                                                                                                  
 dropout_4 (Dropout)         (None, 104)                  0         ['activation_8[0][0]']        
                                                                                                  
 dense_5 (Dense)             (None, 64)                   6720      ['dropout_4[0][0]']           
                                                                                                  
 activation_9 (Activation)   (None, 64)                   0         ['dense_5[0][0]']             
                                                                                                  
 dropout_5 (Dropout)         (None, 64)                   0         ['activation_9[0][0]']        
                                                                                                  
 dense_6 (Dense)             (None, 112)                  7280      ['dropout_5[0][0]']           
                                                                                                  
 activation_10 (Activation)  (None, 112)                  0         ['dense_6[0][0]']             
                                                                                                  
 dropout_6 (Dropout)         (None, 112)                  0         ['activation_10[0][0]']       
                                                                                                  
 dense_7 (Dense)             (None, 32)                   3616      ['dropout_6[0][0]']           
                                                                                                  
 activation_11 (Activation)  (None, 32)                   0         ['dense_7[0][0]']             
                                                                                                  
 dropout_7 (Dropout)         (None, 32)                   0         ['activation_11[0][0]']       
                                                                                                  
 dense_8 (Dense)             (None, 128)                  4224      ['dropout_7[0][0]']           
                                                                                                  
 activation_12 (Activation)  (None, 128)                  0         ['dense_8[0][0]']             
                                                                                                  
 dropout_8 (Dropout)         (None, 128)                  0         ['activation_12[0][0]']       
                                                                                                  
 dense_9 (Dense)             (None, 240)                  30960     ['dropout_8[0][0]']           
                                                                                                  
 activation_13 (Activation)  (None, 240)                  0         ['dense_9[0][0]']             
                                                                                                  
 dropout_9 (Dropout)         (None, 240)                  0         ['activation_13[0][0]']       
                                                                                                  
 dense_10 (Dense)            (None, 10)                   2410      ['dropout_9[0][0]']           
                                                                                                  
==================================================================================================
Total params: 756378 (2.89 MB)
Trainable params: 756378 (2.89 MB)
Non-trainable params: 0 (0.00 Byte)
__________________________________________________________________________________________________
Epoch 1/100
3125/3125 - 12s - loss: 4.3201 - accuracy: 0.1012 - val_loss: 2.4794 - val_accuracy: 0.0823 - 12s/epoch - 4ms/step
Epoch 2/100
3125/3125 - 11s - loss: 4.2369 - accuracy: 0.1021 - val_loss: 2.4594 - val_accuracy: 0.0967 - 11s/epoch - 3ms/step
Epoch 3/100
3125/3125 - 11s - loss: 4.1834 - accuracy: 0.1000 - val_loss: 2.4403 - val_accuracy: 0.1076 - 11s/epoch - 3ms/step
Epoch 4/100
3125/3125 - 11s - loss: 4.1203 - accuracy: 0.1002 - val_loss: 2.4201 - val_accuracy: 0.1189 - 11s/epoch - 3ms/step
Epoch 5/100
3125/3125 - 11s - loss: 4.0663 - accuracy: 0.1000 - val_loss: 2.4021 - val_accuracy: 0.1304 - 11s/epoch - 3ms/step
Epoch 6/100
3125/3125 - 11s - loss: 4.0381 - accuracy: 0.1026 - val_loss: 2.3832 - val_accuracy: 0.1489 - 11s/epoch - 3ms/step
Epoch 7/100
3125/3125 - 11s - loss: 4.0009 - accuracy: 0.1009 - val_loss: 2.3820 - val_accuracy: 0.1518 - 11s/epoch - 3ms/step
Epoch 8/100
3125/3125 - 11s - loss: 3.9493 - accuracy: 0.1024 - val_loss: 2.3738 - val_accuracy: 0.1544 - 11s/epoch - 3ms/step
Epoch 9/100
3125/3125 - 11s - loss: 3.9363 - accuracy: 0.1019 - val_loss: 2.3630 - val_accuracy: 0.1554 - 11s/epoch - 3ms/step
Epoch 10/100
3125/3125 - 11s - loss: 3.9107 - accuracy: 0.1004 - val_loss: 2.3592 - val_accuracy: 0.1542 - 11s/epoch - 3ms/step
Epoch 11/100
3125/3125 - 11s - loss: 3.8608 - accuracy: 0.1035 - val_loss: 2.3497 - val_accuracy: 0.1507 - 11s/epoch - 3ms/step
Epoch 12/100
3125/3125 - 10s - loss: 3.8508 - accuracy: 0.1019 - val_loss: 2.3452 - val_accuracy: 0.1495 - 10s/epoch - 3ms/step
Epoch 13/100
3125/3125 - 11s - loss: 3.8022 - accuracy: 0.1040 - val_loss: 2.3409 - val_accuracy: 0.1501 - 11s/epoch - 3ms/step
Epoch 14/100
3125/3125 - 11s - loss: 3.7931 - accuracy: 0.1024 - val_loss: 2.3351 - val_accuracy: 0.1502 - 11s/epoch - 3ms/step
Epoch 15/100
3125/3125 - 11s - loss: 3.7809 - accuracy: 0.0968 - val_loss: 2.3238 - val_accuracy: 0.1489 - 11s/epoch - 3ms/step
Epoch 16/100
3125/3125 - 11s - loss: 3.7506 - accuracy: 0.1025 - val_loss: 2.3191 - val_accuracy: 0.1453 - 11s/epoch - 3ms/step
Epoch 17/100
3125/3125 - 11s - loss: 3.7215 - accuracy: 0.1009 - val_loss: 2.3139 - val_accuracy: 0.1453 - 11s/epoch - 3ms/step
Epoch 18/100
3125/3125 - 11s - loss: 3.6941 - accuracy: 0.1018 - val_loss: 2.3111 - val_accuracy: 0.1460 - 11s/epoch - 3ms/step
Epoch 19/100
3125/3125 - 11s - loss: 3.6762 - accuracy: 0.1034 - val_loss: 2.3058 - val_accuracy: 0.1433 - 11s/epoch - 3ms/step
Epoch 20/100
3125/3125 - 11s - loss: 3.6584 - accuracy: 0.1017 - val_loss: 2.3047 - val_accuracy: 0.1434 - 11s/epoch - 3ms/step
Epoch 21/100
3125/3125 - 11s - loss: 3.6446 - accuracy: 0.1038 - val_loss: 2.3018 - val_accuracy: 0.1430 - 11s/epoch - 3ms/step
Epoch 22/100
3125/3125 - 11s - loss: 3.6262 - accuracy: 0.1024 - val_loss: 2.3003 - val_accuracy: 0.1405 - 11s/epoch - 3ms/step
Epoch 23/100
3125/3125 - 11s - loss: 3.6212 - accuracy: 0.1028 - val_loss: 2.2939 - val_accuracy: 0.1398 - 11s/epoch - 3ms/step
Epoch 24/100
3125/3125 - 11s - loss: 3.5911 - accuracy: 0.1004 - val_loss: 2.2926 - val_accuracy: 0.1399 - 11s/epoch - 3ms/step
Epoch 25/100
3125/3125 - 11s - loss: 3.5834 - accuracy: 0.1032 - val_loss: 2.2875 - val_accuracy: 0.1433 - 11s/epoch - 3ms/step
Epoch 26/100
3125/3125 - 11s - loss: 3.5623 - accuracy: 0.1045 - val_loss: 2.2821 - val_accuracy: 0.1458 - 11s/epoch - 3ms/step
Epoch 27/100
3125/3125 - 11s - loss: 3.5438 - accuracy: 0.1039 - val_loss: 2.2806 - val_accuracy: 0.1444 - 11s/epoch - 3ms/step
Epoch 28/100
3125/3125 - 11s - loss: 3.5333 - accuracy: 0.1041 - val_loss: 2.2769 - val_accuracy: 0.1427 - 11s/epoch - 3ms/step
Epoch 29/100
3125/3125 - 11s - loss: 3.5152 - accuracy: 0.1041 - val_loss: 2.2759 - val_accuracy: 0.1409 - 11s/epoch - 3ms/step
Epoch 30/100
3125/3125 - 11s - loss: 3.5113 - accuracy: 0.1006 - val_loss: 2.2739 - val_accuracy: 0.1410 - 11s/epoch - 3ms/step
Epoch 31/100
3125/3125 - 11s - loss: 3.4985 - accuracy: 0.1022 - val_loss: 2.2728 - val_accuracy: 0.1378 - 11s/epoch - 3ms/step
Epoch 32/100
3125/3125 - 11s - loss: 3.4824 - accuracy: 0.1030 - val_loss: 2.2726 - val_accuracy: 0.1357 - 11s/epoch - 3ms/step
Epoch 33/100
3125/3125 - 11s - loss: 3.4518 - accuracy: 0.1063 - val_loss: 2.2702 - val_accuracy: 0.1369 - 11s/epoch - 3ms/step
Epoch 34/100
3125/3125 - 11s - loss: 3.4485 - accuracy: 0.1051 - val_loss: 2.2679 - val_accuracy: 0.1374 - 11s/epoch - 3ms/step
Epoch 35/100
3125/3125 - 11s - loss: 3.4475 - accuracy: 0.1033 - val_loss: 2.2677 - val_accuracy: 0.1382 - 11s/epoch - 3ms/step
Epoch 36/100
3125/3125 - 11s - loss: 3.4475 - accuracy: 0.1011 - val_loss: 2.2634 - val_accuracy: 0.1413 - 11s/epoch - 3ms/step
Epoch 37/100
3125/3125 - 11s - loss: 3.4234 - accuracy: 0.1024 - val_loss: 2.2608 - val_accuracy: 0.1427 - 11s/epoch - 3ms/step
Epoch 38/100
Restoring model weights from the end of the best epoch: 8.
3125/3125 - 11s - loss: 3.4076 - accuracy: 0.1031 - val_loss: 2.2561 - val_accuracy: 0.1430 - 11s/epoch - 3ms/step
Epoch 38: early stopping
313/313 - 1s - loss: 2.3738 - accuracy: 0.1544 - 725ms/epoch - 2ms/step

ACCURACY: 0.15440000593662262


SCORE: -0.3835822521556358

[92m | MODULE VALUES ---------------------------------------------  |
 [0m
FLOPS: 12248876
PARAMS: 756378.0
[92m 
 | -----------------------------------------------------------  |
 [0m

--- BANANAS ITERATION 24 / 1000 ---
Chosen point: {'num_neurons': 8, 'unit_c1': 1, 'unit_c2': 5, 'dr_f': 0.25202072921257257, 'learning_rate': 0.0005443103874874809, 'batch_size': 16, 'optimizer': 'Adam', 'activation': 'selu', 'data_augmentation': False, 'reg_l2': False, 'skip_connection': False, 'new_fc_1': 5, 'new_fc_2': 13, 'new_fc_3': 32, 'new_fc_4': 6, 'new_fc_5': 2, 'new_fc_6': 31, 'new_fc_7': 15, 'new_fc_8': 30, 'new_fc_9': 30, 'new_fc_10': 8}
[94m
|  --> START TRAINING ITERATION 23[0m
[INFO] Flags -> DA: False, L2: False, Skip: False
Building model with input_shape=(32, 32, 3), pos_input_shape=None, layer_x_block=2
Model: "model"
_________________________________________________________________
 Layer (type)                Output Shape              Param #   
=================================================================
 input_1 (InputLayer)        [(None, 32, 32, 3)]       0         
                                                                 
 conv2d (Conv2D)             (None, 32, 32, 8)         224       
                                                                 
 activation (Activation)     (None, 32, 32, 8)         0         
                                                                 
 conv2d_1 (Conv2D)           (None, 32, 32, 8)         584       
                                                                 
 activation_1 (Activation)   (None, 32, 32, 8)         0         
                                                                 
 max_pooling2d (MaxPooling2  (None, 16, 16, 8)         0         
 D)                                                              
                                                                 
 conv2d_2 (Conv2D)           (None, 16, 16, 40)        2920      
                                                                 
 activation_2 (Activation)   (None, 16, 16, 40)        0         
                                                                 
 conv2d_3 (Conv2D)           (None, 16, 16, 40)        14440     
                                                                 
 activation_3 (Activation)   (None, 16, 16, 40)        0         
                                                                 
 max_pooling2d_1 (MaxPoolin  (None, 8, 8, 40)          0         
 g2D)                                                            
                                                                 
 flatten (Flatten)           (None, 2560)              0         
                                                                 
 dense (Dense)               (None, 40)                102440    
                                                                 
 activation_4 (Activation)   (None, 40)                0         
                                                                 
 dropout (Dropout)           (None, 40)                0         
                                                                 
 dense_1 (Dense)             (None, 104)               4264      
                                                                 
 activation_5 (Activation)   (None, 104)               0         
                                                                 
 dropout_1 (Dropout)         (None, 104)               0         
                                                                 
 dense_2 (Dense)             (None, 256)               26880     
                                                                 
 activation_6 (Activation)   (None, 256)               0         
                                                                 
 dropout_2 (Dropout)         (None, 256)               0         
                                                                 
 dense_3 (Dense)             (None, 48)                12336     
                                                                 
 activation_7 (Activation)   (None, 48)                0         
                                                                 
 dropout_3 (Dropout)         (None, 48)                0         
                                                                 
 dense_4 (Dense)             (None, 16)                784       
                                                                 
 activation_8 (Activation)   (None, 16)                0         
                                                                 
 dropout_4 (Dropout)         (None, 16)                0         
                                                                 
 dense_5 (Dense)             (None, 248)               4216      
                                                                 
 activation_9 (Activation)   (None, 248)               0         
                                                                 
 dropout_5 (Dropout)         (None, 248)               0         
                                                                 
 dense_6 (Dense)             (None, 120)               29880     
                                                                 
 activation_10 (Activation)  (None, 120)               0         
                                                                 
 dropout_6 (Dropout)         (None, 120)               0         
                                                                 
 dense_7 (Dense)             (None, 240)               29040     
                                                                 
 activation_11 (Activation)  (None, 240)               0         
                                                                 
 dropout_7 (Dropout)         (None, 240)               0         
                                                                 
 dense_8 (Dense)             (None, 240)               57840     
                                                                 
 activation_12 (Activation)  (None, 240)               0         
                                                                 
 dropout_8 (Dropout)         (None, 240)               0         
                                                                 
 dense_9 (Dense)             (None, 64)                15424     
                                                                 
 activation_13 (Activation)  (None, 64)                0         
                                                                 
 dropout_9 (Dropout)         (None, 64)                0         
                                                                 
 dense_10 (Dense)            (None, 10)                650       
                                                                 
=================================================================
Total params: 301922 (1.15 MB)
Trainable params: 301922 (1.15 MB)
Non-trainable params: 0 (0.00 Byte)
_________________________________________________________________
Epoch 1/100
3125/3125 - 11s - loss: 2.2477 - accuracy: 0.2158 - val_loss: 1.7404 - val_accuracy: 0.3517 - 11s/epoch - 3ms/step
Epoch 2/100
3125/3125 - 10s - loss: 1.6697 - accuracy: 0.3773 - val_loss: 1.3665 - val_accuracy: 0.5022 - 10s/epoch - 3ms/step
Epoch 3/100
3125/3125 - 10s - loss: 1.5262 - accuracy: 0.4493 - val_loss: 1.3537 - val_accuracy: 0.5199 - 10s/epoch - 3ms/step
Epoch 4/100
3125/3125 - 10s - loss: 1.4352 - accuracy: 0.4941 - val_loss: 1.2899 - val_accuracy: 0.5553 - 10s/epoch - 3ms/step
Epoch 5/100
3125/3125 - 10s - loss: 1.3909 - accuracy: 0.5200 - val_loss: 1.2384 - val_accuracy: 0.5848 - 10s/epoch - 3ms/step
Epoch 6/100
3125/3125 - 10s - loss: 1.3311 - accuracy: 0.5472 - val_loss: 1.2191 - val_accuracy: 0.5827 - 10s/epoch - 3ms/step
Epoch 7/100
3125/3125 - 10s - loss: 1.2967 - accuracy: 0.5646 - val_loss: 1.2452 - val_accuracy: 0.5861 - 10s/epoch - 3ms/step
Epoch 8/100
3125/3125 - 10s - loss: 1.2625 - accuracy: 0.5780 - val_loss: 1.1487 - val_accuracy: 0.6212 - 10s/epoch - 3ms/step
Epoch 9/100
3125/3125 - 10s - loss: 1.2369 - accuracy: 0.5921 - val_loss: 1.1634 - val_accuracy: 0.6255 - 10s/epoch - 3ms/step
Epoch 10/100
3125/3125 - 10s - loss: 1.2073 - accuracy: 0.6064 - val_loss: 1.1537 - val_accuracy: 0.6273 - 10s/epoch - 3ms/step
Epoch 11/100
3125/3125 - 10s - loss: 1.1989 - accuracy: 0.6128 - val_loss: 1.1551 - val_accuracy: 0.6215 - 10s/epoch - 3ms/step
Epoch 12/100
3125/3125 - 10s - loss: 1.1771 - accuracy: 0.6176 - val_loss: 1.1615 - val_accuracy: 0.6283 - 10s/epoch - 3ms/step
Epoch 13/100
3125/3125 - 10s - loss: 1.1612 - accuracy: 0.6273 - val_loss: 1.1426 - val_accuracy: 0.6414 - 10s/epoch - 3ms/step
Epoch 14/100
3125/3125 - 10s - loss: 1.1452 - accuracy: 0.6341 - val_loss: 1.1479 - val_accuracy: 0.6423 - 10s/epoch - 3ms/step
Epoch 15/100
3125/3125 - 10s - loss: 1.1287 - accuracy: 0.6389 - val_loss: 1.1680 - val_accuracy: 0.6347 - 10s/epoch - 3ms/step
Epoch 16/100
3125/3125 - 10s - loss: 1.1227 - accuracy: 0.6424 - val_loss: 1.1507 - val_accuracy: 0.6325 - 10s/epoch - 3ms/step
Epoch 17/100
3125/3125 - 10s - loss: 1.1103 - accuracy: 0.6503 - val_loss: 1.1588 - val_accuracy: 0.6406 - 10s/epoch - 3ms/step
Epoch 18/100
3125/3125 - 10s - loss: 1.1019 - accuracy: 0.6528 - val_loss: 1.1014 - val_accuracy: 0.6527 - 10s/epoch - 3ms/step
Epoch 19/100
3125/3125 - 10s - loss: 1.0939 - accuracy: 0.6572 - val_loss: 1.1969 - val_accuracy: 0.6070 - 10s/epoch - 3ms/step
Epoch 20/100
3125/3125 - 10s - loss: 1.0757 - accuracy: 0.6618 - val_loss: 1.1341 - val_accuracy: 0.6487 - 10s/epoch - 3ms/step
Epoch 21/100
3125/3125 - 10s - loss: 1.0541 - accuracy: 0.6688 - val_loss: 1.0694 - val_accuracy: 0.6547 - 10s/epoch - 3ms/step
Epoch 22/100
3125/3125 - 10s - loss: 1.0518 - accuracy: 0.6697 - val_loss: 1.0783 - val_accuracy: 0.6634 - 10s/epoch - 3ms/step
Epoch 23/100
3125/3125 - 10s - loss: 1.0547 - accuracy: 0.6696 - val_loss: 1.0930 - val_accuracy: 0.6493 - 10s/epoch - 3ms/step
Epoch 24/100
3125/3125 - 10s - loss: 1.0466 - accuracy: 0.6711 - val_loss: 1.0891 - val_accuracy: 0.6578 - 10s/epoch - 3ms/step
Epoch 25/100
3125/3125 - 10s - loss: 1.0407 - accuracy: 0.6751 - val_loss: 1.0817 - val_accuracy: 0.6637 - 10s/epoch - 3ms/step
Epoch 26/100
3125/3125 - 10s - loss: 1.0401 - accuracy: 0.6776 - val_loss: 1.0964 - val_accuracy: 0.6607 - 10s/epoch - 3ms/step
Epoch 27/100
3125/3125 - 10s - loss: 1.0327 - accuracy: 0.6772 - val_loss: 1.1021 - val_accuracy: 0.6535 - 10s/epoch - 3ms/step
Epoch 28/100
3125/3125 - 10s - loss: 1.0222 - accuracy: 0.6809 - val_loss: 1.0668 - val_accuracy: 0.6710 - 10s/epoch - 3ms/step
Epoch 29/100
3125/3125 - 9s - loss: 1.0188 - accuracy: 0.6822 - val_loss: 1.0726 - val_accuracy: 0.6626 - 9s/epoch - 3ms/step
Epoch 30/100
3125/3125 - 9s - loss: 1.0029 - accuracy: 0.6919 - val_loss: 1.1040 - val_accuracy: 0.6575 - 9s/epoch - 3ms/step
Epoch 31/100
3125/3125 - 9s - loss: 1.0572 - accuracy: 0.6789 - val_loss: 1.0741 - val_accuracy: 0.6686 - 9s/epoch - 3ms/step
Epoch 32/100
3125/3125 - 9s - loss: 1.0060 - accuracy: 0.6874 - val_loss: 1.0992 - val_accuracy: 0.6578 - 9s/epoch - 3ms/step
Epoch 33/100
3125/3125 - 10s - loss: 0.9939 - accuracy: 0.6896 - val_loss: 1.1232 - val_accuracy: 0.6581 - 10s/epoch - 3ms/step
Epoch 34/100
3125/3125 - 10s - loss: 0.9941 - accuracy: 0.6929 - val_loss: 1.0953 - val_accuracy: 0.6652 - 10s/epoch - 3ms/step
Epoch 35/100
3125/3125 - 10s - loss: 0.9858 - accuracy: 0.6960 - val_loss: 1.0642 - val_accuracy: 0.6618 - 10s/epoch - 3ms/step
Epoch 36/100
3125/3125 - 9s - loss: 0.9992 - accuracy: 0.6906 - val_loss: 1.0985 - val_accuracy: 0.6548 - 9s/epoch - 3ms/step
Epoch 37/100
3125/3125 - 9s - loss: 1.0015 - accuracy: 0.6926 - val_loss: 1.0708 - val_accuracy: 0.6732 - 9s/epoch - 3ms/step
Epoch 38/100
3125/3125 - 10s - loss: 0.9856 - accuracy: 0.6968 - val_loss: 1.0716 - val_accuracy: 0.6652 - 10s/epoch - 3ms/step
Epoch 39/100
3125/3125 - 10s - loss: 0.9805 - accuracy: 0.6953 - val_loss: 1.0654 - val_accuracy: 0.6616 - 10s/epoch - 3ms/step
Epoch 40/100
3125/3125 - 10s - loss: 0.9986 - accuracy: 0.6930 - val_loss: 1.0761 - val_accuracy: 0.6640 - 10s/epoch - 3ms/step
Epoch 41/100
3125/3125 - 10s - loss: 0.9753 - accuracy: 0.7002 - val_loss: 1.1238 - val_accuracy: 0.6605 - 10s/epoch - 3ms/step
Epoch 42/100
3125/3125 - 10s - loss: 1.0440 - accuracy: 0.6859 - val_loss: 1.0880 - val_accuracy: 0.6604 - 10s/epoch - 3ms/step
Epoch 43/100
3125/3125 - 10s - loss: 0.9709 - accuracy: 0.6980 - val_loss: 1.1121 - val_accuracy: 0.6565 - 10s/epoch - 3ms/step
Epoch 44/100
3125/3125 - 10s - loss: 1.0173 - accuracy: 0.6937 - val_loss: 1.0393 - val_accuracy: 0.6732 - 10s/epoch - 3ms/step
Epoch 45/100
3125/3125 - 10s - loss: 0.9614 - accuracy: 0.7044 - val_loss: 1.0791 - val_accuracy: 0.6652 - 10s/epoch - 3ms/step
Epoch 46/100
3125/3125 - 10s - loss: 1.0231 - accuracy: 0.6888 - val_loss: 1.0944 - val_accuracy: 0.6564 - 10s/epoch - 3ms/step
Epoch 47/100
3125/3125 - 10s - loss: 0.9669 - accuracy: 0.7008 - val_loss: 1.0740 - val_accuracy: 0.6762 - 10s/epoch - 3ms/step
Epoch 48/100
3125/3125 - 10s - loss: 0.9712 - accuracy: 0.7028 - val_loss: 1.0768 - val_accuracy: 0.6698 - 10s/epoch - 3ms/step
Epoch 49/100
3125/3125 - 10s - loss: 0.9631 - accuracy: 0.7079 - val_loss: 1.1546 - val_accuracy: 0.6549 - 10s/epoch - 3ms/step
Epoch 50/100
3125/3125 - 10s - loss: 0.9787 - accuracy: 0.7037 - val_loss: 1.0894 - val_accuracy: 0.6597 - 10s/epoch - 3ms/step
Epoch 51/100
3125/3125 - 10s - loss: 0.9849 - accuracy: 0.7007 - val_loss: 1.0695 - val_accuracy: 0.6640 - 10s/epoch - 3ms/step
Epoch 52/100
3125/3125 - 10s - loss: 0.9620 - accuracy: 0.7081 - val_loss: 1.0824 - val_accuracy: 0.6626 - 10s/epoch - 3ms/step
Epoch 53/100
3125/3125 - 10s - loss: 0.9529 - accuracy: 0.7085 - val_loss: 1.0651 - val_accuracy: 0.6644 - 10s/epoch - 3ms/step
Epoch 54/100
3125/3125 - 10s - loss: 0.9608 - accuracy: 0.7082 - val_loss: 1.0693 - val_accuracy: 0.6625 - 10s/epoch - 3ms/step
Epoch 55/100
3125/3125 - 10s - loss: 0.9630 - accuracy: 0.7053 - val_loss: 1.0595 - val_accuracy: 0.6693 - 10s/epoch - 3ms/step
Epoch 56/100
3125/3125 - 10s - loss: 0.9516 - accuracy: 0.7072 - val_loss: 1.0843 - val_accuracy: 0.6652 - 10s/epoch - 3ms/step
Epoch 57/100
3125/3125 - 10s - loss: 1.0471 - accuracy: 0.6844 - val_loss: 1.0733 - val_accuracy: 0.6717 - 10s/epoch - 3ms/step
Epoch 58/100
3125/3125 - 10s - loss: 0.9436 - accuracy: 0.7139 - val_loss: 1.0930 - val_accuracy: 0.6724 - 10s/epoch - 3ms/step
Epoch 59/100
3125/3125 - 10s - loss: 0.9378 - accuracy: 0.7117 - val_loss: 1.1070 - val_accuracy: 0.6629 - 10s/epoch - 3ms/step
Epoch 60/100
3125/3125 - 10s - loss: 0.9545 - accuracy: 0.7086 - val_loss: 1.1648 - val_accuracy: 0.6431 - 10s/epoch - 3ms/step
Epoch 61/100
3125/3125 - 10s - loss: 1.2409 - accuracy: 0.6358 - val_loss: 1.1205 - val_accuracy: 0.6495 - 10s/epoch - 3ms/step
Epoch 62/100
3125/3125 - 10s - loss: 1.0636 - accuracy: 0.6753 - val_loss: 1.0883 - val_accuracy: 0.6603 - 10s/epoch - 3ms/step
Epoch 63/100
3125/3125 - 10s - loss: 0.9420 - accuracy: 0.7113 - val_loss: 1.0915 - val_accuracy: 0.6607 - 10s/epoch - 3ms/step
Epoch 64/100
3125/3125 - 10s - loss: 0.9527 - accuracy: 0.7131 - val_loss: 1.1268 - val_accuracy: 0.6549 - 10s/epoch - 3ms/step
Epoch 65/100
3125/3125 - 10s - loss: 1.0601 - accuracy: 0.6914 - val_loss: 1.0816 - val_accuracy: 0.6676 - 10s/epoch - 3ms/step
Epoch 66/100
3125/3125 - 10s - loss: 1.2719 - accuracy: 0.6808 - val_loss: 1.1699 - val_accuracy: 0.6340 - 10s/epoch - 3ms/step
Epoch 67/100
3125/3125 - 10s - loss: 0.9855 - accuracy: 0.6989 - val_loss: 1.0967 - val_accuracy: 0.6639 - 10s/epoch - 3ms/step
Epoch 68/100
3125/3125 - 10s - loss: 1.0812 - accuracy: 0.6781 - val_loss: 1.0813 - val_accuracy: 0.6659 - 10s/epoch - 3ms/step
Epoch 69/100
3125/3125 - 10s - loss: 0.9914 - accuracy: 0.7036 - val_loss: 1.1490 - val_accuracy: 0.6401 - 10s/epoch - 3ms/step
Epoch 70/100
3125/3125 - 10s - loss: 1.0489 - accuracy: 0.6863 - val_loss: 1.0939 - val_accuracy: 0.6648 - 10s/epoch - 3ms/step
Epoch 71/100
3125/3125 - 10s - loss: 0.9417 - accuracy: 0.7120 - val_loss: 1.0631 - val_accuracy: 0.6794 - 10s/epoch - 3ms/step
Epoch 72/100
3125/3125 - 10s - loss: 0.9429 - accuracy: 0.7136 - val_loss: 1.1611 - val_accuracy: 0.6342 - 10s/epoch - 3ms/step
Epoch 73/100
3125/3125 - 10s - loss: 1.0164 - accuracy: 0.6944 - val_loss: 1.0621 - val_accuracy: 0.6737 - 10s/epoch - 3ms/step
Epoch 74/100
3125/3125 - 10s - loss: 1.0919 - accuracy: 0.6901 - val_loss: 1.2043 - val_accuracy: 0.6171 - 10s/epoch - 3ms/step
Epoch 75/100
3125/3125 - 10s - loss: 0.9849 - accuracy: 0.7013 - val_loss: 1.0623 - val_accuracy: 0.6788 - 10s/epoch - 3ms/step
Epoch 76/100
3125/3125 - 10s - loss: 0.9787 - accuracy: 0.7069 - val_loss: 1.0617 - val_accuracy: 0.6633 - 10s/epoch - 3ms/step
Epoch 77/100
Restoring model weights from the end of the best epoch: 47.
3125/3125 - 10s - loss: 0.9617 - accuracy: 0.7088 - val_loss: 1.0927 - val_accuracy: 0.6590 - 10s/epoch - 3ms/step
Epoch 77: early stopping
313/313 - 1s - loss: 1.0740 - accuracy: 0.6762 - 537ms/epoch - 2ms/step

ACCURACY: 0.6761999726295471


SCORE: -0.751158292840683

[92m | MODULE VALUES ---------------------------------------------  |
 [0m
FLOPS: 11090844
PARAMS: 301922.0
[92m 
 | -----------------------------------------------------------  |
 [0m

--- BANANAS ITERATION 25 / 1000 ---
Chosen point: {'num_neurons': 16, 'unit_c1': 1, 'unit_c2': 1, 'dr_f': 0.19129927226754623, 'learning_rate': 0.0006357423013362359, 'batch_size': 16, 'optimizer': 'Adadelta', 'activation': 'selu', 'data_augmentation': False, 'reg_l2': False, 'skip_connection': True, 'new_fc_1': 30, 'new_fc_2': 3, 'new_fc_3': 26, 'new_fc_4': 21, 'new_fc_5': 29, 'new_fc_6': 3, 'new_fc_7': 10, 'new_fc_8': 8, 'new_fc_9': 29, 'new_fc_10': 4}
[94m
|  --> START TRAINING ITERATION 24[0m
[INFO] Flags -> DA: False, L2: False, Skip: True
Building model with input_shape=(32, 32, 3), pos_input_shape=None, layer_x_block=2
Model: "model"
__________________________________________________________________________________________________
 Layer (type)                Output Shape                 Param #   Connected to                  
==================================================================================================
 input_1 (InputLayer)        [(None, 32, 32, 3)]          0         []                            
                                                                                                  
 conv2d (Conv2D)             (None, 32, 32, 16)           448       ['input_1[0][0]']             
                                                                                                  
 activation (Activation)     (None, 32, 32, 16)           0         ['conv2d[0][0]']              
                                                                                                  
 conv2d_2 (Conv2D)           (None, 32, 32, 16)           64        ['input_1[0][0]']             
                                                                                                  
 conv2d_1 (Conv2D)           (None, 32, 32, 16)           2320      ['activation[0][0]']          
                                                                                                  
 add (Add)                   (None, 32, 32, 16)           0         ['conv2d_2[0][0]',            
                                                                     'conv2d_1[0][0]']            
                                                                                                  
 activation_1 (Activation)   (None, 32, 32, 16)           0         ['add[0][0]']                 
                                                                                                  
 max_pooling2d (MaxPooling2  (None, 16, 16, 16)           0         ['activation_1[0][0]']        
 D)                                                                                               
                                                                                                  
 conv2d_3 (Conv2D)           (None, 16, 16, 16)           2320      ['max_pooling2d[0][0]']       
                                                                                                  
 activation_2 (Activation)   (None, 16, 16, 16)           0         ['conv2d_3[0][0]']            
                                                                                                  
 conv2d_4 (Conv2D)           (None, 16, 16, 16)           2320      ['activation_2[0][0]']        
                                                                                                  
 add_1 (Add)                 (None, 16, 16, 16)           0         ['max_pooling2d[0][0]',       
                                                                     'conv2d_4[0][0]']            
                                                                                                  
 activation_3 (Activation)   (None, 16, 16, 16)           0         ['add_1[0][0]']               
                                                                                                  
 max_pooling2d_1 (MaxPoolin  (None, 8, 8, 16)             0         ['activation_3[0][0]']        
 g2D)                                                                                             
                                                                                                  
 flatten (Flatten)           (None, 1024)                 0         ['max_pooling2d_1[0][0]']     
                                                                                                  
 dense (Dense)               (None, 480)                  492000    ['flatten[0][0]']             
                                                                                                  
 activation_4 (Activation)   (None, 480)                  0         ['dense[0][0]']               
                                                                                                  
 dropout (Dropout)           (None, 480)                  0         ['activation_4[0][0]']        
                                                                                                  
 dense_1 (Dense)             (None, 48)                   23088     ['dropout[0][0]']             
                                                                                                  
 activation_5 (Activation)   (None, 48)                   0         ['dense_1[0][0]']             
                                                                                                  
 dropout_1 (Dropout)         (None, 48)                   0         ['activation_5[0][0]']        
                                                                                                  
 dense_2 (Dense)             (None, 416)                  20384     ['dropout_1[0][0]']           
                                                                                                  
 activation_6 (Activation)   (None, 416)                  0         ['dense_2[0][0]']             
                                                                                                  
 dropout_2 (Dropout)         (None, 416)                  0         ['activation_6[0][0]']        
                                                                                                  
 dense_3 (Dense)             (None, 336)                  140112    ['dropout_2[0][0]']           
                                                                                                  
 activation_7 (Activation)   (None, 336)                  0         ['dense_3[0][0]']             
                                                                                                  
 dropout_3 (Dropout)         (None, 336)                  0         ['activation_7[0][0]']        
                                                                                                  
 dense_4 (Dense)             (None, 464)                  156368    ['dropout_3[0][0]']           
                                                                                                  
 activation_8 (Activation)   (None, 464)                  0         ['dense_4[0][0]']             
                                                                                                  
 dropout_4 (Dropout)         (None, 464)                  0         ['activation_8[0][0]']        
                                                                                                  
 dense_5 (Dense)             (None, 48)                   22320     ['dropout_4[0][0]']           
                                                                                                  
 activation_9 (Activation)   (None, 48)                   0         ['dense_5[0][0]']             
                                                                                                  
 dropout_5 (Dropout)         (None, 48)                   0         ['activation_9[0][0]']        
                                                                                                  
 dense_6 (Dense)             (None, 160)                  7840      ['dropout_5[0][0]']           
                                                                                                  
 activation_10 (Activation)  (None, 160)                  0         ['dense_6[0][0]']             
                                                                                                  
 dropout_6 (Dropout)         (None, 160)                  0         ['activation_10[0][0]']       
                                                                                                  
 dense_7 (Dense)             (None, 128)                  20608     ['dropout_6[0][0]']           
                                                                                                  
 activation_11 (Activation)  (None, 128)                  0         ['dense_7[0][0]']             
                                                                                                  
 dropout_7 (Dropout)         (None, 128)                  0         ['activation_11[0][0]']       
                                                                                                  
 dense_8 (Dense)             (None, 464)                  59856     ['dropout_7[0][0]']           
                                                                                                  
 activation_12 (Activation)  (None, 464)                  0         ['dense_8[0][0]']             
                                                                                                  
 dropout_8 (Dropout)         (None, 464)                  0         ['activation_12[0][0]']       
                                                                                                  
 dense_9 (Dense)             (None, 64)                   29760     ['dropout_8[0][0]']           
                                                                                                  
 activation_13 (Activation)  (None, 64)                   0         ['dense_9[0][0]']             
                                                                                                  
 dropout_9 (Dropout)         (None, 64)                   0         ['activation_13[0][0]']       
                                                                                                  
 dense_10 (Dense)            (None, 10)                   650       ['dropout_9[0][0]']           
                                                                                                  
==================================================================================================
Total params: 980458 (3.74 MB)
Trainable params: 980458 (3.74 MB)
Non-trainable params: 0 (0.00 Byte)
__________________________________________________________________________________________________
Epoch 1/100
3125/3125 - 11s - loss: 3.2144 - accuracy: 0.1031 - val_loss: 2.3226 - val_accuracy: 0.1256 - 11s/epoch - 4ms/step
Epoch 2/100
3125/3125 - 10s - loss: 3.0454 - accuracy: 0.1086 - val_loss: 2.2288 - val_accuracy: 0.1696 - 10s/epoch - 3ms/step
Epoch 3/100
3125/3125 - 10s - loss: 2.9431 - accuracy: 0.1125 - val_loss: 2.1647 - val_accuracy: 0.1903 - 10s/epoch - 3ms/step
Epoch 4/100
3125/3125 - 10s - loss: 2.8439 - accuracy: 0.1237 - val_loss: 2.1073 - val_accuracy: 0.2094 - 10s/epoch - 3ms/step
Epoch 5/100
3125/3125 - 10s - loss: 2.7677 - accuracy: 0.1315 - val_loss: 2.0636 - val_accuracy: 0.2313 - 10s/epoch - 3ms/step
Epoch 6/100
3125/3125 - 10s - loss: 2.7020 - accuracy: 0.1379 - val_loss: 2.0309 - val_accuracy: 0.2442 - 10s/epoch - 3ms/step
Epoch 7/100
3125/3125 - 10s - loss: 2.6542 - accuracy: 0.1495 - val_loss: 2.0081 - val_accuracy: 0.2607 - 10s/epoch - 3ms/step
Epoch 8/100
3125/3125 - 10s - loss: 2.6057 - accuracy: 0.1568 - val_loss: 1.9861 - val_accuracy: 0.2731 - 10s/epoch - 3ms/step
Epoch 9/100
3125/3125 - 10s - loss: 2.5669 - accuracy: 0.1619 - val_loss: 1.9608 - val_accuracy: 0.2867 - 10s/epoch - 3ms/step
Epoch 10/100
3125/3125 - 10s - loss: 2.5410 - accuracy: 0.1665 - val_loss: 1.9427 - val_accuracy: 0.2950 - 10s/epoch - 3ms/step
Epoch 11/100
3125/3125 - 10s - loss: 2.5198 - accuracy: 0.1715 - val_loss: 1.9204 - val_accuracy: 0.2983 - 10s/epoch - 3ms/step
Epoch 12/100
3125/3125 - 10s - loss: 2.4780 - accuracy: 0.1794 - val_loss: 1.8987 - val_accuracy: 0.3071 - 10s/epoch - 3ms/step
Epoch 13/100
3125/3125 - 11s - loss: 2.4479 - accuracy: 0.1851 - val_loss: 1.8748 - val_accuracy: 0.3192 - 11s/epoch - 3ms/step
Epoch 14/100
3125/3125 - 11s - loss: 2.4308 - accuracy: 0.1869 - val_loss: 1.8515 - val_accuracy: 0.3317 - 11s/epoch - 3ms/step
Epoch 15/100
3125/3125 - 10s - loss: 2.4027 - accuracy: 0.1931 - val_loss: 1.8299 - val_accuracy: 0.3396 - 10s/epoch - 3ms/step
Epoch 16/100
3125/3125 - 11s - loss: 2.3747 - accuracy: 0.1982 - val_loss: 1.8237 - val_accuracy: 0.3455 - 11s/epoch - 3ms/step
Epoch 17/100
3125/3125 - 10s - loss: 2.3586 - accuracy: 0.2030 - val_loss: 1.8087 - val_accuracy: 0.3497 - 10s/epoch - 3ms/step
Epoch 18/100
3125/3125 - 10s - loss: 2.3461 - accuracy: 0.2079 - val_loss: 1.8002 - val_accuracy: 0.3539 - 10s/epoch - 3ms/step
Epoch 19/100
3125/3125 - 10s - loss: 2.3147 - accuracy: 0.2121 - val_loss: 1.7882 - val_accuracy: 0.3592 - 10s/epoch - 3ms/step
Epoch 20/100
3125/3125 - 10s - loss: 2.2949 - accuracy: 0.2183 - val_loss: 1.7769 - val_accuracy: 0.3614 - 10s/epoch - 3ms/step
Epoch 21/100
3125/3125 - 11s - loss: 2.2886 - accuracy: 0.2177 - val_loss: 1.7639 - val_accuracy: 0.3680 - 11s/epoch - 3ms/step
Epoch 22/100
3125/3125 - 11s - loss: 2.2723 - accuracy: 0.2233 - val_loss: 1.7563 - val_accuracy: 0.3691 - 11s/epoch - 3ms/step
Epoch 23/100
3125/3125 - 10s - loss: 2.2515 - accuracy: 0.2281 - val_loss: 1.7497 - val_accuracy: 0.3729 - 10s/epoch - 3ms/step
Epoch 24/100
3125/3125 - 10s - loss: 2.2511 - accuracy: 0.2284 - val_loss: 1.7427 - val_accuracy: 0.3764 - 10s/epoch - 3ms/step
Epoch 25/100
3125/3125 - 11s - loss: 2.2260 - accuracy: 0.2320 - val_loss: 1.7310 - val_accuracy: 0.3782 - 11s/epoch - 3ms/step
Epoch 26/100
3125/3125 - 10s - loss: 2.2161 - accuracy: 0.2350 - val_loss: 1.7247 - val_accuracy: 0.3804 - 10s/epoch - 3ms/step
Epoch 27/100
3125/3125 - 10s - loss: 2.2106 - accuracy: 0.2373 - val_loss: 1.7170 - val_accuracy: 0.3878 - 10s/epoch - 3ms/step
Epoch 28/100
3125/3125 - 11s - loss: 2.1917 - accuracy: 0.2408 - val_loss: 1.7078 - val_accuracy: 0.3884 - 11s/epoch - 3ms/step
Epoch 29/100
3125/3125 - 10s - loss: 2.1859 - accuracy: 0.2438 - val_loss: 1.7042 - val_accuracy: 0.3903 - 10s/epoch - 3ms/step
Epoch 30/100
3125/3125 - 10s - loss: 2.1822 - accuracy: 0.2430 - val_loss: 1.7002 - val_accuracy: 0.3916 - 10s/epoch - 3ms/step
Epoch 31/100
3125/3125 - 10s - loss: 2.1625 - accuracy: 0.2492 - val_loss: 1.6943 - val_accuracy: 0.3931 - 10s/epoch - 3ms/step
Epoch 32/100
3125/3125 - 10s - loss: 2.1517 - accuracy: 0.2508 - val_loss: 1.6873 - val_accuracy: 0.3944 - 10s/epoch - 3ms/step
Epoch 33/100
3125/3125 - 10s - loss: 2.1435 - accuracy: 0.2544 - val_loss: 1.6850 - val_accuracy: 0.3965 - 10s/epoch - 3ms/step
Epoch 34/100
3125/3125 - 10s - loss: 2.1205 - accuracy: 0.2623 - val_loss: 1.6838 - val_accuracy: 0.3968 - 10s/epoch - 3ms/step
Epoch 35/100
3125/3125 - 10s - loss: 2.1249 - accuracy: 0.2605 - val_loss: 1.6692 - val_accuracy: 0.4022 - 10s/epoch - 3ms/step
Epoch 36/100
3125/3125 - 10s - loss: 2.1158 - accuracy: 0.2618 - val_loss: 1.6673 - val_accuracy: 0.4008 - 10s/epoch - 3ms/step
Epoch 37/100
3125/3125 - 10s - loss: 2.1053 - accuracy: 0.2675 - val_loss: 1.6610 - val_accuracy: 0.4028 - 10s/epoch - 3ms/step
Epoch 38/100
3125/3125 - 10s - loss: 2.0915 - accuracy: 0.2646 - val_loss: 1.6562 - val_accuracy: 0.4027 - 10s/epoch - 3ms/step
Epoch 39/100
3125/3125 - 10s - loss: 2.0853 - accuracy: 0.2673 - val_loss: 1.6504 - val_accuracy: 0.4045 - 10s/epoch - 3ms/step
Epoch 40/100
3125/3125 - 10s - loss: 2.0783 - accuracy: 0.2691 - val_loss: 1.6481 - val_accuracy: 0.4064 - 10s/epoch - 3ms/step
Epoch 41/100
3125/3125 - 10s - loss: 2.0706 - accuracy: 0.2734 - val_loss: 1.6407 - val_accuracy: 0.4083 - 10s/epoch - 3ms/step
Epoch 42/100
3125/3125 - 10s - loss: 2.0669 - accuracy: 0.2756 - val_loss: 1.6397 - val_accuracy: 0.4104 - 10s/epoch - 3ms/step
Epoch 43/100
3125/3125 - 10s - loss: 2.0663 - accuracy: 0.2752 - val_loss: 1.6435 - val_accuracy: 0.4101 - 10s/epoch - 3ms/step
Epoch 44/100
3125/3125 - 10s - loss: 2.0482 - accuracy: 0.2793 - val_loss: 1.6309 - val_accuracy: 0.4149 - 10s/epoch - 3ms/step
Epoch 45/100
3125/3125 - 10s - loss: 2.0481 - accuracy: 0.2811 - val_loss: 1.6304 - val_accuracy: 0.4115 - 10s/epoch - 3ms/step
Epoch 46/100
3125/3125 - 10s - loss: 2.0349 - accuracy: 0.2851 - val_loss: 1.6252 - val_accuracy: 0.4155 - 10s/epoch - 3ms/step
Epoch 47/100
3125/3125 - 10s - loss: 2.0378 - accuracy: 0.2822 - val_loss: 1.6223 - val_accuracy: 0.4153 - 10s/epoch - 3ms/step
Epoch 48/100
3125/3125 - 10s - loss: 2.0211 - accuracy: 0.2852 - val_loss: 1.6183 - val_accuracy: 0.4192 - 10s/epoch - 3ms/step
Epoch 49/100
3125/3125 - 10s - loss: 2.0166 - accuracy: 0.2881 - val_loss: 1.6169 - val_accuracy: 0.4188 - 10s/epoch - 3ms/step
Epoch 50/100
3125/3125 - 10s - loss: 2.0128 - accuracy: 0.2920 - val_loss: 1.6084 - val_accuracy: 0.4207 - 10s/epoch - 3ms/step
Epoch 51/100
3125/3125 - 10s - loss: 2.0085 - accuracy: 0.2898 - val_loss: 1.6102 - val_accuracy: 0.4214 - 10s/epoch - 3ms/step
Epoch 52/100
3125/3125 - 10s - loss: 2.0021 - accuracy: 0.2961 - val_loss: 1.6071 - val_accuracy: 0.4236 - 10s/epoch - 3ms/step
Epoch 53/100
3125/3125 - 10s - loss: 1.9906 - accuracy: 0.2951 - val_loss: 1.6009 - val_accuracy: 0.4249 - 10s/epoch - 3ms/step
Epoch 54/100
3125/3125 - 10s - loss: 1.9957 - accuracy: 0.2968 - val_loss: 1.5977 - val_accuracy: 0.4251 - 10s/epoch - 3ms/step
Epoch 55/100
3125/3125 - 10s - loss: 1.9878 - accuracy: 0.2969 - val_loss: 1.5938 - val_accuracy: 0.4254 - 10s/epoch - 3ms/step
Epoch 56/100
3125/3125 - 10s - loss: 1.9770 - accuracy: 0.3012 - val_loss: 1.5935 - val_accuracy: 0.4294 - 10s/epoch - 3ms/step
Epoch 57/100
3125/3125 - 10s - loss: 1.9803 - accuracy: 0.3003 - val_loss: 1.5881 - val_accuracy: 0.4281 - 10s/epoch - 3ms/step
Epoch 58/100
3125/3125 - 10s - loss: 1.9660 - accuracy: 0.3055 - val_loss: 1.5865 - val_accuracy: 0.4292 - 10s/epoch - 3ms/step
Epoch 59/100
3125/3125 - 10s - loss: 1.9599 - accuracy: 0.3073 - val_loss: 1.5845 - val_accuracy: 0.4308 - 10s/epoch - 3ms/step
Epoch 60/100
3125/3125 - 10s - loss: 1.9626 - accuracy: 0.3056 - val_loss: 1.5794 - val_accuracy: 0.4321 - 10s/epoch - 3ms/step
Epoch 61/100
3125/3125 - 10s - loss: 1.9560 - accuracy: 0.3090 - val_loss: 1.5787 - val_accuracy: 0.4352 - 10s/epoch - 3ms/step
Epoch 62/100
3125/3125 - 10s - loss: 1.9499 - accuracy: 0.3080 - val_loss: 1.5736 - val_accuracy: 0.4357 - 10s/epoch - 3ms/step
Epoch 63/100
3125/3125 - 10s - loss: 1.9390 - accuracy: 0.3131 - val_loss: 1.5764 - val_accuracy: 0.4391 - 10s/epoch - 3ms/step
Epoch 64/100
3125/3125 - 10s - loss: 1.9401 - accuracy: 0.3111 - val_loss: 1.5721 - val_accuracy: 0.4397 - 10s/epoch - 3ms/step
Epoch 65/100
3125/3125 - 10s - loss: 1.9316 - accuracy: 0.3128 - val_loss: 1.5673 - val_accuracy: 0.4405 - 10s/epoch - 3ms/step
Epoch 66/100
3125/3125 - 10s - loss: 1.9262 - accuracy: 0.3166 - val_loss: 1.5637 - val_accuracy: 0.4418 - 10s/epoch - 3ms/step
Epoch 67/100
3125/3125 - 10s - loss: 1.9254 - accuracy: 0.3183 - val_loss: 1.5579 - val_accuracy: 0.4426 - 10s/epoch - 3ms/step
Epoch 68/100
3125/3125 - 10s - loss: 1.9230 - accuracy: 0.3155 - val_loss: 1.5563 - val_accuracy: 0.4445 - 10s/epoch - 3ms/step
Epoch 69/100
3125/3125 - 10s - loss: 1.9186 - accuracy: 0.3186 - val_loss: 1.5556 - val_accuracy: 0.4443 - 10s/epoch - 3ms/step
Epoch 70/100
3125/3125 - 10s - loss: 1.9133 - accuracy: 0.3192 - val_loss: 1.5550 - val_accuracy: 0.4462 - 10s/epoch - 3ms/step
Epoch 71/100
3125/3125 - 11s - loss: 1.9041 - accuracy: 0.3233 - val_loss: 1.5485 - val_accuracy: 0.4465 - 11s/epoch - 3ms/step
Epoch 72/100
3125/3125 - 11s - loss: 1.9132 - accuracy: 0.3227 - val_loss: 1.5440 - val_accuracy: 0.4497 - 11s/epoch - 3ms/step
Epoch 73/100
3125/3125 - 11s - loss: 1.9016 - accuracy: 0.3248 - val_loss: 1.5436 - val_accuracy: 0.4469 - 11s/epoch - 3ms/step
Epoch 74/100
3125/3125 - 11s - loss: 1.8846 - accuracy: 0.3284 - val_loss: 1.5419 - val_accuracy: 0.4475 - 11s/epoch - 3ms/step
Epoch 75/100
3125/3125 - 11s - loss: 1.8847 - accuracy: 0.3271 - val_loss: 1.5388 - val_accuracy: 0.4481 - 11s/epoch - 3ms/step
Epoch 76/100
3125/3125 - 11s - loss: 1.8872 - accuracy: 0.3279 - val_loss: 1.5364 - val_accuracy: 0.4514 - 11s/epoch - 3ms/step
Epoch 77/100
3125/3125 - 11s - loss: 1.8859 - accuracy: 0.3277 - val_loss: 1.5309 - val_accuracy: 0.4532 - 11s/epoch - 3ms/step
Epoch 78/100
3125/3125 - 11s - loss: 1.8806 - accuracy: 0.3295 - val_loss: 1.5321 - val_accuracy: 0.4532 - 11s/epoch - 3ms/step
Epoch 79/100
3125/3125 - 10s - loss: 1.8712 - accuracy: 0.3355 - val_loss: 1.5313 - val_accuracy: 0.4535 - 10s/epoch - 3ms/step
Epoch 80/100
3125/3125 - 10s - loss: 1.8682 - accuracy: 0.3345 - val_loss: 1.5278 - val_accuracy: 0.4553 - 10s/epoch - 3ms/step
Epoch 81/100
3125/3125 - 10s - loss: 1.8695 - accuracy: 0.3342 - val_loss: 1.5241 - val_accuracy: 0.4568 - 10s/epoch - 3ms/step
Epoch 82/100
3125/3125 - 10s - loss: 1.8699 - accuracy: 0.3338 - val_loss: 1.5214 - val_accuracy: 0.4572 - 10s/epoch - 3ms/step
Epoch 83/100
3125/3125 - 10s - loss: 1.8606 - accuracy: 0.3357 - val_loss: 1.5205 - val_accuracy: 0.4580 - 10s/epoch - 3ms/step
Epoch 84/100
3125/3125 - 11s - loss: 1.8576 - accuracy: 0.3378 - val_loss: 1.5160 - val_accuracy: 0.4586 - 11s/epoch - 3ms/step
Epoch 85/100
3125/3125 - 11s - loss: 1.8495 - accuracy: 0.3408 - val_loss: 1.5163 - val_accuracy: 0.4593 - 11s/epoch - 3ms/step
Epoch 86/100
3125/3125 - 11s - loss: 1.8561 - accuracy: 0.3386 - val_loss: 1.5132 - val_accuracy: 0.4594 - 11s/epoch - 3ms/step
Epoch 87/100
3125/3125 - 11s - loss: 1.8498 - accuracy: 0.3391 - val_loss: 1.5105 - val_accuracy: 0.4610 - 11s/epoch - 3ms/step
Epoch 88/100
3125/3125 - 11s - loss: 1.8455 - accuracy: 0.3411 - val_loss: 1.5095 - val_accuracy: 0.4604 - 11s/epoch - 3ms/step
Epoch 89/100
3125/3125 - 11s - loss: 1.8417 - accuracy: 0.3396 - val_loss: 1.5127 - val_accuracy: 0.4599 - 11s/epoch - 3ms/step
Epoch 90/100
3125/3125 - 11s - loss: 1.8350 - accuracy: 0.3433 - val_loss: 1.5045 - val_accuracy: 0.4619 - 11s/epoch - 3ms/step
Epoch 91/100
3125/3125 - 11s - loss: 1.8385 - accuracy: 0.3447 - val_loss: 1.5016 - val_accuracy: 0.4638 - 11s/epoch - 3ms/step
Epoch 92/100
3125/3125 - 11s - loss: 1.8309 - accuracy: 0.3465 - val_loss: 1.5027 - val_accuracy: 0.4636 - 11s/epoch - 3ms/step
Epoch 93/100
3125/3125 - 11s - loss: 1.8287 - accuracy: 0.3467 - val_loss: 1.4993 - val_accuracy: 0.4642 - 11s/epoch - 3ms/step
Epoch 94/100
3125/3125 - 11s - loss: 1.8211 - accuracy: 0.3501 - val_loss: 1.4965 - val_accuracy: 0.4645 - 11s/epoch - 3ms/step
Epoch 95/100
3125/3125 - 11s - loss: 1.8166 - accuracy: 0.3510 - val_loss: 1.4926 - val_accuracy: 0.4665 - 11s/epoch - 3ms/step
Epoch 96/100
3125/3125 - 11s - loss: 1.8143 - accuracy: 0.3495 - val_loss: 1.4940 - val_accuracy: 0.4657 - 11s/epoch - 3ms/step
Epoch 97/100
3125/3125 - 10s - loss: 1.8154 - accuracy: 0.3517 - val_loss: 1.4883 - val_accuracy: 0.4705 - 10s/epoch - 3ms/step
Epoch 98/100
3125/3125 - 10s - loss: 1.8107 - accuracy: 0.3532 - val_loss: 1.4866 - val_accuracy: 0.4676 - 10s/epoch - 3ms/step
Epoch 99/100
3125/3125 - 10s - loss: 1.8093 - accuracy: 0.3531 - val_loss: 1.4833 - val_accuracy: 0.4702 - 10s/epoch - 3ms/step
Epoch 100/100
3125/3125 - 10s - loss: 1.7964 - accuracy: 0.3556 - val_loss: 1.4847 - val_accuracy: 0.4675 - 10s/epoch - 3ms/step
313/313 - 1s - loss: 1.4847 - accuracy: 0.4675 - 564ms/epoch - 2ms/step

ACCURACY: 0.4675000011920929


SCORE: -0.6070447288344649

[92m | MODULE VALUES ---------------------------------------------  |
 [0m
FLOPS: 10102636
PARAMS: 980458.0
[92m 
 | -----------------------------------------------------------  |
 [0m

BANANAS BASELINE FINISHED
TOTAL TIME --------> 18722.55 seconds
BEST SCORE --------> -0.7853392047071686
HISTORY -----------> results_BANANAS_controller/bananas_cifar10_seed123_e1000_ep100/algorithm_logs/bananas_history.csv
Completed after chunk: 25/1000
