Running rolling chunk 1/40
Array task 9/10: dataset=cifar100, seed=84
Completed before chunk: 0/1000
Budget: chunk_evals=25, epochs=100
Result dir=results_BANANAS_controller/bananas_cifar100_seed84_e1000_ep100
[exp_config] Created config.yaml at: /hpc/home/fresca/EDGE-DNNTuner/results_BANANAS_controller/bananas_cifar100_seed84_e1000_ep100/config.yaml
50000 train samples
10000 test samples
Initialized NeuralNetwork with dataset. ROI mode: False
FLOPS module weight: 0.3

STARTING BANANAS BASELINE

[INFO] Resume requested, but no previous BANANAS history was found. Starting fresh.

--- BANANAS ITERATION 1 / 1000 ---
Chosen point: {'num_neurons': 4, 'unit_c1': 2, 'unit_c2': 1, 'dr_f': 0.14388958572096022, 'learning_rate': 0.0006656320045401266, 'batch_size': 64, 'optimizer': 'Adam', 'activation': 'relu', 'data_augmentation': False, 'reg_l2': False, 'skip_connection': False, 'new_fc_1': 31, 'new_fc_2': 8, 'new_fc_3': 0, 'new_fc_4': 29, 'new_fc_5': 4, 'new_fc_6': 4, 'new_fc_7': 23, 'new_fc_8': 18, 'new_fc_9': 2, 'new_fc_10': 23}
[94m
|  --> START TRAINING ITERATION 0[0m
[INFO] Flags -> DA: False, L2: False, Skip: False
Building model with input_shape=(32, 32, 3), pos_input_shape=None, layer_x_block=2
Model: "model"
_________________________________________________________________
 Layer (type)                Output Shape              Param #   
=================================================================
 input_1 (InputLayer)        [(None, 32, 32, 3)]       0         
                                                                 
 conv2d (Conv2D)             (None, 32, 32, 8)         224       
                                                                 
 activation (Activation)     (None, 32, 32, 8)         0         
                                                                 
 conv2d_1 (Conv2D)           (None, 32, 32, 8)         584       
                                                                 
 activation_1 (Activation)   (None, 32, 32, 8)         0         
                                                                 
 max_pooling2d (MaxPooling2  (None, 16, 16, 8)         0         
 D)                                                              
                                                                 
 conv2d_2 (Conv2D)           (None, 16, 16, 4)         292       
                                                                 
 activation_2 (Activation)   (None, 16, 16, 4)         0         
                                                                 
 conv2d_3 (Conv2D)           (None, 16, 16, 4)         148       
                                                                 
 activation_3 (Activation)   (None, 16, 16, 4)         0         
                                                                 
 max_pooling2d_1 (MaxPoolin  (None, 8, 8, 4)           0         
 g2D)                                                            
                                                                 
 flatten (Flatten)           (None, 256)               0         
                                                                 
 dense (Dense)               (None, 124)               31868     
                                                                 
 activation_4 (Activation)   (None, 124)               0         
                                                                 
 dropout (Dropout)           (None, 124)               0         
                                                                 
 dense_1 (Dense)             (None, 32)                4000      
                                                                 
 activation_5 (Activation)   (None, 32)                0         
                                                                 
 dropout_1 (Dropout)         (None, 32)                0         
                                                                 
 dense_2 (Dense)             (None, 116)               3828      
                                                                 
 activation_6 (Activation)   (None, 116)               0         
                                                                 
 dropout_2 (Dropout)         (None, 116)               0         
                                                                 
 dense_3 (Dense)             (None, 16)                1872      
                                                                 
 activation_7 (Activation)   (None, 16)                0         
                                                                 
 dropout_3 (Dropout)         (None, 16)                0         
                                                                 
 dense_4 (Dense)             (None, 16)                272       
                                                                 
 activation_8 (Activation)   (None, 16)                0         
                                                                 
 dropout_4 (Dropout)         (None, 16)                0         
                                                                 
 dense_5 (Dense)             (None, 92)                1564      
                                                                 
 activation_9 (Activation)   (None, 92)                0         
                                                                 
 dropout_5 (Dropout)         (None, 92)                0         
                                                                 
 dense_6 (Dense)             (None, 72)                6696      
                                                                 
 activation_10 (Activation)  (None, 72)                0         
                                                                 
 dropout_6 (Dropout)         (None, 72)                0         
                                                                 
 dense_7 (Dense)             (None, 8)                 584       
                                                                 
 activation_11 (Activation)  (None, 8)                 0         
                                                                 
 dropout_7 (Dropout)         (None, 8)                 0         
                                                                 
 dense_8 (Dense)             (None, 92)                828       
                                                                 
 activation_12 (Activation)  (None, 92)                0         
                                                                 
 dropout_8 (Dropout)         (None, 92)                0         
                                                                 
 dense_9 (Dense)             (None, 100)               9300      
                                                                 
=================================================================
Total params: 62060 (242.42 KB)
Trainable params: 62060 (242.42 KB)
Non-trainable params: 0 (0.00 Byte)
_________________________________________________________________
Epoch 1/100
782/782 - 7s - loss: 4.6056 - accuracy: 0.0090 - val_loss: 4.6052 - val_accuracy: 0.0100 - 7s/epoch - 8ms/step
Epoch 2/100
782/782 - 3s - loss: 4.5763 - accuracy: 0.0129 - val_loss: 4.5338 - val_accuracy: 0.0192 - 3s/epoch - 4ms/step
Epoch 3/100
782/782 - 3s - loss: 4.5250 - accuracy: 0.0180 - val_loss: 4.4976 - val_accuracy: 0.0221 - 3s/epoch - 4ms/step
Epoch 4/100
782/782 - 3s - loss: 4.4623 - accuracy: 0.0211 - val_loss: 4.3977 - val_accuracy: 0.0257 - 3s/epoch - 4ms/step
Epoch 5/100
782/782 - 3s - loss: 4.3426 - accuracy: 0.0250 - val_loss: 4.3246 - val_accuracy: 0.0260 - 3s/epoch - 4ms/step
Epoch 6/100
782/782 - 3s - loss: 4.2760 - accuracy: 0.0270 - val_loss: 4.2600 - val_accuracy: 0.0303 - 3s/epoch - 4ms/step
Epoch 7/100
782/782 - 3s - loss: 4.2350 - accuracy: 0.0297 - val_loss: 4.2999 - val_accuracy: 0.0254 - 3s/epoch - 4ms/step
Epoch 8/100
782/782 - 3s - loss: 4.2088 - accuracy: 0.0309 - val_loss: 4.2793 - val_accuracy: 0.0288 - 3s/epoch - 4ms/step
Epoch 9/100
782/782 - 3s - loss: 4.1898 - accuracy: 0.0319 - val_loss: 4.2561 - val_accuracy: 0.0285 - 3s/epoch - 4ms/step
Epoch 10/100
782/782 - 3s - loss: 4.1736 - accuracy: 0.0334 - val_loss: 4.2704 - val_accuracy: 0.0287 - 3s/epoch - 4ms/step
Epoch 11/100
782/782 - 3s - loss: 4.1633 - accuracy: 0.0344 - val_loss: 4.3057 - val_accuracy: 0.0282 - 3s/epoch - 4ms/step
Epoch 12/100
782/782 - 3s - loss: 4.1470 - accuracy: 0.0346 - val_loss: 4.2003 - val_accuracy: 0.0358 - 3s/epoch - 4ms/step
Epoch 13/100
782/782 - 3s - loss: 4.1393 - accuracy: 0.0355 - val_loss: 4.1853 - val_accuracy: 0.0363 - 3s/epoch - 4ms/step
Epoch 14/100
782/782 - 3s - loss: 4.1239 - accuracy: 0.0355 - val_loss: 4.2908 - val_accuracy: 0.0318 - 3s/epoch - 4ms/step
Epoch 15/100
782/782 - 3s - loss: 4.1150 - accuracy: 0.0375 - val_loss: 4.1313 - val_accuracy: 0.0407 - 3s/epoch - 4ms/step
Epoch 16/100
782/782 - 3s - loss: 4.1053 - accuracy: 0.0385 - val_loss: 4.2306 - val_accuracy: 0.0347 - 3s/epoch - 4ms/step
Epoch 17/100
782/782 - 3s - loss: 4.0965 - accuracy: 0.0379 - val_loss: 4.1349 - val_accuracy: 0.0423 - 3s/epoch - 4ms/step
Epoch 18/100
782/782 - 3s - loss: 4.0874 - accuracy: 0.0388 - val_loss: 4.1589 - val_accuracy: 0.0390 - 3s/epoch - 4ms/step
Epoch 19/100
782/782 - 3s - loss: 4.0752 - accuracy: 0.0397 - val_loss: 4.2102 - val_accuracy: 0.0356 - 3s/epoch - 4ms/step
Epoch 20/100
782/782 - 3s - loss: 4.0701 - accuracy: 0.0418 - val_loss: 4.1519 - val_accuracy: 0.0388 - 3s/epoch - 4ms/step
Epoch 21/100
782/782 - 3s - loss: 4.0587 - accuracy: 0.0424 - val_loss: 4.1357 - val_accuracy: 0.0419 - 3s/epoch - 4ms/step
Epoch 22/100
782/782 - 3s - loss: 4.0503 - accuracy: 0.0432 - val_loss: 4.1405 - val_accuracy: 0.0388 - 3s/epoch - 4ms/step
Epoch 23/100
782/782 - 3s - loss: 4.0399 - accuracy: 0.0433 - val_loss: 4.1919 - val_accuracy: 0.0411 - 3s/epoch - 4ms/step
Epoch 24/100
782/782 - 3s - loss: 4.0296 - accuracy: 0.0436 - val_loss: 4.1215 - val_accuracy: 0.0440 - 3s/epoch - 4ms/step
Epoch 25/100
782/782 - 3s - loss: 4.0211 - accuracy: 0.0448 - val_loss: 4.1087 - val_accuracy: 0.0424 - 3s/epoch - 4ms/step
Epoch 26/100
782/782 - 3s - loss: 4.0071 - accuracy: 0.0463 - val_loss: 4.1002 - val_accuracy: 0.0427 - 3s/epoch - 4ms/step
Epoch 27/100
782/782 - 3s - loss: 3.9974 - accuracy: 0.0472 - val_loss: 4.2323 - val_accuracy: 0.0400 - 3s/epoch - 4ms/step
Epoch 28/100
782/782 - 3s - loss: 3.9872 - accuracy: 0.0499 - val_loss: 4.0924 - val_accuracy: 0.0496 - 3s/epoch - 4ms/step
Epoch 29/100
782/782 - 3s - loss: 3.9817 - accuracy: 0.0509 - val_loss: 4.1045 - val_accuracy: 0.0512 - 3s/epoch - 4ms/step
Epoch 30/100
782/782 - 3s - loss: 3.9751 - accuracy: 0.0525 - val_loss: 4.0919 - val_accuracy: 0.0520 - 3s/epoch - 4ms/step
Epoch 31/100
782/782 - 3s - loss: 3.9591 - accuracy: 0.0539 - val_loss: 4.1153 - val_accuracy: 0.0481 - 3s/epoch - 4ms/step
Epoch 32/100
782/782 - 3s - loss: 3.9505 - accuracy: 0.0563 - val_loss: 4.1199 - val_accuracy: 0.0496 - 3s/epoch - 4ms/step
Epoch 33/100
782/782 - 3s - loss: 3.9426 - accuracy: 0.0570 - val_loss: 4.1188 - val_accuracy: 0.0494 - 3s/epoch - 4ms/step
Epoch 34/100
782/782 - 3s - loss: 3.9273 - accuracy: 0.0577 - val_loss: 4.1395 - val_accuracy: 0.0465 - 3s/epoch - 4ms/step
Epoch 35/100
782/782 - 3s - loss: 3.9192 - accuracy: 0.0578 - val_loss: 4.0486 - val_accuracy: 0.0540 - 3s/epoch - 4ms/step
Epoch 36/100
782/782 - 3s - loss: 3.9175 - accuracy: 0.0591 - val_loss: 4.0273 - val_accuracy: 0.0569 - 3s/epoch - 4ms/step
Epoch 37/100
782/782 - 3s - loss: 3.9110 - accuracy: 0.0597 - val_loss: 4.0403 - val_accuracy: 0.0545 - 3s/epoch - 4ms/step
Epoch 38/100
782/782 - 3s - loss: 3.8892 - accuracy: 0.0611 - val_loss: 4.0915 - val_accuracy: 0.0498 - 3s/epoch - 4ms/step
Epoch 39/100
782/782 - 3s - loss: 3.8904 - accuracy: 0.0630 - val_loss: 4.1623 - val_accuracy: 0.0484 - 3s/epoch - 4ms/step
Epoch 40/100
782/782 - 3s - loss: 3.8708 - accuracy: 0.0645 - val_loss: 4.0892 - val_accuracy: 0.0539 - 3s/epoch - 4ms/step
Epoch 41/100
782/782 - 3s - loss: 3.8694 - accuracy: 0.0633 - val_loss: 4.0602 - val_accuracy: 0.0580 - 3s/epoch - 4ms/step
Epoch 42/100
782/782 - 3s - loss: 3.8718 - accuracy: 0.0650 - val_loss: 4.0072 - val_accuracy: 0.0578 - 3s/epoch - 4ms/step
Epoch 43/100
782/782 - 3s - loss: 3.8643 - accuracy: 0.0645 - val_loss: 4.0362 - val_accuracy: 0.0558 - 3s/epoch - 4ms/step
Epoch 44/100
782/782 - 3s - loss: 3.8495 - accuracy: 0.0666 - val_loss: 4.0921 - val_accuracy: 0.0552 - 3s/epoch - 4ms/step
Epoch 45/100
782/782 - 3s - loss: 3.8288 - accuracy: 0.0694 - val_loss: 4.0136 - val_accuracy: 0.0616 - 3s/epoch - 4ms/step
Epoch 46/100
782/782 - 3s - loss: 3.8345 - accuracy: 0.0682 - val_loss: 4.0649 - val_accuracy: 0.0576 - 3s/epoch - 4ms/step
Epoch 47/100
782/782 - 3s - loss: 3.8216 - accuracy: 0.0707 - val_loss: 4.0197 - val_accuracy: 0.0596 - 3s/epoch - 4ms/step
Epoch 48/100
782/782 - 3s - loss: 3.8167 - accuracy: 0.0730 - val_loss: 4.0366 - val_accuracy: 0.0569 - 3s/epoch - 4ms/step
Epoch 49/100
782/782 - 3s - loss: 3.8134 - accuracy: 0.0708 - val_loss: 4.0234 - val_accuracy: 0.0596 - 3s/epoch - 4ms/step
Epoch 50/100
782/782 - 3s - loss: 3.8037 - accuracy: 0.0733 - val_loss: 4.0039 - val_accuracy: 0.0647 - 3s/epoch - 4ms/step
Epoch 51/100
782/782 - 3s - loss: 3.7982 - accuracy: 0.0748 - val_loss: 4.0050 - val_accuracy: 0.0672 - 3s/epoch - 4ms/step
Epoch 52/100
782/782 - 3s - loss: 3.7846 - accuracy: 0.0764 - val_loss: 4.0540 - val_accuracy: 0.0674 - 3s/epoch - 4ms/step
Epoch 53/100
782/782 - 3s - loss: 3.7718 - accuracy: 0.0787 - val_loss: 3.9877 - val_accuracy: 0.0713 - 3s/epoch - 4ms/step
Epoch 54/100
782/782 - 3s - loss: 3.7660 - accuracy: 0.0794 - val_loss: 4.0523 - val_accuracy: 0.0650 - 3s/epoch - 4ms/step
Epoch 55/100
782/782 - 3s - loss: 3.7633 - accuracy: 0.0806 - val_loss: 3.9839 - val_accuracy: 0.0705 - 3s/epoch - 4ms/step
Epoch 56/100
782/782 - 3s - loss: 3.7450 - accuracy: 0.0809 - val_loss: 3.9741 - val_accuracy: 0.0745 - 3s/epoch - 4ms/step
Epoch 57/100
782/782 - 3s - loss: 3.7473 - accuracy: 0.0815 - val_loss: 4.0348 - val_accuracy: 0.0706 - 3s/epoch - 4ms/step
Epoch 58/100
782/782 - 3s - loss: 3.7413 - accuracy: 0.0834 - val_loss: 3.9838 - val_accuracy: 0.0751 - 3s/epoch - 4ms/step
Epoch 59/100
782/782 - 3s - loss: 3.7292 - accuracy: 0.0839 - val_loss: 4.1211 - val_accuracy: 0.0661 - 3s/epoch - 4ms/step
Epoch 60/100
782/782 - 3s - loss: 3.7268 - accuracy: 0.0863 - val_loss: 4.0387 - val_accuracy: 0.0690 - 3s/epoch - 4ms/step
Epoch 61/100
782/782 - 3s - loss: 3.7163 - accuracy: 0.0863 - val_loss: 4.1357 - val_accuracy: 0.0621 - 3s/epoch - 4ms/step
Epoch 62/100
782/782 - 3s - loss: 3.7229 - accuracy: 0.0874 - val_loss: 4.0064 - val_accuracy: 0.0754 - 3s/epoch - 4ms/step
Epoch 63/100
782/782 - 3s - loss: 3.7084 - accuracy: 0.0875 - val_loss: 4.0204 - val_accuracy: 0.0739 - 3s/epoch - 4ms/step
Epoch 64/100
782/782 - 3s - loss: 3.7087 - accuracy: 0.0876 - val_loss: 3.9868 - val_accuracy: 0.0786 - 3s/epoch - 4ms/step
Epoch 65/100
782/782 - 3s - loss: 3.7020 - accuracy: 0.0883 - val_loss: 3.9962 - val_accuracy: 0.0772 - 3s/epoch - 4ms/step
Epoch 66/100
782/782 - 3s - loss: 3.6957 - accuracy: 0.0906 - val_loss: 3.9999 - val_accuracy: 0.0754 - 3s/epoch - 4ms/step
Epoch 67/100
782/782 - 3s - loss: 3.6965 - accuracy: 0.0880 - val_loss: 3.9603 - val_accuracy: 0.0788 - 3s/epoch - 4ms/step
Epoch 68/100
782/782 - 3s - loss: 3.6896 - accuracy: 0.0914 - val_loss: 4.0039 - val_accuracy: 0.0735 - 3s/epoch - 4ms/step
Epoch 69/100
782/782 - 3s - loss: 3.6881 - accuracy: 0.0919 - val_loss: 3.9826 - val_accuracy: 0.0750 - 3s/epoch - 4ms/step
Epoch 70/100
782/782 - 3s - loss: 3.6793 - accuracy: 0.0917 - val_loss: 4.0823 - val_accuracy: 0.0725 - 3s/epoch - 4ms/step
Epoch 71/100
782/782 - 3s - loss: 3.6786 - accuracy: 0.0900 - val_loss: 4.0308 - val_accuracy: 0.0754 - 3s/epoch - 4ms/step
Epoch 72/100
782/782 - 3s - loss: 3.6734 - accuracy: 0.0947 - val_loss: 4.0005 - val_accuracy: 0.0783 - 3s/epoch - 4ms/step
Epoch 73/100
782/782 - 3s - loss: 3.6678 - accuracy: 0.0935 - val_loss: 3.9788 - val_accuracy: 0.0781 - 3s/epoch - 4ms/step
Epoch 74/100
782/782 - 3s - loss: 3.6735 - accuracy: 0.0924 - val_loss: 3.9761 - val_accuracy: 0.0745 - 3s/epoch - 4ms/step
Epoch 75/100
782/782 - 3s - loss: 3.6586 - accuracy: 0.0929 - val_loss: 4.0337 - val_accuracy: 0.0742 - 3s/epoch - 4ms/step
Epoch 76/100
782/782 - 3s - loss: 3.6547 - accuracy: 0.0944 - val_loss: 4.0268 - val_accuracy: 0.0730 - 3s/epoch - 3ms/step
Epoch 77/100
782/782 - 3s - loss: 3.6509 - accuracy: 0.0932 - val_loss: 3.9884 - val_accuracy: 0.0781 - 3s/epoch - 3ms/step
Epoch 78/100
782/782 - 3s - loss: 3.6631 - accuracy: 0.0949 - val_loss: 3.9669 - val_accuracy: 0.0795 - 3s/epoch - 3ms/step
Epoch 79/100
782/782 - 3s - loss: 3.6464 - accuracy: 0.0973 - val_loss: 3.9517 - val_accuracy: 0.0848 - 3s/epoch - 3ms/step
Epoch 80/100
782/782 - 3s - loss: 3.6576 - accuracy: 0.0941 - val_loss: 4.0184 - val_accuracy: 0.0750 - 3s/epoch - 3ms/step
Epoch 81/100
782/782 - 3s - loss: 3.6541 - accuracy: 0.0964 - val_loss: 3.9687 - val_accuracy: 0.0844 - 3s/epoch - 3ms/step
Epoch 82/100
782/782 - 3s - loss: 3.6335 - accuracy: 0.0963 - val_loss: 4.0379 - val_accuracy: 0.0771 - 3s/epoch - 3ms/step
Epoch 83/100
782/782 - 3s - loss: 3.6322 - accuracy: 0.0972 - val_loss: 3.9512 - val_accuracy: 0.0808 - 3s/epoch - 3ms/step
Epoch 84/100
782/782 - 3s - loss: 3.6436 - accuracy: 0.0971 - val_loss: 4.0542 - val_accuracy: 0.0752 - 3s/epoch - 3ms/step
Epoch 85/100
782/782 - 3s - loss: 3.6380 - accuracy: 0.0989 - val_loss: 4.0273 - val_accuracy: 0.0786 - 3s/epoch - 3ms/step
Epoch 86/100
782/782 - 3s - loss: 3.6306 - accuracy: 0.0980 - val_loss: 3.9819 - val_accuracy: 0.0766 - 3s/epoch - 3ms/step
Epoch 87/100
782/782 - 3s - loss: 3.6366 - accuracy: 0.0986 - val_loss: 4.0004 - val_accuracy: 0.0774 - 3s/epoch - 3ms/step
Epoch 88/100
782/782 - 3s - loss: 3.6223 - accuracy: 0.1016 - val_loss: 3.9895 - val_accuracy: 0.0809 - 3s/epoch - 3ms/step
Epoch 89/100
782/782 - 3s - loss: 3.6330 - accuracy: 0.0978 - val_loss: 3.9612 - val_accuracy: 0.0760 - 3s/epoch - 3ms/step
Epoch 90/100
782/782 - 3s - loss: 3.6209 - accuracy: 0.0985 - val_loss: 4.0222 - val_accuracy: 0.0757 - 3s/epoch - 3ms/step
Epoch 91/100
782/782 - 3s - loss: 3.6173 - accuracy: 0.1002 - val_loss: 3.9895 - val_accuracy: 0.0820 - 3s/epoch - 3ms/step
Epoch 92/100
782/782 - 3s - loss: 3.6200 - accuracy: 0.0998 - val_loss: 4.0273 - val_accuracy: 0.0718 - 3s/epoch - 3ms/step
Epoch 93/100
782/782 - 3s - loss: 3.6127 - accuracy: 0.1018 - val_loss: 4.0047 - val_accuracy: 0.0798 - 3s/epoch - 3ms/step
Epoch 94/100
782/782 - 3s - loss: 3.6127 - accuracy: 0.1015 - val_loss: 4.0340 - val_accuracy: 0.0734 - 3s/epoch - 4ms/step
Epoch 95/100
782/782 - 3s - loss: 3.6181 - accuracy: 0.1014 - val_loss: 4.0208 - val_accuracy: 0.0776 - 3s/epoch - 4ms/step
Epoch 96/100
782/782 - 3s - loss: 3.6054 - accuracy: 0.1023 - val_loss: 3.9823 - val_accuracy: 0.0832 - 3s/epoch - 4ms/step
Epoch 97/100
782/782 - 3s - loss: 3.5963 - accuracy: 0.1045 - val_loss: 4.0013 - val_accuracy: 0.0786 - 3s/epoch - 4ms/step
Epoch 98/100
782/782 - 3s - loss: 3.5977 - accuracy: 0.1019 - val_loss: 3.9612 - val_accuracy: 0.0866 - 3s/epoch - 4ms/step
Epoch 99/100
782/782 - 3s - loss: 3.6141 - accuracy: 0.1023 - val_loss: 4.0715 - val_accuracy: 0.0714 - 3s/epoch - 4ms/step
Epoch 100/100
782/782 - 3s - loss: 3.6055 - accuracy: 0.1007 - val_loss: 3.9952 - val_accuracy: 0.0834 - 3s/epoch - 4ms/step
313/313 - 1s - loss: 3.9952 - accuracy: 0.0834 - 554ms/epoch - 2ms/step

ACCURACY: 0.08340000361204147


SCORE: -0.354395394528429

[92m | MODULE VALUES ---------------------------------------------  |
 [0m
FLOPS: 1992304
PARAMS: 62060.0
[92m 
 | -----------------------------------------------------------  |
 [0m
[INFO] New Best Score: -0.3544 (Previous: 10000000000.0000)

--- BANANAS ITERATION 2 / 1000 ---
Chosen point: {'num_neurons': 32, 'unit_c1': 1, 'unit_c2': 3, 'dr_f': 0.2632058357740766, 'learning_rate': 0.0009087502909210277, 'batch_size': 16, 'optimizer': 'SGD', 'activation': 'swish', 'data_augmentation': True, 'reg_l2': True, 'skip_connection': True, 'new_fc_1': 0, 'new_fc_2': 3, 'new_fc_3': 30, 'new_fc_4': 3, 'new_fc_5': 27, 'new_fc_6': 20, 'new_fc_7': 29, 'new_fc_8': 24, 'new_fc_9': 28, 'new_fc_10': 16}
[94m
|  --> START TRAINING ITERATION 1[0m
[INFO] Flags -> DA: True, L2: True, Skip: True
Building model with input_shape=(32, 32, 3), pos_input_shape=None, layer_x_block=2
Model: "model"
__________________________________________________________________________________________________
 Layer (type)                Output Shape                 Param #   Connected to                  
==================================================================================================
 input_2 (InputLayer)        [(None, 32, 32, 3)]          0         []                            
                                                                                                  
 conv2d (Conv2D)             (None, 32, 32, 32)           896       ['input_2[0][0]']             
                                                                                                  
 activation (Activation)     (None, 32, 32, 32)           0         ['conv2d[1][0]']              
                                                                                                  
 conv2d_2 (Conv2D)           (None, 32, 32, 32)           128       ['input_2[0][0]']             
                                                                                                  
 conv2d_1 (Conv2D)           (None, 32, 32, 32)           9248      ['activation[1][0]']          
                                                                                                  
 add (Add)                   (None, 32, 32, 32)           0         ['conv2d_2[1][0]',            
                                                                     'conv2d_1[1][0]']            
                                                                                                  
 activation_1 (Activation)   (None, 32, 32, 32)           0         ['add[1][0]']                 
                                                                                                  
 max_pooling2d (MaxPooling2  (None, 16, 16, 32)           0         ['activation_1[1][0]']        
 D)                                                                                               
                                                                                                  
 conv2d_3 (Conv2D)           (None, 16, 16, 96)           27744     ['max_pooling2d[1][0]']       
                                                                                                  
 activation_2 (Activation)   (None, 16, 16, 96)           0         ['conv2d_3[1][0]']            
                                                                                                  
 conv2d_5 (Conv2D)           (None, 16, 16, 96)           3168      ['max_pooling2d[1][0]']       
                                                                                                  
 conv2d_4 (Conv2D)           (None, 16, 16, 96)           83040     ['activation_2[1][0]']        
                                                                                                  
 add_1 (Add)                 (None, 16, 16, 96)           0         ['conv2d_5[1][0]',            
                                                                     'conv2d_4[1][0]']            
                                                                                                  
 activation_3 (Activation)   (None, 16, 16, 96)           0         ['add_1[1][0]']               
                                                                                                  
 max_pooling2d_1 (MaxPoolin  (None, 8, 8, 96)             0         ['activation_3[1][0]']        
 g2D)                                                                                             
                                                                                                  
 flatten (Flatten)           (None, 6144)                 0         ['max_pooling2d_1[1][0]']     
                                                                                                  
 dense (Dense)               (None, 96)                   589920    ['flatten[1][0]']             
                                                                                                  
 activation_4 (Activation)   (None, 96)                   0         ['dense[1][0]']               
                                                                                                  
 dropout (Dropout)           (None, 96)                   0         ['activation_4[1][0]']        
                                                                                                  
 dense_1 (Dense)             (None, 960)                  93120     ['dropout[1][0]']             
                                                                                                  
 activation_5 (Activation)   (None, 960)                  0         ['dense_1[1][0]']             
                                                                                                  
 dropout_1 (Dropout)         (None, 960)                  0         ['activation_5[1][0]']        
                                                                                                  
 dense_2 (Dense)             (None, 96)                   92256     ['dropout_1[1][0]']           
                                                                                                  
 activation_6 (Activation)   (None, 96)                   0         ['dense_2[1][0]']             
                                                                                                  
 dropout_2 (Dropout)         (None, 96)                   0         ['activation_6[1][0]']        
                                                                                                  
 dense_3 (Dense)             (None, 864)                  83808     ['dropout_2[1][0]']           
                                                                                                  
 activation_7 (Activation)   (None, 864)                  0         ['dense_3[1][0]']             
                                                                                                  
 dropout_3 (Dropout)         (None, 864)                  0         ['activation_7[1][0]']        
                                                                                                  
 dense_4 (Dense)             (None, 640)                  553600    ['dropout_3[1][0]']           
                                                                                                  
 activation_8 (Activation)   (None, 640)                  0         ['dense_4[1][0]']             
                                                                                                  
 dropout_4 (Dropout)         (None, 640)                  0         ['activation_8[1][0]']        
                                                                                                  
 dense_5 (Dense)             (None, 928)                  594848    ['dropout_4[1][0]']           
                                                                                                  
 activation_9 (Activation)   (None, 928)                  0         ['dense_5[1][0]']             
                                                                                                  
 dropout_5 (Dropout)         (None, 928)                  0         ['activation_9[1][0]']        
                                                                                                  
 dense_6 (Dense)             (None, 768)                  713472    ['dropout_5[1][0]']           
                                                                                                  
 activation_10 (Activation)  (None, 768)                  0         ['dense_6[1][0]']             
                                                                                                  
 dropout_6 (Dropout)         (None, 768)                  0         ['activation_10[1][0]']       
                                                                                                  
 dense_7 (Dense)             (None, 896)                  689024    ['dropout_6[1][0]']           
                                                                                                  
 activation_11 (Activation)  (None, 896)                  0         ['dense_7[1][0]']             
                                                                                                  
 dropout_7 (Dropout)         (None, 896)                  0         ['activation_11[1][0]']       
                                                                                                  
 dense_8 (Dense)             (None, 512)                  459264    ['dropout_7[1][0]']           
                                                                                                  
 activation_12 (Activation)  (None, 512)                  0         ['dense_8[1][0]']             
                                                                                                  
 dropout_8 (Dropout)         (None, 512)                  0         ['activation_12[1][0]']       
                                                                                                  
 dense_9 (Dense)             (None, 100)                  51300     ['dropout_8[1][0]']           
                                                                                                  
==================================================================================================
Total params: 4044836 (15.43 MB)
Trainable params: 4044836 (15.43 MB)
Non-trainable params: 0 (0.00 Byte)
__________________________________________________________________________________________________
Epoch 1/100
3125/3125 - 18s - loss: 50.8850 - accuracy: 0.0082 - val_loss: 48.3865 - val_accuracy: 0.0109 - 18s/epoch - 6ms/step
Epoch 2/100
3125/3125 - 14s - loss: 46.0700 - accuracy: 0.0087 - val_loss: 43.8378 - val_accuracy: 0.0088 - 14s/epoch - 4ms/step
Epoch 3/100
3125/3125 - 14s - loss: 41.7680 - accuracy: 0.0088 - val_loss: 39.7734 - val_accuracy: 0.0100 - 14s/epoch - 4ms/step
Epoch 4/100
3125/3125 - 14s - loss: 37.9240 - accuracy: 0.0089 - val_loss: 36.1414 - val_accuracy: 0.0098 - 14s/epoch - 4ms/step
Epoch 5/100
3125/3125 - 14s - loss: 34.4889 - accuracy: 0.0084 - val_loss: 32.8959 - val_accuracy: 0.0100 - 14s/epoch - 4ms/step
Epoch 6/100
3125/3125 - 13s - loss: 31.4189 - accuracy: 0.0085 - val_loss: 29.9952 - val_accuracy: 0.0100 - 13s/epoch - 4ms/step
Epoch 7/100
3125/3125 - 14s - loss: 28.6749 - accuracy: 0.0086 - val_loss: 27.4023 - val_accuracy: 0.0100 - 14s/epoch - 4ms/step
Epoch 8/100
3125/3125 - 14s - loss: 26.2221 - accuracy: 0.0085 - val_loss: 25.0842 - val_accuracy: 0.0100 - 14s/epoch - 4ms/step
Epoch 9/100
3125/3125 - 14s - loss: 24.0292 - accuracy: 0.0086 - val_loss: 23.0119 - val_accuracy: 0.0100 - 14s/epoch - 4ms/step
Epoch 10/100
3125/3125 - 14s - loss: 22.0685 - accuracy: 0.0088 - val_loss: 21.1589 - val_accuracy: 0.0100 - 14s/epoch - 4ms/step
Epoch 11/100
3125/3125 - 14s - loss: 20.3151 - accuracy: 0.0089 - val_loss: 19.5016 - val_accuracy: 0.0100 - 14s/epoch - 4ms/step
Epoch 12/100
3125/3125 - 14s - loss: 18.7468 - accuracy: 0.0085 - val_loss: 18.0191 - val_accuracy: 0.0100 - 14s/epoch - 4ms/step
Epoch 13/100
3125/3125 - 14s - loss: 17.3439 - accuracy: 0.0087 - val_loss: 16.6928 - val_accuracy: 0.0100 - 14s/epoch - 4ms/step
Epoch 14/100
3125/3125 - 14s - loss: 16.0886 - accuracy: 0.0088 - val_loss: 15.5059 - val_accuracy: 0.0100 - 14s/epoch - 4ms/step
Epoch 15/100
3125/3125 - 14s - loss: 14.9653 - accuracy: 0.0090 - val_loss: 14.4439 - val_accuracy: 0.0100 - 14s/epoch - 4ms/step
Epoch 16/100
3125/3125 - 14s - loss: 13.9599 - accuracy: 0.0081 - val_loss: 13.4931 - val_accuracy: 0.0100 - 14s/epoch - 4ms/step
Epoch 17/100
3125/3125 - 14s - loss: 13.0596 - accuracy: 0.0082 - val_loss: 12.6416 - val_accuracy: 0.0100 - 14s/epoch - 4ms/step
Epoch 18/100
3125/3125 - 14s - loss: 12.2534 - accuracy: 0.0089 - val_loss: 11.8789 - val_accuracy: 0.0100 - 14s/epoch - 4ms/step
Epoch 19/100
3125/3125 - 14s - loss: 11.5312 - accuracy: 0.0080 - val_loss: 11.1957 - val_accuracy: 0.0100 - 14s/epoch - 4ms/step
Epoch 20/100
3125/3125 - 14s - loss: 10.8840 - accuracy: 0.0086 - val_loss: 10.5834 - val_accuracy: 0.0100 - 14s/epoch - 4ms/step
Epoch 21/100
3125/3125 - 14s - loss: 10.3039 - accuracy: 0.0085 - val_loss: 10.0343 - val_accuracy: 0.0100 - 14s/epoch - 4ms/step
Epoch 22/100
3125/3125 - 14s - loss: 9.7838 - accuracy: 0.0089 - val_loss: 9.5420 - val_accuracy: 0.0100 - 14s/epoch - 4ms/step
Epoch 23/100
3125/3125 - 14s - loss: 9.3172 - accuracy: 0.0089 - val_loss: 9.1001 - val_accuracy: 0.0100 - 14s/epoch - 4ms/step
Epoch 24/100
3125/3125 - 14s - loss: 8.8984 - accuracy: 0.0089 - val_loss: 8.7036 - val_accuracy: 0.0100 - 14s/epoch - 4ms/step
Epoch 25/100
3125/3125 - 14s - loss: 8.5225 - accuracy: 0.0083 - val_loss: 8.3476 - val_accuracy: 0.0100 - 14s/epoch - 4ms/step
Epoch 26/100
3125/3125 - 14s - loss: 8.1848 - accuracy: 0.0081 - val_loss: 8.0276 - val_accuracy: 0.0100 - 14s/epoch - 4ms/step
Epoch 27/100
3125/3125 - 14s - loss: 7.8814 - accuracy: 0.0085 - val_loss: 7.7400 - val_accuracy: 0.0100 - 14s/epoch - 4ms/step
Epoch 28/100
3125/3125 - 14s - loss: 7.6085 - accuracy: 0.0079 - val_loss: 7.4814 - val_accuracy: 0.0100 - 14s/epoch - 4ms/step
Epoch 29/100
3125/3125 - 14s - loss: 7.3630 - accuracy: 0.0081 - val_loss: 7.2485 - val_accuracy: 0.0100 - 14s/epoch - 4ms/step
Epoch 30/100
3125/3125 - 14s - loss: 7.1419 - accuracy: 0.0082 - val_loss: 7.0388 - val_accuracy: 0.0100 - 14s/epoch - 4ms/step
Epoch 31/100
Restoring model weights from the end of the best epoch: 1.
3125/3125 - 14s - loss: 6.9427 - accuracy: 0.0084 - val_loss: 6.8498 - val_accuracy: 0.0100 - 14s/epoch - 4ms/step
Epoch 31: early stopping
313/313 - 1s - loss: 48.3864 - accuracy: 0.0109 - 1s/epoch - 4ms/step

ACCURACY: 0.010900000110268593


SCORE: -0.13283020807718798

[92m | MODULE VALUES ---------------------------------------------  |
 [0m
FLOPS: 87399896
PARAMS: 4044836.0
[92m 
 | -----------------------------------------------------------  |
 [0m

--- BANANAS ITERATION 3 / 1000 ---
Chosen point: {'num_neurons': 4, 'unit_c1': 2, 'unit_c2': 8, 'dr_f': 0.18558478351127247, 'learning_rate': 0.00027535803821495867, 'batch_size': 8, 'optimizer': 'Adagrad', 'activation': 'swish', 'data_augmentation': False, 'reg_l2': True, 'skip_connection': False, 'new_fc_1': 17, 'new_fc_2': 20, 'new_fc_3': 17, 'new_fc_4': 10, 'new_fc_5': 29, 'new_fc_6': 12, 'new_fc_7': 9, 'new_fc_8': 19, 'new_fc_9': 18, 'new_fc_10': 2}
[94m
|  --> START TRAINING ITERATION 2[0m
[INFO] Flags -> DA: False, L2: True, Skip: False
Building model with input_shape=(32, 32, 3), pos_input_shape=None, layer_x_block=2
Model: "model"
_________________________________________________________________
 Layer (type)                Output Shape              Param #   
=================================================================
 input_1 (InputLayer)        [(None, 32, 32, 3)]       0         
                                                                 
 conv2d (Conv2D)             (None, 32, 32, 8)         224       
                                                                 
 activation (Activation)     (None, 32, 32, 8)         0         
                                                                 
 conv2d_1 (Conv2D)           (None, 32, 32, 8)         584       
                                                                 
 activation_1 (Activation)   (None, 32, 32, 8)         0         
                                                                 
 max_pooling2d (MaxPooling2  (None, 16, 16, 8)         0         
 D)                                                              
                                                                 
 conv2d_2 (Conv2D)           (None, 16, 16, 32)        2336      
                                                                 
 activation_2 (Activation)   (None, 16, 16, 32)        0         
                                                                 
 conv2d_3 (Conv2D)           (None, 16, 16, 32)        9248      
                                                                 
 activation_3 (Activation)   (None, 16, 16, 32)        0         
                                                                 
 max_pooling2d_1 (MaxPoolin  (None, 8, 8, 32)          0         
 g2D)                                                            
                                                                 
 flatten (Flatten)           (None, 2048)              0         
                                                                 
 dense (Dense)               (None, 68)                139332    
                                                                 
 activation_4 (Activation)   (None, 68)                0         
                                                                 
 dropout (Dropout)           (None, 68)                0         
                                                                 
 dense_1 (Dense)             (None, 80)                5520      
                                                                 
 activation_5 (Activation)   (None, 80)                0         
                                                                 
 dropout_1 (Dropout)         (None, 80)                0         
                                                                 
 dense_2 (Dense)             (None, 68)                5508      
                                                                 
 activation_6 (Activation)   (None, 68)                0         
                                                                 
 dropout_2 (Dropout)         (None, 68)                0         
                                                                 
 dense_3 (Dense)             (None, 40)                2760      
                                                                 
 activation_7 (Activation)   (None, 40)                0         
                                                                 
 dropout_3 (Dropout)         (None, 40)                0         
                                                                 
 dense_4 (Dense)             (None, 116)               4756      
                                                                 
 activation_8 (Activation)   (None, 116)               0         
                                                                 
 dropout_4 (Dropout)         (None, 116)               0         
                                                                 
 dense_5 (Dense)             (None, 48)                5616      
                                                                 
 activation_9 (Activation)   (None, 48)                0         
                                                                 
 dropout_5 (Dropout)         (None, 48)                0         
                                                                 
 dense_6 (Dense)             (None, 36)                1764      
                                                                 
 activation_10 (Activation)  (None, 36)                0         
                                                                 
 dropout_6 (Dropout)         (None, 36)                0         
                                                                 
 dense_7 (Dense)             (None, 76)                2812      
                                                                 
 activation_11 (Activation)  (None, 76)                0         
                                                                 
 dropout_7 (Dropout)         (None, 76)                0         
                                                                 
 dense_8 (Dense)             (None, 72)                5544      
                                                                 
 activation_12 (Activation)  (None, 72)                0         
                                                                 
 dropout_8 (Dropout)         (None, 72)                0         
                                                                 
 dense_9 (Dense)             (None, 8)                 584       
                                                                 
 activation_13 (Activation)  (None, 8)                 0         
                                                                 
 dropout_9 (Dropout)         (None, 8)                 0         
                                                                 
 dense_10 (Dense)            (None, 100)               900       
                                                                 
=================================================================
Total params: 187488 (732.38 KB)
Trainable params: 187488 (732.38 KB)
Non-trainable params: 0 (0.00 Byte)
_________________________________________________________________
Epoch 1/100
6250/6250 - 25s - loss: 10.9945 - accuracy: 0.0085 - val_loss: 10.4282 - val_accuracy: 0.0100 - 25s/epoch - 4ms/step
Epoch 2/100
6250/6250 - 23s - loss: 9.9675 - accuracy: 0.0093 - val_loss: 9.5460 - val_accuracy: 0.0100 - 23s/epoch - 4ms/step
Epoch 3/100
6250/6250 - 23s - loss: 9.1879 - accuracy: 0.0094 - val_loss: 8.8555 - val_accuracy: 0.0100 - 23s/epoch - 4ms/step
Epoch 4/100
6250/6250 - 23s - loss: 8.5670 - accuracy: 0.0097 - val_loss: 8.2969 - val_accuracy: 0.0100 - 23s/epoch - 4ms/step
Epoch 5/100
6250/6250 - 23s - loss: 8.0592 - accuracy: 0.0096 - val_loss: 7.8355 - val_accuracy: 0.0100 - 23s/epoch - 4ms/step
Epoch 6/100
6250/6250 - 23s - loss: 7.6367 - accuracy: 0.0096 - val_loss: 7.4488 - val_accuracy: 0.0100 - 23s/epoch - 4ms/step
Epoch 7/100
6250/6250 - 23s - loss: 7.2806 - accuracy: 0.0096 - val_loss: 7.1211 - val_accuracy: 0.0100 - 23s/epoch - 4ms/step
Epoch 8/100
6250/6250 - 23s - loss: 6.9776 - accuracy: 0.0100 - val_loss: 6.8411 - val_accuracy: 0.0100 - 23s/epoch - 4ms/step
Epoch 9/100
6250/6250 - 23s - loss: 6.7176 - accuracy: 0.0100 - val_loss: 6.5999 - val_accuracy: 0.0100 - 23s/epoch - 4ms/step
Epoch 10/100
6250/6250 - 22s - loss: 6.4929 - accuracy: 0.0100 - val_loss: 6.3909 - val_accuracy: 0.0100 - 22s/epoch - 4ms/step
Epoch 11/100
6250/6250 - 23s - loss: 6.2978 - accuracy: 0.0100 - val_loss: 6.2087 - val_accuracy: 0.0100 - 23s/epoch - 4ms/step
Epoch 12/100
6250/6250 - 23s - loss: 6.1273 - accuracy: 0.0100 - val_loss: 6.0493 - val_accuracy: 0.0100 - 23s/epoch - 4ms/step
Epoch 13/100
6250/6250 - 23s - loss: 5.9777 - accuracy: 0.0100 - val_loss: 5.9090 - val_accuracy: 0.0100 - 23s/epoch - 4ms/step
Epoch 14/100
6250/6250 - 23s - loss: 5.8458 - accuracy: 0.0099 - val_loss: 5.7851 - val_accuracy: 0.0100 - 23s/epoch - 4ms/step
Epoch 15/100
6250/6250 - 23s - loss: 5.7292 - accuracy: 0.0100 - val_loss: 5.6753 - val_accuracy: 0.0100 - 23s/epoch - 4ms/step
Epoch 16/100
6250/6250 - 23s - loss: 5.6256 - accuracy: 0.0100 - val_loss: 5.5777 - val_accuracy: 0.0100 - 23s/epoch - 4ms/step
Epoch 17/100
6250/6250 - 23s - loss: 5.5334 - accuracy: 0.0100 - val_loss: 5.4907 - val_accuracy: 0.0100 - 23s/epoch - 4ms/step
Epoch 18/100
6250/6250 - 23s - loss: 5.4510 - accuracy: 0.0100 - val_loss: 5.4127 - val_accuracy: 0.0100 - 23s/epoch - 4ms/step
Epoch 19/100
6250/6250 - 23s - loss: 5.3771 - accuracy: 0.0100 - val_loss: 5.3428 - val_accuracy: 0.0100 - 23s/epoch - 4ms/step
Epoch 20/100
6250/6250 - 23s - loss: 5.3109 - accuracy: 0.0100 - val_loss: 5.2799 - val_accuracy: 0.0100 - 23s/epoch - 4ms/step
Epoch 21/100
6250/6250 - 23s - loss: 5.2511 - accuracy: 0.0100 - val_loss: 5.2233 - val_accuracy: 0.0100 - 23s/epoch - 4ms/step
Epoch 22/100
6250/6250 - 23s - loss: 5.1973 - accuracy: 0.0097 - val_loss: 5.1721 - val_accuracy: 0.0100 - 23s/epoch - 4ms/step
Epoch 23/100
6250/6250 - 23s - loss: 5.1486 - accuracy: 0.0100 - val_loss: 5.1258 - val_accuracy: 0.0100 - 23s/epoch - 4ms/step
Epoch 24/100
6250/6250 - 23s - loss: 5.1044 - accuracy: 0.0100 - val_loss: 5.0837 - val_accuracy: 0.0100 - 23s/epoch - 4ms/step
Epoch 25/100
6250/6250 - 23s - loss: 5.0643 - accuracy: 0.0100 - val_loss: 5.0455 - val_accuracy: 0.0100 - 23s/epoch - 4ms/step
Epoch 26/100
6250/6250 - 23s - loss: 5.0279 - accuracy: 0.0100 - val_loss: 5.0108 - val_accuracy: 0.0100 - 23s/epoch - 4ms/step
Epoch 27/100
6250/6250 - 23s - loss: 4.9947 - accuracy: 0.0100 - val_loss: 4.9791 - val_accuracy: 0.0100 - 23s/epoch - 4ms/step
Epoch 28/100
6250/6250 - 23s - loss: 4.9645 - accuracy: 0.0100 - val_loss: 4.9502 - val_accuracy: 0.0100 - 23s/epoch - 4ms/step
Epoch 29/100
6250/6250 - 22s - loss: 4.9368 - accuracy: 0.0100 - val_loss: 4.9238 - val_accuracy: 0.0100 - 22s/epoch - 4ms/step
Epoch 30/100
6250/6250 - 22s - loss: 4.9115 - accuracy: 0.0100 - val_loss: 4.8996 - val_accuracy: 0.0100 - 22s/epoch - 4ms/step
Epoch 31/100
Restoring model weights from the end of the best epoch: 1.
6250/6250 - 23s - loss: 4.8884 - accuracy: 0.0100 - val_loss: 4.8774 - val_accuracy: 0.0100 - 23s/epoch - 4ms/step
Epoch 31: early stopping
313/313 - 1s - loss: 10.4282 - accuracy: 0.0100 - 1s/epoch - 4ms/step

ACCURACY: 0.009999999776482582


SCORE: -0.2910277038435378

[92m | MODULE VALUES ---------------------------------------------  |
 [0m
FLOPS: 7986148
PARAMS: 187488.0
[92m 
 | -----------------------------------------------------------  |
 [0m

--- BANANAS ITERATION 4 / 1000 ---
Chosen point: {'num_neurons': 16, 'unit_c1': 3, 'unit_c2': 7, 'dr_f': 0.479079505416075, 'learning_rate': 0.0005066536160452023, 'batch_size': 8, 'optimizer': 'Adagrad', 'activation': 'relu', 'data_augmentation': False, 'reg_l2': False, 'skip_connection': True, 'new_fc_1': 13, 'new_fc_2': 3, 'new_fc_3': 7, 'new_fc_4': 12, 'new_fc_5': 0, 'new_fc_6': 6, 'new_fc_7': 24, 'new_fc_8': 3, 'new_fc_9': 0, 'new_fc_10': 9}
[94m
|  --> START TRAINING ITERATION 3[0m
[INFO] Flags -> DA: False, L2: False, Skip: True
Building model with input_shape=(32, 32, 3), pos_input_shape=None, layer_x_block=2
Model: "model"
__________________________________________________________________________________________________
 Layer (type)                Output Shape                 Param #   Connected to                  
==================================================================================================
 input_1 (InputLayer)        [(None, 32, 32, 3)]          0         []                            
                                                                                                  
 conv2d (Conv2D)             (None, 32, 32, 48)           1344      ['input_1[0][0]']             
                                                                                                  
 activation (Activation)     (None, 32, 32, 48)           0         ['conv2d[0][0]']              
                                                                                                  
 conv2d_2 (Conv2D)           (None, 32, 32, 48)           192       ['input_1[0][0]']             
                                                                                                  
 conv2d_1 (Conv2D)           (None, 32, 32, 48)           20784     ['activation[0][0]']          
                                                                                                  
 add (Add)                   (None, 32, 32, 48)           0         ['conv2d_2[0][0]',            
                                                                     'conv2d_1[0][0]']            
                                                                                                  
 activation_1 (Activation)   (None, 32, 32, 48)           0         ['add[0][0]']                 
                                                                                                  
 max_pooling2d (MaxPooling2  (None, 16, 16, 48)           0         ['activation_1[0][0]']        
 D)                                                                                               
                                                                                                  
 conv2d_3 (Conv2D)           (None, 16, 16, 112)          48496     ['max_pooling2d[0][0]']       
                                                                                                  
 activation_2 (Activation)   (None, 16, 16, 112)          0         ['conv2d_3[0][0]']            
                                                                                                  
 conv2d_5 (Conv2D)           (None, 16, 16, 112)          5488      ['max_pooling2d[0][0]']       
                                                                                                  
 conv2d_4 (Conv2D)           (None, 16, 16, 112)          113008    ['activation_2[0][0]']        
                                                                                                  
 add_1 (Add)                 (None, 16, 16, 112)          0         ['conv2d_5[0][0]',            
                                                                     'conv2d_4[0][0]']            
                                                                                                  
 activation_3 (Activation)   (None, 16, 16, 112)          0         ['add_1[0][0]']               
                                                                                                  
 max_pooling2d_1 (MaxPoolin  (None, 8, 8, 112)            0         ['activation_3[0][0]']        
 g2D)                                                                                             
                                                                                                  
 flatten (Flatten)           (None, 7168)                 0         ['max_pooling2d_1[0][0]']     
                                                                                                  
 dense (Dense)               (None, 208)                  1491152   ['flatten[0][0]']             
                                                                                                  
 activation_4 (Activation)   (None, 208)                  0         ['dense[0][0]']               
                                                                                                  
 dropout (Dropout)           (None, 208)                  0         ['activation_4[0][0]']        
                                                                                                  
 dense_1 (Dense)             (None, 48)                   10032     ['dropout[0][0]']             
                                                                                                  
 activation_5 (Activation)   (None, 48)                   0         ['dense_1[0][0]']             
                                                                                                  
 dropout_1 (Dropout)         (None, 48)                   0         ['activation_5[0][0]']        
                                                                                                  
 dense_2 (Dense)             (None, 112)                  5488      ['dropout_1[0][0]']           
                                                                                                  
 activation_6 (Activation)   (None, 112)                  0         ['dense_2[0][0]']             
                                                                                                  
 dropout_2 (Dropout)         (None, 112)                  0         ['activation_6[0][0]']        
                                                                                                  
 dense_3 (Dense)             (None, 192)                  21696     ['dropout_2[0][0]']           
                                                                                                  
 activation_7 (Activation)   (None, 192)                  0         ['dense_3[0][0]']             
                                                                                                  
 dropout_3 (Dropout)         (None, 192)                  0         ['activation_7[0][0]']        
                                                                                                  
 dense_4 (Dense)             (None, 96)                   18528     ['dropout_3[0][0]']           
                                                                                                  
 activation_8 (Activation)   (None, 96)                   0         ['dense_4[0][0]']             
                                                                                                  
 dropout_4 (Dropout)         (None, 96)                   0         ['activation_8[0][0]']        
                                                                                                  
 dense_5 (Dense)             (None, 384)                  37248     ['dropout_4[0][0]']           
                                                                                                  
 activation_9 (Activation)   (None, 384)                  0         ['dense_5[0][0]']             
                                                                                                  
 dropout_5 (Dropout)         (None, 384)                  0         ['activation_9[0][0]']        
                                                                                                  
 dense_6 (Dense)             (None, 48)                   18480     ['dropout_5[0][0]']           
                                                                                                  
 activation_10 (Activation)  (None, 48)                   0         ['dense_6[0][0]']             
                                                                                                  
 dropout_6 (Dropout)         (None, 48)                   0         ['activation_10[0][0]']       
                                                                                                  
 dense_7 (Dense)             (None, 144)                  7056      ['dropout_6[0][0]']           
                                                                                                  
 activation_11 (Activation)  (None, 144)                  0         ['dense_7[0][0]']             
                                                                                                  
 dropout_7 (Dropout)         (None, 144)                  0         ['activation_11[0][0]']       
                                                                                                  
 dense_8 (Dense)             (None, 100)                  14500     ['dropout_7[0][0]']           
                                                                                                  
==================================================================================================
Total params: 1813492 (6.92 MB)
Trainable params: 1813492 (6.92 MB)
Non-trainable params: 0 (0.00 Byte)
__________________________________________________________________________________________________
Epoch 1/100
6250/6250 - 23s - loss: 4.6063 - accuracy: 0.0104 - val_loss: 4.6052 - val_accuracy: 0.0103 - 23s/epoch - 4ms/step
Epoch 2/100
6250/6250 - 21s - loss: 4.6051 - accuracy: 0.0103 - val_loss: 4.6052 - val_accuracy: 0.0086 - 21s/epoch - 3ms/step
Epoch 3/100
6250/6250 - 21s - loss: 4.6050 - accuracy: 0.0097 - val_loss: 4.6051 - val_accuracy: 0.0102 - 21s/epoch - 3ms/step
Epoch 4/100
6250/6250 - 21s - loss: 4.6048 - accuracy: 0.0103 - val_loss: 4.6051 - val_accuracy: 0.0098 - 21s/epoch - 3ms/step
Epoch 5/100
6250/6250 - 21s - loss: 4.6043 - accuracy: 0.0097 - val_loss: 4.6051 - val_accuracy: 0.0094 - 21s/epoch - 3ms/step
Epoch 6/100
6250/6250 - 21s - loss: 4.6037 - accuracy: 0.0109 - val_loss: 4.6049 - val_accuracy: 0.0123 - 21s/epoch - 3ms/step
Epoch 7/100
6250/6250 - 21s - loss: 4.6028 - accuracy: 0.0098 - val_loss: 4.6046 - val_accuracy: 0.0160 - 21s/epoch - 3ms/step
Epoch 8/100
6250/6250 - 21s - loss: 4.6014 - accuracy: 0.0113 - val_loss: 4.6042 - val_accuracy: 0.0128 - 21s/epoch - 3ms/step
Epoch 9/100
6250/6250 - 21s - loss: 4.5990 - accuracy: 0.0114 - val_loss: 4.6030 - val_accuracy: 0.0152 - 21s/epoch - 3ms/step
Epoch 10/100
6250/6250 - 21s - loss: 4.5950 - accuracy: 0.0114 - val_loss: 4.6007 - val_accuracy: 0.0155 - 21s/epoch - 3ms/step
Epoch 11/100
6250/6250 - 21s - loss: 4.5870 - accuracy: 0.0126 - val_loss: 4.5964 - val_accuracy: 0.0166 - 21s/epoch - 3ms/step
Epoch 12/100
6250/6250 - 21s - loss: 4.5770 - accuracy: 0.0144 - val_loss: 4.5883 - val_accuracy: 0.0170 - 21s/epoch - 3ms/step
Epoch 13/100
6250/6250 - 21s - loss: 4.5660 - accuracy: 0.0148 - val_loss: 4.5821 - val_accuracy: 0.0179 - 21s/epoch - 3ms/step
Epoch 14/100
6250/6250 - 21s - loss: 4.5591 - accuracy: 0.0162 - val_loss: 4.5796 - val_accuracy: 0.0174 - 21s/epoch - 3ms/step
Epoch 15/100
6250/6250 - 21s - loss: 4.5536 - accuracy: 0.0168 - val_loss: 4.5752 - val_accuracy: 0.0175 - 21s/epoch - 3ms/step
Epoch 16/100
6250/6250 - 21s - loss: 4.5472 - accuracy: 0.0161 - val_loss: 4.5716 - val_accuracy: 0.0174 - 21s/epoch - 3ms/step
Epoch 17/100
6250/6250 - 21s - loss: 4.5427 - accuracy: 0.0164 - val_loss: 4.5681 - val_accuracy: 0.0162 - 21s/epoch - 3ms/step
Epoch 18/100
6250/6250 - 21s - loss: 4.5414 - accuracy: 0.0164 - val_loss: 4.5661 - val_accuracy: 0.0163 - 21s/epoch - 3ms/step
Epoch 19/100
6250/6250 - 21s - loss: 4.5358 - accuracy: 0.0169 - val_loss: 4.5691 - val_accuracy: 0.0167 - 21s/epoch - 3ms/step
Epoch 20/100
6250/6250 - 21s - loss: 4.5329 - accuracy: 0.0174 - val_loss: 4.5690 - val_accuracy: 0.0167 - 21s/epoch - 3ms/step
Epoch 21/100
6250/6250 - 21s - loss: 4.5294 - accuracy: 0.0177 - val_loss: 4.5641 - val_accuracy: 0.0167 - 21s/epoch - 3ms/step
Epoch 22/100
6250/6250 - 21s - loss: 4.5263 - accuracy: 0.0178 - val_loss: 4.5583 - val_accuracy: 0.0159 - 21s/epoch - 3ms/step
Epoch 23/100
6250/6250 - 21s - loss: 4.5236 - accuracy: 0.0184 - val_loss: 4.5643 - val_accuracy: 0.0167 - 21s/epoch - 3ms/step
Epoch 24/100
6250/6250 - 21s - loss: 4.5232 - accuracy: 0.0168 - val_loss: 4.5600 - val_accuracy: 0.0156 - 21s/epoch - 3ms/step
Epoch 25/100
6250/6250 - 21s - loss: 4.5188 - accuracy: 0.0182 - val_loss: 4.5595 - val_accuracy: 0.0165 - 21s/epoch - 3ms/step
Epoch 26/100
6250/6250 - 21s - loss: 4.5172 - accuracy: 0.0171 - val_loss: 4.5559 - val_accuracy: 0.0191 - 21s/epoch - 3ms/step
Epoch 27/100
6250/6250 - 21s - loss: 4.5135 - accuracy: 0.0192 - val_loss: 4.5523 - val_accuracy: 0.0193 - 21s/epoch - 3ms/step
Epoch 28/100
6250/6250 - 21s - loss: 4.5131 - accuracy: 0.0181 - val_loss: 4.5568 - val_accuracy: 0.0190 - 21s/epoch - 3ms/step
Epoch 29/100
6250/6250 - 21s - loss: 4.5137 - accuracy: 0.0187 - val_loss: 4.5557 - val_accuracy: 0.0184 - 21s/epoch - 3ms/step
Epoch 30/100
6250/6250 - 21s - loss: 4.5090 - accuracy: 0.0184 - val_loss: 4.5557 - val_accuracy: 0.0189 - 21s/epoch - 3ms/step
Epoch 31/100
6250/6250 - 22s - loss: 4.5094 - accuracy: 0.0185 - val_loss: 4.5497 - val_accuracy: 0.0184 - 22s/epoch - 3ms/step
Epoch 32/100
6250/6250 - 21s - loss: 4.5058 - accuracy: 0.0184 - val_loss: 4.5534 - val_accuracy: 0.0187 - 21s/epoch - 3ms/step
Epoch 33/100
6250/6250 - 21s - loss: 4.5040 - accuracy: 0.0195 - val_loss: 4.5501 - val_accuracy: 0.0190 - 21s/epoch - 3ms/step
Epoch 34/100
6250/6250 - 21s - loss: 4.5029 - accuracy: 0.0182 - val_loss: 4.5504 - val_accuracy: 0.0187 - 21s/epoch - 3ms/step
Epoch 35/100
6250/6250 - 22s - loss: 4.5024 - accuracy: 0.0182 - val_loss: 4.5472 - val_accuracy: 0.0191 - 22s/epoch - 3ms/step
Epoch 36/100
6250/6250 - 21s - loss: 4.4974 - accuracy: 0.0194 - val_loss: 4.5483 - val_accuracy: 0.0193 - 21s/epoch - 3ms/step
Epoch 37/100
Restoring model weights from the end of the best epoch: 7.
6250/6250 - 21s - loss: 4.4967 - accuracy: 0.0199 - val_loss: 4.5500 - val_accuracy: 0.0194 - 21s/epoch - 3ms/step
Epoch 37: early stopping
313/313 - 1s - loss: 4.6046 - accuracy: 0.0160 - 1s/epoch - 4ms/step

ACCURACY: 0.01600000075995922


SCORE: -0.042438064531971464

[92m | MODULE VALUES ---------------------------------------------  |
 [0m
FLOPS: 134380968
PARAMS: 1813492.0
[92m 
 | -----------------------------------------------------------  |
 [0m

--- BANANAS ITERATION 5 / 1000 ---
Chosen point: {'num_neurons': 8, 'unit_c1': 2, 'unit_c2': 4, 'dr_f': 0.2746337849401906, 'learning_rate': 0.00030465673329962305, 'batch_size': 8, 'optimizer': 'Adam', 'activation': 'swish', 'data_augmentation': False, 'reg_l2': True, 'skip_connection': False, 'new_fc_1': 29, 'new_fc_2': 17, 'new_fc_3': 22, 'new_fc_4': 27, 'new_fc_5': 3, 'new_fc_6': 15, 'new_fc_7': 31, 'new_fc_8': 15, 'new_fc_9': 30, 'new_fc_10': 11}
[94m
|  --> START TRAINING ITERATION 4[0m
[INFO] Flags -> DA: False, L2: True, Skip: False
Building model with input_shape=(32, 32, 3), pos_input_shape=None, layer_x_block=2
Model: "model"
_________________________________________________________________
 Layer (type)                Output Shape              Param #   
=================================================================
 input_1 (InputLayer)        [(None, 32, 32, 3)]       0         
                                                                 
 conv2d (Conv2D)             (None, 32, 32, 16)        448       
                                                                 
 activation (Activation)     (None, 32, 32, 16)        0         
                                                                 
 conv2d_1 (Conv2D)           (None, 32, 32, 16)        2320      
                                                                 
 activation_1 (Activation)   (None, 32, 32, 16)        0         
                                                                 
 max_pooling2d (MaxPooling2  (None, 16, 16, 16)        0         
 D)                                                              
                                                                 
 conv2d_2 (Conv2D)           (None, 16, 16, 32)        4640      
                                                                 
 activation_2 (Activation)   (None, 16, 16, 32)        0         
                                                                 
 conv2d_3 (Conv2D)           (None, 16, 16, 32)        9248      
                                                                 
 activation_3 (Activation)   (None, 16, 16, 32)        0         
                                                                 
 max_pooling2d_1 (MaxPoolin  (None, 8, 8, 32)          0         
 g2D)                                                            
                                                                 
 flatten (Flatten)           (None, 2048)              0         
                                                                 
 dense (Dense)               (None, 232)               475368    
                                                                 
 activation_4 (Activation)   (None, 232)               0         
                                                                 
 dropout (Dropout)           (None, 232)               0         
                                                                 
 dense_1 (Dense)             (None, 136)               31688     
                                                                 
 activation_5 (Activation)   (None, 136)               0         
                                                                 
 dropout_1 (Dropout)         (None, 136)               0         
                                                                 
 dense_2 (Dense)             (None, 176)               24112     
                                                                 
 activation_6 (Activation)   (None, 176)               0         
                                                                 
 dropout_2 (Dropout)         (None, 176)               0         
                                                                 
 dense_3 (Dense)             (None, 216)               38232     
                                                                 
 activation_7 (Activation)   (None, 216)               0         
                                                                 
 dropout_3 (Dropout)         (None, 216)               0         
                                                                 
 dense_4 (Dense)             (None, 24)                5208      
                                                                 
 activation_8 (Activation)   (None, 24)                0         
                                                                 
 dropout_4 (Dropout)         (None, 24)                0         
                                                                 
 dense_5 (Dense)             (None, 120)               3000      
                                                                 
 activation_9 (Activation)   (None, 120)               0         
                                                                 
 dropout_5 (Dropout)         (None, 120)               0         
                                                                 
 dense_6 (Dense)             (None, 248)               30008     
                                                                 
 activation_10 (Activation)  (None, 248)               0         
                                                                 
 dropout_6 (Dropout)         (None, 248)               0         
                                                                 
 dense_7 (Dense)             (None, 120)               29880     
                                                                 
 activation_11 (Activation)  (None, 120)               0         
                                                                 
 dropout_7 (Dropout)         (None, 120)               0         
                                                                 
 dense_8 (Dense)             (None, 240)               29040     
                                                                 
 activation_12 (Activation)  (None, 240)               0         
                                                                 
 dropout_8 (Dropout)         (None, 240)               0         
                                                                 
 dense_9 (Dense)             (None, 88)                21208     
                                                                 
 activation_13 (Activation)  (None, 88)                0         
                                                                 
 dropout_9 (Dropout)         (None, 88)                0         
                                                                 
 dense_10 (Dense)            (None, 100)               8900      
                                                                 
=================================================================
Total params: 713300 (2.72 MB)
Trainable params: 713300 (2.72 MB)
Non-trainable params: 0 (0.00 Byte)
_________________________________________________________________
Epoch 1/100
6250/6250 - 25s - loss: 4.9334 - accuracy: 0.0087 - val_loss: 4.6052 - val_accuracy: 0.0100 - 25s/epoch - 4ms/step
Epoch 2/100
6250/6250 - 24s - loss: 4.6057 - accuracy: 0.0087 - val_loss: 4.6053 - val_accuracy: 0.0100 - 24s/epoch - 4ms/step
Epoch 3/100
6250/6250 - 24s - loss: 4.6058 - accuracy: 0.0087 - val_loss: 4.6053 - val_accuracy: 0.0100 - 24s/epoch - 4ms/step
Epoch 4/100
6250/6250 - 24s - loss: 4.6058 - accuracy: 0.0090 - val_loss: 4.6053 - val_accuracy: 0.0100 - 24s/epoch - 4ms/step
Epoch 5/100
6250/6250 - 24s - loss: 4.6058 - accuracy: 0.0088 - val_loss: 4.6053 - val_accuracy: 0.0100 - 24s/epoch - 4ms/step
Epoch 6/100
6250/6250 - 24s - loss: 4.6058 - accuracy: 0.0081 - val_loss: 4.6053 - val_accuracy: 0.0100 - 24s/epoch - 4ms/step
Epoch 7/100
6250/6250 - 24s - loss: 4.6058 - accuracy: 0.0089 - val_loss: 4.6053 - val_accuracy: 0.0100 - 24s/epoch - 4ms/step
Epoch 8/100
6250/6250 - 24s - loss: 4.6058 - accuracy: 0.0085 - val_loss: 4.6053 - val_accuracy: 0.0100 - 24s/epoch - 4ms/step
Epoch 9/100
6250/6250 - 24s - loss: 4.6058 - accuracy: 0.0093 - val_loss: 4.6053 - val_accuracy: 0.0100 - 24s/epoch - 4ms/step
Epoch 10/100
6250/6250 - 24s - loss: 4.6058 - accuracy: 0.0082 - val_loss: 4.6053 - val_accuracy: 0.0100 - 24s/epoch - 4ms/step
Epoch 11/100
6250/6250 - 24s - loss: 4.6058 - accuracy: 0.0084 - val_loss: 4.6052 - val_accuracy: 0.0100 - 24s/epoch - 4ms/step
Epoch 12/100
6250/6250 - 24s - loss: 4.6057 - accuracy: 0.0086 - val_loss: 4.6052 - val_accuracy: 0.0100 - 24s/epoch - 4ms/step
Epoch 13/100
6250/6250 - 24s - loss: 4.6058 - accuracy: 0.0090 - val_loss: 4.6053 - val_accuracy: 0.0100 - 24s/epoch - 4ms/step
Epoch 14/100
6250/6250 - 24s - loss: 4.6058 - accuracy: 0.0089 - val_loss: 4.6052 - val_accuracy: 0.0100 - 24s/epoch - 4ms/step
Epoch 15/100
6250/6250 - 23s - loss: 4.6058 - accuracy: 0.0091 - val_loss: 4.6055 - val_accuracy: 0.0100 - 23s/epoch - 4ms/step
Epoch 16/100
6250/6250 - 24s - loss: 4.6058 - accuracy: 0.0086 - val_loss: 4.6053 - val_accuracy: 0.0100 - 24s/epoch - 4ms/step
Epoch 17/100
6250/6250 - 24s - loss: 4.6058 - accuracy: 0.0088 - val_loss: 4.6053 - val_accuracy: 0.0100 - 24s/epoch - 4ms/step
Epoch 18/100
6250/6250 - 24s - loss: 4.6057 - accuracy: 0.0079 - val_loss: 4.6052 - val_accuracy: 0.0100 - 24s/epoch - 4ms/step
Epoch 19/100
6250/6250 - 24s - loss: 4.6058 - accuracy: 0.0082 - val_loss: 4.6053 - val_accuracy: 0.0100 - 24s/epoch - 4ms/step
Epoch 20/100
6250/6250 - 24s - loss: 4.6058 - accuracy: 0.0083 - val_loss: 4.6054 - val_accuracy: 0.0100 - 24s/epoch - 4ms/step
Epoch 21/100
6250/6250 - 23s - loss: 4.6058 - accuracy: 0.0083 - val_loss: 4.6053 - val_accuracy: 0.0100 - 23s/epoch - 4ms/step
Epoch 22/100
6250/6250 - 24s - loss: 4.6058 - accuracy: 0.0088 - val_loss: 4.6053 - val_accuracy: 0.0100 - 24s/epoch - 4ms/step
Epoch 23/100
6250/6250 - 24s - loss: 4.6058 - accuracy: 0.0088 - val_loss: 4.6053 - val_accuracy: 0.0100 - 24s/epoch - 4ms/step
Epoch 24/100
6250/6250 - 24s - loss: 4.6058 - accuracy: 0.0093 - val_loss: 4.6053 - val_accuracy: 0.0100 - 24s/epoch - 4ms/step
Epoch 25/100
6250/6250 - 24s - loss: 4.6059 - accuracy: 0.0090 - val_loss: 4.6054 - val_accuracy: 0.0100 - 24s/epoch - 4ms/step
Epoch 26/100
6250/6250 - 24s - loss: 4.6058 - accuracy: 0.0085 - val_loss: 4.6053 - val_accuracy: 0.0100 - 24s/epoch - 4ms/step
Epoch 27/100
6250/6250 - 24s - loss: 4.6058 - accuracy: 0.0086 - val_loss: 4.6052 - val_accuracy: 0.0100 - 24s/epoch - 4ms/step
Epoch 28/100
6250/6250 - 24s - loss: 4.6057 - accuracy: 0.0087 - val_loss: 4.6052 - val_accuracy: 0.0100 - 24s/epoch - 4ms/step
Epoch 29/100
6250/6250 - 24s - loss: 4.6057 - accuracy: 0.0090 - val_loss: 4.6053 - val_accuracy: 0.0100 - 24s/epoch - 4ms/step
Epoch 30/100
6250/6250 - 24s - loss: 4.6058 - accuracy: 0.0086 - val_loss: 4.6054 - val_accuracy: 0.0100 - 24s/epoch - 4ms/step
Epoch 31/100
Restoring model weights from the end of the best epoch: 1.
6250/6250 - 23s - loss: 4.6059 - accuracy: 0.0092 - val_loss: 4.6054 - val_accuracy: 0.0100 - 23s/epoch - 4ms/step
Epoch 31: early stopping
313/313 - 1s - loss: 4.6052 - accuracy: 0.0100 - 1s/epoch - 4ms/step

ACCURACY: 0.009999999776482582


SCORE: -0.2785029278435378

[92m | MODULE VALUES ---------------------------------------------  |
 [0m
FLOPS: 14248536
PARAMS: 713300.0
[92m 
 | -----------------------------------------------------------  |
 [0m

--- BANANAS ITERATION 6 / 1000 ---
Chosen point: {'num_neurons': 64, 'unit_c1': 2, 'unit_c2': 7, 'dr_f': 0.26415054184034725, 'learning_rate': 0.00022482631604683076, 'batch_size': 16, 'optimizer': 'Adagrad', 'activation': 'swish', 'data_augmentation': False, 'reg_l2': True, 'skip_connection': True, 'new_fc_1': 2, 'new_fc_2': 22, 'new_fc_3': 15, 'new_fc_4': 10, 'new_fc_5': 6, 'new_fc_6': 31, 'new_fc_7': 13, 'new_fc_8': 3, 'new_fc_9': 20, 'new_fc_10': 23}
[94m
|  --> START TRAINING ITERATION 5[0m
[INFO] Flags -> DA: False, L2: True, Skip: True
Building model with input_shape=(32, 32, 3), pos_input_shape=None, layer_x_block=2
Model: "model"
__________________________________________________________________________________________________
 Layer (type)                Output Shape                 Param #   Connected to                  
==================================================================================================
 input_1 (InputLayer)        [(None, 32, 32, 3)]          0         []                            
                                                                                                  
 conv2d (Conv2D)             (None, 32, 32, 128)          3584      ['input_1[0][0]']             
                                                                                                  
 activation (Activation)     (None, 32, 32, 128)          0         ['conv2d[0][0]']              
                                                                                                  
 conv2d_2 (Conv2D)           (None, 32, 32, 128)          512       ['input_1[0][0]']             
                                                                                                  
 conv2d_1 (Conv2D)           (None, 32, 32, 128)          147584    ['activation[0][0]']          
                                                                                                  
 add (Add)                   (None, 32, 32, 128)          0         ['conv2d_2[0][0]',            
                                                                     'conv2d_1[0][0]']            
                                                                                                  
 activation_1 (Activation)   (None, 32, 32, 128)          0         ['add[0][0]']                 
                                                                                                  
 max_pooling2d (MaxPooling2  (None, 16, 16, 128)          0         ['activation_1[0][0]']        
 D)                                                                                               
                                                                                                  
 conv2d_3 (Conv2D)           (None, 16, 16, 448)          516544    ['max_pooling2d[0][0]']       
                                                                                                  
 activation_2 (Activation)   (None, 16, 16, 448)          0         ['conv2d_3[0][0]']            
                                                                                                  
 conv2d_5 (Conv2D)           (None, 16, 16, 448)          57792     ['max_pooling2d[0][0]']       
                                                                                                  
 conv2d_4 (Conv2D)           (None, 16, 16, 448)          1806784   ['activation_2[0][0]']        
                                                                                                  
 add_1 (Add)                 (None, 16, 16, 448)          0         ['conv2d_5[0][0]',            
                                                                     'conv2d_4[0][0]']            
                                                                                                  
 activation_3 (Activation)   (None, 16, 16, 448)          0         ['add_1[0][0]']               
                                                                                                  
 max_pooling2d_1 (MaxPoolin  (None, 8, 8, 448)            0         ['activation_3[0][0]']        
 g2D)                                                                                             
                                                                                                  
 flatten (Flatten)           (None, 28672)                0         ['max_pooling2d_1[0][0]']     
                                                                                                  
 dense (Dense)               (None, 128)                  3670144   ['flatten[0][0]']             
                                                                                                  
 activation_4 (Activation)   (None, 128)                  0         ['dense[0][0]']               
                                                                                                  
 dropout (Dropout)           (None, 128)                  0         ['activation_4[0][0]']        
                                                                                                  
 dense_1 (Dense)             (None, 1408)                 181632    ['dropout[0][0]']             
                                                                                                  
 activation_5 (Activation)   (None, 1408)                 0         ['dense_1[0][0]']             
                                                                                                  
 dropout_1 (Dropout)         (None, 1408)                 0         ['activation_5[0][0]']        
                                                                                                  
 dense_2 (Dense)             (None, 960)                  1352640   ['dropout_1[0][0]']           
                                                                                                  
 activation_6 (Activation)   (None, 960)                  0         ['dense_2[0][0]']             
                                                                                                  
 dropout_2 (Dropout)         (None, 960)                  0         ['activation_6[0][0]']        
                                                                                                  
 dense_3 (Dense)             (None, 640)                  615040    ['dropout_2[0][0]']           
                                                                                                  
 activation_7 (Activation)   (None, 640)                  0         ['dense_3[0][0]']             
                                                                                                  
 dropout_3 (Dropout)         (None, 640)                  0         ['activation_7[0][0]']        
                                                                                                  
 dense_4 (Dense)             (None, 384)                  246144    ['dropout_3[0][0]']           
                                                                                                  
 activation_8 (Activation)   (None, 384)                  0         ['dense_4[0][0]']             
                                                                                                  
 dropout_4 (Dropout)         (None, 384)                  0         ['activation_8[0][0]']        
                                                                                                  
 dense_5 (Dense)             (None, 1984)                 763840    ['dropout_4[0][0]']           
                                                                                                  
 activation_9 (Activation)   (None, 1984)                 0         ['dense_5[0][0]']             
                                                                                                  
 dropout_5 (Dropout)         (None, 1984)                 0         ['activation_9[0][0]']        
                                                                                                  
 dense_6 (Dense)             (None, 832)                  1651520   ['dropout_5[0][0]']           
                                                                                                  
 activation_10 (Activation)  (None, 832)                  0         ['dense_6[0][0]']             
                                                                                                  
 dropout_6 (Dropout)         (None, 832)                  0         ['activation_10[0][0]']       
                                                                                                  
 dense_7 (Dense)             (None, 192)                  159936    ['dropout_6[0][0]']           
                                                                                                  
 activation_11 (Activation)  (None, 192)                  0         ['dense_7[0][0]']             
                                                                                                  
 dropout_7 (Dropout)         (None, 192)                  0         ['activation_11[0][0]']       
                                                                                                  
 dense_8 (Dense)             (None, 1280)                 247040    ['dropout_7[0][0]']           
                                                                                                  
 activation_12 (Activation)  (None, 1280)                 0         ['dense_8[0][0]']             
                                                                                                  
 dropout_8 (Dropout)         (None, 1280)                 0         ['activation_12[0][0]']       
                                                                                                  
 dense_9 (Dense)             (None, 1472)                 1885632   ['dropout_8[0][0]']           
                                                                                                  
 activation_13 (Activation)  (None, 1472)                 0         ['dense_9[0][0]']             
                                                                                                  
 dropout_9 (Dropout)         (None, 1472)                 0         ['activation_13[0][0]']       
                                                                                                  
 dense_10 (Dense)            (None, 100)                  147300    ['dropout_9[0][0]']           
                                                                                                  
==================================================================================================
Total params: 13453668 (51.32 MB)
Trainable params: 13453668 (51.32 MB)
Non-trainable params: 0 (0.00 Byte)
__________________________________________________________________________________________________
[WARNING] Constraint Violated: FLOPs 1552362776 > 150000000 or Params 13453668.0 > 15000000000

ACCURACY: 0.0


SCORE: 10000000000.0

[92m | MODULE VALUES ---------------------------------------------  |
 [0m
FLOPS: 1552362776
PARAMS: 13453668.0
[92m 
 | -----------------------------------------------------------  |
 [0m

--- BANANAS ITERATION 7 / 1000 ---
Chosen point: {'num_neurons': 16, 'unit_c1': 2, 'unit_c2': 5, 'dr_f': 0.25370177075795286, 'learning_rate': 0.0001307101772340563, 'batch_size': 64, 'optimizer': 'Adadelta', 'activation': 'elu', 'data_augmentation': True, 'reg_l2': False, 'skip_connection': True, 'new_fc_1': 6, 'new_fc_2': 22, 'new_fc_3': 8, 'new_fc_4': 32, 'new_fc_5': 16, 'new_fc_6': 8, 'new_fc_7': 20, 'new_fc_8': 27, 'new_fc_9': 15, 'new_fc_10': 6}
[94m
|  --> START TRAINING ITERATION 6[0m
[INFO] Flags -> DA: True, L2: False, Skip: True
Building model with input_shape=(32, 32, 3), pos_input_shape=None, layer_x_block=2
Model: "model"
__________________________________________________________________________________________________
 Layer (type)                Output Shape                 Param #   Connected to                  
==================================================================================================
 input_2 (InputLayer)        [(None, 32, 32, 3)]          0         []                            
                                                                                                  
 conv2d (Conv2D)             (None, 32, 32, 32)           896       ['input_2[0][0]']             
                                                                                                  
 activation (Activation)     (None, 32, 32, 32)           0         ['conv2d[1][0]']              
                                                                                                  
 conv2d_2 (Conv2D)           (None, 32, 32, 32)           128       ['input_2[0][0]']             
                                                                                                  
 conv2d_1 (Conv2D)           (None, 32, 32, 32)           9248      ['activation[1][0]']          
                                                                                                  
 add (Add)                   (None, 32, 32, 32)           0         ['conv2d_2[1][0]',            
                                                                     'conv2d_1[1][0]']            
                                                                                                  
 activation_1 (Activation)   (None, 32, 32, 32)           0         ['add[1][0]']                 
                                                                                                  
 max_pooling2d (MaxPooling2  (None, 16, 16, 32)           0         ['activation_1[1][0]']        
 D)                                                                                               
                                                                                                  
 conv2d_3 (Conv2D)           (None, 16, 16, 80)           23120     ['max_pooling2d[1][0]']       
                                                                                                  
 activation_2 (Activation)   (None, 16, 16, 80)           0         ['conv2d_3[1][0]']            
                                                                                                  
 conv2d_5 (Conv2D)           (None, 16, 16, 80)           2640      ['max_pooling2d[1][0]']       
                                                                                                  
 conv2d_4 (Conv2D)           (None, 16, 16, 80)           57680     ['activation_2[1][0]']        
                                                                                                  
 add_1 (Add)                 (None, 16, 16, 80)           0         ['conv2d_5[1][0]',            
                                                                     'conv2d_4[1][0]']            
                                                                                                  
 activation_3 (Activation)   (None, 16, 16, 80)           0         ['add_1[1][0]']               
                                                                                                  
 max_pooling2d_1 (MaxPoolin  (None, 8, 8, 80)             0         ['activation_3[1][0]']        
 g2D)                                                                                             
                                                                                                  
 flatten (Flatten)           (None, 5120)                 0         ['max_pooling2d_1[1][0]']     
                                                                                                  
 dense (Dense)               (None, 96)                   491616    ['flatten[1][0]']             
                                                                                                  
 activation_4 (Activation)   (None, 96)                   0         ['dense[1][0]']               
                                                                                                  
 dropout (Dropout)           (None, 96)                   0         ['activation_4[1][0]']        
                                                                                                  
 dense_1 (Dense)             (None, 352)                  34144     ['dropout[1][0]']             
                                                                                                  
 activation_5 (Activation)   (None, 352)                  0         ['dense_1[1][0]']             
                                                                                                  
 dropout_1 (Dropout)         (None, 352)                  0         ['activation_5[1][0]']        
                                                                                                  
 dense_2 (Dense)             (None, 128)                  45184     ['dropout_1[1][0]']           
                                                                                                  
 activation_6 (Activation)   (None, 128)                  0         ['dense_2[1][0]']             
                                                                                                  
 dropout_2 (Dropout)         (None, 128)                  0         ['activation_6[1][0]']        
                                                                                                  
 dense_3 (Dense)             (None, 512)                  66048     ['dropout_2[1][0]']           
                                                                                                  
 activation_7 (Activation)   (None, 512)                  0         ['dense_3[1][0]']             
                                                                                                  
 dropout_3 (Dropout)         (None, 512)                  0         ['activation_7[1][0]']        
                                                                                                  
 dense_4 (Dense)             (None, 256)                  131328    ['dropout_3[1][0]']           
                                                                                                  
 activation_8 (Activation)   (None, 256)                  0         ['dense_4[1][0]']             
                                                                                                  
 dropout_4 (Dropout)         (None, 256)                  0         ['activation_8[1][0]']        
                                                                                                  
 dense_5 (Dense)             (None, 128)                  32896     ['dropout_4[1][0]']           
                                                                                                  
 activation_9 (Activation)   (None, 128)                  0         ['dense_5[1][0]']             
                                                                                                  
 dropout_5 (Dropout)         (None, 128)                  0         ['activation_9[1][0]']        
                                                                                                  
 dense_6 (Dense)             (None, 320)                  41280     ['dropout_5[1][0]']           
                                                                                                  
 activation_10 (Activation)  (None, 320)                  0         ['dense_6[1][0]']             
                                                                                                  
 dropout_6 (Dropout)         (None, 320)                  0         ['activation_10[1][0]']       
                                                                                                  
 dense_7 (Dense)             (None, 432)                  138672    ['dropout_6[1][0]']           
                                                                                                  
 activation_11 (Activation)  (None, 432)                  0         ['dense_7[1][0]']             
                                                                                                  
 dropout_7 (Dropout)         (None, 432)                  0         ['activation_11[1][0]']       
                                                                                                  
 dense_8 (Dense)             (None, 240)                  103920    ['dropout_7[1][0]']           
                                                                                                  
 activation_12 (Activation)  (None, 240)                  0         ['dense_8[1][0]']             
                                                                                                  
 dropout_8 (Dropout)         (None, 240)                  0         ['activation_12[1][0]']       
                                                                                                  
 dense_9 (Dense)             (None, 96)                   23136     ['dropout_8[1][0]']           
                                                                                                  
 activation_13 (Activation)  (None, 96)                   0         ['dense_9[1][0]']             
                                                                                                  
 dropout_9 (Dropout)         (None, 96)                   0         ['activation_13[1][0]']       
                                                                                                  
 dense_10 (Dense)            (None, 100)                  9700      ['dropout_9[1][0]']           
                                                                                                  
==================================================================================================
Total params: 1211636 (4.62 MB)
Trainable params: 1211636 (4.62 MB)
Non-trainable params: 0 (0.00 Byte)
__________________________________________________________________________________________________
Epoch 1/100
782/782 - 9s - loss: 4.6848 - accuracy: 0.0092 - val_loss: 4.6146 - val_accuracy: 0.0102 - 9s/epoch - 11ms/step
Epoch 2/100
782/782 - 5s - loss: 4.6794 - accuracy: 0.0092 - val_loss: 4.6128 - val_accuracy: 0.0104 - 5s/epoch - 6ms/step
Epoch 3/100
782/782 - 5s - loss: 4.6695 - accuracy: 0.0097 - val_loss: 4.6113 - val_accuracy: 0.0104 - 5s/epoch - 6ms/step
Epoch 4/100
782/782 - 5s - loss: 4.6659 - accuracy: 0.0096 - val_loss: 4.6101 - val_accuracy: 0.0097 - 5s/epoch - 6ms/step
Epoch 5/100
782/782 - 5s - loss: 4.6628 - accuracy: 0.0096 - val_loss: 4.6091 - val_accuracy: 0.0095 - 5s/epoch - 6ms/step
Epoch 6/100
782/782 - 5s - loss: 4.6578 - accuracy: 0.0100 - val_loss: 4.6081 - val_accuracy: 0.0097 - 5s/epoch - 6ms/step
Epoch 7/100
782/782 - 5s - loss: 4.6549 - accuracy: 0.0095 - val_loss: 4.6075 - val_accuracy: 0.0094 - 5s/epoch - 6ms/step
Epoch 8/100
782/782 - 5s - loss: 4.6511 - accuracy: 0.0100 - val_loss: 4.6068 - val_accuracy: 0.0101 - 5s/epoch - 6ms/step
Epoch 9/100
782/782 - 5s - loss: 4.6465 - accuracy: 0.0097 - val_loss: 4.6062 - val_accuracy: 0.0095 - 5s/epoch - 6ms/step
Epoch 10/100
782/782 - 5s - loss: 4.6456 - accuracy: 0.0097 - val_loss: 4.6056 - val_accuracy: 0.0098 - 5s/epoch - 6ms/step
Epoch 11/100
782/782 - 5s - loss: 4.6424 - accuracy: 0.0102 - val_loss: 4.6051 - val_accuracy: 0.0106 - 5s/epoch - 6ms/step
Epoch 12/100
782/782 - 5s - loss: 4.6407 - accuracy: 0.0108 - val_loss: 4.6045 - val_accuracy: 0.0106 - 5s/epoch - 6ms/step
Epoch 13/100
782/782 - 5s - loss: 4.6400 - accuracy: 0.0099 - val_loss: 4.6040 - val_accuracy: 0.0101 - 5s/epoch - 6ms/step
Epoch 14/100
782/782 - 5s - loss: 4.6381 - accuracy: 0.0102 - val_loss: 4.6035 - val_accuracy: 0.0099 - 5s/epoch - 6ms/step
Epoch 15/100
782/782 - 5s - loss: 4.6352 - accuracy: 0.0102 - val_loss: 4.6030 - val_accuracy: 0.0100 - 5s/epoch - 6ms/step
Epoch 16/100
782/782 - 5s - loss: 4.6356 - accuracy: 0.0104 - val_loss: 4.6025 - val_accuracy: 0.0104 - 5s/epoch - 6ms/step
Epoch 17/100
782/782 - 5s - loss: 4.6345 - accuracy: 0.0103 - val_loss: 4.6020 - val_accuracy: 0.0104 - 5s/epoch - 6ms/step
Epoch 18/100
782/782 - 5s - loss: 4.6321 - accuracy: 0.0113 - val_loss: 4.6015 - val_accuracy: 0.0107 - 5s/epoch - 6ms/step
Epoch 19/100
782/782 - 5s - loss: 4.6315 - accuracy: 0.0097 - val_loss: 4.6010 - val_accuracy: 0.0114 - 5s/epoch - 6ms/step
Epoch 20/100
782/782 - 5s - loss: 4.6289 - accuracy: 0.0110 - val_loss: 4.6005 - val_accuracy: 0.0119 - 5s/epoch - 6ms/step
Epoch 21/100
782/782 - 5s - loss: 4.6284 - accuracy: 0.0112 - val_loss: 4.6000 - val_accuracy: 0.0116 - 5s/epoch - 6ms/step
Epoch 22/100
782/782 - 5s - loss: 4.6288 - accuracy: 0.0102 - val_loss: 4.5995 - val_accuracy: 0.0128 - 5s/epoch - 6ms/step
Epoch 23/100
782/782 - 5s - loss: 4.6257 - accuracy: 0.0119 - val_loss: 4.5990 - val_accuracy: 0.0135 - 5s/epoch - 6ms/step
Epoch 24/100
782/782 - 5s - loss: 4.6270 - accuracy: 0.0107 - val_loss: 4.5984 - val_accuracy: 0.0137 - 5s/epoch - 6ms/step
Epoch 25/100
782/782 - 5s - loss: 4.6259 - accuracy: 0.0110 - val_loss: 4.5979 - val_accuracy: 0.0139 - 5s/epoch - 6ms/step
Epoch 26/100
782/782 - 5s - loss: 4.6244 - accuracy: 0.0111 - val_loss: 4.5973 - val_accuracy: 0.0140 - 5s/epoch - 6ms/step
Epoch 27/100
782/782 - 5s - loss: 4.6244 - accuracy: 0.0109 - val_loss: 4.5968 - val_accuracy: 0.0152 - 5s/epoch - 6ms/step
Epoch 28/100
782/782 - 5s - loss: 4.6227 - accuracy: 0.0111 - val_loss: 4.5963 - val_accuracy: 0.0147 - 5s/epoch - 6ms/step
Epoch 29/100
782/782 - 5s - loss: 4.6222 - accuracy: 0.0115 - val_loss: 4.5957 - val_accuracy: 0.0155 - 5s/epoch - 6ms/step
Epoch 30/100
782/782 - 5s - loss: 4.6229 - accuracy: 0.0105 - val_loss: 4.5952 - val_accuracy: 0.0158 - 5s/epoch - 6ms/step
Epoch 31/100
782/782 - 5s - loss: 4.6207 - accuracy: 0.0109 - val_loss: 4.5947 - val_accuracy: 0.0152 - 5s/epoch - 7ms/step
Epoch 32/100
782/782 - 5s - loss: 4.6192 - accuracy: 0.0108 - val_loss: 4.5942 - val_accuracy: 0.0162 - 5s/epoch - 6ms/step
Epoch 33/100
782/782 - 5s - loss: 4.6182 - accuracy: 0.0114 - val_loss: 4.5936 - val_accuracy: 0.0166 - 5s/epoch - 7ms/step
Epoch 34/100
782/782 - 5s - loss: 4.6177 - accuracy: 0.0119 - val_loss: 4.5930 - val_accuracy: 0.0172 - 5s/epoch - 7ms/step
Epoch 35/100
782/782 - 5s - loss: 4.6170 - accuracy: 0.0117 - val_loss: 4.5924 - val_accuracy: 0.0164 - 5s/epoch - 7ms/step
Epoch 36/100
782/782 - 5s - loss: 4.6168 - accuracy: 0.0119 - val_loss: 4.5919 - val_accuracy: 0.0176 - 5s/epoch - 6ms/step
Epoch 37/100
782/782 - 5s - loss: 4.6155 - accuracy: 0.0118 - val_loss: 4.5913 - val_accuracy: 0.0187 - 5s/epoch - 7ms/step
Epoch 38/100
782/782 - 5s - loss: 4.6159 - accuracy: 0.0112 - val_loss: 4.5907 - val_accuracy: 0.0191 - 5s/epoch - 7ms/step
Epoch 39/100
782/782 - 5s - loss: 4.6149 - accuracy: 0.0124 - val_loss: 4.5901 - val_accuracy: 0.0196 - 5s/epoch - 7ms/step
Epoch 40/100
782/782 - 5s - loss: 4.6142 - accuracy: 0.0118 - val_loss: 4.5895 - val_accuracy: 0.0187 - 5s/epoch - 7ms/step
Epoch 41/100
782/782 - 5s - loss: 4.6131 - accuracy: 0.0126 - val_loss: 4.5889 - val_accuracy: 0.0199 - 5s/epoch - 6ms/step
Epoch 42/100
782/782 - 5s - loss: 4.6126 - accuracy: 0.0127 - val_loss: 4.5882 - val_accuracy: 0.0204 - 5s/epoch - 7ms/step
Epoch 43/100
782/782 - 5s - loss: 4.6115 - accuracy: 0.0123 - val_loss: 4.5876 - val_accuracy: 0.0200 - 5s/epoch - 7ms/step
Epoch 44/100
782/782 - 5s - loss: 4.6110 - accuracy: 0.0119 - val_loss: 4.5870 - val_accuracy: 0.0209 - 5s/epoch - 7ms/step
Epoch 45/100
782/782 - 5s - loss: 4.6104 - accuracy: 0.0126 - val_loss: 4.5864 - val_accuracy: 0.0212 - 5s/epoch - 6ms/step
Epoch 46/100
782/782 - 5s - loss: 4.6080 - accuracy: 0.0132 - val_loss: 4.5857 - val_accuracy: 0.0214 - 5s/epoch - 7ms/step
Epoch 47/100
782/782 - 5s - loss: 4.6098 - accuracy: 0.0131 - val_loss: 4.5850 - val_accuracy: 0.0216 - 5s/epoch - 7ms/step
Epoch 48/100
782/782 - 5s - loss: 4.6076 - accuracy: 0.0124 - val_loss: 4.5844 - val_accuracy: 0.0223 - 5s/epoch - 7ms/step
Epoch 49/100
782/782 - 5s - loss: 4.6059 - accuracy: 0.0129 - val_loss: 4.5837 - val_accuracy: 0.0225 - 5s/epoch - 6ms/step
Epoch 50/100
782/782 - 5s - loss: 4.6078 - accuracy: 0.0130 - val_loss: 4.5830 - val_accuracy: 0.0234 - 5s/epoch - 7ms/step
Epoch 51/100
782/782 - 5s - loss: 4.6049 - accuracy: 0.0136 - val_loss: 4.5823 - val_accuracy: 0.0233 - 5s/epoch - 7ms/step
Epoch 52/100
782/782 - 5s - loss: 4.6054 - accuracy: 0.0134 - val_loss: 4.5816 - val_accuracy: 0.0240 - 5s/epoch - 7ms/step
Epoch 53/100
782/782 - 5s - loss: 4.6053 - accuracy: 0.0132 - val_loss: 4.5809 - val_accuracy: 0.0240 - 5s/epoch - 7ms/step
Epoch 54/100
782/782 - 5s - loss: 4.6046 - accuracy: 0.0132 - val_loss: 4.5801 - val_accuracy: 0.0254 - 5s/epoch - 6ms/step
Epoch 55/100
782/782 - 5s - loss: 4.6033 - accuracy: 0.0130 - val_loss: 4.5793 - val_accuracy: 0.0260 - 5s/epoch - 7ms/step
Epoch 56/100
782/782 - 5s - loss: 4.6035 - accuracy: 0.0136 - val_loss: 4.5786 - val_accuracy: 0.0248 - 5s/epoch - 7ms/step
Epoch 57/100
782/782 - 5s - loss: 4.6035 - accuracy: 0.0142 - val_loss: 4.5778 - val_accuracy: 0.0254 - 5s/epoch - 7ms/step
Epoch 58/100
782/782 - 5s - loss: 4.6019 - accuracy: 0.0137 - val_loss: 4.5771 - val_accuracy: 0.0260 - 5s/epoch - 6ms/step
Epoch 59/100
782/782 - 5s - loss: 4.6016 - accuracy: 0.0139 - val_loss: 4.5762 - val_accuracy: 0.0269 - 5s/epoch - 7ms/step
Epoch 60/100
782/782 - 5s - loss: 4.6028 - accuracy: 0.0130 - val_loss: 4.5754 - val_accuracy: 0.0263 - 5s/epoch - 7ms/step
Epoch 61/100
782/782 - 5s - loss: 4.6007 - accuracy: 0.0132 - val_loss: 4.5746 - val_accuracy: 0.0275 - 5s/epoch - 7ms/step
Epoch 62/100
782/782 - 5s - loss: 4.5988 - accuracy: 0.0144 - val_loss: 4.5737 - val_accuracy: 0.0278 - 5s/epoch - 6ms/step
Epoch 63/100
782/782 - 5s - loss: 4.5993 - accuracy: 0.0131 - val_loss: 4.5729 - val_accuracy: 0.0289 - 5s/epoch - 7ms/step
Epoch 64/100
782/782 - 5s - loss: 4.5984 - accuracy: 0.0144 - val_loss: 4.5719 - val_accuracy: 0.0288 - 5s/epoch - 7ms/step
Epoch 65/100
782/782 - 5s - loss: 4.5976 - accuracy: 0.0141 - val_loss: 4.5711 - val_accuracy: 0.0294 - 5s/epoch - 7ms/step
Epoch 66/100
782/782 - 5s - loss: 4.5949 - accuracy: 0.0155 - val_loss: 4.5701 - val_accuracy: 0.0299 - 5s/epoch - 7ms/step
Epoch 67/100
782/782 - 5s - loss: 4.5960 - accuracy: 0.0148 - val_loss: 4.5692 - val_accuracy: 0.0297 - 5s/epoch - 6ms/step
Epoch 68/100
782/782 - 5s - loss: 4.5930 - accuracy: 0.0156 - val_loss: 4.5683 - val_accuracy: 0.0303 - 5s/epoch - 7ms/step
Epoch 69/100
782/782 - 5s - loss: 4.5935 - accuracy: 0.0155 - val_loss: 4.5672 - val_accuracy: 0.0305 - 5s/epoch - 6ms/step
Epoch 70/100
782/782 - 5s - loss: 4.5937 - accuracy: 0.0152 - val_loss: 4.5662 - val_accuracy: 0.0309 - 5s/epoch - 6ms/step
Epoch 71/100
782/782 - 5s - loss: 4.5920 - accuracy: 0.0154 - val_loss: 4.5652 - val_accuracy: 0.0314 - 5s/epoch - 6ms/step
Epoch 72/100
782/782 - 5s - loss: 4.5919 - accuracy: 0.0171 - val_loss: 4.5642 - val_accuracy: 0.0316 - 5s/epoch - 6ms/step
Epoch 73/100
782/782 - 5s - loss: 4.5898 - accuracy: 0.0142 - val_loss: 4.5631 - val_accuracy: 0.0318 - 5s/epoch - 6ms/step
Epoch 74/100
782/782 - 5s - loss: 4.5893 - accuracy: 0.0163 - val_loss: 4.5621 - val_accuracy: 0.0316 - 5s/epoch - 6ms/step
Epoch 75/100
782/782 - 5s - loss: 4.5894 - accuracy: 0.0164 - val_loss: 4.5610 - val_accuracy: 0.0318 - 5s/epoch - 6ms/step
Epoch 76/100
782/782 - 5s - loss: 4.5888 - accuracy: 0.0157 - val_loss: 4.5599 - val_accuracy: 0.0313 - 5s/epoch - 7ms/step
Epoch 77/100
782/782 - 5s - loss: 4.5878 - accuracy: 0.0147 - val_loss: 4.5588 - val_accuracy: 0.0311 - 5s/epoch - 6ms/step
Epoch 78/100
782/782 - 5s - loss: 4.5872 - accuracy: 0.0165 - val_loss: 4.5576 - val_accuracy: 0.0315 - 5s/epoch - 6ms/step
Epoch 79/100
782/782 - 5s - loss: 4.5868 - accuracy: 0.0173 - val_loss: 4.5565 - val_accuracy: 0.0319 - 5s/epoch - 6ms/step
Epoch 80/100
782/782 - 5s - loss: 4.5853 - accuracy: 0.0163 - val_loss: 4.5553 - val_accuracy: 0.0316 - 5s/epoch - 6ms/step
Epoch 81/100
782/782 - 5s - loss: 4.5846 - accuracy: 0.0159 - val_loss: 4.5541 - val_accuracy: 0.0317 - 5s/epoch - 7ms/step
Epoch 82/100
782/782 - 5s - loss: 4.5859 - accuracy: 0.0161 - val_loss: 4.5529 - val_accuracy: 0.0323 - 5s/epoch - 6ms/step
Epoch 83/100
782/782 - 5s - loss: 4.5826 - accuracy: 0.0159 - val_loss: 4.5517 - val_accuracy: 0.0314 - 5s/epoch - 6ms/step
Epoch 84/100
782/782 - 5s - loss: 4.5808 - accuracy: 0.0159 - val_loss: 4.5505 - val_accuracy: 0.0317 - 5s/epoch - 6ms/step
Epoch 85/100
782/782 - 5s - loss: 4.5797 - accuracy: 0.0170 - val_loss: 4.5492 - val_accuracy: 0.0314 - 5s/epoch - 7ms/step
Epoch 86/100
782/782 - 5s - loss: 4.5798 - accuracy: 0.0170 - val_loss: 4.5479 - val_accuracy: 0.0312 - 5s/epoch - 6ms/step
Epoch 87/100
782/782 - 5s - loss: 4.5792 - accuracy: 0.0160 - val_loss: 4.5467 - val_accuracy: 0.0311 - 5s/epoch - 7ms/step
Epoch 88/100
782/782 - 5s - loss: 4.5776 - accuracy: 0.0165 - val_loss: 4.5455 - val_accuracy: 0.0310 - 5s/epoch - 6ms/step
Epoch 89/100
782/782 - 5s - loss: 4.5770 - accuracy: 0.0170 - val_loss: 4.5441 - val_accuracy: 0.0314 - 5s/epoch - 6ms/step
Epoch 90/100
782/782 - 5s - loss: 4.5763 - accuracy: 0.0174 - val_loss: 4.5427 - val_accuracy: 0.0315 - 5s/epoch - 7ms/step
Epoch 91/100
782/782 - 5s - loss: 4.5740 - accuracy: 0.0176 - val_loss: 4.5413 - val_accuracy: 0.0313 - 5s/epoch - 6ms/step
Epoch 92/100
782/782 - 5s - loss: 4.5719 - accuracy: 0.0172 - val_loss: 4.5399 - val_accuracy: 0.0315 - 5s/epoch - 6ms/step
Epoch 93/100
782/782 - 5s - loss: 4.5731 - accuracy: 0.0176 - val_loss: 4.5385 - val_accuracy: 0.0320 - 5s/epoch - 6ms/step
Epoch 94/100
782/782 - 5s - loss: 4.5725 - accuracy: 0.0181 - val_loss: 4.5371 - val_accuracy: 0.0316 - 5s/epoch - 7ms/step
Epoch 95/100
782/782 - 5s - loss: 4.5703 - accuracy: 0.0184 - val_loss: 4.5357 - val_accuracy: 0.0319 - 5s/epoch - 6ms/step
Epoch 96/100
782/782 - 5s - loss: 4.5705 - accuracy: 0.0191 - val_loss: 4.5343 - val_accuracy: 0.0322 - 5s/epoch - 6ms/step
Epoch 97/100
782/782 - 5s - loss: 4.5695 - accuracy: 0.0187 - val_loss: 4.5328 - val_accuracy: 0.0323 - 5s/epoch - 6ms/step
Epoch 98/100
782/782 - 5s - loss: 4.5683 - accuracy: 0.0184 - val_loss: 4.5314 - val_accuracy: 0.0321 - 5s/epoch - 6ms/step
Epoch 99/100
782/782 - 5s - loss: 4.5684 - accuracy: 0.0191 - val_loss: 4.5300 - val_accuracy: 0.0316 - 5s/epoch - 6ms/step
Epoch 100/100
782/782 - 5s - loss: 4.5645 - accuracy: 0.0187 - val_loss: 4.5284 - val_accuracy: 0.0322 - 5s/epoch - 6ms/step
313/313 - 1s - loss: 4.5284 - accuracy: 0.0322 - 688ms/epoch - 2ms/step

ACCURACY: 0.03220000118017197


SCORE: -0.19066244882612035

[92m | MODULE VALUES ---------------------------------------------  |
 [0m
FLOPS: 65938776
PARAMS: 1211636.0
[92m 
 | -----------------------------------------------------------  |
 [0m

--- BANANAS ITERATION 8 / 1000 ---
Chosen point: {'num_neurons': 16, 'unit_c1': 3, 'unit_c2': 6, 'dr_f': 0.12729957091598498, 'learning_rate': 0.0005839337191340633, 'batch_size': 8, 'optimizer': 'Adam', 'activation': 'selu', 'data_augmentation': False, 'reg_l2': False, 'skip_connection': True, 'new_fc_1': 1, 'new_fc_2': 9, 'new_fc_3': 8, 'new_fc_4': 22, 'new_fc_5': 12, 'new_fc_6': 18, 'new_fc_7': 31, 'new_fc_8': 21, 'new_fc_9': 1, 'new_fc_10': 14}
[94m
|  --> START TRAINING ITERATION 7[0m
[INFO] Flags -> DA: False, L2: False, Skip: True
Building model with input_shape=(32, 32, 3), pos_input_shape=None, layer_x_block=2
Model: "model"
__________________________________________________________________________________________________
 Layer (type)                Output Shape                 Param #   Connected to                  
==================================================================================================
 input_1 (InputLayer)        [(None, 32, 32, 3)]          0         []                            
                                                                                                  
 conv2d (Conv2D)             (None, 32, 32, 48)           1344      ['input_1[0][0]']             
                                                                                                  
 activation (Activation)     (None, 32, 32, 48)           0         ['conv2d[0][0]']              
                                                                                                  
 conv2d_2 (Conv2D)           (None, 32, 32, 48)           192       ['input_1[0][0]']             
                                                                                                  
 conv2d_1 (Conv2D)           (None, 32, 32, 48)           20784     ['activation[0][0]']          
                                                                                                  
 add (Add)                   (None, 32, 32, 48)           0         ['conv2d_2[0][0]',            
                                                                     'conv2d_1[0][0]']            
                                                                                                  
 activation_1 (Activation)   (None, 32, 32, 48)           0         ['add[0][0]']                 
                                                                                                  
 max_pooling2d (MaxPooling2  (None, 16, 16, 48)           0         ['activation_1[0][0]']        
 D)                                                                                               
                                                                                                  
 conv2d_3 (Conv2D)           (None, 16, 16, 96)           41568     ['max_pooling2d[0][0]']       
                                                                                                  
 activation_2 (Activation)   (None, 16, 16, 96)           0         ['conv2d_3[0][0]']            
                                                                                                  
 conv2d_5 (Conv2D)           (None, 16, 16, 96)           4704      ['max_pooling2d[0][0]']       
                                                                                                  
 conv2d_4 (Conv2D)           (None, 16, 16, 96)           83040     ['activation_2[0][0]']        
                                                                                                  
 add_1 (Add)                 (None, 16, 16, 96)           0         ['conv2d_5[0][0]',            
                                                                     'conv2d_4[0][0]']            
                                                                                                  
 activation_3 (Activation)   (None, 16, 16, 96)           0         ['add_1[0][0]']               
                                                                                                  
 max_pooling2d_1 (MaxPoolin  (None, 8, 8, 96)             0         ['activation_3[0][0]']        
 g2D)                                                                                             
                                                                                                  
 flatten (Flatten)           (None, 6144)                 0         ['max_pooling2d_1[0][0]']     
                                                                                                  
 dense (Dense)               (None, 16)                   98320     ['flatten[0][0]']             
                                                                                                  
 activation_4 (Activation)   (None, 16)                   0         ['dense[0][0]']               
                                                                                                  
 dropout (Dropout)           (None, 16)                   0         ['activation_4[0][0]']        
                                                                                                  
 dense_1 (Dense)             (None, 144)                  2448      ['dropout[0][0]']             
                                                                                                  
 activation_5 (Activation)   (None, 144)                  0         ['dense_1[0][0]']             
                                                                                                  
 dropout_1 (Dropout)         (None, 144)                  0         ['activation_5[0][0]']        
                                                                                                  
 dense_2 (Dense)             (None, 128)                  18560     ['dropout_1[0][0]']           
                                                                                                  
 activation_6 (Activation)   (None, 128)                  0         ['dense_2[0][0]']             
                                                                                                  
 dropout_2 (Dropout)         (None, 128)                  0         ['activation_6[0][0]']        
                                                                                                  
 dense_3 (Dense)             (None, 352)                  45408     ['dropout_2[0][0]']           
                                                                                                  
 activation_7 (Activation)   (None, 352)                  0         ['dense_3[0][0]']             
                                                                                                  
 dropout_3 (Dropout)         (None, 352)                  0         ['activation_7[0][0]']        
                                                                                                  
 dense_4 (Dense)             (None, 192)                  67776     ['dropout_3[0][0]']           
                                                                                                  
 activation_8 (Activation)   (None, 192)                  0         ['dense_4[0][0]']             
                                                                                                  
 dropout_4 (Dropout)         (None, 192)                  0         ['activation_8[0][0]']        
                                                                                                  
 dense_5 (Dense)             (None, 288)                  55584     ['dropout_4[0][0]']           
                                                                                                  
 activation_9 (Activation)   (None, 288)                  0         ['dense_5[0][0]']             
                                                                                                  
 dropout_5 (Dropout)         (None, 288)                  0         ['activation_9[0][0]']        
                                                                                                  
 dense_6 (Dense)             (None, 496)                  143344    ['dropout_5[0][0]']           
                                                                                                  
 activation_10 (Activation)  (None, 496)                  0         ['dense_6[0][0]']             
                                                                                                  
 dropout_6 (Dropout)         (None, 496)                  0         ['activation_10[0][0]']       
                                                                                                  
 dense_7 (Dense)             (None, 336)                  166992    ['dropout_6[0][0]']           
                                                                                                  
 activation_11 (Activation)  (None, 336)                  0         ['dense_7[0][0]']             
                                                                                                  
 dropout_7 (Dropout)         (None, 336)                  0         ['activation_11[0][0]']       
                                                                                                  
 dense_8 (Dense)             (None, 16)                   5392      ['dropout_7[0][0]']           
                                                                                                  
 activation_12 (Activation)  (None, 16)                   0         ['dense_8[0][0]']             
                                                                                                  
 dropout_8 (Dropout)         (None, 16)                   0         ['activation_12[0][0]']       
                                                                                                  
 dense_9 (Dense)             (None, 224)                  3808      ['dropout_8[0][0]']           
                                                                                                  
 activation_13 (Activation)  (None, 224)                  0         ['dense_9[0][0]']             
                                                                                                  
 dropout_9 (Dropout)         (None, 224)                  0         ['activation_13[0][0]']       
                                                                                                  
 dense_10 (Dense)            (None, 100)                  22500     ['dropout_9[0][0]']           
                                                                                                  
==================================================================================================
Total params: 781764 (2.98 MB)
Trainable params: 781764 (2.98 MB)
Non-trainable params: 0 (0.00 Byte)
__________________________________________________________________________________________________
Epoch 1/100
6250/6250 - 25s - loss: 4.6881 - accuracy: 0.0101 - val_loss: 4.6367 - val_accuracy: 0.0100 - 25s/epoch - 4ms/step
Epoch 2/100
6250/6250 - 23s - loss: 4.6596 - accuracy: 0.0093 - val_loss: 4.6225 - val_accuracy: 0.0100 - 23s/epoch - 4ms/step
Epoch 3/100
6250/6250 - 23s - loss: 4.6512 - accuracy: 0.0108 - val_loss: 4.6293 - val_accuracy: 0.0100 - 23s/epoch - 4ms/step
Epoch 4/100
6250/6250 - 23s - loss: 4.6416 - accuracy: 0.0104 - val_loss: 4.6360 - val_accuracy: 0.0100 - 23s/epoch - 4ms/step
Epoch 5/100
6250/6250 - 23s - loss: 4.6369 - accuracy: 0.0103 - val_loss: 4.6321 - val_accuracy: 0.0100 - 23s/epoch - 4ms/step
Epoch 6/100
6250/6250 - 23s - loss: 4.6305 - accuracy: 0.0099 - val_loss: 4.6257 - val_accuracy: 0.0100 - 23s/epoch - 4ms/step
Epoch 7/100
6250/6250 - 23s - loss: 4.6281 - accuracy: 0.0094 - val_loss: 4.6188 - val_accuracy: 0.0100 - 23s/epoch - 4ms/step
Epoch 8/100
6250/6250 - 23s - loss: 4.6265 - accuracy: 0.0093 - val_loss: 4.6242 - val_accuracy: 0.0100 - 23s/epoch - 4ms/step
Epoch 9/100
6250/6250 - 23s - loss: 4.6250 - accuracy: 0.0096 - val_loss: 4.6285 - val_accuracy: 0.0100 - 23s/epoch - 4ms/step
Epoch 10/100
6250/6250 - 23s - loss: 4.6258 - accuracy: 0.0090 - val_loss: 4.6126 - val_accuracy: 0.0100 - 23s/epoch - 4ms/step
Epoch 11/100
6250/6250 - 23s - loss: 4.6240 - accuracy: 0.0104 - val_loss: 4.6200 - val_accuracy: 0.0100 - 23s/epoch - 4ms/step
Epoch 12/100
6250/6250 - 23s - loss: 4.6251 - accuracy: 0.0093 - val_loss: 4.6198 - val_accuracy: 0.0100 - 23s/epoch - 4ms/step
Epoch 13/100
6250/6250 - 23s - loss: 4.6249 - accuracy: 0.0094 - val_loss: 4.6196 - val_accuracy: 0.0100 - 23s/epoch - 4ms/step
Epoch 14/100
6250/6250 - 23s - loss: 4.6254 - accuracy: 0.0102 - val_loss: 4.6114 - val_accuracy: 0.0100 - 23s/epoch - 4ms/step
Epoch 15/100
6250/6250 - 23s - loss: 4.6242 - accuracy: 0.0090 - val_loss: 4.6163 - val_accuracy: 0.0100 - 23s/epoch - 4ms/step
Epoch 16/100
6250/6250 - 23s - loss: 4.6245 - accuracy: 0.0098 - val_loss: 4.6194 - val_accuracy: 0.0100 - 23s/epoch - 4ms/step
Epoch 17/100
6250/6250 - 23s - loss: 4.6247 - accuracy: 0.0098 - val_loss: 4.6175 - val_accuracy: 0.0100 - 23s/epoch - 4ms/step
Epoch 18/100
6250/6250 - 23s - loss: 4.6241 - accuracy: 0.0112 - val_loss: 4.6137 - val_accuracy: 0.0100 - 23s/epoch - 4ms/step
Epoch 19/100
6250/6250 - 23s - loss: 4.6244 - accuracy: 0.0097 - val_loss: 4.6166 - val_accuracy: 0.0100 - 23s/epoch - 4ms/step
Epoch 20/100
6250/6250 - 23s - loss: 4.6250 - accuracy: 0.0099 - val_loss: 4.6158 - val_accuracy: 0.0100 - 23s/epoch - 4ms/step
Epoch 21/100
6250/6250 - 23s - loss: 4.6257 - accuracy: 0.0093 - val_loss: 4.6169 - val_accuracy: 0.0100 - 23s/epoch - 4ms/step
Epoch 22/100
6250/6250 - 23s - loss: 4.6249 - accuracy: 0.0096 - val_loss: 4.6230 - val_accuracy: 0.0100 - 23s/epoch - 4ms/step
Epoch 23/100
6250/6250 - 23s - loss: 4.6250 - accuracy: 0.0100 - val_loss: 4.6243 - val_accuracy: 0.0100 - 23s/epoch - 4ms/step
Epoch 24/100
6250/6250 - 23s - loss: 4.6240 - accuracy: 0.0096 - val_loss: 4.6241 - val_accuracy: 0.0100 - 23s/epoch - 4ms/step
Epoch 25/100
6250/6250 - 23s - loss: 4.6245 - accuracy: 0.0107 - val_loss: 4.6264 - val_accuracy: 0.0100 - 23s/epoch - 4ms/step
Epoch 26/100
6250/6250 - 23s - loss: 4.6245 - accuracy: 0.0099 - val_loss: 4.6160 - val_accuracy: 0.0100 - 23s/epoch - 4ms/step
Epoch 27/100
6250/6250 - 23s - loss: 4.6255 - accuracy: 0.0097 - val_loss: 4.6181 - val_accuracy: 0.0100 - 23s/epoch - 4ms/step
Epoch 28/100
6250/6250 - 23s - loss: 4.6243 - accuracy: 0.0104 - val_loss: 4.6176 - val_accuracy: 0.0100 - 23s/epoch - 4ms/step
Epoch 29/100
6250/6250 - 22s - loss: 4.6242 - accuracy: 0.0098 - val_loss: 4.6170 - val_accuracy: 0.0100 - 22s/epoch - 4ms/step
Epoch 30/100
6250/6250 - 21s - loss: 4.6245 - accuracy: 0.0096 - val_loss: 4.6218 - val_accuracy: 0.0100 - 21s/epoch - 3ms/step
Epoch 31/100
Restoring model weights from the end of the best epoch: 1.
6250/6250 - 22s - loss: 4.6252 - accuracy: 0.0099 - val_loss: 4.6178 - val_accuracy: 0.0100 - 22s/epoch - 4ms/step
Epoch 31: early stopping
313/313 - 1s - loss: 4.6367 - accuracy: 0.0100 - 994ms/epoch - 3ms/step

ACCURACY: 0.009999999776482582


SCORE: -0.08079230384353779

[92m | MODULE VALUES ---------------------------------------------  |
 [0m
FLOPS: 113103848
PARAMS: 781764.0
[92m 
 | -----------------------------------------------------------  |
 [0m

--- BANANAS ITERATION 9 / 1000 ---
Chosen point: {'num_neurons': 4, 'unit_c1': 4, 'unit_c2': 3, 'dr_f': 0.49487623571098993, 'learning_rate': 0.00028732588304733475, 'batch_size': 16, 'optimizer': 'Adadelta', 'activation': 'selu', 'data_augmentation': False, 'reg_l2': False, 'skip_connection': True, 'new_fc_1': 22, 'new_fc_2': 20, 'new_fc_3': 21, 'new_fc_4': 20, 'new_fc_5': 11, 'new_fc_6': 32, 'new_fc_7': 21, 'new_fc_8': 20, 'new_fc_9': 1, 'new_fc_10': 15}
[94m
|  --> START TRAINING ITERATION 8[0m
[INFO] Flags -> DA: False, L2: False, Skip: True
Building model with input_shape=(32, 32, 3), pos_input_shape=None, layer_x_block=2
Model: "model"
__________________________________________________________________________________________________
 Layer (type)                Output Shape                 Param #   Connected to                  
==================================================================================================
 input_1 (InputLayer)        [(None, 32, 32, 3)]          0         []                            
                                                                                                  
 conv2d (Conv2D)             (None, 32, 32, 16)           448       ['input_1[0][0]']             
                                                                                                  
 activation (Activation)     (None, 32, 32, 16)           0         ['conv2d[0][0]']              
                                                                                                  
 conv2d_2 (Conv2D)           (None, 32, 32, 16)           64        ['input_1[0][0]']             
                                                                                                  
 conv2d_1 (Conv2D)           (None, 32, 32, 16)           2320      ['activation[0][0]']          
                                                                                                  
 add (Add)                   (None, 32, 32, 16)           0         ['conv2d_2[0][0]',            
                                                                     'conv2d_1[0][0]']            
                                                                                                  
 activation_1 (Activation)   (None, 32, 32, 16)           0         ['add[0][0]']                 
                                                                                                  
 max_pooling2d (MaxPooling2  (None, 16, 16, 16)           0         ['activation_1[0][0]']        
 D)                                                                                               
                                                                                                  
 conv2d_3 (Conv2D)           (None, 16, 16, 12)           1740      ['max_pooling2d[0][0]']       
                                                                                                  
 activation_2 (Activation)   (None, 16, 16, 12)           0         ['conv2d_3[0][0]']            
                                                                                                  
 conv2d_5 (Conv2D)           (None, 16, 16, 12)           204       ['max_pooling2d[0][0]']       
                                                                                                  
 conv2d_4 (Conv2D)           (None, 16, 16, 12)           1308      ['activation_2[0][0]']        
                                                                                                  
 add_1 (Add)                 (None, 16, 16, 12)           0         ['conv2d_5[0][0]',            
                                                                     'conv2d_4[0][0]']            
                                                                                                  
 activation_3 (Activation)   (None, 16, 16, 12)           0         ['add_1[0][0]']               
                                                                                                  
 max_pooling2d_1 (MaxPoolin  (None, 8, 8, 12)             0         ['activation_3[0][0]']        
 g2D)                                                                                             
                                                                                                  
 flatten (Flatten)           (None, 768)                  0         ['max_pooling2d_1[0][0]']     
                                                                                                  
 dense (Dense)               (None, 88)                   67672     ['flatten[0][0]']             
                                                                                                  
 activation_4 (Activation)   (None, 88)                   0         ['dense[0][0]']               
                                                                                                  
 dropout (Dropout)           (None, 88)                   0         ['activation_4[0][0]']        
                                                                                                  
 dense_1 (Dense)             (None, 80)                   7120      ['dropout[0][0]']             
                                                                                                  
 activation_5 (Activation)   (None, 80)                   0         ['dense_1[0][0]']             
                                                                                                  
 dropout_1 (Dropout)         (None, 80)                   0         ['activation_5[0][0]']        
                                                                                                  
 dense_2 (Dense)             (None, 84)                   6804      ['dropout_1[0][0]']           
                                                                                                  
 activation_6 (Activation)   (None, 84)                   0         ['dense_2[0][0]']             
                                                                                                  
 dropout_2 (Dropout)         (None, 84)                   0         ['activation_6[0][0]']        
                                                                                                  
 dense_3 (Dense)             (None, 80)                   6800      ['dropout_2[0][0]']           
                                                                                                  
 activation_7 (Activation)   (None, 80)                   0         ['dense_3[0][0]']             
                                                                                                  
 dropout_3 (Dropout)         (None, 80)                   0         ['activation_7[0][0]']        
                                                                                                  
 dense_4 (Dense)             (None, 44)                   3564      ['dropout_3[0][0]']           
                                                                                                  
 activation_8 (Activation)   (None, 44)                   0         ['dense_4[0][0]']             
                                                                                                  
 dropout_4 (Dropout)         (None, 44)                   0         ['activation_8[0][0]']        
                                                                                                  
 dense_5 (Dense)             (None, 128)                  5760      ['dropout_4[0][0]']           
                                                                                                  
 activation_9 (Activation)   (None, 128)                  0         ['dense_5[0][0]']             
                                                                                                  
 dropout_5 (Dropout)         (None, 128)                  0         ['activation_9[0][0]']        
                                                                                                  
 dense_6 (Dense)             (None, 84)                   10836     ['dropout_5[0][0]']           
                                                                                                  
 activation_10 (Activation)  (None, 84)                   0         ['dense_6[0][0]']             
                                                                                                  
 dropout_6 (Dropout)         (None, 84)                   0         ['activation_10[0][0]']       
                                                                                                  
 dense_7 (Dense)             (None, 80)                   6800      ['dropout_6[0][0]']           
                                                                                                  
 activation_11 (Activation)  (None, 80)                   0         ['dense_7[0][0]']             
                                                                                                  
 dropout_7 (Dropout)         (None, 80)                   0         ['activation_11[0][0]']       
                                                                                                  
 dense_8 (Dense)             (None, 4)                    324       ['dropout_7[0][0]']           
                                                                                                  
 activation_12 (Activation)  (None, 4)                    0         ['dense_8[0][0]']             
                                                                                                  
 dropout_8 (Dropout)         (None, 4)                    0         ['activation_12[0][0]']       
                                                                                                  
 dense_9 (Dense)             (None, 60)                   300       ['dropout_8[0][0]']           
                                                                                                  
 activation_13 (Activation)  (None, 60)                   0         ['dense_9[0][0]']             
                                                                                                  
 dropout_9 (Dropout)         (None, 60)                   0         ['activation_13[0][0]']       
                                                                                                  
 dense_10 (Dense)            (None, 100)                  6100      ['dropout_9[0][0]']           
                                                                                                  
==================================================================================================
Total params: 128164 (500.64 KB)
Trainable params: 128164 (500.64 KB)
Non-trainable params: 0 (0.00 Byte)
__________________________________________________________________________________________________
Epoch 1/100
3125/3125 - 14s - loss: 7.0586 - accuracy: 0.0098 - val_loss: 4.6477 - val_accuracy: 0.0105 - 14s/epoch - 4ms/step
Epoch 2/100
3125/3125 - 12s - loss: 6.8948 - accuracy: 0.0100 - val_loss: 4.6403 - val_accuracy: 0.0119 - 12s/epoch - 4ms/step
Epoch 3/100
3125/3125 - 11s - loss: 6.7970 - accuracy: 0.0098 - val_loss: 4.6355 - val_accuracy: 0.0092 - 11s/epoch - 4ms/step
Epoch 4/100
3125/3125 - 11s - loss: 6.6598 - accuracy: 0.0090 - val_loss: 4.6348 - val_accuracy: 0.0094 - 11s/epoch - 4ms/step
Epoch 5/100
3125/3125 - 11s - loss: 6.5997 - accuracy: 0.0098 - val_loss: 4.6378 - val_accuracy: 0.0107 - 11s/epoch - 4ms/step
Epoch 6/100
3125/3125 - 11s - loss: 6.5127 - accuracy: 0.0097 - val_loss: 4.6408 - val_accuracy: 0.0107 - 11s/epoch - 4ms/step
Epoch 7/100
3125/3125 - 11s - loss: 6.4176 - accuracy: 0.0096 - val_loss: 4.6456 - val_accuracy: 0.0107 - 11s/epoch - 4ms/step
Epoch 8/100
3125/3125 - 11s - loss: 6.3750 - accuracy: 0.0102 - val_loss: 4.6485 - val_accuracy: 0.0100 - 11s/epoch - 4ms/step
Epoch 9/100
3125/3125 - 11s - loss: 6.3039 - accuracy: 0.0103 - val_loss: 4.6517 - val_accuracy: 0.0097 - 11s/epoch - 4ms/step
Epoch 10/100
3125/3125 - 11s - loss: 6.2455 - accuracy: 0.0108 - val_loss: 4.6536 - val_accuracy: 0.0095 - 11s/epoch - 4ms/step
Epoch 11/100
3125/3125 - 11s - loss: 6.2295 - accuracy: 0.0098 - val_loss: 4.6549 - val_accuracy: 0.0094 - 11s/epoch - 4ms/step
Epoch 12/100
3125/3125 - 11s - loss: 6.1929 - accuracy: 0.0092 - val_loss: 4.6559 - val_accuracy: 0.0092 - 11s/epoch - 4ms/step
Epoch 13/100
3125/3125 - 11s - loss: 6.1277 - accuracy: 0.0101 - val_loss: 4.6572 - val_accuracy: 0.0092 - 11s/epoch - 4ms/step
Epoch 14/100
3125/3125 - 11s - loss: 6.1091 - accuracy: 0.0112 - val_loss: 4.6577 - val_accuracy: 0.0090 - 11s/epoch - 4ms/step
Epoch 15/100
3125/3125 - 11s - loss: 6.0664 - accuracy: 0.0107 - val_loss: 4.6583 - val_accuracy: 0.0095 - 11s/epoch - 4ms/step
Epoch 16/100
3125/3125 - 11s - loss: 6.0366 - accuracy: 0.0106 - val_loss: 4.6586 - val_accuracy: 0.0095 - 11s/epoch - 4ms/step
Epoch 17/100
3125/3125 - 11s - loss: 6.0053 - accuracy: 0.0099 - val_loss: 4.6593 - val_accuracy: 0.0096 - 11s/epoch - 4ms/step
Epoch 18/100
3125/3125 - 12s - loss: 5.9778 - accuracy: 0.0108 - val_loss: 4.6597 - val_accuracy: 0.0102 - 12s/epoch - 4ms/step
Epoch 19/100
3125/3125 - 12s - loss: 5.9648 - accuracy: 0.0100 - val_loss: 4.6599 - val_accuracy: 0.0102 - 12s/epoch - 4ms/step
Epoch 20/100
3125/3125 - 11s - loss: 5.9290 - accuracy: 0.0100 - val_loss: 4.6597 - val_accuracy: 0.0099 - 11s/epoch - 4ms/step
Epoch 21/100
3125/3125 - 11s - loss: 5.9186 - accuracy: 0.0097 - val_loss: 4.6592 - val_accuracy: 0.0094 - 11s/epoch - 4ms/step
Epoch 22/100
3125/3125 - 11s - loss: 5.8791 - accuracy: 0.0102 - val_loss: 4.6591 - val_accuracy: 0.0092 - 11s/epoch - 4ms/step
Epoch 23/100
3125/3125 - 11s - loss: 5.8715 - accuracy: 0.0102 - val_loss: 4.6596 - val_accuracy: 0.0097 - 11s/epoch - 4ms/step
Epoch 24/100
3125/3125 - 11s - loss: 5.8543 - accuracy: 0.0096 - val_loss: 4.6592 - val_accuracy: 0.0093 - 11s/epoch - 4ms/step
Epoch 25/100
3125/3125 - 11s - loss: 5.8457 - accuracy: 0.0100 - val_loss: 4.6589 - val_accuracy: 0.0092 - 11s/epoch - 4ms/step
Epoch 26/100
3125/3125 - 11s - loss: 5.8126 - accuracy: 0.0096 - val_loss: 4.6587 - val_accuracy: 0.0087 - 11s/epoch - 4ms/step
Epoch 27/100
3125/3125 - 11s - loss: 5.8035 - accuracy: 0.0095 - val_loss: 4.6587 - val_accuracy: 0.0089 - 11s/epoch - 4ms/step
Epoch 28/100
3125/3125 - 11s - loss: 5.7703 - accuracy: 0.0096 - val_loss: 4.6590 - val_accuracy: 0.0089 - 11s/epoch - 4ms/step
Epoch 29/100
3125/3125 - 11s - loss: 5.7534 - accuracy: 0.0101 - val_loss: 4.6584 - val_accuracy: 0.0083 - 11s/epoch - 4ms/step
Epoch 30/100
3125/3125 - 11s - loss: 5.7508 - accuracy: 0.0099 - val_loss: 4.6586 - val_accuracy: 0.0082 - 11s/epoch - 4ms/step
Epoch 31/100
Restoring model weights from the end of the best epoch: 1.
3125/3125 - 11s - loss: 5.7254 - accuracy: 0.0106 - val_loss: 4.6588 - val_accuracy: 0.0083 - 11s/epoch - 3ms/step
Epoch 31: early stopping
313/313 - 1s - loss: 4.6477 - accuracy: 0.0105 - 714ms/epoch - 2ms/step

ACCURACY: 0.010499999858438969


SCORE: -0.2919713359009073

[92m | MODULE VALUES ---------------------------------------------  |
 [0m
FLOPS: 7689332
PARAMS: 128164.0
[92m 
 | -----------------------------------------------------------  |
 [0m

--- BANANAS ITERATION 10 / 1000 ---
Chosen point: {'num_neurons': 32, 'unit_c1': 1, 'unit_c2': 5, 'dr_f': 0.2540794338653066, 'learning_rate': 0.0005850491302392524, 'batch_size': 8, 'optimizer': 'Adamax', 'activation': 'relu', 'data_augmentation': True, 'reg_l2': True, 'skip_connection': False, 'new_fc_1': 3, 'new_fc_2': 29, 'new_fc_3': 27, 'new_fc_4': 17, 'new_fc_5': 31, 'new_fc_6': 16, 'new_fc_7': 21, 'new_fc_8': 4, 'new_fc_9': 0, 'new_fc_10': 22}
[94m
|  --> START TRAINING ITERATION 9[0m
[INFO] Flags -> DA: True, L2: True, Skip: False
Building model with input_shape=(32, 32, 3), pos_input_shape=None, layer_x_block=2
Model: "model"
_________________________________________________________________
 Layer (type)                Output Shape              Param #   
=================================================================
 input_2 (InputLayer)        [(None, 32, 32, 3)]       0         
                                                                 
 conv2d (Conv2D)             (None, 32, 32, 32)        896       
                                                                 
 activation (Activation)     (None, 32, 32, 32)        0         
                                                                 
 conv2d_1 (Conv2D)           (None, 32, 32, 32)        9248      
                                                                 
 activation_1 (Activation)   (None, 32, 32, 32)        0         
                                                                 
 max_pooling2d (MaxPooling2  (None, 16, 16, 32)        0         
 D)                                                              
                                                                 
 conv2d_2 (Conv2D)           (None, 16, 16, 160)       46240     
                                                                 
 activation_2 (Activation)   (None, 16, 16, 160)       0         
                                                                 
 conv2d_3 (Conv2D)           (None, 16, 16, 160)       230560    
                                                                 
 activation_3 (Activation)   (None, 16, 16, 160)       0         
                                                                 
 max_pooling2d_1 (MaxPoolin  (None, 8, 8, 160)         0         
 g2D)                                                            
                                                                 
 flatten (Flatten)           (None, 10240)             0         
                                                                 
 dense (Dense)               (None, 96)                983136    
                                                                 
 activation_4 (Activation)   (None, 96)                0         
                                                                 
 dropout (Dropout)           (None, 96)                0         
                                                                 
 dense_1 (Dense)             (None, 928)               90016     
                                                                 
 activation_5 (Activation)   (None, 928)               0         
                                                                 
 dropout_1 (Dropout)         (None, 928)               0         
                                                                 
 dense_2 (Dense)             (None, 864)               802656    
                                                                 
 activation_6 (Activation)   (None, 864)               0         
                                                                 
 dropout_2 (Dropout)         (None, 864)               0         
                                                                 
 dense_3 (Dense)             (None, 544)               470560    
                                                                 
 activation_7 (Activation)   (None, 544)               0         
                                                                 
 dropout_3 (Dropout)         (None, 544)               0         
                                                                 
 dense_4 (Dense)             (None, 992)               540640    
                                                                 
 activation_8 (Activation)   (None, 992)               0         
                                                                 
 dropout_4 (Dropout)         (None, 992)               0         
                                                                 
 dense_5 (Dense)             (None, 512)               508416    
                                                                 
 activation_9 (Activation)   (None, 512)               0         
                                                                 
 dropout_5 (Dropout)         (None, 512)               0         
                                                                 
 dense_6 (Dense)             (None, 672)               344736    
                                                                 
 activation_10 (Activation)  (None, 672)               0         
                                                                 
 dropout_6 (Dropout)         (None, 672)               0         
                                                                 
 dense_7 (Dense)             (None, 128)               86144     
                                                                 
 activation_11 (Activation)  (None, 128)               0         
                                                                 
 dropout_7 (Dropout)         (None, 128)               0         
                                                                 
 dense_8 (Dense)             (None, 704)               90816     
                                                                 
 activation_12 (Activation)  (None, 704)               0         
                                                                 
 dropout_8 (Dropout)         (None, 704)               0         
                                                                 
 dense_9 (Dense)             (None, 100)               70500     
                                                                 
=================================================================
Total params: 4274564 (16.31 MB)
Trainable params: 4274564 (16.31 MB)
Non-trainable params: 0 (0.00 Byte)
_________________________________________________________________
[WARNING] Constraint Violated: FLOPs 170392984 > 150000000 or Params 4274564.0 > 15000000000

ACCURACY: 0.0


SCORE: 10000000000.0

[92m | MODULE VALUES ---------------------------------------------  |
 [0m
FLOPS: 170392984
PARAMS: 4274564.0
[92m 
 | -----------------------------------------------------------  |
 [0m

--- BANANAS ITERATION 11 / 1000 ---
Chosen point: {'num_neurons': 4, 'unit_c1': 4, 'unit_c2': 5, 'dr_f': 0.04578803467667694, 'learning_rate': 0.0008818641949132199, 'batch_size': 8, 'optimizer': 'Adamax', 'activation': 'elu', 'data_augmentation': True, 'reg_l2': False, 'skip_connection': False, 'new_fc_1': 25, 'new_fc_2': 5, 'new_fc_3': 0, 'new_fc_4': 13, 'new_fc_5': 21, 'new_fc_6': 29, 'new_fc_7': 32, 'new_fc_8': 24, 'new_fc_9': 26, 'new_fc_10': 18}
[94m
|  --> START TRAINING ITERATION 10[0m
[INFO] Flags -> DA: True, L2: False, Skip: False
Building model with input_shape=(32, 32, 3), pos_input_shape=None, layer_x_block=2
Model: "model"
_________________________________________________________________
 Layer (type)                Output Shape              Param #   
=================================================================
 input_2 (InputLayer)        [(None, 32, 32, 3)]       0         
                                                                 
 conv2d (Conv2D)             (None, 32, 32, 16)        448       
                                                                 
 activation (Activation)     (None, 32, 32, 16)        0         
                                                                 
 conv2d_1 (Conv2D)           (None, 32, 32, 16)        2320      
                                                                 
 activation_1 (Activation)   (None, 32, 32, 16)        0         
                                                                 
 max_pooling2d (MaxPooling2  (None, 16, 16, 16)        0         
 D)                                                              
                                                                 
 conv2d_2 (Conv2D)           (None, 16, 16, 20)        2900      
                                                                 
 activation_2 (Activation)   (None, 16, 16, 20)        0         
                                                                 
 conv2d_3 (Conv2D)           (None, 16, 16, 20)        3620      
                                                                 
 activation_3 (Activation)   (None, 16, 16, 20)        0         
                                                                 
 max_pooling2d_1 (MaxPoolin  (None, 8, 8, 20)          0         
 g2D)                                                            
                                                                 
 flatten (Flatten)           (None, 1280)              0         
                                                                 
 dense (Dense)               (None, 100)               128100    
                                                                 
 activation_4 (Activation)   (None, 100)               0         
                                                                 
 dropout (Dropout)           (None, 100)               0         
                                                                 
 dense_1 (Dense)             (None, 20)                2020      
                                                                 
 activation_5 (Activation)   (None, 20)                0         
                                                                 
 dropout_1 (Dropout)         (None, 20)                0         
                                                                 
 dense_2 (Dense)             (None, 52)                1092      
                                                                 
 activation_6 (Activation)   (None, 52)                0         
                                                                 
 dropout_2 (Dropout)         (None, 52)                0         
                                                                 
 dense_3 (Dense)             (None, 84)                4452      
                                                                 
 activation_7 (Activation)   (None, 84)                0         
                                                                 
 dropout_3 (Dropout)         (None, 84)                0         
                                                                 
 dense_4 (Dense)             (None, 116)               9860      
                                                                 
 activation_8 (Activation)   (None, 116)               0         
                                                                 
 dropout_4 (Dropout)         (None, 116)               0         
                                                                 
 dense_5 (Dense)             (None, 128)               14976     
                                                                 
 activation_9 (Activation)   (None, 128)               0         
                                                                 
 dropout_5 (Dropout)         (None, 128)               0         
                                                                 
 dense_6 (Dense)             (None, 96)                12384     
                                                                 
 activation_10 (Activation)  (None, 96)                0         
                                                                 
 dropout_6 (Dropout)         (None, 96)                0         
                                                                 
 dense_7 (Dense)             (None, 104)               10088     
                                                                 
 activation_11 (Activation)  (None, 104)               0         
                                                                 
 dropout_7 (Dropout)         (None, 104)               0         
                                                                 
 dense_8 (Dense)             (None, 72)                7560      
                                                                 
 activation_12 (Activation)  (None, 72)                0         
                                                                 
 dropout_8 (Dropout)         (None, 72)                0         
                                                                 
 dense_9 (Dense)             (None, 100)               7300      
                                                                 
=================================================================
Total params: 207120 (809.06 KB)
Trainable params: 207120 (809.06 KB)
Non-trainable params: 0 (0.00 Byte)
_________________________________________________________________
Epoch 1/100
6250/6250 - 22s - loss: 3.9705 - accuracy: 0.0899 - val_loss: 3.5494 - val_accuracy: 0.1522 - 22s/epoch - 3ms/step
Epoch 2/100
6250/6250 - 20s - loss: 3.5090 - accuracy: 0.1499 - val_loss: 3.2760 - val_accuracy: 0.2002 - 20s/epoch - 3ms/step
Epoch 3/100
6250/6250 - 20s - loss: 3.2540 - accuracy: 0.1944 - val_loss: 3.0719 - val_accuracy: 0.2350 - 20s/epoch - 3ms/step
Epoch 4/100
6250/6250 - 20s - loss: 3.0644 - accuracy: 0.2283 - val_loss: 2.9158 - val_accuracy: 0.2586 - 20s/epoch - 3ms/step
Epoch 5/100
6250/6250 - 20s - loss: 2.9104 - accuracy: 0.2569 - val_loss: 2.7912 - val_accuracy: 0.2806 - 20s/epoch - 3ms/step
Epoch 6/100
6250/6250 - 20s - loss: 2.7978 - accuracy: 0.2787 - val_loss: 2.6950 - val_accuracy: 0.3051 - 20s/epoch - 3ms/step
Epoch 7/100
6250/6250 - 20s - loss: 2.7018 - accuracy: 0.2964 - val_loss: 2.6362 - val_accuracy: 0.3227 - 20s/epoch - 3ms/step
Epoch 8/100
6250/6250 - 20s - loss: 2.6127 - accuracy: 0.3176 - val_loss: 2.6382 - val_accuracy: 0.3199 - 20s/epoch - 3ms/step
Epoch 9/100
6250/6250 - 20s - loss: 2.5433 - accuracy: 0.3300 - val_loss: 2.5590 - val_accuracy: 0.3310 - 20s/epoch - 3ms/step
Epoch 10/100
6250/6250 - 20s - loss: 2.4776 - accuracy: 0.3449 - val_loss: 2.5393 - val_accuracy: 0.3401 - 20s/epoch - 3ms/step
Epoch 11/100
6250/6250 - 20s - loss: 2.4080 - accuracy: 0.3604 - val_loss: 2.5131 - val_accuracy: 0.3427 - 20s/epoch - 3ms/step
Epoch 12/100
6250/6250 - 20s - loss: 2.3574 - accuracy: 0.3705 - val_loss: 2.5451 - val_accuracy: 0.3393 - 20s/epoch - 3ms/step
Epoch 13/100
6250/6250 - 20s - loss: 2.3004 - accuracy: 0.3838 - val_loss: 2.4969 - val_accuracy: 0.3511 - 20s/epoch - 3ms/step
Epoch 14/100
6250/6250 - 20s - loss: 2.2483 - accuracy: 0.3929 - val_loss: 2.5069 - val_accuracy: 0.3518 - 20s/epoch - 3ms/step
Epoch 15/100
6250/6250 - 20s - loss: 2.2046 - accuracy: 0.4021 - val_loss: 2.5004 - val_accuracy: 0.3517 - 20s/epoch - 3ms/step
Epoch 16/100
6250/6250 - 20s - loss: 2.1578 - accuracy: 0.4128 - val_loss: 2.4905 - val_accuracy: 0.3557 - 20s/epoch - 3ms/step
Epoch 17/100
6250/6250 - 20s - loss: 2.1208 - accuracy: 0.4216 - val_loss: 2.5288 - val_accuracy: 0.3574 - 20s/epoch - 3ms/step
Epoch 18/100
6250/6250 - 20s - loss: 2.0840 - accuracy: 0.4279 - val_loss: 2.5240 - val_accuracy: 0.3593 - 20s/epoch - 3ms/step
Epoch 19/100
6250/6250 - 19s - loss: 2.0409 - accuracy: 0.4400 - val_loss: 2.5354 - val_accuracy: 0.3524 - 19s/epoch - 3ms/step
Epoch 20/100
6250/6250 - 20s - loss: 2.0138 - accuracy: 0.4456 - val_loss: 2.5210 - val_accuracy: 0.3563 - 20s/epoch - 3ms/step
Epoch 21/100
6250/6250 - 20s - loss: 1.9770 - accuracy: 0.4561 - val_loss: 2.5580 - val_accuracy: 0.3562 - 20s/epoch - 3ms/step
Epoch 22/100
6250/6250 - 20s - loss: 1.9466 - accuracy: 0.4588 - val_loss: 2.5758 - val_accuracy: 0.3568 - 20s/epoch - 3ms/step
Epoch 23/100
6250/6250 - 20s - loss: 1.9106 - accuracy: 0.4662 - val_loss: 2.5778 - val_accuracy: 0.3568 - 20s/epoch - 3ms/step
Epoch 24/100
6250/6250 - 20s - loss: 1.8946 - accuracy: 0.4722 - val_loss: 2.5970 - val_accuracy: 0.3548 - 20s/epoch - 3ms/step
Epoch 25/100
6250/6250 - 20s - loss: 1.8525 - accuracy: 0.4811 - val_loss: 2.5842 - val_accuracy: 0.3568 - 20s/epoch - 3ms/step
Epoch 26/100
6250/6250 - 20s - loss: 1.8291 - accuracy: 0.4891 - val_loss: 2.6309 - val_accuracy: 0.3537 - 20s/epoch - 3ms/step
Epoch 27/100
6250/6250 - 20s - loss: 1.8008 - accuracy: 0.4933 - val_loss: 2.6466 - val_accuracy: 0.3549 - 20s/epoch - 3ms/step
Epoch 28/100
6250/6250 - 20s - loss: 1.7821 - accuracy: 0.4985 - val_loss: 2.6490 - val_accuracy: 0.3550 - 20s/epoch - 3ms/step
Epoch 29/100
6250/6250 - 20s - loss: 1.7520 - accuracy: 0.5031 - val_loss: 2.6548 - val_accuracy: 0.3498 - 20s/epoch - 3ms/step
Epoch 30/100
6250/6250 - 20s - loss: 1.7320 - accuracy: 0.5092 - val_loss: 2.6910 - val_accuracy: 0.3536 - 20s/epoch - 3ms/step
Epoch 31/100
6250/6250 - 20s - loss: 1.7134 - accuracy: 0.5144 - val_loss: 2.7338 - val_accuracy: 0.3480 - 20s/epoch - 3ms/step
Epoch 32/100
6250/6250 - 20s - loss: 1.6862 - accuracy: 0.5198 - val_loss: 2.7143 - val_accuracy: 0.3564 - 20s/epoch - 3ms/step
Epoch 33/100
6250/6250 - 20s - loss: 1.6711 - accuracy: 0.5231 - val_loss: 2.7647 - val_accuracy: 0.3466 - 20s/epoch - 3ms/step
Epoch 34/100
6250/6250 - 20s - loss: 1.6553 - accuracy: 0.5290 - val_loss: 2.7405 - val_accuracy: 0.3503 - 20s/epoch - 3ms/step
Epoch 35/100
6250/6250 - 20s - loss: 1.6312 - accuracy: 0.5334 - val_loss: 2.7593 - val_accuracy: 0.3466 - 20s/epoch - 3ms/step
Epoch 36/100
6250/6250 - 20s - loss: 1.6096 - accuracy: 0.5395 - val_loss: 2.7973 - val_accuracy: 0.3454 - 20s/epoch - 3ms/step
Epoch 37/100
6250/6250 - 20s - loss: 1.5901 - accuracy: 0.5445 - val_loss: 2.8110 - val_accuracy: 0.3463 - 20s/epoch - 3ms/step
Epoch 38/100
6250/6250 - 20s - loss: 1.5754 - accuracy: 0.5484 - val_loss: 2.8465 - val_accuracy: 0.3428 - 20s/epoch - 3ms/step
Epoch 39/100
6250/6250 - 20s - loss: 1.5647 - accuracy: 0.5515 - val_loss: 2.8671 - val_accuracy: 0.3434 - 20s/epoch - 3ms/step
Epoch 40/100
6250/6250 - 20s - loss: 1.5447 - accuracy: 0.5553 - val_loss: 2.8737 - val_accuracy: 0.3436 - 20s/epoch - 3ms/step
Epoch 41/100
6250/6250 - 20s - loss: 1.5297 - accuracy: 0.5577 - val_loss: 2.9015 - val_accuracy: 0.3439 - 20s/epoch - 3ms/step
Epoch 42/100
6250/6250 - 20s - loss: 1.5136 - accuracy: 0.5606 - val_loss: 2.8798 - val_accuracy: 0.3440 - 20s/epoch - 3ms/step
Epoch 43/100
6250/6250 - 20s - loss: 1.4932 - accuracy: 0.5677 - val_loss: 2.9003 - val_accuracy: 0.3484 - 20s/epoch - 3ms/step
Epoch 44/100
6250/6250 - 20s - loss: 1.4746 - accuracy: 0.5746 - val_loss: 2.9316 - val_accuracy: 0.3436 - 20s/epoch - 3ms/step
Epoch 45/100
6250/6250 - 20s - loss: 1.4770 - accuracy: 0.5717 - val_loss: 2.9708 - val_accuracy: 0.3400 - 20s/epoch - 3ms/step
Epoch 46/100
6250/6250 - 20s - loss: 1.4630 - accuracy: 0.5789 - val_loss: 2.9683 - val_accuracy: 0.3383 - 20s/epoch - 3ms/step
Epoch 47/100
Restoring model weights from the end of the best epoch: 17.
6250/6250 - 20s - loss: 1.4433 - accuracy: 0.5813 - val_loss: 3.0147 - val_accuracy: 0.3355 - 20s/epoch - 3ms/step
Epoch 47: early stopping
313/313 - 1s - loss: 2.5288 - accuracy: 0.3574 - 831ms/epoch - 3ms/step

ACCURACY: 0.35740000009536743


SCORE: -0.5314182160667571

[92m | MODULE VALUES ---------------------------------------------  |
 [0m
FLOPS: 9380892
PARAMS: 207120.0
[92m 
 | -----------------------------------------------------------  |
 [0m
[INFO] New Best Score: -0.5314 (Previous: -0.3544)

--- BANANAS ITERATION 12 / 1000 ---
Chosen point: {'num_neurons': 4, 'unit_c1': 4, 'unit_c2': 7, 'dr_f': 0.23603397630859796, 'learning_rate': 0.0009668322827932601, 'batch_size': 64, 'optimizer': 'Adadelta', 'activation': 'relu', 'data_augmentation': False, 'reg_l2': False, 'skip_connection': True, 'new_fc_1': 31, 'new_fc_2': 13, 'new_fc_3': 6, 'new_fc_4': 27, 'new_fc_5': 5, 'new_fc_6': 6, 'new_fc_7': 0, 'new_fc_8': 32, 'new_fc_9': 31, 'new_fc_10': 25}
[94m
|  --> START TRAINING ITERATION 11[0m
[INFO] Flags -> DA: False, L2: False, Skip: True
Building model with input_shape=(32, 32, 3), pos_input_shape=None, layer_x_block=2
Model: "model"
__________________________________________________________________________________________________
 Layer (type)                Output Shape                 Param #   Connected to                  
==================================================================================================
 input_1 (InputLayer)        [(None, 32, 32, 3)]          0         []                            
                                                                                                  
 conv2d (Conv2D)             (None, 32, 32, 16)           448       ['input_1[0][0]']             
                                                                                                  
 activation (Activation)     (None, 32, 32, 16)           0         ['conv2d[0][0]']              
                                                                                                  
 conv2d_2 (Conv2D)           (None, 32, 32, 16)           64        ['input_1[0][0]']             
                                                                                                  
 conv2d_1 (Conv2D)           (None, 32, 32, 16)           2320      ['activation[0][0]']          
                                                                                                  
 add (Add)                   (None, 32, 32, 16)           0         ['conv2d_2[0][0]',            
                                                                     'conv2d_1[0][0]']            
                                                                                                  
 activation_1 (Activation)   (None, 32, 32, 16)           0         ['add[0][0]']                 
                                                                                                  
 max_pooling2d (MaxPooling2  (None, 16, 16, 16)           0         ['activation_1[0][0]']        
 D)                                                                                               
                                                                                                  
 conv2d_3 (Conv2D)           (None, 16, 16, 28)           4060      ['max_pooling2d[0][0]']       
                                                                                                  
 activation_2 (Activation)   (None, 16, 16, 28)           0         ['conv2d_3[0][0]']            
                                                                                                  
 conv2d_5 (Conv2D)           (None, 16, 16, 28)           476       ['max_pooling2d[0][0]']       
                                                                                                  
 conv2d_4 (Conv2D)           (None, 16, 16, 28)           7084      ['activation_2[0][0]']        
                                                                                                  
 add_1 (Add)                 (None, 16, 16, 28)           0         ['conv2d_5[0][0]',            
                                                                     'conv2d_4[0][0]']            
                                                                                                  
 activation_3 (Activation)   (None, 16, 16, 28)           0         ['add_1[0][0]']               
                                                                                                  
 max_pooling2d_1 (MaxPoolin  (None, 8, 8, 28)             0         ['activation_3[0][0]']        
 g2D)                                                                                             
                                                                                                  
 flatten (Flatten)           (None, 1792)                 0         ['max_pooling2d_1[0][0]']     
                                                                                                  
 dense (Dense)               (None, 124)                  222332    ['flatten[0][0]']             
                                                                                                  
 activation_4 (Activation)   (None, 124)                  0         ['dense[0][0]']               
                                                                                                  
 dropout (Dropout)           (None, 124)                  0         ['activation_4[0][0]']        
                                                                                                  
 dense_1 (Dense)             (None, 52)                   6500      ['dropout[0][0]']             
                                                                                                  
 activation_5 (Activation)   (None, 52)                   0         ['dense_1[0][0]']             
                                                                                                  
 dropout_1 (Dropout)         (None, 52)                   0         ['activation_5[0][0]']        
                                                                                                  
 dense_2 (Dense)             (None, 24)                   1272      ['dropout_1[0][0]']           
                                                                                                  
 activation_6 (Activation)   (None, 24)                   0         ['dense_2[0][0]']             
                                                                                                  
 dropout_2 (Dropout)         (None, 24)                   0         ['activation_6[0][0]']        
                                                                                                  
 dense_3 (Dense)             (None, 108)                  2700      ['dropout_2[0][0]']           
                                                                                                  
 activation_7 (Activation)   (None, 108)                  0         ['dense_3[0][0]']             
                                                                                                  
 dropout_3 (Dropout)         (None, 108)                  0         ['activation_7[0][0]']        
                                                                                                  
 dense_4 (Dense)             (None, 20)                   2180      ['dropout_3[0][0]']           
                                                                                                  
 activation_8 (Activation)   (None, 20)                   0         ['dense_4[0][0]']             
                                                                                                  
 dropout_4 (Dropout)         (None, 20)                   0         ['activation_8[0][0]']        
                                                                                                  
 dense_5 (Dense)             (None, 24)                   504       ['dropout_4[0][0]']           
                                                                                                  
 activation_9 (Activation)   (None, 24)                   0         ['dense_5[0][0]']             
                                                                                                  
 dropout_5 (Dropout)         (None, 24)                   0         ['activation_9[0][0]']        
                                                                                                  
 dense_6 (Dense)             (None, 128)                  3200      ['dropout_5[0][0]']           
                                                                                                  
 activation_10 (Activation)  (None, 128)                  0         ['dense_6[0][0]']             
                                                                                                  
 dropout_6 (Dropout)         (None, 128)                  0         ['activation_10[0][0]']       
                                                                                                  
 dense_7 (Dense)             (None, 124)                  15996     ['dropout_6[0][0]']           
                                                                                                  
 activation_11 (Activation)  (None, 124)                  0         ['dense_7[0][0]']             
                                                                                                  
 dropout_7 (Dropout)         (None, 124)                  0         ['activation_11[0][0]']       
                                                                                                  
 dense_8 (Dense)             (None, 100)                  12500     ['dropout_7[0][0]']           
                                                                                                  
 activation_12 (Activation)  (None, 100)                  0         ['dense_8[0][0]']             
                                                                                                  
 dropout_8 (Dropout)         (None, 100)                  0         ['activation_12[0][0]']       
                                                                                                  
 dense_9 (Dense)             (None, 100)                  10100     ['dropout_8[0][0]']           
                                                                                                  
==================================================================================================
Total params: 291736 (1.11 MB)
Trainable params: 291736 (1.11 MB)
Non-trainable params: 0 (0.00 Byte)
__________________________________________________________________________________________________
Epoch 1/100
782/782 - 7s - loss: 4.6053 - accuracy: 0.0104 - val_loss: 4.6051 - val_accuracy: 0.0102 - 7s/epoch - 8ms/step
Epoch 2/100
782/782 - 4s - loss: 4.6052 - accuracy: 0.0099 - val_loss: 4.6051 - val_accuracy: 0.0100 - 4s/epoch - 5ms/step
Epoch 3/100
782/782 - 4s - loss: 4.6053 - accuracy: 0.0108 - val_loss: 4.6051 - val_accuracy: 0.0102 - 4s/epoch - 5ms/step
Epoch 4/100
782/782 - 4s - loss: 4.6051 - accuracy: 0.0101 - val_loss: 4.6051 - val_accuracy: 0.0099 - 4s/epoch - 5ms/step
Epoch 5/100
782/782 - 4s - loss: 4.6051 - accuracy: 0.0102 - val_loss: 4.6051 - val_accuracy: 0.0098 - 4s/epoch - 5ms/step
Epoch 6/100
782/782 - 4s - loss: 4.6050 - accuracy: 0.0101 - val_loss: 4.6051 - val_accuracy: 0.0101 - 4s/epoch - 5ms/step
Epoch 7/100
782/782 - 4s - loss: 4.6051 - accuracy: 0.0101 - val_loss: 4.6051 - val_accuracy: 0.0095 - 4s/epoch - 5ms/step
Epoch 8/100
782/782 - 4s - loss: 4.6050 - accuracy: 0.0102 - val_loss: 4.6051 - val_accuracy: 0.0096 - 4s/epoch - 5ms/step
Epoch 9/100
782/782 - 4s - loss: 4.6052 - accuracy: 0.0099 - val_loss: 4.6051 - val_accuracy: 0.0098 - 4s/epoch - 5ms/step
Epoch 10/100
782/782 - 4s - loss: 4.6052 - accuracy: 0.0091 - val_loss: 4.6050 - val_accuracy: 0.0096 - 4s/epoch - 5ms/step
Epoch 11/100
782/782 - 4s - loss: 4.6051 - accuracy: 0.0103 - val_loss: 4.6050 - val_accuracy: 0.0098 - 4s/epoch - 5ms/step
Epoch 12/100
782/782 - 4s - loss: 4.6049 - accuracy: 0.0102 - val_loss: 4.6050 - val_accuracy: 0.0091 - 4s/epoch - 5ms/step
Epoch 13/100
782/782 - 4s - loss: 4.6051 - accuracy: 0.0102 - val_loss: 4.6050 - val_accuracy: 0.0091 - 4s/epoch - 5ms/step
Epoch 14/100
782/782 - 4s - loss: 4.6051 - accuracy: 0.0104 - val_loss: 4.6050 - val_accuracy: 0.0093 - 4s/epoch - 5ms/step
Epoch 15/100
782/782 - 4s - loss: 4.6051 - accuracy: 0.0101 - val_loss: 4.6050 - val_accuracy: 0.0094 - 4s/epoch - 5ms/step
Epoch 16/100
782/782 - 4s - loss: 4.6050 - accuracy: 0.0092 - val_loss: 4.6050 - val_accuracy: 0.0093 - 4s/epoch - 5ms/step
Epoch 17/100
782/782 - 4s - loss: 4.6050 - accuracy: 0.0104 - val_loss: 4.6050 - val_accuracy: 0.0095 - 4s/epoch - 5ms/step
Epoch 18/100
782/782 - 4s - loss: 4.6051 - accuracy: 0.0107 - val_loss: 4.6050 - val_accuracy: 0.0095 - 4s/epoch - 5ms/step
Epoch 19/100
782/782 - 4s - loss: 4.6049 - accuracy: 0.0101 - val_loss: 4.6050 - val_accuracy: 0.0095 - 4s/epoch - 5ms/step
Epoch 20/100
782/782 - 4s - loss: 4.6050 - accuracy: 0.0105 - val_loss: 4.6050 - val_accuracy: 0.0096 - 4s/epoch - 5ms/step
Epoch 21/100
782/782 - 4s - loss: 4.6051 - accuracy: 0.0100 - val_loss: 4.6050 - val_accuracy: 0.0097 - 4s/epoch - 5ms/step
Epoch 22/100
782/782 - 3s - loss: 4.6049 - accuracy: 0.0105 - val_loss: 4.6050 - val_accuracy: 0.0096 - 3s/epoch - 4ms/step
Epoch 23/100
782/782 - 3s - loss: 4.6050 - accuracy: 0.0101 - val_loss: 4.6050 - val_accuracy: 0.0101 - 3s/epoch - 4ms/step
Epoch 24/100
782/782 - 3s - loss: 4.6051 - accuracy: 0.0100 - val_loss: 4.6050 - val_accuracy: 0.0102 - 3s/epoch - 4ms/step
Epoch 25/100
782/782 - 4s - loss: 4.6050 - accuracy: 0.0101 - val_loss: 4.6050 - val_accuracy: 0.0105 - 4s/epoch - 5ms/step
Epoch 26/100
782/782 - 4s - loss: 4.6050 - accuracy: 0.0092 - val_loss: 4.6049 - val_accuracy: 0.0106 - 4s/epoch - 5ms/step
Epoch 27/100
782/782 - 4s - loss: 4.6050 - accuracy: 0.0098 - val_loss: 4.6049 - val_accuracy: 0.0107 - 4s/epoch - 5ms/step
Epoch 28/100
782/782 - 4s - loss: 4.6050 - accuracy: 0.0100 - val_loss: 4.6049 - val_accuracy: 0.0103 - 4s/epoch - 5ms/step
Epoch 29/100
782/782 - 4s - loss: 4.6049 - accuracy: 0.0092 - val_loss: 4.6049 - val_accuracy: 0.0108 - 4s/epoch - 5ms/step
Epoch 30/100
782/782 - 4s - loss: 4.6049 - accuracy: 0.0105 - val_loss: 4.6049 - val_accuracy: 0.0108 - 4s/epoch - 5ms/step
Epoch 31/100
Restoring model weights from the end of the best epoch: 1.
782/782 - 4s - loss: 4.6049 - accuracy: 0.0104 - val_loss: 4.6049 - val_accuracy: 0.0105 - 4s/epoch - 5ms/step
Epoch 31: early stopping
313/313 - 1s - loss: 4.6051 - accuracy: 0.0102 - 612ms/epoch - 2ms/step

ACCURACY: 0.010200000368058681


SCORE: -0.28257982425764105

[92m | MODULE VALUES ---------------------------------------------  |
 [0m
FLOPS: 12280088
PARAMS: 291736.0
[92m 
 | -----------------------------------------------------------  |
 [0m

--- BANANAS ITERATION 13 / 1000 ---
Chosen point: {'num_neurons': 4, 'unit_c1': 2, 'unit_c2': 3, 'dr_f': 0.35559937853062495, 'learning_rate': 0.000979532997389886, 'batch_size': 64, 'optimizer': 'SGD', 'activation': 'elu', 'data_augmentation': False, 'reg_l2': False, 'skip_connection': True, 'new_fc_1': 32, 'new_fc_2': 13, 'new_fc_3': 32, 'new_fc_4': 22, 'new_fc_5': 23, 'new_fc_6': 20, 'new_fc_7': 23, 'new_fc_8': 30, 'new_fc_9': 23, 'new_fc_10': 26}
[94m
|  --> START TRAINING ITERATION 12[0m
[INFO] Flags -> DA: False, L2: False, Skip: True
Building model with input_shape=(32, 32, 3), pos_input_shape=None, layer_x_block=2
Model: "model"
__________________________________________________________________________________________________
 Layer (type)                Output Shape                 Param #   Connected to                  
==================================================================================================
 input_1 (InputLayer)        [(None, 32, 32, 3)]          0         []                            
                                                                                                  
 conv2d (Conv2D)             (None, 32, 32, 8)            224       ['input_1[0][0]']             
                                                                                                  
 activation (Activation)     (None, 32, 32, 8)            0         ['conv2d[0][0]']              
                                                                                                  
 conv2d_2 (Conv2D)           (None, 32, 32, 8)            32        ['input_1[0][0]']             
                                                                                                  
 conv2d_1 (Conv2D)           (None, 32, 32, 8)            584       ['activation[0][0]']          
                                                                                                  
 add (Add)                   (None, 32, 32, 8)            0         ['conv2d_2[0][0]',            
                                                                     'conv2d_1[0][0]']            
                                                                                                  
 activation_1 (Activation)   (None, 32, 32, 8)            0         ['add[0][0]']                 
                                                                                                  
 max_pooling2d (MaxPooling2  (None, 16, 16, 8)            0         ['activation_1[0][0]']        
 D)                                                                                               
                                                                                                  
 conv2d_3 (Conv2D)           (None, 16, 16, 12)           876       ['max_pooling2d[0][0]']       
                                                                                                  
 activation_2 (Activation)   (None, 16, 16, 12)           0         ['conv2d_3[0][0]']            
                                                                                                  
 conv2d_5 (Conv2D)           (None, 16, 16, 12)           108       ['max_pooling2d[0][0]']       
                                                                                                  
 conv2d_4 (Conv2D)           (None, 16, 16, 12)           1308      ['activation_2[0][0]']        
                                                                                                  
 add_1 (Add)                 (None, 16, 16, 12)           0         ['conv2d_5[0][0]',            
                                                                     'conv2d_4[0][0]']            
                                                                                                  
 activation_3 (Activation)   (None, 16, 16, 12)           0         ['add_1[0][0]']               
                                                                                                  
 max_pooling2d_1 (MaxPoolin  (None, 8, 8, 12)             0         ['activation_3[0][0]']        
 g2D)                                                                                             
                                                                                                  
 flatten (Flatten)           (None, 768)                  0         ['max_pooling2d_1[0][0]']     
                                                                                                  
 dense (Dense)               (None, 128)                  98432     ['flatten[0][0]']             
                                                                                                  
 activation_4 (Activation)   (None, 128)                  0         ['dense[0][0]']               
                                                                                                  
 dropout (Dropout)           (None, 128)                  0         ['activation_4[0][0]']        
                                                                                                  
 dense_1 (Dense)             (None, 52)                   6708      ['dropout[0][0]']             
                                                                                                  
 activation_5 (Activation)   (None, 52)                   0         ['dense_1[0][0]']             
                                                                                                  
 dropout_1 (Dropout)         (None, 52)                   0         ['activation_5[0][0]']        
                                                                                                  
 dense_2 (Dense)             (None, 128)                  6784      ['dropout_1[0][0]']           
                                                                                                  
 activation_6 (Activation)   (None, 128)                  0         ['dense_2[0][0]']             
                                                                                                  
 dropout_2 (Dropout)         (None, 128)                  0         ['activation_6[0][0]']        
                                                                                                  
 dense_3 (Dense)             (None, 88)                   11352     ['dropout_2[0][0]']           
                                                                                                  
 activation_7 (Activation)   (None, 88)                   0         ['dense_3[0][0]']             
                                                                                                  
 dropout_3 (Dropout)         (None, 88)                   0         ['activation_7[0][0]']        
                                                                                                  
 dense_4 (Dense)             (None, 92)                   8188      ['dropout_3[0][0]']           
                                                                                                  
 activation_8 (Activation)   (None, 92)                   0         ['dense_4[0][0]']             
                                                                                                  
 dropout_4 (Dropout)         (None, 92)                   0         ['activation_8[0][0]']        
                                                                                                  
 dense_5 (Dense)             (None, 80)                   7440      ['dropout_4[0][0]']           
                                                                                                  
 activation_9 (Activation)   (None, 80)                   0         ['dense_5[0][0]']             
                                                                                                  
 dropout_5 (Dropout)         (None, 80)                   0         ['activation_9[0][0]']        
                                                                                                  
 dense_6 (Dense)             (None, 92)                   7452      ['dropout_5[0][0]']           
                                                                                                  
 activation_10 (Activation)  (None, 92)                   0         ['dense_6[0][0]']             
                                                                                                  
 dropout_6 (Dropout)         (None, 92)                   0         ['activation_10[0][0]']       
                                                                                                  
 dense_7 (Dense)             (None, 120)                  11160     ['dropout_6[0][0]']           
                                                                                                  
 activation_11 (Activation)  (None, 120)                  0         ['dense_7[0][0]']             
                                                                                                  
 dropout_7 (Dropout)         (None, 120)                  0         ['activation_11[0][0]']       
                                                                                                  
 dense_8 (Dense)             (None, 92)                   11132     ['dropout_7[0][0]']           
                                                                                                  
 activation_12 (Activation)  (None, 92)                   0         ['dense_8[0][0]']             
                                                                                                  
 dropout_8 (Dropout)         (None, 92)                   0         ['activation_12[0][0]']       
                                                                                                  
 dense_9 (Dense)             (None, 104)                  9672      ['dropout_8[0][0]']           
                                                                                                  
 activation_13 (Activation)  (None, 104)                  0         ['dense_9[0][0]']             
                                                                                                  
 dropout_9 (Dropout)         (None, 104)                  0         ['activation_13[0][0]']       
                                                                                                  
 dense_10 (Dense)            (None, 100)                  10500     ['dropout_9[0][0]']           
                                                                                                  
==================================================================================================
Total params: 191952 (749.81 KB)
Trainable params: 191952 (749.81 KB)
Non-trainable params: 0 (0.00 Byte)
__________________________________________________________________________________________________
Epoch 1/100
782/782 - 6s - loss: 4.7610 - accuracy: 0.0096 - val_loss: 4.6062 - val_accuracy: 0.0100 - 6s/epoch - 8ms/step
Epoch 2/100
782/782 - 3s - loss: 4.6933 - accuracy: 0.0104 - val_loss: 4.6025 - val_accuracy: 0.0113 - 3s/epoch - 4ms/step
Epoch 3/100
782/782 - 3s - loss: 4.6802 - accuracy: 0.0100 - val_loss: 4.6008 - val_accuracy: 0.0119 - 3s/epoch - 4ms/step
Epoch 4/100
782/782 - 3s - loss: 4.6666 - accuracy: 0.0097 - val_loss: 4.5989 - val_accuracy: 0.0131 - 3s/epoch - 4ms/step
Epoch 5/100
782/782 - 3s - loss: 4.6611 - accuracy: 0.0104 - val_loss: 4.5979 - val_accuracy: 0.0133 - 3s/epoch - 4ms/step
Epoch 6/100
782/782 - 3s - loss: 4.6556 - accuracy: 0.0096 - val_loss: 4.5975 - val_accuracy: 0.0147 - 3s/epoch - 4ms/step
Epoch 7/100
782/782 - 3s - loss: 4.6483 - accuracy: 0.0105 - val_loss: 4.5963 - val_accuracy: 0.0154 - 3s/epoch - 4ms/step
Epoch 8/100
782/782 - 3s - loss: 4.6467 - accuracy: 0.0110 - val_loss: 4.5950 - val_accuracy: 0.0136 - 3s/epoch - 4ms/step
Epoch 9/100
782/782 - 3s - loss: 4.6415 - accuracy: 0.0107 - val_loss: 4.5937 - val_accuracy: 0.0125 - 3s/epoch - 4ms/step
Epoch 10/100
782/782 - 3s - loss: 4.6377 - accuracy: 0.0113 - val_loss: 4.5927 - val_accuracy: 0.0147 - 3s/epoch - 4ms/step
Epoch 11/100
782/782 - 3s - loss: 4.6363 - accuracy: 0.0105 - val_loss: 4.5925 - val_accuracy: 0.0157 - 3s/epoch - 4ms/step
Epoch 12/100
782/782 - 3s - loss: 4.6330 - accuracy: 0.0115 - val_loss: 4.5916 - val_accuracy: 0.0163 - 3s/epoch - 4ms/step
Epoch 13/100
782/782 - 3s - loss: 4.6319 - accuracy: 0.0104 - val_loss: 4.5906 - val_accuracy: 0.0168 - 3s/epoch - 4ms/step
Epoch 14/100
782/782 - 3s - loss: 4.6295 - accuracy: 0.0105 - val_loss: 4.5896 - val_accuracy: 0.0205 - 3s/epoch - 4ms/step
Epoch 15/100
782/782 - 3s - loss: 4.6230 - accuracy: 0.0116 - val_loss: 4.5875 - val_accuracy: 0.0160 - 3s/epoch - 4ms/step
Epoch 16/100
782/782 - 3s - loss: 4.6247 - accuracy: 0.0116 - val_loss: 4.5859 - val_accuracy: 0.0190 - 3s/epoch - 4ms/step
Epoch 17/100
782/782 - 3s - loss: 4.6231 - accuracy: 0.0114 - val_loss: 4.5844 - val_accuracy: 0.0193 - 3s/epoch - 4ms/step
Epoch 18/100
782/782 - 3s - loss: 4.6205 - accuracy: 0.0116 - val_loss: 4.5821 - val_accuracy: 0.0202 - 3s/epoch - 4ms/step
Epoch 19/100
782/782 - 3s - loss: 4.6179 - accuracy: 0.0110 - val_loss: 4.5797 - val_accuracy: 0.0199 - 3s/epoch - 4ms/step
Epoch 20/100
782/782 - 3s - loss: 4.6171 - accuracy: 0.0115 - val_loss: 4.5771 - val_accuracy: 0.0222 - 3s/epoch - 4ms/step
Epoch 21/100
782/782 - 3s - loss: 4.6154 - accuracy: 0.0123 - val_loss: 4.5734 - val_accuracy: 0.0200 - 3s/epoch - 4ms/step
Epoch 22/100
782/782 - 3s - loss: 4.6104 - accuracy: 0.0125 - val_loss: 4.5694 - val_accuracy: 0.0239 - 3s/epoch - 4ms/step
Epoch 23/100
782/782 - 3s - loss: 4.6088 - accuracy: 0.0128 - val_loss: 4.5646 - val_accuracy: 0.0245 - 3s/epoch - 4ms/step
Epoch 24/100
782/782 - 3s - loss: 4.6045 - accuracy: 0.0132 - val_loss: 4.5588 - val_accuracy: 0.0241 - 3s/epoch - 4ms/step
Epoch 25/100
782/782 - 3s - loss: 4.6010 - accuracy: 0.0138 - val_loss: 4.5517 - val_accuracy: 0.0265 - 3s/epoch - 4ms/step
Epoch 26/100
782/782 - 3s - loss: 4.5950 - accuracy: 0.0136 - val_loss: 4.5444 - val_accuracy: 0.0262 - 3s/epoch - 4ms/step
Epoch 27/100
782/782 - 3s - loss: 4.5895 - accuracy: 0.0144 - val_loss: 4.5322 - val_accuracy: 0.0261 - 3s/epoch - 4ms/step
Epoch 28/100
782/782 - 3s - loss: 4.5826 - accuracy: 0.0152 - val_loss: 4.5214 - val_accuracy: 0.0249 - 3s/epoch - 4ms/step
Epoch 29/100
782/782 - 3s - loss: 4.5762 - accuracy: 0.0149 - val_loss: 4.5084 - val_accuracy: 0.0233 - 3s/epoch - 4ms/step
Epoch 30/100
782/782 - 3s - loss: 4.5670 - accuracy: 0.0166 - val_loss: 4.4960 - val_accuracy: 0.0224 - 3s/epoch - 4ms/step
Epoch 31/100
782/782 - 3s - loss: 4.5622 - accuracy: 0.0158 - val_loss: 4.4838 - val_accuracy: 0.0229 - 3s/epoch - 4ms/step
Epoch 32/100
782/782 - 3s - loss: 4.5492 - accuracy: 0.0182 - val_loss: 4.4697 - val_accuracy: 0.0224 - 3s/epoch - 4ms/step
Epoch 33/100
782/782 - 3s - loss: 4.5434 - accuracy: 0.0183 - val_loss: 4.4586 - val_accuracy: 0.0215 - 3s/epoch - 4ms/step
Epoch 34/100
782/782 - 3s - loss: 4.5370 - accuracy: 0.0179 - val_loss: 4.4452 - val_accuracy: 0.0224 - 3s/epoch - 4ms/step
Epoch 35/100
782/782 - 3s - loss: 4.5312 - accuracy: 0.0191 - val_loss: 4.4366 - val_accuracy: 0.0218 - 3s/epoch - 4ms/step
Epoch 36/100
782/782 - 3s - loss: 4.5212 - accuracy: 0.0200 - val_loss: 4.4245 - val_accuracy: 0.0223 - 3s/epoch - 4ms/step
Epoch 37/100
782/782 - 3s - loss: 4.5143 - accuracy: 0.0186 - val_loss: 4.4181 - val_accuracy: 0.0223 - 3s/epoch - 4ms/step
Epoch 38/100
782/782 - 3s - loss: 4.5060 - accuracy: 0.0202 - val_loss: 4.4153 - val_accuracy: 0.0236 - 3s/epoch - 4ms/step
Epoch 39/100
782/782 - 3s - loss: 4.4998 - accuracy: 0.0193 - val_loss: 4.4061 - val_accuracy: 0.0239 - 3s/epoch - 4ms/step
Epoch 40/100
782/782 - 3s - loss: 4.4941 - accuracy: 0.0201 - val_loss: 4.3928 - val_accuracy: 0.0239 - 3s/epoch - 4ms/step
Epoch 41/100
782/782 - 3s - loss: 4.4877 - accuracy: 0.0213 - val_loss: 4.3935 - val_accuracy: 0.0245 - 3s/epoch - 4ms/step
Epoch 42/100
782/782 - 3s - loss: 4.4812 - accuracy: 0.0210 - val_loss: 4.3820 - val_accuracy: 0.0258 - 3s/epoch - 4ms/step
Epoch 43/100
782/782 - 3s - loss: 4.4775 - accuracy: 0.0211 - val_loss: 4.3740 - val_accuracy: 0.0262 - 3s/epoch - 4ms/step
Epoch 44/100
782/782 - 3s - loss: 4.4685 - accuracy: 0.0219 - val_loss: 4.3696 - val_accuracy: 0.0260 - 3s/epoch - 4ms/step
Epoch 45/100
782/782 - 3s - loss: 4.4669 - accuracy: 0.0222 - val_loss: 4.3651 - val_accuracy: 0.0250 - 3s/epoch - 4ms/step
Epoch 46/100
782/782 - 3s - loss: 4.4597 - accuracy: 0.0209 - val_loss: 4.3600 - val_accuracy: 0.0254 - 3s/epoch - 4ms/step
Epoch 47/100
782/782 - 3s - loss: 4.4584 - accuracy: 0.0217 - val_loss: 4.3560 - val_accuracy: 0.0246 - 3s/epoch - 4ms/step
Epoch 48/100
782/782 - 3s - loss: 4.4518 - accuracy: 0.0217 - val_loss: 4.3529 - val_accuracy: 0.0240 - 3s/epoch - 4ms/step
Epoch 49/100
782/782 - 3s - loss: 4.4483 - accuracy: 0.0214 - val_loss: 4.3461 - val_accuracy: 0.0243 - 3s/epoch - 4ms/step
Epoch 50/100
782/782 - 3s - loss: 4.4453 - accuracy: 0.0215 - val_loss: 4.3430 - val_accuracy: 0.0246 - 3s/epoch - 4ms/step
Epoch 51/100
782/782 - 3s - loss: 4.4403 - accuracy: 0.0226 - val_loss: 4.3392 - val_accuracy: 0.0238 - 3s/epoch - 4ms/step
Epoch 52/100
782/782 - 3s - loss: 4.4315 - accuracy: 0.0225 - val_loss: 4.3337 - val_accuracy: 0.0246 - 3s/epoch - 4ms/step
Epoch 53/100
782/782 - 3s - loss: 4.4308 - accuracy: 0.0219 - val_loss: 4.3290 - val_accuracy: 0.0253 - 3s/epoch - 4ms/step
Epoch 54/100
782/782 - 3s - loss: 4.4277 - accuracy: 0.0233 - val_loss: 4.3373 - val_accuracy: 0.0238 - 3s/epoch - 4ms/step
Epoch 55/100
Restoring model weights from the end of the best epoch: 25.
782/782 - 3s - loss: 4.4255 - accuracy: 0.0210 - val_loss: 4.3224 - val_accuracy: 0.0237 - 3s/epoch - 4ms/step
Epoch 55: early stopping
313/313 - 1s - loss: 4.5517 - accuracy: 0.0265 - 537ms/epoch - 2ms/step

ACCURACY: 0.026499999687075615


SCORE: -0.3120307517809529

[92m | MODULE VALUES ---------------------------------------------  |
 [0m
FLOPS: 3259624
PARAMS: 191952.0
[92m 
 | -----------------------------------------------------------  |
 [0m

--- BANANAS ITERATION 14 / 1000 ---
Chosen point: {'num_neurons': 4, 'unit_c1': 4, 'unit_c2': 8, 'dr_f': 0.48579018896963666, 'learning_rate': 0.0007526674433580843, 'batch_size': 64, 'optimizer': 'Adam', 'activation': 'elu', 'data_augmentation': True, 'reg_l2': False, 'skip_connection': True, 'new_fc_1': 6, 'new_fc_2': 11, 'new_fc_3': 16, 'new_fc_4': 12, 'new_fc_5': 10, 'new_fc_6': 10, 'new_fc_7': 1, 'new_fc_8': 12, 'new_fc_9': 10, 'new_fc_10': 3}
[94m
|  --> START TRAINING ITERATION 13[0m
[INFO] Flags -> DA: True, L2: False, Skip: True
Building model with input_shape=(32, 32, 3), pos_input_shape=None, layer_x_block=2
Model: "model"
__________________________________________________________________________________________________
 Layer (type)                Output Shape                 Param #   Connected to                  
==================================================================================================
 input_2 (InputLayer)        [(None, 32, 32, 3)]          0         []                            
                                                                                                  
 conv2d (Conv2D)             (None, 32, 32, 16)           448       ['input_2[0][0]']             
                                                                                                  
 activation (Activation)     (None, 32, 32, 16)           0         ['conv2d[1][0]']              
                                                                                                  
 conv2d_2 (Conv2D)           (None, 32, 32, 16)           64        ['input_2[0][0]']             
                                                                                                  
 conv2d_1 (Conv2D)           (None, 32, 32, 16)           2320      ['activation[1][0]']          
                                                                                                  
 add (Add)                   (None, 32, 32, 16)           0         ['conv2d_2[1][0]',            
                                                                     'conv2d_1[1][0]']            
                                                                                                  
 activation_1 (Activation)   (None, 32, 32, 16)           0         ['add[1][0]']                 
                                                                                                  
 max_pooling2d (MaxPooling2  (None, 16, 16, 16)           0         ['activation_1[1][0]']        
 D)                                                                                               
                                                                                                  
 conv2d_3 (Conv2D)           (None, 16, 16, 32)           4640      ['max_pooling2d[1][0]']       
                                                                                                  
 activation_2 (Activation)   (None, 16, 16, 32)           0         ['conv2d_3[1][0]']            
                                                                                                  
 conv2d_5 (Conv2D)           (None, 16, 16, 32)           544       ['max_pooling2d[1][0]']       
                                                                                                  
 conv2d_4 (Conv2D)           (None, 16, 16, 32)           9248      ['activation_2[1][0]']        
                                                                                                  
 add_1 (Add)                 (None, 16, 16, 32)           0         ['conv2d_5[1][0]',            
                                                                     'conv2d_4[1][0]']            
                                                                                                  
 activation_3 (Activation)   (None, 16, 16, 32)           0         ['add_1[1][0]']               
                                                                                                  
 max_pooling2d_1 (MaxPoolin  (None, 8, 8, 32)             0         ['activation_3[1][0]']        
 g2D)                                                                                             
                                                                                                  
 flatten (Flatten)           (None, 2048)                 0         ['max_pooling2d_1[1][0]']     
                                                                                                  
 dense (Dense)               (None, 24)                   49176     ['flatten[1][0]']             
                                                                                                  
 activation_4 (Activation)   (None, 24)                   0         ['dense[1][0]']               
                                                                                                  
 dropout (Dropout)           (None, 24)                   0         ['activation_4[1][0]']        
                                                                                                  
 dense_1 (Dense)             (None, 44)                   1100      ['dropout[1][0]']             
                                                                                                  
 activation_5 (Activation)   (None, 44)                   0         ['dense_1[1][0]']             
                                                                                                  
 dropout_1 (Dropout)         (None, 44)                   0         ['activation_5[1][0]']        
                                                                                                  
 dense_2 (Dense)             (None, 64)                   2880      ['dropout_1[1][0]']           
                                                                                                  
 activation_6 (Activation)   (None, 64)                   0         ['dense_2[1][0]']             
                                                                                                  
 dropout_2 (Dropout)         (None, 64)                   0         ['activation_6[1][0]']        
                                                                                                  
 dense_3 (Dense)             (None, 48)                   3120      ['dropout_2[1][0]']           
                                                                                                  
 activation_7 (Activation)   (None, 48)                   0         ['dense_3[1][0]']             
                                                                                                  
 dropout_3 (Dropout)         (None, 48)                   0         ['activation_7[1][0]']        
                                                                                                  
 dense_4 (Dense)             (None, 40)                   1960      ['dropout_3[1][0]']           
                                                                                                  
 activation_8 (Activation)   (None, 40)                   0         ['dense_4[1][0]']             
                                                                                                  
 dropout_4 (Dropout)         (None, 40)                   0         ['activation_8[1][0]']        
                                                                                                  
 dense_5 (Dense)             (None, 40)                   1640      ['dropout_4[1][0]']           
                                                                                                  
 activation_9 (Activation)   (None, 40)                   0         ['dense_5[1][0]']             
                                                                                                  
 dropout_5 (Dropout)         (None, 40)                   0         ['activation_9[1][0]']        
                                                                                                  
 dense_6 (Dense)             (None, 4)                    164       ['dropout_5[1][0]']           
                                                                                                  
 activation_10 (Activation)  (None, 4)                    0         ['dense_6[1][0]']             
                                                                                                  
 dropout_6 (Dropout)         (None, 4)                    0         ['activation_10[1][0]']       
                                                                                                  
 dense_7 (Dense)             (None, 48)                   240       ['dropout_6[1][0]']           
                                                                                                  
 activation_11 (Activation)  (None, 48)                   0         ['dense_7[1][0]']             
                                                                                                  
 dropout_7 (Dropout)         (None, 48)                   0         ['activation_11[1][0]']       
                                                                                                  
 dense_8 (Dense)             (None, 40)                   1960      ['dropout_7[1][0]']           
                                                                                                  
 activation_12 (Activation)  (None, 40)                   0         ['dense_8[1][0]']             
                                                                                                  
 dropout_8 (Dropout)         (None, 40)                   0         ['activation_12[1][0]']       
                                                                                                  
 dense_9 (Dense)             (None, 12)                   492       ['dropout_8[1][0]']           
                                                                                                  
 activation_13 (Activation)  (None, 12)                   0         ['dense_9[1][0]']             
                                                                                                  
 dropout_9 (Dropout)         (None, 12)                   0         ['activation_13[1][0]']       
                                                                                                  
 dense_10 (Dense)            (None, 100)                  1300      ['dropout_9[1][0]']           
                                                                                                  
==================================================================================================
Total params: 81296 (317.56 KB)
Trainable params: 81296 (317.56 KB)
Non-trainable params: 0 (0.00 Byte)
__________________________________________________________________________________________________
Epoch 1/100
782/782 - 6s - loss: 4.6320 - accuracy: 0.0102 - val_loss: 4.6056 - val_accuracy: 0.0048 - 6s/epoch - 8ms/step
Epoch 2/100
782/782 - 4s - loss: 4.6127 - accuracy: 0.0097 - val_loss: 4.6052 - val_accuracy: 0.0100 - 4s/epoch - 5ms/step
Epoch 3/100
782/782 - 4s - loss: 4.6096 - accuracy: 0.0093 - val_loss: 4.6052 - val_accuracy: 0.0089 - 4s/epoch - 5ms/step
Epoch 4/100
782/782 - 4s - loss: 4.6077 - accuracy: 0.0095 - val_loss: 4.6052 - val_accuracy: 0.0100 - 4s/epoch - 5ms/step
Epoch 5/100
782/782 - 4s - loss: 4.6072 - accuracy: 0.0096 - val_loss: 4.6053 - val_accuracy: 0.0100 - 4s/epoch - 5ms/step
Epoch 6/100
782/782 - 4s - loss: 4.6069 - accuracy: 0.0105 - val_loss: 4.6052 - val_accuracy: 0.0100 - 4s/epoch - 5ms/step
Epoch 7/100
782/782 - 4s - loss: 4.6065 - accuracy: 0.0097 - val_loss: 4.6052 - val_accuracy: 0.0102 - 4s/epoch - 5ms/step
Epoch 8/100
782/782 - 4s - loss: 4.6066 - accuracy: 0.0093 - val_loss: 4.6051 - val_accuracy: 0.0100 - 4s/epoch - 5ms/step
Epoch 9/100
782/782 - 4s - loss: 4.6068 - accuracy: 0.0101 - val_loss: 4.6051 - val_accuracy: 0.0107 - 4s/epoch - 5ms/step
Epoch 10/100
782/782 - 4s - loss: 4.6062 - accuracy: 0.0099 - val_loss: 4.6036 - val_accuracy: 0.0118 - 4s/epoch - 5ms/step
Epoch 11/100
782/782 - 4s - loss: 4.6065 - accuracy: 0.0103 - val_loss: 4.6049 - val_accuracy: 0.0117 - 4s/epoch - 5ms/step
Epoch 12/100
782/782 - 4s - loss: 4.6039 - accuracy: 0.0107 - val_loss: 4.5829 - val_accuracy: 0.0171 - 4s/epoch - 5ms/step
Epoch 13/100
782/782 - 4s - loss: 4.6064 - accuracy: 0.0103 - val_loss: 4.6053 - val_accuracy: 0.0100 - 4s/epoch - 5ms/step
Epoch 14/100
782/782 - 4s - loss: 4.6061 - accuracy: 0.0102 - val_loss: 4.6052 - val_accuracy: 0.0100 - 4s/epoch - 5ms/step
Epoch 15/100
782/782 - 4s - loss: 4.6059 - accuracy: 0.0097 - val_loss: 4.6052 - val_accuracy: 0.0100 - 4s/epoch - 5ms/step
Epoch 16/100
782/782 - 4s - loss: 4.6060 - accuracy: 0.0103 - val_loss: 4.6052 - val_accuracy: 0.0100 - 4s/epoch - 5ms/step
Epoch 17/100
782/782 - 4s - loss: 4.6059 - accuracy: 0.0099 - val_loss: 4.6052 - val_accuracy: 0.0100 - 4s/epoch - 5ms/step
Epoch 18/100
782/782 - 4s - loss: 4.6059 - accuracy: 0.0096 - val_loss: 4.6052 - val_accuracy: 0.0100 - 4s/epoch - 5ms/step
Epoch 19/100
782/782 - 4s - loss: 4.6060 - accuracy: 0.0093 - val_loss: 4.6052 - val_accuracy: 0.0100 - 4s/epoch - 5ms/step
Epoch 20/100
782/782 - 4s - loss: 4.6061 - accuracy: 0.0099 - val_loss: 4.6052 - val_accuracy: 0.0100 - 4s/epoch - 5ms/step
Epoch 21/100
782/782 - 4s - loss: 4.6061 - accuracy: 0.0091 - val_loss: 4.6052 - val_accuracy: 0.0100 - 4s/epoch - 5ms/step
Epoch 22/100
782/782 - 4s - loss: 4.6059 - accuracy: 0.0095 - val_loss: 4.6052 - val_accuracy: 0.0100 - 4s/epoch - 5ms/step
Epoch 23/100
782/782 - 4s - loss: 4.6058 - accuracy: 0.0099 - val_loss: 4.6052 - val_accuracy: 0.0100 - 4s/epoch - 5ms/step
Epoch 24/100
782/782 - 4s - loss: 4.6060 - accuracy: 0.0097 - val_loss: 4.6052 - val_accuracy: 0.0100 - 4s/epoch - 5ms/step
Epoch 25/100
782/782 - 4s - loss: 4.6059 - accuracy: 0.0089 - val_loss: 4.6052 - val_accuracy: 0.0100 - 4s/epoch - 5ms/step
Epoch 26/100
782/782 - 4s - loss: 4.6058 - accuracy: 0.0086 - val_loss: 4.6052 - val_accuracy: 0.0100 - 4s/epoch - 5ms/step
Epoch 27/100
782/782 - 4s - loss: 4.6060 - accuracy: 0.0092 - val_loss: 4.6052 - val_accuracy: 0.0100 - 4s/epoch - 5ms/step
Epoch 28/100
782/782 - 4s - loss: 4.6059 - accuracy: 0.0084 - val_loss: 4.6052 - val_accuracy: 0.0100 - 4s/epoch - 5ms/step
Epoch 29/100
782/782 - 4s - loss: 4.6059 - accuracy: 0.0093 - val_loss: 4.6052 - val_accuracy: 0.0100 - 4s/epoch - 5ms/step
Epoch 30/100
782/782 - 4s - loss: 4.6059 - accuracy: 0.0089 - val_loss: 4.6052 - val_accuracy: 0.0100 - 4s/epoch - 5ms/step
Epoch 31/100
782/782 - 4s - loss: 4.6060 - accuracy: 0.0096 - val_loss: 4.6052 - val_accuracy: 0.0100 - 4s/epoch - 5ms/step
Epoch 32/100
782/782 - 4s - loss: 4.6057 - accuracy: 0.0101 - val_loss: 4.6054 - val_accuracy: 0.0100 - 4s/epoch - 5ms/step
Epoch 33/100
782/782 - 4s - loss: 4.6058 - accuracy: 0.0094 - val_loss: 4.6052 - val_accuracy: 0.0100 - 4s/epoch - 5ms/step
Epoch 34/100
782/782 - 4s - loss: 4.6059 - accuracy: 0.0100 - val_loss: 4.6052 - val_accuracy: 0.0100 - 4s/epoch - 5ms/step
Epoch 35/100
782/782 - 4s - loss: 4.6058 - accuracy: 0.0101 - val_loss: 4.6052 - val_accuracy: 0.0100 - 4s/epoch - 5ms/step
Epoch 36/100
782/782 - 4s - loss: 4.6059 - accuracy: 0.0094 - val_loss: 4.6052 - val_accuracy: 0.0100 - 4s/epoch - 5ms/step
Epoch 37/100
782/782 - 4s - loss: 4.6059 - accuracy: 0.0095 - val_loss: 4.6052 - val_accuracy: 0.0100 - 4s/epoch - 5ms/step
Epoch 38/100
782/782 - 4s - loss: 4.6058 - accuracy: 0.0098 - val_loss: 4.6052 - val_accuracy: 0.0100 - 4s/epoch - 5ms/step
Epoch 39/100
782/782 - 4s - loss: 4.6059 - accuracy: 0.0091 - val_loss: 4.6052 - val_accuracy: 0.0100 - 4s/epoch - 5ms/step
Epoch 40/100
782/782 - 4s - loss: 4.6058 - accuracy: 0.0092 - val_loss: 4.6052 - val_accuracy: 0.0100 - 4s/epoch - 5ms/step
Epoch 41/100
782/782 - 4s - loss: 4.6058 - accuracy: 0.0091 - val_loss: 4.6052 - val_accuracy: 0.0100 - 4s/epoch - 5ms/step
Epoch 42/100
Restoring model weights from the end of the best epoch: 12.
782/782 - 4s - loss: 4.6058 - accuracy: 0.0091 - val_loss: 4.6052 - val_accuracy: 0.0100 - 4s/epoch - 5ms/step
Epoch 42: early stopping
313/313 - 0s - loss: 4.5829 - accuracy: 0.0171 - 463ms/epoch - 1ms/step

ACCURACY: 0.017100000753998756


SCORE: -0.28538471252779907

[92m | MODULE VALUES ---------------------------------------------  |
 [0m
FLOPS: 13292644
PARAMS: 81296.0
[92m 
 | -----------------------------------------------------------  |
 [0m

--- BANANAS ITERATION 15 / 1000 ---
Chosen point: {'num_neurons': 4, 'unit_c1': 4, 'unit_c2': 6, 'dr_f': 0.42048732285960555, 'learning_rate': 0.0008918492119312275, 'batch_size': 32, 'optimizer': 'Adamax', 'activation': 'swish', 'data_augmentation': True, 'reg_l2': False, 'skip_connection': False, 'new_fc_1': 31, 'new_fc_2': 5, 'new_fc_3': 11, 'new_fc_4': 7, 'new_fc_5': 4, 'new_fc_6': 32, 'new_fc_7': 22, 'new_fc_8': 23, 'new_fc_9': 10, 'new_fc_10': 0}
[94m
|  --> START TRAINING ITERATION 14[0m
[INFO] Flags -> DA: True, L2: False, Skip: False
Building model with input_shape=(32, 32, 3), pos_input_shape=None, layer_x_block=2
Model: "model"
_________________________________________________________________
 Layer (type)                Output Shape              Param #   
=================================================================
 input_2 (InputLayer)        [(None, 32, 32, 3)]       0         
                                                                 
 conv2d (Conv2D)             (None, 32, 32, 16)        448       
                                                                 
 activation (Activation)     (None, 32, 32, 16)        0         
                                                                 
 conv2d_1 (Conv2D)           (None, 32, 32, 16)        2320      
                                                                 
 activation_1 (Activation)   (None, 32, 32, 16)        0         
                                                                 
 max_pooling2d (MaxPooling2  (None, 16, 16, 16)        0         
 D)                                                              
                                                                 
 conv2d_2 (Conv2D)           (None, 16, 16, 24)        3480      
                                                                 
 activation_2 (Activation)   (None, 16, 16, 24)        0         
                                                                 
 conv2d_3 (Conv2D)           (None, 16, 16, 24)        5208      
                                                                 
 activation_3 (Activation)   (None, 16, 16, 24)        0         
                                                                 
 max_pooling2d_1 (MaxPoolin  (None, 8, 8, 24)          0         
 g2D)                                                            
                                                                 
 flatten (Flatten)           (None, 1536)              0         
                                                                 
 dense (Dense)               (None, 124)               190588    
                                                                 
 activation_4 (Activation)   (None, 124)               0         
                                                                 
 dropout (Dropout)           (None, 124)               0         
                                                                 
 dense_1 (Dense)             (None, 20)                2500      
                                                                 
 activation_5 (Activation)   (None, 20)                0         
                                                                 
 dropout_1 (Dropout)         (None, 20)                0         
                                                                 
 dense_2 (Dense)             (None, 44)                924       
                                                                 
 activation_6 (Activation)   (None, 44)                0         
                                                                 
 dropout_2 (Dropout)         (None, 44)                0         
                                                                 
 dense_3 (Dense)             (None, 28)                1260      
                                                                 
 activation_7 (Activation)   (None, 28)                0         
                                                                 
 dropout_3 (Dropout)         (None, 28)                0         
                                                                 
 dense_4 (Dense)             (None, 16)                464       
                                                                 
 activation_8 (Activation)   (None, 16)                0         
                                                                 
 dropout_4 (Dropout)         (None, 16)                0         
                                                                 
 dense_5 (Dense)             (None, 128)               2176      
                                                                 
 activation_9 (Activation)   (None, 128)               0         
                                                                 
 dropout_5 (Dropout)         (None, 128)               0         
                                                                 
 dense_6 (Dense)             (None, 88)                11352     
                                                                 
 activation_10 (Activation)  (None, 88)                0         
                                                                 
 dropout_6 (Dropout)         (None, 88)                0         
                                                                 
 dense_7 (Dense)             (None, 92)                8188      
                                                                 
 activation_11 (Activation)  (None, 92)                0         
                                                                 
 dropout_7 (Dropout)         (None, 92)                0         
                                                                 
 dense_8 (Dense)             (None, 40)                3720      
                                                                 
 activation_12 (Activation)  (None, 40)                0         
                                                                 
 dropout_8 (Dropout)         (None, 40)                0         
                                                                 
 dense_9 (Dense)             (None, 100)               4100      
                                                                 
=================================================================
Total params: 236728 (924.72 KB)
Trainable params: 236728 (924.72 KB)
Non-trainable params: 0 (0.00 Byte)
_________________________________________________________________
Epoch 1/100
1563/1563 - 9s - loss: 4.6055 - accuracy: 0.0094 - val_loss: 4.6007 - val_accuracy: 0.0183 - 9s/epoch - 6ms/step
Epoch 2/100
1563/1563 - 6s - loss: 4.5655 - accuracy: 0.0179 - val_loss: 4.4513 - val_accuracy: 0.0171 - 6s/epoch - 4ms/step
Epoch 3/100
1563/1563 - 6s - loss: 4.4601 - accuracy: 0.0219 - val_loss: 4.3582 - val_accuracy: 0.0271 - 6s/epoch - 4ms/step
Epoch 4/100
1563/1563 - 6s - loss: 4.3888 - accuracy: 0.0243 - val_loss: 4.2990 - val_accuracy: 0.0290 - 6s/epoch - 4ms/step
Epoch 5/100
1563/1563 - 6s - loss: 4.3466 - accuracy: 0.0243 - val_loss: 4.2566 - val_accuracy: 0.0334 - 6s/epoch - 4ms/step
Epoch 6/100
1563/1563 - 6s - loss: 4.3099 - accuracy: 0.0271 - val_loss: 4.2199 - val_accuracy: 0.0396 - 6s/epoch - 4ms/step
Epoch 7/100
1563/1563 - 6s - loss: 4.2822 - accuracy: 0.0289 - val_loss: 4.2086 - val_accuracy: 0.0399 - 6s/epoch - 4ms/step
Epoch 8/100
1563/1563 - 6s - loss: 4.2637 - accuracy: 0.0291 - val_loss: 4.1706 - val_accuracy: 0.0391 - 6s/epoch - 4ms/step
Epoch 9/100
1563/1563 - 6s - loss: 4.2424 - accuracy: 0.0299 - val_loss: 4.1631 - val_accuracy: 0.0439 - 6s/epoch - 4ms/step
Epoch 10/100
1563/1563 - 6s - loss: 4.2266 - accuracy: 0.0310 - val_loss: 4.1459 - val_accuracy: 0.0436 - 6s/epoch - 4ms/step
Epoch 11/100
1563/1563 - 6s - loss: 4.2126 - accuracy: 0.0312 - val_loss: 4.1356 - val_accuracy: 0.0429 - 6s/epoch - 4ms/step
Epoch 12/100
1563/1563 - 6s - loss: 4.2032 - accuracy: 0.0324 - val_loss: 4.1343 - val_accuracy: 0.0411 - 6s/epoch - 4ms/step
Epoch 13/100
1563/1563 - 6s - loss: 4.1947 - accuracy: 0.0335 - val_loss: 4.1229 - val_accuracy: 0.0415 - 6s/epoch - 4ms/step
Epoch 14/100
1563/1563 - 6s - loss: 4.1839 - accuracy: 0.0330 - val_loss: 4.1449 - val_accuracy: 0.0393 - 6s/epoch - 4ms/step
Epoch 15/100
1563/1563 - 6s - loss: 4.1734 - accuracy: 0.0339 - val_loss: 4.1070 - val_accuracy: 0.0432 - 6s/epoch - 4ms/step
Epoch 16/100
1563/1563 - 6s - loss: 4.1712 - accuracy: 0.0340 - val_loss: 4.1055 - val_accuracy: 0.0443 - 6s/epoch - 4ms/step
Epoch 17/100
1563/1563 - 6s - loss: 4.1596 - accuracy: 0.0352 - val_loss: 4.0906 - val_accuracy: 0.0464 - 6s/epoch - 4ms/step
Epoch 18/100
1563/1563 - 6s - loss: 4.1521 - accuracy: 0.0368 - val_loss: 4.0930 - val_accuracy: 0.0447 - 6s/epoch - 4ms/step
Epoch 19/100
1563/1563 - 6s - loss: 4.1362 - accuracy: 0.0356 - val_loss: 4.0867 - val_accuracy: 0.0470 - 6s/epoch - 4ms/step
Epoch 20/100
1563/1563 - 6s - loss: 4.1287 - accuracy: 0.0379 - val_loss: 4.0790 - val_accuracy: 0.0486 - 6s/epoch - 4ms/step
Epoch 21/100
1563/1563 - 6s - loss: 4.1199 - accuracy: 0.0384 - val_loss: 4.0625 - val_accuracy: 0.0481 - 6s/epoch - 4ms/step
Epoch 22/100
1563/1563 - 6s - loss: 4.1123 - accuracy: 0.0393 - val_loss: 4.0641 - val_accuracy: 0.0495 - 6s/epoch - 4ms/step
Epoch 23/100
1563/1563 - 6s - loss: 4.1028 - accuracy: 0.0378 - val_loss: 4.0306 - val_accuracy: 0.0495 - 6s/epoch - 4ms/step
Epoch 24/100
1563/1563 - 6s - loss: 4.0861 - accuracy: 0.0406 - val_loss: 4.0184 - val_accuracy: 0.0513 - 6s/epoch - 4ms/step
Epoch 25/100
1563/1563 - 6s - loss: 4.0763 - accuracy: 0.0406 - val_loss: 4.0043 - val_accuracy: 0.0519 - 6s/epoch - 4ms/step
Epoch 26/100
1563/1563 - 6s - loss: 4.0691 - accuracy: 0.0415 - val_loss: 3.9971 - val_accuracy: 0.0511 - 6s/epoch - 4ms/step
Epoch 27/100
1563/1563 - 6s - loss: 4.0549 - accuracy: 0.0427 - val_loss: 3.9940 - val_accuracy: 0.0551 - 6s/epoch - 4ms/step
Epoch 28/100
1563/1563 - 6s - loss: 4.0484 - accuracy: 0.0424 - val_loss: 3.9830 - val_accuracy: 0.0566 - 6s/epoch - 4ms/step
Epoch 29/100
1563/1563 - 6s - loss: 4.0454 - accuracy: 0.0415 - val_loss: 3.9702 - val_accuracy: 0.0535 - 6s/epoch - 4ms/step
Epoch 30/100
1563/1563 - 6s - loss: 4.0321 - accuracy: 0.0452 - val_loss: 3.9506 - val_accuracy: 0.0579 - 6s/epoch - 4ms/step
Epoch 31/100
1563/1563 - 6s - loss: 4.0215 - accuracy: 0.0464 - val_loss: 3.9474 - val_accuracy: 0.0592 - 6s/epoch - 4ms/step
Epoch 32/100
1563/1563 - 6s - loss: 4.0100 - accuracy: 0.0475 - val_loss: 3.9366 - val_accuracy: 0.0605 - 6s/epoch - 4ms/step
Epoch 33/100
1563/1563 - 6s - loss: 4.0019 - accuracy: 0.0486 - val_loss: 3.9342 - val_accuracy: 0.0643 - 6s/epoch - 4ms/step
Epoch 34/100
1563/1563 - 6s - loss: 3.9913 - accuracy: 0.0485 - val_loss: 3.9132 - val_accuracy: 0.0608 - 6s/epoch - 4ms/step
Epoch 35/100
1563/1563 - 6s - loss: 3.9833 - accuracy: 0.0493 - val_loss: 3.9075 - val_accuracy: 0.0653 - 6s/epoch - 4ms/step
Epoch 36/100
1563/1563 - 6s - loss: 3.9748 - accuracy: 0.0502 - val_loss: 3.8852 - val_accuracy: 0.0670 - 6s/epoch - 4ms/step
Epoch 37/100
1563/1563 - 6s - loss: 3.9617 - accuracy: 0.0511 - val_loss: 3.8814 - val_accuracy: 0.0649 - 6s/epoch - 4ms/step
Epoch 38/100
1563/1563 - 6s - loss: 3.9536 - accuracy: 0.0517 - val_loss: 3.9031 - val_accuracy: 0.0646 - 6s/epoch - 4ms/step
Epoch 39/100
1563/1563 - 6s - loss: 3.9480 - accuracy: 0.0513 - val_loss: 3.8632 - val_accuracy: 0.0666 - 6s/epoch - 4ms/step
Epoch 40/100
1563/1563 - 6s - loss: 3.9308 - accuracy: 0.0546 - val_loss: 3.8659 - val_accuracy: 0.0678 - 6s/epoch - 4ms/step
Epoch 41/100
1563/1563 - 6s - loss: 3.9330 - accuracy: 0.0516 - val_loss: 3.8549 - val_accuracy: 0.0680 - 6s/epoch - 4ms/step
Epoch 42/100
1563/1563 - 6s - loss: 3.9167 - accuracy: 0.0533 - val_loss: 3.8435 - val_accuracy: 0.0704 - 6s/epoch - 4ms/step
Epoch 43/100
1563/1563 - 6s - loss: 3.9088 - accuracy: 0.0546 - val_loss: 3.8404 - val_accuracy: 0.0665 - 6s/epoch - 4ms/step
Epoch 44/100
1563/1563 - 6s - loss: 3.9011 - accuracy: 0.0537 - val_loss: 3.8370 - val_accuracy: 0.0651 - 6s/epoch - 4ms/step
Epoch 45/100
1563/1563 - 6s - loss: 3.8787 - accuracy: 0.0576 - val_loss: 3.8239 - val_accuracy: 0.0707 - 6s/epoch - 4ms/step
Epoch 46/100
1563/1563 - 6s - loss: 3.8752 - accuracy: 0.0552 - val_loss: 3.8133 - val_accuracy: 0.0680 - 6s/epoch - 4ms/step
Epoch 47/100
1563/1563 - 6s - loss: 3.8614 - accuracy: 0.0570 - val_loss: 3.8055 - val_accuracy: 0.0687 - 6s/epoch - 4ms/step
Epoch 48/100
1563/1563 - 6s - loss: 3.8557 - accuracy: 0.0585 - val_loss: 3.7990 - val_accuracy: 0.0680 - 6s/epoch - 4ms/step
Epoch 49/100
1563/1563 - 6s - loss: 3.8415 - accuracy: 0.0594 - val_loss: 3.7845 - val_accuracy: 0.0727 - 6s/epoch - 4ms/step
Epoch 50/100
1563/1563 - 6s - loss: 3.8306 - accuracy: 0.0613 - val_loss: 3.7866 - val_accuracy: 0.0712 - 6s/epoch - 4ms/step
Epoch 51/100
1563/1563 - 6s - loss: 3.8241 - accuracy: 0.0613 - val_loss: 3.7805 - val_accuracy: 0.0721 - 6s/epoch - 4ms/step
Epoch 52/100
1563/1563 - 6s - loss: 3.8137 - accuracy: 0.0601 - val_loss: 3.7650 - val_accuracy: 0.0707 - 6s/epoch - 4ms/step
Epoch 53/100
1563/1563 - 6s - loss: 3.8009 - accuracy: 0.0609 - val_loss: 3.7740 - val_accuracy: 0.0741 - 6s/epoch - 4ms/step
Epoch 54/100
1563/1563 - 6s - loss: 3.7884 - accuracy: 0.0626 - val_loss: 3.7659 - val_accuracy: 0.0754 - 6s/epoch - 4ms/step
Epoch 55/100
1563/1563 - 6s - loss: 3.7757 - accuracy: 0.0632 - val_loss: 3.7566 - val_accuracy: 0.0744 - 6s/epoch - 4ms/step
Epoch 56/100
1563/1563 - 6s - loss: 3.7684 - accuracy: 0.0651 - val_loss: 3.7551 - val_accuracy: 0.0773 - 6s/epoch - 4ms/step
Epoch 57/100
1563/1563 - 6s - loss: 3.7605 - accuracy: 0.0661 - val_loss: 3.7586 - val_accuracy: 0.0775 - 6s/epoch - 4ms/step
Epoch 58/100
1563/1563 - 6s - loss: 3.7485 - accuracy: 0.0642 - val_loss: 3.7613 - val_accuracy: 0.0713 - 6s/epoch - 4ms/step
Epoch 59/100
1563/1563 - 6s - loss: 3.7417 - accuracy: 0.0651 - val_loss: 3.7531 - val_accuracy: 0.0726 - 6s/epoch - 4ms/step
Epoch 60/100
1563/1563 - 6s - loss: 3.7337 - accuracy: 0.0658 - val_loss: 3.7461 - val_accuracy: 0.0734 - 6s/epoch - 4ms/step
Epoch 61/100
1563/1563 - 6s - loss: 3.7240 - accuracy: 0.0671 - val_loss: 3.7294 - val_accuracy: 0.0786 - 6s/epoch - 4ms/step
Epoch 62/100
1563/1563 - 6s - loss: 3.7078 - accuracy: 0.0678 - val_loss: 3.7286 - val_accuracy: 0.0783 - 6s/epoch - 4ms/step
Epoch 63/100
1563/1563 - 6s - loss: 3.6961 - accuracy: 0.0680 - val_loss: 3.7443 - val_accuracy: 0.0787 - 6s/epoch - 4ms/step
Epoch 64/100
1563/1563 - 6s - loss: 3.6893 - accuracy: 0.0701 - val_loss: 3.7560 - val_accuracy: 0.0806 - 6s/epoch - 4ms/step
Epoch 65/100
1563/1563 - 6s - loss: 3.6856 - accuracy: 0.0687 - val_loss: 3.7506 - val_accuracy: 0.0748 - 6s/epoch - 4ms/step
Epoch 66/100
1563/1563 - 6s - loss: 3.6753 - accuracy: 0.0710 - val_loss: 3.7359 - val_accuracy: 0.0789 - 6s/epoch - 4ms/step
Epoch 67/100
1563/1563 - 6s - loss: 3.6647 - accuracy: 0.0712 - val_loss: 3.7452 - val_accuracy: 0.0773 - 6s/epoch - 4ms/step
Epoch 68/100
1563/1563 - 6s - loss: 3.6618 - accuracy: 0.0706 - val_loss: 3.7306 - val_accuracy: 0.0810 - 6s/epoch - 4ms/step
Epoch 69/100
1563/1563 - 6s - loss: 3.6560 - accuracy: 0.0701 - val_loss: 3.7382 - val_accuracy: 0.0806 - 6s/epoch - 4ms/step
Epoch 70/100
1563/1563 - 6s - loss: 3.6403 - accuracy: 0.0712 - val_loss: 3.7283 - val_accuracy: 0.0831 - 6s/epoch - 4ms/step
Epoch 71/100
1563/1563 - 6s - loss: 3.6366 - accuracy: 0.0728 - val_loss: 3.7422 - val_accuracy: 0.0824 - 6s/epoch - 4ms/step
Epoch 72/100
1563/1563 - 6s - loss: 3.6239 - accuracy: 0.0756 - val_loss: 3.7243 - val_accuracy: 0.0798 - 6s/epoch - 4ms/step
Epoch 73/100
1563/1563 - 6s - loss: 3.6195 - accuracy: 0.0709 - val_loss: 3.7318 - val_accuracy: 0.0791 - 6s/epoch - 4ms/step
Epoch 74/100
1563/1563 - 6s - loss: 3.6116 - accuracy: 0.0734 - val_loss: 3.7462 - val_accuracy: 0.0791 - 6s/epoch - 4ms/step
Epoch 75/100
1563/1563 - 6s - loss: 3.5968 - accuracy: 0.0769 - val_loss: 3.7416 - val_accuracy: 0.0764 - 6s/epoch - 4ms/step
Epoch 76/100
1563/1563 - 6s - loss: 3.5949 - accuracy: 0.0741 - val_loss: 3.7377 - val_accuracy: 0.0784 - 6s/epoch - 4ms/step
Epoch 77/100
1563/1563 - 6s - loss: 3.5806 - accuracy: 0.0756 - val_loss: 3.7599 - val_accuracy: 0.0799 - 6s/epoch - 4ms/step
Epoch 78/100
1563/1563 - 6s - loss: 3.5849 - accuracy: 0.0765 - val_loss: 3.7312 - val_accuracy: 0.0830 - 6s/epoch - 4ms/step
Epoch 79/100
1563/1563 - 6s - loss: 3.5673 - accuracy: 0.0757 - val_loss: 3.7401 - val_accuracy: 0.0808 - 6s/epoch - 4ms/step
Epoch 80/100
1563/1563 - 6s - loss: 3.5631 - accuracy: 0.0770 - val_loss: 3.7248 - val_accuracy: 0.0835 - 6s/epoch - 4ms/step
Epoch 81/100
1563/1563 - 6s - loss: 3.5535 - accuracy: 0.0752 - val_loss: 3.7376 - val_accuracy: 0.0833 - 6s/epoch - 4ms/step
Epoch 82/100
1563/1563 - 6s - loss: 3.5511 - accuracy: 0.0777 - val_loss: 3.7405 - val_accuracy: 0.0824 - 6s/epoch - 4ms/step
Epoch 83/100
1563/1563 - 6s - loss: 3.5452 - accuracy: 0.0781 - val_loss: 3.7313 - val_accuracy: 0.0839 - 6s/epoch - 4ms/step
Epoch 84/100
1563/1563 - 6s - loss: 3.5378 - accuracy: 0.0779 - val_loss: 3.7533 - val_accuracy: 0.0851 - 6s/epoch - 4ms/step
Epoch 85/100
1563/1563 - 6s - loss: 3.5321 - accuracy: 0.0794 - val_loss: 3.7376 - val_accuracy: 0.0809 - 6s/epoch - 4ms/step
Epoch 86/100
1563/1563 - 6s - loss: 3.5295 - accuracy: 0.0804 - val_loss: 3.7522 - val_accuracy: 0.0838 - 6s/epoch - 4ms/step
Epoch 87/100
1563/1563 - 6s - loss: 3.5220 - accuracy: 0.0808 - val_loss: 3.7505 - val_accuracy: 0.0834 - 6s/epoch - 4ms/step
Epoch 88/100
1563/1563 - 6s - loss: 3.5129 - accuracy: 0.0795 - val_loss: 3.7437 - val_accuracy: 0.0869 - 6s/epoch - 4ms/step
Epoch 89/100
1563/1563 - 6s - loss: 3.5065 - accuracy: 0.0812 - val_loss: 3.7680 - val_accuracy: 0.0867 - 6s/epoch - 4ms/step
Epoch 90/100
1563/1563 - 6s - loss: 3.5022 - accuracy: 0.0835 - val_loss: 3.7615 - val_accuracy: 0.0847 - 6s/epoch - 4ms/step
Epoch 91/100
1563/1563 - 6s - loss: 3.4925 - accuracy: 0.0826 - val_loss: 3.7787 - val_accuracy: 0.0862 - 6s/epoch - 4ms/step
Epoch 92/100
1563/1563 - 6s - loss: 3.4913 - accuracy: 0.0822 - val_loss: 3.7584 - val_accuracy: 0.0841 - 6s/epoch - 4ms/step
Epoch 93/100
1563/1563 - 6s - loss: 3.4838 - accuracy: 0.0814 - val_loss: 3.7545 - val_accuracy: 0.0820 - 6s/epoch - 4ms/step
Epoch 94/100
1563/1563 - 6s - loss: 3.4793 - accuracy: 0.0859 - val_loss: 3.7522 - val_accuracy: 0.0862 - 6s/epoch - 4ms/step
Epoch 95/100
1563/1563 - 6s - loss: 3.4717 - accuracy: 0.0825 - val_loss: 3.7563 - val_accuracy: 0.0885 - 6s/epoch - 4ms/step
Epoch 96/100
1563/1563 - 6s - loss: 3.4685 - accuracy: 0.0848 - val_loss: 3.7793 - val_accuracy: 0.0839 - 6s/epoch - 4ms/step
Epoch 97/100
1563/1563 - 6s - loss: 3.4646 - accuracy: 0.0847 - val_loss: 3.7554 - val_accuracy: 0.0850 - 6s/epoch - 4ms/step
Epoch 98/100
1563/1563 - 6s - loss: 3.4543 - accuracy: 0.0847 - val_loss: 3.7730 - val_accuracy: 0.0915 - 6s/epoch - 4ms/step
Epoch 99/100
1563/1563 - 6s - loss: 3.4493 - accuracy: 0.0839 - val_loss: 3.7948 - val_accuracy: 0.0883 - 6s/epoch - 4ms/step
Epoch 100/100
1563/1563 - 6s - loss: 3.4387 - accuracy: 0.0874 - val_loss: 3.7754 - val_accuracy: 0.0898 - 6s/epoch - 4ms/step
313/313 - 0s - loss: 3.7754 - accuracy: 0.0898 - 459ms/epoch - 1ms/step

ACCURACY: 0.08980000019073486


SCORE: -0.3415875441335144

[92m | MODULE VALUES ---------------------------------------------  |
 [0m
FLOPS: 10636228
PARAMS: 236728.0
[92m 
 | -----------------------------------------------------------  |
 [0m

--- BANANAS ITERATION 16 / 1000 ---
Chosen point: {'num_neurons': 32, 'unit_c1': 3, 'unit_c2': 2, 'dr_f': 0.2571177741726231, 'learning_rate': 0.0009009678119727135, 'batch_size': 8, 'optimizer': 'Adadelta', 'activation': 'elu', 'data_augmentation': True, 'reg_l2': False, 'skip_connection': False, 'new_fc_1': 18, 'new_fc_2': 2, 'new_fc_3': 22, 'new_fc_4': 22, 'new_fc_5': 24, 'new_fc_6': 30, 'new_fc_7': 5, 'new_fc_8': 29, 'new_fc_9': 32, 'new_fc_10': 7}
[94m
|  --> START TRAINING ITERATION 15[0m
[INFO] Flags -> DA: True, L2: False, Skip: False
Building model with input_shape=(32, 32, 3), pos_input_shape=None, layer_x_block=2
Model: "model"
_________________________________________________________________
 Layer (type)                Output Shape              Param #   
=================================================================
 input_2 (InputLayer)        [(None, 32, 32, 3)]       0         
                                                                 
 conv2d (Conv2D)             (None, 32, 32, 96)        2688      
                                                                 
 activation (Activation)     (None, 32, 32, 96)        0         
                                                                 
 conv2d_1 (Conv2D)           (None, 32, 32, 96)        83040     
                                                                 
 activation_1 (Activation)   (None, 32, 32, 96)        0         
                                                                 
 max_pooling2d (MaxPooling2  (None, 16, 16, 96)        0         
 D)                                                              
                                                                 
 conv2d_2 (Conv2D)           (None, 16, 16, 64)        55360     
                                                                 
 activation_2 (Activation)   (None, 16, 16, 64)        0         
                                                                 
 conv2d_3 (Conv2D)           (None, 16, 16, 64)        36928     
                                                                 
 activation_3 (Activation)   (None, 16, 16, 64)        0         
                                                                 
 max_pooling2d_1 (MaxPoolin  (None, 8, 8, 64)          0         
 g2D)                                                            
                                                                 
 flatten (Flatten)           (None, 4096)              0         
                                                                 
 dense (Dense)               (None, 576)               2359872   
                                                                 
 activation_4 (Activation)   (None, 576)               0         
                                                                 
 dropout (Dropout)           (None, 576)               0         
                                                                 
 dense_1 (Dense)             (None, 64)                36928     
                                                                 
 activation_5 (Activation)   (None, 64)                0         
                                                                 
 dropout_1 (Dropout)         (None, 64)                0         
                                                                 
 dense_2 (Dense)             (None, 704)               45760     
                                                                 
 activation_6 (Activation)   (None, 704)               0         
                                                                 
 dropout_2 (Dropout)         (None, 704)               0         
                                                                 
 dense_3 (Dense)             (None, 704)               496320    
                                                                 
 activation_7 (Activation)   (None, 704)               0         
                                                                 
 dropout_3 (Dropout)         (None, 704)               0         
                                                                 
 dense_4 (Dense)             (None, 768)               541440    
                                                                 
 activation_8 (Activation)   (None, 768)               0         
                                                                 
 dropout_4 (Dropout)         (None, 768)               0         
                                                                 
 dense_5 (Dense)             (None, 960)               738240    
                                                                 
 activation_9 (Activation)   (None, 960)               0         
                                                                 
 dropout_5 (Dropout)         (None, 960)               0         
                                                                 
 dense_6 (Dense)             (None, 160)               153760    
                                                                 
 activation_10 (Activation)  (None, 160)               0         
                                                                 
 dropout_6 (Dropout)         (None, 160)               0         
                                                                 
 dense_7 (Dense)             (None, 928)               149408    
                                                                 
 activation_11 (Activation)  (None, 928)               0         
                                                                 
 dropout_7 (Dropout)         (None, 928)               0         
                                                                 
 dense_8 (Dense)             (None, 1024)              951296    
                                                                 
 activation_12 (Activation)  (None, 1024)              0         
                                                                 
 dropout_8 (Dropout)         (None, 1024)              0         
                                                                 
 dense_9 (Dense)             (None, 224)               229600    
                                                                 
 activation_13 (Activation)  (None, 224)               0         
                                                                 
 dropout_9 (Dropout)         (None, 224)               0         
                                                                 
 dense_10 (Dense)            (None, 100)               22500     
                                                                 
=================================================================
Total params: 5903140 (22.52 MB)
Trainable params: 5903140 (22.52 MB)
Non-trainable params: 0 (0.00 Byte)
_________________________________________________________________
[WARNING] Constraint Violated: FLOPs 234152248 > 150000000 or Params 5903140.0 > 15000000000

ACCURACY: 0.0


SCORE: 10000000000.0

[92m | MODULE VALUES ---------------------------------------------  |
 [0m
FLOPS: 234152248
PARAMS: 5903140.0
[92m 
 | -----------------------------------------------------------  |
 [0m

--- BANANAS ITERATION 17 / 1000 ---
Chosen point: {'num_neurons': 16, 'unit_c1': 1, 'unit_c2': 4, 'dr_f': 0.3049946659689933, 'learning_rate': 0.00016661808392535755, 'batch_size': 32, 'optimizer': 'Adam', 'activation': 'swish', 'data_augmentation': True, 'reg_l2': False, 'skip_connection': True, 'new_fc_1': 6, 'new_fc_2': 15, 'new_fc_3': 4, 'new_fc_4': 13, 'new_fc_5': 5, 'new_fc_6': 11, 'new_fc_7': 25, 'new_fc_8': 23, 'new_fc_9': 4, 'new_fc_10': 13}
[94m
|  --> START TRAINING ITERATION 16[0m
[INFO] Flags -> DA: True, L2: False, Skip: True
Building model with input_shape=(32, 32, 3), pos_input_shape=None, layer_x_block=2
Model: "model"
__________________________________________________________________________________________________
 Layer (type)                Output Shape                 Param #   Connected to                  
==================================================================================================
 input_2 (InputLayer)        [(None, 32, 32, 3)]          0         []                            
                                                                                                  
 conv2d (Conv2D)             (None, 32, 32, 16)           448       ['input_2[0][0]']             
                                                                                                  
 activation (Activation)     (None, 32, 32, 16)           0         ['conv2d[1][0]']              
                                                                                                  
 conv2d_2 (Conv2D)           (None, 32, 32, 16)           64        ['input_2[0][0]']             
                                                                                                  
 conv2d_1 (Conv2D)           (None, 32, 32, 16)           2320      ['activation[1][0]']          
                                                                                                  
 add (Add)                   (None, 32, 32, 16)           0         ['conv2d_2[1][0]',            
                                                                     'conv2d_1[1][0]']            
                                                                                                  
 activation_1 (Activation)   (None, 32, 32, 16)           0         ['add[1][0]']                 
                                                                                                  
 max_pooling2d (MaxPooling2  (None, 16, 16, 16)           0         ['activation_1[1][0]']        
 D)                                                                                               
                                                                                                  
 conv2d_3 (Conv2D)           (None, 16, 16, 64)           9280      ['max_pooling2d[1][0]']       
                                                                                                  
 activation_2 (Activation)   (None, 16, 16, 64)           0         ['conv2d_3[1][0]']            
                                                                                                  
 conv2d_5 (Conv2D)           (None, 16, 16, 64)           1088      ['max_pooling2d[1][0]']       
                                                                                                  
 conv2d_4 (Conv2D)           (None, 16, 16, 64)           36928     ['activation_2[1][0]']        
                                                                                                  
 add_1 (Add)                 (None, 16, 16, 64)           0         ['conv2d_5[1][0]',            
                                                                     'conv2d_4[1][0]']            
                                                                                                  
 activation_3 (Activation)   (None, 16, 16, 64)           0         ['add_1[1][0]']               
                                                                                                  
 max_pooling2d_1 (MaxPoolin  (None, 8, 8, 64)             0         ['activation_3[1][0]']        
 g2D)                                                                                             
                                                                                                  
 flatten (Flatten)           (None, 4096)                 0         ['max_pooling2d_1[1][0]']     
                                                                                                  
 dense (Dense)               (None, 96)                   393312    ['flatten[1][0]']             
                                                                                                  
 activation_4 (Activation)   (None, 96)                   0         ['dense[1][0]']               
                                                                                                  
 dropout (Dropout)           (None, 96)                   0         ['activation_4[1][0]']        
                                                                                                  
 dense_1 (Dense)             (None, 240)                  23280     ['dropout[1][0]']             
                                                                                                  
 activation_5 (Activation)   (None, 240)                  0         ['dense_1[1][0]']             
                                                                                                  
 dropout_1 (Dropout)         (None, 240)                  0         ['activation_5[1][0]']        
                                                                                                  
 dense_2 (Dense)             (None, 64)                   15424     ['dropout_1[1][0]']           
                                                                                                  
 activation_6 (Activation)   (None, 64)                   0         ['dense_2[1][0]']             
                                                                                                  
 dropout_2 (Dropout)         (None, 64)                   0         ['activation_6[1][0]']        
                                                                                                  
 dense_3 (Dense)             (None, 208)                  13520     ['dropout_2[1][0]']           
                                                                                                  
 activation_7 (Activation)   (None, 208)                  0         ['dense_3[1][0]']             
                                                                                                  
 dropout_3 (Dropout)         (None, 208)                  0         ['activation_7[1][0]']        
                                                                                                  
 dense_4 (Dense)             (None, 80)                   16720     ['dropout_3[1][0]']           
                                                                                                  
 activation_8 (Activation)   (None, 80)                   0         ['dense_4[1][0]']             
                                                                                                  
 dropout_4 (Dropout)         (None, 80)                   0         ['activation_8[1][0]']        
                                                                                                  
 dense_5 (Dense)             (None, 176)                  14256     ['dropout_4[1][0]']           
                                                                                                  
 activation_9 (Activation)   (None, 176)                  0         ['dense_5[1][0]']             
                                                                                                  
 dropout_5 (Dropout)         (None, 176)                  0         ['activation_9[1][0]']        
                                                                                                  
 dense_6 (Dense)             (None, 400)                  70800     ['dropout_5[1][0]']           
                                                                                                  
 activation_10 (Activation)  (None, 400)                  0         ['dense_6[1][0]']             
                                                                                                  
 dropout_6 (Dropout)         (None, 400)                  0         ['activation_10[1][0]']       
                                                                                                  
 dense_7 (Dense)             (None, 368)                  147568    ['dropout_6[1][0]']           
                                                                                                  
 activation_11 (Activation)  (None, 368)                  0         ['dense_7[1][0]']             
                                                                                                  
 dropout_7 (Dropout)         (None, 368)                  0         ['activation_11[1][0]']       
                                                                                                  
 dense_8 (Dense)             (None, 64)                   23616     ['dropout_7[1][0]']           
                                                                                                  
 activation_12 (Activation)  (None, 64)                   0         ['dense_8[1][0]']             
                                                                                                  
 dropout_8 (Dropout)         (None, 64)                   0         ['activation_12[1][0]']       
                                                                                                  
 dense_9 (Dense)             (None, 208)                  13520     ['dropout_8[1][0]']           
                                                                                                  
 activation_13 (Activation)  (None, 208)                  0         ['dense_9[1][0]']             
                                                                                                  
 dropout_9 (Dropout)         (None, 208)                  0         ['activation_13[1][0]']       
                                                                                                  
 dense_10 (Dense)            (None, 100)                  20900     ['dropout_9[1][0]']           
                                                                                                  
==================================================================================================
Total params: 803044 (3.06 MB)
Trainable params: 803044 (3.06 MB)
Non-trainable params: 0 (0.00 Byte)
__________________________________________________________________________________________________
Epoch 1/100
1563/1563 - 10s - loss: 4.4935 - accuracy: 0.0169 - val_loss: 4.3048 - val_accuracy: 0.0243 - 10s/epoch - 6ms/step
Epoch 2/100
1563/1563 - 7s - loss: 4.2680 - accuracy: 0.0309 - val_loss: 4.1140 - val_accuracy: 0.0554 - 7s/epoch - 5ms/step
Epoch 3/100
1563/1563 - 7s - loss: 4.0936 - accuracy: 0.0488 - val_loss: 3.9330 - val_accuracy: 0.0728 - 7s/epoch - 5ms/step
Epoch 4/100
1563/1563 - 7s - loss: 3.9735 - accuracy: 0.0622 - val_loss: 3.8149 - val_accuracy: 0.0891 - 7s/epoch - 5ms/step
Epoch 5/100
1563/1563 - 7s - loss: 3.8847 - accuracy: 0.0727 - val_loss: 3.7132 - val_accuracy: 0.1053 - 7s/epoch - 5ms/step
Epoch 6/100
1563/1563 - 7s - loss: 3.8016 - accuracy: 0.0823 - val_loss: 3.6252 - val_accuracy: 0.1223 - 7s/epoch - 5ms/step
Epoch 7/100
1563/1563 - 7s - loss: 3.7278 - accuracy: 0.0946 - val_loss: 3.5375 - val_accuracy: 0.1347 - 7s/epoch - 5ms/step
Epoch 8/100
1563/1563 - 7s - loss: 3.6559 - accuracy: 0.1005 - val_loss: 3.4589 - val_accuracy: 0.1428 - 7s/epoch - 5ms/step
Epoch 9/100
1563/1563 - 7s - loss: 3.5921 - accuracy: 0.1098 - val_loss: 3.4027 - val_accuracy: 0.1498 - 7s/epoch - 5ms/step
Epoch 10/100
1563/1563 - 7s - loss: 3.5306 - accuracy: 0.1179 - val_loss: 3.3411 - val_accuracy: 0.1702 - 7s/epoch - 5ms/step
Epoch 11/100
1563/1563 - 7s - loss: 3.4783 - accuracy: 0.1268 - val_loss: 3.3016 - val_accuracy: 0.1717 - 7s/epoch - 5ms/step
Epoch 12/100
1563/1563 - 7s - loss: 3.4347 - accuracy: 0.1339 - val_loss: 3.2628 - val_accuracy: 0.1780 - 7s/epoch - 5ms/step
Epoch 13/100
1563/1563 - 7s - loss: 3.3838 - accuracy: 0.1400 - val_loss: 3.2157 - val_accuracy: 0.1842 - 7s/epoch - 5ms/step
Epoch 14/100
1563/1563 - 7s - loss: 3.3382 - accuracy: 0.1484 - val_loss: 3.1798 - val_accuracy: 0.1918 - 7s/epoch - 5ms/step
Epoch 15/100
1563/1563 - 7s - loss: 3.2936 - accuracy: 0.1553 - val_loss: 3.1331 - val_accuracy: 0.2042 - 7s/epoch - 5ms/step
Epoch 16/100
1563/1563 - 7s - loss: 3.2493 - accuracy: 0.1615 - val_loss: 3.1083 - val_accuracy: 0.2077 - 7s/epoch - 5ms/step
Epoch 17/100
1563/1563 - 7s - loss: 3.2023 - accuracy: 0.1712 - val_loss: 3.0804 - val_accuracy: 0.2195 - 7s/epoch - 5ms/step
Epoch 18/100
1563/1563 - 7s - loss: 3.1627 - accuracy: 0.1765 - val_loss: 3.0407 - val_accuracy: 0.2187 - 7s/epoch - 5ms/step
Epoch 19/100
1563/1563 - 7s - loss: 3.1276 - accuracy: 0.1822 - val_loss: 3.0347 - val_accuracy: 0.2233 - 7s/epoch - 5ms/step
Epoch 20/100
1563/1563 - 7s - loss: 3.0901 - accuracy: 0.1874 - val_loss: 3.0041 - val_accuracy: 0.2264 - 7s/epoch - 5ms/step
Epoch 21/100
1563/1563 - 7s - loss: 3.0502 - accuracy: 0.1967 - val_loss: 2.9952 - val_accuracy: 0.2282 - 7s/epoch - 5ms/step
Epoch 22/100
1563/1563 - 7s - loss: 3.0093 - accuracy: 0.2025 - val_loss: 2.9847 - val_accuracy: 0.2302 - 7s/epoch - 5ms/step
Epoch 23/100
1563/1563 - 7s - loss: 2.9764 - accuracy: 0.2053 - val_loss: 2.9626 - val_accuracy: 0.2357 - 7s/epoch - 5ms/step
Epoch 24/100
1563/1563 - 7s - loss: 2.9322 - accuracy: 0.2126 - val_loss: 2.9518 - val_accuracy: 0.2379 - 7s/epoch - 5ms/step
Epoch 25/100
1563/1563 - 7s - loss: 2.8983 - accuracy: 0.2177 - val_loss: 2.9267 - val_accuracy: 0.2461 - 7s/epoch - 5ms/step
Epoch 26/100
1563/1563 - 7s - loss: 2.8672 - accuracy: 0.2235 - val_loss: 2.9238 - val_accuracy: 0.2482 - 7s/epoch - 5ms/step
Epoch 27/100
1563/1563 - 7s - loss: 2.8368 - accuracy: 0.2266 - val_loss: 2.9270 - val_accuracy: 0.2497 - 7s/epoch - 5ms/step
Epoch 28/100
1563/1563 - 7s - loss: 2.8037 - accuracy: 0.2312 - val_loss: 2.9236 - val_accuracy: 0.2554 - 7s/epoch - 5ms/step
Epoch 29/100
1563/1563 - 7s - loss: 2.7624 - accuracy: 0.2415 - val_loss: 2.9235 - val_accuracy: 0.2542 - 7s/epoch - 5ms/step
Epoch 30/100
1563/1563 - 7s - loss: 2.7323 - accuracy: 0.2440 - val_loss: 2.9230 - val_accuracy: 0.2590 - 7s/epoch - 5ms/step
Epoch 31/100
1563/1563 - 7s - loss: 2.7076 - accuracy: 0.2494 - val_loss: 2.9318 - val_accuracy: 0.2538 - 7s/epoch - 5ms/step
Epoch 32/100
1563/1563 - 7s - loss: 2.6776 - accuracy: 0.2555 - val_loss: 2.9008 - val_accuracy: 0.2661 - 7s/epoch - 5ms/step
Epoch 33/100
1563/1563 - 7s - loss: 2.6442 - accuracy: 0.2595 - val_loss: 2.8851 - val_accuracy: 0.2697 - 7s/epoch - 5ms/step
Epoch 34/100
1563/1563 - 7s - loss: 2.6093 - accuracy: 0.2655 - val_loss: 2.9077 - val_accuracy: 0.2667 - 7s/epoch - 5ms/step
Epoch 35/100
1563/1563 - 7s - loss: 2.5871 - accuracy: 0.2715 - val_loss: 2.9269 - val_accuracy: 0.2646 - 7s/epoch - 5ms/step
Epoch 36/100
1563/1563 - 7s - loss: 2.5545 - accuracy: 0.2756 - val_loss: 2.9101 - val_accuracy: 0.2689 - 7s/epoch - 5ms/step
Epoch 37/100
1563/1563 - 7s - loss: 2.5303 - accuracy: 0.2791 - val_loss: 2.9329 - val_accuracy: 0.2663 - 7s/epoch - 5ms/step
Epoch 38/100
1563/1563 - 7s - loss: 2.4962 - accuracy: 0.2842 - val_loss: 2.9238 - val_accuracy: 0.2659 - 7s/epoch - 5ms/step
Epoch 39/100
1563/1563 - 7s - loss: 2.4731 - accuracy: 0.2924 - val_loss: 2.9358 - val_accuracy: 0.2702 - 7s/epoch - 5ms/step
Epoch 40/100
1563/1563 - 7s - loss: 2.4381 - accuracy: 0.2961 - val_loss: 2.9493 - val_accuracy: 0.2705 - 7s/epoch - 5ms/step
Epoch 41/100
1563/1563 - 7s - loss: 2.4168 - accuracy: 0.3007 - val_loss: 2.9473 - val_accuracy: 0.2771 - 7s/epoch - 5ms/step
Epoch 42/100
1563/1563 - 7s - loss: 2.3862 - accuracy: 0.3036 - val_loss: 2.9567 - val_accuracy: 0.2772 - 7s/epoch - 5ms/step
Epoch 43/100
1563/1563 - 7s - loss: 2.3749 - accuracy: 0.3089 - val_loss: 2.9524 - val_accuracy: 0.2808 - 7s/epoch - 5ms/step
Epoch 44/100
1563/1563 - 7s - loss: 2.3333 - accuracy: 0.3166 - val_loss: 2.9871 - val_accuracy: 0.2746 - 7s/epoch - 5ms/step
Epoch 45/100
1563/1563 - 7s - loss: 2.3117 - accuracy: 0.3185 - val_loss: 2.9847 - val_accuracy: 0.2757 - 7s/epoch - 5ms/step
Epoch 46/100
1563/1563 - 7s - loss: 2.2897 - accuracy: 0.3244 - val_loss: 2.9976 - val_accuracy: 0.2794 - 7s/epoch - 5ms/step
Epoch 47/100
1563/1563 - 7s - loss: 2.2690 - accuracy: 0.3315 - val_loss: 3.0084 - val_accuracy: 0.2758 - 7s/epoch - 5ms/step
Epoch 48/100
1563/1563 - 7s - loss: 2.2439 - accuracy: 0.3305 - val_loss: 3.0226 - val_accuracy: 0.2756 - 7s/epoch - 5ms/step
Epoch 49/100
1563/1563 - 7s - loss: 2.2363 - accuracy: 0.3361 - val_loss: 3.0250 - val_accuracy: 0.2786 - 7s/epoch - 5ms/step
Epoch 50/100
1563/1563 - 7s - loss: 2.2087 - accuracy: 0.3394 - val_loss: 3.0518 - val_accuracy: 0.2835 - 7s/epoch - 5ms/step
Epoch 51/100
1563/1563 - 7s - loss: 2.1921 - accuracy: 0.3441 - val_loss: 3.0457 - val_accuracy: 0.2854 - 7s/epoch - 5ms/step
Epoch 52/100
1563/1563 - 7s - loss: 2.1665 - accuracy: 0.3479 - val_loss: 3.0511 - val_accuracy: 0.2769 - 7s/epoch - 5ms/step
Epoch 53/100
1563/1563 - 7s - loss: 2.1450 - accuracy: 0.3541 - val_loss: 3.0695 - val_accuracy: 0.2826 - 7s/epoch - 5ms/step
Epoch 54/100
1563/1563 - 7s - loss: 2.1163 - accuracy: 0.3618 - val_loss: 3.0636 - val_accuracy: 0.2811 - 7s/epoch - 5ms/step
Epoch 55/100
1563/1563 - 7s - loss: 2.1154 - accuracy: 0.3629 - val_loss: 3.1093 - val_accuracy: 0.2822 - 7s/epoch - 5ms/step
Epoch 56/100
1563/1563 - 7s - loss: 2.0833 - accuracy: 0.3678 - val_loss: 3.1020 - val_accuracy: 0.2860 - 7s/epoch - 5ms/step
Epoch 57/100
1563/1563 - 7s - loss: 2.0707 - accuracy: 0.3691 - val_loss: 3.1043 - val_accuracy: 0.2834 - 7s/epoch - 5ms/step
Epoch 58/100
1563/1563 - 7s - loss: 2.0511 - accuracy: 0.3745 - val_loss: 3.1448 - val_accuracy: 0.2834 - 7s/epoch - 5ms/step
Epoch 59/100
1563/1563 - 7s - loss: 2.0375 - accuracy: 0.3784 - val_loss: 3.1399 - val_accuracy: 0.2843 - 7s/epoch - 5ms/step
Epoch 60/100
1563/1563 - 7s - loss: 2.0205 - accuracy: 0.3812 - val_loss: 3.1795 - val_accuracy: 0.2801 - 7s/epoch - 5ms/step
Epoch 61/100
1563/1563 - 7s - loss: 2.0053 - accuracy: 0.3866 - val_loss: 3.1802 - val_accuracy: 0.2832 - 7s/epoch - 4ms/step
Epoch 62/100
1563/1563 - 7s - loss: 1.9844 - accuracy: 0.3886 - val_loss: 3.1807 - val_accuracy: 0.2827 - 7s/epoch - 4ms/step
Epoch 63/100
1563/1563 - 7s - loss: 1.9746 - accuracy: 0.3923 - val_loss: 3.2173 - val_accuracy: 0.2831 - 7s/epoch - 4ms/step
Epoch 64/100
1563/1563 - 7s - loss: 1.9666 - accuracy: 0.3929 - val_loss: 3.1973 - val_accuracy: 0.2846 - 7s/epoch - 4ms/step
Epoch 65/100
1563/1563 - 7s - loss: 1.9494 - accuracy: 0.3978 - val_loss: 3.2159 - val_accuracy: 0.2817 - 7s/epoch - 4ms/step
Epoch 66/100
1563/1563 - 7s - loss: 1.9294 - accuracy: 0.3990 - val_loss: 3.2326 - val_accuracy: 0.2856 - 7s/epoch - 4ms/step
Epoch 67/100
1563/1563 - 7s - loss: 1.9166 - accuracy: 0.4051 - val_loss: 3.2329 - val_accuracy: 0.2847 - 7s/epoch - 4ms/step
Epoch 68/100
1563/1563 - 7s - loss: 1.9030 - accuracy: 0.4060 - val_loss: 3.2359 - val_accuracy: 0.2860 - 7s/epoch - 4ms/step
Epoch 69/100
1563/1563 - 7s - loss: 1.8956 - accuracy: 0.4112 - val_loss: 3.2743 - val_accuracy: 0.2811 - 7s/epoch - 5ms/step
Epoch 70/100
1563/1563 - 7s - loss: 1.8770 - accuracy: 0.4151 - val_loss: 3.2835 - val_accuracy: 0.2794 - 7s/epoch - 5ms/step
Epoch 71/100
1563/1563 - 7s - loss: 1.8749 - accuracy: 0.4188 - val_loss: 3.2832 - val_accuracy: 0.2860 - 7s/epoch - 5ms/step
Epoch 72/100
1563/1563 - 7s - loss: 1.8420 - accuracy: 0.4262 - val_loss: 3.3245 - val_accuracy: 0.2876 - 7s/epoch - 5ms/step
Epoch 73/100
1563/1563 - 7s - loss: 1.8380 - accuracy: 0.4269 - val_loss: 3.3510 - val_accuracy: 0.2813 - 7s/epoch - 4ms/step
Epoch 74/100
1563/1563 - 7s - loss: 1.8282 - accuracy: 0.4263 - val_loss: 3.3480 - val_accuracy: 0.2851 - 7s/epoch - 4ms/step
Epoch 75/100
1563/1563 - 7s - loss: 1.8182 - accuracy: 0.4307 - val_loss: 3.3216 - val_accuracy: 0.2868 - 7s/epoch - 4ms/step
Epoch 76/100
1563/1563 - 7s - loss: 1.8056 - accuracy: 0.4349 - val_loss: 3.3251 - val_accuracy: 0.2840 - 7s/epoch - 4ms/step
Epoch 77/100
1563/1563 - 7s - loss: 1.7911 - accuracy: 0.4377 - val_loss: 3.3342 - val_accuracy: 0.2881 - 7s/epoch - 4ms/step
Epoch 78/100
1563/1563 - 7s - loss: 1.7715 - accuracy: 0.4430 - val_loss: 3.3655 - val_accuracy: 0.2872 - 7s/epoch - 4ms/step
Epoch 79/100
1563/1563 - 7s - loss: 1.7761 - accuracy: 0.4440 - val_loss: 3.4080 - val_accuracy: 0.2860 - 7s/epoch - 4ms/step
Epoch 80/100
Restoring model weights from the end of the best epoch: 50.
1563/1563 - 7s - loss: 1.7625 - accuracy: 0.4438 - val_loss: 3.3851 - val_accuracy: 0.2823 - 7s/epoch - 5ms/step
Epoch 80: early stopping
313/313 - 1s - loss: 3.0518 - accuracy: 0.2835 - 520ms/epoch - 2ms/step

ACCURACY: 0.28349998593330383


SCORE: -0.43520613415331266

[92m | MODULE VALUES ---------------------------------------------  |
 [0m
FLOPS: 31621928
PARAMS: 803044.0
[92m 
 | -----------------------------------------------------------  |
 [0m

--- BANANAS ITERATION 18 / 1000 ---
Chosen point: {'num_neurons': 16, 'unit_c1': 4, 'unit_c2': 8, 'dr_f': 0.2003103176968316, 'learning_rate': 0.0003413868124503178, 'batch_size': 32, 'optimizer': 'Adam', 'activation': 'swish', 'data_augmentation': False, 'reg_l2': False, 'skip_connection': True, 'new_fc_1': 25, 'new_fc_2': 24, 'new_fc_3': 14, 'new_fc_4': 30, 'new_fc_5': 11, 'new_fc_6': 5, 'new_fc_7': 15, 'new_fc_8': 4, 'new_fc_9': 24, 'new_fc_10': 26}
[94m
|  --> START TRAINING ITERATION 17[0m
[INFO] Flags -> DA: False, L2: False, Skip: True
Building model with input_shape=(32, 32, 3), pos_input_shape=None, layer_x_block=2
Model: "model"
__________________________________________________________________________________________________
 Layer (type)                Output Shape                 Param #   Connected to                  
==================================================================================================
 input_1 (InputLayer)        [(None, 32, 32, 3)]          0         []                            
                                                                                                  
 conv2d (Conv2D)             (None, 32, 32, 64)           1792      ['input_1[0][0]']             
                                                                                                  
 activation (Activation)     (None, 32, 32, 64)           0         ['conv2d[0][0]']              
                                                                                                  
 conv2d_2 (Conv2D)           (None, 32, 32, 64)           256       ['input_1[0][0]']             
                                                                                                  
 conv2d_1 (Conv2D)           (None, 32, 32, 64)           36928     ['activation[0][0]']          
                                                                                                  
 add (Add)                   (None, 32, 32, 64)           0         ['conv2d_2[0][0]',            
                                                                     'conv2d_1[0][0]']            
                                                                                                  
 activation_1 (Activation)   (None, 32, 32, 64)           0         ['add[0][0]']                 
                                                                                                  
 max_pooling2d (MaxPooling2  (None, 16, 16, 64)           0         ['activation_1[0][0]']        
 D)                                                                                               
                                                                                                  
 conv2d_3 (Conv2D)           (None, 16, 16, 128)          73856     ['max_pooling2d[0][0]']       
                                                                                                  
 activation_2 (Activation)   (None, 16, 16, 128)          0         ['conv2d_3[0][0]']            
                                                                                                  
 conv2d_5 (Conv2D)           (None, 16, 16, 128)          8320      ['max_pooling2d[0][0]']       
                                                                                                  
 conv2d_4 (Conv2D)           (None, 16, 16, 128)          147584    ['activation_2[0][0]']        
                                                                                                  
 add_1 (Add)                 (None, 16, 16, 128)          0         ['conv2d_5[0][0]',            
                                                                     'conv2d_4[0][0]']            
                                                                                                  
 activation_3 (Activation)   (None, 16, 16, 128)          0         ['add_1[0][0]']               
                                                                                                  
 max_pooling2d_1 (MaxPoolin  (None, 8, 8, 128)            0         ['activation_3[0][0]']        
 g2D)                                                                                             
                                                                                                  
 flatten (Flatten)           (None, 8192)                 0         ['max_pooling2d_1[0][0]']     
                                                                                                  
 dense (Dense)               (None, 400)                  3277200   ['flatten[0][0]']             
                                                                                                  
 activation_4 (Activation)   (None, 400)                  0         ['dense[0][0]']               
                                                                                                  
 dropout (Dropout)           (None, 400)                  0         ['activation_4[0][0]']        
                                                                                                  
 dense_1 (Dense)             (None, 384)                  153984    ['dropout[0][0]']             
                                                                                                  
 activation_5 (Activation)   (None, 384)                  0         ['dense_1[0][0]']             
                                                                                                  
 dropout_1 (Dropout)         (None, 384)                  0         ['activation_5[0][0]']        
                                                                                                  
 dense_2 (Dense)             (None, 224)                  86240     ['dropout_1[0][0]']           
                                                                                                  
 activation_6 (Activation)   (None, 224)                  0         ['dense_2[0][0]']             
                                                                                                  
 dropout_2 (Dropout)         (None, 224)                  0         ['activation_6[0][0]']        
                                                                                                  
 dense_3 (Dense)             (None, 480)                  108000    ['dropout_2[0][0]']           
                                                                                                  
 activation_7 (Activation)   (None, 480)                  0         ['dense_3[0][0]']             
                                                                                                  
 dropout_3 (Dropout)         (None, 480)                  0         ['activation_7[0][0]']        
                                                                                                  
 dense_4 (Dense)             (None, 176)                  84656     ['dropout_3[0][0]']           
                                                                                                  
 activation_8 (Activation)   (None, 176)                  0         ['dense_4[0][0]']             
                                                                                                  
 dropout_4 (Dropout)         (None, 176)                  0         ['activation_8[0][0]']        
                                                                                                  
 dense_5 (Dense)             (None, 80)                   14160     ['dropout_4[0][0]']           
                                                                                                  
 activation_9 (Activation)   (None, 80)                   0         ['dense_5[0][0]']             
                                                                                                  
 dropout_5 (Dropout)         (None, 80)                   0         ['activation_9[0][0]']        
                                                                                                  
 dense_6 (Dense)             (None, 240)                  19440     ['dropout_5[0][0]']           
                                                                                                  
 activation_10 (Activation)  (None, 240)                  0         ['dense_6[0][0]']             
                                                                                                  
 dropout_6 (Dropout)         (None, 240)                  0         ['activation_10[0][0]']       
                                                                                                  
 dense_7 (Dense)             (None, 64)                   15424     ['dropout_6[0][0]']           
                                                                                                  
 activation_11 (Activation)  (None, 64)                   0         ['dense_7[0][0]']             
                                                                                                  
 dropout_7 (Dropout)         (None, 64)                   0         ['activation_11[0][0]']       
                                                                                                  
 dense_8 (Dense)             (None, 384)                  24960     ['dropout_7[0][0]']           
                                                                                                  
 activation_12 (Activation)  (None, 384)                  0         ['dense_8[0][0]']             
                                                                                                  
 dropout_8 (Dropout)         (None, 384)                  0         ['activation_12[0][0]']       
                                                                                                  
 dense_9 (Dense)             (None, 416)                  160160    ['dropout_8[0][0]']           
                                                                                                  
 activation_13 (Activation)  (None, 416)                  0         ['dense_9[0][0]']             
                                                                                                  
 dropout_9 (Dropout)         (None, 416)                  0         ['activation_13[0][0]']       
                                                                                                  
 dense_10 (Dense)            (None, 100)                  41700     ['dropout_9[0][0]']           
                                                                                                  
==================================================================================================
Total params: 4254660 (16.23 MB)
Trainable params: 4254660 (16.23 MB)
Non-trainable params: 0 (0.00 Byte)
__________________________________________________________________________________________________
[WARNING] Constraint Violated: FLOPs 205729976 > 150000000 or Params 4254660.0 > 15000000000

ACCURACY: 0.0


SCORE: 10000000000.0

[92m | MODULE VALUES ---------------------------------------------  |
 [0m
FLOPS: 205729976
PARAMS: 4254660.0
[92m 
 | -----------------------------------------------------------  |
 [0m

--- BANANAS ITERATION 19 / 1000 ---
Chosen point: {'num_neurons': 8, 'unit_c1': 1, 'unit_c2': 4, 'dr_f': 0.2494899314449584, 'learning_rate': 0.00013630338863327508, 'batch_size': 32, 'optimizer': 'SGD', 'activation': 'selu', 'data_augmentation': True, 'reg_l2': False, 'skip_connection': True, 'new_fc_1': 16, 'new_fc_2': 2, 'new_fc_3': 17, 'new_fc_4': 7, 'new_fc_5': 13, 'new_fc_6': 0, 'new_fc_7': 12, 'new_fc_8': 7, 'new_fc_9': 7, 'new_fc_10': 10}
[94m
|  --> START TRAINING ITERATION 18[0m
[INFO] Flags -> DA: True, L2: False, Skip: True
Building model with input_shape=(32, 32, 3), pos_input_shape=None, layer_x_block=2
Model: "model"
__________________________________________________________________________________________________
 Layer (type)                Output Shape                 Param #   Connected to                  
==================================================================================================
 input_2 (InputLayer)        [(None, 32, 32, 3)]          0         []                            
                                                                                                  
 conv2d (Conv2D)             (None, 32, 32, 8)            224       ['input_2[0][0]']             
                                                                                                  
 activation (Activation)     (None, 32, 32, 8)            0         ['conv2d[1][0]']              
                                                                                                  
 conv2d_2 (Conv2D)           (None, 32, 32, 8)            32        ['input_2[0][0]']             
                                                                                                  
 conv2d_1 (Conv2D)           (None, 32, 32, 8)            584       ['activation[1][0]']          
                                                                                                  
 add (Add)                   (None, 32, 32, 8)            0         ['conv2d_2[1][0]',            
                                                                     'conv2d_1[1][0]']            
                                                                                                  
 activation_1 (Activation)   (None, 32, 32, 8)            0         ['add[1][0]']                 
                                                                                                  
 max_pooling2d (MaxPooling2  (None, 16, 16, 8)            0         ['activation_1[1][0]']        
 D)                                                                                               
                                                                                                  
 conv2d_3 (Conv2D)           (None, 16, 16, 32)           2336      ['max_pooling2d[1][0]']       
                                                                                                  
 activation_2 (Activation)   (None, 16, 16, 32)           0         ['conv2d_3[1][0]']            
                                                                                                  
 conv2d_5 (Conv2D)           (None, 16, 16, 32)           288       ['max_pooling2d[1][0]']       
                                                                                                  
 conv2d_4 (Conv2D)           (None, 16, 16, 32)           9248      ['activation_2[1][0]']        
                                                                                                  
 add_1 (Add)                 (None, 16, 16, 32)           0         ['conv2d_5[1][0]',            
                                                                     'conv2d_4[1][0]']            
                                                                                                  
 activation_3 (Activation)   (None, 16, 16, 32)           0         ['add_1[1][0]']               
                                                                                                  
 max_pooling2d_1 (MaxPoolin  (None, 8, 8, 32)             0         ['activation_3[1][0]']        
 g2D)                                                                                             
                                                                                                  
 flatten (Flatten)           (None, 2048)                 0         ['max_pooling2d_1[1][0]']     
                                                                                                  
 dense (Dense)               (None, 128)                  262272    ['flatten[1][0]']             
                                                                                                  
 activation_4 (Activation)   (None, 128)                  0         ['dense[1][0]']               
                                                                                                  
 dropout (Dropout)           (None, 128)                  0         ['activation_4[1][0]']        
                                                                                                  
 dense_1 (Dense)             (None, 16)                   2064      ['dropout[1][0]']             
                                                                                                  
 activation_5 (Activation)   (None, 16)                   0         ['dense_1[1][0]']             
                                                                                                  
 dropout_1 (Dropout)         (None, 16)                   0         ['activation_5[1][0]']        
                                                                                                  
 dense_2 (Dense)             (None, 136)                  2312      ['dropout_1[1][0]']           
                                                                                                  
 activation_6 (Activation)   (None, 136)                  0         ['dense_2[1][0]']             
                                                                                                  
 dropout_2 (Dropout)         (None, 136)                  0         ['activation_6[1][0]']        
                                                                                                  
 dense_3 (Dense)             (None, 56)                   7672      ['dropout_2[1][0]']           
                                                                                                  
 activation_7 (Activation)   (None, 56)                   0         ['dense_3[1][0]']             
                                                                                                  
 dropout_3 (Dropout)         (None, 56)                   0         ['activation_7[1][0]']        
                                                                                                  
 dense_4 (Dense)             (None, 104)                  5928      ['dropout_3[1][0]']           
                                                                                                  
 activation_8 (Activation)   (None, 104)                  0         ['dense_4[1][0]']             
                                                                                                  
 dropout_4 (Dropout)         (None, 104)                  0         ['activation_8[1][0]']        
                                                                                                  
 dense_5 (Dense)             (None, 96)                   10080     ['dropout_4[1][0]']           
                                                                                                  
 activation_9 (Activation)   (None, 96)                   0         ['dense_5[1][0]']             
                                                                                                  
 dropout_5 (Dropout)         (None, 96)                   0         ['activation_9[1][0]']        
                                                                                                  
 dense_6 (Dense)             (None, 56)                   5432      ['dropout_5[1][0]']           
                                                                                                  
 activation_10 (Activation)  (None, 56)                   0         ['dense_6[1][0]']             
                                                                                                  
 dropout_6 (Dropout)         (None, 56)                   0         ['activation_10[1][0]']       
                                                                                                  
 dense_7 (Dense)             (None, 56)                   3192      ['dropout_6[1][0]']           
                                                                                                  
 activation_11 (Activation)  (None, 56)                   0         ['dense_7[1][0]']             
                                                                                                  
 dropout_7 (Dropout)         (None, 56)                   0         ['activation_11[1][0]']       
                                                                                                  
 dense_8 (Dense)             (None, 80)                   4560      ['dropout_7[1][0]']           
                                                                                                  
 activation_12 (Activation)  (None, 80)                   0         ['dense_8[1][0]']             
                                                                                                  
 dropout_8 (Dropout)         (None, 80)                   0         ['activation_12[1][0]']       
                                                                                                  
 dense_9 (Dense)             (None, 100)                  8100      ['dropout_8[1][0]']           
                                                                                                  
==================================================================================================
Total params: 324324 (1.24 MB)
Trainable params: 324324 (1.24 MB)
Non-trainable params: 0 (0.00 Byte)
__________________________________________________________________________________________________
Epoch 1/100
1563/1563 - 8s - loss: 5.4142 - accuracy: 0.0101 - val_loss: 4.7408 - val_accuracy: 0.0098 - 8s/epoch - 5ms/step
Epoch 2/100
1563/1563 - 5s - loss: 5.2596 - accuracy: 0.0109 - val_loss: 4.6497 - val_accuracy: 0.0141 - 5s/epoch - 4ms/step
Epoch 3/100
1563/1563 - 5s - loss: 5.1701 - accuracy: 0.0110 - val_loss: 4.6254 - val_accuracy: 0.0158 - 5s/epoch - 3ms/step
Epoch 4/100
1563/1563 - 5s - loss: 5.0919 - accuracy: 0.0111 - val_loss: 4.5935 - val_accuracy: 0.0151 - 5s/epoch - 3ms/step
Epoch 5/100
1563/1563 - 5s - loss: 5.0287 - accuracy: 0.0115 - val_loss: 4.5782 - val_accuracy: 0.0226 - 5s/epoch - 4ms/step
Epoch 6/100
1563/1563 - 5s - loss: 4.9978 - accuracy: 0.0116 - val_loss: 4.5545 - val_accuracy: 0.0226 - 5s/epoch - 4ms/step
Epoch 7/100
1563/1563 - 5s - loss: 4.9606 - accuracy: 0.0116 - val_loss: 4.5478 - val_accuracy: 0.0236 - 5s/epoch - 3ms/step
Epoch 8/100
1563/1563 - 5s - loss: 4.9377 - accuracy: 0.0117 - val_loss: 4.5361 - val_accuracy: 0.0254 - 5s/epoch - 4ms/step
Epoch 9/100
1563/1563 - 5s - loss: 4.9094 - accuracy: 0.0119 - val_loss: 4.5321 - val_accuracy: 0.0256 - 5s/epoch - 4ms/step
Epoch 10/100
1563/1563 - 5s - loss: 4.8832 - accuracy: 0.0127 - val_loss: 4.5192 - val_accuracy: 0.0253 - 5s/epoch - 4ms/step
Epoch 11/100
1563/1563 - 5s - loss: 4.8572 - accuracy: 0.0129 - val_loss: 4.5083 - val_accuracy: 0.0311 - 5s/epoch - 3ms/step
Epoch 12/100
1563/1563 - 5s - loss: 4.8443 - accuracy: 0.0138 - val_loss: 4.5028 - val_accuracy: 0.0277 - 5s/epoch - 3ms/step
Epoch 13/100
1563/1563 - 5s - loss: 4.8299 - accuracy: 0.0128 - val_loss: 4.4954 - val_accuracy: 0.0297 - 5s/epoch - 3ms/step
Epoch 14/100
1563/1563 - 5s - loss: 4.8064 - accuracy: 0.0132 - val_loss: 4.4901 - val_accuracy: 0.0300 - 5s/epoch - 3ms/step
Epoch 15/100
1563/1563 - 5s - loss: 4.7876 - accuracy: 0.0144 - val_loss: 4.4764 - val_accuracy: 0.0333 - 5s/epoch - 3ms/step
Epoch 16/100
1563/1563 - 5s - loss: 4.7712 - accuracy: 0.0140 - val_loss: 4.4717 - val_accuracy: 0.0302 - 5s/epoch - 3ms/step
Epoch 17/100
1563/1563 - 5s - loss: 4.7615 - accuracy: 0.0148 - val_loss: 4.4611 - val_accuracy: 0.0303 - 5s/epoch - 3ms/step
Epoch 18/100
1563/1563 - 5s - loss: 4.7445 - accuracy: 0.0144 - val_loss: 4.4561 - val_accuracy: 0.0324 - 5s/epoch - 3ms/step
Epoch 19/100
1563/1563 - 5s - loss: 4.7264 - accuracy: 0.0146 - val_loss: 4.4492 - val_accuracy: 0.0334 - 5s/epoch - 3ms/step
Epoch 20/100
1563/1563 - 5s - loss: 4.7151 - accuracy: 0.0158 - val_loss: 4.4456 - val_accuracy: 0.0348 - 5s/epoch - 4ms/step
Epoch 21/100
1563/1563 - 5s - loss: 4.7086 - accuracy: 0.0163 - val_loss: 4.4398 - val_accuracy: 0.0359 - 5s/epoch - 3ms/step
Epoch 22/100
1563/1563 - 5s - loss: 4.6925 - accuracy: 0.0166 - val_loss: 4.4285 - val_accuracy: 0.0338 - 5s/epoch - 3ms/step
Epoch 23/100
1563/1563 - 5s - loss: 4.6861 - accuracy: 0.0167 - val_loss: 4.4215 - val_accuracy: 0.0367 - 5s/epoch - 3ms/step
Epoch 24/100
1563/1563 - 5s - loss: 4.6680 - accuracy: 0.0171 - val_loss: 4.4149 - val_accuracy: 0.0345 - 5s/epoch - 3ms/step
Epoch 25/100
1563/1563 - 5s - loss: 4.6583 - accuracy: 0.0180 - val_loss: 4.4097 - val_accuracy: 0.0359 - 5s/epoch - 3ms/step
Epoch 26/100
1563/1563 - 5s - loss: 4.6474 - accuracy: 0.0191 - val_loss: 4.4032 - val_accuracy: 0.0357 - 5s/epoch - 4ms/step
Epoch 27/100
1563/1563 - 5s - loss: 4.6398 - accuracy: 0.0187 - val_loss: 4.3927 - val_accuracy: 0.0388 - 5s/epoch - 3ms/step
Epoch 28/100
1563/1563 - 5s - loss: 4.6246 - accuracy: 0.0188 - val_loss: 4.3859 - val_accuracy: 0.0397 - 5s/epoch - 4ms/step
Epoch 29/100
1563/1563 - 5s - loss: 4.6173 - accuracy: 0.0187 - val_loss: 4.3811 - val_accuracy: 0.0389 - 5s/epoch - 3ms/step
Epoch 30/100
1563/1563 - 5s - loss: 4.6049 - accuracy: 0.0208 - val_loss: 4.3707 - val_accuracy: 0.0432 - 5s/epoch - 4ms/step
Epoch 31/100
1563/1563 - 5s - loss: 4.6021 - accuracy: 0.0200 - val_loss: 4.3625 - val_accuracy: 0.0399 - 5s/epoch - 3ms/step
Epoch 32/100
1563/1563 - 5s - loss: 4.5909 - accuracy: 0.0207 - val_loss: 4.3565 - val_accuracy: 0.0451 - 5s/epoch - 4ms/step
Epoch 33/100
1563/1563 - 5s - loss: 4.5809 - accuracy: 0.0210 - val_loss: 4.3537 - val_accuracy: 0.0430 - 5s/epoch - 4ms/step
Epoch 34/100
1563/1563 - 5s - loss: 4.5748 - accuracy: 0.0228 - val_loss: 4.3510 - val_accuracy: 0.0402 - 5s/epoch - 3ms/step
Epoch 35/100
1563/1563 - 5s - loss: 4.5647 - accuracy: 0.0231 - val_loss: 4.3361 - val_accuracy: 0.0422 - 5s/epoch - 3ms/step
Epoch 36/100
1563/1563 - 5s - loss: 4.5563 - accuracy: 0.0230 - val_loss: 4.3268 - val_accuracy: 0.0475 - 5s/epoch - 4ms/step
Epoch 37/100
1563/1563 - 5s - loss: 4.5510 - accuracy: 0.0236 - val_loss: 4.3275 - val_accuracy: 0.0434 - 5s/epoch - 3ms/step
Epoch 38/100
1563/1563 - 5s - loss: 4.5456 - accuracy: 0.0229 - val_loss: 4.3144 - val_accuracy: 0.0485 - 5s/epoch - 4ms/step
Epoch 39/100
1563/1563 - 5s - loss: 4.5310 - accuracy: 0.0240 - val_loss: 4.3122 - val_accuracy: 0.0435 - 5s/epoch - 3ms/step
Epoch 40/100
1563/1563 - 5s - loss: 4.5270 - accuracy: 0.0243 - val_loss: 4.3059 - val_accuracy: 0.0511 - 5s/epoch - 4ms/step
Epoch 41/100
1563/1563 - 5s - loss: 4.5189 - accuracy: 0.0244 - val_loss: 4.2953 - val_accuracy: 0.0494 - 5s/epoch - 4ms/step
Epoch 42/100
1563/1563 - 5s - loss: 4.5125 - accuracy: 0.0246 - val_loss: 4.2873 - val_accuracy: 0.0510 - 5s/epoch - 3ms/step
Epoch 43/100
1563/1563 - 5s - loss: 4.5028 - accuracy: 0.0261 - val_loss: 4.2796 - val_accuracy: 0.0526 - 5s/epoch - 3ms/step
Epoch 44/100
1563/1563 - 5s - loss: 4.5003 - accuracy: 0.0255 - val_loss: 4.2717 - val_accuracy: 0.0494 - 5s/epoch - 4ms/step
Epoch 45/100
1563/1563 - 5s - loss: 4.4927 - accuracy: 0.0259 - val_loss: 4.2635 - val_accuracy: 0.0529 - 5s/epoch - 3ms/step
Epoch 46/100
1563/1563 - 5s - loss: 4.4827 - accuracy: 0.0264 - val_loss: 4.2553 - val_accuracy: 0.0498 - 5s/epoch - 4ms/step
Epoch 47/100
1563/1563 - 5s - loss: 4.4795 - accuracy: 0.0267 - val_loss: 4.2510 - val_accuracy: 0.0543 - 5s/epoch - 3ms/step
Epoch 48/100
1563/1563 - 5s - loss: 4.4731 - accuracy: 0.0282 - val_loss: 4.2518 - val_accuracy: 0.0541 - 5s/epoch - 4ms/step
Epoch 49/100
1563/1563 - 5s - loss: 4.4674 - accuracy: 0.0283 - val_loss: 4.2419 - val_accuracy: 0.0552 - 5s/epoch - 4ms/step
Epoch 50/100
1563/1563 - 5s - loss: 4.4616 - accuracy: 0.0279 - val_loss: 4.2312 - val_accuracy: 0.0548 - 5s/epoch - 4ms/step
Epoch 51/100
1563/1563 - 5s - loss: 4.4604 - accuracy: 0.0281 - val_loss: 4.2278 - val_accuracy: 0.0560 - 5s/epoch - 3ms/step
Epoch 52/100
1563/1563 - 5s - loss: 4.4523 - accuracy: 0.0286 - val_loss: 4.2233 - val_accuracy: 0.0581 - 5s/epoch - 4ms/step
Epoch 53/100
1563/1563 - 5s - loss: 4.4383 - accuracy: 0.0294 - val_loss: 4.2157 - val_accuracy: 0.0578 - 5s/epoch - 4ms/step
Epoch 54/100
1563/1563 - 5s - loss: 4.4335 - accuracy: 0.0298 - val_loss: 4.2065 - val_accuracy: 0.0570 - 5s/epoch - 4ms/step
Epoch 55/100
1563/1563 - 5s - loss: 4.4310 - accuracy: 0.0302 - val_loss: 4.2082 - val_accuracy: 0.0569 - 5s/epoch - 3ms/step
Epoch 56/100
1563/1563 - 5s - loss: 4.4227 - accuracy: 0.0312 - val_loss: 4.1983 - val_accuracy: 0.0598 - 5s/epoch - 4ms/step
Epoch 57/100
1563/1563 - 5s - loss: 4.4106 - accuracy: 0.0327 - val_loss: 4.1953 - val_accuracy: 0.0603 - 5s/epoch - 4ms/step
Epoch 58/100
1563/1563 - 5s - loss: 4.4149 - accuracy: 0.0296 - val_loss: 4.1828 - val_accuracy: 0.0619 - 5s/epoch - 4ms/step
Epoch 59/100
1563/1563 - 5s - loss: 4.4099 - accuracy: 0.0322 - val_loss: 4.1757 - val_accuracy: 0.0623 - 5s/epoch - 3ms/step
Epoch 60/100
1563/1563 - 5s - loss: 4.4016 - accuracy: 0.0321 - val_loss: 4.1848 - val_accuracy: 0.0600 - 5s/epoch - 4ms/step
Epoch 61/100
1563/1563 - 5s - loss: 4.3930 - accuracy: 0.0326 - val_loss: 4.1592 - val_accuracy: 0.0647 - 5s/epoch - 4ms/step
Epoch 62/100
1563/1563 - 5s - loss: 4.3940 - accuracy: 0.0328 - val_loss: 4.1606 - val_accuracy: 0.0659 - 5s/epoch - 3ms/step
Epoch 63/100
1563/1563 - 5s - loss: 4.3812 - accuracy: 0.0329 - val_loss: 4.1597 - val_accuracy: 0.0646 - 5s/epoch - 3ms/step
Epoch 64/100
1563/1563 - 5s - loss: 4.3840 - accuracy: 0.0325 - val_loss: 4.1456 - val_accuracy: 0.0652 - 5s/epoch - 4ms/step
Epoch 65/100
1563/1563 - 5s - loss: 4.3696 - accuracy: 0.0342 - val_loss: 4.1402 - val_accuracy: 0.0649 - 5s/epoch - 4ms/step
Epoch 66/100
1563/1563 - 5s - loss: 4.3702 - accuracy: 0.0346 - val_loss: 4.1362 - val_accuracy: 0.0676 - 5s/epoch - 3ms/step
Epoch 67/100
1563/1563 - 5s - loss: 4.3674 - accuracy: 0.0354 - val_loss: 4.1306 - val_accuracy: 0.0661 - 5s/epoch - 3ms/step
Epoch 68/100
1563/1563 - 5s - loss: 4.3621 - accuracy: 0.0346 - val_loss: 4.1331 - val_accuracy: 0.0631 - 5s/epoch - 4ms/step
Epoch 69/100
1563/1563 - 5s - loss: 4.3559 - accuracy: 0.0366 - val_loss: 4.1258 - val_accuracy: 0.0688 - 5s/epoch - 4ms/step
Epoch 70/100
1563/1563 - 5s - loss: 4.3530 - accuracy: 0.0356 - val_loss: 4.1161 - val_accuracy: 0.0633 - 5s/epoch - 4ms/step
Epoch 71/100
1563/1563 - 5s - loss: 4.3441 - accuracy: 0.0364 - val_loss: 4.1085 - val_accuracy: 0.0672 - 5s/epoch - 3ms/step
Epoch 72/100
1563/1563 - 5s - loss: 4.3410 - accuracy: 0.0365 - val_loss: 4.1125 - val_accuracy: 0.0695 - 5s/epoch - 4ms/step
Epoch 73/100
1563/1563 - 5s - loss: 4.3350 - accuracy: 0.0382 - val_loss: 4.1031 - val_accuracy: 0.0680 - 5s/epoch - 4ms/step
Epoch 74/100
1563/1563 - 5s - loss: 4.3306 - accuracy: 0.0376 - val_loss: 4.1078 - val_accuracy: 0.0623 - 5s/epoch - 4ms/step
Epoch 75/100
1563/1563 - 5s - loss: 4.3274 - accuracy: 0.0381 - val_loss: 4.0998 - val_accuracy: 0.0658 - 5s/epoch - 3ms/step
Epoch 76/100
1563/1563 - 5s - loss: 4.3262 - accuracy: 0.0357 - val_loss: 4.0891 - val_accuracy: 0.0673 - 5s/epoch - 4ms/step
Epoch 77/100
1563/1563 - 5s - loss: 4.3216 - accuracy: 0.0369 - val_loss: 4.0995 - val_accuracy: 0.0672 - 5s/epoch - 3ms/step
Epoch 78/100
1563/1563 - 5s - loss: 4.3179 - accuracy: 0.0387 - val_loss: 4.0737 - val_accuracy: 0.0717 - 5s/epoch - 3ms/step
Epoch 79/100
1563/1563 - 5s - loss: 4.3096 - accuracy: 0.0387 - val_loss: 4.0733 - val_accuracy: 0.0721 - 5s/epoch - 3ms/step
Epoch 80/100
1563/1563 - 5s - loss: 4.3054 - accuracy: 0.0398 - val_loss: 4.0758 - val_accuracy: 0.0720 - 5s/epoch - 3ms/step
Epoch 81/100
1563/1563 - 5s - loss: 4.3074 - accuracy: 0.0397 - val_loss: 4.0613 - val_accuracy: 0.0744 - 5s/epoch - 3ms/step
Epoch 82/100
1563/1563 - 5s - loss: 4.2995 - accuracy: 0.0395 - val_loss: 4.0695 - val_accuracy: 0.0692 - 5s/epoch - 3ms/step
Epoch 83/100
1563/1563 - 5s - loss: 4.2970 - accuracy: 0.0394 - val_loss: 4.0559 - val_accuracy: 0.0724 - 5s/epoch - 3ms/step
Epoch 84/100
1563/1563 - 5s - loss: 4.2942 - accuracy: 0.0388 - val_loss: 4.0581 - val_accuracy: 0.0708 - 5s/epoch - 3ms/step
Epoch 85/100
1563/1563 - 5s - loss: 4.2894 - accuracy: 0.0399 - val_loss: 4.0639 - val_accuracy: 0.0729 - 5s/epoch - 3ms/step
Epoch 86/100
1563/1563 - 5s - loss: 4.2823 - accuracy: 0.0407 - val_loss: 4.0436 - val_accuracy: 0.0739 - 5s/epoch - 3ms/step
Epoch 87/100
1563/1563 - 5s - loss: 4.2799 - accuracy: 0.0399 - val_loss: 4.0355 - val_accuracy: 0.0766 - 5s/epoch - 3ms/step
Epoch 88/100
1563/1563 - 5s - loss: 4.2765 - accuracy: 0.0418 - val_loss: 4.0331 - val_accuracy: 0.0753 - 5s/epoch - 3ms/step
Epoch 89/100
1563/1563 - 6s - loss: 4.2755 - accuracy: 0.0405 - val_loss: 4.0301 - val_accuracy: 0.0748 - 6s/epoch - 4ms/step
Epoch 90/100
1563/1563 - 5s - loss: 4.2665 - accuracy: 0.0413 - val_loss: 4.0233 - val_accuracy: 0.0770 - 5s/epoch - 3ms/step
Epoch 91/100
1563/1563 - 5s - loss: 4.2653 - accuracy: 0.0422 - val_loss: 4.0249 - val_accuracy: 0.0759 - 5s/epoch - 3ms/step
Epoch 92/100
1563/1563 - 5s - loss: 4.2618 - accuracy: 0.0410 - val_loss: 4.0280 - val_accuracy: 0.0739 - 5s/epoch - 3ms/step
Epoch 93/100
1563/1563 - 5s - loss: 4.2574 - accuracy: 0.0419 - val_loss: 4.0229 - val_accuracy: 0.0746 - 5s/epoch - 3ms/step
Epoch 94/100
1563/1563 - 5s - loss: 4.2573 - accuracy: 0.0420 - val_loss: 4.0293 - val_accuracy: 0.0726 - 5s/epoch - 3ms/step
Epoch 95/100
1563/1563 - 5s - loss: 4.2505 - accuracy: 0.0432 - val_loss: 4.0094 - val_accuracy: 0.0747 - 5s/epoch - 3ms/step
Epoch 96/100
1563/1563 - 5s - loss: 4.2495 - accuracy: 0.0434 - val_loss: 4.0072 - val_accuracy: 0.0787 - 5s/epoch - 3ms/step
Epoch 97/100
1563/1563 - 5s - loss: 4.2495 - accuracy: 0.0417 - val_loss: 4.0016 - val_accuracy: 0.0786 - 5s/epoch - 3ms/step
Epoch 98/100
1563/1563 - 5s - loss: 4.2416 - accuracy: 0.0432 - val_loss: 4.0067 - val_accuracy: 0.0800 - 5s/epoch - 3ms/step
Epoch 99/100
1563/1563 - 5s - loss: 4.2379 - accuracy: 0.0448 - val_loss: 3.9907 - val_accuracy: 0.0805 - 5s/epoch - 3ms/step
Epoch 100/100
1563/1563 - 5s - loss: 4.2398 - accuracy: 0.0438 - val_loss: 3.9987 - val_accuracy: 0.0796 - 5s/epoch - 3ms/step
313/313 - 0s - loss: 3.9987 - accuracy: 0.0796 - 459ms/epoch - 1ms/step

ACCURACY: 0.07959999889135361


SCORE: -0.33890940722394747

[92m | MODULE VALUES ---------------------------------------------  |
 [0m
FLOPS: 8405296
PARAMS: 324324.0
[92m 
 | -----------------------------------------------------------  |
 [0m

--- BANANAS ITERATION 20 / 1000 ---
Chosen point: {'num_neurons': 8, 'unit_c1': 4, 'unit_c2': 3, 'dr_f': 0.03164520157098164, 'learning_rate': 0.0009061381643597408, 'batch_size': 64, 'optimizer': 'Adam', 'activation': 'selu', 'data_augmentation': False, 'reg_l2': True, 'skip_connection': True, 'new_fc_1': 11, 'new_fc_2': 13, 'new_fc_3': 31, 'new_fc_4': 22, 'new_fc_5': 26, 'new_fc_6': 4, 'new_fc_7': 29, 'new_fc_8': 28, 'new_fc_9': 14, 'new_fc_10': 11}
[94m
|  --> START TRAINING ITERATION 19[0m
[INFO] Flags -> DA: False, L2: True, Skip: True
Building model with input_shape=(32, 32, 3), pos_input_shape=None, layer_x_block=2
Model: "model"
__________________________________________________________________________________________________
 Layer (type)                Output Shape                 Param #   Connected to                  
==================================================================================================
 input_1 (InputLayer)        [(None, 32, 32, 3)]          0         []                            
                                                                                                  
 conv2d (Conv2D)             (None, 32, 32, 32)           896       ['input_1[0][0]']             
                                                                                                  
 activation (Activation)     (None, 32, 32, 32)           0         ['conv2d[0][0]']              
                                                                                                  
 conv2d_2 (Conv2D)           (None, 32, 32, 32)           128       ['input_1[0][0]']             
                                                                                                  
 conv2d_1 (Conv2D)           (None, 32, 32, 32)           9248      ['activation[0][0]']          
                                                                                                  
 add (Add)                   (None, 32, 32, 32)           0         ['conv2d_2[0][0]',            
                                                                     'conv2d_1[0][0]']            
                                                                                                  
 activation_1 (Activation)   (None, 32, 32, 32)           0         ['add[0][0]']                 
                                                                                                  
 max_pooling2d (MaxPooling2  (None, 16, 16, 32)           0         ['activation_1[0][0]']        
 D)                                                                                               
                                                                                                  
 conv2d_3 (Conv2D)           (None, 16, 16, 24)           6936      ['max_pooling2d[0][0]']       
                                                                                                  
 activation_2 (Activation)   (None, 16, 16, 24)           0         ['conv2d_3[0][0]']            
                                                                                                  
 conv2d_5 (Conv2D)           (None, 16, 16, 24)           792       ['max_pooling2d[0][0]']       
                                                                                                  
 conv2d_4 (Conv2D)           (None, 16, 16, 24)           5208      ['activation_2[0][0]']        
                                                                                                  
 add_1 (Add)                 (None, 16, 16, 24)           0         ['conv2d_5[0][0]',            
                                                                     'conv2d_4[0][0]']            
                                                                                                  
 activation_3 (Activation)   (None, 16, 16, 24)           0         ['add_1[0][0]']               
                                                                                                  
 max_pooling2d_1 (MaxPoolin  (None, 8, 8, 24)             0         ['activation_3[0][0]']        
 g2D)                                                                                             
                                                                                                  
 flatten (Flatten)           (None, 1536)                 0         ['max_pooling2d_1[0][0]']     
                                                                                                  
 dense (Dense)               (None, 88)                   135256    ['flatten[0][0]']             
                                                                                                  
 activation_4 (Activation)   (None, 88)                   0         ['dense[0][0]']               
                                                                                                  
 dropout (Dropout)           (None, 88)                   0         ['activation_4[0][0]']        
                                                                                                  
 dense_1 (Dense)             (None, 104)                  9256      ['dropout[0][0]']             
                                                                                                  
 activation_5 (Activation)   (None, 104)                  0         ['dense_1[0][0]']             
                                                                                                  
 dropout_1 (Dropout)         (None, 104)                  0         ['activation_5[0][0]']        
                                                                                                  
 dense_2 (Dense)             (None, 248)                  26040     ['dropout_1[0][0]']           
                                                                                                  
 activation_6 (Activation)   (None, 248)                  0         ['dense_2[0][0]']             
                                                                                                  
 dropout_2 (Dropout)         (None, 248)                  0         ['activation_6[0][0]']        
                                                                                                  
 dense_3 (Dense)             (None, 176)                  43824     ['dropout_2[0][0]']           
                                                                                                  
 activation_7 (Activation)   (None, 176)                  0         ['dense_3[0][0]']             
                                                                                                  
 dropout_3 (Dropout)         (None, 176)                  0         ['activation_7[0][0]']        
                                                                                                  
 dense_4 (Dense)             (None, 208)                  36816     ['dropout_3[0][0]']           
                                                                                                  
 activation_8 (Activation)   (None, 208)                  0         ['dense_4[0][0]']             
                                                                                                  
 dropout_4 (Dropout)         (None, 208)                  0         ['activation_8[0][0]']        
                                                                                                  
 dense_5 (Dense)             (None, 32)                   6688      ['dropout_4[0][0]']           
                                                                                                  
 activation_9 (Activation)   (None, 32)                   0         ['dense_5[0][0]']             
                                                                                                  
 dropout_5 (Dropout)         (None, 32)                   0         ['activation_9[0][0]']        
                                                                                                  
 dense_6 (Dense)             (None, 232)                  7656      ['dropout_5[0][0]']           
                                                                                                  
 activation_10 (Activation)  (None, 232)                  0         ['dense_6[0][0]']             
                                                                                                  
 dropout_6 (Dropout)         (None, 232)                  0         ['activation_10[0][0]']       
                                                                                                  
 dense_7 (Dense)             (None, 224)                  52192     ['dropout_6[0][0]']           
                                                                                                  
 activation_11 (Activation)  (None, 224)                  0         ['dense_7[0][0]']             
                                                                                                  
 dropout_7 (Dropout)         (None, 224)                  0         ['activation_11[0][0]']       
                                                                                                  
 dense_8 (Dense)             (None, 112)                  25200     ['dropout_7[0][0]']           
                                                                                                  
 activation_12 (Activation)  (None, 112)                  0         ['dense_8[0][0]']             
                                                                                                  
 dropout_8 (Dropout)         (None, 112)                  0         ['activation_12[0][0]']       
                                                                                                  
 dense_9 (Dense)             (None, 88)                   9944      ['dropout_8[0][0]']           
                                                                                                  
 activation_13 (Activation)  (None, 88)                   0         ['dense_9[0][0]']             
                                                                                                  
 dropout_9 (Dropout)         (None, 88)                   0         ['activation_13[0][0]']       
                                                                                                  
 dense_10 (Dense)            (None, 100)                  8900      ['dropout_9[0][0]']           
                                                                                                  
==================================================================================================
Total params: 384980 (1.47 MB)
Trainable params: 384980 (1.47 MB)
Non-trainable params: 0 (0.00 Byte)
__________________________________________________________________________________________________
Epoch 1/100
782/782 - 7s - loss: 8.1723 - accuracy: 0.0541 - val_loss: 4.6285 - val_accuracy: 0.0708 - 7s/epoch - 9ms/step
Epoch 2/100
782/782 - 4s - loss: 4.4521 - accuracy: 0.0730 - val_loss: 4.3748 - val_accuracy: 0.0775 - 4s/epoch - 6ms/step
Epoch 3/100
782/782 - 4s - loss: 4.3715 - accuracy: 0.0764 - val_loss: 4.3668 - val_accuracy: 0.0782 - 4s/epoch - 5ms/step
Epoch 4/100
782/782 - 4s - loss: 4.3346 - accuracy: 0.0788 - val_loss: 4.2952 - val_accuracy: 0.0882 - 4s/epoch - 6ms/step
Epoch 5/100
782/782 - 4s - loss: 4.3045 - accuracy: 0.0840 - val_loss: 4.2726 - val_accuracy: 0.0932 - 4s/epoch - 6ms/step
Epoch 6/100
782/782 - 4s - loss: 4.2762 - accuracy: 0.0887 - val_loss: 4.2302 - val_accuracy: 0.0995 - 4s/epoch - 6ms/step
Epoch 7/100
782/782 - 4s - loss: 4.2453 - accuracy: 0.0934 - val_loss: 4.2002 - val_accuracy: 0.1036 - 4s/epoch - 6ms/step
Epoch 8/100
782/782 - 4s - loss: 4.2229 - accuracy: 0.0963 - val_loss: 4.2026 - val_accuracy: 0.1007 - 4s/epoch - 5ms/step
Epoch 9/100
782/782 - 4s - loss: 4.2031 - accuracy: 0.0992 - val_loss: 4.2141 - val_accuracy: 0.1023 - 4s/epoch - 5ms/step
Epoch 10/100
782/782 - 4s - loss: 4.1826 - accuracy: 0.1030 - val_loss: 4.1516 - val_accuracy: 0.1098 - 4s/epoch - 5ms/step
Epoch 11/100
782/782 - 4s - loss: 4.1697 - accuracy: 0.1056 - val_loss: 4.1686 - val_accuracy: 0.1021 - 4s/epoch - 5ms/step
Epoch 12/100
782/782 - 4s - loss: 4.1484 - accuracy: 0.1084 - val_loss: 4.1190 - val_accuracy: 0.1181 - 4s/epoch - 6ms/step
Epoch 13/100
782/782 - 4s - loss: 4.1319 - accuracy: 0.1136 - val_loss: 4.1114 - val_accuracy: 0.1097 - 4s/epoch - 6ms/step
Epoch 14/100
782/782 - 4s - loss: 4.1204 - accuracy: 0.1160 - val_loss: 4.1475 - val_accuracy: 0.1061 - 4s/epoch - 6ms/step
Epoch 15/100
782/782 - 4s - loss: 4.1056 - accuracy: 0.1166 - val_loss: 4.1237 - val_accuracy: 0.1184 - 4s/epoch - 5ms/step
Epoch 16/100
782/782 - 4s - loss: 4.0872 - accuracy: 0.1177 - val_loss: 4.0512 - val_accuracy: 0.1284 - 4s/epoch - 5ms/step
Epoch 17/100
782/782 - 4s - loss: 4.0720 - accuracy: 0.1222 - val_loss: 4.0796 - val_accuracy: 0.1253 - 4s/epoch - 5ms/step
Epoch 18/100
782/782 - 4s - loss: 4.0670 - accuracy: 0.1231 - val_loss: 4.0619 - val_accuracy: 0.1236 - 4s/epoch - 5ms/step
Epoch 19/100
782/782 - 4s - loss: 4.0527 - accuracy: 0.1257 - val_loss: 4.0268 - val_accuracy: 0.1358 - 4s/epoch - 5ms/step
Epoch 20/100
782/782 - 4s - loss: 4.0366 - accuracy: 0.1302 - val_loss: 4.0184 - val_accuracy: 0.1361 - 4s/epoch - 5ms/step
Epoch 21/100
782/782 - 4s - loss: 4.0294 - accuracy: 0.1361 - val_loss: 4.0185 - val_accuracy: 0.1334 - 4s/epoch - 5ms/step
Epoch 22/100
782/782 - 4s - loss: 4.0124 - accuracy: 0.1360 - val_loss: 3.9887 - val_accuracy: 0.1460 - 4s/epoch - 5ms/step
Epoch 23/100
782/782 - 4s - loss: 4.0038 - accuracy: 0.1392 - val_loss: 4.0114 - val_accuracy: 0.1391 - 4s/epoch - 5ms/step
Epoch 24/100
782/782 - 4s - loss: 3.9943 - accuracy: 0.1421 - val_loss: 3.9801 - val_accuracy: 0.1510 - 4s/epoch - 5ms/step
Epoch 25/100
782/782 - 4s - loss: 3.9969 - accuracy: 0.1416 - val_loss: 3.9657 - val_accuracy: 0.1587 - 4s/epoch - 5ms/step
Epoch 26/100
782/782 - 4s - loss: 3.9859 - accuracy: 0.1443 - val_loss: 3.9810 - val_accuracy: 0.1474 - 4s/epoch - 5ms/step
Epoch 27/100
782/782 - 4s - loss: 3.9804 - accuracy: 0.1440 - val_loss: 3.9477 - val_accuracy: 0.1554 - 4s/epoch - 5ms/step
Epoch 28/100
782/782 - 4s - loss: 3.9688 - accuracy: 0.1481 - val_loss: 3.9511 - val_accuracy: 0.1527 - 4s/epoch - 5ms/step
Epoch 29/100
782/782 - 4s - loss: 3.9667 - accuracy: 0.1480 - val_loss: 4.0429 - val_accuracy: 0.1301 - 4s/epoch - 5ms/step
Epoch 30/100
782/782 - 4s - loss: 3.9611 - accuracy: 0.1457 - val_loss: 3.9512 - val_accuracy: 0.1636 - 4s/epoch - 5ms/step
Epoch 31/100
782/782 - 4s - loss: 3.9483 - accuracy: 0.1487 - val_loss: 3.9770 - val_accuracy: 0.1498 - 4s/epoch - 5ms/step
Epoch 32/100
782/782 - 4s - loss: 3.9466 - accuracy: 0.1505 - val_loss: 3.9650 - val_accuracy: 0.1503 - 4s/epoch - 5ms/step
Epoch 33/100
782/782 - 4s - loss: 3.9440 - accuracy: 0.1526 - val_loss: 3.9221 - val_accuracy: 0.1539 - 4s/epoch - 5ms/step
Epoch 34/100
782/782 - 4s - loss: 3.9388 - accuracy: 0.1545 - val_loss: 3.9593 - val_accuracy: 0.1559 - 4s/epoch - 5ms/step
Epoch 35/100
782/782 - 4s - loss: 3.9315 - accuracy: 0.1527 - val_loss: 4.0129 - val_accuracy: 0.1377 - 4s/epoch - 5ms/step
Epoch 36/100
782/782 - 4s - loss: 3.9350 - accuracy: 0.1543 - val_loss: 3.9492 - val_accuracy: 0.1606 - 4s/epoch - 5ms/step
Epoch 37/100
782/782 - 4s - loss: 3.9209 - accuracy: 0.1564 - val_loss: 3.9008 - val_accuracy: 0.1608 - 4s/epoch - 5ms/step
Epoch 38/100
782/782 - 4s - loss: 3.9220 - accuracy: 0.1587 - val_loss: 3.8692 - val_accuracy: 0.1665 - 4s/epoch - 5ms/step
Epoch 39/100
782/782 - 4s - loss: 3.9097 - accuracy: 0.1594 - val_loss: 4.0167 - val_accuracy: 0.1452 - 4s/epoch - 5ms/step
Epoch 40/100
782/782 - 4s - loss: 3.9160 - accuracy: 0.1569 - val_loss: 3.9059 - val_accuracy: 0.1625 - 4s/epoch - 5ms/step
Epoch 41/100
782/782 - 4s - loss: 3.9080 - accuracy: 0.1619 - val_loss: 3.9082 - val_accuracy: 0.1688 - 4s/epoch - 5ms/step
Epoch 42/100
782/782 - 4s - loss: 3.9054 - accuracy: 0.1597 - val_loss: 3.8958 - val_accuracy: 0.1677 - 4s/epoch - 5ms/step
Epoch 43/100
782/782 - 4s - loss: 3.8921 - accuracy: 0.1629 - val_loss: 3.8697 - val_accuracy: 0.1667 - 4s/epoch - 5ms/step
Epoch 44/100
782/782 - 4s - loss: 3.8916 - accuracy: 0.1649 - val_loss: 3.8929 - val_accuracy: 0.1662 - 4s/epoch - 5ms/step
Epoch 45/100
782/782 - 4s - loss: 3.8988 - accuracy: 0.1646 - val_loss: 3.8809 - val_accuracy: 0.1742 - 4s/epoch - 5ms/step
Epoch 46/100
782/782 - 4s - loss: 3.8889 - accuracy: 0.1673 - val_loss: 3.8469 - val_accuracy: 0.1813 - 4s/epoch - 5ms/step
Epoch 47/100
782/782 - 4s - loss: 3.8916 - accuracy: 0.1652 - val_loss: 3.9457 - val_accuracy: 0.1588 - 4s/epoch - 5ms/step
Epoch 48/100
782/782 - 4s - loss: 3.8830 - accuracy: 0.1667 - val_loss: 3.8651 - val_accuracy: 0.1777 - 4s/epoch - 5ms/step
Epoch 49/100
782/782 - 4s - loss: 3.8742 - accuracy: 0.1693 - val_loss: 3.8965 - val_accuracy: 0.1721 - 4s/epoch - 5ms/step
Epoch 50/100
782/782 - 4s - loss: 3.8771 - accuracy: 0.1683 - val_loss: 3.8785 - val_accuracy: 0.1757 - 4s/epoch - 5ms/step
Epoch 51/100
782/782 - 4s - loss: 3.8814 - accuracy: 0.1669 - val_loss: 3.8496 - val_accuracy: 0.1805 - 4s/epoch - 5ms/step
Epoch 52/100
782/782 - 4s - loss: 3.8733 - accuracy: 0.1682 - val_loss: 3.8565 - val_accuracy: 0.1778 - 4s/epoch - 5ms/step
Epoch 53/100
782/782 - 4s - loss: 3.8729 - accuracy: 0.1703 - val_loss: 3.9275 - val_accuracy: 0.1587 - 4s/epoch - 5ms/step
Epoch 54/100
782/782 - 4s - loss: 3.8688 - accuracy: 0.1698 - val_loss: 3.8708 - val_accuracy: 0.1766 - 4s/epoch - 5ms/step
Epoch 55/100
782/782 - 4s - loss: 3.8679 - accuracy: 0.1723 - val_loss: 3.8296 - val_accuracy: 0.1766 - 4s/epoch - 5ms/step
Epoch 56/100
782/782 - 4s - loss: 3.8645 - accuracy: 0.1742 - val_loss: 3.9028 - val_accuracy: 0.1749 - 4s/epoch - 5ms/step
Epoch 57/100
782/782 - 4s - loss: 3.8642 - accuracy: 0.1716 - val_loss: 3.8746 - val_accuracy: 0.1766 - 4s/epoch - 5ms/step
Epoch 58/100
782/782 - 4s - loss: 3.8560 - accuracy: 0.1743 - val_loss: 3.8795 - val_accuracy: 0.1681 - 4s/epoch - 5ms/step
Epoch 59/100
782/782 - 4s - loss: 3.8536 - accuracy: 0.1742 - val_loss: 3.8475 - val_accuracy: 0.1728 - 4s/epoch - 5ms/step
Epoch 60/100
782/782 - 4s - loss: 3.8539 - accuracy: 0.1737 - val_loss: 3.9198 - val_accuracy: 0.1694 - 4s/epoch - 5ms/step
Epoch 61/100
782/782 - 4s - loss: 3.8492 - accuracy: 0.1760 - val_loss: 3.8281 - val_accuracy: 0.1863 - 4s/epoch - 5ms/step
Epoch 62/100
782/782 - 4s - loss: 3.8443 - accuracy: 0.1752 - val_loss: 3.8453 - val_accuracy: 0.1762 - 4s/epoch - 5ms/step
Epoch 63/100
782/782 - 4s - loss: 3.8491 - accuracy: 0.1753 - val_loss: 3.8512 - val_accuracy: 0.1811 - 4s/epoch - 5ms/step
Epoch 64/100
782/782 - 4s - loss: 3.8434 - accuracy: 0.1768 - val_loss: 3.8735 - val_accuracy: 0.1756 - 4s/epoch - 5ms/step
Epoch 65/100
782/782 - 4s - loss: 3.8456 - accuracy: 0.1793 - val_loss: 3.8354 - val_accuracy: 0.1876 - 4s/epoch - 5ms/step
Epoch 66/100
782/782 - 4s - loss: 3.8406 - accuracy: 0.1770 - val_loss: 3.8314 - val_accuracy: 0.1863 - 4s/epoch - 5ms/step
Epoch 67/100
782/782 - 4s - loss: 3.8351 - accuracy: 0.1774 - val_loss: 3.7952 - val_accuracy: 0.1923 - 4s/epoch - 5ms/step
Epoch 68/100
782/782 - 4s - loss: 3.8331 - accuracy: 0.1800 - val_loss: 3.7916 - val_accuracy: 0.1884 - 4s/epoch - 5ms/step
Epoch 69/100
782/782 - 4s - loss: 3.8359 - accuracy: 0.1791 - val_loss: 3.8422 - val_accuracy: 0.1828 - 4s/epoch - 5ms/step
Epoch 70/100
782/782 - 4s - loss: 3.8312 - accuracy: 0.1799 - val_loss: 3.8364 - val_accuracy: 0.1789 - 4s/epoch - 5ms/step
Epoch 71/100
782/782 - 4s - loss: 3.8267 - accuracy: 0.1795 - val_loss: 3.8095 - val_accuracy: 0.1944 - 4s/epoch - 5ms/step
Epoch 72/100
782/782 - 4s - loss: 3.8267 - accuracy: 0.1798 - val_loss: 3.8409 - val_accuracy: 0.1762 - 4s/epoch - 5ms/step
Epoch 73/100
782/782 - 4s - loss: 3.8305 - accuracy: 0.1785 - val_loss: 3.8251 - val_accuracy: 0.1813 - 4s/epoch - 5ms/step
Epoch 74/100
782/782 - 4s - loss: 3.8264 - accuracy: 0.1791 - val_loss: 3.8472 - val_accuracy: 0.1739 - 4s/epoch - 5ms/step
Epoch 75/100
782/782 - 4s - loss: 3.8235 - accuracy: 0.1802 - val_loss: 3.8025 - val_accuracy: 0.1925 - 4s/epoch - 5ms/step
Epoch 76/100
782/782 - 4s - loss: 3.8255 - accuracy: 0.1837 - val_loss: 3.8510 - val_accuracy: 0.1782 - 4s/epoch - 5ms/step
Epoch 77/100
782/782 - 4s - loss: 3.8161 - accuracy: 0.1830 - val_loss: 3.7745 - val_accuracy: 0.1992 - 4s/epoch - 5ms/step
Epoch 78/100
782/782 - 4s - loss: 3.8170 - accuracy: 0.1831 - val_loss: 3.8398 - val_accuracy: 0.1807 - 4s/epoch - 5ms/step
Epoch 79/100
782/782 - 4s - loss: 3.8184 - accuracy: 0.1837 - val_loss: 3.8322 - val_accuracy: 0.1802 - 4s/epoch - 5ms/step
Epoch 80/100
782/782 - 4s - loss: 3.8144 - accuracy: 0.1839 - val_loss: 3.8282 - val_accuracy: 0.1866 - 4s/epoch - 5ms/step
Epoch 81/100
782/782 - 4s - loss: 3.8167 - accuracy: 0.1827 - val_loss: 3.7816 - val_accuracy: 0.1955 - 4s/epoch - 5ms/step
Epoch 82/100
782/782 - 4s - loss: 3.8116 - accuracy: 0.1860 - val_loss: 3.7930 - val_accuracy: 0.1979 - 4s/epoch - 5ms/step
Epoch 83/100
782/782 - 4s - loss: 3.8117 - accuracy: 0.1841 - val_loss: 3.8556 - val_accuracy: 0.1808 - 4s/epoch - 5ms/step
Epoch 84/100
782/782 - 4s - loss: 3.8111 - accuracy: 0.1856 - val_loss: 3.8169 - val_accuracy: 0.1914 - 4s/epoch - 5ms/step
Epoch 85/100
782/782 - 4s - loss: 3.8119 - accuracy: 0.1856 - val_loss: 3.8285 - val_accuracy: 0.1892 - 4s/epoch - 5ms/step
Epoch 86/100
782/782 - 4s - loss: 3.8095 - accuracy: 0.1831 - val_loss: 3.8202 - val_accuracy: 0.1817 - 4s/epoch - 5ms/step
Epoch 87/100
782/782 - 4s - loss: 3.8094 - accuracy: 0.1821 - val_loss: 3.7704 - val_accuracy: 0.1972 - 4s/epoch - 5ms/step
Epoch 88/100
782/782 - 4s - loss: 3.8108 - accuracy: 0.1843 - val_loss: 3.8108 - val_accuracy: 0.1924 - 4s/epoch - 5ms/step
Epoch 89/100
782/782 - 4s - loss: 3.8076 - accuracy: 0.1852 - val_loss: 3.8266 - val_accuracy: 0.1859 - 4s/epoch - 5ms/step
Epoch 90/100
782/782 - 4s - loss: 3.8055 - accuracy: 0.1875 - val_loss: 3.8021 - val_accuracy: 0.1940 - 4s/epoch - 5ms/step
Epoch 91/100
782/782 - 4s - loss: 3.7967 - accuracy: 0.1869 - val_loss: 3.8101 - val_accuracy: 0.1915 - 4s/epoch - 5ms/step
Epoch 92/100
782/782 - 4s - loss: 3.8080 - accuracy: 0.1870 - val_loss: 3.7820 - val_accuracy: 0.2010 - 4s/epoch - 5ms/step
Epoch 93/100
782/782 - 4s - loss: 3.8004 - accuracy: 0.1870 - val_loss: 3.8395 - val_accuracy: 0.1791 - 4s/epoch - 5ms/step
Epoch 94/100
782/782 - 4s - loss: 3.7956 - accuracy: 0.1874 - val_loss: 3.8391 - val_accuracy: 0.1856 - 4s/epoch - 5ms/step
Epoch 95/100
782/782 - 4s - loss: 3.7978 - accuracy: 0.1871 - val_loss: 3.8382 - val_accuracy: 0.1818 - 4s/epoch - 5ms/step
Epoch 96/100
782/782 - 4s - loss: 3.8028 - accuracy: 0.1861 - val_loss: 3.7705 - val_accuracy: 0.1989 - 4s/epoch - 5ms/step
Epoch 97/100
782/782 - 4s - loss: 3.7960 - accuracy: 0.1859 - val_loss: 3.8549 - val_accuracy: 0.1875 - 4s/epoch - 5ms/step
Epoch 98/100
782/782 - 4s - loss: 3.7933 - accuracy: 0.1866 - val_loss: 3.8495 - val_accuracy: 0.1845 - 4s/epoch - 5ms/step
Epoch 99/100
782/782 - 4s - loss: 3.7967 - accuracy: 0.1859 - val_loss: 3.7719 - val_accuracy: 0.1979 - 4s/epoch - 5ms/step
Epoch 100/100
782/782 - 4s - loss: 3.7947 - accuracy: 0.1873 - val_loss: 3.8053 - val_accuracy: 0.1832 - 4s/epoch - 5ms/step
313/313 - 1s - loss: 3.8052 - accuracy: 0.1832 - 610ms/epoch - 2ms/step

ACCURACY: 0.18320000171661377


SCORE: -0.3715523852016296

[92m | MODULE VALUES ---------------------------------------------  |
 [0m
FLOPS: 28343808
PARAMS: 384980.0
[92m 
 | -----------------------------------------------------------  |
 [0m

--- BANANAS ITERATION 21 / 1000 ---
Chosen point: {'num_neurons': 4, 'unit_c1': 3, 'unit_c2': 1, 'dr_f': 0.11272802293145487, 'learning_rate': 0.0009143531353576512, 'batch_size': 8, 'optimizer': 'SGD', 'activation': 'selu', 'data_augmentation': True, 'reg_l2': True, 'skip_connection': True, 'new_fc_1': 5, 'new_fc_2': 5, 'new_fc_3': 25, 'new_fc_4': 3, 'new_fc_5': 23, 'new_fc_6': 12, 'new_fc_7': 24, 'new_fc_8': 28, 'new_fc_9': 29, 'new_fc_10': 3}
[94m
|  --> START TRAINING ITERATION 20[0m
[INFO] Flags -> DA: True, L2: True, Skip: True
Building model with input_shape=(32, 32, 3), pos_input_shape=None, layer_x_block=2
Model: "model"
__________________________________________________________________________________________________
 Layer (type)                Output Shape                 Param #   Connected to                  
==================================================================================================
 input_2 (InputLayer)        [(None, 32, 32, 3)]          0         []                            
                                                                                                  
 conv2d (Conv2D)             (None, 32, 32, 12)           336       ['input_2[0][0]']             
                                                                                                  
 activation (Activation)     (None, 32, 32, 12)           0         ['conv2d[1][0]']              
                                                                                                  
 conv2d_2 (Conv2D)           (None, 32, 32, 12)           48        ['input_2[0][0]']             
                                                                                                  
 conv2d_1 (Conv2D)           (None, 32, 32, 12)           1308      ['activation[1][0]']          
                                                                                                  
 add (Add)                   (None, 32, 32, 12)           0         ['conv2d_2[1][0]',            
                                                                     'conv2d_1[1][0]']            
                                                                                                  
 activation_1 (Activation)   (None, 32, 32, 12)           0         ['add[1][0]']                 
                                                                                                  
 max_pooling2d (MaxPooling2  (None, 16, 16, 12)           0         ['activation_1[1][0]']        
 D)                                                                                               
                                                                                                  
 conv2d_3 (Conv2D)           (None, 16, 16, 4)            436       ['max_pooling2d[1][0]']       
                                                                                                  
 activation_2 (Activation)   (None, 16, 16, 4)            0         ['conv2d_3[1][0]']            
                                                                                                  
 conv2d_5 (Conv2D)           (None, 16, 16, 4)            52        ['max_pooling2d[1][0]']       
                                                                                                  
 conv2d_4 (Conv2D)           (None, 16, 16, 4)            148       ['activation_2[1][0]']        
                                                                                                  
 add_1 (Add)                 (None, 16, 16, 4)            0         ['conv2d_5[1][0]',            
                                                                     'conv2d_4[1][0]']            
                                                                                                  
 activation_3 (Activation)   (None, 16, 16, 4)            0         ['add_1[1][0]']               
                                                                                                  
 max_pooling2d_1 (MaxPoolin  (None, 8, 8, 4)              0         ['activation_3[1][0]']        
 g2D)                                                                                             
                                                                                                  
 flatten (Flatten)           (None, 256)                  0         ['max_pooling2d_1[1][0]']     
                                                                                                  
 dense (Dense)               (None, 20)                   5140      ['flatten[1][0]']             
                                                                                                  
 activation_4 (Activation)   (None, 20)                   0         ['dense[1][0]']               
                                                                                                  
 dropout (Dropout)           (None, 20)                   0         ['activation_4[1][0]']        
                                                                                                  
 dense_1 (Dense)             (None, 20)                   420       ['dropout[1][0]']             
                                                                                                  
 activation_5 (Activation)   (None, 20)                   0         ['dense_1[1][0]']             
                                                                                                  
 dropout_1 (Dropout)         (None, 20)                   0         ['activation_5[1][0]']        
                                                                                                  
 dense_2 (Dense)             (None, 100)                  2100      ['dropout_1[1][0]']           
                                                                                                  
 activation_6 (Activation)   (None, 100)                  0         ['dense_2[1][0]']             
                                                                                                  
 dropout_2 (Dropout)         (None, 100)                  0         ['activation_6[1][0]']        
                                                                                                  
 dense_3 (Dense)             (None, 12)                   1212      ['dropout_2[1][0]']           
                                                                                                  
 activation_7 (Activation)   (None, 12)                   0         ['dense_3[1][0]']             
                                                                                                  
 dropout_3 (Dropout)         (None, 12)                   0         ['activation_7[1][0]']        
                                                                                                  
 dense_4 (Dense)             (None, 92)                   1196      ['dropout_3[1][0]']           
                                                                                                  
 activation_8 (Activation)   (None, 92)                   0         ['dense_4[1][0]']             
                                                                                                  
 dropout_4 (Dropout)         (None, 92)                   0         ['activation_8[1][0]']        
                                                                                                  
 dense_5 (Dense)             (None, 48)                   4464      ['dropout_4[1][0]']           
                                                                                                  
 activation_9 (Activation)   (None, 48)                   0         ['dense_5[1][0]']             
                                                                                                  
 dropout_5 (Dropout)         (None, 48)                   0         ['activation_9[1][0]']        
                                                                                                  
 dense_6 (Dense)             (None, 96)                   4704      ['dropout_5[1][0]']           
                                                                                                  
 activation_10 (Activation)  (None, 96)                   0         ['dense_6[1][0]']             
                                                                                                  
 dropout_6 (Dropout)         (None, 96)                   0         ['activation_10[1][0]']       
                                                                                                  
 dense_7 (Dense)             (None, 112)                  10864     ['dropout_6[1][0]']           
                                                                                                  
 activation_11 (Activation)  (None, 112)                  0         ['dense_7[1][0]']             
                                                                                                  
 dropout_7 (Dropout)         (None, 112)                  0         ['activation_11[1][0]']       
                                                                                                  
 dense_8 (Dense)             (None, 116)                  13108     ['dropout_7[1][0]']           
                                                                                                  
 activation_12 (Activation)  (None, 116)                  0         ['dense_8[1][0]']             
                                                                                                  
 dropout_8 (Dropout)         (None, 116)                  0         ['activation_12[1][0]']       
                                                                                                  
 dense_9 (Dense)             (None, 12)                   1404      ['dropout_8[1][0]']           
                                                                                                  
 activation_13 (Activation)  (None, 12)                   0         ['dense_9[1][0]']             
                                                                                                  
 dropout_9 (Dropout)         (None, 12)                   0         ['activation_13[1][0]']       
                                                                                                  
 dense_10 (Dense)            (None, 100)                  1300      ['dropout_9[1][0]']           
                                                                                                  
==================================================================================================
Total params: 48240 (188.44 KB)
Trainable params: 48240 (188.44 KB)
Non-trainable params: 0 (0.00 Byte)
__________________________________________________________________________________________________
Epoch 1/100
6250/6250 - 23s - loss: 9.3977 - accuracy: 0.0143 - val_loss: 8.7818 - val_accuracy: 0.0249 - 23s/epoch - 4ms/step
Epoch 2/100
6250/6250 - 22s - loss: 8.3208 - accuracy: 0.0245 - val_loss: 7.8470 - val_accuracy: 0.0302 - 22s/epoch - 3ms/step
Epoch 3/100
6250/6250 - 22s - loss: 7.4817 - accuracy: 0.0286 - val_loss: 7.0971 - val_accuracy: 0.0349 - 22s/epoch - 3ms/step
Epoch 4/100
6250/6250 - 21s - loss: 6.8319 - accuracy: 0.0338 - val_loss: 6.5380 - val_accuracy: 0.0382 - 21s/epoch - 3ms/step
Epoch 5/100
6250/6250 - 21s - loss: 6.3317 - accuracy: 0.0379 - val_loss: 6.0963 - val_accuracy: 0.0407 - 21s/epoch - 3ms/step
Epoch 6/100
6250/6250 - 21s - loss: 5.9451 - accuracy: 0.0382 - val_loss: 5.7617 - val_accuracy: 0.0440 - 21s/epoch - 3ms/step
Epoch 7/100
6250/6250 - 21s - loss: 5.6406 - accuracy: 0.0388 - val_loss: 5.4870 - val_accuracy: 0.0477 - 21s/epoch - 3ms/step
Epoch 8/100
6250/6250 - 21s - loss: 5.4000 - accuracy: 0.0403 - val_loss: 5.2758 - val_accuracy: 0.0458 - 21s/epoch - 3ms/step
Epoch 9/100
6250/6250 - 21s - loss: 5.2086 - accuracy: 0.0407 - val_loss: 5.1030 - val_accuracy: 0.0509 - 21s/epoch - 3ms/step
Epoch 10/100
6250/6250 - 21s - loss: 5.0541 - accuracy: 0.0414 - val_loss: 4.9669 - val_accuracy: 0.0478 - 21s/epoch - 3ms/step
Epoch 11/100
6250/6250 - 21s - loss: 4.9320 - accuracy: 0.0426 - val_loss: 4.8653 - val_accuracy: 0.0466 - 21s/epoch - 3ms/step
Epoch 12/100
6250/6250 - 21s - loss: 4.8329 - accuracy: 0.0423 - val_loss: 4.7688 - val_accuracy: 0.0511 - 21s/epoch - 3ms/step
Epoch 13/100
6250/6250 - 21s - loss: 4.7528 - accuracy: 0.0440 - val_loss: 4.7012 - val_accuracy: 0.0496 - 21s/epoch - 3ms/step
Epoch 14/100
6250/6250 - 22s - loss: 4.6882 - accuracy: 0.0452 - val_loss: 4.6424 - val_accuracy: 0.0488 - 22s/epoch - 3ms/step
Epoch 15/100
6250/6250 - 21s - loss: 4.6347 - accuracy: 0.0457 - val_loss: 4.5966 - val_accuracy: 0.0508 - 21s/epoch - 3ms/step
Epoch 16/100
6250/6250 - 21s - loss: 4.5919 - accuracy: 0.0454 - val_loss: 4.5621 - val_accuracy: 0.0480 - 21s/epoch - 3ms/step
Epoch 17/100
6250/6250 - 21s - loss: 4.5577 - accuracy: 0.0452 - val_loss: 4.5241 - val_accuracy: 0.0500 - 21s/epoch - 3ms/step
Epoch 18/100
6250/6250 - 21s - loss: 4.5282 - accuracy: 0.0445 - val_loss: 4.4930 - val_accuracy: 0.0542 - 21s/epoch - 3ms/step
Epoch 19/100
6250/6250 - 21s - loss: 4.5032 - accuracy: 0.0476 - val_loss: 4.4719 - val_accuracy: 0.0529 - 21s/epoch - 3ms/step
Epoch 20/100
6250/6250 - 21s - loss: 4.4829 - accuracy: 0.0472 - val_loss: 4.4613 - val_accuracy: 0.0524 - 21s/epoch - 3ms/step
Epoch 21/100
6250/6250 - 21s - loss: 4.4635 - accuracy: 0.0480 - val_loss: 4.4369 - val_accuracy: 0.0532 - 21s/epoch - 3ms/step
Epoch 22/100
6250/6250 - 21s - loss: 4.4486 - accuracy: 0.0477 - val_loss: 4.4222 - val_accuracy: 0.0537 - 21s/epoch - 3ms/step
Epoch 23/100
6250/6250 - 22s - loss: 4.4352 - accuracy: 0.0494 - val_loss: 4.4111 - val_accuracy: 0.0564 - 22s/epoch - 4ms/step
Epoch 24/100
6250/6250 - 22s - loss: 4.4234 - accuracy: 0.0492 - val_loss: 4.3965 - val_accuracy: 0.0536 - 22s/epoch - 3ms/step
Epoch 25/100
6250/6250 - 22s - loss: 4.4119 - accuracy: 0.0496 - val_loss: 4.3887 - val_accuracy: 0.0553 - 22s/epoch - 3ms/step
Epoch 26/100
6250/6250 - 22s - loss: 4.4070 - accuracy: 0.0486 - val_loss: 4.3903 - val_accuracy: 0.0543 - 22s/epoch - 3ms/step
Epoch 27/100
6250/6250 - 22s - loss: 4.3964 - accuracy: 0.0489 - val_loss: 4.3771 - val_accuracy: 0.0554 - 22s/epoch - 3ms/step
Epoch 28/100
6250/6250 - 22s - loss: 4.3909 - accuracy: 0.0491 - val_loss: 4.3698 - val_accuracy: 0.0549 - 22s/epoch - 3ms/step
Epoch 29/100
6250/6250 - 22s - loss: 4.3835 - accuracy: 0.0497 - val_loss: 4.3657 - val_accuracy: 0.0523 - 22s/epoch - 3ms/step
Epoch 30/100
6250/6250 - 22s - loss: 4.3799 - accuracy: 0.0517 - val_loss: 4.3691 - val_accuracy: 0.0513 - 22s/epoch - 3ms/step
Epoch 31/100
6250/6250 - 22s - loss: 4.3763 - accuracy: 0.0485 - val_loss: 4.3537 - val_accuracy: 0.0558 - 22s/epoch - 3ms/step
Epoch 32/100
6250/6250 - 22s - loss: 4.3730 - accuracy: 0.0513 - val_loss: 4.3571 - val_accuracy: 0.0557 - 22s/epoch - 3ms/step
Epoch 33/100
6250/6250 - 22s - loss: 4.3658 - accuracy: 0.0505 - val_loss: 4.3670 - val_accuracy: 0.0527 - 22s/epoch - 3ms/step
Epoch 34/100
6250/6250 - 22s - loss: 4.3621 - accuracy: 0.0516 - val_loss: 4.3399 - val_accuracy: 0.0553 - 22s/epoch - 3ms/step
Epoch 35/100
6250/6250 - 22s - loss: 4.3603 - accuracy: 0.0521 - val_loss: 4.3512 - val_accuracy: 0.0607 - 22s/epoch - 3ms/step
Epoch 36/100
6250/6250 - 22s - loss: 4.3584 - accuracy: 0.0518 - val_loss: 4.3595 - val_accuracy: 0.0523 - 22s/epoch - 3ms/step
Epoch 37/100
6250/6250 - 22s - loss: 4.3539 - accuracy: 0.0530 - val_loss: 4.3406 - val_accuracy: 0.0555 - 22s/epoch - 3ms/step
Epoch 38/100
6250/6250 - 22s - loss: 4.3536 - accuracy: 0.0524 - val_loss: 4.3601 - val_accuracy: 0.0530 - 22s/epoch - 3ms/step
Epoch 39/100
6250/6250 - 22s - loss: 4.3491 - accuracy: 0.0533 - val_loss: 4.3368 - val_accuracy: 0.0558 - 22s/epoch - 4ms/step
Epoch 40/100
6250/6250 - 21s - loss: 4.3475 - accuracy: 0.0518 - val_loss: 4.3303 - val_accuracy: 0.0572 - 21s/epoch - 3ms/step
Epoch 41/100
6250/6250 - 22s - loss: 4.3450 - accuracy: 0.0541 - val_loss: 4.3225 - val_accuracy: 0.0575 - 22s/epoch - 3ms/step
Epoch 42/100
6250/6250 - 22s - loss: 4.3434 - accuracy: 0.0531 - val_loss: 4.3218 - val_accuracy: 0.0584 - 22s/epoch - 3ms/step
Epoch 43/100
6250/6250 - 22s - loss: 4.3395 - accuracy: 0.0538 - val_loss: 4.3146 - val_accuracy: 0.0569 - 22s/epoch - 3ms/step
Epoch 44/100
6250/6250 - 22s - loss: 4.3382 - accuracy: 0.0537 - val_loss: 4.3248 - val_accuracy: 0.0621 - 22s/epoch - 3ms/step
Epoch 45/100
6250/6250 - 22s - loss: 4.3377 - accuracy: 0.0527 - val_loss: 4.3221 - val_accuracy: 0.0599 - 22s/epoch - 3ms/step
Epoch 46/100
6250/6250 - 22s - loss: 4.3366 - accuracy: 0.0544 - val_loss: 4.3137 - val_accuracy: 0.0597 - 22s/epoch - 3ms/step
Epoch 47/100
6250/6250 - 21s - loss: 4.3342 - accuracy: 0.0546 - val_loss: 4.3126 - val_accuracy: 0.0594 - 21s/epoch - 3ms/step
Epoch 48/100
6250/6250 - 22s - loss: 4.3310 - accuracy: 0.0533 - val_loss: 4.3143 - val_accuracy: 0.0623 - 22s/epoch - 4ms/step
Epoch 49/100
6250/6250 - 22s - loss: 4.3333 - accuracy: 0.0528 - val_loss: 4.3052 - val_accuracy: 0.0617 - 22s/epoch - 3ms/step
Epoch 50/100
6250/6250 - 22s - loss: 4.3293 - accuracy: 0.0553 - val_loss: 4.3033 - val_accuracy: 0.0548 - 22s/epoch - 3ms/step
Epoch 51/100
6250/6250 - 22s - loss: 4.3268 - accuracy: 0.0551 - val_loss: 4.3022 - val_accuracy: 0.0593 - 22s/epoch - 3ms/step
Epoch 52/100
6250/6250 - 22s - loss: 4.3249 - accuracy: 0.0552 - val_loss: 4.3312 - val_accuracy: 0.0598 - 22s/epoch - 3ms/step
Epoch 53/100
6250/6250 - 22s - loss: 4.3239 - accuracy: 0.0556 - val_loss: 4.2978 - val_accuracy: 0.0593 - 22s/epoch - 4ms/step
Epoch 54/100
6250/6250 - 22s - loss: 4.3235 - accuracy: 0.0554 - val_loss: 4.3013 - val_accuracy: 0.0614 - 22s/epoch - 3ms/step
Epoch 55/100
6250/6250 - 22s - loss: 4.3208 - accuracy: 0.0558 - val_loss: 4.3008 - val_accuracy: 0.0627 - 22s/epoch - 4ms/step
Epoch 56/100
6250/6250 - 22s - loss: 4.3197 - accuracy: 0.0548 - val_loss: 4.3021 - val_accuracy: 0.0576 - 22s/epoch - 4ms/step
Epoch 57/100
6250/6250 - 22s - loss: 4.3159 - accuracy: 0.0573 - val_loss: 4.2976 - val_accuracy: 0.0627 - 22s/epoch - 4ms/step
Epoch 58/100
6250/6250 - 21s - loss: 4.3164 - accuracy: 0.0567 - val_loss: 4.3010 - val_accuracy: 0.0602 - 21s/epoch - 3ms/step
Epoch 59/100
6250/6250 - 21s - loss: 4.3142 - accuracy: 0.0554 - val_loss: 4.2961 - val_accuracy: 0.0608 - 21s/epoch - 3ms/step
Epoch 60/100
6250/6250 - 22s - loss: 4.3117 - accuracy: 0.0574 - val_loss: 4.2895 - val_accuracy: 0.0659 - 22s/epoch - 4ms/step
Epoch 61/100
6250/6250 - 22s - loss: 4.3137 - accuracy: 0.0555 - val_loss: 4.2923 - val_accuracy: 0.0641 - 22s/epoch - 4ms/step
Epoch 62/100
6250/6250 - 21s - loss: 4.3124 - accuracy: 0.0562 - val_loss: 4.2867 - val_accuracy: 0.0604 - 21s/epoch - 3ms/step
Epoch 63/100
6250/6250 - 22s - loss: 4.3104 - accuracy: 0.0583 - val_loss: 4.2905 - val_accuracy: 0.0636 - 22s/epoch - 3ms/step
Epoch 64/100
6250/6250 - 22s - loss: 4.3071 - accuracy: 0.0573 - val_loss: 4.2860 - val_accuracy: 0.0613 - 22s/epoch - 3ms/step
Epoch 65/100
6250/6250 - 22s - loss: 4.3066 - accuracy: 0.0575 - val_loss: 4.2854 - val_accuracy: 0.0615 - 22s/epoch - 3ms/step
Epoch 66/100
6250/6250 - 22s - loss: 4.3043 - accuracy: 0.0585 - val_loss: 4.2794 - val_accuracy: 0.0639 - 22s/epoch - 3ms/step
Epoch 67/100
6250/6250 - 22s - loss: 4.3015 - accuracy: 0.0578 - val_loss: 4.2804 - val_accuracy: 0.0627 - 22s/epoch - 4ms/step
Epoch 68/100
6250/6250 - 22s - loss: 4.3035 - accuracy: 0.0555 - val_loss: 4.2814 - val_accuracy: 0.0657 - 22s/epoch - 3ms/step
Epoch 69/100
6250/6250 - 22s - loss: 4.3027 - accuracy: 0.0574 - val_loss: 4.2800 - val_accuracy: 0.0643 - 22s/epoch - 3ms/step
Epoch 70/100
6250/6250 - 21s - loss: 4.3005 - accuracy: 0.0565 - val_loss: 4.2783 - val_accuracy: 0.0605 - 21s/epoch - 3ms/step
Epoch 71/100
6250/6250 - 22s - loss: 4.2976 - accuracy: 0.0589 - val_loss: 4.2799 - val_accuracy: 0.0628 - 22s/epoch - 3ms/step
Epoch 72/100
6250/6250 - 22s - loss: 4.2984 - accuracy: 0.0557 - val_loss: 4.2804 - val_accuracy: 0.0617 - 22s/epoch - 4ms/step
Epoch 73/100
6250/6250 - 22s - loss: 4.2981 - accuracy: 0.0587 - val_loss: 4.2744 - val_accuracy: 0.0632 - 22s/epoch - 4ms/step
Epoch 74/100
Restoring model weights from the end of the best epoch: 44.
6250/6250 - 22s - loss: 4.2959 - accuracy: 0.0570 - val_loss: 4.2741 - val_accuracy: 0.0633 - 22s/epoch - 4ms/step
Epoch 74: early stopping
313/313 - 1s - loss: 4.3248 - accuracy: 0.0621 - 1s/epoch - 4ms/step

ACCURACY: 0.06210000067949295


SCORE: -0.335731736475645

[92m | MODULE VALUES ---------------------------------------------  |
 [0m
FLOPS: 3869132
PARAMS: 48240.0
[92m 
 | -----------------------------------------------------------  |
 [0m

--- BANANAS ITERATION 22 / 1000 ---
Chosen point: {'num_neurons': 4, 'unit_c1': 3, 'unit_c2': 8, 'dr_f': 0.47090629737347767, 'learning_rate': 0.00048669108634597603, 'batch_size': 8, 'optimizer': 'Adam', 'activation': 'selu', 'data_augmentation': True, 'reg_l2': False, 'skip_connection': True, 'new_fc_1': 31, 'new_fc_2': 25, 'new_fc_3': 8, 'new_fc_4': 14, 'new_fc_5': 14, 'new_fc_6': 13, 'new_fc_7': 7, 'new_fc_8': 27, 'new_fc_9': 9, 'new_fc_10': 18}
[94m
|  --> START TRAINING ITERATION 21[0m
[INFO] Flags -> DA: True, L2: False, Skip: True
Building model with input_shape=(32, 32, 3), pos_input_shape=None, layer_x_block=2
Model: "model"
__________________________________________________________________________________________________
 Layer (type)                Output Shape                 Param #   Connected to                  
==================================================================================================
 input_2 (InputLayer)        [(None, 32, 32, 3)]          0         []                            
                                                                                                  
 conv2d (Conv2D)             (None, 32, 32, 12)           336       ['input_2[0][0]']             
                                                                                                  
 activation (Activation)     (None, 32, 32, 12)           0         ['conv2d[1][0]']              
                                                                                                  
 conv2d_2 (Conv2D)           (None, 32, 32, 12)           48        ['input_2[0][0]']             
                                                                                                  
 conv2d_1 (Conv2D)           (None, 32, 32, 12)           1308      ['activation[1][0]']          
                                                                                                  
 add (Add)                   (None, 32, 32, 12)           0         ['conv2d_2[1][0]',            
                                                                     'conv2d_1[1][0]']            
                                                                                                  
 activation_1 (Activation)   (None, 32, 32, 12)           0         ['add[1][0]']                 
                                                                                                  
 max_pooling2d (MaxPooling2  (None, 16, 16, 12)           0         ['activation_1[1][0]']        
 D)                                                                                               
                                                                                                  
 conv2d_3 (Conv2D)           (None, 16, 16, 32)           3488      ['max_pooling2d[1][0]']       
                                                                                                  
 activation_2 (Activation)   (None, 16, 16, 32)           0         ['conv2d_3[1][0]']            
                                                                                                  
 conv2d_5 (Conv2D)           (None, 16, 16, 32)           416       ['max_pooling2d[1][0]']       
                                                                                                  
 conv2d_4 (Conv2D)           (None, 16, 16, 32)           9248      ['activation_2[1][0]']        
                                                                                                  
 add_1 (Add)                 (None, 16, 16, 32)           0         ['conv2d_5[1][0]',            
                                                                     'conv2d_4[1][0]']            
                                                                                                  
 activation_3 (Activation)   (None, 16, 16, 32)           0         ['add_1[1][0]']               
                                                                                                  
 max_pooling2d_1 (MaxPoolin  (None, 8, 8, 32)             0         ['activation_3[1][0]']        
 g2D)                                                                                             
                                                                                                  
 flatten (Flatten)           (None, 2048)                 0         ['max_pooling2d_1[1][0]']     
                                                                                                  
 dense (Dense)               (None, 124)                  254076    ['flatten[1][0]']             
                                                                                                  
 activation_4 (Activation)   (None, 124)                  0         ['dense[1][0]']               
                                                                                                  
 dropout (Dropout)           (None, 124)                  0         ['activation_4[1][0]']        
                                                                                                  
 dense_1 (Dense)             (None, 100)                  12500     ['dropout[1][0]']             
                                                                                                  
 activation_5 (Activation)   (None, 100)                  0         ['dense_1[1][0]']             
                                                                                                  
 dropout_1 (Dropout)         (None, 100)                  0         ['activation_5[1][0]']        
                                                                                                  
 dense_2 (Dense)             (None, 32)                   3232      ['dropout_1[1][0]']           
                                                                                                  
 activation_6 (Activation)   (None, 32)                   0         ['dense_2[1][0]']             
                                                                                                  
 dropout_2 (Dropout)         (None, 32)                   0         ['activation_6[1][0]']        
                                                                                                  
 dense_3 (Dense)             (None, 56)                   1848      ['dropout_2[1][0]']           
                                                                                                  
 activation_7 (Activation)   (None, 56)                   0         ['dense_3[1][0]']             
                                                                                                  
 dropout_3 (Dropout)         (None, 56)                   0         ['activation_7[1][0]']        
                                                                                                  
 dense_4 (Dense)             (None, 56)                   3192      ['dropout_3[1][0]']           
                                                                                                  
 activation_8 (Activation)   (None, 56)                   0         ['dense_4[1][0]']             
                                                                                                  
 dropout_4 (Dropout)         (None, 56)                   0         ['activation_8[1][0]']        
                                                                                                  
 dense_5 (Dense)             (None, 52)                   2964      ['dropout_4[1][0]']           
                                                                                                  
 activation_9 (Activation)   (None, 52)                   0         ['dense_5[1][0]']             
                                                                                                  
 dropout_5 (Dropout)         (None, 52)                   0         ['activation_9[1][0]']        
                                                                                                  
 dense_6 (Dense)             (None, 28)                   1484      ['dropout_5[1][0]']           
                                                                                                  
 activation_10 (Activation)  (None, 28)                   0         ['dense_6[1][0]']             
                                                                                                  
 dropout_6 (Dropout)         (None, 28)                   0         ['activation_10[1][0]']       
                                                                                                  
 dense_7 (Dense)             (None, 108)                  3132      ['dropout_6[1][0]']           
                                                                                                  
 activation_11 (Activation)  (None, 108)                  0         ['dense_7[1][0]']             
                                                                                                  
 dropout_7 (Dropout)         (None, 108)                  0         ['activation_11[1][0]']       
                                                                                                  
 dense_8 (Dense)             (None, 36)                   3924      ['dropout_7[1][0]']           
                                                                                                  
 activation_12 (Activation)  (None, 36)                   0         ['dense_8[1][0]']             
                                                                                                  
 dropout_8 (Dropout)         (None, 36)                   0         ['activation_12[1][0]']       
                                                                                                  
 dense_9 (Dense)             (None, 72)                   2664      ['dropout_8[1][0]']           
                                                                                                  
 activation_13 (Activation)  (None, 72)                   0         ['dense_9[1][0]']             
                                                                                                  
 dropout_9 (Dropout)         (None, 72)                   0         ['activation_13[1][0]']       
                                                                                                  
 dense_10 (Dense)            (None, 100)                  7300      ['dropout_9[1][0]']           
                                                                                                  
==================================================================================================
Total params: 311160 (1.19 MB)
Trainable params: 311160 (1.19 MB)
Non-trainable params: 0 (0.00 Byte)
__________________________________________________________________________________________________
Epoch 1/100
6250/6250 - 24s - loss: 5.0622 - accuracy: 0.0099 - val_loss: 4.6082 - val_accuracy: 0.0119 - 24s/epoch - 4ms/step
Epoch 2/100
6250/6250 - 22s - loss: 4.6646 - accuracy: 0.0091 - val_loss: 4.6077 - val_accuracy: 0.0101 - 22s/epoch - 4ms/step
Epoch 3/100
6250/6250 - 22s - loss: 4.6350 - accuracy: 0.0098 - val_loss: 4.6097 - val_accuracy: 0.0100 - 22s/epoch - 4ms/step
Epoch 4/100
6250/6250 - 22s - loss: 4.6247 - accuracy: 0.0097 - val_loss: 4.6070 - val_accuracy: 0.0100 - 22s/epoch - 4ms/step
Epoch 5/100
6250/6250 - 22s - loss: 4.6220 - accuracy: 0.0099 - val_loss: 4.6203 - val_accuracy: 0.0100 - 22s/epoch - 4ms/step
Epoch 6/100
6250/6250 - 22s - loss: 4.6220 - accuracy: 0.0101 - val_loss: 4.6084 - val_accuracy: 0.0100 - 22s/epoch - 4ms/step
Epoch 7/100
6250/6250 - 22s - loss: 4.6215 - accuracy: 0.0100 - val_loss: 4.6093 - val_accuracy: 0.0100 - 22s/epoch - 4ms/step
Epoch 8/100
6250/6250 - 22s - loss: 4.6201 - accuracy: 0.0097 - val_loss: 4.6082 - val_accuracy: 0.0100 - 22s/epoch - 4ms/step
Epoch 9/100
6250/6250 - 22s - loss: 4.6208 - accuracy: 0.0098 - val_loss: 4.6079 - val_accuracy: 0.0100 - 22s/epoch - 4ms/step
Epoch 10/100
6250/6250 - 22s - loss: 4.6192 - accuracy: 0.0110 - val_loss: 4.6078 - val_accuracy: 0.0100 - 22s/epoch - 3ms/step
Epoch 11/100
6250/6250 - 21s - loss: 4.6189 - accuracy: 0.0101 - val_loss: 4.6072 - val_accuracy: 0.0100 - 21s/epoch - 3ms/step
Epoch 12/100
6250/6250 - 21s - loss: 4.6174 - accuracy: 0.0098 - val_loss: 4.6076 - val_accuracy: 0.0100 - 21s/epoch - 3ms/step
Epoch 13/100
6250/6250 - 21s - loss: 4.6191 - accuracy: 0.0097 - val_loss: 4.6078 - val_accuracy: 0.0100 - 21s/epoch - 3ms/step
Epoch 14/100
6250/6250 - 20s - loss: 4.6177 - accuracy: 0.0100 - val_loss: 4.6071 - val_accuracy: 0.0100 - 20s/epoch - 3ms/step
Epoch 15/100
6250/6250 - 21s - loss: 4.6179 - accuracy: 0.0088 - val_loss: 4.6063 - val_accuracy: 0.0100 - 21s/epoch - 3ms/step
Epoch 16/100
6250/6250 - 21s - loss: 4.6168 - accuracy: 0.0105 - val_loss: 4.6086 - val_accuracy: 0.0100 - 21s/epoch - 3ms/step
Epoch 17/100
6250/6250 - 21s - loss: 4.6178 - accuracy: 0.0098 - val_loss: 4.6070 - val_accuracy: 0.0100 - 21s/epoch - 3ms/step
Epoch 18/100
6250/6250 - 21s - loss: 4.6165 - accuracy: 0.0103 - val_loss: 4.6060 - val_accuracy: 0.0100 - 21s/epoch - 3ms/step
Epoch 19/100
6250/6250 - 21s - loss: 4.6166 - accuracy: 0.0099 - val_loss: 4.6066 - val_accuracy: 0.0100 - 21s/epoch - 3ms/step
Epoch 20/100
6250/6250 - 21s - loss: 4.6156 - accuracy: 0.0106 - val_loss: 4.6065 - val_accuracy: 0.0100 - 21s/epoch - 3ms/step
Epoch 21/100
6250/6250 - 21s - loss: 4.6165 - accuracy: 0.0090 - val_loss: 4.6066 - val_accuracy: 0.0100 - 21s/epoch - 3ms/step
Epoch 22/100
6250/6250 - 21s - loss: 4.6160 - accuracy: 0.0098 - val_loss: 4.6070 - val_accuracy: 0.0100 - 21s/epoch - 3ms/step
Epoch 23/100
6250/6250 - 21s - loss: 4.6165 - accuracy: 0.0099 - val_loss: 4.6076 - val_accuracy: 0.0100 - 21s/epoch - 3ms/step
Epoch 24/100
6250/6250 - 21s - loss: 4.6155 - accuracy: 0.0096 - val_loss: 4.6068 - val_accuracy: 0.0100 - 21s/epoch - 3ms/step
Epoch 25/100
6250/6250 - 21s - loss: 4.6152 - accuracy: 0.0100 - val_loss: 4.6077 - val_accuracy: 0.0100 - 21s/epoch - 3ms/step
Epoch 26/100
6250/6250 - 21s - loss: 4.6153 - accuracy: 0.0095 - val_loss: 4.6068 - val_accuracy: 0.0100 - 21s/epoch - 3ms/step
Epoch 27/100
6250/6250 - 21s - loss: 4.6145 - accuracy: 0.0101 - val_loss: 4.6067 - val_accuracy: 0.0100 - 21s/epoch - 3ms/step
Epoch 28/100
6250/6250 - 21s - loss: 4.6159 - accuracy: 0.0098 - val_loss: 4.6064 - val_accuracy: 0.0100 - 21s/epoch - 3ms/step
Epoch 29/100
6250/6250 - 21s - loss: 4.6150 - accuracy: 0.0093 - val_loss: 4.6072 - val_accuracy: 0.0100 - 21s/epoch - 3ms/step
Epoch 30/100
6250/6250 - 21s - loss: 4.6149 - accuracy: 0.0099 - val_loss: 4.6076 - val_accuracy: 0.0100 - 21s/epoch - 3ms/step
Epoch 31/100
Restoring model weights from the end of the best epoch: 1.
6250/6250 - 21s - loss: 4.6150 - accuracy: 0.0089 - val_loss: 4.6066 - val_accuracy: 0.0100 - 21s/epoch - 3ms/step
Epoch 31: early stopping
313/313 - 1s - loss: 4.6082 - accuracy: 0.0119 - 714ms/epoch - 2ms/step

ACCURACY: 0.011900000274181366


SCORE: -0.286788144191927

[92m | MODULE VALUES ---------------------------------------------  |
 [0m
FLOPS: 10770928
PARAMS: 311160.0
[92m 
 | -----------------------------------------------------------  |
 [0m

--- BANANAS ITERATION 23 / 1000 ---
Chosen point: {'num_neurons': 4, 'unit_c1': 3, 'unit_c2': 5, 'dr_f': 0.3803090957723485, 'learning_rate': 0.0007053549070081384, 'batch_size': 8, 'optimizer': 'SGD', 'activation': 'selu', 'data_augmentation': False, 'reg_l2': False, 'skip_connection': True, 'new_fc_1': 9, 'new_fc_2': 15, 'new_fc_3': 1, 'new_fc_4': 8, 'new_fc_5': 30, 'new_fc_6': 11, 'new_fc_7': 4, 'new_fc_8': 17, 'new_fc_9': 4, 'new_fc_10': 25}
[94m
|  --> START TRAINING ITERATION 22[0m
[INFO] Flags -> DA: False, L2: False, Skip: True
Building model with input_shape=(32, 32, 3), pos_input_shape=None, layer_x_block=2
Model: "model"
__________________________________________________________________________________________________
 Layer (type)                Output Shape                 Param #   Connected to                  
==================================================================================================
 input_1 (InputLayer)        [(None, 32, 32, 3)]          0         []                            
                                                                                                  
 conv2d (Conv2D)             (None, 32, 32, 12)           336       ['input_1[0][0]']             
                                                                                                  
 activation (Activation)     (None, 32, 32, 12)           0         ['conv2d[0][0]']              
                                                                                                  
 conv2d_2 (Conv2D)           (None, 32, 32, 12)           48        ['input_1[0][0]']             
                                                                                                  
 conv2d_1 (Conv2D)           (None, 32, 32, 12)           1308      ['activation[0][0]']          
                                                                                                  
 add (Add)                   (None, 32, 32, 12)           0         ['conv2d_2[0][0]',            
                                                                     'conv2d_1[0][0]']            
                                                                                                  
 activation_1 (Activation)   (None, 32, 32, 12)           0         ['add[0][0]']                 
                                                                                                  
 max_pooling2d (MaxPooling2  (None, 16, 16, 12)           0         ['activation_1[0][0]']        
 D)                                                                                               
                                                                                                  
 conv2d_3 (Conv2D)           (None, 16, 16, 20)           2180      ['max_pooling2d[0][0]']       
                                                                                                  
 activation_2 (Activation)   (None, 16, 16, 20)           0         ['conv2d_3[0][0]']            
                                                                                                  
 conv2d_5 (Conv2D)           (None, 16, 16, 20)           260       ['max_pooling2d[0][0]']       
                                                                                                  
 conv2d_4 (Conv2D)           (None, 16, 16, 20)           3620      ['activation_2[0][0]']        
                                                                                                  
 add_1 (Add)                 (None, 16, 16, 20)           0         ['conv2d_5[0][0]',            
                                                                     'conv2d_4[0][0]']            
                                                                                                  
 activation_3 (Activation)   (None, 16, 16, 20)           0         ['add_1[0][0]']               
                                                                                                  
 max_pooling2d_1 (MaxPoolin  (None, 8, 8, 20)             0         ['activation_3[0][0]']        
 g2D)                                                                                             
                                                                                                  
 flatten (Flatten)           (None, 1280)                 0         ['max_pooling2d_1[0][0]']     
                                                                                                  
 dense (Dense)               (None, 36)                   46116     ['flatten[0][0]']             
                                                                                                  
 activation_4 (Activation)   (None, 36)                   0         ['dense[0][0]']               
                                                                                                  
 dropout (Dropout)           (None, 36)                   0         ['activation_4[0][0]']        
                                                                                                  
 dense_1 (Dense)             (None, 60)                   2220      ['dropout[0][0]']             
                                                                                                  
 activation_5 (Activation)   (None, 60)                   0         ['dense_1[0][0]']             
                                                                                                  
 dropout_1 (Dropout)         (None, 60)                   0         ['activation_5[0][0]']        
                                                                                                  
 dense_2 (Dense)             (None, 4)                    244       ['dropout_1[0][0]']           
                                                                                                  
 activation_6 (Activation)   (None, 4)                    0         ['dense_2[0][0]']             
                                                                                                  
 dropout_2 (Dropout)         (None, 4)                    0         ['activation_6[0][0]']        
                                                                                                  
 dense_3 (Dense)             (None, 32)                   160       ['dropout_2[0][0]']           
                                                                                                  
 activation_7 (Activation)   (None, 32)                   0         ['dense_3[0][0]']             
                                                                                                  
 dropout_3 (Dropout)         (None, 32)                   0         ['activation_7[0][0]']        
                                                                                                  
 dense_4 (Dense)             (None, 120)                  3960      ['dropout_3[0][0]']           
                                                                                                  
 activation_8 (Activation)   (None, 120)                  0         ['dense_4[0][0]']             
                                                                                                  
 dropout_4 (Dropout)         (None, 120)                  0         ['activation_8[0][0]']        
                                                                                                  
 dense_5 (Dense)             (None, 44)                   5324      ['dropout_4[0][0]']           
                                                                                                  
 activation_9 (Activation)   (None, 44)                   0         ['dense_5[0][0]']             
                                                                                                  
 dropout_5 (Dropout)         (None, 44)                   0         ['activation_9[0][0]']        
                                                                                                  
 dense_6 (Dense)             (None, 16)                   720       ['dropout_5[0][0]']           
                                                                                                  
 activation_10 (Activation)  (None, 16)                   0         ['dense_6[0][0]']             
                                                                                                  
 dropout_6 (Dropout)         (None, 16)                   0         ['activation_10[0][0]']       
                                                                                                  
 dense_7 (Dense)             (None, 68)                   1156      ['dropout_6[0][0]']           
                                                                                                  
 activation_11 (Activation)  (None, 68)                   0         ['dense_7[0][0]']             
                                                                                                  
 dropout_7 (Dropout)         (None, 68)                   0         ['activation_11[0][0]']       
                                                                                                  
 dense_8 (Dense)             (None, 16)                   1104      ['dropout_7[0][0]']           
                                                                                                  
 activation_12 (Activation)  (None, 16)                   0         ['dense_8[0][0]']             
                                                                                                  
 dropout_8 (Dropout)         (None, 16)                   0         ['activation_12[0][0]']       
                                                                                                  
 dense_9 (Dense)             (None, 100)                  1700      ['dropout_8[0][0]']           
                                                                                                  
 activation_13 (Activation)  (None, 100)                  0         ['dense_9[0][0]']             
                                                                                                  
 dropout_9 (Dropout)         (None, 100)                  0         ['activation_13[0][0]']       
                                                                                                  
 dense_10 (Dense)            (None, 100)                  10100     ['dropout_9[0][0]']           
                                                                                                  
==================================================================================================
Total params: 80556 (314.67 KB)
Trainable params: 80556 (314.67 KB)
Non-trainable params: 0 (0.00 Byte)
__________________________________________________________________________________________________
Epoch 1/100
6250/6250 - 21s - loss: 4.9967 - accuracy: 0.0104 - val_loss: 4.6103 - val_accuracy: 0.0106 - 21s/epoch - 3ms/step
Epoch 2/100
6250/6250 - 19s - loss: 4.7530 - accuracy: 0.0100 - val_loss: 4.6051 - val_accuracy: 0.0114 - 19s/epoch - 3ms/step
Epoch 3/100
6250/6250 - 19s - loss: 4.6939 - accuracy: 0.0098 - val_loss: 4.6049 - val_accuracy: 0.0122 - 19s/epoch - 3ms/step
Epoch 4/100
6250/6250 - 19s - loss: 4.6601 - accuracy: 0.0099 - val_loss: 4.6047 - val_accuracy: 0.0104 - 19s/epoch - 3ms/step
Epoch 5/100
6250/6250 - 20s - loss: 4.6458 - accuracy: 0.0102 - val_loss: 4.6050 - val_accuracy: 0.0101 - 20s/epoch - 3ms/step
Epoch 6/100
6250/6250 - 20s - loss: 4.6354 - accuracy: 0.0110 - val_loss: 4.6056 - val_accuracy: 0.0100 - 20s/epoch - 3ms/step
Epoch 7/100
6250/6250 - 20s - loss: 4.6291 - accuracy: 0.0099 - val_loss: 4.6055 - val_accuracy: 0.0100 - 20s/epoch - 3ms/step
Epoch 8/100
6250/6250 - 20s - loss: 4.6227 - accuracy: 0.0103 - val_loss: 4.6056 - val_accuracy: 0.0098 - 20s/epoch - 3ms/step
Epoch 9/100
6250/6250 - 20s - loss: 4.6193 - accuracy: 0.0105 - val_loss: 4.6056 - val_accuracy: 0.0106 - 20s/epoch - 3ms/step
Epoch 10/100
6250/6250 - 20s - loss: 4.6178 - accuracy: 0.0100 - val_loss: 4.6056 - val_accuracy: 0.0099 - 20s/epoch - 3ms/step
Epoch 11/100
6250/6250 - 20s - loss: 4.6143 - accuracy: 0.0100 - val_loss: 4.6056 - val_accuracy: 0.0100 - 20s/epoch - 3ms/step
Epoch 12/100
6250/6250 - 20s - loss: 4.6137 - accuracy: 0.0102 - val_loss: 4.6055 - val_accuracy: 0.0103 - 20s/epoch - 3ms/step
Epoch 13/100
6250/6250 - 20s - loss: 4.6134 - accuracy: 0.0097 - val_loss: 4.6055 - val_accuracy: 0.0103 - 20s/epoch - 3ms/step
Epoch 14/100
6250/6250 - 20s - loss: 4.6120 - accuracy: 0.0095 - val_loss: 4.6055 - val_accuracy: 0.0102 - 20s/epoch - 3ms/step
Epoch 15/100
6250/6250 - 20s - loss: 4.6116 - accuracy: 0.0100 - val_loss: 4.6055 - val_accuracy: 0.0100 - 20s/epoch - 3ms/step
Epoch 16/100
6250/6250 - 20s - loss: 4.6111 - accuracy: 0.0102 - val_loss: 4.6055 - val_accuracy: 0.0099 - 20s/epoch - 3ms/step
Epoch 17/100
6250/6250 - 20s - loss: 4.6094 - accuracy: 0.0098 - val_loss: 4.6054 - val_accuracy: 0.0100 - 20s/epoch - 3ms/step
Epoch 18/100
6250/6250 - 20s - loss: 4.6097 - accuracy: 0.0090 - val_loss: 4.6054 - val_accuracy: 0.0100 - 20s/epoch - 3ms/step
Epoch 19/100
6250/6250 - 20s - loss: 4.6089 - accuracy: 0.0099 - val_loss: 4.6054 - val_accuracy: 0.0100 - 20s/epoch - 3ms/step
Epoch 20/100
6250/6250 - 20s - loss: 4.6092 - accuracy: 0.0108 - val_loss: 4.6054 - val_accuracy: 0.0100 - 20s/epoch - 3ms/step
Epoch 21/100
6250/6250 - 20s - loss: 4.6084 - accuracy: 0.0108 - val_loss: 4.6053 - val_accuracy: 0.0100 - 20s/epoch - 3ms/step
Epoch 22/100
6250/6250 - 20s - loss: 4.6081 - accuracy: 0.0105 - val_loss: 4.6053 - val_accuracy: 0.0100 - 20s/epoch - 3ms/step
Epoch 23/100
6250/6250 - 20s - loss: 4.6081 - accuracy: 0.0103 - val_loss: 4.6053 - val_accuracy: 0.0100 - 20s/epoch - 3ms/step
Epoch 24/100
6250/6250 - 20s - loss: 4.6080 - accuracy: 0.0096 - val_loss: 4.6053 - val_accuracy: 0.0100 - 20s/epoch - 3ms/step
Epoch 25/100
6250/6250 - 20s - loss: 4.6081 - accuracy: 0.0104 - val_loss: 4.6053 - val_accuracy: 0.0100 - 20s/epoch - 3ms/step
Epoch 26/100
6250/6250 - 20s - loss: 4.6077 - accuracy: 0.0097 - val_loss: 4.6053 - val_accuracy: 0.0100 - 20s/epoch - 3ms/step
Epoch 27/100
6250/6250 - 20s - loss: 4.6074 - accuracy: 0.0102 - val_loss: 4.6053 - val_accuracy: 0.0100 - 20s/epoch - 3ms/step
Epoch 28/100
6250/6250 - 20s - loss: 4.6075 - accuracy: 0.0104 - val_loss: 4.6053 - val_accuracy: 0.0100 - 20s/epoch - 3ms/step
Epoch 29/100
6250/6250 - 20s - loss: 4.6072 - accuracy: 0.0098 - val_loss: 4.6052 - val_accuracy: 0.0100 - 20s/epoch - 3ms/step
Epoch 30/100
6250/6250 - 20s - loss: 4.6071 - accuracy: 0.0095 - val_loss: 4.6052 - val_accuracy: 0.0100 - 20s/epoch - 3ms/step
Epoch 31/100
Restoring model weights from the end of the best epoch: 1.
6250/6250 - 20s - loss: 4.6069 - accuracy: 0.0100 - val_loss: 4.6052 - val_accuracy: 0.0100 - 20s/epoch - 3ms/step
Epoch 31: early stopping
313/313 - 1s - loss: 4.6103 - accuracy: 0.0106 - 711ms/epoch - 2ms/step

ACCURACY: 0.010599999688565731


SCORE: -0.29402791978199605

[92m | MODULE VALUES ---------------------------------------------  |
 [0m
FLOPS: 6696040
PARAMS: 80556.0
[92m 
 | -----------------------------------------------------------  |
 [0m

--- BANANAS ITERATION 24 / 1000 ---
Chosen point: {'num_neurons': 4, 'unit_c1': 2, 'unit_c2': 8, 'dr_f': 0.03844376329634662, 'learning_rate': 0.0002342760410608977, 'batch_size': 64, 'optimizer': 'Adadelta', 'activation': 'selu', 'data_augmentation': True, 'reg_l2': True, 'skip_connection': True, 'new_fc_1': 10, 'new_fc_2': 6, 'new_fc_3': 6, 'new_fc_4': 6, 'new_fc_5': 11, 'new_fc_6': 3, 'new_fc_7': 28, 'new_fc_8': 29, 'new_fc_9': 17, 'new_fc_10': 11}
[94m
|  --> START TRAINING ITERATION 23[0m
[INFO] Flags -> DA: True, L2: True, Skip: True
Building model with input_shape=(32, 32, 3), pos_input_shape=None, layer_x_block=2
Model: "model"
__________________________________________________________________________________________________
 Layer (type)                Output Shape                 Param #   Connected to                  
==================================================================================================
 input_2 (InputLayer)        [(None, 32, 32, 3)]          0         []                            
                                                                                                  
 conv2d (Conv2D)             (None, 32, 32, 8)            224       ['input_2[0][0]']             
                                                                                                  
 activation (Activation)     (None, 32, 32, 8)            0         ['conv2d[1][0]']              
                                                                                                  
 conv2d_2 (Conv2D)           (None, 32, 32, 8)            32        ['input_2[0][0]']             
                                                                                                  
 conv2d_1 (Conv2D)           (None, 32, 32, 8)            584       ['activation[1][0]']          
                                                                                                  
 add (Add)                   (None, 32, 32, 8)            0         ['conv2d_2[1][0]',            
                                                                     'conv2d_1[1][0]']            
                                                                                                  
 activation_1 (Activation)   (None, 32, 32, 8)            0         ['add[1][0]']                 
                                                                                                  
 max_pooling2d (MaxPooling2  (None, 16, 16, 8)            0         ['activation_1[1][0]']        
 D)                                                                                               
                                                                                                  
 conv2d_3 (Conv2D)           (None, 16, 16, 32)           2336      ['max_pooling2d[1][0]']       
                                                                                                  
 activation_2 (Activation)   (None, 16, 16, 32)           0         ['conv2d_3[1][0]']            
                                                                                                  
 conv2d_5 (Conv2D)           (None, 16, 16, 32)           288       ['max_pooling2d[1][0]']       
                                                                                                  
 conv2d_4 (Conv2D)           (None, 16, 16, 32)           9248      ['activation_2[1][0]']        
                                                                                                  
 add_1 (Add)                 (None, 16, 16, 32)           0         ['conv2d_5[1][0]',            
                                                                     'conv2d_4[1][0]']            
                                                                                                  
 activation_3 (Activation)   (None, 16, 16, 32)           0         ['add_1[1][0]']               
                                                                                                  
 max_pooling2d_1 (MaxPoolin  (None, 8, 8, 32)             0         ['activation_3[1][0]']        
 g2D)                                                                                             
                                                                                                  
 flatten (Flatten)           (None, 2048)                 0         ['max_pooling2d_1[1][0]']     
                                                                                                  
 dense (Dense)               (None, 40)                   81960     ['flatten[1][0]']             
                                                                                                  
 activation_4 (Activation)   (None, 40)                   0         ['dense[1][0]']               
                                                                                                  
 dropout (Dropout)           (None, 40)                   0         ['activation_4[1][0]']        
                                                                                                  
 dense_1 (Dense)             (None, 24)                   984       ['dropout[1][0]']             
                                                                                                  
 activation_5 (Activation)   (None, 24)                   0         ['dense_1[1][0]']             
                                                                                                  
 dropout_1 (Dropout)         (None, 24)                   0         ['activation_5[1][0]']        
                                                                                                  
 dense_2 (Dense)             (None, 24)                   600       ['dropout_1[1][0]']           
                                                                                                  
 activation_6 (Activation)   (None, 24)                   0         ['dense_2[1][0]']             
                                                                                                  
 dropout_2 (Dropout)         (None, 24)                   0         ['activation_6[1][0]']        
                                                                                                  
 dense_3 (Dense)             (None, 24)                   600       ['dropout_2[1][0]']           
                                                                                                  
 activation_7 (Activation)   (None, 24)                   0         ['dense_3[1][0]']             
                                                                                                  
 dropout_3 (Dropout)         (None, 24)                   0         ['activation_7[1][0]']        
                                                                                                  
 dense_4 (Dense)             (None, 44)                   1100      ['dropout_3[1][0]']           
                                                                                                  
 activation_8 (Activation)   (None, 44)                   0         ['dense_4[1][0]']             
                                                                                                  
 dropout_4 (Dropout)         (None, 44)                   0         ['activation_8[1][0]']        
                                                                                                  
 dense_5 (Dense)             (None, 12)                   540       ['dropout_4[1][0]']           
                                                                                                  
 activation_9 (Activation)   (None, 12)                   0         ['dense_5[1][0]']             
                                                                                                  
 dropout_5 (Dropout)         (None, 12)                   0         ['activation_9[1][0]']        
                                                                                                  
 dense_6 (Dense)             (None, 112)                  1456      ['dropout_5[1][0]']           
                                                                                                  
 activation_10 (Activation)  (None, 112)                  0         ['dense_6[1][0]']             
                                                                                                  
 dropout_6 (Dropout)         (None, 112)                  0         ['activation_10[1][0]']       
                                                                                                  
 dense_7 (Dense)             (None, 116)                  13108     ['dropout_6[1][0]']           
                                                                                                  
 activation_11 (Activation)  (None, 116)                  0         ['dense_7[1][0]']             
                                                                                                  
 dropout_7 (Dropout)         (None, 116)                  0         ['activation_11[1][0]']       
                                                                                                  
 dense_8 (Dense)             (None, 68)                   7956      ['dropout_7[1][0]']           
                                                                                                  
 activation_12 (Activation)  (None, 68)                   0         ['dense_8[1][0]']             
                                                                                                  
 dropout_8 (Dropout)         (None, 68)                   0         ['activation_12[1][0]']       
                                                                                                  
 dense_9 (Dense)             (None, 44)                   3036      ['dropout_8[1][0]']           
                                                                                                  
 activation_13 (Activation)  (None, 44)                   0         ['dense_9[1][0]']             
                                                                                                  
 dropout_9 (Dropout)         (None, 44)                   0         ['activation_13[1][0]']       
                                                                                                  
 dense_10 (Dense)            (None, 100)                  4500      ['dropout_9[1][0]']           
                                                                                                  
==================================================================================================
Total params: 128552 (502.16 KB)
Trainable params: 128552 (502.16 KB)
Non-trainable params: 0 (0.00 Byte)
__________________________________________________________________________________________________
Epoch 1/100
782/782 - 5s - loss: 10.9227 - accuracy: 0.0100 - val_loss: 10.8361 - val_accuracy: 0.0088 - 5s/epoch - 7ms/step
Epoch 2/100
782/782 - 4s - loss: 10.8665 - accuracy: 0.0091 - val_loss: 10.8033 - val_accuracy: 0.0101 - 4s/epoch - 5ms/step
Epoch 3/100
782/782 - 4s - loss: 10.8489 - accuracy: 0.0100 - val_loss: 10.7863 - val_accuracy: 0.0106 - 4s/epoch - 5ms/step
Epoch 4/100
782/782 - 4s - loss: 10.8314 - accuracy: 0.0095 - val_loss: 10.7719 - val_accuracy: 0.0108 - 4s/epoch - 5ms/step
Epoch 5/100
782/782 - 4s - loss: 10.8193 - accuracy: 0.0098 - val_loss: 10.7594 - val_accuracy: 0.0102 - 4s/epoch - 5ms/step
Epoch 6/100
782/782 - 4s - loss: 10.8111 - accuracy: 0.0093 - val_loss: 10.7479 - val_accuracy: 0.0108 - 4s/epoch - 5ms/step
Epoch 7/100
782/782 - 4s - loss: 10.7957 - accuracy: 0.0097 - val_loss: 10.7367 - val_accuracy: 0.0105 - 4s/epoch - 5ms/step
Epoch 8/100
782/782 - 4s - loss: 10.7912 - accuracy: 0.0096 - val_loss: 10.7259 - val_accuracy: 0.0115 - 4s/epoch - 5ms/step
Epoch 9/100
782/782 - 4s - loss: 10.7729 - accuracy: 0.0102 - val_loss: 10.7157 - val_accuracy: 0.0120 - 4s/epoch - 5ms/step
Epoch 10/100
782/782 - 4s - loss: 10.7683 - accuracy: 0.0103 - val_loss: 10.7058 - val_accuracy: 0.0120 - 4s/epoch - 5ms/step
Epoch 11/100
782/782 - 4s - loss: 10.7589 - accuracy: 0.0101 - val_loss: 10.6960 - val_accuracy: 0.0112 - 4s/epoch - 5ms/step
Epoch 12/100
782/782 - 4s - loss: 10.7503 - accuracy: 0.0101 - val_loss: 10.6870 - val_accuracy: 0.0112 - 4s/epoch - 5ms/step
Epoch 13/100
782/782 - 4s - loss: 10.7370 - accuracy: 0.0107 - val_loss: 10.6782 - val_accuracy: 0.0116 - 4s/epoch - 5ms/step
Epoch 14/100
782/782 - 4s - loss: 10.7320 - accuracy: 0.0110 - val_loss: 10.6696 - val_accuracy: 0.0121 - 4s/epoch - 5ms/step
Epoch 15/100
782/782 - 4s - loss: 10.7208 - accuracy: 0.0101 - val_loss: 10.6609 - val_accuracy: 0.0118 - 4s/epoch - 5ms/step
Epoch 16/100
782/782 - 4s - loss: 10.7159 - accuracy: 0.0092 - val_loss: 10.6522 - val_accuracy: 0.0118 - 4s/epoch - 5ms/step
Epoch 17/100
782/782 - 4s - loss: 10.7081 - accuracy: 0.0112 - val_loss: 10.6442 - val_accuracy: 0.0117 - 4s/epoch - 5ms/step
Epoch 18/100
782/782 - 4s - loss: 10.6982 - accuracy: 0.0109 - val_loss: 10.6364 - val_accuracy: 0.0120 - 4s/epoch - 5ms/step
Epoch 19/100
782/782 - 4s - loss: 10.6926 - accuracy: 0.0111 - val_loss: 10.6285 - val_accuracy: 0.0123 - 4s/epoch - 5ms/step
Epoch 20/100
782/782 - 4s - loss: 10.6857 - accuracy: 0.0105 - val_loss: 10.6208 - val_accuracy: 0.0122 - 4s/epoch - 5ms/step
Epoch 21/100
782/782 - 4s - loss: 10.6740 - accuracy: 0.0112 - val_loss: 10.6131 - val_accuracy: 0.0118 - 4s/epoch - 5ms/step
Epoch 22/100
782/782 - 4s - loss: 10.6678 - accuracy: 0.0107 - val_loss: 10.6054 - val_accuracy: 0.0121 - 4s/epoch - 5ms/step
Epoch 23/100
782/782 - 4s - loss: 10.6615 - accuracy: 0.0109 - val_loss: 10.5979 - val_accuracy: 0.0117 - 4s/epoch - 5ms/step
Epoch 24/100
782/782 - 4s - loss: 10.6522 - accuracy: 0.0110 - val_loss: 10.5905 - val_accuracy: 0.0116 - 4s/epoch - 5ms/step
Epoch 25/100
782/782 - 4s - loss: 10.6465 - accuracy: 0.0110 - val_loss: 10.5832 - val_accuracy: 0.0121 - 4s/epoch - 5ms/step
Epoch 26/100
782/782 - 4s - loss: 10.6363 - accuracy: 0.0113 - val_loss: 10.5758 - val_accuracy: 0.0121 - 4s/epoch - 5ms/step
Epoch 27/100
782/782 - 4s - loss: 10.6330 - accuracy: 0.0102 - val_loss: 10.5688 - val_accuracy: 0.0121 - 4s/epoch - 5ms/step
Epoch 28/100
782/782 - 4s - loss: 10.6213 - accuracy: 0.0116 - val_loss: 10.5619 - val_accuracy: 0.0125 - 4s/epoch - 5ms/step
Epoch 29/100
782/782 - 4s - loss: 10.6174 - accuracy: 0.0108 - val_loss: 10.5548 - val_accuracy: 0.0121 - 4s/epoch - 5ms/step
Epoch 30/100
782/782 - 4s - loss: 10.6092 - accuracy: 0.0113 - val_loss: 10.5479 - val_accuracy: 0.0128 - 4s/epoch - 5ms/step
Epoch 31/100
Restoring model weights from the end of the best epoch: 1.
782/782 - 4s - loss: 10.5997 - accuracy: 0.0118 - val_loss: 10.5408 - val_accuracy: 0.0133 - 4s/epoch - 5ms/step
Epoch 31: early stopping
313/313 - 0s - loss: 10.8361 - accuracy: 0.0088 - 493ms/epoch - 2ms/step

ACCURACY: 0.008799999952316284


SCORE: -0.29013205596662145

[92m | MODULE VALUES ---------------------------------------------  |
 [0m
FLOPS: 8013972
PARAMS: 128552.0
[92m 
 | -----------------------------------------------------------  |
 [0m

--- BANANAS ITERATION 25 / 1000 ---
Chosen point: {'num_neurons': 4, 'unit_c1': 4, 'unit_c2': 1, 'dr_f': 0.41552410124564765, 'learning_rate': 0.0008676103383241988, 'batch_size': 32, 'optimizer': 'SGD', 'activation': 'elu', 'data_augmentation': False, 'reg_l2': False, 'skip_connection': True, 'new_fc_1': 32, 'new_fc_2': 6, 'new_fc_3': 9, 'new_fc_4': 27, 'new_fc_5': 16, 'new_fc_6': 9, 'new_fc_7': 20, 'new_fc_8': 25, 'new_fc_9': 10, 'new_fc_10': 25}
[94m
|  --> START TRAINING ITERATION 24[0m
[INFO] Flags -> DA: False, L2: False, Skip: True
Building model with input_shape=(32, 32, 3), pos_input_shape=None, layer_x_block=2
Model: "model"
__________________________________________________________________________________________________
 Layer (type)                Output Shape                 Param #   Connected to                  
==================================================================================================
 input_1 (InputLayer)        [(None, 32, 32, 3)]          0         []                            
                                                                                                  
 conv2d (Conv2D)             (None, 32, 32, 16)           448       ['input_1[0][0]']             
                                                                                                  
 activation (Activation)     (None, 32, 32, 16)           0         ['conv2d[0][0]']              
                                                                                                  
 conv2d_2 (Conv2D)           (None, 32, 32, 16)           64        ['input_1[0][0]']             
                                                                                                  
 conv2d_1 (Conv2D)           (None, 32, 32, 16)           2320      ['activation[0][0]']          
                                                                                                  
 add (Add)                   (None, 32, 32, 16)           0         ['conv2d_2[0][0]',            
                                                                     'conv2d_1[0][0]']            
                                                                                                  
 activation_1 (Activation)   (None, 32, 32, 16)           0         ['add[0][0]']                 
                                                                                                  
 max_pooling2d (MaxPooling2  (None, 16, 16, 16)           0         ['activation_1[0][0]']        
 D)                                                                                               
                                                                                                  
 conv2d_3 (Conv2D)           (None, 16, 16, 4)            580       ['max_pooling2d[0][0]']       
                                                                                                  
 activation_2 (Activation)   (None, 16, 16, 4)            0         ['conv2d_3[0][0]']            
                                                                                                  
 conv2d_5 (Conv2D)           (None, 16, 16, 4)            68        ['max_pooling2d[0][0]']       
                                                                                                  
 conv2d_4 (Conv2D)           (None, 16, 16, 4)            148       ['activation_2[0][0]']        
                                                                                                  
 add_1 (Add)                 (None, 16, 16, 4)            0         ['conv2d_5[0][0]',            
                                                                     'conv2d_4[0][0]']            
                                                                                                  
 activation_3 (Activation)   (None, 16, 16, 4)            0         ['add_1[0][0]']               
                                                                                                  
 max_pooling2d_1 (MaxPoolin  (None, 8, 8, 4)              0         ['activation_3[0][0]']        
 g2D)                                                                                             
                                                                                                  
 flatten (Flatten)           (None, 256)                  0         ['max_pooling2d_1[0][0]']     
                                                                                                  
 dense (Dense)               (None, 128)                  32896     ['flatten[0][0]']             
                                                                                                  
 activation_4 (Activation)   (None, 128)                  0         ['dense[0][0]']               
                                                                                                  
 dropout (Dropout)           (None, 128)                  0         ['activation_4[0][0]']        
                                                                                                  
 dense_1 (Dense)             (None, 24)                   3096      ['dropout[0][0]']             
                                                                                                  
 activation_5 (Activation)   (None, 24)                   0         ['dense_1[0][0]']             
                                                                                                  
 dropout_1 (Dropout)         (None, 24)                   0         ['activation_5[0][0]']        
                                                                                                  
 dense_2 (Dense)             (None, 36)                   900       ['dropout_1[0][0]']           
                                                                                                  
 activation_6 (Activation)   (None, 36)                   0         ['dense_2[0][0]']             
                                                                                                  
 dropout_2 (Dropout)         (None, 36)                   0         ['activation_6[0][0]']        
                                                                                                  
 dense_3 (Dense)             (None, 108)                  3996      ['dropout_2[0][0]']           
                                                                                                  
 activation_7 (Activation)   (None, 108)                  0         ['dense_3[0][0]']             
                                                                                                  
 dropout_3 (Dropout)         (None, 108)                  0         ['activation_7[0][0]']        
                                                                                                  
 dense_4 (Dense)             (None, 64)                   6976      ['dropout_3[0][0]']           
                                                                                                  
 activation_8 (Activation)   (None, 64)                   0         ['dense_4[0][0]']             
                                                                                                  
 dropout_4 (Dropout)         (None, 64)                   0         ['activation_8[0][0]']        
                                                                                                  
 dense_5 (Dense)             (None, 36)                   2340      ['dropout_4[0][0]']           
                                                                                                  
 activation_9 (Activation)   (None, 36)                   0         ['dense_5[0][0]']             
                                                                                                  
 dropout_5 (Dropout)         (None, 36)                   0         ['activation_9[0][0]']        
                                                                                                  
 dense_6 (Dense)             (None, 80)                   2960      ['dropout_5[0][0]']           
                                                                                                  
 activation_10 (Activation)  (None, 80)                   0         ['dense_6[0][0]']             
                                                                                                  
 dropout_6 (Dropout)         (None, 80)                   0         ['activation_10[0][0]']       
                                                                                                  
 dense_7 (Dense)             (None, 100)                  8100      ['dropout_6[0][0]']           
                                                                                                  
 activation_11 (Activation)  (None, 100)                  0         ['dense_7[0][0]']             
                                                                                                  
 dropout_7 (Dropout)         (None, 100)                  0         ['activation_11[0][0]']       
                                                                                                  
 dense_8 (Dense)             (None, 40)                   4040      ['dropout_7[0][0]']           
                                                                                                  
 activation_12 (Activation)  (None, 40)                   0         ['dense_8[0][0]']             
                                                                                                  
 dropout_8 (Dropout)         (None, 40)                   0         ['activation_12[0][0]']       
                                                                                                  
 dense_9 (Dense)             (None, 100)                  4100      ['dropout_8[0][0]']           
                                                                                                  
 activation_13 (Activation)  (None, 100)                  0         ['dense_9[0][0]']             
                                                                                                  
 dropout_9 (Dropout)         (None, 100)                  0         ['activation_13[0][0]']       
                                                                                                  
 dense_10 (Dense)            (None, 100)                  10100     ['dropout_9[0][0]']           
                                                                                                  
==================================================================================================
Total params: 83132 (324.73 KB)
Trainable params: 83132 (324.73 KB)
Non-trainable params: 0 (0.00 Byte)
__________________________________________________________________________________________________
Epoch 1/100
1563/1563 - 7s - loss: 4.7323 - accuracy: 0.0101 - val_loss: 4.6059 - val_accuracy: 0.0110 - 7s/epoch - 5ms/step
Epoch 2/100
1563/1563 - 5s - loss: 4.6786 - accuracy: 0.0103 - val_loss: 4.6054 - val_accuracy: 0.0107 - 5s/epoch - 3ms/step
Epoch 3/100
1563/1563 - 5s - loss: 4.6642 - accuracy: 0.0101 - val_loss: 4.6054 - val_accuracy: 0.0081 - 5s/epoch - 3ms/step
Epoch 4/100
1563/1563 - 5s - loss: 4.6539 - accuracy: 0.0098 - val_loss: 4.6051 - val_accuracy: 0.0114 - 5s/epoch - 3ms/step
Epoch 5/100
1563/1563 - 5s - loss: 4.6450 - accuracy: 0.0103 - val_loss: 4.6051 - val_accuracy: 0.0124 - 5s/epoch - 3ms/step
Epoch 6/100
1563/1563 - 5s - loss: 4.6395 - accuracy: 0.0099 - val_loss: 4.6050 - val_accuracy: 0.0127 - 5s/epoch - 3ms/step
Epoch 7/100
1563/1563 - 5s - loss: 4.6370 - accuracy: 0.0094 - val_loss: 4.6049 - val_accuracy: 0.0126 - 5s/epoch - 3ms/step
Epoch 8/100
1563/1563 - 5s - loss: 4.6317 - accuracy: 0.0105 - val_loss: 4.6050 - val_accuracy: 0.0126 - 5s/epoch - 3ms/step
Epoch 9/100
1563/1563 - 5s - loss: 4.6326 - accuracy: 0.0094 - val_loss: 4.6047 - val_accuracy: 0.0133 - 5s/epoch - 3ms/step
Epoch 10/100
1563/1563 - 5s - loss: 4.6310 - accuracy: 0.0094 - val_loss: 4.6048 - val_accuracy: 0.0159 - 5s/epoch - 3ms/step
Epoch 11/100
1563/1563 - 5s - loss: 4.6253 - accuracy: 0.0101 - val_loss: 4.6048 - val_accuracy: 0.0130 - 5s/epoch - 3ms/step
Epoch 12/100
1563/1563 - 5s - loss: 4.6249 - accuracy: 0.0105 - val_loss: 4.6046 - val_accuracy: 0.0128 - 5s/epoch - 3ms/step
Epoch 13/100
1563/1563 - 5s - loss: 4.6227 - accuracy: 0.0101 - val_loss: 4.6047 - val_accuracy: 0.0109 - 5s/epoch - 3ms/step
Epoch 14/100
1563/1563 - 5s - loss: 4.6226 - accuracy: 0.0109 - val_loss: 4.6048 - val_accuracy: 0.0122 - 5s/epoch - 3ms/step
Epoch 15/100
1563/1563 - 5s - loss: 4.6222 - accuracy: 0.0106 - val_loss: 4.6045 - val_accuracy: 0.0124 - 5s/epoch - 3ms/step
Epoch 16/100
1563/1563 - 5s - loss: 4.6210 - accuracy: 0.0103 - val_loss: 4.6046 - val_accuracy: 0.0113 - 5s/epoch - 3ms/step
Epoch 17/100
1563/1563 - 5s - loss: 4.6196 - accuracy: 0.0098 - val_loss: 4.6043 - val_accuracy: 0.0132 - 5s/epoch - 3ms/step
Epoch 18/100
1563/1563 - 5s - loss: 4.6202 - accuracy: 0.0107 - val_loss: 4.6046 - val_accuracy: 0.0118 - 5s/epoch - 3ms/step
Epoch 19/100
1563/1563 - 5s - loss: 4.6177 - accuracy: 0.0103 - val_loss: 4.6044 - val_accuracy: 0.0135 - 5s/epoch - 3ms/step
Epoch 20/100
1563/1563 - 5s - loss: 4.6178 - accuracy: 0.0100 - val_loss: 4.6046 - val_accuracy: 0.0128 - 5s/epoch - 3ms/step
Epoch 21/100
1563/1563 - 5s - loss: 4.6182 - accuracy: 0.0098 - val_loss: 4.6044 - val_accuracy: 0.0146 - 5s/epoch - 3ms/step
Epoch 22/100
1563/1563 - 5s - loss: 4.6173 - accuracy: 0.0096 - val_loss: 4.6044 - val_accuracy: 0.0144 - 5s/epoch - 3ms/step
Epoch 23/100
1563/1563 - 5s - loss: 4.6171 - accuracy: 0.0101 - val_loss: 4.6047 - val_accuracy: 0.0136 - 5s/epoch - 3ms/step
Epoch 24/100
1563/1563 - 5s - loss: 4.6169 - accuracy: 0.0098 - val_loss: 4.6046 - val_accuracy: 0.0126 - 5s/epoch - 3ms/step
Epoch 25/100
1563/1563 - 5s - loss: 4.6161 - accuracy: 0.0101 - val_loss: 4.6046 - val_accuracy: 0.0135 - 5s/epoch - 3ms/step
Epoch 26/100
1563/1563 - 5s - loss: 4.6143 - accuracy: 0.0105 - val_loss: 4.6045 - val_accuracy: 0.0147 - 5s/epoch - 3ms/step
Epoch 27/100
1563/1563 - 5s - loss: 4.6155 - accuracy: 0.0097 - val_loss: 4.6045 - val_accuracy: 0.0134 - 5s/epoch - 3ms/step
Epoch 28/100
1563/1563 - 5s - loss: 4.6146 - accuracy: 0.0103 - val_loss: 4.6045 - val_accuracy: 0.0129 - 5s/epoch - 3ms/step
Epoch 29/100
1563/1563 - 5s - loss: 4.6152 - accuracy: 0.0092 - val_loss: 4.6045 - val_accuracy: 0.0133 - 5s/epoch - 3ms/step
Epoch 30/100
1563/1563 - 5s - loss: 4.6149 - accuracy: 0.0098 - val_loss: 4.6046 - val_accuracy: 0.0092 - 5s/epoch - 3ms/step
Epoch 31/100
Restoring model weights from the end of the best epoch: 1.
1563/1563 - 5s - loss: 4.6139 - accuracy: 0.0099 - val_loss: 4.6045 - val_accuracy: 0.0144 - 5s/epoch - 3ms/step
Epoch 31: early stopping
313/313 - 0s - loss: 4.6059 - accuracy: 0.0110 - 439ms/epoch - 1ms/step

ACCURACY: 0.010999999940395355


SCORE: -0.29500245595827673

[92m | MODULE VALUES ---------------------------------------------  |
 [0m
FLOPS: 6348772
PARAMS: 83132.0
[92m 
 | -----------------------------------------------------------  |
 [0m

BANANAS BASELINE FINISHED
TOTAL TIME --------> 11904.62 seconds
BEST SCORE --------> -0.5314182160667571
HISTORY -----------> results_BANANAS_controller/bananas_cifar100_seed84_e1000_ep100/algorithm_logs/bananas_history.csv
Completed after chunk: 25/1000
