Running rolling chunk 1/40
Array task 3/10: dataset=cifar10, seed=7
Completed before chunk: 0/1000
Budget: chunk_evals=25, epochs=100
Result dir=results_BANANAS_controller/bananas_cifar10_seed7_e1000_ep100
[exp_config] Created config.yaml at: /hpc/home/fresca/EDGE-DNNTuner/results_BANANAS_controller/bananas_cifar10_seed7_e1000_ep100/config.yaml
50000 train samples
10000 test samples
Initialized NeuralNetwork with dataset. ROI mode: False
FLOPS module weight: 0.3

STARTING BANANAS BASELINE

[INFO] Resume requested, but no previous BANANAS history was found. Starting fresh.

--- BANANAS ITERATION 1 / 1000 ---
Chosen point: {'num_neurons': 4, 'unit_c1': 2, 'unit_c2': 7, 'dr_f': 0.23605233877721996, 'learning_rate': 0.0007511186600478472, 'batch_size': 64, 'optimizer': 'SGD', 'activation': 'selu', 'data_augmentation': False, 'reg_l2': False, 'skip_connection': False, 'new_fc_1': 4, 'new_fc_2': 7, 'new_fc_3': 0, 'new_fc_4': 11, 'new_fc_5': 6, 'new_fc_6': 19, 'new_fc_7': 5, 'new_fc_8': 24, 'new_fc_9': 0, 'new_fc_10': 9}
[94m
|  --> START TRAINING ITERATION 0[0m
[INFO] Flags -> DA: False, L2: False, Skip: False
Building model with input_shape=(32, 32, 3), pos_input_shape=None, layer_x_block=2
Model: "model"
_________________________________________________________________
 Layer (type)                Output Shape              Param #   
=================================================================
 input_1 (InputLayer)        [(None, 32, 32, 3)]       0         
                                                                 
 conv2d (Conv2D)             (None, 32, 32, 8)         224       
                                                                 
 activation (Activation)     (None, 32, 32, 8)         0         
                                                                 
 conv2d_1 (Conv2D)           (None, 32, 32, 8)         584       
                                                                 
 activation_1 (Activation)   (None, 32, 32, 8)         0         
                                                                 
 max_pooling2d (MaxPooling2  (None, 16, 16, 8)         0         
 D)                                                              
                                                                 
 conv2d_2 (Conv2D)           (None, 16, 16, 28)        2044      
                                                                 
 activation_2 (Activation)   (None, 16, 16, 28)        0         
                                                                 
 conv2d_3 (Conv2D)           (None, 16, 16, 28)        7084      
                                                                 
 activation_3 (Activation)   (None, 16, 16, 28)        0         
                                                                 
 max_pooling2d_1 (MaxPoolin  (None, 8, 8, 28)          0         
 g2D)                                                            
                                                                 
 flatten (Flatten)           (None, 1792)              0         
                                                                 
 dense (Dense)               (None, 16)                28688     
                                                                 
 activation_4 (Activation)   (None, 16)                0         
                                                                 
 dropout (Dropout)           (None, 16)                0         
                                                                 
 dense_1 (Dense)             (None, 28)                476       
                                                                 
 activation_5 (Activation)   (None, 28)                0         
                                                                 
 dropout_1 (Dropout)         (None, 28)                0         
                                                                 
 dense_2 (Dense)             (None, 44)                1276      
                                                                 
 activation_6 (Activation)   (None, 44)                0         
                                                                 
 dropout_2 (Dropout)         (None, 44)                0         
                                                                 
 dense_3 (Dense)             (None, 24)                1080      
                                                                 
 activation_7 (Activation)   (None, 24)                0         
                                                                 
 dropout_3 (Dropout)         (None, 24)                0         
                                                                 
 dense_4 (Dense)             (None, 76)                1900      
                                                                 
 activation_8 (Activation)   (None, 76)                0         
                                                                 
 dropout_4 (Dropout)         (None, 76)                0         
                                                                 
 dense_5 (Dense)             (None, 20)                1540      
                                                                 
 activation_9 (Activation)   (None, 20)                0         
                                                                 
 dropout_5 (Dropout)         (None, 20)                0         
                                                                 
 dense_6 (Dense)             (None, 96)                2016      
                                                                 
 activation_10 (Activation)  (None, 96)                0         
                                                                 
 dropout_6 (Dropout)         (None, 96)                0         
                                                                 
 dense_7 (Dense)             (None, 36)                3492      
                                                                 
 activation_11 (Activation)  (None, 36)                0         
                                                                 
 dropout_7 (Dropout)         (None, 36)                0         
                                                                 
 dense_8 (Dense)             (None, 10)                370       
                                                                 
=================================================================
Total params: 50774 (198.34 KB)
Trainable params: 50774 (198.34 KB)
Non-trainable params: 0 (0.00 Byte)
_________________________________________________________________
Epoch 1/100
782/782 - 7s - loss: 2.6768 - accuracy: 0.1207 - val_loss: 2.1296 - val_accuracy: 0.2332 - 7s/epoch - 10ms/step
Epoch 2/100
782/782 - 3s - loss: 2.3921 - accuracy: 0.1460 - val_loss: 2.0162 - val_accuracy: 0.2682 - 3s/epoch - 4ms/step
Epoch 3/100
782/782 - 3s - loss: 2.2720 - accuracy: 0.1710 - val_loss: 1.9426 - val_accuracy: 0.2857 - 3s/epoch - 4ms/step
Epoch 4/100
782/782 - 3s - loss: 2.2022 - accuracy: 0.1862 - val_loss: 1.9398 - val_accuracy: 0.2652 - 3s/epoch - 4ms/step
Epoch 5/100
782/782 - 3s - loss: 2.1481 - accuracy: 0.1969 - val_loss: 1.8819 - val_accuracy: 0.2974 - 3s/epoch - 4ms/step
Epoch 6/100
782/782 - 3s - loss: 2.1038 - accuracy: 0.2051 - val_loss: 1.8747 - val_accuracy: 0.2940 - 3s/epoch - 4ms/step
Epoch 7/100
782/782 - 3s - loss: 2.0740 - accuracy: 0.2134 - val_loss: 1.8471 - val_accuracy: 0.2953 - 3s/epoch - 4ms/step
Epoch 8/100
782/782 - 3s - loss: 2.0433 - accuracy: 0.2197 - val_loss: 1.7974 - val_accuracy: 0.3162 - 3s/epoch - 4ms/step
Epoch 9/100
782/782 - 3s - loss: 2.0220 - accuracy: 0.2222 - val_loss: 1.7795 - val_accuracy: 0.3082 - 3s/epoch - 4ms/step
Epoch 10/100
782/782 - 3s - loss: 2.0005 - accuracy: 0.2280 - val_loss: 1.7581 - val_accuracy: 0.3242 - 3s/epoch - 4ms/step
Epoch 11/100
782/782 - 3s - loss: 1.9795 - accuracy: 0.2322 - val_loss: 1.8941 - val_accuracy: 0.2849 - 3s/epoch - 4ms/step
Epoch 12/100
782/782 - 3s - loss: 1.9663 - accuracy: 0.2353 - val_loss: 1.7428 - val_accuracy: 0.3303 - 3s/epoch - 4ms/step
Epoch 13/100
782/782 - 3s - loss: 1.9537 - accuracy: 0.2364 - val_loss: 1.7798 - val_accuracy: 0.3311 - 3s/epoch - 4ms/step
Epoch 14/100
782/782 - 3s - loss: 1.9409 - accuracy: 0.2432 - val_loss: 1.7537 - val_accuracy: 0.3276 - 3s/epoch - 4ms/step
Epoch 15/100
782/782 - 3s - loss: 1.9305 - accuracy: 0.2446 - val_loss: 1.7239 - val_accuracy: 0.3311 - 3s/epoch - 4ms/step
Epoch 16/100
782/782 - 3s - loss: 1.9200 - accuracy: 0.2433 - val_loss: 1.7423 - val_accuracy: 0.3371 - 3s/epoch - 3ms/step
Epoch 17/100
782/782 - 3s - loss: 1.9045 - accuracy: 0.2519 - val_loss: 1.7419 - val_accuracy: 0.3194 - 3s/epoch - 3ms/step
Epoch 18/100
782/782 - 3s - loss: 1.8910 - accuracy: 0.2559 - val_loss: 1.7002 - val_accuracy: 0.3449 - 3s/epoch - 3ms/step
Epoch 19/100
782/782 - 3s - loss: 1.8894 - accuracy: 0.2559 - val_loss: 1.7825 - val_accuracy: 0.3040 - 3s/epoch - 3ms/step
Epoch 20/100
782/782 - 3s - loss: 1.8783 - accuracy: 0.2599 - val_loss: 1.7695 - val_accuracy: 0.3301 - 3s/epoch - 3ms/step
Epoch 21/100
782/782 - 3s - loss: 1.8683 - accuracy: 0.2602 - val_loss: 1.6688 - val_accuracy: 0.3578 - 3s/epoch - 4ms/step
Epoch 22/100
782/782 - 3s - loss: 1.8582 - accuracy: 0.2633 - val_loss: 1.7909 - val_accuracy: 0.3097 - 3s/epoch - 4ms/step
Epoch 23/100
782/782 - 3s - loss: 1.8480 - accuracy: 0.2692 - val_loss: 1.6778 - val_accuracy: 0.3503 - 3s/epoch - 4ms/step
Epoch 24/100
782/782 - 3s - loss: 1.8445 - accuracy: 0.2694 - val_loss: 1.6397 - val_accuracy: 0.3708 - 3s/epoch - 4ms/step
Epoch 25/100
782/782 - 3s - loss: 1.8384 - accuracy: 0.2708 - val_loss: 1.6296 - val_accuracy: 0.3761 - 3s/epoch - 4ms/step
Epoch 26/100
782/782 - 3s - loss: 1.8273 - accuracy: 0.2737 - val_loss: 1.6266 - val_accuracy: 0.3761 - 3s/epoch - 4ms/step
Epoch 27/100
782/782 - 3s - loss: 1.8228 - accuracy: 0.2754 - val_loss: 1.6409 - val_accuracy: 0.3732 - 3s/epoch - 4ms/step
Epoch 28/100
782/782 - 3s - loss: 1.8146 - accuracy: 0.2783 - val_loss: 1.6210 - val_accuracy: 0.3850 - 3s/epoch - 4ms/step
Epoch 29/100
782/782 - 3s - loss: 1.8097 - accuracy: 0.2813 - val_loss: 1.6023 - val_accuracy: 0.3907 - 3s/epoch - 4ms/step
Epoch 30/100
782/782 - 3s - loss: 1.8009 - accuracy: 0.2868 - val_loss: 1.6240 - val_accuracy: 0.3844 - 3s/epoch - 4ms/step
Epoch 31/100
782/782 - 3s - loss: 1.7936 - accuracy: 0.2884 - val_loss: 1.7138 - val_accuracy: 0.3451 - 3s/epoch - 4ms/step
Epoch 32/100
782/782 - 3s - loss: 1.7894 - accuracy: 0.2916 - val_loss: 1.6973 - val_accuracy: 0.3535 - 3s/epoch - 4ms/step
Epoch 33/100
782/782 - 3s - loss: 1.7778 - accuracy: 0.2935 - val_loss: 1.5952 - val_accuracy: 0.3925 - 3s/epoch - 4ms/step
Epoch 34/100
782/782 - 3s - loss: 1.7761 - accuracy: 0.2967 - val_loss: 1.6843 - val_accuracy: 0.3542 - 3s/epoch - 4ms/step
Epoch 35/100
782/782 - 3s - loss: 1.7654 - accuracy: 0.3025 - val_loss: 1.6654 - val_accuracy: 0.3750 - 3s/epoch - 4ms/step
Epoch 36/100
782/782 - 3s - loss: 1.7605 - accuracy: 0.3047 - val_loss: 1.5566 - val_accuracy: 0.4052 - 3s/epoch - 4ms/step
Epoch 37/100
782/782 - 3s - loss: 1.7641 - accuracy: 0.3022 - val_loss: 1.6013 - val_accuracy: 0.3816 - 3s/epoch - 4ms/step
Epoch 38/100
782/782 - 3s - loss: 1.7469 - accuracy: 0.3087 - val_loss: 1.6820 - val_accuracy: 0.3495 - 3s/epoch - 4ms/step
Epoch 39/100
782/782 - 3s - loss: 1.7450 - accuracy: 0.3114 - val_loss: 1.6413 - val_accuracy: 0.3634 - 3s/epoch - 4ms/step
Epoch 40/100
782/782 - 3s - loss: 1.7384 - accuracy: 0.3147 - val_loss: 1.5466 - val_accuracy: 0.4177 - 3s/epoch - 4ms/step
Epoch 41/100
782/782 - 3s - loss: 1.7368 - accuracy: 0.3149 - val_loss: 1.5428 - val_accuracy: 0.4140 - 3s/epoch - 4ms/step
Epoch 42/100
782/782 - 3s - loss: 1.7237 - accuracy: 0.3212 - val_loss: 1.5514 - val_accuracy: 0.4079 - 3s/epoch - 4ms/step
Epoch 43/100
782/782 - 3s - loss: 1.7147 - accuracy: 0.3259 - val_loss: 1.5272 - val_accuracy: 0.4183 - 3s/epoch - 4ms/step
Epoch 44/100
782/782 - 3s - loss: 1.7169 - accuracy: 0.3205 - val_loss: 1.5537 - val_accuracy: 0.3970 - 3s/epoch - 4ms/step
Epoch 45/100
782/782 - 3s - loss: 1.7046 - accuracy: 0.3259 - val_loss: 1.5466 - val_accuracy: 0.3991 - 3s/epoch - 4ms/step
Epoch 46/100
782/782 - 3s - loss: 1.7073 - accuracy: 0.3295 - val_loss: 1.5148 - val_accuracy: 0.4267 - 3s/epoch - 4ms/step
Epoch 47/100
782/782 - 3s - loss: 1.7012 - accuracy: 0.3347 - val_loss: 1.6278 - val_accuracy: 0.4039 - 3s/epoch - 4ms/step
Epoch 48/100
782/782 - 3s - loss: 1.6959 - accuracy: 0.3332 - val_loss: 1.5766 - val_accuracy: 0.4102 - 3s/epoch - 4ms/step
Epoch 49/100
782/782 - 3s - loss: 1.6883 - accuracy: 0.3391 - val_loss: 1.5549 - val_accuracy: 0.4113 - 3s/epoch - 4ms/step
Epoch 50/100
782/782 - 3s - loss: 1.6797 - accuracy: 0.3413 - val_loss: 1.4978 - val_accuracy: 0.4348 - 3s/epoch - 4ms/step
Epoch 51/100
782/782 - 3s - loss: 1.6842 - accuracy: 0.3419 - val_loss: 1.5060 - val_accuracy: 0.4256 - 3s/epoch - 4ms/step
Epoch 52/100
782/782 - 3s - loss: 1.6785 - accuracy: 0.3417 - val_loss: 1.4974 - val_accuracy: 0.4331 - 3s/epoch - 4ms/step
Epoch 53/100
782/782 - 3s - loss: 1.6707 - accuracy: 0.3434 - val_loss: 1.4890 - val_accuracy: 0.4334 - 3s/epoch - 4ms/step
Epoch 54/100
782/782 - 3s - loss: 1.6697 - accuracy: 0.3424 - val_loss: 1.4930 - val_accuracy: 0.4332 - 3s/epoch - 4ms/step
Epoch 55/100
782/782 - 3s - loss: 1.6618 - accuracy: 0.3469 - val_loss: 1.6953 - val_accuracy: 0.3803 - 3s/epoch - 4ms/step
Epoch 56/100
782/782 - 3s - loss: 1.6596 - accuracy: 0.3474 - val_loss: 1.4824 - val_accuracy: 0.4403 - 3s/epoch - 4ms/step
Epoch 57/100
782/782 - 3s - loss: 1.6516 - accuracy: 0.3534 - val_loss: 1.4696 - val_accuracy: 0.4436 - 3s/epoch - 4ms/step
Epoch 58/100
782/782 - 3s - loss: 1.6498 - accuracy: 0.3526 - val_loss: 1.5182 - val_accuracy: 0.4192 - 3s/epoch - 4ms/step
Epoch 59/100
782/782 - 3s - loss: 1.6421 - accuracy: 0.3556 - val_loss: 1.4741 - val_accuracy: 0.4386 - 3s/epoch - 4ms/step
Epoch 60/100
782/782 - 3s - loss: 1.6398 - accuracy: 0.3583 - val_loss: 1.4897 - val_accuracy: 0.4279 - 3s/epoch - 4ms/step
Epoch 61/100
782/782 - 3s - loss: 1.6368 - accuracy: 0.3561 - val_loss: 1.4870 - val_accuracy: 0.4289 - 3s/epoch - 4ms/step
Epoch 62/100
782/782 - 3s - loss: 1.6346 - accuracy: 0.3618 - val_loss: 1.4709 - val_accuracy: 0.4346 - 3s/epoch - 4ms/step
Epoch 63/100
782/782 - 3s - loss: 1.6292 - accuracy: 0.3613 - val_loss: 1.5220 - val_accuracy: 0.4214 - 3s/epoch - 4ms/step
Epoch 64/100
782/782 - 3s - loss: 1.6257 - accuracy: 0.3633 - val_loss: 1.4661 - val_accuracy: 0.4335 - 3s/epoch - 4ms/step
Epoch 65/100
782/782 - 3s - loss: 1.6251 - accuracy: 0.3624 - val_loss: 1.5217 - val_accuracy: 0.4171 - 3s/epoch - 4ms/step
Epoch 66/100
782/782 - 3s - loss: 1.6186 - accuracy: 0.3660 - val_loss: 1.4525 - val_accuracy: 0.4438 - 3s/epoch - 4ms/step
Epoch 67/100
782/782 - 3s - loss: 1.6122 - accuracy: 0.3693 - val_loss: 1.4815 - val_accuracy: 0.4363 - 3s/epoch - 4ms/step
Epoch 68/100
782/782 - 3s - loss: 1.6133 - accuracy: 0.3704 - val_loss: 1.4488 - val_accuracy: 0.4329 - 3s/epoch - 4ms/step
Epoch 69/100
782/782 - 3s - loss: 1.6068 - accuracy: 0.3703 - val_loss: 1.4420 - val_accuracy: 0.4439 - 3s/epoch - 4ms/step
Epoch 70/100
782/782 - 3s - loss: 1.6070 - accuracy: 0.3698 - val_loss: 1.5840 - val_accuracy: 0.3857 - 3s/epoch - 4ms/step
Epoch 71/100
782/782 - 3s - loss: 1.5967 - accuracy: 0.3763 - val_loss: 1.4386 - val_accuracy: 0.4499 - 3s/epoch - 4ms/step
Epoch 72/100
782/782 - 3s - loss: 1.5990 - accuracy: 0.3739 - val_loss: 1.4428 - val_accuracy: 0.4429 - 3s/epoch - 4ms/step
Epoch 73/100
782/782 - 3s - loss: 1.5932 - accuracy: 0.3766 - val_loss: 1.5077 - val_accuracy: 0.4179 - 3s/epoch - 4ms/step
Epoch 74/100
782/782 - 3s - loss: 1.5910 - accuracy: 0.3746 - val_loss: 1.4287 - val_accuracy: 0.4466 - 3s/epoch - 4ms/step
Epoch 75/100
782/782 - 3s - loss: 1.5872 - accuracy: 0.3802 - val_loss: 1.5076 - val_accuracy: 0.4386 - 3s/epoch - 4ms/step
Epoch 76/100
782/782 - 3s - loss: 1.5851 - accuracy: 0.3803 - val_loss: 1.4785 - val_accuracy: 0.4254 - 3s/epoch - 4ms/step
Epoch 77/100
782/782 - 3s - loss: 1.5846 - accuracy: 0.3809 - val_loss: 1.4444 - val_accuracy: 0.4456 - 3s/epoch - 4ms/step
Epoch 78/100
782/782 - 3s - loss: 1.5768 - accuracy: 0.3835 - val_loss: 1.4969 - val_accuracy: 0.4142 - 3s/epoch - 4ms/step
Epoch 79/100
782/782 - 3s - loss: 1.5757 - accuracy: 0.3811 - val_loss: 1.4356 - val_accuracy: 0.4426 - 3s/epoch - 4ms/step
Epoch 80/100
782/782 - 3s - loss: 1.5736 - accuracy: 0.3845 - val_loss: 1.4358 - val_accuracy: 0.4489 - 3s/epoch - 4ms/step
Epoch 81/100
782/782 - 3s - loss: 1.5693 - accuracy: 0.3885 - val_loss: 1.5747 - val_accuracy: 0.4097 - 3s/epoch - 4ms/step
Epoch 82/100
782/782 - 3s - loss: 1.5660 - accuracy: 0.3866 - val_loss: 1.4120 - val_accuracy: 0.4520 - 3s/epoch - 4ms/step
Epoch 83/100
782/782 - 3s - loss: 1.5630 - accuracy: 0.3854 - val_loss: 1.4180 - val_accuracy: 0.4505 - 3s/epoch - 4ms/step
Epoch 84/100
782/782 - 3s - loss: 1.5653 - accuracy: 0.3853 - val_loss: 1.4934 - val_accuracy: 0.4355 - 3s/epoch - 4ms/step
Epoch 85/100
782/782 - 3s - loss: 1.5650 - accuracy: 0.3879 - val_loss: 1.4546 - val_accuracy: 0.4356 - 3s/epoch - 4ms/step
Epoch 86/100
782/782 - 3s - loss: 1.5609 - accuracy: 0.3912 - val_loss: 1.4124 - val_accuracy: 0.4520 - 3s/epoch - 4ms/step
Epoch 87/100
782/782 - 3s - loss: 1.5481 - accuracy: 0.3947 - val_loss: 1.5192 - val_accuracy: 0.4370 - 3s/epoch - 4ms/step
Epoch 88/100
782/782 - 3s - loss: 1.5493 - accuracy: 0.3944 - val_loss: 1.5242 - val_accuracy: 0.4257 - 3s/epoch - 4ms/step
Epoch 89/100
782/782 - 3s - loss: 1.5467 - accuracy: 0.3923 - val_loss: 1.4369 - val_accuracy: 0.4518 - 3s/epoch - 4ms/step
Epoch 90/100
782/782 - 3s - loss: 1.5398 - accuracy: 0.3972 - val_loss: 1.4234 - val_accuracy: 0.4453 - 3s/epoch - 4ms/step
Epoch 91/100
782/782 - 3s - loss: 1.5347 - accuracy: 0.4003 - val_loss: 1.4426 - val_accuracy: 0.4365 - 3s/epoch - 4ms/step
Epoch 92/100
782/782 - 3s - loss: 1.5396 - accuracy: 0.3998 - val_loss: 1.5044 - val_accuracy: 0.4270 - 3s/epoch - 4ms/step
Epoch 93/100
782/782 - 3s - loss: 1.5359 - accuracy: 0.3987 - val_loss: 1.6872 - val_accuracy: 0.3834 - 3s/epoch - 4ms/step
Epoch 94/100
782/782 - 3s - loss: 1.5379 - accuracy: 0.3999 - val_loss: 1.3956 - val_accuracy: 0.4565 - 3s/epoch - 4ms/step
Epoch 95/100
782/782 - 3s - loss: 1.5335 - accuracy: 0.3979 - val_loss: 1.4088 - val_accuracy: 0.4475 - 3s/epoch - 4ms/step
Epoch 96/100
782/782 - 3s - loss: 1.5232 - accuracy: 0.4041 - val_loss: 1.4294 - val_accuracy: 0.4469 - 3s/epoch - 4ms/step
Epoch 97/100
782/782 - 3s - loss: 1.5284 - accuracy: 0.4026 - val_loss: 1.4415 - val_accuracy: 0.4489 - 3s/epoch - 4ms/step
Epoch 98/100
782/782 - 3s - loss: 1.5230 - accuracy: 0.4047 - val_loss: 1.5407 - val_accuracy: 0.4330 - 3s/epoch - 4ms/step
Epoch 99/100
782/782 - 3s - loss: 1.5245 - accuracy: 0.4062 - val_loss: 1.4176 - val_accuracy: 0.4615 - 3s/epoch - 4ms/step
Epoch 100/100
782/782 - 3s - loss: 1.5194 - accuracy: 0.4077 - val_loss: 1.4212 - val_accuracy: 0.4581 - 3s/epoch - 4ms/step
313/313 - 1s - loss: 1.4212 - accuracy: 0.4581 - 743ms/epoch - 2ms/step

ACCURACY: 0.45809999108314514


SCORE: -0.6078813217582015

[92m | MODULE VALUES ---------------------------------------------  |
 [0m
FLOPS: 6394336
PARAMS: 50774.0
[92m 
 | -----------------------------------------------------------  |
 [0m
[INFO] New Best Score: -0.6079 (Previous: 10000000000.0000)

--- BANANAS ITERATION 2 / 1000 ---
Chosen point: {'num_neurons': 16, 'unit_c1': 1, 'unit_c2': 7, 'dr_f': 0.09258963950684758, 'learning_rate': 0.0005710713226063893, 'batch_size': 64, 'optimizer': 'Adagrad', 'activation': 'elu', 'data_augmentation': False, 'reg_l2': False, 'skip_connection': False, 'new_fc_1': 7, 'new_fc_2': 23, 'new_fc_3': 10, 'new_fc_4': 0, 'new_fc_5': 7, 'new_fc_6': 23, 'new_fc_7': 28, 'new_fc_8': 32, 'new_fc_9': 21, 'new_fc_10': 3}
[94m
|  --> START TRAINING ITERATION 1[0m
[INFO] Flags -> DA: False, L2: False, Skip: False
Building model with input_shape=(32, 32, 3), pos_input_shape=None, layer_x_block=2
Model: "model"
_________________________________________________________________
 Layer (type)                Output Shape              Param #   
=================================================================
 input_1 (InputLayer)        [(None, 32, 32, 3)]       0         
                                                                 
 conv2d (Conv2D)             (None, 32, 32, 16)        448       
                                                                 
 activation (Activation)     (None, 32, 32, 16)        0         
                                                                 
 conv2d_1 (Conv2D)           (None, 32, 32, 16)        2320      
                                                                 
 activation_1 (Activation)   (None, 32, 32, 16)        0         
                                                                 
 max_pooling2d (MaxPooling2  (None, 16, 16, 16)        0         
 D)                                                              
                                                                 
 conv2d_2 (Conv2D)           (None, 16, 16, 112)       16240     
                                                                 
 activation_2 (Activation)   (None, 16, 16, 112)       0         
                                                                 
 conv2d_3 (Conv2D)           (None, 16, 16, 112)       113008    
                                                                 
 activation_3 (Activation)   (None, 16, 16, 112)       0         
                                                                 
 max_pooling2d_1 (MaxPoolin  (None, 8, 8, 112)         0         
 g2D)                                                            
                                                                 
 flatten (Flatten)           (None, 7168)              0         
                                                                 
 dense (Dense)               (None, 112)               802928    
                                                                 
 activation_4 (Activation)   (None, 112)               0         
                                                                 
 dropout (Dropout)           (None, 112)               0         
                                                                 
 dense_1 (Dense)             (None, 368)               41584     
                                                                 
 activation_5 (Activation)   (None, 368)               0         
                                                                 
 dropout_1 (Dropout)         (None, 368)               0         
                                                                 
 dense_2 (Dense)             (None, 160)               59040     
                                                                 
 activation_6 (Activation)   (None, 160)               0         
                                                                 
 dropout_2 (Dropout)         (None, 160)               0         
                                                                 
 dense_3 (Dense)             (None, 112)               18032     
                                                                 
 activation_7 (Activation)   (None, 112)               0         
                                                                 
 dropout_3 (Dropout)         (None, 112)               0         
                                                                 
 dense_4 (Dense)             (None, 368)               41584     
                                                                 
 activation_8 (Activation)   (None, 368)               0         
                                                                 
 dropout_4 (Dropout)         (None, 368)               0         
                                                                 
 dense_5 (Dense)             (None, 448)               165312    
                                                                 
 activation_9 (Activation)   (None, 448)               0         
                                                                 
 dropout_5 (Dropout)         (None, 448)               0         
                                                                 
 dense_6 (Dense)             (None, 512)               229888    
                                                                 
 activation_10 (Activation)  (None, 512)               0         
                                                                 
 dropout_6 (Dropout)         (None, 512)               0         
                                                                 
 dense_7 (Dense)             (None, 336)               172368    
                                                                 
 activation_11 (Activation)  (None, 336)               0         
                                                                 
 dropout_7 (Dropout)         (None, 336)               0         
                                                                 
 dense_8 (Dense)             (None, 48)                16176     
                                                                 
 activation_12 (Activation)  (None, 48)                0         
                                                                 
 dropout_8 (Dropout)         (None, 48)                0         
                                                                 
 dense_9 (Dense)             (None, 10)                490       
                                                                 
=================================================================
Total params: 1679418 (6.41 MB)
Trainable params: 1679418 (6.41 MB)
Non-trainable params: 0 (0.00 Byte)
_________________________________________________________________
Epoch 1/100
782/782 - 8s - loss: 2.1788 - accuracy: 0.1873 - val_loss: 2.0398 - val_accuracy: 0.2492 - 8s/epoch - 10ms/step
Epoch 2/100
782/782 - 4s - loss: 1.9903 - accuracy: 0.2597 - val_loss: 1.8934 - val_accuracy: 0.3136 - 4s/epoch - 6ms/step
Epoch 3/100
782/782 - 4s - loss: 1.8493 - accuracy: 0.3199 - val_loss: 1.7486 - val_accuracy: 0.3753 - 4s/epoch - 6ms/step
Epoch 4/100
782/782 - 4s - loss: 1.7450 - accuracy: 0.3604 - val_loss: 1.6617 - val_accuracy: 0.4036 - 4s/epoch - 6ms/step
Epoch 5/100
782/782 - 4s - loss: 1.6760 - accuracy: 0.3860 - val_loss: 1.6480 - val_accuracy: 0.4112 - 4s/epoch - 6ms/step
Epoch 6/100
782/782 - 4s - loss: 1.6132 - accuracy: 0.4077 - val_loss: 1.5659 - val_accuracy: 0.4383 - 4s/epoch - 6ms/step
Epoch 7/100
782/782 - 4s - loss: 1.5596 - accuracy: 0.4283 - val_loss: 1.5009 - val_accuracy: 0.4531 - 4s/epoch - 6ms/step
Epoch 8/100
782/782 - 4s - loss: 1.5154 - accuracy: 0.4466 - val_loss: 1.4497 - val_accuracy: 0.4739 - 4s/epoch - 6ms/step
Epoch 9/100
782/782 - 4s - loss: 1.4790 - accuracy: 0.4604 - val_loss: 1.4630 - val_accuracy: 0.4743 - 4s/epoch - 6ms/step
Epoch 10/100
782/782 - 4s - loss: 1.4504 - accuracy: 0.4682 - val_loss: 1.4819 - val_accuracy: 0.4714 - 4s/epoch - 6ms/step
Epoch 11/100
782/782 - 4s - loss: 1.4180 - accuracy: 0.4810 - val_loss: 1.3644 - val_accuracy: 0.5122 - 4s/epoch - 6ms/step
Epoch 12/100
782/782 - 4s - loss: 1.3959 - accuracy: 0.4899 - val_loss: 1.3583 - val_accuracy: 0.5006 - 4s/epoch - 6ms/step
Epoch 13/100
782/782 - 4s - loss: 1.3716 - accuracy: 0.4982 - val_loss: 1.3575 - val_accuracy: 0.5123 - 4s/epoch - 6ms/step
Epoch 14/100
782/782 - 4s - loss: 1.3503 - accuracy: 0.5062 - val_loss: 1.2980 - val_accuracy: 0.5313 - 4s/epoch - 6ms/step
Epoch 15/100
782/782 - 4s - loss: 1.3329 - accuracy: 0.5133 - val_loss: 1.2809 - val_accuracy: 0.5421 - 4s/epoch - 6ms/step
Epoch 16/100
782/782 - 4s - loss: 1.3136 - accuracy: 0.5215 - val_loss: 1.3028 - val_accuracy: 0.5283 - 4s/epoch - 6ms/step
Epoch 17/100
782/782 - 4s - loss: 1.2953 - accuracy: 0.5275 - val_loss: 1.2516 - val_accuracy: 0.5489 - 4s/epoch - 6ms/step
Epoch 18/100
782/782 - 5s - loss: 1.2834 - accuracy: 0.5333 - val_loss: 1.2418 - val_accuracy: 0.5541 - 5s/epoch - 6ms/step
Epoch 19/100
782/782 - 5s - loss: 1.2708 - accuracy: 0.5371 - val_loss: 1.2311 - val_accuracy: 0.5579 - 5s/epoch - 6ms/step
Epoch 20/100
782/782 - 4s - loss: 1.2557 - accuracy: 0.5440 - val_loss: 1.2397 - val_accuracy: 0.5613 - 4s/epoch - 6ms/step
Epoch 21/100
782/782 - 4s - loss: 1.2425 - accuracy: 0.5494 - val_loss: 1.2275 - val_accuracy: 0.5618 - 4s/epoch - 6ms/step
Epoch 22/100
782/782 - 4s - loss: 1.2290 - accuracy: 0.5547 - val_loss: 1.1906 - val_accuracy: 0.5760 - 4s/epoch - 6ms/step
Epoch 23/100
782/782 - 4s - loss: 1.2157 - accuracy: 0.5582 - val_loss: 1.2129 - val_accuracy: 0.5660 - 4s/epoch - 6ms/step
Epoch 24/100
782/782 - 4s - loss: 1.2065 - accuracy: 0.5639 - val_loss: 1.1721 - val_accuracy: 0.5851 - 4s/epoch - 6ms/step
Epoch 25/100
782/782 - 4s - loss: 1.1935 - accuracy: 0.5700 - val_loss: 1.1732 - val_accuracy: 0.5805 - 4s/epoch - 5ms/step
Epoch 26/100
782/782 - 4s - loss: 1.1845 - accuracy: 0.5739 - val_loss: 1.1630 - val_accuracy: 0.5844 - 4s/epoch - 5ms/step
Epoch 27/100
782/782 - 4s - loss: 1.1722 - accuracy: 0.5766 - val_loss: 1.1605 - val_accuracy: 0.5926 - 4s/epoch - 5ms/step
Epoch 28/100
782/782 - 4s - loss: 1.1625 - accuracy: 0.5800 - val_loss: 1.1484 - val_accuracy: 0.5919 - 4s/epoch - 5ms/step
Epoch 29/100
782/782 - 4s - loss: 1.1530 - accuracy: 0.5855 - val_loss: 1.1458 - val_accuracy: 0.5906 - 4s/epoch - 6ms/step
Epoch 30/100
782/782 - 4s - loss: 1.1435 - accuracy: 0.5888 - val_loss: 1.1418 - val_accuracy: 0.5970 - 4s/epoch - 6ms/step
Epoch 31/100
782/782 - 4s - loss: 1.1324 - accuracy: 0.5940 - val_loss: 1.1291 - val_accuracy: 0.6021 - 4s/epoch - 6ms/step
Epoch 32/100
782/782 - 4s - loss: 1.1278 - accuracy: 0.5933 - val_loss: 1.1194 - val_accuracy: 0.6049 - 4s/epoch - 6ms/step
Epoch 33/100
782/782 - 4s - loss: 1.1210 - accuracy: 0.5961 - val_loss: 1.1349 - val_accuracy: 0.6028 - 4s/epoch - 6ms/step
Epoch 34/100
782/782 - 4s - loss: 1.1113 - accuracy: 0.6020 - val_loss: 1.1093 - val_accuracy: 0.6106 - 4s/epoch - 6ms/step
Epoch 35/100
782/782 - 4s - loss: 1.1018 - accuracy: 0.6061 - val_loss: 1.0987 - val_accuracy: 0.6147 - 4s/epoch - 6ms/step
Epoch 36/100
782/782 - 4s - loss: 1.0961 - accuracy: 0.6075 - val_loss: 1.1062 - val_accuracy: 0.6100 - 4s/epoch - 6ms/step
Epoch 37/100
782/782 - 4s - loss: 1.0891 - accuracy: 0.6100 - val_loss: 1.0988 - val_accuracy: 0.6118 - 4s/epoch - 6ms/step
Epoch 38/100
782/782 - 4s - loss: 1.0805 - accuracy: 0.6152 - val_loss: 1.1124 - val_accuracy: 0.6084 - 4s/epoch - 6ms/step
Epoch 39/100
782/782 - 4s - loss: 1.0739 - accuracy: 0.6175 - val_loss: 1.0804 - val_accuracy: 0.6186 - 4s/epoch - 6ms/step
Epoch 40/100
782/782 - 4s - loss: 1.0685 - accuracy: 0.6184 - val_loss: 1.0944 - val_accuracy: 0.6161 - 4s/epoch - 6ms/step
Epoch 41/100
782/782 - 4s - loss: 1.0599 - accuracy: 0.6203 - val_loss: 1.0740 - val_accuracy: 0.6248 - 4s/epoch - 6ms/step
Epoch 42/100
782/782 - 4s - loss: 1.0572 - accuracy: 0.6225 - val_loss: 1.0796 - val_accuracy: 0.6236 - 4s/epoch - 6ms/step
Epoch 43/100
782/782 - 4s - loss: 1.0507 - accuracy: 0.6255 - val_loss: 1.0764 - val_accuracy: 0.6191 - 4s/epoch - 6ms/step
Epoch 44/100
782/782 - 4s - loss: 1.0426 - accuracy: 0.6288 - val_loss: 1.0612 - val_accuracy: 0.6254 - 4s/epoch - 6ms/step
Epoch 45/100
782/782 - 4s - loss: 1.0346 - accuracy: 0.6326 - val_loss: 1.0610 - val_accuracy: 0.6285 - 4s/epoch - 6ms/step
Epoch 46/100
782/782 - 4s - loss: 1.0289 - accuracy: 0.6349 - val_loss: 1.0818 - val_accuracy: 0.6196 - 4s/epoch - 6ms/step
Epoch 47/100
782/782 - 4s - loss: 1.0252 - accuracy: 0.6363 - val_loss: 1.0504 - val_accuracy: 0.6326 - 4s/epoch - 6ms/step
Epoch 48/100
782/782 - 4s - loss: 1.0199 - accuracy: 0.6391 - val_loss: 1.0466 - val_accuracy: 0.6351 - 4s/epoch - 6ms/step
Epoch 49/100
782/782 - 4s - loss: 1.0141 - accuracy: 0.6392 - val_loss: 1.0594 - val_accuracy: 0.6266 - 4s/epoch - 6ms/step
Epoch 50/100
782/782 - 4s - loss: 1.0088 - accuracy: 0.6420 - val_loss: 1.0402 - val_accuracy: 0.6351 - 4s/epoch - 6ms/step
Epoch 51/100
782/782 - 4s - loss: 1.0056 - accuracy: 0.6423 - val_loss: 1.0566 - val_accuracy: 0.6307 - 4s/epoch - 6ms/step
Epoch 52/100
782/782 - 4s - loss: 1.0029 - accuracy: 0.6448 - val_loss: 1.0420 - val_accuracy: 0.6355 - 4s/epoch - 6ms/step
Epoch 53/100
782/782 - 4s - loss: 0.9999 - accuracy: 0.6443 - val_loss: 1.0460 - val_accuracy: 0.6320 - 4s/epoch - 6ms/step
Epoch 54/100
782/782 - 4s - loss: 0.9903 - accuracy: 0.6488 - val_loss: 1.0331 - val_accuracy: 0.6365 - 4s/epoch - 6ms/step
Epoch 55/100
782/782 - 4s - loss: 0.9868 - accuracy: 0.6502 - val_loss: 1.0348 - val_accuracy: 0.6345 - 4s/epoch - 6ms/step
Epoch 56/100
782/782 - 4s - loss: 0.9805 - accuracy: 0.6528 - val_loss: 1.0393 - val_accuracy: 0.6357 - 4s/epoch - 6ms/step
Epoch 57/100
782/782 - 4s - loss: 0.9782 - accuracy: 0.6531 - val_loss: 1.0225 - val_accuracy: 0.6418 - 4s/epoch - 6ms/step
Epoch 58/100
782/782 - 4s - loss: 0.9761 - accuracy: 0.6524 - val_loss: 1.0301 - val_accuracy: 0.6401 - 4s/epoch - 6ms/step
Epoch 59/100
782/782 - 4s - loss: 0.9701 - accuracy: 0.6563 - val_loss: 1.0275 - val_accuracy: 0.6421 - 4s/epoch - 6ms/step
Epoch 60/100
782/782 - 4s - loss: 0.9673 - accuracy: 0.6574 - val_loss: 1.0220 - val_accuracy: 0.6386 - 4s/epoch - 6ms/step
Epoch 61/100
782/782 - 4s - loss: 0.9623 - accuracy: 0.6572 - val_loss: 1.0170 - val_accuracy: 0.6433 - 4s/epoch - 6ms/step
Epoch 62/100
782/782 - 4s - loss: 0.9545 - accuracy: 0.6609 - val_loss: 1.0217 - val_accuracy: 0.6459 - 4s/epoch - 6ms/step
Epoch 63/100
782/782 - 4s - loss: 0.9556 - accuracy: 0.6606 - val_loss: 1.0253 - val_accuracy: 0.6437 - 4s/epoch - 6ms/step
Epoch 64/100
782/782 - 4s - loss: 0.9503 - accuracy: 0.6622 - val_loss: 1.0107 - val_accuracy: 0.6472 - 4s/epoch - 6ms/step
Epoch 65/100
782/782 - 4s - loss: 0.9475 - accuracy: 0.6625 - val_loss: 1.0170 - val_accuracy: 0.6446 - 4s/epoch - 5ms/step
Epoch 66/100
782/782 - 4s - loss: 0.9451 - accuracy: 0.6662 - val_loss: 1.0100 - val_accuracy: 0.6503 - 4s/epoch - 5ms/step
Epoch 67/100
782/782 - 4s - loss: 0.9395 - accuracy: 0.6683 - val_loss: 1.0082 - val_accuracy: 0.6486 - 4s/epoch - 5ms/step
Epoch 68/100
782/782 - 4s - loss: 0.9373 - accuracy: 0.6690 - val_loss: 1.0104 - val_accuracy: 0.6472 - 4s/epoch - 6ms/step
Epoch 69/100
782/782 - 4s - loss: 0.9343 - accuracy: 0.6705 - val_loss: 1.0349 - val_accuracy: 0.6409 - 4s/epoch - 6ms/step
Epoch 70/100
782/782 - 4s - loss: 0.9326 - accuracy: 0.6700 - val_loss: 1.0036 - val_accuracy: 0.6497 - 4s/epoch - 6ms/step
Epoch 71/100
782/782 - 4s - loss: 0.9271 - accuracy: 0.6709 - val_loss: 1.0037 - val_accuracy: 0.6501 - 4s/epoch - 6ms/step
Epoch 72/100
782/782 - 4s - loss: 0.9236 - accuracy: 0.6747 - val_loss: 0.9974 - val_accuracy: 0.6504 - 4s/epoch - 6ms/step
Epoch 73/100
782/782 - 4s - loss: 0.9203 - accuracy: 0.6744 - val_loss: 1.0018 - val_accuracy: 0.6513 - 4s/epoch - 6ms/step
Epoch 74/100
782/782 - 4s - loss: 0.9175 - accuracy: 0.6759 - val_loss: 0.9941 - val_accuracy: 0.6552 - 4s/epoch - 6ms/step
Epoch 75/100
782/782 - 4s - loss: 0.9155 - accuracy: 0.6777 - val_loss: 0.9913 - val_accuracy: 0.6557 - 4s/epoch - 6ms/step
Epoch 76/100
782/782 - 4s - loss: 0.9099 - accuracy: 0.6787 - val_loss: 1.0004 - val_accuracy: 0.6533 - 4s/epoch - 6ms/step
Epoch 77/100
782/782 - 4s - loss: 0.9103 - accuracy: 0.6775 - val_loss: 1.0050 - val_accuracy: 0.6467 - 4s/epoch - 6ms/step
Epoch 78/100
782/782 - 4s - loss: 0.9065 - accuracy: 0.6798 - val_loss: 0.9892 - val_accuracy: 0.6553 - 4s/epoch - 6ms/step
Epoch 79/100
782/782 - 4s - loss: 0.8993 - accuracy: 0.6842 - val_loss: 0.9928 - val_accuracy: 0.6562 - 4s/epoch - 6ms/step
Epoch 80/100
782/782 - 4s - loss: 0.8958 - accuracy: 0.6854 - val_loss: 1.0036 - val_accuracy: 0.6475 - 4s/epoch - 6ms/step
Epoch 81/100
782/782 - 4s - loss: 0.8975 - accuracy: 0.6841 - val_loss: 0.9980 - val_accuracy: 0.6518 - 4s/epoch - 6ms/step
Epoch 82/100
782/782 - 4s - loss: 0.8941 - accuracy: 0.6858 - val_loss: 0.9953 - val_accuracy: 0.6528 - 4s/epoch - 6ms/step
Epoch 83/100
782/782 - 4s - loss: 0.8894 - accuracy: 0.6852 - val_loss: 1.0199 - val_accuracy: 0.6474 - 4s/epoch - 6ms/step
Epoch 84/100
782/782 - 4s - loss: 0.8864 - accuracy: 0.6882 - val_loss: 0.9937 - val_accuracy: 0.6551 - 4s/epoch - 6ms/step
Epoch 85/100
782/782 - 4s - loss: 0.8835 - accuracy: 0.6889 - val_loss: 0.9814 - val_accuracy: 0.6581 - 4s/epoch - 6ms/step
Epoch 86/100
782/782 - 4s - loss: 0.8808 - accuracy: 0.6901 - val_loss: 0.9809 - val_accuracy: 0.6616 - 4s/epoch - 6ms/step
Epoch 87/100
782/782 - 4s - loss: 0.8789 - accuracy: 0.6907 - val_loss: 0.9935 - val_accuracy: 0.6534 - 4s/epoch - 6ms/step
Epoch 88/100
782/782 - 4s - loss: 0.8768 - accuracy: 0.6915 - val_loss: 0.9988 - val_accuracy: 0.6515 - 4s/epoch - 6ms/step
Epoch 89/100
782/782 - 4s - loss: 0.8731 - accuracy: 0.6918 - val_loss: 0.9931 - val_accuracy: 0.6543 - 4s/epoch - 6ms/step
Epoch 90/100
782/782 - 4s - loss: 0.8727 - accuracy: 0.6922 - val_loss: 0.9774 - val_accuracy: 0.6607 - 4s/epoch - 6ms/step
Epoch 91/100
782/782 - 4s - loss: 0.8670 - accuracy: 0.6965 - val_loss: 0.9824 - val_accuracy: 0.6580 - 4s/epoch - 6ms/step
Epoch 92/100
782/782 - 4s - loss: 0.8677 - accuracy: 0.6951 - val_loss: 0.9809 - val_accuracy: 0.6582 - 4s/epoch - 6ms/step
Epoch 93/100
782/782 - 4s - loss: 0.8656 - accuracy: 0.6959 - val_loss: 0.9774 - val_accuracy: 0.6607 - 4s/epoch - 6ms/step
Epoch 94/100
782/782 - 4s - loss: 0.8591 - accuracy: 0.6971 - val_loss: 0.9738 - val_accuracy: 0.6606 - 4s/epoch - 6ms/step
Epoch 95/100
782/782 - 4s - loss: 0.8594 - accuracy: 0.6969 - val_loss: 0.9736 - val_accuracy: 0.6621 - 4s/epoch - 6ms/step
Epoch 96/100
782/782 - 4s - loss: 0.8533 - accuracy: 0.6995 - val_loss: 0.9872 - val_accuracy: 0.6572 - 4s/epoch - 6ms/step
Epoch 97/100
782/782 - 4s - loss: 0.8518 - accuracy: 0.7014 - val_loss: 0.9760 - val_accuracy: 0.6620 - 4s/epoch - 6ms/step
Epoch 98/100
782/782 - 4s - loss: 0.8529 - accuracy: 0.6993 - val_loss: 0.9804 - val_accuracy: 0.6601 - 4s/epoch - 6ms/step
Epoch 99/100
782/782 - 4s - loss: 0.8472 - accuracy: 0.7000 - val_loss: 0.9748 - val_accuracy: 0.6610 - 4s/epoch - 6ms/step
Epoch 100/100
782/782 - 4s - loss: 0.8443 - accuracy: 0.7030 - val_loss: 0.9737 - val_accuracy: 0.6632 - 4s/epoch - 6ms/step
313/313 - 1s - loss: 0.9736 - accuracy: 0.6635 - 828ms/epoch - 3ms/step

ACCURACY: 0.6635000109672546


SCORE: -0.6146676796770782

[92m | MODULE VALUES ---------------------------------------------  |
 [0m
FLOPS: 74891164
PARAMS: 1679418.0
[92m 
 | -----------------------------------------------------------  |
 [0m
[INFO] New Best Score: -0.6147 (Previous: -0.6079)

--- BANANAS ITERATION 3 / 1000 ---
Chosen point: {'num_neurons': 8, 'unit_c1': 2, 'unit_c2': 4, 'dr_f': 0.4628669638616868, 'learning_rate': 0.0004900079477384068, 'batch_size': 16, 'optimizer': 'Adadelta', 'activation': 'swish', 'data_augmentation': False, 'reg_l2': False, 'skip_connection': True, 'new_fc_1': 18, 'new_fc_2': 21, 'new_fc_3': 3, 'new_fc_4': 11, 'new_fc_5': 16, 'new_fc_6': 12, 'new_fc_7': 29, 'new_fc_8': 9, 'new_fc_9': 12, 'new_fc_10': 3}
[94m
|  --> START TRAINING ITERATION 2[0m
[INFO] Flags -> DA: False, L2: False, Skip: True
Building model with input_shape=(32, 32, 3), pos_input_shape=None, layer_x_block=2
Model: "model"
__________________________________________________________________________________________________
 Layer (type)                Output Shape                 Param #   Connected to                  
==================================================================================================
 input_1 (InputLayer)        [(None, 32, 32, 3)]          0         []                            
                                                                                                  
 conv2d (Conv2D)             (None, 32, 32, 16)           448       ['input_1[0][0]']             
                                                                                                  
 activation (Activation)     (None, 32, 32, 16)           0         ['conv2d[0][0]']              
                                                                                                  
 conv2d_2 (Conv2D)           (None, 32, 32, 16)           64        ['input_1[0][0]']             
                                                                                                  
 conv2d_1 (Conv2D)           (None, 32, 32, 16)           2320      ['activation[0][0]']          
                                                                                                  
 add (Add)                   (None, 32, 32, 16)           0         ['conv2d_2[0][0]',            
                                                                     'conv2d_1[0][0]']            
                                                                                                  
 activation_1 (Activation)   (None, 32, 32, 16)           0         ['add[0][0]']                 
                                                                                                  
 max_pooling2d (MaxPooling2  (None, 16, 16, 16)           0         ['activation_1[0][0]']        
 D)                                                                                               
                                                                                                  
 conv2d_3 (Conv2D)           (None, 16, 16, 32)           4640      ['max_pooling2d[0][0]']       
                                                                                                  
 activation_2 (Activation)   (None, 16, 16, 32)           0         ['conv2d_3[0][0]']            
                                                                                                  
 conv2d_5 (Conv2D)           (None, 16, 16, 32)           544       ['max_pooling2d[0][0]']       
                                                                                                  
 conv2d_4 (Conv2D)           (None, 16, 16, 32)           9248      ['activation_2[0][0]']        
                                                                                                  
 add_1 (Add)                 (None, 16, 16, 32)           0         ['conv2d_5[0][0]',            
                                                                     'conv2d_4[0][0]']            
                                                                                                  
 activation_3 (Activation)   (None, 16, 16, 32)           0         ['add_1[0][0]']               
                                                                                                  
 max_pooling2d_1 (MaxPoolin  (None, 8, 8, 32)             0         ['activation_3[0][0]']        
 g2D)                                                                                             
                                                                                                  
 flatten (Flatten)           (None, 2048)                 0         ['max_pooling2d_1[0][0]']     
                                                                                                  
 dense (Dense)               (None, 144)                  295056    ['flatten[0][0]']             
                                                                                                  
 activation_4 (Activation)   (None, 144)                  0         ['dense[0][0]']               
                                                                                                  
 dropout (Dropout)           (None, 144)                  0         ['activation_4[0][0]']        
                                                                                                  
 dense_1 (Dense)             (None, 168)                  24360     ['dropout[0][0]']             
                                                                                                  
 activation_5 (Activation)   (None, 168)                  0         ['dense_1[0][0]']             
                                                                                                  
 dropout_1 (Dropout)         (None, 168)                  0         ['activation_5[0][0]']        
                                                                                                  
 dense_2 (Dense)             (None, 24)                   4056      ['dropout_1[0][0]']           
                                                                                                  
 activation_6 (Activation)   (None, 24)                   0         ['dense_2[0][0]']             
                                                                                                  
 dropout_2 (Dropout)         (None, 24)                   0         ['activation_6[0][0]']        
                                                                                                  
 dense_3 (Dense)             (None, 88)                   2200      ['dropout_2[0][0]']           
                                                                                                  
 activation_7 (Activation)   (None, 88)                   0         ['dense_3[0][0]']             
                                                                                                  
 dropout_3 (Dropout)         (None, 88)                   0         ['activation_7[0][0]']        
                                                                                                  
 dense_4 (Dense)             (None, 128)                  11392     ['dropout_3[0][0]']           
                                                                                                  
 activation_8 (Activation)   (None, 128)                  0         ['dense_4[0][0]']             
                                                                                                  
 dropout_4 (Dropout)         (None, 128)                  0         ['activation_8[0][0]']        
                                                                                                  
 dense_5 (Dense)             (None, 96)                   12384     ['dropout_4[0][0]']           
                                                                                                  
 activation_9 (Activation)   (None, 96)                   0         ['dense_5[0][0]']             
                                                                                                  
 dropout_5 (Dropout)         (None, 96)                   0         ['activation_9[0][0]']        
                                                                                                  
 dense_6 (Dense)             (None, 232)                  22504     ['dropout_5[0][0]']           
                                                                                                  
 activation_10 (Activation)  (None, 232)                  0         ['dense_6[0][0]']             
                                                                                                  
 dropout_6 (Dropout)         (None, 232)                  0         ['activation_10[0][0]']       
                                                                                                  
 dense_7 (Dense)             (None, 72)                   16776     ['dropout_6[0][0]']           
                                                                                                  
 activation_11 (Activation)  (None, 72)                   0         ['dense_7[0][0]']             
                                                                                                  
 dropout_7 (Dropout)         (None, 72)                   0         ['activation_11[0][0]']       
                                                                                                  
 dense_8 (Dense)             (None, 96)                   7008      ['dropout_7[0][0]']           
                                                                                                  
 activation_12 (Activation)  (None, 96)                   0         ['dense_8[0][0]']             
                                                                                                  
 dropout_8 (Dropout)         (None, 96)                   0         ['activation_12[0][0]']       
                                                                                                  
 dense_9 (Dense)             (None, 24)                   2328      ['dropout_8[0][0]']           
                                                                                                  
 activation_13 (Activation)  (None, 24)                   0         ['dense_9[0][0]']             
                                                                                                  
 dropout_9 (Dropout)         (None, 24)                   0         ['activation_13[0][0]']       
                                                                                                  
 dense_10 (Dense)            (None, 10)                   250       ['dropout_9[0][0]']           
                                                                                                  
==================================================================================================
Total params: 415578 (1.59 MB)
Trainable params: 415578 (1.59 MB)
Non-trainable params: 0 (0.00 Byte)
__________________________________________________________________________________________________
Epoch 1/100
3125/3125 - 15s - loss: 2.3026 - accuracy: 0.1016 - val_loss: 2.3026 - val_accuracy: 0.0813 - 15s/epoch - 5ms/step
Epoch 2/100
3125/3125 - 12s - loss: 2.3026 - accuracy: 0.1006 - val_loss: 2.3026 - val_accuracy: 0.0670 - 12s/epoch - 4ms/step
Epoch 3/100
3125/3125 - 13s - loss: 2.3026 - accuracy: 0.0988 - val_loss: 2.3026 - val_accuracy: 0.0846 - 13s/epoch - 4ms/step
Epoch 4/100
3125/3125 - 13s - loss: 2.3026 - accuracy: 0.0985 - val_loss: 2.3026 - val_accuracy: 0.0938 - 13s/epoch - 4ms/step
Epoch 5/100
3125/3125 - 12s - loss: 2.3025 - accuracy: 0.1002 - val_loss: 2.3026 - val_accuracy: 0.0839 - 12s/epoch - 4ms/step
Epoch 6/100
3125/3125 - 13s - loss: 2.3026 - accuracy: 0.1012 - val_loss: 2.3026 - val_accuracy: 0.0882 - 13s/epoch - 4ms/step
Epoch 7/100
3125/3125 - 12s - loss: 2.3026 - accuracy: 0.1019 - val_loss: 2.3026 - val_accuracy: 0.0876 - 12s/epoch - 4ms/step
Epoch 8/100
3125/3125 - 13s - loss: 2.3026 - accuracy: 0.1003 - val_loss: 2.3026 - val_accuracy: 0.0914 - 13s/epoch - 4ms/step
Epoch 9/100
3125/3125 - 12s - loss: 2.3026 - accuracy: 0.0994 - val_loss: 2.3026 - val_accuracy: 0.0877 - 12s/epoch - 4ms/step
Epoch 10/100
3125/3125 - 13s - loss: 2.3026 - accuracy: 0.0991 - val_loss: 2.3026 - val_accuracy: 0.0922 - 13s/epoch - 4ms/step
Epoch 11/100
3125/3125 - 13s - loss: 2.3026 - accuracy: 0.1023 - val_loss: 2.3026 - val_accuracy: 0.0950 - 13s/epoch - 4ms/step
Epoch 12/100
3125/3125 - 12s - loss: 2.3026 - accuracy: 0.0994 - val_loss: 2.3026 - val_accuracy: 0.0961 - 12s/epoch - 4ms/step
Epoch 13/100
3125/3125 - 12s - loss: 2.3026 - accuracy: 0.0986 - val_loss: 2.3026 - val_accuracy: 0.0905 - 12s/epoch - 4ms/step
Epoch 14/100
3125/3125 - 12s - loss: 2.3026 - accuracy: 0.1011 - val_loss: 2.3026 - val_accuracy: 0.0898 - 12s/epoch - 4ms/step
Epoch 15/100
3125/3125 - 13s - loss: 2.3026 - accuracy: 0.1014 - val_loss: 2.3026 - val_accuracy: 0.0924 - 13s/epoch - 4ms/step
Epoch 16/100
3125/3125 - 13s - loss: 2.3026 - accuracy: 0.0983 - val_loss: 2.3026 - val_accuracy: 0.0943 - 13s/epoch - 4ms/step
Epoch 17/100
3125/3125 - 13s - loss: 2.3026 - accuracy: 0.1009 - val_loss: 2.3026 - val_accuracy: 0.0950 - 13s/epoch - 4ms/step
Epoch 18/100
3125/3125 - 13s - loss: 2.3026 - accuracy: 0.0989 - val_loss: 2.3026 - val_accuracy: 0.0951 - 13s/epoch - 4ms/step
Epoch 19/100
3125/3125 - 13s - loss: 2.3026 - accuracy: 0.0994 - val_loss: 2.3026 - val_accuracy: 0.0945 - 13s/epoch - 4ms/step
Epoch 20/100
3125/3125 - 13s - loss: 2.3026 - accuracy: 0.1015 - val_loss: 2.3026 - val_accuracy: 0.0932 - 13s/epoch - 4ms/step
Epoch 21/100
3125/3125 - 12s - loss: 2.3026 - accuracy: 0.0984 - val_loss: 2.3026 - val_accuracy: 0.0973 - 12s/epoch - 4ms/step
Epoch 22/100
3125/3125 - 12s - loss: 2.3026 - accuracy: 0.1017 - val_loss: 2.3026 - val_accuracy: 0.0935 - 12s/epoch - 4ms/step
Epoch 23/100
3125/3125 - 12s - loss: 2.3026 - accuracy: 0.1010 - val_loss: 2.3026 - val_accuracy: 0.0891 - 12s/epoch - 4ms/step
Epoch 24/100
3125/3125 - 12s - loss: 2.3026 - accuracy: 0.1008 - val_loss: 2.3026 - val_accuracy: 0.0878 - 12s/epoch - 4ms/step
Epoch 25/100
3125/3125 - 12s - loss: 2.3026 - accuracy: 0.0968 - val_loss: 2.3026 - val_accuracy: 0.0876 - 12s/epoch - 4ms/step
Epoch 26/100
3125/3125 - 12s - loss: 2.3026 - accuracy: 0.0993 - val_loss: 2.3026 - val_accuracy: 0.0853 - 12s/epoch - 4ms/step
Epoch 27/100
3125/3125 - 12s - loss: 2.3025 - accuracy: 0.1031 - val_loss: 2.3026 - val_accuracy: 0.0813 - 12s/epoch - 4ms/step
Epoch 28/100
3125/3125 - 13s - loss: 2.3026 - accuracy: 0.1021 - val_loss: 2.3026 - val_accuracy: 0.0826 - 13s/epoch - 4ms/step
Epoch 29/100
3125/3125 - 12s - loss: 2.3026 - accuracy: 0.1002 - val_loss: 2.3026 - val_accuracy: 0.0829 - 12s/epoch - 4ms/step
Epoch 30/100
3125/3125 - 13s - loss: 2.3026 - accuracy: 0.1003 - val_loss: 2.3026 - val_accuracy: 0.0861 - 13s/epoch - 4ms/step
Epoch 31/100
3125/3125 - 12s - loss: 2.3026 - accuracy: 0.1028 - val_loss: 2.3026 - val_accuracy: 0.0846 - 12s/epoch - 4ms/step
Epoch 32/100
3125/3125 - 13s - loss: 2.3025 - accuracy: 0.1027 - val_loss: 2.3026 - val_accuracy: 0.0874 - 13s/epoch - 4ms/step
Epoch 33/100
3125/3125 - 13s - loss: 2.3026 - accuracy: 0.0998 - val_loss: 2.3026 - val_accuracy: 0.0869 - 13s/epoch - 4ms/step
Epoch 34/100
Restoring model weights from the end of the best epoch: 4.
3125/3125 - 12s - loss: 2.3026 - accuracy: 0.1006 - val_loss: 2.3026 - val_accuracy: 0.0858 - 12s/epoch - 4ms/step
Epoch 34: early stopping
313/313 - 1s - loss: 2.3026 - accuracy: 0.0938 - 789ms/epoch - 3ms/step

ACCURACY: 0.09380000084638596


SCORE: -0.33753882459247014

[92m | MODULE VALUES ---------------------------------------------  |
 [0m
FLOPS: 14060588
PARAMS: 415578.0
[92m 
 | -----------------------------------------------------------  |
 [0m

--- BANANAS ITERATION 4 / 1000 ---
Chosen point: {'num_neurons': 32, 'unit_c1': 1, 'unit_c2': 5, 'dr_f': 0.3509695115564463, 'learning_rate': 0.0001478158216056618, 'batch_size': 16, 'optimizer': 'SGD', 'activation': 'relu', 'data_augmentation': True, 'reg_l2': True, 'skip_connection': True, 'new_fc_1': 3, 'new_fc_2': 29, 'new_fc_3': 12, 'new_fc_4': 12, 'new_fc_5': 15, 'new_fc_6': 29, 'new_fc_7': 8, 'new_fc_8': 6, 'new_fc_9': 21, 'new_fc_10': 27}
[94m
|  --> START TRAINING ITERATION 3[0m
[INFO] Flags -> DA: True, L2: True, Skip: True
Building model with input_shape=(32, 32, 3), pos_input_shape=None, layer_x_block=2
Model: "model"
__________________________________________________________________________________________________
 Layer (type)                Output Shape                 Param #   Connected to                  
==================================================================================================
 input_2 (InputLayer)        [(None, 32, 32, 3)]          0         []                            
                                                                                                  
 conv2d (Conv2D)             (None, 32, 32, 32)           896       ['input_2[0][0]']             
                                                                                                  
 activation (Activation)     (None, 32, 32, 32)           0         ['conv2d[1][0]']              
                                                                                                  
 conv2d_2 (Conv2D)           (None, 32, 32, 32)           128       ['input_2[0][0]']             
                                                                                                  
 conv2d_1 (Conv2D)           (None, 32, 32, 32)           9248      ['activation[1][0]']          
                                                                                                  
 add (Add)                   (None, 32, 32, 32)           0         ['conv2d_2[1][0]',            
                                                                     'conv2d_1[1][0]']            
                                                                                                  
 activation_1 (Activation)   (None, 32, 32, 32)           0         ['add[1][0]']                 
                                                                                                  
 max_pooling2d (MaxPooling2  (None, 16, 16, 32)           0         ['activation_1[1][0]']        
 D)                                                                                               
                                                                                                  
 conv2d_3 (Conv2D)           (None, 16, 16, 160)          46240     ['max_pooling2d[1][0]']       
                                                                                                  
 activation_2 (Activation)   (None, 16, 16, 160)          0         ['conv2d_3[1][0]']            
                                                                                                  
 conv2d_5 (Conv2D)           (None, 16, 16, 160)          5280      ['max_pooling2d[1][0]']       
                                                                                                  
 conv2d_4 (Conv2D)           (None, 16, 16, 160)          230560    ['activation_2[1][0]']        
                                                                                                  
 add_1 (Add)                 (None, 16, 16, 160)          0         ['conv2d_5[1][0]',            
                                                                     'conv2d_4[1][0]']            
                                                                                                  
 activation_3 (Activation)   (None, 16, 16, 160)          0         ['add_1[1][0]']               
                                                                                                  
 max_pooling2d_1 (MaxPoolin  (None, 8, 8, 160)            0         ['activation_3[1][0]']        
 g2D)                                                                                             
                                                                                                  
 flatten (Flatten)           (None, 10240)                0         ['max_pooling2d_1[1][0]']     
                                                                                                  
 dense (Dense)               (None, 96)                   983136    ['flatten[1][0]']             
                                                                                                  
 activation_4 (Activation)   (None, 96)                   0         ['dense[1][0]']               
                                                                                                  
 dropout (Dropout)           (None, 96)                   0         ['activation_4[1][0]']        
                                                                                                  
 dense_1 (Dense)             (None, 928)                  90016     ['dropout[1][0]']             
                                                                                                  
 activation_5 (Activation)   (None, 928)                  0         ['dense_1[1][0]']             
                                                                                                  
 dropout_1 (Dropout)         (None, 928)                  0         ['activation_5[1][0]']        
                                                                                                  
 dense_2 (Dense)             (None, 384)                  356736    ['dropout_1[1][0]']           
                                                                                                  
 activation_6 (Activation)   (None, 384)                  0         ['dense_2[1][0]']             
                                                                                                  
 dropout_2 (Dropout)         (None, 384)                  0         ['activation_6[1][0]']        
                                                                                                  
 dense_3 (Dense)             (None, 384)                  147840    ['dropout_2[1][0]']           
                                                                                                  
 activation_7 (Activation)   (None, 384)                  0         ['dense_3[1][0]']             
                                                                                                  
 dropout_3 (Dropout)         (None, 384)                  0         ['activation_7[1][0]']        
                                                                                                  
 dense_4 (Dense)             (None, 480)                  184800    ['dropout_3[1][0]']           
                                                                                                  
 activation_8 (Activation)   (None, 480)                  0         ['dense_4[1][0]']             
                                                                                                  
 dropout_4 (Dropout)         (None, 480)                  0         ['activation_8[1][0]']        
                                                                                                  
 dense_5 (Dense)             (None, 928)                  446368    ['dropout_4[1][0]']           
                                                                                                  
 activation_9 (Activation)   (None, 928)                  0         ['dense_5[1][0]']             
                                                                                                  
 dropout_5 (Dropout)         (None, 928)                  0         ['activation_9[1][0]']        
                                                                                                  
 dense_6 (Dense)             (None, 256)                  237824    ['dropout_5[1][0]']           
                                                                                                  
 activation_10 (Activation)  (None, 256)                  0         ['dense_6[1][0]']             
                                                                                                  
 dropout_6 (Dropout)         (None, 256)                  0         ['activation_10[1][0]']       
                                                                                                  
 dense_7 (Dense)             (None, 192)                  49344     ['dropout_6[1][0]']           
                                                                                                  
 activation_11 (Activation)  (None, 192)                  0         ['dense_7[1][0]']             
                                                                                                  
 dropout_7 (Dropout)         (None, 192)                  0         ['activation_11[1][0]']       
                                                                                                  
 dense_8 (Dense)             (None, 672)                  129696    ['dropout_7[1][0]']           
                                                                                                  
 activation_12 (Activation)  (None, 672)                  0         ['dense_8[1][0]']             
                                                                                                  
 dropout_8 (Dropout)         (None, 672)                  0         ['activation_12[1][0]']       
                                                                                                  
 dense_9 (Dense)             (None, 864)                  581472    ['dropout_8[1][0]']           
                                                                                                  
 activation_13 (Activation)  (None, 864)                  0         ['dense_9[1][0]']             
                                                                                                  
 dropout_9 (Dropout)         (None, 864)                  0         ['activation_13[1][0]']       
                                                                                                  
 dense_10 (Dense)            (None, 10)                   8650      ['dropout_9[1][0]']           
                                                                                                  
==================================================================================================
Total params: 3508234 (13.38 MB)
Trainable params: 3508234 (13.38 MB)
Non-trainable params: 0 (0.00 Byte)
__________________________________________________________________________________________________
[WARNING] Constraint Violated: FLOPs 171814908 > 150000000 or Params 3508234.0 > 15000000000

ACCURACY: 0.0


SCORE: 10000000000.0

[92m | MODULE VALUES ---------------------------------------------  |
 [0m
FLOPS: 171814908
PARAMS: 3508234.0
[92m 
 | -----------------------------------------------------------  |
 [0m

--- BANANAS ITERATION 5 / 1000 ---
Chosen point: {'num_neurons': 8, 'unit_c1': 3, 'unit_c2': 8, 'dr_f': 0.1711968850294787, 'learning_rate': 0.0002489512604192087, 'batch_size': 16, 'optimizer': 'SGD', 'activation': 'swish', 'data_augmentation': True, 'reg_l2': True, 'skip_connection': False, 'new_fc_1': 29, 'new_fc_2': 17, 'new_fc_3': 5, 'new_fc_4': 15, 'new_fc_5': 12, 'new_fc_6': 28, 'new_fc_7': 9, 'new_fc_8': 23, 'new_fc_9': 21, 'new_fc_10': 4}
[94m
|  --> START TRAINING ITERATION 4[0m
[INFO] Flags -> DA: True, L2: True, Skip: False
Building model with input_shape=(32, 32, 3), pos_input_shape=None, layer_x_block=2
Model: "model"
_________________________________________________________________
 Layer (type)                Output Shape              Param #   
=================================================================
 input_2 (InputLayer)        [(None, 32, 32, 3)]       0         
                                                                 
 conv2d (Conv2D)             (None, 32, 32, 24)        672       
                                                                 
 activation (Activation)     (None, 32, 32, 24)        0         
                                                                 
 conv2d_1 (Conv2D)           (None, 32, 32, 24)        5208      
                                                                 
 activation_1 (Activation)   (None, 32, 32, 24)        0         
                                                                 
 max_pooling2d (MaxPooling2  (None, 16, 16, 24)        0         
 D)                                                              
                                                                 
 conv2d_2 (Conv2D)           (None, 16, 16, 64)        13888     
                                                                 
 activation_2 (Activation)   (None, 16, 16, 64)        0         
                                                                 
 conv2d_3 (Conv2D)           (None, 16, 16, 64)        36928     
                                                                 
 activation_3 (Activation)   (None, 16, 16, 64)        0         
                                                                 
 max_pooling2d_1 (MaxPoolin  (None, 8, 8, 64)          0         
 g2D)                                                            
                                                                 
 flatten (Flatten)           (None, 4096)              0         
                                                                 
 dense (Dense)               (None, 232)               950504    
                                                                 
 activation_4 (Activation)   (None, 232)               0         
                                                                 
 dropout (Dropout)           (None, 232)               0         
                                                                 
 dense_1 (Dense)             (None, 136)               31688     
                                                                 
 activation_5 (Activation)   (None, 136)               0         
                                                                 
 dropout_1 (Dropout)         (None, 136)               0         
                                                                 
 dense_2 (Dense)             (None, 40)                5480      
                                                                 
 activation_6 (Activation)   (None, 40)                0         
                                                                 
 dropout_2 (Dropout)         (None, 40)                0         
                                                                 
 dense_3 (Dense)             (None, 120)               4920      
                                                                 
 activation_7 (Activation)   (None, 120)               0         
                                                                 
 dropout_3 (Dropout)         (None, 120)               0         
                                                                 
 dense_4 (Dense)             (None, 96)                11616     
                                                                 
 activation_8 (Activation)   (None, 96)                0         
                                                                 
 dropout_4 (Dropout)         (None, 96)                0         
                                                                 
 dense_5 (Dense)             (None, 224)               21728     
                                                                 
 activation_9 (Activation)   (None, 224)               0         
                                                                 
 dropout_5 (Dropout)         (None, 224)               0         
                                                                 
 dense_6 (Dense)             (None, 72)                16200     
                                                                 
 activation_10 (Activation)  (None, 72)                0         
                                                                 
 dropout_6 (Dropout)         (None, 72)                0         
                                                                 
 dense_7 (Dense)             (None, 184)               13432     
                                                                 
 activation_11 (Activation)  (None, 184)               0         
                                                                 
 dropout_7 (Dropout)         (None, 184)               0         
                                                                 
 dense_8 (Dense)             (None, 168)               31080     
                                                                 
 activation_12 (Activation)  (None, 168)               0         
                                                                 
 dropout_8 (Dropout)         (None, 168)               0         
                                                                 
 dense_9 (Dense)             (None, 32)                5408      
                                                                 
 activation_13 (Activation)  (None, 32)                0         
                                                                 
 dropout_9 (Dropout)         (None, 32)                0         
                                                                 
 dense_10 (Dense)            (None, 10)                330       
                                                                 
=================================================================
Total params: 1149082 (4.38 MB)
Trainable params: 1149082 (4.38 MB)
Non-trainable params: 0 (0.00 Byte)
_________________________________________________________________
Epoch 1/100
3125/3125 - 15s - loss: 17.5805 - accuracy: 0.0971 - val_loss: 17.3541 - val_accuracy: 0.1000 - 15s/epoch - 5ms/step
Epoch 2/100
3125/3125 - 12s - loss: 17.1323 - accuracy: 0.0985 - val_loss: 16.9127 - val_accuracy: 0.1000 - 12s/epoch - 4ms/step
Epoch 3/100
3125/3125 - 12s - loss: 16.6976 - accuracy: 0.0982 - val_loss: 16.4844 - val_accuracy: 0.1000 - 12s/epoch - 4ms/step
Epoch 4/100
3125/3125 - 12s - loss: 16.2759 - accuracy: 0.0977 - val_loss: 16.0693 - val_accuracy: 0.1000 - 12s/epoch - 4ms/step
Epoch 5/100
3125/3125 - 12s - loss: 15.8668 - accuracy: 0.0972 - val_loss: 15.6664 - val_accuracy: 0.1000 - 12s/epoch - 4ms/step
Epoch 6/100
3125/3125 - 12s - loss: 15.4701 - accuracy: 0.0986 - val_loss: 15.2756 - val_accuracy: 0.1000 - 12s/epoch - 4ms/step
Epoch 7/100
3125/3125 - 12s - loss: 15.0852 - accuracy: 0.0957 - val_loss: 14.8966 - val_accuracy: 0.1000 - 12s/epoch - 4ms/step
Epoch 8/100
3125/3125 - 12s - loss: 14.7120 - accuracy: 0.0960 - val_loss: 14.5290 - val_accuracy: 0.1000 - 12s/epoch - 4ms/step
Epoch 9/100
3125/3125 - 12s - loss: 14.3498 - accuracy: 0.0982 - val_loss: 14.1724 - val_accuracy: 0.1000 - 12s/epoch - 4ms/step
Epoch 10/100
3125/3125 - 12s - loss: 13.9986 - accuracy: 0.0985 - val_loss: 13.8265 - val_accuracy: 0.1000 - 12s/epoch - 4ms/step
Epoch 11/100
3125/3125 - 12s - loss: 13.6579 - accuracy: 0.0969 - val_loss: 13.4909 - val_accuracy: 0.1000 - 12s/epoch - 4ms/step
Epoch 12/100
3125/3125 - 12s - loss: 13.3274 - accuracy: 0.0972 - val_loss: 13.1654 - val_accuracy: 0.1000 - 12s/epoch - 4ms/step
Epoch 13/100
3125/3125 - 12s - loss: 13.0067 - accuracy: 0.0971 - val_loss: 12.8496 - val_accuracy: 0.1000 - 12s/epoch - 4ms/step
Epoch 14/100
3125/3125 - 12s - loss: 12.6957 - accuracy: 0.0990 - val_loss: 12.5433 - val_accuracy: 0.1000 - 12s/epoch - 4ms/step
Epoch 15/100
3125/3125 - 12s - loss: 12.3940 - accuracy: 0.0963 - val_loss: 12.2461 - val_accuracy: 0.1000 - 12s/epoch - 4ms/step
Epoch 16/100
3125/3125 - 12s - loss: 12.1013 - accuracy: 0.0984 - val_loss: 11.9579 - val_accuracy: 0.1000 - 12s/epoch - 4ms/step
Epoch 17/100
3125/3125 - 12s - loss: 11.8174 - accuracy: 0.0971 - val_loss: 11.6782 - val_accuracy: 0.1000 - 12s/epoch - 4ms/step
Epoch 18/100
3125/3125 - 12s - loss: 11.5419 - accuracy: 0.0979 - val_loss: 11.4069 - val_accuracy: 0.1000 - 12s/epoch - 4ms/step
Epoch 19/100
3125/3125 - 12s - loss: 11.2747 - accuracy: 0.0972 - val_loss: 11.1437 - val_accuracy: 0.1000 - 12s/epoch - 4ms/step
Epoch 20/100
3125/3125 - 12s - loss: 11.0155 - accuracy: 0.0973 - val_loss: 10.8884 - val_accuracy: 0.1000 - 12s/epoch - 4ms/step
Epoch 21/100
3125/3125 - 12s - loss: 10.7640 - accuracy: 0.0975 - val_loss: 10.6406 - val_accuracy: 0.1000 - 12s/epoch - 4ms/step
Epoch 22/100
3125/3125 - 12s - loss: 10.5200 - accuracy: 0.0964 - val_loss: 10.4004 - val_accuracy: 0.1000 - 12s/epoch - 4ms/step
Epoch 23/100
3125/3125 - 12s - loss: 10.2833 - accuracy: 0.0976 - val_loss: 10.1672 - val_accuracy: 0.1000 - 12s/epoch - 4ms/step
Epoch 24/100
3125/3125 - 12s - loss: 10.0536 - accuracy: 0.0965 - val_loss: 9.9410 - val_accuracy: 0.1000 - 12s/epoch - 4ms/step
Epoch 25/100
3125/3125 - 12s - loss: 9.8308 - accuracy: 0.0965 - val_loss: 9.7216 - val_accuracy: 0.1000 - 12s/epoch - 4ms/step
Epoch 26/100
3125/3125 - 12s - loss: 9.6146 - accuracy: 0.0964 - val_loss: 9.5086 - val_accuracy: 0.1000 - 12s/epoch - 4ms/step
Epoch 27/100
3125/3125 - 12s - loss: 9.4048 - accuracy: 0.0963 - val_loss: 9.3020 - val_accuracy: 0.1000 - 12s/epoch - 4ms/step
Epoch 28/100
3125/3125 - 12s - loss: 9.2013 - accuracy: 0.0957 - val_loss: 9.1016 - val_accuracy: 0.1000 - 12s/epoch - 4ms/step
Epoch 29/100
3125/3125 - 12s - loss: 9.0038 - accuracy: 0.0967 - val_loss: 8.9071 - val_accuracy: 0.1000 - 12s/epoch - 4ms/step
Epoch 30/100
3125/3125 - 12s - loss: 8.8123 - accuracy: 0.0967 - val_loss: 8.7183 - val_accuracy: 0.1000 - 12s/epoch - 4ms/step
Epoch 31/100
Restoring model weights from the end of the best epoch: 1.
3125/3125 - 12s - loss: 8.6264 - accuracy: 0.0984 - val_loss: 8.5352 - val_accuracy: 0.1000 - 12s/epoch - 4ms/step
Epoch 31: early stopping
313/313 - 1s - loss: 17.3540 - accuracy: 0.1000 - 1s/epoch - 3ms/step

ACCURACY: 0.10000000149011612


SCORE: -0.2892619450430813

[92m | MODULE VALUES ---------------------------------------------  |
 [0m
FLOPS: 40369028
PARAMS: 1149082.0
[92m 
 | -----------------------------------------------------------  |
 [0m

--- BANANAS ITERATION 6 / 1000 ---
Chosen point: {'num_neurons': 32, 'unit_c1': 2, 'unit_c2': 4, 'dr_f': 0.1978231953258531, 'learning_rate': 0.0008315465951473358, 'batch_size': 16, 'optimizer': 'SGD', 'activation': 'selu', 'data_augmentation': True, 'reg_l2': True, 'skip_connection': False, 'new_fc_1': 7, 'new_fc_2': 21, 'new_fc_3': 15, 'new_fc_4': 18, 'new_fc_5': 28, 'new_fc_6': 16, 'new_fc_7': 5, 'new_fc_8': 13, 'new_fc_9': 32, 'new_fc_10': 23}
[94m
|  --> START TRAINING ITERATION 5[0m
[INFO] Flags -> DA: True, L2: True, Skip: False
Building model with input_shape=(32, 32, 3), pos_input_shape=None, layer_x_block=2
Model: "model"
_________________________________________________________________
 Layer (type)                Output Shape              Param #   
=================================================================
 input_2 (InputLayer)        [(None, 32, 32, 3)]       0         
                                                                 
 conv2d (Conv2D)             (None, 32, 32, 64)        1792      
                                                                 
 activation (Activation)     (None, 32, 32, 64)        0         
                                                                 
 conv2d_1 (Conv2D)           (None, 32, 32, 64)        36928     
                                                                 
 activation_1 (Activation)   (None, 32, 32, 64)        0         
                                                                 
 max_pooling2d (MaxPooling2  (None, 16, 16, 64)        0         
 D)                                                              
                                                                 
 conv2d_2 (Conv2D)           (None, 16, 16, 128)       73856     
                                                                 
 activation_2 (Activation)   (None, 16, 16, 128)       0         
                                                                 
 conv2d_3 (Conv2D)           (None, 16, 16, 128)       147584    
                                                                 
 activation_3 (Activation)   (None, 16, 16, 128)       0         
                                                                 
 max_pooling2d_1 (MaxPoolin  (None, 8, 8, 128)         0         
 g2D)                                                            
                                                                 
 flatten (Flatten)           (None, 8192)              0         
                                                                 
 dense (Dense)               (None, 224)               1835232   
                                                                 
 activation_4 (Activation)   (None, 224)               0         
                                                                 
 dropout (Dropout)           (None, 224)               0         
                                                                 
 dense_1 (Dense)             (None, 672)               151200    
                                                                 
 activation_5 (Activation)   (None, 672)               0         
                                                                 
 dropout_1 (Dropout)         (None, 672)               0         
                                                                 
 dense_2 (Dense)             (None, 480)               323040    
                                                                 
 activation_6 (Activation)   (None, 480)               0         
                                                                 
 dropout_2 (Dropout)         (None, 480)               0         
                                                                 
 dense_3 (Dense)             (None, 576)               277056    
                                                                 
 activation_7 (Activation)   (None, 576)               0         
                                                                 
 dropout_3 (Dropout)         (None, 576)               0         
                                                                 
 dense_4 (Dense)             (None, 896)               516992    
                                                                 
 activation_8 (Activation)   (None, 896)               0         
                                                                 
 dropout_4 (Dropout)         (None, 896)               0         
                                                                 
 dense_5 (Dense)             (None, 512)               459264    
                                                                 
 activation_9 (Activation)   (None, 512)               0         
                                                                 
 dropout_5 (Dropout)         (None, 512)               0         
                                                                 
 dense_6 (Dense)             (None, 160)               82080     
                                                                 
 activation_10 (Activation)  (None, 160)               0         
                                                                 
 dropout_6 (Dropout)         (None, 160)               0         
                                                                 
 dense_7 (Dense)             (None, 416)               66976     
                                                                 
 activation_11 (Activation)  (None, 416)               0         
                                                                 
 dropout_7 (Dropout)         (None, 416)               0         
                                                                 
 dense_8 (Dense)             (None, 1024)              427008    
                                                                 
 activation_12 (Activation)  (None, 1024)              0         
                                                                 
 dropout_8 (Dropout)         (None, 1024)              0         
                                                                 
 dense_9 (Dense)             (None, 736)               754400    
                                                                 
 activation_13 (Activation)  (None, 736)               0         
                                                                 
 dropout_9 (Dropout)         (None, 736)               0         
                                                                 
 dense_10 (Dense)            (None, 10)                7370      
                                                                 
=================================================================
Total params: 5160778 (19.69 MB)
Trainable params: 5160778 (19.69 MB)
Non-trainable params: 0 (0.00 Byte)
_________________________________________________________________
[WARNING] Constraint Violated: FLOPs 202373116 > 150000000 or Params 5160778.0 > 15000000000

ACCURACY: 0.0


SCORE: 10000000000.0

[92m | MODULE VALUES ---------------------------------------------  |
 [0m
FLOPS: 202373116
PARAMS: 5160778.0
[92m 
 | -----------------------------------------------------------  |
 [0m

--- BANANAS ITERATION 7 / 1000 ---
Chosen point: {'num_neurons': 16, 'unit_c1': 2, 'unit_c2': 1, 'dr_f': 0.2858077710880743, 'learning_rate': 0.000476574931685413, 'batch_size': 8, 'optimizer': 'Adagrad', 'activation': 'elu', 'data_augmentation': False, 'reg_l2': True, 'skip_connection': True, 'new_fc_1': 21, 'new_fc_2': 1, 'new_fc_3': 31, 'new_fc_4': 14, 'new_fc_5': 16, 'new_fc_6': 25, 'new_fc_7': 21, 'new_fc_8': 19, 'new_fc_9': 18, 'new_fc_10': 0}
[94m
|  --> START TRAINING ITERATION 6[0m
[INFO] Flags -> DA: False, L2: True, Skip: True
Building model with input_shape=(32, 32, 3), pos_input_shape=None, layer_x_block=2
Model: "model"
__________________________________________________________________________________________________
 Layer (type)                Output Shape                 Param #   Connected to                  
==================================================================================================
 input_1 (InputLayer)        [(None, 32, 32, 3)]          0         []                            
                                                                                                  
 conv2d (Conv2D)             (None, 32, 32, 32)           896       ['input_1[0][0]']             
                                                                                                  
 activation (Activation)     (None, 32, 32, 32)           0         ['conv2d[0][0]']              
                                                                                                  
 conv2d_2 (Conv2D)           (None, 32, 32, 32)           128       ['input_1[0][0]']             
                                                                                                  
 conv2d_1 (Conv2D)           (None, 32, 32, 32)           9248      ['activation[0][0]']          
                                                                                                  
 add (Add)                   (None, 32, 32, 32)           0         ['conv2d_2[0][0]',            
                                                                     'conv2d_1[0][0]']            
                                                                                                  
 activation_1 (Activation)   (None, 32, 32, 32)           0         ['add[0][0]']                 
                                                                                                  
 max_pooling2d (MaxPooling2  (None, 16, 16, 32)           0         ['activation_1[0][0]']        
 D)                                                                                               
                                                                                                  
 conv2d_3 (Conv2D)           (None, 16, 16, 16)           4624      ['max_pooling2d[0][0]']       
                                                                                                  
 activation_2 (Activation)   (None, 16, 16, 16)           0         ['conv2d_3[0][0]']            
                                                                                                  
 conv2d_5 (Conv2D)           (None, 16, 16, 16)           528       ['max_pooling2d[0][0]']       
                                                                                                  
 conv2d_4 (Conv2D)           (None, 16, 16, 16)           2320      ['activation_2[0][0]']        
                                                                                                  
 add_1 (Add)                 (None, 16, 16, 16)           0         ['conv2d_5[0][0]',            
                                                                     'conv2d_4[0][0]']            
                                                                                                  
 activation_3 (Activation)   (None, 16, 16, 16)           0         ['add_1[0][0]']               
                                                                                                  
 max_pooling2d_1 (MaxPoolin  (None, 8, 8, 16)             0         ['activation_3[0][0]']        
 g2D)                                                                                             
                                                                                                  
 flatten (Flatten)           (None, 1024)                 0         ['max_pooling2d_1[0][0]']     
                                                                                                  
 dense (Dense)               (None, 336)                  344400    ['flatten[0][0]']             
                                                                                                  
 activation_4 (Activation)   (None, 336)                  0         ['dense[0][0]']               
                                                                                                  
 dropout (Dropout)           (None, 336)                  0         ['activation_4[0][0]']        
                                                                                                  
 dense_1 (Dense)             (None, 16)                   5392      ['dropout[0][0]']             
                                                                                                  
 activation_5 (Activation)   (None, 16)                   0         ['dense_1[0][0]']             
                                                                                                  
 dropout_1 (Dropout)         (None, 16)                   0         ['activation_5[0][0]']        
                                                                                                  
 dense_2 (Dense)             (None, 496)                  8432      ['dropout_1[0][0]']           
                                                                                                  
 activation_6 (Activation)   (None, 496)                  0         ['dense_2[0][0]']             
                                                                                                  
 dropout_2 (Dropout)         (None, 496)                  0         ['activation_6[0][0]']        
                                                                                                  
 dense_3 (Dense)             (None, 224)                  111328    ['dropout_2[0][0]']           
                                                                                                  
 activation_7 (Activation)   (None, 224)                  0         ['dense_3[0][0]']             
                                                                                                  
 dropout_3 (Dropout)         (None, 224)                  0         ['activation_7[0][0]']        
                                                                                                  
 dense_4 (Dense)             (None, 256)                  57600     ['dropout_3[0][0]']           
                                                                                                  
 activation_8 (Activation)   (None, 256)                  0         ['dense_4[0][0]']             
                                                                                                  
 dropout_4 (Dropout)         (None, 256)                  0         ['activation_8[0][0]']        
                                                                                                  
 dense_5 (Dense)             (None, 400)                  102800    ['dropout_4[0][0]']           
                                                                                                  
 activation_9 (Activation)   (None, 400)                  0         ['dense_5[0][0]']             
                                                                                                  
 dropout_5 (Dropout)         (None, 400)                  0         ['activation_9[0][0]']        
                                                                                                  
 dense_6 (Dense)             (None, 336)                  134736    ['dropout_5[0][0]']           
                                                                                                  
 activation_10 (Activation)  (None, 336)                  0         ['dense_6[0][0]']             
                                                                                                  
 dropout_6 (Dropout)         (None, 336)                  0         ['activation_10[0][0]']       
                                                                                                  
 dense_7 (Dense)             (None, 304)                  102448    ['dropout_6[0][0]']           
                                                                                                  
 activation_11 (Activation)  (None, 304)                  0         ['dense_7[0][0]']             
                                                                                                  
 dropout_7 (Dropout)         (None, 304)                  0         ['activation_11[0][0]']       
                                                                                                  
 dense_8 (Dense)             (None, 288)                  87840     ['dropout_7[0][0]']           
                                                                                                  
 activation_12 (Activation)  (None, 288)                  0         ['dense_8[0][0]']             
                                                                                                  
 dropout_8 (Dropout)         (None, 288)                  0         ['activation_12[0][0]']       
                                                                                                  
 dense_9 (Dense)             (None, 10)                   2890      ['dropout_8[0][0]']           
                                                                                                  
==================================================================================================
Total params: 975610 (3.72 MB)
Trainable params: 975610 (3.72 MB)
Non-trainable params: 0 (0.00 Byte)
__________________________________________________________________________________________________
Epoch 1/100
6250/6250 - 24s - loss: 23.6764 - accuracy: 0.1956 - val_loss: 20.7762 - val_accuracy: 0.2919 - 24s/epoch - 4ms/step
Epoch 2/100
6250/6250 - 21s - loss: 18.9093 - accuracy: 0.2617 - val_loss: 17.1479 - val_accuracy: 0.3087 - 21s/epoch - 3ms/step
Epoch 3/100
6250/6250 - 22s - loss: 15.8689 - accuracy: 0.2745 - val_loss: 14.5960 - val_accuracy: 0.3093 - 22s/epoch - 4ms/step
Epoch 4/100
6250/6250 - 21s - loss: 13.6375 - accuracy: 0.2786 - val_loss: 12.6525 - val_accuracy: 0.3073 - 21s/epoch - 3ms/step
Epoch 5/100
6250/6250 - 21s - loss: 11.9119 - accuracy: 0.2802 - val_loss: 11.1253 - val_accuracy: 0.3035 - 21s/epoch - 3ms/step
Epoch 6/100
6250/6250 - 21s - loss: 10.5357 - accuracy: 0.2819 - val_loss: 9.8959 - val_accuracy: 0.3081 - 21s/epoch - 3ms/step
Epoch 7/100
6250/6250 - 21s - loss: 9.4214 - accuracy: 0.2884 - val_loss: 8.8907 - val_accuracy: 0.3100 - 21s/epoch - 3ms/step
Epoch 8/100
6250/6250 - 22s - loss: 8.5099 - accuracy: 0.2895 - val_loss: 8.0638 - val_accuracy: 0.3127 - 22s/epoch - 3ms/step
Epoch 9/100
6250/6250 - 22s - loss: 7.7520 - accuracy: 0.2915 - val_loss: 7.3734 - val_accuracy: 0.3134 - 22s/epoch - 4ms/step
Epoch 10/100
6250/6250 - 21s - loss: 7.1189 - accuracy: 0.2912 - val_loss: 6.8013 - val_accuracy: 0.3169 - 21s/epoch - 3ms/step
Epoch 11/100
6250/6250 - 22s - loss: 6.5834 - accuracy: 0.2956 - val_loss: 6.3032 - val_accuracy: 0.3168 - 22s/epoch - 3ms/step
Epoch 12/100
6250/6250 - 22s - loss: 6.1299 - accuracy: 0.2963 - val_loss: 5.8861 - val_accuracy: 0.3189 - 22s/epoch - 4ms/step
Epoch 13/100
6250/6250 - 22s - loss: 5.7407 - accuracy: 0.3002 - val_loss: 5.5288 - val_accuracy: 0.3194 - 22s/epoch - 4ms/step
Epoch 14/100
6250/6250 - 22s - loss: 5.4101 - accuracy: 0.2993 - val_loss: 5.2209 - val_accuracy: 0.3242 - 22s/epoch - 4ms/step
Epoch 15/100
6250/6250 - 22s - loss: 5.1213 - accuracy: 0.3029 - val_loss: 4.9576 - val_accuracy: 0.3209 - 22s/epoch - 4ms/step
Epoch 16/100
6250/6250 - 22s - loss: 4.8744 - accuracy: 0.2991 - val_loss: 4.7244 - val_accuracy: 0.3234 - 22s/epoch - 4ms/step
Epoch 17/100
6250/6250 - 22s - loss: 4.6554 - accuracy: 0.3008 - val_loss: 4.5225 - val_accuracy: 0.3222 - 22s/epoch - 3ms/step
Epoch 18/100
6250/6250 - 20s - loss: 4.4683 - accuracy: 0.3035 - val_loss: 4.3449 - val_accuracy: 0.3219 - 20s/epoch - 3ms/step
Epoch 19/100
6250/6250 - 21s - loss: 4.2991 - accuracy: 0.3038 - val_loss: 4.1887 - val_accuracy: 0.3238 - 21s/epoch - 3ms/step
Epoch 20/100
6250/6250 - 22s - loss: 4.1523 - accuracy: 0.3060 - val_loss: 4.0513 - val_accuracy: 0.3250 - 22s/epoch - 3ms/step
Epoch 21/100
6250/6250 - 22s - loss: 4.0215 - accuracy: 0.3054 - val_loss: 3.9284 - val_accuracy: 0.3240 - 22s/epoch - 3ms/step
Epoch 22/100
6250/6250 - 22s - loss: 3.9049 - accuracy: 0.3060 - val_loss: 3.8186 - val_accuracy: 0.3236 - 22s/epoch - 3ms/step
Epoch 23/100
6250/6250 - 22s - loss: 3.7997 - accuracy: 0.3063 - val_loss: 3.7204 - val_accuracy: 0.3246 - 22s/epoch - 3ms/step
Epoch 24/100
6250/6250 - 22s - loss: 3.7077 - accuracy: 0.3089 - val_loss: 3.6324 - val_accuracy: 0.3246 - 22s/epoch - 3ms/step
Epoch 25/100
6250/6250 - 22s - loss: 3.6249 - accuracy: 0.3095 - val_loss: 3.5535 - val_accuracy: 0.3258 - 22s/epoch - 3ms/step
Epoch 26/100
6250/6250 - 22s - loss: 3.5492 - accuracy: 0.3067 - val_loss: 3.4825 - val_accuracy: 0.3232 - 22s/epoch - 3ms/step
Epoch 27/100
6250/6250 - 22s - loss: 3.4792 - accuracy: 0.3083 - val_loss: 3.4172 - val_accuracy: 0.3263 - 22s/epoch - 3ms/step
Epoch 28/100
6250/6250 - 22s - loss: 3.4180 - accuracy: 0.3083 - val_loss: 3.3577 - val_accuracy: 0.3257 - 22s/epoch - 3ms/step
Epoch 29/100
6250/6250 - 22s - loss: 3.3616 - accuracy: 0.3073 - val_loss: 3.3049 - val_accuracy: 0.3241 - 22s/epoch - 4ms/step
Epoch 30/100
6250/6250 - 22s - loss: 3.3079 - accuracy: 0.3103 - val_loss: 3.2590 - val_accuracy: 0.3229 - 22s/epoch - 3ms/step
Epoch 31/100
6250/6250 - 22s - loss: 3.2611 - accuracy: 0.3118 - val_loss: 3.2103 - val_accuracy: 0.3250 - 22s/epoch - 3ms/step
Epoch 32/100
6250/6250 - 22s - loss: 3.2196 - accuracy: 0.3114 - val_loss: 3.1702 - val_accuracy: 0.3248 - 22s/epoch - 3ms/step
Epoch 33/100
6250/6250 - 22s - loss: 3.1773 - accuracy: 0.3118 - val_loss: 3.1301 - val_accuracy: 0.3259 - 22s/epoch - 3ms/step
Epoch 34/100
6250/6250 - 22s - loss: 3.1401 - accuracy: 0.3110 - val_loss: 3.0929 - val_accuracy: 0.3264 - 22s/epoch - 3ms/step
Epoch 35/100
6250/6250 - 23s - loss: 3.1042 - accuracy: 0.3130 - val_loss: 3.0620 - val_accuracy: 0.3256 - 23s/epoch - 4ms/step
Epoch 36/100
6250/6250 - 22s - loss: 3.0718 - accuracy: 0.3143 - val_loss: 3.0297 - val_accuracy: 0.3285 - 22s/epoch - 3ms/step
Epoch 37/100
6250/6250 - 22s - loss: 3.0406 - accuracy: 0.3182 - val_loss: 3.0032 - val_accuracy: 0.3277 - 22s/epoch - 4ms/step
Epoch 38/100
6250/6250 - 22s - loss: 3.0132 - accuracy: 0.3154 - val_loss: 2.9738 - val_accuracy: 0.3272 - 22s/epoch - 3ms/step
Epoch 39/100
6250/6250 - 22s - loss: 2.9898 - accuracy: 0.3139 - val_loss: 2.9491 - val_accuracy: 0.3250 - 22s/epoch - 3ms/step
Epoch 40/100
6250/6250 - 22s - loss: 2.9679 - accuracy: 0.3154 - val_loss: 2.9255 - val_accuracy: 0.3257 - 22s/epoch - 4ms/step
Epoch 41/100
6250/6250 - 22s - loss: 2.9424 - accuracy: 0.3123 - val_loss: 2.9041 - val_accuracy: 0.3264 - 22s/epoch - 4ms/step
Epoch 42/100
6250/6250 - 22s - loss: 2.9189 - accuracy: 0.3160 - val_loss: 2.8827 - val_accuracy: 0.3257 - 22s/epoch - 3ms/step
Epoch 43/100
6250/6250 - 22s - loss: 2.8990 - accuracy: 0.3154 - val_loss: 2.8638 - val_accuracy: 0.3268 - 22s/epoch - 3ms/step
Epoch 44/100
6250/6250 - 22s - loss: 2.8812 - accuracy: 0.3144 - val_loss: 2.8447 - val_accuracy: 0.3294 - 22s/epoch - 3ms/step
Epoch 45/100
6250/6250 - 22s - loss: 2.8626 - accuracy: 0.3168 - val_loss: 2.8272 - val_accuracy: 0.3271 - 22s/epoch - 3ms/step
Epoch 46/100
6250/6250 - 22s - loss: 2.8442 - accuracy: 0.3166 - val_loss: 2.8102 - val_accuracy: 0.3281 - 22s/epoch - 3ms/step
Epoch 47/100
6250/6250 - 23s - loss: 2.8278 - accuracy: 0.3162 - val_loss: 2.7953 - val_accuracy: 0.3289 - 23s/epoch - 4ms/step
Epoch 48/100
6250/6250 - 22s - loss: 2.8141 - accuracy: 0.3167 - val_loss: 2.7799 - val_accuracy: 0.3288 - 22s/epoch - 3ms/step
Epoch 49/100
6250/6250 - 22s - loss: 2.8006 - accuracy: 0.3140 - val_loss: 2.7656 - val_accuracy: 0.3286 - 22s/epoch - 3ms/step
Epoch 50/100
6250/6250 - 22s - loss: 2.7833 - accuracy: 0.3196 - val_loss: 2.7525 - val_accuracy: 0.3299 - 22s/epoch - 4ms/step
Epoch 51/100
6250/6250 - 22s - loss: 2.7717 - accuracy: 0.3197 - val_loss: 2.7398 - val_accuracy: 0.3300 - 22s/epoch - 3ms/step
Epoch 52/100
6250/6250 - 22s - loss: 2.7567 - accuracy: 0.3203 - val_loss: 2.7284 - val_accuracy: 0.3321 - 22s/epoch - 4ms/step
Epoch 53/100
6250/6250 - 22s - loss: 2.7456 - accuracy: 0.3203 - val_loss: 2.7156 - val_accuracy: 0.3308 - 22s/epoch - 4ms/step
Epoch 54/100
6250/6250 - 21s - loss: 2.7351 - accuracy: 0.3176 - val_loss: 2.7041 - val_accuracy: 0.3310 - 21s/epoch - 3ms/step
Epoch 55/100
6250/6250 - 22s - loss: 2.7243 - accuracy: 0.3176 - val_loss: 2.6933 - val_accuracy: 0.3295 - 22s/epoch - 3ms/step
Epoch 56/100
6250/6250 - 21s - loss: 2.7118 - accuracy: 0.3189 - val_loss: 2.6831 - val_accuracy: 0.3318 - 21s/epoch - 3ms/step
Epoch 57/100
6250/6250 - 22s - loss: 2.7032 - accuracy: 0.3179 - val_loss: 2.6730 - val_accuracy: 0.3336 - 22s/epoch - 3ms/step
Epoch 58/100
6250/6250 - 22s - loss: 2.6933 - accuracy: 0.3208 - val_loss: 2.6642 - val_accuracy: 0.3309 - 22s/epoch - 4ms/step
Epoch 59/100
6250/6250 - 21s - loss: 2.6818 - accuracy: 0.3197 - val_loss: 2.6549 - val_accuracy: 0.3302 - 21s/epoch - 3ms/step
Epoch 60/100
6250/6250 - 21s - loss: 2.6740 - accuracy: 0.3220 - val_loss: 2.6459 - val_accuracy: 0.3320 - 21s/epoch - 3ms/step
Epoch 61/100
6250/6250 - 22s - loss: 2.6654 - accuracy: 0.3207 - val_loss: 2.6372 - val_accuracy: 0.3311 - 22s/epoch - 4ms/step
Epoch 62/100
6250/6250 - 22s - loss: 2.6567 - accuracy: 0.3195 - val_loss: 2.6291 - val_accuracy: 0.3332 - 22s/epoch - 4ms/step
Epoch 63/100
6250/6250 - 22s - loss: 2.6493 - accuracy: 0.3207 - val_loss: 2.6214 - val_accuracy: 0.3307 - 22s/epoch - 3ms/step
Epoch 64/100
6250/6250 - 22s - loss: 2.6415 - accuracy: 0.3208 - val_loss: 2.6140 - val_accuracy: 0.3314 - 22s/epoch - 4ms/step
Epoch 65/100
6250/6250 - 22s - loss: 2.6330 - accuracy: 0.3237 - val_loss: 2.6065 - val_accuracy: 0.3335 - 22s/epoch - 3ms/step
Epoch 66/100
6250/6250 - 22s - loss: 2.6259 - accuracy: 0.3217 - val_loss: 2.6014 - val_accuracy: 0.3340 - 22s/epoch - 3ms/step
Epoch 67/100
6250/6250 - 23s - loss: 2.6198 - accuracy: 0.3187 - val_loss: 2.5925 - val_accuracy: 0.3327 - 23s/epoch - 4ms/step
Epoch 68/100
6250/6250 - 22s - loss: 2.6114 - accuracy: 0.3205 - val_loss: 2.5857 - val_accuracy: 0.3330 - 22s/epoch - 3ms/step
Epoch 69/100
6250/6250 - 22s - loss: 2.6037 - accuracy: 0.3225 - val_loss: 2.5795 - val_accuracy: 0.3321 - 22s/epoch - 4ms/step
Epoch 70/100
6250/6250 - 22s - loss: 2.5995 - accuracy: 0.3218 - val_loss: 2.5753 - val_accuracy: 0.3332 - 22s/epoch - 4ms/step
Epoch 71/100
6250/6250 - 22s - loss: 2.5944 - accuracy: 0.3221 - val_loss: 2.5688 - val_accuracy: 0.3339 - 22s/epoch - 3ms/step
Epoch 72/100
6250/6250 - 22s - loss: 2.5843 - accuracy: 0.3256 - val_loss: 2.5617 - val_accuracy: 0.3360 - 22s/epoch - 3ms/step
Epoch 73/100
6250/6250 - 21s - loss: 2.5802 - accuracy: 0.3210 - val_loss: 2.5557 - val_accuracy: 0.3329 - 21s/epoch - 3ms/step
Epoch 74/100
6250/6250 - 22s - loss: 2.5749 - accuracy: 0.3221 - val_loss: 2.5503 - val_accuracy: 0.3343 - 22s/epoch - 4ms/step
Epoch 75/100
6250/6250 - 22s - loss: 2.5681 - accuracy: 0.3247 - val_loss: 2.5459 - val_accuracy: 0.3348 - 22s/epoch - 4ms/step
Epoch 76/100
6250/6250 - 21s - loss: 2.5656 - accuracy: 0.3238 - val_loss: 2.5395 - val_accuracy: 0.3346 - 21s/epoch - 3ms/step
Epoch 77/100
6250/6250 - 23s - loss: 2.5613 - accuracy: 0.3228 - val_loss: 2.5344 - val_accuracy: 0.3344 - 23s/epoch - 4ms/step
Epoch 78/100
6250/6250 - 22s - loss: 2.5525 - accuracy: 0.3228 - val_loss: 2.5300 - val_accuracy: 0.3349 - 22s/epoch - 3ms/step
Epoch 79/100
6250/6250 - 22s - loss: 2.5490 - accuracy: 0.3238 - val_loss: 2.5250 - val_accuracy: 0.3365 - 22s/epoch - 4ms/step
Epoch 80/100
6250/6250 - 22s - loss: 2.5450 - accuracy: 0.3239 - val_loss: 2.5201 - val_accuracy: 0.3357 - 22s/epoch - 3ms/step
Epoch 81/100
6250/6250 - 23s - loss: 2.5403 - accuracy: 0.3224 - val_loss: 2.5158 - val_accuracy: 0.3357 - 23s/epoch - 4ms/step
Epoch 82/100
6250/6250 - 22s - loss: 2.5356 - accuracy: 0.3235 - val_loss: 2.5118 - val_accuracy: 0.3350 - 22s/epoch - 3ms/step
Epoch 83/100
6250/6250 - 22s - loss: 2.5291 - accuracy: 0.3217 - val_loss: 2.5070 - val_accuracy: 0.3380 - 22s/epoch - 3ms/step
Epoch 84/100
6250/6250 - 22s - loss: 2.5262 - accuracy: 0.3254 - val_loss: 2.5034 - val_accuracy: 0.3341 - 22s/epoch - 3ms/step
Epoch 85/100
6250/6250 - 22s - loss: 2.5233 - accuracy: 0.3239 - val_loss: 2.4984 - val_accuracy: 0.3348 - 22s/epoch - 4ms/step
Epoch 86/100
6250/6250 - 22s - loss: 2.5178 - accuracy: 0.3256 - val_loss: 2.4945 - val_accuracy: 0.3375 - 22s/epoch - 3ms/step
Epoch 87/100
6250/6250 - 22s - loss: 2.5142 - accuracy: 0.3208 - val_loss: 2.4906 - val_accuracy: 0.3360 - 22s/epoch - 4ms/step
Epoch 88/100
6250/6250 - 22s - loss: 2.5104 - accuracy: 0.3234 - val_loss: 2.4868 - val_accuracy: 0.3359 - 22s/epoch - 3ms/step
Epoch 89/100
6250/6250 - 22s - loss: 2.5058 - accuracy: 0.3247 - val_loss: 2.4832 - val_accuracy: 0.3367 - 22s/epoch - 4ms/step
Epoch 90/100
6250/6250 - 22s - loss: 2.5004 - accuracy: 0.3278 - val_loss: 2.4796 - val_accuracy: 0.3351 - 22s/epoch - 4ms/step
Epoch 91/100
6250/6250 - 22s - loss: 2.4984 - accuracy: 0.3264 - val_loss: 2.4758 - val_accuracy: 0.3386 - 22s/epoch - 4ms/step
Epoch 92/100
6250/6250 - 23s - loss: 2.4952 - accuracy: 0.3272 - val_loss: 2.4742 - val_accuracy: 0.3346 - 23s/epoch - 4ms/step
Epoch 93/100
6250/6250 - 23s - loss: 2.4922 - accuracy: 0.3270 - val_loss: 2.4693 - val_accuracy: 0.3375 - 23s/epoch - 4ms/step
Epoch 94/100
6250/6250 - 22s - loss: 2.4889 - accuracy: 0.3274 - val_loss: 2.4658 - val_accuracy: 0.3379 - 22s/epoch - 3ms/step
Epoch 95/100
6250/6250 - 22s - loss: 2.4848 - accuracy: 0.3261 - val_loss: 2.4622 - val_accuracy: 0.3393 - 22s/epoch - 4ms/step
Epoch 96/100
6250/6250 - 22s - loss: 2.4810 - accuracy: 0.3277 - val_loss: 2.4593 - val_accuracy: 0.3378 - 22s/epoch - 3ms/step
Epoch 97/100
6250/6250 - 22s - loss: 2.4774 - accuracy: 0.3273 - val_loss: 2.4564 - val_accuracy: 0.3369 - 22s/epoch - 4ms/step
Epoch 98/100
6250/6250 - 22s - loss: 2.4745 - accuracy: 0.3299 - val_loss: 2.4538 - val_accuracy: 0.3383 - 22s/epoch - 4ms/step
Epoch 99/100
6250/6250 - 22s - loss: 2.4726 - accuracy: 0.3275 - val_loss: 2.4500 - val_accuracy: 0.3356 - 22s/epoch - 3ms/step
Epoch 100/100
6250/6250 - 23s - loss: 2.4686 - accuracy: 0.3270 - val_loss: 2.4475 - val_accuracy: 0.3381 - 23s/epoch - 4ms/step
313/313 - 1s - loss: 2.4475 - accuracy: 0.3381 - 1s/epoch - 4ms/step

ACCURACY: 0.33809998631477356


SCORE: -0.48319204642034147

[92m | MODULE VALUES ---------------------------------------------  |
 [0m
FLOPS: 26738972
PARAMS: 975610.0
[92m 
 | -----------------------------------------------------------  |
 [0m

--- BANANAS ITERATION 8 / 1000 ---
Chosen point: {'num_neurons': 16, 'unit_c1': 3, 'unit_c2': 7, 'dr_f': 0.2140488607412775, 'learning_rate': 0.0009500994361545348, 'batch_size': 16, 'optimizer': 'Adagrad', 'activation': 'elu', 'data_augmentation': False, 'reg_l2': True, 'skip_connection': True, 'new_fc_1': 15, 'new_fc_2': 0, 'new_fc_3': 18, 'new_fc_4': 0, 'new_fc_5': 9, 'new_fc_6': 5, 'new_fc_7': 21, 'new_fc_8': 16, 'new_fc_9': 11, 'new_fc_10': 32}
[94m
|  --> START TRAINING ITERATION 7[0m
[INFO] Flags -> DA: False, L2: True, Skip: True
Building model with input_shape=(32, 32, 3), pos_input_shape=None, layer_x_block=2
Model: "model"
__________________________________________________________________________________________________
 Layer (type)                Output Shape                 Param #   Connected to                  
==================================================================================================
 input_1 (InputLayer)        [(None, 32, 32, 3)]          0         []                            
                                                                                                  
 conv2d (Conv2D)             (None, 32, 32, 48)           1344      ['input_1[0][0]']             
                                                                                                  
 activation (Activation)     (None, 32, 32, 48)           0         ['conv2d[0][0]']              
                                                                                                  
 conv2d_2 (Conv2D)           (None, 32, 32, 48)           192       ['input_1[0][0]']             
                                                                                                  
 conv2d_1 (Conv2D)           (None, 32, 32, 48)           20784     ['activation[0][0]']          
                                                                                                  
 add (Add)                   (None, 32, 32, 48)           0         ['conv2d_2[0][0]',            
                                                                     'conv2d_1[0][0]']            
                                                                                                  
 activation_1 (Activation)   (None, 32, 32, 48)           0         ['add[0][0]']                 
                                                                                                  
 max_pooling2d (MaxPooling2  (None, 16, 16, 48)           0         ['activation_1[0][0]']        
 D)                                                                                               
                                                                                                  
 conv2d_3 (Conv2D)           (None, 16, 16, 112)          48496     ['max_pooling2d[0][0]']       
                                                                                                  
 activation_2 (Activation)   (None, 16, 16, 112)          0         ['conv2d_3[0][0]']            
                                                                                                  
 conv2d_5 (Conv2D)           (None, 16, 16, 112)          5488      ['max_pooling2d[0][0]']       
                                                                                                  
 conv2d_4 (Conv2D)           (None, 16, 16, 112)          113008    ['activation_2[0][0]']        
                                                                                                  
 add_1 (Add)                 (None, 16, 16, 112)          0         ['conv2d_5[0][0]',            
                                                                     'conv2d_4[0][0]']            
                                                                                                  
 activation_3 (Activation)   (None, 16, 16, 112)          0         ['add_1[0][0]']               
                                                                                                  
 max_pooling2d_1 (MaxPoolin  (None, 8, 8, 112)            0         ['activation_3[0][0]']        
 g2D)                                                                                             
                                                                                                  
 flatten (Flatten)           (None, 7168)                 0         ['max_pooling2d_1[0][0]']     
                                                                                                  
 dense (Dense)               (None, 240)                  1720560   ['flatten[0][0]']             
                                                                                                  
 activation_4 (Activation)   (None, 240)                  0         ['dense[0][0]']               
                                                                                                  
 dropout (Dropout)           (None, 240)                  0         ['activation_4[0][0]']        
                                                                                                  
 dense_1 (Dense)             (None, 288)                  69408     ['dropout[0][0]']             
                                                                                                  
 activation_5 (Activation)   (None, 288)                  0         ['dense_1[0][0]']             
                                                                                                  
 dropout_1 (Dropout)         (None, 288)                  0         ['activation_5[0][0]']        
                                                                                                  
 dense_2 (Dense)             (None, 144)                  41616     ['dropout_1[0][0]']           
                                                                                                  
 activation_6 (Activation)   (None, 144)                  0         ['dense_2[0][0]']             
                                                                                                  
 dropout_2 (Dropout)         (None, 144)                  0         ['activation_6[0][0]']        
                                                                                                  
 dense_3 (Dense)             (None, 80)                   11600     ['dropout_2[0][0]']           
                                                                                                  
 activation_7 (Activation)   (None, 80)                   0         ['dense_3[0][0]']             
                                                                                                  
 dropout_3 (Dropout)         (None, 80)                   0         ['activation_7[0][0]']        
                                                                                                  
 dense_4 (Dense)             (None, 336)                  27216     ['dropout_3[0][0]']           
                                                                                                  
 activation_8 (Activation)   (None, 336)                  0         ['dense_4[0][0]']             
                                                                                                  
 dropout_4 (Dropout)         (None, 336)                  0         ['activation_8[0][0]']        
                                                                                                  
 dense_5 (Dense)             (None, 256)                  86272     ['dropout_4[0][0]']           
                                                                                                  
 activation_9 (Activation)   (None, 256)                  0         ['dense_5[0][0]']             
                                                                                                  
 dropout_5 (Dropout)         (None, 256)                  0         ['activation_9[0][0]']        
                                                                                                  
 dense_6 (Dense)             (None, 176)                  45232     ['dropout_5[0][0]']           
                                                                                                  
 activation_10 (Activation)  (None, 176)                  0         ['dense_6[0][0]']             
                                                                                                  
 dropout_6 (Dropout)         (None, 176)                  0         ['activation_10[0][0]']       
                                                                                                  
 dense_7 (Dense)             (None, 512)                  90624     ['dropout_6[0][0]']           
                                                                                                  
 activation_11 (Activation)  (None, 512)                  0         ['dense_7[0][0]']             
                                                                                                  
 dropout_7 (Dropout)         (None, 512)                  0         ['activation_11[0][0]']       
                                                                                                  
 dense_8 (Dense)             (None, 10)                   5130      ['dropout_7[0][0]']           
                                                                                                  
==================================================================================================
Total params: 2286970 (8.72 MB)
Trainable params: 2286970 (8.72 MB)
Non-trainable params: 0 (0.00 Byte)
__________________________________________________________________________________________________
Epoch 1/100
3125/3125 - 16s - loss: 20.6790 - accuracy: 0.2626 - val_loss: 17.8615 - val_accuracy: 0.3611 - 16s/epoch - 5ms/step
Epoch 2/100
3125/3125 - 18s - loss: 15.9037 - accuracy: 0.3490 - val_loss: 14.1100 - val_accuracy: 0.3884 - 18s/epoch - 6ms/step
Epoch 3/100
3125/3125 - 14s - loss: 12.7615 - accuracy: 0.3809 - val_loss: 11.4834 - val_accuracy: 0.4132 - 14s/epoch - 5ms/step
Epoch 4/100
3125/3125 - 14s - loss: 10.5333 - accuracy: 0.3981 - val_loss: 9.5985 - val_accuracy: 0.4312 - 14s/epoch - 5ms/step
Epoch 5/100
3125/3125 - 14s - loss: 8.9016 - accuracy: 0.4142 - val_loss: 8.2013 - val_accuracy: 0.4400 - 14s/epoch - 5ms/step
Epoch 6/100
3125/3125 - 14s - loss: 7.6780 - accuracy: 0.4281 - val_loss: 7.1343 - val_accuracy: 0.4520 - 14s/epoch - 5ms/step
Epoch 7/100
3125/3125 - 14s - loss: 6.7398 - accuracy: 0.4424 - val_loss: 6.3149 - val_accuracy: 0.4630 - 14s/epoch - 5ms/step
Epoch 8/100
3125/3125 - 14s - loss: 6.0133 - accuracy: 0.4530 - val_loss: 5.6732 - val_accuracy: 0.4702 - 14s/epoch - 5ms/step
Epoch 9/100
3125/3125 - 14s - loss: 5.4402 - accuracy: 0.4621 - val_loss: 5.1689 - val_accuracy: 0.4822 - 14s/epoch - 5ms/step
Epoch 10/100
3125/3125 - 14s - loss: 4.9823 - accuracy: 0.4693 - val_loss: 4.7570 - val_accuracy: 0.4879 - 14s/epoch - 5ms/step
Epoch 11/100
3125/3125 - 14s - loss: 4.6116 - accuracy: 0.4760 - val_loss: 4.4207 - val_accuracy: 0.4976 - 14s/epoch - 5ms/step
Epoch 12/100
3125/3125 - 14s - loss: 4.3090 - accuracy: 0.4826 - val_loss: 4.1470 - val_accuracy: 0.4985 - 14s/epoch - 5ms/step
Epoch 13/100
3125/3125 - 14s - loss: 4.0570 - accuracy: 0.4879 - val_loss: 3.9200 - val_accuracy: 0.5017 - 14s/epoch - 5ms/step
Epoch 14/100
3125/3125 - 14s - loss: 3.8505 - accuracy: 0.4930 - val_loss: 3.7268 - val_accuracy: 0.5092 - 14s/epoch - 5ms/step
Epoch 15/100
3125/3125 - 14s - loss: 3.6726 - accuracy: 0.4978 - val_loss: 3.5639 - val_accuracy: 0.5142 - 14s/epoch - 5ms/step
Epoch 16/100
3125/3125 - 14s - loss: 3.5200 - accuracy: 0.5020 - val_loss: 3.4240 - val_accuracy: 0.5171 - 14s/epoch - 5ms/step
Epoch 17/100
3125/3125 - 14s - loss: 3.3907 - accuracy: 0.5052 - val_loss: 3.3099 - val_accuracy: 0.5148 - 14s/epoch - 5ms/step
Epoch 18/100
3125/3125 - 14s - loss: 3.2771 - accuracy: 0.5078 - val_loss: 3.2025 - val_accuracy: 0.5293 - 14s/epoch - 5ms/step
Epoch 19/100
3125/3125 - 14s - loss: 3.1796 - accuracy: 0.5146 - val_loss: 3.1101 - val_accuracy: 0.5251 - 14s/epoch - 5ms/step
Epoch 20/100
3125/3125 - 14s - loss: 3.0935 - accuracy: 0.5155 - val_loss: 3.0350 - val_accuracy: 0.5254 - 14s/epoch - 5ms/step
Epoch 21/100
3125/3125 - 14s - loss: 3.0181 - accuracy: 0.5184 - val_loss: 2.9690 - val_accuracy: 0.5239 - 14s/epoch - 5ms/step
Epoch 22/100
3125/3125 - 14s - loss: 2.9493 - accuracy: 0.5191 - val_loss: 2.9023 - val_accuracy: 0.5320 - 14s/epoch - 5ms/step
Epoch 23/100
3125/3125 - 14s - loss: 2.8907 - accuracy: 0.5199 - val_loss: 2.8416 - val_accuracy: 0.5380 - 14s/epoch - 5ms/step
Epoch 24/100
3125/3125 - 14s - loss: 2.8348 - accuracy: 0.5248 - val_loss: 2.7936 - val_accuracy: 0.5337 - 14s/epoch - 5ms/step
Epoch 25/100
3125/3125 - 14s - loss: 2.7842 - accuracy: 0.5269 - val_loss: 2.7482 - val_accuracy: 0.5374 - 14s/epoch - 5ms/step
Epoch 26/100
3125/3125 - 14s - loss: 2.7394 - accuracy: 0.5252 - val_loss: 2.7031 - val_accuracy: 0.5391 - 14s/epoch - 5ms/step
Epoch 27/100
3125/3125 - 14s - loss: 2.7027 - accuracy: 0.5287 - val_loss: 2.6655 - val_accuracy: 0.5397 - 14s/epoch - 5ms/step
Epoch 28/100
3125/3125 - 14s - loss: 2.6626 - accuracy: 0.5316 - val_loss: 2.6359 - val_accuracy: 0.5382 - 14s/epoch - 5ms/step
Epoch 29/100
3125/3125 - 14s - loss: 2.6285 - accuracy: 0.5336 - val_loss: 2.6031 - val_accuracy: 0.5433 - 14s/epoch - 5ms/step
Epoch 30/100
3125/3125 - 14s - loss: 2.5979 - accuracy: 0.5325 - val_loss: 2.5721 - val_accuracy: 0.5413 - 14s/epoch - 5ms/step
Epoch 31/100
3125/3125 - 14s - loss: 2.5687 - accuracy: 0.5345 - val_loss: 2.5436 - val_accuracy: 0.5441 - 14s/epoch - 5ms/step
Epoch 32/100
3125/3125 - 14s - loss: 2.5396 - accuracy: 0.5378 - val_loss: 2.5173 - val_accuracy: 0.5433 - 14s/epoch - 5ms/step
Epoch 33/100
3125/3125 - 14s - loss: 2.5156 - accuracy: 0.5360 - val_loss: 2.4944 - val_accuracy: 0.5461 - 14s/epoch - 5ms/step
Epoch 34/100
3125/3125 - 14s - loss: 2.4929 - accuracy: 0.5383 - val_loss: 2.4723 - val_accuracy: 0.5448 - 14s/epoch - 5ms/step
Epoch 35/100
3125/3125 - 14s - loss: 2.4701 - accuracy: 0.5416 - val_loss: 2.4521 - val_accuracy: 0.5457 - 14s/epoch - 5ms/step
Epoch 36/100
3125/3125 - 14s - loss: 2.4489 - accuracy: 0.5427 - val_loss: 2.4301 - val_accuracy: 0.5498 - 14s/epoch - 5ms/step
Epoch 37/100
3125/3125 - 14s - loss: 2.4302 - accuracy: 0.5400 - val_loss: 2.4149 - val_accuracy: 0.5495 - 14s/epoch - 5ms/step
Epoch 38/100
3125/3125 - 14s - loss: 2.4121 - accuracy: 0.5431 - val_loss: 2.4038 - val_accuracy: 0.5459 - 14s/epoch - 5ms/step
Epoch 39/100
3125/3125 - 14s - loss: 2.3955 - accuracy: 0.5433 - val_loss: 2.3757 - val_accuracy: 0.5522 - 14s/epoch - 5ms/step
Epoch 40/100
3125/3125 - 14s - loss: 2.3780 - accuracy: 0.5432 - val_loss: 2.3622 - val_accuracy: 0.5519 - 14s/epoch - 5ms/step
Epoch 41/100
3125/3125 - 14s - loss: 2.3640 - accuracy: 0.5448 - val_loss: 2.3603 - val_accuracy: 0.5472 - 14s/epoch - 5ms/step
Epoch 42/100
3125/3125 - 14s - loss: 2.3486 - accuracy: 0.5461 - val_loss: 2.3338 - val_accuracy: 0.5553 - 14s/epoch - 5ms/step
Epoch 43/100
3125/3125 - 14s - loss: 2.3361 - accuracy: 0.5485 - val_loss: 2.3174 - val_accuracy: 0.5534 - 14s/epoch - 5ms/step
Epoch 44/100
3125/3125 - 14s - loss: 2.3227 - accuracy: 0.5479 - val_loss: 2.3142 - val_accuracy: 0.5516 - 14s/epoch - 5ms/step
Epoch 45/100
3125/3125 - 14s - loss: 2.3089 - accuracy: 0.5477 - val_loss: 2.2950 - val_accuracy: 0.5533 - 14s/epoch - 5ms/step
Epoch 46/100
3125/3125 - 14s - loss: 2.2955 - accuracy: 0.5510 - val_loss: 2.2832 - val_accuracy: 0.5537 - 14s/epoch - 5ms/step
Epoch 47/100
3125/3125 - 14s - loss: 2.2849 - accuracy: 0.5504 - val_loss: 2.2764 - val_accuracy: 0.5537 - 14s/epoch - 5ms/step
Epoch 48/100
3125/3125 - 14s - loss: 2.2719 - accuracy: 0.5504 - val_loss: 2.2614 - val_accuracy: 0.5579 - 14s/epoch - 5ms/step
Epoch 49/100
3125/3125 - 14s - loss: 2.2622 - accuracy: 0.5506 - val_loss: 2.2571 - val_accuracy: 0.5536 - 14s/epoch - 5ms/step
Epoch 50/100
3125/3125 - 14s - loss: 2.2534 - accuracy: 0.5523 - val_loss: 2.2436 - val_accuracy: 0.5561 - 14s/epoch - 5ms/step
Epoch 51/100
3125/3125 - 14s - loss: 2.2445 - accuracy: 0.5534 - val_loss: 2.2311 - val_accuracy: 0.5584 - 14s/epoch - 5ms/step
Epoch 52/100
3125/3125 - 14s - loss: 2.2336 - accuracy: 0.5542 - val_loss: 2.2301 - val_accuracy: 0.5535 - 14s/epoch - 5ms/step
Epoch 53/100
3125/3125 - 14s - loss: 2.2270 - accuracy: 0.5532 - val_loss: 2.2171 - val_accuracy: 0.5567 - 14s/epoch - 5ms/step
Epoch 54/100
3125/3125 - 14s - loss: 2.2160 - accuracy: 0.5536 - val_loss: 2.2111 - val_accuracy: 0.5558 - 14s/epoch - 4ms/step
Epoch 55/100
3125/3125 - 14s - loss: 2.2071 - accuracy: 0.5567 - val_loss: 2.2017 - val_accuracy: 0.5595 - 14s/epoch - 5ms/step
Epoch 56/100
3125/3125 - 14s - loss: 2.2002 - accuracy: 0.5571 - val_loss: 2.1952 - val_accuracy: 0.5573 - 14s/epoch - 5ms/step
Epoch 57/100
3125/3125 - 14s - loss: 2.1918 - accuracy: 0.5553 - val_loss: 2.1905 - val_accuracy: 0.5599 - 14s/epoch - 5ms/step
Epoch 58/100
3125/3125 - 14s - loss: 2.1875 - accuracy: 0.5565 - val_loss: 2.1812 - val_accuracy: 0.5583 - 14s/epoch - 5ms/step
Epoch 59/100
3125/3125 - 14s - loss: 2.1810 - accuracy: 0.5559 - val_loss: 2.1698 - val_accuracy: 0.5632 - 14s/epoch - 5ms/step
Epoch 60/100
3125/3125 - 14s - loss: 2.1723 - accuracy: 0.5565 - val_loss: 2.1634 - val_accuracy: 0.5629 - 14s/epoch - 5ms/step
Epoch 61/100
3125/3125 - 14s - loss: 2.1639 - accuracy: 0.5577 - val_loss: 2.1566 - val_accuracy: 0.5622 - 14s/epoch - 5ms/step
Epoch 62/100
3125/3125 - 14s - loss: 2.1576 - accuracy: 0.5600 - val_loss: 2.1521 - val_accuracy: 0.5601 - 14s/epoch - 5ms/step
Epoch 63/100
3125/3125 - 14s - loss: 2.1526 - accuracy: 0.5572 - val_loss: 2.1454 - val_accuracy: 0.5650 - 14s/epoch - 5ms/step
Epoch 64/100
3125/3125 - 14s - loss: 2.1454 - accuracy: 0.5606 - val_loss: 2.1390 - val_accuracy: 0.5610 - 14s/epoch - 5ms/step
Epoch 65/100
3125/3125 - 14s - loss: 2.1398 - accuracy: 0.5565 - val_loss: 2.1373 - val_accuracy: 0.5620 - 14s/epoch - 5ms/step
Epoch 66/100
3125/3125 - 14s - loss: 2.1339 - accuracy: 0.5597 - val_loss: 2.1332 - val_accuracy: 0.5607 - 14s/epoch - 5ms/step
Epoch 67/100
3125/3125 - 14s - loss: 2.1273 - accuracy: 0.5619 - val_loss: 2.1222 - val_accuracy: 0.5660 - 14s/epoch - 5ms/step
Epoch 68/100
3125/3125 - 14s - loss: 2.1218 - accuracy: 0.5638 - val_loss: 2.1207 - val_accuracy: 0.5626 - 14s/epoch - 5ms/step
Epoch 69/100
3125/3125 - 14s - loss: 2.1181 - accuracy: 0.5623 - val_loss: 2.1151 - val_accuracy: 0.5668 - 14s/epoch - 5ms/step
Epoch 70/100
3125/3125 - 14s - loss: 2.1131 - accuracy: 0.5628 - val_loss: 2.1099 - val_accuracy: 0.5627 - 14s/epoch - 5ms/step
Epoch 71/100
3125/3125 - 14s - loss: 2.1069 - accuracy: 0.5653 - val_loss: 2.1020 - val_accuracy: 0.5652 - 14s/epoch - 5ms/step
Epoch 72/100
3125/3125 - 14s - loss: 2.1016 - accuracy: 0.5628 - val_loss: 2.0984 - val_accuracy: 0.5661 - 14s/epoch - 5ms/step
Epoch 73/100
3125/3125 - 14s - loss: 2.0962 - accuracy: 0.5665 - val_loss: 2.0957 - val_accuracy: 0.5627 - 14s/epoch - 5ms/step
Epoch 74/100
3125/3125 - 14s - loss: 2.0938 - accuracy: 0.5651 - val_loss: 2.0940 - val_accuracy: 0.5637 - 14s/epoch - 5ms/step
Epoch 75/100
3125/3125 - 14s - loss: 2.0898 - accuracy: 0.5650 - val_loss: 2.0859 - val_accuracy: 0.5704 - 14s/epoch - 5ms/step
Epoch 76/100
3125/3125 - 14s - loss: 2.0814 - accuracy: 0.5665 - val_loss: 2.0934 - val_accuracy: 0.5620 - 14s/epoch - 5ms/step
Epoch 77/100
3125/3125 - 14s - loss: 2.0795 - accuracy: 0.5664 - val_loss: 2.0779 - val_accuracy: 0.5693 - 14s/epoch - 5ms/step
Epoch 78/100
3125/3125 - 14s - loss: 2.0760 - accuracy: 0.5664 - val_loss: 2.0716 - val_accuracy: 0.5690 - 14s/epoch - 5ms/step
Epoch 79/100
3125/3125 - 14s - loss: 2.0715 - accuracy: 0.5670 - val_loss: 2.0785 - val_accuracy: 0.5663 - 14s/epoch - 4ms/step
Epoch 80/100
3125/3125 - 14s - loss: 2.0688 - accuracy: 0.5662 - val_loss: 2.0649 - val_accuracy: 0.5673 - 14s/epoch - 4ms/step
Epoch 81/100
3125/3125 - 14s - loss: 2.0612 - accuracy: 0.5682 - val_loss: 2.0652 - val_accuracy: 0.5671 - 14s/epoch - 4ms/step
Epoch 82/100
3125/3125 - 14s - loss: 2.0596 - accuracy: 0.5677 - val_loss: 2.0640 - val_accuracy: 0.5712 - 14s/epoch - 5ms/step
Epoch 83/100
3125/3125 - 14s - loss: 2.0551 - accuracy: 0.5692 - val_loss: 2.0562 - val_accuracy: 0.5713 - 14s/epoch - 5ms/step
Epoch 84/100
3125/3125 - 14s - loss: 2.0527 - accuracy: 0.5687 - val_loss: 2.0565 - val_accuracy: 0.5664 - 14s/epoch - 5ms/step
Epoch 85/100
3125/3125 - 14s - loss: 2.0474 - accuracy: 0.5685 - val_loss: 2.0482 - val_accuracy: 0.5709 - 14s/epoch - 5ms/step
Epoch 86/100
3125/3125 - 14s - loss: 2.0454 - accuracy: 0.5706 - val_loss: 2.0483 - val_accuracy: 0.5731 - 14s/epoch - 5ms/step
Epoch 87/100
3125/3125 - 14s - loss: 2.0417 - accuracy: 0.5699 - val_loss: 2.0435 - val_accuracy: 0.5741 - 14s/epoch - 5ms/step
Epoch 88/100
3125/3125 - 14s - loss: 2.0380 - accuracy: 0.5730 - val_loss: 2.0422 - val_accuracy: 0.5712 - 14s/epoch - 5ms/step
Epoch 89/100
3125/3125 - 14s - loss: 2.0345 - accuracy: 0.5693 - val_loss: 2.0365 - val_accuracy: 0.5727 - 14s/epoch - 5ms/step
Epoch 90/100
3125/3125 - 14s - loss: 2.0292 - accuracy: 0.5742 - val_loss: 2.0331 - val_accuracy: 0.5720 - 14s/epoch - 5ms/step
Epoch 91/100
3125/3125 - 14s - loss: 2.0260 - accuracy: 0.5737 - val_loss: 2.0285 - val_accuracy: 0.5754 - 14s/epoch - 5ms/step
Epoch 92/100
3125/3125 - 14s - loss: 2.0234 - accuracy: 0.5732 - val_loss: 2.0248 - val_accuracy: 0.5739 - 14s/epoch - 5ms/step
Epoch 93/100
3125/3125 - 14s - loss: 2.0209 - accuracy: 0.5710 - val_loss: 2.0252 - val_accuracy: 0.5717 - 14s/epoch - 5ms/step
Epoch 94/100
3125/3125 - 14s - loss: 2.0175 - accuracy: 0.5748 - val_loss: 2.0223 - val_accuracy: 0.5745 - 14s/epoch - 5ms/step
Epoch 95/100
3125/3125 - 14s - loss: 2.0162 - accuracy: 0.5743 - val_loss: 2.0201 - val_accuracy: 0.5733 - 14s/epoch - 5ms/step
Epoch 96/100
3125/3125 - 14s - loss: 2.0136 - accuracy: 0.5757 - val_loss: 2.0157 - val_accuracy: 0.5721 - 14s/epoch - 5ms/step
Epoch 97/100
3125/3125 - 14s - loss: 2.0125 - accuracy: 0.5715 - val_loss: 2.0111 - val_accuracy: 0.5743 - 14s/epoch - 5ms/step
Epoch 98/100
3125/3125 - 14s - loss: 2.0088 - accuracy: 0.5758 - val_loss: 2.0110 - val_accuracy: 0.5741 - 14s/epoch - 5ms/step
Epoch 99/100
3125/3125 - 14s - loss: 2.0036 - accuracy: 0.5765 - val_loss: 2.0076 - val_accuracy: 0.5760 - 14s/epoch - 5ms/step
Epoch 100/100
3125/3125 - 14s - loss: 2.0034 - accuracy: 0.5752 - val_loss: 2.0029 - val_accuracy: 0.5808 - 14s/epoch - 5ms/step
313/313 - 1s - loss: 2.0029 - accuracy: 0.5808 - 1s/epoch - 3ms/step

ACCURACY: 0.5807999968528748


SCORE: -0.4359064697970123

[92m | MODULE VALUES ---------------------------------------------  |
 [0m
FLOPS: 135326764
PARAMS: 2286970.0
[92m 
 | -----------------------------------------------------------  |
 [0m

--- BANANAS ITERATION 9 / 1000 ---
Chosen point: {'num_neurons': 64, 'unit_c1': 2, 'unit_c2': 5, 'dr_f': 0.03497255626102251, 'learning_rate': 0.0008475762933944243, 'batch_size': 64, 'optimizer': 'SGD', 'activation': 'swish', 'data_augmentation': True, 'reg_l2': True, 'skip_connection': True, 'new_fc_1': 13, 'new_fc_2': 19, 'new_fc_3': 13, 'new_fc_4': 24, 'new_fc_5': 3, 'new_fc_6': 7, 'new_fc_7': 32, 'new_fc_8': 11, 'new_fc_9': 27, 'new_fc_10': 4}
[94m
|  --> START TRAINING ITERATION 8[0m
[INFO] Flags -> DA: True, L2: True, Skip: True
Building model with input_shape=(32, 32, 3), pos_input_shape=None, layer_x_block=2
Model: "model"
__________________________________________________________________________________________________
 Layer (type)                Output Shape                 Param #   Connected to                  
==================================================================================================
 input_2 (InputLayer)        [(None, 32, 32, 3)]          0         []                            
                                                                                                  
 conv2d (Conv2D)             (None, 32, 32, 128)          3584      ['input_2[0][0]']             
                                                                                                  
 activation (Activation)     (None, 32, 32, 128)          0         ['conv2d[1][0]']              
                                                                                                  
 conv2d_2 (Conv2D)           (None, 32, 32, 128)          512       ['input_2[0][0]']             
                                                                                                  
 conv2d_1 (Conv2D)           (None, 32, 32, 128)          147584    ['activation[1][0]']          
                                                                                                  
 add (Add)                   (None, 32, 32, 128)          0         ['conv2d_2[1][0]',            
                                                                     'conv2d_1[1][0]']            
                                                                                                  
 activation_1 (Activation)   (None, 32, 32, 128)          0         ['add[1][0]']                 
                                                                                                  
 max_pooling2d (MaxPooling2  (None, 16, 16, 128)          0         ['activation_1[1][0]']        
 D)                                                                                               
                                                                                                  
 conv2d_3 (Conv2D)           (None, 16, 16, 320)          368960    ['max_pooling2d[1][0]']       
                                                                                                  
 activation_2 (Activation)   (None, 16, 16, 320)          0         ['conv2d_3[1][0]']            
                                                                                                  
 conv2d_5 (Conv2D)           (None, 16, 16, 320)          41280     ['max_pooling2d[1][0]']       
                                                                                                  
 conv2d_4 (Conv2D)           (None, 16, 16, 320)          921920    ['activation_2[1][0]']        
                                                                                                  
 add_1 (Add)                 (None, 16, 16, 320)          0         ['conv2d_5[1][0]',            
                                                                     'conv2d_4[1][0]']            
                                                                                                  
 activation_3 (Activation)   (None, 16, 16, 320)          0         ['add_1[1][0]']               
                                                                                                  
 max_pooling2d_1 (MaxPoolin  (None, 8, 8, 320)            0         ['activation_3[1][0]']        
 g2D)                                                                                             
                                                                                                  
 flatten (Flatten)           (None, 20480)                0         ['max_pooling2d_1[1][0]']     
                                                                                                  
 dense (Dense)               (None, 832)                  1704019   ['flatten[1][0]']             
                                                          2                                       
                                                                                                  
 activation_4 (Activation)   (None, 832)                  0         ['dense[1][0]']               
                                                                                                  
 dropout (Dropout)           (None, 832)                  0         ['activation_4[1][0]']        
                                                                                                  
 dense_1 (Dense)             (None, 1216)                 1012928   ['dropout[1][0]']             
                                                                                                  
 activation_5 (Activation)   (None, 1216)                 0         ['dense_1[1][0]']             
                                                                                                  
 dropout_1 (Dropout)         (None, 1216)                 0         ['activation_5[1][0]']        
                                                                                                  
 dense_2 (Dense)             (None, 832)                  1012544   ['dropout_1[1][0]']           
                                                                                                  
 activation_6 (Activation)   (None, 832)                  0         ['dense_2[1][0]']             
                                                                                                  
 dropout_2 (Dropout)         (None, 832)                  0         ['activation_6[1][0]']        
                                                                                                  
 dense_3 (Dense)             (None, 1536)                 1279488   ['dropout_2[1][0]']           
                                                                                                  
 activation_7 (Activation)   (None, 1536)                 0         ['dense_3[1][0]']             
                                                                                                  
 dropout_3 (Dropout)         (None, 1536)                 0         ['activation_7[1][0]']        
                                                                                                  
 dense_4 (Dense)             (None, 192)                  295104    ['dropout_3[1][0]']           
                                                                                                  
 activation_8 (Activation)   (None, 192)                  0         ['dense_4[1][0]']             
                                                                                                  
 dropout_4 (Dropout)         (None, 192)                  0         ['activation_8[1][0]']        
                                                                                                  
 dense_5 (Dense)             (None, 448)                  86464     ['dropout_4[1][0]']           
                                                                                                  
 activation_9 (Activation)   (None, 448)                  0         ['dense_5[1][0]']             
                                                                                                  
 dropout_5 (Dropout)         (None, 448)                  0         ['activation_9[1][0]']        
                                                                                                  
 dense_6 (Dense)             (None, 2048)                 919552    ['dropout_5[1][0]']           
                                                                                                  
 activation_10 (Activation)  (None, 2048)                 0         ['dense_6[1][0]']             
                                                                                                  
 dropout_6 (Dropout)         (None, 2048)                 0         ['activation_10[1][0]']       
                                                                                                  
 dense_7 (Dense)             (None, 704)                  1442496   ['dropout_6[1][0]']           
                                                                                                  
 activation_11 (Activation)  (None, 704)                  0         ['dense_7[1][0]']             
                                                                                                  
 dropout_7 (Dropout)         (None, 704)                  0         ['activation_11[1][0]']       
                                                                                                  
 dense_8 (Dense)             (None, 1728)                 1218240   ['dropout_7[1][0]']           
                                                                                                  
 activation_12 (Activation)  (None, 1728)                 0         ['dense_8[1][0]']             
                                                                                                  
 dropout_8 (Dropout)         (None, 1728)                 0         ['activation_12[1][0]']       
                                                                                                  
 dense_9 (Dense)             (None, 256)                  442624    ['dropout_8[1][0]']           
                                                                                                  
 activation_13 (Activation)  (None, 256)                  0         ['dense_9[1][0]']             
                                                                                                  
 dropout_9 (Dropout)         (None, 256)                  0         ['activation_13[1][0]']       
                                                                                                  
 dense_10 (Dense)            (None, 10)                   2570      ['dropout_9[1][0]']           
                                                                                                  
==================================================================================================
Total params: 26236042 (100.08 MB)
Trainable params: 26236042 (100.08 MB)
Non-trainable params: 0 (0.00 Byte)
__________________________________________________________________________________________________
[WARNING] Constraint Violated: FLOPs 1042859772 > 150000000 or Params 26236042.0 > 15000000000

ACCURACY: 0.0


SCORE: 10000000000.0

[92m | MODULE VALUES ---------------------------------------------  |
 [0m
FLOPS: 1042859772
PARAMS: 26236042.0
[92m 
 | -----------------------------------------------------------  |
 [0m

--- BANANAS ITERATION 10 / 1000 ---
Chosen point: {'num_neurons': 4, 'unit_c1': 2, 'unit_c2': 4, 'dr_f': 0.2775654799854504, 'learning_rate': 0.0002786419502011879, 'batch_size': 32, 'optimizer': 'SGD', 'activation': 'selu', 'data_augmentation': True, 'reg_l2': True, 'skip_connection': False, 'new_fc_1': 30, 'new_fc_2': 15, 'new_fc_3': 22, 'new_fc_4': 12, 'new_fc_5': 4, 'new_fc_6': 20, 'new_fc_7': 18, 'new_fc_8': 21, 'new_fc_9': 22, 'new_fc_10': 18}
[94m
|  --> START TRAINING ITERATION 9[0m
[INFO] Flags -> DA: True, L2: True, Skip: False
Building model with input_shape=(32, 32, 3), pos_input_shape=None, layer_x_block=2
Model: "model"
_________________________________________________________________
 Layer (type)                Output Shape              Param #   
=================================================================
 input_2 (InputLayer)        [(None, 32, 32, 3)]       0         
                                                                 
 conv2d (Conv2D)             (None, 32, 32, 8)         224       
                                                                 
 activation (Activation)     (None, 32, 32, 8)         0         
                                                                 
 conv2d_1 (Conv2D)           (None, 32, 32, 8)         584       
                                                                 
 activation_1 (Activation)   (None, 32, 32, 8)         0         
                                                                 
 max_pooling2d (MaxPooling2  (None, 16, 16, 8)         0         
 D)                                                              
                                                                 
 conv2d_2 (Conv2D)           (None, 16, 16, 16)        1168      
                                                                 
 activation_2 (Activation)   (None, 16, 16, 16)        0         
                                                                 
 conv2d_3 (Conv2D)           (None, 16, 16, 16)        2320      
                                                                 
 activation_3 (Activation)   (None, 16, 16, 16)        0         
                                                                 
 max_pooling2d_1 (MaxPoolin  (None, 8, 8, 16)          0         
 g2D)                                                            
                                                                 
 flatten (Flatten)           (None, 1024)              0         
                                                                 
 dense (Dense)               (None, 120)               123000    
                                                                 
 activation_4 (Activation)   (None, 120)               0         
                                                                 
 dropout (Dropout)           (None, 120)               0         
                                                                 
 dense_1 (Dense)             (None, 60)                7260      
                                                                 
 activation_5 (Activation)   (None, 60)                0         
                                                                 
 dropout_1 (Dropout)         (None, 60)                0         
                                                                 
 dense_2 (Dense)             (None, 88)                5368      
                                                                 
 activation_6 (Activation)   (None, 88)                0         
                                                                 
 dropout_2 (Dropout)         (None, 88)                0         
                                                                 
 dense_3 (Dense)             (None, 48)                4272      
                                                                 
 activation_7 (Activation)   (None, 48)                0         
                                                                 
 dropout_3 (Dropout)         (None, 48)                0         
                                                                 
 dense_4 (Dense)             (None, 16)                784       
                                                                 
 activation_8 (Activation)   (None, 16)                0         
                                                                 
 dropout_4 (Dropout)         (None, 16)                0         
                                                                 
 dense_5 (Dense)             (None, 80)                1360      
                                                                 
 activation_9 (Activation)   (None, 80)                0         
                                                                 
 dropout_5 (Dropout)         (None, 80)                0         
                                                                 
 dense_6 (Dense)             (None, 72)                5832      
                                                                 
 activation_10 (Activation)  (None, 72)                0         
                                                                 
 dropout_6 (Dropout)         (None, 72)                0         
                                                                 
 dense_7 (Dense)             (None, 84)                6132      
                                                                 
 activation_11 (Activation)  (None, 84)                0         
                                                                 
 dropout_7 (Dropout)         (None, 84)                0         
                                                                 
 dense_8 (Dense)             (None, 88)                7480      
                                                                 
 activation_12 (Activation)  (None, 88)                0         
                                                                 
 dropout_8 (Dropout)         (None, 88)                0         
                                                                 
 dense_9 (Dense)             (None, 72)                6408      
                                                                 
 activation_13 (Activation)  (None, 72)                0         
                                                                 
 dropout_9 (Dropout)         (None, 72)                0         
                                                                 
 dense_10 (Dense)            (None, 10)                730       
                                                                 
=================================================================
Total params: 172922 (675.48 KB)
Trainable params: 172922 (675.48 KB)
Non-trainable params: 0 (0.00 Byte)
_________________________________________________________________
Epoch 1/100
1563/1563 - 7s - loss: 11.8161 - accuracy: 0.1060 - val_loss: 10.5512 - val_accuracy: 0.1557 - 7s/epoch - 5ms/step
Epoch 2/100
1563/1563 - 5s - loss: 11.1311 - accuracy: 0.1124 - val_loss: 10.2390 - val_accuracy: 0.2285 - 5s/epoch - 3ms/step
Epoch 3/100
1563/1563 - 5s - loss: 10.7090 - accuracy: 0.1233 - val_loss: 9.9916 - val_accuracy: 0.2346 - 5s/epoch - 3ms/step
Epoch 4/100
1563/1563 - 5s - loss: 10.3885 - accuracy: 0.1358 - val_loss: 9.8112 - val_accuracy: 0.2314 - 5s/epoch - 3ms/step
Epoch 5/100
1563/1563 - 5s - loss: 10.1263 - accuracy: 0.1485 - val_loss: 9.6313 - val_accuracy: 0.2349 - 5s/epoch - 3ms/step
Epoch 6/100
1563/1563 - 5s - loss: 9.8960 - accuracy: 0.1566 - val_loss: 9.4961 - val_accuracy: 0.2318 - 5s/epoch - 3ms/step
Epoch 7/100
1563/1563 - 5s - loss: 9.6870 - accuracy: 0.1672 - val_loss: 9.2884 - val_accuracy: 0.2622 - 5s/epoch - 3ms/step
Epoch 8/100
1563/1563 - 5s - loss: 9.5019 - accuracy: 0.1727 - val_loss: 9.1176 - val_accuracy: 0.2675 - 5s/epoch - 3ms/step
Epoch 9/100
1563/1563 - 5s - loss: 9.3257 - accuracy: 0.1811 - val_loss: 8.9679 - val_accuracy: 0.2615 - 5s/epoch - 3ms/step
Epoch 10/100
1563/1563 - 5s - loss: 9.1478 - accuracy: 0.1898 - val_loss: 8.8338 - val_accuracy: 0.2669 - 5s/epoch - 3ms/step
Epoch 11/100
1563/1563 - 5s - loss: 8.9898 - accuracy: 0.1963 - val_loss: 8.7041 - val_accuracy: 0.2749 - 5s/epoch - 3ms/step
Epoch 12/100
1563/1563 - 5s - loss: 8.8373 - accuracy: 0.2034 - val_loss: 8.6803 - val_accuracy: 0.2501 - 5s/epoch - 3ms/step
Epoch 13/100
1563/1563 - 5s - loss: 8.6889 - accuracy: 0.2074 - val_loss: 8.4043 - val_accuracy: 0.2826 - 5s/epoch - 3ms/step
Epoch 14/100
1563/1563 - 5s - loss: 8.5520 - accuracy: 0.2107 - val_loss: 8.2697 - val_accuracy: 0.2827 - 5s/epoch - 3ms/step
Epoch 15/100
1563/1563 - 5s - loss: 8.4076 - accuracy: 0.2188 - val_loss: 8.1646 - val_accuracy: 0.2848 - 5s/epoch - 3ms/step
Epoch 16/100
1563/1563 - 5s - loss: 8.2809 - accuracy: 0.2245 - val_loss: 8.0185 - val_accuracy: 0.2896 - 5s/epoch - 3ms/step
Epoch 17/100
1563/1563 - 5s - loss: 8.1510 - accuracy: 0.2277 - val_loss: 7.9005 - val_accuracy: 0.2947 - 5s/epoch - 3ms/step
Epoch 18/100
1563/1563 - 5s - loss: 8.0328 - accuracy: 0.2291 - val_loss: 7.8229 - val_accuracy: 0.2952 - 5s/epoch - 3ms/step
Epoch 19/100
1563/1563 - 5s - loss: 7.9113 - accuracy: 0.2322 - val_loss: 7.7030 - val_accuracy: 0.2944 - 5s/epoch - 3ms/step
Epoch 20/100
1563/1563 - 5s - loss: 7.7940 - accuracy: 0.2335 - val_loss: 7.5647 - val_accuracy: 0.2974 - 5s/epoch - 3ms/step
Epoch 21/100
1563/1563 - 5s - loss: 7.6832 - accuracy: 0.2375 - val_loss: 7.4594 - val_accuracy: 0.3022 - 5s/epoch - 3ms/step
Epoch 22/100
1563/1563 - 5s - loss: 7.5679 - accuracy: 0.2434 - val_loss: 7.3571 - val_accuracy: 0.3042 - 5s/epoch - 3ms/step
Epoch 23/100
1563/1563 - 5s - loss: 7.4630 - accuracy: 0.2470 - val_loss: 7.2470 - val_accuracy: 0.3093 - 5s/epoch - 3ms/step
Epoch 24/100
1563/1563 - 5s - loss: 7.3578 - accuracy: 0.2468 - val_loss: 7.1467 - val_accuracy: 0.3100 - 5s/epoch - 3ms/step
Epoch 25/100
1563/1563 - 5s - loss: 7.2592 - accuracy: 0.2480 - val_loss: 7.0941 - val_accuracy: 0.3073 - 5s/epoch - 3ms/step
Epoch 26/100
1563/1563 - 5s - loss: 7.1547 - accuracy: 0.2526 - val_loss: 6.9593 - val_accuracy: 0.3107 - 5s/epoch - 3ms/step
Epoch 27/100
1563/1563 - 5s - loss: 7.0555 - accuracy: 0.2588 - val_loss: 6.9219 - val_accuracy: 0.3096 - 5s/epoch - 3ms/step
Epoch 28/100
1563/1563 - 5s - loss: 6.9637 - accuracy: 0.2559 - val_loss: 6.7753 - val_accuracy: 0.3139 - 5s/epoch - 3ms/step
Epoch 29/100
1563/1563 - 5s - loss: 6.8714 - accuracy: 0.2602 - val_loss: 6.7005 - val_accuracy: 0.3150 - 5s/epoch - 3ms/step
Epoch 30/100
1563/1563 - 5s - loss: 6.7756 - accuracy: 0.2611 - val_loss: 6.6127 - val_accuracy: 0.3131 - 5s/epoch - 3ms/step
Epoch 31/100
1563/1563 - 5s - loss: 6.6871 - accuracy: 0.2638 - val_loss: 6.5981 - val_accuracy: 0.3050 - 5s/epoch - 3ms/step
Epoch 32/100
1563/1563 - 5s - loss: 6.5987 - accuracy: 0.2660 - val_loss: 6.4220 - val_accuracy: 0.3222 - 5s/epoch - 3ms/step
Epoch 33/100
1563/1563 - 5s - loss: 6.5113 - accuracy: 0.2684 - val_loss: 6.3471 - val_accuracy: 0.3165 - 5s/epoch - 3ms/step
Epoch 34/100
1563/1563 - 5s - loss: 6.4330 - accuracy: 0.2681 - val_loss: 6.2692 - val_accuracy: 0.3144 - 5s/epoch - 3ms/step
Epoch 35/100
1563/1563 - 5s - loss: 6.3516 - accuracy: 0.2716 - val_loss: 6.1982 - val_accuracy: 0.3150 - 5s/epoch - 3ms/step
Epoch 36/100
1563/1563 - 5s - loss: 6.2664 - accuracy: 0.2719 - val_loss: 6.1174 - val_accuracy: 0.3193 - 5s/epoch - 3ms/step
Epoch 37/100
1563/1563 - 5s - loss: 6.1874 - accuracy: 0.2746 - val_loss: 6.0577 - val_accuracy: 0.3244 - 5s/epoch - 3ms/step
Epoch 38/100
1563/1563 - 5s - loss: 6.1093 - accuracy: 0.2747 - val_loss: 5.9597 - val_accuracy: 0.3206 - 5s/epoch - 3ms/step
Epoch 39/100
1563/1563 - 5s - loss: 6.0336 - accuracy: 0.2791 - val_loss: 5.8910 - val_accuracy: 0.3261 - 5s/epoch - 3ms/step
Epoch 40/100
1563/1563 - 5s - loss: 5.9640 - accuracy: 0.2772 - val_loss: 5.8356 - val_accuracy: 0.3142 - 5s/epoch - 3ms/step
Epoch 41/100
1563/1563 - 5s - loss: 5.8882 - accuracy: 0.2820 - val_loss: 5.7421 - val_accuracy: 0.3287 - 5s/epoch - 3ms/step
Epoch 42/100
1563/1563 - 5s - loss: 5.8208 - accuracy: 0.2786 - val_loss: 5.6887 - val_accuracy: 0.3200 - 5s/epoch - 3ms/step
Epoch 43/100
1563/1563 - 5s - loss: 5.7454 - accuracy: 0.2826 - val_loss: 5.6093 - val_accuracy: 0.3262 - 5s/epoch - 3ms/step
Epoch 44/100
1563/1563 - 5s - loss: 5.6812 - accuracy: 0.2826 - val_loss: 5.5865 - val_accuracy: 0.3069 - 5s/epoch - 3ms/step
Epoch 45/100
1563/1563 - 5s - loss: 5.6119 - accuracy: 0.2853 - val_loss: 5.4845 - val_accuracy: 0.3309 - 5s/epoch - 3ms/step
Epoch 46/100
1563/1563 - 5s - loss: 5.5450 - accuracy: 0.2859 - val_loss: 5.4245 - val_accuracy: 0.3311 - 5s/epoch - 3ms/step
Epoch 47/100
1563/1563 - 5s - loss: 5.4830 - accuracy: 0.2863 - val_loss: 5.3585 - val_accuracy: 0.3325 - 5s/epoch - 3ms/step
Epoch 48/100
1563/1563 - 5s - loss: 5.4175 - accuracy: 0.2881 - val_loss: 5.3061 - val_accuracy: 0.3233 - 5s/epoch - 3ms/step
Epoch 49/100
1563/1563 - 5s - loss: 5.3550 - accuracy: 0.2890 - val_loss: 5.2331 - val_accuracy: 0.3332 - 5s/epoch - 3ms/step
Epoch 50/100
1563/1563 - 5s - loss: 5.2907 - accuracy: 0.2939 - val_loss: 5.1783 - val_accuracy: 0.3355 - 5s/epoch - 3ms/step
Epoch 51/100
1563/1563 - 5s - loss: 5.2326 - accuracy: 0.2941 - val_loss: 5.1090 - val_accuracy: 0.3343 - 5s/epoch - 3ms/step
Epoch 52/100
1563/1563 - 5s - loss: 5.1740 - accuracy: 0.2937 - val_loss: 5.0977 - val_accuracy: 0.3291 - 5s/epoch - 3ms/step
Epoch 53/100
1563/1563 - 5s - loss: 5.1147 - accuracy: 0.2980 - val_loss: 4.9980 - val_accuracy: 0.3361 - 5s/epoch - 3ms/step
Epoch 54/100
1563/1563 - 5s - loss: 5.0623 - accuracy: 0.2975 - val_loss: 4.9664 - val_accuracy: 0.3323 - 5s/epoch - 3ms/step
Epoch 55/100
1563/1563 - 5s - loss: 5.0048 - accuracy: 0.2960 - val_loss: 4.9002 - val_accuracy: 0.3308 - 5s/epoch - 3ms/step
Epoch 56/100
1563/1563 - 5s - loss: 4.9504 - accuracy: 0.2968 - val_loss: 4.8473 - val_accuracy: 0.3384 - 5s/epoch - 3ms/step
Epoch 57/100
1563/1563 - 5s - loss: 4.8953 - accuracy: 0.3008 - val_loss: 4.7868 - val_accuracy: 0.3408 - 5s/epoch - 3ms/step
Epoch 58/100
1563/1563 - 5s - loss: 4.8420 - accuracy: 0.3009 - val_loss: 4.7314 - val_accuracy: 0.3401 - 5s/epoch - 3ms/step
Epoch 59/100
1563/1563 - 5s - loss: 4.7895 - accuracy: 0.3025 - val_loss: 4.6870 - val_accuracy: 0.3367 - 5s/epoch - 3ms/step
Epoch 60/100
1563/1563 - 5s - loss: 4.7386 - accuracy: 0.3058 - val_loss: 4.6583 - val_accuracy: 0.3378 - 5s/epoch - 3ms/step
Epoch 61/100
1563/1563 - 5s - loss: 4.6893 - accuracy: 0.3035 - val_loss: 4.5853 - val_accuracy: 0.3394 - 5s/epoch - 3ms/step
Epoch 62/100
1563/1563 - 5s - loss: 4.6408 - accuracy: 0.3052 - val_loss: 4.5369 - val_accuracy: 0.3443 - 5s/epoch - 3ms/step
Epoch 63/100
1563/1563 - 5s - loss: 4.5912 - accuracy: 0.3064 - val_loss: 4.4964 - val_accuracy: 0.3400 - 5s/epoch - 3ms/step
Epoch 64/100
1563/1563 - 5s - loss: 4.5441 - accuracy: 0.3057 - val_loss: 4.4543 - val_accuracy: 0.3454 - 5s/epoch - 3ms/step
Epoch 65/100
1563/1563 - 5s - loss: 4.5002 - accuracy: 0.3082 - val_loss: 4.4017 - val_accuracy: 0.3415 - 5s/epoch - 3ms/step
Epoch 66/100
1563/1563 - 5s - loss: 4.4517 - accuracy: 0.3118 - val_loss: 4.3550 - val_accuracy: 0.3435 - 5s/epoch - 3ms/step
Epoch 67/100
1563/1563 - 5s - loss: 4.4080 - accuracy: 0.3094 - val_loss: 4.3244 - val_accuracy: 0.3434 - 5s/epoch - 3ms/step
Epoch 68/100
1563/1563 - 5s - loss: 4.3623 - accuracy: 0.3076 - val_loss: 4.2805 - val_accuracy: 0.3362 - 5s/epoch - 3ms/step
Epoch 69/100
1563/1563 - 5s - loss: 4.3177 - accuracy: 0.3117 - val_loss: 4.2748 - val_accuracy: 0.3239 - 5s/epoch - 3ms/step
Epoch 70/100
1563/1563 - 5s - loss: 4.2810 - accuracy: 0.3116 - val_loss: 4.1872 - val_accuracy: 0.3480 - 5s/epoch - 3ms/step
Epoch 71/100
1563/1563 - 5s - loss: 4.2366 - accuracy: 0.3095 - val_loss: 4.1563 - val_accuracy: 0.3430 - 5s/epoch - 3ms/step
Epoch 72/100
1563/1563 - 5s - loss: 4.1959 - accuracy: 0.3161 - val_loss: 4.1080 - val_accuracy: 0.3447 - 5s/epoch - 3ms/step
Epoch 73/100
1563/1563 - 5s - loss: 4.1558 - accuracy: 0.3141 - val_loss: 4.1493 - val_accuracy: 0.3263 - 5s/epoch - 3ms/step
Epoch 74/100
1563/1563 - 5s - loss: 4.1173 - accuracy: 0.3146 - val_loss: 4.0279 - val_accuracy: 0.3536 - 5s/epoch - 3ms/step
Epoch 75/100
1563/1563 - 5s - loss: 4.0761 - accuracy: 0.3159 - val_loss: 3.9957 - val_accuracy: 0.3467 - 5s/epoch - 3ms/step
Epoch 76/100
1563/1563 - 5s - loss: 4.0379 - accuracy: 0.3186 - val_loss: 3.9609 - val_accuracy: 0.3446 - 5s/epoch - 3ms/step
Epoch 77/100
1563/1563 - 5s - loss: 4.0029 - accuracy: 0.3165 - val_loss: 3.9268 - val_accuracy: 0.3441 - 5s/epoch - 3ms/step
Epoch 78/100
1563/1563 - 5s - loss: 3.9637 - accuracy: 0.3208 - val_loss: 3.8873 - val_accuracy: 0.3492 - 5s/epoch - 3ms/step
Epoch 79/100
1563/1563 - 5s - loss: 3.9302 - accuracy: 0.3187 - val_loss: 3.8528 - val_accuracy: 0.3478 - 5s/epoch - 3ms/step
Epoch 80/100
1563/1563 - 5s - loss: 3.8951 - accuracy: 0.3195 - val_loss: 3.8162 - val_accuracy: 0.3513 - 5s/epoch - 3ms/step
Epoch 81/100
1563/1563 - 5s - loss: 3.8576 - accuracy: 0.3204 - val_loss: 3.7772 - val_accuracy: 0.3561 - 5s/epoch - 3ms/step
Epoch 82/100
1563/1563 - 5s - loss: 3.8231 - accuracy: 0.3230 - val_loss: 3.7444 - val_accuracy: 0.3522 - 5s/epoch - 3ms/step
Epoch 83/100
1563/1563 - 5s - loss: 3.7895 - accuracy: 0.3247 - val_loss: 3.7165 - val_accuracy: 0.3539 - 5s/epoch - 3ms/step
Epoch 84/100
1563/1563 - 5s - loss: 3.7568 - accuracy: 0.3248 - val_loss: 3.6966 - val_accuracy: 0.3488 - 5s/epoch - 3ms/step
Epoch 85/100
1563/1563 - 5s - loss: 3.7268 - accuracy: 0.3243 - val_loss: 3.6527 - val_accuracy: 0.3560 - 5s/epoch - 3ms/step
Epoch 86/100
1563/1563 - 5s - loss: 3.6932 - accuracy: 0.3233 - val_loss: 3.6432 - val_accuracy: 0.3483 - 5s/epoch - 3ms/step
Epoch 87/100
1563/1563 - 5s - loss: 3.6623 - accuracy: 0.3240 - val_loss: 3.5970 - val_accuracy: 0.3512 - 5s/epoch - 3ms/step
Epoch 88/100
1563/1563 - 5s - loss: 3.6324 - accuracy: 0.3255 - val_loss: 3.5799 - val_accuracy: 0.3453 - 5s/epoch - 3ms/step
Epoch 89/100
1563/1563 - 5s - loss: 3.6024 - accuracy: 0.3268 - val_loss: 3.5273 - val_accuracy: 0.3565 - 5s/epoch - 3ms/step
Epoch 90/100
1563/1563 - 5s - loss: 3.5725 - accuracy: 0.3278 - val_loss: 3.5006 - val_accuracy: 0.3538 - 5s/epoch - 3ms/step
Epoch 91/100
1563/1563 - 5s - loss: 3.5416 - accuracy: 0.3268 - val_loss: 3.4733 - val_accuracy: 0.3546 - 5s/epoch - 3ms/step
Epoch 92/100
1563/1563 - 5s - loss: 3.5125 - accuracy: 0.3289 - val_loss: 3.4428 - val_accuracy: 0.3562 - 5s/epoch - 3ms/step
Epoch 93/100
1563/1563 - 5s - loss: 3.4844 - accuracy: 0.3293 - val_loss: 3.4135 - val_accuracy: 0.3579 - 5s/epoch - 3ms/step
Epoch 94/100
1563/1563 - 5s - loss: 3.4578 - accuracy: 0.3306 - val_loss: 3.4030 - val_accuracy: 0.3521 - 5s/epoch - 3ms/step
Epoch 95/100
1563/1563 - 5s - loss: 3.4321 - accuracy: 0.3287 - val_loss: 3.3628 - val_accuracy: 0.3546 - 5s/epoch - 3ms/step
Epoch 96/100
1563/1563 - 5s - loss: 3.4026 - accuracy: 0.3300 - val_loss: 3.3357 - val_accuracy: 0.3584 - 5s/epoch - 3ms/step
Epoch 97/100
1563/1563 - 5s - loss: 3.3777 - accuracy: 0.3306 - val_loss: 3.3093 - val_accuracy: 0.3576 - 5s/epoch - 3ms/step
Epoch 98/100
1563/1563 - 5s - loss: 3.3490 - accuracy: 0.3317 - val_loss: 3.2835 - val_accuracy: 0.3590 - 5s/epoch - 3ms/step
Epoch 99/100
1563/1563 - 5s - loss: 3.3251 - accuracy: 0.3329 - val_loss: 3.2716 - val_accuracy: 0.3546 - 5s/epoch - 3ms/step
Epoch 100/100
1563/1563 - 5s - loss: 3.3018 - accuracy: 0.3320 - val_loss: 3.2433 - val_accuracy: 0.3583 - 5s/epoch - 3ms/step
313/313 - 0s - loss: 3.2433 - accuracy: 0.3583 - 454ms/epoch - 1ms/step

ACCURACY: 0.35830000042915344


SCORE: -0.5432801683004074

[92m | MODULE VALUES ---------------------------------------------  |
 [0m
FLOPS: 3764916
PARAMS: 172922.0
[92m 
 | -----------------------------------------------------------  |
 [0m

--- BANANAS ITERATION 11 / 1000 ---
Chosen point: {'num_neurons': 16, 'unit_c1': 4, 'unit_c2': 7, 'dr_f': 0.49217184007082904, 'learning_rate': 0.0009062391992500989, 'batch_size': 32, 'optimizer': 'Adagrad', 'activation': 'swish', 'data_augmentation': False, 'reg_l2': False, 'skip_connection': False, 'new_fc_1': 24, 'new_fc_2': 30, 'new_fc_3': 23, 'new_fc_4': 23, 'new_fc_5': 13, 'new_fc_6': 17, 'new_fc_7': 15, 'new_fc_8': 31, 'new_fc_9': 14, 'new_fc_10': 30}
[94m
|  --> START TRAINING ITERATION 10[0m
[INFO] Flags -> DA: False, L2: False, Skip: False
Building model with input_shape=(32, 32, 3), pos_input_shape=None, layer_x_block=2
Model: "model"
_________________________________________________________________
 Layer (type)                Output Shape              Param #   
=================================================================
 input_1 (InputLayer)        [(None, 32, 32, 3)]       0         
                                                                 
 conv2d (Conv2D)             (None, 32, 32, 64)        1792      
                                                                 
 activation (Activation)     (None, 32, 32, 64)        0         
                                                                 
 conv2d_1 (Conv2D)           (None, 32, 32, 64)        36928     
                                                                 
 activation_1 (Activation)   (None, 32, 32, 64)        0         
                                                                 
 max_pooling2d (MaxPooling2  (None, 16, 16, 64)        0         
 D)                                                              
                                                                 
 conv2d_2 (Conv2D)           (None, 16, 16, 112)       64624     
                                                                 
 activation_2 (Activation)   (None, 16, 16, 112)       0         
                                                                 
 conv2d_3 (Conv2D)           (None, 16, 16, 112)       113008    
                                                                 
 activation_3 (Activation)   (None, 16, 16, 112)       0         
                                                                 
 max_pooling2d_1 (MaxPoolin  (None, 8, 8, 112)         0         
 g2D)                                                            
                                                                 
 flatten (Flatten)           (None, 7168)              0         
                                                                 
 dense (Dense)               (None, 384)               2752896   
                                                                 
 activation_4 (Activation)   (None, 384)               0         
                                                                 
 dropout (Dropout)           (None, 384)               0         
                                                                 
 dense_1 (Dense)             (None, 480)               184800    
                                                                 
 activation_5 (Activation)   (None, 480)               0         
                                                                 
 dropout_1 (Dropout)         (None, 480)               0         
                                                                 
 dense_2 (Dense)             (None, 368)               177008    
                                                                 
 activation_6 (Activation)   (None, 368)               0         
                                                                 
 dropout_2 (Dropout)         (None, 368)               0         
                                                                 
 dense_3 (Dense)             (None, 368)               135792    
                                                                 
 activation_7 (Activation)   (None, 368)               0         
                                                                 
 dropout_3 (Dropout)         (None, 368)               0         
                                                                 
 dense_4 (Dense)             (None, 208)               76752     
                                                                 
 activation_8 (Activation)   (None, 208)               0         
                                                                 
 dropout_4 (Dropout)         (None, 208)               0         
                                                                 
 dense_5 (Dense)             (None, 272)               56848     
                                                                 
 activation_9 (Activation)   (None, 272)               0         
                                                                 
 dropout_5 (Dropout)         (None, 272)               0         
                                                                 
 dense_6 (Dense)             (None, 240)               65520     
                                                                 
 activation_10 (Activation)  (None, 240)               0         
                                                                 
 dropout_6 (Dropout)         (None, 240)               0         
                                                                 
 dense_7 (Dense)             (None, 496)               119536    
                                                                 
 activation_11 (Activation)  (None, 496)               0         
                                                                 
 dropout_7 (Dropout)         (None, 496)               0         
                                                                 
 dense_8 (Dense)             (None, 224)               111328    
                                                                 
 activation_12 (Activation)  (None, 224)               0         
                                                                 
 dropout_8 (Dropout)         (None, 224)               0         
                                                                 
 dense_9 (Dense)             (None, 480)               108000    
                                                                 
 activation_13 (Activation)  (None, 480)               0         
                                                                 
 dropout_9 (Dropout)         (None, 480)               0         
                                                                 
 dense_10 (Dense)            (None, 10)                4810      
                                                                 
=================================================================
Total params: 4009642 (15.30 MB)
Trainable params: 4009642 (15.30 MB)
Non-trainable params: 0 (0.00 Byte)
_________________________________________________________________
[WARNING] Constraint Violated: FLOPs 178118908 > 150000000 or Params 4009642.0 > 15000000000

ACCURACY: 0.0


SCORE: 10000000000.0

[92m | MODULE VALUES ---------------------------------------------  |
 [0m
FLOPS: 178118908
PARAMS: 4009642.0
[92m 
 | -----------------------------------------------------------  |
 [0m

--- BANANAS ITERATION 12 / 1000 ---
Chosen point: {'num_neurons': 8, 'unit_c1': 3, 'unit_c2': 7, 'dr_f': 0.43225808407508015, 'learning_rate': 0.00031165267243378724, 'batch_size': 64, 'optimizer': 'Adadelta', 'activation': 'elu', 'data_augmentation': True, 'reg_l2': False, 'skip_connection': False, 'new_fc_1': 30, 'new_fc_2': 18, 'new_fc_3': 14, 'new_fc_4': 23, 'new_fc_5': 17, 'new_fc_6': 29, 'new_fc_7': 0, 'new_fc_8': 14, 'new_fc_9': 31, 'new_fc_10': 0}
[94m
|  --> START TRAINING ITERATION 11[0m
[INFO] Flags -> DA: True, L2: False, Skip: False
Building model with input_shape=(32, 32, 3), pos_input_shape=None, layer_x_block=2
Model: "model"
_________________________________________________________________
 Layer (type)                Output Shape              Param #   
=================================================================
 input_2 (InputLayer)        [(None, 32, 32, 3)]       0         
                                                                 
 conv2d (Conv2D)             (None, 32, 32, 24)        672       
                                                                 
 activation (Activation)     (None, 32, 32, 24)        0         
                                                                 
 conv2d_1 (Conv2D)           (None, 32, 32, 24)        5208      
                                                                 
 activation_1 (Activation)   (None, 32, 32, 24)        0         
                                                                 
 max_pooling2d (MaxPooling2  (None, 16, 16, 24)        0         
 D)                                                              
                                                                 
 conv2d_2 (Conv2D)           (None, 16, 16, 56)        12152     
                                                                 
 activation_2 (Activation)   (None, 16, 16, 56)        0         
                                                                 
 conv2d_3 (Conv2D)           (None, 16, 16, 56)        28280     
                                                                 
 activation_3 (Activation)   (None, 16, 16, 56)        0         
                                                                 
 max_pooling2d_1 (MaxPoolin  (None, 8, 8, 56)          0         
 g2D)                                                            
                                                                 
 flatten (Flatten)           (None, 3584)              0         
                                                                 
 dense (Dense)               (None, 240)               860400    
                                                                 
 activation_4 (Activation)   (None, 240)               0         
                                                                 
 dropout (Dropout)           (None, 240)               0         
                                                                 
 dense_1 (Dense)             (None, 144)               34704     
                                                                 
 activation_5 (Activation)   (None, 144)               0         
                                                                 
 dropout_1 (Dropout)         (None, 144)               0         
                                                                 
 dense_2 (Dense)             (None, 112)               16240     
                                                                 
 activation_6 (Activation)   (None, 112)               0         
                                                                 
 dropout_2 (Dropout)         (None, 112)               0         
                                                                 
 dense_3 (Dense)             (None, 184)               20792     
                                                                 
 activation_7 (Activation)   (None, 184)               0         
                                                                 
 dropout_3 (Dropout)         (None, 184)               0         
                                                                 
 dense_4 (Dense)             (None, 136)               25160     
                                                                 
 activation_8 (Activation)   (None, 136)               0         
                                                                 
 dropout_4 (Dropout)         (None, 136)               0         
                                                                 
 dense_5 (Dense)             (None, 232)               31784     
                                                                 
 activation_9 (Activation)   (None, 232)               0         
                                                                 
 dropout_5 (Dropout)         (None, 232)               0         
                                                                 
 dense_6 (Dense)             (None, 112)               26096     
                                                                 
 activation_10 (Activation)  (None, 112)               0         
                                                                 
 dropout_6 (Dropout)         (None, 112)               0         
                                                                 
 dense_7 (Dense)             (None, 248)               28024     
                                                                 
 activation_11 (Activation)  (None, 248)               0         
                                                                 
 dropout_7 (Dropout)         (None, 248)               0         
                                                                 
 dense_8 (Dense)             (None, 10)                2490      
                                                                 
=================================================================
Total params: 1092002 (4.17 MB)
Trainable params: 1092002 (4.17 MB)
Non-trainable params: 0 (0.00 Byte)
_________________________________________________________________
Epoch 1/100
782/782 - 6s - loss: 2.4528 - accuracy: 0.1003 - val_loss: 2.3022 - val_accuracy: 0.0935 - 6s/epoch - 8ms/step
Epoch 2/100
782/782 - 4s - loss: 2.4226 - accuracy: 0.1001 - val_loss: 2.2999 - val_accuracy: 0.0987 - 4s/epoch - 5ms/step
Epoch 3/100
782/782 - 4s - loss: 2.4028 - accuracy: 0.1013 - val_loss: 2.2978 - val_accuracy: 0.1040 - 4s/epoch - 5ms/step
Epoch 4/100
782/782 - 4s - loss: 2.3870 - accuracy: 0.1034 - val_loss: 2.2959 - val_accuracy: 0.1141 - 4s/epoch - 5ms/step
Epoch 5/100
782/782 - 4s - loss: 2.3820 - accuracy: 0.1018 - val_loss: 2.2940 - val_accuracy: 0.1177 - 4s/epoch - 5ms/step
Epoch 6/100
782/782 - 4s - loss: 2.3719 - accuracy: 0.1038 - val_loss: 2.2923 - val_accuracy: 0.1244 - 4s/epoch - 5ms/step
Epoch 7/100
782/782 - 4s - loss: 2.3632 - accuracy: 0.1032 - val_loss: 2.2907 - val_accuracy: 0.1292 - 4s/epoch - 5ms/step
Epoch 8/100
782/782 - 4s - loss: 2.3589 - accuracy: 0.1042 - val_loss: 2.2890 - val_accuracy: 0.1346 - 4s/epoch - 5ms/step
Epoch 9/100
782/782 - 4s - loss: 2.3545 - accuracy: 0.1062 - val_loss: 2.2873 - val_accuracy: 0.1434 - 4s/epoch - 5ms/step
Epoch 10/100
782/782 - 4s - loss: 2.3505 - accuracy: 0.1060 - val_loss: 2.2855 - val_accuracy: 0.1528 - 4s/epoch - 5ms/step
Epoch 11/100
782/782 - 4s - loss: 2.3489 - accuracy: 0.1065 - val_loss: 2.2837 - val_accuracy: 0.1602 - 4s/epoch - 5ms/step
Epoch 12/100
782/782 - 4s - loss: 2.3421 - accuracy: 0.1076 - val_loss: 2.2819 - val_accuracy: 0.1673 - 4s/epoch - 5ms/step
Epoch 13/100
782/782 - 4s - loss: 2.3416 - accuracy: 0.1074 - val_loss: 2.2800 - val_accuracy: 0.1733 - 4s/epoch - 5ms/step
Epoch 14/100
782/782 - 4s - loss: 2.3371 - accuracy: 0.1108 - val_loss: 2.2780 - val_accuracy: 0.1785 - 4s/epoch - 5ms/step
Epoch 15/100
782/782 - 4s - loss: 2.3363 - accuracy: 0.1091 - val_loss: 2.2760 - val_accuracy: 0.1843 - 4s/epoch - 5ms/step
Epoch 16/100
782/782 - 4s - loss: 2.3307 - accuracy: 0.1130 - val_loss: 2.2740 - val_accuracy: 0.1911 - 4s/epoch - 5ms/step
Epoch 17/100
782/782 - 4s - loss: 2.3321 - accuracy: 0.1120 - val_loss: 2.2719 - val_accuracy: 0.1994 - 4s/epoch - 5ms/step
Epoch 18/100
782/782 - 4s - loss: 2.3284 - accuracy: 0.1132 - val_loss: 2.2696 - val_accuracy: 0.2023 - 4s/epoch - 5ms/step
Epoch 19/100
782/782 - 4s - loss: 2.3251 - accuracy: 0.1151 - val_loss: 2.2672 - val_accuracy: 0.2073 - 4s/epoch - 5ms/step
Epoch 20/100
782/782 - 4s - loss: 2.3213 - accuracy: 0.1161 - val_loss: 2.2647 - val_accuracy: 0.2128 - 4s/epoch - 5ms/step
Epoch 21/100
782/782 - 4s - loss: 2.3203 - accuracy: 0.1138 - val_loss: 2.2622 - val_accuracy: 0.2171 - 4s/epoch - 5ms/step
Epoch 22/100
782/782 - 4s - loss: 2.3172 - accuracy: 0.1188 - val_loss: 2.2594 - val_accuracy: 0.2205 - 4s/epoch - 5ms/step
Epoch 23/100
782/782 - 4s - loss: 2.3158 - accuracy: 0.1199 - val_loss: 2.2566 - val_accuracy: 0.2233 - 4s/epoch - 5ms/step
Epoch 24/100
782/782 - 4s - loss: 2.3110 - accuracy: 0.1218 - val_loss: 2.2537 - val_accuracy: 0.2244 - 4s/epoch - 5ms/step
Epoch 25/100
782/782 - 4s - loss: 2.3107 - accuracy: 0.1205 - val_loss: 2.2505 - val_accuracy: 0.2286 - 4s/epoch - 5ms/step
Epoch 26/100
782/782 - 4s - loss: 2.3077 - accuracy: 0.1225 - val_loss: 2.2473 - val_accuracy: 0.2298 - 4s/epoch - 5ms/step
Epoch 27/100
782/782 - 4s - loss: 2.3042 - accuracy: 0.1253 - val_loss: 2.2438 - val_accuracy: 0.2304 - 4s/epoch - 5ms/step
Epoch 28/100
782/782 - 4s - loss: 2.3031 - accuracy: 0.1269 - val_loss: 2.2401 - val_accuracy: 0.2298 - 4s/epoch - 5ms/step
Epoch 29/100
782/782 - 4s - loss: 2.2978 - accuracy: 0.1299 - val_loss: 2.2363 - val_accuracy: 0.2344 - 4s/epoch - 5ms/step
Epoch 30/100
782/782 - 4s - loss: 2.2968 - accuracy: 0.1288 - val_loss: 2.2322 - val_accuracy: 0.2338 - 4s/epoch - 5ms/step
Epoch 31/100
782/782 - 4s - loss: 2.2942 - accuracy: 0.1308 - val_loss: 2.2280 - val_accuracy: 0.2334 - 4s/epoch - 5ms/step
Epoch 32/100
782/782 - 4s - loss: 2.2887 - accuracy: 0.1374 - val_loss: 2.2235 - val_accuracy: 0.2307 - 4s/epoch - 5ms/step
Epoch 33/100
782/782 - 4s - loss: 2.2888 - accuracy: 0.1372 - val_loss: 2.2188 - val_accuracy: 0.2304 - 4s/epoch - 5ms/step
Epoch 34/100
782/782 - 4s - loss: 2.2838 - accuracy: 0.1373 - val_loss: 2.2139 - val_accuracy: 0.2294 - 4s/epoch - 5ms/step
Epoch 35/100
782/782 - 4s - loss: 2.2821 - accuracy: 0.1360 - val_loss: 2.2089 - val_accuracy: 0.2296 - 4s/epoch - 5ms/step
Epoch 36/100
782/782 - 4s - loss: 2.2772 - accuracy: 0.1374 - val_loss: 2.2035 - val_accuracy: 0.2288 - 4s/epoch - 5ms/step
Epoch 37/100
782/782 - 4s - loss: 2.2727 - accuracy: 0.1415 - val_loss: 2.1981 - val_accuracy: 0.2281 - 4s/epoch - 5ms/step
Epoch 38/100
782/782 - 4s - loss: 2.2706 - accuracy: 0.1418 - val_loss: 2.1922 - val_accuracy: 0.2255 - 4s/epoch - 5ms/step
Epoch 39/100
782/782 - 4s - loss: 2.2674 - accuracy: 0.1443 - val_loss: 2.1862 - val_accuracy: 0.2249 - 4s/epoch - 5ms/step
Epoch 40/100
782/782 - 4s - loss: 2.2631 - accuracy: 0.1473 - val_loss: 2.1802 - val_accuracy: 0.2263 - 4s/epoch - 5ms/step
Epoch 41/100
782/782 - 4s - loss: 2.2589 - accuracy: 0.1452 - val_loss: 2.1739 - val_accuracy: 0.2234 - 4s/epoch - 5ms/step
Epoch 42/100
782/782 - 4s - loss: 2.2545 - accuracy: 0.1506 - val_loss: 2.1676 - val_accuracy: 0.2219 - 4s/epoch - 5ms/step
Epoch 43/100
782/782 - 4s - loss: 2.2488 - accuracy: 0.1527 - val_loss: 2.1612 - val_accuracy: 0.2192 - 4s/epoch - 5ms/step
Epoch 44/100
782/782 - 4s - loss: 2.2461 - accuracy: 0.1546 - val_loss: 2.1548 - val_accuracy: 0.2206 - 4s/epoch - 5ms/step
Epoch 45/100
782/782 - 4s - loss: 2.2424 - accuracy: 0.1545 - val_loss: 2.1483 - val_accuracy: 0.2192 - 4s/epoch - 5ms/step
Epoch 46/100
782/782 - 4s - loss: 2.2362 - accuracy: 0.1585 - val_loss: 2.1419 - val_accuracy: 0.2182 - 4s/epoch - 5ms/step
Epoch 47/100
782/782 - 4s - loss: 2.2336 - accuracy: 0.1574 - val_loss: 2.1355 - val_accuracy: 0.2164 - 4s/epoch - 5ms/step
Epoch 48/100
782/782 - 4s - loss: 2.2269 - accuracy: 0.1632 - val_loss: 2.1291 - val_accuracy: 0.2157 - 4s/epoch - 5ms/step
Epoch 49/100
782/782 - 4s - loss: 2.2223 - accuracy: 0.1617 - val_loss: 2.1225 - val_accuracy: 0.2165 - 4s/epoch - 5ms/step
Epoch 50/100
782/782 - 4s - loss: 2.2201 - accuracy: 0.1645 - val_loss: 2.1164 - val_accuracy: 0.2157 - 4s/epoch - 5ms/step
Epoch 51/100
782/782 - 4s - loss: 2.2130 - accuracy: 0.1656 - val_loss: 2.1100 - val_accuracy: 0.2162 - 4s/epoch - 5ms/step
Epoch 52/100
782/782 - 4s - loss: 2.2107 - accuracy: 0.1682 - val_loss: 2.1040 - val_accuracy: 0.2154 - 4s/epoch - 5ms/step
Epoch 53/100
782/782 - 4s - loss: 2.2071 - accuracy: 0.1693 - val_loss: 2.0982 - val_accuracy: 0.2134 - 4s/epoch - 5ms/step
Epoch 54/100
782/782 - 4s - loss: 2.2048 - accuracy: 0.1691 - val_loss: 2.0925 - val_accuracy: 0.2148 - 4s/epoch - 5ms/step
Epoch 55/100
782/782 - 4s - loss: 2.1976 - accuracy: 0.1715 - val_loss: 2.0869 - val_accuracy: 0.2138 - 4s/epoch - 5ms/step
Epoch 56/100
782/782 - 4s - loss: 2.1929 - accuracy: 0.1724 - val_loss: 2.0817 - val_accuracy: 0.2140 - 4s/epoch - 5ms/step
Epoch 57/100
782/782 - 4s - loss: 2.1898 - accuracy: 0.1760 - val_loss: 2.0764 - val_accuracy: 0.2133 - 4s/epoch - 5ms/step
Epoch 58/100
782/782 - 4s - loss: 2.1882 - accuracy: 0.1733 - val_loss: 2.0716 - val_accuracy: 0.2136 - 4s/epoch - 5ms/step
Epoch 59/100
Restoring model weights from the end of the best epoch: 29.
782/782 - 4s - loss: 2.1842 - accuracy: 0.1766 - val_loss: 2.0666 - val_accuracy: 0.2148 - 4s/epoch - 5ms/step
Epoch 59: early stopping
313/313 - 1s - loss: 2.2363 - accuracy: 0.2341 - 622ms/epoch - 2ms/step

ACCURACY: 0.23409999907016754


SCORE: -0.3942809513491173

[92m | MODULE VALUES ---------------------------------------------  |
 [0m
FLOPS: 34794524
PARAMS: 1092002.0
[92m 
 | -----------------------------------------------------------  |
 [0m

--- BANANAS ITERATION 13 / 1000 ---
Chosen point: {'num_neurons': 4, 'unit_c1': 4, 'unit_c2': 2, 'dr_f': 0.19666005643600104, 'learning_rate': 0.00010518808988406242, 'batch_size': 64, 'optimizer': 'SGD', 'activation': 'elu', 'data_augmentation': True, 'reg_l2': False, 'skip_connection': True, 'new_fc_1': 13, 'new_fc_2': 19, 'new_fc_3': 15, 'new_fc_4': 19, 'new_fc_5': 31, 'new_fc_6': 24, 'new_fc_7': 28, 'new_fc_8': 28, 'new_fc_9': 32, 'new_fc_10': 14}
[94m
|  --> START TRAINING ITERATION 12[0m
[INFO] Flags -> DA: True, L2: False, Skip: True
Building model with input_shape=(32, 32, 3), pos_input_shape=None, layer_x_block=2
Model: "model"
__________________________________________________________________________________________________
 Layer (type)                Output Shape                 Param #   Connected to                  
==================================================================================================
 input_2 (InputLayer)        [(None, 32, 32, 3)]          0         []                            
                                                                                                  
 conv2d (Conv2D)             (None, 32, 32, 16)           448       ['input_2[0][0]']             
                                                                                                  
 activation (Activation)     (None, 32, 32, 16)           0         ['conv2d[1][0]']              
                                                                                                  
 conv2d_2 (Conv2D)           (None, 32, 32, 16)           64        ['input_2[0][0]']             
                                                                                                  
 conv2d_1 (Conv2D)           (None, 32, 32, 16)           2320      ['activation[1][0]']          
                                                                                                  
 add (Add)                   (None, 32, 32, 16)           0         ['conv2d_2[1][0]',            
                                                                     'conv2d_1[1][0]']            
                                                                                                  
 activation_1 (Activation)   (None, 32, 32, 16)           0         ['add[1][0]']                 
                                                                                                  
 max_pooling2d (MaxPooling2  (None, 16, 16, 16)           0         ['activation_1[1][0]']        
 D)                                                                                               
                                                                                                  
 conv2d_3 (Conv2D)           (None, 16, 16, 8)            1160      ['max_pooling2d[1][0]']       
                                                                                                  
 activation_2 (Activation)   (None, 16, 16, 8)            0         ['conv2d_3[1][0]']            
                                                                                                  
 conv2d_5 (Conv2D)           (None, 16, 16, 8)            136       ['max_pooling2d[1][0]']       
                                                                                                  
 conv2d_4 (Conv2D)           (None, 16, 16, 8)            584       ['activation_2[1][0]']        
                                                                                                  
 add_1 (Add)                 (None, 16, 16, 8)            0         ['conv2d_5[1][0]',            
                                                                     'conv2d_4[1][0]']            
                                                                                                  
 activation_3 (Activation)   (None, 16, 16, 8)            0         ['add_1[1][0]']               
                                                                                                  
 max_pooling2d_1 (MaxPoolin  (None, 8, 8, 8)              0         ['activation_3[1][0]']        
 g2D)                                                                                             
                                                                                                  
 flatten (Flatten)           (None, 512)                  0         ['max_pooling2d_1[1][0]']     
                                                                                                  
 dense (Dense)               (None, 52)                   26676     ['flatten[1][0]']             
                                                                                                  
 activation_4 (Activation)   (None, 52)                   0         ['dense[1][0]']               
                                                                                                  
 dropout (Dropout)           (None, 52)                   0         ['activation_4[1][0]']        
                                                                                                  
 dense_1 (Dense)             (None, 76)                   4028      ['dropout[1][0]']             
                                                                                                  
 activation_5 (Activation)   (None, 76)                   0         ['dense_1[1][0]']             
                                                                                                  
 dropout_1 (Dropout)         (None, 76)                   0         ['activation_5[1][0]']        
                                                                                                  
 dense_2 (Dense)             (None, 60)                   4620      ['dropout_1[1][0]']           
                                                                                                  
 activation_6 (Activation)   (None, 60)                   0         ['dense_2[1][0]']             
                                                                                                  
 dropout_2 (Dropout)         (None, 60)                   0         ['activation_6[1][0]']        
                                                                                                  
 dense_3 (Dense)             (None, 76)                   4636      ['dropout_2[1][0]']           
                                                                                                  
 activation_7 (Activation)   (None, 76)                   0         ['dense_3[1][0]']             
                                                                                                  
 dropout_3 (Dropout)         (None, 76)                   0         ['activation_7[1][0]']        
                                                                                                  
 dense_4 (Dense)             (None, 124)                  9548      ['dropout_3[1][0]']           
                                                                                                  
 activation_8 (Activation)   (None, 124)                  0         ['dense_4[1][0]']             
                                                                                                  
 dropout_4 (Dropout)         (None, 124)                  0         ['activation_8[1][0]']        
                                                                                                  
 dense_5 (Dense)             (None, 96)                   12000     ['dropout_4[1][0]']           
                                                                                                  
 activation_9 (Activation)   (None, 96)                   0         ['dense_5[1][0]']             
                                                                                                  
 dropout_5 (Dropout)         (None, 96)                   0         ['activation_9[1][0]']        
                                                                                                  
 dense_6 (Dense)             (None, 112)                  10864     ['dropout_5[1][0]']           
                                                                                                  
 activation_10 (Activation)  (None, 112)                  0         ['dense_6[1][0]']             
                                                                                                  
 dropout_6 (Dropout)         (None, 112)                  0         ['activation_10[1][0]']       
                                                                                                  
 dense_7 (Dense)             (None, 112)                  12656     ['dropout_6[1][0]']           
                                                                                                  
 activation_11 (Activation)  (None, 112)                  0         ['dense_7[1][0]']             
                                                                                                  
 dropout_7 (Dropout)         (None, 112)                  0         ['activation_11[1][0]']       
                                                                                                  
 dense_8 (Dense)             (None, 128)                  14464     ['dropout_7[1][0]']           
                                                                                                  
 activation_12 (Activation)  (None, 128)                  0         ['dense_8[1][0]']             
                                                                                                  
 dropout_8 (Dropout)         (None, 128)                  0         ['activation_12[1][0]']       
                                                                                                  
 dense_9 (Dense)             (None, 56)                   7224      ['dropout_8[1][0]']           
                                                                                                  
 activation_13 (Activation)  (None, 56)                   0         ['dense_9[1][0]']             
                                                                                                  
 dropout_9 (Dropout)         (None, 56)                   0         ['activation_13[1][0]']       
                                                                                                  
 dense_10 (Dense)            (None, 10)                   570       ['dropout_9[1][0]']           
                                                                                                  
==================================================================================================
Total params: 111998 (437.49 KB)
Trainable params: 111998 (437.49 KB)
Non-trainable params: 0 (0.00 Byte)
__________________________________________________________________________________________________
Epoch 1/100
782/782 - 6s - loss: 2.4583 - accuracy: 0.1017 - val_loss: 2.3080 - val_accuracy: 0.1022 - 6s/epoch - 7ms/step
Epoch 2/100
782/782 - 3s - loss: 2.4276 - accuracy: 0.1026 - val_loss: 2.2980 - val_accuracy: 0.1095 - 3s/epoch - 4ms/step
Epoch 3/100
782/782 - 3s - loss: 2.4108 - accuracy: 0.1024 - val_loss: 2.2916 - val_accuracy: 0.1184 - 3s/epoch - 4ms/step
Epoch 4/100
782/782 - 3s - loss: 2.3908 - accuracy: 0.1049 - val_loss: 2.2857 - val_accuracy: 0.1223 - 3s/epoch - 4ms/step
Epoch 5/100
782/782 - 3s - loss: 2.3772 - accuracy: 0.1069 - val_loss: 2.2795 - val_accuracy: 0.1258 - 3s/epoch - 4ms/step
Epoch 6/100
782/782 - 3s - loss: 2.3621 - accuracy: 0.1099 - val_loss: 2.2730 - val_accuracy: 0.1323 - 3s/epoch - 4ms/step
Epoch 7/100
782/782 - 3s - loss: 2.3540 - accuracy: 0.1108 - val_loss: 2.2652 - val_accuracy: 0.1487 - 3s/epoch - 4ms/step
Epoch 8/100
782/782 - 3s - loss: 2.3460 - accuracy: 0.1129 - val_loss: 2.2571 - val_accuracy: 0.1659 - 3s/epoch - 4ms/step
Epoch 9/100
782/782 - 3s - loss: 2.3337 - accuracy: 0.1165 - val_loss: 2.2474 - val_accuracy: 0.1811 - 3s/epoch - 4ms/step
Epoch 10/100
782/782 - 3s - loss: 2.3219 - accuracy: 0.1190 - val_loss: 2.2367 - val_accuracy: 0.1935 - 3s/epoch - 4ms/step
Epoch 11/100
782/782 - 3s - loss: 2.3075 - accuracy: 0.1279 - val_loss: 2.2245 - val_accuracy: 0.2077 - 3s/epoch - 4ms/step
Epoch 12/100
782/782 - 3s - loss: 2.2978 - accuracy: 0.1278 - val_loss: 2.2103 - val_accuracy: 0.2159 - 3s/epoch - 4ms/step
Epoch 13/100
782/782 - 3s - loss: 2.2777 - accuracy: 0.1382 - val_loss: 2.1943 - val_accuracy: 0.2216 - 3s/epoch - 4ms/step
Epoch 14/100
782/782 - 3s - loss: 2.2628 - accuracy: 0.1412 - val_loss: 2.1763 - val_accuracy: 0.2262 - 3s/epoch - 4ms/step
Epoch 15/100
782/782 - 3s - loss: 2.2495 - accuracy: 0.1499 - val_loss: 2.1572 - val_accuracy: 0.2281 - 3s/epoch - 4ms/step
Epoch 16/100
782/782 - 3s - loss: 2.2310 - accuracy: 0.1578 - val_loss: 2.1381 - val_accuracy: 0.2295 - 3s/epoch - 4ms/step
Epoch 17/100
782/782 - 3s - loss: 2.2149 - accuracy: 0.1620 - val_loss: 2.1193 - val_accuracy: 0.2279 - 3s/epoch - 4ms/step
Epoch 18/100
782/782 - 3s - loss: 2.2031 - accuracy: 0.1652 - val_loss: 2.1027 - val_accuracy: 0.2231 - 3s/epoch - 4ms/step
Epoch 19/100
782/782 - 3s - loss: 2.1868 - accuracy: 0.1685 - val_loss: 2.0876 - val_accuracy: 0.2231 - 3s/epoch - 4ms/step
Epoch 20/100
782/782 - 3s - loss: 2.1725 - accuracy: 0.1751 - val_loss: 2.0749 - val_accuracy: 0.2239 - 3s/epoch - 4ms/step
Epoch 21/100
782/782 - 3s - loss: 2.1580 - accuracy: 0.1791 - val_loss: 2.0639 - val_accuracy: 0.2283 - 3s/epoch - 4ms/step
Epoch 22/100
782/782 - 3s - loss: 2.1528 - accuracy: 0.1793 - val_loss: 2.0546 - val_accuracy: 0.2302 - 3s/epoch - 4ms/step
Epoch 23/100
782/782 - 3s - loss: 2.1461 - accuracy: 0.1827 - val_loss: 2.0466 - val_accuracy: 0.2317 - 3s/epoch - 4ms/step
Epoch 24/100
782/782 - 3s - loss: 2.1390 - accuracy: 0.1833 - val_loss: 2.0399 - val_accuracy: 0.2319 - 3s/epoch - 4ms/step
Epoch 25/100
782/782 - 3s - loss: 2.1336 - accuracy: 0.1826 - val_loss: 2.0338 - val_accuracy: 0.2345 - 3s/epoch - 4ms/step
Epoch 26/100
782/782 - 3s - loss: 2.1253 - accuracy: 0.1866 - val_loss: 2.0283 - val_accuracy: 0.2332 - 3s/epoch - 4ms/step
Epoch 27/100
782/782 - 3s - loss: 2.1201 - accuracy: 0.1896 - val_loss: 2.0229 - val_accuracy: 0.2351 - 3s/epoch - 4ms/step
Epoch 28/100
782/782 - 3s - loss: 2.1132 - accuracy: 0.1925 - val_loss: 2.0178 - val_accuracy: 0.2357 - 3s/epoch - 4ms/step
Epoch 29/100
782/782 - 3s - loss: 2.1108 - accuracy: 0.1918 - val_loss: 2.0131 - val_accuracy: 0.2363 - 3s/epoch - 4ms/step
Epoch 30/100
782/782 - 3s - loss: 2.1060 - accuracy: 0.1941 - val_loss: 2.0082 - val_accuracy: 0.2377 - 3s/epoch - 4ms/step
Epoch 31/100
782/782 - 3s - loss: 2.1011 - accuracy: 0.1934 - val_loss: 2.0030 - val_accuracy: 0.2410 - 3s/epoch - 4ms/step
Epoch 32/100
782/782 - 3s - loss: 2.1012 - accuracy: 0.1929 - val_loss: 1.9979 - val_accuracy: 0.2452 - 3s/epoch - 4ms/step
Epoch 33/100
782/782 - 3s - loss: 2.0928 - accuracy: 0.1963 - val_loss: 1.9937 - val_accuracy: 0.2473 - 3s/epoch - 4ms/step
Epoch 34/100
782/782 - 3s - loss: 2.0868 - accuracy: 0.2020 - val_loss: 1.9877 - val_accuracy: 0.2551 - 3s/epoch - 4ms/step
Epoch 35/100
782/782 - 3s - loss: 2.0863 - accuracy: 0.2004 - val_loss: 1.9825 - val_accuracy: 0.2582 - 3s/epoch - 4ms/step
Epoch 36/100
782/782 - 3s - loss: 2.0806 - accuracy: 0.2027 - val_loss: 1.9773 - val_accuracy: 0.2616 - 3s/epoch - 4ms/step
Epoch 37/100
782/782 - 3s - loss: 2.0766 - accuracy: 0.2036 - val_loss: 1.9724 - val_accuracy: 0.2666 - 3s/epoch - 4ms/step
Epoch 38/100
782/782 - 3s - loss: 2.0698 - accuracy: 0.2078 - val_loss: 1.9669 - val_accuracy: 0.2676 - 3s/epoch - 4ms/step
Epoch 39/100
782/782 - 3s - loss: 2.0670 - accuracy: 0.2071 - val_loss: 1.9613 - val_accuracy: 0.2711 - 3s/epoch - 4ms/step
Epoch 40/100
782/782 - 3s - loss: 2.0651 - accuracy: 0.2067 - val_loss: 1.9553 - val_accuracy: 0.2762 - 3s/epoch - 4ms/step
Epoch 41/100
782/782 - 3s - loss: 2.0570 - accuracy: 0.2105 - val_loss: 1.9499 - val_accuracy: 0.2805 - 3s/epoch - 4ms/step
Epoch 42/100
782/782 - 3s - loss: 2.0543 - accuracy: 0.2134 - val_loss: 1.9445 - val_accuracy: 0.2810 - 3s/epoch - 4ms/step
Epoch 43/100
782/782 - 3s - loss: 2.0479 - accuracy: 0.2139 - val_loss: 1.9382 - val_accuracy: 0.2852 - 3s/epoch - 4ms/step
Epoch 44/100
782/782 - 3s - loss: 2.0453 - accuracy: 0.2131 - val_loss: 1.9327 - val_accuracy: 0.2866 - 3s/epoch - 4ms/step
Epoch 45/100
782/782 - 3s - loss: 2.0377 - accuracy: 0.2174 - val_loss: 1.9265 - val_accuracy: 0.2903 - 3s/epoch - 4ms/step
Epoch 46/100
782/782 - 3s - loss: 2.0331 - accuracy: 0.2239 - val_loss: 1.9206 - val_accuracy: 0.2934 - 3s/epoch - 4ms/step
Epoch 47/100
782/782 - 3s - loss: 2.0302 - accuracy: 0.2218 - val_loss: 1.9150 - val_accuracy: 0.2946 - 3s/epoch - 4ms/step
Epoch 48/100
782/782 - 3s - loss: 2.0225 - accuracy: 0.2229 - val_loss: 1.9093 - val_accuracy: 0.2952 - 3s/epoch - 4ms/step
Epoch 49/100
782/782 - 3s - loss: 2.0190 - accuracy: 0.2254 - val_loss: 1.9035 - val_accuracy: 0.2988 - 3s/epoch - 4ms/step
Epoch 50/100
782/782 - 3s - loss: 2.0168 - accuracy: 0.2251 - val_loss: 1.8982 - val_accuracy: 0.2992 - 3s/epoch - 4ms/step
Epoch 51/100
782/782 - 3s - loss: 2.0105 - accuracy: 0.2282 - val_loss: 1.8922 - val_accuracy: 0.3016 - 3s/epoch - 4ms/step
Epoch 52/100
782/782 - 3s - loss: 2.0060 - accuracy: 0.2269 - val_loss: 1.8873 - val_accuracy: 0.3030 - 3s/epoch - 4ms/step
Epoch 53/100
782/782 - 3s - loss: 2.0039 - accuracy: 0.2294 - val_loss: 1.8840 - val_accuracy: 0.3034 - 3s/epoch - 4ms/step
Epoch 54/100
782/782 - 3s - loss: 1.9997 - accuracy: 0.2346 - val_loss: 1.8776 - val_accuracy: 0.3056 - 3s/epoch - 4ms/step
Epoch 55/100
782/782 - 3s - loss: 1.9936 - accuracy: 0.2326 - val_loss: 1.8722 - val_accuracy: 0.3087 - 3s/epoch - 4ms/step
Epoch 56/100
782/782 - 3s - loss: 1.9882 - accuracy: 0.2351 - val_loss: 1.8673 - val_accuracy: 0.3093 - 3s/epoch - 4ms/step
Epoch 57/100
782/782 - 3s - loss: 1.9879 - accuracy: 0.2361 - val_loss: 1.8621 - val_accuracy: 0.3140 - 3s/epoch - 4ms/step
Epoch 58/100
782/782 - 3s - loss: 1.9789 - accuracy: 0.2397 - val_loss: 1.8580 - val_accuracy: 0.3142 - 3s/epoch - 4ms/step
Epoch 59/100
782/782 - 3s - loss: 1.9796 - accuracy: 0.2406 - val_loss: 1.8546 - val_accuracy: 0.3148 - 3s/epoch - 4ms/step
Epoch 60/100
782/782 - 3s - loss: 1.9751 - accuracy: 0.2402 - val_loss: 1.8527 - val_accuracy: 0.3152 - 3s/epoch - 4ms/step
Epoch 61/100
782/782 - 3s - loss: 1.9715 - accuracy: 0.2390 - val_loss: 1.8457 - val_accuracy: 0.3174 - 3s/epoch - 4ms/step
Epoch 62/100
782/782 - 3s - loss: 1.9690 - accuracy: 0.2427 - val_loss: 1.8415 - val_accuracy: 0.3188 - 3s/epoch - 4ms/step
Epoch 63/100
782/782 - 3s - loss: 1.9648 - accuracy: 0.2441 - val_loss: 1.8376 - val_accuracy: 0.3200 - 3s/epoch - 4ms/step
Epoch 64/100
782/782 - 3s - loss: 1.9648 - accuracy: 0.2449 - val_loss: 1.8344 - val_accuracy: 0.3205 - 3s/epoch - 4ms/step
Epoch 65/100
782/782 - 3s - loss: 1.9589 - accuracy: 0.2443 - val_loss: 1.8332 - val_accuracy: 0.3200 - 3s/epoch - 4ms/step
Epoch 66/100
782/782 - 3s - loss: 1.9551 - accuracy: 0.2465 - val_loss: 1.8297 - val_accuracy: 0.3198 - 3s/epoch - 4ms/step
Epoch 67/100
782/782 - 3s - loss: 1.9526 - accuracy: 0.2454 - val_loss: 1.8263 - val_accuracy: 0.3214 - 3s/epoch - 4ms/step
Epoch 68/100
782/782 - 3s - loss: 1.9517 - accuracy: 0.2448 - val_loss: 1.8218 - val_accuracy: 0.3210 - 3s/epoch - 4ms/step
Epoch 69/100
782/782 - 3s - loss: 1.9456 - accuracy: 0.2494 - val_loss: 1.8179 - val_accuracy: 0.3214 - 3s/epoch - 4ms/step
Epoch 70/100
782/782 - 3s - loss: 1.9450 - accuracy: 0.2490 - val_loss: 1.8152 - val_accuracy: 0.3221 - 3s/epoch - 4ms/step
Epoch 71/100
782/782 - 3s - loss: 1.9452 - accuracy: 0.2476 - val_loss: 1.8124 - val_accuracy: 0.3228 - 3s/epoch - 4ms/step
Epoch 72/100
782/782 - 3s - loss: 1.9414 - accuracy: 0.2472 - val_loss: 1.8099 - val_accuracy: 0.3229 - 3s/epoch - 4ms/step
Epoch 73/100
782/782 - 3s - loss: 1.9395 - accuracy: 0.2486 - val_loss: 1.8081 - val_accuracy: 0.3245 - 3s/epoch - 4ms/step
Epoch 74/100
782/782 - 3s - loss: 1.9386 - accuracy: 0.2542 - val_loss: 1.8066 - val_accuracy: 0.3247 - 3s/epoch - 4ms/step
Epoch 75/100
782/782 - 3s - loss: 1.9313 - accuracy: 0.2521 - val_loss: 1.8037 - val_accuracy: 0.3245 - 3s/epoch - 4ms/step
Epoch 76/100
782/782 - 3s - loss: 1.9326 - accuracy: 0.2537 - val_loss: 1.8015 - val_accuracy: 0.3259 - 3s/epoch - 4ms/step
Epoch 77/100
782/782 - 3s - loss: 1.9284 - accuracy: 0.2530 - val_loss: 1.8005 - val_accuracy: 0.3264 - 3s/epoch - 4ms/step
Epoch 78/100
782/782 - 3s - loss: 1.9272 - accuracy: 0.2541 - val_loss: 1.7960 - val_accuracy: 0.3268 - 3s/epoch - 4ms/step
Epoch 79/100
782/782 - 3s - loss: 1.9269 - accuracy: 0.2551 - val_loss: 1.7935 - val_accuracy: 0.3275 - 3s/epoch - 4ms/step
Epoch 80/100
782/782 - 3s - loss: 1.9189 - accuracy: 0.2570 - val_loss: 1.7919 - val_accuracy: 0.3269 - 3s/epoch - 4ms/step
Epoch 81/100
782/782 - 3s - loss: 1.9223 - accuracy: 0.2537 - val_loss: 1.7895 - val_accuracy: 0.3285 - 3s/epoch - 4ms/step
Epoch 82/100
782/782 - 3s - loss: 1.9182 - accuracy: 0.2552 - val_loss: 1.7873 - val_accuracy: 0.3298 - 3s/epoch - 4ms/step
Epoch 83/100
782/782 - 3s - loss: 1.9183 - accuracy: 0.2540 - val_loss: 1.7882 - val_accuracy: 0.3310 - 3s/epoch - 4ms/step
Epoch 84/100
782/782 - 3s - loss: 1.9135 - accuracy: 0.2565 - val_loss: 1.7852 - val_accuracy: 0.3295 - 3s/epoch - 4ms/step
Epoch 85/100
782/782 - 3s - loss: 1.9156 - accuracy: 0.2565 - val_loss: 1.7816 - val_accuracy: 0.3320 - 3s/epoch - 4ms/step
Epoch 86/100
782/782 - 3s - loss: 1.9108 - accuracy: 0.2565 - val_loss: 1.7806 - val_accuracy: 0.3307 - 3s/epoch - 4ms/step
Epoch 87/100
782/782 - 3s - loss: 1.9099 - accuracy: 0.2560 - val_loss: 1.7776 - val_accuracy: 0.3337 - 3s/epoch - 4ms/step
Epoch 88/100
782/782 - 3s - loss: 1.9077 - accuracy: 0.2615 - val_loss: 1.7794 - val_accuracy: 0.3362 - 3s/epoch - 4ms/step
Epoch 89/100
782/782 - 3s - loss: 1.9054 - accuracy: 0.2562 - val_loss: 1.7768 - val_accuracy: 0.3312 - 3s/epoch - 4ms/step
Epoch 90/100
782/782 - 3s - loss: 1.9024 - accuracy: 0.2600 - val_loss: 1.7724 - val_accuracy: 0.3354 - 3s/epoch - 4ms/step
Epoch 91/100
782/782 - 3s - loss: 1.9018 - accuracy: 0.2604 - val_loss: 1.7720 - val_accuracy: 0.3324 - 3s/epoch - 4ms/step
Epoch 92/100
782/782 - 3s - loss: 1.9003 - accuracy: 0.2582 - val_loss: 1.7694 - val_accuracy: 0.3358 - 3s/epoch - 4ms/step
Epoch 93/100
782/782 - 3s - loss: 1.9000 - accuracy: 0.2654 - val_loss: 1.7697 - val_accuracy: 0.3309 - 3s/epoch - 4ms/step
Epoch 94/100
782/782 - 3s - loss: 1.8965 - accuracy: 0.2647 - val_loss: 1.7661 - val_accuracy: 0.3362 - 3s/epoch - 4ms/step
Epoch 95/100
782/782 - 3s - loss: 1.8984 - accuracy: 0.2619 - val_loss: 1.7642 - val_accuracy: 0.3367 - 3s/epoch - 4ms/step
Epoch 96/100
782/782 - 3s - loss: 1.8966 - accuracy: 0.2604 - val_loss: 1.7626 - val_accuracy: 0.3369 - 3s/epoch - 4ms/step
Epoch 97/100
782/782 - 3s - loss: 1.8919 - accuracy: 0.2628 - val_loss: 1.7631 - val_accuracy: 0.3382 - 3s/epoch - 4ms/step
Epoch 98/100
782/782 - 3s - loss: 1.8915 - accuracy: 0.2651 - val_loss: 1.7629 - val_accuracy: 0.3407 - 3s/epoch - 4ms/step
Epoch 99/100
782/782 - 3s - loss: 1.8873 - accuracy: 0.2637 - val_loss: 1.7601 - val_accuracy: 0.3419 - 3s/epoch - 4ms/step
Epoch 100/100
782/782 - 3s - loss: 1.8848 - accuracy: 0.2687 - val_loss: 1.7578 - val_accuracy: 0.3364 - 3s/epoch - 4ms/step
313/313 - 1s - loss: 1.7578 - accuracy: 0.3363 - 605ms/epoch - 2ms/step

ACCURACY: 0.33629998564720154


SCORE: -0.5214944219530411

[92m | MODULE VALUES ---------------------------------------------  |
 [0m
FLOPS: 6957784
PARAMS: 111998.0
[92m 
 | -----------------------------------------------------------  |
 [0m

--- BANANAS ITERATION 14 / 1000 ---
Chosen point: {'num_neurons': 4, 'unit_c1': 1, 'unit_c2': 2, 'dr_f': 0.22815387292727066, 'learning_rate': 0.0006039012574005595, 'batch_size': 64, 'optimizer': 'Adagrad', 'activation': 'elu', 'data_augmentation': False, 'reg_l2': False, 'skip_connection': False, 'new_fc_1': 28, 'new_fc_2': 1, 'new_fc_3': 11, 'new_fc_4': 21, 'new_fc_5': 32, 'new_fc_6': 8, 'new_fc_7': 0, 'new_fc_8': 32, 'new_fc_9': 6, 'new_fc_10': 23}
[94m
|  --> START TRAINING ITERATION 13[0m
[INFO] Flags -> DA: False, L2: False, Skip: False
Building model with input_shape=(32, 32, 3), pos_input_shape=None, layer_x_block=2
Model: "model"
_________________________________________________________________
 Layer (type)                Output Shape              Param #   
=================================================================
 input_1 (InputLayer)        [(None, 32, 32, 3)]       0         
                                                                 
 conv2d (Conv2D)             (None, 32, 32, 4)         112       
                                                                 
 activation (Activation)     (None, 32, 32, 4)         0         
                                                                 
 conv2d_1 (Conv2D)           (None, 32, 32, 4)         148       
                                                                 
 activation_1 (Activation)   (None, 32, 32, 4)         0         
                                                                 
 max_pooling2d (MaxPooling2  (None, 16, 16, 4)         0         
 D)                                                              
                                                                 
 conv2d_2 (Conv2D)           (None, 16, 16, 8)         296       
                                                                 
 activation_2 (Activation)   (None, 16, 16, 8)         0         
                                                                 
 conv2d_3 (Conv2D)           (None, 16, 16, 8)         584       
                                                                 
 activation_3 (Activation)   (None, 16, 16, 8)         0         
                                                                 
 max_pooling2d_1 (MaxPoolin  (None, 8, 8, 8)           0         
 g2D)                                                            
                                                                 
 flatten (Flatten)           (None, 512)               0         
                                                                 
 dense (Dense)               (None, 112)               57456     
                                                                 
 activation_4 (Activation)   (None, 112)               0         
                                                                 
 dropout (Dropout)           (None, 112)               0         
                                                                 
 dense_1 (Dense)             (None, 4)                 452       
                                                                 
 activation_5 (Activation)   (None, 4)                 0         
                                                                 
 dropout_1 (Dropout)         (None, 4)                 0         
                                                                 
 dense_2 (Dense)             (None, 44)                220       
                                                                 
 activation_6 (Activation)   (None, 44)                0         
                                                                 
 dropout_2 (Dropout)         (None, 44)                0         
                                                                 
 dense_3 (Dense)             (None, 84)                3780      
                                                                 
 activation_7 (Activation)   (None, 84)                0         
                                                                 
 dropout_3 (Dropout)         (None, 84)                0         
                                                                 
 dense_4 (Dense)             (None, 128)               10880     
                                                                 
 activation_8 (Activation)   (None, 128)               0         
                                                                 
 dropout_4 (Dropout)         (None, 128)               0         
                                                                 
 dense_5 (Dense)             (None, 32)                4128      
                                                                 
 activation_9 (Activation)   (None, 32)                0         
                                                                 
 dropout_5 (Dropout)         (None, 32)                0         
                                                                 
 dense_6 (Dense)             (None, 128)               4224      
                                                                 
 activation_10 (Activation)  (None, 128)               0         
                                                                 
 dropout_6 (Dropout)         (None, 128)               0         
                                                                 
 dense_7 (Dense)             (None, 24)                3096      
                                                                 
 activation_11 (Activation)  (None, 24)                0         
                                                                 
 dropout_7 (Dropout)         (None, 24)                0         
                                                                 
 dense_8 (Dense)             (None, 92)                2300      
                                                                 
 activation_12 (Activation)  (None, 92)                0         
                                                                 
 dropout_8 (Dropout)         (None, 92)                0         
                                                                 
 dense_9 (Dense)             (None, 10)                930       
                                                                 
=================================================================
Total params: 88606 (346.12 KB)
Trainable params: 88606 (346.12 KB)
Non-trainable params: 0 (0.00 Byte)
_________________________________________________________________
Epoch 1/100
782/782 - 5s - loss: 2.3080 - accuracy: 0.0954 - val_loss: 2.3023 - val_accuracy: 0.1000 - 5s/epoch - 6ms/step
Epoch 2/100
782/782 - 3s - loss: 2.3042 - accuracy: 0.1044 - val_loss: 2.2998 - val_accuracy: 0.1134 - 3s/epoch - 3ms/step
Epoch 3/100
782/782 - 3s - loss: 2.3015 - accuracy: 0.1069 - val_loss: 2.2970 - val_accuracy: 0.1194 - 3s/epoch - 3ms/step
Epoch 4/100
782/782 - 3s - loss: 2.2989 - accuracy: 0.1089 - val_loss: 2.2927 - val_accuracy: 0.1346 - 3s/epoch - 4ms/step
Epoch 5/100
782/782 - 3s - loss: 2.2939 - accuracy: 0.1191 - val_loss: 2.2855 - val_accuracy: 0.1599 - 3s/epoch - 3ms/step
Epoch 6/100
782/782 - 3s - loss: 2.2859 - accuracy: 0.1245 - val_loss: 2.2721 - val_accuracy: 0.1663 - 3s/epoch - 3ms/step
Epoch 7/100
782/782 - 3s - loss: 2.2705 - accuracy: 0.1388 - val_loss: 2.2469 - val_accuracy: 0.1685 - 3s/epoch - 4ms/step
Epoch 8/100
782/782 - 3s - loss: 2.2472 - accuracy: 0.1500 - val_loss: 2.2106 - val_accuracy: 0.1734 - 3s/epoch - 3ms/step
Epoch 9/100
782/782 - 3s - loss: 2.2186 - accuracy: 0.1597 - val_loss: 2.1718 - val_accuracy: 0.1787 - 3s/epoch - 3ms/step
Epoch 10/100
782/782 - 3s - loss: 2.1934 - accuracy: 0.1660 - val_loss: 2.1392 - val_accuracy: 0.1869 - 3s/epoch - 3ms/step
Epoch 11/100
782/782 - 3s - loss: 2.1716 - accuracy: 0.1689 - val_loss: 2.1090 - val_accuracy: 0.1884 - 3s/epoch - 3ms/step
Epoch 12/100
782/782 - 3s - loss: 2.1496 - accuracy: 0.1792 - val_loss: 2.0812 - val_accuracy: 0.1979 - 3s/epoch - 3ms/step
Epoch 13/100
782/782 - 3s - loss: 2.1218 - accuracy: 0.1882 - val_loss: 2.0457 - val_accuracy: 0.2147 - 3s/epoch - 3ms/step
Epoch 14/100
782/782 - 3s - loss: 2.0991 - accuracy: 0.1959 - val_loss: 2.0071 - val_accuracy: 0.2363 - 3s/epoch - 3ms/step
Epoch 15/100
782/782 - 3s - loss: 2.0678 - accuracy: 0.2027 - val_loss: 1.9677 - val_accuracy: 0.2464 - 3s/epoch - 3ms/step
Epoch 16/100
782/782 - 3s - loss: 2.0391 - accuracy: 0.2115 - val_loss: 1.9317 - val_accuracy: 0.2517 - 3s/epoch - 4ms/step
Epoch 17/100
782/782 - 3s - loss: 2.0178 - accuracy: 0.2164 - val_loss: 1.9016 - val_accuracy: 0.2570 - 3s/epoch - 3ms/step
Epoch 18/100
782/782 - 3s - loss: 2.0037 - accuracy: 0.2191 - val_loss: 1.8798 - val_accuracy: 0.2652 - 3s/epoch - 3ms/step
Epoch 19/100
782/782 - 3s - loss: 1.9861 - accuracy: 0.2236 - val_loss: 1.8635 - val_accuracy: 0.2689 - 3s/epoch - 4ms/step
Epoch 20/100
782/782 - 3s - loss: 1.9797 - accuracy: 0.2235 - val_loss: 1.8510 - val_accuracy: 0.2740 - 3s/epoch - 4ms/step
Epoch 21/100
782/782 - 3s - loss: 1.9677 - accuracy: 0.2289 - val_loss: 1.8407 - val_accuracy: 0.2772 - 3s/epoch - 4ms/step
Epoch 22/100
782/782 - 3s - loss: 1.9610 - accuracy: 0.2320 - val_loss: 1.8331 - val_accuracy: 0.2846 - 3s/epoch - 3ms/step
Epoch 23/100
782/782 - 3s - loss: 1.9547 - accuracy: 0.2309 - val_loss: 1.8256 - val_accuracy: 0.2905 - 3s/epoch - 3ms/step
Epoch 24/100
782/782 - 3s - loss: 1.9507 - accuracy: 0.2337 - val_loss: 1.8211 - val_accuracy: 0.2908 - 3s/epoch - 4ms/step
Epoch 25/100
782/782 - 3s - loss: 1.9401 - accuracy: 0.2364 - val_loss: 1.8141 - val_accuracy: 0.2937 - 3s/epoch - 3ms/step
Epoch 26/100
782/782 - 3s - loss: 1.9395 - accuracy: 0.2363 - val_loss: 1.8096 - val_accuracy: 0.2942 - 3s/epoch - 3ms/step
Epoch 27/100
782/782 - 3s - loss: 1.9326 - accuracy: 0.2375 - val_loss: 1.8043 - val_accuracy: 0.2971 - 3s/epoch - 3ms/step
Epoch 28/100
782/782 - 3s - loss: 1.9306 - accuracy: 0.2357 - val_loss: 1.8011 - val_accuracy: 0.2969 - 3s/epoch - 4ms/step
Epoch 29/100
782/782 - 3s - loss: 1.9268 - accuracy: 0.2402 - val_loss: 1.8003 - val_accuracy: 0.2942 - 3s/epoch - 3ms/step
Epoch 30/100
782/782 - 3s - loss: 1.9260 - accuracy: 0.2413 - val_loss: 1.7944 - val_accuracy: 0.2979 - 3s/epoch - 3ms/step
Epoch 31/100
782/782 - 3s - loss: 1.9231 - accuracy: 0.2393 - val_loss: 1.7935 - val_accuracy: 0.2993 - 3s/epoch - 3ms/step
Epoch 32/100
782/782 - 3s - loss: 1.9174 - accuracy: 0.2407 - val_loss: 1.7883 - val_accuracy: 0.3001 - 3s/epoch - 3ms/step
Epoch 33/100
782/782 - 3s - loss: 1.9172 - accuracy: 0.2406 - val_loss: 1.7852 - val_accuracy: 0.3000 - 3s/epoch - 3ms/step
Epoch 34/100
782/782 - 3s - loss: 1.9105 - accuracy: 0.2437 - val_loss: 1.7823 - val_accuracy: 0.3001 - 3s/epoch - 3ms/step
Epoch 35/100
782/782 - 3s - loss: 1.9099 - accuracy: 0.2440 - val_loss: 1.7800 - val_accuracy: 0.3002 - 3s/epoch - 3ms/step
Epoch 36/100
782/782 - 3s - loss: 1.9081 - accuracy: 0.2443 - val_loss: 1.7789 - val_accuracy: 0.2985 - 3s/epoch - 3ms/step
Epoch 37/100
782/782 - 3s - loss: 1.9051 - accuracy: 0.2452 - val_loss: 1.7755 - val_accuracy: 0.3005 - 3s/epoch - 3ms/step
Epoch 38/100
782/782 - 3s - loss: 1.9042 - accuracy: 0.2438 - val_loss: 1.7735 - val_accuracy: 0.3017 - 3s/epoch - 3ms/step
Epoch 39/100
782/782 - 3s - loss: 1.9037 - accuracy: 0.2441 - val_loss: 1.7717 - val_accuracy: 0.3008 - 3s/epoch - 3ms/step
Epoch 40/100
782/782 - 3s - loss: 1.9029 - accuracy: 0.2441 - val_loss: 1.7702 - val_accuracy: 0.3009 - 3s/epoch - 3ms/step
Epoch 41/100
782/782 - 3s - loss: 1.8964 - accuracy: 0.2467 - val_loss: 1.7716 - val_accuracy: 0.2975 - 3s/epoch - 3ms/step
Epoch 42/100
782/782 - 3s - loss: 1.8981 - accuracy: 0.2467 - val_loss: 1.7674 - val_accuracy: 0.2998 - 3s/epoch - 3ms/step
Epoch 43/100
782/782 - 3s - loss: 1.8950 - accuracy: 0.2483 - val_loss: 1.7660 - val_accuracy: 0.2993 - 3s/epoch - 3ms/step
Epoch 44/100
782/782 - 3s - loss: 1.8907 - accuracy: 0.2486 - val_loss: 1.7630 - val_accuracy: 0.3015 - 3s/epoch - 3ms/step
Epoch 45/100
782/782 - 3s - loss: 1.8946 - accuracy: 0.2467 - val_loss: 1.7619 - val_accuracy: 0.3014 - 3s/epoch - 3ms/step
Epoch 46/100
782/782 - 3s - loss: 1.8881 - accuracy: 0.2467 - val_loss: 1.7623 - val_accuracy: 0.3001 - 3s/epoch - 3ms/step
Epoch 47/100
782/782 - 3s - loss: 1.8891 - accuracy: 0.2517 - val_loss: 1.7591 - val_accuracy: 0.3019 - 3s/epoch - 3ms/step
Epoch 48/100
782/782 - 3s - loss: 1.8872 - accuracy: 0.2486 - val_loss: 1.7576 - val_accuracy: 0.3014 - 3s/epoch - 3ms/step
Epoch 49/100
782/782 - 3s - loss: 1.8884 - accuracy: 0.2467 - val_loss: 1.7562 - val_accuracy: 0.3021 - 3s/epoch - 3ms/step
Epoch 50/100
782/782 - 3s - loss: 1.8837 - accuracy: 0.2531 - val_loss: 1.7553 - val_accuracy: 0.3033 - 3s/epoch - 3ms/step
Epoch 51/100
782/782 - 3s - loss: 1.8855 - accuracy: 0.2516 - val_loss: 1.7537 - val_accuracy: 0.3033 - 3s/epoch - 4ms/step
Epoch 52/100
782/782 - 3s - loss: 1.8823 - accuracy: 0.2476 - val_loss: 1.7529 - val_accuracy: 0.3044 - 3s/epoch - 3ms/step
Epoch 53/100
782/782 - 3s - loss: 1.8849 - accuracy: 0.2489 - val_loss: 1.7517 - val_accuracy: 0.3037 - 3s/epoch - 3ms/step
Epoch 54/100
782/782 - 3s - loss: 1.8781 - accuracy: 0.2530 - val_loss: 1.7507 - val_accuracy: 0.3056 - 3s/epoch - 4ms/step
Epoch 55/100
782/782 - 3s - loss: 1.8779 - accuracy: 0.2521 - val_loss: 1.7492 - val_accuracy: 0.3052 - 3s/epoch - 4ms/step
Epoch 56/100
782/782 - 3s - loss: 1.8754 - accuracy: 0.2538 - val_loss: 1.7482 - val_accuracy: 0.3045 - 3s/epoch - 3ms/step
Epoch 57/100
782/782 - 3s - loss: 1.8735 - accuracy: 0.2540 - val_loss: 1.7469 - val_accuracy: 0.3059 - 3s/epoch - 3ms/step
Epoch 58/100
782/782 - 3s - loss: 1.8754 - accuracy: 0.2522 - val_loss: 1.7471 - val_accuracy: 0.3059 - 3s/epoch - 4ms/step
Epoch 59/100
782/782 - 3s - loss: 1.8689 - accuracy: 0.2559 - val_loss: 1.7445 - val_accuracy: 0.3077 - 3s/epoch - 3ms/step
Epoch 60/100
782/782 - 3s - loss: 1.8690 - accuracy: 0.2529 - val_loss: 1.7442 - val_accuracy: 0.3062 - 3s/epoch - 3ms/step
Epoch 61/100
782/782 - 3s - loss: 1.8741 - accuracy: 0.2524 - val_loss: 1.7430 - val_accuracy: 0.3080 - 3s/epoch - 3ms/step
Epoch 62/100
782/782 - 3s - loss: 1.8699 - accuracy: 0.2531 - val_loss: 1.7424 - val_accuracy: 0.3084 - 3s/epoch - 3ms/step
Epoch 63/100
782/782 - 3s - loss: 1.8669 - accuracy: 0.2582 - val_loss: 1.7405 - val_accuracy: 0.3076 - 3s/epoch - 3ms/step
Epoch 64/100
782/782 - 3s - loss: 1.8707 - accuracy: 0.2552 - val_loss: 1.7404 - val_accuracy: 0.3092 - 3s/epoch - 3ms/step
Epoch 65/100
782/782 - 3s - loss: 1.8670 - accuracy: 0.2519 - val_loss: 1.7387 - val_accuracy: 0.3082 - 3s/epoch - 3ms/step
Epoch 66/100
782/782 - 3s - loss: 1.8650 - accuracy: 0.2537 - val_loss: 1.7392 - val_accuracy: 0.3096 - 3s/epoch - 3ms/step
Epoch 67/100
782/782 - 3s - loss: 1.8676 - accuracy: 0.2534 - val_loss: 1.7375 - val_accuracy: 0.3089 - 3s/epoch - 4ms/step
Epoch 68/100
782/782 - 3s - loss: 1.8603 - accuracy: 0.2579 - val_loss: 1.7360 - val_accuracy: 0.3090 - 3s/epoch - 3ms/step
Epoch 69/100
782/782 - 3s - loss: 1.8596 - accuracy: 0.2572 - val_loss: 1.7351 - val_accuracy: 0.3105 - 3s/epoch - 3ms/step
Epoch 70/100
782/782 - 3s - loss: 1.8648 - accuracy: 0.2549 - val_loss: 1.7342 - val_accuracy: 0.3104 - 3s/epoch - 4ms/step
Epoch 71/100
782/782 - 3s - loss: 1.8600 - accuracy: 0.2571 - val_loss: 1.7335 - val_accuracy: 0.3110 - 3s/epoch - 4ms/step
Epoch 72/100
782/782 - 3s - loss: 1.8615 - accuracy: 0.2562 - val_loss: 1.7329 - val_accuracy: 0.3109 - 3s/epoch - 4ms/step
Epoch 73/100
782/782 - 3s - loss: 1.8608 - accuracy: 0.2569 - val_loss: 1.7324 - val_accuracy: 0.3121 - 3s/epoch - 3ms/step
Epoch 74/100
782/782 - 3s - loss: 1.8579 - accuracy: 0.2609 - val_loss: 1.7319 - val_accuracy: 0.3117 - 3s/epoch - 4ms/step
Epoch 75/100
782/782 - 3s - loss: 1.8588 - accuracy: 0.2558 - val_loss: 1.7308 - val_accuracy: 0.3123 - 3s/epoch - 4ms/step
Epoch 76/100
782/782 - 3s - loss: 1.8580 - accuracy: 0.2594 - val_loss: 1.7298 - val_accuracy: 0.3132 - 3s/epoch - 4ms/step
Epoch 77/100
782/782 - 3s - loss: 1.8579 - accuracy: 0.2542 - val_loss: 1.7292 - val_accuracy: 0.3135 - 3s/epoch - 3ms/step
Epoch 78/100
782/782 - 3s - loss: 1.8568 - accuracy: 0.2602 - val_loss: 1.7286 - val_accuracy: 0.3132 - 3s/epoch - 3ms/step
Epoch 79/100
782/782 - 3s - loss: 1.8543 - accuracy: 0.2598 - val_loss: 1.7273 - val_accuracy: 0.3132 - 3s/epoch - 3ms/step
Epoch 80/100
782/782 - 3s - loss: 1.8516 - accuracy: 0.2626 - val_loss: 1.7267 - val_accuracy: 0.3134 - 3s/epoch - 3ms/step
Epoch 81/100
782/782 - 3s - loss: 1.8515 - accuracy: 0.2631 - val_loss: 1.7259 - val_accuracy: 0.3144 - 3s/epoch - 3ms/step
Epoch 82/100
782/782 - 3s - loss: 1.8490 - accuracy: 0.2634 - val_loss: 1.7251 - val_accuracy: 0.3146 - 3s/epoch - 4ms/step
Epoch 83/100
782/782 - 3s - loss: 1.8521 - accuracy: 0.2595 - val_loss: 1.7244 - val_accuracy: 0.3153 - 3s/epoch - 4ms/step
Epoch 84/100
782/782 - 3s - loss: 1.8510 - accuracy: 0.2622 - val_loss: 1.7242 - val_accuracy: 0.3144 - 3s/epoch - 4ms/step
Epoch 85/100
782/782 - 3s - loss: 1.8498 - accuracy: 0.2623 - val_loss: 1.7230 - val_accuracy: 0.3147 - 3s/epoch - 3ms/step
Epoch 86/100
782/782 - 3s - loss: 1.8452 - accuracy: 0.2616 - val_loss: 1.7226 - val_accuracy: 0.3158 - 3s/epoch - 3ms/step
Epoch 87/100
782/782 - 3s - loss: 1.8476 - accuracy: 0.2598 - val_loss: 1.7215 - val_accuracy: 0.3156 - 3s/epoch - 3ms/step
Epoch 88/100
782/782 - 3s - loss: 1.8474 - accuracy: 0.2607 - val_loss: 1.7211 - val_accuracy: 0.3166 - 3s/epoch - 4ms/step
Epoch 89/100
782/782 - 3s - loss: 1.8467 - accuracy: 0.2582 - val_loss: 1.7205 - val_accuracy: 0.3167 - 3s/epoch - 3ms/step
Epoch 90/100
782/782 - 3s - loss: 1.8481 - accuracy: 0.2597 - val_loss: 1.7201 - val_accuracy: 0.3168 - 3s/epoch - 3ms/step
Epoch 91/100
782/782 - 3s - loss: 1.8470 - accuracy: 0.2618 - val_loss: 1.7189 - val_accuracy: 0.3185 - 3s/epoch - 4ms/step
Epoch 92/100
782/782 - 3s - loss: 1.8432 - accuracy: 0.2613 - val_loss: 1.7184 - val_accuracy: 0.3172 - 3s/epoch - 3ms/step
Epoch 93/100
782/782 - 3s - loss: 1.8458 - accuracy: 0.2625 - val_loss: 1.7181 - val_accuracy: 0.3176 - 3s/epoch - 3ms/step
Epoch 94/100
782/782 - 3s - loss: 1.8458 - accuracy: 0.2622 - val_loss: 1.7172 - val_accuracy: 0.3176 - 3s/epoch - 3ms/step
Epoch 95/100
782/782 - 3s - loss: 1.8423 - accuracy: 0.2620 - val_loss: 1.7166 - val_accuracy: 0.3180 - 3s/epoch - 3ms/step
Epoch 96/100
782/782 - 3s - loss: 1.8431 - accuracy: 0.2648 - val_loss: 1.7172 - val_accuracy: 0.3175 - 3s/epoch - 3ms/step
Epoch 97/100
782/782 - 3s - loss: 1.8421 - accuracy: 0.2620 - val_loss: 1.7157 - val_accuracy: 0.3182 - 3s/epoch - 3ms/step
Epoch 98/100
782/782 - 3s - loss: 1.8415 - accuracy: 0.2636 - val_loss: 1.7147 - val_accuracy: 0.3186 - 3s/epoch - 3ms/step
Epoch 99/100
782/782 - 3s - loss: 1.8408 - accuracy: 0.2639 - val_loss: 1.7147 - val_accuracy: 0.3196 - 3s/epoch - 3ms/step
Epoch 100/100
782/782 - 3s - loss: 1.8386 - accuracy: 0.2669 - val_loss: 1.7138 - val_accuracy: 0.3194 - 3s/epoch - 3ms/step
313/313 - 1s - loss: 1.7138 - accuracy: 0.3193 - 649ms/epoch - 2ms/step

ACCURACY: 0.31929999589920044


SCORE: -0.5212075571294402

[92m | MODULE VALUES ---------------------------------------------  |
 [0m
FLOPS: 1151220
PARAMS: 88606.0
[92m 
 | -----------------------------------------------------------  |
 [0m

--- BANANAS ITERATION 15 / 1000 ---
Chosen point: {'num_neurons': 4, 'unit_c1': 4, 'unit_c2': 6, 'dr_f': 0.33449753197846377, 'learning_rate': 0.0002581012439202527, 'batch_size': 64, 'optimizer': 'Adadelta', 'activation': 'elu', 'data_augmentation': False, 'reg_l2': False, 'skip_connection': False, 'new_fc_1': 4, 'new_fc_2': 3, 'new_fc_3': 17, 'new_fc_4': 19, 'new_fc_5': 21, 'new_fc_6': 27, 'new_fc_7': 3, 'new_fc_8': 22, 'new_fc_9': 12, 'new_fc_10': 10}
[94m
|  --> START TRAINING ITERATION 14[0m
[INFO] Flags -> DA: False, L2: False, Skip: False
Building model with input_shape=(32, 32, 3), pos_input_shape=None, layer_x_block=2
Model: "model"
_________________________________________________________________
 Layer (type)                Output Shape              Param #   
=================================================================
 input_1 (InputLayer)        [(None, 32, 32, 3)]       0         
                                                                 
 conv2d (Conv2D)             (None, 32, 32, 16)        448       
                                                                 
 activation (Activation)     (None, 32, 32, 16)        0         
                                                                 
 conv2d_1 (Conv2D)           (None, 32, 32, 16)        2320      
                                                                 
 activation_1 (Activation)   (None, 32, 32, 16)        0         
                                                                 
 max_pooling2d (MaxPooling2  (None, 16, 16, 16)        0         
 D)                                                              
                                                                 
 conv2d_2 (Conv2D)           (None, 16, 16, 24)        3480      
                                                                 
 activation_2 (Activation)   (None, 16, 16, 24)        0         
                                                                 
 conv2d_3 (Conv2D)           (None, 16, 16, 24)        5208      
                                                                 
 activation_3 (Activation)   (None, 16, 16, 24)        0         
                                                                 
 max_pooling2d_1 (MaxPoolin  (None, 8, 8, 24)          0         
 g2D)                                                            
                                                                 
 flatten (Flatten)           (None, 1536)              0         
                                                                 
 dense (Dense)               (None, 16)                24592     
                                                                 
 activation_4 (Activation)   (None, 16)                0         
                                                                 
 dropout (Dropout)           (None, 16)                0         
                                                                 
 dense_1 (Dense)             (None, 12)                204       
                                                                 
 activation_5 (Activation)   (None, 12)                0         
                                                                 
 dropout_1 (Dropout)         (None, 12)                0         
                                                                 
 dense_2 (Dense)             (None, 68)                884       
                                                                 
 activation_6 (Activation)   (None, 68)                0         
                                                                 
 dropout_2 (Dropout)         (None, 68)                0         
                                                                 
 dense_3 (Dense)             (None, 76)                5244      
                                                                 
 activation_7 (Activation)   (None, 76)                0         
                                                                 
 dropout_3 (Dropout)         (None, 76)                0         
                                                                 
 dense_4 (Dense)             (None, 84)                6468      
                                                                 
 activation_8 (Activation)   (None, 84)                0         
                                                                 
 dropout_4 (Dropout)         (None, 84)                0         
                                                                 
 dense_5 (Dense)             (None, 108)               9180      
                                                                 
 activation_9 (Activation)   (None, 108)               0         
                                                                 
 dropout_5 (Dropout)         (None, 108)               0         
                                                                 
 dense_6 (Dense)             (None, 12)                1308      
                                                                 
 activation_10 (Activation)  (None, 12)                0         
                                                                 
 dropout_6 (Dropout)         (None, 12)                0         
                                                                 
 dense_7 (Dense)             (None, 88)                1144      
                                                                 
 activation_11 (Activation)  (None, 88)                0         
                                                                 
 dropout_7 (Dropout)         (None, 88)                0         
                                                                 
 dense_8 (Dense)             (None, 48)                4272      
                                                                 
 activation_12 (Activation)  (None, 48)                0         
                                                                 
 dropout_8 (Dropout)         (None, 48)                0         
                                                                 
 dense_9 (Dense)             (None, 40)                1960      
                                                                 
 activation_13 (Activation)  (None, 40)                0         
                                                                 
 dropout_9 (Dropout)         (None, 40)                0         
                                                                 
 dense_10 (Dense)            (None, 10)                410       
                                                                 
=================================================================
Total params: 67122 (262.20 KB)
Trainable params: 67122 (262.20 KB)
Non-trainable params: 0 (0.00 Byte)
_________________________________________________________________
Epoch 1/100
782/782 - 5s - loss: 2.3525 - accuracy: 0.0962 - val_loss: 2.3054 - val_accuracy: 0.0854 - 5s/epoch - 7ms/step
Epoch 2/100
782/782 - 3s - loss: 2.3444 - accuracy: 0.0976 - val_loss: 2.3051 - val_accuracy: 0.0887 - 3s/epoch - 4ms/step
Epoch 3/100
782/782 - 3s - loss: 2.3379 - accuracy: 0.1004 - val_loss: 2.3048 - val_accuracy: 0.0938 - 3s/epoch - 4ms/step
Epoch 4/100
782/782 - 3s - loss: 2.3364 - accuracy: 0.0978 - val_loss: 2.3045 - val_accuracy: 0.1001 - 3s/epoch - 4ms/step
Epoch 5/100
782/782 - 3s - loss: 2.3312 - accuracy: 0.0994 - val_loss: 2.3042 - val_accuracy: 0.1041 - 3s/epoch - 4ms/step
Epoch 6/100
782/782 - 3s - loss: 2.3293 - accuracy: 0.0995 - val_loss: 2.3039 - val_accuracy: 0.1069 - 3s/epoch - 4ms/step
Epoch 7/100
782/782 - 3s - loss: 2.3277 - accuracy: 0.1016 - val_loss: 2.3036 - val_accuracy: 0.1079 - 3s/epoch - 4ms/step
Epoch 8/100
782/782 - 3s - loss: 2.3264 - accuracy: 0.0990 - val_loss: 2.3033 - val_accuracy: 0.1105 - 3s/epoch - 4ms/step
Epoch 9/100
782/782 - 3s - loss: 2.3247 - accuracy: 0.0991 - val_loss: 2.3030 - val_accuracy: 0.1104 - 3s/epoch - 4ms/step
Epoch 10/100
782/782 - 3s - loss: 2.3227 - accuracy: 0.1011 - val_loss: 2.3027 - val_accuracy: 0.1109 - 3s/epoch - 4ms/step
Epoch 11/100
782/782 - 3s - loss: 2.3214 - accuracy: 0.1004 - val_loss: 2.3024 - val_accuracy: 0.1132 - 3s/epoch - 4ms/step
Epoch 12/100
782/782 - 3s - loss: 2.3217 - accuracy: 0.1014 - val_loss: 2.3021 - val_accuracy: 0.1153 - 3s/epoch - 4ms/step
Epoch 13/100
782/782 - 3s - loss: 2.3195 - accuracy: 0.1010 - val_loss: 2.3018 - val_accuracy: 0.1164 - 3s/epoch - 4ms/step
Epoch 14/100
782/782 - 3s - loss: 2.3196 - accuracy: 0.1021 - val_loss: 2.3015 - val_accuracy: 0.1180 - 3s/epoch - 4ms/step
Epoch 15/100
782/782 - 3s - loss: 2.3171 - accuracy: 0.1024 - val_loss: 2.3012 - val_accuracy: 0.1193 - 3s/epoch - 4ms/step
Epoch 16/100
782/782 - 3s - loss: 2.3185 - accuracy: 0.0996 - val_loss: 2.3009 - val_accuracy: 0.1217 - 3s/epoch - 4ms/step
Epoch 17/100
782/782 - 3s - loss: 2.3166 - accuracy: 0.1030 - val_loss: 2.3006 - val_accuracy: 0.1241 - 3s/epoch - 4ms/step
Epoch 18/100
782/782 - 3s - loss: 2.3161 - accuracy: 0.1025 - val_loss: 2.3003 - val_accuracy: 0.1259 - 3s/epoch - 4ms/step
Epoch 19/100
782/782 - 3s - loss: 2.3162 - accuracy: 0.1033 - val_loss: 2.3000 - val_accuracy: 0.1282 - 3s/epoch - 4ms/step
Epoch 20/100
782/782 - 3s - loss: 2.3155 - accuracy: 0.1032 - val_loss: 2.2997 - val_accuracy: 0.1292 - 3s/epoch - 4ms/step
Epoch 21/100
782/782 - 3s - loss: 2.3145 - accuracy: 0.1051 - val_loss: 2.2994 - val_accuracy: 0.1310 - 3s/epoch - 4ms/step
Epoch 22/100
782/782 - 3s - loss: 2.3145 - accuracy: 0.1036 - val_loss: 2.2991 - val_accuracy: 0.1321 - 3s/epoch - 4ms/step
Epoch 23/100
782/782 - 3s - loss: 2.3139 - accuracy: 0.1018 - val_loss: 2.2988 - val_accuracy: 0.1334 - 3s/epoch - 4ms/step
Epoch 24/100
782/782 - 3s - loss: 2.3143 - accuracy: 0.1036 - val_loss: 2.2985 - val_accuracy: 0.1352 - 3s/epoch - 4ms/step
Epoch 25/100
782/782 - 3s - loss: 2.3126 - accuracy: 0.1048 - val_loss: 2.2983 - val_accuracy: 0.1375 - 3s/epoch - 4ms/step
Epoch 26/100
782/782 - 3s - loss: 2.3140 - accuracy: 0.1032 - val_loss: 2.2980 - val_accuracy: 0.1396 - 3s/epoch - 4ms/step
Epoch 27/100
782/782 - 3s - loss: 2.3114 - accuracy: 0.1065 - val_loss: 2.2978 - val_accuracy: 0.1399 - 3s/epoch - 4ms/step
Epoch 28/100
782/782 - 3s - loss: 2.3123 - accuracy: 0.1035 - val_loss: 2.2974 - val_accuracy: 0.1436 - 3s/epoch - 4ms/step
Epoch 29/100
782/782 - 3s - loss: 2.3129 - accuracy: 0.1032 - val_loss: 2.2972 - val_accuracy: 0.1435 - 3s/epoch - 4ms/step
Epoch 30/100
782/782 - 3s - loss: 2.3110 - accuracy: 0.1046 - val_loss: 2.2969 - val_accuracy: 0.1458 - 3s/epoch - 4ms/step
Epoch 31/100
782/782 - 3s - loss: 2.3107 - accuracy: 0.1066 - val_loss: 2.2967 - val_accuracy: 0.1473 - 3s/epoch - 4ms/step
Epoch 32/100
782/782 - 3s - loss: 2.3099 - accuracy: 0.1058 - val_loss: 2.2964 - val_accuracy: 0.1489 - 3s/epoch - 4ms/step
Epoch 33/100
782/782 - 3s - loss: 2.3114 - accuracy: 0.1047 - val_loss: 2.2961 - val_accuracy: 0.1506 - 3s/epoch - 4ms/step
Epoch 34/100
782/782 - 3s - loss: 2.3122 - accuracy: 0.1022 - val_loss: 2.2958 - val_accuracy: 0.1528 - 3s/epoch - 4ms/step
Epoch 35/100
782/782 - 3s - loss: 2.3097 - accuracy: 0.1073 - val_loss: 2.2955 - val_accuracy: 0.1538 - 3s/epoch - 4ms/step
Epoch 36/100
782/782 - 3s - loss: 2.3092 - accuracy: 0.1077 - val_loss: 2.2953 - val_accuracy: 0.1543 - 3s/epoch - 4ms/step
Epoch 37/100
782/782 - 3s - loss: 2.3092 - accuracy: 0.1030 - val_loss: 2.2950 - val_accuracy: 0.1565 - 3s/epoch - 4ms/step
Epoch 38/100
782/782 - 3s - loss: 2.3095 - accuracy: 0.1041 - val_loss: 2.2947 - val_accuracy: 0.1585 - 3s/epoch - 4ms/step
Epoch 39/100
782/782 - 3s - loss: 2.3086 - accuracy: 0.1073 - val_loss: 2.2945 - val_accuracy: 0.1580 - 3s/epoch - 4ms/step
Epoch 40/100
782/782 - 3s - loss: 2.3082 - accuracy: 0.1083 - val_loss: 2.2942 - val_accuracy: 0.1602 - 3s/epoch - 4ms/step
Epoch 41/100
782/782 - 3s - loss: 2.3081 - accuracy: 0.1085 - val_loss: 2.2939 - val_accuracy: 0.1610 - 3s/epoch - 4ms/step
Epoch 42/100
782/782 - 3s - loss: 2.3078 - accuracy: 0.1071 - val_loss: 2.2936 - val_accuracy: 0.1616 - 3s/epoch - 4ms/step
Epoch 43/100
782/782 - 3s - loss: 2.3078 - accuracy: 0.1049 - val_loss: 2.2933 - val_accuracy: 0.1640 - 3s/epoch - 4ms/step
Epoch 44/100
782/782 - 3s - loss: 2.3087 - accuracy: 0.1044 - val_loss: 2.2929 - val_accuracy: 0.1649 - 3s/epoch - 4ms/step
Epoch 45/100
782/782 - 3s - loss: 2.3073 - accuracy: 0.1102 - val_loss: 2.2927 - val_accuracy: 0.1660 - 3s/epoch - 4ms/step
Epoch 46/100
782/782 - 3s - loss: 2.3076 - accuracy: 0.1104 - val_loss: 2.2924 - val_accuracy: 0.1662 - 3s/epoch - 4ms/step
Epoch 47/100
782/782 - 3s - loss: 2.3060 - accuracy: 0.1090 - val_loss: 2.2921 - val_accuracy: 0.1663 - 3s/epoch - 4ms/step
Epoch 48/100
782/782 - 3s - loss: 2.3077 - accuracy: 0.1078 - val_loss: 2.2918 - val_accuracy: 0.1655 - 3s/epoch - 4ms/step
Epoch 49/100
782/782 - 3s - loss: 2.3072 - accuracy: 0.1069 - val_loss: 2.2914 - val_accuracy: 0.1674 - 3s/epoch - 4ms/step
Epoch 50/100
782/782 - 3s - loss: 2.3063 - accuracy: 0.1085 - val_loss: 2.2911 - val_accuracy: 0.1690 - 3s/epoch - 4ms/step
Epoch 51/100
782/782 - 3s - loss: 2.3045 - accuracy: 0.1123 - val_loss: 2.2907 - val_accuracy: 0.1697 - 3s/epoch - 4ms/step
Epoch 52/100
782/782 - 3s - loss: 2.3062 - accuracy: 0.1090 - val_loss: 2.2904 - val_accuracy: 0.1718 - 3s/epoch - 4ms/step
Epoch 53/100
782/782 - 3s - loss: 2.3052 - accuracy: 0.1115 - val_loss: 2.2901 - val_accuracy: 0.1731 - 3s/epoch - 4ms/step
Epoch 54/100
782/782 - 3s - loss: 2.3057 - accuracy: 0.1105 - val_loss: 2.2898 - val_accuracy: 0.1745 - 3s/epoch - 4ms/step
Epoch 55/100
782/782 - 3s - loss: 2.3041 - accuracy: 0.1105 - val_loss: 2.2894 - val_accuracy: 0.1754 - 3s/epoch - 4ms/step
Epoch 56/100
782/782 - 3s - loss: 2.3056 - accuracy: 0.1098 - val_loss: 2.2890 - val_accuracy: 0.1756 - 3s/epoch - 4ms/step
Epoch 57/100
782/782 - 3s - loss: 2.3046 - accuracy: 0.1094 - val_loss: 2.2886 - val_accuracy: 0.1750 - 3s/epoch - 4ms/step
Epoch 58/100
782/782 - 3s - loss: 2.3030 - accuracy: 0.1123 - val_loss: 2.2882 - val_accuracy: 0.1772 - 3s/epoch - 4ms/step
Epoch 59/100
782/782 - 3s - loss: 2.3040 - accuracy: 0.1097 - val_loss: 2.2879 - val_accuracy: 0.1786 - 3s/epoch - 4ms/step
Epoch 60/100
782/782 - 3s - loss: 2.3030 - accuracy: 0.1110 - val_loss: 2.2875 - val_accuracy: 0.1783 - 3s/epoch - 4ms/step
Epoch 61/100
782/782 - 3s - loss: 2.3027 - accuracy: 0.1130 - val_loss: 2.2871 - val_accuracy: 0.1766 - 3s/epoch - 4ms/step
Epoch 62/100
782/782 - 3s - loss: 2.3032 - accuracy: 0.1122 - val_loss: 2.2866 - val_accuracy: 0.1767 - 3s/epoch - 4ms/step
Epoch 63/100
782/782 - 3s - loss: 2.3028 - accuracy: 0.1113 - val_loss: 2.2863 - val_accuracy: 0.1771 - 3s/epoch - 4ms/step
Epoch 64/100
782/782 - 3s - loss: 2.3022 - accuracy: 0.1122 - val_loss: 2.2858 - val_accuracy: 0.1773 - 3s/epoch - 4ms/step
Epoch 65/100
782/782 - 3s - loss: 2.3007 - accuracy: 0.1131 - val_loss: 2.2854 - val_accuracy: 0.1787 - 3s/epoch - 4ms/step
Epoch 66/100
782/782 - 3s - loss: 2.3005 - accuracy: 0.1137 - val_loss: 2.2849 - val_accuracy: 0.1780 - 3s/epoch - 4ms/step
Epoch 67/100
782/782 - 3s - loss: 2.2995 - accuracy: 0.1153 - val_loss: 2.2845 - val_accuracy: 0.1786 - 3s/epoch - 4ms/step
Epoch 68/100
782/782 - 3s - loss: 2.3008 - accuracy: 0.1150 - val_loss: 2.2840 - val_accuracy: 0.1799 - 3s/epoch - 4ms/step
Epoch 69/100
782/782 - 3s - loss: 2.3000 - accuracy: 0.1137 - val_loss: 2.2836 - val_accuracy: 0.1805 - 3s/epoch - 4ms/step
Epoch 70/100
782/782 - 3s - loss: 2.3000 - accuracy: 0.1139 - val_loss: 2.2831 - val_accuracy: 0.1811 - 3s/epoch - 4ms/step
Epoch 71/100
782/782 - 3s - loss: 2.2979 - accuracy: 0.1176 - val_loss: 2.2826 - val_accuracy: 0.1819 - 3s/epoch - 4ms/step
Epoch 72/100
782/782 - 3s - loss: 2.3004 - accuracy: 0.1157 - val_loss: 2.2821 - val_accuracy: 0.1816 - 3s/epoch - 4ms/step
Epoch 73/100
782/782 - 3s - loss: 2.3003 - accuracy: 0.1169 - val_loss: 2.2816 - val_accuracy: 0.1814 - 3s/epoch - 4ms/step
Epoch 74/100
782/782 - 3s - loss: 2.2992 - accuracy: 0.1161 - val_loss: 2.2811 - val_accuracy: 0.1818 - 3s/epoch - 4ms/step
Epoch 75/100
782/782 - 3s - loss: 2.2995 - accuracy: 0.1183 - val_loss: 2.2806 - val_accuracy: 0.1828 - 3s/epoch - 4ms/step
Epoch 76/100
782/782 - 3s - loss: 2.2998 - accuracy: 0.1147 - val_loss: 2.2800 - val_accuracy: 0.1818 - 3s/epoch - 4ms/step
Epoch 77/100
782/782 - 3s - loss: 2.2985 - accuracy: 0.1162 - val_loss: 2.2795 - val_accuracy: 0.1823 - 3s/epoch - 4ms/step
Epoch 78/100
782/782 - 3s - loss: 2.2971 - accuracy: 0.1184 - val_loss: 2.2789 - val_accuracy: 0.1824 - 3s/epoch - 4ms/step
Epoch 79/100
782/782 - 3s - loss: 2.2963 - accuracy: 0.1171 - val_loss: 2.2782 - val_accuracy: 0.1813 - 3s/epoch - 4ms/step
Epoch 80/100
782/782 - 3s - loss: 2.2985 - accuracy: 0.1140 - val_loss: 2.2776 - val_accuracy: 0.1820 - 3s/epoch - 4ms/step
Epoch 81/100
782/782 - 3s - loss: 2.2976 - accuracy: 0.1177 - val_loss: 2.2770 - val_accuracy: 0.1837 - 3s/epoch - 4ms/step
Epoch 82/100
782/782 - 3s - loss: 2.2958 - accuracy: 0.1189 - val_loss: 2.2764 - val_accuracy: 0.1829 - 3s/epoch - 4ms/step
Epoch 83/100
782/782 - 3s - loss: 2.2948 - accuracy: 0.1202 - val_loss: 2.2757 - val_accuracy: 0.1837 - 3s/epoch - 4ms/step
Epoch 84/100
782/782 - 3s - loss: 2.2957 - accuracy: 0.1195 - val_loss: 2.2750 - val_accuracy: 0.1832 - 3s/epoch - 4ms/step
Epoch 85/100
782/782 - 3s - loss: 2.2951 - accuracy: 0.1216 - val_loss: 2.2743 - val_accuracy: 0.1825 - 3s/epoch - 4ms/step
Epoch 86/100
782/782 - 3s - loss: 2.2969 - accuracy: 0.1196 - val_loss: 2.2737 - val_accuracy: 0.1829 - 3s/epoch - 4ms/step
Epoch 87/100
782/782 - 3s - loss: 2.2930 - accuracy: 0.1223 - val_loss: 2.2729 - val_accuracy: 0.1830 - 3s/epoch - 4ms/step
Epoch 88/100
782/782 - 3s - loss: 2.2921 - accuracy: 0.1247 - val_loss: 2.2721 - val_accuracy: 0.1820 - 3s/epoch - 4ms/step
Epoch 89/100
782/782 - 3s - loss: 2.2941 - accuracy: 0.1223 - val_loss: 2.2714 - val_accuracy: 0.1825 - 3s/epoch - 4ms/step
Epoch 90/100
782/782 - 3s - loss: 2.2925 - accuracy: 0.1238 - val_loss: 2.2706 - val_accuracy: 0.1824 - 3s/epoch - 4ms/step
Epoch 91/100
782/782 - 3s - loss: 2.2916 - accuracy: 0.1233 - val_loss: 2.2698 - val_accuracy: 0.1818 - 3s/epoch - 4ms/step
Epoch 92/100
782/782 - 3s - loss: 2.2924 - accuracy: 0.1220 - val_loss: 2.2691 - val_accuracy: 0.1831 - 3s/epoch - 4ms/step
Epoch 93/100
782/782 - 3s - loss: 2.2900 - accuracy: 0.1237 - val_loss: 2.2682 - val_accuracy: 0.1842 - 3s/epoch - 4ms/step
Epoch 94/100
782/782 - 3s - loss: 2.2902 - accuracy: 0.1218 - val_loss: 2.2673 - val_accuracy: 0.1820 - 3s/epoch - 4ms/step
Epoch 95/100
782/782 - 3s - loss: 2.2874 - accuracy: 0.1274 - val_loss: 2.2664 - val_accuracy: 0.1820 - 3s/epoch - 4ms/step
Epoch 96/100
782/782 - 3s - loss: 2.2912 - accuracy: 0.1221 - val_loss: 2.2657 - val_accuracy: 0.1816 - 3s/epoch - 4ms/step
Epoch 97/100
782/782 - 3s - loss: 2.2889 - accuracy: 0.1237 - val_loss: 2.2647 - val_accuracy: 0.1812 - 3s/epoch - 4ms/step
Epoch 98/100
782/782 - 3s - loss: 2.2890 - accuracy: 0.1235 - val_loss: 2.2637 - val_accuracy: 0.1807 - 3s/epoch - 4ms/step
Epoch 99/100
782/782 - 3s - loss: 2.2884 - accuracy: 0.1255 - val_loss: 2.2628 - val_accuracy: 0.1811 - 3s/epoch - 4ms/step
Epoch 100/100
782/782 - 3s - loss: 2.2880 - accuracy: 0.1280 - val_loss: 2.2619 - val_accuracy: 0.1811 - 3s/epoch - 4ms/step
313/313 - 1s - loss: 2.2619 - accuracy: 0.1813 - 583ms/epoch - 2ms/step

ACCURACY: 0.18129999935626984


SCORE: -0.40649917554938886

[92m | MODULE VALUES ---------------------------------------------  |
 [0m
FLOPS: 10205412
PARAMS: 67122.0
[92m 
 | -----------------------------------------------------------  |
 [0m

--- BANANAS ITERATION 16 / 1000 ---
Chosen point: {'num_neurons': 4, 'unit_c1': 3, 'unit_c2': 5, 'dr_f': 0.30537062467865217, 'learning_rate': 0.00030251210027480593, 'batch_size': 16, 'optimizer': 'Adadelta', 'activation': 'elu', 'data_augmentation': False, 'reg_l2': False, 'skip_connection': False, 'new_fc_1': 15, 'new_fc_2': 4, 'new_fc_3': 1, 'new_fc_4': 31, 'new_fc_5': 9, 'new_fc_6': 22, 'new_fc_7': 29, 'new_fc_8': 7, 'new_fc_9': 1, 'new_fc_10': 29}
[94m
|  --> START TRAINING ITERATION 15[0m
[INFO] Flags -> DA: False, L2: False, Skip: False
Building model with input_shape=(32, 32, 3), pos_input_shape=None, layer_x_block=2
Model: "model"
_________________________________________________________________
 Layer (type)                Output Shape              Param #   
=================================================================
 input_1 (InputLayer)        [(None, 32, 32, 3)]       0         
                                                                 
 conv2d (Conv2D)             (None, 32, 32, 12)        336       
                                                                 
 activation (Activation)     (None, 32, 32, 12)        0         
                                                                 
 conv2d_1 (Conv2D)           (None, 32, 32, 12)        1308      
                                                                 
 activation_1 (Activation)   (None, 32, 32, 12)        0         
                                                                 
 max_pooling2d (MaxPooling2  (None, 16, 16, 12)        0         
 D)                                                              
                                                                 
 conv2d_2 (Conv2D)           (None, 16, 16, 20)        2180      
                                                                 
 activation_2 (Activation)   (None, 16, 16, 20)        0         
                                                                 
 conv2d_3 (Conv2D)           (None, 16, 16, 20)        3620      
                                                                 
 activation_3 (Activation)   (None, 16, 16, 20)        0         
                                                                 
 max_pooling2d_1 (MaxPoolin  (None, 8, 8, 20)          0         
 g2D)                                                            
                                                                 
 flatten (Flatten)           (None, 1280)              0         
                                                                 
 dense (Dense)               (None, 60)                76860     
                                                                 
 activation_4 (Activation)   (None, 60)                0         
                                                                 
 dropout (Dropout)           (None, 60)                0         
                                                                 
 dense_1 (Dense)             (None, 16)                976       
                                                                 
 activation_5 (Activation)   (None, 16)                0         
                                                                 
 dropout_1 (Dropout)         (None, 16)                0         
                                                                 
 dense_2 (Dense)             (None, 4)                 68        
                                                                 
 activation_6 (Activation)   (None, 4)                 0         
                                                                 
 dropout_2 (Dropout)         (None, 4)                 0         
                                                                 
 dense_3 (Dense)             (None, 124)               620       
                                                                 
 activation_7 (Activation)   (None, 124)               0         
                                                                 
 dropout_3 (Dropout)         (None, 124)               0         
                                                                 
 dense_4 (Dense)             (None, 36)                4500      
                                                                 
 activation_8 (Activation)   (None, 36)                0         
                                                                 
 dropout_4 (Dropout)         (None, 36)                0         
                                                                 
 dense_5 (Dense)             (None, 88)                3256      
                                                                 
 activation_9 (Activation)   (None, 88)                0         
                                                                 
 dropout_5 (Dropout)         (None, 88)                0         
                                                                 
 dense_6 (Dense)             (None, 116)               10324     
                                                                 
 activation_10 (Activation)  (None, 116)               0         
                                                                 
 dropout_6 (Dropout)         (None, 116)               0         
                                                                 
 dense_7 (Dense)             (None, 28)                3276      
                                                                 
 activation_11 (Activation)  (None, 28)                0         
                                                                 
 dropout_7 (Dropout)         (None, 28)                0         
                                                                 
 dense_8 (Dense)             (None, 4)                 116       
                                                                 
 activation_12 (Activation)  (None, 4)                 0         
                                                                 
 dropout_8 (Dropout)         (None, 4)                 0         
                                                                 
 dense_9 (Dense)             (None, 116)               580       
                                                                 
 activation_13 (Activation)  (None, 116)               0         
                                                                 
 dropout_9 (Dropout)         (None, 116)               0         
                                                                 
 dense_10 (Dense)            (None, 10)                1170      
                                                                 
=================================================================
Total params: 109190 (426.52 KB)
Trainable params: 109190 (426.52 KB)
Non-trainable params: 0 (0.00 Byte)
_________________________________________________________________
Epoch 1/100
3125/3125 - 12s - loss: 2.3073 - accuracy: 0.0996 - val_loss: 2.3028 - val_accuracy: 0.0967 - 12s/epoch - 4ms/step
Epoch 2/100
3125/3125 - 10s - loss: 2.3062 - accuracy: 0.1004 - val_loss: 2.3026 - val_accuracy: 0.1036 - 10s/epoch - 3ms/step
Epoch 3/100
3125/3125 - 10s - loss: 2.3069 - accuracy: 0.1010 - val_loss: 2.3024 - val_accuracy: 0.1115 - 10s/epoch - 3ms/step
Epoch 4/100
3125/3125 - 10s - loss: 2.3061 - accuracy: 0.0989 - val_loss: 2.3023 - val_accuracy: 0.1162 - 10s/epoch - 3ms/step
Epoch 5/100
3125/3125 - 10s - loss: 2.3050 - accuracy: 0.1019 - val_loss: 2.3022 - val_accuracy: 0.1161 - 10s/epoch - 3ms/step
Epoch 6/100
3125/3125 - 10s - loss: 2.3060 - accuracy: 0.1002 - val_loss: 2.3020 - val_accuracy: 0.1180 - 10s/epoch - 3ms/step
Epoch 7/100
3125/3125 - 10s - loss: 2.3054 - accuracy: 0.0983 - val_loss: 2.3019 - val_accuracy: 0.1217 - 10s/epoch - 3ms/step
Epoch 8/100
3125/3125 - 10s - loss: 2.3053 - accuracy: 0.1010 - val_loss: 2.3018 - val_accuracy: 0.1203 - 10s/epoch - 3ms/step
Epoch 9/100
3125/3125 - 10s - loss: 2.3052 - accuracy: 0.1007 - val_loss: 2.3016 - val_accuracy: 0.1260 - 10s/epoch - 3ms/step
Epoch 10/100
3125/3125 - 10s - loss: 2.3053 - accuracy: 0.1022 - val_loss: 2.3015 - val_accuracy: 0.1280 - 10s/epoch - 3ms/step
Epoch 11/100
3125/3125 - 10s - loss: 2.3046 - accuracy: 0.0991 - val_loss: 2.3014 - val_accuracy: 0.1260 - 10s/epoch - 3ms/step
Epoch 12/100
3125/3125 - 10s - loss: 2.3049 - accuracy: 0.1011 - val_loss: 2.3012 - val_accuracy: 0.1275 - 10s/epoch - 3ms/step
Epoch 13/100
3125/3125 - 10s - loss: 2.3041 - accuracy: 0.1001 - val_loss: 2.3011 - val_accuracy: 0.1323 - 10s/epoch - 3ms/step
Epoch 14/100
3125/3125 - 10s - loss: 2.3037 - accuracy: 0.1034 - val_loss: 2.3009 - val_accuracy: 0.1327 - 10s/epoch - 3ms/step
Epoch 15/100
3125/3125 - 10s - loss: 2.3041 - accuracy: 0.1024 - val_loss: 2.3007 - val_accuracy: 0.1364 - 10s/epoch - 3ms/step
Epoch 16/100
3125/3125 - 10s - loss: 2.3042 - accuracy: 0.1030 - val_loss: 2.3006 - val_accuracy: 0.1375 - 10s/epoch - 3ms/step
Epoch 17/100
3125/3125 - 10s - loss: 2.3039 - accuracy: 0.1024 - val_loss: 2.3004 - val_accuracy: 0.1417 - 10s/epoch - 3ms/step
Epoch 18/100
3125/3125 - 10s - loss: 2.3039 - accuracy: 0.1016 - val_loss: 2.3002 - val_accuracy: 0.1425 - 10s/epoch - 3ms/step
Epoch 19/100
3125/3125 - 10s - loss: 2.3027 - accuracy: 0.1054 - val_loss: 2.3000 - val_accuracy: 0.1446 - 10s/epoch - 3ms/step
Epoch 20/100
3125/3125 - 10s - loss: 2.3034 - accuracy: 0.1019 - val_loss: 2.2998 - val_accuracy: 0.1510 - 10s/epoch - 3ms/step
Epoch 21/100
3125/3125 - 10s - loss: 2.3033 - accuracy: 0.1025 - val_loss: 2.2996 - val_accuracy: 0.1504 - 10s/epoch - 3ms/step
Epoch 22/100
3125/3125 - 10s - loss: 2.3032 - accuracy: 0.1033 - val_loss: 2.2993 - val_accuracy: 0.1502 - 10s/epoch - 3ms/step
Epoch 23/100
3125/3125 - 10s - loss: 2.3029 - accuracy: 0.1045 - val_loss: 2.2991 - val_accuracy: 0.1534 - 10s/epoch - 3ms/step
Epoch 24/100
3125/3125 - 10s - loss: 2.3023 - accuracy: 0.1049 - val_loss: 2.2988 - val_accuracy: 0.1557 - 10s/epoch - 3ms/step
Epoch 25/100
3125/3125 - 10s - loss: 2.3022 - accuracy: 0.1043 - val_loss: 2.2985 - val_accuracy: 0.1553 - 10s/epoch - 3ms/step
Epoch 26/100
3125/3125 - 10s - loss: 2.3018 - accuracy: 0.1066 - val_loss: 2.2982 - val_accuracy: 0.1575 - 10s/epoch - 3ms/step
Epoch 27/100
3125/3125 - 10s - loss: 2.3020 - accuracy: 0.1048 - val_loss: 2.2978 - val_accuracy: 0.1582 - 10s/epoch - 3ms/step
Epoch 28/100
3125/3125 - 10s - loss: 2.3014 - accuracy: 0.1082 - val_loss: 2.2974 - val_accuracy: 0.1612 - 10s/epoch - 3ms/step
Epoch 29/100
3125/3125 - 10s - loss: 2.3016 - accuracy: 0.1071 - val_loss: 2.2970 - val_accuracy: 0.1591 - 10s/epoch - 3ms/step
Epoch 30/100
3125/3125 - 10s - loss: 2.3006 - accuracy: 0.1095 - val_loss: 2.2965 - val_accuracy: 0.1620 - 10s/epoch - 3ms/step
Epoch 31/100
3125/3125 - 10s - loss: 2.3010 - accuracy: 0.1076 - val_loss: 2.2961 - val_accuracy: 0.1623 - 10s/epoch - 3ms/step
Epoch 32/100
3125/3125 - 10s - loss: 2.3005 - accuracy: 0.1087 - val_loss: 2.2955 - val_accuracy: 0.1679 - 10s/epoch - 3ms/step
Epoch 33/100
3125/3125 - 10s - loss: 2.3001 - accuracy: 0.1085 - val_loss: 2.2949 - val_accuracy: 0.1681 - 10s/epoch - 3ms/step
Epoch 34/100
3125/3125 - 10s - loss: 2.2993 - accuracy: 0.1083 - val_loss: 2.2942 - val_accuracy: 0.1675 - 10s/epoch - 3ms/step
Epoch 35/100
3125/3125 - 10s - loss: 2.2988 - accuracy: 0.1107 - val_loss: 2.2934 - val_accuracy: 0.1670 - 10s/epoch - 3ms/step
Epoch 36/100
3125/3125 - 10s - loss: 2.2983 - accuracy: 0.1123 - val_loss: 2.2926 - val_accuracy: 0.1679 - 10s/epoch - 3ms/step
Epoch 37/100
3125/3125 - 10s - loss: 2.2977 - accuracy: 0.1136 - val_loss: 2.2917 - val_accuracy: 0.1696 - 10s/epoch - 3ms/step
Epoch 38/100
3125/3125 - 10s - loss: 2.2974 - accuracy: 0.1150 - val_loss: 2.2907 - val_accuracy: 0.1697 - 10s/epoch - 3ms/step
Epoch 39/100
3125/3125 - 10s - loss: 2.2966 - accuracy: 0.1141 - val_loss: 2.2896 - val_accuracy: 0.1702 - 10s/epoch - 3ms/step
Epoch 40/100
3125/3125 - 10s - loss: 2.2950 - accuracy: 0.1170 - val_loss: 2.2884 - val_accuracy: 0.1676 - 10s/epoch - 3ms/step
Epoch 41/100
3125/3125 - 10s - loss: 2.2946 - accuracy: 0.1190 - val_loss: 2.2870 - val_accuracy: 0.1710 - 10s/epoch - 3ms/step
Epoch 42/100
3125/3125 - 10s - loss: 2.2937 - accuracy: 0.1192 - val_loss: 2.2854 - val_accuracy: 0.1716 - 10s/epoch - 3ms/step
Epoch 43/100
3125/3125 - 10s - loss: 2.2934 - accuracy: 0.1181 - val_loss: 2.2838 - val_accuracy: 0.1693 - 10s/epoch - 3ms/step
Epoch 44/100
3125/3125 - 10s - loss: 2.2917 - accuracy: 0.1209 - val_loss: 2.2820 - val_accuracy: 0.1695 - 10s/epoch - 3ms/step
Epoch 45/100
3125/3125 - 10s - loss: 2.2902 - accuracy: 0.1237 - val_loss: 2.2799 - val_accuracy: 0.1700 - 10s/epoch - 3ms/step
Epoch 46/100
3125/3125 - 10s - loss: 2.2889 - accuracy: 0.1237 - val_loss: 2.2777 - val_accuracy: 0.1695 - 10s/epoch - 3ms/step
Epoch 47/100
3125/3125 - 10s - loss: 2.2877 - accuracy: 0.1281 - val_loss: 2.2752 - val_accuracy: 0.1689 - 10s/epoch - 3ms/step
Epoch 48/100
3125/3125 - 10s - loss: 2.2854 - accuracy: 0.1287 - val_loss: 2.2726 - val_accuracy: 0.1701 - 10s/epoch - 3ms/step
Epoch 49/100
3125/3125 - 10s - loss: 2.2838 - accuracy: 0.1311 - val_loss: 2.2697 - val_accuracy: 0.1697 - 10s/epoch - 3ms/step
Epoch 50/100
3125/3125 - 10s - loss: 2.2825 - accuracy: 0.1307 - val_loss: 2.2666 - val_accuracy: 0.1701 - 10s/epoch - 3ms/step
Epoch 51/100
3125/3125 - 10s - loss: 2.2791 - accuracy: 0.1350 - val_loss: 2.2632 - val_accuracy: 0.1682 - 10s/epoch - 3ms/step
Epoch 52/100
3125/3125 - 10s - loss: 2.2770 - accuracy: 0.1361 - val_loss: 2.2596 - val_accuracy: 0.1687 - 10s/epoch - 3ms/step
Epoch 53/100
3125/3125 - 10s - loss: 2.2749 - accuracy: 0.1370 - val_loss: 2.2559 - val_accuracy: 0.1688 - 10s/epoch - 3ms/step
Epoch 54/100
3125/3125 - 10s - loss: 2.2732 - accuracy: 0.1390 - val_loss: 2.2520 - val_accuracy: 0.1691 - 10s/epoch - 3ms/step
Epoch 55/100
3125/3125 - 10s - loss: 2.2701 - accuracy: 0.1372 - val_loss: 2.2478 - val_accuracy: 0.1691 - 10s/epoch - 3ms/step
Epoch 56/100
3125/3125 - 10s - loss: 2.2689 - accuracy: 0.1393 - val_loss: 2.2435 - val_accuracy: 0.1678 - 10s/epoch - 3ms/step
Epoch 57/100
3125/3125 - 10s - loss: 2.2667 - accuracy: 0.1400 - val_loss: 2.2392 - val_accuracy: 0.1677 - 10s/epoch - 3ms/step
Epoch 58/100
3125/3125 - 10s - loss: 2.2642 - accuracy: 0.1392 - val_loss: 2.2348 - val_accuracy: 0.1682 - 10s/epoch - 3ms/step
Epoch 59/100
3125/3125 - 10s - loss: 2.2601 - accuracy: 0.1440 - val_loss: 2.2300 - val_accuracy: 0.1685 - 10s/epoch - 3ms/step
Epoch 60/100
3125/3125 - 10s - loss: 2.2575 - accuracy: 0.1446 - val_loss: 2.2253 - val_accuracy: 0.1693 - 10s/epoch - 3ms/step
Epoch 61/100
3125/3125 - 10s - loss: 2.2552 - accuracy: 0.1468 - val_loss: 2.2206 - val_accuracy: 0.1704 - 10s/epoch - 3ms/step
Epoch 62/100
Restoring model weights from the end of the best epoch: 32.
3125/3125 - 10s - loss: 2.2515 - accuracy: 0.1482 - val_loss: 2.2157 - val_accuracy: 0.1696 - 10s/epoch - 3ms/step
Epoch 62: early stopping
313/313 - 1s - loss: 2.2955 - accuracy: 0.1679 - 892ms/epoch - 3ms/step

ACCURACY: 0.1678999960422516


SCORE: -0.40448590922957606

[92m | MODULE VALUES ---------------------------------------------  |
 [0m
FLOPS: 6522044
PARAMS: 109190.0
[92m 
 | -----------------------------------------------------------  |
 [0m

--- BANANAS ITERATION 17 / 1000 ---
Chosen point: {'num_neurons': 4, 'unit_c1': 4, 'unit_c2': 7, 'dr_f': 0.1728712225663442, 'learning_rate': 0.0004207461159839864, 'batch_size': 64, 'optimizer': 'Adagrad', 'activation': 'elu', 'data_augmentation': False, 'reg_l2': False, 'skip_connection': True, 'new_fc_1': 13, 'new_fc_2': 6, 'new_fc_3': 0, 'new_fc_4': 2, 'new_fc_5': 15, 'new_fc_6': 12, 'new_fc_7': 31, 'new_fc_8': 16, 'new_fc_9': 18, 'new_fc_10': 6}
[94m
|  --> START TRAINING ITERATION 16[0m
[INFO] Flags -> DA: False, L2: False, Skip: True
Building model with input_shape=(32, 32, 3), pos_input_shape=None, layer_x_block=2
Model: "model"
__________________________________________________________________________________________________
 Layer (type)                Output Shape                 Param #   Connected to                  
==================================================================================================
 input_1 (InputLayer)        [(None, 32, 32, 3)]          0         []                            
                                                                                                  
 conv2d (Conv2D)             (None, 32, 32, 16)           448       ['input_1[0][0]']             
                                                                                                  
 activation (Activation)     (None, 32, 32, 16)           0         ['conv2d[0][0]']              
                                                                                                  
 conv2d_2 (Conv2D)           (None, 32, 32, 16)           64        ['input_1[0][0]']             
                                                                                                  
 conv2d_1 (Conv2D)           (None, 32, 32, 16)           2320      ['activation[0][0]']          
                                                                                                  
 add (Add)                   (None, 32, 32, 16)           0         ['conv2d_2[0][0]',            
                                                                     'conv2d_1[0][0]']            
                                                                                                  
 activation_1 (Activation)   (None, 32, 32, 16)           0         ['add[0][0]']                 
                                                                                                  
 max_pooling2d (MaxPooling2  (None, 16, 16, 16)           0         ['activation_1[0][0]']        
 D)                                                                                               
                                                                                                  
 conv2d_3 (Conv2D)           (None, 16, 16, 28)           4060      ['max_pooling2d[0][0]']       
                                                                                                  
 activation_2 (Activation)   (None, 16, 16, 28)           0         ['conv2d_3[0][0]']            
                                                                                                  
 conv2d_5 (Conv2D)           (None, 16, 16, 28)           476       ['max_pooling2d[0][0]']       
                                                                                                  
 conv2d_4 (Conv2D)           (None, 16, 16, 28)           7084      ['activation_2[0][0]']        
                                                                                                  
 add_1 (Add)                 (None, 16, 16, 28)           0         ['conv2d_5[0][0]',            
                                                                     'conv2d_4[0][0]']            
                                                                                                  
 activation_3 (Activation)   (None, 16, 16, 28)           0         ['add_1[0][0]']               
                                                                                                  
 max_pooling2d_1 (MaxPoolin  (None, 8, 8, 28)             0         ['activation_3[0][0]']        
 g2D)                                                                                             
                                                                                                  
 flatten (Flatten)           (None, 1792)                 0         ['max_pooling2d_1[0][0]']     
                                                                                                  
 dense (Dense)               (None, 52)                   93236     ['flatten[0][0]']             
                                                                                                  
 activation_4 (Activation)   (None, 52)                   0         ['dense[0][0]']               
                                                                                                  
 dropout (Dropout)           (None, 52)                   0         ['activation_4[0][0]']        
                                                                                                  
 dense_1 (Dense)             (None, 24)                   1272      ['dropout[0][0]']             
                                                                                                  
 activation_5 (Activation)   (None, 24)                   0         ['dense_1[0][0]']             
                                                                                                  
 dropout_1 (Dropout)         (None, 24)                   0         ['activation_5[0][0]']        
                                                                                                  
 dense_2 (Dense)             (None, 8)                    200       ['dropout_1[0][0]']           
                                                                                                  
 activation_6 (Activation)   (None, 8)                    0         ['dense_2[0][0]']             
                                                                                                  
 dropout_2 (Dropout)         (None, 8)                    0         ['activation_6[0][0]']        
                                                                                                  
 dense_3 (Dense)             (None, 60)                   540       ['dropout_2[0][0]']           
                                                                                                  
 activation_7 (Activation)   (None, 60)                   0         ['dense_3[0][0]']             
                                                                                                  
 dropout_3 (Dropout)         (None, 60)                   0         ['activation_7[0][0]']        
                                                                                                  
 dense_4 (Dense)             (None, 48)                   2928      ['dropout_3[0][0]']           
                                                                                                  
 activation_8 (Activation)   (None, 48)                   0         ['dense_4[0][0]']             
                                                                                                  
 dropout_4 (Dropout)         (None, 48)                   0         ['activation_8[0][0]']        
                                                                                                  
 dense_5 (Dense)             (None, 124)                  6076      ['dropout_4[0][0]']           
                                                                                                  
 activation_9 (Activation)   (None, 124)                  0         ['dense_5[0][0]']             
                                                                                                  
 dropout_5 (Dropout)         (None, 124)                  0         ['activation_9[0][0]']        
                                                                                                  
 dense_6 (Dense)             (None, 64)                   8000      ['dropout_5[0][0]']           
                                                                                                  
 activation_10 (Activation)  (None, 64)                   0         ['dense_6[0][0]']             
                                                                                                  
 dropout_6 (Dropout)         (None, 64)                   0         ['activation_10[0][0]']       
                                                                                                  
 dense_7 (Dense)             (None, 72)                   4680      ['dropout_6[0][0]']           
                                                                                                  
 activation_11 (Activation)  (None, 72)                   0         ['dense_7[0][0]']             
                                                                                                  
 dropout_7 (Dropout)         (None, 72)                   0         ['activation_11[0][0]']       
                                                                                                  
 dense_8 (Dense)             (None, 24)                   1752      ['dropout_7[0][0]']           
                                                                                                  
 activation_12 (Activation)  (None, 24)                   0         ['dense_8[0][0]']             
                                                                                                  
 dropout_8 (Dropout)         (None, 24)                   0         ['activation_12[0][0]']       
                                                                                                  
 dense_9 (Dense)             (None, 10)                   250       ['dropout_8[0][0]']           
                                                                                                  
==================================================================================================
Total params: 133386 (521.04 KB)
Trainable params: 133386 (521.04 KB)
Non-trainable params: 0 (0.00 Byte)
__________________________________________________________________________________________________
Epoch 1/100
782/782 - 5s - loss: 2.3240 - accuracy: 0.0998 - val_loss: 2.2731 - val_accuracy: 0.1824 - 5s/epoch - 7ms/step
Epoch 2/100
782/782 - 3s - loss: 2.2645 - accuracy: 0.1444 - val_loss: 2.1837 - val_accuracy: 0.2343 - 3s/epoch - 4ms/step
Epoch 3/100
782/782 - 3s - loss: 2.1891 - accuracy: 0.1841 - val_loss: 2.0833 - val_accuracy: 0.2372 - 3s/epoch - 4ms/step
Epoch 4/100
782/782 - 3s - loss: 2.1213 - accuracy: 0.2071 - val_loss: 2.0075 - val_accuracy: 0.2503 - 3s/epoch - 4ms/step
Epoch 5/100
782/782 - 3s - loss: 2.0774 - accuracy: 0.2163 - val_loss: 1.9551 - val_accuracy: 0.2710 - 3s/epoch - 4ms/step
Epoch 6/100
782/782 - 3s - loss: 2.0380 - accuracy: 0.2280 - val_loss: 1.9168 - val_accuracy: 0.2784 - 3s/epoch - 4ms/step
Epoch 7/100
782/782 - 3s - loss: 2.0139 - accuracy: 0.2304 - val_loss: 1.8837 - val_accuracy: 0.2873 - 3s/epoch - 4ms/step
Epoch 8/100
782/782 - 3s - loss: 1.9909 - accuracy: 0.2391 - val_loss: 1.8610 - val_accuracy: 0.2907 - 3s/epoch - 4ms/step
Epoch 9/100
782/782 - 3s - loss: 1.9763 - accuracy: 0.2410 - val_loss: 1.8435 - val_accuracy: 0.2954 - 3s/epoch - 4ms/step
Epoch 10/100
782/782 - 4s - loss: 1.9586 - accuracy: 0.2453 - val_loss: 1.8288 - val_accuracy: 0.3018 - 4s/epoch - 4ms/step
Epoch 11/100
782/782 - 3s - loss: 1.9468 - accuracy: 0.2489 - val_loss: 1.8171 - val_accuracy: 0.3046 - 3s/epoch - 4ms/step
Epoch 12/100
782/782 - 3s - loss: 1.9364 - accuracy: 0.2513 - val_loss: 1.8051 - val_accuracy: 0.3098 - 3s/epoch - 4ms/step
Epoch 13/100
782/782 - 3s - loss: 1.9267 - accuracy: 0.2511 - val_loss: 1.7944 - val_accuracy: 0.3095 - 3s/epoch - 4ms/step
Epoch 14/100
782/782 - 3s - loss: 1.9195 - accuracy: 0.2563 - val_loss: 1.7853 - val_accuracy: 0.3135 - 3s/epoch - 4ms/step
Epoch 15/100
782/782 - 3s - loss: 1.9099 - accuracy: 0.2564 - val_loss: 1.7730 - val_accuracy: 0.3223 - 3s/epoch - 4ms/step
Epoch 16/100
782/782 - 3s - loss: 1.9017 - accuracy: 0.2593 - val_loss: 1.7640 - val_accuracy: 0.3241 - 3s/epoch - 4ms/step
Epoch 17/100
782/782 - 3s - loss: 1.8976 - accuracy: 0.2614 - val_loss: 1.7559 - val_accuracy: 0.3298 - 3s/epoch - 4ms/step
Epoch 18/100
782/782 - 3s - loss: 1.8879 - accuracy: 0.2647 - val_loss: 1.7490 - val_accuracy: 0.3329 - 3s/epoch - 4ms/step
Epoch 19/100
782/782 - 3s - loss: 1.8832 - accuracy: 0.2671 - val_loss: 1.7408 - val_accuracy: 0.3361 - 3s/epoch - 4ms/step
Epoch 20/100
782/782 - 3s - loss: 1.8756 - accuracy: 0.2713 - val_loss: 1.7334 - val_accuracy: 0.3392 - 3s/epoch - 4ms/step
Epoch 21/100
782/782 - 3s - loss: 1.8683 - accuracy: 0.2707 - val_loss: 1.7263 - val_accuracy: 0.3439 - 3s/epoch - 4ms/step
Epoch 22/100
782/782 - 3s - loss: 1.8672 - accuracy: 0.2761 - val_loss: 1.7204 - val_accuracy: 0.3460 - 3s/epoch - 4ms/step
Epoch 23/100
782/782 - 3s - loss: 1.8596 - accuracy: 0.2768 - val_loss: 1.7128 - val_accuracy: 0.3485 - 3s/epoch - 4ms/step
Epoch 24/100
782/782 - 3s - loss: 1.8546 - accuracy: 0.2811 - val_loss: 1.7063 - val_accuracy: 0.3516 - 3s/epoch - 4ms/step
Epoch 25/100
782/782 - 3s - loss: 1.8435 - accuracy: 0.2844 - val_loss: 1.7006 - val_accuracy: 0.3510 - 3s/epoch - 4ms/step
Epoch 26/100
782/782 - 3s - loss: 1.8435 - accuracy: 0.2849 - val_loss: 1.6952 - val_accuracy: 0.3556 - 3s/epoch - 4ms/step
Epoch 27/100
782/782 - 3s - loss: 1.8407 - accuracy: 0.2834 - val_loss: 1.6892 - val_accuracy: 0.3581 - 3s/epoch - 4ms/step
Epoch 28/100
782/782 - 3s - loss: 1.8359 - accuracy: 0.2876 - val_loss: 1.6835 - val_accuracy: 0.3600 - 3s/epoch - 4ms/step
Epoch 29/100
782/782 - 3s - loss: 1.8301 - accuracy: 0.2886 - val_loss: 1.6813 - val_accuracy: 0.3631 - 3s/epoch - 4ms/step
Epoch 30/100
782/782 - 3s - loss: 1.8260 - accuracy: 0.2918 - val_loss: 1.6739 - val_accuracy: 0.3648 - 3s/epoch - 4ms/step
Epoch 31/100
782/782 - 3s - loss: 1.8273 - accuracy: 0.2906 - val_loss: 1.6700 - val_accuracy: 0.3651 - 3s/epoch - 4ms/step
Epoch 32/100
782/782 - 4s - loss: 1.8227 - accuracy: 0.2904 - val_loss: 1.6649 - val_accuracy: 0.3667 - 4s/epoch - 5ms/step
Epoch 33/100
782/782 - 3s - loss: 1.8184 - accuracy: 0.2953 - val_loss: 1.6602 - val_accuracy: 0.3692 - 3s/epoch - 4ms/step
Epoch 34/100
782/782 - 3s - loss: 1.8135 - accuracy: 0.2968 - val_loss: 1.6560 - val_accuracy: 0.3723 - 3s/epoch - 4ms/step
Epoch 35/100
782/782 - 3s - loss: 1.8083 - accuracy: 0.2983 - val_loss: 1.6515 - val_accuracy: 0.3760 - 3s/epoch - 4ms/step
Epoch 36/100
782/782 - 3s - loss: 1.8048 - accuracy: 0.3003 - val_loss: 1.6521 - val_accuracy: 0.3714 - 3s/epoch - 4ms/step
Epoch 37/100
782/782 - 4s - loss: 1.8019 - accuracy: 0.3034 - val_loss: 1.6439 - val_accuracy: 0.3808 - 4s/epoch - 5ms/step
Epoch 38/100
782/782 - 4s - loss: 1.7982 - accuracy: 0.3036 - val_loss: 1.6415 - val_accuracy: 0.3814 - 4s/epoch - 5ms/step
Epoch 39/100
782/782 - 4s - loss: 1.7976 - accuracy: 0.3027 - val_loss: 1.6369 - val_accuracy: 0.3832 - 4s/epoch - 5ms/step
Epoch 40/100
782/782 - 4s - loss: 1.7937 - accuracy: 0.3057 - val_loss: 1.6343 - val_accuracy: 0.3856 - 4s/epoch - 5ms/step
Epoch 41/100
782/782 - 4s - loss: 1.7918 - accuracy: 0.3044 - val_loss: 1.6306 - val_accuracy: 0.3859 - 4s/epoch - 5ms/step
Epoch 42/100
782/782 - 4s - loss: 1.7880 - accuracy: 0.3078 - val_loss: 1.6288 - val_accuracy: 0.3857 - 4s/epoch - 5ms/step
Epoch 43/100
782/782 - 4s - loss: 1.7834 - accuracy: 0.3087 - val_loss: 1.6248 - val_accuracy: 0.3889 - 4s/epoch - 5ms/step
Epoch 44/100
782/782 - 4s - loss: 1.7788 - accuracy: 0.3097 - val_loss: 1.6212 - val_accuracy: 0.3885 - 4s/epoch - 4ms/step
Epoch 45/100
782/782 - 4s - loss: 1.7793 - accuracy: 0.3125 - val_loss: 1.6195 - val_accuracy: 0.3895 - 4s/epoch - 5ms/step
Epoch 46/100
782/782 - 4s - loss: 1.7755 - accuracy: 0.3124 - val_loss: 1.6168 - val_accuracy: 0.3886 - 4s/epoch - 5ms/step
Epoch 47/100
782/782 - 4s - loss: 1.7741 - accuracy: 0.3119 - val_loss: 1.6153 - val_accuracy: 0.3948 - 4s/epoch - 4ms/step
Epoch 48/100
782/782 - 4s - loss: 1.7750 - accuracy: 0.3126 - val_loss: 1.6105 - val_accuracy: 0.3952 - 4s/epoch - 5ms/step
Epoch 49/100
782/782 - 4s - loss: 1.7708 - accuracy: 0.3142 - val_loss: 1.6075 - val_accuracy: 0.3958 - 4s/epoch - 5ms/step
Epoch 50/100
782/782 - 3s - loss: 1.7683 - accuracy: 0.3158 - val_loss: 1.6077 - val_accuracy: 0.3954 - 3s/epoch - 4ms/step
Epoch 51/100
782/782 - 4s - loss: 1.7667 - accuracy: 0.3156 - val_loss: 1.6025 - val_accuracy: 0.3986 - 4s/epoch - 5ms/step
Epoch 52/100
782/782 - 4s - loss: 1.7598 - accuracy: 0.3170 - val_loss: 1.6001 - val_accuracy: 0.3990 - 4s/epoch - 4ms/step
Epoch 53/100
782/782 - 4s - loss: 1.7634 - accuracy: 0.3190 - val_loss: 1.5974 - val_accuracy: 0.4009 - 4s/epoch - 4ms/step
Epoch 54/100
782/782 - 4s - loss: 1.7580 - accuracy: 0.3200 - val_loss: 1.5957 - val_accuracy: 0.4030 - 4s/epoch - 4ms/step
Epoch 55/100
782/782 - 4s - loss: 1.7573 - accuracy: 0.3196 - val_loss: 1.5916 - val_accuracy: 0.4046 - 4s/epoch - 5ms/step
Epoch 56/100
782/782 - 4s - loss: 1.7560 - accuracy: 0.3188 - val_loss: 1.5895 - val_accuracy: 0.4055 - 4s/epoch - 5ms/step
Epoch 57/100
782/782 - 4s - loss: 1.7509 - accuracy: 0.3252 - val_loss: 1.5879 - val_accuracy: 0.4065 - 4s/epoch - 5ms/step
Epoch 58/100
782/782 - 4s - loss: 1.7476 - accuracy: 0.3239 - val_loss: 1.5840 - val_accuracy: 0.4070 - 4s/epoch - 5ms/step
Epoch 59/100
782/782 - 4s - loss: 1.7490 - accuracy: 0.3231 - val_loss: 1.5818 - val_accuracy: 0.4094 - 4s/epoch - 5ms/step
Epoch 60/100
782/782 - 4s - loss: 1.7443 - accuracy: 0.3232 - val_loss: 1.5801 - val_accuracy: 0.4130 - 4s/epoch - 5ms/step
Epoch 61/100
782/782 - 4s - loss: 1.7439 - accuracy: 0.3265 - val_loss: 1.5793 - val_accuracy: 0.4120 - 4s/epoch - 5ms/step
Epoch 62/100
782/782 - 4s - loss: 1.7414 - accuracy: 0.3276 - val_loss: 1.5750 - val_accuracy: 0.4111 - 4s/epoch - 5ms/step
Epoch 63/100
782/782 - 4s - loss: 1.7414 - accuracy: 0.3293 - val_loss: 1.5735 - val_accuracy: 0.4149 - 4s/epoch - 4ms/step
Epoch 64/100
782/782 - 4s - loss: 1.7403 - accuracy: 0.3266 - val_loss: 1.5711 - val_accuracy: 0.4144 - 4s/epoch - 5ms/step
Epoch 65/100
782/782 - 4s - loss: 1.7347 - accuracy: 0.3285 - val_loss: 1.5676 - val_accuracy: 0.4141 - 4s/epoch - 5ms/step
Epoch 66/100
782/782 - 4s - loss: 1.7321 - accuracy: 0.3314 - val_loss: 1.5667 - val_accuracy: 0.4151 - 4s/epoch - 5ms/step
Epoch 67/100
782/782 - 4s - loss: 1.7288 - accuracy: 0.3322 - val_loss: 1.5630 - val_accuracy: 0.4172 - 4s/epoch - 5ms/step
Epoch 68/100
782/782 - 4s - loss: 1.7298 - accuracy: 0.3327 - val_loss: 1.5606 - val_accuracy: 0.4178 - 4s/epoch - 5ms/step
Epoch 69/100
782/782 - 4s - loss: 1.7343 - accuracy: 0.3325 - val_loss: 1.5589 - val_accuracy: 0.4173 - 4s/epoch - 4ms/step
Epoch 70/100
782/782 - 4s - loss: 1.7296 - accuracy: 0.3311 - val_loss: 1.5566 - val_accuracy: 0.4210 - 4s/epoch - 5ms/step
Epoch 71/100
782/782 - 4s - loss: 1.7232 - accuracy: 0.3353 - val_loss: 1.5541 - val_accuracy: 0.4211 - 4s/epoch - 5ms/step
Epoch 72/100
782/782 - 4s - loss: 1.7283 - accuracy: 0.3303 - val_loss: 1.5525 - val_accuracy: 0.4229 - 4s/epoch - 4ms/step
Epoch 73/100
782/782 - 4s - loss: 1.7227 - accuracy: 0.3368 - val_loss: 1.5499 - val_accuracy: 0.4211 - 4s/epoch - 5ms/step
Epoch 74/100
782/782 - 4s - loss: 1.7179 - accuracy: 0.3369 - val_loss: 1.5513 - val_accuracy: 0.4222 - 4s/epoch - 5ms/step
Epoch 75/100
782/782 - 4s - loss: 1.7200 - accuracy: 0.3388 - val_loss: 1.5457 - val_accuracy: 0.4253 - 4s/epoch - 5ms/step
Epoch 76/100
782/782 - 4s - loss: 1.7185 - accuracy: 0.3341 - val_loss: 1.5437 - val_accuracy: 0.4258 - 4s/epoch - 4ms/step
Epoch 77/100
782/782 - 4s - loss: 1.7142 - accuracy: 0.3388 - val_loss: 1.5448 - val_accuracy: 0.4263 - 4s/epoch - 4ms/step
Epoch 78/100
782/782 - 4s - loss: 1.7149 - accuracy: 0.3384 - val_loss: 1.5423 - val_accuracy: 0.4247 - 4s/epoch - 4ms/step
Epoch 79/100
782/782 - 3s - loss: 1.7112 - accuracy: 0.3395 - val_loss: 1.5372 - val_accuracy: 0.4259 - 3s/epoch - 4ms/step
Epoch 80/100
782/782 - 4s - loss: 1.7141 - accuracy: 0.3356 - val_loss: 1.5352 - val_accuracy: 0.4265 - 4s/epoch - 5ms/step
Epoch 81/100
782/782 - 4s - loss: 1.7087 - accuracy: 0.3445 - val_loss: 1.5333 - val_accuracy: 0.4274 - 4s/epoch - 5ms/step
Epoch 82/100
782/782 - 4s - loss: 1.7055 - accuracy: 0.3423 - val_loss: 1.5317 - val_accuracy: 0.4277 - 4s/epoch - 5ms/step
Epoch 83/100
782/782 - 4s - loss: 1.7101 - accuracy: 0.3398 - val_loss: 1.5300 - val_accuracy: 0.4308 - 4s/epoch - 5ms/step
Epoch 84/100
782/782 - 4s - loss: 1.7034 - accuracy: 0.3429 - val_loss: 1.5288 - val_accuracy: 0.4292 - 4s/epoch - 5ms/step
Epoch 85/100
782/782 - 4s - loss: 1.6960 - accuracy: 0.3478 - val_loss: 1.5269 - val_accuracy: 0.4314 - 4s/epoch - 4ms/step
Epoch 86/100
782/782 - 4s - loss: 1.6964 - accuracy: 0.3504 - val_loss: 1.5241 - val_accuracy: 0.4307 - 4s/epoch - 4ms/step
Epoch 87/100
782/782 - 4s - loss: 1.7035 - accuracy: 0.3431 - val_loss: 1.5225 - val_accuracy: 0.4346 - 4s/epoch - 5ms/step
Epoch 88/100
782/782 - 4s - loss: 1.6951 - accuracy: 0.3479 - val_loss: 1.5220 - val_accuracy: 0.4327 - 4s/epoch - 5ms/step
Epoch 89/100
782/782 - 4s - loss: 1.6939 - accuracy: 0.3479 - val_loss: 1.5194 - val_accuracy: 0.4342 - 4s/epoch - 5ms/step
Epoch 90/100
782/782 - 4s - loss: 1.6941 - accuracy: 0.3461 - val_loss: 1.5173 - val_accuracy: 0.4338 - 4s/epoch - 5ms/step
Epoch 91/100
782/782 - 4s - loss: 1.6978 - accuracy: 0.3432 - val_loss: 1.5173 - val_accuracy: 0.4354 - 4s/epoch - 5ms/step
Epoch 92/100
782/782 - 4s - loss: 1.6893 - accuracy: 0.3435 - val_loss: 1.5135 - val_accuracy: 0.4333 - 4s/epoch - 4ms/step
Epoch 93/100
782/782 - 4s - loss: 1.6914 - accuracy: 0.3481 - val_loss: 1.5127 - val_accuracy: 0.4362 - 4s/epoch - 5ms/step
Epoch 94/100
782/782 - 3s - loss: 1.6879 - accuracy: 0.3508 - val_loss: 1.5115 - val_accuracy: 0.4353 - 3s/epoch - 4ms/step
Epoch 95/100
782/782 - 4s - loss: 1.6867 - accuracy: 0.3510 - val_loss: 1.5094 - val_accuracy: 0.4367 - 4s/epoch - 5ms/step
Epoch 96/100
782/782 - 4s - loss: 1.6884 - accuracy: 0.3477 - val_loss: 1.5074 - val_accuracy: 0.4350 - 4s/epoch - 5ms/step
Epoch 97/100
782/782 - 4s - loss: 1.6852 - accuracy: 0.3509 - val_loss: 1.5068 - val_accuracy: 0.4355 - 4s/epoch - 5ms/step
Epoch 98/100
782/782 - 4s - loss: 1.6835 - accuracy: 0.3523 - val_loss: 1.5052 - val_accuracy: 0.4385 - 4s/epoch - 5ms/step
Epoch 99/100
782/782 - 4s - loss: 1.6813 - accuracy: 0.3515 - val_loss: 1.5033 - val_accuracy: 0.4390 - 4s/epoch - 5ms/step
Epoch 100/100
782/782 - 4s - loss: 1.6833 - accuracy: 0.3511 - val_loss: 1.5014 - val_accuracy: 0.4385 - 4s/epoch - 5ms/step
313/313 - 1s - loss: 1.5014 - accuracy: 0.4387 - 542ms/epoch - 2ms/step

ACCURACY: 0.43869999051094055


SCORE: -0.5831634813576583

[92m | MODULE VALUES ---------------------------------------------  |
 [0m
FLOPS: 11963256
PARAMS: 133386.0
[92m 
 | -----------------------------------------------------------  |
 [0m

--- BANANAS ITERATION 18 / 1000 ---
Chosen point: {'num_neurons': 4, 'unit_c1': 1, 'unit_c2': 3, 'dr_f': 0.3215927417568293, 'learning_rate': 0.0002773814025094452, 'batch_size': 32, 'optimizer': 'Adamax', 'activation': 'elu', 'data_augmentation': True, 'reg_l2': False, 'skip_connection': False, 'new_fc_1': 22, 'new_fc_2': 5, 'new_fc_3': 12, 'new_fc_4': 0, 'new_fc_5': 13, 'new_fc_6': 18, 'new_fc_7': 26, 'new_fc_8': 31, 'new_fc_9': 25, 'new_fc_10': 6}
[94m
|  --> START TRAINING ITERATION 17[0m
[INFO] Flags -> DA: True, L2: False, Skip: False
Building model with input_shape=(32, 32, 3), pos_input_shape=None, layer_x_block=2
Model: "model"
_________________________________________________________________
 Layer (type)                Output Shape              Param #   
=================================================================
 input_2 (InputLayer)        [(None, 32, 32, 3)]       0         
                                                                 
 conv2d (Conv2D)             (None, 32, 32, 4)         112       
                                                                 
 activation (Activation)     (None, 32, 32, 4)         0         
                                                                 
 conv2d_1 (Conv2D)           (None, 32, 32, 4)         148       
                                                                 
 activation_1 (Activation)   (None, 32, 32, 4)         0         
                                                                 
 max_pooling2d (MaxPooling2  (None, 16, 16, 4)         0         
 D)                                                              
                                                                 
 conv2d_2 (Conv2D)           (None, 16, 16, 12)        444       
                                                                 
 activation_2 (Activation)   (None, 16, 16, 12)        0         
                                                                 
 conv2d_3 (Conv2D)           (None, 16, 16, 12)        1308      
                                                                 
 activation_3 (Activation)   (None, 16, 16, 12)        0         
                                                                 
 max_pooling2d_1 (MaxPoolin  (None, 8, 8, 12)          0         
 g2D)                                                            
                                                                 
 flatten (Flatten)           (None, 768)               0         
                                                                 
 dense (Dense)               (None, 88)                67672     
                                                                 
 activation_4 (Activation)   (None, 88)                0         
                                                                 
 dropout (Dropout)           (None, 88)                0         
                                                                 
 dense_1 (Dense)             (None, 20)                1780      
                                                                 
 activation_5 (Activation)   (None, 20)                0         
                                                                 
 dropout_1 (Dropout)         (None, 20)                0         
                                                                 
 dense_2 (Dense)             (None, 48)                1008      
                                                                 
 activation_6 (Activation)   (None, 48)                0         
                                                                 
 dropout_2 (Dropout)         (None, 48)                0         
                                                                 
 dense_3 (Dense)             (None, 52)                2548      
                                                                 
 activation_7 (Activation)   (None, 52)                0         
                                                                 
 dropout_3 (Dropout)         (None, 52)                0         
                                                                 
 dense_4 (Dense)             (None, 72)                3816      
                                                                 
 activation_8 (Activation)   (None, 72)                0         
                                                                 
 dropout_4 (Dropout)         (None, 72)                0         
                                                                 
 dense_5 (Dense)             (None, 104)               7592      
                                                                 
 activation_9 (Activation)   (None, 104)               0         
                                                                 
 dropout_5 (Dropout)         (None, 104)               0         
                                                                 
 dense_6 (Dense)             (None, 124)               13020     
                                                                 
 activation_10 (Activation)  (None, 124)               0         
                                                                 
 dropout_6 (Dropout)         (None, 124)               0         
                                                                 
 dense_7 (Dense)             (None, 100)               12500     
                                                                 
 activation_11 (Activation)  (None, 100)               0         
                                                                 
 dropout_7 (Dropout)         (None, 100)               0         
                                                                 
 dense_8 (Dense)             (None, 24)                2424      
                                                                 
 activation_12 (Activation)  (None, 24)                0         
                                                                 
 dropout_8 (Dropout)         (None, 24)                0         
                                                                 
 dense_9 (Dense)             (None, 10)                250       
                                                                 
=================================================================
Total params: 114622 (447.74 KB)
Trainable params: 114622 (447.74 KB)
Non-trainable params: 0 (0.00 Byte)
_________________________________________________________________
Epoch 1/100
1563/1563 - 8s - loss: 2.1608 - accuracy: 0.1740 - val_loss: 1.8629 - val_accuracy: 0.2730 - 8s/epoch - 5ms/step
Epoch 2/100
1563/1563 - 5s - loss: 1.9909 - accuracy: 0.2279 - val_loss: 1.7916 - val_accuracy: 0.2940 - 5s/epoch - 3ms/step
Epoch 3/100
1563/1563 - 5s - loss: 1.9293 - accuracy: 0.2466 - val_loss: 1.7399 - val_accuracy: 0.3220 - 5s/epoch - 3ms/step
Epoch 4/100
1563/1563 - 5s - loss: 1.8822 - accuracy: 0.2638 - val_loss: 1.6841 - val_accuracy: 0.3543 - 5s/epoch - 3ms/step
Epoch 5/100
1563/1563 - 5s - loss: 1.8406 - accuracy: 0.2842 - val_loss: 1.6481 - val_accuracy: 0.3666 - 5s/epoch - 3ms/step
Epoch 6/100
1563/1563 - 5s - loss: 1.8062 - accuracy: 0.2976 - val_loss: 1.6266 - val_accuracy: 0.3879 - 5s/epoch - 3ms/step
Epoch 7/100
1563/1563 - 5s - loss: 1.7791 - accuracy: 0.3072 - val_loss: 1.6126 - val_accuracy: 0.3844 - 5s/epoch - 3ms/step
Epoch 8/100
1563/1563 - 5s - loss: 1.7574 - accuracy: 0.3157 - val_loss: 1.5837 - val_accuracy: 0.3899 - 5s/epoch - 3ms/step
Epoch 9/100
1563/1563 - 5s - loss: 1.7359 - accuracy: 0.3271 - val_loss: 1.5634 - val_accuracy: 0.4082 - 5s/epoch - 3ms/step
Epoch 10/100
1563/1563 - 5s - loss: 1.7112 - accuracy: 0.3355 - val_loss: 1.5419 - val_accuracy: 0.4116 - 5s/epoch - 3ms/step
Epoch 11/100
1563/1563 - 5s - loss: 1.6967 - accuracy: 0.3436 - val_loss: 1.5345 - val_accuracy: 0.4152 - 5s/epoch - 3ms/step
Epoch 12/100
1563/1563 - 5s - loss: 1.6804 - accuracy: 0.3472 - val_loss: 1.5262 - val_accuracy: 0.4170 - 5s/epoch - 3ms/step
Epoch 13/100
1563/1563 - 5s - loss: 1.6649 - accuracy: 0.3576 - val_loss: 1.5154 - val_accuracy: 0.4197 - 5s/epoch - 3ms/step
Epoch 14/100
1563/1563 - 5s - loss: 1.6576 - accuracy: 0.3578 - val_loss: 1.5128 - val_accuracy: 0.4138 - 5s/epoch - 3ms/step
Epoch 15/100
1563/1563 - 5s - loss: 1.6428 - accuracy: 0.3674 - val_loss: 1.4956 - val_accuracy: 0.4238 - 5s/epoch - 3ms/step
Epoch 16/100
1563/1563 - 5s - loss: 1.6395 - accuracy: 0.3701 - val_loss: 1.4930 - val_accuracy: 0.4293 - 5s/epoch - 3ms/step
Epoch 17/100
1563/1563 - 5s - loss: 1.6259 - accuracy: 0.3741 - val_loss: 1.5024 - val_accuracy: 0.4233 - 5s/epoch - 3ms/step
Epoch 18/100
1563/1563 - 5s - loss: 1.6137 - accuracy: 0.3757 - val_loss: 1.4995 - val_accuracy: 0.4256 - 5s/epoch - 3ms/step
Epoch 19/100
1563/1563 - 5s - loss: 1.6082 - accuracy: 0.3788 - val_loss: 1.4877 - val_accuracy: 0.4326 - 5s/epoch - 3ms/step
Epoch 20/100
1563/1563 - 5s - loss: 1.6009 - accuracy: 0.3827 - val_loss: 1.4759 - val_accuracy: 0.4254 - 5s/epoch - 3ms/step
Epoch 21/100
1563/1563 - 5s - loss: 1.5951 - accuracy: 0.3841 - val_loss: 1.4703 - val_accuracy: 0.4351 - 5s/epoch - 3ms/step
Epoch 22/100
1563/1563 - 5s - loss: 1.5887 - accuracy: 0.3869 - val_loss: 1.4649 - val_accuracy: 0.4354 - 5s/epoch - 3ms/step
Epoch 23/100
1563/1563 - 5s - loss: 1.5816 - accuracy: 0.3942 - val_loss: 1.4788 - val_accuracy: 0.4283 - 5s/epoch - 3ms/step
Epoch 24/100
1563/1563 - 5s - loss: 1.5783 - accuracy: 0.3890 - val_loss: 1.4734 - val_accuracy: 0.4327 - 5s/epoch - 3ms/step
Epoch 25/100
1563/1563 - 5s - loss: 1.5698 - accuracy: 0.3949 - val_loss: 1.4621 - val_accuracy: 0.4338 - 5s/epoch - 3ms/step
Epoch 26/100
1563/1563 - 5s - loss: 1.5641 - accuracy: 0.3967 - val_loss: 1.4693 - val_accuracy: 0.4382 - 5s/epoch - 3ms/step
Epoch 27/100
1563/1563 - 5s - loss: 1.5617 - accuracy: 0.4018 - val_loss: 1.4626 - val_accuracy: 0.4352 - 5s/epoch - 3ms/step
Epoch 28/100
1563/1563 - 5s - loss: 1.5545 - accuracy: 0.4043 - val_loss: 1.4524 - val_accuracy: 0.4380 - 5s/epoch - 3ms/step
Epoch 29/100
1563/1563 - 5s - loss: 1.5553 - accuracy: 0.4025 - val_loss: 1.4556 - val_accuracy: 0.4382 - 5s/epoch - 3ms/step
Epoch 30/100
1563/1563 - 5s - loss: 1.5484 - accuracy: 0.4062 - val_loss: 1.4584 - val_accuracy: 0.4366 - 5s/epoch - 3ms/step
Epoch 31/100
1563/1563 - 5s - loss: 1.5451 - accuracy: 0.4071 - val_loss: 1.4584 - val_accuracy: 0.4366 - 5s/epoch - 3ms/step
Epoch 32/100
1563/1563 - 5s - loss: 1.5413 - accuracy: 0.4094 - val_loss: 1.4480 - val_accuracy: 0.4368 - 5s/epoch - 3ms/step
Epoch 33/100
1563/1563 - 5s - loss: 1.5421 - accuracy: 0.4078 - val_loss: 1.4512 - val_accuracy: 0.4404 - 5s/epoch - 3ms/step
Epoch 34/100
1563/1563 - 5s - loss: 1.5306 - accuracy: 0.4121 - val_loss: 1.4484 - val_accuracy: 0.4404 - 5s/epoch - 3ms/step
Epoch 35/100
1563/1563 - 5s - loss: 1.5311 - accuracy: 0.4134 - val_loss: 1.4455 - val_accuracy: 0.4433 - 5s/epoch - 3ms/step
Epoch 36/100
1563/1563 - 5s - loss: 1.5273 - accuracy: 0.4115 - val_loss: 1.4434 - val_accuracy: 0.4441 - 5s/epoch - 3ms/step
Epoch 37/100
1563/1563 - 5s - loss: 1.5231 - accuracy: 0.4167 - val_loss: 1.4393 - val_accuracy: 0.4440 - 5s/epoch - 3ms/step
Epoch 38/100
1563/1563 - 5s - loss: 1.5230 - accuracy: 0.4188 - val_loss: 1.4580 - val_accuracy: 0.4391 - 5s/epoch - 3ms/step
Epoch 39/100
1563/1563 - 5s - loss: 1.5205 - accuracy: 0.4190 - val_loss: 1.4403 - val_accuracy: 0.4442 - 5s/epoch - 3ms/step
Epoch 40/100
1563/1563 - 5s - loss: 1.5186 - accuracy: 0.4183 - val_loss: 1.4389 - val_accuracy: 0.4446 - 5s/epoch - 3ms/step
Epoch 41/100
1563/1563 - 5s - loss: 1.5147 - accuracy: 0.4192 - val_loss: 1.4346 - val_accuracy: 0.4476 - 5s/epoch - 3ms/step
Epoch 42/100
1563/1563 - 5s - loss: 1.5136 - accuracy: 0.4205 - val_loss: 1.4341 - val_accuracy: 0.4472 - 5s/epoch - 3ms/step
Epoch 43/100
1563/1563 - 5s - loss: 1.5063 - accuracy: 0.4248 - val_loss: 1.4391 - val_accuracy: 0.4497 - 5s/epoch - 3ms/step
Epoch 44/100
1563/1563 - 5s - loss: 1.5013 - accuracy: 0.4242 - val_loss: 1.4267 - val_accuracy: 0.4504 - 5s/epoch - 3ms/step
Epoch 45/100
1563/1563 - 5s - loss: 1.5023 - accuracy: 0.4255 - val_loss: 1.4302 - val_accuracy: 0.4510 - 5s/epoch - 3ms/step
Epoch 46/100
1563/1563 - 5s - loss: 1.5023 - accuracy: 0.4260 - val_loss: 1.4281 - val_accuracy: 0.4505 - 5s/epoch - 3ms/step
Epoch 47/100
1563/1563 - 5s - loss: 1.4951 - accuracy: 0.4284 - val_loss: 1.4250 - val_accuracy: 0.4516 - 5s/epoch - 3ms/step
Epoch 48/100
1563/1563 - 5s - loss: 1.4998 - accuracy: 0.4245 - val_loss: 1.4286 - val_accuracy: 0.4489 - 5s/epoch - 3ms/step
Epoch 49/100
1563/1563 - 5s - loss: 1.4933 - accuracy: 0.4309 - val_loss: 1.4232 - val_accuracy: 0.4564 - 5s/epoch - 3ms/step
Epoch 50/100
1563/1563 - 5s - loss: 1.4970 - accuracy: 0.4265 - val_loss: 1.4210 - val_accuracy: 0.4530 - 5s/epoch - 3ms/step
Epoch 51/100
1563/1563 - 5s - loss: 1.4907 - accuracy: 0.4329 - val_loss: 1.4387 - val_accuracy: 0.4483 - 5s/epoch - 3ms/step
Epoch 52/100
1563/1563 - 5s - loss: 1.4908 - accuracy: 0.4328 - val_loss: 1.4280 - val_accuracy: 0.4501 - 5s/epoch - 3ms/step
Epoch 53/100
1563/1563 - 5s - loss: 1.4856 - accuracy: 0.4327 - val_loss: 1.4200 - val_accuracy: 0.4522 - 5s/epoch - 3ms/step
Epoch 54/100
1563/1563 - 5s - loss: 1.4895 - accuracy: 0.4293 - val_loss: 1.4217 - val_accuracy: 0.4534 - 5s/epoch - 3ms/step
Epoch 55/100
1563/1563 - 5s - loss: 1.4813 - accuracy: 0.4337 - val_loss: 1.4368 - val_accuracy: 0.4472 - 5s/epoch - 3ms/step
Epoch 56/100
1563/1563 - 5s - loss: 1.4820 - accuracy: 0.4343 - val_loss: 1.4175 - val_accuracy: 0.4588 - 5s/epoch - 3ms/step
Epoch 57/100
1563/1563 - 5s - loss: 1.4782 - accuracy: 0.4361 - val_loss: 1.4234 - val_accuracy: 0.4546 - 5s/epoch - 3ms/step
Epoch 58/100
1563/1563 - 5s - loss: 1.4718 - accuracy: 0.4382 - val_loss: 1.4158 - val_accuracy: 0.4544 - 5s/epoch - 3ms/step
Epoch 59/100
1563/1563 - 5s - loss: 1.4735 - accuracy: 0.4385 - val_loss: 1.4258 - val_accuracy: 0.4524 - 5s/epoch - 3ms/step
Epoch 60/100
1563/1563 - 5s - loss: 1.4789 - accuracy: 0.4372 - val_loss: 1.4267 - val_accuracy: 0.4474 - 5s/epoch - 3ms/step
Epoch 61/100
1563/1563 - 5s - loss: 1.4717 - accuracy: 0.4416 - val_loss: 1.4225 - val_accuracy: 0.4558 - 5s/epoch - 3ms/step
Epoch 62/100
1563/1563 - 5s - loss: 1.4713 - accuracy: 0.4393 - val_loss: 1.4132 - val_accuracy: 0.4596 - 5s/epoch - 3ms/step
Epoch 63/100
1563/1563 - 5s - loss: 1.4681 - accuracy: 0.4390 - val_loss: 1.4123 - val_accuracy: 0.4542 - 5s/epoch - 3ms/step
Epoch 64/100
1563/1563 - 5s - loss: 1.4662 - accuracy: 0.4406 - val_loss: 1.4147 - val_accuracy: 0.4574 - 5s/epoch - 3ms/step
Epoch 65/100
1563/1563 - 5s - loss: 1.4658 - accuracy: 0.4410 - val_loss: 1.4150 - val_accuracy: 0.4553 - 5s/epoch - 3ms/step
Epoch 66/100
1563/1563 - 5s - loss: 1.4655 - accuracy: 0.4396 - val_loss: 1.4150 - val_accuracy: 0.4572 - 5s/epoch - 3ms/step
Epoch 67/100
1563/1563 - 5s - loss: 1.4599 - accuracy: 0.4446 - val_loss: 1.4143 - val_accuracy: 0.4582 - 5s/epoch - 3ms/step
Epoch 68/100
1563/1563 - 5s - loss: 1.4574 - accuracy: 0.4472 - val_loss: 1.4158 - val_accuracy: 0.4552 - 5s/epoch - 3ms/step
Epoch 69/100
1563/1563 - 5s - loss: 1.4584 - accuracy: 0.4454 - val_loss: 1.4084 - val_accuracy: 0.4586 - 5s/epoch - 3ms/step
Epoch 70/100
1563/1563 - 5s - loss: 1.4580 - accuracy: 0.4468 - val_loss: 1.4093 - val_accuracy: 0.4595 - 5s/epoch - 3ms/step
Epoch 71/100
1563/1563 - 5s - loss: 1.4560 - accuracy: 0.4498 - val_loss: 1.4100 - val_accuracy: 0.4592 - 5s/epoch - 3ms/step
Epoch 72/100
1563/1563 - 5s - loss: 1.4523 - accuracy: 0.4477 - val_loss: 1.4090 - val_accuracy: 0.4610 - 5s/epoch - 3ms/step
Epoch 73/100
1563/1563 - 5s - loss: 1.4511 - accuracy: 0.4501 - val_loss: 1.4041 - val_accuracy: 0.4608 - 5s/epoch - 3ms/step
Epoch 74/100
1563/1563 - 5s - loss: 1.4489 - accuracy: 0.4502 - val_loss: 1.4100 - val_accuracy: 0.4627 - 5s/epoch - 3ms/step
Epoch 75/100
1563/1563 - 5s - loss: 1.4485 - accuracy: 0.4507 - val_loss: 1.4065 - val_accuracy: 0.4575 - 5s/epoch - 3ms/step
Epoch 76/100
1563/1563 - 5s - loss: 1.4473 - accuracy: 0.4513 - val_loss: 1.4043 - val_accuracy: 0.4625 - 5s/epoch - 3ms/step
Epoch 77/100
1563/1563 - 5s - loss: 1.4496 - accuracy: 0.4494 - val_loss: 1.4035 - val_accuracy: 0.4613 - 5s/epoch - 3ms/step
Epoch 78/100
1563/1563 - 5s - loss: 1.4467 - accuracy: 0.4507 - val_loss: 1.4162 - val_accuracy: 0.4583 - 5s/epoch - 3ms/step
Epoch 79/100
1563/1563 - 5s - loss: 1.4441 - accuracy: 0.4487 - val_loss: 1.4014 - val_accuracy: 0.4616 - 5s/epoch - 3ms/step
Epoch 80/100
1563/1563 - 5s - loss: 1.4444 - accuracy: 0.4512 - val_loss: 1.4182 - val_accuracy: 0.4583 - 5s/epoch - 3ms/step
Epoch 81/100
1563/1563 - 5s - loss: 1.4438 - accuracy: 0.4536 - val_loss: 1.4287 - val_accuracy: 0.4541 - 5s/epoch - 3ms/step
Epoch 82/100
1563/1563 - 5s - loss: 1.4391 - accuracy: 0.4542 - val_loss: 1.4033 - val_accuracy: 0.4651 - 5s/epoch - 3ms/step
Epoch 83/100
1563/1563 - 5s - loss: 1.4391 - accuracy: 0.4521 - val_loss: 1.4086 - val_accuracy: 0.4605 - 5s/epoch - 3ms/step
Epoch 84/100
1563/1563 - 5s - loss: 1.4412 - accuracy: 0.4552 - val_loss: 1.3966 - val_accuracy: 0.4619 - 5s/epoch - 3ms/step
Epoch 85/100
1563/1563 - 5s - loss: 1.4378 - accuracy: 0.4540 - val_loss: 1.3950 - val_accuracy: 0.4644 - 5s/epoch - 3ms/step
Epoch 86/100
1563/1563 - 5s - loss: 1.4373 - accuracy: 0.4558 - val_loss: 1.3973 - val_accuracy: 0.4627 - 5s/epoch - 3ms/step
Epoch 87/100
1563/1563 - 5s - loss: 1.4283 - accuracy: 0.4604 - val_loss: 1.3943 - val_accuracy: 0.4655 - 5s/epoch - 3ms/step
Epoch 88/100
1563/1563 - 5s - loss: 1.4318 - accuracy: 0.4578 - val_loss: 1.4023 - val_accuracy: 0.4642 - 5s/epoch - 3ms/step
Epoch 89/100
1563/1563 - 5s - loss: 1.4323 - accuracy: 0.4596 - val_loss: 1.3901 - val_accuracy: 0.4672 - 5s/epoch - 3ms/step
Epoch 90/100
1563/1563 - 5s - loss: 1.4279 - accuracy: 0.4592 - val_loss: 1.3916 - val_accuracy: 0.4666 - 5s/epoch - 3ms/step
Epoch 91/100
1563/1563 - 5s - loss: 1.4277 - accuracy: 0.4589 - val_loss: 1.4025 - val_accuracy: 0.4654 - 5s/epoch - 3ms/step
Epoch 92/100
1563/1563 - 5s - loss: 1.4251 - accuracy: 0.4614 - val_loss: 1.3977 - val_accuracy: 0.4664 - 5s/epoch - 3ms/step
Epoch 93/100
1563/1563 - 5s - loss: 1.4284 - accuracy: 0.4605 - val_loss: 1.3996 - val_accuracy: 0.4589 - 5s/epoch - 3ms/step
Epoch 94/100
1563/1563 - 5s - loss: 1.4237 - accuracy: 0.4638 - val_loss: 1.4012 - val_accuracy: 0.4619 - 5s/epoch - 3ms/step
Epoch 95/100
1563/1563 - 5s - loss: 1.4230 - accuracy: 0.4634 - val_loss: 1.3909 - val_accuracy: 0.4637 - 5s/epoch - 3ms/step
Epoch 96/100
1563/1563 - 5s - loss: 1.4206 - accuracy: 0.4643 - val_loss: 1.4171 - val_accuracy: 0.4590 - 5s/epoch - 3ms/step
Epoch 97/100
1563/1563 - 5s - loss: 1.4184 - accuracy: 0.4644 - val_loss: 1.3996 - val_accuracy: 0.4645 - 5s/epoch - 3ms/step
Epoch 98/100
1563/1563 - 5s - loss: 1.4172 - accuracy: 0.4664 - val_loss: 1.4048 - val_accuracy: 0.4622 - 5s/epoch - 3ms/step
Epoch 99/100
1563/1563 - 5s - loss: 1.4195 - accuracy: 0.4642 - val_loss: 1.3851 - val_accuracy: 0.4683 - 5s/epoch - 3ms/step
Epoch 100/100
1563/1563 - 5s - loss: 1.4219 - accuracy: 0.4643 - val_loss: 1.3961 - val_accuracy: 0.4640 - 5s/epoch - 3ms/step
313/313 - 0s - loss: 1.3961 - accuracy: 0.4640 - 417ms/epoch - 1ms/step

ACCURACY: 0.46399998664855957


SCORE: -0.6215060626539917

[92m | MODULE VALUES ---------------------------------------------  |
 [0m
FLOPS: 1646964
PARAMS: 114622.0
[92m 
 | -----------------------------------------------------------  |
 [0m
[INFO] New Best Score: -0.6215 (Previous: -0.6147)

--- BANANAS ITERATION 19 / 1000 ---
Chosen point: {'num_neurons': 16, 'unit_c1': 2, 'unit_c2': 5, 'dr_f': 0.4090728614720275, 'learning_rate': 0.00035642601172338834, 'batch_size': 8, 'optimizer': 'Adam', 'activation': 'elu', 'data_augmentation': False, 'reg_l2': True, 'skip_connection': False, 'new_fc_1': 0, 'new_fc_2': 0, 'new_fc_3': 24, 'new_fc_4': 4, 'new_fc_5': 26, 'new_fc_6': 4, 'new_fc_7': 23, 'new_fc_8': 7, 'new_fc_9': 4, 'new_fc_10': 11}
[94m
|  --> START TRAINING ITERATION 18[0m
[INFO] Flags -> DA: False, L2: True, Skip: False
Building model with input_shape=(32, 32, 3), pos_input_shape=None, layer_x_block=2
Model: "model"
_________________________________________________________________
 Layer (type)                Output Shape              Param #   
=================================================================
 input_1 (InputLayer)        [(None, 32, 32, 3)]       0         
                                                                 
 conv2d (Conv2D)             (None, 32, 32, 32)        896       
                                                                 
 activation (Activation)     (None, 32, 32, 32)        0         
                                                                 
 conv2d_1 (Conv2D)           (None, 32, 32, 32)        9248      
                                                                 
 activation_1 (Activation)   (None, 32, 32, 32)        0         
                                                                 
 max_pooling2d (MaxPooling2  (None, 16, 16, 32)        0         
 D)                                                              
                                                                 
 conv2d_2 (Conv2D)           (None, 16, 16, 80)        23120     
                                                                 
 activation_2 (Activation)   (None, 16, 16, 80)        0         
                                                                 
 conv2d_3 (Conv2D)           (None, 16, 16, 80)        57680     
                                                                 
 activation_3 (Activation)   (None, 16, 16, 80)        0         
                                                                 
 max_pooling2d_1 (MaxPoolin  (None, 8, 8, 80)          0         
 g2D)                                                            
                                                                 
 flatten (Flatten)           (None, 5120)              0         
                                                                 
 dense (Dense)               (None, 384)               1966464   
                                                                 
 activation_4 (Activation)   (None, 384)               0         
                                                                 
 dropout (Dropout)           (None, 384)               0         
                                                                 
 dense_1 (Dense)             (None, 64)                24640     
                                                                 
 activation_5 (Activation)   (None, 64)                0         
                                                                 
 dropout_1 (Dropout)         (None, 64)                0         
                                                                 
 dense_2 (Dense)             (None, 416)               27040     
                                                                 
 activation_6 (Activation)   (None, 416)               0         
                                                                 
 dropout_2 (Dropout)         (None, 416)               0         
                                                                 
 dense_3 (Dense)             (None, 64)                26688     
                                                                 
 activation_7 (Activation)   (None, 64)                0         
                                                                 
 dropout_3 (Dropout)         (None, 64)                0         
                                                                 
 dense_4 (Dense)             (None, 368)               23920     
                                                                 
 activation_8 (Activation)   (None, 368)               0         
                                                                 
 dropout_4 (Dropout)         (None, 368)               0         
                                                                 
 dense_5 (Dense)             (None, 112)               41328     
                                                                 
 activation_9 (Activation)   (None, 112)               0         
                                                                 
 dropout_5 (Dropout)         (None, 112)               0         
                                                                 
 dense_6 (Dense)             (None, 64)                7232      
                                                                 
 activation_10 (Activation)  (None, 64)                0         
                                                                 
 dropout_6 (Dropout)         (None, 64)                0         
                                                                 
 dense_7 (Dense)             (None, 176)               11440     
                                                                 
 activation_11 (Activation)  (None, 176)               0         
                                                                 
 dropout_7 (Dropout)         (None, 176)               0         
                                                                 
 dense_8 (Dense)             (None, 10)                1770      
                                                                 
=================================================================
Total params: 2221466 (8.47 MB)
Trainable params: 2221466 (8.47 MB)
Non-trainable params: 0 (0.00 Byte)
_________________________________________________________________
Epoch 1/100
6250/6250 - 22s - loss: 3.4314 - accuracy: 0.1811 - val_loss: 2.0983 - val_accuracy: 0.1938 - 22s/epoch - 4ms/step
Epoch 2/100
6250/6250 - 21s - loss: 2.1155 - accuracy: 0.1917 - val_loss: 2.0628 - val_accuracy: 0.1953 - 21s/epoch - 3ms/step
Epoch 3/100
6250/6250 - 21s - loss: 2.0977 - accuracy: 0.1902 - val_loss: 2.0549 - val_accuracy: 0.2064 - 21s/epoch - 3ms/step
Epoch 4/100
6250/6250 - 21s - loss: 2.0899 - accuracy: 0.1973 - val_loss: 2.0712 - val_accuracy: 0.2038 - 21s/epoch - 3ms/step
Epoch 5/100
6250/6250 - 21s - loss: 2.0832 - accuracy: 0.1949 - val_loss: 2.0531 - val_accuracy: 0.1923 - 21s/epoch - 3ms/step
Epoch 6/100
6250/6250 - 21s - loss: 2.0781 - accuracy: 0.1958 - val_loss: 2.0486 - val_accuracy: 0.2046 - 21s/epoch - 3ms/step
Epoch 7/100
6250/6250 - 21s - loss: 2.0752 - accuracy: 0.1990 - val_loss: 2.0443 - val_accuracy: 0.2039 - 21s/epoch - 3ms/step
Epoch 8/100
6250/6250 - 21s - loss: 2.0713 - accuracy: 0.1980 - val_loss: 2.0365 - val_accuracy: 0.2008 - 21s/epoch - 3ms/step
Epoch 9/100
6250/6250 - 21s - loss: 2.0705 - accuracy: 0.1935 - val_loss: 2.0567 - val_accuracy: 0.2035 - 21s/epoch - 3ms/step
Epoch 10/100
6250/6250 - 21s - loss: 2.0669 - accuracy: 0.1979 - val_loss: 2.0431 - val_accuracy: 0.2109 - 21s/epoch - 3ms/step
Epoch 11/100
6250/6250 - 21s - loss: 2.0648 - accuracy: 0.1960 - val_loss: 2.0569 - val_accuracy: 0.2024 - 21s/epoch - 3ms/step
Epoch 12/100
6250/6250 - 21s - loss: 2.0640 - accuracy: 0.1985 - val_loss: 2.0576 - val_accuracy: 0.1986 - 21s/epoch - 3ms/step
Epoch 13/100
6250/6250 - 21s - loss: 2.0662 - accuracy: 0.1973 - val_loss: 2.0320 - val_accuracy: 0.2099 - 21s/epoch - 3ms/step
Epoch 14/100
6250/6250 - 21s - loss: 2.0607 - accuracy: 0.1971 - val_loss: 2.0408 - val_accuracy: 0.1951 - 21s/epoch - 3ms/step
Epoch 15/100
6250/6250 - 21s - loss: 2.0628 - accuracy: 0.1955 - val_loss: 2.0221 - val_accuracy: 0.2021 - 21s/epoch - 3ms/step
Epoch 16/100
6250/6250 - 21s - loss: 2.0612 - accuracy: 0.1981 - val_loss: 2.0256 - val_accuracy: 0.2118 - 21s/epoch - 3ms/step
Epoch 17/100
6250/6250 - 21s - loss: 2.0600 - accuracy: 0.1990 - val_loss: 2.0562 - val_accuracy: 0.2036 - 21s/epoch - 3ms/step
Epoch 18/100
6250/6250 - 21s - loss: 2.0563 - accuracy: 0.1949 - val_loss: 2.0669 - val_accuracy: 0.1703 - 21s/epoch - 3ms/step
Epoch 19/100
6250/6250 - 21s - loss: 2.0586 - accuracy: 0.1984 - val_loss: 2.0509 - val_accuracy: 0.2060 - 21s/epoch - 3ms/step
Epoch 20/100
6250/6250 - 21s - loss: 2.0577 - accuracy: 0.1983 - val_loss: 2.0256 - val_accuracy: 0.2032 - 21s/epoch - 3ms/step
Epoch 21/100
6250/6250 - 21s - loss: 2.0549 - accuracy: 0.2002 - val_loss: 2.0167 - val_accuracy: 0.2196 - 21s/epoch - 3ms/step
Epoch 22/100
6250/6250 - 21s - loss: 2.0562 - accuracy: 0.1992 - val_loss: 2.0595 - val_accuracy: 0.2003 - 21s/epoch - 3ms/step
Epoch 23/100
6250/6250 - 21s - loss: 2.0548 - accuracy: 0.1992 - val_loss: 2.0131 - val_accuracy: 0.2094 - 21s/epoch - 3ms/step
Epoch 24/100
6250/6250 - 21s - loss: 2.0542 - accuracy: 0.1968 - val_loss: 2.0196 - val_accuracy: 0.1929 - 21s/epoch - 3ms/step
Epoch 25/100
6250/6250 - 21s - loss: 2.0535 - accuracy: 0.1988 - val_loss: 2.0155 - val_accuracy: 0.1989 - 21s/epoch - 3ms/step
Epoch 26/100
6250/6250 - 21s - loss: 2.0504 - accuracy: 0.2002 - val_loss: 2.0278 - val_accuracy: 0.2042 - 21s/epoch - 3ms/step
Epoch 27/100
6250/6250 - 21s - loss: 2.0525 - accuracy: 0.1981 - val_loss: 2.0100 - val_accuracy: 0.2018 - 21s/epoch - 3ms/step
Epoch 28/100
6250/6250 - 21s - loss: 2.0517 - accuracy: 0.1983 - val_loss: 2.0226 - val_accuracy: 0.2011 - 21s/epoch - 3ms/step
Epoch 29/100
6250/6250 - 22s - loss: 2.0513 - accuracy: 0.1985 - val_loss: 2.0088 - val_accuracy: 0.2121 - 22s/epoch - 3ms/step
Epoch 30/100
6250/6250 - 21s - loss: 2.0521 - accuracy: 0.1993 - val_loss: 2.0218 - val_accuracy: 0.2039 - 21s/epoch - 3ms/step
Epoch 31/100
6250/6250 - 21s - loss: 2.0496 - accuracy: 0.1992 - val_loss: 2.0256 - val_accuracy: 0.1931 - 21s/epoch - 3ms/step
Epoch 32/100
6250/6250 - 21s - loss: 2.0470 - accuracy: 0.1998 - val_loss: 2.0242 - val_accuracy: 0.1904 - 21s/epoch - 3ms/step
Epoch 33/100
6250/6250 - 21s - loss: 2.0474 - accuracy: 0.1992 - val_loss: 2.0229 - val_accuracy: 0.1972 - 21s/epoch - 3ms/step
Epoch 34/100
6250/6250 - 22s - loss: 2.0503 - accuracy: 0.1988 - val_loss: 2.0190 - val_accuracy: 0.2071 - 22s/epoch - 3ms/step
Epoch 35/100
6250/6250 - 21s - loss: 2.0480 - accuracy: 0.2007 - val_loss: 2.0727 - val_accuracy: 0.1941 - 21s/epoch - 3ms/step
Epoch 36/100
6250/6250 - 21s - loss: 2.0504 - accuracy: 0.1964 - val_loss: 2.1668 - val_accuracy: 0.1729 - 21s/epoch - 3ms/step
Epoch 37/100
6250/6250 - 21s - loss: 2.0499 - accuracy: 0.2005 - val_loss: 2.0253 - val_accuracy: 0.2118 - 21s/epoch - 3ms/step
Epoch 38/100
6250/6250 - 22s - loss: 2.0480 - accuracy: 0.1983 - val_loss: 2.0066 - val_accuracy: 0.2200 - 22s/epoch - 3ms/step
Epoch 39/100
6250/6250 - 22s - loss: 2.0493 - accuracy: 0.1980 - val_loss: 2.0461 - val_accuracy: 0.2150 - 22s/epoch - 3ms/step
Epoch 40/100
6250/6250 - 21s - loss: 2.0465 - accuracy: 0.1977 - val_loss: 2.0606 - val_accuracy: 0.1893 - 21s/epoch - 3ms/step
Epoch 41/100
6250/6250 - 21s - loss: 2.0490 - accuracy: 0.2017 - val_loss: 2.0060 - val_accuracy: 0.2084 - 21s/epoch - 3ms/step
Epoch 42/100
6250/6250 - 21s - loss: 2.0446 - accuracy: 0.1964 - val_loss: 2.0164 - val_accuracy: 0.2066 - 21s/epoch - 3ms/step
Epoch 43/100
6250/6250 - 21s - loss: 2.0476 - accuracy: 0.2000 - val_loss: 2.0202 - val_accuracy: 0.2115 - 21s/epoch - 3ms/step
Epoch 44/100
6250/6250 - 21s - loss: 2.0444 - accuracy: 0.1985 - val_loss: 2.0163 - val_accuracy: 0.2028 - 21s/epoch - 3ms/step
Epoch 45/100
6250/6250 - 21s - loss: 2.0451 - accuracy: 0.2030 - val_loss: 2.0045 - val_accuracy: 0.2079 - 21s/epoch - 3ms/step
Epoch 46/100
6250/6250 - 21s - loss: 2.0463 - accuracy: 0.1974 - val_loss: 2.0202 - val_accuracy: 0.2023 - 21s/epoch - 3ms/step
Epoch 47/100
6250/6250 - 21s - loss: 2.0448 - accuracy: 0.2015 - val_loss: 2.0053 - val_accuracy: 0.2068 - 21s/epoch - 3ms/step
Epoch 48/100
6250/6250 - 21s - loss: 2.0458 - accuracy: 0.1980 - val_loss: 2.0315 - val_accuracy: 0.2116 - 21s/epoch - 3ms/step
Epoch 49/100
6250/6250 - 21s - loss: 2.0439 - accuracy: 0.1991 - val_loss: 2.0084 - val_accuracy: 0.2132 - 21s/epoch - 3ms/step
Epoch 50/100
6250/6250 - 21s - loss: 2.0410 - accuracy: 0.1982 - val_loss: 2.0205 - val_accuracy: 0.1917 - 21s/epoch - 3ms/step
Epoch 51/100
Restoring model weights from the end of the best epoch: 21.
6250/6250 - 21s - loss: 2.0426 - accuracy: 0.1984 - val_loss: 2.0235 - val_accuracy: 0.2088 - 21s/epoch - 3ms/step
Epoch 51: early stopping
313/313 - 1s - loss: 2.0167 - accuracy: 0.2196 - 954ms/epoch - 3ms/step

ACCURACY: 0.21960000693798065


SCORE: -0.3210186048565864

[92m | MODULE VALUES ---------------------------------------------  |
 [0m
FLOPS: 66350700
PARAMS: 2221466.0
[92m 
 | -----------------------------------------------------------  |
 [0m

--- BANANAS ITERATION 20 / 1000 ---
Chosen point: {'num_neurons': 4, 'unit_c1': 3, 'unit_c2': 2, 'dr_f': 0.2823689409182979, 'learning_rate': 0.0006191457945333523, 'batch_size': 64, 'optimizer': 'Adamax', 'activation': 'elu', 'data_augmentation': False, 'reg_l2': True, 'skip_connection': False, 'new_fc_1': 7, 'new_fc_2': 3, 'new_fc_3': 14, 'new_fc_4': 7, 'new_fc_5': 4, 'new_fc_6': 15, 'new_fc_7': 5, 'new_fc_8': 15, 'new_fc_9': 20, 'new_fc_10': 20}
[94m
|  --> START TRAINING ITERATION 19[0m
[INFO] Flags -> DA: False, L2: True, Skip: False
Building model with input_shape=(32, 32, 3), pos_input_shape=None, layer_x_block=2
Model: "model"
_________________________________________________________________
 Layer (type)                Output Shape              Param #   
=================================================================
 input_1 (InputLayer)        [(None, 32, 32, 3)]       0         
                                                                 
 conv2d (Conv2D)             (None, 32, 32, 12)        336       
                                                                 
 activation (Activation)     (None, 32, 32, 12)        0         
                                                                 
 conv2d_1 (Conv2D)           (None, 32, 32, 12)        1308      
                                                                 
 activation_1 (Activation)   (None, 32, 32, 12)        0         
                                                                 
 max_pooling2d (MaxPooling2  (None, 16, 16, 12)        0         
 D)                                                              
                                                                 
 conv2d_2 (Conv2D)           (None, 16, 16, 8)         872       
                                                                 
 activation_2 (Activation)   (None, 16, 16, 8)         0         
                                                                 
 conv2d_3 (Conv2D)           (None, 16, 16, 8)         584       
                                                                 
 activation_3 (Activation)   (None, 16, 16, 8)         0         
                                                                 
 max_pooling2d_1 (MaxPoolin  (None, 8, 8, 8)           0         
 g2D)                                                            
                                                                 
 flatten (Flatten)           (None, 512)               0         
                                                                 
 dense (Dense)               (None, 28)                14364     
                                                                 
 activation_4 (Activation)   (None, 28)                0         
                                                                 
 dropout (Dropout)           (None, 28)                0         
                                                                 
 dense_1 (Dense)             (None, 12)                348       
                                                                 
 activation_5 (Activation)   (None, 12)                0         
                                                                 
 dropout_1 (Dropout)         (None, 12)                0         
                                                                 
 dense_2 (Dense)             (None, 56)                728       
                                                                 
 activation_6 (Activation)   (None, 56)                0         
                                                                 
 dropout_2 (Dropout)         (None, 56)                0         
                                                                 
 dense_3 (Dense)             (None, 28)                1596      
                                                                 
 activation_7 (Activation)   (None, 28)                0         
                                                                 
 dropout_3 (Dropout)         (None, 28)                0         
                                                                 
 dense_4 (Dense)             (None, 16)                464       
                                                                 
 activation_8 (Activation)   (None, 16)                0         
                                                                 
 dropout_4 (Dropout)         (None, 16)                0         
                                                                 
 dense_5 (Dense)             (None, 60)                1020      
                                                                 
 activation_9 (Activation)   (None, 60)                0         
                                                                 
 dropout_5 (Dropout)         (None, 60)                0         
                                                                 
 dense_6 (Dense)             (None, 20)                1220      
                                                                 
 activation_10 (Activation)  (None, 20)                0         
                                                                 
 dropout_6 (Dropout)         (None, 20)                0         
                                                                 
 dense_7 (Dense)             (None, 60)                1260      
                                                                 
 activation_11 (Activation)  (None, 60)                0         
                                                                 
 dropout_7 (Dropout)         (None, 60)                0         
                                                                 
 dense_8 (Dense)             (None, 80)                4880      
                                                                 
 activation_12 (Activation)  (None, 80)                0         
                                                                 
 dropout_8 (Dropout)         (None, 80)                0         
                                                                 
 dense_9 (Dense)             (None, 80)                6480      
                                                                 
 activation_13 (Activation)  (None, 80)                0         
                                                                 
 dropout_9 (Dropout)         (None, 80)                0         
                                                                 
 dense_10 (Dense)            (None, 10)                810       
                                                                 
=================================================================
Total params: 36270 (141.68 KB)
Trainable params: 36270 (141.68 KB)
Non-trainable params: 0 (0.00 Byte)
_________________________________________________________________
Epoch 1/100
782/782 - 6s - loss: 4.2674 - accuracy: 0.1429 - val_loss: 2.8370 - val_accuracy: 0.1849 - 6s/epoch - 7ms/step
Epoch 2/100
782/782 - 3s - loss: 2.5173 - accuracy: 0.1793 - val_loss: 2.3018 - val_accuracy: 0.1820 - 3s/epoch - 4ms/step
Epoch 3/100
782/782 - 3s - loss: 2.2769 - accuracy: 0.1834 - val_loss: 2.2068 - val_accuracy: 0.1883 - 3s/epoch - 4ms/step
Epoch 4/100
782/782 - 3s - loss: 2.2112 - accuracy: 0.1859 - val_loss: 2.1612 - val_accuracy: 0.1954 - 3s/epoch - 4ms/step
Epoch 5/100
782/782 - 3s - loss: 2.1745 - accuracy: 0.1957 - val_loss: 2.1445 - val_accuracy: 0.1949 - 3s/epoch - 4ms/step
Epoch 6/100
782/782 - 3s - loss: 2.1561 - accuracy: 0.1932 - val_loss: 2.1219 - val_accuracy: 0.1963 - 3s/epoch - 4ms/step
Epoch 7/100
782/782 - 3s - loss: 2.1402 - accuracy: 0.1961 - val_loss: 2.1084 - val_accuracy: 0.1968 - 3s/epoch - 4ms/step
Epoch 8/100
782/782 - 3s - loss: 2.1320 - accuracy: 0.1956 - val_loss: 2.0990 - val_accuracy: 0.1930 - 3s/epoch - 4ms/step
Epoch 9/100
782/782 - 3s - loss: 2.1217 - accuracy: 0.1961 - val_loss: 2.0989 - val_accuracy: 0.2006 - 3s/epoch - 4ms/step
Epoch 10/100
782/782 - 3s - loss: 2.1169 - accuracy: 0.1989 - val_loss: 2.0975 - val_accuracy: 0.2003 - 3s/epoch - 4ms/step
Epoch 11/100
782/782 - 3s - loss: 2.1121 - accuracy: 0.1967 - val_loss: 2.0975 - val_accuracy: 0.1946 - 3s/epoch - 4ms/step
Epoch 12/100
782/782 - 3s - loss: 2.1068 - accuracy: 0.1941 - val_loss: 2.0818 - val_accuracy: 0.1982 - 3s/epoch - 4ms/step
Epoch 13/100
782/782 - 3s - loss: 2.1021 - accuracy: 0.2003 - val_loss: 2.0929 - val_accuracy: 0.1875 - 3s/epoch - 4ms/step
Epoch 14/100
782/782 - 3s - loss: 2.1007 - accuracy: 0.1989 - val_loss: 2.0718 - val_accuracy: 0.2028 - 3s/epoch - 4ms/step
Epoch 15/100
782/782 - 3s - loss: 2.0967 - accuracy: 0.1952 - val_loss: 2.0722 - val_accuracy: 0.2045 - 3s/epoch - 4ms/step
Epoch 16/100
782/782 - 3s - loss: 2.0946 - accuracy: 0.2001 - val_loss: 2.0646 - val_accuracy: 0.2047 - 3s/epoch - 4ms/step
Epoch 17/100
782/782 - 3s - loss: 2.0899 - accuracy: 0.2005 - val_loss: 2.0664 - val_accuracy: 0.2036 - 3s/epoch - 4ms/step
Epoch 18/100
782/782 - 3s - loss: 2.0867 - accuracy: 0.2006 - val_loss: 2.0612 - val_accuracy: 0.2051 - 3s/epoch - 4ms/step
Epoch 19/100
782/782 - 3s - loss: 2.0853 - accuracy: 0.2015 - val_loss: 2.0582 - val_accuracy: 0.2035 - 3s/epoch - 4ms/step
Epoch 20/100
782/782 - 3s - loss: 2.0816 - accuracy: 0.2013 - val_loss: 2.0608 - val_accuracy: 0.1977 - 3s/epoch - 4ms/step
Epoch 21/100
782/782 - 3s - loss: 2.0819 - accuracy: 0.2001 - val_loss: 2.0603 - val_accuracy: 0.1955 - 3s/epoch - 4ms/step
Epoch 22/100
782/782 - 3s - loss: 2.0784 - accuracy: 0.2023 - val_loss: 2.0598 - val_accuracy: 0.2029 - 3s/epoch - 4ms/step
Epoch 23/100
782/782 - 3s - loss: 2.0763 - accuracy: 0.2018 - val_loss: 2.0525 - val_accuracy: 0.2019 - 3s/epoch - 4ms/step
Epoch 24/100
782/782 - 3s - loss: 2.0758 - accuracy: 0.2037 - val_loss: 2.0524 - val_accuracy: 0.2035 - 3s/epoch - 4ms/step
Epoch 25/100
782/782 - 3s - loss: 2.0750 - accuracy: 0.2045 - val_loss: 2.0476 - val_accuracy: 0.2140 - 3s/epoch - 4ms/step
Epoch 26/100
782/782 - 3s - loss: 2.0744 - accuracy: 0.2060 - val_loss: 2.0489 - val_accuracy: 0.2043 - 3s/epoch - 4ms/step
Epoch 27/100
782/782 - 3s - loss: 2.0737 - accuracy: 0.2028 - val_loss: 2.0524 - val_accuracy: 0.2086 - 3s/epoch - 4ms/step
Epoch 28/100
782/782 - 3s - loss: 2.0715 - accuracy: 0.2003 - val_loss: 2.0453 - val_accuracy: 0.2078 - 3s/epoch - 4ms/step
Epoch 29/100
782/782 - 3s - loss: 2.0715 - accuracy: 0.2020 - val_loss: 2.0461 - val_accuracy: 0.2080 - 3s/epoch - 4ms/step
Epoch 30/100
782/782 - 3s - loss: 2.0704 - accuracy: 0.2048 - val_loss: 2.0482 - val_accuracy: 0.2073 - 3s/epoch - 4ms/step
Epoch 31/100
782/782 - 3s - loss: 2.0678 - accuracy: 0.2023 - val_loss: 2.0460 - val_accuracy: 0.2101 - 3s/epoch - 4ms/step
Epoch 32/100
782/782 - 3s - loss: 2.0696 - accuracy: 0.2016 - val_loss: 2.0444 - val_accuracy: 0.2036 - 3s/epoch - 4ms/step
Epoch 33/100
782/782 - 3s - loss: 2.0665 - accuracy: 0.2038 - val_loss: 2.0427 - val_accuracy: 0.2030 - 3s/epoch - 4ms/step
Epoch 34/100
782/782 - 3s - loss: 2.0656 - accuracy: 0.2023 - val_loss: 2.0503 - val_accuracy: 0.1994 - 3s/epoch - 4ms/step
Epoch 35/100
782/782 - 3s - loss: 2.0654 - accuracy: 0.2059 - val_loss: 2.0529 - val_accuracy: 0.2012 - 3s/epoch - 4ms/step
Epoch 36/100
782/782 - 3s - loss: 2.0648 - accuracy: 0.2059 - val_loss: 2.0436 - val_accuracy: 0.2072 - 3s/epoch - 4ms/step
Epoch 37/100
782/782 - 3s - loss: 2.0645 - accuracy: 0.2038 - val_loss: 2.0444 - val_accuracy: 0.2069 - 3s/epoch - 4ms/step
Epoch 38/100
782/782 - 3s - loss: 2.0647 - accuracy: 0.2064 - val_loss: 2.0382 - val_accuracy: 0.2107 - 3s/epoch - 4ms/step
Epoch 39/100
782/782 - 3s - loss: 2.0631 - accuracy: 0.2044 - val_loss: 2.0569 - val_accuracy: 0.2124 - 3s/epoch - 4ms/step
Epoch 40/100
782/782 - 3s - loss: 2.0618 - accuracy: 0.2025 - val_loss: 2.0394 - val_accuracy: 0.2016 - 3s/epoch - 4ms/step
Epoch 41/100
782/782 - 3s - loss: 2.0619 - accuracy: 0.2060 - val_loss: 2.0510 - val_accuracy: 0.1976 - 3s/epoch - 4ms/step
Epoch 42/100
782/782 - 3s - loss: 2.0612 - accuracy: 0.2041 - val_loss: 2.0390 - val_accuracy: 0.2139 - 3s/epoch - 4ms/step
Epoch 43/100
782/782 - 3s - loss: 2.0606 - accuracy: 0.2069 - val_loss: 2.0356 - val_accuracy: 0.2124 - 3s/epoch - 4ms/step
Epoch 44/100
782/782 - 3s - loss: 2.0589 - accuracy: 0.2048 - val_loss: 2.0326 - val_accuracy: 0.2060 - 3s/epoch - 4ms/step
Epoch 45/100
782/782 - 3s - loss: 2.0597 - accuracy: 0.2061 - val_loss: 2.0383 - val_accuracy: 0.2034 - 3s/epoch - 4ms/step
Epoch 46/100
782/782 - 3s - loss: 2.0602 - accuracy: 0.2032 - val_loss: 2.0319 - val_accuracy: 0.2062 - 3s/epoch - 4ms/step
Epoch 47/100
782/782 - 3s - loss: 2.0588 - accuracy: 0.2055 - val_loss: 2.0353 - val_accuracy: 0.2061 - 3s/epoch - 4ms/step
Epoch 48/100
782/782 - 3s - loss: 2.0572 - accuracy: 0.2047 - val_loss: 2.0394 - val_accuracy: 0.2021 - 3s/epoch - 4ms/step
Epoch 49/100
782/782 - 3s - loss: 2.0592 - accuracy: 0.2064 - val_loss: 2.0370 - val_accuracy: 0.2003 - 3s/epoch - 4ms/step
Epoch 50/100
782/782 - 3s - loss: 2.0571 - accuracy: 0.2052 - val_loss: 2.0310 - val_accuracy: 0.2109 - 3s/epoch - 4ms/step
Epoch 51/100
782/782 - 3s - loss: 2.0564 - accuracy: 0.2063 - val_loss: 2.0377 - val_accuracy: 0.2161 - 3s/epoch - 4ms/step
Epoch 52/100
782/782 - 3s - loss: 2.0557 - accuracy: 0.2066 - val_loss: 2.0303 - val_accuracy: 0.2244 - 3s/epoch - 4ms/step
Epoch 53/100
782/782 - 3s - loss: 2.0556 - accuracy: 0.2043 - val_loss: 2.0387 - val_accuracy: 0.2065 - 3s/epoch - 4ms/step
Epoch 54/100
782/782 - 3s - loss: 2.0558 - accuracy: 0.2063 - val_loss: 2.0362 - val_accuracy: 0.2097 - 3s/epoch - 4ms/step
Epoch 55/100
782/782 - 3s - loss: 2.0549 - accuracy: 0.2085 - val_loss: 2.0399 - val_accuracy: 0.2161 - 3s/epoch - 4ms/step
Epoch 56/100
782/782 - 3s - loss: 2.0552 - accuracy: 0.2059 - val_loss: 2.0319 - val_accuracy: 0.2061 - 3s/epoch - 4ms/step
Epoch 57/100
782/782 - 3s - loss: 2.0527 - accuracy: 0.2078 - val_loss: 2.0313 - val_accuracy: 0.2077 - 3s/epoch - 4ms/step
Epoch 58/100
782/782 - 3s - loss: 2.0507 - accuracy: 0.2087 - val_loss: 2.0293 - val_accuracy: 0.2092 - 3s/epoch - 4ms/step
Epoch 59/100
782/782 - 3s - loss: 2.0514 - accuracy: 0.2072 - val_loss: 2.0325 - val_accuracy: 0.2133 - 3s/epoch - 4ms/step
Epoch 60/100
782/782 - 3s - loss: 2.0514 - accuracy: 0.2052 - val_loss: 2.0325 - val_accuracy: 0.2062 - 3s/epoch - 4ms/step
Epoch 61/100
782/782 - 3s - loss: 2.0511 - accuracy: 0.2083 - val_loss: 2.0296 - val_accuracy: 0.2222 - 3s/epoch - 4ms/step
Epoch 62/100
782/782 - 3s - loss: 2.0507 - accuracy: 0.2079 - val_loss: 2.0537 - val_accuracy: 0.2070 - 3s/epoch - 4ms/step
Epoch 63/100
782/782 - 3s - loss: 2.0506 - accuracy: 0.2079 - val_loss: 2.0333 - val_accuracy: 0.2201 - 3s/epoch - 4ms/step
Epoch 64/100
782/782 - 3s - loss: 2.0514 - accuracy: 0.2087 - val_loss: 2.0314 - val_accuracy: 0.2092 - 3s/epoch - 4ms/step
Epoch 65/100
782/782 - 3s - loss: 2.0517 - accuracy: 0.2071 - val_loss: 2.0243 - val_accuracy: 0.2113 - 3s/epoch - 4ms/step
Epoch 66/100
782/782 - 3s - loss: 2.0501 - accuracy: 0.2058 - val_loss: 2.0282 - val_accuracy: 0.2175 - 3s/epoch - 4ms/step
Epoch 67/100
782/782 - 3s - loss: 2.0505 - accuracy: 0.2080 - val_loss: 2.0342 - val_accuracy: 0.2082 - 3s/epoch - 4ms/step
Epoch 68/100
782/782 - 3s - loss: 2.0480 - accuracy: 0.2084 - val_loss: 2.0247 - val_accuracy: 0.2165 - 3s/epoch - 4ms/step
Epoch 69/100
782/782 - 3s - loss: 2.0494 - accuracy: 0.2091 - val_loss: 2.0267 - val_accuracy: 0.2138 - 3s/epoch - 4ms/step
Epoch 70/100
782/782 - 3s - loss: 2.0476 - accuracy: 0.2073 - val_loss: 2.0254 - val_accuracy: 0.2303 - 3s/epoch - 4ms/step
Epoch 71/100
782/782 - 3s - loss: 2.0494 - accuracy: 0.2088 - val_loss: 2.0274 - val_accuracy: 0.2040 - 3s/epoch - 4ms/step
Epoch 72/100
782/782 - 3s - loss: 2.0470 - accuracy: 0.2113 - val_loss: 2.0392 - val_accuracy: 0.2104 - 3s/epoch - 4ms/step
Epoch 73/100
782/782 - 3s - loss: 2.0468 - accuracy: 0.2077 - val_loss: 2.0302 - val_accuracy: 0.2176 - 3s/epoch - 4ms/step
Epoch 74/100
782/782 - 3s - loss: 2.0480 - accuracy: 0.2067 - val_loss: 2.0238 - val_accuracy: 0.2212 - 3s/epoch - 4ms/step
Epoch 75/100
782/782 - 3s - loss: 2.0465 - accuracy: 0.2099 - val_loss: 2.0290 - val_accuracy: 0.2167 - 3s/epoch - 4ms/step
Epoch 76/100
782/782 - 3s - loss: 2.0486 - accuracy: 0.2109 - val_loss: 2.0217 - val_accuracy: 0.2233 - 3s/epoch - 4ms/step
Epoch 77/100
782/782 - 3s - loss: 2.0459 - accuracy: 0.2112 - val_loss: 2.0321 - val_accuracy: 0.2143 - 3s/epoch - 4ms/step
Epoch 78/100
782/782 - 3s - loss: 2.0449 - accuracy: 0.2108 - val_loss: 2.0227 - val_accuracy: 0.2165 - 3s/epoch - 4ms/step
Epoch 79/100
782/782 - 3s - loss: 2.0446 - accuracy: 0.2117 - val_loss: 2.0211 - val_accuracy: 0.2141 - 3s/epoch - 4ms/step
Epoch 80/100
782/782 - 3s - loss: 2.0443 - accuracy: 0.2107 - val_loss: 2.0230 - val_accuracy: 0.2176 - 3s/epoch - 4ms/step
Epoch 81/100
782/782 - 3s - loss: 2.0426 - accuracy: 0.2095 - val_loss: 2.0200 - val_accuracy: 0.2195 - 3s/epoch - 4ms/step
Epoch 82/100
782/782 - 3s - loss: 2.0428 - accuracy: 0.2110 - val_loss: 2.0204 - val_accuracy: 0.2163 - 3s/epoch - 4ms/step
Epoch 83/100
782/782 - 3s - loss: 2.0417 - accuracy: 0.2107 - val_loss: 2.0217 - val_accuracy: 0.2128 - 3s/epoch - 4ms/step
Epoch 84/100
782/782 - 3s - loss: 2.0430 - accuracy: 0.2129 - val_loss: 2.0342 - val_accuracy: 0.2297 - 3s/epoch - 4ms/step
Epoch 85/100
782/782 - 3s - loss: 2.0423 - accuracy: 0.2088 - val_loss: 2.0221 - val_accuracy: 0.2101 - 3s/epoch - 4ms/step
Epoch 86/100
782/782 - 3s - loss: 2.0425 - accuracy: 0.2110 - val_loss: 2.0163 - val_accuracy: 0.2260 - 3s/epoch - 4ms/step
Epoch 87/100
782/782 - 3s - loss: 2.0413 - accuracy: 0.2145 - val_loss: 2.0201 - val_accuracy: 0.2201 - 3s/epoch - 4ms/step
Epoch 88/100
782/782 - 3s - loss: 2.0404 - accuracy: 0.2130 - val_loss: 2.0290 - val_accuracy: 0.2153 - 3s/epoch - 4ms/step
Epoch 89/100
782/782 - 3s - loss: 2.0375 - accuracy: 0.2136 - val_loss: 2.0173 - val_accuracy: 0.2187 - 3s/epoch - 4ms/step
Epoch 90/100
782/782 - 3s - loss: 2.0384 - accuracy: 0.2134 - val_loss: 2.0293 - val_accuracy: 0.2032 - 3s/epoch - 4ms/step
Epoch 91/100
782/782 - 3s - loss: 2.0379 - accuracy: 0.2136 - val_loss: 2.0128 - val_accuracy: 0.2264 - 3s/epoch - 4ms/step
Epoch 92/100
782/782 - 3s - loss: 2.0373 - accuracy: 0.2173 - val_loss: 2.0120 - val_accuracy: 0.2222 - 3s/epoch - 4ms/step
Epoch 93/100
782/782 - 3s - loss: 2.0347 - accuracy: 0.2149 - val_loss: 2.0248 - val_accuracy: 0.2178 - 3s/epoch - 4ms/step
Epoch 94/100
782/782 - 3s - loss: 2.0361 - accuracy: 0.2200 - val_loss: 2.0114 - val_accuracy: 0.2243 - 3s/epoch - 4ms/step
Epoch 95/100
782/782 - 3s - loss: 2.0363 - accuracy: 0.2147 - val_loss: 2.0214 - val_accuracy: 0.2115 - 3s/epoch - 4ms/step
Epoch 96/100
782/782 - 3s - loss: 2.0352 - accuracy: 0.2139 - val_loss: 2.0098 - val_accuracy: 0.2228 - 3s/epoch - 4ms/step
Epoch 97/100
782/782 - 3s - loss: 2.0349 - accuracy: 0.2160 - val_loss: 2.0140 - val_accuracy: 0.2210 - 3s/epoch - 4ms/step
Epoch 98/100
782/782 - 3s - loss: 2.0332 - accuracy: 0.2144 - val_loss: 2.0109 - val_accuracy: 0.2277 - 3s/epoch - 4ms/step
Epoch 99/100
782/782 - 3s - loss: 2.0339 - accuracy: 0.2152 - val_loss: 2.0147 - val_accuracy: 0.2283 - 3s/epoch - 4ms/step
Epoch 100/100
Restoring model weights from the end of the best epoch: 70.
782/782 - 3s - loss: 2.0332 - accuracy: 0.2157 - val_loss: 2.0319 - val_accuracy: 0.2128 - 3s/epoch - 4ms/step
Epoch 100: early stopping
313/313 - 1s - loss: 2.0255 - accuracy: 0.2302 - 548ms/epoch - 2ms/step

ACCURACY: 0.23019999265670776


SCORE: -0.4528120188596954

[92m | MODULE VALUES ---------------------------------------------  |
 [0m
FLOPS: 4163988
PARAMS: 36270.0
[92m 
 | -----------------------------------------------------------  |
 [0m

--- BANANAS ITERATION 21 / 1000 ---
Chosen point: {'num_neurons': 4, 'unit_c1': 3, 'unit_c2': 2, 'dr_f': 0.41958337514630517, 'learning_rate': 0.0004709258072772852, 'batch_size': 8, 'optimizer': 'Adadelta', 'activation': 'elu', 'data_augmentation': False, 'reg_l2': False, 'skip_connection': False, 'new_fc_1': 29, 'new_fc_2': 7, 'new_fc_3': 3, 'new_fc_4': 1, 'new_fc_5': 13, 'new_fc_6': 4, 'new_fc_7': 16, 'new_fc_8': 3, 'new_fc_9': 32, 'new_fc_10': 17}
[94m
|  --> START TRAINING ITERATION 20[0m
[INFO] Flags -> DA: False, L2: False, Skip: False
Building model with input_shape=(32, 32, 3), pos_input_shape=None, layer_x_block=2
Model: "model"
_________________________________________________________________
 Layer (type)                Output Shape              Param #   
=================================================================
 input_1 (InputLayer)        [(None, 32, 32, 3)]       0         
                                                                 
 conv2d (Conv2D)             (None, 32, 32, 12)        336       
                                                                 
 activation (Activation)     (None, 32, 32, 12)        0         
                                                                 
 conv2d_1 (Conv2D)           (None, 32, 32, 12)        1308      
                                                                 
 activation_1 (Activation)   (None, 32, 32, 12)        0         
                                                                 
 max_pooling2d (MaxPooling2  (None, 16, 16, 12)        0         
 D)                                                              
                                                                 
 conv2d_2 (Conv2D)           (None, 16, 16, 8)         872       
                                                                 
 activation_2 (Activation)   (None, 16, 16, 8)         0         
                                                                 
 conv2d_3 (Conv2D)           (None, 16, 16, 8)         584       
                                                                 
 activation_3 (Activation)   (None, 16, 16, 8)         0         
                                                                 
 max_pooling2d_1 (MaxPoolin  (None, 8, 8, 8)           0         
 g2D)                                                            
                                                                 
 flatten (Flatten)           (None, 512)               0         
                                                                 
 dense (Dense)               (None, 116)               59508     
                                                                 
 activation_4 (Activation)   (None, 116)               0         
                                                                 
 dropout (Dropout)           (None, 116)               0         
                                                                 
 dense_1 (Dense)             (None, 28)                3276      
                                                                 
 activation_5 (Activation)   (None, 28)                0         
                                                                 
 dropout_1 (Dropout)         (None, 28)                0         
                                                                 
 dense_2 (Dense)             (None, 12)                348       
                                                                 
 activation_6 (Activation)   (None, 12)                0         
                                                                 
 dropout_2 (Dropout)         (None, 12)                0         
                                                                 
 dense_3 (Dense)             (None, 4)                 52        
                                                                 
 activation_7 (Activation)   (None, 4)                 0         
                                                                 
 dropout_3 (Dropout)         (None, 4)                 0         
                                                                 
 dense_4 (Dense)             (None, 52)                260       
                                                                 
 activation_8 (Activation)   (None, 52)                0         
                                                                 
 dropout_4 (Dropout)         (None, 52)                0         
                                                                 
 dense_5 (Dense)             (None, 16)                848       
                                                                 
 activation_9 (Activation)   (None, 16)                0         
                                                                 
 dropout_5 (Dropout)         (None, 16)                0         
                                                                 
 dense_6 (Dense)             (None, 64)                1088      
                                                                 
 activation_10 (Activation)  (None, 64)                0         
                                                                 
 dropout_6 (Dropout)         (None, 64)                0         
                                                                 
 dense_7 (Dense)             (None, 12)                780       
                                                                 
 activation_11 (Activation)  (None, 12)                0         
                                                                 
 dropout_7 (Dropout)         (None, 12)                0         
                                                                 
 dense_8 (Dense)             (None, 128)               1664      
                                                                 
 activation_12 (Activation)  (None, 128)               0         
                                                                 
 dropout_8 (Dropout)         (None, 128)               0         
                                                                 
 dense_9 (Dense)             (None, 68)                8772      
                                                                 
 activation_13 (Activation)  (None, 68)                0         
                                                                 
 dropout_9 (Dropout)         (None, 68)                0         
                                                                 
 dense_10 (Dense)            (None, 10)                690       
                                                                 
=================================================================
Total params: 80386 (314.01 KB)
Trainable params: 80386 (314.01 KB)
Non-trainable params: 0 (0.00 Byte)
_________________________________________________________________
Epoch 1/100
6250/6250 - 21s - loss: 2.3860 - accuracy: 0.0993 - val_loss: 2.3045 - val_accuracy: 0.0883 - 21s/epoch - 3ms/step
Epoch 2/100
6250/6250 - 21s - loss: 2.3647 - accuracy: 0.0977 - val_loss: 2.3044 - val_accuracy: 0.0996 - 21s/epoch - 3ms/step
Epoch 3/100
6250/6250 - 21s - loss: 2.3532 - accuracy: 0.0975 - val_loss: 2.3040 - val_accuracy: 0.1045 - 21s/epoch - 3ms/step
Epoch 4/100
6250/6250 - 21s - loss: 2.3463 - accuracy: 0.1018 - val_loss: 2.3036 - val_accuracy: 0.1060 - 21s/epoch - 3ms/step
Epoch 5/100
6250/6250 - 21s - loss: 2.3442 - accuracy: 0.1008 - val_loss: 2.3031 - val_accuracy: 0.1069 - 21s/epoch - 3ms/step
Epoch 6/100
6250/6250 - 21s - loss: 2.3417 - accuracy: 0.0977 - val_loss: 2.3028 - val_accuracy: 0.1083 - 21s/epoch - 3ms/step
Epoch 7/100
6250/6250 - 21s - loss: 2.3390 - accuracy: 0.1002 - val_loss: 2.3025 - val_accuracy: 0.1093 - 21s/epoch - 3ms/step
Epoch 8/100
6250/6250 - 21s - loss: 2.3370 - accuracy: 0.0988 - val_loss: 2.3022 - val_accuracy: 0.1114 - 21s/epoch - 3ms/step
Epoch 9/100
6250/6250 - 21s - loss: 2.3351 - accuracy: 0.0990 - val_loss: 2.3020 - val_accuracy: 0.1119 - 21s/epoch - 3ms/step
Epoch 10/100
6250/6250 - 21s - loss: 2.3327 - accuracy: 0.0999 - val_loss: 2.3018 - val_accuracy: 0.1129 - 21s/epoch - 3ms/step
Epoch 11/100
6250/6250 - 21s - loss: 2.3323 - accuracy: 0.1013 - val_loss: 2.3016 - val_accuracy: 0.1123 - 21s/epoch - 3ms/step
Epoch 12/100
6250/6250 - 21s - loss: 2.3293 - accuracy: 0.1005 - val_loss: 2.3014 - val_accuracy: 0.1133 - 21s/epoch - 3ms/step
Epoch 13/100
6250/6250 - 21s - loss: 2.3275 - accuracy: 0.1026 - val_loss: 2.3012 - val_accuracy: 0.1151 - 21s/epoch - 3ms/step
Epoch 14/100
6250/6250 - 21s - loss: 2.3267 - accuracy: 0.1009 - val_loss: 2.3010 - val_accuracy: 0.1150 - 21s/epoch - 3ms/step
Epoch 15/100
6250/6250 - 21s - loss: 2.3267 - accuracy: 0.0992 - val_loss: 2.3009 - val_accuracy: 0.1163 - 21s/epoch - 3ms/step
Epoch 16/100
6250/6250 - 21s - loss: 2.3269 - accuracy: 0.0998 - val_loss: 2.3007 - val_accuracy: 0.1170 - 21s/epoch - 3ms/step
Epoch 17/100
6250/6250 - 21s - loss: 2.3229 - accuracy: 0.1017 - val_loss: 2.3006 - val_accuracy: 0.1185 - 21s/epoch - 3ms/step
Epoch 18/100
6250/6250 - 21s - loss: 2.3210 - accuracy: 0.1052 - val_loss: 2.3005 - val_accuracy: 0.1175 - 21s/epoch - 3ms/step
Epoch 19/100
6250/6250 - 21s - loss: 2.3222 - accuracy: 0.1020 - val_loss: 2.3003 - val_accuracy: 0.1194 - 21s/epoch - 3ms/step
Epoch 20/100
6250/6250 - 21s - loss: 2.3231 - accuracy: 0.1020 - val_loss: 2.3002 - val_accuracy: 0.1194 - 21s/epoch - 3ms/step
Epoch 21/100
6250/6250 - 21s - loss: 2.3223 - accuracy: 0.1020 - val_loss: 2.3001 - val_accuracy: 0.1208 - 21s/epoch - 3ms/step
Epoch 22/100
6250/6250 - 21s - loss: 2.3205 - accuracy: 0.1027 - val_loss: 2.3000 - val_accuracy: 0.1222 - 21s/epoch - 3ms/step
Epoch 23/100
6250/6250 - 21s - loss: 2.3182 - accuracy: 0.1032 - val_loss: 2.2999 - val_accuracy: 0.1230 - 21s/epoch - 3ms/step
Epoch 24/100
6250/6250 - 21s - loss: 2.3203 - accuracy: 0.1015 - val_loss: 2.2998 - val_accuracy: 0.1223 - 21s/epoch - 3ms/step
Epoch 25/100
6250/6250 - 21s - loss: 2.3193 - accuracy: 0.1014 - val_loss: 2.2997 - val_accuracy: 0.1232 - 21s/epoch - 3ms/step
Epoch 26/100
6250/6250 - 21s - loss: 2.3190 - accuracy: 0.0991 - val_loss: 2.2996 - val_accuracy: 0.1235 - 21s/epoch - 3ms/step
Epoch 27/100
6250/6250 - 19s - loss: 2.3199 - accuracy: 0.1009 - val_loss: 2.2995 - val_accuracy: 0.1246 - 19s/epoch - 3ms/step
Epoch 28/100
6250/6250 - 19s - loss: 2.3193 - accuracy: 0.1012 - val_loss: 2.2994 - val_accuracy: 0.1255 - 19s/epoch - 3ms/step
Epoch 29/100
6250/6250 - 20s - loss: 2.3179 - accuracy: 0.1003 - val_loss: 2.2993 - val_accuracy: 0.1293 - 20s/epoch - 3ms/step
Epoch 30/100
6250/6250 - 21s - loss: 2.3179 - accuracy: 0.1003 - val_loss: 2.2992 - val_accuracy: 0.1305 - 21s/epoch - 3ms/step
Epoch 31/100
6250/6250 - 21s - loss: 2.3167 - accuracy: 0.1012 - val_loss: 2.2991 - val_accuracy: 0.1340 - 21s/epoch - 3ms/step
Epoch 32/100
6250/6250 - 20s - loss: 2.3157 - accuracy: 0.1022 - val_loss: 2.2990 - val_accuracy: 0.1355 - 20s/epoch - 3ms/step
Epoch 33/100
6250/6250 - 20s - loss: 2.3179 - accuracy: 0.1014 - val_loss: 2.2988 - val_accuracy: 0.1366 - 20s/epoch - 3ms/step
Epoch 34/100
6250/6250 - 21s - loss: 2.3160 - accuracy: 0.1026 - val_loss: 2.2988 - val_accuracy: 0.1344 - 21s/epoch - 3ms/step
Epoch 35/100
6250/6250 - 21s - loss: 2.3166 - accuracy: 0.1026 - val_loss: 2.2987 - val_accuracy: 0.1333 - 21s/epoch - 3ms/step
Epoch 36/100
6250/6250 - 21s - loss: 2.3160 - accuracy: 0.1027 - val_loss: 2.2986 - val_accuracy: 0.1366 - 21s/epoch - 3ms/step
Epoch 37/100
6250/6250 - 20s - loss: 2.3154 - accuracy: 0.1035 - val_loss: 2.2984 - val_accuracy: 0.1442 - 20s/epoch - 3ms/step
Epoch 38/100
6250/6250 - 20s - loss: 2.3148 - accuracy: 0.1013 - val_loss: 2.2983 - val_accuracy: 0.1449 - 20s/epoch - 3ms/step
Epoch 39/100
6250/6250 - 20s - loss: 2.3152 - accuracy: 0.1042 - val_loss: 2.2982 - val_accuracy: 0.1418 - 20s/epoch - 3ms/step
Epoch 40/100
6250/6250 - 20s - loss: 2.3145 - accuracy: 0.1002 - val_loss: 2.2981 - val_accuracy: 0.1487 - 20s/epoch - 3ms/step
Epoch 41/100
6250/6250 - 20s - loss: 2.3148 - accuracy: 0.1027 - val_loss: 2.2980 - val_accuracy: 0.1512 - 20s/epoch - 3ms/step
Epoch 42/100
6250/6250 - 20s - loss: 2.3148 - accuracy: 0.1023 - val_loss: 2.2978 - val_accuracy: 0.1516 - 20s/epoch - 3ms/step
Epoch 43/100
6250/6250 - 20s - loss: 2.3139 - accuracy: 0.1023 - val_loss: 2.2977 - val_accuracy: 0.1544 - 20s/epoch - 3ms/step
Epoch 44/100
6250/6250 - 20s - loss: 2.3135 - accuracy: 0.1031 - val_loss: 2.2974 - val_accuracy: 0.1573 - 20s/epoch - 3ms/step
Epoch 45/100
6250/6250 - 20s - loss: 2.3127 - accuracy: 0.1027 - val_loss: 2.2973 - val_accuracy: 0.1580 - 20s/epoch - 3ms/step
Epoch 46/100
6250/6250 - 20s - loss: 2.3123 - accuracy: 0.1028 - val_loss: 2.2972 - val_accuracy: 0.1563 - 20s/epoch - 3ms/step
Epoch 47/100
6250/6250 - 20s - loss: 2.3128 - accuracy: 0.1033 - val_loss: 2.2971 - val_accuracy: 0.1559 - 20s/epoch - 3ms/step
Epoch 48/100
6250/6250 - 20s - loss: 2.3123 - accuracy: 0.1039 - val_loss: 2.2969 - val_accuracy: 0.1565 - 20s/epoch - 3ms/step
Epoch 49/100
6250/6250 - 20s - loss: 2.3128 - accuracy: 0.1006 - val_loss: 2.2967 - val_accuracy: 0.1583 - 20s/epoch - 3ms/step
Epoch 50/100
6250/6250 - 19s - loss: 2.3120 - accuracy: 0.1019 - val_loss: 2.2965 - val_accuracy: 0.1593 - 19s/epoch - 3ms/step
Epoch 51/100
6250/6250 - 19s - loss: 2.3119 - accuracy: 0.1026 - val_loss: 2.2963 - val_accuracy: 0.1608 - 19s/epoch - 3ms/step
Epoch 52/100
6250/6250 - 19s - loss: 2.3124 - accuracy: 0.1038 - val_loss: 2.2961 - val_accuracy: 0.1625 - 19s/epoch - 3ms/step
Epoch 53/100
6250/6250 - 20s - loss: 2.3106 - accuracy: 0.1035 - val_loss: 2.2960 - val_accuracy: 0.1622 - 20s/epoch - 3ms/step
Epoch 54/100
6250/6250 - 20s - loss: 2.3111 - accuracy: 0.1027 - val_loss: 2.2957 - val_accuracy: 0.1627 - 20s/epoch - 3ms/step
Epoch 55/100
6250/6250 - 20s - loss: 2.3103 - accuracy: 0.1029 - val_loss: 2.2955 - val_accuracy: 0.1642 - 20s/epoch - 3ms/step
Epoch 56/100
6250/6250 - 20s - loss: 2.3104 - accuracy: 0.1059 - val_loss: 2.2953 - val_accuracy: 0.1643 - 20s/epoch - 3ms/step
Epoch 57/100
6250/6250 - 20s - loss: 2.3097 - accuracy: 0.1039 - val_loss: 2.2951 - val_accuracy: 0.1647 - 20s/epoch - 3ms/step
Epoch 58/100
6250/6250 - 20s - loss: 2.3109 - accuracy: 0.1046 - val_loss: 2.2949 - val_accuracy: 0.1636 - 20s/epoch - 3ms/step
Epoch 59/100
6250/6250 - 20s - loss: 2.3093 - accuracy: 0.1033 - val_loss: 2.2947 - val_accuracy: 0.1633 - 20s/epoch - 3ms/step
Epoch 60/100
6250/6250 - 20s - loss: 2.3095 - accuracy: 0.1050 - val_loss: 2.2944 - val_accuracy: 0.1645 - 20s/epoch - 3ms/step
Epoch 61/100
6250/6250 - 20s - loss: 2.3091 - accuracy: 0.1048 - val_loss: 2.2942 - val_accuracy: 0.1646 - 20s/epoch - 3ms/step
Epoch 62/100
6250/6250 - 20s - loss: 2.3086 - accuracy: 0.1030 - val_loss: 2.2938 - val_accuracy: 0.1662 - 20s/epoch - 3ms/step
Epoch 63/100
6250/6250 - 20s - loss: 2.3098 - accuracy: 0.1040 - val_loss: 2.2935 - val_accuracy: 0.1649 - 20s/epoch - 3ms/step
Epoch 64/100
6250/6250 - 20s - loss: 2.3096 - accuracy: 0.1022 - val_loss: 2.2932 - val_accuracy: 0.1650 - 20s/epoch - 3ms/step
Epoch 65/100
6250/6250 - 20s - loss: 2.3094 - accuracy: 0.1022 - val_loss: 2.2929 - val_accuracy: 0.1666 - 20s/epoch - 3ms/step
Epoch 66/100
6250/6250 - 20s - loss: 2.3071 - accuracy: 0.1049 - val_loss: 2.2926 - val_accuracy: 0.1668 - 20s/epoch - 3ms/step
Epoch 67/100
6250/6250 - 20s - loss: 2.3078 - accuracy: 0.1055 - val_loss: 2.2922 - val_accuracy: 0.1685 - 20s/epoch - 3ms/step
Epoch 68/100
6250/6250 - 20s - loss: 2.3068 - accuracy: 0.1061 - val_loss: 2.2919 - val_accuracy: 0.1672 - 20s/epoch - 3ms/step
Epoch 69/100
6250/6250 - 20s - loss: 2.3074 - accuracy: 0.1033 - val_loss: 2.2914 - val_accuracy: 0.1675 - 20s/epoch - 3ms/step
Epoch 70/100
6250/6250 - 20s - loss: 2.3075 - accuracy: 0.1054 - val_loss: 2.2911 - val_accuracy: 0.1664 - 20s/epoch - 3ms/step
Epoch 71/100
6250/6250 - 20s - loss: 2.3062 - accuracy: 0.1062 - val_loss: 2.2906 - val_accuracy: 0.1664 - 20s/epoch - 3ms/step
Epoch 72/100
6250/6250 - 20s - loss: 2.3055 - accuracy: 0.1073 - val_loss: 2.2901 - val_accuracy: 0.1654 - 20s/epoch - 3ms/step
Epoch 73/100
6250/6250 - 20s - loss: 2.3057 - accuracy: 0.1043 - val_loss: 2.2896 - val_accuracy: 0.1654 - 20s/epoch - 3ms/step
Epoch 74/100
6250/6250 - 20s - loss: 2.3061 - accuracy: 0.1065 - val_loss: 2.2892 - val_accuracy: 0.1673 - 20s/epoch - 3ms/step
Epoch 75/100
6250/6250 - 20s - loss: 2.3066 - accuracy: 0.1054 - val_loss: 2.2887 - val_accuracy: 0.1692 - 20s/epoch - 3ms/step
Epoch 76/100
6250/6250 - 20s - loss: 2.3046 - accuracy: 0.1078 - val_loss: 2.2882 - val_accuracy: 0.1664 - 20s/epoch - 3ms/step
Epoch 77/100
6250/6250 - 20s - loss: 2.3049 - accuracy: 0.1080 - val_loss: 2.2876 - val_accuracy: 0.1668 - 20s/epoch - 3ms/step
Epoch 78/100
6250/6250 - 20s - loss: 2.3057 - accuracy: 0.1077 - val_loss: 2.2870 - val_accuracy: 0.1669 - 20s/epoch - 3ms/step
Epoch 79/100
6250/6250 - 20s - loss: 2.3046 - accuracy: 0.1088 - val_loss: 2.2865 - val_accuracy: 0.1666 - 20s/epoch - 3ms/step
Epoch 80/100
6250/6250 - 20s - loss: 2.3047 - accuracy: 0.1074 - val_loss: 2.2859 - val_accuracy: 0.1673 - 20s/epoch - 3ms/step
Epoch 81/100
6250/6250 - 20s - loss: 2.3045 - accuracy: 0.1076 - val_loss: 2.2853 - val_accuracy: 0.1682 - 20s/epoch - 3ms/step
Epoch 82/100
6250/6250 - 20s - loss: 2.3046 - accuracy: 0.1075 - val_loss: 2.2847 - val_accuracy: 0.1667 - 20s/epoch - 3ms/step
Epoch 83/100
6250/6250 - 20s - loss: 2.3023 - accuracy: 0.1092 - val_loss: 2.2840 - val_accuracy: 0.1680 - 20s/epoch - 3ms/step
Epoch 84/100
6250/6250 - 20s - loss: 2.3022 - accuracy: 0.1066 - val_loss: 2.2834 - val_accuracy: 0.1680 - 20s/epoch - 3ms/step
Epoch 85/100
6250/6250 - 19s - loss: 2.3017 - accuracy: 0.1081 - val_loss: 2.2824 - val_accuracy: 0.1671 - 19s/epoch - 3ms/step
Epoch 86/100
6250/6250 - 19s - loss: 2.3036 - accuracy: 0.1079 - val_loss: 2.2818 - val_accuracy: 0.1662 - 19s/epoch - 3ms/step
Epoch 87/100
6250/6250 - 20s - loss: 2.3010 - accuracy: 0.1119 - val_loss: 2.2809 - val_accuracy: 0.1677 - 20s/epoch - 3ms/step
Epoch 88/100
6250/6250 - 20s - loss: 2.3015 - accuracy: 0.1108 - val_loss: 2.2802 - val_accuracy: 0.1669 - 20s/epoch - 3ms/step
Epoch 89/100
6250/6250 - 20s - loss: 2.3005 - accuracy: 0.1104 - val_loss: 2.2793 - val_accuracy: 0.1678 - 20s/epoch - 3ms/step
Epoch 90/100
6250/6250 - 20s - loss: 2.2990 - accuracy: 0.1126 - val_loss: 2.2784 - val_accuracy: 0.1672 - 20s/epoch - 3ms/step
Epoch 91/100
6250/6250 - 20s - loss: 2.3003 - accuracy: 0.1120 - val_loss: 2.2776 - val_accuracy: 0.1679 - 20s/epoch - 3ms/step
Epoch 92/100
6250/6250 - 20s - loss: 2.3000 - accuracy: 0.1114 - val_loss: 2.2766 - val_accuracy: 0.1673 - 20s/epoch - 3ms/step
Epoch 93/100
6250/6250 - 20s - loss: 2.3014 - accuracy: 0.1103 - val_loss: 2.2757 - val_accuracy: 0.1665 - 20s/epoch - 3ms/step
Epoch 94/100
6250/6250 - 20s - loss: 2.2979 - accuracy: 0.1118 - val_loss: 2.2746 - val_accuracy: 0.1662 - 20s/epoch - 3ms/step
Epoch 95/100
6250/6250 - 20s - loss: 2.2992 - accuracy: 0.1114 - val_loss: 2.2736 - val_accuracy: 0.1649 - 20s/epoch - 3ms/step
Epoch 96/100
6250/6250 - 20s - loss: 2.2975 - accuracy: 0.1123 - val_loss: 2.2724 - val_accuracy: 0.1667 - 20s/epoch - 3ms/step
Epoch 97/100
Restoring model weights from the end of the best epoch: 67.
6250/6250 - 20s - loss: 2.2968 - accuracy: 0.1148 - val_loss: 2.2713 - val_accuracy: 0.1663 - 20s/epoch - 3ms/step
Epoch 97: early stopping
313/313 - 1s - loss: 2.2922 - accuracy: 0.1685 - 533ms/epoch - 2ms/step

ACCURACY: 0.16850000619888306


SCORE: -0.40944568433921813

[92m | MODULE VALUES ---------------------------------------------  |
 [0m
FLOPS: 4252160
PARAMS: 80386.0
[92m 
 | -----------------------------------------------------------  |
 [0m

--- BANANAS ITERATION 22 / 1000 ---
Chosen point: {'num_neurons': 4, 'unit_c1': 1, 'unit_c2': 3, 'dr_f': 0.037743523538248766, 'learning_rate': 0.0002869852709454349, 'batch_size': 64, 'optimizer': 'Adam', 'activation': 'elu', 'data_augmentation': True, 'reg_l2': False, 'skip_connection': True, 'new_fc_1': 25, 'new_fc_2': 19, 'new_fc_3': 2, 'new_fc_4': 9, 'new_fc_5': 6, 'new_fc_6': 8, 'new_fc_7': 20, 'new_fc_8': 0, 'new_fc_9': 32, 'new_fc_10': 15}
[94m
|  --> START TRAINING ITERATION 21[0m
[INFO] Flags -> DA: True, L2: False, Skip: True
Building model with input_shape=(32, 32, 3), pos_input_shape=None, layer_x_block=2
Model: "model"
__________________________________________________________________________________________________
 Layer (type)                Output Shape                 Param #   Connected to                  
==================================================================================================
 input_2 (InputLayer)        [(None, 32, 32, 3)]          0         []                            
                                                                                                  
 conv2d (Conv2D)             (None, 32, 32, 4)            112       ['input_2[0][0]']             
                                                                                                  
 activation (Activation)     (None, 32, 32, 4)            0         ['conv2d[1][0]']              
                                                                                                  
 conv2d_2 (Conv2D)           (None, 32, 32, 4)            16        ['input_2[0][0]']             
                                                                                                  
 conv2d_1 (Conv2D)           (None, 32, 32, 4)            148       ['activation[1][0]']          
                                                                                                  
 add (Add)                   (None, 32, 32, 4)            0         ['conv2d_2[1][0]',            
                                                                     'conv2d_1[1][0]']            
                                                                                                  
 activation_1 (Activation)   (None, 32, 32, 4)            0         ['add[1][0]']                 
                                                                                                  
 max_pooling2d (MaxPooling2  (None, 16, 16, 4)            0         ['activation_1[1][0]']        
 D)                                                                                               
                                                                                                  
 conv2d_3 (Conv2D)           (None, 16, 16, 12)           444       ['max_pooling2d[1][0]']       
                                                                                                  
 activation_2 (Activation)   (None, 16, 16, 12)           0         ['conv2d_3[1][0]']            
                                                                                                  
 conv2d_5 (Conv2D)           (None, 16, 16, 12)           60        ['max_pooling2d[1][0]']       
                                                                                                  
 conv2d_4 (Conv2D)           (None, 16, 16, 12)           1308      ['activation_2[1][0]']        
                                                                                                  
 add_1 (Add)                 (None, 16, 16, 12)           0         ['conv2d_5[1][0]',            
                                                                     'conv2d_4[1][0]']            
                                                                                                  
 activation_3 (Activation)   (None, 16, 16, 12)           0         ['add_1[1][0]']               
                                                                                                  
 max_pooling2d_1 (MaxPoolin  (None, 8, 8, 12)             0         ['activation_3[1][0]']        
 g2D)                                                                                             
                                                                                                  
 flatten (Flatten)           (None, 768)                  0         ['max_pooling2d_1[1][0]']     
                                                                                                  
 dense (Dense)               (None, 100)                  76900     ['flatten[1][0]']             
                                                                                                  
 activation_4 (Activation)   (None, 100)                  0         ['dense[1][0]']               
                                                                                                  
 dropout (Dropout)           (None, 100)                  0         ['activation_4[1][0]']        
                                                                                                  
 dense_1 (Dense)             (None, 76)                   7676      ['dropout[1][0]']             
                                                                                                  
 activation_5 (Activation)   (None, 76)                   0         ['dense_1[1][0]']             
                                                                                                  
 dropout_1 (Dropout)         (None, 76)                   0         ['activation_5[1][0]']        
                                                                                                  
 dense_2 (Dense)             (None, 8)                    616       ['dropout_1[1][0]']           
                                                                                                  
 activation_6 (Activation)   (None, 8)                    0         ['dense_2[1][0]']             
                                                                                                  
 dropout_2 (Dropout)         (None, 8)                    0         ['activation_6[1][0]']        
                                                                                                  
 dense_3 (Dense)             (None, 36)                   324       ['dropout_2[1][0]']           
                                                                                                  
 activation_7 (Activation)   (None, 36)                   0         ['dense_3[1][0]']             
                                                                                                  
 dropout_3 (Dropout)         (None, 36)                   0         ['activation_7[1][0]']        
                                                                                                  
 dense_4 (Dense)             (None, 24)                   888       ['dropout_3[1][0]']           
                                                                                                  
 activation_8 (Activation)   (None, 24)                   0         ['dense_4[1][0]']             
                                                                                                  
 dropout_4 (Dropout)         (None, 24)                   0         ['activation_8[1][0]']        
                                                                                                  
 dense_5 (Dense)             (None, 32)                   800       ['dropout_4[1][0]']           
                                                                                                  
 activation_9 (Activation)   (None, 32)                   0         ['dense_5[1][0]']             
                                                                                                  
 dropout_5 (Dropout)         (None, 32)                   0         ['activation_9[1][0]']        
                                                                                                  
 dense_6 (Dense)             (None, 80)                   2640      ['dropout_5[1][0]']           
                                                                                                  
 activation_10 (Activation)  (None, 80)                   0         ['dense_6[1][0]']             
                                                                                                  
 dropout_6 (Dropout)         (None, 80)                   0         ['activation_10[1][0]']       
                                                                                                  
 dense_7 (Dense)             (None, 128)                  10368     ['dropout_6[1][0]']           
                                                                                                  
 activation_11 (Activation)  (None, 128)                  0         ['dense_7[1][0]']             
                                                                                                  
 dropout_7 (Dropout)         (None, 128)                  0         ['activation_11[1][0]']       
                                                                                                  
 dense_8 (Dense)             (None, 60)                   7740      ['dropout_7[1][0]']           
                                                                                                  
 activation_12 (Activation)  (None, 60)                   0         ['dense_8[1][0]']             
                                                                                                  
 dropout_8 (Dropout)         (None, 60)                   0         ['activation_12[1][0]']       
                                                                                                  
 dense_9 (Dense)             (None, 10)                   610       ['dropout_8[1][0]']           
                                                                                                  
==================================================================================================
Total params: 110650 (432.23 KB)
Trainable params: 110650 (432.23 KB)
Non-trainable params: 0 (0.00 Byte)
__________________________________________________________________________________________________
Epoch 1/100
782/782 - 5s - loss: 1.8247 - accuracy: 0.3105 - val_loss: 1.5968 - val_accuracy: 0.4137 - 5s/epoch - 7ms/step
Epoch 2/100
782/782 - 3s - loss: 1.5264 - accuracy: 0.4394 - val_loss: 1.4015 - val_accuracy: 0.4886 - 3s/epoch - 4ms/step
Epoch 3/100
782/782 - 3s - loss: 1.4325 - accuracy: 0.4798 - val_loss: 1.3491 - val_accuracy: 0.5129 - 3s/epoch - 4ms/step
Epoch 4/100
782/782 - 3s - loss: 1.3714 - accuracy: 0.5036 - val_loss: 1.2972 - val_accuracy: 0.5302 - 3s/epoch - 4ms/step
Epoch 5/100
782/782 - 3s - loss: 1.3205 - accuracy: 0.5238 - val_loss: 1.2816 - val_accuracy: 0.5313 - 3s/epoch - 4ms/step
Epoch 6/100
782/782 - 3s - loss: 1.2797 - accuracy: 0.5401 - val_loss: 1.2412 - val_accuracy: 0.5515 - 3s/epoch - 4ms/step
Epoch 7/100
782/782 - 3s - loss: 1.2464 - accuracy: 0.5538 - val_loss: 1.2351 - val_accuracy: 0.5486 - 3s/epoch - 4ms/step
Epoch 8/100
782/782 - 3s - loss: 1.2101 - accuracy: 0.5680 - val_loss: 1.1653 - val_accuracy: 0.5816 - 3s/epoch - 4ms/step
Epoch 9/100
782/782 - 3s - loss: 1.1782 - accuracy: 0.5778 - val_loss: 1.1601 - val_accuracy: 0.5872 - 3s/epoch - 4ms/step
Epoch 10/100
782/782 - 3s - loss: 1.1534 - accuracy: 0.5909 - val_loss: 1.1262 - val_accuracy: 0.6012 - 3s/epoch - 4ms/step
Epoch 11/100
782/782 - 3s - loss: 1.1160 - accuracy: 0.6022 - val_loss: 1.1303 - val_accuracy: 0.6018 - 3s/epoch - 4ms/step
Epoch 12/100
782/782 - 3s - loss: 1.0937 - accuracy: 0.6110 - val_loss: 1.1117 - val_accuracy: 0.6063 - 3s/epoch - 4ms/step
Epoch 13/100
782/782 - 3s - loss: 1.0724 - accuracy: 0.6194 - val_loss: 1.0827 - val_accuracy: 0.6147 - 3s/epoch - 4ms/step
Epoch 14/100
782/782 - 3s - loss: 1.0517 - accuracy: 0.6285 - val_loss: 1.0753 - val_accuracy: 0.6177 - 3s/epoch - 4ms/step
Epoch 15/100
782/782 - 3s - loss: 1.0294 - accuracy: 0.6360 - val_loss: 1.0798 - val_accuracy: 0.6178 - 3s/epoch - 4ms/step
Epoch 16/100
782/782 - 3s - loss: 1.0069 - accuracy: 0.6430 - val_loss: 1.0795 - val_accuracy: 0.6170 - 3s/epoch - 4ms/step
Epoch 17/100
782/782 - 3s - loss: 0.9868 - accuracy: 0.6516 - val_loss: 1.0526 - val_accuracy: 0.6303 - 3s/epoch - 4ms/step
Epoch 18/100
782/782 - 3s - loss: 0.9685 - accuracy: 0.6584 - val_loss: 1.0371 - val_accuracy: 0.6377 - 3s/epoch - 4ms/step
Epoch 19/100
782/782 - 3s - loss: 0.9487 - accuracy: 0.6673 - val_loss: 1.0470 - val_accuracy: 0.6334 - 3s/epoch - 4ms/step
Epoch 20/100
782/782 - 3s - loss: 0.9329 - accuracy: 0.6721 - val_loss: 1.0400 - val_accuracy: 0.6327 - 3s/epoch - 4ms/step
Epoch 21/100
782/782 - 3s - loss: 0.9166 - accuracy: 0.6762 - val_loss: 1.0256 - val_accuracy: 0.6410 - 3s/epoch - 4ms/step
Epoch 22/100
782/782 - 3s - loss: 0.8958 - accuracy: 0.6850 - val_loss: 1.0334 - val_accuracy: 0.6425 - 3s/epoch - 4ms/step
Epoch 23/100
782/782 - 3s - loss: 0.8776 - accuracy: 0.6902 - val_loss: 1.0306 - val_accuracy: 0.6468 - 3s/epoch - 4ms/step
Epoch 24/100
782/782 - 3s - loss: 0.8564 - accuracy: 0.7011 - val_loss: 1.0469 - val_accuracy: 0.6454 - 3s/epoch - 4ms/step
Epoch 25/100
782/782 - 3s - loss: 0.8468 - accuracy: 0.7018 - val_loss: 1.0598 - val_accuracy: 0.6427 - 3s/epoch - 4ms/step
Epoch 26/100
782/782 - 3s - loss: 0.8314 - accuracy: 0.7076 - val_loss: 1.0311 - val_accuracy: 0.6466 - 3s/epoch - 4ms/step
Epoch 27/100
782/782 - 3s - loss: 0.8142 - accuracy: 0.7146 - val_loss: 1.0303 - val_accuracy: 0.6504 - 3s/epoch - 4ms/step
Epoch 28/100
782/782 - 3s - loss: 0.7917 - accuracy: 0.7237 - val_loss: 1.0507 - val_accuracy: 0.6516 - 3s/epoch - 4ms/step
Epoch 29/100
782/782 - 3s - loss: 0.7819 - accuracy: 0.7259 - val_loss: 1.0574 - val_accuracy: 0.6473 - 3s/epoch - 4ms/step
Epoch 30/100
782/782 - 3s - loss: 0.7685 - accuracy: 0.7290 - val_loss: 1.0364 - val_accuracy: 0.6525 - 3s/epoch - 4ms/step
Epoch 31/100
782/782 - 3s - loss: 0.7527 - accuracy: 0.7381 - val_loss: 1.0465 - val_accuracy: 0.6522 - 3s/epoch - 4ms/step
Epoch 32/100
782/782 - 3s - loss: 0.7385 - accuracy: 0.7420 - val_loss: 1.0555 - val_accuracy: 0.6552 - 3s/epoch - 4ms/step
Epoch 33/100
782/782 - 3s - loss: 0.7213 - accuracy: 0.7486 - val_loss: 1.0730 - val_accuracy: 0.6540 - 3s/epoch - 4ms/step
Epoch 34/100
782/782 - 3s - loss: 0.7090 - accuracy: 0.7530 - val_loss: 1.0936 - val_accuracy: 0.6481 - 3s/epoch - 4ms/step
Epoch 35/100
782/782 - 3s - loss: 0.6994 - accuracy: 0.7572 - val_loss: 1.0688 - val_accuracy: 0.6572 - 3s/epoch - 4ms/step
Epoch 36/100
782/782 - 3s - loss: 0.6846 - accuracy: 0.7614 - val_loss: 1.0803 - val_accuracy: 0.6552 - 3s/epoch - 4ms/step
Epoch 37/100
782/782 - 3s - loss: 0.6677 - accuracy: 0.7687 - val_loss: 1.1006 - val_accuracy: 0.6527 - 3s/epoch - 4ms/step
Epoch 38/100
782/782 - 3s - loss: 0.6535 - accuracy: 0.7739 - val_loss: 1.1003 - val_accuracy: 0.6514 - 3s/epoch - 4ms/step
Epoch 39/100
782/782 - 3s - loss: 0.6423 - accuracy: 0.7745 - val_loss: 1.1234 - val_accuracy: 0.6532 - 3s/epoch - 4ms/step
Epoch 40/100
782/782 - 3s - loss: 0.6342 - accuracy: 0.7797 - val_loss: 1.1267 - val_accuracy: 0.6520 - 3s/epoch - 4ms/step
Epoch 41/100
782/782 - 3s - loss: 0.6190 - accuracy: 0.7835 - val_loss: 1.1324 - val_accuracy: 0.6485 - 3s/epoch - 4ms/step
Epoch 42/100
782/782 - 3s - loss: 0.6101 - accuracy: 0.7871 - val_loss: 1.1327 - val_accuracy: 0.6499 - 3s/epoch - 4ms/step
Epoch 43/100
782/782 - 3s - loss: 0.5981 - accuracy: 0.7914 - val_loss: 1.1381 - val_accuracy: 0.6507 - 3s/epoch - 4ms/step
Epoch 44/100
782/782 - 3s - loss: 0.5923 - accuracy: 0.7945 - val_loss: 1.1553 - val_accuracy: 0.6536 - 3s/epoch - 4ms/step
Epoch 45/100
782/782 - 3s - loss: 0.5781 - accuracy: 0.8003 - val_loss: 1.1950 - val_accuracy: 0.6419 - 3s/epoch - 4ms/step
Epoch 46/100
782/782 - 3s - loss: 0.5638 - accuracy: 0.8037 - val_loss: 1.1767 - val_accuracy: 0.6518 - 3s/epoch - 4ms/step
Epoch 47/100
782/782 - 3s - loss: 0.5585 - accuracy: 0.8067 - val_loss: 1.1761 - val_accuracy: 0.6495 - 3s/epoch - 4ms/step
Epoch 48/100
782/782 - 3s - loss: 0.5461 - accuracy: 0.8112 - val_loss: 1.1641 - val_accuracy: 0.6474 - 3s/epoch - 4ms/step
Epoch 49/100
782/782 - 3s - loss: 0.5391 - accuracy: 0.8134 - val_loss: 1.2086 - val_accuracy: 0.6470 - 3s/epoch - 4ms/step
Epoch 50/100
782/782 - 3s - loss: 0.5305 - accuracy: 0.8166 - val_loss: 1.2097 - val_accuracy: 0.6511 - 3s/epoch - 4ms/step
Epoch 51/100
782/782 - 3s - loss: 0.5174 - accuracy: 0.8191 - val_loss: 1.2271 - val_accuracy: 0.6515 - 3s/epoch - 4ms/step
Epoch 52/100
782/782 - 3s - loss: 0.5152 - accuracy: 0.8225 - val_loss: 1.2218 - val_accuracy: 0.6471 - 3s/epoch - 4ms/step
Epoch 53/100
782/782 - 3s - loss: 0.5010 - accuracy: 0.8274 - val_loss: 1.2325 - val_accuracy: 0.6474 - 3s/epoch - 4ms/step
Epoch 54/100
782/782 - 3s - loss: 0.5034 - accuracy: 0.8263 - val_loss: 1.2523 - val_accuracy: 0.6448 - 3s/epoch - 4ms/step
Epoch 55/100
782/782 - 3s - loss: 0.4878 - accuracy: 0.8305 - val_loss: 1.2513 - val_accuracy: 0.6483 - 3s/epoch - 4ms/step
Epoch 56/100
782/782 - 3s - loss: 0.4812 - accuracy: 0.8352 - val_loss: 1.2650 - val_accuracy: 0.6393 - 3s/epoch - 4ms/step
Epoch 57/100
782/782 - 3s - loss: 0.4763 - accuracy: 0.8364 - val_loss: 1.2779 - val_accuracy: 0.6477 - 3s/epoch - 4ms/step
Epoch 58/100
782/782 - 3s - loss: 0.4680 - accuracy: 0.8374 - val_loss: 1.2965 - val_accuracy: 0.6394 - 3s/epoch - 4ms/step
Epoch 59/100
782/782 - 3s - loss: 0.4581 - accuracy: 0.8423 - val_loss: 1.3193 - val_accuracy: 0.6430 - 3s/epoch - 4ms/step
Epoch 60/100
Restoring model weights from the end of the best epoch: 30.
782/782 - 3s - loss: 0.4469 - accuracy: 0.8475 - val_loss: 1.3090 - val_accuracy: 0.6449 - 3s/epoch - 4ms/step
Epoch 60: early stopping
313/313 - 0s - loss: 1.0364 - accuracy: 0.6525 - 430ms/epoch - 1ms/step

ACCURACY: 0.6524999737739563


SCORE: -0.7533450936417694

[92m | MODULE VALUES ---------------------------------------------  |
 [0m
FLOPS: 1702444
PARAMS: 110650.0
[92m 
 | -----------------------------------------------------------  |
 [0m
[INFO] New Best Score: -0.7533 (Previous: -0.6215)

--- BANANAS ITERATION 23 / 1000 ---
Chosen point: {'num_neurons': 8, 'unit_c1': 4, 'unit_c2': 4, 'dr_f': 0.1459238206250131, 'learning_rate': 0.0004883137782062578, 'batch_size': 64, 'optimizer': 'Adam', 'activation': 'elu', 'data_augmentation': False, 'reg_l2': False, 'skip_connection': False, 'new_fc_1': 15, 'new_fc_2': 14, 'new_fc_3': 3, 'new_fc_4': 16, 'new_fc_5': 9, 'new_fc_6': 0, 'new_fc_7': 2, 'new_fc_8': 3, 'new_fc_9': 10, 'new_fc_10': 2}
[94m
|  --> START TRAINING ITERATION 22[0m
[INFO] Flags -> DA: False, L2: False, Skip: False
Building model with input_shape=(32, 32, 3), pos_input_shape=None, layer_x_block=2
Model: "model"
_________________________________________________________________
 Layer (type)                Output Shape              Param #   
=================================================================
 input_1 (InputLayer)        [(None, 32, 32, 3)]       0         
                                                                 
 conv2d (Conv2D)             (None, 32, 32, 32)        896       
                                                                 
 activation (Activation)     (None, 32, 32, 32)        0         
                                                                 
 conv2d_1 (Conv2D)           (None, 32, 32, 32)        9248      
                                                                 
 activation_1 (Activation)   (None, 32, 32, 32)        0         
                                                                 
 max_pooling2d (MaxPooling2  (None, 16, 16, 32)        0         
 D)                                                              
                                                                 
 conv2d_2 (Conv2D)           (None, 16, 16, 32)        9248      
                                                                 
 activation_2 (Activation)   (None, 16, 16, 32)        0         
                                                                 
 conv2d_3 (Conv2D)           (None, 16, 16, 32)        9248      
                                                                 
 activation_3 (Activation)   (None, 16, 16, 32)        0         
                                                                 
 max_pooling2d_1 (MaxPoolin  (None, 8, 8, 32)          0         
 g2D)                                                            
                                                                 
 flatten (Flatten)           (None, 2048)              0         
                                                                 
 dense (Dense)               (None, 120)               245880    
                                                                 
 activation_4 (Activation)   (None, 120)               0         
                                                                 
 dropout (Dropout)           (None, 120)               0         
                                                                 
 dense_1 (Dense)             (None, 112)               13552     
                                                                 
 activation_5 (Activation)   (None, 112)               0         
                                                                 
 dropout_1 (Dropout)         (None, 112)               0         
                                                                 
 dense_2 (Dense)             (None, 24)                2712      
                                                                 
 activation_6 (Activation)   (None, 24)                0         
                                                                 
 dropout_2 (Dropout)         (None, 24)                0         
                                                                 
 dense_3 (Dense)             (None, 128)               3200      
                                                                 
 activation_7 (Activation)   (None, 128)               0         
                                                                 
 dropout_3 (Dropout)         (None, 128)               0         
                                                                 
 dense_4 (Dense)             (None, 72)                9288      
                                                                 
 activation_8 (Activation)   (None, 72)                0         
                                                                 
 dropout_4 (Dropout)         (None, 72)                0         
                                                                 
 dense_5 (Dense)             (None, 16)                1168      
                                                                 
 activation_9 (Activation)   (None, 16)                0         
                                                                 
 dropout_5 (Dropout)         (None, 16)                0         
                                                                 
 dense_6 (Dense)             (None, 24)                408       
                                                                 
 activation_10 (Activation)  (None, 24)                0         
                                                                 
 dropout_6 (Dropout)         (None, 24)                0         
                                                                 
 dense_7 (Dense)             (None, 80)                2000      
                                                                 
 activation_11 (Activation)  (None, 80)                0         
                                                                 
 dropout_7 (Dropout)         (None, 80)                0         
                                                                 
 dense_8 (Dense)             (None, 16)                1296      
                                                                 
 activation_12 (Activation)  (None, 16)                0         
                                                                 
 dropout_8 (Dropout)         (None, 16)                0         
                                                                 
 dense_9 (Dense)             (None, 10)                170       
                                                                 
=================================================================
Total params: 308314 (1.18 MB)
Trainable params: 308314 (1.18 MB)
Non-trainable params: 0 (0.00 Byte)
_________________________________________________________________
Epoch 1/100
782/782 - 6s - loss: 1.8156 - accuracy: 0.3138 - val_loss: 1.3960 - val_accuracy: 0.4857 - 6s/epoch - 7ms/step
Epoch 2/100
782/782 - 4s - loss: 1.4596 - accuracy: 0.4675 - val_loss: 1.2002 - val_accuracy: 0.5645 - 4s/epoch - 4ms/step
Epoch 3/100
782/782 - 4s - loss: 1.2976 - accuracy: 0.5407 - val_loss: 1.1270 - val_accuracy: 0.6058 - 4s/epoch - 4ms/step
Epoch 4/100
782/782 - 4s - loss: 1.1933 - accuracy: 0.5905 - val_loss: 1.0403 - val_accuracy: 0.6453 - 4s/epoch - 5ms/step
Epoch 5/100
782/782 - 4s - loss: 1.1118 - accuracy: 0.6254 - val_loss: 1.0207 - val_accuracy: 0.6475 - 4s/epoch - 5ms/step
Epoch 6/100
782/782 - 4s - loss: 1.0407 - accuracy: 0.6550 - val_loss: 1.0170 - val_accuracy: 0.6623 - 4s/epoch - 5ms/step
Epoch 7/100
782/782 - 4s - loss: 0.9735 - accuracy: 0.6808 - val_loss: 0.9161 - val_accuracy: 0.6953 - 4s/epoch - 5ms/step
Epoch 8/100
782/782 - 4s - loss: 0.9169 - accuracy: 0.7054 - val_loss: 0.9354 - val_accuracy: 0.6947 - 4s/epoch - 5ms/step
Epoch 9/100
782/782 - 4s - loss: 0.8670 - accuracy: 0.7206 - val_loss: 0.9685 - val_accuracy: 0.6928 - 4s/epoch - 5ms/step
Epoch 10/100
782/782 - 4s - loss: 0.8214 - accuracy: 0.7370 - val_loss: 0.8972 - val_accuracy: 0.7177 - 4s/epoch - 5ms/step
Epoch 11/100
782/782 - 4s - loss: 0.7773 - accuracy: 0.7549 - val_loss: 0.8740 - val_accuracy: 0.7242 - 4s/epoch - 5ms/step
Epoch 12/100
782/782 - 4s - loss: 0.7435 - accuracy: 0.7678 - val_loss: 0.8939 - val_accuracy: 0.7287 - 4s/epoch - 5ms/step
Epoch 13/100
782/782 - 4s - loss: 0.7001 - accuracy: 0.7814 - val_loss: 0.9185 - val_accuracy: 0.7164 - 4s/epoch - 5ms/step
Epoch 14/100
782/782 - 4s - loss: 0.6637 - accuracy: 0.7940 - val_loss: 0.9665 - val_accuracy: 0.7126 - 4s/epoch - 5ms/step
Epoch 15/100
782/782 - 4s - loss: 0.6344 - accuracy: 0.8045 - val_loss: 0.9031 - val_accuracy: 0.7334 - 4s/epoch - 5ms/step
Epoch 16/100
782/782 - 4s - loss: 0.6044 - accuracy: 0.8163 - val_loss: 0.9422 - val_accuracy: 0.7315 - 4s/epoch - 5ms/step
Epoch 17/100
782/782 - 4s - loss: 0.5814 - accuracy: 0.8228 - val_loss: 0.9402 - val_accuracy: 0.7286 - 4s/epoch - 5ms/step
Epoch 18/100
782/782 - 4s - loss: 0.5558 - accuracy: 0.8317 - val_loss: 0.9300 - val_accuracy: 0.7383 - 4s/epoch - 5ms/step
Epoch 19/100
782/782 - 4s - loss: 0.5304 - accuracy: 0.8403 - val_loss: 0.9636 - val_accuracy: 0.7276 - 4s/epoch - 5ms/step
Epoch 20/100
782/782 - 4s - loss: 0.5049 - accuracy: 0.8511 - val_loss: 0.9854 - val_accuracy: 0.7282 - 4s/epoch - 5ms/step
Epoch 21/100
782/782 - 4s - loss: 0.4908 - accuracy: 0.8537 - val_loss: 1.0051 - val_accuracy: 0.7288 - 4s/epoch - 5ms/step
Epoch 22/100
782/782 - 4s - loss: 0.4700 - accuracy: 0.8606 - val_loss: 0.9735 - val_accuracy: 0.7370 - 4s/epoch - 5ms/step
Epoch 23/100
782/782 - 4s - loss: 0.4493 - accuracy: 0.8680 - val_loss: 1.0050 - val_accuracy: 0.7340 - 4s/epoch - 5ms/step
Epoch 24/100
782/782 - 4s - loss: 0.4332 - accuracy: 0.8730 - val_loss: 1.0066 - val_accuracy: 0.7358 - 4s/epoch - 5ms/step
Epoch 25/100
782/782 - 4s - loss: 0.4205 - accuracy: 0.8774 - val_loss: 1.0434 - val_accuracy: 0.7374 - 4s/epoch - 5ms/step
Epoch 26/100
782/782 - 4s - loss: 0.4054 - accuracy: 0.8830 - val_loss: 1.0582 - val_accuracy: 0.7317 - 4s/epoch - 5ms/step
Epoch 27/100
782/782 - 4s - loss: 0.3976 - accuracy: 0.8859 - val_loss: 1.0392 - val_accuracy: 0.7351 - 4s/epoch - 5ms/step
Epoch 28/100
782/782 - 4s - loss: 0.3830 - accuracy: 0.8906 - val_loss: 1.1042 - val_accuracy: 0.7264 - 4s/epoch - 5ms/step
Epoch 29/100
782/782 - 4s - loss: 0.3706 - accuracy: 0.8946 - val_loss: 1.0954 - val_accuracy: 0.7319 - 4s/epoch - 5ms/step
Epoch 30/100
782/782 - 4s - loss: 0.3569 - accuracy: 0.8995 - val_loss: 1.0810 - val_accuracy: 0.7312 - 4s/epoch - 5ms/step
Epoch 31/100
782/782 - 4s - loss: 0.3547 - accuracy: 0.8981 - val_loss: 1.1254 - val_accuracy: 0.7337 - 4s/epoch - 5ms/step
Epoch 32/100
782/782 - 4s - loss: 0.3352 - accuracy: 0.9058 - val_loss: 1.1729 - val_accuracy: 0.7291 - 4s/epoch - 5ms/step
Epoch 33/100
782/782 - 4s - loss: 0.3310 - accuracy: 0.9059 - val_loss: 1.0898 - val_accuracy: 0.7303 - 4s/epoch - 5ms/step
Epoch 34/100
782/782 - 4s - loss: 0.3123 - accuracy: 0.9131 - val_loss: 1.1433 - val_accuracy: 0.7346 - 4s/epoch - 5ms/step
Epoch 35/100
782/782 - 4s - loss: 0.3073 - accuracy: 0.9143 - val_loss: 1.1805 - val_accuracy: 0.7387 - 4s/epoch - 5ms/step
Epoch 36/100
782/782 - 4s - loss: 0.2966 - accuracy: 0.9178 - val_loss: 1.1735 - val_accuracy: 0.7294 - 4s/epoch - 5ms/step
Epoch 37/100
782/782 - 4s - loss: 0.2916 - accuracy: 0.9197 - val_loss: 1.1661 - val_accuracy: 0.7411 - 4s/epoch - 5ms/step
Epoch 38/100
782/782 - 4s - loss: 0.2877 - accuracy: 0.9225 - val_loss: 1.1830 - val_accuracy: 0.7352 - 4s/epoch - 5ms/step
Epoch 39/100
782/782 - 4s - loss: 0.2806 - accuracy: 0.9233 - val_loss: 1.1791 - val_accuracy: 0.7360 - 4s/epoch - 5ms/step
Epoch 40/100
782/782 - 4s - loss: 0.2658 - accuracy: 0.9270 - val_loss: 1.1856 - val_accuracy: 0.7345 - 4s/epoch - 5ms/step
Epoch 41/100
782/782 - 4s - loss: 0.2657 - accuracy: 0.9284 - val_loss: 1.2012 - val_accuracy: 0.7317 - 4s/epoch - 5ms/step
Epoch 42/100
782/782 - 4s - loss: 0.2598 - accuracy: 0.9299 - val_loss: 1.2169 - val_accuracy: 0.7332 - 4s/epoch - 5ms/step
Epoch 43/100
782/782 - 4s - loss: 0.2536 - accuracy: 0.9308 - val_loss: 1.2616 - val_accuracy: 0.7299 - 4s/epoch - 5ms/step
Epoch 44/100
782/782 - 4s - loss: 0.2446 - accuracy: 0.9352 - val_loss: 1.2224 - val_accuracy: 0.7323 - 4s/epoch - 5ms/step
Epoch 45/100
782/782 - 4s - loss: 0.2413 - accuracy: 0.9344 - val_loss: 1.3135 - val_accuracy: 0.7288 - 4s/epoch - 5ms/step
Epoch 46/100
782/782 - 4s - loss: 0.2431 - accuracy: 0.9347 - val_loss: 1.2160 - val_accuracy: 0.7343 - 4s/epoch - 5ms/step
Epoch 47/100
782/782 - 4s - loss: 0.2345 - accuracy: 0.9382 - val_loss: 1.3089 - val_accuracy: 0.7293 - 4s/epoch - 5ms/step
Epoch 48/100
782/782 - 4s - loss: 0.2257 - accuracy: 0.9405 - val_loss: 1.2325 - val_accuracy: 0.7362 - 4s/epoch - 5ms/step
Epoch 49/100
782/782 - 4s - loss: 0.2223 - accuracy: 0.9421 - val_loss: 1.3028 - val_accuracy: 0.7306 - 4s/epoch - 5ms/step
Epoch 50/100
782/782 - 4s - loss: 0.2157 - accuracy: 0.9428 - val_loss: 1.3321 - val_accuracy: 0.7290 - 4s/epoch - 5ms/step
Epoch 51/100
782/782 - 4s - loss: 0.2117 - accuracy: 0.9448 - val_loss: 1.2747 - val_accuracy: 0.7349 - 4s/epoch - 4ms/step
Epoch 52/100
782/782 - 4s - loss: 0.2109 - accuracy: 0.9451 - val_loss: 1.3399 - val_accuracy: 0.7323 - 4s/epoch - 4ms/step
Epoch 53/100
782/782 - 4s - loss: 0.2060 - accuracy: 0.9460 - val_loss: 1.2998 - val_accuracy: 0.7327 - 4s/epoch - 4ms/step
Epoch 54/100
782/782 - 4s - loss: 0.1970 - accuracy: 0.9484 - val_loss: 1.3698 - val_accuracy: 0.7313 - 4s/epoch - 4ms/step
Epoch 55/100
782/782 - 4s - loss: 0.1977 - accuracy: 0.9480 - val_loss: 1.2961 - val_accuracy: 0.7349 - 4s/epoch - 4ms/step
Epoch 56/100
782/782 - 4s - loss: 0.1880 - accuracy: 0.9518 - val_loss: 1.3930 - val_accuracy: 0.7244 - 4s/epoch - 4ms/step
Epoch 57/100
782/782 - 4s - loss: 0.2018 - accuracy: 0.9489 - val_loss: 1.4459 - val_accuracy: 0.7234 - 4s/epoch - 4ms/step
Epoch 58/100
782/782 - 4s - loss: 0.1875 - accuracy: 0.9515 - val_loss: 1.3697 - val_accuracy: 0.7370 - 4s/epoch - 4ms/step
Epoch 59/100
782/782 - 4s - loss: 0.1761 - accuracy: 0.9538 - val_loss: 1.3199 - val_accuracy: 0.7303 - 4s/epoch - 4ms/step
Epoch 60/100
782/782 - 4s - loss: 0.1867 - accuracy: 0.9520 - val_loss: 1.3148 - val_accuracy: 0.7298 - 4s/epoch - 5ms/step
Epoch 61/100
782/782 - 4s - loss: 0.1769 - accuracy: 0.9546 - val_loss: 1.3712 - val_accuracy: 0.7323 - 4s/epoch - 5ms/step
Epoch 62/100
782/782 - 4s - loss: 0.1776 - accuracy: 0.9545 - val_loss: 1.3627 - val_accuracy: 0.7278 - 4s/epoch - 5ms/step
Epoch 63/100
782/782 - 4s - loss: 0.1757 - accuracy: 0.9553 - val_loss: 1.3627 - val_accuracy: 0.7257 - 4s/epoch - 5ms/step
Epoch 64/100
782/782 - 4s - loss: 0.1705 - accuracy: 0.9570 - val_loss: 1.3648 - val_accuracy: 0.7318 - 4s/epoch - 5ms/step
Epoch 65/100
Restoring model weights from the end of the best epoch: 35.
782/782 - 4s - loss: 0.1724 - accuracy: 0.9562 - val_loss: 1.4094 - val_accuracy: 0.7286 - 4s/epoch - 5ms/step
Epoch 65: early stopping
313/313 - 0s - loss: 1.1805 - accuracy: 0.7386 - 449ms/epoch - 1ms/step

ACCURACY: 0.7386000156402588


SCORE: -0.7554946109481812

[92m | MODULE VALUES ---------------------------------------------  |
 [0m
FLOPS: 30762700
PARAMS: 308314.0
[92m 
 | -----------------------------------------------------------  |
 [0m
[INFO] New Best Score: -0.7555 (Previous: -0.7533)

--- BANANAS ITERATION 24 / 1000 ---
Chosen point: {'num_neurons': 4, 'unit_c1': 3, 'unit_c2': 1, 'dr_f': 0.16790388750558222, 'learning_rate': 0.00018364024210942392, 'batch_size': 8, 'optimizer': 'Adamax', 'activation': 'elu', 'data_augmentation': True, 'reg_l2': False, 'skip_connection': False, 'new_fc_1': 23, 'new_fc_2': 0, 'new_fc_3': 2, 'new_fc_4': 28, 'new_fc_5': 15, 'new_fc_6': 21, 'new_fc_7': 20, 'new_fc_8': 31, 'new_fc_9': 16, 'new_fc_10': 25}
[94m
|  --> START TRAINING ITERATION 23[0m
[INFO] Flags -> DA: True, L2: False, Skip: False
Building model with input_shape=(32, 32, 3), pos_input_shape=None, layer_x_block=2
Model: "model"
_________________________________________________________________
 Layer (type)                Output Shape              Param #   
=================================================================
 input_2 (InputLayer)        [(None, 32, 32, 3)]       0         
                                                                 
 conv2d (Conv2D)             (None, 32, 32, 12)        336       
                                                                 
 activation (Activation)     (None, 32, 32, 12)        0         
                                                                 
 conv2d_1 (Conv2D)           (None, 32, 32, 12)        1308      
                                                                 
 activation_1 (Activation)   (None, 32, 32, 12)        0         
                                                                 
 max_pooling2d (MaxPooling2  (None, 16, 16, 12)        0         
 D)                                                              
                                                                 
 conv2d_2 (Conv2D)           (None, 16, 16, 4)         436       
                                                                 
 activation_2 (Activation)   (None, 16, 16, 4)         0         
                                                                 
 conv2d_3 (Conv2D)           (None, 16, 16, 4)         148       
                                                                 
 activation_3 (Activation)   (None, 16, 16, 4)         0         
                                                                 
 max_pooling2d_1 (MaxPoolin  (None, 8, 8, 4)           0         
 g2D)                                                            
                                                                 
 flatten (Flatten)           (None, 256)               0         
                                                                 
 dense (Dense)               (None, 92)                23644     
                                                                 
 activation_4 (Activation)   (None, 92)                0         
                                                                 
 dropout (Dropout)           (None, 92)                0         
                                                                 
 dense_1 (Dense)             (None, 8)                 744       
                                                                 
 activation_5 (Activation)   (None, 8)                 0         
                                                                 
 dropout_1 (Dropout)         (None, 8)                 0         
                                                                 
 dense_2 (Dense)             (None, 112)               1008      
                                                                 
 activation_6 (Activation)   (None, 112)               0         
                                                                 
 dropout_2 (Dropout)         (None, 112)               0         
                                                                 
 dense_3 (Dense)             (None, 60)                6780      
                                                                 
 activation_7 (Activation)   (None, 60)                0         
                                                                 
 dropout_3 (Dropout)         (None, 60)                0         
                                                                 
 dense_4 (Dense)             (None, 84)                5124      
                                                                 
 activation_8 (Activation)   (None, 84)                0         
                                                                 
 dropout_4 (Dropout)         (None, 84)                0         
                                                                 
 dense_5 (Dense)             (None, 80)                6800      
                                                                 
 activation_9 (Activation)   (None, 80)                0         
                                                                 
 dropout_5 (Dropout)         (None, 80)                0         
                                                                 
 dense_6 (Dense)             (None, 124)               10044     
                                                                 
 activation_10 (Activation)  (None, 124)               0         
                                                                 
 dropout_6 (Dropout)         (None, 124)               0         
                                                                 
 dense_7 (Dense)             (None, 64)                8000      
                                                                 
 activation_11 (Activation)  (None, 64)                0         
                                                                 
 dropout_7 (Dropout)         (None, 64)                0         
                                                                 
 dense_8 (Dense)             (None, 100)               6500      
                                                                 
 activation_12 (Activation)  (None, 100)               0         
                                                                 
 dropout_8 (Dropout)         (None, 100)               0         
                                                                 
 dense_9 (Dense)             (None, 10)                1010      
                                                                 
=================================================================
Total params: 71882 (280.79 KB)
Trainable params: 71882 (280.79 KB)
Non-trainable params: 0 (0.00 Byte)
_________________________________________________________________
Epoch 1/100
6250/6250 - 21s - loss: 2.0228 - accuracy: 0.2391 - val_loss: 1.7902 - val_accuracy: 0.3441 - 21s/epoch - 3ms/step
Epoch 2/100
6250/6250 - 20s - loss: 1.8238 - accuracy: 0.3185 - val_loss: 1.6431 - val_accuracy: 0.3959 - 20s/epoch - 3ms/step
Epoch 3/100
6250/6250 - 20s - loss: 1.7500 - accuracy: 0.3452 - val_loss: 1.5914 - val_accuracy: 0.4202 - 20s/epoch - 3ms/step
Epoch 4/100
6250/6250 - 20s - loss: 1.7059 - accuracy: 0.3652 - val_loss: 1.5482 - val_accuracy: 0.4396 - 20s/epoch - 3ms/step
Epoch 5/100
6250/6250 - 20s - loss: 1.6731 - accuracy: 0.3804 - val_loss: 1.5130 - val_accuracy: 0.4560 - 20s/epoch - 3ms/step
Epoch 6/100
6250/6250 - 20s - loss: 1.6468 - accuracy: 0.3914 - val_loss: 1.5064 - val_accuracy: 0.4497 - 20s/epoch - 3ms/step
Epoch 7/100
6250/6250 - 20s - loss: 1.6240 - accuracy: 0.4025 - val_loss: 1.5000 - val_accuracy: 0.4516 - 20s/epoch - 3ms/step
Epoch 8/100
6250/6250 - 20s - loss: 1.6044 - accuracy: 0.4090 - val_loss: 1.4480 - val_accuracy: 0.4757 - 20s/epoch - 3ms/step
Epoch 9/100
6250/6250 - 20s - loss: 1.5869 - accuracy: 0.4180 - val_loss: 1.4520 - val_accuracy: 0.4664 - 20s/epoch - 3ms/step
Epoch 10/100
6250/6250 - 20s - loss: 1.5703 - accuracy: 0.4255 - val_loss: 1.4416 - val_accuracy: 0.4769 - 20s/epoch - 3ms/step
Epoch 11/100
6250/6250 - 20s - loss: 1.5591 - accuracy: 0.4294 - val_loss: 1.4357 - val_accuracy: 0.4762 - 20s/epoch - 3ms/step
Epoch 12/100
6250/6250 - 20s - loss: 1.5456 - accuracy: 0.4354 - val_loss: 1.4043 - val_accuracy: 0.4881 - 20s/epoch - 3ms/step
Epoch 13/100
6250/6250 - 20s - loss: 1.5357 - accuracy: 0.4374 - val_loss: 1.4220 - val_accuracy: 0.4756 - 20s/epoch - 3ms/step
Epoch 14/100
6250/6250 - 20s - loss: 1.5262 - accuracy: 0.4411 - val_loss: 1.3872 - val_accuracy: 0.4982 - 20s/epoch - 3ms/step
Epoch 15/100
6250/6250 - 20s - loss: 1.5154 - accuracy: 0.4448 - val_loss: 1.3834 - val_accuracy: 0.4967 - 20s/epoch - 3ms/step
Epoch 16/100
6250/6250 - 20s - loss: 1.5107 - accuracy: 0.4467 - val_loss: 1.4100 - val_accuracy: 0.4896 - 20s/epoch - 3ms/step
Epoch 17/100
6250/6250 - 20s - loss: 1.5023 - accuracy: 0.4496 - val_loss: 1.3742 - val_accuracy: 0.4983 - 20s/epoch - 3ms/step
Epoch 18/100
6250/6250 - 19s - loss: 1.4986 - accuracy: 0.4531 - val_loss: 1.3668 - val_accuracy: 0.5043 - 19s/epoch - 3ms/step
Epoch 19/100
6250/6250 - 20s - loss: 1.4848 - accuracy: 0.4558 - val_loss: 1.3699 - val_accuracy: 0.4979 - 20s/epoch - 3ms/step
Epoch 20/100
6250/6250 - 20s - loss: 1.4835 - accuracy: 0.4573 - val_loss: 1.3584 - val_accuracy: 0.5083 - 20s/epoch - 3ms/step
Epoch 21/100
6250/6250 - 20s - loss: 1.4747 - accuracy: 0.4607 - val_loss: 1.3521 - val_accuracy: 0.5082 - 20s/epoch - 3ms/step
Epoch 22/100
6250/6250 - 20s - loss: 1.4643 - accuracy: 0.4669 - val_loss: 1.3547 - val_accuracy: 0.5099 - 20s/epoch - 3ms/step
Epoch 23/100
6250/6250 - 20s - loss: 1.4628 - accuracy: 0.4665 - val_loss: 1.3498 - val_accuracy: 0.5104 - 20s/epoch - 3ms/step
Epoch 24/100
6250/6250 - 20s - loss: 1.4578 - accuracy: 0.4694 - val_loss: 1.3483 - val_accuracy: 0.5063 - 20s/epoch - 3ms/step
Epoch 25/100
6250/6250 - 20s - loss: 1.4542 - accuracy: 0.4707 - val_loss: 1.3332 - val_accuracy: 0.5123 - 20s/epoch - 3ms/step
Epoch 26/100
6250/6250 - 20s - loss: 1.4511 - accuracy: 0.4728 - val_loss: 1.3592 - val_accuracy: 0.5013 - 20s/epoch - 3ms/step
Epoch 27/100
6250/6250 - 20s - loss: 1.4407 - accuracy: 0.4765 - val_loss: 1.3285 - val_accuracy: 0.5169 - 20s/epoch - 3ms/step
Epoch 28/100
6250/6250 - 19s - loss: 1.4370 - accuracy: 0.4758 - val_loss: 1.3245 - val_accuracy: 0.5173 - 19s/epoch - 3ms/step
Epoch 29/100
6250/6250 - 19s - loss: 1.4344 - accuracy: 0.4755 - val_loss: 1.3298 - val_accuracy: 0.5147 - 19s/epoch - 3ms/step
Epoch 30/100
6250/6250 - 19s - loss: 1.4301 - accuracy: 0.4784 - val_loss: 1.3205 - val_accuracy: 0.5190 - 19s/epoch - 3ms/step
Epoch 31/100
6250/6250 - 19s - loss: 1.4278 - accuracy: 0.4804 - val_loss: 1.3261 - val_accuracy: 0.5191 - 19s/epoch - 3ms/step
Epoch 32/100
6250/6250 - 19s - loss: 1.4226 - accuracy: 0.4849 - val_loss: 1.3155 - val_accuracy: 0.5209 - 19s/epoch - 3ms/step
Epoch 33/100
6250/6250 - 19s - loss: 1.4197 - accuracy: 0.4841 - val_loss: 1.3468 - val_accuracy: 0.5115 - 19s/epoch - 3ms/step
Epoch 34/100
6250/6250 - 19s - loss: 1.4142 - accuracy: 0.4835 - val_loss: 1.3051 - val_accuracy: 0.5270 - 19s/epoch - 3ms/step
Epoch 35/100
6250/6250 - 19s - loss: 1.4123 - accuracy: 0.4881 - val_loss: 1.3099 - val_accuracy: 0.5271 - 19s/epoch - 3ms/step
Epoch 36/100
6250/6250 - 19s - loss: 1.4079 - accuracy: 0.4874 - val_loss: 1.2977 - val_accuracy: 0.5268 - 19s/epoch - 3ms/step
Epoch 37/100
6250/6250 - 19s - loss: 1.4029 - accuracy: 0.4918 - val_loss: 1.2990 - val_accuracy: 0.5250 - 19s/epoch - 3ms/step
Epoch 38/100
6250/6250 - 19s - loss: 1.4034 - accuracy: 0.4899 - val_loss: 1.2984 - val_accuracy: 0.5262 - 19s/epoch - 3ms/step
Epoch 39/100
6250/6250 - 19s - loss: 1.4032 - accuracy: 0.4900 - val_loss: 1.2928 - val_accuracy: 0.5265 - 19s/epoch - 3ms/step
Epoch 40/100
6250/6250 - 19s - loss: 1.3936 - accuracy: 0.4935 - val_loss: 1.3037 - val_accuracy: 0.5231 - 19s/epoch - 3ms/step
Epoch 41/100
6250/6250 - 19s - loss: 1.3937 - accuracy: 0.4913 - val_loss: 1.3088 - val_accuracy: 0.5242 - 19s/epoch - 3ms/step
Epoch 42/100
6250/6250 - 19s - loss: 1.3874 - accuracy: 0.4964 - val_loss: 1.3020 - val_accuracy: 0.5291 - 19s/epoch - 3ms/step
Epoch 43/100
6250/6250 - 19s - loss: 1.3911 - accuracy: 0.4982 - val_loss: 1.2890 - val_accuracy: 0.5285 - 19s/epoch - 3ms/step
Epoch 44/100
6250/6250 - 19s - loss: 1.3845 - accuracy: 0.4992 - val_loss: 1.2832 - val_accuracy: 0.5330 - 19s/epoch - 3ms/step
Epoch 45/100
6250/6250 - 19s - loss: 1.3812 - accuracy: 0.4986 - val_loss: 1.2857 - val_accuracy: 0.5323 - 19s/epoch - 3ms/step
Epoch 46/100
6250/6250 - 19s - loss: 1.3793 - accuracy: 0.4985 - val_loss: 1.2832 - val_accuracy: 0.5314 - 19s/epoch - 3ms/step
Epoch 47/100
6250/6250 - 19s - loss: 1.3802 - accuracy: 0.4996 - val_loss: 1.2850 - val_accuracy: 0.5347 - 19s/epoch - 3ms/step
Epoch 48/100
6250/6250 - 20s - loss: 1.3740 - accuracy: 0.5013 - val_loss: 1.2966 - val_accuracy: 0.5275 - 20s/epoch - 3ms/step
Epoch 49/100
6250/6250 - 20s - loss: 1.3735 - accuracy: 0.5039 - val_loss: 1.2841 - val_accuracy: 0.5340 - 20s/epoch - 3ms/step
Epoch 50/100
6250/6250 - 20s - loss: 1.3674 - accuracy: 0.5078 - val_loss: 1.2874 - val_accuracy: 0.5311 - 20s/epoch - 3ms/step
Epoch 51/100
6250/6250 - 19s - loss: 1.3636 - accuracy: 0.5050 - val_loss: 1.2714 - val_accuracy: 0.5365 - 19s/epoch - 3ms/step
Epoch 52/100
6250/6250 - 19s - loss: 1.3628 - accuracy: 0.5078 - val_loss: 1.2700 - val_accuracy: 0.5396 - 19s/epoch - 3ms/step
Epoch 53/100
6250/6250 - 19s - loss: 1.3593 - accuracy: 0.5074 - val_loss: 1.2787 - val_accuracy: 0.5330 - 19s/epoch - 3ms/step
Epoch 54/100
6250/6250 - 19s - loss: 1.3549 - accuracy: 0.5078 - val_loss: 1.2703 - val_accuracy: 0.5354 - 19s/epoch - 3ms/step
Epoch 55/100
6250/6250 - 19s - loss: 1.3602 - accuracy: 0.5057 - val_loss: 1.2751 - val_accuracy: 0.5397 - 19s/epoch - 3ms/step
Epoch 56/100
6250/6250 - 19s - loss: 1.3525 - accuracy: 0.5104 - val_loss: 1.2817 - val_accuracy: 0.5397 - 19s/epoch - 3ms/step
Epoch 57/100
6250/6250 - 19s - loss: 1.3495 - accuracy: 0.5117 - val_loss: 1.2875 - val_accuracy: 0.5350 - 19s/epoch - 3ms/step
Epoch 58/100
6250/6250 - 19s - loss: 1.3497 - accuracy: 0.5113 - val_loss: 1.2689 - val_accuracy: 0.5403 - 19s/epoch - 3ms/step
Epoch 59/100
6250/6250 - 19s - loss: 1.3436 - accuracy: 0.5117 - val_loss: 1.2628 - val_accuracy: 0.5426 - 19s/epoch - 3ms/step
Epoch 60/100
6250/6250 - 19s - loss: 1.3479 - accuracy: 0.5125 - val_loss: 1.2540 - val_accuracy: 0.5461 - 19s/epoch - 3ms/step
Epoch 61/100
6250/6250 - 19s - loss: 1.3449 - accuracy: 0.5111 - val_loss: 1.2631 - val_accuracy: 0.5416 - 19s/epoch - 3ms/step
Epoch 62/100
6250/6250 - 19s - loss: 1.3377 - accuracy: 0.5141 - val_loss: 1.2792 - val_accuracy: 0.5352 - 19s/epoch - 3ms/step
Epoch 63/100
6250/6250 - 19s - loss: 1.3384 - accuracy: 0.5151 - val_loss: 1.2652 - val_accuracy: 0.5401 - 19s/epoch - 3ms/step
Epoch 64/100
6250/6250 - 19s - loss: 1.3345 - accuracy: 0.5164 - val_loss: 1.2479 - val_accuracy: 0.5491 - 19s/epoch - 3ms/step
Epoch 65/100
6250/6250 - 19s - loss: 1.3348 - accuracy: 0.5169 - val_loss: 1.2499 - val_accuracy: 0.5445 - 19s/epoch - 3ms/step
Epoch 66/100
6250/6250 - 19s - loss: 1.3336 - accuracy: 0.5170 - val_loss: 1.2452 - val_accuracy: 0.5452 - 19s/epoch - 3ms/step
Epoch 67/100
6250/6250 - 19s - loss: 1.3310 - accuracy: 0.5168 - val_loss: 1.2506 - val_accuracy: 0.5460 - 19s/epoch - 3ms/step
Epoch 68/100
6250/6250 - 19s - loss: 1.3299 - accuracy: 0.5186 - val_loss: 1.2484 - val_accuracy: 0.5480 - 19s/epoch - 3ms/step
Epoch 69/100
6250/6250 - 19s - loss: 1.3294 - accuracy: 0.5196 - val_loss: 1.2556 - val_accuracy: 0.5469 - 19s/epoch - 3ms/step
Epoch 70/100
6250/6250 - 19s - loss: 1.3284 - accuracy: 0.5172 - val_loss: 1.2385 - val_accuracy: 0.5492 - 19s/epoch - 3ms/step
Epoch 71/100
6250/6250 - 19s - loss: 1.3247 - accuracy: 0.5194 - val_loss: 1.2400 - val_accuracy: 0.5526 - 19s/epoch - 3ms/step
Epoch 72/100
6250/6250 - 19s - loss: 1.3212 - accuracy: 0.5212 - val_loss: 1.2332 - val_accuracy: 0.5530 - 19s/epoch - 3ms/step
Epoch 73/100
6250/6250 - 19s - loss: 1.3182 - accuracy: 0.5230 - val_loss: 1.2400 - val_accuracy: 0.5528 - 19s/epoch - 3ms/step
Epoch 74/100
6250/6250 - 20s - loss: 1.3185 - accuracy: 0.5220 - val_loss: 1.2343 - val_accuracy: 0.5530 - 20s/epoch - 3ms/step
Epoch 75/100
6250/6250 - 20s - loss: 1.3163 - accuracy: 0.5234 - val_loss: 1.2456 - val_accuracy: 0.5516 - 20s/epoch - 3ms/step
Epoch 76/100
6250/6250 - 20s - loss: 1.3091 - accuracy: 0.5268 - val_loss: 1.2432 - val_accuracy: 0.5484 - 20s/epoch - 3ms/step
Epoch 77/100
6250/6250 - 20s - loss: 1.3125 - accuracy: 0.5256 - val_loss: 1.2421 - val_accuracy: 0.5498 - 20s/epoch - 3ms/step
Epoch 78/100
6250/6250 - 20s - loss: 1.3138 - accuracy: 0.5239 - val_loss: 1.2335 - val_accuracy: 0.5523 - 20s/epoch - 3ms/step
Epoch 79/100
6250/6250 - 20s - loss: 1.3106 - accuracy: 0.5271 - val_loss: 1.2304 - val_accuracy: 0.5527 - 20s/epoch - 3ms/step
Epoch 80/100
6250/6250 - 20s - loss: 1.3051 - accuracy: 0.5302 - val_loss: 1.2228 - val_accuracy: 0.5558 - 20s/epoch - 3ms/step
Epoch 81/100
6250/6250 - 20s - loss: 1.3094 - accuracy: 0.5281 - val_loss: 1.2256 - val_accuracy: 0.5579 - 20s/epoch - 3ms/step
Epoch 82/100
6250/6250 - 19s - loss: 1.3052 - accuracy: 0.5278 - val_loss: 1.2215 - val_accuracy: 0.5589 - 19s/epoch - 3ms/step
Epoch 83/100
6250/6250 - 19s - loss: 1.3008 - accuracy: 0.5320 - val_loss: 1.2275 - val_accuracy: 0.5581 - 19s/epoch - 3ms/step
Epoch 84/100
6250/6250 - 19s - loss: 1.3057 - accuracy: 0.5292 - val_loss: 1.2194 - val_accuracy: 0.5608 - 19s/epoch - 3ms/step
Epoch 85/100
6250/6250 - 19s - loss: 1.3013 - accuracy: 0.5293 - val_loss: 1.2164 - val_accuracy: 0.5607 - 19s/epoch - 3ms/step
Epoch 86/100
6250/6250 - 19s - loss: 1.2964 - accuracy: 0.5322 - val_loss: 1.2150 - val_accuracy: 0.5559 - 19s/epoch - 3ms/step
Epoch 87/100
6250/6250 - 19s - loss: 1.2966 - accuracy: 0.5327 - val_loss: 1.2209 - val_accuracy: 0.5617 - 19s/epoch - 3ms/step
Epoch 88/100
6250/6250 - 19s - loss: 1.2891 - accuracy: 0.5351 - val_loss: 1.2230 - val_accuracy: 0.5548 - 19s/epoch - 3ms/step
Epoch 89/100
6250/6250 - 19s - loss: 1.2894 - accuracy: 0.5368 - val_loss: 1.2104 - val_accuracy: 0.5620 - 19s/epoch - 3ms/step
Epoch 90/100
6250/6250 - 19s - loss: 1.2920 - accuracy: 0.5346 - val_loss: 1.2140 - val_accuracy: 0.5605 - 19s/epoch - 3ms/step
Epoch 91/100
6250/6250 - 19s - loss: 1.2861 - accuracy: 0.5368 - val_loss: 1.2171 - val_accuracy: 0.5666 - 19s/epoch - 3ms/step
Epoch 92/100
6250/6250 - 19s - loss: 1.2906 - accuracy: 0.5354 - val_loss: 1.2046 - val_accuracy: 0.5664 - 19s/epoch - 3ms/step
Epoch 93/100
6250/6250 - 19s - loss: 1.2806 - accuracy: 0.5387 - val_loss: 1.2034 - val_accuracy: 0.5661 - 19s/epoch - 3ms/step
Epoch 94/100
6250/6250 - 19s - loss: 1.2860 - accuracy: 0.5373 - val_loss: 1.2059 - val_accuracy: 0.5635 - 19s/epoch - 3ms/step
Epoch 95/100
6250/6250 - 19s - loss: 1.2811 - accuracy: 0.5370 - val_loss: 1.1962 - val_accuracy: 0.5693 - 19s/epoch - 3ms/step
Epoch 96/100
6250/6250 - 19s - loss: 1.2787 - accuracy: 0.5390 - val_loss: 1.2070 - val_accuracy: 0.5627 - 19s/epoch - 3ms/step
Epoch 97/100
6250/6250 - 19s - loss: 1.2815 - accuracy: 0.5386 - val_loss: 1.1954 - val_accuracy: 0.5684 - 19s/epoch - 3ms/step
Epoch 98/100
6250/6250 - 19s - loss: 1.2744 - accuracy: 0.5409 - val_loss: 1.1957 - val_accuracy: 0.5682 - 19s/epoch - 3ms/step
Epoch 99/100
6250/6250 - 19s - loss: 1.2742 - accuracy: 0.5438 - val_loss: 1.1918 - val_accuracy: 0.5705 - 19s/epoch - 3ms/step
Epoch 100/100
6250/6250 - 19s - loss: 1.2741 - accuracy: 0.5419 - val_loss: 1.1939 - val_accuracy: 0.5680 - 19s/epoch - 3ms/step
313/313 - 1s - loss: 1.1939 - accuracy: 0.5680 - 819ms/epoch - 3ms/step

ACCURACY: 0.5680000185966492


SCORE: -0.6900175490176543

[92m | MODULE VALUES ---------------------------------------------  |
 [0m
FLOPS: 3791232
PARAMS: 71882.0
[92m 
 | -----------------------------------------------------------  |
 [0m

--- BANANAS ITERATION 25 / 1000 ---
Chosen point: {'num_neurons': 8, 'unit_c1': 1, 'unit_c2': 6, 'dr_f': 0.4791828281273829, 'learning_rate': 0.0001491481158130374, 'batch_size': 64, 'optimizer': 'Adam', 'activation': 'selu', 'data_augmentation': False, 'reg_l2': False, 'skip_connection': False, 'new_fc_1': 10, 'new_fc_2': 5, 'new_fc_3': 9, 'new_fc_4': 1, 'new_fc_5': 12, 'new_fc_6': 7, 'new_fc_7': 23, 'new_fc_8': 31, 'new_fc_9': 11, 'new_fc_10': 8}
[94m
|  --> START TRAINING ITERATION 24[0m
[INFO] Flags -> DA: False, L2: False, Skip: False
Building model with input_shape=(32, 32, 3), pos_input_shape=None, layer_x_block=2
Model: "model"
_________________________________________________________________
 Layer (type)                Output Shape              Param #   
=================================================================
 input_1 (InputLayer)        [(None, 32, 32, 3)]       0         
                                                                 
 conv2d (Conv2D)             (None, 32, 32, 8)         224       
                                                                 
 activation (Activation)     (None, 32, 32, 8)         0         
                                                                 
 conv2d_1 (Conv2D)           (None, 32, 32, 8)         584       
                                                                 
 activation_1 (Activation)   (None, 32, 32, 8)         0         
                                                                 
 max_pooling2d (MaxPooling2  (None, 16, 16, 8)         0         
 D)                                                              
                                                                 
 conv2d_2 (Conv2D)           (None, 16, 16, 48)        3504      
                                                                 
 activation_2 (Activation)   (None, 16, 16, 48)        0         
                                                                 
 conv2d_3 (Conv2D)           (None, 16, 16, 48)        20784     
                                                                 
 activation_3 (Activation)   (None, 16, 16, 48)        0         
                                                                 
 max_pooling2d_1 (MaxPoolin  (None, 8, 8, 48)          0         
 g2D)                                                            
                                                                 
 flatten (Flatten)           (None, 3072)              0         
                                                                 
 dense (Dense)               (None, 80)                245840    
                                                                 
 activation_4 (Activation)   (None, 80)                0         
                                                                 
 dropout (Dropout)           (None, 80)                0         
                                                                 
 dense_1 (Dense)             (None, 40)                3240      
                                                                 
 activation_5 (Activation)   (None, 40)                0         
                                                                 
 dropout_1 (Dropout)         (None, 40)                0         
                                                                 
 dense_2 (Dense)             (None, 72)                2952      
                                                                 
 activation_6 (Activation)   (None, 72)                0         
                                                                 
 dropout_2 (Dropout)         (None, 72)                0         
                                                                 
 dense_3 (Dense)             (None, 8)                 584       
                                                                 
 activation_7 (Activation)   (None, 8)                 0         
                                                                 
 dropout_3 (Dropout)         (None, 8)                 0         
                                                                 
 dense_4 (Dense)             (None, 96)                864       
                                                                 
 activation_8 (Activation)   (None, 96)                0         
                                                                 
 dropout_4 (Dropout)         (None, 96)                0         
                                                                 
 dense_5 (Dense)             (None, 56)                5432      
                                                                 
 activation_9 (Activation)   (None, 56)                0         
                                                                 
 dropout_5 (Dropout)         (None, 56)                0         
                                                                 
 dense_6 (Dense)             (None, 184)               10488     
                                                                 
 activation_10 (Activation)  (None, 184)               0         
                                                                 
 dropout_6 (Dropout)         (None, 184)               0         
                                                                 
 dense_7 (Dense)             (None, 248)               45880     
                                                                 
 activation_11 (Activation)  (None, 248)               0         
                                                                 
 dropout_7 (Dropout)         (None, 248)               0         
                                                                 
 dense_8 (Dense)             (None, 88)                21912     
                                                                 
 activation_12 (Activation)  (None, 88)                0         
                                                                 
 dropout_8 (Dropout)         (None, 88)                0         
                                                                 
 dense_9 (Dense)             (None, 64)                5696      
                                                                 
 activation_13 (Activation)  (None, 64)                0         
                                                                 
 dropout_9 (Dropout)         (None, 64)                0         
                                                                 
 dense_10 (Dense)            (None, 10)                650       
                                                                 
=================================================================
Total params: 368634 (1.41 MB)
Trainable params: 368634 (1.41 MB)
Non-trainable params: 0 (0.00 Byte)
_________________________________________________________________
Epoch 1/100
782/782 - 5s - loss: 4.7422 - accuracy: 0.0996 - val_loss: 2.3114 - val_accuracy: 0.1010 - 5s/epoch - 7ms/step
Epoch 2/100
782/782 - 3s - loss: 3.1300 - accuracy: 0.1016 - val_loss: 2.2963 - val_accuracy: 0.1074 - 3s/epoch - 4ms/step
Epoch 3/100
782/782 - 4s - loss: 2.6968 - accuracy: 0.0994 - val_loss: 2.3032 - val_accuracy: 0.1000 - 4s/epoch - 4ms/step
Epoch 4/100
782/782 - 3s - loss: 2.5105 - accuracy: 0.1017 - val_loss: 2.3019 - val_accuracy: 0.1003 - 3s/epoch - 4ms/step
Epoch 5/100
782/782 - 3s - loss: 2.4266 - accuracy: 0.0995 - val_loss: 2.3016 - val_accuracy: 0.0969 - 3s/epoch - 4ms/step
Epoch 6/100
782/782 - 3s - loss: 2.3792 - accuracy: 0.0999 - val_loss: 2.3020 - val_accuracy: 0.1001 - 3s/epoch - 4ms/step
Epoch 7/100
782/782 - 3s - loss: 2.3468 - accuracy: 0.1003 - val_loss: 2.3021 - val_accuracy: 0.1034 - 3s/epoch - 4ms/step
Epoch 8/100
782/782 - 3s - loss: 2.3347 - accuracy: 0.1003 - val_loss: 2.3022 - val_accuracy: 0.1000 - 3s/epoch - 4ms/step
Epoch 9/100
782/782 - 3s - loss: 2.3245 - accuracy: 0.1010 - val_loss: 2.3021 - val_accuracy: 0.1000 - 3s/epoch - 4ms/step
Epoch 10/100
782/782 - 3s - loss: 2.3184 - accuracy: 0.1028 - val_loss: 2.3016 - val_accuracy: 0.1000 - 3s/epoch - 4ms/step
Epoch 11/100
782/782 - 3s - loss: 2.3095 - accuracy: 0.1070 - val_loss: 2.2322 - val_accuracy: 0.1675 - 3s/epoch - 4ms/step
Epoch 12/100
782/782 - 3s - loss: 2.1198 - accuracy: 0.1609 - val_loss: 2.0134 - val_accuracy: 0.1777 - 3s/epoch - 4ms/step
Epoch 13/100
782/782 - 3s - loss: 2.0067 - accuracy: 0.1773 - val_loss: 1.9064 - val_accuracy: 0.1932 - 3s/epoch - 4ms/step
Epoch 14/100
782/782 - 3s - loss: 1.9599 - accuracy: 0.1810 - val_loss: 1.9174 - val_accuracy: 0.1909 - 3s/epoch - 4ms/step
Epoch 15/100
782/782 - 3s - loss: 1.9355 - accuracy: 0.1811 - val_loss: 1.9028 - val_accuracy: 0.1922 - 3s/epoch - 4ms/step
Epoch 16/100
782/782 - 3s - loss: 1.9164 - accuracy: 0.1863 - val_loss: 1.9058 - val_accuracy: 0.1943 - 3s/epoch - 4ms/step
Epoch 17/100
782/782 - 3s - loss: 1.9013 - accuracy: 0.1931 - val_loss: 1.8856 - val_accuracy: 0.1918 - 3s/epoch - 4ms/step
Epoch 18/100
782/782 - 3s - loss: 1.8895 - accuracy: 0.1901 - val_loss: 1.8656 - val_accuracy: 0.1905 - 3s/epoch - 4ms/step
Epoch 19/100
782/782 - 3s - loss: 1.8779 - accuracy: 0.1918 - val_loss: 1.8771 - val_accuracy: 0.1929 - 3s/epoch - 4ms/step
Epoch 20/100
782/782 - 3s - loss: 1.8702 - accuracy: 0.1910 - val_loss: 1.8849 - val_accuracy: 0.1928 - 3s/epoch - 4ms/step
Epoch 21/100
782/782 - 3s - loss: 1.8626 - accuracy: 0.1947 - val_loss: 1.8752 - val_accuracy: 0.1888 - 3s/epoch - 4ms/step
Epoch 22/100
782/782 - 3s - loss: 1.8577 - accuracy: 0.1922 - val_loss: 1.8682 - val_accuracy: 0.2006 - 3s/epoch - 4ms/step
Epoch 23/100
782/782 - 3s - loss: 1.8448 - accuracy: 0.1967 - val_loss: 1.8819 - val_accuracy: 0.1947 - 3s/epoch - 4ms/step
Epoch 24/100
782/782 - 3s - loss: 1.8371 - accuracy: 0.1948 - val_loss: 1.8669 - val_accuracy: 0.1970 - 3s/epoch - 4ms/step
Epoch 25/100
782/782 - 3s - loss: 1.8335 - accuracy: 0.2002 - val_loss: 1.8581 - val_accuracy: 0.1993 - 3s/epoch - 4ms/step
Epoch 26/100
782/782 - 3s - loss: 1.8276 - accuracy: 0.1969 - val_loss: 1.8809 - val_accuracy: 0.1995 - 3s/epoch - 4ms/step
Epoch 27/100
782/782 - 3s - loss: 1.8206 - accuracy: 0.1995 - val_loss: 1.8723 - val_accuracy: 0.2004 - 3s/epoch - 4ms/step
Epoch 28/100
782/782 - 3s - loss: 1.8159 - accuracy: 0.1995 - val_loss: 1.8713 - val_accuracy: 0.2039 - 3s/epoch - 4ms/step
Epoch 29/100
782/782 - 3s - loss: 1.8075 - accuracy: 0.2007 - val_loss: 1.8582 - val_accuracy: 0.2083 - 3s/epoch - 4ms/step
Epoch 30/100
782/782 - 3s - loss: 1.8005 - accuracy: 0.2046 - val_loss: 1.8887 - val_accuracy: 0.2063 - 3s/epoch - 4ms/step
Epoch 31/100
782/782 - 3s - loss: 1.7978 - accuracy: 0.2053 - val_loss: 1.8752 - val_accuracy: 0.2067 - 3s/epoch - 4ms/step
Epoch 32/100
782/782 - 3s - loss: 1.7965 - accuracy: 0.2030 - val_loss: 1.8787 - val_accuracy: 0.2021 - 3s/epoch - 4ms/step
Epoch 33/100
782/782 - 3s - loss: 1.7907 - accuracy: 0.2055 - val_loss: 1.8754 - val_accuracy: 0.2078 - 3s/epoch - 4ms/step
Epoch 34/100
782/782 - 3s - loss: 1.7878 - accuracy: 0.2081 - val_loss: 1.8902 - val_accuracy: 0.2108 - 3s/epoch - 4ms/step
Epoch 35/100
782/782 - 3s - loss: 1.7817 - accuracy: 0.2049 - val_loss: 1.8870 - val_accuracy: 0.2099 - 3s/epoch - 4ms/step
Epoch 36/100
782/782 - 3s - loss: 1.7798 - accuracy: 0.2078 - val_loss: 1.8788 - val_accuracy: 0.2093 - 3s/epoch - 4ms/step
Epoch 37/100
782/782 - 3s - loss: 1.7705 - accuracy: 0.2128 - val_loss: 1.8760 - val_accuracy: 0.2089 - 3s/epoch - 4ms/step
Epoch 38/100
782/782 - 3s - loss: 1.7690 - accuracy: 0.2124 - val_loss: 1.9087 - val_accuracy: 0.2094 - 3s/epoch - 4ms/step
Epoch 39/100
782/782 - 3s - loss: 1.7626 - accuracy: 0.2135 - val_loss: 1.8893 - val_accuracy: 0.2123 - 3s/epoch - 4ms/step
Epoch 40/100
782/782 - 3s - loss: 1.7646 - accuracy: 0.2156 - val_loss: 1.8934 - val_accuracy: 0.2111 - 3s/epoch - 4ms/step
Epoch 41/100
782/782 - 3s - loss: 1.7567 - accuracy: 0.2180 - val_loss: 1.8649 - val_accuracy: 0.2117 - 3s/epoch - 4ms/step
Epoch 42/100
782/782 - 3s - loss: 1.7544 - accuracy: 0.2278 - val_loss: 1.8386 - val_accuracy: 0.2609 - 3s/epoch - 4ms/step
Epoch 43/100
782/782 - 3s - loss: 1.7317 - accuracy: 0.2503 - val_loss: 1.7914 - val_accuracy: 0.2700 - 3s/epoch - 4ms/step
Epoch 44/100
782/782 - 3s - loss: 1.7067 - accuracy: 0.2658 - val_loss: 1.7544 - val_accuracy: 0.2981 - 3s/epoch - 4ms/step
Epoch 45/100
782/782 - 3s - loss: 1.6894 - accuracy: 0.2758 - val_loss: 1.7419 - val_accuracy: 0.3147 - 3s/epoch - 4ms/step
Epoch 46/100
782/782 - 3s - loss: 1.6761 - accuracy: 0.2797 - val_loss: 1.7338 - val_accuracy: 0.2988 - 3s/epoch - 4ms/step
Epoch 47/100
782/782 - 3s - loss: 1.6602 - accuracy: 0.2844 - val_loss: 1.7284 - val_accuracy: 0.3118 - 3s/epoch - 4ms/step
Epoch 48/100
782/782 - 3s - loss: 1.6553 - accuracy: 0.2903 - val_loss: 1.7133 - val_accuracy: 0.3155 - 3s/epoch - 4ms/step
Epoch 49/100
782/782 - 3s - loss: 1.6437 - accuracy: 0.2930 - val_loss: 1.7277 - val_accuracy: 0.3152 - 3s/epoch - 4ms/step
Epoch 50/100
782/782 - 3s - loss: 1.6350 - accuracy: 0.2984 - val_loss: 1.7378 - val_accuracy: 0.3086 - 3s/epoch - 4ms/step
Epoch 51/100
782/782 - 3s - loss: 1.6353 - accuracy: 0.3002 - val_loss: 1.7433 - val_accuracy: 0.3170 - 3s/epoch - 4ms/step
Epoch 52/100
782/782 - 3s - loss: 1.6250 - accuracy: 0.3026 - val_loss: 1.7673 - val_accuracy: 0.2917 - 3s/epoch - 4ms/step
Epoch 53/100
782/782 - 3s - loss: 1.6191 - accuracy: 0.3035 - val_loss: 1.7328 - val_accuracy: 0.3198 - 3s/epoch - 4ms/step
Epoch 54/100
782/782 - 3s - loss: 1.6124 - accuracy: 0.3058 - val_loss: 1.7160 - val_accuracy: 0.3188 - 3s/epoch - 4ms/step
Epoch 55/100
782/782 - 3s - loss: 1.6044 - accuracy: 0.3087 - val_loss: 1.7244 - val_accuracy: 0.3101 - 3s/epoch - 4ms/step
Epoch 56/100
782/782 - 3s - loss: 1.5997 - accuracy: 0.3070 - val_loss: 1.7446 - val_accuracy: 0.3107 - 3s/epoch - 4ms/step
Epoch 57/100
782/782 - 3s - loss: 1.5970 - accuracy: 0.3096 - val_loss: 1.7517 - val_accuracy: 0.3015 - 3s/epoch - 4ms/step
Epoch 58/100
782/782 - 3s - loss: 1.5935 - accuracy: 0.3144 - val_loss: 1.7481 - val_accuracy: 0.3002 - 3s/epoch - 4ms/step
Epoch 59/100
782/782 - 3s - loss: 1.5863 - accuracy: 0.3152 - val_loss: 1.7519 - val_accuracy: 0.2999 - 3s/epoch - 4ms/step
Epoch 60/100
782/782 - 3s - loss: 1.5836 - accuracy: 0.3163 - val_loss: 1.7381 - val_accuracy: 0.3218 - 3s/epoch - 4ms/step
Epoch 61/100
782/782 - 3s - loss: 1.5811 - accuracy: 0.3140 - val_loss: 1.7375 - val_accuracy: 0.3157 - 3s/epoch - 4ms/step
Epoch 62/100
782/782 - 3s - loss: 1.5774 - accuracy: 0.3173 - val_loss: 1.7510 - val_accuracy: 0.3189 - 3s/epoch - 4ms/step
Epoch 63/100
782/782 - 3s - loss: 1.5732 - accuracy: 0.3168 - val_loss: 1.7452 - val_accuracy: 0.3104 - 3s/epoch - 4ms/step
Epoch 64/100
782/782 - 3s - loss: 1.5662 - accuracy: 0.3215 - val_loss: 1.7681 - val_accuracy: 0.3206 - 3s/epoch - 4ms/step
Epoch 65/100
782/782 - 3s - loss: 1.5684 - accuracy: 0.3216 - val_loss: 1.7390 - val_accuracy: 0.3163 - 3s/epoch - 4ms/step
Epoch 66/100
782/782 - 3s - loss: 1.5598 - accuracy: 0.3207 - val_loss: 1.7523 - val_accuracy: 0.3088 - 3s/epoch - 4ms/step
Epoch 67/100
782/782 - 3s - loss: 1.5641 - accuracy: 0.3223 - val_loss: 1.7333 - val_accuracy: 0.3105 - 3s/epoch - 4ms/step
Epoch 68/100
782/782 - 3s - loss: 1.5583 - accuracy: 0.3215 - val_loss: 1.7390 - val_accuracy: 0.3202 - 3s/epoch - 4ms/step
Epoch 69/100
782/782 - 3s - loss: 1.5524 - accuracy: 0.3225 - val_loss: 1.7644 - val_accuracy: 0.3075 - 3s/epoch - 4ms/step
Epoch 70/100
782/782 - 3s - loss: 1.5482 - accuracy: 0.3263 - val_loss: 1.7612 - val_accuracy: 0.3186 - 3s/epoch - 4ms/step
Epoch 71/100
782/782 - 3s - loss: 1.5504 - accuracy: 0.3215 - val_loss: 1.7534 - val_accuracy: 0.3106 - 3s/epoch - 4ms/step
Epoch 72/100
782/782 - 3s - loss: 1.5464 - accuracy: 0.3244 - val_loss: 1.7617 - val_accuracy: 0.3137 - 3s/epoch - 4ms/step
Epoch 73/100
782/782 - 3s - loss: 1.5419 - accuracy: 0.3226 - val_loss: 1.7681 - val_accuracy: 0.3116 - 3s/epoch - 4ms/step
Epoch 74/100
782/782 - 3s - loss: 1.5432 - accuracy: 0.3248 - val_loss: 1.7625 - val_accuracy: 0.3138 - 3s/epoch - 4ms/step
Epoch 75/100
782/782 - 3s - loss: 1.5327 - accuracy: 0.3261 - val_loss: 1.7604 - val_accuracy: 0.3269 - 3s/epoch - 4ms/step
Epoch 76/100
782/782 - 3s - loss: 1.5344 - accuracy: 0.3236 - val_loss: 1.7645 - val_accuracy: 0.3145 - 3s/epoch - 4ms/step
Epoch 77/100
782/782 - 3s - loss: 1.5288 - accuracy: 0.3280 - val_loss: 1.7728 - val_accuracy: 0.3179 - 3s/epoch - 4ms/step
Epoch 78/100
782/782 - 3s - loss: 1.5259 - accuracy: 0.3281 - val_loss: 1.7739 - val_accuracy: 0.3182 - 3s/epoch - 4ms/step
Epoch 79/100
782/782 - 3s - loss: 1.5216 - accuracy: 0.3302 - val_loss: 1.7892 - val_accuracy: 0.2996 - 3s/epoch - 4ms/step
Epoch 80/100
782/782 - 3s - loss: 1.5238 - accuracy: 0.3268 - val_loss: 1.7703 - val_accuracy: 0.3086 - 3s/epoch - 4ms/step
Epoch 81/100
782/782 - 3s - loss: 1.5252 - accuracy: 0.3290 - val_loss: 1.7789 - val_accuracy: 0.3134 - 3s/epoch - 4ms/step
Epoch 82/100
782/782 - 3s - loss: 1.5192 - accuracy: 0.3297 - val_loss: 1.7875 - val_accuracy: 0.3063 - 3s/epoch - 4ms/step
Epoch 83/100
782/782 - 3s - loss: 1.5168 - accuracy: 0.3286 - val_loss: 1.7705 - val_accuracy: 0.3141 - 3s/epoch - 4ms/step
Epoch 84/100
782/782 - 3s - loss: 1.5208 - accuracy: 0.3311 - val_loss: 1.7902 - val_accuracy: 0.3107 - 3s/epoch - 4ms/step
Epoch 85/100
782/782 - 3s - loss: 1.5100 - accuracy: 0.3332 - val_loss: 1.7784 - val_accuracy: 0.3150 - 3s/epoch - 4ms/step
Epoch 86/100
782/782 - 3s - loss: 1.5084 - accuracy: 0.3308 - val_loss: 1.8092 - val_accuracy: 0.3235 - 3s/epoch - 4ms/step
Epoch 87/100
782/782 - 3s - loss: 1.5090 - accuracy: 0.3324 - val_loss: 1.7851 - val_accuracy: 0.3080 - 3s/epoch - 4ms/step
Epoch 88/100
782/782 - 3s - loss: 1.5099 - accuracy: 0.3323 - val_loss: 1.7866 - val_accuracy: 0.3098 - 3s/epoch - 4ms/step
Epoch 89/100
782/782 - 3s - loss: 1.5014 - accuracy: 0.3332 - val_loss: 1.7879 - val_accuracy: 0.3130 - 3s/epoch - 4ms/step
Epoch 90/100
782/782 - 3s - loss: 1.5045 - accuracy: 0.3317 - val_loss: 1.7859 - val_accuracy: 0.3114 - 3s/epoch - 4ms/step
Epoch 91/100
782/782 - 3s - loss: 1.4986 - accuracy: 0.3330 - val_loss: 1.7942 - val_accuracy: 0.3131 - 3s/epoch - 4ms/step
Epoch 92/100
782/782 - 3s - loss: 1.5020 - accuracy: 0.3323 - val_loss: 1.8086 - val_accuracy: 0.3137 - 3s/epoch - 4ms/step
Epoch 93/100
782/782 - 3s - loss: 1.4976 - accuracy: 0.3336 - val_loss: 1.8117 - val_accuracy: 0.3154 - 3s/epoch - 4ms/step
Epoch 94/100
782/782 - 3s - loss: 1.4996 - accuracy: 0.3335 - val_loss: 1.8308 - val_accuracy: 0.3012 - 3s/epoch - 4ms/step
Epoch 95/100
782/782 - 3s - loss: 1.4961 - accuracy: 0.3359 - val_loss: 1.8248 - val_accuracy: 0.3094 - 3s/epoch - 4ms/step
Epoch 96/100
782/782 - 3s - loss: 1.4918 - accuracy: 0.3354 - val_loss: 1.8018 - val_accuracy: 0.3100 - 3s/epoch - 4ms/step
Epoch 97/100
782/782 - 3s - loss: 1.4885 - accuracy: 0.3337 - val_loss: 1.8138 - val_accuracy: 0.2977 - 3s/epoch - 4ms/step
Epoch 98/100
782/782 - 3s - loss: 1.4950 - accuracy: 0.3356 - val_loss: 1.8202 - val_accuracy: 0.3010 - 3s/epoch - 4ms/step
Epoch 99/100
782/782 - 3s - loss: 1.4883 - accuracy: 0.3363 - val_loss: 1.8337 - val_accuracy: 0.3013 - 3s/epoch - 4ms/step
Epoch 100/100
782/782 - 3s - loss: 1.4863 - accuracy: 0.3369 - val_loss: 1.8081 - val_accuracy: 0.3088 - 3s/epoch - 4ms/step
313/313 - 1s - loss: 1.8081 - accuracy: 0.3088 - 603ms/epoch - 2ms/step

ACCURACY: 0.30880001187324524


SCORE: -0.4866481283112717

[92m | MODULE VALUES ---------------------------------------------  |
 [0m
FLOPS: 14755940
PARAMS: 368634.0
[92m 
 | -----------------------------------------------------------  |
 [0m

BANANAS BASELINE FINISHED
TOTAL TIME --------> 15261.59 seconds
BEST SCORE --------> -0.7554946109481812
HISTORY -----------> results_BANANAS_controller/bananas_cifar10_seed7_e1000_ep100/algorithm_logs/bananas_history.csv
Completed after chunk: 25/1000
