event,accuracy_eval,objective,error,accuracy,flops_norm,flops,params,score,elapsed_sec,params_json
1,1,both,10000000000.0,,1.8597083466666666,278956252.0,9240970.0,10000000000.0,1.3678,"{""activation"": ""swish"", ""batch_size"": 32, ""data_augmentation"": true, ""dr_f"": 0.136620183175, ""learning_rate"": 0.000596183292, ""new_fc_1"": 32, ""new_fc_10"": 20, ""new_fc_2"": 25, ""new_fc_3"": 19, ""new_fc_4"": 14, ""new_fc_5"": 32, ""new_fc_6"": 16, ""new_fc_7"": 4, ""new_fc_8"": 3, ""new_fc_9"": 2, ""num_neurons"": 32, ""optimizer"": ""SGD"", ""reg_l2"": false, ""skip_connection"": false, ""unit_c1"": 3, ""unit_c2"": 3}"
2,2,both,0.3726999759674072,0.6273000240325928,0.6297698933333333,94465484.0,2059786.0,-0.5501790488228149,505.7045,"{""activation"": ""selu"", ""batch_size"": 32, ""data_augmentation"": false, ""dr_f"": 0.328168450519, ""learning_rate"": 0.000864488615, ""new_fc_1"": 12, ""new_fc_10"": 15, ""new_fc_2"": 3, ""new_fc_3"": 5, ""new_fc_4"": 0, ""new_fc_5"": 11, ""new_fc_6"": 10, ""new_fc_7"": 22, ""new_fc_8"": 13, ""new_fc_9"": 18, ""num_neurons"": 16, ""optimizer"": ""Adagrad"", ""reg_l2"": false, ""skip_connection"": false, ""unit_c1"": 1, ""unit_c2"": 8}"
3,3,both,0.778999999165535,0.22100000083446503,0.44801234666666667,67201852.0,2647402.0,-0.3202962965841255,889.5675,"{""activation"": ""elu"", ""batch_size"": 32, ""data_augmentation"": false, ""dr_f"": 0.473755208556, ""learning_rate"": 0.000551653008, ""new_fc_1"": 25, ""new_fc_10"": 3, ""new_fc_2"": 20, ""new_fc_3"": 12, ""new_fc_4"": 18, ""new_fc_5"": 17, ""new_fc_6"": 1, ""new_fc_7"": 27, ""new_fc_8"": 22, ""new_fc_9"": 3, ""num_neurons"": 16, ""optimizer"": ""Adam"", ""reg_l2"": true, ""skip_connection"": false, ""unit_c1"": 2, ""unit_c2"": 5}"
4,4,both,10000000000.0,,12.577310266666666,1886596540.0,35968650.0,10000000000.0,891.2647,"{""activation"": ""swish"", ""batch_size"": 32, ""data_augmentation"": false, ""dr_f"": 0.344577477992, ""learning_rate"": 0.000627342897, ""new_fc_1"": 12, ""new_fc_10"": 25, ""new_fc_2"": 27, ""new_fc_3"": 17, ""new_fc_4"": 10, ""new_fc_5"": 1, ""new_fc_6"": 16, ""new_fc_7"": 5, ""new_fc_8"": 22, ""new_fc_9"": 15, ""num_neurons"": 64, ""optimizer"": ""Adagrad"", ""reg_l2"": true, ""skip_connection"": false, ""unit_c1"": 2, ""unit_c2"": 8}"
5,5,both,0.6872000098228455,0.31279999017715454,0.05468792,8203188.0,329962.0,-0.5025536171240081,1155.0221,"{""activation"": ""elu"", ""batch_size"": 64, ""data_augmentation"": false, ""dr_f"": 0.290560127367, ""learning_rate"": 0.000450055517, ""new_fc_1"": 7, ""new_fc_10"": 8, ""new_fc_2"": 24, ""new_fc_3"": 6, ""new_fc_4"": 13, ""new_fc_5"": 28, ""new_fc_6"": 20, ""new_fc_7"": 32, ""new_fc_8"": 24, ""new_fc_9"": 13, ""num_neurons"": 8, ""optimizer"": ""Adadelta"", ""reg_l2"": false, ""skip_connection"": false, ""unit_c1"": 1, ""unit_c2"": 4}"
6,6,both,0.8999999985098839,0.10000000149011612,0.6782434933333333,101736524.0,2253290.0,-0.1665269530430813,1959.6762,"{""activation"": ""swish"", ""batch_size"": 8, ""data_augmentation"": true, ""dr_f"": 0.445858355249, ""learning_rate"": 0.000514214582, ""new_fc_1"": 14, ""new_fc_10"": 18, ""new_fc_2"": 23, ""new_fc_3"": 3, ""new_fc_4"": 17, ""new_fc_5"": 24, ""new_fc_6"": 23, ""new_fc_7"": 5, ""new_fc_8"": 2, ""new_fc_9"": 18, ""num_neurons"": 16, ""optimizer"": ""Adamax"", ""reg_l2"": true, ""skip_connection"": true, ""unit_c1"": 2, ""unit_c2"": 7}"
7,7,both,10000000000.0,,1.04595304,156892956.0,4084666.0,10000000000.0,1960.0829,"{""activation"": ""elu"", ""batch_size"": 32, ""data_augmentation"": true, ""dr_f"": 0.169061966854, ""learning_rate"": 0.000607132884, ""new_fc_1"": 25, ""new_fc_10"": 9, ""new_fc_2"": 27, ""new_fc_3"": 3, ""new_fc_4"": 14, ""new_fc_5"": 21, ""new_fc_6"": 23, ""new_fc_7"": 23, ""new_fc_8"": 4, ""new_fc_9"": 5, ""num_neurons"": 16, ""optimizer"": ""SGD"", ""reg_l2"": true, ""skip_connection"": false, ""unit_c1"": 3, ""unit_c2"": 8}"
8,8,both,0.6313000023365021,0.3686999976634979,0.03833346666666667,5750020.0,193290.0,-0.5465899583644485,3064.1393,"{""activation"": ""elu"", ""batch_size"": 16, ""data_augmentation"": true, ""dr_f"": 0.252719771852, ""learning_rate"": 0.000558486335, ""new_fc_1"": 23, ""new_fc_10"": 3, ""new_fc_2"": 21, ""new_fc_3"": 25, ""new_fc_4"": 17, ""new_fc_5"": 2, ""new_fc_6"": 10, ""new_fc_7"": 8, ""new_fc_8"": 32, ""new_fc_9"": 25, ""num_neurons"": 4, ""optimizer"": ""Adamax"", ""reg_l2"": true, ""skip_connection"": true, ""unit_c1"": 2, ""unit_c2"": 6}"
9,9,both,10000000000.0,,4.815598906666667,722339836.0,17276586.0,10000000000.0,3065.1901,"{""activation"": ""swish"", ""batch_size"": 64, ""data_augmentation"": true, ""dr_f"": 0.0699049567, ""learning_rate"": 0.000624403979, ""new_fc_1"": 28, ""new_fc_10"": 15, ""new_fc_2"": 19, ""new_fc_3"": 17, ""new_fc_4"": 14, ""new_fc_5"": 14, ""new_fc_6"": 23, ""new_fc_7"": 28, ""new_fc_8"": 16, ""new_fc_9"": 24, ""num_neurons"": 32, ""optimizer"": ""Adamax"", ""reg_l2"": true, ""skip_connection"": true, ""unit_c1"": 4, ""unit_c2"": 7}"
10,10,both,10000000000.0,,18.402334266666667,2760350140.0,14923338.0,10000000000.0,3065.9025,"{""activation"": ""elu"", ""batch_size"": 32, ""data_augmentation"": false, ""dr_f"": 0.338097182134, ""learning_rate"": 0.000516416543, ""new_fc_1"": 1, ""new_fc_10"": 23, ""new_fc_2"": 17, ""new_fc_3"": 22, ""new_fc_4"": 25, ""new_fc_5"": 10, ""new_fc_6"": 0, ""new_fc_7"": 19, ""new_fc_8"": 30, ""new_fc_9"": 7, ""num_neurons"": 64, ""optimizer"": ""SGD"", ""reg_l2"": true, ""skip_connection"": true, ""unit_c1"": 4, ""unit_c2"": 7}"
11,10,flops,,,6.19883304,929824956.0,25861834.0,,3067.7657,"{""activation"": ""selu"", ""batch_size"": 64, ""data_augmentation"": true, ""dr_f"": 0.173322761353, ""learning_rate"": 0.000535800253, ""new_fc_1"": 23, ""new_fc_10"": 29, ""new_fc_2"": 30, ""new_fc_3"": 21, ""new_fc_4"": 17, ""new_fc_5"": 22, ""new_fc_6"": 0, ""new_fc_7"": 19, ""new_fc_8"": 24, ""new_fc_9"": 5, ""num_neurons"": 64, ""optimizer"": ""Adam"", ""reg_l2"": true, ""skip_connection"": false, ""unit_c1"": 3, ""unit_c2"": 2}"
12,10,flops,,,2.2473653066666666,337104796.0,1930218.0,,3068.7248,"{""activation"": ""swish"", ""batch_size"": 16, ""data_augmentation"": false, ""dr_f"": 0.493605856702, ""learning_rate"": 0.000755153783, ""new_fc_1"": 0, ""new_fc_10"": 32, ""new_fc_2"": 13, ""new_fc_3"": 5, ""new_fc_4"": 23, ""new_fc_5"": 15, ""new_fc_6"": 4, ""new_fc_7"": 0, ""new_fc_8"": 7, ""new_fc_9"": 6, ""num_neurons"": 32, ""optimizer"": ""Adadelta"", ""reg_l2"": false, ""skip_connection"": false, ""unit_c1"": 4, ""unit_c2"": 1}"
13,10,flops,,,0.02998232,4497348.0,54990.0,,3069.5952,"{""activation"": ""selu"", ""batch_size"": 64, ""data_augmentation"": false, ""dr_f"": 0.298731403542, ""learning_rate"": 0.000962442886, ""new_fc_1"": 2, ""new_fc_10"": 13, ""new_fc_2"": 6, ""new_fc_3"": 11, ""new_fc_4"": 31, ""new_fc_5"": 24, ""new_fc_6"": 23, ""new_fc_7"": 6, ""new_fc_8"": 2, ""new_fc_9"": 32, ""num_neurons"": 4, ""optimizer"": ""Adam"", ""reg_l2"": true, ""skip_connection"": true, ""unit_c1"": 2, ""unit_c2"": 5}"
14,10,flops,,,9.998030053333334,1499704508.0,26151434.0,,3071.4291,"{""activation"": ""elu"", ""batch_size"": 16, ""data_augmentation"": true, ""dr_f"": 0.101299825087, ""learning_rate"": 0.000949049503, ""new_fc_1"": 25, ""new_fc_10"": 13, ""new_fc_2"": 1, ""new_fc_3"": 2, ""new_fc_4"": 23, ""new_fc_5"": 10, ""new_fc_6"": 7, ""new_fc_7"": 32, ""new_fc_8"": 32, ""new_fc_9"": 29, ""num_neurons"": 64, ""optimizer"": ""Adamax"", ""reg_l2"": false, ""skip_connection"": false, ""unit_c1"": 4, ""unit_c2"": 2}"
15,10,flops,,,0.5777314933333333,86659724.0,667962.0,,3072.5799,"{""activation"": ""swish"", ""batch_size"": 16, ""data_augmentation"": false, ""dr_f"": 0.408049908672, ""learning_rate"": 0.000855469844, ""new_fc_1"": 11, ""new_fc_10"": 21, ""new_fc_2"": 2, ""new_fc_3"": 28, ""new_fc_4"": 31, ""new_fc_5"": 16, ""new_fc_6"": 1, ""new_fc_7"": 10, ""new_fc_8"": 18, ""new_fc_9"": 1, ""num_neurons"": 16, ""optimizer"": ""Adam"", ""reg_l2"": true, ""skip_connection"": false, ""unit_c1"": 4, ""unit_c2"": 1}"
16,11,accuracy,10000000000.0,,6.19883304,929824956.0,25861834.0,10000000000.0,3074.3367,"{""activation"": ""selu"", ""batch_size"": 64, ""data_augmentation"": true, ""dr_f"": 0.173322761353, ""learning_rate"": 0.000535800253, ""new_fc_1"": 23, ""new_fc_10"": 29, ""new_fc_2"": 30, ""new_fc_3"": 21, ""new_fc_4"": 17, ""new_fc_5"": 22, ""new_fc_6"": 0, ""new_fc_7"": 19, ""new_fc_8"": 24, ""new_fc_9"": 5, ""num_neurons"": 64, ""optimizer"": ""Adam"", ""reg_l2"": true, ""skip_connection"": false, ""unit_c1"": 3, ""unit_c2"": 2}"
17,11,flops,,,0.6355622133333333,95334332.0,1028170.0,,3075.1578,"{""activation"": ""selu"", ""batch_size"": 16, ""data_augmentation"": true, ""dr_f"": 0.26477889504, ""learning_rate"": 0.000727896515, ""new_fc_1"": 11, ""new_fc_10"": 30, ""new_fc_2"": 14, ""new_fc_3"": 23, ""new_fc_4"": 26, ""new_fc_5"": 31, ""new_fc_6"": 8, ""new_fc_7"": 4, ""new_fc_8"": 10, ""new_fc_9"": 3, ""num_neurons"": 16, ""optimizer"": ""Adamax"", ""reg_l2"": true, ""skip_connection"": false, ""unit_c1"": 4, ""unit_c2"": 2}"
18,11,flops,,,0.5414174666666667,81212620.0,1070138.0,,3076.0317,"{""activation"": ""relu"", ""batch_size"": 16, ""data_augmentation"": false, ""dr_f"": 0.048880719163, ""learning_rate"": 0.00098894051, ""new_fc_1"": 3, ""new_fc_10"": 25, ""new_fc_2"": 3, ""new_fc_3"": 7, ""new_fc_4"": 32, ""new_fc_5"": 28, ""new_fc_6"": 8, ""new_fc_7"": 0, ""new_fc_8"": 23, ""new_fc_9"": 20, ""num_neurons"": 16, ""optimizer"": ""Adam"", ""reg_l2"": true, ""skip_connection"": true, ""unit_c1"": 2, ""unit_c2"": 6}"
19,11,flops,,,0.020656986666666665,3098548.0,111438.0,,3076.8502,"{""activation"": ""selu"", ""batch_size"": 64, ""data_augmentation"": false, ""dr_f"": 0.476983984605, ""learning_rate"": 0.000454345846, ""new_fc_1"": 23, ""new_fc_10"": 10, ""new_fc_2"": 6, ""new_fc_3"": 20, ""new_fc_4"": 32, ""new_fc_5"": 4, ""new_fc_6"": 12, ""new_fc_7"": 32, ""new_fc_8"": 18, ""new_fc_9"": 9, ""num_neurons"": 4, ""optimizer"": ""Adam"", ""reg_l2"": false, ""skip_connection"": true, ""unit_c1"": 2, ""unit_c2"": 3}"
20,11,flops,,,0.030304053333333334,4545608.0,130502.0,,3077.6644,"{""activation"": ""swish"", ""batch_size"": 64, ""data_augmentation"": false, ""dr_f"": 0.286713649766, ""learning_rate"": 0.000790994734, ""new_fc_1"": 16, ""new_fc_10"": 11, ""new_fc_2"": 19, ""new_fc_3"": 25, ""new_fc_4"": 14, ""new_fc_5"": 12, ""new_fc_6"": 16, ""new_fc_7"": 32, ""new_fc_8"": 14, ""new_fc_9"": 6, ""num_neurons"": 4, ""optimizer"": ""Adagrad"", ""reg_l2"": true, ""skip_connection"": false, ""unit_c1"": 2, ""unit_c2"": 5}"
21,11,flops,,,1.1571387466666667,173570812.0,10069418.0,,3078.7386,"{""activation"": ""relu"", ""batch_size"": 8, ""data_augmentation"": true, ""dr_f"": 0.308722314568, ""learning_rate"": 0.000892347316, ""new_fc_1"": 32, ""new_fc_10"": 2, ""new_fc_2"": 28, ""new_fc_3"": 32, ""new_fc_4"": 28, ""new_fc_5"": 14, ""new_fc_6"": 14, ""new_fc_7"": 5, ""new_fc_8"": 10, ""new_fc_9"": 9, ""num_neurons"": 32, ""optimizer"": ""Adamax"", ""reg_l2"": true, ""skip_connection"": true, ""unit_c1"": 2, ""unit_c2"": 3}"
22,12,accuracy,0.8999999985098839,0.10000000149011612,0.030304053333333334,4545608.0,130502.0,-0.36090878504308127,3223.1323,"{""activation"": ""swish"", ""batch_size"": 64, ""data_augmentation"": false, ""dr_f"": 0.286713649766, ""learning_rate"": 0.000790994734, ""new_fc_1"": 16, ""new_fc_10"": 11, ""new_fc_2"": 19, ""new_fc_3"": 25, ""new_fc_4"": 14, ""new_fc_5"": 12, ""new_fc_6"": 16, ""new_fc_7"": 32, ""new_fc_8"": 14, ""new_fc_9"": 6, ""num_neurons"": 4, ""optimizer"": ""Adagrad"", ""reg_l2"": true, ""skip_connection"": false, ""unit_c1"": 2, ""unit_c2"": 5}"
23,12,flops,,,0.26699128,40048692.0,565770.0,,3223.922,"{""activation"": ""relu"", ""batch_size"": 8, ""data_augmentation"": true, ""dr_f"": 0.484880134183, ""learning_rate"": 0.000210815351, ""new_fc_1"": 12, ""new_fc_10"": 1, ""new_fc_2"": 30, ""new_fc_3"": 30, ""new_fc_4"": 0, ""new_fc_5"": 4, ""new_fc_6"": 26, ""new_fc_7"": 7, ""new_fc_8"": 8, ""new_fc_9"": 5, ""num_neurons"": 8, ""optimizer"": ""SGD"", ""reg_l2"": false, ""skip_connection"": true, ""unit_c1"": 3, ""unit_c2"": 8}"
24,12,flops,,,0.4172345333333333,62585180.0,3276058.0,,3224.6907,"{""activation"": ""elu"", ""batch_size"": 16, ""data_augmentation"": false, ""dr_f"": 0.413950778345, ""learning_rate"": 0.00012965864, ""new_fc_1"": 28, ""new_fc_10"": 2, ""new_fc_2"": 16, ""new_fc_3"": 9, ""new_fc_4"": 19, ""new_fc_5"": 18, ""new_fc_6"": 7, ""new_fc_7"": 6, ""new_fc_8"": 25, ""new_fc_9"": 8, ""num_neurons"": 16, ""optimizer"": ""SGD"", ""reg_l2"": true, ""skip_connection"": true, ""unit_c1"": 1, ""unit_c2"": 6}"
25,12,flops,,,0.05659757333333333,8489636.0,198530.0,,3225.4916,"{""activation"": ""swish"", ""batch_size"": 64, ""data_augmentation"": true, ""dr_f"": 0.468412224444, ""learning_rate"": 0.000218460609, ""new_fc_1"": 3, ""new_fc_10"": 23, ""new_fc_2"": 7, ""new_fc_3"": 29, ""new_fc_4"": 24, ""new_fc_5"": 12, ""new_fc_6"": 32, ""new_fc_7"": 4, ""new_fc_8"": 19, ""new_fc_9"": 18, ""num_neurons"": 8, ""optimizer"": ""Adadelta"", ""reg_l2"": false, ""skip_connection"": false, ""unit_c1"": 2, ""unit_c2"": 2}"
26,12,flops,,,0.020811653333333333,3121748.0,123070.0,,3226.2315,"{""activation"": ""relu"", ""batch_size"": 16, ""data_augmentation"": true, ""dr_f"": 0.495055988034, ""learning_rate"": 0.00080301345, ""new_fc_1"": 24, ""new_fc_10"": 28, ""new_fc_2"": 30, ""new_fc_3"": 5, ""new_fc_4"": 23, ""new_fc_5"": 27, ""new_fc_6"": 27, ""new_fc_7"": 11, ""new_fc_8"": 4, ""new_fc_9"": 3, ""num_neurons"": 4, ""optimizer"": ""Adamax"", ""reg_l2"": true, ""skip_connection"": true, ""unit_c1"": 2, ""unit_c2"": 3}"
27,12,flops,,,1.5419314933333332,231289724.0,6509418.0,,3227.1116,"{""activation"": ""relu"", ""batch_size"": 16, ""data_augmentation"": true, ""dr_f"": 0.407480273592, ""learning_rate"": 0.000383936504, ""new_fc_1"": 11, ""new_fc_10"": 4, ""new_fc_2"": 13, ""new_fc_3"": 14, ""new_fc_4"": 24, ""new_fc_5"": 7, ""new_fc_6"": 12, ""new_fc_7"": 13, ""new_fc_8"": 15, ""new_fc_9"": 25, ""num_neurons"": 32, ""optimizer"": ""SGD"", ""reg_l2"": false, ""skip_connection"": false, ""unit_c1"": 1, ""unit_c2"": 6}"
28,13,accuracy,0.75450000166893,0.24549999833106995,0.02998232,4497348.0,54990.0,-0.4628553028317489,3431.6586,"{""activation"": ""selu"", ""batch_size"": 64, ""data_augmentation"": false, ""dr_f"": 0.298731403542, ""learning_rate"": 0.000962442886, ""new_fc_1"": 2, ""new_fc_10"": 13, ""new_fc_2"": 6, ""new_fc_3"": 11, ""new_fc_4"": 31, ""new_fc_5"": 24, ""new_fc_6"": 23, ""new_fc_7"": 6, ""new_fc_8"": 2, ""new_fc_9"": 32, ""num_neurons"": 4, ""optimizer"": ""Adam"", ""reg_l2"": true, ""skip_connection"": true, ""unit_c1"": 2, ""unit_c2"": 5}"
29,13,flops,,,4.657047226666666,698557084.0,13659690.0,,3432.7506,"{""activation"": ""elu"", ""batch_size"": 8, ""data_augmentation"": true, ""dr_f"": 0.14572331487, ""learning_rate"": 0.000875054217, ""new_fc_1"": 23, ""new_fc_10"": 10, ""new_fc_2"": 29, ""new_fc_3"": 30, ""new_fc_4"": 7, ""new_fc_5"": 12, ""new_fc_6"": 2, ""new_fc_7"": 6, ""new_fc_8"": 0, ""new_fc_9"": 20, ""num_neurons"": 32, ""optimizer"": ""Adam"", ""reg_l2"": true, ""skip_connection"": false, ""unit_c1"": 4, ""unit_c2"": 7}"
30,13,flops,,,0.5219708533333334,78295628.0,2830490.0,,3433.6076,"{""activation"": ""elu"", ""batch_size"": 8, ""data_augmentation"": true, ""dr_f"": 0.338715883429, ""learning_rate"": 0.000193642383, ""new_fc_1"": 20, ""new_fc_10"": 3, ""new_fc_2"": 8, ""new_fc_3"": 5, ""new_fc_4"": 27, ""new_fc_5"": 13, ""new_fc_6"": 17, ""new_fc_7"": 25, ""new_fc_8"": 6, ""new_fc_9"": 9, ""num_neurons"": 16, ""optimizer"": ""Adadelta"", ""reg_l2"": true, ""skip_connection"": true, ""unit_c1"": 1, ""unit_c2"": 7}"
31,13,flops,,,0.42136402666666667,63204604.0,3586330.0,,3434.4947,"{""activation"": ""elu"", ""batch_size"": 64, ""data_augmentation"": true, ""dr_f"": 0.428400507841, ""learning_rate"": 0.000901378347, ""new_fc_1"": 25, ""new_fc_10"": 3, ""new_fc_2"": 30, ""new_fc_3"": 16, ""new_fc_4"": 14, ""new_fc_5"": 25, ""new_fc_6"": 12, ""new_fc_7"": 30, ""new_fc_8"": 25, ""new_fc_9"": 28, ""num_neurons"": 16, ""optimizer"": ""Adadelta"", ""reg_l2"": true, ""skip_connection"": true, ""unit_c1"": 1, ""unit_c2"": 6}"
32,13,flops,,,0.67682696,101524044.0,3220250.0,,3435.3634,"{""activation"": ""swish"", ""batch_size"": 64, ""data_augmentation"": true, ""dr_f"": 0.379767404829, ""learning_rate"": 0.000569550014, ""new_fc_1"": 20, ""new_fc_10"": 0, ""new_fc_2"": 19, ""new_fc_3"": 32, ""new_fc_4"": 9, ""new_fc_5"": 15, ""new_fc_6"": 10, ""new_fc_7"": 24, ""new_fc_8"": 29, ""new_fc_9"": 17, ""num_neurons"": 16, ""optimizer"": ""Adadelta"", ""reg_l2"": true, ""skip_connection"": false, ""unit_c1"": 2, ""unit_c2"": 7}"
33,13,flops,,,0.01056488,1584732.0,83502.0,,3436.1414,"{""activation"": ""elu"", ""batch_size"": 32, ""data_augmentation"": true, ""dr_f"": 0.420511279424, ""learning_rate"": 0.000499602385, ""new_fc_1"": 15, ""new_fc_10"": 17, ""new_fc_2"": 9, ""new_fc_3"": 12, ""new_fc_4"": 23, ""new_fc_5"": 7, ""new_fc_6"": 12, ""new_fc_7"": 29, ""new_fc_8"": 19, ""new_fc_9"": 13, ""num_neurons"": 4, ""optimizer"": ""Adagrad"", ""reg_l2"": false, ""skip_connection"": false, ""unit_c1"": 1, ""unit_c2"": 3}"
34,14,accuracy,0.8999999985098839,0.10000000149011612,0.5414174666666667,81212620.0,1070138.0,-0.20757476104308126,3820.5673,"{""activation"": ""relu"", ""batch_size"": 16, ""data_augmentation"": false, ""dr_f"": 0.048880719163, ""learning_rate"": 0.00098894051, ""new_fc_1"": 3, ""new_fc_10"": 25, ""new_fc_2"": 3, ""new_fc_3"": 7, ""new_fc_4"": 32, ""new_fc_5"": 28, ""new_fc_6"": 8, ""new_fc_7"": 0, ""new_fc_8"": 23, ""new_fc_9"": 20, ""num_neurons"": 16, ""optimizer"": ""Adam"", ""reg_l2"": true, ""skip_connection"": true, ""unit_c1"": 2, ""unit_c2"": 6}"
35,14,flops,,,2.92435112,438652668.0,4700458.0,,3821.4384,"{""activation"": ""relu"", ""batch_size"": 16, ""data_augmentation"": true, ""dr_f"": 0.073910725861, ""learning_rate"": 0.000607472138, ""new_fc_1"": 5, ""new_fc_10"": 24, ""new_fc_2"": 28, ""new_fc_3"": 0, ""new_fc_4"": 12, ""new_fc_5"": 30, ""new_fc_6"": 5, ""new_fc_7"": 6, ""new_fc_8"": 8, ""new_fc_9"": 32, ""num_neurons"": 32, ""optimizer"": ""Adam"", ""reg_l2"": false, ""skip_connection"": false, ""unit_c1"": 3, ""unit_c2"": 6}"
36,14,flops,,,0.05793512,8690268.0,299034.0,,3822.273,"{""activation"": ""swish"", ""batch_size"": 64, ""data_augmentation"": true, ""dr_f"": 0.429104397379, ""learning_rate"": 0.000456169216, ""new_fc_1"": 26, ""new_fc_10"": 16, ""new_fc_2"": 2, ""new_fc_3"": 11, ""new_fc_4"": 3, ""new_fc_5"": 3, ""new_fc_6"": 9, ""new_fc_7"": 25, ""new_fc_8"": 19, ""new_fc_9"": 10, ""num_neurons"": 8, ""optimizer"": ""SGD"", ""reg_l2"": true, ""skip_connection"": false, ""unit_c1"": 2, ""unit_c2"": 2}"
37,14,flops,,,1.0503544266666667,157553164.0,1876186.0,,3823.1153,"{""activation"": ""swish"", ""batch_size"": 16, ""data_augmentation"": false, ""dr_f"": 0.338645458931, ""learning_rate"": 0.00021710043, ""new_fc_1"": 10, ""new_fc_10"": 4, ""new_fc_2"": 14, ""new_fc_3"": 25, ""new_fc_4"": 7, ""new_fc_5"": 29, ""new_fc_6"": 29, ""new_fc_7"": 5, ""new_fc_8"": 29, ""new_fc_9"": 23, ""num_neurons"": 16, ""optimizer"": ""Adamax"", ""reg_l2"": false, ""skip_connection"": true, ""unit_c1"": 4, ""unit_c2"": 6}"
38,14,flops,,,0.7076969333333333,106154540.0,1144250.0,,3823.8931,"{""activation"": ""elu"", ""batch_size"": 64, ""data_augmentation"": true, ""dr_f"": 0.25218265745, ""learning_rate"": 0.000910950491, ""new_fc_1"": 14, ""new_fc_10"": 19, ""new_fc_2"": 25, ""new_fc_3"": 7, ""new_fc_4"": 22, ""new_fc_5"": 15, ""new_fc_6"": 8, ""new_fc_7"": 9, ""new_fc_8"": 4, ""new_fc_9"": 8, ""num_neurons"": 16, ""optimizer"": ""Adagrad"", ""reg_l2"": false, ""skip_connection"": false, ""unit_c1"": 4, ""unit_c2"": 3}"
39,14,flops,,,0.020518986666666666,3077848.0,138174.0,,3824.6403,"{""activation"": ""swish"", ""batch_size"": 16, ""data_augmentation"": false, ""dr_f"": 0.313656905803, ""learning_rate"": 0.000724480542, ""new_fc_1"": 31, ""new_fc_10"": 2, ""new_fc_2"": 30, ""new_fc_3"": 7, ""new_fc_4"": 16, ""new_fc_5"": 23, ""new_fc_6"": 2, ""new_fc_7"": 24, ""new_fc_8"": 26, ""new_fc_9"": 4, ""num_neurons"": 4, ""optimizer"": ""SGD"", ""reg_l2"": true, ""skip_connection"": false, ""unit_c1"": 2, ""unit_c2"": 3}"
40,15,accuracy,0.379800021648407,0.620199978351593,0.6355622133333333,95334332.0,1028170.0,-0.5434713208461152,4809.3832,"{""activation"": ""selu"", ""batch_size"": 16, ""data_augmentation"": true, ""dr_f"": 0.26477889504, ""learning_rate"": 0.000727896515, ""new_fc_1"": 11, ""new_fc_10"": 30, ""new_fc_2"": 14, ""new_fc_3"": 23, ""new_fc_4"": 26, ""new_fc_5"": 31, ""new_fc_6"": 8, ""new_fc_7"": 4, ""new_fc_8"": 10, ""new_fc_9"": 3, ""num_neurons"": 16, ""optimizer"": ""Adamax"", ""reg_l2"": true, ""skip_connection"": false, ""unit_c1"": 4, ""unit_c2"": 2}"
41,15,flops,,,0.41086312,61629468.0,2798490.0,,4810.2323,"{""activation"": ""elu"", ""batch_size"": 8, ""data_augmentation"": true, ""dr_f"": 0.485830248621, ""learning_rate"": 0.000125232595, ""new_fc_1"": 20, ""new_fc_10"": 12, ""new_fc_2"": 3, ""new_fc_3"": 29, ""new_fc_4"": 28, ""new_fc_5"": 23, ""new_fc_6"": 30, ""new_fc_7"": 8, ""new_fc_8"": 4, ""new_fc_9"": 17, ""num_neurons"": 16, ""optimizer"": ""Adagrad"", ""reg_l2"": false, ""skip_connection"": true, ""unit_c1"": 1, ""unit_c2"": 6}"
42,15,flops,,,0.04329213333333334,6493820.0,270022.0,,4810.9498,"{""activation"": ""relu"", ""batch_size"": 64, ""data_augmentation"": false, ""dr_f"": 0.318060458179, ""learning_rate"": 0.000995020926, ""new_fc_1"": 28, ""new_fc_10"": 9, ""new_fc_2"": 9, ""new_fc_3"": 15, ""new_fc_4"": 20, ""new_fc_5"": 16, ""new_fc_6"": 9, ""new_fc_7"": 5, ""new_fc_8"": 16, ""new_fc_9"": 21, ""num_neurons"": 4, ""optimizer"": ""Adagrad"", ""reg_l2"": true, ""skip_connection"": true, ""unit_c1"": 1, ""unit_c2"": 8}"
43,15,flops,,,0.38610568,57915852.0,857450.0,,4811.7487,"{""activation"": ""swish"", ""batch_size"": 64, ""data_augmentation"": false, ""dr_f"": 0.132056353415, ""learning_rate"": 0.000369785004, ""new_fc_1"": 5, ""new_fc_10"": 24, ""new_fc_2"": 29, ""new_fc_3"": 5, ""new_fc_4"": 17, ""new_fc_5"": 0, ""new_fc_6"": 12, ""new_fc_7"": 4, ""new_fc_8"": 8, ""new_fc_9"": 11, ""num_neurons"": 16, ""optimizer"": ""Adadelta"", ""reg_l2"": true, ""skip_connection"": true, ""unit_c1"": 1, ""unit_c2"": 6}"
44,15,flops,,,0.8228505333333334,123427580.0,4170186.0,,4812.6082,"{""activation"": ""swish"", ""batch_size"": 16, ""data_augmentation"": false, ""dr_f"": 0.172885600157, ""learning_rate"": 0.000254315586, ""new_fc_1"": 27, ""new_fc_10"": 1, ""new_fc_2"": 20, ""new_fc_3"": 19, ""new_fc_4"": 7, ""new_fc_5"": 10, ""new_fc_6"": 9, ""new_fc_7"": 6, ""new_fc_8"": 14, ""new_fc_9"": 23, ""num_neurons"": 16, ""optimizer"": ""Adam"", ""reg_l2"": true, ""skip_connection"": false, ""unit_c1"": 2, ""unit_c2"": 8}"
45,15,flops,,,0.028972693333333334,4345904.0,51570.0,,4813.2983,"{""activation"": ""elu"", ""batch_size"": 16, ""data_augmentation"": false, ""dr_f"": 0.049011481387, ""learning_rate"": 0.00093830341, ""new_fc_1"": 15, ""new_fc_10"": 0, ""new_fc_2"": 22, ""new_fc_3"": 22, ""new_fc_4"": 5, ""new_fc_5"": 14, ""new_fc_6"": 2, ""new_fc_7"": 2, ""new_fc_8"": 3, ""new_fc_9"": 8, ""num_neurons"": 4, ""optimizer"": ""Adadelta"", ""reg_l2"": false, ""skip_connection"": true, ""unit_c1"": 3, ""unit_c2"": 2}"
46,16,accuracy,0.6701000034809113,0.32989999651908875,0.028972693333333334,4345904.0,51570.0,-0.5222381895633621,5797.5618,"{""activation"": ""elu"", ""batch_size"": 16, ""data_augmentation"": false, ""dr_f"": 0.049011481387, ""learning_rate"": 0.00093830341, ""new_fc_1"": 15, ""new_fc_10"": 0, ""new_fc_2"": 22, ""new_fc_3"": 22, ""new_fc_4"": 5, ""new_fc_5"": 14, ""new_fc_6"": 2, ""new_fc_7"": 2, ""new_fc_8"": 3, ""new_fc_9"": 8, ""num_neurons"": 4, ""optimizer"": ""Adadelta"", ""reg_l2"": false, ""skip_connection"": true, ""unit_c1"": 3, ""unit_c2"": 2}"
47,16,flops,,,0.4026596,60398940.0,2182906.0,,5798.3516,"{""activation"": ""selu"", ""batch_size"": 32, ""data_augmentation"": false, ""dr_f"": 0.20936841998, ""learning_rate"": 0.000848086433, ""new_fc_1"": 17, ""new_fc_10"": 15, ""new_fc_2"": 15, ""new_fc_3"": 5, ""new_fc_4"": 2, ""new_fc_5"": 29, ""new_fc_6"": 21, ""new_fc_7"": 14, ""new_fc_8"": 4, ""new_fc_9"": 12, ""num_neurons"": 16, ""optimizer"": ""Adadelta"", ""reg_l2"": true, ""skip_connection"": true, ""unit_c1"": 1, ""unit_c2"": 6}"
48,16,flops,,,0.060369066666666665,9055360.0,271194.0,,5799.0087,"{""activation"": ""relu"", ""batch_size"": 64, ""data_augmentation"": false, ""dr_f"": 0.108900109595, ""learning_rate"": 0.000350210773, ""new_fc_1"": 31, ""new_fc_10"": 3, ""new_fc_2"": 31, ""new_fc_3"": 11, ""new_fc_4"": 11, ""new_fc_5"": 15, ""new_fc_6"": 26, ""new_fc_7"": 9, ""new_fc_8"": 2, ""new_fc_9"": 10, ""num_neurons"": 4, ""optimizer"": ""Adagrad"", ""reg_l2"": true, ""skip_connection"": false, ""unit_c1"": 3, ""unit_c2"": 7}"
49,16,flops,,,0.6305278666666667,94579180.0,500986.0,,5799.79,"{""activation"": ""swish"", ""batch_size"": 32, ""data_augmentation"": true, ""dr_f"": 0.48832326513, ""learning_rate"": 0.000657309925, ""new_fc_1"": 5, ""new_fc_10"": 1, ""new_fc_2"": 28, ""new_fc_3"": 6, ""new_fc_4"": 16, ""new_fc_5"": 0, ""new_fc_6"": 4, ""new_fc_7"": 19, ""new_fc_8"": 14, ""new_fc_9"": 16, ""num_neurons"": 16, ""optimizer"": ""Adamax"", ""reg_l2"": false, ""skip_connection"": false, ""unit_c1"": 4, ""unit_c2"": 2}"
50,16,flops,,,0.41999645333333335,62999468.0,3965258.0,,5800.6276,"{""activation"": ""relu"", ""batch_size"": 32, ""data_augmentation"": true, ""dr_f"": 0.120459084867, ""learning_rate"": 0.000464509136, ""new_fc_1"": 31, ""new_fc_10"": 22, ""new_fc_2"": 0, ""new_fc_3"": 13, ""new_fc_4"": 15, ""new_fc_5"": 31, ""new_fc_6"": 15, ""new_fc_7"": 29, ""new_fc_8"": 23, ""new_fc_9"": 12, ""num_neurons"": 16, ""optimizer"": ""Adadelta"", ""reg_l2"": true, ""skip_connection"": false, ""unit_c1"": 1, ""unit_c2"": 6}"
51,16,flops,,,0.05515005333333333,8272508.0,364466.0,,5801.6907,"{""activation"": ""elu"", ""batch_size"": 64, ""data_augmentation"": false, ""dr_f"": 0.375522178746, ""learning_rate"": 0.000698344386, ""new_fc_1"": 16, ""new_fc_10"": 16, ""new_fc_2"": 11, ""new_fc_3"": 20, ""new_fc_4"": 3, ""new_fc_5"": 32, ""new_fc_6"": 0, ""new_fc_7"": 7, ""new_fc_8"": 16, ""new_fc_9"": 15, ""num_neurons"": 8, ""optimizer"": ""Adamax"", ""reg_l2"": true, ""skip_connection"": false, ""unit_c1"": 1, ""unit_c2"": 4}"
52,17,accuracy,0.4642000198364258,0.5357999801635742,0.4026596,60398940.0,2182906.0,-0.5542621061145019,6426.1133,"{""activation"": ""selu"", ""batch_size"": 32, ""data_augmentation"": false, ""dr_f"": 0.20936841998, ""learning_rate"": 0.000848086433, ""new_fc_1"": 17, ""new_fc_10"": 15, ""new_fc_2"": 15, ""new_fc_3"": 5, ""new_fc_4"": 2, ""new_fc_5"": 29, ""new_fc_6"": 21, ""new_fc_7"": 14, ""new_fc_8"": 4, ""new_fc_9"": 12, ""num_neurons"": 16, ""optimizer"": ""Adadelta"", ""reg_l2"": true, ""skip_connection"": true, ""unit_c1"": 1, ""unit_c2"": 6}"
53,17,flops,,,0.44623976,66935964.0,8316234.0,,6427.4149,"{""activation"": ""selu"", ""batch_size"": 16, ""data_augmentation"": false, ""dr_f"": 0.11989937066, ""learning_rate"": 0.000684504873, ""new_fc_1"": 27, ""new_fc_10"": 16, ""new_fc_2"": 17, ""new_fc_3"": 29, ""new_fc_4"": 19, ""new_fc_5"": 30, ""new_fc_6"": 32, ""new_fc_7"": 27, ""new_fc_8"": 6, ""new_fc_9"": 24, ""num_neurons"": 32, ""optimizer"": ""SGD"", ""reg_l2"": false, ""skip_connection"": true, ""unit_c1"": 1, ""unit_c2"": 2}"
54,17,flops,,,1.0611996533333334,159179948.0,2872602.0,,6428.6244,"{""activation"": ""elu"", ""batch_size"": 32, ""data_augmentation"": true, ""dr_f"": 0.269451142967, ""learning_rate"": 0.000484622294, ""new_fc_1"": 21, ""new_fc_10"": 14, ""new_fc_2"": 16, ""new_fc_3"": 26, ""new_fc_4"": 5, ""new_fc_5"": 22, ""new_fc_6"": 28, ""new_fc_7"": 4, ""new_fc_8"": 22, ""new_fc_9"": 17, ""num_neurons"": 16, ""optimizer"": ""Adagrad"", ""reg_l2"": true, ""skip_connection"": true, ""unit_c1"": 4, ""unit_c2"": 6}"
55,17,flops,,,1.1129668,166945020.0,8423882.0,,6429.9498,"{""activation"": ""swish"", ""batch_size"": 32, ""data_augmentation"": false, ""dr_f"": 0.228584889468, ""learning_rate"": 0.000578721482, ""new_fc_1"": 32, ""new_fc_10"": 26, ""new_fc_2"": 12, ""new_fc_3"": 1, ""new_fc_4"": 26, ""new_fc_5"": 20, ""new_fc_6"": 18, ""new_fc_7"": 12, ""new_fc_8"": 20, ""new_fc_9"": 3, ""num_neurons"": 32, ""optimizer"": ""SGD"", ""reg_l2"": true, ""skip_connection"": false, ""unit_c1"": 2, ""unit_c2"": 3}"
56,17,flops,,,0.14690786666666666,22036180.0,588746.0,,6431.0438,"{""activation"": ""relu"", ""batch_size"": 8, ""data_augmentation"": false, ""dr_f"": 0.406449968369, ""learning_rate"": 0.00088056564, ""new_fc_1"": 24, ""new_fc_10"": 21, ""new_fc_2"": 17, ""new_fc_3"": 10, ""new_fc_4"": 4, ""new_fc_5"": 21, ""new_fc_6"": 28, ""new_fc_7"": 20, ""new_fc_8"": 21, ""new_fc_9"": 9, ""num_neurons"": 8, ""optimizer"": ""Adam"", ""reg_l2"": false, ""skip_connection"": true, ""unit_c1"": 3, ""unit_c2"": 4}"
57,17,flops,,,0.18811778666666668,28217668.0,156218.0,,6431.9987,"{""activation"": ""selu"", ""batch_size"": 8, ""data_augmentation"": true, ""dr_f"": 0.058926842631, ""learning_rate"": 0.00070623453, ""new_fc_1"": 4, ""new_fc_10"": 3, ""new_fc_2"": 2, ""new_fc_3"": 9, ""new_fc_4"": 4, ""new_fc_5"": 0, ""new_fc_6"": 13, ""new_fc_7"": 7, ""new_fc_8"": 0, ""new_fc_9"": 11, ""num_neurons"": 8, ""optimizer"": ""SGD"", ""reg_l2"": false, ""skip_connection"": false, ""unit_c1"": 3, ""unit_c2"": 6}"
58,18,accuracy,0.7933000028133392,0.20669999718666077,0.14690786666666666,22036180.0,588746.0,-0.4006176380306625,7116.7003,"{""activation"": ""relu"", ""batch_size"": 8, ""data_augmentation"": false, ""dr_f"": 0.406449968369, ""learning_rate"": 0.00088056564, ""new_fc_1"": 24, ""new_fc_10"": 21, ""new_fc_2"": 17, ""new_fc_3"": 10, ""new_fc_4"": 4, ""new_fc_5"": 21, ""new_fc_6"": 28, ""new_fc_7"": 20, ""new_fc_8"": 21, ""new_fc_9"": 9, ""num_neurons"": 8, ""optimizer"": ""Adam"", ""reg_l2"": false, ""skip_connection"": true, ""unit_c1"": 3, ""unit_c2"": 4}"
59,18,flops,,,0.26400029333333336,39600044.0,608730.0,,7117.756,"{""activation"": ""relu"", ""batch_size"": 16, ""data_augmentation"": false, ""dr_f"": 0.083533550407, ""learning_rate"": 0.000214731363, ""new_fc_1"": 14, ""new_fc_10"": 6, ""new_fc_2"": 10, ""new_fc_3"": 30, ""new_fc_4"": 14, ""new_fc_5"": 32, ""new_fc_6"": 10, ""new_fc_7"": 32, ""new_fc_8"": 21, ""new_fc_9"": 29, ""num_neurons"": 8, ""optimizer"": ""Adadelta"", ""reg_l2"": true, ""skip_connection"": false, ""unit_c1"": 4, ""unit_c2"": 6}"
60,18,flops,,,0.051039813333333336,7655972.0,160542.0,,7118.8539,"{""activation"": ""selu"", ""batch_size"": 64, ""data_augmentation"": true, ""dr_f"": 0.205387398334, ""learning_rate"": 0.000194840471, ""new_fc_1"": 19, ""new_fc_10"": 6, ""new_fc_2"": 8, ""new_fc_3"": 22, ""new_fc_4"": 6, ""new_fc_5"": 20, ""new_fc_6"": 0, ""new_fc_7"": 26, ""new_fc_8"": 19, ""new_fc_9"": 20, ""num_neurons"": 4, ""optimizer"": ""Adamax"", ""reg_l2"": true, ""skip_connection"": false, ""unit_c1"": 3, ""unit_c2"": 6}"
61,19,accuracy,0.6421999931335449,0.3578000068664551,0.6428358133333333,96425372.0,874122.0,-0.35760926080651856,8163.1436,"{""activation"": ""selu"", ""batch_size"": 16, ""data_augmentation"": false, ""dr_f"": 0.304163421664, ""learning_rate"": 0.000103738136, ""new_fc_1"": 1, ""new_fc_10"": 16, ""new_fc_2"": 2, ""new_fc_3"": 12, ""new_fc_4"": 16, ""new_fc_5"": 30, ""new_fc_6"": 27, ""new_fc_7"": 13, ""new_fc_8"": 15, ""new_fc_9"": 18, ""num_neurons"": 16, ""optimizer"": ""Adagrad"", ""reg_l2"": false, ""skip_connection"": true, ""unit_c1"": 3, ""unit_c2"": 5}"
62,19,flops,,,1.3704006133333333,205560092.0,4169866.0,,8164.3734,"{""activation"": ""swish"", ""batch_size"": 64, ""data_augmentation"": false, ""dr_f"": 0.371686370893, ""learning_rate"": 0.000293646264, ""new_fc_1"": 24, ""new_fc_10"": 31, ""new_fc_2"": 8, ""new_fc_3"": 4, ""new_fc_4"": 17, ""new_fc_5"": 13, ""new_fc_6"": 12, ""new_fc_7"": 23, ""new_fc_8"": 25, ""new_fc_9"": 25, ""num_neurons"": 16, ""optimizer"": ""Adagrad"", ""reg_l2"": true, ""skip_connection"": true, ""unit_c1"": 4, ""unit_c2"": 8}"
63,19,flops,,,0.4941353333333333,74120300.0,742458.0,,8165.1683,"{""activation"": ""relu"", ""batch_size"": 8, ""data_augmentation"": true, ""dr_f"": 0.326885100095, ""learning_rate"": 0.000332393565, ""new_fc_1"": 4, ""new_fc_10"": 15, ""new_fc_2"": 2, ""new_fc_3"": 3, ""new_fc_4"": 20, ""new_fc_5"": 8, ""new_fc_6"": 1, ""new_fc_7"": 19, ""new_fc_8"": 12, ""new_fc_9"": 3, ""num_neurons"": 16, ""optimizer"": ""Adagrad"", ""reg_l2"": true, ""skip_connection"": true, ""unit_c1"": 1, ""unit_c2"": 7}"
64,19,flops,,,0.03968973333333333,5953460.0,295106.0,,8165.8704,"{""activation"": ""relu"", ""batch_size"": 32, ""data_augmentation"": true, ""dr_f"": 0.063133996617, ""learning_rate"": 0.00032254091, ""new_fc_1"": 17, ""new_fc_10"": 9, ""new_fc_2"": 24, ""new_fc_3"": 0, ""new_fc_4"": 15, ""new_fc_5"": 11, ""new_fc_6"": 4, ""new_fc_7"": 23, ""new_fc_8"": 0, ""new_fc_9"": 4, ""num_neurons"": 8, ""optimizer"": ""Adagrad"", ""reg_l2"": true, ""skip_connection"": true, ""unit_c1"": 1, ""unit_c2"": 3}"
65,19,flops,,,0.796386,119457900.0,1327194.0,,8166.9842,"{""activation"": ""selu"", ""batch_size"": 64, ""data_augmentation"": true, ""dr_f"": 0.492422159001, ""learning_rate"": 0.000178128725, ""new_fc_1"": 10, ""new_fc_10"": 9, ""new_fc_2"": 15, ""new_fc_3"": 5, ""new_fc_4"": 3, ""new_fc_5"": 24, ""new_fc_6"": 25, ""new_fc_7"": 25, ""new_fc_8"": 13, ""new_fc_9"": 14, ""num_neurons"": 16, ""optimizer"": ""Adagrad"", ""reg_l2"": false, ""skip_connection"": false, ""unit_c1"": 4, ""unit_c2"": 4}"
66,19,flops,,,0.05597096,8395644.0,193626.0,,8167.6433,"{""activation"": ""relu"", ""batch_size"": 16, ""data_augmentation"": false, ""dr_f"": 0.136529266823, ""learning_rate"": 0.000215883912, ""new_fc_1"": 26, ""new_fc_10"": 10, ""new_fc_2"": 27, ""new_fc_3"": 16, ""new_fc_4"": 25, ""new_fc_5"": 25, ""new_fc_6"": 29, ""new_fc_7"": 31, ""new_fc_8"": 24, ""new_fc_9"": 11, ""num_neurons"": 4, ""optimizer"": ""Adagrad"", ""reg_l2"": false, ""skip_connection"": false, ""unit_c1"": 4, ""unit_c2"": 4}"
67,20,accuracy,0.8999999985098839,0.10000000149011612,0.5777314933333333,86659724.0,667962.0,-0.1966805530430813,8492.6561,"{""activation"": ""swish"", ""batch_size"": 16, ""data_augmentation"": false, ""dr_f"": 0.408049908672, ""learning_rate"": 0.000855469844, ""new_fc_1"": 11, ""new_fc_10"": 21, ""new_fc_2"": 2, ""new_fc_3"": 28, ""new_fc_4"": 31, ""new_fc_5"": 16, ""new_fc_6"": 1, ""new_fc_7"": 10, ""new_fc_8"": 18, ""new_fc_9"": 1, ""num_neurons"": 16, ""optimizer"": ""Adam"", ""reg_l2"": true, ""skip_connection"": false, ""unit_c1"": 4, ""unit_c2"": 1}"
68,21,accuracy,0.7978000044822693,0.2021999955177307,0.01056488,1584732.0,83502.0,-0.43837053286241145,8997.0321,"{""activation"": ""elu"", ""batch_size"": 32, ""data_augmentation"": true, ""dr_f"": 0.420511279424, ""learning_rate"": 0.000499602385, ""new_fc_1"": 15, ""new_fc_10"": 17, ""new_fc_2"": 9, ""new_fc_3"": 12, ""new_fc_4"": 23, ""new_fc_5"": 7, ""new_fc_6"": 12, ""new_fc_7"": 29, ""new_fc_8"": 19, ""new_fc_9"": 13, ""num_neurons"": 4, ""optimizer"": ""Adagrad"", ""reg_l2"": false, ""skip_connection"": false, ""unit_c1"": 1, ""unit_c2"": 3}"
69,21,flops,,,0.09045597333333333,13568396.0,191218.0,,8998.1092,"{""activation"": ""elu"", ""batch_size"": 64, ""data_augmentation"": true, ""dr_f"": 0.105416432936, ""learning_rate"": 0.000107278128, ""new_fc_1"": 0, ""new_fc_10"": 31, ""new_fc_2"": 9, ""new_fc_3"": 5, ""new_fc_4"": 3, ""new_fc_5"": 18, ""new_fc_6"": 10, ""new_fc_7"": 19, ""new_fc_8"": 22, ""new_fc_9"": 25, ""num_neurons"": 8, ""optimizer"": ""Adamax"", ""reg_l2"": false, ""skip_connection"": false, ""unit_c1"": 3, ""unit_c2"": 1}"
70,21,flops,,,0.05428608,8142912.0,299526.0,,8998.8653,"{""activation"": ""relu"", ""batch_size"": 8, ""data_augmentation"": false, ""dr_f"": 0.337522997181, ""learning_rate"": 0.000963176872, ""new_fc_1"": 29, ""new_fc_10"": 28, ""new_fc_2"": 23, ""new_fc_3"": 25, ""new_fc_4"": 11, ""new_fc_5"": 12, ""new_fc_6"": 27, ""new_fc_7"": 4, ""new_fc_8"": 28, ""new_fc_9"": 14, ""num_neurons"": 4, ""optimizer"": ""Adamax"", ""reg_l2"": true, ""skip_connection"": false, ""unit_c1"": 2, ""unit_c2"": 8}"
71,21,flops,,,0.05952349333333333,8928524.0,350058.0,,8999.6697,"{""activation"": ""swish"", ""batch_size"": 64, ""data_augmentation"": true, ""dr_f"": 0.172436744662, ""learning_rate"": 0.000811476887, ""new_fc_1"": 1, ""new_fc_10"": 30, ""new_fc_2"": 14, ""new_fc_3"": 25, ""new_fc_4"": 3, ""new_fc_5"": 6, ""new_fc_6"": 20, ""new_fc_7"": 13, ""new_fc_8"": 20, ""new_fc_9"": 3, ""num_neurons"": 16, ""optimizer"": ""Adam"", ""reg_l2"": false, ""skip_connection"": true, ""unit_c1"": 1, ""unit_c2"": 1}"
72,21,flops,,,0.13720472,20580708.0,163002.0,,9000.3858,"{""activation"": ""selu"", ""batch_size"": 64, ""data_augmentation"": true, ""dr_f"": 0.342216312202, ""learning_rate"": 0.000246200499, ""new_fc_1"": 4, ""new_fc_10"": 27, ""new_fc_2"": 26, ""new_fc_3"": 23, ""new_fc_4"": 3, ""new_fc_5"": 0, ""new_fc_6"": 29, ""new_fc_7"": 4, ""new_fc_8"": 5, ""new_fc_9"": 0, ""num_neurons"": 8, ""optimizer"": ""SGD"", ""reg_l2"": false, ""skip_connection"": false, ""unit_c1"": 3, ""unit_c2"": 4}"
73,21,flops,,,0.07692669333333334,11539004.0,525746.0,,9001.1304,"{""activation"": ""selu"", ""batch_size"": 8, ""data_augmentation"": true, ""dr_f"": 0.1562936243, ""learning_rate"": 0.000188322134, ""new_fc_1"": 22, ""new_fc_10"": 9, ""new_fc_2"": 5, ""new_fc_3"": 12, ""new_fc_4"": 15, ""new_fc_5"": 14, ""new_fc_6"": 7, ""new_fc_7"": 17, ""new_fc_8"": 2, ""new_fc_9"": 5, ""num_neurons"": 8, ""optimizer"": ""SGD"", ""reg_l2"": true, ""skip_connection"": false, ""unit_c1"": 1, ""unit_c2"": 5}"
74,22,accuracy,0.8949000015854836,0.10509999841451645,0.05793512,8690268.0,299034.0,-0.3561894628901615,9145.4616,"{""activation"": ""swish"", ""batch_size"": 64, ""data_augmentation"": true, ""dr_f"": 0.429104397379, ""learning_rate"": 0.000456169216, ""new_fc_1"": 26, ""new_fc_10"": 16, ""new_fc_2"": 2, ""new_fc_3"": 11, ""new_fc_4"": 3, ""new_fc_5"": 3, ""new_fc_6"": 9, ""new_fc_7"": 25, ""new_fc_8"": 19, ""new_fc_9"": 10, ""num_neurons"": 8, ""optimizer"": ""SGD"", ""reg_l2"": true, ""skip_connection"": false, ""unit_c1"": 2, ""unit_c2"": 2}"
75,22,flops,,,3.3027481333333335,495412220.0,15522442.0,,9147.1388,"{""activation"": ""selu"", ""batch_size"": 64, ""data_augmentation"": true, ""dr_f"": 0.401151712699, ""learning_rate"": 0.000676857591, ""new_fc_1"": 20, ""new_fc_10"": 26, ""new_fc_2"": 28, ""new_fc_3"": 27, ""new_fc_4"": 28, ""new_fc_5"": 9, ""new_fc_6"": 9, ""new_fc_7"": 24, ""new_fc_8"": 26, ""new_fc_9"": 17, ""num_neurons"": 32, ""optimizer"": ""Adagrad"", ""reg_l2"": false, ""skip_connection"": true, ""unit_c1"": 2, ""unit_c2"": 8}"
76,22,flops,,,0.22078941333333332,33118412.0,1267610.0,,9147.8898,"{""activation"": ""swish"", ""batch_size"": 8, ""data_augmentation"": false, ""dr_f"": 0.080804247701, ""learning_rate"": 0.000408399523, ""new_fc_1"": 19, ""new_fc_10"": 8, ""new_fc_2"": 11, ""new_fc_3"": 19, ""new_fc_4"": 18, ""new_fc_5"": 18, ""new_fc_6"": 23, ""new_fc_7"": 14, ""new_fc_8"": 11, ""new_fc_9"": 22, ""num_neurons"": 16, ""optimizer"": ""SGD"", ""reg_l2"": false, ""skip_connection"": true, ""unit_c1"": 2, ""unit_c2"": 2}"
77,22,flops,,,14.44754216,2167131324.0,57540234.0,,9151.0732,"{""activation"": ""relu"", ""batch_size"": 32, ""data_augmentation"": true, ""dr_f"": 0.442375622152, ""learning_rate"": 0.000824002509, ""new_fc_1"": 21, ""new_fc_10"": 24, ""new_fc_2"": 28, ""new_fc_3"": 24, ""new_fc_4"": 18, ""new_fc_5"": 19, ""new_fc_6"": 25, ""new_fc_7"": 26, ""new_fc_8"": 20, ""new_fc_9"": 5, ""num_neurons"": 64, ""optimizer"": ""Adadelta"", ""reg_l2"": false, ""skip_connection"": true, ""unit_c1"": 3, ""unit_c2"": 7}"
78,22,flops,,,0.0132336,1985040.0,58646.0,,9151.7338,"{""activation"": ""elu"", ""batch_size"": 64, ""data_augmentation"": false, ""dr_f"": 0.214037052489, ""learning_rate"": 0.000342903685, ""new_fc_1"": 18, ""new_fc_10"": 15, ""new_fc_2"": 18, ""new_fc_3"": 17, ""new_fc_4"": 23, ""new_fc_5"": 17, ""new_fc_6"": 22, ""new_fc_7"": 13, ""new_fc_8"": 15, ""new_fc_9"": 3, ""num_neurons"": 4, ""optimizer"": ""Adagrad"", ""reg_l2"": false, ""skip_connection"": false, ""unit_c1"": 2, ""unit_c2"": 1}"
79,22,flops,,,0.4650761333333333,69761420.0,1676170.0,,9152.5738,"{""activation"": ""selu"", ""batch_size"": 8, ""data_augmentation"": false, ""dr_f"": 0.413078553201, ""learning_rate"": 0.000892485397, ""new_fc_1"": 15, ""new_fc_10"": 25, ""new_fc_2"": 23, ""new_fc_3"": 9, ""new_fc_4"": 19, ""new_fc_5"": 9, ""new_fc_6"": 15, ""new_fc_7"": 27, ""new_fc_8"": 31, ""new_fc_9"": 20, ""num_neurons"": 16, ""optimizer"": ""SGD"", ""reg_l2"": true, ""skip_connection"": false, ""unit_c1"": 3, ""unit_c2"": 3}"
80,23,accuracy,0.8792999982833862,0.12070000171661377,0.060369066666666665,9055360.0,271194.0,-0.36637928120162966,9297.1683,"{""activation"": ""relu"", ""batch_size"": 64, ""data_augmentation"": false, ""dr_f"": 0.108900109595, ""learning_rate"": 0.000350210773, ""new_fc_1"": 31, ""new_fc_10"": 3, ""new_fc_2"": 31, ""new_fc_3"": 11, ""new_fc_4"": 11, ""new_fc_5"": 15, ""new_fc_6"": 26, ""new_fc_7"": 9, ""new_fc_8"": 2, ""new_fc_9"": 10, ""num_neurons"": 4, ""optimizer"": ""Adagrad"", ""reg_l2"": true, ""skip_connection"": false, ""unit_c1"": 3, ""unit_c2"": 7}"
81,23,flops,,,0.17390962666666668,26086444.0,838554.0,,9297.9317,"{""activation"": ""swish"", ""batch_size"": 8, ""data_augmentation"": false, ""dr_f"": 0.394801614647, ""learning_rate"": 0.000796266587, ""new_fc_1"": 13, ""new_fc_10"": 28, ""new_fc_2"": 31, ""new_fc_3"": 2, ""new_fc_4"": 12, ""new_fc_5"": 21, ""new_fc_6"": 2, ""new_fc_7"": 7, ""new_fc_8"": 18, ""new_fc_9"": 31, ""num_neurons"": 16, ""optimizer"": ""SGD"", ""reg_l2"": true, ""skip_connection"": false, ""unit_c1"": 2, ""unit_c2"": 1}"
82,23,flops,,,0.22059965333333334,33089948.0,1473450.0,,9298.6748,"{""activation"": ""elu"", ""batch_size"": 16, ""data_augmentation"": true, ""dr_f"": 0.374071007104, ""learning_rate"": 0.000205275442, ""new_fc_1"": 8, ""new_fc_10"": 25, ""new_fc_2"": 31, ""new_fc_3"": 20, ""new_fc_4"": 18, ""new_fc_5"": 28, ""new_fc_6"": 30, ""new_fc_7"": 16, ""new_fc_8"": 32, ""new_fc_9"": 18, ""num_neurons"": 16, ""optimizer"": ""Adamax"", ""reg_l2"": true, ""skip_connection"": false, ""unit_c1"": 2, ""unit_c2"": 2}"
83,24,accuracy,0.4635000228881836,0.5364999771118164,0.43319528,64979292.0,731866.0,-0.5455913999782714,11483.3496,"{""activation"": ""selu"", ""batch_size"": 8, ""data_augmentation"": false, ""dr_f"": 0.483918320052, ""learning_rate"": 0.000259444485, ""new_fc_1"": 2, ""new_fc_10"": 15, ""new_fc_2"": 14, ""new_fc_3"": 13, ""new_fc_4"": 11, ""new_fc_5"": 27, ""new_fc_6"": 20, ""new_fc_7"": 21, ""new_fc_8"": 5, ""new_fc_9"": 6, ""num_neurons"": 16, ""optimizer"": ""Adamax"", ""reg_l2"": false, ""skip_connection"": true, ""unit_c1"": 2, ""unit_c2"": 5}"
84,25,accuracy,0.8910999968647957,0.10890000313520432,0.03664333333333333,5496500.0,154234.0,-0.36523700219464295,11627.2522,"{""activation"": ""relu"", ""batch_size"": 64, ""data_augmentation"": false, ""dr_f"": 0.325080381266, ""learning_rate"": 0.000257222362, ""new_fc_1"": 20, ""new_fc_10"": 0, ""new_fc_2"": 31, ""new_fc_3"": 17, ""new_fc_4"": 1, ""new_fc_5"": 2, ""new_fc_6"": 13, ""new_fc_7"": 7, ""new_fc_8"": 7, ""new_fc_9"": 12, ""num_neurons"": 4, ""optimizer"": ""Adagrad"", ""reg_l2"": false, ""skip_connection"": false, ""unit_c1"": 2, ""unit_c2"": 6}"
85,25,flops,,,0.38777074666666667,58165612.0,1066314.0,,1.183,"{""activation"": ""selu"", ""batch_size"": 16, ""data_augmentation"": false, ""dr_f"": 0.129892755671, ""learning_rate"": 0.000310341325, ""new_fc_1"": 4, ""new_fc_10"": 29, ""new_fc_2"": 23, ""new_fc_3"": 30, ""new_fc_4"": 21, ""new_fc_5"": 19, ""new_fc_6"": 14, ""new_fc_7"": 0, ""new_fc_8"": 0, ""new_fc_9"": 3, ""num_neurons"": 16, ""optimizer"": ""Adadelta"", ""reg_l2"": true, ""skip_connection"": true, ""unit_c1"": 1, ""unit_c2"": 6}"
86,25,flops,,,0.19529944,29294916.0,695306.0,,2.033,"{""activation"": ""relu"", ""batch_size"": 64, ""data_augmentation"": false, ""dr_f"": 0.277132616145, ""learning_rate"": 0.000641426701, ""new_fc_1"": 21, ""new_fc_10"": 2, ""new_fc_2"": 6, ""new_fc_3"": 26, ""new_fc_4"": 26, ""new_fc_5"": 25, ""new_fc_6"": 5, ""new_fc_7"": 31, ""new_fc_8"": 5, ""new_fc_9"": 22, ""num_neurons"": 8, ""optimizer"": ""Adadelta"", ""reg_l2"": false, ""skip_connection"": false, ""unit_c1"": 3, ""unit_c2"": 6}"
87,25,flops,,,0.19085645333333334,28628468.0,527322.0,,2.8029,"{""activation"": ""selu"", ""batch_size"": 8, ""data_augmentation"": true, ""dr_f"": 0.207460278008, ""learning_rate"": 0.000356524886, ""new_fc_1"": 30, ""new_fc_10"": 5, ""new_fc_2"": 32, ""new_fc_3"": 11, ""new_fc_4"": 4, ""new_fc_5"": 14, ""new_fc_6"": 7, ""new_fc_7"": 19, ""new_fc_8"": 12, ""new_fc_9"": 13, ""num_neurons"": 8, ""optimizer"": ""Adadelta"", ""reg_l2"": false, ""skip_connection"": true, ""unit_c1"": 4, ""unit_c2"": 3}"
88,25,flops,,,0.5334732533333333,80020988.0,4244602.0,,3.6401,"{""activation"": ""selu"", ""batch_size"": 64, ""data_augmentation"": true, ""dr_f"": 0.236384995345, ""learning_rate"": 0.000445499142, ""new_fc_1"": 29, ""new_fc_10"": 24, ""new_fc_2"": 29, ""new_fc_3"": 0, ""new_fc_4"": 32, ""new_fc_5"": 3, ""new_fc_6"": 29, ""new_fc_7"": 6, ""new_fc_8"": 14, ""new_fc_9"": 22, ""num_neurons"": 16, ""optimizer"": ""Adagrad"", ""reg_l2"": true, ""skip_connection"": false, ""unit_c1"": 1, ""unit_c2"": 7}"
89,26,accuracy,0.35680001974105835,0.6431999802589417,0.22144434666666668,33216652.0,1401306.0,-0.6838066821812591,1348.9938,"{""activation"": ""selu"", ""batch_size"": 16, ""data_augmentation"": false, ""dr_f"": 0.38821855953, ""learning_rate"": 0.000923106152, ""new_fc_1"": 23, ""new_fc_10"": 19, ""new_fc_2"": 5, ""new_fc_3"": 17, ""new_fc_4"": 27, ""new_fc_5"": 23, ""new_fc_6"": 13, ""new_fc_7"": 17, ""new_fc_8"": 8, ""new_fc_9"": 17, ""num_neurons"": 16, ""optimizer"": ""Adamax"", ""reg_l2"": true, ""skip_connection"": true, ""unit_c1"": 2, ""unit_c2"": 2}"
90,26,flops,,,0.13615026666666666,20422540.0,261130.0,,1349.815,"{""activation"": ""swish"", ""batch_size"": 64, ""data_augmentation"": true, ""dr_f"": 0.089440679397, ""learning_rate"": 0.000961793191, ""new_fc_1"": 2, ""new_fc_10"": 22, ""new_fc_2"": 31, ""new_fc_3"": 18, ""new_fc_4"": 15, ""new_fc_5"": 27, ""new_fc_6"": 15, ""new_fc_7"": 4, ""new_fc_8"": 31, ""new_fc_9"": 17, ""num_neurons"": 8, ""optimizer"": ""Adagrad"", ""reg_l2"": true, ""skip_connection"": false, ""unit_c1"": 2, ""unit_c2"": 6}"
91,27,accuracy,0.4545000195503235,0.5454999804496765,0.4198249333333333,62973740.0,533242.0,-0.5559025063147736,2574.3333,"{""activation"": ""selu"", ""batch_size"": 16, ""data_augmentation"": false, ""dr_f"": 0.165484657198, ""learning_rate"": 0.000951264932, ""new_fc_1"": 2, ""new_fc_10"": 2, ""new_fc_2"": 22, ""new_fc_3"": 2, ""new_fc_4"": 32, ""new_fc_5"": 18, ""new_fc_6"": 5, ""new_fc_7"": 20, ""new_fc_8"": 2, ""new_fc_9"": 30, ""num_neurons"": 16, ""optimizer"": ""Adadelta"", ""reg_l2"": false, ""skip_connection"": false, ""unit_c1"": 2, ""unit_c2"": 5}"
92,28,accuracy,0.587799996137619,0.412200003862381,0.09478728,14218092.0,749258.0,-0.5601038187036667,3379.7126,"{""activation"": ""elu"", ""batch_size"": 8, ""data_augmentation"": false, ""dr_f"": 0.320190840651, ""learning_rate"": 0.000902448829, ""new_fc_1"": 7, ""new_fc_10"": 4, ""new_fc_2"": 11, ""new_fc_3"": 26, ""new_fc_4"": 22, ""new_fc_5"": 25, ""new_fc_6"": 9, ""new_fc_7"": 7, ""new_fc_8"": 6, ""new_fc_9"": 14, ""num_neurons"": 16, ""optimizer"": ""Adam"", ""reg_l2"": false, ""skip_connection"": false, ""unit_c1"": 1, ""unit_c2"": 2}"
93,29,accuracy,0.5340000092983246,0.4659999907016754,0.06735090666666667,10102636.0,980458.0,-0.6059947214911727,4544.5254,"{""activation"": ""selu"", ""batch_size"": 16, ""data_augmentation"": false, ""dr_f"": 0.191299272268, ""learning_rate"": 0.000635742301, ""new_fc_1"": 30, ""new_fc_10"": 4, ""new_fc_2"": 3, ""new_fc_3"": 26, ""new_fc_4"": 21, ""new_fc_5"": 29, ""new_fc_6"": 3, ""new_fc_7"": 10, ""new_fc_8"": 8, ""new_fc_9"": 29, ""num_neurons"": 16, ""optimizer"": ""Adadelta"", ""reg_l2"": false, ""skip_connection"": true, ""unit_c1"": 1, ""unit_c2"": 1}"
94,30,accuracy,0.46160000562667847,0.5383999943733215,0.007768026666666666,1165204.0,69022.0,-0.674549588061325,5709.5149,"{""activation"": ""elu"", ""batch_size"": 16, ""data_augmentation"": false, ""dr_f"": 0.304042103678, ""learning_rate"": 0.000595147786, ""new_fc_1"": 18, ""new_fc_10"": 16, ""new_fc_2"": 5, ""new_fc_3"": 19, ""new_fc_4"": 12, ""new_fc_5"": 5, ""new_fc_6"": 25, ""new_fc_7"": 1, ""new_fc_8"": 32, ""new_fc_9"": 25, ""num_neurons"": 4, ""optimizer"": ""Adam"", ""reg_l2"": false, ""skip_connection"": true, ""unit_c1"": 1, ""unit_c2"": 2}"
95,31,accuracy,0.6559999883174896,0.3440000116825104,0.0074910666666666665,1123660.0,48190.0,-0.5385526881777573,6933.8424,"{""activation"": ""elu"", ""batch_size"": 8, ""data_augmentation"": false, ""dr_f"": 0.405809034274, ""learning_rate"": 0.000858569887, ""new_fc_1"": 7, ""new_fc_10"": 1, ""new_fc_2"": 14, ""new_fc_3"": 14, ""new_fc_4"": 0, ""new_fc_5"": 13, ""new_fc_6"": 32, ""new_fc_7"": 22, ""new_fc_8"": 11, ""new_fc_9"": 14, ""num_neurons"": 4, ""optimizer"": ""Adam"", ""reg_l2"": false, ""skip_connection"": true, ""unit_c1"": 1, ""unit_c2"": 2}"
96,31,flops,,,5.969722,895458300.0,8209674.0,,6935.2349,"{""activation"": ""swish"", ""batch_size"": 8, ""data_augmentation"": true, ""dr_f"": 0.161834294348, ""learning_rate"": 0.000285523071, ""new_fc_1"": 0, ""new_fc_10"": 6, ""new_fc_2"": 2, ""new_fc_3"": 20, ""new_fc_4"": 10, ""new_fc_5"": 23, ""new_fc_6"": 1, ""new_fc_7"": 16, ""new_fc_8"": 23, ""new_fc_9"": 24, ""num_neurons"": 64, ""optimizer"": ""Adam"", ""reg_l2"": false, ""skip_connection"": false, ""unit_c1"": 3, ""unit_c2"": 2}"
97,32,accuracy,0.44349998235702515,0.5565000176429749,0.14078248,21117372.0,667322.0,-0.6473152683500824,7920.3728,"{""activation"": ""selu"", ""batch_size"": 16, ""data_augmentation"": false, ""dr_f"": 0.279227811997, ""learning_rate"": 0.000839868272, ""new_fc_1"": 11, ""new_fc_10"": 8, ""new_fc_2"": 2, ""new_fc_3"": 0, ""new_fc_4"": 17, ""new_fc_5"": 3, ""new_fc_6"": 32, ""new_fc_7"": 3, ""new_fc_8"": 10, ""new_fc_9"": 2, ""num_neurons"": 16, ""optimizer"": ""Adamax"", ""reg_l2"": true, ""skip_connection"": false, ""unit_c1"": 1, ""unit_c2"": 3}"
98,33,accuracy,0.6942000091075897,0.3057999908924103,0.0132336,1985040.0,58646.0,-0.5100899136246873,8245.1477,"{""activation"": ""elu"", ""batch_size"": 64, ""data_augmentation"": false, ""dr_f"": 0.214037052489, ""learning_rate"": 0.000342903685, ""new_fc_1"": 18, ""new_fc_10"": 15, ""new_fc_2"": 18, ""new_fc_3"": 17, ""new_fc_4"": 23, ""new_fc_5"": 17, ""new_fc_6"": 22, ""new_fc_7"": 13, ""new_fc_8"": 15, ""new_fc_9"": 3, ""num_neurons"": 4, ""optimizer"": ""Adagrad"", ""reg_l2"": false, ""skip_connection"": false, ""unit_c1"": 2, ""unit_c2"": 1}"
99,33,flops,,,0.0077137333333333336,1157060.0,78598.0,,8245.9834,"{""activation"": ""swish"", ""batch_size"": 8, ""data_augmentation"": true, ""dr_f"": 0.154292933434, ""learning_rate"": 0.000243365522, ""new_fc_1"": 21, ""new_fc_10"": 28, ""new_fc_2"": 16, ""new_fc_3"": 23, ""new_fc_4"": 1, ""new_fc_5"": 15, ""new_fc_6"": 7, ""new_fc_7"": 0, ""new_fc_8"": 30, ""new_fc_9"": 17, ""num_neurons"": 4, ""optimizer"": ""Adadelta"", ""reg_l2"": false, ""skip_connection"": false, ""unit_c1"": 1, ""unit_c2"": 2}"
100,33,flops,,,0.52953864,79430796.0,1118074.0,,8246.7192,"{""activation"": ""relu"", ""batch_size"": 8, ""data_augmentation"": false, ""dr_f"": 0.488873939667, ""learning_rate"": 0.000966444714, ""new_fc_1"": 4, ""new_fc_10"": 18, ""new_fc_2"": 16, ""new_fc_3"": 22, ""new_fc_4"": 13, ""new_fc_5"": 26, ""new_fc_6"": 25, ""new_fc_7"": 4, ""new_fc_8"": 13, ""new_fc_9"": 16, ""num_neurons"": 16, ""optimizer"": ""Adam"", ""reg_l2"": false, ""skip_connection"": false, ""unit_c1"": 2, ""unit_c2"": 6}"
101,33,flops,,,0.06599293333333334,9898940.0,878554.0,,8247.5068,"{""activation"": ""relu"", ""batch_size"": 64, ""data_augmentation"": true, ""dr_f"": 0.335985452738, ""learning_rate"": 0.000629309727, ""new_fc_1"": 20, ""new_fc_10"": 3, ""new_fc_2"": 31, ""new_fc_3"": 1, ""new_fc_4"": 17, ""new_fc_5"": 4, ""new_fc_6"": 7, ""new_fc_7"": 32, ""new_fc_8"": 20, ""new_fc_9"": 21, ""num_neurons"": 16, ""optimizer"": ""SGD"", ""reg_l2"": false, ""skip_connection"": true, ""unit_c1"": 1, ""unit_c2"": 1}"
102,33,flops,,,0.19061922666666667,28592884.0,509626.0,,8248.2475,"{""activation"": ""relu"", ""batch_size"": 64, ""data_augmentation"": false, ""dr_f"": 0.161603051305, ""learning_rate"": 0.000200850676, ""new_fc_1"": 25, ""new_fc_10"": 3, ""new_fc_2"": 23, ""new_fc_3"": 24, ""new_fc_4"": 23, ""new_fc_5"": 10, ""new_fc_6"": 31, ""new_fc_7"": 10, ""new_fc_8"": 20, ""new_fc_9"": 2, ""num_neurons"": 8, ""optimizer"": ""Adamax"", ""reg_l2"": false, ""skip_connection"": true, ""unit_c1"": 4, ""unit_c2"": 3}"
103,34,accuracy,0.9006000012159348,0.09939999878406525,0.04329213333333334,6493820.0,270022.0,-0.35659235914884563,8392.5895,"{""activation"": ""relu"", ""batch_size"": 64, ""data_augmentation"": false, ""dr_f"": 0.318060458179, ""learning_rate"": 0.000995020926, ""new_fc_1"": 28, ""new_fc_10"": 9, ""new_fc_2"": 9, ""new_fc_3"": 15, ""new_fc_4"": 20, ""new_fc_5"": 16, ""new_fc_6"": 9, ""new_fc_7"": 5, ""new_fc_8"": 16, ""new_fc_9"": 21, ""num_neurons"": 4, ""optimizer"": ""Adagrad"", ""reg_l2"": true, ""skip_connection"": true, ""unit_c1"": 1, ""unit_c2"": 8}"
104,35,accuracy,0.5424000024795532,0.4575999975204468,0.21584018666666666,32376028.0,1247898.0,-0.5555679422643127,9677.1927,"{""activation"": ""selu"", ""batch_size"": 16, ""data_augmentation"": false, ""dr_f"": 0.259889976013, ""learning_rate"": 0.000865191586, ""new_fc_1"": 12, ""new_fc_10"": 19, ""new_fc_2"": 28, ""new_fc_3"": 2, ""new_fc_4"": 2, ""new_fc_5"": 23, ""new_fc_6"": 18, ""new_fc_7"": 26, ""new_fc_8"": 2, ""new_fc_9"": 10, ""num_neurons"": 16, ""optimizer"": ""Adadelta"", ""reg_l2"": false, ""skip_connection"": true, ""unit_c1"": 1, ""unit_c2"": 4}"
105,35,flops,,,0.11764210666666666,17646316.0,167666.0,,9678.2247,"{""activation"": ""selu"", ""batch_size"": 32, ""data_augmentation"": false, ""dr_f"": 0.418369862352, ""learning_rate"": 0.000263754382, ""new_fc_1"": 4, ""new_fc_10"": 3, ""new_fc_2"": 1, ""new_fc_3"": 31, ""new_fc_4"": 16, ""new_fc_5"": 25, ""new_fc_6"": 14, ""new_fc_7"": 7, ""new_fc_8"": 8, ""new_fc_9"": 13, ""num_neurons"": 8, ""optimizer"": ""Adam"", ""reg_l2"": true, ""skip_connection"": false, ""unit_c1"": 3, ""unit_c2"": 3}"
106,35,flops,,,0.01968536,2952804.0,38422.0,,9678.9974,"{""activation"": ""selu"", ""batch_size"": 64, ""data_augmentation"": true, ""dr_f"": 0.259486340946, ""learning_rate"": 0.000430379851, ""new_fc_1"": 7, ""new_fc_10"": 0, ""new_fc_2"": 24, ""new_fc_3"": 9, ""new_fc_4"": 9, ""new_fc_5"": 5, ""new_fc_6"": 0, ""new_fc_7"": 26, ""new_fc_8"": 5, ""new_fc_9"": 9, ""num_neurons"": 4, ""optimizer"": ""Adamax"", ""reg_l2"": true, ""skip_connection"": true, ""unit_c1"": 2, ""unit_c2"": 3}"
107,36,accuracy,0.8769999966025352,0.12300000339746475,0.0077137333333333336,1157060.0,78598.0,-0.3837858823782253,10423.5603,"{""activation"": ""swish"", ""batch_size"": 8, ""data_augmentation"": true, ""dr_f"": 0.154292933434, ""learning_rate"": 0.000243365522, ""new_fc_1"": 21, ""new_fc_10"": 28, ""new_fc_2"": 16, ""new_fc_3"": 23, ""new_fc_4"": 1, ""new_fc_5"": 15, ""new_fc_6"": 7, ""new_fc_7"": 0, ""new_fc_8"": 30, ""new_fc_9"": 17, ""num_neurons"": 4, ""optimizer"": ""Adadelta"", ""reg_l2"": false, ""skip_connection"": false, ""unit_c1"": 1, ""unit_c2"": 2}"
108,36,flops,,,0.03918864,5878296.0,93978.0,,10424.4425,"{""activation"": ""swish"", ""batch_size"": 64, ""data_augmentation"": true, ""dr_f"": 0.428626153738, ""learning_rate"": 0.000392932081, ""new_fc_1"": 16, ""new_fc_10"": 26, ""new_fc_2"": 1, ""new_fc_3"": 30, ""new_fc_4"": 14, ""new_fc_5"": 19, ""new_fc_6"": 3, ""new_fc_7"": 4, ""new_fc_8"": 29, ""new_fc_9"": 7, ""num_neurons"": 4, ""optimizer"": ""Adagrad"", ""reg_l2"": true, ""skip_connection"": true, ""unit_c1"": 3, ""unit_c2"": 4}"
109,36,flops,,,0.018793893333333332,2819084.0,235346.0,,10425.2653,"{""activation"": ""swish"", ""batch_size"": 64, ""data_augmentation"": true, ""dr_f"": 0.254459301199, ""learning_rate"": 0.000912122785, ""new_fc_1"": 17, ""new_fc_10"": 12, ""new_fc_2"": 16, ""new_fc_3"": 13, ""new_fc_4"": 11, ""new_fc_5"": 27, ""new_fc_6"": 0, ""new_fc_7"": 18, ""new_fc_8"": 31, ""new_fc_9"": 13, ""num_neurons"": 8, ""optimizer"": ""Adagrad"", ""reg_l2"": true, ""skip_connection"": true, ""unit_c1"": 1, ""unit_c2"": 1}"
110,36,flops,,,7.782019386666667,1167302908.0,17489034.0,,10426.8732,"{""activation"": ""elu"", ""batch_size"": 8, ""data_augmentation"": false, ""dr_f"": 0.419509549576, ""learning_rate"": 0.000496300653, ""new_fc_1"": 3, ""new_fc_10"": 0, ""new_fc_2"": 8, ""new_fc_3"": 18, ""new_fc_4"": 18, ""new_fc_5"": 30, ""new_fc_6"": 18, ""new_fc_7"": 21, ""new_fc_8"": 17, ""new_fc_9"": 6, ""num_neurons"": 64, ""optimizer"": ""Adamax"", ""reg_l2"": true, ""skip_connection"": false, ""unit_c1"": 1, ""unit_c2"": 7}"
111,36,flops,,,2.7738561866666664,416078428.0,4073642.0,,10427.7788,"{""activation"": ""selu"", ""batch_size"": 64, ""data_augmentation"": true, ""dr_f"": 0.096207714065, ""learning_rate"": 0.000493793953, ""new_fc_1"": 7, ""new_fc_10"": 23, ""new_fc_2"": 0, ""new_fc_3"": 6, ""new_fc_4"": 6, ""new_fc_5"": 6, ""new_fc_6"": 3, ""new_fc_7"": 28, ""new_fc_8"": 23, ""new_fc_9"": 31, ""num_neurons"": 32, ""optimizer"": ""Adagrad"", ""reg_l2"": true, ""skip_connection"": false, ""unit_c1"": 4, ""unit_c2"": 3}"
112,37,accuracy,0.8924999982118607,0.10750000178813934,0.018793893333333332,2819084.0,235346.0,-0.36961183325169755,10572.6258,"{""activation"": ""swish"", ""batch_size"": 64, ""data_augmentation"": true, ""dr_f"": 0.254459301199, ""learning_rate"": 0.000912122785, ""new_fc_1"": 17, ""new_fc_10"": 12, ""new_fc_2"": 16, ""new_fc_3"": 13, ""new_fc_4"": 11, ""new_fc_5"": 27, ""new_fc_6"": 0, ""new_fc_7"": 18, ""new_fc_8"": 31, ""new_fc_9"": 13, ""num_neurons"": 8, ""optimizer"": ""Adagrad"", ""reg_l2"": true, ""skip_connection"": true, ""unit_c1"": 1, ""unit_c2"": 1}"
113,37,flops,,,5.88626728,882940092.0,52247562.0,,10575.7669,"{""activation"": ""selu"", ""batch_size"": 32, ""data_augmentation"": true, ""dr_f"": 0.174204814594, ""learning_rate"": 0.000931790727, ""new_fc_1"": 31, ""new_fc_10"": 32, ""new_fc_2"": 0, ""new_fc_3"": 15, ""new_fc_4"": 32, ""new_fc_5"": 28, ""new_fc_6"": 15, ""new_fc_7"": 25, ""new_fc_8"": 27, ""new_fc_9"": 21, ""num_neurons"": 64, ""optimizer"": ""Adam"", ""reg_l2"": true, ""skip_connection"": true, ""unit_c1"": 2, ""unit_c2"": 4}"
114,37,flops,,,0.02681864,4022796.0,149406.0,,10576.5317,"{""activation"": ""elu"", ""batch_size"": 64, ""data_augmentation"": false, ""dr_f"": 0.085569432915, ""learning_rate"": 0.000777938612, ""new_fc_1"": 16, ""new_fc_10"": 5, ""new_fc_2"": 19, ""new_fc_3"": 10, ""new_fc_4"": 18, ""new_fc_5"": 9, ""new_fc_6"": 21, ""new_fc_7"": 19, ""new_fc_8"": 31, ""new_fc_9"": 20, ""num_neurons"": 4, ""optimizer"": ""Adagrad"", ""reg_l2"": false, ""skip_connection"": true, ""unit_c1"": 1, ""unit_c2"": 6}"
115,37,flops,,,1.1164006133333333,167460092.0,7013674.0,,10577.5133,"{""activation"": ""elu"", ""batch_size"": 64, ""data_augmentation"": false, ""dr_f"": 0.492742331514, ""learning_rate"": 0.0003215797, ""new_fc_1"": 26, ""new_fc_10"": 4, ""new_fc_2"": 11, ""new_fc_3"": 12, ""new_fc_4"": 23, ""new_fc_5"": 10, ""new_fc_6"": 14, ""new_fc_7"": 32, ""new_fc_8"": 2, ""new_fc_9"": 16, ""num_neurons"": 32, ""optimizer"": ""Adamax"", ""reg_l2"": true, ""skip_connection"": true, ""unit_c1"": 2, ""unit_c2"": 3}"
116,37,flops,,,0.14945234666666668,22417852.0,984490.0,,10578.7933,"{""activation"": ""swish"", ""batch_size"": 64, ""data_augmentation"": true, ""dr_f"": 0.034156690759, ""learning_rate"": 0.000878740823, ""new_fc_1"": 4, ""new_fc_10"": 28, ""new_fc_2"": 23, ""new_fc_3"": 25, ""new_fc_4"": 13, ""new_fc_5"": 16, ""new_fc_6"": 27, ""new_fc_7"": 6, ""new_fc_8"": 22, ""new_fc_9"": 20, ""num_neurons"": 16, ""optimizer"": ""Adam"", ""reg_l2"": true, ""skip_connection"": true, ""unit_c1"": 1, ""unit_c2"": 3}"
117,37,flops,,,4.256051813333333,638407772.0,17925642.0,,10580.555,"{""activation"": ""selu"", ""batch_size"": 32, ""data_augmentation"": false, ""dr_f"": 0.267406481466, ""learning_rate"": 0.000348797336, ""new_fc_1"": 29, ""new_fc_10"": 14, ""new_fc_2"": 14, ""new_fc_3"": 0, ""new_fc_4"": 17, ""new_fc_5"": 29, ""new_fc_6"": 12, ""new_fc_7"": 6, ""new_fc_8"": 11, ""new_fc_9"": 5, ""num_neurons"": 32, ""optimizer"": ""SGD"", ""reg_l2"": true, ""skip_connection"": true, ""unit_c1"": 3, ""unit_c2"": 8}"
118,38,accuracy,0.5846000015735626,0.4153999984264374,0.01968536,2952804.0,38422.0,-0.5848743908985061,10965.291,"{""activation"": ""selu"", ""batch_size"": 64, ""data_augmentation"": true, ""dr_f"": 0.259486340946, ""learning_rate"": 0.000430379851, ""new_fc_1"": 7, ""new_fc_10"": 0, ""new_fc_2"": 24, ""new_fc_3"": 9, ""new_fc_4"": 9, ""new_fc_5"": 5, ""new_fc_6"": 0, ""new_fc_7"": 26, ""new_fc_8"": 5, ""new_fc_9"": 9, ""num_neurons"": 4, ""optimizer"": ""Adamax"", ""reg_l2"": true, ""skip_connection"": true, ""unit_c1"": 2, ""unit_c2"": 3}"
119,38,flops,,,0.5399905866666667,80998588.0,1901770.0,,10966.3809,"{""activation"": ""elu"", ""batch_size"": 32, ""data_augmentation"": false, ""dr_f"": 0.188683883817, ""learning_rate"": 0.000191170217, ""new_fc_1"": 13, ""new_fc_10"": 13, ""new_fc_2"": 2, ""new_fc_3"": 3, ""new_fc_4"": 9, ""new_fc_5"": 31, ""new_fc_6"": 24, ""new_fc_7"": 22, ""new_fc_8"": 13, ""new_fc_9"": 2, ""num_neurons"": 16, ""optimizer"": ""Adadelta"", ""reg_l2"": true, ""skip_connection"": false, ""unit_c1"": 2, ""unit_c2"": 6}"
120,38,flops,,,0.007489866666666667,1123480.0,74666.0,,10967.2608,"{""activation"": ""elu"", ""batch_size"": 8, ""data_augmentation"": true, ""dr_f"": 0.183108307281, ""learning_rate"": 0.000832590674, ""new_fc_1"": 28, ""new_fc_10"": 4, ""new_fc_2"": 4, ""new_fc_3"": 3, ""new_fc_4"": 25, ""new_fc_5"": 9, ""new_fc_6"": 1, ""new_fc_7"": 12, ""new_fc_8"": 9, ""new_fc_9"": 32, ""num_neurons"": 4, ""optimizer"": ""Adamax"", ""reg_l2"": false, ""skip_connection"": false, ""unit_c1"": 1, ""unit_c2"": 2}"
121,38,flops,,,0.21369074666666665,32053612.0,870170.0,,10968.4602,"{""activation"": ""swish"", ""batch_size"": 32, ""data_augmentation"": true, ""dr_f"": 0.140168462747, ""learning_rate"": 0.000365367181, ""new_fc_1"": 9, ""new_fc_10"": 31, ""new_fc_2"": 24, ""new_fc_3"": 11, ""new_fc_4"": 4, ""new_fc_5"": 31, ""new_fc_6"": 17, ""new_fc_7"": 20, ""new_fc_8"": 24, ""new_fc_9"": 2, ""num_neurons"": 16, ""optimizer"": ""Adagrad"", ""reg_l2"": true, ""skip_connection"": false, ""unit_c1"": 2, ""unit_c2"": 2}"
122,38,flops,,,0.33106445333333334,49659668.0,344466.0,,10969.5126,"{""activation"": ""selu"", ""batch_size"": 16, ""data_augmentation"": false, ""dr_f"": 0.168673553946, ""learning_rate"": 0.000966201802, ""new_fc_1"": 6, ""new_fc_10"": 19, ""new_fc_2"": 11, ""new_fc_3"": 32, ""new_fc_4"": 5, ""new_fc_5"": 17, ""new_fc_6"": 11, ""new_fc_7"": 13, ""new_fc_8"": 6, ""new_fc_9"": 7, ""num_neurons"": 8, ""optimizer"": ""Adamax"", ""reg_l2"": true, ""skip_connection"": false, ""unit_c1"": 4, ""unit_c2"": 8}"
123,38,flops,,,0.07723666666666666,11585500.0,588098.0,,10970.617,"{""activation"": ""selu"", ""batch_size"": 64, ""data_augmentation"": false, ""dr_f"": 0.298227089251, ""learning_rate"": 0.000661979509, ""new_fc_1"": 30, ""new_fc_10"": 12, ""new_fc_2"": 29, ""new_fc_3"": 14, ""new_fc_4"": 9, ""new_fc_5"": 27, ""new_fc_6"": 22, ""new_fc_7"": 18, ""new_fc_8"": 19, ""new_fc_9"": 0, ""num_neurons"": 8, ""optimizer"": ""Adamax"", ""reg_l2"": true, ""skip_connection"": true, ""unit_c1"": 2, ""unit_c2"": 3}"
124,39,accuracy,0.2871999740600586,0.7128000259399414,0.44623976,66935964.0,8316234.0,-0.6650880901579589,12075.6872,"{""activation"": ""selu"", ""batch_size"": 16, ""data_augmentation"": false, ""dr_f"": 0.11989937066, ""learning_rate"": 0.000684504873, ""new_fc_1"": 27, ""new_fc_10"": 16, ""new_fc_2"": 17, ""new_fc_3"": 29, ""new_fc_4"": 19, ""new_fc_5"": 30, ""new_fc_6"": 32, ""new_fc_7"": 27, ""new_fc_8"": 6, ""new_fc_9"": 24, ""num_neurons"": 32, ""optimizer"": ""SGD"", ""reg_l2"": false, ""skip_connection"": true, ""unit_c1"": 1, ""unit_c2"": 2}"
125,39,flops,,,0.9260870133333333,138913052.0,4080330.0,,12076.8745,"{""activation"": ""selu"", ""batch_size"": 8, ""data_augmentation"": false, ""dr_f"": 0.106656745621, ""learning_rate"": 0.000631479844, ""new_fc_1"": 29, ""new_fc_10"": 1, ""new_fc_2"": 26, ""new_fc_3"": 4, ""new_fc_4"": 30, ""new_fc_5"": 21, ""new_fc_6"": 22, ""new_fc_7"": 2, ""new_fc_8"": 16, ""new_fc_9"": 3, ""num_neurons"": 16, ""optimizer"": ""Adadelta"", ""reg_l2"": false, ""skip_connection"": true, ""unit_c1"": 3, ""unit_c2"": 7}"
126,40,accuracy,0.4358999729156494,0.5641000270843506,0.007489866666666667,1123480.0,74666.0,-0.6926230589590454,14021.1873,"{""activation"": ""elu"", ""batch_size"": 8, ""data_augmentation"": true, ""dr_f"": 0.183108307281, ""learning_rate"": 0.000832590674, ""new_fc_1"": 28, ""new_fc_10"": 4, ""new_fc_2"": 4, ""new_fc_3"": 3, ""new_fc_4"": 25, ""new_fc_5"": 9, ""new_fc_6"": 1, ""new_fc_7"": 12, ""new_fc_8"": 9, ""new_fc_9"": 32, ""num_neurons"": 4, ""optimizer"": ""Adamax"", ""reg_l2"": false, ""skip_connection"": false, ""unit_c1"": 1, ""unit_c2"": 2}"
127,40,flops,,,0.8285673333333333,124285100.0,3390426.0,,14022.7905,"{""activation"": ""swish"", ""batch_size"": 32, ""data_augmentation"": true, ""dr_f"": 0.491347317548, ""learning_rate"": 0.000830946618, ""new_fc_1"": 18, ""new_fc_10"": 29, ""new_fc_2"": 7, ""new_fc_3"": 7, ""new_fc_4"": 25, ""new_fc_5"": 21, ""new_fc_6"": 28, ""new_fc_7"": 3, ""new_fc_8"": 26, ""new_fc_9"": 29, ""num_neurons"": 16, ""optimizer"": ""Adagrad"", ""reg_l2"": true, ""skip_connection"": true, ""unit_c1"": 2, ""unit_c2"": 8}"
128,40,flops,,,1.6455950666666668,246839260.0,12537610.0,,14024.307,"{""activation"": ""elu"", ""batch_size"": 32, ""data_augmentation"": true, ""dr_f"": 0.456610734725, ""learning_rate"": 0.000339580191, ""new_fc_1"": 27, ""new_fc_10"": 12, ""new_fc_2"": 4, ""new_fc_3"": 13, ""new_fc_4"": 29, ""new_fc_5"": 12, ""new_fc_6"": 19, ""new_fc_7"": 0, ""new_fc_8"": 2, ""new_fc_9"": 23, ""num_neurons"": 32, ""optimizer"": ""Adam"", ""reg_l2"": false, ""skip_connection"": true, ""unit_c1"": 1, ""unit_c2"": 6}"
129,40,flops,,,8.378499386666666,1256774908.0,20080906.0,,14026.0167,"{""activation"": ""elu"", ""batch_size"": 32, ""data_augmentation"": false, ""dr_f"": 0.364833060731, ""learning_rate"": 0.000266827772, ""new_fc_1"": 0, ""new_fc_10"": 11, ""new_fc_2"": 6, ""new_fc_3"": 20, ""new_fc_4"": 31, ""new_fc_5"": 0, ""new_fc_6"": 32, ""new_fc_7"": 16, ""new_fc_8"": 21, ""new_fc_9"": 14, ""num_neurons"": 64, ""optimizer"": ""Adagrad"", ""reg_l2"": true, ""skip_connection"": false, ""unit_c1"": 3, ""unit_c2"": 4}"
130,40,flops,,,0.04496658666666667,6744988.0,105706.0,,14027.1075,"{""activation"": ""relu"", ""batch_size"": 8, ""data_augmentation"": false, ""dr_f"": 0.360409430708, ""learning_rate"": 0.000591238567, ""new_fc_1"": 19, ""new_fc_10"": 12, ""new_fc_2"": 15, ""new_fc_3"": 30, ""new_fc_4"": 16, ""new_fc_5"": 14, ""new_fc_6"": 27, ""new_fc_7"": 29, ""new_fc_8"": 28, ""new_fc_9"": 10, ""num_neurons"": 4, ""optimizer"": ""Adagrad"", ""reg_l2"": true, ""skip_connection"": false, ""unit_c1"": 4, ""unit_c2"": 2}"
131,40,flops,,,0.33698136,50547204.0,788434.0,,14027.8657,"{""activation"": ""relu"", ""batch_size"": 16, ""data_augmentation"": false, ""dr_f"": 0.16976029907, ""learning_rate"": 0.000896085571, ""new_fc_1"": 16, ""new_fc_10"": 22, ""new_fc_2"": 0, ""new_fc_3"": 27, ""new_fc_4"": 25, ""new_fc_5"": 18, ""new_fc_6"": 22, ""new_fc_7"": 31, ""new_fc_8"": 3, ""new_fc_9"": 13, ""num_neurons"": 8, ""optimizer"": ""Adam"", ""reg_l2"": false, ""skip_connection"": false, ""unit_c1"": 4, ""unit_c2"": 8}"
132,41,accuracy,0.8453000038862228,0.15469999611377716,0.03968973333333333,5953460.0,295106.0,-0.396383077279644,14232.435,"{""activation"": ""relu"", ""batch_size"": 32, ""data_augmentation"": true, ""dr_f"": 0.063133996617, ""learning_rate"": 0.00032254091, ""new_fc_1"": 17, ""new_fc_10"": 9, ""new_fc_2"": 24, ""new_fc_3"": 0, ""new_fc_4"": 15, ""new_fc_5"": 11, ""new_fc_6"": 4, ""new_fc_7"": 23, ""new_fc_8"": 0, ""new_fc_9"": 4, ""num_neurons"": 8, ""optimizer"": ""Adagrad"", ""reg_l2"": true, ""skip_connection"": true, ""unit_c1"": 1, ""unit_c2"": 3}"
133,41,flops,,,0.042329226666666664,6349384.0,229770.0,,14233.5072,"{""activation"": ""swish"", ""batch_size"": 32, ""data_augmentation"": false, ""dr_f"": 0.241340939214, ""learning_rate"": 0.000631820847, ""new_fc_1"": 22, ""new_fc_10"": 27, ""new_fc_2"": 0, ""new_fc_3"": 23, ""new_fc_4"": 4, ""new_fc_5"": 27, ""new_fc_6"": 10, ""new_fc_7"": 11, ""new_fc_8"": 18, ""new_fc_9"": 23, ""num_neurons"": 4, ""optimizer"": ""Adamax"", ""reg_l2"": false, ""skip_connection"": false, ""unit_c1"": 1, ""unit_c2"": 8}"
134,41,flops,,,0.2778313866666667,41674708.0,1295546.0,,14234.6668,"{""activation"": ""swish"", ""batch_size"": 32, ""data_augmentation"": false, ""dr_f"": 0.436445276336, ""learning_rate"": 0.00029037022, ""new_fc_1"": 32, ""new_fc_10"": 31, ""new_fc_2"": 16, ""new_fc_3"": 30, ""new_fc_4"": 13, ""new_fc_5"": 30, ""new_fc_6"": 6, ""new_fc_7"": 6, ""new_fc_8"": 29, ""new_fc_9"": 12, ""num_neurons"": 8, ""optimizer"": ""Adamax"", ""reg_l2"": true, ""skip_connection"": true, ""unit_c1"": 3, ""unit_c2"": 8}"
135,42,accuracy,0.8999999985098839,0.10000000149011612,0.020518986666666666,3077848.0,138174.0,-0.3638443050430813,14559.2147,"{""activation"": ""swish"", ""batch_size"": 16, ""data_augmentation"": false, ""dr_f"": 0.313656905803, ""learning_rate"": 0.000724480542, ""new_fc_1"": 31, ""new_fc_10"": 2, ""new_fc_2"": 30, ""new_fc_3"": 7, ""new_fc_4"": 16, ""new_fc_5"": 23, ""new_fc_6"": 2, ""new_fc_7"": 24, ""new_fc_8"": 26, ""new_fc_9"": 4, ""num_neurons"": 4, ""optimizer"": ""SGD"", ""reg_l2"": true, ""skip_connection"": false, ""unit_c1"": 2, ""unit_c2"": 3}"
136,42,flops,,,0.04573906666666667,6860860.0,163850.0,,14560.318,"{""activation"": ""selu"", ""batch_size"": 64, ""data_augmentation"": true, ""dr_f"": 0.277216366602, ""learning_rate"": 0.000486763063, ""new_fc_1"": 7, ""new_fc_10"": 22, ""new_fc_2"": 9, ""new_fc_3"": 14, ""new_fc_4"": 8, ""new_fc_5"": 21, ""new_fc_6"": 11, ""new_fc_7"": 26, ""new_fc_8"": 9, ""new_fc_9"": 25, ""num_neurons"": 8, ""optimizer"": ""Adagrad"", ""reg_l2"": false, ""skip_connection"": false, ""unit_c1"": 2, ""unit_c2"": 1}"
137,42,flops,,,0.23084856,34627284.0,1008426.0,,14561.1481,"{""activation"": ""relu"", ""batch_size"": 32, ""data_augmentation"": true, ""dr_f"": 0.278557970094, ""learning_rate"": 0.000463986538, ""new_fc_1"": 28, ""new_fc_10"": 30, ""new_fc_2"": 18, ""new_fc_3"": 26, ""new_fc_4"": 3, ""new_fc_5"": 24, ""new_fc_6"": 7, ""new_fc_7"": 10, ""new_fc_8"": 27, ""new_fc_9"": 14, ""num_neurons"": 8, ""optimizer"": ""Adamax"", ""reg_l2"": true, ""skip_connection"": false, ""unit_c1"": 3, ""unit_c2"": 7}"
138,42,flops,,,0.6641377866666667,99620668.0,4536858.0,,14562.1324,"{""activation"": ""swish"", ""batch_size"": 32, ""data_augmentation"": true, ""dr_f"": 0.318352310829, ""learning_rate"": 0.000615497107, ""new_fc_1"": 29, ""new_fc_10"": 30, ""new_fc_2"": 3, ""new_fc_3"": 12, ""new_fc_4"": 20, ""new_fc_5"": 25, ""new_fc_6"": 4, ""new_fc_7"": 2, ""new_fc_8"": 19, ""new_fc_9"": 24, ""num_neurons"": 16, ""optimizer"": ""Adagrad"", ""reg_l2"": true, ""skip_connection"": false, ""unit_c1"": 1, ""unit_c2"": 8}"
139,43,accuracy,0.44749999046325684,0.5525000095367432,0.02681864,4022796.0,149406.0,-0.6787044146757202,14886.7199,"{""activation"": ""elu"", ""batch_size"": 64, ""data_augmentation"": false, ""dr_f"": 0.085569432915, ""learning_rate"": 0.000777938612, ""new_fc_1"": 16, ""new_fc_10"": 5, ""new_fc_2"": 19, ""new_fc_3"": 10, ""new_fc_4"": 18, ""new_fc_5"": 9, ""new_fc_6"": 21, ""new_fc_7"": 19, ""new_fc_8"": 31, ""new_fc_9"": 20, ""num_neurons"": 4, ""optimizer"": ""Adagrad"", ""reg_l2"": false, ""skip_connection"": true, ""unit_c1"": 1, ""unit_c2"": 6}"
140,43,flops,,,0.3444709066666667,51670636.0,868074.0,,14887.5309,"{""activation"": ""selu"", ""batch_size"": 32, ""data_augmentation"": true, ""dr_f"": 0.145063699347, ""learning_rate"": 0.000889389461, ""new_fc_1"": 11, ""new_fc_10"": 11, ""new_fc_2"": 15, ""new_fc_3"": 26, ""new_fc_4"": 23, ""new_fc_5"": 2, ""new_fc_6"": 23, ""new_fc_7"": 21, ""new_fc_8"": 31, ""new_fc_9"": 4, ""num_neurons"": 16, ""optimizer"": ""SGD"", ""reg_l2"": true, ""skip_connection"": false, ""unit_c1"": 3, ""unit_c2"": 1}"
141,43,flops,,,0.19514530666666666,29271796.0,608506.0,,14888.8711,"{""activation"": ""swish"", ""batch_size"": 8, ""data_augmentation"": true, ""dr_f"": 0.103862695605, ""learning_rate"": 0.000984623489, ""new_fc_1"": 13, ""new_fc_10"": 25, ""new_fc_2"": 27, ""new_fc_3"": 16, ""new_fc_4"": 24, ""new_fc_5"": 24, ""new_fc_6"": 25, ""new_fc_7"": 19, ""new_fc_8"": 7, ""new_fc_9"": 29, ""num_neurons"": 8, ""optimizer"": ""Adadelta"", ""reg_l2"": true, ""skip_connection"": false, ""unit_c1"": 3, ""unit_c2"": 6}"
142,43,flops,,,1.30422888,195634332.0,1789578.0,,14889.9658,"{""activation"": ""relu"", ""batch_size"": 32, ""data_augmentation"": false, ""dr_f"": 0.303242157477, ""learning_rate"": 0.000857298767, ""new_fc_1"": 9, ""new_fc_10"": 13, ""new_fc_2"": 31, ""new_fc_3"": 2, ""new_fc_4"": 14, ""new_fc_5"": 11, ""new_fc_6"": 7, ""new_fc_7"": 3, ""new_fc_8"": 11, ""new_fc_9"": 29, ""num_neurons"": 16, ""optimizer"": ""Adadelta"", ""reg_l2"": false, ""skip_connection"": false, ""unit_c1"": 4, ""unit_c2"": 8}"
143,43,flops,,,0.2674120266666667,40111804.0,864426.0,,14891.0064,"{""activation"": ""elu"", ""batch_size"": 16, ""data_augmentation"": false, ""dr_f"": 0.230194921124, ""learning_rate"": 0.000191831919, ""new_fc_1"": 27, ""new_fc_10"": 10, ""new_fc_2"": 30, ""new_fc_3"": 0, ""new_fc_4"": 25, ""new_fc_5"": 16, ""new_fc_6"": 8, ""new_fc_7"": 7, ""new_fc_8"": 27, ""new_fc_9"": 2, ""num_neurons"": 8, ""optimizer"": ""SGD"", ""reg_l2"": false, ""skip_connection"": false, ""unit_c1"": 4, ""unit_c2"": 6}"
144,44,accuracy,0.8140999972820282,0.1859000027179718,0.05597096,8395644.0,193626.0,-0.41333871390258026,15515.4302,"{""activation"": ""relu"", ""batch_size"": 16, ""data_augmentation"": false, ""dr_f"": 0.136529266823, ""learning_rate"": 0.000215883912, ""new_fc_1"": 26, ""new_fc_10"": 10, ""new_fc_2"": 27, ""new_fc_3"": 16, ""new_fc_4"": 25, ""new_fc_5"": 25, ""new_fc_6"": 29, ""new_fc_7"": 31, ""new_fc_8"": 24, ""new_fc_9"": 11, ""num_neurons"": 4, ""optimizer"": ""Adagrad"", ""reg_l2"": false, ""skip_connection"": false, ""unit_c1"": 4, ""unit_c2"": 4}"
145,44,flops,,,0.16919037333333334,25378556.0,725442.0,,15516.3196,"{""activation"": ""swish"", ""batch_size"": 16, ""data_augmentation"": true, ""dr_f"": 0.124221594221, ""learning_rate"": 0.000733363112, ""new_fc_1"": 25, ""new_fc_10"": 29, ""new_fc_2"": 16, ""new_fc_3"": 2, ""new_fc_4"": 32, ""new_fc_5"": 16, ""new_fc_6"": 11, ""new_fc_7"": 9, ""new_fc_8"": 21, ""new_fc_9"": 27, ""num_neurons"": 8, ""optimizer"": ""Adamax"", ""reg_l2"": true, ""skip_connection"": false, ""unit_c1"": 3, ""unit_c2"": 5}"
146,44,flops,,,0.1650548,24758220.0,250058.0,,15517.0847,"{""activation"": ""relu"", ""batch_size"": 8, ""data_augmentation"": true, ""dr_f"": 0.135215391272, ""learning_rate"": 0.000763447897, ""new_fc_1"": 0, ""new_fc_10"": 1, ""new_fc_2"": 8, ""new_fc_3"": 27, ""new_fc_4"": 30, ""new_fc_5"": 29, ""new_fc_6"": 7, ""new_fc_7"": 18, ""new_fc_8"": 14, ""new_fc_9"": 8, ""num_neurons"": 8, ""optimizer"": ""SGD"", ""reg_l2"": false, ""skip_connection"": false, ""unit_c1"": 4, ""unit_c2"": 2}"
147,44,flops,,,0.4336879733333333,65053196.0,1573114.0,,15517.9189,"{""activation"": ""relu"", ""batch_size"": 16, ""data_augmentation"": true, ""dr_f"": 0.088442812324, ""learning_rate"": 0.00070182576, ""new_fc_1"": 9, ""new_fc_10"": 0, ""new_fc_2"": 2, ""new_fc_3"": 7, ""new_fc_4"": 28, ""new_fc_5"": 28, ""new_fc_6"": 29, ""new_fc_7"": 16, ""new_fc_8"": 29, ""new_fc_9"": 5, ""num_neurons"": 16, ""optimizer"": ""SGD"", ""reg_l2"": true, ""skip_connection"": false, ""unit_c1"": 2, ""unit_c2"": 5}"
148,44,flops,,,0.0151776,2276640.0,134218.0,,15518.7543,"{""activation"": ""relu"", ""batch_size"": 64, ""data_augmentation"": true, ""dr_f"": 0.181061660505, ""learning_rate"": 0.000224587656, ""new_fc_1"": 21, ""new_fc_10"": 21, ""new_fc_2"": 18, ""new_fc_3"": 5, ""new_fc_4"": 25, ""new_fc_5"": 15, ""new_fc_6"": 28, ""new_fc_7"": 30, ""new_fc_8"": 5, ""new_fc_9"": 13, ""num_neurons"": 4, ""optimizer"": ""Adamax"", ""reg_l2"": false, ""skip_connection"": false, ""unit_c1"": 1, ""unit_c2"": 4}"
149,44,flops,,,0.12146637333333334,18219956.0,353402.0,,15519.8469,"{""activation"": ""elu"", ""batch_size"": 16, ""data_augmentation"": false, ""dr_f"": 0.208627791715, ""learning_rate"": 0.000794266021, ""new_fc_1"": 13, ""new_fc_10"": 29, ""new_fc_2"": 23, ""new_fc_3"": 24, ""new_fc_4"": 12, ""new_fc_5"": 13, ""new_fc_6"": 10, ""new_fc_7"": 3, ""new_fc_8"": 19, ""new_fc_9"": 25, ""num_neurons"": 8, ""optimizer"": ""Adamax"", ""reg_l2"": true, ""skip_connection"": true, ""unit_c1"": 3, ""unit_c2"": 3}"
150,45,accuracy,0.8999999985098839,0.10000000149011612,0.03918864,5878296.0,93978.0,-0.3582434090430813,15664.7514,"{""activation"": ""swish"", ""batch_size"": 64, ""data_augmentation"": true, ""dr_f"": 0.428626153738, ""learning_rate"": 0.000392932081, ""new_fc_1"": 16, ""new_fc_10"": 26, ""new_fc_2"": 1, ""new_fc_3"": 30, ""new_fc_4"": 14, ""new_fc_5"": 19, ""new_fc_6"": 3, ""new_fc_7"": 4, ""new_fc_8"": 29, ""new_fc_9"": 7, ""num_neurons"": 4, ""optimizer"": ""Adagrad"", ""reg_l2"": true, ""skip_connection"": true, ""unit_c1"": 3, ""unit_c2"": 4}"
151,45,flops,,,0.044419813333333336,6662972.0,354774.0,,15665.8461,"{""activation"": ""elu"", ""batch_size"": 16, ""data_augmentation"": false, ""dr_f"": 0.210652798306, ""learning_rate"": 0.000707969675, ""new_fc_1"": 32, ""new_fc_10"": 9, ""new_fc_2"": 23, ""new_fc_3"": 31, ""new_fc_4"": 25, ""new_fc_5"": 29, ""new_fc_6"": 31, ""new_fc_7"": 7, ""new_fc_8"": 29, ""new_fc_9"": 20, ""num_neurons"": 4, ""optimizer"": ""Adam"", ""reg_l2"": true, ""skip_connection"": true, ""unit_c1"": 1, ""unit_c2"": 8}"
152,46,accuracy,0.6642000079154968,0.3357999920845032,0.020656986666666665,3098548.0,111438.0,-0.5288628984591521,16050.1809,"{""activation"": ""selu"", ""batch_size"": 64, ""data_augmentation"": false, ""dr_f"": 0.476983984605, ""learning_rate"": 0.000454345846, ""new_fc_1"": 23, ""new_fc_10"": 10, ""new_fc_2"": 6, ""new_fc_3"": 20, ""new_fc_4"": 32, ""new_fc_5"": 4, ""new_fc_6"": 12, ""new_fc_7"": 32, ""new_fc_8"": 18, ""new_fc_9"": 9, ""num_neurons"": 4, ""optimizer"": ""Adam"", ""reg_l2"": false, ""skip_connection"": true, ""unit_c1"": 2, ""unit_c2"": 3}"
153,46,flops,,,0.68184648,102276972.0,2648458.0,,16051.0864,"{""activation"": ""selu"", ""batch_size"": 8, ""data_augmentation"": false, ""dr_f"": 0.118139583415, ""learning_rate"": 0.000105924726, ""new_fc_1"": 19, ""new_fc_10"": 5, ""new_fc_2"": 23, ""new_fc_3"": 13, ""new_fc_4"": 1, ""new_fc_5"": 14, ""new_fc_6"": 15, ""new_fc_7"": 6, ""new_fc_8"": 9, ""new_fc_9"": 6, ""num_neurons"": 16, ""optimizer"": ""Adamax"", ""reg_l2"": false, ""skip_connection"": true, ""unit_c1"": 2, ""unit_c2"": 7}"
154,47,accuracy,0.8136000037193298,0.18639999628067017,0.007852266666666666,1177840.0,75362.0,-0.42812431739646906,17935.6104,"{""activation"": ""relu"", ""batch_size"": 8, ""data_augmentation"": false, ""dr_f"": 0.384149852429, ""learning_rate"": 0.00027367551, ""new_fc_1"": 19, ""new_fc_10"": 17, ""new_fc_2"": 29, ""new_fc_3"": 1, ""new_fc_4"": 30, ""new_fc_5"": 31, ""new_fc_6"": 7, ""new_fc_7"": 9, ""new_fc_8"": 24, ""new_fc_9"": 2, ""num_neurons"": 4, ""optimizer"": ""Adagrad"", ""reg_l2"": false, ""skip_connection"": true, ""unit_c1"": 1, ""unit_c2"": 2}"
155,47,flops,,,0.0970884,14563260.0,230306.0,,17937.013,"{""activation"": ""swish"", ""batch_size"": 8, ""data_augmentation"": true, ""dr_f"": 0.363952308377, ""learning_rate"": 0.000999600531, ""new_fc_1"": 5, ""new_fc_10"": 27, ""new_fc_2"": 9, ""new_fc_3"": 23, ""new_fc_4"": 7, ""new_fc_5"": 32, ""new_fc_6"": 3, ""new_fc_7"": 0, ""new_fc_8"": 26, ""new_fc_9"": 8, ""num_neurons"": 8, ""optimizer"": ""Adamax"", ""reg_l2"": false, ""skip_connection"": false, ""unit_c1"": 1, ""unit_c2"": 6}"
156,47,flops,,,0.05437896,8156844.0,74050.0,,17937.7731,"{""activation"": ""selu"", ""batch_size"": 32, ""data_augmentation"": true, ""dr_f"": 0.19315717706, ""learning_rate"": 0.000770316879, ""new_fc_1"": 9, ""new_fc_10"": 11, ""new_fc_2"": 8, ""new_fc_3"": 10, ""new_fc_4"": 16, ""new_fc_5"": 17, ""new_fc_6"": 12, ""new_fc_7"": 23, ""new_fc_8"": 27, ""new_fc_9"": 3, ""num_neurons"": 4, ""optimizer"": ""Adam"", ""reg_l2"": false, ""skip_connection"": false, ""unit_c1"": 4, ""unit_c2"": 4}"
157,48,accuracy,0.8197000026702881,0.18029999732971191,0.01622576,2433864.0,64182.0,-0.4213422701307983,18862.4202,"{""activation"": ""relu"", ""batch_size"": 8, ""data_augmentation"": false, ""dr_f"": 0.472382076533, ""learning_rate"": 0.000514900305, ""new_fc_1"": 12, ""new_fc_10"": 5, ""new_fc_2"": 5, ""new_fc_3"": 31, ""new_fc_4"": 15, ""new_fc_5"": 27, ""new_fc_6"": 18, ""new_fc_7"": 18, ""new_fc_8"": 5, ""new_fc_9"": 31, ""num_neurons"": 4, ""optimizer"": ""Adam"", ""reg_l2"": false, ""skip_connection"": true, ""unit_c1"": 2, ""unit_c2"": 2}"
158,48,flops,,,0.07484568,11226852.0,362330.0,,18863.3087,"{""activation"": ""swish"", ""batch_size"": 16, ""data_augmentation"": true, ""dr_f"": 0.455514172897, ""learning_rate"": 0.000164367167, ""new_fc_1"": 16, ""new_fc_10"": 24, ""new_fc_2"": 13, ""new_fc_3"": 14, ""new_fc_4"": 31, ""new_fc_5"": 23, ""new_fc_6"": 10, ""new_fc_7"": 0, ""new_fc_8"": 31, ""new_fc_9"": 5, ""num_neurons"": 8, ""optimizer"": ""Adamax"", ""reg_l2"": true, ""skip_connection"": true, ""unit_c1"": 2, ""unit_c2"": 3}"
159,48,flops,,,0.047679386666666664,7151908.0,271218.0,,18864.1285,"{""activation"": ""swish"", ""batch_size"": 64, ""data_augmentation"": false, ""dr_f"": 0.400597554238, ""learning_rate"": 0.000341606979, ""new_fc_1"": 26, ""new_fc_10"": 27, ""new_fc_2"": 9, ""new_fc_3"": 11, ""new_fc_4"": 0, ""new_fc_5"": 23, ""new_fc_6"": 18, ""new_fc_7"": 24, ""new_fc_8"": 25, ""new_fc_9"": 8, ""num_neurons"": 8, ""optimizer"": ""Adadelta"", ""reg_l2"": true, ""skip_connection"": false, ""unit_c1"": 2, ""unit_c2"": 1}"
160,49,accuracy,0.8999999985098839,0.10000000149011612,0.020811653333333333,3121748.0,123070.0,-0.36375650504308127,19249.0257,"{""activation"": ""relu"", ""batch_size"": 16, ""data_augmentation"": true, ""dr_f"": 0.495055988034, ""learning_rate"": 0.00080301345, ""new_fc_1"": 24, ""new_fc_10"": 28, ""new_fc_2"": 30, ""new_fc_3"": 5, ""new_fc_4"": 23, ""new_fc_5"": 27, ""new_fc_6"": 27, ""new_fc_7"": 11, ""new_fc_8"": 4, ""new_fc_9"": 3, ""num_neurons"": 4, ""optimizer"": ""Adamax"", ""reg_l2"": true, ""skip_connection"": true, ""unit_c1"": 2, ""unit_c2"": 3}"
161,50,accuracy,0.8960999995470047,0.1039000004529953,0.19529944,29294916.0,695306.0,-0.3141401683170967,19453.435,"{""activation"": ""relu"", ""batch_size"": 64, ""data_augmentation"": false, ""dr_f"": 0.277132616145, ""learning_rate"": 0.000641426701, ""new_fc_1"": 21, ""new_fc_10"": 2, ""new_fc_2"": 6, ""new_fc_3"": 26, ""new_fc_4"": 26, ""new_fc_5"": 25, ""new_fc_6"": 5, ""new_fc_7"": 31, ""new_fc_8"": 5, ""new_fc_9"": 22, ""num_neurons"": 8, ""optimizer"": ""Adadelta"", ""reg_l2"": false, ""skip_connection"": false, ""unit_c1"": 3, ""unit_c2"": 6}"
162,50,flops,,,0.26412168,39618252.0,856882.0,,1.2089,"{""activation"": ""elu"", ""batch_size"": 8, ""data_augmentation"": true, ""dr_f"": 0.425584898549, ""learning_rate"": 0.00042165781, ""new_fc_1"": 20, ""new_fc_10"": 6, ""new_fc_2"": 32, ""new_fc_3"": 24, ""new_fc_4"": 13, ""new_fc_5"": 8, ""new_fc_6"": 14, ""new_fc_7"": 6, ""new_fc_8"": 1, ""new_fc_9"": 30, ""num_neurons"": 8, ""optimizer"": ""Adamax"", ""reg_l2"": true, ""skip_connection"": false, ""unit_c1"": 3, ""unit_c2"": 8}"
163,50,flops,,,0.18429085333333334,27643628.0,288986.0,,2.2615,"{""activation"": ""swish"", ""batch_size"": 8, ""data_augmentation"": true, ""dr_f"": 0.090591282764, ""learning_rate"": 0.000774675152, ""new_fc_1"": 18, ""new_fc_10"": 25, ""new_fc_2"": 7, ""new_fc_3"": 9, ""new_fc_4"": 6, ""new_fc_5"": 11, ""new_fc_6"": 14, ""new_fc_7"": 6, ""new_fc_8"": 2, ""new_fc_9"": 4, ""num_neurons"": 8, ""optimizer"": ""Adamax"", ""reg_l2"": false, ""skip_connection"": false, ""unit_c1"": 4, ""unit_c2"": 3}"
164,50,flops,,,0.6451817333333333,96777260.0,1749818.0,,3.1664,"{""activation"": ""selu"", ""batch_size"": 64, ""data_augmentation"": false, ""dr_f"": 0.165378133643, ""learning_rate"": 0.00036443615, ""new_fc_1"": 29, ""new_fc_10"": 2, ""new_fc_2"": 27, ""new_fc_3"": 16, ""new_fc_4"": 32, ""new_fc_5"": 31, ""new_fc_6"": 1, ""new_fc_7"": 31, ""new_fc_8"": 1, ""new_fc_9"": 13, ""num_neurons"": 16, ""optimizer"": ""Adagrad"", ""reg_l2"": true, ""skip_connection"": false, ""unit_c1"": 4, ""unit_c2"": 2}"
165,50,flops,,,0.04242552,6363828.0,588426.0,,3.9276,"{""activation"": ""elu"", ""batch_size"": 16, ""data_augmentation"": false, ""dr_f"": 0.29382325375, ""learning_rate"": 0.000967393264, ""new_fc_1"": 32, ""new_fc_10"": 17, ""new_fc_2"": 23, ""new_fc_3"": 11, ""new_fc_4"": 32, ""new_fc_5"": 0, ""new_fc_6"": 1, ""new_fc_7"": 25, ""new_fc_8"": 32, ""new_fc_9"": 14, ""num_neurons"": 8, ""optimizer"": ""Adadelta"", ""reg_l2"": true, ""skip_connection"": false, ""unit_c1"": 1, ""unit_c2"": 3}"
166,51,accuracy,0.7028000056743622,0.2971999943256378,0.04242552,6363828.0,588426.0,-0.49531234002794644,929.1648,"{""activation"": ""elu"", ""batch_size"": 16, ""data_augmentation"": false, ""dr_f"": 0.29382325375, ""learning_rate"": 0.000967393264, ""new_fc_1"": 32, ""new_fc_10"": 17, ""new_fc_2"": 23, ""new_fc_3"": 11, ""new_fc_4"": 32, ""new_fc_5"": 0, ""new_fc_6"": 1, ""new_fc_7"": 25, ""new_fc_8"": 32, ""new_fc_9"": 14, ""num_neurons"": 8, ""optimizer"": ""Adadelta"", ""reg_l2"": true, ""skip_connection"": false, ""unit_c1"": 1, ""unit_c2"": 3}"
167,51,flops,,,0.0623696,9355440.0,279478.0,,930.0188,"{""activation"": ""selu"", ""batch_size"": 8, ""data_augmentation"": true, ""dr_f"": 0.301782924278, ""learning_rate"": 0.000475563135, ""new_fc_1"": 26, ""new_fc_10"": 29, ""new_fc_2"": 22, ""new_fc_3"": 32, ""new_fc_4"": 29, ""new_fc_5"": 25, ""new_fc_6"": 32, ""new_fc_7"": 27, ""new_fc_8"": 7, ""new_fc_9"": 4, ""num_neurons"": 4, ""optimizer"": ""Adam"", ""reg_l2"": false, ""skip_connection"": true, ""unit_c1"": 3, ""unit_c2"": 7}"
168,52,accuracy,0.8999999985098839,0.10000000149011612,0.04496658666666667,6744988.0,105706.0,-0.35651002504308127,1554.8816,"{""activation"": ""relu"", ""batch_size"": 8, ""data_augmentation"": false, ""dr_f"": 0.360409430708, ""learning_rate"": 0.000591238567, ""new_fc_1"": 19, ""new_fc_10"": 12, ""new_fc_2"": 15, ""new_fc_3"": 30, ""new_fc_4"": 16, ""new_fc_5"": 14, ""new_fc_6"": 27, ""new_fc_7"": 29, ""new_fc_8"": 28, ""new_fc_9"": 10, ""num_neurons"": 4, ""optimizer"": ""Adagrad"", ""reg_l2"": true, ""skip_connection"": false, ""unit_c1"": 4, ""unit_c2"": 2}"
169,52,flops,,,0.05992845333333333,8989268.0,582586.0,,1556.2109,"{""activation"": ""swish"", ""batch_size"": 32, ""data_augmentation"": false, ""dr_f"": 0.468555735982, ""learning_rate"": 0.000240313875, ""new_fc_1"": 23, ""new_fc_10"": 32, ""new_fc_2"": 20, ""new_fc_3"": 25, ""new_fc_4"": 20, ""new_fc_5"": 4, ""new_fc_6"": 20, ""new_fc_7"": 21, ""new_fc_8"": 16, ""new_fc_9"": 12, ""num_neurons"": 8, ""optimizer"": ""Adam"", ""reg_l2"": false, ""skip_connection"": true, ""unit_c1"": 1, ""unit_c2"": 4}"
170,52,flops,,,19.175541306666666,2876331196.0,72915018.0,,1560.0608,"{""activation"": ""selu"", ""batch_size"": 64, ""data_augmentation"": false, ""dr_f"": 0.090590288151, ""learning_rate"": 0.000990779421, ""new_fc_1"": 31, ""new_fc_10"": 1, ""new_fc_2"": 20, ""new_fc_3"": 21, ""new_fc_4"": 18, ""new_fc_5"": 5, ""new_fc_6"": 26, ""new_fc_7"": 13, ""new_fc_8"": 23, ""new_fc_9"": 32, ""num_neurons"": 64, ""optimizer"": ""Adamax"", ""reg_l2"": true, ""skip_connection"": true, ""unit_c1"": 4, ""unit_c2"": 7}"
171,52,flops,,,3.47841704,521762556.0,28698634.0,,1562.2519,"{""activation"": ""elu"", ""batch_size"": 8, ""data_augmentation"": true, ""dr_f"": 0.312127702593, ""learning_rate"": 0.000306083314, ""new_fc_1"": 19, ""new_fc_10"": 4, ""new_fc_2"": 3, ""new_fc_3"": 4, ""new_fc_4"": 19, ""new_fc_5"": 30, ""new_fc_6"": 8, ""new_fc_7"": 29, ""new_fc_8"": 0, ""new_fc_9"": 23, ""num_neurons"": 64, ""optimizer"": ""Adagrad"", ""reg_l2"": false, ""skip_connection"": true, ""unit_c1"": 1, ""unit_c2"": 4}"
172,52,flops,,,18.89207976,2833811964.0,51653770.0,,1565.2682,"{""activation"": ""elu"", ""batch_size"": 8, ""data_augmentation"": true, ""dr_f"": 0.317816946011, ""learning_rate"": 0.000958186699, ""new_fc_1"": 23, ""new_fc_10"": 27, ""new_fc_2"": 13, ""new_fc_3"": 10, ""new_fc_4"": 30, ""new_fc_5"": 12, ""new_fc_6"": 16, ""new_fc_7"": 2, ""new_fc_8"": 2, ""new_fc_9"": 4, ""num_neurons"": 64, ""optimizer"": ""Adadelta"", ""reg_l2"": true, ""skip_connection"": true, ""unit_c1"": 4, ""unit_c2"": 7}"
173,52,flops,,,0.98077352,147116028.0,14985866.0,,1566.9996,"{""activation"": ""swish"", ""batch_size"": 8, ""data_augmentation"": true, ""dr_f"": 0.070008897437, ""learning_rate"": 0.000879634306, ""new_fc_1"": 16, ""new_fc_10"": 29, ""new_fc_2"": 6, ""new_fc_3"": 4, ""new_fc_4"": 26, ""new_fc_5"": 28, ""new_fc_6"": 29, ""new_fc_7"": 1, ""new_fc_8"": 9, ""new_fc_9"": 21, ""num_neurons"": 64, ""optimizer"": ""Adam"", ""reg_l2"": true, ""skip_connection"": false, ""unit_c1"": 1, ""unit_c2"": 1}"
174,53,accuracy,0.7111000120639801,0.2888999879360199,0.8689627466666666,130344412.0,6554954.0,-0.24154116755521393,2372.8307,"{""activation"": ""relu"", ""batch_size"": 32, ""data_augmentation"": true, ""dr_f"": 0.32456621803, ""learning_rate"": 0.000741832512, ""new_fc_1"": 17, ""new_fc_10"": 8, ""new_fc_2"": 11, ""new_fc_3"": 9, ""new_fc_4"": 8, ""new_fc_5"": 18, ""new_fc_6"": 31, ""new_fc_7"": 16, ""new_fc_8"": 4, ""new_fc_9"": 19, ""num_neurons"": 32, ""optimizer"": ""SGD"", ""reg_l2"": false, ""skip_connection"": true, ""unit_c1"": 1, ""unit_c2"": 4}"
175,53,flops,,,2.4817668,372265020.0,3030282.0,,2374.0612,"{""activation"": ""swish"", ""batch_size"": 64, ""data_augmentation"": false, ""dr_f"": 0.094559537168, ""learning_rate"": 0.000507731887, ""new_fc_1"": 5, ""new_fc_10"": 24, ""new_fc_2"": 20, ""new_fc_3"": 3, ""new_fc_4"": 26, ""new_fc_5"": 16, ""new_fc_6"": 20, ""new_fc_7"": 12, ""new_fc_8"": 21, ""new_fc_9"": 13, ""num_neurons"": 32, ""optimizer"": ""Adagrad"", ""reg_l2"": true, ""skip_connection"": false, ""unit_c1"": 4, ""unit_c2"": 2}"
176,54,accuracy,0.6541000008583069,0.3458999991416931,0.04573906666666667,6860860.0,163850.0,-0.5284082793991851,2698.6384,"{""activation"": ""selu"", ""batch_size"": 64, ""data_augmentation"": true, ""dr_f"": 0.277216366602, ""learning_rate"": 0.000486763063, ""new_fc_1"": 7, ""new_fc_10"": 22, ""new_fc_2"": 9, ""new_fc_3"": 14, ""new_fc_4"": 8, ""new_fc_5"": 21, ""new_fc_6"": 11, ""new_fc_7"": 26, ""new_fc_8"": 9, ""new_fc_9"": 25, ""num_neurons"": 8, ""optimizer"": ""Adagrad"", ""reg_l2"": false, ""skip_connection"": false, ""unit_c1"": 2, ""unit_c2"": 1}"
177,54,flops,,,0.20906184,31359276.0,1082154.0,,2699.9,"{""activation"": ""relu"", ""batch_size"": 64, ""data_augmentation"": false, ""dr_f"": 0.312948939185, ""learning_rate"": 0.000779490885, ""new_fc_1"": 13, ""new_fc_10"": 29, ""new_fc_2"": 5, ""new_fc_3"": 1, ""new_fc_4"": 1, ""new_fc_5"": 26, ""new_fc_6"": 1, ""new_fc_7"": 12, ""new_fc_8"": 3, ""new_fc_9"": 16, ""num_neurons"": 16, ""optimizer"": ""SGD"", ""reg_l2"": true, ""skip_connection"": false, ""unit_c1"": 1, ""unit_c2"": 4}"
178,54,flops,,,3.0085081333333332,451276220.0,11012522.0,,2701.1657,"{""activation"": ""relu"", ""batch_size"": 64, ""data_augmentation"": true, ""dr_f"": 0.371467259371, ""learning_rate"": 0.000734814977, ""new_fc_1"": 19, ""new_fc_10"": 13, ""new_fc_2"": 4, ""new_fc_3"": 22, ""new_fc_4"": 19, ""new_fc_5"": 0, ""new_fc_6"": 13, ""new_fc_7"": 27, ""new_fc_8"": 28, ""new_fc_9"": 23, ""num_neurons"": 32, ""optimizer"": ""Adadelta"", ""reg_l2"": true, ""skip_connection"": false, ""unit_c1"": 3, ""unit_c2"": 6}"
179,54,flops,,,9.836469306666666,1475470396.0,12394826.0,,2702.5477,"{""activation"": ""elu"", ""batch_size"": 16, ""data_augmentation"": false, ""dr_f"": 0.497960771184, ""learning_rate"": 0.000551077946, ""new_fc_1"": 2, ""new_fc_10"": 26, ""new_fc_2"": 9, ""new_fc_3"": 27, ""new_fc_4"": 2, ""new_fc_5"": 30, ""new_fc_6"": 25, ""new_fc_7"": 5, ""new_fc_8"": 9, ""new_fc_9"": 1, ""num_neurons"": 64, ""optimizer"": ""SGD"", ""reg_l2"": true, ""skip_connection"": true, ""unit_c1"": 1, ""unit_c2"": 8}"
180,54,flops,,,0.013554,2033100.0,40750.0,,2703.5288,"{""activation"": ""selu"", ""batch_size"": 32, ""data_augmentation"": true, ""dr_f"": 0.096919379382, ""learning_rate"": 0.000858430917, ""new_fc_1"": 4, ""new_fc_10"": 26, ""new_fc_2"": 24, ""new_fc_3"": 22, ""new_fc_4"": 2, ""new_fc_5"": 3, ""new_fc_6"": 14, ""new_fc_7"": 29, ""new_fc_8"": 5, ""new_fc_9"": 27, ""num_neurons"": 4, ""optimizer"": ""SGD"", ""reg_l2"": true, ""skip_connection"": true, ""unit_c1"": 2, ""unit_c2"": 1}"
181,54,flops,,,0.11189650666666667,16784476.0,174242.0,,2704.3432,"{""activation"": ""elu"", ""batch_size"": 64, ""data_augmentation"": false, ""dr_f"": 0.155208812929, ""learning_rate"": 0.000837188772, ""new_fc_1"": 4, ""new_fc_10"": 5, ""new_fc_2"": 29, ""new_fc_3"": 6, ""new_fc_4"": 10, ""new_fc_5"": 6, ""new_fc_6"": 9, ""new_fc_7"": 3, ""new_fc_8"": 20, ""new_fc_9"": 20, ""num_neurons"": 8, ""optimizer"": ""Adagrad"", ""reg_l2"": false, ""skip_connection"": true, ""unit_c1"": 2, ""unit_c2"": 5}"
182,55,accuracy,10000000000.0,,1.1164006133333333,167460092.0,7013674.0,10000000000.0,2705.5585,"{""activation"": ""elu"", ""batch_size"": 64, ""data_augmentation"": false, ""dr_f"": 0.492742331514, ""learning_rate"": 0.0003215797, ""new_fc_1"": 26, ""new_fc_10"": 4, ""new_fc_2"": 11, ""new_fc_3"": 12, ""new_fc_4"": 23, ""new_fc_5"": 10, ""new_fc_6"": 14, ""new_fc_7"": 32, ""new_fc_8"": 2, ""new_fc_9"": 16, ""num_neurons"": 32, ""optimizer"": ""Adamax"", ""reg_l2"": true, ""skip_connection"": true, ""unit_c1"": 2, ""unit_c2"": 3}"
183,56,accuracy,0.8999999985098839,0.10000000149011612,0.00548016,822024.0,61506.0,-0.3683559530430813,3390.8389,"{""activation"": ""swish"", ""batch_size"": 8, ""data_augmentation"": true, ""dr_f"": 0.484290479674, ""learning_rate"": 0.000508060413, ""new_fc_1"": 11, ""new_fc_10"": 5, ""new_fc_2"": 18, ""new_fc_3"": 9, ""new_fc_4"": 31, ""new_fc_5"": 19, ""new_fc_6"": 20, ""new_fc_7"": 27, ""new_fc_8"": 32, ""new_fc_9"": 1, ""num_neurons"": 4, ""optimizer"": ""Adam"", ""reg_l2"": true, ""skip_connection"": false, ""unit_c1"": 1, ""unit_c2"": 1}"
184,56,flops,,,0.03838058666666667,5757088.0,168938.0,,3391.9785,"{""activation"": ""relu"", ""batch_size"": 16, ""data_augmentation"": true, ""dr_f"": 0.053713415084, ""learning_rate"": 0.000890637568, ""new_fc_1"": 30, ""new_fc_10"": 20, ""new_fc_2"": 3, ""new_fc_3"": 26, ""new_fc_4"": 2, ""new_fc_5"": 2, ""new_fc_6"": 22, ""new_fc_7"": 26, ""new_fc_8"": 23, ""new_fc_9"": 23, ""num_neurons"": 4, ""optimizer"": ""Adadelta"", ""reg_l2"": true, ""skip_connection"": false, ""unit_c1"": 3, ""unit_c2"": 4}"
185,57,accuracy,0.8537999987602234,0.1462000012397766,0.03838058666666667,5757088.0,168938.0,-0.3908258248678436,3776.6856,"{""activation"": ""relu"", ""batch_size"": 16, ""data_augmentation"": true, ""dr_f"": 0.053713415084, ""learning_rate"": 0.000890637568, ""new_fc_1"": 30, ""new_fc_10"": 20, ""new_fc_2"": 3, ""new_fc_3"": 26, ""new_fc_4"": 2, ""new_fc_5"": 2, ""new_fc_6"": 22, ""new_fc_7"": 26, ""new_fc_8"": 23, ""new_fc_9"": 23, ""num_neurons"": 4, ""optimizer"": ""Adadelta"", ""reg_l2"": true, ""skip_connection"": false, ""unit_c1"": 3, ""unit_c2"": 4}"
186,57,flops,,,0.10758552,16137828.0,391562.0,,3777.5927,"{""activation"": ""elu"", ""batch_size"": 32, ""data_augmentation"": false, ""dr_f"": 0.368337771474, ""learning_rate"": 0.00032450595, ""new_fc_1"": 24, ""new_fc_10"": 27, ""new_fc_2"": 22, ""new_fc_3"": 32, ""new_fc_4"": 29, ""new_fc_5"": 7, ""new_fc_6"": 21, ""new_fc_7"": 2, ""new_fc_8"": 16, ""new_fc_9"": 5, ""num_neurons"": 8, ""optimizer"": ""Adagrad"", ""reg_l2"": true, ""skip_connection"": true, ""unit_c1"": 3, ""unit_c2"": 2}"
187,57,flops,,,0.04053472,6080208.0,31702.0,,3778.6939,"{""activation"": ""selu"", ""batch_size"": 32, ""data_augmentation"": true, ""dr_f"": 0.198912661696, ""learning_rate"": 0.000388273539, ""new_fc_1"": 0, ""new_fc_10"": 18, ""new_fc_2"": 9, ""new_fc_3"": 22, ""new_fc_4"": 16, ""new_fc_5"": 12, ""new_fc_6"": 10, ""new_fc_7"": 6, ""new_fc_8"": 12, ""new_fc_9"": 4, ""num_neurons"": 4, ""optimizer"": ""SGD"", ""reg_l2"": true, ""skip_connection"": false, ""unit_c1"": 4, ""unit_c2"": 1}"
188,58,accuracy,0.8999999985098839,0.10000000149011612,0.07484568,11226852.0,362330.0,-0.34754629704308126,4164.1951,"{""activation"": ""swish"", ""batch_size"": 16, ""data_augmentation"": true, ""dr_f"": 0.455514172897, ""learning_rate"": 0.000164367167, ""new_fc_1"": 16, ""new_fc_10"": 24, ""new_fc_2"": 13, ""new_fc_3"": 14, ""new_fc_4"": 31, ""new_fc_5"": 23, ""new_fc_6"": 10, ""new_fc_7"": 0, ""new_fc_8"": 31, ""new_fc_9"": 5, ""num_neurons"": 8, ""optimizer"": ""Adamax"", ""reg_l2"": true, ""skip_connection"": true, ""unit_c1"": 2, ""unit_c2"": 3}"
189,59,accuracy,10000000000.0,,3.607667386666667,541150108.0,4396682.0,10000000000.0,4166.2429,"{""activation"": ""relu"", ""batch_size"": 64, ""data_augmentation"": false, ""dr_f"": 0.165120775112, ""learning_rate"": 0.000334645384, ""new_fc_1"": 3, ""new_fc_10"": 25, ""new_fc_2"": 29, ""new_fc_3"": 24, ""new_fc_4"": 14, ""new_fc_5"": 22, ""new_fc_6"": 10, ""new_fc_7"": 20, ""new_fc_8"": 0, ""new_fc_9"": 20, ""num_neurons"": 32, ""optimizer"": ""Adadelta"", ""reg_l2"": true, ""skip_connection"": true, ""unit_c1"": 4, ""unit_c2"": 5}"
190,60,accuracy,0.5473000109195709,0.4526999890804291,0.3520155466666667,52802332.0,1037674.0,-0.5112853283563004,4972.079,"{""activation"": ""selu"", ""batch_size"": 32, ""data_augmentation"": true, ""dr_f"": 0.281279806207, ""learning_rate"": 0.000837254558, ""new_fc_1"": 19, ""new_fc_10"": 11, ""new_fc_2"": 13, ""new_fc_3"": 25, ""new_fc_4"": 8, ""new_fc_5"": 22, ""new_fc_6"": 3, ""new_fc_7"": 22, ""new_fc_8"": 24, ""new_fc_9"": 31, ""num_neurons"": 16, ""optimizer"": ""Adadelta"", ""reg_l2"": true, ""skip_connection"": true, ""unit_c1"": 3, ""unit_c2"": 1}"
191,60,flops,,,0.05175618666666667,7763428.0,109698.0,,4973.0906,"{""activation"": ""relu"", ""batch_size"": 8, ""data_augmentation"": true, ""dr_f"": 0.224608709333, ""learning_rate"": 0.000272902724, ""new_fc_1"": 8, ""new_fc_10"": 5, ""new_fc_2"": 24, ""new_fc_3"": 20, ""new_fc_4"": 26, ""new_fc_5"": 1, ""new_fc_6"": 30, ""new_fc_7"": 7, ""new_fc_8"": 29, ""new_fc_9"": 8, ""num_neurons"": 4, ""optimizer"": ""Adam"", ""reg_l2"": true, ""skip_connection"": false, ""unit_c1"": 2, ""unit_c2"": 8}"
192,61,accuracy,0.5949000120162964,0.4050999879837036,0.02055688,3083532.0,126946.0,-0.5774029275885926,7037.9677,"{""activation"": ""elu"", ""batch_size"": 8, ""data_augmentation"": true, ""dr_f"": 0.067093705541, ""learning_rate"": 0.000522491439, ""new_fc_1"": 19, ""new_fc_10"": 0, ""new_fc_2"": 3, ""new_fc_3"": 1, ""new_fc_4"": 17, ""new_fc_5"": 2, ""new_fc_6"": 11, ""new_fc_7"": 30, ""new_fc_8"": 24, ""new_fc_9"": 13, ""num_neurons"": 4, ""optimizer"": ""Adagrad"", ""reg_l2"": false, ""skip_connection"": true, ""unit_c1"": 1, ""unit_c2"": 5}"
193,62,accuracy,0.45420002937316895,0.545799970626831,0.1650548,24758220.0,250058.0,-0.6325435394387817,8922.8917,"{""activation"": ""relu"", ""batch_size"": 8, ""data_augmentation"": true, ""dr_f"": 0.135215391272, ""learning_rate"": 0.000763447897, ""new_fc_1"": 0, ""new_fc_10"": 1, ""new_fc_2"": 8, ""new_fc_3"": 27, ""new_fc_4"": 30, ""new_fc_5"": 29, ""new_fc_6"": 7, ""new_fc_7"": 18, ""new_fc_8"": 14, ""new_fc_9"": 8, ""num_neurons"": 8, ""optimizer"": ""SGD"", ""reg_l2"": false, ""skip_connection"": false, ""unit_c1"": 4, ""unit_c2"": 2}"
194,63,accuracy,0.5324000120162964,0.4675999879837036,0.18049304,27073956.0,1131242.0,-0.5731720795885925,11288.9898,"{""activation"": ""elu"", ""batch_size"": 8, ""data_augmentation"": false, ""dr_f"": 0.3114336431, ""learning_rate"": 0.000728374224, ""new_fc_1"": 30, ""new_fc_10"": 20, ""new_fc_2"": 21, ""new_fc_3"": 25, ""new_fc_4"": 16, ""new_fc_5"": 22, ""new_fc_6"": 5, ""new_fc_7"": 20, ""new_fc_8"": 26, ""new_fc_9"": 20, ""num_neurons"": 8, ""optimizer"": ""SGD"", ""reg_l2"": true, ""skip_connection"": true, ""unit_c1"": 2, ""unit_c2"": 7}"
195,63,flops,,,0.01994496,2991744.0,118246.0,,11290.1043,"{""activation"": ""selu"", ""batch_size"": 16, ""data_augmentation"": true, ""dr_f"": 0.117107612769, ""learning_rate"": 0.000908647635, ""new_fc_1"": 32, ""new_fc_10"": 27, ""new_fc_2"": 8, ""new_fc_3"": 7, ""new_fc_4"": 24, ""new_fc_5"": 8, ""new_fc_6"": 5, ""new_fc_7"": 12, ""new_fc_8"": 7, ""new_fc_9"": 3, ""num_neurons"": 4, ""optimizer"": ""Adamax"", ""reg_l2"": true, ""skip_connection"": false, ""unit_c1"": 2, ""unit_c2"": 3}"
196,64,accuracy,0.8002000004053116,0.19979999959468842,0.13757725333333334,20636588.0,153098.0,-0.39858682371628185,12155.873,"{""activation"": ""relu"", ""batch_size"": 16, ""data_augmentation"": true, ""dr_f"": 0.390759684211, ""learning_rate"": 0.000992035788, ""new_fc_1"": 2, ""new_fc_10"": 9, ""new_fc_2"": 1, ""new_fc_3"": 17, ""new_fc_4"": 4, ""new_fc_5"": 20, ""new_fc_6"": 14, ""new_fc_7"": 27, ""new_fc_8"": 8, ""new_fc_9"": 4, ""num_neurons"": 8, ""optimizer"": ""Adagrad"", ""reg_l2"": false, ""skip_connection"": true, ""unit_c1"": 2, ""unit_c2"": 6}"
197,65,accuracy,0.44999998807907104,0.550000011920929,0.11189650666666667,16784476.0,174242.0,-0.6514310563446503,12600.5324,"{""activation"": ""elu"", ""batch_size"": 64, ""data_augmentation"": false, ""dr_f"": 0.155208812929, ""learning_rate"": 0.000837188772, ""new_fc_1"": 4, ""new_fc_10"": 5, ""new_fc_2"": 29, ""new_fc_3"": 6, ""new_fc_4"": 10, ""new_fc_5"": 6, ""new_fc_6"": 9, ""new_fc_7"": 3, ""new_fc_8"": 20, ""new_fc_9"": 20, ""num_neurons"": 8, ""optimizer"": ""Adagrad"", ""reg_l2"": false, ""skip_connection"": true, ""unit_c1"": 2, ""unit_c2"": 5}"
198,66,accuracy,0.8999999985098839,0.10000000149011612,0.2778313866666667,41674708.0,1295546.0,-0.2866505850430813,12925.7586,"{""activation"": ""swish"", ""batch_size"": 32, ""data_augmentation"": false, ""dr_f"": 0.436445276336, ""learning_rate"": 0.00029037022, ""new_fc_1"": 32, ""new_fc_10"": 31, ""new_fc_2"": 16, ""new_fc_3"": 30, ""new_fc_4"": 13, ""new_fc_5"": 30, ""new_fc_6"": 6, ""new_fc_7"": 6, ""new_fc_8"": 29, ""new_fc_9"": 12, ""num_neurons"": 8, ""optimizer"": ""Adamax"", ""reg_l2"": true, ""skip_connection"": true, ""unit_c1"": 3, ""unit_c2"": 8}"
199,66,flops,,,1.45290024,217935036.0,10558538.0,,12927.356,"{""activation"": ""relu"", ""batch_size"": 32, ""data_augmentation"": true, ""dr_f"": 0.450069064784, ""learning_rate"": 0.000532379855, ""new_fc_1"": 27, ""new_fc_10"": 24, ""new_fc_2"": 20, ""new_fc_3"": 18, ""new_fc_4"": 21, ""new_fc_5"": 5, ""new_fc_6"": 24, ""new_fc_7"": 24, ""new_fc_8"": 12, ""new_fc_9"": 21, ""num_neurons"": 32, ""optimizer"": ""Adagrad"", ""reg_l2"": true, ""skip_connection"": true, ""unit_c1"": 2, ""unit_c2"": 4}"
200,66,flops,,,2.5946156533333333,389192348.0,12648586.0,,12929.0619,"{""activation"": ""relu"", ""batch_size"": 16, ""data_augmentation"": false, ""dr_f"": 0.231589038627, ""learning_rate"": 0.000388417984, ""new_fc_1"": 21, ""new_fc_10"": 4, ""new_fc_2"": 3, ""new_fc_3"": 6, ""new_fc_4"": 31, ""new_fc_5"": 3, ""new_fc_6"": 24, ""new_fc_7"": 2, ""new_fc_8"": 15, ""new_fc_9"": 22, ""num_neurons"": 32, ""optimizer"": ""Adamax"", ""reg_l2"": false, ""skip_connection"": true, ""unit_c1"": 1, ""unit_c2"": 8}"
201,67,accuracy,0.7903999984264374,0.20960000157356262,0.15197288,22795932.0,300282.0,-0.40112813710149386,14095.4697,"{""activation"": ""elu"", ""batch_size"": 8, ""data_augmentation"": false, ""dr_f"": 0.232207381925, ""learning_rate"": 0.00086770331, ""new_fc_1"": 28, ""new_fc_10"": 22, ""new_fc_2"": 10, ""new_fc_3"": 0, ""new_fc_4"": 29, ""new_fc_5"": 7, ""new_fc_6"": 23, ""new_fc_7"": 20, ""new_fc_8"": 25, ""new_fc_9"": 16, ""num_neurons"": 8, ""optimizer"": ""Adam"", ""reg_l2"": true, ""skip_connection"": false, ""unit_c1"": 4, ""unit_c2"": 1}"
202,67,flops,,,0.05161754666666667,7742632.0,115434.0,,14096.7669,"{""activation"": ""swish"", ""batch_size"": 32, ""data_augmentation"": false, ""dr_f"": 0.293592257183, ""learning_rate"": 0.000215207754, ""new_fc_1"": 27, ""new_fc_10"": 15, ""new_fc_2"": 11, ""new_fc_3"": 0, ""new_fc_4"": 14, ""new_fc_5"": 32, ""new_fc_6"": 4, ""new_fc_7"": 10, ""new_fc_8"": 5, ""new_fc_9"": 23, ""num_neurons"": 4, ""optimizer"": ""Adamax"", ""reg_l2"": false, ""skip_connection"": true, ""unit_c1"": 4, ""unit_c2"": 3}"
203,67,flops,,,0.12758082666666667,19137124.0,292322.0,,14097.8181,"{""activation"": ""swish"", ""batch_size"": 16, ""data_augmentation"": false, ""dr_f"": 0.224270783555, ""learning_rate"": 0.00041777326, ""new_fc_1"": 2, ""new_fc_10"": 17, ""new_fc_2"": 30, ""new_fc_3"": 12, ""new_fc_4"": 24, ""new_fc_5"": 16, ""new_fc_6"": 28, ""new_fc_7"": 24, ""new_fc_8"": 10, ""new_fc_9"": 24, ""num_neurons"": 8, ""optimizer"": ""SGD"", ""reg_l2"": false, ""skip_connection"": true, ""unit_c1"": 1, ""unit_c2"": 7}"
204,67,flops,,,2.7560840266666666,413412604.0,15015466.0,,14099.5183,"{""activation"": ""relu"", ""batch_size"": 64, ""data_augmentation"": false, ""dr_f"": 0.481286367979, ""learning_rate"": 0.000440680076, ""new_fc_1"": 28, ""new_fc_10"": 14, ""new_fc_2"": 3, ""new_fc_3"": 11, ""new_fc_4"": 13, ""new_fc_5"": 25, ""new_fc_6"": 13, ""new_fc_7"": 7, ""new_fc_8"": 14, ""new_fc_9"": 14, ""num_neurons"": 32, ""optimizer"": ""Adadelta"", ""reg_l2"": false, ""skip_connection"": true, ""unit_c1"": 2, ""unit_c2"": 7}"
205,67,flops,,,0.04138845333333333,6208268.0,422778.0,,14100.7733,"{""activation"": ""relu"", ""batch_size"": 8, ""data_augmentation"": false, ""dr_f"": 0.434192340915, ""learning_rate"": 0.000199190103, ""new_fc_1"": 22, ""new_fc_10"": 19, ""new_fc_2"": 7, ""new_fc_3"": 27, ""new_fc_4"": 6, ""new_fc_5"": 26, ""new_fc_6"": 16, ""new_fc_7"": 22, ""new_fc_8"": 21, ""new_fc_9"": 8, ""num_neurons"": 8, ""optimizer"": ""Adagrad"", ""reg_l2"": false, ""skip_connection"": true, ""unit_c1"": 1, ""unit_c2"": 3}"
206,68,accuracy,0.3513000011444092,0.6486999988555908,0.02896392,4344588.0,367682.0,-0.7454008231989135,15386.9279,"{""activation"": ""swish"", ""batch_size"": 16, ""data_augmentation"": false, ""dr_f"": 0.121935899564, ""learning_rate"": 0.000171191252, ""new_fc_1"": 22, ""new_fc_10"": 3, ""new_fc_2"": 16, ""new_fc_3"": 27, ""new_fc_4"": 14, ""new_fc_5"": 16, ""new_fc_6"": 28, ""new_fc_7"": 18, ""new_fc_8"": 22, ""new_fc_9"": 4, ""num_neurons"": 8, ""optimizer"": ""Adamax"", ""reg_l2"": false, ""skip_connection"": true, ""unit_c1"": 1, ""unit_c2"": 2}"
207,69,accuracy,0.8999999985098839,0.10000000149011612,0.28953736,43430604.0,1236586.0,-0.28313879304308126,15532.6729,"{""activation"": ""relu"", ""batch_size"": 64, ""data_augmentation"": true, ""dr_f"": 0.492035559755, ""learning_rate"": 0.000875618011, ""new_fc_1"": 10, ""new_fc_10"": 17, ""new_fc_2"": 14, ""new_fc_3"": 7, ""new_fc_4"": 21, ""new_fc_5"": 0, ""new_fc_6"": 6, ""new_fc_7"": 4, ""new_fc_8"": 15, ""new_fc_9"": 23, ""num_neurons"": 16, ""optimizer"": ""Adamax"", ""reg_l2"": true, ""skip_connection"": false, ""unit_c1"": 1, ""unit_c2"": 5}"
208,70,accuracy,0.3741000294685364,0.6258999705314636,0.7076969333333333,106154540.0,1144250.0,-0.5258208993720246,16097.4139,"{""activation"": ""elu"", ""batch_size"": 64, ""data_augmentation"": true, ""dr_f"": 0.25218265745, ""learning_rate"": 0.000910950491, ""new_fc_1"": 14, ""new_fc_10"": 19, ""new_fc_2"": 25, ""new_fc_3"": 7, ""new_fc_4"": 22, ""new_fc_5"": 15, ""new_fc_6"": 8, ""new_fc_7"": 9, ""new_fc_8"": 4, ""new_fc_9"": 8, ""num_neurons"": 16, ""optimizer"": ""Adagrad"", ""reg_l2"": false, ""skip_connection"": false, ""unit_c1"": 4, ""unit_c2"": 3}"
209,71,accuracy,0.9025000035762787,0.09749999642372131,0.67682696,101524044.0,3220250.0,-0.1652019094966049,16363.1822,"{""activation"": ""swish"", ""batch_size"": 64, ""data_augmentation"": true, ""dr_f"": 0.379767404829, ""learning_rate"": 0.000569550014, ""new_fc_1"": 20, ""new_fc_10"": 0, ""new_fc_2"": 19, ""new_fc_3"": 32, ""new_fc_4"": 9, ""new_fc_5"": 15, ""new_fc_6"": 10, ""new_fc_7"": 24, ""new_fc_8"": 29, ""new_fc_9"": 17, ""num_neurons"": 16, ""optimizer"": ""Adadelta"", ""reg_l2"": true, ""skip_connection"": false, ""unit_c1"": 2, ""unit_c2"": 7}"
210,72,accuracy,0.5273999869823456,0.4726000130176544,0.0151776,2276640.0,134218.0,-0.626266729112358,16687.9623,"{""activation"": ""relu"", ""batch_size"": 64, ""data_augmentation"": true, ""dr_f"": 0.181061660505, ""learning_rate"": 0.000224587656, ""new_fc_1"": 21, ""new_fc_10"": 21, ""new_fc_2"": 18, ""new_fc_3"": 5, ""new_fc_4"": 25, ""new_fc_5"": 15, ""new_fc_6"": 28, ""new_fc_7"": 30, ""new_fc_8"": 5, ""new_fc_9"": 13, ""num_neurons"": 4, ""optimizer"": ""Adamax"", ""reg_l2"": false, ""skip_connection"": false, ""unit_c1"": 1, ""unit_c2"": 4}"
211,73,accuracy,0.685699999332428,0.314300000667572,0.04169232,6253848.0,150034.0,-0.5075023044673004,18754.0483,"{""activation"": ""elu"", ""batch_size"": 8, ""data_augmentation"": true, ""dr_f"": 0.14650557327, ""learning_rate"": 0.000781050462, ""new_fc_1"": 13, ""new_fc_10"": 27, ""new_fc_2"": 4, ""new_fc_3"": 5, ""new_fc_4"": 11, ""new_fc_5"": 11, ""new_fc_6"": 21, ""new_fc_7"": 29, ""new_fc_8"": 21, ""new_fc_9"": 5, ""num_neurons"": 4, ""optimizer"": ""Adagrad"", ""reg_l2"": true, ""skip_connection"": true, ""unit_c1"": 1, ""unit_c2"": 8}"
212,74,accuracy,0.6385000050067902,0.36149999499320984,0.013554,2033100.0,40750.0,-0.5489837964952469,19378.6258,"{""activation"": ""selu"", ""batch_size"": 32, ""data_augmentation"": true, ""dr_f"": 0.096919379382, ""learning_rate"": 0.000858430917, ""new_fc_1"": 4, ""new_fc_10"": 26, ""new_fc_2"": 24, ""new_fc_3"": 22, ""new_fc_4"": 2, ""new_fc_5"": 3, ""new_fc_6"": 14, ""new_fc_7"": 29, ""new_fc_8"": 5, ""new_fc_9"": 27, ""num_neurons"": 4, ""optimizer"": ""SGD"", ""reg_l2"": true, ""skip_connection"": true, ""unit_c1"": 2, ""unit_c2"": 1}"
213,75,accuracy,0.7796999961137772,0.22030000388622284,0.26412168,39618252.0,856882.0,-0.37497349872035596,21023.6341,"{""activation"": ""elu"", ""batch_size"": 8, ""data_augmentation"": true, ""dr_f"": 0.425584898549, ""learning_rate"": 0.00042165781, ""new_fc_1"": 20, ""new_fc_10"": 6, ""new_fc_2"": 32, ""new_fc_3"": 24, ""new_fc_4"": 13, ""new_fc_5"": 8, ""new_fc_6"": 14, ""new_fc_7"": 6, ""new_fc_8"": 1, ""new_fc_9"": 30, ""num_neurons"": 8, ""optimizer"": ""Adamax"", ""reg_l2"": true, ""skip_connection"": false, ""unit_c1"": 3, ""unit_c2"": 8}"
214,76,accuracy,0.8891000002622604,0.11089999973773956,0.19514530666666666,29271796.0,608506.0,-0.3190864078164177,806.9013,"{""activation"": ""swish"", ""batch_size"": 8, ""data_augmentation"": true, ""dr_f"": 0.103862695605, ""learning_rate"": 0.000984623489, ""new_fc_1"": 13, ""new_fc_10"": 25, ""new_fc_2"": 27, ""new_fc_3"": 16, ""new_fc_4"": 24, ""new_fc_5"": 24, ""new_fc_6"": 25, ""new_fc_7"": 19, ""new_fc_8"": 7, ""new_fc_9"": 29, ""num_neurons"": 8, ""optimizer"": ""Adadelta"", ""reg_l2"": true, ""skip_connection"": false, ""unit_c1"": 3, ""unit_c2"": 6}"
215,77,accuracy,10000000000.0,,7.782019386666667,1167302908.0,17489034.0,10000000000.0,808.4001,"{""activation"": ""elu"", ""batch_size"": 8, ""data_augmentation"": false, ""dr_f"": 0.419509549576, ""learning_rate"": 0.000496300653, ""new_fc_1"": 3, ""new_fc_10"": 0, ""new_fc_2"": 8, ""new_fc_3"": 18, ""new_fc_4"": 18, ""new_fc_5"": 30, ""new_fc_6"": 18, ""new_fc_7"": 21, ""new_fc_8"": 17, ""new_fc_9"": 6, ""num_neurons"": 64, ""optimizer"": ""Adamax"", ""reg_l2"": true, ""skip_connection"": false, ""unit_c1"": 1, ""unit_c2"": 7}"
216,77,flops,,,0.016856,2528400.0,90198.0,,809.5498,"{""activation"": ""swish"", ""batch_size"": 32, ""data_augmentation"": false, ""dr_f"": 0.036814572547, ""learning_rate"": 0.000671991475, ""new_fc_1"": 8, ""new_fc_10"": 29, ""new_fc_2"": 27, ""new_fc_3"": 17, ""new_fc_4"": 3, ""new_fc_5"": 32, ""new_fc_6"": 31, ""new_fc_7"": 26, ""new_fc_8"": 29, ""new_fc_9"": 17, ""num_neurons"": 4, ""optimizer"": ""Adagrad"", ""reg_l2"": false, ""skip_connection"": true, ""unit_c1"": 2, ""unit_c2"": 2}"
217,77,flops,,,0.21503890666666667,32255836.0,920810.0,,810.7223,"{""activation"": ""relu"", ""batch_size"": 64, ""data_augmentation"": true, ""dr_f"": 0.150198361686, ""learning_rate"": 0.000680598439, ""new_fc_1"": 8, ""new_fc_10"": 25, ""new_fc_2"": 9, ""new_fc_3"": 2, ""new_fc_4"": 19, ""new_fc_5"": 20, ""new_fc_6"": 28, ""new_fc_7"": 25, ""new_fc_8"": 13, ""new_fc_9"": 9, ""num_neurons"": 16, ""optimizer"": ""Adamax"", ""reg_l2"": true, ""skip_connection"": true, ""unit_c1"": 2, ""unit_c2"": 2}"
218,78,accuracy,0.5588000118732452,0.44119998812675476,0.039001013333333334,5850152.0,113194.0,-0.5971396876887283,1735.7707,"{""activation"": ""selu"", ""batch_size"": 16, ""data_augmentation"": true, ""dr_f"": 0.356809359778, ""learning_rate"": 0.000460093238, ""new_fc_1"": 21, ""new_fc_10"": 7, ""new_fc_2"": 19, ""new_fc_3"": 10, ""new_fc_4"": 0, ""new_fc_5"": 6, ""new_fc_6"": 0, ""new_fc_7"": 15, ""new_fc_8"": 10, ""new_fc_9"": 23, ""num_neurons"": 4, ""optimizer"": ""Adamax"", ""reg_l2"": true, ""skip_connection"": true, ""unit_c1"": 3, ""unit_c2"": 4}"
219,78,flops,,,0.26801117333333335,40201676.0,1148834.0,,1737.0102,"{""activation"": ""relu"", ""batch_size"": 8, ""data_augmentation"": false, ""dr_f"": 0.241551314684, ""learning_rate"": 0.000256034959, ""new_fc_1"": 26, ""new_fc_10"": 19, ""new_fc_2"": 30, ""new_fc_3"": 25, ""new_fc_4"": 10, ""new_fc_5"": 23, ""new_fc_6"": 20, ""new_fc_7"": 32, ""new_fc_8"": 1, ""new_fc_9"": 28, ""num_neurons"": 8, ""optimizer"": ""SGD"", ""reg_l2"": true, ""skip_connection"": false, ""unit_c1"": 3, ""unit_c2"": 8}"
220,78,flops,,,0.040274373333333335,6041156.0,175374.0,,1738.1007,"{""activation"": ""swish"", ""batch_size"": 16, ""data_augmentation"": false, ""dr_f"": 0.326140125128, ""learning_rate"": 0.000130279311, ""new_fc_1"": 32, ""new_fc_10"": 14, ""new_fc_2"": 5, ""new_fc_3"": 25, ""new_fc_4"": 30, ""new_fc_5"": 31, ""new_fc_6"": 5, ""new_fc_7"": 9, ""new_fc_8"": 14, ""new_fc_9"": 1, ""num_neurons"": 4, ""optimizer"": ""Adagrad"", ""reg_l2"": false, ""skip_connection"": true, ""unit_c1"": 3, ""unit_c2"": 4}"
221,79,accuracy,0.898999996483326,0.10100000351667404,0.17115186666666668,25672780.0,590522.0,-0.3193544424616718,2123.9846,"{""activation"": ""relu"", ""batch_size"": 16, ""data_augmentation"": false, ""dr_f"": 0.245139269906, ""learning_rate"": 0.000344643113, ""new_fc_1"": 15, ""new_fc_10"": 11, ""new_fc_2"": 24, ""new_fc_3"": 24, ""new_fc_4"": 30, ""new_fc_5"": 25, ""new_fc_6"": 4, ""new_fc_7"": 1, ""new_fc_8"": 32, ""new_fc_9"": 32, ""num_neurons"": 8, ""optimizer"": ""Adadelta"", ""reg_l2"": false, ""skip_connection"": true, ""unit_c1"": 3, ""unit_c2"": 5}"
222,79,flops,,,0.25648914666666667,38473372.0,4030986.0,,2125.1903,"{""activation"": ""relu"", ""batch_size"": 16, ""data_augmentation"": false, ""dr_f"": 0.398953663215, ""learning_rate"": 0.000655630805, ""new_fc_1"": 26, ""new_fc_10"": 7, ""new_fc_2"": 11, ""new_fc_3"": 20, ""new_fc_4"": 15, ""new_fc_5"": 24, ""new_fc_6"": 7, ""new_fc_7"": 17, ""new_fc_8"": 14, ""new_fc_9"": 26, ""num_neurons"": 32, ""optimizer"": ""Adam"", ""reg_l2"": true, ""skip_connection"": true, ""unit_c1"": 1, ""unit_c2"": 1}"
223,79,flops,,,0.056062266666666666,8409340.0,326898.0,,2126.4519,"{""activation"": ""relu"", ""batch_size"": 64, ""data_augmentation"": false, ""dr_f"": 0.273150285095, ""learning_rate"": 0.000495329999, ""new_fc_1"": 7, ""new_fc_10"": 32, ""new_fc_2"": 22, ""new_fc_3"": 4, ""new_fc_4"": 28, ""new_fc_5"": 30, ""new_fc_6"": 7, ""new_fc_7"": 6, ""new_fc_8"": 18, ""new_fc_9"": 30, ""num_neurons"": 8, ""optimizer"": ""Adam"", ""reg_l2"": true, ""skip_connection"": true, ""unit_c1"": 1, ""unit_c2"": 4}"
224,79,flops,,,13.1050244,1965753660.0,76082442.0,,2130.4871,"{""activation"": ""elu"", ""batch_size"": 64, ""data_augmentation"": false, ""dr_f"": 0.364071139998, ""learning_rate"": 0.000360634977, ""new_fc_1"": 28, ""new_fc_10"": 17, ""new_fc_2"": 14, ""new_fc_3"": 32, ""new_fc_4"": 28, ""new_fc_5"": 27, ""new_fc_6"": 17, ""new_fc_7"": 11, ""new_fc_8"": 8, ""new_fc_9"": 10, ""num_neurons"": 64, ""optimizer"": ""Adadelta"", ""reg_l2"": false, ""skip_connection"": false, ""unit_c1"": 2, ""unit_c2"": 8}"
225,79,flops,,,6.735805413333333,1010370812.0,70654858.0,,2134.4195,"{""activation"": ""selu"", ""batch_size"": 16, ""data_augmentation"": false, ""dr_f"": 0.059279229904, ""learning_rate"": 0.000238746046, ""new_fc_1"": 31, ""new_fc_10"": 3, ""new_fc_2"": 29, ""new_fc_3"": 3, ""new_fc_4"": 23, ""new_fc_5"": 32, ""new_fc_6"": 20, ""new_fc_7"": 29, ""new_fc_8"": 32, ""new_fc_9"": 29, ""num_neurons"": 64, ""optimizer"": ""Adadelta"", ""reg_l2"": false, ""skip_connection"": false, ""unit_c1"": 1, ""unit_c2"": 6}"
226,80,accuracy,0.8972999975085258,0.10270000249147415,0.01057504,1586256.0,52558.0,-0.36871748974403185,2879.9683,"{""activation"": ""selu"", ""batch_size"": 8, ""data_augmentation"": true, ""dr_f"": 0.489815283682, ""learning_rate"": 0.000759482308, ""new_fc_1"": 9, ""new_fc_10"": 11, ""new_fc_2"": 5, ""new_fc_3"": 6, ""new_fc_4"": 24, ""new_fc_5"": 4, ""new_fc_6"": 27, ""new_fc_7"": 5, ""new_fc_8"": 30, ""new_fc_9"": 16, ""num_neurons"": 4, ""optimizer"": ""Adadelta"", ""reg_l2"": true, ""skip_connection"": true, ""unit_c1"": 1, ""unit_c2"": 3}"
227,80,flops,,,0.6527668,97915020.0,1376218.0,,2881.6381,"{""activation"": ""swish"", ""batch_size"": 16, ""data_augmentation"": true, ""dr_f"": 0.146374868157, ""learning_rate"": 0.000734497179, ""new_fc_1"": 20, ""new_fc_10"": 2, ""new_fc_2"": 15, ""new_fc_3"": 4, ""new_fc_4"": 11, ""new_fc_5"": 13, ""new_fc_6"": 15, ""new_fc_7"": 22, ""new_fc_8"": 27, ""new_fc_9"": 30, ""num_neurons"": 16, ""optimizer"": ""Adagrad"", ""reg_l2"": true, ""skip_connection"": true, ""unit_c1"": 4, ""unit_c2"": 2}"
228,80,flops,,,4.086302693333334,612945404.0,10818762.0,,2882.972,"{""activation"": ""selu"", ""batch_size"": 8, ""data_augmentation"": true, ""dr_f"": 0.330527719089, ""learning_rate"": 0.000716473078, ""new_fc_1"": 7, ""new_fc_10"": 10, ""new_fc_2"": 6, ""new_fc_3"": 4, ""new_fc_4"": 19, ""new_fc_5"": 7, ""new_fc_6"": 10, ""new_fc_7"": 18, ""new_fc_8"": 27, ""new_fc_9"": 3, ""num_neurons"": 64, ""optimizer"": ""Adagrad"", ""reg_l2"": false, ""skip_connection"": false, ""unit_c1"": 2, ""unit_c2"": 3}"
229,80,flops,,,0.11329016,16993524.0,278890.0,,2884.1889,"{""activation"": ""selu"", ""batch_size"": 8, ""data_augmentation"": true, ""dr_f"": 0.389051909593, ""learning_rate"": 0.000474014114, ""new_fc_1"": 8, ""new_fc_10"": 30, ""new_fc_2"": 6, ""new_fc_3"": 31, ""new_fc_4"": 3, ""new_fc_5"": 14, ""new_fc_6"": 24, ""new_fc_7"": 6, ""new_fc_8"": 9, ""new_fc_9"": 12, ""num_neurons"": 8, ""optimizer"": ""Adam"", ""reg_l2"": true, ""skip_connection"": true, ""unit_c1"": 2, ""unit_c2"": 5}"
230,80,flops,,,0.8134185333333334,122012780.0,2604890.0,,2885.2875,"{""activation"": ""elu"", ""batch_size"": 32, ""data_augmentation"": true, ""dr_f"": 0.450278529013, ""learning_rate"": 0.000482579024, ""new_fc_1"": 27, ""new_fc_10"": 1, ""new_fc_2"": 32, ""new_fc_3"": 22, ""new_fc_4"": 4, ""new_fc_5"": 17, ""new_fc_6"": 17, ""new_fc_7"": 4, ""new_fc_8"": 20, ""new_fc_9"": 31, ""num_neurons"": 16, ""optimizer"": ""Adadelta"", ""reg_l2"": true, ""skip_connection"": false, ""unit_c1"": 4, ""unit_c2"": 4}"
231,80,flops,,,14.411598906666667,2161739836.0,54842762.0,,2888.5508,"{""activation"": ""selu"", ""batch_size"": 16, ""data_augmentation"": true, ""dr_f"": 0.294186896345, ""learning_rate"": 0.000703728386, ""new_fc_1"": 24, ""new_fc_10"": 13, ""new_fc_2"": 1, ""new_fc_3"": 29, ""new_fc_4"": 23, ""new_fc_5"": 10, ""new_fc_6"": 1, ""new_fc_7"": 14, ""new_fc_8"": 14, ""new_fc_9"": 27, ""num_neurons"": 64, ""optimizer"": ""SGD"", ""reg_l2"": false, ""skip_connection"": true, ""unit_c1"": 3, ""unit_c2"": 7}"
232,81,accuracy,0.6067000031471252,0.39329999685287476,0.11329016,16993524.0,278890.0,-0.5413229497970122,4714.0841,"{""activation"": ""selu"", ""batch_size"": 8, ""data_augmentation"": true, ""dr_f"": 0.389051909593, ""learning_rate"": 0.000474014114, ""new_fc_1"": 8, ""new_fc_10"": 30, ""new_fc_2"": 6, ""new_fc_3"": 31, ""new_fc_4"": 3, ""new_fc_5"": 14, ""new_fc_6"": 24, ""new_fc_7"": 6, ""new_fc_8"": 9, ""new_fc_9"": 12, ""num_neurons"": 8, ""optimizer"": ""Adam"", ""reg_l2"": true, ""skip_connection"": true, ""unit_c1"": 2, ""unit_c2"": 5}"
233,81,flops,,,1.3665167733333334,204977516.0,3878586.0,,4715.402,"{""activation"": ""swish"", ""batch_size"": 8, ""data_augmentation"": true, ""dr_f"": 0.400561073049, ""learning_rate"": 0.000953314877, ""new_fc_1"": 22, ""new_fc_10"": 17, ""new_fc_2"": 29, ""new_fc_3"": 18, ""new_fc_4"": 9, ""new_fc_5"": 17, ""new_fc_6"": 24, ""new_fc_7"": 1, ""new_fc_8"": 20, ""new_fc_9"": 24, ""num_neurons"": 16, ""optimizer"": ""SGD"", ""reg_l2"": false, ""skip_connection"": true, ""unit_c1"": 4, ""unit_c2"": 8}"
234,81,flops,,,2.64915432,397373148.0,6996362.0,,4716.6246,"{""activation"": ""elu"", ""batch_size"": 64, ""data_augmentation"": false, ""dr_f"": 0.128644835859, ""learning_rate"": 0.000499651998, ""new_fc_1"": 8, ""new_fc_10"": 32, ""new_fc_2"": 31, ""new_fc_3"": 7, ""new_fc_4"": 27, ""new_fc_5"": 0, ""new_fc_6"": 17, ""new_fc_7"": 22, ""new_fc_8"": 29, ""new_fc_9"": 8, ""num_neurons"": 32, ""optimizer"": ""SGD"", ""reg_l2"": true, ""skip_connection"": true, ""unit_c1"": 2, ""unit_c2"": 7}"
235,82,accuracy,10000000000.0,,3.47841704,521762556.0,28698634.0,10000000000.0,4718.8462,"{""activation"": ""elu"", ""batch_size"": 8, ""data_augmentation"": true, ""dr_f"": 0.312127702593, ""learning_rate"": 0.000306083314, ""new_fc_1"": 19, ""new_fc_10"": 4, ""new_fc_2"": 3, ""new_fc_3"": 4, ""new_fc_4"": 19, ""new_fc_5"": 30, ""new_fc_6"": 8, ""new_fc_7"": 29, ""new_fc_8"": 0, ""new_fc_9"": 23, ""num_neurons"": 64, ""optimizer"": ""Adagrad"", ""reg_l2"": false, ""skip_connection"": true, ""unit_c1"": 1, ""unit_c2"": 4}"
236,82,flops,,,0.54578952,81868428.0,1848298.0,,4720.025,"{""activation"": ""elu"", ""batch_size"": 64, ""data_augmentation"": false, ""dr_f"": 0.366476945414, ""learning_rate"": 0.000386661439, ""new_fc_1"": 16, ""new_fc_10"": 31, ""new_fc_2"": 21, ""new_fc_3"": 13, ""new_fc_4"": 8, ""new_fc_5"": 27, ""new_fc_6"": 17, ""new_fc_7"": 6, ""new_fc_8"": 27, ""new_fc_9"": 19, ""num_neurons"": 16, ""optimizer"": ""SGD"", ""reg_l2"": false, ""skip_connection"": false, ""unit_c1"": 3, ""unit_c2"": 4}"
237,82,flops,,,0.029493733333333334,4424060.0,90814.0,,4721.1867,"{""activation"": ""relu"", ""batch_size"": 64, ""data_augmentation"": false, ""dr_f"": 0.212463930011, ""learning_rate"": 0.00080085352, ""new_fc_1"": 22, ""new_fc_10"": 8, ""new_fc_2"": 24, ""new_fc_3"": 13, ""new_fc_4"": 17, ""new_fc_5"": 20, ""new_fc_6"": 18, ""new_fc_7"": 27, ""new_fc_8"": 3, ""new_fc_9"": 24, ""num_neurons"": 4, ""optimizer"": ""SGD"", ""reg_l2"": true, ""skip_connection"": true, ""unit_c1"": 3, ""unit_c2"": 2}"
238,82,flops,,,0.16052637333333333,24078956.0,2088746.0,,4722.3098,"{""activation"": ""swish"", ""batch_size"": 8, ""data_augmentation"": true, ""dr_f"": 0.114213735656, ""learning_rate"": 0.000265405506, ""new_fc_1"": 29, ""new_fc_10"": 17, ""new_fc_2"": 24, ""new_fc_3"": 29, ""new_fc_4"": 13, ""new_fc_5"": 5, ""new_fc_6"": 22, ""new_fc_7"": 15, ""new_fc_8"": 10, ""new_fc_9"": 1, ""num_neurons"": 16, ""optimizer"": ""Adam"", ""reg_l2"": true, ""skip_connection"": false, ""unit_c1"": 1, ""unit_c2"": 3}"
239,83,accuracy,0.8104999959468842,0.18950000405311584,0.048664453333333337,7299668.0,50922.0,-0.41805066683718106,5228.017,"{""activation"": ""relu"", ""batch_size"": 32, ""data_augmentation"": false, ""dr_f"": 0.115204829678, ""learning_rate"": 0.00039298557, ""new_fc_1"": 1, ""new_fc_10"": 6, ""new_fc_2"": 8, ""new_fc_3"": 17, ""new_fc_4"": 28, ""new_fc_5"": 29, ""new_fc_6"": 16, ""new_fc_7"": 22, ""new_fc_8"": 14, ""new_fc_9"": 1, ""num_neurons"": 4, ""optimizer"": ""Adagrad"", ""reg_l2"": false, ""skip_connection"": false, ""unit_c1"": 4, ""unit_c2"": 3}"
240,83,flops,,,3.9932405066666665,598986076.0,3837354.0,,5229.2687,"{""activation"": ""elu"", ""batch_size"": 32, ""data_augmentation"": false, ""dr_f"": 0.362853410699, ""learning_rate"": 0.000209645029, ""new_fc_1"": 4, ""new_fc_10"": 22, ""new_fc_2"": 2, ""new_fc_3"": 6, ""new_fc_4"": 1, ""new_fc_5"": 10, ""new_fc_6"": 11, ""new_fc_7"": 11, ""new_fc_8"": 26, ""new_fc_9"": 20, ""num_neurons"": 32, ""optimizer"": ""Adam"", ""reg_l2"": false, ""skip_connection"": false, ""unit_c1"": 4, ""unit_c2"": 6}"
241,83,flops,,,0.8086070133333333,121291052.0,2243962.0,,5230.4437,"{""activation"": ""elu"", ""batch_size"": 32, ""data_augmentation"": false, ""dr_f"": 0.480290587561, ""learning_rate"": 0.000489258084, ""new_fc_1"": 22, ""new_fc_10"": 10, ""new_fc_2"": 32, ""new_fc_3"": 16, ""new_fc_4"": 10, ""new_fc_5"": 9, ""new_fc_6"": 12, ""new_fc_7"": 15, ""new_fc_8"": 27, ""new_fc_9"": 14, ""num_neurons"": 16, ""optimizer"": ""Adam"", ""reg_l2"": true, ""skip_connection"": false, ""unit_c1"": 4, ""unit_c2"": 4}"
242,84,accuracy,0.32340002059936523,0.6765999794006348,0.26877725333333335,40316588.0,967018.0,-0.6929868095804443,5736.4762,"{""activation"": ""elu"", ""batch_size"": 64, ""data_augmentation"": false, ""dr_f"": 0.042413232809, ""learning_rate"": 0.000237208306, ""new_fc_1"": 28, ""new_fc_10"": 21, ""new_fc_2"": 8, ""new_fc_3"": 10, ""new_fc_4"": 30, ""new_fc_5"": 27, ""new_fc_6"": 29, ""new_fc_7"": 25, ""new_fc_8"": 10, ""new_fc_9"": 14, ""num_neurons"": 8, ""optimizer"": ""Adam"", ""reg_l2"": true, ""skip_connection"": false, ""unit_c1"": 4, ""unit_c2"": 6}"
243,84,flops,,,0.04651912,6977868.0,121986.0,,5737.6221,"{""activation"": ""selu"", ""batch_size"": 32, ""data_augmentation"": false, ""dr_f"": 0.150915779446, ""learning_rate"": 0.000469680458, ""new_fc_1"": 17, ""new_fc_10"": 4, ""new_fc_2"": 11, ""new_fc_3"": 18, ""new_fc_4"": 5, ""new_fc_5"": 6, ""new_fc_6"": 1, ""new_fc_7"": 5, ""new_fc_8"": 29, ""new_fc_9"": 2, ""num_neurons"": 8, ""optimizer"": ""SGD"", ""reg_l2"": false, ""skip_connection"": true, ""unit_c1"": 2, ""unit_c2"": 1}"
244,85,accuracy,0.8892000019550323,0.11079999804496765,0.05659757333333333,8489636.0,198530.0,-0.36058072663147733,5882.4763,"{""activation"": ""swish"", ""batch_size"": 64, ""data_augmentation"": true, ""dr_f"": 0.468412224444, ""learning_rate"": 0.000218460609, ""new_fc_1"": 3, ""new_fc_10"": 23, ""new_fc_2"": 7, ""new_fc_3"": 29, ""new_fc_4"": 24, ""new_fc_5"": 12, ""new_fc_6"": 32, ""new_fc_7"": 4, ""new_fc_8"": 19, ""new_fc_9"": 18, ""num_neurons"": 8, ""optimizer"": ""Adadelta"", ""reg_l2"": false, ""skip_connection"": false, ""unit_c1"": 2, ""unit_c2"": 2}"
245,85,flops,,,0.10028136,15042204.0,1161338.0,,5883.7128,"{""activation"": ""elu"", ""batch_size"": 8, ""data_augmentation"": true, ""dr_f"": 0.421334302825, ""learning_rate"": 0.000945294415, ""new_fc_1"": 23, ""new_fc_10"": 0, ""new_fc_2"": 16, ""new_fc_3"": 15, ""new_fc_4"": 2, ""new_fc_5"": 14, ""new_fc_6"": 6, ""new_fc_7"": 29, ""new_fc_8"": 13, ""new_fc_9"": 16, ""num_neurons"": 16, ""optimizer"": ""Adadelta"", ""reg_l2"": false, ""skip_connection"": false, ""unit_c1"": 1, ""unit_c2"": 2}"
246,85,flops,,,0.07783368,11675052.0,128538.0,,5884.9806,"{""activation"": ""swish"", ""batch_size"": 8, ""data_augmentation"": false, ""dr_f"": 0.479110162743, ""learning_rate"": 0.000837313825, ""new_fc_1"": 12, ""new_fc_10"": 7, ""new_fc_2"": 5, ""new_fc_3"": 9, ""new_fc_4"": 7, ""new_fc_5"": 13, ""new_fc_6"": 11, ""new_fc_7"": 22, ""new_fc_8"": 25, ""new_fc_9"": 17, ""num_neurons"": 4, ""optimizer"": ""Adamax"", ""reg_l2"": false, ""skip_connection"": false, ""unit_c1"": 4, ""unit_c2"": 7}"
247,86,accuracy,0.8999999985098839,0.10000000149011612,0.056062266666666666,8409340.0,326898.0,-0.35318132104308125,6030.3552,"{""activation"": ""relu"", ""batch_size"": 64, ""data_augmentation"": false, ""dr_f"": 0.273150285095, ""learning_rate"": 0.000495329999, ""new_fc_1"": 7, ""new_fc_10"": 32, ""new_fc_2"": 22, ""new_fc_3"": 4, ""new_fc_4"": 28, ""new_fc_5"": 30, ""new_fc_6"": 7, ""new_fc_7"": 6, ""new_fc_8"": 18, ""new_fc_9"": 30, ""num_neurons"": 8, ""optimizer"": ""Adam"", ""reg_l2"": true, ""skip_connection"": true, ""unit_c1"": 1, ""unit_c2"": 4}"
248,86,flops,,,7.07636008,1061454012.0,35532746.0,,6033.0657,"{""activation"": ""swish"", ""batch_size"": 64, ""data_augmentation"": true, ""dr_f"": 0.07653492384, ""learning_rate"": 0.000920445165, ""new_fc_1"": 19, ""new_fc_10"": 20, ""new_fc_2"": 3, ""new_fc_3"": 20, ""new_fc_4"": 27, ""new_fc_5"": 9, ""new_fc_6"": 15, ""new_fc_7"": 22, ""new_fc_8"": 11, ""new_fc_9"": 20, ""num_neurons"": 64, ""optimizer"": ""Adam"", ""reg_l2"": true, ""skip_connection"": true, ""unit_c1"": 2, ""unit_c2"": 5}"
249,86,flops,,,0.019143386666666668,2871508.0,58202.0,,6034.1159,"{""activation"": ""elu"", ""batch_size"": 64, ""data_augmentation"": true, ""dr_f"": 0.290740327252, ""learning_rate"": 0.000931544039, ""new_fc_1"": 3, ""new_fc_10"": 21, ""new_fc_2"": 21, ""new_fc_3"": 7, ""new_fc_4"": 13, ""new_fc_5"": 17, ""new_fc_6"": 26, ""new_fc_7"": 27, ""new_fc_8"": 27, ""new_fc_9"": 8, ""num_neurons"": 4, ""optimizer"": ""Adamax"", ""reg_l2"": false, ""skip_connection"": false, ""unit_c1"": 2, ""unit_c2"": 3}"
250,87,accuracy,0.5069999992847443,0.49300000071525574,0.05420328,8130492.0,187314.0,-0.628839016500679,6599.5377,"{""activation"": ""elu"", ""batch_size"": 32, ""data_augmentation"": true, ""dr_f"": 0.30337778863, ""learning_rate"": 0.000943260116, ""new_fc_1"": 2, ""new_fc_10"": 16, ""new_fc_2"": 22, ""new_fc_3"": 18, ""new_fc_4"": 0, ""new_fc_5"": 10, ""new_fc_6"": 13, ""new_fc_7"": 30, ""new_fc_8"": 30, ""new_fc_9"": 3, ""num_neurons"": 8, ""optimizer"": ""SGD"", ""reg_l2"": false, ""skip_connection"": true, ""unit_c1"": 1, ""unit_c2"": 4}"
251,88,accuracy,10000000000.0,,2.7855784266666666,417836764.0,4953322.0,10000000000.0,6601.7026,"{""activation"": ""selu"", ""batch_size"": 32, ""data_augmentation"": false, ""dr_f"": 0.302686971752, ""learning_rate"": 0.000677266934, ""new_fc_1"": 11, ""new_fc_10"": 20, ""new_fc_2"": 13, ""new_fc_3"": 29, ""new_fc_4"": 22, ""new_fc_5"": 9, ""new_fc_6"": 9, ""new_fc_7"": 17, ""new_fc_8"": 3, ""new_fc_9"": 32, ""num_neurons"": 32, ""optimizer"": ""Adam"", ""reg_l2"": true, ""skip_connection"": false, ""unit_c1"": 4, ""unit_c2"": 3}"
252,88,flops,,,0.18611954666666666,27917932.0,504986.0,,6603.109,"{""activation"": ""relu"", ""batch_size"": 64, ""data_augmentation"": true, ""dr_f"": 0.443785588315, ""learning_rate"": 0.000430084604, ""new_fc_1"": 32, ""new_fc_10"": 3, ""new_fc_2"": 4, ""new_fc_3"": 15, ""new_fc_4"": 10, ""new_fc_5"": 20, ""new_fc_6"": 4, ""new_fc_7"": 29, ""new_fc_8"": 10, ""new_fc_9"": 27, ""num_neurons"": 8, ""optimizer"": ""SGD"", ""reg_l2"": true, ""skip_connection"": false, ""unit_c1"": 4, ""unit_c2"": 3}"
253,89,accuracy,10000000000.0,,1.3704006133333333,205560092.0,4169866.0,10000000000.0,6604.661,"{""activation"": ""swish"", ""batch_size"": 64, ""data_augmentation"": false, ""dr_f"": 0.371686370893, ""learning_rate"": 0.000293646264, ""new_fc_1"": 24, ""new_fc_10"": 31, ""new_fc_2"": 8, ""new_fc_3"": 4, ""new_fc_4"": 17, ""new_fc_5"": 13, ""new_fc_6"": 12, ""new_fc_7"": 23, ""new_fc_8"": 25, ""new_fc_9"": 25, ""num_neurons"": 16, ""optimizer"": ""Adagrad"", ""reg_l2"": true, ""skip_connection"": true, ""unit_c1"": 4, ""unit_c2"": 8}"
254,90,accuracy,0.8589999973773956,0.14100000262260437,0.4336879733333333,65053196.0,1573114.0,-0.26859360983582303,7049.6602,"{""activation"": ""relu"", ""batch_size"": 16, ""data_augmentation"": true, ""dr_f"": 0.088442812324, ""learning_rate"": 0.00070182576, ""new_fc_1"": 9, ""new_fc_10"": 0, ""new_fc_2"": 2, ""new_fc_3"": 7, ""new_fc_4"": 28, ""new_fc_5"": 28, ""new_fc_6"": 29, ""new_fc_7"": 16, ""new_fc_8"": 29, ""new_fc_9"": 5, ""num_neurons"": 16, ""optimizer"": ""SGD"", ""reg_l2"": true, ""skip_connection"": false, ""unit_c1"": 2, ""unit_c2"": 5}"
255,90,flops,,,0.17874626666666665,26811940.0,937178.0,,7050.7224,"{""activation"": ""swish"", ""batch_size"": 8, ""data_augmentation"": false, ""dr_f"": 0.109812015491, ""learning_rate"": 0.000767841796, ""new_fc_1"": 24, ""new_fc_10"": 18, ""new_fc_2"": 17, ""new_fc_3"": 32, ""new_fc_4"": 21, ""new_fc_5"": 12, ""new_fc_6"": 30, ""new_fc_7"": 5, ""new_fc_8"": 22, ""new_fc_9"": 18, ""num_neurons"": 8, ""optimizer"": ""Adadelta"", ""reg_l2"": false, ""skip_connection"": true, ""unit_c1"": 2, ""unit_c2"": 7}"
256,90,flops,,,0.027951386666666668,4192708.0,50734.0,,7051.959,"{""activation"": ""selu"", ""batch_size"": 16, ""data_augmentation"": false, ""dr_f"": 0.486794810533, ""learning_rate"": 0.000221066904, ""new_fc_1"": 3, ""new_fc_10"": 6, ""new_fc_2"": 17, ""new_fc_3"": 11, ""new_fc_4"": 31, ""new_fc_5"": 16, ""new_fc_6"": 32, ""new_fc_7"": 13, ""new_fc_8"": 12, ""new_fc_9"": 21, ""num_neurons"": 4, ""optimizer"": ""SGD"", ""reg_l2"": false, ""skip_connection"": false, ""unit_c1"": 3, ""unit_c2"": 2}"
257,91,accuracy,0.5485999882221222,0.4514000117778778,0.2595663733333333,38934956.0,275946.0,-0.5381100962445144,9178.2273,"{""activation"": ""selu"", ""batch_size"": 8, ""data_augmentation"": true, ""dr_f"": 0.248144208234, ""learning_rate"": 0.000758976442, ""new_fc_1"": 4, ""new_fc_10"": 5, ""new_fc_2"": 8, ""new_fc_3"": 17, ""new_fc_4"": 3, ""new_fc_5"": 16, ""new_fc_6"": 16, ""new_fc_7"": 19, ""new_fc_8"": 25, ""new_fc_9"": 25, ""num_neurons"": 8, ""optimizer"": ""Adadelta"", ""reg_l2"": true, ""skip_connection"": false, ""unit_c1"": 4, ""unit_c2"": 6}"
258,91,flops,,,3.5707886666666666,535618300.0,9635978.0,,9179.8136,"{""activation"": ""elu"", ""batch_size"": 32, ""data_augmentation"": false, ""dr_f"": 0.18303692189, ""learning_rate"": 0.000285703153, ""new_fc_1"": 16, ""new_fc_10"": 1, ""new_fc_2"": 30, ""new_fc_3"": 10, ""new_fc_4"": 13, ""new_fc_5"": 20, ""new_fc_6"": 7, ""new_fc_7"": 4, ""new_fc_8"": 27, ""new_fc_9"": 2, ""num_neurons"": 32, ""optimizer"": ""Adam"", ""reg_l2"": false, ""skip_connection"": true, ""unit_c1"": 3, ""unit_c2"": 7}"
259,92,accuracy,0.8919999971985817,0.1080000028014183,0.047679386666666664,7151908.0,271218.0,-0.3612961859609928,9324.9959,"{""activation"": ""swish"", ""batch_size"": 64, ""data_augmentation"": false, ""dr_f"": 0.400597554238, ""learning_rate"": 0.000341606979, ""new_fc_1"": 26, ""new_fc_10"": 27, ""new_fc_2"": 9, ""new_fc_3"": 11, ""new_fc_4"": 0, ""new_fc_5"": 23, ""new_fc_6"": 18, ""new_fc_7"": 24, ""new_fc_8"": 25, ""new_fc_9"": 8, ""num_neurons"": 8, ""optimizer"": ""Adadelta"", ""reg_l2"": true, ""skip_connection"": false, ""unit_c1"": 2, ""unit_c2"": 1}"
260,92,flops,,,0.01364272,2046408.0,47354.0,,9326.1638,"{""activation"": ""elu"", ""batch_size"": 32, ""data_augmentation"": true, ""dr_f"": 0.477456431672, ""learning_rate"": 0.000527369083, ""new_fc_1"": 22, ""new_fc_10"": 20, ""new_fc_2"": 20, ""new_fc_3"": 17, ""new_fc_4"": 11, ""new_fc_5"": 1, ""new_fc_6"": 0, ""new_fc_7"": 24, ""new_fc_8"": 4, ""new_fc_9"": 12, ""num_neurons"": 4, ""optimizer"": ""Adam"", ""reg_l2"": true, ""skip_connection"": true, ""unit_c1"": 2, ""unit_c2"": 1}"
261,93,accuracy,0.5703000128269196,0.42969998717308044,0.02507656,3761484.0,56990.0,-0.5932670230211563,9651.8266,"{""activation"": ""elu"", ""batch_size"": 64, ""data_augmentation"": false, ""dr_f"": 0.363795941568, ""learning_rate"": 0.000865288449, ""new_fc_1"": 5, ""new_fc_10"": 14, ""new_fc_2"": 25, ""new_fc_3"": 32, ""new_fc_4"": 19, ""new_fc_5"": 7, ""new_fc_6"": 12, ""new_fc_7"": 9, ""new_fc_8"": 24, ""new_fc_9"": 25, ""num_neurons"": 4, ""optimizer"": ""Adamax"", ""reg_l2"": false, ""skip_connection"": false, ""unit_c1"": 3, ""unit_c2"": 1}"
262,94,accuracy,10000000000.0,,3.3182357066666666,497735356.0,19041546.0,10000000000.0,9654.6997,"{""activation"": ""relu"", ""batch_size"": 64, ""data_augmentation"": true, ""dr_f"": 0.055647897902, ""learning_rate"": 0.000418071553, ""new_fc_1"": 18, ""new_fc_10"": 10, ""new_fc_2"": 14, ""new_fc_3"": 22, ""new_fc_4"": 32, ""new_fc_5"": 0, ""new_fc_6"": 0, ""new_fc_7"": 6, ""new_fc_8"": 12, ""new_fc_9"": 32, ""num_neurons"": 64, ""optimizer"": ""Adamax"", ""reg_l2"": false, ""skip_connection"": false, ""unit_c1"": 2, ""unit_c2"": 2}"
263,95,accuracy,10000000000.0,,1.7125362933333332,256880444.0,3419050.0,10000000000.0,9657.01,"{""activation"": ""swish"", ""batch_size"": 8, ""data_augmentation"": false, ""dr_f"": 0.079939135423, ""learning_rate"": 0.000889027854, ""new_fc_1"": 1, ""new_fc_10"": 14, ""new_fc_2"": 12, ""new_fc_3"": 21, ""new_fc_4"": 12, ""new_fc_5"": 6, ""new_fc_6"": 32, ""new_fc_7"": 27, ""new_fc_8"": 32, ""new_fc_9"": 3, ""num_neurons"": 32, ""optimizer"": ""Adagrad"", ""reg_l2"": true, ""skip_connection"": true, ""unit_c1"": 2, ""unit_c2"": 5}"
264,95,flops,,,0.0379436,5691540.0,136174.0,,9658.3124,"{""activation"": ""selu"", ""batch_size"": 32, ""data_augmentation"": true, ""dr_f"": 0.197124175785, ""learning_rate"": 0.000336101293, ""new_fc_1"": 21, ""new_fc_10"": 12, ""new_fc_2"": 4, ""new_fc_3"": 18, ""new_fc_4"": 19, ""new_fc_5"": 29, ""new_fc_6"": 9, ""new_fc_7"": 31, ""new_fc_8"": 15, ""new_fc_9"": 24, ""num_neurons"": 4, ""optimizer"": ""Adam"", ""reg_l2"": false, ""skip_connection"": false, ""unit_c1"": 3, ""unit_c2"": 4}"
265,95,flops,,,0.027390373333333332,4108556.0,275506.0,,9659.6752,"{""activation"": ""elu"", ""batch_size"": 8, ""data_augmentation"": true, ""dr_f"": 0.442244513381, ""learning_rate"": 0.000327191697, ""new_fc_1"": 18, ""new_fc_10"": 10, ""new_fc_2"": 18, ""new_fc_3"": 15, ""new_fc_4"": 4, ""new_fc_5"": 8, ""new_fc_6"": 31, ""new_fc_7"": 14, ""new_fc_8"": 14, ""new_fc_9"": 14, ""num_neurons"": 8, ""optimizer"": ""Adam"", ""reg_l2"": false, ""skip_connection"": true, ""unit_c1"": 1, ""unit_c2"": 2}"
266,96,accuracy,0.4718000292778015,0.5281999707221985,0.04651912,6977868.0,121986.0,-0.655784243505539,10224.1554,"{""activation"": ""selu"", ""batch_size"": 32, ""data_augmentation"": false, ""dr_f"": 0.150915779446, ""learning_rate"": 0.000469680458, ""new_fc_1"": 17, ""new_fc_10"": 4, ""new_fc_2"": 11, ""new_fc_3"": 18, ""new_fc_4"": 5, ""new_fc_5"": 6, ""new_fc_6"": 1, ""new_fc_7"": 5, ""new_fc_8"": 29, ""new_fc_9"": 2, ""num_neurons"": 8, ""optimizer"": ""SGD"", ""reg_l2"": false, ""skip_connection"": true, ""unit_c1"": 2, ""unit_c2"": 1}"
267,97,accuracy,10000000000.0,,4.256051813333333,638407772.0,17925642.0,10000000000.0,10225.7985,"{""activation"": ""selu"", ""batch_size"": 32, ""data_augmentation"": false, ""dr_f"": 0.267406481466, ""learning_rate"": 0.000348797336, ""new_fc_1"": 29, ""new_fc_10"": 14, ""new_fc_2"": 14, ""new_fc_3"": 0, ""new_fc_4"": 17, ""new_fc_5"": 29, ""new_fc_6"": 12, ""new_fc_7"": 6, ""new_fc_8"": 11, ""new_fc_9"": 5, ""num_neurons"": 32, ""optimizer"": ""SGD"", ""reg_l2"": true, ""skip_connection"": true, ""unit_c1"": 3, ""unit_c2"": 8}"
268,97,flops,,,12.3782916,1856743740.0,21042058.0,,10227.9268,"{""activation"": ""swish"", ""batch_size"": 32, ""data_augmentation"": false, ""dr_f"": 0.433553987738, ""learning_rate"": 0.000750961462, ""new_fc_1"": 4, ""new_fc_10"": 4, ""new_fc_2"": 16, ""new_fc_3"": 31, ""new_fc_4"": 13, ""new_fc_5"": 32, ""new_fc_6"": 10, ""new_fc_7"": 9, ""new_fc_8"": 14, ""new_fc_9"": 23, ""num_neurons"": 64, ""optimizer"": ""Adadelta"", ""reg_l2"": false, ""skip_connection"": false, ""unit_c1"": 2, ""unit_c2"": 8}"
269,97,flops,,,0.21385149333333334,32077724.0,1098154.0,,10229.5042,"{""activation"": ""elu"", ""batch_size"": 32, ""data_augmentation"": false, ""dr_f"": 0.383138805887, ""learning_rate"": 0.000259882897, ""new_fc_1"": 29, ""new_fc_10"": 0, ""new_fc_2"": 3, ""new_fc_3"": 17, ""new_fc_4"": 25, ""new_fc_5"": 18, ""new_fc_6"": 1, ""new_fc_7"": 8, ""new_fc_8"": 18, ""new_fc_9"": 17, ""num_neurons"": 8, ""optimizer"": ""Adam"", ""reg_l2"": false, ""skip_connection"": true, ""unit_c1"": 2, ""unit_c2"": 8}"
270,97,flops,,,0.05458469333333334,8187704.0,215766.0,,10230.6322,"{""activation"": ""selu"", ""batch_size"": 64, ""data_augmentation"": false, ""dr_f"": 0.194278768238, ""learning_rate"": 0.000253869231, ""new_fc_1"": 17, ""new_fc_10"": 19, ""new_fc_2"": 32, ""new_fc_3"": 31, ""new_fc_4"": 19, ""new_fc_5"": 29, ""new_fc_6"": 32, ""new_fc_7"": 4, ""new_fc_8"": 27, ""new_fc_9"": 1, ""num_neurons"": 4, ""optimizer"": ""Adamax"", ""reg_l2"": true, ""skip_connection"": true, ""unit_c1"": 2, ""unit_c2"": 8}"
271,98,accuracy,0.8999999985098839,0.10000000149011612,0.25648914666666667,38473372.0,4030986.0,-0.29305325704308127,10675.7868,"{""activation"": ""relu"", ""batch_size"": 16, ""data_augmentation"": false, ""dr_f"": 0.398953663215, ""learning_rate"": 0.000655630805, ""new_fc_1"": 26, ""new_fc_10"": 7, ""new_fc_2"": 11, ""new_fc_3"": 20, ""new_fc_4"": 15, ""new_fc_5"": 24, ""new_fc_6"": 7, ""new_fc_7"": 17, ""new_fc_8"": 14, ""new_fc_9"": 26, ""num_neurons"": 32, ""optimizer"": ""Adam"", ""reg_l2"": true, ""skip_connection"": true, ""unit_c1"": 1, ""unit_c2"": 1}"
272,99,accuracy,0.40119999647140503,0.598800003528595,0.05135794666666667,7703692.0,184430.0,-0.7037526184700165,11001.5818,"{""activation"": ""selu"", ""batch_size"": 64, ""data_augmentation"": true, ""dr_f"": 0.21592197888, ""learning_rate"": 0.000830245354, ""new_fc_1"": 24, ""new_fc_10"": 29, ""new_fc_2"": 3, ""new_fc_3"": 12, ""new_fc_4"": 5, ""new_fc_5"": 22, ""new_fc_6"": 5, ""new_fc_7"": 30, ""new_fc_8"": 9, ""new_fc_9"": 21, ""num_neurons"": 4, ""optimizer"": ""Adamax"", ""reg_l2"": false, ""skip_connection"": false, ""unit_c1"": 3, ""unit_c2"": 6}"
273,100,accuracy,0.3183000087738037,0.6816999912261963,0.027390373333333332,4108556.0,275506.0,-0.7689728818583373,12646.5451,"{""activation"": ""elu"", ""batch_size"": 8, ""data_augmentation"": true, ""dr_f"": 0.442244513381, ""learning_rate"": 0.000327191697, ""new_fc_1"": 18, ""new_fc_10"": 10, ""new_fc_2"": 18, ""new_fc_3"": 15, ""new_fc_4"": 4, ""new_fc_5"": 8, ""new_fc_6"": 31, ""new_fc_7"": 14, ""new_fc_8"": 14, ""new_fc_9"": 14, ""num_neurons"": 8, ""optimizer"": ""Adam"", ""reg_l2"": false, ""skip_connection"": true, ""unit_c1"": 1, ""unit_c2"": 2}"
274,101,accuracy,0.34119999408721924,0.6588000059127808,0.042329226666666664,6349384.0,229770.0,-0.7484612361389464,566.1311,"{""activation"": ""swish"", ""batch_size"": 32, ""data_augmentation"": false, ""dr_f"": 0.241340939214, ""learning_rate"": 0.000631820847, ""new_fc_1"": 22, ""new_fc_10"": 27, ""new_fc_2"": 0, ""new_fc_3"": 23, ""new_fc_4"": 4, ""new_fc_5"": 27, ""new_fc_6"": 10, ""new_fc_7"": 11, ""new_fc_8"": 18, ""new_fc_9"": 23, ""num_neurons"": 4, ""optimizer"": ""Adamax"", ""reg_l2"": false, ""skip_connection"": false, ""unit_c1"": 1, ""unit_c2"": 8}"
275,101,flops,,,0.06477896,9716844.0,787210.0,,567.1804,"{""activation"": ""relu"", ""batch_size"": 8, ""data_augmentation"": false, ""dr_f"": 0.147191818304, ""learning_rate"": 0.000559679141, ""new_fc_1"": 26, ""new_fc_10"": 15, ""new_fc_2"": 19, ""new_fc_3"": 12, ""new_fc_4"": 15, ""new_fc_5"": 16, ""new_fc_6"": 12, ""new_fc_7"": 1, ""new_fc_8"": 2, ""new_fc_9"": 1, ""num_neurons"": 16, ""optimizer"": ""Adadelta"", ""reg_l2"": true, ""skip_connection"": true, ""unit_c1"": 1, ""unit_c2"": 1}"
276,101,flops,,,0.07186674666666666,10780012.0,308410.0,,568.4959,"{""activation"": ""swish"", ""batch_size"": 16, ""data_augmentation"": true, ""dr_f"": 0.075724189631, ""learning_rate"": 0.000391513357, ""new_fc_1"": 9, ""new_fc_10"": 10, ""new_fc_2"": 17, ""new_fc_3"": 24, ""new_fc_4"": 21, ""new_fc_5"": 7, ""new_fc_6"": 14, ""new_fc_7"": 32, ""new_fc_8"": 20, ""new_fc_9"": 16, ""num_neurons"": 8, ""optimizer"": ""Adam"", ""reg_l2"": false, ""skip_connection"": false, ""unit_c1"": 2, ""unit_c2"": 3}"
277,102,accuracy,10000000000.0,,14.411598906666667,2161739836.0,54842762.0,10000000000.0,571.8244,"{""activation"": ""selu"", ""batch_size"": 16, ""data_augmentation"": true, ""dr_f"": 0.294186896345, ""learning_rate"": 0.000703728386, ""new_fc_1"": 24, ""new_fc_10"": 13, ""new_fc_2"": 1, ""new_fc_3"": 29, ""new_fc_4"": 23, ""new_fc_5"": 10, ""new_fc_6"": 1, ""new_fc_7"": 14, ""new_fc_8"": 14, ""new_fc_9"": 27, ""num_neurons"": 64, ""optimizer"": ""SGD"", ""reg_l2"": false, ""skip_connection"": true, ""unit_c1"": 3, ""unit_c2"": 7}"
278,102,flops,,,0.054161973333333335,8124296.0,57758.0,,572.8351,"{""activation"": ""selu"", ""batch_size"": 32, ""data_augmentation"": false, ""dr_f"": 0.187303559572, ""learning_rate"": 0.000648467513, ""new_fc_1"": 7, ""new_fc_10"": 13, ""new_fc_2"": 31, ""new_fc_3"": 17, ""new_fc_4"": 4, ""new_fc_5"": 7, ""new_fc_6"": 15, ""new_fc_7"": 6, ""new_fc_8"": 24, ""new_fc_9"": 3, ""num_neurons"": 4, ""optimizer"": ""SGD"", ""reg_l2"": true, ""skip_connection"": false, ""unit_c1"": 4, ""unit_c2"": 4}"
279,102,flops,,,20.381523173333335,3057228476.0,15137930.0,,574.5457,"{""activation"": ""selu"", ""batch_size"": 32, ""data_augmentation"": true, ""dr_f"": 0.250706068318, ""learning_rate"": 0.000889344738, ""new_fc_1"": 3, ""new_fc_10"": 0, ""new_fc_2"": 24, ""new_fc_3"": 2, ""new_fc_4"": 32, ""new_fc_5"": 21, ""new_fc_6"": 4, ""new_fc_7"": 15, ""new_fc_8"": 7, ""new_fc_9"": 6, ""num_neurons"": 64, ""optimizer"": ""Adam"", ""reg_l2"": true, ""skip_connection"": false, ""unit_c1"": 4, ""unit_c2"": 8}"
280,103,accuracy,0.5609000027179718,0.4390999972820282,0.05458469333333334,8187704.0,215766.0,-0.5909945900974196,959.535,"{""activation"": ""selu"", ""batch_size"": 64, ""data_augmentation"": false, ""dr_f"": 0.194278768238, ""learning_rate"": 0.000253869231, ""new_fc_1"": 17, ""new_fc_10"": 19, ""new_fc_2"": 32, ""new_fc_3"": 31, ""new_fc_4"": 19, ""new_fc_5"": 29, ""new_fc_6"": 32, ""new_fc_7"": 4, ""new_fc_8"": 27, ""new_fc_9"": 1, ""num_neurons"": 4, ""optimizer"": ""Adamax"", ""reg_l2"": true, ""skip_connection"": true, ""unit_c1"": 2, ""unit_c2"": 8}"
281,103,flops,,,2.1016987466666666,315254812.0,5174634.0,,961.1157,"{""activation"": ""selu"", ""batch_size"": 16, ""data_augmentation"": false, ""dr_f"": 0.259687825753, ""learning_rate"": 0.000894172315, ""new_fc_1"": 7, ""new_fc_10"": 25, ""new_fc_2"": 13, ""new_fc_3"": 2, ""new_fc_4"": 5, ""new_fc_5"": 16, ""new_fc_6"": 3, ""new_fc_7"": 24, ""new_fc_8"": 19, ""new_fc_9"": 25, ""num_neurons"": 32, ""optimizer"": ""SGD"", ""reg_l2"": false, ""skip_connection"": false, ""unit_c1"": 2, ""unit_c2"": 6}"
282,104,accuracy,0.8693999946117401,0.1306000053882599,0.26400029333333336,39600044.0,608730.0,-0.3122199157717819,1466.1947,"{""activation"": ""relu"", ""batch_size"": 16, ""data_augmentation"": false, ""dr_f"": 0.083533550407, ""learning_rate"": 0.000214731363, ""new_fc_1"": 14, ""new_fc_10"": 6, ""new_fc_2"": 10, ""new_fc_3"": 30, ""new_fc_4"": 14, ""new_fc_5"": 32, ""new_fc_6"": 10, ""new_fc_7"": 32, ""new_fc_8"": 21, ""new_fc_9"": 29, ""num_neurons"": 8, ""optimizer"": ""Adadelta"", ""reg_l2"": true, ""skip_connection"": false, ""unit_c1"": 4, ""unit_c2"": 6}"
283,104,flops,,,4.70469224,705703836.0,17233066.0,,1468.2183,"{""activation"": ""selu"", ""batch_size"": 32, ""data_augmentation"": false, ""dr_f"": 0.486657861046, ""learning_rate"": 0.000949393499, ""new_fc_1"": 32, ""new_fc_10"": 28, ""new_fc_2"": 14, ""new_fc_3"": 10, ""new_fc_4"": 0, ""new_fc_5"": 11, ""new_fc_6"": 0, ""new_fc_7"": 18, ""new_fc_8"": 1, ""new_fc_9"": 25, ""num_neurons"": 32, ""optimizer"": ""Adamax"", ""reg_l2"": false, ""skip_connection"": false, ""unit_c1"": 4, ""unit_c2"": 7}"
284,104,flops,,,0.05528952,8293428.0,268746.0,,1469.5054,"{""activation"": ""elu"", ""batch_size"": 16, ""data_augmentation"": false, ""dr_f"": 0.114545553252, ""learning_rate"": 0.000660168566, ""new_fc_1"": 8, ""new_fc_10"": 2, ""new_fc_2"": 17, ""new_fc_3"": 1, ""new_fc_4"": 6, ""new_fc_5"": 22, ""new_fc_6"": 12, ""new_fc_7"": 19, ""new_fc_8"": 31, ""new_fc_9"": 17, ""num_neurons"": 8, ""optimizer"": ""Adamax"", ""reg_l2"": true, ""skip_connection"": true, ""unit_c1"": 1, ""unit_c2"": 4}"
285,104,flops,,,1.04695752,157043628.0,3993418.0,,1471.0535,"{""activation"": ""swish"", ""batch_size"": 16, ""data_augmentation"": false, ""dr_f"": 0.317314625279, ""learning_rate"": 0.000694976706, ""new_fc_1"": 23, ""new_fc_10"": 16, ""new_fc_2"": 22, ""new_fc_3"": 23, ""new_fc_4"": 17, ""new_fc_5"": 11, ""new_fc_6"": 32, ""new_fc_7"": 5, ""new_fc_8"": 20, ""new_fc_9"": 20, ""num_neurons"": 16, ""optimizer"": ""Adagrad"", ""reg_l2"": false, ""skip_connection"": false, ""unit_c1"": 3, ""unit_c2"": 8}"
286,105,accuracy,0.6355000138282776,0.3644999861717224,0.005533226666666667,829984.0,59514.0,-0.5534900223202057,2035.8458,"{""activation"": ""selu"", ""batch_size"": 32, ""data_augmentation"": false, ""dr_f"": 0.195133696374, ""learning_rate"": 0.000974575537, ""new_fc_1"": 17, ""new_fc_10"": 4, ""new_fc_2"": 26, ""new_fc_3"": 12, ""new_fc_4"": 11, ""new_fc_5"": 14, ""new_fc_6"": 15, ""new_fc_7"": 22, ""new_fc_8"": 23, ""new_fc_9"": 17, ""num_neurons"": 4, ""optimizer"": ""Adagrad"", ""reg_l2"": false, ""skip_connection"": true, ""unit_c1"": 1, ""unit_c2"": 1}"
287,106,accuracy,0.8999999985098839,0.10000000149011612,0.52953864,79430796.0,1118074.0,-0.2111384090430813,2721.0419,"{""activation"": ""relu"", ""batch_size"": 8, ""data_augmentation"": false, ""dr_f"": 0.488873939667, ""learning_rate"": 0.000966444714, ""new_fc_1"": 4, ""new_fc_10"": 18, ""new_fc_2"": 16, ""new_fc_3"": 22, ""new_fc_4"": 13, ""new_fc_5"": 26, ""new_fc_6"": 25, ""new_fc_7"": 4, ""new_fc_8"": 13, ""new_fc_9"": 16, ""num_neurons"": 16, ""optimizer"": ""Adam"", ""reg_l2"": false, ""skip_connection"": false, ""unit_c1"": 2, ""unit_c2"": 6}"
288,107,accuracy,0.39329999685287476,0.6067000031471252,0.6451817333333333,96777260.0,1749818.0,-0.5311354822029877,3286.4356,"{""activation"": ""selu"", ""batch_size"": 64, ""data_augmentation"": false, ""dr_f"": 0.165378133643, ""learning_rate"": 0.00036443615, ""new_fc_1"": 29, ""new_fc_10"": 2, ""new_fc_2"": 27, ""new_fc_3"": 16, ""new_fc_4"": 32, ""new_fc_5"": 31, ""new_fc_6"": 1, ""new_fc_7"": 31, ""new_fc_8"": 1, ""new_fc_9"": 13, ""num_neurons"": 16, ""optimizer"": ""Adagrad"", ""reg_l2"": true, ""skip_connection"": false, ""unit_c1"": 4, ""unit_c2"": 2}"
289,107,flops,,,1.5563903733333333,233458556.0,3579434.0,,3287.8807,"{""activation"": ""elu"", ""batch_size"": 32, ""data_augmentation"": true, ""dr_f"": 0.409813316567, ""learning_rate"": 0.000105623173, ""new_fc_1"": 16, ""new_fc_10"": 5, ""new_fc_2"": 4, ""new_fc_3"": 4, ""new_fc_4"": 14, ""new_fc_5"": 31, ""new_fc_6"": 7, ""new_fc_7"": 17, ""new_fc_8"": 16, ""new_fc_9"": 4, ""num_neurons"": 32, ""optimizer"": ""Adam"", ""reg_l2"": false, ""skip_connection"": true, ""unit_c1"": 3, ""unit_c2"": 2}"
290,107,flops,,,0.04193936,6290904.0,54354.0,,3289.0561,"{""activation"": ""relu"", ""batch_size"": 16, ""data_augmentation"": false, ""dr_f"": 0.080326184669, ""learning_rate"": 0.000313277167, ""new_fc_1"": 14, ""new_fc_10"": 14, ""new_fc_2"": 30, ""new_fc_3"": 3, ""new_fc_4"": 31, ""new_fc_5"": 11, ""new_fc_6"": 28, ""new_fc_7"": 24, ""new_fc_8"": 7, ""new_fc_9"": 5, ""num_neurons"": 4, ""optimizer"": ""Adadelta"", ""reg_l2"": false, ""skip_connection"": true, ""unit_c1"": 4, ""unit_c2"": 1}"
291,108,accuracy,0.7703000009059906,0.2296999990940094,0.10758552,16137828.0,391562.0,-0.42851434336580657,3553.962,"{""activation"": ""elu"", ""batch_size"": 32, ""data_augmentation"": false, ""dr_f"": 0.368337771474, ""learning_rate"": 0.00032450595, ""new_fc_1"": 24, ""new_fc_10"": 27, ""new_fc_2"": 22, ""new_fc_3"": 32, ""new_fc_4"": 29, ""new_fc_5"": 7, ""new_fc_6"": 21, ""new_fc_7"": 2, ""new_fc_8"": 16, ""new_fc_9"": 5, ""num_neurons"": 8, ""optimizer"": ""Adagrad"", ""reg_l2"": true, ""skip_connection"": true, ""unit_c1"": 3, ""unit_c2"": 2}"
292,108,flops,,,12.418478906666667,1862771836.0,19629258.0,,3555.9404,"{""activation"": ""elu"", ""batch_size"": 64, ""data_augmentation"": false, ""dr_f"": 0.420565044507, ""learning_rate"": 0.000787059267, ""new_fc_1"": 9, ""new_fc_10"": 25, ""new_fc_2"": 11, ""new_fc_3"": 6, ""new_fc_4"": 25, ""new_fc_5"": 7, ""new_fc_6"": 20, ""new_fc_7"": 28, ""new_fc_8"": 13, ""new_fc_9"": 13, ""num_neurons"": 64, ""optimizer"": ""Adagrad"", ""reg_l2"": false, ""skip_connection"": false, ""unit_c1"": 4, ""unit_c2"": 4}"
293,109,accuracy,0.5067999958992004,0.49320000410079956,0.019143386666666668,2871508.0,58202.0,-0.6394969868705597,3940.6297,"{""activation"": ""elu"", ""batch_size"": 64, ""data_augmentation"": true, ""dr_f"": 0.290740327252, ""learning_rate"": 0.000931544039, ""new_fc_1"": 3, ""new_fc_10"": 21, ""new_fc_2"": 21, ""new_fc_3"": 7, ""new_fc_4"": 13, ""new_fc_5"": 17, ""new_fc_6"": 26, ""new_fc_7"": 27, ""new_fc_8"": 27, ""new_fc_9"": 8, ""num_neurons"": 4, ""optimizer"": ""Adamax"", ""reg_l2"": false, ""skip_connection"": false, ""unit_c1"": 2, ""unit_c2"": 3}"
294,109,flops,,,4.508785893333333,676317884.0,10887690.0,,3942.4041,"{""activation"": ""elu"", ""batch_size"": 32, ""data_augmentation"": true, ""dr_f"": 0.374860645395, ""learning_rate"": 0.00075224463, ""new_fc_1"": 2, ""new_fc_10"": 21, ""new_fc_2"": 14, ""new_fc_3"": 17, ""new_fc_4"": 14, ""new_fc_5"": 15, ""new_fc_6"": 14, ""new_fc_7"": 4, ""new_fc_8"": 5, ""new_fc_9"": 28, ""num_neurons"": 64, ""optimizer"": ""Adagrad"", ""reg_l2"": false, ""skip_connection"": true, ""unit_c1"": 1, ""unit_c2"": 5}"
295,110,accuracy,10000000000.0,,2.1016987466666666,315254812.0,5174634.0,10000000000.0,3943.6614,"{""activation"": ""selu"", ""batch_size"": 16, ""data_augmentation"": false, ""dr_f"": 0.259687825753, ""learning_rate"": 0.000894172315, ""new_fc_1"": 7, ""new_fc_10"": 25, ""new_fc_2"": 13, ""new_fc_3"": 2, ""new_fc_4"": 5, ""new_fc_5"": 16, ""new_fc_6"": 3, ""new_fc_7"": 24, ""new_fc_8"": 19, ""new_fc_9"": 25, ""num_neurons"": 32, ""optimizer"": ""SGD"", ""reg_l2"": false, ""skip_connection"": false, ""unit_c1"": 2, ""unit_c2"": 6}"
296,110,flops,,,0.10208765333333333,15313148.0,1092794.0,,3945.0551,"{""activation"": ""relu"", ""batch_size"": 32, ""data_augmentation"": true, ""dr_f"": 0.216570021572, ""learning_rate"": 0.000447326667, ""new_fc_1"": 15, ""new_fc_10"": 28, ""new_fc_2"": 6, ""new_fc_3"": 4, ""new_fc_4"": 12, ""new_fc_5"": 26, ""new_fc_6"": 27, ""new_fc_7"": 7, ""new_fc_8"": 7, ""new_fc_9"": 24, ""num_neurons"": 16, ""optimizer"": ""Adagrad"", ""reg_l2"": false, ""skip_connection"": true, ""unit_c1"": 1, ""unit_c2"": 2}"
297,110,flops,,,0.09787154666666667,14680732.0,929018.0,,3946.5472,"{""activation"": ""swish"", ""batch_size"": 8, ""data_augmentation"": false, ""dr_f"": 0.425800603083, ""learning_rate"": 0.000333773178, ""new_fc_1"": 7, ""new_fc_10"": 26, ""new_fc_2"": 29, ""new_fc_3"": 13, ""new_fc_4"": 3, ""new_fc_5"": 27, ""new_fc_6"": 0, ""new_fc_7"": 27, ""new_fc_8"": 7, ""new_fc_9"": 31, ""num_neurons"": 16, ""optimizer"": ""Adam"", ""reg_l2"": false, ""skip_connection"": false, ""unit_c1"": 1, ""unit_c2"": 2}"
298,111,accuracy,0.7321999967098236,0.2678000032901764,0.41086312,61629468.0,2798490.0,-0.36420106630312343,5112.2672,"{""activation"": ""elu"", ""batch_size"": 8, ""data_augmentation"": true, ""dr_f"": 0.485830248621, ""learning_rate"": 0.000125232595, ""new_fc_1"": 20, ""new_fc_10"": 12, ""new_fc_2"": 3, ""new_fc_3"": 29, ""new_fc_4"": 28, ""new_fc_5"": 23, ""new_fc_6"": 30, ""new_fc_7"": 8, ""new_fc_8"": 4, ""new_fc_9"": 17, ""num_neurons"": 16, ""optimizer"": ""Adagrad"", ""reg_l2"": false, ""skip_connection"": true, ""unit_c1"": 1, ""unit_c2"": 6}"
299,112,accuracy,0.8849000036716461,0.11509999632835388,0.04193936,6290904.0,54354.0,-0.36798818942984773,5557.2285,"{""activation"": ""relu"", ""batch_size"": 16, ""data_augmentation"": false, ""dr_f"": 0.080326184669, ""learning_rate"": 0.000313277167, ""new_fc_1"": 14, ""new_fc_10"": 14, ""new_fc_2"": 30, ""new_fc_3"": 3, ""new_fc_4"": 31, ""new_fc_5"": 11, ""new_fc_6"": 28, ""new_fc_7"": 24, ""new_fc_8"": 7, ""new_fc_9"": 5, ""num_neurons"": 4, ""optimizer"": ""Adadelta"", ""reg_l2"": false, ""skip_connection"": true, ""unit_c1"": 4, ""unit_c2"": 1}"
300,112,flops,,,0.01929296,2893944.0,69470.0,,5558.5624,"{""activation"": ""selu"", ""batch_size"": 16, ""data_augmentation"": true, ""dr_f"": 0.421356426448, ""learning_rate"": 0.000870342123, ""new_fc_1"": 1, ""new_fc_10"": 9, ""new_fc_2"": 32, ""new_fc_3"": 31, ""new_fc_4"": 8, ""new_fc_5"": 6, ""new_fc_6"": 24, ""new_fc_7"": 25, ""new_fc_8"": 27, ""new_fc_9"": 32, ""num_neurons"": 4, ""optimizer"": ""Adagrad"", ""reg_l2"": true, ""skip_connection"": false, ""unit_c1"": 2, ""unit_c2"": 3}"
301,113,accuracy,0.7830000072717667,0.21699999272823334,0.8134185333333334,122012780.0,2604890.0,-0.20787443490976332,6183.6414,"{""activation"": ""elu"", ""batch_size"": 32, ""data_augmentation"": true, ""dr_f"": 0.450278529013, ""learning_rate"": 0.000482579024, ""new_fc_1"": 27, ""new_fc_10"": 1, ""new_fc_2"": 32, ""new_fc_3"": 22, ""new_fc_4"": 4, ""new_fc_5"": 17, ""new_fc_6"": 17, ""new_fc_7"": 4, ""new_fc_8"": 20, ""new_fc_9"": 31, ""num_neurons"": 16, ""optimizer"": ""Adadelta"", ""reg_l2"": true, ""skip_connection"": false, ""unit_c1"": 4, ""unit_c2"": 4}"
302,113,flops,,,3.5757682933333332,536365244.0,2003370.0,,6185.049,"{""activation"": ""selu"", ""batch_size"": 64, ""data_augmentation"": false, ""dr_f"": 0.105180372012, ""learning_rate"": 0.000166532106, ""new_fc_1"": 1, ""new_fc_10"": 1, ""new_fc_2"": 9, ""new_fc_3"": 2, ""new_fc_4"": 24, ""new_fc_5"": 9, ""new_fc_6"": 22, ""new_fc_7"": 4, ""new_fc_8"": 17, ""new_fc_9"": 23, ""num_neurons"": 32, ""optimizer"": ""Adam"", ""reg_l2"": true, ""skip_connection"": true, ""unit_c1"": 4, ""unit_c2"": 5}"
303,114,accuracy,0.8887000009417534,0.11129999905824661,0.06477896,9716844.0,787210.0,-0.3584763113407726,7170.107,"{""activation"": ""relu"", ""batch_size"": 8, ""data_augmentation"": false, ""dr_f"": 0.147191818304, ""learning_rate"": 0.000559679141, ""new_fc_1"": 26, ""new_fc_10"": 15, ""new_fc_2"": 19, ""new_fc_3"": 12, ""new_fc_4"": 15, ""new_fc_5"": 16, ""new_fc_6"": 12, ""new_fc_7"": 1, ""new_fc_8"": 2, ""new_fc_9"": 1, ""num_neurons"": 16, ""optimizer"": ""Adadelta"", ""reg_l2"": true, ""skip_connection"": true, ""unit_c1"": 1, ""unit_c2"": 1}"
304,115,accuracy,0.8999999985098839,0.10000000149011612,0.018672933333333332,2800940.0,248130.0,-0.3643981210430813,7555.3212,"{""activation"": ""relu"", ""batch_size"": 16, ""data_augmentation"": true, ""dr_f"": 0.166402356231, ""learning_rate"": 0.000183875803, ""new_fc_1"": 11, ""new_fc_10"": 13, ""new_fc_2"": 8, ""new_fc_3"": 32, ""new_fc_4"": 27, ""new_fc_5"": 7, ""new_fc_6"": 30, ""new_fc_7"": 15, ""new_fc_8"": 27, ""new_fc_9"": 16, ""num_neurons"": 8, ""optimizer"": ""Adam"", ""reg_l2"": true, ""skip_connection"": true, ""unit_c1"": 1, ""unit_c2"": 1}"
305,116,accuracy,0.8999999985098839,0.10000000149011612,0.8228505333333334,123427580.0,4170186.0,-0.12314484104308127,8061.2686,"{""activation"": ""swish"", ""batch_size"": 16, ""data_augmentation"": false, ""dr_f"": 0.172885600157, ""learning_rate"": 0.000254315586, ""new_fc_1"": 27, ""new_fc_10"": 1, ""new_fc_2"": 20, ""new_fc_3"": 19, ""new_fc_4"": 7, ""new_fc_5"": 10, ""new_fc_6"": 9, ""new_fc_7"": 6, ""new_fc_8"": 14, ""new_fc_9"": 23, ""num_neurons"": 16, ""optimizer"": ""Adam"", ""reg_l2"": true, ""skip_connection"": false, ""unit_c1"": 2, ""unit_c2"": 8}"
306,116,flops,,,0.04097165333333333,6145748.0,479370.0,,8062.6471,"{""activation"": ""relu"", ""batch_size"": 8, ""data_augmentation"": false, ""dr_f"": 0.474397451614, ""learning_rate"": 0.000230305378, ""new_fc_1"": 23, ""new_fc_10"": 19, ""new_fc_2"": 32, ""new_fc_3"": 17, ""new_fc_4"": 6, ""new_fc_5"": 12, ""new_fc_6"": 23, ""new_fc_7"": 30, ""new_fc_8"": 3, ""new_fc_9"": 18, ""num_neurons"": 8, ""optimizer"": ""Adagrad"", ""reg_l2"": false, ""skip_connection"": false, ""unit_c1"": 1, ""unit_c2"": 3}"
307,116,flops,,,11.42779048,1714168572.0,35125898.0,,8065.3315,"{""activation"": ""elu"", ""batch_size"": 32, ""data_augmentation"": true, ""dr_f"": 0.227298225228, ""learning_rate"": 0.000697473591, ""new_fc_1"": 28, ""new_fc_10"": 11, ""new_fc_2"": 18, ""new_fc_3"": 11, ""new_fc_4"": 26, ""new_fc_5"": 5, ""new_fc_6"": 25, ""new_fc_7"": 29, ""new_fc_8"": 0, ""new_fc_9"": 22, ""num_neurons"": 64, ""optimizer"": ""Adamax"", ""reg_l2"": false, ""skip_connection"": true, ""unit_c1"": 4, ""unit_c2"": 3}"
308,117,accuracy,0.2652999758720398,0.7347000241279602,0.35004605333333333,52506908.0,998922.0,-0.7092762008895721,8391.5764,"{""activation"": ""swish"", ""batch_size"": 64, ""data_augmentation"": true, ""dr_f"": 0.111946505293, ""learning_rate"": 0.000429404101, ""new_fc_1"": 9, ""new_fc_10"": 12, ""new_fc_2"": 30, ""new_fc_3"": 20, ""new_fc_4"": 9, ""new_fc_5"": 8, ""new_fc_6"": 6, ""new_fc_7"": 0, ""new_fc_8"": 5, ""new_fc_9"": 7, ""num_neurons"": 16, ""optimizer"": ""Adam"", ""reg_l2"": false, ""skip_connection"": true, ""unit_c1"": 2, ""unit_c2"": 4}"
309,117,flops,,,6.383744826666667,957561724.0,37283850.0,,8394.355,"{""activation"": ""swish"", ""batch_size"": 8, ""data_augmentation"": false, ""dr_f"": 0.051401797735, ""learning_rate"": 0.000831437164, ""new_fc_1"": 18, ""new_fc_10"": 9, ""new_fc_2"": 16, ""new_fc_3"": 6, ""new_fc_4"": 16, ""new_fc_5"": 23, ""new_fc_6"": 5, ""new_fc_7"": 18, ""new_fc_8"": 32, ""new_fc_9"": 4, ""num_neurons"": 64, ""optimizer"": ""Adamax"", ""reg_l2"": true, ""skip_connection"": true, ""unit_c1"": 1, ""unit_c2"": 6}"
310,117,flops,,,7.014837733333334,1052225660.0,11023242.0,,8396.0962,"{""activation"": ""selu"", ""batch_size"": 16, ""data_augmentation"": false, ""dr_f"": 0.383131802123, ""learning_rate"": 0.000474884868, ""new_fc_1"": 5, ""new_fc_10"": 22, ""new_fc_2"": 7, ""new_fc_3"": 24, ""new_fc_4"": 14, ""new_fc_5"": 10, ""new_fc_6"": 31, ""new_fc_7"": 7, ""new_fc_8"": 11, ""new_fc_9"": 6, ""num_neurons"": 64, ""optimizer"": ""Adadelta"", ""reg_l2"": false, ""skip_connection"": true, ""unit_c1"": 3, ""unit_c2"": 3}"
311,118,accuracy,0.8999999985098839,0.10000000149011612,0.05428608,8142912.0,299526.0,-0.3537141770430813,9141.7845,"{""activation"": ""relu"", ""batch_size"": 8, ""data_augmentation"": false, ""dr_f"": 0.337522997181, ""learning_rate"": 0.000963176872, ""new_fc_1"": 29, ""new_fc_10"": 28, ""new_fc_2"": 23, ""new_fc_3"": 25, ""new_fc_4"": 11, ""new_fc_5"": 12, ""new_fc_6"": 27, ""new_fc_7"": 4, ""new_fc_8"": 28, ""new_fc_9"": 14, ""num_neurons"": 4, ""optimizer"": ""Adamax"", ""reg_l2"": true, ""skip_connection"": false, ""unit_c1"": 2, ""unit_c2"": 8}"
312,119,accuracy,0.8847000002861023,0.1152999997138977,0.09935186666666666,14902780.0,1092026.0,-0.35090443979972835,9527.7077,"{""activation"": ""relu"", ""batch_size"": 32, ""data_augmentation"": false, ""dr_f"": 0.278420828852, ""learning_rate"": 0.000348177711, ""new_fc_1"": 10, ""new_fc_10"": 13, ""new_fc_2"": 32, ""new_fc_3"": 8, ""new_fc_4"": 31, ""new_fc_5"": 22, ""new_fc_6"": 24, ""new_fc_7"": 17, ""new_fc_8"": 4, ""new_fc_9"": 23, ""num_neurons"": 16, ""optimizer"": ""Adadelta"", ""reg_l2"": true, ""skip_connection"": false, ""unit_c1"": 1, ""unit_c2"": 2}"
313,120,accuracy,0.8130999952554703,0.18690000474452972,0.796386,119457900.0,1327194.0,-0.1919142033211708,9792.871,"{""activation"": ""selu"", ""batch_size"": 64, ""data_augmentation"": true, ""dr_f"": 0.492422159001, ""learning_rate"": 0.000178128725, ""new_fc_1"": 10, ""new_fc_10"": 9, ""new_fc_2"": 15, ""new_fc_3"": 5, ""new_fc_4"": 3, ""new_fc_5"": 24, ""new_fc_6"": 25, ""new_fc_7"": 25, ""new_fc_8"": 13, ""new_fc_9"": 14, ""num_neurons"": 16, ""optimizer"": ""Adagrad"", ""reg_l2"": false, ""skip_connection"": false, ""unit_c1"": 4, ""unit_c2"": 4}"
314,121,accuracy,0.3840000033378601,0.6159999966621399,0.051039813333333336,7655972.0,160542.0,-0.715888053663498,10178.2787,"{""activation"": ""selu"", ""batch_size"": 64, ""data_augmentation"": true, ""dr_f"": 0.205387398334, ""learning_rate"": 0.000194840471, ""new_fc_1"": 19, ""new_fc_10"": 6, ""new_fc_2"": 8, ""new_fc_3"": 22, ""new_fc_4"": 6, ""new_fc_5"": 20, ""new_fc_6"": 0, ""new_fc_7"": 26, ""new_fc_8"": 19, ""new_fc_9"": 20, ""num_neurons"": 4, ""optimizer"": ""Adamax"", ""reg_l2"": true, ""skip_connection"": false, ""unit_c1"": 3, ""unit_c2"": 6}"
315,121,flops,,,0.3890553333333333,58358300.0,680634.0,,10179.6271,"{""activation"": ""elu"", ""batch_size"": 8, ""data_augmentation"": true, ""dr_f"": 0.032134065969, ""learning_rate"": 0.000809532484, ""new_fc_1"": 3, ""new_fc_10"": 27, ""new_fc_2"": 14, ""new_fc_3"": 8, ""new_fc_4"": 32, ""new_fc_5"": 15, ""new_fc_6"": 21, ""new_fc_7"": 19, ""new_fc_8"": 22, ""new_fc_9"": 1, ""num_neurons"": 16, ""optimizer"": ""Adam"", ""reg_l2"": true, ""skip_connection"": false, ""unit_c1"": 3, ""unit_c2"": 2}"
316,122,accuracy,10000000000.0,,12.493932773333333,1874089916.0,25288842.0,10000000000.0,10182.7108,"{""activation"": ""elu"", ""batch_size"": 64, ""data_augmentation"": true, ""dr_f"": 0.401644894882, ""learning_rate"": 0.000650008398, ""new_fc_1"": 11, ""new_fc_10"": 28, ""new_fc_2"": 2, ""new_fc_3"": 3, ""new_fc_4"": 31, ""new_fc_5"": 9, ""new_fc_6"": 9, ""new_fc_7"": 28, ""new_fc_8"": 28, ""new_fc_9"": 25, ""num_neurons"": 64, ""optimizer"": ""SGD"", ""reg_l2"": true, ""skip_connection"": false, ""unit_c1"": 4, ""unit_c2"": 4}"
317,123,accuracy,10000000000.0,,1.0503544266666667,157553164.0,1876186.0,10000000000.0,10184.4307,"{""activation"": ""swish"", ""batch_size"": 16, ""data_augmentation"": false, ""dr_f"": 0.338645458931, ""learning_rate"": 0.00021710043, ""new_fc_1"": 10, ""new_fc_10"": 4, ""new_fc_2"": 14, ""new_fc_3"": 25, ""new_fc_4"": 7, ""new_fc_5"": 29, ""new_fc_6"": 29, ""new_fc_7"": 5, ""new_fc_8"": 29, ""new_fc_9"": 23, ""num_neurons"": 16, ""optimizer"": ""Adamax"", ""reg_l2"": false, ""skip_connection"": true, ""unit_c1"": 4, ""unit_c2"": 6}"
318,124,accuracy,0.7285000085830688,0.27149999141693115,0.11764210666666666,17646316.0,167666.0,-0.4547573619918518,10569.4469,"{""activation"": ""selu"", ""batch_size"": 32, ""data_augmentation"": false, ""dr_f"": 0.418369862352, ""learning_rate"": 0.000263754382, ""new_fc_1"": 4, ""new_fc_10"": 3, ""new_fc_2"": 1, ""new_fc_3"": 31, ""new_fc_4"": 16, ""new_fc_5"": 25, ""new_fc_6"": 14, ""new_fc_7"": 7, ""new_fc_8"": 8, ""new_fc_9"": 13, ""num_neurons"": 8, ""optimizer"": ""Adam"", ""reg_l2"": true, ""skip_connection"": false, ""unit_c1"": 3, ""unit_c2"": 3}"
319,124,flops,,,0.5167713866666667,77515708.0,2440810.0,,10571.0493,"{""activation"": ""elu"", ""batch_size"": 8, ""data_augmentation"": false, ""dr_f"": 0.166347645018, ""learning_rate"": 0.00085428991, ""new_fc_1"": 0, ""new_fc_10"": 12, ""new_fc_2"": 14, ""new_fc_3"": 18, ""new_fc_4"": 25, ""new_fc_5"": 3, ""new_fc_6"": 32, ""new_fc_7"": 22, ""new_fc_8"": 32, ""new_fc_9"": 10, ""num_neurons"": 16, ""optimizer"": ""Adagrad"", ""reg_l2"": true, ""skip_connection"": true, ""unit_c1"": 1, ""unit_c2"": 7}"
320,125,accuracy,10000000000.0,,1.1571387466666667,173570812.0,10069418.0,10000000000.0,10572.7392,"{""activation"": ""relu"", ""batch_size"": 8, ""data_augmentation"": true, ""dr_f"": 0.308722314568, ""learning_rate"": 0.000892347316, ""new_fc_1"": 32, ""new_fc_10"": 2, ""new_fc_2"": 28, ""new_fc_3"": 32, ""new_fc_4"": 28, ""new_fc_5"": 14, ""new_fc_6"": 14, ""new_fc_7"": 5, ""new_fc_8"": 10, ""new_fc_9"": 9, ""num_neurons"": 32, ""optimizer"": ""Adamax"", ""reg_l2"": true, ""skip_connection"": true, ""unit_c1"": 2, ""unit_c2"": 3}"
321,126,accuracy,0.8999999985098839,0.10000000149011612,0.14945234666666668,22417852.0,984490.0,-0.3251642970430813,209.268,"{""activation"": ""swish"", ""batch_size"": 64, ""data_augmentation"": true, ""dr_f"": 0.034156690759, ""learning_rate"": 0.000878740823, ""new_fc_1"": 4, ""new_fc_10"": 28, ""new_fc_2"": 23, ""new_fc_3"": 25, ""new_fc_4"": 13, ""new_fc_5"": 16, ""new_fc_6"": 27, ""new_fc_7"": 6, ""new_fc_8"": 22, ""new_fc_9"": 20, ""num_neurons"": 16, ""optimizer"": ""Adam"", ""reg_l2"": true, ""skip_connection"": true, ""unit_c1"": 1, ""unit_c2"": 3}"
322,127,accuracy,0.8999999985098839,0.10000000149011612,0.016856,2528400.0,90198.0,-0.3649432010430813,414.159,"{""activation"": ""swish"", ""batch_size"": 32, ""data_augmentation"": false, ""dr_f"": 0.036814572547, ""learning_rate"": 0.000671991475, ""new_fc_1"": 8, ""new_fc_10"": 29, ""new_fc_2"": 27, ""new_fc_3"": 17, ""new_fc_4"": 3, ""new_fc_5"": 32, ""new_fc_6"": 31, ""new_fc_7"": 26, ""new_fc_8"": 29, ""new_fc_9"": 17, ""num_neurons"": 4, ""optimizer"": ""Adagrad"", ""reg_l2"": false, ""skip_connection"": true, ""unit_c1"": 2, ""unit_c2"": 2}"
323,127,flops,,,18.724128826666668,2808619324.0,39057994.0,,417.0839,"{""activation"": ""elu"", ""batch_size"": 16, ""data_augmentation"": true, ""dr_f"": 0.370143234371, ""learning_rate"": 0.000949180898, ""new_fc_1"": 15, ""new_fc_10"": 18, ""new_fc_2"": 20, ""new_fc_3"": 2, ""new_fc_4"": 17, ""new_fc_5"": 17, ""new_fc_6"": 16, ""new_fc_7"": 25, ""new_fc_8"": 5, ""new_fc_9"": 21, ""num_neurons"": 64, ""optimizer"": ""Adamax"", ""reg_l2"": true, ""skip_connection"": true, ""unit_c1"": 4, ""unit_c2"": 7}"
324,128,accuracy,0.8867999985814095,0.11320000141859055,0.027951386666666668,4192708.0,50734.0,-0.3708545849930134,802.3111,"{""activation"": ""selu"", ""batch_size"": 16, ""data_augmentation"": false, ""dr_f"": 0.486794810533, ""learning_rate"": 0.000221066904, ""new_fc_1"": 3, ""new_fc_10"": 6, ""new_fc_2"": 17, ""new_fc_3"": 11, ""new_fc_4"": 31, ""new_fc_5"": 16, ""new_fc_6"": 32, ""new_fc_7"": 13, ""new_fc_8"": 12, ""new_fc_9"": 21, ""num_neurons"": 4, ""optimizer"": ""SGD"", ""reg_l2"": false, ""skip_connection"": false, ""unit_c1"": 3, ""unit_c2"": 2}"
325,128,flops,,,0.54526344,81789516.0,1808426.0,,803.4693,"{""activation"": ""elu"", ""batch_size"": 64, ""data_augmentation"": false, ""dr_f"": 0.485830620987, ""learning_rate"": 0.000191772222, ""new_fc_1"": 21, ""new_fc_10"": 3, ""new_fc_2"": 14, ""new_fc_3"": 19, ""new_fc_4"": 16, ""new_fc_5"": 4, ""new_fc_6"": 19, ""new_fc_7"": 1, ""new_fc_8"": 26, ""new_fc_9"": 10, ""num_neurons"": 16, ""optimizer"": ""Adadelta"", ""reg_l2"": false, ""skip_connection"": false, ""unit_c1"": 3, ""unit_c2"": 4}"
326,129,accuracy,10000000000.0,,13.1050244,1965753660.0,76082442.0,10000000000.0,807.6435,"{""activation"": ""elu"", ""batch_size"": 64, ""data_augmentation"": false, ""dr_f"": 0.364071139998, ""learning_rate"": 0.000360634977, ""new_fc_1"": 28, ""new_fc_10"": 17, ""new_fc_2"": 14, ""new_fc_3"": 32, ""new_fc_4"": 28, ""new_fc_5"": 27, ""new_fc_6"": 17, ""new_fc_7"": 11, ""new_fc_8"": 8, ""new_fc_9"": 10, ""num_neurons"": 64, ""optimizer"": ""Adadelta"", ""reg_l2"": false, ""skip_connection"": false, ""unit_c1"": 2, ""unit_c2"": 8}"
327,130,accuracy,0.8173999935388565,0.1826000064611435,0.04097165333333333,6145748.0,479370.0,-0.41552850852280043,2752.4154,"{""activation"": ""relu"", ""batch_size"": 8, ""data_augmentation"": false, ""dr_f"": 0.474397451614, ""learning_rate"": 0.000230305378, ""new_fc_1"": 23, ""new_fc_10"": 19, ""new_fc_2"": 32, ""new_fc_3"": 17, ""new_fc_4"": 6, ""new_fc_5"": 12, ""new_fc_6"": 23, ""new_fc_7"": 30, ""new_fc_8"": 3, ""new_fc_9"": 18, ""num_neurons"": 8, ""optimizer"": ""Adagrad"", ""reg_l2"": false, ""skip_connection"": false, ""unit_c1"": 1, ""unit_c2"": 3}"
328,130,flops,,,12.678226746666667,1901734012.0,38029898.0,,2755.0815,"{""activation"": ""elu"", ""batch_size"": 8, ""data_augmentation"": false, ""dr_f"": 0.386557558816, ""learning_rate"": 0.00031406778, ""new_fc_1"": 28, ""new_fc_10"": 26, ""new_fc_2"": 10, ""new_fc_3"": 17, ""new_fc_4"": 5, ""new_fc_5"": 17, ""new_fc_6"": 15, ""new_fc_7"": 9, ""new_fc_8"": 10, ""new_fc_9"": 16, ""num_neurons"": 64, ""optimizer"": ""Adam"", ""reg_l2"": true, ""skip_connection"": true, ""unit_c1"": 4, ""unit_c2"": 4}"
329,131,accuracy,0.8508999943733215,0.14910000562667847,0.27555976,41333964.0,940730.0,-0.32170207593867495,2961.1604,"{""activation"": ""elu"", ""batch_size"": 64, ""data_augmentation"": false, ""dr_f"": 0.47104148396, ""learning_rate"": 0.00011105545, ""new_fc_1"": 30, ""new_fc_10"": 25, ""new_fc_2"": 17, ""new_fc_3"": 11, ""new_fc_4"": 4, ""new_fc_5"": 6, ""new_fc_6"": 27, ""new_fc_7"": 1, ""new_fc_8"": 24, ""new_fc_9"": 29, ""num_neurons"": 8, ""optimizer"": ""Adamax"", ""reg_l2"": true, ""skip_connection"": true, ""unit_c1"": 4, ""unit_c2"": 6}"
330,131,flops,,,0.04291925333333333,6437888.0,242026.0,,2962.7166,"{""activation"": ""elu"", ""batch_size"": 16, ""data_augmentation"": true, ""dr_f"": 0.308707946107, ""learning_rate"": 0.00055668418, ""new_fc_1"": 0, ""new_fc_10"": 15, ""new_fc_2"": 25, ""new_fc_3"": 9, ""new_fc_4"": 8, ""new_fc_5"": 14, ""new_fc_6"": 15, ""new_fc_7"": 18, ""new_fc_8"": 18, ""new_fc_9"": 11, ""num_neurons"": 4, ""optimizer"": ""SGD"", ""reg_l2"": false, ""skip_connection"": true, ""unit_c1"": 1, ""unit_c2"": 8}"
331,131,flops,,,3.0299769333333333,454496540.0,7180490.0,,2964.2987,"{""activation"": ""swish"", ""batch_size"": 8, ""data_augmentation"": false, ""dr_f"": 0.457052687862, ""learning_rate"": 0.000592409825, ""new_fc_1"": 10, ""new_fc_10"": 30, ""new_fc_2"": 11, ""new_fc_3"": 9, ""new_fc_4"": 0, ""new_fc_5"": 25, ""new_fc_6"": 20, ""new_fc_7"": 29, ""new_fc_8"": 5, ""new_fc_9"": 26, ""num_neurons"": 32, ""optimizer"": ""Adam"", ""reg_l2"": true, ""skip_connection"": true, ""unit_c1"": 3, ""unit_c2"": 6}"
332,131,flops,,,0.0473732,7105980.0,186194.0,,2965.9311,"{""activation"": ""relu"", ""batch_size"": 64, ""data_augmentation"": true, ""dr_f"": 0.211836360293, ""learning_rate"": 0.000498566841, ""new_fc_1"": 22, ""new_fc_10"": 10, ""new_fc_2"": 2, ""new_fc_3"": 9, ""new_fc_4"": 5, ""new_fc_5"": 29, ""new_fc_6"": 16, ""new_fc_7"": 6, ""new_fc_8"": 9, ""new_fc_9"": 28, ""num_neurons"": 8, ""optimizer"": ""SGD"", ""reg_l2"": false, ""skip_connection"": true, ""unit_c1"": 2, ""unit_c2"": 1}"
333,131,flops,,,4.0649471733333336,609742076.0,3593130.0,,2967.7732,"{""activation"": ""elu"", ""batch_size"": 8, ""data_augmentation"": true, ""dr_f"": 0.100074694694, ""learning_rate"": 0.00036458822, ""new_fc_1"": 1, ""new_fc_10"": 26, ""new_fc_2"": 7, ""new_fc_3"": 1, ""new_fc_4"": 31, ""new_fc_5"": 6, ""new_fc_6"": 30, ""new_fc_7"": 18, ""new_fc_8"": 24, ""new_fc_9"": 14, ""num_neurons"": 32, ""optimizer"": ""Adamax"", ""reg_l2"": true, ""skip_connection"": true, ""unit_c1"": 3, ""unit_c2"": 8}"
334,132,accuracy,0.8999999985098839,0.10000000149011612,0.21503890666666667,32255836.0,920810.0,-0.30548832904308126,3113.1092,"{""activation"": ""relu"", ""batch_size"": 64, ""data_augmentation"": true, ""dr_f"": 0.150198361686, ""learning_rate"": 0.000680598439, ""new_fc_1"": 8, ""new_fc_10"": 25, ""new_fc_2"": 9, ""new_fc_3"": 2, ""new_fc_4"": 19, ""new_fc_5"": 20, ""new_fc_6"": 28, ""new_fc_7"": 25, ""new_fc_8"": 13, ""new_fc_9"": 9, ""num_neurons"": 16, ""optimizer"": ""Adamax"", ""reg_l2"": true, ""skip_connection"": true, ""unit_c1"": 2, ""unit_c2"": 2}"
335,133,accuracy,0.31290000677108765,0.6870999932289124,0.3444709066666667,51670636.0,868074.0,-0.6776287232602386,3798.0762,"{""activation"": ""selu"", ""batch_size"": 32, ""data_augmentation"": true, ""dr_f"": 0.145063699347, ""learning_rate"": 0.000889389461, ""new_fc_1"": 11, ""new_fc_10"": 11, ""new_fc_2"": 15, ""new_fc_3"": 26, ""new_fc_4"": 23, ""new_fc_5"": 2, ""new_fc_6"": 23, ""new_fc_7"": 21, ""new_fc_8"": 31, ""new_fc_9"": 4, ""num_neurons"": 16, ""optimizer"": ""SGD"", ""reg_l2"": true, ""skip_connection"": false, ""unit_c1"": 3, ""unit_c2"": 1}"
336,133,flops,,,5.392962106666666,808944316.0,15246730.0,,3800.0058,"{""activation"": ""relu"", ""batch_size"": 16, ""data_augmentation"": true, ""dr_f"": 0.296389435746, ""learning_rate"": 0.000495324114, ""new_fc_1"": 5, ""new_fc_10"": 0, ""new_fc_2"": 17, ""new_fc_3"": 17, ""new_fc_4"": 1, ""new_fc_5"": 6, ""new_fc_6"": 21, ""new_fc_7"": 28, ""new_fc_8"": 26, ""new_fc_9"": 13, ""num_neurons"": 64, ""optimizer"": ""Adadelta"", ""reg_l2"": false, ""skip_connection"": true, ""unit_c1"": 2, ""unit_c2"": 4}"
337,133,flops,,,0.030299093333333332,4544864.0,121802.0,,3801.2871,"{""activation"": ""swish"", ""batch_size"": 8, ""data_augmentation"": false, ""dr_f"": 0.032245960504, ""learning_rate"": 0.00067267926, ""new_fc_1"": 32, ""new_fc_10"": 6, ""new_fc_2"": 13, ""new_fc_3"": 30, ""new_fc_4"": 30, ""new_fc_5"": 1, ""new_fc_6"": 11, ""new_fc_7"": 30, ""new_fc_8"": 20, ""new_fc_9"": 22, ""num_neurons"": 4, ""optimizer"": ""Adadelta"", ""reg_l2"": true, ""skip_connection"": true, ""unit_c1"": 3, ""unit_c2"": 2}"
338,134,accuracy,0.7095000147819519,0.2904999852180481,0.5399905866666667,80998588.0,1901770.0,-0.34135281365263365,4606.3679,"{""activation"": ""elu"", ""batch_size"": 32, ""data_augmentation"": false, ""dr_f"": 0.188683883817, ""learning_rate"": 0.000191170217, ""new_fc_1"": 13, ""new_fc_10"": 13, ""new_fc_2"": 2, ""new_fc_3"": 3, ""new_fc_4"": 9, ""new_fc_5"": 31, ""new_fc_6"": 24, ""new_fc_7"": 22, ""new_fc_8"": 13, ""new_fc_9"": 2, ""num_neurons"": 16, ""optimizer"": ""Adadelta"", ""reg_l2"": true, ""skip_connection"": false, ""unit_c1"": 2, ""unit_c2"": 6}"
339,134,flops,,,0.11563816,17345724.0,455010.0,,4607.7202,"{""activation"": ""selu"", ""batch_size"": 8, ""data_augmentation"": false, ""dr_f"": 0.301305712252, ""learning_rate"": 0.000278284289, ""new_fc_1"": 16, ""new_fc_10"": 27, ""new_fc_2"": 2, ""new_fc_3"": 18, ""new_fc_4"": 1, ""new_fc_5"": 21, ""new_fc_6"": 19, ""new_fc_7"": 25, ""new_fc_8"": 9, ""new_fc_9"": 10, ""num_neurons"": 8, ""optimizer"": ""Adamax"", ""reg_l2"": false, ""skip_connection"": true, ""unit_c1"": 2, ""unit_c2"": 5}"
340,135,accuracy,0.7621999979019165,0.2378000020980835,0.10208765333333333,15313148.0,1092794.0,-0.4358337054686584,5232.8764,"{""activation"": ""relu"", ""batch_size"": 32, ""data_augmentation"": true, ""dr_f"": 0.216570021572, ""learning_rate"": 0.000447326667, ""new_fc_1"": 15, ""new_fc_10"": 28, ""new_fc_2"": 6, ""new_fc_3"": 4, ""new_fc_4"": 12, ""new_fc_5"": 26, ""new_fc_6"": 27, ""new_fc_7"": 7, ""new_fc_8"": 7, ""new_fc_9"": 24, ""num_neurons"": 16, ""optimizer"": ""Adagrad"", ""reg_l2"": false, ""skip_connection"": true, ""unit_c1"": 1, ""unit_c2"": 2}"
341,135,flops,,,8.404935226666666,1260740284.0,56520842.0,,5236.4435,"{""activation"": ""selu"", ""batch_size"": 64, ""data_augmentation"": false, ""dr_f"": 0.330423232402, ""learning_rate"": 0.000927561709, ""new_fc_1"": 25, ""new_fc_10"": 11, ""new_fc_2"": 8, ""new_fc_3"": 7, ""new_fc_4"": 17, ""new_fc_5"": 10, ""new_fc_6"": 24, ""new_fc_7"": 13, ""new_fc_8"": 24, ""new_fc_9"": 19, ""num_neurons"": 64, ""optimizer"": ""Adam"", ""reg_l2"": false, ""skip_connection"": true, ""unit_c1"": 1, ""unit_c2"": 7}"
342,135,flops,,,0.8050489333333334,120757340.0,1707050.0,,5237.8782,"{""activation"": ""relu"", ""batch_size"": 16, ""data_augmentation"": false, ""dr_f"": 0.13905306256, ""learning_rate"": 0.000101257122, ""new_fc_1"": 14, ""new_fc_10"": 22, ""new_fc_2"": 18, ""new_fc_3"": 2, ""new_fc_4"": 0, ""new_fc_5"": 30, ""new_fc_6"": 24, ""new_fc_7"": 7, ""new_fc_8"": 31, ""new_fc_9"": 22, ""num_neurons"": 16, ""optimizer"": ""Adadelta"", ""reg_l2"": false, ""skip_connection"": true, ""unit_c1"": 4, ""unit_c2"": 4}"
343,136,accuracy,0.5570000112056732,0.4429999887943268,0.04291925333333333,6437888.0,242026.0,-0.5972242161560287,6223.0213,"{""activation"": ""elu"", ""batch_size"": 16, ""data_augmentation"": true, ""dr_f"": 0.308707946107, ""learning_rate"": 0.00055668418, ""new_fc_1"": 0, ""new_fc_10"": 15, ""new_fc_2"": 25, ""new_fc_3"": 9, ""new_fc_4"": 8, ""new_fc_5"": 14, ""new_fc_6"": 15, ""new_fc_7"": 18, ""new_fc_8"": 18, ""new_fc_9"": 11, ""num_neurons"": 4, ""optimizer"": ""SGD"", ""reg_l2"": false, ""skip_connection"": true, ""unit_c1"": 1, ""unit_c2"": 8}"
344,137,accuracy,0.8817000016570091,0.11829999834299088,0.20906184,31359276.0,1082154.0,-0.3200914468400936,6367.9629,"{""activation"": ""relu"", ""batch_size"": 64, ""data_augmentation"": false, ""dr_f"": 0.312948939185, ""learning_rate"": 0.000779490885, ""new_fc_1"": 13, ""new_fc_10"": 29, ""new_fc_2"": 5, ""new_fc_3"": 1, ""new_fc_4"": 1, ""new_fc_5"": 26, ""new_fc_6"": 1, ""new_fc_7"": 12, ""new_fc_8"": 3, ""new_fc_9"": 16, ""num_neurons"": 16, ""optimizer"": ""SGD"", ""reg_l2"": true, ""skip_connection"": false, ""unit_c1"": 1, ""unit_c2"": 4}"
345,137,flops,,,11.33209256,1699813884.0,27948810.0,,6370.358,"{""activation"": ""elu"", ""batch_size"": 32, ""data_augmentation"": false, ""dr_f"": 0.349148031646, ""learning_rate"": 0.000255959108, ""new_fc_1"": 23, ""new_fc_10"": 28, ""new_fc_2"": 13, ""new_fc_3"": 27, ""new_fc_4"": 1, ""new_fc_5"": 25, ""new_fc_6"": 17, ""new_fc_7"": 16, ""new_fc_8"": 30, ""new_fc_9"": 3, ""num_neurons"": 64, ""optimizer"": ""Adamax"", ""reg_l2"": true, ""skip_connection"": true, ""unit_c1"": 4, ""unit_c2"": 3}"
346,137,flops,,,0.57734344,86601516.0,3764698.0,,6371.8273,"{""activation"": ""relu"", ""batch_size"": 64, ""data_augmentation"": true, ""dr_f"": 0.300852843893, ""learning_rate"": 0.000465434638, ""new_fc_1"": 31, ""new_fc_10"": 7, ""new_fc_2"": 10, ""new_fc_3"": 18, ""new_fc_4"": 12, ""new_fc_5"": 12, ""new_fc_6"": 5, ""new_fc_7"": 6, ""new_fc_8"": 32, ""new_fc_9"": 30, ""num_neurons"": 16, ""optimizer"": ""Adagrad"", ""reg_l2"": false, ""skip_connection"": true, ""unit_c1"": 2, ""unit_c2"": 6}"
347,138,accuracy,0.8883000016212463,0.11169999837875366,0.040274373333333335,6041156.0,175374.0,-0.36610768686512757,6937.0497,"{""activation"": ""swish"", ""batch_size"": 16, ""data_augmentation"": false, ""dr_f"": 0.326140125128, ""learning_rate"": 0.000130279311, ""new_fc_1"": 32, ""new_fc_10"": 14, ""new_fc_2"": 5, ""new_fc_3"": 25, ""new_fc_4"": 30, ""new_fc_5"": 31, ""new_fc_6"": 5, ""new_fc_7"": 9, ""new_fc_8"": 14, ""new_fc_9"": 1, ""num_neurons"": 4, ""optimizer"": ""Adagrad"", ""reg_l2"": false, ""skip_connection"": true, ""unit_c1"": 3, ""unit_c2"": 4}"
348,138,flops,,,0.0196972,2954580.0,99762.0,,6938.4039,"{""activation"": ""relu"", ""batch_size"": 32, ""data_augmentation"": true, ""dr_f"": 0.063037769706, ""learning_rate"": 0.000861517351, ""new_fc_1"": 17, ""new_fc_10"": 32, ""new_fc_2"": 17, ""new_fc_3"": 29, ""new_fc_4"": 19, ""new_fc_5"": 17, ""new_fc_6"": 2, ""new_fc_7"": 20, ""new_fc_8"": 17, ""new_fc_9"": 12, ""num_neurons"": 4, ""optimizer"": ""SGD"", ""reg_l2"": false, ""skip_connection"": false, ""unit_c1"": 2, ""unit_c2"": 3}"
349,138,flops,,,0.061082533333333335,9162380.0,182778.0,,6939.8385,"{""activation"": ""elu"", ""batch_size"": 16, ""data_augmentation"": false, ""dr_f"": 0.061603415775, ""learning_rate"": 0.000843488378, ""new_fc_1"": 20, ""new_fc_10"": 14, ""new_fc_2"": 7, ""new_fc_3"": 21, ""new_fc_4"": 26, ""new_fc_5"": 1, ""new_fc_6"": 7, ""new_fc_7"": 26, ""new_fc_8"": 7, ""new_fc_9"": 19, ""num_neurons"": 4, ""optimizer"": ""Adagrad"", ""reg_l2"": false, ""skip_connection"": true, ""unit_c1"": 3, ""unit_c2"": 7}"
350,138,flops,,,0.04914384,7371576.0,87014.0,,6941.5502,"{""activation"": ""relu"", ""batch_size"": 64, ""data_augmentation"": true, ""dr_f"": 0.110182573391, ""learning_rate"": 0.000265846757, ""new_fc_1"": 3, ""new_fc_10"": 15, ""new_fc_2"": 16, ""new_fc_3"": 30, ""new_fc_4"": 28, ""new_fc_5"": 14, ""new_fc_6"": 31, ""new_fc_7"": 15, ""new_fc_8"": 27, ""new_fc_9"": 32, ""num_neurons"": 4, ""optimizer"": ""Adam"", ""reg_l2"": false, ""skip_connection"": false, ""unit_c1"": 4, ""unit_c2"": 3}"
351,139,accuracy,0.8999999985098839,0.10000000149011612,0.17524781333333334,26287172.0,1045890.0,-0.3174256570430813,7326.6415,"{""activation"": ""relu"", ""batch_size"": 16, ""data_augmentation"": false, ""dr_f"": 0.166494576319, ""learning_rate"": 0.000933047306, ""new_fc_1"": 30, ""new_fc_10"": 5, ""new_fc_2"": 2, ""new_fc_3"": 16, ""new_fc_4"": 13, ""new_fc_5"": 20, ""new_fc_6"": 30, ""new_fc_7"": 24, ""new_fc_8"": 13, ""new_fc_9"": 4, ""num_neurons"": 8, ""optimizer"": ""Adam"", ""reg_l2"": true, ""skip_connection"": false, ""unit_c1"": 2, ""unit_c2"": 7}"
352,140,accuracy,10000000000.0,,3.3027481333333335,495412220.0,15522442.0,10000000000.0,7328.6946,"{""activation"": ""selu"", ""batch_size"": 64, ""data_augmentation"": true, ""dr_f"": 0.401151712699, ""learning_rate"": 0.000676857591, ""new_fc_1"": 20, ""new_fc_10"": 26, ""new_fc_2"": 28, ""new_fc_3"": 27, ""new_fc_4"": 28, ""new_fc_5"": 9, ""new_fc_6"": 9, ""new_fc_7"": 24, ""new_fc_8"": 26, ""new_fc_9"": 17, ""num_neurons"": 32, ""optimizer"": ""Adagrad"", ""reg_l2"": false, ""skip_connection"": true, ""unit_c1"": 2, ""unit_c2"": 8}"
353,140,flops,,,0.23363293333333332,35044940.0,1217362.0,,7330.246,"{""activation"": ""elu"", ""batch_size"": 64, ""data_augmentation"": true, ""dr_f"": 0.139179163864, ""learning_rate"": 0.000213370224, ""new_fc_1"": 32, ""new_fc_10"": 0, ""new_fc_2"": 16, ""new_fc_3"": 19, ""new_fc_4"": 31, ""new_fc_5"": 27, ""new_fc_6"": 5, ""new_fc_7"": 31, ""new_fc_8"": 22, ""new_fc_9"": 31, ""num_neurons"": 8, ""optimizer"": ""Adam"", ""reg_l2"": true, ""skip_connection"": false, ""unit_c1"": 3, ""unit_c2"": 7}"
354,141,accuracy,10000000000.0,,1.1129668,166945020.0,8423882.0,10000000000.0,7331.9055,"{""activation"": ""swish"", ""batch_size"": 32, ""data_augmentation"": false, ""dr_f"": 0.228584889468, ""learning_rate"": 0.000578721482, ""new_fc_1"": 32, ""new_fc_10"": 26, ""new_fc_2"": 12, ""new_fc_3"": 1, ""new_fc_4"": 26, ""new_fc_5"": 20, ""new_fc_6"": 18, ""new_fc_7"": 12, ""new_fc_8"": 20, ""new_fc_9"": 3, ""num_neurons"": 32, ""optimizer"": ""SGD"", ""reg_l2"": true, ""skip_connection"": false, ""unit_c1"": 2, ""unit_c2"": 3}"
355,142,accuracy,0.36629998683929443,0.6337000131607056,0.12146637333333334,18219956.0,353402.0,-0.7071500972124938,8437.3709,"{""activation"": ""elu"", ""batch_size"": 16, ""data_augmentation"": false, ""dr_f"": 0.208627791715, ""learning_rate"": 0.000794266021, ""new_fc_1"": 13, ""new_fc_10"": 29, ""new_fc_2"": 23, ""new_fc_3"": 24, ""new_fc_4"": 12, ""new_fc_5"": 13, ""new_fc_6"": 10, ""new_fc_7"": 3, ""new_fc_8"": 19, ""new_fc_9"": 25, ""num_neurons"": 8, ""optimizer"": ""Adamax"", ""reg_l2"": true, ""skip_connection"": true, ""unit_c1"": 3, ""unit_c2"": 3}"
356,142,flops,,,0.5827506933333333,87412604.0,4170634.0,,8438.7957,"{""activation"": ""selu"", ""batch_size"": 16, ""data_augmentation"": false, ""dr_f"": 0.323856423203, ""learning_rate"": 0.00068914952, ""new_fc_1"": 30, ""new_fc_10"": 8, ""new_fc_2"": 23, ""new_fc_3"": 29, ""new_fc_4"": 28, ""new_fc_5"": 30, ""new_fc_6"": 7, ""new_fc_7"": 1, ""new_fc_8"": 27, ""new_fc_9"": 29, ""num_neurons"": 16, ""optimizer"": ""Adamax"", ""reg_l2"": false, ""skip_connection"": true, ""unit_c1"": 2, ""unit_c2"": 6}"
357,142,flops,,,0.24314066666666667,36471100.0,3164586.0,,8440.2739,"{""activation"": ""relu"", ""batch_size"": 64, ""data_augmentation"": false, ""dr_f"": 0.127886916877, ""learning_rate"": 0.000406945348, ""new_fc_1"": 13, ""new_fc_10"": 9, ""new_fc_2"": 7, ""new_fc_3"": 22, ""new_fc_4"": 5, ""new_fc_5"": 31, ""new_fc_6"": 31, ""new_fc_7"": 17, ""new_fc_8"": 12, ""new_fc_9"": 1, ""num_neurons"": 32, ""optimizer"": ""SGD"", ""reg_l2"": true, ""skip_connection"": false, ""unit_c1"": 1, ""unit_c2"": 1}"
358,143,accuracy,0.29809999465942383,0.7019000053405762,0.05437896,8156844.0,74050.0,-0.7750163157384033,8885.2181,"{""activation"": ""selu"", ""batch_size"": 32, ""data_augmentation"": true, ""dr_f"": 0.19315717706, ""learning_rate"": 0.000770316879, ""new_fc_1"": 9, ""new_fc_10"": 11, ""new_fc_2"": 8, ""new_fc_3"": 10, ""new_fc_4"": 16, ""new_fc_5"": 17, ""new_fc_6"": 12, ""new_fc_7"": 23, ""new_fc_8"": 27, ""new_fc_9"": 3, ""num_neurons"": 4, ""optimizer"": ""Adam"", ""reg_l2"": false, ""skip_connection"": false, ""unit_c1"": 4, ""unit_c2"": 4}"
359,144,accuracy,10000000000.0,,2.70471208,405706812.0,17119178.0,10000000000.0,8888.1726,"{""activation"": ""swish"", ""batch_size"": 8, ""data_augmentation"": false, ""dr_f"": 0.089675269823, ""learning_rate"": 0.000192947612, ""new_fc_1"": 13, ""new_fc_10"": 11, ""new_fc_2"": 12, ""new_fc_3"": 8, ""new_fc_4"": 32, ""new_fc_5"": 29, ""new_fc_6"": 18, ""new_fc_7"": 26, ""new_fc_8"": 23, ""new_fc_9"": 0, ""num_neurons"": 64, ""optimizer"": ""SGD"", ""reg_l2"": false, ""skip_connection"": true, ""unit_c1"": 2, ""unit_c2"": 1}"
360,145,accuracy,0.4994000196456909,0.5005999803543091,0.11563816,17345724.0,455010.0,-0.6157285382480163,11194.244,"{""activation"": ""selu"", ""batch_size"": 8, ""data_augmentation"": false, ""dr_f"": 0.301305712252, ""learning_rate"": 0.000278284289, ""new_fc_1"": 16, ""new_fc_10"": 27, ""new_fc_2"": 2, ""new_fc_3"": 18, ""new_fc_4"": 1, ""new_fc_5"": 21, ""new_fc_6"": 19, ""new_fc_7"": 25, ""new_fc_8"": 9, ""new_fc_9"": 10, ""num_neurons"": 8, ""optimizer"": ""Adamax"", ""reg_l2"": false, ""skip_connection"": true, ""unit_c1"": 2, ""unit_c2"": 5}"
361,145,flops,,,1.8500370933333334,277505564.0,8362058.0,,11196.1248,"{""activation"": ""relu"", ""batch_size"": 8, ""data_augmentation"": false, ""dr_f"": 0.233113669092, ""learning_rate"": 0.000274382974, ""new_fc_1"": 26, ""new_fc_10"": 31, ""new_fc_2"": 32, ""new_fc_3"": 5, ""new_fc_4"": 20, ""new_fc_5"": 10, ""new_fc_6"": 17, ""new_fc_7"": 24, ""new_fc_8"": 7, ""new_fc_9"": 23, ""num_neurons"": 32, ""optimizer"": ""Adamax"", ""reg_l2"": true, ""skip_connection"": true, ""unit_c1"": 3, ""unit_c2"": 3}"
362,146,accuracy,0.8999999985098839,0.10000000149011612,0.01364272,2046408.0,47354.0,-0.3659071850430813,11401.1418,"{""activation"": ""elu"", ""batch_size"": 32, ""data_augmentation"": true, ""dr_f"": 0.477456431672, ""learning_rate"": 0.000527369083, ""new_fc_1"": 22, ""new_fc_10"": 20, ""new_fc_2"": 20, ""new_fc_3"": 17, ""new_fc_4"": 11, ""new_fc_5"": 1, ""new_fc_6"": 0, ""new_fc_7"": 24, ""new_fc_8"": 4, ""new_fc_9"": 12, ""num_neurons"": 4, ""optimizer"": ""Adam"", ""reg_l2"": true, ""skip_connection"": true, ""unit_c1"": 2, ""unit_c2"": 1}"
363,147,accuracy,0.37599998712539673,0.6240000128746033,0.20874482666666666,31311724.0,715242.0,-0.6741765610122222,13587.41,"{""activation"": ""selu"", ""batch_size"": 8, ""data_augmentation"": true, ""dr_f"": 0.064704771716, ""learning_rate"": 0.000521201651, ""new_fc_1"": 16, ""new_fc_10"": 26, ""new_fc_2"": 14, ""new_fc_3"": 1, ""new_fc_4"": 8, ""new_fc_5"": 31, ""new_fc_6"": 12, ""new_fc_7"": 9, ""new_fc_8"": 18, ""new_fc_9"": 23, ""num_neurons"": 8, ""optimizer"": ""Adagrad"", ""reg_l2"": false, ""skip_connection"": true, ""unit_c1"": 2, ""unit_c2"": 8}"
364,147,flops,,,0.028943093333333333,4341464.0,49474.0,,13589.1739,"{""activation"": ""elu"", ""batch_size"": 64, ""data_augmentation"": true, ""dr_f"": 0.26024383084, ""learning_rate"": 0.00057750523, ""new_fc_1"": 5, ""new_fc_10"": 13, ""new_fc_2"": 7, ""new_fc_3"": 27, ""new_fc_4"": 16, ""new_fc_5"": 24, ""new_fc_6"": 6, ""new_fc_7"": 28, ""new_fc_8"": 16, ""new_fc_9"": 13, ""num_neurons"": 4, ""optimizer"": ""Adadelta"", ""reg_l2"": true, ""skip_connection"": true, ""unit_c1"": 3, ""unit_c2"": 2}"
365,147,flops,,,0.3427989066666667,51419836.0,742746.0,,13590.8432,"{""activation"": ""relu"", ""batch_size"": 8, ""data_augmentation"": true, ""dr_f"": 0.417118198592, ""learning_rate"": 0.000263711088, ""new_fc_1"": 1, ""new_fc_10"": 30, ""new_fc_2"": 17, ""new_fc_3"": 7, ""new_fc_4"": 25, ""new_fc_5"": 2, ""new_fc_6"": 28, ""new_fc_7"": 16, ""new_fc_8"": 20, ""new_fc_9"": 30, ""num_neurons"": 16, ""optimizer"": ""Adadelta"", ""reg_l2"": false, ""skip_connection"": false, ""unit_c1"": 3, ""unit_c2"": 1}"
366,147,flops,,,0.06728626666666666,10092940.0,975658.0,,13592.5341,"{""activation"": ""relu"", ""batch_size"": 32, ""data_augmentation"": true, ""dr_f"": 0.426441415689, ""learning_rate"": 0.000127602619, ""new_fc_1"": 23, ""new_fc_10"": 31, ""new_fc_2"": 23, ""new_fc_3"": 19, ""new_fc_4"": 0, ""new_fc_5"": 24, ""new_fc_6"": 22, ""new_fc_7"": 3, ""new_fc_8"": 20, ""new_fc_9"": 4, ""num_neurons"": 16, ""optimizer"": ""Adamax"", ""reg_l2"": true, ""skip_connection"": true, ""unit_c1"": 1, ""unit_c2"": 1}"
367,147,flops,,,0.03133474666666667,4700212.0,571610.0,,13594.0061,"{""activation"": ""elu"", ""batch_size"": 64, ""data_augmentation"": false, ""dr_f"": 0.423222567845, ""learning_rate"": 0.000643643259, ""new_fc_1"": 32, ""new_fc_10"": 2, ""new_fc_2"": 27, ""new_fc_3"": 8, ""new_fc_4"": 22, ""new_fc_5"": 28, ""new_fc_6"": 30, ""new_fc_7"": 31, ""new_fc_8"": 32, ""new_fc_9"": 3, ""num_neurons"": 8, ""optimizer"": ""SGD"", ""reg_l2"": false, ""skip_connection"": true, ""unit_c1"": 1, ""unit_c2"": 2}"
368,147,flops,,,0.15419458666666666,23129188.0,268714.0,,13595.6935,"{""activation"": ""selu"", ""batch_size"": 8, ""data_augmentation"": true, ""dr_f"": 0.43765036096, ""learning_rate"": 0.000756234311, ""new_fc_1"": 12, ""new_fc_10"": 28, ""new_fc_2"": 2, ""new_fc_3"": 26, ""new_fc_4"": 21, ""new_fc_5"": 31, ""new_fc_6"": 9, ""new_fc_7"": 29, ""new_fc_8"": 32, ""new_fc_9"": 7, ""num_neurons"": 8, ""optimizer"": ""Adadelta"", ""reg_l2"": true, ""skip_connection"": true, ""unit_c1"": 4, ""unit_c2"": 1}"
369,148,accuracy,0.9001000002026558,0.09989999979734421,0.030299093333333332,4544864.0,121802.0,-0.36084027185814094,14401.2642,"{""activation"": ""swish"", ""batch_size"": 8, ""data_augmentation"": false, ""dr_f"": 0.032245960504, ""learning_rate"": 0.00067267926, ""new_fc_1"": 32, ""new_fc_10"": 6, ""new_fc_2"": 13, ""new_fc_3"": 30, ""new_fc_4"": 30, ""new_fc_5"": 1, ""new_fc_6"": 11, ""new_fc_7"": 30, ""new_fc_8"": 20, ""new_fc_9"": 22, ""num_neurons"": 4, ""optimizer"": ""Adadelta"", ""reg_l2"": true, ""skip_connection"": true, ""unit_c1"": 3, ""unit_c2"": 2}"
370,149,accuracy,0.28179997205734253,0.7182000279426575,0.18429085333333334,27643628.0,288986.0,-0.7474527635598602,15507.3388,"{""activation"": ""swish"", ""batch_size"": 8, ""data_augmentation"": true, ""dr_f"": 0.090591282764, ""learning_rate"": 0.000774675152, ""new_fc_1"": 18, ""new_fc_10"": 25, ""new_fc_2"": 7, ""new_fc_3"": 9, ""new_fc_4"": 6, ""new_fc_5"": 11, ""new_fc_6"": 14, ""new_fc_7"": 6, ""new_fc_8"": 2, ""new_fc_9"": 4, ""num_neurons"": 8, ""optimizer"": ""Adamax"", ""reg_l2"": false, ""skip_connection"": false, ""unit_c1"": 4, ""unit_c2"": 3}"
371,149,flops,,,0.037792933333333334,5668940.0,124862.0,,15508.6843,"{""activation"": ""relu"", ""batch_size"": 64, ""data_augmentation"": false, ""dr_f"": 0.030507102503, ""learning_rate"": 0.000788222406, ""new_fc_1"": 17, ""new_fc_10"": 19, ""new_fc_2"": 32, ""new_fc_3"": 19, ""new_fc_4"": 27, ""new_fc_5"": 3, ""new_fc_6"": 4, ""new_fc_7"": 4, ""new_fc_8"": 26, ""new_fc_9"": 25, ""num_neurons"": 4, ""optimizer"": ""Adagrad"", ""reg_l2"": true, ""skip_connection"": false, ""unit_c1"": 3, ""unit_c2"": 4}"
372,150,accuracy,0.8999999985098839,0.10000000149011612,0.05175618666666667,7763428.0,109698.0,-0.35447314504308125,16134.0931,"{""activation"": ""relu"", ""batch_size"": 8, ""data_augmentation"": true, ""dr_f"": 0.224608709333, ""learning_rate"": 0.000272902724, ""new_fc_1"": 8, ""new_fc_10"": 5, ""new_fc_2"": 24, ""new_fc_3"": 20, ""new_fc_4"": 26, ""new_fc_5"": 1, ""new_fc_6"": 30, ""new_fc_7"": 7, ""new_fc_8"": 29, ""new_fc_9"": 8, ""num_neurons"": 4, ""optimizer"": ""Adam"", ""reg_l2"": true, ""skip_connection"": false, ""unit_c1"": 2, ""unit_c2"": 8}"
373,151,accuracy,0.6843999922275543,0.3156000077724457,0.03133474666666667,4700212.0,571610.0,-0.511519581440712,326.3782,"{""activation"": ""elu"", ""batch_size"": 64, ""data_augmentation"": false, ""dr_f"": 0.423222567845, ""learning_rate"": 0.000643643259, ""new_fc_1"": 32, ""new_fc_10"": 2, ""new_fc_2"": 27, ""new_fc_3"": 8, ""new_fc_4"": 22, ""new_fc_5"": 28, ""new_fc_6"": 30, ""new_fc_7"": 31, ""new_fc_8"": 32, ""new_fc_9"": 3, ""num_neurons"": 8, ""optimizer"": ""SGD"", ""reg_l2"": false, ""skip_connection"": true, ""unit_c1"": 1, ""unit_c2"": 2}"
374,152,accuracy,0.7726999968290329,0.2273000031709671,0.57734344,86601516.0,3764698.0,-0.2859069702196769,831.8759,"{""activation"": ""relu"", ""batch_size"": 64, ""data_augmentation"": true, ""dr_f"": 0.300852843893, ""learning_rate"": 0.000465434638, ""new_fc_1"": 31, ""new_fc_10"": 7, ""new_fc_2"": 10, ""new_fc_3"": 18, ""new_fc_4"": 12, ""new_fc_5"": 12, ""new_fc_6"": 5, ""new_fc_7"": 6, ""new_fc_8"": 32, ""new_fc_9"": 30, ""num_neurons"": 16, ""optimizer"": ""Adagrad"", ""reg_l2"": false, ""skip_connection"": true, ""unit_c1"": 2, ""unit_c2"": 6}"
375,152,flops,,,1.05115304,157672956.0,1936074.0,,833.6371,"{""activation"": ""swish"", ""batch_size"": 16, ""data_augmentation"": false, ""dr_f"": 0.342362515742, ""learning_rate"": 0.000142789461, ""new_fc_1"": 10, ""new_fc_10"": 7, ""new_fc_2"": 24, ""new_fc_3"": 24, ""new_fc_4"": 17, ""new_fc_5"": 31, ""new_fc_6"": 16, ""new_fc_7"": 2, ""new_fc_8"": 22, ""new_fc_9"": 23, ""num_neurons"": 16, ""optimizer"": ""SGD"", ""reg_l2"": true, ""skip_connection"": true, ""unit_c1"": 4, ""unit_c2"": 6}"
376,152,flops,,,0.17651197333333332,26476796.0,3013418.0,,835.2505,"{""activation"": ""swish"", ""batch_size"": 64, ""data_augmentation"": true, ""dr_f"": 0.300019774693, ""learning_rate"": 0.000396763041, ""new_fc_1"": 32, ""new_fc_10"": 30, ""new_fc_2"": 30, ""new_fc_3"": 19, ""new_fc_4"": 23, ""new_fc_5"": 22, ""new_fc_6"": 19, ""new_fc_7"": 23, ""new_fc_8"": 29, ""new_fc_9"": 25, ""num_neurons"": 16, ""optimizer"": ""Adadelta"", ""reg_l2"": true, ""skip_connection"": true, ""unit_c1"": 1, ""unit_c2"": 3}"
377,153,accuracy,0.48420000076293945,0.5157999992370605,0.04859261333333333,7288892.0,277858.0,-0.6464822154659424,1940.7811,"{""activation"": ""selu"", ""batch_size"": 16, ""data_augmentation"": false, ""dr_f"": 0.140277986804, ""learning_rate"": 0.000739928922, ""new_fc_1"": 21, ""new_fc_10"": 17, ""new_fc_2"": 25, ""new_fc_3"": 25, ""new_fc_4"": 3, ""new_fc_5"": 24, ""new_fc_6"": 23, ""new_fc_7"": 15, ""new_fc_8"": 30, ""new_fc_9"": 5, ""num_neurons"": 8, ""optimizer"": ""Adagrad"", ""reg_l2"": false, ""skip_connection"": true, ""unit_c1"": 2, ""unit_c2"": 1}"
378,154,accuracy,0.6430999934673309,0.35690000653266907,0.044419813333333336,6662972.0,354774.0,-0.5365040605728684,2926.328,"{""activation"": ""elu"", ""batch_size"": 16, ""data_augmentation"": false, ""dr_f"": 0.210652798306, ""learning_rate"": 0.000707969675, ""new_fc_1"": 32, ""new_fc_10"": 9, ""new_fc_2"": 23, ""new_fc_3"": 31, ""new_fc_4"": 25, ""new_fc_5"": 29, ""new_fc_6"": 31, ""new_fc_7"": 7, ""new_fc_8"": 29, ""new_fc_9"": 20, ""num_neurons"": 4, ""optimizer"": ""Adam"", ""reg_l2"": true, ""skip_connection"": true, ""unit_c1"": 1, ""unit_c2"": 8}"
379,154,flops,,,0.024663653333333334,3699548.0,115042.0,,2927.7618,"{""activation"": ""swish"", ""batch_size"": 8, ""data_augmentation"": true, ""dr_f"": 0.340493066972, ""learning_rate"": 0.000361102812, ""new_fc_1"": 18, ""new_fc_10"": 2, ""new_fc_2"": 15, ""new_fc_3"": 28, ""new_fc_4"": 0, ""new_fc_5"": 20, ""new_fc_6"": 0, ""new_fc_7"": 28, ""new_fc_8"": 16, ""new_fc_9"": 1, ""num_neurons"": 4, ""optimizer"": ""Adagrad"", ""reg_l2"": true, ""skip_connection"": false, ""unit_c1"": 2, ""unit_c2"": 4}"
380,155,accuracy,0.8999999985098839,0.10000000149011612,0.8285673333333333,124285100.0,3390426.0,-0.12142980104308129,3253.3542,"{""activation"": ""swish"", ""batch_size"": 32, ""data_augmentation"": true, ""dr_f"": 0.491347317548, ""learning_rate"": 0.000830946618, ""new_fc_1"": 18, ""new_fc_10"": 29, ""new_fc_2"": 7, ""new_fc_3"": 7, ""new_fc_4"": 25, ""new_fc_5"": 21, ""new_fc_6"": 28, ""new_fc_7"": 3, ""new_fc_8"": 26, ""new_fc_9"": 29, ""num_neurons"": 16, ""optimizer"": ""Adagrad"", ""reg_l2"": true, ""skip_connection"": true, ""unit_c1"": 2, ""unit_c2"": 8}"
381,156,accuracy,10000000000.0,,10.18869416,1528304124.0,26484682.0,10000000000.0,3256.5286,"{""activation"": ""selu"", ""batch_size"": 8, ""data_augmentation"": false, ""dr_f"": 0.116213639641, ""learning_rate"": 0.000419217615, ""new_fc_1"": 5, ""new_fc_10"": 25, ""new_fc_2"": 20, ""new_fc_3"": 23, ""new_fc_4"": 21, ""new_fc_5"": 18, ""new_fc_6"": 14, ""new_fc_7"": 27, ""new_fc_8"": 30, ""new_fc_9"": 28, ""num_neurons"": 64, ""optimizer"": ""Adagrad"", ""reg_l2"": true, ""skip_connection"": true, ""unit_c1"": 3, ""unit_c2"": 5}"
382,157,accuracy,10000000000.0,,11.33209256,1699813884.0,27948810.0,10000000000.0,3259.2985,"{""activation"": ""elu"", ""batch_size"": 32, ""data_augmentation"": false, ""dr_f"": 0.349148031646, ""learning_rate"": 0.000255959108, ""new_fc_1"": 23, ""new_fc_10"": 28, ""new_fc_2"": 13, ""new_fc_3"": 27, ""new_fc_4"": 1, ""new_fc_5"": 25, ""new_fc_6"": 17, ""new_fc_7"": 16, ""new_fc_8"": 30, ""new_fc_9"": 3, ""num_neurons"": 64, ""optimizer"": ""Adamax"", ""reg_l2"": true, ""skip_connection"": true, ""unit_c1"": 4, ""unit_c2"": 3}"
383,157,flops,,,0.5352930933333333,80293964.0,1060906.0,,3260.8904,"{""activation"": ""selu"", ""batch_size"": 8, ""data_augmentation"": true, ""dr_f"": 0.287607704836, ""learning_rate"": 0.00096920201, ""new_fc_1"": 4, ""new_fc_10"": 3, ""new_fc_2"": 26, ""new_fc_3"": 15, ""new_fc_4"": 17, ""new_fc_5"": 28, ""new_fc_6"": 21, ""new_fc_7"": 14, ""new_fc_8"": 29, ""new_fc_9"": 8, ""num_neurons"": 16, ""optimizer"": ""SGD"", ""reg_l2"": true, ""skip_connection"": false, ""unit_c1"": 3, ""unit_c2"": 4}"
384,157,flops,,,0.06983805333333333,10475708.0,1234746.0,,3262.9765,"{""activation"": ""selu"", ""batch_size"": 8, ""data_augmentation"": true, ""dr_f"": 0.147773278173, ""learning_rate"": 0.00088514382, ""new_fc_1"": 28, ""new_fc_10"": 18, ""new_fc_2"": 17, ""new_fc_3"": 12, ""new_fc_4"": 5, ""new_fc_5"": 31, ""new_fc_6"": 16, ""new_fc_7"": 31, ""new_fc_8"": 15, ""new_fc_9"": 19, ""num_neurons"": 16, ""optimizer"": ""SGD"", ""reg_l2"": true, ""skip_connection"": false, ""unit_c1"": 1, ""unit_c2"": 1}"
385,157,flops,,,0.04500589333333333,6750884.0,229226.0,,3264.5981,"{""activation"": ""elu"", ""batch_size"": 8, ""data_augmentation"": false, ""dr_f"": 0.340302237027, ""learning_rate"": 0.000446578034, ""new_fc_1"": 25, ""new_fc_10"": 17, ""new_fc_2"": 2, ""new_fc_3"": 27, ""new_fc_4"": 7, ""new_fc_5"": 5, ""new_fc_6"": 9, ""new_fc_7"": 31, ""new_fc_8"": 20, ""new_fc_9"": 31, ""num_neurons"": 4, ""optimizer"": ""Adam"", ""reg_l2"": true, ""skip_connection"": false, ""unit_c1"": 2, ""unit_c2"": 7}"
386,157,flops,,,0.8936831733333334,134052476.0,8410090.0,,3266.6357,"{""activation"": ""relu"", ""batch_size"": 64, ""data_augmentation"": false, ""dr_f"": 0.20490393118, ""learning_rate"": 0.000628508341, ""new_fc_1"": 17, ""new_fc_10"": 32, ""new_fc_2"": 17, ""new_fc_3"": 29, ""new_fc_4"": 18, ""new_fc_5"": 7, ""new_fc_6"": 31, ""new_fc_7"": 25, ""new_fc_8"": 20, ""new_fc_9"": 14, ""num_neurons"": 32, ""optimizer"": ""Adam"", ""reg_l2"": false, ""skip_connection"": true, ""unit_c1"": 1, ""unit_c2"": 4}"
387,158,accuracy,10000000000.0,,4.508785893333333,676317884.0,10887690.0,10000000000.0,3268.5756,"{""activation"": ""elu"", ""batch_size"": 32, ""data_augmentation"": true, ""dr_f"": 0.374860645395, ""learning_rate"": 0.00075224463, ""new_fc_1"": 2, ""new_fc_10"": 21, ""new_fc_2"": 14, ""new_fc_3"": 17, ""new_fc_4"": 14, ""new_fc_5"": 15, ""new_fc_6"": 14, ""new_fc_7"": 4, ""new_fc_8"": 5, ""new_fc_9"": 28, ""num_neurons"": 64, ""optimizer"": ""Adagrad"", ""reg_l2"": false, ""skip_connection"": true, ""unit_c1"": 1, ""unit_c2"": 5}"
388,158,flops,,,0.07544658666666666,11316988.0,453778.0,,3270.1362,"{""activation"": ""relu"", ""batch_size"": 16, ""data_augmentation"": false, ""dr_f"": 0.26080473201, ""learning_rate"": 0.000790927781, ""new_fc_1"": 24, ""new_fc_10"": 13, ""new_fc_2"": 12, ""new_fc_3"": 18, ""new_fc_4"": 24, ""new_fc_5"": 13, ""new_fc_6"": 19, ""new_fc_7"": 26, ""new_fc_8"": 3, ""new_fc_9"": 12, ""num_neurons"": 8, ""optimizer"": ""Adamax"", ""reg_l2"": true, ""skip_connection"": true, ""unit_c1"": 2, ""unit_c2"": 3}"
389,159,accuracy,0.8076000064611435,0.1923999935388565,0.01046496,1569744.0,44214.0,-0.4315405074771996,3474.745,"{""activation"": ""relu"", ""batch_size"": 32, ""data_augmentation"": false, ""dr_f"": 0.388182306907, ""learning_rate"": 0.000885421139, ""new_fc_1"": 6, ""new_fc_10"": 12, ""new_fc_2"": 3, ""new_fc_3"": 3, ""new_fc_4"": 26, ""new_fc_5"": 26, ""new_fc_6"": 0, ""new_fc_7"": 17, ""new_fc_8"": 0, ""new_fc_9"": 0, ""num_neurons"": 4, ""optimizer"": ""Adam"", ""reg_l2"": false, ""skip_connection"": true, ""unit_c1"": 1, ""unit_c2"": 3}"
390,160,accuracy,0.45020002126693726,0.5497999787330627,0.01994496,2991744.0,118246.0,-0.6788764971131439,4220.2747,"{""activation"": ""selu"", ""batch_size"": 16, ""data_augmentation"": true, ""dr_f"": 0.117107612769, ""learning_rate"": 0.000908647635, ""new_fc_1"": 32, ""new_fc_10"": 27, ""new_fc_2"": 8, ""new_fc_3"": 7, ""new_fc_4"": 24, ""new_fc_5"": 8, ""new_fc_6"": 5, ""new_fc_7"": 12, ""new_fc_8"": 7, ""new_fc_9"": 3, ""num_neurons"": 4, ""optimizer"": ""Adamax"", ""reg_l2"": true, ""skip_connection"": false, ""unit_c1"": 2, ""unit_c2"": 3}"
391,161,accuracy,0.2824000120162964,0.7175999879837036,0.0970884,14563260.0,230306.0,-0.7731934715885925,6045.9366,"{""activation"": ""swish"", ""batch_size"": 8, ""data_augmentation"": true, ""dr_f"": 0.363952308377, ""learning_rate"": 0.000999600531, ""new_fc_1"": 5, ""new_fc_10"": 27, ""new_fc_2"": 9, ""new_fc_3"": 23, ""new_fc_4"": 7, ""new_fc_5"": 32, ""new_fc_6"": 3, ""new_fc_7"": 0, ""new_fc_8"": 26, ""new_fc_9"": 8, ""num_neurons"": 8, ""optimizer"": ""Adamax"", ""reg_l2"": false, ""skip_connection"": false, ""unit_c1"": 1, ""unit_c2"": 6}"
392,161,flops,,,3.38962216,508443324.0,24397322.0,,6048.5456,"{""activation"": ""elu"", ""batch_size"": 8, ""data_augmentation"": true, ""dr_f"": 0.131899503403, ""learning_rate"": 0.000158234526, ""new_fc_1"": 14, ""new_fc_10"": 8, ""new_fc_2"": 9, ""new_fc_3"": 21, ""new_fc_4"": 26, ""new_fc_5"": 29, ""new_fc_6"": 24, ""new_fc_7"": 12, ""new_fc_8"": 28, ""new_fc_9"": 31, ""num_neurons"": 64, ""optimizer"": ""Adamax"", ""reg_l2"": false, ""skip_connection"": false, ""unit_c1"": 2, ""unit_c2"": 2}"
393,162,accuracy,0.5214000046253204,0.47859999537467957,0.54578952,81868428.0,1848298.0,-0.4712831407622756,6553.9751,"{""activation"": ""elu"", ""batch_size"": 64, ""data_augmentation"": false, ""dr_f"": 0.366476945414, ""learning_rate"": 0.000386661439, ""new_fc_1"": 16, ""new_fc_10"": 31, ""new_fc_2"": 21, ""new_fc_3"": 13, ""new_fc_4"": 8, ""new_fc_5"": 27, ""new_fc_6"": 17, ""new_fc_7"": 6, ""new_fc_8"": 27, ""new_fc_9"": 19, ""num_neurons"": 16, ""optimizer"": ""SGD"", ""reg_l2"": false, ""skip_connection"": false, ""unit_c1"": 3, ""unit_c2"": 4}"
394,163,accuracy,10000000000.0,,20.381523173333335,3057228476.0,15137930.0,10000000000.0,6556.0851,"{""activation"": ""selu"", ""batch_size"": 32, ""data_augmentation"": true, ""dr_f"": 0.250706068318, ""learning_rate"": 0.000889344738, ""new_fc_1"": 3, ""new_fc_10"": 0, ""new_fc_2"": 24, ""new_fc_3"": 2, ""new_fc_4"": 32, ""new_fc_5"": 21, ""new_fc_6"": 4, ""new_fc_7"": 15, ""new_fc_8"": 7, ""new_fc_9"": 6, ""num_neurons"": 64, ""optimizer"": ""Adam"", ""reg_l2"": true, ""skip_connection"": false, ""unit_c1"": 4, ""unit_c2"": 8}"
395,164,accuracy,0.30559998750686646,0.6944000124931335,0.0379436,5691540.0,136174.0,-0.7746969287451935,7121.3148,"{""activation"": ""selu"", ""batch_size"": 32, ""data_augmentation"": true, ""dr_f"": 0.197124175785, ""learning_rate"": 0.000336101293, ""new_fc_1"": 21, ""new_fc_10"": 12, ""new_fc_2"": 4, ""new_fc_3"": 18, ""new_fc_4"": 19, ""new_fc_5"": 29, ""new_fc_6"": 9, ""new_fc_7"": 31, ""new_fc_8"": 15, ""new_fc_9"": 24, ""num_neurons"": 4, ""optimizer"": ""Adam"", ""reg_l2"": false, ""skip_connection"": false, ""unit_c1"": 3, ""unit_c2"": 4}"
396,164,flops,,,12.340273893333332,1851041084.0,53072714.0,,7124.958,"{""activation"": ""selu"", ""batch_size"": 32, ""data_augmentation"": true, ""dr_f"": 0.16448874978, ""learning_rate"": 0.000480593032, ""new_fc_1"": 26, ""new_fc_10"": 6, ""new_fc_2"": 15, ""new_fc_3"": 19, ""new_fc_4"": 19, ""new_fc_5"": 9, ""new_fc_6"": 7, ""new_fc_7"": 0, ""new_fc_8"": 27, ""new_fc_9"": 28, ""num_neurons"": 64, ""optimizer"": ""SGD"", ""reg_l2"": false, ""skip_connection"": true, ""unit_c1"": 3, ""unit_c2"": 6}"
397,164,flops,,,0.27132861333333336,40699292.0,623610.0,,7126.592,"{""activation"": ""selu"", ""batch_size"": 8, ""data_augmentation"": true, ""dr_f"": 0.395000556442, ""learning_rate"": 0.000442629946, ""new_fc_1"": 5, ""new_fc_10"": 21, ""new_fc_2"": 21, ""new_fc_3"": 16, ""new_fc_4"": 13, ""new_fc_5"": 14, ""new_fc_6"": 9, ""new_fc_7"": 1, ""new_fc_8"": 0, ""new_fc_9"": 14, ""num_neurons"": 16, ""optimizer"": ""Adadelta"", ""reg_l2"": true, ""skip_connection"": true, ""unit_c1"": 2, ""unit_c2"": 3}"
398,165,accuracy,10000000000.0,,16.77063208,2515594812.0,56569482.0,10000000000.0,7130.9071,"{""activation"": ""relu"", ""batch_size"": 64, ""data_augmentation"": false, ""dr_f"": 0.279872874135, ""learning_rate"": 0.000722434308, ""new_fc_1"": 30, ""new_fc_10"": 2, ""new_fc_2"": 10, ""new_fc_3"": 20, ""new_fc_4"": 5, ""new_fc_5"": 10, ""new_fc_6"": 15, ""new_fc_7"": 5, ""new_fc_8"": 21, ""new_fc_9"": 26, ""num_neurons"": 64, ""optimizer"": ""Adamax"", ""reg_l2"": true, ""skip_connection"": true, ""unit_c1"": 4, ""unit_c2"": 6}"
399,165,flops,,,0.08038749333333334,12058124.0,133318.0,,7132.5387,"{""activation"": ""swish"", ""batch_size"": 64, ""data_augmentation"": true, ""dr_f"": 0.464779220295, ""learning_rate"": 0.000416381879, ""new_fc_1"": 15, ""new_fc_10"": 7, ""new_fc_2"": 5, ""new_fc_3"": 4, ""new_fc_4"": 9, ""new_fc_5"": 9, ""new_fc_6"": 22, ""new_fc_7"": 0, ""new_fc_8"": 9, ""new_fc_9"": 0, ""num_neurons"": 4, ""optimizer"": ""Adadelta"", ""reg_l2"": false, ""skip_connection"": true, ""unit_c1"": 4, ""unit_c2"": 7}"
400,166,accuracy,0.8866000026464462,0.11339999735355377,0.18611954666666666,27917932.0,504986.0,-0.3235441341474876,7277.6643,"{""activation"": ""relu"", ""batch_size"": 64, ""data_augmentation"": true, ""dr_f"": 0.443785588315, ""learning_rate"": 0.000430084604, ""new_fc_1"": 32, ""new_fc_10"": 3, ""new_fc_2"": 4, ""new_fc_3"": 15, ""new_fc_4"": 10, ""new_fc_5"": 20, ""new_fc_6"": 4, ""new_fc_7"": 29, ""new_fc_8"": 10, ""new_fc_9"": 27, ""num_neurons"": 8, ""optimizer"": ""SGD"", ""reg_l2"": true, ""skip_connection"": false, ""unit_c1"": 4, ""unit_c2"": 3}"
401,166,flops,,,10.494379066666667,1574156860.0,24851914.0,,7280.1715,"{""activation"": ""relu"", ""batch_size"": 32, ""data_augmentation"": false, ""dr_f"": 0.276649325648, ""learning_rate"": 0.000345849748, ""new_fc_1"": 6, ""new_fc_10"": 4, ""new_fc_2"": 1, ""new_fc_3"": 8, ""new_fc_4"": 32, ""new_fc_5"": 30, ""new_fc_6"": 18, ""new_fc_7"": 32, ""new_fc_8"": 8, ""new_fc_9"": 13, ""num_neurons"": 64, ""optimizer"": ""Adadelta"", ""reg_l2"": false, ""skip_connection"": true, ""unit_c1"": 2, ""unit_c2"": 7}"
402,166,flops,,,0.0077522933333333335,1162844.0,81582.0,,7282.1514,"{""activation"": ""swish"", ""batch_size"": 16, ""data_augmentation"": false, ""dr_f"": 0.129520101304, ""learning_rate"": 0.000237605832, ""new_fc_1"": 30, ""new_fc_10"": 4, ""new_fc_2"": 11, ""new_fc_3"": 6, ""new_fc_4"": 15, ""new_fc_5"": 0, ""new_fc_6"": 13, ""new_fc_7"": 14, ""new_fc_8"": 15, ""new_fc_9"": 4, ""num_neurons"": 4, ""optimizer"": ""Adadelta"", ""reg_l2"": true, ""skip_connection"": false, ""unit_c1"": 1, ""unit_c2"": 2}"
403,166,flops,,,1.0424593866666667,156368908.0,1467066.0,,7284.0429,"{""activation"": ""selu"", ""batch_size"": 32, ""data_augmentation"": true, ""dr_f"": 0.18304727522, ""learning_rate"": 0.000368691499, ""new_fc_1"": 5, ""new_fc_10"": 28, ""new_fc_2"": 8, ""new_fc_3"": 20, ""new_fc_4"": 29, ""new_fc_5"": 15, ""new_fc_6"": 2, ""new_fc_7"": 14, ""new_fc_8"": 24, ""new_fc_9"": 28, ""num_neurons"": 16, ""optimizer"": ""SGD"", ""reg_l2"": false, ""skip_connection"": true, ""unit_c1"": 4, ""unit_c2"": 6}"
404,167,accuracy,0.2667999863624573,0.7332000136375427,0.09787154666666667,14680732.0,929018.0,-0.7838785455462799,8689.6206,"{""activation"": ""swish"", ""batch_size"": 8, ""data_augmentation"": false, ""dr_f"": 0.425800603083, ""learning_rate"": 0.000333773178, ""new_fc_1"": 7, ""new_fc_10"": 26, ""new_fc_2"": 29, ""new_fc_3"": 13, ""new_fc_4"": 3, ""new_fc_5"": 27, ""new_fc_6"": 0, ""new_fc_7"": 27, ""new_fc_8"": 7, ""new_fc_9"": 31, ""num_neurons"": 16, ""optimizer"": ""Adam"", ""reg_l2"": false, ""skip_connection"": false, ""unit_c1"": 1, ""unit_c2"": 2}"
405,168,accuracy,0.6999000012874603,0.3000999987125397,0.03956813333333333,5935220.0,374058.0,-0.4981995590987778,9315.6091,"{""activation"": ""selu"", ""batch_size"": 32, ""data_augmentation"": false, ""dr_f"": 0.454204674292, ""learning_rate"": 0.000715302258, ""new_fc_1"": 15, ""new_fc_10"": 11, ""new_fc_2"": 18, ""new_fc_3"": 28, ""new_fc_4"": 20, ""new_fc_5"": 21, ""new_fc_6"": 28, ""new_fc_7"": 8, ""new_fc_8"": 19, ""new_fc_9"": 3, ""num_neurons"": 8, ""optimizer"": ""Adamax"", ""reg_l2"": true, ""skip_connection"": false, ""unit_c1"": 1, ""unit_c2"": 3}"
406,168,flops,,,1.32884968,199327452.0,1417834.0,,9317.3408,"{""activation"": ""elu"", ""batch_size"": 64, ""data_augmentation"": true, ""dr_f"": 0.238841822069, ""learning_rate"": 0.000426561342, ""new_fc_1"": 3, ""new_fc_10"": 4, ""new_fc_2"": 16, ""new_fc_3"": 23, ""new_fc_4"": 10, ""new_fc_5"": 5, ""new_fc_6"": 6, ""new_fc_7"": 0, ""new_fc_8"": 7, ""new_fc_9"": 27, ""num_neurons"": 32, ""optimizer"": ""Adadelta"", ""reg_l2"": true, ""skip_connection"": true, ""unit_c1"": 3, ""unit_c2"": 1}"
407,168,flops,,,0.7650066933333334,114751004.0,2851290.0,,9319.1998,"{""activation"": ""swish"", ""batch_size"": 8, ""data_augmentation"": false, ""dr_f"": 0.232191610713, ""learning_rate"": 0.00021681412, ""new_fc_1"": 18, ""new_fc_10"": 24, ""new_fc_2"": 3, ""new_fc_3"": 23, ""new_fc_4"": 15, ""new_fc_5"": 23, ""new_fc_6"": 19, ""new_fc_7"": 31, ""new_fc_8"": 31, ""new_fc_9"": 15, ""num_neurons"": 16, ""optimizer"": ""Adagrad"", ""reg_l2"": true, ""skip_connection"": false, ""unit_c1"": 3, ""unit_c2"": 6}"
408,169,accuracy,0.823400005698204,0.17659999430179596,0.04138845333333333,6208268.0,422778.0,-0.4112034600112572,10424.4841,"{""activation"": ""relu"", ""batch_size"": 8, ""data_augmentation"": false, ""dr_f"": 0.434192340915, ""learning_rate"": 0.000199190103, ""new_fc_1"": 22, ""new_fc_10"": 19, ""new_fc_2"": 7, ""new_fc_3"": 27, ""new_fc_4"": 6, ""new_fc_5"": 26, ""new_fc_6"": 16, ""new_fc_7"": 22, ""new_fc_8"": 21, ""new_fc_9"": 8, ""num_neurons"": 8, ""optimizer"": ""Adagrad"", ""reg_l2"": false, ""skip_connection"": true, ""unit_c1"": 1, ""unit_c2"": 3}"
409,169,flops,,,0.04088704,6133056.0,89642.0,,10426.2577,"{""activation"": ""selu"", ""batch_size"": 8, ""data_augmentation"": false, ""dr_f"": 0.461229749386, ""learning_rate"": 0.00046234444, ""new_fc_1"": 5, ""new_fc_10"": 3, ""new_fc_2"": 17, ""new_fc_3"": 23, ""new_fc_4"": 12, ""new_fc_5"": 30, ""new_fc_6"": 30, ""new_fc_7"": 2, ""new_fc_8"": 15, ""new_fc_9"": 12, ""num_neurons"": 4, ""optimizer"": ""Adadelta"", ""reg_l2"": false, ""skip_connection"": true, ""unit_c1"": 1, ""unit_c2"": 8}"
410,169,flops,,,5.5747122933333335,836206844.0,37418826.0,,10429.5398,"{""activation"": ""swish"", ""batch_size"": 8, ""data_augmentation"": true, ""dr_f"": 0.266227938332, ""learning_rate"": 0.000494899106, ""new_fc_1"": 21, ""new_fc_10"": 27, ""new_fc_2"": 15, ""new_fc_3"": 26, ""new_fc_4"": 29, ""new_fc_5"": 16, ""new_fc_6"": 16, ""new_fc_7"": 27, ""new_fc_8"": 6, ""new_fc_9"": 22, ""num_neurons"": 64, ""optimizer"": ""Adadelta"", ""reg_l2"": true, ""skip_connection"": false, ""unit_c1"": 2, ""unit_c2"": 4}"
411,170,accuracy,0.8840000033378601,0.11599999666213989,0.5269522933333334,79042844.0,3111722.0,-0.2231143096634979,10696.4996,"{""activation"": ""swish"", ""batch_size"": 64, ""data_augmentation"": false, ""dr_f"": 0.374990808262, ""learning_rate"": 0.000852338333, ""new_fc_1"": 21, ""new_fc_10"": 7, ""new_fc_2"": 17, ""new_fc_3"": 25, ""new_fc_4"": 0, ""new_fc_5"": 1, ""new_fc_6"": 16, ""new_fc_7"": 19, ""new_fc_8"": 31, ""new_fc_9"": 13, ""num_neurons"": 16, ""optimizer"": ""SGD"", ""reg_l2"": false, ""skip_connection"": true, ""unit_c1"": 1, ""unit_c2"": 7}"
412,171,accuracy,10000000000.0,,15.96844328,2395266492.0,24545226.0,10000000000.0,10700.1332,"{""activation"": ""swish"", ""batch_size"": 32, ""data_augmentation"": true, ""dr_f"": 0.320613007928, ""learning_rate"": 0.000655380542, ""new_fc_1"": 6, ""new_fc_10"": 5, ""new_fc_2"": 8, ""new_fc_3"": 13, ""new_fc_4"": 12, ""new_fc_5"": 5, ""new_fc_6"": 22, ""new_fc_7"": 25, ""new_fc_8"": 25, ""new_fc_9"": 13, ""num_neurons"": 64, ""optimizer"": ""Adamax"", ""reg_l2"": true, ""skip_connection"": false, ""unit_c1"": 3, ""unit_c2"": 8}"
413,171,flops,,,1.0097266933333333,151459004.0,17332042.0,,10702.6006,"{""activation"": ""elu"", ""batch_size"": 64, ""data_augmentation"": true, ""dr_f"": 0.294623122459, ""learning_rate"": 0.000449948386, ""new_fc_1"": 22, ""new_fc_10"": 2, ""new_fc_2"": 17, ""new_fc_3"": 8, ""new_fc_4"": 3, ""new_fc_5"": 24, ""new_fc_6"": 17, ""new_fc_7"": 25, ""new_fc_8"": 25, ""new_fc_9"": 27, ""num_neurons"": 64, ""optimizer"": ""Adagrad"", ""reg_l2"": false, ""skip_connection"": false, ""unit_c1"": 1, ""unit_c2"": 1}"
414,172,accuracy,0.43140000104904175,0.5685999989509583,0.05528952,8293428.0,268746.0,-0.6814331432656708,11868.1398,"{""activation"": ""elu"", ""batch_size"": 16, ""data_augmentation"": false, ""dr_f"": 0.114545553252, ""learning_rate"": 0.000660168566, ""new_fc_1"": 8, ""new_fc_10"": 2, ""new_fc_2"": 17, ""new_fc_3"": 1, ""new_fc_4"": 6, ""new_fc_5"": 22, ""new_fc_6"": 12, ""new_fc_7"": 19, ""new_fc_8"": 31, ""new_fc_9"": 17, ""num_neurons"": 8, ""optimizer"": ""Adamax"", ""reg_l2"": true, ""skip_connection"": true, ""unit_c1"": 1, ""unit_c2"": 4}"
415,173,accuracy,0.6128999888896942,0.3871000111103058,0.19085645333333334,28628468.0,527322.0,-0.513713071777214,14113.7137,"{""activation"": ""selu"", ""batch_size"": 8, ""data_augmentation"": true, ""dr_f"": 0.207460278008, ""learning_rate"": 0.000356524886, ""new_fc_1"": 30, ""new_fc_10"": 5, ""new_fc_2"": 32, ""new_fc_3"": 11, ""new_fc_4"": 4, ""new_fc_5"": 14, ""new_fc_6"": 7, ""new_fc_7"": 19, ""new_fc_8"": 12, ""new_fc_9"": 13, ""num_neurons"": 8, ""optimizer"": ""Adadelta"", ""reg_l2"": false, ""skip_connection"": true, ""unit_c1"": 4, ""unit_c2"": 3}"
416,174,accuracy,0.6495999991893768,0.35040000081062317,0.0166548,2498220.0,96378.0,-0.5402835605674362,14320.1034,"{""activation"": ""selu"", ""batch_size"": 64, ""data_augmentation"": true, ""dr_f"": 0.2907596272, ""learning_rate"": 0.000696857131, ""new_fc_1"": 25, ""new_fc_10"": 5, ""new_fc_2"": 3, ""new_fc_3"": 14, ""new_fc_4"": 11, ""new_fc_5"": 27, ""new_fc_6"": 22, ""new_fc_7"": 30, ""new_fc_8"": 12, ""new_fc_9"": 27, ""num_neurons"": 4, ""optimizer"": ""Adam"", ""reg_l2"": true, ""skip_connection"": true, ""unit_c1"": 2, ""unit_c2"": 2}"
417,174,flops,,,3.3159329866666667,497389948.0,16513674.0,,14322.4827,"{""activation"": ""relu"", ""batch_size"": 64, ""data_augmentation"": true, ""dr_f"": 0.464279690975, ""learning_rate"": 0.000353502095, ""new_fc_1"": 2, ""new_fc_10"": 20, ""new_fc_2"": 2, ""new_fc_3"": 29, ""new_fc_4"": 26, ""new_fc_5"": 29, ""new_fc_6"": 14, ""new_fc_7"": 29, ""new_fc_8"": 26, ""new_fc_9"": 4, ""num_neurons"": 64, ""optimizer"": ""Adadelta"", ""reg_l2"": false, ""skip_connection"": true, ""unit_c1"": 1, ""unit_c2"": 4}"
418,175,accuracy,10000000000.0,,2.92435112,438652668.0,4700458.0,10000000000.0,14324.4584,"{""activation"": ""relu"", ""batch_size"": 16, ""data_augmentation"": true, ""dr_f"": 0.073910725861, ""learning_rate"": 0.000607472138, ""new_fc_1"": 5, ""new_fc_10"": 24, ""new_fc_2"": 28, ""new_fc_3"": 0, ""new_fc_4"": 12, ""new_fc_5"": 30, ""new_fc_6"": 5, ""new_fc_7"": 6, ""new_fc_8"": 8, ""new_fc_9"": 32, ""num_neurons"": 32, ""optimizer"": ""Adam"", ""reg_l2"": false, ""skip_connection"": false, ""unit_c1"": 3, ""unit_c2"": 6}"
419,175,flops,,,0.07817413333333334,11726120.0,201670.0,,2.0139,"{""activation"": ""selu"", ""batch_size"": 8, ""data_augmentation"": true, ""dr_f"": 0.11660709244, ""learning_rate"": 0.000777966598, ""new_fc_1"": 23, ""new_fc_10"": 5, ""new_fc_2"": 22, ""new_fc_3"": 3, ""new_fc_4"": 1, ""new_fc_5"": 0, ""new_fc_6"": 21, ""new_fc_7"": 12, ""new_fc_8"": 19, ""new_fc_9"": 13, ""num_neurons"": 4, ""optimizer"": ""Adagrad"", ""reg_l2"": true, ""skip_connection"": false, ""unit_c1"": 4, ""unit_c2"": 7}"
420,175,flops,,,0.11065976,16598964.0,320450.0,,3.724,"{""activation"": ""selu"", ""batch_size"": 16, ""data_augmentation"": false, ""dr_f"": 0.302798334866, ""learning_rate"": 0.000658255765, ""new_fc_1"": 9, ""new_fc_10"": 10, ""new_fc_2"": 9, ""new_fc_3"": 12, ""new_fc_4"": 23, ""new_fc_5"": 11, ""new_fc_6"": 12, ""new_fc_7"": 9, ""new_fc_8"": 20, ""new_fc_9"": 20, ""num_neurons"": 8, ""optimizer"": ""Adadelta"", ""reg_l2"": true, ""skip_connection"": false, ""unit_c1"": 2, ""unit_c2"": 5}"
421,175,flops,,,0.16514621333333335,24771932.0,493138.0,,5.5852,"{""activation"": ""selu"", ""batch_size"": 16, ""data_augmentation"": false, ""dr_f"": 0.3011502054, ""learning_rate"": 0.000648569678, ""new_fc_1"": 17, ""new_fc_10"": 18, ""new_fc_2"": 29, ""new_fc_3"": 19, ""new_fc_4"": 6, ""new_fc_5"": 23, ""new_fc_6"": 6, ""new_fc_7"": 32, ""new_fc_8"": 2, ""new_fc_9"": 4, ""num_neurons"": 8, ""optimizer"": ""SGD"", ""reg_l2"": false, ""skip_connection"": false, ""unit_c1"": 3, ""unit_c2"": 5}"
422,176,accuracy,10000000000.0,,12.418478906666667,1862771836.0,19629258.0,10000000000.0,8.0199,"{""activation"": ""elu"", ""batch_size"": 64, ""data_augmentation"": false, ""dr_f"": 0.420565044507, ""learning_rate"": 0.000787059267, ""new_fc_1"": 9, ""new_fc_10"": 25, ""new_fc_2"": 11, ""new_fc_3"": 6, ""new_fc_4"": 25, ""new_fc_5"": 7, ""new_fc_6"": 20, ""new_fc_7"": 28, ""new_fc_8"": 13, ""new_fc_9"": 13, ""num_neurons"": 64, ""optimizer"": ""Adagrad"", ""reg_l2"": false, ""skip_connection"": false, ""unit_c1"": 4, ""unit_c2"": 4}"
423,177,accuracy,0.7765000015497208,0.22349999845027924,0.8086070133333333,121291052.0,2243962.0,-0.21386789491519548,874.1292,"{""activation"": ""elu"", ""batch_size"": 32, ""data_augmentation"": false, ""dr_f"": 0.480290587561, ""learning_rate"": 0.000489258084, ""new_fc_1"": 22, ""new_fc_10"": 10, ""new_fc_2"": 32, ""new_fc_3"": 16, ""new_fc_4"": 10, ""new_fc_5"": 9, ""new_fc_6"": 12, ""new_fc_7"": 15, ""new_fc_8"": 27, ""new_fc_9"": 14, ""num_neurons"": 16, ""optimizer"": ""Adam"", ""reg_l2"": true, ""skip_connection"": false, ""unit_c1"": 4, ""unit_c2"": 4}"
424,177,flops,,,0.062285733333333336,9342860.0,188266.0,,875.8039,"{""activation"": ""relu"", ""batch_size"": 8, ""data_augmentation"": true, ""dr_f"": 0.385611900896, ""learning_rate"": 0.000174034699, ""new_fc_1"": 26, ""new_fc_10"": 17, ""new_fc_2"": 8, ""new_fc_3"": 27, ""new_fc_4"": 28, ""new_fc_5"": 13, ""new_fc_6"": 9, ""new_fc_7"": 20, ""new_fc_8"": 27, ""new_fc_9"": 9, ""num_neurons"": 4, ""optimizer"": ""Adamax"", ""reg_l2"": true, ""skip_connection"": false, ""unit_c1"": 4, ""unit_c2"": 5}"
425,177,flops,,,0.80174632,120261948.0,2721834.0,,877.3314,"{""activation"": ""selu"", ""batch_size"": 8, ""data_augmentation"": false, ""dr_f"": 0.419973296437, ""learning_rate"": 0.000896462021, ""new_fc_1"": 1, ""new_fc_10"": 14, ""new_fc_2"": 6, ""new_fc_3"": 15, ""new_fc_4"": 15, ""new_fc_5"": 20, ""new_fc_6"": 8, ""new_fc_7"": 16, ""new_fc_8"": 32, ""new_fc_9"": 17, ""num_neurons"": 32, ""optimizer"": ""Adadelta"", ""reg_l2"": true, ""skip_connection"": false, ""unit_c1"": 1, ""unit_c2"": 4}"
426,177,flops,,,0.031714693333333335,4757204.0,157638.0,,879.0861,"{""activation"": ""swish"", ""batch_size"": 64, ""data_augmentation"": true, ""dr_f"": 0.25591909348, ""learning_rate"": 0.000875321835, ""new_fc_1"": 21, ""new_fc_10"": 16, ""new_fc_2"": 18, ""new_fc_3"": 32, ""new_fc_4"": 17, ""new_fc_5"": 2, ""new_fc_6"": 26, ""new_fc_7"": 29, ""new_fc_8"": 2, ""new_fc_9"": 15, ""num_neurons"": 4, ""optimizer"": ""Adamax"", ""reg_l2"": true, ""skip_connection"": true, ""unit_c1"": 2, ""unit_c2"": 5}"
427,178,accuracy,10000000000.0,,2.2782297333333332,341734460.0,4243850.0,10000000000.0,881.9946,"{""activation"": ""swish"", ""batch_size"": 32, ""data_augmentation"": true, ""dr_f"": 0.155173650014, ""learning_rate"": 0.000138278172, ""new_fc_1"": 19, ""new_fc_10"": 29, ""new_fc_2"": 29, ""new_fc_3"": 28, ""new_fc_4"": 21, ""new_fc_5"": 3, ""new_fc_6"": 29, ""new_fc_7"": 3, ""new_fc_8"": 2, ""new_fc_9"": 17, ""num_neurons"": 32, ""optimizer"": ""Adam"", ""reg_l2"": true, ""skip_connection"": false, ""unit_c1"": 4, ""unit_c2"": 1}"
428,178,flops,,,2.82462056,423693084.0,4199690.0,,884.0407,"{""activation"": ""relu"", ""batch_size"": 16, ""data_augmentation"": true, ""dr_f"": 0.41651898215, ""learning_rate"": 0.000382751564, ""new_fc_1"": 9, ""new_fc_10"": 22, ""new_fc_2"": 12, ""new_fc_3"": 4, ""new_fc_4"": 32, ""new_fc_5"": 5, ""new_fc_6"": 4, ""new_fc_7"": 31, ""new_fc_8"": 17, ""new_fc_9"": 23, ""num_neurons"": 32, ""optimizer"": ""Adagrad"", ""reg_l2"": true, ""skip_connection"": true, ""unit_c1"": 4, ""unit_c2"": 3}"
429,178,flops,,,0.060543306666666664,9081496.0,57502.0,,885.8246,"{""activation"": ""relu"", ""batch_size"": 8, ""data_augmentation"": true, ""dr_f"": 0.163227685702, ""learning_rate"": 0.000988052966, ""new_fc_1"": 3, ""new_fc_10"": 10, ""new_fc_2"": 10, ""new_fc_3"": 8, ""new_fc_4"": 29, ""new_fc_5"": 4, ""new_fc_6"": 18, ""new_fc_7"": 29, ""new_fc_8"": 20, ""new_fc_9"": 12, ""num_neurons"": 4, ""optimizer"": ""Adam"", ""reg_l2"": false, ""skip_connection"": false, ""unit_c1"": 4, ""unit_c2"": 5}"
430,178,flops,,,0.016164533333333335,2424680.0,93374.0,,887.7389,"{""activation"": ""selu"", ""batch_size"": 64, ""data_augmentation"": false, ""dr_f"": 0.240865806808, ""learning_rate"": 0.000893666757, ""new_fc_1"": 19, ""new_fc_10"": 14, ""new_fc_2"": 26, ""new_fc_3"": 29, ""new_fc_4"": 23, ""new_fc_5"": 30, ""new_fc_6"": 7, ""new_fc_7"": 17, ""new_fc_8"": 10, ""new_fc_9"": 4, ""num_neurons"": 4, ""optimizer"": ""Adadelta"", ""reg_l2"": true, ""skip_connection"": false, ""unit_c1"": 2, ""unit_c2"": 2}"
431,178,flops,,,0.06259330666666667,9388996.0,211442.0,,889.6338,"{""activation"": ""selu"", ""batch_size"": 32, ""data_augmentation"": false, ""dr_f"": 0.210159625631, ""learning_rate"": 0.00075171975, ""new_fc_1"": 23, ""new_fc_10"": 29, ""new_fc_2"": 21, ""new_fc_3"": 1, ""new_fc_4"": 24, ""new_fc_5"": 32, ""new_fc_6"": 32, ""new_fc_7"": 26, ""new_fc_8"": 27, ""new_fc_9"": 23, ""num_neurons"": 4, ""optimizer"": ""Adadelta"", ""reg_l2"": true, ""skip_connection"": false, ""unit_c1"": 4, ""unit_c2"": 5}"
432,178,flops,,,0.026065733333333334,3909860.0,139942.0,,891.5292,"{""activation"": ""selu"", ""batch_size"": 64, ""data_augmentation"": false, ""dr_f"": 0.395449997692, ""learning_rate"": 0.000666115941, ""new_fc_1"": 13, ""new_fc_10"": 28, ""new_fc_2"": 32, ""new_fc_3"": 29, ""new_fc_4"": 8, ""new_fc_5"": 28, ""new_fc_6"": 0, ""new_fc_7"": 28, ""new_fc_8"": 12, ""new_fc_9"": 8, ""num_neurons"": 4, ""optimizer"": ""Adamax"", ""reg_l2"": false, ""skip_connection"": false, ""unit_c1"": 1, ""unit_c2"": 6}"
433,179,accuracy,0.9003000035881996,0.09969999641180038,0.0077522933333333335,1162844.0,81582.0,-0.36746430948826025,1277.2854,"{""activation"": ""swish"", ""batch_size"": 16, ""data_augmentation"": false, ""dr_f"": 0.129520101304, ""learning_rate"": 0.000237605832, ""new_fc_1"": 30, ""new_fc_10"": 4, ""new_fc_2"": 11, ""new_fc_3"": 6, ""new_fc_4"": 15, ""new_fc_5"": 0, ""new_fc_6"": 13, ""new_fc_7"": 14, ""new_fc_8"": 15, ""new_fc_9"": 4, ""num_neurons"": 4, ""optimizer"": ""Adadelta"", ""reg_l2"": true, ""skip_connection"": false, ""unit_c1"": 1, ""unit_c2"": 2}"
434,179,flops,,,1.5662312266666667,234934684.0,4317514.0,,1279.3618,"{""activation"": ""elu"", ""batch_size"": 8, ""data_augmentation"": true, ""dr_f"": 0.14686800641, ""learning_rate"": 0.000457364999, ""new_fc_1"": 23, ""new_fc_10"": 1, ""new_fc_2"": 5, ""new_fc_3"": 14, ""new_fc_4"": 8, ""new_fc_5"": 27, ""new_fc_6"": 9, ""new_fc_7"": 10, ""new_fc_8"": 11, ""new_fc_9"": 11, ""num_neurons"": 32, ""optimizer"": ""Adamax"", ""reg_l2"": false, ""skip_connection"": true, ""unit_c1"": 3, ""unit_c2"": 2}"
435,179,flops,,,0.15921234666666667,23881852.0,289266.0,,1280.9439,"{""activation"": ""swish"", ""batch_size"": 8, ""data_augmentation"": true, ""dr_f"": 0.158104666548, ""learning_rate"": 0.000353530991, ""new_fc_1"": 4, ""new_fc_10"": 30, ""new_fc_2"": 10, ""new_fc_3"": 20, ""new_fc_4"": 6, ""new_fc_5"": 15, ""new_fc_6"": 31, ""new_fc_7"": 4, ""new_fc_8"": 3, ""new_fc_9"": 21, ""num_neurons"": 8, ""optimizer"": ""SGD"", ""reg_l2"": true, ""skip_connection"": true, ""unit_c1"": 1, ""unit_c2"": 8}"
436,180,accuracy,0.8999999985098839,0.10000000149011612,0.15921234666666667,23881852.0,289266.0,-0.3222362970430813,2027.5886,"{""activation"": ""swish"", ""batch_size"": 8, ""data_augmentation"": true, ""dr_f"": 0.158104666548, ""learning_rate"": 0.000353530991, ""new_fc_1"": 4, ""new_fc_10"": 30, ""new_fc_2"": 10, ""new_fc_3"": 20, ""new_fc_4"": 6, ""new_fc_5"": 15, ""new_fc_6"": 31, ""new_fc_7"": 4, ""new_fc_8"": 3, ""new_fc_9"": 21, ""num_neurons"": 8, ""optimizer"": ""SGD"", ""reg_l2"": true, ""skip_connection"": true, ""unit_c1"": 1, ""unit_c2"": 8}"
437,180,flops,,,1.3619705333333334,204295580.0,3684714.0,,2029.3188,"{""activation"": ""swish"", ""batch_size"": 32, ""data_augmentation"": true, ""dr_f"": 0.411754142514, ""learning_rate"": 0.000895727638, ""new_fc_1"": 25, ""new_fc_10"": 26, ""new_fc_2"": 2, ""new_fc_3"": 4, ""new_fc_4"": 27, ""new_fc_5"": 27, ""new_fc_6"": 17, ""new_fc_7"": 10, ""new_fc_8"": 20, ""new_fc_9"": 3, ""num_neurons"": 32, ""optimizer"": ""Adam"", ""reg_l2"": true, ""skip_connection"": true, ""unit_c1"": 3, ""unit_c2"": 1}"
438,181,accuracy,0.4757999777793884,0.5242000222206116,0.061082533333333335,9162380.0,182778.0,-0.648615255554428,3075.0256,"{""activation"": ""elu"", ""batch_size"": 16, ""data_augmentation"": false, ""dr_f"": 0.061603415775, ""learning_rate"": 0.000843488378, ""new_fc_1"": 20, ""new_fc_10"": 14, ""new_fc_2"": 7, ""new_fc_3"": 21, ""new_fc_4"": 26, ""new_fc_5"": 1, ""new_fc_6"": 7, ""new_fc_7"": 26, ""new_fc_8"": 7, ""new_fc_9"": 19, ""num_neurons"": 4, ""optimizer"": ""Adagrad"", ""reg_l2"": false, ""skip_connection"": true, ""unit_c1"": 3, ""unit_c2"": 7}"
439,182,accuracy,0.6983000040054321,0.30169999599456787,0.11065976,16598964.0,320450.0,-0.4779920691961975,4180.8535,"{""activation"": ""selu"", ""batch_size"": 16, ""data_augmentation"": false, ""dr_f"": 0.302798334866, ""learning_rate"": 0.000658255765, ""new_fc_1"": 9, ""new_fc_10"": 10, ""new_fc_2"": 9, ""new_fc_3"": 12, ""new_fc_4"": 23, ""new_fc_5"": 11, ""new_fc_6"": 12, ""new_fc_7"": 9, ""new_fc_8"": 20, ""new_fc_9"": 20, ""num_neurons"": 8, ""optimizer"": ""Adadelta"", ""reg_l2"": true, ""skip_connection"": false, ""unit_c1"": 2, ""unit_c2"": 5}"
440,182,flops,,,16.802990053333332,2520448508.0,58996810.0,,4185.0197,"{""activation"": ""elu"", ""batch_size"": 8, ""data_augmentation"": true, ""dr_f"": 0.180762381809, ""learning_rate"": 0.000943162364, ""new_fc_1"": 29, ""new_fc_10"": 30, ""new_fc_2"": 25, ""new_fc_3"": 0, ""new_fc_4"": 24, ""new_fc_5"": 1, ""new_fc_6"": 5, ""new_fc_7"": 4, ""new_fc_8"": 18, ""new_fc_9"": 23, ""num_neurons"": 64, ""optimizer"": ""SGD"", ""reg_l2"": true, ""skip_connection"": true, ""unit_c1"": 4, ""unit_c2"": 6}"
441,182,flops,,,0.28655208,42982812.0,600586.0,,4187.1126,"{""activation"": ""selu"", ""batch_size"": 16, ""data_augmentation"": true, ""dr_f"": 0.170094723867, ""learning_rate"": 0.000194953914, ""new_fc_1"": 1, ""new_fc_10"": 31, ""new_fc_2"": 20, ""new_fc_3"": 5, ""new_fc_4"": 12, ""new_fc_5"": 0, ""new_fc_6"": 20, ""new_fc_7"": 28, ""new_fc_8"": 8, ""new_fc_9"": 13, ""num_neurons"": 16, ""optimizer"": ""Adamax"", ""reg_l2"": true, ""skip_connection"": true, ""unit_c1"": 1, ""unit_c2"": 5}"
442,182,flops,,,0.06366456,9549684.0,139430.0,,4189.0139,"{""activation"": ""relu"", ""batch_size"": 16, ""data_augmentation"": false, ""dr_f"": 0.219056106864, ""learning_rate"": 0.000393030479, ""new_fc_1"": 21, ""new_fc_10"": 27, ""new_fc_2"": 9, ""new_fc_3"": 19, ""new_fc_4"": 1, ""new_fc_5"": 3, ""new_fc_6"": 19, ""new_fc_7"": 5, ""new_fc_8"": 32, ""new_fc_9"": 10, ""num_neurons"": 4, ""optimizer"": ""Adamax"", ""reg_l2"": true, ""skip_connection"": true, ""unit_c1"": 4, ""unit_c2"": 5}"
443,183,accuracy,10000000000.0,,2.82462056,423693084.0,4199690.0,10000000000.0,4190.9711,"{""activation"": ""relu"", ""batch_size"": 16, ""data_augmentation"": true, ""dr_f"": 0.41651898215, ""learning_rate"": 0.000382751564, ""new_fc_1"": 9, ""new_fc_10"": 22, ""new_fc_2"": 12, ""new_fc_3"": 4, ""new_fc_4"": 32, ""new_fc_5"": 5, ""new_fc_6"": 4, ""new_fc_7"": 31, ""new_fc_8"": 17, ""new_fc_9"": 23, ""num_neurons"": 32, ""optimizer"": ""Adagrad"", ""reg_l2"": true, ""skip_connection"": true, ""unit_c1"": 4, ""unit_c2"": 3}"
444,183,flops,,,1.0692828533333334,160392428.0,3295578.0,,4192.7762,"{""activation"": ""swish"", ""batch_size"": 16, ""data_augmentation"": true, ""dr_f"": 0.417637338289, ""learning_rate"": 0.000514351018, ""new_fc_1"": 23, ""new_fc_10"": 29, ""new_fc_2"": 29, ""new_fc_3"": 7, ""new_fc_4"": 22, ""new_fc_5"": 27, ""new_fc_6"": 14, ""new_fc_7"": 21, ""new_fc_8"": 2, ""new_fc_9"": 31, ""num_neurons"": 16, ""optimizer"": ""Adadelta"", ""reg_l2"": false, ""skip_connection"": true, ""unit_c1"": 4, ""unit_c2"": 6}"
445,183,flops,,,0.23197021333333334,34795532.0,1092402.0,,4194.562,"{""activation"": ""elu"", ""batch_size"": 8, ""data_augmentation"": true, ""dr_f"": 0.480329276133, ""learning_rate"": 0.000131336386, ""new_fc_1"": 31, ""new_fc_10"": 1, ""new_fc_2"": 8, ""new_fc_3"": 6, ""new_fc_4"": 7, ""new_fc_5"": 21, ""new_fc_6"": 0, ""new_fc_7"": 28, ""new_fc_8"": 28, ""new_fc_9"": 20, ""num_neurons"": 8, ""optimizer"": ""SGD"", ""reg_l2"": false, ""skip_connection"": false, ""unit_c1"": 3, ""unit_c2"": 7}"
446,184,accuracy,10000000000.0,,3.185050213333333,477757532.0,8717418.0,10000000000.0,4197.2324,"{""activation"": ""swish"", ""batch_size"": 8, ""data_augmentation"": false, ""dr_f"": 0.38392300321, ""learning_rate"": 0.000190147189, ""new_fc_1"": 22, ""new_fc_10"": 2, ""new_fc_2"": 8, ""new_fc_3"": 27, ""new_fc_4"": 5, ""new_fc_5"": 28, ""new_fc_6"": 32, ""new_fc_7"": 19, ""new_fc_8"": 4, ""new_fc_9"": 32, ""num_neurons"": 32, ""optimizer"": ""Adamax"", ""reg_l2"": true, ""skip_connection"": false, ""unit_c1"": 4, ""unit_c2"": 4}"
447,184,flops,,,0.03758802666666667,5638204.0,76134.0,,4199.144,"{""activation"": ""swish"", ""batch_size"": 8, ""data_augmentation"": true, ""dr_f"": 0.490119856183, ""learning_rate"": 0.000679893974, ""new_fc_1"": 11, ""new_fc_10"": 8, ""new_fc_2"": 0, ""new_fc_3"": 27, ""new_fc_4"": 14, ""new_fc_5"": 9, ""new_fc_6"": 0, ""new_fc_7"": 20, ""new_fc_8"": 9, ""new_fc_9"": 22, ""num_neurons"": 4, ""optimizer"": ""Adam"", ""reg_l2"": true, ""skip_connection"": false, ""unit_c1"": 3, ""unit_c2"": 4}"
448,184,flops,,,19.09758888,2864638332.0,67068298.0,,4203.5067,"{""activation"": ""selu"", ""batch_size"": 64, ""data_augmentation"": false, ""dr_f"": 0.323894372897, ""learning_rate"": 0.000827720739, ""new_fc_1"": 28, ""new_fc_10"": 12, ""new_fc_2"": 22, ""new_fc_3"": 23, ""new_fc_4"": 22, ""new_fc_5"": 13, ""new_fc_6"": 7, ""new_fc_7"": 11, ""new_fc_8"": 30, ""new_fc_9"": 13, ""num_neurons"": 64, ""optimizer"": ""Adadelta"", ""reg_l2"": false, ""skip_connection"": true, ""unit_c1"": 4, ""unit_c2"": 7}"
449,185,accuracy,10000000000.0,,2.814992826666667,422248924.0,3477578.0,10000000000.0,4206.3014,"{""activation"": ""selu"", ""batch_size"": 8, ""data_augmentation"": false, ""dr_f"": 0.070150039334, ""learning_rate"": 0.000168725608, ""new_fc_1"": 4, ""new_fc_10"": 12, ""new_fc_2"": 15, ""new_fc_3"": 26, ""new_fc_4"": 32, ""new_fc_5"": 3, ""new_fc_6"": 20, ""new_fc_7"": 4, ""new_fc_8"": 20, ""new_fc_9"": 21, ""num_neurons"": 32, ""optimizer"": ""Adam"", ""reg_l2"": false, ""skip_connection"": true, ""unit_c1"": 4, ""unit_c2"": 3}"
450,186,accuracy,0.33389997482299805,0.666100025177002,0.5352930933333333,80293964.0,1060906.0,-0.6056820896239014,6152.2922,"{""activation"": ""selu"", ""batch_size"": 8, ""data_augmentation"": true, ""dr_f"": 0.287607704836, ""learning_rate"": 0.00096920201, ""new_fc_1"": 4, ""new_fc_10"": 3, ""new_fc_2"": 26, ""new_fc_3"": 15, ""new_fc_4"": 17, ""new_fc_5"": 28, ""new_fc_6"": 21, ""new_fc_7"": 14, ""new_fc_8"": 29, ""new_fc_9"": 8, ""num_neurons"": 16, ""optimizer"": ""SGD"", ""reg_l2"": true, ""skip_connection"": false, ""unit_c1"": 3, ""unit_c2"": 4}"
451,187,accuracy,0.8999999985098839,0.10000000149011612,0.17390962666666668,26086444.0,838554.0,-0.31782711304308126,6838.8967,"{""activation"": ""swish"", ""batch_size"": 8, ""data_augmentation"": false, ""dr_f"": 0.394801614647, ""learning_rate"": 0.000796266587, ""new_fc_1"": 13, ""new_fc_10"": 28, ""new_fc_2"": 31, ""new_fc_3"": 2, ""new_fc_4"": 12, ""new_fc_5"": 21, ""new_fc_6"": 2, ""new_fc_7"": 7, ""new_fc_8"": 18, ""new_fc_9"": 31, ""num_neurons"": 16, ""optimizer"": ""SGD"", ""reg_l2"": true, ""skip_connection"": false, ""unit_c1"": 2, ""unit_c2"": 1}"
452,188,accuracy,0.8571999967098236,0.1428000032901764,0.12758082666666667,19137124.0,292322.0,-0.36168575430312344,7344.5535,"{""activation"": ""swish"", ""batch_size"": 16, ""data_augmentation"": false, ""dr_f"": 0.224270783555, ""learning_rate"": 0.00041777326, ""new_fc_1"": 2, ""new_fc_10"": 17, ""new_fc_2"": 30, ""new_fc_3"": 12, ""new_fc_4"": 24, ""new_fc_5"": 16, ""new_fc_6"": 28, ""new_fc_7"": 24, ""new_fc_8"": 10, ""new_fc_9"": 24, ""num_neurons"": 8, ""optimizer"": ""SGD"", ""reg_l2"": false, ""skip_connection"": true, ""unit_c1"": 1, ""unit_c2"": 7}"
453,189,accuracy,0.8569000065326691,0.14309999346733093,0.037792933333333334,5668940.0,124862.0,-0.3888321154271316,7490.0958,"{""activation"": ""relu"", ""batch_size"": 64, ""data_augmentation"": false, ""dr_f"": 0.030507102503, ""learning_rate"": 0.000788222406, ""new_fc_1"": 17, ""new_fc_10"": 19, ""new_fc_2"": 32, ""new_fc_3"": 19, ""new_fc_4"": 27, ""new_fc_5"": 3, ""new_fc_6"": 4, ""new_fc_7"": 4, ""new_fc_8"": 26, ""new_fc_9"": 25, ""num_neurons"": 4, ""optimizer"": ""Adagrad"", ""reg_l2"": true, ""skip_connection"": false, ""unit_c1"": 3, ""unit_c2"": 4}"
454,190,accuracy,0.7240000069141388,0.2759999930858612,0.016164533333333335,2424680.0,93374.0,-0.4883506351601028,7875.4945,"{""activation"": ""selu"", ""batch_size"": 64, ""data_augmentation"": false, ""dr_f"": 0.240865806808, ""learning_rate"": 0.000893666757, ""new_fc_1"": 19, ""new_fc_10"": 14, ""new_fc_2"": 26, ""new_fc_3"": 29, ""new_fc_4"": 23, ""new_fc_5"": 30, ""new_fc_6"": 7, ""new_fc_7"": 17, ""new_fc_8"": 10, ""new_fc_9"": 4, ""num_neurons"": 4, ""optimizer"": ""Adadelta"", ""reg_l2"": true, ""skip_connection"": false, ""unit_c1"": 2, ""unit_c2"": 2}"
455,191,accuracy,0.6735000014305115,0.3264999985694885,0.0054181333333333335,812720.0,50818.0,-0.526924558998642,8201.8524,"{""activation"": ""elu"", ""batch_size"": 64, ""data_augmentation"": true, ""dr_f"": 0.108119914945, ""learning_rate"": 0.000758829726, ""new_fc_1"": 29, ""new_fc_10"": 7, ""new_fc_2"": 14, ""new_fc_3"": 2, ""new_fc_4"": 9, ""new_fc_5"": 14, ""new_fc_6"": 17, ""new_fc_7"": 13, ""new_fc_8"": 1, ""new_fc_9"": 23, ""num_neurons"": 4, ""optimizer"": ""Adagrad"", ""reg_l2"": false, ""skip_connection"": true, ""unit_c1"": 1, ""unit_c2"": 1}"
456,192,accuracy,0.46939998865127563,0.5306000113487244,0.07817413333333334,11726120.0,201670.0,-0.6479677679441069,10148.2944,"{""activation"": ""selu"", ""batch_size"": 8, ""data_augmentation"": true, ""dr_f"": 0.11660709244, ""learning_rate"": 0.000777966598, ""new_fc_1"": 23, ""new_fc_10"": 5, ""new_fc_2"": 22, ""new_fc_3"": 3, ""new_fc_4"": 1, ""new_fc_5"": 0, ""new_fc_6"": 21, ""new_fc_7"": 12, ""new_fc_8"": 19, ""new_fc_9"": 13, ""num_neurons"": 4, ""optimizer"": ""Adagrad"", ""reg_l2"": true, ""skip_connection"": false, ""unit_c1"": 4, ""unit_c2"": 7}"
457,193,accuracy,0.7871000021696091,0.21289999783039093,0.05515005333333333,8272508.0,364466.0,-0.4324849824812736,10293.9677,"{""activation"": ""elu"", ""batch_size"": 64, ""data_augmentation"": false, ""dr_f"": 0.375522178746, ""learning_rate"": 0.000698344386, ""new_fc_1"": 16, ""new_fc_10"": 16, ""new_fc_2"": 11, ""new_fc_3"": 20, ""new_fc_4"": 3, ""new_fc_5"": 32, ""new_fc_6"": 0, ""new_fc_7"": 7, ""new_fc_8"": 16, ""new_fc_9"": 15, ""num_neurons"": 8, ""optimizer"": ""Adamax"", ""reg_l2"": true, ""skip_connection"": false, ""unit_c1"": 1, ""unit_c2"": 4}"
458,194,accuracy,0.8999999985098839,0.10000000149011612,0.060543306666666664,9081496.0,57502.0,-0.3518370090430813,10919.9434,"{""activation"": ""relu"", ""batch_size"": 8, ""data_augmentation"": true, ""dr_f"": 0.163227685702, ""learning_rate"": 0.000988052966, ""new_fc_1"": 3, ""new_fc_10"": 10, ""new_fc_2"": 10, ""new_fc_3"": 8, ""new_fc_4"": 29, ""new_fc_5"": 4, ""new_fc_6"": 18, ""new_fc_7"": 29, ""new_fc_8"": 20, ""new_fc_9"": 12, ""num_neurons"": 4, ""optimizer"": ""Adam"", ""reg_l2"": false, ""skip_connection"": false, ""unit_c1"": 4, ""unit_c2"": 5}"
459,195,accuracy,10000000000.0,,1.0611996533333334,159179948.0,2872602.0,10000000000.0,10922.1487,"{""activation"": ""elu"", ""batch_size"": 32, ""data_augmentation"": true, ""dr_f"": 0.269451142967, ""learning_rate"": 0.000484622294, ""new_fc_1"": 21, ""new_fc_10"": 14, ""new_fc_2"": 16, ""new_fc_3"": 26, ""new_fc_4"": 5, ""new_fc_5"": 22, ""new_fc_6"": 28, ""new_fc_7"": 4, ""new_fc_8"": 22, ""new_fc_9"": 17, ""num_neurons"": 16, ""optimizer"": ""Adagrad"", ""reg_l2"": true, ""skip_connection"": true, ""unit_c1"": 4, ""unit_c2"": 6}"
460,196,accuracy,10000000000.0,,3.9932405066666665,598986076.0,3837354.0,10000000000.0,10923.9526,"{""activation"": ""elu"", ""batch_size"": 32, ""data_augmentation"": false, ""dr_f"": 0.362853410699, ""learning_rate"": 0.000209645029, ""new_fc_1"": 4, ""new_fc_10"": 22, ""new_fc_2"": 2, ""new_fc_3"": 6, ""new_fc_4"": 1, ""new_fc_5"": 10, ""new_fc_6"": 11, ""new_fc_7"": 11, ""new_fc_8"": 26, ""new_fc_9"": 20, ""num_neurons"": 32, ""optimizer"": ""Adam"", ""reg_l2"": false, ""skip_connection"": false, ""unit_c1"": 4, ""unit_c2"": 6}"
461,197,accuracy,0.32359999418258667,0.6764000058174133,0.06983805333333333,10475708.0,1234746.0,-0.7525285880721893,12929.6253,"{""activation"": ""selu"", ""batch_size"": 8, ""data_augmentation"": true, ""dr_f"": 0.147773278173, ""learning_rate"": 0.00088514382, ""new_fc_1"": 28, ""new_fc_10"": 18, ""new_fc_2"": 17, ""new_fc_3"": 12, ""new_fc_4"": 5, ""new_fc_5"": 31, ""new_fc_6"": 16, ""new_fc_7"": 31, ""new_fc_8"": 15, ""new_fc_9"": 19, ""num_neurons"": 16, ""optimizer"": ""SGD"", ""reg_l2"": true, ""skip_connection"": false, ""unit_c1"": 1, ""unit_c2"": 1}"
462,198,accuracy,0.8999999985098839,0.10000000149011612,0.10704781333333334,16057172.0,292506.0,-0.33788565704308127,13737.442,"{""activation"": ""swish"", ""batch_size"": 8, ""data_augmentation"": false, ""dr_f"": 0.410222544323, ""learning_rate"": 0.000242490362, ""new_fc_1"": 16, ""new_fc_10"": 16, ""new_fc_2"": 25, ""new_fc_3"": 16, ""new_fc_4"": 19, ""new_fc_5"": 1, ""new_fc_6"": 15, ""new_fc_7"": 24, ""new_fc_8"": 15, ""new_fc_9"": 14, ""num_neurons"": 8, ""optimizer"": ""Adamax"", ""reg_l2"": true, ""skip_connection"": true, ""unit_c1"": 3, ""unit_c2"": 2}"
463,198,flops,,,0.17090317333333332,25635476.0,719986.0,,13739.5319,"{""activation"": ""relu"", ""batch_size"": 16, ""data_augmentation"": true, ""dr_f"": 0.091174455466, ""learning_rate"": 0.00098519406, ""new_fc_1"": 20, ""new_fc_10"": 15, ""new_fc_2"": 14, ""new_fc_3"": 12, ""new_fc_4"": 14, ""new_fc_5"": 13, ""new_fc_6"": 2, ""new_fc_7"": 15, ""new_fc_8"": 7, ""new_fc_9"": 31, ""num_neurons"": 8, ""optimizer"": ""SGD"", ""reg_l2"": false, ""skip_connection"": false, ""unit_c1"": 2, ""unit_c2"": 7}"
464,198,flops,,,0.10414136,15621204.0,801402.0,,13741.861,"{""activation"": ""relu"", ""batch_size"": 16, ""data_augmentation"": true, ""dr_f"": 0.132554987484, ""learning_rate"": 0.00046975898, ""new_fc_1"": 26, ""new_fc_10"": 3, ""new_fc_2"": 13, ""new_fc_3"": 6, ""new_fc_4"": 11, ""new_fc_5"": 25, ""new_fc_6"": 30, ""new_fc_7"": 11, ""new_fc_8"": 8, ""new_fc_9"": 18, ""num_neurons"": 8, ""optimizer"": ""SGD"", ""reg_l2"": true, ""skip_connection"": false, ""unit_c1"": 1, ""unit_c2"": 6}"
465,199,accuracy,0.47269999980926514,0.5273000001907349,0.38777074666666667,58165612.0,1066314.0,-0.5527787761335143,14967.6361,"{""activation"": ""selu"", ""batch_size"": 16, ""data_augmentation"": false, ""dr_f"": 0.129892755671, ""learning_rate"": 0.000310341325, ""new_fc_1"": 4, ""new_fc_10"": 29, ""new_fc_2"": 23, ""new_fc_3"": 30, ""new_fc_4"": 21, ""new_fc_5"": 19, ""new_fc_6"": 14, ""new_fc_7"": 0, ""new_fc_8"": 0, ""new_fc_9"": 3, ""num_neurons"": 16, ""optimizer"": ""Adadelta"", ""reg_l2"": true, ""skip_connection"": true, ""unit_c1"": 1, ""unit_c2"": 6}"
466,199,flops,,,0.058656026666666666,8798404.0,521418.0,,14969.7353,"{""activation"": ""relu"", ""batch_size"": 64, ""data_augmentation"": false, ""dr_f"": 0.275928920118, ""learning_rate"": 0.000999187079, ""new_fc_1"": 19, ""new_fc_10"": 3, ""new_fc_2"": 28, ""new_fc_3"": 20, ""new_fc_4"": 1, ""new_fc_5"": 23, ""new_fc_6"": 19, ""new_fc_7"": 16, ""new_fc_8"": 27, ""new_fc_9"": 25, ""num_neurons"": 8, ""optimizer"": ""Adadelta"", ""reg_l2"": true, ""skip_connection"": true, ""unit_c1"": 1, ""unit_c2"": 4}"
467,200,accuracy,0.8999999985098839,0.10000000149011612,0.031714693333333335,4757204.0,157638.0,-0.3604855930430813,15116.0507,"{""activation"": ""swish"", ""batch_size"": 64, ""data_augmentation"": true, ""dr_f"": 0.25591909348, ""learning_rate"": 0.000875321835, ""new_fc_1"": 21, ""new_fc_10"": 16, ""new_fc_2"": 18, ""new_fc_3"": 32, ""new_fc_4"": 17, ""new_fc_5"": 2, ""new_fc_6"": 26, ""new_fc_7"": 29, ""new_fc_8"": 2, ""new_fc_9"": 15, ""num_neurons"": 4, ""optimizer"": ""Adamax"", ""reg_l2"": true, ""skip_connection"": true, ""unit_c1"": 2, ""unit_c2"": 5}"
