event,accuracy_eval,objective,error,accuracy,flops_norm,flops,params,score,elapsed_sec,params_json
1,1,both,0.9900000002235174,0.009999999776482582,0.16545226666666665,24817840.0,515876.0,-0.2573643198435378,205.6616,"{""activation"": ""relu"", ""batch_size"": 32, ""data_augmentation"": true, ""dr_f"": 0.414100625387, ""learning_rate"": 0.000913492427, ""new_fc_1"": 17, ""new_fc_10"": 1, ""new_fc_2"": 3, ""new_fc_3"": 26, ""new_fc_4"": 15, ""new_fc_5"": 24, ""new_fc_6"": 20, ""new_fc_7"": 21, ""new_fc_8"": 12, ""new_fc_9"": 8, ""num_neurons"": 8, ""optimizer"": ""Adam"", ""reg_l2"": true, ""skip_connection"": false, ""unit_c1"": 3, ""unit_c2"": 5}"
2,2,both,0.9622999988496304,0.037700001150369644,0.12484528,18726792.0,708156.0,-0.2889364168052588,349.7443,"{""activation"": ""selu"", ""batch_size"": 64, ""data_augmentation"": false, ""dr_f"": 0.400985795416, ""learning_rate"": 0.000152496678, ""new_fc_1"": 31, ""new_fc_10"": 24, ""new_fc_2"": 15, ""new_fc_3"": 7, ""new_fc_4"": 29, ""new_fc_5"": 11, ""new_fc_6"": 25, ""new_fc_7"": 26, ""new_fc_8"": 31, ""new_fc_9"": 31, ""num_neurons"": 8, ""optimizer"": ""Adam"", ""reg_l2"": true, ""skip_connection"": false, ""unit_c1"": 3, ""unit_c2"": 3}"
3,3,both,0.9900000002235174,0.009999999776482582,0.15937749333333334,23906624.0,481124.0,-0.2591867518435378,494.0262,"{""activation"": ""swish"", ""batch_size"": 64, ""data_augmentation"": true, ""dr_f"": 0.231049763781, ""learning_rate"": 0.000939405318, ""new_fc_1"": 10, ""new_fc_10"": 25, ""new_fc_2"": 19, ""new_fc_3"": 13, ""new_fc_4"": 9, ""new_fc_5"": 16, ""new_fc_6"": 1, ""new_fc_7"": 30, ""new_fc_8"": 12, ""new_fc_9"": 0, ""num_neurons"": 8, ""optimizer"": ""Adamax"", ""reg_l2"": true, ""skip_connection"": false, ""unit_c1"": 1, ""unit_c2"": 8}"
4,4,both,10000000000.0,,4.63247504,694871256.0,20165092.0,10000000000.0,495.0824,"{""activation"": ""selu"", ""batch_size"": 64, ""data_augmentation"": false, ""dr_f"": 0.115092027314, ""learning_rate"": 0.00032669675, ""new_fc_1"": 7, ""new_fc_10"": 21, ""new_fc_2"": 16, ""new_fc_3"": 9, ""new_fc_4"": 17, ""new_fc_5"": 6, ""new_fc_6"": 27, ""new_fc_7"": 21, ""new_fc_8"": 13, ""new_fc_9"": 25, ""num_neurons"": 64, ""optimizer"": ""SGD"", ""reg_l2"": true, ""skip_connection"": true, ""unit_c1"": 1, ""unit_c2"": 5}"
5,5,both,0.604200005531311,0.39579999446868896,0.26380005333333334,39570008.0,4491588.0,-0.49791998012808225,1719.8694,"{""activation"": ""swish"", ""batch_size"": 16, ""data_augmentation"": false, ""dr_f"": 0.276471805307, ""learning_rate"": 0.000277105123, ""new_fc_1"": 22, ""new_fc_10"": 27, ""new_fc_2"": 17, ""new_fc_3"": 2, ""new_fc_4"": 16, ""new_fc_5"": 17, ""new_fc_6"": 20, ""new_fc_7"": 3, ""new_fc_8"": 32, ""new_fc_9"": 28, ""num_neurons"": 32, ""optimizer"": ""Adamax"", ""reg_l2"": false, ""skip_connection"": true, ""unit_c1"": 1, ""unit_c2"": 1}"
6,6,both,10000000000.0,,2.67415824,401123736.0,17762980.0,10000000000.0,1720.776,"{""activation"": ""elu"", ""batch_size"": 16, ""data_augmentation"": false, ""dr_f"": 0.468762334788, ""learning_rate"": 0.000849791766, ""new_fc_1"": 29, ""new_fc_10"": 28, ""new_fc_2"": 20, ""new_fc_3"": 1, ""new_fc_4"": 25, ""new_fc_5"": 13, ""new_fc_6"": 24, ""new_fc_7"": 17, ""new_fc_8"": 28, ""new_fc_9"": 4, ""num_neurons"": 64, ""optimizer"": ""Adamax"", ""reg_l2"": true, ""skip_connection"": false, ""unit_c1"": 2, ""unit_c2"": 1}"
7,7,both,0.9778000004589558,0.022199999541044235,0.99017616,148526424.0,15865892.0,-0.018487151678730974,1985.1909,"{""activation"": ""relu"", ""batch_size"": 32, ""data_augmentation"": false, ""dr_f"": 0.077739628914, ""learning_rate"": 0.000501055274, ""new_fc_1"": 11, ""new_fc_10"": 11, ""new_fc_2"": 3, ""new_fc_3"": 24, ""new_fc_4"": 13, ""new_fc_5"": 26, ""new_fc_6"": 12, ""new_fc_7"": 27, ""new_fc_8"": 28, ""new_fc_9"": 25, ""num_neurons"": 64, ""optimizer"": ""SGD"", ""reg_l2"": true, ""skip_connection"": false, ""unit_c1"": 1, ""unit_c2"": 1}"
8,8,both,0.7821000069379807,0.21789999306201935,0.0077297066666666666,1159456.0,92576.0,-0.4502110831434135,2308.9893,"{""activation"": ""elu"", ""batch_size"": 64, ""data_augmentation"": true, ""dr_f"": 0.189747064136, ""learning_rate"": 0.000724734475, ""new_fc_1"": 16, ""new_fc_10"": 18, ""new_fc_2"": 17, ""new_fc_3"": 15, ""new_fc_4"": 5, ""new_fc_5"": 8, ""new_fc_6"": 25, ""new_fc_7"": 32, ""new_fc_8"": 24, ""new_fc_9"": 18, ""num_neurons"": 4, ""optimizer"": ""Adamax"", ""reg_l2"": false, ""skip_connection"": false, ""unit_c1"": 1, ""unit_c2"": 2}"
9,9,both,0.6522000133991241,0.34779998660087585,0.40760453333333335,61140680.0,1475364.0,-0.42117863062061306,2633.0031,"{""activation"": ""selu"", ""batch_size"": 64, ""data_augmentation"": false, ""dr_f"": 0.189131235097, ""learning_rate"": 0.000331469668, ""new_fc_1"": 30, ""new_fc_10"": 21, ""new_fc_2"": 3, ""new_fc_3"": 10, ""new_fc_4"": 18, ""new_fc_5"": 4, ""new_fc_6"": 31, ""new_fc_7"": 13, ""new_fc_8"": 15, ""new_fc_9"": 14, ""num_neurons"": 16, ""optimizer"": ""Adamax"", ""reg_l2"": false, ""skip_connection"": true, ""unit_c1"": 3, ""unit_c2"": 2}"
10,10,both,0.9902999997138977,0.009700000286102295,0.6400029333333334,96000440.0,1360836.0,-0.1147891202002716,3017.335,"{""activation"": ""relu"", ""batch_size"": 16, ""data_augmentation"": true, ""dr_f"": 0.289285957199, ""learning_rate"": 0.000308088131, ""new_fc_1"": 28, ""new_fc_10"": 6, ""new_fc_2"": 14, ""new_fc_3"": 30, ""new_fc_4"": 2, ""new_fc_5"": 6, ""new_fc_6"": 9, ""new_fc_7"": 8, ""new_fc_8"": 10, ""new_fc_9"": 21, ""num_neurons"": 16, ""optimizer"": ""Adagrad"", ""reg_l2"": true, ""skip_connection"": false, ""unit_c1"": 4, ""unit_c2"": 2}"
11,10,flops,,,12.36110864,1854166296.0,54635620.0,,3020.453,"{""activation"": ""elu"", ""batch_size"": 16, ""data_augmentation"": false, ""dr_f"": 0.251158364222, ""learning_rate"": 0.000535223898, ""new_fc_1"": 27, ""new_fc_10"": 4, ""new_fc_2"": 2, ""new_fc_3"": 25, ""new_fc_4"": 27, ""new_fc_5"": 18, ""new_fc_6"": 30, ""new_fc_7"": 5, ""new_fc_8"": 16, ""new_fc_9"": 17, ""num_neurons"": 64, ""optimizer"": ""Adam"", ""reg_l2"": true, ""skip_connection"": true, ""unit_c1"": 3, ""unit_c2"": 6}"
12,10,flops,,,0.35266405333333334,52899608.0,1295364.0,,3021.551,"{""activation"": ""selu"", ""batch_size"": 16, ""data_augmentation"": true, ""dr_f"": 0.282526067173, ""learning_rate"": 0.000594317584, ""new_fc_1"": 0, ""new_fc_10"": 20, ""new_fc_2"": 12, ""new_fc_3"": 1, ""new_fc_4"": 21, ""new_fc_5"": 15, ""new_fc_6"": 9, ""new_fc_7"": 26, ""new_fc_8"": 4, ""new_fc_9"": 32, ""num_neurons"": 16, ""optimizer"": ""Adadelta"", ""reg_l2"": false, ""skip_connection"": true, ""unit_c1"": 2, ""unit_c2"": 4}"
13,10,flops,,,0.34940432,52410648.0,732804.0,,3022.6667,"{""activation"": ""swish"", ""batch_size"": 8, ""data_augmentation"": true, ""dr_f"": 0.49001933037, ""learning_rate"": 0.000297592573, ""new_fc_1"": 22, ""new_fc_10"": 14, ""new_fc_2"": 11, ""new_fc_3"": 21, ""new_fc_4"": 6, ""new_fc_5"": 0, ""new_fc_6"": 3, ""new_fc_7"": 6, ""new_fc_8"": 17, ""new_fc_9"": 16, ""num_neurons"": 16, ""optimizer"": ""Adam"", ""reg_l2"": false, ""skip_connection"": true, ""unit_c1"": 3, ""unit_c2"": 1}"
14,10,flops,,,11.749448266666667,1762417240.0,28444708.0,,3024.6532,"{""activation"": ""relu"", ""batch_size"": 64, ""data_augmentation"": false, ""dr_f"": 0.498745786255, ""learning_rate"": 0.000790650713, ""new_fc_1"": 11, ""new_fc_10"": 17, ""new_fc_2"": 16, ""new_fc_3"": 13, ""new_fc_4"": 20, ""new_fc_5"": 0, ""new_fc_6"": 20, ""new_fc_7"": 24, ""new_fc_8"": 2, ""new_fc_9"": 29, ""num_neurons"": 64, ""optimizer"": ""Adamax"", ""reg_l2"": true, ""skip_connection"": false, ""unit_c1"": 3, ""unit_c2"": 6}"
15,10,flops,,,0.39039749333333335,58559624.0,1263428.0,,3025.7204,"{""activation"": ""selu"", ""batch_size"": 8, ""data_augmentation"": true, ""dr_f"": 0.342439648005, ""learning_rate"": 0.000561801981, ""new_fc_1"": 2, ""new_fc_10"": 26, ""new_fc_2"": 10, ""new_fc_3"": 20, ""new_fc_4"": 31, ""new_fc_5"": 21, ""new_fc_6"": 30, ""new_fc_7"": 22, ""new_fc_8"": 0, ""new_fc_9"": 17, ""num_neurons"": 16, ""optimizer"": ""SGD"", ""reg_l2"": true, ""skip_connection"": true, ""unit_c1"": 1, ""unit_c2"": 6}"
16,11,accuracy,10000000000.0,,11.749448266666667,1762417240.0,28444708.0,10000000000.0,3027.7492,"{""activation"": ""relu"", ""batch_size"": 64, ""data_augmentation"": false, ""dr_f"": 0.498745786255, ""learning_rate"": 0.000790650713, ""new_fc_1"": 11, ""new_fc_10"": 17, ""new_fc_2"": 16, ""new_fc_3"": 13, ""new_fc_4"": 20, ""new_fc_5"": 0, ""new_fc_6"": 20, ""new_fc_7"": 24, ""new_fc_8"": 2, ""new_fc_9"": 29, ""num_neurons"": 64, ""optimizer"": ""Adamax"", ""reg_l2"": true, ""skip_connection"": false, ""unit_c1"": 3, ""unit_c2"": 6}"
17,12,accuracy,0.6527999937534332,0.3472000062465668,0.04308832,6463248.0,607684.0,-0.5301135083725967,3172.664,"{""activation"": ""swish"", ""batch_size"": 64, ""data_augmentation"": true, ""dr_f"": 0.072088470134, ""learning_rate"": 0.000735150507, ""new_fc_1"": 27, ""new_fc_10"": 25, ""new_fc_2"": 14, ""new_fc_3"": 29, ""new_fc_4"": 19, ""new_fc_5"": 18, ""new_fc_6"": 3, ""new_fc_7"": 24, ""new_fc_8"": 29, ""new_fc_9"": 25, ""num_neurons"": 8, ""optimizer"": ""Adam"", ""reg_l2"": false, ""skip_connection"": false, ""unit_c1"": 1, ""unit_c2"": 3}"
18,13,accuracy,0.7756000012159348,0.22439999878406525,0.34940432,52410648.0,732804.0,-0.35225870314884566,4878.0287,"{""activation"": ""swish"", ""batch_size"": 8, ""data_augmentation"": true, ""dr_f"": 0.49001933037, ""learning_rate"": 0.000297592573, ""new_fc_1"": 22, ""new_fc_10"": 14, ""new_fc_2"": 11, ""new_fc_3"": 21, ""new_fc_4"": 6, ""new_fc_5"": 0, ""new_fc_6"": 3, ""new_fc_7"": 6, ""new_fc_8"": 17, ""new_fc_9"": 16, ""num_neurons"": 16, ""optimizer"": ""Adam"", ""reg_l2"": false, ""skip_connection"": true, ""unit_c1"": 3, ""unit_c2"": 1}"
19,14,accuracy,0.9123999997973442,0.08760000020265579,0.35266405333333334,52899608.0,1295364.0,-0.255520784141859,6042.747,"{""activation"": ""selu"", ""batch_size"": 16, ""data_augmentation"": true, ""dr_f"": 0.282526067173, ""learning_rate"": 0.000594317584, ""new_fc_1"": 0, ""new_fc_10"": 20, ""new_fc_2"": 12, ""new_fc_3"": 1, ""new_fc_4"": 21, ""new_fc_5"": 15, ""new_fc_6"": 9, ""new_fc_7"": 26, ""new_fc_8"": 4, ""new_fc_9"": 32, ""num_neurons"": 16, ""optimizer"": ""Adadelta"", ""reg_l2"": false, ""skip_connection"": true, ""unit_c1"": 2, ""unit_c2"": 4}"
20,15,accuracy,0.8490000069141388,0.1509999930858612,0.39039749333333335,58559624.0,1263428.0,-0.28858074716010285,8047.6194,"{""activation"": ""selu"", ""batch_size"": 8, ""data_augmentation"": true, ""dr_f"": 0.342439648005, ""learning_rate"": 0.000561801981, ""new_fc_1"": 2, ""new_fc_10"": 26, ""new_fc_2"": 10, ""new_fc_3"": 20, ""new_fc_4"": 31, ""new_fc_5"": 21, ""new_fc_6"": 30, ""new_fc_7"": 22, ""new_fc_8"": 0, ""new_fc_9"": 17, ""num_neurons"": 16, ""optimizer"": ""SGD"", ""reg_l2"": true, ""skip_connection"": true, ""unit_c1"": 1, ""unit_c2"": 6}"
21,15,flops,,,0.7403791466666667,111056872.0,2379620.0,,8048.7593,"{""activation"": ""swish"", ""batch_size"": 64, ""data_augmentation"": false, ""dr_f"": 0.359081125928, ""learning_rate"": 0.000699770169, ""new_fc_1"": 29, ""new_fc_10"": 8, ""new_fc_2"": 30, ""new_fc_3"": 29, ""new_fc_4"": 20, ""new_fc_5"": 31, ""new_fc_6"": 2, ""new_fc_7"": 7, ""new_fc_8"": 8, ""new_fc_9"": 15, ""num_neurons"": 16, ""optimizer"": ""Adam"", ""reg_l2"": true, ""skip_connection"": true, ""unit_c1"": 4, ""unit_c2"": 3}"
22,16,accuracy,0.9900000002235174,0.009999999776482582,0.7403791466666667,111056872.0,2379620.0,-0.08488625584353779,8193.8772,"{""activation"": ""swish"", ""batch_size"": 64, ""data_augmentation"": false, ""dr_f"": 0.359081125928, ""learning_rate"": 0.000699770169, ""new_fc_1"": 29, ""new_fc_10"": 8, ""new_fc_2"": 30, ""new_fc_3"": 29, ""new_fc_4"": 20, ""new_fc_5"": 31, ""new_fc_6"": 2, ""new_fc_7"": 7, ""new_fc_8"": 8, ""new_fc_9"": 15, ""num_neurons"": 16, ""optimizer"": ""Adam"", ""reg_l2"": true, ""skip_connection"": true, ""unit_c1"": 4, ""unit_c2"": 3}"
23,16,flops,,,0.4074333333333333,61115000.0,5970276.0,,8195.1739,"{""activation"": ""swish"", ""batch_size"": 8, ""data_augmentation"": true, ""dr_f"": 0.22254850293, ""learning_rate"": 0.000753894187, ""new_fc_1"": 20, ""new_fc_10"": 21, ""new_fc_2"": 19, ""new_fc_3"": 29, ""new_fc_4"": 26, ""new_fc_5"": 22, ""new_fc_6"": 28, ""new_fc_7"": 4, ""new_fc_8"": 5, ""new_fc_9"": 5, ""num_neurons"": 32, ""optimizer"": ""Adamax"", ""reg_l2"": false, ""skip_connection"": false, ""unit_c1"": 1, ""unit_c2"": 2}"
24,17,accuracy,0.6096000075340271,0.3903999924659729,0.4074333333333333,61115000.0,5970276.0,-0.451049994726181,9540.6765,"{""activation"": ""swish"", ""batch_size"": 8, ""data_augmentation"": true, ""dr_f"": 0.22254850293, ""learning_rate"": 0.000753894187, ""new_fc_1"": 20, ""new_fc_10"": 21, ""new_fc_2"": 19, ""new_fc_3"": 29, ""new_fc_4"": 26, ""new_fc_5"": 22, ""new_fc_6"": 28, ""new_fc_7"": 4, ""new_fc_8"": 5, ""new_fc_9"": 5, ""num_neurons"": 32, ""optimizer"": ""Adamax"", ""reg_l2"": false, ""skip_connection"": false, ""unit_c1"": 1, ""unit_c2"": 2}"
25,17,flops,,,0.21369546666666667,32054320.0,1086348.0,,9541.7039,"{""activation"": ""selu"", ""batch_size"": 32, ""data_augmentation"": false, ""dr_f"": 0.234724532147, ""learning_rate"": 0.00064440024, ""new_fc_1"": 27, ""new_fc_10"": 24, ""new_fc_2"": 13, ""new_fc_3"": 7, ""new_fc_4"": 15, ""new_fc_5"": 17, ""new_fc_6"": 25, ""new_fc_7"": 19, ""new_fc_8"": 8, ""new_fc_9"": 0, ""num_neurons"": 8, ""optimizer"": ""Adam"", ""reg_l2"": false, ""skip_connection"": true, ""unit_c1"": 2, ""unit_c2"": 8}"
26,17,flops,,,5.3554728,803320920.0,12432868.0,,9543.1494,"{""activation"": ""selu"", ""batch_size"": 32, ""data_augmentation"": true, ""dr_f"": 0.225672122741, ""learning_rate"": 0.000876946986, ""new_fc_1"": 18, ""new_fc_10"": 16, ""new_fc_2"": 22, ""new_fc_3"": 17, ""new_fc_4"": 22, ""new_fc_5"": 9, ""new_fc_6"": 1, ""new_fc_7"": 15, ""new_fc_8"": 4, ""new_fc_9"": 20, ""num_neurons"": 32, ""optimizer"": ""Adamax"", ""reg_l2"": true, ""skip_connection"": true, ""unit_c1"": 4, ""unit_c2"": 8}"
27,18,accuracy,0.6922999918460846,0.3077000081539154,0.21369546666666667,32054320.0,1086348.0,-0.4512813657077408,9987.7057,"{""activation"": ""selu"", ""batch_size"": 32, ""data_augmentation"": false, ""dr_f"": 0.234724532147, ""learning_rate"": 0.00064440024, ""new_fc_1"": 27, ""new_fc_10"": 24, ""new_fc_2"": 13, ""new_fc_3"": 7, ""new_fc_4"": 15, ""new_fc_5"": 17, ""new_fc_6"": 25, ""new_fc_7"": 19, ""new_fc_8"": 8, ""new_fc_9"": 0, ""num_neurons"": 8, ""optimizer"": ""Adam"", ""reg_l2"": false, ""skip_connection"": true, ""unit_c1"": 2, ""unit_c2"": 8}"
28,18,flops,,,10.35615888,1553423832.0,55577892.0,,9990.8158,"{""activation"": ""elu"", ""batch_size"": 8, ""data_augmentation"": false, ""dr_f"": 0.151391387387, ""learning_rate"": 0.000685507333, ""new_fc_1"": 32, ""new_fc_10"": 15, ""new_fc_2"": 25, ""new_fc_3"": 24, ""new_fc_4"": 23, ""new_fc_5"": 6, ""new_fc_6"": 23, ""new_fc_7"": 13, ""new_fc_8"": 18, ""new_fc_9"": 3, ""num_neurons"": 64, ""optimizer"": ""Adamax"", ""reg_l2"": false, ""skip_connection"": false, ""unit_c1"": 3, ""unit_c2"": 5}"
29,18,flops,,,1.3466550933333334,201998264.0,2753540.0,,9991.9427,"{""activation"": ""relu"", ""batch_size"": 8, ""data_augmentation"": true, ""dr_f"": 0.239051712459, ""learning_rate"": 0.000141308109, ""new_fc_1"": 14, ""new_fc_10"": 13, ""new_fc_2"": 0, ""new_fc_3"": 3, ""new_fc_4"": 9, ""new_fc_5"": 30, ""new_fc_6"": 17, ""new_fc_7"": 26, ""new_fc_8"": 3, ""new_fc_9"": 16, ""num_neurons"": 32, ""optimizer"": ""SGD"", ""reg_l2"": true, ""skip_connection"": true, ""unit_c1"": 3, ""unit_c2"": 1}"
30,19,accuracy,10000000000.0,,1.3466550933333334,201998264.0,2753540.0,10000000000.0,9993.0457,"{""activation"": ""relu"", ""batch_size"": 8, ""data_augmentation"": true, ""dr_f"": 0.239051712459, ""learning_rate"": 0.000141308109, ""new_fc_1"": 14, ""new_fc_10"": 13, ""new_fc_2"": 0, ""new_fc_3"": 3, ""new_fc_4"": 9, ""new_fc_5"": 30, ""new_fc_6"": 17, ""new_fc_7"": 26, ""new_fc_8"": 3, ""new_fc_9"": 16, ""num_neurons"": 32, ""optimizer"": ""SGD"", ""reg_l2"": true, ""skip_connection"": true, ""unit_c1"": 3, ""unit_c2"": 1}"
31,19,flops,,,3.3453407466666665,501801112.0,21075236.0,,9994.8298,"{""activation"": ""selu"", ""batch_size"": 8, ""data_augmentation"": true, ""dr_f"": 0.244264489613, ""learning_rate"": 0.000725199876, ""new_fc_1"": 14, ""new_fc_10"": 1, ""new_fc_2"": 26, ""new_fc_3"": 20, ""new_fc_4"": 9, ""new_fc_5"": 14, ""new_fc_6"": 19, ""new_fc_7"": 25, ""new_fc_8"": 28, ""new_fc_9"": 21, ""num_neurons"": 64, ""optimizer"": ""SGD"", ""reg_l2"": true, ""skip_connection"": false, ""unit_c1"": 2, ""unit_c2"": 2}"
32,19,flops,,,8.2782824,1241742360.0,12563172.0,,9996.322,"{""activation"": ""elu"", ""batch_size"": 64, ""data_augmentation"": true, ""dr_f"": 0.400659293921, ""learning_rate"": 0.000351673833, ""new_fc_1"": 6, ""new_fc_10"": 7, ""new_fc_2"": 6, ""new_fc_3"": 22, ""new_fc_4"": 1, ""new_fc_5"": 30, ""new_fc_6"": 29, ""new_fc_7"": 1, ""new_fc_8"": 1, ""new_fc_9"": 8, ""num_neurons"": 64, ""optimizer"": ""Adagrad"", ""reg_l2"": false, ""skip_connection"": false, ""unit_c1"": 3, ""unit_c2"": 4}"
33,19,flops,,,8.440951626666667,1266142744.0,13511076.0,,9997.7558,"{""activation"": ""swish"", ""batch_size"": 16, ""data_augmentation"": true, ""dr_f"": 0.068045172387, ""learning_rate"": 0.000846914711, ""new_fc_1"": 3, ""new_fc_10"": 25, ""new_fc_2"": 10, ""new_fc_3"": 6, ""new_fc_4"": 28, ""new_fc_5"": 14, ""new_fc_6"": 12, ""new_fc_7"": 2, ""new_fc_8"": 27, ""new_fc_9"": 14, ""num_neurons"": 64, ""optimizer"": ""Adamax"", ""reg_l2"": true, ""skip_connection"": true, ""unit_c1"": 2, ""unit_c2"": 6}"
34,19,flops,,,0.055446293333333334,8316944.0,280420.0,,9998.5992,"{""activation"": ""selu"", ""batch_size"": 16, ""data_augmentation"": true, ""dr_f"": 0.131334119919, ""learning_rate"": 0.000170279174, ""new_fc_1"": 6, ""new_fc_10"": 29, ""new_fc_2"": 1, ""new_fc_3"": 17, ""new_fc_4"": 24, ""new_fc_5"": 20, ""new_fc_6"": 15, ""new_fc_7"": 28, ""new_fc_8"": 9, ""new_fc_9"": 10, ""num_neurons"": 8, ""optimizer"": ""Adadelta"", ""reg_l2"": true, ""skip_connection"": true, ""unit_c1"": 1, ""unit_c2"": 4}"
35,19,flops,,,2.2748953066666666,341234296.0,4277956.0,,9999.4448,"{""activation"": ""selu"", ""batch_size"": 16, ""data_augmentation"": false, ""dr_f"": 0.426416601405, ""learning_rate"": 0.000697272437, ""new_fc_1"": 23, ""new_fc_10"": 17, ""new_fc_2"": 7, ""new_fc_3"": 27, ""new_fc_4"": 2, ""new_fc_5"": 25, ""new_fc_6"": 32, ""new_fc_7"": 8, ""new_fc_8"": 28, ""new_fc_9"": 16, ""num_neurons"": 32, ""optimizer"": ""Adadelta"", ""reg_l2"": true, ""skip_connection"": false, ""unit_c1"": 4, ""unit_c2"": 1}"
36,20,accuracy,0.9900000002235174,0.009999999776482582,0.12904421333333332,19356632.0,563132.0,-0.2682867358435378,10203.8864,"{""activation"": ""swish"", ""batch_size"": 32, ""data_augmentation"": true, ""dr_f"": 0.155412318439, ""learning_rate"": 0.00039329086, ""new_fc_1"": 10, ""new_fc_10"": 10, ""new_fc_2"": 23, ""new_fc_3"": 32, ""new_fc_4"": 18, ""new_fc_5"": 27, ""new_fc_6"": 22, ""new_fc_7"": 19, ""new_fc_8"": 30, ""new_fc_9"": 1, ""num_neurons"": 8, ""optimizer"": ""Adagrad"", ""reg_l2"": false, ""skip_connection"": false, ""unit_c1"": 1, ""unit_c2"": 7}"
37,20,flops,,,0.005518026666666667,827704.0,47360.0,,10204.7107,"{""activation"": ""swish"", ""batch_size"": 16, ""data_augmentation"": false, ""dr_f"": 0.221848279332, ""learning_rate"": 0.000672206691, ""new_fc_1"": 14, ""new_fc_10"": 28, ""new_fc_2"": 7, ""new_fc_3"": 6, ""new_fc_4"": 24, ""new_fc_5"": 18, ""new_fc_6"": 8, ""new_fc_7"": 13, ""new_fc_8"": 15, ""new_fc_9"": 3, ""num_neurons"": 4, ""optimizer"": ""Adam"", ""reg_l2"": true, ""skip_connection"": true, ""unit_c1"": 1, ""unit_c2"": 1}"
38,20,flops,,,1.78356496,267534744.0,11878436.0,,10205.8991,"{""activation"": ""selu"", ""batch_size"": 64, ""data_augmentation"": false, ""dr_f"": 0.2144391624, ""learning_rate"": 0.000743914265, ""new_fc_1"": 26, ""new_fc_10"": 32, ""new_fc_2"": 13, ""new_fc_3"": 4, ""new_fc_4"": 3, ""new_fc_5"": 29, ""new_fc_6"": 32, ""new_fc_7"": 14, ""new_fc_8"": 20, ""new_fc_9"": 13, ""num_neurons"": 32, ""optimizer"": ""Adagrad"", ""reg_l2"": true, ""skip_connection"": false, ""unit_c1"": 2, ""unit_c2"": 5}"
39,20,flops,,,0.22221082666666667,33331624.0,1458516.0,,10206.7096,"{""activation"": ""elu"", ""batch_size"": 64, ""data_augmentation"": true, ""dr_f"": 0.208123085741, ""learning_rate"": 0.00042380822, ""new_fc_1"": 24, ""new_fc_10"": 31, ""new_fc_2"": 32, ""new_fc_3"": 27, ""new_fc_4"": 11, ""new_fc_5"": 5, ""new_fc_6"": 9, ""new_fc_7"": 12, ""new_fc_8"": 1, ""new_fc_9"": 5, ""num_neurons"": 16, ""optimizer"": ""SGD"", ""reg_l2"": true, ""skip_connection"": true, ""unit_c1"": 2, ""unit_c2"": 2}"
40,20,flops,,,0.7812197866666667,117182968.0,1181028.0,,10207.9569,"{""activation"": ""relu"", ""batch_size"": 32, ""data_augmentation"": true, ""dr_f"": 0.269574415002, ""learning_rate"": 0.000738645775, ""new_fc_1"": 3, ""new_fc_10"": 17, ""new_fc_2"": 29, ""new_fc_3"": 19, ""new_fc_4"": 28, ""new_fc_5"": 19, ""new_fc_6"": 15, ""new_fc_7"": 8, ""new_fc_8"": 6, ""new_fc_9"": 2, ""num_neurons"": 16, ""optimizer"": ""SGD"", ""reg_l2"": true, ""skip_connection"": false, ""unit_c1"": 2, ""unit_c2"": 8}"
41,20,flops,,,0.020214133333333332,3032120.0,375292.0,,10208.725,"{""activation"": ""swish"", ""batch_size"": 64, ""data_augmentation"": false, ""dr_f"": 0.145389433159, ""learning_rate"": 0.000678433679, ""new_fc_1"": 26, ""new_fc_10"": 0, ""new_fc_2"": 27, ""new_fc_3"": 16, ""new_fc_4"": 11, ""new_fc_5"": 4, ""new_fc_6"": 29, ""new_fc_7"": 27, ""new_fc_8"": 28, ""new_fc_9"": 28, ""num_neurons"": 8, ""optimizer"": ""Adam"", ""reg_l2"": false, ""skip_connection"": false, ""unit_c1"": 1, ""unit_c2"": 1}"
42,21,accuracy,10000000000.0,,3.3453407466666665,501801112.0,21075236.0,10000000000.0,10210.3031,"{""activation"": ""selu"", ""batch_size"": 8, ""data_augmentation"": true, ""dr_f"": 0.244264489613, ""learning_rate"": 0.000725199876, ""new_fc_1"": 14, ""new_fc_10"": 1, ""new_fc_2"": 26, ""new_fc_3"": 20, ""new_fc_4"": 9, ""new_fc_5"": 14, ""new_fc_6"": 19, ""new_fc_7"": 25, ""new_fc_8"": 28, ""new_fc_9"": 21, ""num_neurons"": 64, ""optimizer"": ""SGD"", ""reg_l2"": true, ""skip_connection"": false, ""unit_c1"": 2, ""unit_c2"": 2}"
43,21,flops,,,0.26718432,40077648.0,847132.0,,10211.0749,"{""activation"": ""selu"", ""batch_size"": 32, ""data_augmentation"": true, ""dr_f"": 0.458108861955, ""learning_rate"": 0.000394031121, ""new_fc_1"": 28, ""new_fc_10"": 4, ""new_fc_2"": 20, ""new_fc_3"": 11, ""new_fc_4"": 7, ""new_fc_5"": 11, ""new_fc_6"": 30, ""new_fc_7"": 8, ""new_fc_8"": 5, ""new_fc_9"": 19, ""num_neurons"": 8, ""optimizer"": ""Adagrad"", ""reg_l2"": true, ""skip_connection"": false, ""unit_c1"": 4, ""unit_c2"": 6}"
44,21,flops,,,0.07075674666666666,10613512.0,1259364.0,,10211.9362,"{""activation"": ""swish"", ""batch_size"": 64, ""data_augmentation"": true, ""dr_f"": 0.138465869577, ""learning_rate"": 0.000750939697, ""new_fc_1"": 27, ""new_fc_10"": 26, ""new_fc_2"": 20, ""new_fc_3"": 20, ""new_fc_4"": 31, ""new_fc_5"": 11, ""new_fc_6"": 23, ""new_fc_7"": 5, ""new_fc_8"": 27, ""new_fc_9"": 11, ""num_neurons"": 16, ""optimizer"": ""Adam"", ""reg_l2"": true, ""skip_connection"": false, ""unit_c1"": 1, ""unit_c2"": 1}"
45,21,flops,,,0.19043290666666668,28564936.0,255084.0,,10212.743,"{""activation"": ""swish"", ""batch_size"": 32, ""data_augmentation"": false, ""dr_f"": 0.171279161198, ""learning_rate"": 0.000345235772, ""new_fc_1"": 2, ""new_fc_10"": 31, ""new_fc_2"": 17, ""new_fc_3"": 24, ""new_fc_4"": 4, ""new_fc_5"": 7, ""new_fc_6"": 29, ""new_fc_7"": 29, ""new_fc_8"": 2, ""new_fc_9"": 17, ""num_neurons"": 8, ""optimizer"": ""Adagrad"", ""reg_l2"": false, ""skip_connection"": false, ""unit_c1"": 3, ""unit_c2"": 6}"
46,22,accuracy,0.6410999894142151,0.3589000105857849,0.020214133333333332,3032120.0,375292.0,-0.5451657674100494,10477.1762,"{""activation"": ""swish"", ""batch_size"": 64, ""data_augmentation"": false, ""dr_f"": 0.145389433159, ""learning_rate"": 0.000678433679, ""new_fc_1"": 26, ""new_fc_10"": 0, ""new_fc_2"": 27, ""new_fc_3"": 16, ""new_fc_4"": 11, ""new_fc_5"": 4, ""new_fc_6"": 29, ""new_fc_7"": 27, ""new_fc_8"": 28, ""new_fc_9"": 28, ""num_neurons"": 8, ""optimizer"": ""Adam"", ""reg_l2"": false, ""skip_connection"": false, ""unit_c1"": 1, ""unit_c2"": 1}"
47,22,flops,,,0.013306826666666667,1996024.0,63956.0,,10477.9042,"{""activation"": ""selu"", ""batch_size"": 16, ""data_augmentation"": false, ""dr_f"": 0.27955521059, ""learning_rate"": 0.000543246713, ""new_fc_1"": 23, ""new_fc_10"": 14, ""new_fc_2"": 17, ""new_fc_3"": 6, ""new_fc_4"": 17, ""new_fc_5"": 25, ""new_fc_6"": 4, ""new_fc_7"": 20, ""new_fc_8"": 15, ""new_fc_9"": 19, ""num_neurons"": 4, ""optimizer"": ""Adagrad"", ""reg_l2"": false, ""skip_connection"": false, ""unit_c1"": 2, ""unit_c2"": 1}"
48,22,flops,,,1.7498649066666667,262479736.0,9349764.0,,10479.0709,"{""activation"": ""elu"", ""batch_size"": 32, ""data_augmentation"": true, ""dr_f"": 0.131260897174, ""learning_rate"": 0.00031650035, ""new_fc_1"": 26, ""new_fc_10"": 15, ""new_fc_2"": 3, ""new_fc_3"": 23, ""new_fc_4"": 4, ""new_fc_5"": 4, ""new_fc_6"": 2, ""new_fc_7"": 32, ""new_fc_8"": 1, ""new_fc_9"": 3, ""num_neurons"": 32, ""optimizer"": ""Adam"", ""reg_l2"": false, ""skip_connection"": false, ""unit_c1"": 2, ""unit_c2"": 5}"
49,22,flops,,,0.007241306666666667,1086196.0,43020.0,,10479.9202,"{""activation"": ""swish"", ""batch_size"": 32, ""data_augmentation"": true, ""dr_f"": 0.288627392586, ""learning_rate"": 0.000262960109, ""new_fc_1"": 8, ""new_fc_10"": 16, ""new_fc_2"": 30, ""new_fc_3"": 13, ""new_fc_4"": 3, ""new_fc_5"": 30, ""new_fc_6"": 1, ""new_fc_7"": 20, ""new_fc_8"": 1, ""new_fc_9"": 19, ""num_neurons"": 4, ""optimizer"": ""SGD"", ""reg_l2"": false, ""skip_connection"": false, ""unit_c1"": 1, ""unit_c2"": 2}"
50,22,flops,,,0.46982266666666667,70473400.0,3479380.0,,10480.7848,"{""activation"": ""selu"", ""batch_size"": 64, ""data_augmentation"": false, ""dr_f"": 0.30307853912, ""learning_rate"": 0.000468237254, ""new_fc_1"": 29, ""new_fc_10"": 22, ""new_fc_2"": 9, ""new_fc_3"": 27, ""new_fc_4"": 20, ""new_fc_5"": 25, ""new_fc_6"": 32, ""new_fc_7"": 17, ""new_fc_8"": 18, ""new_fc_9"": 15, ""num_neurons"": 16, ""optimizer"": ""SGD"", ""reg_l2"": true, ""skip_connection"": true, ""unit_c1"": 2, ""unit_c2"": 5}"
51,22,flops,,,0.28791397333333335,43187096.0,1114900.0,,10481.6069,"{""activation"": ""elu"", ""batch_size"": 64, ""data_augmentation"": true, ""dr_f"": 0.377621461373, ""learning_rate"": 0.000471265026, ""new_fc_1"": 5, ""new_fc_10"": 32, ""new_fc_2"": 2, ""new_fc_3"": 24, ""new_fc_4"": 7, ""new_fc_5"": 4, ""new_fc_6"": 9, ""new_fc_7"": 6, ""new_fc_8"": 32, ""new_fc_9"": 27, ""num_neurons"": 16, ""optimizer"": ""Adadelta"", ""reg_l2"": true, ""skip_connection"": false, ""unit_c1"": 1, ""unit_c2"": 5}"
52,23,accuracy,0.9736000001430511,0.026399999856948853,0.013306826666666667,1996024.0,63956.0,-0.31448795189986417,11165.8158,"{""activation"": ""selu"", ""batch_size"": 16, ""data_augmentation"": false, ""dr_f"": 0.27955521059, ""learning_rate"": 0.000543246713, ""new_fc_1"": 23, ""new_fc_10"": 14, ""new_fc_2"": 17, ""new_fc_3"": 6, ""new_fc_4"": 17, ""new_fc_5"": 25, ""new_fc_6"": 4, ""new_fc_7"": 20, ""new_fc_8"": 15, ""new_fc_9"": 19, ""num_neurons"": 4, ""optimizer"": ""Adagrad"", ""reg_l2"": false, ""skip_connection"": false, ""unit_c1"": 2, ""unit_c2"": 1}"
53,24,accuracy,0.9900000002235174,0.009999999776482582,0.007241306666666667,1086196.0,43020.0,-0.3048276078435378,11370.2478,"{""activation"": ""swish"", ""batch_size"": 32, ""data_augmentation"": true, ""dr_f"": 0.288627392586, ""learning_rate"": 0.000262960109, ""new_fc_1"": 8, ""new_fc_10"": 16, ""new_fc_2"": 30, ""new_fc_3"": 13, ""new_fc_4"": 3, ""new_fc_5"": 30, ""new_fc_6"": 1, ""new_fc_7"": 20, ""new_fc_8"": 1, ""new_fc_9"": 19, ""num_neurons"": 4, ""optimizer"": ""SGD"", ""reg_l2"": false, ""skip_connection"": false, ""unit_c1"": 1, ""unit_c2"": 2}"
54,25,accuracy,0.9900000002235174,0.009999999776482582,0.005518026666666667,827704.0,47360.0,-0.3053445918435378,11755.5206,"{""activation"": ""swish"", ""batch_size"": 16, ""data_augmentation"": false, ""dr_f"": 0.221848279332, ""learning_rate"": 0.000672206691, ""new_fc_1"": 14, ""new_fc_10"": 28, ""new_fc_2"": 7, ""new_fc_3"": 6, ""new_fc_4"": 24, ""new_fc_5"": 18, ""new_fc_6"": 8, ""new_fc_7"": 13, ""new_fc_8"": 15, ""new_fc_9"": 3, ""num_neurons"": 4, ""optimizer"": ""Adam"", ""reg_l2"": true, ""skip_connection"": true, ""unit_c1"": 1, ""unit_c2"": 1}"
55,26,accuracy,0.9900000002235174,0.009999999776482582,0.19043290666666668,28564936.0,255084.0,-0.2498701278435378,265.5122,"{""activation"": ""swish"", ""batch_size"": 32, ""data_augmentation"": false, ""dr_f"": 0.171279161198, ""learning_rate"": 0.000345235772, ""new_fc_1"": 2, ""new_fc_10"": 31, ""new_fc_2"": 17, ""new_fc_3"": 24, ""new_fc_4"": 4, ""new_fc_5"": 7, ""new_fc_6"": 29, ""new_fc_7"": 29, ""new_fc_8"": 2, ""new_fc_9"": 17, ""num_neurons"": 8, ""optimizer"": ""Adagrad"", ""reg_l2"": false, ""skip_connection"": false, ""unit_c1"": 3, ""unit_c2"": 6}"
56,27,accuracy,0.9900000002235174,0.009999999776482582,0.07075674666666666,10613512.0,1259364.0,-0.28577297584353784,410.6948,"{""activation"": ""swish"", ""batch_size"": 64, ""data_augmentation"": true, ""dr_f"": 0.138465869577, ""learning_rate"": 0.000750939697, ""new_fc_1"": 27, ""new_fc_10"": 26, ""new_fc_2"": 20, ""new_fc_3"": 20, ""new_fc_4"": 31, ""new_fc_5"": 11, ""new_fc_6"": 23, ""new_fc_7"": 5, ""new_fc_8"": 27, ""new_fc_9"": 11, ""num_neurons"": 16, ""optimizer"": ""Adam"", ""reg_l2"": true, ""skip_connection"": false, ""unit_c1"": 1, ""unit_c2"": 1}"
57,27,flops,,,0.04926202666666667,7389304.0,95660.0,,411.4887,"{""activation"": ""selu"", ""batch_size"": 16, ""data_augmentation"": true, ""dr_f"": 0.206447591239, ""learning_rate"": 0.000976683432, ""new_fc_1"": 11, ""new_fc_10"": 16, ""new_fc_2"": 28, ""new_fc_3"": 31, ""new_fc_4"": 4, ""new_fc_5"": 28, ""new_fc_6"": 6, ""new_fc_7"": 27, ""new_fc_8"": 31, ""new_fc_9"": 10, ""num_neurons"": 4, ""optimizer"": ""Adagrad"", ""reg_l2"": false, ""skip_connection"": false, ""unit_c1"": 4, ""unit_c2"": 3}"
58,27,flops,,,0.056810346666666664,8521552.0,382628.0,,412.3154,"{""activation"": ""selu"", ""batch_size"": 64, ""data_augmentation"": true, ""dr_f"": 0.392560501835, ""learning_rate"": 0.000398644129, ""new_fc_1"": 16, ""new_fc_10"": 27, ""new_fc_2"": 9, ""new_fc_3"": 11, ""new_fc_4"": 21, ""new_fc_5"": 6, ""new_fc_6"": 0, ""new_fc_7"": 8, ""new_fc_8"": 29, ""new_fc_9"": 8, ""num_neurons"": 8, ""optimizer"": ""Adadelta"", ""reg_l2"": false, ""skip_connection"": true, ""unit_c1"": 1, ""unit_c2"": 4}"
59,27,flops,,,0.045076693333333334,6761504.0,113836.0,,413.0319,"{""activation"": ""elu"", ""batch_size"": 8, ""data_augmentation"": false, ""dr_f"": 0.410031503587, ""learning_rate"": 0.000604350473, ""new_fc_1"": 7, ""new_fc_10"": 5, ""new_fc_2"": 5, ""new_fc_3"": 15, ""new_fc_4"": 2, ""new_fc_5"": 1, ""new_fc_6"": 14, ""new_fc_7"": 24, ""new_fc_8"": 10, ""new_fc_9"": 30, ""num_neurons"": 8, ""optimizer"": ""Adam"", ""reg_l2"": true, ""skip_connection"": false, ""unit_c1"": 2, ""unit_c2"": 1}"
60,27,flops,,,0.05599805333333333,8399708.0,195464.0,,413.7536,"{""activation"": ""relu"", ""batch_size"": 16, ""data_augmentation"": false, ""dr_f"": 0.388825444709, ""learning_rate"": 0.000658329832, ""new_fc_1"": 27, ""new_fc_10"": 16, ""new_fc_2"": 32, ""new_fc_3"": 32, ""new_fc_4"": 27, ""new_fc_5"": 21, ""new_fc_6"": 1, ""new_fc_7"": 29, ""new_fc_8"": 25, ""new_fc_9"": 7, ""num_neurons"": 4, ""optimizer"": ""SGD"", ""reg_l2"": true, ""skip_connection"": false, ""unit_c1"": 4, ""unit_c2"": 4}"
61,27,flops,,,1.36984912,205477368.0,5678500.0,,414.708,"{""activation"": ""elu"", ""batch_size"": 32, ""data_augmentation"": true, ""dr_f"": 0.407260990265, ""learning_rate"": 0.000588525132, ""new_fc_1"": 0, ""new_fc_10"": 19, ""new_fc_2"": 22, ""new_fc_3"": 22, ""new_fc_4"": 7, ""new_fc_5"": 22, ""new_fc_6"": 22, ""new_fc_7"": 25, ""new_fc_8"": 32, ""new_fc_9"": 26, ""num_neurons"": 32, ""optimizer"": ""SGD"", ""reg_l2"": false, ""skip_connection"": false, ""unit_c1"": 3, ""unit_c2"": 1}"
62,28,accuracy,0.9748999997973442,0.025100000202655792,0.055446293333333334,8316944.0,280420.0,-0.30093611214185906,1340.0251,"{""activation"": ""selu"", ""batch_size"": 16, ""data_augmentation"": true, ""dr_f"": 0.131334119919, ""learning_rate"": 0.000170279174, ""new_fc_1"": 6, ""new_fc_10"": 29, ""new_fc_2"": 1, ""new_fc_3"": 17, ""new_fc_4"": 24, ""new_fc_5"": 20, ""new_fc_6"": 15, ""new_fc_7"": 28, ""new_fc_8"": 9, ""new_fc_9"": 10, ""num_neurons"": 8, ""optimizer"": ""Adadelta"", ""reg_l2"": true, ""skip_connection"": true, ""unit_c1"": 1, ""unit_c2"": 4}"
63,28,flops,,,0.04731957333333333,7097936.0,282332.0,,1340.815,"{""activation"": ""selu"", ""batch_size"": 16, ""data_augmentation"": true, ""dr_f"": 0.470757816043, ""learning_rate"": 0.00057011619, ""new_fc_1"": 15, ""new_fc_10"": 23, ""new_fc_2"": 14, ""new_fc_3"": 18, ""new_fc_4"": 24, ""new_fc_5"": 13, ""new_fc_6"": 1, ""new_fc_7"": 25, ""new_fc_8"": 27, ""new_fc_9"": 23, ""num_neurons"": 8, ""optimizer"": ""SGD"", ""reg_l2"": true, ""skip_connection"": false, ""unit_c1"": 2, ""unit_c2"": 1}"
64,28,flops,,,0.10705973333333334,16058960.0,351908.0,,1341.6696,"{""activation"": ""relu"", ""batch_size"": 64, ""data_augmentation"": true, ""dr_f"": 0.379930194326, ""learning_rate"": 0.000135352054, ""new_fc_1"": 18, ""new_fc_10"": 4, ""new_fc_2"": 32, ""new_fc_3"": 20, ""new_fc_4"": 23, ""new_fc_5"": 22, ""new_fc_6"": 6, ""new_fc_7"": 16, ""new_fc_8"": 11, ""new_fc_9"": 23, ""num_neurons"": 8, ""optimizer"": ""Adam"", ""reg_l2"": true, ""skip_connection"": true, ""unit_c1"": 3, ""unit_c2"": 2}"
65,29,accuracy,0.9900000002235174,0.009999999776482582,0.045076693333333334,6761504.0,113836.0,-0.2934769918435378,2086.4142,"{""activation"": ""elu"", ""batch_size"": 8, ""data_augmentation"": false, ""dr_f"": 0.410031503587, ""learning_rate"": 0.000604350473, ""new_fc_1"": 7, ""new_fc_10"": 5, ""new_fc_2"": 5, ""new_fc_3"": 15, ""new_fc_4"": 2, ""new_fc_5"": 1, ""new_fc_6"": 14, ""new_fc_7"": 24, ""new_fc_8"": 10, ""new_fc_9"": 30, ""num_neurons"": 8, ""optimizer"": ""Adam"", ""reg_l2"": true, ""skip_connection"": false, ""unit_c1"": 2, ""unit_c2"": 1}"
66,30,accuracy,0.9906000001356006,0.009399999864399433,0.056810346666666664,8521552.0,382628.0,-0.28953689590507964,2230.7056,"{""activation"": ""selu"", ""batch_size"": 64, ""data_augmentation"": true, ""dr_f"": 0.392560501835, ""learning_rate"": 0.000398644129, ""new_fc_1"": 16, ""new_fc_10"": 27, ""new_fc_2"": 9, ""new_fc_3"": 11, ""new_fc_4"": 21, ""new_fc_5"": 6, ""new_fc_6"": 0, ""new_fc_7"": 8, ""new_fc_8"": 29, ""new_fc_9"": 8, ""num_neurons"": 8, ""optimizer"": ""Adadelta"", ""reg_l2"": false, ""skip_connection"": true, ""unit_c1"": 1, ""unit_c2"": 4}"
67,31,accuracy,0.9024000018835068,0.09759999811649323,0.04926202666666667,7389304.0,95660.0,-0.3535413906815452,3275.2836,"{""activation"": ""selu"", ""batch_size"": 16, ""data_augmentation"": true, ""dr_f"": 0.206447591239, ""learning_rate"": 0.000976683432, ""new_fc_1"": 11, ""new_fc_10"": 16, ""new_fc_2"": 28, ""new_fc_3"": 31, ""new_fc_4"": 4, ""new_fc_5"": 28, ""new_fc_6"": 6, ""new_fc_7"": 27, ""new_fc_8"": 31, ""new_fc_9"": 10, ""num_neurons"": 4, ""optimizer"": ""Adagrad"", ""reg_l2"": false, ""skip_connection"": false, ""unit_c1"": 4, ""unit_c2"": 3}"
68,32,accuracy,0.9900000002235174,0.009999999776482582,0.04731957333333333,7097936.0,282332.0,-0.2928041278435378,3659.9096,"{""activation"": ""selu"", ""batch_size"": 16, ""data_augmentation"": true, ""dr_f"": 0.470757816043, ""learning_rate"": 0.00057011619, ""new_fc_1"": 15, ""new_fc_10"": 23, ""new_fc_2"": 14, ""new_fc_3"": 18, ""new_fc_4"": 24, ""new_fc_5"": 13, ""new_fc_6"": 1, ""new_fc_7"": 25, ""new_fc_8"": 27, ""new_fc_9"": 23, ""num_neurons"": 8, ""optimizer"": ""SGD"", ""reg_l2"": true, ""skip_connection"": false, ""unit_c1"": 2, ""unit_c2"": 1}"
69,32,flops,,,0.82340112,123510168.0,2916260.0,,3660.8283,"{""activation"": ""swish"", ""batch_size"": 16, ""data_augmentation"": false, ""dr_f"": 0.278326465451, ""learning_rate"": 0.000612949033, ""new_fc_1"": 25, ""new_fc_10"": 29, ""new_fc_2"": 6, ""new_fc_3"": 19, ""new_fc_4"": 30, ""new_fc_5"": 19, ""new_fc_6"": 29, ""new_fc_7"": 25, ""new_fc_8"": 31, ""new_fc_9"": 15, ""num_neurons"": 16, ""optimizer"": ""Adamax"", ""reg_l2"": false, ""skip_connection"": true, ""unit_c1"": 4, ""unit_c2"": 4}"
70,32,flops,,,0.2369,35535000.0,2759156.0,,3661.7616,"{""activation"": ""swish"", ""batch_size"": 64, ""data_augmentation"": false, ""dr_f"": 0.091323808753, ""learning_rate"": 0.000235801065, ""new_fc_1"": 31, ""new_fc_10"": 8, ""new_fc_2"": 27, ""new_fc_3"": 10, ""new_fc_4"": 31, ""new_fc_5"": 6, ""new_fc_6"": 15, ""new_fc_7"": 15, ""new_fc_8"": 29, ""new_fc_9"": 0, ""num_neurons"": 16, ""optimizer"": ""SGD"", ""reg_l2"": true, ""skip_connection"": true, ""unit_c1"": 1, ""unit_c2"": 4}"
71,32,flops,,,0.02525466666666667,3788200.0,70168.0,,3662.5632,"{""activation"": ""elu"", ""batch_size"": 16, ""data_augmentation"": true, ""dr_f"": 0.300129811098, ""learning_rate"": 0.000772756408, ""new_fc_1"": 22, ""new_fc_10"": 32, ""new_fc_2"": 13, ""new_fc_3"": 11, ""new_fc_4"": 1, ""new_fc_5"": 23, ""new_fc_6"": 13, ""new_fc_7"": 27, ""new_fc_8"": 28, ""new_fc_9"": 2, ""num_neurons"": 4, ""optimizer"": ""Adamax"", ""reg_l2"": false, ""skip_connection"": false, ""unit_c1"": 3, ""unit_c2"": 1}"
72,33,accuracy,0.9111000001430511,0.08889999985694885,0.02525466666666667,3788200.0,70168.0,-0.3546535998998642,4707.3039,"{""activation"": ""elu"", ""batch_size"": 16, ""data_augmentation"": true, ""dr_f"": 0.300129811098, ""learning_rate"": 0.000772756408, ""new_fc_1"": 22, ""new_fc_10"": 32, ""new_fc_2"": 13, ""new_fc_3"": 11, ""new_fc_4"": 1, ""new_fc_5"": 23, ""new_fc_6"": 13, ""new_fc_7"": 27, ""new_fc_8"": 28, ""new_fc_9"": 2, ""num_neurons"": 4, ""optimizer"": ""Adamax"", ""reg_l2"": false, ""skip_connection"": false, ""unit_c1"": 3, ""unit_c2"": 1}"
73,34,accuracy,0.6283000111579895,0.3716999888420105,0.82340112,123510168.0,2916260.0,-0.31316965618940734,5812.4659,"{""activation"": ""swish"", ""batch_size"": 16, ""data_augmentation"": false, ""dr_f"": 0.278326465451, ""learning_rate"": 0.000612949033, ""new_fc_1"": 25, ""new_fc_10"": 29, ""new_fc_2"": 6, ""new_fc_3"": 19, ""new_fc_4"": 30, ""new_fc_5"": 19, ""new_fc_6"": 29, ""new_fc_7"": 25, ""new_fc_8"": 31, ""new_fc_9"": 15, ""num_neurons"": 16, ""optimizer"": ""Adamax"", ""reg_l2"": false, ""skip_connection"": true, ""unit_c1"": 4, ""unit_c2"": 4}"
74,34,flops,,,0.05457861333333333,8186792.0,215132.0,,5813.2561,"{""activation"": ""elu"", ""batch_size"": 32, ""data_augmentation"": true, ""dr_f"": 0.101553919331, ""learning_rate"": 0.000509261051, ""new_fc_1"": 0, ""new_fc_10"": 2, ""new_fc_2"": 7, ""new_fc_3"": 24, ""new_fc_4"": 28, ""new_fc_5"": 1, ""new_fc_6"": 17, ""new_fc_7"": 14, ""new_fc_8"": 0, ""new_fc_9"": 13, ""num_neurons"": 8, ""optimizer"": ""Adadelta"", ""reg_l2"": false, ""skip_connection"": true, ""unit_c1"": 1, ""unit_c2"": 4}"
75,35,accuracy,0.9706999994814396,0.02930000051856041,0.05457861333333333,8186792.0,215132.0,-0.30413641636299227,6137.8145,"{""activation"": ""elu"", ""batch_size"": 32, ""data_augmentation"": true, ""dr_f"": 0.101553919331, ""learning_rate"": 0.000509261051, ""new_fc_1"": 0, ""new_fc_10"": 2, ""new_fc_2"": 7, ""new_fc_3"": 24, ""new_fc_4"": 28, ""new_fc_5"": 1, ""new_fc_6"": 17, ""new_fc_7"": 14, ""new_fc_8"": 0, ""new_fc_9"": 13, ""num_neurons"": 8, ""optimizer"": ""Adadelta"", ""reg_l2"": false, ""skip_connection"": true, ""unit_c1"": 1, ""unit_c2"": 4}"
76,36,accuracy,0.9741999991238117,0.025800000876188278,0.28791397333333335,43187096.0,1114900.0,-0.2316858086133318,6522.5415,"{""activation"": ""elu"", ""batch_size"": 64, ""data_augmentation"": true, ""dr_f"": 0.377621461373, ""learning_rate"": 0.000471265026, ""new_fc_1"": 5, ""new_fc_10"": 32, ""new_fc_2"": 2, ""new_fc_3"": 24, ""new_fc_4"": 7, ""new_fc_5"": 4, ""new_fc_6"": 9, ""new_fc_7"": 6, ""new_fc_8"": 32, ""new_fc_9"": 27, ""num_neurons"": 16, ""optimizer"": ""Adadelta"", ""reg_l2"": true, ""skip_connection"": false, ""unit_c1"": 1, ""unit_c2"": 5}"
77,36,flops,,,0.049639866666666664,7445980.0,84424.0,,6523.7061,"{""activation"": ""swish"", ""batch_size"": 8, ""data_augmentation"": false, ""dr_f"": 0.391551866609, ""learning_rate"": 0.0006511556, ""new_fc_1"": 14, ""new_fc_10"": 11, ""new_fc_2"": 24, ""new_fc_3"": 22, ""new_fc_4"": 8, ""new_fc_5"": 30, ""new_fc_6"": 16, ""new_fc_7"": 1, ""new_fc_8"": 5, ""new_fc_9"": 8, ""num_neurons"": 4, ""optimizer"": ""Adadelta"", ""reg_l2"": false, ""skip_connection"": false, ""unit_c1"": 4, ""unit_c2"": 3}"
78,36,flops,,,0.8722226666666667,130833400.0,1635796.0,,6524.9074,"{""activation"": ""elu"", ""batch_size"": 16, ""data_augmentation"": true, ""dr_f"": 0.238481691498, ""learning_rate"": 0.000559689673, ""new_fc_1"": 10, ""new_fc_10"": 2, ""new_fc_2"": 6, ""new_fc_3"": 6, ""new_fc_4"": 26, ""new_fc_5"": 0, ""new_fc_6"": 12, ""new_fc_7"": 8, ""new_fc_8"": 21, ""new_fc_9"": 15, ""num_neurons"": 16, ""optimizer"": ""Adamax"", ""reg_l2"": true, ""skip_connection"": false, ""unit_c1"": 3, ""unit_c2"": 7}"
79,36,flops,,,0.06686064,10029096.0,95280.0,,6525.6818,"{""activation"": ""selu"", ""batch_size"": 32, ""data_augmentation"": false, ""dr_f"": 0.340693835068, ""learning_rate"": 0.000370834294, ""new_fc_1"": 8, ""new_fc_10"": 1, ""new_fc_2"": 11, ""new_fc_3"": 3, ""new_fc_4"": 1, ""new_fc_5"": 8, ""new_fc_6"": 8, ""new_fc_7"": 14, ""new_fc_8"": 16, ""new_fc_9"": 22, ""num_neurons"": 4, ""optimizer"": ""Adagrad"", ""reg_l2"": false, ""skip_connection"": false, ""unit_c1"": 3, ""unit_c2"": 8}"
80,37,accuracy,0.9862000001594424,0.013799999840557575,0.06686064,10029096.0,95280.0,-0.28960180788839024,6790.1554,"{""activation"": ""selu"", ""batch_size"": 32, ""data_augmentation"": false, ""dr_f"": 0.340693835068, ""learning_rate"": 0.000370834294, ""new_fc_1"": 8, ""new_fc_10"": 1, ""new_fc_2"": 11, ""new_fc_3"": 3, ""new_fc_4"": 1, ""new_fc_5"": 8, ""new_fc_6"": 8, ""new_fc_7"": 14, ""new_fc_8"": 16, ""new_fc_9"": 22, ""num_neurons"": 4, ""optimizer"": ""Adagrad"", ""reg_l2"": false, ""skip_connection"": false, ""unit_c1"": 3, ""unit_c2"": 8}"
81,37,flops,,,0.04874485333333333,7311728.0,56740.0,,6791.2726,"{""activation"": ""selu"", ""batch_size"": 8, ""data_augmentation"": false, ""dr_f"": 0.240610573453, ""learning_rate"": 0.000313123148, ""new_fc_1"": 8, ""new_fc_10"": 5, ""new_fc_2"": 9, ""new_fc_3"": 14, ""new_fc_4"": 22, ""new_fc_5"": 5, ""new_fc_6"": 22, ""new_fc_7"": 25, ""new_fc_8"": 4, ""new_fc_9"": 12, ""num_neurons"": 4, ""optimizer"": ""Adadelta"", ""reg_l2"": false, ""skip_connection"": false, ""unit_c1"": 4, ""unit_c2"": 3}"
82,37,flops,,,1.6712259733333332,250683896.0,3452804.0,,6792.4828,"{""activation"": ""selu"", ""batch_size"": 64, ""data_augmentation"": false, ""dr_f"": 0.320878132656, ""learning_rate"": 0.000694490283, ""new_fc_1"": 1, ""new_fc_10"": 10, ""new_fc_2"": 27, ""new_fc_3"": 14, ""new_fc_4"": 32, ""new_fc_5"": 9, ""new_fc_6"": 32, ""new_fc_7"": 18, ""new_fc_8"": 21, ""new_fc_9"": 9, ""num_neurons"": 32, ""optimizer"": ""Adadelta"", ""reg_l2"": true, ""skip_connection"": false, ""unit_c1"": 2, ""unit_c2"": 5}"
83,37,flops,,,0.05480592,8220888.0,198636.0,,6793.3387,"{""activation"": ""swish"", ""batch_size"": 32, ""data_augmentation"": false, ""dr_f"": 0.336365797176, ""learning_rate"": 0.000310085605, ""new_fc_1"": 16, ""new_fc_10"": 30, ""new_fc_2"": 28, ""new_fc_3"": 11, ""new_fc_4"": 9, ""new_fc_5"": 32, ""new_fc_6"": 30, ""new_fc_7"": 14, ""new_fc_8"": 5, ""new_fc_9"": 1, ""num_neurons"": 4, ""optimizer"": ""Adagrad"", ""reg_l2"": true, ""skip_connection"": true, ""unit_c1"": 2, ""unit_c2"": 8}"
84,38,accuracy,0.6525000035762787,0.3474999964237213,0.04760256,7140384.0,303564.0,-0.5289692294966049,7597.665,"{""activation"": ""selu"", ""batch_size"": 16, ""data_augmentation"": true, ""dr_f"": 0.078954589896, ""learning_rate"": 0.000658116768, ""new_fc_1"": 19, ""new_fc_10"": 28, ""new_fc_2"": 0, ""new_fc_3"": 12, ""new_fc_4"": 20, ""new_fc_5"": 25, ""new_fc_6"": 21, ""new_fc_7"": 29, ""new_fc_8"": 4, ""new_fc_9"": 27, ""num_neurons"": 8, ""optimizer"": ""Adam"", ""reg_l2"": false, ""skip_connection"": false, ""unit_c1"": 2, ""unit_c2"": 1}"
85,38,flops,,,0.0445348,6680220.0,96708.0,,7598.4874,"{""activation"": ""selu"", ""batch_size"": 8, ""data_augmentation"": true, ""dr_f"": 0.179752193274, ""learning_rate"": 0.000761642132, ""new_fc_1"": 5, ""new_fc_10"": 31, ""new_fc_2"": 14, ""new_fc_3"": 8, ""new_fc_4"": 19, ""new_fc_5"": 27, ""new_fc_6"": 30, ""new_fc_7"": 4, ""new_fc_8"": 22, ""new_fc_9"": 9, ""num_neurons"": 4, ""optimizer"": ""Adadelta"", ""reg_l2"": true, ""skip_connection"": true, ""unit_c1"": 2, ""unit_c2"": 7}"
86,38,flops,,,0.166012,24901800.0,2226292.0,,7599.7348,"{""activation"": ""swish"", ""batch_size"": 8, ""data_augmentation"": false, ""dr_f"": 0.491347734207, ""learning_rate"": 0.000154475578, ""new_fc_1"": 31, ""new_fc_10"": 24, ""new_fc_2"": 15, ""new_fc_3"": 1, ""new_fc_4"": 25, ""new_fc_5"": 15, ""new_fc_6"": 18, ""new_fc_7"": 27, ""new_fc_8"": 22, ""new_fc_9"": 5, ""num_neurons"": 16, ""optimizer"": ""Adamax"", ""reg_l2"": true, ""skip_connection"": true, ""unit_c1"": 1, ""unit_c2"": 3}"
87,38,flops,,,0.17371728,26057592.0,900100.0,,7600.9759,"{""activation"": ""selu"", ""batch_size"": 16, ""data_augmentation"": true, ""dr_f"": 0.049068417352, ""learning_rate"": 0.000395139042, ""new_fc_1"": 27, ""new_fc_10"": 29, ""new_fc_2"": 20, ""new_fc_3"": 23, ""new_fc_4"": 13, ""new_fc_5"": 0, ""new_fc_6"": 4, ""new_fc_7"": 2, ""new_fc_8"": 17, ""new_fc_9"": 3, ""num_neurons"": 16, ""optimizer"": ""Adam"", ""reg_l2"": true, ""skip_connection"": false, ""unit_c1"": 2, ""unit_c2"": 1}"
88,38,flops,,,5.28061712,792092568.0,9050020.0,,7602.4629,"{""activation"": ""swish"", ""batch_size"": 64, ""data_augmentation"": false, ""dr_f"": 0.186806245575, ""learning_rate"": 0.000192326582, ""new_fc_1"": 15, ""new_fc_10"": 28, ""new_fc_2"": 18, ""new_fc_3"": 1, ""new_fc_4"": 19, ""new_fc_5"": 16, ""new_fc_6"": 5, ""new_fc_7"": 21, ""new_fc_8"": 10, ""new_fc_9"": 2, ""num_neurons"": 64, ""optimizer"": ""Adagrad"", ""reg_l2"": false, ""skip_connection"": true, ""unit_c1"": 3, ""unit_c2"": 1}"
89,39,accuracy,0.8666000068187714,0.13339999318122864,0.17371728,26057592.0,900100.0,-0.34126481122686003,8647.23,"{""activation"": ""selu"", ""batch_size"": 16, ""data_augmentation"": true, ""dr_f"": 0.049068417352, ""learning_rate"": 0.000395139042, ""new_fc_1"": 27, ""new_fc_10"": 29, ""new_fc_2"": 20, ""new_fc_3"": 23, ""new_fc_4"": 13, ""new_fc_5"": 0, ""new_fc_6"": 4, ""new_fc_7"": 2, ""new_fc_8"": 17, ""new_fc_9"": 3, ""num_neurons"": 16, ""optimizer"": ""Adam"", ""reg_l2"": true, ""skip_connection"": false, ""unit_c1"": 2, ""unit_c2"": 1}"
90,40,accuracy,0.9901999998837709,0.009800000116229057,0.049639866666666664,7445980.0,84424.0,-0.29196804008136035,9331.8418,"{""activation"": ""swish"", ""batch_size"": 8, ""data_augmentation"": false, ""dr_f"": 0.391551866609, ""learning_rate"": 0.0006511556, ""new_fc_1"": 14, ""new_fc_10"": 11, ""new_fc_2"": 24, ""new_fc_3"": 22, ""new_fc_4"": 8, ""new_fc_5"": 30, ""new_fc_6"": 16, ""new_fc_7"": 1, ""new_fc_8"": 5, ""new_fc_9"": 8, ""num_neurons"": 4, ""optimizer"": ""Adadelta"", ""reg_l2"": false, ""skip_connection"": false, ""unit_c1"": 4, ""unit_c2"": 3}"
91,41,accuracy,0.9872000003233552,0.012799999676644802,0.04874485333333333,7311728.0,56740.0,-0.29433654377365137,10076.4314,"{""activation"": ""selu"", ""batch_size"": 8, ""data_augmentation"": false, ""dr_f"": 0.240610573453, ""learning_rate"": 0.000313123148, ""new_fc_1"": 8, ""new_fc_10"": 5, ""new_fc_2"": 9, ""new_fc_3"": 14, ""new_fc_4"": 22, ""new_fc_5"": 5, ""new_fc_6"": 22, ""new_fc_7"": 25, ""new_fc_8"": 4, ""new_fc_9"": 12, ""num_neurons"": 4, ""optimizer"": ""Adadelta"", ""reg_l2"": false, ""skip_connection"": false, ""unit_c1"": 4, ""unit_c2"": 3}"
92,41,flops,,,1.0524165866666666,157862488.0,2773204.0,,10077.321,"{""activation"": ""selu"", ""batch_size"": 64, ""data_augmentation"": true, ""dr_f"": 0.391498999689, ""learning_rate"": 0.00052018887, ""new_fc_1"": 16, ""new_fc_10"": 0, ""new_fc_2"": 24, ""new_fc_3"": 0, ""new_fc_4"": 22, ""new_fc_5"": 4, ""new_fc_6"": 28, ""new_fc_7"": 20, ""new_fc_8"": 1, ""new_fc_9"": 5, ""num_neurons"": 16, ""optimizer"": ""Adadelta"", ""reg_l2"": true, ""skip_connection"": true, ""unit_c1"": 3, ""unit_c2"": 8}"
93,41,flops,,,1.2118207466666666,181773112.0,9811940.0,,10078.4192,"{""activation"": ""swish"", ""batch_size"": 16, ""data_augmentation"": false, ""dr_f"": 0.309736310507, ""learning_rate"": 0.00072865346, ""new_fc_1"": 23, ""new_fc_10"": 22, ""new_fc_2"": 3, ""new_fc_3"": 25, ""new_fc_4"": 0, ""new_fc_5"": 8, ""new_fc_6"": 14, ""new_fc_7"": 26, ""new_fc_8"": 32, ""new_fc_9"": 4, ""num_neurons"": 32, ""optimizer"": ""Adam"", ""reg_l2"": false, ""skip_connection"": false, ""unit_c1"": 1, ""unit_c2"": 5}"
94,41,flops,,,0.34874533333333335,52311800.0,1001508.0,,10079.5417,"{""activation"": ""elu"", ""batch_size"": 16, ""data_augmentation"": false, ""dr_f"": 0.424647161588, ""learning_rate"": 0.000767914021, ""new_fc_1"": 5, ""new_fc_10"": 19, ""new_fc_2"": 14, ""new_fc_3"": 0, ""new_fc_4"": 30, ""new_fc_5"": 20, ""new_fc_6"": 12, ""new_fc_7"": 21, ""new_fc_8"": 14, ""new_fc_9"": 11, ""num_neurons"": 16, ""optimizer"": ""Adam"", ""reg_l2"": true, ""skip_connection"": true, ""unit_c1"": 2, ""unit_c2"": 4}"
95,42,accuracy,0.9900000002235174,0.009999999776482582,0.05480592,8220888.0,198636.0,-0.29055822384353786,10344.9013,"{""activation"": ""swish"", ""batch_size"": 32, ""data_augmentation"": false, ""dr_f"": 0.336365797176, ""learning_rate"": 0.000310085605, ""new_fc_1"": 16, ""new_fc_10"": 30, ""new_fc_2"": 28, ""new_fc_3"": 11, ""new_fc_4"": 9, ""new_fc_5"": 32, ""new_fc_6"": 30, ""new_fc_7"": 14, ""new_fc_8"": 5, ""new_fc_9"": 1, ""num_neurons"": 4, ""optimizer"": ""Adagrad"", ""reg_l2"": true, ""skip_connection"": true, ""unit_c1"": 2, ""unit_c2"": 8}"
96,42,flops,,,0.17056933333333332,25585400.0,398196.0,,10345.743,"{""activation"": ""relu"", ""batch_size"": 64, ""data_augmentation"": true, ""dr_f"": 0.069210748338, ""learning_rate"": 0.000835162518, ""new_fc_1"": 9, ""new_fc_10"": 21, ""new_fc_2"": 25, ""new_fc_3"": 23, ""new_fc_4"": 20, ""new_fc_5"": 29, ""new_fc_6"": 31, ""new_fc_7"": 15, ""new_fc_8"": 31, ""new_fc_9"": 16, ""num_neurons"": 8, ""optimizer"": ""Adam"", ""reg_l2"": true, ""skip_connection"": true, ""unit_c1"": 4, ""unit_c2"": 2}"
97,42,flops,,,0.020049253333333333,3007388.0,126024.0,,10346.5553,"{""activation"": ""elu"", ""batch_size"": 64, ""data_augmentation"": true, ""dr_f"": 0.094848861884, ""learning_rate"": 0.0003473344, ""new_fc_1"": 18, ""new_fc_10"": 17, ""new_fc_2"": 24, ""new_fc_3"": 29, ""new_fc_4"": 14, ""new_fc_5"": 9, ""new_fc_6"": 22, ""new_fc_7"": 18, ""new_fc_8"": 24, ""new_fc_9"": 26, ""num_neurons"": 4, ""optimizer"": ""Adadelta"", ""reg_l2"": true, ""skip_connection"": false, ""unit_c1"": 2, ""unit_c2"": 3}"
98,42,flops,,,2.027693386666667,304154008.0,8012644.0,,10347.9445,"{""activation"": ""elu"", ""batch_size"": 16, ""data_augmentation"": false, ""dr_f"": 0.043716404813, ""learning_rate"": 0.000499923292, ""new_fc_1"": 10, ""new_fc_10"": 22, ""new_fc_2"": 2, ""new_fc_3"": 25, ""new_fc_4"": 20, ""new_fc_5"": 1, ""new_fc_6"": 14, ""new_fc_7"": 30, ""new_fc_8"": 23, ""new_fc_9"": 23, ""num_neurons"": 32, ""optimizer"": ""SGD"", ""reg_l2"": true, ""skip_connection"": true, ""unit_c1"": 1, ""unit_c2"": 7}"
99,42,flops,,,0.050210986666666665,7531648.0,98312.0,,10348.8627,"{""activation"": ""elu"", ""batch_size"": 16, ""data_augmentation"": true, ""dr_f"": 0.347864756166, ""learning_rate"": 0.000912770111, ""new_fc_1"": 3, ""new_fc_10"": 32, ""new_fc_2"": 24, ""new_fc_3"": 25, ""new_fc_4"": 18, ""new_fc_5"": 24, ""new_fc_6"": 26, ""new_fc_7"": 15, ""new_fc_8"": 24, ""new_fc_9"": 11, ""num_neurons"": 4, ""optimizer"": ""Adam"", ""reg_l2"": true, ""skip_connection"": false, ""unit_c1"": 3, ""unit_c2"": 6}"
100,42,flops,,,4.394815306666667,659222296.0,33958948.0,,10351.3787,"{""activation"": ""elu"", ""batch_size"": 64, ""data_augmentation"": true, ""dr_f"": 0.388397624245, ""learning_rate"": 0.00072487131, ""new_fc_1"": 28, ""new_fc_10"": 25, ""new_fc_2"": 32, ""new_fc_3"": 23, ""new_fc_4"": 11, ""new_fc_5"": 26, ""new_fc_6"": 12, ""new_fc_7"": 0, ""new_fc_8"": 12, ""new_fc_9"": 2, ""num_neurons"": 64, ""optimizer"": ""Adagrad"", ""reg_l2"": true, ""skip_connection"": false, ""unit_c1"": 2, ""unit_c2"": 3}"
101,43,accuracy,10000000000.0,,1.7498649066666667,262479736.0,9349764.0,10000000000.0,10352.6116,"{""activation"": ""elu"", ""batch_size"": 32, ""data_augmentation"": true, ""dr_f"": 0.131260897174, ""learning_rate"": 0.00031650035, ""new_fc_1"": 26, ""new_fc_10"": 15, ""new_fc_2"": 3, ""new_fc_3"": 23, ""new_fc_4"": 4, ""new_fc_5"": 4, ""new_fc_6"": 2, ""new_fc_7"": 32, ""new_fc_8"": 1, ""new_fc_9"": 3, ""num_neurons"": 32, ""optimizer"": ""Adam"", ""reg_l2"": false, ""skip_connection"": false, ""unit_c1"": 2, ""unit_c2"": 5}"
102,43,flops,,,0.17094128,25641192.0,426180.0,,10353.4622,"{""activation"": ""elu"", ""batch_size"": 16, ""data_augmentation"": true, ""dr_f"": 0.272694392788, ""learning_rate"": 0.00093110558, ""new_fc_1"": 8, ""new_fc_10"": 6, ""new_fc_2"": 2, ""new_fc_3"": 5, ""new_fc_4"": 22, ""new_fc_5"": 6, ""new_fc_6"": 9, ""new_fc_7"": 26, ""new_fc_8"": 5, ""new_fc_9"": 32, ""num_neurons"": 16, ""optimizer"": ""Adadelta"", ""reg_l2"": false, ""skip_connection"": true, ""unit_c1"": 2, ""unit_c2"": 1}"
103,43,flops,,,1.57071632,235607448.0,19397220.0,,10355.4447,"{""activation"": ""elu"", ""batch_size"": 8, ""data_augmentation"": true, ""dr_f"": 0.284350298753, ""learning_rate"": 0.00066614062, ""new_fc_1"": 16, ""new_fc_10"": 27, ""new_fc_2"": 25, ""new_fc_3"": 7, ""new_fc_4"": 2, ""new_fc_5"": 32, ""new_fc_6"": 17, ""new_fc_7"": 18, ""new_fc_8"": 25, ""new_fc_9"": 12, ""num_neurons"": 64, ""optimizer"": ""Adagrad"", ""reg_l2"": true, ""skip_connection"": true, ""unit_c1"": 1, ""unit_c2"": 2}"
104,43,flops,,,10.69975184,1604962776.0,40255396.0,,10358.1342,"{""activation"": ""selu"", ""batch_size"": 16, ""data_augmentation"": true, ""dr_f"": 0.204450283705, ""learning_rate"": 0.000868043125, ""new_fc_1"": 15, ""new_fc_10"": 30, ""new_fc_2"": 23, ""new_fc_3"": 14, ""new_fc_4"": 6, ""new_fc_5"": 6, ""new_fc_6"": 27, ""new_fc_7"": 7, ""new_fc_8"": 26, ""new_fc_9"": 20, ""num_neurons"": 64, ""optimizer"": ""Adam"", ""reg_l2"": false, ""skip_connection"": true, ""unit_c1"": 2, ""unit_c2"": 7}"
105,43,flops,,,0.027103013333333332,4065452.0,170516.0,,10359.313,"{""activation"": ""relu"", ""batch_size"": 32, ""data_augmentation"": true, ""dr_f"": 0.300064970282, ""learning_rate"": 0.00086676032, ""new_fc_1"": 20, ""new_fc_10"": 30, ""new_fc_2"": 10, ""new_fc_3"": 20, ""new_fc_4"": 1, ""new_fc_5"": 7, ""new_fc_6"": 31, ""new_fc_7"": 18, ""new_fc_8"": 12, ""new_fc_9"": 0, ""num_neurons"": 4, ""optimizer"": ""Adamax"", ""reg_l2"": false, ""skip_connection"": true, ""unit_c1"": 1, ""unit_c2"": 6}"
106,43,flops,,,0.05099562666666667,7649344.0,458068.0,,10360.104,"{""activation"": ""elu"", ""batch_size"": 32, ""data_augmentation"": false, ""dr_f"": 0.05332181473, ""learning_rate"": 0.000888649526, ""new_fc_1"": 25, ""new_fc_10"": 25, ""new_fc_2"": 31, ""new_fc_3"": 22, ""new_fc_4"": 24, ""new_fc_5"": 16, ""new_fc_6"": 32, ""new_fc_7"": 26, ""new_fc_8"": 0, ""new_fc_9"": 28, ""num_neurons"": 8, ""optimizer"": ""Adamax"", ""reg_l2"": true, ""skip_connection"": true, ""unit_c1"": 2, ""unit_c2"": 1}"
107,44,accuracy,10000000000.0,,2.2748953066666666,341234296.0,4277956.0,10000000000.0,10360.9478,"{""activation"": ""selu"", ""batch_size"": 16, ""data_augmentation"": false, ""dr_f"": 0.426416601405, ""learning_rate"": 0.000697272437, ""new_fc_1"": 23, ""new_fc_10"": 17, ""new_fc_2"": 7, ""new_fc_3"": 27, ""new_fc_4"": 2, ""new_fc_5"": 25, ""new_fc_6"": 32, ""new_fc_7"": 8, ""new_fc_8"": 28, ""new_fc_9"": 16, ""num_neurons"": 32, ""optimizer"": ""Adadelta"", ""reg_l2"": true, ""skip_connection"": false, ""unit_c1"": 4, ""unit_c2"": 1}"
108,44,flops,,,0.9595180266666666,143927704.0,13391844.0,,10362.5336,"{""activation"": ""swish"", ""batch_size"": 64, ""data_augmentation"": false, ""dr_f"": 0.142032823928, ""learning_rate"": 0.000506690308, ""new_fc_1"": 13, ""new_fc_10"": 24, ""new_fc_2"": 13, ""new_fc_3"": 24, ""new_fc_4"": 7, ""new_fc_5"": 7, ""new_fc_6"": 2, ""new_fc_7"": 22, ""new_fc_8"": 27, ""new_fc_9"": 20, ""num_neurons"": 64, ""optimizer"": ""Adadelta"", ""reg_l2"": false, ""skip_connection"": false, ""unit_c1"": 1, ""unit_c2"": 1}"
109,44,flops,,,0.13102122666666666,19653184.0,758020.0,,10363.2886,"{""activation"": ""elu"", ""batch_size"": 16, ""data_augmentation"": false, ""dr_f"": 0.31596124627, ""learning_rate"": 0.000763850399, ""new_fc_1"": 16, ""new_fc_10"": 19, ""new_fc_2"": 29, ""new_fc_3"": 25, ""new_fc_4"": 19, ""new_fc_5"": 6, ""new_fc_6"": 3, ""new_fc_7"": 22, ""new_fc_8"": 31, ""new_fc_9"": 27, ""num_neurons"": 8, ""optimizer"": ""Adagrad"", ""reg_l2"": false, ""skip_connection"": false, ""unit_c1"": 1, ""unit_c2"": 7}"
110,44,flops,,,0.16419594666666668,24629392.0,350836.0,,10364.0407,"{""activation"": ""swish"", ""batch_size"": 32, ""data_augmentation"": false, ""dr_f"": 0.396692915418, ""learning_rate"": 0.000417595003, ""new_fc_1"": 9, ""new_fc_10"": 11, ""new_fc_2"": 32, ""new_fc_3"": 7, ""new_fc_4"": 2, ""new_fc_5"": 0, ""new_fc_6"": 22, ""new_fc_7"": 29, ""new_fc_8"": 8, ""new_fc_9"": 29, ""num_neurons"": 8, ""optimizer"": ""Adam"", ""reg_l2"": true, ""skip_connection"": false, ""unit_c1"": 3, ""unit_c2"": 5}"
111,44,flops,,,2.0072938133333333,301094072.0,8313316.0,,10365.4656,"{""activation"": ""swish"", ""batch_size"": 8, ""data_augmentation"": true, ""dr_f"": 0.246739545035, ""learning_rate"": 0.000956326004, ""new_fc_1"": 12, ""new_fc_10"": 12, ""new_fc_2"": 21, ""new_fc_3"": 27, ""new_fc_4"": 13, ""new_fc_5"": 0, ""new_fc_6"": 14, ""new_fc_7"": 9, ""new_fc_8"": 12, ""new_fc_9"": 25, ""num_neurons"": 32, ""optimizer"": ""SGD"", ""reg_l2"": false, ""skip_connection"": false, ""unit_c1"": 1, ""unit_c2"": 7}"
112,44,flops,,,0.3602093333333333,54031400.0,1861524.0,,10366.3277,"{""activation"": ""relu"", ""batch_size"": 16, ""data_augmentation"": true, ""dr_f"": 0.305660051953, ""learning_rate"": 0.000220945317, ""new_fc_1"": 16, ""new_fc_10"": 10, ""new_fc_2"": 32, ""new_fc_3"": 8, ""new_fc_4"": 3, ""new_fc_5"": 15, ""new_fc_6"": 5, ""new_fc_7"": 28, ""new_fc_8"": 25, ""new_fc_9"": 31, ""num_neurons"": 16, ""optimizer"": ""Adadelta"", ""reg_l2"": true, ""skip_connection"": true, ""unit_c1"": 2, ""unit_c2"": 4}"
113,45,accuracy,0.9900000002235174,0.009999999776482582,0.17056933333333332,25585400.0,398196.0,-0.2558291998435378,10510.844,"{""activation"": ""relu"", ""batch_size"": 64, ""data_augmentation"": true, ""dr_f"": 0.069210748338, ""learning_rate"": 0.000835162518, ""new_fc_1"": 9, ""new_fc_10"": 21, ""new_fc_2"": 25, ""new_fc_3"": 23, ""new_fc_4"": 20, ""new_fc_5"": 29, ""new_fc_6"": 31, ""new_fc_7"": 15, ""new_fc_8"": 31, ""new_fc_9"": 16, ""num_neurons"": 8, ""optimizer"": ""Adam"", ""reg_l2"": true, ""skip_connection"": true, ""unit_c1"": 4, ""unit_c2"": 2}"
114,45,flops,,,0.28581072,42871608.0,1617140.0,,10512.5958,"{""activation"": ""swish"", ""batch_size"": 32, ""data_augmentation"": true, ""dr_f"": 0.216629458204, ""learning_rate"": 0.000996035346, ""new_fc_1"": 18, ""new_fc_10"": 23, ""new_fc_2"": 9, ""new_fc_3"": 28, ""new_fc_4"": 19, ""new_fc_5"": 11, ""new_fc_6"": 16, ""new_fc_7"": 7, ""new_fc_8"": 31, ""new_fc_9"": 16, ""num_neurons"": 16, ""optimizer"": ""Adamax"", ""reg_l2"": true, ""skip_connection"": true, ""unit_c1"": 2, ""unit_c2"": 3}"
115,45,flops,,,0.71795632,107693448.0,1913844.0,,10513.8321,"{""activation"": ""selu"", ""batch_size"": 8, ""data_augmentation"": true, ""dr_f"": 0.370577334887, ""learning_rate"": 0.000738517517, ""new_fc_1"": 25, ""new_fc_10"": 29, ""new_fc_2"": 16, ""new_fc_3"": 9, ""new_fc_4"": 23, ""new_fc_5"": 3, ""new_fc_6"": 22, ""new_fc_7"": 9, ""new_fc_8"": 4, ""new_fc_9"": 31, ""num_neurons"": 16, ""optimizer"": ""Adamax"", ""reg_l2"": true, ""skip_connection"": false, ""unit_c1"": 4, ""unit_c2"": 3}"
116,45,flops,,,2.8124978666666665,421874680.0,3290532.0,,10515.0784,"{""activation"": ""relu"", ""batch_size"": 64, ""data_augmentation"": false, ""dr_f"": 0.405879614124, ""learning_rate"": 0.00082888997, ""new_fc_1"": 1, ""new_fc_10"": 28, ""new_fc_2"": 32, ""new_fc_3"": 24, ""new_fc_4"": 17, ""new_fc_5"": 31, ""new_fc_6"": 7, ""new_fc_7"": 13, ""new_fc_8"": 8, ""new_fc_9"": 12, ""num_neurons"": 32, ""optimizer"": ""Adam"", ""reg_l2"": true, ""skip_connection"": true, ""unit_c1"": 4, ""unit_c2"": 3}"
117,45,flops,,,6.046525173333333,906978776.0,18956068.0,,10516.7791,"{""activation"": ""selu"", ""batch_size"": 16, ""data_augmentation"": false, ""dr_f"": 0.230835944095, ""learning_rate"": 0.000132200186, ""new_fc_1"": 5, ""new_fc_10"": 7, ""new_fc_2"": 7, ""new_fc_3"": 19, ""new_fc_4"": 22, ""new_fc_5"": 24, ""new_fc_6"": 16, ""new_fc_7"": 3, ""new_fc_8"": 27, ""new_fc_9"": 20, ""num_neurons"": 64, ""optimizer"": ""SGD"", ""reg_l2"": true, ""skip_connection"": false, ""unit_c1"": 1, ""unit_c2"": 6}"
118,46,accuracy,0.9271000027656555,0.07289999723434448,0.17094128,25641192.0,426180.0,-0.29974761406404116,11741.6705,"{""activation"": ""elu"", ""batch_size"": 16, ""data_augmentation"": true, ""dr_f"": 0.272694392788, ""learning_rate"": 0.00093110558, ""new_fc_1"": 8, ""new_fc_10"": 6, ""new_fc_2"": 2, ""new_fc_3"": 5, ""new_fc_4"": 22, ""new_fc_5"": 6, ""new_fc_6"": 9, ""new_fc_7"": 26, ""new_fc_8"": 5, ""new_fc_9"": 32, ""num_neurons"": 16, ""optimizer"": ""Adadelta"", ""reg_l2"": false, ""skip_connection"": true, ""unit_c1"": 2, ""unit_c2"": 1}"
119,46,flops,,,0.8149433066666667,122241496.0,2448868.0,,11742.8851,"{""activation"": ""selu"", ""batch_size"": 32, ""data_augmentation"": false, ""dr_f"": 0.140893042853, ""learning_rate"": 0.000772174321, ""new_fc_1"": 26, ""new_fc_10"": 15, ""new_fc_2"": 7, ""new_fc_3"": 8, ""new_fc_4"": 27, ""new_fc_5"": 30, ""new_fc_6"": 20, ""new_fc_7"": 17, ""new_fc_8"": 1, ""new_fc_9"": 9, ""num_neurons"": 16, ""optimizer"": ""Adamax"", ""reg_l2"": false, ""skip_connection"": true, ""unit_c1"": 4, ""unit_c2"": 4}"
120,46,flops,,,0.8307693333333334,124615400.0,4897300.0,,11743.8236,"{""activation"": ""elu"", ""batch_size"": 8, ""data_augmentation"": true, ""dr_f"": 0.499675848703, ""learning_rate"": 0.000389856235, ""new_fc_1"": 32, ""new_fc_10"": 10, ""new_fc_2"": 32, ""new_fc_3"": 1, ""new_fc_4"": 17, ""new_fc_5"": 9, ""new_fc_6"": 23, ""new_fc_7"": 10, ""new_fc_8"": 15, ""new_fc_9"": 4, ""num_neurons"": 16, ""optimizer"": ""Adadelta"", ""reg_l2"": true, ""skip_connection"": false, ""unit_c1"": 2, ""unit_c2"": 8}"
121,46,flops,,,5.4059939733333335,810899096.0,25169956.0,,11745.7137,"{""activation"": ""elu"", ""batch_size"": 16, ""data_augmentation"": true, ""dr_f"": 0.080524651448, ""learning_rate"": 0.000566776629, ""new_fc_1"": 14, ""new_fc_10"": 29, ""new_fc_2"": 2, ""new_fc_3"": 15, ""new_fc_4"": 5, ""new_fc_5"": 22, ""new_fc_6"": 22, ""new_fc_7"": 25, ""new_fc_8"": 32, ""new_fc_9"": 3, ""num_neurons"": 64, ""optimizer"": ""Adamax"", ""reg_l2"": true, ""skip_connection"": false, ""unit_c1"": 2, ""unit_c2"": 4}"
122,46,flops,,,0.01323344,1985016.0,58452.0,,11746.5322,"{""activation"": ""relu"", ""batch_size"": 8, ""data_augmentation"": false, ""dr_f"": 0.430825605953, ""learning_rate"": 0.00042782819, ""new_fc_1"": 18, ""new_fc_10"": 15, ""new_fc_2"": 17, ""new_fc_3"": 9, ""new_fc_4"": 27, ""new_fc_5"": 19, ""new_fc_6"": 24, ""new_fc_7"": 3, ""new_fc_8"": 23, ""new_fc_9"": 5, ""num_neurons"": 4, ""optimizer"": ""Adamax"", ""reg_l2"": true, ""skip_connection"": false, ""unit_c1"": 2, ""unit_c2"": 1}"
123,46,flops,,,4.309349706666667,646402456.0,20708452.0,,11748.4541,"{""activation"": ""relu"", ""batch_size"": 16, ""data_augmentation"": false, ""dr_f"": 0.16442911437, ""learning_rate"": 0.000687455721, ""new_fc_1"": 17, ""new_fc_10"": 6, ""new_fc_2"": 16, ""new_fc_3"": 7, ""new_fc_4"": 6, ""new_fc_5"": 30, ""new_fc_6"": 4, ""new_fc_7"": 24, ""new_fc_8"": 22, ""new_fc_9"": 9, ""num_neurons"": 64, ""optimizer"": ""SGD"", ""reg_l2"": false, ""skip_connection"": true, ""unit_c1"": 2, ""unit_c2"": 3}"
124,47,accuracy,10000000000.0,,8.440951626666667,1266142744.0,13511076.0,10000000000.0,11750.1635,"{""activation"": ""swish"", ""batch_size"": 16, ""data_augmentation"": true, ""dr_f"": 0.068045172387, ""learning_rate"": 0.000846914711, ""new_fc_1"": 3, ""new_fc_10"": 25, ""new_fc_2"": 10, ""new_fc_3"": 6, ""new_fc_4"": 28, ""new_fc_5"": 14, ""new_fc_6"": 12, ""new_fc_7"": 2, ""new_fc_8"": 27, ""new_fc_9"": 14, ""num_neurons"": 64, ""optimizer"": ""Adamax"", ""reg_l2"": true, ""skip_connection"": true, ""unit_c1"": 2, ""unit_c2"": 6}"
125,47,flops,,,5.386537546666666,807980632.0,16993252.0,,11751.9754,"{""activation"": ""swish"", ""batch_size"": 16, ""data_augmentation"": false, ""dr_f"": 0.193271893527, ""learning_rate"": 0.000292189317, ""new_fc_1"": 23, ""new_fc_10"": 10, ""new_fc_2"": 32, ""new_fc_3"": 9, ""new_fc_4"": 14, ""new_fc_5"": 21, ""new_fc_6"": 27, ""new_fc_7"": 14, ""new_fc_8"": 6, ""new_fc_9"": 4, ""num_neurons"": 64, ""optimizer"": ""SGD"", ""reg_l2"": true, ""skip_connection"": true, ""unit_c1"": 3, ""unit_c2"": 1}"
126,47,flops,,,0.026441786666666668,3966268.0,167996.0,,11752.8028,"{""activation"": ""elu"", ""batch_size"": 32, ""data_augmentation"": true, ""dr_f"": 0.212434316829, ""learning_rate"": 0.000578291527, ""new_fc_1"": 15, ""new_fc_10"": 21, ""new_fc_2"": 5, ""new_fc_3"": 25, ""new_fc_4"": 22, ""new_fc_5"": 20, ""new_fc_6"": 30, ""new_fc_7"": 27, ""new_fc_8"": 27, ""new_fc_9"": 9, ""num_neurons"": 4, ""optimizer"": ""Adagrad"", ""reg_l2"": true, ""skip_connection"": false, ""unit_c1"": 1, ""unit_c2"": 6}"
127,47,flops,,,0.05974528,8961792.0,434412.0,,11754.0353,"{""activation"": ""swish"", ""batch_size"": 32, ""data_augmentation"": true, ""dr_f"": 0.472434114069, ""learning_rate"": 0.00038955003, ""new_fc_1"": 30, ""new_fc_10"": 9, ""new_fc_2"": 14, ""new_fc_3"": 12, ""new_fc_4"": 23, ""new_fc_5"": 4, ""new_fc_6"": 12, ""new_fc_7"": 31, ""new_fc_8"": 32, ""new_fc_9"": 8, ""num_neurons"": 8, ""optimizer"": ""Adadelta"", ""reg_l2"": false, ""skip_connection"": false, ""unit_c1"": 2, ""unit_c2"": 2}"
128,47,flops,,,0.1401776,21026640.0,348188.0,,11754.8742,"{""activation"": ""relu"", ""batch_size"": 8, ""data_augmentation"": true, ""dr_f"": 0.294933834528, ""learning_rate"": 0.00097297738, ""new_fc_1"": 6, ""new_fc_10"": 7, ""new_fc_2"": 25, ""new_fc_3"": 3, ""new_fc_4"": 10, ""new_fc_5"": 23, ""new_fc_6"": 11, ""new_fc_7"": 31, ""new_fc_8"": 20, ""new_fc_9"": 31, ""num_neurons"": 8, ""optimizer"": ""Adam"", ""reg_l2"": true, ""skip_connection"": true, ""unit_c1"": 2, ""unit_c2"": 6}"
129,47,flops,,,14.285535306666667,2142830296.0,37430372.0,,11757.3762,"{""activation"": ""elu"", ""batch_size"": 64, ""data_augmentation"": true, ""dr_f"": 0.188144492394, ""learning_rate"": 0.000358294382, ""new_fc_1"": 17, ""new_fc_10"": 8, ""new_fc_2"": 8, ""new_fc_3"": 16, ""new_fc_4"": 25, ""new_fc_5"": 16, ""new_fc_6"": 16, ""new_fc_7"": 27, ""new_fc_8"": 30, ""new_fc_9"": 15, ""num_neurons"": 64, ""optimizer"": ""Adam"", ""reg_l2"": true, ""skip_connection"": false, ""unit_c1"": 4, ""unit_c2"": 5}"
130,48,accuracy,10000000000.0,,5.386537546666666,807980632.0,16993252.0,10000000000.0,11758.8547,"{""activation"": ""swish"", ""batch_size"": 16, ""data_augmentation"": false, ""dr_f"": 0.193271893527, ""learning_rate"": 0.000292189317, ""new_fc_1"": 23, ""new_fc_10"": 10, ""new_fc_2"": 32, ""new_fc_3"": 9, ""new_fc_4"": 14, ""new_fc_5"": 21, ""new_fc_6"": 27, ""new_fc_7"": 14, ""new_fc_8"": 6, ""new_fc_9"": 4, ""num_neurons"": 64, ""optimizer"": ""SGD"", ""reg_l2"": true, ""skip_connection"": true, ""unit_c1"": 3, ""unit_c2"": 1}"
131,48,flops,,,0.14452912,21679368.0,409996.0,,11759.6911,"{""activation"": ""relu"", ""batch_size"": 32, ""data_augmentation"": false, ""dr_f"": 0.476870636846, ""learning_rate"": 0.000549844787, ""new_fc_1"": 17, ""new_fc_10"": 2, ""new_fc_2"": 13, ""new_fc_3"": 5, ""new_fc_4"": 8, ""new_fc_5"": 14, ""new_fc_6"": 27, ""new_fc_7"": 20, ""new_fc_8"": 6, ""new_fc_9"": 22, ""num_neurons"": 8, ""optimizer"": ""Adagrad"", ""reg_l2"": false, ""skip_connection"": true, ""unit_c1"": 3, ""unit_c2"": 4}"
132,48,flops,,,9.845919733333334,1476887960.0,21851876.0,,11761.3001,"{""activation"": ""elu"", ""batch_size"": 64, ""data_augmentation"": false, ""dr_f"": 0.165314563465, ""learning_rate"": 0.00068519315, ""new_fc_1"": 6, ""new_fc_10"": 32, ""new_fc_2"": 4, ""new_fc_3"": 13, ""new_fc_4"": 13, ""new_fc_5"": 11, ""new_fc_6"": 5, ""new_fc_7"": 32, ""new_fc_8"": 10, ""new_fc_9"": 15, ""num_neurons"": 64, ""optimizer"": ""Adadelta"", ""reg_l2"": true, ""skip_connection"": false, ""unit_c1"": 1, ""unit_c2"": 8}"
133,49,accuracy,10000000000.0,,18.082934773333335,2712440216.0,21374500.0,10000000000.0,11764.1947,"{""activation"": ""selu"", ""batch_size"": 8, ""data_augmentation"": true, ""dr_f"": 0.08762793181, ""learning_rate"": 0.000647430039, ""new_fc_1"": 6, ""new_fc_10"": 6, ""new_fc_2"": 5, ""new_fc_3"": 20, ""new_fc_4"": 20, ""new_fc_5"": 3, ""new_fc_6"": 24, ""new_fc_7"": 32, ""new_fc_8"": 7, ""new_fc_9"": 2, ""num_neurons"": 64, ""optimizer"": ""Adamax"", ""reg_l2"": false, ""skip_connection"": false, ""unit_c1"": 4, ""unit_c2"": 7}"
134,49,flops,,,0.06014042666666667,9021064.0,506628.0,,11765.5967,"{""activation"": ""selu"", ""batch_size"": 32, ""data_augmentation"": false, ""dr_f"": 0.287821910194, ""learning_rate"": 0.000967010039, ""new_fc_1"": 7, ""new_fc_10"": 10, ""new_fc_2"": 30, ""new_fc_3"": 24, ""new_fc_4"": 2, ""new_fc_5"": 2, ""new_fc_6"": 7, ""new_fc_7"": 8, ""new_fc_8"": 13, ""new_fc_9"": 12, ""num_neurons"": 16, ""optimizer"": ""Adamax"", ""reg_l2"": false, ""skip_connection"": false, ""unit_c1"": 1, ""unit_c2"": 1}"
135,49,flops,,,0.6873472533333334,103102088.0,4134932.0,,11766.6258,"{""activation"": ""elu"", ""batch_size"": 8, ""data_augmentation"": true, ""dr_f"": 0.040434600868, ""learning_rate"": 0.000781761096, ""new_fc_1"": 27, ""new_fc_10"": 24, ""new_fc_2"": 20, ""new_fc_3"": 14, ""new_fc_4"": 10, ""new_fc_5"": 15, ""new_fc_6"": 29, ""new_fc_7"": 30, ""new_fc_8"": 13, ""new_fc_9"": 13, ""num_neurons"": 16, ""optimizer"": ""Adamax"", ""reg_l2"": false, ""skip_connection"": false, ""unit_c1"": 2, ""unit_c2"": 7}"
136,49,flops,,,0.3019672,45295080.0,353692.0,,11767.607,"{""activation"": ""selu"", ""batch_size"": 64, ""data_augmentation"": false, ""dr_f"": 0.488563479405, ""learning_rate"": 0.000585538536, ""new_fc_1"": 5, ""new_fc_10"": 17, ""new_fc_2"": 28, ""new_fc_3"": 6, ""new_fc_4"": 9, ""new_fc_5"": 32, ""new_fc_6"": 10, ""new_fc_7"": 20, ""new_fc_8"": 27, ""new_fc_9"": 0, ""num_neurons"": 8, ""optimizer"": ""Adagrad"", ""reg_l2"": true, ""skip_connection"": true, ""unit_c1"": 4, ""unit_c2"": 7}"
137,49,flops,,,2.4962429333333334,374436440.0,4115684.0,,11768.7579,"{""activation"": ""swish"", ""batch_size"": 8, ""data_augmentation"": true, ""dr_f"": 0.159074864489, ""learning_rate"": 0.00015086694, ""new_fc_1"": 7, ""new_fc_10"": 25, ""new_fc_2"": 5, ""new_fc_3"": 9, ""new_fc_4"": 32, ""new_fc_5"": 26, ""new_fc_6"": 20, ""new_fc_7"": 24, ""new_fc_8"": 12, ""new_fc_9"": 8, ""num_neurons"": 32, ""optimizer"": ""SGD"", ""reg_l2"": false, ""skip_connection"": false, ""unit_c1"": 4, ""unit_c2"": 2}"
138,49,flops,,,0.21648933333333334,32473400.0,1639700.0,,11769.6819,"{""activation"": ""elu"", ""batch_size"": 16, ""data_augmentation"": true, ""dr_f"": 0.487967074908, ""learning_rate"": 0.000293624818, ""new_fc_1"": 10, ""new_fc_10"": 22, ""new_fc_2"": 1, ""new_fc_3"": 15, ""new_fc_4"": 31, ""new_fc_5"": 12, ""new_fc_6"": 25, ""new_fc_7"": 21, ""new_fc_8"": 31, ""new_fc_9"": 22, ""num_neurons"": 16, ""optimizer"": ""Adamax"", ""reg_l2"": false, ""skip_connection"": false, ""unit_c1"": 1, ""unit_c2"": 4}"
139,50,accuracy,0.9908999996259809,0.009100000374019146,0.2369,35535000.0,2759156.0,-0.23530000026181339,11974.7091,"{""activation"": ""swish"", ""batch_size"": 64, ""data_augmentation"": false, ""dr_f"": 0.091323808753, ""learning_rate"": 0.000235801065, ""new_fc_1"": 31, ""new_fc_10"": 8, ""new_fc_2"": 27, ""new_fc_3"": 10, ""new_fc_4"": 31, ""new_fc_5"": 6, ""new_fc_6"": 15, ""new_fc_7"": 15, ""new_fc_8"": 29, ""new_fc_9"": 0, ""num_neurons"": 16, ""optimizer"": ""SGD"", ""reg_l2"": true, ""skip_connection"": true, ""unit_c1"": 1, ""unit_c2"": 4}"
140,51,accuracy,0.8287000060081482,0.1712999939918518,0.55935056,83902584.0,2415940.0,-0.2521048277942962,867.138,"{""activation"": ""elu"", ""batch_size"": 32, ""data_augmentation"": true, ""dr_f"": 0.151788069328, ""learning_rate"": 0.000773020512, ""new_fc_1"": 1, ""new_fc_10"": 13, ""new_fc_2"": 4, ""new_fc_3"": 18, ""new_fc_4"": 14, ""new_fc_5"": 29, ""new_fc_6"": 18, ""new_fc_7"": 11, ""new_fc_8"": 10, ""new_fc_9"": 19, ""num_neurons"": 32, ""optimizer"": ""Adadelta"", ""reg_l2"": false, ""skip_connection"": true, ""unit_c1"": 1, ""unit_c2"": 3}"
141,51,flops,,,0.23897616,35846424.0,2983412.0,,868.3747,"{""activation"": ""elu"", ""batch_size"": 64, ""data_augmentation"": true, ""dr_f"": 0.249334401095, ""learning_rate"": 0.000630207918, ""new_fc_1"": 29, ""new_fc_10"": 20, ""new_fc_2"": 30, ""new_fc_3"": 26, ""new_fc_4"": 32, ""new_fc_5"": 16, ""new_fc_6"": 26, ""new_fc_7"": 6, ""new_fc_8"": 10, ""new_fc_9"": 9, ""num_neurons"": 16, ""optimizer"": ""SGD"", ""reg_l2"": false, ""skip_connection"": true, ""unit_c1"": 1, ""unit_c2"": 4}"
142,52,accuracy,10000000000.0,,18.51788133333333,2777682200.0,53997988.0,10000000000.0,872.5236,"{""activation"": ""relu"", ""batch_size"": 32, ""data_augmentation"": false, ""dr_f"": 0.20119622764, ""learning_rate"": 0.000877024974, ""new_fc_1"": 20, ""new_fc_10"": 30, ""new_fc_2"": 22, ""new_fc_3"": 2, ""new_fc_4"": 27, ""new_fc_5"": 10, ""new_fc_6"": 20, ""new_fc_7"": 25, ""new_fc_8"": 26, ""new_fc_9"": 21, ""num_neurons"": 64, ""optimizer"": ""SGD"", ""reg_l2"": false, ""skip_connection"": false, ""unit_c1"": 4, ""unit_c2"": 7}"
143,53,accuracy,0.9900000002235174,0.009999999776482582,0.050210986666666665,7531648.0,98312.0,-0.2919367038435378,1257.8263,"{""activation"": ""elu"", ""batch_size"": 16, ""data_augmentation"": true, ""dr_f"": 0.347864756166, ""learning_rate"": 0.000912770111, ""new_fc_1"": 3, ""new_fc_10"": 32, ""new_fc_2"": 24, ""new_fc_3"": 25, ""new_fc_4"": 18, ""new_fc_5"": 24, ""new_fc_6"": 26, ""new_fc_7"": 15, ""new_fc_8"": 24, ""new_fc_9"": 11, ""num_neurons"": 4, ""optimizer"": ""Adam"", ""reg_l2"": true, ""skip_connection"": false, ""unit_c1"": 3, ""unit_c2"": 6}"
144,53,flops,,,0.57895952,86843928.0,759940.0,,1258.7671,"{""activation"": ""swish"", ""batch_size"": 64, ""data_augmentation"": false, ""dr_f"": 0.292742562456, ""learning_rate"": 0.000268317438, ""new_fc_1"": 21, ""new_fc_10"": 18, ""new_fc_2"": 6, ""new_fc_3"": 17, ""new_fc_4"": 13, ""new_fc_5"": 8, ""new_fc_6"": 8, ""new_fc_7"": 15, ""new_fc_8"": 6, ""new_fc_9"": 20, ""num_neurons"": 16, ""optimizer"": ""Adamax"", ""reg_l2"": true, ""skip_connection"": false, ""unit_c1"": 4, ""unit_c2"": 1}"
145,53,flops,,,10.22808208,1534212312.0,29437284.0,,1261.0721,"{""activation"": ""relu"", ""batch_size"": 8, ""data_augmentation"": true, ""dr_f"": 0.433441971275, ""learning_rate"": 0.000130281923, ""new_fc_1"": 13, ""new_fc_10"": 6, ""new_fc_2"": 25, ""new_fc_3"": 29, ""new_fc_4"": 9, ""new_fc_5"": 30, ""new_fc_6"": 2, ""new_fc_7"": 9, ""new_fc_8"": 28, ""new_fc_9"": 19, ""num_neurons"": 64, ""optimizer"": ""Adagrad"", ""reg_l2"": false, ""skip_connection"": true, ""unit_c1"": 3, ""unit_c2"": 5}"
146,53,flops,,,0.025752026666666667,3862804.0,152232.0,,1262.0654,"{""activation"": ""selu"", ""batch_size"": 8, ""data_augmentation"": true, ""dr_f"": 0.311402415329, ""learning_rate"": 0.000607250468, ""new_fc_1"": 21, ""new_fc_10"": 22, ""new_fc_2"": 29, ""new_fc_3"": 24, ""new_fc_4"": 22, ""new_fc_5"": 24, ""new_fc_6"": 6, ""new_fc_7"": 3, ""new_fc_8"": 10, ""new_fc_9"": 22, ""num_neurons"": 4, ""optimizer"": ""Adadelta"", ""reg_l2"": true, ""skip_connection"": true, ""unit_c1"": 2, ""unit_c2"": 4}"
147,53,flops,,,6.24611856,936917784.0,22321252.0,,1263.8852,"{""activation"": ""elu"", ""batch_size"": 32, ""data_augmentation"": false, ""dr_f"": 0.061336532304, ""learning_rate"": 0.000571715009, ""new_fc_1"": 26, ""new_fc_10"": 3, ""new_fc_2"": 15, ""new_fc_3"": 4, ""new_fc_4"": 17, ""new_fc_5"": 10, ""new_fc_6"": 24, ""new_fc_7"": 24, ""new_fc_8"": 0, ""new_fc_9"": 16, ""num_neurons"": 64, ""optimizer"": ""Adam"", ""reg_l2"": true, ""skip_connection"": true, ""unit_c1"": 3, ""unit_c2"": 2}"
148,54,accuracy,0.9868000000715256,0.013199999928474426,0.020049253333333333,3007388.0,126024.0,-0.30322522394993207,1468.8765,"{""activation"": ""elu"", ""batch_size"": 64, ""data_augmentation"": true, ""dr_f"": 0.094848861884, ""learning_rate"": 0.0003473344, ""new_fc_1"": 18, ""new_fc_10"": 17, ""new_fc_2"": 24, ""new_fc_3"": 29, ""new_fc_4"": 14, ""new_fc_5"": 9, ""new_fc_6"": 22, ""new_fc_7"": 18, ""new_fc_8"": 24, ""new_fc_9"": 26, ""num_neurons"": 4, ""optimizer"": ""Adadelta"", ""reg_l2"": true, ""skip_connection"": false, ""unit_c1"": 2, ""unit_c2"": 3}"
149,54,flops,,,1.6000031466666667,240000472.0,6851332.0,,1470.1095,"{""activation"": ""elu"", ""batch_size"": 32, ""data_augmentation"": false, ""dr_f"": 0.462528653413, ""learning_rate"": 0.000544020904, ""new_fc_1"": 25, ""new_fc_10"": 20, ""new_fc_2"": 20, ""new_fc_3"": 26, ""new_fc_4"": 14, ""new_fc_5"": 31, ""new_fc_6"": 19, ""new_fc_7"": 0, ""new_fc_8"": 7, ""new_fc_9"": 26, ""num_neurons"": 32, ""optimizer"": ""Adadelta"", ""reg_l2"": true, ""skip_connection"": true, ""unit_c1"": 3, ""unit_c2"": 2}"
150,54,flops,,,4.16141712,624212568.0,16452452.0,,1471.6529,"{""activation"": ""relu"", ""batch_size"": 8, ""data_augmentation"": true, ""dr_f"": 0.414436135601, ""learning_rate"": 0.000103989928, ""new_fc_1"": 12, ""new_fc_10"": 5, ""new_fc_2"": 17, ""new_fc_3"": 0, ""new_fc_4"": 7, ""new_fc_5"": 25, ""new_fc_6"": 20, ""new_fc_7"": 13, ""new_fc_8"": 8, ""new_fc_9"": 13, ""num_neurons"": 64, ""optimizer"": ""SGD"", ""reg_l2"": true, ""skip_connection"": false, ""unit_c1"": 2, ""unit_c2"": 3}"
151,54,flops,,,17.024386293333333,2553657944.0,77754660.0,,1475.8362,"{""activation"": ""swish"", ""batch_size"": 16, ""data_augmentation"": true, ""dr_f"": 0.401887028166, ""learning_rate"": 0.00030200507, ""new_fc_1"": 28, ""new_fc_10"": 30, ""new_fc_2"": 26, ""new_fc_3"": 31, ""new_fc_4"": 27, ""new_fc_5"": 2, ""new_fc_6"": 7, ""new_fc_7"": 27, ""new_fc_8"": 17, ""new_fc_9"": 13, ""num_neurons"": 64, ""optimizer"": ""Adam"", ""reg_l2"": true, ""skip_connection"": true, ""unit_c1"": 3, ""unit_c2"": 8}"
152,55,accuracy,0.9902999997138977,0.009700000286102295,0.17250389333333332,25875584.0,691612.0,-0.25503883220027157,2282.0978,"{""activation"": ""relu"", ""batch_size"": 8, ""data_augmentation"": false, ""dr_f"": 0.164217860053, ""learning_rate"": 0.000658026074, ""new_fc_1"": 24, ""new_fc_10"": 14, ""new_fc_2"": 20, ""new_fc_3"": 1, ""new_fc_4"": 25, ""new_fc_5"": 21, ""new_fc_6"": 26, ""new_fc_7"": 24, ""new_fc_8"": 9, ""new_fc_9"": 1, ""num_neurons"": 8, ""optimizer"": ""SGD"", ""reg_l2"": true, ""skip_connection"": true, ""unit_c1"": 3, ""unit_c2"": 5}"
153,55,flops,,,0.04438618666666667,6657928.0,141448.0,,2283.4405,"{""activation"": ""swish"", ""batch_size"": 16, ""data_augmentation"": true, ""dr_f"": 0.235965176573, ""learning_rate"": 0.000377368712, ""new_fc_1"": 15, ""new_fc_10"": 30, ""new_fc_2"": 32, ""new_fc_3"": 13, ""new_fc_4"": 11, ""new_fc_5"": 30, ""new_fc_6"": 5, ""new_fc_7"": 29, ""new_fc_8"": 8, ""new_fc_9"": 23, ""num_neurons"": 4, ""optimizer"": ""Adam"", ""reg_l2"": true, ""skip_connection"": false, ""unit_c1"": 3, ""unit_c2"": 5}"
154,55,flops,,,0.042401306666666666,6360196.0,53348.0,,2284.3917,"{""activation"": ""swish"", ""batch_size"": 64, ""data_augmentation"": true, ""dr_f"": 0.151999781044, ""learning_rate"": 0.000559536978, ""new_fc_1"": 3, ""new_fc_10"": 12, ""new_fc_2"": 18, ""new_fc_3"": 15, ""new_fc_4"": 25, ""new_fc_5"": 23, ""new_fc_6"": 11, ""new_fc_7"": 22, ""new_fc_8"": 26, ""new_fc_9"": 6, ""num_neurons"": 4, ""optimizer"": ""Adadelta"", ""reg_l2"": true, ""skip_connection"": true, ""unit_c1"": 4, ""unit_c2"": 1}"
155,55,flops,,,5.385768266666667,807865240.0,17372452.0,,2286.144,"{""activation"": ""selu"", ""batch_size"": 64, ""data_augmentation"": false, ""dr_f"": 0.433718848039, ""learning_rate"": 0.000565631772, ""new_fc_1"": 26, ""new_fc_10"": 30, ""new_fc_2"": 8, ""new_fc_3"": 22, ""new_fc_4"": 15, ""new_fc_5"": 17, ""new_fc_6"": 27, ""new_fc_7"": 10, ""new_fc_8"": 12, ""new_fc_9"": 14, ""num_neurons"": 64, ""optimizer"": ""Adamax"", ""reg_l2"": true, ""skip_connection"": true, ""unit_c1"": 3, ""unit_c2"": 1}"
156,56,accuracy,0.9900000002235174,0.009999999776482582,0.16419594666666668,24629392.0,350836.0,-0.2577412158435378,2551.1147,"{""activation"": ""swish"", ""batch_size"": 32, ""data_augmentation"": false, ""dr_f"": 0.396692915418, ""learning_rate"": 0.000417595003, ""new_fc_1"": 9, ""new_fc_10"": 11, ""new_fc_2"": 32, ""new_fc_3"": 7, ""new_fc_4"": 2, ""new_fc_5"": 0, ""new_fc_6"": 22, ""new_fc_7"": 29, ""new_fc_8"": 8, ""new_fc_9"": 29, ""num_neurons"": 8, ""optimizer"": ""Adam"", ""reg_l2"": true, ""skip_connection"": false, ""unit_c1"": 3, ""unit_c2"": 5}"
157,56,flops,,,12.695452746666666,1904317912.0,27997796.0,,2553.308,"{""activation"": ""elu"", ""batch_size"": 32, ""data_augmentation"": true, ""dr_f"": 0.168622037873, ""learning_rate"": 0.000810398889, ""new_fc_1"": 6, ""new_fc_10"": 4, ""new_fc_2"": 29, ""new_fc_3"": 5, ""new_fc_4"": 18, ""new_fc_5"": 24, ""new_fc_6"": 17, ""new_fc_7"": 32, ""new_fc_8"": 24, ""new_fc_9"": 15, ""num_neurons"": 64, ""optimizer"": ""Adam"", ""reg_l2"": true, ""skip_connection"": true, ""unit_c1"": 2, ""unit_c2"": 8}"
158,56,flops,,,0.1461944,21929160.0,800116.0,,2554.2597,"{""activation"": ""elu"", ""batch_size"": 64, ""data_augmentation"": true, ""dr_f"": 0.094896026745, ""learning_rate"": 0.000117673396, ""new_fc_1"": 3, ""new_fc_10"": 32, ""new_fc_2"": 30, ""new_fc_3"": 18, ""new_fc_4"": 21, ""new_fc_5"": 7, ""new_fc_6"": 31, ""new_fc_7"": 0, ""new_fc_8"": 22, ""new_fc_9"": 3, ""num_neurons"": 16, ""optimizer"": ""Adam"", ""reg_l2"": true, ""skip_connection"": true, ""unit_c1"": 1, ""unit_c2"": 3}"
159,57,accuracy,0.9912000000476837,0.008799999952316284,0.05599805333333333,8399708.0,195464.0,-0.2893605839666214,2939.071,"{""activation"": ""relu"", ""batch_size"": 16, ""data_augmentation"": false, ""dr_f"": 0.388825444709, ""learning_rate"": 0.000658329832, ""new_fc_1"": 27, ""new_fc_10"": 16, ""new_fc_2"": 32, ""new_fc_3"": 32, ""new_fc_4"": 27, ""new_fc_5"": 21, ""new_fc_6"": 1, ""new_fc_7"": 29, ""new_fc_8"": 25, ""new_fc_9"": 7, ""num_neurons"": 4, ""optimizer"": ""SGD"", ""reg_l2"": true, ""skip_connection"": false, ""unit_c1"": 4, ""unit_c2"": 4}"
160,58,accuracy,0.9900000002235174,0.009999999776482582,0.04438618666666667,6657928.0,141448.0,-0.2936841438435378,3384.5634,"{""activation"": ""swish"", ""batch_size"": 16, ""data_augmentation"": true, ""dr_f"": 0.235965176573, ""learning_rate"": 0.000377368712, ""new_fc_1"": 15, ""new_fc_10"": 30, ""new_fc_2"": 32, ""new_fc_3"": 13, ""new_fc_4"": 11, ""new_fc_5"": 30, ""new_fc_6"": 5, ""new_fc_7"": 29, ""new_fc_8"": 8, ""new_fc_9"": 23, ""num_neurons"": 4, ""optimizer"": ""Adam"", ""reg_l2"": true, ""skip_connection"": false, ""unit_c1"": 3, ""unit_c2"": 5}"
161,59,accuracy,0.9903999995440245,0.009600000455975533,0.025752026666666667,3862804.0,152232.0,-0.29899439231918284,4189.5793,"{""activation"": ""selu"", ""batch_size"": 8, ""data_augmentation"": true, ""dr_f"": 0.311402415329, ""learning_rate"": 0.000607250468, ""new_fc_1"": 21, ""new_fc_10"": 22, ""new_fc_2"": 29, ""new_fc_3"": 24, ""new_fc_4"": 22, ""new_fc_5"": 24, ""new_fc_6"": 6, ""new_fc_7"": 3, ""new_fc_8"": 10, ""new_fc_9"": 22, ""num_neurons"": 4, ""optimizer"": ""Adadelta"", ""reg_l2"": true, ""skip_connection"": true, ""unit_c1"": 2, ""unit_c2"": 4}"
162,60,accuracy,10000000000.0,,2.4962429333333334,374436440.0,4115684.0,10000000000.0,4190.8688,"{""activation"": ""swish"", ""batch_size"": 8, ""data_augmentation"": true, ""dr_f"": 0.159074864489, ""learning_rate"": 0.00015086694, ""new_fc_1"": 7, ""new_fc_10"": 25, ""new_fc_2"": 5, ""new_fc_3"": 9, ""new_fc_4"": 32, ""new_fc_5"": 26, ""new_fc_6"": 20, ""new_fc_7"": 24, ""new_fc_8"": 12, ""new_fc_9"": 8, ""num_neurons"": 32, ""optimizer"": ""SGD"", ""reg_l2"": false, ""skip_connection"": false, ""unit_c1"": 4, ""unit_c2"": 2}"
163,60,flops,,,2.5602386666666668,384035800.0,6586916.0,,4192.1561,"{""activation"": ""elu"", ""batch_size"": 32, ""data_augmentation"": false, ""dr_f"": 0.135629129747, ""learning_rate"": 0.000465237955, ""new_fc_1"": 26, ""new_fc_10"": 26, ""new_fc_2"": 5, ""new_fc_3"": 7, ""new_fc_4"": 26, ""new_fc_5"": 9, ""new_fc_6"": 26, ""new_fc_7"": 27, ""new_fc_8"": 12, ""new_fc_9"": 24, ""num_neurons"": 32, ""optimizer"": ""SGD"", ""reg_l2"": true, ""skip_connection"": true, ""unit_c1"": 4, ""unit_c2"": 2}"
164,61,accuracy,0.9900000002235174,0.009999999776482582,0.166012,24901800.0,2226292.0,-0.2571963998435378,5117.79,"{""activation"": ""swish"", ""batch_size"": 8, ""data_augmentation"": false, ""dr_f"": 0.491347734207, ""learning_rate"": 0.000154475578, ""new_fc_1"": 31, ""new_fc_10"": 24, ""new_fc_2"": 15, ""new_fc_3"": 1, ""new_fc_4"": 25, ""new_fc_5"": 15, ""new_fc_6"": 18, ""new_fc_7"": 27, ""new_fc_8"": 22, ""new_fc_9"": 5, ""num_neurons"": 16, ""optimizer"": ""Adamax"", ""reg_l2"": true, ""skip_connection"": true, ""unit_c1"": 1, ""unit_c2"": 3}"
165,62,accuracy,0.941100001335144,0.05889999866485596,0.6723340266666666,100850104.0,4632276.0,-0.13952979106539917,5803.9012,"{""activation"": ""elu"", ""batch_size"": 32, ""data_augmentation"": true, ""dr_f"": 0.147837590323, ""learning_rate"": 0.000497342531, ""new_fc_1"": 27, ""new_fc_10"": 14, ""new_fc_2"": 11, ""new_fc_3"": 17, ""new_fc_4"": 2, ""new_fc_5"": 32, ""new_fc_6"": 31, ""new_fc_7"": 24, ""new_fc_8"": 24, ""new_fc_9"": 16, ""num_neurons"": 16, ""optimizer"": ""SGD"", ""reg_l2"": true, ""skip_connection"": true, ""unit_c1"": 1, ""unit_c2"": 8}"
166,62,flops,,,0.016014266666666666,2402140.0,196828.0,,5805.3599,"{""activation"": ""elu"", ""batch_size"": 16, ""data_augmentation"": false, ""dr_f"": 0.477419616977, ""learning_rate"": 0.00014231057, ""new_fc_1"": 31, ""new_fc_10"": 31, ""new_fc_2"": 15, ""new_fc_3"": 17, ""new_fc_4"": 10, ""new_fc_5"": 7, ""new_fc_6"": 16, ""new_fc_7"": 32, ""new_fc_8"": 25, ""new_fc_9"": 17, ""num_neurons"": 4, ""optimizer"": ""Adadelta"", ""reg_l2"": true, ""skip_connection"": false, ""unit_c1"": 1, ""unit_c2"": 4}"
167,63,accuracy,0.9818999990820885,0.01810000091791153,0.16920634666666667,25380952.0,592644.0,-0.26190809664253806,6011.3448,"{""activation"": ""elu"", ""batch_size"": 64, ""data_augmentation"": true, ""dr_f"": 0.081077061322, ""learning_rate"": 0.000331007106, ""new_fc_1"": 13, ""new_fc_10"": 27, ""new_fc_2"": 16, ""new_fc_3"": 15, ""new_fc_4"": 14, ""new_fc_5"": 22, ""new_fc_6"": 23, ""new_fc_7"": 11, ""new_fc_8"": 10, ""new_fc_9"": 17, ""num_neurons"": 8, ""optimizer"": ""Adadelta"", ""reg_l2"": true, ""skip_connection"": false, ""unit_c1"": 2, ""unit_c2"": 7}"
168,64,accuracy,10000000000.0,,10.69975184,1604962776.0,40255396.0,10000000000.0,6013.9611,"{""activation"": ""selu"", ""batch_size"": 16, ""data_augmentation"": true, ""dr_f"": 0.204450283705, ""learning_rate"": 0.000868043125, ""new_fc_1"": 15, ""new_fc_10"": 30, ""new_fc_2"": 23, ""new_fc_3"": 14, ""new_fc_4"": 6, ""new_fc_5"": 6, ""new_fc_6"": 27, ""new_fc_7"": 7, ""new_fc_8"": 26, ""new_fc_9"": 20, ""num_neurons"": 64, ""optimizer"": ""Adam"", ""reg_l2"": false, ""skip_connection"": true, ""unit_c1"": 2, ""unit_c2"": 7}"
169,64,flops,,,3.532596,529889400.0,12705700.0,,6015.4977,"{""activation"": ""relu"", ""batch_size"": 64, ""data_augmentation"": true, ""dr_f"": 0.136069293801, ""learning_rate"": 0.000275539164, ""new_fc_1"": 20, ""new_fc_10"": 31, ""new_fc_2"": 4, ""new_fc_3"": 32, ""new_fc_4"": 19, ""new_fc_5"": 27, ""new_fc_6"": 24, ""new_fc_7"": 12, ""new_fc_8"": 10, ""new_fc_9"": 6, ""num_neurons"": 32, ""optimizer"": ""Adagrad"", ""reg_l2"": false, ""skip_connection"": false, ""unit_c1"": 3, ""unit_c2"": 7}"
170,65,accuracy,0.9670000001788139,0.032999999821186066,0.71795632,107693448.0,1913844.0,-0.10771310387483025,6880.863,"{""activation"": ""selu"", ""batch_size"": 8, ""data_augmentation"": true, ""dr_f"": 0.370577334887, ""learning_rate"": 0.000738517517, ""new_fc_1"": 25, ""new_fc_10"": 29, ""new_fc_2"": 16, ""new_fc_3"": 9, ""new_fc_4"": 23, ""new_fc_5"": 3, ""new_fc_6"": 22, ""new_fc_7"": 9, ""new_fc_8"": 4, ""new_fc_9"": 31, ""num_neurons"": 16, ""optimizer"": ""Adamax"", ""reg_l2"": true, ""skip_connection"": false, ""unit_c1"": 4, ""unit_c2"": 3}"
171,66,accuracy,0.9890000000596046,0.010999999940395355,0.026441786666666668,3966268.0,167996.0,-0.29976746395827675,7085.555,"{""activation"": ""elu"", ""batch_size"": 32, ""data_augmentation"": true, ""dr_f"": 0.212434316829, ""learning_rate"": 0.000578291527, ""new_fc_1"": 15, ""new_fc_10"": 21, ""new_fc_2"": 5, ""new_fc_3"": 25, ""new_fc_4"": 22, ""new_fc_5"": 20, ""new_fc_6"": 30, ""new_fc_7"": 27, ""new_fc_8"": 27, ""new_fc_9"": 9, ""num_neurons"": 4, ""optimizer"": ""Adagrad"", ""reg_l2"": true, ""skip_connection"": false, ""unit_c1"": 1, ""unit_c2"": 6}"
172,66,flops,,,3.68345936,552518904.0,17769796.0,,7087.2291,"{""activation"": ""swish"", ""batch_size"": 16, ""data_augmentation"": false, ""dr_f"": 0.088780978599, ""learning_rate"": 0.000557086359, ""new_fc_1"": 31, ""new_fc_10"": 22, ""new_fc_2"": 15, ""new_fc_3"": 5, ""new_fc_4"": 23, ""new_fc_5"": 6, ""new_fc_6"": 16, ""new_fc_7"": 9, ""new_fc_8"": 30, ""new_fc_9"": 26, ""num_neurons"": 32, ""optimizer"": ""Adadelta"", ""reg_l2"": true, ""skip_connection"": true, ""unit_c1"": 3, ""unit_c2"": 7}"
173,66,flops,,,0.019103733333333334,2865560.0,292188.0,,7088.4076,"{""activation"": ""swish"", ""batch_size"": 64, ""data_augmentation"": false, ""dr_f"": 0.39941093385, ""learning_rate"": 0.00096751956, ""new_fc_1"": 31, ""new_fc_10"": 18, ""new_fc_2"": 26, ""new_fc_3"": 14, ""new_fc_4"": 5, ""new_fc_5"": 3, ""new_fc_6"": 7, ""new_fc_7"": 1, ""new_fc_8"": 22, ""new_fc_9"": 25, ""num_neurons"": 8, ""optimizer"": ""Adamax"", ""reg_l2"": true, ""skip_connection"": false, ""unit_c1"": 1, ""unit_c2"": 1}"
174,66,flops,,,0.29339824,44009736.0,2279108.0,,7089.4588,"{""activation"": ""selu"", ""batch_size"": 64, ""data_augmentation"": true, ""dr_f"": 0.271600019192, ""learning_rate"": 0.000766538826, ""new_fc_1"": 31, ""new_fc_10"": 4, ""new_fc_2"": 29, ""new_fc_3"": 32, ""new_fc_4"": 2, ""new_fc_5"": 3, ""new_fc_6"": 32, ""new_fc_7"": 15, ""new_fc_8"": 6, ""new_fc_9"": 17, ""num_neurons"": 16, ""optimizer"": ""SGD"", ""reg_l2"": true, ""skip_connection"": true, ""unit_c1"": 2, ""unit_c2"": 3}"
175,66,flops,,,0.09830693333333333,14746040.0,220732.0,,7090.4157,"{""activation"": ""relu"", ""batch_size"": 8, ""data_augmentation"": false, ""dr_f"": 0.038607298042, ""learning_rate"": 0.000585033387, ""new_fc_1"": 2, ""new_fc_10"": 5, ""new_fc_2"": 20, ""new_fc_3"": 12, ""new_fc_4"": 11, ""new_fc_5"": 30, ""new_fc_6"": 22, ""new_fc_7"": 9, ""new_fc_8"": 18, ""new_fc_9"": 19, ""num_neurons"": 8, ""optimizer"": ""SGD"", ""reg_l2"": true, ""skip_connection"": true, ""unit_c1"": 1, ""unit_c2"": 6}"
176,67,accuracy,0.9888000003993511,0.01119999960064888,0.26718432,40077648.0,847132.0,-0.22768470372045424,7355.5818,"{""activation"": ""selu"", ""batch_size"": 32, ""data_augmentation"": true, ""dr_f"": 0.458108861955, ""learning_rate"": 0.000394031121, ""new_fc_1"": 28, ""new_fc_10"": 4, ""new_fc_2"": 20, ""new_fc_3"": 11, ""new_fc_4"": 7, ""new_fc_5"": 11, ""new_fc_6"": 30, ""new_fc_7"": 8, ""new_fc_8"": 5, ""new_fc_9"": 19, ""num_neurons"": 8, ""optimizer"": ""Adagrad"", ""reg_l2"": true, ""skip_connection"": false, ""unit_c1"": 4, ""unit_c2"": 6}"
177,67,flops,,,0.05906090666666667,8859136.0,425436.0,,7356.4948,"{""activation"": ""elu"", ""batch_size"": 32, ""data_augmentation"": true, ""dr_f"": 0.123060679087, ""learning_rate"": 0.000337471255, ""new_fc_1"": 32, ""new_fc_10"": 11, ""new_fc_2"": 25, ""new_fc_3"": 26, ""new_fc_4"": 2, ""new_fc_5"": 32, ""new_fc_6"": 8, ""new_fc_7"": 14, ""new_fc_8"": 22, ""new_fc_9"": 1, ""num_neurons"": 8, ""optimizer"": ""Adadelta"", ""reg_l2"": false, ""skip_connection"": false, ""unit_c1"": 2, ""unit_c2"": 2}"
178,67,flops,,,0.35542,53313000.0,1183412.0,,7357.6307,"{""activation"": ""swish"", ""batch_size"": 16, ""data_augmentation"": false, ""dr_f"": 0.037220061466, ""learning_rate"": 0.000760542652, ""new_fc_1"": 25, ""new_fc_10"": 29, ""new_fc_2"": 16, ""new_fc_3"": 29, ""new_fc_4"": 10, ""new_fc_5"": 1, ""new_fc_6"": 24, ""new_fc_7"": 30, ""new_fc_8"": 16, ""new_fc_9"": 7, ""num_neurons"": 16, ""optimizer"": ""Adam"", ""reg_l2"": false, ""skip_connection"": true, ""unit_c1"": 3, ""unit_c2"": 1}"
179,68,accuracy,0.9900000002235174,0.009999999776482582,0.16920784,25381176.0,726700.0,-0.2562376478435378,7563.6415,"{""activation"": ""swish"", ""batch_size"": 64, ""data_augmentation"": false, ""dr_f"": 0.255543303764, ""learning_rate"": 0.000984036629, ""new_fc_1"": 28, ""new_fc_10"": 17, ""new_fc_2"": 32, ""new_fc_3"": 3, ""new_fc_4"": 27, ""new_fc_5"": 1, ""new_fc_6"": 9, ""new_fc_7"": 20, ""new_fc_8"": 6, ""new_fc_9"": 13, ""num_neurons"": 8, ""optimizer"": ""Adam"", ""reg_l2"": true, ""skip_connection"": false, ""unit_c1"": 3, ""unit_c2"": 5}"
180,68,flops,,,3.2663101333333335,489946520.0,15147044.0,,7565.2701,"{""activation"": ""elu"", ""batch_size"": 8, ""data_augmentation"": false, ""dr_f"": 0.218260954749, ""learning_rate"": 0.000568588628, ""new_fc_1"": 13, ""new_fc_10"": 19, ""new_fc_2"": 6, ""new_fc_3"": 27, ""new_fc_4"": 20, ""new_fc_5"": 10, ""new_fc_6"": 17, ""new_fc_7"": 16, ""new_fc_8"": 12, ""new_fc_9"": 9, ""num_neurons"": 64, ""optimizer"": ""Adamax"", ""reg_l2"": false, ""skip_connection"": false, ""unit_c1"": 2, ""unit_c2"": 2}"
181,68,flops,,,0.01887272,2830908.0,37608.0,,7566.1212,"{""activation"": ""relu"", ""batch_size"": 8, ""data_augmentation"": false, ""dr_f"": 0.439228774574, ""learning_rate"": 0.000712063527, ""new_fc_1"": 3, ""new_fc_10"": 15, ""new_fc_2"": 24, ""new_fc_3"": 4, ""new_fc_4"": 8, ""new_fc_5"": 14, ""new_fc_6"": 9, ""new_fc_7"": 20, ""new_fc_8"": 0, ""new_fc_9"": 16, ""num_neurons"": 4, ""optimizer"": ""Adagrad"", ""reg_l2"": false, ""skip_connection"": false, ""unit_c1"": 2, ""unit_c2"": 3}"
182,68,flops,,,0.20924325333333332,31386488.0,485412.0,,7567.1423,"{""activation"": ""selu"", ""batch_size"": 64, ""data_augmentation"": false, ""dr_f"": 0.245785285597, ""learning_rate"": 0.000586639526, ""new_fc_1"": 15, ""new_fc_10"": 26, ""new_fc_2"": 18, ""new_fc_3"": 10, ""new_fc_4"": 2, ""new_fc_5"": 24, ""new_fc_6"": 26, ""new_fc_7"": 24, ""new_fc_8"": 15, ""new_fc_9"": 20, ""num_neurons"": 8, ""optimizer"": ""SGD"", ""reg_l2"": true, ""skip_connection"": true, ""unit_c1"": 4, ""unit_c2"": 4}"
183,69,accuracy,0.9900000002235174,0.009999999776482582,0.035006666666666665,5251000.0,219404.0,-0.2964979998435378,8433.642,"{""activation"": ""swish"", ""batch_size"": 8, ""data_augmentation"": false, ""dr_f"": 0.13149352119, ""learning_rate"": 0.000963971134, ""new_fc_1"": 22, ""new_fc_10"": 30, ""new_fc_2"": 18, ""new_fc_3"": 24, ""new_fc_4"": 16, ""new_fc_5"": 6, ""new_fc_6"": 18, ""new_fc_7"": 15, ""new_fc_8"": 9, ""new_fc_9"": 18, ""num_neurons"": 4, ""optimizer"": ""Adagrad"", ""reg_l2"": true, ""skip_connection"": true, ""unit_c1"": 1, ""unit_c2"": 7}"
184,70,accuracy,10000000000.0,,2.744664906666667,411699736.0,20422500.0,10000000000.0,8436.5302,"{""activation"": ""selu"", ""batch_size"": 8, ""data_augmentation"": true, ""dr_f"": 0.403308807523, ""learning_rate"": 0.000539352763, ""new_fc_1"": 19, ""new_fc_10"": 26, ""new_fc_2"": 26, ""new_fc_3"": 13, ""new_fc_4"": 29, ""new_fc_5"": 31, ""new_fc_6"": 8, ""new_fc_7"": 7, ""new_fc_8"": 29, ""new_fc_9"": 19, ""num_neurons"": 64, ""optimizer"": ""SGD"", ""reg_l2"": false, ""skip_connection"": true, ""unit_c1"": 2, ""unit_c2"": 1}"
185,71,accuracy,0.9890000000596046,0.010999999940395355,0.01887272,2830908.0,37608.0,-0.30203818395827675,9121.6767,"{""activation"": ""relu"", ""batch_size"": 8, ""data_augmentation"": false, ""dr_f"": 0.439228774574, ""learning_rate"": 0.000712063527, ""new_fc_1"": 3, ""new_fc_10"": 15, ""new_fc_2"": 24, ""new_fc_3"": 4, ""new_fc_4"": 8, ""new_fc_5"": 14, ""new_fc_6"": 9, ""new_fc_7"": 20, ""new_fc_8"": 0, ""new_fc_9"": 16, ""num_neurons"": 4, ""optimizer"": ""Adagrad"", ""reg_l2"": false, ""skip_connection"": false, ""unit_c1"": 2, ""unit_c2"": 3}"
186,72,accuracy,0.9875999996438622,0.012400000356137753,0.9595180266666666,143927704.0,13391844.0,-0.020824592249296434,9387.4098,"{""activation"": ""swish"", ""batch_size"": 64, ""data_augmentation"": false, ""dr_f"": 0.142032823928, ""learning_rate"": 0.000506690308, ""new_fc_1"": 13, ""new_fc_10"": 24, ""new_fc_2"": 13, ""new_fc_3"": 24, ""new_fc_4"": 7, ""new_fc_5"": 7, ""new_fc_6"": 2, ""new_fc_7"": 22, ""new_fc_8"": 27, ""new_fc_9"": 20, ""num_neurons"": 64, ""optimizer"": ""Adadelta"", ""reg_l2"": false, ""skip_connection"": false, ""unit_c1"": 1, ""unit_c2"": 1}"
187,72,flops,,,0.03287024,4930536.0,92792.0,,9388.3914,"{""activation"": ""swish"", ""batch_size"": 16, ""data_augmentation"": true, ""dr_f"": 0.331611649026, ""learning_rate"": 0.000215329018, ""new_fc_1"": 9, ""new_fc_10"": 31, ""new_fc_2"": 5, ""new_fc_3"": 5, ""new_fc_4"": 12, ""new_fc_5"": 26, ""new_fc_6"": 29, ""new_fc_7"": 14, ""new_fc_8"": 18, ""new_fc_9"": 23, ""num_neurons"": 4, ""optimizer"": ""Adamax"", ""reg_l2"": true, ""skip_connection"": false, ""unit_c1"": 3, ""unit_c2"": 3}"
188,73,accuracy,0.572299987077713,0.427700012922287,0.6873472533333334,103102088.0,4134932.0,-0.39318583304560084,10433.7476,"{""activation"": ""elu"", ""batch_size"": 8, ""data_augmentation"": true, ""dr_f"": 0.040434600868, ""learning_rate"": 0.000781761096, ""new_fc_1"": 27, ""new_fc_10"": 24, ""new_fc_2"": 20, ""new_fc_3"": 14, ""new_fc_4"": 10, ""new_fc_5"": 15, ""new_fc_6"": 29, ""new_fc_7"": 30, ""new_fc_8"": 13, ""new_fc_9"": 13, ""num_neurons"": 16, ""optimizer"": ""Adamax"", ""reg_l2"": false, ""skip_connection"": false, ""unit_c1"": 2, ""unit_c2"": 7}"
189,74,accuracy,10000000000.0,,2.9570060266666665,443550904.0,7149476.0,10000000000.0,10436.0555,"{""activation"": ""elu"", ""batch_size"": 64, ""data_augmentation"": true, ""dr_f"": 0.370261476862, ""learning_rate"": 0.000930935401, ""new_fc_1"": 12, ""new_fc_10"": 31, ""new_fc_2"": 8, ""new_fc_3"": 27, ""new_fc_4"": 4, ""new_fc_5"": 16, ""new_fc_6"": 2, ""new_fc_7"": 22, ""new_fc_8"": 7, ""new_fc_9"": 26, ""num_neurons"": 32, ""optimizer"": ""Adam"", ""reg_l2"": true, ""skip_connection"": false, ""unit_c1"": 3, ""unit_c2"": 6}"
190,75,accuracy,0.7222000062465668,0.2777999937534332,0.06014042666666667,9021064.0,506628.0,-0.47641786762740324,11060.7415,"{""activation"": ""selu"", ""batch_size"": 32, ""data_augmentation"": false, ""dr_f"": 0.287821910194, ""learning_rate"": 0.000967010039, ""new_fc_1"": 7, ""new_fc_10"": 10, ""new_fc_2"": 30, ""new_fc_3"": 24, ""new_fc_4"": 2, ""new_fc_5"": 2, ""new_fc_6"": 7, ""new_fc_7"": 8, ""new_fc_8"": 13, ""new_fc_9"": 12, ""num_neurons"": 16, ""optimizer"": ""Adamax"", ""reg_l2"": false, ""skip_connection"": false, ""unit_c1"": 1, ""unit_c2"": 1}"
191,76,accuracy,10000000000.0,,2.0072938133333333,301094072.0,8313316.0,10000000000.0,1.9509,"{""activation"": ""swish"", ""batch_size"": 8, ""data_augmentation"": true, ""dr_f"": 0.246739545035, ""learning_rate"": 0.000956326004, ""new_fc_1"": 12, ""new_fc_10"": 12, ""new_fc_2"": 21, ""new_fc_3"": 27, ""new_fc_4"": 13, ""new_fc_5"": 0, ""new_fc_6"": 14, ""new_fc_7"": 9, ""new_fc_8"": 12, ""new_fc_9"": 25, ""num_neurons"": 32, ""optimizer"": ""SGD"", ""reg_l2"": false, ""skip_connection"": false, ""unit_c1"": 1, ""unit_c2"": 7}"
192,76,flops,,,9.032749813333334,1354912472.0,58364644.0,,5.358,"{""activation"": ""relu"", ""batch_size"": 64, ""data_augmentation"": false, ""dr_f"": 0.04477457633, ""learning_rate"": 0.000270575435, ""new_fc_1"": 29, ""new_fc_10"": 11, ""new_fc_2"": 9, ""new_fc_3"": 15, ""new_fc_4"": 13, ""new_fc_5"": 6, ""new_fc_6"": 30, ""new_fc_7"": 32, ""new_fc_8"": 24, ""new_fc_9"": 1, ""num_neurons"": 64, ""optimizer"": ""Adagrad"", ""reg_l2"": false, ""skip_connection"": true, ""unit_c1"": 2, ""unit_c2"": 6}"
193,77,accuracy,10000000000.0,,1.8081418133333333,271221272.0,4968388.0,10000000000.0,7.6922,"{""activation"": ""swish"", ""batch_size"": 16, ""data_augmentation"": false, ""dr_f"": 0.136679954794, ""learning_rate"": 0.000153007472, ""new_fc_1"": 13, ""new_fc_10"": 6, ""new_fc_2"": 17, ""new_fc_3"": 22, ""new_fc_4"": 4, ""new_fc_5"": 20, ""new_fc_6"": 17, ""new_fc_7"": 13, ""new_fc_8"": 15, ""new_fc_9"": 27, ""num_neurons"": 32, ""optimizer"": ""SGD"", ""reg_l2"": false, ""skip_connection"": true, ""unit_c1"": 3, ""unit_c2"": 3}"
194,78,accuracy,0.9900000002235174,0.009999999776482582,0.57895952,86843928.0,759940.0,-0.13331214384353782,213.7357,"{""activation"": ""swish"", ""batch_size"": 64, ""data_augmentation"": false, ""dr_f"": 0.292742562456, ""learning_rate"": 0.000268317438, ""new_fc_1"": 21, ""new_fc_10"": 18, ""new_fc_2"": 6, ""new_fc_3"": 17, ""new_fc_4"": 13, ""new_fc_5"": 8, ""new_fc_6"": 8, ""new_fc_7"": 15, ""new_fc_8"": 6, ""new_fc_9"": 20, ""num_neurons"": 16, ""optimizer"": ""Adamax"", ""reg_l2"": true, ""skip_connection"": false, ""unit_c1"": 4, ""unit_c2"": 1}"
195,79,accuracy,10000000000.0,,1.2118207466666666,181773112.0,9811940.0,10000000000.0,215.0453,"{""activation"": ""swish"", ""batch_size"": 16, ""data_augmentation"": false, ""dr_f"": 0.309736310507, ""learning_rate"": 0.00072865346, ""new_fc_1"": 23, ""new_fc_10"": 22, ""new_fc_2"": 3, ""new_fc_3"": 25, ""new_fc_4"": 0, ""new_fc_5"": 8, ""new_fc_6"": 14, ""new_fc_7"": 26, ""new_fc_8"": 32, ""new_fc_9"": 4, ""num_neurons"": 32, ""optimizer"": ""Adam"", ""reg_l2"": false, ""skip_connection"": false, ""unit_c1"": 1, ""unit_c2"": 5}"
196,79,flops,,,0.04607882666666667,6911824.0,88756.0,,216.0842,"{""activation"": ""selu"", ""batch_size"": 64, ""data_augmentation"": true, ""dr_f"": 0.323265401315, ""learning_rate"": 0.000398216974, ""new_fc_1"": 13, ""new_fc_10"": 26, ""new_fc_2"": 15, ""new_fc_3"": 20, ""new_fc_4"": 22, ""new_fc_5"": 22, ""new_fc_6"": 10, ""new_fc_7"": 6, ""new_fc_8"": 30, ""new_fc_9"": 18, ""num_neurons"": 4, ""optimizer"": ""Adadelta"", ""reg_l2"": true, ""skip_connection"": true, ""unit_c1"": 4, ""unit_c2"": 2}"
197,79,flops,,,0.19778698666666666,29668048.0,477508.0,,217.3029,"{""activation"": ""elu"", ""batch_size"": 16, ""data_augmentation"": false, ""dr_f"": 0.17944911753, ""learning_rate"": 0.00092601063, ""new_fc_1"": 10, ""new_fc_10"": 26, ""new_fc_2"": 17, ""new_fc_3"": 16, ""new_fc_4"": 15, ""new_fc_5"": 9, ""new_fc_6"": 31, ""new_fc_7"": 23, ""new_fc_8"": 8, ""new_fc_9"": 20, ""num_neurons"": 8, ""optimizer"": ""Adagrad"", ""reg_l2"": true, ""skip_connection"": true, ""unit_c1"": 3, ""unit_c2"": 6}"
198,79,flops,,,0.05575472,8363208.0,409724.0,,218.309,"{""activation"": ""selu"", ""batch_size"": 64, ""data_augmentation"": false, ""dr_f"": 0.351681916967, ""learning_rate"": 0.000385404933, ""new_fc_1"": 15, ""new_fc_10"": 8, ""new_fc_2"": 13, ""new_fc_3"": 23, ""new_fc_4"": 16, ""new_fc_5"": 29, ""new_fc_6"": 4, ""new_fc_7"": 5, ""new_fc_8"": 25, ""new_fc_9"": 20, ""num_neurons"": 8, ""optimizer"": ""Adamax"", ""reg_l2"": false, ""skip_connection"": false, ""unit_c1"": 1, ""unit_c2"": 4}"
199,80,accuracy,0.991499999538064,0.008500000461935997,0.5403248533333334,81048728.0,1927300.0,-0.14385254432335517,904.4618,"{""activation"": ""relu"", ""batch_size"": 8, ""data_augmentation"": false, ""dr_f"": 0.061347344122, ""learning_rate"": 0.000179939149, ""new_fc_1"": 2, ""new_fc_10"": 5, ""new_fc_2"": 16, ""new_fc_3"": 27, ""new_fc_4"": 16, ""new_fc_5"": 4, ""new_fc_6"": 0, ""new_fc_7"": 17, ""new_fc_8"": 14, ""new_fc_9"": 5, ""num_neurons"": 32, ""optimizer"": ""Adagrad"", ""reg_l2"": true, ""skip_connection"": false, ""unit_c1"": 1, ""unit_c2"": 3}"
200,81,accuracy,0.9713000003248453,0.028699999675154686,0.027103013333333332,4065452.0,170516.0,-0.3119590957726083,1169.2385,"{""activation"": ""relu"", ""batch_size"": 32, ""data_augmentation"": true, ""dr_f"": 0.300064970282, ""learning_rate"": 0.00086676032, ""new_fc_1"": 20, ""new_fc_10"": 30, ""new_fc_2"": 10, ""new_fc_3"": 20, ""new_fc_4"": 1, ""new_fc_5"": 7, ""new_fc_6"": 31, ""new_fc_7"": 18, ""new_fc_8"": 12, ""new_fc_9"": 0, ""num_neurons"": 4, ""optimizer"": ""Adamax"", ""reg_l2"": false, ""skip_connection"": true, ""unit_c1"": 1, ""unit_c2"": 6}"
201,81,flops,,,0.5524230933333333,82863464.0,1215684.0,,1170.2889,"{""activation"": ""swish"", ""batch_size"": 8, ""data_augmentation"": true, ""dr_f"": 0.199025636024, ""learning_rate"": 0.000553990323, ""new_fc_1"": 6, ""new_fc_10"": 13, ""new_fc_2"": 23, ""new_fc_3"": 25, ""new_fc_4"": 31, ""new_fc_5"": 15, ""new_fc_6"": 21, ""new_fc_7"": 12, ""new_fc_8"": 14, ""new_fc_9"": 3, ""num_neurons"": 16, ""optimizer"": ""Adadelta"", ""reg_l2"": true, ""skip_connection"": true, ""unit_c1"": 3, ""unit_c2"": 4}"
202,82,accuracy,10000000000.0,,6.89467152,1034200728.0,33392548.0,10000000000.0,1173.6062,"{""activation"": ""elu"", ""batch_size"": 64, ""data_augmentation"": false, ""dr_f"": 0.431934242771, ""learning_rate"": 0.00012499362, ""new_fc_1"": 17, ""new_fc_10"": 14, ""new_fc_2"": 4, ""new_fc_3"": 22, ""new_fc_4"": 3, ""new_fc_5"": 24, ""new_fc_6"": 30, ""new_fc_7"": 28, ""new_fc_8"": 9, ""new_fc_9"": 10, ""num_neurons"": 64, ""optimizer"": ""SGD"", ""reg_l2"": true, ""skip_connection"": false, ""unit_c1"": 2, ""unit_c2"": 5}"
203,83,accuracy,0.9921000003814697,0.007899999618530273,0.016014266666666666,2402140.0,196828.0,-0.3007257197329712,1558.5698,"{""activation"": ""elu"", ""batch_size"": 16, ""data_augmentation"": false, ""dr_f"": 0.477419616977, ""learning_rate"": 0.00014231057, ""new_fc_1"": 31, ""new_fc_10"": 31, ""new_fc_2"": 15, ""new_fc_3"": 17, ""new_fc_4"": 10, ""new_fc_5"": 7, ""new_fc_6"": 16, ""new_fc_7"": 32, ""new_fc_8"": 25, ""new_fc_9"": 17, ""num_neurons"": 4, ""optimizer"": ""Adadelta"", ""reg_l2"": true, ""skip_connection"": false, ""unit_c1"": 1, ""unit_c2"": 4}"
204,83,flops,,,3.5968010133333332,539520152.0,9368548.0,,1560.1877,"{""activation"": ""relu"", ""batch_size"": 8, ""data_augmentation"": true, ""dr_f"": 0.111811076374, ""learning_rate"": 0.000411643085, ""new_fc_1"": 20, ""new_fc_10"": 29, ""new_fc_2"": 16, ""new_fc_3"": 15, ""new_fc_4"": 31, ""new_fc_5"": 9, ""new_fc_6"": 2, ""new_fc_7"": 24, ""new_fc_8"": 2, ""new_fc_9"": 22, ""num_neurons"": 32, ""optimizer"": ""SGD"", ""reg_l2"": true, ""skip_connection"": false, ""unit_c1"": 4, ""unit_c2"": 5}"
205,83,flops,,,0.03192528,4788792.0,63552.0,,1561.1521,"{""activation"": ""relu"", ""batch_size"": 32, ""data_augmentation"": true, ""dr_f"": 0.483675045523, ""learning_rate"": 0.000531949168, ""new_fc_1"": 1, ""new_fc_10"": 22, ""new_fc_2"": 15, ""new_fc_3"": 31, ""new_fc_4"": 31, ""new_fc_5"": 11, ""new_fc_6"": 18, ""new_fc_7"": 17, ""new_fc_8"": 4, ""new_fc_9"": 2, ""num_neurons"": 4, ""optimizer"": ""Adam"", ""reg_l2"": false, ""skip_connection"": false, ""unit_c1"": 1, ""unit_c2"": 7}"
206,83,flops,,,0.10781530666666667,16172296.0,934028.0,,1562.3992,"{""activation"": ""elu"", ""batch_size"": 64, ""data_augmentation"": true, ""dr_f"": 0.332718835336, ""learning_rate"": 0.000521457661, ""new_fc_1"": 30, ""new_fc_10"": 1, ""new_fc_2"": 12, ""new_fc_3"": 16, ""new_fc_4"": 19, ""new_fc_5"": 29, ""new_fc_6"": 6, ""new_fc_7"": 32, ""new_fc_8"": 13, ""new_fc_9"": 32, ""num_neurons"": 8, ""optimizer"": ""SGD"", ""reg_l2"": false, ""skip_connection"": true, ""unit_c1"": 1, ""unit_c2"": 6}"
207,84,accuracy,0.8544999957084656,0.14550000429153442,0.16310341333333334,24465512.0,811004.0,-0.3529189790040741,2848.8983,"{""activation"": ""selu"", ""batch_size"": 8, ""data_augmentation"": false, ""dr_f"": 0.177049877986, ""learning_rate"": 0.000932036324, ""new_fc_1"": 16, ""new_fc_10"": 27, ""new_fc_2"": 15, ""new_fc_3"": 10, ""new_fc_4"": 0, ""new_fc_5"": 26, ""new_fc_6"": 31, ""new_fc_7"": 18, ""new_fc_8"": 14, ""new_fc_9"": 29, ""num_neurons"": 8, ""optimizer"": ""Adamax"", ""reg_l2"": true, ""skip_connection"": false, ""unit_c1"": 1, ""unit_c2"": 8}"
208,84,flops,,,0.8820076266666667,132301144.0,7751972.0,,2850.365,"{""activation"": ""elu"", ""batch_size"": 64, ""data_augmentation"": true, ""dr_f"": 0.394893607393, ""learning_rate"": 0.000677390112, ""new_fc_1"": 8, ""new_fc_10"": 30, ""new_fc_2"": 26, ""new_fc_3"": 12, ""new_fc_4"": 5, ""new_fc_5"": 8, ""new_fc_6"": 5, ""new_fc_7"": 32, ""new_fc_8"": 8, ""new_fc_9"": 6, ""num_neurons"": 64, ""optimizer"": ""Adadelta"", ""reg_l2"": true, ""skip_connection"": false, ""unit_c1"": 1, ""unit_c2"": 1}"
209,85,accuracy,0.8578999936580658,0.1421000063419342,0.05575472,8363208.0,409724.0,-0.3827435884393539,3114.8957,"{""activation"": ""selu"", ""batch_size"": 64, ""data_augmentation"": false, ""dr_f"": 0.351681916967, ""learning_rate"": 0.000385404933, ""new_fc_1"": 15, ""new_fc_10"": 8, ""new_fc_2"": 13, ""new_fc_3"": 23, ""new_fc_4"": 16, ""new_fc_5"": 29, ""new_fc_6"": 4, ""new_fc_7"": 5, ""new_fc_8"": 25, ""new_fc_9"": 20, ""num_neurons"": 8, ""optimizer"": ""Adamax"", ""reg_l2"": false, ""skip_connection"": false, ""unit_c1"": 1, ""unit_c2"": 4}"
210,86,accuracy,0.9900000002235174,0.009999999776482582,0.03192528,4788792.0,63552.0,-0.2974224158435378,3319.5646,"{""activation"": ""relu"", ""batch_size"": 32, ""data_augmentation"": true, ""dr_f"": 0.483675045523, ""learning_rate"": 0.000531949168, ""new_fc_1"": 1, ""new_fc_10"": 22, ""new_fc_2"": 15, ""new_fc_3"": 31, ""new_fc_4"": 31, ""new_fc_5"": 11, ""new_fc_6"": 18, ""new_fc_7"": 17, ""new_fc_8"": 4, ""new_fc_9"": 2, ""num_neurons"": 4, ""optimizer"": ""Adam"", ""reg_l2"": false, ""skip_connection"": false, ""unit_c1"": 1, ""unit_c2"": 7}"
211,87,accuracy,0.9900000002235174,0.009999999776482582,0.28581072,42871608.0,1617140.0,-0.2212567838435378,3645.0846,"{""activation"": ""swish"", ""batch_size"": 32, ""data_augmentation"": true, ""dr_f"": 0.216629458204, ""learning_rate"": 0.000996035346, ""new_fc_1"": 18, ""new_fc_10"": 23, ""new_fc_2"": 9, ""new_fc_3"": 28, ""new_fc_4"": 19, ""new_fc_5"": 11, ""new_fc_6"": 16, ""new_fc_7"": 7, ""new_fc_8"": 31, ""new_fc_9"": 16, ""num_neurons"": 16, ""optimizer"": ""Adamax"", ""reg_l2"": true, ""skip_connection"": true, ""unit_c1"": 2, ""unit_c2"": 3}"
212,87,flops,,,0.0268528,4027920.0,151768.0,,3645.9466,"{""activation"": ""selu"", ""batch_size"": 32, ""data_augmentation"": false, ""dr_f"": 0.464768452236, ""learning_rate"": 0.000173338652, ""new_fc_1"": 16, ""new_fc_10"": 31, ""new_fc_2"": 17, ""new_fc_3"": 1, ""new_fc_4"": 4, ""new_fc_5"": 26, ""new_fc_6"": 23, ""new_fc_7"": 16, ""new_fc_8"": 1, ""new_fc_9"": 23, ""num_neurons"": 4, ""optimizer"": ""SGD"", ""reg_l2"": true, ""skip_connection"": true, ""unit_c1"": 1, ""unit_c2"": 6}"
213,87,flops,,,16.69186064,2503779096.0,50664100.0,,3649.0462,"{""activation"": ""elu"", ""batch_size"": 16, ""data_augmentation"": true, ""dr_f"": 0.44866439808, ""learning_rate"": 0.00079862027, ""new_fc_1"": 18, ""new_fc_10"": 20, ""new_fc_2"": 23, ""new_fc_3"": 28, ""new_fc_4"": 28, ""new_fc_5"": 19, ""new_fc_6"": 25, ""new_fc_7"": 10, ""new_fc_8"": 29, ""new_fc_9"": 27, ""num_neurons"": 64, ""optimizer"": ""SGD"", ""reg_l2"": false, ""skip_connection"": true, ""unit_c1"": 4, ""unit_c2"": 6}"
214,88,accuracy,10000000000.0,,1.78356496,267534744.0,11878436.0,10000000000.0,3650.5545,"{""activation"": ""selu"", ""batch_size"": 64, ""data_augmentation"": false, ""dr_f"": 0.2144391624, ""learning_rate"": 0.000743914265, ""new_fc_1"": 26, ""new_fc_10"": 32, ""new_fc_2"": 13, ""new_fc_3"": 4, ""new_fc_4"": 3, ""new_fc_5"": 29, ""new_fc_6"": 32, ""new_fc_7"": 14, ""new_fc_8"": 20, ""new_fc_9"": 13, ""num_neurons"": 32, ""optimizer"": ""Adagrad"", ""reg_l2"": true, ""skip_connection"": false, ""unit_c1"": 2, ""unit_c2"": 5}"
215,89,accuracy,0.8675000071525574,0.13249999284744263,0.20924325333333332,31386488.0,485412.0,-0.32997701899320986,4095.2274,"{""activation"": ""selu"", ""batch_size"": 64, ""data_augmentation"": false, ""dr_f"": 0.245785285597, ""learning_rate"": 0.000586639526, ""new_fc_1"": 15, ""new_fc_10"": 26, ""new_fc_2"": 18, ""new_fc_3"": 10, ""new_fc_4"": 2, ""new_fc_5"": 24, ""new_fc_6"": 26, ""new_fc_7"": 24, ""new_fc_8"": 15, ""new_fc_9"": 20, ""num_neurons"": 8, ""optimizer"": ""SGD"", ""reg_l2"": true, ""skip_connection"": true, ""unit_c1"": 4, ""unit_c2"": 4}"
216,90,accuracy,0.9900000002235174,0.009999999776482582,0.16822976,25234464.0,519308.0,-0.2565310718435378,4481.3753,"{""activation"": ""relu"", ""batch_size"": 16, ""data_augmentation"": true, ""dr_f"": 0.370822412854, ""learning_rate"": 0.000933927237, ""new_fc_1"": 13, ""new_fc_10"": 27, ""new_fc_2"": 28, ""new_fc_3"": 1, ""new_fc_4"": 23, ""new_fc_5"": 11, ""new_fc_6"": 15, ""new_fc_7"": 16, ""new_fc_8"": 7, ""new_fc_9"": 4, ""num_neurons"": 8, ""optimizer"": ""Adam"", ""reg_l2"": true, ""skip_connection"": false, ""unit_c1"": 2, ""unit_c2"": 7}"
217,91,accuracy,0.9897999996319413,0.010200000368058681,0.3019672,45295080.0,353692.0,-0.21654984025764107,4626.7243,"{""activation"": ""selu"", ""batch_size"": 64, ""data_augmentation"": false, ""dr_f"": 0.488563479405, ""learning_rate"": 0.000585538536, ""new_fc_1"": 5, ""new_fc_10"": 17, ""new_fc_2"": 28, ""new_fc_3"": 6, ""new_fc_4"": 9, ""new_fc_5"": 32, ""new_fc_6"": 10, ""new_fc_7"": 20, ""new_fc_8"": 27, ""new_fc_9"": 0, ""num_neurons"": 8, ""optimizer"": ""Adagrad"", ""reg_l2"": true, ""skip_connection"": true, ""unit_c1"": 4, ""unit_c2"": 7}"
218,91,flops,,,0.20001413333333334,30002120.0,644732.0,,4628.0347,"{""activation"": ""selu"", ""batch_size"": 64, ""data_augmentation"": true, ""dr_f"": 0.47583897491, ""learning_rate"": 0.000265311849, ""new_fc_1"": 12, ""new_fc_10"": 30, ""new_fc_2"": 18, ""new_fc_3"": 31, ""new_fc_4"": 25, ""new_fc_5"": 29, ""new_fc_6"": 12, ""new_fc_7"": 20, ""new_fc_8"": 25, ""new_fc_9"": 20, ""num_neurons"": 8, ""optimizer"": ""Adadelta"", ""reg_l2"": true, ""skip_connection"": true, ""unit_c1"": 3, ""unit_c2"": 6}"
219,91,flops,,,0.09074154666666667,13611232.0,212564.0,,4629.0927,"{""activation"": ""relu"", ""batch_size"": 16, ""data_augmentation"": false, ""dr_f"": 0.035154240934, ""learning_rate"": 0.000658554581, ""new_fc_1"": 4, ""new_fc_10"": 13, ""new_fc_2"": 28, ""new_fc_3"": 8, ""new_fc_4"": 6, ""new_fc_5"": 15, ""new_fc_6"": 22, ""new_fc_7"": 27, ""new_fc_8"": 18, ""new_fc_9"": 28, ""num_neurons"": 8, ""optimizer"": ""Adamax"", ""reg_l2"": false, ""skip_connection"": false, ""unit_c1"": 3, ""unit_c2"": 1}"
220,91,flops,,,18.50920336,2776380504.0,53346276.0,,4632.1642,"{""activation"": ""selu"", ""batch_size"": 16, ""data_augmentation"": true, ""dr_f"": 0.287000792425, ""learning_rate"": 0.00072699921, ""new_fc_1"": 20, ""new_fc_10"": 11, ""new_fc_2"": 0, ""new_fc_3"": 14, ""new_fc_4"": 23, ""new_fc_5"": 12, ""new_fc_6"": 26, ""new_fc_7"": 25, ""new_fc_8"": 29, ""new_fc_9"": 16, ""num_neurons"": 64, ""optimizer"": ""Adamax"", ""reg_l2"": true, ""skip_connection"": false, ""unit_c1"": 4, ""unit_c2"": 7}"
221,92,accuracy,0.9900000002235174,0.009999999776482582,0.10705973333333334,16058960.0,351908.0,-0.27488207984353785,4777.2538,"{""activation"": ""relu"", ""batch_size"": 64, ""data_augmentation"": true, ""dr_f"": 0.379930194326, ""learning_rate"": 0.000135352054, ""new_fc_1"": 18, ""new_fc_10"": 4, ""new_fc_2"": 32, ""new_fc_3"": 20, ""new_fc_4"": 23, ""new_fc_5"": 22, ""new_fc_6"": 6, ""new_fc_7"": 16, ""new_fc_8"": 11, ""new_fc_9"": 23, ""num_neurons"": 8, ""optimizer"": ""Adam"", ""reg_l2"": true, ""skip_connection"": true, ""unit_c1"": 3, ""unit_c2"": 2}"
222,93,accuracy,0.8593000024557114,0.14069999754428864,0.13102122666666666,19653184.0,758020.0,-0.35918363028100203,5822.0242,"{""activation"": ""elu"", ""batch_size"": 16, ""data_augmentation"": false, ""dr_f"": 0.31596124627, ""learning_rate"": 0.000763850399, ""new_fc_1"": 16, ""new_fc_10"": 19, ""new_fc_2"": 29, ""new_fc_3"": 25, ""new_fc_4"": 19, ""new_fc_5"": 6, ""new_fc_6"": 3, ""new_fc_7"": 22, ""new_fc_8"": 31, ""new_fc_9"": 27, ""num_neurons"": 8, ""optimizer"": ""Adagrad"", ""reg_l2"": false, ""skip_connection"": false, ""unit_c1"": 1, ""unit_c2"": 7}"
223,94,accuracy,0.9848999995738268,0.01510000042617321,0.8307693333333334,124615400.0,4897300.0,-0.06133920029832124,6867.4528,"{""activation"": ""elu"", ""batch_size"": 8, ""data_augmentation"": true, ""dr_f"": 0.499675848703, ""learning_rate"": 0.000389856235, ""new_fc_1"": 32, ""new_fc_10"": 10, ""new_fc_2"": 32, ""new_fc_3"": 1, ""new_fc_4"": 17, ""new_fc_5"": 9, ""new_fc_6"": 23, ""new_fc_7"": 10, ""new_fc_8"": 15, ""new_fc_9"": 4, ""num_neurons"": 16, ""optimizer"": ""Adadelta"", ""reg_l2"": true, ""skip_connection"": false, ""unit_c1"": 2, ""unit_c2"": 8}"
224,95,accuracy,0.9900000002235174,0.009999999776482582,0.01323344,1985016.0,58452.0,-0.3030299678435378,7552.5199,"{""activation"": ""relu"", ""batch_size"": 8, ""data_augmentation"": false, ""dr_f"": 0.430825605953, ""learning_rate"": 0.00042782819, ""new_fc_1"": 18, ""new_fc_10"": 15, ""new_fc_2"": 17, ""new_fc_3"": 9, ""new_fc_4"": 27, ""new_fc_5"": 19, ""new_fc_6"": 24, ""new_fc_7"": 3, ""new_fc_8"": 23, ""new_fc_9"": 5, ""num_neurons"": 4, ""optimizer"": ""Adamax"", ""reg_l2"": true, ""skip_connection"": false, ""unit_c1"": 2, ""unit_c2"": 1}"
225,96,accuracy,10000000000.0,,2.8124978666666665,421874680.0,3290532.0,10000000000.0,7553.6838,"{""activation"": ""relu"", ""batch_size"": 64, ""data_augmentation"": false, ""dr_f"": 0.405879614124, ""learning_rate"": 0.00082888997, ""new_fc_1"": 1, ""new_fc_10"": 28, ""new_fc_2"": 32, ""new_fc_3"": 24, ""new_fc_4"": 17, ""new_fc_5"": 31, ""new_fc_6"": 7, ""new_fc_7"": 13, ""new_fc_8"": 8, ""new_fc_9"": 12, ""num_neurons"": 32, ""optimizer"": ""Adam"", ""reg_l2"": true, ""skip_connection"": true, ""unit_c1"": 4, ""unit_c2"": 3}"
226,97,accuracy,0.9850000003352761,0.014999999664723873,0.7812197866666667,117182968.0,1181028.0,-0.07613406376530671,7818.7459,"{""activation"": ""relu"", ""batch_size"": 32, ""data_augmentation"": true, ""dr_f"": 0.269574415002, ""learning_rate"": 0.000738645775, ""new_fc_1"": 3, ""new_fc_10"": 17, ""new_fc_2"": 29, ""new_fc_3"": 19, ""new_fc_4"": 28, ""new_fc_5"": 19, ""new_fc_6"": 15, ""new_fc_7"": 8, ""new_fc_8"": 6, ""new_fc_9"": 2, ""num_neurons"": 16, ""optimizer"": ""SGD"", ""reg_l2"": true, ""skip_connection"": false, ""unit_c1"": 2, ""unit_c2"": 8}"
227,98,accuracy,10000000000.0,,3.5968010133333332,539520152.0,9368548.0,10000000000.0,7820.236,"{""activation"": ""relu"", ""batch_size"": 8, ""data_augmentation"": true, ""dr_f"": 0.111811076374, ""learning_rate"": 0.000411643085, ""new_fc_1"": 20, ""new_fc_10"": 29, ""new_fc_2"": 16, ""new_fc_3"": 15, ""new_fc_4"": 31, ""new_fc_5"": 9, ""new_fc_6"": 2, ""new_fc_7"": 24, ""new_fc_8"": 2, ""new_fc_9"": 22, ""num_neurons"": 32, ""optimizer"": ""SGD"", ""reg_l2"": true, ""skip_connection"": false, ""unit_c1"": 4, ""unit_c2"": 5}"
228,98,flops,,,0.7038154133333333,105572312.0,695108.0,,7821.2844,"{""activation"": ""swish"", ""batch_size"": 8, ""data_augmentation"": true, ""dr_f"": 0.404882120499, ""learning_rate"": 0.000242818048, ""new_fc_1"": 1, ""new_fc_10"": 25, ""new_fc_2"": 22, ""new_fc_3"": 26, ""new_fc_4"": 9, ""new_fc_5"": 17, ""new_fc_6"": 0, ""new_fc_7"": 14, ""new_fc_8"": 3, ""new_fc_9"": 27, ""num_neurons"": 16, ""optimizer"": ""Adamax"", ""reg_l2"": false, ""skip_connection"": false, ""unit_c1"": 4, ""unit_c2"": 3}"
229,98,flops,,,2.76939472,415409208.0,3739140.0,,7822.43,"{""activation"": ""selu"", ""batch_size"": 64, ""data_augmentation"": false, ""dr_f"": 0.224997676058, ""learning_rate"": 0.000413587826, ""new_fc_1"": 6, ""new_fc_10"": 15, ""new_fc_2"": 24, ""new_fc_3"": 26, ""new_fc_4"": 3, ""new_fc_5"": 26, ""new_fc_6"": 0, ""new_fc_7"": 9, ""new_fc_8"": 17, ""new_fc_9"": 25, ""num_neurons"": 32, ""optimizer"": ""Adamax"", ""reg_l2"": true, ""skip_connection"": false, ""unit_c1"": 4, ""unit_c2"": 3}"
230,99,accuracy,0.9657999984920025,0.03420000150799751,0.8820076266666667,132301144.0,7751972.0,-0.05933771305559826,8147.6312,"{""activation"": ""elu"", ""batch_size"": 64, ""data_augmentation"": true, ""dr_f"": 0.394893607393, ""learning_rate"": 0.000677390112, ""new_fc_1"": 8, ""new_fc_10"": 30, ""new_fc_2"": 26, ""new_fc_3"": 12, ""new_fc_4"": 5, ""new_fc_5"": 8, ""new_fc_6"": 5, ""new_fc_7"": 32, ""new_fc_8"": 8, ""new_fc_9"": 6, ""num_neurons"": 64, ""optimizer"": ""Adadelta"", ""reg_l2"": true, ""skip_connection"": false, ""unit_c1"": 1, ""unit_c2"": 1}"
231,99,flops,,,2.0903728533333332,313555928.0,4325284.0,,8148.911,"{""activation"": ""elu"", ""batch_size"": 32, ""data_augmentation"": false, ""dr_f"": 0.238832519891, ""learning_rate"": 0.000230663001, ""new_fc_1"": 4, ""new_fc_10"": 6, ""new_fc_2"": 30, ""new_fc_3"": 12, ""new_fc_4"": 14, ""new_fc_5"": 9, ""new_fc_6"": 29, ""new_fc_7"": 14, ""new_fc_8"": 21, ""new_fc_9"": 17, ""num_neurons"": 32, ""optimizer"": ""Adamax"", ""reg_l2"": true, ""skip_connection"": false, ""unit_c1"": 2, ""unit_c2"": 6}"
232,99,flops,,,0.6532732266666667,97990984.0,2852964.0,,8150.0242,"{""activation"": ""selu"", ""batch_size"": 32, ""data_augmentation"": false, ""dr_f"": 0.061489469839, ""learning_rate"": 0.000925986878, ""new_fc_1"": 25, ""new_fc_10"": 32, ""new_fc_2"": 11, ""new_fc_3"": 12, ""new_fc_4"": 15, ""new_fc_5"": 32, ""new_fc_6"": 28, ""new_fc_7"": 8, ""new_fc_8"": 5, ""new_fc_9"": 7, ""num_neurons"": 16, ""optimizer"": ""Adamax"", ""reg_l2"": true, ""skip_connection"": false, ""unit_c1"": 3, ""unit_c2"": 5}"
233,100,accuracy,0.8153000026941299,0.18469999730587006,0.46982266666666667,70473400.0,3479380.0,-0.288343198114109,8715.0532,"{""activation"": ""selu"", ""batch_size"": 64, ""data_augmentation"": false, ""dr_f"": 0.30307853912, ""learning_rate"": 0.000468237254, ""new_fc_1"": 29, ""new_fc_10"": 22, ""new_fc_2"": 9, ""new_fc_3"": 27, ""new_fc_4"": 20, ""new_fc_5"": 25, ""new_fc_6"": 32, ""new_fc_7"": 17, ""new_fc_8"": 18, ""new_fc_9"": 15, ""num_neurons"": 16, ""optimizer"": ""SGD"", ""reg_l2"": true, ""skip_connection"": true, ""unit_c1"": 2, ""unit_c2"": 5}"
234,101,accuracy,0.8669999986886978,0.13300000131130219,0.29339824,44009736.0,2279108.0,-0.30508052891791154,506.371,"{""activation"": ""selu"", ""batch_size"": 64, ""data_augmentation"": true, ""dr_f"": 0.271600019192, ""learning_rate"": 0.000766538826, ""new_fc_1"": 31, ""new_fc_10"": 4, ""new_fc_2"": 29, ""new_fc_3"": 32, ""new_fc_4"": 2, ""new_fc_5"": 3, ""new_fc_6"": 32, ""new_fc_7"": 15, ""new_fc_8"": 6, ""new_fc_9"": 17, ""num_neurons"": 16, ""optimizer"": ""SGD"", ""reg_l2"": true, ""skip_connection"": true, ""unit_c1"": 2, ""unit_c2"": 3}"
235,101,flops,,,0.07679634666666667,11519452.0,98160.0,,507.6641,"{""activation"": ""relu"", ""batch_size"": 16, ""data_augmentation"": true, ""dr_f"": 0.487010971536, ""learning_rate"": 0.000565180163, ""new_fc_1"": 8, ""new_fc_10"": 7, ""new_fc_2"": 14, ""new_fc_3"": 2, ""new_fc_4"": 9, ""new_fc_5"": 13, ""new_fc_6"": 11, ""new_fc_7"": 16, ""new_fc_8"": 19, ""new_fc_9"": 22, ""num_neurons"": 4, ""optimizer"": ""Adagrad"", ""reg_l2"": false, ""skip_connection"": false, ""unit_c1"": 4, ""unit_c2"": 7}"
236,102,accuracy,10000000000.0,,16.52142224,2478213336.0,37879652.0,10000000000.0,511.3946,"{""activation"": ""elu"", ""batch_size"": 32, ""data_augmentation"": true, ""dr_f"": 0.141279147821, ""learning_rate"": 0.000837005508, ""new_fc_1"": 14, ""new_fc_10"": 21, ""new_fc_2"": 26, ""new_fc_3"": 32, ""new_fc_4"": 15, ""new_fc_5"": 5, ""new_fc_6"": 6, ""new_fc_7"": 17, ""new_fc_8"": 19, ""new_fc_9"": 23, ""num_neurons"": 64, ""optimizer"": ""Adadelta"", ""reg_l2"": false, ""skip_connection"": true, ""unit_c1"": 4, ""unit_c2"": 6}"
237,102,flops,,,0.8509983466666666,127649752.0,6415492.0,,512.7368,"{""activation"": ""elu"", ""batch_size"": 8, ""data_augmentation"": false, ""dr_f"": 0.075658909107, ""learning_rate"": 0.000458940876, ""new_fc_1"": 18, ""new_fc_10"": 12, ""new_fc_2"": 17, ""new_fc_3"": 4, ""new_fc_4"": 31, ""new_fc_5"": 1, ""new_fc_6"": 9, ""new_fc_7"": 4, ""new_fc_8"": 17, ""new_fc_9"": 27, ""num_neurons"": 32, ""optimizer"": ""Adadelta"", ""reg_l2"": false, ""skip_connection"": false, ""unit_c1"": 1, ""unit_c2"": 4}"
238,102,flops,,,0.21494101333333332,32241152.0,1179676.0,,513.8031,"{""activation"": ""relu"", ""batch_size"": 32, ""data_augmentation"": false, ""dr_f"": 0.28164671881, ""learning_rate"": 0.000814952315, ""new_fc_1"": 31, ""new_fc_10"": 2, ""new_fc_2"": 27, ""new_fc_3"": 4, ""new_fc_4"": 21, ""new_fc_5"": 15, ""new_fc_6"": 22, ""new_fc_7"": 1, ""new_fc_8"": 6, ""new_fc_9"": 4, ""num_neurons"": 8, ""optimizer"": ""Adam"", ""reg_l2"": true, ""skip_connection"": true, ""unit_c1"": 2, ""unit_c2"": 8}"
239,103,accuracy,0.9737999998033047,0.026200000196695328,0.19778698666666666,29668048.0,477508.0,-0.25900390413768676,958.9253,"{""activation"": ""elu"", ""batch_size"": 16, ""data_augmentation"": false, ""dr_f"": 0.17944911753, ""learning_rate"": 0.00092601063, ""new_fc_1"": 10, ""new_fc_10"": 26, ""new_fc_2"": 17, ""new_fc_3"": 16, ""new_fc_4"": 15, ""new_fc_5"": 9, ""new_fc_6"": 31, ""new_fc_7"": 23, ""new_fc_8"": 8, ""new_fc_9"": 20, ""num_neurons"": 8, ""optimizer"": ""Adagrad"", ""reg_l2"": true, ""skip_connection"": true, ""unit_c1"": 3, ""unit_c2"": 6}"
240,104,accuracy,10000000000.0,,16.69186064,2503779096.0,50664100.0,10000000000.0,962.1474,"{""activation"": ""elu"", ""batch_size"": 16, ""data_augmentation"": true, ""dr_f"": 0.44866439808, ""learning_rate"": 0.00079862027, ""new_fc_1"": 18, ""new_fc_10"": 20, ""new_fc_2"": 23, ""new_fc_3"": 28, ""new_fc_4"": 28, ""new_fc_5"": 19, ""new_fc_6"": 25, ""new_fc_7"": 10, ""new_fc_8"": 29, ""new_fc_9"": 27, ""num_neurons"": 64, ""optimizer"": ""SGD"", ""reg_l2"": false, ""skip_connection"": true, ""unit_c1"": 4, ""unit_c2"": 6}"
241,105,accuracy,10000000000.0,,17.024386293333333,2553657944.0,77754660.0,10000000000.0,966.3497,"{""activation"": ""swish"", ""batch_size"": 16, ""data_augmentation"": true, ""dr_f"": 0.401887028166, ""learning_rate"": 0.00030200507, ""new_fc_1"": 28, ""new_fc_10"": 30, ""new_fc_2"": 26, ""new_fc_3"": 31, ""new_fc_4"": 27, ""new_fc_5"": 2, ""new_fc_6"": 7, ""new_fc_7"": 27, ""new_fc_8"": 17, ""new_fc_9"": 13, ""num_neurons"": 64, ""optimizer"": ""Adam"", ""reg_l2"": true, ""skip_connection"": true, ""unit_c1"": 3, ""unit_c2"": 8}"
242,106,accuracy,0.9901999998837709,0.009800000116229057,0.042401306666666666,6360196.0,53348.0,-0.29413960808136036,1111.9522,"{""activation"": ""swish"", ""batch_size"": 64, ""data_augmentation"": true, ""dr_f"": 0.151999781044, ""learning_rate"": 0.000559536978, ""new_fc_1"": 3, ""new_fc_10"": 12, ""new_fc_2"": 18, ""new_fc_3"": 15, ""new_fc_4"": 25, ""new_fc_5"": 23, ""new_fc_6"": 11, ""new_fc_7"": 22, ""new_fc_8"": 26, ""new_fc_9"": 6, ""num_neurons"": 4, ""optimizer"": ""Adadelta"", ""reg_l2"": true, ""skip_connection"": true, ""unit_c1"": 4, ""unit_c2"": 1}"
243,107,accuracy,0.9912999998778105,0.008700000122189522,0.5524230933333333,82863464.0,1215684.0,-0.1403630720855327,2038.1727,"{""activation"": ""swish"", ""batch_size"": 8, ""data_augmentation"": true, ""dr_f"": 0.199025636024, ""learning_rate"": 0.000553990323, ""new_fc_1"": 6, ""new_fc_10"": 13, ""new_fc_2"": 23, ""new_fc_3"": 25, ""new_fc_4"": 31, ""new_fc_5"": 15, ""new_fc_6"": 21, ""new_fc_7"": 12, ""new_fc_8"": 14, ""new_fc_9"": 3, ""num_neurons"": 16, ""optimizer"": ""Adadelta"", ""reg_l2"": true, ""skip_connection"": true, ""unit_c1"": 3, ""unit_c2"": 4}"
244,108,accuracy,0.9653000012040138,0.034699998795986176,0.05099562666666667,7649344.0,458068.0,-0.3089913111571903,2303.367,"{""activation"": ""elu"", ""batch_size"": 32, ""data_augmentation"": false, ""dr_f"": 0.05332181473, ""learning_rate"": 0.000888649526, ""new_fc_1"": 25, ""new_fc_10"": 25, ""new_fc_2"": 31, ""new_fc_3"": 22, ""new_fc_4"": 24, ""new_fc_5"": 16, ""new_fc_6"": 32, ""new_fc_7"": 26, ""new_fc_8"": 0, ""new_fc_9"": 28, ""num_neurons"": 8, ""optimizer"": ""Adamax"", ""reg_l2"": true, ""skip_connection"": true, ""unit_c1"": 2, ""unit_c2"": 1}"
245,108,flops,,,0.061916533333333336,9287480.0,640116.0,,2304.6249,"{""activation"": ""relu"", ""batch_size"": 16, ""data_augmentation"": true, ""dr_f"": 0.440073010728, ""learning_rate"": 0.000369980435, ""new_fc_1"": 3, ""new_fc_10"": 27, ""new_fc_2"": 16, ""new_fc_3"": 19, ""new_fc_4"": 13, ""new_fc_5"": 23, ""new_fc_6"": 21, ""new_fc_7"": 6, ""new_fc_8"": 1, ""new_fc_9"": 21, ""num_neurons"": 16, ""optimizer"": ""Adagrad"", ""reg_l2"": false, ""skip_connection"": false, ""unit_c1"": 1, ""unit_c2"": 1}"
246,109,accuracy,0.9900000002235174,0.009999999776482582,0.2751312533333333,41269688.0,5341284.0,-0.2244606238435378,3171.2159,"{""activation"": ""swish"", ""batch_size"": 8, ""data_augmentation"": false, ""dr_f"": 0.052355544793, ""learning_rate"": 0.000381458003, ""new_fc_1"": 22, ""new_fc_10"": 15, ""new_fc_2"": 24, ""new_fc_3"": 24, ""new_fc_4"": 1, ""new_fc_5"": 27, ""new_fc_6"": 0, ""new_fc_7"": 31, ""new_fc_8"": 25, ""new_fc_9"": 24, ""num_neurons"": 32, ""optimizer"": ""Adagrad"", ""reg_l2"": true, ""skip_connection"": true, ""unit_c1"": 1, ""unit_c2"": 1}"
247,110,accuracy,0.9900000002235174,0.009999999776482582,0.8722226666666667,130833400.0,1635796.0,-0.0453331998435378,3616.3047,"{""activation"": ""elu"", ""batch_size"": 16, ""data_augmentation"": true, ""dr_f"": 0.238481691498, ""learning_rate"": 0.000559689673, ""new_fc_1"": 10, ""new_fc_10"": 2, ""new_fc_2"": 6, ""new_fc_3"": 6, ""new_fc_4"": 26, ""new_fc_5"": 0, ""new_fc_6"": 12, ""new_fc_7"": 8, ""new_fc_8"": 21, ""new_fc_9"": 15, ""num_neurons"": 16, ""optimizer"": ""Adamax"", ""reg_l2"": true, ""skip_connection"": false, ""unit_c1"": 3, ""unit_c2"": 7}"
248,111,accuracy,0.9822000004351139,0.017799999564886093,0.0462304,6934560.0,200428.0,-0.29859087969542025,4001.0126,"{""activation"": ""elu"", ""batch_size"": 16, ""data_augmentation"": true, ""dr_f"": 0.052983106773, ""learning_rate"": 0.000694724746, ""new_fc_1"": 8, ""new_fc_10"": 1, ""new_fc_2"": 30, ""new_fc_3"": 25, ""new_fc_4"": 0, ""new_fc_5"": 24, ""new_fc_6"": 24, ""new_fc_7"": 12, ""new_fc_8"": 0, ""new_fc_9"": 5, ""num_neurons"": 8, ""optimizer"": ""SGD"", ""reg_l2"": true, ""skip_connection"": false, ""unit_c1"": 2, ""unit_c2"": 1}"
249,111,flops,,,8.525071946666667,1278760792.0,31073316.0,,4003.4205,"{""activation"": ""relu"", ""batch_size"": 64, ""data_augmentation"": true, ""dr_f"": 0.060387834925, ""learning_rate"": 0.000133269579, ""new_fc_1"": 22, ""new_fc_10"": 1, ""new_fc_2"": 6, ""new_fc_3"": 12, ""new_fc_4"": 23, ""new_fc_5"": 10, ""new_fc_6"": 9, ""new_fc_7"": 7, ""new_fc_8"": 19, ""new_fc_9"": 31, ""num_neurons"": 64, ""optimizer"": ""Adamax"", ""reg_l2"": true, ""skip_connection"": false, ""unit_c1"": 3, ""unit_c2"": 4}"
250,112,accuracy,10000000000.0,,1.57071632,235607448.0,19397220.0,10000000000.0,4005.7681,"{""activation"": ""elu"", ""batch_size"": 8, ""data_augmentation"": true, ""dr_f"": 0.284350298753, ""learning_rate"": 0.00066614062, ""new_fc_1"": 16, ""new_fc_10"": 27, ""new_fc_2"": 25, ""new_fc_3"": 7, ""new_fc_4"": 2, ""new_fc_5"": 32, ""new_fc_6"": 17, ""new_fc_7"": 18, ""new_fc_8"": 25, ""new_fc_9"": 12, ""num_neurons"": 64, ""optimizer"": ""Adagrad"", ""reg_l2"": true, ""skip_connection"": true, ""unit_c1"": 1, ""unit_c2"": 2}"
251,112,flops,,,0.29679194666666664,44518792.0,567684.0,,4007.0488,"{""activation"": ""selu"", ""batch_size"": 16, ""data_augmentation"": false, ""dr_f"": 0.427143047002, ""learning_rate"": 0.000918084243, ""new_fc_1"": 13, ""new_fc_10"": 17, ""new_fc_2"": 25, ""new_fc_3"": 19, ""new_fc_4"": 14, ""new_fc_5"": 26, ""new_fc_6"": 5, ""new_fc_7"": 10, ""new_fc_8"": 13, ""new_fc_9"": 0, ""num_neurons"": 8, ""optimizer"": ""SGD"", ""reg_l2"": false, ""skip_connection"": false, ""unit_c1"": 4, ""unit_c2"": 7}"
252,112,flops,,,0.017820373333333334,2673056.0,217540.0,,4008.1324,"{""activation"": ""relu"", ""batch_size"": 64, ""data_augmentation"": true, ""dr_f"": 0.432365801334, ""learning_rate"": 0.00090622038, ""new_fc_1"": 9, ""new_fc_10"": 1, ""new_fc_2"": 16, ""new_fc_3"": 0, ""new_fc_4"": 23, ""new_fc_5"": 31, ""new_fc_6"": 0, ""new_fc_7"": 31, ""new_fc_8"": 18, ""new_fc_9"": 0, ""num_neurons"": 8, ""optimizer"": ""Adadelta"", ""reg_l2"": false, ""skip_connection"": false, ""unit_c1"": 1, ""unit_c2"": 1}"
253,112,flops,,,0.29604453333333336,44406680.0,1311908.0,,4009.4227,"{""activation"": ""elu"", ""batch_size"": 32, ""data_augmentation"": false, ""dr_f"": 0.469412395344, ""learning_rate"": 0.000989454298, ""new_fc_1"": 13, ""new_fc_10"": 4, ""new_fc_2"": 4, ""new_fc_3"": 1, ""new_fc_4"": 1, ""new_fc_5"": 14, ""new_fc_6"": 7, ""new_fc_7"": 25, ""new_fc_8"": 9, ""new_fc_9"": 6, ""num_neurons"": 16, ""optimizer"": ""Adam"", ""reg_l2"": true, ""skip_connection"": true, ""unit_c1"": 1, ""unit_c2"": 5}"
254,113,accuracy,10000000000.0,,1.0524165866666666,157862488.0,2773204.0,10000000000.0,4010.4913,"{""activation"": ""selu"", ""batch_size"": 64, ""data_augmentation"": true, ""dr_f"": 0.391498999689, ""learning_rate"": 0.00052018887, ""new_fc_1"": 16, ""new_fc_10"": 0, ""new_fc_2"": 24, ""new_fc_3"": 0, ""new_fc_4"": 22, ""new_fc_5"": 4, ""new_fc_6"": 28, ""new_fc_7"": 20, ""new_fc_8"": 1, ""new_fc_9"": 5, ""num_neurons"": 16, ""optimizer"": ""Adadelta"", ""reg_l2"": true, ""skip_connection"": true, ""unit_c1"": 3, ""unit_c2"": 8}"
255,113,flops,,,9.139850826666667,1370977624.0,27615972.0,,4012.6201,"{""activation"": ""relu"", ""batch_size"": 32, ""data_augmentation"": false, ""dr_f"": 0.034490550331, ""learning_rate"": 0.00014061721, ""new_fc_1"": 32, ""new_fc_10"": 14, ""new_fc_2"": 23, ""new_fc_3"": 12, ""new_fc_4"": 20, ""new_fc_5"": 28, ""new_fc_6"": 30, ""new_fc_7"": 27, ""new_fc_8"": 27, ""new_fc_9"": 7, ""num_neurons"": 64, ""optimizer"": ""Adam"", ""reg_l2"": false, ""skip_connection"": false, ""unit_c1"": 4, ""unit_c2"": 1}"
256,113,flops,,,0.013000693333333334,1950104.0,40932.0,,4013.8017,"{""activation"": ""relu"", ""batch_size"": 64, ""data_augmentation"": false, ""dr_f"": 0.16890907395, ""learning_rate"": 0.000155915547, ""new_fc_1"": 16, ""new_fc_10"": 6, ""new_fc_2"": 31, ""new_fc_3"": 6, ""new_fc_4"": 28, ""new_fc_5"": 7, ""new_fc_6"": 2, ""new_fc_7"": 18, ""new_fc_8"": 4, ""new_fc_9"": 10, ""num_neurons"": 4, ""optimizer"": ""Adamax"", ""reg_l2"": true, ""skip_connection"": false, ""unit_c1"": 2, ""unit_c2"": 1}"
257,114,accuracy,10000000000.0,,2.677316,401597400.0,15369252.0,10000000000.0,4016.6308,"{""activation"": ""selu"", ""batch_size"": 8, ""data_augmentation"": false, ""dr_f"": 0.45221661674, ""learning_rate"": 0.000691748242, ""new_fc_1"": 32, ""new_fc_10"": 7, ""new_fc_2"": 16, ""new_fc_3"": 4, ""new_fc_4"": 31, ""new_fc_5"": 22, ""new_fc_6"": 2, ""new_fc_7"": 13, ""new_fc_8"": 4, ""new_fc_9"": 11, ""num_neurons"": 64, ""optimizer"": ""Adadelta"", ""reg_l2"": false, ""skip_connection"": true, ""unit_c1"": 2, ""unit_c2"": 1}"
258,114,flops,,,0.34631962666666666,51947944.0,1006532.0,,4017.7575,"{""activation"": ""relu"", ""batch_size"": 8, ""data_augmentation"": false, ""dr_f"": 0.318656911732, ""learning_rate"": 0.000452296281, ""new_fc_1"": 17, ""new_fc_10"": 14, ""new_fc_2"": 22, ""new_fc_3"": 25, ""new_fc_4"": 13, ""new_fc_5"": 24, ""new_fc_6"": 21, ""new_fc_7"": 14, ""new_fc_8"": 6, ""new_fc_9"": 9, ""num_neurons"": 16, ""optimizer"": ""Adam"", ""reg_l2"": true, ""skip_connection"": false, ""unit_c1"": 3, ""unit_c2"": 1}"
259,115,accuracy,0.8053999990224838,0.19460000097751617,0.23897616,35846424.0,2983412.0,-0.3645271526842613,4462.9152,"{""activation"": ""elu"", ""batch_size"": 64, ""data_augmentation"": true, ""dr_f"": 0.249334401095, ""learning_rate"": 0.000630207918, ""new_fc_1"": 29, ""new_fc_10"": 20, ""new_fc_2"": 30, ""new_fc_3"": 26, ""new_fc_4"": 32, ""new_fc_5"": 16, ""new_fc_6"": 26, ""new_fc_7"": 6, ""new_fc_8"": 10, ""new_fc_9"": 9, ""num_neurons"": 16, ""optimizer"": ""SGD"", ""reg_l2"": false, ""skip_connection"": true, ""unit_c1"": 1, ""unit_c2"": 4}"
260,115,flops,,,0.20437114666666667,30655672.0,119716.0,,4464.2522,"{""activation"": ""selu"", ""batch_size"": 8, ""data_augmentation"": true, ""dr_f"": 0.372925486464, ""learning_rate"": 0.000525593567, ""new_fc_1"": 1, ""new_fc_10"": 28, ""new_fc_2"": 10, ""new_fc_3"": 5, ""new_fc_4"": 16, ""new_fc_5"": 9, ""new_fc_6"": 15, ""new_fc_7"": 15, ""new_fc_8"": 8, ""new_fc_9"": 1, ""num_neurons"": 8, ""optimizer"": ""Adamax"", ""reg_l2"": false, ""skip_connection"": true, ""unit_c1"": 4, ""unit_c2"": 4}"
261,116,accuracy,0.9900000002235174,0.009999999776482582,0.019103733333333334,2865560.0,292188.0,-0.3012688798435378,4609.5793,"{""activation"": ""swish"", ""batch_size"": 64, ""data_augmentation"": false, ""dr_f"": 0.39941093385, ""learning_rate"": 0.00096751956, ""new_fc_1"": 31, ""new_fc_10"": 18, ""new_fc_2"": 26, ""new_fc_3"": 14, ""new_fc_4"": 5, ""new_fc_5"": 3, ""new_fc_6"": 7, ""new_fc_7"": 1, ""new_fc_8"": 22, ""new_fc_9"": 25, ""num_neurons"": 8, ""optimizer"": ""Adamax"", ""reg_l2"": true, ""skip_connection"": false, ""unit_c1"": 1, ""unit_c2"": 1}"
262,116,flops,,,0.6565401066666666,98481016.0,1901988.0,,4610.7688,"{""activation"": ""selu"", ""batch_size"": 32, ""data_augmentation"": false, ""dr_f"": 0.101208807712, ""learning_rate"": 0.000730183555, ""new_fc_1"": 12, ""new_fc_10"": 12, ""new_fc_2"": 29, ""new_fc_3"": 28, ""new_fc_4"": 4, ""new_fc_5"": 10, ""new_fc_6"": 16, ""new_fc_7"": 20, ""new_fc_8"": 19, ""new_fc_9"": 28, ""num_neurons"": 16, ""optimizer"": ""Adadelta"", ""reg_l2"": true, ""skip_connection"": true, ""unit_c1"": 3, ""unit_c2"": 5}"
263,117,accuracy,10000000000.0,,10.22808208,1534212312.0,29437284.0,10000000000.0,4613.4161,"{""activation"": ""relu"", ""batch_size"": 8, ""data_augmentation"": true, ""dr_f"": 0.433441971275, ""learning_rate"": 0.000130281923, ""new_fc_1"": 13, ""new_fc_10"": 6, ""new_fc_2"": 25, ""new_fc_3"": 29, ""new_fc_4"": 9, ""new_fc_5"": 30, ""new_fc_6"": 2, ""new_fc_7"": 9, ""new_fc_8"": 28, ""new_fc_9"": 19, ""num_neurons"": 64, ""optimizer"": ""Adagrad"", ""reg_l2"": false, ""skip_connection"": true, ""unit_c1"": 3, ""unit_c2"": 5}"
264,117,flops,,,0.05166978666666667,7750468.0,119164.0,,4614.6274,"{""activation"": ""swish"", ""batch_size"": 64, ""data_augmentation"": false, ""dr_f"": 0.194108407596, ""learning_rate"": 0.000231192777, ""new_fc_1"": 26, ""new_fc_10"": 11, ""new_fc_2"": 4, ""new_fc_3"": 7, ""new_fc_4"": 12, ""new_fc_5"": 12, ""new_fc_6"": 13, ""new_fc_7"": 12, ""new_fc_8"": 31, ""new_fc_9"": 17, ""num_neurons"": 4, ""optimizer"": ""Adadelta"", ""reg_l2"": false, ""skip_connection"": true, ""unit_c1"": 4, ""unit_c2"": 3}"
265,117,flops,,,1.5798851733333332,236982776.0,7082916.0,,4616.1736,"{""activation"": ""swish"", ""batch_size"": 8, ""data_augmentation"": false, ""dr_f"": 0.292474380849, ""learning_rate"": 0.000922928602, ""new_fc_1"": 27, ""new_fc_10"": 16, ""new_fc_2"": 22, ""new_fc_3"": 24, ""new_fc_4"": 29, ""new_fc_5"": 1, ""new_fc_6"": 5, ""new_fc_7"": 23, ""new_fc_8"": 16, ""new_fc_9"": 28, ""num_neurons"": 32, ""optimizer"": ""Adadelta"", ""reg_l2"": true, ""skip_connection"": false, ""unit_c1"": 3, ""unit_c2"": 2}"
266,118,accuracy,0.9899000003933907,0.010099999606609344,0.07679634666666667,11519452.0,98160.0,-0.2840310957246265,4941.073,"{""activation"": ""relu"", ""batch_size"": 16, ""data_augmentation"": true, ""dr_f"": 0.487010971536, ""learning_rate"": 0.000565180163, ""new_fc_1"": 8, ""new_fc_10"": 7, ""new_fc_2"": 14, ""new_fc_3"": 2, ""new_fc_4"": 9, ""new_fc_5"": 13, ""new_fc_6"": 11, ""new_fc_7"": 16, ""new_fc_8"": 19, ""new_fc_9"": 22, ""num_neurons"": 4, ""optimizer"": ""Adagrad"", ""reg_l2"": false, ""skip_connection"": false, ""unit_c1"": 4, ""unit_c2"": 7}"
267,119,accuracy,0.9886999996379018,0.011300000362098217,0.025646773333333334,3847016.0,87176.0,-0.30021596825346875,5206.2121,"{""activation"": ""swish"", ""batch_size"": 32, ""data_augmentation"": true, ""dr_f"": 0.442295127193, ""learning_rate"": 0.00015820702, ""new_fc_1"": 6, ""new_fc_10"": 18, ""new_fc_2"": 18, ""new_fc_3"": 20, ""new_fc_4"": 10, ""new_fc_5"": 18, ""new_fc_6"": 31, ""new_fc_7"": 12, ""new_fc_8"": 12, ""new_fc_9"": 11, ""num_neurons"": 4, ""optimizer"": ""Adadelta"", ""reg_l2"": true, ""skip_connection"": false, ""unit_c1"": 1, ""unit_c2"": 6}"
268,120,accuracy,0.9872000003233552,0.012799999676644802,0.09830693333333333,14746040.0,220732.0,-0.2794679197736514,5951.1855,"{""activation"": ""relu"", ""batch_size"": 8, ""data_augmentation"": false, ""dr_f"": 0.038607298042, ""learning_rate"": 0.000585033387, ""new_fc_1"": 2, ""new_fc_10"": 5, ""new_fc_2"": 20, ""new_fc_3"": 12, ""new_fc_4"": 11, ""new_fc_5"": 30, ""new_fc_6"": 22, ""new_fc_7"": 9, ""new_fc_8"": 18, ""new_fc_9"": 19, ""num_neurons"": 8, ""optimizer"": ""SGD"", ""reg_l2"": true, ""skip_connection"": true, ""unit_c1"": 1, ""unit_c2"": 6}"
269,120,flops,,,13.167631946666667,1975144792.0,80778212.0,,5955.558,"{""activation"": ""relu"", ""batch_size"": 64, ""data_augmentation"": true, ""dr_f"": 0.225127124549, ""learning_rate"": 0.000379901698, ""new_fc_1"": 29, ""new_fc_10"": 14, ""new_fc_2"": 23, ""new_fc_3"": 23, ""new_fc_4"": 29, ""new_fc_5"": 30, ""new_fc_6"": 21, ""new_fc_7"": 20, ""new_fc_8"": 14, ""new_fc_9"": 1, ""num_neurons"": 64, ""optimizer"": ""Adam"", ""reg_l2"": false, ""skip_connection"": false, ""unit_c1"": 2, ""unit_c2"": 8}"
270,121,accuracy,0.9655000008642673,0.03449999913573265,0.0445348,6680220.0,96708.0,-0.31078955939501285,7781.0578,"{""activation"": ""selu"", ""batch_size"": 8, ""data_augmentation"": true, ""dr_f"": 0.179752193274, ""learning_rate"": 0.000761642132, ""new_fc_1"": 5, ""new_fc_10"": 31, ""new_fc_2"": 14, ""new_fc_3"": 8, ""new_fc_4"": 19, ""new_fc_5"": 27, ""new_fc_6"": 30, ""new_fc_7"": 4, ""new_fc_8"": 22, ""new_fc_9"": 9, ""num_neurons"": 4, ""optimizer"": ""Adadelta"", ""reg_l2"": true, ""skip_connection"": true, ""unit_c1"": 2, ""unit_c2"": 7}"
271,121,flops,,,0.38531088,57796632.0,3745412.0,,7782.6683,"{""activation"": ""relu"", ""batch_size"": 32, ""data_augmentation"": true, ""dr_f"": 0.420088650283, ""learning_rate"": 0.000937329656, ""new_fc_1"": 6, ""new_fc_10"": 25, ""new_fc_2"": 18, ""new_fc_3"": 4, ""new_fc_4"": 6, ""new_fc_5"": 9, ""new_fc_6"": 32, ""new_fc_7"": 18, ""new_fc_8"": 22, ""new_fc_9"": 26, ""num_neurons"": 32, ""optimizer"": ""SGD"", ""reg_l2"": false, ""skip_connection"": true, ""unit_c1"": 1, ""unit_c2"": 2}"
272,121,flops,,,16.195843146666668,2429376472.0,39673316.0,,7785.2846,"{""activation"": ""elu"", ""batch_size"": 16, ""data_augmentation"": true, ""dr_f"": 0.281499620198, ""learning_rate"": 0.00024090766, ""new_fc_1"": 18, ""new_fc_10"": 8, ""new_fc_2"": 19, ""new_fc_3"": 21, ""new_fc_4"": 4, ""new_fc_5"": 19, ""new_fc_6"": 32, ""new_fc_7"": 11, ""new_fc_8"": 17, ""new_fc_9"": 1, ""num_neurons"": 64, ""optimizer"": ""Adadelta"", ""reg_l2"": false, ""skip_connection"": false, ""unit_c1"": 4, ""unit_c2"": 6}"
273,121,flops,,,4.53790608,680685912.0,4724004.0,,7786.7282,"{""activation"": ""relu"", ""batch_size"": 16, ""data_augmentation"": true, ""dr_f"": 0.474221940972, ""learning_rate"": 0.000227745632, ""new_fc_1"": 4, ""new_fc_10"": 29, ""new_fc_2"": 7, ""new_fc_3"": 2, ""new_fc_4"": 23, ""new_fc_5"": 9, ""new_fc_6"": 9, ""new_fc_7"": 16, ""new_fc_8"": 30, ""new_fc_9"": 15, ""num_neurons"": 32, ""optimizer"": ""Adamax"", ""reg_l2"": true, ""skip_connection"": false, ""unit_c1"": 4, ""unit_c2"": 7}"
274,122,accuracy,0.9450000002980232,0.054999999701976776,0.20437114666666667,30655672.0,119716.0,-0.27718865579138374,9251.7757,"{""activation"": ""selu"", ""batch_size"": 8, ""data_augmentation"": true, ""dr_f"": 0.372925486464, ""learning_rate"": 0.000525593567, ""new_fc_1"": 1, ""new_fc_10"": 28, ""new_fc_2"": 10, ""new_fc_3"": 5, ""new_fc_4"": 16, ""new_fc_5"": 9, ""new_fc_6"": 15, ""new_fc_7"": 15, ""new_fc_8"": 8, ""new_fc_9"": 1, ""num_neurons"": 8, ""optimizer"": ""Adamax"", ""reg_l2"": false, ""skip_connection"": true, ""unit_c1"": 4, ""unit_c2"": 4}"
275,123,accuracy,10000000000.0,,1.6000031466666667,240000472.0,6851332.0,10000000000.0,9253.1579,"{""activation"": ""elu"", ""batch_size"": 32, ""data_augmentation"": false, ""dr_f"": 0.462528653413, ""learning_rate"": 0.000544020904, ""new_fc_1"": 25, ""new_fc_10"": 20, ""new_fc_2"": 20, ""new_fc_3"": 26, ""new_fc_4"": 14, ""new_fc_5"": 31, ""new_fc_6"": 19, ""new_fc_7"": 0, ""new_fc_8"": 7, ""new_fc_9"": 26, ""num_neurons"": 32, ""optimizer"": ""Adadelta"", ""reg_l2"": true, ""skip_connection"": true, ""unit_c1"": 3, ""unit_c2"": 2}"
276,123,flops,,,0.8576445333333333,128646680.0,5652708.0,,9254.4929,"{""activation"": ""relu"", ""batch_size"": 64, ""data_augmentation"": true, ""dr_f"": 0.484028191813, ""learning_rate"": 0.000268108049, ""new_fc_1"": 26, ""new_fc_10"": 16, ""new_fc_2"": 2, ""new_fc_3"": 9, ""new_fc_4"": 24, ""new_fc_5"": 12, ""new_fc_6"": 29, ""new_fc_7"": 25, ""new_fc_8"": 10, ""new_fc_9"": 5, ""num_neurons"": 32, ""optimizer"": ""SGD"", ""reg_l2"": false, ""skip_connection"": true, ""unit_c1"": 2, ""unit_c2"": 2}"
277,124,accuracy,0.9891999997198582,0.01080000028014183,0.017820373333333334,2673056.0,217540.0,-0.30221388819609923,9399.1855,"{""activation"": ""relu"", ""batch_size"": 64, ""data_augmentation"": true, ""dr_f"": 0.432365801334, ""learning_rate"": 0.00090622038, ""new_fc_1"": 9, ""new_fc_10"": 1, ""new_fc_2"": 16, ""new_fc_3"": 0, ""new_fc_4"": 23, ""new_fc_5"": 31, ""new_fc_6"": 0, ""new_fc_7"": 31, ""new_fc_8"": 18, ""new_fc_9"": 0, ""num_neurons"": 8, ""optimizer"": ""Adadelta"", ""reg_l2"": false, ""skip_connection"": false, ""unit_c1"": 1, ""unit_c2"": 1}"
278,125,accuracy,0.7744999974966049,0.22550000250339508,0.9253184533333333,138797768.0,3353396.0,-0.18025446575237655,9665.4902,"{""activation"": ""elu"", ""batch_size"": 64, ""data_augmentation"": false, ""dr_f"": 0.33900133542, ""learning_rate"": 0.000111773647, ""new_fc_1"": 30, ""new_fc_10"": 14, ""new_fc_2"": 21, ""new_fc_3"": 11, ""new_fc_4"": 15, ""new_fc_5"": 22, ""new_fc_6"": 11, ""new_fc_7"": 25, ""new_fc_8"": 26, ""new_fc_9"": 8, ""num_neurons"": 16, ""optimizer"": ""Adam"", ""reg_l2"": false, ""skip_connection"": false, ""unit_c1"": 4, ""unit_c2"": 5}"
279,125,flops,,,0.007627386666666667,1144108.0,84940.0,,1.7568,"{""activation"": ""elu"", ""batch_size"": 16, ""data_augmentation"": true, ""dr_f"": 0.123083804212, ""learning_rate"": 0.000382611948, ""new_fc_1"": 4, ""new_fc_10"": 27, ""new_fc_2"": 12, ""new_fc_3"": 16, ""new_fc_4"": 9, ""new_fc_5"": 24, ""new_fc_6"": 30, ""new_fc_7"": 30, ""new_fc_8"": 20, ""new_fc_9"": 25, ""num_neurons"": 4, ""optimizer"": ""Adagrad"", ""reg_l2"": true, ""skip_connection"": false, ""unit_c1"": 1, ""unit_c2"": 2}"
280,125,flops,,,0.8082595733333333,121238936.0,3074500.0,,3.1917,"{""activation"": ""swish"", ""batch_size"": 8, ""data_augmentation"": false, ""dr_f"": 0.087886607301, ""learning_rate"": 0.000652094297, ""new_fc_1"": 2, ""new_fc_10"": 6, ""new_fc_2"": 10, ""new_fc_3"": 10, ""new_fc_4"": 2, ""new_fc_5"": 22, ""new_fc_6"": 18, ""new_fc_7"": 20, ""new_fc_8"": 25, ""new_fc_9"": 27, ""num_neurons"": 32, ""optimizer"": ""SGD"", ""reg_l2"": false, ""skip_connection"": false, ""unit_c1"": 1, ""unit_c2"": 4}"
281,126,accuracy,0.987300000153482,0.01269999984651804,0.0455152,6827280.0,110804.0,-0.2952354398925626,150.0949,"{""activation"": ""swish"", ""batch_size"": 64, ""data_augmentation"": false, ""dr_f"": 0.335621819181, ""learning_rate"": 0.000284526166, ""new_fc_1"": 13, ""new_fc_10"": 6, ""new_fc_2"": 17, ""new_fc_3"": 22, ""new_fc_4"": 4, ""new_fc_5"": 20, ""new_fc_6"": 17, ""new_fc_7"": 13, ""new_fc_8"": 15, ""new_fc_9"": 27, ""num_neurons"": 4, ""optimizer"": ""SGD"", ""reg_l2"": false, ""skip_connection"": true, ""unit_c1"": 3, ""unit_c2"": 5}"
282,126,flops,,,12.129569013333333,1819435352.0,37268900.0,,152.8715,"{""activation"": ""selu"", ""batch_size"": 8, ""data_augmentation"": true, ""dr_f"": 0.27287545678, ""learning_rate"": 0.000645135294, ""new_fc_1"": 19, ""new_fc_10"": 23, ""new_fc_2"": 2, ""new_fc_3"": 2, ""new_fc_4"": 19, ""new_fc_5"": 22, ""new_fc_6"": 12, ""new_fc_7"": 4, ""new_fc_8"": 23, ""new_fc_9"": 6, ""num_neurons"": 64, ""optimizer"": ""Adamax"", ""reg_l2"": false, ""skip_connection"": true, ""unit_c1"": 3, ""unit_c2"": 6}"
283,126,flops,,,0.14610213333333333,21915320.0,1006644.0,,154.0592,"{""activation"": ""swish"", ""batch_size"": 16, ""data_augmentation"": true, ""dr_f"": 0.043185434581, ""learning_rate"": 0.000705475681, ""new_fc_1"": 2, ""new_fc_10"": 22, ""new_fc_2"": 18, ""new_fc_3"": 17, ""new_fc_4"": 16, ""new_fc_5"": 5, ""new_fc_6"": 15, ""new_fc_7"": 29, ""new_fc_8"": 24, ""new_fc_9"": 30, ""num_neurons"": 16, ""optimizer"": ""Adamax"", ""reg_l2"": false, ""skip_connection"": false, ""unit_c1"": 1, ""unit_c2"": 3}"
284,127,accuracy,10000000000.0,,16.195843146666668,2429376472.0,39673316.0,10000000000.0,156.6411,"{""activation"": ""elu"", ""batch_size"": 16, ""data_augmentation"": true, ""dr_f"": 0.281499620198, ""learning_rate"": 0.00024090766, ""new_fc_1"": 18, ""new_fc_10"": 8, ""new_fc_2"": 19, ""new_fc_3"": 21, ""new_fc_4"": 4, ""new_fc_5"": 19, ""new_fc_6"": 32, ""new_fc_7"": 11, ""new_fc_8"": 17, ""new_fc_9"": 1, ""num_neurons"": 64, ""optimizer"": ""Adadelta"", ""reg_l2"": false, ""skip_connection"": false, ""unit_c1"": 4, ""unit_c2"": 6}"
285,127,flops,,,0.05840864,8761296.0,308716.0,,157.7746,"{""activation"": ""relu"", ""batch_size"": 32, ""data_augmentation"": false, ""dr_f"": 0.052815829427, ""learning_rate"": 0.000211829868, ""new_fc_1"": 31, ""new_fc_10"": 9, ""new_fc_2"": 1, ""new_fc_3"": 2, ""new_fc_4"": 4, ""new_fc_5"": 16, ""new_fc_6"": 6, ""new_fc_7"": 7, ""new_fc_8"": 7, ""new_fc_9"": 20, ""num_neurons"": 8, ""optimizer"": ""SGD"", ""reg_l2"": false, ""skip_connection"": true, ""unit_c1"": 2, ""unit_c2"": 2}"
286,128,accuracy,10000000000.0,,8.525071946666667,1278760792.0,31073316.0,10000000000.0,160.1048,"{""activation"": ""relu"", ""batch_size"": 64, ""data_augmentation"": true, ""dr_f"": 0.060387834925, ""learning_rate"": 0.000133269579, ""new_fc_1"": 22, ""new_fc_10"": 1, ""new_fc_2"": 6, ""new_fc_3"": 12, ""new_fc_4"": 23, ""new_fc_5"": 10, ""new_fc_6"": 9, ""new_fc_7"": 7, ""new_fc_8"": 19, ""new_fc_9"": 31, ""num_neurons"": 64, ""optimizer"": ""Adamax"", ""reg_l2"": true, ""skip_connection"": false, ""unit_c1"": 3, ""unit_c2"": 4}"
287,129,accuracy,0.6261999905109406,0.37380000948905945,0.17638554666666667,26457832.0,834756.0,-0.5087443426423417,2226.7963,"{""activation"": ""selu"", ""batch_size"": 8, ""data_augmentation"": true, ""dr_f"": 0.077084394054, ""learning_rate"": 0.000311898119, ""new_fc_1"": 10, ""new_fc_10"": 2, ""new_fc_2"": 14, ""new_fc_3"": 31, ""new_fc_4"": 28, ""new_fc_5"": 6, ""new_fc_6"": 32, ""new_fc_7"": 16, ""new_fc_8"": 11, ""new_fc_9"": 3, ""num_neurons"": 16, ""optimizer"": ""SGD"", ""reg_l2"": false, ""skip_connection"": true, ""unit_c1"": 2, ""unit_c2"": 1}"
288,129,flops,,,12.22508304,1833762456.0,43833700.0,,2229.7507,"{""activation"": ""swish"", ""batch_size"": 16, ""data_augmentation"": true, ""dr_f"": 0.3877589584, ""learning_rate"": 0.000120945169, ""new_fc_1"": 21, ""new_fc_10"": 15, ""new_fc_2"": 32, ""new_fc_3"": 15, ""new_fc_4"": 11, ""new_fc_5"": 10, ""new_fc_6"": 22, ""new_fc_7"": 9, ""new_fc_8"": 6, ""new_fc_9"": 6, ""num_neurons"": 64, ""optimizer"": ""Adagrad"", ""reg_l2"": true, ""skip_connection"": true, ""unit_c1"": 3, ""unit_c2"": 6}"
289,130,accuracy,0.9900000002235174,0.009999999776482582,0.03287024,4930536.0,92792.0,-0.2971389278435378,2614.9896,"{""activation"": ""swish"", ""batch_size"": 16, ""data_augmentation"": true, ""dr_f"": 0.331611649026, ""learning_rate"": 0.000215329018, ""new_fc_1"": 9, ""new_fc_10"": 31, ""new_fc_2"": 5, ""new_fc_3"": 5, ""new_fc_4"": 12, ""new_fc_5"": 26, ""new_fc_6"": 29, ""new_fc_7"": 14, ""new_fc_8"": 18, ""new_fc_9"": 23, ""num_neurons"": 4, ""optimizer"": ""Adamax"", ""reg_l2"": true, ""skip_connection"": false, ""unit_c1"": 3, ""unit_c2"": 3}"
290,130,flops,,,0.43354714666666666,65032072.0,1453748.0,,2616.371,"{""activation"": ""swish"", ""batch_size"": 64, ""data_augmentation"": true, ""dr_f"": 0.15806628823, ""learning_rate"": 0.000430484282, ""new_fc_1"": 13, ""new_fc_10"": 16, ""new_fc_2"": 9, ""new_fc_3"": 22, ""new_fc_4"": 16, ""new_fc_5"": 3, ""new_fc_6"": 11, ""new_fc_7"": 6, ""new_fc_8"": 10, ""new_fc_9"": 7, ""num_neurons"": 16, ""optimizer"": ""Adam"", ""reg_l2"": true, ""skip_connection"": false, ""unit_c1"": 2, ""unit_c2"": 5}"
291,131,accuracy,0.9900000002235174,0.009999999776482582,0.10674416,16011624.0,469644.0,-0.2749767518435378,2882.8385,"{""activation"": ""swish"", ""batch_size"": 32, ""data_augmentation"": true, ""dr_f"": 0.32348512557, ""learning_rate"": 0.000328946668, ""new_fc_1"": 30, ""new_fc_10"": 17, ""new_fc_2"": 28, ""new_fc_3"": 10, ""new_fc_4"": 16, ""new_fc_5"": 28, ""new_fc_6"": 6, ""new_fc_7"": 10, ""new_fc_8"": 17, ""new_fc_9"": 28, ""num_neurons"": 8, ""optimizer"": ""Adam"", ""reg_l2"": true, ""skip_connection"": false, ""unit_c1"": 3, ""unit_c2"": 2}"
292,132,accuracy,0.9879999998956919,0.012000000104308128,0.3602093333333333,54031400.0,1861524.0,-0.20033720007301567,3328.0926,"{""activation"": ""relu"", ""batch_size"": 16, ""data_augmentation"": true, ""dr_f"": 0.305660051953, ""learning_rate"": 0.000220945317, ""new_fc_1"": 16, ""new_fc_10"": 10, ""new_fc_2"": 32, ""new_fc_3"": 8, ""new_fc_4"": 3, ""new_fc_5"": 15, ""new_fc_6"": 5, ""new_fc_7"": 28, ""new_fc_8"": 25, ""new_fc_9"": 31, ""num_neurons"": 16, ""optimizer"": ""Adadelta"", ""reg_l2"": true, ""skip_connection"": true, ""unit_c1"": 2, ""unit_c2"": 4}"
293,133,accuracy,0.9907999997958541,0.009200000204145908,0.005132773333333333,769916.0,46132.0,-0.30490016814290216,3472.8785,"{""activation"": ""relu"", ""batch_size"": 64, ""data_augmentation"": true, ""dr_f"": 0.056583351812, ""learning_rate"": 0.00034140587, ""new_fc_1"": 13, ""new_fc_10"": 5, ""new_fc_2"": 29, ""new_fc_3"": 3, ""new_fc_4"": 3, ""new_fc_5"": 9, ""new_fc_6"": 10, ""new_fc_7"": 9, ""new_fc_8"": 27, ""new_fc_9"": 29, ""num_neurons"": 4, ""optimizer"": ""SGD"", ""reg_l2"": true, ""skip_connection"": false, ""unit_c1"": 1, ""unit_c2"": 1}"
294,134,accuracy,10000000000.0,,12.22508304,1833762456.0,43833700.0,10000000000.0,3475.9812,"{""activation"": ""swish"", ""batch_size"": 16, ""data_augmentation"": true, ""dr_f"": 0.3877589584, ""learning_rate"": 0.000120945169, ""new_fc_1"": 21, ""new_fc_10"": 15, ""new_fc_2"": 32, ""new_fc_3"": 15, ""new_fc_4"": 11, ""new_fc_5"": 10, ""new_fc_6"": 22, ""new_fc_7"": 9, ""new_fc_8"": 6, ""new_fc_9"": 6, ""num_neurons"": 64, ""optimizer"": ""Adagrad"", ""reg_l2"": true, ""skip_connection"": true, ""unit_c1"": 3, ""unit_c2"": 6}"
295,135,accuracy,0.9828999992460012,0.017100000753998756,0.007627386666666667,1144108.0,84940.0,-0.3096817845277991,3801.2538,"{""activation"": ""elu"", ""batch_size"": 16, ""data_augmentation"": true, ""dr_f"": 0.123083804212, ""learning_rate"": 0.000382611948, ""new_fc_1"": 4, ""new_fc_10"": 27, ""new_fc_2"": 12, ""new_fc_3"": 16, ""new_fc_4"": 9, ""new_fc_5"": 24, ""new_fc_6"": 30, ""new_fc_7"": 30, ""new_fc_8"": 20, ""new_fc_9"": 25, ""num_neurons"": 4, ""optimizer"": ""Adagrad"", ""reg_l2"": true, ""skip_connection"": false, ""unit_c1"": 1, ""unit_c2"": 2}"
296,135,flops,,,0.5827069333333333,87406040.0,655380.0,,3802.6034,"{""activation"": ""relu"", ""batch_size"": 16, ""data_augmentation"": false, ""dr_f"": 0.141794963255, ""learning_rate"": 0.000255791173, ""new_fc_1"": 9, ""new_fc_10"": 29, ""new_fc_2"": 12, ""new_fc_3"": 13, ""new_fc_4"": 3, ""new_fc_5"": 20, ""new_fc_6"": 3, ""new_fc_7"": 9, ""new_fc_8"": 32, ""new_fc_9"": 14, ""num_neurons"": 16, ""optimizer"": ""SGD"", ""reg_l2"": false, ""skip_connection"": true, ""unit_c1"": 4, ""unit_c2"": 1}"
297,135,flops,,,20.69262736,3103894104.0,38471524.0,,3805.4996,"{""activation"": ""elu"", ""batch_size"": 8, ""data_augmentation"": true, ""dr_f"": 0.139599788351, ""learning_rate"": 0.000958187914, ""new_fc_1"": 12, ""new_fc_10"": 18, ""new_fc_2"": 0, ""new_fc_3"": 2, ""new_fc_4"": 12, ""new_fc_5"": 13, ""new_fc_6"": 20, ""new_fc_7"": 24, ""new_fc_8"": 14, ""new_fc_9"": 29, ""num_neurons"": 64, ""optimizer"": ""SGD"", ""reg_l2"": true, ""skip_connection"": false, ""unit_c1"": 4, ""unit_c2"": 8}"
298,136,accuracy,0.6581999957561493,0.3418000042438507,0.50002928,75004392.0,1735972.0,-0.3892512189706955,4611.8292,"{""activation"": ""selu"", ""batch_size"": 16, ""data_augmentation"": true, ""dr_f"": 0.187866299915, ""learning_rate"": 0.000498435799, ""new_fc_1"": 8, ""new_fc_10"": 2, ""new_fc_2"": 26, ""new_fc_3"": 15, ""new_fc_4"": 10, ""new_fc_5"": 23, ""new_fc_6"": 28, ""new_fc_7"": 21, ""new_fc_8"": 8, ""new_fc_9"": 28, ""num_neurons"": 16, ""optimizer"": ""Adamax"", ""reg_l2"": false, ""skip_connection"": false, ""unit_c1"": 1, ""unit_c2"": 7}"
299,137,accuracy,10000000000.0,,1.36984912,205477368.0,5678500.0,10000000000.0,4613.0919,"{""activation"": ""elu"", ""batch_size"": 32, ""data_augmentation"": true, ""dr_f"": 0.407260990265, ""learning_rate"": 0.000588525132, ""new_fc_1"": 0, ""new_fc_10"": 19, ""new_fc_2"": 22, ""new_fc_3"": 22, ""new_fc_4"": 7, ""new_fc_5"": 22, ""new_fc_6"": 22, ""new_fc_7"": 25, ""new_fc_8"": 32, ""new_fc_9"": 26, ""num_neurons"": 32, ""optimizer"": ""SGD"", ""reg_l2"": false, ""skip_connection"": false, ""unit_c1"": 3, ""unit_c2"": 1}"
300,138,accuracy,10000000000.0,,18.50920336,2776380504.0,53346276.0,10000000000.0,4616.1265,"{""activation"": ""selu"", ""batch_size"": 16, ""data_augmentation"": true, ""dr_f"": 0.287000792425, ""learning_rate"": 0.00072699921, ""new_fc_1"": 20, ""new_fc_10"": 11, ""new_fc_2"": 0, ""new_fc_3"": 14, ""new_fc_4"": 23, ""new_fc_5"": 12, ""new_fc_6"": 26, ""new_fc_7"": 25, ""new_fc_8"": 29, ""new_fc_9"": 16, ""num_neurons"": 64, ""optimizer"": ""Adamax"", ""reg_l2"": true, ""skip_connection"": false, ""unit_c1"": 4, ""unit_c2"": 7}"
301,139,accuracy,0.9879000000655651,0.01209999993443489,0.38531088,57796632.0,3745412.0,-0.1928767359541044,4881.0329,"{""activation"": ""relu"", ""batch_size"": 32, ""data_augmentation"": true, ""dr_f"": 0.420088650283, ""learning_rate"": 0.000937329656, ""new_fc_1"": 6, ""new_fc_10"": 25, ""new_fc_2"": 18, ""new_fc_3"": 4, ""new_fc_4"": 6, ""new_fc_5"": 9, ""new_fc_6"": 32, ""new_fc_7"": 18, ""new_fc_8"": 22, ""new_fc_9"": 26, ""num_neurons"": 32, ""optimizer"": ""SGD"", ""reg_l2"": false, ""skip_connection"": true, ""unit_c1"": 1, ""unit_c2"": 2}"
302,140,accuracy,10000000000.0,,2.605115893333333,390767384.0,13387332.0,10000000000.0,4883.8894,"{""activation"": ""swish"", ""batch_size"": 64, ""data_augmentation"": false, ""dr_f"": 0.127578428122, ""learning_rate"": 0.00028858887, ""new_fc_1"": 32, ""new_fc_10"": 17, ""new_fc_2"": 13, ""new_fc_3"": 15, ""new_fc_4"": 6, ""new_fc_5"": 17, ""new_fc_6"": 14, ""new_fc_7"": 4, ""new_fc_8"": 25, ""new_fc_9"": 27, ""num_neurons"": 32, ""optimizer"": ""Adamax"", ""reg_l2"": false, ""skip_connection"": false, ""unit_c1"": 3, ""unit_c2"": 5}"
303,141,accuracy,0.9733000006526709,0.02669999934732914,0.22221082666666667,33331624.0,1458516.0,-0.25202675154313037,5088.8034,"{""activation"": ""elu"", ""batch_size"": 64, ""data_augmentation"": true, ""dr_f"": 0.208123085741, ""learning_rate"": 0.00042380822, ""new_fc_1"": 24, ""new_fc_10"": 31, ""new_fc_2"": 32, ""new_fc_3"": 27, ""new_fc_4"": 11, ""new_fc_5"": 5, ""new_fc_6"": 9, ""new_fc_7"": 12, ""new_fc_8"": 1, ""new_fc_9"": 5, ""num_neurons"": 16, ""optimizer"": ""SGD"", ""reg_l2"": true, ""skip_connection"": true, ""unit_c1"": 2, ""unit_c2"": 2}"
304,141,flops,,,1.5748744,236231160.0,7064484.0,,5090.4555,"{""activation"": ""swish"", ""batch_size"": 32, ""data_augmentation"": true, ""dr_f"": 0.275228715226, ""learning_rate"": 0.000837013833, ""new_fc_1"": 10, ""new_fc_10"": 14, ""new_fc_2"": 18, ""new_fc_3"": 22, ""new_fc_4"": 11, ""new_fc_5"": 23, ""new_fc_6"": 30, ""new_fc_7"": 5, ""new_fc_8"": 29, ""new_fc_9"": 13, ""num_neurons"": 32, ""optimizer"": ""Adagrad"", ""reg_l2"": true, ""skip_connection"": true, ""unit_c1"": 1, ""unit_c2"": 6}"
305,141,flops,,,10.502121973333333,1575318296.0,70664164.0,,5094.5597,"{""activation"": ""swish"", ""batch_size"": 32, ""data_augmentation"": false, ""dr_f"": 0.153992167788, ""learning_rate"": 0.000194132555, ""new_fc_1"": 28, ""new_fc_10"": 28, ""new_fc_2"": 19, ""new_fc_3"": 28, ""new_fc_4"": 9, ""new_fc_5"": 2, ""new_fc_6"": 5, ""new_fc_7"": 7, ""new_fc_8"": 21, ""new_fc_9"": 14, ""num_neurons"": 64, ""optimizer"": ""Adam"", ""reg_l2"": true, ""skip_connection"": false, ""unit_c1"": 1, ""unit_c2"": 8}"
306,142,accuracy,0.9894000003114343,0.010599999688565731,0.05974528,8961792.0,434412.0,-0.28949641578199603,5300.0304,"{""activation"": ""swish"", ""batch_size"": 32, ""data_augmentation"": true, ""dr_f"": 0.472434114069, ""learning_rate"": 0.00038955003, ""new_fc_1"": 30, ""new_fc_10"": 9, ""new_fc_2"": 14, ""new_fc_3"": 12, ""new_fc_4"": 23, ""new_fc_5"": 4, ""new_fc_6"": 12, ""new_fc_7"": 31, ""new_fc_8"": 32, ""new_fc_9"": 8, ""num_neurons"": 8, ""optimizer"": ""Adadelta"", ""reg_l2"": false, ""skip_connection"": false, ""unit_c1"": 2, ""unit_c2"": 2}"
307,143,accuracy,10000000000.0,,4.53790608,680685912.0,4724004.0,10000000000.0,5301.3947,"{""activation"": ""relu"", ""batch_size"": 16, ""data_augmentation"": true, ""dr_f"": 0.474221940972, ""learning_rate"": 0.000227745632, ""new_fc_1"": 4, ""new_fc_10"": 29, ""new_fc_2"": 7, ""new_fc_3"": 2, ""new_fc_4"": 23, ""new_fc_5"": 9, ""new_fc_6"": 9, ""new_fc_7"": 16, ""new_fc_8"": 30, ""new_fc_9"": 15, ""num_neurons"": 32, ""optimizer"": ""Adamax"", ""reg_l2"": true, ""skip_connection"": false, ""unit_c1"": 4, ""unit_c2"": 7}"
308,144,accuracy,10000000000.0,,12.129569013333333,1819435352.0,37268900.0,10000000000.0,5304.0282,"{""activation"": ""selu"", ""batch_size"": 8, ""data_augmentation"": true, ""dr_f"": 0.27287545678, ""learning_rate"": 0.000645135294, ""new_fc_1"": 19, ""new_fc_10"": 23, ""new_fc_2"": 2, ""new_fc_3"": 2, ""new_fc_4"": 19, ""new_fc_5"": 22, ""new_fc_6"": 12, ""new_fc_7"": 4, ""new_fc_8"": 23, ""new_fc_9"": 6, ""num_neurons"": 64, ""optimizer"": ""Adamax"", ""reg_l2"": false, ""skip_connection"": true, ""unit_c1"": 3, ""unit_c2"": 6}"
309,144,flops,,,0.33685904,50528856.0,779524.0,,5305.2302,"{""activation"": ""relu"", ""batch_size"": 16, ""data_augmentation"": false, ""dr_f"": 0.078341283078, ""learning_rate"": 0.000445907621, ""new_fc_1"": 3, ""new_fc_10"": 14, ""new_fc_2"": 12, ""new_fc_3"": 28, ""new_fc_4"": 1, ""new_fc_5"": 27, ""new_fc_6"": 29, ""new_fc_7"": 17, ""new_fc_8"": 3, ""new_fc_9"": 10, ""num_neurons"": 16, ""optimizer"": ""Adadelta"", ""reg_l2"": true, ""skip_connection"": false, ""unit_c1"": 2, ""unit_c2"": 4}"
310,145,accuracy,0.9026999995112419,0.09730000048875809,0.21648933333333334,32473400.0,1639700.0,-0.3031632003421306,5870.2993,"{""activation"": ""elu"", ""batch_size"": 16, ""data_augmentation"": true, ""dr_f"": 0.487967074908, ""learning_rate"": 0.000293624818, ""new_fc_1"": 10, ""new_fc_10"": 22, ""new_fc_2"": 1, ""new_fc_3"": 15, ""new_fc_4"": 31, ""new_fc_5"": 12, ""new_fc_6"": 25, ""new_fc_7"": 21, ""new_fc_8"": 31, ""new_fc_9"": 22, ""num_neurons"": 16, ""optimizer"": ""Adamax"", ""reg_l2"": false, ""skip_connection"": false, ""unit_c1"": 1, ""unit_c2"": 4}"
311,145,flops,,,16.60869648,2491304472.0,44424868.0,,5873.3059,"{""activation"": ""elu"", ""batch_size"": 8, ""data_augmentation"": true, ""dr_f"": 0.294667910518, ""learning_rate"": 0.000635278178, ""new_fc_1"": 20, ""new_fc_10"": 23, ""new_fc_2"": 28, ""new_fc_3"": 8, ""new_fc_4"": 14, ""new_fc_5"": 13, ""new_fc_6"": 3, ""new_fc_7"": 17, ""new_fc_8"": 18, ""new_fc_9"": 23, ""num_neurons"": 64, ""optimizer"": ""SGD"", ""reg_l2"": true, ""skip_connection"": true, ""unit_c1"": 4, ""unit_c2"": 6}"
312,146,accuracy,0.9836999997496605,0.016300000250339508,0.10745690666666667,16118536.0,1495620.0,-0.27917292817523764,6258.2855,"{""activation"": ""relu"", ""batch_size"": 32, ""data_augmentation"": false, ""dr_f"": 0.08011507589, ""learning_rate"": 0.000103009378, ""new_fc_1"": 22, ""new_fc_10"": 25, ""new_fc_2"": 15, ""new_fc_3"": 26, ""new_fc_4"": 8, ""new_fc_5"": 28, ""new_fc_6"": 11, ""new_fc_7"": 31, ""new_fc_8"": 24, ""new_fc_9"": 5, ""num_neurons"": 16, ""optimizer"": ""Adagrad"", ""reg_l2"": true, ""skip_connection"": true, ""unit_c1"": 1, ""unit_c2"": 2}"
313,147,accuracy,0.6202999949455261,0.3797000050544739,0.14610213333333333,21915320.0,1006644.0,-0.5219593635381317,7123.7165,"{""activation"": ""swish"", ""batch_size"": 16, ""data_augmentation"": true, ""dr_f"": 0.043185434581, ""learning_rate"": 0.000705475681, ""new_fc_1"": 2, ""new_fc_10"": 22, ""new_fc_2"": 18, ""new_fc_3"": 17, ""new_fc_4"": 16, ""new_fc_5"": 5, ""new_fc_6"": 15, ""new_fc_7"": 29, ""new_fc_8"": 24, ""new_fc_9"": 30, ""num_neurons"": 16, ""optimizer"": ""Adamax"", ""reg_l2"": false, ""skip_connection"": false, ""unit_c1"": 1, ""unit_c2"": 3}"
314,148,accuracy,0.9897999996319413,0.010200000368058681,0.04607882666666667,6911824.0,88756.0,-0.2933163522576411,7269.1161,"{""activation"": ""selu"", ""batch_size"": 64, ""data_augmentation"": true, ""dr_f"": 0.323265401315, ""learning_rate"": 0.000398216974, ""new_fc_1"": 13, ""new_fc_10"": 26, ""new_fc_2"": 15, ""new_fc_3"": 20, ""new_fc_4"": 22, ""new_fc_5"": 22, ""new_fc_6"": 10, ""new_fc_7"": 6, ""new_fc_8"": 30, ""new_fc_9"": 18, ""num_neurons"": 4, ""optimizer"": ""Adadelta"", ""reg_l2"": true, ""skip_connection"": true, ""unit_c1"": 4, ""unit_c2"": 2}"
315,148,flops,,,3.13372368,470058552.0,4868868.0,,7270.7066,"{""activation"": ""swish"", ""batch_size"": 8, ""data_augmentation"": true, ""dr_f"": 0.365944904224, ""learning_rate"": 0.000263434014, ""new_fc_1"": 13, ""new_fc_10"": 19, ""new_fc_2"": 8, ""new_fc_3"": 9, ""new_fc_4"": 9, ""new_fc_5"": 7, ""new_fc_6"": 7, ""new_fc_7"": 18, ""new_fc_8"": 6, ""new_fc_9"": 13, ""num_neurons"": 32, ""optimizer"": ""Adam"", ""reg_l2"": false, ""skip_connection"": false, ""unit_c1"": 4, ""unit_c2"": 4}"
316,149,accuracy,0.9901000000536442,0.00989999994635582,0.05840864,8761296.0,308716.0,-0.28940740796244907,7475.3765,"{""activation"": ""relu"", ""batch_size"": 32, ""data_augmentation"": false, ""dr_f"": 0.052815829427, ""learning_rate"": 0.000211829868, ""new_fc_1"": 31, ""new_fc_10"": 9, ""new_fc_2"": 1, ""new_fc_3"": 2, ""new_fc_4"": 4, ""new_fc_5"": 16, ""new_fc_6"": 6, ""new_fc_7"": 7, ""new_fc_8"": 7, ""new_fc_9"": 20, ""num_neurons"": 8, ""optimizer"": ""SGD"", ""reg_l2"": false, ""skip_connection"": true, ""unit_c1"": 2, ""unit_c2"": 2}"
317,149,flops,,,1.38102544,207153816.0,5166308.0,,7476.7441,"{""activation"": ""selu"", ""batch_size"": 16, ""data_augmentation"": false, ""dr_f"": 0.188825755449, ""learning_rate"": 0.00043781407, ""new_fc_1"": 30, ""new_fc_10"": 26, ""new_fc_2"": 17, ""new_fc_3"": 6, ""new_fc_4"": 24, ""new_fc_5"": 24, ""new_fc_6"": 7, ""new_fc_7"": 32, ""new_fc_8"": 27, ""new_fc_9"": 19, ""num_neurons"": 16, ""optimizer"": ""Adam"", ""reg_l2"": false, ""skip_connection"": true, ""unit_c1"": 4, ""unit_c2"": 8}"
318,150,accuracy,0.9312999993562698,0.06870000064373016,0.29679194666666664,44518792.0,567684.0,-0.2590524164506111,8461.5642,"{""activation"": ""selu"", ""batch_size"": 16, ""data_augmentation"": false, ""dr_f"": 0.427143047002, ""learning_rate"": 0.000918084243, ""new_fc_1"": 13, ""new_fc_10"": 17, ""new_fc_2"": 25, ""new_fc_3"": 19, ""new_fc_4"": 14, ""new_fc_5"": 26, ""new_fc_6"": 5, ""new_fc_7"": 10, ""new_fc_8"": 13, ""new_fc_9"": 0, ""num_neurons"": 8, ""optimizer"": ""SGD"", ""reg_l2"": false, ""skip_connection"": false, ""unit_c1"": 4, ""unit_c2"": 7}"
319,150,flops,,,0.007096933333333334,1064540.0,45020.0,,1.6077,"{""activation"": ""selu"", ""batch_size"": 8, ""data_augmentation"": false, ""dr_f"": 0.182239986306, ""learning_rate"": 0.000321593208, ""new_fc_1"": 6, ""new_fc_10"": 1, ""new_fc_2"": 15, ""new_fc_3"": 30, ""new_fc_4"": 11, ""new_fc_5"": 16, ""new_fc_6"": 16, ""new_fc_7"": 25, ""new_fc_8"": 8, ""new_fc_9"": 1, ""num_neurons"": 4, ""optimizer"": ""SGD"", ""reg_l2"": true, ""skip_connection"": false, ""unit_c1"": 1, ""unit_c2"": 2}"
320,151,accuracy,10000000000.0,,1.38102544,207153816.0,5166308.0,10000000000.0,3.3246,"{""activation"": ""selu"", ""batch_size"": 16, ""data_augmentation"": false, ""dr_f"": 0.188825755449, ""learning_rate"": 0.00043781407, ""new_fc_1"": 30, ""new_fc_10"": 26, ""new_fc_2"": 17, ""new_fc_3"": 6, ""new_fc_4"": 24, ""new_fc_5"": 24, ""new_fc_6"": 7, ""new_fc_7"": 32, ""new_fc_8"": 27, ""new_fc_9"": 19, ""num_neurons"": 16, ""optimizer"": ""Adam"", ""reg_l2"": false, ""skip_connection"": true, ""unit_c1"": 4, ""unit_c2"": 8}"
321,152,accuracy,0.9900000002235174,0.009999999776482582,0.0268528,4027920.0,151768.0,-0.29894415984353784,208.857,"{""activation"": ""selu"", ""batch_size"": 32, ""data_augmentation"": false, ""dr_f"": 0.464768452236, ""learning_rate"": 0.000173338652, ""new_fc_1"": 16, ""new_fc_10"": 31, ""new_fc_2"": 17, ""new_fc_3"": 1, ""new_fc_4"": 4, ""new_fc_5"": 26, ""new_fc_6"": 23, ""new_fc_7"": 16, ""new_fc_8"": 1, ""new_fc_9"": 23, ""num_neurons"": 4, ""optimizer"": ""SGD"", ""reg_l2"": true, ""skip_connection"": true, ""unit_c1"": 1, ""unit_c2"": 6}"
322,152,flops,,,0.02552928,3829392.0,52424.0,,210.3123,"{""activation"": ""selu"", ""batch_size"": 32, ""data_augmentation"": true, ""dr_f"": 0.375385140771, ""learning_rate"": 0.000377234405, ""new_fc_1"": 4, ""new_fc_10"": 10, ""new_fc_2"": 1, ""new_fc_3"": 19, ""new_fc_4"": 6, ""new_fc_5"": 30, ""new_fc_6"": 10, ""new_fc_7"": 30, ""new_fc_8"": 2, ""new_fc_9"": 6, ""num_neurons"": 4, ""optimizer"": ""Adagrad"", ""reg_l2"": false, ""skip_connection"": true, ""unit_c1"": 1, ""unit_c2"": 6}"
323,153,accuracy,10000000000.0,,20.69262736,3103894104.0,38471524.0,10000000000.0,212.9699,"{""activation"": ""elu"", ""batch_size"": 8, ""data_augmentation"": true, ""dr_f"": 0.139599788351, ""learning_rate"": 0.000958187914, ""new_fc_1"": 12, ""new_fc_10"": 18, ""new_fc_2"": 0, ""new_fc_3"": 2, ""new_fc_4"": 12, ""new_fc_5"": 13, ""new_fc_6"": 20, ""new_fc_7"": 24, ""new_fc_8"": 14, ""new_fc_9"": 29, ""num_neurons"": 64, ""optimizer"": ""SGD"", ""reg_l2"": true, ""skip_connection"": false, ""unit_c1"": 4, ""unit_c2"": 8}"
324,153,flops,,,12.548253173333332,1882237976.0,28282148.0,,215.1568,"{""activation"": ""elu"", ""batch_size"": 32, ""data_augmentation"": true, ""dr_f"": 0.062359725406, ""learning_rate"": 0.00045522457, ""new_fc_1"": 15, ""new_fc_10"": 32, ""new_fc_2"": 7, ""new_fc_3"": 9, ""new_fc_4"": 22, ""new_fc_5"": 0, ""new_fc_6"": 6, ""new_fc_7"": 32, ""new_fc_8"": 20, ""new_fc_9"": 24, ""num_neurons"": 64, ""optimizer"": ""Adam"", ""reg_l2"": true, ""skip_connection"": true, ""unit_c1"": 4, ""unit_c2"": 4}"
325,153,flops,,,0.3845040533333333,57675608.0,4354436.0,,216.4762,"{""activation"": ""relu"", ""batch_size"": 64, ""data_augmentation"": false, ""dr_f"": 0.124207899612, ""learning_rate"": 0.000349334526, ""new_fc_1"": 10, ""new_fc_10"": 32, ""new_fc_2"": 11, ""new_fc_3"": 5, ""new_fc_4"": 28, ""new_fc_5"": 26, ""new_fc_6"": 25, ""new_fc_7"": 8, ""new_fc_8"": 0, ""new_fc_9"": 23, ""num_neurons"": 32, ""optimizer"": ""Adadelta"", ""reg_l2"": true, ""skip_connection"": false, ""unit_c1"": 1, ""unit_c2"": 2}"
326,154,accuracy,0.9900000002235174,0.009999999776482582,0.29604453333333336,44406680.0,1311908.0,-0.21818663984353778,481.7789,"{""activation"": ""elu"", ""batch_size"": 32, ""data_augmentation"": false, ""dr_f"": 0.469412395344, ""learning_rate"": 0.000989454298, ""new_fc_1"": 13, ""new_fc_10"": 4, ""new_fc_2"": 4, ""new_fc_3"": 1, ""new_fc_4"": 1, ""new_fc_5"": 14, ""new_fc_6"": 7, ""new_fc_7"": 25, ""new_fc_8"": 9, ""new_fc_9"": 6, ""num_neurons"": 16, ""optimizer"": ""Adam"", ""reg_l2"": true, ""skip_connection"": true, ""unit_c1"": 1, ""unit_c2"": 5}"
327,155,accuracy,0.9900000002235174,0.009999999776482582,0.1401776,21026640.0,348188.0,-0.2649467198435378,1227.2784,"{""activation"": ""relu"", ""batch_size"": 8, ""data_augmentation"": true, ""dr_f"": 0.294933834528, ""learning_rate"": 0.00097297738, ""new_fc_1"": 6, ""new_fc_10"": 7, ""new_fc_2"": 25, ""new_fc_3"": 3, ""new_fc_4"": 10, ""new_fc_5"": 23, ""new_fc_6"": 11, ""new_fc_7"": 31, ""new_fc_8"": 20, ""new_fc_9"": 31, ""num_neurons"": 8, ""optimizer"": ""Adam"", ""reg_l2"": true, ""skip_connection"": true, ""unit_c1"": 2, ""unit_c2"": 6}"
328,156,accuracy,0.9894000003114343,0.010599999688565731,0.02552928,3829392.0,52424.0,-0.29976121578199605,1432.0904,"{""activation"": ""selu"", ""batch_size"": 32, ""data_augmentation"": true, ""dr_f"": 0.375385140771, ""learning_rate"": 0.000377234405, ""new_fc_1"": 4, ""new_fc_10"": 10, ""new_fc_2"": 1, ""new_fc_3"": 19, ""new_fc_4"": 6, ""new_fc_5"": 30, ""new_fc_6"": 10, ""new_fc_7"": 30, ""new_fc_8"": 2, ""new_fc_9"": 6, ""num_neurons"": 4, ""optimizer"": ""Adagrad"", ""reg_l2"": false, ""skip_connection"": true, ""unit_c1"": 1, ""unit_c2"": 6}"
329,156,flops,,,16.44106896,2466160344.0,60655780.0,,1435.7016,"{""activation"": ""elu"", ""batch_size"": 32, ""data_augmentation"": true, ""dr_f"": 0.124075099439, ""learning_rate"": 0.00042432297, ""new_fc_1"": 25, ""new_fc_10"": 30, ""new_fc_2"": 9, ""new_fc_3"": 11, ""new_fc_4"": 6, ""new_fc_5"": 9, ""new_fc_6"": 10, ""new_fc_7"": 9, ""new_fc_8"": 13, ""new_fc_9"": 8, ""num_neurons"": 64, ""optimizer"": ""SGD"", ""reg_l2"": true, ""skip_connection"": false, ""unit_c1"": 3, ""unit_c2"": 8}"
330,156,flops,,,0.26937594666666664,40406392.0,1012164.0,,1436.9951,"{""activation"": ""elu"", ""batch_size"": 8, ""data_augmentation"": false, ""dr_f"": 0.466577252832, ""learning_rate"": 0.000252260335, ""new_fc_1"": 8, ""new_fc_10"": 27, ""new_fc_2"": 26, ""new_fc_3"": 0, ""new_fc_4"": 28, ""new_fc_5"": 3, ""new_fc_6"": 24, ""new_fc_7"": 24, ""new_fc_8"": 9, ""new_fc_9"": 5, ""num_neurons"": 16, ""optimizer"": ""Adam"", ""reg_l2"": false, ""skip_connection"": false, ""unit_c1"": 2, ""unit_c2"": 3}"
331,157,accuracy,10000000000.0,,1.0183770133333334,152756552.0,1513620.0,10000000000.0,1439.3581,"{""activation"": ""elu"", ""batch_size"": 64, ""data_augmentation"": false, ""dr_f"": 0.133516160041, ""learning_rate"": 0.000278155496, ""new_fc_1"": 9, ""new_fc_10"": 31, ""new_fc_2"": 32, ""new_fc_3"": 11, ""new_fc_4"": 26, ""new_fc_5"": 2, ""new_fc_6"": 5, ""new_fc_7"": 16, ""new_fc_8"": 12, ""new_fc_9"": 7, ""num_neurons"": 16, ""optimizer"": ""Adagrad"", ""reg_l2"": false, ""skip_connection"": false, ""unit_c1"": 4, ""unit_c2"": 6}"
332,158,accuracy,0.9868000000715256,0.013199999928474426,0.061916533333333336,9287480.0,640116.0,-0.29066503994993204,1764.2789,"{""activation"": ""relu"", ""batch_size"": 16, ""data_augmentation"": true, ""dr_f"": 0.440073010728, ""learning_rate"": 0.000369980435, ""new_fc_1"": 3, ""new_fc_10"": 27, ""new_fc_2"": 16, ""new_fc_3"": 19, ""new_fc_4"": 13, ""new_fc_5"": 23, ""new_fc_6"": 21, ""new_fc_7"": 6, ""new_fc_8"": 1, ""new_fc_9"": 21, ""num_neurons"": 16, ""optimizer"": ""Adagrad"", ""reg_l2"": false, ""skip_connection"": false, ""unit_c1"": 1, ""unit_c2"": 1}"
333,158,flops,,,13.616731466666666,2042509720.0,18061540.0,,1766.3948,"{""activation"": ""relu"", ""batch_size"": 32, ""data_augmentation"": false, ""dr_f"": 0.489238635245, ""learning_rate"": 0.000377037446, ""new_fc_1"": 3, ""new_fc_10"": 24, ""new_fc_2"": 15, ""new_fc_3"": 5, ""new_fc_4"": 23, ""new_fc_5"": 3, ""new_fc_6"": 15, ""new_fc_7"": 12, ""new_fc_8"": 32, ""new_fc_9"": 25, ""num_neurons"": 64, ""optimizer"": ""Adamax"", ""reg_l2"": true, ""skip_connection"": false, ""unit_c1"": 3, ""unit_c2"": 7}"
334,159,accuracy,10000000000.0,,5.3554728,803320920.0,12432868.0,10000000000.0,1768.2975,"{""activation"": ""selu"", ""batch_size"": 32, ""data_augmentation"": true, ""dr_f"": 0.225672122741, ""learning_rate"": 0.000876946986, ""new_fc_1"": 18, ""new_fc_10"": 16, ""new_fc_2"": 22, ""new_fc_3"": 17, ""new_fc_4"": 22, ""new_fc_5"": 9, ""new_fc_6"": 1, ""new_fc_7"": 15, ""new_fc_8"": 4, ""new_fc_9"": 20, ""num_neurons"": 32, ""optimizer"": ""Adamax"", ""reg_l2"": true, ""skip_connection"": true, ""unit_c1"": 4, ""unit_c2"": 8}"
335,160,accuracy,10000000000.0,,4.33035664,649553496.0,22285348.0,10000000000.0,1771.7124,"{""activation"": ""elu"", ""batch_size"": 64, ""data_augmentation"": true, ""dr_f"": 0.129987479109, ""learning_rate"": 0.000260309986, ""new_fc_1"": 13, ""new_fc_10"": 19, ""new_fc_2"": 21, ""new_fc_3"": 21, ""new_fc_4"": 16, ""new_fc_5"": 30, ""new_fc_6"": 2, ""new_fc_7"": 28, ""new_fc_8"": 17, ""new_fc_9"": 17, ""num_neurons"": 64, ""optimizer"": ""Adamax"", ""reg_l2"": true, ""skip_connection"": true, ""unit_c1"": 2, ""unit_c2"": 3}"
336,160,flops,,,0.02858986666666667,4288480.0,434964.0,,1773.1996,"{""activation"": ""relu"", ""batch_size"": 16, ""data_augmentation"": true, ""dr_f"": 0.160593375919, ""learning_rate"": 0.000463868948, ""new_fc_1"": 25, ""new_fc_10"": 29, ""new_fc_2"": 20, ""new_fc_3"": 16, ""new_fc_4"": 13, ""new_fc_5"": 25, ""new_fc_6"": 14, ""new_fc_7"": 29, ""new_fc_8"": 7, ""new_fc_9"": 23, ""num_neurons"": 8, ""optimizer"": ""Adamax"", ""reg_l2"": true, ""skip_connection"": false, ""unit_c1"": 1, ""unit_c2"": 2}"
337,161,accuracy,0.9900000002235174,0.009999999776482582,0.21494101333333332,32241152.0,1179676.0,-0.24251769584353777,2037.964,"{""activation"": ""relu"", ""batch_size"": 32, ""data_augmentation"": false, ""dr_f"": 0.28164671881, ""learning_rate"": 0.000814952315, ""new_fc_1"": 31, ""new_fc_10"": 2, ""new_fc_2"": 27, ""new_fc_3"": 4, ""new_fc_4"": 21, ""new_fc_5"": 15, ""new_fc_6"": 22, ""new_fc_7"": 1, ""new_fc_8"": 6, ""new_fc_9"": 4, ""num_neurons"": 8, ""optimizer"": ""Adam"", ""reg_l2"": true, ""skip_connection"": true, ""unit_c1"": 2, ""unit_c2"": 8}"
338,162,accuracy,10000000000.0,,16.087374666666665,2413106200.0,31537956.0,10000000000.0,2041.6126,"{""activation"": ""relu"", ""batch_size"": 32, ""data_augmentation"": true, ""dr_f"": 0.484084329995, ""learning_rate"": 0.000148541327, ""new_fc_1"": 15, ""new_fc_10"": 31, ""new_fc_2"": 27, ""new_fc_3"": 5, ""new_fc_4"": 19, ""new_fc_5"": 2, ""new_fc_6"": 19, ""new_fc_7"": 8, ""new_fc_8"": 11, ""new_fc_9"": 6, ""num_neurons"": 64, ""optimizer"": ""SGD"", ""reg_l2"": false, ""skip_connection"": false, ""unit_c1"": 4, ""unit_c2"": 6}"
339,163,accuracy,10000000000.0,,2.76939472,415409208.0,3739140.0,10000000000.0,2042.9165,"{""activation"": ""selu"", ""batch_size"": 64, ""data_augmentation"": false, ""dr_f"": 0.224997676058, ""learning_rate"": 0.000413587826, ""new_fc_1"": 6, ""new_fc_10"": 15, ""new_fc_2"": 24, ""new_fc_3"": 26, ""new_fc_4"": 3, ""new_fc_5"": 26, ""new_fc_6"": 0, ""new_fc_7"": 9, ""new_fc_8"": 17, ""new_fc_9"": 25, ""num_neurons"": 32, ""optimizer"": ""Adamax"", ""reg_l2"": true, ""skip_connection"": false, ""unit_c1"": 4, ""unit_c2"": 3}"
340,164,accuracy,0.9895999999716878,0.010400000028312206,0.14452912,21679368.0,409996.0,-0.2639212640198185,2247.6379,"{""activation"": ""relu"", ""batch_size"": 32, ""data_augmentation"": false, ""dr_f"": 0.476870636846, ""learning_rate"": 0.000549844787, ""new_fc_1"": 17, ""new_fc_10"": 2, ""new_fc_2"": 13, ""new_fc_3"": 5, ""new_fc_4"": 8, ""new_fc_5"": 14, ""new_fc_6"": 27, ""new_fc_7"": 20, ""new_fc_8"": 6, ""new_fc_9"": 22, ""num_neurons"": 8, ""optimizer"": ""Adagrad"", ""reg_l2"": false, ""skip_connection"": true, ""unit_c1"": 3, ""unit_c2"": 4}"
341,164,flops,,,1.72618256,258927384.0,4660804.0,,2249.0619,"{""activation"": ""elu"", ""batch_size"": 16, ""data_augmentation"": true, ""dr_f"": 0.442185992159, ""learning_rate"": 0.000792838316, ""new_fc_1"": 3, ""new_fc_10"": 26, ""new_fc_2"": 29, ""new_fc_3"": 30, ""new_fc_4"": 0, ""new_fc_5"": 1, ""new_fc_6"": 28, ""new_fc_7"": 29, ""new_fc_8"": 18, ""new_fc_9"": 18, ""num_neurons"": 32, ""optimizer"": ""Adam"", ""reg_l2"": false, ""skip_connection"": true, ""unit_c1"": 2, ""unit_c2"": 5}"
342,164,flops,,,0.5837002133333333,87555032.0,588436.0,,2250.8193,"{""activation"": ""swish"", ""batch_size"": 32, ""data_augmentation"": false, ""dr_f"": 0.074761603708, ""learning_rate"": 0.000486777871, ""new_fc_1"": 9, ""new_fc_10"": 19, ""new_fc_2"": 1, ""new_fc_3"": 8, ""new_fc_4"": 8, ""new_fc_5"": 29, ""new_fc_6"": 10, ""new_fc_7"": 5, ""new_fc_8"": 25, ""new_fc_9"": 14, ""num_neurons"": 16, ""optimizer"": ""Adamax"", ""reg_l2"": true, ""skip_connection"": true, ""unit_c1"": 4, ""unit_c2"": 1}"
343,165,accuracy,0.9900000002235174,0.009999999776482582,0.013000693333333334,1950104.0,40932.0,-0.3030997918435378,2395.6486,"{""activation"": ""relu"", ""batch_size"": 64, ""data_augmentation"": false, ""dr_f"": 0.16890907395, ""learning_rate"": 0.000155915547, ""new_fc_1"": 16, ""new_fc_10"": 6, ""new_fc_2"": 31, ""new_fc_3"": 6, ""new_fc_4"": 28, ""new_fc_5"": 7, ""new_fc_6"": 2, ""new_fc_7"": 18, ""new_fc_8"": 4, ""new_fc_9"": 10, ""num_neurons"": 4, ""optimizer"": ""Adamax"", ""reg_l2"": true, ""skip_connection"": false, ""unit_c1"": 2, ""unit_c2"": 1}"
344,166,accuracy,0.9900000002235174,0.009999999776482582,0.25907386666666665,38861080.0,4272260.0,-0.2292778398435378,3322.6874,"{""activation"": ""swish"", ""batch_size"": 8, ""data_augmentation"": true, ""dr_f"": 0.293778132614, ""learning_rate"": 0.000888011676, ""new_fc_1"": 26, ""new_fc_10"": 20, ""new_fc_2"": 5, ""new_fc_3"": 24, ""new_fc_4"": 10, ""new_fc_5"": 23, ""new_fc_6"": 16, ""new_fc_7"": 11, ""new_fc_8"": 18, ""new_fc_9"": 25, ""num_neurons"": 32, ""optimizer"": ""Adamax"", ""reg_l2"": true, ""skip_connection"": false, ""unit_c1"": 1, ""unit_c2"": 1}"
345,166,flops,,,0.16989184,25483776.0,849044.0,,3324.1535,"{""activation"": ""elu"", ""batch_size"": 8, ""data_augmentation"": false, ""dr_f"": 0.087452799209, ""learning_rate"": 0.000848493197, ""new_fc_1"": 30, ""new_fc_10"": 22, ""new_fc_2"": 13, ""new_fc_3"": 30, ""new_fc_4"": 6, ""new_fc_5"": 26, ""new_fc_6"": 11, ""new_fc_7"": 8, ""new_fc_8"": 25, ""new_fc_9"": 26, ""num_neurons"": 8, ""optimizer"": ""SGD"", ""reg_l2"": false, ""skip_connection"": false, ""unit_c1"": 3, ""unit_c2"": 5}"
346,167,accuracy,0.7979000061750412,0.2020999938249588,0.26937594666666664,40406392.0,1012164.0,-0.3606572116774711,4849.2558,"{""activation"": ""elu"", ""batch_size"": 8, ""data_augmentation"": false, ""dr_f"": 0.466577252832, ""learning_rate"": 0.000252260335, ""new_fc_1"": 8, ""new_fc_10"": 27, ""new_fc_2"": 26, ""new_fc_3"": 0, ""new_fc_4"": 28, ""new_fc_5"": 3, ""new_fc_6"": 24, ""new_fc_7"": 24, ""new_fc_8"": 9, ""new_fc_9"": 5, ""num_neurons"": 16, ""optimizer"": ""Adam"", ""reg_l2"": false, ""skip_connection"": false, ""unit_c1"": 2, ""unit_c2"": 3}"
347,168,accuracy,0.6180000007152557,0.38199999928474426,0.35542,53313000.0,1183412.0,-0.46077399949932096,5475.2443,"{""activation"": ""swish"", ""batch_size"": 16, ""data_augmentation"": false, ""dr_f"": 0.037220061466, ""learning_rate"": 0.000760542652, ""new_fc_1"": 25, ""new_fc_10"": 29, ""new_fc_2"": 16, ""new_fc_3"": 29, ""new_fc_4"": 10, ""new_fc_5"": 1, ""new_fc_6"": 24, ""new_fc_7"": 30, ""new_fc_8"": 16, ""new_fc_9"": 7, ""num_neurons"": 16, ""optimizer"": ""Adam"", ""reg_l2"": false, ""skip_connection"": true, ""unit_c1"": 3, ""unit_c2"": 1}"
348,169,accuracy,0.9793999996036291,0.020600000396370888,0.10781530666666667,16172296.0,934028.0,-0.2820754082774596,5740.2877,"{""activation"": ""elu"", ""batch_size"": 64, ""data_augmentation"": true, ""dr_f"": 0.332718835336, ""learning_rate"": 0.000521457661, ""new_fc_1"": 30, ""new_fc_10"": 1, ""new_fc_2"": 12, ""new_fc_3"": 16, ""new_fc_4"": 19, ""new_fc_5"": 29, ""new_fc_6"": 6, ""new_fc_7"": 32, ""new_fc_8"": 13, ""new_fc_9"": 32, ""num_neurons"": 8, ""optimizer"": ""SGD"", ""reg_l2"": false, ""skip_connection"": true, ""unit_c1"": 1, ""unit_c2"": 6}"
349,169,flops,,,0.9267850133333333,139017752.0,4132516.0,,5741.7257,"{""activation"": ""elu"", ""batch_size"": 32, ""data_augmentation"": true, ""dr_f"": 0.127323822974, ""learning_rate"": 0.000320695992, ""new_fc_1"": 30, ""new_fc_10"": 20, ""new_fc_2"": 19, ""new_fc_3"": 6, ""new_fc_4"": 18, ""new_fc_5"": 2, ""new_fc_6"": 18, ""new_fc_7"": 11, ""new_fc_8"": 14, ""new_fc_9"": 18, ""num_neurons"": 16, ""optimizer"": ""Adadelta"", ""reg_l2"": false, ""skip_connection"": true, ""unit_c1"": 3, ""unit_c2"": 7}"
350,169,flops,,,0.84223312,126334968.0,4767300.0,,5743.2886,"{""activation"": ""relu"", ""batch_size"": 8, ""data_augmentation"": true, ""dr_f"": 0.179200854988, ""learning_rate"": 0.000100295902, ""new_fc_1"": 12, ""new_fc_10"": 7, ""new_fc_2"": 32, ""new_fc_3"": 13, ""new_fc_4"": 10, ""new_fc_5"": 22, ""new_fc_6"": 31, ""new_fc_7"": 10, ""new_fc_8"": 19, ""new_fc_9"": 25, ""num_neurons"": 32, ""optimizer"": ""Adam"", ""reg_l2"": true, ""skip_connection"": false, ""unit_c1"": 2, ""unit_c2"": 2}"
351,169,flops,,,0.22714544,34071816.0,2438948.0,,5744.6801,"{""activation"": ""selu"", ""batch_size"": 8, ""data_augmentation"": true, ""dr_f"": 0.098564155736, ""learning_rate"": 0.000339318172, ""new_fc_1"": 23, ""new_fc_10"": 25, ""new_fc_2"": 24, ""new_fc_3"": 15, ""new_fc_4"": 11, ""new_fc_5"": 10, ""new_fc_6"": 23, ""new_fc_7"": 23, ""new_fc_8"": 28, ""new_fc_9"": 13, ""num_neurons"": 16, ""optimizer"": ""Adadelta"", ""reg_l2"": true, ""skip_connection"": false, ""unit_c1"": 1, ""unit_c2"": 4}"
352,170,accuracy,0.9602000005543232,0.039799999445676804,0.007096933333333334,1064540.0,45020.0,-0.32573091961197376,7329.7484,"{""activation"": ""selu"", ""batch_size"": 8, ""data_augmentation"": false, ""dr_f"": 0.182239986306, ""learning_rate"": 0.000321593208, ""new_fc_1"": 6, ""new_fc_10"": 1, ""new_fc_2"": 15, ""new_fc_3"": 30, ""new_fc_4"": 11, ""new_fc_5"": 16, ""new_fc_6"": 16, ""new_fc_7"": 25, ""new_fc_8"": 8, ""new_fc_9"": 1, ""num_neurons"": 4, ""optimizer"": ""SGD"", ""reg_l2"": true, ""skip_connection"": false, ""unit_c1"": 1, ""unit_c2"": 2}"
353,171,accuracy,0.9900000002235174,0.009999999776482582,0.43354714666666666,65032072.0,1453748.0,-0.17693585584353777,7535.1248,"{""activation"": ""swish"", ""batch_size"": 64, ""data_augmentation"": true, ""dr_f"": 0.15806628823, ""learning_rate"": 0.000430484282, ""new_fc_1"": 13, ""new_fc_10"": 16, ""new_fc_2"": 9, ""new_fc_3"": 22, ""new_fc_4"": 16, ""new_fc_5"": 3, ""new_fc_6"": 11, ""new_fc_7"": 6, ""new_fc_8"": 10, ""new_fc_9"": 7, ""num_neurons"": 16, ""optimizer"": ""Adam"", ""reg_l2"": true, ""skip_connection"": false, ""unit_c1"": 2, ""unit_c2"": 5}"
354,171,flops,,,5.930215413333333,889532312.0,10232292.0,,7536.7921,"{""activation"": ""elu"", ""batch_size"": 32, ""data_augmentation"": true, ""dr_f"": 0.429105073125, ""learning_rate"": 0.000276880223, ""new_fc_1"": 1, ""new_fc_10"": 22, ""new_fc_2"": 9, ""new_fc_3"": 26, ""new_fc_4"": 22, ""new_fc_5"": 10, ""new_fc_6"": 19, ""new_fc_7"": 16, ""new_fc_8"": 5, ""new_fc_9"": 3, ""num_neurons"": 64, ""optimizer"": ""Adagrad"", ""reg_l2"": false, ""skip_connection"": false, ""unit_c1"": 1, ""unit_c2"": 6}"
355,172,accuracy,0.7730000019073486,0.22699999809265137,0.6532732266666667,97990984.0,2852964.0,-0.2629180306648559,8462.3055,"{""activation"": ""selu"", ""batch_size"": 32, ""data_augmentation"": false, ""dr_f"": 0.061489469839, ""learning_rate"": 0.000925986878, ""new_fc_1"": 25, ""new_fc_10"": 32, ""new_fc_2"": 11, ""new_fc_3"": 12, ""new_fc_4"": 15, ""new_fc_5"": 32, ""new_fc_6"": 28, ""new_fc_7"": 8, ""new_fc_8"": 5, ""new_fc_9"": 7, ""num_neurons"": 16, ""optimizer"": ""Adamax"", ""reg_l2"": true, ""skip_connection"": false, ""unit_c1"": 3, ""unit_c2"": 5}"
356,173,accuracy,10000000000.0,,1.6712259733333332,250683896.0,3452804.0,10000000000.0,8463.7242,"{""activation"": ""selu"", ""batch_size"": 64, ""data_augmentation"": false, ""dr_f"": 0.320878132656, ""learning_rate"": 0.000694490283, ""new_fc_1"": 1, ""new_fc_10"": 10, ""new_fc_2"": 27, ""new_fc_3"": 14, ""new_fc_4"": 32, ""new_fc_5"": 9, ""new_fc_6"": 32, ""new_fc_7"": 18, ""new_fc_8"": 21, ""new_fc_9"": 9, ""num_neurons"": 32, ""optimizer"": ""Adadelta"", ""reg_l2"": true, ""skip_connection"": false, ""unit_c1"": 2, ""unit_c2"": 5}"
357,174,accuracy,10000000000.0,,1.5798851733333332,236982776.0,7082916.0,10000000000.0,8465.0677,"{""activation"": ""swish"", ""batch_size"": 8, ""data_augmentation"": false, ""dr_f"": 0.292474380849, ""learning_rate"": 0.000922928602, ""new_fc_1"": 27, ""new_fc_10"": 16, ""new_fc_2"": 22, ""new_fc_3"": 24, ""new_fc_4"": 29, ""new_fc_5"": 1, ""new_fc_6"": 5, ""new_fc_7"": 23, ""new_fc_8"": 16, ""new_fc_9"": 28, ""num_neurons"": 32, ""optimizer"": ""Adadelta"", ""reg_l2"": true, ""skip_connection"": false, ""unit_c1"": 3, ""unit_c2"": 2}"
358,175,accuracy,0.9897999996319413,0.010200000368058681,0.8576445333333333,128646680.0,5652708.0,-0.04984664025764107,8670.6367,"{""activation"": ""relu"", ""batch_size"": 64, ""data_augmentation"": true, ""dr_f"": 0.484028191813, ""learning_rate"": 0.000268108049, ""new_fc_1"": 26, ""new_fc_10"": 16, ""new_fc_2"": 2, ""new_fc_3"": 9, ""new_fc_4"": 24, ""new_fc_5"": 12, ""new_fc_6"": 29, ""new_fc_7"": 25, ""new_fc_8"": 10, ""new_fc_9"": 5, ""num_neurons"": 32, ""optimizer"": ""SGD"", ""reg_l2"": false, ""skip_connection"": true, ""unit_c1"": 2, ""unit_c2"": 2}"
359,176,accuracy,10000000000.0,,13.616731466666666,2042509720.0,18061540.0,10000000000.0,2.3852,"{""activation"": ""relu"", ""batch_size"": 32, ""data_augmentation"": false, ""dr_f"": 0.489238635245, ""learning_rate"": 0.000377037446, ""new_fc_1"": 3, ""new_fc_10"": 24, ""new_fc_2"": 15, ""new_fc_3"": 5, ""new_fc_4"": 23, ""new_fc_5"": 3, ""new_fc_6"": 15, ""new_fc_7"": 12, ""new_fc_8"": 32, ""new_fc_9"": 25, ""num_neurons"": 64, ""optimizer"": ""Adamax"", ""reg_l2"": true, ""skip_connection"": false, ""unit_c1"": 3, ""unit_c2"": 7}"
360,177,accuracy,0.6416000127792358,0.35839998722076416,0.06939653333333333,10409480.0,1090084.0,-0.5300610310545348,1649.0317,"{""activation"": ""swish"", ""batch_size"": 8, ""data_augmentation"": false, ""dr_f"": 0.329731268104, ""learning_rate"": 0.000903829874, ""new_fc_1"": 22, ""new_fc_10"": 4, ""new_fc_2"": 5, ""new_fc_3"": 25, ""new_fc_4"": 20, ""new_fc_5"": 21, ""new_fc_6"": 26, ""new_fc_7"": 18, ""new_fc_8"": 28, ""new_fc_9"": 0, ""num_neurons"": 16, ""optimizer"": ""Adamax"", ""reg_l2"": false, ""skip_connection"": true, ""unit_c1"": 1, ""unit_c2"": 1}"
361,178,accuracy,0.9692999999970198,0.030700000002980232,0.34874533333333335,52311800.0,1001508.0,-0.21686640000208612,2154.7175,"{""activation"": ""elu"", ""batch_size"": 16, ""data_augmentation"": false, ""dr_f"": 0.424647161588, ""learning_rate"": 0.000767914021, ""new_fc_1"": 5, ""new_fc_10"": 19, ""new_fc_2"": 14, ""new_fc_3"": 0, ""new_fc_4"": 30, ""new_fc_5"": 20, ""new_fc_6"": 12, ""new_fc_7"": 21, ""new_fc_8"": 14, ""new_fc_9"": 11, ""num_neurons"": 16, ""optimizer"": ""Adam"", ""reg_l2"": true, ""skip_connection"": true, ""unit_c1"": 2, ""unit_c2"": 4}"
362,178,flops,,,0.08906258666666667,13359388.0,269152.0,,2156.382,"{""activation"": ""swish"", ""batch_size"": 64, ""data_augmentation"": true, ""dr_f"": 0.40101034471, ""learning_rate"": 0.000239326483, ""new_fc_1"": 24, ""new_fc_10"": 20, ""new_fc_2"": 25, ""new_fc_3"": 17, ""new_fc_4"": 26, ""new_fc_5"": 11, ""new_fc_6"": 23, ""new_fc_7"": 8, ""new_fc_8"": 6, ""new_fc_9"": 27, ""num_neurons"": 4, ""optimizer"": ""Adadelta"", ""reg_l2"": true, ""skip_connection"": false, ""unit_c1"": 4, ""unit_c2"": 8}"
363,179,accuracy,0.9890999998897314,0.010900000110268593,0.05166978666666667,7750468.0,119164.0,-0.29212906407718797,2301.8285,"{""activation"": ""swish"", ""batch_size"": 64, ""data_augmentation"": false, ""dr_f"": 0.194108407596, ""learning_rate"": 0.000231192777, ""new_fc_1"": 26, ""new_fc_10"": 11, ""new_fc_2"": 4, ""new_fc_3"": 7, ""new_fc_4"": 12, ""new_fc_5"": 12, ""new_fc_6"": 13, ""new_fc_7"": 12, ""new_fc_8"": 31, ""new_fc_9"": 17, ""num_neurons"": 4, ""optimizer"": ""Adadelta"", ""reg_l2"": false, ""skip_connection"": true, ""unit_c1"": 4, ""unit_c2"": 3}"
364,180,accuracy,0.9635999985039234,0.036400001496076584,0.1461944,21929160.0,800116.0,-0.2816216810472536,2506.9219,"{""activation"": ""elu"", ""batch_size"": 64, ""data_augmentation"": true, ""dr_f"": 0.094896026745, ""learning_rate"": 0.000117673396, ""new_fc_1"": 3, ""new_fc_10"": 32, ""new_fc_2"": 30, ""new_fc_3"": 18, ""new_fc_4"": 21, ""new_fc_5"": 7, ""new_fc_6"": 31, ""new_fc_7"": 0, ""new_fc_8"": 22, ""new_fc_9"": 3, ""num_neurons"": 16, ""optimizer"": ""Adam"", ""reg_l2"": true, ""skip_connection"": true, ""unit_c1"": 1, ""unit_c2"": 3}"
365,181,accuracy,0.9912000000476837,0.008799999952316284,0.08906258666666667,13359388.0,269152.0,-0.2794412239666214,2652.3922,"{""activation"": ""swish"", ""batch_size"": 64, ""data_augmentation"": true, ""dr_f"": 0.40101034471, ""learning_rate"": 0.000239326483, ""new_fc_1"": 24, ""new_fc_10"": 20, ""new_fc_2"": 25, ""new_fc_3"": 17, ""new_fc_4"": 26, ""new_fc_5"": 11, ""new_fc_6"": 23, ""new_fc_7"": 8, ""new_fc_8"": 6, ""new_fc_9"": 27, ""num_neurons"": 4, ""optimizer"": ""Adadelta"", ""reg_l2"": true, ""skip_connection"": false, ""unit_c1"": 4, ""unit_c2"": 8}"
366,182,accuracy,10000000000.0,,4.394815306666667,659222296.0,33958948.0,10000000000.0,2655.1683,"{""activation"": ""elu"", ""batch_size"": 64, ""data_augmentation"": true, ""dr_f"": 0.388397624245, ""learning_rate"": 0.00072487131, ""new_fc_1"": 28, ""new_fc_10"": 25, ""new_fc_2"": 32, ""new_fc_3"": 23, ""new_fc_4"": 11, ""new_fc_5"": 26, ""new_fc_6"": 12, ""new_fc_7"": 0, ""new_fc_8"": 12, ""new_fc_9"": 2, ""num_neurons"": 64, ""optimizer"": ""Adagrad"", ""reg_l2"": true, ""skip_connection"": false, ""unit_c1"": 2, ""unit_c2"": 3}"
367,183,accuracy,10000000000.0,,3.2663101333333335,489946520.0,15147044.0,10000000000.0,2657.0261,"{""activation"": ""elu"", ""batch_size"": 8, ""data_augmentation"": false, ""dr_f"": 0.218260954749, ""learning_rate"": 0.000568588628, ""new_fc_1"": 13, ""new_fc_10"": 19, ""new_fc_2"": 6, ""new_fc_3"": 27, ""new_fc_4"": 20, ""new_fc_5"": 10, ""new_fc_6"": 17, ""new_fc_7"": 16, ""new_fc_8"": 12, ""new_fc_9"": 9, ""num_neurons"": 64, ""optimizer"": ""Adamax"", ""reg_l2"": false, ""skip_connection"": false, ""unit_c1"": 2, ""unit_c2"": 2}"
368,183,flops,,,0.16854704,25282056.0,246212.0,,2658.4237,"{""activation"": ""elu"", ""batch_size"": 32, ""data_augmentation"": false, ""dr_f"": 0.437788996084, ""learning_rate"": 0.000461516696, ""new_fc_1"": 14, ""new_fc_10"": 9, ""new_fc_2"": 2, ""new_fc_3"": 22, ""new_fc_4"": 8, ""new_fc_5"": 29, ""new_fc_6"": 13, ""new_fc_7"": 15, ""new_fc_8"": 18, ""new_fc_9"": 12, ""num_neurons"": 8, ""optimizer"": ""Adamax"", ""reg_l2"": true, ""skip_connection"": true, ""unit_c1"": 4, ""unit_c2"": 2}"
369,183,flops,,,0.26408928,39613392.0,347732.0,,2660.1622,"{""activation"": ""elu"", ""batch_size"": 8, ""data_augmentation"": true, ""dr_f"": 0.285840019699, ""learning_rate"": 0.000597964867, ""new_fc_1"": 8, ""new_fc_10"": 3, ""new_fc_2"": 5, ""new_fc_3"": 16, ""new_fc_4"": 2, ""new_fc_5"": 6, ""new_fc_6"": 12, ""new_fc_7"": 4, ""new_fc_8"": 4, ""new_fc_9"": 11, ""num_neurons"": 8, ""optimizer"": ""Adadelta"", ""reg_l2"": false, ""skip_connection"": true, ""unit_c1"": 3, ""unit_c2"": 8}"
370,184,accuracy,0.9900000002235174,0.009999999776482582,0.5837002133333333,87555032.0,588436.0,-0.1318899358435378,2985.6239,"{""activation"": ""swish"", ""batch_size"": 32, ""data_augmentation"": false, ""dr_f"": 0.074761603708, ""learning_rate"": 0.000486777871, ""new_fc_1"": 9, ""new_fc_10"": 19, ""new_fc_2"": 1, ""new_fc_3"": 8, ""new_fc_4"": 8, ""new_fc_5"": 29, ""new_fc_6"": 10, ""new_fc_7"": 5, ""new_fc_8"": 25, ""new_fc_9"": 14, ""num_neurons"": 16, ""optimizer"": ""Adamax"", ""reg_l2"": true, ""skip_connection"": true, ""unit_c1"": 4, ""unit_c2"": 1}"
371,185,accuracy,0.9240999966859818,0.07590000331401825,0.0426792,6401880.0,223960.0,-0.3403262423198128,4272.2229,"{""activation"": ""selu"", ""batch_size"": 8, ""data_augmentation"": true, ""dr_f"": 0.323053839663, ""learning_rate"": 0.000115450042, ""new_fc_1"": 20, ""new_fc_10"": 17, ""new_fc_2"": 29, ""new_fc_3"": 12, ""new_fc_4"": 32, ""new_fc_5"": 8, ""new_fc_6"": 28, ""new_fc_7"": 11, ""new_fc_8"": 32, ""new_fc_9"": 3, ""num_neurons"": 4, ""optimizer"": ""Adamax"", ""reg_l2"": false, ""skip_connection"": true, ""unit_c1"": 1, ""unit_c2"": 8}"
372,185,flops,,,0.008259146666666667,1238872.0,92752.0,,4273.6759,"{""activation"": ""swish"", ""batch_size"": 16, ""data_augmentation"": true, ""dr_f"": 0.24121597727, ""learning_rate"": 0.000577584781, ""new_fc_1"": 21, ""new_fc_10"": 32, ""new_fc_2"": 23, ""new_fc_3"": 18, ""new_fc_4"": 10, ""new_fc_5"": 0, ""new_fc_6"": 24, ""new_fc_7"": 4, ""new_fc_8"": 11, ""new_fc_9"": 17, ""num_neurons"": 4, ""optimizer"": ""Adamax"", ""reg_l2"": true, ""skip_connection"": true, ""unit_c1"": 1, ""unit_c2"": 2}"
373,186,accuracy,10000000000.0,,5.4059939733333335,810899096.0,25169956.0,10000000000.0,4276.0083,"{""activation"": ""elu"", ""batch_size"": 16, ""data_augmentation"": true, ""dr_f"": 0.080524651448, ""learning_rate"": 0.000566776629, ""new_fc_1"": 14, ""new_fc_10"": 29, ""new_fc_2"": 2, ""new_fc_3"": 15, ""new_fc_4"": 5, ""new_fc_5"": 22, ""new_fc_6"": 22, ""new_fc_7"": 25, ""new_fc_8"": 32, ""new_fc_9"": 3, ""num_neurons"": 64, ""optimizer"": ""Adamax"", ""reg_l2"": true, ""skip_connection"": false, ""unit_c1"": 2, ""unit_c2"": 4}"
374,186,flops,,,2.5042275733333335,375634136.0,6104580.0,,4277.5598,"{""activation"": ""selu"", ""batch_size"": 64, ""data_augmentation"": false, ""dr_f"": 0.293205130559, ""learning_rate"": 0.00080646152, ""new_fc_1"": 10, ""new_fc_10"": 18, ""new_fc_2"": 4, ""new_fc_3"": 29, ""new_fc_4"": 2, ""new_fc_5"": 23, ""new_fc_6"": 32, ""new_fc_7"": 18, ""new_fc_8"": 18, ""new_fc_9"": 10, ""num_neurons"": 32, ""optimizer"": ""SGD"", ""reg_l2"": true, ""skip_connection"": false, ""unit_c1"": 3, ""unit_c2"": 5}"
375,187,accuracy,0.9912999998778105,0.008700000122189522,0.20001413333333334,30002120.0,644732.0,-0.24608576008553265,4483.5001,"{""activation"": ""selu"", ""batch_size"": 64, ""data_augmentation"": true, ""dr_f"": 0.47583897491, ""learning_rate"": 0.000265311849, ""new_fc_1"": 12, ""new_fc_10"": 30, ""new_fc_2"": 18, ""new_fc_3"": 31, ""new_fc_4"": 25, ""new_fc_5"": 29, ""new_fc_6"": 12, ""new_fc_7"": 20, ""new_fc_8"": 25, ""new_fc_9"": 20, ""num_neurons"": 8, ""optimizer"": ""Adadelta"", ""reg_l2"": true, ""skip_connection"": true, ""unit_c1"": 3, ""unit_c2"": 6}"
376,187,flops,,,3.70303312,555454968.0,11199524.0,,4485.5659,"{""activation"": ""swish"", ""batch_size"": 64, ""data_augmentation"": true, ""dr_f"": 0.493180927557, ""learning_rate"": 0.000346054024, ""new_fc_1"": 25, ""new_fc_10"": 1, ""new_fc_2"": 30, ""new_fc_3"": 9, ""new_fc_4"": 8, ""new_fc_5"": 15, ""new_fc_6"": 31, ""new_fc_7"": 7, ""new_fc_8"": 12, ""new_fc_9"": 29, ""num_neurons"": 32, ""optimizer"": ""Adam"", ""reg_l2"": true, ""skip_connection"": true, ""unit_c1"": 4, ""unit_c2"": 5}"
377,187,flops,,,0.09209314666666667,13813972.0,342208.0,,4486.8334,"{""activation"": ""elu"", ""batch_size"": 16, ""data_augmentation"": true, ""dr_f"": 0.44550168378, ""learning_rate"": 0.000617783716, ""new_fc_1"": 31, ""new_fc_10"": 12, ""new_fc_2"": 27, ""new_fc_3"": 5, ""new_fc_4"": 24, ""new_fc_5"": 2, ""new_fc_6"": 22, ""new_fc_7"": 31, ""new_fc_8"": 29, ""new_fc_9"": 32, ""num_neurons"": 4, ""optimizer"": ""Adadelta"", ""reg_l2"": false, ""skip_connection"": true, ""unit_c1"": 4, ""unit_c2"": 8}"
378,188,accuracy,0.8365000039339066,0.16349999606609344,0.7038154133333333,105572312.0,695108.0,-0.2033053732462654,6912.4225,"{""activation"": ""swish"", ""batch_size"": 8, ""data_augmentation"": true, ""dr_f"": 0.404882120499, ""learning_rate"": 0.000242818048, ""new_fc_1"": 1, ""new_fc_10"": 25, ""new_fc_2"": 22, ""new_fc_3"": 26, ""new_fc_4"": 9, ""new_fc_5"": 17, ""new_fc_6"": 0, ""new_fc_7"": 14, ""new_fc_8"": 3, ""new_fc_9"": 27, ""num_neurons"": 16, ""optimizer"": ""Adamax"", ""reg_l2"": false, ""skip_connection"": false, ""unit_c1"": 4, ""unit_c2"": 3}"
379,189,accuracy,0.982999999076128,0.017000000923871994,0.33685904,50528856.0,779524.0,-0.2108422886467104,7357.5731,"{""activation"": ""relu"", ""batch_size"": 16, ""data_augmentation"": false, ""dr_f"": 0.078341283078, ""learning_rate"": 0.000445907621, ""new_fc_1"": 3, ""new_fc_10"": 14, ""new_fc_2"": 12, ""new_fc_3"": 28, ""new_fc_4"": 1, ""new_fc_5"": 27, ""new_fc_6"": 29, ""new_fc_7"": 17, ""new_fc_8"": 3, ""new_fc_9"": 10, ""num_neurons"": 16, ""optimizer"": ""Adadelta"", ""reg_l2"": true, ""skip_connection"": false, ""unit_c1"": 2, ""unit_c2"": 4}"
380,190,accuracy,10000000000.0,,3.13372368,470058552.0,4868868.0,10000000000.0,7359.0949,"{""activation"": ""swish"", ""batch_size"": 8, ""data_augmentation"": true, ""dr_f"": 0.365944904224, ""learning_rate"": 0.000263434014, ""new_fc_1"": 13, ""new_fc_10"": 19, ""new_fc_2"": 8, ""new_fc_3"": 9, ""new_fc_4"": 9, ""new_fc_5"": 7, ""new_fc_6"": 7, ""new_fc_7"": 18, ""new_fc_8"": 6, ""new_fc_9"": 13, ""num_neurons"": 32, ""optimizer"": ""Adam"", ""reg_l2"": false, ""skip_connection"": false, ""unit_c1"": 4, ""unit_c2"": 4}"
381,190,flops,,,0.09670976,14506464.0,638188.0,,7360.6054,"{""activation"": ""swish"", ""batch_size"": 16, ""data_augmentation"": true, ""dr_f"": 0.415978865817, ""learning_rate"": 0.000403268678, ""new_fc_1"": 28, ""new_fc_10"": 2, ""new_fc_2"": 29, ""new_fc_3"": 4, ""new_fc_4"": 12, ""new_fc_5"": 26, ""new_fc_6"": 32, ""new_fc_7"": 1, ""new_fc_8"": 26, ""new_fc_9"": 11, ""num_neurons"": 8, ""optimizer"": ""Adamax"", ""reg_l2"": false, ""skip_connection"": true, ""unit_c1"": 2, ""unit_c2"": 4}"
382,191,accuracy,0.991100000217557,0.008899999782443047,0.09209314666666667,13813972.0,342208.0,-0.2786020558477101,7746.1647,"{""activation"": ""elu"", ""batch_size"": 16, ""data_augmentation"": true, ""dr_f"": 0.44550168378, ""learning_rate"": 0.000617783716, ""new_fc_1"": 31, ""new_fc_10"": 12, ""new_fc_2"": 27, ""new_fc_3"": 5, ""new_fc_4"": 24, ""new_fc_5"": 2, ""new_fc_6"": 22, ""new_fc_7"": 31, ""new_fc_8"": 29, ""new_fc_9"": 32, ""num_neurons"": 4, ""optimizer"": ""Adadelta"", ""reg_l2"": false, ""skip_connection"": true, ""unit_c1"": 4, ""unit_c2"": 8}"
383,191,flops,,,0.12947082666666668,19420624.0,434204.0,,7747.4275,"{""activation"": ""swish"", ""batch_size"": 16, ""data_augmentation"": false, ""dr_f"": 0.465484894697, ""learning_rate"": 0.000619437793, ""new_fc_1"": 11, ""new_fc_10"": 7, ""new_fc_2"": 0, ""new_fc_3"": 22, ""new_fc_4"": 8, ""new_fc_5"": 18, ""new_fc_6"": 14, ""new_fc_7"": 27, ""new_fc_8"": 1, ""new_fc_9"": 1, ""num_neurons"": 8, ""optimizer"": ""Adam"", ""reg_l2"": true, ""skip_connection"": true, ""unit_c1"": 1, ""unit_c2"": 7}"
384,191,flops,,,0.4643794666666667,69656920.0,1623796.0,,7749.1187,"{""activation"": ""relu"", ""batch_size"": 64, ""data_augmentation"": true, ""dr_f"": 0.216483727153, ""learning_rate"": 0.000732620539, ""new_fc_1"": 13, ""new_fc_10"": 25, ""new_fc_2"": 29, ""new_fc_3"": 2, ""new_fc_4"": 20, ""new_fc_5"": 18, ""new_fc_6"": 19, ""new_fc_7"": 32, ""new_fc_8"": 27, ""new_fc_9"": 15, ""num_neurons"": 16, ""optimizer"": ""Adam"", ""reg_l2"": true, ""skip_connection"": false, ""unit_c1"": 3, ""unit_c2"": 3}"
385,192,accuracy,0.8985000029206276,0.1014999970793724,0.9267850133333333,139017752.0,4132516.0,-0.09301449395556069,8794.6376,"{""activation"": ""elu"", ""batch_size"": 32, ""data_augmentation"": true, ""dr_f"": 0.127323822974, ""learning_rate"": 0.000320695992, ""new_fc_1"": 30, ""new_fc_10"": 20, ""new_fc_2"": 19, ""new_fc_3"": 6, ""new_fc_4"": 18, ""new_fc_5"": 2, ""new_fc_6"": 18, ""new_fc_7"": 11, ""new_fc_8"": 14, ""new_fc_9"": 18, ""num_neurons"": 16, ""optimizer"": ""Adadelta"", ""reg_l2"": false, ""skip_connection"": true, ""unit_c1"": 3, ""unit_c2"": 7}"
386,192,flops,,,0.80605456,120908184.0,1781988.0,,8796.2345,"{""activation"": ""relu"", ""batch_size"": 64, ""data_augmentation"": false, ""dr_f"": 0.429162714117, ""learning_rate"": 0.000394189207, ""new_fc_1"": 20, ""new_fc_10"": 2, ""new_fc_2"": 10, ""new_fc_3"": 21, ""new_fc_4"": 1, ""new_fc_5"": 23, ""new_fc_6"": 19, ""new_fc_7"": 8, ""new_fc_8"": 14, ""new_fc_9"": 14, ""num_neurons"": 16, ""optimizer"": ""SGD"", ""reg_l2"": true, ""skip_connection"": true, ""unit_c1"": 4, ""unit_c2"": 4}"
387,192,flops,,,0.09034778666666667,13552168.0,415684.0,,8797.4102,"{""activation"": ""selu"", ""batch_size"": 16, ""data_augmentation"": false, ""dr_f"": 0.137927792313, ""learning_rate"": 0.000601871559, ""new_fc_1"": 16, ""new_fc_10"": 20, ""new_fc_2"": 27, ""new_fc_3"": 8, ""new_fc_4"": 3, ""new_fc_5"": 4, ""new_fc_6"": 29, ""new_fc_7"": 2, ""new_fc_8"": 22, ""new_fc_9"": 23, ""num_neurons"": 8, ""optimizer"": ""Adam"", ""reg_l2"": false, ""skip_connection"": false, ""unit_c1"": 2, ""unit_c2"": 4}"
388,193,accuracy,0.9900000002235174,0.009999999776482582,0.84223312,126334968.0,4767300.0,-0.05433006384353782,9663.0387,"{""activation"": ""relu"", ""batch_size"": 8, ""data_augmentation"": true, ""dr_f"": 0.179200854988, ""learning_rate"": 0.000100295902, ""new_fc_1"": 12, ""new_fc_10"": 7, ""new_fc_2"": 32, ""new_fc_3"": 13, ""new_fc_4"": 10, ""new_fc_5"": 22, ""new_fc_6"": 31, ""new_fc_7"": 10, ""new_fc_8"": 19, ""new_fc_9"": 25, ""num_neurons"": 32, ""optimizer"": ""Adam"", ""reg_l2"": true, ""skip_connection"": false, ""unit_c1"": 2, ""unit_c2"": 2}"
389,194,accuracy,0.9900000002235174,0.009999999776482582,0.8149433066666667,122241496.0,2448868.0,-0.0625170078435378,9987.965,"{""activation"": ""selu"", ""batch_size"": 32, ""data_augmentation"": false, ""dr_f"": 0.140893042853, ""learning_rate"": 0.000772174321, ""new_fc_1"": 26, ""new_fc_10"": 15, ""new_fc_2"": 7, ""new_fc_3"": 8, ""new_fc_4"": 27, ""new_fc_5"": 30, ""new_fc_6"": 20, ""new_fc_7"": 17, ""new_fc_8"": 1, ""new_fc_9"": 9, ""num_neurons"": 16, ""optimizer"": ""Adamax"", ""reg_l2"": false, ""skip_connection"": true, ""unit_c1"": 4, ""unit_c2"": 4}"
390,194,flops,,,0.039830453333333335,5974568.0,141936.0,,9989.6311,"{""activation"": ""swish"", ""batch_size"": 16, ""data_augmentation"": true, ""dr_f"": 0.298729021669, ""learning_rate"": 0.000400483923, ""new_fc_1"": 24, ""new_fc_10"": 23, ""new_fc_2"": 15, ""new_fc_3"": 8, ""new_fc_4"": 19, ""new_fc_5"": 31, ""new_fc_6"": 10, ""new_fc_7"": 15, ""new_fc_8"": 2, ""new_fc_9"": 1, ""num_neurons"": 4, ""optimizer"": ""Adam"", ""reg_l2"": false, ""skip_connection"": true, ""unit_c1"": 3, ""unit_c2"": 4}"
391,195,accuracy,10000000000.0,,2.0903728533333332,313555928.0,4325284.0,10000000000.0,9991.1789,"{""activation"": ""elu"", ""batch_size"": 32, ""data_augmentation"": false, ""dr_f"": 0.238832519891, ""learning_rate"": 0.000230663001, ""new_fc_1"": 4, ""new_fc_10"": 6, ""new_fc_2"": 30, ""new_fc_3"": 12, ""new_fc_4"": 14, ""new_fc_5"": 9, ""new_fc_6"": 29, ""new_fc_7"": 14, ""new_fc_8"": 21, ""new_fc_9"": 17, ""num_neurons"": 32, ""optimizer"": ""Adamax"", ""reg_l2"": true, ""skip_connection"": false, ""unit_c1"": 2, ""unit_c2"": 6}"
392,195,flops,,,1.0430531733333333,156457976.0,2071092.0,,9992.6255,"{""activation"": ""elu"", ""batch_size"": 8, ""data_augmentation"": false, ""dr_f"": 0.12594322897, ""learning_rate"": 0.000591487408, ""new_fc_1"": 10, ""new_fc_10"": 14, ""new_fc_2"": 16, ""new_fc_3"": 18, ""new_fc_4"": 0, ""new_fc_5"": 25, ""new_fc_6"": 9, ""new_fc_7"": 9, ""new_fc_8"": 13, ""new_fc_9"": 24, ""num_neurons"": 16, ""optimizer"": ""Adagrad"", ""reg_l2"": true, ""skip_connection"": true, ""unit_c1"": 3, ""unit_c2"": 8}"
393,195,flops,,,1.8360419733333333,275406296.0,12900868.0,,9994.5137,"{""activation"": ""relu"", ""batch_size"": 8, ""data_augmentation"": true, ""dr_f"": 0.308658330435, ""learning_rate"": 0.000812231442, ""new_fc_1"": 24, ""new_fc_10"": 16, ""new_fc_2"": 9, ""new_fc_3"": 24, ""new_fc_4"": 25, ""new_fc_5"": 26, ""new_fc_6"": 26, ""new_fc_7"": 30, ""new_fc_8"": 24, ""new_fc_9"": 16, ""num_neurons"": 32, ""optimizer"": ""Adamax"", ""reg_l2"": true, ""skip_connection"": true, ""unit_c1"": 2, ""unit_c2"": 5}"
394,196,accuracy,10000000000.0,,13.167631946666667,1975144792.0,80778212.0,10000000000.0,9999.5254,"{""activation"": ""relu"", ""batch_size"": 64, ""data_augmentation"": true, ""dr_f"": 0.225127124549, ""learning_rate"": 0.000379901698, ""new_fc_1"": 29, ""new_fc_10"": 14, ""new_fc_2"": 23, ""new_fc_3"": 23, ""new_fc_4"": 29, ""new_fc_5"": 30, ""new_fc_6"": 21, ""new_fc_7"": 20, ""new_fc_8"": 14, ""new_fc_9"": 1, ""num_neurons"": 64, ""optimizer"": ""Adam"", ""reg_l2"": false, ""skip_connection"": false, ""unit_c1"": 2, ""unit_c2"": 8}"
395,196,flops,,,0.21120314666666667,31680472.0,767940.0,,10001.1334,"{""activation"": ""relu"", ""batch_size"": 8, ""data_augmentation"": true, ""dr_f"": 0.333958160416, ""learning_rate"": 0.000352147141, ""new_fc_1"": 7, ""new_fc_10"": 20, ""new_fc_2"": 3, ""new_fc_3"": 22, ""new_fc_4"": 1, ""new_fc_5"": 30, ""new_fc_6"": 31, ""new_fc_7"": 1, ""new_fc_8"": 17, ""new_fc_9"": 20, ""num_neurons"": 16, ""optimizer"": ""Adagrad"", ""reg_l2"": false, ""skip_connection"": false, ""unit_c1"": 2, ""unit_c2"": 2}"
396,197,accuracy,0.9918999997898936,0.008100000210106373,0.3845040533333333,57675608.0,4354436.0,-0.19031878414707448,10206.3977,"{""activation"": ""relu"", ""batch_size"": 64, ""data_augmentation"": false, ""dr_f"": 0.124207899612, ""learning_rate"": 0.000349334526, ""new_fc_1"": 10, ""new_fc_10"": 32, ""new_fc_2"": 11, ""new_fc_3"": 5, ""new_fc_4"": 28, ""new_fc_5"": 26, ""new_fc_6"": 25, ""new_fc_7"": 8, ""new_fc_8"": 0, ""new_fc_9"": 23, ""num_neurons"": 32, ""optimizer"": ""Adadelta"", ""reg_l2"": true, ""skip_connection"": false, ""unit_c1"": 1, ""unit_c2"": 2}"
397,197,flops,,,0.025825626666666667,3873844.0,50600.0,,10207.7364,"{""activation"": ""elu"", ""batch_size"": 16, ""data_augmentation"": true, ""dr_f"": 0.252169730941, ""learning_rate"": 0.000958719675, ""new_fc_1"": 1, ""new_fc_10"": 30, ""new_fc_2"": 17, ""new_fc_3"": 26, ""new_fc_4"": 2, ""new_fc_5"": 5, ""new_fc_6"": 31, ""new_fc_7"": 5, ""new_fc_8"": 11, ""new_fc_9"": 31, ""num_neurons"": 4, ""optimizer"": ""Adam"", ""reg_l2"": true, ""skip_connection"": true, ""unit_c1"": 3, ""unit_c2"": 1}"
398,197,flops,,,0.35160090666666666,52740136.0,897460.0,,10209.3045,"{""activation"": ""swish"", ""batch_size"": 16, ""data_augmentation"": false, ""dr_f"": 0.209871220625, ""learning_rate"": 0.000793994343, ""new_fc_1"": 32, ""new_fc_10"": 4, ""new_fc_2"": 3, ""new_fc_3"": 13, ""new_fc_4"": 14, ""new_fc_5"": 7, ""new_fc_6"": 31, ""new_fc_7"": 20, ""new_fc_8"": 2, ""new_fc_9"": 1, ""num_neurons"": 16, ""optimizer"": ""Adamax"", ""reg_l2"": false, ""skip_connection"": true, ""unit_c1"": 3, ""unit_c2"": 1}"
399,197,flops,,,2.80071184,420106776.0,6087908.0,,10210.9874,"{""activation"": ""relu"", ""batch_size"": 16, ""data_augmentation"": true, ""dr_f"": 0.296855073257, ""learning_rate"": 0.000841274679, ""new_fc_1"": 19, ""new_fc_10"": 21, ""new_fc_2"": 3, ""new_fc_3"": 0, ""new_fc_4"": 19, ""new_fc_5"": 8, ""new_fc_6"": 21, ""new_fc_7"": 17, ""new_fc_8"": 31, ""new_fc_9"": 11, ""num_neurons"": 32, ""optimizer"": ""Adadelta"", ""reg_l2"": false, ""skip_connection"": false, ""unit_c1"": 4, ""unit_c2"": 3}"
400,197,flops,,,0.04441941333333333,6662912.0,179472.0,,10212.4132,"{""activation"": ""selu"", ""batch_size"": 8, ""data_augmentation"": false, ""dr_f"": 0.045343342173, ""learning_rate"": 0.000542863763, ""new_fc_1"": 25, ""new_fc_10"": 24, ""new_fc_2"": 21, ""new_fc_3"": 10, ""new_fc_4"": 11, ""new_fc_5"": 20, ""new_fc_6"": 6, ""new_fc_7"": 0, ""new_fc_8"": 32, ""new_fc_9"": 13, ""num_neurons"": 4, ""optimizer"": ""Adamax"", ""reg_l2"": false, ""skip_connection"": false, ""unit_c1"": 3, ""unit_c2"": 5}"
401,197,flops,,,0.07505674666666666,11258512.0,594044.0,,10213.8521,"{""activation"": ""relu"", ""batch_size"": 8, ""data_augmentation"": false, ""dr_f"": 0.440801327914, ""learning_rate"": 0.00098566863, ""new_fc_1"": 26, ""new_fc_10"": 23, ""new_fc_2"": 17, ""new_fc_3"": 11, ""new_fc_4"": 29, ""new_fc_5"": 31, ""new_fc_6"": 29, ""new_fc_7"": 5, ""new_fc_8"": 11, ""new_fc_9"": 25, ""num_neurons"": 8, ""optimizer"": ""Adamax"", ""reg_l2"": false, ""skip_connection"": false, ""unit_c1"": 2, ""unit_c2"": 3}"
402,198,accuracy,10000000000.0,,5.385768266666667,807865240.0,17372452.0,10000000000.0,10216.0521,"{""activation"": ""selu"", ""batch_size"": 64, ""data_augmentation"": false, ""dr_f"": 0.433718848039, ""learning_rate"": 0.000565631772, ""new_fc_1"": 26, ""new_fc_10"": 30, ""new_fc_2"": 8, ""new_fc_3"": 22, ""new_fc_4"": 15, ""new_fc_5"": 17, ""new_fc_6"": 27, ""new_fc_7"": 10, ""new_fc_8"": 12, ""new_fc_9"": 14, ""num_neurons"": 64, ""optimizer"": ""Adamax"", ""reg_l2"": true, ""skip_connection"": true, ""unit_c1"": 3, ""unit_c2"": 1}"
403,199,accuracy,0.7077000141143799,0.2922999858856201,0.09034778666666667,13552168.0,415684.0,-0.47750565411993406,10901.009,"{""activation"": ""selu"", ""batch_size"": 16, ""data_augmentation"": false, ""dr_f"": 0.137927792313, ""learning_rate"": 0.000601871559, ""new_fc_1"": 16, ""new_fc_10"": 20, ""new_fc_2"": 27, ""new_fc_3"": 8, ""new_fc_4"": 3, ""new_fc_5"": 4, ""new_fc_6"": 29, ""new_fc_7"": 2, ""new_fc_8"": 22, ""new_fc_9"": 23, ""num_neurons"": 8, ""optimizer"": ""Adam"", ""reg_l2"": false, ""skip_connection"": false, ""unit_c1"": 2, ""unit_c2"": 4}"
404,200,accuracy,10000000000.0,,3.68345936,552518904.0,17769796.0,10000000000.0,10903.3484,"{""activation"": ""swish"", ""batch_size"": 16, ""data_augmentation"": false, ""dr_f"": 0.088780978599, ""learning_rate"": 0.000557086359, ""new_fc_1"": 31, ""new_fc_10"": 22, ""new_fc_2"": 15, ""new_fc_3"": 5, ""new_fc_4"": 23, ""new_fc_5"": 6, ""new_fc_6"": 16, ""new_fc_7"": 9, ""new_fc_8"": 30, ""new_fc_9"": 26, ""num_neurons"": 32, ""optimizer"": ""Adadelta"", ""reg_l2"": true, ""skip_connection"": true, ""unit_c1"": 3, ""unit_c2"": 7}"
405,200,flops,,,18.76050405333333,2814075608.0,41785892.0,,3.6887,"{""activation"": ""relu"", ""batch_size"": 8, ""data_augmentation"": true, ""dr_f"": 0.29920471065, ""learning_rate"": 0.000670963204, ""new_fc_1"": 16, ""new_fc_10"": 5, ""new_fc_2"": 17, ""new_fc_3"": 27, ""new_fc_4"": 11, ""new_fc_5"": 24, ""new_fc_6"": 6, ""new_fc_7"": 18, ""new_fc_8"": 22, ""new_fc_9"": 8, ""num_neurons"": 64, ""optimizer"": ""Adadelta"", ""reg_l2"": true, ""skip_connection"": true, ""unit_c1"": 4, ""unit_c2"": 7}"
406,201,accuracy,0.9868000000715256,0.013199999928474426,0.09745210666666666,14617816.0,693524.0,-0.28000436794993205,269.7844,"{""activation"": ""swish"", ""batch_size"": 32, ""data_augmentation"": true, ""dr_f"": 0.368743146417, ""learning_rate"": 0.000179563842, ""new_fc_1"": 8, ""new_fc_10"": 21, ""new_fc_2"": 25, ""new_fc_3"": 0, ""new_fc_4"": 18, ""new_fc_5"": 5, ""new_fc_6"": 4, ""new_fc_7"": 21, ""new_fc_8"": 4, ""new_fc_9"": 22, ""num_neurons"": 16, ""optimizer"": ""Adadelta"", ""reg_l2"": false, ""skip_connection"": true, ""unit_c1"": 1, ""unit_c2"": 2}"
407,202,accuracy,0.9900000002235174,0.009999999776482582,0.008259146666666667,1238872.0,92752.0,-0.3045222558435378,655.8665,"{""activation"": ""swish"", ""batch_size"": 16, ""data_augmentation"": true, ""dr_f"": 0.24121597727, ""learning_rate"": 0.000577584781, ""new_fc_1"": 21, ""new_fc_10"": 32, ""new_fc_2"": 23, ""new_fc_3"": 18, ""new_fc_4"": 10, ""new_fc_5"": 0, ""new_fc_6"": 24, ""new_fc_7"": 4, ""new_fc_8"": 11, ""new_fc_9"": 17, ""num_neurons"": 4, ""optimizer"": ""Adamax"", ""reg_l2"": true, ""skip_connection"": true, ""unit_c1"": 1, ""unit_c2"": 2}"
408,203,accuracy,10000000000.0,,1.72618256,258927384.0,4660804.0,10000000000.0,657.9566,"{""activation"": ""elu"", ""batch_size"": 16, ""data_augmentation"": true, ""dr_f"": 0.442185992159, ""learning_rate"": 0.000792838316, ""new_fc_1"": 3, ""new_fc_10"": 26, ""new_fc_2"": 29, ""new_fc_3"": 30, ""new_fc_4"": 0, ""new_fc_5"": 1, ""new_fc_6"": 28, ""new_fc_7"": 29, ""new_fc_8"": 18, ""new_fc_9"": 18, ""num_neurons"": 32, ""optimizer"": ""Adam"", ""reg_l2"": false, ""skip_connection"": true, ""unit_c1"": 2, ""unit_c2"": 5}"
409,204,accuracy,0.9910000003874302,0.008999999612569809,0.11774688,17662032.0,612964.0,-0.27097593572879886,1403.3043,"{""activation"": ""selu"", ""batch_size"": 8, ""data_augmentation"": false, ""dr_f"": 0.456938911342, ""learning_rate"": 0.000303431932, ""new_fc_1"": 23, ""new_fc_10"": 30, ""new_fc_2"": 16, ""new_fc_3"": 11, ""new_fc_4"": 16, ""new_fc_5"": 18, ""new_fc_6"": 7, ""new_fc_7"": 3, ""new_fc_8"": 13, ""new_fc_9"": 6, ""num_neurons"": 8, ""optimizer"": ""Adadelta"", ""reg_l2"": false, ""skip_connection"": true, ""unit_c1"": 2, ""unit_c2"": 5}"
410,205,accuracy,10000000000.0,,14.285535306666667,2142830296.0,37430372.0,10000000000.0,1406.0798,"{""activation"": ""elu"", ""batch_size"": 64, ""data_augmentation"": true, ""dr_f"": 0.188144492394, ""learning_rate"": 0.000358294382, ""new_fc_1"": 17, ""new_fc_10"": 8, ""new_fc_2"": 8, ""new_fc_3"": 16, ""new_fc_4"": 25, ""new_fc_5"": 16, ""new_fc_6"": 16, ""new_fc_7"": 27, ""new_fc_8"": 30, ""new_fc_9"": 15, ""num_neurons"": 64, ""optimizer"": ""Adam"", ""reg_l2"": true, ""skip_connection"": false, ""unit_c1"": 4, ""unit_c2"": 5}"
411,206,accuracy,0.9901000000536442,0.00989999994635582,0.21120314666666667,31680472.0,767940.0,-0.2435690559624491,2031.1869,"{""activation"": ""relu"", ""batch_size"": 8, ""data_augmentation"": true, ""dr_f"": 0.333958160416, ""learning_rate"": 0.000352147141, ""new_fc_1"": 7, ""new_fc_10"": 20, ""new_fc_2"": 3, ""new_fc_3"": 22, ""new_fc_4"": 1, ""new_fc_5"": 30, ""new_fc_6"": 31, ""new_fc_7"": 1, ""new_fc_8"": 17, ""new_fc_9"": 20, ""num_neurons"": 16, ""optimizer"": ""Adagrad"", ""reg_l2"": false, ""skip_connection"": false, ""unit_c1"": 2, ""unit_c2"": 2}"
412,207,accuracy,10000000000.0,,16.44106896,2466160344.0,60655780.0,10000000000.0,2035.0444,"{""activation"": ""elu"", ""batch_size"": 32, ""data_augmentation"": true, ""dr_f"": 0.124075099439, ""learning_rate"": 0.00042432297, ""new_fc_1"": 25, ""new_fc_10"": 30, ""new_fc_2"": 9, ""new_fc_3"": 11, ""new_fc_4"": 6, ""new_fc_5"": 9, ""new_fc_6"": 10, ""new_fc_7"": 9, ""new_fc_8"": 13, ""new_fc_9"": 8, ""num_neurons"": 64, ""optimizer"": ""SGD"", ""reg_l2"": true, ""skip_connection"": false, ""unit_c1"": 3, ""unit_c2"": 8}"
413,207,flops,,,6.44224272,966336408.0,48636132.0,,2038.4438,"{""activation"": ""relu"", ""batch_size"": 32, ""data_augmentation"": true, ""dr_f"": 0.466449960908, ""learning_rate"": 0.000172542753, ""new_fc_1"": 21, ""new_fc_10"": 15, ""new_fc_2"": 19, ""new_fc_3"": 27, ""new_fc_4"": 28, ""new_fc_5"": 29, ""new_fc_6"": 4, ""new_fc_7"": 8, ""new_fc_8"": 9, ""new_fc_9"": 29, ""num_neurons"": 64, ""optimizer"": ""Adadelta"", ""reg_l2"": true, ""skip_connection"": false, ""unit_c1"": 1, ""unit_c2"": 6}"
414,207,flops,,,0.37653488,56480232.0,3086356.0,,2040.0083,"{""activation"": ""selu"", ""batch_size"": 8, ""data_augmentation"": false, ""dr_f"": 0.377495074506, ""learning_rate"": 0.000680663038, ""new_fc_1"": 29, ""new_fc_10"": 31, ""new_fc_2"": 12, ""new_fc_3"": 10, ""new_fc_4"": 23, ""new_fc_5"": 32, ""new_fc_6"": 17, ""new_fc_7"": 30, ""new_fc_8"": 20, ""new_fc_9"": 21, ""num_neurons"": 16, ""optimizer"": ""SGD"", ""reg_l2"": true, ""skip_connection"": true, ""unit_c1"": 2, ""unit_c2"": 4}"
415,207,flops,,,7.130201333333333,1069530200.0,20486308.0,,2042.3371,"{""activation"": ""selu"", ""batch_size"": 16, ""data_augmentation"": false, ""dr_f"": 0.416572356419, ""learning_rate"": 0.000291007366, ""new_fc_1"": 11, ""new_fc_10"": 1, ""new_fc_2"": 5, ""new_fc_3"": 16, ""new_fc_4"": 28, ""new_fc_5"": 30, ""new_fc_6"": 11, ""new_fc_7"": 3, ""new_fc_8"": 25, ""new_fc_9"": 30, ""num_neurons"": 64, ""optimizer"": ""Adam"", ""reg_l2"": true, ""skip_connection"": false, ""unit_c1"": 3, ""unit_c2"": 3}"
416,207,flops,,,0.034244533333333334,5136680.0,185468.0,,2043.8199,"{""activation"": ""elu"", ""batch_size"": 16, ""data_augmentation"": true, ""dr_f"": 0.424340693134, ""learning_rate"": 0.000827364956, ""new_fc_1"": 19, ""new_fc_10"": 25, ""new_fc_2"": 27, ""new_fc_3"": 1, ""new_fc_4"": 31, ""new_fc_5"": 11, ""new_fc_6"": 21, ""new_fc_7"": 9, ""new_fc_8"": 20, ""new_fc_9"": 8, ""num_neurons"": 4, ""optimizer"": ""Adamax"", ""reg_l2"": false, ""skip_connection"": true, ""unit_c1"": 1, ""unit_c2"": 7}"
417,208,accuracy,10000000000.0,,1.8360419733333333,275406296.0,12900868.0,10000000000.0,2045.9131,"{""activation"": ""relu"", ""batch_size"": 8, ""data_augmentation"": true, ""dr_f"": 0.308658330435, ""learning_rate"": 0.000812231442, ""new_fc_1"": 24, ""new_fc_10"": 16, ""new_fc_2"": 9, ""new_fc_3"": 24, ""new_fc_4"": 25, ""new_fc_5"": 26, ""new_fc_6"": 26, ""new_fc_7"": 30, ""new_fc_8"": 24, ""new_fc_9"": 16, ""num_neurons"": 32, ""optimizer"": ""Adamax"", ""reg_l2"": true, ""skip_connection"": true, ""unit_c1"": 2, ""unit_c2"": 5}"
418,209,accuracy,0.9900000002235174,0.009999999776482582,0.025825626666666667,3873844.0,50600.0,-0.29925231184353784,2431.829,"{""activation"": ""elu"", ""batch_size"": 16, ""data_augmentation"": true, ""dr_f"": 0.252169730941, ""learning_rate"": 0.000958719675, ""new_fc_1"": 1, ""new_fc_10"": 30, ""new_fc_2"": 17, ""new_fc_3"": 26, ""new_fc_4"": 2, ""new_fc_5"": 5, ""new_fc_6"": 31, ""new_fc_7"": 5, ""new_fc_8"": 11, ""new_fc_9"": 31, ""num_neurons"": 4, ""optimizer"": ""Adam"", ""reg_l2"": true, ""skip_connection"": true, ""unit_c1"": 3, ""unit_c2"": 1}"
419,210,accuracy,0.9900000002235174,0.009999999776482582,0.34631962666666666,51947944.0,1006532.0,-0.20310411184353783,3117.3689,"{""activation"": ""relu"", ""batch_size"": 8, ""data_augmentation"": false, ""dr_f"": 0.318656911732, ""learning_rate"": 0.000452296281, ""new_fc_1"": 17, ""new_fc_10"": 14, ""new_fc_2"": 22, ""new_fc_3"": 25, ""new_fc_4"": 13, ""new_fc_5"": 24, ""new_fc_6"": 21, ""new_fc_7"": 14, ""new_fc_8"": 6, ""new_fc_9"": 9, ""num_neurons"": 16, ""optimizer"": ""Adam"", ""reg_l2"": true, ""skip_connection"": false, ""unit_c1"": 3, ""unit_c2"": 1}"
420,210,flops,,,0.3419345066666667,51290176.0,1159724.0,,3119.0004,"{""activation"": ""elu"", ""batch_size"": 16, ""data_augmentation"": true, ""dr_f"": 0.06702266308, ""learning_rate"": 0.000957134174, ""new_fc_1"": 28, ""new_fc_10"": 6, ""new_fc_2"": 5, ""new_fc_3"": 26, ""new_fc_4"": 23, ""new_fc_5"": 20, ""new_fc_6"": 16, ""new_fc_7"": 30, ""new_fc_8"": 15, ""new_fc_9"": 4, ""num_neurons"": 8, ""optimizer"": ""Adamax"", ""reg_l2"": false, ""skip_connection"": false, ""unit_c1"": 4, ""unit_c2"": 8}"
421,211,accuracy,0.9798000007867813,0.02019999921321869,0.00794584,1191876.0,82204.0,-0.31175624744925307,3265.6366,"{""activation"": ""relu"", ""batch_size"": 64, ""data_augmentation"": true, ""dr_f"": 0.438140429997, ""learning_rate"": 0.000286164151, ""new_fc_1"": 16, ""new_fc_10"": 18, ""new_fc_2"": 4, ""new_fc_3"": 18, ""new_fc_4"": 6, ""new_fc_5"": 29, ""new_fc_6"": 17, ""new_fc_7"": 15, ""new_fc_8"": 18, ""new_fc_9"": 30, ""num_neurons"": 4, ""optimizer"": ""Adam"", ""reg_l2"": false, ""skip_connection"": true, ""unit_c1"": 1, ""unit_c2"": 2}"
422,211,flops,,,0.07958058666666666,11937088.0,307172.0,,3267.3636,"{""activation"": ""selu"", ""batch_size"": 8, ""data_augmentation"": true, ""dr_f"": 0.26729612983, ""learning_rate"": 0.000282674975, ""new_fc_1"": 30, ""new_fc_10"": 20, ""new_fc_2"": 18, ""new_fc_3"": 30, ""new_fc_4"": 9, ""new_fc_5"": 32, ""new_fc_6"": 20, ""new_fc_7"": 0, ""new_fc_8"": 30, ""new_fc_9"": 29, ""num_neurons"": 4, ""optimizer"": ""Adam"", ""reg_l2"": true, ""skip_connection"": false, ""unit_c1"": 4, ""unit_c2"": 7}"
423,212,accuracy,0.967799998819828,0.03220000118017197,0.018388,2758200.0,260316.0,-0.3170236008261204,4013.1511,"{""activation"": ""selu"", ""batch_size"": 8, ""data_augmentation"": true, ""dr_f"": 0.216230964576, ""learning_rate"": 0.000791185806, ""new_fc_1"": 24, ""new_fc_10"": 23, ""new_fc_2"": 16, ""new_fc_3"": 4, ""new_fc_4"": 29, ""new_fc_5"": 14, ""new_fc_6"": 32, ""new_fc_7"": 9, ""new_fc_8"": 23, ""new_fc_9"": 6, ""num_neurons"": 8, ""optimizer"": ""Adam"", ""reg_l2"": true, ""skip_connection"": false, ""unit_c1"": 1, ""unit_c2"": 1}"
424,213,accuracy,0.9900000002235174,0.009999999776482582,0.4643794666666667,69656920.0,1623796.0,-0.16768615984353777,4218.7116,"{""activation"": ""relu"", ""batch_size"": 64, ""data_augmentation"": true, ""dr_f"": 0.216483727153, ""learning_rate"": 0.000732620539, ""new_fc_1"": 13, ""new_fc_10"": 25, ""new_fc_2"": 29, ""new_fc_3"": 2, ""new_fc_4"": 20, ""new_fc_5"": 18, ""new_fc_6"": 19, ""new_fc_7"": 32, ""new_fc_8"": 27, ""new_fc_9"": 15, ""num_neurons"": 16, ""optimizer"": ""Adam"", ""reg_l2"": true, ""skip_connection"": false, ""unit_c1"": 3, ""unit_c2"": 3}"
425,214,accuracy,0.9900000002235174,0.009999999776482582,0.02858986666666667,4288480.0,434964.0,-0.29842303984353785,4603.9714,"{""activation"": ""relu"", ""batch_size"": 16, ""data_augmentation"": true, ""dr_f"": 0.160593375919, ""learning_rate"": 0.000463868948, ""new_fc_1"": 25, ""new_fc_10"": 29, ""new_fc_2"": 20, ""new_fc_3"": 16, ""new_fc_4"": 13, ""new_fc_5"": 25, ""new_fc_6"": 14, ""new_fc_7"": 29, ""new_fc_8"": 7, ""new_fc_9"": 23, ""num_neurons"": 8, ""optimizer"": ""Adamax"", ""reg_l2"": true, ""skip_connection"": false, ""unit_c1"": 1, ""unit_c2"": 2}"
426,215,accuracy,0.6554999947547913,0.34450000524520874,0.04441941333333333,6662912.0,179472.0,-0.5278241796716461,5769.1658,"{""activation"": ""selu"", ""batch_size"": 8, ""data_augmentation"": false, ""dr_f"": 0.045343342173, ""learning_rate"": 0.000542863763, ""new_fc_1"": 25, ""new_fc_10"": 24, ""new_fc_2"": 21, ""new_fc_3"": 10, ""new_fc_4"": 11, ""new_fc_5"": 20, ""new_fc_6"": 6, ""new_fc_7"": 0, ""new_fc_8"": 32, ""new_fc_9"": 13, ""num_neurons"": 4, ""optimizer"": ""Adamax"", ""reg_l2"": false, ""skip_connection"": false, ""unit_c1"": 3, ""unit_c2"": 5}"
427,215,flops,,,0.13502853333333334,20254280.0,235588.0,,5770.6708,"{""activation"": ""selu"", ""batch_size"": 32, ""data_augmentation"": true, ""dr_f"": 0.414825124421, ""learning_rate"": 0.000855950461, ""new_fc_1"": 1, ""new_fc_10"": 1, ""new_fc_2"": 4, ""new_fc_3"": 20, ""new_fc_4"": 6, ""new_fc_5"": 4, ""new_fc_6"": 18, ""new_fc_7"": 12, ""new_fc_8"": 2, ""new_fc_9"": 19, ""num_neurons"": 16, ""optimizer"": ""Adamax"", ""reg_l2"": false, ""skip_connection"": false, ""unit_c1"": 1, ""unit_c2"": 3}"
428,215,flops,,,8.986051573333333,1347907736.0,16079396.0,,5772.7864,"{""activation"": ""selu"", ""batch_size"": 16, ""data_augmentation"": false, ""dr_f"": 0.23931847347, ""learning_rate"": 0.000409967467, ""new_fc_1"": 19, ""new_fc_10"": 18, ""new_fc_2"": 25, ""new_fc_3"": 13, ""new_fc_4"": 16, ""new_fc_5"": 23, ""new_fc_6"": 10, ""new_fc_7"": 13, ""new_fc_8"": 16, ""new_fc_9"": 16, ""num_neurons"": 64, ""optimizer"": ""SGD"", ""reg_l2"": false, ""skip_connection"": false, ""unit_c1"": 4, ""unit_c2"": 1}"
429,216,accuracy,10000000000.0,,6.046525173333333,906978776.0,18956068.0,10000000000.0,5774.7107,"{""activation"": ""selu"", ""batch_size"": 16, ""data_augmentation"": false, ""dr_f"": 0.230835944095, ""learning_rate"": 0.000132200186, ""new_fc_1"": 5, ""new_fc_10"": 7, ""new_fc_2"": 7, ""new_fc_3"": 19, ""new_fc_4"": 22, ""new_fc_5"": 24, ""new_fc_6"": 16, ""new_fc_7"": 3, ""new_fc_8"": 27, ""new_fc_9"": 20, ""num_neurons"": 64, ""optimizer"": ""SGD"", ""reg_l2"": true, ""skip_connection"": false, ""unit_c1"": 1, ""unit_c2"": 6}"
430,216,flops,,,8.74467856,1311701784.0,49445924.0,,5778.4216,"{""activation"": ""swish"", ""batch_size"": 64, ""data_augmentation"": true, ""dr_f"": 0.445053876945, ""learning_rate"": 0.000349556185, ""new_fc_1"": 27, ""new_fc_10"": 6, ""new_fc_2"": 9, ""new_fc_3"": 29, ""new_fc_4"": 7, ""new_fc_5"": 24, ""new_fc_6"": 2, ""new_fc_7"": 30, ""new_fc_8"": 6, ""new_fc_9"": 5, ""num_neurons"": 64, ""optimizer"": ""Adamax"", ""reg_l2"": false, ""skip_connection"": false, ""unit_c1"": 2, ""unit_c2"": 6}"
431,216,flops,,,0.050981653333333335,7647248.0,156008.0,,5780.507,"{""activation"": ""elu"", ""batch_size"": 8, ""data_augmentation"": true, ""dr_f"": 0.051446779256, ""learning_rate"": 0.000552007979, ""new_fc_1"": 17, ""new_fc_10"": 0, ""new_fc_2"": 25, ""new_fc_3"": 23, ""new_fc_4"": 1, ""new_fc_5"": 2, ""new_fc_6"": 31, ""new_fc_7"": 10, ""new_fc_8"": 11, ""new_fc_9"": 30, ""num_neurons"": 4, ""optimizer"": ""Adadelta"", ""reg_l2"": true, ""skip_connection"": false, ""unit_c1"": 3, ""unit_c2"": 6}"
432,216,flops,,,0.7248098666666667,108721480.0,1370212.0,,5782.3301,"{""activation"": ""selu"", ""batch_size"": 64, ""data_augmentation"": true, ""dr_f"": 0.101360605932, ""learning_rate"": 0.00093389458, ""new_fc_1"": 15, ""new_fc_10"": 11, ""new_fc_2"": 12, ""new_fc_3"": 15, ""new_fc_4"": 12, ""new_fc_5"": 25, ""new_fc_6"": 16, ""new_fc_7"": 13, ""new_fc_8"": 24, ""new_fc_9"": 8, ""num_neurons"": 16, ""optimizer"": ""Adadelta"", ""reg_l2"": false, ""skip_connection"": true, ""unit_c1"": 4, ""unit_c2"": 3}"
433,217,accuracy,0.7299999892711639,0.27000001072883606,0.35160090666666666,52740136.0,897460.0,-0.38351973551018526,6828.0471,"{""activation"": ""swish"", ""batch_size"": 16, ""data_augmentation"": false, ""dr_f"": 0.209871220625, ""learning_rate"": 0.000793994343, ""new_fc_1"": 32, ""new_fc_10"": 4, ""new_fc_2"": 3, ""new_fc_3"": 13, ""new_fc_4"": 14, ""new_fc_5"": 7, ""new_fc_6"": 31, ""new_fc_7"": 20, ""new_fc_8"": 2, ""new_fc_9"": 1, ""num_neurons"": 16, ""optimizer"": ""Adamax"", ""reg_l2"": false, ""skip_connection"": true, ""unit_c1"": 3, ""unit_c2"": 1}"
434,217,flops,,,0.19436426666666667,29154640.0,220676.0,,6829.5831,"{""activation"": ""elu"", ""batch_size"": 8, ""data_augmentation"": false, ""dr_f"": 0.260043690346, ""learning_rate"": 0.000882606951, ""new_fc_1"": 2, ""new_fc_10"": 14, ""new_fc_2"": 25, ""new_fc_3"": 8, ""new_fc_4"": 12, ""new_fc_5"": 30, ""new_fc_6"": 22, ""new_fc_7"": 9, ""new_fc_8"": 14, ""new_fc_9"": 7, ""num_neurons"": 8, ""optimizer"": ""Adagrad"", ""reg_l2"": false, ""skip_connection"": true, ""unit_c1"": 3, ""unit_c2"": 6}"
435,217,flops,,,12.110019573333334,1816502936.0,55488868.0,,6833.0552,"{""activation"": ""elu"", ""batch_size"": 32, ""data_augmentation"": true, ""dr_f"": 0.031396600929, ""learning_rate"": 0.000431579523, ""new_fc_1"": 25, ""new_fc_10"": 8, ""new_fc_2"": 11, ""new_fc_3"": 18, ""new_fc_4"": 16, ""new_fc_5"": 26, ""new_fc_6"": 18, ""new_fc_7"": 29, ""new_fc_8"": 20, ""new_fc_9"": 22, ""num_neurons"": 64, ""optimizer"": ""Adadelta"", ""reg_l2"": false, ""skip_connection"": false, ""unit_c1"": 3, ""unit_c2"": 6}"
436,217,flops,,,0.143524,21528600.0,334620.0,,6834.7841,"{""activation"": ""elu"", ""batch_size"": 16, ""data_augmentation"": true, ""dr_f"": 0.204524243269, ""learning_rate"": 0.000647392809, ""new_fc_1"": 12, ""new_fc_10"": 2, ""new_fc_2"": 4, ""new_fc_3"": 15, ""new_fc_4"": 26, ""new_fc_5"": 16, ""new_fc_6"": 19, ""new_fc_7"": 13, ""new_fc_8"": 7, ""new_fc_9"": 22, ""num_neurons"": 8, ""optimizer"": ""Adam"", ""reg_l2"": true, ""skip_connection"": true, ""unit_c1"": 3, ""unit_c2"": 4}"
437,217,flops,,,0.70671792,106007688.0,1071092.0,,6836.5198,"{""activation"": ""elu"", ""batch_size"": 16, ""data_augmentation"": true, ""dr_f"": 0.28359184835, ""learning_rate"": 0.000578914731, ""new_fc_1"": 2, ""new_fc_10"": 9, ""new_fc_2"": 31, ""new_fc_3"": 17, ""new_fc_4"": 26, ""new_fc_5"": 15, ""new_fc_6"": 18, ""new_fc_7"": 31, ""new_fc_8"": 20, ""new_fc_9"": 18, ""num_neurons"": 16, ""optimizer"": ""SGD"", ""reg_l2"": true, ""skip_connection"": false, ""unit_c1"": 4, ""unit_c2"": 3}"
438,218,accuracy,0.989500000141561,0.010499999858438969,0.005948933333333333,892340.0,79588.0,-0.3055653199009073,7041.8103,"{""activation"": ""swish"", ""batch_size"": 32, ""data_augmentation"": true, ""dr_f"": 0.126924890521, ""learning_rate"": 0.000604442136, ""new_fc_1"": 23, ""new_fc_10"": 21, ""new_fc_2"": 2, ""new_fc_3"": 10, ""new_fc_4"": 18, ""new_fc_5"": 17, ""new_fc_6"": 10, ""new_fc_7"": 32, ""new_fc_8"": 24, ""new_fc_9"": 24, ""num_neurons"": 4, ""optimizer"": ""Adadelta"", ""reg_l2"": false, ""skip_connection"": true, ""unit_c1"": 1, ""unit_c2"": 1}"
439,218,flops,,,0.04119928,6179892.0,81512.0,,7043.3542,"{""activation"": ""selu"", ""batch_size"": 8, ""data_augmentation"": false, ""dr_f"": 0.31717191441, ""learning_rate"": 0.000190598288, ""new_fc_1"": 30, ""new_fc_10"": 6, ""new_fc_2"": 19, ""new_fc_3"": 8, ""new_fc_4"": 13, ""new_fc_5"": 9, ""new_fc_6"": 31, ""new_fc_7"": 32, ""new_fc_8"": 6, ""new_fc_9"": 29, ""num_neurons"": 4, ""optimizer"": ""Adadelta"", ""reg_l2"": false, ""skip_connection"": false, ""unit_c1"": 4, ""unit_c2"": 1}"
440,218,flops,,,0.16766229333333332,25149344.0,168356.0,,7044.8809,"{""activation"": ""elu"", ""batch_size"": 8, ""data_augmentation"": false, ""dr_f"": 0.061283056758, ""learning_rate"": 0.000853332999, ""new_fc_1"": 2, ""new_fc_10"": 14, ""new_fc_2"": 0, ""new_fc_3"": 24, ""new_fc_4"": 13, ""new_fc_5"": 5, ""new_fc_6"": 27, ""new_fc_7"": 9, ""new_fc_8"": 10, ""new_fc_9"": 1, ""num_neurons"": 8, ""optimizer"": ""Adamax"", ""reg_l2"": false, ""skip_connection"": true, ""unit_c1"": 2, ""unit_c2"": 7}"
441,219,accuracy,0.984400000423193,0.015599999576807022,0.04104845333333333,6157268.0,70168.0,-0.2986054637037649,7431.6322,"{""activation"": ""selu"", ""batch_size"": 16, ""data_augmentation"": true, ""dr_f"": 0.307348449391, ""learning_rate"": 0.000494209727, ""new_fc_1"": 21, ""new_fc_10"": 17, ""new_fc_2"": 30, ""new_fc_3"": 26, ""new_fc_4"": 7, ""new_fc_5"": 8, ""new_fc_6"": 31, ""new_fc_7"": 5, ""new_fc_8"": 15, ""new_fc_9"": 7, ""num_neurons"": 4, ""optimizer"": ""SGD"", ""reg_l2"": true, ""skip_connection"": false, ""unit_c1"": 4, ""unit_c2"": 1}"
442,220,accuracy,10000000000.0,,9.032749813333334,1354912472.0,58364644.0,10000000000.0,7435.5631,"{""activation"": ""relu"", ""batch_size"": 64, ""data_augmentation"": false, ""dr_f"": 0.04477457633, ""learning_rate"": 0.000270575435, ""new_fc_1"": 29, ""new_fc_10"": 11, ""new_fc_2"": 9, ""new_fc_3"": 15, ""new_fc_4"": 13, ""new_fc_5"": 6, ""new_fc_6"": 30, ""new_fc_7"": 32, ""new_fc_8"": 24, ""new_fc_9"": 1, ""num_neurons"": 64, ""optimizer"": ""Adagrad"", ""reg_l2"": false, ""skip_connection"": true, ""unit_c1"": 2, ""unit_c2"": 6}"
443,221,accuracy,0.932499997317791,0.06750000268220901,0.09670976,14506464.0,638188.0,-0.3182370738775463,8721.0011,"{""activation"": ""swish"", ""batch_size"": 16, ""data_augmentation"": true, ""dr_f"": 0.415978865817, ""learning_rate"": 0.000403268678, ""new_fc_1"": 28, ""new_fc_10"": 2, ""new_fc_2"": 29, ""new_fc_3"": 4, ""new_fc_4"": 12, ""new_fc_5"": 26, ""new_fc_6"": 32, ""new_fc_7"": 1, ""new_fc_8"": 26, ""new_fc_9"": 11, ""num_neurons"": 8, ""optimizer"": ""Adamax"", ""reg_l2"": false, ""skip_connection"": true, ""unit_c1"": 2, ""unit_c2"": 4}"
444,221,flops,,,0.17204112,25806168.0,496796.0,,8722.6465,"{""activation"": ""relu"", ""batch_size"": 64, ""data_augmentation"": false, ""dr_f"": 0.296535177877, ""learning_rate"": 0.000327576302, ""new_fc_1"": 12, ""new_fc_10"": 28, ""new_fc_2"": 1, ""new_fc_3"": 2, ""new_fc_4"": 2, ""new_fc_5"": 9, ""new_fc_6"": 24, ""new_fc_7"": 0, ""new_fc_8"": 9, ""new_fc_9"": 25, ""num_neurons"": 8, ""optimizer"": ""Adamax"", ""reg_l2"": false, ""skip_connection"": true, ""unit_c1"": 2, ""unit_c2"": 7}"
445,221,flops,,,0.16669424,25004136.0,900604.0,,8724.333,"{""activation"": ""elu"", ""batch_size"": 64, ""data_augmentation"": true, ""dr_f"": 0.073139930621, ""learning_rate"": 0.000578599211, ""new_fc_1"": 21, ""new_fc_10"": 18, ""new_fc_2"": 26, ""new_fc_3"": 7, ""new_fc_4"": 0, ""new_fc_5"": 22, ""new_fc_6"": 10, ""new_fc_7"": 17, ""new_fc_8"": 23, ""new_fc_9"": 18, ""num_neurons"": 8, ""optimizer"": ""SGD"", ""reg_l2"": false, ""skip_connection"": true, ""unit_c1"": 1, ""unit_c2"": 8}"
446,222,accuracy,0.9123999997973442,0.08760000020265579,0.039830453333333335,5974568.0,141936.0,-0.349370864141859,9649.9719,"{""activation"": ""swish"", ""batch_size"": 16, ""data_augmentation"": true, ""dr_f"": 0.298729021669, ""learning_rate"": 0.000400483923, ""new_fc_1"": 24, ""new_fc_10"": 23, ""new_fc_2"": 15, ""new_fc_3"": 8, ""new_fc_4"": 19, ""new_fc_5"": 31, ""new_fc_6"": 10, ""new_fc_7"": 15, ""new_fc_8"": 2, ""new_fc_9"": 1, ""num_neurons"": 4, ""optimizer"": ""Adam"", ""reg_l2"": false, ""skip_connection"": true, ""unit_c1"": 3, ""unit_c2"": 4}"
447,223,accuracy,0.6875,0.3125,0.09074154666666667,13611232.0,212564.0,-0.491527536,10695.214,"{""activation"": ""relu"", ""batch_size"": 16, ""data_augmentation"": false, ""dr_f"": 0.035154240934, ""learning_rate"": 0.000658554581, ""new_fc_1"": 4, ""new_fc_10"": 13, ""new_fc_2"": 28, ""new_fc_3"": 8, ""new_fc_4"": 6, ""new_fc_5"": 15, ""new_fc_6"": 22, ""new_fc_7"": 27, ""new_fc_8"": 18, ""new_fc_9"": 28, ""num_neurons"": 8, ""optimizer"": ""Adamax"", ""reg_l2"": false, ""skip_connection"": false, ""unit_c1"": 3, ""unit_c2"": 1}"
448,224,accuracy,0.9900000002235174,0.009999999776482582,0.16854704,25282056.0,246212.0,-0.2564358878435378,10960.5088,"{""activation"": ""elu"", ""batch_size"": 32, ""data_augmentation"": false, ""dr_f"": 0.437788996084, ""learning_rate"": 0.000461516696, ""new_fc_1"": 14, ""new_fc_10"": 9, ""new_fc_2"": 2, ""new_fc_3"": 22, ""new_fc_4"": 8, ""new_fc_5"": 29, ""new_fc_6"": 13, ""new_fc_7"": 15, ""new_fc_8"": 18, ""new_fc_9"": 12, ""num_neurons"": 8, ""optimizer"": ""Adamax"", ""reg_l2"": true, ""skip_connection"": true, ""unit_c1"": 4, ""unit_c2"": 2}"
449,225,accuracy,10000000000.0,,2.466932213333333,370039832.0,3306564.0,10000000000.0,10963.61,"{""activation"": ""elu"", ""batch_size"": 8, ""data_augmentation"": false, ""dr_f"": 0.169802109493, ""learning_rate"": 0.000684532487, ""new_fc_1"": 5, ""new_fc_10"": 28, ""new_fc_2"": 21, ""new_fc_3"": 4, ""new_fc_4"": 5, ""new_fc_5"": 0, ""new_fc_6"": 15, ""new_fc_7"": 5, ""new_fc_8"": 7, ""new_fc_9"": 20, ""num_neurons"": 32, ""optimizer"": ""Adam"", ""reg_l2"": false, ""skip_connection"": false, ""unit_c1"": 3, ""unit_c2"": 5}"
450,226,accuracy,0.9737999998033047,0.026200000196695328,0.70671792,106007688.0,1071092.0,-0.10632462413768673,446.79,"{""activation"": ""elu"", ""batch_size"": 16, ""data_augmentation"": true, ""dr_f"": 0.28359184835, ""learning_rate"": 0.000578914731, ""new_fc_1"": 2, ""new_fc_10"": 9, ""new_fc_2"": 31, ""new_fc_3"": 17, ""new_fc_4"": 26, ""new_fc_5"": 15, ""new_fc_6"": 18, ""new_fc_7"": 31, ""new_fc_8"": 20, ""new_fc_9"": 18, ""num_neurons"": 16, ""optimizer"": ""SGD"", ""reg_l2"": true, ""skip_connection"": false, ""unit_c1"": 4, ""unit_c2"": 3}"
451,227,accuracy,0.9905000003054738,0.009499999694526196,0.21561712,32342568.0,1574084.0,-0.24196486378616833,652.4087,"{""activation"": ""relu"", ""batch_size"": 32, ""data_augmentation"": true, ""dr_f"": 0.259543217219, ""learning_rate"": 0.000186265878, ""new_fc_1"": 14, ""new_fc_10"": 19, ""new_fc_2"": 0, ""new_fc_3"": 30, ""new_fc_4"": 5, ""new_fc_5"": 21, ""new_fc_6"": 29, ""new_fc_7"": 4, ""new_fc_8"": 27, ""new_fc_9"": 16, ""num_neurons"": 16, ""optimizer"": ""Adadelta"", ""reg_l2"": true, ""skip_connection"": false, ""unit_c1"": 1, ""unit_c2"": 4}"
452,228,accuracy,10000000000.0,,16.183197173333333,2427479576.0,12510628.0,10000000000.0,655.7468,"{""activation"": ""selu"", ""batch_size"": 8, ""data_augmentation"": true, ""dr_f"": 0.248644662014, ""learning_rate"": 0.000113465565, ""new_fc_1"": 3, ""new_fc_10"": 4, ""new_fc_2"": 13, ""new_fc_3"": 1, ""new_fc_4"": 22, ""new_fc_5"": 7, ""new_fc_6"": 4, ""new_fc_7"": 10, ""new_fc_8"": 28, ""new_fc_9"": 19, ""num_neurons"": 64, ""optimizer"": ""Adam"", ""reg_l2"": false, ""skip_connection"": true, ""unit_c1"": 4, ""unit_c2"": 6}"
453,228,flops,,,0.014730773333333334,2209616.0,63664.0,,657.5842,"{""activation"": ""selu"", ""batch_size"": 8, ""data_augmentation"": true, ""dr_f"": 0.468067833887, ""learning_rate"": 0.000902936665, ""new_fc_1"": 5, ""new_fc_10"": 31, ""new_fc_2"": 7, ""new_fc_3"": 5, ""new_fc_4"": 17, ""new_fc_5"": 11, ""new_fc_6"": 1, ""new_fc_7"": 20, ""new_fc_8"": 10, ""new_fc_9"": 27, ""num_neurons"": 4, ""optimizer"": ""SGD"", ""reg_l2"": true, ""skip_connection"": true, ""unit_c1"": 1, ""unit_c2"": 4}"
454,228,flops,,,0.15586085333333333,23379128.0,1524836.0,,659.1862,"{""activation"": ""elu"", ""batch_size"": 32, ""data_augmentation"": true, ""dr_f"": 0.458527535585, ""learning_rate"": 0.000105494973, ""new_fc_1"": 20, ""new_fc_10"": 8, ""new_fc_2"": 32, ""new_fc_3"": 18, ""new_fc_4"": 17, ""new_fc_5"": 6, ""new_fc_6"": 1, ""new_fc_7"": 2, ""new_fc_8"": 21, ""new_fc_9"": 9, ""num_neurons"": 16, ""optimizer"": ""Adam"", ""reg_l2"": true, ""skip_connection"": true, ""unit_c1"": 1, ""unit_c2"": 3}"
455,229,accuracy,10000000000.0,,3.532596,529889400.0,12705700.0,10000000000.0,661.3917,"{""activation"": ""relu"", ""batch_size"": 64, ""data_augmentation"": true, ""dr_f"": 0.136069293801, ""learning_rate"": 0.000275539164, ""new_fc_1"": 20, ""new_fc_10"": 31, ""new_fc_2"": 4, ""new_fc_3"": 32, ""new_fc_4"": 19, ""new_fc_5"": 27, ""new_fc_6"": 24, ""new_fc_7"": 12, ""new_fc_8"": 10, ""new_fc_9"": 6, ""num_neurons"": 32, ""optimizer"": ""Adagrad"", ""reg_l2"": false, ""skip_connection"": false, ""unit_c1"": 3, ""unit_c2"": 7}"
456,230,accuracy,0.7953999936580658,0.2046000063419342,0.22714544,34071816.0,2438948.0,-0.3750763724393539,3027.4059,"{""activation"": ""selu"", ""batch_size"": 8, ""data_augmentation"": true, ""dr_f"": 0.098564155736, ""learning_rate"": 0.000339318172, ""new_fc_1"": 23, ""new_fc_10"": 25, ""new_fc_2"": 24, ""new_fc_3"": 15, ""new_fc_4"": 11, ""new_fc_5"": 10, ""new_fc_6"": 23, ""new_fc_7"": 23, ""new_fc_8"": 28, ""new_fc_9"": 13, ""num_neurons"": 16, ""optimizer"": ""Adadelta"", ""reg_l2"": true, ""skip_connection"": false, ""unit_c1"": 1, ""unit_c2"": 4}"
457,231,accuracy,0.9900000002235174,0.009999999776482582,0.143524,21528600.0,334620.0,-0.2639427998435378,3413.2607,"{""activation"": ""elu"", ""batch_size"": 16, ""data_augmentation"": true, ""dr_f"": 0.204524243269, ""learning_rate"": 0.000647392809, ""new_fc_1"": 12, ""new_fc_10"": 2, ""new_fc_2"": 4, ""new_fc_3"": 15, ""new_fc_4"": 26, ""new_fc_5"": 16, ""new_fc_6"": 19, ""new_fc_7"": 13, ""new_fc_8"": 7, ""new_fc_9"": 22, ""num_neurons"": 8, ""optimizer"": ""Adam"", ""reg_l2"": true, ""skip_connection"": true, ""unit_c1"": 3, ""unit_c2"": 4}"
458,231,flops,,,0.0251564,3773460.0,62740.0,,3414.9633,"{""activation"": ""elu"", ""batch_size"": 8, ""data_augmentation"": true, ""dr_f"": 0.220480316552, ""learning_rate"": 0.000653972065, ""new_fc_1"": 26, ""new_fc_10"": 1, ""new_fc_2"": 4, ""new_fc_3"": 12, ""new_fc_4"": 16, ""new_fc_5"": 16, ""new_fc_6"": 32, ""new_fc_7"": 27, ""new_fc_8"": 2, ""new_fc_9"": 7, ""num_neurons"": 4, ""optimizer"": ""Adamax"", ""reg_l2"": true, ""skip_connection"": false, ""unit_c1"": 3, ""unit_c2"": 1}"
459,231,flops,,,0.0910548,13658220.0,264280.0,,3416.5612,"{""activation"": ""relu"", ""batch_size"": 64, ""data_augmentation"": false, ""dr_f"": 0.444609219488, ""learning_rate"": 0.000628259946, ""new_fc_1"": 23, ""new_fc_10"": 23, ""new_fc_2"": 24, ""new_fc_3"": 27, ""new_fc_4"": 13, ""new_fc_5"": 14, ""new_fc_6"": 28, ""new_fc_7"": 5, ""new_fc_8"": 3, ""new_fc_9"": 29, ""num_neurons"": 4, ""optimizer"": ""Adadelta"", ""reg_l2"": true, ""skip_connection"": true, ""unit_c1"": 4, ""unit_c2"": 8}"
460,231,flops,,,0.10438266666666667,15657400.0,150956.0,,3418.1652,"{""activation"": ""elu"", ""batch_size"": 16, ""data_augmentation"": false, ""dr_f"": 0.492361484758, ""learning_rate"": 0.000381451792, ""new_fc_1"": 3, ""new_fc_10"": 27, ""new_fc_2"": 29, ""new_fc_3"": 0, ""new_fc_4"": 1, ""new_fc_5"": 16, ""new_fc_6"": 9, ""new_fc_7"": 4, ""new_fc_8"": 22, ""new_fc_9"": 21, ""num_neurons"": 8, ""optimizer"": ""Adamax"", ""reg_l2"": false, ""skip_connection"": true, ""unit_c1"": 3, ""unit_c2"": 2}"
461,231,flops,,,0.8867318933333334,133009784.0,8105156.0,,3419.9078,"{""activation"": ""selu"", ""batch_size"": 8, ""data_augmentation"": false, ""dr_f"": 0.346299286996, ""learning_rate"": 0.00039486788, ""new_fc_1"": 32, ""new_fc_10"": 21, ""new_fc_2"": 31, ""new_fc_3"": 11, ""new_fc_4"": 28, ""new_fc_5"": 29, ""new_fc_6"": 6, ""new_fc_7"": 18, ""new_fc_8"": 19, ""new_fc_9"": 14, ""num_neurons"": 32, ""optimizer"": ""Adagrad"", ""reg_l2"": true, ""skip_connection"": false, ""unit_c1"": 2, ""unit_c2"": 2}"
462,232,accuracy,10000000000.0,,2.80071184,420106776.0,6087908.0,10000000000.0,3421.7487,"{""activation"": ""relu"", ""batch_size"": 16, ""data_augmentation"": true, ""dr_f"": 0.296855073257, ""learning_rate"": 0.000841274679, ""new_fc_1"": 19, ""new_fc_10"": 21, ""new_fc_2"": 3, ""new_fc_3"": 0, ""new_fc_4"": 19, ""new_fc_5"": 8, ""new_fc_6"": 21, ""new_fc_7"": 17, ""new_fc_8"": 31, ""new_fc_9"": 11, ""num_neurons"": 32, ""optimizer"": ""Adadelta"", ""reg_l2"": false, ""skip_connection"": false, ""unit_c1"": 4, ""unit_c2"": 3}"
463,232,flops,,,14.154052853333333,2123107928.0,27568612.0,,3424.6128,"{""activation"": ""selu"", ""batch_size"": 64, ""data_augmentation"": true, ""dr_f"": 0.069591502802, ""learning_rate"": 0.000246020276, ""new_fc_1"": 10, ""new_fc_10"": 2, ""new_fc_2"": 5, ""new_fc_3"": 1, ""new_fc_4"": 22, ""new_fc_5"": 9, ""new_fc_6"": 19, ""new_fc_7"": 32, ""new_fc_8"": 30, ""new_fc_9"": 30, ""num_neurons"": 64, ""optimizer"": ""Adamax"", ""reg_l2"": true, ""skip_connection"": false, ""unit_c1"": 4, ""unit_c2"": 5}"
464,232,flops,,,0.044917893333333334,6737684.0,191000.0,,3426.3428,"{""activation"": ""swish"", ""batch_size"": 8, ""data_augmentation"": false, ""dr_f"": 0.400221678838, ""learning_rate"": 0.000145241561, ""new_fc_1"": 17, ""new_fc_10"": 7, ""new_fc_2"": 31, ""new_fc_3"": 3, ""new_fc_4"": 31, ""new_fc_5"": 28, ""new_fc_6"": 32, ""new_fc_7"": 23, ""new_fc_8"": 5, ""new_fc_9"": 12, ""num_neurons"": 4, ""optimizer"": ""Adagrad"", ""reg_l2"": true, ""skip_connection"": false, ""unit_c1"": 2, ""unit_c2"": 7}"
465,233,accuracy,0.9114999994635582,0.0885000005364418,0.07958058666666666,11937088.0,307172.0,-0.3380758243755092,4471.9765,"{""activation"": ""selu"", ""batch_size"": 8, ""data_augmentation"": true, ""dr_f"": 0.26729612983, ""learning_rate"": 0.000282674975, ""new_fc_1"": 30, ""new_fc_10"": 20, ""new_fc_2"": 18, ""new_fc_3"": 30, ""new_fc_4"": 9, ""new_fc_5"": 32, ""new_fc_6"": 20, ""new_fc_7"": 0, ""new_fc_8"": 30, ""new_fc_9"": 29, ""num_neurons"": 4, ""optimizer"": ""Adam"", ""reg_l2"": true, ""skip_connection"": false, ""unit_c1"": 4, ""unit_c2"": 7}"
466,234,accuracy,10000000000.0,,16.848068426666668,2527210264.0,62378148.0,10000000000.0,4477.3795,"{""activation"": ""selu"", ""batch_size"": 64, ""data_augmentation"": true, ""dr_f"": 0.257761142635, ""learning_rate"": 0.000307680012, ""new_fc_1"": 32, ""new_fc_10"": 30, ""new_fc_2"": 3, ""new_fc_3"": 22, ""new_fc_4"": 17, ""new_fc_5"": 15, ""new_fc_6"": 23, ""new_fc_7"": 3, ""new_fc_8"": 11, ""new_fc_9"": 23, ""num_neurons"": 64, ""optimizer"": ""Adadelta"", ""reg_l2"": false, ""skip_connection"": true, ""unit_c1"": 4, ""unit_c2"": 6}"
467,235,accuracy,0.8076999932527542,0.1923000067472458,0.16669424,25004136.0,900604.0,-0.3846017327230721,4862.9967,"{""activation"": ""elu"", ""batch_size"": 64, ""data_augmentation"": true, ""dr_f"": 0.073139930621, ""learning_rate"": 0.000578599211, ""new_fc_1"": 21, ""new_fc_10"": 18, ""new_fc_2"": 26, ""new_fc_3"": 7, ""new_fc_4"": 0, ""new_fc_5"": 22, ""new_fc_6"": 10, ""new_fc_7"": 17, ""new_fc_8"": 23, ""new_fc_9"": 18, ""num_neurons"": 8, ""optimizer"": ""SGD"", ""reg_l2"": false, ""skip_connection"": true, ""unit_c1"": 1, ""unit_c2"": 8}"
468,236,accuracy,0.8480000048875809,0.15199999511241913,0.37653488,56480232.0,3086356.0,-0.2934395325786934,6568.8508,"{""activation"": ""selu"", ""batch_size"": 8, ""data_augmentation"": false, ""dr_f"": 0.377495074506, ""learning_rate"": 0.000680663038, ""new_fc_1"": 29, ""new_fc_10"": 31, ""new_fc_2"": 12, ""new_fc_3"": 10, ""new_fc_4"": 23, ""new_fc_5"": 32, ""new_fc_6"": 17, ""new_fc_7"": 30, ""new_fc_8"": 20, ""new_fc_9"": 21, ""num_neurons"": 16, ""optimizer"": ""SGD"", ""reg_l2"": true, ""skip_connection"": true, ""unit_c1"": 2, ""unit_c2"": 4}"
469,237,accuracy,0.9900000002235174,0.009999999776482582,0.14141946666666666,21212920.0,412348.0,-0.2645741598435378,6715.9274,"{""activation"": ""swish"", ""batch_size"": 64, ""data_augmentation"": true, ""dr_f"": 0.080410763806, ""learning_rate"": 0.000834781954, ""new_fc_1"": 15, ""new_fc_10"": 4, ""new_fc_2"": 18, ""new_fc_3"": 12, ""new_fc_4"": 23, ""new_fc_5"": 27, ""new_fc_6"": 20, ""new_fc_7"": 7, ""new_fc_8"": 10, ""new_fc_9"": 4, ""num_neurons"": 8, ""optimizer"": ""Adamax"", ""reg_l2"": true, ""skip_connection"": false, ""unit_c1"": 3, ""unit_c2"": 4}"
470,237,flops,,,0.0568364,8525460.0,149064.0,,6717.7024,"{""activation"": ""swish"", ""batch_size"": 8, ""data_augmentation"": true, ""dr_f"": 0.485904773936, ""learning_rate"": 0.000330228879, ""new_fc_1"": 21, ""new_fc_10"": 18, ""new_fc_2"": 27, ""new_fc_3"": 24, ""new_fc_4"": 11, ""new_fc_5"": 19, ""new_fc_6"": 14, ""new_fc_7"": 8, ""new_fc_8"": 17, ""new_fc_9"": 22, ""num_neurons"": 4, ""optimizer"": ""Adam"", ""reg_l2"": false, ""skip_connection"": true, ""unit_c1"": 4, ""unit_c2"": 4}"
471,237,flops,,,0.11511210666666667,17266816.0,361060.0,,6719.5521,"{""activation"": ""swish"", ""batch_size"": 32, ""data_augmentation"": true, ""dr_f"": 0.33861313627, ""learning_rate"": 0.000959170344, ""new_fc_1"": 13, ""new_fc_10"": 4, ""new_fc_2"": 3, ""new_fc_3"": 21, ""new_fc_4"": 6, ""new_fc_5"": 9, ""new_fc_6"": 17, ""new_fc_7"": 5, ""new_fc_8"": 12, ""new_fc_9"": 29, ""num_neurons"": 8, ""optimizer"": ""Adagrad"", ""reg_l2"": true, ""skip_connection"": true, ""unit_c1"": 2, ""unit_c2"": 5}"
472,238,accuracy,0.8902999982237816,0.10970000177621841,0.0568364,8525460.0,149064.0,-0.35973908124335285,9025.3476,"{""activation"": ""swish"", ""batch_size"": 8, ""data_augmentation"": true, ""dr_f"": 0.485904773936, ""learning_rate"": 0.000330228879, ""new_fc_1"": 21, ""new_fc_10"": 18, ""new_fc_2"": 27, ""new_fc_3"": 24, ""new_fc_4"": 11, ""new_fc_5"": 19, ""new_fc_6"": 14, ""new_fc_7"": 8, ""new_fc_8"": 17, ""new_fc_9"": 22, ""num_neurons"": 4, ""optimizer"": ""Adam"", ""reg_l2"": false, ""skip_connection"": true, ""unit_c1"": 4, ""unit_c2"": 4}"
473,238,flops,,,0.049793706666666666,7469056.0,329412.0,,9027.2159,"{""activation"": ""swish"", ""batch_size"": 8, ""data_augmentation"": false, ""dr_f"": 0.108833342558, ""learning_rate"": 0.000845897204, ""new_fc_1"": 29, ""new_fc_10"": 16, ""new_fc_2"": 32, ""new_fc_3"": 20, ""new_fc_4"": 9, ""new_fc_5"": 19, ""new_fc_6"": 21, ""new_fc_7"": 9, ""new_fc_8"": 19, ""new_fc_9"": 9, ""num_neurons"": 8, ""optimizer"": ""Adam"", ""reg_l2"": true, ""skip_connection"": true, ""unit_c1"": 2, ""unit_c2"": 1}"
474,238,flops,,,13.767382773333333,2065107416.0,28727588.0,,9029.9337,"{""activation"": ""swish"", ""batch_size"": 32, ""data_augmentation"": true, ""dr_f"": 0.382454291018, ""learning_rate"": 0.000212097725, ""new_fc_1"": 9, ""new_fc_10"": 31, ""new_fc_2"": 6, ""new_fc_3"": 26, ""new_fc_4"": 17, ""new_fc_5"": 11, ""new_fc_6"": 24, ""new_fc_7"": 9, ""new_fc_8"": 7, ""new_fc_9"": 22, ""num_neurons"": 64, ""optimizer"": ""Adadelta"", ""reg_l2"": false, ""skip_connection"": false, ""unit_c1"": 3, ""unit_c2"": 7}"
475,239,accuracy,0.9902999997138977,0.009700000286102295,0.014730773333333334,2209616.0,63664.0,-0.3023707682002716,9716.2326,"{""activation"": ""selu"", ""batch_size"": 8, ""data_augmentation"": true, ""dr_f"": 0.468067833887, ""learning_rate"": 0.000902936665, ""new_fc_1"": 5, ""new_fc_10"": 31, ""new_fc_2"": 7, ""new_fc_3"": 5, ""new_fc_4"": 17, ""new_fc_5"": 11, ""new_fc_6"": 1, ""new_fc_7"": 20, ""new_fc_8"": 10, ""new_fc_9"": 27, ""num_neurons"": 4, ""optimizer"": ""SGD"", ""reg_l2"": true, ""skip_connection"": true, ""unit_c1"": 1, ""unit_c2"": 4}"
476,239,flops,,,0.2826835733333333,42402536.0,2010356.0,,9718.0976,"{""activation"": ""selu"", ""batch_size"": 16, ""data_augmentation"": false, ""dr_f"": 0.193188859432, ""learning_rate"": 0.000277930412, ""new_fc_1"": 29, ""new_fc_10"": 8, ""new_fc_2"": 10, ""new_fc_3"": 29, ""new_fc_4"": 4, ""new_fc_5"": 17, ""new_fc_6"": 19, ""new_fc_7"": 4, ""new_fc_8"": 19, ""new_fc_9"": 30, ""num_neurons"": 16, ""optimizer"": ""Adadelta"", ""reg_l2"": false, ""skip_connection"": false, ""unit_c1"": 2, ""unit_c2"": 3}"
477,240,accuracy,0.9839999992400408,0.01600000075995922,0.05906090666666667,8859136.0,425436.0,-0.29348172853197146,9983.4376,"{""activation"": ""elu"", ""batch_size"": 32, ""data_augmentation"": true, ""dr_f"": 0.123060679087, ""learning_rate"": 0.000337471255, ""new_fc_1"": 32, ""new_fc_10"": 11, ""new_fc_2"": 25, ""new_fc_3"": 26, ""new_fc_4"": 2, ""new_fc_5"": 32, ""new_fc_6"": 8, ""new_fc_7"": 14, ""new_fc_8"": 22, ""new_fc_9"": 1, ""num_neurons"": 8, ""optimizer"": ""Adadelta"", ""reg_l2"": false, ""skip_connection"": false, ""unit_c1"": 2, ""unit_c2"": 2}"
478,240,flops,,,0.08328698666666666,12493048.0,840004.0,,9985.0798,"{""activation"": ""swish"", ""batch_size"": 16, ""data_augmentation"": true, ""dr_f"": 0.352943144403, ""learning_rate"": 0.000731964085, ""new_fc_1"": 27, ""new_fc_10"": 26, ""new_fc_2"": 30, ""new_fc_3"": 31, ""new_fc_4"": 26, ""new_fc_5"": 2, ""new_fc_6"": 1, ""new_fc_7"": 0, ""new_fc_8"": 15, ""new_fc_9"": 30, ""num_neurons"": 8, ""optimizer"": ""Adam"", ""reg_l2"": false, ""skip_connection"": true, ""unit_c1"": 1, ""unit_c2"": 5}"
479,241,accuracy,0.8608999997377396,0.13910000026226044,0.08328698666666666,12493048.0,840004.0,-0.37238390418358225,10610.8297,"{""activation"": ""swish"", ""batch_size"": 16, ""data_augmentation"": true, ""dr_f"": 0.352943144403, ""learning_rate"": 0.000731964085, ""new_fc_1"": 27, ""new_fc_10"": 26, ""new_fc_2"": 30, ""new_fc_3"": 31, ""new_fc_4"": 26, ""new_fc_5"": 2, ""new_fc_6"": 1, ""new_fc_7"": 0, ""new_fc_8"": 15, ""new_fc_9"": 30, ""num_neurons"": 8, ""optimizer"": ""Adam"", ""reg_l2"": false, ""skip_connection"": true, ""unit_c1"": 1, ""unit_c2"": 5}"
480,242,accuracy,0.9917000001296401,0.008299999870359898,0.04119928,6179892.0,81512.0,-0.2934502159092519,11236.2042,"{""activation"": ""selu"", ""batch_size"": 8, ""data_augmentation"": false, ""dr_f"": 0.31717191441, ""learning_rate"": 0.000190598288, ""new_fc_1"": 30, ""new_fc_10"": 6, ""new_fc_2"": 19, ""new_fc_3"": 8, ""new_fc_4"": 13, ""new_fc_5"": 9, ""new_fc_6"": 31, ""new_fc_7"": 32, ""new_fc_8"": 6, ""new_fc_9"": 29, ""num_neurons"": 4, ""optimizer"": ""Adadelta"", ""reg_l2"": false, ""skip_connection"": false, ""unit_c1"": 4, ""unit_c2"": 1}"
481,242,flops,,,0.3968549866666667,59528248.0,1747572.0,,11238.0762,"{""activation"": ""selu"", ""batch_size"": 16, ""data_augmentation"": false, ""dr_f"": 0.392509237566, ""learning_rate"": 0.000955412458, ""new_fc_1"": 11, ""new_fc_10"": 8, ""new_fc_2"": 15, ""new_fc_3"": 12, ""new_fc_4"": 26, ""new_fc_5"": 11, ""new_fc_6"": 27, ""new_fc_7"": 9, ""new_fc_8"": 27, ""new_fc_9"": 12, ""num_neurons"": 16, ""optimizer"": ""Adadelta"", ""reg_l2"": false, ""skip_connection"": true, ""unit_c1"": 1, ""unit_c2"": 6}"
482,242,flops,,,11.979705333333333,1796955800.0,45113572.0,,11241.633,"{""activation"": ""swish"", ""batch_size"": 64, ""data_augmentation"": true, ""dr_f"": 0.173368102802, ""learning_rate"": 0.000705767533, ""new_fc_1"": 20, ""new_fc_10"": 19, ""new_fc_2"": 11, ""new_fc_3"": 31, ""new_fc_4"": 23, ""new_fc_5"": 5, ""new_fc_6"": 8, ""new_fc_7"": 30, ""new_fc_8"": 24, ""new_fc_9"": 8, ""num_neurons"": 64, ""optimizer"": ""Adadelta"", ""reg_l2"": false, ""skip_connection"": false, ""unit_c1"": 3, ""unit_c2"": 6}"
483,243,accuracy,0.9209999963641167,0.07900000363588333,0.05569317333333333,8353976.0,264908.0,-0.3385920505451183,12467.6739,"{""activation"": ""swish"", ""batch_size"": 16, ""data_augmentation"": false, ""dr_f"": 0.366140213669, ""learning_rate"": 0.000139743777, ""new_fc_1"": 4, ""new_fc_10"": 27, ""new_fc_2"": 1, ""new_fc_3"": 10, ""new_fc_4"": 13, ""new_fc_5"": 32, ""new_fc_6"": 6, ""new_fc_7"": 10, ""new_fc_8"": 21, ""new_fc_9"": 32, ""num_neurons"": 8, ""optimizer"": ""Adamax"", ""reg_l2"": false, ""skip_connection"": true, ""unit_c1"": 1, ""unit_c2"": 4}"
484,244,accuracy,0.9900000002235174,0.009999999776482582,0.044917893333333334,6737684.0,191000.0,-0.29352463184353783,13153.4278,"{""activation"": ""swish"", ""batch_size"": 8, ""data_augmentation"": false, ""dr_f"": 0.400221678838, ""learning_rate"": 0.000145241561, ""new_fc_1"": 17, ""new_fc_10"": 7, ""new_fc_2"": 31, ""new_fc_3"": 3, ""new_fc_4"": 31, ""new_fc_5"": 28, ""new_fc_6"": 32, ""new_fc_7"": 23, ""new_fc_8"": 5, ""new_fc_9"": 12, ""num_neurons"": 4, ""optimizer"": ""Adagrad"", ""reg_l2"": true, ""skip_connection"": false, ""unit_c1"": 2, ""unit_c2"": 7}"
485,245,accuracy,0.9900000002235174,0.009999999776482582,0.049793706666666666,7469056.0,329412.0,-0.2920618878435378,13959.4995,"{""activation"": ""swish"", ""batch_size"": 8, ""data_augmentation"": false, ""dr_f"": 0.108833342558, ""learning_rate"": 0.000845897204, ""new_fc_1"": 29, ""new_fc_10"": 16, ""new_fc_2"": 32, ""new_fc_3"": 20, ""new_fc_4"": 9, ""new_fc_5"": 19, ""new_fc_6"": 21, ""new_fc_7"": 9, ""new_fc_8"": 19, ""new_fc_9"": 9, ""num_neurons"": 8, ""optimizer"": ""Adam"", ""reg_l2"": true, ""skip_connection"": true, ""unit_c1"": 2, ""unit_c2"": 1}"
486,245,flops,,,0.03856541333333333,5784812.0,182596.0,,13961.3624,"{""activation"": ""selu"", ""batch_size"": 16, ""data_augmentation"": true, ""dr_f"": 0.049065839249, ""learning_rate"": 0.000795253391, ""new_fc_1"": 0, ""new_fc_10"": 7, ""new_fc_2"": 31, ""new_fc_3"": 30, ""new_fc_4"": 23, ""new_fc_5"": 26, ""new_fc_6"": 2, ""new_fc_7"": 15, ""new_fc_8"": 19, ""new_fc_9"": 12, ""num_neurons"": 4, ""optimizer"": ""Adam"", ""reg_l2"": false, ""skip_connection"": false, ""unit_c1"": 3, ""unit_c2"": 4}"
487,245,flops,,,0.026212266666666668,3931840.0,256532.0,,13963.1922,"{""activation"": ""selu"", ""batch_size"": 16, ""data_augmentation"": false, ""dr_f"": 0.12379930505, ""learning_rate"": 0.000942043228, ""new_fc_1"": 4, ""new_fc_10"": 26, ""new_fc_2"": 9, ""new_fc_3"": 15, ""new_fc_4"": 3, ""new_fc_5"": 17, ""new_fc_6"": 32, ""new_fc_7"": 30, ""new_fc_8"": 29, ""new_fc_9"": 8, ""num_neurons"": 8, ""optimizer"": ""SGD"", ""reg_l2"": true, ""skip_connection"": false, ""unit_c1"": 1, ""unit_c2"": 2}"
488,246,accuracy,0.8319000005722046,0.1680999994277954,0.026212266666666668,3931840.0,256532.0,-0.4098063195994568,15008.9732,"{""activation"": ""selu"", ""batch_size"": 16, ""data_augmentation"": false, ""dr_f"": 0.12379930505, ""learning_rate"": 0.000942043228, ""new_fc_1"": 4, ""new_fc_10"": 26, ""new_fc_2"": 9, ""new_fc_3"": 15, ""new_fc_4"": 3, ""new_fc_5"": 17, ""new_fc_6"": 32, ""new_fc_7"": 30, ""new_fc_8"": 29, ""new_fc_9"": 8, ""num_neurons"": 8, ""optimizer"": ""SGD"", ""reg_l2"": true, ""skip_connection"": false, ""unit_c1"": 1, ""unit_c2"": 2}"
489,247,accuracy,0.9745000004768372,0.025499999523162842,0.17204112,25806168.0,496796.0,-0.266237663666214,15154.3822,"{""activation"": ""relu"", ""batch_size"": 64, ""data_augmentation"": false, ""dr_f"": 0.296535177877, ""learning_rate"": 0.000327576302, ""new_fc_1"": 12, ""new_fc_10"": 28, ""new_fc_2"": 1, ""new_fc_3"": 2, ""new_fc_4"": 2, ""new_fc_5"": 9, ""new_fc_6"": 24, ""new_fc_7"": 0, ""new_fc_8"": 9, ""new_fc_9"": 25, ""num_neurons"": 8, ""optimizer"": ""Adamax"", ""reg_l2"": false, ""skip_connection"": true, ""unit_c1"": 2, ""unit_c2"": 7}"
490,247,flops,,,0.82411984,123617976.0,3138564.0,,15156.2385,"{""activation"": ""elu"", ""batch_size"": 32, ""data_augmentation"": false, ""dr_f"": 0.150867012248, ""learning_rate"": 0.000775413213, ""new_fc_1"": 2, ""new_fc_10"": 27, ""new_fc_2"": 11, ""new_fc_3"": 24, ""new_fc_4"": 16, ""new_fc_5"": 9, ""new_fc_6"": 26, ""new_fc_7"": 29, ""new_fc_8"": 26, ""new_fc_9"": 1, ""num_neurons"": 32, ""optimizer"": ""Adam"", ""reg_l2"": false, ""skip_connection"": true, ""unit_c1"": 2, ""unit_c2"": 2}"
491,248,accuracy,0.7932000011205673,0.20679999887943268,0.8867318933333334,133009784.0,8105156.0,-0.17874043121560285,18001.9905,"{""activation"": ""selu"", ""batch_size"": 8, ""data_augmentation"": false, ""dr_f"": 0.346299286996, ""learning_rate"": 0.00039486788, ""new_fc_1"": 32, ""new_fc_10"": 21, ""new_fc_2"": 31, ""new_fc_3"": 11, ""new_fc_4"": 28, ""new_fc_5"": 29, ""new_fc_6"": 6, ""new_fc_7"": 18, ""new_fc_8"": 19, ""new_fc_9"": 14, ""num_neurons"": 32, ""optimizer"": ""Adagrad"", ""reg_l2"": true, ""skip_connection"": false, ""unit_c1"": 2, ""unit_c2"": 2}"
492,249,accuracy,0.9900000002235174,0.009999999776482582,0.0251564,3773460.0,62740.0,-0.2994530798435378,18687.6862,"{""activation"": ""elu"", ""batch_size"": 8, ""data_augmentation"": true, ""dr_f"": 0.220480316552, ""learning_rate"": 0.000653972065, ""new_fc_1"": 26, ""new_fc_10"": 1, ""new_fc_2"": 4, ""new_fc_3"": 12, ""new_fc_4"": 16, ""new_fc_5"": 16, ""new_fc_6"": 32, ""new_fc_7"": 27, ""new_fc_8"": 2, ""new_fc_9"": 7, ""num_neurons"": 4, ""optimizer"": ""Adamax"", ""reg_l2"": true, ""skip_connection"": false, ""unit_c1"": 3, ""unit_c2"": 1}"
493,249,flops,,,0.0410344,6155160.0,396116.0,,18689.4872,"{""activation"": ""relu"", ""batch_size"": 32, ""data_augmentation"": false, ""dr_f"": 0.338973556962, ""learning_rate"": 0.000395211765, ""new_fc_1"": 14, ""new_fc_10"": 11, ""new_fc_2"": 21, ""new_fc_3"": 23, ""new_fc_4"": 17, ""new_fc_5"": 26, ""new_fc_6"": 5, ""new_fc_7"": 30, ""new_fc_8"": 18, ""new_fc_9"": 27, ""num_neurons"": 8, ""optimizer"": ""Adadelta"", ""reg_l2"": true, ""skip_connection"": true, ""unit_c1"": 1, ""unit_c2"": 3}"
494,250,accuracy,0.9725000001490116,0.027499999850988388,0.26408928,39613392.0,347732.0,-0.24002321589569187,20094.9105,"{""activation"": ""elu"", ""batch_size"": 8, ""data_augmentation"": true, ""dr_f"": 0.285840019699, ""learning_rate"": 0.000597964867, ""new_fc_1"": 8, ""new_fc_10"": 3, ""new_fc_2"": 5, ""new_fc_3"": 16, ""new_fc_4"": 2, ""new_fc_5"": 6, ""new_fc_6"": 12, ""new_fc_7"": 4, ""new_fc_8"": 4, ""new_fc_9"": 11, ""num_neurons"": 8, ""optimizer"": ""Adadelta"", ""reg_l2"": false, ""skip_connection"": true, ""unit_c1"": 3, ""unit_c2"": 8}"
495,251,accuracy,10000000000.0,,4.16141712,624212568.0,16452452.0,10000000000.0,2.9004,"{""activation"": ""relu"", ""batch_size"": 8, ""data_augmentation"": true, ""dr_f"": 0.414436135601, ""learning_rate"": 0.000103989928, ""new_fc_1"": 12, ""new_fc_10"": 5, ""new_fc_2"": 17, ""new_fc_3"": 0, ""new_fc_4"": 7, ""new_fc_5"": 25, ""new_fc_6"": 20, ""new_fc_7"": 13, ""new_fc_8"": 8, ""new_fc_9"": 13, ""num_neurons"": 64, ""optimizer"": ""SGD"", ""reg_l2"": true, ""skip_connection"": false, ""unit_c1"": 2, ""unit_c2"": 3}"
496,252,accuracy,0.9916000002995133,0.00839999970048666,0.016886693333333334,2533004.0,92488.0,-0.30081399179034063,149.4419,"{""activation"": ""swish"", ""batch_size"": 64, ""data_augmentation"": true, ""dr_f"": 0.316276071051, ""learning_rate"": 0.000967883945, ""new_fc_1"": 28, ""new_fc_10"": 8, ""new_fc_2"": 8, ""new_fc_3"": 8, ""new_fc_4"": 8, ""new_fc_5"": 27, ""new_fc_6"": 31, ""new_fc_7"": 12, ""new_fc_8"": 2, ""new_fc_9"": 3, ""num_neurons"": 4, ""optimizer"": ""SGD"", ""reg_l2"": false, ""skip_connection"": true, ""unit_c1"": 2, ""unit_c2"": 2}"
497,253,accuracy,0.982599999755621,0.017400000244379044,0.07505674666666666,11258512.0,594044.0,-0.28966297617106535,835.3262,"{""activation"": ""relu"", ""batch_size"": 8, ""data_augmentation"": false, ""dr_f"": 0.440801327914, ""learning_rate"": 0.00098566863, ""new_fc_1"": 26, ""new_fc_10"": 23, ""new_fc_2"": 17, ""new_fc_3"": 11, ""new_fc_4"": 29, ""new_fc_5"": 31, ""new_fc_6"": 29, ""new_fc_7"": 5, ""new_fc_8"": 11, ""new_fc_9"": 25, ""num_neurons"": 8, ""optimizer"": ""Adamax"", ""reg_l2"": false, ""skip_connection"": false, ""unit_c1"": 2, ""unit_c2"": 3}"
498,254,accuracy,0.9900000002235174,0.009999999776482582,0.82411984,123617976.0,3138564.0,-0.059764047843537796,1161.3929,"{""activation"": ""elu"", ""batch_size"": 32, ""data_augmentation"": false, ""dr_f"": 0.150867012248, ""learning_rate"": 0.000775413213, ""new_fc_1"": 2, ""new_fc_10"": 27, ""new_fc_2"": 11, ""new_fc_3"": 24, ""new_fc_4"": 16, ""new_fc_5"": 9, ""new_fc_6"": 26, ""new_fc_7"": 29, ""new_fc_8"": 26, ""new_fc_9"": 1, ""num_neurons"": 32, ""optimizer"": ""Adam"", ""reg_l2"": false, ""skip_connection"": true, ""unit_c1"": 2, ""unit_c2"": 2}"
499,255,accuracy,0.7670000046491623,0.2329999953508377,0.0693784,10406760.0,1132516.0,-0.4422864767455864,3347.4003,"{""activation"": ""selu"", ""batch_size"": 8, ""data_augmentation"": false, ""dr_f"": 0.035636828795, ""learning_rate"": 0.000569486882, ""new_fc_1"": 20, ""new_fc_10"": 15, ""new_fc_2"": 21, ""new_fc_3"": 2, ""new_fc_4"": 23, ""new_fc_5"": 32, ""new_fc_6"": 20, ""new_fc_7"": 15, ""new_fc_8"": 10, ""new_fc_9"": 27, ""num_neurons"": 16, ""optimizer"": ""Adagrad"", ""reg_l2"": true, ""skip_connection"": true, ""unit_c1"": 1, ""unit_c2"": 1}"
