event,accuracy_eval,objective,error,accuracy,flops_norm,flops,params,score,elapsed_sec,params_json
1,1,both,0.4350000023841858,0.5649999976158142,0.013168026666666667,1975204.0,53690.0,-0.6915495903310699,264.9875,"{""activation"": ""relu"", ""batch_size"": 64, ""data_augmentation"": false, ""dr_f"": 0.143889585721, ""learning_rate"": 0.000665632005, ""new_fc_1"": 31, ""new_fc_10"": 23, ""new_fc_2"": 8, ""new_fc_3"": 0, ""new_fc_4"": 29, ""new_fc_5"": 4, ""new_fc_6"": 4, ""new_fc_7"": 23, ""new_fc_8"": 18, ""new_fc_9"": 2, ""num_neurons"": 4, ""optimizer"": ""Adam"", ""reg_l2"": false, ""skip_connection"": false, ""unit_c1"": 2, ""unit_c2"": 1}"
2,2,both,0.8999999985098839,0.10000000149011612,0.5820479733333334,87307196.0,3998666.0,-0.19538560904308128,649.3845,"{""activation"": ""swish"", ""batch_size"": 16, ""data_augmentation"": true, ""dr_f"": 0.263205835774, ""learning_rate"": 0.000908750291, ""new_fc_1"": 0, ""new_fc_10"": 16, ""new_fc_2"": 3, ""new_fc_3"": 30, ""new_fc_4"": 3, ""new_fc_5"": 27, ""new_fc_6"": 20, ""new_fc_7"": 29, ""new_fc_8"": 24, ""new_fc_9"": 28, ""num_neurons"": 32, ""optimizer"": ""SGD"", ""reg_l2"": true, ""skip_connection"": true, ""unit_c1"": 1, ""unit_c2"": 3}"
3,3,both,0.8999999985098839,0.10000000149011612,0.053227786666666665,7984168.0,186678.0,-0.3540316650430813,1273.6191,"{""activation"": ""swish"", ""batch_size"": 8, ""data_augmentation"": false, ""dr_f"": 0.185584783511, ""learning_rate"": 0.000275358038, ""new_fc_1"": 17, ""new_fc_10"": 2, ""new_fc_2"": 20, ""new_fc_3"": 17, ""new_fc_4"": 10, ""new_fc_5"": 29, ""new_fc_6"": 12, ""new_fc_7"": 9, ""new_fc_8"": 19, ""new_fc_9"": 18, ""num_neurons"": 4, ""optimizer"": ""Adagrad"", ""reg_l2"": true, ""skip_connection"": false, ""unit_c1"": 2, ""unit_c2"": 8}"
4,4,both,0.7828000038862228,0.21719999611377716,0.89569672,134354508.0,1800442.0,-0.183330981279644,3217.6952,"{""activation"": ""relu"", ""batch_size"": 8, ""data_augmentation"": false, ""dr_f"": 0.479079505416, ""learning_rate"": 0.000506653616, ""new_fc_1"": 13, ""new_fc_10"": 9, ""new_fc_2"": 3, ""new_fc_3"": 7, ""new_fc_4"": 12, ""new_fc_5"": 0, ""new_fc_6"": 6, ""new_fc_7"": 24, ""new_fc_8"": 3, ""new_fc_9"": 0, ""num_neurons"": 16, ""optimizer"": ""Adagrad"", ""reg_l2"": false, ""skip_connection"": true, ""unit_c1"": 3, ""unit_c2"": 7}"
5,5,both,0.8999999985098839,0.10000000149011612,0.09488104,14232156.0,705290.0,-0.3415356890430813,3901.9511,"{""activation"": ""swish"", ""batch_size"": 8, ""data_augmentation"": false, ""dr_f"": 0.27463378494, ""learning_rate"": 0.000304656733, ""new_fc_1"": 29, ""new_fc_10"": 11, ""new_fc_2"": 17, ""new_fc_3"": 22, ""new_fc_4"": 27, ""new_fc_5"": 3, ""new_fc_6"": 15, ""new_fc_7"": 31, ""new_fc_8"": 15, ""new_fc_9"": 30, ""num_neurons"": 8, ""optimizer"": ""Adam"", ""reg_l2"": true, ""skip_connection"": false, ""unit_c1"": 2, ""unit_c2"": 4}"
6,6,both,10000000000.0,,10.347315173333334,1552097276.0,13321098.0,10000000000.0,3902.6951,"{""activation"": ""swish"", ""batch_size"": 16, ""data_augmentation"": false, ""dr_f"": 0.26415054184, ""learning_rate"": 0.000224826316, ""new_fc_1"": 2, ""new_fc_10"": 23, ""new_fc_2"": 22, ""new_fc_3"": 15, ""new_fc_4"": 10, ""new_fc_5"": 6, ""new_fc_6"": 31, ""new_fc_7"": 13, ""new_fc_8"": 3, ""new_fc_9"": 20, ""num_neurons"": 64, ""optimizer"": ""Adagrad"", ""reg_l2"": true, ""skip_connection"": true, ""unit_c1"": 2, ""unit_c2"": 7}"
7,7,both,0.6872000098228455,0.31279999017715454,0.43947304,65920956.0,1202906.0,-0.38711808112400814,4226.5473,"{""activation"": ""elu"", ""batch_size"": 64, ""data_augmentation"": true, ""dr_f"": 0.253701770758, ""learning_rate"": 0.000130710177, ""new_fc_1"": 6, ""new_fc_10"": 6, ""new_fc_2"": 22, ""new_fc_3"": 8, ""new_fc_4"": 32, ""new_fc_5"": 16, ""new_fc_6"": 8, ""new_fc_7"": 20, ""new_fc_8"": 27, ""new_fc_9"": 15, ""num_neurons"": 16, ""optimizer"": ""Adadelta"", ""reg_l2"": false, ""skip_connection"": true, ""unit_c1"": 2, ""unit_c2"": 5}"
8,8,both,0.8999999985098839,0.10000000149011612,0.7537532533333333,113062988.0,761514.0,-0.14387402504308128,4910.441,"{""activation"": ""selu"", ""batch_size"": 8, ""data_augmentation"": false, ""dr_f"": 0.127299570916, ""learning_rate"": 0.000583933719, ""new_fc_1"": 1, ""new_fc_10"": 14, ""new_fc_2"": 9, ""new_fc_3"": 8, ""new_fc_4"": 22, ""new_fc_5"": 12, ""new_fc_6"": 18, ""new_fc_7"": 31, ""new_fc_8"": 21, ""new_fc_9"": 1, ""num_neurons"": 16, ""optimizer"": ""Adam"", ""reg_l2"": false, ""skip_connection"": true, ""unit_c1"": 3, ""unit_c2"": 6}"
9,9,both,0.8995999991893768,0.10040000081062317,0.05118661333333333,7677992.0,122674.0,-0.3549240165674362,5234.477,"{""activation"": ""selu"", ""batch_size"": 16, ""data_augmentation"": false, ""dr_f"": 0.494876235711, ""learning_rate"": 0.000287325883, ""new_fc_1"": 22, ""new_fc_10"": 15, ""new_fc_2"": 20, ""new_fc_3"": 21, ""new_fc_4"": 20, ""new_fc_5"": 11, ""new_fc_6"": 32, ""new_fc_7"": 21, ""new_fc_8"": 20, ""new_fc_9"": 1, ""num_neurons"": 4, ""optimizer"": ""Adadelta"", ""reg_l2"": false, ""skip_connection"": true, ""unit_c1"": 4, ""unit_c2"": 3}"
10,10,both,10000000000.0,,1.1351048266666666,170265724.0,4211114.0,10000000000.0,5234.8759,"{""activation"": ""relu"", ""batch_size"": 8, ""data_augmentation"": true, ""dr_f"": 0.254079433865, ""learning_rate"": 0.00058504913, ""new_fc_1"": 3, ""new_fc_10"": 22, ""new_fc_2"": 29, ""new_fc_3"": 27, ""new_fc_4"": 17, ""new_fc_5"": 31, ""new_fc_6"": 16, ""new_fc_7"": 21, ""new_fc_8"": 4, ""new_fc_9"": 0, ""num_neurons"": 32, ""optimizer"": ""Adamax"", ""reg_l2"": true, ""skip_connection"": false, ""unit_c1"": 1, ""unit_c2"": 5}"
11,10,flops,,,16.524368613333333,2478655292.0,38100490.0,,5237.2298,"{""activation"": ""elu"", ""batch_size"": 16, ""data_augmentation"": true, ""dr_f"": 0.41544637423, ""learning_rate"": 0.000954016219, ""new_fc_1"": 16, ""new_fc_10"": 25, ""new_fc_2"": 24, ""new_fc_3"": 18, ""new_fc_4"": 15, ""new_fc_5"": 2, ""new_fc_6"": 19, ""new_fc_7"": 11, ""new_fc_8"": 16, ""new_fc_9"": 22, ""num_neurons"": 64, ""optimizer"": ""Adam"", ""reg_l2"": true, ""skip_connection"": true, ""unit_c1"": 4, ""unit_c2"": 6}"
12,10,flops,,,0.055773786666666665,8366068.0,377114.0,,5238.2624,"{""activation"": ""swish"", ""batch_size"": 64, ""data_augmentation"": true, ""dr_f"": 0.274420459069, ""learning_rate"": 0.000239963242, ""new_fc_1"": 6, ""new_fc_10"": 16, ""new_fc_2"": 23, ""new_fc_3"": 16, ""new_fc_4"": 27, ""new_fc_5"": 20, ""new_fc_6"": 27, ""new_fc_7"": 26, ""new_fc_8"": 21, ""new_fc_9"": 23, ""num_neurons"": 8, ""optimizer"": ""Adadelta"", ""reg_l2"": true, ""skip_connection"": false, ""unit_c1"": 1, ""unit_c2"": 4}"
13,10,flops,,,1.6090962933333333,241364444.0,9631178.0,,5239.5185,"{""activation"": ""swish"", ""batch_size"": 16, ""data_augmentation"": true, ""dr_f"": 0.174536020748, ""learning_rate"": 0.000880872833, ""new_fc_1"": 16, ""new_fc_10"": 10, ""new_fc_2"": 32, ""new_fc_3"": 14, ""new_fc_4"": 22, ""new_fc_5"": 5, ""new_fc_6"": 32, ""new_fc_7"": 24, ""new_fc_8"": 8, ""new_fc_9"": 20, ""num_neurons"": 32, ""optimizer"": ""Adadelta"", ""reg_l2"": false, ""skip_connection"": true, ""unit_c1"": 1, ""unit_c2"": 6}"
14,10,flops,,,0.10881608,16322412.0,483970.0,,5240.3744,"{""activation"": ""elu"", ""batch_size"": 8, ""data_augmentation"": false, ""dr_f"": 0.203210950249, ""learning_rate"": 0.000322472206, ""new_fc_1"": 23, ""new_fc_10"": 4, ""new_fc_2"": 5, ""new_fc_3"": 24, ""new_fc_4"": 10, ""new_fc_5"": 29, ""new_fc_6"": 29, ""new_fc_7"": 30, ""new_fc_8"": 30, ""new_fc_9"": 30, ""num_neurons"": 8, ""optimizer"": ""Adam"", ""reg_l2"": true, ""skip_connection"": true, ""unit_c1"": 3, ""unit_c2"": 2}"
15,10,flops,,,0.28246312,42369468.0,1366714.0,,5241.343,"{""activation"": ""swish"", ""batch_size"": 16, ""data_augmentation"": true, ""dr_f"": 0.211520430009, ""learning_rate"": 0.000992815337, ""new_fc_1"": 22, ""new_fc_10"": 28, ""new_fc_2"": 11, ""new_fc_3"": 0, ""new_fc_4"": 5, ""new_fc_5"": 23, ""new_fc_6"": 5, ""new_fc_7"": 4, ""new_fc_8"": 15, ""new_fc_9"": 7, ""num_neurons"": 16, ""optimizer"": ""Adagrad"", ""reg_l2"": false, ""skip_connection"": true, ""unit_c1"": 2, ""unit_c2"": 3}"
16,11,accuracy,10000000000.0,,16.524368613333333,2478655292.0,38100490.0,10000000000.0,5243.6409,"{""activation"": ""elu"", ""batch_size"": 16, ""data_augmentation"": true, ""dr_f"": 0.41544637423, ""learning_rate"": 0.000954016219, ""new_fc_1"": 16, ""new_fc_10"": 25, ""new_fc_2"": 24, ""new_fc_3"": 18, ""new_fc_4"": 15, ""new_fc_5"": 2, ""new_fc_6"": 19, ""new_fc_7"": 11, ""new_fc_8"": 16, ""new_fc_9"": 22, ""num_neurons"": 64, ""optimizer"": ""Adam"", ""reg_l2"": true, ""skip_connection"": true, ""unit_c1"": 4, ""unit_c2"": 6}"
17,11,flops,,,2.29106984,343660476.0,3914410.0,,5244.5457,"{""activation"": ""relu"", ""batch_size"": 32, ""data_augmentation"": false, ""dr_f"": 0.248291643948, ""learning_rate"": 0.000157780975, ""new_fc_1"": 24, ""new_fc_10"": 27, ""new_fc_2"": 2, ""new_fc_3"": 20, ""new_fc_4"": 14, ""new_fc_5"": 17, ""new_fc_6"": 25, ""new_fc_7"": 16, ""new_fc_8"": 15, ""new_fc_9"": 0, ""num_neurons"": 32, ""optimizer"": ""Adadelta"", ""reg_l2"": true, ""skip_connection"": true, ""unit_c1"": 4, ""unit_c2"": 1}"
18,11,flops,,,0.68243784,102365676.0,3766682.0,,5245.5065,"{""activation"": ""relu"", ""batch_size"": 8, ""data_augmentation"": true, ""dr_f"": 0.240446851837, ""learning_rate"": 0.000288831591, ""new_fc_1"": 27, ""new_fc_10"": 25, ""new_fc_2"": 3, ""new_fc_3"": 15, ""new_fc_4"": 17, ""new_fc_5"": 4, ""new_fc_6"": 25, ""new_fc_7"": 21, ""new_fc_8"": 10, ""new_fc_9"": 20, ""num_neurons"": 16, ""optimizer"": ""Adagrad"", ""reg_l2"": false, ""skip_connection"": false, ""unit_c1"": 2, ""unit_c2"": 7}"
19,11,flops,,,0.005542746666666667,831412.0,60190.0,,5246.3679,"{""activation"": ""relu"", ""batch_size"": 64, ""data_augmentation"": true, ""dr_f"": 0.180917432107, ""learning_rate"": 0.000365679172, ""new_fc_1"": 31, ""new_fc_10"": 30, ""new_fc_2"": 11, ""new_fc_3"": 8, ""new_fc_4"": 6, ""new_fc_5"": 1, ""new_fc_6"": 16, ""new_fc_7"": 4, ""new_fc_8"": 6, ""new_fc_9"": 29, ""num_neurons"": 4, ""optimizer"": ""Adadelta"", ""reg_l2"": false, ""skip_connection"": true, ""unit_c1"": 1, ""unit_c2"": 1}"
20,11,flops,,,5.23118824,784678236.0,3110954.0,,5247.2544,"{""activation"": ""relu"", ""batch_size"": 32, ""data_augmentation"": true, ""dr_f"": 0.337594760794, ""learning_rate"": 0.000299865619, ""new_fc_1"": 2, ""new_fc_10"": 10, ""new_fc_2"": 8, ""new_fc_3"": 19, ""new_fc_4"": 2, ""new_fc_5"": 0, ""new_fc_6"": 8, ""new_fc_7"": 32, ""new_fc_8"": 13, ""new_fc_9"": 3, ""num_neurons"": 32, ""optimizer"": ""Adadelta"", ""reg_l2"": false, ""skip_connection"": true, ""unit_c1"": 4, ""unit_c2"": 8}"
21,11,flops,,,0.42440765333333336,63661148.0,6678730.0,,5248.1308,"{""activation"": ""relu"", ""batch_size"": 32, ""data_augmentation"": false, ""dr_f"": 0.135384886302, ""learning_rate"": 0.000222951261, ""new_fc_1"": 12, ""new_fc_10"": 13, ""new_fc_2"": 23, ""new_fc_3"": 32, ""new_fc_4"": 19, ""new_fc_5"": 31, ""new_fc_6"": 32, ""new_fc_7"": 23, ""new_fc_8"": 18, ""new_fc_9"": 18, ""num_neurons"": 32, ""optimizer"": ""SGD"", ""reg_l2"": false, ""skip_connection"": true, ""unit_c1"": 1, ""unit_c2"": 2}"
22,12,accuracy,0.8300999999046326,0.16990000009536743,0.28246312,42369468.0,1366714.0,-0.33419106406675714,5813.0209,"{""activation"": ""swish"", ""batch_size"": 16, ""data_augmentation"": true, ""dr_f"": 0.211520430009, ""learning_rate"": 0.000992815337, ""new_fc_1"": 22, ""new_fc_10"": 28, ""new_fc_2"": 11, ""new_fc_3"": 0, ""new_fc_4"": 5, ""new_fc_5"": 23, ""new_fc_6"": 5, ""new_fc_7"": 4, ""new_fc_8"": 15, ""new_fc_9"": 7, ""num_neurons"": 16, ""optimizer"": ""Adagrad"", ""reg_l2"": false, ""skip_connection"": true, ""unit_c1"": 2, ""unit_c2"": 3}"
23,12,flops,,,0.020756453333333334,3113468.0,183822.0,,5813.817,"{""activation"": ""relu"", ""batch_size"": 8, ""data_augmentation"": true, ""dr_f"": 0.392298017695, ""learning_rate"": 0.000440156899, ""new_fc_1"": 28, ""new_fc_10"": 0, ""new_fc_2"": 21, ""new_fc_3"": 23, ""new_fc_4"": 6, ""new_fc_5"": 9, ""new_fc_6"": 0, ""new_fc_7"": 28, ""new_fc_8"": 22, ""new_fc_9"": 3, ""num_neurons"": 4, ""optimizer"": ""Adam"", ""reg_l2"": true, ""skip_connection"": false, ""unit_c1"": 1, ""unit_c2"": 5}"
24,12,flops,,,0.29098824,43648236.0,857530.0,,5814.6299,"{""activation"": ""swish"", ""batch_size"": 32, ""data_augmentation"": false, ""dr_f"": 0.194193818875, ""learning_rate"": 0.000802805654, ""new_fc_1"": 5, ""new_fc_10"": 15, ""new_fc_2"": 0, ""new_fc_3"": 0, ""new_fc_4"": 12, ""new_fc_5"": 29, ""new_fc_6"": 6, ""new_fc_7"": 18, ""new_fc_8"": 12, ""new_fc_9"": 20, ""num_neurons"": 16, ""optimizer"": ""Adagrad"", ""reg_l2"": true, ""skip_connection"": true, ""unit_c1"": 1, ""unit_c2"": 5}"
25,12,flops,,,0.21949085333333335,32923628.0,1521994.0,,5815.436,"{""activation"": ""elu"", ""batch_size"": 32, ""data_augmentation"": false, ""dr_f"": 0.432931240116, ""learning_rate"": 0.000774029503, ""new_fc_1"": 10, ""new_fc_10"": 10, ""new_fc_2"": 24, ""new_fc_3"": 6, ""new_fc_4"": 17, ""new_fc_5"": 26, ""new_fc_6"": 28, ""new_fc_7"": 28, ""new_fc_8"": 12, ""new_fc_9"": 18, ""num_neurons"": 16, ""optimizer"": ""Adagrad"", ""reg_l2"": false, ""skip_connection"": true, ""unit_c1"": 1, ""unit_c2"": 4}"
26,12,flops,,,0.17203122666666668,25804684.0,773882.0,,5816.1735,"{""activation"": ""selu"", ""batch_size"": 32, ""data_augmentation"": true, ""dr_f"": 0.253026983796, ""learning_rate"": 0.000379576937, ""new_fc_1"": 8, ""new_fc_10"": 5, ""new_fc_2"": 5, ""new_fc_3"": 9, ""new_fc_4"": 11, ""new_fc_5"": 14, ""new_fc_6"": 1, ""new_fc_7"": 29, ""new_fc_8"": 31, ""new_fc_9"": 32, ""num_neurons"": 16, ""optimizer"": ""Adamax"", ""reg_l2"": true, ""skip_connection"": false, ""unit_c1"": 2, ""unit_c2"": 1}"
27,12,flops,,,0.5633598666666667,84503980.0,3655226.0,,5816.9316,"{""activation"": ""selu"", ""batch_size"": 8, ""data_augmentation"": false, ""dr_f"": 0.484546717373, ""learning_rate"": 0.000650001957, ""new_fc_1"": 24, ""new_fc_10"": 17, ""new_fc_2"": 7, ""new_fc_3"": 28, ""new_fc_4"": 31, ""new_fc_5"": 28, ""new_fc_6"": 20, ""new_fc_7"": 27, ""new_fc_8"": 15, ""new_fc_9"": 30, ""num_neurons"": 16, ""optimizer"": ""SGD"", ""reg_l2"": false, ""skip_connection"": false, ""unit_c1"": 2, ""unit_c2"": 6}"
28,13,accuracy,0.4041000008583069,0.5958999991416931,0.5633598666666667,84503980.0,3655226.0,-0.5481220393991851,7701.0634,"{""activation"": ""selu"", ""batch_size"": 8, ""data_augmentation"": false, ""dr_f"": 0.484546717373, ""learning_rate"": 0.000650001957, ""new_fc_1"": 24, ""new_fc_10"": 17, ""new_fc_2"": 7, ""new_fc_3"": 28, ""new_fc_4"": 31, ""new_fc_5"": 28, ""new_fc_6"": 20, ""new_fc_7"": 27, ""new_fc_8"": 15, ""new_fc_9"": 30, ""num_neurons"": 16, ""optimizer"": ""SGD"", ""reg_l2"": false, ""skip_connection"": false, ""unit_c1"": 2, ""unit_c2"": 6}"
29,13,flops,,,0.00530512,795768.0,42314.0,,7701.854,"{""activation"": ""relu"", ""batch_size"": 8, ""data_augmentation"": true, ""dr_f"": 0.086896604871, ""learning_rate"": 0.00096207554, ""new_fc_1"": 23, ""new_fc_10"": 19, ""new_fc_2"": 25, ""new_fc_3"": 3, ""new_fc_4"": 10, ""new_fc_5"": 2, ""new_fc_6"": 9, ""new_fc_7"": 1, ""new_fc_8"": 13, ""new_fc_9"": 10, ""num_neurons"": 4, ""optimizer"": ""Adamax"", ""reg_l2"": false, ""skip_connection"": true, ""unit_c1"": 1, ""unit_c2"": 1}"
30,13,flops,,,0.15158344,22737516.0,1478058.0,,7702.6012,"{""activation"": ""relu"", ""batch_size"": 32, ""data_augmentation"": false, ""dr_f"": 0.35844234178, ""learning_rate"": 0.000349384428, ""new_fc_1"": 16, ""new_fc_10"": 22, ""new_fc_2"": 19, ""new_fc_3"": 6, ""new_fc_4"": 28, ""new_fc_5"": 1, ""new_fc_6"": 8, ""new_fc_7"": 16, ""new_fc_8"": 26, ""new_fc_9"": 29, ""num_neurons"": 16, ""optimizer"": ""Adadelta"", ""reg_l2"": true, ""skip_connection"": false, ""unit_c1"": 1, ""unit_c2"": 3}"
31,13,flops,,,0.02609552,3914328.0,43862.0,,7703.4032,"{""activation"": ""swish"", ""batch_size"": 32, ""data_augmentation"": true, ""dr_f"": 0.371403373316, ""learning_rate"": 0.000131552992, ""new_fc_1"": 25, ""new_fc_10"": 2, ""new_fc_2"": 1, ""new_fc_3"": 6, ""new_fc_4"": 1, ""new_fc_5"": 32, ""new_fc_6"": 0, ""new_fc_7"": 17, ""new_fc_8"": 10, ""new_fc_9"": 15, ""num_neurons"": 4, ""optimizer"": ""Adagrad"", ""reg_l2"": true, ""skip_connection"": true, ""unit_c1"": 3, ""unit_c2"": 1}"
32,13,flops,,,0.04107989333333333,6161984.0,161250.0,,7704.1047,"{""activation"": ""elu"", ""batch_size"": 8, ""data_augmentation"": true, ""dr_f"": 0.327970718906, ""learning_rate"": 0.000647475929, ""new_fc_1"": 15, ""new_fc_10"": 18, ""new_fc_2"": 5, ""new_fc_3"": 0, ""new_fc_4"": 28, ""new_fc_5"": 14, ""new_fc_6"": 17, ""new_fc_7"": 27, ""new_fc_8"": 8, ""new_fc_9"": 5, ""num_neurons"": 4, ""optimizer"": ""Adadelta"", ""reg_l2"": true, ""skip_connection"": false, ""unit_c1"": 1, ""unit_c2"": 8}"
33,13,flops,,,0.062364826666666665,9354724.0,150578.0,,7704.8306,"{""activation"": ""swish"", ""batch_size"": 8, ""data_augmentation"": true, ""dr_f"": 0.090872086152, ""learning_rate"": 0.000399988908, ""new_fc_1"": 0, ""new_fc_10"": 31, ""new_fc_2"": 0, ""new_fc_3"": 24, ""new_fc_4"": 7, ""new_fc_5"": 22, ""new_fc_6"": 10, ""new_fc_7"": 23, ""new_fc_8"": 5, ""new_fc_9"": 0, ""num_neurons"": 4, ""optimizer"": ""Adadelta"", ""reg_l2"": false, ""skip_connection"": false, ""unit_c1"": 4, ""unit_c2"": 5}"
34,14,accuracy,0.8999999985098839,0.10000000149011612,0.020756453333333334,3113468.0,183822.0,-0.36377306504308127,8269.3345,"{""activation"": ""relu"", ""batch_size"": 8, ""data_augmentation"": true, ""dr_f"": 0.392298017695, ""learning_rate"": 0.000440156899, ""new_fc_1"": 28, ""new_fc_10"": 0, ""new_fc_2"": 21, ""new_fc_3"": 23, ""new_fc_4"": 6, ""new_fc_5"": 9, ""new_fc_6"": 0, ""new_fc_7"": 28, ""new_fc_8"": 22, ""new_fc_9"": 3, ""num_neurons"": 4, ""optimizer"": ""Adam"", ""reg_l2"": true, ""skip_connection"": false, ""unit_c1"": 1, ""unit_c2"": 5}"
35,14,flops,,,0.01561608,2342412.0,130342.0,,8270.0658,"{""activation"": ""selu"", ""batch_size"": 32, ""data_augmentation"": true, ""dr_f"": 0.256400274434, ""learning_rate"": 0.000903798769, ""new_fc_1"": 18, ""new_fc_10"": 9, ""new_fc_2"": 13, ""new_fc_3"": 18, ""new_fc_4"": 26, ""new_fc_5"": 27, ""new_fc_6"": 12, ""new_fc_7"": 29, ""new_fc_8"": 23, ""new_fc_9"": 9, ""num_neurons"": 4, ""optimizer"": ""Adagrad"", ""reg_l2"": false, ""skip_connection"": true, ""unit_c1"": 1, ""unit_c2"": 4}"
36,14,flops,,,0.22009885333333334,33014828.0,1435290.0,,8270.7473,"{""activation"": ""relu"", ""batch_size"": 8, ""data_augmentation"": false, ""dr_f"": 0.252969894348, ""learning_rate"": 0.000132557851, ""new_fc_1"": 28, ""new_fc_10"": 2, ""new_fc_2"": 19, ""new_fc_3"": 5, ""new_fc_4"": 5, ""new_fc_5"": 12, ""new_fc_6"": 17, ""new_fc_7"": 32, ""new_fc_8"": 7, ""new_fc_9"": 24, ""num_neurons"": 16, ""optimizer"": ""Adagrad"", ""reg_l2"": true, ""skip_connection"": false, ""unit_c1"": 2, ""unit_c2"": 2}"
37,14,flops,,,0.29158632,43737948.0,2143482.0,,8271.5144,"{""activation"": ""selu"", ""batch_size"": 16, ""data_augmentation"": false, ""dr_f"": 0.12019575918, ""learning_rate"": 0.000160772676, ""new_fc_1"": 26, ""new_fc_10"": 3, ""new_fc_2"": 20, ""new_fc_3"": 28, ""new_fc_4"": 30, ""new_fc_5"": 16, ""new_fc_6"": 3, ""new_fc_7"": 21, ""new_fc_8"": 15, ""new_fc_9"": 20, ""num_neurons"": 16, ""optimizer"": ""SGD"", ""reg_l2"": false, ""skip_connection"": true, ""unit_c1"": 2, ""unit_c2"": 3}"
38,14,flops,,,0.21077554666666667,31616332.0,1143018.0,,8272.2491,"{""activation"": ""swish"", ""batch_size"": 16, ""data_augmentation"": false, ""dr_f"": 0.144444797816, ""learning_rate"": 0.000566748028, ""new_fc_1"": 4, ""new_fc_10"": 1, ""new_fc_2"": 26, ""new_fc_3"": 20, ""new_fc_4"": 0, ""new_fc_5"": 30, ""new_fc_6"": 21, ""new_fc_7"": 28, ""new_fc_8"": 24, ""new_fc_9"": 5, ""num_neurons"": 16, ""optimizer"": ""SGD"", ""reg_l2"": false, ""skip_connection"": false, ""unit_c1"": 1, ""unit_c2"": 4}"
39,14,flops,,,0.07505453333333334,11258180.0,594034.0,,8272.9126,"{""activation"": ""relu"", ""batch_size"": 32, ""data_augmentation"": false, ""dr_f"": 0.440957702345, ""learning_rate"": 0.00022109229, ""new_fc_1"": 30, ""new_fc_10"": 30, ""new_fc_2"": 25, ""new_fc_3"": 4, ""new_fc_4"": 18, ""new_fc_5"": 11, ""new_fc_6"": 18, ""new_fc_7"": 22, ""new_fc_8"": 23, ""new_fc_9"": 20, ""num_neurons"": 8, ""optimizer"": ""Adadelta"", ""reg_l2"": false, ""skip_connection"": false, ""unit_c1"": 2, ""unit_c2"": 3}"
40,15,accuracy,0.779899999499321,0.22010000050067902,0.04107989333333333,6161984.0,161250.0,-0.4417460323504753,9077.1887,"{""activation"": ""elu"", ""batch_size"": 8, ""data_augmentation"": true, ""dr_f"": 0.327970718906, ""learning_rate"": 0.000647475929, ""new_fc_1"": 15, ""new_fc_10"": 18, ""new_fc_2"": 5, ""new_fc_3"": 0, ""new_fc_4"": 28, ""new_fc_5"": 14, ""new_fc_6"": 17, ""new_fc_7"": 27, ""new_fc_8"": 8, ""new_fc_9"": 5, ""num_neurons"": 4, ""optimizer"": ""Adadelta"", ""reg_l2"": true, ""skip_connection"": false, ""unit_c1"": 1, ""unit_c2"": 8}"
41,15,flops,,,0.15900829333333333,23851244.0,1761658.0,,9077.9062,"{""activation"": ""relu"", ""batch_size"": 64, ""data_augmentation"": false, ""dr_f"": 0.496143483605, ""learning_rate"": 0.000176725726, ""new_fc_1"": 14, ""new_fc_10"": 19, ""new_fc_2"": 12, ""new_fc_3"": 26, ""new_fc_4"": 31, ""new_fc_5"": 17, ""new_fc_6"": 8, ""new_fc_7"": 31, ""new_fc_8"": 27, ""new_fc_9"": 22, ""num_neurons"": 16, ""optimizer"": ""Adadelta"", ""reg_l2"": true, ""skip_connection"": true, ""unit_c1"": 1, ""unit_c2"": 3}"
42,15,flops,,,0.8327020533333334,124905308.0,4907658.0,,9078.8232,"{""activation"": ""swish"", ""batch_size"": 8, ""data_augmentation"": true, ""dr_f"": 0.457240828137, ""learning_rate"": 0.000303502953, ""new_fc_1"": 6, ""new_fc_10"": 2, ""new_fc_2"": 12, ""new_fc_3"": 25, ""new_fc_4"": 30, ""new_fc_5"": 28, ""new_fc_6"": 18, ""new_fc_7"": 20, ""new_fc_8"": 9, ""new_fc_9"": 5, ""num_neurons"": 32, ""optimizer"": ""Adamax"", ""reg_l2"": false, ""skip_connection"": false, ""unit_c1"": 1, ""unit_c2"": 4}"
43,15,flops,,,0.41120370666666667,61680556.0,3305738.0,,9079.6302,"{""activation"": ""selu"", ""batch_size"": 8, ""data_augmentation"": true, ""dr_f"": 0.410321752124, ""learning_rate"": 0.000867644948, ""new_fc_1"": 25, ""new_fc_10"": 24, ""new_fc_2"": 2, ""new_fc_3"": 17, ""new_fc_4"": 27, ""new_fc_5"": 11, ""new_fc_6"": 31, ""new_fc_7"": 17, ""new_fc_8"": 29, ""new_fc_9"": 0, ""num_neurons"": 16, ""optimizer"": ""Adagrad"", ""reg_l2"": false, ""skip_connection"": false, ""unit_c1"": 1, ""unit_c2"": 6}"
44,15,flops,,,0.07868349333333333,11802524.0,619490.0,,9080.4379,"{""activation"": ""swish"", ""batch_size"": 32, ""data_augmentation"": true, ""dr_f"": 0.418513888805, ""learning_rate"": 0.000711351366, ""new_fc_1"": 21, ""new_fc_10"": 24, ""new_fc_2"": 19, ""new_fc_3"": 30, ""new_fc_4"": 19, ""new_fc_5"": 20, ""new_fc_6"": 8, ""new_fc_7"": 11, ""new_fc_8"": 24, ""new_fc_9"": 4, ""num_neurons"": 8, ""optimizer"": ""SGD"", ""reg_l2"": false, ""skip_connection"": false, ""unit_c1"": 1, ""unit_c2"": 5}"
45,15,flops,,,1.0276348533333333,154145228.0,914890.0,,9081.2176,"{""activation"": ""relu"", ""batch_size"": 8, ""data_augmentation"": true, ""dr_f"": 0.194073596513, ""learning_rate"": 0.000255772695, ""new_fc_1"": 1, ""new_fc_10"": 12, ""new_fc_2"": 1, ""new_fc_3"": 21, ""new_fc_4"": 6, ""new_fc_5"": 17, ""new_fc_6"": 31, ""new_fc_7"": 32, ""new_fc_8"": 6, ""new_fc_9"": 10, ""num_neurons"": 16, ""optimizer"": ""Adadelta"", ""reg_l2"": false, ""skip_connection"": true, ""unit_c1"": 3, ""unit_c2"": 8}"
46,16,accuracy,10000000000.0,,1.0276348533333333,154145228.0,914890.0,10000000000.0,9081.9688,"{""activation"": ""relu"", ""batch_size"": 8, ""data_augmentation"": true, ""dr_f"": 0.194073596513, ""learning_rate"": 0.000255772695, ""new_fc_1"": 1, ""new_fc_10"": 12, ""new_fc_2"": 1, ""new_fc_3"": 21, ""new_fc_4"": 6, ""new_fc_5"": 17, ""new_fc_6"": 31, ""new_fc_7"": 32, ""new_fc_8"": 6, ""new_fc_9"": 10, ""num_neurons"": 16, ""optimizer"": ""Adadelta"", ""reg_l2"": false, ""skip_connection"": true, ""unit_c1"": 3, ""unit_c2"": 8}"
47,16,flops,,,0.0068804,1032060.0,28918.0,,9082.6591,"{""activation"": ""elu"", ""batch_size"": 32, ""data_augmentation"": true, ""dr_f"": 0.042156703597, ""learning_rate"": 0.000491240639, ""new_fc_1"": 3, ""new_fc_10"": 0, ""new_fc_2"": 3, ""new_fc_3"": 12, ""new_fc_4"": 15, ""new_fc_5"": 21, ""new_fc_6"": 3, ""new_fc_7"": 22, ""new_fc_8"": 22, ""new_fc_9"": 7, ""num_neurons"": 4, ""optimizer"": ""Adadelta"", ""reg_l2"": true, ""skip_connection"": false, ""unit_c1"": 1, ""unit_c2"": 2}"
48,16,flops,,,0.9253179466666667,138797692.0,3353514.0,,9083.4165,"{""activation"": ""relu"", ""batch_size"": 64, ""data_augmentation"": false, ""dr_f"": 0.306032996135, ""learning_rate"": 0.000551899423, ""new_fc_1"": 31, ""new_fc_10"": 20, ""new_fc_2"": 17, ""new_fc_3"": 16, ""new_fc_4"": 23, ""new_fc_5"": 30, ""new_fc_6"": 10, ""new_fc_7"": 5, ""new_fc_8"": 21, ""new_fc_9"": 7, ""num_neurons"": 16, ""optimizer"": ""Adamax"", ""reg_l2"": false, ""skip_connection"": false, ""unit_c1"": 4, ""unit_c2"": 5}"
49,16,flops,,,0.05662565333333333,8493848.0,175054.0,,9084.1285,"{""activation"": ""relu"", ""batch_size"": 64, ""data_augmentation"": true, ""dr_f"": 0.188402462154, ""learning_rate"": 0.000854639636, ""new_fc_1"": 0, ""new_fc_10"": 1, ""new_fc_2"": 32, ""new_fc_3"": 0, ""new_fc_4"": 2, ""new_fc_5"": 30, ""new_fc_6"": 25, ""new_fc_7"": 29, ""new_fc_8"": 15, ""new_fc_9"": 13, ""num_neurons"": 4, ""optimizer"": ""SGD"", ""reg_l2"": false, ""skip_connection"": true, ""unit_c1"": 4, ""unit_c2"": 4}"
50,16,flops,,,0.81707752,122561628.0,2880170.0,,9084.9188,"{""activation"": ""relu"", ""batch_size"": 8, ""data_augmentation"": true, ""dr_f"": 0.358954118005, ""learning_rate"": 0.000917995615, ""new_fc_1"": 3, ""new_fc_10"": 1, ""new_fc_2"": 0, ""new_fc_3"": 6, ""new_fc_4"": 14, ""new_fc_5"": 28, ""new_fc_6"": 27, ""new_fc_7"": 24, ""new_fc_8"": 7, ""new_fc_9"": 31, ""num_neurons"": 32, ""optimizer"": ""SGD"", ""reg_l2"": false, ""skip_connection"": false, ""unit_c1"": 2, ""unit_c2"": 2}"
51,16,flops,,,0.02646912,3970368.0,170194.0,,9085.9772,"{""activation"": ""elu"", ""batch_size"": 64, ""data_augmentation"": true, ""dr_f"": 0.410388408787, ""learning_rate"": 0.000697322078, ""new_fc_1"": 19, ""new_fc_10"": 26, ""new_fc_2"": 11, ""new_fc_3"": 23, ""new_fc_4"": 10, ""new_fc_5"": 23, ""new_fc_6"": 27, ""new_fc_7"": 29, ""new_fc_8"": 16, ""new_fc_9"": 1, ""num_neurons"": 4, ""optimizer"": ""Adagrad"", ""reg_l2"": false, ""skip_connection"": false, ""unit_c1"": 1, ""unit_c2"": 6}"
52,17,accuracy,0.8999999985098839,0.10000000149011612,0.07868349333333333,11802524.0,619490.0,-0.34639495304308127,9290.6021,"{""activation"": ""swish"", ""batch_size"": 32, ""data_augmentation"": true, ""dr_f"": 0.418513888805, ""learning_rate"": 0.000711351366, ""new_fc_1"": 21, ""new_fc_10"": 24, ""new_fc_2"": 19, ""new_fc_3"": 30, ""new_fc_4"": 19, ""new_fc_5"": 20, ""new_fc_6"": 8, ""new_fc_7"": 11, ""new_fc_8"": 24, ""new_fc_9"": 4, ""num_neurons"": 8, ""optimizer"": ""SGD"", ""reg_l2"": false, ""skip_connection"": false, ""unit_c1"": 1, ""unit_c2"": 5}"
53,17,flops,,,0.01337368,2006052.0,69210.0,,9291.2561,"{""activation"": ""elu"", ""batch_size"": 64, ""data_augmentation"": false, ""dr_f"": 0.104343522941, ""learning_rate"": 0.000721628475, ""new_fc_1"": 10, ""new_fc_10"": 5, ""new_fc_2"": 13, ""new_fc_3"": 18, ""new_fc_4"": 23, ""new_fc_5"": 19, ""new_fc_6"": 32, ""new_fc_7"": 12, ""new_fc_8"": 30, ""new_fc_9"": 28, ""num_neurons"": 4, ""optimizer"": ""Adamax"", ""reg_l2"": false, ""skip_connection"": false, ""unit_c1"": 2, ""unit_c2"": 1}"
54,17,flops,,,1.82104232,273156348.0,5936234.0,,9292.2441,"{""activation"": ""swish"", ""batch_size"": 8, ""data_augmentation"": true, ""dr_f"": 0.366474351109, ""learning_rate"": 0.000363769902, ""new_fc_1"": 18, ""new_fc_10"": 4, ""new_fc_2"": 9, ""new_fc_3"": 17, ""new_fc_4"": 30, ""new_fc_5"": 26, ""new_fc_6"": 1, ""new_fc_7"": 16, ""new_fc_8"": 19, ""new_fc_9"": 6, ""num_neurons"": 32, ""optimizer"": ""SGD"", ""reg_l2"": false, ""skip_connection"": true, ""unit_c1"": 3, ""unit_c2"": 3}"
55,17,flops,,,9.00094632,1350141948.0,17196234.0,,9293.7401,"{""activation"": ""elu"", ""batch_size"": 8, ""data_augmentation"": false, ""dr_f"": 0.442618779174, ""learning_rate"": 0.000933974209, ""new_fc_1"": 30, ""new_fc_10"": 13, ""new_fc_2"": 4, ""new_fc_3"": 1, ""new_fc_4"": 12, ""new_fc_5"": 15, ""new_fc_6"": 9, ""new_fc_7"": 24, ""new_fc_8"": 23, ""new_fc_9"": 24, ""num_neurons"": 64, ""optimizer"": ""Adam"", ""reg_l2"": true, ""skip_connection"": false, ""unit_c1"": 4, ""unit_c2"": 1}"
56,17,flops,,,4.80735784,721103676.0,17041258.0,,9295.4363,"{""activation"": ""selu"", ""batch_size"": 16, ""data_augmentation"": false, ""dr_f"": 0.070240127917, ""learning_rate"": 0.000528396994, ""new_fc_1"": 30, ""new_fc_10"": 31, ""new_fc_2"": 8, ""new_fc_3"": 30, ""new_fc_4"": 23, ""new_fc_5"": 13, ""new_fc_6"": 8, ""new_fc_7"": 4, ""new_fc_8"": 7, ""new_fc_9"": 18, ""num_neurons"": 32, ""optimizer"": ""Adagrad"", ""reg_l2"": true, ""skip_connection"": true, ""unit_c1"": 4, ""unit_c2"": 7}"
57,17,flops,,,1.2251304266666667,183769564.0,4908730.0,,9296.6624,"{""activation"": ""selu"", ""batch_size"": 16, ""data_augmentation"": true, ""dr_f"": 0.471603323017, ""learning_rate"": 0.000259012453, ""new_fc_1"": 29, ""new_fc_10"": 28, ""new_fc_2"": 15, ""new_fc_3"": 28, ""new_fc_4"": 0, ""new_fc_5"": 32, ""new_fc_6"": 32, ""new_fc_7"": 29, ""new_fc_8"": 17, ""new_fc_9"": 24, ""num_neurons"": 16, ""optimizer"": ""Adamax"", ""reg_l2"": true, ""skip_connection"": true, ""unit_c1"": 4, ""unit_c2"": 7}"
58,18,accuracy,0.3496999740600586,0.6503000259399414,0.01337368,2006052.0,69210.0,-0.751197914157959,9561.1417,"{""activation"": ""elu"", ""batch_size"": 64, ""data_augmentation"": false, ""dr_f"": 0.104343522941, ""learning_rate"": 0.000721628475, ""new_fc_1"": 10, ""new_fc_10"": 5, ""new_fc_2"": 13, ""new_fc_3"": 18, ""new_fc_4"": 23, ""new_fc_5"": 19, ""new_fc_6"": 32, ""new_fc_7"": 12, ""new_fc_8"": 30, ""new_fc_9"": 28, ""num_neurons"": 4, ""optimizer"": ""Adamax"", ""reg_l2"": false, ""skip_connection"": false, ""unit_c1"": 2, ""unit_c2"": 1}"
59,18,flops,,,15.852185146666667,2377827772.0,13169418.0,,9562.4174,"{""activation"": ""swish"", ""batch_size"": 8, ""data_augmentation"": true, ""dr_f"": 0.326979937929, ""learning_rate"": 0.000340858572, ""new_fc_1"": 3, ""new_fc_10"": 27, ""new_fc_2"": 29, ""new_fc_3"": 11, ""new_fc_4"": 22, ""new_fc_5"": 5, ""new_fc_6"": 0, ""new_fc_7"": 17, ""new_fc_8"": 0, ""new_fc_9"": 12, ""num_neurons"": 64, ""optimizer"": ""Adadelta"", ""reg_l2"": false, ""skip_connection"": false, ""unit_c1"": 4, ""unit_c2"": 6}"
60,19,accuracy,0.8067999929189682,0.1932000070810318,0.0068804,1032060.0,28918.0,-0.4331758849567222,9886.5184,"{""activation"": ""elu"", ""batch_size"": 32, ""data_augmentation"": true, ""dr_f"": 0.042156703597, ""learning_rate"": 0.000491240639, ""new_fc_1"": 3, ""new_fc_10"": 0, ""new_fc_2"": 3, ""new_fc_3"": 12, ""new_fc_4"": 15, ""new_fc_5"": 21, ""new_fc_6"": 3, ""new_fc_7"": 22, ""new_fc_8"": 22, ""new_fc_9"": 7, ""num_neurons"": 4, ""optimizer"": ""Adadelta"", ""reg_l2"": true, ""skip_connection"": false, ""unit_c1"": 1, ""unit_c2"": 2}"
61,19,flops,,,0.14010813333333333,21016220.0,343306.0,,9887.3091,"{""activation"": ""relu"", ""batch_size"": 8, ""data_augmentation"": true, ""dr_f"": 0.371851308668, ""learning_rate"": 0.00070970242, ""new_fc_1"": 2, ""new_fc_10"": 16, ""new_fc_2"": 8, ""new_fc_3"": 4, ""new_fc_4"": 5, ""new_fc_5"": 29, ""new_fc_6"": 11, ""new_fc_7"": 4, ""new_fc_8"": 18, ""new_fc_9"": 5, ""num_neurons"": 16, ""optimizer"": ""SGD"", ""reg_l2"": false, ""skip_connection"": true, ""unit_c1"": 1, ""unit_c2"": 3}"
62,20,accuracy,0.5830999910831451,0.41690000891685486,0.01561608,2342412.0,130342.0,-0.5871451822417983,10452.3563,"{""activation"": ""selu"", ""batch_size"": 32, ""data_augmentation"": true, ""dr_f"": 0.256400274434, ""learning_rate"": 0.000903798769, ""new_fc_1"": 18, ""new_fc_10"": 9, ""new_fc_2"": 13, ""new_fc_3"": 18, ""new_fc_4"": 26, ""new_fc_5"": 27, ""new_fc_6"": 12, ""new_fc_7"": 29, ""new_fc_8"": 23, ""new_fc_9"": 9, ""num_neurons"": 4, ""optimizer"": ""Adagrad"", ""reg_l2"": false, ""skip_connection"": true, ""unit_c1"": 1, ""unit_c2"": 4}"
63,20,flops,,,0.6472761333333333,97091420.0,2652026.0,,10453.2536,"{""activation"": ""swish"", ""batch_size"": 64, ""data_augmentation"": false, ""dr_f"": 0.287632010663, ""learning_rate"": 0.000560438944, ""new_fc_1"": 16, ""new_fc_10"": 28, ""new_fc_2"": 2, ""new_fc_3"": 24, ""new_fc_4"": 7, ""new_fc_5"": 10, ""new_fc_6"": 21, ""new_fc_7"": 16, ""new_fc_8"": 20, ""new_fc_9"": 6, ""num_neurons"": 16, ""optimizer"": ""Adadelta"", ""reg_l2"": true, ""skip_connection"": true, ""unit_c1"": 1, ""unit_c2"": 8}"
64,21,accuracy,0.8093000054359436,0.1906999945640564,0.02646912,3970368.0,170194.0,-0.42554926019483946,10657.4373,"{""activation"": ""elu"", ""batch_size"": 64, ""data_augmentation"": true, ""dr_f"": 0.410388408787, ""learning_rate"": 0.000697322078, ""new_fc_1"": 19, ""new_fc_10"": 26, ""new_fc_2"": 11, ""new_fc_3"": 23, ""new_fc_4"": 10, ""new_fc_5"": 23, ""new_fc_6"": 27, ""new_fc_7"": 29, ""new_fc_8"": 16, ""new_fc_9"": 1, ""num_neurons"": 4, ""optimizer"": ""Adagrad"", ""reg_l2"": false, ""skip_connection"": false, ""unit_c1"": 1, ""unit_c2"": 6}"
65,21,flops,,,0.5908319733333334,88624796.0,1123162.0,,10658.6143,"{""activation"": ""swish"", ""batch_size"": 16, ""data_augmentation"": false, ""dr_f"": 0.416552715556, ""learning_rate"": 0.000781141581, ""new_fc_1"": 28, ""new_fc_10"": 10, ""new_fc_2"": 13, ""new_fc_3"": 6, ""new_fc_4"": 26, ""new_fc_5"": 23, ""new_fc_6"": 14, ""new_fc_7"": 10, ""new_fc_8"": 29, ""new_fc_9"": 11, ""num_neurons"": 16, ""optimizer"": ""Adadelta"", ""reg_l2"": false, ""skip_connection"": true, ""unit_c1"": 4, ""unit_c2"": 1}"
66,21,flops,,,0.025600186666666667,3840028.0,105046.0,,10659.6914,"{""activation"": ""elu"", ""batch_size"": 64, ""data_augmentation"": false, ""dr_f"": 0.495786054757, ""learning_rate"": 0.000951257389, ""new_fc_1"": 6, ""new_fc_10"": 3, ""new_fc_2"": 32, ""new_fc_3"": 21, ""new_fc_4"": 28, ""new_fc_5"": 27, ""new_fc_6"": 21, ""new_fc_7"": 6, ""new_fc_8"": 25, ""new_fc_9"": 27, ""num_neurons"": 4, ""optimizer"": ""SGD"", ""reg_l2"": true, ""skip_connection"": false, ""unit_c1"": 1, ""unit_c2"": 6}"
67,21,flops,,,0.15611784,23417676.0,1758122.0,,10660.6061,"{""activation"": ""swish"", ""batch_size"": 16, ""data_augmentation"": true, ""dr_f"": 0.346406030999, ""learning_rate"": 0.000103099579, ""new_fc_1"": 23, ""new_fc_10"": 10, ""new_fc_2"": 25, ""new_fc_3"": 14, ""new_fc_4"": 19, ""new_fc_5"": 25, ""new_fc_6"": 8, ""new_fc_7"": 9, ""new_fc_8"": 3, ""new_fc_9"": 27, ""num_neurons"": 16, ""optimizer"": ""Adam"", ""reg_l2"": false, ""skip_connection"": false, ""unit_c1"": 1, ""unit_c2"": 3}"
68,21,flops,,,0.09103258666666666,13654888.0,212926.0,,10661.7525,"{""activation"": ""swish"", ""batch_size"": 16, ""data_augmentation"": false, ""dr_f"": 0.472227511983, ""learning_rate"": 0.000567226047, ""new_fc_1"": 20, ""new_fc_10"": 18, ""new_fc_2"": 2, ""new_fc_3"": 32, ""new_fc_4"": 3, ""new_fc_5"": 4, ""new_fc_6"": 32, ""new_fc_7"": 9, ""new_fc_8"": 17, ""new_fc_9"": 32, ""num_neurons"": 4, ""optimizer"": ""Adam"", ""reg_l2"": true, ""skip_connection"": true, ""unit_c1"": 4, ""unit_c2"": 8}"
69,21,flops,,,0.059883066666666665,8982460.0,377370.0,,10662.9269,"{""activation"": ""swish"", ""batch_size"": 8, ""data_augmentation"": true, ""dr_f"": 0.355201054339, ""learning_rate"": 0.000345958038, ""new_fc_1"": 10, ""new_fc_10"": 5, ""new_fc_2"": 17, ""new_fc_3"": 6, ""new_fc_4"": 12, ""new_fc_5"": 17, ""new_fc_6"": 6, ""new_fc_7"": 0, ""new_fc_8"": 17, ""new_fc_9"": 2, ""num_neurons"": 16, ""optimizer"": ""Adam"", ""reg_l2"": true, ""skip_connection"": true, ""unit_c1"": 1, ""unit_c2"": 1}"
70,22,accuracy,0.4787999987602234,0.5212000012397766,0.00530512,795768.0,42314.0,-0.6632484648678436,12727.2639,"{""activation"": ""relu"", ""batch_size"": 8, ""data_augmentation"": true, ""dr_f"": 0.086896604871, ""learning_rate"": 0.00096207554, ""new_fc_1"": 23, ""new_fc_10"": 19, ""new_fc_2"": 25, ""new_fc_3"": 3, ""new_fc_4"": 10, ""new_fc_5"": 2, ""new_fc_6"": 9, ""new_fc_7"": 1, ""new_fc_8"": 13, ""new_fc_9"": 10, ""num_neurons"": 4, ""optimizer"": ""Adamax"", ""reg_l2"": false, ""skip_connection"": true, ""unit_c1"": 1, ""unit_c2"": 1}"
71,22,flops,,,0.03077016,4615524.0,192762.0,,12728.0376,"{""activation"": ""selu"", ""batch_size"": 8, ""data_augmentation"": true, ""dr_f"": 0.064136833794, ""learning_rate"": 0.000111815617, ""new_fc_1"": 30, ""new_fc_10"": 17, ""new_fc_2"": 4, ""new_fc_3"": 17, ""new_fc_4"": 8, ""new_fc_5"": 27, ""new_fc_6"": 7, ""new_fc_7"": 22, ""new_fc_8"": 11, ""new_fc_9"": 31, ""num_neurons"": 4, ""optimizer"": ""Adam"", ""reg_l2"": false, ""skip_connection"": false, ""unit_c1"": 2, ""unit_c2"": 5}"
72,22,flops,,,1.57726376,236589564.0,22270858.0,,12729.8883,"{""activation"": ""relu"", ""batch_size"": 64, ""data_augmentation"": true, ""dr_f"": 0.222510570412, ""learning_rate"": 0.000987171746, ""new_fc_1"": 29, ""new_fc_10"": 9, ""new_fc_2"": 9, ""new_fc_3"": 25, ""new_fc_4"": 10, ""new_fc_5"": 1, ""new_fc_6"": 9, ""new_fc_7"": 25, ""new_fc_8"": 12, ""new_fc_9"": 18, ""num_neurons"": 64, ""optimizer"": ""SGD"", ""reg_l2"": true, ""skip_connection"": false, ""unit_c1"": 1, ""unit_c2"": 2}"
73,22,flops,,,0.04244426666666667,6366640.0,56746.0,,12730.7928,"{""activation"": ""swish"", ""batch_size"": 32, ""data_augmentation"": true, ""dr_f"": 0.378419407961, ""learning_rate"": 0.000475674544, ""new_fc_1"": 14, ""new_fc_10"": 5, ""new_fc_2"": 14, ""new_fc_3"": 5, ""new_fc_4"": 21, ""new_fc_5"": 26, ""new_fc_6"": 32, ""new_fc_7"": 1, ""new_fc_8"": 13, ""new_fc_9"": 32, ""num_neurons"": 4, ""optimizer"": ""Adamax"", ""reg_l2"": false, ""skip_connection"": true, ""unit_c1"": 4, ""unit_c2"": 1}"
74,22,flops,,,0.019307066666666668,2896060.0,70458.0,,12731.5415,"{""activation"": ""selu"", ""batch_size"": 16, ""data_augmentation"": true, ""dr_f"": 0.193817239396, ""learning_rate"": 0.00024769982, ""new_fc_1"": 11, ""new_fc_10"": 22, ""new_fc_2"": 10, ""new_fc_3"": 28, ""new_fc_4"": 7, ""new_fc_5"": 30, ""new_fc_6"": 15, ""new_fc_7"": 5, ""new_fc_8"": 16, ""new_fc_9"": 16, ""num_neurons"": 4, ""optimizer"": ""SGD"", ""reg_l2"": false, ""skip_connection"": false, ""unit_c1"": 2, ""unit_c2"": 3}"
75,23,accuracy,0.32899999618530273,0.6710000038146973,0.29158632,43737948.0,2143482.0,-0.6822241066702881,13776.2428,"{""activation"": ""selu"", ""batch_size"": 16, ""data_augmentation"": false, ""dr_f"": 0.12019575918, ""learning_rate"": 0.000160772676, ""new_fc_1"": 26, ""new_fc_10"": 3, ""new_fc_2"": 20, ""new_fc_3"": 28, ""new_fc_4"": 30, ""new_fc_5"": 16, ""new_fc_6"": 3, ""new_fc_7"": 21, ""new_fc_8"": 15, ""new_fc_9"": 20, ""num_neurons"": 16, ""optimizer"": ""SGD"", ""reg_l2"": false, ""skip_connection"": true, ""unit_c1"": 2, ""unit_c2"": 3}"
76,23,flops,,,0.01807016,2710524.0,236546.0,,13777.3154,"{""activation"": ""elu"", ""batch_size"": 32, ""data_augmentation"": false, ""dr_f"": 0.23341080418, ""learning_rate"": 0.000915362669, ""new_fc_1"": 0, ""new_fc_10"": 8, ""new_fc_2"": 27, ""new_fc_3"": 14, ""new_fc_4"": 10, ""new_fc_5"": 13, ""new_fc_6"": 16, ""new_fc_7"": 30, ""new_fc_8"": 6, ""new_fc_9"": 28, ""num_neurons"": 8, ""optimizer"": ""Adadelta"", ""reg_l2"": false, ""skip_connection"": false, ""unit_c1"": 1, ""unit_c2"": 1}"
77,23,flops,,,0.22877650666666666,34316476.0,2492858.0,,13778.1857,"{""activation"": ""swish"", ""batch_size"": 16, ""data_augmentation"": true, ""dr_f"": 0.269522483688, ""learning_rate"": 0.000635782435, ""new_fc_1"": 24, ""new_fc_10"": 17, ""new_fc_2"": 0, ""new_fc_3"": 15, ""new_fc_4"": 17, ""new_fc_5"": 31, ""new_fc_6"": 31, ""new_fc_7"": 22, ""new_fc_8"": 2, ""new_fc_9"": 29, ""num_neurons"": 16, ""optimizer"": ""Adam"", ""reg_l2"": false, ""skip_connection"": false, ""unit_c1"": 1, ""unit_c2"": 4}"
78,24,accuracy,0.8756000027060509,0.12439999729394913,0.005542746666666667,831412.0,60190.0,-0.38541717410576437,13923.2921,"{""activation"": ""relu"", ""batch_size"": 64, ""data_augmentation"": true, ""dr_f"": 0.180917432107, ""learning_rate"": 0.000365679172, ""new_fc_1"": 31, ""new_fc_10"": 30, ""new_fc_2"": 11, ""new_fc_3"": 8, ""new_fc_4"": 6, ""new_fc_5"": 1, ""new_fc_6"": 16, ""new_fc_7"": 4, ""new_fc_8"": 6, ""new_fc_9"": 29, ""num_neurons"": 4, ""optimizer"": ""Adadelta"", ""reg_l2"": false, ""skip_connection"": true, ""unit_c1"": 1, ""unit_c2"": 1}"
79,24,flops,,,0.046061946666666666,6909292.0,188074.0,,13924.3804,"{""activation"": ""elu"", ""batch_size"": 32, ""data_augmentation"": false, ""dr_f"": 0.238425870273, ""learning_rate"": 0.000927642084, ""new_fc_1"": 0, ""new_fc_10"": 15, ""new_fc_2"": 12, ""new_fc_3"": 29, ""new_fc_4"": 5, ""new_fc_5"": 29, ""new_fc_6"": 14, ""new_fc_7"": 18, ""new_fc_8"": 13, ""new_fc_9"": 19, ""num_neurons"": 8, ""optimizer"": ""Adamax"", ""reg_l2"": false, ""skip_connection"": false, ""unit_c1"": 2, ""unit_c2"": 1}"
80,24,flops,,,0.21453618666666666,32180428.0,933690.0,,13925.2571,"{""activation"": ""swish"", ""batch_size"": 16, ""data_augmentation"": false, ""dr_f"": 0.446646408895, ""learning_rate"": 0.000555668905, ""new_fc_1"": 9, ""new_fc_10"": 7, ""new_fc_2"": 14, ""new_fc_3"": 23, ""new_fc_4"": 20, ""new_fc_5"": 32, ""new_fc_6"": 11, ""new_fc_7"": 25, ""new_fc_8"": 2, ""new_fc_9"": 16, ""num_neurons"": 16, ""optimizer"": ""Adadelta"", ""reg_l2"": true, ""skip_connection"": false, ""unit_c1"": 2, ""unit_c2"": 2}"
81,24,flops,,,0.34277821333333336,51416732.0,553898.0,,13926.094,"{""activation"": ""relu"", ""batch_size"": 16, ""data_augmentation"": true, ""dr_f"": 0.421994422893, ""learning_rate"": 0.000480820837, ""new_fc_1"": 2, ""new_fc_10"": 1, ""new_fc_2"": 17, ""new_fc_3"": 27, ""new_fc_4"": 2, ""new_fc_5"": 12, ""new_fc_6"": 18, ""new_fc_7"": 29, ""new_fc_8"": 2, ""new_fc_9"": 4, ""num_neurons"": 16, ""optimizer"": ""SGD"", ""reg_l2"": true, ""skip_connection"": true, ""unit_c1"": 2, ""unit_c2"": 4}"
82,24,flops,,,0.87792488,131688732.0,2063642.0,,13927.2105,"{""activation"": ""relu"", ""batch_size"": 16, ""data_augmentation"": false, ""dr_f"": 0.424320718795, ""learning_rate"": 0.00011943398, ""new_fc_1"": 14, ""new_fc_10"": 21, ""new_fc_2"": 1, ""new_fc_3"": 4, ""new_fc_4"": 12, ""new_fc_5"": 0, ""new_fc_6"": 20, ""new_fc_7"": 10, ""new_fc_8"": 7, ""new_fc_9"": 17, ""num_neurons"": 16, ""optimizer"": ""Adamax"", ""reg_l2"": true, ""skip_connection"": false, ""unit_c1"": 3, ""unit_c2"": 7}"
83,24,flops,,,14.270430693333333,2140564604.0,44256202.0,,13930.0658,"{""activation"": ""selu"", ""batch_size"": 32, ""data_augmentation"": true, ""dr_f"": 0.229882796155, ""learning_rate"": 0.000528510605, ""new_fc_1"": 15, ""new_fc_10"": 25, ""new_fc_2"": 10, ""new_fc_3"": 13, ""new_fc_4"": 24, ""new_fc_5"": 24, ""new_fc_6"": 5, ""new_fc_7"": 16, ""new_fc_8"": 29, ""new_fc_9"": 28, ""num_neurons"": 64, ""optimizer"": ""Adamax"", ""reg_l2"": false, ""skip_connection"": true, ""unit_c1"": 3, ""unit_c2"": 7}"
84,25,accuracy,0.8817000016570091,0.11829999834299088,0.07505453333333334,11258180.0,594034.0,-0.3602936388400936,14254.2202,"{""activation"": ""relu"", ""batch_size"": 32, ""data_augmentation"": false, ""dr_f"": 0.440957702345, ""learning_rate"": 0.00022109229, ""new_fc_1"": 30, ""new_fc_10"": 30, ""new_fc_2"": 25, ""new_fc_3"": 4, ""new_fc_4"": 18, ""new_fc_5"": 11, ""new_fc_6"": 18, ""new_fc_7"": 22, ""new_fc_8"": 23, ""new_fc_9"": 20, ""num_neurons"": 8, ""optimizer"": ""Adadelta"", ""reg_l2"": false, ""skip_connection"": false, ""unit_c1"": 2, ""unit_c2"": 3}"
85,25,flops,,,0.44925309333333335,67387964.0,488666.0,,1.4215,"{""activation"": ""relu"", ""batch_size"": 64, ""data_augmentation"": true, ""dr_f"": 0.225148427184, ""learning_rate"": 0.000414654803, ""new_fc_1"": 5, ""new_fc_10"": 24, ""new_fc_2"": 19, ""new_fc_3"": 7, ""new_fc_4"": 13, ""new_fc_5"": 3, ""new_fc_6"": 7, ""new_fc_7"": 12, ""new_fc_8"": 0, ""new_fc_9"": 6, ""num_neurons"": 16, ""optimizer"": ""SGD"", ""reg_l2"": false, ""skip_connection"": false, ""unit_c1"": 3, ""unit_c2"": 3}"
86,25,flops,,,2.54671848,382007772.0,5572522.0,,2.9014,"{""activation"": ""relu"", ""batch_size"": 64, ""data_augmentation"": true, ""dr_f"": 0.338964546154, ""learning_rate"": 0.00010739634, ""new_fc_1"": 27, ""new_fc_10"": 9, ""new_fc_2"": 2, ""new_fc_3"": 22, ""new_fc_4"": 10, ""new_fc_5"": 16, ""new_fc_6"": 19, ""new_fc_7"": 15, ""new_fc_8"": 14, ""new_fc_9"": 19, ""num_neurons"": 32, ""optimizer"": ""SGD"", ""reg_l2"": true, ""skip_connection"": true, ""unit_c1"": 4, ""unit_c2"": 2}"
87,25,flops,,,0.9206630133333333,138099452.0,3004362.0,,3.753,"{""activation"": ""selu"", ""batch_size"": 32, ""data_augmentation"": true, ""dr_f"": 0.15986469573, ""learning_rate"": 0.000822193271, ""new_fc_1"": 27, ""new_fc_10"": 19, ""new_fc_2"": 8, ""new_fc_3"": 26, ""new_fc_4"": 29, ""new_fc_5"": 17, ""new_fc_6"": 10, ""new_fc_7"": 21, ""new_fc_8"": 13, ""new_fc_9"": 6, ""num_neurons"": 16, ""optimizer"": ""SGD"", ""reg_l2"": true, ""skip_connection"": false, ""unit_c1"": 4, ""unit_c2"": 5}"
88,25,flops,,,2.589599546666667,388439932.0,8789642.0,,5.0184,"{""activation"": ""relu"", ""batch_size"": 64, ""data_augmentation"": false, ""dr_f"": 0.417226295538, ""learning_rate"": 0.000606647346, ""new_fc_1"": 13, ""new_fc_10"": 20, ""new_fc_2"": 6, ""new_fc_3"": 0, ""new_fc_4"": 8, ""new_fc_5"": 3, ""new_fc_6"": 21, ""new_fc_7"": 9, ""new_fc_8"": 29, ""new_fc_9"": 0, ""num_neurons"": 64, ""optimizer"": ""Adamax"", ""reg_l2"": false, ""skip_connection"": true, ""unit_c1"": 2, ""unit_c2"": 1}"
89,25,flops,,,0.04232522666666667,6348784.0,47866.0,,5.8598,"{""activation"": ""swish"", ""batch_size"": 8, ""data_augmentation"": true, ""dr_f"": 0.408631418537, ""learning_rate"": 0.000442153646, ""new_fc_1"": 13, ""new_fc_10"": 0, ""new_fc_2"": 14, ""new_fc_3"": 20, ""new_fc_4"": 12, ""new_fc_5"": 26, ""new_fc_6"": 11, ""new_fc_7"": 14, ""new_fc_8"": 14, ""new_fc_9"": 15, ""num_neurons"": 4, ""optimizer"": ""Adadelta"", ""reg_l2"": true, ""skip_connection"": true, ""unit_c1"": 4, ""unit_c2"": 1}"
90,26,accuracy,0.8683000057935715,0.13169999420642853,0.05662565333333333,8493848.0,175054.0,-0.37520229994449994,330.7245,"{""activation"": ""relu"", ""batch_size"": 64, ""data_augmentation"": true, ""dr_f"": 0.188402462154, ""learning_rate"": 0.000854639636, ""new_fc_1"": 0, ""new_fc_10"": 1, ""new_fc_2"": 32, ""new_fc_3"": 0, ""new_fc_4"": 2, ""new_fc_5"": 30, ""new_fc_6"": 25, ""new_fc_7"": 29, ""new_fc_8"": 15, ""new_fc_9"": 13, ""num_neurons"": 4, ""optimizer"": ""SGD"", ""reg_l2"": false, ""skip_connection"": true, ""unit_c1"": 4, ""unit_c2"": 4}"
91,26,flops,,,0.6528296266666667,97924444.0,2819930.0,,331.8694,"{""activation"": ""selu"", ""batch_size"": 32, ""data_augmentation"": true, ""dr_f"": 0.058565198806, ""learning_rate"": 0.000106406376, ""new_fc_1"": 26, ""new_fc_10"": 27, ""new_fc_2"": 19, ""new_fc_3"": 12, ""new_fc_4"": 29, ""new_fc_5"": 10, ""new_fc_6"": 13, ""new_fc_7"": 10, ""new_fc_8"": 31, ""new_fc_9"": 5, ""num_neurons"": 16, ""optimizer"": ""SGD"", ""reg_l2"": true, ""skip_connection"": false, ""unit_c1"": 3, ""unit_c2"": 5}"
92,26,flops,,,0.08193784,12290676.0,777330.0,,332.6786,"{""activation"": ""relu"", ""batch_size"": 16, ""data_augmentation"": true, ""dr_f"": 0.249943397578, ""learning_rate"": 0.000937864427, ""new_fc_1"": 28, ""new_fc_10"": 1, ""new_fc_2"": 18, ""new_fc_3"": 3, ""new_fc_4"": 29, ""new_fc_5"": 32, ""new_fc_6"": 16, ""new_fc_7"": 31, ""new_fc_8"": 6, ""new_fc_9"": 15, ""num_neurons"": 8, ""optimizer"": ""SGD"", ""reg_l2"": true, ""skip_connection"": true, ""unit_c1"": 1, ""unit_c2"": 5}"
93,26,flops,,,0.27258808,40888212.0,717778.0,,333.8638,"{""activation"": ""elu"", ""batch_size"": 16, ""data_augmentation"": true, ""dr_f"": 0.216458194621, ""learning_rate"": 0.000838456308, ""new_fc_1"": 23, ""new_fc_10"": 28, ""new_fc_2"": 25, ""new_fc_3"": 3, ""new_fc_4"": 1, ""new_fc_5"": 29, ""new_fc_6"": 8, ""new_fc_7"": 16, ""new_fc_8"": 14, ""new_fc_9"": 8, ""num_neurons"": 8, ""optimizer"": ""Adagrad"", ""reg_l2"": true, ""skip_connection"": true, ""unit_c1"": 4, ""unit_c2"": 6}"
94,26,flops,,,0.5336025333333333,80040380.0,4254074.0,,334.7113,"{""activation"": ""elu"", ""batch_size"": 32, ""data_augmentation"": false, ""dr_f"": 0.200499862087, ""learning_rate"": 0.000231888105, ""new_fc_1"": 31, ""new_fc_10"": 6, ""new_fc_2"": 17, ""new_fc_3"": 19, ""new_fc_4"": 3, ""new_fc_5"": 17, ""new_fc_6"": 30, ""new_fc_7"": 20, ""new_fc_8"": 1, ""new_fc_9"": 16, ""num_neurons"": 16, ""optimizer"": ""Adamax"", ""reg_l2"": false, ""skip_connection"": false, ""unit_c1"": 1, ""unit_c2"": 7}"
95,26,flops,,,0.15157906666666668,22736860.0,270602.0,,335.7277,"{""activation"": ""relu"", ""batch_size"": 64, ""data_augmentation"": true, ""dr_f"": 0.040281043024, ""learning_rate"": 0.000941456025, ""new_fc_1"": 30, ""new_fc_10"": 9, ""new_fc_2"": 26, ""new_fc_3"": 24, ""new_fc_4"": 9, ""new_fc_5"": 16, ""new_fc_6"": 3, ""new_fc_7"": 6, ""new_fc_8"": 14, ""new_fc_9"": 7, ""num_neurons"": 8, ""optimizer"": ""Adam"", ""reg_l2"": true, ""skip_connection"": false, ""unit_c1"": 4, ""unit_c2"": 1}"
96,27,accuracy,0.3230000138282776,0.6769999861717224,0.8327020533333334,124905308.0,4907658.0,-0.5240893743202056,2161.7074,"{""activation"": ""swish"", ""batch_size"": 8, ""data_augmentation"": true, ""dr_f"": 0.457240828137, ""learning_rate"": 0.000303502953, ""new_fc_1"": 6, ""new_fc_10"": 2, ""new_fc_2"": 12, ""new_fc_3"": 25, ""new_fc_4"": 30, ""new_fc_5"": 28, ""new_fc_6"": 18, ""new_fc_7"": 20, ""new_fc_8"": 9, ""new_fc_9"": 5, ""num_neurons"": 32, ""optimizer"": ""Adamax"", ""reg_l2"": false, ""skip_connection"": false, ""unit_c1"": 1, ""unit_c2"": 4}"
97,27,flops,,,2.0759588,311393820.0,13648778.0,,2162.9626,"{""activation"": ""elu"", ""batch_size"": 64, ""data_augmentation"": false, ""dr_f"": 0.205683611557, ""learning_rate"": 0.000870150366, ""new_fc_1"": 22, ""new_fc_10"": 3, ""new_fc_2"": 5, ""new_fc_3"": 12, ""new_fc_4"": 31, ""new_fc_5"": 28, ""new_fc_6"": 21, ""new_fc_7"": 21, ""new_fc_8"": 9, ""new_fc_9"": 27, ""num_neurons"": 32, ""optimizer"": ""SGD"", ""reg_l2"": true, ""skip_connection"": false, ""unit_c1"": 1, ""unit_c2"": 7}"
98,27,flops,,,0.07942418666666666,11913628.0,675378.0,,2163.7697,"{""activation"": ""swish"", ""batch_size"": 16, ""data_augmentation"": false, ""dr_f"": 0.379594715763, ""learning_rate"": 0.000929442225, ""new_fc_1"": 30, ""new_fc_10"": 0, ""new_fc_2"": 8, ""new_fc_3"": 7, ""new_fc_4"": 6, ""new_fc_5"": 17, ""new_fc_6"": 9, ""new_fc_7"": 3, ""new_fc_8"": 1, ""new_fc_9"": 15, ""num_neurons"": 8, ""optimizer"": ""Adadelta"", ""reg_l2"": false, ""skip_connection"": false, ""unit_c1"": 1, ""unit_c2"": 5}"
99,28,accuracy,0.6037999987602234,0.3962000012397766,0.01807016,2710524.0,236546.0,-0.5719189528678437,2728.2813,"{""activation"": ""elu"", ""batch_size"": 32, ""data_augmentation"": false, ""dr_f"": 0.23341080418, ""learning_rate"": 0.000915362669, ""new_fc_1"": 0, ""new_fc_10"": 8, ""new_fc_2"": 27, ""new_fc_3"": 14, ""new_fc_4"": 10, ""new_fc_5"": 13, ""new_fc_6"": 16, ""new_fc_7"": 30, ""new_fc_8"": 6, ""new_fc_9"": 28, ""num_neurons"": 8, ""optimizer"": ""Adadelta"", ""reg_l2"": false, ""skip_connection"": false, ""unit_c1"": 1, ""unit_c2"": 1}"
100,28,flops,,,0.10278077333333334,15417116.0,556434.0,,2729.0222,"{""activation"": ""relu"", ""batch_size"": 64, ""data_augmentation"": false, ""dr_f"": 0.490760737953, ""learning_rate"": 0.000241009414, ""new_fc_1"": 16, ""new_fc_10"": 0, ""new_fc_2"": 2, ""new_fc_3"": 14, ""new_fc_4"": 28, ""new_fc_5"": 21, ""new_fc_6"": 8, ""new_fc_7"": 20, ""new_fc_8"": 28, ""new_fc_9"": 7, ""num_neurons"": 8, ""optimizer"": ""Adamax"", ""reg_l2"": false, ""skip_connection"": true, ""unit_c1"": 1, ""unit_c2"": 6}"
101,28,flops,,,0.5323332,79849980.0,838522.0,,2730.0907,"{""activation"": ""selu"", ""batch_size"": 32, ""data_augmentation"": false, ""dr_f"": 0.095940454681, ""learning_rate"": 0.000358297558, ""new_fc_1"": 8, ""new_fc_10"": 18, ""new_fc_2"": 3, ""new_fc_3"": 2, ""new_fc_4"": 28, ""new_fc_5"": 1, ""new_fc_6"": 24, ""new_fc_7"": 18, ""new_fc_8"": 6, ""new_fc_9"": 8, ""num_neurons"": 16, ""optimizer"": ""SGD"", ""reg_l2"": false, ""skip_connection"": false, ""unit_c1"": 3, ""unit_c2"": 4}"
102,28,flops,,,0.53862216,80793324.0,1310314.0,,2730.8846,"{""activation"": ""relu"", ""batch_size"": 64, ""data_augmentation"": false, ""dr_f"": 0.038733888583, ""learning_rate"": 0.000336220326, ""new_fc_1"": 13, ""new_fc_10"": 18, ""new_fc_2"": 16, ""new_fc_3"": 14, ""new_fc_4"": 14, ""new_fc_5"": 13, ""new_fc_6"": 12, ""new_fc_7"": 13, ""new_fc_8"": 14, ""new_fc_9"": 4, ""num_neurons"": 16, ""optimizer"": ""SGD"", ""reg_l2"": false, ""skip_connection"": false, ""unit_c1"": 3, ""unit_c2"": 4}"
103,28,flops,,,0.01467032,2200548.0,42462.0,,2731.6874,"{""activation"": ""swish"", ""batch_size"": 64, ""data_augmentation"": false, ""dr_f"": 0.315359002483, ""learning_rate"": 0.000837469532, ""new_fc_1"": 4, ""new_fc_10"": 1, ""new_fc_2"": 2, ""new_fc_3"": 0, ""new_fc_4"": 1, ""new_fc_5"": 16, ""new_fc_6"": 28, ""new_fc_7"": 14, ""new_fc_8"": 25, ""new_fc_9"": 7, ""num_neurons"": 4, ""optimizer"": ""Adamax"", ""reg_l2"": true, ""skip_connection"": true, ""unit_c1"": 1, ""unit_c2"": 4}"
104,28,flops,,,0.12248989333333334,18373484.0,430162.0,,2732.4562,"{""activation"": ""elu"", ""batch_size"": 16, ""data_augmentation"": false, ""dr_f"": 0.373524027157, ""learning_rate"": 0.000979576344, ""new_fc_1"": 20, ""new_fc_10"": 23, ""new_fc_2"": 25, ""new_fc_3"": 11, ""new_fc_4"": 0, ""new_fc_5"": 18, ""new_fc_6"": 29, ""new_fc_7"": 5, ""new_fc_8"": 19, ""new_fc_9"": 20, ""num_neurons"": 8, ""optimizer"": ""Adamax"", ""reg_l2"": false, ""skip_connection"": true, ""unit_c1"": 3, ""unit_c2"": 3}"
105,29,accuracy,0.3360000252723694,0.6639999747276306,0.03077016,4615524.0,192762.0,-0.7555689343093414,4317.3823,"{""activation"": ""selu"", ""batch_size"": 8, ""data_augmentation"": true, ""dr_f"": 0.064136833794, ""learning_rate"": 0.000111815617, ""new_fc_1"": 30, ""new_fc_10"": 17, ""new_fc_2"": 4, ""new_fc_3"": 17, ""new_fc_4"": 8, ""new_fc_5"": 27, ""new_fc_6"": 7, ""new_fc_7"": 22, ""new_fc_8"": 11, ""new_fc_9"": 31, ""num_neurons"": 4, ""optimizer"": ""Adam"", ""reg_l2"": false, ""skip_connection"": false, ""unit_c1"": 2, ""unit_c2"": 5}"
106,29,flops,,,0.265878,39881700.0,988586.0,,4318.5055,"{""activation"": ""selu"", ""batch_size"": 32, ""data_augmentation"": true, ""dr_f"": 0.059094810249, ""learning_rate"": 0.000893976808, ""new_fc_1"": 24, ""new_fc_10"": 4, ""new_fc_2"": 15, ""new_fc_3"": 31, ""new_fc_4"": 19, ""new_fc_5"": 0, ""new_fc_6"": 7, ""new_fc_7"": 10, ""new_fc_8"": 28, ""new_fc_9"": 11, ""num_neurons"": 8, ""optimizer"": ""Adadelta"", ""reg_l2"": true, ""skip_connection"": false, ""unit_c1"": 3, ""unit_c2"": 8}"
107,29,flops,,,0.10127821333333334,15191732.0,443610.0,,4319.3245,"{""activation"": ""elu"", ""batch_size"": 32, ""data_augmentation"": true, ""dr_f"": 0.456013650107, ""learning_rate"": 0.000410420992, ""new_fc_1"": 14, ""new_fc_10"": 0, ""new_fc_2"": 3, ""new_fc_3"": 13, ""new_fc_4"": 12, ""new_fc_5"": 7, ""new_fc_6"": 29, ""new_fc_7"": 12, ""new_fc_8"": 13, ""new_fc_9"": 8, ""num_neurons"": 8, ""optimizer"": ""Adagrad"", ""reg_l2"": false, ""skip_connection"": true, ""unit_c1"": 1, ""unit_c2"": 6}"
108,29,flops,,,0.40106578666666665,60159868.0,985050.0,,4320.4393,"{""activation"": ""relu"", ""batch_size"": 32, ""data_augmentation"": true, ""dr_f"": 0.036970051362, ""learning_rate"": 0.000938581498, ""new_fc_1"": 12, ""new_fc_10"": 8, ""new_fc_2"": 22, ""new_fc_3"": 15, ""new_fc_4"": 5, ""new_fc_5"": 0, ""new_fc_6"": 28, ""new_fc_7"": 14, ""new_fc_8"": 17, ""new_fc_9"": 27, ""num_neurons"": 16, ""optimizer"": ""Adagrad"", ""reg_l2"": false, ""skip_connection"": true, ""unit_c1"": 3, ""unit_c2"": 2}"
109,29,flops,,,14.524932666666666,2178739900.0,55385482.0,,4323.5826,"{""activation"": ""elu"", ""batch_size"": 16, ""data_augmentation"": false, ""dr_f"": 0.293204140347, ""learning_rate"": 0.000896747258, ""new_fc_1"": 32, ""new_fc_10"": 13, ""new_fc_2"": 26, ""new_fc_3"": 2, ""new_fc_4"": 32, ""new_fc_5"": 22, ""new_fc_6"": 2, ""new_fc_7"": 31, ""new_fc_8"": 0, ""new_fc_9"": 22, ""num_neurons"": 64, ""optimizer"": ""Adamax"", ""reg_l2"": true, ""skip_connection"": false, ""unit_c1"": 4, ""unit_c2"": 5}"
110,29,flops,,,0.46362632,69543948.0,1567626.0,,4324.4302,"{""activation"": ""elu"", ""batch_size"": 64, ""data_augmentation"": true, ""dr_f"": 0.261941071838, ""learning_rate"": 0.00093500822, ""new_fc_1"": 10, ""new_fc_10"": 29, ""new_fc_2"": 24, ""new_fc_3"": 30, ""new_fc_4"": 23, ""new_fc_5"": 32, ""new_fc_6"": 28, ""new_fc_7"": 8, ""new_fc_8"": 30, ""new_fc_9"": 3, ""num_neurons"": 16, ""optimizer"": ""Adadelta"", ""reg_l2"": false, ""skip_connection"": false, ""unit_c1"": 3, ""unit_c2"": 3}"
111,30,accuracy,0.41430002450942993,0.5856999754905701,0.265878,39881700.0,988586.0,-0.630226582843399,5008.7806,"{""activation"": ""selu"", ""batch_size"": 32, ""data_augmentation"": true, ""dr_f"": 0.059094810249, ""learning_rate"": 0.000893976808, ""new_fc_1"": 24, ""new_fc_10"": 4, ""new_fc_2"": 15, ""new_fc_3"": 31, ""new_fc_4"": 19, ""new_fc_5"": 0, ""new_fc_6"": 7, ""new_fc_7"": 10, ""new_fc_8"": 28, ""new_fc_9"": 11, ""num_neurons"": 8, ""optimizer"": ""Adadelta"", ""reg_l2"": true, ""skip_connection"": false, ""unit_c1"": 3, ""unit_c2"": 8}"
112,30,flops,,,0.38927592,58391388.0,4711946.0,,5009.6809,"{""activation"": ""relu"", ""batch_size"": 32, ""data_augmentation"": true, ""dr_f"": 0.331227863859, ""learning_rate"": 0.000546208029, ""new_fc_1"": 23, ""new_fc_10"": 1, ""new_fc_2"": 30, ""new_fc_3"": 20, ""new_fc_4"": 2, ""new_fc_5"": 25, ""new_fc_6"": 4, ""new_fc_7"": 3, ""new_fc_8"": 24, ""new_fc_9"": 1, ""num_neurons"": 32, ""optimizer"": ""Adadelta"", ""reg_l2"": true, ""skip_connection"": false, ""unit_c1"": 1, ""unit_c2"": 2}"
113,30,flops,,,0.46608328,69912492.0,3198762.0,,5010.721,"{""activation"": ""relu"", ""batch_size"": 32, ""data_augmentation"": true, ""dr_f"": 0.250621311451, ""learning_rate"": 0.000394125948, ""new_fc_1"": 30, ""new_fc_10"": 15, ""new_fc_2"": 1, ""new_fc_3"": 5, ""new_fc_4"": 7, ""new_fc_5"": 31, ""new_fc_6"": 25, ""new_fc_7"": 20, ""new_fc_8"": 28, ""new_fc_9"": 9, ""num_neurons"": 16, ""optimizer"": ""SGD"", ""reg_l2"": true, ""skip_connection"": true, ""unit_c1"": 2, ""unit_c2"": 5}"
114,30,flops,,,0.56775656,85163484.0,3046762.0,,5011.91,"{""activation"": ""selu"", ""batch_size"": 64, ""data_augmentation"": true, ""dr_f"": 0.496242667348, ""learning_rate"": 0.000886181393, ""new_fc_1"": 4, ""new_fc_10"": 14, ""new_fc_2"": 16, ""new_fc_3"": 17, ""new_fc_4"": 29, ""new_fc_5"": 16, ""new_fc_6"": 6, ""new_fc_7"": 30, ""new_fc_8"": 15, ""new_fc_9"": 2, ""num_neurons"": 32, ""optimizer"": ""Adadelta"", ""reg_l2"": false, ""skip_connection"": true, ""unit_c1"": 1, ""unit_c2"": 3}"
115,30,flops,,,0.9372529866666667,140587948.0,4918074.0,,5013.1423,"{""activation"": ""elu"", ""batch_size"": 32, ""data_augmentation"": true, ""dr_f"": 0.252217184421, ""learning_rate"": 0.000210607537, ""new_fc_1"": 31, ""new_fc_10"": 6, ""new_fc_2"": 29, ""new_fc_3"": 31, ""new_fc_4"": 30, ""new_fc_5"": 0, ""new_fc_6"": 31, ""new_fc_7"": 22, ""new_fc_8"": 9, ""new_fc_9"": 2, ""num_neurons"": 16, ""optimizer"": ""Adagrad"", ""reg_l2"": true, ""skip_connection"": true, ""unit_c1"": 3, ""unit_c2"": 7}"
116,30,flops,,,0.20551485333333333,30827228.0,748634.0,,5014.5521,"{""activation"": ""swish"", ""batch_size"": 64, ""data_augmentation"": false, ""dr_f"": 0.196096157294, ""learning_rate"": 0.000304112796, ""new_fc_1"": 4, ""new_fc_10"": 15, ""new_fc_2"": 14, ""new_fc_3"": 26, ""new_fc_4"": 6, ""new_fc_5"": 7, ""new_fc_6"": 21, ""new_fc_7"": 5, ""new_fc_8"": 13, ""new_fc_9"": 27, ""num_neurons"": 16, ""optimizer"": ""Adagrad"", ""reg_l2"": false, ""skip_connection"": false, ""unit_c1"": 1, ""unit_c2"": 4}"
117,31,accuracy,0.5295000076293945,0.47049999237060547,0.019307066666666668,2896060.0,70458.0,-0.6235578746594238,5939.2328,"{""activation"": ""selu"", ""batch_size"": 16, ""data_augmentation"": true, ""dr_f"": 0.193817239396, ""learning_rate"": 0.00024769982, ""new_fc_1"": 11, ""new_fc_10"": 22, ""new_fc_2"": 10, ""new_fc_3"": 28, ""new_fc_4"": 7, ""new_fc_5"": 30, ""new_fc_6"": 15, ""new_fc_7"": 5, ""new_fc_8"": 16, ""new_fc_9"": 16, ""num_neurons"": 4, ""optimizer"": ""SGD"", ""reg_l2"": false, ""skip_connection"": false, ""unit_c1"": 2, ""unit_c2"": 3}"
118,32,accuracy,0.6195999979972839,0.38040000200271606,0.04244426666666667,6366640.0,56746.0,-0.5535467214019012,6624.2235,"{""activation"": ""swish"", ""batch_size"": 32, ""data_augmentation"": true, ""dr_f"": 0.378419407961, ""learning_rate"": 0.000475674544, ""new_fc_1"": 14, ""new_fc_10"": 5, ""new_fc_2"": 14, ""new_fc_3"": 5, ""new_fc_4"": 21, ""new_fc_5"": 26, ""new_fc_6"": 32, ""new_fc_7"": 1, ""new_fc_8"": 13, ""new_fc_9"": 32, ""num_neurons"": 4, ""optimizer"": ""Adamax"", ""reg_l2"": false, ""skip_connection"": true, ""unit_c1"": 4, ""unit_c2"": 1}"
119,32,flops,,,0.35081554666666664,52622332.0,1344218.0,,6624.9868,"{""activation"": ""relu"", ""batch_size"": 8, ""data_augmentation"": false, ""dr_f"": 0.112801879524, ""learning_rate"": 0.000106740518, ""new_fc_1"": 19, ""new_fc_10"": 4, ""new_fc_2"": 32, ""new_fc_3"": 19, ""new_fc_4"": 28, ""new_fc_5"": 8, ""new_fc_6"": 24, ""new_fc_7"": 31, ""new_fc_8"": 17, ""new_fc_9"": 22, ""num_neurons"": 16, ""optimizer"": ""Adamax"", ""reg_l2"": false, ""skip_connection"": false, ""unit_c1"": 3, ""unit_c2"": 1}"
120,32,flops,,,0.10793389333333334,16190084.0,359002.0,,6626.1098,"{""activation"": ""swish"", ""batch_size"": 32, ""data_augmentation"": false, ""dr_f"": 0.458869400921, ""learning_rate"": 0.000650617109, ""new_fc_1"": 25, ""new_fc_10"": 9, ""new_fc_2"": 22, ""new_fc_3"": 23, ""new_fc_4"": 3, ""new_fc_5"": 6, ""new_fc_6"": 17, ""new_fc_7"": 25, ""new_fc_8"": 15, ""new_fc_9"": 6, ""num_neurons"": 8, ""optimizer"": ""Adamax"", ""reg_l2"": false, ""skip_connection"": true, ""unit_c1"": 3, ""unit_c2"": 2}"
121,32,flops,,,0.0154928,2323920.0,120986.0,,6627.2641,"{""activation"": ""relu"", ""batch_size"": 64, ""data_augmentation"": true, ""dr_f"": 0.0574560218, ""learning_rate"": 0.000569131934, ""new_fc_1"": 24, ""new_fc_10"": 17, ""new_fc_2"": 8, ""new_fc_3"": 8, ""new_fc_4"": 1, ""new_fc_5"": 25, ""new_fc_6"": 11, ""new_fc_7"": 11, ""new_fc_8"": 15, ""new_fc_9"": 9, ""num_neurons"": 4, ""optimizer"": ""Adam"", ""reg_l2"": false, ""skip_connection"": true, ""unit_c1"": 1, ""unit_c2"": 4}"
122,32,flops,,,0.0822892,12343380.0,803698.0,,6628.0277,"{""activation"": ""elu"", ""batch_size"": 64, ""data_augmentation"": false, ""dr_f"": 0.340664888596, ""learning_rate"": 0.000481927428, ""new_fc_1"": 30, ""new_fc_10"": 19, ""new_fc_2"": 11, ""new_fc_3"": 14, ""new_fc_4"": 7, ""new_fc_5"": 23, ""new_fc_6"": 10, ""new_fc_7"": 31, ""new_fc_8"": 28, ""new_fc_9"": 10, ""num_neurons"": 8, ""optimizer"": ""SGD"", ""reg_l2"": false, ""skip_connection"": true, ""unit_c1"": 1, ""unit_c2"": 5}"
123,33,accuracy,0.32489997148513794,0.6751000285148621,0.5323332,79849980.0,838522.0,-0.6128700599604034,7312.5876,"{""activation"": ""selu"", ""batch_size"": 32, ""data_augmentation"": false, ""dr_f"": 0.095940454681, ""learning_rate"": 0.000358297558, ""new_fc_1"": 8, ""new_fc_10"": 18, ""new_fc_2"": 3, ""new_fc_3"": 2, ""new_fc_4"": 28, ""new_fc_5"": 1, ""new_fc_6"": 24, ""new_fc_7"": 18, ""new_fc_8"": 6, ""new_fc_9"": 8, ""num_neurons"": 16, ""optimizer"": ""SGD"", ""reg_l2"": false, ""skip_connection"": false, ""unit_c1"": 3, ""unit_c2"": 4}"
124,33,flops,,,0.0791188,11867820.0,565898.0,,7314.002,"{""activation"": ""selu"", ""batch_size"": 32, ""data_augmentation"": false, ""dr_f"": 0.373044057266, ""learning_rate"": 0.000150102974, ""new_fc_1"": 17, ""new_fc_10"": 3, ""new_fc_2"": 26, ""new_fc_3"": 15, ""new_fc_4"": 20, ""new_fc_5"": 28, ""new_fc_6"": 15, ""new_fc_7"": 17, ""new_fc_8"": 32, ""new_fc_9"": 5, ""num_neurons"": 8, ""optimizer"": ""Adamax"", ""reg_l2"": true, ""skip_connection"": true, ""unit_c1"": 1, ""unit_c2"": 5}"
125,33,flops,,,1.0757817333333333,161367260.0,4526394.0,,7315.2068,"{""activation"": ""elu"", ""batch_size"": 64, ""data_augmentation"": false, ""dr_f"": 0.411137201593, ""learning_rate"": 0.000495413516, ""new_fc_1"": 27, ""new_fc_10"": 21, ""new_fc_2"": 30, ""new_fc_3"": 4, ""new_fc_4"": 26, ""new_fc_5"": 30, ""new_fc_6"": 22, ""new_fc_7"": 3, ""new_fc_8"": 29, ""new_fc_9"": 6, ""num_neurons"": 16, ""optimizer"": ""Adadelta"", ""reg_l2"": false, ""skip_connection"": true, ""unit_c1"": 3, ""unit_c2"": 8}"
126,33,flops,,,0.18738498666666667,28107748.0,267002.0,,7316.0332,"{""activation"": ""selu"", ""batch_size"": 32, ""data_augmentation"": false, ""dr_f"": 0.296032193814, ""learning_rate"": 0.000685940328, ""new_fc_1"": 11, ""new_fc_10"": 30, ""new_fc_2"": 9, ""new_fc_3"": 18, ""new_fc_4"": 6, ""new_fc_5"": 31, ""new_fc_6"": 10, ""new_fc_7"": 20, ""new_fc_8"": 17, ""new_fc_9"": 5, ""num_neurons"": 8, ""optimizer"": ""SGD"", ""reg_l2"": true, ""skip_connection"": true, ""unit_c1"": 4, ""unit_c2"": 3}"
127,33,flops,,,0.0589988,8849820.0,353690.0,,7316.8156,"{""activation"": ""relu"", ""batch_size"": 64, ""data_augmentation"": false, ""dr_f"": 0.31670668361, ""learning_rate"": 0.000596084797, ""new_fc_1"": 3, ""new_fc_10"": 24, ""new_fc_2"": 22, ""new_fc_3"": 19, ""new_fc_4"": 5, ""new_fc_5"": 8, ""new_fc_6"": 9, ""new_fc_7"": 4, ""new_fc_8"": 15, ""new_fc_9"": 9, ""num_neurons"": 16, ""optimizer"": ""Adagrad"", ""reg_l2"": false, ""skip_connection"": true, ""unit_c1"": 1, ""unit_c2"": 1}"
128,34,accuracy,0.29089999198913574,0.7091000080108643,0.27407837333333335,41111756.0,830058.0,-0.714146493607605,7881.1493,"{""activation"": ""selu"", ""batch_size"": 32, ""data_augmentation"": false, ""dr_f"": 0.338563032178, ""learning_rate"": 0.000795440226, ""new_fc_1"": 6, ""new_fc_10"": 0, ""new_fc_2"": 31, ""new_fc_3"": 13, ""new_fc_4"": 27, ""new_fc_5"": 9, ""new_fc_6"": 2, ""new_fc_7"": 10, ""new_fc_8"": 32, ""new_fc_9"": 11, ""num_neurons"": 16, ""optimizer"": ""Adam"", ""reg_l2"": false, ""skip_connection"": true, ""unit_c1"": 2, ""unit_c2"": 3}"
129,34,flops,,,0.04200312,6300468.0,468754.0,,7881.9254,"{""activation"": ""elu"", ""batch_size"": 64, ""data_augmentation"": false, ""dr_f"": 0.10789091998, ""learning_rate"": 0.000929941046, ""new_fc_1"": 28, ""new_fc_10"": 16, ""new_fc_2"": 15, ""new_fc_3"": 21, ""new_fc_4"": 2, ""new_fc_5"": 10, ""new_fc_6"": 19, ""new_fc_7"": 22, ""new_fc_8"": 0, ""new_fc_9"": 10, ""num_neurons"": 8, ""optimizer"": ""Adam"", ""reg_l2"": true, ""skip_connection"": true, ""unit_c1"": 1, ""unit_c2"": 3}"
130,34,flops,,,0.89723336,134585004.0,1246650.0,,7883.023,"{""activation"": ""elu"", ""batch_size"": 16, ""data_augmentation"": true, ""dr_f"": 0.091671866689, ""learning_rate"": 0.000760258865, ""new_fc_1"": 0, ""new_fc_10"": 25, ""new_fc_2"": 10, ""new_fc_3"": 12, ""new_fc_4"": 28, ""new_fc_5"": 2, ""new_fc_6"": 3, ""new_fc_7"": 12, ""new_fc_8"": 13, ""new_fc_9"": 10, ""num_neurons"": 16, ""optimizer"": ""Adadelta"", ""reg_l2"": false, ""skip_connection"": false, ""unit_c1"": 4, ""unit_c2"": 5}"
131,34,flops,,,0.13767858666666666,20651788.0,1096154.0,,7884.1923,"{""activation"": ""elu"", ""batch_size"": 64, ""data_augmentation"": true, ""dr_f"": 0.090236763501, ""learning_rate"": 0.000260929841, ""new_fc_1"": 30, ""new_fc_10"": 3, ""new_fc_2"": 22, ""new_fc_3"": 24, ""new_fc_4"": 27, ""new_fc_5"": 16, ""new_fc_6"": 22, ""new_fc_7"": 21, ""new_fc_8"": 1, ""new_fc_9"": 8, ""num_neurons"": 8, ""optimizer"": ""Adadelta"", ""reg_l2"": true, ""skip_connection"": true, ""unit_c1"": 1, ""unit_c2"": 7}"
132,35,accuracy,0.8999999985098839,0.10000000149011612,0.01467032,2200548.0,42462.0,-0.3655989050430813,8029.3293,"{""activation"": ""swish"", ""batch_size"": 64, ""data_augmentation"": false, ""dr_f"": 0.315359002483, ""learning_rate"": 0.000837469532, ""new_fc_1"": 4, ""new_fc_10"": 1, ""new_fc_2"": 2, ""new_fc_3"": 0, ""new_fc_4"": 1, ""new_fc_5"": 16, ""new_fc_6"": 28, ""new_fc_7"": 14, ""new_fc_8"": 25, ""new_fc_9"": 7, ""num_neurons"": 4, ""optimizer"": ""Adamax"", ""reg_l2"": true, ""skip_connection"": true, ""unit_c1"": 1, ""unit_c2"": 4}"
133,35,flops,,,0.8495272266666667,127429084.0,5314090.0,,8030.2717,"{""activation"": ""elu"", ""batch_size"": 64, ""data_augmentation"": true, ""dr_f"": 0.481030771333, ""learning_rate"": 0.000561341756, ""new_fc_1"": 27, ""new_fc_10"": 25, ""new_fc_2"": 6, ""new_fc_3"": 9, ""new_fc_4"": 30, ""new_fc_5"": 10, ""new_fc_6"": 23, ""new_fc_7"": 1, ""new_fc_8"": 0, ""new_fc_9"": 22, ""num_neurons"": 32, ""optimizer"": ""SGD"", ""reg_l2"": false, ""skip_connection"": false, ""unit_c1"": 2, ""unit_c2"": 2}"
134,36,accuracy,0.3982999920845032,0.6017000079154968,0.0154928,2323920.0,120986.0,-0.7165421655408477,8234.6901,"{""activation"": ""relu"", ""batch_size"": 64, ""data_augmentation"": true, ""dr_f"": 0.0574560218, ""learning_rate"": 0.000569131934, ""new_fc_1"": 24, ""new_fc_10"": 17, ""new_fc_2"": 8, ""new_fc_3"": 8, ""new_fc_4"": 1, ""new_fc_5"": 25, ""new_fc_6"": 11, ""new_fc_7"": 11, ""new_fc_8"": 15, ""new_fc_9"": 9, ""num_neurons"": 4, ""optimizer"": ""Adam"", ""reg_l2"": false, ""skip_connection"": true, ""unit_c1"": 1, ""unit_c2"": 4}"
135,36,flops,,,0.02875632,4313448.0,111178.0,,8235.7963,"{""activation"": ""selu"", ""batch_size"": 64, ""data_augmentation"": false, ""dr_f"": 0.363561770542, ""learning_rate"": 0.000161662886, ""new_fc_1"": 22, ""new_fc_10"": 3, ""new_fc_2"": 23, ""new_fc_3"": 17, ""new_fc_4"": 13, ""new_fc_5"": 25, ""new_fc_6"": 23, ""new_fc_7"": 25, ""new_fc_8"": 26, ""new_fc_9"": 22, ""num_neurons"": 4, ""optimizer"": ""Adagrad"", ""reg_l2"": true, ""skip_connection"": false, ""unit_c1"": 3, ""unit_c2"": 2}"
136,36,flops,,,8.88551336,1332827004.0,47321802.0,,8238.7743,"{""activation"": ""elu"", ""batch_size"": 16, ""data_augmentation"": true, ""dr_f"": 0.143594697501, ""learning_rate"": 0.000613948231, ""new_fc_1"": 22, ""new_fc_10"": 15, ""new_fc_2"": 22, ""new_fc_3"": 17, ""new_fc_4"": 9, ""new_fc_5"": 12, ""new_fc_6"": 20, ""new_fc_7"": 0, ""new_fc_8"": 24, ""new_fc_9"": 20, ""num_neurons"": 64, ""optimizer"": ""SGD"", ""reg_l2"": true, ""skip_connection"": true, ""unit_c1"": 2, ""unit_c2"": 6}"
137,37,accuracy,0.875399999320507,0.12460000067949295,0.07942418666666666,11913628.0,675378.0,-0.36339274447564507,8623.4407,"{""activation"": ""swish"", ""batch_size"": 16, ""data_augmentation"": false, ""dr_f"": 0.379594715763, ""learning_rate"": 0.000929442225, ""new_fc_1"": 30, ""new_fc_10"": 0, ""new_fc_2"": 8, ""new_fc_3"": 7, ""new_fc_4"": 6, ""new_fc_5"": 17, ""new_fc_6"": 9, ""new_fc_7"": 3, ""new_fc_8"": 1, ""new_fc_9"": 15, ""num_neurons"": 8, ""optimizer"": ""Adadelta"", ""reg_l2"": false, ""skip_connection"": false, ""unit_c1"": 1, ""unit_c2"": 5}"
138,37,flops,,,0.026122426666666667,3918364.0,180210.0,,8624.2682,"{""activation"": ""elu"", ""batch_size"": 64, ""data_augmentation"": true, ""dr_f"": 0.142516269108, ""learning_rate"": 0.000468903834, ""new_fc_1"": 28, ""new_fc_10"": 2, ""new_fc_2"": 18, ""new_fc_3"": 31, ""new_fc_4"": 22, ""new_fc_5"": 16, ""new_fc_6"": 22, ""new_fc_7"": 28, ""new_fc_8"": 24, ""new_fc_9"": 1, ""num_neurons"": 4, ""optimizer"": ""Adamax"", ""reg_l2"": false, ""skip_connection"": true, ""unit_c1"": 2, ""unit_c2"": 4}"
139,38,accuracy,0.5800000131130219,0.41999998688697815,0.0822892,12343380.0,803698.0,-0.5693132308208847,9008.8454,"{""activation"": ""elu"", ""batch_size"": 64, ""data_augmentation"": false, ""dr_f"": 0.340664888596, ""learning_rate"": 0.000481927428, ""new_fc_1"": 30, ""new_fc_10"": 19, ""new_fc_2"": 11, ""new_fc_3"": 14, ""new_fc_4"": 7, ""new_fc_5"": 23, ""new_fc_6"": 10, ""new_fc_7"": 31, ""new_fc_8"": 28, ""new_fc_9"": 10, ""num_neurons"": 8, ""optimizer"": ""SGD"", ""reg_l2"": false, ""skip_connection"": true, ""unit_c1"": 1, ""unit_c2"": 5}"
140,38,flops,,,1.2260345333333333,183905180.0,9553642.0,,9010.2849,"{""activation"": ""relu"", ""batch_size"": 32, ""data_augmentation"": true, ""dr_f"": 0.486882825772, ""learning_rate"": 0.000268467861, ""new_fc_1"": 20, ""new_fc_10"": 18, ""new_fc_2"": 10, ""new_fc_3"": 28, ""new_fc_4"": 17, ""new_fc_5"": 19, ""new_fc_6"": 5, ""new_fc_7"": 20, ""new_fc_8"": 31, ""new_fc_9"": 11, ""num_neurons"": 32, ""optimizer"": ""Adagrad"", ""reg_l2"": false, ""skip_connection"": true, ""unit_c1"": 1, ""unit_c2"": 5}"
141,38,flops,,,0.04048648,6072972.0,325066.0,,9011.1881,"{""activation"": ""swish"", ""batch_size"": 8, ""data_augmentation"": true, ""dr_f"": 0.169615746293, ""learning_rate"": 0.000665941115, ""new_fc_1"": 11, ""new_fc_10"": 20, ""new_fc_2"": 4, ""new_fc_3"": 22, ""new_fc_4"": 31, ""new_fc_5"": 12, ""new_fc_6"": 16, ""new_fc_7"": 1, ""new_fc_8"": 29, ""new_fc_9"": 28, ""num_neurons"": 8, ""optimizer"": ""Adagrad"", ""reg_l2"": true, ""skip_connection"": true, ""unit_c1"": 1, ""unit_c2"": 3}"
142,38,flops,,,2.3062470133333335,345937052.0,6630122.0,,9012.5021,"{""activation"": ""elu"", ""batch_size"": 32, ""data_augmentation"": true, ""dr_f"": 0.045379484021, ""learning_rate"": 0.000490133312, ""new_fc_1"": 29, ""new_fc_10"": 29, ""new_fc_2"": 22, ""new_fc_3"": 3, ""new_fc_4"": 13, ""new_fc_5"": 21, ""new_fc_6"": 27, ""new_fc_7"": 20, ""new_fc_8"": 32, ""new_fc_9"": 27, ""num_neurons"": 32, ""optimizer"": ""Adamax"", ""reg_l2"": true, ""skip_connection"": false, ""unit_c1"": 4, ""unit_c2"": 1}"
143,38,flops,,,21.0107332,3151609980.0,27728458.0,,9014.6558,"{""activation"": ""selu"", ""batch_size"": 8, ""data_augmentation"": true, ""dr_f"": 0.232885874019, ""learning_rate"": 0.000257775692, ""new_fc_1"": 7, ""new_fc_10"": 18, ""new_fc_2"": 31, ""new_fc_3"": 24, ""new_fc_4"": 29, ""new_fc_5"": 2, ""new_fc_6"": 8, ""new_fc_7"": 10, ""new_fc_8"": 21, ""new_fc_9"": 3, ""num_neurons"": 64, ""optimizer"": ""SGD"", ""reg_l2"": true, ""skip_connection"": true, ""unit_c1"": 4, ""unit_c2"": 8}"
144,38,flops,,,0.04674112,7011168.0,262346.0,,9015.4918,"{""activation"": ""elu"", ""batch_size"": 8, ""data_augmentation"": true, ""dr_f"": 0.315083690829, ""learning_rate"": 0.000235389219, ""new_fc_1"": 31, ""new_fc_10"": 22, ""new_fc_2"": 8, ""new_fc_3"": 27, ""new_fc_4"": 10, ""new_fc_5"": 9, ""new_fc_6"": 18, ""new_fc_7"": 1, ""new_fc_8"": 14, ""new_fc_9"": 21, ""num_neurons"": 4, ""optimizer"": ""Adagrad"", ""reg_l2"": true, ""skip_connection"": true, ""unit_c1"": 2, ""unit_c2"": 7}"
145,39,accuracy,0.4164000153541565,0.5835999846458435,0.89723336,134585004.0,1246650.0,-0.43934998125209046,10300.2146,"{""activation"": ""elu"", ""batch_size"": 16, ""data_augmentation"": true, ""dr_f"": 0.091671866689, ""learning_rate"": 0.000760258865, ""new_fc_1"": 0, ""new_fc_10"": 25, ""new_fc_2"": 10, ""new_fc_3"": 12, ""new_fc_4"": 28, ""new_fc_5"": 2, ""new_fc_6"": 3, ""new_fc_7"": 12, ""new_fc_8"": 13, ""new_fc_9"": 10, ""num_neurons"": 16, ""optimizer"": ""Adadelta"", ""reg_l2"": false, ""skip_connection"": false, ""unit_c1"": 4, ""unit_c2"": 5}"
146,40,accuracy,0.8613999933004379,0.13860000669956207,0.025600186666666667,3840028.0,105046.0,-0.38933994868969346,10445.3642,"{""activation"": ""elu"", ""batch_size"": 64, ""data_augmentation"": false, ""dr_f"": 0.495786054757, ""learning_rate"": 0.000951257389, ""new_fc_1"": 6, ""new_fc_10"": 3, ""new_fc_2"": 32, ""new_fc_3"": 21, ""new_fc_4"": 28, ""new_fc_5"": 27, ""new_fc_6"": 21, ""new_fc_7"": 6, ""new_fc_8"": 25, ""new_fc_9"": 27, ""num_neurons"": 4, ""optimizer"": ""SGD"", ""reg_l2"": true, ""skip_connection"": false, ""unit_c1"": 1, ""unit_c2"": 6}"
147,40,flops,,,0.10598898666666667,15898348.0,1589738.0,,10446.2601,"{""activation"": ""relu"", ""batch_size"": 64, ""data_augmentation"": true, ""dr_f"": 0.207629994834, ""learning_rate"": 0.000625047035, ""new_fc_1"": 27, ""new_fc_10"": 11, ""new_fc_2"": 24, ""new_fc_3"": 13, ""new_fc_4"": 28, ""new_fc_5"": 17, ""new_fc_6"": 11, ""new_fc_7"": 11, ""new_fc_8"": 25, ""new_fc_9"": 8, ""num_neurons"": 16, ""optimizer"": ""Adam"", ""reg_l2"": true, ""skip_connection"": false, ""unit_c1"": 1, ""unit_c2"": 2}"
148,40,flops,,,0.04094901333333333,6142352.0,62870.0,,10446.9908,"{""activation"": ""selu"", ""batch_size"": 16, ""data_augmentation"": false, ""dr_f"": 0.23316132769, ""learning_rate"": 0.000577649711, ""new_fc_1"": 20, ""new_fc_10"": 8, ""new_fc_2"": 0, ""new_fc_3"": 27, ""new_fc_4"": 13, ""new_fc_5"": 6, ""new_fc_6"": 31, ""new_fc_7"": 19, ""new_fc_8"": 11, ""new_fc_9"": 22, ""num_neurons"": 4, ""optimizer"": ""Adadelta"", ""reg_l2"": true, ""skip_connection"": false, ""unit_c1"": 4, ""unit_c2"": 1}"
149,41,accuracy,10000000000.0,,1.0757817333333333,161367260.0,4526394.0,10000000000.0,10448.2307,"{""activation"": ""elu"", ""batch_size"": 64, ""data_augmentation"": false, ""dr_f"": 0.411137201593, ""learning_rate"": 0.000495413516, ""new_fc_1"": 27, ""new_fc_10"": 21, ""new_fc_2"": 30, ""new_fc_3"": 4, ""new_fc_4"": 26, ""new_fc_5"": 30, ""new_fc_6"": 22, ""new_fc_7"": 3, ""new_fc_8"": 29, ""new_fc_9"": 6, ""num_neurons"": 16, ""optimizer"": ""Adadelta"", ""reg_l2"": false, ""skip_connection"": true, ""unit_c1"": 3, ""unit_c2"": 8}"
150,41,flops,,,0.20779517333333333,31169276.0,376890.0,,10449.4032,"{""activation"": ""elu"", ""batch_size"": 16, ""data_augmentation"": true, ""dr_f"": 0.219385741875, ""learning_rate"": 0.000769516567, ""new_fc_1"": 13, ""new_fc_10"": 19, ""new_fc_2"": 23, ""new_fc_3"": 22, ""new_fc_4"": 24, ""new_fc_5"": 7, ""new_fc_6"": 1, ""new_fc_7"": 28, ""new_fc_8"": 9, ""new_fc_9"": 10, ""num_neurons"": 8, ""optimizer"": ""Adagrad"", ""reg_l2"": true, ""skip_connection"": true, ""unit_c1"": 4, ""unit_c2"": 4}"
151,41,flops,,,0.042845546666666665,6426832.0,268474.0,,10450.2216,"{""activation"": ""swish"", ""batch_size"": 64, ""data_augmentation"": false, ""dr_f"": 0.164261025524, ""learning_rate"": 0.000678609054, ""new_fc_1"": 27, ""new_fc_10"": 28, ""new_fc_2"": 3, ""new_fc_3"": 18, ""new_fc_4"": 0, ""new_fc_5"": 31, ""new_fc_6"": 8, ""new_fc_7"": 32, ""new_fc_8"": 24, ""new_fc_9"": 4, ""num_neurons"": 4, ""optimizer"": ""Adagrad"", ""reg_l2"": false, ""skip_connection"": false, ""unit_c1"": 1, ""unit_c2"": 8}"
152,41,flops,,,0.12534008,18801012.0,580938.0,,10451.406,"{""activation"": ""swish"", ""batch_size"": 8, ""data_augmentation"": true, ""dr_f"": 0.267245568954, ""learning_rate"": 0.000811953261, ""new_fc_1"": 25, ""new_fc_10"": 31, ""new_fc_2"": 20, ""new_fc_3"": 32, ""new_fc_4"": 32, ""new_fc_5"": 25, ""new_fc_6"": 7, ""new_fc_7"": 26, ""new_fc_8"": 9, ""new_fc_9"": 10, ""num_neurons"": 8, ""optimizer"": ""Adam"", ""reg_l2"": false, ""skip_connection"": true, ""unit_c1"": 3, ""unit_c2"": 3}"
153,41,flops,,,18.159213626666666,2723882044.0,27097866.0,,10453.3441,"{""activation"": ""relu"", ""batch_size"": 8, ""data_augmentation"": true, ""dr_f"": 0.09386664153, ""learning_rate"": 0.000848163666, ""new_fc_1"": 6, ""new_fc_10"": 23, ""new_fc_2"": 23, ""new_fc_3"": 27, ""new_fc_4"": 27, ""new_fc_5"": 5, ""new_fc_6"": 31, ""new_fc_7"": 4, ""new_fc_8"": 30, ""new_fc_9"": 20, ""num_neurons"": 64, ""optimizer"": ""Adam"", ""reg_l2"": true, ""skip_connection"": false, ""unit_c1"": 4, ""unit_c2"": 7}"
154,41,flops,,,3.17837352,476756028.0,8550090.0,,10454.3393,"{""activation"": ""relu"", ""batch_size"": 32, ""data_augmentation"": false, ""dr_f"": 0.338597355481, ""learning_rate"": 0.000973439257, ""new_fc_1"": 23, ""new_fc_10"": 23, ""new_fc_2"": 9, ""new_fc_3"": 32, ""new_fc_4"": 1, ""new_fc_5"": 25, ""new_fc_6"": 11, ""new_fc_7"": 16, ""new_fc_8"": 30, ""new_fc_9"": 10, ""num_neurons"": 32, ""optimizer"": ""SGD"", ""reg_l2"": false, ""skip_connection"": false, ""unit_c1"": 4, ""unit_c2"": 4}"
155,42,accuracy,0.8936000019311905,0.10639999806880951,0.15158344,22737516.0,1478058.0,-0.3290049666481666,10838.7306,"{""activation"": ""relu"", ""batch_size"": 32, ""data_augmentation"": false, ""dr_f"": 0.35844234178, ""learning_rate"": 0.000349384428, ""new_fc_1"": 16, ""new_fc_10"": 22, ""new_fc_2"": 19, ""new_fc_3"": 6, ""new_fc_4"": 28, ""new_fc_5"": 1, ""new_fc_6"": 8, ""new_fc_7"": 16, ""new_fc_8"": 26, ""new_fc_9"": 29, ""num_neurons"": 16, ""optimizer"": ""Adadelta"", ""reg_l2"": true, ""skip_connection"": false, ""unit_c1"": 1, ""unit_c2"": 3}"
156,42,flops,,,1.0499727733333333,157495916.0,2424138.0,,10839.958,"{""activation"": ""swish"", ""batch_size"": 16, ""data_augmentation"": false, ""dr_f"": 0.092628776721, ""learning_rate"": 0.000650210877, ""new_fc_1"": 13, ""new_fc_10"": 4, ""new_fc_2"": 31, ""new_fc_3"": 19, ""new_fc_4"": 2, ""new_fc_5"": 2, ""new_fc_6"": 31, ""new_fc_7"": 17, ""new_fc_8"": 5, ""new_fc_9"": 21, ""num_neurons"": 16, ""optimizer"": ""Adadelta"", ""reg_l2"": false, ""skip_connection"": true, ""unit_c1"": 3, ""unit_c2"": 8}"
157,42,flops,,,12.094780133333334,1814217020.0,34659658.0,,10842.4217,"{""activation"": ""selu"", ""batch_size"": 8, ""data_augmentation"": false, ""dr_f"": 0.216676227869, ""learning_rate"": 0.000258391508, ""new_fc_1"": 18, ""new_fc_10"": 26, ""new_fc_2"": 2, ""new_fc_3"": 15, ""new_fc_4"": 15, ""new_fc_5"": 7, ""new_fc_6"": 11, ""new_fc_7"": 5, ""new_fc_8"": 17, ""new_fc_9"": 8, ""num_neurons"": 64, ""optimizer"": ""Adadelta"", ""reg_l2"": false, ""skip_connection"": true, ""unit_c1"": 3, ""unit_c2"": 6}"
158,42,flops,,,0.07046029333333333,10569044.0,323862.0,,10843.3219,"{""activation"": ""swish"", ""batch_size"": 32, ""data_augmentation"": true, ""dr_f"": 0.195091112553, ""learning_rate"": 0.000625655758, ""new_fc_1"": 31, ""new_fc_10"": 31, ""new_fc_2"": 15, ""new_fc_3"": 24, ""new_fc_4"": 10, ""new_fc_5"": 27, ""new_fc_6"": 3, ""new_fc_7"": 27, ""new_fc_8"": 26, ""new_fc_9"": 20, ""num_neurons"": 4, ""optimizer"": ""Adagrad"", ""reg_l2"": true, ""skip_connection"": false, ""unit_c1"": 3, ""unit_c2"": 8}"
159,43,accuracy,0.7454000115394592,0.25459998846054077,0.004972773333333333,745916.0,34222.0,-0.4767281599223785,11167.4802,"{""activation"": ""selu"", ""batch_size"": 64, ""data_augmentation"": true, ""dr_f"": 0.03733126696, ""learning_rate"": 0.000288922073, ""new_fc_1"": 18, ""new_fc_10"": 15, ""new_fc_2"": 13, ""new_fc_3"": 0, ""new_fc_4"": 12, ""new_fc_5"": 6, ""new_fc_6"": 3, ""new_fc_7"": 9, ""new_fc_8"": 0, ""new_fc_9"": 16, ""num_neurons"": 4, ""optimizer"": ""Adadelta"", ""reg_l2"": false, ""skip_connection"": false, ""unit_c1"": 1, ""unit_c2"": 1}"
160,43,flops,,,0.056426,8463900.0,185738.0,,11168.2903,"{""activation"": ""swish"", ""batch_size"": 8, ""data_augmentation"": false, ""dr_f"": 0.124182050643, ""learning_rate"": 0.00033126145, ""new_fc_1"": 2, ""new_fc_10"": 9, ""new_fc_2"": 0, ""new_fc_3"": 26, ""new_fc_4"": 16, ""new_fc_5"": 20, ""new_fc_6"": 7, ""new_fc_7"": 19, ""new_fc_8"": 26, ""new_fc_9"": 27, ""num_neurons"": 8, ""optimizer"": ""Adadelta"", ""reg_l2"": true, ""skip_connection"": false, ""unit_c1"": 2, ""unit_c2"": 2}"
161,43,flops,,,3.1476569333333333,472148540.0,5706122.0,,11169.2507,"{""activation"": ""relu"", ""batch_size"": 8, ""data_augmentation"": false, ""dr_f"": 0.268415852576, ""learning_rate"": 0.00085403545, ""new_fc_1"": 7, ""new_fc_10"": 24, ""new_fc_2"": 13, ""new_fc_3"": 0, ""new_fc_4"": 28, ""new_fc_5"": 10, ""new_fc_6"": 10, ""new_fc_7"": 30, ""new_fc_8"": 30, ""new_fc_9"": 24, ""num_neurons"": 32, ""optimizer"": ""Adamax"", ""reg_l2"": false, ""skip_connection"": true, ""unit_c1"": 4, ""unit_c2"": 4}"
162,44,accuracy,0.8914000019431114,0.10859999805688858,0.02875632,4313448.0,111178.0,-0.367393102639822,11314.2714,"{""activation"": ""selu"", ""batch_size"": 64, ""data_augmentation"": false, ""dr_f"": 0.363561770542, ""learning_rate"": 0.000161662886, ""new_fc_1"": 22, ""new_fc_10"": 3, ""new_fc_2"": 23, ""new_fc_3"": 17, ""new_fc_4"": 13, ""new_fc_5"": 25, ""new_fc_6"": 23, ""new_fc_7"": 25, ""new_fc_8"": 26, ""new_fc_9"": 22, ""num_neurons"": 4, ""optimizer"": ""Adagrad"", ""reg_l2"": true, ""skip_connection"": false, ""unit_c1"": 3, ""unit_c2"": 2}"
163,45,accuracy,0.8727000057697296,0.12729999423027039,0.042845546666666665,6426832.0,268474.0,-0.37625633196118924,11518.7363,"{""activation"": ""swish"", ""batch_size"": 64, ""data_augmentation"": false, ""dr_f"": 0.164261025524, ""learning_rate"": 0.000678609054, ""new_fc_1"": 27, ""new_fc_10"": 28, ""new_fc_2"": 3, ""new_fc_3"": 18, ""new_fc_4"": 0, ""new_fc_5"": 31, ""new_fc_6"": 8, ""new_fc_7"": 32, ""new_fc_8"": 24, ""new_fc_9"": 4, ""num_neurons"": 4, ""optimizer"": ""Adagrad"", ""reg_l2"": false, ""skip_connection"": false, ""unit_c1"": 1, ""unit_c2"": 8}"
164,45,flops,,,2.007325413333333,301098812.0,8315626.0,,11519.8806,"{""activation"": ""swish"", ""batch_size"": 64, ""data_augmentation"": true, ""dr_f"": 0.370880464887, ""learning_rate"": 0.000588215192, ""new_fc_1"": 11, ""new_fc_10"": 14, ""new_fc_2"": 14, ""new_fc_3"": 26, ""new_fc_4"": 20, ""new_fc_5"": 3, ""new_fc_6"": 5, ""new_fc_7"": 8, ""new_fc_8"": 30, ""new_fc_9"": 29, ""num_neurons"": 32, ""optimizer"": ""Adagrad"", ""reg_l2"": false, ""skip_connection"": false, ""unit_c1"": 1, ""unit_c2"": 7}"
165,45,flops,,,0.01583328,2374992.0,146594.0,,11520.7723,"{""activation"": ""elu"", ""batch_size"": 64, ""data_augmentation"": true, ""dr_f"": 0.100333313664, ""learning_rate"": 0.000445239391, ""new_fc_1"": 24, ""new_fc_10"": 6, ""new_fc_2"": 21, ""new_fc_3"": 31, ""new_fc_4"": 0, ""new_fc_5"": 29, ""new_fc_6"": 10, ""new_fc_7"": 11, ""new_fc_8"": 3, ""new_fc_9"": 30, ""num_neurons"": 4, ""optimizer"": ""Adagrad"", ""reg_l2"": true, ""skip_connection"": true, ""unit_c1"": 1, ""unit_c2"": 4}"
166,46,accuracy,0.2692999839782715,0.7307000160217285,0.046061946666666666,6909292.0,188074.0,-0.79767142721521,12085.2399,"{""activation"": ""elu"", ""batch_size"": 32, ""data_augmentation"": false, ""dr_f"": 0.238425870273, ""learning_rate"": 0.000927642084, ""new_fc_1"": 0, ""new_fc_10"": 15, ""new_fc_2"": 12, ""new_fc_3"": 29, ""new_fc_4"": 5, ""new_fc_5"": 29, ""new_fc_6"": 14, ""new_fc_7"": 18, ""new_fc_8"": 13, ""new_fc_9"": 19, ""num_neurons"": 8, ""optimizer"": ""Adamax"", ""reg_l2"": false, ""skip_connection"": false, ""unit_c1"": 2, ""unit_c2"": 1}"
167,46,flops,,,0.04905581333333333,7358372.0,274250.0,,12086.3787,"{""activation"": ""swish"", ""batch_size"": 64, ""data_augmentation"": false, ""dr_f"": 0.137784120792, ""learning_rate"": 0.000233871423, ""new_fc_1"": 14, ""new_fc_10"": 0, ""new_fc_2"": 7, ""new_fc_3"": 19, ""new_fc_4"": 24, ""new_fc_5"": 23, ""new_fc_6"": 32, ""new_fc_7"": 26, ""new_fc_8"": 8, ""new_fc_9"": 30, ""num_neurons"": 8, ""optimizer"": ""SGD"", ""reg_l2"": true, ""skip_connection"": true, ""unit_c1"": 2, ""unit_c2"": 1}"
168,46,flops,,,0.28919101333333336,43378652.0,1963930.0,,12087.2377,"{""activation"": ""selu"", ""batch_size"": 64, ""data_augmentation"": false, ""dr_f"": 0.415574201713, ""learning_rate"": 0.000925075331, ""new_fc_1"": 23, ""new_fc_10"": 14, ""new_fc_2"": 8, ""new_fc_3"": 23, ""new_fc_4"": 28, ""new_fc_5"": 9, ""new_fc_6"": 21, ""new_fc_7"": 25, ""new_fc_8"": 11, ""new_fc_9"": 32, ""num_neurons"": 16, ""optimizer"": ""SGD"", ""reg_l2"": true, ""skip_connection"": true, ""unit_c1"": 2, ""unit_c2"": 3}"
169,46,flops,,,0.05627,8440500.0,216114.0,,12088.1023,"{""activation"": ""relu"", ""batch_size"": 16, ""data_augmentation"": true, ""dr_f"": 0.171372602687, ""learning_rate"": 0.00031751825, ""new_fc_1"": 16, ""new_fc_10"": 8, ""new_fc_2"": 22, ""new_fc_3"": 1, ""new_fc_4"": 14, ""new_fc_5"": 22, ""new_fc_6"": 8, ""new_fc_7"": 15, ""new_fc_8"": 1, ""new_fc_9"": 20, ""num_neurons"": 8, ""optimizer"": ""Adagrad"", ""reg_l2"": false, ""skip_connection"": false, ""unit_c1"": 2, ""unit_c2"": 2}"
170,47,accuracy,0.7005000114440918,0.2994999885559082,0.04094901333333333,6142352.0,62870.0,-0.4973652879891357,13132.4152,"{""activation"": ""selu"", ""batch_size"": 16, ""data_augmentation"": false, ""dr_f"": 0.23316132769, ""learning_rate"": 0.000577649711, ""new_fc_1"": 20, ""new_fc_10"": 8, ""new_fc_2"": 0, ""new_fc_3"": 27, ""new_fc_4"": 13, ""new_fc_5"": 6, ""new_fc_6"": 31, ""new_fc_7"": 19, ""new_fc_8"": 11, ""new_fc_9"": 22, ""num_neurons"": 4, ""optimizer"": ""Adadelta"", ""reg_l2"": true, ""skip_connection"": false, ""unit_c1"": 4, ""unit_c2"": 1}"
171,47,flops,,,0.12006749333333333,18010124.0,349682.0,,13133.1337,"{""activation"": ""selu"", ""batch_size"": 8, ""data_augmentation"": false, ""dr_f"": 0.448178110002, ""learning_rate"": 0.000676970967, ""new_fc_1"": 16, ""new_fc_10"": 21, ""new_fc_2"": 26, ""new_fc_3"": 11, ""new_fc_4"": 5, ""new_fc_5"": 0, ""new_fc_6"": 21, ""new_fc_7"": 22, ""new_fc_8"": 9, ""new_fc_9"": 19, ""num_neurons"": 8, ""optimizer"": ""SGD"", ""reg_l2"": false, ""skip_connection"": false, ""unit_c1"": 3, ""unit_c2"": 3}"
172,47,flops,,,0.40315602666666667,60473404.0,1738586.0,,13134.1648,"{""activation"": ""selu"", ""batch_size"": 8, ""data_augmentation"": false, ""dr_f"": 0.115762251487, ""learning_rate"": 0.000633784087, ""new_fc_1"": 19, ""new_fc_10"": 15, ""new_fc_2"": 27, ""new_fc_3"": 30, ""new_fc_4"": 12, ""new_fc_5"": 12, ""new_fc_6"": 26, ""new_fc_7"": 23, ""new_fc_8"": 19, ""new_fc_9"": 29, ""num_neurons"": 16, ""optimizer"": ""Adadelta"", ""reg_l2"": true, ""skip_connection"": false, ""unit_c1"": 3, ""unit_c2"": 2}"
173,47,flops,,,0.01889048,2833572.0,298074.0,,13134.9434,"{""activation"": ""relu"", ""batch_size"": 16, ""data_augmentation"": true, ""dr_f"": 0.15894972115, ""learning_rate"": 0.000695369891, ""new_fc_1"": 27, ""new_fc_10"": 1, ""new_fc_2"": 11, ""new_fc_3"": 27, ""new_fc_4"": 30, ""new_fc_5"": 24, ""new_fc_6"": 30, ""new_fc_7"": 1, ""new_fc_8"": 2, ""new_fc_9"": 0, ""num_neurons"": 8, ""optimizer"": ""SGD"", ""reg_l2"": true, ""skip_connection"": false, ""unit_c1"": 1, ""unit_c2"": 1}"
174,47,flops,,,0.7651372533333334,114770588.0,2861402.0,,13135.8892,"{""activation"": ""swish"", ""batch_size"": 16, ""data_augmentation"": true, ""dr_f"": 0.090805933954, ""learning_rate"": 0.000540804967, ""new_fc_1"": 23, ""new_fc_10"": 24, ""new_fc_2"": 7, ""new_fc_3"": 16, ""new_fc_4"": 17, ""new_fc_5"": 4, ""new_fc_6"": 30, ""new_fc_7"": 8, ""new_fc_8"": 18, ""new_fc_9"": 15, ""num_neurons"": 16, ""optimizer"": ""Adadelta"", ""reg_l2"": true, ""skip_connection"": false, ""unit_c1"": 3, ""unit_c2"": 6}"
175,47,flops,,,0.01754472,2631708.0,197058.0,,13136.6251,"{""activation"": ""relu"", ""batch_size"": 8, ""data_augmentation"": false, ""dr_f"": 0.107606800924, ""learning_rate"": 0.000612155938, ""new_fc_1"": 17, ""new_fc_10"": 14, ""new_fc_2"": 20, ""new_fc_3"": 30, ""new_fc_4"": 17, ""new_fc_5"": 13, ""new_fc_6"": 9, ""new_fc_7"": 10, ""new_fc_8"": 2, ""new_fc_9"": 0, ""num_neurons"": 8, ""optimizer"": ""Adamax"", ""reg_l2"": true, ""skip_connection"": false, ""unit_c1"": 1, ""unit_c2"": 1}"
176,48,accuracy,0.8999999985098839,0.10000000149011612,0.056426,8463900.0,185738.0,-0.3530722010430813,13881.7352,"{""activation"": ""swish"", ""batch_size"": 8, ""data_augmentation"": false, ""dr_f"": 0.124182050643, ""learning_rate"": 0.00033126145, ""new_fc_1"": 2, ""new_fc_10"": 9, ""new_fc_2"": 0, ""new_fc_3"": 26, ""new_fc_4"": 16, ""new_fc_5"": 20, ""new_fc_6"": 7, ""new_fc_7"": 19, ""new_fc_8"": 26, ""new_fc_9"": 27, ""num_neurons"": 8, ""optimizer"": ""Adadelta"", ""reg_l2"": true, ""skip_connection"": false, ""unit_c1"": 2, ""unit_c2"": 2}"
177,49,accuracy,0.28380000591278076,0.7161999940872192,0.17450717333333332,26176076.0,771002.0,-0.7489878438610535,14267.6472,"{""activation"": ""swish"", ""batch_size"": 32, ""data_augmentation"": false, ""dr_f"": 0.285539706612, ""learning_rate"": 0.000860009898, ""new_fc_1"": 28, ""new_fc_10"": 25, ""new_fc_2"": 1, ""new_fc_3"": 28, ""new_fc_4"": 18, ""new_fc_5"": 10, ""new_fc_6"": 13, ""new_fc_7"": 12, ""new_fc_8"": 29, ""new_fc_9"": 22, ""num_neurons"": 8, ""optimizer"": ""Adam"", ""reg_l2"": false, ""skip_connection"": true, ""unit_c1"": 3, ""unit_c2"": 5}"
178,50,accuracy,0.38510000705718994,0.6148999929428101,0.04627650666666667,6941476.0,103770.0,-0.716547043059967,16513.4234,"{""activation"": ""relu"", ""batch_size"": 8, ""data_augmentation"": true, ""dr_f"": 0.219767629452, ""learning_rate"": 0.00072946604, ""new_fc_1"": 24, ""new_fc_10"": 18, ""new_fc_2"": 25, ""new_fc_3"": 10, ""new_fc_4"": 17, ""new_fc_5"": 13, ""new_fc_6"": 24, ""new_fc_7"": 27, ""new_fc_8"": 23, ""new_fc_9"": 5, ""num_neurons"": 4, ""optimizer"": ""Adamax"", ""reg_l2"": false, ""skip_connection"": true, ""unit_c1"": 4, ""unit_c2"": 2}"
179,51,accuracy,0.29079997539520264,0.7092000246047974,0.9202623733333334,138039356.0,10621514.0,-0.5203613052233581,2007.3871,"{""activation"": ""relu"", ""batch_size"": 16, ""data_augmentation"": false, ""dr_f"": 0.481573775803, ""learning_rate"": 0.000111457945, ""new_fc_1"": 10, ""new_fc_10"": 15, ""new_fc_2"": 0, ""new_fc_3"": 23, ""new_fc_4"": 2, ""new_fc_5"": 29, ""new_fc_6"": 17, ""new_fc_7"": 22, ""new_fc_8"": 27, ""new_fc_9"": 3, ""num_neurons"": 64, ""optimizer"": ""Adamax"", ""reg_l2"": false, ""skip_connection"": false, ""unit_c1"": 1, ""unit_c2"": 1}"
180,52,accuracy,0.8865000009536743,0.11349999904632568,0.26683741333333333,40025612.0,286410.0,-0.299398775332428,2393.4391,"{""activation"": ""selu"", ""batch_size"": 16, ""data_augmentation"": false, ""dr_f"": 0.445572924693, ""learning_rate"": 0.00079469588, ""new_fc_1"": 5, ""new_fc_10"": 20, ""new_fc_2"": 4, ""new_fc_3"": 24, ""new_fc_4"": 22, ""new_fc_5"": 15, ""new_fc_6"": 10, ""new_fc_7"": 17, ""new_fc_8"": 12, ""new_fc_9"": 9, ""num_neurons"": 8, ""optimizer"": ""Adam"", ""reg_l2"": false, ""skip_connection"": true, ""unit_c1"": 4, ""unit_c2"": 6}"
181,53,accuracy,0.9019000008702278,0.09809999912977219,0.6472761333333333,97091420.0,2652026.0,-0.17448715939084053,2659.0235,"{""activation"": ""swish"", ""batch_size"": 64, ""data_augmentation"": false, ""dr_f"": 0.287632010663, ""learning_rate"": 0.000560438944, ""new_fc_1"": 16, ""new_fc_10"": 28, ""new_fc_2"": 2, ""new_fc_3"": 24, ""new_fc_4"": 7, ""new_fc_5"": 10, ""new_fc_6"": 21, ""new_fc_7"": 16, ""new_fc_8"": 20, ""new_fc_9"": 6, ""num_neurons"": 16, ""optimizer"": ""Adadelta"", ""reg_l2"": true, ""skip_connection"": true, ""unit_c1"": 1, ""unit_c2"": 8}"
182,54,accuracy,0.8999999985098839,0.10000000149011612,0.09103258666666666,13654888.0,212926.0,-0.3426902250430813,3104.568,"{""activation"": ""swish"", ""batch_size"": 16, ""data_augmentation"": false, ""dr_f"": 0.472227511983, ""learning_rate"": 0.000567226047, ""new_fc_1"": 20, ""new_fc_10"": 18, ""new_fc_2"": 2, ""new_fc_3"": 32, ""new_fc_4"": 3, ""new_fc_5"": 4, ""new_fc_6"": 32, ""new_fc_7"": 9, ""new_fc_8"": 17, ""new_fc_9"": 32, ""num_neurons"": 4, ""optimizer"": ""Adam"", ""reg_l2"": true, ""skip_connection"": true, ""unit_c1"": 4, ""unit_c2"": 8}"
183,55,accuracy,10000000000.0,,7.161156666666667,1074173500.0,53379466.0,10000000000.0,3108.4999,"{""activation"": ""selu"", ""batch_size"": 64, ""data_augmentation"": false, ""dr_f"": 0.329215276638, ""learning_rate"": 0.000236801813, ""new_fc_1"": 32, ""new_fc_10"": 15, ""new_fc_2"": 10, ""new_fc_3"": 21, ""new_fc_4"": 16, ""new_fc_5"": 14, ""new_fc_6"": 1, ""new_fc_7"": 9, ""new_fc_8"": 32, ""new_fc_9"": 22, ""num_neurons"": 64, ""optimizer"": ""Adagrad"", ""reg_l2"": true, ""skip_connection"": false, ""unit_c1"": 2, ""unit_c2"": 5}"
184,55,flops,,,0.04097965333333333,6146948.0,479946.0,,3109.5282,"{""activation"": ""relu"", ""batch_size"": 64, ""data_augmentation"": false, ""dr_f"": 0.107076296022, ""learning_rate"": 0.000886619056, ""new_fc_1"": 25, ""new_fc_10"": 26, ""new_fc_2"": 23, ""new_fc_3"": 20, ""new_fc_4"": 12, ""new_fc_5"": 12, ""new_fc_6"": 20, ""new_fc_7"": 17, ""new_fc_8"": 16, ""new_fc_9"": 6, ""num_neurons"": 8, ""optimizer"": ""SGD"", ""reg_l2"": true, ""skip_connection"": false, ""unit_c1"": 1, ""unit_c2"": 3}"
185,56,accuracy,0.28390002250671387,0.7160999774932861,0.03250621333333333,4875932.0,96902.0,-0.7915181202453002,3435.1218,"{""activation"": ""elu"", ""batch_size"": 64, ""data_augmentation"": false, ""dr_f"": 0.090131377645, ""learning_rate"": 0.000552014117, ""new_fc_1"": 27, ""new_fc_10"": 0, ""new_fc_2"": 11, ""new_fc_3"": 0, ""new_fc_4"": 5, ""new_fc_5"": 4, ""new_fc_6"": 15, ""new_fc_7"": 2, ""new_fc_8"": 5, ""new_fc_9"": 15, ""num_neurons"": 4, ""optimizer"": ""Adamax"", ""reg_l2"": false, ""skip_connection"": false, ""unit_c1"": 3, ""unit_c2"": 3}"
186,56,flops,,,16.350836453333333,2452625468.0,50567562.0,,3438.1004,"{""activation"": ""swish"", ""batch_size"": 32, ""data_augmentation"": true, ""dr_f"": 0.088585244813, ""learning_rate"": 0.000810119671, ""new_fc_1"": 26, ""new_fc_10"": 21, ""new_fc_2"": 5, ""new_fc_3"": 1, ""new_fc_4"": 23, ""new_fc_5"": 21, ""new_fc_6"": 11, ""new_fc_7"": 13, ""new_fc_8"": 8, ""new_fc_9"": 19, ""num_neurons"": 64, ""optimizer"": ""SGD"", ""reg_l2"": true, ""skip_connection"": false, ""unit_c1"": 4, ""unit_c2"": 6}"
187,57,accuracy,0.8999999985098839,0.10000000149011612,0.04069362666666667,6104044.0,107086.0,-0.3577919130430813,3584.3394,"{""activation"": ""swish"", ""batch_size"": 64, ""data_augmentation"": true, ""dr_f"": 0.127184655836, ""learning_rate"": 0.000674227083, ""new_fc_1"": 6, ""new_fc_10"": 22, ""new_fc_2"": 12, ""new_fc_3"": 21, ""new_fc_4"": 12, ""new_fc_5"": 19, ""new_fc_6"": 26, ""new_fc_7"": 29, ""new_fc_8"": 18, ""new_fc_9"": 7, ""num_neurons"": 4, ""optimizer"": ""Adagrad"", ""reg_l2"": false, ""skip_connection"": false, ""unit_c1"": 1, ""unit_c2"": 8}"
188,58,accuracy,0.8968999981880188,0.1031000018119812,0.04232522666666667,6348784.0,47866.0,-0.35947243326838685,4449.504,"{""activation"": ""swish"", ""batch_size"": 8, ""data_augmentation"": true, ""dr_f"": 0.408631418537, ""learning_rate"": 0.000442153646, ""new_fc_1"": 13, ""new_fc_10"": 0, ""new_fc_2"": 14, ""new_fc_3"": 20, ""new_fc_4"": 12, ""new_fc_5"": 26, ""new_fc_6"": 11, ""new_fc_7"": 14, ""new_fc_8"": 14, ""new_fc_9"": 15, ""num_neurons"": 4, ""optimizer"": ""Adadelta"", ""reg_l2"": true, ""skip_connection"": true, ""unit_c1"": 4, ""unit_c2"": 1}"
189,58,flops,,,0.018602,2790300.0,220898.0,,4450.4783,"{""activation"": ""swish"", ""batch_size"": 8, ""data_augmentation"": false, ""dr_f"": 0.460768317358, ""learning_rate"": 0.000296329671, ""new_fc_1"": 4, ""new_fc_10"": 18, ""new_fc_2"": 26, ""new_fc_3"": 23, ""new_fc_4"": 32, ""new_fc_5"": 20, ""new_fc_6"": 26, ""new_fc_7"": 0, ""new_fc_8"": 4, ""new_fc_9"": 19, ""num_neurons"": 8, ""optimizer"": ""Adam"", ""reg_l2"": false, ""skip_connection"": true, ""unit_c1"": 1, ""unit_c2"": 1}"
190,59,accuracy,0.8179000020027161,0.18209999799728394,0.10278077333333334,15417116.0,556434.0,-0.39663576659809874,4595.2239,"{""activation"": ""relu"", ""batch_size"": 64, ""data_augmentation"": false, ""dr_f"": 0.490760737953, ""learning_rate"": 0.000241009414, ""new_fc_1"": 16, ""new_fc_10"": 0, ""new_fc_2"": 2, ""new_fc_3"": 14, ""new_fc_4"": 28, ""new_fc_5"": 21, ""new_fc_6"": 8, ""new_fc_7"": 20, ""new_fc_8"": 28, ""new_fc_9"": 7, ""num_neurons"": 8, ""optimizer"": ""Adamax"", ""reg_l2"": false, ""skip_connection"": true, ""unit_c1"": 1, ""unit_c2"": 6}"
191,59,flops,,,0.64692712,97039068.0,1180938.0,,4596.1697,"{""activation"": ""elu"", ""batch_size"": 64, ""data_augmentation"": false, ""dr_f"": 0.142172094398, ""learning_rate"": 0.000493998305, ""new_fc_1"": 7, ""new_fc_10"": 30, ""new_fc_2"": 27, ""new_fc_3"": 19, ""new_fc_4"": 6, ""new_fc_5"": 8, ""new_fc_6"": 12, ""new_fc_7"": 8, ""new_fc_8"": 11, ""new_fc_9"": 18, ""num_neurons"": 16, ""optimizer"": ""SGD"", ""reg_l2"": false, ""skip_connection"": true, ""unit_c1"": 3, ""unit_c2"": 5}"
192,59,flops,,,1.0889887733333334,163348316.0,4957770.0,,4597.2379,"{""activation"": ""relu"", ""batch_size"": 8, ""data_augmentation"": false, ""dr_f"": 0.31100706412, ""learning_rate"": 0.000162497662, ""new_fc_1"": 15, ""new_fc_10"": 21, ""new_fc_2"": 29, ""new_fc_3"": 3, ""new_fc_4"": 21, ""new_fc_5"": 1, ""new_fc_6"": 5, ""new_fc_7"": 15, ""new_fc_8"": 19, ""new_fc_9"": 20, ""num_neurons"": 32, ""optimizer"": ""Adagrad"", ""reg_l2"": false, ""skip_connection"": true, ""unit_c1"": 2, ""unit_c2"": 3}"
193,60,accuracy,0.6888999938964844,0.3111000061035156,0.10127821333333334,15191732.0,443610.0,-0.487386540272461,5221.6833,"{""activation"": ""elu"", ""batch_size"": 32, ""data_augmentation"": true, ""dr_f"": 0.456013650107, ""learning_rate"": 0.000410420992, ""new_fc_1"": 14, ""new_fc_10"": 0, ""new_fc_2"": 3, ""new_fc_3"": 13, ""new_fc_4"": 12, ""new_fc_5"": 7, ""new_fc_6"": 29, ""new_fc_7"": 12, ""new_fc_8"": 13, ""new_fc_9"": 8, ""num_neurons"": 8, ""optimizer"": ""Adagrad"", ""reg_l2"": false, ""skip_connection"": true, ""unit_c1"": 1, ""unit_c2"": 6}"
194,61,accuracy,0.8999999985098839,0.10000000149011612,0.15157906666666668,22736860.0,270602.0,-0.3245262810430813,5366.8008,"{""activation"": ""relu"", ""batch_size"": 64, ""data_augmentation"": true, ""dr_f"": 0.040281043024, ""learning_rate"": 0.000941456025, ""new_fc_1"": 30, ""new_fc_10"": 9, ""new_fc_2"": 26, ""new_fc_3"": 24, ""new_fc_4"": 9, ""new_fc_5"": 16, ""new_fc_6"": 3, ""new_fc_7"": 6, ""new_fc_8"": 14, ""new_fc_9"": 7, ""num_neurons"": 8, ""optimizer"": ""Adam"", ""reg_l2"": true, ""skip_connection"": false, ""unit_c1"": 4, ""unit_c2"": 1}"
195,61,flops,,,14.401263333333333,2160189500.0,46109834.0,,5369.742,"{""activation"": ""selu"", ""batch_size"": 8, ""data_augmentation"": true, ""dr_f"": 0.057680662311, ""learning_rate"": 0.000842146948, ""new_fc_1"": 27, ""new_fc_10"": 30, ""new_fc_2"": 8, ""new_fc_3"": 11, ""new_fc_4"": 29, ""new_fc_5"": 18, ""new_fc_6"": 10, ""new_fc_7"": 7, ""new_fc_8"": 16, ""new_fc_9"": 12, ""num_neurons"": 64, ""optimizer"": ""Adam"", ""reg_l2"": true, ""skip_connection"": false, ""unit_c1"": 4, ""unit_c2"": 5}"
196,61,flops,,,0.024813306666666667,3721996.0,45886.0,,5370.7569,"{""activation"": ""elu"", ""batch_size"": 64, ""data_augmentation"": false, ""dr_f"": 0.174510993857, ""learning_rate"": 0.000903913171, ""new_fc_1"": 3, ""new_fc_10"": 2, ""new_fc_2"": 28, ""new_fc_3"": 9, ""new_fc_4"": 15, ""new_fc_5"": 13, ""new_fc_6"": 11, ""new_fc_7"": 1, ""new_fc_8"": 27, ""new_fc_9"": 15, ""num_neurons"": 4, ""optimizer"": ""Adagrad"", ""reg_l2"": true, ""skip_connection"": false, ""unit_c1"": 1, ""unit_c2"": 6}"
197,62,accuracy,0.8214000016450882,0.1785999983549118,0.024813306666666667,3721996.0,45886.0,-0.4175760068484382,5515.3827,"{""activation"": ""elu"", ""batch_size"": 64, ""data_augmentation"": false, ""dr_f"": 0.174510993857, ""learning_rate"": 0.000903913171, ""new_fc_1"": 3, ""new_fc_10"": 2, ""new_fc_2"": 28, ""new_fc_3"": 9, ""new_fc_4"": 15, ""new_fc_5"": 13, ""new_fc_6"": 11, ""new_fc_7"": 1, ""new_fc_8"": 27, ""new_fc_9"": 15, ""num_neurons"": 4, ""optimizer"": ""Adagrad"", ""reg_l2"": true, ""skip_connection"": false, ""unit_c1"": 1, ""unit_c2"": 6}"
198,62,flops,,,0.04258346666666667,6387520.0,102754.0,,5516.4401,"{""activation"": ""selu"", ""batch_size"": 64, ""data_augmentation"": true, ""dr_f"": 0.037553291867, ""learning_rate"": 0.000632941725, ""new_fc_1"": 32, ""new_fc_10"": 19, ""new_fc_2"": 8, ""new_fc_3"": 10, ""new_fc_4"": 20, ""new_fc_5"": 28, ""new_fc_6"": 29, ""new_fc_7"": 29, ""new_fc_8"": 23, ""new_fc_9"": 15, ""num_neurons"": 4, ""optimizer"": ""Adam"", ""reg_l2"": true, ""skip_connection"": true, ""unit_c1"": 4, ""unit_c2"": 1}"
199,63,accuracy,0.8999999985098839,0.10000000149011612,0.059883066666666665,8982460.0,377370.0,-0.3520350810430813,6261.5007,"{""activation"": ""swish"", ""batch_size"": 8, ""data_augmentation"": true, ""dr_f"": 0.355201054339, ""learning_rate"": 0.000345958038, ""new_fc_1"": 10, ""new_fc_10"": 5, ""new_fc_2"": 17, ""new_fc_3"": 6, ""new_fc_4"": 12, ""new_fc_5"": 17, ""new_fc_6"": 6, ""new_fc_7"": 0, ""new_fc_8"": 17, ""new_fc_9"": 2, ""num_neurons"": 16, ""optimizer"": ""Adam"", ""reg_l2"": true, ""skip_connection"": true, ""unit_c1"": 1, ""unit_c2"": 1}"
200,63,flops,,,0.04623698666666667,6935548.0,63258.0,,6262.7449,"{""activation"": ""swish"", ""batch_size"": 64, ""data_augmentation"": true, ""dr_f"": 0.442712192948, ""learning_rate"": 0.000692972168, ""new_fc_1"": 9, ""new_fc_10"": 19, ""new_fc_2"": 0, ""new_fc_3"": 27, ""new_fc_4"": 15, ""new_fc_5"": 24, ""new_fc_6"": 18, ""new_fc_7"": 6, ""new_fc_8"": 10, ""new_fc_9"": 28, ""num_neurons"": 4, ""optimizer"": ""Adadelta"", ""reg_l2"": false, ""skip_connection"": true, ""unit_c1"": 4, ""unit_c2"": 2}"
201,63,flops,,,0.92687144,139030716.0,10943050.0,,6264.2282,"{""activation"": ""swish"", ""batch_size"": 32, ""data_augmentation"": true, ""dr_f"": 0.039122524259, ""learning_rate"": 0.00019252458, ""new_fc_1"": 3, ""new_fc_10"": 22, ""new_fc_2"": 26, ""new_fc_3"": 2, ""new_fc_4"": 30, ""new_fc_5"": 31, ""new_fc_6"": 2, ""new_fc_7"": 15, ""new_fc_8"": 12, ""new_fc_9"": 31, ""num_neurons"": 64, ""optimizer"": ""Adamax"", ""reg_l2"": true, ""skip_connection"": false, ""unit_c1"": 1, ""unit_c2"": 1}"
202,64,accuracy,0.8999999985098839,0.10000000149011612,0.80692552,121038828.0,2117402.0,-0.1279223450430813,6529.8544,"{""activation"": ""relu"", ""batch_size"": 32, ""data_augmentation"": true, ""dr_f"": 0.392533141897, ""learning_rate"": 0.000847121937, ""new_fc_1"": 26, ""new_fc_10"": 15, ""new_fc_2"": 20, ""new_fc_3"": 15, ""new_fc_4"": 11, ""new_fc_5"": 7, ""new_fc_6"": 5, ""new_fc_7"": 1, ""new_fc_8"": 9, ""new_fc_9"": 2, ""num_neurons"": 16, ""optimizer"": ""SGD"", ""reg_l2"": false, ""skip_connection"": false, ""unit_c1"": 4, ""unit_c2"": 4}"
203,65,accuracy,0.879600003361702,0.12039999663829803,0.055773786666666665,8366068.0,377114.0,-0.3675478616468086,6675.51,"{""activation"": ""swish"", ""batch_size"": 64, ""data_augmentation"": true, ""dr_f"": 0.274420459069, ""learning_rate"": 0.000239963242, ""new_fc_1"": 6, ""new_fc_10"": 16, ""new_fc_2"": 23, ""new_fc_3"": 16, ""new_fc_4"": 27, ""new_fc_5"": 20, ""new_fc_6"": 27, ""new_fc_7"": 26, ""new_fc_8"": 21, ""new_fc_9"": 23, ""num_neurons"": 8, ""optimizer"": ""Adadelta"", ""reg_l2"": true, ""skip_connection"": false, ""unit_c1"": 1, ""unit_c2"": 4}"
204,65,flops,,,0.7985550666666666,119783260.0,1219658.0,,6676.5867,"{""activation"": ""elu"", ""batch_size"": 16, ""data_augmentation"": false, ""dr_f"": 0.043377319106, ""learning_rate"": 0.000905639344, ""new_fc_1"": 12, ""new_fc_10"": 25, ""new_fc_2"": 10, ""new_fc_3"": 7, ""new_fc_4"": 10, ""new_fc_5"": 1, ""new_fc_6"": 14, ""new_fc_7"": 21, ""new_fc_8"": 22, ""new_fc_9"": 4, ""num_neurons"": 16, ""optimizer"": ""Adadelta"", ""reg_l2"": true, ""skip_connection"": true, ""unit_c1"": 4, ""unit_c2"": 4}"
205,65,flops,,,0.08662429333333334,12993644.0,136474.0,,6677.5105,"{""activation"": ""relu"", ""batch_size"": 8, ""data_augmentation"": false, ""dr_f"": 0.448594504791, ""learning_rate"": 0.000829846819, ""new_fc_1"": 1, ""new_fc_10"": 19, ""new_fc_2"": 5, ""new_fc_3"": 9, ""new_fc_4"": 6, ""new_fc_5"": 12, ""new_fc_6"": 3, ""new_fc_7"": 28, ""new_fc_8"": 30, ""new_fc_9"": 9, ""num_neurons"": 8, ""optimizer"": ""Adagrad"", ""reg_l2"": true, ""skip_connection"": false, ""unit_c1"": 2, ""unit_c2"": 4}"
206,65,flops,,,0.1687596,25313940.0,764170.0,,6678.3691,"{""activation"": ""selu"", ""batch_size"": 32, ""data_augmentation"": false, ""dr_f"": 0.102947479101, ""learning_rate"": 0.000578489666, ""new_fc_1"": 28, ""new_fc_10"": 26, ""new_fc_2"": 27, ""new_fc_3"": 0, ""new_fc_4"": 10, ""new_fc_5"": 3, ""new_fc_6"": 7, ""new_fc_7"": 22, ""new_fc_8"": 29, ""new_fc_9"": 11, ""num_neurons"": 8, ""optimizer"": ""Adadelta"", ""reg_l2"": true, ""skip_connection"": false, ""unit_c1"": 3, ""unit_c2"": 5}"
207,65,flops,,,0.70267944,105401916.0,4211546.0,,6679.3743,"{""activation"": ""selu"", ""batch_size"": 8, ""data_augmentation"": false, ""dr_f"": 0.087642368199, ""learning_rate"": 0.000664179526, ""new_fc_1"": 27, ""new_fc_10"": 13, ""new_fc_2"": 27, ""new_fc_3"": 26, ""new_fc_4"": 29, ""new_fc_5"": 26, ""new_fc_6"": 15, ""new_fc_7"": 12, ""new_fc_8"": 7, ""new_fc_9"": 6, ""num_neurons"": 16, ""optimizer"": ""Adadelta"", ""reg_l2"": false, ""skip_connection"": true, ""unit_c1"": 2, ""unit_c2"": 7}"
208,65,flops,,,2.63264296,394896444.0,14648458.0,,6681.0277,"{""activation"": ""selu"", ""batch_size"": 64, ""data_augmentation"": true, ""dr_f"": 0.209305186783, ""learning_rate"": 0.000845289441, ""new_fc_1"": 29, ""new_fc_10"": 25, ""new_fc_2"": 12, ""new_fc_3"": 16, ""new_fc_4"": 13, ""new_fc_5"": 12, ""new_fc_6"": 32, ""new_fc_7"": 3, ""new_fc_8"": 6, ""new_fc_9"": 8, ""num_neurons"": 64, ""optimizer"": ""Adadelta"", ""reg_l2"": true, ""skip_connection"": false, ""unit_c1"": 2, ""unit_c2"": 1}"
209,66,accuracy,10000000000.0,,5.390376933333333,808556540.0,14652298.0,10000000000.0,6683.6245,"{""activation"": ""swish"", ""batch_size"": 64, ""data_augmentation"": false, ""dr_f"": 0.431717121954, ""learning_rate"": 0.000702705983, ""new_fc_1"": 20, ""new_fc_10"": 13, ""new_fc_2"": 22, ""new_fc_3"": 30, ""new_fc_4"": 14, ""new_fc_5"": 13, ""new_fc_6"": 22, ""new_fc_7"": 24, ""new_fc_8"": 2, ""new_fc_9"": 30, ""num_neurons"": 32, ""optimizer"": ""Adam"", ""reg_l2"": true, ""skip_connection"": true, ""unit_c1"": 4, ""unit_c2"": 8}"
210,67,accuracy,0.7858999967575073,0.21410000324249268,0.13767858666666666,20651788.0,1096154.0,-0.4085664262697448,7128.7398,"{""activation"": ""elu"", ""batch_size"": 64, ""data_augmentation"": true, ""dr_f"": 0.090236763501, ""learning_rate"": 0.000260929841, ""new_fc_1"": 30, ""new_fc_10"": 3, ""new_fc_2"": 22, ""new_fc_3"": 24, ""new_fc_4"": 27, ""new_fc_5"": 16, ""new_fc_6"": 22, ""new_fc_7"": 21, ""new_fc_8"": 1, ""new_fc_9"": 8, ""num_neurons"": 8, ""optimizer"": ""Adadelta"", ""reg_l2"": true, ""skip_connection"": true, ""unit_c1"": 1, ""unit_c2"": 7}"
211,68,accuracy,0.8043999969959259,0.1956000030040741,0.020684613333333334,3102692.0,113478.0,-0.43071461810285183,7694.2661,"{""activation"": ""relu"", ""batch_size"": 32, ""data_augmentation"": false, ""dr_f"": 0.280103614229, ""learning_rate"": 0.000791764378, ""new_fc_1"": 27, ""new_fc_10"": 31, ""new_fc_2"": 1, ""new_fc_3"": 6, ""new_fc_4"": 26, ""new_fc_5"": 24, ""new_fc_6"": 5, ""new_fc_7"": 10, ""new_fc_8"": 2, ""new_fc_9"": 18, ""num_neurons"": 4, ""optimizer"": ""SGD"", ""reg_l2"": false, ""skip_connection"": true, ""unit_c1"": 2, ""unit_c2"": 3}"
212,69,accuracy,0.3111000061035156,0.6888999938964844,0.6454492533333334,96817388.0,1070202.0,-0.588595219727539,8020.2911,"{""activation"": ""selu"", ""batch_size"": 64, ""data_augmentation"": false, ""dr_f"": 0.087384223943, ""learning_rate"": 0.000570667894, ""new_fc_1"": 3, ""new_fc_10"": 23, ""new_fc_2"": 1, ""new_fc_3"": 10, ""new_fc_4"": 18, ""new_fc_5"": 20, ""new_fc_6"": 30, ""new_fc_7"": 14, ""new_fc_8"": 15, ""new_fc_9"": 25, ""num_neurons"": 16, ""optimizer"": ""Adamax"", ""reg_l2"": false, ""skip_connection"": true, ""unit_c1"": 3, ""unit_c2"": 5}"
213,69,flops,,,0.34799154666666665,52198732.0,735578.0,,8021.3987,"{""activation"": ""elu"", ""batch_size"": 32, ""data_augmentation"": true, ""dr_f"": 0.388790304305, ""learning_rate"": 0.000933171029, ""new_fc_1"": 20, ""new_fc_10"": 21, ""new_fc_2"": 4, ""new_fc_3"": 6, ""new_fc_4"": 22, ""new_fc_5"": 6, ""new_fc_6"": 8, ""new_fc_7"": 29, ""new_fc_8"": 17, ""new_fc_9"": 8, ""num_neurons"": 16, ""optimizer"": ""Adagrad"", ""reg_l2"": true, ""skip_connection"": true, ""unit_c1"": 3, ""unit_c2"": 1}"
214,70,accuracy,0.8896000012755394,0.1103999987244606,0.04905581333333333,7358372.0,274250.0,-0.3625632551071224,8166.892,"{""activation"": ""swish"", ""batch_size"": 64, ""data_augmentation"": false, ""dr_f"": 0.137784120792, ""learning_rate"": 0.000233871423, ""new_fc_1"": 14, ""new_fc_10"": 0, ""new_fc_2"": 7, ""new_fc_3"": 19, ""new_fc_4"": 24, ""new_fc_5"": 23, ""new_fc_6"": 32, ""new_fc_7"": 26, ""new_fc_8"": 8, ""new_fc_9"": 30, ""num_neurons"": 8, ""optimizer"": ""SGD"", ""reg_l2"": true, ""skip_connection"": true, ""unit_c1"": 2, ""unit_c2"": 1}"
215,71,accuracy,0.493399977684021,0.506600022315979,0.16806189333333332,25209284.0,711786.0,-0.6042014476211852,9272.7948,"{""activation"": ""elu"", ""batch_size"": 16, ""data_augmentation"": true, ""dr_f"": 0.209295734626, ""learning_rate"": 0.000224477427, ""new_fc_1"": 28, ""new_fc_10"": 15, ""new_fc_2"": 8, ""new_fc_3"": 16, ""new_fc_4"": 31, ""new_fc_5"": 10, ""new_fc_6"": 6, ""new_fc_7"": 12, ""new_fc_8"": 18, ""new_fc_9"": 5, ""num_neurons"": 8, ""optimizer"": ""Adagrad"", ""reg_l2"": false, ""skip_connection"": false, ""unit_c1"": 3, ""unit_c2"": 5}"
216,71,flops,,,0.05273472,7910208.0,149670.0,,9273.9114,"{""activation"": ""swish"", ""batch_size"": 16, ""data_augmentation"": true, ""dr_f"": 0.393450424012, ""learning_rate"": 0.000502189403, ""new_fc_1"": 12, ""new_fc_10"": 25, ""new_fc_2"": 3, ""new_fc_3"": 25, ""new_fc_4"": 28, ""new_fc_5"": 15, ""new_fc_6"": 2, ""new_fc_7"": 25, ""new_fc_8"": 10, ""new_fc_9"": 22, ""num_neurons"": 4, ""optimizer"": ""SGD"", ""reg_l2"": false, ""skip_connection"": false, ""unit_c1"": 2, ""unit_c2"": 8}"
217,72,accuracy,0.6277999877929688,0.37220001220703125,0.11297976,16946964.0,255562.0,-0.5266460805449218,9779.6251,"{""activation"": ""selu"", ""batch_size"": 32, ""data_augmentation"": true, ""dr_f"": 0.369633958762, ""learning_rate"": 0.000417429099, ""new_fc_1"": 7, ""new_fc_10"": 22, ""new_fc_2"": 13, ""new_fc_3"": 19, ""new_fc_4"": 31, ""new_fc_5"": 1, ""new_fc_6"": 21, ""new_fc_7"": 9, ""new_fc_8"": 1, ""new_fc_9"": 7, ""num_neurons"": 8, ""optimizer"": ""Adamax"", ""reg_l2"": false, ""skip_connection"": true, ""unit_c1"": 2, ""unit_c2"": 5}"
218,73,accuracy,10000000000.0,,2.6498773066666668,397481596.0,15635530.0,10000000000.0,9782.2573,"{""activation"": ""swish"", ""batch_size"": 16, ""data_augmentation"": false, ""dr_f"": 0.24294078432, ""learning_rate"": 0.000722741323, ""new_fc_1"": 17, ""new_fc_10"": 23, ""new_fc_2"": 11, ""new_fc_3"": 21, ""new_fc_4"": 6, ""new_fc_5"": 9, ""new_fc_6"": 12, ""new_fc_7"": 31, ""new_fc_8"": 14, ""new_fc_9"": 31, ""num_neurons"": 64, ""optimizer"": ""Adagrad"", ""reg_l2"": false, ""skip_connection"": false, ""unit_c1"": 2, ""unit_c2"": 1}"
219,74,accuracy,0.3604000210762024,0.6395999789237976,0.17203122666666668,25804684.0,773882.0,-0.6961106172466582,10467.1467,"{""activation"": ""selu"", ""batch_size"": 32, ""data_augmentation"": true, ""dr_f"": 0.253026983796, ""learning_rate"": 0.000379576937, ""new_fc_1"": 8, ""new_fc_10"": 5, ""new_fc_2"": 5, ""new_fc_3"": 9, ""new_fc_4"": 11, ""new_fc_5"": 14, ""new_fc_6"": 1, ""new_fc_7"": 29, ""new_fc_8"": 31, ""new_fc_9"": 32, ""num_neurons"": 16, ""optimizer"": ""Adamax"", ""reg_l2"": true, ""skip_connection"": false, ""unit_c1"": 2, ""unit_c2"": 1}"
220,75,accuracy,0.44290000200271606,0.5570999979972839,0.0791188,11867820.0,565898.0,-0.6662343585980988,11211.8721,"{""activation"": ""selu"", ""batch_size"": 32, ""data_augmentation"": false, ""dr_f"": 0.373044057266, ""learning_rate"": 0.000150102974, ""new_fc_1"": 17, ""new_fc_10"": 3, ""new_fc_2"": 26, ""new_fc_3"": 15, ""new_fc_4"": 20, ""new_fc_5"": 28, ""new_fc_6"": 15, ""new_fc_7"": 17, ""new_fc_8"": 32, ""new_fc_9"": 5, ""num_neurons"": 8, ""optimizer"": ""Adamax"", ""reg_l2"": true, ""skip_connection"": true, ""unit_c1"": 1, ""unit_c2"": 5}"
221,76,accuracy,0.8982999995350838,0.10170000046491623,0.34277821333333336,51416732.0,553898.0,-0.2683565363254413,386.1355,"{""activation"": ""relu"", ""batch_size"": 16, ""data_augmentation"": true, ""dr_f"": 0.421994422893, ""learning_rate"": 0.000480820837, ""new_fc_1"": 2, ""new_fc_10"": 1, ""new_fc_2"": 17, ""new_fc_3"": 27, ""new_fc_4"": 2, ""new_fc_5"": 12, ""new_fc_6"": 18, ""new_fc_7"": 29, ""new_fc_8"": 2, ""new_fc_9"": 4, ""num_neurons"": 16, ""optimizer"": ""SGD"", ""reg_l2"": true, ""skip_connection"": true, ""unit_c1"": 2, ""unit_c2"": 4}"
222,76,flops,,,0.01061936,1592904.0,55846.0,,387.3936,"{""activation"": ""selu"", ""batch_size"": 32, ""data_augmentation"": true, ""dr_f"": 0.178447248514, ""learning_rate"": 0.000964957913, ""new_fc_1"": 11, ""new_fc_10"": 3, ""new_fc_2"": 13, ""new_fc_3"": 27, ""new_fc_4"": 12, ""new_fc_5"": 8, ""new_fc_6"": 24, ""new_fc_7"": 0, ""new_fc_8"": 1, ""new_fc_9"": 20, ""num_neurons"": 4, ""optimizer"": ""Adam"", ""reg_l2"": false, ""skip_connection"": true, ""unit_c1"": 1, ""unit_c2"": 3}"
223,76,flops,,,0.41477021333333336,62215532.0,3573482.0,,388.2939,"{""activation"": ""selu"", ""batch_size"": 64, ""data_augmentation"": false, ""dr_f"": 0.363667974416, ""learning_rate"": 0.000488305686, ""new_fc_1"": 25, ""new_fc_10"": 27, ""new_fc_2"": 13, ""new_fc_3"": 14, ""new_fc_4"": 27, ""new_fc_5"": 26, ""new_fc_6"": 27, ""new_fc_7"": 28, ""new_fc_8"": 23, ""new_fc_9"": 5, ""num_neurons"": 16, ""optimizer"": ""Adadelta"", ""reg_l2"": false, ""skip_connection"": false, ""unit_c1"": 1, ""unit_c2"": 6}"
224,77,accuracy,0.5609999895095825,0.4390000104904175,0.28919101333333336,43378652.0,1963930.0,-0.5205427033432922,893.4782,"{""activation"": ""selu"", ""batch_size"": 64, ""data_augmentation"": false, ""dr_f"": 0.415574201713, ""learning_rate"": 0.000925075331, ""new_fc_1"": 23, ""new_fc_10"": 14, ""new_fc_2"": 8, ""new_fc_3"": 23, ""new_fc_4"": 28, ""new_fc_5"": 9, ""new_fc_6"": 21, ""new_fc_7"": 25, ""new_fc_8"": 11, ""new_fc_9"": 32, ""num_neurons"": 16, ""optimizer"": ""SGD"", ""reg_l2"": true, ""skip_connection"": true, ""unit_c1"": 2, ""unit_c2"": 3}"
225,78,accuracy,0.8662000000476837,0.13379999995231628,0.02609552,3914328.0,43862.0,-0.3858313439666214,1158.6306,"{""activation"": ""swish"", ""batch_size"": 32, ""data_augmentation"": true, ""dr_f"": 0.371403373316, ""learning_rate"": 0.000131552992, ""new_fc_1"": 25, ""new_fc_10"": 2, ""new_fc_2"": 1, ""new_fc_3"": 6, ""new_fc_4"": 1, ""new_fc_5"": 32, ""new_fc_6"": 0, ""new_fc_7"": 17, ""new_fc_8"": 10, ""new_fc_9"": 15, ""num_neurons"": 4, ""optimizer"": ""Adagrad"", ""reg_l2"": true, ""skip_connection"": true, ""unit_c1"": 3, ""unit_c2"": 1}"
226,79,accuracy,0.7933000028133392,0.20669999718666077,0.14010813333333333,21016220.0,343306.0,-0.4026575580306625,2143.3855,"{""activation"": ""relu"", ""batch_size"": 8, ""data_augmentation"": true, ""dr_f"": 0.371851308668, ""learning_rate"": 0.00070970242, ""new_fc_1"": 2, ""new_fc_10"": 16, ""new_fc_2"": 8, ""new_fc_3"": 4, ""new_fc_4"": 5, ""new_fc_5"": 29, ""new_fc_6"": 11, ""new_fc_7"": 4, ""new_fc_8"": 18, ""new_fc_9"": 5, ""num_neurons"": 16, ""optimizer"": ""SGD"", ""reg_l2"": false, ""skip_connection"": true, ""unit_c1"": 1, ""unit_c2"": 3}"
227,80,accuracy,0.8999999985098839,0.10000000149011612,0.04048648,6072972.0,325066.0,-0.35785405704308126,2889.1285,"{""activation"": ""swish"", ""batch_size"": 8, ""data_augmentation"": true, ""dr_f"": 0.169615746293, ""learning_rate"": 0.000665941115, ""new_fc_1"": 11, ""new_fc_10"": 20, ""new_fc_2"": 4, ""new_fc_3"": 22, ""new_fc_4"": 31, ""new_fc_5"": 12, ""new_fc_6"": 16, ""new_fc_7"": 1, ""new_fc_8"": 29, ""new_fc_9"": 28, ""num_neurons"": 8, ""optimizer"": ""Adagrad"", ""reg_l2"": true, ""skip_connection"": true, ""unit_c1"": 1, ""unit_c2"": 3}"
228,81,accuracy,10000000000.0,,1.2251304266666667,183769564.0,4908730.0,10000000000.0,2890.1968,"{""activation"": ""selu"", ""batch_size"": 16, ""data_augmentation"": true, ""dr_f"": 0.471603323017, ""learning_rate"": 0.000259012453, ""new_fc_1"": 29, ""new_fc_10"": 28, ""new_fc_2"": 15, ""new_fc_3"": 28, ""new_fc_4"": 0, ""new_fc_5"": 32, ""new_fc_6"": 32, ""new_fc_7"": 29, ""new_fc_8"": 17, ""new_fc_9"": 24, ""num_neurons"": 16, ""optimizer"": ""Adamax"", ""reg_l2"": true, ""skip_connection"": true, ""unit_c1"": 4, ""unit_c2"": 7}"
229,82,accuracy,0.7134999930858612,0.2865000069141388,0.04200312,6300468.0,468754.0,-0.48794906883989714,3095.0616,"{""activation"": ""elu"", ""batch_size"": 64, ""data_augmentation"": false, ""dr_f"": 0.10789091998, ""learning_rate"": 0.000929941046, ""new_fc_1"": 28, ""new_fc_10"": 16, ""new_fc_2"": 15, ""new_fc_3"": 21, ""new_fc_4"": 2, ""new_fc_5"": 10, ""new_fc_6"": 19, ""new_fc_7"": 22, ""new_fc_8"": 0, ""new_fc_9"": 10, ""num_neurons"": 8, ""optimizer"": ""Adam"", ""reg_l2"": true, ""skip_connection"": true, ""unit_c1"": 1, ""unit_c2"": 3}"
230,83,accuracy,0.6389000117778778,0.3610999882221222,0.20779517333333333,31169276.0,376890.0,-0.49043143975548553,4200.0958,"{""activation"": ""elu"", ""batch_size"": 16, ""data_augmentation"": true, ""dr_f"": 0.219385741875, ""learning_rate"": 0.000769516567, ""new_fc_1"": 13, ""new_fc_10"": 19, ""new_fc_2"": 23, ""new_fc_3"": 22, ""new_fc_4"": 24, ""new_fc_5"": 7, ""new_fc_6"": 1, ""new_fc_7"": 28, ""new_fc_8"": 9, ""new_fc_9"": 10, ""num_neurons"": 8, ""optimizer"": ""Adagrad"", ""reg_l2"": true, ""skip_connection"": true, ""unit_c1"": 4, ""unit_c2"": 4}"
231,83,flops,,,2.29726504,344589756.0,5671242.0,,4201.2683,"{""activation"": ""swish"", ""batch_size"": 64, ""data_augmentation"": false, ""dr_f"": 0.380374051036, ""learning_rate"": 0.000265881206, ""new_fc_1"": 31, ""new_fc_10"": 24, ""new_fc_2"": 21, ""new_fc_3"": 4, ""new_fc_4"": 6, ""new_fc_5"": 24, ""new_fc_6"": 32, ""new_fc_7"": 20, ""new_fc_8"": 17, ""new_fc_9"": 17, ""num_neurons"": 32, ""optimizer"": ""SGD"", ""reg_l2"": true, ""skip_connection"": false, ""unit_c1"": 4, ""unit_c2"": 1}"
232,84,accuracy,10000000000.0,,1.82104232,273156348.0,5936234.0,10000000000.0,4202.7314,"{""activation"": ""swish"", ""batch_size"": 8, ""data_augmentation"": true, ""dr_f"": 0.366474351109, ""learning_rate"": 0.000363769902, ""new_fc_1"": 18, ""new_fc_10"": 4, ""new_fc_2"": 9, ""new_fc_3"": 17, ""new_fc_4"": 30, ""new_fc_5"": 26, ""new_fc_6"": 1, ""new_fc_7"": 16, ""new_fc_8"": 19, ""new_fc_9"": 6, ""num_neurons"": 32, ""optimizer"": ""SGD"", ""reg_l2"": false, ""skip_connection"": true, ""unit_c1"": 3, ""unit_c2"": 3}"
233,84,flops,,,0.024978213333333332,3746732.0,94290.0,,4203.6079,"{""activation"": ""relu"", ""batch_size"": 8, ""data_augmentation"": false, ""dr_f"": 0.357939341068, ""learning_rate"": 0.000460559539, ""new_fc_1"": 16, ""new_fc_10"": 6, ""new_fc_2"": 17, ""new_fc_3"": 16, ""new_fc_4"": 1, ""new_fc_5"": 25, ""new_fc_6"": 13, ""new_fc_7"": 11, ""new_fc_8"": 6, ""new_fc_9"": 29, ""num_neurons"": 4, ""optimizer"": ""SGD"", ""reg_l2"": true, ""skip_connection"": true, ""unit_c1"": 2, ""unit_c2"": 4}"
234,84,flops,,,0.2916056266666667,43740844.0,1392170.0,,4204.6867,"{""activation"": ""elu"", ""batch_size"": 32, ""data_augmentation"": false, ""dr_f"": 0.455954948394, ""learning_rate"": 0.000346915586, ""new_fc_1"": 6, ""new_fc_10"": 30, ""new_fc_2"": 16, ""new_fc_3"": 29, ""new_fc_4"": 31, ""new_fc_5"": 6, ""new_fc_6"": 12, ""new_fc_7"": 20, ""new_fc_8"": 0, ""new_fc_9"": 25, ""num_neurons"": 16, ""optimizer"": ""SGD"", ""reg_l2"": false, ""skip_connection"": false, ""unit_c1"": 1, ""unit_c2"": 5}"
235,85,accuracy,0.8537999987602234,0.1462000012397766,0.56775656,85163484.0,3046762.0,-0.2320130328678436,4469.5629,"{""activation"": ""selu"", ""batch_size"": 64, ""data_augmentation"": true, ""dr_f"": 0.496242667348, ""learning_rate"": 0.000886181393, ""new_fc_1"": 4, ""new_fc_10"": 14, ""new_fc_2"": 16, ""new_fc_3"": 17, ""new_fc_4"": 29, ""new_fc_5"": 16, ""new_fc_6"": 6, ""new_fc_7"": 30, ""new_fc_8"": 15, ""new_fc_9"": 2, ""num_neurons"": 32, ""optimizer"": ""Adadelta"", ""reg_l2"": false, ""skip_connection"": true, ""unit_c1"": 1, ""unit_c2"": 3}"
236,86,accuracy,0.8507999926805496,0.14920000731945038,0.04097965333333333,6146948.0,479946.0,-0.39214610912361525,4734.2287,"{""activation"": ""relu"", ""batch_size"": 64, ""data_augmentation"": false, ""dr_f"": 0.107076296022, ""learning_rate"": 0.000886619056, ""new_fc_1"": 25, ""new_fc_10"": 26, ""new_fc_2"": 23, ""new_fc_3"": 20, ""new_fc_4"": 12, ""new_fc_5"": 12, ""new_fc_6"": 20, ""new_fc_7"": 17, ""new_fc_8"": 16, ""new_fc_9"": 6, ""num_neurons"": 8, ""optimizer"": ""SGD"", ""reg_l2"": true, ""skip_connection"": false, ""unit_c1"": 1, ""unit_c2"": 3}"
237,86,flops,,,0.07008973333333333,10513460.0,175266.0,,4735.414,"{""activation"": ""swish"", ""batch_size"": 8, ""data_augmentation"": false, ""dr_f"": 0.38615964553, ""learning_rate"": 0.000103803296, ""new_fc_1"": 2, ""new_fc_10"": 17, ""new_fc_2"": 30, ""new_fc_3"": 18, ""new_fc_4"": 29, ""new_fc_5"": 26, ""new_fc_6"": 0, ""new_fc_7"": 1, ""new_fc_8"": 1, ""new_fc_9"": 13, ""num_neurons"": 8, ""optimizer"": ""Adadelta"", ""reg_l2"": false, ""skip_connection"": false, ""unit_c1"": 2, ""unit_c2"": 3}"
238,87,accuracy,0.9046000018715858,0.09539999812841415,0.01815032,2722548.0,242666.0,-0.3613349026898899,4880.2083,"{""activation"": ""selu"", ""batch_size"": 64, ""data_augmentation"": true, ""dr_f"": 0.486987082536, ""learning_rate"": 0.000300981597, ""new_fc_1"": 16, ""new_fc_10"": 17, ""new_fc_2"": 22, ""new_fc_3"": 30, ""new_fc_4"": 8, ""new_fc_5"": 27, ""new_fc_6"": 20, ""new_fc_7"": 15, ""new_fc_8"": 23, ""new_fc_9"": 1, ""num_neurons"": 8, ""optimizer"": ""Adadelta"", ""reg_l2"": true, ""skip_connection"": false, ""unit_c1"": 1, ""unit_c2"": 1}"
239,88,accuracy,0.39569997787475586,0.6043000221252441,0.40315602666666667,60473404.0,1738586.0,-0.6020632074876708,7185.6922,"{""activation"": ""selu"", ""batch_size"": 8, ""data_augmentation"": false, ""dr_f"": 0.115762251487, ""learning_rate"": 0.000633784087, ""new_fc_1"": 19, ""new_fc_10"": 15, ""new_fc_2"": 27, ""new_fc_3"": 30, ""new_fc_4"": 12, ""new_fc_5"": 12, ""new_fc_6"": 26, ""new_fc_7"": 23, ""new_fc_8"": 19, ""new_fc_9"": 29, ""num_neurons"": 16, ""optimizer"": ""Adadelta"", ""reg_l2"": true, ""skip_connection"": false, ""unit_c1"": 3, ""unit_c2"": 2}"
240,88,flops,,,0.04995370666666667,7493056.0,108078.0,,7186.9021,"{""activation"": ""swish"", ""batch_size"": 64, ""data_augmentation"": true, ""dr_f"": 0.301205842096, ""learning_rate"": 0.000118795717, ""new_fc_1"": 17, ""new_fc_10"": 4, ""new_fc_2"": 10, ""new_fc_3"": 9, ""new_fc_4"": 10, ""new_fc_5"": 30, ""new_fc_6"": 30, ""new_fc_7"": 25, ""new_fc_8"": 15, ""new_fc_9"": 21, ""num_neurons"": 4, ""optimizer"": ""SGD"", ""reg_l2"": true, ""skip_connection"": false, ""unit_c1"": 4, ""unit_c2"": 3}"
241,88,flops,,,0.05655917333333333,8483876.0,470266.0,,7188.169,"{""activation"": ""relu"", ""batch_size"": 64, ""data_augmentation"": true, ""dr_f"": 0.308655332139, ""learning_rate"": 0.000241135327, ""new_fc_1"": 20, ""new_fc_10"": 30, ""new_fc_2"": 30, ""new_fc_3"": 9, ""new_fc_4"": 4, ""new_fc_5"": 14, ""new_fc_6"": 17, ""new_fc_7"": 8, ""new_fc_8"": 25, ""new_fc_9"": 8, ""num_neurons"": 8, ""optimizer"": ""Adagrad"", ""reg_l2"": true, ""skip_connection"": false, ""unit_c1"": 1, ""unit_c2"": 4}"
242,88,flops,,,0.19485165333333335,29227748.0,661930.0,,7189.3802,"{""activation"": ""selu"", ""batch_size"": 8, ""data_augmentation"": false, ""dr_f"": 0.350842851614, ""learning_rate"": 0.00071246936, ""new_fc_1"": 13, ""new_fc_10"": 30, ""new_fc_2"": 17, ""new_fc_3"": 2, ""new_fc_4"": 21, ""new_fc_5"": 31, ""new_fc_6"": 22, ""new_fc_7"": 28, ""new_fc_8"": 25, ""new_fc_9"": 32, ""num_neurons"": 8, ""optimizer"": ""Adam"", ""reg_l2"": false, ""skip_connection"": false, ""unit_c1"": 3, ""unit_c2"": 6}"
243,89,accuracy,0.8999999985098839,0.10000000149011612,0.08662429333333334,12993644.0,136474.0,-0.3440127130430813,7874.2936,"{""activation"": ""relu"", ""batch_size"": 8, ""data_augmentation"": false, ""dr_f"": 0.448594504791, ""learning_rate"": 0.000829846819, ""new_fc_1"": 1, ""new_fc_10"": 19, ""new_fc_2"": 5, ""new_fc_3"": 9, ""new_fc_4"": 6, ""new_fc_5"": 12, ""new_fc_6"": 3, ""new_fc_7"": 28, ""new_fc_8"": 30, ""new_fc_9"": 9, ""num_neurons"": 8, ""optimizer"": ""Adagrad"", ""reg_l2"": true, ""skip_connection"": false, ""unit_c1"": 2, ""unit_c2"": 4}"
244,90,accuracy,0.3245999813079834,0.6754000186920166,0.10793389333333334,16190084.0,359002.0,-0.7403998450844116,8619.3648,"{""activation"": ""swish"", ""batch_size"": 32, ""data_augmentation"": false, ""dr_f"": 0.458869400921, ""learning_rate"": 0.000650617109, ""new_fc_1"": 25, ""new_fc_10"": 9, ""new_fc_2"": 22, ""new_fc_3"": 23, ""new_fc_4"": 3, ""new_fc_5"": 6, ""new_fc_6"": 17, ""new_fc_7"": 25, ""new_fc_8"": 15, ""new_fc_9"": 6, ""num_neurons"": 8, ""optimizer"": ""Adamax"", ""reg_l2"": false, ""skip_connection"": true, ""unit_c1"": 3, ""unit_c2"": 2}"
245,90,flops,,,0.60953,91429500.0,6061450.0,,8620.8384,"{""activation"": ""swish"", ""batch_size"": 64, ""data_augmentation"": true, ""dr_f"": 0.289789444848, ""learning_rate"": 0.000603746599, ""new_fc_1"": 27, ""new_fc_10"": 2, ""new_fc_2"": 17, ""new_fc_3"": 2, ""new_fc_4"": 1, ""new_fc_5"": 9, ""new_fc_6"": 0, ""new_fc_7"": 5, ""new_fc_8"": 2, ""new_fc_9"": 13, ""num_neurons"": 32, ""optimizer"": ""Adamax"", ""reg_l2"": false, ""skip_connection"": true, ""unit_c1"": 1, ""unit_c2"": 3}"
246,90,flops,,,0.22916386666666666,34374580.0,201890.0,,8621.9037,"{""activation"": ""elu"", ""batch_size"": 16, ""data_augmentation"": false, ""dr_f"": 0.147030392824, ""learning_rate"": 0.000392190379, ""new_fc_1"": 3, ""new_fc_10"": 1, ""new_fc_2"": 1, ""new_fc_3"": 2, ""new_fc_4"": 22, ""new_fc_5"": 21, ""new_fc_6"": 20, ""new_fc_7"": 17, ""new_fc_8"": 18, ""new_fc_9"": 2, ""num_neurons"": 8, ""optimizer"": ""Adamax"", ""reg_l2"": false, ""skip_connection"": false, ""unit_c1"": 4, ""unit_c2"": 5}"
247,91,accuracy,0.3723999857902527,0.6276000142097473,0.40106578666666665,60159868.0,985050.0,-0.619000273946823,9366.8644,"{""activation"": ""relu"", ""batch_size"": 32, ""data_augmentation"": true, ""dr_f"": 0.036970051362, ""learning_rate"": 0.000938581498, ""new_fc_1"": 12, ""new_fc_10"": 8, ""new_fc_2"": 22, ""new_fc_3"": 15, ""new_fc_4"": 5, ""new_fc_5"": 0, ""new_fc_6"": 28, ""new_fc_7"": 14, ""new_fc_8"": 17, ""new_fc_9"": 27, ""num_neurons"": 16, ""optimizer"": ""Adagrad"", ""reg_l2"": false, ""skip_connection"": true, ""unit_c1"": 3, ""unit_c2"": 2}"
248,92,accuracy,10000000000.0,,8.88551336,1332827004.0,47321802.0,10000000000.0,9369.6711,"{""activation"": ""elu"", ""batch_size"": 16, ""data_augmentation"": true, ""dr_f"": 0.143594697501, ""learning_rate"": 0.000613948231, ""new_fc_1"": 22, ""new_fc_10"": 15, ""new_fc_2"": 22, ""new_fc_3"": 17, ""new_fc_4"": 9, ""new_fc_5"": 12, ""new_fc_6"": 20, ""new_fc_7"": 0, ""new_fc_8"": 24, ""new_fc_9"": 20, ""num_neurons"": 64, ""optimizer"": ""SGD"", ""reg_l2"": true, ""skip_connection"": true, ""unit_c1"": 2, ""unit_c2"": 6}"
249,93,accuracy,0.8999999985098839,0.10000000149011612,0.08193784,12290676.0,777330.0,-0.3454186490430813,9754.4426,"{""activation"": ""relu"", ""batch_size"": 16, ""data_augmentation"": true, ""dr_f"": 0.249943397578, ""learning_rate"": 0.000937864427, ""new_fc_1"": 28, ""new_fc_10"": 1, ""new_fc_2"": 18, ""new_fc_3"": 3, ""new_fc_4"": 29, ""new_fc_5"": 32, ""new_fc_6"": 16, ""new_fc_7"": 31, ""new_fc_8"": 6, ""new_fc_9"": 15, ""num_neurons"": 8, ""optimizer"": ""SGD"", ""reg_l2"": true, ""skip_connection"": true, ""unit_c1"": 1, ""unit_c2"": 5}"
250,93,flops,,,0.01137768,1706652.0,112922.0,,9755.6935,"{""activation"": ""elu"", ""batch_size"": 8, ""data_augmentation"": true, ""dr_f"": 0.299893011766, ""learning_rate"": 0.000142968478, ""new_fc_1"": 12, ""new_fc_10"": 5, ""new_fc_2"": 32, ""new_fc_3"": 31, ""new_fc_4"": 11, ""new_fc_5"": 26, ""new_fc_6"": 29, ""new_fc_7"": 31, ""new_fc_8"": 12, ""new_fc_9"": 31, ""num_neurons"": 4, ""optimizer"": ""Adamax"", ""reg_l2"": true, ""skip_connection"": true, ""unit_c1"": 1, ""unit_c2"": 3}"
251,94,accuracy,0.8570999950170517,0.1429000049829483,0.12176253333333334,18264380.0,375570.0,-0.3635012434880638,10141.2994,"{""activation"": ""relu"", ""batch_size"": 32, ""data_augmentation"": true, ""dr_f"": 0.160733686456, ""learning_rate"": 0.000156396946, ""new_fc_1"": 18, ""new_fc_10"": 0, ""new_fc_2"": 15, ""new_fc_3"": 12, ""new_fc_4"": 32, ""new_fc_5"": 3, ""new_fc_6"": 17, ""new_fc_7"": 14, ""new_fc_8"": 21, ""new_fc_9"": 28, ""num_neurons"": 8, ""optimizer"": ""Adagrad"", ""reg_l2"": true, ""skip_connection"": true, ""unit_c1"": 3, ""unit_c2"": 3}"
252,94,flops,,,0.04067050666666667,6100576.0,73370.0,,10142.5611,"{""activation"": ""relu"", ""batch_size"": 64, ""data_augmentation"": true, ""dr_f"": 0.147727571584, ""learning_rate"": 0.000689289551, ""new_fc_1"": 4, ""new_fc_10"": 3, ""new_fc_2"": 15, ""new_fc_3"": 21, ""new_fc_4"": 3, ""new_fc_5"": 9, ""new_fc_6"": 30, ""new_fc_7"": 16, ""new_fc_8"": 22, ""new_fc_9"": 10, ""num_neurons"": 4, ""optimizer"": ""Adagrad"", ""reg_l2"": false, ""skip_connection"": true, ""unit_c1"": 1, ""unit_c2"": 8}"
253,95,accuracy,0.7776000052690506,0.2223999947309494,0.04674112,7011168.0,262346.0,-0.4416576603116646,10887.8354,"{""activation"": ""elu"", ""batch_size"": 8, ""data_augmentation"": true, ""dr_f"": 0.315083690829, ""learning_rate"": 0.000235389219, ""new_fc_1"": 31, ""new_fc_10"": 22, ""new_fc_2"": 8, ""new_fc_3"": 27, ""new_fc_4"": 10, ""new_fc_5"": 9, ""new_fc_6"": 18, ""new_fc_7"": 1, ""new_fc_8"": 14, ""new_fc_9"": 21, ""num_neurons"": 4, ""optimizer"": ""Adagrad"", ""reg_l2"": true, ""skip_connection"": true, ""unit_c1"": 2, ""unit_c2"": 7}"
254,95,flops,,,14.33361576,2150042364.0,18318090.0,,10889.7863,"{""activation"": ""swish"", ""batch_size"": 16, ""data_augmentation"": true, ""dr_f"": 0.053603030936, ""learning_rate"": 0.00069835898, ""new_fc_1"": 1, ""new_fc_10"": 32, ""new_fc_2"": 4, ""new_fc_3"": 6, ""new_fc_4"": 27, ""new_fc_5"": 23, ""new_fc_6"": 14, ""new_fc_7"": 32, ""new_fc_8"": 20, ""new_fc_9"": 26, ""num_neurons"": 64, ""optimizer"": ""Adagrad"", ""reg_l2"": false, ""skip_connection"": true, ""unit_c1"": 4, ""unit_c2"": 5}"
255,95,flops,,,0.062422,9363300.0,154674.0,,10890.9771,"{""activation"": ""swish"", ""batch_size"": 8, ""data_augmentation"": true, ""dr_f"": 0.437063323827, ""learning_rate"": 0.000566603514, ""new_fc_1"": 15, ""new_fc_10"": 31, ""new_fc_2"": 28, ""new_fc_3"": 23, ""new_fc_4"": 19, ""new_fc_5"": 24, ""new_fc_6"": 23, ""new_fc_7"": 1, ""new_fc_8"": 26, ""new_fc_9"": 28, ""num_neurons"": 4, ""optimizer"": ""Adam"", ""reg_l2"": true, ""skip_connection"": false, ""unit_c1"": 4, ""unit_c2"": 5}"
256,96,accuracy,0.8615999966859818,0.13840000331401825,0.42440765333333336,63661148.0,6678730.0,-0.26955770631981274,11216.3461,"{""activation"": ""relu"", ""batch_size"": 32, ""data_augmentation"": false, ""dr_f"": 0.135384886302, ""learning_rate"": 0.000222951261, ""new_fc_1"": 12, ""new_fc_10"": 13, ""new_fc_2"": 23, ""new_fc_3"": 32, ""new_fc_4"": 19, ""new_fc_5"": 31, ""new_fc_6"": 32, ""new_fc_7"": 23, ""new_fc_8"": 18, ""new_fc_9"": 18, ""num_neurons"": 32, ""optimizer"": ""SGD"", ""reg_l2"": false, ""skip_connection"": true, ""unit_c1"": 1, ""unit_c2"": 2}"
257,96,flops,,,0.04111776,6167664.0,106898.0,,11217.6031,"{""activation"": ""relu"", ""batch_size"": 32, ""data_augmentation"": true, ""dr_f"": 0.287407542328, ""learning_rate"": 0.000301764449, ""new_fc_1"": 9, ""new_fc_10"": 6, ""new_fc_2"": 5, ""new_fc_3"": 25, ""new_fc_4"": 16, ""new_fc_5"": 19, ""new_fc_6"": 1, ""new_fc_7"": 27, ""new_fc_8"": 13, ""new_fc_9"": 4, ""num_neurons"": 4, ""optimizer"": ""Adadelta"", ""reg_l2"": false, ""skip_connection"": true, ""unit_c1"": 1, ""unit_c2"": 8}"
258,96,flops,,,0.056274373333333336,8441156.0,148730.0,,11218.5521,"{""activation"": ""relu"", ""batch_size"": 64, ""data_augmentation"": false, ""dr_f"": 0.223294224869, ""learning_rate"": 0.000730694582, ""new_fc_1"": 25, ""new_fc_10"": 9, ""new_fc_2"": 25, ""new_fc_3"": 17, ""new_fc_4"": 14, ""new_fc_5"": 6, ""new_fc_6"": 10, ""new_fc_7"": 6, ""new_fc_8"": 20, ""new_fc_9"": 26, ""num_neurons"": 4, ""optimizer"": ""SGD"", ""reg_l2"": false, ""skip_connection"": true, ""unit_c1"": 4, ""unit_c2"": 4}"
259,97,accuracy,0.3522999882698059,0.6477000117301941,0.018602,2790300.0,220898.0,-0.7478094082111358,13343.7241,"{""activation"": ""swish"", ""batch_size"": 8, ""data_augmentation"": false, ""dr_f"": 0.460768317358, ""learning_rate"": 0.000296329671, ""new_fc_1"": 4, ""new_fc_10"": 18, ""new_fc_2"": 26, ""new_fc_3"": 23, ""new_fc_4"": 32, ""new_fc_5"": 20, ""new_fc_6"": 26, ""new_fc_7"": 0, ""new_fc_8"": 4, ""new_fc_9"": 19, ""num_neurons"": 8, ""optimizer"": ""Adam"", ""reg_l2"": false, ""skip_connection"": true, ""unit_c1"": 1, ""unit_c2"": 1}"
260,97,flops,,,0.025193866666666665,3779080.0,65810.0,,13344.969,"{""activation"": ""relu"", ""batch_size"": 8, ""data_augmentation"": false, ""dr_f"": 0.415384360924, ""learning_rate"": 0.000625364136, ""new_fc_1"": 12, ""new_fc_10"": 23, ""new_fc_2"": 4, ""new_fc_3"": 18, ""new_fc_4"": 24, ""new_fc_5"": 23, ""new_fc_6"": 16, ""new_fc_7"": 29, ""new_fc_8"": 24, ""new_fc_9"": 10, ""num_neurons"": 4, ""optimizer"": ""Adamax"", ""reg_l2"": false, ""skip_connection"": false, ""unit_c1"": 3, ""unit_c2"": 1}"
261,97,flops,,,0.3464012533333333,51960188.0,616138.0,,13346.2618,"{""activation"": ""selu"", ""batch_size"": 32, ""data_augmentation"": false, ""dr_f"": 0.448223875806, ""learning_rate"": 0.000433491856, ""new_fc_1"": 19, ""new_fc_10"": 3, ""new_fc_2"": 5, ""new_fc_3"": 20, ""new_fc_4"": 4, ""new_fc_5"": 17, ""new_fc_6"": 0, ""new_fc_7"": 14, ""new_fc_8"": 9, ""new_fc_9"": 29, ""num_neurons"": 16, ""optimizer"": ""Adam"", ""reg_l2"": true, ""skip_connection"": true, ""unit_c1"": 3, ""unit_c2"": 1}"
262,97,flops,,,0.64753576,97130364.0,1133738.0,,13347.371,"{""activation"": ""selu"", ""batch_size"": 32, ""data_augmentation"": false, ""dr_f"": 0.117741041466, ""learning_rate"": 0.000982238307, ""new_fc_1"": 22, ""new_fc_10"": 18, ""new_fc_2"": 2, ""new_fc_3"": 15, ""new_fc_4"": 29, ""new_fc_5"": 5, ""new_fc_6"": 5, ""new_fc_7"": 15, ""new_fc_8"": 2, ""new_fc_9"": 27, ""num_neurons"": 16, ""optimizer"": ""SGD"", ""reg_l2"": false, ""skip_connection"": true, ""unit_c1"": 4, ""unit_c2"": 2}"
263,98,accuracy,10000000000.0,,2.0759588,311393820.0,13648778.0,10000000000.0,13348.962,"{""activation"": ""elu"", ""batch_size"": 64, ""data_augmentation"": false, ""dr_f"": 0.205683611557, ""learning_rate"": 0.000870150366, ""new_fc_1"": 22, ""new_fc_10"": 3, ""new_fc_2"": 5, ""new_fc_3"": 12, ""new_fc_4"": 31, ""new_fc_5"": 28, ""new_fc_6"": 21, ""new_fc_7"": 21, ""new_fc_8"": 9, ""new_fc_9"": 27, ""num_neurons"": 32, ""optimizer"": ""SGD"", ""reg_l2"": true, ""skip_connection"": false, ""unit_c1"": 1, ""unit_c2"": 7}"
264,99,accuracy,0.3059999942779541,0.6940000057220459,0.64753576,97130364.0,1133738.0,-0.5915392760054321,14093.4993,"{""activation"": ""selu"", ""batch_size"": 32, ""data_augmentation"": false, ""dr_f"": 0.117741041466, ""learning_rate"": 0.000982238307, ""new_fc_1"": 22, ""new_fc_10"": 18, ""new_fc_2"": 2, ""new_fc_3"": 15, ""new_fc_4"": 29, ""new_fc_5"": 5, ""new_fc_6"": 5, ""new_fc_7"": 15, ""new_fc_8"": 2, ""new_fc_9"": 27, ""num_neurons"": 16, ""optimizer"": ""SGD"", ""reg_l2"": false, ""skip_connection"": true, ""unit_c1"": 4, ""unit_c2"": 2}"
265,100,accuracy,0.8748999983072281,0.1251000016927719,0.05655917333333333,8483876.0,470266.0,-0.37060224918494034,14298.0444,"{""activation"": ""relu"", ""batch_size"": 64, ""data_augmentation"": true, ""dr_f"": 0.308655332139, ""learning_rate"": 0.000241135327, ""new_fc_1"": 20, ""new_fc_10"": 30, ""new_fc_2"": 30, ""new_fc_3"": 9, ""new_fc_4"": 4, ""new_fc_5"": 14, ""new_fc_6"": 17, ""new_fc_7"": 8, ""new_fc_8"": 25, ""new_fc_9"": 8, ""num_neurons"": 8, ""optimizer"": ""Adagrad"", ""reg_l2"": true, ""skip_connection"": false, ""unit_c1"": 1, ""unit_c2"": 4}"
266,101,accuracy,10000000000.0,,2.0722783733333334,310841756.0,1921098.0,10000000000.0,2.6996,"{""activation"": ""elu"", ""batch_size"": 16, ""data_augmentation"": true, ""dr_f"": 0.449461083546, ""learning_rate"": 0.000543667657, ""new_fc_1"": 1, ""new_fc_10"": 20, ""new_fc_2"": 2, ""new_fc_3"": 22, ""new_fc_4"": 15, ""new_fc_5"": 10, ""new_fc_6"": 6, ""new_fc_7"": 31, ""new_fc_8"": 13, ""new_fc_9"": 3, ""num_neurons"": 32, ""optimizer"": ""Adam"", ""reg_l2"": true, ""skip_connection"": false, ""unit_c1"": 3, ""unit_c2"": 4}"
267,101,flops,,,1.2030438133333334,180456572.0,7676426.0,,4.3994,"{""activation"": ""swish"", ""batch_size"": 16, ""data_augmentation"": true, ""dr_f"": 0.078496569363, ""learning_rate"": 0.000102002321, ""new_fc_1"": 13, ""new_fc_10"": 19, ""new_fc_2"": 17, ""new_fc_3"": 3, ""new_fc_4"": 0, ""new_fc_5"": 4, ""new_fc_6"": 27, ""new_fc_7"": 32, ""new_fc_8"": 27, ""new_fc_9"": 20, ""num_neurons"": 32, ""optimizer"": ""Adam"", ""reg_l2"": false, ""skip_connection"": true, ""unit_c1"": 1, ""unit_c2"": 5}"
268,102,accuracy,0.38819998502731323,0.6118000149726868,0.10881608,16322412.0,483970.0,-0.6956151864808806,2430.5108,"{""activation"": ""elu"", ""batch_size"": 8, ""data_augmentation"": false, ""dr_f"": 0.203210950249, ""learning_rate"": 0.000322472206, ""new_fc_1"": 23, ""new_fc_10"": 4, ""new_fc_2"": 5, ""new_fc_3"": 24, ""new_fc_4"": 10, ""new_fc_5"": 29, ""new_fc_6"": 29, ""new_fc_7"": 30, ""new_fc_8"": 30, ""new_fc_9"": 30, ""num_neurons"": 8, ""optimizer"": ""Adam"", ""reg_l2"": true, ""skip_connection"": true, ""unit_c1"": 3, ""unit_c2"": 2}"
269,103,accuracy,0.8144000023603439,0.18559999763965607,0.05627,8440500.0,216114.0,-0.4130389983477592,3355.4149,"{""activation"": ""relu"", ""batch_size"": 16, ""data_augmentation"": true, ""dr_f"": 0.171372602687, ""learning_rate"": 0.00031751825, ""new_fc_1"": 16, ""new_fc_10"": 8, ""new_fc_2"": 22, ""new_fc_3"": 1, ""new_fc_4"": 14, ""new_fc_5"": 22, ""new_fc_6"": 8, ""new_fc_7"": 15, ""new_fc_8"": 1, ""new_fc_9"": 20, ""num_neurons"": 8, ""optimizer"": ""Adagrad"", ""reg_l2"": false, ""skip_connection"": false, ""unit_c1"": 2, ""unit_c2"": 2}"
270,104,accuracy,0.3077999949455261,0.6922000050544739,0.12534008,18801012.0,580938.0,-0.7469379795381317,4581.0375,"{""activation"": ""swish"", ""batch_size"": 8, ""data_augmentation"": true, ""dr_f"": 0.267245568954, ""learning_rate"": 0.000811953261, ""new_fc_1"": 25, ""new_fc_10"": 31, ""new_fc_2"": 20, ""new_fc_3"": 32, ""new_fc_4"": 32, ""new_fc_5"": 25, ""new_fc_6"": 7, ""new_fc_7"": 26, ""new_fc_8"": 9, ""new_fc_9"": 10, ""num_neurons"": 8, ""optimizer"": ""Adam"", ""reg_l2"": false, ""skip_connection"": true, ""unit_c1"": 3, ""unit_c2"": 3}"
271,104,flops,,,14.29868456,2144802684.0,69208458.0,,4585.1238,"{""activation"": ""relu"", ""batch_size"": 64, ""data_augmentation"": true, ""dr_f"": 0.349609270461, ""learning_rate"": 0.000678468573, ""new_fc_1"": 31, ""new_fc_10"": 22, ""new_fc_2"": 0, ""new_fc_3"": 25, ""new_fc_4"": 11, ""new_fc_5"": 16, ""new_fc_6"": 26, ""new_fc_7"": 2, ""new_fc_8"": 18, ""new_fc_9"": 14, ""num_neurons"": 64, ""optimizer"": ""SGD"", ""reg_l2"": false, ""skip_connection"": false, ""unit_c1"": 3, ""unit_c2"": 7}"
272,105,accuracy,0.8999999985098839,0.10000000149011612,0.07046029333333333,10569044.0,323862.0,-0.3488619130430813,4850.1975,"{""activation"": ""swish"", ""batch_size"": 32, ""data_augmentation"": true, ""dr_f"": 0.195091112553, ""learning_rate"": 0.000625655758, ""new_fc_1"": 31, ""new_fc_10"": 31, ""new_fc_2"": 15, ""new_fc_3"": 24, ""new_fc_4"": 10, ""new_fc_5"": 27, ""new_fc_6"": 3, ""new_fc_7"": 27, ""new_fc_8"": 26, ""new_fc_9"": 20, ""num_neurons"": 4, ""optimizer"": ""Adagrad"", ""reg_l2"": true, ""skip_connection"": false, ""unit_c1"": 3, ""unit_c2"": 8}"
273,106,accuracy,0.8000999987125397,0.19990000128746033,0.0589988,8849820.0,353690.0,-0.4222303609012222,5234.9177,"{""activation"": ""relu"", ""batch_size"": 64, ""data_augmentation"": false, ""dr_f"": 0.31670668361, ""learning_rate"": 0.000596084797, ""new_fc_1"": 3, ""new_fc_10"": 24, ""new_fc_2"": 22, ""new_fc_3"": 19, ""new_fc_4"": 5, ""new_fc_5"": 8, ""new_fc_6"": 9, ""new_fc_7"": 4, ""new_fc_8"": 15, ""new_fc_9"": 9, ""num_neurons"": 16, ""optimizer"": ""Adagrad"", ""reg_l2"": false, ""skip_connection"": true, ""unit_c1"": 1, ""unit_c2"": 1}"
274,107,accuracy,0.7450999915599823,0.2549000084400177,0.7910911733333333,118663676.0,1922666.0,-0.2411026539080124,5441.1197,"{""activation"": ""elu"", ""batch_size"": 64, ""data_augmentation"": false, ""dr_f"": 0.332081190512, ""learning_rate"": 0.00079063626, ""new_fc_1"": 2, ""new_fc_10"": 16, ""new_fc_2"": 28, ""new_fc_3"": 3, ""new_fc_4"": 7, ""new_fc_5"": 29, ""new_fc_6"": 4, ""new_fc_7"": 22, ""new_fc_8"": 3, ""new_fc_9"": 28, ""num_neurons"": 32, ""optimizer"": ""SGD"", ""reg_l2"": true, ""skip_connection"": false, ""unit_c1"": 1, ""unit_c2"": 4}"
275,108,accuracy,0.7156000137329102,0.28439998626708984,0.68243784,102365676.0,3766682.0,-0.2943486383869629,7746.1579,"{""activation"": ""relu"", ""batch_size"": 8, ""data_augmentation"": true, ""dr_f"": 0.240446851837, ""learning_rate"": 0.000288831591, ""new_fc_1"": 27, ""new_fc_10"": 25, ""new_fc_2"": 3, ""new_fc_3"": 15, ""new_fc_4"": 17, ""new_fc_5"": 4, ""new_fc_6"": 25, ""new_fc_7"": 21, ""new_fc_8"": 10, ""new_fc_9"": 20, ""num_neurons"": 16, ""optimizer"": ""Adagrad"", ""reg_l2"": false, ""skip_connection"": false, ""unit_c1"": 2, ""unit_c2"": 7}"
276,109,accuracy,0.8999999985098839,0.10000000149011612,0.007966133333333333,1194920.0,97506.0,-0.3676101610430813,7951.115,"{""activation"": ""swish"", ""batch_size"": 32, ""data_augmentation"": true, ""dr_f"": 0.227356043798, ""learning_rate"": 0.00093880434, ""new_fc_1"": 30, ""new_fc_10"": 32, ""new_fc_2"": 18, ""new_fc_3"": 1, ""new_fc_4"": 2, ""new_fc_5"": 21, ""new_fc_6"": 12, ""new_fc_7"": 30, ""new_fc_8"": 11, ""new_fc_9"": 12, ""num_neurons"": 4, ""optimizer"": ""SGD"", ""reg_l2"": true, ""skip_connection"": false, ""unit_c1"": 1, ""unit_c2"": 2}"
277,110,accuracy,0.8650999963283539,0.13490000367164612,0.04111776,6167664.0,106898.0,-0.3820946745701523,8215.8224,"{""activation"": ""relu"", ""batch_size"": 32, ""data_augmentation"": true, ""dr_f"": 0.287407542328, ""learning_rate"": 0.000301764449, ""new_fc_1"": 9, ""new_fc_10"": 6, ""new_fc_2"": 5, ""new_fc_3"": 25, ""new_fc_4"": 16, ""new_fc_5"": 19, ""new_fc_6"": 1, ""new_fc_7"": 27, ""new_fc_8"": 13, ""new_fc_9"": 4, ""num_neurons"": 4, ""optimizer"": ""Adadelta"", ""reg_l2"": false, ""skip_connection"": true, ""unit_c1"": 1, ""unit_c2"": 8}"
278,110,flops,,,0.23958450666666667,35937676.0,1129034.0,,8217.0556,"{""activation"": ""swish"", ""batch_size"": 32, ""data_augmentation"": false, ""dr_f"": 0.459974577019, ""learning_rate"": 0.000413674057, ""new_fc_1"": 30, ""new_fc_10"": 27, ""new_fc_2"": 19, ""new_fc_3"": 24, ""new_fc_4"": 16, ""new_fc_5"": 27, ""new_fc_6"": 31, ""new_fc_7"": 4, ""new_fc_8"": 8, ""new_fc_9"": 16, ""num_neurons"": 8, ""optimizer"": ""Adagrad"", ""reg_l2"": false, ""skip_connection"": true, ""unit_c1"": 3, ""unit_c2"": 7}"
279,110,flops,,,0.10490056,15735084.0,1303818.0,,8218.2194,"{""activation"": ""elu"", ""batch_size"": 8, ""data_augmentation"": true, ""dr_f"": 0.043388406047, ""learning_rate"": 0.000852588796, ""new_fc_1"": 25, ""new_fc_10"": 0, ""new_fc_2"": 19, ""new_fc_3"": 8, ""new_fc_4"": 30, ""new_fc_5"": 2, ""new_fc_6"": 30, ""new_fc_7"": 24, ""new_fc_8"": 2, ""new_fc_9"": 23, ""num_neurons"": 16, ""optimizer"": ""SGD"", ""reg_l2"": false, ""skip_connection"": true, ""unit_c1"": 1, ""unit_c2"": 2}"
280,111,accuracy,0.8999999985098839,0.10000000149011612,0.01754472,2631708.0,197058.0,-0.3647365850430813,8903.524,"{""activation"": ""relu"", ""batch_size"": 8, ""data_augmentation"": false, ""dr_f"": 0.107606800924, ""learning_rate"": 0.000612155938, ""new_fc_1"": 17, ""new_fc_10"": 14, ""new_fc_2"": 20, ""new_fc_3"": 30, ""new_fc_4"": 17, ""new_fc_5"": 13, ""new_fc_6"": 9, ""new_fc_7"": 10, ""new_fc_8"": 2, ""new_fc_9"": 0, ""num_neurons"": 8, ""optimizer"": ""Adamax"", ""reg_l2"": true, ""skip_connection"": false, ""unit_c1"": 1, ""unit_c2"": 1}"
281,112,accuracy,0.3075000047683716,0.6924999952316284,0.9206630133333333,138099452.0,3004362.0,-0.5085510926621398,9648.3415,"{""activation"": ""selu"", ""batch_size"": 32, ""data_augmentation"": true, ""dr_f"": 0.15986469573, ""learning_rate"": 0.000822193271, ""new_fc_1"": 27, ""new_fc_10"": 19, ""new_fc_2"": 8, ""new_fc_3"": 26, ""new_fc_4"": 29, ""new_fc_5"": 17, ""new_fc_6"": 10, ""new_fc_7"": 21, ""new_fc_8"": 13, ""new_fc_9"": 6, ""num_neurons"": 16, ""optimizer"": ""SGD"", ""reg_l2"": true, ""skip_connection"": false, ""unit_c1"": 4, ""unit_c2"": 5}"
282,112,flops,,,0.04112498666666667,6168748.0,107430.0,,9649.658,"{""activation"": ""relu"", ""batch_size"": 8, ""data_augmentation"": true, ""dr_f"": 0.049857302592, ""learning_rate"": 0.000690850729, ""new_fc_1"": 8, ""new_fc_10"": 1, ""new_fc_2"": 1, ""new_fc_3"": 8, ""new_fc_4"": 9, ""new_fc_5"": 8, ""new_fc_6"": 23, ""new_fc_7"": 26, ""new_fc_8"": 32, ""new_fc_9"": 4, ""num_neurons"": 4, ""optimizer"": ""Adadelta"", ""reg_l2"": false, ""skip_connection"": true, ""unit_c1"": 1, ""unit_c2"": 8}"
283,113,accuracy,0.43080002069473267,0.5691999793052673,0.01061936,1592904.0,55846.0,-0.6952541775136871,10214.4574,"{""activation"": ""selu"", ""batch_size"": 32, ""data_augmentation"": true, ""dr_f"": 0.178447248514, ""learning_rate"": 0.000964957913, ""new_fc_1"": 11, ""new_fc_10"": 3, ""new_fc_2"": 13, ""new_fc_3"": 27, ""new_fc_4"": 12, ""new_fc_5"": 8, ""new_fc_6"": 24, ""new_fc_7"": 0, ""new_fc_8"": 1, ""new_fc_9"": 20, ""num_neurons"": 4, ""optimizer"": ""Adam"", ""reg_l2"": false, ""skip_connection"": true, ""unit_c1"": 1, ""unit_c2"": 3}"
284,113,flops,,,0.044887253333333335,6733088.0,62142.0,,10215.793,"{""activation"": ""swish"", ""batch_size"": 16, ""data_augmentation"": true, ""dr_f"": 0.240443044077, ""learning_rate"": 0.00093407123, ""new_fc_1"": 4, ""new_fc_10"": 23, ""new_fc_2"": 16, ""new_fc_3"": 32, ""new_fc_4"": 8, ""new_fc_5"": 31, ""new_fc_6"": 20, ""new_fc_7"": 0, ""new_fc_8"": 23, ""new_fc_9"": 18, ""num_neurons"": 4, ""optimizer"": ""SGD"", ""reg_l2"": true, ""skip_connection"": false, ""unit_c1"": 4, ""unit_c2"": 2}"
285,113,flops,,,0.03738928,5608392.0,61186.0,,10217.0343,"{""activation"": ""swish"", ""batch_size"": 16, ""data_augmentation"": true, ""dr_f"": 0.204869118951, ""learning_rate"": 0.00030349748, ""new_fc_1"": 6, ""new_fc_10"": 5, ""new_fc_2"": 17, ""new_fc_3"": 11, ""new_fc_4"": 17, ""new_fc_5"": 31, ""new_fc_6"": 5, ""new_fc_7"": 7, ""new_fc_8"": 24, ""new_fc_9"": 18, ""num_neurons"": 4, ""optimizer"": ""Adam"", ""reg_l2"": true, ""skip_connection"": false, ""unit_c1"": 3, ""unit_c2"": 4}"
286,114,accuracy,0.32840001583099365,0.6715999841690063,0.6528296266666667,97924444.0,2819930.0,-0.5742711009183045,11081.8282,"{""activation"": ""selu"", ""batch_size"": 32, ""data_augmentation"": true, ""dr_f"": 0.058565198806, ""learning_rate"": 0.000106406376, ""new_fc_1"": 26, ""new_fc_10"": 27, ""new_fc_2"": 19, ""new_fc_3"": 12, ""new_fc_4"": 29, ""new_fc_5"": 10, ""new_fc_6"": 13, ""new_fc_7"": 10, ""new_fc_8"": 31, ""new_fc_9"": 5, ""num_neurons"": 16, ""optimizer"": ""SGD"", ""reg_l2"": true, ""skip_connection"": false, ""unit_c1"": 3, ""unit_c2"": 5}"
287,114,flops,,,18.68743336,2803115004.0,35542794.0,,11084.6046,"{""activation"": ""swish"", ""batch_size"": 8, ""data_augmentation"": false, ""dr_f"": 0.451731272462, ""learning_rate"": 0.000438816955, ""new_fc_1"": 14, ""new_fc_10"": 25, ""new_fc_2"": 2, ""new_fc_3"": 21, ""new_fc_4"": 21, ""new_fc_5"": 21, ""new_fc_6"": 14, ""new_fc_7"": 7, ""new_fc_8"": 8, ""new_fc_9"": 4, ""num_neurons"": 64, ""optimizer"": ""Adadelta"", ""reg_l2"": false, ""skip_connection"": true, ""unit_c1"": 4, ""unit_c2"": 7}"
288,114,flops,,,0.01616144,2424216.0,171242.0,,11085.7303,"{""activation"": ""relu"", ""batch_size"": 64, ""data_augmentation"": true, ""dr_f"": 0.325286161763, ""learning_rate"": 0.000434617688, ""new_fc_1"": 28, ""new_fc_10"": 12, ""new_fc_2"": 5, ""new_fc_3"": 4, ""new_fc_4"": 7, ""new_fc_5"": 22, ""new_fc_6"": 16, ""new_fc_7"": 30, ""new_fc_8"": 28, ""new_fc_9"": 31, ""num_neurons"": 4, ""optimizer"": ""Adagrad"", ""reg_l2"": true, ""skip_connection"": true, ""unit_c1"": 1, ""unit_c2"": 4}"
289,115,accuracy,0.871399998664856,0.12860000133514404,0.04995370666666667,7493056.0,108078.0,-0.3750338889346008,11231.2991,"{""activation"": ""swish"", ""batch_size"": 64, ""data_augmentation"": true, ""dr_f"": 0.301205842096, ""learning_rate"": 0.000118795717, ""new_fc_1"": 17, ""new_fc_10"": 4, ""new_fc_2"": 10, ""new_fc_3"": 9, ""new_fc_4"": 10, ""new_fc_5"": 30, ""new_fc_6"": 30, ""new_fc_7"": 25, ""new_fc_8"": 15, ""new_fc_9"": 21, ""num_neurons"": 4, ""optimizer"": ""SGD"", ""reg_l2"": true, ""skip_connection"": false, ""unit_c1"": 4, ""unit_c2"": 3}"
290,116,accuracy,0.8086999952793121,0.19130000472068787,0.056274373333333336,8441156.0,148730.0,-0.4170276913044815,11556.1541,"{""activation"": ""relu"", ""batch_size"": 64, ""data_augmentation"": false, ""dr_f"": 0.223294224869, ""learning_rate"": 0.000730694582, ""new_fc_1"": 25, ""new_fc_10"": 9, ""new_fc_2"": 25, ""new_fc_3"": 17, ""new_fc_4"": 14, ""new_fc_5"": 6, ""new_fc_6"": 10, ""new_fc_7"": 6, ""new_fc_8"": 20, ""new_fc_9"": 26, ""num_neurons"": 4, ""optimizer"": ""SGD"", ""reg_l2"": false, ""skip_connection"": true, ""unit_c1"": 4, ""unit_c2"": 4}"
291,116,flops,,,0.024953013333333333,3742952.0,161982.0,,11557.2097,"{""activation"": ""relu"", ""batch_size"": 8, ""data_augmentation"": true, ""dr_f"": 0.104885357788, ""learning_rate"": 0.000501060965, ""new_fc_1"": 25, ""new_fc_10"": 32, ""new_fc_2"": 12, ""new_fc_3"": 3, ""new_fc_4"": 27, ""new_fc_5"": 16, ""new_fc_6"": 25, ""new_fc_7"": 25, ""new_fc_8"": 13, ""new_fc_9"": 25, ""num_neurons"": 4, ""optimizer"": ""Adamax"", ""reg_l2"": false, ""skip_connection"": false, ""unit_c1"": 2, ""unit_c2"": 4}"
292,117,accuracy,0.7972999960184097,0.20270000398159027,0.53862216,80793324.0,1310314.0,-0.2803033547871132,12062.0748,"{""activation"": ""relu"", ""batch_size"": 64, ""data_augmentation"": false, ""dr_f"": 0.038733888583, ""learning_rate"": 0.000336220326, ""new_fc_1"": 13, ""new_fc_10"": 18, ""new_fc_2"": 16, ""new_fc_3"": 14, ""new_fc_4"": 14, ""new_fc_5"": 13, ""new_fc_6"": 12, ""new_fc_7"": 13, ""new_fc_8"": 14, ""new_fc_9"": 4, ""num_neurons"": 16, ""optimizer"": ""SGD"", ""reg_l2"": false, ""skip_connection"": false, ""unit_c1"": 3, ""unit_c2"": 4}"
293,118,accuracy,0.8999999985098839,0.10000000149011612,0.062422,9363300.0,154674.0,-0.3512734010430813,12807.3825,"{""activation"": ""swish"", ""batch_size"": 8, ""data_augmentation"": true, ""dr_f"": 0.437063323827, ""learning_rate"": 0.000566603514, ""new_fc_1"": 15, ""new_fc_10"": 31, ""new_fc_2"": 28, ""new_fc_3"": 23, ""new_fc_4"": 19, ""new_fc_5"": 24, ""new_fc_6"": 23, ""new_fc_7"": 1, ""new_fc_8"": 26, ""new_fc_9"": 28, ""num_neurons"": 4, ""optimizer"": ""Adam"", ""reg_l2"": true, ""skip_connection"": false, ""unit_c1"": 4, ""unit_c2"": 5}"
294,119,accuracy,0.8686999976634979,0.13130000233650208,0.04112498666666667,6168748.0,107430.0,-0.37957250563555145,13792.0875,"{""activation"": ""relu"", ""batch_size"": 8, ""data_augmentation"": true, ""dr_f"": 0.049857302592, ""learning_rate"": 0.000690850729, ""new_fc_1"": 8, ""new_fc_10"": 1, ""new_fc_2"": 1, ""new_fc_3"": 8, ""new_fc_4"": 9, ""new_fc_5"": 8, ""new_fc_6"": 23, ""new_fc_7"": 26, ""new_fc_8"": 32, ""new_fc_9"": 4, ""num_neurons"": 4, ""optimizer"": ""Adadelta"", ""reg_l2"": false, ""skip_connection"": true, ""unit_c1"": 1, ""unit_c2"": 8}"
295,120,accuracy,0.28630000352859497,0.713699996471405,0.22916386666666666,34374580.0,201890.0,-0.7308408375299835,14897.4996,"{""activation"": ""elu"", ""batch_size"": 16, ""data_augmentation"": false, ""dr_f"": 0.147030392824, ""learning_rate"": 0.000392190379, ""new_fc_1"": 3, ""new_fc_10"": 1, ""new_fc_2"": 1, ""new_fc_3"": 2, ""new_fc_4"": 22, ""new_fc_5"": 21, ""new_fc_6"": 20, ""new_fc_7"": 17, ""new_fc_8"": 18, ""new_fc_9"": 2, ""num_neurons"": 8, ""optimizer"": ""Adamax"", ""reg_l2"": false, ""skip_connection"": false, ""unit_c1"": 4, ""unit_c2"": 5}"
296,121,accuracy,0.8323000073432922,0.16769999265670776,0.46608328,69912492.0,3198762.0,-0.2775650108596954,15162.562,"{""activation"": ""relu"", ""batch_size"": 32, ""data_augmentation"": true, ""dr_f"": 0.250621311451, ""learning_rate"": 0.000394125948, ""new_fc_1"": 30, ""new_fc_10"": 15, ""new_fc_2"": 1, ""new_fc_3"": 5, ""new_fc_4"": 7, ""new_fc_5"": 31, ""new_fc_6"": 25, ""new_fc_7"": 20, ""new_fc_8"": 28, ""new_fc_9"": 9, ""num_neurons"": 16, ""optimizer"": ""SGD"", ""reg_l2"": true, ""skip_connection"": true, ""unit_c1"": 2, ""unit_c2"": 5}"
297,121,flops,,,0.30459282666666665,45688924.0,1953706.0,,15163.9079,"{""activation"": ""elu"", ""batch_size"": 8, ""data_augmentation"": false, ""dr_f"": 0.408663932931, ""learning_rate"": 0.000664779274, ""new_fc_1"": 18, ""new_fc_10"": 28, ""new_fc_2"": 12, ""new_fc_3"": 18, ""new_fc_4"": 11, ""new_fc_5"": 17, ""new_fc_6"": 12, ""new_fc_7"": 18, ""new_fc_8"": 5, ""new_fc_9"": 7, ""num_neurons"": 16, ""optimizer"": ""Adam"", ""reg_l2"": true, ""skip_connection"": true, ""unit_c1"": 1, ""unit_c2"": 5}"
298,122,accuracy,0.8844000026583672,0.11559999734163284,0.21077554666666667,31616332.0,1143018.0,-0.31768733413914296,15549.1298,"{""activation"": ""swish"", ""batch_size"": 16, ""data_augmentation"": false, ""dr_f"": 0.144444797816, ""learning_rate"": 0.000566748028, ""new_fc_1"": 4, ""new_fc_10"": 1, ""new_fc_2"": 26, ""new_fc_3"": 20, ""new_fc_4"": 0, ""new_fc_5"": 30, ""new_fc_6"": 21, ""new_fc_7"": 28, ""new_fc_8"": 24, ""new_fc_9"": 5, ""num_neurons"": 16, ""optimizer"": ""SGD"", ""reg_l2"": false, ""skip_connection"": false, ""unit_c1"": 1, ""unit_c2"": 4}"
299,123,accuracy,0.8852000012993813,0.11479999870061874,0.01616144,2424216.0,171242.0,-0.3755115670904331,15694.1239,"{""activation"": ""relu"", ""batch_size"": 64, ""data_augmentation"": true, ""dr_f"": 0.325286161763, ""learning_rate"": 0.000434617688, ""new_fc_1"": 28, ""new_fc_10"": 12, ""new_fc_2"": 5, ""new_fc_3"": 4, ""new_fc_4"": 7, ""new_fc_5"": 22, ""new_fc_6"": 16, ""new_fc_7"": 30, ""new_fc_8"": 28, ""new_fc_9"": 31, ""num_neurons"": 4, ""optimizer"": ""Adagrad"", ""reg_l2"": true, ""skip_connection"": true, ""unit_c1"": 1, ""unit_c2"": 4}"
300,124,accuracy,0.8999999985098839,0.10000000149011612,0.044887253333333335,6733088.0,62142.0,-0.3565338250430813,16079.0053,"{""activation"": ""swish"", ""batch_size"": 16, ""data_augmentation"": true, ""dr_f"": 0.240443044077, ""learning_rate"": 0.00093407123, ""new_fc_1"": 4, ""new_fc_10"": 23, ""new_fc_2"": 16, ""new_fc_3"": 32, ""new_fc_4"": 8, ""new_fc_5"": 31, ""new_fc_6"": 20, ""new_fc_7"": 0, ""new_fc_8"": 23, ""new_fc_9"": 18, ""num_neurons"": 4, ""optimizer"": ""SGD"", ""reg_l2"": true, ""skip_connection"": false, ""unit_c1"": 4, ""unit_c2"": 2}"
301,125,accuracy,0.6155000030994415,0.38449999690055847,0.3707257333333333,55608860.0,3320778.0,-0.4579322778303909,16585.0149,"{""activation"": ""elu"", ""batch_size"": 64, ""data_augmentation"": false, ""dr_f"": 0.294338894277, ""learning_rate"": 0.000758297238, ""new_fc_1"": 12, ""new_fc_10"": 21, ""new_fc_2"": 13, ""new_fc_3"": 6, ""new_fc_4"": 19, ""new_fc_5"": 13, ""new_fc_6"": 23, ""new_fc_7"": 21, ""new_fc_8"": 8, ""new_fc_9"": 3, ""num_neurons"": 32, ""optimizer"": ""Adam"", ""reg_l2"": true, ""skip_connection"": false, ""unit_c1"": 1, ""unit_c2"": 2}"
302,126,accuracy,0.8988000005483627,0.10119999945163727,0.024978213333333332,3746732.0,94290.0,-0.36334653561614605,686.4105,"{""activation"": ""relu"", ""batch_size"": 8, ""data_augmentation"": false, ""dr_f"": 0.357939341068, ""learning_rate"": 0.000460559539, ""new_fc_1"": 16, ""new_fc_10"": 6, ""new_fc_2"": 17, ""new_fc_3"": 16, ""new_fc_4"": 1, ""new_fc_5"": 25, ""new_fc_6"": 13, ""new_fc_7"": 11, ""new_fc_8"": 6, ""new_fc_9"": 29, ""num_neurons"": 4, ""optimizer"": ""SGD"", ""reg_l2"": true, ""skip_connection"": true, ""unit_c1"": 2, ""unit_c2"": 4}"
303,126,flops,,,0.65780008,98670012.0,2544586.0,,687.8922,"{""activation"": ""swish"", ""batch_size"": 8, ""data_augmentation"": false, ""dr_f"": 0.490199465998, ""learning_rate"": 0.00069769001, ""new_fc_1"": 7, ""new_fc_10"": 25, ""new_fc_2"": 28, ""new_fc_3"": 5, ""new_fc_4"": 27, ""new_fc_5"": 4, ""new_fc_6"": 25, ""new_fc_7"": 8, ""new_fc_8"": 15, ""new_fc_9"": 24, ""num_neurons"": 32, ""optimizer"": ""Adadelta"", ""reg_l2"": true, ""skip_connection"": false, ""unit_c1"": 2, ""unit_c2"": 1}"
304,127,accuracy,0.39810001850128174,0.6018999814987183,0.04258346666666667,6387520.0,102754.0,-0.7085549470491027,1073.2347,"{""activation"": ""selu"", ""batch_size"": 64, ""data_augmentation"": true, ""dr_f"": 0.037553291867, ""learning_rate"": 0.000632941725, ""new_fc_1"": 32, ""new_fc_10"": 19, ""new_fc_2"": 8, ""new_fc_3"": 10, ""new_fc_4"": 20, ""new_fc_5"": 28, ""new_fc_6"": 29, ""new_fc_7"": 29, ""new_fc_8"": 23, ""new_fc_9"": 15, ""num_neurons"": 4, ""optimizer"": ""Adam"", ""reg_l2"": true, ""skip_connection"": true, ""unit_c1"": 4, ""unit_c2"": 1}"
305,128,accuracy,0.8810999989509583,0.11890000104904175,0.07008973333333333,10513460.0,175266.0,-0.3622030807343292,2358.7317,"{""activation"": ""swish"", ""batch_size"": 8, ""data_augmentation"": false, ""dr_f"": 0.38615964553, ""learning_rate"": 0.000103803296, ""new_fc_1"": 2, ""new_fc_10"": 17, ""new_fc_2"": 30, ""new_fc_3"": 18, ""new_fc_4"": 29, ""new_fc_5"": 26, ""new_fc_6"": 0, ""new_fc_7"": 1, ""new_fc_8"": 1, ""new_fc_9"": 13, ""num_neurons"": 8, ""optimizer"": ""Adadelta"", ""reg_l2"": false, ""skip_connection"": false, ""unit_c1"": 2, ""unit_c2"": 3}"
306,128,flops,,,0.2753205066666667,41298076.0,1190450.0,,2360.0043,"{""activation"": ""selu"", ""batch_size"": 32, ""data_augmentation"": true, ""dr_f"": 0.287381234727, ""learning_rate"": 0.000219462679, ""new_fc_1"": 32, ""new_fc_10"": 17, ""new_fc_2"": 20, ""new_fc_3"": 6, ""new_fc_4"": 14, ""new_fc_5"": 13, ""new_fc_6"": 5, ""new_fc_7"": 1, ""new_fc_8"": 4, ""new_fc_9"": 8, ""num_neurons"": 8, ""optimizer"": ""SGD"", ""reg_l2"": false, ""skip_connection"": true, ""unit_c1"": 3, ""unit_c2"": 8}"
307,129,accuracy,0.2595999836921692,0.7404000163078308,0.12248989333333334,18373484.0,430162.0,-0.7815330434154815,3224.9646,"{""activation"": ""elu"", ""batch_size"": 16, ""data_augmentation"": false, ""dr_f"": 0.373524027157, ""learning_rate"": 0.000979576344, ""new_fc_1"": 20, ""new_fc_10"": 23, ""new_fc_2"": 25, ""new_fc_3"": 11, ""new_fc_4"": 0, ""new_fc_5"": 18, ""new_fc_6"": 29, ""new_fc_7"": 5, ""new_fc_8"": 19, ""new_fc_9"": 20, ""num_neurons"": 8, ""optimizer"": ""Adamax"", ""reg_l2"": false, ""skip_connection"": true, ""unit_c1"": 3, ""unit_c2"": 3}"
308,130,accuracy,0.8981999978423119,0.10180000215768814,0.20551485333333333,30827228.0,748634.0,-0.30960554551038166,3370.0451,"{""activation"": ""swish"", ""batch_size"": 64, ""data_augmentation"": false, ""dr_f"": 0.196096157294, ""learning_rate"": 0.000304112796, ""new_fc_1"": 4, ""new_fc_10"": 15, ""new_fc_2"": 14, ""new_fc_3"": 26, ""new_fc_4"": 6, ""new_fc_5"": 7, ""new_fc_6"": 21, ""new_fc_7"": 5, ""new_fc_8"": 13, ""new_fc_9"": 27, ""num_neurons"": 16, ""optimizer"": ""Adagrad"", ""reg_l2"": false, ""skip_connection"": false, ""unit_c1"": 1, ""unit_c2"": 4}"
309,131,accuracy,0.5101000070571899,0.48989999294281006,0.2916056266666667,43740844.0,1392170.0,-0.555448307059967,3994.6609,"{""activation"": ""elu"", ""batch_size"": 32, ""data_augmentation"": false, ""dr_f"": 0.455954948394, ""learning_rate"": 0.000346915586, ""new_fc_1"": 6, ""new_fc_10"": 30, ""new_fc_2"": 16, ""new_fc_3"": 29, ""new_fc_4"": 31, ""new_fc_5"": 6, ""new_fc_6"": 12, ""new_fc_7"": 20, ""new_fc_8"": 0, ""new_fc_9"": 25, ""num_neurons"": 16, ""optimizer"": ""SGD"", ""reg_l2"": false, ""skip_connection"": false, ""unit_c1"": 1, ""unit_c2"": 5}"
310,132,accuracy,0.8154000043869019,0.18459999561309814,0.025193866666666665,3779080.0,65810.0,-0.4216618369291687,4680.1644,"{""activation"": ""relu"", ""batch_size"": 8, ""data_augmentation"": false, ""dr_f"": 0.415384360924, ""learning_rate"": 0.000625364136, ""new_fc_1"": 12, ""new_fc_10"": 23, ""new_fc_2"": 4, ""new_fc_3"": 18, ""new_fc_4"": 24, ""new_fc_5"": 23, ""new_fc_6"": 16, ""new_fc_7"": 29, ""new_fc_8"": 24, ""new_fc_9"": 10, ""num_neurons"": 4, ""optimizer"": ""Adamax"", ""reg_l2"": false, ""skip_connection"": false, ""unit_c1"": 3, ""unit_c2"": 1}"
311,132,flops,,,0.7028101066666667,105421516.0,4221162.0,,4681.5245,"{""activation"": ""elu"", ""batch_size"": 64, ""data_augmentation"": false, ""dr_f"": 0.17588217118, ""learning_rate"": 0.000641291608, ""new_fc_1"": 30, ""new_fc_10"": 5, ""new_fc_2"": 21, ""new_fc_3"": 9, ""new_fc_4"": 11, ""new_fc_5"": 17, ""new_fc_6"": 24, ""new_fc_7"": 20, ""new_fc_8"": 8, ""new_fc_9"": 20, ""num_neurons"": 16, ""optimizer"": ""Adagrad"", ""reg_l2"": false, ""skip_connection"": true, ""unit_c1"": 2, ""unit_c2"": 7}"
312,132,flops,,,3.4942267466666665,524134012.0,3578186.0,,4682.9641,"{""activation"": ""swish"", ""batch_size"": 8, ""data_augmentation"": true, ""dr_f"": 0.147854126494, ""learning_rate"": 0.000340018401, ""new_fc_1"": 2, ""new_fc_10"": 26, ""new_fc_2"": 11, ""new_fc_3"": 16, ""new_fc_4"": 28, ""new_fc_5"": 11, ""new_fc_6"": 9, ""new_fc_7"": 11, ""new_fc_8"": 15, ""new_fc_9"": 13, ""num_neurons"": 32, ""optimizer"": ""Adam"", ""reg_l2"": true, ""skip_connection"": true, ""unit_c1"": 3, ""unit_c2"": 7}"
313,132,flops,,,0.23269336,34904004.0,691458.0,,4684.4263,"{""activation"": ""relu"", ""batch_size"": 16, ""data_augmentation"": true, ""dr_f"": 0.049699846304, ""learning_rate"": 0.000623453823, ""new_fc_1"": 17, ""new_fc_10"": 5, ""new_fc_2"": 10, ""new_fc_3"": 25, ""new_fc_4"": 21, ""new_fc_5"": 14, ""new_fc_6"": 18, ""new_fc_7"": 24, ""new_fc_8"": 13, ""new_fc_9"": 10, ""num_neurons"": 8, ""optimizer"": ""SGD"", ""reg_l2"": false, ""skip_connection"": true, ""unit_c1"": 3, ""unit_c2"": 7}"
314,132,flops,,,4.77224232,715836348.0,14407530.0,,4686.2748,"{""activation"": ""elu"", ""batch_size"": 32, ""data_augmentation"": true, ""dr_f"": 0.104126318835, ""learning_rate"": 0.000348635657, ""new_fc_1"": 24, ""new_fc_10"": 9, ""new_fc_2"": 7, ""new_fc_3"": 20, ""new_fc_4"": 29, ""new_fc_5"": 18, ""new_fc_6"": 4, ""new_fc_7"": 23, ""new_fc_8"": 28, ""new_fc_9"": 6, ""num_neurons"": 32, ""optimizer"": ""Adam"", ""reg_l2"": true, ""skip_connection"": true, ""unit_c1"": 4, ""unit_c2"": 7}"
315,133,accuracy,0.7955999970436096,0.20440000295639038,0.04067050666666667,6100576.0,73370.0,-0.43087885006947324,5011.1314,"{""activation"": ""relu"", ""batch_size"": 64, ""data_augmentation"": true, ""dr_f"": 0.147727571584, ""learning_rate"": 0.000689289551, ""new_fc_1"": 4, ""new_fc_10"": 3, ""new_fc_2"": 15, ""new_fc_3"": 21, ""new_fc_4"": 3, ""new_fc_5"": 9, ""new_fc_6"": 30, ""new_fc_7"": 16, ""new_fc_8"": 22, ""new_fc_9"": 10, ""num_neurons"": 4, ""optimizer"": ""Adagrad"", ""reg_l2"": false, ""skip_connection"": true, ""unit_c1"": 1, ""unit_c2"": 8}"
316,134,accuracy,0.8999999985098839,0.10000000149011612,0.87792488,131688732.0,2063642.0,-0.10662253704308128,5576.274,"{""activation"": ""relu"", ""batch_size"": 16, ""data_augmentation"": false, ""dr_f"": 0.424320718795, ""learning_rate"": 0.00011943398, ""new_fc_1"": 14, ""new_fc_10"": 21, ""new_fc_2"": 1, ""new_fc_3"": 4, ""new_fc_4"": 12, ""new_fc_5"": 0, ""new_fc_6"": 20, ""new_fc_7"": 10, ""new_fc_8"": 7, ""new_fc_9"": 17, ""num_neurons"": 16, ""optimizer"": ""Adamax"", ""reg_l2"": true, ""skip_connection"": false, ""unit_c1"": 3, ""unit_c2"": 7}"
317,135,accuracy,0.7803000062704086,0.21969999372959137,0.01137768,1706652.0,112922.0,-0.4503766916107139,6981.8108,"{""activation"": ""elu"", ""batch_size"": 8, ""data_augmentation"": true, ""dr_f"": 0.299893011766, ""learning_rate"": 0.000142968478, ""new_fc_1"": 12, ""new_fc_10"": 5, ""new_fc_2"": 32, ""new_fc_3"": 31, ""new_fc_4"": 11, ""new_fc_5"": 26, ""new_fc_6"": 29, ""new_fc_7"": 31, ""new_fc_8"": 12, ""new_fc_9"": 31, ""num_neurons"": 4, ""optimizer"": ""Adamax"", ""reg_l2"": true, ""skip_connection"": true, ""unit_c1"": 1, ""unit_c2"": 3}"
318,136,accuracy,10000000000.0,,1.2260345333333333,183905180.0,9553642.0,10000000000.0,6983.4945,"{""activation"": ""relu"", ""batch_size"": 32, ""data_augmentation"": true, ""dr_f"": 0.486882825772, ""learning_rate"": 0.000268467861, ""new_fc_1"": 20, ""new_fc_10"": 18, ""new_fc_2"": 10, ""new_fc_3"": 28, ""new_fc_4"": 17, ""new_fc_5"": 19, ""new_fc_6"": 5, ""new_fc_7"": 20, ""new_fc_8"": 31, ""new_fc_9"": 11, ""num_neurons"": 32, ""optimizer"": ""Adagrad"", ""reg_l2"": false, ""skip_connection"": true, ""unit_c1"": 1, ""unit_c2"": 5}"
319,137,accuracy,10000000000.0,,15.852185146666667,2377827772.0,13169418.0,10000000000.0,6985.2947,"{""activation"": ""swish"", ""batch_size"": 8, ""data_augmentation"": true, ""dr_f"": 0.326979937929, ""learning_rate"": 0.000340858572, ""new_fc_1"": 3, ""new_fc_10"": 27, ""new_fc_2"": 29, ""new_fc_3"": 11, ""new_fc_4"": 22, ""new_fc_5"": 5, ""new_fc_6"": 0, ""new_fc_7"": 17, ""new_fc_8"": 0, ""new_fc_9"": 12, ""num_neurons"": 64, ""optimizer"": ""Adadelta"", ""reg_l2"": false, ""skip_connection"": false, ""unit_c1"": 4, ""unit_c2"": 6}"
320,138,accuracy,0.4836999773979187,0.5163000226020813,0.1687596,25313940.0,764170.0,-0.6107821358214569,7670.1131,"{""activation"": ""selu"", ""batch_size"": 32, ""data_augmentation"": false, ""dr_f"": 0.102947479101, ""learning_rate"": 0.000578489666, ""new_fc_1"": 28, ""new_fc_10"": 26, ""new_fc_2"": 27, ""new_fc_3"": 0, ""new_fc_4"": 10, ""new_fc_5"": 3, ""new_fc_6"": 7, ""new_fc_7"": 22, ""new_fc_8"": 29, ""new_fc_9"": 11, ""num_neurons"": 8, ""optimizer"": ""Adadelta"", ""reg_l2"": true, ""skip_connection"": false, ""unit_c1"": 3, ""unit_c2"": 5}"
321,138,flops,,,12.637787706666666,1895668156.0,34996490.0,,7672.8016,"{""activation"": ""elu"", ""batch_size"": 32, ""data_augmentation"": false, ""dr_f"": 0.088295860238, ""learning_rate"": 0.000827147418, ""new_fc_1"": 26, ""new_fc_10"": 11, ""new_fc_2"": 8, ""new_fc_3"": 20, ""new_fc_4"": 28, ""new_fc_5"": 9, ""new_fc_6"": 20, ""new_fc_7"": 2, ""new_fc_8"": 13, ""new_fc_9"": 1, ""num_neurons"": 64, ""optimizer"": ""Adagrad"", ""reg_l2"": true, ""skip_connection"": true, ""unit_c1"": 4, ""unit_c2"": 4}"
322,139,accuracy,0.7001999914646149,0.29980000853538513,0.81707752,122561628.0,2880170.0,-0.2647367499747696,9497.8441,"{""activation"": ""relu"", ""batch_size"": 8, ""data_augmentation"": true, ""dr_f"": 0.358954118005, ""learning_rate"": 0.000917995615, ""new_fc_1"": 3, ""new_fc_10"": 1, ""new_fc_2"": 0, ""new_fc_3"": 6, ""new_fc_4"": 14, ""new_fc_5"": 28, ""new_fc_6"": 27, ""new_fc_7"": 24, ""new_fc_8"": 7, ""new_fc_9"": 31, ""num_neurons"": 32, ""optimizer"": ""SGD"", ""reg_l2"": false, ""skip_connection"": false, ""unit_c1"": 2, ""unit_c2"": 2}"
323,139,flops,,,0.12616738666666666,18925108.0,232722.0,,9499.2373,"{""activation"": ""elu"", ""batch_size"": 32, ""data_augmentation"": true, ""dr_f"": 0.464671624052, ""learning_rate"": 0.000183895404, ""new_fc_1"": 2, ""new_fc_10"": 10, ""new_fc_2"": 30, ""new_fc_3"": 15, ""new_fc_4"": 12, ""new_fc_5"": 11, ""new_fc_6"": 15, ""new_fc_7"": 23, ""new_fc_8"": 20, ""new_fc_9"": 13, ""num_neurons"": 8, ""optimizer"": ""Adadelta"", ""reg_l2"": true, ""skip_connection"": true, ""unit_c1"": 1, ""unit_c2"": 7}"
324,139,flops,,,0.017423706666666667,2613556.0,188026.0,,9500.3618,"{""activation"": ""elu"", ""batch_size"": 8, ""data_augmentation"": true, ""dr_f"": 0.352208346009, ""learning_rate"": 0.000944803288, ""new_fc_1"": 10, ""new_fc_10"": 8, ""new_fc_2"": 7, ""new_fc_3"": 32, ""new_fc_4"": 28, ""new_fc_5"": 8, ""new_fc_6"": 4, ""new_fc_7"": 17, ""new_fc_8"": 0, ""new_fc_9"": 29, ""num_neurons"": 8, ""optimizer"": ""SGD"", ""reg_l2"": true, ""skip_connection"": false, ""unit_c1"": 1, ""unit_c2"": 1}"
325,139,flops,,,3.7147718133333334,557215772.0,12429898.0,,9502.1518,"{""activation"": ""relu"", ""batch_size"": 8, ""data_augmentation"": false, ""dr_f"": 0.130073117743, ""learning_rate"": 0.000631590291, ""new_fc_1"": 27, ""new_fc_10"": 32, ""new_fc_2"": 15, ""new_fc_3"": 0, ""new_fc_4"": 27, ""new_fc_5"": 7, ""new_fc_6"": 29, ""new_fc_7"": 31, ""new_fc_8"": 18, ""new_fc_9"": 5, ""num_neurons"": 32, ""optimizer"": ""SGD"", ""reg_l2"": true, ""skip_connection"": true, ""unit_c1"": 4, ""unit_c2"": 5}"
326,140,accuracy,0.627700001001358,0.37229999899864197,0.017423706666666667,2613556.0,188026.0,-0.5553828872990494,11267.2645,"{""activation"": ""elu"", ""batch_size"": 8, ""data_augmentation"": true, ""dr_f"": 0.352208346009, ""learning_rate"": 0.000944803288, ""new_fc_1"": 10, ""new_fc_10"": 8, ""new_fc_2"": 7, ""new_fc_3"": 32, ""new_fc_4"": 28, ""new_fc_5"": 8, ""new_fc_6"": 4, ""new_fc_7"": 17, ""new_fc_8"": 0, ""new_fc_9"": 29, ""num_neurons"": 8, ""optimizer"": ""SGD"", ""reg_l2"": true, ""skip_connection"": false, ""unit_c1"": 1, ""unit_c2"": 1}"
327,141,accuracy,0.864099994301796,0.13590000569820404,0.44925309333333335,67387964.0,488666.0,-0.26035407598874283,11472.2491,"{""activation"": ""relu"", ""batch_size"": 64, ""data_augmentation"": true, ""dr_f"": 0.225148427184, ""learning_rate"": 0.000414654803, ""new_fc_1"": 5, ""new_fc_10"": 24, ""new_fc_2"": 19, ""new_fc_3"": 7, ""new_fc_4"": 13, ""new_fc_5"": 3, ""new_fc_6"": 7, ""new_fc_7"": 12, ""new_fc_8"": 0, ""new_fc_9"": 6, ""num_neurons"": 16, ""optimizer"": ""SGD"", ""reg_l2"": false, ""skip_connection"": false, ""unit_c1"": 3, ""unit_c2"": 3}"
328,141,flops,,,21.67234088,3250851132.0,77348874.0,,11476.8375,"{""activation"": ""elu"", ""batch_size"": 64, ""data_augmentation"": true, ""dr_f"": 0.499438574613, ""learning_rate"": 0.000862593998, ""new_fc_1"": 32, ""new_fc_10"": 8, ""new_fc_2"": 10, ""new_fc_3"": 17, ""new_fc_4"": 3, ""new_fc_5"": 24, ""new_fc_6"": 4, ""new_fc_7"": 8, ""new_fc_8"": 13, ""new_fc_9"": 29, ""num_neurons"": 64, ""optimizer"": ""Adam"", ""reg_l2"": true, ""skip_connection"": true, ""unit_c1"": 4, ""unit_c2"": 8}"
329,142,accuracy,0.8999999985098839,0.10000000149011612,0.21453618666666666,32180428.0,933690.0,-0.30563914504308126,11922.0857,"{""activation"": ""swish"", ""batch_size"": 16, ""data_augmentation"": false, ""dr_f"": 0.446646408895, ""learning_rate"": 0.000555668905, ""new_fc_1"": 9, ""new_fc_10"": 7, ""new_fc_2"": 14, ""new_fc_3"": 23, ""new_fc_4"": 20, ""new_fc_5"": 32, ""new_fc_6"": 11, ""new_fc_7"": 25, ""new_fc_8"": 2, ""new_fc_9"": 16, ""num_neurons"": 16, ""optimizer"": ""Adadelta"", ""reg_l2"": true, ""skip_connection"": false, ""unit_c1"": 2, ""unit_c2"": 2}"
330,142,flops,,,0.7229938933333333,108449084.0,1234490.0,,11923.3409,"{""activation"": ""elu"", ""batch_size"": 16, ""data_augmentation"": false, ""dr_f"": 0.256284468604, ""learning_rate"": 0.000412211771, ""new_fc_1"": 4, ""new_fc_10"": 1, ""new_fc_2"": 5, ""new_fc_3"": 32, ""new_fc_4"": 29, ""new_fc_5"": 13, ""new_fc_6"": 31, ""new_fc_7"": 24, ""new_fc_8"": 19, ""new_fc_9"": 30, ""num_neurons"": 16, ""optimizer"": ""Adamax"", ""reg_l2"": true, ""skip_connection"": true, ""unit_c1"": 4, ""unit_c2"": 3}"
331,142,flops,,,0.09032221333333333,13548332.0,181314.0,,11924.7253,"{""activation"": ""elu"", ""batch_size"": 8, ""data_augmentation"": true, ""dr_f"": 0.428975342994, ""learning_rate"": 0.000938699872, ""new_fc_1"": 1, ""new_fc_10"": 32, ""new_fc_2"": 17, ""new_fc_3"": 26, ""new_fc_4"": 9, ""new_fc_5"": 21, ""new_fc_6"": 22, ""new_fc_7"": 25, ""new_fc_8"": 13, ""new_fc_9"": 8, ""num_neurons"": 8, ""optimizer"": ""Adadelta"", ""reg_l2"": false, ""skip_connection"": false, ""unit_c1"": 3, ""unit_c2"": 1}"
332,143,accuracy,0.36570000648498535,0.6342999935150146,0.64692712,97039068.0,1180938.0,-0.5499318594605103,12489.857,"{""activation"": ""elu"", ""batch_size"": 64, ""data_augmentation"": false, ""dr_f"": 0.142172094398, ""learning_rate"": 0.000493998305, ""new_fc_1"": 7, ""new_fc_10"": 30, ""new_fc_2"": 27, ""new_fc_3"": 19, ""new_fc_4"": 6, ""new_fc_5"": 8, ""new_fc_6"": 12, ""new_fc_7"": 8, ""new_fc_8"": 11, ""new_fc_9"": 18, ""num_neurons"": 16, ""optimizer"": ""SGD"", ""reg_l2"": false, ""skip_connection"": true, ""unit_c1"": 3, ""unit_c2"": 5}"
333,144,accuracy,10000000000.0,,4.80735784,721103676.0,17041258.0,10000000000.0,12491.9345,"{""activation"": ""selu"", ""batch_size"": 16, ""data_augmentation"": false, ""dr_f"": 0.070240127917, ""learning_rate"": 0.000528396994, ""new_fc_1"": 30, ""new_fc_10"": 31, ""new_fc_2"": 8, ""new_fc_3"": 30, ""new_fc_4"": 23, ""new_fc_5"": 13, ""new_fc_6"": 8, ""new_fc_7"": 4, ""new_fc_8"": 7, ""new_fc_9"": 18, ""num_neurons"": 32, ""optimizer"": ""Adagrad"", ""reg_l2"": true, ""skip_connection"": true, ""unit_c1"": 4, ""unit_c2"": 7}"
334,145,accuracy,0.8973999992012978,0.10260000079870224,0.5908319733333334,88624796.0,1123162.0,-0.19457040855909152,12997.6088,"{""activation"": ""swish"", ""batch_size"": 16, ""data_augmentation"": false, ""dr_f"": 0.416552715556, ""learning_rate"": 0.000781141581, ""new_fc_1"": 28, ""new_fc_10"": 10, ""new_fc_2"": 13, ""new_fc_3"": 6, ""new_fc_4"": 26, ""new_fc_5"": 23, ""new_fc_6"": 14, ""new_fc_7"": 10, ""new_fc_8"": 29, ""new_fc_9"": 11, ""num_neurons"": 16, ""optimizer"": ""Adadelta"", ""reg_l2"": false, ""skip_connection"": true, ""unit_c1"": 4, ""unit_c2"": 1}"
335,145,flops,,,0.07267106666666667,10900660.0,206746.0,,12999.0239,"{""activation"": ""relu"", ""batch_size"": 32, ""data_augmentation"": true, ""dr_f"": 0.247427043455, ""learning_rate"": 0.00061065977, ""new_fc_1"": 2, ""new_fc_10"": 14, ""new_fc_2"": 16, ""new_fc_3"": 19, ""new_fc_4"": 10, ""new_fc_5"": 16, ""new_fc_6"": 14, ""new_fc_7"": 25, ""new_fc_8"": 20, ""new_fc_9"": 15, ""num_neurons"": 8, ""optimizer"": ""Adadelta"", ""reg_l2"": true, ""skip_connection"": false, ""unit_c1"": 1, ""unit_c2"": 5}"
336,146,accuracy,10000000000.0,,2.29726504,344589756.0,5671242.0,10000000000.0,13000.2775,"{""activation"": ""swish"", ""batch_size"": 64, ""data_augmentation"": false, ""dr_f"": 0.380374051036, ""learning_rate"": 0.000265881206, ""new_fc_1"": 31, ""new_fc_10"": 24, ""new_fc_2"": 21, ""new_fc_3"": 4, ""new_fc_4"": 6, ""new_fc_5"": 24, ""new_fc_6"": 32, ""new_fc_7"": 20, ""new_fc_8"": 17, ""new_fc_9"": 17, ""num_neurons"": 32, ""optimizer"": ""SGD"", ""reg_l2"": true, ""skip_connection"": false, ""unit_c1"": 4, ""unit_c2"": 1}"
337,147,accuracy,0.6211999952793121,0.37880000472068787,0.2753205066666667,41298076.0,1190450.0,-0.4825638513044815,13685.6072,"{""activation"": ""selu"", ""batch_size"": 32, ""data_augmentation"": true, ""dr_f"": 0.287381234727, ""learning_rate"": 0.000219462679, ""new_fc_1"": 32, ""new_fc_10"": 17, ""new_fc_2"": 20, ""new_fc_3"": 6, ""new_fc_4"": 14, ""new_fc_5"": 13, ""new_fc_6"": 5, ""new_fc_7"": 1, ""new_fc_8"": 4, ""new_fc_9"": 8, ""num_neurons"": 8, ""optimizer"": ""SGD"", ""reg_l2"": false, ""skip_connection"": true, ""unit_c1"": 3, ""unit_c2"": 8}"
338,147,flops,,,0.5552223733333334,83283356.0,1987626.0,,13687.1258,"{""activation"": ""swish"", ""batch_size"": 8, ""data_augmentation"": true, ""dr_f"": 0.155262952101, ""learning_rate"": 0.000286397618, ""new_fc_1"": 0, ""new_fc_10"": 9, ""new_fc_2"": 3, ""new_fc_3"": 32, ""new_fc_4"": 4, ""new_fc_5"": 7, ""new_fc_6"": 32, ""new_fc_7"": 13, ""new_fc_8"": 24, ""new_fc_9"": 1, ""num_neurons"": 32, ""optimizer"": ""Adamax"", ""reg_l2"": true, ""skip_connection"": true, ""unit_c1"": 1, ""unit_c2"": 3}"
339,147,flops,,,1.02404136,153606204.0,1755978.0,,13688.4145,"{""activation"": ""swish"", ""batch_size"": 32, ""data_augmentation"": false, ""dr_f"": 0.432023386452, ""learning_rate"": 0.00057432888, ""new_fc_1"": 0, ""new_fc_10"": 6, ""new_fc_2"": 10, ""new_fc_3"": 16, ""new_fc_4"": 6, ""new_fc_5"": 32, ""new_fc_6"": 13, ""new_fc_7"": 22, ""new_fc_8"": 21, ""new_fc_9"": 26, ""num_neurons"": 16, ""optimizer"": ""SGD"", ""reg_l2"": false, ""skip_connection"": false, ""unit_c1"": 4, ""unit_c2"": 6}"
340,147,flops,,,10.12375464,1518563196.0,26144714.0,,13690.9965,"{""activation"": ""elu"", ""batch_size"": 8, ""data_augmentation"": true, ""dr_f"": 0.474386679479, ""learning_rate"": 0.000512578955, ""new_fc_1"": 30, ""new_fc_10"": 20, ""new_fc_2"": 19, ""new_fc_3"": 31, ""new_fc_4"": 3, ""new_fc_5"": 3, ""new_fc_6"": 32, ""new_fc_7"": 17, ""new_fc_8"": 1, ""new_fc_9"": 17, ""num_neurons"": 64, ""optimizer"": ""Adagrad"", ""reg_l2"": false, ""skip_connection"": true, ""unit_c1"": 4, ""unit_c2"": 2}"
341,148,accuracy,0.8999999985098839,0.10000000149011612,0.92687144,139030716.0,10943050.0,-0.09193856904308129,14076.9712,"{""activation"": ""swish"", ""batch_size"": 32, ""data_augmentation"": true, ""dr_f"": 0.039122524259, ""learning_rate"": 0.00019252458, ""new_fc_1"": 3, ""new_fc_10"": 22, ""new_fc_2"": 26, ""new_fc_3"": 2, ""new_fc_4"": 30, ""new_fc_5"": 31, ""new_fc_6"": 2, ""new_fc_7"": 15, ""new_fc_8"": 12, ""new_fc_9"": 31, ""num_neurons"": 64, ""optimizer"": ""Adamax"", ""reg_l2"": true, ""skip_connection"": false, ""unit_c1"": 1, ""unit_c2"": 1}"
342,149,accuracy,0.5033999979496002,0.4966000020503998,0.46362632,69543948.0,1567626.0,-0.5085321054352798,14582.0284,"{""activation"": ""elu"", ""batch_size"": 64, ""data_augmentation"": true, ""dr_f"": 0.261941071838, ""learning_rate"": 0.00093500822, ""new_fc_1"": 10, ""new_fc_10"": 29, ""new_fc_2"": 24, ""new_fc_3"": 30, ""new_fc_4"": 23, ""new_fc_5"": 32, ""new_fc_6"": 28, ""new_fc_7"": 8, ""new_fc_8"": 30, ""new_fc_9"": 3, ""num_neurons"": 16, ""optimizer"": ""Adadelta"", ""reg_l2"": false, ""skip_connection"": false, ""unit_c1"": 3, ""unit_c2"": 3}"
343,150,accuracy,0.7951000034809113,0.20489999651908875,0.09032221333333333,13548332.0,181314.0,-0.4163333335633621,15567.0435,"{""activation"": ""elu"", ""batch_size"": 8, ""data_augmentation"": true, ""dr_f"": 0.428975342994, ""learning_rate"": 0.000938699872, ""new_fc_1"": 1, ""new_fc_10"": 32, ""new_fc_2"": 17, ""new_fc_3"": 26, ""new_fc_4"": 9, ""new_fc_5"": 21, ""new_fc_6"": 22, ""new_fc_7"": 25, ""new_fc_8"": 13, ""new_fc_9"": 8, ""num_neurons"": 8, ""optimizer"": ""Adadelta"", ""reg_l2"": false, ""skip_connection"": false, ""unit_c1"": 3, ""unit_c2"": 1}"
344,151,accuracy,0.8999999985098839,0.10000000149011612,0.19485165333333335,29227748.0,661930.0,-0.3115445050430813,686.6026,"{""activation"": ""selu"", ""batch_size"": 8, ""data_augmentation"": false, ""dr_f"": 0.350842851614, ""learning_rate"": 0.00071246936, ""new_fc_1"": 13, ""new_fc_10"": 30, ""new_fc_2"": 17, ""new_fc_3"": 2, ""new_fc_4"": 21, ""new_fc_5"": 31, ""new_fc_6"": 22, ""new_fc_7"": 28, ""new_fc_8"": 25, ""new_fc_9"": 32, ""num_neurons"": 8, ""optimizer"": ""Adam"", ""reg_l2"": false, ""skip_connection"": false, ""unit_c1"": 3, ""unit_c2"": 6}"
345,151,flops,,,0.020918213333333335,3137732.0,195966.0,,688.089,"{""activation"": ""selu"", ""batch_size"": 8, ""data_augmentation"": true, ""dr_f"": 0.475685957105, ""learning_rate"": 0.000322898926, ""new_fc_1"": 32, ""new_fc_10"": 16, ""new_fc_2"": 8, ""new_fc_3"": 11, ""new_fc_4"": 15, ""new_fc_5"": 21, ""new_fc_6"": 0, ""new_fc_7"": 4, ""new_fc_8"": 22, ""new_fc_9"": 17, ""num_neurons"": 4, ""optimizer"": ""Adam"", ""reg_l2"": false, ""skip_connection"": false, ""unit_c1"": 1, ""unit_c2"": 5}"
346,152,accuracy,0.8999999985098839,0.10000000149011612,0.03738928,5608392.0,61186.0,-0.3587832170430813,1073.7289,"{""activation"": ""swish"", ""batch_size"": 16, ""data_augmentation"": true, ""dr_f"": 0.204869118951, ""learning_rate"": 0.00030349748, ""new_fc_1"": 6, ""new_fc_10"": 5, ""new_fc_2"": 17, ""new_fc_3"": 11, ""new_fc_4"": 17, ""new_fc_5"": 31, ""new_fc_6"": 5, ""new_fc_7"": 7, ""new_fc_8"": 24, ""new_fc_9"": 18, ""num_neurons"": 4, ""optimizer"": ""Adam"", ""reg_l2"": true, ""skip_connection"": false, ""unit_c1"": 3, ""unit_c2"": 4}"
347,153,accuracy,0.3568999767303467,0.6431000232696533,0.23269336,34904004.0,691458.0,-0.6803620082887574,2119.163,"{""activation"": ""relu"", ""batch_size"": 16, ""data_augmentation"": true, ""dr_f"": 0.049699846304, ""learning_rate"": 0.000623453823, ""new_fc_1"": 17, ""new_fc_10"": 5, ""new_fc_2"": 10, ""new_fc_3"": 25, ""new_fc_4"": 21, ""new_fc_5"": 14, ""new_fc_6"": 18, ""new_fc_7"": 24, ""new_fc_8"": 13, ""new_fc_9"": 10, ""num_neurons"": 8, ""optimizer"": ""SGD"", ""reg_l2"": false, ""skip_connection"": true, ""unit_c1"": 3, ""unit_c2"": 7}"
348,153,flops,,,3.7107854666666666,556617820.0,11781770.0,,2120.9314,"{""activation"": ""swish"", ""batch_size"": 8, ""data_augmentation"": false, ""dr_f"": 0.363957733274, ""learning_rate"": 0.000741324079, ""new_fc_1"": 30, ""new_fc_10"": 13, ""new_fc_2"": 3, ""new_fc_3"": 9, ""new_fc_4"": 0, ""new_fc_5"": 2, ""new_fc_6"": 14, ""new_fc_7"": 27, ""new_fc_8"": 14, ""new_fc_9"": 15, ""num_neurons"": 32, ""optimizer"": ""Adagrad"", ""reg_l2"": false, ""skip_connection"": true, ""unit_c1"": 4, ""unit_c2"": 5}"
349,154,accuracy,0.8677999973297119,0.13220000267028809,0.01889048,2833572.0,298074.0,-0.3868728578692016,2505.8919,"{""activation"": ""relu"", ""batch_size"": 16, ""data_augmentation"": true, ""dr_f"": 0.15894972115, ""learning_rate"": 0.000695369891, ""new_fc_1"": 27, ""new_fc_10"": 1, ""new_fc_2"": 11, ""new_fc_3"": 27, ""new_fc_4"": 30, ""new_fc_5"": 24, ""new_fc_6"": 30, ""new_fc_7"": 1, ""new_fc_8"": 2, ""new_fc_9"": 0, ""num_neurons"": 8, ""optimizer"": ""SGD"", ""reg_l2"": true, ""skip_connection"": false, ""unit_c1"": 1, ""unit_c2"": 1}"
350,154,flops,,,0.14465725333333335,21698588.0,419906.0,,2507.3602,"{""activation"": ""selu"", ""batch_size"": 64, ""data_augmentation"": true, ""dr_f"": 0.25234180999, ""learning_rate"": 0.000949683729, ""new_fc_1"": 14, ""new_fc_10"": 30, ""new_fc_2"": 0, ""new_fc_3"": 18, ""new_fc_4"": 28, ""new_fc_5"": 27, ""new_fc_6"": 17, ""new_fc_7"": 22, ""new_fc_8"": 5, ""new_fc_9"": 3, ""num_neurons"": 8, ""optimizer"": ""Adagrad"", ""reg_l2"": true, ""skip_connection"": true, ""unit_c1"": 3, ""unit_c2"": 4}"
351,155,accuracy,0.45969998836517334,0.5403000116348267,0.21949085333333335,32923628.0,1521994.0,-0.6123627521443786,3192.2617,"{""activation"": ""elu"", ""batch_size"": 32, ""data_augmentation"": false, ""dr_f"": 0.432931240116, ""learning_rate"": 0.000774029503, ""new_fc_1"": 10, ""new_fc_10"": 10, ""new_fc_2"": 24, ""new_fc_3"": 6, ""new_fc_4"": 17, ""new_fc_5"": 26, ""new_fc_6"": 28, ""new_fc_7"": 28, ""new_fc_8"": 12, ""new_fc_9"": 18, ""num_neurons"": 16, ""optimizer"": ""Adagrad"", ""reg_l2"": false, ""skip_connection"": true, ""unit_c1"": 1, ""unit_c2"": 4}"
352,155,flops,,,0.017106533333333333,2565980.0,130354.0,,3193.7865,"{""activation"": ""selu"", ""batch_size"": 8, ""data_augmentation"": false, ""dr_f"": 0.49302598386, ""learning_rate"": 0.000134353943, ""new_fc_1"": 14, ""new_fc_10"": 17, ""new_fc_2"": 6, ""new_fc_3"": 9, ""new_fc_4"": 6, ""new_fc_5"": 1, ""new_fc_6"": 26, ""new_fc_7"": 29, ""new_fc_8"": 2, ""new_fc_9"": 2, ""num_neurons"": 8, ""optimizer"": ""Adagrad"", ""reg_l2"": false, ""skip_connection"": true, ""unit_c1"": 1, ""unit_c2"": 1}"
353,155,flops,,,0.14315112,21472668.0,306786.0,,3195.1572,"{""activation"": ""selu"", ""batch_size"": 8, ""data_augmentation"": true, ""dr_f"": 0.05338341681, ""learning_rate"": 0.000386791242, ""new_fc_1"": 11, ""new_fc_10"": 16, ""new_fc_2"": 19, ""new_fc_3"": 30, ""new_fc_4"": 12, ""new_fc_5"": 11, ""new_fc_6"": 16, ""new_fc_7"": 3, ""new_fc_8"": 1, ""new_fc_9"": 5, ""num_neurons"": 8, ""optimizer"": ""SGD"", ""reg_l2"": false, ""skip_connection"": true, ""unit_c1"": 3, ""unit_c2"": 4}"
354,155,flops,,,0.10430824,15646236.0,814002.0,,3196.5306,"{""activation"": ""selu"", ""batch_size"": 64, ""data_augmentation"": true, ""dr_f"": 0.045679349862, ""learning_rate"": 0.00030210496, ""new_fc_1"": 25, ""new_fc_10"": 28, ""new_fc_2"": 11, ""new_fc_3"": 0, ""new_fc_4"": 11, ""new_fc_5"": 16, ""new_fc_6"": 23, ""new_fc_7"": 22, ""new_fc_8"": 18, ""new_fc_9"": 18, ""num_neurons"": 8, ""optimizer"": ""Adamax"", ""reg_l2"": true, ""skip_connection"": false, ""unit_c1"": 1, ""unit_c2"": 6}"
355,155,flops,,,0.49163752,73745628.0,1014298.0,,3198.3537,"{""activation"": ""swish"", ""batch_size"": 16, ""data_augmentation"": false, ""dr_f"": 0.378266191172, ""learning_rate"": 0.000929025487, ""new_fc_1"": 6, ""new_fc_10"": 28, ""new_fc_2"": 13, ""new_fc_3"": 26, ""new_fc_4"": 2, ""new_fc_5"": 3, ""new_fc_6"": 27, ""new_fc_7"": 2, ""new_fc_8"": 17, ""new_fc_9"": 2, ""num_neurons"": 16, ""optimizer"": ""Adam"", ""reg_l2"": false, ""skip_connection"": false, ""unit_c1"": 1, ""unit_c2"": 7}"
356,156,accuracy,0.3215000033378601,0.6784999966621399,0.026122426666666667,3918364.0,180210.0,-0.7671132696634979,3583.3723,"{""activation"": ""elu"", ""batch_size"": 64, ""data_augmentation"": true, ""dr_f"": 0.142516269108, ""learning_rate"": 0.000468903834, ""new_fc_1"": 28, ""new_fc_10"": 2, ""new_fc_2"": 18, ""new_fc_3"": 31, ""new_fc_4"": 22, ""new_fc_5"": 16, ""new_fc_6"": 22, ""new_fc_7"": 28, ""new_fc_8"": 24, ""new_fc_9"": 1, ""num_neurons"": 4, ""optimizer"": ""Adamax"", ""reg_l2"": false, ""skip_connection"": true, ""unit_c1"": 2, ""unit_c2"": 4}"
357,156,flops,,,0.07387261333333334,11080892.0,505418.0,,3584.6122,"{""activation"": ""relu"", ""batch_size"": 32, ""data_augmentation"": false, ""dr_f"": 0.408552975863, ""learning_rate"": 0.000562731756, ""new_fc_1"": 19, ""new_fc_10"": 16, ""new_fc_2"": 30, ""new_fc_3"": 23, ""new_fc_4"": 32, ""new_fc_5"": 12, ""new_fc_6"": 20, ""new_fc_7"": 31, ""new_fc_8"": 16, ""new_fc_9"": 9, ""num_neurons"": 8, ""optimizer"": ""Adam"", ""reg_l2"": true, ""skip_connection"": false, ""unit_c1"": 2, ""unit_c2"": 3}"
358,157,accuracy,0.6522000133991241,0.34779998660087585,0.8495272266666667,127429084.0,5314090.0,-0.28860182262061307,4149.7939,"{""activation"": ""elu"", ""batch_size"": 64, ""data_augmentation"": true, ""dr_f"": 0.481030771333, ""learning_rate"": 0.000561341756, ""new_fc_1"": 27, ""new_fc_10"": 25, ""new_fc_2"": 6, ""new_fc_3"": 9, ""new_fc_4"": 30, ""new_fc_5"": 10, ""new_fc_6"": 23, ""new_fc_7"": 1, ""new_fc_8"": 0, ""new_fc_9"": 22, ""num_neurons"": 32, ""optimizer"": ""SGD"", ""reg_l2"": false, ""skip_connection"": false, ""unit_c1"": 2, ""unit_c2"": 2}"
359,158,accuracy,0.8725000023841858,0.1274999976158142,0.07267106666666667,10900660.0,206746.0,-0.3674486783310699,4534.7244,"{""activation"": ""relu"", ""batch_size"": 32, ""data_augmentation"": true, ""dr_f"": 0.247427043455, ""learning_rate"": 0.00061065977, ""new_fc_1"": 2, ""new_fc_10"": 14, ""new_fc_2"": 16, ""new_fc_3"": 19, ""new_fc_4"": 10, ""new_fc_5"": 16, ""new_fc_6"": 14, ""new_fc_7"": 25, ""new_fc_8"": 20, ""new_fc_9"": 15, ""num_neurons"": 8, ""optimizer"": ""Adadelta"", ""reg_l2"": true, ""skip_connection"": false, ""unit_c1"": 1, ""unit_c2"": 5}"
360,158,flops,,,3.0880895733333333,463213436.0,3926794.0,,4536.1538,"{""activation"": ""elu"", ""batch_size"": 64, ""data_augmentation"": false, ""dr_f"": 0.137880911679, ""learning_rate"": 0.000344831995, ""new_fc_1"": 3, ""new_fc_10"": 30, ""new_fc_2"": 10, ""new_fc_3"": 20, ""new_fc_4"": 16, ""new_fc_5"": 21, ""new_fc_6"": 16, ""new_fc_7"": 7, ""new_fc_8"": 1, ""new_fc_9"": 6, ""num_neurons"": 32, ""optimizer"": ""Adamax"", ""reg_l2"": false, ""skip_connection"": false, ""unit_c1"": 2, ""unit_c2"": 8}"
361,158,flops,,,2.603839546666667,390575932.0,7572106.0,,4537.8059,"{""activation"": ""selu"", ""batch_size"": 16, ""data_augmentation"": false, ""dr_f"": 0.292774888815, ""learning_rate"": 0.000448189534, ""new_fc_1"": 10, ""new_fc_10"": 14, ""new_fc_2"": 16, ""new_fc_3"": 13, ""new_fc_4"": 28, ""new_fc_5"": 13, ""new_fc_6"": 13, ""new_fc_7"": 15, ""new_fc_8"": 28, ""new_fc_9"": 10, ""num_neurons"": 32, ""optimizer"": ""Adadelta"", ""reg_l2"": false, ""skip_connection"": false, ""unit_c1"": 2, ""unit_c2"": 7}"
362,159,accuracy,0.26740002632141113,0.7325999736785889,0.15611784,23417676.0,1758122.0,-0.7659846295750121,5703.6491,"{""activation"": ""swish"", ""batch_size"": 16, ""data_augmentation"": true, ""dr_f"": 0.346406030999, ""learning_rate"": 0.000103099579, ""new_fc_1"": 23, ""new_fc_10"": 10, ""new_fc_2"": 25, ""new_fc_3"": 14, ""new_fc_4"": 19, ""new_fc_5"": 25, ""new_fc_6"": 8, ""new_fc_7"": 9, ""new_fc_8"": 3, ""new_fc_9"": 27, ""num_neurons"": 16, ""optimizer"": ""Adam"", ""reg_l2"": false, ""skip_connection"": false, ""unit_c1"": 1, ""unit_c2"": 3}"
363,159,flops,,,0.6337362933333334,95060444.0,1737498.0,,5705.0003,"{""activation"": ""elu"", ""batch_size"": 8, ""data_augmentation"": true, ""dr_f"": 0.406041184062, ""learning_rate"": 0.000744590525, ""new_fc_1"": 6, ""new_fc_10"": 29, ""new_fc_2"": 25, ""new_fc_3"": 16, ""new_fc_4"": 4, ""new_fc_5"": 23, ""new_fc_6"": 17, ""new_fc_7"": 9, ""new_fc_8"": 23, ""new_fc_9"": 30, ""num_neurons"": 16, ""optimizer"": ""Adagrad"", ""reg_l2"": true, ""skip_connection"": true, ""unit_c1"": 1, ""unit_c2"": 8}"
364,159,flops,,,0.058712506666666664,8806876.0,399386.0,,5706.5429,"{""activation"": ""elu"", ""batch_size"": 32, ""data_augmentation"": true, ""dr_f"": 0.25459631139, ""learning_rate"": 0.000493856168, ""new_fc_1"": 29, ""new_fc_10"": 4, ""new_fc_2"": 28, ""new_fc_3"": 20, ""new_fc_4"": 3, ""new_fc_5"": 1, ""new_fc_6"": 8, ""new_fc_7"": 19, ""new_fc_8"": 25, ""new_fc_9"": 11, ""num_neurons"": 8, ""optimizer"": ""Adam"", ""reg_l2"": true, ""skip_connection"": false, ""unit_c1"": 2, ""unit_c2"": 2}"
365,159,flops,,,4.81644712,722467068.0,33963338.0,,5709.4191,"{""activation"": ""selu"", ""batch_size"": 64, ""data_augmentation"": true, ""dr_f"": 0.360545338784, ""learning_rate"": 0.000184475917, ""new_fc_1"": 17, ""new_fc_10"": 3, ""new_fc_2"": 17, ""new_fc_3"": 30, ""new_fc_4"": 11, ""new_fc_5"": 11, ""new_fc_6"": 20, ""new_fc_7"": 32, ""new_fc_8"": 8, ""new_fc_9"": 18, ""num_neurons"": 64, ""optimizer"": ""Adadelta"", ""reg_l2"": false, ""skip_connection"": true, ""unit_c1"": 1, ""unit_c2"": 5}"
366,160,accuracy,0.62950000166893,0.37049999833106995,0.039095493333333335,5864324.0,250786.0,-0.5476213508317489,6094.2349,"{""activation"": ""elu"", ""batch_size"": 64, ""data_augmentation"": false, ""dr_f"": 0.167803890619, ""learning_rate"": 0.000132811908, ""new_fc_1"": 6, ""new_fc_10"": 24, ""new_fc_2"": 24, ""new_fc_3"": 5, ""new_fc_4"": 8, ""new_fc_5"": 13, ""new_fc_6"": 24, ""new_fc_7"": 23, ""new_fc_8"": 10, ""new_fc_9"": 32, ""num_neurons"": 8, ""optimizer"": ""SGD"", ""reg_l2"": false, ""skip_connection"": true, ""unit_c1"": 1, ""unit_c2"": 3}"
367,161,accuracy,10000000000.0,,3.17837352,476756028.0,8550090.0,10000000000.0,6095.9649,"{""activation"": ""relu"", ""batch_size"": 32, ""data_augmentation"": false, ""dr_f"": 0.338597355481, ""learning_rate"": 0.000973439257, ""new_fc_1"": 23, ""new_fc_10"": 23, ""new_fc_2"": 9, ""new_fc_3"": 32, ""new_fc_4"": 1, ""new_fc_5"": 25, ""new_fc_6"": 11, ""new_fc_7"": 16, ""new_fc_8"": 30, ""new_fc_9"": 10, ""num_neurons"": 32, ""optimizer"": ""SGD"", ""reg_l2"": false, ""skip_connection"": false, ""unit_c1"": 4, ""unit_c2"": 4}"
368,161,flops,,,2.6718412533333336,400776188.0,17589450.0,,6098.0368,"{""activation"": ""selu"", ""batch_size"": 16, ""data_augmentation"": false, ""dr_f"": 0.36993898602, ""learning_rate"": 0.000219474379, ""new_fc_1"": 24, ""new_fc_10"": 28, ""new_fc_2"": 25, ""new_fc_3"": 8, ""new_fc_4"": 21, ""new_fc_5"": 11, ""new_fc_6"": 16, ""new_fc_7"": 26, ""new_fc_8"": 30, ""new_fc_9"": 2, ""num_neurons"": 64, ""optimizer"": ""Adamax"", ""reg_l2"": true, ""skip_connection"": false, ""unit_c1"": 2, ""unit_c2"": 1}"
369,162,accuracy,0.878700003027916,0.12129999697208405,0.062364826666666665,9354724.0,150578.0,-0.3662005498804588,7023.1054,"{""activation"": ""swish"", ""batch_size"": 8, ""data_augmentation"": true, ""dr_f"": 0.090872086152, ""learning_rate"": 0.000399988908, ""new_fc_1"": 0, ""new_fc_10"": 31, ""new_fc_2"": 0, ""new_fc_3"": 24, ""new_fc_4"": 7, ""new_fc_5"": 22, ""new_fc_6"": 10, ""new_fc_7"": 23, ""new_fc_8"": 5, ""new_fc_9"": 0, ""num_neurons"": 4, ""optimizer"": ""Adadelta"", ""reg_l2"": false, ""skip_connection"": false, ""unit_c1"": 4, ""unit_c2"": 5}"
370,163,accuracy,0.25029999017715454,0.7497000098228455,0.60953,91429500.0,6061450.0,-0.6419310068759918,7408.965,"{""activation"": ""swish"", ""batch_size"": 64, ""data_augmentation"": true, ""dr_f"": 0.289789444848, ""learning_rate"": 0.000603746599, ""new_fc_1"": 27, ""new_fc_10"": 2, ""new_fc_2"": 17, ""new_fc_3"": 2, ""new_fc_4"": 1, ""new_fc_5"": 9, ""new_fc_6"": 0, ""new_fc_7"": 5, ""new_fc_8"": 2, ""new_fc_9"": 13, ""num_neurons"": 32, ""optimizer"": ""Adamax"", ""reg_l2"": false, ""skip_connection"": true, ""unit_c1"": 1, ""unit_c2"": 3}"
371,164,accuracy,0.6335999965667725,0.36640000343322754,0.27258808,40888212.0,717778.0,-0.4747035784032593,8574.0968,"{""activation"": ""elu"", ""batch_size"": 16, ""data_augmentation"": true, ""dr_f"": 0.216458194621, ""learning_rate"": 0.000838456308, ""new_fc_1"": 23, ""new_fc_10"": 28, ""new_fc_2"": 25, ""new_fc_3"": 3, ""new_fc_4"": 1, ""new_fc_5"": 29, ""new_fc_6"": 8, ""new_fc_7"": 16, ""new_fc_8"": 14, ""new_fc_9"": 8, ""num_neurons"": 8, ""optimizer"": ""Adagrad"", ""reg_l2"": true, ""skip_connection"": true, ""unit_c1"": 4, ""unit_c2"": 6}"
372,164,flops,,,0.05507285333333333,8260928.0,58510.0,,8575.3809,"{""activation"": ""relu"", ""batch_size"": 16, ""data_augmentation"": false, ""dr_f"": 0.063966219004, ""learning_rate"": 0.000121538366, ""new_fc_1"": 8, ""new_fc_10"": 2, ""new_fc_2"": 32, ""new_fc_3"": 2, ""new_fc_4"": 3, ""new_fc_5"": 1, ""new_fc_6"": 3, ""new_fc_7"": 30, ""new_fc_8"": 20, ""new_fc_9"": 4, ""num_neurons"": 4, ""optimizer"": ""Adamax"", ""reg_l2"": true, ""skip_connection"": true, ""unit_c1"": 4, ""unit_c2"": 4}"
373,165,accuracy,0.6951000094413757,0.30489999055862427,0.30459282666666665,45688924.0,1953706.0,-0.42205214539103697,9440.9811,"{""activation"": ""elu"", ""batch_size"": 8, ""data_augmentation"": false, ""dr_f"": 0.408663932931, ""learning_rate"": 0.000664779274, ""new_fc_1"": 18, ""new_fc_10"": 28, ""new_fc_2"": 12, ""new_fc_3"": 18, ""new_fc_4"": 11, ""new_fc_5"": 17, ""new_fc_6"": 12, ""new_fc_7"": 18, ""new_fc_8"": 5, ""new_fc_9"": 7, ""num_neurons"": 16, ""optimizer"": ""Adam"", ""reg_l2"": true, ""skip_connection"": true, ""unit_c1"": 1, ""unit_c2"": 5}"
374,166,accuracy,0.43720000982284546,0.5627999901771545,0.41120370666666667,61680556.0,3305738.0,-0.5705988811240081,11506.108,"{""activation"": ""selu"", ""batch_size"": 8, ""data_augmentation"": true, ""dr_f"": 0.410321752124, ""learning_rate"": 0.000867644948, ""new_fc_1"": 25, ""new_fc_10"": 24, ""new_fc_2"": 2, ""new_fc_3"": 17, ""new_fc_4"": 27, ""new_fc_5"": 11, ""new_fc_6"": 31, ""new_fc_7"": 17, ""new_fc_8"": 29, ""new_fc_9"": 0, ""num_neurons"": 16, ""optimizer"": ""Adagrad"", ""reg_l2"": false, ""skip_connection"": false, ""unit_c1"": 1, ""unit_c2"": 6}"
375,166,flops,,,0.02014232,3021348.0,95994.0,,11507.6275,"{""activation"": ""relu"", ""batch_size"": 16, ""data_augmentation"": true, ""dr_f"": 0.077895838541, ""learning_rate"": 0.000370808001, ""new_fc_1"": 7, ""new_fc_10"": 25, ""new_fc_2"": 28, ""new_fc_3"": 12, ""new_fc_4"": 4, ""new_fc_5"": 21, ""new_fc_6"": 26, ""new_fc_7"": 28, ""new_fc_8"": 22, ""new_fc_9"": 17, ""num_neurons"": 4, ""optimizer"": ""Adadelta"", ""reg_l2"": true, ""skip_connection"": true, ""unit_c1"": 1, ""unit_c2"": 5}"
376,167,accuracy,0.5031000077724457,0.4968999922275543,0.020918213333333335,3137732.0,195966.0,-0.641554530559288,13453.0777,"{""activation"": ""selu"", ""batch_size"": 8, ""data_augmentation"": true, ""dr_f"": 0.475685957105, ""learning_rate"": 0.000322898926, ""new_fc_1"": 32, ""new_fc_10"": 16, ""new_fc_2"": 8, ""new_fc_3"": 11, ""new_fc_4"": 15, ""new_fc_5"": 21, ""new_fc_6"": 0, ""new_fc_7"": 4, ""new_fc_8"": 22, ""new_fc_9"": 17, ""num_neurons"": 4, ""optimizer"": ""Adam"", ""reg_l2"": false, ""skip_connection"": false, ""unit_c1"": 1, ""unit_c2"": 5}"
377,168,accuracy,0.2858999967575073,0.7141000032424927,0.35081554666666664,52622332.0,1344218.0,-0.6946253382697448,14798.8485,"{""activation"": ""relu"", ""batch_size"": 8, ""data_augmentation"": false, ""dr_f"": 0.112801879524, ""learning_rate"": 0.000106740518, ""new_fc_1"": 19, ""new_fc_10"": 4, ""new_fc_2"": 32, ""new_fc_3"": 19, ""new_fc_4"": 28, ""new_fc_5"": 8, ""new_fc_6"": 24, ""new_fc_7"": 31, ""new_fc_8"": 17, ""new_fc_9"": 22, ""num_neurons"": 16, ""optimizer"": ""Adamax"", ""reg_l2"": false, ""skip_connection"": false, ""unit_c1"": 3, ""unit_c2"": 1}"
378,168,flops,,,1.02079048,153118572.0,1694778.0,,14800.1208,"{""activation"": ""relu"", ""batch_size"": 64, ""data_augmentation"": true, ""dr_f"": 0.128507812115, ""learning_rate"": 0.000406596738, ""new_fc_1"": 10, ""new_fc_10"": 8, ""new_fc_2"": 15, ""new_fc_3"": 5, ""new_fc_4"": 24, ""new_fc_5"": 17, ""new_fc_6"": 30, ""new_fc_7"": 13, ""new_fc_8"": 17, ""new_fc_9"": 8, ""num_neurons"": 16, ""optimizer"": ""SGD"", ""reg_l2"": false, ""skip_connection"": false, ""unit_c1"": 4, ""unit_c2"": 6}"
379,169,accuracy,0.2408999800682068,0.7591000199317932,0.9253179466666667,138797692.0,3353514.0,-0.5537746299522552,15425.4012,"{""activation"": ""relu"", ""batch_size"": 64, ""data_augmentation"": false, ""dr_f"": 0.306032996135, ""learning_rate"": 0.000551899423, ""new_fc_1"": 31, ""new_fc_10"": 20, ""new_fc_2"": 17, ""new_fc_3"": 16, ""new_fc_4"": 23, ""new_fc_5"": 30, ""new_fc_6"": 10, ""new_fc_7"": 5, ""new_fc_8"": 21, ""new_fc_9"": 7, ""num_neurons"": 16, ""optimizer"": ""Adamax"", ""reg_l2"": false, ""skip_connection"": false, ""unit_c1"": 4, ""unit_c2"": 5}"
380,169,flops,,,0.04454832,6682248.0,73942.0,,15426.856,"{""activation"": ""elu"", ""batch_size"": 64, ""data_augmentation"": false, ""dr_f"": 0.113224511479, ""learning_rate"": 0.000320106933, ""new_fc_1"": 2, ""new_fc_10"": 9, ""new_fc_2"": 31, ""new_fc_3"": 28, ""new_fc_4"": 31, ""new_fc_5"": 7, ""new_fc_6"": 10, ""new_fc_7"": 0, ""new_fc_8"": 32, ""new_fc_9"": 25, ""num_neurons"": 4, ""optimizer"": ""Adamax"", ""reg_l2"": false, ""skip_connection"": true, ""unit_c1"": 3, ""unit_c2"": 5}"
381,170,accuracy,0.3223000168800354,0.6776999831199646,0.7229938933333333,108449084.0,1234490.0,-0.5574918201839753,16832.0827,"{""activation"": ""elu"", ""batch_size"": 16, ""data_augmentation"": false, ""dr_f"": 0.256284468604, ""learning_rate"": 0.000412211771, ""new_fc_1"": 4, ""new_fc_10"": 1, ""new_fc_2"": 5, ""new_fc_3"": 32, ""new_fc_4"": 29, ""new_fc_5"": 13, ""new_fc_6"": 31, ""new_fc_7"": 24, ""new_fc_8"": 19, ""new_fc_9"": 30, ""num_neurons"": 16, ""optimizer"": ""Adamax"", ""reg_l2"": true, ""skip_connection"": true, ""unit_c1"": 4, ""unit_c2"": 3}"
382,170,flops,,,0.3673160266666667,55097404.0,2394794.0,,16833.7755,"{""activation"": ""elu"", ""batch_size"": 16, ""data_augmentation"": false, ""dr_f"": 0.095177504175, ""learning_rate"": 0.0002151402, ""new_fc_1"": 12, ""new_fc_10"": 5, ""new_fc_2"": 3, ""new_fc_3"": 9, ""new_fc_4"": 13, ""new_fc_5"": 27, ""new_fc_6"": 2, ""new_fc_7"": 2, ""new_fc_8"": 12, ""new_fc_9"": 7, ""num_neurons"": 32, ""optimizer"": ""Adagrad"", ""reg_l2"": true, ""skip_connection"": true, ""unit_c1"": 1, ""unit_c2"": 2}"
383,170,flops,,,11.325914853333334,1698887228.0,26851530.0,,16836.3901,"{""activation"": ""swish"", ""batch_size"": 8, ""data_augmentation"": false, ""dr_f"": 0.052720379967, ""learning_rate"": 0.000586555411, ""new_fc_1"": 20, ""new_fc_10"": 17, ""new_fc_2"": 14, ""new_fc_3"": 8, ""new_fc_4"": 30, ""new_fc_5"": 5, ""new_fc_6"": 17, ""new_fc_7"": 3, ""new_fc_8"": 27, ""new_fc_9"": 31, ""num_neurons"": 64, ""optimizer"": ""Adam"", ""reg_l2"": true, ""skip_connection"": true, ""unit_c1"": 4, ""unit_c2"": 3}"
384,171,accuracy,10000000000.0,,1.0499727733333333,157495916.0,2424138.0,10000000000.0,16837.9978,"{""activation"": ""swish"", ""batch_size"": 16, ""data_augmentation"": false, ""dr_f"": 0.092628776721, ""learning_rate"": 0.000650210877, ""new_fc_1"": 13, ""new_fc_10"": 4, ""new_fc_2"": 31, ""new_fc_3"": 19, ""new_fc_4"": 2, ""new_fc_5"": 2, ""new_fc_6"": 31, ""new_fc_7"": 17, ""new_fc_8"": 5, ""new_fc_9"": 21, ""num_neurons"": 16, ""optimizer"": ""Adadelta"", ""reg_l2"": false, ""skip_connection"": true, ""unit_c1"": 3, ""unit_c2"": 8}"
385,172,accuracy,10000000000.0,,14.33361576,2150042364.0,18318090.0,10000000000.0,16840.2866,"{""activation"": ""swish"", ""batch_size"": 16, ""data_augmentation"": true, ""dr_f"": 0.053603030936, ""learning_rate"": 0.00069835898, ""new_fc_1"": 1, ""new_fc_10"": 32, ""new_fc_2"": 4, ""new_fc_3"": 6, ""new_fc_4"": 27, ""new_fc_5"": 23, ""new_fc_6"": 14, ""new_fc_7"": 32, ""new_fc_8"": 20, ""new_fc_9"": 26, ""num_neurons"": 64, ""optimizer"": ""Adagrad"", ""reg_l2"": false, ""skip_connection"": true, ""unit_c1"": 4, ""unit_c2"": 5}"
386,172,flops,,,2.1642596,324638940.0,6188074.0,,16841.7761,"{""activation"": ""swish"", ""batch_size"": 8, ""data_augmentation"": false, ""dr_f"": 0.346340574346, ""learning_rate"": 0.000728606436, ""new_fc_1"": 7, ""new_fc_10"": 29, ""new_fc_2"": 20, ""new_fc_3"": 30, ""new_fc_4"": 14, ""new_fc_5"": 16, ""new_fc_6"": 22, ""new_fc_7"": 11, ""new_fc_8"": 0, ""new_fc_9"": 22, ""num_neurons"": 32, ""optimizer"": ""Adam"", ""reg_l2"": true, ""skip_connection"": true, ""unit_c1"": 2, ""unit_c2"": 6}"
387,172,flops,,,0.6216934133333333,93254012.0,6972490.0,,16843.3453,"{""activation"": ""swish"", ""batch_size"": 32, ""data_augmentation"": false, ""dr_f"": 0.157805547245, ""learning_rate"": 0.000786859007, ""new_fc_1"": 23, ""new_fc_10"": 3, ""new_fc_2"": 14, ""new_fc_3"": 11, ""new_fc_4"": 4, ""new_fc_5"": 27, ""new_fc_6"": 25, ""new_fc_7"": 27, ""new_fc_8"": 6, ""new_fc_9"": 14, ""num_neurons"": 32, ""optimizer"": ""Adam"", ""reg_l2"": false, ""skip_connection"": true, ""unit_c1"": 1, ""unit_c2"": 3}"
388,173,accuracy,0.6897999942302704,0.3102000057697296,0.01583328,2374992.0,146594.0,-0.5123900200388107,17168.2967,"{""activation"": ""elu"", ""batch_size"": 64, ""data_augmentation"": true, ""dr_f"": 0.100333313664, ""learning_rate"": 0.000445239391, ""new_fc_1"": 24, ""new_fc_10"": 6, ""new_fc_2"": 21, ""new_fc_3"": 31, ""new_fc_4"": 0, ""new_fc_5"": 29, ""new_fc_6"": 10, ""new_fc_7"": 11, ""new_fc_8"": 3, ""new_fc_9"": 30, ""num_neurons"": 4, ""optimizer"": ""Adagrad"", ""reg_l2"": true, ""skip_connection"": true, ""unit_c1"": 1, ""unit_c2"": 4}"
389,174,accuracy,0.43140000104904175,0.5685999989509583,0.14465725333333335,21698588.0,419906.0,-0.6546228232656708,17614.1599,"{""activation"": ""selu"", ""batch_size"": 64, ""data_augmentation"": true, ""dr_f"": 0.25234180999, ""learning_rate"": 0.000949683729, ""new_fc_1"": 14, ""new_fc_10"": 30, ""new_fc_2"": 0, ""new_fc_3"": 18, ""new_fc_4"": 28, ""new_fc_5"": 27, ""new_fc_6"": 17, ""new_fc_7"": 22, ""new_fc_8"": 5, ""new_fc_9"": 3, ""num_neurons"": 8, ""optimizer"": ""Adagrad"", ""reg_l2"": true, ""skip_connection"": true, ""unit_c1"": 3, ""unit_c2"": 4}"
390,175,accuracy,0.3440999984741211,0.6559000015258789,0.10430824,15646236.0,814002.0,-0.7278375290681152,17939.1575,"{""activation"": ""selu"", ""batch_size"": 64, ""data_augmentation"": true, ""dr_f"": 0.045679349862, ""learning_rate"": 0.00030210496, ""new_fc_1"": 25, ""new_fc_10"": 28, ""new_fc_2"": 11, ""new_fc_3"": 0, ""new_fc_4"": 11, ""new_fc_5"": 16, ""new_fc_6"": 23, ""new_fc_7"": 22, ""new_fc_8"": 18, ""new_fc_9"": 18, ""num_neurons"": 8, ""optimizer"": ""Adamax"", ""reg_l2"": true, ""skip_connection"": false, ""unit_c1"": 1, ""unit_c2"": 6}"
391,176,accuracy,10000000000.0,,5.23118824,784678236.0,3110954.0,10000000000.0,2.0442,"{""activation"": ""relu"", ""batch_size"": 32, ""data_augmentation"": true, ""dr_f"": 0.337594760794, ""learning_rate"": 0.000299865619, ""new_fc_1"": 2, ""new_fc_10"": 10, ""new_fc_2"": 8, ""new_fc_3"": 19, ""new_fc_4"": 2, ""new_fc_5"": 0, ""new_fc_6"": 8, ""new_fc_7"": 32, ""new_fc_8"": 13, ""new_fc_9"": 3, ""num_neurons"": 32, ""optimizer"": ""Adadelta"", ""reg_l2"": false, ""skip_connection"": true, ""unit_c1"": 4, ""unit_c2"": 8}"
392,176,flops,,,0.02406637333333333,3609956.0,25818.0,,3.6089,"{""activation"": ""selu"", ""batch_size"": 8, ""data_augmentation"": false, ""dr_f"": 0.380496646605, ""learning_rate"": 0.000565784338, ""new_fc_1"": 3, ""new_fc_10"": 22, ""new_fc_2"": 14, ""new_fc_3"": 1, ""new_fc_4"": 5, ""new_fc_5"": 12, ""new_fc_6"": 3, ""new_fc_7"": 30, ""new_fc_8"": 7, ""new_fc_9"": 1, ""num_neurons"": 4, ""optimizer"": ""Adam"", ""reg_l2"": true, ""skip_connection"": true, ""unit_c1"": 2, ""unit_c2"": 4}"
393,177,accuracy,10000000000.0,,3.4942267466666665,524134012.0,3578186.0,10000000000.0,5.1898,"{""activation"": ""swish"", ""batch_size"": 8, ""data_augmentation"": true, ""dr_f"": 0.147854126494, ""learning_rate"": 0.000340018401, ""new_fc_1"": 2, ""new_fc_10"": 26, ""new_fc_2"": 11, ""new_fc_3"": 16, ""new_fc_4"": 28, ""new_fc_5"": 11, ""new_fc_6"": 9, ""new_fc_7"": 11, ""new_fc_8"": 15, ""new_fc_9"": 13, ""num_neurons"": 32, ""optimizer"": ""Adam"", ""reg_l2"": true, ""skip_connection"": true, ""unit_c1"": 3, ""unit_c2"": 7}"
394,178,accuracy,10000000000.0,,1.2030438133333334,180456572.0,7676426.0,10000000000.0,6.9808,"{""activation"": ""swish"", ""batch_size"": 16, ""data_augmentation"": true, ""dr_f"": 0.078496569363, ""learning_rate"": 0.000102002321, ""new_fc_1"": 13, ""new_fc_10"": 19, ""new_fc_2"": 17, ""new_fc_3"": 3, ""new_fc_4"": 0, ""new_fc_5"": 4, ""new_fc_6"": 27, ""new_fc_7"": 32, ""new_fc_8"": 27, ""new_fc_9"": 20, ""num_neurons"": 32, ""optimizer"": ""Adam"", ""reg_l2"": false, ""skip_connection"": true, ""unit_c1"": 1, ""unit_c2"": 5}"
395,178,flops,,,0.16645224,24967836.0,1062146.0,,8.3972,"{""activation"": ""elu"", ""batch_size"": 64, ""data_augmentation"": true, ""dr_f"": 0.138944192592, ""learning_rate"": 0.000401891908, ""new_fc_1"": 28, ""new_fc_10"": 5, ""new_fc_2"": 19, ""new_fc_3"": 7, ""new_fc_4"": 19, ""new_fc_5"": 11, ""new_fc_6"": 21, ""new_fc_7"": 6, ""new_fc_8"": 10, ""new_fc_9"": 10, ""num_neurons"": 8, ""optimizer"": ""Adagrad"", ""reg_l2"": true, ""skip_connection"": false, ""unit_c1"": 1, ""unit_c2"": 8}"
396,179,accuracy,0.8858999982476234,0.11410000175237656,0.29098824,43648236.0,857530.0,-0.2925735292266636,274.3153,"{""activation"": ""swish"", ""batch_size"": 32, ""data_augmentation"": false, ""dr_f"": 0.194193818875, ""learning_rate"": 0.000802805654, ""new_fc_1"": 5, ""new_fc_10"": 15, ""new_fc_2"": 0, ""new_fc_3"": 0, ""new_fc_4"": 12, ""new_fc_5"": 29, ""new_fc_6"": 6, ""new_fc_7"": 18, ""new_fc_8"": 12, ""new_fc_9"": 20, ""num_neurons"": 16, ""optimizer"": ""Adagrad"", ""reg_l2"": true, ""skip_connection"": true, ""unit_c1"": 1, ""unit_c2"": 5}"
397,179,flops,,,0.3148076533333333,47221148.0,2719818.0,,275.9298,"{""activation"": ""elu"", ""batch_size"": 32, ""data_augmentation"": false, ""dr_f"": 0.137800417396, ""learning_rate"": 0.000764071537, ""new_fc_1"": 27, ""new_fc_10"": 29, ""new_fc_2"": 19, ""new_fc_3"": 3, ""new_fc_4"": 3, ""new_fc_5"": 1, ""new_fc_6"": 15, ""new_fc_7"": 18, ""new_fc_8"": 24, ""new_fc_9"": 7, ""num_neurons"": 16, ""optimizer"": ""Adamax"", ""reg_l2"": false, ""skip_connection"": true, ""unit_c1"": 1, ""unit_c2"": 5}"
398,180,accuracy,0.678600013256073,0.321399986743927,0.7985550666666666,119783260.0,1219658.0,-0.2854134707207489,901.7538,"{""activation"": ""elu"", ""batch_size"": 16, ""data_augmentation"": false, ""dr_f"": 0.043377319106, ""learning_rate"": 0.000905639344, ""new_fc_1"": 12, ""new_fc_10"": 25, ""new_fc_2"": 10, ""new_fc_3"": 7, ""new_fc_4"": 10, ""new_fc_5"": 1, ""new_fc_6"": 14, ""new_fc_7"": 21, ""new_fc_8"": 22, ""new_fc_9"": 4, ""num_neurons"": 16, ""optimizer"": ""Adadelta"", ""reg_l2"": true, ""skip_connection"": true, ""unit_c1"": 4, ""unit_c2"": 4}"
399,181,accuracy,0.2753000259399414,0.7246999740600586,0.10490056,15735084.0,1303818.0,-0.7758198138420409,2367.479,"{""activation"": ""elu"", ""batch_size"": 8, ""data_augmentation"": true, ""dr_f"": 0.043388406047, ""learning_rate"": 0.000852588796, ""new_fc_1"": 25, ""new_fc_10"": 0, ""new_fc_2"": 19, ""new_fc_3"": 8, ""new_fc_4"": 30, ""new_fc_5"": 2, ""new_fc_6"": 30, ""new_fc_7"": 24, ""new_fc_8"": 2, ""new_fc_9"": 23, ""num_neurons"": 16, ""optimizer"": ""SGD"", ""reg_l2"": false, ""skip_connection"": true, ""unit_c1"": 1, ""unit_c2"": 2}"
400,181,flops,,,0.03759824,5639736.0,108886.0,,2368.99,"{""activation"": ""swish"", ""batch_size"": 16, ""data_augmentation"": true, ""dr_f"": 0.294214505147, ""learning_rate"": 0.000162073192, ""new_fc_1"": 13, ""new_fc_10"": 31, ""new_fc_2"": 4, ""new_fc_3"": 30, ""new_fc_4"": 9, ""new_fc_5"": 26, ""new_fc_6"": 5, ""new_fc_7"": 11, ""new_fc_8"": 0, ""new_fc_9"": 0, ""num_neurons"": 4, ""optimizer"": ""Adagrad"", ""reg_l2"": true, ""skip_connection"": true, ""unit_c1"": 2, ""unit_c2"": 6}"
401,181,flops,,,4.219529786666667,632929468.0,15186474.0,,2371.0072,"{""activation"": ""elu"", ""batch_size"": 64, ""data_augmentation"": false, ""dr_f"": 0.363599827149, ""learning_rate"": 0.000521438503, ""new_fc_1"": 24, ""new_fc_10"": 11, ""new_fc_2"": 30, ""new_fc_3"": 1, ""new_fc_4"": 7, ""new_fc_5"": 0, ""new_fc_6"": 19, ""new_fc_7"": 18, ""new_fc_8"": 4, ""new_fc_9"": 22, ""num_neurons"": 32, ""optimizer"": ""Adagrad"", ""reg_l2"": false, ""skip_connection"": true, ""unit_c1"": 3, ""unit_c2"": 8}"
402,181,flops,,,0.041813866666666664,6272080.0,44930.0,,2372.642,"{""activation"": ""relu"", ""batch_size"": 8, ""data_augmentation"": false, ""dr_f"": 0.464780157738, ""learning_rate"": 0.000297883703, ""new_fc_1"": 2, ""new_fc_10"": 25, ""new_fc_2"": 17, ""new_fc_3"": 18, ""new_fc_4"": 13, ""new_fc_5"": 17, ""new_fc_6"": 9, ""new_fc_7"": 17, ""new_fc_8"": 29, ""new_fc_9"": 14, ""num_neurons"": 4, ""optimizer"": ""Adadelta"", ""reg_l2"": true, ""skip_connection"": true, ""unit_c1"": 4, ""unit_c2"": 1}"
403,182,accuracy,0.8135000020265579,0.18649999797344208,0.007016373333333333,1052456.0,39170.0,-0.42844508658140945,2697.6357,"{""activation"": ""selu"", ""batch_size"": 64, ""data_augmentation"": true, ""dr_f"": 0.387089474149, ""learning_rate"": 0.000512176187, ""new_fc_1"": 7, ""new_fc_10"": 3, ""new_fc_2"": 21, ""new_fc_3"": 8, ""new_fc_4"": 23, ""new_fc_5"": 11, ""new_fc_6"": 21, ""new_fc_7"": 4, ""new_fc_8"": 29, ""new_fc_9"": 8, ""num_neurons"": 4, ""optimizer"": ""Adagrad"", ""reg_l2"": false, ""skip_connection"": false, ""unit_c1"": 1, ""unit_c2"": 2}"
404,182,flops,,,0.42144306666666664,63216460.0,3507466.0,,2699.401,"{""activation"": ""swish"", ""batch_size"": 8, ""data_augmentation"": false, ""dr_f"": 0.198988454628, ""learning_rate"": 0.000158653084, ""new_fc_1"": 30, ""new_fc_10"": 23, ""new_fc_2"": 31, ""new_fc_3"": 7, ""new_fc_4"": 0, ""new_fc_5"": 20, ""new_fc_6"": 4, ""new_fc_7"": 31, ""new_fc_8"": 5, ""new_fc_9"": 0, ""num_neurons"": 16, ""optimizer"": ""Adagrad"", ""reg_l2"": false, ""skip_connection"": true, ""unit_c1"": 1, ""unit_c2"": 6}"
405,182,flops,,,0.18991650666666668,28487476.0,291594.0,,2700.9874,"{""activation"": ""relu"", ""batch_size"": 16, ""data_augmentation"": false, ""dr_f"": 0.04763530101, ""learning_rate"": 0.000398731354, ""new_fc_1"": 3, ""new_fc_10"": 9, ""new_fc_2"": 21, ""new_fc_3"": 11, ""new_fc_4"": 26, ""new_fc_5"": 23, ""new_fc_6"": 2, ""new_fc_7"": 26, ""new_fc_8"": 26, ""new_fc_9"": 24, ""num_neurons"": 8, ""optimizer"": ""SGD"", ""reg_l2"": true, ""skip_connection"": false, ""unit_c1"": 3, ""unit_c2"": 6}"
406,182,flops,,,0.0754764,11321460.0,254802.0,,2702.5009,"{""activation"": ""swish"", ""batch_size"": 32, ""data_augmentation"": true, ""dr_f"": 0.37644910499, ""learning_rate"": 0.000255479972, ""new_fc_1"": 8, ""new_fc_10"": 2, ""new_fc_2"": 17, ""new_fc_3"": 28, ""new_fc_4"": 0, ""new_fc_5"": 11, ""new_fc_6"": 0, ""new_fc_7"": 12, ""new_fc_8"": 4, ""new_fc_9"": 3, ""num_neurons"": 8, ""optimizer"": ""Adadelta"", ""reg_l2"": false, ""skip_connection"": true, ""unit_c1"": 1, ""unit_c2"": 5}"
407,183,accuracy,0.8999999985098839,0.10000000149011612,0.5552223733333334,83283356.0,1987626.0,-0.20343328904308128,3568.8227,"{""activation"": ""swish"", ""batch_size"": 8, ""data_augmentation"": true, ""dr_f"": 0.155262952101, ""learning_rate"": 0.000286397618, ""new_fc_1"": 0, ""new_fc_10"": 9, ""new_fc_2"": 3, ""new_fc_3"": 32, ""new_fc_4"": 4, ""new_fc_5"": 7, ""new_fc_6"": 32, ""new_fc_7"": 13, ""new_fc_8"": 24, ""new_fc_9"": 1, ""num_neurons"": 32, ""optimizer"": ""Adamax"", ""reg_l2"": true, ""skip_connection"": true, ""unit_c1"": 1, ""unit_c2"": 3}"
408,184,accuracy,0.8999999985098839,0.10000000149011612,0.07387261333333334,11080892.0,505418.0,-0.34783821704308127,3773.9916,"{""activation"": ""relu"", ""batch_size"": 32, ""data_augmentation"": false, ""dr_f"": 0.408552975863, ""learning_rate"": 0.000562731756, ""new_fc_1"": 19, ""new_fc_10"": 16, ""new_fc_2"": 30, ""new_fc_3"": 23, ""new_fc_4"": 32, ""new_fc_5"": 12, ""new_fc_6"": 20, ""new_fc_7"": 31, ""new_fc_8"": 16, ""new_fc_9"": 9, ""num_neurons"": 8, ""optimizer"": ""Adam"", ""reg_l2"": true, ""skip_connection"": false, ""unit_c1"": 2, ""unit_c2"": 3}"
409,184,flops,,,16.592584506666668,2488887676.0,71355786.0,,3778.3541,"{""activation"": ""swish"", ""batch_size"": 64, ""data_augmentation"": true, ""dr_f"": 0.484815294709, ""learning_rate"": 0.000479502697, ""new_fc_1"": 30, ""new_fc_10"": 20, ""new_fc_2"": 1, ""new_fc_3"": 12, ""new_fc_4"": 3, ""new_fc_5"": 25, ""new_fc_6"": 1, ""new_fc_7"": 13, ""new_fc_8"": 0, ""new_fc_9"": 30, ""num_neurons"": 64, ""optimizer"": ""Adam"", ""reg_l2"": true, ""skip_connection"": false, ""unit_c1"": 3, ""unit_c2"": 8}"
410,185,accuracy,10000000000.0,,1.02079048,153118572.0,1694778.0,10000000000.0,3779.8663,"{""activation"": ""relu"", ""batch_size"": 64, ""data_augmentation"": true, ""dr_f"": 0.128507812115, ""learning_rate"": 0.000406596738, ""new_fc_1"": 10, ""new_fc_10"": 8, ""new_fc_2"": 15, ""new_fc_3"": 5, ""new_fc_4"": 24, ""new_fc_5"": 17, ""new_fc_6"": 30, ""new_fc_7"": 13, ""new_fc_8"": 17, ""new_fc_9"": 8, ""num_neurons"": 16, ""optimizer"": ""SGD"", ""reg_l2"": false, ""skip_connection"": false, ""unit_c1"": 4, ""unit_c2"": 6}"
411,186,accuracy,0.8999999985098839,0.10000000149011612,0.05507285333333333,8260928.0,58510.0,-0.3534781450430813,4165.5792,"{""activation"": ""relu"", ""batch_size"": 16, ""data_augmentation"": false, ""dr_f"": 0.063966219004, ""learning_rate"": 0.000121538366, ""new_fc_1"": 8, ""new_fc_10"": 2, ""new_fc_2"": 32, ""new_fc_3"": 2, ""new_fc_4"": 3, ""new_fc_5"": 1, ""new_fc_6"": 3, ""new_fc_7"": 30, ""new_fc_8"": 20, ""new_fc_9"": 4, ""num_neurons"": 4, ""optimizer"": ""Adamax"", ""reg_l2"": true, ""skip_connection"": true, ""unit_c1"": 4, ""unit_c2"": 4}"
412,187,accuracy,0.4327999949455261,0.5672000050544739,0.0055782666666666664,836740.0,62950.0,-0.6953665235381317,4490.8504,"{""activation"": ""selu"", ""batch_size"": 64, ""data_augmentation"": true, ""dr_f"": 0.220294348926, ""learning_rate"": 0.000831319049, ""new_fc_1"": 12, ""new_fc_10"": 27, ""new_fc_2"": 13, ""new_fc_3"": 19, ""new_fc_4"": 32, ""new_fc_5"": 15, ""new_fc_6"": 5, ""new_fc_7"": 30, ""new_fc_8"": 30, ""new_fc_9"": 7, ""num_neurons"": 4, ""optimizer"": ""Adamax"", ""reg_l2"": false, ""skip_connection"": true, ""unit_c1"": 1, ""unit_c2"": 1}"
413,188,accuracy,0.8998000025749207,0.10019999742507935,0.17161917333333335,25742876.0,742890.0,-0.31865424619755556,4695.6569,"{""activation"": ""selu"", ""batch_size"": 32, ""data_augmentation"": true, ""dr_f"": 0.479065140685, ""learning_rate"": 0.000578534776, ""new_fc_1"": 8, ""new_fc_10"": 6, ""new_fc_2"": 29, ""new_fc_3"": 27, ""new_fc_4"": 22, ""new_fc_5"": 17, ""new_fc_6"": 11, ""new_fc_7"": 10, ""new_fc_8"": 1, ""new_fc_9"": 3, ""num_neurons"": 16, ""optimizer"": ""SGD"", ""reg_l2"": false, ""skip_connection"": false, ""unit_c1"": 2, ""unit_c2"": 1}"
414,188,flops,,,0.024476186666666667,3671428.0,100794.0,,4697.2607,"{""activation"": ""swish"", ""batch_size"": 32, ""data_augmentation"": false, ""dr_f"": 0.240212240858, ""learning_rate"": 0.000278357753, ""new_fc_1"": 3, ""new_fc_10"": 15, ""new_fc_2"": 19, ""new_fc_3"": 10, ""new_fc_4"": 11, ""new_fc_5"": 16, ""new_fc_6"": 9, ""new_fc_7"": 7, ""new_fc_8"": 4, ""new_fc_9"": 17, ""num_neurons"": 8, ""optimizer"": ""SGD"", ""reg_l2"": false, ""skip_connection"": false, ""unit_c1"": 1, ""unit_c2"": 2}"
415,189,accuracy,0.8839000016450882,0.1160999983549118,0.15900829333333333,23851244.0,1761658.0,-0.3335675108484383,4902.7771,"{""activation"": ""relu"", ""batch_size"": 64, ""data_augmentation"": false, ""dr_f"": 0.496143483605, ""learning_rate"": 0.000176725726, ""new_fc_1"": 14, ""new_fc_10"": 19, ""new_fc_2"": 12, ""new_fc_3"": 26, ""new_fc_4"": 31, ""new_fc_5"": 17, ""new_fc_6"": 8, ""new_fc_7"": 31, ""new_fc_8"": 27, ""new_fc_9"": 22, ""num_neurons"": 16, ""optimizer"": ""Adadelta"", ""reg_l2"": true, ""skip_connection"": true, ""unit_c1"": 1, ""unit_c2"": 3}"
416,190,accuracy,0.26969999074935913,0.7303000092506409,0.3148076533333333,47221148.0,2719818.0,-0.7167677104754486,5287.9877,"{""activation"": ""elu"", ""batch_size"": 32, ""data_augmentation"": false, ""dr_f"": 0.137800417396, ""learning_rate"": 0.000764071537, ""new_fc_1"": 27, ""new_fc_10"": 29, ""new_fc_2"": 19, ""new_fc_3"": 3, ""new_fc_4"": 3, ""new_fc_5"": 1, ""new_fc_6"": 15, ""new_fc_7"": 18, ""new_fc_8"": 24, ""new_fc_9"": 7, ""num_neurons"": 16, ""optimizer"": ""Adamax"", ""reg_l2"": false, ""skip_connection"": true, ""unit_c1"": 1, ""unit_c2"": 5}"
417,190,flops,,,0.8446598133333333,126698972.0,4731210.0,,5290.0142,"{""activation"": ""elu"", ""batch_size"": 16, ""data_augmentation"": true, ""dr_f"": 0.169940072331, ""learning_rate"": 0.000764136754, ""new_fc_1"": 31, ""new_fc_10"": 16, ""new_fc_2"": 6, ""new_fc_3"": 6, ""new_fc_4"": 14, ""new_fc_5"": 22, ""new_fc_6"": 22, ""new_fc_7"": 7, ""new_fc_8"": 16, ""new_fc_9"": 14, ""num_neurons"": 16, ""optimizer"": ""Adam"", ""reg_l2"": true, ""skip_connection"": true, ""unit_c1"": 2, ""unit_c2"": 8}"
418,191,accuracy,10000000000.0,,9.00094632,1350141948.0,17196234.0,10000000000.0,5292.0877,"{""activation"": ""elu"", ""batch_size"": 8, ""data_augmentation"": false, ""dr_f"": 0.442618779174, ""learning_rate"": 0.000933974209, ""new_fc_1"": 30, ""new_fc_10"": 13, ""new_fc_2"": 4, ""new_fc_3"": 1, ""new_fc_4"": 12, ""new_fc_5"": 15, ""new_fc_6"": 9, ""new_fc_7"": 24, ""new_fc_8"": 23, ""new_fc_9"": 24, ""num_neurons"": 64, ""optimizer"": ""Adam"", ""reg_l2"": true, ""skip_connection"": false, ""unit_c1"": 4, ""unit_c2"": 1}"
419,192,accuracy,0.7141000032424927,0.2858999967575073,0.8446598133333333,126698972.0,4731210.0,-0.2467320537302551,6937.8381,"{""activation"": ""elu"", ""batch_size"": 16, ""data_augmentation"": true, ""dr_f"": 0.169940072331, ""learning_rate"": 0.000764136754, ""new_fc_1"": 31, ""new_fc_10"": 16, ""new_fc_2"": 6, ""new_fc_3"": 6, ""new_fc_4"": 14, ""new_fc_5"": 22, ""new_fc_6"": 22, ""new_fc_7"": 7, ""new_fc_8"": 16, ""new_fc_9"": 14, ""num_neurons"": 16, ""optimizer"": ""Adam"", ""reg_l2"": true, ""skip_connection"": true, ""unit_c1"": 2, ""unit_c2"": 8}"
420,193,accuracy,0.542600005865097,0.45739999413490295,0.12006749333333333,18010124.0,349682.0,-0.584159747894432,8823.1963,"{""activation"": ""selu"", ""batch_size"": 8, ""data_augmentation"": false, ""dr_f"": 0.448178110002, ""learning_rate"": 0.000676970967, ""new_fc_1"": 16, ""new_fc_10"": 21, ""new_fc_2"": 26, ""new_fc_3"": 11, ""new_fc_4"": 5, ""new_fc_5"": 0, ""new_fc_6"": 21, ""new_fc_7"": 22, ""new_fc_8"": 9, ""new_fc_9"": 19, ""num_neurons"": 8, ""optimizer"": ""SGD"", ""reg_l2"": false, ""skip_connection"": false, ""unit_c1"": 3, ""unit_c2"": 3}"
421,194,accuracy,0.8999999985098839,0.10000000149011612,0.65780008,98670012.0,2544586.0,-0.17265997704308128,9748.9592,"{""activation"": ""swish"", ""batch_size"": 8, ""data_augmentation"": false, ""dr_f"": 0.490199465998, ""learning_rate"": 0.00069769001, ""new_fc_1"": 7, ""new_fc_10"": 25, ""new_fc_2"": 28, ""new_fc_3"": 5, ""new_fc_4"": 27, ""new_fc_5"": 4, ""new_fc_6"": 25, ""new_fc_7"": 8, ""new_fc_8"": 15, ""new_fc_9"": 24, ""num_neurons"": 32, ""optimizer"": ""Adadelta"", ""reg_l2"": true, ""skip_connection"": false, ""unit_c1"": 2, ""unit_c2"": 1}"
422,195,accuracy,0.8959999978542328,0.10400000214576721,0.0754764,11321460.0,254802.0,-0.350157081502037,10014.2043,"{""activation"": ""swish"", ""batch_size"": 32, ""data_augmentation"": true, ""dr_f"": 0.37644910499, ""learning_rate"": 0.000255479972, ""new_fc_1"": 8, ""new_fc_10"": 2, ""new_fc_2"": 17, ""new_fc_3"": 28, ""new_fc_4"": 0, ""new_fc_5"": 11, ""new_fc_6"": 0, ""new_fc_7"": 12, ""new_fc_8"": 4, ""new_fc_9"": 3, ""num_neurons"": 8, ""optimizer"": ""Adadelta"", ""reg_l2"": false, ""skip_connection"": true, ""unit_c1"": 1, ""unit_c2"": 5}"
423,196,accuracy,0.33240002393722534,0.6675999760627747,0.04454832,6682248.0,73942.0,-0.7539554872439422,10400.9701,"{""activation"": ""elu"", ""batch_size"": 64, ""data_augmentation"": false, ""dr_f"": 0.113224511479, ""learning_rate"": 0.000320106933, ""new_fc_1"": 2, ""new_fc_10"": 9, ""new_fc_2"": 31, ""new_fc_3"": 28, ""new_fc_4"": 31, ""new_fc_5"": 7, ""new_fc_6"": 10, ""new_fc_7"": 0, ""new_fc_8"": 32, ""new_fc_9"": 25, ""num_neurons"": 4, ""optimizer"": ""Adamax"", ""reg_l2"": false, ""skip_connection"": true, ""unit_c1"": 3, ""unit_c2"": 5}"
424,197,accuracy,0.6832000017166138,0.31679999828338623,0.015376106666666667,2306416.0,112370.0,-0.5171471667983704,10726.1522,"{""activation"": ""relu"", ""batch_size"": 64, ""data_augmentation"": true, ""dr_f"": 0.056257127818, ""learning_rate"": 0.000809343371, ""new_fc_1"": 11, ""new_fc_10"": 10, ""new_fc_2"": 21, ""new_fc_3"": 20, ""new_fc_4"": 8, ""new_fc_5"": 23, ""new_fc_6"": 21, ""new_fc_7"": 30, ""new_fc_8"": 30, ""new_fc_9"": 23, ""num_neurons"": 4, ""optimizer"": ""SGD"", ""reg_l2"": false, ""skip_connection"": true, ""unit_c1"": 1, ""unit_c2"": 4}"
425,198,accuracy,10000000000.0,,18.68743336,2803115004.0,35542794.0,10000000000.0,10729.0928,"{""activation"": ""swish"", ""batch_size"": 8, ""data_augmentation"": false, ""dr_f"": 0.451731272462, ""learning_rate"": 0.000438816955, ""new_fc_1"": 14, ""new_fc_10"": 25, ""new_fc_2"": 2, ""new_fc_3"": 21, ""new_fc_4"": 21, ""new_fc_5"": 21, ""new_fc_6"": 14, ""new_fc_7"": 7, ""new_fc_8"": 8, ""new_fc_9"": 4, ""num_neurons"": 64, ""optimizer"": ""Adadelta"", ""reg_l2"": false, ""skip_connection"": true, ""unit_c1"": 4, ""unit_c2"": 7}"
426,199,accuracy,0.8911999985575676,0.1088000014424324,0.23958450666666667,35937676.0,1129034.0,-0.30428464900970265,11234.3732,"{""activation"": ""swish"", ""batch_size"": 32, ""data_augmentation"": false, ""dr_f"": 0.459974577019, ""learning_rate"": 0.000413674057, ""new_fc_1"": 30, ""new_fc_10"": 27, ""new_fc_2"": 19, ""new_fc_3"": 24, ""new_fc_4"": 16, ""new_fc_5"": 27, ""new_fc_6"": 31, ""new_fc_7"": 4, ""new_fc_8"": 8, ""new_fc_9"": 16, ""num_neurons"": 8, ""optimizer"": ""Adagrad"", ""reg_l2"": false, ""skip_connection"": true, ""unit_c1"": 3, ""unit_c2"": 7}"
427,200,accuracy,0.29259997606277466,0.7074000239372253,0.06609554666666667,9914332.0,953690.0,-0.7753513527560577,13179.4503,"{""activation"": ""relu"", ""batch_size"": 8, ""data_augmentation"": false, ""dr_f"": 0.242625711473, ""learning_rate"": 0.000730255188, ""new_fc_1"": 26, ""new_fc_10"": 2, ""new_fc_2"": 17, ""new_fc_3"": 19, ""new_fc_4"": 2, ""new_fc_5"": 4, ""new_fc_6"": 12, ""new_fc_7"": 9, ""new_fc_8"": 27, ""new_fc_9"": 28, ""num_neurons"": 16, ""optimizer"": ""Adamax"", ""reg_l2"": false, ""skip_connection"": false, ""unit_c1"": 1, ""unit_c2"": 1}"
