event,accuracy_eval,objective,error,accuracy,flops_norm,flops,params,score,elapsed_sec,params_json
1,1,both,10000000000.0,,1.8604799466666666,279071992.0,9298660.0,10000000000.0,1.5884,"{""activation"": ""swish"", ""batch_size"": 32, ""data_augmentation"": true, ""dr_f"": 0.136620183175, ""learning_rate"": 0.000596183292, ""new_fc_1"": 32, ""new_fc_10"": 20, ""new_fc_2"": 25, ""new_fc_3"": 19, ""new_fc_4"": 14, ""new_fc_5"": 32, ""new_fc_6"": 16, ""new_fc_7"": 4, ""new_fc_8"": 3, ""new_fc_9"": 2, ""num_neurons"": 32, ""optimizer"": ""SGD"", ""reg_l2"": false, ""skip_connection"": false, ""unit_c1"": 3, ""unit_c2"": 3}"
2,2,both,0.8130999952554703,0.18690000474452972,0.6300614933333333,94509224.0,2081476.0,-0.24181155532117082,566.0773,"{""activation"": ""selu"", ""batch_size"": 32, ""data_augmentation"": false, ""dr_f"": 0.328168450519, ""learning_rate"": 0.000864488615, ""new_fc_1"": 12, ""new_fc_10"": 15, ""new_fc_2"": 3, ""new_fc_3"": 5, ""new_fc_4"": 0, ""new_fc_5"": 11, ""new_fc_6"": 10, ""new_fc_7"": 22, ""new_fc_8"": 13, ""new_fc_9"": 18, ""num_neurons"": 16, ""optimizer"": ""Adagrad"", ""reg_l2"": false, ""skip_connection"": false, ""unit_c1"": 1, ""unit_c2"": 8}"
3,3,both,0.9900000002235174,0.009999999776482582,0.44807354666666666,67211032.0,2651812.0,-0.1725779358435378,770.0735,"{""activation"": ""elu"", ""batch_size"": 32, ""data_augmentation"": false, ""dr_f"": 0.473755208556, ""learning_rate"": 0.000551653008, ""new_fc_1"": 25, ""new_fc_10"": 3, ""new_fc_2"": 20, ""new_fc_3"": 12, ""new_fc_4"": 18, ""new_fc_5"": 17, ""new_fc_6"": 1, ""new_fc_7"": 27, ""new_fc_8"": 22, ""new_fc_9"": 3, ""num_neurons"": 16, ""optimizer"": ""Adam"", ""reg_l2"": true, ""skip_connection"": false, ""unit_c1"": 2, ""unit_c2"": 5}"
4,4,both,10000000000.0,,12.579233866666666,1886885080.0,36112740.0,10000000000.0,771.8498,"{""activation"": ""swish"", ""batch_size"": 32, ""data_augmentation"": false, ""dr_f"": 0.344577477992, ""learning_rate"": 0.000627342897, ""new_fc_1"": 12, ""new_fc_10"": 25, ""new_fc_2"": 27, ""new_fc_3"": 17, ""new_fc_4"": 10, ""new_fc_5"": 1, ""new_fc_6"": 16, ""new_fc_7"": 5, ""new_fc_8"": 22, ""new_fc_9"": 15, ""num_neurons"": 64, ""optimizer"": ""Adagrad"", ""reg_l2"": true, ""skip_connection"": false, ""unit_c1"": 2, ""unit_c2"": 8}"
5,5,both,0.9702000003308058,0.02979999966919422,0.05476832,8215248.0,335812.0,-0.3044295037684359,1035.7601,"{""activation"": ""elu"", ""batch_size"": 64, ""data_augmentation"": false, ""dr_f"": 0.290560127367, ""learning_rate"": 0.000450055517, ""new_fc_1"": 7, ""new_fc_10"": 8, ""new_fc_2"": 24, ""new_fc_3"": 6, ""new_fc_4"": 13, ""new_fc_5"": 28, ""new_fc_6"": 20, ""new_fc_7"": 32, ""new_fc_8"": 24, ""new_fc_9"": 13, ""num_neurons"": 8, ""optimizer"": ""Adadelta"", ""reg_l2"": false, ""skip_connection"": false, ""unit_c1"": 1, ""unit_c2"": 4}"
6,6,both,0.9900000002235174,0.009999999776482582,0.6785926933333334,101788904.0,2279300.0,-0.10342219184353778,1900.6277,"{""activation"": ""swish"", ""batch_size"": 8, ""data_augmentation"": true, ""dr_f"": 0.445858355249, ""learning_rate"": 0.000514214582, ""new_fc_1"": 14, ""new_fc_10"": 18, ""new_fc_2"": 23, ""new_fc_3"": 3, ""new_fc_4"": 17, ""new_fc_5"": 24, ""new_fc_6"": 23, ""new_fc_7"": 5, ""new_fc_8"": 2, ""new_fc_9"": 18, ""num_neurons"": 16, ""optimizer"": ""Adamax"", ""reg_l2"": true, ""skip_connection"": true, ""unit_c1"": 2, ""unit_c2"": 7}"
7,7,both,10000000000.0,,1.04612944,156919416.0,4097716.0,10000000000.0,1901.0703,"{""activation"": ""elu"", ""batch_size"": 32, ""data_augmentation"": true, ""dr_f"": 0.169061966854, ""learning_rate"": 0.000607132884, ""new_fc_1"": 25, ""new_fc_10"": 9, ""new_fc_2"": 27, ""new_fc_3"": 3, ""new_fc_4"": 14, ""new_fc_5"": 21, ""new_fc_6"": 23, ""new_fc_7"": 23, ""new_fc_8"": 4, ""new_fc_9"": 5, ""num_neurons"": 16, ""optimizer"": ""SGD"", ""reg_l2"": true, ""skip_connection"": false, ""unit_c1"": 3, ""unit_c2"": 8}"
8,8,both,0.9900000002235174,0.009999999776482582,0.03835146666666667,5752720.0,194460.0,-0.29549455984353784,2285.3241,"{""activation"": ""elu"", ""batch_size"": 16, ""data_augmentation"": true, ""dr_f"": 0.252719771852, ""learning_rate"": 0.000558486335, ""new_fc_1"": 23, ""new_fc_10"": 3, ""new_fc_2"": 21, ""new_fc_3"": 25, ""new_fc_4"": 17, ""new_fc_5"": 2, ""new_fc_6"": 10, ""new_fc_7"": 8, ""new_fc_8"": 32, ""new_fc_9"": 25, ""num_neurons"": 4, ""optimizer"": ""Adamax"", ""reg_l2"": true, ""skip_connection"": true, ""unit_c1"": 2, ""unit_c2"": 6}"
9,9,both,10000000000.0,,4.816178506666667,722426776.0,17319876.0,10000000000.0,2286.4523,"{""activation"": ""swish"", ""batch_size"": 64, ""data_augmentation"": true, ""dr_f"": 0.0699049567, ""learning_rate"": 0.000624403979, ""new_fc_1"": 28, ""new_fc_10"": 15, ""new_fc_2"": 19, ""new_fc_3"": 17, ""new_fc_4"": 14, ""new_fc_5"": 14, ""new_fc_6"": 23, ""new_fc_7"": 28, ""new_fc_8"": 16, ""new_fc_9"": 24, ""num_neurons"": 32, ""optimizer"": ""Adamax"", ""reg_l2"": true, ""skip_connection"": true, ""unit_c1"": 4, ""unit_c2"": 7}"
10,10,both,10000000000.0,,18.404104266666668,2760615640.0,15055908.0,10000000000.0,2287.2022,"{""activation"": ""elu"", ""batch_size"": 32, ""data_augmentation"": false, ""dr_f"": 0.338097182134, ""learning_rate"": 0.000516416543, ""new_fc_1"": 1, ""new_fc_10"": 23, ""new_fc_2"": 17, ""new_fc_3"": 22, ""new_fc_4"": 25, ""new_fc_5"": 10, ""new_fc_6"": 0, ""new_fc_7"": 19, ""new_fc_8"": 30, ""new_fc_9"": 7, ""num_neurons"": 64, ""optimizer"": ""SGD"", ""reg_l2"": true, ""skip_connection"": true, ""unit_c1"": 4, ""unit_c2"": 7}"
11,10,flops,,,6.20106384,930159576.0,26028964.0,,2289.2476,"{""activation"": ""selu"", ""batch_size"": 64, ""data_augmentation"": true, ""dr_f"": 0.173322761353, ""learning_rate"": 0.000535800253, ""new_fc_1"": 23, ""new_fc_10"": 29, ""new_fc_2"": 30, ""new_fc_3"": 21, ""new_fc_4"": 17, ""new_fc_5"": 22, ""new_fc_6"": 0, ""new_fc_7"": 19, ""new_fc_8"": 24, ""new_fc_9"": 5, ""num_neurons"": 64, ""optimizer"": ""Adam"", ""reg_l2"": true, ""skip_connection"": false, ""unit_c1"": 3, ""unit_c2"": 2}"
12,10,flops,,,2.2485977066666667,337289656.0,2022468.0,,2290.2516,"{""activation"": ""swish"", ""batch_size"": 16, ""data_augmentation"": false, ""dr_f"": 0.493605856702, ""learning_rate"": 0.000755153783, ""new_fc_1"": 0, ""new_fc_10"": 32, ""new_fc_2"": 13, ""new_fc_3"": 5, ""new_fc_4"": 23, ""new_fc_5"": 15, ""new_fc_6"": 4, ""new_fc_7"": 0, ""new_fc_8"": 7, ""new_fc_9"": 6, ""num_neurons"": 32, ""optimizer"": ""Adadelta"", ""reg_l2"": false, ""skip_connection"": false, ""unit_c1"": 4, ""unit_c2"": 1}"
13,10,flops,,,0.03004832,4507248.0,59760.0,,2291.1812,"{""activation"": ""selu"", ""batch_size"": 64, ""data_augmentation"": false, ""dr_f"": 0.298731403542, ""learning_rate"": 0.000962442886, ""new_fc_1"": 2, ""new_fc_10"": 13, ""new_fc_2"": 6, ""new_fc_3"": 11, ""new_fc_4"": 31, ""new_fc_5"": 24, ""new_fc_6"": 23, ""new_fc_7"": 6, ""new_fc_8"": 2, ""new_fc_9"": 32, ""num_neurons"": 4, ""optimizer"": ""Adam"", ""reg_l2"": true, ""skip_connection"": true, ""unit_c1"": 2, ""unit_c2"": 5}"
14,10,flops,,,9.999032053333334,1499854808.0,26226404.0,,2293.136,"{""activation"": ""elu"", ""batch_size"": 16, ""data_augmentation"": true, ""dr_f"": 0.101299825087, ""learning_rate"": 0.000949049503, ""new_fc_1"": 25, ""new_fc_10"": 13, ""new_fc_2"": 1, ""new_fc_3"": 2, ""new_fc_4"": 23, ""new_fc_5"": 10, ""new_fc_6"": 7, ""new_fc_7"": 32, ""new_fc_8"": 32, ""new_fc_9"": 29, ""num_neurons"": 64, ""optimizer"": ""Adamax"", ""reg_l2"": false, ""skip_connection"": false, ""unit_c1"": 4, ""unit_c2"": 2}"
15,10,flops,,,0.5781382933333333,86720744.0,698292.0,,2294.3899,"{""activation"": ""swish"", ""batch_size"": 16, ""data_augmentation"": false, ""dr_f"": 0.408049908672, ""learning_rate"": 0.000855469844, ""new_fc_1"": 11, ""new_fc_10"": 21, ""new_fc_2"": 2, ""new_fc_3"": 28, ""new_fc_4"": 31, ""new_fc_5"": 16, ""new_fc_6"": 1, ""new_fc_7"": 10, ""new_fc_8"": 18, ""new_fc_9"": 1, ""num_neurons"": 16, ""optimizer"": ""Adam"", ""reg_l2"": true, ""skip_connection"": false, ""unit_c1"": 4, ""unit_c2"": 1}"
16,11,accuracy,10000000000.0,,6.20106384,930159576.0,26028964.0,10000000000.0,2296.2997,"{""activation"": ""selu"", ""batch_size"": 64, ""data_augmentation"": true, ""dr_f"": 0.173322761353, ""learning_rate"": 0.000535800253, ""new_fc_1"": 23, ""new_fc_10"": 29, ""new_fc_2"": 30, ""new_fc_3"": 21, ""new_fc_4"": 17, ""new_fc_5"": 22, ""new_fc_6"": 0, ""new_fc_7"": 19, ""new_fc_8"": 24, ""new_fc_9"": 5, ""num_neurons"": 64, ""optimizer"": ""Adam"", ""reg_l2"": true, ""skip_connection"": false, ""unit_c1"": 3, ""unit_c2"": 2}"
17,11,flops,,,0.6361418133333333,95421272.0,1071460.0,,2297.2103,"{""activation"": ""selu"", ""batch_size"": 16, ""data_augmentation"": true, ""dr_f"": 0.26477889504, ""learning_rate"": 0.000727896515, ""new_fc_1"": 11, ""new_fc_10"": 30, ""new_fc_2"": 14, ""new_fc_3"": 23, ""new_fc_4"": 26, ""new_fc_5"": 31, ""new_fc_6"": 8, ""new_fc_7"": 4, ""new_fc_8"": 10, ""new_fc_9"": 3, ""num_neurons"": 16, ""optimizer"": ""Adamax"", ""reg_l2"": true, ""skip_connection"": false, ""unit_c1"": 4, ""unit_c2"": 2}"
18,11,flops,,,0.5419010666666667,81285160.0,1106228.0,,2298.1289,"{""activation"": ""relu"", ""batch_size"": 16, ""data_augmentation"": false, ""dr_f"": 0.048880719163, ""learning_rate"": 0.00098894051, ""new_fc_1"": 3, ""new_fc_10"": 25, ""new_fc_2"": 3, ""new_fc_3"": 7, ""new_fc_4"": 32, ""new_fc_5"": 28, ""new_fc_6"": 8, ""new_fc_7"": 0, ""new_fc_8"": 23, ""new_fc_9"": 20, ""num_neurons"": 16, ""optimizer"": ""Adam"", ""reg_l2"": true, ""skip_connection"": true, ""unit_c1"": 2, ""unit_c2"": 6}"
19,11,flops,,,0.020708586666666667,3106288.0,115128.0,,2299.0023,"{""activation"": ""selu"", ""batch_size"": 64, ""data_augmentation"": false, ""dr_f"": 0.476983984605, ""learning_rate"": 0.000454345846, ""new_fc_1"": 23, ""new_fc_10"": 10, ""new_fc_2"": 6, ""new_fc_3"": 20, ""new_fc_4"": 32, ""new_fc_5"": 4, ""new_fc_6"": 12, ""new_fc_7"": 32, ""new_fc_8"": 18, ""new_fc_9"": 9, ""num_neurons"": 4, ""optimizer"": ""Adam"", ""reg_l2"": false, ""skip_connection"": true, ""unit_c1"": 2, ""unit_c2"": 3}"
20,11,flops,,,0.030360453333333332,4554068.0,134552.0,,2299.8936,"{""activation"": ""swish"", ""batch_size"": 64, ""data_augmentation"": false, ""dr_f"": 0.286713649766, ""learning_rate"": 0.000790994734, ""new_fc_1"": 16, ""new_fc_10"": 11, ""new_fc_2"": 19, ""new_fc_3"": 25, ""new_fc_4"": 14, ""new_fc_5"": 12, ""new_fc_6"": 16, ""new_fc_7"": 32, ""new_fc_8"": 14, ""new_fc_9"": 6, ""num_neurons"": 4, ""optimizer"": ""Adagrad"", ""reg_l2"": true, ""skip_connection"": false, ""unit_c1"": 2, ""unit_c2"": 5}"
21,11,flops,,,1.1572191466666666,173582872.0,10075268.0,,2301.0893,"{""activation"": ""relu"", ""batch_size"": 8, ""data_augmentation"": true, ""dr_f"": 0.308722314568, ""learning_rate"": 0.000892347316, ""new_fc_1"": 32, ""new_fc_10"": 2, ""new_fc_2"": 28, ""new_fc_3"": 32, ""new_fc_4"": 28, ""new_fc_5"": 14, ""new_fc_6"": 14, ""new_fc_7"": 5, ""new_fc_8"": 10, ""new_fc_9"": 9, ""num_neurons"": 32, ""optimizer"": ""Adamax"", ""reg_l2"": true, ""skip_connection"": true, ""unit_c1"": 2, ""unit_c2"": 3}"
22,12,accuracy,0.9900000002235174,0.009999999776482582,0.030360453333333332,4554068.0,134552.0,-0.29789186384353783,2445.6922,"{""activation"": ""swish"", ""batch_size"": 64, ""data_augmentation"": false, ""dr_f"": 0.286713649766, ""learning_rate"": 0.000790994734, ""new_fc_1"": 16, ""new_fc_10"": 11, ""new_fc_2"": 19, ""new_fc_3"": 25, ""new_fc_4"": 14, ""new_fc_5"": 12, ""new_fc_6"": 16, ""new_fc_7"": 32, ""new_fc_8"": 14, ""new_fc_9"": 6, ""num_neurons"": 4, ""optimizer"": ""Adagrad"", ""reg_l2"": true, ""skip_connection"": false, ""unit_c1"": 2, ""unit_c2"": 5}"
23,12,flops,,,0.26700448,40050672.0,566580.0,,2446.5485,"{""activation"": ""relu"", ""batch_size"": 8, ""data_augmentation"": true, ""dr_f"": 0.484880134183, ""learning_rate"": 0.000210815351, ""new_fc_1"": 12, ""new_fc_10"": 1, ""new_fc_2"": 30, ""new_fc_3"": 30, ""new_fc_4"": 0, ""new_fc_5"": 4, ""new_fc_6"": 26, ""new_fc_7"": 7, ""new_fc_8"": 8, ""new_fc_9"": 5, ""num_neurons"": 8, ""optimizer"": ""SGD"", ""reg_l2"": false, ""skip_connection"": true, ""unit_c1"": 3, ""unit_c2"": 8}"
24,12,flops,,,0.4172765333333333,62591480.0,3279028.0,,2447.3732,"{""activation"": ""elu"", ""batch_size"": 16, ""data_augmentation"": false, ""dr_f"": 0.413950778345, ""learning_rate"": 0.00012965864, ""new_fc_1"": 28, ""new_fc_10"": 2, ""new_fc_2"": 16, ""new_fc_3"": 9, ""new_fc_4"": 19, ""new_fc_5"": 18, ""new_fc_6"": 7, ""new_fc_7"": 6, ""new_fc_8"": 25, ""new_fc_9"": 8, ""num_neurons"": 16, ""optimizer"": ""SGD"", ""reg_l2"": true, ""skip_connection"": true, ""unit_c1"": 1, ""unit_c2"": 6}"
25,12,flops,,,0.05682197333333333,8523296.0,215180.0,,2448.2521,"{""activation"": ""swish"", ""batch_size"": 64, ""data_augmentation"": true, ""dr_f"": 0.468412224444, ""learning_rate"": 0.000218460609, ""new_fc_1"": 3, ""new_fc_10"": 23, ""new_fc_2"": 7, ""new_fc_3"": 29, ""new_fc_4"": 24, ""new_fc_5"": 12, ""new_fc_6"": 32, ""new_fc_7"": 4, ""new_fc_8"": 19, ""new_fc_9"": 18, ""num_neurons"": 8, ""optimizer"": ""Adadelta"", ""reg_l2"": false, ""skip_connection"": false, ""unit_c1"": 2, ""unit_c2"": 2}"
26,12,flops,,,0.020949653333333332,3142448.0,133240.0,,2449.0627,"{""activation"": ""relu"", ""batch_size"": 16, ""data_augmentation"": true, ""dr_f"": 0.495055988034, ""learning_rate"": 0.00080301345, ""new_fc_1"": 24, ""new_fc_10"": 28, ""new_fc_2"": 30, ""new_fc_3"": 5, ""new_fc_4"": 23, ""new_fc_5"": 27, ""new_fc_6"": 27, ""new_fc_7"": 11, ""new_fc_8"": 4, ""new_fc_9"": 3, ""num_neurons"": 4, ""optimizer"": ""Adamax"", ""reg_l2"": true, ""skip_connection"": true, ""unit_c1"": 2, ""unit_c2"": 3}"
27,12,flops,,,1.5420886933333333,231313304.0,6521028.0,,2450.0323,"{""activation"": ""relu"", ""batch_size"": 16, ""data_augmentation"": true, ""dr_f"": 0.407480273592, ""learning_rate"": 0.000383936504, ""new_fc_1"": 11, ""new_fc_10"": 4, ""new_fc_2"": 13, ""new_fc_3"": 14, ""new_fc_4"": 24, ""new_fc_5"": 7, ""new_fc_6"": 12, ""new_fc_7"": 13, ""new_fc_8"": 15, ""new_fc_9"": 25, ""num_neurons"": 32, ""optimizer"": ""SGD"", ""reg_l2"": false, ""skip_connection"": false, ""unit_c1"": 1, ""unit_c2"": 6}"
28,13,accuracy,0.9900000002235174,0.009999999776482582,0.03004832,4507248.0,59760.0,-0.29798550384353784,2594.8326,"{""activation"": ""selu"", ""batch_size"": 64, ""data_augmentation"": false, ""dr_f"": 0.298731403542, ""learning_rate"": 0.000962442886, ""new_fc_1"": 2, ""new_fc_10"": 13, ""new_fc_2"": 6, ""new_fc_3"": 11, ""new_fc_4"": 31, ""new_fc_5"": 24, ""new_fc_6"": 23, ""new_fc_7"": 6, ""new_fc_8"": 2, ""new_fc_9"": 32, ""num_neurons"": 4, ""optimizer"": ""Adam"", ""reg_l2"": true, ""skip_connection"": true, ""unit_c1"": 2, ""unit_c2"": 5}"
29,13,flops,,,4.657434826666667,698615224.0,13688580.0,,2596.1474,"{""activation"": ""elu"", ""batch_size"": 8, ""data_augmentation"": true, ""dr_f"": 0.14572331487, ""learning_rate"": 0.000875054217, ""new_fc_1"": 23, ""new_fc_10"": 10, ""new_fc_2"": 29, ""new_fc_3"": 30, ""new_fc_4"": 7, ""new_fc_5"": 12, ""new_fc_6"": 2, ""new_fc_7"": 6, ""new_fc_8"": 0, ""new_fc_9"": 20, ""num_neurons"": 32, ""optimizer"": ""Adam"", ""reg_l2"": true, ""skip_connection"": false, ""unit_c1"": 4, ""unit_c2"": 7}"
30,13,flops,,,0.5220320533333334,78304808.0,2834900.0,,2597.1278,"{""activation"": ""elu"", ""batch_size"": 8, ""data_augmentation"": true, ""dr_f"": 0.338715883429, ""learning_rate"": 0.000193642383, ""new_fc_1"": 20, ""new_fc_10"": 3, ""new_fc_2"": 8, ""new_fc_3"": 5, ""new_fc_4"": 27, ""new_fc_5"": 13, ""new_fc_6"": 17, ""new_fc_7"": 25, ""new_fc_8"": 6, ""new_fc_9"": 9, ""num_neurons"": 16, ""optimizer"": ""Adadelta"", ""reg_l2"": true, ""skip_connection"": true, ""unit_c1"": 1, ""unit_c2"": 7}"
31,13,flops,,,0.42142522666666665,63213784.0,3590740.0,,2598.1262,"{""activation"": ""elu"", ""batch_size"": 64, ""data_augmentation"": true, ""dr_f"": 0.428400507841, ""learning_rate"": 0.000901378347, ""new_fc_1"": 25, ""new_fc_10"": 3, ""new_fc_2"": 30, ""new_fc_3"": 16, ""new_fc_4"": 14, ""new_fc_5"": 25, ""new_fc_6"": 12, ""new_fc_7"": 30, ""new_fc_8"": 25, ""new_fc_9"": 28, ""num_neurons"": 16, ""optimizer"": ""Adadelta"", ""reg_l2"": true, ""skip_connection"": true, ""unit_c1"": 1, ""unit_c2"": 6}"
32,13,flops,,,0.67715696,101573544.0,3244820.0,,2599.0067,"{""activation"": ""swish"", ""batch_size"": 64, ""data_augmentation"": true, ""dr_f"": 0.379767404829, ""learning_rate"": 0.000569550014, ""new_fc_1"": 20, ""new_fc_10"": 0, ""new_fc_2"": 19, ""new_fc_3"": 32, ""new_fc_4"": 9, ""new_fc_5"": 15, ""new_fc_6"": 10, ""new_fc_7"": 24, ""new_fc_8"": 29, ""new_fc_9"": 17, ""num_neurons"": 16, ""optimizer"": ""Adadelta"", ""reg_l2"": true, ""skip_connection"": false, ""unit_c1"": 2, ""unit_c2"": 7}"
33,13,flops,,,0.01065008,1597512.0,89712.0,,2599.8377,"{""activation"": ""elu"", ""batch_size"": 32, ""data_augmentation"": true, ""dr_f"": 0.420511279424, ""learning_rate"": 0.000499602385, ""new_fc_1"": 15, ""new_fc_10"": 17, ""new_fc_2"": 9, ""new_fc_3"": 12, ""new_fc_4"": 23, ""new_fc_5"": 7, ""new_fc_6"": 12, ""new_fc_7"": 29, ""new_fc_8"": 19, ""new_fc_9"": 13, ""num_neurons"": 4, ""optimizer"": ""Adagrad"", ""reg_l2"": false, ""skip_connection"": false, ""unit_c1"": 1, ""unit_c2"": 3}"
34,14,accuracy,0.9900000002235174,0.009999999776482582,0.5419010666666667,81285160.0,1106228.0,-0.14442967984353777,2984.5293,"{""activation"": ""relu"", ""batch_size"": 16, ""data_augmentation"": false, ""dr_f"": 0.048880719163, ""learning_rate"": 0.00098894051, ""new_fc_1"": 3, ""new_fc_10"": 25, ""new_fc_2"": 3, ""new_fc_3"": 7, ""new_fc_4"": 32, ""new_fc_5"": 28, ""new_fc_6"": 8, ""new_fc_7"": 0, ""new_fc_8"": 23, ""new_fc_9"": 20, ""num_neurons"": 16, ""optimizer"": ""Adam"", ""reg_l2"": true, ""skip_connection"": true, ""unit_c1"": 2, ""unit_c2"": 6}"
35,14,flops,,,2.92527632,438791448.0,4769668.0,,2985.4545,"{""activation"": ""relu"", ""batch_size"": 16, ""data_augmentation"": true, ""dr_f"": 0.073910725861, ""learning_rate"": 0.000607472138, ""new_fc_1"": 5, ""new_fc_10"": 24, ""new_fc_2"": 28, ""new_fc_3"": 0, ""new_fc_4"": 12, ""new_fc_5"": 30, ""new_fc_6"": 5, ""new_fc_7"": 6, ""new_fc_8"": 8, ""new_fc_9"": 32, ""num_neurons"": 32, ""optimizer"": ""Adam"", ""reg_l2"": false, ""skip_connection"": false, ""unit_c1"": 3, ""unit_c2"": 6}"
36,14,flops,,,0.05809232,8713848.0,310644.0,,2986.3413,"{""activation"": ""swish"", ""batch_size"": 64, ""data_augmentation"": true, ""dr_f"": 0.429104397379, ""learning_rate"": 0.000456169216, ""new_fc_1"": 26, ""new_fc_10"": 16, ""new_fc_2"": 2, ""new_fc_3"": 11, ""new_fc_4"": 3, ""new_fc_5"": 3, ""new_fc_6"": 9, ""new_fc_7"": 25, ""new_fc_8"": 19, ""new_fc_9"": 10, ""num_neurons"": 8, ""optimizer"": ""SGD"", ""reg_l2"": true, ""skip_connection"": false, ""unit_c1"": 2, ""unit_c2"": 2}"
37,14,flops,,,1.0504348266666668,157565224.0,1882036.0,,2987.2496,"{""activation"": ""swish"", ""batch_size"": 16, ""data_augmentation"": false, ""dr_f"": 0.338645458931, ""learning_rate"": 0.00021710043, ""new_fc_1"": 10, ""new_fc_10"": 4, ""new_fc_2"": 14, ""new_fc_3"": 25, ""new_fc_4"": 7, ""new_fc_5"": 29, ""new_fc_6"": 29, ""new_fc_7"": 5, ""new_fc_8"": 29, ""new_fc_9"": 23, ""num_neurons"": 16, ""optimizer"": ""Adamax"", ""reg_l2"": false, ""skip_connection"": true, ""unit_c1"": 4, ""unit_c2"": 6}"
38,14,flops,,,0.7080653333333333,106209800.0,1171700.0,,2988.0754,"{""activation"": ""elu"", ""batch_size"": 64, ""data_augmentation"": true, ""dr_f"": 0.25218265745, ""learning_rate"": 0.000910950491, ""new_fc_1"": 14, ""new_fc_10"": 19, ""new_fc_2"": 25, ""new_fc_3"": 7, ""new_fc_4"": 22, ""new_fc_5"": 15, ""new_fc_6"": 8, ""new_fc_7"": 9, ""new_fc_8"": 4, ""new_fc_9"": 8, ""num_neurons"": 16, ""optimizer"": ""Adagrad"", ""reg_l2"": false, ""skip_connection"": false, ""unit_c1"": 4, ""unit_c2"": 3}"
39,14,flops,,,0.3778824,56682360.0,3754724.0,,2989.0162,"{""activation"": ""swish"", ""batch_size"": 8, ""data_augmentation"": true, ""dr_f"": 0.181424195493, ""learning_rate"": 0.00031146675, ""new_fc_1"": 13, ""new_fc_10"": 12, ""new_fc_2"": 6, ""new_fc_3"": 0, ""new_fc_4"": 14, ""new_fc_5"": 30, ""new_fc_6"": 19, ""new_fc_7"": 21, ""new_fc_8"": 11, ""new_fc_9"": 5, ""num_neurons"": 32, ""optimizer"": ""Adagrad"", ""reg_l2"": true, ""skip_connection"": false, ""unit_c1"": 1, ""unit_c2"": 2}"
40,15,accuracy,0.8975000008940697,0.10249999910593033,0.6361418133333333,95421272.0,1071460.0,-0.1809074553741512,3793.9671,"{""activation"": ""selu"", ""batch_size"": 16, ""data_augmentation"": true, ""dr_f"": 0.26477889504, ""learning_rate"": 0.000727896515, ""new_fc_1"": 11, ""new_fc_10"": 30, ""new_fc_2"": 14, ""new_fc_3"": 23, ""new_fc_4"": 26, ""new_fc_5"": 31, ""new_fc_6"": 8, ""new_fc_7"": 4, ""new_fc_8"": 10, ""new_fc_9"": 3, ""num_neurons"": 16, ""optimizer"": ""Adamax"", ""reg_l2"": true, ""skip_connection"": false, ""unit_c1"": 4, ""unit_c2"": 2}"
41,15,flops,,,0.10552613333333333,15828920.0,378396.0,,3794.8112,"{""activation"": ""swish"", ""batch_size"": 16, ""data_augmentation"": true, ""dr_f"": 0.205004428816, ""learning_rate"": 0.000234098542, ""new_fc_1"": 0, ""new_fc_10"": 18, ""new_fc_2"": 22, ""new_fc_3"": 30, ""new_fc_4"": 21, ""new_fc_5"": 15, ""new_fc_6"": 18, ""new_fc_7"": 18, ""new_fc_8"": 4, ""new_fc_9"": 18, ""num_neurons"": 8, ""optimizer"": ""Adadelta"", ""reg_l2"": false, ""skip_connection"": false, ""unit_c1"": 3, ""unit_c2"": 2}"
42,15,flops,,,0.04129952,6194928.0,473764.0,,3795.6278,"{""activation"": ""swish"", ""batch_size"": 16, ""data_augmentation"": false, ""dr_f"": 0.216455738864, ""learning_rate"": 0.000788871954, ""new_fc_1"": 24, ""new_fc_10"": 15, ""new_fc_2"": 8, ""new_fc_3"": 14, ""new_fc_4"": 31, ""new_fc_5"": 32, ""new_fc_6"": 18, ""new_fc_7"": 5, ""new_fc_8"": 3, ""new_fc_9"": 3, ""num_neurons"": 8, ""optimizer"": ""SGD"", ""reg_l2"": false, ""skip_connection"": false, ""unit_c1"": 1, ""unit_c2"": 3}"
43,15,flops,,,0.04126272,6189408.0,50804.0,,3796.5117,"{""activation"": ""swish"", ""batch_size"": 64, ""data_augmentation"": true, ""dr_f"": 0.385701237005, ""learning_rate"": 0.000586518211, ""new_fc_1"": 22, ""new_fc_10"": 24, ""new_fc_2"": 6, ""new_fc_3"": 15, ""new_fc_4"": 28, ""new_fc_5"": 3, ""new_fc_6"": 10, ""new_fc_7"": 1, ""new_fc_8"": 31, ""new_fc_9"": 2, ""num_neurons"": 4, ""optimizer"": ""Adadelta"", ""reg_l2"": false, ""skip_connection"": false, ""unit_c1"": 4, ""unit_c2"": 1}"
44,15,flops,,,0.5499184533333333,82487768.0,2646468.0,,3797.319,"{""activation"": ""selu"", ""batch_size"": 16, ""data_augmentation"": false, ""dr_f"": 0.430565552104, ""learning_rate"": 0.000146292736, ""new_fc_1"": 18, ""new_fc_10"": 22, ""new_fc_2"": 30, ""new_fc_3"": 18, ""new_fc_4"": 15, ""new_fc_5"": 13, ""new_fc_6"": 12, ""new_fc_7"": 14, ""new_fc_8"": 26, ""new_fc_9"": 0, ""num_neurons"": 16, ""optimizer"": ""Adam"", ""reg_l2"": false, ""skip_connection"": false, ""unit_c1"": 2, ""unit_c2"": 6}"
45,15,flops,,,0.026208693333333335,3931304.0,79372.0,,3798.1359,"{""activation"": ""selu"", ""batch_size"": 16, ""data_augmentation"": true, ""dr_f"": 0.143817416434, ""learning_rate"": 0.000464771221, ""new_fc_1"": 17, ""new_fc_10"": 27, ""new_fc_2"": 28, ""new_fc_3"": 32, ""new_fc_4"": 5, ""new_fc_5"": 1, ""new_fc_6"": 15, ""new_fc_7"": 3, ""new_fc_8"": 28, ""new_fc_9"": 24, ""num_neurons"": 4, ""optimizer"": ""Adagrad"", ""reg_l2"": true, ""skip_connection"": true, ""unit_c1"": 3, ""unit_c2"": 1}"
46,16,accuracy,0.9737999998033047,0.026200000196695328,0.026208693333333335,3931304.0,79372.0,-0.3104773921376867,4182.8577,"{""activation"": ""selu"", ""batch_size"": 16, ""data_augmentation"": true, ""dr_f"": 0.143817416434, ""learning_rate"": 0.000464771221, ""new_fc_1"": 17, ""new_fc_10"": 27, ""new_fc_2"": 28, ""new_fc_3"": 32, ""new_fc_4"": 5, ""new_fc_5"": 1, ""new_fc_6"": 15, ""new_fc_7"": 3, ""new_fc_8"": 28, ""new_fc_9"": 24, ""num_neurons"": 4, ""optimizer"": ""Adagrad"", ""reg_l2"": true, ""skip_connection"": true, ""unit_c1"": 3, ""unit_c2"": 1}"
47,16,flops,,,0.4549626133333333,68244392.0,3059412.0,,4183.7388,"{""activation"": ""swish"", ""batch_size"": 16, ""data_augmentation"": false, ""dr_f"": 0.307388399552, ""learning_rate"": 0.000426174506, ""new_fc_1"": 0, ""new_fc_10"": 21, ""new_fc_2"": 0, ""new_fc_3"": 25, ""new_fc_4"": 32, ""new_fc_5"": 27, ""new_fc_6"": 23, ""new_fc_7"": 14, ""new_fc_8"": 9, ""new_fc_9"": 24, ""num_neurons"": 16, ""optimizer"": ""Adam"", ""reg_l2"": false, ""skip_connection"": false, ""unit_c1"": 2, ""unit_c2"": 5}"
48,16,flops,,,0.06038706666666667,9058060.0,272364.0,,4184.4851,"{""activation"": ""relu"", ""batch_size"": 64, ""data_augmentation"": false, ""dr_f"": 0.108900109595, ""learning_rate"": 0.000350210773, ""new_fc_1"": 31, ""new_fc_10"": 3, ""new_fc_2"": 31, ""new_fc_3"": 11, ""new_fc_4"": 11, ""new_fc_5"": 15, ""new_fc_6"": 26, ""new_fc_7"": 9, ""new_fc_8"": 2, ""new_fc_9"": 10, ""num_neurons"": 4, ""optimizer"": ""Adagrad"", ""reg_l2"": true, ""skip_connection"": false, ""unit_c1"": 3, ""unit_c2"": 7}"
49,16,flops,,,0.31918981333333335,47878472.0,3460804.0,,4185.3208,"{""activation"": ""elu"", ""batch_size"": 64, ""data_augmentation"": false, ""dr_f"": 0.138174540199, ""learning_rate"": 0.000735359015, ""new_fc_1"": 32, ""new_fc_10"": 24, ""new_fc_2"": 20, ""new_fc_3"": 0, ""new_fc_4"": 28, ""new_fc_5"": 21, ""new_fc_6"": 20, ""new_fc_7"": 23, ""new_fc_8"": 6, ""new_fc_9"": 1, ""num_neurons"": 16, ""optimizer"": ""Adam"", ""reg_l2"": false, ""skip_connection"": false, ""unit_c1"": 1, ""unit_c2"": 5}"
50,16,flops,,,0.42042245333333333,63063368.0,3997028.0,,4186.1746,"{""activation"": ""relu"", ""batch_size"": 32, ""data_augmentation"": true, ""dr_f"": 0.120459084867, ""learning_rate"": 0.000464509136, ""new_fc_1"": 31, ""new_fc_10"": 22, ""new_fc_2"": 0, ""new_fc_3"": 13, ""new_fc_4"": 15, ""new_fc_5"": 31, ""new_fc_6"": 15, ""new_fc_7"": 29, ""new_fc_8"": 23, ""new_fc_9"": 12, ""num_neurons"": 16, ""optimizer"": ""Adadelta"", ""reg_l2"": true, ""skip_connection"": false, ""unit_c1"": 1, ""unit_c2"": 6}"
51,16,flops,,,3.2587126933333335,488806904.0,16723908.0,,4187.9746,"{""activation"": ""elu"", ""batch_size"": 32, ""data_augmentation"": true, ""dr_f"": 0.055716323491, ""learning_rate"": 0.000605262588, ""new_fc_1"": 26, ""new_fc_10"": 19, ""new_fc_2"": 10, ""new_fc_3"": 8, ""new_fc_4"": 2, ""new_fc_5"": 25, ""new_fc_6"": 32, ""new_fc_7"": 3, ""new_fc_8"": 15, ""new_fc_9"": 25, ""num_neurons"": 32, ""optimizer"": ""Adagrad"", ""reg_l2"": true, ""skip_connection"": false, ""unit_c1"": 2, ""unit_c2"": 8}"
52,17,accuracy,0.6205999851226807,0.37940001487731934,0.4549626133333333,68244392.0,3059412.0,-0.42909122641412345,4752.9026,"{""activation"": ""swish"", ""batch_size"": 16, ""data_augmentation"": false, ""dr_f"": 0.307388399552, ""learning_rate"": 0.000426174506, ""new_fc_1"": 0, ""new_fc_10"": 21, ""new_fc_2"": 0, ""new_fc_3"": 25, ""new_fc_4"": 32, ""new_fc_5"": 27, ""new_fc_6"": 23, ""new_fc_7"": 14, ""new_fc_8"": 9, ""new_fc_9"": 24, ""num_neurons"": 16, ""optimizer"": ""Adam"", ""reg_l2"": false, ""skip_connection"": false, ""unit_c1"": 2, ""unit_c2"": 5}"
53,18,accuracy,0.9864999996498227,0.013500000350177288,0.01065008,1597512.0,89712.0,-0.3062549762451241,5077.353,"{""activation"": ""elu"", ""batch_size"": 32, ""data_augmentation"": true, ""dr_f"": 0.420511279424, ""learning_rate"": 0.000499602385, ""new_fc_1"": 15, ""new_fc_10"": 17, ""new_fc_2"": 9, ""new_fc_3"": 12, ""new_fc_4"": 23, ""new_fc_5"": 7, ""new_fc_6"": 12, ""new_fc_7"": 29, ""new_fc_8"": 19, ""new_fc_9"": 13, ""num_neurons"": 4, ""optimizer"": ""Adagrad"", ""reg_l2"": false, ""skip_connection"": false, ""unit_c1"": 1, ""unit_c2"": 3}"
54,18,flops,,,12.332360266666667,1849854040.0,12089188.0,,5078.9196,"{""activation"": ""relu"", ""batch_size"": 64, ""data_augmentation"": false, ""dr_f"": 0.156111258043, ""learning_rate"": 0.000286157919, ""new_fc_1"": 4, ""new_fc_10"": 2, ""new_fc_2"": 21, ""new_fc_3"": 4, ""new_fc_4"": 22, ""new_fc_5"": 25, ""new_fc_6"": 6, ""new_fc_7"": 23, ""new_fc_8"": 8, ""new_fc_9"": 21, ""num_neurons"": 64, ""optimizer"": ""SGD"", ""reg_l2"": false, ""skip_connection"": true, ""unit_c1"": 4, ""unit_c2"": 4}"
55,18,flops,,,3.636400586666667,545460088.0,11989124.0,,5080.6244,"{""activation"": ""swish"", ""batch_size"": 64, ""data_augmentation"": true, ""dr_f"": 0.246341518386, ""learning_rate"": 0.000398590022, ""new_fc_1"": 27, ""new_fc_10"": 8, ""new_fc_2"": 25, ""new_fc_3"": 21, ""new_fc_4"": 20, ""new_fc_5"": 7, ""new_fc_6"": 7, ""new_fc_7"": 27, ""new_fc_8"": 11, ""new_fc_9"": 10, ""num_neurons"": 32, ""optimizer"": ""Adam"", ""reg_l2"": true, ""skip_connection"": false, ""unit_c1"": 4, ""unit_c2"": 5}"
56,18,flops,,,7.13050896,1069576344.0,20008292.0,,5082.5084,"{""activation"": ""swish"", ""batch_size"": 32, ""data_augmentation"": false, ""dr_f"": 0.034200923851, ""learning_rate"": 0.000133529512, ""new_fc_1"": 16, ""new_fc_10"": 11, ""new_fc_2"": 25, ""new_fc_3"": 10, ""new_fc_4"": 21, ""new_fc_5"": 6, ""new_fc_6"": 13, ""new_fc_7"": 15, ""new_fc_8"": 2, ""new_fc_9"": 20, ""num_neurons"": 64, ""optimizer"": ""Adagrad"", ""reg_l2"": false, ""skip_connection"": false, ""unit_c1"": 3, ""unit_c2"": 3}"
57,18,flops,,,2.967176266666667,445076440.0,2471172.0,,5083.685,"{""activation"": ""swish"", ""batch_size"": 64, ""data_augmentation"": true, ""dr_f"": 0.370169913148, ""learning_rate"": 0.000353187494, ""new_fc_1"": 1, ""new_fc_10"": 9, ""new_fc_2"": 1, ""new_fc_3"": 16, ""new_fc_4"": 19, ""new_fc_5"": 0, ""new_fc_6"": 28, ""new_fc_7"": 6, ""new_fc_8"": 8, ""new_fc_9"": 20, ""num_neurons"": 32, ""optimizer"": ""Adadelta"", ""reg_l2"": true, ""skip_connection"": true, ""unit_c1"": 3, ""unit_c2"": 6}"
58,18,flops,,,0.007506026666666667,1125904.0,62816.0,,5084.8455,"{""activation"": ""swish"", ""batch_size"": 16, ""data_augmentation"": false, ""dr_f"": 0.320319463879, ""learning_rate"": 0.000978906017, ""new_fc_1"": 6, ""new_fc_10"": 19, ""new_fc_2"": 26, ""new_fc_3"": 16, ""new_fc_4"": 13, ""new_fc_5"": 30, ""new_fc_6"": 15, ""new_fc_7"": 8, ""new_fc_8"": 20, ""new_fc_9"": 17, ""num_neurons"": 4, ""optimizer"": ""Adam"", ""reg_l2"": false, ""skip_connection"": false, ""unit_c1"": 1, ""unit_c2"": 2}"
59,19,accuracy,0.985700000077486,0.014299999922513962,0.67715696,101573544.0,3244820.0,-0.10686291194575975,5289.8544,"{""activation"": ""swish"", ""batch_size"": 64, ""data_augmentation"": true, ""dr_f"": 0.379767404829, ""learning_rate"": 0.000569550014, ""new_fc_1"": 20, ""new_fc_10"": 0, ""new_fc_2"": 19, ""new_fc_3"": 32, ""new_fc_4"": 9, ""new_fc_5"": 15, ""new_fc_6"": 10, ""new_fc_7"": 24, ""new_fc_8"": 29, ""new_fc_9"": 17, ""num_neurons"": 16, ""optimizer"": ""Adadelta"", ""reg_l2"": true, ""skip_connection"": false, ""unit_c1"": 2, ""unit_c2"": 7}"
60,19,flops,,,0.9503279466666666,142549192.0,3466148.0,,5291.1239,"{""activation"": ""swish"", ""batch_size"": 64, ""data_augmentation"": false, ""dr_f"": 0.479020789902, ""learning_rate"": 0.000973631742, ""new_fc_1"": 31, ""new_fc_10"": 7, ""new_fc_2"": 17, ""new_fc_3"": 25, ""new_fc_4"": 17, ""new_fc_5"": 8, ""new_fc_6"": 32, ""new_fc_7"": 24, ""new_fc_8"": 4, ""new_fc_9"": 32, ""num_neurons"": 16, ""optimizer"": ""SGD"", ""reg_l2"": true, ""skip_connection"": true, ""unit_c1"": 4, ""unit_c2"": 5}"
61,19,flops,,,0.07233626666666666,10850440.0,1421956.0,,5291.9223,"{""activation"": ""relu"", ""batch_size"": 16, ""data_augmentation"": true, ""dr_f"": 0.147932476513, ""learning_rate"": 0.000599881591, ""new_fc_1"": 23, ""new_fc_10"": 4, ""new_fc_2"": 22, ""new_fc_3"": 23, ""new_fc_4"": 26, ""new_fc_5"": 10, ""new_fc_6"": 31, ""new_fc_7"": 31, ""new_fc_8"": 25, ""new_fc_9"": 0, ""num_neurons"": 16, ""optimizer"": ""Adagrad"", ""reg_l2"": true, ""skip_connection"": false, ""unit_c1"": 1, ""unit_c2"": 1}"
62,19,flops,,,1.0148696,152230440.0,1753124.0,,5293.1404,"{""activation"": ""selu"", ""batch_size"": 16, ""data_augmentation"": true, ""dr_f"": 0.495619866805, ""learning_rate"": 0.000570204971, ""new_fc_1"": 8, ""new_fc_10"": 22, ""new_fc_2"": 17, ""new_fc_3"": 18, ""new_fc_4"": 16, ""new_fc_5"": 8, ""new_fc_6"": 14, ""new_fc_7"": 16, ""new_fc_8"": 4, ""new_fc_9"": 18, ""num_neurons"": 16, ""optimizer"": ""Adamax"", ""reg_l2"": false, ""skip_connection"": false, ""unit_c1"": 3, ""unit_c2"": 8}"
63,19,flops,,,0.46304144,69456216.0,1523060.0,,5293.9366,"{""activation"": ""selu"", ""batch_size"": 16, ""data_augmentation"": true, ""dr_f"": 0.187128001682, ""learning_rate"": 0.000817953218, ""new_fc_1"": 18, ""new_fc_10"": 11, ""new_fc_2"": 19, ""new_fc_3"": 3, ""new_fc_4"": 14, ""new_fc_5"": 9, ""new_fc_6"": 15, ""new_fc_7"": 30, ""new_fc_8"": 31, ""new_fc_9"": 2, ""num_neurons"": 16, ""optimizer"": ""Adam"", ""reg_l2"": false, ""skip_connection"": false, ""unit_c1"": 3, ""unit_c2"": 3}"
64,19,flops,,,0.08697952,13046928.0,162924.0,,5294.6353,"{""activation"": ""selu"", ""batch_size"": 64, ""data_augmentation"": false, ""dr_f"": 0.255840416266, ""learning_rate"": 0.000613394527, ""new_fc_1"": 3, ""new_fc_10"": 4, ""new_fc_2"": 0, ""new_fc_3"": 31, ""new_fc_4"": 9, ""new_fc_5"": 17, ""new_fc_6"": 20, ""new_fc_7"": 26, ""new_fc_8"": 1, ""new_fc_9"": 8, ""num_neurons"": 8, ""optimizer"": ""Adam"", ""reg_l2"": true, ""skip_connection"": false, ""unit_c1"": 2, ""unit_c2"": 4}"
65,20,accuracy,0.9900000002235174,0.009999999776482582,0.04129952,6194928.0,473764.0,-0.2946101438435378,5619.8782,"{""activation"": ""swish"", ""batch_size"": 16, ""data_augmentation"": false, ""dr_f"": 0.216455738864, ""learning_rate"": 0.000788871954, ""new_fc_1"": 24, ""new_fc_10"": 15, ""new_fc_2"": 8, ""new_fc_3"": 14, ""new_fc_4"": 31, ""new_fc_5"": 32, ""new_fc_6"": 18, ""new_fc_7"": 5, ""new_fc_8"": 3, ""new_fc_9"": 3, ""num_neurons"": 8, ""optimizer"": ""SGD"", ""reg_l2"": false, ""skip_connection"": false, ""unit_c1"": 1, ""unit_c2"": 3}"
66,20,flops,,,0.03810888,5716332.0,148340.0,,5620.6618,"{""activation"": ""relu"", ""batch_size"": 8, ""data_augmentation"": true, ""dr_f"": 0.384572722388, ""learning_rate"": 0.00072471905, ""new_fc_1"": 27, ""new_fc_10"": 5, ""new_fc_2"": 7, ""new_fc_3"": 1, ""new_fc_4"": 20, ""new_fc_5"": 11, ""new_fc_6"": 17, ""new_fc_7"": 27, ""new_fc_8"": 10, ""new_fc_9"": 32, ""num_neurons"": 4, ""optimizer"": ""Adagrad"", ""reg_l2"": true, ""skip_connection"": false, ""unit_c1"": 3, ""unit_c2"": 4}"
67,20,flops,,,0.14405536,21608304.0,638876.0,,5621.4871,"{""activation"": ""relu"", ""batch_size"": 16, ""data_augmentation"": true, ""dr_f"": 0.461103927961, ""learning_rate"": 0.000793108747, ""new_fc_1"": 21, ""new_fc_10"": 16, ""new_fc_2"": 1, ""new_fc_3"": 31, ""new_fc_4"": 10, ""new_fc_5"": 8, ""new_fc_6"": 5, ""new_fc_7"": 2, ""new_fc_8"": 9, ""new_fc_9"": 28, ""num_neurons"": 8, ""optimizer"": ""Adagrad"", ""reg_l2"": true, ""skip_connection"": true, ""unit_c1"": 2, ""unit_c2"": 6}"
68,20,flops,,,2.8734333333333333,431015000.0,11224612.0,,5623.1118,"{""activation"": ""swish"", ""batch_size"": 64, ""data_augmentation"": true, ""dr_f"": 0.390001613547, ""learning_rate"": 0.000933592322, ""new_fc_1"": 31, ""new_fc_10"": 27, ""new_fc_2"": 11, ""new_fc_3"": 16, ""new_fc_4"": 17, ""new_fc_5"": 28, ""new_fc_6"": 19, ""new_fc_7"": 29, ""new_fc_8"": 31, ""new_fc_9"": 23, ""num_neurons"": 32, ""optimizer"": ""SGD"", ""reg_l2"": false, ""skip_connection"": false, ""unit_c1"": 4, ""unit_c2"": 3}"
69,20,flops,,,0.050944293333333335,7641644.0,115804.0,,5624.3002,"{""activation"": ""swish"", ""batch_size"": 8, ""data_augmentation"": true, ""dr_f"": 0.478709089746, ""learning_rate"": 0.000252680813, ""new_fc_1"": 13, ""new_fc_10"": 23, ""new_fc_2"": 30, ""new_fc_3"": 1, ""new_fc_4"": 19, ""new_fc_5"": 0, ""new_fc_6"": 26, ""new_fc_7"": 2, ""new_fc_8"": 3, ""new_fc_9"": 2, ""num_neurons"": 4, ""optimizer"": ""SGD"", ""reg_l2"": false, ""skip_connection"": false, ""unit_c1"": 3, ""unit_c2"": 6}"
70,20,flops,,,2.61579088,392368632.0,8467972.0,,5625.3696,"{""activation"": ""relu"", ""batch_size"": 64, ""data_augmentation"": false, ""dr_f"": 0.26802684898, ""learning_rate"": 0.000252361613, ""new_fc_1"": 14, ""new_fc_10"": 30, ""new_fc_2"": 19, ""new_fc_3"": 5, ""new_fc_4"": 30, ""new_fc_5"": 3, ""new_fc_6"": 12, ""new_fc_7"": 10, ""new_fc_8"": 1, ""new_fc_9"": 17, ""num_neurons"": 32, ""optimizer"": ""SGD"", ""reg_l2"": false, ""skip_connection"": false, ""unit_c1"": 2, ""unit_c2"": 7}"
71,21,accuracy,10000000000.0,,1.5420886933333333,231313304.0,6521028.0,10000000000.0,5626.3283,"{""activation"": ""relu"", ""batch_size"": 16, ""data_augmentation"": true, ""dr_f"": 0.407480273592, ""learning_rate"": 0.000383936504, ""new_fc_1"": 11, ""new_fc_10"": 4, ""new_fc_2"": 13, ""new_fc_3"": 14, ""new_fc_4"": 24, ""new_fc_5"": 7, ""new_fc_6"": 12, ""new_fc_7"": 13, ""new_fc_8"": 15, ""new_fc_9"": 25, ""num_neurons"": 32, ""optimizer"": ""SGD"", ""reg_l2"": false, ""skip_connection"": false, ""unit_c1"": 1, ""unit_c2"": 6}"
72,21,flops,,,0.013614426666666667,2042164.0,67928.0,,5627.1221,"{""activation"": ""swish"", ""batch_size"": 16, ""data_augmentation"": false, ""dr_f"": 0.053393525309, ""learning_rate"": 0.000133363748, ""new_fc_1"": 11, ""new_fc_10"": 23, ""new_fc_2"": 6, ""new_fc_3"": 14, ""new_fc_4"": 22, ""new_fc_5"": 22, ""new_fc_6"": 20, ""new_fc_7"": 20, ""new_fc_8"": 18, ""new_fc_9"": 17, ""num_neurons"": 4, ""optimizer"": ""Adagrad"", ""reg_l2"": true, ""skip_connection"": false, ""unit_c1"": 2, ""unit_c2"": 1}"
73,21,flops,,,0.31457744,47186616.0,2702788.0,,5627.9509,"{""activation"": ""relu"", ""batch_size"": 64, ""data_augmentation"": false, ""dr_f"": 0.033039348671, ""learning_rate"": 0.000375946977, ""new_fc_1"": 21, ""new_fc_10"": 20, ""new_fc_2"": 31, ""new_fc_3"": 17, ""new_fc_4"": 7, ""new_fc_5"": 26, ""new_fc_6"": 6, ""new_fc_7"": 17, ""new_fc_8"": 28, ""new_fc_9"": 25, ""num_neurons"": 16, ""optimizer"": ""Adam"", ""reg_l2"": true, ""skip_connection"": true, ""unit_c1"": 1, ""unit_c2"": 5}"
74,21,flops,,,0.58686608,88029912.0,967252.0,,5628.7454,"{""activation"": ""relu"", ""batch_size"": 16, ""data_augmentation"": false, ""dr_f"": 0.056485158939, ""learning_rate"": 0.000790295604, ""new_fc_1"": 29, ""new_fc_10"": 24, ""new_fc_2"": 14, ""new_fc_3"": 6, ""new_fc_4"": 10, ""new_fc_5"": 12, ""new_fc_6"": 8, ""new_fc_7"": 1, ""new_fc_8"": 5, ""new_fc_9"": 27, ""num_neurons"": 16, ""optimizer"": ""Adam"", ""reg_l2"": true, ""skip_connection"": true, ""unit_c1"": 4, ""unit_c2"": 1}"
75,21,flops,,,0.77747024,116620536.0,2540564.0,,5629.9162,"{""activation"": ""elu"", ""batch_size"": 32, ""data_augmentation"": false, ""dr_f"": 0.091160162443, ""learning_rate"": 0.000810193914, ""new_fc_1"": 16, ""new_fc_10"": 21, ""new_fc_2"": 27, ""new_fc_3"": 12, ""new_fc_4"": 27, ""new_fc_5"": 20, ""new_fc_6"": 5, ""new_fc_7"": 32, ""new_fc_8"": 30, ""new_fc_9"": 4, ""num_neurons"": 16, ""optimizer"": ""SGD"", ""reg_l2"": false, ""skip_connection"": true, ""unit_c1"": 3, ""unit_c2"": 6}"
76,21,flops,,,0.34742789333333335,52114184.0,1572020.0,,5630.664,"{""activation"": ""elu"", ""batch_size"": 8, ""data_augmentation"": false, ""dr_f"": 0.150988087646, ""learning_rate"": 0.000196750645, ""new_fc_1"": 18, ""new_fc_10"": 2, ""new_fc_2"": 10, ""new_fc_3"": 2, ""new_fc_4"": 10, ""new_fc_5"": 20, ""new_fc_6"": 6, ""new_fc_7"": 15, ""new_fc_8"": 14, ""new_fc_9"": 26, ""num_neurons"": 16, ""optimizer"": ""Adam"", ""reg_l2"": false, ""skip_connection"": false, ""unit_c1"": 2, ""unit_c2"": 4}"
77,22,accuracy,0.6435000002384186,0.3564999997615814,0.34742789333333335,52114184.0,1572020.0,-0.44532163183310697,6615.4987,"{""activation"": ""elu"", ""batch_size"": 8, ""data_augmentation"": false, ""dr_f"": 0.150988087646, ""learning_rate"": 0.000196750645, ""new_fc_1"": 18, ""new_fc_10"": 2, ""new_fc_2"": 10, ""new_fc_3"": 2, ""new_fc_4"": 10, ""new_fc_5"": 20, ""new_fc_6"": 6, ""new_fc_7"": 15, ""new_fc_8"": 14, ""new_fc_9"": 26, ""num_neurons"": 16, ""optimizer"": ""Adam"", ""reg_l2"": false, ""skip_connection"": false, ""unit_c1"": 2, ""unit_c2"": 4}"
78,22,flops,,,0.013232746666666666,1984912.0,58396.0,,6616.297,"{""activation"": ""relu"", ""batch_size"": 32, ""data_augmentation"": true, ""dr_f"": 0.199462233422, ""learning_rate"": 0.000269377961, ""new_fc_1"": 17, ""new_fc_10"": 7, ""new_fc_2"": 4, ""new_fc_3"": 8, ""new_fc_4"": 25, ""new_fc_5"": 9, ""new_fc_6"": 25, ""new_fc_7"": 24, ""new_fc_8"": 16, ""new_fc_9"": 23, ""num_neurons"": 4, ""optimizer"": ""Adamax"", ""reg_l2"": true, ""skip_connection"": false, ""unit_c1"": 2, ""unit_c2"": 1}"
79,22,flops,,,0.15248688,22873032.0,140140.0,,6617.2445,"{""activation"": ""relu"", ""batch_size"": 16, ""data_augmentation"": true, ""dr_f"": 0.227631967223, ""learning_rate"": 0.000665261518, ""new_fc_1"": 7, ""new_fc_10"": 19, ""new_fc_2"": 6, ""new_fc_3"": 10, ""new_fc_4"": 17, ""new_fc_5"": 16, ""new_fc_6"": 14, ""new_fc_7"": 10, ""new_fc_8"": 1, ""new_fc_9"": 18, ""num_neurons"": 8, ""optimizer"": ""Adagrad"", ""reg_l2"": true, ""skip_connection"": true, ""unit_c1"": 4, ""unit_c2"": 1}"
80,22,flops,,,15.868475893333333,2380271384.0,15120676.0,,6618.6349,"{""activation"": ""selu"", ""batch_size"": 32, ""data_augmentation"": true, ""dr_f"": 0.210473471582, ""learning_rate"": 0.000812123718, ""new_fc_1"": 1, ""new_fc_10"": 4, ""new_fc_2"": 9, ""new_fc_3"": 5, ""new_fc_4"": 18, ""new_fc_5"": 30, ""new_fc_6"": 13, ""new_fc_7"": 31, ""new_fc_8"": 31, ""new_fc_9"": 5, ""num_neurons"": 64, ""optimizer"": ""SGD"", ""reg_l2"": true, ""skip_connection"": false, ""unit_c1"": 4, ""unit_c2"": 6}"
81,22,flops,,,0.34923866666666664,52385800.0,1225700.0,,6619.4492,"{""activation"": ""elu"", ""batch_size"": 8, ""data_augmentation"": false, ""dr_f"": 0.07296280656, ""learning_rate"": 0.000428676819, ""new_fc_1"": 27, ""new_fc_10"": 27, ""new_fc_2"": 31, ""new_fc_3"": 5, ""new_fc_4"": 22, ""new_fc_5"": 28, ""new_fc_6"": 19, ""new_fc_7"": 3, ""new_fc_8"": 26, ""new_fc_9"": 7, ""num_neurons"": 16, ""optimizer"": ""Adamax"", ""reg_l2"": false, ""skip_connection"": false, ""unit_c1"": 3, ""unit_c2"": 1}"
82,22,flops,,,0.46024112,69036168.0,2760228.0,,6620.7266,"{""activation"": ""selu"", ""batch_size"": 16, ""data_augmentation"": false, ""dr_f"": 0.081929595581, ""learning_rate"": 0.000658678075, ""new_fc_1"": 27, ""new_fc_10"": 26, ""new_fc_2"": 12, ""new_fc_3"": 9, ""new_fc_4"": 4, ""new_fc_5"": 17, ""new_fc_6"": 12, ""new_fc_7"": 16, ""new_fc_8"": 6, ""new_fc_9"": 18, ""num_neurons"": 16, ""optimizer"": ""Adagrad"", ""reg_l2"": true, ""skip_connection"": true, ""unit_c1"": 2, ""unit_c2"": 5}"
83,23,accuracy,10000000000.0,,2.61579088,392368632.0,8467972.0,10000000000.0,6622.0005,"{""activation"": ""relu"", ""batch_size"": 64, ""data_augmentation"": false, ""dr_f"": 0.26802684898, ""learning_rate"": 0.000252361613, ""new_fc_1"": 14, ""new_fc_10"": 30, ""new_fc_2"": 19, ""new_fc_3"": 5, ""new_fc_4"": 30, ""new_fc_5"": 3, ""new_fc_6"": 12, ""new_fc_7"": 10, ""new_fc_8"": 1, ""new_fc_9"": 17, ""num_neurons"": 32, ""optimizer"": ""SGD"", ""reg_l2"": false, ""skip_connection"": false, ""unit_c1"": 2, ""unit_c2"": 7}"
84,24,accuracy,0.9929999997839332,0.007000000216066837,0.005387146666666667,808072.0,37568.0,-0.3032838561512468,6946.4868,"{""activation"": ""swish"", ""batch_size"": 16, ""data_augmentation"": false, ""dr_f"": 0.295294836942, ""learning_rate"": 0.000930252508, ""new_fc_1"": 5, ""new_fc_10"": 26, ""new_fc_2"": 0, ""new_fc_3"": 17, ""new_fc_4"": 20, ""new_fc_5"": 27, ""new_fc_6"": 4, ""new_fc_7"": 0, ""new_fc_8"": 22, ""new_fc_9"": 3, ""num_neurons"": 4, ""optimizer"": ""Adadelta"", ""reg_l2"": false, ""skip_connection"": true, ""unit_c1"": 1, ""unit_c2"": 1}"
85,24,flops,,,0.015628426666666667,2344264.0,150728.0,,6947.3791,"{""activation"": ""swish"", ""batch_size"": 32, ""data_augmentation"": true, ""dr_f"": 0.237419112918, ""learning_rate"": 0.000705302157, ""new_fc_1"": 23, ""new_fc_10"": 29, ""new_fc_2"": 32, ""new_fc_3"": 12, ""new_fc_4"": 10, ""new_fc_5"": 16, ""new_fc_6"": 26, ""new_fc_7"": 10, ""new_fc_8"": 26, ""new_fc_9"": 4, ""num_neurons"": 4, ""optimizer"": ""Adam"", ""reg_l2"": false, ""skip_connection"": false, ""unit_c1"": 1, ""unit_c2"": 4}"
86,25,accuracy,0.9077000021934509,0.09229999780654907,0.06618906666666667,9928360.0,893284.0,-0.34475327846458437,9012.0489,"{""activation"": ""selu"", ""batch_size"": 8, ""data_augmentation"": false, ""dr_f"": 0.381003071731, ""learning_rate"": 0.000853634805, ""new_fc_1"": 3, ""new_fc_10"": 30, ""new_fc_2"": 12, ""new_fc_3"": 25, ""new_fc_4"": 25, ""new_fc_5"": 32, ""new_fc_6"": 7, ""new_fc_7"": 4, ""new_fc_8"": 26, ""new_fc_9"": 17, ""num_neurons"": 16, ""optimizer"": ""Adagrad"", ""reg_l2"": false, ""skip_connection"": true, ""unit_c1"": 1, ""unit_c2"": 1}"
87,26,accuracy,0.8654000014066696,0.13459999859333038,0.007506026666666667,1125904.0,62816.0,-0.3919681910153312,986.2543,"{""activation"": ""swish"", ""batch_size"": 16, ""data_augmentation"": false, ""dr_f"": 0.320319463879, ""learning_rate"": 0.000978906017, ""new_fc_1"": 6, ""new_fc_10"": 19, ""new_fc_2"": 26, ""new_fc_3"": 16, ""new_fc_4"": 13, ""new_fc_5"": 30, ""new_fc_6"": 15, ""new_fc_7"": 8, ""new_fc_8"": 20, ""new_fc_9"": 17, ""num_neurons"": 4, ""optimizer"": ""Adam"", ""reg_l2"": false, ""skip_connection"": false, ""unit_c1"": 1, ""unit_c2"": 2}"
88,27,accuracy,0.9900000002235174,0.009999999776482582,0.5781382933333333,86720744.0,698292.0,-0.13355851184353779,1431.5261,"{""activation"": ""swish"", ""batch_size"": 16, ""data_augmentation"": false, ""dr_f"": 0.408049908672, ""learning_rate"": 0.000855469844, ""new_fc_1"": 11, ""new_fc_10"": 21, ""new_fc_2"": 2, ""new_fc_3"": 28, ""new_fc_4"": 31, ""new_fc_5"": 16, ""new_fc_6"": 1, ""new_fc_7"": 10, ""new_fc_8"": 18, ""new_fc_9"": 1, ""num_neurons"": 16, ""optimizer"": ""Adam"", ""reg_l2"": true, ""skip_connection"": false, ""unit_c1"": 4, ""unit_c2"": 1}"
89,28,accuracy,0.9901000000536442,0.00989999994635582,0.013614426666666667,2042164.0,67928.0,-0.30284567196244905,1816.7894,"{""activation"": ""swish"", ""batch_size"": 16, ""data_augmentation"": false, ""dr_f"": 0.053393525309, ""learning_rate"": 0.000133363748, ""new_fc_1"": 11, ""new_fc_10"": 23, ""new_fc_2"": 6, ""new_fc_3"": 14, ""new_fc_4"": 22, ""new_fc_5"": 22, ""new_fc_6"": 20, ""new_fc_7"": 20, ""new_fc_8"": 18, ""new_fc_9"": 17, ""num_neurons"": 4, ""optimizer"": ""Adagrad"", ""reg_l2"": true, ""skip_connection"": false, ""unit_c1"": 2, ""unit_c2"": 1}"
90,28,flops,,,0.09491776,14237664.0,321900.0,,1817.6557,"{""activation"": ""swish"", ""batch_size"": 64, ""data_augmentation"": false, ""dr_f"": 0.265002206512, ""learning_rate"": 0.000655156227, ""new_fc_1"": 23, ""new_fc_10"": 22, ""new_fc_2"": 30, ""new_fc_3"": 22, ""new_fc_4"": 9, ""new_fc_5"": 7, ""new_fc_6"": 24, ""new_fc_7"": 27, ""new_fc_8"": 16, ""new_fc_9"": 7, ""num_neurons"": 8, ""optimizer"": ""Adam"", ""reg_l2"": false, ""skip_connection"": true, ""unit_c1"": 3, ""unit_c2"": 1}"
91,29,accuracy,0.949499998241663,0.05050000175833702,0.020708586666666667,3106288.0,115128.0,-0.32913742523083594,2082.1379,"{""activation"": ""selu"", ""batch_size"": 64, ""data_augmentation"": false, ""dr_f"": 0.476983984605, ""learning_rate"": 0.000454345846, ""new_fc_1"": 23, ""new_fc_10"": 10, ""new_fc_2"": 6, ""new_fc_3"": 20, ""new_fc_4"": 32, ""new_fc_5"": 4, ""new_fc_6"": 12, ""new_fc_7"": 32, ""new_fc_8"": 18, ""new_fc_9"": 9, ""num_neurons"": 4, ""optimizer"": ""Adam"", ""reg_l2"": false, ""skip_connection"": true, ""unit_c1"": 2, ""unit_c2"": 3}"
92,29,flops,,,0.12060128,18090192.0,326996.0,,2082.9827,"{""activation"": ""swish"", ""batch_size"": 8, ""data_augmentation"": true, ""dr_f"": 0.14029838586, ""learning_rate"": 0.000439132216, ""new_fc_1"": 17, ""new_fc_10"": 17, ""new_fc_2"": 27, ""new_fc_3"": 10, ""new_fc_4"": 27, ""new_fc_5"": 5, ""new_fc_6"": 7, ""new_fc_7"": 6, ""new_fc_8"": 1, ""new_fc_9"": 8, ""num_neurons"": 8, ""optimizer"": ""Adam"", ""reg_l2"": true, ""skip_connection"": false, ""unit_c1"": 3, ""unit_c2"": 3}"
93,29,flops,,,10.37936144,1556904216.0,56748516.0,,2085.9559,"{""activation"": ""swish"", ""batch_size"": 32, ""data_augmentation"": true, ""dr_f"": 0.390217784321, ""learning_rate"": 0.000607551352, ""new_fc_1"": 30, ""new_fc_10"": 5, ""new_fc_2"": 30, ""new_fc_3"": 11, ""new_fc_4"": 19, ""new_fc_5"": 32, ""new_fc_6"": 24, ""new_fc_7"": 24, ""new_fc_8"": 5, ""new_fc_9"": 29, ""num_neurons"": 64, ""optimizer"": ""Adagrad"", ""reg_l2"": false, ""skip_connection"": false, ""unit_c1"": 3, ""unit_c2"": 5}"
94,29,flops,,,1.85294352,277941528.0,8328516.0,,2087.3164,"{""activation"": ""swish"", ""batch_size"": 64, ""data_augmentation"": true, ""dr_f"": 0.105514885811, ""learning_rate"": 0.000694519706, ""new_fc_1"": 32, ""new_fc_10"": 9, ""new_fc_2"": 12, ""new_fc_3"": 23, ""new_fc_4"": 4, ""new_fc_5"": 18, ""new_fc_6"": 11, ""new_fc_7"": 4, ""new_fc_8"": 25, ""new_fc_9"": 16, ""num_neurons"": 32, ""optimizer"": ""SGD"", ""reg_l2"": false, ""skip_connection"": true, ""unit_c1"": 3, ""unit_c2"": 3}"
95,30,accuracy,0.9900000002235174,0.009999999776482582,0.020949653333333332,3142448.0,133240.0,-0.30071510384353783,2472.2902,"{""activation"": ""relu"", ""batch_size"": 16, ""data_augmentation"": true, ""dr_f"": 0.495055988034, ""learning_rate"": 0.00080301345, ""new_fc_1"": 24, ""new_fc_10"": 28, ""new_fc_2"": 30, ""new_fc_3"": 5, ""new_fc_4"": 23, ""new_fc_5"": 27, ""new_fc_6"": 27, ""new_fc_7"": 11, ""new_fc_8"": 4, ""new_fc_9"": 3, ""num_neurons"": 4, ""optimizer"": ""Adamax"", ""reg_l2"": true, ""skip_connection"": true, ""unit_c1"": 2, ""unit_c2"": 3}"
96,30,flops,,,0.13755701333333334,20633552.0,1086860.0,,2473.7017,"{""activation"": ""selu"", ""batch_size"": 64, ""data_augmentation"": false, ""dr_f"": 0.080098975668, ""learning_rate"": 0.000195629172, ""new_fc_1"": 31, ""new_fc_10"": 4, ""new_fc_2"": 6, ""new_fc_3"": 20, ""new_fc_4"": 6, ""new_fc_5"": 29, ""new_fc_6"": 29, ""new_fc_7"": 13, ""new_fc_8"": 24, ""new_fc_9"": 13, ""num_neurons"": 8, ""optimizer"": ""SGD"", ""reg_l2"": false, ""skip_connection"": true, ""unit_c1"": 1, ""unit_c2"": 7}"
97,31,accuracy,0.9900000002235174,0.009999999776482582,0.013232746666666666,1984912.0,58396.0,-0.3030301758435378,2678.1392,"{""activation"": ""relu"", ""batch_size"": 32, ""data_augmentation"": true, ""dr_f"": 0.199462233422, ""learning_rate"": 0.000269377961, ""new_fc_1"": 17, ""new_fc_10"": 7, ""new_fc_2"": 4, ""new_fc_3"": 8, ""new_fc_4"": 25, ""new_fc_5"": 9, ""new_fc_6"": 25, ""new_fc_7"": 24, ""new_fc_8"": 16, ""new_fc_9"": 23, ""num_neurons"": 4, ""optimizer"": ""Adamax"", ""reg_l2"": true, ""skip_connection"": false, ""unit_c1"": 2, ""unit_c2"": 1}"
98,31,flops,,,0.04002816,6004224.0,320444.0,,2679.2498,"{""activation"": ""relu"", ""batch_size"": 64, ""data_augmentation"": false, ""dr_f"": 0.230125818792, ""learning_rate"": 0.000523780238, ""new_fc_1"": 14, ""new_fc_10"": 9, ""new_fc_2"": 13, ""new_fc_3"": 0, ""new_fc_4"": 26, ""new_fc_5"": 27, ""new_fc_6"": 3, ""new_fc_7"": 11, ""new_fc_8"": 24, ""new_fc_9"": 14, ""num_neurons"": 8, ""optimizer"": ""Adagrad"", ""reg_l2"": false, ""skip_connection"": true, ""unit_c1"": 1, ""unit_c2"": 3}"
99,31,flops,,,0.051786,7767900.0,87724.0,,2680.4008,"{""activation"": ""relu"", ""batch_size"": 32, ""data_augmentation"": true, ""dr_f"": 0.184813456635, ""learning_rate"": 0.000215967234, ""new_fc_1"": 3, ""new_fc_10"": 25, ""new_fc_2"": 32, ""new_fc_3"": 32, ""new_fc_4"": 18, ""new_fc_5"": 10, ""new_fc_6"": 29, ""new_fc_7"": 0, ""new_fc_8"": 7, ""new_fc_9"": 21, ""num_neurons"": 4, ""optimizer"": ""Adadelta"", ""reg_l2"": false, ""skip_connection"": true, ""unit_c1"": 3, ""unit_c2"": 6}"
100,31,flops,,,1.63727248,245590872.0,26563748.0,,2682.5857,"{""activation"": ""swish"", ""batch_size"": 8, ""data_augmentation"": true, ""dr_f"": 0.212264234067, ""learning_rate"": 0.000576662874, ""new_fc_1"": 25, ""new_fc_10"": 3, ""new_fc_2"": 27, ""new_fc_3"": 8, ""new_fc_4"": 32, ""new_fc_5"": 21, ""new_fc_6"": 31, ""new_fc_7"": 3, ""new_fc_8"": 19, ""new_fc_9"": 27, ""num_neurons"": 64, ""optimizer"": ""Adamax"", ""reg_l2"": true, ""skip_connection"": false, ""unit_c1"": 1, ""unit_c2"": 2}"
101,31,flops,,,0.03225002666666667,4837504.0,77648.0,,2683.2846,"{""activation"": ""selu"", ""batch_size"": 16, ""data_augmentation"": false, ""dr_f"": 0.213001695333, ""learning_rate"": 0.000355125148, ""new_fc_1"": 12, ""new_fc_10"": 3, ""new_fc_2"": 25, ""new_fc_3"": 7, ""new_fc_4"": 20, ""new_fc_5"": 18, ""new_fc_6"": 26, ""new_fc_7"": 24, ""new_fc_8"": 1, ""new_fc_9"": 18, ""num_neurons"": 4, ""optimizer"": ""Adagrad"", ""reg_l2"": false, ""skip_connection"": false, ""unit_c1"": 3, ""unit_c2"": 3}"
102,31,flops,,,0.029481386666666668,4422208.0,89664.0,,2684.0348,"{""activation"": ""selu"", ""batch_size"": 8, ""data_augmentation"": false, ""dr_f"": 0.354358185461, ""learning_rate"": 0.000973931221, ""new_fc_1"": 23, ""new_fc_10"": 2, ""new_fc_2"": 30, ""new_fc_3"": 22, ""new_fc_4"": 11, ""new_fc_5"": 10, ""new_fc_6"": 11, ""new_fc_7"": 12, ""new_fc_8"": 11, ""new_fc_9"": 22, ""num_neurons"": 4, ""optimizer"": ""Adadelta"", ""reg_l2"": false, ""skip_connection"": true, ""unit_c1"": 3, ""unit_c2"": 2}"
103,32,accuracy,0.6513999998569489,0.34860000014305115,0.77747024,116620536.0,2540564.0,-0.3107789281001358,3548.4826,"{""activation"": ""elu"", ""batch_size"": 32, ""data_augmentation"": false, ""dr_f"": 0.091160162443, ""learning_rate"": 0.000810193914, ""new_fc_1"": 16, ""new_fc_10"": 21, ""new_fc_2"": 27, ""new_fc_3"": 12, ""new_fc_4"": 27, ""new_fc_5"": 20, ""new_fc_6"": 5, ""new_fc_7"": 32, ""new_fc_8"": 30, ""new_fc_9"": 4, ""num_neurons"": 16, ""optimizer"": ""SGD"", ""reg_l2"": false, ""skip_connection"": true, ""unit_c1"": 3, ""unit_c2"": 6}"
104,32,flops,,,0.025896026666666665,3884404.0,163080.0,,3549.303,"{""activation"": ""selu"", ""batch_size"": 64, ""data_augmentation"": true, ""dr_f"": 0.151991073435, ""learning_rate"": 0.000920387497, ""new_fc_1"": 21, ""new_fc_10"": 32, ""new_fc_2"": 5, ""new_fc_3"": 25, ""new_fc_4"": 30, ""new_fc_5"": 24, ""new_fc_6"": 25, ""new_fc_7"": 13, ""new_fc_8"": 10, ""new_fc_9"": 22, ""num_neurons"": 4, ""optimizer"": ""Adamax"", ""reg_l2"": true, ""skip_connection"": true, ""unit_c1"": 2, ""unit_c2"": 4}"
105,32,flops,,,0.005451466666666667,817720.0,53152.0,,3550.0146,"{""activation"": ""relu"", ""batch_size"": 8, ""data_augmentation"": false, ""dr_f"": 0.320212275053, ""learning_rate"": 0.000281763363, ""new_fc_1"": 18, ""new_fc_10"": 14, ""new_fc_2"": 21, ""new_fc_3"": 20, ""new_fc_4"": 3, ""new_fc_5"": 21, ""new_fc_6"": 19, ""new_fc_7"": 16, ""new_fc_8"": 4, ""new_fc_9"": 0, ""num_neurons"": 4, ""optimizer"": ""Adadelta"", ""reg_l2"": true, ""skip_connection"": true, ""unit_c1"": 1, ""unit_c2"": 1}"
106,32,flops,,,0.10563930666666667,15845896.0,913628.0,,3550.8068,"{""activation"": ""elu"", ""batch_size"": 64, ""data_augmentation"": true, ""dr_f"": 0.072217378323, ""learning_rate"": 0.000819299463, ""new_fc_1"": 28, ""new_fc_10"": 10, ""new_fc_2"": 20, ""new_fc_3"": 0, ""new_fc_4"": 30, ""new_fc_5"": 23, ""new_fc_6"": 27, ""new_fc_7"": 9, ""new_fc_8"": 10, ""new_fc_9"": 9, ""num_neurons"": 8, ""optimizer"": ""Adam"", ""reg_l2"": true, ""skip_connection"": false, ""unit_c1"": 1, ""unit_c2"": 6}"
107,32,flops,,,0.025873306666666665,3880996.0,54088.0,,3551.5366,"{""activation"": ""elu"", ""batch_size"": 32, ""data_augmentation"": false, ""dr_f"": 0.389751843705, ""learning_rate"": 0.000573330104, ""new_fc_1"": 30, ""new_fc_10"": 3, ""new_fc_2"": 16, ""new_fc_3"": 19, ""new_fc_4"": 6, ""new_fc_5"": 20, ""new_fc_6"": 0, ""new_fc_7"": 4, ""new_fc_8"": 4, ""new_fc_9"": 13, ""num_neurons"": 4, ""optimizer"": ""Adagrad"", ""reg_l2"": false, ""skip_connection"": true, ""unit_c1"": 3, ""unit_c2"": 1}"
108,33,accuracy,0.9804999995976686,0.019500000402331352,0.025873306666666665,3880996.0,54088.0,-0.30588800828163193,3935.7328,"{""activation"": ""elu"", ""batch_size"": 32, ""data_augmentation"": false, ""dr_f"": 0.389751843705, ""learning_rate"": 0.000573330104, ""new_fc_1"": 30, ""new_fc_10"": 3, ""new_fc_2"": 16, ""new_fc_3"": 19, ""new_fc_4"": 6, ""new_fc_5"": 20, ""new_fc_6"": 0, ""new_fc_7"": 4, ""new_fc_8"": 4, ""new_fc_9"": 13, ""num_neurons"": 4, ""optimizer"": ""Adagrad"", ""reg_l2"": false, ""skip_connection"": true, ""unit_c1"": 3, ""unit_c2"": 1}"
109,33,flops,,,0.3997429866666667,59961448.0,885508.0,,3936.8147,"{""activation"": ""selu"", ""batch_size"": 64, ""data_augmentation"": false, ""dr_f"": 0.43760716891, ""learning_rate"": 0.000900956467, ""new_fc_1"": 10, ""new_fc_10"": 8, ""new_fc_2"": 6, ""new_fc_3"": 15, ""new_fc_4"": 24, ""new_fc_5"": 24, ""new_fc_6"": 21, ""new_fc_7"": 11, ""new_fc_8"": 4, ""new_fc_9"": 6, ""num_neurons"": 16, ""optimizer"": ""Adamax"", ""reg_l2"": false, ""skip_connection"": true, ""unit_c1"": 3, ""unit_c2"": 2}"
110,33,flops,,,0.04230298666666667,6345448.0,252792.0,,3937.5701,"{""activation"": ""selu"", ""batch_size"": 32, ""data_augmentation"": false, ""dr_f"": 0.059185282639, ""learning_rate"": 0.000345883708, ""new_fc_1"": 26, ""new_fc_10"": 6, ""new_fc_2"": 31, ""new_fc_3"": 9, ""new_fc_4"": 24, ""new_fc_5"": 6, ""new_fc_6"": 4, ""new_fc_7"": 7, ""new_fc_8"": 1, ""new_fc_9"": 18, ""num_neurons"": 4, ""optimizer"": ""SGD"", ""reg_l2"": false, ""skip_connection"": false, ""unit_c1"": 1, ""unit_c2"": 8}"
111,33,flops,,,0.03373296,5059944.0,147084.0,,3938.3934,"{""activation"": ""elu"", ""batch_size"": 32, ""data_augmentation"": true, ""dr_f"": 0.162686459205, ""learning_rate"": 0.000669141295, ""new_fc_1"": 13, ""new_fc_10"": 32, ""new_fc_2"": 31, ""new_fc_3"": 24, ""new_fc_4"": 5, ""new_fc_5"": 31, ""new_fc_6"": 5, ""new_fc_7"": 7, ""new_fc_8"": 8, ""new_fc_9"": 8, ""num_neurons"": 4, ""optimizer"": ""Adadelta"", ""reg_l2"": false, ""skip_connection"": true, ""unit_c1"": 1, ""unit_c2"": 7}"
112,33,flops,,,2.6833932266666665,402508984.0,21593572.0,,3940.2967,"{""activation"": ""elu"", ""batch_size"": 32, ""data_augmentation"": true, ""dr_f"": 0.413261543449, ""learning_rate"": 0.000371575679, ""new_fc_1"": 30, ""new_fc_10"": 13, ""new_fc_2"": 25, ""new_fc_3"": 14, ""new_fc_4"": 31, ""new_fc_5"": 27, ""new_fc_6"": 22, ""new_fc_7"": 27, ""new_fc_8"": 24, ""new_fc_9"": 22, ""num_neurons"": 32, ""optimizer"": ""Adamax"", ""reg_l2"": true, ""skip_connection"": false, ""unit_c1"": 1, ""unit_c2"": 8}"
113,33,flops,,,16.967984373333334,2545197656.0,73526564.0,,3944.0065,"{""activation"": ""swish"", ""batch_size"": 32, ""data_augmentation"": false, ""dr_f"": 0.425467035987, ""learning_rate"": 0.000755097359, ""new_fc_1"": 29, ""new_fc_10"": 10, ""new_fc_2"": 18, ""new_fc_3"": 23, ""new_fc_4"": 3, ""new_fc_5"": 7, ""new_fc_6"": 0, ""new_fc_7"": 0, ""new_fc_8"": 31, ""new_fc_9"": 23, ""num_neurons"": 64, ""optimizer"": ""Adam"", ""reg_l2"": true, ""skip_connection"": true, ""unit_c1"": 3, ""unit_c2"": 8}"
114,34,accuracy,10000000000.0,,2.967176266666667,445076440.0,2471172.0,10000000000.0,3945.2727,"{""activation"": ""swish"", ""batch_size"": 64, ""data_augmentation"": true, ""dr_f"": 0.370169913148, ""learning_rate"": 0.000353187494, ""new_fc_1"": 1, ""new_fc_10"": 9, ""new_fc_2"": 1, ""new_fc_3"": 16, ""new_fc_4"": 19, ""new_fc_5"": 0, ""new_fc_6"": 28, ""new_fc_7"": 6, ""new_fc_8"": 8, ""new_fc_9"": 20, ""num_neurons"": 32, ""optimizer"": ""Adadelta"", ""reg_l2"": true, ""skip_connection"": true, ""unit_c1"": 3, ""unit_c2"": 6}"
115,34,flops,,,0.01130384,1695576.0,138720.0,,3946.349,"{""activation"": ""selu"", ""batch_size"": 64, ""data_augmentation"": false, ""dr_f"": 0.244682827816, ""learning_rate"": 0.00096728572, ""new_fc_1"": 30, ""new_fc_10"": 29, ""new_fc_2"": 31, ""new_fc_3"": 12, ""new_fc_4"": 10, ""new_fc_5"": 8, ""new_fc_6"": 4, ""new_fc_7"": 3, ""new_fc_8"": 2, ""new_fc_9"": 15, ""num_neurons"": 4, ""optimizer"": ""Adadelta"", ""reg_l2"": false, ""skip_connection"": false, ""unit_c1"": 1, ""unit_c2"": 3}"
116,35,accuracy,0.9862000001594424,0.013799999840557575,0.005451466666666667,817720.0,53152.0,-0.3080245598883903,4630.8555,"{""activation"": ""relu"", ""batch_size"": 8, ""data_augmentation"": false, ""dr_f"": 0.320212275053, ""learning_rate"": 0.000281763363, ""new_fc_1"": 18, ""new_fc_10"": 14, ""new_fc_2"": 21, ""new_fc_3"": 20, ""new_fc_4"": 3, ""new_fc_5"": 21, ""new_fc_6"": 19, ""new_fc_7"": 16, ""new_fc_8"": 4, ""new_fc_9"": 0, ""num_neurons"": 4, ""optimizer"": ""Adadelta"", ""reg_l2"": true, ""skip_connection"": true, ""unit_c1"": 1, ""unit_c2"": 1}"
117,35,flops,,,5.349846773333334,802477016.0,14677860.0,,4632.2529,"{""activation"": ""relu"", ""batch_size"": 32, ""data_augmentation"": true, ""dr_f"": 0.483244642514, ""learning_rate"": 0.000584596551, ""new_fc_1"": 10, ""new_fc_10"": 20, ""new_fc_2"": 8, ""new_fc_3"": 24, ""new_fc_4"": 32, ""new_fc_5"": 20, ""new_fc_6"": 4, ""new_fc_7"": 4, ""new_fc_8"": 22, ""new_fc_9"": 22, ""num_neurons"": 64, ""optimizer"": ""Adagrad"", ""reg_l2"": true, ""skip_connection"": true, ""unit_c1"": 3, ""unit_c2"": 1}"
118,36,accuracy,0.9875999996438622,0.012400000356137753,0.029481386666666668,4422208.0,89664.0,-0.2998355842492964,5376.786,"{""activation"": ""selu"", ""batch_size"": 8, ""data_augmentation"": false, ""dr_f"": 0.354358185461, ""learning_rate"": 0.000973931221, ""new_fc_1"": 23, ""new_fc_10"": 2, ""new_fc_2"": 30, ""new_fc_3"": 22, ""new_fc_4"": 11, ""new_fc_5"": 10, ""new_fc_6"": 11, ""new_fc_7"": 12, ""new_fc_8"": 11, ""new_fc_9"": 22, ""num_neurons"": 4, ""optimizer"": ""Adadelta"", ""reg_l2"": false, ""skip_connection"": true, ""unit_c1"": 3, ""unit_c2"": 2}"
119,36,flops,,,1.6229597333333334,243443960.0,8573732.0,,5378.1674,"{""activation"": ""selu"", ""batch_size"": 8, ""data_augmentation"": false, ""dr_f"": 0.054019393808, ""learning_rate"": 0.000268096805, ""new_fc_1"": 30, ""new_fc_10"": 26, ""new_fc_2"": 15, ""new_fc_3"": 20, ""new_fc_4"": 26, ""new_fc_5"": 24, ""new_fc_6"": 25, ""new_fc_7"": 28, ""new_fc_8"": 32, ""new_fc_9"": 3, ""num_neurons"": 32, ""optimizer"": ""Adam"", ""reg_l2"": true, ""skip_connection"": true, ""unit_c1"": 3, ""unit_c2"": 2}"
120,37,accuracy,0.9864999996498227,0.013500000350177288,0.03225002666666667,4837504.0,77648.0,-0.2997749922451241,5702.4159,"{""activation"": ""selu"", ""batch_size"": 16, ""data_augmentation"": false, ""dr_f"": 0.213001695333, ""learning_rate"": 0.000355125148, ""new_fc_1"": 12, ""new_fc_10"": 3, ""new_fc_2"": 25, ""new_fc_3"": 7, ""new_fc_4"": 20, ""new_fc_5"": 18, ""new_fc_6"": 26, ""new_fc_7"": 24, ""new_fc_8"": 1, ""new_fc_9"": 18, ""num_neurons"": 4, ""optimizer"": ""Adagrad"", ""reg_l2"": false, ""skip_connection"": false, ""unit_c1"": 3, ""unit_c2"": 3}"
121,37,flops,,,10.544568053333334,1581685208.0,43374820.0,,5705.2258,"{""activation"": ""swish"", ""batch_size"": 8, ""data_augmentation"": true, ""dr_f"": 0.093679039044, ""learning_rate"": 0.000237511712, ""new_fc_1"": 16, ""new_fc_10"": 28, ""new_fc_2"": 3, ""new_fc_3"": 25, ""new_fc_4"": 28, ""new_fc_5"": 19, ""new_fc_6"": 5, ""new_fc_7"": 1, ""new_fc_8"": 14, ""new_fc_9"": 31, ""num_neurons"": 64, ""optimizer"": ""Adam"", ""reg_l2"": true, ""skip_connection"": false, ""unit_c1"": 2, ""unit_c2"": 7}"
122,37,flops,,,4.231032693333334,634654904.0,14833284.0,,5706.9836,"{""activation"": ""elu"", ""batch_size"": 32, ""data_augmentation"": false, ""dr_f"": 0.436579080744, ""learning_rate"": 0.000145238498, ""new_fc_1"": 27, ""new_fc_10"": 14, ""new_fc_2"": 13, ""new_fc_3"": 15, ""new_fc_4"": 28, ""new_fc_5"": 30, ""new_fc_6"": 13, ""new_fc_7"": 19, ""new_fc_8"": 17, ""new_fc_9"": 19, ""num_neurons"": 32, ""optimizer"": ""Adamax"", ""reg_l2"": false, ""skip_connection"": true, ""unit_c1"": 4, ""unit_c2"": 6}"
123,37,flops,,,0.020791546666666667,3118732.0,121364.0,,5708.0889,"{""activation"": ""selu"", ""batch_size"": 32, ""data_augmentation"": false, ""dr_f"": 0.485216250271, ""learning_rate"": 0.000627280779, ""new_fc_1"": 23, ""new_fc_10"": 20, ""new_fc_2"": 32, ""new_fc_3"": 2, ""new_fc_4"": 28, ""new_fc_5"": 18, ""new_fc_6"": 4, ""new_fc_7"": 6, ""new_fc_8"": 14, ""new_fc_9"": 26, ""num_neurons"": 4, ""optimizer"": ""Adadelta"", ""reg_l2"": false, ""skip_connection"": true, ""unit_c1"": 2, ""unit_c2"": 3}"
124,37,flops,,,2.10422224,315633336.0,15767972.0,,5709.7635,"{""activation"": ""relu"", ""batch_size"": 8, ""data_augmentation"": false, ""dr_f"": 0.438835396783, ""learning_rate"": 0.000449531418, ""new_fc_1"": 29, ""new_fc_10"": 25, ""new_fc_2"": 10, ""new_fc_3"": 10, ""new_fc_4"": 12, ""new_fc_5"": 15, ""new_fc_6"": 30, ""new_fc_7"": 15, ""new_fc_8"": 2, ""new_fc_9"": 7, ""num_neurons"": 32, ""optimizer"": ""Adagrad"", ""reg_l2"": true, ""skip_connection"": false, ""unit_c1"": 1, ""unit_c2"": 7}"
125,37,flops,,,0.0273632,4104480.0,273380.0,,5710.9987,"{""activation"": ""selu"", ""batch_size"": 64, ""data_augmentation"": true, ""dr_f"": 0.291358980653, ""learning_rate"": 0.000890150839, ""new_fc_1"": 9, ""new_fc_10"": 22, ""new_fc_2"": 10, ""new_fc_3"": 9, ""new_fc_4"": 20, ""new_fc_5"": 22, ""new_fc_6"": 8, ""new_fc_7"": 18, ""new_fc_8"": 30, ""new_fc_9"": 21, ""num_neurons"": 8, ""optimizer"": ""Adam"", ""reg_l2"": true, ""skip_connection"": true, ""unit_c1"": 1, ""unit_c2"": 2}"
126,38,accuracy,0.9900000002235174,0.009999999776482582,0.31457744,47186616.0,2702788.0,-0.2126267678435378,5916.223,"{""activation"": ""relu"", ""batch_size"": 64, ""data_augmentation"": false, ""dr_f"": 0.033039348671, ""learning_rate"": 0.000375946977, ""new_fc_1"": 21, ""new_fc_10"": 20, ""new_fc_2"": 31, ""new_fc_3"": 17, ""new_fc_4"": 7, ""new_fc_5"": 26, ""new_fc_6"": 6, ""new_fc_7"": 17, ""new_fc_8"": 28, ""new_fc_9"": 25, ""num_neurons"": 16, ""optimizer"": ""Adam"", ""reg_l2"": true, ""skip_connection"": true, ""unit_c1"": 1, ""unit_c2"": 5}"
127,38,flops,,,2.7979135466666665,419687032.0,5878340.0,,5917.5273,"{""activation"": ""relu"", ""batch_size"": 64, ""data_augmentation"": true, ""dr_f"": 0.173431004065, ""learning_rate"": 0.000654374108, ""new_fc_1"": 14, ""new_fc_10"": 11, ""new_fc_2"": 25, ""new_fc_3"": 25, ""new_fc_4"": 10, ""new_fc_5"": 16, ""new_fc_6"": 10, ""new_fc_7"": 29, ""new_fc_8"": 18, ""new_fc_9"": 11, ""num_neurons"": 32, ""optimizer"": ""Adadelta"", ""reg_l2"": true, ""skip_connection"": false, ""unit_c1"": 4, ""unit_c2"": 3}"
128,39,accuracy,0.964699998497963,0.03530000150203705,0.06321669333333334,9482504.0,669956.0,-0.30574499305142594,6422.0145,"{""activation"": ""selu"", ""batch_size"": 16, ""data_augmentation"": false, ""dr_f"": 0.480065121515, ""learning_rate"": 0.000599026364, ""new_fc_1"": 14, ""new_fc_10"": 13, ""new_fc_2"": 13, ""new_fc_3"": 6, ""new_fc_4"": 19, ""new_fc_5"": 17, ""new_fc_6"": 22, ""new_fc_7"": 0, ""new_fc_8"": 6, ""new_fc_9"": 21, ""num_neurons"": 16, ""optimizer"": ""Adamax"", ""reg_l2"": true, ""skip_connection"": true, ""unit_c1"": 1, ""unit_c2"": 1}"
129,39,flops,,,2.20852496,331278744.0,12951524.0,,6423.5671,"{""activation"": ""swish"", ""batch_size"": 16, ""data_augmentation"": true, ""dr_f"": 0.062997315556, ""learning_rate"": 0.000711064504, ""new_fc_1"": 9, ""new_fc_10"": 5, ""new_fc_2"": 15, ""new_fc_3"": 14, ""new_fc_4"": 0, ""new_fc_5"": 7, ""new_fc_6"": 16, ""new_fc_7"": 21, ""new_fc_8"": 0, ""new_fc_9"": 16, ""num_neurons"": 64, ""optimizer"": ""Adadelta"", ""reg_l2"": false, ""skip_connection"": false, ""unit_c1"": 1, ""unit_c2"": 3}"
130,39,flops,,,0.0113092,1696380.0,124172.0,,6424.7175,"{""activation"": ""swish"", ""batch_size"": 16, ""data_augmentation"": false, ""dr_f"": 0.158268948566, ""learning_rate"": 0.000497014877, ""new_fc_1"": 28, ""new_fc_10"": 9, ""new_fc_2"": 7, ""new_fc_3"": 19, ""new_fc_4"": 10, ""new_fc_5"": 19, ""new_fc_6"": 26, ""new_fc_7"": 7, ""new_fc_8"": 10, ""new_fc_9"": 28, ""num_neurons"": 4, ""optimizer"": ""SGD"", ""reg_l2"": true, ""skip_connection"": false, ""unit_c1"": 1, ""unit_c2"": 3}"
131,39,flops,,,0.5473312533333333,82099688.0,1830020.0,,6425.9566,"{""activation"": ""swish"", ""batch_size"": 16, ""data_augmentation"": true, ""dr_f"": 0.129113636475, ""learning_rate"": 0.000639827895, ""new_fc_1"": 19, ""new_fc_10"": 8, ""new_fc_2"": 8, ""new_fc_3"": 12, ""new_fc_4"": 2, ""new_fc_5"": 25, ""new_fc_6"": 12, ""new_fc_7"": 19, ""new_fc_8"": 25, ""new_fc_9"": 17, ""num_neurons"": 16, ""optimizer"": ""SGD"", ""reg_l2"": false, ""skip_connection"": false, ""unit_c1"": 3, ""unit_c2"": 4}"
132,40,accuracy,0.8018999993801117,0.1981000006198883,0.3997429866666667,59961448.0,885508.0,-0.31874710443392185,6990.8861,"{""activation"": ""selu"", ""batch_size"": 64, ""data_augmentation"": false, ""dr_f"": 0.43760716891, ""learning_rate"": 0.000900956467, ""new_fc_1"": 10, ""new_fc_10"": 8, ""new_fc_2"": 6, ""new_fc_3"": 15, ""new_fc_4"": 24, ""new_fc_5"": 24, ""new_fc_6"": 21, ""new_fc_7"": 11, ""new_fc_8"": 4, ""new_fc_9"": 6, ""num_neurons"": 16, ""optimizer"": ""Adamax"", ""reg_l2"": false, ""skip_connection"": true, ""unit_c1"": 3, ""unit_c2"": 2}"
133,41,accuracy,0.9889000002294779,0.011099999770522118,0.020791546666666667,3118732.0,121364.0,-0.30153253583936546,7195.7917,"{""activation"": ""selu"", ""batch_size"": 32, ""data_augmentation"": false, ""dr_f"": 0.485216250271, ""learning_rate"": 0.000627280779, ""new_fc_1"": 23, ""new_fc_10"": 20, ""new_fc_2"": 32, ""new_fc_3"": 2, ""new_fc_4"": 28, ""new_fc_5"": 18, ""new_fc_6"": 4, ""new_fc_7"": 6, ""new_fc_8"": 14, ""new_fc_9"": 26, ""num_neurons"": 4, ""optimizer"": ""Adadelta"", ""reg_l2"": false, ""skip_connection"": true, ""unit_c1"": 2, ""unit_c2"": 3}"
134,41,flops,,,0.04611024,6916536.0,191524.0,,7196.9449,"{""activation"": ""selu"", ""batch_size"": 16, ""data_augmentation"": true, ""dr_f"": 0.115742662134, ""learning_rate"": 0.000105354935, ""new_fc_1"": 13, ""new_fc_10"": 4, ""new_fc_2"": 4, ""new_fc_3"": 29, ""new_fc_4"": 7, ""new_fc_5"": 22, ""new_fc_6"": 3, ""new_fc_7"": 29, ""new_fc_8"": 27, ""new_fc_9"": 18, ""num_neurons"": 8, ""optimizer"": ""SGD"", ""reg_l2"": true, ""skip_connection"": false, ""unit_c1"": 2, ""unit_c2"": 1}"
135,42,accuracy,0.9900000002235174,0.009999999776482582,0.03810888,5716332.0,148340.0,-0.29556733584353784,7882.0526,"{""activation"": ""relu"", ""batch_size"": 8, ""data_augmentation"": true, ""dr_f"": 0.384572722388, ""learning_rate"": 0.00072471905, ""new_fc_1"": 27, ""new_fc_10"": 5, ""new_fc_2"": 7, ""new_fc_3"": 1, ""new_fc_4"": 20, ""new_fc_5"": 11, ""new_fc_6"": 17, ""new_fc_7"": 27, ""new_fc_8"": 10, ""new_fc_9"": 32, ""num_neurons"": 4, ""optimizer"": ""Adagrad"", ""reg_l2"": true, ""skip_connection"": false, ""unit_c1"": 3, ""unit_c2"": 4}"
136,43,accuracy,0.6236000061035156,0.3763999938964844,0.31918981333333335,47878472.0,3460804.0,-0.46772305172753903,8086.8669,"{""activation"": ""elu"", ""batch_size"": 64, ""data_augmentation"": false, ""dr_f"": 0.138174540199, ""learning_rate"": 0.000735359015, ""new_fc_1"": 32, ""new_fc_10"": 24, ""new_fc_2"": 20, ""new_fc_3"": 0, ""new_fc_4"": 28, ""new_fc_5"": 21, ""new_fc_6"": 20, ""new_fc_7"": 23, ""new_fc_8"": 6, ""new_fc_9"": 1, ""num_neurons"": 16, ""optimizer"": ""Adam"", ""reg_l2"": false, ""skip_connection"": false, ""unit_c1"": 1, ""unit_c2"": 5}"
137,43,flops,,,1.56240592,234360888.0,4031204.0,,8087.8421,"{""activation"": ""selu"", ""batch_size"": 16, ""data_augmentation"": true, ""dr_f"": 0.265051369502, ""learning_rate"": 0.000817011447, ""new_fc_1"": 9, ""new_fc_10"": 9, ""new_fc_2"": 22, ""new_fc_3"": 32, ""new_fc_4"": 15, ""new_fc_5"": 16, ""new_fc_6"": 31, ""new_fc_7"": 3, ""new_fc_8"": 30, ""new_fc_9"": 0, ""num_neurons"": 32, ""optimizer"": ""Adadelta"", ""reg_l2"": false, ""skip_connection"": true, ""unit_c1"": 3, ""unit_c2"": 2}"
138,44,accuracy,0.5638000071048737,0.43619999289512634,0.34923866666666664,52385800.0,1225700.0,-0.5005683950265885,9252.803,"{""activation"": ""elu"", ""batch_size"": 8, ""data_augmentation"": false, ""dr_f"": 0.07296280656, ""learning_rate"": 0.000428676819, ""new_fc_1"": 27, ""new_fc_10"": 27, ""new_fc_2"": 31, ""new_fc_3"": 5, ""new_fc_4"": 22, ""new_fc_5"": 28, ""new_fc_6"": 19, ""new_fc_7"": 3, ""new_fc_8"": 26, ""new_fc_9"": 7, ""num_neurons"": 16, ""optimizer"": ""Adamax"", ""reg_l2"": false, ""skip_connection"": false, ""unit_c1"": 3, ""unit_c2"": 1}"
139,44,flops,,,0.04402986666666667,6604480.0,150320.0,,9253.5888,"{""activation"": ""relu"", ""batch_size"": 64, ""data_augmentation"": false, ""dr_f"": 0.087448535101, ""learning_rate"": 0.000829997963, ""new_fc_1"": 15, ""new_fc_10"": 21, ""new_fc_2"": 25, ""new_fc_3"": 24, ""new_fc_4"": 3, ""new_fc_5"": 8, ""new_fc_6"": 31, ""new_fc_7"": 32, ""new_fc_8"": 28, ""new_fc_9"": 7, ""num_neurons"": 4, ""optimizer"": ""Adam"", ""reg_l2"": false, ""skip_connection"": false, ""unit_c1"": 3, ""unit_c2"": 5}"
140,44,flops,,,0.03710096,5565144.0,100740.0,,9254.3883,"{""activation"": ""relu"", ""batch_size"": 16, ""data_augmentation"": false, ""dr_f"": 0.111890066554, ""learning_rate"": 0.000319685164, ""new_fc_1"": 4, ""new_fc_10"": 20, ""new_fc_2"": 19, ""new_fc_3"": 32, ""new_fc_4"": 30, ""new_fc_5"": 20, ""new_fc_6"": 31, ""new_fc_7"": 1, ""new_fc_8"": 26, ""new_fc_9"": 17, ""num_neurons"": 4, ""optimizer"": ""Adam"", ""reg_l2"": true, ""skip_connection"": true, ""unit_c1"": 2, ""unit_c2"": 6}"
141,44,flops,,,6.751783413333333,1012767512.0,11625316.0,,9255.8562,"{""activation"": ""elu"", ""batch_size"": 64, ""data_augmentation"": true, ""dr_f"": 0.161339767972, ""learning_rate"": 0.000297635263, ""new_fc_1"": 2, ""new_fc_10"": 0, ""new_fc_2"": 28, ""new_fc_3"": 15, ""new_fc_4"": 15, ""new_fc_5"": 24, ""new_fc_6"": 10, ""new_fc_7"": 21, ""new_fc_8"": 6, ""new_fc_9"": 26, ""num_neurons"": 64, ""optimizer"": ""Adadelta"", ""reg_l2"": true, ""skip_connection"": true, ""unit_c1"": 2, ""unit_c2"": 5}"
142,44,flops,,,0.17465637333333334,26198456.0,970628.0,,9256.6916,"{""activation"": ""relu"", ""batch_size"": 16, ""data_augmentation"": true, ""dr_f"": 0.255530833362, ""learning_rate"": 0.000964435629, ""new_fc_1"": 32, ""new_fc_10"": 4, ""new_fc_2"": 2, ""new_fc_3"": 12, ""new_fc_4"": 7, ""new_fc_5"": 11, ""new_fc_6"": 21, ""new_fc_7"": 8, ""new_fc_8"": 23, ""new_fc_9"": 30, ""num_neurons"": 16, ""optimizer"": ""SGD"", ""reg_l2"": true, ""skip_connection"": false, ""unit_c1"": 2, ""unit_c2"": 1}"
143,44,flops,,,1.0301914133333334,154528712.0,546420.0,,9257.5797,"{""activation"": ""relu"", ""batch_size"": 16, ""data_augmentation"": true, ""dr_f"": 0.465584144442, ""learning_rate"": 0.000880807227, ""new_fc_1"": 2, ""new_fc_10"": 3, ""new_fc_2"": 25, ""new_fc_3"": 2, ""new_fc_4"": 25, ""new_fc_5"": 1, ""new_fc_6"": 26, ""new_fc_7"": 11, ""new_fc_8"": 1, ""new_fc_9"": 31, ""num_neurons"": 16, ""optimizer"": ""Adam"", ""reg_l2"": true, ""skip_connection"": true, ""unit_c1"": 4, ""unit_c2"": 6}"
144,45,accuracy,10000000000.0,,1.6229597333333334,243443960.0,8573732.0,10000000000.0,9258.8649,"{""activation"": ""selu"", ""batch_size"": 8, ""data_augmentation"": false, ""dr_f"": 0.054019393808, ""learning_rate"": 0.000268096805, ""new_fc_1"": 30, ""new_fc_10"": 26, ""new_fc_2"": 15, ""new_fc_3"": 20, ""new_fc_4"": 26, ""new_fc_5"": 24, ""new_fc_6"": 25, ""new_fc_7"": 28, ""new_fc_8"": 32, ""new_fc_9"": 3, ""num_neurons"": 32, ""optimizer"": ""Adam"", ""reg_l2"": true, ""skip_connection"": true, ""unit_c1"": 3, ""unit_c2"": 2}"
145,45,flops,,,2.49089168,373633752.0,4015076.0,,9260.0763,"{""activation"": ""elu"", ""batch_size"": 16, ""data_augmentation"": true, ""dr_f"": 0.204967578337, ""learning_rate"": 0.000988048929, ""new_fc_1"": 2, ""new_fc_10"": 32, ""new_fc_2"": 15, ""new_fc_3"": 30, ""new_fc_4"": 5, ""new_fc_5"": 32, ""new_fc_6"": 27, ""new_fc_7"": 23, ""new_fc_8"": 4, ""new_fc_9"": 26, ""num_neurons"": 32, ""optimizer"": ""Adamax"", ""reg_l2"": true, ""skip_connection"": false, ""unit_c1"": 4, ""unit_c2"": 2}"
146,45,flops,,,0.015580693333333333,2337104.0,127536.0,,9260.9795,"{""activation"": ""selu"", ""batch_size"": 64, ""data_augmentation"": true, ""dr_f"": 0.464210323686, ""learning_rate"": 0.0002394584, ""new_fc_1"": 14, ""new_fc_10"": 25, ""new_fc_2"": 12, ""new_fc_3"": 26, ""new_fc_4"": 25, ""new_fc_5"": 21, ""new_fc_6"": 26, ""new_fc_7"": 13, ""new_fc_8"": 21, ""new_fc_9"": 15, ""num_neurons"": 4, ""optimizer"": ""Adamax"", ""reg_l2"": false, ""skip_connection"": true, ""unit_c1"": 1, ""unit_c2"": 4}"
147,45,flops,,,0.14307904,21461856.0,603556.0,,9262.1732,"{""activation"": ""selu"", ""batch_size"": 16, ""data_augmentation"": false, ""dr_f"": 0.118568753722, ""learning_rate"": 0.000926445586, ""new_fc_1"": 24, ""new_fc_10"": 14, ""new_fc_2"": 30, ""new_fc_3"": 26, ""new_fc_4"": 12, ""new_fc_5"": 1, ""new_fc_6"": 18, ""new_fc_7"": 21, ""new_fc_8"": 0, ""new_fc_9"": 15, ""num_neurons"": 8, ""optimizer"": ""Adam"", ""reg_l2"": true, ""skip_connection"": false, ""unit_c1"": 3, ""unit_c2"": 4}"
148,45,flops,,,0.05649658666666667,8474488.0,233044.0,,9263.0011,"{""activation"": ""elu"", ""batch_size"": 16, ""data_augmentation"": true, ""dr_f"": 0.434954047091, ""learning_rate"": 0.000752191531, ""new_fc_1"": 8, ""new_fc_10"": 1, ""new_fc_2"": 29, ""new_fc_3"": 10, ""new_fc_4"": 16, ""new_fc_5"": 24, ""new_fc_6"": 22, ""new_fc_7"": 18, ""new_fc_8"": 15, ""new_fc_9"": 13, ""num_neurons"": 8, ""optimizer"": ""Adadelta"", ""reg_l2"": true, ""skip_connection"": false, ""unit_c1"": 2, ""unit_c2"": 2}"
149,45,flops,,,0.4711177066666667,70667656.0,1926180.0,,9263.8644,"{""activation"": ""selu"", ""batch_size"": 32, ""data_augmentation"": false, ""dr_f"": 0.355708464699, ""learning_rate"": 0.000198229734, ""new_fc_1"": 30, ""new_fc_10"": 12, ""new_fc_2"": 4, ""new_fc_3"": 18, ""new_fc_4"": 5, ""new_fc_5"": 12, ""new_fc_6"": 15, ""new_fc_7"": 2, ""new_fc_8"": 29, ""new_fc_9"": 20, ""num_neurons"": 16, ""optimizer"": ""Adam"", ""reg_l2"": false, ""skip_connection"": true, ""unit_c1"": 3, ""unit_c2"": 3}"
150,46,accuracy,10000000000.0,,5.349846773333334,802477016.0,14677860.0,10000000000.0,9265.178,"{""activation"": ""relu"", ""batch_size"": 32, ""data_augmentation"": true, ""dr_f"": 0.483244642514, ""learning_rate"": 0.000584596551, ""new_fc_1"": 10, ""new_fc_10"": 20, ""new_fc_2"": 8, ""new_fc_3"": 24, ""new_fc_4"": 32, ""new_fc_5"": 20, ""new_fc_6"": 4, ""new_fc_7"": 4, ""new_fc_8"": 22, ""new_fc_9"": 22, ""num_neurons"": 64, ""optimizer"": ""Adagrad"", ""reg_l2"": true, ""skip_connection"": true, ""unit_c1"": 3, ""unit_c2"": 1}"
151,46,flops,,,3.6246621333333335,543699320.0,13677188.0,,9266.7002,"{""activation"": ""selu"", ""batch_size"": 8, ""data_augmentation"": false, ""dr_f"": 0.202701747749, ""learning_rate"": 0.000441076076, ""new_fc_1"": 22, ""new_fc_10"": 8, ""new_fc_2"": 26, ""new_fc_3"": 19, ""new_fc_4"": 16, ""new_fc_5"": 7, ""new_fc_6"": 32, ""new_fc_7"": 2, ""new_fc_8"": 27, ""new_fc_9"": 26, ""num_neurons"": 32, ""optimizer"": ""SGD"", ""reg_l2"": true, ""skip_connection"": true, ""unit_c1"": 3, ""unit_c2"": 7}"
152,46,flops,,,0.13929301333333333,20893952.0,555516.0,,9267.5305,"{""activation"": ""selu"", ""batch_size"": 8, ""data_augmentation"": true, ""dr_f"": 0.188205782569, ""learning_rate"": 0.000598490884, ""new_fc_1"": 10, ""new_fc_10"": 22, ""new_fc_2"": 32, ""new_fc_3"": 32, ""new_fc_4"": 27, ""new_fc_5"": 25, ""new_fc_6"": 17, ""new_fc_7"": 25, ""new_fc_8"": 0, ""new_fc_9"": 7, ""num_neurons"": 8, ""optimizer"": ""Adadelta"", ""reg_l2"": true, ""skip_connection"": false, ""unit_c1"": 2, ""unit_c2"": 6}"
153,46,flops,,,0.5074159466666667,76112392.0,1646292.0,,9268.8378,"{""activation"": ""swish"", ""batch_size"": 64, ""data_augmentation"": true, ""dr_f"": 0.297924209663, ""learning_rate"": 0.000768497878, ""new_fc_1"": 7, ""new_fc_10"": 6, ""new_fc_2"": 14, ""new_fc_3"": 23, ""new_fc_4"": 32, ""new_fc_5"": 29, ""new_fc_6"": 8, ""new_fc_7"": 4, ""new_fc_8"": 14, ""new_fc_9"": 16, ""num_neurons"": 16, ""optimizer"": ""Adamax"", ""reg_l2"": false, ""skip_connection"": true, ""unit_c1"": 1, ""unit_c2"": 7}"
154,46,flops,,,0.005085413333333334,762812.0,42564.0,,9269.6438,"{""activation"": ""relu"", ""batch_size"": 64, ""data_augmentation"": true, ""dr_f"": 0.205012928656, ""learning_rate"": 0.000247485575, ""new_fc_1"": 16, ""new_fc_10"": 1, ""new_fc_2"": 15, ""new_fc_3"": 3, ""new_fc_4"": 24, ""new_fc_5"": 17, ""new_fc_6"": 16, ""new_fc_7"": 11, ""new_fc_8"": 13, ""new_fc_9"": 13, ""num_neurons"": 4, ""optimizer"": ""Adadelta"", ""reg_l2"": false, ""skip_connection"": false, ""unit_c1"": 1, ""unit_c2"": 1}"
155,47,accuracy,0.9900000002235174,0.009999999776482582,0.0113092,1696380.0,124172.0,-0.3036072398435378,9654.6011,"{""activation"": ""swish"", ""batch_size"": 16, ""data_augmentation"": false, ""dr_f"": 0.158268948566, ""learning_rate"": 0.000497014877, ""new_fc_1"": 28, ""new_fc_10"": 9, ""new_fc_2"": 7, ""new_fc_3"": 19, ""new_fc_4"": 10, ""new_fc_5"": 19, ""new_fc_6"": 26, ""new_fc_7"": 7, ""new_fc_8"": 10, ""new_fc_9"": 28, ""num_neurons"": 4, ""optimizer"": ""SGD"", ""reg_l2"": true, ""skip_connection"": false, ""unit_c1"": 1, ""unit_c2"": 3}"
156,47,flops,,,1.5153885333333332,227308280.0,4518308.0,,9655.6938,"{""activation"": ""relu"", ""batch_size"": 32, ""data_augmentation"": true, ""dr_f"": 0.414996312189, ""learning_rate"": 0.000281956961, ""new_fc_1"": 0, ""new_fc_10"": 9, ""new_fc_2"": 5, ""new_fc_3"": 1, ""new_fc_4"": 27, ""new_fc_5"": 0, ""new_fc_6"": 30, ""new_fc_7"": 13, ""new_fc_8"": 24, ""new_fc_9"": 16, ""num_neurons"": 32, ""optimizer"": ""Adadelta"", ""reg_l2"": true, ""skip_connection"": false, ""unit_c1"": 1, ""unit_c2"": 6}"
157,47,flops,,,0.08102288,12153432.0,708644.0,,9656.5905,"{""activation"": ""relu"", ""batch_size"": 64, ""data_augmentation"": true, ""dr_f"": 0.043710713518, ""learning_rate"": 0.000518220961, ""new_fc_1"": 21, ""new_fc_10"": 26, ""new_fc_2"": 32, ""new_fc_3"": 15, ""new_fc_4"": 17, ""new_fc_5"": 17, ""new_fc_6"": 22, ""new_fc_7"": 30, ""new_fc_8"": 18, ""new_fc_9"": 10, ""num_neurons"": 8, ""optimizer"": ""Adagrad"", ""reg_l2"": true, ""skip_connection"": true, ""unit_c1"": 1, ""unit_c2"": 5}"
158,47,flops,,,0.01903752,2855628.0,50008.0,,9657.3008,"{""activation"": ""selu"", ""batch_size"": 16, ""data_augmentation"": false, ""dr_f"": 0.145587797975, ""learning_rate"": 0.000967810947, ""new_fc_1"": 4, ""new_fc_10"": 19, ""new_fc_2"": 0, ""new_fc_3"": 25, ""new_fc_4"": 8, ""new_fc_5"": 20, ""new_fc_6"": 24, ""new_fc_7"": 13, ""new_fc_8"": 2, ""new_fc_9"": 18, ""num_neurons"": 4, ""optimizer"": ""SGD"", ""reg_l2"": false, ""skip_connection"": false, ""unit_c1"": 2, ""unit_c2"": 3}"
159,47,flops,,,0.06947973333333334,10421960.0,175332.0,,9658.4105,"{""activation"": ""relu"", ""batch_size"": 64, ""data_augmentation"": true, ""dr_f"": 0.482714496917, ""learning_rate"": 0.000358385132, ""new_fc_1"": 16, ""new_fc_10"": 17, ""new_fc_2"": 30, ""new_fc_3"": 32, ""new_fc_4"": 5, ""new_fc_5"": 3, ""new_fc_6"": 29, ""new_fc_7"": 24, ""new_fc_8"": 27, ""new_fc_9"": 13, ""num_neurons"": 4, ""optimizer"": ""Adadelta"", ""reg_l2"": false, ""skip_connection"": false, ""unit_c1"": 4, ""unit_c2"": 6}"
160,47,flops,,,0.27389968,41084952.0,724436.0,,9659.3254,"{""activation"": ""swish"", ""batch_size"": 32, ""data_augmentation"": true, ""dr_f"": 0.067350413058, ""learning_rate"": 0.000508558315, ""new_fc_1"": 8, ""new_fc_10"": 2, ""new_fc_2"": 11, ""new_fc_3"": 8, ""new_fc_4"": 13, ""new_fc_5"": 12, ""new_fc_6"": 25, ""new_fc_7"": 0, ""new_fc_8"": 9, ""new_fc_9"": 12, ""num_neurons"": 16, ""optimizer"": ""Adamax"", ""reg_l2"": true, ""skip_connection"": true, ""unit_c1"": 2, ""unit_c2"": 3}"
161,48,accuracy,0.9901999998837709,0.009800000116229057,0.5473312533333333,82099688.0,1830020.0,-0.14266062408136035,10044.2545,"{""activation"": ""swish"", ""batch_size"": 16, ""data_augmentation"": true, ""dr_f"": 0.129113636475, ""learning_rate"": 0.000639827895, ""new_fc_1"": 19, ""new_fc_10"": 8, ""new_fc_2"": 8, ""new_fc_3"": 12, ""new_fc_4"": 2, ""new_fc_5"": 25, ""new_fc_6"": 12, ""new_fc_7"": 19, ""new_fc_8"": 25, ""new_fc_9"": 17, ""num_neurons"": 16, ""optimizer"": ""SGD"", ""reg_l2"": false, ""skip_connection"": false, ""unit_c1"": 3, ""unit_c2"": 4}"
162,48,flops,,,1.3518437866666666,202776568.0,4327716.0,,10045.3874,"{""activation"": ""elu"", ""batch_size"": 32, ""data_augmentation"": false, ""dr_f"": 0.462128642932, ""learning_rate"": 0.00097052634, ""new_fc_1"": 20, ""new_fc_10"": 8, ""new_fc_2"": 22, ""new_fc_3"": 3, ""new_fc_4"": 8, ""new_fc_5"": 21, ""new_fc_6"": 30, ""new_fc_7"": 14, ""new_fc_8"": 32, ""new_fc_9"": 15, ""num_neurons"": 32, ""optimizer"": ""Adamax"", ""reg_l2"": false, ""skip_connection"": false, ""unit_c1"": 3, ""unit_c2"": 1}"
163,48,flops,,,0.0077475466666666664,1162132.0,54388.0,,10046.7953,"{""activation"": ""swish"", ""batch_size"": 32, ""data_augmentation"": false, ""dr_f"": 0.147208848366, ""learning_rate"": 0.000420403057, ""new_fc_1"": 4, ""new_fc_10"": 11, ""new_fc_2"": 22, ""new_fc_3"": 25, ""new_fc_4"": 1, ""new_fc_5"": 8, ""new_fc_6"": 25, ""new_fc_7"": 25, ""new_fc_8"": 20, ""new_fc_9"": 16, ""num_neurons"": 4, ""optimizer"": ""Adam"", ""reg_l2"": true, ""skip_connection"": true, ""unit_c1"": 1, ""unit_c2"": 2}"
164,49,accuracy,0.8730999976396561,0.12690000236034393,0.025896026666666665,3884404.0,163080.0,-0.3810611936522407,10311.7514,"{""activation"": ""selu"", ""batch_size"": 64, ""data_augmentation"": true, ""dr_f"": 0.151991073435, ""learning_rate"": 0.000920387497, ""new_fc_1"": 21, ""new_fc_10"": 32, ""new_fc_2"": 5, ""new_fc_3"": 25, ""new_fc_4"": 30, ""new_fc_5"": 24, ""new_fc_6"": 25, ""new_fc_7"": 13, ""new_fc_8"": 10, ""new_fc_9"": 22, ""num_neurons"": 4, ""optimizer"": ""Adamax"", ""reg_l2"": true, ""skip_connection"": true, ""unit_c1"": 2, ""unit_c2"": 4}"
165,50,accuracy,0.9903999995440245,0.009600000455975533,0.051786,7767900.0,87724.0,-0.29118420031918285,10516.2388,"{""activation"": ""relu"", ""batch_size"": 32, ""data_augmentation"": true, ""dr_f"": 0.184813456635, ""learning_rate"": 0.000215967234, ""new_fc_1"": 3, ""new_fc_10"": 25, ""new_fc_2"": 32, ""new_fc_3"": 32, ""new_fc_4"": 18, ""new_fc_5"": 10, ""new_fc_6"": 29, ""new_fc_7"": 0, ""new_fc_8"": 7, ""new_fc_9"": 21, ""num_neurons"": 4, ""optimizer"": ""Adadelta"", ""reg_l2"": false, ""skip_connection"": true, ""unit_c1"": 3, ""unit_c2"": 6}"
166,51,accuracy,0.9095999971032143,0.09040000289678574,0.0273632,4104480.0,273380.0,-0.35507104202775003,266.2027,"{""activation"": ""selu"", ""batch_size"": 64, ""data_augmentation"": true, ""dr_f"": 0.291358980653, ""learning_rate"": 0.000890150839, ""new_fc_1"": 9, ""new_fc_10"": 22, ""new_fc_2"": 10, ""new_fc_3"": 9, ""new_fc_4"": 20, ""new_fc_5"": 22, ""new_fc_6"": 8, ""new_fc_7"": 18, ""new_fc_8"": 30, ""new_fc_9"": 21, ""num_neurons"": 8, ""optimizer"": ""Adam"", ""reg_l2"": true, ""skip_connection"": true, ""unit_c1"": 1, ""unit_c2"": 2}"
167,52,accuracy,0.9901999998837709,0.009800000116229057,0.17465637333333334,26198456.0,970628.0,-0.2544630880813603,650.8776,"{""activation"": ""relu"", ""batch_size"": 16, ""data_augmentation"": true, ""dr_f"": 0.255530833362, ""learning_rate"": 0.000964435629, ""new_fc_1"": 32, ""new_fc_10"": 4, ""new_fc_2"": 2, ""new_fc_3"": 12, ""new_fc_4"": 7, ""new_fc_5"": 11, ""new_fc_6"": 21, ""new_fc_7"": 8, ""new_fc_8"": 23, ""new_fc_9"": 30, ""num_neurons"": 16, ""optimizer"": ""SGD"", ""reg_l2"": true, ""skip_connection"": false, ""unit_c1"": 2, ""unit_c2"": 1}"
168,52,flops,,,0.043927093333333334,6589064.0,51008.0,,651.8149,"{""activation"": ""elu"", ""batch_size"": 8, ""data_augmentation"": false, ""dr_f"": 0.284911941974, ""learning_rate"": 0.000701510887, ""new_fc_1"": 2, ""new_fc_10"": 9, ""new_fc_2"": 3, ""new_fc_3"": 1, ""new_fc_4"": 1, ""new_fc_5"": 28, ""new_fc_6"": 24, ""new_fc_7"": 7, ""new_fc_8"": 11, ""new_fc_9"": 22, ""num_neurons"": 4, ""optimizer"": ""Adam"", ""reg_l2"": false, ""skip_connection"": true, ""unit_c1"": 2, ""unit_c2"": 7}"
169,52,flops,,,2.1845426666666667,327681400.0,10341348.0,,653.2191,"{""activation"": ""selu"", ""batch_size"": 64, ""data_augmentation"": true, ""dr_f"": 0.233292356228, ""learning_rate"": 0.000120083654, ""new_fc_1"": 30, ""new_fc_10"": 15, ""new_fc_2"": 15, ""new_fc_3"": 13, ""new_fc_4"": 1, ""new_fc_5"": 25, ""new_fc_6"": 22, ""new_fc_7"": 12, ""new_fc_8"": 6, ""new_fc_9"": 22, ""num_neurons"": 32, ""optimizer"": ""Adadelta"", ""reg_l2"": true, ""skip_connection"": false, ""unit_c1"": 3, ""unit_c2"": 4}"
170,53,accuracy,0.9900000002235174,0.009999999776482582,0.3778824,56682360.0,3754724.0,-0.1936352798435378,1519.1194,"{""activation"": ""swish"", ""batch_size"": 8, ""data_augmentation"": true, ""dr_f"": 0.181424195493, ""learning_rate"": 0.00031146675, ""new_fc_1"": 13, ""new_fc_10"": 12, ""new_fc_2"": 6, ""new_fc_3"": 0, ""new_fc_4"": 14, ""new_fc_5"": 30, ""new_fc_6"": 19, ""new_fc_7"": 21, ""new_fc_8"": 11, ""new_fc_9"": 5, ""num_neurons"": 32, ""optimizer"": ""Adagrad"", ""reg_l2"": true, ""skip_connection"": false, ""unit_c1"": 1, ""unit_c2"": 2}"
171,53,flops,,,0.028000826666666666,4200124.0,54228.0,,1520.1201,"{""activation"": ""elu"", ""batch_size"": 64, ""data_augmentation"": true, ""dr_f"": 0.121311640979, ""learning_rate"": 0.000816429218, ""new_fc_1"": 7, ""new_fc_10"": 25, ""new_fc_2"": 1, ""new_fc_3"": 18, ""new_fc_4"": 8, ""new_fc_5"": 28, ""new_fc_6"": 14, ""new_fc_7"": 17, ""new_fc_8"": 22, ""new_fc_9"": 5, ""num_neurons"": 4, ""optimizer"": ""Adagrad"", ""reg_l2"": false, ""skip_connection"": false, ""unit_c1"": 3, ""unit_c2"": 2}"
172,53,flops,,,0.07901589333333334,11852384.0,721604.0,,1521.1032,"{""activation"": ""selu"", ""batch_size"": 8, ""data_augmentation"": false, ""dr_f"": 0.054022893621, ""learning_rate"": 0.000773637556, ""new_fc_1"": 30, ""new_fc_10"": 30, ""new_fc_2"": 29, ""new_fc_3"": 16, ""new_fc_4"": 21, ""new_fc_5"": 18, ""new_fc_6"": 32, ""new_fc_7"": 24, ""new_fc_8"": 20, ""new_fc_9"": 21, ""num_neurons"": 8, ""optimizer"": ""Adadelta"", ""reg_l2"": true, ""skip_connection"": true, ""unit_c1"": 2, ""unit_c2"": 3}"
173,54,accuracy,0.6383000016212463,0.36169999837875366,0.6636454933333333,99546824.0,2434740.0,-0.35409635086512753,3107.5593,"{""activation"": ""selu"", ""batch_size"": 16, ""data_augmentation"": false, ""dr_f"": 0.103110965669, ""learning_rate"": 0.000480689899, ""new_fc_1"": 20, ""new_fc_10"": 25, ""new_fc_2"": 6, ""new_fc_3"": 0, ""new_fc_4"": 23, ""new_fc_5"": 9, ""new_fc_6"": 3, ""new_fc_7"": 18, ""new_fc_8"": 28, ""new_fc_9"": 27, ""num_neurons"": 16, ""optimizer"": ""Adamax"", ""reg_l2"": true, ""skip_connection"": true, ""unit_c1"": 3, ""unit_c2"": 5}"
174,55,accuracy,10000000000.0,,14.391533386666667,2158730008.0,45379748.0,10000000000.0,3111.2861,"{""activation"": ""selu"", ""batch_size"": 64, ""data_augmentation"": false, ""dr_f"": 0.219131630447, ""learning_rate"": 0.000961761844, ""new_fc_1"": 27, ""new_fc_10"": 8, ""new_fc_2"": 1, ""new_fc_3"": 29, ""new_fc_4"": 13, ""new_fc_5"": 10, ""new_fc_6"": 14, ""new_fc_7"": 15, ""new_fc_8"": 16, ""new_fc_9"": 30, ""num_neurons"": 64, ""optimizer"": ""Adadelta"", ""reg_l2"": false, ""skip_connection"": false, ""unit_c1"": 4, ""unit_c2"": 5}"
175,55,flops,,,4.797377866666666,719606680.0,16292932.0,,3113.0769,"{""activation"": ""selu"", ""batch_size"": 32, ""data_augmentation"": false, ""dr_f"": 0.042935650133, ""learning_rate"": 0.000626260512, ""new_fc_1"": 25, ""new_fc_10"": 17, ""new_fc_2"": 9, ""new_fc_3"": 23, ""new_fc_4"": 29, ""new_fc_5"": 32, ""new_fc_6"": 32, ""new_fc_7"": 0, ""new_fc_8"": 8, ""new_fc_9"": 19, ""num_neurons"": 32, ""optimizer"": ""SGD"", ""reg_l2"": true, ""skip_connection"": true, ""unit_c1"": 4, ""unit_c2"": 7}"
176,56,accuracy,10000000000.0,,1.0148696,152230440.0,1753124.0,10000000000.0,3113.9738,"{""activation"": ""selu"", ""batch_size"": 16, ""data_augmentation"": true, ""dr_f"": 0.495619866805, ""learning_rate"": 0.000570204971, ""new_fc_1"": 8, ""new_fc_10"": 22, ""new_fc_2"": 17, ""new_fc_3"": 18, ""new_fc_4"": 16, ""new_fc_5"": 8, ""new_fc_6"": 14, ""new_fc_7"": 16, ""new_fc_8"": 4, ""new_fc_9"": 18, ""num_neurons"": 16, ""optimizer"": ""Adamax"", ""reg_l2"": false, ""skip_connection"": false, ""unit_c1"": 3, ""unit_c2"": 8}"
177,56,flops,,,0.9400786666666666,141011800.0,11836964.0,,3115.5564,"{""activation"": ""selu"", ""batch_size"": 16, ""data_augmentation"": false, ""dr_f"": 0.156031444132, ""learning_rate"": 0.000299913086, ""new_fc_1"": 24, ""new_fc_10"": 20, ""new_fc_2"": 3, ""new_fc_3"": 10, ""new_fc_4"": 14, ""new_fc_5"": 19, ""new_fc_6"": 22, ""new_fc_7"": 8, ""new_fc_8"": 7, ""new_fc_9"": 5, ""num_neurons"": 64, ""optimizer"": ""Adagrad"", ""reg_l2"": false, ""skip_connection"": true, ""unit_c1"": 1, ""unit_c2"": 1}"
178,57,accuracy,10000000000.0,,1.02951664,154427496.0,2349300.0,10000000000.0,3117.7269,"{""activation"": ""selu"", ""batch_size"": 16, ""data_augmentation"": true, ""dr_f"": 0.420552952785, ""learning_rate"": 0.000112376465, ""new_fc_1"": 15, ""new_fc_10"": 26, ""new_fc_2"": 12, ""new_fc_3"": 19, ""new_fc_4"": 10, ""new_fc_5"": 28, ""new_fc_6"": 7, ""new_fc_7"": 17, ""new_fc_8"": 24, ""new_fc_9"": 19, ""num_neurons"": 16, ""optimizer"": ""Adagrad"", ""reg_l2"": false, ""skip_connection"": false, ""unit_c1"": 4, ""unit_c2"": 6}"
179,57,flops,,,0.0942104,14131560.0,501284.0,,3118.8617,"{""activation"": ""elu"", ""batch_size"": 8, ""data_augmentation"": false, ""dr_f"": 0.164194636154, ""learning_rate"": 0.000865064383, ""new_fc_1"": 16, ""new_fc_10"": 16, ""new_fc_2"": 19, ""new_fc_3"": 20, ""new_fc_4"": 17, ""new_fc_5"": 3, ""new_fc_6"": 1, ""new_fc_7"": 28, ""new_fc_8"": 31, ""new_fc_9"": 27, ""num_neurons"": 8, ""optimizer"": ""SGD"", ""reg_l2"": false, ""skip_connection"": true, ""unit_c1"": 2, ""unit_c2"": 4}"
180,57,flops,,,0.11358176,17037264.0,300580.0,,3119.906,"{""activation"": ""selu"", ""batch_size"": 8, ""data_augmentation"": true, ""dr_f"": 0.389051909593, ""learning_rate"": 0.000474014114, ""new_fc_1"": 8, ""new_fc_10"": 30, ""new_fc_2"": 6, ""new_fc_3"": 31, ""new_fc_4"": 3, ""new_fc_5"": 14, ""new_fc_6"": 24, ""new_fc_7"": 6, ""new_fc_8"": 9, ""new_fc_9"": 12, ""num_neurons"": 8, ""optimizer"": ""Adam"", ""reg_l2"": true, ""skip_connection"": true, ""unit_c1"": 2, ""unit_c2"": 5}"
181,57,flops,,,8.993823306666666,1349073496.0,16094180.0,,3121.4745,"{""activation"": ""swish"", ""batch_size"": 16, ""data_augmentation"": false, ""dr_f"": 0.28373173212, ""learning_rate"": 0.000294326528, ""new_fc_1"": 8, ""new_fc_10"": 10, ""new_fc_2"": 21, ""new_fc_3"": 8, ""new_fc_4"": 15, ""new_fc_5"": 26, ""new_fc_6"": 27, ""new_fc_7"": 26, ""new_fc_8"": 32, ""new_fc_9"": 3, ""num_neurons"": 64, ""optimizer"": ""Adadelta"", ""reg_l2"": true, ""skip_connection"": false, ""unit_c1"": 4, ""unit_c2"": 1}"
182,58,accuracy,10000000000.0,,16.967984373333334,2545197656.0,73526564.0,10000000000.0,3125.7038,"{""activation"": ""swish"", ""batch_size"": 32, ""data_augmentation"": false, ""dr_f"": 0.425467035987, ""learning_rate"": 0.000755097359, ""new_fc_1"": 29, ""new_fc_10"": 10, ""new_fc_2"": 18, ""new_fc_3"": 23, ""new_fc_4"": 3, ""new_fc_5"": 7, ""new_fc_6"": 0, ""new_fc_7"": 0, ""new_fc_8"": 31, ""new_fc_9"": 23, ""num_neurons"": 64, ""optimizer"": ""Adam"", ""reg_l2"": true, ""skip_connection"": true, ""unit_c1"": 3, ""unit_c2"": 8}"
183,59,accuracy,0.9047000035643578,0.09529999643564224,0.04230298666666667,6345448.0,252792.0,-0.35401910150494953,3689.9776,"{""activation"": ""selu"", ""batch_size"": 32, ""data_augmentation"": false, ""dr_f"": 0.059185282639, ""learning_rate"": 0.000345883708, ""new_fc_1"": 26, ""new_fc_10"": 6, ""new_fc_2"": 31, ""new_fc_3"": 9, ""new_fc_4"": 24, ""new_fc_5"": 6, ""new_fc_6"": 4, ""new_fc_7"": 7, ""new_fc_8"": 1, ""new_fc_9"": 18, ""num_neurons"": 4, ""optimizer"": ""SGD"", ""reg_l2"": false, ""skip_connection"": false, ""unit_c1"": 1, ""unit_c2"": 8}"
184,59,flops,,,0.21624272,32436408.0,1145700.0,,3690.9877,"{""activation"": ""relu"", ""batch_size"": 32, ""data_augmentation"": false, ""dr_f"": 0.349531220069, ""learning_rate"": 0.000906453758, ""new_fc_1"": 23, ""new_fc_10"": 1, ""new_fc_2"": 19, ""new_fc_3"": 5, ""new_fc_4"": 8, ""new_fc_5"": 12, ""new_fc_6"": 6, ""new_fc_7"": 1, ""new_fc_8"": 19, ""new_fc_9"": 32, ""num_neurons"": 16, ""optimizer"": ""SGD"", ""reg_l2"": false, ""skip_connection"": false, ""unit_c1"": 2, ""unit_c2"": 2}"
185,59,flops,,,12.640635893333334,1896095384.0,35211172.0,,3693.3835,"{""activation"": ""relu"", ""batch_size"": 16, ""data_augmentation"": false, ""dr_f"": 0.068679008133, ""learning_rate"": 0.000833049296, ""new_fc_1"": 21, ""new_fc_10"": 24, ""new_fc_2"": 21, ""new_fc_3"": 13, ""new_fc_4"": 7, ""new_fc_5"": 19, ""new_fc_6"": 19, ""new_fc_7"": 7, ""new_fc_8"": 15, ""new_fc_9"": 31, ""num_neurons"": 64, ""optimizer"": ""Adadelta"", ""reg_l2"": false, ""skip_connection"": true, ""unit_c1"": 4, ""unit_c2"": 4}"
186,60,accuracy,10000000000.0,,7.13050896,1069576344.0,20008292.0,10000000000.0,3695.1304,"{""activation"": ""swish"", ""batch_size"": 32, ""data_augmentation"": false, ""dr_f"": 0.034200923851, ""learning_rate"": 0.000133529512, ""new_fc_1"": 16, ""new_fc_10"": 11, ""new_fc_2"": 25, ""new_fc_3"": 10, ""new_fc_4"": 21, ""new_fc_5"": 6, ""new_fc_6"": 13, ""new_fc_7"": 15, ""new_fc_8"": 2, ""new_fc_9"": 20, ""num_neurons"": 64, ""optimizer"": ""Adagrad"", ""reg_l2"": false, ""skip_connection"": false, ""unit_c1"": 3, ""unit_c2"": 3}"
187,61,accuracy,0.9879000000655651,0.01209999993443489,0.03373296,5059944.0,147084.0,-0.2983501119541044,3959.8231,"{""activation"": ""elu"", ""batch_size"": 32, ""data_augmentation"": true, ""dr_f"": 0.162686459205, ""learning_rate"": 0.000669141295, ""new_fc_1"": 13, ""new_fc_10"": 32, ""new_fc_2"": 31, ""new_fc_3"": 24, ""new_fc_4"": 5, ""new_fc_5"": 31, ""new_fc_6"": 5, ""new_fc_7"": 7, ""new_fc_8"": 8, ""new_fc_9"": 8, ""num_neurons"": 4, ""optimizer"": ""Adadelta"", ""reg_l2"": false, ""skip_connection"": true, ""unit_c1"": 1, ""unit_c2"": 7}"
188,61,flops,,,18.451505653333335,2767725848.0,18610020.0,,3961.6276,"{""activation"": ""selu"", ""batch_size"": 64, ""data_augmentation"": false, ""dr_f"": 0.262445959263, ""learning_rate"": 0.000829766499, ""new_fc_1"": 5, ""new_fc_10"": 18, ""new_fc_2"": 4, ""new_fc_3"": 10, ""new_fc_4"": 29, ""new_fc_5"": 14, ""new_fc_6"": 2, ""new_fc_7"": 11, ""new_fc_8"": 20, ""new_fc_9"": 10, ""num_neurons"": 64, ""optimizer"": ""SGD"", ""reg_l2"": true, ""skip_connection"": true, ""unit_c1"": 4, ""unit_c2"": 7}"
189,62,accuracy,0.9875999996438622,0.012400000356137753,0.04126272,6189408.0,50804.0,-0.2963011842492964,4106.6972,"{""activation"": ""swish"", ""batch_size"": 64, ""data_augmentation"": true, ""dr_f"": 0.385701237005, ""learning_rate"": 0.000586518211, ""new_fc_1"": 22, ""new_fc_10"": 24, ""new_fc_2"": 6, ""new_fc_3"": 15, ""new_fc_4"": 28, ""new_fc_5"": 3, ""new_fc_6"": 10, ""new_fc_7"": 1, ""new_fc_8"": 31, ""new_fc_9"": 2, ""num_neurons"": 4, ""optimizer"": ""Adadelta"", ""reg_l2"": false, ""skip_connection"": false, ""unit_c1"": 4, ""unit_c2"": 1}"
190,62,flops,,,1.3848874133333333,207733112.0,7840196.0,,4107.8879,"{""activation"": ""selu"", ""batch_size"": 16, ""data_augmentation"": false, ""dr_f"": 0.077428247541, ""learning_rate"": 0.000180845846, ""new_fc_1"": 21, ""new_fc_10"": 20, ""new_fc_2"": 13, ""new_fc_3"": 5, ""new_fc_4"": 13, ""new_fc_5"": 26, ""new_fc_6"": 7, ""new_fc_7"": 8, ""new_fc_8"": 10, ""new_fc_9"": 30, ""num_neurons"": 32, ""optimizer"": ""SGD"", ""reg_l2"": true, ""skip_connection"": false, ""unit_c1"": 2, ""unit_c2"": 4}"
191,62,flops,,,0.061407706666666666,9211156.0,167480.0,,4109.3401,"{""activation"": ""swish"", ""batch_size"": 8, ""data_augmentation"": false, ""dr_f"": 0.22537032987, ""learning_rate"": 0.000825938424, ""new_fc_1"": 0, ""new_fc_10"": 28, ""new_fc_2"": 15, ""new_fc_3"": 0, ""new_fc_4"": 25, ""new_fc_5"": 16, ""new_fc_6"": 23, ""new_fc_7"": 1, ""new_fc_8"": 18, ""new_fc_9"": 23, ""num_neurons"": 4, ""optimizer"": ""Adagrad"", ""reg_l2"": false, ""skip_connection"": true, ""unit_c1"": 3, ""unit_c2"": 7}"
192,62,flops,,,0.00719472,1079208.0,52360.0,,4110.3937,"{""activation"": ""elu"", ""batch_size"": 16, ""data_augmentation"": true, ""dr_f"": 0.258093859414, ""learning_rate"": 0.000716094799, ""new_fc_1"": 0, ""new_fc_10"": 9, ""new_fc_2"": 9, ""new_fc_3"": 17, ""new_fc_4"": 18, ""new_fc_5"": 24, ""new_fc_6"": 6, ""new_fc_7"": 25, ""new_fc_8"": 16, ""new_fc_9"": 8, ""num_neurons"": 4, ""optimizer"": ""Adadelta"", ""reg_l2"": false, ""skip_connection"": false, ""unit_c1"": 1, ""unit_c2"": 2}"
193,63,accuracy,0.9900000002235174,0.009999999776482582,0.037992453333333336,5698868.0,225936.0,-0.2956022638435378,4316.1066,"{""activation"": ""swish"", ""batch_size"": 32, ""data_augmentation"": false, ""dr_f"": 0.494267486688, ""learning_rate"": 0.000730099786, ""new_fc_1"": 24, ""new_fc_10"": 28, ""new_fc_2"": 13, ""new_fc_3"": 12, ""new_fc_4"": 14, ""new_fc_5"": 24, ""new_fc_6"": 26, ""new_fc_7"": 23, ""new_fc_8"": 16, ""new_fc_9"": 25, ""num_neurons"": 4, ""optimizer"": ""SGD"", ""reg_l2"": false, ""skip_connection"": false, ""unit_c1"": 2, ""unit_c2"": 6}"
194,64,accuracy,0.7595999985933304,0.24040000140666962,0.81460784,122191176.0,2424148.0,-0.22389764898466874,5002.3055,"{""activation"": ""selu"", ""batch_size"": 64, ""data_augmentation"": true, ""dr_f"": 0.125253220345, ""learning_rate"": 0.000251691316, ""new_fc_1"": 19, ""new_fc_10"": 31, ""new_fc_2"": 12, ""new_fc_3"": 29, ""new_fc_4"": 19, ""new_fc_5"": 26, ""new_fc_6"": 31, ""new_fc_7"": 20, ""new_fc_8"": 14, ""new_fc_9"": 14, ""num_neurons"": 16, ""optimizer"": ""Adagrad"", ""reg_l2"": true, ""skip_connection"": true, ""unit_c1"": 4, ""unit_c2"": 4}"
195,65,accuracy,10000000000.0,,2.8734333333333333,431015000.0,11224612.0,10000000000.0,5003.6476,"{""activation"": ""swish"", ""batch_size"": 64, ""data_augmentation"": true, ""dr_f"": 0.390001613547, ""learning_rate"": 0.000933592322, ""new_fc_1"": 31, ""new_fc_10"": 27, ""new_fc_2"": 11, ""new_fc_3"": 16, ""new_fc_4"": 17, ""new_fc_5"": 28, ""new_fc_6"": 19, ""new_fc_7"": 29, ""new_fc_8"": 31, ""new_fc_9"": 23, ""num_neurons"": 32, ""optimizer"": ""SGD"", ""reg_l2"": false, ""skip_connection"": false, ""unit_c1"": 4, ""unit_c2"": 3}"
196,66,accuracy,0.9867000002413988,0.013299999758601189,0.00719472,1079208.0,52360.0,-0.3071515838310208,5328.2492,"{""activation"": ""elu"", ""batch_size"": 16, ""data_augmentation"": true, ""dr_f"": 0.258093859414, ""learning_rate"": 0.000716094799, ""new_fc_1"": 0, ""new_fc_10"": 9, ""new_fc_2"": 9, ""new_fc_3"": 17, ""new_fc_4"": 18, ""new_fc_5"": 24, ""new_fc_6"": 6, ""new_fc_7"": 25, ""new_fc_8"": 16, ""new_fc_9"": 8, ""num_neurons"": 4, ""optimizer"": ""Adadelta"", ""reg_l2"": false, ""skip_connection"": false, ""unit_c1"": 1, ""unit_c2"": 2}"
197,66,flops,,,0.5108810133333334,76632152.0,1998980.0,,5329.2391,"{""activation"": ""selu"", ""batch_size"": 8, ""data_augmentation"": false, ""dr_f"": 0.148521957698, ""learning_rate"": 0.000117217023, ""new_fc_1"": 10, ""new_fc_10"": 1, ""new_fc_2"": 30, ""new_fc_3"": 27, ""new_fc_4"": 1, ""new_fc_5"": 27, ""new_fc_6"": 22, ""new_fc_7"": 29, ""new_fc_8"": 6, ""new_fc_9"": 31, ""num_neurons"": 16, ""optimizer"": ""Adagrad"", ""reg_l2"": false, ""skip_connection"": true, ""unit_c1"": 1, ""unit_c2"": 7}"
198,67,accuracy,0.9900000002235174,0.009999999776482582,0.04002816,6004224.0,320444.0,-0.2949915518435378,5474.3207,"{""activation"": ""relu"", ""batch_size"": 64, ""data_augmentation"": false, ""dr_f"": 0.230125818792, ""learning_rate"": 0.000523780238, ""new_fc_1"": 14, ""new_fc_10"": 9, ""new_fc_2"": 13, ""new_fc_3"": 0, ""new_fc_4"": 26, ""new_fc_5"": 27, ""new_fc_6"": 3, ""new_fc_7"": 11, ""new_fc_8"": 24, ""new_fc_9"": 14, ""num_neurons"": 8, ""optimizer"": ""Adagrad"", ""reg_l2"": false, ""skip_connection"": true, ""unit_c1"": 1, ""unit_c2"": 3}"
199,67,flops,,,11.776234826666666,1766435224.0,10767332.0,,5475.5895,"{""activation"": ""relu"", ""batch_size"": 8, ""data_augmentation"": false, ""dr_f"": 0.497165251911, ""learning_rate"": 0.000385257672, ""new_fc_1"": 3, ""new_fc_10"": 1, ""new_fc_2"": 0, ""new_fc_3"": 0, ""new_fc_4"": 10, ""new_fc_5"": 20, ""new_fc_6"": 8, ""new_fc_7"": 11, ""new_fc_8"": 13, ""new_fc_9"": 19, ""num_neurons"": 64, ""optimizer"": ""Adadelta"", ""reg_l2"": true, ""skip_connection"": true, ""unit_c1"": 3, ""unit_c2"": 6}"
200,68,accuracy,10000000000.0,,1.0301914133333334,154528712.0,546420.0,10000000000.0,5476.7725,"{""activation"": ""relu"", ""batch_size"": 16, ""data_augmentation"": true, ""dr_f"": 0.465584144442, ""learning_rate"": 0.000880807227, ""new_fc_1"": 2, ""new_fc_10"": 3, ""new_fc_2"": 25, ""new_fc_3"": 2, ""new_fc_4"": 25, ""new_fc_5"": 1, ""new_fc_6"": 26, ""new_fc_7"": 11, ""new_fc_8"": 1, ""new_fc_9"": 31, ""num_neurons"": 16, ""optimizer"": ""Adam"", ""reg_l2"": true, ""skip_connection"": true, ""unit_c1"": 4, ""unit_c2"": 6}"
201,69,accuracy,0.9894000003114343,0.010599999688565731,0.005085413333333334,762812.0,42564.0,-0.305894375781996,5621.2081,"{""activation"": ""relu"", ""batch_size"": 64, ""data_augmentation"": true, ""dr_f"": 0.205012928656, ""learning_rate"": 0.000247485575, ""new_fc_1"": 16, ""new_fc_10"": 1, ""new_fc_2"": 15, ""new_fc_3"": 3, ""new_fc_4"": 24, ""new_fc_5"": 17, ""new_fc_6"": 16, ""new_fc_7"": 11, ""new_fc_8"": 13, ""new_fc_9"": 13, ""num_neurons"": 4, ""optimizer"": ""Adadelta"", ""reg_l2"": false, ""skip_connection"": false, ""unit_c1"": 1, ""unit_c2"": 1}"
202,70,accuracy,0.9900000002235174,0.009999999776482582,0.05809232,8713848.0,310644.0,-0.2895723038435378,5766.1771,"{""activation"": ""swish"", ""batch_size"": 64, ""data_augmentation"": true, ""dr_f"": 0.429104397379, ""learning_rate"": 0.000456169216, ""new_fc_1"": 26, ""new_fc_10"": 16, ""new_fc_2"": 2, ""new_fc_3"": 11, ""new_fc_4"": 3, ""new_fc_5"": 3, ""new_fc_6"": 9, ""new_fc_7"": 25, ""new_fc_8"": 19, ""new_fc_9"": 10, ""num_neurons"": 8, ""optimizer"": ""SGD"", ""reg_l2"": true, ""skip_connection"": false, ""unit_c1"": 2, ""unit_c2"": 2}"
203,71,accuracy,0.8823999986052513,0.11760000139474869,0.08914117333333334,13371176.0,120708.0,-0.35557764897632405,6092.0766,"{""activation"": ""elu"", ""batch_size"": 64, ""data_augmentation"": false, ""dr_f"": 0.353614274967, ""learning_rate"": 0.000949436858, ""new_fc_1"": 7, ""new_fc_10"": 7, ""new_fc_2"": 30, ""new_fc_3"": 21, ""new_fc_4"": 18, ""new_fc_5"": 25, ""new_fc_6"": 19, ""new_fc_7"": 4, ""new_fc_8"": 19, ""new_fc_9"": 14, ""num_neurons"": 4, ""optimizer"": ""Adam"", ""reg_l2"": false, ""skip_connection"": true, ""unit_c1"": 4, ""unit_c2"": 8}"
204,71,flops,,,0.1232304,18484560.0,422836.0,,6093.4295,"{""activation"": ""swish"", ""batch_size"": 32, ""data_augmentation"": true, ""dr_f"": 0.067385781063, ""learning_rate"": 0.000813674582, ""new_fc_1"": 24, ""new_fc_10"": 21, ""new_fc_2"": 11, ""new_fc_3"": 6, ""new_fc_4"": 30, ""new_fc_5"": 1, ""new_fc_6"": 3, ""new_fc_7"": 5, ""new_fc_8"": 21, ""new_fc_9"": 19, ""num_neurons"": 8, ""optimizer"": ""Adagrad"", ""reg_l2"": false, ""skip_connection"": true, ""unit_c1"": 3, ""unit_c2"": 3}"
205,71,flops,,,2.16643408,324965112.0,6585476.0,,6094.9006,"{""activation"": ""elu"", ""batch_size"": 32, ""data_augmentation"": true, ""dr_f"": 0.311241700453, ""learning_rate"": 0.000232458581, ""new_fc_1"": 10, ""new_fc_10"": 6, ""new_fc_2"": 9, ""new_fc_3"": 25, ""new_fc_4"": 8, ""new_fc_5"": 22, ""new_fc_6"": 24, ""new_fc_7"": 16, ""new_fc_8"": 11, ""new_fc_9"": 18, ""num_neurons"": 32, ""optimizer"": ""SGD"", ""reg_l2"": false, ""skip_connection"": true, ""unit_c1"": 2, ""unit_c2"": 6}"
206,71,flops,,,0.2723735466666667,40856032.0,701340.0,,6096.0935,"{""activation"": ""relu"", ""batch_size"": 8, ""data_augmentation"": false, ""dr_f"": 0.366773493082, ""learning_rate"": 0.000236261577, ""new_fc_1"": 24, ""new_fc_10"": 12, ""new_fc_2"": 2, ""new_fc_3"": 5, ""new_fc_4"": 0, ""new_fc_5"": 16, ""new_fc_6"": 11, ""new_fc_7"": 10, ""new_fc_8"": 30, ""new_fc_9"": 3, ""num_neurons"": 8, ""optimizer"": ""SGD"", ""reg_l2"": false, ""skip_connection"": true, ""unit_c1"": 4, ""unit_c2"": 6}"
207,71,flops,,,14.153951306666666,2123092696.0,57719332.0,,6099.2678,"{""activation"": ""swish"", ""batch_size"": 32, ""data_augmentation"": false, ""dr_f"": 0.421037971133, ""learning_rate"": 0.00017767748, ""new_fc_1"": 23, ""new_fc_10"": 25, ""new_fc_2"": 23, ""new_fc_3"": 30, ""new_fc_4"": 13, ""new_fc_5"": 28, ""new_fc_6"": 22, ""new_fc_7"": 8, ""new_fc_8"": 14, ""new_fc_9"": 4, ""num_neurons"": 64, ""optimizer"": ""SGD"", ""reg_l2"": false, ""skip_connection"": false, ""unit_c1"": 3, ""unit_c2"": 7}"
208,72,accuracy,0.9880999997258186,0.011900000274181366,0.18212234666666666,27318352.0,205004.0,-0.253693296191927,6365.301,"{""activation"": ""elu"", ""batch_size"": 32, ""data_augmentation"": false, ""dr_f"": 0.057774749716, ""learning_rate"": 0.000320422812, ""new_fc_1"": 3, ""new_fc_10"": 25, ""new_fc_2"": 27, ""new_fc_3"": 26, ""new_fc_4"": 21, ""new_fc_5"": 1, ""new_fc_6"": 20, ""new_fc_7"": 14, ""new_fc_8"": 9, ""new_fc_9"": 5, ""num_neurons"": 8, ""optimizer"": ""SGD"", ""reg_l2"": true, ""skip_connection"": false, ""unit_c1"": 4, ""unit_c2"": 3}"
209,72,flops,,,1.7831948266666666,267479224.0,8936676.0,,6366.8446,"{""activation"": ""relu"", ""batch_size"": 32, ""data_augmentation"": true, ""dr_f"": 0.24607336189, ""learning_rate"": 0.000540449577, ""new_fc_1"": 17, ""new_fc_10"": 24, ""new_fc_2"": 27, ""new_fc_3"": 20, ""new_fc_4"": 24, ""new_fc_5"": 4, ""new_fc_6"": 14, ""new_fc_7"": 9, ""new_fc_8"": 18, ""new_fc_9"": 22, ""num_neurons"": 32, ""optimizer"": ""Adamax"", ""reg_l2"": true, ""skip_connection"": true, ""unit_c1"": 2, ""unit_c2"": 5}"
210,73,accuracy,10000000000.0,,5.40907664,811361496.0,16052068.0,10000000000.0,6369.5021,"{""activation"": ""swish"", ""batch_size"": 8, ""data_augmentation"": false, ""dr_f"": 0.456581355135, ""learning_rate"": 0.000840482713, ""new_fc_1"": 2, ""new_fc_10"": 16, ""new_fc_2"": 28, ""new_fc_3"": 11, ""new_fc_4"": 14, ""new_fc_5"": 3, ""new_fc_6"": 14, ""new_fc_7"": 30, ""new_fc_8"": 30, ""new_fc_9"": 26, ""num_neurons"": 64, ""optimizer"": ""SGD"", ""reg_l2"": false, ""skip_connection"": true, ""unit_c1"": 2, ""unit_c2"": 4}"
211,74,accuracy,0.9843000005930662,0.015699999406933784,0.42042245333333333,63063368.0,3997028.0,-0.1848632635848536,6754.473,"{""activation"": ""relu"", ""batch_size"": 32, ""data_augmentation"": true, ""dr_f"": 0.120459084867, ""learning_rate"": 0.000464509136, ""new_fc_1"": 31, ""new_fc_10"": 22, ""new_fc_2"": 0, ""new_fc_3"": 13, ""new_fc_4"": 15, ""new_fc_5"": 31, ""new_fc_6"": 15, ""new_fc_7"": 29, ""new_fc_8"": 23, ""new_fc_9"": 12, ""num_neurons"": 16, ""optimizer"": ""Adadelta"", ""reg_l2"": true, ""skip_connection"": false, ""unit_c1"": 1, ""unit_c2"": 6}"
212,75,accuracy,0.8231000006198883,0.1768999993801117,0.01903752,2855628.0,50008.0,-0.41811874356607814,7739.0281,"{""activation"": ""selu"", ""batch_size"": 16, ""data_augmentation"": false, ""dr_f"": 0.145587797975, ""learning_rate"": 0.000967810947, ""new_fc_1"": 4, ""new_fc_10"": 19, ""new_fc_2"": 0, ""new_fc_3"": 25, ""new_fc_4"": 8, ""new_fc_5"": 20, ""new_fc_6"": 24, ""new_fc_7"": 13, ""new_fc_8"": 2, ""new_fc_9"": 18, ""num_neurons"": 4, ""optimizer"": ""SGD"", ""reg_l2"": false, ""skip_connection"": false, ""unit_c1"": 2, ""unit_c2"": 3}"
213,76,accuracy,0.8094999939203262,0.19050000607967377,0.04402986666666667,6604480.0,150320.0,-0.4201410442557716,385.8321,"{""activation"": ""relu"", ""batch_size"": 64, ""data_augmentation"": false, ""dr_f"": 0.087448535101, ""learning_rate"": 0.000829997963, ""new_fc_1"": 15, ""new_fc_10"": 21, ""new_fc_2"": 25, ""new_fc_3"": 24, ""new_fc_4"": 3, ""new_fc_5"": 8, ""new_fc_6"": 31, ""new_fc_7"": 32, ""new_fc_8"": 28, ""new_fc_9"": 7, ""num_neurons"": 4, ""optimizer"": ""Adam"", ""reg_l2"": false, ""skip_connection"": false, ""unit_c1"": 3, ""unit_c2"": 5}"
214,77,accuracy,10000000000.0,,11.776234826666666,1766435224.0,10767332.0,10000000000.0,387.0842,"{""activation"": ""relu"", ""batch_size"": 8, ""data_augmentation"": false, ""dr_f"": 0.497165251911, ""learning_rate"": 0.000385257672, ""new_fc_1"": 3, ""new_fc_10"": 1, ""new_fc_2"": 0, ""new_fc_3"": 0, ""new_fc_4"": 10, ""new_fc_5"": 20, ""new_fc_6"": 8, ""new_fc_7"": 11, ""new_fc_8"": 13, ""new_fc_9"": 19, ""num_neurons"": 64, ""optimizer"": ""Adadelta"", ""reg_l2"": true, ""skip_connection"": true, ""unit_c1"": 3, ""unit_c2"": 6}"
215,78,accuracy,0.9900000002235174,0.009999999776482582,0.0077475466666666664,1162132.0,54388.0,-0.3046757358435378,652.0822,"{""activation"": ""swish"", ""batch_size"": 32, ""data_augmentation"": false, ""dr_f"": 0.147208848366, ""learning_rate"": 0.000420403057, ""new_fc_1"": 4, ""new_fc_10"": 11, ""new_fc_2"": 22, ""new_fc_3"": 25, ""new_fc_4"": 1, ""new_fc_5"": 8, ""new_fc_6"": 25, ""new_fc_7"": 25, ""new_fc_8"": 20, ""new_fc_9"": 16, ""num_neurons"": 4, ""optimizer"": ""Adam"", ""reg_l2"": true, ""skip_connection"": true, ""unit_c1"": 1, ""unit_c2"": 2}"
216,78,flops,,,0.02122376,3183564.0,153828.0,,653.2344,"{""activation"": ""selu"", ""batch_size"": 64, ""data_augmentation"": true, ""dr_f"": 0.280218942739, ""learning_rate"": 0.000592701102, ""new_fc_1"": 29, ""new_fc_10"": 5, ""new_fc_2"": 27, ""new_fc_3"": 31, ""new_fc_4"": 18, ""new_fc_5"": 12, ""new_fc_6"": 6, ""new_fc_7"": 31, ""new_fc_8"": 18, ""new_fc_9"": 20, ""num_neurons"": 4, ""optimizer"": ""Adamax"", ""reg_l2"": true, ""skip_connection"": true, ""unit_c1"": 2, ""unit_c2"": 3}"
217,78,flops,,,0.05246021333333333,7869032.0,162588.0,,654.2865,"{""activation"": ""selu"", ""batch_size"": 32, ""data_augmentation"": true, ""dr_f"": 0.066346982124, ""learning_rate"": 0.000808791058, ""new_fc_1"": 1, ""new_fc_10"": 24, ""new_fc_2"": 11, ""new_fc_3"": 30, ""new_fc_4"": 9, ""new_fc_5"": 8, ""new_fc_6"": 17, ""new_fc_7"": 32, ""new_fc_8"": 4, ""new_fc_9"": 10, ""num_neurons"": 8, ""optimizer"": ""SGD"", ""reg_l2"": false, ""skip_connection"": false, ""unit_c1"": 1, ""unit_c2"": 4}"
218,78,flops,,,3.2474751466666665,487121272.0,15881284.0,,655.949,"{""activation"": ""selu"", ""batch_size"": 16, ""data_augmentation"": true, ""dr_f"": 0.365547042086, ""learning_rate"": 0.000495850898, ""new_fc_1"": 23, ""new_fc_10"": 1, ""new_fc_2"": 27, ""new_fc_3"": 24, ""new_fc_4"": 14, ""new_fc_5"": 29, ""new_fc_6"": 20, ""new_fc_7"": 9, ""new_fc_8"": 5, ""new_fc_9"": 25, ""num_neurons"": 32, ""optimizer"": ""Adamax"", ""reg_l2"": false, ""skip_connection"": false, ""unit_c1"": 2, ""unit_c2"": 8}"
219,79,accuracy,10000000000.0,,1.63727248,245590872.0,26563748.0,10000000000.0,658.0833,"{""activation"": ""swish"", ""batch_size"": 8, ""data_augmentation"": true, ""dr_f"": 0.212264234067, ""learning_rate"": 0.000576662874, ""new_fc_1"": 25, ""new_fc_10"": 3, ""new_fc_2"": 27, ""new_fc_3"": 8, ""new_fc_4"": 32, ""new_fc_5"": 21, ""new_fc_6"": 31, ""new_fc_7"": 3, ""new_fc_8"": 19, ""new_fc_9"": 27, ""num_neurons"": 64, ""optimizer"": ""Adamax"", ""reg_l2"": true, ""skip_connection"": false, ""unit_c1"": 1, ""unit_c2"": 2}"
220,80,accuracy,0.6157999932765961,0.38420000672340393,0.39191141333333335,58786712.0,4240772.0,-0.4513665807063827,1824.7504,"{""activation"": ""selu"", ""batch_size"": 8, ""data_augmentation"": false, ""dr_f"": 0.050826574217, ""learning_rate"": 0.000651433061, ""new_fc_1"": 4, ""new_fc_10"": 26, ""new_fc_2"": 26, ""new_fc_3"": 7, ""new_fc_4"": 16, ""new_fc_5"": 6, ""new_fc_6"": 9, ""new_fc_7"": 32, ""new_fc_8"": 30, ""new_fc_9"": 30, ""num_neurons"": 32, ""optimizer"": ""Adamax"", ""reg_l2"": false, ""skip_connection"": true, ""unit_c1"": 1, ""unit_c2"": 2}"
221,81,accuracy,0.9900000002235174,0.009999999776482582,0.05649658666666667,8474488.0,233044.0,-0.2900510238435378,2209.7884,"{""activation"": ""elu"", ""batch_size"": 16, ""data_augmentation"": true, ""dr_f"": 0.434954047091, ""learning_rate"": 0.000752191531, ""new_fc_1"": 8, ""new_fc_10"": 1, ""new_fc_2"": 29, ""new_fc_3"": 10, ""new_fc_4"": 16, ""new_fc_5"": 24, ""new_fc_6"": 22, ""new_fc_7"": 18, ""new_fc_8"": 15, ""new_fc_9"": 13, ""num_neurons"": 8, ""optimizer"": ""Adadelta"", ""reg_l2"": true, ""skip_connection"": false, ""unit_c1"": 2, ""unit_c2"": 2}"
222,82,accuracy,0.9884999999776483,0.011500000022351742,0.4682474133333333,70237112.0,1711060.0,-0.16757577601564622,3016.2613,"{""activation"": ""relu"", ""batch_size"": 8, ""data_augmentation"": false, ""dr_f"": 0.079419115519, ""learning_rate"": 0.000758600285, ""new_fc_1"": 21, ""new_fc_10"": 26, ""new_fc_2"": 10, ""new_fc_3"": 4, ""new_fc_4"": 21, ""new_fc_5"": 17, ""new_fc_6"": 30, ""new_fc_7"": 9, ""new_fc_8"": 6, ""new_fc_9"": 22, ""num_neurons"": 16, ""optimizer"": ""Adadelta"", ""reg_l2"": true, ""skip_connection"": true, ""unit_c1"": 3, ""unit_c2"": 3}"
223,82,flops,,,18.89415696,2834123544.0,51809380.0,,3019.3767,"{""activation"": ""elu"", ""batch_size"": 8, ""data_augmentation"": true, ""dr_f"": 0.317816946011, ""learning_rate"": 0.000958186699, ""new_fc_1"": 23, ""new_fc_10"": 27, ""new_fc_2"": 13, ""new_fc_3"": 10, ""new_fc_4"": 30, ""new_fc_5"": 12, ""new_fc_6"": 16, ""new_fc_7"": 2, ""new_fc_8"": 2, ""new_fc_9"": 4, ""num_neurons"": 64, ""optimizer"": ""Adadelta"", ""reg_l2"": true, ""skip_connection"": true, ""unit_c1"": 4, ""unit_c2"": 7}"
224,82,flops,,,0.26786666666666664,40180000.0,806940.0,,3021.0372,"{""activation"": ""swish"", ""batch_size"": 8, ""data_augmentation"": true, ""dr_f"": 0.44663633717, ""learning_rate"": 0.000588898059, ""new_fc_1"": 24, ""new_fc_10"": 13, ""new_fc_2"": 22, ""new_fc_3"": 6, ""new_fc_4"": 7, ""new_fc_5"": 16, ""new_fc_6"": 28, ""new_fc_7"": 14, ""new_fc_8"": 32, ""new_fc_9"": 9, ""num_neurons"": 8, ""optimizer"": ""Adagrad"", ""reg_l2"": true, ""skip_connection"": false, ""unit_c1"": 4, ""unit_c2"": 6}"
225,83,accuracy,0.9905000003054738,0.009499999694526196,0.1232304,18484560.0,422836.0,-0.26968087978616834,3286.029,"{""activation"": ""swish"", ""batch_size"": 32, ""data_augmentation"": true, ""dr_f"": 0.067385781063, ""learning_rate"": 0.000813674582, ""new_fc_1"": 24, ""new_fc_10"": 21, ""new_fc_2"": 11, ""new_fc_3"": 6, ""new_fc_4"": 30, ""new_fc_5"": 1, ""new_fc_6"": 3, ""new_fc_7"": 5, ""new_fc_8"": 21, ""new_fc_9"": 19, ""num_neurons"": 8, ""optimizer"": ""Adagrad"", ""reg_l2"": false, ""skip_connection"": true, ""unit_c1"": 3, ""unit_c2"": 3}"
226,83,flops,,,0.07624725333333333,11437088.0,513572.0,,3287.2464,"{""activation"": ""selu"", ""batch_size"": 16, ""data_augmentation"": false, ""dr_f"": 0.271116385321, ""learning_rate"": 0.000755195202, ""new_fc_1"": 32, ""new_fc_10"": 23, ""new_fc_2"": 2, ""new_fc_3"": 19, ""new_fc_4"": 9, ""new_fc_5"": 2, ""new_fc_6"": 2, ""new_fc_7"": 16, ""new_fc_8"": 28, ""new_fc_9"": 12, ""num_neurons"": 8, ""optimizer"": ""Adam"", ""reg_l2"": false, ""skip_connection"": true, ""unit_c1"": 2, ""unit_c2"": 3}"
227,83,flops,,,0.03754421333333333,5631632.0,133964.0,,3288.2456,"{""activation"": ""selu"", ""batch_size"": 8, ""data_augmentation"": true, ""dr_f"": 0.390197437152, ""learning_rate"": 0.000203066895, ""new_fc_1"": 5, ""new_fc_10"": 5, ""new_fc_2"": 19, ""new_fc_3"": 9, ""new_fc_4"": 6, ""new_fc_5"": 7, ""new_fc_6"": 0, ""new_fc_7"": 21, ""new_fc_8"": 11, ""new_fc_9"": 12, ""num_neurons"": 8, ""optimizer"": ""Adadelta"", ""reg_l2"": false, ""skip_connection"": true, ""unit_c1"": 1, ""unit_c2"": 3}"
228,84,accuracy,10000000000.0,,15.868475893333333,2380271384.0,15120676.0,10000000000.0,3289.826,"{""activation"": ""selu"", ""batch_size"": 32, ""data_augmentation"": true, ""dr_f"": 0.210473471582, ""learning_rate"": 0.000812123718, ""new_fc_1"": 1, ""new_fc_10"": 4, ""new_fc_2"": 9, ""new_fc_3"": 5, ""new_fc_4"": 18, ""new_fc_5"": 30, ""new_fc_6"": 13, ""new_fc_7"": 31, ""new_fc_8"": 31, ""new_fc_9"": 5, ""num_neurons"": 64, ""optimizer"": ""SGD"", ""reg_l2"": true, ""skip_connection"": false, ""unit_c1"": 4, ""unit_c2"": 6}"
229,84,flops,,,0.38354896,57532344.0,4179108.0,,3291.1127,"{""activation"": ""swish"", ""batch_size"": 64, ""data_augmentation"": true, ""dr_f"": 0.081367781419, ""learning_rate"": 0.000451781611, ""new_fc_1"": 5, ""new_fc_10"": 14, ""new_fc_2"": 5, ""new_fc_3"": 4, ""new_fc_4"": 15, ""new_fc_5"": 29, ""new_fc_6"": 18, ""new_fc_7"": 29, ""new_fc_8"": 29, ""new_fc_9"": 21, ""num_neurons"": 32, ""optimizer"": ""Adadelta"", ""reg_l2"": false, ""skip_connection"": false, ""unit_c1"": 1, ""unit_c2"": 2}"
230,85,accuracy,0.8012000024318695,0.1987999975681305,0.015628426666666667,2344264.0,150728.0,-0.43447147029769134,3795.8723,"{""activation"": ""swish"", ""batch_size"": 32, ""data_augmentation"": true, ""dr_f"": 0.237419112918, ""learning_rate"": 0.000705302157, ""new_fc_1"": 23, ""new_fc_10"": 29, ""new_fc_2"": 32, ""new_fc_3"": 12, ""new_fc_4"": 10, ""new_fc_5"": 16, ""new_fc_6"": 26, ""new_fc_7"": 10, ""new_fc_8"": 26, ""new_fc_9"": 4, ""num_neurons"": 4, ""optimizer"": ""Adam"", ""reg_l2"": false, ""skip_connection"": false, ""unit_c1"": 1, ""unit_c2"": 4}"
231,85,flops,,,0.0136824,2052360.0,50200.0,,3797.0044,"{""activation"": ""selu"", ""batch_size"": 32, ""data_augmentation"": true, ""dr_f"": 0.096919379382, ""learning_rate"": 0.000858430917, ""new_fc_1"": 4, ""new_fc_10"": 26, ""new_fc_2"": 24, ""new_fc_3"": 22, ""new_fc_4"": 2, ""new_fc_5"": 3, ""new_fc_6"": 14, ""new_fc_7"": 29, ""new_fc_8"": 5, ""new_fc_9"": 27, ""num_neurons"": 4, ""optimizer"": ""SGD"", ""reg_l2"": true, ""skip_connection"": true, ""unit_c1"": 2, ""unit_c2"": 1}"
232,86,accuracy,0.7181000113487244,0.28189998865127563,0.46024112,69036168.0,2760228.0,-0.3592576560558929,5202.489,"{""activation"": ""selu"", ""batch_size"": 16, ""data_augmentation"": false, ""dr_f"": 0.081929595581, ""learning_rate"": 0.000658678075, ""new_fc_1"": 27, ""new_fc_10"": 26, ""new_fc_2"": 12, ""new_fc_3"": 9, ""new_fc_4"": 4, ""new_fc_5"": 17, ""new_fc_6"": 12, ""new_fc_7"": 16, ""new_fc_8"": 6, ""new_fc_9"": 18, ""num_neurons"": 16, ""optimizer"": ""Adagrad"", ""reg_l2"": true, ""skip_connection"": true, ""unit_c1"": 2, ""unit_c2"": 5}"
233,86,flops,,,0.029100506666666668,4365076.0,136860.0,,5203.514,"{""activation"": ""relu"", ""batch_size"": 32, ""data_augmentation"": true, ""dr_f"": 0.151828180769, ""learning_rate"": 0.000986941039, ""new_fc_1"": 25, ""new_fc_10"": 8, ""new_fc_2"": 31, ""new_fc_3"": 31, ""new_fc_4"": 30, ""new_fc_5"": 23, ""new_fc_6"": 32, ""new_fc_7"": 12, ""new_fc_8"": 6, ""new_fc_9"": 25, ""num_neurons"": 4, ""optimizer"": ""Adadelta"", ""reg_l2"": false, ""skip_connection"": false, ""unit_c1"": 3, ""unit_c2"": 2}"
234,86,flops,,,0.01988928,2983392.0,118680.0,,5204.6258,"{""activation"": ""relu"", ""batch_size"": 64, ""data_augmentation"": false, ""dr_f"": 0.481324165006, ""learning_rate"": 0.000368848175, ""new_fc_1"": 12, ""new_fc_10"": 5, ""new_fc_2"": 21, ""new_fc_3"": 28, ""new_fc_4"": 21, ""new_fc_5"": 3, ""new_fc_6"": 19, ""new_fc_7"": 14, ""new_fc_8"": 32, ""new_fc_9"": 23, ""num_neurons"": 4, ""optimizer"": ""Adam"", ""reg_l2"": true, ""skip_connection"": false, ""unit_c1"": 1, ""unit_c2"": 5}"
235,87,accuracy,10000000000.0,,1.1676490133333333,175147352.0,6651716.0,10000000000.0,5206.8945,"{""activation"": ""relu"", ""batch_size"": 8, ""data_augmentation"": false, ""dr_f"": 0.163900965104, ""learning_rate"": 0.000389615029, ""new_fc_1"": 10, ""new_fc_10"": 10, ""new_fc_2"": 5, ""new_fc_3"": 23, ""new_fc_4"": 22, ""new_fc_5"": 31, ""new_fc_6"": 17, ""new_fc_7"": 29, ""new_fc_8"": 18, ""new_fc_9"": 3, ""num_neurons"": 32, ""optimizer"": ""Adadelta"", ""reg_l2"": false, ""skip_connection"": false, ""unit_c1"": 1, ""unit_c2"": 5}"
236,88,accuracy,10000000000.0,,10.544568053333334,1581685208.0,43374820.0,10000000000.0,5209.5706,"{""activation"": ""swish"", ""batch_size"": 8, ""data_augmentation"": true, ""dr_f"": 0.093679039044, ""learning_rate"": 0.000237511712, ""new_fc_1"": 16, ""new_fc_10"": 28, ""new_fc_2"": 3, ""new_fc_3"": 25, ""new_fc_4"": 28, ""new_fc_5"": 19, ""new_fc_6"": 5, ""new_fc_7"": 1, ""new_fc_8"": 14, ""new_fc_9"": 31, ""num_neurons"": 64, ""optimizer"": ""Adam"", ""reg_l2"": true, ""skip_connection"": false, ""unit_c1"": 2, ""unit_c2"": 7}"
237,88,flops,,,0.3926538133333333,58898072.0,4965444.0,,5210.82,"{""activation"": ""relu"", ""batch_size"": 16, ""data_augmentation"": true, ""dr_f"": 0.315571666413, ""learning_rate"": 0.000529497195, ""new_fc_1"": 23, ""new_fc_10"": 9, ""new_fc_2"": 2, ""new_fc_3"": 30, ""new_fc_4"": 12, ""new_fc_5"": 26, ""new_fc_6"": 20, ""new_fc_7"": 12, ""new_fc_8"": 5, ""new_fc_9"": 15, ""num_neurons"": 32, ""optimizer"": ""Adam"", ""reg_l2"": true, ""skip_connection"": false, ""unit_c1"": 1, ""unit_c2"": 2}"
238,88,flops,,,2.20634128,330951192.0,9578404.0,,5212.2465,"{""activation"": ""elu"", ""batch_size"": 16, ""data_augmentation"": false, ""dr_f"": 0.306210234802, ""learning_rate"": 0.000404960743, ""new_fc_1"": 18, ""new_fc_10"": 6, ""new_fc_2"": 5, ""new_fc_3"": 6, ""new_fc_4"": 21, ""new_fc_5"": 2, ""new_fc_6"": 22, ""new_fc_7"": 32, ""new_fc_8"": 20, ""new_fc_9"": 10, ""num_neurons"": 32, ""optimizer"": ""Adam"", ""reg_l2"": false, ""skip_connection"": true, ""unit_c1"": 2, ""unit_c2"": 6}"
239,89,accuracy,0.9900000002235174,0.009999999776482582,0.3926538133333333,58898072.0,4965444.0,-0.18920385584353783,5717.4462,"{""activation"": ""relu"", ""batch_size"": 16, ""data_augmentation"": true, ""dr_f"": 0.315571666413, ""learning_rate"": 0.000529497195, ""new_fc_1"": 23, ""new_fc_10"": 9, ""new_fc_2"": 2, ""new_fc_3"": 30, ""new_fc_4"": 12, ""new_fc_5"": 26, ""new_fc_6"": 20, ""new_fc_7"": 12, ""new_fc_8"": 5, ""new_fc_9"": 15, ""num_neurons"": 32, ""optimizer"": ""Adam"", ""reg_l2"": true, ""skip_connection"": false, ""unit_c1"": 1, ""unit_c2"": 2}"
240,90,accuracy,0.9596000015735626,0.04039999842643738,0.028000826666666666,4200124.0,54228.0,-0.3198797508985062,6042.1255,"{""activation"": ""elu"", ""batch_size"": 64, ""data_augmentation"": true, ""dr_f"": 0.121311640979, ""learning_rate"": 0.000816429218, ""new_fc_1"": 7, ""new_fc_10"": 25, ""new_fc_2"": 1, ""new_fc_3"": 18, ""new_fc_4"": 8, ""new_fc_5"": 28, ""new_fc_6"": 14, ""new_fc_7"": 17, ""new_fc_8"": 22, ""new_fc_9"": 5, ""num_neurons"": 4, ""optimizer"": ""Adagrad"", ""reg_l2"": false, ""skip_connection"": false, ""unit_c1"": 3, ""unit_c2"": 2}"
241,91,accuracy,0.742000013589859,0.257999986410141,0.65219728,97829592.0,2276196.0,-0.2849408064870987,6548.5003,"{""activation"": ""selu"", ""batch_size"": 64, ""data_augmentation"": true, ""dr_f"": 0.146686834448, ""learning_rate"": 0.000644032187, ""new_fc_1"": 11, ""new_fc_10"": 10, ""new_fc_2"": 2, ""new_fc_3"": 1, ""new_fc_4"": 24, ""new_fc_5"": 9, ""new_fc_6"": 5, ""new_fc_7"": 30, ""new_fc_8"": 0, ""new_fc_9"": 24, ""num_neurons"": 32, ""optimizer"": ""SGD"", ""reg_l2"": true, ""skip_connection"": false, ""unit_c1"": 2, ""unit_c2"": 1}"
242,91,flops,,,0.12832778666666667,19249168.0,509572.0,,6549.7837,"{""activation"": ""swish"", ""batch_size"": 16, ""data_augmentation"": true, ""dr_f"": 0.138062231795, ""learning_rate"": 0.000356820441, ""new_fc_1"": 11, ""new_fc_10"": 17, ""new_fc_2"": 1, ""new_fc_3"": 12, ""new_fc_4"": 5, ""new_fc_5"": 18, ""new_fc_6"": 31, ""new_fc_7"": 26, ""new_fc_8"": 27, ""new_fc_9"": 1, ""num_neurons"": 8, ""optimizer"": ""Adagrad"", ""reg_l2"": false, ""skip_connection"": false, ""unit_c1"": 1, ""unit_c2"": 7}"
243,92,accuracy,0.983899999409914,0.016100000590085983,0.08102288,12153432.0,708644.0,-0.2869631364130602,6694.7445,"{""activation"": ""relu"", ""batch_size"": 64, ""data_augmentation"": true, ""dr_f"": 0.043710713518, ""learning_rate"": 0.000518220961, ""new_fc_1"": 21, ""new_fc_10"": 26, ""new_fc_2"": 32, ""new_fc_3"": 15, ""new_fc_4"": 17, ""new_fc_5"": 17, ""new_fc_6"": 22, ""new_fc_7"": 30, ""new_fc_8"": 18, ""new_fc_9"": 10, ""num_neurons"": 8, ""optimizer"": ""Adagrad"", ""reg_l2"": true, ""skip_connection"": true, ""unit_c1"": 1, ""unit_c2"": 5}"
244,92,flops,,,0.05033024,7549536.0,69736.0,,6695.867,"{""activation"": ""swish"", ""batch_size"": 16, ""data_augmentation"": true, ""dr_f"": 0.336925701375, ""learning_rate"": 0.000956097722, ""new_fc_1"": 5, ""new_fc_10"": 20, ""new_fc_2"": 19, ""new_fc_3"": 28, ""new_fc_4"": 1, ""new_fc_5"": 1, ""new_fc_6"": 22, ""new_fc_7"": 11, ""new_fc_8"": 1, ""new_fc_9"": 18, ""num_neurons"": 4, ""optimizer"": ""Adamax"", ""reg_l2"": true, ""skip_connection"": false, ""unit_c1"": 3, ""unit_c2"": 6}"
245,92,flops,,,4.570175946666667,685526392.0,7145156.0,,6697.2651,"{""activation"": ""selu"", ""batch_size"": 8, ""data_augmentation"": true, ""dr_f"": 0.30512280567, ""learning_rate"": 0.000541016049, ""new_fc_1"": 5, ""new_fc_10"": 2, ""new_fc_2"": 32, ""new_fc_3"": 16, ""new_fc_4"": 26, ""new_fc_5"": 19, ""new_fc_6"": 16, ""new_fc_7"": 32, ""new_fc_8"": 23, ""new_fc_9"": 30, ""num_neurons"": 32, ""optimizer"": ""Adadelta"", ""reg_l2"": false, ""skip_connection"": false, ""unit_c1"": 4, ""unit_c2"": 7}"
246,93,accuracy,0.9901000000536442,0.00989999994635582,0.2723735466666667,40856032.0,701340.0,-0.22521793596244907,7381.7835,"{""activation"": ""relu"", ""batch_size"": 8, ""data_augmentation"": false, ""dr_f"": 0.366773493082, ""learning_rate"": 0.000236261577, ""new_fc_1"": 24, ""new_fc_10"": 12, ""new_fc_2"": 2, ""new_fc_3"": 5, ""new_fc_4"": 0, ""new_fc_5"": 16, ""new_fc_6"": 11, ""new_fc_7"": 10, ""new_fc_8"": 30, ""new_fc_9"": 3, ""num_neurons"": 8, ""optimizer"": ""SGD"", ""reg_l2"": false, ""skip_connection"": true, ""unit_c1"": 4, ""unit_c2"": 6}"
247,94,accuracy,0.7777999937534332,0.22220000624656677,0.20917626666666667,31376440.0,480324.0,-0.3927871243725967,8367.5789,"{""activation"": ""elu"", ""batch_size"": 16, ""data_augmentation"": true, ""dr_f"": 0.344686728096, ""learning_rate"": 0.000256826804, ""new_fc_1"": 19, ""new_fc_10"": 13, ""new_fc_2"": 3, ""new_fc_3"": 30, ""new_fc_4"": 10, ""new_fc_5"": 22, ""new_fc_6"": 11, ""new_fc_7"": 10, ""new_fc_8"": 30, ""new_fc_9"": 16, ""num_neurons"": 8, ""optimizer"": ""Adam"", ""reg_l2"": false, ""skip_connection"": true, ""unit_c1"": 4, ""unit_c2"": 4}"
248,95,accuracy,0.9279000014066696,0.07209999859333038,0.015580693333333333,2337104.0,127536.0,-0.34579579101533126,8752.1938,"{""activation"": ""selu"", ""batch_size"": 64, ""data_augmentation"": true, ""dr_f"": 0.464210323686, ""learning_rate"": 0.0002394584, ""new_fc_1"": 14, ""new_fc_10"": 25, ""new_fc_2"": 12, ""new_fc_3"": 26, ""new_fc_4"": 25, ""new_fc_5"": 21, ""new_fc_6"": 26, ""new_fc_7"": 13, ""new_fc_8"": 21, ""new_fc_9"": 15, ""num_neurons"": 4, ""optimizer"": ""Adamax"", ""reg_l2"": false, ""skip_connection"": true, ""unit_c1"": 1, ""unit_c2"": 4}"
249,95,flops,,,0.6690442133333333,100356632.0,2839684.0,,8753.9831,"{""activation"": ""selu"", ""batch_size"": 16, ""data_augmentation"": true, ""dr_f"": 0.351594384311, ""learning_rate"": 0.000512675919, ""new_fc_1"": 26, ""new_fc_10"": 15, ""new_fc_2"": 5, ""new_fc_3"": 11, ""new_fc_4"": 29, ""new_fc_5"": 21, ""new_fc_6"": 14, ""new_fc_7"": 27, ""new_fc_8"": 10, ""new_fc_9"": 6, ""num_neurons"": 16, ""optimizer"": ""Adadelta"", ""reg_l2"": true, ""skip_connection"": true, ""unit_c1"": 3, ""unit_c2"": 5}"
250,96,accuracy,10000000000.0,,1.6868104,253021560.0,4404164.0,10000000000.0,8756.304,"{""activation"": ""swish"", ""batch_size"": 16, ""data_augmentation"": false, ""dr_f"": 0.290466631354, ""learning_rate"": 0.000750684135, ""new_fc_1"": 9, ""new_fc_10"": 27, ""new_fc_2"": 11, ""new_fc_3"": 8, ""new_fc_4"": 13, ""new_fc_5"": 1, ""new_fc_6"": 13, ""new_fc_7"": 12, ""new_fc_8"": 13, ""new_fc_9"": 0, ""num_neurons"": 32, ""optimizer"": ""Adagrad"", ""reg_l2"": false, ""skip_connection"": false, ""unit_c1"": 2, ""unit_c2"": 5}"
251,97,accuracy,0.9901000000536442,0.00989999994635582,0.01130384,1695576.0,138720.0,-0.30353884796244907,8901.2253,"{""activation"": ""selu"", ""batch_size"": 64, ""data_augmentation"": false, ""dr_f"": 0.244682827816, ""learning_rate"": 0.00096728572, ""new_fc_1"": 30, ""new_fc_10"": 29, ""new_fc_2"": 31, ""new_fc_3"": 12, ""new_fc_4"": 10, ""new_fc_5"": 8, ""new_fc_6"": 4, ""new_fc_7"": 3, ""new_fc_8"": 2, ""new_fc_9"": 15, ""num_neurons"": 4, ""optimizer"": ""Adadelta"", ""reg_l2"": false, ""skip_connection"": false, ""unit_c1"": 1, ""unit_c2"": 3}"
252,97,flops,,,0.19415386666666667,29123080.0,609164.0,,8902.601,"{""activation"": ""relu"", ""batch_size"": 8, ""data_augmentation"": true, ""dr_f"": 0.409330685684, ""learning_rate"": 0.000674927115, ""new_fc_1"": 17, ""new_fc_10"": 15, ""new_fc_2"": 11, ""new_fc_3"": 9, ""new_fc_4"": 28, ""new_fc_5"": 24, ""new_fc_6"": 7, ""new_fc_7"": 17, ""new_fc_8"": 15, ""new_fc_9"": 15, ""num_neurons"": 8, ""optimizer"": ""SGD"", ""reg_l2"": true, ""skip_connection"": false, ""unit_c1"": 3, ""unit_c2"": 6}"
253,97,flops,,,0.03276461333333333,4914692.0,103332.0,,8903.9937,"{""activation"": ""swish"", ""batch_size"": 32, ""data_augmentation"": true, ""dr_f"": 0.43489466982, ""learning_rate"": 0.000142786208, ""new_fc_1"": 6, ""new_fc_10"": 18, ""new_fc_2"": 5, ""new_fc_3"": 22, ""new_fc_4"": 30, ""new_fc_5"": 12, ""new_fc_6"": 22, ""new_fc_7"": 11, ""new_fc_8"": 14, ""new_fc_9"": 29, ""num_neurons"": 4, ""optimizer"": ""Adamax"", ""reg_l2"": false, ""skip_connection"": false, ""unit_c1"": 1, ""unit_c2"": 7}"
254,97,flops,,,8.37222032,1255833048.0,54066532.0,,8907.1906,"{""activation"": ""selu"", ""batch_size"": 16, ""data_augmentation"": true, ""dr_f"": 0.312182642353, ""learning_rate"": 0.000115594922, ""new_fc_1"": 25, ""new_fc_10"": 28, ""new_fc_2"": 20, ""new_fc_3"": 6, ""new_fc_4"": 8, ""new_fc_5"": 27, ""new_fc_6"": 7, ""new_fc_7"": 4, ""new_fc_8"": 9, ""new_fc_9"": 8, ""num_neurons"": 64, ""optimizer"": ""SGD"", ""reg_l2"": true, ""skip_connection"": true, ""unit_c1"": 1, ""unit_c2"": 7}"
255,98,accuracy,0.9900000002235174,0.009999999776482582,0.27389968,41084952.0,724436.0,-0.2248300958435378,9172.4374,"{""activation"": ""swish"", ""batch_size"": 32, ""data_augmentation"": true, ""dr_f"": 0.067350413058, ""learning_rate"": 0.000508558315, ""new_fc_1"": 8, ""new_fc_10"": 2, ""new_fc_2"": 11, ""new_fc_3"": 8, ""new_fc_4"": 13, ""new_fc_5"": 12, ""new_fc_6"": 25, ""new_fc_7"": 0, ""new_fc_8"": 9, ""new_fc_9"": 12, ""num_neurons"": 16, ""optimizer"": ""Adamax"", ""reg_l2"": true, ""skip_connection"": true, ""unit_c1"": 2, ""unit_c2"": 3}"
256,98,flops,,,0.09422965333333333,14134448.0,270428.0,,9173.771,"{""activation"": ""swish"", ""batch_size"": 64, ""data_augmentation"": false, ""dr_f"": 0.156076990735, ""learning_rate"": 0.000712615434, ""new_fc_1"": 24, ""new_fc_10"": 26, ""new_fc_2"": 0, ""new_fc_3"": 24, ""new_fc_4"": 21, ""new_fc_5"": 5, ""new_fc_6"": 18, ""new_fc_7"": 26, ""new_fc_8"": 9, ""new_fc_9"": 0, ""num_neurons"": 8, ""optimizer"": ""Adagrad"", ""reg_l2"": true, ""skip_connection"": true, ""unit_c1"": 3, ""unit_c2"": 1}"
257,98,flops,,,0.46527013333333334,69790520.0,3137620.0,,9175.1601,"{""activation"": ""relu"", ""batch_size"": 8, ""data_augmentation"": true, ""dr_f"": 0.48024815073, ""learning_rate"": 0.00030901784, ""new_fc_1"": 30, ""new_fc_10"": 32, ""new_fc_2"": 24, ""new_fc_3"": 11, ""new_fc_4"": 26, ""new_fc_5"": 1, ""new_fc_6"": 5, ""new_fc_7"": 2, ""new_fc_8"": 32, ""new_fc_9"": 11, ""num_neurons"": 16, ""optimizer"": ""SGD"", ""reg_l2"": false, ""skip_connection"": true, ""unit_c1"": 2, ""unit_c2"": 5}"
258,98,flops,,,0.07475418666666667,11213128.0,362668.0,,9176.4743,"{""activation"": ""elu"", ""batch_size"": 32, ""data_augmentation"": true, ""dr_f"": 0.428560764157, ""learning_rate"": 0.000688769844, ""new_fc_1"": 13, ""new_fc_10"": 7, ""new_fc_2"": 5, ""new_fc_3"": 9, ""new_fc_4"": 15, ""new_fc_5"": 19, ""new_fc_6"": 5, ""new_fc_7"": 19, ""new_fc_8"": 7, ""new_fc_9"": 19, ""num_neurons"": 8, ""optimizer"": ""Adam"", ""reg_l2"": false, ""skip_connection"": false, ""unit_c1"": 1, ""unit_c2"": 5}"
259,99,accuracy,0.9908999996259809,0.009100000374019146,0.05682197333333333,8523296.0,215180.0,-0.2893234082618134,9321.7138,"{""activation"": ""swish"", ""batch_size"": 64, ""data_augmentation"": true, ""dr_f"": 0.468412224444, ""learning_rate"": 0.000218460609, ""new_fc_1"": 3, ""new_fc_10"": 23, ""new_fc_2"": 7, ""new_fc_3"": 29, ""new_fc_4"": 24, ""new_fc_5"": 12, ""new_fc_6"": 32, ""new_fc_7"": 4, ""new_fc_8"": 19, ""new_fc_9"": 18, ""num_neurons"": 8, ""optimizer"": ""Adadelta"", ""reg_l2"": false, ""skip_connection"": false, ""unit_c1"": 2, ""unit_c2"": 2}"
260,100,accuracy,10000000000.0,,1.5527587733333332,232913816.0,18049636.0,10000000000.0,9324.5688,"{""activation"": ""elu"", ""batch_size"": 64, ""data_augmentation"": false, ""dr_f"": 0.312570130786, ""learning_rate"": 0.000422084366, ""new_fc_1"": 17, ""new_fc_10"": 1, ""new_fc_2"": 22, ""new_fc_3"": 4, ""new_fc_4"": 3, ""new_fc_5"": 32, ""new_fc_6"": 18, ""new_fc_7"": 23, ""new_fc_8"": 12, ""new_fc_9"": 25, ""num_neurons"": 64, ""optimizer"": ""Adam"", ""reg_l2"": false, ""skip_connection"": true, ""unit_c1"": 1, ""unit_c2"": 2}"
261,101,accuracy,0.9900000002235174,0.009999999776482582,0.5538848533333334,83082728.0,2943764.0,-0.14083454384353777,266.8309,"{""activation"": ""selu"", ""batch_size"": 32, ""data_augmentation"": true, ""dr_f"": 0.446103608349, ""learning_rate"": 0.000664524075, ""new_fc_1"": 25, ""new_fc_10"": 1, ""new_fc_2"": 0, ""new_fc_3"": 29, ""new_fc_4"": 1, ""new_fc_5"": 19, ""new_fc_6"": 4, ""new_fc_7"": 30, ""new_fc_8"": 7, ""new_fc_9"": 29, ""num_neurons"": 16, ""optimizer"": ""Adam"", ""reg_l2"": false, ""skip_connection"": false, ""unit_c1"": 2, ""unit_c2"": 6}"
262,101,flops,,,0.03929072,5893608.0,134912.0,,267.8914,"{""activation"": ""elu"", ""batch_size"": 8, ""data_augmentation"": false, ""dr_f"": 0.180250656709, ""learning_rate"": 0.00074040901, ""new_fc_1"": 0, ""new_fc_10"": 19, ""new_fc_2"": 14, ""new_fc_3"": 31, ""new_fc_4"": 27, ""new_fc_5"": 16, ""new_fc_6"": 22, ""new_fc_7"": 14, ""new_fc_8"": 23, ""new_fc_9"": 30, ""num_neurons"": 4, ""optimizer"": ""SGD"", ""reg_l2"": true, ""skip_connection"": true, ""unit_c1"": 3, ""unit_c2"": 4}"
263,101,flops,,,0.050712773333333336,7606916.0,86932.0,,268.958,"{""activation"": ""relu"", ""batch_size"": 16, ""data_augmentation"": false, ""dr_f"": 0.246522638587, ""learning_rate"": 0.000880572675, ""new_fc_1"": 9, ""new_fc_10"": 5, ""new_fc_2"": 5, ""new_fc_3"": 28, ""new_fc_4"": 31, ""new_fc_5"": 28, ""new_fc_6"": 13, ""new_fc_7"": 12, ""new_fc_8"": 17, ""new_fc_9"": 23, ""num_neurons"": 4, ""optimizer"": ""Adadelta"", ""reg_l2"": false, ""skip_connection"": true, ""unit_c1"": 4, ""unit_c2"": 3}"
264,102,accuracy,10000000000.0,,14.153951306666666,2123092696.0,57719332.0,10000000000.0,272.3571,"{""activation"": ""swish"", ""batch_size"": 32, ""data_augmentation"": false, ""dr_f"": 0.421037971133, ""learning_rate"": 0.00017767748, ""new_fc_1"": 23, ""new_fc_10"": 25, ""new_fc_2"": 23, ""new_fc_3"": 30, ""new_fc_4"": 13, ""new_fc_5"": 28, ""new_fc_6"": 22, ""new_fc_7"": 8, ""new_fc_8"": 14, ""new_fc_9"": 4, ""num_neurons"": 64, ""optimizer"": ""SGD"", ""reg_l2"": false, ""skip_connection"": false, ""unit_c1"": 3, ""unit_c2"": 7}"
265,103,accuracy,0.7631999999284744,0.23680000007152557,0.05246021333333333,7869032.0,162588.0,-0.4500219360500679,836.9173,"{""activation"": ""selu"", ""batch_size"": 32, ""data_augmentation"": true, ""dr_f"": 0.066346982124, ""learning_rate"": 0.000808791058, ""new_fc_1"": 1, ""new_fc_10"": 24, ""new_fc_2"": 11, ""new_fc_3"": 30, ""new_fc_4"": 9, ""new_fc_5"": 8, ""new_fc_6"": 17, ""new_fc_7"": 32, ""new_fc_8"": 4, ""new_fc_9"": 10, ""num_neurons"": 8, ""optimizer"": ""SGD"", ""reg_l2"": false, ""skip_connection"": false, ""unit_c1"": 1, ""unit_c2"": 4}"
266,103,flops,,,0.059081173333333334,8862176.0,553012.0,,838.0313,"{""activation"": ""relu"", ""batch_size"": 8, ""data_augmentation"": false, ""dr_f"": 0.488535948391, ""learning_rate"": 0.000928313521, ""new_fc_1"": 24, ""new_fc_10"": 7, ""new_fc_2"": 29, ""new_fc_3"": 2, ""new_fc_4"": 30, ""new_fc_5"": 26, ""new_fc_6"": 13, ""new_fc_7"": 8, ""new_fc_8"": 8, ""new_fc_9"": 6, ""num_neurons"": 8, ""optimizer"": ""Adagrad"", ""reg_l2"": false, ""skip_connection"": true, ""unit_c1"": 1, ""unit_c2"": 4}"
267,103,flops,,,2.4959826666666665,374397400.0,5251332.0,,839.2595,"{""activation"": ""selu"", ""batch_size"": 16, ""data_augmentation"": false, ""dr_f"": 0.499288964175, ""learning_rate"": 0.000147726102, ""new_fc_1"": 5, ""new_fc_10"": 28, ""new_fc_2"": 26, ""new_fc_3"": 15, ""new_fc_4"": 23, ""new_fc_5"": 2, ""new_fc_6"": 16, ""new_fc_7"": 27, ""new_fc_8"": 7, ""new_fc_9"": 7, ""num_neurons"": 32, ""optimizer"": ""Adadelta"", ""reg_l2"": false, ""skip_connection"": true, ""unit_c1"": 1, ""unit_c2"": 8}"
268,104,accuracy,0.9862999999895692,0.013700000010430813,0.80479536,120719304.0,1957780.0,-0.06815139200730158,1825.9325,"{""activation"": ""elu"", ""batch_size"": 8, ""data_augmentation"": true, ""dr_f"": 0.461282815713, ""learning_rate"": 0.000635936043, ""new_fc_1"": 19, ""new_fc_10"": 4, ""new_fc_2"": 8, ""new_fc_3"": 26, ""new_fc_4"": 0, ""new_fc_5"": 24, ""new_fc_6"": 3, ""new_fc_7"": 7, ""new_fc_8"": 32, ""new_fc_9"": 28, ""num_neurons"": 16, ""optimizer"": ""Adadelta"", ""reg_l2"": true, ""skip_connection"": false, ""unit_c1"": 4, ""unit_c2"": 4}"
269,105,accuracy,0.9903999995440245,0.009600000455975533,0.04563032,6844548.0,154888.0,-0.29303090431918283,2632.2409,"{""activation"": ""relu"", ""batch_size"": 8, ""data_augmentation"": false, ""dr_f"": 0.096291822144, ""learning_rate"": 0.000461904157, ""new_fc_1"": 21, ""new_fc_10"": 3, ""new_fc_2"": 16, ""new_fc_3"": 8, ""new_fc_4"": 21, ""new_fc_5"": 11, ""new_fc_6"": 15, ""new_fc_7"": 6, ""new_fc_8"": 30, ""new_fc_9"": 32, ""num_neurons"": 4, ""optimizer"": ""Adagrad"", ""reg_l2"": true, ""skip_connection"": true, ""unit_c1"": 3, ""unit_c2"": 5}"
270,106,accuracy,10000000000.0,,4.18748752,628123128.0,19508708.0,10000000000.0,2635.1896,"{""activation"": ""selu"", ""batch_size"": 32, ""data_augmentation"": true, ""dr_f"": 0.207726576532, ""learning_rate"": 0.000164440621, ""new_fc_1"": 31, ""new_fc_10"": 30, ""new_fc_2"": 12, ""new_fc_3"": 7, ""new_fc_4"": 20, ""new_fc_5"": 14, ""new_fc_6"": 31, ""new_fc_7"": 2, ""new_fc_8"": 26, ""new_fc_9"": 0, ""num_neurons"": 32, ""optimizer"": ""Adam"", ""reg_l2"": true, ""skip_connection"": false, ""unit_c1"": 3, ""unit_c2"": 8}"
271,106,flops,,,16.960956746666668,2544143512.0,73665892.0,,2639.2434,"{""activation"": ""selu"", ""batch_size"": 64, ""data_augmentation"": true, ""dr_f"": 0.280536768428, ""learning_rate"": 0.000575710032, ""new_fc_1"": 26, ""new_fc_10"": 28, ""new_fc_2"": 15, ""new_fc_3"": 17, ""new_fc_4"": 26, ""new_fc_5"": 17, ""new_fc_6"": 23, ""new_fc_7"": 0, ""new_fc_8"": 29, ""new_fc_9"": 20, ""num_neurons"": 64, ""optimizer"": ""Adamax"", ""reg_l2"": false, ""skip_connection"": true, ""unit_c1"": 3, ""unit_c2"": 8}"
272,106,flops,,,13.93287056,2089930584.0,41769892.0,,2642.1756,"{""activation"": ""selu"", ""batch_size"": 8, ""data_augmentation"": false, ""dr_f"": 0.177221366722, ""learning_rate"": 0.000275850611, ""new_fc_1"": 20, ""new_fc_10"": 3, ""new_fc_2"": 6, ""new_fc_3"": 24, ""new_fc_4"": 1, ""new_fc_5"": 6, ""new_fc_6"": 9, ""new_fc_7"": 3, ""new_fc_8"": 6, ""new_fc_9"": 14, ""num_neurons"": 64, ""optimizer"": ""SGD"", ""reg_l2"": false, ""skip_connection"": false, ""unit_c1"": 3, ""unit_c2"": 7}"
273,107,accuracy,10000000000.0,,21.183652,3177547800.0,75298852.0,10000000000.0,2647.2308,"{""activation"": ""elu"", ""batch_size"": 8, ""data_augmentation"": false, ""dr_f"": 0.218045812477, ""learning_rate"": 0.00093711602, ""new_fc_1"": 30, ""new_fc_10"": 7, ""new_fc_2"": 1, ""new_fc_3"": 16, ""new_fc_4"": 14, ""new_fc_5"": 10, ""new_fc_6"": 26, ""new_fc_7"": 27, ""new_fc_8"": 12, ""new_fc_9"": 16, ""num_neurons"": 64, ""optimizer"": ""SGD"", ""reg_l2"": true, ""skip_connection"": false, ""unit_c1"": 4, ""unit_c2"": 8}"
274,107,flops,,,8.10142352,1215213528.0,41444516.0,,2650.1632,"{""activation"": ""relu"", ""batch_size"": 32, ""data_augmentation"": true, ""dr_f"": 0.244758761724, ""learning_rate"": 0.000665942824, ""new_fc_1"": 17, ""new_fc_10"": 20, ""new_fc_2"": 28, ""new_fc_3"": 9, ""new_fc_4"": 16, ""new_fc_5"": 31, ""new_fc_6"": 11, ""new_fc_7"": 11, ""new_fc_8"": 3, ""new_fc_9"": 4, ""num_neurons"": 64, ""optimizer"": ""Adamax"", ""reg_l2"": false, ""skip_connection"": false, ""unit_c1"": 1, ""unit_c2"": 7}"
275,108,accuracy,0.9908999996259809,0.009100000374019146,0.09422965333333333,14134448.0,270428.0,-0.2781011042618134,2795.3472,"{""activation"": ""swish"", ""batch_size"": 64, ""data_augmentation"": false, ""dr_f"": 0.156076990735, ""learning_rate"": 0.000712615434, ""new_fc_1"": 24, ""new_fc_10"": 26, ""new_fc_2"": 0, ""new_fc_3"": 24, ""new_fc_4"": 21, ""new_fc_5"": 5, ""new_fc_6"": 18, ""new_fc_7"": 26, ""new_fc_8"": 9, ""new_fc_9"": 0, ""num_neurons"": 8, ""optimizer"": ""Adagrad"", ""reg_l2"": true, ""skip_connection"": true, ""unit_c1"": 3, ""unit_c2"": 1}"
276,108,flops,,,14.464441333333333,2169666200.0,28829028.0,,2797.9407,"{""activation"": ""elu"", ""batch_size"": 32, ""data_augmentation"": false, ""dr_f"": 0.29853652957, ""learning_rate"": 0.000385179966, ""new_fc_1"": 12, ""new_fc_10"": 24, ""new_fc_2"": 2, ""new_fc_3"": 19, ""new_fc_4"": 25, ""new_fc_5"": 12, ""new_fc_6"": 7, ""new_fc_7"": 1, ""new_fc_8"": 27, ""new_fc_9"": 32, ""num_neurons"": 64, ""optimizer"": ""Adamax"", ""reg_l2"": true, ""skip_connection"": true, ""unit_c1"": 4, ""unit_c2"": 5}"
277,108,flops,,,0.6497154666666667,97457320.0,1297236.0,,2799.1342,"{""activation"": ""relu"", ""batch_size"": 16, ""data_augmentation"": false, ""dr_f"": 0.22818229407, ""learning_rate"": 0.00011930763, ""new_fc_1"": 20, ""new_fc_10"": 24, ""new_fc_2"": 19, ""new_fc_3"": 26, ""new_fc_4"": 11, ""new_fc_5"": 8, ""new_fc_6"": 22, ""new_fc_7"": 3, ""new_fc_8"": 20, ""new_fc_9"": 12, ""num_neurons"": 16, ""optimizer"": ""Adagrad"", ""reg_l2"": false, ""skip_connection"": true, ""unit_c1"": 4, ""unit_c2"": 2}"
278,109,accuracy,0.9629000015556812,0.03709999844431877,0.02122376,3183564.0,153828.0,-0.31960287091102313,3004.4129,"{""activation"": ""selu"", ""batch_size"": 64, ""data_augmentation"": true, ""dr_f"": 0.280218942739, ""learning_rate"": 0.000592701102, ""new_fc_1"": 29, ""new_fc_10"": 5, ""new_fc_2"": 27, ""new_fc_3"": 31, ""new_fc_4"": 18, ""new_fc_5"": 12, ""new_fc_6"": 6, ""new_fc_7"": 31, ""new_fc_8"": 18, ""new_fc_9"": 20, ""num_neurons"": 4, ""optimizer"": ""Adamax"", ""reg_l2"": true, ""skip_connection"": true, ""unit_c1"": 2, ""unit_c2"": 3}"
279,110,accuracy,0.9627999998629093,0.03720000013709068,0.03929072,5893608.0,134912.0,-0.31425278409596347,4649.7091,"{""activation"": ""elu"", ""batch_size"": 8, ""data_augmentation"": false, ""dr_f"": 0.180250656709, ""learning_rate"": 0.00074040901, ""new_fc_1"": 0, ""new_fc_10"": 19, ""new_fc_2"": 14, ""new_fc_3"": 31, ""new_fc_4"": 27, ""new_fc_5"": 16, ""new_fc_6"": 22, ""new_fc_7"": 14, ""new_fc_8"": 23, ""new_fc_9"": 30, ""num_neurons"": 4, ""optimizer"": ""SGD"", ""reg_l2"": true, ""skip_connection"": true, ""unit_c1"": 3, ""unit_c2"": 4}"
280,111,accuracy,0.9902999997138977,0.009700000286102295,0.10552613333333333,15828920.0,378396.0,-0.2751321602002716,5034.8149,"{""activation"": ""swish"", ""batch_size"": 16, ""data_augmentation"": true, ""dr_f"": 0.205004428816, ""learning_rate"": 0.000234098542, ""new_fc_1"": 0, ""new_fc_10"": 18, ""new_fc_2"": 22, ""new_fc_3"": 30, ""new_fc_4"": 21, ""new_fc_5"": 15, ""new_fc_6"": 18, ""new_fc_7"": 18, ""new_fc_8"": 4, ""new_fc_9"": 18, ""num_neurons"": 8, ""optimizer"": ""Adadelta"", ""reg_l2"": false, ""skip_connection"": false, ""unit_c1"": 3, ""unit_c2"": 2}"
281,111,flops,,,12.39891728,1859837592.0,23121444.0,,5036.847,"{""activation"": ""relu"", ""batch_size"": 32, ""data_augmentation"": true, ""dr_f"": 0.252386144767, ""learning_rate"": 0.00027395293, ""new_fc_1"": 7, ""new_fc_10"": 9, ""new_fc_2"": 31, ""new_fc_3"": 22, ""new_fc_4"": 5, ""new_fc_5"": 5, ""new_fc_6"": 0, ""new_fc_7"": 13, ""new_fc_8"": 9, ""new_fc_9"": 4, ""num_neurons"": 64, ""optimizer"": ""Adagrad"", ""reg_l2"": false, ""skip_connection"": false, ""unit_c1"": 2, ""unit_c2"": 8}"
282,112,accuracy,0.9900000002235174,0.009999999776482582,0.050944293333333335,7641644.0,115804.0,-0.2917167118435378,5722.2767,"{""activation"": ""swish"", ""batch_size"": 8, ""data_augmentation"": true, ""dr_f"": 0.478709089746, ""learning_rate"": 0.000252680813, ""new_fc_1"": 13, ""new_fc_10"": 23, ""new_fc_2"": 30, ""new_fc_3"": 1, ""new_fc_4"": 19, ""new_fc_5"": 0, ""new_fc_6"": 26, ""new_fc_7"": 2, ""new_fc_8"": 3, ""new_fc_9"": 2, ""num_neurons"": 4, ""optimizer"": ""SGD"", ""reg_l2"": false, ""skip_connection"": false, ""unit_c1"": 3, ""unit_c2"": 6}"
283,113,accuracy,0.9906000001356006,0.009399999864399433,0.21624272,32436408.0,1145700.0,-0.2417071839050796,5927.0697,"{""activation"": ""relu"", ""batch_size"": 32, ""data_augmentation"": false, ""dr_f"": 0.349531220069, ""learning_rate"": 0.000906453758, ""new_fc_1"": 23, ""new_fc_10"": 1, ""new_fc_2"": 19, ""new_fc_3"": 5, ""new_fc_4"": 8, ""new_fc_5"": 12, ""new_fc_6"": 6, ""new_fc_7"": 1, ""new_fc_8"": 19, ""new_fc_9"": 32, ""num_neurons"": 16, ""optimizer"": ""SGD"", ""reg_l2"": false, ""skip_connection"": false, ""unit_c1"": 2, ""unit_c2"": 2}"
284,113,flops,,,0.5462333333333333,81935000.0,884756.0,,5928.2021,"{""activation"": ""relu"", ""batch_size"": 16, ""data_augmentation"": false, ""dr_f"": 0.473589262283, ""learning_rate"": 0.000972449309, ""new_fc_1"": 5, ""new_fc_10"": 2, ""new_fc_2"": 1, ""new_fc_3"": 20, ""new_fc_4"": 29, ""new_fc_5"": 21, ""new_fc_6"": 24, ""new_fc_7"": 1, ""new_fc_8"": 6, ""new_fc_9"": 7, ""num_neurons"": 16, ""optimizer"": ""Adamax"", ""reg_l2"": false, ""skip_connection"": true, ""unit_c1"": 3, ""unit_c2"": 4}"
285,114,accuracy,0.9901000000536442,0.00989999994635582,0.03754421333333333,5631632.0,133964.0,-0.2956667359624491,6733.1988,"{""activation"": ""selu"", ""batch_size"": 8, ""data_augmentation"": true, ""dr_f"": 0.390197437152, ""learning_rate"": 0.000203066895, ""new_fc_1"": 5, ""new_fc_10"": 5, ""new_fc_2"": 19, ""new_fc_3"": 9, ""new_fc_4"": 6, ""new_fc_5"": 7, ""new_fc_6"": 0, ""new_fc_7"": 21, ""new_fc_8"": 11, ""new_fc_9"": 12, ""num_neurons"": 8, ""optimizer"": ""Adadelta"", ""reg_l2"": false, ""skip_connection"": true, ""unit_c1"": 1, ""unit_c2"": 3}"
286,114,flops,,,0.52272176,78408264.0,2886580.0,,6734.5485,"{""activation"": ""selu"", ""batch_size"": 8, ""data_augmentation"": true, ""dr_f"": 0.461205605552, ""learning_rate"": 0.000504462007, ""new_fc_1"": 21, ""new_fc_10"": 32, ""new_fc_2"": 29, ""new_fc_3"": 7, ""new_fc_4"": 10, ""new_fc_5"": 3, ""new_fc_6"": 12, ""new_fc_7"": 12, ""new_fc_8"": 0, ""new_fc_9"": 1, ""num_neurons"": 16, ""optimizer"": ""Adam"", ""reg_l2"": false, ""skip_connection"": true, ""unit_c1"": 1, ""unit_c2"": 7}"
287,114,flops,,,3.4431651733333335,516474776.0,28412708.0,,6736.7908,"{""activation"": ""elu"", ""batch_size"": 64, ""data_augmentation"": false, ""dr_f"": 0.225568692999, ""learning_rate"": 0.000391960089, ""new_fc_1"": 25, ""new_fc_10"": 10, ""new_fc_2"": 28, ""new_fc_3"": 13, ""new_fc_4"": 30, ""new_fc_5"": 12, ""new_fc_6"": 25, ""new_fc_7"": 32, ""new_fc_8"": 19, ""new_fc_9"": 3, ""num_neurons"": 64, ""optimizer"": ""Adadelta"", ""reg_l2"": true, ""skip_connection"": false, ""unit_c1"": 2, ""unit_c2"": 2}"
288,115,accuracy,10000000000.0,,1.82642512,273963768.0,6590372.0,10000000000.0,6739.0712,"{""activation"": ""relu"", ""batch_size"": 64, ""data_augmentation"": true, ""dr_f"": 0.037056278355, ""learning_rate"": 0.000945126783, ""new_fc_1"": 21, ""new_fc_10"": 13, ""new_fc_2"": 13, ""new_fc_3"": 24, ""new_fc_4"": 27, ""new_fc_5"": 10, ""new_fc_6"": 6, ""new_fc_7"": 30, ""new_fc_8"": 10, ""new_fc_9"": 3, ""num_neurons"": 32, ""optimizer"": ""Adagrad"", ""reg_l2"": false, ""skip_connection"": true, ""unit_c1"": 3, ""unit_c2"": 3}"
289,116,accuracy,10000000000.0,,1.3631397866666666,204470968.0,3990532.0,10000000000.0,6741.2995,"{""activation"": ""elu"", ""batch_size"": 8, ""data_augmentation"": false, ""dr_f"": 0.296385381841, ""learning_rate"": 0.000387746503, ""new_fc_1"": 16, ""new_fc_10"": 27, ""new_fc_2"": 10, ""new_fc_3"": 1, ""new_fc_4"": 4, ""new_fc_5"": 32, ""new_fc_6"": 25, ""new_fc_7"": 16, ""new_fc_8"": 26, ""new_fc_9"": 14, ""num_neurons"": 32, ""optimizer"": ""SGD"", ""reg_l2"": true, ""skip_connection"": true, ""unit_c1"": 3, ""unit_c2"": 1}"
290,116,flops,,,0.029361546666666665,4404232.0,80680.0,,6742.5484,"{""activation"": ""relu"", ""batch_size"": 16, ""data_augmentation"": false, ""dr_f"": 0.383255779982, ""learning_rate"": 0.000375923083, ""new_fc_1"": 18, ""new_fc_10"": 20, ""new_fc_2"": 8, ""new_fc_3"": 29, ""new_fc_4"": 5, ""new_fc_5"": 0, ""new_fc_6"": 7, ""new_fc_7"": 30, ""new_fc_8"": 12, ""new_fc_9"": 27, ""num_neurons"": 4, ""optimizer"": ""Adam"", ""reg_l2"": true, ""skip_connection"": true, ""unit_c1"": 3, ""unit_c2"": 2}"
291,116,flops,,,18.496579146666665,2774486872.0,21991076.0,,6744.6106,"{""activation"": ""elu"", ""batch_size"": 8, ""data_augmentation"": false, ""dr_f"": 0.144618634079, ""learning_rate"": 0.000449465984, ""new_fc_1"": 6, ""new_fc_10"": 29, ""new_fc_2"": 1, ""new_fc_3"": 7, ""new_fc_4"": 3, ""new_fc_5"": 18, ""new_fc_6"": 30, ""new_fc_7"": 4, ""new_fc_8"": 25, ""new_fc_9"": 17, ""num_neurons"": 64, ""optimizer"": ""Adadelta"", ""reg_l2"": false, ""skip_connection"": true, ""unit_c1"": 4, ""unit_c2"": 7}"
292,117,accuracy,10000000000.0,,14.464441333333333,2169666200.0,28829028.0,10000000000.0,6746.8633,"{""activation"": ""elu"", ""batch_size"": 32, ""data_augmentation"": false, ""dr_f"": 0.29853652957, ""learning_rate"": 0.000385179966, ""new_fc_1"": 12, ""new_fc_10"": 24, ""new_fc_2"": 2, ""new_fc_3"": 19, ""new_fc_4"": 25, ""new_fc_5"": 12, ""new_fc_6"": 7, ""new_fc_7"": 1, ""new_fc_8"": 27, ""new_fc_9"": 32, ""num_neurons"": 64, ""optimizer"": ""Adamax"", ""reg_l2"": true, ""skip_connection"": true, ""unit_c1"": 4, ""unit_c2"": 5}"
293,118,accuracy,10000000000.0,,2.20852496,331278744.0,12951524.0,10000000000.0,6749.0006,"{""activation"": ""swish"", ""batch_size"": 16, ""data_augmentation"": true, ""dr_f"": 0.062997315556, ""learning_rate"": 0.000711064504, ""new_fc_1"": 9, ""new_fc_10"": 5, ""new_fc_2"": 15, ""new_fc_3"": 14, ""new_fc_4"": 0, ""new_fc_5"": 7, ""new_fc_6"": 16, ""new_fc_7"": 21, ""new_fc_8"": 0, ""new_fc_9"": 16, ""num_neurons"": 64, ""optimizer"": ""Adadelta"", ""reg_l2"": false, ""skip_connection"": false, ""unit_c1"": 1, ""unit_c2"": 3}"
294,119,accuracy,0.965999998152256,0.03400000184774399,0.03276461333333333,4914692.0,103332.0,-0.3139706172934208,7434.0449,"{""activation"": ""swish"", ""batch_size"": 32, ""data_augmentation"": true, ""dr_f"": 0.43489466982, ""learning_rate"": 0.000142786208, ""new_fc_1"": 6, ""new_fc_10"": 18, ""new_fc_2"": 5, ""new_fc_3"": 22, ""new_fc_4"": 30, ""new_fc_5"": 12, ""new_fc_6"": 22, ""new_fc_7"": 11, ""new_fc_8"": 14, ""new_fc_9"": 29, ""num_neurons"": 4, ""optimizer"": ""Adamax"", ""reg_l2"": false, ""skip_connection"": false, ""unit_c1"": 1, ""unit_c2"": 7}"
295,120,accuracy,0.9877000004053116,0.012299999594688416,0.05284208,7926312.0,166856.0,-0.2927573757162819,7700.009,"{""activation"": ""elu"", ""batch_size"": 32, ""data_augmentation"": true, ""dr_f"": 0.373104411803, ""learning_rate"": 0.000600515103, ""new_fc_1"": 21, ""new_fc_10"": 7, ""new_fc_2"": 7, ""new_fc_3"": 14, ""new_fc_4"": 8, ""new_fc_5"": 30, ""new_fc_6"": 16, ""new_fc_7"": 1, ""new_fc_8"": 9, ""new_fc_9"": 27, ""num_neurons"": 4, ""optimizer"": ""Adadelta"", ""reg_l2"": true, ""skip_connection"": true, ""unit_c1"": 3, ""unit_c2"": 6}"
296,120,flops,,,0.00750152,1125228.0,48772.0,,7701.128,"{""activation"": ""elu"", ""batch_size"": 8, ""data_augmentation"": true, ""dr_f"": 0.03622543291, ""learning_rate"": 0.000722613779, ""new_fc_1"": 9, ""new_fc_10"": 0, ""new_fc_2"": 0, ""new_fc_3"": 11, ""new_fc_4"": 31, ""new_fc_5"": 7, ""new_fc_6"": 13, ""new_fc_7"": 18, ""new_fc_8"": 13, ""new_fc_9"": 15, ""num_neurons"": 4, ""optimizer"": ""Adadelta"", ""reg_l2"": true, ""skip_connection"": true, ""unit_c1"": 1, ""unit_c2"": 2}"
297,120,flops,,,1.5617360533333333,234260408.0,3981156.0,,7702.6551,"{""activation"": ""relu"", ""batch_size"": 32, ""data_augmentation"": true, ""dr_f"": 0.451815101168, ""learning_rate"": 0.000831785867, ""new_fc_1"": 2, ""new_fc_10"": 15, ""new_fc_2"": 13, ""new_fc_3"": 23, ""new_fc_4"": 26, ""new_fc_5"": 28, ""new_fc_6"": 21, ""new_fc_7"": 12, ""new_fc_8"": 17, ""new_fc_9"": 22, ""num_neurons"": 32, ""optimizer"": ""SGD"", ""reg_l2"": false, ""skip_connection"": true, ""unit_c1"": 3, ""unit_c2"": 2}"
298,121,accuracy,0.9782999996095896,0.021700000390410423,0.08960709333333333,13441064.0,127324.0,-0.2883078722732873,7848.3601,"{""activation"": ""elu"", ""batch_size"": 64, ""data_augmentation"": true, ""dr_f"": 0.090143370226, ""learning_rate"": 0.000720427283, ""new_fc_1"": 7, ""new_fc_10"": 29, ""new_fc_2"": 11, ""new_fc_3"": 8, ""new_fc_4"": 29, ""new_fc_5"": 6, ""new_fc_6"": 25, ""new_fc_7"": 7, ""new_fc_8"": 5, ""new_fc_9"": 3, ""num_neurons"": 8, ""optimizer"": ""SGD"", ""reg_l2"": false, ""skip_connection"": false, ""unit_c1"": 3, ""unit_c2"": 1}"
299,122,accuracy,0.9900000002235174,0.009999999776482582,0.08269386666666667,12404080.0,833756.0,-0.2821918398435378,8234.5702,"{""activation"": ""relu"", ""batch_size"": 16, ""data_augmentation"": false, ""dr_f"": 0.391605786443, ""learning_rate"": 0.00065291488, ""new_fc_1"": 31, ""new_fc_10"": 9, ""new_fc_2"": 32, ""new_fc_3"": 13, ""new_fc_4"": 15, ""new_fc_5"": 23, ""new_fc_6"": 24, ""new_fc_7"": 0, ""new_fc_8"": 7, ""new_fc_9"": 1, ""num_neurons"": 8, ""optimizer"": ""Adadelta"", ""reg_l2"": false, ""skip_connection"": true, ""unit_c1"": 1, ""unit_c2"": 5}"
300,123,accuracy,0.9900000002235174,0.009999999776482582,0.10563930666666667,15845896.0,913628.0,-0.2753082078435378,8380.3268,"{""activation"": ""elu"", ""batch_size"": 64, ""data_augmentation"": true, ""dr_f"": 0.072217378323, ""learning_rate"": 0.000819299463, ""new_fc_1"": 28, ""new_fc_10"": 10, ""new_fc_2"": 20, ""new_fc_3"": 0, ""new_fc_4"": 30, ""new_fc_5"": 23, ""new_fc_6"": 27, ""new_fc_7"": 9, ""new_fc_8"": 10, ""new_fc_9"": 9, ""num_neurons"": 8, ""optimizer"": ""Adam"", ""reg_l2"": true, ""skip_connection"": false, ""unit_c1"": 1, ""unit_c2"": 6}"
301,123,flops,,,10.43408656,1565112984.0,44887844.0,,8383.4812,"{""activation"": ""elu"", ""batch_size"": 8, ""data_augmentation"": false, ""dr_f"": 0.159655386224, ""learning_rate"": 0.000404655332, ""new_fc_1"": 25, ""new_fc_10"": 22, ""new_fc_2"": 23, ""new_fc_3"": 17, ""new_fc_4"": 29, ""new_fc_5"": 13, ""new_fc_6"": 9, ""new_fc_7"": 3, ""new_fc_8"": 28, ""new_fc_9"": 8, ""num_neurons"": 64, ""optimizer"": ""Adamax"", ""reg_l2"": true, ""skip_connection"": true, ""unit_c1"": 3, ""unit_c2"": 5}"
302,124,accuracy,0.9892999995499849,0.010700000450015068,0.06038706666666667,9058060.0,272364.0,-0.28937388031501055,8528.4057,"{""activation"": ""relu"", ""batch_size"": 64, ""data_augmentation"": false, ""dr_f"": 0.108900109595, ""learning_rate"": 0.000350210773, ""new_fc_1"": 31, ""new_fc_10"": 3, ""new_fc_2"": 31, ""new_fc_3"": 11, ""new_fc_4"": 11, ""new_fc_5"": 15, ""new_fc_6"": 26, ""new_fc_7"": 9, ""new_fc_8"": 2, ""new_fc_9"": 10, ""num_neurons"": 4, ""optimizer"": ""Adagrad"", ""reg_l2"": true, ""skip_connection"": false, ""unit_c1"": 3, ""unit_c2"": 7}"
303,125,accuracy,0.9631999991834164,0.03680000081658363,0.3095439466666667,46431592.0,2324980.0,-0.23289681657160852,10775.0906,"{""activation"": ""elu"", ""batch_size"": 8, ""data_augmentation"": false, ""dr_f"": 0.186847148458, ""learning_rate"": 0.00056943148, ""new_fc_1"": 20, ""new_fc_10"": 22, ""new_fc_2"": 14, ""new_fc_3"": 15, ""new_fc_4"": 27, ""new_fc_5"": 6, ""new_fc_6"": 1, ""new_fc_7"": 13, ""new_fc_8"": 25, ""new_fc_9"": 18, ""num_neurons"": 16, ""optimizer"": ""SGD"", ""reg_l2"": true, ""skip_connection"": true, ""unit_c1"": 1, ""unit_c2"": 5}"
304,126,accuracy,0.9210999980568886,0.07890000194311142,0.04611024,6916536.0,191524.0,-0.34139692936017796,986.2214,"{""activation"": ""selu"", ""batch_size"": 16, ""data_augmentation"": true, ""dr_f"": 0.115742662134, ""learning_rate"": 0.000105354935, ""new_fc_1"": 13, ""new_fc_10"": 4, ""new_fc_2"": 4, ""new_fc_3"": 29, ""new_fc_4"": 7, ""new_fc_5"": 22, ""new_fc_6"": 3, ""new_fc_7"": 29, ""new_fc_8"": 27, ""new_fc_9"": 18, ""num_neurons"": 8, ""optimizer"": ""SGD"", ""reg_l2"": true, ""skip_connection"": false, ""unit_c1"": 2, ""unit_c2"": 1}"
305,126,flops,,,0.16542432,24813648.0,984836.0,,987.44,"{""activation"": ""relu"", ""batch_size"": 64, ""data_augmentation"": false, ""dr_f"": 0.2716907967, ""learning_rate"": 0.000391220483, ""new_fc_1"": 26, ""new_fc_10"": 4, ""new_fc_2"": 10, ""new_fc_3"": 7, ""new_fc_4"": 7, ""new_fc_5"": 18, ""new_fc_6"": 19, ""new_fc_7"": 9, ""new_fc_8"": 22, ""new_fc_9"": 5, ""num_neurons"": 8, ""optimizer"": ""Adamax"", ""reg_l2"": false, ""skip_connection"": false, ""unit_c1"": 1, ""unit_c2"": 8}"
306,126,flops,,,0.007160906666666667,1074136.0,49848.0,,988.7285,"{""activation"": ""elu"", ""batch_size"": 64, ""data_augmentation"": false, ""dr_f"": 0.155581493889, ""learning_rate"": 0.000559884684, ""new_fc_1"": 9, ""new_fc_10"": 4, ""new_fc_2"": 17, ""new_fc_3"": 14, ""new_fc_4"": 26, ""new_fc_5"": 2, ""new_fc_6"": 29, ""new_fc_7"": 27, ""new_fc_8"": 1, ""new_fc_9"": 15, ""num_neurons"": 4, ""optimizer"": ""Adagrad"", ""reg_l2"": true, ""skip_connection"": false, ""unit_c1"": 1, ""unit_c2"": 2}"
307,127,accuracy,0.9143000021576881,0.08569999784231186,0.0136824,2052360.0,50200.0,-0.35588527848961826,1553.6837,"{""activation"": ""selu"", ""batch_size"": 32, ""data_augmentation"": true, ""dr_f"": 0.096919379382, ""learning_rate"": 0.000858430917, ""new_fc_1"": 4, ""new_fc_10"": 26, ""new_fc_2"": 24, ""new_fc_3"": 22, ""new_fc_4"": 2, ""new_fc_5"": 3, ""new_fc_6"": 14, ""new_fc_7"": 29, ""new_fc_8"": 5, ""new_fc_9"": 27, ""num_neurons"": 4, ""optimizer"": ""SGD"", ""reg_l2"": true, ""skip_connection"": true, ""unit_c1"": 2, ""unit_c2"": 1}"
308,128,accuracy,0.6543000042438507,0.3456999957561493,0.09491776,14237664.0,321900.0,-0.5135146690293045,1999.4199,"{""activation"": ""swish"", ""batch_size"": 64, ""data_augmentation"": false, ""dr_f"": 0.265002206512, ""learning_rate"": 0.000655156227, ""new_fc_1"": 23, ""new_fc_10"": 22, ""new_fc_2"": 30, ""new_fc_3"": 22, ""new_fc_4"": 9, ""new_fc_5"": 7, ""new_fc_6"": 24, ""new_fc_7"": 27, ""new_fc_8"": 16, ""new_fc_9"": 7, ""num_neurons"": 8, ""optimizer"": ""Adam"", ""reg_l2"": false, ""skip_connection"": true, ""unit_c1"": 3, ""unit_c2"": 1}"
309,129,accuracy,0.9886999996379018,0.011300000362098217,0.029100506666666668,4365076.0,136860.0,-0.29917984825346877,2324.0764,"{""activation"": ""relu"", ""batch_size"": 32, ""data_augmentation"": true, ""dr_f"": 0.151828180769, ""learning_rate"": 0.000986941039, ""new_fc_1"": 25, ""new_fc_10"": 8, ""new_fc_2"": 31, ""new_fc_3"": 31, ""new_fc_4"": 30, ""new_fc_5"": 23, ""new_fc_6"": 32, ""new_fc_7"": 12, ""new_fc_8"": 6, ""new_fc_9"": 25, ""num_neurons"": 4, ""optimizer"": ""Adadelta"", ""reg_l2"": false, ""skip_connection"": false, ""unit_c1"": 3, ""unit_c2"": 2}"
310,130,accuracy,0.988599999807775,0.01140000019222498,0.007160906666666667,1074136.0,49848.0,-0.30583172813455745,2468.9055,"{""activation"": ""elu"", ""batch_size"": 64, ""data_augmentation"": false, ""dr_f"": 0.155581493889, ""learning_rate"": 0.000559884684, ""new_fc_1"": 9, ""new_fc_10"": 4, ""new_fc_2"": 17, ""new_fc_3"": 14, ""new_fc_4"": 26, ""new_fc_5"": 2, ""new_fc_6"": 29, ""new_fc_7"": 27, ""new_fc_8"": 1, ""new_fc_9"": 15, ""num_neurons"": 4, ""optimizer"": ""Adagrad"", ""reg_l2"": true, ""skip_connection"": false, ""unit_c1"": 1, ""unit_c2"": 2}"
311,130,flops,,,0.2690062933333333,40350944.0,983948.0,,2470.2247,"{""activation"": ""elu"", ""batch_size"": 16, ""data_augmentation"": false, ""dr_f"": 0.087045012935, ""learning_rate"": 0.000875902831, ""new_fc_1"": 30, ""new_fc_10"": 0, ""new_fc_2"": 16, ""new_fc_3"": 11, ""new_fc_4"": 26, ""new_fc_5"": 11, ""new_fc_6"": 25, ""new_fc_7"": 22, ""new_fc_8"": 13, ""new_fc_9"": 31, ""num_neurons"": 8, ""optimizer"": ""Adadelta"", ""reg_l2"": false, ""skip_connection"": false, ""unit_c1"": 4, ""unit_c2"": 6}"
312,131,accuracy,10000000000.0,,4.123233866666666,618485080.0,6747300.0,10000000000.0,2472.6369,"{""activation"": ""selu"", ""batch_size"": 8, ""data_augmentation"": true, ""dr_f"": 0.249958018195, ""learning_rate"": 0.000820179149, ""new_fc_1"": 12, ""new_fc_10"": 27, ""new_fc_2"": 11, ""new_fc_3"": 9, ""new_fc_4"": 16, ""new_fc_5"": 10, ""new_fc_6"": 4, ""new_fc_7"": 21, ""new_fc_8"": 5, ""new_fc_9"": 13, ""num_neurons"": 32, ""optimizer"": ""Adamax"", ""reg_l2"": false, ""skip_connection"": true, ""unit_c1"": 4, ""unit_c2"": 6}"
313,132,accuracy,10000000000.0,,5.24743824,787115736.0,6996068.0,10000000000.0,2475.2013,"{""activation"": ""selu"", ""batch_size"": 64, ""data_augmentation"": false, ""dr_f"": 0.052154451459, ""learning_rate"": 0.00033540014, ""new_fc_1"": 4, ""new_fc_10"": 22, ""new_fc_2"": 7, ""new_fc_3"": 25, ""new_fc_4"": 6, ""new_fc_5"": 28, ""new_fc_6"": 7, ""new_fc_7"": 1, ""new_fc_8"": 15, ""new_fc_9"": 15, ""num_neurons"": 64, ""optimizer"": ""Adadelta"", ""reg_l2"": true, ""skip_connection"": true, ""unit_c1"": 3, ""unit_c2"": 1}"
314,133,accuracy,0.6299999952316284,0.3700000047683716,0.9400786666666666,141011800.0,11836964.0,-0.2769764033378601,4421.0071,"{""activation"": ""selu"", ""batch_size"": 16, ""data_augmentation"": false, ""dr_f"": 0.156031444132, ""learning_rate"": 0.000299913086, ""new_fc_1"": 24, ""new_fc_10"": 20, ""new_fc_2"": 3, ""new_fc_3"": 10, ""new_fc_4"": 14, ""new_fc_5"": 19, ""new_fc_6"": 22, ""new_fc_7"": 8, ""new_fc_8"": 7, ""new_fc_9"": 5, ""num_neurons"": 64, ""optimizer"": ""Adagrad"", ""reg_l2"": false, ""skip_connection"": true, ""unit_c1"": 1, ""unit_c2"": 1}"
315,134,accuracy,10000000000.0,,8.993823306666666,1349073496.0,16094180.0,10000000000.0,4423.256,"{""activation"": ""swish"", ""batch_size"": 16, ""data_augmentation"": false, ""dr_f"": 0.28373173212, ""learning_rate"": 0.000294326528, ""new_fc_1"": 8, ""new_fc_10"": 10, ""new_fc_2"": 21, ""new_fc_3"": 8, ""new_fc_4"": 15, ""new_fc_5"": 26, ""new_fc_6"": 27, ""new_fc_7"": 26, ""new_fc_8"": 32, ""new_fc_9"": 3, ""num_neurons"": 64, ""optimizer"": ""Adadelta"", ""reg_l2"": true, ""skip_connection"": false, ""unit_c1"": 4, ""unit_c2"": 1}"
316,134,flops,,,12.89083792,1933625688.0,42117860.0,,4426.406,"{""activation"": ""swish"", ""batch_size"": 16, ""data_augmentation"": true, ""dr_f"": 0.242721006222, ""learning_rate"": 0.00060831086, ""new_fc_1"": 16, ""new_fc_10"": 29, ""new_fc_2"": 15, ""new_fc_3"": 5, ""new_fc_4"": 3, ""new_fc_5"": 22, ""new_fc_6"": 14, ""new_fc_7"": 7, ""new_fc_8"": 0, ""new_fc_9"": 13, ""num_neurons"": 64, ""optimizer"": ""SGD"", ""reg_l2"": false, ""skip_connection"": true, ""unit_c1"": 2, ""unit_c2"": 8}"
317,134,flops,,,0.63639824,95459736.0,1937012.0,,4427.8553,"{""activation"": ""selu"", ""batch_size"": 8, ""data_augmentation"": false, ""dr_f"": 0.148047302941, ""learning_rate"": 0.000155615264, ""new_fc_1"": 8, ""new_fc_10"": 31, ""new_fc_2"": 29, ""new_fc_3"": 4, ""new_fc_4"": 19, ""new_fc_5"": 18, ""new_fc_6"": 25, ""new_fc_7"": 1, ""new_fc_8"": 32, ""new_fc_9"": 21, ""num_neurons"": 16, ""optimizer"": ""Adagrad"", ""reg_l2"": false, ""skip_connection"": true, ""unit_c1"": 1, ""unit_c2"": 8}"
318,134,flops,,,0.21312773333333335,31969160.0,777140.0,,4429.1516,"{""activation"": ""relu"", ""batch_size"": 8, ""data_augmentation"": true, ""dr_f"": 0.144606486045, ""learning_rate"": 0.000987321036, ""new_fc_1"": 8, ""new_fc_10"": 17, ""new_fc_2"": 3, ""new_fc_3"": 27, ""new_fc_4"": 26, ""new_fc_5"": 9, ""new_fc_6"": 7, ""new_fc_7"": 10, ""new_fc_8"": 22, ""new_fc_9"": 10, ""num_neurons"": 16, ""optimizer"": ""Adagrad"", ""reg_l2"": false, ""skip_connection"": true, ""unit_c1"": 2, ""unit_c2"": 2}"
319,135,accuracy,0.9897999996319413,0.010200000368058681,0.19415386666666667,29123080.0,609164.0,-0.24889384025764108,5114.3779,"{""activation"": ""relu"", ""batch_size"": 8, ""data_augmentation"": true, ""dr_f"": 0.409330685684, ""learning_rate"": 0.000674927115, ""new_fc_1"": 17, ""new_fc_10"": 15, ""new_fc_2"": 11, ""new_fc_3"": 9, ""new_fc_4"": 28, ""new_fc_5"": 24, ""new_fc_6"": 7, ""new_fc_7"": 17, ""new_fc_8"": 15, ""new_fc_9"": 15, ""num_neurons"": 8, ""optimizer"": ""SGD"", ""reg_l2"": true, ""skip_connection"": false, ""unit_c1"": 3, ""unit_c2"": 6}"
320,136,accuracy,0.9900000002235174,0.009999999776482582,0.03710096,5565144.0,100740.0,-0.29586971184353783,5499.5142,"{""activation"": ""relu"", ""batch_size"": 16, ""data_augmentation"": false, ""dr_f"": 0.111890066554, ""learning_rate"": 0.000319685164, ""new_fc_1"": 4, ""new_fc_10"": 20, ""new_fc_2"": 19, ""new_fc_3"": 32, ""new_fc_4"": 30, ""new_fc_5"": 20, ""new_fc_6"": 31, ""new_fc_7"": 1, ""new_fc_8"": 26, ""new_fc_9"": 17, ""num_neurons"": 4, ""optimizer"": ""Adam"", ""reg_l2"": true, ""skip_connection"": true, ""unit_c1"": 2, ""unit_c2"": 6}"
321,136,flops,,,16.378672373333334,2456800856.0,55978020.0,,5502.937,"{""activation"": ""relu"", ""batch_size"": 16, ""data_augmentation"": false, ""dr_f"": 0.374047939107, ""learning_rate"": 0.00052993339, ""new_fc_1"": 0, ""new_fc_10"": 30, ""new_fc_2"": 18, ""new_fc_3"": 15, ""new_fc_4"": 32, ""new_fc_5"": 12, ""new_fc_6"": 16, ""new_fc_7"": 17, ""new_fc_8"": 23, ""new_fc_9"": 29, ""num_neurons"": 64, ""optimizer"": ""SGD"", ""reg_l2"": false, ""skip_connection"": false, ""unit_c1"": 3, ""unit_c2"": 8}"
322,136,flops,,,0.20939306666666666,31408960.0,631628.0,,5504.219,"{""activation"": ""elu"", ""batch_size"": 8, ""data_augmentation"": true, ""dr_f"": 0.433325693291, ""learning_rate"": 0.000966411997, ""new_fc_1"": 27, ""new_fc_10"": 1, ""new_fc_2"": 29, ""new_fc_3"": 3, ""new_fc_4"": 5, ""new_fc_5"": 26, ""new_fc_6"": 20, ""new_fc_7"": 24, ""new_fc_8"": 10, ""new_fc_9"": 20, ""num_neurons"": 8, ""optimizer"": ""Adam"", ""reg_l2"": false, ""skip_connection"": false, ""unit_c1"": 4, ""unit_c2"": 4}"
323,137,accuracy,0.9900000002235174,0.009999999776482582,0.029361546666666665,4404232.0,80680.0,-0.2981915358435378,5889.2695,"{""activation"": ""relu"", ""batch_size"": 16, ""data_augmentation"": false, ""dr_f"": 0.383255779982, ""learning_rate"": 0.000375923083, ""new_fc_1"": 18, ""new_fc_10"": 20, ""new_fc_2"": 8, ""new_fc_3"": 29, ""new_fc_4"": 5, ""new_fc_5"": 0, ""new_fc_6"": 7, ""new_fc_7"": 30, ""new_fc_8"": 12, ""new_fc_9"": 27, ""num_neurons"": 4, ""optimizer"": ""Adam"", ""reg_l2"": true, ""skip_connection"": true, ""unit_c1"": 3, ""unit_c2"": 2}"
324,138,accuracy,0.9900000002235174,0.009999999776482582,0.14405536,21608304.0,638876.0,-0.26378339184353783,6274.8933,"{""activation"": ""relu"", ""batch_size"": 16, ""data_augmentation"": true, ""dr_f"": 0.461103927961, ""learning_rate"": 0.000793108747, ""new_fc_1"": 21, ""new_fc_10"": 16, ""new_fc_2"": 1, ""new_fc_3"": 31, ""new_fc_4"": 10, ""new_fc_5"": 8, ""new_fc_6"": 5, ""new_fc_7"": 2, ""new_fc_8"": 9, ""new_fc_9"": 28, ""num_neurons"": 8, ""optimizer"": ""Adagrad"", ""reg_l2"": true, ""skip_connection"": true, ""unit_c1"": 2, ""unit_c2"": 6}"
325,139,accuracy,10000000000.0,,1.0504348266666668,157565224.0,1882036.0,10000000000.0,6276.1631,"{""activation"": ""swish"", ""batch_size"": 16, ""data_augmentation"": false, ""dr_f"": 0.338645458931, ""learning_rate"": 0.00021710043, ""new_fc_1"": 10, ""new_fc_10"": 4, ""new_fc_2"": 14, ""new_fc_3"": 25, ""new_fc_4"": 7, ""new_fc_5"": 29, ""new_fc_6"": 29, ""new_fc_7"": 5, ""new_fc_8"": 29, ""new_fc_9"": 23, ""num_neurons"": 16, ""optimizer"": ""Adamax"", ""reg_l2"": false, ""skip_connection"": true, ""unit_c1"": 4, ""unit_c2"": 6}"
326,140,accuracy,0.9640000015497208,0.035999998450279236,0.11358176,17037264.0,300580.0,-0.2911254709151955,7441.7351,"{""activation"": ""selu"", ""batch_size"": 8, ""data_augmentation"": true, ""dr_f"": 0.389051909593, ""learning_rate"": 0.000474014114, ""new_fc_1"": 8, ""new_fc_10"": 30, ""new_fc_2"": 6, ""new_fc_3"": 31, ""new_fc_4"": 3, ""new_fc_5"": 14, ""new_fc_6"": 24, ""new_fc_7"": 6, ""new_fc_8"": 9, ""new_fc_9"": 12, ""num_neurons"": 8, ""optimizer"": ""Adam"", ""reg_l2"": true, ""skip_connection"": true, ""unit_c1"": 2, ""unit_c2"": 5}"
327,140,flops,,,0.26707184,40060776.0,303716.0,,7442.9008,"{""activation"": ""selu"", ""batch_size"": 8, ""data_augmentation"": false, ""dr_f"": 0.470315009342, ""learning_rate"": 0.000844973086, ""new_fc_1"": 8, ""new_fc_10"": 6, ""new_fc_2"": 1, ""new_fc_3"": 25, ""new_fc_4"": 7, ""new_fc_5"": 26, ""new_fc_6"": 6, ""new_fc_7"": 18, ""new_fc_8"": 4, ""new_fc_9"": 13, ""num_neurons"": 8, ""optimizer"": ""Adagrad"", ""reg_l2"": false, ""skip_connection"": true, ""unit_c1"": 4, ""unit_c2"": 6}"
328,141,accuracy,0.9800000004470348,0.019999999552965164,0.5462333333333333,81935000.0,884756.0,-0.1501299996870756,7888.0508,"{""activation"": ""relu"", ""batch_size"": 16, ""data_augmentation"": false, ""dr_f"": 0.473589262283, ""learning_rate"": 0.000972449309, ""new_fc_1"": 5, ""new_fc_10"": 2, ""new_fc_2"": 1, ""new_fc_3"": 20, ""new_fc_4"": 29, ""new_fc_5"": 21, ""new_fc_6"": 24, ""new_fc_7"": 1, ""new_fc_8"": 6, ""new_fc_9"": 7, ""num_neurons"": 16, ""optimizer"": ""Adamax"", ""reg_l2"": false, ""skip_connection"": true, ""unit_c1"": 3, ""unit_c2"": 4}"
329,142,accuracy,0.9821000006049871,0.017899999395012856,0.00750152,1125228.0,48772.0,-0.310279543576509,8693.0313,"{""activation"": ""elu"", ""batch_size"": 8, ""data_augmentation"": true, ""dr_f"": 0.03622543291, ""learning_rate"": 0.000722613779, ""new_fc_1"": 9, ""new_fc_10"": 0, ""new_fc_2"": 0, ""new_fc_3"": 11, ""new_fc_4"": 31, ""new_fc_5"": 7, ""new_fc_6"": 13, ""new_fc_7"": 18, ""new_fc_8"": 13, ""new_fc_9"": 15, ""num_neurons"": 4, ""optimizer"": ""Adadelta"", ""reg_l2"": true, ""skip_connection"": true, ""unit_c1"": 1, ""unit_c2"": 2}"
330,143,accuracy,0.9925999999977648,0.007400000002235174,0.050712773333333336,7606916.0,86932.0,-0.2899661680015646,9078.3185,"{""activation"": ""relu"", ""batch_size"": 16, ""data_augmentation"": false, ""dr_f"": 0.246522638587, ""learning_rate"": 0.000880572675, ""new_fc_1"": 9, ""new_fc_10"": 5, ""new_fc_2"": 5, ""new_fc_3"": 28, ""new_fc_4"": 31, ""new_fc_5"": 28, ""new_fc_6"": 13, ""new_fc_7"": 12, ""new_fc_8"": 17, ""new_fc_9"": 23, ""num_neurons"": 4, ""optimizer"": ""Adadelta"", ""reg_l2"": false, ""skip_connection"": true, ""unit_c1"": 4, ""unit_c2"": 3}"
331,144,accuracy,10000000000.0,,3.04436816,456655224.0,13702372.0,10000000000.0,9081.0248,"{""activation"": ""relu"", ""batch_size"": 8, ""data_augmentation"": true, ""dr_f"": 0.135325332765, ""learning_rate"": 0.000661378155, ""new_fc_1"": 25, ""new_fc_10"": 30, ""new_fc_2"": 11, ""new_fc_3"": 15, ""new_fc_4"": 29, ""new_fc_5"": 8, ""new_fc_6"": 22, ""new_fc_7"": 30, ""new_fc_8"": 17, ""new_fc_9"": 14, ""num_neurons"": 32, ""optimizer"": ""SGD"", ""reg_l2"": true, ""skip_connection"": false, ""unit_c1"": 3, ""unit_c2"": 6}"
332,145,accuracy,0.9900000002235174,0.009999999776482582,0.05033024,7549536.0,69736.0,-0.2919009278435378,9466.5011,"{""activation"": ""swish"", ""batch_size"": 16, ""data_augmentation"": true, ""dr_f"": 0.336925701375, ""learning_rate"": 0.000956097722, ""new_fc_1"": 5, ""new_fc_10"": 20, ""new_fc_2"": 19, ""new_fc_3"": 28, ""new_fc_4"": 1, ""new_fc_5"": 1, ""new_fc_6"": 22, ""new_fc_7"": 11, ""new_fc_8"": 1, ""new_fc_9"": 18, ""num_neurons"": 4, ""optimizer"": ""Adamax"", ""reg_l2"": true, ""skip_connection"": false, ""unit_c1"": 3, ""unit_c2"": 6}"
333,146,accuracy,10000000000.0,,1.1572191466666666,173582872.0,10075268.0,10000000000.0,9468.3085,"{""activation"": ""relu"", ""batch_size"": 8, ""data_augmentation"": true, ""dr_f"": 0.308722314568, ""learning_rate"": 0.000892347316, ""new_fc_1"": 32, ""new_fc_10"": 2, ""new_fc_2"": 28, ""new_fc_3"": 32, ""new_fc_4"": 28, ""new_fc_5"": 14, ""new_fc_6"": 14, ""new_fc_7"": 5, ""new_fc_8"": 10, ""new_fc_9"": 9, ""num_neurons"": 32, ""optimizer"": ""Adamax"", ""reg_l2"": true, ""skip_connection"": true, ""unit_c1"": 2, ""unit_c2"": 3}"
334,147,accuracy,0.7263000011444092,0.2736999988555908,0.0942104,14131560.0,501284.0,-0.4633268791989135,11533.5028,"{""activation"": ""elu"", ""batch_size"": 8, ""data_augmentation"": false, ""dr_f"": 0.164194636154, ""learning_rate"": 0.000865064383, ""new_fc_1"": 16, ""new_fc_10"": 16, ""new_fc_2"": 19, ""new_fc_3"": 20, ""new_fc_4"": 17, ""new_fc_5"": 3, ""new_fc_6"": 1, ""new_fc_7"": 28, ""new_fc_8"": 31, ""new_fc_9"": 27, ""num_neurons"": 8, ""optimizer"": ""SGD"", ""reg_l2"": false, ""skip_connection"": true, ""unit_c1"": 2, ""unit_c2"": 4}"
335,147,flops,,,0.80072848,120109272.0,1652772.0,,11534.9354,"{""activation"": ""selu"", ""batch_size"": 64, ""data_augmentation"": true, ""dr_f"": 0.052551138937, ""learning_rate"": 0.000450884974, ""new_fc_1"": 17, ""new_fc_10"": 22, ""new_fc_2"": 5, ""new_fc_3"": 23, ""new_fc_4"": 8, ""new_fc_5"": 23, ""new_fc_6"": 13, ""new_fc_7"": 30, ""new_fc_8"": 1, ""new_fc_9"": 10, ""num_neurons"": 16, ""optimizer"": ""Adagrad"", ""reg_l2"": false, ""skip_connection"": false, ""unit_c1"": 4, ""unit_c2"": 4}"
336,148,accuracy,10000000000.0,,2.5790668266666668,386860024.0,7367236.0,10000000000.0,11537.4181,"{""activation"": ""relu"", ""batch_size"": 16, ""data_augmentation"": false, ""dr_f"": 0.333166352313, ""learning_rate"": 0.000601697766, ""new_fc_1"": 12, ""new_fc_10"": 20, ""new_fc_2"": 25, ""new_fc_3"": 26, ""new_fc_4"": 27, ""new_fc_5"": 23, ""new_fc_6"": 5, ""new_fc_7"": 21, ""new_fc_8"": 6, ""new_fc_9"": 8, ""num_neurons"": 32, ""optimizer"": ""SGD"", ""reg_l2"": true, ""skip_connection"": true, ""unit_c1"": 3, ""unit_c2"": 5}"
337,148,flops,,,21.15550096,3173325144.0,73187684.0,,11541.4444,"{""activation"": ""relu"", ""batch_size"": 8, ""data_augmentation"": false, ""dr_f"": 0.248009023813, ""learning_rate"": 0.00010225084, ""new_fc_1"": 28, ""new_fc_10"": 15, ""new_fc_2"": 19, ""new_fc_3"": 10, ""new_fc_4"": 6, ""new_fc_5"": 6, ""new_fc_6"": 13, ""new_fc_7"": 28, ""new_fc_8"": 31, ""new_fc_9"": 8, ""num_neurons"": 64, ""optimizer"": ""Adagrad"", ""reg_l2"": false, ""skip_connection"": false, ""unit_c1"": 4, ""unit_c2"": 8}"
338,148,flops,,,1.32584272,198876408.0,3410756.0,,11542.9334,"{""activation"": ""selu"", ""batch_size"": 32, ""data_augmentation"": true, ""dr_f"": 0.400542994659, ""learning_rate"": 0.000237741324, ""new_fc_1"": 18, ""new_fc_10"": 8, ""new_fc_2"": 0, ""new_fc_3"": 14, ""new_fc_4"": 29, ""new_fc_5"": 17, ""new_fc_6"": 4, ""new_fc_7"": 25, ""new_fc_8"": 31, ""new_fc_9"": 24, ""num_neurons"": 16, ""optimizer"": ""Adadelta"", ""reg_l2"": true, ""skip_connection"": false, ""unit_c1"": 4, ""unit_c2"": 8}"
339,148,flops,,,0.025514213333333334,3827132.0,62372.0,,11544.2674,"{""activation"": ""swish"", ""batch_size"": 64, ""data_augmentation"": true, ""dr_f"": 0.030937315027, ""learning_rate"": 0.000479139681, ""new_fc_1"": 19, ""new_fc_10"": 6, ""new_fc_2"": 1, ""new_fc_3"": 27, ""new_fc_4"": 32, ""new_fc_5"": 28, ""new_fc_6"": 14, ""new_fc_7"": 4, ""new_fc_8"": 14, ""new_fc_9"": 2, ""num_neurons"": 4, ""optimizer"": ""Adagrad"", ""reg_l2"": false, ""skip_connection"": false, ""unit_c1"": 3, ""unit_c2"": 1}"
340,148,flops,,,3.19578256,479367384.0,7498148.0,,11545.9044,"{""activation"": ""relu"", ""batch_size"": 64, ""data_augmentation"": false, ""dr_f"": 0.080947535606, ""learning_rate"": 0.000654181471, ""new_fc_1"": 10, ""new_fc_10"": 1, ""new_fc_2"": 1, ""new_fc_3"": 10, ""new_fc_4"": 3, ""new_fc_5"": 13, ""new_fc_6"": 20, ""new_fc_7"": 28, ""new_fc_8"": 14, ""new_fc_9"": 8, ""num_neurons"": 32, ""optimizer"": ""Adamax"", ""reg_l2"": true, ""skip_connection"": true, ""unit_c1"": 2, ""unit_c2"": 8}"
341,149,accuracy,0.9908999996259809,0.009100000374019146,0.0075121066666666665,1126816.0,49608.0,-0.3041163682618134,11752.308,"{""activation"": ""selu"", ""batch_size"": 32, ""data_augmentation"": true, ""dr_f"": 0.368811720299, ""learning_rate"": 0.000885537677, ""new_fc_1"": 10, ""new_fc_10"": 32, ""new_fc_2"": 27, ""new_fc_3"": 1, ""new_fc_4"": 20, ""new_fc_5"": 3, ""new_fc_6"": 3, ""new_fc_7"": 29, ""new_fc_8"": 8, ""new_fc_9"": 5, ""num_neurons"": 4, ""optimizer"": ""SGD"", ""reg_l2"": true, ""skip_connection"": true, ""unit_c1"": 1, ""unit_c2"": 2}"
342,149,flops,,,0.052962746666666664,7944412.0,200000.0,,11753.8364,"{""activation"": ""elu"", ""batch_size"": 64, ""data_augmentation"": false, ""dr_f"": 0.22000117514, ""learning_rate"": 0.000519233645, ""new_fc_1"": 18, ""new_fc_10"": 25, ""new_fc_2"": 12, ""new_fc_3"": 16, ""new_fc_4"": 6, ""new_fc_5"": 4, ""new_fc_6"": 28, ""new_fc_7"": 10, ""new_fc_8"": 14, ""new_fc_9"": 20, ""num_neurons"": 4, ""optimizer"": ""Adagrad"", ""reg_l2"": false, ""skip_connection"": false, ""unit_c1"": 2, ""unit_c2"": 8}"
343,149,flops,,,0.6849821333333334,102747320.0,2883828.0,,11755.5287,"{""activation"": ""elu"", ""batch_size"": 32, ""data_augmentation"": false, ""dr_f"": 0.240136446275, ""learning_rate"": 0.000474313851, ""new_fc_1"": 19, ""new_fc_10"": 1, ""new_fc_2"": 14, ""new_fc_3"": 30, ""new_fc_4"": 5, ""new_fc_5"": 20, ""new_fc_6"": 27, ""new_fc_7"": 11, ""new_fc_8"": 10, ""new_fc_9"": 21, ""num_neurons"": 16, ""optimizer"": ""Adagrad"", ""reg_l2"": true, ""skip_connection"": true, ""unit_c1"": 2, ""unit_c2"": 7}"
344,149,flops,,,20.450962506666666,3067644376.0,20345572.0,,11757.8296,"{""activation"": ""elu"", ""batch_size"": 8, ""data_augmentation"": false, ""dr_f"": 0.421158311643, ""learning_rate"": 0.000371607832, ""new_fc_1"": 5, ""new_fc_10"": 6, ""new_fc_2"": 7, ""new_fc_3"": 20, ""new_fc_4"": 32, ""new_fc_5"": 6, ""new_fc_6"": 17, ""new_fc_7"": 15, ""new_fc_8"": 1, ""new_fc_9"": 1, ""num_neurons"": 64, ""optimizer"": ""Adadelta"", ""reg_l2"": true, ""skip_connection"": false, ""unit_c1"": 4, ""unit_c2"": 8}"
345,150,accuracy,10000000000.0,,2.49089168,373633752.0,4015076.0,10000000000.0,11759.2483,"{""activation"": ""elu"", ""batch_size"": 16, ""data_augmentation"": true, ""dr_f"": 0.204967578337, ""learning_rate"": 0.000988048929, ""new_fc_1"": 2, ""new_fc_10"": 32, ""new_fc_2"": 15, ""new_fc_3"": 30, ""new_fc_4"": 5, ""new_fc_5"": 32, ""new_fc_6"": 27, ""new_fc_7"": 23, ""new_fc_8"": 4, ""new_fc_9"": 26, ""num_neurons"": 32, ""optimizer"": ""Adamax"", ""reg_l2"": true, ""skip_connection"": false, ""unit_c1"": 4, ""unit_c2"": 2}"
346,150,flops,,,0.16096362666666666,24144544.0,470836.0,,1.8451,"{""activation"": ""selu"", ""batch_size"": 32, ""data_augmentation"": true, ""dr_f"": 0.273627240624, ""learning_rate"": 0.000252440282, ""new_fc_1"": 6, ""new_fc_10"": 0, ""new_fc_2"": 0, ""new_fc_3"": 30, ""new_fc_4"": 23, ""new_fc_5"": 9, ""new_fc_6"": 24, ""new_fc_7"": 28, ""new_fc_8"": 27, ""new_fc_9"": 22, ""num_neurons"": 8, ""optimizer"": ""Adagrad"", ""reg_l2"": true, ""skip_connection"": true, ""unit_c1"": 1, ""unit_c2"": 8}"
347,150,flops,,,10.238838346666666,1535825752.0,46776740.0,,4.9673,"{""activation"": ""selu"", ""batch_size"": 64, ""data_augmentation"": false, ""dr_f"": 0.314076718561, ""learning_rate"": 0.000319531939, ""new_fc_1"": 32, ""new_fc_10"": 12, ""new_fc_2"": 5, ""new_fc_3"": 31, ""new_fc_4"": 6, ""new_fc_5"": 1, ""new_fc_6"": 3, ""new_fc_7"": 17, ""new_fc_8"": 6, ""new_fc_9"": 3, ""num_neurons"": 64, ""optimizer"": ""Adadelta"", ""reg_l2"": true, ""skip_connection"": false, ""unit_c1"": 3, ""unit_c2"": 5}"
348,151,accuracy,10000000000.0,,3.6246621333333335,543699320.0,13677188.0,10000000000.0,6.9367,"{""activation"": ""selu"", ""batch_size"": 8, ""data_augmentation"": false, ""dr_f"": 0.202701747749, ""learning_rate"": 0.000441076076, ""new_fc_1"": 22, ""new_fc_10"": 8, ""new_fc_2"": 26, ""new_fc_3"": 19, ""new_fc_4"": 16, ""new_fc_5"": 7, ""new_fc_6"": 32, ""new_fc_7"": 2, ""new_fc_8"": 27, ""new_fc_9"": 26, ""num_neurons"": 32, ""optimizer"": ""SGD"", ""reg_l2"": true, ""skip_connection"": true, ""unit_c1"": 3, ""unit_c2"": 7}"
349,152,accuracy,0.9900000002235174,0.009999999776482582,0.20939306666666666,31408960.0,631628.0,-0.2441820798435378,692.9677,"{""activation"": ""elu"", ""batch_size"": 8, ""data_augmentation"": true, ""dr_f"": 0.433325693291, ""learning_rate"": 0.000966411997, ""new_fc_1"": 27, ""new_fc_10"": 1, ""new_fc_2"": 29, ""new_fc_3"": 3, ""new_fc_4"": 5, ""new_fc_5"": 26, ""new_fc_6"": 20, ""new_fc_7"": 24, ""new_fc_8"": 10, ""new_fc_9"": 20, ""num_neurons"": 8, ""optimizer"": ""Adam"", ""reg_l2"": false, ""skip_connection"": false, ""unit_c1"": 4, ""unit_c2"": 4}"
350,153,accuracy,0.9900000002235174,0.009999999776482582,0.018054666666666667,2708200.0,179724.0,-0.30158359984353783,1498.932,"{""activation"": ""swish"", ""batch_size"": 8, ""data_augmentation"": false, ""dr_f"": 0.09671845456, ""learning_rate"": 0.000185737274, ""new_fc_1"": 13, ""new_fc_10"": 7, ""new_fc_2"": 2, ""new_fc_3"": 25, ""new_fc_4"": 2, ""new_fc_5"": 23, ""new_fc_6"": 22, ""new_fc_7"": 30, ""new_fc_8"": 5, ""new_fc_9"": 29, ""num_neurons"": 8, ""optimizer"": ""Adadelta"", ""reg_l2"": true, ""skip_connection"": true, ""unit_c1"": 1, ""unit_c2"": 1}"
351,154,accuracy,10000000000.0,,1.56240592,234360888.0,4031204.0,10000000000.0,1500.5972,"{""activation"": ""selu"", ""batch_size"": 16, ""data_augmentation"": true, ""dr_f"": 0.265051369502, ""learning_rate"": 0.000817011447, ""new_fc_1"": 9, ""new_fc_10"": 9, ""new_fc_2"": 22, ""new_fc_3"": 32, ""new_fc_4"": 15, ""new_fc_5"": 16, ""new_fc_6"": 31, ""new_fc_7"": 3, ""new_fc_8"": 30, ""new_fc_9"": 0, ""num_neurons"": 32, ""optimizer"": ""Adadelta"", ""reg_l2"": false, ""skip_connection"": true, ""unit_c1"": 3, ""unit_c2"": 2}"
352,154,flops,,,0.20505269333333334,30757904.0,781004.0,,1501.8403,"{""activation"": ""selu"", ""batch_size"": 16, ""data_augmentation"": true, ""dr_f"": 0.351240899868, ""learning_rate"": 0.000588026031, ""new_fc_1"": 18, ""new_fc_10"": 17, ""new_fc_2"": 25, ""new_fc_3"": 12, ""new_fc_4"": 5, ""new_fc_5"": 7, ""new_fc_6"": 9, ""new_fc_7"": 5, ""new_fc_8"": 17, ""new_fc_9"": 28, ""num_neurons"": 8, ""optimizer"": ""Adagrad"", ""reg_l2"": true, ""skip_connection"": false, ""unit_c1"": 2, ""unit_c2"": 8}"
353,154,flops,,,14.198933493333334,2129840024.0,30934820.0,,1504.4354,"{""activation"": ""selu"", ""batch_size"": 8, ""data_augmentation"": false, ""dr_f"": 0.088110607004, ""learning_rate"": 0.000606362475, ""new_fc_1"": 15, ""new_fc_10"": 30, ""new_fc_2"": 15, ""new_fc_3"": 2, ""new_fc_4"": 14, ""new_fc_5"": 31, ""new_fc_6"": 14, ""new_fc_7"": 19, ""new_fc_8"": 15, ""new_fc_9"": 10, ""num_neurons"": 64, ""optimizer"": ""Adamax"", ""reg_l2"": false, ""skip_connection"": false, ""unit_c1"": 4, ""unit_c2"": 5}"
354,155,accuracy,0.9901999998837709,0.009800000116229057,0.46527013333333334,69790520.0,3137620.0,-0.16727896008136034,2189.7298,"{""activation"": ""relu"", ""batch_size"": 8, ""data_augmentation"": true, ""dr_f"": 0.48024815073, ""learning_rate"": 0.00030901784, ""new_fc_1"": 30, ""new_fc_10"": 32, ""new_fc_2"": 24, ""new_fc_3"": 11, ""new_fc_4"": 26, ""new_fc_5"": 1, ""new_fc_6"": 5, ""new_fc_7"": 2, ""new_fc_8"": 32, ""new_fc_9"": 11, ""num_neurons"": 16, ""optimizer"": ""SGD"", ""reg_l2"": false, ""skip_connection"": true, ""unit_c1"": 2, ""unit_c2"": 5}"
355,155,flops,,,3.22833936,484250904.0,11963556.0,,2191.6859,"{""activation"": ""swish"", ""batch_size"": 64, ""data_augmentation"": true, ""dr_f"": 0.125715411576, ""learning_rate"": 0.000741470475, ""new_fc_1"": 30, ""new_fc_10"": 7, ""new_fc_2"": 17, ""new_fc_3"": 23, ""new_fc_4"": 16, ""new_fc_5"": 22, ""new_fc_6"": 21, ""new_fc_7"": 9, ""new_fc_8"": 28, ""new_fc_9"": 29, ""num_neurons"": 32, ""optimizer"": ""Adamax"", ""reg_l2"": true, ""skip_connection"": false, ""unit_c1"": 4, ""unit_c2"": 4}"
356,156,accuracy,10000000000.0,,2.92527632,438791448.0,4769668.0,10000000000.0,2193.2168,"{""activation"": ""relu"", ""batch_size"": 16, ""data_augmentation"": true, ""dr_f"": 0.073910725861, ""learning_rate"": 0.000607472138, ""new_fc_1"": 5, ""new_fc_10"": 24, ""new_fc_2"": 28, ""new_fc_3"": 0, ""new_fc_4"": 12, ""new_fc_5"": 30, ""new_fc_6"": 5, ""new_fc_7"": 6, ""new_fc_8"": 8, ""new_fc_9"": 32, ""num_neurons"": 32, ""optimizer"": ""Adam"", ""reg_l2"": false, ""skip_connection"": false, ""unit_c1"": 3, ""unit_c2"": 6}"
357,156,flops,,,0.17468490666666667,26202736.0,695156.0,,2194.8521,"{""activation"": ""elu"", ""batch_size"": 64, ""data_augmentation"": true, ""dr_f"": 0.222141730886, ""learning_rate"": 0.000945758668, ""new_fc_1"": 19, ""new_fc_10"": 18, ""new_fc_2"": 15, ""new_fc_3"": 9, ""new_fc_4"": 2, ""new_fc_5"": 18, ""new_fc_6"": 24, ""new_fc_7"": 15, ""new_fc_8"": 3, ""new_fc_9"": 8, ""num_neurons"": 8, ""optimizer"": ""SGD"", ""reg_l2"": true, ""skip_connection"": true, ""unit_c1"": 2, ""unit_c2"": 7}"
358,157,accuracy,0.9900000002235174,0.009999999776482582,0.12060128,18090192.0,326996.0,-0.2708196158435378,2940.8269,"{""activation"": ""swish"", ""batch_size"": 8, ""data_augmentation"": true, ""dr_f"": 0.14029838586, ""learning_rate"": 0.000439132216, ""new_fc_1"": 17, ""new_fc_10"": 17, ""new_fc_2"": 27, ""new_fc_3"": 10, ""new_fc_4"": 27, ""new_fc_5"": 5, ""new_fc_6"": 7, ""new_fc_7"": 6, ""new_fc_8"": 1, ""new_fc_9"": 8, ""num_neurons"": 8, ""optimizer"": ""Adam"", ""reg_l2"": true, ""skip_connection"": false, ""unit_c1"": 3, ""unit_c2"": 3}"
359,158,accuracy,0.9908999996259809,0.009100000374019146,0.26707184,40060776.0,303716.0,-0.22624844826181337,3686.4754,"{""activation"": ""selu"", ""batch_size"": 8, ""data_augmentation"": false, ""dr_f"": 0.470315009342, ""learning_rate"": 0.000844973086, ""new_fc_1"": 8, ""new_fc_10"": 6, ""new_fc_2"": 1, ""new_fc_3"": 25, ""new_fc_4"": 7, ""new_fc_5"": 26, ""new_fc_6"": 6, ""new_fc_7"": 18, ""new_fc_8"": 4, ""new_fc_9"": 13, ""num_neurons"": 8, ""optimizer"": ""Adagrad"", ""reg_l2"": false, ""skip_connection"": true, ""unit_c1"": 4, ""unit_c2"": 6}"
360,159,accuracy,0.806999996304512,0.19300000369548798,0.63639824,95459736.0,1937012.0,-0.24418053058684158,5932.2077,"{""activation"": ""selu"", ""batch_size"": 8, ""data_augmentation"": false, ""dr_f"": 0.148047302941, ""learning_rate"": 0.000155615264, ""new_fc_1"": 8, ""new_fc_10"": 31, ""new_fc_2"": 29, ""new_fc_3"": 4, ""new_fc_4"": 19, ""new_fc_5"": 18, ""new_fc_6"": 25, ""new_fc_7"": 1, ""new_fc_8"": 32, ""new_fc_9"": 21, ""num_neurons"": 16, ""optimizer"": ""Adagrad"", ""reg_l2"": false, ""skip_connection"": true, ""unit_c1"": 1, ""unit_c2"": 8}"
361,160,accuracy,0.9906000001356006,0.009399999864399433,0.9503279466666666,142549192.0,3466148.0,-0.02148161590507961,6198.0657,"{""activation"": ""swish"", ""batch_size"": 64, ""data_augmentation"": false, ""dr_f"": 0.479020789902, ""learning_rate"": 0.000973631742, ""new_fc_1"": 31, ""new_fc_10"": 7, ""new_fc_2"": 17, ""new_fc_3"": 25, ""new_fc_4"": 17, ""new_fc_5"": 8, ""new_fc_6"": 32, ""new_fc_7"": 24, ""new_fc_8"": 4, ""new_fc_9"": 32, ""num_neurons"": 16, ""optimizer"": ""SGD"", ""reg_l2"": true, ""skip_connection"": true, ""unit_c1"": 4, ""unit_c2"": 5}"
362,161,accuracy,0.8907999992370605,0.10920000076293945,0.07475418666666667,11213128.0,362668.0,-0.35401374453405765,6522.9285,"{""activation"": ""elu"", ""batch_size"": 32, ""data_augmentation"": true, ""dr_f"": 0.428560764157, ""learning_rate"": 0.000688769844, ""new_fc_1"": 13, ""new_fc_10"": 7, ""new_fc_2"": 5, ""new_fc_3"": 9, ""new_fc_4"": 15, ""new_fc_5"": 19, ""new_fc_6"": 5, ""new_fc_7"": 19, ""new_fc_8"": 7, ""new_fc_9"": 19, ""num_neurons"": 8, ""optimizer"": ""Adam"", ""reg_l2"": false, ""skip_connection"": false, ""unit_c1"": 1, ""unit_c2"": 5}"
363,161,flops,,,9.838469706666666,1475770456.0,12544676.0,,6524.8063,"{""activation"": ""elu"", ""batch_size"": 16, ""data_augmentation"": false, ""dr_f"": 0.497960771184, ""learning_rate"": 0.000551077946, ""new_fc_1"": 2, ""new_fc_10"": 26, ""new_fc_2"": 9, ""new_fc_3"": 27, ""new_fc_4"": 2, ""new_fc_5"": 30, ""new_fc_6"": 25, ""new_fc_7"": 5, ""new_fc_8"": 9, ""new_fc_9"": 1, ""num_neurons"": 64, ""optimizer"": ""SGD"", ""reg_l2"": true, ""skip_connection"": true, ""unit_c1"": 1, ""unit_c2"": 8}"
364,162,accuracy,10000000000.0,,16.960956746666668,2544143512.0,73665892.0,10000000000.0,6528.9587,"{""activation"": ""selu"", ""batch_size"": 64, ""data_augmentation"": true, ""dr_f"": 0.280536768428, ""learning_rate"": 0.000575710032, ""new_fc_1"": 26, ""new_fc_10"": 28, ""new_fc_2"": 15, ""new_fc_3"": 17, ""new_fc_4"": 26, ""new_fc_5"": 17, ""new_fc_6"": 23, ""new_fc_7"": 0, ""new_fc_8"": 29, ""new_fc_9"": 20, ""num_neurons"": 64, ""optimizer"": ""Adamax"", ""reg_l2"": false, ""skip_connection"": true, ""unit_c1"": 3, ""unit_c2"": 8}"
365,163,accuracy,0.9896999998018146,0.010300000198185444,0.38354896,57532344.0,4179108.0,-0.19214531213872982,6734.6987,"{""activation"": ""swish"", ""batch_size"": 64, ""data_augmentation"": true, ""dr_f"": 0.081367781419, ""learning_rate"": 0.000451781611, ""new_fc_1"": 5, ""new_fc_10"": 14, ""new_fc_2"": 5, ""new_fc_3"": 4, ""new_fc_4"": 15, ""new_fc_5"": 29, ""new_fc_6"": 18, ""new_fc_7"": 29, ""new_fc_8"": 29, ""new_fc_9"": 21, ""num_neurons"": 32, ""optimizer"": ""Adadelta"", ""reg_l2"": false, ""skip_connection"": false, ""unit_c1"": 1, ""unit_c2"": 2}"
366,164,accuracy,0.966499999165535,0.03350000083446503,0.14307904,21461856.0,603556.0,-0.2805262885841255,7119.7918,"{""activation"": ""selu"", ""batch_size"": 16, ""data_augmentation"": false, ""dr_f"": 0.118568753722, ""learning_rate"": 0.000926445586, ""new_fc_1"": 24, ""new_fc_10"": 14, ""new_fc_2"": 30, ""new_fc_3"": 26, ""new_fc_4"": 12, ""new_fc_5"": 1, ""new_fc_6"": 18, ""new_fc_7"": 21, ""new_fc_8"": 0, ""new_fc_9"": 15, ""num_neurons"": 8, ""optimizer"": ""Adam"", ""reg_l2"": true, ""skip_connection"": false, ""unit_c1"": 3, ""unit_c2"": 4}"
367,164,flops,,,0.016144213333333334,2421632.0,91636.0,,7121.2383,"{""activation"": ""relu"", ""batch_size"": 64, ""data_augmentation"": false, ""dr_f"": 0.209881247205, ""learning_rate"": 0.000124150351, ""new_fc_1"": 24, ""new_fc_10"": 13, ""new_fc_2"": 18, ""new_fc_3"": 12, ""new_fc_4"": 23, ""new_fc_5"": 13, ""new_fc_6"": 11, ""new_fc_7"": 32, ""new_fc_8"": 9, ""new_fc_9"": 7, ""num_neurons"": 4, ""optimizer"": ""Adadelta"", ""reg_l2"": false, ""skip_connection"": false, ""unit_c1"": 2, ""unit_c2"": 2}"
368,164,flops,,,0.1692352,25385280.0,297948.0,,7122.717,"{""activation"": ""relu"", ""batch_size"": 32, ""data_augmentation"": false, ""dr_f"": 0.456047690884, ""learning_rate"": 0.000419067012, ""new_fc_1"": 13, ""new_fc_10"": 30, ""new_fc_2"": 24, ""new_fc_3"": 3, ""new_fc_4"": 14, ""new_fc_5"": 8, ""new_fc_6"": 28, ""new_fc_7"": 29, ""new_fc_8"": 1, ""new_fc_9"": 23, ""num_neurons"": 8, ""optimizer"": ""SGD"", ""reg_l2"": true, ""skip_connection"": true, ""unit_c1"": 4, ""unit_c2"": 2}"
369,165,accuracy,0.9534999988973141,0.04650000110268593,0.043927093333333334,6589064.0,51008.0,-0.3193718727718801,8107.9713,"{""activation"": ""elu"", ""batch_size"": 8, ""data_augmentation"": false, ""dr_f"": 0.284911941974, ""learning_rate"": 0.000701510887, ""new_fc_1"": 2, ""new_fc_10"": 9, ""new_fc_2"": 3, ""new_fc_3"": 1, ""new_fc_4"": 1, ""new_fc_5"": 28, ""new_fc_6"": 24, ""new_fc_7"": 7, ""new_fc_8"": 11, ""new_fc_9"": 22, ""num_neurons"": 4, ""optimizer"": ""Adam"", ""reg_l2"": false, ""skip_connection"": true, ""unit_c1"": 2, ""unit_c2"": 7}"
370,166,accuracy,0.9350999966263771,0.0649000033736229,0.5108810133333334,76632152.0,1998980.0,-0.19216569836153602,10293.4106,"{""activation"": ""selu"", ""batch_size"": 8, ""data_augmentation"": false, ""dr_f"": 0.148521957698, ""learning_rate"": 0.000117217023, ""new_fc_1"": 10, ""new_fc_10"": 1, ""new_fc_2"": 30, ""new_fc_3"": 27, ""new_fc_4"": 1, ""new_fc_5"": 27, ""new_fc_6"": 22, ""new_fc_7"": 29, ""new_fc_8"": 6, ""new_fc_9"": 31, ""num_neurons"": 16, ""optimizer"": ""Adagrad"", ""reg_l2"": false, ""skip_connection"": true, ""unit_c1"": 1, ""unit_c2"": 7}"
371,167,accuracy,0.9900000002235174,0.009999999776482582,0.016144213333333334,2421632.0,91636.0,-0.3021567358435378,10438.6398,"{""activation"": ""relu"", ""batch_size"": 64, ""data_augmentation"": false, ""dr_f"": 0.209881247205, ""learning_rate"": 0.000124150351, ""new_fc_1"": 24, ""new_fc_10"": 13, ""new_fc_2"": 18, ""new_fc_3"": 12, ""new_fc_4"": 23, ""new_fc_5"": 13, ""new_fc_6"": 11, ""new_fc_7"": 32, ""new_fc_8"": 9, ""new_fc_9"": 7, ""num_neurons"": 4, ""optimizer"": ""Adadelta"", ""reg_l2"": false, ""skip_connection"": false, ""unit_c1"": 2, ""unit_c2"": 2}"
372,167,flops,,,0.04273784,6410676.0,78580.0,,10440.1131,"{""activation"": ""swish"", ""batch_size"": 32, ""data_augmentation"": false, ""dr_f"": 0.285602286286, ""learning_rate"": 0.000947157369, ""new_fc_1"": 32, ""new_fc_10"": 29, ""new_fc_2"": 14, ""new_fc_3"": 9, ""new_fc_4"": 6, ""new_fc_5"": 6, ""new_fc_6"": 21, ""new_fc_7"": 17, ""new_fc_8"": 26, ""new_fc_9"": 5, ""num_neurons"": 4, ""optimizer"": ""Adamax"", ""reg_l2"": false, ""skip_connection"": true, ""unit_c1"": 4, ""unit_c2"": 1}"
373,168,accuracy,0.8915999978780746,0.10840000212192535,0.13929301333333333,20893952.0,555516.0,-0.33409209748534774,12625.2488,"{""activation"": ""selu"", ""batch_size"": 8, ""data_augmentation"": true, ""dr_f"": 0.188205782569, ""learning_rate"": 0.000598490884, ""new_fc_1"": 10, ""new_fc_10"": 22, ""new_fc_2"": 32, ""new_fc_3"": 32, ""new_fc_4"": 27, ""new_fc_5"": 25, ""new_fc_6"": 17, ""new_fc_7"": 25, ""new_fc_8"": 0, ""new_fc_9"": 7, ""num_neurons"": 8, ""optimizer"": ""Adadelta"", ""reg_l2"": true, ""skip_connection"": false, ""unit_c1"": 2, ""unit_c2"": 6}"
374,169,accuracy,0.9900000002235174,0.009999999776482582,0.025514213333333334,3827132.0,62372.0,-0.2993457358435378,12770.6591,"{""activation"": ""swish"", ""batch_size"": 64, ""data_augmentation"": true, ""dr_f"": 0.030937315027, ""learning_rate"": 0.000479139681, ""new_fc_1"": 19, ""new_fc_10"": 6, ""new_fc_2"": 1, ""new_fc_3"": 27, ""new_fc_4"": 32, ""new_fc_5"": 28, ""new_fc_6"": 14, ""new_fc_7"": 4, ""new_fc_8"": 14, ""new_fc_9"": 2, ""num_neurons"": 4, ""optimizer"": ""Adagrad"", ""reg_l2"": false, ""skip_connection"": false, ""unit_c1"": 3, ""unit_c2"": 1}"
375,170,accuracy,0.9923000000417233,0.007699999958276749,0.26700448,40050672.0,566580.0,-0.22528865597079373,13455.577,"{""activation"": ""relu"", ""batch_size"": 8, ""data_augmentation"": true, ""dr_f"": 0.484880134183, ""learning_rate"": 0.000210815351, ""new_fc_1"": 12, ""new_fc_10"": 1, ""new_fc_2"": 30, ""new_fc_3"": 30, ""new_fc_4"": 0, ""new_fc_5"": 4, ""new_fc_6"": 26, ""new_fc_7"": 7, ""new_fc_8"": 8, ""new_fc_9"": 5, ""num_neurons"": 8, ""optimizer"": ""SGD"", ""reg_l2"": false, ""skip_connection"": true, ""unit_c1"": 3, ""unit_c2"": 8}"
376,171,accuracy,10000000000.0,,3.19578256,479367384.0,7498148.0,10000000000.0,13457.2865,"{""activation"": ""relu"", ""batch_size"": 64, ""data_augmentation"": false, ""dr_f"": 0.080947535606, ""learning_rate"": 0.000654181471, ""new_fc_1"": 10, ""new_fc_10"": 1, ""new_fc_2"": 1, ""new_fc_3"": 10, ""new_fc_4"": 3, ""new_fc_5"": 13, ""new_fc_6"": 20, ""new_fc_7"": 28, ""new_fc_8"": 14, ""new_fc_9"": 8, ""num_neurons"": 32, ""optimizer"": ""Adamax"", ""reg_l2"": true, ""skip_connection"": true, ""unit_c1"": 2, ""unit_c2"": 8}"
377,172,accuracy,0.9900000002235174,0.009999999776482582,0.07624725333333333,11437088.0,513572.0,-0.2841258238435378,13842.399,"{""activation"": ""selu"", ""batch_size"": 16, ""data_augmentation"": false, ""dr_f"": 0.271116385321, ""learning_rate"": 0.000755195202, ""new_fc_1"": 32, ""new_fc_10"": 23, ""new_fc_2"": 2, ""new_fc_3"": 19, ""new_fc_4"": 9, ""new_fc_5"": 2, ""new_fc_6"": 2, ""new_fc_7"": 16, ""new_fc_8"": 28, ""new_fc_9"": 12, ""num_neurons"": 8, ""optimizer"": ""Adam"", ""reg_l2"": false, ""skip_connection"": true, ""unit_c1"": 2, ""unit_c2"": 3}"
378,173,accuracy,10000000000.0,,2.4959826666666665,374397400.0,5251332.0,10000000000.0,13843.961,"{""activation"": ""selu"", ""batch_size"": 16, ""data_augmentation"": false, ""dr_f"": 0.499288964175, ""learning_rate"": 0.000147726102, ""new_fc_1"": 5, ""new_fc_10"": 28, ""new_fc_2"": 26, ""new_fc_3"": 15, ""new_fc_4"": 23, ""new_fc_5"": 2, ""new_fc_6"": 16, ""new_fc_7"": 27, ""new_fc_8"": 7, ""new_fc_9"": 7, ""num_neurons"": 32, ""optimizer"": ""Adadelta"", ""reg_l2"": false, ""skip_connection"": true, ""unit_c1"": 1, ""unit_c2"": 8}"
379,174,accuracy,10000000000.0,,2.16643408,324965112.0,6585476.0,10000000000.0,13846.0219,"{""activation"": ""elu"", ""batch_size"": 32, ""data_augmentation"": true, ""dr_f"": 0.311241700453, ""learning_rate"": 0.000232458581, ""new_fc_1"": 10, ""new_fc_10"": 6, ""new_fc_2"": 9, ""new_fc_3"": 25, ""new_fc_4"": 8, ""new_fc_5"": 22, ""new_fc_6"": 24, ""new_fc_7"": 16, ""new_fc_8"": 11, ""new_fc_9"": 18, ""num_neurons"": 32, ""optimizer"": ""SGD"", ""reg_l2"": false, ""skip_connection"": true, ""unit_c1"": 2, ""unit_c2"": 6}"
380,175,accuracy,0.9492000006139278,0.05079999938607216,0.6690442133333333,100356632.0,2839684.0,-0.1348467355702505,15371.8755,"{""activation"": ""selu"", ""batch_size"": 16, ""data_augmentation"": true, ""dr_f"": 0.351594384311, ""learning_rate"": 0.000512675919, ""new_fc_1"": 26, ""new_fc_10"": 15, ""new_fc_2"": 5, ""new_fc_3"": 11, ""new_fc_4"": 29, ""new_fc_5"": 21, ""new_fc_6"": 14, ""new_fc_7"": 27, ""new_fc_8"": 10, ""new_fc_9"": 6, ""num_neurons"": 16, ""optimizer"": ""Adadelta"", ""reg_l2"": true, ""skip_connection"": true, ""unit_c1"": 3, ""unit_c2"": 5}"
381,176,accuracy,0.9900000002235174,0.009999999776482582,0.061407706666666666,9211156.0,167480.0,-0.2885776878435378,686.8069,"{""activation"": ""swish"", ""batch_size"": 8, ""data_augmentation"": false, ""dr_f"": 0.22537032987, ""learning_rate"": 0.000825938424, ""new_fc_1"": 0, ""new_fc_10"": 28, ""new_fc_2"": 15, ""new_fc_3"": 0, ""new_fc_4"": 25, ""new_fc_5"": 16, ""new_fc_6"": 23, ""new_fc_7"": 1, ""new_fc_8"": 18, ""new_fc_9"": 23, ""num_neurons"": 4, ""optimizer"": ""Adagrad"", ""reg_l2"": false, ""skip_connection"": true, ""unit_c1"": 3, ""unit_c2"": 7}"
382,177,accuracy,0.9900000002235174,0.009999999776482582,0.01988928,2983392.0,118680.0,-0.3010332158435378,832.086,"{""activation"": ""relu"", ""batch_size"": 64, ""data_augmentation"": false, ""dr_f"": 0.481324165006, ""learning_rate"": 0.000368848175, ""new_fc_1"": 12, ""new_fc_10"": 5, ""new_fc_2"": 21, ""new_fc_3"": 28, ""new_fc_4"": 21, ""new_fc_5"": 3, ""new_fc_6"": 19, ""new_fc_7"": 14, ""new_fc_8"": 32, ""new_fc_9"": 23, ""num_neurons"": 4, ""optimizer"": ""Adam"", ""reg_l2"": true, ""skip_connection"": false, ""unit_c1"": 1, ""unit_c2"": 5}"
383,178,accuracy,10000000000.0,,10.43408656,1565112984.0,44887844.0,10000000000.0,835.2963,"{""activation"": ""elu"", ""batch_size"": 8, ""data_augmentation"": false, ""dr_f"": 0.159655386224, ""learning_rate"": 0.000404655332, ""new_fc_1"": 25, ""new_fc_10"": 22, ""new_fc_2"": 23, ""new_fc_3"": 17, ""new_fc_4"": 29, ""new_fc_5"": 13, ""new_fc_6"": 9, ""new_fc_7"": 3, ""new_fc_8"": 28, ""new_fc_9"": 8, ""num_neurons"": 64, ""optimizer"": ""Adamax"", ""reg_l2"": true, ""skip_connection"": true, ""unit_c1"": 3, ""unit_c2"": 5}"
384,179,accuracy,10000000000.0,,3.22833936,484250904.0,11963556.0,10000000000.0,837.1821,"{""activation"": ""swish"", ""batch_size"": 64, ""data_augmentation"": true, ""dr_f"": 0.125715411576, ""learning_rate"": 0.000741470475, ""new_fc_1"": 30, ""new_fc_10"": 7, ""new_fc_2"": 17, ""new_fc_3"": 23, ""new_fc_4"": 16, ""new_fc_5"": 22, ""new_fc_6"": 21, ""new_fc_7"": 9, ""new_fc_8"": 28, ""new_fc_9"": 29, ""num_neurons"": 32, ""optimizer"": ""Adamax"", ""reg_l2"": true, ""skip_connection"": false, ""unit_c1"": 4, ""unit_c2"": 4}"
385,180,accuracy,0.9925000001676381,0.007499999832361937,0.00542296,813444.0,51052.0,-0.30362311188265334,1523.0315,"{""activation"": ""elu"", ""batch_size"": 8, ""data_augmentation"": true, ""dr_f"": 0.395302727798, ""learning_rate"": 0.000327849612, ""new_fc_1"": 2, ""new_fc_10"": 26, ""new_fc_2"": 14, ""new_fc_3"": 16, ""new_fc_4"": 18, ""new_fc_5"": 2, ""new_fc_6"": 18, ""new_fc_7"": 10, ""new_fc_8"": 19, ""new_fc_9"": 30, ""num_neurons"": 4, ""optimizer"": ""SGD"", ""reg_l2"": true, ""skip_connection"": true, ""unit_c1"": 1, ""unit_c2"": 1}"
386,180,flops,,,0.05933696,8900544.0,378556.0,,1524.503,"{""activation"": ""elu"", ""batch_size"": 8, ""data_augmentation"": true, ""dr_f"": 0.282339996502, ""learning_rate"": 0.000271089502, ""new_fc_1"": 31, ""new_fc_10"": 10, ""new_fc_2"": 7, ""new_fc_3"": 28, ""new_fc_4"": 18, ""new_fc_5"": 15, ""new_fc_6"": 1, ""new_fc_7"": 32, ""new_fc_8"": 12, ""new_fc_9"": 3, ""num_neurons"": 8, ""optimizer"": ""Adamax"", ""reg_l2"": true, ""skip_connection"": true, ""unit_c1"": 2, ""unit_c2"": 2}"
387,181,accuracy,0.8923000022768974,0.10769999772310257,0.16096362666666666,24144544.0,470836.0,-0.3271009104061718,2149.4396,"{""activation"": ""selu"", ""batch_size"": 32, ""data_augmentation"": true, ""dr_f"": 0.273627240624, ""learning_rate"": 0.000252440282, ""new_fc_1"": 6, ""new_fc_10"": 0, ""new_fc_2"": 0, ""new_fc_3"": 30, ""new_fc_4"": 23, ""new_fc_5"": 9, ""new_fc_6"": 24, ""new_fc_7"": 28, ""new_fc_8"": 27, ""new_fc_9"": 22, ""num_neurons"": 8, ""optimizer"": ""Adagrad"", ""reg_l2"": true, ""skip_connection"": true, ""unit_c1"": 1, ""unit_c2"": 8}"
388,181,flops,,,2.7495506666666665,412432600.0,20788516.0,,2151.6239,"{""activation"": ""relu"", ""batch_size"": 8, ""data_augmentation"": true, ""dr_f"": 0.289618843181, ""learning_rate"": 0.000822191278, ""new_fc_1"": 25, ""new_fc_10"": 11, ""new_fc_2"": 25, ""new_fc_3"": 14, ""new_fc_4"": 22, ""new_fc_5"": 17, ""new_fc_6"": 13, ""new_fc_7"": 13, ""new_fc_8"": 22, ""new_fc_9"": 32, ""num_neurons"": 64, ""optimizer"": ""SGD"", ""reg_l2"": true, ""skip_connection"": true, ""unit_c1"": 2, ""unit_c2"": 1}"
389,182,accuracy,0.9883000003173947,0.011699999682605267,0.07239498666666666,10859248.0,394268.0,-0.2864715037778237,2538.0653,"{""activation"": ""elu"", ""batch_size"": 16, ""data_augmentation"": true, ""dr_f"": 0.481723120596, ""learning_rate"": 0.00064573945, ""new_fc_1"": 16, ""new_fc_10"": 9, ""new_fc_2"": 24, ""new_fc_3"": 25, ""new_fc_4"": 1, ""new_fc_5"": 12, ""new_fc_6"": 11, ""new_fc_7"": 20, ""new_fc_8"": 22, ""new_fc_9"": 31, ""num_neurons"": 8, ""optimizer"": ""Adadelta"", ""reg_l2"": true, ""skip_connection"": false, ""unit_c1"": 2, ""unit_c2"": 3}"
390,182,flops,,,0.016299013333333334,2444852.0,103272.0,,2539.6864,"{""activation"": ""selu"", ""batch_size"": 8, ""data_augmentation"": true, ""dr_f"": 0.042709667248, ""learning_rate"": 0.000749812356, ""new_fc_1"": 22, ""new_fc_10"": 27, ""new_fc_2"": 27, ""new_fc_3"": 27, ""new_fc_4"": 21, ""new_fc_5"": 5, ""new_fc_6"": 6, ""new_fc_7"": 17, ""new_fc_8"": 6, ""new_fc_9"": 17, ""num_neurons"": 4, ""optimizer"": ""Adamax"", ""reg_l2"": false, ""skip_connection"": false, ""unit_c1"": 2, ""unit_c2"": 2}"
391,183,accuracy,0.9902999997138977,0.009700000286102295,0.15248688,22873032.0,140140.0,-0.2610439362002716,2925.295,"{""activation"": ""relu"", ""batch_size"": 16, ""data_augmentation"": true, ""dr_f"": 0.227631967223, ""learning_rate"": 0.000665261518, ""new_fc_1"": 7, ""new_fc_10"": 19, ""new_fc_2"": 6, ""new_fc_3"": 10, ""new_fc_4"": 17, ""new_fc_5"": 16, ""new_fc_6"": 14, ""new_fc_7"": 10, ""new_fc_8"": 1, ""new_fc_9"": 18, ""num_neurons"": 8, ""optimizer"": ""Adagrad"", ""reg_l2"": true, ""skip_connection"": true, ""unit_c1"": 4, ""unit_c2"": 1}"
392,183,flops,,,0.58178896,87268344.0,1113956.0,,2926.8959,"{""activation"": ""relu"", ""batch_size"": 16, ""data_augmentation"": false, ""dr_f"": 0.080921873823, ""learning_rate"": 0.000259763023, ""new_fc_1"": 8, ""new_fc_10"": 0, ""new_fc_2"": 32, ""new_fc_3"": 32, ""new_fc_4"": 11, ""new_fc_5"": 15, ""new_fc_6"": 27, ""new_fc_7"": 17, ""new_fc_8"": 20, ""new_fc_9"": 24, ""num_neurons"": 16, ""optimizer"": ""Adagrad"", ""reg_l2"": false, ""skip_connection"": false, ""unit_c1"": 4, ""unit_c2"": 1}"
393,184,accuracy,0.9755000006407499,0.02449999935925007,0.4172765333333333,62591480.0,3279028.0,-0.19196703955147504,3732.6926,"{""activation"": ""elu"", ""batch_size"": 16, ""data_augmentation"": false, ""dr_f"": 0.413950778345, ""learning_rate"": 0.00012965864, ""new_fc_1"": 28, ""new_fc_10"": 2, ""new_fc_2"": 16, ""new_fc_3"": 9, ""new_fc_4"": 19, ""new_fc_5"": 18, ""new_fc_6"": 7, ""new_fc_7"": 6, ""new_fc_8"": 25, ""new_fc_9"": 8, ""num_neurons"": 16, ""optimizer"": ""SGD"", ""reg_l2"": true, ""skip_connection"": true, ""unit_c1"": 1, ""unit_c2"": 6}"
394,185,accuracy,0.9900000002235174,0.009999999776482582,0.05933696,8900544.0,378556.0,-0.2891989118435378,4478.2762,"{""activation"": ""elu"", ""batch_size"": 8, ""data_augmentation"": true, ""dr_f"": 0.282339996502, ""learning_rate"": 0.000271089502, ""new_fc_1"": 31, ""new_fc_10"": 10, ""new_fc_2"": 7, ""new_fc_3"": 28, ""new_fc_4"": 18, ""new_fc_5"": 15, ""new_fc_6"": 1, ""new_fc_7"": 32, ""new_fc_8"": 12, ""new_fc_9"": 3, ""num_neurons"": 8, ""optimizer"": ""Adamax"", ""reg_l2"": true, ""skip_connection"": true, ""unit_c1"": 2, ""unit_c2"": 2}"
395,186,accuracy,0.9799000006169081,0.020099999383091927,0.17468490666666667,26202736.0,695156.0,-0.26166452756816433,4683.504,"{""activation"": ""elu"", ""batch_size"": 64, ""data_augmentation"": true, ""dr_f"": 0.222141730886, ""learning_rate"": 0.000945758668, ""new_fc_1"": 19, ""new_fc_10"": 18, ""new_fc_2"": 15, ""new_fc_3"": 9, ""new_fc_4"": 2, ""new_fc_5"": 18, ""new_fc_6"": 24, ""new_fc_7"": 15, ""new_fc_8"": 3, ""new_fc_9"": 8, ""num_neurons"": 8, ""optimizer"": ""SGD"", ""reg_l2"": true, ""skip_connection"": true, ""unit_c1"": 2, ""unit_c2"": 7}"
396,187,accuracy,10000000000.0,,4.231032693333334,634654904.0,14833284.0,10000000000.0,4685.63,"{""activation"": ""elu"", ""batch_size"": 32, ""data_augmentation"": false, ""dr_f"": 0.436579080744, ""learning_rate"": 0.000145238498, ""new_fc_1"": 27, ""new_fc_10"": 14, ""new_fc_2"": 13, ""new_fc_3"": 15, ""new_fc_4"": 28, ""new_fc_5"": 30, ""new_fc_6"": 13, ""new_fc_7"": 19, ""new_fc_8"": 17, ""new_fc_9"": 19, ""num_neurons"": 32, ""optimizer"": ""Adamax"", ""reg_l2"": false, ""skip_connection"": true, ""unit_c1"": 4, ""unit_c2"": 6}"
397,188,accuracy,0.9884000001475215,0.011599999852478504,0.07233626666666666,10850440.0,1421956.0,-0.2864191198967349,5011.1563,"{""activation"": ""relu"", ""batch_size"": 16, ""data_augmentation"": true, ""dr_f"": 0.147932476513, ""learning_rate"": 0.000599881591, ""new_fc_1"": 23, ""new_fc_10"": 4, ""new_fc_2"": 22, ""new_fc_3"": 23, ""new_fc_4"": 26, ""new_fc_5"": 10, ""new_fc_6"": 31, ""new_fc_7"": 31, ""new_fc_8"": 25, ""new_fc_9"": 0, ""num_neurons"": 16, ""optimizer"": ""Adagrad"", ""reg_l2"": true, ""skip_connection"": false, ""unit_c1"": 1, ""unit_c2"": 1}"
398,189,accuracy,0.9900000002235174,0.009999999776482582,0.26786666666666664,40180000.0,806940.0,-0.22663999984353778,5757.2307,"{""activation"": ""swish"", ""batch_size"": 8, ""data_augmentation"": true, ""dr_f"": 0.44663633717, ""learning_rate"": 0.000588898059, ""new_fc_1"": 24, ""new_fc_10"": 13, ""new_fc_2"": 22, ""new_fc_3"": 6, ""new_fc_4"": 7, ""new_fc_5"": 16, ""new_fc_6"": 28, ""new_fc_7"": 14, ""new_fc_8"": 32, ""new_fc_9"": 9, ""num_neurons"": 8, ""optimizer"": ""Adagrad"", ""reg_l2"": true, ""skip_connection"": false, ""unit_c1"": 4, ""unit_c2"": 6}"
399,190,accuracy,0.9883000003173947,0.011699999682605267,0.06947973333333334,10421960.0,175332.0,-0.28734607977782367,5902.2953,"{""activation"": ""relu"", ""batch_size"": 64, ""data_augmentation"": true, ""dr_f"": 0.482714496917, ""learning_rate"": 0.000358385132, ""new_fc_1"": 16, ""new_fc_10"": 17, ""new_fc_2"": 30, ""new_fc_3"": 32, ""new_fc_4"": 5, ""new_fc_5"": 3, ""new_fc_6"": 29, ""new_fc_7"": 24, ""new_fc_8"": 27, ""new_fc_9"": 13, ""num_neurons"": 4, ""optimizer"": ""Adadelta"", ""reg_l2"": false, ""skip_connection"": false, ""unit_c1"": 4, ""unit_c2"": 6}"
400,191,accuracy,0.9899000003933907,0.010099999606609344,0.6497154666666667,97457320.0,1297236.0,-0.11215535972462654,6287.6677,"{""activation"": ""relu"", ""batch_size"": 16, ""data_augmentation"": false, ""dr_f"": 0.22818229407, ""learning_rate"": 0.00011930763, ""new_fc_1"": 20, ""new_fc_10"": 24, ""new_fc_2"": 19, ""new_fc_3"": 26, ""new_fc_4"": 11, ""new_fc_5"": 8, ""new_fc_6"": 22, ""new_fc_7"": 3, ""new_fc_8"": 20, ""new_fc_9"": 12, ""num_neurons"": 16, ""optimizer"": ""Adagrad"", ""reg_l2"": false, ""skip_connection"": true, ""unit_c1"": 4, ""unit_c2"": 2}"
401,192,accuracy,0.8972999975085258,0.10270000249147415,0.21312773333333335,31969160.0,777140.0,-0.30795168174403187,8352.8668,"{""activation"": ""relu"", ""batch_size"": 8, ""data_augmentation"": true, ""dr_f"": 0.144606486045, ""learning_rate"": 0.000987321036, ""new_fc_1"": 8, ""new_fc_10"": 17, ""new_fc_2"": 3, ""new_fc_3"": 27, ""new_fc_4"": 26, ""new_fc_5"": 9, ""new_fc_6"": 7, ""new_fc_7"": 10, ""new_fc_8"": 22, ""new_fc_9"": 10, ""num_neurons"": 16, ""optimizer"": ""Adagrad"", ""reg_l2"": false, ""skip_connection"": true, ""unit_c1"": 2, ""unit_c2"": 2}"
402,193,accuracy,0.9673000015318394,0.03269999846816063,0.08697952,13046928.0,162924.0,-0.29679614292771245,8498.3422,"{""activation"": ""selu"", ""batch_size"": 64, ""data_augmentation"": false, ""dr_f"": 0.255840416266, ""learning_rate"": 0.000613394527, ""new_fc_1"": 3, ""new_fc_10"": 4, ""new_fc_2"": 0, ""new_fc_3"": 31, ""new_fc_4"": 9, ""new_fc_5"": 17, ""new_fc_6"": 20, ""new_fc_7"": 26, ""new_fc_8"": 1, ""new_fc_9"": 8, ""num_neurons"": 8, ""optimizer"": ""Adam"", ""reg_l2"": true, ""skip_connection"": false, ""unit_c1"": 2, ""unit_c2"": 4}"
403,193,flops,,,18.61078416,2791617624.0,60965604.0,,8502.2672,"{""activation"": ""relu"", ""batch_size"": 64, ""data_augmentation"": true, ""dr_f"": 0.190703181842, ""learning_rate"": 0.000321897482, ""new_fc_1"": 24, ""new_fc_10"": 32, ""new_fc_2"": 12, ""new_fc_3"": 19, ""new_fc_4"": 10, ""new_fc_5"": 19, ""new_fc_6"": 31, ""new_fc_7"": 31, ""new_fc_8"": 6, ""new_fc_9"": 16, ""num_neurons"": 64, ""optimizer"": ""Adam"", ""reg_l2"": true, ""skip_connection"": false, ""unit_c1"": 4, ""unit_c2"": 7}"
404,194,accuracy,0.9341000020503998,0.06589999794960022,0.052962746666666664,7944412.0,200000.0,-0.33024117456472013,8827.1985,"{""activation"": ""elu"", ""batch_size"": 64, ""data_augmentation"": false, ""dr_f"": 0.22000117514, ""learning_rate"": 0.000519233645, ""new_fc_1"": 18, ""new_fc_10"": 25, ""new_fc_2"": 12, ""new_fc_3"": 16, ""new_fc_4"": 6, ""new_fc_5"": 4, ""new_fc_6"": 28, ""new_fc_7"": 10, ""new_fc_8"": 14, ""new_fc_9"": 20, ""num_neurons"": 4, ""optimizer"": ""Adagrad"", ""reg_l2"": false, ""skip_connection"": false, ""unit_c1"": 2, ""unit_c2"": 8}"
405,194,flops,,,13.560207946666667,2034031192.0,13821604.0,,8828.9149,"{""activation"": ""relu"", ""batch_size"": 64, ""data_augmentation"": false, ""dr_f"": 0.462408667705, ""learning_rate"": 0.000326118223, ""new_fc_1"": 1, ""new_fc_10"": 3, ""new_fc_2"": 20, ""new_fc_3"": 17, ""new_fc_4"": 29, ""new_fc_5"": 29, ""new_fc_6"": 13, ""new_fc_7"": 1, ""new_fc_8"": 18, ""new_fc_9"": 5, ""num_neurons"": 64, ""optimizer"": ""Adam"", ""reg_l2"": true, ""skip_connection"": false, ""unit_c1"": 3, ""unit_c2"": 7}"
406,194,flops,,,0.05530272,8295408.0,269444.0,,8830.4005,"{""activation"": ""selu"", ""batch_size"": 32, ""data_augmentation"": false, ""dr_f"": 0.130528545513, ""learning_rate"": 0.000964426774, ""new_fc_1"": 22, ""new_fc_10"": 30, ""new_fc_2"": 3, ""new_fc_3"": 28, ""new_fc_4"": 20, ""new_fc_5"": 16, ""new_fc_6"": 4, ""new_fc_7"": 30, ""new_fc_8"": 29, ""new_fc_9"": 32, ""num_neurons"": 4, ""optimizer"": ""Adamax"", ""reg_l2"": true, ""skip_connection"": true, ""unit_c1"": 2, ""unit_c2"": 8}"
407,195,accuracy,10000000000.0,,14.198933493333334,2129840024.0,30934820.0,10000000000.0,8832.8794,"{""activation"": ""selu"", ""batch_size"": 8, ""data_augmentation"": false, ""dr_f"": 0.088110607004, ""learning_rate"": 0.000606362475, ""new_fc_1"": 15, ""new_fc_10"": 30, ""new_fc_2"": 15, ""new_fc_3"": 2, ""new_fc_4"": 14, ""new_fc_5"": 31, ""new_fc_6"": 14, ""new_fc_7"": 19, ""new_fc_8"": 15, ""new_fc_9"": 10, ""num_neurons"": 64, ""optimizer"": ""Adamax"", ""reg_l2"": false, ""skip_connection"": false, ""unit_c1"": 4, ""unit_c2"": 5}"
408,196,accuracy,10000000000.0,,9.838469706666666,1475770456.0,12544676.0,10000000000.0,8834.6866,"{""activation"": ""elu"", ""batch_size"": 16, ""data_augmentation"": false, ""dr_f"": 0.497960771184, ""learning_rate"": 0.000551077946, ""new_fc_1"": 2, ""new_fc_10"": 26, ""new_fc_2"": 9, ""new_fc_3"": 27, ""new_fc_4"": 2, ""new_fc_5"": 30, ""new_fc_6"": 25, ""new_fc_7"": 5, ""new_fc_8"": 9, ""new_fc_9"": 1, ""num_neurons"": 64, ""optimizer"": ""SGD"", ""reg_l2"": true, ""skip_connection"": true, ""unit_c1"": 1, ""unit_c2"": 8}"
409,197,accuracy,0.8633999973535538,0.13660000264644623,0.04273784,6410676.0,78580.0,-0.38279864985251233,9520.0938,"{""activation"": ""swish"", ""batch_size"": 32, ""data_augmentation"": false, ""dr_f"": 0.285602286286, ""learning_rate"": 0.000947157369, ""new_fc_1"": 32, ""new_fc_10"": 29, ""new_fc_2"": 14, ""new_fc_3"": 9, ""new_fc_4"": 6, ""new_fc_5"": 6, ""new_fc_6"": 21, ""new_fc_7"": 17, ""new_fc_8"": 26, ""new_fc_9"": 5, ""num_neurons"": 4, ""optimizer"": ""Adamax"", ""reg_l2"": false, ""skip_connection"": true, ""unit_c1"": 4, ""unit_c2"": 1}"
410,198,accuracy,0.9681000001728535,0.03189999982714653,0.42142522666666665,63213784.0,3590740.0,-0.19590243187900253,9845.4351,"{""activation"": ""elu"", ""batch_size"": 64, ""data_augmentation"": true, ""dr_f"": 0.428400507841, ""learning_rate"": 0.000901378347, ""new_fc_1"": 25, ""new_fc_10"": 3, ""new_fc_2"": 30, ""new_fc_3"": 16, ""new_fc_4"": 14, ""new_fc_5"": 25, ""new_fc_6"": 12, ""new_fc_7"": 30, ""new_fc_8"": 25, ""new_fc_9"": 28, ""num_neurons"": 16, ""optimizer"": ""Adadelta"", ""reg_l2"": true, ""skip_connection"": true, ""unit_c1"": 1, ""unit_c2"": 6}"
411,199,accuracy,0.9900000002235174,0.009999999776482582,0.059081173333333334,8862176.0,553012.0,-0.2892756478435378,10531.2214,"{""activation"": ""relu"", ""batch_size"": 8, ""data_augmentation"": false, ""dr_f"": 0.488535948391, ""learning_rate"": 0.000928313521, ""new_fc_1"": 24, ""new_fc_10"": 7, ""new_fc_2"": 29, ""new_fc_3"": 2, ""new_fc_4"": 30, ""new_fc_5"": 26, ""new_fc_6"": 13, ""new_fc_7"": 8, ""new_fc_8"": 8, ""new_fc_9"": 6, ""num_neurons"": 8, ""optimizer"": ""Adagrad"", ""reg_l2"": false, ""skip_connection"": true, ""unit_c1"": 1, ""unit_c2"": 4}"
412,199,flops,,,0.005188986666666667,778348.0,50356.0,,10532.7743,"{""activation"": ""relu"", ""batch_size"": 16, ""data_augmentation"": false, ""dr_f"": 0.351587914602, ""learning_rate"": 0.000542581453, ""new_fc_1"": 18, ""new_fc_10"": 27, ""new_fc_2"": 5, ""new_fc_3"": 3, ""new_fc_4"": 12, ""new_fc_5"": 24, ""new_fc_6"": 7, ""new_fc_7"": 32, ""new_fc_8"": 6, ""new_fc_9"": 7, ""num_neurons"": 4, ""optimizer"": ""SGD"", ""reg_l2"": true, ""skip_connection"": false, ""unit_c1"": 1, ""unit_c2"": 1}"
413,200,accuracy,10000000000.0,,6.334732533333334,950209880.0,33944356.0,10000000000.0,10536.8356,"{""activation"": ""elu"", ""batch_size"": 32, ""data_augmentation"": true, ""dr_f"": 0.081844010893, ""learning_rate"": 0.000126992155, ""new_fc_1"": 17, ""new_fc_10"": 29, ""new_fc_2"": 22, ""new_fc_3"": 5, ""new_fc_4"": 23, ""new_fc_5"": 17, ""new_fc_6"": 6, ""new_fc_7"": 2, ""new_fc_8"": 5, ""new_fc_9"": 6, ""num_neurons"": 64, ""optimizer"": ""Adadelta"", ""reg_l2"": false, ""skip_connection"": true, ""unit_c1"": 1, ""unit_c2"": 6}"
414,200,flops,,,11.23686416,1685529624.0,20806244.0,,2.5897,"{""activation"": ""relu"", ""batch_size"": 64, ""data_augmentation"": true, ""dr_f"": 0.439573098611, ""learning_rate"": 0.000631675488, ""new_fc_1"": 13, ""new_fc_10"": 19, ""new_fc_2"": 25, ""new_fc_3"": 4, ""new_fc_4"": 27, ""new_fc_5"": 7, ""new_fc_6"": 32, ""new_fc_7"": 12, ""new_fc_8"": 19, ""new_fc_9"": 17, ""num_neurons"": 64, ""optimizer"": ""Adamax"", ""reg_l2"": false, ""skip_connection"": true, ""unit_c1"": 4, ""unit_c2"": 3}"
415,201,accuracy,0.9292000010609627,0.07079999893903732,0.16542432,24813648.0,984836.0,-0.29993270325732607,388.4307,"{""activation"": ""relu"", ""batch_size"": 64, ""data_augmentation"": false, ""dr_f"": 0.2716907967, ""learning_rate"": 0.000391220483, ""new_fc_1"": 26, ""new_fc_10"": 4, ""new_fc_2"": 10, ""new_fc_3"": 7, ""new_fc_4"": 7, ""new_fc_5"": 18, ""new_fc_6"": 19, ""new_fc_7"": 9, ""new_fc_8"": 22, ""new_fc_9"": 5, ""num_neurons"": 8, ""optimizer"": ""Adamax"", ""reg_l2"": false, ""skip_connection"": false, ""unit_c1"": 1, ""unit_c2"": 8}"
416,202,accuracy,0.6597999930381775,0.3402000069618225,0.016299013333333334,2444852.0,103272.0,-0.5332503008732757,1914.1336,"{""activation"": ""selu"", ""batch_size"": 8, ""data_augmentation"": true, ""dr_f"": 0.042709667248, ""learning_rate"": 0.000749812356, ""new_fc_1"": 22, ""new_fc_10"": 27, ""new_fc_2"": 27, ""new_fc_3"": 27, ""new_fc_4"": 21, ""new_fc_5"": 5, ""new_fc_6"": 6, ""new_fc_7"": 17, ""new_fc_8"": 6, ""new_fc_9"": 17, ""num_neurons"": 4, ""optimizer"": ""Adamax"", ""reg_l2"": false, ""skip_connection"": false, ""unit_c1"": 2, ""unit_c2"": 2}"
417,203,accuracy,10000000000.0,,10.238838346666666,1535825752.0,46776740.0,10000000000.0,1917.3719,"{""activation"": ""selu"", ""batch_size"": 64, ""data_augmentation"": false, ""dr_f"": 0.314076718561, ""learning_rate"": 0.000319531939, ""new_fc_1"": 32, ""new_fc_10"": 12, ""new_fc_2"": 5, ""new_fc_3"": 31, ""new_fc_4"": 6, ""new_fc_5"": 1, ""new_fc_6"": 3, ""new_fc_7"": 17, ""new_fc_8"": 6, ""new_fc_9"": 3, ""num_neurons"": 64, ""optimizer"": ""Adadelta"", ""reg_l2"": true, ""skip_connection"": false, ""unit_c1"": 3, ""unit_c2"": 5}"
418,204,accuracy,10000000000.0,,1.32584272,198876408.0,3410756.0,10000000000.0,1918.9577,"{""activation"": ""selu"", ""batch_size"": 32, ""data_augmentation"": true, ""dr_f"": 0.400542994659, ""learning_rate"": 0.000237741324, ""new_fc_1"": 18, ""new_fc_10"": 8, ""new_fc_2"": 0, ""new_fc_3"": 14, ""new_fc_4"": 29, ""new_fc_5"": 17, ""new_fc_6"": 4, ""new_fc_7"": 25, ""new_fc_8"": 31, ""new_fc_9"": 24, ""num_neurons"": 16, ""optimizer"": ""Adadelta"", ""reg_l2"": true, ""skip_connection"": false, ""unit_c1"": 4, ""unit_c2"": 8}"
419,205,accuracy,10000000000.0,,2.10422224,315633336.0,15767972.0,10000000000.0,1920.9598,"{""activation"": ""relu"", ""batch_size"": 8, ""data_augmentation"": false, ""dr_f"": 0.438835396783, ""learning_rate"": 0.000449531418, ""new_fc_1"": 29, ""new_fc_10"": 25, ""new_fc_2"": 10, ""new_fc_3"": 10, ""new_fc_4"": 12, ""new_fc_5"": 15, ""new_fc_6"": 30, ""new_fc_7"": 15, ""new_fc_8"": 2, ""new_fc_9"": 7, ""num_neurons"": 32, ""optimizer"": ""Adagrad"", ""reg_l2"": true, ""skip_connection"": false, ""unit_c1"": 1, ""unit_c2"": 7}"
420,206,accuracy,10000000000.0,,12.332360266666667,1849854040.0,12089188.0,10000000000.0,1922.7291,"{""activation"": ""relu"", ""batch_size"": 64, ""data_augmentation"": false, ""dr_f"": 0.156111258043, ""learning_rate"": 0.000286157919, ""new_fc_1"": 4, ""new_fc_10"": 2, ""new_fc_2"": 21, ""new_fc_3"": 4, ""new_fc_4"": 22, ""new_fc_5"": 25, ""new_fc_6"": 6, ""new_fc_7"": 23, ""new_fc_8"": 8, ""new_fc_9"": 21, ""num_neurons"": 64, ""optimizer"": ""SGD"", ""reg_l2"": false, ""skip_connection"": true, ""unit_c1"": 4, ""unit_c2"": 4}"
421,206,flops,,,1.0515670933333334,157735064.0,4003172.0,,1924.5053,"{""activation"": ""selu"", ""batch_size"": 64, ""data_augmentation"": false, ""dr_f"": 0.146040505486, ""learning_rate"": 0.000607064819, ""new_fc_1"": 31, ""new_fc_10"": 29, ""new_fc_2"": 16, ""new_fc_3"": 7, ""new_fc_4"": 6, ""new_fc_5"": 18, ""new_fc_6"": 29, ""new_fc_7"": 23, ""new_fc_8"": 20, ""new_fc_9"": 9, ""num_neurons"": 16, ""optimizer"": ""Adagrad"", ""reg_l2"": true, ""skip_connection"": false, ""unit_c1"": 4, ""unit_c2"": 6}"
422,207,accuracy,0.9850000003352761,0.014999999664723873,0.13867989333333333,20801984.0,509500.0,-0.2688960317653067,2791.0153,"{""activation"": ""relu"", ""batch_size"": 8, ""data_augmentation"": false, ""dr_f"": 0.185155736363, ""learning_rate"": 0.00043796001, ""new_fc_1"": 10, ""new_fc_10"": 28, ""new_fc_2"": 16, ""new_fc_3"": 2, ""new_fc_4"": 24, ""new_fc_5"": 31, ""new_fc_6"": 20, ""new_fc_7"": 5, ""new_fc_8"": 27, ""new_fc_9"": 26, ""num_neurons"": 8, ""optimizer"": ""Adadelta"", ""reg_l2"": false, ""skip_connection"": false, ""unit_c1"": 2, ""unit_c2"": 6}"
423,207,flops,,,5.5408534933333335,831128024.0,34879844.0,,2794.1364,"{""activation"": ""swish"", ""batch_size"": 8, ""data_augmentation"": false, ""dr_f"": 0.245923384596, ""learning_rate"": 0.000893593278, ""new_fc_1"": 22, ""new_fc_10"": 26, ""new_fc_2"": 21, ""new_fc_3"": 7, ""new_fc_4"": 26, ""new_fc_5"": 18, ""new_fc_6"": 1, ""new_fc_7"": 26, ""new_fc_8"": 30, ""new_fc_9"": 9, ""num_neurons"": 64, ""optimizer"": ""Adagrad"", ""reg_l2"": false, ""skip_connection"": false, ""unit_c1"": 2, ""unit_c2"": 4}"
424,208,accuracy,10000000000.0,,1.5617360533333333,234260408.0,3981156.0,10000000000.0,2795.8455,"{""activation"": ""relu"", ""batch_size"": 32, ""data_augmentation"": true, ""dr_f"": 0.451815101168, ""learning_rate"": 0.000831785867, ""new_fc_1"": 2, ""new_fc_10"": 15, ""new_fc_2"": 13, ""new_fc_3"": 23, ""new_fc_4"": 26, ""new_fc_5"": 28, ""new_fc_6"": 21, ""new_fc_7"": 12, ""new_fc_8"": 17, ""new_fc_9"": 22, ""num_neurons"": 32, ""optimizer"": ""SGD"", ""reg_l2"": false, ""skip_connection"": true, ""unit_c1"": 3, ""unit_c2"": 2}"
425,208,flops,,,0.09628346666666666,14442520.0,861492.0,,2797.4906,"{""activation"": ""elu"", ""batch_size"": 64, ""data_augmentation"": false, ""dr_f"": 0.377782108851, ""learning_rate"": 0.000637736302, ""new_fc_1"": 6, ""new_fc_10"": 12, ""new_fc_2"": 4, ""new_fc_3"": 15, ""new_fc_4"": 15, ""new_fc_5"": 17, ""new_fc_6"": 31, ""new_fc_7"": 11, ""new_fc_8"": 19, ""new_fc_9"": 26, ""num_neurons"": 16, ""optimizer"": ""Adagrad"", ""reg_l2"": true, ""skip_connection"": false, ""unit_c1"": 1, ""unit_c2"": 2}"
426,208,flops,,,1.5347222933333333,230208344.0,5968644.0,,2799.2826,"{""activation"": ""selu"", ""batch_size"": 32, ""data_augmentation"": false, ""dr_f"": 0.199228285956, ""learning_rate"": 0.000232940776, ""new_fc_1"": 9, ""new_fc_10"": 15, ""new_fc_2"": 5, ""new_fc_3"": 22, ""new_fc_4"": 2, ""new_fc_5"": 15, ""new_fc_6"": 9, ""new_fc_7"": 16, ""new_fc_8"": 22, ""new_fc_9"": 29, ""num_neurons"": 32, ""optimizer"": ""Adamax"", ""reg_l2"": false, ""skip_connection"": false, ""unit_c1"": 1, ""unit_c2"": 6}"
427,209,accuracy,0.9900000002235174,0.009999999776482582,0.005188986666666667,778348.0,50356.0,-0.3054433038435378,3124.632,"{""activation"": ""relu"", ""batch_size"": 16, ""data_augmentation"": false, ""dr_f"": 0.351587914602, ""learning_rate"": 0.000542581453, ""new_fc_1"": 18, ""new_fc_10"": 27, ""new_fc_2"": 5, ""new_fc_3"": 3, ""new_fc_4"": 12, ""new_fc_5"": 24, ""new_fc_6"": 7, ""new_fc_7"": 32, ""new_fc_8"": 6, ""new_fc_9"": 7, ""num_neurons"": 4, ""optimizer"": ""SGD"", ""reg_l2"": true, ""skip_connection"": false, ""unit_c1"": 1, ""unit_c2"": 1}"
428,210,accuracy,0.8736999928951263,0.12630000710487366,0.05530272,8295408.0,269444.0,-0.37181918897341154,3750.1403,"{""activation"": ""selu"", ""batch_size"": 32, ""data_augmentation"": false, ""dr_f"": 0.130528545513, ""learning_rate"": 0.000964426774, ""new_fc_1"": 22, ""new_fc_10"": 30, ""new_fc_2"": 3, ""new_fc_3"": 28, ""new_fc_4"": 20, ""new_fc_5"": 16, ""new_fc_6"": 4, ""new_fc_7"": 30, ""new_fc_8"": 29, ""new_fc_9"": 32, ""num_neurons"": 4, ""optimizer"": ""Adamax"", ""reg_l2"": true, ""skip_connection"": true, ""unit_c1"": 2, ""unit_c2"": 8}"
429,211,accuracy,0.9803999997675419,0.019600000232458115,0.6849821333333334,102747320.0,2883828.0,-0.10822536016272068,4075.5768,"{""activation"": ""elu"", ""batch_size"": 32, ""data_augmentation"": false, ""dr_f"": 0.240136446275, ""learning_rate"": 0.000474313851, ""new_fc_1"": 19, ""new_fc_10"": 1, ""new_fc_2"": 14, ""new_fc_3"": 30, ""new_fc_4"": 5, ""new_fc_5"": 20, ""new_fc_6"": 27, ""new_fc_7"": 11, ""new_fc_8"": 10, ""new_fc_9"": 21, ""num_neurons"": 16, ""optimizer"": ""Adagrad"", ""reg_l2"": true, ""skip_connection"": true, ""unit_c1"": 2, ""unit_c2"": 7}"
430,212,accuracy,10000000000.0,,18.61078416,2791617624.0,60965604.0,10000000000.0,4079.2972,"{""activation"": ""relu"", ""batch_size"": 64, ""data_augmentation"": true, ""dr_f"": 0.190703181842, ""learning_rate"": 0.000321897482, ""new_fc_1"": 24, ""new_fc_10"": 32, ""new_fc_2"": 12, ""new_fc_3"": 19, ""new_fc_4"": 10, ""new_fc_5"": 19, ""new_fc_6"": 31, ""new_fc_7"": 31, ""new_fc_8"": 6, ""new_fc_9"": 16, ""num_neurons"": 64, ""optimizer"": ""Adam"", ""reg_l2"": true, ""skip_connection"": false, ""unit_c1"": 4, ""unit_c2"": 7}"
431,212,flops,,,0.027725493333333334,4158824.0,274668.0,,4081.0637,"{""activation"": ""swish"", ""batch_size"": 32, ""data_augmentation"": false, ""dr_f"": 0.332281449094, ""learning_rate"": 0.00045577707, ""new_fc_1"": 17, ""new_fc_10"": 5, ""new_fc_2"": 26, ""new_fc_3"": 2, ""new_fc_4"": 29, ""new_fc_5"": 2, ""new_fc_6"": 9, ""new_fc_7"": 23, ""new_fc_8"": 22, ""new_fc_9"": 23, ""num_neurons"": 8, ""optimizer"": ""Adamax"", ""reg_l2"": true, ""skip_connection"": true, ""unit_c1"": 1, ""unit_c2"": 2}"
432,212,flops,,,2.65038672,397558008.0,7088612.0,,4082.6434,"{""activation"": ""elu"", ""batch_size"": 64, ""data_augmentation"": false, ""dr_f"": 0.128644835859, ""learning_rate"": 0.000499651998, ""new_fc_1"": 8, ""new_fc_10"": 32, ""new_fc_2"": 31, ""new_fc_3"": 7, ""new_fc_4"": 27, ""new_fc_5"": 0, ""new_fc_6"": 17, ""new_fc_7"": 22, ""new_fc_8"": 29, ""new_fc_9"": 8, ""num_neurons"": 32, ""optimizer"": ""SGD"", ""reg_l2"": true, ""skip_connection"": true, ""unit_c1"": 2, ""unit_c2"": 7}"
433,213,accuracy,0.9900000002235174,0.009999999776482582,0.46304144,69456216.0,1523060.0,-0.1680875678435378,4468.0963,"{""activation"": ""selu"", ""batch_size"": 16, ""data_augmentation"": true, ""dr_f"": 0.187128001682, ""learning_rate"": 0.000817953218, ""new_fc_1"": 18, ""new_fc_10"": 11, ""new_fc_2"": 19, ""new_fc_3"": 3, ""new_fc_4"": 14, ""new_fc_5"": 9, ""new_fc_6"": 15, ""new_fc_7"": 30, ""new_fc_8"": 31, ""new_fc_9"": 2, ""num_neurons"": 16, ""optimizer"": ""Adam"", ""reg_l2"": false, ""skip_connection"": false, ""unit_c1"": 3, ""unit_c2"": 3}"
434,213,flops,,,1.8096357866666666,271445368.0,13833988.0,,4470.212,"{""activation"": ""selu"", ""batch_size"": 32, ""data_augmentation"": true, ""dr_f"": 0.369376830501, ""learning_rate"": 0.000518574878, ""new_fc_1"": 31, ""new_fc_10"": 26, ""new_fc_2"": 6, ""new_fc_3"": 20, ""new_fc_4"": 22, ""new_fc_5"": 22, ""new_fc_6"": 19, ""new_fc_7"": 7, ""new_fc_8"": 24, ""new_fc_9"": 24, ""num_neurons"": 32, ""optimizer"": ""Adamax"", ""reg_l2"": true, ""skip_connection"": false, ""unit_c1"": 2, ""unit_c2"": 5}"
435,214,accuracy,10000000000.0,,1.7831948266666666,267479224.0,8936676.0,10000000000.0,4472.1473,"{""activation"": ""relu"", ""batch_size"": 32, ""data_augmentation"": true, ""dr_f"": 0.24607336189, ""learning_rate"": 0.000540449577, ""new_fc_1"": 17, ""new_fc_10"": 24, ""new_fc_2"": 27, ""new_fc_3"": 20, ""new_fc_4"": 24, ""new_fc_5"": 4, ""new_fc_6"": 14, ""new_fc_7"": 9, ""new_fc_8"": 18, ""new_fc_9"": 22, ""num_neurons"": 32, ""optimizer"": ""Adamax"", ""reg_l2"": true, ""skip_connection"": true, ""unit_c1"": 2, ""unit_c2"": 5}"
436,214,flops,,,0.6952101866666667,104281528.0,5503428.0,,4473.9939,"{""activation"": ""selu"", ""batch_size"": 8, ""data_augmentation"": true, ""dr_f"": 0.352929844171, ""learning_rate"": 0.000497468047, ""new_fc_1"": 28, ""new_fc_10"": 27, ""new_fc_2"": 26, ""new_fc_3"": 13, ""new_fc_4"": 21, ""new_fc_5"": 0, ""new_fc_6"": 26, ""new_fc_7"": 26, ""new_fc_8"": 5, ""new_fc_9"": 23, ""num_neurons"": 32, ""optimizer"": ""SGD"", ""reg_l2"": false, ""skip_connection"": false, ""unit_c1"": 2, ""unit_c2"": 1}"
437,215,accuracy,0.9878000002354383,0.012199999764561653,0.1692352,25385280.0,297948.0,-0.2577694398351931,4679.5957,"{""activation"": ""relu"", ""batch_size"": 32, ""data_augmentation"": false, ""dr_f"": 0.456047690884, ""learning_rate"": 0.000419067012, ""new_fc_1"": 13, ""new_fc_10"": 30, ""new_fc_2"": 24, ""new_fc_3"": 3, ""new_fc_4"": 14, ""new_fc_5"": 8, ""new_fc_6"": 28, ""new_fc_7"": 29, ""new_fc_8"": 1, ""new_fc_9"": 23, ""num_neurons"": 8, ""optimizer"": ""SGD"", ""reg_l2"": true, ""skip_connection"": true, ""unit_c1"": 4, ""unit_c2"": 2}"
438,215,flops,,,0.047899946666666665,7184992.0,325900.0,,4681.2382,"{""activation"": ""relu"", ""batch_size"": 64, ""data_augmentation"": true, ""dr_f"": 0.203867902277, ""learning_rate"": 0.000226196255, ""new_fc_1"": 30, ""new_fc_10"": 28, ""new_fc_2"": 23, ""new_fc_3"": 9, ""new_fc_4"": 28, ""new_fc_5"": 15, ""new_fc_6"": 19, ""new_fc_7"": 18, ""new_fc_8"": 19, ""new_fc_9"": 4, ""num_neurons"": 8, ""optimizer"": ""Adagrad"", ""reg_l2"": false, ""skip_connection"": false, ""unit_c1"": 2, ""unit_c2"": 1}"
439,216,accuracy,0.8112999945878983,0.18870000541210175,0.7080653333333333,106209800.0,1171700.0,-0.21967040378847122,5246.7823,"{""activation"": ""elu"", ""batch_size"": 64, ""data_augmentation"": true, ""dr_f"": 0.25218265745, ""learning_rate"": 0.000910950491, ""new_fc_1"": 14, ""new_fc_10"": 19, ""new_fc_2"": 25, ""new_fc_3"": 7, ""new_fc_4"": 22, ""new_fc_5"": 15, ""new_fc_6"": 8, ""new_fc_7"": 9, ""new_fc_8"": 4, ""new_fc_9"": 8, ""num_neurons"": 16, ""optimizer"": ""Adagrad"", ""reg_l2"": false, ""skip_connection"": false, ""unit_c1"": 4, ""unit_c2"": 3}"
440,217,accuracy,0.6969000101089478,0.30309998989105225,0.5074159466666667,76112392.0,1646292.0,-0.35994520892373655,5692.5317,"{""activation"": ""swish"", ""batch_size"": 64, ""data_augmentation"": true, ""dr_f"": 0.297924209663, ""learning_rate"": 0.000768497878, ""new_fc_1"": 7, ""new_fc_10"": 6, ""new_fc_2"": 14, ""new_fc_3"": 23, ""new_fc_4"": 32, ""new_fc_5"": 29, ""new_fc_6"": 8, ""new_fc_7"": 4, ""new_fc_8"": 14, ""new_fc_9"": 16, ""num_neurons"": 16, ""optimizer"": ""Adamax"", ""reg_l2"": false, ""skip_connection"": true, ""unit_c1"": 1, ""unit_c2"": 7}"
441,217,flops,,,0.03265442666666667,4898164.0,66104.0,,5694.0768,"{""activation"": ""relu"", ""batch_size"": 32, ""data_augmentation"": true, ""dr_f"": 0.314819430647, ""learning_rate"": 0.000602143724, ""new_fc_1"": 5, ""new_fc_10"": 3, ""new_fc_2"": 10, ""new_fc_3"": 26, ""new_fc_4"": 11, ""new_fc_5"": 3, ""new_fc_6"": 14, ""new_fc_7"": 25, ""new_fc_8"": 4, ""new_fc_9"": 18, ""num_neurons"": 4, ""optimizer"": ""Adagrad"", ""reg_l2"": true, ""skip_connection"": true, ""unit_c1"": 1, ""unit_c2"": 7}"
442,218,accuracy,10000000000.0,,2.2485977066666667,337289656.0,2022468.0,10000000000.0,5695.7879,"{""activation"": ""swish"", ""batch_size"": 16, ""data_augmentation"": false, ""dr_f"": 0.493605856702, ""learning_rate"": 0.000755153783, ""new_fc_1"": 0, ""new_fc_10"": 32, ""new_fc_2"": 13, ""new_fc_3"": 5, ""new_fc_4"": 23, ""new_fc_5"": 15, ""new_fc_6"": 4, ""new_fc_7"": 0, ""new_fc_8"": 7, ""new_fc_9"": 6, ""num_neurons"": 32, ""optimizer"": ""Adadelta"", ""reg_l2"": false, ""skip_connection"": false, ""unit_c1"": 4, ""unit_c2"": 1}"
443,218,flops,,,0.03733045333333333,5599568.0,176340.0,,5697.4124,"{""activation"": ""swish"", ""batch_size"": 32, ""data_augmentation"": false, ""dr_f"": 0.468307465188, ""learning_rate"": 0.000311247446, ""new_fc_1"": 18, ""new_fc_10"": 28, ""new_fc_2"": 16, ""new_fc_3"": 8, ""new_fc_4"": 30, ""new_fc_5"": 3, ""new_fc_6"": 0, ""new_fc_7"": 21, ""new_fc_8"": 23, ""new_fc_9"": 31, ""num_neurons"": 4, ""optimizer"": ""Adadelta"", ""reg_l2"": true, ""skip_connection"": false, ""unit_c1"": 2, ""unit_c2"": 6}"
444,218,flops,,,0.23471242666666667,35206864.0,842748.0,,5699.1009,"{""activation"": ""elu"", ""batch_size"": 16, ""data_augmentation"": false, ""dr_f"": 0.395175577486, ""learning_rate"": 0.000527682335, ""new_fc_1"": 0, ""new_fc_10"": 17, ""new_fc_2"": 21, ""new_fc_3"": 32, ""new_fc_4"": 2, ""new_fc_5"": 4, ""new_fc_6"": 19, ""new_fc_7"": 25, ""new_fc_8"": 19, ""new_fc_9"": 28, ""num_neurons"": 8, ""optimizer"": ""Adam"", ""reg_l2"": false, ""skip_connection"": true, ""unit_c1"": 3, ""unit_c2"": 7}"
445,218,flops,,,10.025474293333334,1503821144.0,28210020.0,,5701.9098,"{""activation"": ""selu"", ""batch_size"": 8, ""data_augmentation"": false, ""dr_f"": 0.430274596874, ""learning_rate"": 0.000318221483, ""new_fc_1"": 29, ""new_fc_10"": 6, ""new_fc_2"": 13, ""new_fc_3"": 3, ""new_fc_4"": 30, ""new_fc_5"": 4, ""new_fc_6"": 19, ""new_fc_7"": 27, ""new_fc_8"": 26, ""new_fc_9"": 31, ""num_neurons"": 64, ""optimizer"": ""Adam"", ""reg_l2"": false, ""skip_connection"": false, ""unit_c1"": 4, ""unit_c2"": 2}"
446,219,accuracy,0.9900000002235174,0.009999999776482582,0.52272176,78408264.0,2886580.0,-0.15018347184353778,6447.6868,"{""activation"": ""selu"", ""batch_size"": 8, ""data_augmentation"": true, ""dr_f"": 0.461205605552, ""learning_rate"": 0.000504462007, ""new_fc_1"": 21, ""new_fc_10"": 32, ""new_fc_2"": 29, ""new_fc_3"": 7, ""new_fc_4"": 10, ""new_fc_5"": 3, ""new_fc_6"": 12, ""new_fc_7"": 12, ""new_fc_8"": 0, ""new_fc_9"": 1, ""num_neurons"": 16, ""optimizer"": ""Adam"", ""reg_l2"": false, ""skip_connection"": true, ""unit_c1"": 1, ""unit_c2"": 7}"
447,220,accuracy,0.8286000043153763,0.17139999568462372,0.07901589333333334,11852384.0,721604.0,-0.3962752289792366,8813.3764,"{""activation"": ""selu"", ""batch_size"": 8, ""data_augmentation"": false, ""dr_f"": 0.054022893621, ""learning_rate"": 0.000773637556, ""new_fc_1"": 30, ""new_fc_10"": 30, ""new_fc_2"": 29, ""new_fc_3"": 16, ""new_fc_4"": 21, ""new_fc_5"": 18, ""new_fc_6"": 32, ""new_fc_7"": 24, ""new_fc_8"": 20, ""new_fc_9"": 21, ""num_neurons"": 8, ""optimizer"": ""Adadelta"", ""reg_l2"": true, ""skip_connection"": true, ""unit_c1"": 2, ""unit_c2"": 3}"
448,221,accuracy,10000000000.0,,8.10142352,1215213528.0,41444516.0,10000000000.0,8816.7784,"{""activation"": ""relu"", ""batch_size"": 32, ""data_augmentation"": true, ""dr_f"": 0.244758761724, ""learning_rate"": 0.000665942824, ""new_fc_1"": 17, ""new_fc_10"": 20, ""new_fc_2"": 28, ""new_fc_3"": 9, ""new_fc_4"": 16, ""new_fc_5"": 31, ""new_fc_6"": 11, ""new_fc_7"": 11, ""new_fc_8"": 3, ""new_fc_9"": 4, ""num_neurons"": 64, ""optimizer"": ""Adamax"", ""reg_l2"": false, ""skip_connection"": false, ""unit_c1"": 1, ""unit_c2"": 7}"
449,221,flops,,,0.04588832,6883248.0,74436.0,,8818.2355,"{""activation"": ""selu"", ""batch_size"": 8, ""data_augmentation"": false, ""dr_f"": 0.404625075207, ""learning_rate"": 0.000449430222, ""new_fc_1"": 11, ""new_fc_10"": 8, ""new_fc_2"": 13, ""new_fc_3"": 29, ""new_fc_4"": 20, ""new_fc_5"": 14, ""new_fc_6"": 2, ""new_fc_7"": 31, ""new_fc_8"": 32, ""new_fc_9"": 6, ""num_neurons"": 4, ""optimizer"": ""Adadelta"", ""reg_l2"": false, ""skip_connection"": true, ""unit_c1"": 4, ""unit_c2"": 2}"
450,221,flops,,,0.005664906666666666,849736.0,69232.0,,8819.9788,"{""activation"": ""relu"", ""batch_size"": 64, ""data_augmentation"": false, ""dr_f"": 0.446248546902, ""learning_rate"": 0.000583308413, ""new_fc_1"": 26, ""new_fc_10"": 15, ""new_fc_2"": 23, ""new_fc_3"": 9, ""new_fc_4"": 22, ""new_fc_5"": 21, ""new_fc_6"": 15, ""new_fc_7"": 8, ""new_fc_8"": 32, ""new_fc_9"": 1, ""num_neurons"": 4, ""optimizer"": ""Adagrad"", ""reg_l2"": false, ""skip_connection"": true, ""unit_c1"": 1, ""unit_c2"": 1}"
451,221,flops,,,0.057820053333333336,8673008.0,289980.0,,8821.8707,"{""activation"": ""swish"", ""batch_size"": 32, ""data_augmentation"": false, ""dr_f"": 0.231145247399, ""learning_rate"": 0.000950082267, ""new_fc_1"": 8, ""new_fc_10"": 17, ""new_fc_2"": 23, ""new_fc_3"": 27, ""new_fc_4"": 29, ""new_fc_5"": 10, ""new_fc_6"": 31, ""new_fc_7"": 11, ""new_fc_8"": 11, ""new_fc_9"": 18, ""num_neurons"": 8, ""optimizer"": ""SGD"", ""reg_l2"": true, ""skip_connection"": false, ""unit_c1"": 2, ""unit_c2"": 2}"
452,222,accuracy,0.9901999998837709,0.009800000116229057,0.03265442666666667,4898164.0,66104.0,-0.29706367208136036,9027.3488,"{""activation"": ""relu"", ""batch_size"": 32, ""data_augmentation"": true, ""dr_f"": 0.314819430647, ""learning_rate"": 0.000602143724, ""new_fc_1"": 5, ""new_fc_10"": 3, ""new_fc_2"": 10, ""new_fc_3"": 26, ""new_fc_4"": 11, ""new_fc_5"": 3, ""new_fc_6"": 14, ""new_fc_7"": 25, ""new_fc_8"": 4, ""new_fc_9"": 18, ""num_neurons"": 4, ""optimizer"": ""Adagrad"", ""reg_l2"": true, ""skip_connection"": true, ""unit_c1"": 1, ""unit_c2"": 7}"
453,223,accuracy,0.9903999995440245,0.009600000455975533,0.03733045333333333,5599568.0,176340.0,-0.29552086431918284,9233.0315,"{""activation"": ""swish"", ""batch_size"": 32, ""data_augmentation"": false, ""dr_f"": 0.468307465188, ""learning_rate"": 0.000311247446, ""new_fc_1"": 18, ""new_fc_10"": 28, ""new_fc_2"": 16, ""new_fc_3"": 8, ""new_fc_4"": 30, ""new_fc_5"": 3, ""new_fc_6"": 0, ""new_fc_7"": 21, ""new_fc_8"": 23, ""new_fc_9"": 31, ""num_neurons"": 4, ""optimizer"": ""Adadelta"", ""reg_l2"": true, ""skip_connection"": false, ""unit_c1"": 2, ""unit_c2"": 6}"
454,224,accuracy,10000000000.0,,1.5347222933333333,230208344.0,5968644.0,10000000000.0,9235.0263,"{""activation"": ""selu"", ""batch_size"": 32, ""data_augmentation"": false, ""dr_f"": 0.199228285956, ""learning_rate"": 0.000232940776, ""new_fc_1"": 9, ""new_fc_10"": 15, ""new_fc_2"": 5, ""new_fc_3"": 22, ""new_fc_4"": 2, ""new_fc_5"": 15, ""new_fc_6"": 9, ""new_fc_7"": 16, ""new_fc_8"": 22, ""new_fc_9"": 29, ""num_neurons"": 32, ""optimizer"": ""Adamax"", ""reg_l2"": false, ""skip_connection"": false, ""unit_c1"": 1, ""unit_c2"": 6}"
455,225,accuracy,0.9900000002235174,0.009999999776482582,0.005374133333333334,806120.0,53408.0,-0.30538775984353783,9920.5658,"{""activation"": ""swish"", ""batch_size"": 8, ""data_augmentation"": true, ""dr_f"": 0.151942006246, ""learning_rate"": 0.000182217397, ""new_fc_1"": 17, ""new_fc_10"": 6, ""new_fc_2"": 16, ""new_fc_3"": 22, ""new_fc_4"": 18, ""new_fc_5"": 20, ""new_fc_6"": 11, ""new_fc_7"": 21, ""new_fc_8"": 1, ""new_fc_9"": 24, ""num_neurons"": 4, ""optimizer"": ""Adagrad"", ""reg_l2"": true, ""skip_connection"": false, ""unit_c1"": 1, ""unit_c2"": 1}"
456,226,accuracy,0.6398999989032745,0.36010000109672546,0.42085872,63128808.0,3548260.0,-0.4258123847677078,1346.5835,"{""activation"": ""selu"", ""batch_size"": 16, ""data_augmentation"": false, ""dr_f"": 0.087264578051, ""learning_rate"": 0.000573140387, ""new_fc_1"": 25, ""new_fc_10"": 27, ""new_fc_2"": 13, ""new_fc_3"": 20, ""new_fc_4"": 18, ""new_fc_5"": 11, ""new_fc_6"": 29, ""new_fc_7"": 32, ""new_fc_8"": 22, ""new_fc_9"": 12, ""num_neurons"": 16, ""optimizer"": ""Adagrad"", ""reg_l2"": false, ""skip_connection"": true, ""unit_c1"": 1, ""unit_c2"": 6}"
457,227,accuracy,10000000000.0,,21.15550096,3173325144.0,73187684.0,10000000000.0,1351.0582,"{""activation"": ""relu"", ""batch_size"": 8, ""data_augmentation"": false, ""dr_f"": 0.248009023813, ""learning_rate"": 0.00010225084, ""new_fc_1"": 28, ""new_fc_10"": 15, ""new_fc_2"": 19, ""new_fc_3"": 10, ""new_fc_4"": 6, ""new_fc_5"": 6, ""new_fc_6"": 13, ""new_fc_7"": 28, ""new_fc_8"": 31, ""new_fc_9"": 8, ""num_neurons"": 64, ""optimizer"": ""Adagrad"", ""reg_l2"": false, ""skip_connection"": false, ""unit_c1"": 4, ""unit_c2"": 8}"
458,228,accuracy,0.8489000052213669,0.15109999477863312,0.23471242666666667,35206864.0,842748.0,-0.3353562683450432,2156.8066,"{""activation"": ""elu"", ""batch_size"": 16, ""data_augmentation"": false, ""dr_f"": 0.395175577486, ""learning_rate"": 0.000527682335, ""new_fc_1"": 0, ""new_fc_10"": 17, ""new_fc_2"": 21, ""new_fc_3"": 32, ""new_fc_4"": 2, ""new_fc_5"": 4, ""new_fc_6"": 19, ""new_fc_7"": 25, ""new_fc_8"": 19, ""new_fc_9"": 28, ""num_neurons"": 8, ""optimizer"": ""Adam"", ""reg_l2"": false, ""skip_connection"": true, ""unit_c1"": 3, ""unit_c2"": 7}"
459,228,flops,,,2.1639126933333332,324586904.0,18229604.0,,2159.2504,"{""activation"": ""relu"", ""batch_size"": 64, ""data_augmentation"": true, ""dr_f"": 0.442688414027, ""learning_rate"": 0.000580991998, ""new_fc_1"": 31, ""new_fc_10"": 26, ""new_fc_2"": 22, ""new_fc_3"": 28, ""new_fc_4"": 19, ""new_fc_5"": 3, ""new_fc_6"": 22, ""new_fc_7"": 32, ""new_fc_8"": 14, ""new_fc_9"": 5, ""num_neurons"": 32, ""optimizer"": ""Adagrad"", ""reg_l2"": true, ""skip_connection"": true, ""unit_c1"": 1, ""unit_c2"": 7}"
460,229,accuracy,10000000000.0,,20.450962506666666,3067644376.0,20345572.0,10000000000.0,2161.6234,"{""activation"": ""elu"", ""batch_size"": 8, ""data_augmentation"": false, ""dr_f"": 0.421158311643, ""learning_rate"": 0.000371607832, ""new_fc_1"": 5, ""new_fc_10"": 6, ""new_fc_2"": 7, ""new_fc_3"": 20, ""new_fc_4"": 32, ""new_fc_5"": 6, ""new_fc_6"": 17, ""new_fc_7"": 15, ""new_fc_8"": 1, ""new_fc_9"": 1, ""num_neurons"": 64, ""optimizer"": ""Adadelta"", ""reg_l2"": true, ""skip_connection"": false, ""unit_c1"": 4, ""unit_c2"": 8}"
461,230,accuracy,0.9900000002235174,0.009999999776482582,0.12832778666666667,19249168.0,509572.0,-0.2685016638435378,2547.601,"{""activation"": ""swish"", ""batch_size"": 16, ""data_augmentation"": true, ""dr_f"": 0.138062231795, ""learning_rate"": 0.000356820441, ""new_fc_1"": 11, ""new_fc_10"": 17, ""new_fc_2"": 1, ""new_fc_3"": 12, ""new_fc_4"": 5, ""new_fc_5"": 18, ""new_fc_6"": 31, ""new_fc_7"": 26, ""new_fc_8"": 27, ""new_fc_9"": 1, ""num_neurons"": 8, ""optimizer"": ""Adagrad"", ""reg_l2"": false, ""skip_connection"": false, ""unit_c1"": 1, ""unit_c2"": 7}"
462,230,flops,,,0.14933413333333334,22400120.0,102004.0,,2549.1087,"{""activation"": ""relu"", ""batch_size"": 16, ""data_augmentation"": true, ""dr_f"": 0.104279582185, ""learning_rate"": 0.000579061272, ""new_fc_1"": 1, ""new_fc_10"": 14, ""new_fc_2"": 22, ""new_fc_3"": 2, ""new_fc_4"": 27, ""new_fc_5"": 6, ""new_fc_6"": 17, ""new_fc_7"": 31, ""new_fc_8"": 2, ""new_fc_9"": 10, ""num_neurons"": 8, ""optimizer"": ""Adamax"", ""reg_l2"": false, ""skip_connection"": false, ""unit_c1"": 4, ""unit_c2"": 1}"
463,231,accuracy,0.9878000002354383,0.012199999764561653,0.02870944,4306416.0,374228.0,-0.29992716783519313,2755.4471,"{""activation"": ""relu"", ""batch_size"": 32, ""data_augmentation"": true, ""dr_f"": 0.448276961349, ""learning_rate"": 0.000164159474, ""new_fc_1"": 31, ""new_fc_10"": 21, ""new_fc_2"": 27, ""new_fc_3"": 4, ""new_fc_4"": 4, ""new_fc_5"": 19, ""new_fc_6"": 11, ""new_fc_7"": 9, ""new_fc_8"": 10, ""new_fc_9"": 3, ""num_neurons"": 8, ""optimizer"": ""Adagrad"", ""reg_l2"": true, ""skip_connection"": true, ""unit_c1"": 1, ""unit_c2"": 2}"
464,232,accuracy,0.97719999961555,0.02280000038444996,0.09628346666666666,14442520.0,861492.0,-0.287074960269115,2900.7077,"{""activation"": ""elu"", ""batch_size"": 64, ""data_augmentation"": false, ""dr_f"": 0.377782108851, ""learning_rate"": 0.000637736302, ""new_fc_1"": 6, ""new_fc_10"": 12, ""new_fc_2"": 4, ""new_fc_3"": 15, ""new_fc_4"": 15, ""new_fc_5"": 17, ""new_fc_6"": 31, ""new_fc_7"": 11, ""new_fc_8"": 19, ""new_fc_9"": 26, ""num_neurons"": 16, ""optimizer"": ""Adagrad"", ""reg_l2"": true, ""skip_connection"": false, ""unit_c1"": 1, ""unit_c2"": 2}"
465,232,flops,,,13.216771146666666,1982515672.0,67097700.0,,2905.045,"{""activation"": ""elu"", ""batch_size"": 8, ""data_augmentation"": false, ""dr_f"": 0.038201204337, ""learning_rate"": 0.000514334552, ""new_fc_1"": 23, ""new_fc_10"": 26, ""new_fc_2"": 29, ""new_fc_3"": 10, ""new_fc_4"": 2, ""new_fc_5"": 22, ""new_fc_6"": 27, ""new_fc_7"": 31, ""new_fc_8"": 16, ""new_fc_9"": 20, ""num_neurons"": 64, ""optimizer"": ""Adagrad"", ""reg_l2"": true, ""skip_connection"": true, ""unit_c1"": 2, ""unit_c2"": 8}"
466,233,accuracy,10000000000.0,,2.7979135466666665,419687032.0,5878340.0,10000000000.0,2906.9362,"{""activation"": ""relu"", ""batch_size"": 64, ""data_augmentation"": true, ""dr_f"": 0.173431004065, ""learning_rate"": 0.000654374108, ""new_fc_1"": 14, ""new_fc_10"": 11, ""new_fc_2"": 25, ""new_fc_3"": 25, ""new_fc_4"": 10, ""new_fc_5"": 16, ""new_fc_6"": 10, ""new_fc_7"": 29, ""new_fc_8"": 18, ""new_fc_9"": 11, ""num_neurons"": 32, ""optimizer"": ""Adadelta"", ""reg_l2"": true, ""skip_connection"": false, ""unit_c1"": 4, ""unit_c2"": 3}"
467,234,accuracy,10000000000.0,,10.37936144,1556904216.0,56748516.0,10000000000.0,2910.9419,"{""activation"": ""swish"", ""batch_size"": 32, ""data_augmentation"": true, ""dr_f"": 0.390217784321, ""learning_rate"": 0.000607551352, ""new_fc_1"": 30, ""new_fc_10"": 5, ""new_fc_2"": 30, ""new_fc_3"": 11, ""new_fc_4"": 19, ""new_fc_5"": 32, ""new_fc_6"": 24, ""new_fc_7"": 24, ""new_fc_8"": 5, ""new_fc_9"": 29, ""num_neurons"": 64, ""optimizer"": ""Adagrad"", ""reg_l2"": false, ""skip_connection"": false, ""unit_c1"": 3, ""unit_c2"": 5}"
468,234,flops,,,0.05122901333333333,7684352.0,137064.0,,2913.0478,"{""activation"": ""swish"", ""batch_size"": 64, ""data_augmentation"": true, ""dr_f"": 0.211863166052, ""learning_rate"": 0.000669528089, ""new_fc_1"": 13, ""new_fc_10"": 19, ""new_fc_2"": 29, ""new_fc_3"": 5, ""new_fc_4"": 21, ""new_fc_5"": 16, ""new_fc_6"": 21, ""new_fc_7"": 0, ""new_fc_8"": 11, ""new_fc_9"": 31, ""num_neurons"": 4, ""optimizer"": ""SGD"", ""reg_l2"": false, ""skip_connection"": false, ""unit_c1"": 3, ""unit_c2"": 6}"
469,234,flops,,,0.49908485333333336,74862728.0,1113780.0,,2915.0029,"{""activation"": ""elu"", ""batch_size"": 32, ""data_augmentation"": true, ""dr_f"": 0.081017474665, ""learning_rate"": 0.000642995666, ""new_fc_1"": 5, ""new_fc_10"": 1, ""new_fc_2"": 27, ""new_fc_3"": 6, ""new_fc_4"": 3, ""new_fc_5"": 26, ""new_fc_6"": 21, ""new_fc_7"": 17, ""new_fc_8"": 13, ""new_fc_9"": 4, ""num_neurons"": 16, ""optimizer"": ""Adagrad"", ""reg_l2"": false, ""skip_connection"": true, ""unit_c1"": 1, ""unit_c2"": 7}"
470,235,accuracy,10000000000.0,,12.640635893333334,1896095384.0,35211172.0,10000000000.0,2917.9914,"{""activation"": ""relu"", ""batch_size"": 16, ""data_augmentation"": false, ""dr_f"": 0.068679008133, ""learning_rate"": 0.000833049296, ""new_fc_1"": 21, ""new_fc_10"": 24, ""new_fc_2"": 21, ""new_fc_3"": 13, ""new_fc_4"": 7, ""new_fc_5"": 19, ""new_fc_6"": 19, ""new_fc_7"": 7, ""new_fc_8"": 15, ""new_fc_9"": 31, ""num_neurons"": 64, ""optimizer"": ""Adadelta"", ""reg_l2"": false, ""skip_connection"": true, ""unit_c1"": 4, ""unit_c2"": 4}"
471,235,flops,,,0.09139872,13709808.0,261828.0,,2919.7405,"{""activation"": ""relu"", ""batch_size"": 32, ""data_augmentation"": true, ""dr_f"": 0.19964380614, ""learning_rate"": 0.000154761506, ""new_fc_1"": 14, ""new_fc_10"": 10, ""new_fc_2"": 26, ""new_fc_3"": 28, ""new_fc_4"": 17, ""new_fc_5"": 19, ""new_fc_6"": 0, ""new_fc_7"": 19, ""new_fc_8"": 16, ""new_fc_9"": 14, ""num_neurons"": 8, ""optimizer"": ""SGD"", ""reg_l2"": true, ""skip_connection"": false, ""unit_c1"": 3, ""unit_c2"": 1}"
472,236,accuracy,10000000000.0,,1.85294352,277941528.0,8328516.0,10000000000.0,2921.6181,"{""activation"": ""swish"", ""batch_size"": 64, ""data_augmentation"": true, ""dr_f"": 0.105514885811, ""learning_rate"": 0.000694519706, ""new_fc_1"": 32, ""new_fc_10"": 9, ""new_fc_2"": 12, ""new_fc_3"": 23, ""new_fc_4"": 4, ""new_fc_5"": 18, ""new_fc_6"": 11, ""new_fc_7"": 4, ""new_fc_8"": 25, ""new_fc_9"": 16, ""num_neurons"": 32, ""optimizer"": ""SGD"", ""reg_l2"": false, ""skip_connection"": true, ""unit_c1"": 3, ""unit_c2"": 3}"
473,237,accuracy,0.8606999963521957,0.13930000364780426,0.13755701333333334,20633552.0,1086860.0,-0.35624289855346297,3306.9428,"{""activation"": ""selu"", ""batch_size"": 64, ""data_augmentation"": false, ""dr_f"": 0.080098975668, ""learning_rate"": 0.000195629172, ""new_fc_1"": 31, ""new_fc_10"": 4, ""new_fc_2"": 6, ""new_fc_3"": 20, ""new_fc_4"": 6, ""new_fc_5"": 29, ""new_fc_6"": 29, ""new_fc_7"": 13, ""new_fc_8"": 24, ""new_fc_9"": 13, ""num_neurons"": 8, ""optimizer"": ""SGD"", ""reg_l2"": false, ""skip_connection"": true, ""unit_c1"": 1, ""unit_c2"": 7}"
474,238,accuracy,0.9912999998778105,0.008700000122189522,0.04588832,6883248.0,74436.0,-0.29232350408553265,4052.3806,"{""activation"": ""selu"", ""batch_size"": 8, ""data_augmentation"": false, ""dr_f"": 0.404625075207, ""learning_rate"": 0.000449430222, ""new_fc_1"": 11, ""new_fc_10"": 8, ""new_fc_2"": 13, ""new_fc_3"": 29, ""new_fc_4"": 20, ""new_fc_5"": 14, ""new_fc_6"": 2, ""new_fc_7"": 31, ""new_fc_8"": 32, ""new_fc_9"": 6, ""num_neurons"": 4, ""optimizer"": ""Adadelta"", ""reg_l2"": false, ""skip_connection"": true, ""unit_c1"": 4, ""unit_c2"": 2}"
475,238,flops,,,0.04091072,6136608.0,474436.0,,4053.9599,"{""activation"": ""selu"", ""batch_size"": 8, ""data_augmentation"": true, ""dr_f"": 0.186083702366, ""learning_rate"": 0.000431690627, ""new_fc_1"": 27, ""new_fc_10"": 8, ""new_fc_2"": 18, ""new_fc_3"": 10, ""new_fc_4"": 15, ""new_fc_5"": 23, ""new_fc_6"": 0, ""new_fc_7"": 0, ""new_fc_8"": 15, ""new_fc_9"": 21, ""num_neurons"": 8, ""optimizer"": ""Adagrad"", ""reg_l2"": true, ""skip_connection"": false, ""unit_c1"": 1, ""unit_c2"": 3}"
476,238,flops,,,0.03016448,4524672.0,119884.0,,4055.6886,"{""activation"": ""swish"", ""batch_size"": 32, ""data_augmentation"": true, ""dr_f"": 0.080352712472, ""learning_rate"": 0.000107472934, ""new_fc_1"": 12, ""new_fc_10"": 26, ""new_fc_2"": 5, ""new_fc_3"": 11, ""new_fc_4"": 4, ""new_fc_5"": 4, ""new_fc_6"": 1, ""new_fc_7"": 30, ""new_fc_8"": 25, ""new_fc_9"": 32, ""num_neurons"": 4, ""optimizer"": ""Adadelta"", ""reg_l2"": false, ""skip_connection"": false, ""unit_c1"": 2, ""unit_c2"": 5}"
477,238,flops,,,16.071624266666667,2410743640.0,30355812.0,,4058.5549,"{""activation"": ""elu"", ""batch_size"": 32, ""data_augmentation"": false, ""dr_f"": 0.081962225383, ""learning_rate"": 0.000272703769, ""new_fc_1"": 15, ""new_fc_10"": 0, ""new_fc_2"": 24, ""new_fc_3"": 2, ""new_fc_4"": 2, ""new_fc_5"": 25, ""new_fc_6"": 3, ""new_fc_7"": 15, ""new_fc_8"": 10, ""new_fc_9"": 20, ""num_neurons"": 64, ""optimizer"": ""Adadelta"", ""reg_l2"": false, ""skip_connection"": false, ""unit_c1"": 4, ""unit_c2"": 6}"
478,238,flops,,,0.09092101333333333,13638152.0,225916.0,,4060.4109,"{""activation"": ""relu"", ""batch_size"": 32, ""data_augmentation"": true, ""dr_f"": 0.067934229847, ""learning_rate"": 0.000960370628, ""new_fc_1"": 24, ""new_fc_10"": 1, ""new_fc_2"": 25, ""new_fc_3"": 29, ""new_fc_4"": 1, ""new_fc_5"": 23, ""new_fc_6"": 10, ""new_fc_7"": 2, ""new_fc_8"": 10, ""new_fc_9"": 17, ""num_neurons"": 8, ""optimizer"": ""Adamax"", ""reg_l2"": true, ""skip_connection"": false, ""unit_c1"": 3, ""unit_c2"": 1}"
479,238,flops,,,12.83004048,1924506072.0,38091364.0,,4063.9271,"{""activation"": ""selu"", ""batch_size"": 32, ""data_augmentation"": true, ""dr_f"": 0.297793899771, ""learning_rate"": 0.000855592392, ""new_fc_1"": 12, ""new_fc_10"": 12, ""new_fc_2"": 12, ""new_fc_3"": 31, ""new_fc_4"": 17, ""new_fc_5"": 27, ""new_fc_6"": 13, ""new_fc_7"": 15, ""new_fc_8"": 17, ""new_fc_9"": 2, ""num_neurons"": 64, ""optimizer"": ""Adamax"", ""reg_l2"": true, ""skip_connection"": true, ""unit_c1"": 2, ""unit_c2"": 8}"
480,239,accuracy,10000000000.0,,3.4431651733333335,516474776.0,28412708.0,10000000000.0,4066.6218,"{""activation"": ""elu"", ""batch_size"": 64, ""data_augmentation"": false, ""dr_f"": 0.225568692999, ""learning_rate"": 0.000391960089, ""new_fc_1"": 25, ""new_fc_10"": 10, ""new_fc_2"": 28, ""new_fc_3"": 13, ""new_fc_4"": 30, ""new_fc_5"": 12, ""new_fc_6"": 25, ""new_fc_7"": 32, ""new_fc_8"": 19, ""new_fc_9"": 3, ""num_neurons"": 64, ""optimizer"": ""Adadelta"", ""reg_l2"": true, ""skip_connection"": false, ""unit_c1"": 2, ""unit_c2"": 2}"
481,240,accuracy,10000000000.0,,4.797377866666666,719606680.0,16292932.0,10000000000.0,4068.8539,"{""activation"": ""selu"", ""batch_size"": 32, ""data_augmentation"": false, ""dr_f"": 0.042935650133, ""learning_rate"": 0.000626260512, ""new_fc_1"": 25, ""new_fc_10"": 17, ""new_fc_2"": 9, ""new_fc_3"": 23, ""new_fc_4"": 29, ""new_fc_5"": 32, ""new_fc_6"": 32, ""new_fc_7"": 0, ""new_fc_8"": 8, ""new_fc_9"": 19, ""num_neurons"": 32, ""optimizer"": ""SGD"", ""reg_l2"": true, ""skip_connection"": true, ""unit_c1"": 4, ""unit_c2"": 7}"
482,240,flops,,,0.05099794666666667,7649692.0,68804.0,,4070.6665,"{""activation"": ""swish"", ""batch_size"": 16, ""data_augmentation"": true, ""dr_f"": 0.314396597146, ""learning_rate"": 0.000687695943, ""new_fc_1"": 11, ""new_fc_10"": 3, ""new_fc_2"": 14, ""new_fc_3"": 24, ""new_fc_4"": 12, ""new_fc_5"": 11, ""new_fc_6"": 19, ""new_fc_7"": 11, ""new_fc_8"": 16, ""new_fc_9"": 10, ""num_neurons"": 4, ""optimizer"": ""Adagrad"", ""reg_l2"": true, ""skip_connection"": true, ""unit_c1"": 4, ""unit_c2"": 3}"
483,241,accuracy,10000000000.0,,1.5153885333333332,227308280.0,4518308.0,10000000000.0,4072.3838,"{""activation"": ""relu"", ""batch_size"": 32, ""data_augmentation"": true, ""dr_f"": 0.414996312189, ""learning_rate"": 0.000281956961, ""new_fc_1"": 0, ""new_fc_10"": 9, ""new_fc_2"": 5, ""new_fc_3"": 1, ""new_fc_4"": 27, ""new_fc_5"": 0, ""new_fc_6"": 30, ""new_fc_7"": 13, ""new_fc_8"": 24, ""new_fc_9"": 16, ""num_neurons"": 32, ""optimizer"": ""Adadelta"", ""reg_l2"": true, ""skip_connection"": false, ""unit_c1"": 1, ""unit_c2"": 6}"
484,242,accuracy,0.7416000068187714,0.25839999318122864,0.4711177066666667,70667656.0,1926180.0,-0.33954468322686004,4877.8316,"{""activation"": ""selu"", ""batch_size"": 32, ""data_augmentation"": false, ""dr_f"": 0.355708464699, ""learning_rate"": 0.000198229734, ""new_fc_1"": 30, ""new_fc_10"": 12, ""new_fc_2"": 4, ""new_fc_3"": 18, ""new_fc_4"": 5, ""new_fc_5"": 12, ""new_fc_6"": 15, ""new_fc_7"": 2, ""new_fc_8"": 29, ""new_fc_9"": 20, ""num_neurons"": 16, ""optimizer"": ""Adam"", ""reg_l2"": false, ""skip_connection"": true, ""unit_c1"": 3, ""unit_c2"": 3}"
485,243,accuracy,0.9900000002235174,0.009999999776482582,0.58686608,88029912.0,967252.0,-0.13094017584353781,5323.5631,"{""activation"": ""relu"", ""batch_size"": 16, ""data_augmentation"": false, ""dr_f"": 0.056485158939, ""learning_rate"": 0.000790295604, ""new_fc_1"": 29, ""new_fc_10"": 24, ""new_fc_2"": 14, ""new_fc_3"": 6, ""new_fc_4"": 10, ""new_fc_5"": 12, ""new_fc_6"": 8, ""new_fc_7"": 1, ""new_fc_8"": 5, ""new_fc_9"": 27, ""num_neurons"": 16, ""optimizer"": ""Adam"", ""reg_l2"": true, ""skip_connection"": true, ""unit_c1"": 4, ""unit_c2"": 1}"
486,244,accuracy,0.9900000002235174,0.009999999776482582,0.027725493333333334,4158824.0,274668.0,-0.2986823518435378,5589.3557,"{""activation"": ""swish"", ""batch_size"": 32, ""data_augmentation"": false, ""dr_f"": 0.332281449094, ""learning_rate"": 0.00045577707, ""new_fc_1"": 17, ""new_fc_10"": 5, ""new_fc_2"": 26, ""new_fc_3"": 2, ""new_fc_4"": 29, ""new_fc_5"": 2, ""new_fc_6"": 9, ""new_fc_7"": 23, ""new_fc_8"": 22, ""new_fc_9"": 23, ""num_neurons"": 8, ""optimizer"": ""Adamax"", ""reg_l2"": true, ""skip_connection"": true, ""unit_c1"": 1, ""unit_c2"": 2}"
487,245,accuracy,0.9892999995499849,0.010700000450015068,0.005664906666666666,849736.0,69232.0,-0.3057905283150106,5734.6745,"{""activation"": ""relu"", ""batch_size"": 64, ""data_augmentation"": false, ""dr_f"": 0.446248546902, ""learning_rate"": 0.000583308413, ""new_fc_1"": 26, ""new_fc_10"": 15, ""new_fc_2"": 23, ""new_fc_3"": 9, ""new_fc_4"": 22, ""new_fc_5"": 21, ""new_fc_6"": 15, ""new_fc_7"": 8, ""new_fc_8"": 32, ""new_fc_9"": 1, ""num_neurons"": 4, ""optimizer"": ""Adagrad"", ""reg_l2"": false, ""skip_connection"": true, ""unit_c1"": 1, ""unit_c2"": 1}"
488,245,flops,,,0.11573733333333333,17360600.0,462284.0,,5736.5679,"{""activation"": ""elu"", ""batch_size"": 64, ""data_augmentation"": true, ""dr_f"": 0.042374611854, ""learning_rate"": 0.000435358334, ""new_fc_1"": 14, ""new_fc_10"": 15, ""new_fc_2"": 5, ""new_fc_3"": 30, ""new_fc_4"": 8, ""new_fc_5"": 29, ""new_fc_6"": 28, ""new_fc_7"": 0, ""new_fc_8"": 21, ""new_fc_9"": 2, ""num_neurons"": 8, ""optimizer"": ""Adam"", ""reg_l2"": false, ""skip_connection"": true, ""unit_c1"": 2, ""unit_c2"": 5}"
489,246,accuracy,0.8854999989271164,0.1145000010728836,0.04091072,6136608.0,474436.0,-0.36787678475101854,7802.167,"{""activation"": ""selu"", ""batch_size"": 8, ""data_augmentation"": true, ""dr_f"": 0.186083702366, ""learning_rate"": 0.000431690627, ""new_fc_1"": 27, ""new_fc_10"": 8, ""new_fc_2"": 18, ""new_fc_3"": 10, ""new_fc_4"": 15, ""new_fc_5"": 23, ""new_fc_6"": 0, ""new_fc_7"": 0, ""new_fc_8"": 15, ""new_fc_9"": 21, ""num_neurons"": 8, ""optimizer"": ""Adagrad"", ""reg_l2"": true, ""skip_connection"": false, ""unit_c1"": 1, ""unit_c2"": 3}"
490,247,accuracy,10000000000.0,,4.570175946666667,685526392.0,7145156.0,10000000000.0,7804.2218,"{""activation"": ""selu"", ""batch_size"": 8, ""data_augmentation"": true, ""dr_f"": 0.30512280567, ""learning_rate"": 0.000541016049, ""new_fc_1"": 5, ""new_fc_10"": 2, ""new_fc_2"": 32, ""new_fc_3"": 16, ""new_fc_4"": 26, ""new_fc_5"": 19, ""new_fc_6"": 16, ""new_fc_7"": 32, ""new_fc_8"": 23, ""new_fc_9"": 30, ""num_neurons"": 32, ""optimizer"": ""Adadelta"", ""reg_l2"": false, ""skip_connection"": false, ""unit_c1"": 4, ""unit_c2"": 7}"
491,248,accuracy,0.9900000002235174,0.009999999776482582,0.048604,7290600.0,378804.0,-0.2924187998435378,8189.8926,"{""activation"": ""relu"", ""batch_size"": 16, ""data_augmentation"": true, ""dr_f"": 0.270463467792, ""learning_rate"": 0.000316661981, ""new_fc_1"": 18, ""new_fc_10"": 19, ""new_fc_2"": 6, ""new_fc_3"": 30, ""new_fc_4"": 25, ""new_fc_5"": 30, ""new_fc_6"": 25, ""new_fc_7"": 32, ""new_fc_8"": 31, ""new_fc_9"": 2, ""num_neurons"": 8, ""optimizer"": ""Adam"", ""reg_l2"": true, ""skip_connection"": false, ""unit_c1"": 2, ""unit_c2"": 1}"
492,249,accuracy,0.6615999937057495,0.3384000062942505,0.6952101866666667,104281528.0,5503428.0,-0.3283169484059753,11035.8558,"{""activation"": ""selu"", ""batch_size"": 8, ""data_augmentation"": true, ""dr_f"": 0.352929844171, ""learning_rate"": 0.000497468047, ""new_fc_1"": 28, ""new_fc_10"": 27, ""new_fc_2"": 26, ""new_fc_3"": 13, ""new_fc_4"": 21, ""new_fc_5"": 0, ""new_fc_6"": 26, ""new_fc_7"": 26, ""new_fc_8"": 5, ""new_fc_9"": 23, ""num_neurons"": 32, ""optimizer"": ""SGD"", ""reg_l2"": false, ""skip_connection"": false, ""unit_c1"": 2, ""unit_c2"": 1}"
493,249,flops,,,2.62502032,393753048.0,14075364.0,,11038.3204,"{""activation"": ""relu"", ""batch_size"": 64, ""data_augmentation"": false, ""dr_f"": 0.268927726723, ""learning_rate"": 0.000153176591, ""new_fc_1"": 32, ""new_fc_10"": 1, ""new_fc_2"": 18, ""new_fc_3"": 5, ""new_fc_4"": 10, ""new_fc_5"": 14, ""new_fc_6"": 10, ""new_fc_7"": 19, ""new_fc_8"": 6, ""new_fc_9"": 3, ""num_neurons"": 64, ""optimizer"": ""Adadelta"", ""reg_l2"": false, ""skip_connection"": false, ""unit_c1"": 2, ""unit_c2"": 1}"
494,249,flops,,,0.06845741333333333,10268612.0,173652.0,,11040.3165,"{""activation"": ""swish"", ""batch_size"": 8, ""data_augmentation"": false, ""dr_f"": 0.13296405347, ""learning_rate"": 0.000641844123, ""new_fc_1"": 16, ""new_fc_10"": 1, ""new_fc_2"": 0, ""new_fc_3"": 6, ""new_fc_4"": 14, ""new_fc_5"": 12, ""new_fc_6"": 10, ""new_fc_7"": 29, ""new_fc_8"": 26, ""new_fc_9"": 7, ""num_neurons"": 4, ""optimizer"": ""Adam"", ""reg_l2"": false, ""skip_connection"": false, ""unit_c1"": 3, ""unit_c2"": 8}"
495,250,accuracy,0.8570999950170517,0.1429000049829483,0.06845741333333333,10268612.0,173652.0,-0.37949277948806376,12746.9566,"{""activation"": ""swish"", ""batch_size"": 8, ""data_augmentation"": false, ""dr_f"": 0.13296405347, ""learning_rate"": 0.000641844123, ""new_fc_1"": 16, ""new_fc_10"": 1, ""new_fc_2"": 0, ""new_fc_3"": 6, ""new_fc_4"": 14, ""new_fc_5"": 12, ""new_fc_6"": 10, ""new_fc_7"": 29, ""new_fc_8"": 26, ""new_fc_9"": 7, ""num_neurons"": 4, ""optimizer"": ""Adam"", ""reg_l2"": false, ""skip_connection"": false, ""unit_c1"": 3, ""unit_c2"": 8}"
496,250,flops,,,0.03797504,5696256.0,166172.0,,1.818,"{""activation"": ""elu"", ""batch_size"": 32, ""data_augmentation"": false, ""dr_f"": 0.069489234362, ""learning_rate"": 0.000288417711, ""new_fc_1"": 20, ""new_fc_10"": 24, ""new_fc_2"": 19, ""new_fc_3"": 12, ""new_fc_4"": 10, ""new_fc_5"": 3, ""new_fc_6"": 13, ""new_fc_7"": 11, ""new_fc_8"": 13, ""new_fc_9"": 13, ""num_neurons"": 4, ""optimizer"": ""SGD"", ""reg_l2"": true, ""skip_connection"": true, ""unit_c1"": 2, ""unit_c2"": 6}"
497,251,accuracy,10000000000.0,,3.636400586666667,545460088.0,11989124.0,10000000000.0,4.3316,"{""activation"": ""swish"", ""batch_size"": 64, ""data_augmentation"": true, ""dr_f"": 0.246341518386, ""learning_rate"": 0.000398590022, ""new_fc_1"": 27, ""new_fc_10"": 8, ""new_fc_2"": 25, ""new_fc_3"": 21, ""new_fc_4"": 20, ""new_fc_5"": 7, ""new_fc_6"": 7, ""new_fc_7"": 27, ""new_fc_8"": 11, ""new_fc_9"": 10, ""num_neurons"": 32, ""optimizer"": ""Adam"", ""reg_l2"": true, ""skip_connection"": false, ""unit_c1"": 4, ""unit_c2"": 5}"
498,252,accuracy,0.8342999964952469,0.1657000035047531,0.2690062933333333,40350944.0,983948.0,-0.3352881144533272,1170.6763,"{""activation"": ""elu"", ""batch_size"": 16, ""data_augmentation"": false, ""dr_f"": 0.087045012935, ""learning_rate"": 0.000875902831, ""new_fc_1"": 30, ""new_fc_10"": 0, ""new_fc_2"": 16, ""new_fc_3"": 11, ""new_fc_4"": 26, ""new_fc_5"": 11, ""new_fc_6"": 25, ""new_fc_7"": 22, ""new_fc_8"": 13, ""new_fc_9"": 31, ""num_neurons"": 8, ""optimizer"": ""Adadelta"", ""reg_l2"": false, ""skip_connection"": false, ""unit_c1"": 4, ""unit_c2"": 6}"
499,253,accuracy,10000000000.0,,13.216771146666666,1982515672.0,67097700.0,10000000000.0,1174.8887,"{""activation"": ""elu"", ""batch_size"": 8, ""data_augmentation"": false, ""dr_f"": 0.038201204337, ""learning_rate"": 0.000514334552, ""new_fc_1"": 23, ""new_fc_10"": 26, ""new_fc_2"": 29, ""new_fc_3"": 10, ""new_fc_4"": 2, ""new_fc_5"": 22, ""new_fc_6"": 27, ""new_fc_7"": 31, ""new_fc_8"": 16, ""new_fc_9"": 20, ""num_neurons"": 64, ""optimizer"": ""Adagrad"", ""reg_l2"": true, ""skip_connection"": true, ""unit_c1"": 2, ""unit_c2"": 8}"
500,253,flops,,,0.03576456,5364684.0,88208.0,,1176.5876,"{""activation"": ""relu"", ""batch_size"": 32, ""data_augmentation"": true, ""dr_f"": 0.111954913775, ""learning_rate"": 0.000881594663, ""new_fc_1"": 7, ""new_fc_10"": 18, ""new_fc_2"": 31, ""new_fc_3"": 24, ""new_fc_4"": 3, ""new_fc_5"": 13, ""new_fc_6"": 11, ""new_fc_7"": 1, ""new_fc_8"": 2, ""new_fc_9"": 31, ""num_neurons"": 4, ""optimizer"": ""Adam"", ""reg_l2"": true, ""skip_connection"": false, ""unit_c1"": 2, ""unit_c2"": 6}"
501,254,accuracy,10000000000.0,,1.3848874133333333,207733112.0,7840196.0,10000000000.0,1178.5159,"{""activation"": ""selu"", ""batch_size"": 16, ""data_augmentation"": false, ""dr_f"": 0.077428247541, ""learning_rate"": 0.000180845846, ""new_fc_1"": 21, ""new_fc_10"": 20, ""new_fc_2"": 13, ""new_fc_3"": 5, ""new_fc_4"": 13, ""new_fc_5"": 26, ""new_fc_6"": 7, ""new_fc_7"": 8, ""new_fc_8"": 10, ""new_fc_9"": 30, ""num_neurons"": 32, ""optimizer"": ""SGD"", ""reg_l2"": true, ""skip_connection"": false, ""unit_c1"": 2, ""unit_c2"": 4}"
502,254,flops,,,0.27501488,41252232.0,899716.0,,1180.1353,"{""activation"": ""selu"", ""batch_size"": 16, ""data_augmentation"": true, ""dr_f"": 0.078489682396, ""learning_rate"": 0.000834157927, ""new_fc_1"": 26, ""new_fc_10"": 2, ""new_fc_2"": 10, ""new_fc_3"": 5, ""new_fc_4"": 30, ""new_fc_5"": 19, ""new_fc_6"": 28, ""new_fc_7"": 28, ""new_fc_8"": 26, ""new_fc_9"": 8, ""num_neurons"": 8, ""optimizer"": ""Adamax"", ""reg_l2"": true, ""skip_connection"": true, ""unit_c1"": 4, ""unit_c2"": 6}"
503,254,flops,,,0.68258608,102387912.0,3777812.0,,1181.9255,"{""activation"": ""selu"", ""batch_size"": 8, ""data_augmentation"": false, ""dr_f"": 0.430480469483, ""learning_rate"": 0.000446299454, ""new_fc_1"": 24, ""new_fc_10"": 13, ""new_fc_2"": 8, ""new_fc_3"": 20, ""new_fc_4"": 31, ""new_fc_5"": 31, ""new_fc_6"": 5, ""new_fc_7"": 2, ""new_fc_8"": 31, ""new_fc_9"": 26, ""num_neurons"": 16, ""optimizer"": ""Adamax"", ""reg_l2"": false, ""skip_connection"": false, ""unit_c1"": 2, ""unit_c2"": 7}"
504,255,accuracy,10000000000.0,,2.1312517866666667,319687768.0,7157028.0,10000000000.0,1185.2506,"{""activation"": ""swish"", ""batch_size"": 16, ""data_augmentation"": true, ""dr_f"": 0.4125469596, ""learning_rate"": 0.00035531975, ""new_fc_1"": 12, ""new_fc_10"": 4, ""new_fc_2"": 14, ""new_fc_3"": 19, ""new_fc_4"": 1, ""new_fc_5"": 18, ""new_fc_6"": 23, ""new_fc_7"": 11, ""new_fc_8"": 28, ""new_fc_9"": 14, ""num_neurons"": 32, ""optimizer"": ""Adam"", ""reg_l2"": true, ""skip_connection"": false, ""unit_c1"": 2, ""unit_c2"": 6}"
505,256,accuracy,10000000000.0,,12.83004048,1924506072.0,38091364.0,10000000000.0,1188.6058,"{""activation"": ""selu"", ""batch_size"": 32, ""data_augmentation"": true, ""dr_f"": 0.297793899771, ""learning_rate"": 0.000855592392, ""new_fc_1"": 12, ""new_fc_10"": 12, ""new_fc_2"": 12, ""new_fc_3"": 31, ""new_fc_4"": 17, ""new_fc_5"": 27, ""new_fc_6"": 13, ""new_fc_7"": 15, ""new_fc_8"": 17, ""new_fc_9"": 2, ""num_neurons"": 64, ""optimizer"": ""Adamax"", ""reg_l2"": true, ""skip_connection"": true, ""unit_c1"": 2, ""unit_c2"": 8}"
506,257,accuracy,0.9900000002235174,0.009999999776482582,0.09092101333333333,13638152.0,225916.0,-0.2797236958435378,1394.0603,"{""activation"": ""relu"", ""batch_size"": 32, ""data_augmentation"": true, ""dr_f"": 0.067934229847, ""learning_rate"": 0.000960370628, ""new_fc_1"": 24, ""new_fc_10"": 1, ""new_fc_2"": 25, ""new_fc_3"": 29, ""new_fc_4"": 1, ""new_fc_5"": 23, ""new_fc_6"": 10, ""new_fc_7"": 2, ""new_fc_8"": 10, ""new_fc_9"": 17, ""num_neurons"": 8, ""optimizer"": ""Adamax"", ""reg_l2"": true, ""skip_connection"": false, ""unit_c1"": 3, ""unit_c2"": 1}"
507,258,accuracy,0.9900000002235174,0.009999999776482582,0.03576456,5364684.0,88208.0,-0.2962706318435378,1599.7129,"{""activation"": ""relu"", ""batch_size"": 32, ""data_augmentation"": true, ""dr_f"": 0.111954913775, ""learning_rate"": 0.000881594663, ""new_fc_1"": 7, ""new_fc_10"": 18, ""new_fc_2"": 31, ""new_fc_3"": 24, ""new_fc_4"": 3, ""new_fc_5"": 13, ""new_fc_6"": 11, ""new_fc_7"": 1, ""new_fc_8"": 2, ""new_fc_9"": 31, ""num_neurons"": 4, ""optimizer"": ""Adam"", ""reg_l2"": true, ""skip_connection"": false, ""unit_c1"": 2, ""unit_c2"": 6}"
508,259,accuracy,0.9900000002235174,0.009999999776482582,0.057820053333333336,8673008.0,289980.0,-0.28965398384353785,1805.3913,"{""activation"": ""swish"", ""batch_size"": 32, ""data_augmentation"": false, ""dr_f"": 0.231145247399, ""learning_rate"": 0.000950082267, ""new_fc_1"": 8, ""new_fc_10"": 17, ""new_fc_2"": 23, ""new_fc_3"": 27, ""new_fc_4"": 29, ""new_fc_5"": 10, ""new_fc_6"": 31, ""new_fc_7"": 11, ""new_fc_8"": 11, ""new_fc_9"": 18, ""num_neurons"": 8, ""optimizer"": ""SGD"", ""reg_l2"": true, ""skip_connection"": false, ""unit_c1"": 2, ""unit_c2"": 2}"
509,259,flops,,,0.047256106666666665,7088416.0,177204.0,,1807.6601,"{""activation"": ""elu"", ""batch_size"": 16, ""data_augmentation"": false, ""dr_f"": 0.339154488625, ""learning_rate"": 0.000467256699, ""new_fc_1"": 17, ""new_fc_10"": 17, ""new_fc_2"": 4, ""new_fc_3"": 26, ""new_fc_4"": 24, ""new_fc_5"": 9, ""new_fc_6"": 25, ""new_fc_7"": 4, ""new_fc_8"": 1, ""new_fc_9"": 2, ""num_neurons"": 8, ""optimizer"": ""Adadelta"", ""reg_l2"": true, ""skip_connection"": true, ""unit_c1"": 2, ""unit_c2"": 1}"
510,260,accuracy,0.9796999990940094,0.0203000009059906,0.03797504,5696256.0,166172.0,-0.30281748863419344,2132.9779,"{""activation"": ""elu"", ""batch_size"": 32, ""data_augmentation"": false, ""dr_f"": 0.069489234362, ""learning_rate"": 0.000288417711, ""new_fc_1"": 20, ""new_fc_10"": 24, ""new_fc_2"": 19, ""new_fc_3"": 12, ""new_fc_4"": 10, ""new_fc_5"": 3, ""new_fc_6"": 13, ""new_fc_7"": 11, ""new_fc_8"": 13, ""new_fc_9"": 13, ""num_neurons"": 4, ""optimizer"": ""SGD"", ""reg_l2"": true, ""skip_connection"": true, ""unit_c1"": 2, ""unit_c2"": 6}"
511,260,flops,,,12.76987024,1915480536.0,50944100.0,,2136.7715,"{""activation"": ""elu"", ""batch_size"": 32, ""data_augmentation"": false, ""dr_f"": 0.152484557967, ""learning_rate"": 0.000213101752, ""new_fc_1"": 19, ""new_fc_10"": 2, ""new_fc_2"": 13, ""new_fc_3"": 13, ""new_fc_4"": 24, ""new_fc_5"": 18, ""new_fc_6"": 15, ""new_fc_7"": 9, ""new_fc_8"": 18, ""new_fc_9"": 11, ""num_neurons"": 64, ""optimizer"": ""Adagrad"", ""reg_l2"": false, ""skip_connection"": false, ""unit_c1"": 2, ""unit_c2"": 8}"
512,261,accuracy,10000000000.0,,1.3518437866666666,202776568.0,4327716.0,10000000000.0,2138.6227,"{""activation"": ""elu"", ""batch_size"": 32, ""data_augmentation"": false, ""dr_f"": 0.462128642932, ""learning_rate"": 0.00097052634, ""new_fc_1"": 20, ""new_fc_10"": 8, ""new_fc_2"": 22, ""new_fc_3"": 3, ""new_fc_4"": 8, ""new_fc_5"": 21, ""new_fc_6"": 30, ""new_fc_7"": 14, ""new_fc_8"": 32, ""new_fc_9"": 15, ""num_neurons"": 32, ""optimizer"": ""Adamax"", ""reg_l2"": false, ""skip_connection"": false, ""unit_c1"": 3, ""unit_c2"": 1}"
513,262,accuracy,10000000000.0,,2.65038672,397558008.0,7088612.0,10000000000.0,2140.8191,"{""activation"": ""elu"", ""batch_size"": 64, ""data_augmentation"": false, ""dr_f"": 0.128644835859, ""learning_rate"": 0.000499651998, ""new_fc_1"": 8, ""new_fc_10"": 32, ""new_fc_2"": 31, ""new_fc_3"": 7, ""new_fc_4"": 27, ""new_fc_5"": 0, ""new_fc_6"": 17, ""new_fc_7"": 22, ""new_fc_8"": 29, ""new_fc_9"": 8, ""num_neurons"": 32, ""optimizer"": ""SGD"", ""reg_l2"": true, ""skip_connection"": true, ""unit_c1"": 2, ""unit_c2"": 7}"
514,263,accuracy,0.9900000002235174,0.009999999776482582,0.05099794666666667,7649692.0,68804.0,-0.2917006158435378,2586.7304,"{""activation"": ""swish"", ""batch_size"": 16, ""data_augmentation"": true, ""dr_f"": 0.314396597146, ""learning_rate"": 0.000687695943, ""new_fc_1"": 11, ""new_fc_10"": 3, ""new_fc_2"": 14, ""new_fc_3"": 24, ""new_fc_4"": 12, ""new_fc_5"": 11, ""new_fc_6"": 19, ""new_fc_7"": 11, ""new_fc_8"": 16, ""new_fc_9"": 10, ""num_neurons"": 4, ""optimizer"": ""Adagrad"", ""reg_l2"": true, ""skip_connection"": true, ""unit_c1"": 4, ""unit_c2"": 3}"
515,263,flops,,,14.509565173333334,2176434776.0,54233572.0,,2590.5003,"{""activation"": ""relu"", ""batch_size"": 32, ""data_augmentation"": true, ""dr_f"": 0.250544074712, ""learning_rate"": 0.000431759795, ""new_fc_1"": 27, ""new_fc_10"": 6, ""new_fc_2"": 22, ""new_fc_3"": 16, ""new_fc_4"": 20, ""new_fc_5"": 23, ""new_fc_6"": 22, ""new_fc_7"": 30, ""new_fc_8"": 19, ""new_fc_9"": 23, ""num_neurons"": 64, ""optimizer"": ""SGD"", ""reg_l2"": true, ""skip_connection"": false, ""unit_c1"": 4, ""unit_c2"": 5}"
516,264,accuracy,0.9032000005245209,0.09679999947547913,0.27501488,41252232.0,899716.0,-0.28525553563283534,3636.4816,"{""activation"": ""selu"", ""batch_size"": 16, ""data_augmentation"": true, ""dr_f"": 0.078489682396, ""learning_rate"": 0.000834157927, ""new_fc_1"": 26, ""new_fc_10"": 2, ""new_fc_2"": 10, ""new_fc_3"": 5, ""new_fc_4"": 30, ""new_fc_5"": 19, ""new_fc_6"": 28, ""new_fc_7"": 28, ""new_fc_8"": 26, ""new_fc_9"": 8, ""num_neurons"": 8, ""optimizer"": ""Adamax"", ""reg_l2"": true, ""skip_connection"": true, ""unit_c1"": 4, ""unit_c2"": 6}"
517,264,flops,,,1.1523688,172855320.0,3876516.0,,3638.5599,"{""activation"": ""swish"", ""batch_size"": 8, ""data_augmentation"": false, ""dr_f"": 0.044679145583, ""learning_rate"": 0.000926390503, ""new_fc_1"": 9, ""new_fc_10"": 14, ""new_fc_2"": 7, ""new_fc_3"": 3, ""new_fc_4"": 4, ""new_fc_5"": 29, ""new_fc_6"": 7, ""new_fc_7"": 2, ""new_fc_8"": 29, ""new_fc_9"": 2, ""num_neurons"": 32, ""optimizer"": ""SGD"", ""reg_l2"": true, ""skip_connection"": true, ""unit_c1"": 1, ""unit_c2"": 5}"
518,265,accuracy,0.9891999997198582,0.01080000028014183,0.09139872,13709808.0,261828.0,-0.2801403841960992,3844.0043,"{""activation"": ""relu"", ""batch_size"": 32, ""data_augmentation"": true, ""dr_f"": 0.19964380614, ""learning_rate"": 0.000154761506, ""new_fc_1"": 14, ""new_fc_10"": 10, ""new_fc_2"": 26, ""new_fc_3"": 28, ""new_fc_4"": 17, ""new_fc_5"": 19, ""new_fc_6"": 0, ""new_fc_7"": 19, ""new_fc_8"": 16, ""new_fc_9"": 14, ""num_neurons"": 8, ""optimizer"": ""SGD"", ""reg_l2"": true, ""skip_connection"": false, ""unit_c1"": 3, ""unit_c2"": 1}"
519,266,accuracy,10000000000.0,,13.560207946666667,2034031192.0,13821604.0,10000000000.0,3846.2563,"{""activation"": ""relu"", ""batch_size"": 64, ""data_augmentation"": false, ""dr_f"": 0.462408667705, ""learning_rate"": 0.000326118223, ""new_fc_1"": 1, ""new_fc_10"": 3, ""new_fc_2"": 20, ""new_fc_3"": 17, ""new_fc_4"": 29, ""new_fc_5"": 29, ""new_fc_6"": 13, ""new_fc_7"": 1, ""new_fc_8"": 18, ""new_fc_9"": 5, ""num_neurons"": 64, ""optimizer"": ""Adam"", ""reg_l2"": true, ""skip_connection"": false, ""unit_c1"": 3, ""unit_c2"": 7}"
520,267,accuracy,0.7351999878883362,0.2648000121116638,0.80072848,120109272.0,1652772.0,-0.24514146447816468,4411.9449,"{""activation"": ""selu"", ""batch_size"": 64, ""data_augmentation"": true, ""dr_f"": 0.052551138937, ""learning_rate"": 0.000450884974, ""new_fc_1"": 17, ""new_fc_10"": 22, ""new_fc_2"": 5, ""new_fc_3"": 23, ""new_fc_4"": 8, ""new_fc_5"": 23, ""new_fc_6"": 13, ""new_fc_7"": 30, ""new_fc_8"": 1, ""new_fc_9"": 10, ""num_neurons"": 16, ""optimizer"": ""Adagrad"", ""reg_l2"": false, ""skip_connection"": false, ""unit_c1"": 4, ""unit_c2"": 4}"
521,267,flops,,,0.7267904533333334,109018568.0,2417748.0,,4413.8639,"{""activation"": ""swish"", ""batch_size"": 16, ""data_augmentation"": true, ""dr_f"": 0.081715340801, ""learning_rate"": 0.000474918084, ""new_fc_1"": 28, ""new_fc_10"": 22, ""new_fc_2"": 5, ""new_fc_3"": 11, ""new_fc_4"": 29, ""new_fc_5"": 21, ""new_fc_6"": 28, ""new_fc_7"": 26, ""new_fc_8"": 23, ""new_fc_9"": 12, ""num_neurons"": 16, ""optimizer"": ""Adagrad"", ""reg_l2"": false, ""skip_connection"": false, ""unit_c1"": 4, ""unit_c2"": 3}"
522,268,accuracy,0.9897999996319413,0.010200000368058681,0.03016448,4524672.0,119884.0,-0.29809065625764103,4619.4677,"{""activation"": ""swish"", ""batch_size"": 32, ""data_augmentation"": true, ""dr_f"": 0.080352712472, ""learning_rate"": 0.000107472934, ""new_fc_1"": 12, ""new_fc_10"": 26, ""new_fc_2"": 5, ""new_fc_3"": 11, ""new_fc_4"": 4, ""new_fc_5"": 4, ""new_fc_6"": 1, ""new_fc_7"": 30, ""new_fc_8"": 25, ""new_fc_9"": 32, ""num_neurons"": 4, ""optimizer"": ""Adadelta"", ""reg_l2"": false, ""skip_connection"": false, ""unit_c1"": 2, ""unit_c2"": 5}"
523,269,accuracy,10000000000.0,,8.37222032,1255833048.0,54066532.0,10000000000.0,4623.5917,"{""activation"": ""selu"", ""batch_size"": 16, ""data_augmentation"": true, ""dr_f"": 0.312182642353, ""learning_rate"": 0.000115594922, ""new_fc_1"": 25, ""new_fc_10"": 28, ""new_fc_2"": 20, ""new_fc_3"": 6, ""new_fc_4"": 8, ""new_fc_5"": 27, ""new_fc_6"": 7, ""new_fc_7"": 4, ""new_fc_8"": 9, ""new_fc_9"": 8, ""num_neurons"": 64, ""optimizer"": ""SGD"", ""reg_l2"": true, ""skip_connection"": true, ""unit_c1"": 1, ""unit_c2"": 7}"
524,270,accuracy,10000000000.0,,2.7495506666666665,412432600.0,20788516.0,10000000000.0,4626.2631,"{""activation"": ""relu"", ""batch_size"": 8, ""data_augmentation"": true, ""dr_f"": 0.289618843181, ""learning_rate"": 0.000822191278, ""new_fc_1"": 25, ""new_fc_10"": 11, ""new_fc_2"": 25, ""new_fc_3"": 14, ""new_fc_4"": 22, ""new_fc_5"": 17, ""new_fc_6"": 13, ""new_fc_7"": 13, ""new_fc_8"": 22, ""new_fc_9"": 32, ""num_neurons"": 64, ""optimizer"": ""SGD"", ""reg_l2"": true, ""skip_connection"": true, ""unit_c1"": 2, ""unit_c2"": 1}"
525,271,accuracy,10000000000.0,,2.1845426666666667,327681400.0,10341348.0,10000000000.0,4628.4377,"{""activation"": ""selu"", ""batch_size"": 64, ""data_augmentation"": true, ""dr_f"": 0.233292356228, ""learning_rate"": 0.000120083654, ""new_fc_1"": 30, ""new_fc_10"": 15, ""new_fc_2"": 15, ""new_fc_3"": 13, ""new_fc_4"": 1, ""new_fc_5"": 25, ""new_fc_6"": 22, ""new_fc_7"": 12, ""new_fc_8"": 6, ""new_fc_9"": 22, ""num_neurons"": 32, ""optimizer"": ""Adadelta"", ""reg_l2"": true, ""skip_connection"": false, ""unit_c1"": 3, ""unit_c2"": 4}"
526,272,accuracy,0.7341000139713287,0.26589998602867126,0.5499184533333333,82487768.0,2646468.0,-0.32115445422006983,6214.2714,"{""activation"": ""selu"", ""batch_size"": 16, ""data_augmentation"": false, ""dr_f"": 0.430565552104, ""learning_rate"": 0.000146292736, ""new_fc_1"": 18, ""new_fc_10"": 22, ""new_fc_2"": 30, ""new_fc_3"": 18, ""new_fc_4"": 15, ""new_fc_5"": 13, ""new_fc_6"": 12, ""new_fc_7"": 14, ""new_fc_8"": 26, ""new_fc_9"": 0, ""num_neurons"": 16, ""optimizer"": ""Adam"", ""reg_l2"": false, ""skip_connection"": false, ""unit_c1"": 2, ""unit_c2"": 6}"
527,273,accuracy,0.9899000003933907,0.010099999606609344,0.05122901333333333,7684352.0,137064.0,-0.2917012957246265,6359.9432,"{""activation"": ""swish"", ""batch_size"": 64, ""data_augmentation"": true, ""dr_f"": 0.211863166052, ""learning_rate"": 0.000669528089, ""new_fc_1"": 13, ""new_fc_10"": 19, ""new_fc_2"": 29, ""new_fc_3"": 5, ""new_fc_4"": 21, ""new_fc_5"": 16, ""new_fc_6"": 21, ""new_fc_7"": 0, ""new_fc_8"": 11, ""new_fc_9"": 31, ""num_neurons"": 4, ""optimizer"": ""SGD"", ""reg_l2"": false, ""skip_connection"": false, ""unit_c1"": 3, ""unit_c2"": 6}"
528,273,flops,,,3.0316592533333333,454748888.0,7605892.0,,6362.0948,"{""activation"": ""relu"", ""batch_size"": 8, ""data_augmentation"": false, ""dr_f"": 0.46071973234, ""learning_rate"": 0.000159558342, ""new_fc_1"": 14, ""new_fc_10"": 2, ""new_fc_2"": 20, ""new_fc_3"": 6, ""new_fc_4"": 4, ""new_fc_5"": 10, ""new_fc_6"": 4, ""new_fc_7"": 27, ""new_fc_8"": 29, ""new_fc_9"": 0, ""num_neurons"": 32, ""optimizer"": ""Adadelta"", ""reg_l2"": false, ""skip_connection"": true, ""unit_c1"": 3, ""unit_c2"": 6}"
529,274,accuracy,0.9732000008225441,0.026799999177455902,0.5220320533333334,78304808.0,2834900.0,-0.1621503834242191,8128.1859,"{""activation"": ""elu"", ""batch_size"": 8, ""data_augmentation"": true, ""dr_f"": 0.338715883429, ""learning_rate"": 0.000193642383, ""new_fc_1"": 20, ""new_fc_10"": 3, ""new_fc_2"": 8, ""new_fc_3"": 5, ""new_fc_4"": 27, ""new_fc_5"": 13, ""new_fc_6"": 17, ""new_fc_7"": 25, ""new_fc_8"": 6, ""new_fc_9"": 9, ""num_neurons"": 16, ""optimizer"": ""Adadelta"", ""reg_l2"": true, ""skip_connection"": true, ""unit_c1"": 1, ""unit_c2"": 7}"
530,275,accuracy,0.9591000005602837,0.04089999943971634,0.20505269333333334,30757904.0,781004.0,-0.2671141916078014,8634.2122,"{""activation"": ""selu"", ""batch_size"": 16, ""data_augmentation"": true, ""dr_f"": 0.351240899868, ""learning_rate"": 0.000588026031, ""new_fc_1"": 18, ""new_fc_10"": 17, ""new_fc_2"": 25, ""new_fc_3"": 12, ""new_fc_4"": 5, ""new_fc_5"": 7, ""new_fc_6"": 9, ""new_fc_7"": 5, ""new_fc_8"": 17, ""new_fc_9"": 28, ""num_neurons"": 8, ""optimizer"": ""Adagrad"", ""reg_l2"": true, ""skip_connection"": false, ""unit_c1"": 2, ""unit_c2"": 8}"
