event,accuracy_eval,objective,error,accuracy,flops_norm,flops,params,score,elapsed_sec,params_json
1,1,both,0.9169000014662743,0.08309999853372574,0.04267570666666667,6401356.0,54104.0,-0.345367286973608,265.1797,"{""activation"": ""selu"", ""batch_size"": 64, ""data_augmentation"": false, ""dr_f"": 0.236052338777, ""learning_rate"": 0.00075111866, ""new_fc_1"": 4, ""new_fc_10"": 9, ""new_fc_2"": 7, ""new_fc_3"": 0, ""new_fc_4"": 11, ""new_fc_5"": 6, ""new_fc_6"": 19, ""new_fc_7"": 5, ""new_fc_8"": 24, ""new_fc_9"": 0, ""num_neurons"": 4, ""optimizer"": ""SGD"", ""reg_l2"": false, ""skip_connection"": false, ""unit_c1"": 2, ""unit_c2"": 7}"
2,2,both,0.7880000025033951,0.21199999749660492,0.49933562666666664,74900344.0,1683828.0,-0.29859931024762343,588.9194,"{""activation"": ""elu"", ""batch_size"": 64, ""data_augmentation"": false, ""dr_f"": 0.092589639507, ""learning_rate"": 0.000571071323, ""new_fc_1"": 7, ""new_fc_10"": 3, ""new_fc_2"": 23, ""new_fc_3"": 10, ""new_fc_4"": 0, ""new_fc_5"": 7, ""new_fc_6"": 23, ""new_fc_7"": 28, ""new_fc_8"": 32, ""new_fc_9"": 21, ""num_neurons"": 16, ""optimizer"": ""Adagrad"", ""reg_l2"": false, ""skip_connection"": false, ""unit_c1"": 1, ""unit_c2"": 7}"
3,3,both,0.9890000000596046,0.010999999940395355,0.09376965333333333,14065448.0,417828.0,-0.2795691039582767,973.2025,"{""activation"": ""swish"", ""batch_size"": 16, ""data_augmentation"": false, ""dr_f"": 0.462866963862, ""learning_rate"": 0.000490007948, ""new_fc_1"": 18, ""new_fc_10"": 3, ""new_fc_2"": 21, ""new_fc_3"": 3, ""new_fc_4"": 11, ""new_fc_5"": 16, ""new_fc_6"": 12, ""new_fc_7"": 29, ""new_fc_8"": 9, ""new_fc_9"": 12, ""num_neurons"": 8, ""optimizer"": ""Adadelta"", ""reg_l2"": false, ""skip_connection"": true, ""unit_c1"": 2, ""unit_c2"": 4}"
4,4,both,10000000000.0,,1.14647312,171970968.0,3586084.0,10000000000.0,973.6565,"{""activation"": ""relu"", ""batch_size"": 16, ""data_augmentation"": true, ""dr_f"": 0.350969511556, ""learning_rate"": 0.000147815822, ""new_fc_1"": 3, ""new_fc_10"": 27, ""new_fc_2"": 29, ""new_fc_3"": 12, ""new_fc_4"": 12, ""new_fc_5"": 15, ""new_fc_6"": 29, ""new_fc_7"": 8, ""new_fc_8"": 6, ""new_fc_9"": 21, ""num_neurons"": 32, ""optimizer"": ""SGD"", ""reg_l2"": true, ""skip_connection"": true, ""unit_c1"": 1, ""unit_c2"": 5}"
5,5,both,0.9900000002235174,0.009999999776482582,0.26916885333333335,40375328.0,1152052.0,-0.2262493438435378,1358.2205,"{""activation"": ""swish"", ""batch_size"": 16, ""data_augmentation"": true, ""dr_f"": 0.171196885029, ""learning_rate"": 0.00024895126, ""new_fc_1"": 29, ""new_fc_10"": 4, ""new_fc_2"": 17, ""new_fc_3"": 5, ""new_fc_4"": 15, ""new_fc_5"": 12, ""new_fc_6"": 28, ""new_fc_7"": 9, ""new_fc_8"": 23, ""new_fc_9"": 21, ""num_neurons"": 8, ""optimizer"": ""SGD"", ""reg_l2"": true, ""skip_connection"": false, ""unit_c1"": 3, ""unit_c2"": 8}"
6,6,both,10000000000.0,,1.3500409066666668,202506136.0,5227108.0,10000000000.0,1358.693,"{""activation"": ""selu"", ""batch_size"": 16, ""data_augmentation"": true, ""dr_f"": 0.197823195326, ""learning_rate"": 0.000831546595, ""new_fc_1"": 7, ""new_fc_10"": 23, ""new_fc_2"": 21, ""new_fc_3"": 15, ""new_fc_4"": 18, ""new_fc_5"": 28, ""new_fc_6"": 16, ""new_fc_7"": 5, ""new_fc_8"": 13, ""new_fc_9"": 32, ""num_neurons"": 32, ""optimizer"": ""SGD"", ""reg_l2"": true, ""skip_connection"": false, ""unit_c1"": 2, ""unit_c2"": 4}"
7,7,both,0.9754000008106232,0.02459999918937683,0.17860901333333334,26791352.0,1001620.0,-0.26363729543256376,2042.7641,"{""activation"": ""elu"", ""batch_size"": 8, ""data_augmentation"": false, ""dr_f"": 0.285807771088, ""learning_rate"": 0.000476574932, ""new_fc_1"": 21, ""new_fc_10"": 0, ""new_fc_2"": 1, ""new_fc_3"": 31, ""new_fc_4"": 14, ""new_fc_5"": 16, ""new_fc_6"": 25, ""new_fc_7"": 21, ""new_fc_8"": 19, ""new_fc_9"": 18, ""num_neurons"": 16, ""optimizer"": ""Adagrad"", ""reg_l2"": true, ""skip_connection"": true, ""unit_c1"": 2, ""unit_c2"": 1}"
8,8,both,0.9578999988734722,0.042100001126527786,0.9027964266666667,135419464.0,2333140.0,-0.05863107278856944,2486.7197,"{""activation"": ""elu"", ""batch_size"": 16, ""data_augmentation"": false, ""dr_f"": 0.214048860741, ""learning_rate"": 0.000950099436, ""new_fc_1"": 15, ""new_fc_10"": 32, ""new_fc_2"": 0, ""new_fc_3"": 18, ""new_fc_4"": 0, ""new_fc_5"": 9, ""new_fc_6"": 5, ""new_fc_7"": 21, ""new_fc_8"": 16, ""new_fc_9"": 11, ""num_neurons"": 16, ""optimizer"": ""Adagrad"", ""reg_l2"": true, ""skip_connection"": true, ""unit_c1"": 3, ""unit_c2"": 7}"
9,9,both,10000000000.0,,6.95270928,1042906392.0,26259172.0,10000000000.0,2488.0782,"{""activation"": ""swish"", ""batch_size"": 64, ""data_augmentation"": true, ""dr_f"": 0.034972556261, ""learning_rate"": 0.000847576293, ""new_fc_1"": 13, ""new_fc_10"": 4, ""new_fc_2"": 19, ""new_fc_3"": 13, ""new_fc_4"": 24, ""new_fc_5"": 3, ""new_fc_6"": 7, ""new_fc_7"": 32, ""new_fc_8"": 11, ""new_fc_9"": 27, ""num_neurons"": 64, ""optimizer"": ""SGD"", ""reg_l2"": true, ""skip_connection"": true, ""unit_c1"": 2, ""unit_c2"": 5}"
10,10,both,0.9770999997854233,0.02290000021457672,0.02518944,3778416.0,179492.0,-0.3084731681502037,2751.88,"{""activation"": ""selu"", ""batch_size"": 32, ""data_augmentation"": true, ""dr_f"": 0.277565479985, ""learning_rate"": 0.00027864195, ""new_fc_1"": 30, ""new_fc_10"": 18, ""new_fc_2"": 15, ""new_fc_3"": 22, ""new_fc_4"": 12, ""new_fc_5"": 4, ""new_fc_6"": 20, ""new_fc_7"": 18, ""new_fc_8"": 21, ""new_fc_9"": 22, ""num_neurons"": 4, ""optimizer"": ""SGD"", ""reg_l2"": true, ""skip_connection"": false, ""unit_c1"": 2, ""unit_c2"": 4}"
11,10,flops,,,0.07212610666666666,10818916.0,204184.0,,2752.9844,"{""activation"": ""relu"", ""batch_size"": 32, ""data_augmentation"": true, ""dr_f"": 0.283060144137, ""learning_rate"": 0.000584214567, ""new_fc_1"": 27, ""new_fc_10"": 9, ""new_fc_2"": 16, ""new_fc_3"": 5, ""new_fc_4"": 29, ""new_fc_5"": 9, ""new_fc_6"": 14, ""new_fc_7"": 6, ""new_fc_8"": 2, ""new_fc_9"": 22, ""num_neurons"": 4, ""optimizer"": ""Adamax"", ""reg_l2"": false, ""skip_connection"": true, ""unit_c1"": 4, ""unit_c2"": 6}"
12,10,flops,,,0.09872410666666667,14808616.0,352700.0,,2753.9874,"{""activation"": ""swish"", ""batch_size"": 16, ""data_augmentation"": false, ""dr_f"": 0.134872441743, ""learning_rate"": 0.000426017789, ""new_fc_1"": 5, ""new_fc_10"": 11, ""new_fc_2"": 26, ""new_fc_3"": 21, ""new_fc_4"": 19, ""new_fc_5"": 10, ""new_fc_6"": 32, ""new_fc_7"": 32, ""new_fc_8"": 0, ""new_fc_9"": 10, ""num_neurons"": 8, ""optimizer"": ""Adamax"", ""reg_l2"": false, ""skip_connection"": false, ""unit_c1"": 1, ""unit_c2"": 6}"
13,10,flops,,,0.15261290666666666,22891936.0,149572.0,,2755.2255,"{""activation"": ""selu"", ""batch_size"": 16, ""data_augmentation"": false, ""dr_f"": 0.182178008123, ""learning_rate"": 0.00081683459, ""new_fc_1"": 13, ""new_fc_10"": 29, ""new_fc_2"": 5, ""new_fc_3"": 0, ""new_fc_4"": 14, ""new_fc_5"": 12, ""new_fc_6"": 3, ""new_fc_7"": 11, ""new_fc_8"": 19, ""new_fc_9"": 7, ""num_neurons"": 8, ""optimizer"": ""Adagrad"", ""reg_l2"": false, ""skip_connection"": true, ""unit_c1"": 4, ""unit_c2"": 1}"
14,10,flops,,,17.042216266666667,2556332440.0,79760740.0,,2759.2264,"{""activation"": ""relu"", ""batch_size"": 32, ""data_augmentation"": false, ""dr_f"": 0.192801338235, ""learning_rate"": 0.000739038147, ""new_fc_1"": 28, ""new_fc_10"": 1, ""new_fc_2"": 28, ""new_fc_3"": 23, ""new_fc_4"": 12, ""new_fc_5"": 25, ""new_fc_6"": 21, ""new_fc_7"": 18, ""new_fc_8"": 27, ""new_fc_9"": 30, ""num_neurons"": 64, ""optimizer"": ""SGD"", ""reg_l2"": false, ""skip_connection"": true, ""unit_c1"": 3, ""unit_c2"": 8}"
15,10,flops,,,0.8307980266666667,124619704.0,4900324.0,,2760.2167,"{""activation"": ""elu"", ""batch_size"": 16, ""data_augmentation"": true, ""dr_f"": 0.172480866802, ""learning_rate"": 0.000933419978, ""new_fc_1"": 11, ""new_fc_10"": 0, ""new_fc_2"": 3, ""new_fc_3"": 26, ""new_fc_4"": 16, ""new_fc_5"": 18, ""new_fc_6"": 28, ""new_fc_7"": 8, ""new_fc_8"": 12, ""new_fc_9"": 9, ""num_neurons"": 32, ""optimizer"": ""Adadelta"", ""reg_l2"": true, ""skip_connection"": false, ""unit_c1"": 1, ""unit_c2"": 4}"
16,11,accuracy,0.9734000004827976,0.026599999517202377,0.07212610666666666,10818916.0,204184.0,-0.29698216766204166,3024.6551,"{""activation"": ""relu"", ""batch_size"": 32, ""data_augmentation"": true, ""dr_f"": 0.283060144137, ""learning_rate"": 0.000584214567, ""new_fc_1"": 27, ""new_fc_10"": 9, ""new_fc_2"": 16, ""new_fc_3"": 5, ""new_fc_4"": 29, ""new_fc_5"": 9, ""new_fc_6"": 14, ""new_fc_7"": 6, ""new_fc_8"": 2, ""new_fc_9"": 22, ""num_neurons"": 4, ""optimizer"": ""Adamax"", ""reg_l2"": false, ""skip_connection"": true, ""unit_c1"": 4, ""unit_c2"": 6}"
17,11,flops,,,0.9195743466666667,137936152.0,3433380.0,,3025.6845,"{""activation"": ""swish"", ""batch_size"": 64, ""data_augmentation"": true, ""dr_f"": 0.454709861378, ""learning_rate"": 0.000824999465, ""new_fc_1"": 22, ""new_fc_10"": 10, ""new_fc_2"": 15, ""new_fc_3"": 8, ""new_fc_4"": 28, ""new_fc_5"": 22, ""new_fc_6"": 17, ""new_fc_7"": 21, ""new_fc_8"": 9, ""new_fc_9"": 28, ""num_neurons"": 16, ""optimizer"": ""SGD"", ""reg_l2"": false, ""skip_connection"": true, ""unit_c1"": 3, ""unit_c2"": 7}"
18,11,flops,,,0.05401749333333333,8102624.0,255120.0,,3026.5875,"{""activation"": ""relu"", ""batch_size"": 16, ""data_augmentation"": true, ""dr_f"": 0.171714472023, ""learning_rate"": 0.000157659735, ""new_fc_1"": 0, ""new_fc_10"": 14, ""new_fc_2"": 29, ""new_fc_3"": 19, ""new_fc_4"": 17, ""new_fc_5"": 16, ""new_fc_6"": 14, ""new_fc_7"": 23, ""new_fc_8"": 30, ""new_fc_9"": 32, ""num_neurons"": 4, ""optimizer"": ""Adadelta"", ""reg_l2"": true, ""skip_connection"": true, ""unit_c1"": 3, ""unit_c2"": 6}"
19,12,accuracy,0.9883000003173947,0.011699999682605267,0.05401749333333333,8102624.0,255120.0,-0.2919847517778237,3411.0841,"{""activation"": ""relu"", ""batch_size"": 16, ""data_augmentation"": true, ""dr_f"": 0.171714472023, ""learning_rate"": 0.000157659735, ""new_fc_1"": 0, ""new_fc_10"": 14, ""new_fc_2"": 29, ""new_fc_3"": 19, ""new_fc_4"": 17, ""new_fc_5"": 16, ""new_fc_6"": 14, ""new_fc_7"": 23, ""new_fc_8"": 30, ""new_fc_9"": 32, ""num_neurons"": 4, ""optimizer"": ""Adadelta"", ""reg_l2"": true, ""skip_connection"": true, ""unit_c1"": 3, ""unit_c2"": 6}"
20,12,flops,,,0.07645021333333334,11467532.0,72288.0,,3411.87,"{""activation"": ""elu"", ""batch_size"": 8, ""data_augmentation"": false, ""dr_f"": 0.405498400424, ""learning_rate"": 0.000841523174, ""new_fc_1"": 1, ""new_fc_10"": 22, ""new_fc_2"": 14, ""new_fc_3"": 19, ""new_fc_4"": 12, ""new_fc_5"": 21, ""new_fc_6"": 13, ""new_fc_7"": 26, ""new_fc_8"": 22, ""new_fc_9"": 15, ""num_neurons"": 4, ""optimizer"": ""Adadelta"", ""reg_l2"": true, ""skip_connection"": false, ""unit_c1"": 4, ""unit_c2"": 7}"
21,13,accuracy,0.9890999998897314,0.010900000110268593,0.07645021333333334,11467532.0,72288.0,-0.284694936077188,4096.5438,"{""activation"": ""elu"", ""batch_size"": 8, ""data_augmentation"": false, ""dr_f"": 0.405498400424, ""learning_rate"": 0.000841523174, ""new_fc_1"": 1, ""new_fc_10"": 22, ""new_fc_2"": 14, ""new_fc_3"": 19, ""new_fc_4"": 12, ""new_fc_5"": 21, ""new_fc_6"": 13, ""new_fc_7"": 26, ""new_fc_8"": 22, ""new_fc_9"": 15, ""num_neurons"": 4, ""optimizer"": ""Adadelta"", ""reg_l2"": true, ""skip_connection"": false, ""unit_c1"": 4, ""unit_c2"": 7}"
22,14,accuracy,0.6491000056266785,0.35089999437332153,0.09872410666666667,14808616.0,352700.0,-0.516012764061325,5201.1617,"{""activation"": ""swish"", ""batch_size"": 16, ""data_augmentation"": false, ""dr_f"": 0.134872441743, ""learning_rate"": 0.000426017789, ""new_fc_1"": 5, ""new_fc_10"": 11, ""new_fc_2"": 26, ""new_fc_3"": 21, ""new_fc_4"": 19, ""new_fc_5"": 10, ""new_fc_6"": 32, ""new_fc_7"": 32, ""new_fc_8"": 0, ""new_fc_9"": 10, ""num_neurons"": 8, ""optimizer"": ""Adamax"", ""reg_l2"": false, ""skip_connection"": false, ""unit_c1"": 1, ""unit_c2"": 6}"
23,14,flops,,,6.65881232,998821848.0,58252196.0,,5204.0226,"{""activation"": ""selu"", ""batch_size"": 16, ""data_augmentation"": true, ""dr_f"": 0.444795701538, ""learning_rate"": 0.000703246833, ""new_fc_1"": 26, ""new_fc_10"": 7, ""new_fc_2"": 23, ""new_fc_3"": 27, ""new_fc_4"": 17, ""new_fc_5"": 25, ""new_fc_6"": 24, ""new_fc_7"": 30, ""new_fc_8"": 0, ""new_fc_9"": 11, ""num_neurons"": 64, ""optimizer"": ""Adagrad"", ""reg_l2"": false, ""skip_connection"": true, ""unit_c1"": 1, ""unit_c2"": 6}"
24,14,flops,,,0.025861733333333334,3879260.0,160416.0,,5204.8512,"{""activation"": ""selu"", ""batch_size"": 64, ""data_augmentation"": true, ""dr_f"": 0.274690371167, ""learning_rate"": 0.00077174656, ""new_fc_1"": 27, ""new_fc_10"": 10, ""new_fc_2"": 30, ""new_fc_3"": 3, ""new_fc_4"": 26, ""new_fc_5"": 0, ""new_fc_6"": 23, ""new_fc_7"": 22, ""new_fc_8"": 16, ""new_fc_9"": 4, ""num_neurons"": 4, ""optimizer"": ""Adamax"", ""reg_l2"": true, ""skip_connection"": true, ""unit_c1"": 2, ""unit_c2"": 4}"
25,15,accuracy,0.9646000005304813,0.03539999946951866,0.025861733333333334,3879260.0,160416.0,-0.31702147962866306,5349.2826,"{""activation"": ""selu"", ""batch_size"": 64, ""data_augmentation"": true, ""dr_f"": 0.274690371167, ""learning_rate"": 0.00077174656, ""new_fc_1"": 27, ""new_fc_10"": 10, ""new_fc_2"": 30, ""new_fc_3"": 3, ""new_fc_4"": 26, ""new_fc_5"": 0, ""new_fc_6"": 23, ""new_fc_7"": 22, ""new_fc_8"": 16, ""new_fc_9"": 4, ""num_neurons"": 4, ""optimizer"": ""Adamax"", ""reg_l2"": true, ""skip_connection"": true, ""unit_c1"": 2, ""unit_c2"": 4}"
26,15,flops,,,0.34443685333333335,51665528.0,756372.0,,5350.1787,"{""activation"": ""swish"", ""batch_size"": 64, ""data_augmentation"": true, ""dr_f"": 0.190311687627, ""learning_rate"": 0.000955925217, ""new_fc_1"": 12, ""new_fc_10"": 15, ""new_fc_2"": 8, ""new_fc_3"": 5, ""new_fc_4"": 11, ""new_fc_5"": 14, ""new_fc_6"": 19, ""new_fc_7"": 32, ""new_fc_8"": 11, ""new_fc_9"": 15, ""num_neurons"": 16, ""optimizer"": ""Adamax"", ""reg_l2"": true, ""skip_connection"": false, ""unit_c1"": 3, ""unit_c2"": 1}"
27,15,flops,,,0.36106298666666664,54159448.0,1823684.0,,5351.0991,"{""activation"": ""swish"", ""batch_size"": 16, ""data_augmentation"": true, ""dr_f"": 0.070688916389, ""learning_rate"": 0.000654668355, ""new_fc_1"": 1, ""new_fc_10"": 11, ""new_fc_2"": 27, ""new_fc_3"": 2, ""new_fc_4"": 14, ""new_fc_5"": 16, ""new_fc_6"": 8, ""new_fc_7"": 20, ""new_fc_8"": 26, ""new_fc_9"": 11, ""num_neurons"": 32, ""optimizer"": ""Adamax"", ""reg_l2"": true, ""skip_connection"": true, ""unit_c1"": 1, ""unit_c2"": 2}"
28,15,flops,,,0.24181301333333333,36271952.0,683188.0,,5352.075,"{""activation"": ""elu"", ""batch_size"": 64, ""data_augmentation"": true, ""dr_f"": 0.466789266794, ""learning_rate"": 0.000289645189, ""new_fc_1"": 20, ""new_fc_10"": 6, ""new_fc_2"": 17, ""new_fc_3"": 31, ""new_fc_4"": 13, ""new_fc_5"": 21, ""new_fc_6"": 32, ""new_fc_7"": 25, ""new_fc_8"": 13, ""new_fc_9"": 13, ""num_neurons"": 8, ""optimizer"": ""SGD"", ""reg_l2"": false, ""skip_connection"": true, ""unit_c1"": 4, ""unit_c2"": 5}"
29,16,accuracy,0.846900001168251,0.15309999883174896,0.15261290666666666,22891936.0,149572.0,-0.36138612718222424,6336.4504,"{""activation"": ""selu"", ""batch_size"": 16, ""data_augmentation"": false, ""dr_f"": 0.182178008123, ""learning_rate"": 0.00081683459, ""new_fc_1"": 13, ""new_fc_10"": 29, ""new_fc_2"": 5, ""new_fc_3"": 0, ""new_fc_4"": 14, ""new_fc_5"": 12, ""new_fc_6"": 3, ""new_fc_7"": 11, ""new_fc_8"": 19, ""new_fc_9"": 7, ""num_neurons"": 8, ""optimizer"": ""Adagrad"", ""reg_l2"": false, ""skip_connection"": true, ""unit_c1"": 4, ""unit_c2"": 1}"
30,16,flops,,,2.48740304,373110456.0,3753028.0,,6337.3346,"{""activation"": ""elu"", ""batch_size"": 16, ""data_augmentation"": false, ""dr_f"": 0.150690510327, ""learning_rate"": 0.000634236146, ""new_fc_1"": 8, ""new_fc_10"": 31, ""new_fc_2"": 13, ""new_fc_3"": 3, ""new_fc_4"": 31, ""new_fc_5"": 15, ""new_fc_6"": 22, ""new_fc_7"": 32, ""new_fc_8"": 13, ""new_fc_9"": 3, ""num_neurons"": 32, ""optimizer"": ""Adadelta"", ""reg_l2"": false, ""skip_connection"": false, ""unit_c1"": 4, ""unit_c2"": 2}"
31,16,flops,,,0.07185578666666667,10778368.0,184164.0,,6338.5288,"{""activation"": ""elu"", ""batch_size"": 64, ""data_augmentation"": true, ""dr_f"": 0.331397980583, ""learning_rate"": 0.000417004632, ""new_fc_1"": 3, ""new_fc_10"": 24, ""new_fc_2"": 9, ""new_fc_3"": 32, ""new_fc_4"": 30, ""new_fc_5"": 9, ""new_fc_6"": 10, ""new_fc_7"": 3, ""new_fc_8"": 10, ""new_fc_9"": 3, ""num_neurons"": 8, ""optimizer"": ""Adagrad"", ""reg_l2"": false, ""skip_connection"": true, ""unit_c1"": 2, ""unit_c2"": 3}"
32,16,flops,,,0.016129146666666667,2419372.0,69352.0,,6339.3982,"{""activation"": ""swish"", ""batch_size"": 32, ""data_augmentation"": true, ""dr_f"": 0.231293822162, ""learning_rate"": 0.000119888967, ""new_fc_1"": 5, ""new_fc_10"": 29, ""new_fc_2"": 4, ""new_fc_3"": 23, ""new_fc_4"": 25, ""new_fc_5"": 18, ""new_fc_6"": 20, ""new_fc_7"": 28, ""new_fc_8"": 4, ""new_fc_9"": 19, ""num_neurons"": 4, ""optimizer"": ""Adagrad"", ""reg_l2"": true, ""skip_connection"": false, ""unit_c1"": 2, ""unit_c2"": 2}"
33,16,flops,,,0.042818426666666666,6422764.0,59244.0,,6340.1859,"{""activation"": ""relu"", ""batch_size"": 32, ""data_augmentation"": true, ""dr_f"": 0.394567126472, ""learning_rate"": 0.00050908286, ""new_fc_1"": 8, ""new_fc_10"": 1, ""new_fc_2"": 3, ""new_fc_3"": 15, ""new_fc_4"": 7, ""new_fc_5"": 13, ""new_fc_6"": 3, ""new_fc_7"": 11, ""new_fc_8"": 22, ""new_fc_9"": 2, ""num_neurons"": 4, ""optimizer"": ""Adagrad"", ""reg_l2"": true, ""skip_connection"": false, ""unit_c1"": 3, ""unit_c2"": 5}"
34,16,flops,,,0.09308752,13963128.0,239156.0,,6341.0598,"{""activation"": ""selu"", ""batch_size"": 8, ""data_augmentation"": true, ""dr_f"": 0.357009378977, ""learning_rate"": 0.000166851141, ""new_fc_1"": 32, ""new_fc_10"": 16, ""new_fc_2"": 13, ""new_fc_3"": 7, ""new_fc_4"": 7, ""new_fc_5"": 22, ""new_fc_6"": 14, ""new_fc_7"": 10, ""new_fc_8"": 1, ""new_fc_9"": 10, ""num_neurons"": 8, ""optimizer"": ""SGD"", ""reg_l2"": false, ""skip_connection"": true, ""unit_c1"": 3, ""unit_c2"": 1}"
35,17,accuracy,0.9906000001356006,0.009399999864399433,0.09308752,13963128.0,239156.0,-0.27865374390507963,6965.3993,"{""activation"": ""selu"", ""batch_size"": 8, ""data_augmentation"": true, ""dr_f"": 0.357009378977, ""learning_rate"": 0.000166851141, ""new_fc_1"": 32, ""new_fc_10"": 16, ""new_fc_2"": 13, ""new_fc_3"": 7, ""new_fc_4"": 7, ""new_fc_5"": 22, ""new_fc_6"": 14, ""new_fc_7"": 10, ""new_fc_8"": 1, ""new_fc_9"": 10, ""num_neurons"": 8, ""optimizer"": ""SGD"", ""reg_l2"": false, ""skip_connection"": true, ""unit_c1"": 3, ""unit_c2"": 1}"
36,17,flops,,,0.8034092266666667,120511384.0,1854052.0,,6966.1685,"{""activation"": ""selu"", ""batch_size"": 16, ""data_augmentation"": false, ""dr_f"": 0.207184291037, ""learning_rate"": 0.00050406898, ""new_fc_1"": 14, ""new_fc_10"": 0, ""new_fc_2"": 27, ""new_fc_3"": 11, ""new_fc_4"": 29, ""new_fc_5"": 13, ""new_fc_6"": 14, ""new_fc_7"": 22, ""new_fc_8"": 26, ""new_fc_9"": 24, ""num_neurons"": 16, ""optimizer"": ""Adadelta"", ""reg_l2"": false, ""skip_connection"": false, ""unit_c1"": 4, ""unit_c2"": 4}"
37,17,flops,,,0.0074867733333333335,1123016.0,61448.0,,6966.9992,"{""activation"": ""swish"", ""batch_size"": 8, ""data_augmentation"": true, ""dr_f"": 0.394813602768, ""learning_rate"": 0.000195437209, ""new_fc_1"": 13, ""new_fc_10"": 8, ""new_fc_2"": 32, ""new_fc_3"": 21, ""new_fc_4"": 9, ""new_fc_5"": 15, ""new_fc_6"": 0, ""new_fc_7"": 7, ""new_fc_8"": 7, ""new_fc_9"": 20, ""num_neurons"": 4, ""optimizer"": ""Adadelta"", ""reg_l2"": false, ""skip_connection"": false, ""unit_c1"": 1, ""unit_c2"": 2}"
38,17,flops,,,2.30539728,345809592.0,4989348.0,,6967.872,"{""activation"": ""elu"", ""batch_size"": 16, ""data_augmentation"": false, ""dr_f"": 0.348464484957, ""learning_rate"": 0.0002253301, ""new_fc_1"": 16, ""new_fc_10"": 32, ""new_fc_2"": 7, ""new_fc_3"": 3, ""new_fc_4"": 29, ""new_fc_5"": 28, ""new_fc_6"": 23, ""new_fc_7"": 11, ""new_fc_8"": 16, ""new_fc_9"": 30, ""num_neurons"": 32, ""optimizer"": ""Adamax"", ""reg_l2"": false, ""skip_connection"": true, ""unit_c1"": 4, ""unit_c2"": 1}"
39,17,flops,,,0.16853536,25280304.0,1218532.0,,6968.6818,"{""activation"": ""elu"", ""batch_size"": 8, ""data_augmentation"": true, ""dr_f"": 0.265755736992, ""learning_rate"": 0.000258832, ""new_fc_1"": 27, ""new_fc_10"": 4, ""new_fc_2"": 20, ""new_fc_3"": 23, ""new_fc_4"": 25, ""new_fc_5"": 30, ""new_fc_6"": 24, ""new_fc_7"": 20, ""new_fc_8"": 17, ""new_fc_9"": 29, ""num_neurons"": 8, ""optimizer"": ""Adagrad"", ""reg_l2"": true, ""skip_connection"": false, ""unit_c1"": 1, ""unit_c2"": 8}"
40,18,accuracy,0.9896999998018146,0.010300000198185444,0.042818426666666666,6422764.0,59244.0,-0.2943644721387298,7172.9307,"{""activation"": ""relu"", ""batch_size"": 32, ""data_augmentation"": true, ""dr_f"": 0.394567126472, ""learning_rate"": 0.00050908286, ""new_fc_1"": 8, ""new_fc_10"": 1, ""new_fc_2"": 3, ""new_fc_3"": 15, ""new_fc_4"": 7, ""new_fc_5"": 13, ""new_fc_6"": 3, ""new_fc_7"": 11, ""new_fc_8"": 22, ""new_fc_9"": 2, ""num_neurons"": 4, ""optimizer"": ""Adagrad"", ""reg_l2"": true, ""skip_connection"": false, ""unit_c1"": 3, ""unit_c2"": 5}"
41,18,flops,,,0.21744122666666665,32616184.0,1235876.0,,7173.6751,"{""activation"": ""elu"", ""batch_size"": 8, ""data_augmentation"": false, ""dr_f"": 0.173473191516, ""learning_rate"": 0.000226717656, ""new_fc_1"": 17, ""new_fc_10"": 13, ""new_fc_2"": 25, ""new_fc_3"": 5, ""new_fc_4"": 9, ""new_fc_5"": 6, ""new_fc_6"": 26, ""new_fc_7"": 23, ""new_fc_8"": 19, ""new_fc_9"": 19, ""num_neurons"": 16, ""optimizer"": ""Adamax"", ""reg_l2"": false, ""skip_connection"": false, ""unit_c1"": 2, ""unit_c2"": 2}"
42,18,flops,,,0.3120028266666667,46800424.0,2845380.0,,7174.5409,"{""activation"": ""swish"", ""batch_size"": 32, ""data_augmentation"": false, ""dr_f"": 0.039273662181, ""learning_rate"": 0.000939429067, ""new_fc_1"": 27, ""new_fc_10"": 12, ""new_fc_2"": 5, ""new_fc_3"": 6, ""new_fc_4"": 13, ""new_fc_5"": 31, ""new_fc_6"": 29, ""new_fc_7"": 4, ""new_fc_8"": 21, ""new_fc_9"": 11, ""num_neurons"": 16, ""optimizer"": ""Adam"", ""reg_l2"": true, ""skip_connection"": false, ""unit_c1"": 1, ""unit_c2"": 5}"
43,19,accuracy,0.9901999998837709,0.009800000116229057,0.0074867733333333335,1123016.0,61448.0,-0.3046139680813603,7799.1281,"{""activation"": ""swish"", ""batch_size"": 8, ""data_augmentation"": true, ""dr_f"": 0.394813602768, ""learning_rate"": 0.000195437209, ""new_fc_1"": 13, ""new_fc_10"": 8, ""new_fc_2"": 32, ""new_fc_3"": 21, ""new_fc_4"": 9, ""new_fc_5"": 15, ""new_fc_6"": 0, ""new_fc_7"": 7, ""new_fc_8"": 7, ""new_fc_9"": 20, ""num_neurons"": 4, ""optimizer"": ""Adadelta"", ""reg_l2"": false, ""skip_connection"": false, ""unit_c1"": 1, ""unit_c2"": 2}"
44,20,accuracy,0.5925000011920929,0.4074999988079071,0.21744122666666665,32616184.0,1235876.0,-0.5200176311655349,9923.8465,"{""activation"": ""elu"", ""batch_size"": 8, ""data_augmentation"": false, ""dr_f"": 0.173473191516, ""learning_rate"": 0.000226717656, ""new_fc_1"": 17, ""new_fc_10"": 13, ""new_fc_2"": 25, ""new_fc_3"": 5, ""new_fc_4"": 9, ""new_fc_5"": 6, ""new_fc_6"": 26, ""new_fc_7"": 23, ""new_fc_8"": 19, ""new_fc_9"": 19, ""num_neurons"": 16, ""optimizer"": ""Adamax"", ""reg_l2"": false, ""skip_connection"": false, ""unit_c1"": 2, ""unit_c2"": 2}"
45,21,accuracy,0.9900000002235174,0.009999999776482582,0.016129146666666667,2419372.0,69352.0,-0.3021612558435378,10128.2921,"{""activation"": ""swish"", ""batch_size"": 32, ""data_augmentation"": true, ""dr_f"": 0.231293822162, ""learning_rate"": 0.000119888967, ""new_fc_1"": 5, ""new_fc_10"": 29, ""new_fc_2"": 4, ""new_fc_3"": 23, ""new_fc_4"": 25, ""new_fc_5"": 18, ""new_fc_6"": 20, ""new_fc_7"": 28, ""new_fc_8"": 4, ""new_fc_9"": 19, ""num_neurons"": 4, ""optimizer"": ""Adagrad"", ""reg_l2"": true, ""skip_connection"": false, ""unit_c1"": 2, ""unit_c2"": 2}"
46,21,flops,,,1.3142146666666668,197132200.0,2339284.0,,10129.1219,"{""activation"": ""swish"", ""batch_size"": 64, ""data_augmentation"": false, ""dr_f"": 0.321120369972, ""learning_rate"": 0.000408895985, ""new_fc_1"": 10, ""new_fc_10"": 13, ""new_fc_2"": 8, ""new_fc_3"": 19, ""new_fc_4"": 26, ""new_fc_5"": 32, ""new_fc_6"": 2, ""new_fc_7"": 18, ""new_fc_8"": 32, ""new_fc_9"": 15, ""num_neurons"": 16, ""optimizer"": ""SGD"", ""reg_l2"": false, ""skip_connection"": false, ""unit_c1"": 4, ""unit_c2"": 8}"
47,21,flops,,,0.05861989333333333,8792984.0,139800.0,,10129.9446,"{""activation"": ""relu"", ""batch_size"": 16, ""data_augmentation"": true, ""dr_f"": 0.102864603462, ""learning_rate"": 0.000682348384, ""new_fc_1"": 13, ""new_fc_10"": 13, ""new_fc_2"": 3, ""new_fc_3"": 27, ""new_fc_4"": 25, ""new_fc_5"": 24, ""new_fc_6"": 8, ""new_fc_7"": 18, ""new_fc_8"": 2, ""new_fc_9"": 3, ""num_neurons"": 4, ""optimizer"": ""Adam"", ""reg_l2"": false, ""skip_connection"": false, ""unit_c1"": 3, ""unit_c2"": 7}"
48,22,accuracy,0.9900000002235174,0.009999999776482582,0.05861989333333333,8792984.0,139800.0,-0.2894140318435378,10454.236,"{""activation"": ""relu"", ""batch_size"": 16, ""data_augmentation"": true, ""dr_f"": 0.102864603462, ""learning_rate"": 0.000682348384, ""new_fc_1"": 13, ""new_fc_10"": 13, ""new_fc_2"": 3, ""new_fc_3"": 27, ""new_fc_4"": 25, ""new_fc_5"": 24, ""new_fc_6"": 8, ""new_fc_7"": 18, ""new_fc_8"": 2, ""new_fc_9"": 3, ""num_neurons"": 4, ""optimizer"": ""Adam"", ""reg_l2"": false, ""skip_connection"": false, ""unit_c1"": 3, ""unit_c2"": 7}"
49,23,accuracy,0.9848999995738268,0.01510000042617321,0.16853536,25280304.0,1218532.0,-0.2600093922983212,11198.6575,"{""activation"": ""elu"", ""batch_size"": 8, ""data_augmentation"": true, ""dr_f"": 0.265755736992, ""learning_rate"": 0.000258832, ""new_fc_1"": 27, ""new_fc_10"": 4, ""new_fc_2"": 20, ""new_fc_3"": 23, ""new_fc_4"": 25, ""new_fc_5"": 30, ""new_fc_6"": 24, ""new_fc_7"": 20, ""new_fc_8"": 17, ""new_fc_9"": 29, ""num_neurons"": 8, ""optimizer"": ""Adagrad"", ""reg_l2"": true, ""skip_connection"": false, ""unit_c1"": 1, ""unit_c2"": 8}"
50,24,accuracy,0.9900000002235174,0.009999999776482582,0.3120028266666667,46800424.0,2845380.0,-0.2133991518435378,11403.3658,"{""activation"": ""swish"", ""batch_size"": 32, ""data_augmentation"": false, ""dr_f"": 0.039273662181, ""learning_rate"": 0.000939429067, ""new_fc_1"": 27, ""new_fc_10"": 12, ""new_fc_2"": 5, ""new_fc_3"": 6, ""new_fc_4"": 13, ""new_fc_5"": 31, ""new_fc_6"": 29, ""new_fc_7"": 4, ""new_fc_8"": 21, ""new_fc_9"": 11, ""num_neurons"": 16, ""optimizer"": ""Adam"", ""reg_l2"": true, ""skip_connection"": false, ""unit_c1"": 1, ""unit_c2"": 5}"
51,25,accuracy,0.9725000001490116,0.027499999850988388,0.07185578666666667,10778368.0,184164.0,-0.29769326389569184,11608.093,"{""activation"": ""elu"", ""batch_size"": 64, ""data_augmentation"": true, ""dr_f"": 0.331397980583, ""learning_rate"": 0.000417004632, ""new_fc_1"": 3, ""new_fc_10"": 24, ""new_fc_2"": 9, ""new_fc_3"": 32, ""new_fc_4"": 30, ""new_fc_5"": 9, ""new_fc_6"": 10, ""new_fc_7"": 3, ""new_fc_8"": 10, ""new_fc_9"": 3, ""num_neurons"": 8, ""optimizer"": ""Adagrad"", ""reg_l2"": false, ""skip_connection"": true, ""unit_c1"": 2, ""unit_c2"": 3}"
52,25,flops,,,0.02465048,3697572.0,24708.0,,1.1064,"{""activation"": ""relu"", ""batch_size"": 64, ""data_augmentation"": false, ""dr_f"": 0.264944775388, ""learning_rate"": 0.000711306997, ""new_fc_1"": 5, ""new_fc_10"": 8, ""new_fc_2"": 24, ""new_fc_3"": 0, ""new_fc_4"": 9, ""new_fc_5"": 14, ""new_fc_6"": 4, ""new_fc_7"": 9, ""new_fc_8"": 23, ""new_fc_9"": 3, ""num_neurons"": 4, ""optimizer"": ""Adamax"", ""reg_l2"": true, ""skip_connection"": false, ""unit_c1"": 3, ""unit_c2"": 1}"
53,25,flops,,,1.31963408,197945112.0,1911620.0,,2.0803,"{""activation"": ""relu"", ""batch_size"": 16, ""data_augmentation"": true, ""dr_f"": 0.170599571365, ""learning_rate"": 0.000574337537, ""new_fc_1"": 1, ""new_fc_10"": 26, ""new_fc_2"": 32, ""new_fc_3"": 6, ""new_fc_4"": 4, ""new_fc_5"": 16, ""new_fc_6"": 3, ""new_fc_7"": 30, ""new_fc_8"": 21, ""new_fc_9"": 11, ""num_neurons"": 32, ""optimizer"": ""Adam"", ""reg_l2"": true, ""skip_connection"": false, ""unit_c1"": 3, ""unit_c2"": 1}"
54,25,flops,,,0.019972186666666666,2995828.0,59852.0,,2.871,"{""activation"": ""elu"", ""batch_size"": 16, ""data_augmentation"": false, ""dr_f"": 0.158783482779, ""learning_rate"": 0.00079952515, ""new_fc_1"": 6, ""new_fc_10"": 5, ""new_fc_2"": 19, ""new_fc_3"": 10, ""new_fc_4"": 24, ""new_fc_5"": 23, ""new_fc_6"": 30, ""new_fc_7"": 8, ""new_fc_8"": 11, ""new_fc_9"": 7, ""num_neurons"": 4, ""optimizer"": ""Adam"", ""reg_l2"": false, ""skip_connection"": true, ""unit_c1"": 2, ""unit_c2"": 3}"
55,26,accuracy,0.9908999996259809,0.009100000374019146,0.03745048,5617572.0,98924.0,-0.2951348562618134,207.6424,"{""activation"": ""selu"", ""batch_size"": 32, ""data_augmentation"": false, ""dr_f"": 0.412282383475, ""learning_rate"": 0.000333924731, ""new_fc_1"": 14, ""new_fc_10"": 25, ""new_fc_2"": 5, ""new_fc_3"": 4, ""new_fc_4"": 4, ""new_fc_5"": 29, ""new_fc_6"": 14, ""new_fc_7"": 12, ""new_fc_8"": 20, ""new_fc_9"": 12, ""num_neurons"": 4, ""optimizer"": ""Adadelta"", ""reg_l2"": false, ""skip_connection"": false, ""unit_c1"": 3, ""unit_c2"": 4}"
56,26,flops,,,0.12589642666666667,18884464.0,373332.0,,208.4249,"{""activation"": ""relu"", ""batch_size"": 16, ""data_augmentation"": true, ""dr_f"": 0.08893915292, ""learning_rate"": 0.000297619013, ""new_fc_1"": 9, ""new_fc_10"": 10, ""new_fc_2"": 15, ""new_fc_3"": 10, ""new_fc_4"": 10, ""new_fc_5"": 2, ""new_fc_6"": 13, ""new_fc_7"": 16, ""new_fc_8"": 29, ""new_fc_9"": 1, ""num_neurons"": 8, ""optimizer"": ""Adam"", ""reg_l2"": true, ""skip_connection"": false, ""unit_c1"": 1, ""unit_c2"": 7}"
57,26,flops,,,3.64143952,546215928.0,6929124.0,,209.4912,"{""activation"": ""relu"", ""batch_size"": 16, ""data_augmentation"": true, ""dr_f"": 0.076841944759, ""learning_rate"": 0.000346867767, ""new_fc_1"": 14, ""new_fc_10"": 27, ""new_fc_2"": 26, ""new_fc_3"": 3, ""new_fc_4"": 4, ""new_fc_5"": 18, ""new_fc_6"": 7, ""new_fc_7"": 24, ""new_fc_8"": 6, ""new_fc_9"": 20, ""num_neurons"": 32, ""optimizer"": ""Adam"", ""reg_l2"": true, ""skip_connection"": true, ""unit_c1"": 4, ""unit_c2"": 5}"
58,26,flops,,,0.92854096,139281144.0,4106116.0,,210.5065,"{""activation"": ""swish"", ""batch_size"": 32, ""data_augmentation"": true, ""dr_f"": 0.25119401031, ""learning_rate"": 0.000509631692, ""new_fc_1"": 30, ""new_fc_10"": 5, ""new_fc_2"": 23, ""new_fc_3"": 5, ""new_fc_4"": 3, ""new_fc_5"": 29, ""new_fc_6"": 22, ""new_fc_7"": 2, ""new_fc_8"": 25, ""new_fc_9"": 6, ""num_neurons"": 16, ""optimizer"": ""Adagrad"", ""reg_l2"": true, ""skip_connection"": true, ""unit_c1"": 3, ""unit_c2"": 7}"
59,27,accuracy,0.7920999974012375,0.2079000025987625,0.019972186666666666,2995828.0,59852.0,-0.43953834581913376,1075.5241,"{""activation"": ""elu"", ""batch_size"": 16, ""data_augmentation"": false, ""dr_f"": 0.158783482779, ""learning_rate"": 0.00079952515, ""new_fc_1"": 6, ""new_fc_10"": 5, ""new_fc_2"": 19, ""new_fc_3"": 10, ""new_fc_4"": 24, ""new_fc_5"": 23, ""new_fc_6"": 30, ""new_fc_7"": 8, ""new_fc_8"": 11, ""new_fc_9"": 7, ""num_neurons"": 4, ""optimizer"": ""Adam"", ""reg_l2"": false, ""skip_connection"": true, ""unit_c1"": 2, ""unit_c2"": 3}"
60,28,accuracy,0.9900000002235174,0.009999999776482582,0.02465048,3697572.0,24708.0,-0.2996048558435378,1219.9666,"{""activation"": ""relu"", ""batch_size"": 64, ""data_augmentation"": false, ""dr_f"": 0.264944775388, ""learning_rate"": 0.000711306997, ""new_fc_1"": 5, ""new_fc_10"": 8, ""new_fc_2"": 24, ""new_fc_3"": 0, ""new_fc_4"": 9, ""new_fc_5"": 14, ""new_fc_6"": 4, ""new_fc_7"": 9, ""new_fc_8"": 23, ""new_fc_9"": 3, ""num_neurons"": 4, ""optimizer"": ""Adamax"", ""reg_l2"": true, ""skip_connection"": false, ""unit_c1"": 3, ""unit_c2"": 1}"
61,28,flops,,,5.29141712,793712568.0,7628484.0,,1221.0015,"{""activation"": ""selu"", ""batch_size"": 32, ""data_augmentation"": true, ""dr_f"": 0.354644274933, ""learning_rate"": 0.000257977679, ""new_fc_1"": 9, ""new_fc_10"": 5, ""new_fc_2"": 11, ""new_fc_3"": 9, ""new_fc_4"": 3, ""new_fc_5"": 12, ""new_fc_6"": 21, ""new_fc_7"": 25, ""new_fc_8"": 13, ""new_fc_9"": 23, ""num_neurons"": 32, ""optimizer"": ""Adamax"", ""reg_l2"": true, ""skip_connection"": true, ""unit_c1"": 4, ""unit_c2"": 8}"
62,29,accuracy,0.9900000002235174,0.009999999776482582,0.12589642666666667,18884464.0,373332.0,-0.26923107184353784,1605.6382,"{""activation"": ""relu"", ""batch_size"": 16, ""data_augmentation"": true, ""dr_f"": 0.08893915292, ""learning_rate"": 0.000297619013, ""new_fc_1"": 9, ""new_fc_10"": 10, ""new_fc_2"": 15, ""new_fc_3"": 10, ""new_fc_4"": 10, ""new_fc_5"": 2, ""new_fc_6"": 13, ""new_fc_7"": 16, ""new_fc_8"": 29, ""new_fc_9"": 1, ""num_neurons"": 8, ""optimizer"": ""Adam"", ""reg_l2"": true, ""skip_connection"": false, ""unit_c1"": 1, ""unit_c2"": 7}"
63,29,flops,,,0.08876189333333333,13314284.0,296520.0,,1606.4719,"{""activation"": ""relu"", ""batch_size"": 64, ""data_augmentation"": true, ""dr_f"": 0.191271339512, ""learning_rate"": 0.000438343005, ""new_fc_1"": 26, ""new_fc_10"": 24, ""new_fc_2"": 28, ""new_fc_3"": 2, ""new_fc_4"": 4, ""new_fc_5"": 20, ""new_fc_6"": 19, ""new_fc_7"": 24, ""new_fc_8"": 28, ""new_fc_9"": 22, ""num_neurons"": 4, ""optimizer"": ""SGD"", ""reg_l2"": true, ""skip_connection"": false, ""unit_c1"": 4, ""unit_c2"": 8}"
64,29,flops,,,0.19241733333333333,28862600.0,644444.0,,1607.2464,"{""activation"": ""elu"", ""batch_size"": 16, ""data_augmentation"": false, ""dr_f"": 0.486539183092, ""learning_rate"": 0.000412723347, ""new_fc_1"": 29, ""new_fc_10"": 25, ""new_fc_2"": 24, ""new_fc_3"": 19, ""new_fc_4"": 17, ""new_fc_5"": 28, ""new_fc_6"": 30, ""new_fc_7"": 28, ""new_fc_8"": 3, ""new_fc_9"": 3, ""num_neurons"": 8, ""optimizer"": ""Adadelta"", ""reg_l2"": true, ""skip_connection"": true, ""unit_c1"": 4, ""unit_c2"": 3}"
65,29,flops,,,0.3967958933333333,59519384.0,1260756.0,,1607.9734,"{""activation"": ""elu"", ""batch_size"": 8, ""data_augmentation"": false, ""dr_f"": 0.071514326162, ""learning_rate"": 0.000696929141, ""new_fc_1"": 22, ""new_fc_10"": 6, ""new_fc_2"": 22, ""new_fc_3"": 23, ""new_fc_4"": 13, ""new_fc_5"": 12, ""new_fc_6"": 15, ""new_fc_7"": 7, ""new_fc_8"": 0, ""new_fc_9"": 12, ""num_neurons"": 16, ""optimizer"": ""Adamax"", ""reg_l2"": true, ""skip_connection"": false, ""unit_c1"": 3, ""unit_c2"": 2}"
66,29,flops,,,0.23699749333333334,35549624.0,2703652.0,,1608.8244,"{""activation"": ""elu"", ""batch_size"": 16, ""data_augmentation"": true, ""dr_f"": 0.147159169877, ""learning_rate"": 0.000144074857, ""new_fc_1"": 12, ""new_fc_10"": 21, ""new_fc_2"": 9, ""new_fc_3"": 19, ""new_fc_4"": 18, ""new_fc_5"": 5, ""new_fc_6"": 20, ""new_fc_7"": 25, ""new_fc_8"": 5, ""new_fc_9"": 13, ""num_neurons"": 32, ""optimizer"": ""SGD"", ""reg_l2"": false, ""skip_connection"": false, ""unit_c1"": 1, ""unit_c2"": 1}"
67,29,flops,,,3.170250186666667,475537528.0,7939972.0,,1610.1038,"{""activation"": ""elu"", ""batch_size"": 16, ""data_augmentation"": false, ""dr_f"": 0.431361491773, ""learning_rate"": 0.000624047881, ""new_fc_1"": 21, ""new_fc_10"": 5, ""new_fc_2"": 0, ""new_fc_3"": 20, ""new_fc_4"": 12, ""new_fc_5"": 30, ""new_fc_6"": 18, ""new_fc_7"": 3, ""new_fc_8"": 12, ""new_fc_9"": 16, ""num_neurons"": 32, ""optimizer"": ""Adam"", ""reg_l2"": false, ""skip_connection"": false, ""unit_c1"": 4, ""unit_c2"": 4}"
68,30,accuracy,0.9900000002235174,0.009999999776482582,0.19241733333333333,28862600.0,644444.0,-0.2492747998435378,1995.6063,"{""activation"": ""elu"", ""batch_size"": 16, ""data_augmentation"": false, ""dr_f"": 0.486539183092, ""learning_rate"": 0.000412723347, ""new_fc_1"": 29, ""new_fc_10"": 25, ""new_fc_2"": 24, ""new_fc_3"": 19, ""new_fc_4"": 17, ""new_fc_5"": 28, ""new_fc_6"": 30, ""new_fc_7"": 28, ""new_fc_8"": 3, ""new_fc_9"": 3, ""num_neurons"": 8, ""optimizer"": ""Adadelta"", ""reg_l2"": true, ""skip_connection"": true, ""unit_c1"": 4, ""unit_c2"": 3}"
69,31,accuracy,0.9894000003114343,0.010599999688565731,0.24181301333333333,36271952.0,683188.0,-0.23487609578199597,2140.4056,"{""activation"": ""elu"", ""batch_size"": 64, ""data_augmentation"": true, ""dr_f"": 0.466789266794, ""learning_rate"": 0.000289645189, ""new_fc_1"": 20, ""new_fc_10"": 6, ""new_fc_2"": 17, ""new_fc_3"": 31, ""new_fc_4"": 13, ""new_fc_5"": 21, ""new_fc_6"": 32, ""new_fc_7"": 25, ""new_fc_8"": 13, ""new_fc_9"": 13, ""num_neurons"": 8, ""optimizer"": ""SGD"", ""reg_l2"": false, ""skip_connection"": true, ""unit_c1"": 4, ""unit_c2"": 5}"
70,31,flops,,,0.21077989333333333,31616984.0,868276.0,,2141.5394,"{""activation"": ""elu"", ""batch_size"": 16, ""data_augmentation"": false, ""dr_f"": 0.471054635649, ""learning_rate"": 0.000885595067, ""new_fc_1"": 4, ""new_fc_10"": 8, ""new_fc_2"": 14, ""new_fc_3"": 18, ""new_fc_4"": 16, ""new_fc_5"": 19, ""new_fc_6"": 8, ""new_fc_7"": 32, ""new_fc_8"": 12, ""new_fc_9"": 21, ""num_neurons"": 16, ""optimizer"": ""Adagrad"", ""reg_l2"": true, ""skip_connection"": true, ""unit_c1"": 1, ""unit_c2"": 4}"
71,31,flops,,,0.1678712,25180680.0,1118172.0,,2142.7899,"{""activation"": ""swish"", ""batch_size"": 64, ""data_augmentation"": true, ""dr_f"": 0.249644717309, ""learning_rate"": 0.000527042774, ""new_fc_1"": 30, ""new_fc_10"": 10, ""new_fc_2"": 11, ""new_fc_3"": 11, ""new_fc_4"": 15, ""new_fc_5"": 18, ""new_fc_6"": 4, ""new_fc_7"": 12, ""new_fc_8"": 10, ""new_fc_9"": 9, ""num_neurons"": 8, ""optimizer"": ""SGD"", ""reg_l2"": false, ""skip_connection"": false, ""unit_c1"": 1, ""unit_c2"": 8}"
72,31,flops,,,0.0672248,10083720.0,970756.0,,2143.5138,"{""activation"": ""selu"", ""batch_size"": 16, ""data_augmentation"": false, ""dr_f"": 0.209133671817, ""learning_rate"": 0.000378737101, ""new_fc_1"": 22, ""new_fc_10"": 0, ""new_fc_2"": 31, ""new_fc_3"": 23, ""new_fc_4"": 1, ""new_fc_5"": 27, ""new_fc_6"": 13, ""new_fc_7"": 11, ""new_fc_8"": 12, ""new_fc_9"": 15, ""num_neurons"": 16, ""optimizer"": ""Adadelta"", ""reg_l2"": false, ""skip_connection"": true, ""unit_c1"": 1, ""unit_c2"": 1}"
73,31,flops,,,0.015348533333333334,2302280.0,146840.0,,2144.2814,"{""activation"": ""relu"", ""batch_size"": 8, ""data_augmentation"": true, ""dr_f"": 0.291157642344, ""learning_rate"": 0.000986902288, ""new_fc_1"": 24, ""new_fc_10"": 14, ""new_fc_2"": 12, ""new_fc_3"": 19, ""new_fc_4"": 11, ""new_fc_5"": 15, ""new_fc_6"": 18, ""new_fc_7"": 4, ""new_fc_8"": 31, ""new_fc_9"": 24, ""num_neurons"": 4, ""optimizer"": ""Adagrad"", ""reg_l2"": true, ""skip_connection"": false, ""unit_c1"": 1, ""unit_c2"": 4}"
74,31,flops,,,2.4582248,368733720.0,31918308.0,,2146.5197,"{""activation"": ""selu"", ""batch_size"": 32, ""data_augmentation"": false, ""dr_f"": 0.367967057224, ""learning_rate"": 0.000583968253, ""new_fc_1"": 20, ""new_fc_10"": 28, ""new_fc_2"": 17, ""new_fc_3"": 9, ""new_fc_4"": 23, ""new_fc_5"": 27, ""new_fc_6"": 19, ""new_fc_7"": 9, ""new_fc_8"": 27, ""new_fc_9"": 28, ""num_neurons"": 64, ""optimizer"": ""Adamax"", ""reg_l2"": false, ""skip_connection"": false, ""unit_c1"": 1, ""unit_c2"": 3}"
75,32,accuracy,0.9900000002235174,0.009999999776482582,0.015348533333333334,2302280.0,146840.0,-0.30239543984353784,2831.1645,"{""activation"": ""relu"", ""batch_size"": 8, ""data_augmentation"": true, ""dr_f"": 0.291157642344, ""learning_rate"": 0.000986902288, ""new_fc_1"": 24, ""new_fc_10"": 14, ""new_fc_2"": 12, ""new_fc_3"": 19, ""new_fc_4"": 11, ""new_fc_5"": 15, ""new_fc_6"": 18, ""new_fc_7"": 4, ""new_fc_8"": 31, ""new_fc_9"": 24, ""num_neurons"": 4, ""optimizer"": ""Adagrad"", ""reg_l2"": true, ""skip_connection"": false, ""unit_c1"": 1, ""unit_c2"": 4}"
76,32,flops,,,0.6493107733333333,97396616.0,1281876.0,,2831.9393,"{""activation"": ""relu"", ""batch_size"": 64, ""data_augmentation"": false, ""dr_f"": 0.498409993769, ""learning_rate"": 0.000257042299, ""new_fc_1"": 4, ""new_fc_10"": 7, ""new_fc_2"": 0, ""new_fc_3"": 29, ""new_fc_4"": 20, ""new_fc_5"": 24, ""new_fc_6"": 17, ""new_fc_7"": 4, ""new_fc_8"": 24, ""new_fc_9"": 26, ""num_neurons"": 16, ""optimizer"": ""Adagrad"", ""reg_l2"": false, ""skip_connection"": false, ""unit_c1"": 2, ""unit_c2"": 7}"
77,32,flops,,,0.85114704,127672056.0,5435588.0,,2833.1139,"{""activation"": ""elu"", ""batch_size"": 32, ""data_augmentation"": false, ""dr_f"": 0.434800029845, ""learning_rate"": 0.000357437689, ""new_fc_1"": 24, ""new_fc_10"": 24, ""new_fc_2"": 16, ""new_fc_3"": 29, ""new_fc_4"": 2, ""new_fc_5"": 9, ""new_fc_6"": 12, ""new_fc_7"": 26, ""new_fc_8"": 15, ""new_fc_9"": 8, ""num_neurons"": 32, ""optimizer"": ""Adamax"", ""reg_l2"": false, ""skip_connection"": false, ""unit_c1"": 2, ""unit_c2"": 2}"
78,32,flops,,,0.6204604266666667,93069064.0,740900.0,,2834.5551,"{""activation"": ""relu"", ""batch_size"": 16, ""data_augmentation"": false, ""dr_f"": 0.36827597905, ""learning_rate"": 0.000691437701, ""new_fc_1"": 2, ""new_fc_10"": 6, ""new_fc_2"": 1, ""new_fc_3"": 6, ""new_fc_4"": 2, ""new_fc_5"": 7, ""new_fc_6"": 16, ""new_fc_7"": 22, ""new_fc_8"": 27, ""new_fc_9"": 2, ""num_neurons"": 16, ""optimizer"": ""Adam"", ""reg_l2"": true, ""skip_connection"": true, ""unit_c1"": 1, ""unit_c2"": 8}"
79,32,flops,,,0.027326613333333333,4098992.0,340164.0,,2835.2774,"{""activation"": ""elu"", ""batch_size"": 64, ""data_augmentation"": false, ""dr_f"": 0.355645112372, ""learning_rate"": 0.000424784882, ""new_fc_1"": 10, ""new_fc_10"": 30, ""new_fc_2"": 1, ""new_fc_3"": 6, ""new_fc_4"": 20, ""new_fc_5"": 30, ""new_fc_6"": 2, ""new_fc_7"": 25, ""new_fc_8"": 32, ""new_fc_9"": 31, ""num_neurons"": 8, ""optimizer"": ""Adamax"", ""reg_l2"": false, ""skip_connection"": false, ""unit_c1"": 1, ""unit_c2"": 2}"
80,32,flops,,,2.00474832,300712248.0,6106820.0,,2836.6551,"{""activation"": ""swish"", ""batch_size"": 8, ""data_augmentation"": false, ""dr_f"": 0.080962215042, ""learning_rate"": 0.000867918765, ""new_fc_1"": 9, ""new_fc_10"": 24, ""new_fc_2"": 12, ""new_fc_3"": 8, ""new_fc_4"": 21, ""new_fc_5"": 6, ""new_fc_6"": 7, ""new_fc_7"": 10, ""new_fc_8"": 7, ""new_fc_9"": 21, ""num_neurons"": 32, ""optimizer"": ""Adam"", ""reg_l2"": true, ""skip_connection"": true, ""unit_c1"": 1, ""unit_c2"": 7}"
81,33,accuracy,0.90259999781847,0.09740000218153,0.027326613333333333,4098992.0,340164.0,-0.359982017527071,3040.9699,"{""activation"": ""elu"", ""batch_size"": 64, ""data_augmentation"": false, ""dr_f"": 0.355645112372, ""learning_rate"": 0.000424784882, ""new_fc_1"": 10, ""new_fc_10"": 30, ""new_fc_2"": 1, ""new_fc_3"": 6, ""new_fc_4"": 20, ""new_fc_5"": 30, ""new_fc_6"": 2, ""new_fc_7"": 25, ""new_fc_8"": 32, ""new_fc_9"": 31, ""num_neurons"": 8, ""optimizer"": ""Adamax"", ""reg_l2"": false, ""skip_connection"": false, ""unit_c1"": 1, ""unit_c2"": 2}"
82,34,accuracy,0.9827999994158745,0.01720000058412552,0.6493107733333333,97396616.0,1281876.0,-0.11724676840888787,3185.6591,"{""activation"": ""relu"", ""batch_size"": 64, ""data_augmentation"": false, ""dr_f"": 0.498409993769, ""learning_rate"": 0.000257042299, ""new_fc_1"": 4, ""new_fc_10"": 7, ""new_fc_2"": 0, ""new_fc_3"": 29, ""new_fc_4"": 20, ""new_fc_5"": 24, ""new_fc_6"": 17, ""new_fc_7"": 4, ""new_fc_8"": 24, ""new_fc_9"": 26, ""num_neurons"": 16, ""optimizer"": ""Adagrad"", ""reg_l2"": false, ""skip_connection"": false, ""unit_c1"": 2, ""unit_c2"": 7}"
83,34,flops,,,0.9283967466666667,139259512.0,1996212.0,,3186.5199,"{""activation"": ""selu"", ""batch_size"": 64, ""data_augmentation"": true, ""dr_f"": 0.254810320586, ""learning_rate"": 0.000686560598, ""new_fc_1"": 16, ""new_fc_10"": 32, ""new_fc_2"": 25, ""new_fc_3"": 15, ""new_fc_4"": 12, ""new_fc_5"": 15, ""new_fc_6"": 13, ""new_fc_7"": 26, ""new_fc_8"": 7, ""new_fc_9"": 1, ""num_neurons"": 16, ""optimizer"": ""Adam"", ""reg_l2"": true, ""skip_connection"": true, ""unit_c1"": 4, ""unit_c2"": 5}"
84,34,flops,,,0.6783189866666667,101747848.0,3332084.0,,3187.8219,"{""activation"": ""swish"", ""batch_size"": 8, ""data_augmentation"": true, ""dr_f"": 0.428415584808, ""learning_rate"": 0.00094071054, ""new_fc_1"": 23, ""new_fc_10"": 20, ""new_fc_2"": 5, ""new_fc_3"": 12, ""new_fc_4"": 22, ""new_fc_5"": 17, ""new_fc_6"": 28, ""new_fc_7"": 4, ""new_fc_8"": 16, ""new_fc_9"": 14, ""num_neurons"": 16, ""optimizer"": ""Adadelta"", ""reg_l2"": false, ""skip_connection"": false, ""unit_c1"": 2, ""unit_c2"": 7}"
85,34,flops,,,0.26373408,39560112.0,497324.0,,3189.0552,"{""activation"": ""swish"", ""batch_size"": 16, ""data_augmentation"": true, ""dr_f"": 0.374888258076, ""learning_rate"": 0.000871294839, ""new_fc_1"": 17, ""new_fc_10"": 2, ""new_fc_2"": 10, ""new_fc_3"": 12, ""new_fc_4"": 2, ""new_fc_5"": 14, ""new_fc_6"": 2, ""new_fc_7"": 21, ""new_fc_8"": 3, ""new_fc_9"": 6, ""num_neurons"": 8, ""optimizer"": ""Adadelta"", ""reg_l2"": false, ""skip_connection"": false, ""unit_c1"": 4, ""unit_c2"": 6}"
86,35,accuracy,0.9900000002235174,0.009999999776482582,0.26373408,39560112.0,497324.0,-0.2278797758435378,3574.1308,"{""activation"": ""swish"", ""batch_size"": 16, ""data_augmentation"": true, ""dr_f"": 0.374888258076, ""learning_rate"": 0.000871294839, ""new_fc_1"": 17, ""new_fc_10"": 2, ""new_fc_2"": 10, ""new_fc_3"": 12, ""new_fc_4"": 2, ""new_fc_5"": 14, ""new_fc_6"": 2, ""new_fc_7"": 21, ""new_fc_8"": 3, ""new_fc_9"": 6, ""num_neurons"": 8, ""optimizer"": ""Adadelta"", ""reg_l2"": false, ""skip_connection"": false, ""unit_c1"": 4, ""unit_c2"": 6}"
87,35,flops,,,0.23780437333333335,35670656.0,762668.0,,3575.3598,"{""activation"": ""swish"", ""batch_size"": 16, ""data_augmentation"": true, ""dr_f"": 0.255217993136, ""learning_rate"": 0.000223906783, ""new_fc_1"": 28, ""new_fc_10"": 31, ""new_fc_2"": 15, ""new_fc_3"": 3, ""new_fc_4"": 5, ""new_fc_5"": 21, ""new_fc_6"": 24, ""new_fc_7"": 8, ""new_fc_8"": 7, ""new_fc_9"": 17, ""num_neurons"": 8, ""optimizer"": ""Adagrad"", ""reg_l2"": true, ""skip_connection"": false, ""unit_c1"": 4, ""unit_c2"": 5}"
88,35,flops,,,8.97499792,1346249688.0,14683492.0,,3577.1562,"{""activation"": ""swish"", ""batch_size"": 16, ""data_augmentation"": true, ""dr_f"": 0.499781847906, ""learning_rate"": 0.000910586474, ""new_fc_1"": 32, ""new_fc_10"": 21, ""new_fc_2"": 20, ""new_fc_3"": 8, ""new_fc_4"": 20, ""new_fc_5"": 1, ""new_fc_6"": 11, ""new_fc_7"": 4, ""new_fc_8"": 15, ""new_fc_9"": 6, ""num_neurons"": 64, ""optimizer"": ""SGD"", ""reg_l2"": false, ""skip_connection"": false, ""unit_c1"": 4, ""unit_c2"": 1}"
89,36,accuracy,0.9699000008404255,0.03009999915957451,0.3967958933333333,59519384.0,1260756.0,-0.20203123141170215,4322.6091,"{""activation"": ""elu"", ""batch_size"": 8, ""data_augmentation"": false, ""dr_f"": 0.071514326162, ""learning_rate"": 0.000696929141, ""new_fc_1"": 22, ""new_fc_10"": 6, ""new_fc_2"": 22, ""new_fc_3"": 23, ""new_fc_4"": 13, ""new_fc_5"": 12, ""new_fc_6"": 15, ""new_fc_7"": 7, ""new_fc_8"": 0, ""new_fc_9"": 12, ""num_neurons"": 16, ""optimizer"": ""Adamax"", ""reg_l2"": true, ""skip_connection"": false, ""unit_c1"": 3, ""unit_c2"": 2}"
90,36,flops,,,0.027549013333333334,4132352.0,287236.0,,4323.7121,"{""activation"": ""relu"", ""batch_size"": 64, ""data_augmentation"": true, ""dr_f"": 0.320945661158, ""learning_rate"": 0.000926486689, ""new_fc_1"": 16, ""new_fc_10"": 28, ""new_fc_2"": 22, ""new_fc_3"": 18, ""new_fc_4"": 20, ""new_fc_5"": 14, ""new_fc_6"": 18, ""new_fc_7"": 4, ""new_fc_8"": 0, ""new_fc_9"": 9, ""num_neurons"": 8, ""optimizer"": ""SGD"", ""reg_l2"": false, ""skip_connection"": true, ""unit_c1"": 1, ""unit_c2"": 2}"
91,36,flops,,,0.3526026133333333,52890392.0,1081476.0,,4324.858,"{""activation"": ""selu"", ""batch_size"": 16, ""data_augmentation"": false, ""dr_f"": 0.200466464484, ""learning_rate"": 0.000255380995, ""new_fc_1"": 18, ""new_fc_10"": 8, ""new_fc_2"": 9, ""new_fc_3"": 8, ""new_fc_4"": 31, ""new_fc_5"": 32, ""new_fc_6"": 13, ""new_fc_7"": 13, ""new_fc_8"": 22, ""new_fc_9"": 18, ""num_neurons"": 16, ""optimizer"": ""Adamax"", ""reg_l2"": false, ""skip_connection"": true, ""unit_c1"": 3, ""unit_c2"": 1}"
92,37,accuracy,0.9900000002235174,0.009999999776482582,0.23780437333333335,35670656.0,762668.0,-0.23565868784353777,4709.9693,"{""activation"": ""swish"", ""batch_size"": 16, ""data_augmentation"": true, ""dr_f"": 0.255217993136, ""learning_rate"": 0.000223906783, ""new_fc_1"": 28, ""new_fc_10"": 31, ""new_fc_2"": 15, ""new_fc_3"": 3, ""new_fc_4"": 5, ""new_fc_5"": 21, ""new_fc_6"": 24, ""new_fc_7"": 8, ""new_fc_8"": 7, ""new_fc_9"": 17, ""num_neurons"": 8, ""optimizer"": ""Adagrad"", ""reg_l2"": true, ""skip_connection"": false, ""unit_c1"": 4, ""unit_c2"": 5}"
93,38,accuracy,0.5814999938011169,0.41850000619888306,0.3526026133333333,52890392.0,1081476.0,-0.48716922033921817,5994.972,"{""activation"": ""selu"", ""batch_size"": 16, ""data_augmentation"": false, ""dr_f"": 0.200466464484, ""learning_rate"": 0.000255380995, ""new_fc_1"": 18, ""new_fc_10"": 8, ""new_fc_2"": 9, ""new_fc_3"": 8, ""new_fc_4"": 31, ""new_fc_5"": 32, ""new_fc_6"": 13, ""new_fc_7"": 13, ""new_fc_8"": 22, ""new_fc_9"": 18, ""num_neurons"": 16, ""optimizer"": ""Adamax"", ""reg_l2"": false, ""skip_connection"": true, ""unit_c1"": 3, ""unit_c2"": 1}"
94,38,flops,,,1.8387318933333334,275809784.0,7918884.0,,5996.3121,"{""activation"": ""selu"", ""batch_size"": 32, ""data_augmentation"": true, ""dr_f"": 0.420631002418, ""learning_rate"": 0.000493797902, ""new_fc_1"": 23, ""new_fc_10"": 21, ""new_fc_2"": 22, ""new_fc_3"": 1, ""new_fc_4"": 8, ""new_fc_5"": 26, ""new_fc_6"": 31, ""new_fc_7"": 25, ""new_fc_8"": 9, ""new_fc_9"": 15, ""num_neurons"": 32, ""optimizer"": ""Adamax"", ""reg_l2"": false, ""skip_connection"": false, ""unit_c1"": 3, ""unit_c2"": 3}"
95,38,flops,,,0.13776325333333334,20664488.0,440676.0,,5997.5013,"{""activation"": ""selu"", ""batch_size"": 64, ""data_augmentation"": true, ""dr_f"": 0.470943058396, ""learning_rate"": 0.000527814531, ""new_fc_1"": 10, ""new_fc_10"": 22, ""new_fc_2"": 10, ""new_fc_3"": 32, ""new_fc_4"": 2, ""new_fc_5"": 29, ""new_fc_6"": 29, ""new_fc_7"": 8, ""new_fc_8"": 10, ""new_fc_9"": 18, ""num_neurons"": 8, ""optimizer"": ""Adamax"", ""reg_l2"": true, ""skip_connection"": false, ""unit_c1"": 2, ""unit_c2"": 6}"
96,39,accuracy,0.8887000009417534,0.11129999905824661,0.0672248,10083720.0,970756.0,-0.35774255934077265,7041.9937,"{""activation"": ""selu"", ""batch_size"": 16, ""data_augmentation"": false, ""dr_f"": 0.209133671817, ""learning_rate"": 0.000378737101, ""new_fc_1"": 22, ""new_fc_10"": 0, ""new_fc_2"": 31, ""new_fc_3"": 23, ""new_fc_4"": 1, ""new_fc_5"": 27, ""new_fc_6"": 13, ""new_fc_7"": 11, ""new_fc_8"": 12, ""new_fc_9"": 15, ""num_neurons"": 16, ""optimizer"": ""Adadelta"", ""reg_l2"": false, ""skip_connection"": true, ""unit_c1"": 1, ""unit_c2"": 1}"
97,39,flops,,,0.38432293333333334,57648440.0,4340964.0,,7042.9439,"{""activation"": ""relu"", ""batch_size"": 32, ""data_augmentation"": true, ""dr_f"": 0.047107923045, ""learning_rate"": 0.000328765303, ""new_fc_1"": 8, ""new_fc_10"": 13, ""new_fc_2"": 18, ""new_fc_3"": 5, ""new_fc_4"": 17, ""new_fc_5"": 15, ""new_fc_6"": 31, ""new_fc_7"": 24, ""new_fc_8"": 30, ""new_fc_9"": 14, ""num_neurons"": 32, ""optimizer"": ""Adadelta"", ""reg_l2"": true, ""skip_connection"": false, ""unit_c1"": 1, ""unit_c2"": 2}"
98,40,accuracy,0.9908999996259809,0.009100000374019146,0.1678712,25180680.0,1118172.0,-0.2560086402618134,7187.5651,"{""activation"": ""swish"", ""batch_size"": 64, ""data_augmentation"": true, ""dr_f"": 0.249644717309, ""learning_rate"": 0.000527042774, ""new_fc_1"": 30, ""new_fc_10"": 10, ""new_fc_2"": 11, ""new_fc_3"": 11, ""new_fc_4"": 15, ""new_fc_5"": 18, ""new_fc_6"": 4, ""new_fc_7"": 12, ""new_fc_8"": 10, ""new_fc_9"": 9, ""num_neurons"": 8, ""optimizer"": ""SGD"", ""reg_l2"": false, ""skip_connection"": false, ""unit_c1"": 1, ""unit_c2"": 8}"
99,40,flops,,,5.358230773333333,803734616.0,15306468.0,,7189.1555,"{""activation"": ""selu"", ""batch_size"": 64, ""data_augmentation"": false, ""dr_f"": 0.219796720407, ""learning_rate"": 0.000106313014, ""new_fc_1"": 25, ""new_fc_10"": 21, ""new_fc_2"": 9, ""new_fc_3"": 27, ""new_fc_4"": 20, ""new_fc_5"": 6, ""new_fc_6"": 32, ""new_fc_7"": 16, ""new_fc_8"": 4, ""new_fc_9"": 0, ""num_neurons"": 64, ""optimizer"": ""Adagrad"", ""reg_l2"": false, ""skip_connection"": true, ""unit_c1"": 3, ""unit_c2"": 1}"
100,40,flops,,,1.14472464,171708696.0,3302436.0,,7190.3658,"{""activation"": ""swish"", ""batch_size"": 16, ""data_augmentation"": false, ""dr_f"": 0.174453632663, ""learning_rate"": 0.000143417381, ""new_fc_1"": 2, ""new_fc_10"": 29, ""new_fc_2"": 24, ""new_fc_3"": 1, ""new_fc_4"": 7, ""new_fc_5"": 5, ""new_fc_6"": 21, ""new_fc_7"": 20, ""new_fc_8"": 26, ""new_fc_9"": 19, ""num_neurons"": 32, ""optimizer"": ""Adadelta"", ""reg_l2"": false, ""skip_connection"": true, ""unit_c1"": 1, ""unit_c2"": 5}"
101,41,accuracy,0.9897999996319413,0.010200000368058681,0.08876189333333333,13314284.0,296520.0,-0.2805114322576411,7335.1587,"{""activation"": ""relu"", ""batch_size"": 64, ""data_augmentation"": true, ""dr_f"": 0.191271339512, ""learning_rate"": 0.000438343005, ""new_fc_1"": 26, ""new_fc_10"": 24, ""new_fc_2"": 28, ""new_fc_3"": 2, ""new_fc_4"": 4, ""new_fc_5"": 20, ""new_fc_6"": 19, ""new_fc_7"": 24, ""new_fc_8"": 28, ""new_fc_9"": 22, ""num_neurons"": 4, ""optimizer"": ""SGD"", ""reg_l2"": true, ""skip_connection"": false, ""unit_c1"": 4, ""unit_c2"": 8}"
102,41,flops,,,0.04589952,6884928.0,75284.0,,7335.9258,"{""activation"": ""selu"", ""batch_size"": 8, ""data_augmentation"": false, ""dr_f"": 0.449921821728, ""learning_rate"": 0.00057925062, ""new_fc_1"": 11, ""new_fc_10"": 8, ""new_fc_2"": 22, ""new_fc_3"": 3, ""new_fc_4"": 21, ""new_fc_5"": 14, ""new_fc_6"": 25, ""new_fc_7"": 22, ""new_fc_8"": 31, ""new_fc_9"": 13, ""num_neurons"": 4, ""optimizer"": ""Adagrad"", ""reg_l2"": true, ""skip_connection"": true, ""unit_c1"": 4, ""unit_c2"": 2}"
103,42,accuracy,0.9879999998956919,0.012000000104308128,0.04589952,6884928.0,75284.0,-0.2946301440730157,8081.0583,"{""activation"": ""selu"", ""batch_size"": 8, ""data_augmentation"": false, ""dr_f"": 0.449921821728, ""learning_rate"": 0.00057925062, ""new_fc_1"": 11, ""new_fc_10"": 8, ""new_fc_2"": 22, ""new_fc_3"": 3, ""new_fc_4"": 21, ""new_fc_5"": 14, ""new_fc_6"": 25, ""new_fc_7"": 22, ""new_fc_8"": 31, ""new_fc_9"": 13, ""num_neurons"": 4, ""optimizer"": ""Adagrad"", ""reg_l2"": true, ""skip_connection"": true, ""unit_c1"": 4, ""unit_c2"": 2}"
104,43,accuracy,0.8027999997138977,0.1972000002861023,0.03830424,5745636.0,249360.0,-0.42654872820027157,8706.0865,"{""activation"": ""swish"", ""batch_size"": 32, ""data_augmentation"": true, ""dr_f"": 0.159146625008, ""learning_rate"": 0.000365730102, ""new_fc_1"": 30, ""new_fc_10"": 11, ""new_fc_2"": 21, ""new_fc_3"": 15, ""new_fc_4"": 3, ""new_fc_5"": 16, ""new_fc_6"": 27, ""new_fc_7"": 30, ""new_fc_8"": 20, ""new_fc_9"": 12, ""num_neurons"": 4, ""optimizer"": ""Adamax"", ""reg_l2"": false, ""skip_connection"": false, ""unit_c1"": 2, ""unit_c2"": 6}"
105,43,flops,,,0.2043232,30648480.0,251372.0,,8706.8575,"{""activation"": ""relu"", ""batch_size"": 8, ""data_augmentation"": false, ""dr_f"": 0.43741949392, ""learning_rate"": 0.000624430316, ""new_fc_1"": 6, ""new_fc_10"": 11, ""new_fc_2"": 29, ""new_fc_3"": 4, ""new_fc_4"": 30, ""new_fc_5"": 11, ""new_fc_6"": 18, ""new_fc_7"": 23, ""new_fc_8"": 3, ""new_fc_9"": 26, ""num_neurons"": 8, ""optimizer"": ""Adamax"", ""reg_l2"": true, ""skip_connection"": false, ""unit_c1"": 4, ""unit_c2"": 4}"
106,43,flops,,,0.042730293333333336,6409544.0,77984.0,,8707.7434,"{""activation"": ""swish"", ""batch_size"": 64, ""data_augmentation"": true, ""dr_f"": 0.498290458455, ""learning_rate"": 0.000226527252, ""new_fc_1"": 25, ""new_fc_10"": 9, ""new_fc_2"": 10, ""new_fc_3"": 30, ""new_fc_4"": 14, ""new_fc_5"": 14, ""new_fc_6"": 10, ""new_fc_7"": 13, ""new_fc_8"": 24, ""new_fc_9"": 31, ""num_neurons"": 4, ""optimizer"": ""Adamax"", ""reg_l2"": false, ""skip_connection"": true, ""unit_c1"": 4, ""unit_c2"": 1}"
107,43,flops,,,21.1088296,3166324440.0,35084772.0,,8709.9257,"{""activation"": ""elu"", ""batch_size"": 32, ""data_augmentation"": false, ""dr_f"": 0.052702984275, ""learning_rate"": 0.000455859767, ""new_fc_1"": 11, ""new_fc_10"": 18, ""new_fc_2"": 2, ""new_fc_3"": 6, ""new_fc_4"": 3, ""new_fc_5"": 11, ""new_fc_6"": 13, ""new_fc_7"": 19, ""new_fc_8"": 18, ""new_fc_9"": 29, ""num_neurons"": 64, ""optimizer"": ""Adam"", ""reg_l2"": true, ""skip_connection"": true, ""unit_c1"": 4, ""unit_c2"": 8}"
108,43,flops,,,4.640580213333333,696087032.0,4151396.0,,8710.9605,"{""activation"": ""swish"", ""batch_size"": 64, ""data_augmentation"": true, ""dr_f"": 0.171301409016, ""learning_rate"": 0.000881472239, ""new_fc_1"": 5, ""new_fc_10"": 14, ""new_fc_2"": 19, ""new_fc_3"": 15, ""new_fc_4"": 2, ""new_fc_5"": 8, ""new_fc_6"": 18, ""new_fc_7"": 3, ""new_fc_8"": 21, ""new_fc_9"": 6, ""num_neurons"": 32, ""optimizer"": ""SGD"", ""reg_l2"": true, ""skip_connection"": true, ""unit_c1"": 4, ""unit_c2"": 7}"
109,43,flops,,,0.8836694933333333,132550424.0,7605220.0,,8712.3712,"{""activation"": ""selu"", ""batch_size"": 32, ""data_augmentation"": true, ""dr_f"": 0.2622964893, ""learning_rate"": 0.000920102781, ""new_fc_1"": 32, ""new_fc_10"": 12, ""new_fc_2"": 6, ""new_fc_3"": 19, ""new_fc_4"": 29, ""new_fc_5"": 4, ""new_fc_6"": 18, ""new_fc_7"": 18, ""new_fc_8"": 32, ""new_fc_9"": 28, ""num_neurons"": 32, ""optimizer"": ""Adam"", ""reg_l2"": false, ""skip_connection"": true, ""unit_c1"": 2, ""unit_c2"": 2}"
110,44,accuracy,0.9900000002235174,0.009999999776482582,0.6783189866666667,101747848.0,3332084.0,-0.1035043038435378,9517.508,"{""activation"": ""swish"", ""batch_size"": 8, ""data_augmentation"": true, ""dr_f"": 0.428415584808, ""learning_rate"": 0.00094071054, ""new_fc_1"": 23, ""new_fc_10"": 20, ""new_fc_2"": 5, ""new_fc_3"": 12, ""new_fc_4"": 22, ""new_fc_5"": 17, ""new_fc_6"": 28, ""new_fc_7"": 4, ""new_fc_8"": 16, ""new_fc_9"": 14, ""num_neurons"": 16, ""optimizer"": ""Adadelta"", ""reg_l2"": false, ""skip_connection"": false, ""unit_c1"": 2, ""unit_c2"": 7}"
111,44,flops,,,1.3144547733333334,197168216.0,2556772.0,,9518.6486,"{""activation"": ""selu"", ""batch_size"": 64, ""data_augmentation"": false, ""dr_f"": 0.352669454223, ""learning_rate"": 0.000842343712, ""new_fc_1"": 12, ""new_fc_10"": 21, ""new_fc_2"": 32, ""new_fc_3"": 7, ""new_fc_4"": 27, ""new_fc_5"": 13, ""new_fc_6"": 29, ""new_fc_7"": 18, ""new_fc_8"": 14, ""new_fc_9"": 11, ""num_neurons"": 16, ""optimizer"": ""SGD"", ""reg_l2"": true, ""skip_connection"": false, ""unit_c1"": 4, ""unit_c2"": 8}"
112,44,flops,,,0.10620912,15931368.0,1554084.0,,9519.5768,"{""activation"": ""swish"", ""batch_size"": 8, ""data_augmentation"": false, ""dr_f"": 0.362513841662, ""learning_rate"": 0.000231515848, ""new_fc_1"": 25, ""new_fc_10"": 16, ""new_fc_2"": 21, ""new_fc_3"": 24, ""new_fc_4"": 32, ""new_fc_5"": 2, ""new_fc_6"": 23, ""new_fc_7"": 16, ""new_fc_8"": 9, ""new_fc_9"": 11, ""num_neurons"": 16, ""optimizer"": ""Adadelta"", ""reg_l2"": true, ""skip_connection"": false, ""unit_c1"": 1, ""unit_c2"": 2}"
113,45,accuracy,0.9640000015497208,0.035999998450279236,0.042730293333333336,6409544.0,77984.0,-0.3123809109151955,9844.3146,"{""activation"": ""swish"", ""batch_size"": 64, ""data_augmentation"": true, ""dr_f"": 0.498290458455, ""learning_rate"": 0.000226527252, ""new_fc_1"": 25, ""new_fc_10"": 9, ""new_fc_2"": 10, ""new_fc_3"": 30, ""new_fc_4"": 14, ""new_fc_5"": 14, ""new_fc_6"": 10, ""new_fc_7"": 13, ""new_fc_8"": 24, ""new_fc_9"": 31, ""num_neurons"": 4, ""optimizer"": ""Adamax"", ""reg_l2"": false, ""skip_connection"": true, ""unit_c1"": 4, ""unit_c2"": 1}"
114,45,flops,,,0.165016,24752400.0,774564.0,,9845.4792,"{""activation"": ""relu"", ""batch_size"": 32, ""data_augmentation"": true, ""dr_f"": 0.479985609259, ""learning_rate"": 0.000605825973, ""new_fc_1"": 20, ""new_fc_10"": 16, ""new_fc_2"": 6, ""new_fc_3"": 24, ""new_fc_4"": 4, ""new_fc_5"": 2, ""new_fc_6"": 10, ""new_fc_7"": 1, ""new_fc_8"": 21, ""new_fc_9"": 15, ""num_neurons"": 8, ""optimizer"": ""Adagrad"", ""reg_l2"": true, ""skip_connection"": true, ""unit_c1"": 1, ""unit_c2"": 8}"
115,46,accuracy,0.9897999996319413,0.010200000368058681,0.027549013333333334,4132352.0,287236.0,-0.29887529625764103,9990.1483,"{""activation"": ""relu"", ""batch_size"": 64, ""data_augmentation"": true, ""dr_f"": 0.320945661158, ""learning_rate"": 0.000926486689, ""new_fc_1"": 16, ""new_fc_10"": 28, ""new_fc_2"": 22, ""new_fc_3"": 18, ""new_fc_4"": 20, ""new_fc_5"": 14, ""new_fc_6"": 18, ""new_fc_7"": 4, ""new_fc_8"": 0, ""new_fc_9"": 9, ""num_neurons"": 8, ""optimizer"": ""SGD"", ""reg_l2"": false, ""skip_connection"": true, ""unit_c1"": 1, ""unit_c2"": 2}"
116,47,accuracy,0.9901999998837709,0.009800000116229057,0.10620912,15931368.0,1554084.0,-0.2749972640813603,10735.0186,"{""activation"": ""swish"", ""batch_size"": 8, ""data_augmentation"": false, ""dr_f"": 0.362513841662, ""learning_rate"": 0.000231515848, ""new_fc_1"": 25, ""new_fc_10"": 16, ""new_fc_2"": 21, ""new_fc_3"": 24, ""new_fc_4"": 32, ""new_fc_5"": 2, ""new_fc_6"": 23, ""new_fc_7"": 16, ""new_fc_8"": 9, ""new_fc_9"": 11, ""num_neurons"": 16, ""optimizer"": ""Adadelta"", ""reg_l2"": true, ""skip_connection"": false, ""unit_c1"": 1, ""unit_c2"": 2}"
117,48,accuracy,0.7803000062704086,0.21969999372959137,0.85114704,127672056.0,5435588.0,-0.19844588361071394,11239.8401,"{""activation"": ""elu"", ""batch_size"": 32, ""data_augmentation"": false, ""dr_f"": 0.434800029845, ""learning_rate"": 0.000357437689, ""new_fc_1"": 24, ""new_fc_10"": 24, ""new_fc_2"": 16, ""new_fc_3"": 29, ""new_fc_4"": 2, ""new_fc_5"": 9, ""new_fc_6"": 12, ""new_fc_7"": 26, ""new_fc_8"": 15, ""new_fc_9"": 8, ""num_neurons"": 32, ""optimizer"": ""Adamax"", ""reg_l2"": false, ""skip_connection"": false, ""unit_c1"": 2, ""unit_c2"": 2}"
118,48,flops,,,0.15435344,23153016.0,280380.0,,11240.7653,"{""activation"": ""relu"", ""batch_size"": 8, ""data_augmentation"": true, ""dr_f"": 0.350194043636, ""learning_rate"": 0.000923868928, ""new_fc_1"": 14, ""new_fc_10"": 22, ""new_fc_2"": 5, ""new_fc_3"": 13, ""new_fc_4"": 14, ""new_fc_5"": 18, ""new_fc_6"": 28, ""new_fc_7"": 8, ""new_fc_8"": 31, ""new_fc_9"": 27, ""num_neurons"": 8, ""optimizer"": ""Adam"", ""reg_l2"": false, ""skip_connection"": true, ""unit_c1"": 4, ""unit_c2"": 1}"
119,49,accuracy,0.989500000141561,0.010499999858438969,0.13776325333333334,20664488.0,440676.0,-0.2660210239009073,11385.5511,"{""activation"": ""selu"", ""batch_size"": 64, ""data_augmentation"": true, ""dr_f"": 0.470943058396, ""learning_rate"": 0.000527814531, ""new_fc_1"": 10, ""new_fc_10"": 22, ""new_fc_2"": 10, ""new_fc_3"": 32, ""new_fc_4"": 2, ""new_fc_5"": 29, ""new_fc_6"": 29, ""new_fc_7"": 8, ""new_fc_8"": 10, ""new_fc_9"": 18, ""num_neurons"": 8, ""optimizer"": ""Adamax"", ""reg_l2"": true, ""skip_connection"": false, ""unit_c1"": 2, ""unit_c2"": 6}"
120,50,accuracy,0.9900000002235174,0.009999999776482582,0.15435344,23153016.0,280380.0,-0.2606939678435378,12070.3526,"{""activation"": ""relu"", ""batch_size"": 8, ""data_augmentation"": true, ""dr_f"": 0.350194043636, ""learning_rate"": 0.000923868928, ""new_fc_1"": 14, ""new_fc_10"": 22, ""new_fc_2"": 5, ""new_fc_3"": 13, ""new_fc_4"": 14, ""new_fc_5"": 18, ""new_fc_6"": 28, ""new_fc_7"": 8, ""new_fc_8"": 31, ""new_fc_9"": 27, ""num_neurons"": 8, ""optimizer"": ""Adam"", ""reg_l2"": false, ""skip_connection"": true, ""unit_c1"": 4, ""unit_c2"": 1}"
121,50,flops,,,0.6420848533333333,96312728.0,9560580.0,,1.4931,"{""activation"": ""selu"", ""batch_size"": 64, ""data_augmentation"": true, ""dr_f"": 0.13824235314, ""learning_rate"": 0.000593640927, ""new_fc_1"": 31, ""new_fc_10"": 28, ""new_fc_2"": 29, ""new_fc_3"": 28, ""new_fc_4"": 7, ""new_fc_5"": 23, ""new_fc_6"": 10, ""new_fc_7"": 0, ""new_fc_8"": 7, ""new_fc_9"": 23, ""num_neurons"": 32, ""optimizer"": ""Adam"", ""reg_l2"": true, ""skip_connection"": false, ""unit_c1"": 1, ""unit_c2"": 3}"
122,50,flops,,,2.4645010666666667,369675160.0,2034724.0,,2.5121,"{""activation"": ""elu"", ""batch_size"": 16, ""data_augmentation"": true, ""dr_f"": 0.411873784591, ""learning_rate"": 0.000757345978, ""new_fc_1"": 4, ""new_fc_10"": 17, ""new_fc_2"": 26, ""new_fc_3"": 4, ""new_fc_4"": 32, ""new_fc_5"": 2, ""new_fc_6"": 10, ""new_fc_7"": 21, ""new_fc_8"": 14, ""new_fc_9"": 0, ""num_neurons"": 32, ""optimizer"": ""Adamax"", ""reg_l2"": true, ""skip_connection"": false, ""unit_c1"": 4, ""unit_c2"": 2}"
123,50,flops,,,0.34315632,51473448.0,1151284.0,,3.7972,"{""activation"": ""swish"", ""batch_size"": 8, ""data_augmentation"": true, ""dr_f"": 0.056531645649, ""learning_rate"": 0.000544162432, ""new_fc_1"": 8, ""new_fc_10"": 1, ""new_fc_2"": 4, ""new_fc_3"": 7, ""new_fc_4"": 28, ""new_fc_5"": 18, ""new_fc_6"": 22, ""new_fc_7"": 27, ""new_fc_8"": 12, ""new_fc_9"": 8, ""num_neurons"": 16, ""optimizer"": ""Adamax"", ""reg_l2"": false, ""skip_connection"": false, ""unit_c1"": 2, ""unit_c2"": 4}"
124,50,flops,,,12.608976373333334,1891346456.0,32834852.0,,6.1368,"{""activation"": ""elu"", ""batch_size"": 32, ""data_augmentation"": false, ""dr_f"": 0.04703800308, ""learning_rate"": 0.000683835002, ""new_fc_1"": 26, ""new_fc_10"": 20, ""new_fc_2"": 2, ""new_fc_3"": 4, ""new_fc_4"": 32, ""new_fc_5"": 19, ""new_fc_6"": 2, ""new_fc_7"": 13, ""new_fc_8"": 1, ""new_fc_9"": 0, ""num_neurons"": 64, ""optimizer"": ""Adadelta"", ""reg_l2"": false, ""skip_connection"": true, ""unit_c1"": 4, ""unit_c2"": 4}"
125,50,flops,,,7.400028746666667,1110004312.0,40725412.0,,8.6466,"{""activation"": ""relu"", ""batch_size"": 8, ""data_augmentation"": true, ""dr_f"": 0.38241427312, ""learning_rate"": 0.000399230219, ""new_fc_1"": 29, ""new_fc_10"": 12, ""new_fc_2"": 23, ""new_fc_3"": 28, ""new_fc_4"": 31, ""new_fc_5"": 1, ""new_fc_6"": 31, ""new_fc_7"": 23, ""new_fc_8"": 14, ""new_fc_9"": 32, ""num_neurons"": 64, ""optimizer"": ""SGD"", ""reg_l2"": true, ""skip_connection"": false, ""unit_c1"": 3, ""unit_c2"": 3}"
126,51,accuracy,10000000000.0,,2.4645010666666667,369675160.0,2034724.0,10000000000.0,9.8536,"{""activation"": ""elu"", ""batch_size"": 16, ""data_augmentation"": true, ""dr_f"": 0.411873784591, ""learning_rate"": 0.000757345978, ""new_fc_1"": 4, ""new_fc_10"": 17, ""new_fc_2"": 26, ""new_fc_3"": 4, ""new_fc_4"": 32, ""new_fc_5"": 2, ""new_fc_6"": 10, ""new_fc_7"": 21, ""new_fc_8"": 14, ""new_fc_9"": 0, ""num_neurons"": 32, ""optimizer"": ""Adamax"", ""reg_l2"": true, ""skip_connection"": false, ""unit_c1"": 4, ""unit_c2"": 2}"
127,52,accuracy,0.9791000001132488,0.020899999886751175,0.10262666666666667,15394000.0,219476.0,-0.28384199992072584,214.8733,"{""activation"": ""relu"", ""batch_size"": 64, ""data_augmentation"": false, ""dr_f"": 0.467716139229, ""learning_rate"": 0.000135711943, ""new_fc_1"": 9, ""new_fc_10"": 5, ""new_fc_2"": 5, ""new_fc_3"": 29, ""new_fc_4"": 14, ""new_fc_5"": 23, ""new_fc_6"": 30, ""new_fc_7"": 10, ""new_fc_8"": 8, ""new_fc_9"": 2, ""num_neurons"": 8, ""optimizer"": ""Adamax"", ""reg_l2"": false, ""skip_connection"": false, ""unit_c1"": 3, ""unit_c2"": 2}"
128,52,flops,,,0.46308165333333334,69462248.0,2864228.0,,215.9924,"{""activation"": ""swish"", ""batch_size"": 8, ""data_augmentation"": true, ""dr_f"": 0.179517628256, ""learning_rate"": 0.000113150242, ""new_fc_1"": 0, ""new_fc_10"": 25, ""new_fc_2"": 24, ""new_fc_3"": 19, ""new_fc_4"": 0, ""new_fc_5"": 25, ""new_fc_6"": 24, ""new_fc_7"": 6, ""new_fc_8"": 25, ""new_fc_9"": 23, ""num_neurons"": 16, ""optimizer"": ""SGD"", ""reg_l2"": false, ""skip_connection"": true, ""unit_c1"": 2, ""unit_c2"": 5}"
129,53,accuracy,0.9901000000536442,0.00989999994635582,0.165016,24752400.0,774564.0,-0.25742519996244906,480.7748,"{""activation"": ""relu"", ""batch_size"": 32, ""data_augmentation"": true, ""dr_f"": 0.479985609259, ""learning_rate"": 0.000605825973, ""new_fc_1"": 20, ""new_fc_10"": 16, ""new_fc_2"": 6, ""new_fc_3"": 24, ""new_fc_4"": 4, ""new_fc_5"": 2, ""new_fc_6"": 10, ""new_fc_7"": 1, ""new_fc_8"": 21, ""new_fc_9"": 15, ""num_neurons"": 8, ""optimizer"": ""Adagrad"", ""reg_l2"": true, ""skip_connection"": true, ""unit_c1"": 1, ""unit_c2"": 8}"
130,53,flops,,,0.09312133333333333,13968200.0,419588.0,,481.8014,"{""activation"": ""selu"", ""batch_size"": 64, ""data_augmentation"": true, ""dr_f"": 0.210531436409, ""learning_rate"": 0.000919589053, ""new_fc_1"": 11, ""new_fc_10"": 20, ""new_fc_2"": 27, ""new_fc_3"": 25, ""new_fc_4"": 7, ""new_fc_5"": 7, ""new_fc_6"": 27, ""new_fc_7"": 28, ""new_fc_8"": 22, ""new_fc_9"": 0, ""num_neurons"": 8, ""optimizer"": ""Adadelta"", ""reg_l2"": true, ""skip_connection"": true, ""unit_c1"": 2, ""unit_c2"": 4}"
131,53,flops,,,0.0602552,9038280.0,447588.0,,482.6544,"{""activation"": ""selu"", ""batch_size"": 16, ""data_augmentation"": true, ""dr_f"": 0.347143090088, ""learning_rate"": 0.000354956595, ""new_fc_1"": 22, ""new_fc_10"": 5, ""new_fc_2"": 31, ""new_fc_3"": 0, ""new_fc_4"": 28, ""new_fc_5"": 22, ""new_fc_6"": 18, ""new_fc_7"": 30, ""new_fc_8"": 12, ""new_fc_9"": 30, ""num_neurons"": 8, ""optimizer"": ""Adam"", ""reg_l2"": true, ""skip_connection"": true, ""unit_c1"": 2, ""unit_c2"": 2}"
132,54,accuracy,0.6969999969005585,0.30300000309944153,0.25808373333333334,38712560.0,403828.0,-0.43467488216960903,1828.8968,"{""activation"": ""selu"", ""batch_size"": 8, ""data_augmentation"": false, ""dr_f"": 0.191837171436, ""learning_rate"": 0.000228586254, ""new_fc_1"": 6, ""new_fc_10"": 8, ""new_fc_2"": 28, ""new_fc_3"": 11, ""new_fc_4"": 0, ""new_fc_5"": 13, ""new_fc_6"": 23, ""new_fc_7"": 15, ""new_fc_8"": 25, ""new_fc_9"": 18, ""num_neurons"": 8, ""optimizer"": ""Adam"", ""reg_l2"": false, ""skip_connection"": false, ""unit_c1"": 3, ""unit_c2"": 8}"
133,55,accuracy,0.9883000003173947,0.011699999682605267,0.029519226666666665,4427884.0,92540.0,-0.2993342317778237,2635.5542,"{""activation"": ""selu"", ""batch_size"": 8, ""data_augmentation"": false, ""dr_f"": 0.405268722094, ""learning_rate"": 0.000186033862, ""new_fc_1"": 18, ""new_fc_10"": 27, ""new_fc_2"": 12, ""new_fc_3"": 15, ""new_fc_4"": 8, ""new_fc_5"": 25, ""new_fc_6"": 30, ""new_fc_7"": 10, ""new_fc_8"": 6, ""new_fc_9"": 22, ""num_neurons"": 4, ""optimizer"": ""Adamax"", ""reg_l2"": true, ""skip_connection"": true, ""unit_c1"": 3, ""unit_c2"": 2}"
134,55,flops,,,3.3495935466666666,502439032.0,18767748.0,,2637.208,"{""activation"": ""swish"", ""batch_size"": 64, ""data_augmentation"": false, ""dr_f"": 0.343270921326, ""learning_rate"": 0.000369806396, ""new_fc_1"": 29, ""new_fc_10"": 3, ""new_fc_2"": 28, ""new_fc_3"": 25, ""new_fc_4"": 30, ""new_fc_5"": 9, ""new_fc_6"": 3, ""new_fc_7"": 1, ""new_fc_8"": 8, ""new_fc_9"": 11, ""num_neurons"": 32, ""optimizer"": ""Adagrad"", ""reg_l2"": false, ""skip_connection"": true, ""unit_c1"": 2, ""unit_c2"": 8}"
135,56,accuracy,0.8411999940872192,0.15880000591278076,0.6420848533333333,96312728.0,9560580.0,-0.21853454813894652,3022.7428,"{""activation"": ""selu"", ""batch_size"": 64, ""data_augmentation"": true, ""dr_f"": 0.13824235314, ""learning_rate"": 0.000593640927, ""new_fc_1"": 31, ""new_fc_10"": 28, ""new_fc_2"": 29, ""new_fc_3"": 28, ""new_fc_4"": 7, ""new_fc_5"": 23, ""new_fc_6"": 10, ""new_fc_7"": 0, ""new_fc_8"": 7, ""new_fc_9"": 23, ""num_neurons"": 32, ""optimizer"": ""Adam"", ""reg_l2"": true, ""skip_connection"": false, ""unit_c1"": 1, ""unit_c2"": 3}"
136,57,accuracy,10000000000.0,,16.505927413333332,2475889112.0,35985252.0,10000000000.0,3026.4193,"{""activation"": ""swish"", ""batch_size"": 32, ""data_augmentation"": false, ""dr_f"": 0.114905094127, ""learning_rate"": 0.000797627737, ""new_fc_1"": 13, ""new_fc_10"": 29, ""new_fc_2"": 6, ""new_fc_3"": 24, ""new_fc_4"": 0, ""new_fc_5"": 20, ""new_fc_6"": 24, ""new_fc_7"": 17, ""new_fc_8"": 28, ""new_fc_9"": 17, ""num_neurons"": 64, ""optimizer"": ""Adam"", ""reg_l2"": false, ""skip_connection"": true, ""unit_c1"": 4, ""unit_c2"": 6}"
137,57,flops,,,0.56551856,84827784.0,2877652.0,,3027.5078,"{""activation"": ""selu"", ""batch_size"": 32, ""data_augmentation"": false, ""dr_f"": 0.037964555766, ""learning_rate"": 0.000882754635, ""new_fc_1"": 20, ""new_fc_10"": 28, ""new_fc_2"": 29, ""new_fc_3"": 0, ""new_fc_4"": 28, ""new_fc_5"": 21, ""new_fc_6"": 2, ""new_fc_7"": 0, ""new_fc_8"": 16, ""new_fc_9"": 19, ""num_neurons"": 16, ""optimizer"": ""SGD"", ""reg_l2"": true, ""skip_connection"": true, ""unit_c1"": 2, ""unit_c2"": 6}"
138,58,accuracy,0.808899998664856,0.19110000133514404,0.8034092266666667,120511384.0,1854052.0,-0.1927472329346008,4432.3867,"{""activation"": ""selu"", ""batch_size"": 16, ""data_augmentation"": false, ""dr_f"": 0.207184291037, ""learning_rate"": 0.00050406898, ""new_fc_1"": 14, ""new_fc_10"": 0, ""new_fc_2"": 27, ""new_fc_3"": 11, ""new_fc_4"": 29, ""new_fc_5"": 13, ""new_fc_6"": 14, ""new_fc_7"": 22, ""new_fc_8"": 26, ""new_fc_9"": 24, ""num_neurons"": 16, ""optimizer"": ""Adadelta"", ""reg_l2"": false, ""skip_connection"": false, ""unit_c1"": 4, ""unit_c2"": 4}"
139,59,accuracy,10000000000.0,,3.553572426666667,533035864.0,34336420.0,10000000000.0,4436.0533,"{""activation"": ""elu"", ""batch_size"": 32, ""data_augmentation"": true, ""dr_f"": 0.205768424376, ""learning_rate"": 0.0006072294, ""new_fc_1"": 20, ""new_fc_10"": 6, ""new_fc_2"": 9, ""new_fc_3"": 30, ""new_fc_4"": 13, ""new_fc_5"": 17, ""new_fc_6"": 28, ""new_fc_7"": 30, ""new_fc_8"": 14, ""new_fc_9"": 13, ""num_neurons"": 64, ""optimizer"": ""Adamax"", ""reg_l2"": true, ""skip_connection"": true, ""unit_c1"": 1, ""unit_c2"": 4}"
140,60,accuracy,10000000000.0,,10.52642192,1578963288.0,64142756.0,10000000000.0,4440.7321,"{""activation"": ""relu"", ""batch_size"": 8, ""data_augmentation"": false, ""dr_f"": 0.171136796868, ""learning_rate"": 0.000664083213, ""new_fc_1"": 23, ""new_fc_10"": 32, ""new_fc_2"": 26, ""new_fc_3"": 4, ""new_fc_4"": 1, ""new_fc_5"": 9, ""new_fc_6"": 28, ""new_fc_7"": 28, ""new_fc_8"": 10, ""new_fc_9"": 27, ""num_neurons"": 64, ""optimizer"": ""Adamax"", ""reg_l2"": false, ""skip_connection"": true, ""unit_c1"": 1, ""unit_c2"": 8}"
141,60,flops,,,3.44255888,516383832.0,28026596.0,,4442.6927,"{""activation"": ""swish"", ""batch_size"": 32, ""data_augmentation"": true, ""dr_f"": 0.49648633945, ""learning_rate"": 0.000431154993, ""new_fc_1"": 24, ""new_fc_10"": 27, ""new_fc_2"": 4, ""new_fc_3"": 18, ""new_fc_4"": 32, ""new_fc_5"": 20, ""new_fc_6"": 29, ""new_fc_7"": 12, ""new_fc_8"": 10, ""new_fc_9"": 32, ""num_neurons"": 64, ""optimizer"": ""SGD"", ""reg_l2"": true, ""skip_connection"": false, ""unit_c1"": 2, ""unit_c2"": 2}"
142,60,flops,,,0.0202956,3044340.0,84140.0,,4443.5632,"{""activation"": ""selu"", ""batch_size"": 8, ""data_augmentation"": false, ""dr_f"": 0.36042362834, ""learning_rate"": 0.000679151296, ""new_fc_1"": 12, ""new_fc_10"": 21, ""new_fc_2"": 20, ""new_fc_3"": 10, ""new_fc_4"": 22, ""new_fc_5"": 18, ""new_fc_6"": 22, ""new_fc_7"": 10, ""new_fc_8"": 12, ""new_fc_9"": 12, ""num_neurons"": 4, ""optimizer"": ""Adadelta"", ""reg_l2"": true, ""skip_connection"": true, ""unit_c1"": 2, ""unit_c2"": 3}"
143,60,flops,,,1.51555664,227333496.0,4530852.0,,4444.8195,"{""activation"": ""selu"", ""batch_size"": 32, ""data_augmentation"": false, ""dr_f"": 0.232538205263, ""learning_rate"": 0.000613573316, ""new_fc_1"": 8, ""new_fc_10"": 4, ""new_fc_2"": 28, ""new_fc_3"": 3, ""new_fc_4"": 21, ""new_fc_5"": 1, ""new_fc_6"": 25, ""new_fc_7"": 17, ""new_fc_8"": 2, ""new_fc_9"": 12, ""num_neurons"": 32, ""optimizer"": ""Adagrad"", ""reg_l2"": true, ""skip_connection"": false, ""unit_c1"": 1, ""unit_c2"": 6}"
144,60,flops,,,6.325883466666666,948882520.0,34917924.0,,4447.2727,"{""activation"": ""swish"", ""batch_size"": 32, ""data_augmentation"": false, ""dr_f"": 0.279630492912, ""learning_rate"": 0.000862439477, ""new_fc_1"": 26, ""new_fc_10"": 19, ""new_fc_2"": 20, ""new_fc_3"": 27, ""new_fc_4"": 25, ""new_fc_5"": 31, ""new_fc_6"": 5, ""new_fc_7"": 31, ""new_fc_8"": 27, ""new_fc_9"": 29, ""num_neurons"": 64, ""optimizer"": ""Adamax"", ""reg_l2"": false, ""skip_connection"": false, ""unit_c1"": 3, ""unit_c2"": 2}"
145,61,accuracy,0.6676999926567078,0.33230000734329224,0.34315632,51473448.0,1151284.0,-0.42966310914030453,5732.7462,"{""activation"": ""swish"", ""batch_size"": 8, ""data_augmentation"": true, ""dr_f"": 0.056531645649, ""learning_rate"": 0.000544162432, ""new_fc_1"": 8, ""new_fc_10"": 1, ""new_fc_2"": 4, ""new_fc_3"": 7, ""new_fc_4"": 28, ""new_fc_5"": 18, ""new_fc_6"": 22, ""new_fc_7"": 27, ""new_fc_8"": 12, ""new_fc_9"": 8, ""num_neurons"": 16, ""optimizer"": ""Adamax"", ""reg_l2"": false, ""skip_connection"": false, ""unit_c1"": 2, ""unit_c2"": 4}"
146,61,flops,,,1.0187781866666668,152816728.0,1360996.0,,5733.6509,"{""activation"": ""swish"", ""batch_size"": 16, ""data_augmentation"": false, ""dr_f"": 0.385308989343, ""learning_rate"": 0.000417544701, ""new_fc_1"": 6, ""new_fc_10"": 12, ""new_fc_2"": 23, ""new_fc_3"": 7, ""new_fc_4"": 27, ""new_fc_5"": 17, ""new_fc_6"": 21, ""new_fc_7"": 13, ""new_fc_8"": 25, ""new_fc_9"": 9, ""num_neurons"": 16, ""optimizer"": ""Adam"", ""reg_l2"": false, ""skip_connection"": false, ""unit_c1"": 4, ""unit_c2"": 6}"
147,61,flops,,,3.3112957333333335,496694360.0,18520036.0,,5735.4419,"{""activation"": ""elu"", ""batch_size"": 64, ""data_augmentation"": false, ""dr_f"": 0.110238944506, ""learning_rate"": 0.000479712029, ""new_fc_1"": 25, ""new_fc_10"": 10, ""new_fc_2"": 19, ""new_fc_3"": 10, ""new_fc_4"": 20, ""new_fc_5"": 5, ""new_fc_6"": 14, ""new_fc_7"": 5, ""new_fc_8"": 10, ""new_fc_9"": 2, ""num_neurons"": 64, ""optimizer"": ""Adagrad"", ""reg_l2"": true, ""skip_connection"": false, ""unit_c1"": 2, ""unit_c2"": 2}"
148,61,flops,,,0.05229448,7844172.0,149744.0,,5736.4106,"{""activation"": ""selu"", ""batch_size"": 32, ""data_augmentation"": false, ""dr_f"": 0.470853134129, ""learning_rate"": 0.000691466075, ""new_fc_1"": 15, ""new_fc_10"": 13, ""new_fc_2"": 12, ""new_fc_3"": 8, ""new_fc_4"": 2, ""new_fc_5"": 8, ""new_fc_6"": 13, ""new_fc_7"": 4, ""new_fc_8"": 7, ""new_fc_9"": 3, ""num_neurons"": 4, ""optimizer"": ""Adadelta"", ""reg_l2"": true, ""skip_connection"": false, ""unit_c1"": 2, ""unit_c2"": 8}"
149,62,accuracy,0.9372000023722649,0.06279999762773514,0.7152425066666667,107286376.0,652356.0,-0.1293872463394146,7082.765,"{""activation"": ""selu"", ""batch_size"": 16, ""data_augmentation"": true, ""dr_f"": 0.313250213663, ""learning_rate"": 0.000485323152, ""new_fc_1"": 5, ""new_fc_10"": 8, ""new_fc_2"": 7, ""new_fc_3"": 8, ""new_fc_4"": 30, ""new_fc_5"": 2, ""new_fc_6"": 3, ""new_fc_7"": 12, ""new_fc_8"": 22, ""new_fc_9"": 16, ""num_neurons"": 16, ""optimizer"": ""Adagrad"", ""reg_l2"": true, ""skip_connection"": true, ""unit_c1"": 4, ""unit_c2"": 3}"
150,63,accuracy,0.8206000030040741,0.1793999969959259,0.025262666666666666,3789400.0,159708.0,-0.4180011978971481,7467.6623,"{""activation"": ""swish"", ""batch_size"": 64, ""data_augmentation"": true, ""dr_f"": 0.249055418065, ""learning_rate"": 0.000457026443, ""new_fc_1"": 26, ""new_fc_10"": 13, ""new_fc_2"": 21, ""new_fc_3"": 27, ""new_fc_4"": 19, ""new_fc_5"": 22, ""new_fc_6"": 8, ""new_fc_7"": 8, ""new_fc_8"": 11, ""new_fc_9"": 13, ""num_neurons"": 4, ""optimizer"": ""Adam"", ""reg_l2"": false, ""skip_connection"": false, ""unit_c1"": 2, ""unit_c2"": 4}"
151,64,accuracy,0.9900000002235174,0.009999999776482582,0.34443685333333335,51665528.0,756372.0,-0.20366894384353781,7673.0203,"{""activation"": ""swish"", ""batch_size"": 64, ""data_augmentation"": true, ""dr_f"": 0.190311687627, ""learning_rate"": 0.000955925217, ""new_fc_1"": 12, ""new_fc_10"": 15, ""new_fc_2"": 8, ""new_fc_3"": 5, ""new_fc_4"": 11, ""new_fc_5"": 14, ""new_fc_6"": 19, ""new_fc_7"": 32, ""new_fc_8"": 11, ""new_fc_9"": 15, ""num_neurons"": 16, ""optimizer"": ""Adamax"", ""reg_l2"": true, ""skip_connection"": false, ""unit_c1"": 3, ""unit_c2"": 1}"
152,65,accuracy,10000000000.0,,12.608976373333334,1891346456.0,32834852.0,10000000000.0,7675.1615,"{""activation"": ""elu"", ""batch_size"": 32, ""data_augmentation"": false, ""dr_f"": 0.04703800308, ""learning_rate"": 0.000683835002, ""new_fc_1"": 26, ""new_fc_10"": 20, ""new_fc_2"": 2, ""new_fc_3"": 4, ""new_fc_4"": 32, ""new_fc_5"": 19, ""new_fc_6"": 2, ""new_fc_7"": 13, ""new_fc_8"": 1, ""new_fc_9"": 0, ""num_neurons"": 64, ""optimizer"": ""Adadelta"", ""reg_l2"": false, ""skip_connection"": true, ""unit_c1"": 4, ""unit_c2"": 4}"
153,66,accuracy,10000000000.0,,16.073916746666665,2411087512.0,33120100.0,10000000000.0,7678.681,"{""activation"": ""selu"", ""batch_size"": 8, ""data_augmentation"": true, ""dr_f"": 0.228846670493, ""learning_rate"": 0.000419587042, ""new_fc_1"": 10, ""new_fc_10"": 23, ""new_fc_2"": 0, ""new_fc_3"": 27, ""new_fc_4"": 2, ""new_fc_5"": 23, ""new_fc_6"": 24, ""new_fc_7"": 15, ""new_fc_8"": 13, ""new_fc_9"": 16, ""num_neurons"": 64, ""optimizer"": ""Adam"", ""reg_l2"": true, ""skip_connection"": false, ""unit_c1"": 3, ""unit_c2"": 8}"
154,66,flops,,,0.025686906666666665,3853036.0,40112.0,,7679.8124,"{""activation"": ""selu"", ""batch_size"": 8, ""data_augmentation"": false, ""dr_f"": 0.32762228982, ""learning_rate"": 0.000268948237, ""new_fc_1"": 0, ""new_fc_10"": 28, ""new_fc_2"": 5, ""new_fc_3"": 0, ""new_fc_4"": 24, ""new_fc_5"": 13, ""new_fc_6"": 11, ""new_fc_7"": 17, ""new_fc_8"": 2, ""new_fc_9"": 17, ""num_neurons"": 4, ""optimizer"": ""Adam"", ""reg_l2"": false, ""skip_connection"": true, ""unit_c1"": 3, ""unit_c2"": 1}"
155,66,flops,,,0.1058736,15881040.0,404452.0,,7680.7876,"{""activation"": ""swish"", ""batch_size"": 16, ""data_augmentation"": false, ""dr_f"": 0.456493593748, ""learning_rate"": 0.000499742067, ""new_fc_1"": 26, ""new_fc_10"": 24, ""new_fc_2"": 24, ""new_fc_3"": 7, ""new_fc_4"": 1, ""new_fc_5"": 17, ""new_fc_6"": 3, ""new_fc_7"": 12, ""new_fc_8"": 24, ""new_fc_9"": 27, ""num_neurons"": 8, ""optimizer"": ""Adadelta"", ""reg_l2"": true, ""skip_connection"": false, ""unit_c1"": 3, ""unit_c2"": 2}"
156,67,accuracy,0.9900000002235174,0.009999999776482582,0.4185401066666667,62781016.0,3374484.0,-0.18143796784353777,7946.9319,"{""activation"": ""relu"", ""batch_size"": 32, ""data_augmentation"": true, ""dr_f"": 0.443049867286, ""learning_rate"": 0.0009603909, ""new_fc_1"": 22, ""new_fc_10"": 28, ""new_fc_2"": 29, ""new_fc_3"": 30, ""new_fc_4"": 4, ""new_fc_5"": 30, ""new_fc_6"": 18, ""new_fc_7"": 19, ""new_fc_8"": 13, ""new_fc_9"": 31, ""num_neurons"": 16, ""optimizer"": ""Adamax"", ""reg_l2"": true, ""skip_connection"": true, ""unit_c1"": 1, ""unit_c2"": 6}"
157,68,accuracy,0.9916000002995133,0.00839999970048666,0.055468373333333335,8320256.0,155548.0,-0.28923948779034064,8272.6174,"{""activation"": ""relu"", ""batch_size"": 16, ""data_augmentation"": true, ""dr_f"": 0.208895357895, ""learning_rate"": 0.000692133351, ""new_fc_1"": 30, ""new_fc_10"": 2, ""new_fc_2"": 17, ""new_fc_3"": 6, ""new_fc_4"": 7, ""new_fc_5"": 10, ""new_fc_6"": 0, ""new_fc_7"": 16, ""new_fc_8"": 30, ""new_fc_9"": 4, ""num_neurons"": 4, ""optimizer"": ""SGD"", ""reg_l2"": false, ""skip_connection"": false, ""unit_c1"": 4, ""unit_c2"": 4}"
158,69,accuracy,0.9900000002235174,0.009999999776482582,0.27076517333333333,40614776.0,1116228.0,-0.22577044784353778,8418.5817,"{""activation"": ""relu"", ""batch_size"": 64, ""data_augmentation"": false, ""dr_f"": 0.483703993174, ""learning_rate"": 0.000763000602, ""new_fc_1"": 11, ""new_fc_10"": 9, ""new_fc_2"": 1, ""new_fc_3"": 0, ""new_fc_4"": 27, ""new_fc_5"": 18, ""new_fc_6"": 24, ""new_fc_7"": 32, ""new_fc_8"": 4, ""new_fc_9"": 12, ""num_neurons"": 16, ""optimizer"": ""Adamax"", ""reg_l2"": true, ""skip_connection"": false, ""unit_c1"": 2, ""unit_c2"": 3}"
159,69,flops,,,0.28381413333333333,42572120.0,1560084.0,,8419.6845,"{""activation"": ""selu"", ""batch_size"": 64, ""data_augmentation"": false, ""dr_f"": 0.139014948821, ""learning_rate"": 0.000336451344, ""new_fc_1"": 20, ""new_fc_10"": 8, ""new_fc_2"": 30, ""new_fc_3"": 26, ""new_fc_4"": 4, ""new_fc_5"": 13, ""new_fc_6"": 9, ""new_fc_7"": 19, ""new_fc_8"": 3, ""new_fc_9"": 12, ""num_neurons"": 16, ""optimizer"": ""SGD"", ""reg_l2"": false, ""skip_connection"": true, ""unit_c1"": 2, ""unit_c2"": 3}"
160,70,accuracy,0.9900000002235174,0.009999999776482582,0.38432293333333334,57648440.0,4340964.0,-0.1917031198435378,8684.8072,"{""activation"": ""relu"", ""batch_size"": 32, ""data_augmentation"": true, ""dr_f"": 0.047107923045, ""learning_rate"": 0.000328765303, ""new_fc_1"": 8, ""new_fc_10"": 13, ""new_fc_2"": 18, ""new_fc_3"": 5, ""new_fc_4"": 17, ""new_fc_5"": 15, ""new_fc_6"": 31, ""new_fc_7"": 24, ""new_fc_8"": 30, ""new_fc_9"": 14, ""num_neurons"": 32, ""optimizer"": ""Adadelta"", ""reg_l2"": true, ""skip_connection"": false, ""unit_c1"": 1, ""unit_c2"": 2}"
161,71,accuracy,10000000000.0,,16.366610933333334,2454991640.0,26268068.0,10000000000.0,8688.0922,"{""activation"": ""relu"", ""batch_size"": 32, ""data_augmentation"": true, ""dr_f"": 0.171581875103, ""learning_rate"": 0.000938952179, ""new_fc_1"": 9, ""new_fc_10"": 13, ""new_fc_2"": 13, ""new_fc_3"": 12, ""new_fc_4"": 28, ""new_fc_5"": 13, ""new_fc_6"": 17, ""new_fc_7"": 10, ""new_fc_8"": 20, ""new_fc_9"": 20, ""num_neurons"": 64, ""optimizer"": ""SGD"", ""reg_l2"": false, ""skip_connection"": true, ""unit_c1"": 4, ""unit_c2"": 6}"
162,72,accuracy,0.9910000003874302,0.008999999612569809,0.0202956,3044340.0,84140.0,-0.30021131972879883,9493.3402,"{""activation"": ""selu"", ""batch_size"": 8, ""data_augmentation"": false, ""dr_f"": 0.36042362834, ""learning_rate"": 0.000679151296, ""new_fc_1"": 12, ""new_fc_10"": 21, ""new_fc_2"": 20, ""new_fc_3"": 10, ""new_fc_4"": 22, ""new_fc_5"": 18, ""new_fc_6"": 22, ""new_fc_7"": 10, ""new_fc_8"": 12, ""new_fc_9"": 12, ""num_neurons"": 4, ""optimizer"": ""Adadelta"", ""reg_l2"": true, ""skip_connection"": true, ""unit_c1"": 2, ""unit_c2"": 3}"
163,73,accuracy,0.9912999998778105,0.008700000122189522,0.9195743466666667,137936152.0,3433380.0,-0.030217696085532653,9758.676,"{""activation"": ""swish"", ""batch_size"": 64, ""data_augmentation"": true, ""dr_f"": 0.454709861378, ""learning_rate"": 0.000824999465, ""new_fc_1"": 22, ""new_fc_10"": 10, ""new_fc_2"": 15, ""new_fc_3"": 8, ""new_fc_4"": 28, ""new_fc_5"": 22, ""new_fc_6"": 17, ""new_fc_7"": 21, ""new_fc_8"": 9, ""new_fc_9"": 28, ""num_neurons"": 16, ""optimizer"": ""SGD"", ""reg_l2"": false, ""skip_connection"": true, ""unit_c1"": 3, ""unit_c2"": 7}"
164,73,flops,,,6.362651893333333,954397784.0,38149924.0,,9760.8946,"{""activation"": ""selu"", ""batch_size"": 8, ""data_augmentation"": false, ""dr_f"": 0.076733213579, ""learning_rate"": 0.000766669812, ""new_fc_1"": 29, ""new_fc_10"": 26, ""new_fc_2"": 19, ""new_fc_3"": 23, ""new_fc_4"": 26, ""new_fc_5"": 31, ""new_fc_6"": 19, ""new_fc_7"": 20, ""new_fc_8"": 27, ""new_fc_9"": 28, ""num_neurons"": 64, ""optimizer"": ""Adagrad"", ""reg_l2"": false, ""skip_connection"": false, ""unit_c1"": 3, ""unit_c2"": 2}"
165,73,flops,,,16.96771216,2545156824.0,74170532.0,,9764.7964,"{""activation"": ""relu"", ""batch_size"": 32, ""data_augmentation"": true, ""dr_f"": 0.394322947349, ""learning_rate"": 0.000502435902, ""new_fc_1"": 31, ""new_fc_10"": 7, ""new_fc_2"": 6, ""new_fc_3"": 17, ""new_fc_4"": 9, ""new_fc_5"": 14, ""new_fc_6"": 5, ""new_fc_7"": 24, ""new_fc_8"": 14, ""new_fc_9"": 11, ""num_neurons"": 64, ""optimizer"": ""SGD"", ""reg_l2"": false, ""skip_connection"": true, ""unit_c1"": 3, ""unit_c2"": 8}"
166,73,flops,,,0.14328229333333334,21492344.0,618716.0,,9765.7552,"{""activation"": ""relu"", ""batch_size"": 32, ""data_augmentation"": true, ""dr_f"": 0.495224486681, ""learning_rate"": 0.0003631701, ""new_fc_1"": 30, ""new_fc_10"": 15, ""new_fc_2"": 17, ""new_fc_3"": 8, ""new_fc_4"": 18, ""new_fc_5"": 6, ""new_fc_6"": 5, ""new_fc_7"": 8, ""new_fc_8"": 27, ""new_fc_9"": 6, ""num_neurons"": 8, ""optimizer"": ""Adam"", ""reg_l2"": false, ""skip_connection"": false, ""unit_c1"": 3, ""unit_c2"": 4}"
167,73,flops,,,0.13851861333333335,20777792.0,1159068.0,,9766.7865,"{""activation"": ""selu"", ""batch_size"": 32, ""data_augmentation"": true, ""dr_f"": 0.112572921757, ""learning_rate"": 0.000708865884, ""new_fc_1"": 31, ""new_fc_10"": 3, ""new_fc_2"": 8, ""new_fc_3"": 26, ""new_fc_4"": 25, ""new_fc_5"": 21, ""new_fc_6"": 22, ""new_fc_7"": 29, ""new_fc_8"": 23, ""new_fc_9"": 9, ""num_neurons"": 8, ""optimizer"": ""Adamax"", ""reg_l2"": true, ""skip_connection"": true, ""unit_c1"": 1, ""unit_c2"": 7}"
168,74,accuracy,10000000000.0,,1.3275152533333334,199127288.0,3536132.0,10000000000.0,9769.0573,"{""activation"": ""selu"", ""batch_size"": 8, ""data_augmentation"": true, ""dr_f"": 0.387081600879, ""learning_rate"": 0.000619333134, ""new_fc_1"": 21, ""new_fc_10"": 25, ""new_fc_2"": 2, ""new_fc_3"": 15, ""new_fc_4"": 4, ""new_fc_5"": 30, ""new_fc_6"": 19, ""new_fc_7"": 27, ""new_fc_8"": 17, ""new_fc_9"": 2, ""num_neurons"": 16, ""optimizer"": ""Adam"", ""reg_l2"": false, ""skip_connection"": false, ""unit_c1"": 4, ""unit_c2"": 8}"
169,75,accuracy,0.9916000002995133,0.00839999970048666,0.05229448,7844172.0,149744.0,-0.2901916557903406,9973.31,"{""activation"": ""selu"", ""batch_size"": 32, ""data_augmentation"": false, ""dr_f"": 0.470853134129, ""learning_rate"": 0.000691466075, ""new_fc_1"": 15, ""new_fc_10"": 13, ""new_fc_2"": 12, ""new_fc_3"": 8, ""new_fc_4"": 2, ""new_fc_5"": 8, ""new_fc_6"": 13, ""new_fc_7"": 4, ""new_fc_8"": 7, ""new_fc_9"": 3, ""num_neurons"": 4, ""optimizer"": ""Adadelta"", ""reg_l2"": true, ""skip_connection"": false, ""unit_c1"": 2, ""unit_c2"": 8}"
170,76,accuracy,10000000000.0,,6.65881232,998821848.0,58252196.0,10000000000.0,3.3578,"{""activation"": ""selu"", ""batch_size"": 16, ""data_augmentation"": true, ""dr_f"": 0.444795701538, ""learning_rate"": 0.000703246833, ""new_fc_1"": 26, ""new_fc_10"": 7, ""new_fc_2"": 23, ""new_fc_3"": 27, ""new_fc_4"": 17, ""new_fc_5"": 25, ""new_fc_6"": 24, ""new_fc_7"": 30, ""new_fc_8"": 0, ""new_fc_9"": 11, ""num_neurons"": 64, ""optimizer"": ""Adagrad"", ""reg_l2"": false, ""skip_connection"": true, ""unit_c1"": 1, ""unit_c2"": 6}"
171,76,flops,,,10.0806888,1512103320.0,18381092.0,,5.1692,"{""activation"": ""selu"", ""batch_size"": 16, ""data_augmentation"": false, ""dr_f"": 0.047785860225, ""learning_rate"": 0.000122770608, ""new_fc_1"": 7, ""new_fc_10"": 23, ""new_fc_2"": 19, ""new_fc_3"": 7, ""new_fc_4"": 6, ""new_fc_5"": 4, ""new_fc_6"": 19, ""new_fc_7"": 0, ""new_fc_8"": 0, ""new_fc_9"": 32, ""num_neurons"": 64, ""optimizer"": ""Adam"", ""reg_l2"": false, ""skip_connection"": true, ""unit_c1"": 3, ""unit_c2"": 5}"
172,76,flops,,,0.5071264533333333,76068968.0,2267684.0,,6.2494,"{""activation"": ""relu"", ""batch_size"": 64, ""data_augmentation"": false, ""dr_f"": 0.186800047028, ""learning_rate"": 0.000225840135, ""new_fc_1"": 0, ""new_fc_10"": 24, ""new_fc_2"": 16, ""new_fc_3"": 6, ""new_fc_4"": 9, ""new_fc_5"": 2, ""new_fc_6"": 2, ""new_fc_7"": 3, ""new_fc_8"": 14, ""new_fc_9"": 21, ""num_neurons"": 16, ""optimizer"": ""Adagrad"", ""reg_l2"": false, ""skip_connection"": false, ""unit_c1"": 1, ""unit_c2"": 7}"
173,76,flops,,,6.34607888,951911832.0,29820132.0,,8.5268,"{""activation"": ""elu"", ""batch_size"": 64, ""data_augmentation"": false, ""dr_f"": 0.117413647747, ""learning_rate"": 0.000393772437, ""new_fc_1"": 29, ""new_fc_10"": 17, ""new_fc_2"": 21, ""new_fc_3"": 17, ""new_fc_4"": 14, ""new_fc_5"": 21, ""new_fc_6"": 17, ""new_fc_7"": 16, ""new_fc_8"": 18, ""new_fc_9"": 27, ""num_neurons"": 64, ""optimizer"": ""Adagrad"", ""reg_l2"": false, ""skip_connection"": true, ""unit_c1"": 3, ""unit_c2"": 2}"
174,76,flops,,,0.028314533333333333,4247180.0,48540.0,,9.5963,"{""activation"": ""swish"", ""batch_size"": 32, ""data_augmentation"": true, ""dr_f"": 0.330091372592, ""learning_rate"": 0.000119661799, ""new_fc_1"": 1, ""new_fc_10"": 9, ""new_fc_2"": 6, ""new_fc_3"": 19, ""new_fc_4"": 22, ""new_fc_5"": 0, ""new_fc_6"": 27, ""new_fc_7"": 0, ""new_fc_8"": 30, ""new_fc_9"": 13, ""num_neurons"": 4, ""optimizer"": ""Adamax"", ""reg_l2"": true, ""skip_connection"": false, ""unit_c1"": 3, ""unit_c2"": 2}"
175,77,accuracy,0.9900000002235174,0.009999999776482582,0.27893648,41840472.0,5715012.0,-0.22331905584353778,936.914,"{""activation"": ""relu"", ""batch_size"": 8, ""data_augmentation"": true, ""dr_f"": 0.315269994608, ""learning_rate"": 0.000681902352, ""new_fc_1"": 32, ""new_fc_10"": 19, ""new_fc_2"": 23, ""new_fc_3"": 9, ""new_fc_4"": 29, ""new_fc_5"": 12, ""new_fc_6"": 23, ""new_fc_7"": 23, ""new_fc_8"": 12, ""new_fc_9"": 26, ""num_neurons"": 32, ""optimizer"": ""Adamax"", ""reg_l2"": true, ""skip_connection"": true, ""unit_c1"": 1, ""unit_c2"": 1}"
176,78,accuracy,0.9867000002413988,0.013299999758601189,0.46308165333333334,69462248.0,2864228.0,-0.17038550383102083,1682.3263,"{""activation"": ""swish"", ""batch_size"": 8, ""data_augmentation"": true, ""dr_f"": 0.179517628256, ""learning_rate"": 0.000113150242, ""new_fc_1"": 0, ""new_fc_10"": 25, ""new_fc_2"": 24, ""new_fc_3"": 19, ""new_fc_4"": 0, ""new_fc_5"": 25, ""new_fc_6"": 24, ""new_fc_7"": 6, ""new_fc_8"": 25, ""new_fc_9"": 23, ""num_neurons"": 16, ""optimizer"": ""SGD"", ""reg_l2"": false, ""skip_connection"": true, ""unit_c1"": 2, ""unit_c2"": 5}"
177,78,flops,,,0.65603952,98405928.0,3929188.0,,1683.754,"{""activation"": ""swish"", ""batch_size"": 32, ""data_augmentation"": true, ""dr_f"": 0.371917224061, ""learning_rate"": 0.000817884143, ""new_fc_1"": 22, ""new_fc_10"": 15, ""new_fc_2"": 18, ""new_fc_3"": 30, ""new_fc_4"": 24, ""new_fc_5"": 29, ""new_fc_6"": 17, ""new_fc_7"": 6, ""new_fc_8"": 7, ""new_fc_9"": 15, ""num_neurons"": 16, ""optimizer"": ""SGD"", ""reg_l2"": false, ""skip_connection"": false, ""unit_c1"": 1, ""unit_c2"": 8}"
178,78,flops,,,0.013701226666666667,2055184.0,51632.0,,1684.8266,"{""activation"": ""selu"", ""batch_size"": 64, ""data_augmentation"": true, ""dr_f"": 0.438471729531, ""learning_rate"": 0.000614916684, ""new_fc_1"": 6, ""new_fc_10"": 27, ""new_fc_2"": 18, ""new_fc_3"": 15, ""new_fc_4"": 30, ""new_fc_5"": 1, ""new_fc_6"": 22, ""new_fc_7"": 18, ""new_fc_8"": 21, ""new_fc_9"": 8, ""num_neurons"": 4, ""optimizer"": ""Adamax"", ""reg_l2"": false, ""skip_connection"": true, ""unit_c1"": 2, ""unit_c2"": 1}"
179,78,flops,,,0.07383813333333333,11075720.0,332908.0,,1685.8956,"{""activation"": ""relu"", ""batch_size"": 64, ""data_augmentation"": true, ""dr_f"": 0.134818902242, ""learning_rate"": 0.000201434, ""new_fc_1"": 15, ""new_fc_10"": 24, ""new_fc_2"": 19, ""new_fc_3"": 13, ""new_fc_4"": 17, ""new_fc_5"": 7, ""new_fc_6"": 11, ""new_fc_7"": 22, ""new_fc_8"": 12, ""new_fc_9"": 10, ""num_neurons"": 8, ""optimizer"": ""Adam"", ""reg_l2"": false, ""skip_connection"": true, ""unit_c1"": 2, ""unit_c2"": 3}"
180,78,flops,,,0.4686774933333333,70301624.0,1820116.0,,1686.9144,"{""activation"": ""swish"", ""batch_size"": 8, ""data_augmentation"": true, ""dr_f"": 0.313403675395, ""learning_rate"": 0.000139457364, ""new_fc_1"": 19, ""new_fc_10"": 30, ""new_fc_2"": 27, ""new_fc_3"": 23, ""new_fc_4"": 22, ""new_fc_5"": 2, ""new_fc_6"": 9, ""new_fc_7"": 29, ""new_fc_8"": 2, ""new_fc_9"": 31, ""num_neurons"": 16, ""optimizer"": ""Adamax"", ""reg_l2"": false, ""skip_connection"": false, ""unit_c1"": 3, ""unit_c2"": 3}"
181,79,accuracy,10000000000.0,,4.603740746666666,690561112.0,18009700.0,10000000000.0,1689.7462,"{""activation"": ""elu"", ""batch_size"": 16, ""data_augmentation"": false, ""dr_f"": 0.067389194277, ""learning_rate"": 0.000115036355, ""new_fc_1"": 7, ""new_fc_10"": 28, ""new_fc_2"": 22, ""new_fc_3"": 9, ""new_fc_4"": 2, ""new_fc_5"": 26, ""new_fc_6"": 16, ""new_fc_7"": 19, ""new_fc_8"": 4, ""new_fc_9"": 19, ""num_neurons"": 64, ""optimizer"": ""SGD"", ""reg_l2"": true, ""skip_connection"": true, ""unit_c1"": 1, ""unit_c2"": 5}"
182,80,accuracy,0.9908999996259809,0.009100000374019146,0.65603952,98405928.0,3929188.0,-0.1095581442618134,1954.7083,"{""activation"": ""swish"", ""batch_size"": 32, ""data_augmentation"": true, ""dr_f"": 0.371917224061, ""learning_rate"": 0.000817884143, ""new_fc_1"": 22, ""new_fc_10"": 15, ""new_fc_2"": 18, ""new_fc_3"": 30, ""new_fc_4"": 24, ""new_fc_5"": 29, ""new_fc_6"": 17, ""new_fc_7"": 6, ""new_fc_8"": 7, ""new_fc_9"": 15, ""num_neurons"": 16, ""optimizer"": ""SGD"", ""reg_l2"": false, ""skip_connection"": false, ""unit_c1"": 1, ""unit_c2"": 8}"
183,81,accuracy,0.9822000004351139,0.017799999564886093,0.21077989333333333,31616984.0,868276.0,-0.24922603169542026,2399.4864,"{""activation"": ""elu"", ""batch_size"": 16, ""data_augmentation"": false, ""dr_f"": 0.471054635649, ""learning_rate"": 0.000885595067, ""new_fc_1"": 4, ""new_fc_10"": 8, ""new_fc_2"": 14, ""new_fc_3"": 18, ""new_fc_4"": 16, ""new_fc_5"": 19, ""new_fc_6"": 8, ""new_fc_7"": 32, ""new_fc_8"": 12, ""new_fc_9"": 21, ""num_neurons"": 16, ""optimizer"": ""Adagrad"", ""reg_l2"": true, ""skip_connection"": true, ""unit_c1"": 1, ""unit_c2"": 4}"
184,82,accuracy,0.7736999988555908,0.22630000114440918,0.07383813333333333,11075720.0,332908.0,-0.4362585608010864,2784.4662,"{""activation"": ""relu"", ""batch_size"": 64, ""data_augmentation"": true, ""dr_f"": 0.134818902242, ""learning_rate"": 0.000201434, ""new_fc_1"": 15, ""new_fc_10"": 24, ""new_fc_2"": 19, ""new_fc_3"": 13, ""new_fc_4"": 17, ""new_fc_5"": 7, ""new_fc_6"": 11, ""new_fc_7"": 22, ""new_fc_8"": 12, ""new_fc_9"": 10, ""num_neurons"": 8, ""optimizer"": ""Adam"", ""reg_l2"": false, ""skip_connection"": true, ""unit_c1"": 2, ""unit_c2"": 3}"
185,83,accuracy,0.9905000003054738,0.009499999694526196,0.024928826666666667,3739324.0,45660.0,-0.2991713517861683,3109.1569,"{""activation"": ""relu"", ""batch_size"": 16, ""data_augmentation"": false, ""dr_f"": 0.262892390747, ""learning_rate"": 0.000851099988, ""new_fc_1"": 13, ""new_fc_10"": 0, ""new_fc_2"": 22, ""new_fc_3"": 21, ""new_fc_4"": 11, ""new_fc_5"": 22, ""new_fc_6"": 4, ""new_fc_7"": 15, ""new_fc_8"": 28, ""new_fc_9"": 1, ""num_neurons"": 4, ""optimizer"": ""Adadelta"", ""reg_l2"": false, ""skip_connection"": false, ""unit_c1"": 3, ""unit_c2"": 1}"
186,83,flops,,,0.22013786666666665,33020680.0,1218516.0,,3110.2419,"{""activation"": ""swish"", ""batch_size"": 8, ""data_augmentation"": false, ""dr_f"": 0.038948284719, ""learning_rate"": 0.000634516288, ""new_fc_1"": 16, ""new_fc_10"": 22, ""new_fc_2"": 15, ""new_fc_3"": 12, ""new_fc_4"": 17, ""new_fc_5"": 13, ""new_fc_6"": 30, ""new_fc_7"": 16, ""new_fc_8"": 10, ""new_fc_9"": 18, ""num_neurons"": 16, ""optimizer"": ""SGD"", ""reg_l2"": false, ""skip_connection"": true, ""unit_c1"": 2, ""unit_c2"": 2}"
187,84,accuracy,10000000000.0,,5.277490506666667,791623576.0,13185508.0,10000000000.0,3112.8308,"{""activation"": ""selu"", ""batch_size"": 64, ""data_augmentation"": false, ""dr_f"": 0.433481987612, ""learning_rate"": 0.000725173771, ""new_fc_1"": 18, ""new_fc_10"": 10, ""new_fc_2"": 25, ""new_fc_3"": 22, ""new_fc_4"": 30, ""new_fc_5"": 0, ""new_fc_6"": 2, ""new_fc_7"": 8, ""new_fc_8"": 15, ""new_fc_9"": 3, ""num_neurons"": 64, ""optimizer"": ""Adadelta"", ""reg_l2"": false, ""skip_connection"": false, ""unit_c1"": 3, ""unit_c2"": 1}"
188,85,accuracy,0.991100000217557,0.008899999782443047,0.020111733333333333,3016760.0,47312.0,-0.3001964798477101,3259.2103,"{""activation"": ""swish"", ""batch_size"": 64, ""data_augmentation"": true, ""dr_f"": 0.33081315518, ""learning_rate"": 0.000704387239, ""new_fc_1"": 6, ""new_fc_10"": 8, ""new_fc_2"": 6, ""new_fc_3"": 17, ""new_fc_4"": 25, ""new_fc_5"": 31, ""new_fc_6"": 1, ""new_fc_7"": 1, ""new_fc_8"": 1, ""new_fc_9"": 0, ""num_neurons"": 4, ""optimizer"": ""Adadelta"", ""reg_l2"": false, ""skip_connection"": true, ""unit_c1"": 2, ""unit_c2"": 3}"
189,86,accuracy,0.9901000000536442,0.00989999994635582,0.02896136,4344204.0,50636.0,-0.29824159196244904,3945.8326,"{""activation"": ""relu"", ""batch_size"": 8, ""data_augmentation"": true, ""dr_f"": 0.39464359714, ""learning_rate"": 0.000909250298, ""new_fc_1"": 1, ""new_fc_10"": 18, ""new_fc_2"": 6, ""new_fc_3"": 23, ""new_fc_4"": 22, ""new_fc_5"": 0, ""new_fc_6"": 11, ""new_fc_7"": 5, ""new_fc_8"": 27, ""new_fc_9"": 28, ""num_neurons"": 4, ""optimizer"": ""SGD"", ""reg_l2"": true, ""skip_connection"": true, ""unit_c1"": 3, ""unit_c2"": 2}"
190,86,flops,,,1.61026064,241539096.0,11465412.0,,3947.3455,"{""activation"": ""swish"", ""batch_size"": 16, ""data_augmentation"": true, ""dr_f"": 0.058324621453, ""learning_rate"": 0.000182008057, ""new_fc_1"": 24, ""new_fc_10"": 20, ""new_fc_2"": 12, ""new_fc_3"": 1, ""new_fc_4"": 26, ""new_fc_5"": 21, ""new_fc_6"": 16, ""new_fc_7"": 3, ""new_fc_8"": 27, ""new_fc_9"": 4, ""num_neurons"": 32, ""optimizer"": ""Adam"", ""reg_l2"": true, ""skip_connection"": false, ""unit_c1"": 1, ""unit_c2"": 6}"
191,86,flops,,,0.54995024,82492536.0,1163636.0,,3948.4021,"{""activation"": ""elu"", ""batch_size"": 16, ""data_augmentation"": false, ""dr_f"": 0.205835769084, ""learning_rate"": 0.00045658489, ""new_fc_1"": 9, ""new_fc_10"": 12, ""new_fc_2"": 27, ""new_fc_3"": 9, ""new_fc_4"": 7, ""new_fc_5"": 4, ""new_fc_6"": 2, ""new_fc_7"": 5, ""new_fc_8"": 29, ""new_fc_9"": 26, ""num_neurons"": 16, ""optimizer"": ""SGD"", ""reg_l2"": false, ""skip_connection"": true, ""unit_c1"": 3, ""unit_c2"": 4}"
192,87,accuracy,0.9800000004470348,0.019999999552965164,0.14328229333333334,21492344.0,618716.0,-0.2710153116870756,4153.1397,"{""activation"": ""relu"", ""batch_size"": 32, ""data_augmentation"": true, ""dr_f"": 0.495224486681, ""learning_rate"": 0.0003631701, ""new_fc_1"": 30, ""new_fc_10"": 15, ""new_fc_2"": 17, ""new_fc_3"": 8, ""new_fc_4"": 18, ""new_fc_5"": 6, ""new_fc_6"": 5, ""new_fc_7"": 8, ""new_fc_8"": 27, ""new_fc_9"": 6, ""num_neurons"": 8, ""optimizer"": ""Adam"", ""reg_l2"": false, ""skip_connection"": false, ""unit_c1"": 3, ""unit_c2"": 4}"
193,87,flops,,,0.10814117333333334,16221176.0,374348.0,,4154.3616,"{""activation"": ""swish"", ""batch_size"": 64, ""data_augmentation"": false, ""dr_f"": 0.226265372498, ""learning_rate"": 0.000790227027, ""new_fc_1"": 27, ""new_fc_10"": 12, ""new_fc_2"": 21, ""new_fc_3"": 17, ""new_fc_4"": 1, ""new_fc_5"": 3, ""new_fc_6"": 31, ""new_fc_7"": 13, ""new_fc_8"": 22, ""new_fc_9"": 9, ""num_neurons"": 8, ""optimizer"": ""SGD"", ""reg_l2"": true, ""skip_connection"": true, ""unit_c1"": 3, ""unit_c2"": 2}"
194,87,flops,,,3.28149392,492224088.0,16287204.0,,4155.8961,"{""activation"": ""relu"", ""batch_size"": 16, ""data_augmentation"": false, ""dr_f"": 0.211886737549, ""learning_rate"": 0.000223702226, ""new_fc_1"": 1, ""new_fc_10"": 22, ""new_fc_2"": 12, ""new_fc_3"": 18, ""new_fc_4"": 29, ""new_fc_5"": 6, ""new_fc_6"": 25, ""new_fc_7"": 26, ""new_fc_8"": 28, ""new_fc_9"": 25, ""num_neurons"": 64, ""optimizer"": ""Adagrad"", ""reg_l2"": false, ""skip_connection"": false, ""unit_c1"": 2, ""unit_c2"": 2}"
195,87,flops,,,12.12060048,1818090072.0,56282404.0,,4159.089,"{""activation"": ""selu"", ""batch_size"": 8, ""data_augmentation"": false, ""dr_f"": 0.293319112687, ""learning_rate"": 0.000635544536, ""new_fc_1"": 26, ""new_fc_10"": 4, ""new_fc_2"": 11, ""new_fc_3"": 18, ""new_fc_4"": 20, ""new_fc_5"": 26, ""new_fc_6"": 29, ""new_fc_7"": 5, ""new_fc_8"": 22, ""new_fc_9"": 31, ""num_neurons"": 64, ""optimizer"": ""Adadelta"", ""reg_l2"": false, ""skip_connection"": false, ""unit_c1"": 3, ""unit_c2"": 6}"
196,87,flops,,,0.02556168,3834252.0,93244.0,,4160.1916,"{""activation"": ""selu"", ""batch_size"": 16, ""data_augmentation"": false, ""dr_f"": 0.48591139224, ""learning_rate"": 0.000450850393, ""new_fc_1"": 31, ""new_fc_10"": 6, ""new_fc_2"": 14, ""new_fc_3"": 8, ""new_fc_4"": 14, ""new_fc_5"": 22, ""new_fc_6"": 23, ""new_fc_7"": 29, ""new_fc_8"": 20, ""new_fc_9"": 30, ""num_neurons"": 4, ""optimizer"": ""Adadelta"", ""reg_l2"": false, ""skip_connection"": false, ""unit_c1"": 3, ""unit_c2"": 1}"
197,88,accuracy,0.7648999989032745,0.23510000109672546,0.28381413333333333,42572120.0,1560084.0,-0.37942576076770784,4604.9202,"{""activation"": ""selu"", ""batch_size"": 64, ""data_augmentation"": false, ""dr_f"": 0.139014948821, ""learning_rate"": 0.000336451344, ""new_fc_1"": 20, ""new_fc_10"": 8, ""new_fc_2"": 30, ""new_fc_3"": 26, ""new_fc_4"": 4, ""new_fc_5"": 13, ""new_fc_6"": 9, ""new_fc_7"": 19, ""new_fc_8"": 3, ""new_fc_9"": 12, ""num_neurons"": 16, ""optimizer"": ""SGD"", ""reg_l2"": false, ""skip_connection"": true, ""unit_c1"": 2, ""unit_c2"": 3}"
198,88,flops,,,0.07175157333333333,10762736.0,176036.0,,4606.0755,"{""activation"": ""selu"", ""batch_size"": 32, ""data_augmentation"": false, ""dr_f"": 0.17147633792, ""learning_rate"": 0.00053828527, ""new_fc_1"": 23, ""new_fc_10"": 6, ""new_fc_2"": 15, ""new_fc_3"": 7, ""new_fc_4"": 9, ""new_fc_5"": 32, ""new_fc_6"": 0, ""new_fc_7"": 12, ""new_fc_8"": 2, ""new_fc_9"": 4, ""num_neurons"": 4, ""optimizer"": ""Adadelta"", ""reg_l2"": false, ""skip_connection"": true, ""unit_c1"": 4, ""unit_c2"": 6}"
199,88,flops,,,0.09249504,13874256.0,289524.0,,4607.1768,"{""activation"": ""swish"", ""batch_size"": 32, ""data_augmentation"": false, ""dr_f"": 0.318621713651, ""learning_rate"": 0.000965795577, ""new_fc_1"": 31, ""new_fc_10"": 1, ""new_fc_2"": 32, ""new_fc_3"": 12, ""new_fc_4"": 20, ""new_fc_5"": 26, ""new_fc_6"": 1, ""new_fc_7"": 9, ""new_fc_8"": 7, ""new_fc_9"": 18, ""num_neurons"": 8, ""optimizer"": ""Adam"", ""reg_l2"": true, ""skip_connection"": false, ""unit_c1"": 3, ""unit_c2"": 1}"
200,89,accuracy,0.8340000063180923,0.16599999368190765,0.17425888,26138832.0,971580.0,-0.36392233157733533,4992.9797,"{""activation"": ""selu"", ""batch_size"": 64, ""data_augmentation"": true, ""dr_f"": 0.102032153134, ""learning_rate"": 0.000900597841, ""new_fc_1"": 0, ""new_fc_10"": 17, ""new_fc_2"": 26, ""new_fc_3"": 30, ""new_fc_4"": 23, ""new_fc_5"": 1, ""new_fc_6"": 17, ""new_fc_7"": 32, ""new_fc_8"": 11, ""new_fc_9"": 10, ""num_neurons"": 8, ""optimizer"": ""SGD"", ""reg_l2"": true, ""skip_connection"": false, ""unit_c1"": 2, ""unit_c2"": 7}"
201,90,accuracy,0.743800014257431,0.25619998574256897,0.4686774933333333,70301624.0,1820116.0,-0.3387367420197983,7478.8693,"{""activation"": ""swish"", ""batch_size"": 8, ""data_augmentation"": true, ""dr_f"": 0.313403675395, ""learning_rate"": 0.000139457364, ""new_fc_1"": 19, ""new_fc_10"": 30, ""new_fc_2"": 27, ""new_fc_3"": 23, ""new_fc_4"": 22, ""new_fc_5"": 2, ""new_fc_6"": 9, ""new_fc_7"": 29, ""new_fc_8"": 2, ""new_fc_9"": 31, ""num_neurons"": 16, ""optimizer"": ""Adamax"", ""reg_l2"": false, ""skip_connection"": false, ""unit_c1"": 3, ""unit_c2"": 3}"
202,91,accuracy,0.9912000000476837,0.008799999952316284,0.02556168,3834252.0,93244.0,-0.2984914959666214,7803.6629,"{""activation"": ""selu"", ""batch_size"": 16, ""data_augmentation"": false, ""dr_f"": 0.48591139224, ""learning_rate"": 0.000450850393, ""new_fc_1"": 31, ""new_fc_10"": 6, ""new_fc_2"": 14, ""new_fc_3"": 8, ""new_fc_4"": 14, ""new_fc_5"": 22, ""new_fc_6"": 23, ""new_fc_7"": 29, ""new_fc_8"": 20, ""new_fc_9"": 30, ""num_neurons"": 4, ""optimizer"": ""Adadelta"", ""reg_l2"": false, ""skip_connection"": false, ""unit_c1"": 3, ""unit_c2"": 1}"
203,92,accuracy,0.9900000002235174,0.009999999776482582,0.2737568533333333,41063528.0,805156.0,-0.2248729438435378,8009.4446,"{""activation"": ""relu"", ""batch_size"": 32, ""data_augmentation"": false, ""dr_f"": 0.173894592727, ""learning_rate"": 0.00040434094, ""new_fc_1"": 26, ""new_fc_10"": 28, ""new_fc_2"": 31, ""new_fc_3"": 14, ""new_fc_4"": 2, ""new_fc_5"": 1, ""new_fc_6"": 24, ""new_fc_7"": 4, ""new_fc_8"": 0, ""new_fc_9"": 0, ""num_neurons"": 8, ""optimizer"": ""Adam"", ""reg_l2"": true, ""skip_connection"": true, ""unit_c1"": 4, ""unit_c2"": 6}"
204,92,flops,,,0.81558128,122337192.0,2496820.0,,8010.5958,"{""activation"": ""selu"", ""batch_size"": 64, ""data_augmentation"": true, ""dr_f"": 0.209700270258, ""learning_rate"": 0.000792207823, ""new_fc_1"": 26, ""new_fc_10"": 9, ""new_fc_2"": 31, ""new_fc_3"": 26, ""new_fc_4"": 3, ""new_fc_5"": 15, ""new_fc_6"": 6, ""new_fc_7"": 23, ""new_fc_8"": 8, ""new_fc_9"": 26, ""num_neurons"": 16, ""optimizer"": ""Adadelta"", ""reg_l2"": true, ""skip_connection"": true, ""unit_c1"": 4, ""unit_c2"": 4}"
205,93,accuracy,0.9550999999046326,0.04490000009536743,0.04603173333333333,6904760.0,185636.0,-0.3176204800667572,9896.4147,"{""activation"": ""relu"", ""batch_size"": 8, ""data_augmentation"": false, ""dr_f"": 0.139148746831, ""learning_rate"": 0.000572371303, ""new_fc_1"": 3, ""new_fc_10"": 12, ""new_fc_2"": 18, ""new_fc_3"": 14, ""new_fc_4"": 29, ""new_fc_5"": 22, ""new_fc_6"": 24, ""new_fc_7"": 5, ""new_fc_8"": 11, ""new_fc_9"": 18, ""num_neurons"": 8, ""optimizer"": ""Adagrad"", ""reg_l2"": false, ""skip_connection"": false, ""unit_c1"": 2, ""unit_c2"": 1}"
206,94,accuracy,10000000000.0,,2.30539728,345809592.0,4989348.0,10000000000.0,9897.7134,"{""activation"": ""elu"", ""batch_size"": 16, ""data_augmentation"": false, ""dr_f"": 0.348464484957, ""learning_rate"": 0.0002253301, ""new_fc_1"": 16, ""new_fc_10"": 32, ""new_fc_2"": 7, ""new_fc_3"": 3, ""new_fc_4"": 29, ""new_fc_5"": 28, ""new_fc_6"": 23, ""new_fc_7"": 11, ""new_fc_8"": 16, ""new_fc_9"": 30, ""num_neurons"": 32, ""optimizer"": ""Adamax"", ""reg_l2"": false, ""skip_connection"": true, ""unit_c1"": 4, ""unit_c2"": 1}"
207,95,accuracy,0.912600003182888,0.08739999681711197,0.09776421333333334,14664632.0,972692.0,-0.3318507337719784,11003.7074,"{""activation"": ""selu"", ""batch_size"": 16, ""data_augmentation"": true, ""dr_f"": 0.375800524608, ""learning_rate"": 0.000858239825, ""new_fc_1"": 9, ""new_fc_10"": 25, ""new_fc_2"": 17, ""new_fc_3"": 18, ""new_fc_4"": 22, ""new_fc_5"": 14, ""new_fc_6"": 28, ""new_fc_7"": 9, ""new_fc_8"": 24, ""new_fc_9"": 8, ""num_neurons"": 16, ""optimizer"": ""Adagrad"", ""reg_l2"": true, ""skip_connection"": false, ""unit_c1"": 1, ""unit_c2"": 2}"
208,95,flops,,,4.774363466666666,716154520.0,30807204.0,,11006.3545,"{""activation"": ""relu"", ""batch_size"": 64, ""data_augmentation"": true, ""dr_f"": 0.468124215662, ""learning_rate"": 0.000376736428, ""new_fc_1"": 14, ""new_fc_10"": 28, ""new_fc_2"": 24, ""new_fc_3"": 19, ""new_fc_4"": 2, ""new_fc_5"": 12, ""new_fc_6"": 28, ""new_fc_7"": 7, ""new_fc_8"": 12, ""new_fc_9"": 31, ""num_neurons"": 64, ""optimizer"": ""SGD"", ""reg_l2"": true, ""skip_connection"": true, ""unit_c1"": 1, ""unit_c2"": 5}"
209,95,flops,,,0.03375213333333334,5062820.0,108332.0,,11007.5438,"{""activation"": ""swish"", ""batch_size"": 8, ""data_augmentation"": false, ""dr_f"": 0.410478835486, ""learning_rate"": 0.000777572784, ""new_fc_1"": 21, ""new_fc_10"": 0, ""new_fc_2"": 27, ""new_fc_3"": 5, ""new_fc_4"": 5, ""new_fc_5"": 28, ""new_fc_6"": 1, ""new_fc_7"": 17, ""new_fc_8"": 32, ""new_fc_9"": 17, ""num_neurons"": 4, ""optimizer"": ""Adadelta"", ""reg_l2"": true, ""skip_connection"": true, ""unit_c1"": 3, ""unit_c2"": 3}"
210,96,accuracy,10000000000.0,,6.325883466666666,948882520.0,34917924.0,10000000000.0,11010.0846,"{""activation"": ""swish"", ""batch_size"": 32, ""data_augmentation"": false, ""dr_f"": 0.279630492912, ""learning_rate"": 0.000862439477, ""new_fc_1"": 26, ""new_fc_10"": 19, ""new_fc_2"": 20, ""new_fc_3"": 27, ""new_fc_4"": 25, ""new_fc_5"": 31, ""new_fc_6"": 5, ""new_fc_7"": 31, ""new_fc_8"": 27, ""new_fc_9"": 29, ""num_neurons"": 64, ""optimizer"": ""Adamax"", ""reg_l2"": false, ""skip_connection"": false, ""unit_c1"": 3, ""unit_c2"": 2}"
211,97,accuracy,0.9435000009834766,0.05649999901652336,0.34257504,51386256.0,538172.0,-0.23677748731156634,13256.0935,"{""activation"": ""elu"", ""batch_size"": 8, ""data_augmentation"": false, ""dr_f"": 0.303857967647, ""learning_rate"": 0.000492971254, ""new_fc_1"": 10, ""new_fc_10"": 24, ""new_fc_2"": 3, ""new_fc_3"": 23, ""new_fc_4"": 10, ""new_fc_5"": 18, ""new_fc_6"": 18, ""new_fc_7"": 17, ""new_fc_8"": 14, ""new_fc_9"": 14, ""num_neurons"": 8, ""optimizer"": ""Adadelta"", ""reg_l2"": false, ""skip_connection"": true, ""unit_c1"": 4, ""unit_c2"": 8}"
212,98,accuracy,0.9900000002235174,0.009999999776482582,0.92854096,139281144.0,4106116.0,-0.028437711843537813,13641.4259,"{""activation"": ""swish"", ""batch_size"": 32, ""data_augmentation"": true, ""dr_f"": 0.25119401031, ""learning_rate"": 0.000509631692, ""new_fc_1"": 30, ""new_fc_10"": 5, ""new_fc_2"": 23, ""new_fc_3"": 5, ""new_fc_4"": 3, ""new_fc_5"": 29, ""new_fc_6"": 22, ""new_fc_7"": 2, ""new_fc_8"": 25, ""new_fc_9"": 6, ""num_neurons"": 16, ""optimizer"": ""Adagrad"", ""reg_l2"": true, ""skip_connection"": true, ""unit_c1"": 3, ""unit_c2"": 7}"
213,99,accuracy,0.8727000057697296,0.12729999423027039,0.81558128,122337192.0,2496820.0,-0.14443561196118926,14266.4671,"{""activation"": ""selu"", ""batch_size"": 64, ""data_augmentation"": true, ""dr_f"": 0.209700270258, ""learning_rate"": 0.000792207823, ""new_fc_1"": 26, ""new_fc_10"": 9, ""new_fc_2"": 31, ""new_fc_3"": 26, ""new_fc_4"": 3, ""new_fc_5"": 15, ""new_fc_6"": 6, ""new_fc_7"": 23, ""new_fc_8"": 8, ""new_fc_9"": 26, ""num_neurons"": 16, ""optimizer"": ""Adadelta"", ""reg_l2"": true, ""skip_connection"": true, ""unit_c1"": 4, ""unit_c2"": 4}"
214,100,accuracy,10000000000.0,,16.96771216,2545156824.0,74170532.0,10000000000.0,14270.2818,"{""activation"": ""relu"", ""batch_size"": 32, ""data_augmentation"": true, ""dr_f"": 0.394322947349, ""learning_rate"": 0.000502435902, ""new_fc_1"": 31, ""new_fc_10"": 7, ""new_fc_2"": 6, ""new_fc_3"": 17, ""new_fc_4"": 9, ""new_fc_5"": 14, ""new_fc_6"": 5, ""new_fc_7"": 24, ""new_fc_8"": 14, ""new_fc_9"": 11, ""num_neurons"": 64, ""optimizer"": ""SGD"", ""reg_l2"": false, ""skip_connection"": true, ""unit_c1"": 3, ""unit_c2"": 8}"
215,100,flops,,,0.01478264,2217396.0,67540.0,,1.5481,"{""activation"": ""elu"", ""batch_size"": 8, ""data_augmentation"": true, ""dr_f"": 0.366652681948, ""learning_rate"": 0.000982953691, ""new_fc_1"": 7, ""new_fc_10"": 4, ""new_fc_2"": 24, ""new_fc_3"": 31, ""new_fc_4"": 22, ""new_fc_5"": 11, ""new_fc_6"": 7, ""new_fc_7"": 8, ""new_fc_8"": 6, ""new_fc_9"": 7, ""num_neurons"": 4, ""optimizer"": ""Adagrad"", ""reg_l2"": true, ""skip_connection"": true, ""unit_c1"": 1, ""unit_c2"": 4}"
216,100,flops,,,20.708821066666665,3106323160.0,39686372.0,,4.0576,"{""activation"": ""elu"", ""batch_size"": 64, ""data_augmentation"": false, ""dr_f"": 0.395902453951, ""learning_rate"": 0.000829446029, ""new_fc_1"": 13, ""new_fc_10"": 1, ""new_fc_2"": 29, ""new_fc_3"": 3, ""new_fc_4"": 7, ""new_fc_5"": 27, ""new_fc_6"": 31, ""new_fc_7"": 2, ""new_fc_8"": 27, ""new_fc_9"": 14, ""num_neurons"": 64, ""optimizer"": ""Adam"", ""reg_l2"": true, ""skip_connection"": false, ""unit_c1"": 4, ""unit_c2"": 8}"
217,100,flops,,,0.053387946666666665,8008192.0,125652.0,,5.2063,"{""activation"": ""relu"", ""batch_size"": 16, ""data_augmentation"": false, ""dr_f"": 0.078632678323, ""learning_rate"": 0.000357464943, ""new_fc_1"": 11, ""new_fc_10"": 7, ""new_fc_2"": 8, ""new_fc_3"": 31, ""new_fc_4"": 8, ""new_fc_5"": 2, ""new_fc_6"": 32, ""new_fc_7"": 15, ""new_fc_8"": 1, ""new_fc_9"": 7, ""num_neurons"": 4, ""optimizer"": ""Adadelta"", ""reg_l2"": true, ""skip_connection"": true, ""unit_c1"": 2, ""unit_c2"": 8}"
218,101,accuracy,0.9901000000536442,0.00989999994635582,0.01687032,2530548.0,112392.0,-0.3018689039624491,811.2415,"{""activation"": ""relu"", ""batch_size"": 8, ""data_augmentation"": true, ""dr_f"": 0.250651969837, ""learning_rate"": 0.000140029963, ""new_fc_1"": 25, ""new_fc_10"": 1, ""new_fc_2"": 30, ""new_fc_3"": 22, ""new_fc_4"": 15, ""new_fc_5"": 1, ""new_fc_6"": 19, ""new_fc_7"": 26, ""new_fc_8"": 25, ""new_fc_9"": 27, ""num_neurons"": 4, ""optimizer"": ""Adadelta"", ""reg_l2"": true, ""skip_connection"": true, ""unit_c1"": 2, ""unit_c2"": 2}"
219,102,accuracy,0.9859999995678663,0.014000000432133675,0.22013786666666665,33020680.0,1218516.0,-0.24375864030249356,1856.7112,"{""activation"": ""swish"", ""batch_size"": 8, ""data_augmentation"": false, ""dr_f"": 0.038948284719, ""learning_rate"": 0.000634516288, ""new_fc_1"": 16, ""new_fc_10"": 22, ""new_fc_2"": 15, ""new_fc_3"": 12, ""new_fc_4"": 17, ""new_fc_5"": 13, ""new_fc_6"": 30, ""new_fc_7"": 16, ""new_fc_8"": 10, ""new_fc_9"": 18, ""num_neurons"": 16, ""optimizer"": ""SGD"", ""reg_l2"": false, ""skip_connection"": true, ""unit_c1"": 2, ""unit_c2"": 2}"
220,103,accuracy,0.9907999997958541,0.009200000204145908,0.053387946666666665,8008192.0,125652.0,-0.29042361614290213,2301.8431,"{""activation"": ""relu"", ""batch_size"": 16, ""data_augmentation"": false, ""dr_f"": 0.078632678323, ""learning_rate"": 0.000357464943, ""new_fc_1"": 11, ""new_fc_10"": 7, ""new_fc_2"": 8, ""new_fc_3"": 31, ""new_fc_4"": 8, ""new_fc_5"": 2, ""new_fc_6"": 32, ""new_fc_7"": 15, ""new_fc_8"": 1, ""new_fc_9"": 7, ""num_neurons"": 4, ""optimizer"": ""Adadelta"", ""reg_l2"": true, ""skip_connection"": true, ""unit_c1"": 2, ""unit_c2"": 8}"
221,103,flops,,,0.18789925333333332,28184888.0,1698836.0,,2303.0208,"{""activation"": ""selu"", ""batch_size"": 32, ""data_augmentation"": true, ""dr_f"": 0.202730875579, ""learning_rate"": 0.000554355189, ""new_fc_1"": 29, ""new_fc_10"": 18, ""new_fc_2"": 16, ""new_fc_3"": 10, ""new_fc_4"": 12, ""new_fc_5"": 26, ""new_fc_6"": 26, ""new_fc_7"": 32, ""new_fc_8"": 26, ""new_fc_9"": 27, ""num_neurons"": 16, ""optimizer"": ""Adagrad"", ""reg_l2"": true, ""skip_connection"": true, ""unit_c1"": 2, ""unit_c2"": 1}"
222,103,flops,,,0.7960972266666667,119414584.0,868996.0,,2304.1813,"{""activation"": ""swish"", ""batch_size"": 64, ""data_augmentation"": false, ""dr_f"": 0.360135672253, ""learning_rate"": 0.00021498722, ""new_fc_1"": 2, ""new_fc_10"": 5, ""new_fc_2"": 22, ""new_fc_3"": 32, ""new_fc_4"": 17, ""new_fc_5"": 18, ""new_fc_6"": 13, ""new_fc_7"": 32, ""new_fc_8"": 1, ""new_fc_9"": 20, ""num_neurons"": 16, ""optimizer"": ""Adamax"", ""reg_l2"": true, ""skip_connection"": true, ""unit_c1"": 4, ""unit_c2"": 4}"
223,103,flops,,,0.06378176,9567264.0,148024.0,,2305.2862,"{""activation"": ""relu"", ""batch_size"": 8, ""data_augmentation"": true, ""dr_f"": 0.246769549378, ""learning_rate"": 0.000142315402, ""new_fc_1"": 20, ""new_fc_10"": 8, ""new_fc_2"": 18, ""new_fc_3"": 27, ""new_fc_4"": 26, ""new_fc_5"": 8, ""new_fc_6"": 15, ""new_fc_7"": 3, ""new_fc_8"": 10, ""new_fc_9"": 3, ""num_neurons"": 4, ""optimizer"": ""Adam"", ""reg_l2"": true, ""skip_connection"": true, ""unit_c1"": 4, ""unit_c2"": 5}"
224,103,flops,,,4.70596496,705894744.0,25675876.0,,2307.2971,"{""activation"": ""relu"", ""batch_size"": 8, ""data_augmentation"": false, ""dr_f"": 0.076385685852, ""learning_rate"": 0.000428177545, ""new_fc_1"": 13, ""new_fc_10"": 3, ""new_fc_2"": 15, ""new_fc_3"": 23, ""new_fc_4"": 20, ""new_fc_5"": 14, ""new_fc_6"": 18, ""new_fc_7"": 7, ""new_fc_8"": 6, ""new_fc_9"": 13, ""num_neurons"": 64, ""optimizer"": ""SGD"", ""reg_l2"": false, ""skip_connection"": true, ""unit_c1"": 1, ""unit_c2"": 5}"
225,104,accuracy,0.7019999921321869,0.2980000078678131,0.014225066666666666,2133760.0,133004.0,-0.5043324855074691,2692.2879,"{""activation"": ""elu"", ""batch_size"": 64, ""data_augmentation"": true, ""dr_f"": 0.101569945229, ""learning_rate"": 0.000362826381, ""new_fc_1"": 32, ""new_fc_10"": 30, ""new_fc_2"": 26, ""new_fc_3"": 29, ""new_fc_4"": 23, ""new_fc_5"": 29, ""new_fc_6"": 25, ""new_fc_7"": 18, ""new_fc_8"": 19, ""new_fc_9"": 19, ""num_neurons"": 4, ""optimizer"": ""Adamax"", ""reg_l2"": false, ""skip_connection"": false, ""unit_c1"": 2, ""unit_c2"": 1}"
226,105,accuracy,0.9649999998509884,0.03500000014901161,0.013701226666666667,2055184.0,51632.0,-0.32038963210430815,2957.2632,"{""activation"": ""selu"", ""batch_size"": 64, ""data_augmentation"": true, ""dr_f"": 0.438471729531, ""learning_rate"": 0.000614916684, ""new_fc_1"": 6, ""new_fc_10"": 27, ""new_fc_2"": 18, ""new_fc_3"": 15, ""new_fc_4"": 30, ""new_fc_5"": 1, ""new_fc_6"": 22, ""new_fc_7"": 18, ""new_fc_8"": 21, ""new_fc_9"": 8, ""num_neurons"": 4, ""optimizer"": ""Adamax"", ""reg_l2"": false, ""skip_connection"": true, ""unit_c1"": 2, ""unit_c2"": 1}"
227,106,accuracy,10000000000.0,,9.93399696,1490099544.0,21347684.0,10000000000.0,2960.288,"{""activation"": ""relu"", ""batch_size"": 64, ""data_augmentation"": true, ""dr_f"": 0.113166413628, ""learning_rate"": 0.000375770009, ""new_fc_1"": 25, ""new_fc_10"": 28, ""new_fc_2"": 1, ""new_fc_3"": 1, ""new_fc_4"": 30, ""new_fc_5"": 32, ""new_fc_6"": 0, ""new_fc_7"": 19, ""new_fc_8"": 3, ""new_fc_9"": 1, ""num_neurons"": 64, ""optimizer"": ""Adadelta"", ""reg_l2"": false, ""skip_connection"": false, ""unit_c1"": 4, ""unit_c2"": 2}"
228,107,accuracy,10000000000.0,,2.4582248,368733720.0,31918308.0,10000000000.0,2962.2922,"{""activation"": ""selu"", ""batch_size"": 32, ""data_augmentation"": false, ""dr_f"": 0.367967057224, ""learning_rate"": 0.000583968253, ""new_fc_1"": 20, ""new_fc_10"": 28, ""new_fc_2"": 17, ""new_fc_3"": 9, ""new_fc_4"": 23, ""new_fc_5"": 27, ""new_fc_6"": 19, ""new_fc_7"": 9, ""new_fc_8"": 27, ""new_fc_9"": 28, ""num_neurons"": 64, ""optimizer"": ""Adamax"", ""reg_l2"": false, ""skip_connection"": false, ""unit_c1"": 1, ""unit_c2"": 3}"
229,108,accuracy,0.9900000002235174,0.009999999776482582,0.7960972266666667,119414584.0,868996.0,-0.06817083184353778,3227.6179,"{""activation"": ""swish"", ""batch_size"": 64, ""data_augmentation"": false, ""dr_f"": 0.360135672253, ""learning_rate"": 0.00021498722, ""new_fc_1"": 2, ""new_fc_10"": 5, ""new_fc_2"": 22, ""new_fc_3"": 32, ""new_fc_4"": 17, ""new_fc_5"": 18, ""new_fc_6"": 13, ""new_fc_7"": 32, ""new_fc_8"": 1, ""new_fc_9"": 20, ""num_neurons"": 16, ""optimizer"": ""Adamax"", ""reg_l2"": true, ""skip_connection"": true, ""unit_c1"": 4, ""unit_c2"": 4}"
230,108,flops,,,0.028041013333333333,4206152.0,57232.0,,3228.7591,"{""activation"": ""selu"", ""batch_size"": 8, ""data_augmentation"": false, ""dr_f"": 0.42051575217, ""learning_rate"": 0.000786237842, ""new_fc_1"": 5, ""new_fc_10"": 31, ""new_fc_2"": 11, ""new_fc_3"": 9, ""new_fc_4"": 27, ""new_fc_5"": 22, ""new_fc_6"": 16, ""new_fc_7"": 5, ""new_fc_8"": 14, ""new_fc_9"": 0, ""num_neurons"": 4, ""optimizer"": ""Adamax"", ""reg_l2"": false, ""skip_connection"": false, ""unit_c1"": 3, ""unit_c2"": 2}"
231,108,flops,,,0.07294026666666667,10941040.0,265524.0,,3229.8116,"{""activation"": ""elu"", ""batch_size"": 8, ""data_augmentation"": false, ""dr_f"": 0.47669798054, ""learning_rate"": 0.000165054647, ""new_fc_1"": 11, ""new_fc_10"": 5, ""new_fc_2"": 14, ""new_fc_3"": 23, ""new_fc_4"": 12, ""new_fc_5"": 17, ""new_fc_6"": 11, ""new_fc_7"": 11, ""new_fc_8"": 30, ""new_fc_9"": 5, ""num_neurons"": 8, ""optimizer"": ""Adamax"", ""reg_l2"": false, ""skip_connection"": true, ""unit_c1"": 2, ""unit_c2"": 3}"
232,109,accuracy,0.7704000025987625,0.2295999974012375,0.23699749333333334,35549624.0,2703652.0,-0.3896207501808662,4334.6589,"{""activation"": ""elu"", ""batch_size"": 16, ""data_augmentation"": true, ""dr_f"": 0.147159169877, ""learning_rate"": 0.000144074857, ""new_fc_1"": 12, ""new_fc_10"": 21, ""new_fc_2"": 9, ""new_fc_3"": 19, ""new_fc_4"": 18, ""new_fc_5"": 5, ""new_fc_6"": 20, ""new_fc_7"": 25, ""new_fc_8"": 5, ""new_fc_9"": 13, ""num_neurons"": 32, ""optimizer"": ""SGD"", ""reg_l2"": false, ""skip_connection"": false, ""unit_c1"": 1, ""unit_c2"": 1}"
233,110,accuracy,10000000000.0,,3.6004010133333333,540060152.0,11857540.0,10000000000.0,4337.2683,"{""activation"": ""elu"", ""batch_size"": 8, ""data_augmentation"": false, ""dr_f"": 0.178038085069, ""learning_rate"": 0.000104587476, ""new_fc_1"": 18, ""new_fc_10"": 1, ""new_fc_2"": 16, ""new_fc_3"": 30, ""new_fc_4"": 3, ""new_fc_5"": 25, ""new_fc_6"": 24, ""new_fc_7"": 28, ""new_fc_8"": 10, ""new_fc_9"": 26, ""num_neurons"": 32, ""optimizer"": ""Adadelta"", ""reg_l2"": false, ""skip_connection"": true, ""unit_c1"": 3, ""unit_c2"": 7}"
234,111,accuracy,0.975899999961257,0.02410000003874302,0.05696917333333333,8545376.0,394580.0,-0.29977924802712014,4603.114,"{""activation"": ""elu"", ""batch_size"": 32, ""data_augmentation"": false, ""dr_f"": 0.24508321891, ""learning_rate"": 0.00080212494, ""new_fc_1"": 14, ""new_fc_10"": 2, ""new_fc_2"": 18, ""new_fc_3"": 11, ""new_fc_4"": 4, ""new_fc_5"": 10, ""new_fc_6"": 16, ""new_fc_7"": 32, ""new_fc_8"": 24, ""new_fc_9"": 14, ""num_neurons"": 8, ""optimizer"": ""SGD"", ""reg_l2"": true, ""skip_connection"": true, ""unit_c1"": 1, ""unit_c2"": 4}"
235,111,flops,,,0.04130688,6196032.0,416316.0,,4604.4181,"{""activation"": ""elu"", ""batch_size"": 32, ""data_augmentation"": false, ""dr_f"": 0.115833331164, ""learning_rate"": 0.000904056305, ""new_fc_1"": 23, ""new_fc_10"": 13, ""new_fc_2"": 9, ""new_fc_3"": 31, ""new_fc_4"": 20, ""new_fc_5"": 18, ""new_fc_6"": 0, ""new_fc_7"": 13, ""new_fc_8"": 5, ""new_fc_9"": 1, ""num_neurons"": 8, ""optimizer"": ""Adam"", ""reg_l2"": false, ""skip_connection"": true, ""unit_c1"": 1, ""unit_c2"": 3}"
236,112,accuracy,10000000000.0,,4.640580213333333,696087032.0,4151396.0,10000000000.0,4605.5695,"{""activation"": ""swish"", ""batch_size"": 64, ""data_augmentation"": true, ""dr_f"": 0.171301409016, ""learning_rate"": 0.000881472239, ""new_fc_1"": 5, ""new_fc_10"": 14, ""new_fc_2"": 19, ""new_fc_3"": 15, ""new_fc_4"": 2, ""new_fc_5"": 8, ""new_fc_6"": 18, ""new_fc_7"": 3, ""new_fc_8"": 21, ""new_fc_9"": 6, ""num_neurons"": 32, ""optimizer"": ""SGD"", ""reg_l2"": true, ""skip_connection"": true, ""unit_c1"": 4, ""unit_c2"": 7}"
237,112,flops,,,0.06067832,9101748.0,152272.0,,4606.8728,"{""activation"": ""elu"", ""batch_size"": 64, ""data_augmentation"": true, ""dr_f"": 0.478184225911, ""learning_rate"": 0.000112579942, ""new_fc_1"": 15, ""new_fc_10"": 3, ""new_fc_2"": 3, ""new_fc_3"": 29, ""new_fc_4"": 3, ""new_fc_5"": 6, ""new_fc_6"": 7, ""new_fc_7"": 22, ""new_fc_8"": 30, ""new_fc_9"": 25, ""num_neurons"": 4, ""optimizer"": ""SGD"", ""reg_l2"": false, ""skip_connection"": true, ""unit_c1"": 3, ""unit_c2"": 7}"
238,112,flops,,,0.7897770133333334,118466552.0,831236.0,,4608.1318,"{""activation"": ""relu"", ""batch_size"": 16, ""data_augmentation"": true, ""dr_f"": 0.267527180052, ""learning_rate"": 0.00042171308, ""new_fc_1"": 4, ""new_fc_10"": 7, ""new_fc_2"": 21, ""new_fc_3"": 27, ""new_fc_4"": 14, ""new_fc_5"": 4, ""new_fc_6"": 11, ""new_fc_7"": 2, ""new_fc_8"": 15, ""new_fc_9"": 25, ""num_neurons"": 16, ""optimizer"": ""SGD"", ""reg_l2"": false, ""skip_connection"": false, ""unit_c1"": 4, ""unit_c2"": 4}"
239,112,flops,,,0.03805464,5708196.0,144300.0,,4609.2217,"{""activation"": ""selu"", ""batch_size"": 16, ""data_augmentation"": false, ""dr_f"": 0.332099867633, ""learning_rate"": 0.00060951428, ""new_fc_1"": 23, ""new_fc_10"": 26, ""new_fc_2"": 13, ""new_fc_3"": 3, ""new_fc_4"": 29, ""new_fc_5"": 19, ""new_fc_6"": 1, ""new_fc_7"": 24, ""new_fc_8"": 22, ""new_fc_9"": 11, ""num_neurons"": 4, ""optimizer"": ""SGD"", ""reg_l2"": true, ""skip_connection"": false, ""unit_c1"": 3, ""unit_c2"": 4}"
240,112,flops,,,0.5801157866666666,87017368.0,988228.0,,4610.3688,"{""activation"": ""elu"", ""batch_size"": 16, ""data_augmentation"": false, ""dr_f"": 0.122528712028, ""learning_rate"": 0.00068394744, ""new_fc_1"": 30, ""new_fc_10"": 19, ""new_fc_2"": 10, ""new_fc_3"": 17, ""new_fc_4"": 12, ""new_fc_5"": 18, ""new_fc_6"": 5, ""new_fc_7"": 26, ""new_fc_8"": 8, ""new_fc_9"": 11, ""num_neurons"": 16, ""optimizer"": ""Adamax"", ""reg_l2"": false, ""skip_connection"": false, ""unit_c1"": 4, ""unit_c2"": 1}"
241,113,accuracy,0.9881999995559454,0.011800000444054604,0.01478264,2217396.0,67540.0,-0.30382520831083826,5355.8482,"{""activation"": ""elu"", ""batch_size"": 8, ""data_augmentation"": true, ""dr_f"": 0.366652681948, ""learning_rate"": 0.000982953691, ""new_fc_1"": 7, ""new_fc_10"": 4, ""new_fc_2"": 24, ""new_fc_3"": 31, ""new_fc_4"": 22, ""new_fc_5"": 11, ""new_fc_6"": 7, ""new_fc_7"": 8, ""new_fc_8"": 6, ""new_fc_9"": 7, ""num_neurons"": 4, ""optimizer"": ""Adagrad"", ""reg_l2"": true, ""skip_connection"": true, ""unit_c1"": 1, ""unit_c2"": 4}"
242,113,flops,,,0.04196,6294000.0,465452.0,,5356.9162,"{""activation"": ""relu"", ""batch_size"": 16, ""data_augmentation"": false, ""dr_f"": 0.43555439338, ""learning_rate"": 0.000184220205, ""new_fc_1"": 21, ""new_fc_10"": 0, ""new_fc_2"": 22, ""new_fc_3"": 12, ""new_fc_4"": 24, ""new_fc_5"": 29, ""new_fc_6"": 23, ""new_fc_7"": 18, ""new_fc_8"": 1, ""new_fc_9"": 21, ""num_neurons"": 8, ""optimizer"": ""SGD"", ""reg_l2"": true, ""skip_connection"": true, ""unit_c1"": 1, ""unit_c2"": 3}"
243,113,flops,,,0.05176752,7765128.0,214896.0,,5358.1082,"{""activation"": ""relu"", ""batch_size"": 32, ""data_augmentation"": false, ""dr_f"": 0.480640637682, ""learning_rate"": 0.000866329145, ""new_fc_1"": 30, ""new_fc_10"": 15, ""new_fc_2"": 15, ""new_fc_3"": 2, ""new_fc_4"": 28, ""new_fc_5"": 5, ""new_fc_6"": 3, ""new_fc_7"": 17, ""new_fc_8"": 5, ""new_fc_9"": 4, ""num_neurons"": 4, ""optimizer"": ""Adagrad"", ""reg_l2"": false, ""skip_connection"": false, ""unit_c1"": 3, ""unit_c2"": 6}"
244,114,accuracy,0.9925999999977648,0.007400000002235174,0.03375213333333334,5062820.0,108332.0,-0.2950543600015646,6163.3814,"{""activation"": ""swish"", ""batch_size"": 8, ""data_augmentation"": false, ""dr_f"": 0.410478835486, ""learning_rate"": 0.000777572784, ""new_fc_1"": 21, ""new_fc_10"": 0, ""new_fc_2"": 27, ""new_fc_3"": 5, ""new_fc_4"": 5, ""new_fc_5"": 28, ""new_fc_6"": 1, ""new_fc_7"": 17, ""new_fc_8"": 32, ""new_fc_9"": 17, ""num_neurons"": 4, ""optimizer"": ""Adadelta"", ""reg_l2"": true, ""skip_connection"": true, ""unit_c1"": 3, ""unit_c2"": 3}"
245,114,flops,,,1.0641885333333334,159628280.0,3096676.0,,6164.6775,"{""activation"": ""elu"", ""batch_size"": 16, ""data_augmentation"": true, ""dr_f"": 0.198425702511, ""learning_rate"": 0.000957926904, ""new_fc_1"": 9, ""new_fc_10"": 6, ""new_fc_2"": 0, ""new_fc_3"": 2, ""new_fc_4"": 13, ""new_fc_5"": 5, ""new_fc_6"": 13, ""new_fc_7"": 31, ""new_fc_8"": 0, ""new_fc_9"": 14, ""num_neurons"": 32, ""optimizer"": ""Adamax"", ""reg_l2"": true, ""skip_connection"": true, ""unit_c1"": 2, ""unit_c2"": 3}"
246,115,accuracy,10000000000.0,,12.986183413333332,1947927512.0,67168612.0,10000000000.0,6170.0005,"{""activation"": ""selu"", ""batch_size"": 8, ""data_augmentation"": false, ""dr_f"": 0.080798877711, ""learning_rate"": 0.000514586593, ""new_fc_1"": 25, ""new_fc_10"": 3, ""new_fc_2"": 25, ""new_fc_3"": 9, ""new_fc_4"": 9, ""new_fc_5"": 11, ""new_fc_6"": 23, ""new_fc_7"": 24, ""new_fc_8"": 18, ""new_fc_9"": 27, ""num_neurons"": 64, ""optimizer"": ""SGD"", ""reg_l2"": false, ""skip_connection"": false, ""unit_c1"": 2, ""unit_c2"": 8}"
247,116,accuracy,0.9939999999478459,0.006000000052154064,0.10814117333333334,16221176.0,374348.0,-0.2717576480365078,6315.4051,"{""activation"": ""swish"", ""batch_size"": 64, ""data_augmentation"": false, ""dr_f"": 0.226265372498, ""learning_rate"": 0.000790227027, ""new_fc_1"": 27, ""new_fc_10"": 12, ""new_fc_2"": 21, ""new_fc_3"": 17, ""new_fc_4"": 1, ""new_fc_5"": 3, ""new_fc_6"": 31, ""new_fc_7"": 13, ""new_fc_8"": 22, ""new_fc_9"": 9, ""num_neurons"": 8, ""optimizer"": ""SGD"", ""reg_l2"": true, ""skip_connection"": true, ""unit_c1"": 3, ""unit_c2"": 2}"
248,117,accuracy,0.9900000002235174,0.009999999776482582,0.032639546666666665,4895932.0,93916.0,-0.29720813584353784,7061.6832,"{""activation"": ""swish"", ""batch_size"": 8, ""data_augmentation"": false, ""dr_f"": 0.492922247257, ""learning_rate"": 0.000736743418, ""new_fc_1"": 4, ""new_fc_10"": 18, ""new_fc_2"": 29, ""new_fc_3"": 32, ""new_fc_4"": 4, ""new_fc_5"": 32, ""new_fc_6"": 25, ""new_fc_7"": 9, ""new_fc_8"": 19, ""new_fc_9"": 15, ""num_neurons"": 4, ""optimizer"": ""Adagrad"", ""reg_l2"": false, ""skip_connection"": false, ""unit_c1"": 1, ""unit_c2"": 7}"
249,117,flops,,,0.11953456,17930184.0,747228.0,,7062.8914,"{""activation"": ""elu"", ""batch_size"": 8, ""data_augmentation"": true, ""dr_f"": 0.103966192761, ""learning_rate"": 0.000344284553, ""new_fc_1"": 25, ""new_fc_10"": 32, ""new_fc_2"": 9, ""new_fc_3"": 18, ""new_fc_4"": 18, ""new_fc_5"": 20, ""new_fc_6"": 16, ""new_fc_7"": 11, ""new_fc_8"": 20, ""new_fc_9"": 21, ""num_neurons"": 8, ""optimizer"": ""SGD"", ""reg_l2"": true, ""skip_connection"": true, ""unit_c1"": 2, ""unit_c2"": 5}"
250,118,accuracy,0.9873999999836087,0.012600000016391277,0.7897770133333334,118466552.0,831236.0,-0.07188689601147388,7567.7794,"{""activation"": ""relu"", ""batch_size"": 16, ""data_augmentation"": true, ""dr_f"": 0.267527180052, ""learning_rate"": 0.00042171308, ""new_fc_1"": 4, ""new_fc_10"": 7, ""new_fc_2"": 21, ""new_fc_3"": 27, ""new_fc_4"": 14, ""new_fc_5"": 4, ""new_fc_6"": 11, ""new_fc_7"": 2, ""new_fc_8"": 15, ""new_fc_9"": 25, ""num_neurons"": 16, ""optimizer"": ""SGD"", ""reg_l2"": false, ""skip_connection"": false, ""unit_c1"": 4, ""unit_c2"": 4}"
251,119,accuracy,0.9900000002235174,0.009999999776482582,0.11002970666666667,16504456.0,1688580.0,-0.2739910878435378,8374.2507,"{""activation"": ""relu"", ""batch_size"": 8, ""data_augmentation"": true, ""dr_f"": 0.11491514249, ""learning_rate"": 0.000994727617, ""new_fc_1"": 20, ""new_fc_10"": 24, ""new_fc_2"": 27, ""new_fc_3"": 25, ""new_fc_4"": 0, ""new_fc_5"": 25, ""new_fc_6"": 25, ""new_fc_7"": 29, ""new_fc_8"": 17, ""new_fc_9"": 3, ""num_neurons"": 16, ""optimizer"": ""Adamax"", ""reg_l2"": true, ""skip_connection"": true, ""unit_c1"": 1, ""unit_c2"": 2}"
252,120,accuracy,0.6983999907970428,0.30160000920295715,0.04130688,6196032.0,416316.0,-0.49872794244206997,8819.3356,"{""activation"": ""elu"", ""batch_size"": 32, ""data_augmentation"": false, ""dr_f"": 0.115833331164, ""learning_rate"": 0.000904056305, ""new_fc_1"": 23, ""new_fc_10"": 13, ""new_fc_2"": 9, ""new_fc_3"": 31, ""new_fc_4"": 20, ""new_fc_5"": 18, ""new_fc_6"": 0, ""new_fc_7"": 13, ""new_fc_8"": 5, ""new_fc_9"": 1, ""num_neurons"": 8, ""optimizer"": ""Adam"", ""reg_l2"": false, ""skip_connection"": true, ""unit_c1"": 1, ""unit_c2"": 3}"
253,121,accuracy,0.9886999996379018,0.011300000362098217,0.11499008,17248512.0,645164.0,-0.2734129762534688,9144.0328,"{""activation"": ""relu"", ""batch_size"": 16, ""data_augmentation"": true, ""dr_f"": 0.118470061342, ""learning_rate"": 0.000153081575, ""new_fc_1"": 22, ""new_fc_10"": 6, ""new_fc_2"": 26, ""new_fc_3"": 31, ""new_fc_4"": 5, ""new_fc_5"": 4, ""new_fc_6"": 17, ""new_fc_7"": 9, ""new_fc_8"": 18, ""new_fc_9"": 27, ""num_neurons"": 8, ""optimizer"": ""Adagrad"", ""reg_l2"": false, ""skip_connection"": false, ""unit_c1"": 2, ""unit_c2"": 5}"
254,122,accuracy,0.9900000002235174,0.009999999776482582,0.06378176,9567264.0,148024.0,-0.28786547184353783,9889.3565,"{""activation"": ""relu"", ""batch_size"": 8, ""data_augmentation"": true, ""dr_f"": 0.246769549378, ""learning_rate"": 0.000142315402, ""new_fc_1"": 20, ""new_fc_10"": 8, ""new_fc_2"": 18, ""new_fc_3"": 27, ""new_fc_4"": 26, ""new_fc_5"": 8, ""new_fc_6"": 15, ""new_fc_7"": 3, ""new_fc_8"": 10, ""new_fc_9"": 3, ""num_neurons"": 4, ""optimizer"": ""Adam"", ""reg_l2"": true, ""skip_connection"": true, ""unit_c1"": 4, ""unit_c2"": 5}"
255,123,accuracy,0.9900000002235174,0.009999999776482582,0.05176752,7765128.0,214896.0,-0.29146974384353785,10093.9897,"{""activation"": ""relu"", ""batch_size"": 32, ""data_augmentation"": false, ""dr_f"": 0.480640637682, ""learning_rate"": 0.000866329145, ""new_fc_1"": 30, ""new_fc_10"": 15, ""new_fc_2"": 15, ""new_fc_3"": 2, ""new_fc_4"": 28, ""new_fc_5"": 5, ""new_fc_6"": 3, ""new_fc_7"": 17, ""new_fc_8"": 5, ""new_fc_9"": 4, ""num_neurons"": 4, ""optimizer"": ""Adagrad"", ""reg_l2"": false, ""skip_connection"": false, ""unit_c1"": 3, ""unit_c2"": 6}"
256,124,accuracy,10000000000.0,,3.1876863466666667,478152952.0,9248644.0,10000000000.0,10096.5807,"{""activation"": ""selu"", ""batch_size"": 64, ""data_augmentation"": true, ""dr_f"": 0.371002180232, ""learning_rate"": 0.000249956883, ""new_fc_1"": 20, ""new_fc_10"": 14, ""new_fc_2"": 14, ""new_fc_3"": 25, ""new_fc_4"": 30, ""new_fc_5"": 2, ""new_fc_6"": 21, ""new_fc_7"": 20, ""new_fc_8"": 27, ""new_fc_9"": 24, ""num_neurons"": 32, ""optimizer"": ""Adadelta"", ""reg_l2"": true, ""skip_connection"": false, ""unit_c1"": 4, ""unit_c2"": 4}"
257,125,accuracy,0.9900000002235174,0.009999999776482582,0.20680192,31020288.0,354172.0,-0.2449594238435378,10242.7207,"{""activation"": ""swish"", ""batch_size"": 64, ""data_augmentation"": false, ""dr_f"": 0.191743134427, ""learning_rate"": 0.000393023822, ""new_fc_1"": 13, ""new_fc_10"": 32, ""new_fc_2"": 20, ""new_fc_3"": 19, ""new_fc_4"": 6, ""new_fc_5"": 8, ""new_fc_6"": 7, ""new_fc_7"": 19, ""new_fc_8"": 1, ""new_fc_9"": 10, ""num_neurons"": 8, ""optimizer"": ""Adam"", ""reg_l2"": true, ""skip_connection"": false, ""unit_c1"": 4, ""unit_c2"": 4}"
258,126,accuracy,0.9900000002235174,0.009999999776482582,0.028314533333333333,4247180.0,48540.0,-0.29850563984353784,205.8176,"{""activation"": ""swish"", ""batch_size"": 32, ""data_augmentation"": true, ""dr_f"": 0.330091372592, ""learning_rate"": 0.000119661799, ""new_fc_1"": 1, ""new_fc_10"": 9, ""new_fc_2"": 6, ""new_fc_3"": 19, ""new_fc_4"": 22, ""new_fc_5"": 0, ""new_fc_6"": 27, ""new_fc_7"": 0, ""new_fc_8"": 30, ""new_fc_9"": 13, ""num_neurons"": 4, ""optimizer"": ""Adamax"", ""reg_l2"": true, ""skip_connection"": false, ""unit_c1"": 3, ""unit_c2"": 2}"
259,126,flops,,,9.95077008,1492615512.0,22606436.0,,207.7561,"{""activation"": ""selu"", ""batch_size"": 32, ""data_augmentation"": false, ""dr_f"": 0.345460528243, ""learning_rate"": 0.000820187479, ""new_fc_1"": 25, ""new_fc_10"": 19, ""new_fc_2"": 21, ""new_fc_3"": 1, ""new_fc_4"": 29, ""new_fc_5"": 19, ""new_fc_6"": 17, ""new_fc_7"": 14, ""new_fc_8"": 15, ""new_fc_9"": 4, ""num_neurons"": 64, ""optimizer"": ""Adam"", ""reg_l2"": true, ""skip_connection"": false, ""unit_c1"": 4, ""unit_c2"": 2}"
260,126,flops,,,8.293467893333334,1244020184.0,13702308.0,,209.4463,"{""activation"": ""relu"", ""batch_size"": 32, ""data_augmentation"": false, ""dr_f"": 0.122195440071, ""learning_rate"": 0.000346009503, ""new_fc_1"": 6, ""new_fc_10"": 7, ""new_fc_2"": 6, ""new_fc_3"": 11, ""new_fc_4"": 12, ""new_fc_5"": 19, ""new_fc_6"": 32, ""new_fc_7"": 8, ""new_fc_8"": 1, ""new_fc_9"": 16, ""num_neurons"": 64, ""optimizer"": ""Adamax"", ""reg_l2"": true, ""skip_connection"": false, ""unit_c1"": 3, ""unit_c2"": 4}"
261,127,accuracy,0.9900000002235174,0.009999999776482582,0.016677946666666665,2501692.0,131760.0,-0.3019966158435378,414.4126,"{""activation"": ""relu"", ""batch_size"": 32, ""data_augmentation"": true, ""dr_f"": 0.237452039251, ""learning_rate"": 0.000347442918, ""new_fc_1"": 26, ""new_fc_10"": 22, ""new_fc_2"": 21, ""new_fc_3"": 26, ""new_fc_4"": 17, ""new_fc_5"": 23, ""new_fc_6"": 27, ""new_fc_7"": 0, ""new_fc_8"": 17, ""new_fc_9"": 30, ""num_neurons"": 4, ""optimizer"": ""Adamax"", ""reg_l2"": true, ""skip_connection"": false, ""unit_c1"": 2, ""unit_c2"": 2}"
262,127,flops,,,7.032569333333333,1054885400.0,43300004.0,,417.2107,"{""activation"": ""swish"", ""batch_size"": 64, ""data_augmentation"": false, ""dr_f"": 0.292504001036, ""learning_rate"": 0.000870432684, ""new_fc_1"": 29, ""new_fc_10"": 6, ""new_fc_2"": 8, ""new_fc_3"": 11, ""new_fc_4"": 5, ""new_fc_5"": 1, ""new_fc_6"": 7, ""new_fc_7"": 13, ""new_fc_8"": 6, ""new_fc_9"": 31, ""num_neurons"": 64, ""optimizer"": ""Adadelta"", ""reg_l2"": true, ""skip_connection"": false, ""unit_c1"": 2, ""unit_c2"": 5}"
263,128,accuracy,10000000000.0,,14.07898384,2111847576.0,29896356.0,10000000000.0,420.6276,"{""activation"": ""relu"", ""batch_size"": 16, ""data_augmentation"": true, ""dr_f"": 0.273877396155, ""learning_rate"": 0.000562723238, ""new_fc_1"": 9, ""new_fc_10"": 26, ""new_fc_2"": 12, ""new_fc_3"": 2, ""new_fc_4"": 11, ""new_fc_5"": 4, ""new_fc_6"": 9, ""new_fc_7"": 32, ""new_fc_8"": 24, ""new_fc_9"": 24, ""num_neurons"": 64, ""optimizer"": ""Adam"", ""reg_l2"": true, ""skip_connection"": true, ""unit_c1"": 3, ""unit_c2"": 7}"
264,128,flops,,,4.61614352,692421528.0,18939044.0,,422.7013,"{""activation"": ""relu"", ""batch_size"": 32, ""data_augmentation"": true, ""dr_f"": 0.487614128163, ""learning_rate"": 0.000647328524, ""new_fc_1"": 9, ""new_fc_10"": 25, ""new_fc_2"": 29, ""new_fc_3"": 6, ""new_fc_4"": 10, ""new_fc_5"": 1, ""new_fc_6"": 13, ""new_fc_7"": 0, ""new_fc_8"": 10, ""new_fc_9"": 22, ""num_neurons"": 64, ""optimizer"": ""Adamax"", ""reg_l2"": true, ""skip_connection"": true, ""unit_c1"": 1, ""unit_c2"": 5}"
265,128,flops,,,1.0139545066666666,152093176.0,1684404.0,,423.9394,"{""activation"": ""relu"", ""batch_size"": 8, ""data_augmentation"": true, ""dr_f"": 0.167115906796, ""learning_rate"": 0.00049270874, ""new_fc_1"": 7, ""new_fc_10"": 19, ""new_fc_2"": 0, ""new_fc_3"": 5, ""new_fc_4"": 10, ""new_fc_5"": 13, ""new_fc_6"": 28, ""new_fc_7"": 32, ""new_fc_8"": 15, ""new_fc_9"": 1, ""num_neurons"": 16, ""optimizer"": ""Adagrad"", ""reg_l2"": false, ""skip_connection"": false, ""unit_c1"": 3, ""unit_c2"": 8}"
266,128,flops,,,0.10389114666666667,15583672.0,1227700.0,,425.1536,"{""activation"": ""elu"", ""batch_size"": 64, ""data_augmentation"": false, ""dr_f"": 0.134347537718, ""learning_rate"": 0.000919639856, ""new_fc_1"": 24, ""new_fc_10"": 6, ""new_fc_2"": 14, ""new_fc_3"": 0, ""new_fc_4"": 16, ""new_fc_5"": 6, ""new_fc_6"": 19, ""new_fc_7"": 8, ""new_fc_8"": 17, ""new_fc_9"": 24, ""num_neurons"": 16, ""optimizer"": ""Adadelta"", ""reg_l2"": true, ""skip_connection"": true, ""unit_c1"": 1, ""unit_c2"": 2}"
267,128,flops,,,12.715389173333334,1907308376.0,46856932.0,,428.0623,"{""activation"": ""selu"", ""batch_size"": 32, ""data_augmentation"": true, ""dr_f"": 0.222926810017, ""learning_rate"": 0.000374063174, ""new_fc_1"": 19, ""new_fc_10"": 5, ""new_fc_2"": 4, ""new_fc_3"": 14, ""new_fc_4"": 8, ""new_fc_5"": 9, ""new_fc_6"": 11, ""new_fc_7"": 0, ""new_fc_8"": 10, ""new_fc_9"": 28, ""num_neurons"": 64, ""optimizer"": ""Adam"", ""reg_l2"": true, ""skip_connection"": false, ""unit_c1"": 2, ""unit_c2"": 8}"
268,128,flops,,,16.24219877333333,2436329816.0,45741860.0,,431.0369,"{""activation"": ""relu"", ""batch_size"": 8, ""data_augmentation"": true, ""dr_f"": 0.446019435564, ""learning_rate"": 0.000657183266, ""new_fc_1"": 15, ""new_fc_10"": 18, ""new_fc_2"": 4, ""new_fc_3"": 31, ""new_fc_4"": 30, ""new_fc_5"": 7, ""new_fc_6"": 13, ""new_fc_7"": 25, ""new_fc_8"": 20, ""new_fc_9"": 9, ""num_neurons"": 64, ""optimizer"": ""Adamax"", ""reg_l2"": false, ""skip_connection"": false, ""unit_c1"": 3, ""unit_c2"": 8}"
269,129,accuracy,10000000000.0,,1.0139545066666666,152093176.0,1684404.0,10000000000.0,432.4165,"{""activation"": ""relu"", ""batch_size"": 8, ""data_augmentation"": true, ""dr_f"": 0.167115906796, ""learning_rate"": 0.00049270874, ""new_fc_1"": 7, ""new_fc_10"": 19, ""new_fc_2"": 0, ""new_fc_3"": 5, ""new_fc_4"": 10, ""new_fc_5"": 13, ""new_fc_6"": 28, ""new_fc_7"": 32, ""new_fc_8"": 15, ""new_fc_9"": 1, ""num_neurons"": 16, ""optimizer"": ""Adagrad"", ""reg_l2"": false, ""skip_connection"": false, ""unit_c1"": 3, ""unit_c2"": 8}"
270,130,accuracy,0.8588999956846237,0.14110000431537628,0.0940864,14112960.0,696092.0,-0.37054408302076336,2078.9568,"{""activation"": ""selu"", ""batch_size"": 8, ""data_augmentation"": true, ""dr_f"": 0.054034000807, ""learning_rate"": 0.000906920797, ""new_fc_1"": 32, ""new_fc_10"": 24, ""new_fc_2"": 25, ""new_fc_3"": 9, ""new_fc_4"": 27, ""new_fc_5"": 0, ""new_fc_6"": 21, ""new_fc_7"": 4, ""new_fc_8"": 11, ""new_fc_9"": 4, ""num_neurons"": 8, ""optimizer"": ""Adamax"", ""reg_l2"": true, ""skip_connection"": false, ""unit_c1"": 2, ""unit_c2"": 4}"
271,131,accuracy,10000000000.0,,9.95077008,1492615512.0,22606436.0,10000000000.0,2080.8277,"{""activation"": ""selu"", ""batch_size"": 32, ""data_augmentation"": false, ""dr_f"": 0.345460528243, ""learning_rate"": 0.000820187479, ""new_fc_1"": 25, ""new_fc_10"": 19, ""new_fc_2"": 21, ""new_fc_3"": 1, ""new_fc_4"": 29, ""new_fc_5"": 19, ""new_fc_6"": 17, ""new_fc_7"": 14, ""new_fc_8"": 15, ""new_fc_9"": 4, ""num_neurons"": 64, ""optimizer"": ""Adam"", ""reg_l2"": true, ""skip_connection"": false, ""unit_c1"": 4, ""unit_c2"": 2}"
272,131,flops,,,0.06455029333333333,9682544.0,162072.0,,2082.0387,"{""activation"": ""swish"", ""batch_size"": 16, ""data_augmentation"": true, ""dr_f"": 0.400029582846, ""learning_rate"": 0.000118845161, ""new_fc_1"": 21, ""new_fc_10"": 23, ""new_fc_2"": 28, ""new_fc_3"": 2, ""new_fc_4"": 4, ""new_fc_5"": 4, ""new_fc_6"": 11, ""new_fc_7"": 19, ""new_fc_8"": 11, ""new_fc_9"": 31, ""num_neurons"": 4, ""optimizer"": ""Adadelta"", ""reg_l2"": false, ""skip_connection"": true, ""unit_c1"": 4, ""unit_c2"": 5}"
273,131,flops,,,0.06468730666666667,9703096.0,848052.0,,2083.3391,"{""activation"": ""relu"", ""batch_size"": 64, ""data_augmentation"": true, ""dr_f"": 0.454736224065, ""learning_rate"": 0.000873446806, ""new_fc_1"": 9, ""new_fc_10"": 4, ""new_fc_2"": 19, ""new_fc_3"": 16, ""new_fc_4"": 2, ""new_fc_5"": 11, ""new_fc_6"": 29, ""new_fc_7"": 32, ""new_fc_8"": 12, ""new_fc_9"": 32, ""num_neurons"": 16, ""optimizer"": ""Adam"", ""reg_l2"": true, ""skip_connection"": false, ""unit_c1"": 1, ""unit_c2"": 1}"
274,132,accuracy,0.9227000027894974,0.07729999721050262,0.04836016,7254024.0,260156.0,-0.33960195004735183,2648.4355,"{""activation"": ""selu"", ""batch_size"": 32, ""data_augmentation"": false, ""dr_f"": 0.301395177676, ""learning_rate"": 0.000246883109, ""new_fc_1"": 21, ""new_fc_10"": 26, ""new_fc_2"": 20, ""new_fc_3"": 22, ""new_fc_4"": 15, ""new_fc_5"": 26, ""new_fc_6"": 6, ""new_fc_7"": 6, ""new_fc_8"": 12, ""new_fc_9"": 12, ""num_neurons"": 8, ""optimizer"": ""Adamax"", ""reg_l2"": true, ""skip_connection"": true, ""unit_c1"": 2, ""unit_c2"": 1}"
275,133,accuracy,10000000000.0,,1.5440645866666667,231609688.0,19781540.0,10000000000.0,2651.4911,"{""activation"": ""elu"", ""batch_size"": 8, ""data_augmentation"": true, ""dr_f"": 0.209477305617, ""learning_rate"": 0.000608553399, ""new_fc_1"": 12, ""new_fc_10"": 4, ""new_fc_2"": 19, ""new_fc_3"": 31, ""new_fc_4"": 28, ""new_fc_5"": 20, ""new_fc_6"": 17, ""new_fc_7"": 22, ""new_fc_8"": 6, ""new_fc_9"": 13, ""num_neurons"": 64, ""optimizer"": ""Adadelta"", ""reg_l2"": true, ""skip_connection"": false, ""unit_c1"": 1, ""unit_c2"": 2}"
276,134,accuracy,0.9563999995589256,0.04360000044107437,0.042042293333333335,6306344.0,208088.0,-0.3179073123087521,3037.5011,"{""activation"": ""swish"", ""batch_size"": 32, ""data_augmentation"": true, ""dr_f"": 0.448043351242, ""learning_rate"": 0.000457267046, ""new_fc_1"": 19, ""new_fc_10"": 25, ""new_fc_2"": 2, ""new_fc_3"": 24, ""new_fc_4"": 13, ""new_fc_5"": 6, ""new_fc_6"": 8, ""new_fc_7"": 9, ""new_fc_8"": 31, ""new_fc_9"": 19, ""num_neurons"": 4, ""optimizer"": ""Adamax"", ""reg_l2"": false, ""skip_connection"": false, ""unit_c1"": 1, ""unit_c2"": 8}"
277,135,accuracy,0.9398999996483326,0.060100000351667404,0.0602552,9038280.0,447588.0,-0.3239934402461672,3482.6003,"{""activation"": ""selu"", ""batch_size"": 16, ""data_augmentation"": true, ""dr_f"": 0.347143090088, ""learning_rate"": 0.000354956595, ""new_fc_1"": 22, ""new_fc_10"": 5, ""new_fc_2"": 31, ""new_fc_3"": 0, ""new_fc_4"": 28, ""new_fc_5"": 22, ""new_fc_6"": 18, ""new_fc_7"": 30, ""new_fc_8"": 12, ""new_fc_9"": 30, ""num_neurons"": 8, ""optimizer"": ""Adam"", ""reg_l2"": true, ""skip_connection"": true, ""unit_c1"": 2, ""unit_c2"": 2}"
278,136,accuracy,0.9879000000655651,0.01209999993443489,0.06455029333333333,9682544.0,162072.0,-0.2891049119541044,3927.9709,"{""activation"": ""swish"", ""batch_size"": 16, ""data_augmentation"": true, ""dr_f"": 0.400029582846, ""learning_rate"": 0.000118845161, ""new_fc_1"": 21, ""new_fc_10"": 23, ""new_fc_2"": 28, ""new_fc_3"": 2, ""new_fc_4"": 4, ""new_fc_5"": 4, ""new_fc_6"": 11, ""new_fc_7"": 19, ""new_fc_8"": 11, ""new_fc_9"": 31, ""num_neurons"": 4, ""optimizer"": ""Adadelta"", ""reg_l2"": false, ""skip_connection"": true, ""unit_c1"": 4, ""unit_c2"": 5}"
279,136,flops,,,0.04306653333333333,6459980.0,284948.0,,3929.1412,"{""activation"": ""swish"", ""batch_size"": 64, ""data_augmentation"": true, ""dr_f"": 0.088787429398, ""learning_rate"": 0.000997974261, ""new_fc_1"": 30, ""new_fc_10"": 23, ""new_fc_2"": 0, ""new_fc_3"": 7, ""new_fc_4"": 27, ""new_fc_5"": 20, ""new_fc_6"": 8, ""new_fc_7"": 1, ""new_fc_8"": 18, ""new_fc_9"": 1, ""num_neurons"": 4, ""optimizer"": ""Adagrad"", ""reg_l2"": false, ""skip_connection"": false, ""unit_c1"": 1, ""unit_c2"": 8}"
280,137,accuracy,0.9901000000536442,0.00989999994635582,0.06067832,9101748.0,152272.0,-0.2887265039624491,4074.422,"{""activation"": ""elu"", ""batch_size"": 64, ""data_augmentation"": true, ""dr_f"": 0.478184225911, ""learning_rate"": 0.000112579942, ""new_fc_1"": 15, ""new_fc_10"": 3, ""new_fc_2"": 3, ""new_fc_3"": 29, ""new_fc_4"": 3, ""new_fc_5"": 6, ""new_fc_6"": 7, ""new_fc_7"": 22, ""new_fc_8"": 30, ""new_fc_9"": 25, ""num_neurons"": 4, ""optimizer"": ""SGD"", ""reg_l2"": false, ""skip_connection"": true, ""unit_c1"": 3, ""unit_c2"": 7}"
281,137,flops,,,0.9072528533333334,136087928.0,10498788.0,,4076.0947,"{""activation"": ""swish"", ""batch_size"": 8, ""data_augmentation"": false, ""dr_f"": 0.390052639019, ""learning_rate"": 0.000716361539, ""new_fc_1"": 29, ""new_fc_10"": 5, ""new_fc_2"": 0, ""new_fc_3"": 31, ""new_fc_4"": 7, ""new_fc_5"": 10, ""new_fc_6"": 25, ""new_fc_7"": 24, ""new_fc_8"": 22, ""new_fc_9"": 2, ""num_neurons"": 32, ""optimizer"": ""Adadelta"", ""reg_l2"": false, ""skip_connection"": false, ""unit_c1"": 1, ""unit_c2"": 4}"
282,137,flops,,,18.7809896,2817148440.0,43321956.0,,4078.9611,"{""activation"": ""elu"", ""batch_size"": 64, ""data_augmentation"": true, ""dr_f"": 0.137056389798, ""learning_rate"": 0.000279148527, ""new_fc_1"": 18, ""new_fc_10"": 16, ""new_fc_2"": 2, ""new_fc_3"": 26, ""new_fc_4"": 3, ""new_fc_5"": 2, ""new_fc_6"": 17, ""new_fc_7"": 8, ""new_fc_8"": 23, ""new_fc_9"": 28, ""num_neurons"": 64, ""optimizer"": ""Adadelta"", ""reg_l2"": true, ""skip_connection"": true, ""unit_c1"": 4, ""unit_c2"": 7}"
283,137,flops,,,0.01063976,1595964.0,73980.0,,4080.2216,"{""activation"": ""swish"", ""batch_size"": 64, ""data_augmentation"": false, ""dr_f"": 0.065614356833, ""learning_rate"": 0.000663602202, ""new_fc_1"": 6, ""new_fc_10"": 0, ""new_fc_2"": 2, ""new_fc_3"": 7, ""new_fc_4"": 30, ""new_fc_5"": 18, ""new_fc_6"": 30, ""new_fc_7"": 19, ""new_fc_8"": 20, ""new_fc_9"": 23, ""num_neurons"": 4, ""optimizer"": ""SGD"", ""reg_l2"": true, ""skip_connection"": false, ""unit_c1"": 1, ""unit_c2"": 3}"
284,138,accuracy,0.6904999911785126,0.3095000088214874,0.008203253333333334,1230488.0,115048.0,-0.5141890301750411,4945.4643,"{""activation"": ""swish"", ""batch_size"": 16, ""data_augmentation"": true, ""dr_f"": 0.052160774227, ""learning_rate"": 0.000411226531, ""new_fc_1"": 23, ""new_fc_10"": 22, ""new_fc_2"": 32, ""new_fc_3"": 29, ""new_fc_4"": 23, ""new_fc_5"": 10, ""new_fc_6"": 24, ""new_fc_7"": 4, ""new_fc_8"": 18, ""new_fc_9"": 15, ""num_neurons"": 4, ""optimizer"": ""Adam"", ""reg_l2"": false, ""skip_connection"": false, ""unit_c1"": 1, ""unit_c2"": 2}"
285,139,accuracy,0.8941000029444695,0.10589999705553055,0.025686906666666665,3853036.0,40112.0,-0.36642392593887135,7010.3854,"{""activation"": ""selu"", ""batch_size"": 8, ""data_augmentation"": false, ""dr_f"": 0.32762228982, ""learning_rate"": 0.000268948237, ""new_fc_1"": 0, ""new_fc_10"": 28, ""new_fc_2"": 5, ""new_fc_3"": 0, ""new_fc_4"": 24, ""new_fc_5"": 13, ""new_fc_6"": 11, ""new_fc_7"": 17, ""new_fc_8"": 2, ""new_fc_9"": 17, ""num_neurons"": 4, ""optimizer"": ""Adam"", ""reg_l2"": false, ""skip_connection"": true, ""unit_c1"": 3, ""unit_c2"": 1}"
286,139,flops,,,0.008273253333333333,1240988.0,120276.0,,7011.7479,"{""activation"": ""swish"", ""batch_size"": 64, ""data_augmentation"": false, ""dr_f"": 0.369398362486, ""learning_rate"": 0.000793380375, ""new_fc_1"": 22, ""new_fc_10"": 16, ""new_fc_2"": 31, ""new_fc_3"": 21, ""new_fc_4"": 21, ""new_fc_5"": 21, ""new_fc_6"": 7, ""new_fc_7"": 14, ""new_fc_8"": 29, ""new_fc_9"": 29, ""num_neurons"": 4, ""optimizer"": ""Adam"", ""reg_l2"": false, ""skip_connection"": false, ""unit_c1"": 1, ""unit_c2"": 2}"
287,139,flops,,,0.09172485333333333,13758728.0,286332.0,,7012.932,"{""activation"": ""elu"", ""batch_size"": 64, ""data_augmentation"": false, ""dr_f"": 0.30918400199, ""learning_rate"": 0.000599556816, ""new_fc_1"": 23, ""new_fc_10"": 21, ""new_fc_2"": 30, ""new_fc_3"": 10, ""new_fc_4"": 1, ""new_fc_5"": 14, ""new_fc_6"": 23, ""new_fc_7"": 26, ""new_fc_8"": 4, ""new_fc_9"": 22, ""num_neurons"": 8, ""optimizer"": ""Adagrad"", ""reg_l2"": false, ""skip_connection"": false, ""unit_c1"": 3, ""unit_c2"": 1}"
288,140,accuracy,0.9900000002235174,0.009999999776482582,0.017939093333333333,2690864.0,204740.0,-0.30161827184353784,7698.5553,"{""activation"": ""swish"", ""batch_size"": 8, ""data_augmentation"": false, ""dr_f"": 0.400691340381, ""learning_rate"": 0.000381036122, ""new_fc_1"": 5, ""new_fc_10"": 27, ""new_fc_2"": 16, ""new_fc_3"": 31, ""new_fc_4"": 9, ""new_fc_5"": 6, ""new_fc_6"": 32, ""new_fc_7"": 18, ""new_fc_8"": 27, ""new_fc_9"": 6, ""num_neurons"": 8, ""optimizer"": ""Adagrad"", ""reg_l2"": true, ""skip_connection"": false, ""unit_c1"": 1, ""unit_c2"": 1}"
289,141,accuracy,0.9900000002235174,0.009999999776482582,0.04306653333333333,6459980.0,284948.0,-0.2940800398435378,7843.4055,"{""activation"": ""swish"", ""batch_size"": 64, ""data_augmentation"": true, ""dr_f"": 0.088787429398, ""learning_rate"": 0.000997974261, ""new_fc_1"": 30, ""new_fc_10"": 23, ""new_fc_2"": 0, ""new_fc_3"": 7, ""new_fc_4"": 27, ""new_fc_5"": 20, ""new_fc_6"": 8, ""new_fc_7"": 1, ""new_fc_8"": 18, ""new_fc_9"": 1, ""num_neurons"": 4, ""optimizer"": ""Adagrad"", ""reg_l2"": false, ""skip_connection"": false, ""unit_c1"": 1, ""unit_c2"": 8}"
290,142,accuracy,0.8518999963998795,0.14810000360012054,0.02903576,4355364.0,62368.0,-0.3949592745200844,9489.2844,"{""activation"": ""selu"", ""batch_size"": 8, ""data_augmentation"": true, ""dr_f"": 0.106958949254, ""learning_rate"": 0.000913618905, ""new_fc_1"": 8, ""new_fc_10"": 1, ""new_fc_2"": 25, ""new_fc_3"": 2, ""new_fc_4"": 0, ""new_fc_5"": 14, ""new_fc_6"": 18, ""new_fc_7"": 0, ""new_fc_8"": 7, ""new_fc_9"": 32, ""num_neurons"": 4, ""optimizer"": ""Adamax"", ""reg_l2"": false, ""skip_connection"": false, ""unit_c1"": 2, ""unit_c2"": 5}"
291,143,accuracy,0.7967000007629395,0.20329999923706055,0.18789925333333332,28184888.0,1698836.0,-0.38594022346594237,10174.4159,"{""activation"": ""selu"", ""batch_size"": 32, ""data_augmentation"": true, ""dr_f"": 0.202730875579, ""learning_rate"": 0.000554355189, ""new_fc_1"": 29, ""new_fc_10"": 18, ""new_fc_2"": 16, ""new_fc_3"": 10, ""new_fc_4"": 12, ""new_fc_5"": 26, ""new_fc_6"": 26, ""new_fc_7"": 32, ""new_fc_8"": 26, ""new_fc_9"": 27, ""num_neurons"": 16, ""optimizer"": ""Adagrad"", ""reg_l2"": true, ""skip_connection"": true, ""unit_c1"": 2, ""unit_c2"": 1}"
292,143,flops,,,16.098469706666666,2414770456.0,32371236.0,,10176.8001,"{""activation"": ""selu"", ""batch_size"": 16, ""data_augmentation"": false, ""dr_f"": 0.414304440713, ""learning_rate"": 0.000760333855, ""new_fc_1"": 10, ""new_fc_10"": 29, ""new_fc_2"": 5, ""new_fc_3"": 1, ""new_fc_4"": 13, ""new_fc_5"": 30, ""new_fc_6"": 32, ""new_fc_7"": 8, ""new_fc_8"": 22, ""new_fc_9"": 29, ""num_neurons"": 64, ""optimizer"": ""Adam"", ""reg_l2"": true, ""skip_connection"": false, ""unit_c1"": 4, ""unit_c2"": 6}"
293,144,accuracy,0.9913999997079372,0.00860000029206276,0.18746629333333334,28119944.0,193916.0,-0.24978011220444393,10383.5209,"{""activation"": ""swish"", ""batch_size"": 64, ""data_augmentation"": true, ""dr_f"": 0.463977496515, ""learning_rate"": 0.000152282916, ""new_fc_1"": 2, ""new_fc_10"": 5, ""new_fc_2"": 10, ""new_fc_3"": 32, ""new_fc_4"": 22, ""new_fc_5"": 10, ""new_fc_6"": 31, ""new_fc_7"": 15, ""new_fc_8"": 9, ""new_fc_9"": 2, ""num_neurons"": 8, ""optimizer"": ""Adadelta"", ""reg_l2"": false, ""skip_connection"": true, ""unit_c1"": 4, ""unit_c2"": 3}"
294,145,accuracy,0.9746000003069639,0.02539999969303608,0.10389114666666667,15583672.0,1227700.0,-0.28661265578512524,10588.5197,"{""activation"": ""elu"", ""batch_size"": 64, ""data_augmentation"": false, ""dr_f"": 0.134347537718, ""learning_rate"": 0.000919639856, ""new_fc_1"": 24, ""new_fc_10"": 6, ""new_fc_2"": 14, ""new_fc_3"": 0, ""new_fc_4"": 16, ""new_fc_5"": 6, ""new_fc_6"": 19, ""new_fc_7"": 8, ""new_fc_8"": 17, ""new_fc_9"": 24, ""num_neurons"": 16, ""optimizer"": ""Adadelta"", ""reg_l2"": true, ""skip_connection"": true, ""unit_c1"": 1, ""unit_c2"": 2}"
295,146,accuracy,10000000000.0,,11.09377296,1664065944.0,10072548.0,10000000000.0,10591.1814,"{""activation"": ""relu"", ""batch_size"": 8, ""data_augmentation"": false, ""dr_f"": 0.164417846868, ""learning_rate"": 0.000522963962, ""new_fc_1"": 3, ""new_fc_10"": 9, ""new_fc_2"": 24, ""new_fc_3"": 21, ""new_fc_4"": 15, ""new_fc_5"": 24, ""new_fc_6"": 4, ""new_fc_7"": 2, ""new_fc_8"": 0, ""new_fc_9"": 15, ""num_neurons"": 64, ""optimizer"": ""Adamax"", ""reg_l2"": false, ""skip_connection"": true, ""unit_c1"": 4, ""unit_c2"": 3}"
296,146,flops,,,0.11830176,17745264.0,654692.0,,10592.2934,"{""activation"": ""relu"", ""batch_size"": 16, ""data_augmentation"": true, ""dr_f"": 0.085214322953, ""learning_rate"": 0.000499376901, ""new_fc_1"": 22, ""new_fc_10"": 21, ""new_fc_2"": 25, ""new_fc_3"": 31, ""new_fc_4"": 1, ""new_fc_5"": 5, ""new_fc_6"": 20, ""new_fc_7"": 8, ""new_fc_8"": 6, ""new_fc_9"": 32, ""num_neurons"": 8, ""optimizer"": ""SGD"", ""reg_l2"": true, ""skip_connection"": true, ""unit_c1"": 2, ""unit_c2"": 5}"
297,147,accuracy,0.9900000002235174,0.009999999776482582,0.04190621333333333,6285932.0,51652.0,-0.29442813584353783,11278.4288,"{""activation"": ""elu"", ""batch_size"": 8, ""data_augmentation"": false, ""dr_f"": 0.451698032057, ""learning_rate"": 0.000100145633, ""new_fc_1"": 4, ""new_fc_10"": 19, ""new_fc_2"": 22, ""new_fc_3"": 29, ""new_fc_4"": 0, ""new_fc_5"": 5, ""new_fc_6"": 7, ""new_fc_7"": 27, ""new_fc_8"": 16, ""new_fc_9"": 20, ""num_neurons"": 4, ""optimizer"": ""Adamax"", ""reg_l2"": true, ""skip_connection"": true, ""unit_c1"": 4, ""unit_c2"": 1}"
298,148,accuracy,10000000000.0,,2.48740304,373110456.0,3753028.0,10000000000.0,11279.8319,"{""activation"": ""elu"", ""batch_size"": 16, ""data_augmentation"": false, ""dr_f"": 0.150690510327, ""learning_rate"": 0.000634236146, ""new_fc_1"": 8, ""new_fc_10"": 31, ""new_fc_2"": 13, ""new_fc_3"": 3, ""new_fc_4"": 31, ""new_fc_5"": 15, ""new_fc_6"": 22, ""new_fc_7"": 32, ""new_fc_8"": 13, ""new_fc_9"": 3, ""num_neurons"": 32, ""optimizer"": ""Adadelta"", ""reg_l2"": false, ""skip_connection"": false, ""unit_c1"": 4, ""unit_c2"": 2}"
299,149,accuracy,10000000000.0,,5.287555146666667,793133272.0,16284772.0,10000000000.0,11282.8026,"{""activation"": ""relu"", ""batch_size"": 8, ""data_augmentation"": true, ""dr_f"": 0.241103159764, ""learning_rate"": 0.000941664252, ""new_fc_1"": 0, ""new_fc_10"": 0, ""new_fc_2"": 9, ""new_fc_3"": 7, ""new_fc_4"": 11, ""new_fc_5"": 17, ""new_fc_6"": 0, ""new_fc_7"": 25, ""new_fc_8"": 18, ""new_fc_9"": 11, ""num_neurons"": 64, ""optimizer"": ""Adadelta"", ""reg_l2"": true, ""skip_connection"": false, ""unit_c1"": 2, ""unit_c2"": 4}"
300,150,accuracy,0.9130000025033951,0.08699999749660492,0.09312133333333333,13968200.0,419588.0,-0.3329635982476234,11667.7731,"{""activation"": ""selu"", ""batch_size"": 64, ""data_augmentation"": true, ""dr_f"": 0.210531436409, ""learning_rate"": 0.000919589053, ""new_fc_1"": 11, ""new_fc_10"": 20, ""new_fc_2"": 27, ""new_fc_3"": 25, ""new_fc_4"": 7, ""new_fc_5"": 7, ""new_fc_6"": 27, ""new_fc_7"": 28, ""new_fc_8"": 22, ""new_fc_9"": 0, ""num_neurons"": 8, ""optimizer"": ""Adadelta"", ""reg_l2"": true, ""skip_connection"": true, ""unit_c1"": 2, ""unit_c2"": 4}"
301,150,flops,,,0.16900709333333333,25351064.0,429172.0,,1.5251,"{""activation"": ""selu"", ""batch_size"": 8, ""data_augmentation"": false, ""dr_f"": 0.142768548708, ""learning_rate"": 0.000759602734, ""new_fc_1"": 16, ""new_fc_10"": 32, ""new_fc_2"": 2, ""new_fc_3"": 10, ""new_fc_4"": 8, ""new_fc_5"": 2, ""new_fc_6"": 31, ""new_fc_7"": 5, ""new_fc_8"": 6, ""new_fc_9"": 8, ""num_neurons"": 8, ""optimizer"": ""SGD"", ""reg_l2"": false, ""skip_connection"": true, ""unit_c1"": 3, ""unit_c2"": 5}"
302,151,accuracy,10000000000.0,,4.70596496,705894744.0,25675876.0,10000000000.0,3.8671,"{""activation"": ""relu"", ""batch_size"": 8, ""data_augmentation"": false, ""dr_f"": 0.076385685852, ""learning_rate"": 0.000428177545, ""new_fc_1"": 13, ""new_fc_10"": 3, ""new_fc_2"": 15, ""new_fc_3"": 23, ""new_fc_4"": 20, ""new_fc_5"": 14, ""new_fc_6"": 18, ""new_fc_7"": 7, ""new_fc_8"": 6, ""new_fc_9"": 13, ""num_neurons"": 64, ""optimizer"": ""SGD"", ""reg_l2"": false, ""skip_connection"": true, ""unit_c1"": 1, ""unit_c2"": 5}"
303,152,accuracy,0.9886999996379018,0.011300000362098217,0.03805464,5708196.0,144300.0,-0.29649360825346877,329.7139,"{""activation"": ""selu"", ""batch_size"": 16, ""data_augmentation"": false, ""dr_f"": 0.332099867633, ""learning_rate"": 0.00060951428, ""new_fc_1"": 23, ""new_fc_10"": 26, ""new_fc_2"": 13, ""new_fc_3"": 3, ""new_fc_4"": 29, ""new_fc_5"": 19, ""new_fc_6"": 1, ""new_fc_7"": 24, ""new_fc_8"": 22, ""new_fc_9"": 11, ""num_neurons"": 4, ""optimizer"": ""SGD"", ""reg_l2"": true, ""skip_connection"": false, ""unit_c1"": 3, ""unit_c2"": 4}"
304,153,accuracy,0.9900000002235174,0.009999999776482582,0.01063976,1595964.0,73980.0,-0.3038080718435378,475.2645,"{""activation"": ""swish"", ""batch_size"": 64, ""data_augmentation"": false, ""dr_f"": 0.065614356833, ""learning_rate"": 0.000663602202, ""new_fc_1"": 6, ""new_fc_10"": 0, ""new_fc_2"": 2, ""new_fc_3"": 7, ""new_fc_4"": 30, ""new_fc_5"": 18, ""new_fc_6"": 30, ""new_fc_7"": 19, ""new_fc_8"": 20, ""new_fc_9"": 23, ""num_neurons"": 4, ""optimizer"": ""SGD"", ""reg_l2"": true, ""skip_connection"": false, ""unit_c1"": 1, ""unit_c2"": 3}"
305,153,flops,,,10.374774773333334,1556216216.0,40438052.0,,478.1171,"{""activation"": ""relu"", ""batch_size"": 64, ""data_augmentation"": true, ""dr_f"": 0.353576896049, ""learning_rate"": 0.000355996464, ""new_fc_1"": 25, ""new_fc_10"": 3, ""new_fc_2"": 11, ""new_fc_3"": 9, ""new_fc_4"": 22, ""new_fc_5"": 8, ""new_fc_6"": 5, ""new_fc_7"": 25, ""new_fc_8"": 12, ""new_fc_9"": 13, ""num_neurons"": 64, ""optimizer"": ""Adamax"", ""reg_l2"": true, ""skip_connection"": true, ""unit_c1"": 3, ""unit_c2"": 5}"
306,154,accuracy,0.9916000002995133,0.00839999970048666,0.39345669333333333,59018504.0,893412.0,-0.18784299179034064,925.1667,"{""activation"": ""swish"", ""batch_size"": 16, ""data_augmentation"": true, ""dr_f"": 0.285159296209, ""learning_rate"": 0.00031983691, ""new_fc_1"": 5, ""new_fc_10"": 27, ""new_fc_2"": 4, ""new_fc_3"": 14, ""new_fc_4"": 7, ""new_fc_5"": 2, ""new_fc_6"": 5, ""new_fc_7"": 27, ""new_fc_8"": 32, ""new_fc_9"": 22, ""num_neurons"": 16, ""optimizer"": ""Adadelta"", ""reg_l2"": false, ""skip_connection"": false, ""unit_c1"": 3, ""unit_c2"": 2}"
307,155,accuracy,0.9902999997138977,0.009700000286102295,0.04196,6294000.0,465452.0,-0.2942020002002716,1310.273,"{""activation"": ""relu"", ""batch_size"": 16, ""data_augmentation"": false, ""dr_f"": 0.43555439338, ""learning_rate"": 0.000184220205, ""new_fc_1"": 21, ""new_fc_10"": 0, ""new_fc_2"": 22, ""new_fc_3"": 12, ""new_fc_4"": 24, ""new_fc_5"": 29, ""new_fc_6"": 23, ""new_fc_7"": 18, ""new_fc_8"": 1, ""new_fc_9"": 21, ""num_neurons"": 8, ""optimizer"": ""SGD"", ""reg_l2"": true, ""skip_connection"": true, ""unit_c1"": 1, ""unit_c2"": 3}"
308,156,accuracy,0.9587999992072582,0.041200000792741776,0.8307980266666667,124619704.0,4900324.0,-0.07960059255491923,2295.7304,"{""activation"": ""elu"", ""batch_size"": 16, ""data_augmentation"": true, ""dr_f"": 0.172480866802, ""learning_rate"": 0.000933419978, ""new_fc_1"": 11, ""new_fc_10"": 0, ""new_fc_2"": 3, ""new_fc_3"": 26, ""new_fc_4"": 16, ""new_fc_5"": 18, ""new_fc_6"": 28, ""new_fc_7"": 8, ""new_fc_8"": 12, ""new_fc_9"": 9, ""num_neurons"": 32, ""optimizer"": ""Adadelta"", ""reg_l2"": true, ""skip_connection"": false, ""unit_c1"": 1, ""unit_c2"": 4}"
309,157,accuracy,0.9912999998778105,0.008700000122189522,0.5071264533333333,76068968.0,2267684.0,-0.1539520640855327,2440.6901,"{""activation"": ""relu"", ""batch_size"": 64, ""data_augmentation"": false, ""dr_f"": 0.186800047028, ""learning_rate"": 0.000225840135, ""new_fc_1"": 0, ""new_fc_10"": 24, ""new_fc_2"": 16, ""new_fc_3"": 6, ""new_fc_4"": 9, ""new_fc_5"": 2, ""new_fc_6"": 2, ""new_fc_7"": 3, ""new_fc_8"": 14, ""new_fc_9"": 21, ""num_neurons"": 16, ""optimizer"": ""Adagrad"", ""reg_l2"": false, ""skip_connection"": false, ""unit_c1"": 1, ""unit_c2"": 7}"
310,157,flops,,,8.251609333333333,1237741400.0,10562084.0,,2442.247,"{""activation"": ""relu"", ""batch_size"": 8, ""data_augmentation"": true, ""dr_f"": 0.267715352901, ""learning_rate"": 0.000603878958, ""new_fc_1"": 7, ""new_fc_10"": 19, ""new_fc_2"": 10, ""new_fc_3"": 10, ""new_fc_4"": 7, ""new_fc_5"": 1, ""new_fc_6"": 24, ""new_fc_7"": 2, ""new_fc_8"": 9, ""new_fc_9"": 3, ""num_neurons"": 64, ""optimizer"": ""Adamax"", ""reg_l2"": false, ""skip_connection"": false, ""unit_c1"": 3, ""unit_c2"": 4}"
311,157,flops,,,0.01121944,1682916.0,85776.0,,2443.7166,"{""activation"": ""swish"", ""batch_size"": 8, ""data_augmentation"": true, ""dr_f"": 0.09889097354, ""learning_rate"": 0.00057962748, ""new_fc_1"": 13, ""new_fc_10"": 14, ""new_fc_2"": 32, ""new_fc_3"": 21, ""new_fc_4"": 8, ""new_fc_5"": 2, ""new_fc_6"": 22, ""new_fc_7"": 4, ""new_fc_8"": 19, ""new_fc_9"": 26, ""num_neurons"": 4, ""optimizer"": ""SGD"", ""reg_l2"": true, ""skip_connection"": true, ""unit_c1"": 1, ""unit_c2"": 3}"
312,158,accuracy,0.8373000025749207,0.16269999742507935,0.008273253333333333,1240988.0,120276.0,-0.4114080221975555,2769.2675,"{""activation"": ""swish"", ""batch_size"": 64, ""data_augmentation"": false, ""dr_f"": 0.369398362486, ""learning_rate"": 0.000793380375, ""new_fc_1"": 22, ""new_fc_10"": 16, ""new_fc_2"": 31, ""new_fc_3"": 21, ""new_fc_4"": 21, ""new_fc_5"": 21, ""new_fc_6"": 7, ""new_fc_7"": 14, ""new_fc_8"": 29, ""new_fc_9"": 29, ""num_neurons"": 4, ""optimizer"": ""Adam"", ""reg_l2"": false, ""skip_connection"": false, ""unit_c1"": 1, ""unit_c2"": 2}"
313,159,accuracy,0.9704999998211861,0.029500000178813934,0.47583514666666665,71375272.0,2280196.0,-0.17789945612516977,3515.5299,"{""activation"": ""elu"", ""batch_size"": 8, ""data_augmentation"": false, ""dr_f"": 0.262437445401, ""learning_rate"": 0.000307904857, ""new_fc_1"": 31, ""new_fc_10"": 21, ""new_fc_2"": 28, ""new_fc_3"": 22, ""new_fc_4"": 5, ""new_fc_5"": 28, ""new_fc_6"": 20, ""new_fc_7"": 1, ""new_fc_8"": 9, ""new_fc_9"": 8, ""num_neurons"": 16, ""optimizer"": ""Adagrad"", ""reg_l2"": true, ""skip_connection"": true, ""unit_c1"": 3, ""unit_c2"": 3}"
314,160,accuracy,10000000000.0,,3.28149392,492224088.0,16287204.0,10000000000.0,3517.1191,"{""activation"": ""relu"", ""batch_size"": 16, ""data_augmentation"": false, ""dr_f"": 0.211886737549, ""learning_rate"": 0.000223702226, ""new_fc_1"": 1, ""new_fc_10"": 22, ""new_fc_2"": 12, ""new_fc_3"": 18, ""new_fc_4"": 29, ""new_fc_5"": 6, ""new_fc_6"": 25, ""new_fc_7"": 26, ""new_fc_8"": 28, ""new_fc_9"": 25, ""num_neurons"": 64, ""optimizer"": ""Adagrad"", ""reg_l2"": false, ""skip_connection"": false, ""unit_c1"": 2, ""unit_c2"": 2}"
315,161,accuracy,10000000000.0,,5.358230773333333,803734616.0,15306468.0,10000000000.0,3518.7406,"{""activation"": ""selu"", ""batch_size"": 64, ""data_augmentation"": false, ""dr_f"": 0.219796720407, ""learning_rate"": 0.000106313014, ""new_fc_1"": 25, ""new_fc_10"": 21, ""new_fc_2"": 9, ""new_fc_3"": 27, ""new_fc_4"": 20, ""new_fc_5"": 6, ""new_fc_6"": 32, ""new_fc_7"": 16, ""new_fc_8"": 4, ""new_fc_9"": 0, ""num_neurons"": 64, ""optimizer"": ""Adagrad"", ""reg_l2"": false, ""skip_connection"": true, ""unit_c1"": 3, ""unit_c2"": 1}"
316,161,flops,,,0.052939386666666664,7940908.0,174140.0,,3520.0725,"{""activation"": ""selu"", ""batch_size"": 32, ""data_augmentation"": true, ""dr_f"": 0.366974216185, ""learning_rate"": 0.000942054143, ""new_fc_1"": 21, ""new_fc_10"": 28, ""new_fc_2"": 2, ""new_fc_3"": 0, ""new_fc_4"": 17, ""new_fc_5"": 16, ""new_fc_6"": 8, ""new_fc_7"": 9, ""new_fc_8"": 2, ""new_fc_9"": 30, ""num_neurons"": 4, ""optimizer"": ""Adam"", ""reg_l2"": true, ""skip_connection"": true, ""unit_c1"": 3, ""unit_c2"": 6}"
317,161,flops,,,0.09969808,14954712.0,861524.0,,3521.3961,"{""activation"": ""swish"", ""batch_size"": 16, ""data_augmentation"": true, ""dr_f"": 0.496377778036, ""learning_rate"": 0.00062442384, ""new_fc_1"": 4, ""new_fc_10"": 24, ""new_fc_2"": 26, ""new_fc_3"": 3, ""new_fc_4"": 29, ""new_fc_5"": 8, ""new_fc_6"": 26, ""new_fc_7"": 30, ""new_fc_8"": 29, ""new_fc_9"": 5, ""num_neurons"": 16, ""optimizer"": ""Adam"", ""reg_l2"": false, ""skip_connection"": true, ""unit_c1"": 1, ""unit_c2"": 2}"
318,162,accuracy,0.9902999997138977,0.009700000286102295,0.11830176,17745264.0,654692.0,-0.27129947220027156,3906.6348,"{""activation"": ""relu"", ""batch_size"": 16, ""data_augmentation"": true, ""dr_f"": 0.085214322953, ""learning_rate"": 0.000499376901, ""new_fc_1"": 22, ""new_fc_10"": 21, ""new_fc_2"": 25, ""new_fc_3"": 31, ""new_fc_4"": 1, ""new_fc_5"": 5, ""new_fc_6"": 20, ""new_fc_7"": 8, ""new_fc_8"": 6, ""new_fc_9"": 32, ""num_neurons"": 8, ""optimizer"": ""SGD"", ""reg_l2"": true, ""skip_connection"": true, ""unit_c1"": 2, ""unit_c2"": 5}"
319,163,accuracy,0.7955999970436096,0.20440000295639038,0.07460202666666667,11190304.0,344020.0,-0.4206993940694732,4592.813,"{""activation"": ""swish"", ""batch_size"": 32, ""data_augmentation"": false, ""dr_f"": 0.322734650898, ""learning_rate"": 0.000896364149, ""new_fc_1"": 17, ""new_fc_10"": 28, ""new_fc_2"": 3, ""new_fc_3"": 5, ""new_fc_4"": 12, ""new_fc_5"": 0, ""new_fc_6"": 27, ""new_fc_7"": 13, ""new_fc_8"": 7, ""new_fc_9"": 19, ""num_neurons"": 8, ""optimizer"": ""Adamax"", ""reg_l2"": false, ""skip_connection"": true, ""unit_c1"": 2, ""unit_c2"": 3}"
320,164,accuracy,10000000000.0,,6.362651893333333,954397784.0,38149924.0,10000000000.0,4595.6418,"{""activation"": ""selu"", ""batch_size"": 8, ""data_augmentation"": false, ""dr_f"": 0.076733213579, ""learning_rate"": 0.000766669812, ""new_fc_1"": 29, ""new_fc_10"": 26, ""new_fc_2"": 19, ""new_fc_3"": 23, ""new_fc_4"": 26, ""new_fc_5"": 31, ""new_fc_6"": 19, ""new_fc_7"": 20, ""new_fc_8"": 27, ""new_fc_9"": 28, ""num_neurons"": 64, ""optimizer"": ""Adagrad"", ""reg_l2"": false, ""skip_connection"": false, ""unit_c1"": 3, ""unit_c2"": 2}"
321,165,accuracy,10000000000.0,,6.34607888,951911832.0,29820132.0,10000000000.0,4598.0211,"{""activation"": ""elu"", ""batch_size"": 64, ""data_augmentation"": false, ""dr_f"": 0.117413647747, ""learning_rate"": 0.000393772437, ""new_fc_1"": 29, ""new_fc_10"": 17, ""new_fc_2"": 21, ""new_fc_3"": 17, ""new_fc_4"": 14, ""new_fc_5"": 21, ""new_fc_6"": 17, ""new_fc_7"": 16, ""new_fc_8"": 18, ""new_fc_9"": 27, ""num_neurons"": 64, ""optimizer"": ""Adagrad"", ""reg_l2"": false, ""skip_connection"": true, ""unit_c1"": 3, ""unit_c2"": 2}"
322,166,accuracy,0.9536999985575676,0.046300001442432404,0.055652853333333335,8347928.0,402060.0,-0.3157141450097027,5222.8845,"{""activation"": ""selu"", ""batch_size"": 32, ""data_augmentation"": true, ""dr_f"": 0.213441398489, ""learning_rate"": 0.000984182158, ""new_fc_1"": 16, ""new_fc_10"": 32, ""new_fc_2"": 5, ""new_fc_3"": 1, ""new_fc_4"": 27, ""new_fc_5"": 20, ""new_fc_6"": 12, ""new_fc_7"": 28, ""new_fc_8"": 8, ""new_fc_9"": 3, ""num_neurons"": 8, ""optimizer"": ""Adadelta"", ""reg_l2"": true, ""skip_connection"": false, ""unit_c1"": 1, ""unit_c2"": 4}"
323,166,flops,,,0.06045312,9067968.0,621796.0,,5224.3521,"{""activation"": ""swish"", ""batch_size"": 64, ""data_augmentation"": false, ""dr_f"": 0.031840430208, ""learning_rate"": 0.000520674926, ""new_fc_1"": 0, ""new_fc_10"": 23, ""new_fc_2"": 24, ""new_fc_3"": 20, ""new_fc_4"": 6, ""new_fc_5"": 26, ""new_fc_6"": 19, ""new_fc_7"": 11, ""new_fc_8"": 30, ""new_fc_9"": 24, ""num_neurons"": 8, ""optimizer"": ""Adadelta"", ""reg_l2"": true, ""skip_connection"": true, ""unit_c1"": 1, ""unit_c2"": 4}"
324,166,flops,,,0.09165093333333334,13747640.0,462868.0,,5225.8026,"{""activation"": ""swish"", ""batch_size"": 32, ""data_augmentation"": false, ""dr_f"": 0.302641146295, ""learning_rate"": 0.000634979772, ""new_fc_1"": 11, ""new_fc_10"": 18, ""new_fc_2"": 19, ""new_fc_3"": 4, ""new_fc_4"": 18, ""new_fc_5"": 16, ""new_fc_6"": 22, ""new_fc_7"": 27, ""new_fc_8"": 32, ""new_fc_9"": 29, ""num_neurons"": 8, ""optimizer"": ""Adagrad"", ""reg_l2"": false, ""skip_connection"": false, ""unit_c1"": 2, ""unit_c2"": 4}"
325,166,flops,,,8.319327733333333,1247899160.0,57416804.0,,5229.3562,"{""activation"": ""swish"", ""batch_size"": 32, ""data_augmentation"": true, ""dr_f"": 0.383447563217, ""learning_rate"": 0.00031520448, ""new_fc_1"": 25, ""new_fc_10"": 8, ""new_fc_2"": 5, ""new_fc_3"": 9, ""new_fc_4"": 26, ""new_fc_5"": 18, ""new_fc_6"": 13, ""new_fc_7"": 1, ""new_fc_8"": 30, ""new_fc_9"": 30, ""num_neurons"": 64, ""optimizer"": ""SGD"", ""reg_l2"": false, ""skip_connection"": false, ""unit_c1"": 1, ""unit_c2"": 7}"
326,166,flops,,,3.5026297066666667,525394456.0,34747364.0,,5232.0836,"{""activation"": ""swish"", ""batch_size"": 8, ""data_augmentation"": true, ""dr_f"": 0.317007385171, ""learning_rate"": 0.000872981768, ""new_fc_1"": 22, ""new_fc_10"": 0, ""new_fc_2"": 6, ""new_fc_3"": 24, ""new_fc_4"": 17, ""new_fc_5"": 24, ""new_fc_6"": 12, ""new_fc_7"": 26, ""new_fc_8"": 19, ""new_fc_9"": 23, ""num_neurons"": 64, ""optimizer"": ""Adamax"", ""reg_l2"": true, ""skip_connection"": false, ""unit_c1"": 1, ""unit_c2"": 4}"
327,167,accuracy,0.9900000002235174,0.009999999776482582,0.07715829333333334,11573744.0,543124.0,-0.2838525118435378,5557.5416,"{""activation"": ""relu"", ""batch_size"": 16, ""data_augmentation"": true, ""dr_f"": 0.176172533671, ""learning_rate"": 0.000131900502, ""new_fc_1"": 19, ""new_fc_10"": 5, ""new_fc_2"": 18, ""new_fc_3"": 32, ""new_fc_4"": 0, ""new_fc_5"": 5, ""new_fc_6"": 32, ""new_fc_7"": 9, ""new_fc_8"": 13, ""new_fc_9"": 22, ""num_neurons"": 8, ""optimizer"": ""Adam"", ""reg_l2"": true, ""skip_connection"": false, ""unit_c1"": 1, ""unit_c2"": 5}"
328,167,flops,,,0.66748592,100122888.0,4787972.0,,5559.0083,"{""activation"": ""swish"", ""batch_size"": 64, ""data_augmentation"": true, ""dr_f"": 0.426806114454, ""learning_rate"": 0.000426307597, ""new_fc_1"": 32, ""new_fc_10"": 7, ""new_fc_2"": 5, ""new_fc_3"": 8, ""new_fc_4"": 17, ""new_fc_5"": 15, ""new_fc_6"": 1, ""new_fc_7"": 20, ""new_fc_8"": 25, ""new_fc_9"": 15, ""num_neurons"": 16, ""optimizer"": ""Adam"", ""reg_l2"": false, ""skip_connection"": false, ""unit_c1"": 1, ""unit_c2"": 8}"
329,168,accuracy,0.9148999974131584,0.08510000258684158,0.028041013333333333,4206152.0,57232.0,-0.3511576978107891,7444.0797,"{""activation"": ""selu"", ""batch_size"": 8, ""data_augmentation"": false, ""dr_f"": 0.42051575217, ""learning_rate"": 0.000786237842, ""new_fc_1"": 5, ""new_fc_10"": 31, ""new_fc_2"": 11, ""new_fc_3"": 9, ""new_fc_4"": 27, ""new_fc_5"": 22, ""new_fc_6"": 16, ""new_fc_7"": 5, ""new_fc_8"": 14, ""new_fc_9"": 0, ""num_neurons"": 4, ""optimizer"": ""Adamax"", ""reg_l2"": false, ""skip_connection"": false, ""unit_c1"": 3, ""unit_c2"": 2}"
330,168,flops,,,2.2922184,343832760.0,4000548.0,,7445.5541,"{""activation"": ""selu"", ""batch_size"": 8, ""data_augmentation"": true, ""dr_f"": 0.064807775724, ""learning_rate"": 0.000298779457, ""new_fc_1"": 25, ""new_fc_10"": 25, ""new_fc_2"": 27, ""new_fc_3"": 3, ""new_fc_4"": 1, ""new_fc_5"": 27, ""new_fc_6"": 30, ""new_fc_7"": 6, ""new_fc_8"": 25, ""new_fc_9"": 2, ""num_neurons"": 32, ""optimizer"": ""Adagrad"", ""reg_l2"": false, ""skip_connection"": true, ""unit_c1"": 4, ""unit_c2"": 1}"
331,169,accuracy,0.9907999997958541,0.009200000204145908,0.05955056,8932584.0,660412.0,-0.28857483214290214,7650.6587,"{""activation"": ""swish"", ""batch_size"": 32, ""data_augmentation"": true, ""dr_f"": 0.38729973393, ""learning_rate"": 0.000829184789, ""new_fc_1"": 32, ""new_fc_10"": 12, ""new_fc_2"": 1, ""new_fc_3"": 2, ""new_fc_4"": 10, ""new_fc_5"": 16, ""new_fc_6"": 19, ""new_fc_7"": 12, ""new_fc_8"": 15, ""new_fc_9"": 31, ""num_neurons"": 8, ""optimizer"": ""Adadelta"", ""reg_l2"": true, ""skip_connection"": false, ""unit_c1"": 1, ""unit_c2"": 4}"
332,170,accuracy,10000000000.0,,4.774363466666666,716154520.0,30807204.0,10000000000.0,7653.2332,"{""activation"": ""relu"", ""batch_size"": 64, ""data_augmentation"": true, ""dr_f"": 0.468124215662, ""learning_rate"": 0.000376736428, ""new_fc_1"": 14, ""new_fc_10"": 28, ""new_fc_2"": 24, ""new_fc_3"": 19, ""new_fc_4"": 2, ""new_fc_5"": 12, ""new_fc_6"": 28, ""new_fc_7"": 7, ""new_fc_8"": 12, ""new_fc_9"": 31, ""num_neurons"": 64, ""optimizer"": ""SGD"", ""reg_l2"": true, ""skip_connection"": true, ""unit_c1"": 1, ""unit_c2"": 5}"
333,171,accuracy,0.9387999996542931,0.06120000034570694,0.025885253333333334,3882788.0,126244.0,-0.33507442424199485,7979.1948,"{""activation"": ""selu"", ""batch_size"": 32, ""data_augmentation"": false, ""dr_f"": 0.227406191367, ""learning_rate"": 0.000734402774, ""new_fc_1"": 9, ""new_fc_10"": 18, ""new_fc_2"": 27, ""new_fc_3"": 19, ""new_fc_4"": 25, ""new_fc_5"": 7, ""new_fc_6"": 18, ""new_fc_7"": 31, ""new_fc_8"": 32, ""new_fc_9"": 9, ""num_neurons"": 4, ""optimizer"": ""Adamax"", ""reg_l2"": true, ""skip_connection"": false, ""unit_c1"": 1, ""unit_c2"": 6}"
334,172,accuracy,10000000000.0,,3.3964904,509473560.0,24370852.0,10000000000.0,7982.7237,"{""activation"": ""relu"", ""batch_size"": 64, ""data_augmentation"": true, ""dr_f"": 0.113041117998, ""learning_rate"": 0.000483321136, ""new_fc_1"": 32, ""new_fc_10"": 4, ""new_fc_2"": 5, ""new_fc_3"": 32, ""new_fc_4"": 7, ""new_fc_5"": 12, ""new_fc_6"": 22, ""new_fc_7"": 8, ""new_fc_8"": 21, ""new_fc_9"": 20, ""num_neurons"": 64, ""optimizer"": ""SGD"", ""reg_l2"": true, ""skip_connection"": true, ""unit_c1"": 2, ""unit_c2"": 2}"
335,172,flops,,,0.018211413333333332,2731712.0,213188.0,,7984.0423,"{""activation"": ""elu"", ""batch_size"": 64, ""data_augmentation"": false, ""dr_f"": 0.210412724648, ""learning_rate"": 0.000286615166, ""new_fc_1"": 12, ""new_fc_10"": 19, ""new_fc_2"": 12, ""new_fc_3"": 12, ""new_fc_4"": 18, ""new_fc_5"": 24, ""new_fc_6"": 16, ""new_fc_7"": 18, ""new_fc_8"": 18, ""new_fc_9"": 0, ""num_neurons"": 8, ""optimizer"": ""Adagrad"", ""reg_l2"": false, ""skip_connection"": true, ""unit_c1"": 1, ""unit_c2"": 1}"
336,173,accuracy,0.8296000063419342,0.1703999936580658,0.66748592,100122888.0,4787972.0,-0.21903421956064606,8309.9147,"{""activation"": ""swish"", ""batch_size"": 64, ""data_augmentation"": true, ""dr_f"": 0.426806114454, ""learning_rate"": 0.000426307597, ""new_fc_1"": 32, ""new_fc_10"": 7, ""new_fc_2"": 5, ""new_fc_3"": 8, ""new_fc_4"": 17, ""new_fc_5"": 15, ""new_fc_6"": 1, ""new_fc_7"": 20, ""new_fc_8"": 25, ""new_fc_9"": 15, ""num_neurons"": 16, ""optimizer"": ""Adam"", ""reg_l2"": false, ""skip_connection"": false, ""unit_c1"": 1, ""unit_c2"": 8}"
337,174,accuracy,10000000000.0,,3.1566928533333334,473503928.0,4300740.0,10000000000.0,8312.6634,"{""activation"": ""swish"", ""batch_size"": 16, ""data_augmentation"": true, ""dr_f"": 0.067272386585, ""learning_rate"": 0.000425667211, ""new_fc_1"": 4, ""new_fc_10"": 4, ""new_fc_2"": 6, ""new_fc_3"": 11, ""new_fc_4"": 11, ""new_fc_5"": 11, ""new_fc_6"": 23, ""new_fc_7"": 14, ""new_fc_8"": 13, ""new_fc_9"": 16, ""num_neurons"": 32, ""optimizer"": ""Adamax"", ""reg_l2"": true, ""skip_connection"": true, ""unit_c1"": 2, ""unit_c2"": 8}"
338,175,accuracy,10000000000.0,,3.170250186666667,475537528.0,7939972.0,10000000000.0,8314.2271,"{""activation"": ""elu"", ""batch_size"": 16, ""data_augmentation"": false, ""dr_f"": 0.431361491773, ""learning_rate"": 0.000624047881, ""new_fc_1"": 21, ""new_fc_10"": 5, ""new_fc_2"": 0, ""new_fc_3"": 20, ""new_fc_4"": 12, ""new_fc_5"": 30, ""new_fc_6"": 18, ""new_fc_7"": 3, ""new_fc_8"": 12, ""new_fc_9"": 16, ""num_neurons"": 32, ""optimizer"": ""Adam"", ""reg_l2"": false, ""skip_connection"": false, ""unit_c1"": 4, ""unit_c2"": 4}"
339,176,accuracy,0.9900000002235174,0.009999999776482582,0.06468730666666667,9703096.0,848052.0,-0.28759380784353783,146.1315,"{""activation"": ""relu"", ""batch_size"": 64, ""data_augmentation"": true, ""dr_f"": 0.454736224065, ""learning_rate"": 0.000873446806, ""new_fc_1"": 9, ""new_fc_10"": 4, ""new_fc_2"": 19, ""new_fc_3"": 16, ""new_fc_4"": 2, ""new_fc_5"": 11, ""new_fc_6"": 29, ""new_fc_7"": 32, ""new_fc_8"": 12, ""new_fc_9"": 32, ""num_neurons"": 16, ""optimizer"": ""Adam"", ""reg_l2"": true, ""skip_connection"": false, ""unit_c1"": 1, ""unit_c2"": 1}"
340,176,flops,,,14.72840848,2209261272.0,47927460.0,,149.354,"{""activation"": ""swish"", ""batch_size"": 16, ""data_augmentation"": true, ""dr_f"": 0.044462637272, ""learning_rate"": 0.000670685531, ""new_fc_1"": 28, ""new_fc_10"": 14, ""new_fc_2"": 7, ""new_fc_3"": 32, ""new_fc_4"": 16, ""new_fc_5"": 30, ""new_fc_6"": 5, ""new_fc_7"": 24, ""new_fc_8"": 3, ""new_fc_9"": 23, ""num_neurons"": 64, ""optimizer"": ""Adamax"", ""reg_l2"": false, ""skip_connection"": true, ""unit_c1"": 4, ""unit_c2"": 5}"
341,176,flops,,,9.918976586666666,1487846488.0,27330980.0,,151.8936,"{""activation"": ""selu"", ""batch_size"": 8, ""data_augmentation"": true, ""dr_f"": 0.180369657586, ""learning_rate"": 0.00071574003, ""new_fc_1"": 9, ""new_fc_10"": 12, ""new_fc_2"": 12, ""new_fc_3"": 30, ""new_fc_4"": 10, ""new_fc_5"": 15, ""new_fc_6"": 3, ""new_fc_7"": 31, ""new_fc_8"": 6, ""new_fc_9"": 8, ""num_neurons"": 64, ""optimizer"": ""SGD"", ""reg_l2"": false, ""skip_connection"": false, ""unit_c1"": 1, ""unit_c2"": 8}"
342,177,accuracy,0.9900000002235174,0.009999999776482582,0.01121944,1682916.0,85776.0,-0.3036341678435378,898.0006,"{""activation"": ""swish"", ""batch_size"": 8, ""data_augmentation"": true, ""dr_f"": 0.09889097354, ""learning_rate"": 0.00057962748, ""new_fc_1"": 13, ""new_fc_10"": 14, ""new_fc_2"": 32, ""new_fc_3"": 21, ""new_fc_4"": 8, ""new_fc_5"": 2, ""new_fc_6"": 22, ""new_fc_7"": 4, ""new_fc_8"": 19, ""new_fc_9"": 26, ""num_neurons"": 4, ""optimizer"": ""SGD"", ""reg_l2"": true, ""skip_connection"": true, ""unit_c1"": 1, ""unit_c2"": 3}"
343,178,accuracy,0.9902999997138977,0.009700000286102295,0.09165093333333334,13747640.0,462868.0,-0.2792947202002716,1103.1902,"{""activation"": ""swish"", ""batch_size"": 32, ""data_augmentation"": false, ""dr_f"": 0.302641146295, ""learning_rate"": 0.000634979772, ""new_fc_1"": 11, ""new_fc_10"": 18, ""new_fc_2"": 19, ""new_fc_3"": 4, ""new_fc_4"": 18, ""new_fc_5"": 16, ""new_fc_6"": 22, ""new_fc_7"": 27, ""new_fc_8"": 32, ""new_fc_9"": 29, ""num_neurons"": 8, ""optimizer"": ""Adagrad"", ""reg_l2"": false, ""skip_connection"": false, ""unit_c1"": 2, ""unit_c2"": 4}"
344,179,accuracy,0.9902999997138977,0.009700000286102295,0.06045312,9067968.0,621796.0,-0.28865406420027157,1248.6192,"{""activation"": ""swish"", ""batch_size"": 64, ""data_augmentation"": false, ""dr_f"": 0.031840430208, ""learning_rate"": 0.000520674926, ""new_fc_1"": 0, ""new_fc_10"": 23, ""new_fc_2"": 24, ""new_fc_3"": 20, ""new_fc_4"": 6, ""new_fc_5"": 26, ""new_fc_6"": 19, ""new_fc_7"": 11, ""new_fc_8"": 30, ""new_fc_9"": 24, ""num_neurons"": 8, ""optimizer"": ""Adadelta"", ""reg_l2"": true, ""skip_connection"": true, ""unit_c1"": 1, ""unit_c2"": 4}"
345,180,accuracy,10000000000.0,,2.00474832,300712248.0,6106820.0,10000000000.0,1250.1671,"{""activation"": ""swish"", ""batch_size"": 8, ""data_augmentation"": false, ""dr_f"": 0.080962215042, ""learning_rate"": 0.000867918765, ""new_fc_1"": 9, ""new_fc_10"": 24, ""new_fc_2"": 12, ""new_fc_3"": 8, ""new_fc_4"": 21, ""new_fc_5"": 6, ""new_fc_6"": 7, ""new_fc_7"": 10, ""new_fc_8"": 7, ""new_fc_9"": 21, ""num_neurons"": 32, ""optimizer"": ""Adam"", ""reg_l2"": true, ""skip_connection"": true, ""unit_c1"": 1, ""unit_c2"": 7}"
346,180,flops,,,0.057946986666666665,8692048.0,299580.0,,1251.5997,"{""activation"": ""swish"", ""batch_size"": 16, ""data_augmentation"": false, ""dr_f"": 0.275776463085, ""learning_rate"": 0.000931951377, ""new_fc_1"": 14, ""new_fc_10"": 30, ""new_fc_2"": 4, ""new_fc_3"": 31, ""new_fc_4"": 24, ""new_fc_5"": 20, ""new_fc_6"": 26, ""new_fc_7"": 14, ""new_fc_8"": 2, ""new_fc_9"": 0, ""num_neurons"": 8, ""optimizer"": ""Adadelta"", ""reg_l2"": false, ""skip_connection"": false, ""unit_c1"": 2, ""unit_c2"": 2}"
347,180,flops,,,0.07802016,11703024.0,445196.0,,1253.17,"{""activation"": ""swish"", ""batch_size"": 64, ""data_augmentation"": true, ""dr_f"": 0.293363381527, ""learning_rate"": 0.000526710436, ""new_fc_1"": 15, ""new_fc_10"": 27, ""new_fc_2"": 9, ""new_fc_3"": 11, ""new_fc_4"": 3, ""new_fc_5"": 3, ""new_fc_6"": 28, ""new_fc_7"": 3, ""new_fc_8"": 10, ""new_fc_9"": 28, ""num_neurons"": 8, ""optimizer"": ""SGD"", ""reg_l2"": true, ""skip_connection"": true, ""unit_c1"": 1, ""unit_c2"": 5}"
348,181,accuracy,0.988599999807775,0.01140000019222498,0.07175157333333333,10762736.0,176036.0,-0.28645452813455746,1458.2441,"{""activation"": ""selu"", ""batch_size"": 32, ""data_augmentation"": false, ""dr_f"": 0.17147633792, ""learning_rate"": 0.00053828527, ""new_fc_1"": 23, ""new_fc_10"": 6, ""new_fc_2"": 15, ""new_fc_3"": 7, ""new_fc_4"": 9, ""new_fc_5"": 32, ""new_fc_6"": 0, ""new_fc_7"": 12, ""new_fc_8"": 2, ""new_fc_9"": 4, ""num_neurons"": 4, ""optimizer"": ""Adadelta"", ""reg_l2"": false, ""skip_connection"": true, ""unit_c1"": 4, ""unit_c2"": 6}"
349,182,accuracy,0.9900000002235174,0.009999999776482582,0.052939386666666664,7940908.0,174140.0,-0.2911181838435378,1663.3953,"{""activation"": ""selu"", ""batch_size"": 32, ""data_augmentation"": true, ""dr_f"": 0.366974216185, ""learning_rate"": 0.000942054143, ""new_fc_1"": 21, ""new_fc_10"": 28, ""new_fc_2"": 2, ""new_fc_3"": 0, ""new_fc_4"": 17, ""new_fc_5"": 16, ""new_fc_6"": 8, ""new_fc_7"": 9, ""new_fc_8"": 2, ""new_fc_9"": 30, ""num_neurons"": 4, ""optimizer"": ""Adam"", ""reg_l2"": true, ""skip_connection"": true, ""unit_c1"": 3, ""unit_c2"": 6}"
350,182,flops,,,12.461042506666667,1869156376.0,21742116.0,,1665.5112,"{""activation"": ""elu"", ""batch_size"": 64, ""data_augmentation"": false, ""dr_f"": 0.266984178227, ""learning_rate"": 0.000474853941, ""new_fc_1"": 6, ""new_fc_10"": 23, ""new_fc_2"": 12, ""new_fc_3"": 29, ""new_fc_4"": 16, ""new_fc_5"": 21, ""new_fc_6"": 19, ""new_fc_7"": 28, ""new_fc_8"": 9, ""new_fc_9"": 28, ""num_neurons"": 64, ""optimizer"": ""Adam"", ""reg_l2"": false, ""skip_connection"": true, ""unit_c1"": 4, ""unit_c2"": 4}"
351,183,accuracy,10000000000.0,,2.488062026666667,373209304.0,3801316.0,10000000000.0,1667.9564,"{""activation"": ""relu"", ""batch_size"": 16, ""data_augmentation"": false, ""dr_f"": 0.297721827447, ""learning_rate"": 0.000835023681, ""new_fc_1"": 20, ""new_fc_10"": 2, ""new_fc_2"": 15, ""new_fc_3"": 0, ""new_fc_4"": 3, ""new_fc_5"": 23, ""new_fc_6"": 0, ""new_fc_7"": 5, ""new_fc_8"": 21, ""new_fc_9"": 11, ""num_neurons"": 32, ""optimizer"": ""SGD"", ""reg_l2"": false, ""skip_connection"": false, ""unit_c1"": 4, ""unit_c2"": 2}"
352,183,flops,,,3.2941974933333333,494129624.0,17238884.0,,1669.6713,"{""activation"": ""selu"", ""batch_size"": 64, ""data_augmentation"": false, ""dr_f"": 0.207018835035, ""learning_rate"": 0.000526081052, ""new_fc_1"": 9, ""new_fc_10"": 4, ""new_fc_2"": 7, ""new_fc_3"": 4, ""new_fc_4"": 4, ""new_fc_5"": 32, ""new_fc_6"": 27, ""new_fc_7"": 22, ""new_fc_8"": 25, ""new_fc_9"": 24, ""num_neurons"": 64, ""optimizer"": ""Adamax"", ""reg_l2"": true, ""skip_connection"": false, ""unit_c1"": 2, ""unit_c2"": 2}"
353,184,accuracy,10000000000.0,,8.251609333333333,1237741400.0,10562084.0,10000000000.0,1671.3169,"{""activation"": ""relu"", ""batch_size"": 8, ""data_augmentation"": true, ""dr_f"": 0.267715352901, ""learning_rate"": 0.000603878958, ""new_fc_1"": 7, ""new_fc_10"": 19, ""new_fc_2"": 10, ""new_fc_3"": 10, ""new_fc_4"": 7, ""new_fc_5"": 1, ""new_fc_6"": 24, ""new_fc_7"": 2, ""new_fc_8"": 9, ""new_fc_9"": 3, ""num_neurons"": 64, ""optimizer"": ""Adamax"", ""reg_l2"": false, ""skip_connection"": false, ""unit_c1"": 3, ""unit_c2"": 4}"
354,184,flops,,,0.17359504,26039256.0,613564.0,,1672.7458,"{""activation"": ""selu"", ""batch_size"": 32, ""data_augmentation"": true, ""dr_f"": 0.409957109665, ""learning_rate"": 0.000950099022, ""new_fc_1"": 13, ""new_fc_10"": 0, ""new_fc_2"": 10, ""new_fc_3"": 22, ""new_fc_4"": 16, ""new_fc_5"": 31, ""new_fc_6"": 31, ""new_fc_7"": 11, ""new_fc_8"": 25, ""new_fc_9"": 9, ""num_neurons"": 8, ""optimizer"": ""Adamax"", ""reg_l2"": true, ""skip_connection"": true, ""unit_c1"": 2, ""unit_c2"": 7}"
355,184,flops,,,0.16368933333333333,24553400.0,383724.0,,1674.0301,"{""activation"": ""elu"", ""batch_size"": 32, ""data_augmentation"": true, ""dr_f"": 0.408011767189, ""learning_rate"": 0.000889359816, ""new_fc_1"": 9, ""new_fc_10"": 21, ""new_fc_2"": 17, ""new_fc_3"": 19, ""new_fc_4"": 7, ""new_fc_5"": 1, ""new_fc_6"": 28, ""new_fc_7"": 6, ""new_fc_8"": 26, ""new_fc_9"": 30, ""num_neurons"": 8, ""optimizer"": ""Adagrad"", ""reg_l2"": false, ""skip_connection"": false, ""unit_c1"": 3, ""unit_c2"": 5}"
356,185,accuracy,10000000000.0,,9.96887696,1495331544.0,23364324.0,10000000000.0,1677.4488,"{""activation"": ""swish"", ""batch_size"": 16, ""data_augmentation"": false, ""dr_f"": 0.239147668772, ""learning_rate"": 0.000587222295, ""new_fc_1"": 30, ""new_fc_10"": 5, ""new_fc_2"": 5, ""new_fc_3"": 18, ""new_fc_4"": 21, ""new_fc_5"": 6, ""new_fc_6"": 31, ""new_fc_7"": 8, ""new_fc_8"": 9, ""new_fc_9"": 25, ""num_neurons"": 64, ""optimizer"": ""Adadelta"", ""reg_l2"": true, ""skip_connection"": false, ""unit_c1"": 4, ""unit_c2"": 2}"
357,186,accuracy,0.7800000011920929,0.2199999988079071,0.16900709333333333,25351064.0,429172.0,-0.40329787116553495,3563.0878,"{""activation"": ""selu"", ""batch_size"": 8, ""data_augmentation"": false, ""dr_f"": 0.142768548708, ""learning_rate"": 0.000759602734, ""new_fc_1"": 16, ""new_fc_10"": 32, ""new_fc_2"": 2, ""new_fc_3"": 10, ""new_fc_4"": 8, ""new_fc_5"": 2, ""new_fc_6"": 31, ""new_fc_7"": 5, ""new_fc_8"": 6, ""new_fc_9"": 8, ""num_neurons"": 8, ""optimizer"": ""SGD"", ""reg_l2"": false, ""skip_connection"": true, ""unit_c1"": 3, ""unit_c2"": 5}"
358,187,accuracy,10000000000.0,,1.51555664,227333496.0,4530852.0,10000000000.0,3564.7445,"{""activation"": ""selu"", ""batch_size"": 32, ""data_augmentation"": false, ""dr_f"": 0.232538205263, ""learning_rate"": 0.000613573316, ""new_fc_1"": 8, ""new_fc_10"": 4, ""new_fc_2"": 28, ""new_fc_3"": 3, ""new_fc_4"": 21, ""new_fc_5"": 1, ""new_fc_6"": 25, ""new_fc_7"": 17, ""new_fc_8"": 2, ""new_fc_9"": 12, ""num_neurons"": 32, ""optimizer"": ""Adagrad"", ""reg_l2"": true, ""skip_connection"": false, ""unit_c1"": 1, ""unit_c2"": 6}"
359,188,accuracy,10000000000.0,,1.8387318933333334,275809784.0,7918884.0,10000000000.0,3566.7165,"{""activation"": ""selu"", ""batch_size"": 32, ""data_augmentation"": true, ""dr_f"": 0.420631002418, ""learning_rate"": 0.000493797902, ""new_fc_1"": 23, ""new_fc_10"": 21, ""new_fc_2"": 22, ""new_fc_3"": 1, ""new_fc_4"": 8, ""new_fc_5"": 26, ""new_fc_6"": 31, ""new_fc_7"": 25, ""new_fc_8"": 9, ""new_fc_9"": 15, ""num_neurons"": 32, ""optimizer"": ""Adamax"", ""reg_l2"": false, ""skip_connection"": false, ""unit_c1"": 3, ""unit_c2"": 3}"
360,189,accuracy,0.9900000002235174,0.009999999776482582,0.018225866666666667,2733880.0,226396.0,-0.30153223984353783,4312.2513,"{""activation"": ""swish"", ""batch_size"": 8, ""data_augmentation"": false, ""dr_f"": 0.110995593792, ""learning_rate"": 0.000850763216, ""new_fc_1"": 30, ""new_fc_10"": 9, ""new_fc_2"": 5, ""new_fc_3"": 13, ""new_fc_4"": 11, ""new_fc_5"": 18, ""new_fc_6"": 21, ""new_fc_7"": 12, ""new_fc_8"": 4, ""new_fc_9"": 17, ""num_neurons"": 8, ""optimizer"": ""Adamax"", ""reg_l2"": true, ""skip_connection"": false, ""unit_c1"": 1, ""unit_c2"": 1}"
361,190,accuracy,0.9900000002235174,0.009999999776482582,0.2043232,30648480.0,251372.0,-0.24570303984353778,4997.7036,"{""activation"": ""relu"", ""batch_size"": 8, ""data_augmentation"": false, ""dr_f"": 0.43741949392, ""learning_rate"": 0.000624430316, ""new_fc_1"": 6, ""new_fc_10"": 11, ""new_fc_2"": 29, ""new_fc_3"": 4, ""new_fc_4"": 30, ""new_fc_5"": 11, ""new_fc_6"": 18, ""new_fc_7"": 23, ""new_fc_8"": 3, ""new_fc_9"": 26, ""num_neurons"": 8, ""optimizer"": ""Adamax"", ""reg_l2"": true, ""skip_connection"": false, ""unit_c1"": 4, ""unit_c2"": 4}"
362,191,accuracy,0.8680000007152557,0.13199999928474426,0.13851861333333335,20777792.0,1159068.0,-0.35084441549932094,5503.0315,"{""activation"": ""selu"", ""batch_size"": 32, ""data_augmentation"": true, ""dr_f"": 0.112572921757, ""learning_rate"": 0.000708865884, ""new_fc_1"": 31, ""new_fc_10"": 3, ""new_fc_2"": 8, ""new_fc_3"": 26, ""new_fc_4"": 25, ""new_fc_5"": 21, ""new_fc_6"": 22, ""new_fc_7"": 29, ""new_fc_8"": 23, ""new_fc_9"": 9, ""num_neurons"": 8, ""optimizer"": ""Adamax"", ""reg_l2"": true, ""skip_connection"": true, ""unit_c1"": 1, ""unit_c2"": 7}"
363,191,flops,,,0.029104533333333335,4365680.0,404084.0,,5504.5268,"{""activation"": ""relu"", ""batch_size"": 16, ""data_augmentation"": true, ""dr_f"": 0.420811957266, ""learning_rate"": 0.000375897679, ""new_fc_1"": 18, ""new_fc_10"": 16, ""new_fc_2"": 18, ""new_fc_3"": 7, ""new_fc_4"": 13, ""new_fc_5"": 17, ""new_fc_6"": 31, ""new_fc_7"": 25, ""new_fc_8"": 25, ""new_fc_9"": 25, ""num_neurons"": 8, ""optimizer"": ""Adadelta"", ""reg_l2"": true, ""skip_connection"": true, ""unit_c1"": 1, ""unit_c2"": 2}"
364,192,accuracy,0.8771999999880791,0.12280000001192093,0.09969808,14954712.0,861524.0,-0.3560505760083446,6130.4668,"{""activation"": ""swish"", ""batch_size"": 16, ""data_augmentation"": true, ""dr_f"": 0.496377778036, ""learning_rate"": 0.00062442384, ""new_fc_1"": 4, ""new_fc_10"": 24, ""new_fc_2"": 26, ""new_fc_3"": 3, ""new_fc_4"": 29, ""new_fc_5"": 8, ""new_fc_6"": 26, ""new_fc_7"": 30, ""new_fc_8"": 29, ""new_fc_9"": 5, ""num_neurons"": 16, ""optimizer"": ""Adam"", ""reg_l2"": false, ""skip_connection"": true, ""unit_c1"": 1, ""unit_c2"": 2}"
365,193,accuracy,0.9903999995440245,0.009600000455975533,0.01901056,2851584.0,47964.0,-0.30101683231918286,6335.6466,"{""activation"": ""relu"", ""batch_size"": 32, ""data_augmentation"": false, ""dr_f"": 0.286818208827, ""learning_rate"": 0.000486823409, ""new_fc_1"": 6, ""new_fc_10"": 8, ""new_fc_2"": 16, ""new_fc_3"": 32, ""new_fc_4"": 7, ""new_fc_5"": 17, ""new_fc_6"": 9, ""new_fc_7"": 12, ""new_fc_8"": 9, ""new_fc_9"": 6, ""num_neurons"": 4, ""optimizer"": ""Adadelta"", ""reg_l2"": true, ""skip_connection"": false, ""unit_c1"": 2, ""unit_c2"": 3}"
366,194,accuracy,10000000000.0,,3.44255888,516383832.0,28026596.0,10000000000.0,6338.1187,"{""activation"": ""swish"", ""batch_size"": 32, ""data_augmentation"": true, ""dr_f"": 0.49648633945, ""learning_rate"": 0.000431154993, ""new_fc_1"": 24, ""new_fc_10"": 27, ""new_fc_2"": 4, ""new_fc_3"": 18, ""new_fc_4"": 32, ""new_fc_5"": 20, ""new_fc_6"": 29, ""new_fc_7"": 12, ""new_fc_8"": 10, ""new_fc_9"": 32, ""num_neurons"": 64, ""optimizer"": ""SGD"", ""reg_l2"": true, ""skip_connection"": false, ""unit_c1"": 2, ""unit_c2"": 2}"
367,194,flops,,,0.09776496,14664744.0,768292.0,,6339.7651,"{""activation"": ""selu"", ""batch_size"": 32, ""data_augmentation"": true, ""dr_f"": 0.107934225887, ""learning_rate"": 0.000504706597, ""new_fc_1"": 11, ""new_fc_10"": 14, ""new_fc_2"": 21, ""new_fc_3"": 4, ""new_fc_4"": 27, ""new_fc_5"": 11, ""new_fc_6"": 21, ""new_fc_7"": 10, ""new_fc_8"": 20, ""new_fc_9"": 2, ""num_neurons"": 16, ""optimizer"": ""Adagrad"", ""reg_l2"": true, ""skip_connection"": true, ""unit_c1"": 1, ""unit_c2"": 2}"
368,195,accuracy,10000000000.0,,8.97499792,1346249688.0,14683492.0,10000000000.0,6341.915,"{""activation"": ""swish"", ""batch_size"": 16, ""data_augmentation"": true, ""dr_f"": 0.499781847906, ""learning_rate"": 0.000910586474, ""new_fc_1"": 32, ""new_fc_10"": 21, ""new_fc_2"": 20, ""new_fc_3"": 8, ""new_fc_4"": 20, ""new_fc_5"": 1, ""new_fc_6"": 11, ""new_fc_7"": 4, ""new_fc_8"": 15, ""new_fc_9"": 6, ""num_neurons"": 64, ""optimizer"": ""SGD"", ""reg_l2"": false, ""skip_connection"": false, ""unit_c1"": 4, ""unit_c2"": 1}"
369,196,accuracy,0.9059000015258789,0.0940999984741211,0.018211413333333332,2731712.0,213188.0,-0.36040657493188477,6666.7222,"{""activation"": ""elu"", ""batch_size"": 64, ""data_augmentation"": false, ""dr_f"": 0.210412724648, ""learning_rate"": 0.000286615166, ""new_fc_1"": 12, ""new_fc_10"": 19, ""new_fc_2"": 12, ""new_fc_3"": 12, ""new_fc_4"": 18, ""new_fc_5"": 24, ""new_fc_6"": 16, ""new_fc_7"": 18, ""new_fc_8"": 18, ""new_fc_9"": 0, ""num_neurons"": 8, ""optimizer"": ""Adagrad"", ""reg_l2"": false, ""skip_connection"": true, ""unit_c1"": 1, ""unit_c2"": 1}"
370,197,accuracy,0.9773999992758036,0.022600000724196434,0.16368933333333333,24553400.0,383724.0,-0.2667132005069375,6871.7401,"{""activation"": ""elu"", ""batch_size"": 32, ""data_augmentation"": true, ""dr_f"": 0.408011767189, ""learning_rate"": 0.000889359816, ""new_fc_1"": 9, ""new_fc_10"": 21, ""new_fc_2"": 17, ""new_fc_3"": 19, ""new_fc_4"": 7, ""new_fc_5"": 1, ""new_fc_6"": 28, ""new_fc_7"": 6, ""new_fc_8"": 26, ""new_fc_9"": 30, ""num_neurons"": 8, ""optimizer"": ""Adagrad"", ""reg_l2"": false, ""skip_connection"": false, ""unit_c1"": 3, ""unit_c2"": 5}"
371,198,accuracy,10000000000.0,,1.0487772266666666,157316584.0,3793844.0,10000000000.0,6874.5482,"{""activation"": ""relu"", ""batch_size"": 32, ""data_augmentation"": false, ""dr_f"": 0.373584084214, ""learning_rate"": 0.000672198712, ""new_fc_1"": 30, ""new_fc_10"": 9, ""new_fc_2"": 3, ""new_fc_3"": 2, ""new_fc_4"": 28, ""new_fc_5"": 20, ""new_fc_6"": 25, ""new_fc_7"": 9, ""new_fc_8"": 28, ""new_fc_9"": 23, ""num_neurons"": 16, ""optimizer"": ""Adamax"", ""reg_l2"": true, ""skip_connection"": false, ""unit_c1"": 4, ""unit_c2"": 6}"
372,199,accuracy,0.8358000069856644,0.16419999301433563,0.09776496,14664744.0,768292.0,-0.3856105071100349,7560.4035,"{""activation"": ""selu"", ""batch_size"": 32, ""data_augmentation"": true, ""dr_f"": 0.107934225887, ""learning_rate"": 0.000504706597, ""new_fc_1"": 11, ""new_fc_10"": 14, ""new_fc_2"": 21, ""new_fc_3"": 4, ""new_fc_4"": 27, ""new_fc_5"": 11, ""new_fc_6"": 21, ""new_fc_7"": 10, ""new_fc_8"": 20, ""new_fc_9"": 2, ""num_neurons"": 16, ""optimizer"": ""Adagrad"", ""reg_l2"": true, ""skip_connection"": true, ""unit_c1"": 1, ""unit_c2"": 2}"
373,200,accuracy,10000000000.0,,3.5026297066666667,525394456.0,34747364.0,10000000000.0,7563.2811,"{""activation"": ""swish"", ""batch_size"": 8, ""data_augmentation"": true, ""dr_f"": 0.317007385171, ""learning_rate"": 0.000872981768, ""new_fc_1"": 22, ""new_fc_10"": 0, ""new_fc_2"": 6, ""new_fc_3"": 24, ""new_fc_4"": 17, ""new_fc_5"": 24, ""new_fc_6"": 12, ""new_fc_7"": 26, ""new_fc_8"": 19, ""new_fc_9"": 23, ""num_neurons"": 64, ""optimizer"": ""Adamax"", ""reg_l2"": true, ""skip_connection"": false, ""unit_c1"": 1, ""unit_c2"": 4}"
374,201,accuracy,0.9900000002235174,0.009999999776482582,0.1058736,15881040.0,404452.0,-0.2752379198435378,386.6936,"{""activation"": ""swish"", ""batch_size"": 16, ""data_augmentation"": false, ""dr_f"": 0.456493593748, ""learning_rate"": 0.000499742067, ""new_fc_1"": 26, ""new_fc_10"": 24, ""new_fc_2"": 24, ""new_fc_3"": 7, ""new_fc_4"": 1, ""new_fc_5"": 17, ""new_fc_6"": 3, ""new_fc_7"": 12, ""new_fc_8"": 24, ""new_fc_9"": 27, ""num_neurons"": 8, ""optimizer"": ""Adadelta"", ""reg_l2"": true, ""skip_connection"": false, ""unit_c1"": 3, ""unit_c2"": 2}"
375,202,accuracy,10000000000.0,,10.374774773333334,1556216216.0,40438052.0,10000000000.0,389.6928,"{""activation"": ""relu"", ""batch_size"": 64, ""data_augmentation"": true, ""dr_f"": 0.353576896049, ""learning_rate"": 0.000355996464, ""new_fc_1"": 25, ""new_fc_10"": 3, ""new_fc_2"": 11, ""new_fc_3"": 9, ""new_fc_4"": 22, ""new_fc_5"": 8, ""new_fc_6"": 5, ""new_fc_7"": 25, ""new_fc_8"": 12, ""new_fc_9"": 13, ""num_neurons"": 64, ""optimizer"": ""Adamax"", ""reg_l2"": true, ""skip_connection"": true, ""unit_c1"": 3, ""unit_c2"": 5}"
376,203,accuracy,0.9396999999880791,0.06030000001192093,0.9283967466666667,139259512.0,1996212.0,-0.06369097600834464,775.6699,"{""activation"": ""selu"", ""batch_size"": 64, ""data_augmentation"": true, ""dr_f"": 0.254810320586, ""learning_rate"": 0.000686560598, ""new_fc_1"": 16, ""new_fc_10"": 32, ""new_fc_2"": 25, ""new_fc_3"": 15, ""new_fc_4"": 12, ""new_fc_5"": 15, ""new_fc_6"": 13, ""new_fc_7"": 26, ""new_fc_8"": 7, ""new_fc_9"": 1, ""num_neurons"": 16, ""optimizer"": ""Adam"", ""reg_l2"": true, ""skip_connection"": true, ""unit_c1"": 4, ""unit_c2"": 5}"
377,204,accuracy,0.9944000001996756,0.00559999980032444,0.06247088,9370632.0,638436.0,-0.28517873586022713,921.543,"{""activation"": ""swish"", ""batch_size"": 64, ""data_augmentation"": false, ""dr_f"": 0.348311881331, ""learning_rate"": 0.000803608029, ""new_fc_1"": 9, ""new_fc_10"": 32, ""new_fc_2"": 8, ""new_fc_3"": 5, ""new_fc_4"": 10, ""new_fc_5"": 25, ""new_fc_6"": 19, ""new_fc_7"": 9, ""new_fc_8"": 3, ""new_fc_9"": 17, ""num_neurons"": 16, ""optimizer"": ""Adadelta"", ""reg_l2"": false, ""skip_connection"": false, ""unit_c1"": 1, ""unit_c2"": 1}"
378,205,accuracy,10000000000.0,,17.042216266666667,2556332440.0,79760740.0,10000000000.0,926.1366,"{""activation"": ""relu"", ""batch_size"": 32, ""data_augmentation"": false, ""dr_f"": 0.192801338235, ""learning_rate"": 0.000739038147, ""new_fc_1"": 28, ""new_fc_10"": 1, ""new_fc_2"": 28, ""new_fc_3"": 23, ""new_fc_4"": 12, ""new_fc_5"": 25, ""new_fc_6"": 21, ""new_fc_7"": 18, ""new_fc_8"": 27, ""new_fc_9"": 30, ""num_neurons"": 64, ""optimizer"": ""SGD"", ""reg_l2"": false, ""skip_connection"": true, ""unit_c1"": 3, ""unit_c2"": 8}"
379,206,accuracy,0.9901000000536442,0.00989999994635582,0.5408953066666666,81134296.0,1347028.0,-0.14466140796244908,1373.1321,"{""activation"": ""swish"", ""batch_size"": 16, ""data_augmentation"": true, ""dr_f"": 0.418863962932, ""learning_rate"": 0.000387833545, ""new_fc_1"": 7, ""new_fc_10"": 12, ""new_fc_2"": 14, ""new_fc_3"": 29, ""new_fc_4"": 7, ""new_fc_5"": 31, ""new_fc_6"": 14, ""new_fc_7"": 7, ""new_fc_8"": 32, ""new_fc_9"": 31, ""num_neurons"": 16, ""optimizer"": ""Adadelta"", ""reg_l2"": true, ""skip_connection"": false, ""unit_c1"": 3, ""unit_c2"": 4}"
380,207,accuracy,0.9368999972939491,0.06310000270605087,0.07294026666666667,10941040.0,265524.0,-0.3222879218942356,3318.5422,"{""activation"": ""elu"", ""batch_size"": 8, ""data_augmentation"": false, ""dr_f"": 0.47669798054, ""learning_rate"": 0.000165054647, ""new_fc_1"": 11, ""new_fc_10"": 5, ""new_fc_2"": 14, ""new_fc_3"": 23, ""new_fc_4"": 12, ""new_fc_5"": 17, ""new_fc_6"": 11, ""new_fc_7"": 11, ""new_fc_8"": 30, ""new_fc_9"": 5, ""num_neurons"": 8, ""optimizer"": ""Adamax"", ""reg_l2"": false, ""skip_connection"": true, ""unit_c1"": 2, ""unit_c2"": 3}"
381,207,flops,,,14.347739466666667,2152160920.0,19379428.0,,3320.7581,"{""activation"": ""swish"", ""batch_size"": 16, ""data_augmentation"": false, ""dr_f"": 0.258897266866, ""learning_rate"": 0.000715949949, ""new_fc_1"": 0, ""new_fc_10"": 11, ""new_fc_2"": 7, ""new_fc_3"": 2, ""new_fc_4"": 10, ""new_fc_5"": 27, ""new_fc_6"": 30, ""new_fc_7"": 23, ""new_fc_8"": 3, ""new_fc_9"": 2, ""num_neurons"": 64, ""optimizer"": ""Adadelta"", ""reg_l2"": true, ""skip_connection"": true, ""unit_c1"": 4, ""unit_c2"": 5}"
382,208,accuracy,0.9859999995678663,0.014000000432133675,0.057946986666666665,8692048.0,299580.0,-0.29241590430249353,3706.3584,"{""activation"": ""swish"", ""batch_size"": 16, ""data_augmentation"": false, ""dr_f"": 0.275776463085, ""learning_rate"": 0.000931951377, ""new_fc_1"": 14, ""new_fc_10"": 30, ""new_fc_2"": 4, ""new_fc_3"": 31, ""new_fc_4"": 24, ""new_fc_5"": 20, ""new_fc_6"": 26, ""new_fc_7"": 14, ""new_fc_8"": 2, ""new_fc_9"": 0, ""num_neurons"": 8, ""optimizer"": ""Adadelta"", ""reg_l2"": false, ""skip_connection"": false, ""unit_c1"": 2, ""unit_c2"": 2}"
383,209,accuracy,10000000000.0,,1.31963408,197945112.0,1911620.0,10000000000.0,3707.8368,"{""activation"": ""relu"", ""batch_size"": 16, ""data_augmentation"": true, ""dr_f"": 0.170599571365, ""learning_rate"": 0.000574337537, ""new_fc_1"": 1, ""new_fc_10"": 26, ""new_fc_2"": 32, ""new_fc_3"": 6, ""new_fc_4"": 4, ""new_fc_5"": 16, ""new_fc_6"": 3, ""new_fc_7"": 30, ""new_fc_8"": 21, ""new_fc_9"": 11, ""num_neurons"": 32, ""optimizer"": ""Adam"", ""reg_l2"": true, ""skip_connection"": false, ""unit_c1"": 3, ""unit_c2"": 1}"
384,210,accuracy,10000000000.0,,1.0187781866666668,152816728.0,1360996.0,10000000000.0,3709.5685,"{""activation"": ""swish"", ""batch_size"": 16, ""data_augmentation"": false, ""dr_f"": 0.385308989343, ""learning_rate"": 0.000417544701, ""new_fc_1"": 6, ""new_fc_10"": 12, ""new_fc_2"": 23, ""new_fc_3"": 7, ""new_fc_4"": 27, ""new_fc_5"": 17, ""new_fc_6"": 21, ""new_fc_7"": 13, ""new_fc_8"": 25, ""new_fc_9"": 9, ""num_neurons"": 16, ""optimizer"": ""Adam"", ""reg_l2"": false, ""skip_connection"": false, ""unit_c1"": 4, ""unit_c2"": 6}"
385,211,accuracy,0.9900000002235174,0.009999999776482582,0.36106298666666664,54159448.0,1823684.0,-0.19868110384353782,4215.5742,"{""activation"": ""swish"", ""batch_size"": 16, ""data_augmentation"": true, ""dr_f"": 0.070688916389, ""learning_rate"": 0.000654668355, ""new_fc_1"": 1, ""new_fc_10"": 11, ""new_fc_2"": 27, ""new_fc_3"": 2, ""new_fc_4"": 14, ""new_fc_5"": 16, ""new_fc_6"": 8, ""new_fc_7"": 20, ""new_fc_8"": 26, ""new_fc_9"": 11, ""num_neurons"": 32, ""optimizer"": ""Adamax"", ""reg_l2"": true, ""skip_connection"": true, ""unit_c1"": 1, ""unit_c2"": 2}"
386,212,accuracy,0.9895999999716878,0.010400000028312206,0.07802016,11703024.0,445196.0,-0.2838739520198185,4361.3622,"{""activation"": ""swish"", ""batch_size"": 64, ""data_augmentation"": true, ""dr_f"": 0.293363381527, ""learning_rate"": 0.000526710436, ""new_fc_1"": 15, ""new_fc_10"": 27, ""new_fc_2"": 9, ""new_fc_3"": 11, ""new_fc_4"": 3, ""new_fc_5"": 3, ""new_fc_6"": 28, ""new_fc_7"": 3, ""new_fc_8"": 10, ""new_fc_9"": 28, ""num_neurons"": 8, ""optimizer"": ""SGD"", ""reg_l2"": true, ""skip_connection"": true, ""unit_c1"": 1, ""unit_c2"": 5}"
387,213,accuracy,10000000000.0,,1.61026064,241539096.0,11465412.0,10000000000.0,4363.0377,"{""activation"": ""swish"", ""batch_size"": 16, ""data_augmentation"": true, ""dr_f"": 0.058324621453, ""learning_rate"": 0.000182008057, ""new_fc_1"": 24, ""new_fc_10"": 20, ""new_fc_2"": 12, ""new_fc_3"": 1, ""new_fc_4"": 26, ""new_fc_5"": 21, ""new_fc_6"": 16, ""new_fc_7"": 3, ""new_fc_8"": 27, ""new_fc_9"": 4, ""num_neurons"": 32, ""optimizer"": ""Adam"", ""reg_l2"": true, ""skip_connection"": false, ""unit_c1"": 1, ""unit_c2"": 6}"
388,213,flops,,,0.033437706666666664,5015656.0,116232.0,,4364.4644,"{""activation"": ""selu"", ""batch_size"": 16, ""data_augmentation"": false, ""dr_f"": 0.066172288614, ""learning_rate"": 0.000311721352, ""new_fc_1"": 5, ""new_fc_10"": 30, ""new_fc_2"": 16, ""new_fc_3"": 19, ""new_fc_4"": 17, ""new_fc_5"": 25, ""new_fc_6"": 32, ""new_fc_7"": 25, ""new_fc_8"": 30, ""new_fc_9"": 29, ""num_neurons"": 4, ""optimizer"": ""Adadelta"", ""reg_l2"": false, ""skip_connection"": true, ""unit_c1"": 3, ""unit_c2"": 3}"
389,213,flops,,,18.76130704,2814196056.0,72253924.0,,4368.982,"{""activation"": ""relu"", ""batch_size"": 16, ""data_augmentation"": false, ""dr_f"": 0.456330357827, ""learning_rate"": 0.000185363268, ""new_fc_1"": 32, ""new_fc_10"": 6, ""new_fc_2"": 17, ""new_fc_3"": 13, ""new_fc_4"": 11, ""new_fc_5"": 30, ""new_fc_6"": 15, ""new_fc_7"": 8, ""new_fc_8"": 15, ""new_fc_9"": 25, ""num_neurons"": 64, ""optimizer"": ""Adagrad"", ""reg_l2"": true, ""skip_connection"": false, ""unit_c1"": 4, ""unit_c2"": 7}"
390,213,flops,,,0.045751146666666666,6862672.0,163908.0,,4370.379,"{""activation"": ""selu"", ""batch_size"": 16, ""data_augmentation"": false, ""dr_f"": 0.030051035282, ""learning_rate"": 0.000919560259, ""new_fc_1"": 24, ""new_fc_10"": 3, ""new_fc_2"": 2, ""new_fc_3"": 13, ""new_fc_4"": 23, ""new_fc_5"": 23, ""new_fc_6"": 27, ""new_fc_7"": 14, ""new_fc_8"": 1, ""new_fc_9"": 12, ""num_neurons"": 4, ""optimizer"": ""Adam"", ""reg_l2"": true, ""skip_connection"": true, ""unit_c1"": 3, ""unit_c2"": 5}"
391,214,accuracy,10000000000.0,,3.34954384,502431576.0,21390052.0,10000000000.0,4373.9777,"{""activation"": ""selu"", ""batch_size"": 64, ""data_augmentation"": false, ""dr_f"": 0.136793601376, ""learning_rate"": 0.000123837415, ""new_fc_1"": 18, ""new_fc_10"": 26, ""new_fc_2"": 13, ""new_fc_3"": 2, ""new_fc_4"": 8, ""new_fc_5"": 5, ""new_fc_6"": 11, ""new_fc_7"": 31, ""new_fc_8"": 29, ""new_fc_9"": 21, ""num_neurons"": 64, ""optimizer"": ""Adadelta"", ""reg_l2"": true, ""skip_connection"": false, ""unit_c1"": 2, ""unit_c2"": 2}"
392,215,accuracy,0.9303999990224838,0.06960000097751617,0.09172485333333333,13758728.0,286332.0,-0.3212025446842613,4759.0922,"{""activation"": ""elu"", ""batch_size"": 64, ""data_augmentation"": false, ""dr_f"": 0.30918400199, ""learning_rate"": 0.000599556816, ""new_fc_1"": 23, ""new_fc_10"": 21, ""new_fc_2"": 30, ""new_fc_3"": 10, ""new_fc_4"": 1, ""new_fc_5"": 14, ""new_fc_6"": 23, ""new_fc_7"": 26, ""new_fc_8"": 4, ""new_fc_9"": 22, ""num_neurons"": 8, ""optimizer"": ""Adagrad"", ""reg_l2"": false, ""skip_connection"": false, ""unit_c1"": 3, ""unit_c2"": 1}"
393,216,accuracy,10000000000.0,,12.12060048,1818090072.0,56282404.0,10000000000.0,4762.8861,"{""activation"": ""selu"", ""batch_size"": 8, ""data_augmentation"": false, ""dr_f"": 0.293319112687, ""learning_rate"": 0.000635544536, ""new_fc_1"": 26, ""new_fc_10"": 4, ""new_fc_2"": 11, ""new_fc_3"": 18, ""new_fc_4"": 20, ""new_fc_5"": 26, ""new_fc_6"": 29, ""new_fc_7"": 5, ""new_fc_8"": 22, ""new_fc_9"": 31, ""num_neurons"": 64, ""optimizer"": ""Adadelta"", ""reg_l2"": false, ""skip_connection"": false, ""unit_c1"": 3, ""unit_c2"": 6}"
394,217,accuracy,0.9900000002235174,0.009999999776482582,0.6204604266666667,93069064.0,740900.0,-0.12086187184353779,5148.4625,"{""activation"": ""relu"", ""batch_size"": 16, ""data_augmentation"": false, ""dr_f"": 0.36827597905, ""learning_rate"": 0.000691437701, ""new_fc_1"": 2, ""new_fc_10"": 6, ""new_fc_2"": 1, ""new_fc_3"": 6, ""new_fc_4"": 2, ""new_fc_5"": 7, ""new_fc_6"": 16, ""new_fc_7"": 22, ""new_fc_8"": 27, ""new_fc_9"": 2, ""num_neurons"": 16, ""optimizer"": ""Adam"", ""reg_l2"": true, ""skip_connection"": true, ""unit_c1"": 1, ""unit_c2"": 8}"
395,218,accuracy,10000000000.0,,12.461042506666667,1869156376.0,21742116.0,10000000000.0,5150.677,"{""activation"": ""elu"", ""batch_size"": 64, ""data_augmentation"": false, ""dr_f"": 0.266984178227, ""learning_rate"": 0.000474853941, ""new_fc_1"": 6, ""new_fc_10"": 23, ""new_fc_2"": 12, ""new_fc_3"": 29, ""new_fc_4"": 16, ""new_fc_5"": 21, ""new_fc_6"": 19, ""new_fc_7"": 28, ""new_fc_8"": 9, ""new_fc_9"": 28, ""num_neurons"": 64, ""optimizer"": ""Adam"", ""reg_l2"": false, ""skip_connection"": true, ""unit_c1"": 4, ""unit_c2"": 4}"
396,218,flops,,,0.21827770666666665,32741656.0,1214276.0,,5152.5145,"{""activation"": ""swish"", ""batch_size"": 8, ""data_augmentation"": true, ""dr_f"": 0.12095257416, ""learning_rate"": 0.000945887606, ""new_fc_1"": 24, ""new_fc_10"": 17, ""new_fc_2"": 3, ""new_fc_3"": 5, ""new_fc_4"": 30, ""new_fc_5"": 13, ""new_fc_6"": 3, ""new_fc_7"": 1, ""new_fc_8"": 27, ""new_fc_9"": 17, ""num_neurons"": 16, ""optimizer"": ""Adagrad"", ""reg_l2"": false, ""skip_connection"": false, ""unit_c1"": 2, ""unit_c2"": 2}"
397,219,accuracy,10000000000.0,,1.3142146666666668,197132200.0,2339284.0,10000000000.0,5154.3593,"{""activation"": ""swish"", ""batch_size"": 64, ""data_augmentation"": false, ""dr_f"": 0.321120369972, ""learning_rate"": 0.000408895985, ""new_fc_1"": 10, ""new_fc_10"": 13, ""new_fc_2"": 8, ""new_fc_3"": 19, ""new_fc_4"": 26, ""new_fc_5"": 32, ""new_fc_6"": 2, ""new_fc_7"": 18, ""new_fc_8"": 32, ""new_fc_9"": 15, ""num_neurons"": 16, ""optimizer"": ""SGD"", ""reg_l2"": false, ""skip_connection"": false, ""unit_c1"": 4, ""unit_c2"": 8}"
398,220,accuracy,10000000000.0,,1.3144547733333334,197168216.0,2556772.0,10000000000.0,5156.0158,"{""activation"": ""selu"", ""batch_size"": 64, ""data_augmentation"": false, ""dr_f"": 0.352669454223, ""learning_rate"": 0.000842343712, ""new_fc_1"": 12, ""new_fc_10"": 21, ""new_fc_2"": 32, ""new_fc_3"": 7, ""new_fc_4"": 27, ""new_fc_5"": 13, ""new_fc_6"": 29, ""new_fc_7"": 18, ""new_fc_8"": 14, ""new_fc_9"": 11, ""num_neurons"": 16, ""optimizer"": ""SGD"", ""reg_l2"": true, ""skip_connection"": false, ""unit_c1"": 4, ""unit_c2"": 8}"
399,220,flops,,,0.8316509333333333,124747640.0,3702980.0,,5157.7366,"{""activation"": ""elu"", ""batch_size"": 32, ""data_augmentation"": true, ""dr_f"": 0.428513051663, ""learning_rate"": 0.000972972934, ""new_fc_1"": 12, ""new_fc_10"": 11, ""new_fc_2"": 6, ""new_fc_3"": 12, ""new_fc_4"": 11, ""new_fc_5"": 11, ""new_fc_6"": 32, ""new_fc_7"": 14, ""new_fc_8"": 13, ""new_fc_9"": 23, ""num_neurons"": 32, ""optimizer"": ""Adadelta"", ""reg_l2"": false, ""skip_connection"": true, ""unit_c1"": 2, ""unit_c2"": 2}"
400,221,accuracy,0.6836999952793121,0.31630000472068787,0.01783376,2675064.0,218556.0,-0.5160598753044815,7282.9943,"{""activation"": ""elu"", ""batch_size"": 8, ""data_augmentation"": false, ""dr_f"": 0.157428442691, ""learning_rate"": 0.000278084426, ""new_fc_1"": 23, ""new_fc_10"": 8, ""new_fc_2"": 31, ""new_fc_3"": 15, ""new_fc_4"": 4, ""new_fc_5"": 11, ""new_fc_6"": 3, ""new_fc_7"": 3, ""new_fc_8"": 18, ""new_fc_9"": 16, ""num_neurons"": 8, ""optimizer"": ""Adamax"", ""reg_l2"": false, ""skip_connection"": false, ""unit_c1"": 1, ""unit_c2"": 1}"
401,222,accuracy,0.7532999962568283,0.2467000037431717,0.54995024,82492536.0,1163636.0,-0.30770493062022014,8448.1072,"{""activation"": ""elu"", ""batch_size"": 16, ""data_augmentation"": false, ""dr_f"": 0.205835769084, ""learning_rate"": 0.00045658489, ""new_fc_1"": 9, ""new_fc_10"": 12, ""new_fc_2"": 27, ""new_fc_3"": 9, ""new_fc_4"": 7, ""new_fc_5"": 4, ""new_fc_6"": 2, ""new_fc_7"": 5, ""new_fc_8"": 29, ""new_fc_9"": 26, ""num_neurons"": 16, ""optimizer"": ""SGD"", ""reg_l2"": false, ""skip_connection"": true, ""unit_c1"": 3, ""unit_c2"": 4}"
402,222,flops,,,0.042101733333333335,6315260.0,30988.0,,8449.8833,"{""activation"": ""swish"", ""batch_size"": 8, ""data_augmentation"": true, ""dr_f"": 0.249935424823, ""learning_rate"": 0.000869527013, ""new_fc_1"": 2, ""new_fc_10"": 21, ""new_fc_2"": 0, ""new_fc_3"": 19, ""new_fc_4"": 9, ""new_fc_5"": 1, ""new_fc_6"": 14, ""new_fc_7"": 19, ""new_fc_8"": 16, ""new_fc_9"": 6, ""num_neurons"": 4, ""optimizer"": ""Adamax"", ""reg_l2"": true, ""skip_connection"": true, ""unit_c1"": 4, ""unit_c2"": 1}"
403,223,accuracy,10000000000.0,,4.61614352,692421528.0,18939044.0,10000000000.0,8452.2852,"{""activation"": ""relu"", ""batch_size"": 32, ""data_augmentation"": true, ""dr_f"": 0.487614128163, ""learning_rate"": 0.000647328524, ""new_fc_1"": 9, ""new_fc_10"": 25, ""new_fc_2"": 29, ""new_fc_3"": 6, ""new_fc_4"": 10, ""new_fc_5"": 1, ""new_fc_6"": 13, ""new_fc_7"": 0, ""new_fc_8"": 10, ""new_fc_9"": 22, ""num_neurons"": 64, ""optimizer"": ""Adamax"", ""reg_l2"": true, ""skip_connection"": true, ""unit_c1"": 1, ""unit_c2"": 5}"
404,224,accuracy,0.9833000004291534,0.016699999570846558,0.08058346666666667,12087520.0,800132.0,-0.28751495969959256,9017.4822,"{""activation"": ""elu"", ""batch_size"": 16, ""data_augmentation"": true, ""dr_f"": 0.404393763817, ""learning_rate"": 0.000560057489, ""new_fc_1"": 28, ""new_fc_10"": 27, ""new_fc_2"": 30, ""new_fc_3"": 22, ""new_fc_4"": 9, ""new_fc_5"": 0, ""new_fc_6"": 22, ""new_fc_7"": 9, ""new_fc_8"": 28, ""new_fc_9"": 10, ""num_neurons"": 8, ""optimizer"": ""Adadelta"", ""reg_l2"": true, ""skip_connection"": false, ""unit_c1"": 1, ""unit_c2"": 5}"
405,225,accuracy,0.9637999981641769,0.03620000183582306,0.17359504,26039256.0,613564.0,-0.2732614892850761,9282.9021,"{""activation"": ""selu"", ""batch_size"": 32, ""data_augmentation"": true, ""dr_f"": 0.409957109665, ""learning_rate"": 0.000950099022, ""new_fc_1"": 13, ""new_fc_10"": 0, ""new_fc_2"": 10, ""new_fc_3"": 22, ""new_fc_4"": 16, ""new_fc_5"": 31, ""new_fc_6"": 31, ""new_fc_7"": 11, ""new_fc_8"": 25, ""new_fc_9"": 9, ""num_neurons"": 8, ""optimizer"": ""Adamax"", ""reg_l2"": true, ""skip_connection"": true, ""unit_c1"": 2, ""unit_c2"": 7}"
406,226,accuracy,0.5708000063896179,0.4291999936103821,0.5801157866666666,87017368.0,988228.0,-0.4264052595272674,566.481,"{""activation"": ""elu"", ""batch_size"": 16, ""data_augmentation"": false, ""dr_f"": 0.122528712028, ""learning_rate"": 0.00068394744, ""new_fc_1"": 30, ""new_fc_10"": 19, ""new_fc_2"": 10, ""new_fc_3"": 17, ""new_fc_4"": 12, ""new_fc_5"": 18, ""new_fc_6"": 5, ""new_fc_7"": 26, ""new_fc_8"": 8, ""new_fc_9"": 11, ""num_neurons"": 16, ""optimizer"": ""Adamax"", ""reg_l2"": false, ""skip_connection"": false, ""unit_c1"": 4, ""unit_c2"": 1}"
407,227,accuracy,0.9900000002235174,0.009999999776482582,0.045751146666666666,6862672.0,163908.0,-0.2932746558435378,952.1141,"{""activation"": ""selu"", ""batch_size"": 16, ""data_augmentation"": false, ""dr_f"": 0.030051035282, ""learning_rate"": 0.000919560259, ""new_fc_1"": 24, ""new_fc_10"": 3, ""new_fc_2"": 2, ""new_fc_3"": 13, ""new_fc_4"": 23, ""new_fc_5"": 23, ""new_fc_6"": 27, ""new_fc_7"": 14, ""new_fc_8"": 1, ""new_fc_9"": 12, ""num_neurons"": 4, ""optimizer"": ""Adam"", ""reg_l2"": true, ""skip_connection"": true, ""unit_c1"": 3, ""unit_c2"": 5}"
408,227,flops,,,0.31189248,46783872.0,1098228.0,,953.9067,"{""activation"": ""selu"", ""batch_size"": 8, ""data_augmentation"": true, ""dr_f"": 0.079604589802, ""learning_rate"": 0.000483514923, ""new_fc_1"": 29, ""new_fc_10"": 17, ""new_fc_2"": 5, ""new_fc_3"": 7, ""new_fc_4"": 22, ""new_fc_5"": 26, ""new_fc_6"": 23, ""new_fc_7"": 11, ""new_fc_8"": 24, ""new_fc_9"": 25, ""num_neurons"": 8, ""optimizer"": ""Adagrad"", ""reg_l2"": false, ""skip_connection"": true, ""unit_c1"": 4, ""unit_c2"": 7}"
409,228,accuracy,0.964699998497963,0.03530000150203705,0.02333592,3500388.0,40360.0,-0.31770922505142596,2059.5556,"{""activation"": ""selu"", ""batch_size"": 16, ""data_augmentation"": true, ""dr_f"": 0.125693915542, ""learning_rate"": 0.000597511798, ""new_fc_1"": 2, ""new_fc_10"": 12, ""new_fc_2"": 14, ""new_fc_3"": 23, ""new_fc_4"": 17, ""new_fc_5"": 5, ""new_fc_6"": 7, ""new_fc_7"": 16, ""new_fc_8"": 4, ""new_fc_9"": 23, ""num_neurons"": 4, ""optimizer"": ""Adadelta"", ""reg_l2"": false, ""skip_connection"": false, ""unit_c1"": 2, ""unit_c2"": 4}"
410,228,flops,,,0.11340832,17011248.0,471948.0,,2061.3195,"{""activation"": ""swish"", ""batch_size"": 64, ""data_augmentation"": false, ""dr_f"": 0.056869224002, ""learning_rate"": 0.000462361814, ""new_fc_1"": 12, ""new_fc_10"": 8, ""new_fc_2"": 24, ""new_fc_3"": 30, ""new_fc_4"": 8, ""new_fc_5"": 0, ""new_fc_6"": 15, ""new_fc_7"": 12, ""new_fc_8"": 32, ""new_fc_9"": 28, ""num_neurons"": 8, ""optimizer"": ""Adadelta"", ""reg_l2"": true, ""skip_connection"": false, ""unit_c1"": 2, ""unit_c2"": 5}"
411,229,accuracy,0.9902999997138977,0.009700000286102295,0.11340832,17011248.0,471948.0,-0.27276750420027157,2206.9869,"{""activation"": ""swish"", ""batch_size"": 64, ""data_augmentation"": false, ""dr_f"": 0.056869224002, ""learning_rate"": 0.000462361814, ""new_fc_1"": 12, ""new_fc_10"": 8, ""new_fc_2"": 24, ""new_fc_3"": 30, ""new_fc_4"": 8, ""new_fc_5"": 0, ""new_fc_6"": 15, ""new_fc_7"": 12, ""new_fc_8"": 32, ""new_fc_9"": 28, ""num_neurons"": 8, ""optimizer"": ""Adadelta"", ""reg_l2"": true, ""skip_connection"": false, ""unit_c1"": 2, ""unit_c2"": 5}"
412,230,accuracy,10000000000.0,,21.1088296,3166324440.0,35084772.0,10000000000.0,2209.8792,"{""activation"": ""elu"", ""batch_size"": 32, ""data_augmentation"": false, ""dr_f"": 0.052702984275, ""learning_rate"": 0.000455859767, ""new_fc_1"": 11, ""new_fc_10"": 18, ""new_fc_2"": 2, ""new_fc_3"": 6, ""new_fc_4"": 3, ""new_fc_5"": 11, ""new_fc_6"": 13, ""new_fc_7"": 19, ""new_fc_8"": 18, ""new_fc_9"": 29, ""num_neurons"": 64, ""optimizer"": ""Adam"", ""reg_l2"": true, ""skip_connection"": true, ""unit_c1"": 4, ""unit_c2"": 8}"
413,230,flops,,,0.01057696,1586544.0,52516.0,,2211.5075,"{""activation"": ""selu"", ""batch_size"": 64, ""data_augmentation"": false, ""dr_f"": 0.330966650424, ""learning_rate"": 0.000525748634, ""new_fc_1"": 6, ""new_fc_10"": 2, ""new_fc_2"": 28, ""new_fc_3"": 19, ""new_fc_4"": 4, ""new_fc_5"": 5, ""new_fc_6"": 14, ""new_fc_7"": 21, ""new_fc_8"": 20, ""new_fc_9"": 15, ""num_neurons"": 4, ""optimizer"": ""Adadelta"", ""reg_l2"": true, ""skip_connection"": true, ""unit_c1"": 1, ""unit_c2"": 3}"
414,231,accuracy,0.9900000002235174,0.009999999776482582,0.21827770666666665,32741656.0,1214276.0,-0.24151668784353778,2957.5507,"{""activation"": ""swish"", ""batch_size"": 8, ""data_augmentation"": true, ""dr_f"": 0.12095257416, ""learning_rate"": 0.000945887606, ""new_fc_1"": 24, ""new_fc_10"": 17, ""new_fc_2"": 3, ""new_fc_3"": 5, ""new_fc_4"": 30, ""new_fc_5"": 13, ""new_fc_6"": 3, ""new_fc_7"": 1, ""new_fc_8"": 27, ""new_fc_9"": 17, ""num_neurons"": 16, ""optimizer"": ""Adagrad"", ""reg_l2"": false, ""skip_connection"": false, ""unit_c1"": 2, ""unit_c2"": 2}"
415,232,accuracy,0.9900000002235174,0.009999999776482582,0.005492,823800.0,56224.0,-0.3053523998435378,3343.1867,"{""activation"": ""relu"", ""batch_size"": 16, ""data_augmentation"": true, ""dr_f"": 0.396589232812, ""learning_rate"": 0.000998984261, ""new_fc_1"": 20, ""new_fc_10"": 7, ""new_fc_2"": 16, ""new_fc_3"": 1, ""new_fc_4"": 26, ""new_fc_5"": 11, ""new_fc_6"": 17, ""new_fc_7"": 22, ""new_fc_8"": 26, ""new_fc_9"": 6, ""num_neurons"": 4, ""optimizer"": ""Adam"", ""reg_l2"": false, ""skip_connection"": true, ""unit_c1"": 1, ""unit_c2"": 1}"
416,233,accuracy,0.939800001680851,0.06019999831914902,0.033437706666666664,5015656.0,116232.0,-0.3321086868234043,4448.5483,"{""activation"": ""selu"", ""batch_size"": 16, ""data_augmentation"": false, ""dr_f"": 0.066172288614, ""learning_rate"": 0.000311721352, ""new_fc_1"": 5, ""new_fc_10"": 30, ""new_fc_2"": 16, ""new_fc_3"": 19, ""new_fc_4"": 17, ""new_fc_5"": 25, ""new_fc_6"": 32, ""new_fc_7"": 25, ""new_fc_8"": 30, ""new_fc_9"": 29, ""num_neurons"": 4, ""optimizer"": ""Adadelta"", ""reg_l2"": false, ""skip_connection"": true, ""unit_c1"": 3, ""unit_c2"": 3}"
417,234,accuracy,10000000000.0,,1.0641885333333334,159628280.0,3096676.0,10000000000.0,4450.2549,"{""activation"": ""elu"", ""batch_size"": 16, ""data_augmentation"": true, ""dr_f"": 0.198425702511, ""learning_rate"": 0.000957926904, ""new_fc_1"": 9, ""new_fc_10"": 6, ""new_fc_2"": 0, ""new_fc_3"": 2, ""new_fc_4"": 13, ""new_fc_5"": 5, ""new_fc_6"": 13, ""new_fc_7"": 31, ""new_fc_8"": 0, ""new_fc_9"": 14, ""num_neurons"": 32, ""optimizer"": ""Adamax"", ""reg_l2"": true, ""skip_connection"": true, ""unit_c1"": 2, ""unit_c2"": 3}"
418,235,accuracy,0.9896999998018146,0.010300000198185444,0.26175776,39263664.0,440092.0,-0.22868267213872978,4776.805,"{""activation"": ""relu"", ""batch_size"": 16, ""data_augmentation"": true, ""dr_f"": 0.283957989652, ""learning_rate"": 0.000848489512, ""new_fc_1"": 12, ""new_fc_10"": 5, ""new_fc_2"": 8, ""new_fc_3"": 9, ""new_fc_4"": 4, ""new_fc_5"": 16, ""new_fc_6"": 26, ""new_fc_7"": 24, ""new_fc_8"": 1, ""new_fc_9"": 26, ""num_neurons"": 8, ""optimizer"": ""SGD"", ""reg_l2"": true, ""skip_connection"": false, ""unit_c1"": 4, ""unit_c2"": 6}"
419,236,accuracy,10000000000.0,,20.708821066666665,3106323160.0,39686372.0,10000000000.0,4779.6577,"{""activation"": ""elu"", ""batch_size"": 64, ""data_augmentation"": false, ""dr_f"": 0.395902453951, ""learning_rate"": 0.000829446029, ""new_fc_1"": 13, ""new_fc_10"": 1, ""new_fc_2"": 29, ""new_fc_3"": 3, ""new_fc_4"": 7, ""new_fc_5"": 27, ""new_fc_6"": 31, ""new_fc_7"": 2, ""new_fc_8"": 27, ""new_fc_9"": 14, ""num_neurons"": 64, ""optimizer"": ""Adam"", ""reg_l2"": true, ""skip_connection"": false, ""unit_c1"": 4, ""unit_c2"": 8}"
420,237,accuracy,10000000000.0,,5.29141712,793712568.0,7628484.0,10000000000.0,4781.6276,"{""activation"": ""selu"", ""batch_size"": 32, ""data_augmentation"": true, ""dr_f"": 0.354644274933, ""learning_rate"": 0.000257977679, ""new_fc_1"": 9, ""new_fc_10"": 5, ""new_fc_2"": 11, ""new_fc_3"": 9, ""new_fc_4"": 3, ""new_fc_5"": 12, ""new_fc_6"": 21, ""new_fc_7"": 25, ""new_fc_8"": 13, ""new_fc_9"": 23, ""num_neurons"": 32, ""optimizer"": ""Adamax"", ""reg_l2"": true, ""skip_connection"": true, ""unit_c1"": 4, ""unit_c2"": 8}"
421,237,flops,,,0.040924133333333335,6138620.0,60848.0,,4784.9088,"{""activation"": ""elu"", ""batch_size"": 64, ""data_augmentation"": false, ""dr_f"": 0.105014301377, ""learning_rate"": 0.000890028814, ""new_fc_1"": 19, ""new_fc_10"": 9, ""new_fc_2"": 20, ""new_fc_3"": 21, ""new_fc_4"": 6, ""new_fc_5"": 28, ""new_fc_6"": 12, ""new_fc_7"": 31, ""new_fc_8"": 2, ""new_fc_9"": 21, ""num_neurons"": 4, ""optimizer"": ""Adadelta"", ""reg_l2"": false, ""skip_connection"": false, ""unit_c1"": 4, ""unit_c2"": 1}"
422,238,accuracy,0.991100000217557,0.008899999782443047,0.029104533333333335,4365680.0,404084.0,-0.29749863984771013,5170.7159,"{""activation"": ""relu"", ""batch_size"": 16, ""data_augmentation"": true, ""dr_f"": 0.420811957266, ""learning_rate"": 0.000375897679, ""new_fc_1"": 18, ""new_fc_10"": 16, ""new_fc_2"": 18, ""new_fc_3"": 7, ""new_fc_4"": 13, ""new_fc_5"": 17, ""new_fc_6"": 31, ""new_fc_7"": 25, ""new_fc_8"": 25, ""new_fc_9"": 25, ""num_neurons"": 8, ""optimizer"": ""Adadelta"", ""reg_l2"": true, ""skip_connection"": true, ""unit_c1"": 1, ""unit_c2"": 2}"
423,239,accuracy,0.9900000002235174,0.009999999776482582,0.8836694933333333,132550424.0,7605220.0,-0.041899151843537805,5496.8592,"{""activation"": ""selu"", ""batch_size"": 32, ""data_augmentation"": true, ""dr_f"": 0.2622964893, ""learning_rate"": 0.000920102781, ""new_fc_1"": 32, ""new_fc_10"": 12, ""new_fc_2"": 6, ""new_fc_3"": 19, ""new_fc_4"": 29, ""new_fc_5"": 4, ""new_fc_6"": 18, ""new_fc_7"": 18, ""new_fc_8"": 32, ""new_fc_9"": 28, ""num_neurons"": 32, ""optimizer"": ""Adam"", ""reg_l2"": false, ""skip_connection"": true, ""unit_c1"": 2, ""unit_c2"": 2}"
424,240,accuracy,0.9552000015974045,0.04479999840259552,0.11953456,17930184.0,747228.0,-0.29549963088181685,6722.2837,"{""activation"": ""elu"", ""batch_size"": 8, ""data_augmentation"": true, ""dr_f"": 0.103966192761, ""learning_rate"": 0.000344284553, ""new_fc_1"": 25, ""new_fc_10"": 32, ""new_fc_2"": 9, ""new_fc_3"": 18, ""new_fc_4"": 18, ""new_fc_5"": 20, ""new_fc_6"": 16, ""new_fc_7"": 11, ""new_fc_8"": 20, ""new_fc_9"": 21, ""num_neurons"": 8, ""optimizer"": ""SGD"", ""reg_l2"": true, ""skip_connection"": true, ""unit_c1"": 2, ""unit_c2"": 5}"
425,241,accuracy,10000000000.0,,8.293467893333334,1244020184.0,13702308.0,10000000000.0,6724.5871,"{""activation"": ""relu"", ""batch_size"": 32, ""data_augmentation"": false, ""dr_f"": 0.122195440071, ""learning_rate"": 0.000346009503, ""new_fc_1"": 6, ""new_fc_10"": 7, ""new_fc_2"": 6, ""new_fc_3"": 11, ""new_fc_4"": 12, ""new_fc_5"": 19, ""new_fc_6"": 32, ""new_fc_7"": 8, ""new_fc_8"": 1, ""new_fc_9"": 16, ""num_neurons"": 64, ""optimizer"": ""Adamax"", ""reg_l2"": true, ""skip_connection"": false, ""unit_c1"": 3, ""unit_c2"": 4}"
426,241,flops,,,18.820377333333333,2823056600.0,45512484.0,,6728.0118,"{""activation"": ""swish"", ""batch_size"": 32, ""data_augmentation"": false, ""dr_f"": 0.44121236862, ""learning_rate"": 0.000189786548, ""new_fc_1"": 18, ""new_fc_10"": 31, ""new_fc_2"": 20, ""new_fc_3"": 29, ""new_fc_4"": 5, ""new_fc_5"": 13, ""new_fc_6"": 4, ""new_fc_7"": 19, ""new_fc_8"": 14, ""new_fc_9"": 13, ""num_neurons"": 64, ""optimizer"": ""Adam"", ""reg_l2"": true, ""skip_connection"": true, ""unit_c1"": 4, ""unit_c2"": 7}"
427,241,flops,,,0.020602506666666666,3090376.0,392812.0,,6729.617,"{""activation"": ""elu"", ""batch_size"": 64, ""data_augmentation"": true, ""dr_f"": 0.473355943746, ""learning_rate"": 0.000528778837, ""new_fc_1"": 23, ""new_fc_10"": 22, ""new_fc_2"": 31, ""new_fc_3"": 26, ""new_fc_4"": 6, ""new_fc_5"": 25, ""new_fc_6"": 17, ""new_fc_7"": 24, ""new_fc_8"": 22, ""new_fc_9"": 26, ""num_neurons"": 8, ""optimizer"": ""SGD"", ""reg_l2"": true, ""skip_connection"": true, ""unit_c1"": 1, ""unit_c2"": 1}"
428,241,flops,,,0.016386613333333334,2457992.0,187992.0,,6731.5502,"{""activation"": ""elu"", ""batch_size"": 32, ""data_augmentation"": true, ""dr_f"": 0.339878297419, ""learning_rate"": 0.00055093421, ""new_fc_1"": 29, ""new_fc_10"": 3, ""new_fc_2"": 23, ""new_fc_3"": 28, ""new_fc_4"": 12, ""new_fc_5"": 28, ""new_fc_6"": 29, ""new_fc_7"": 19, ""new_fc_8"": 32, ""new_fc_9"": 1, ""num_neurons"": 4, ""optimizer"": ""Adamax"", ""reg_l2"": true, ""skip_connection"": true, ""unit_c1"": 1, ""unit_c2"": 4}"
429,242,accuracy,0.7285000085830688,0.27149999141693115,0.31189248,46783872.0,1098228.0,-0.3964822499918518,8977.3091,"{""activation"": ""selu"", ""batch_size"": 8, ""data_augmentation"": true, ""dr_f"": 0.079604589802, ""learning_rate"": 0.000483514923, ""new_fc_1"": 29, ""new_fc_10"": 17, ""new_fc_2"": 5, ""new_fc_3"": 7, ""new_fc_4"": 22, ""new_fc_5"": 26, ""new_fc_6"": 23, ""new_fc_7"": 11, ""new_fc_8"": 24, ""new_fc_9"": 25, ""num_neurons"": 8, ""optimizer"": ""Adagrad"", ""reg_l2"": false, ""skip_connection"": true, ""unit_c1"": 4, ""unit_c2"": 7}"
430,243,accuracy,0.9900000002235174,0.009999999776482582,0.09249504,13874256.0,289524.0,-0.2792514878435378,9243.2248,"{""activation"": ""swish"", ""batch_size"": 32, ""data_augmentation"": false, ""dr_f"": 0.318621713651, ""learning_rate"": 0.000965795577, ""new_fc_1"": 31, ""new_fc_10"": 1, ""new_fc_2"": 32, ""new_fc_3"": 12, ""new_fc_4"": 20, ""new_fc_5"": 26, ""new_fc_6"": 1, ""new_fc_7"": 9, ""new_fc_8"": 7, ""new_fc_9"": 18, ""num_neurons"": 8, ""optimizer"": ""Adam"", ""reg_l2"": true, ""skip_connection"": false, ""unit_c1"": 3, ""unit_c2"": 1}"
431,243,flops,,,0.09183533333333334,13775300.0,322784.0,,9244.9139,"{""activation"": ""elu"", ""batch_size"": 16, ""data_augmentation"": true, ""dr_f"": 0.332598604538, ""learning_rate"": 0.000867558376, ""new_fc_1"": 32, ""new_fc_10"": 23, ""new_fc_2"": 8, ""new_fc_3"": 0, ""new_fc_4"": 19, ""new_fc_5"": 8, ""new_fc_6"": 28, ""new_fc_7"": 11, ""new_fc_8"": 29, ""new_fc_9"": 13, ""num_neurons"": 4, ""optimizer"": ""Adamax"", ""reg_l2"": false, ""skip_connection"": true, ""unit_c1"": 4, ""unit_c2"": 8}"
432,244,accuracy,0.9900000002235174,0.009999999776482582,0.10634170666666666,15951256.0,1411732.0,-0.2750974878435378,9390.4945,"{""activation"": ""selu"", ""batch_size"": 64, ""data_augmentation"": true, ""dr_f"": 0.304235187658, ""learning_rate"": 0.000432135025, ""new_fc_1"": 23, ""new_fc_10"": 2, ""new_fc_2"": 18, ""new_fc_3"": 12, ""new_fc_4"": 18, ""new_fc_5"": 20, ""new_fc_6"": 1, ""new_fc_7"": 17, ""new_fc_8"": 29, ""new_fc_9"": 24, ""num_neurons"": 16, ""optimizer"": ""Adam"", ""reg_l2"": false, ""skip_connection"": true, ""unit_c1"": 1, ""unit_c2"": 2}"
433,245,accuracy,10000000000.0,,3.3112957333333335,496694360.0,18520036.0,10000000000.0,9392.5605,"{""activation"": ""elu"", ""batch_size"": 64, ""data_augmentation"": false, ""dr_f"": 0.110238944506, ""learning_rate"": 0.000479712029, ""new_fc_1"": 25, ""new_fc_10"": 10, ""new_fc_2"": 19, ""new_fc_3"": 10, ""new_fc_4"": 20, ""new_fc_5"": 5, ""new_fc_6"": 14, ""new_fc_7"": 5, ""new_fc_8"": 10, ""new_fc_9"": 2, ""num_neurons"": 64, ""optimizer"": ""Adagrad"", ""reg_l2"": true, ""skip_connection"": false, ""unit_c1"": 2, ""unit_c2"": 2}"
434,245,flops,,,1.32074256,198111384.0,3028708.0,,9394.4211,"{""activation"": ""relu"", ""batch_size"": 32, ""data_augmentation"": true, ""dr_f"": 0.145298285766, ""learning_rate"": 0.000488183233, ""new_fc_1"": 6, ""new_fc_10"": 24, ""new_fc_2"": 9, ""new_fc_3"": 15, ""new_fc_4"": 6, ""new_fc_5"": 7, ""new_fc_6"": 9, ""new_fc_7"": 16, ""new_fc_8"": 11, ""new_fc_9"": 11, ""num_neurons"": 32, ""optimizer"": ""Adagrad"", ""reg_l2"": false, ""skip_connection"": false, ""unit_c1"": 2, ""unit_c2"": 4}"
435,246,accuracy,10000000000.0,,7.400028746666667,1110004312.0,40725412.0,10000000000.0,9397.7706,"{""activation"": ""relu"", ""batch_size"": 8, ""data_augmentation"": true, ""dr_f"": 0.38241427312, ""learning_rate"": 0.000399230219, ""new_fc_1"": 29, ""new_fc_10"": 12, ""new_fc_2"": 23, ""new_fc_3"": 28, ""new_fc_4"": 31, ""new_fc_5"": 1, ""new_fc_6"": 31, ""new_fc_7"": 23, ""new_fc_8"": 14, ""new_fc_9"": 32, ""num_neurons"": 64, ""optimizer"": ""SGD"", ""reg_l2"": true, ""skip_connection"": false, ""unit_c1"": 3, ""unit_c2"": 3}"
436,247,accuracy,0.9864999996498227,0.013500000350177288,0.017529813333333335,2629472.0,195844.0,-0.3041910562451241,9602.8572,"{""activation"": ""elu"", ""batch_size"": 32, ""data_augmentation"": true, ""dr_f"": 0.235963148925, ""learning_rate"": 0.000519457107, ""new_fc_1"": 16, ""new_fc_10"": 15, ""new_fc_2"": 17, ""new_fc_3"": 18, ""new_fc_4"": 1, ""new_fc_5"": 27, ""new_fc_6"": 24, ""new_fc_7"": 5, ""new_fc_8"": 22, ""new_fc_9"": 8, ""num_neurons"": 8, ""optimizer"": ""Adadelta"", ""reg_l2"": false, ""skip_connection"": false, ""unit_c1"": 1, ""unit_c2"": 1}"
437,248,accuracy,10000000000.0,,1.14472464,171708696.0,3302436.0,10000000000.0,9604.8724,"{""activation"": ""swish"", ""batch_size"": 16, ""data_augmentation"": false, ""dr_f"": 0.174453632663, ""learning_rate"": 0.000143417381, ""new_fc_1"": 2, ""new_fc_10"": 29, ""new_fc_2"": 24, ""new_fc_3"": 1, ""new_fc_4"": 7, ""new_fc_5"": 5, ""new_fc_6"": 21, ""new_fc_7"": 20, ""new_fc_8"": 26, ""new_fc_9"": 19, ""num_neurons"": 32, ""optimizer"": ""Adadelta"", ""reg_l2"": false, ""skip_connection"": true, ""unit_c1"": 1, ""unit_c2"": 5}"
438,249,accuracy,10000000000.0,,7.032569333333333,1054885400.0,43300004.0,10000000000.0,9608.5809,"{""activation"": ""swish"", ""batch_size"": 64, ""data_augmentation"": false, ""dr_f"": 0.292504001036, ""learning_rate"": 0.000870432684, ""new_fc_1"": 29, ""new_fc_10"": 6, ""new_fc_2"": 8, ""new_fc_3"": 11, ""new_fc_4"": 5, ""new_fc_5"": 1, ""new_fc_6"": 7, ""new_fc_7"": 13, ""new_fc_8"": 6, ""new_fc_9"": 31, ""num_neurons"": 64, ""optimizer"": ""Adadelta"", ""reg_l2"": true, ""skip_connection"": false, ""unit_c1"": 2, ""unit_c2"": 5}"
439,249,flops,,,0.16618506666666666,24927760.0,217644.0,,9610.4643,"{""activation"": ""elu"", ""batch_size"": 16, ""data_augmentation"": false, ""dr_f"": 0.169734413527, ""learning_rate"": 0.000777865634, ""new_fc_1"": 2, ""new_fc_10"": 26, ""new_fc_2"": 6, ""new_fc_3"": 29, ""new_fc_4"": 10, ""new_fc_5"": 13, ""new_fc_6"": 19, ""new_fc_7"": 5, ""new_fc_8"": 23, ""new_fc_9"": 18, ""num_neurons"": 8, ""optimizer"": ""Adadelta"", ""reg_l2"": false, ""skip_connection"": true, ""unit_c1"": 3, ""unit_c2"": 5}"
440,250,accuracy,10000000000.0,,16.24219877333333,2436329816.0,45741860.0,10000000000.0,9613.8005,"{""activation"": ""relu"", ""batch_size"": 8, ""data_augmentation"": true, ""dr_f"": 0.446019435564, ""learning_rate"": 0.000657183266, ""new_fc_1"": 15, ""new_fc_10"": 18, ""new_fc_2"": 4, ""new_fc_3"": 31, ""new_fc_4"": 30, ""new_fc_5"": 7, ""new_fc_6"": 13, ""new_fc_7"": 25, ""new_fc_8"": 20, ""new_fc_9"": 9, ""num_neurons"": 64, ""optimizer"": ""Adamax"", ""reg_l2"": false, ""skip_connection"": false, ""unit_c1"": 3, ""unit_c2"": 8}"
441,251,accuracy,0.7788999974727631,0.22110000252723694,0.09183533333333334,13775300.0,322784.0,-0.4272194017690658,1106.816,"{""activation"": ""elu"", ""batch_size"": 16, ""data_augmentation"": true, ""dr_f"": 0.332598604538, ""learning_rate"": 0.000867558376, ""new_fc_1"": 32, ""new_fc_10"": 23, ""new_fc_2"": 8, ""new_fc_3"": 0, ""new_fc_4"": 19, ""new_fc_5"": 8, ""new_fc_6"": 28, ""new_fc_7"": 11, ""new_fc_8"": 29, ""new_fc_9"": 13, ""num_neurons"": 4, ""optimizer"": ""Adamax"", ""reg_l2"": false, ""skip_connection"": true, ""unit_c1"": 4, ""unit_c2"": 8}"
442,252,accuracy,0.9856000002473593,0.014399999752640724,0.040924133333333335,6138620.0,60848.0,-0.29780275982684845,1311.9495,"{""activation"": ""elu"", ""batch_size"": 64, ""data_augmentation"": false, ""dr_f"": 0.105014301377, ""learning_rate"": 0.000890028814, ""new_fc_1"": 19, ""new_fc_10"": 9, ""new_fc_2"": 20, ""new_fc_3"": 21, ""new_fc_4"": 6, ""new_fc_5"": 28, ""new_fc_6"": 12, ""new_fc_7"": 31, ""new_fc_8"": 2, ""new_fc_9"": 21, ""num_neurons"": 4, ""optimizer"": ""Adadelta"", ""reg_l2"": false, ""skip_connection"": false, ""unit_c1"": 4, ""unit_c2"": 1}"
443,252,flops,,,10.312818933333334,1546922840.0,56466084.0,,1315.9968,"{""activation"": ""swish"", ""batch_size"": 64, ""data_augmentation"": false, ""dr_f"": 0.303099334555, ""learning_rate"": 0.000619167179, ""new_fc_1"": 21, ""new_fc_10"": 20, ""new_fc_2"": 7, ""new_fc_3"": 26, ""new_fc_4"": 4, ""new_fc_5"": 10, ""new_fc_6"": 21, ""new_fc_7"": 27, ""new_fc_8"": 12, ""new_fc_9"": 24, ""num_neurons"": 64, ""optimizer"": ""SGD"", ""reg_l2"": false, ""skip_connection"": false, ""unit_c1"": 1, ""unit_c2"": 8}"
444,253,accuracy,0.9038999974727631,0.09610000252723694,0.17691322666666667,26536984.0,874356.0,-0.31419603376906585,1702.3204,"{""activation"": ""selu"", ""batch_size"": 64, ""data_augmentation"": true, ""dr_f"": 0.211858602145, ""learning_rate"": 0.000300405113, ""new_fc_1"": 17, ""new_fc_10"": 32, ""new_fc_2"": 31, ""new_fc_3"": 30, ""new_fc_4"": 1, ""new_fc_5"": 1, ""new_fc_6"": 2, ""new_fc_7"": 27, ""new_fc_8"": 4, ""new_fc_9"": 11, ""num_neurons"": 16, ""optimizer"": ""Adam"", ""reg_l2"": true, ""skip_connection"": true, ""unit_c1"": 2, ""unit_c2"": 1}"
445,253,flops,,,0.01647176,2470764.0,82448.0,,1704.2382,"{""activation"": ""relu"", ""batch_size"": 64, ""data_augmentation"": true, ""dr_f"": 0.174076040472, ""learning_rate"": 0.000493032078, ""new_fc_1"": 18, ""new_fc_10"": 16, ""new_fc_2"": 17, ""new_fc_3"": 3, ""new_fc_4"": 21, ""new_fc_5"": 4, ""new_fc_6"": 20, ""new_fc_7"": 23, ""new_fc_8"": 16, ""new_fc_9"": 27, ""num_neurons"": 4, ""optimizer"": ""Adagrad"", ""reg_l2"": true, ""skip_connection"": true, ""unit_c1"": 2, ""unit_c2"": 2}"
446,253,flops,,,1.6101994133333333,241529912.0,7616356.0,,1706.2017,"{""activation"": ""relu"", ""batch_size"": 32, ""data_augmentation"": false, ""dr_f"": 0.149718866986, ""learning_rate"": 0.000237337219, ""new_fc_1"": 27, ""new_fc_10"": 16, ""new_fc_2"": 20, ""new_fc_3"": 20, ""new_fc_4"": 20, ""new_fc_5"": 30, ""new_fc_6"": 23, ""new_fc_7"": 7, ""new_fc_8"": 25, ""new_fc_9"": 19, ""num_neurons"": 32, ""optimizer"": ""SGD"", ""reg_l2"": true, ""skip_connection"": true, ""unit_c1"": 3, ""unit_c2"": 2}"
447,253,flops,,,0.8003814933333333,120057224.0,1190516.0,,1707.9936,"{""activation"": ""swish"", ""batch_size"": 64, ""data_augmentation"": true, ""dr_f"": 0.135626197102, ""learning_rate"": 0.000343941974, ""new_fc_1"": 8, ""new_fc_10"": 3, ""new_fc_2"": 22, ""new_fc_3"": 4, ""new_fc_4"": 30, ""new_fc_5"": 25, ""new_fc_6"": 28, ""new_fc_7"": 8, ""new_fc_8"": 7, ""new_fc_9"": 2, ""num_neurons"": 16, ""optimizer"": ""Adadelta"", ""reg_l2"": true, ""skip_connection"": true, ""unit_c1"": 4, ""unit_c2"": 4}"
448,254,accuracy,10000000000.0,,3.3495935466666666,502439032.0,18767748.0,10000000000.0,1710.5062,"{""activation"": ""swish"", ""batch_size"": 64, ""data_augmentation"": false, ""dr_f"": 0.343270921326, ""learning_rate"": 0.000369806396, ""new_fc_1"": 29, ""new_fc_10"": 3, ""new_fc_2"": 28, ""new_fc_3"": 25, ""new_fc_4"": 30, ""new_fc_5"": 9, ""new_fc_6"": 3, ""new_fc_7"": 1, ""new_fc_8"": 8, ""new_fc_9"": 11, ""num_neurons"": 32, ""optimizer"": ""Adagrad"", ""reg_l2"": false, ""skip_connection"": true, ""unit_c1"": 2, ""unit_c2"": 8}"
449,255,accuracy,0.9900000002235174,0.009999999776482582,0.016386613333333334,2457992.0,187992.0,-0.30208401584353783,1916.0486,"{""activation"": ""elu"", ""batch_size"": 32, ""data_augmentation"": true, ""dr_f"": 0.339878297419, ""learning_rate"": 0.00055093421, ""new_fc_1"": 29, ""new_fc_10"": 3, ""new_fc_2"": 23, ""new_fc_3"": 28, ""new_fc_4"": 12, ""new_fc_5"": 28, ""new_fc_6"": 29, ""new_fc_7"": 19, ""new_fc_8"": 32, ""new_fc_9"": 1, ""num_neurons"": 4, ""optimizer"": ""Adamax"", ""reg_l2"": true, ""skip_connection"": true, ""unit_c1"": 1, ""unit_c2"": 4}"
450,255,flops,,,0.05652256,8478384.0,235020.0,,1917.6745,"{""activation"": ""elu"", ""batch_size"": 32, ""data_augmentation"": true, ""dr_f"": 0.486404206769, ""learning_rate"": 0.000317716062, ""new_fc_1"": 5, ""new_fc_10"": 19, ""new_fc_2"": 9, ""new_fc_3"": 9, ""new_fc_4"": 32, ""new_fc_5"": 23, ""new_fc_6"": 17, ""new_fc_7"": 12, ""new_fc_8"": 11, ""new_fc_9"": 26, ""num_neurons"": 8, ""optimizer"": ""Adam"", ""reg_l2"": false, ""skip_connection"": false, ""unit_c1"": 2, ""unit_c2"": 2}"
451,256,accuracy,10000000000.0,,14.347739466666667,2152160920.0,19379428.0,10000000000.0,1920.2596,"{""activation"": ""swish"", ""batch_size"": 16, ""data_augmentation"": false, ""dr_f"": 0.258897266866, ""learning_rate"": 0.000715949949, ""new_fc_1"": 0, ""new_fc_10"": 11, ""new_fc_2"": 7, ""new_fc_3"": 2, ""new_fc_4"": 10, ""new_fc_5"": 27, ""new_fc_6"": 30, ""new_fc_7"": 23, ""new_fc_8"": 3, ""new_fc_9"": 2, ""num_neurons"": 64, ""optimizer"": ""Adadelta"", ""reg_l2"": true, ""skip_connection"": true, ""unit_c1"": 4, ""unit_c2"": 5}"
452,256,flops,,,0.4079228266666667,61188424.0,2493412.0,,1922.1003,"{""activation"": ""swish"", ""batch_size"": 64, ""data_augmentation"": true, ""dr_f"": 0.144792991053, ""learning_rate"": 0.000217594651, ""new_fc_1"": 19, ""new_fc_10"": 24, ""new_fc_2"": 4, ""new_fc_3"": 4, ""new_fc_4"": 21, ""new_fc_5"": 0, ""new_fc_6"": 29, ""new_fc_7"": 0, ""new_fc_8"": 16, ""new_fc_9"": 16, ""num_neurons"": 16, ""optimizer"": ""Adagrad"", ""reg_l2"": false, ""skip_connection"": true, ""unit_c1"": 1, ""unit_c2"": 6}"
453,257,accuracy,0.9919999996200204,0.00800000037997961,0.01057696,1586544.0,52516.0,-0.3024269122659857,2067.9328,"{""activation"": ""selu"", ""batch_size"": 64, ""data_augmentation"": false, ""dr_f"": 0.330966650424, ""learning_rate"": 0.000525748634, ""new_fc_1"": 6, ""new_fc_10"": 2, ""new_fc_2"": 28, ""new_fc_3"": 19, ""new_fc_4"": 4, ""new_fc_5"": 5, ""new_fc_6"": 14, ""new_fc_7"": 21, ""new_fc_8"": 20, ""new_fc_9"": 15, ""num_neurons"": 4, ""optimizer"": ""Adadelta"", ""reg_l2"": true, ""skip_connection"": true, ""unit_c1"": 1, ""unit_c2"": 3}"
454,257,flops,,,0.16952997333333333,25429496.0,308636.0,,2069.4957,"{""activation"": ""selu"", ""batch_size"": 8, ""data_augmentation"": false, ""dr_f"": 0.401629358745, ""learning_rate"": 0.000734099042, ""new_fc_1"": 3, ""new_fc_10"": 13, ""new_fc_2"": 7, ""new_fc_3"": 14, ""new_fc_4"": 13, ""new_fc_5"": 31, ""new_fc_6"": 21, ""new_fc_7"": 24, ""new_fc_8"": 19, ""new_fc_9"": 11, ""num_neurons"": 8, ""optimizer"": ""SGD"", ""reg_l2"": true, ""skip_connection"": true, ""unit_c1"": 2, ""unit_c2"": 7}"
455,258,accuracy,0.9867000002413988,0.013299999758601189,0.020602506666666666,3090376.0,392812.0,-0.3031292478310208,2215.1507,"{""activation"": ""elu"", ""batch_size"": 64, ""data_augmentation"": true, ""dr_f"": 0.473355943746, ""learning_rate"": 0.000528778837, ""new_fc_1"": 23, ""new_fc_10"": 22, ""new_fc_2"": 31, ""new_fc_3"": 26, ""new_fc_4"": 6, ""new_fc_5"": 25, ""new_fc_6"": 17, ""new_fc_7"": 24, ""new_fc_8"": 22, ""new_fc_9"": 26, ""num_neurons"": 8, ""optimizer"": ""SGD"", ""reg_l2"": true, ""skip_connection"": true, ""unit_c1"": 1, ""unit_c2"": 1}"
456,259,accuracy,0.6796999871730804,0.32030001282691956,0.56551856,84827784.0,2877652.0,-0.35455444097884364,3020.4656,"{""activation"": ""selu"", ""batch_size"": 32, ""data_augmentation"": false, ""dr_f"": 0.037964555766, ""learning_rate"": 0.000882754635, ""new_fc_1"": 20, ""new_fc_10"": 28, ""new_fc_2"": 29, ""new_fc_3"": 0, ""new_fc_4"": 28, ""new_fc_5"": 21, ""new_fc_6"": 2, ""new_fc_7"": 0, ""new_fc_8"": 16, ""new_fc_9"": 19, ""num_neurons"": 16, ""optimizer"": ""SGD"", ""reg_l2"": true, ""skip_connection"": true, ""unit_c1"": 2, ""unit_c2"": 6}"
457,259,flops,,,0.03611101333333333,5416652.0,114320.0,,3022.0213,"{""activation"": ""elu"", ""batch_size"": 64, ""data_augmentation"": false, ""dr_f"": 0.142633024971, ""learning_rate"": 0.000241774276, ""new_fc_1"": 6, ""new_fc_10"": 24, ""new_fc_2"": 14, ""new_fc_3"": 32, ""new_fc_4"": 32, ""new_fc_5"": 4, ""new_fc_6"": 31, ""new_fc_7"": 30, ""new_fc_8"": 6, ""new_fc_9"": 26, ""num_neurons"": 4, ""optimizer"": ""Adagrad"", ""reg_l2"": true, ""skip_connection"": false, ""unit_c1"": 2, ""unit_c2"": 6}"
458,260,accuracy,0.8743000030517578,0.1256999969482422,0.05652256,8478384.0,235020.0,-0.3710332298637695,3587.4116,"{""activation"": ""elu"", ""batch_size"": 32, ""data_augmentation"": true, ""dr_f"": 0.486404206769, ""learning_rate"": 0.000317716062, ""new_fc_1"": 5, ""new_fc_10"": 19, ""new_fc_2"": 9, ""new_fc_3"": 9, ""new_fc_4"": 32, ""new_fc_5"": 23, ""new_fc_6"": 17, ""new_fc_7"": 12, ""new_fc_8"": 11, ""new_fc_9"": 26, ""num_neurons"": 8, ""optimizer"": ""Adam"", ""reg_l2"": false, ""skip_connection"": false, ""unit_c1"": 2, ""unit_c2"": 2}"
459,260,flops,,,4.441316853333333,666197528.0,30607332.0,,3590.3339,"{""activation"": ""selu"", ""batch_size"": 64, ""data_augmentation"": true, ""dr_f"": 0.35407675659, ""learning_rate"": 0.000970810995, ""new_fc_1"": 22, ""new_fc_10"": 31, ""new_fc_2"": 23, ""new_fc_3"": 19, ""new_fc_4"": 27, ""new_fc_5"": 4, ""new_fc_6"": 0, ""new_fc_7"": 16, ""new_fc_8"": 20, ""new_fc_9"": 21, ""num_neurons"": 64, ""optimizer"": ""Adagrad"", ""reg_l2"": false, ""skip_connection"": true, ""unit_c1"": 2, ""unit_c2"": 3}"
460,260,flops,,,0.7222448533333333,108336728.0,2235524.0,,3592.2795,"{""activation"": ""elu"", ""batch_size"": 8, ""data_augmentation"": false, ""dr_f"": 0.483808173549, ""learning_rate"": 0.000380947096, ""new_fc_1"": 30, ""new_fc_10"": 26, ""new_fc_2"": 13, ""new_fc_3"": 14, ""new_fc_4"": 26, ""new_fc_5"": 18, ""new_fc_6"": 30, ""new_fc_7"": 7, ""new_fc_8"": 1, ""new_fc_9"": 11, ""num_neurons"": 16, ""optimizer"": ""Adam"", ""reg_l2"": true, ""skip_connection"": false, ""unit_c1"": 4, ""unit_c2"": 3}"
